종목명,종목코드,DART점수,Tier1발동,Tier1,호재내역,악재내역,최근공시,공시건수
CSA 코스믹,083660,-172,🚨 YES,[기재정정]주요사항보고서(전환사채권발행결정) | [기재정정]주요사항보고서(유상증자결정) | [기재정정]주요사항보고서(유상증자결정),[기재정정]주식분할결정              (+3),"[기재정정]주요사항보고서(전환사채권발행결정)(-15) | [기재정정]주요사항보고서(유상증자결정)(-15) | [기재정정]주요사항보고서(유상증자결정)(-15) | [기재정정]주요사항보고서(전환사채권발행결정)(-15) | 주권매매거래정지              (주식의 병합, 분할 등 전자등록 변경, 말소)(-30)",2026-07-15: [기재정정]주요사항보고서(전환사채권발행결정) | 2026-07-15: [기재정정]주요사항보고서(유상증자결정) | 2026-07-15: [기재정정]주요사항보고서(유상증자결정) | 2026-07-15: [기재정정]주식매수선택권부여에관한신고 | 2026-07-10: [기재정정]주요사항보고서(전환사채권발행결정),16
에이프로젠,007460,-165,🚨 YES,주요사항보고서(유상증자결정)(자회사의 주요경영사항)               | 주요사항보고서(전환사채권발행결정) | [기재정정]주요사항보고서(유상증자결정)(자회사의 주요경영사항)              (제3자배정),,주요사항보고서(유상증자결정)(자회사의 주요경영사항)              (-15) | 주요사항보고서(전환사채권발행결정)(-15) | [기재정정]주요사항보고서(유상증자결정)(자회사의 주요경영사항)              (제3자배정)(-15) | [기재정정]주요사항보고서(유상증자결정)(자회사의 주요경영사항)              (제3자배정)(-15) | [기재정정]주요사항보고서(전환사채권발행결정)(자회사의 주요경영사항)              (-15),2026-07-16: [기재정정]주식매수선택권부여에관한신고 | 2026-07-16: 주식등의대량보유상황보고서(일반) | 2026-07-14: 주요사항보고서(유상증자결정)(자회사의 주요경영사항)               | 2026-07-13: 주요사항보고서(전환사채권발행결정) | 2026-07-07: [기재정정]주요사항보고서(유상증자결정)(자회사의 주요경영사항)              (제3자배정),18
블루산업개발,006740,-150,🚨 YES,[기재정정]주요사항보고서(유상증자결정) | [기재정정]주요사항보고서(유상증자결정) | [기재정정]주요사항보고서(유상증자결정),,[기재정정]주요사항보고서(유상증자결정)(-15) | [기재정정]주요사항보고서(유상증자결정)(-15) | [기재정정]주요사항보고서(유상증자결정)(-15) | 주요사항보고서(전환사채권발행결정)(-15) | [기재정정]주요사항보고서(유상증자결정)(-15),2026-07-16: 주식등의대량보유상황보고서(일반) | 2026-07-13: [기재정정]주요사항보고서(유상증자결정) | 2026-07-13: [기재정정]주요사항보고서(유상증자결정) | 2026-07-13: [기재정정]주요사항보고서(유상증자결정) | 2026-07-08: 주요사항보고서(전환사채권발행결정),26
알엔티엑스,123010,-140,🚨 YES,[기재정정]주요사항보고서(전환사채권발행결정) | [기재정정]주요사항보고서(유상증자결정) | [기재정정]주요사항보고서(유상증자결정),,[기재정정]주요사항보고서(전환사채권발행결정)(-15) | [기재정정]주요사항보고서(유상증자결정)(-15) | [기재정정]주요사항보고서(유상증자결정)(-15) | [기재정정]주요사항보고서(전환사채권발행결정)(-15) | [기재정정]주요사항보고서(전환사채권발행결정)(-15),2026-07-16: [기재정정]주요사항보고서(전환사채권발행결정) | 2026-07-16: [기재정정]주요사항보고서(유상증자결정) | 2026-07-16: [기재정정]주요사항보고서(유상증자결정) | 2026-07-16: [기재정정]주주총회소집공고 | 2026-07-16: [기재정정]주식매수선택권부여에관한신고,22
한국유니온제약,080720,-100,🚨 YES,[기재정정]주요사항보고서(유상증자결정) | [기재정정]주요사항보고서(감자결정) | [기재정정]주요사항보고서(유상증자결정),,[기재정정]주요사항보고서(유상증자결정)(-15) | [기재정정]주요사항보고서(감자결정)(-20) | [기재정정]주요사항보고서(유상증자결정)(-15) | [기재정정]주요사항보고서(감자결정)(-20) | [기재정정]주요사항보고서(유상증자결정)(-15),2026-07-14: [기재정정]주요사항보고서(유상증자결정) | 2026-07-14: [기재정정]주요사항보고서(감자결정) | 2026-07-14: [기재정정]주요사항보고서(유상증자결정) | 2026-07-08: [기재정정]주요사항보고서(감자결정) | 2026-07-08: [기재정정]주요사항보고서(유상증자결정),8
이렘,009730,-100,🚨 YES,주권매매거래정지해제              (감자 주권 변경상장) | [기재정정]주요사항보고서(감자결정) | [기재정정]주요사항보고서(유상증자결정),,주권매매거래정지해제              (감자 주권 변경상장)(-30) | [기재정정]주요사항보고서(감자결정)(-20) | [기재정정]주요사항보고서(유상증자결정)(-15) | [기재정정]주요사항보고서(감자결정)(-20) | [기재정정]주요사항보고서(유상증자결정)(-15),2026-07-14: 주권매매거래정지해제              (감자 주권 변경상장) | 2026-07-14: [기재정정]감자완료               | 2026-07-14: [기재정정]주요사항보고서(감자결정) | 2026-07-09: [기재정정]증권신고서(지분증권) | 2026-07-09: [기재정정]주요사항보고서(유상증자결정),12
피엔티엠에스,257370,-95,🚨 YES,[기재정정]횡령ㆍ배임혐의발생               | [기재정정]횡령ㆍ배임혐의발생               | 횡령ㆍ배임혐의발생              ,[기재정정]단일판매ㆍ공급계약체결              (+5),[기재정정]횡령ㆍ배임혐의발생              (-25) | [기재정정]횡령ㆍ배임혐의발생              (-25) | 횡령ㆍ배임혐의발생              (-25) | 횡령ㆍ배임혐의발생              (-25),2026-07-10: [기재정정]횡령ㆍ배임혐의발생               | 2026-07-09: 횡령ㆍ배임혐의발생               | 2026-06-19: [기재정정]단일판매ㆍ공급계약체결              ,3
에스아이리소스,065420,-95,🚨 YES,[기재정정]주요사항보고서(유상증자결정) | 투자판단관련주요경영사항              (대표이사 및 사내이사에 대한 횡령·배임 고소 접수) | 투자판단관련주요경영사항              (대표이사 및 사내이사에 대한 횡령·배임 고소 접수),,[기재정정]주요사항보고서(유상증자결정)(-15) | 투자판단관련주요경영사항              (대표이사 및 사내이사에 대한 횡령·배임 고소 접수)(-25) | 투자판단관련주요경영사항              (대표이사 및 사내이사에 대한 횡령·배임 고소 접수)(-25) | 주권매매거래정지해제              (풍문 등 조회결과 공시)(-30),2026-07-16: [기재정정]주식병합결정              (주식병합결정(정정)) | 2026-07-16: [기재정정]증권발행결과(자율공시)               | 2026-07-16: [기재정정]주요사항보고서(유상증자결정) | 2026-07-15: 투자판단관련주요경영사항              (대표이사 및 사내이사에 대한 횡령·배임 고소 접수) | 2026-07-15: 대표이사변경              ,9
비비안,002070,-90,🚨 YES,매매거래정지및정지해제(중요내용공시)               | [기재정정]주요사항보고서(유상증자결정) | [기재정정]주요사항보고서(유상증자결정),,매매거래정지및정지해제(중요내용공시)              (-30) | [기재정정]주요사항보고서(유상증자결정)(-15) | [기재정정]주요사항보고서(유상증자결정)(-15) | 주요사항보고서(유상증자결정)(-15) | 주요사항보고서(유상증자결정)(-15),2026-07-15: 주주총회소집공고 | 2026-07-15: [기재정정]주주총회소집결의               | 2026-07-15: 주요사항보고서(무상증자결정) | 2026-07-15: 매매거래정지및정지해제(중요내용공시)               | 2026-07-15: [기재정정]주요사항보고서(유상증자결정),8
다보링크,340360,-90,🚨 YES,[기재정정]주요사항보고서(유상증자결정) | 주요사항보고서(전환사채권발행결정) | [기재정정]주요사항보고서(유상증자결정),,[기재정정]주요사항보고서(유상증자결정)(-15) | 주요사항보고서(전환사채권발행결정)(-15) | [기재정정]주요사항보고서(유상증자결정)(-15) | [기재정정]최대주주변경을수반하는주식담보제공계약체결              (-5) | [기재정정]주요사항보고서(유상증자결정)(-15),2026-07-16: [기재정정]주요사항보고서(유상증자결정) | 2026-07-16: 주요사항보고서(전환사채권발행결정) | 2026-07-14: 의결권대리행사권유참고서류 | 2026-07-13: [기재정정]소액공모공시서류(지분증권) | 2026-07-13: [기재정정]주요사항보고서(유상증자결정),22
알파AI,043100,-90,🚨 YES,주권매매거래정지기간변경              (회생절차 개시결정) | [기재정정]주요사항보고서(전환사채권발행결정) | [기재정정]주요사항보고서(전환사채권발행결정),,주권매매거래정지기간변경              (회생절차 개시결정)(-30) | [기재정정]주요사항보고서(전환사채권발행결정)(-15) | [기재정정]주요사항보고서(전환사채권발행결정)(-15) | [기재정정]주요사항보고서(전환사채권발행결정)(-15) | [기재정정]주요사항보고서(전환사채권발행결정)(-15),2026-07-03: 주권매매거래정지기간변경              (회생절차 개시결정) | 2026-07-03: 회생절차개시결정               | 2026-06-30: [기재정정]타법인주식및출자증권취득결정               | 2026-06-30: [기재정정]주요사항보고서(전환사채권발행결정) | 2026-06-30: [기재정정]주요사항보고서(전환사채권발행결정),10
이엠티,232530,-90,🚨 YES,주권매매거래정지해제              (상장폐지사유 미해당) | 기타시장안내              (사업보고서 제출 및 매매거래정지 해제 안내) | 주권매매거래정지              (사업보고서 미제출),,주권매매거래정지해제              (상장폐지사유 미해당)(-30) | 기타시장안내              (사업보고서 제출 및 매매거래정지 해제 안내)(-30) | 주권매매거래정지              (사업보고서 미제출)(-30),2026-07-10: 정기주주총회결과               | 2026-07-09: 주권매매거래정지해제              (상장폐지사유 미해당) | 2026-07-09: 기타시장안내              (사업보고서 제출 및 매매거래정지 해제 안내) | 2026-07-09: 사업보고서 (2026.03) | 2026-07-09: 감사보고서제출              ,14
케이지에이,455180,-90,🚨 YES,[기재정정]주요사항보고서(유상증자결정) | [기재정정]주요사항보고서(유상증자결정) | [기재정정]주요사항보고서(유상증자결정),,[기재정정]주요사항보고서(유상증자결정)(-15) | [기재정정]주요사항보고서(유상증자결정)(-15) | [기재정정]주요사항보고서(유상증자결정)(-15) | [기재정정]주요사항보고서(유상증자결정)(-15) | [기재정정]주요사항보고서(유상증자결정)(-15),2026-07-15: [기재정정]소액공모공시서류(지분증권) | 2026-07-15: [기재정정]소액공모공시서류(지분증권) | 2026-07-15: [기재정정]주요사항보고서(유상증자결정) | 2026-07-15: [기재정정]유상증자최종발행가액확정              (제3자배정-소액공모) | 2026-07-09: [기재정정]소액공모공시서류(지분증권),21
앱튼,270520,-90,🚨 YES,[기재정정]주요사항보고서(유상증자결정) | [기재정정]주요사항보고서(유상증자결정) | 주요사항보고서(전환사채권발행결정),,[기재정정]주요사항보고서(유상증자결정)(-15) | [기재정정]주요사항보고서(유상증자결정)(-15) | 주요사항보고서(전환사채권발행결정)(-15) | 주요사항보고서(전환사채권발행결정)(-15) | 주요사항보고서(유상증자결정)(-15),"2026-07-16: 전환가액의조정              (제6,7,8회차) | 2026-07-16: [기재정정]주식매수선택권부여에관한신고 | 2026-07-15: 증권발행결과(자율공시)              (제3자배정 유상증자) | 2026-07-10: [기재정정]주주총회소집결의              (임시주주총회) | 2026-07-07: 주식등의대량보유상황보고서(약식)",14
광명전기,017040,-80,🚨 YES,[첨부정정]주요사항보고서(감자결정) | [기재정정]주요사항보고서(감자결정) | [기재정정]주요사항보고서(감자결정),,[첨부정정]주요사항보고서(감자결정)(-20) | [기재정정]주요사항보고서(감자결정)(-20) | [기재정정]주요사항보고서(감자결정)(-20) | [기재정정]주요사항보고서(감자결정)(-20),2026-07-16: [첨부정정]주요사항보고서(감자결정) | 2026-07-16: [기재정정]주요사항보고서(감자결정) | 2026-07-16: 임시주주총회결과               | 2026-07-07: [기재정정]주요사항보고서(회생절차개시신청) | 2026-07-01: [기재정정]주요사항보고서(감자결정),11
제이스코홀딩스,023440,-80,🚨 YES,주요사항보고서(전환사채권발행결정) | [기재정정]주요사항보고서(전환사채권발행결정) | [기재정정]주요사항보고서(전환사채권발행결정),,주요사항보고서(전환사채권발행결정)(-15) | [기재정정]주요사항보고서(전환사채권발행결정)(-15) | [기재정정]주요사항보고서(전환사채권발행결정)(-15) | [기재정정]최대주주변경을수반하는주식담보제공계약체결              (-5) | 주요사항보고서(전환사채권발행결정)(-15),2026-07-14: 주요사항보고서(전환사채권발행결정) | 2026-07-14: [기재정정]주요사항보고서(전환사채권발행결정) | 2026-07-13: [기재정정]주요사항보고서(전환사채권발행결정) | 2026-07-07: 주식등의대량보유상황보고서(일반) | 2026-07-07: [기재정정]최대주주변경을수반하는주식담보제공계약체결              ,9
한양증권,001750,-75,🚨 YES,[기재정정]주요사항보고서(유상증자결정) | [첨부정정]주요사항보고서(유상증자결정) | [기재정정]주요사항보고서(유상증자결정),,[기재정정]주요사항보고서(유상증자결정)(-15) | [첨부정정]주요사항보고서(유상증자결정)(-15) | [기재정정]주요사항보고서(유상증자결정)(-15) | [첨부정정]주요사항보고서(유상증자결정)(-15) | 주요사항보고서(유상증자결정)(-15),2026-07-16: [기재정정]주요사항보고서(유상증자결정) | 2026-07-16: [첨부정정]주요사항보고서(유상증자결정) | 2026-07-16: 최대주주등소유주식변동신고서               | 2026-07-16: 주식등의대량보유상황보고서(일반) | 2026-07-15: 임원ㆍ주요주주특정증권등소유상황보고서,16
제이에스링크,127120,-75,🚨 YES,[기재정정]주요사항보고서(유상증자결정) | 주요사항보고서(유상증자결정) | [기재정정]주요사항보고서(전환사채권발행결정),,[기재정정]주요사항보고서(유상증자결정)(-15) | 주요사항보고서(유상증자결정)(-15) | [기재정정]주요사항보고서(전환사채권발행결정)(-15) | [기재정정]주요사항보고서(전환사채권발행결정)(-15) | [기재정정]주요사항보고서(전환사채권발행결정)(-15),2026-07-15: [기재정정]주요사항보고서(유상증자결정) | 2026-07-07: 기업설명회(IR)개최               | 2026-07-07: 주요사항보고서(유상증자결정) | 2026-07-01: 주식등의대량보유상황보고서(약식) | 2026-06-29: 주식등의대량보유상황보고서(일반),11
청보,013720,-70,🚨 YES,"주권매매거래정지              (주식의 병합, 분할 등 전자등록 변경, 말소) | [기재정정]주요사항보고서(감자결정) | [기재정정]주요사항보고서(감자결정)",,"주권매매거래정지              (주식의 병합, 분할 등 전자등록 변경, 말소)(-30) | [기재정정]주요사항보고서(감자결정)(-20) | [기재정정]주요사항보고서(감자결정)(-20)","2026-07-16: 감자완료               | 2026-07-08: [기재정정]조회공시요구(현저한시황변동)에대한답변(미확정)               | 2026-07-07: 주권매매거래정지              (주식의 병합, 분할 등 전자등록 변경, 말소) | 2026-07-06: [기재정정]주요사항보고서(감자결정) | 2026-07-03: [기재정정]주요사항보고서(감자결정)",10
삼부토건,001470,-70,🚨 YES,주요사항보고서(유상증자결정) | 주요사항보고서(감자결정) | 주요사항보고서(유상증자결정),[기재정정]단일판매ㆍ공급계약체결              (+5) | [기재정정]단일판매ㆍ공급계약체결              (+5) | [기재정정]단일판매ㆍ공급계약체결              (+5) | [기재정정]단일판매ㆍ공급계약체결              (+5),최대주주등소유주식변동신고서(최대주주변경시)              (-5) | 최대주주변경              (-5) | 최대주주변경              (-5) | 최대주주등소유주식변동신고서(최대주주변경시)              (-5) | 주요사항보고서(유상증자결정)(-15),2026-07-15: 임원ㆍ주요주주특정증권등소유상황보고서 | 2026-07-15: 주식등의대량보유상황보고서(약식) | 2026-07-14: 유상증자또는주식관련사채등의발행결과(자율공시)               | 2026-07-14: 최대주주등소유주식변동신고서(최대주주변경시)               | 2026-07-14: 최대주주변경              ,20
오에스피,368970,-70,🚨 YES,기타시장안내(관리종목지정우려종목)              (시가총액 200억원 미달) | [기재정정]주요사항보고서(유상증자결정) | [기재정정]주요사항보고서(유상증자결정),주요사항보고서(자기주식취득결정)(+5),기타시장안내(관리종목지정우려종목)              (시가총액 200억원 미달)(-30) | [기재정정]주요사항보고서(유상증자결정)(-15) | [기재정정]주요사항보고서(유상증자결정)(-15) | 주요사항보고서(유상증자결정)(-15),2026-07-16: 임원ㆍ주요주주특정증권등소유상황보고서 | 2026-07-16: 주식등의대량보유상황보고서(일반) | 2026-07-15: 주식등의대량보유상황보고서(약식) | 2026-07-13: 증권발행결과(자율공시)              (제3자배정 유상증자) | 2026-07-13: 주주총회소집공고,16
광진실업,026910,-65,🚨 YES,주요사항보고서(전환사채권발행결정) | 주요사항보고서(전환사채권발행결정) | 주요사항보고서(유상증자결정),,최대주주변경을수반하는주식양수도계약체결              (-5) | 주요사항보고서(전환사채권발행결정)(-15) | 주요사항보고서(전환사채권발행결정)(-15) | 주요사항보고서(유상증자결정)(-15) | 주요사항보고서(유상증자결정)(-15),2026-07-02: 최대주주변경을수반하는주식양수도계약체결               | 2026-07-02: 주요사항보고서(전환사채권발행결정) | 2026-07-02: 주요사항보고서(전환사채권발행결정) | 2026-07-02: 주주명부폐쇄기간또는기준일설정               | 2026-07-02: 주주총회소집결의              (임시주주총회),14
헝셩그룹,900270,-60,🚨 YES,주권매매거래정지              (주식병합) | [기재정정]주요사항보고서(유상증자결정) | 주요사항보고서(유상증자결정),,주권매매거래정지              (주식병합)(-30) | [기재정정]주요사항보고서(유상증자결정)(-15) | 주요사항보고서(유상증자결정)(-15),2026-07-16: 주권매매거래정지              (주식병합) | 2026-07-08: 임시주주총회결과               | 2026-06-24: [기재정정]주주총회소집공고 | 2026-06-24: [기재정정]주요사항보고서(유상증자결정) | 2026-06-24: [기재정정]주식병합결정              ,9
리가켐바이오,141080,-60,🚨 YES,[기재정정]주요사항보고서(전환사채권발행결정) | [기재정정]주요사항보고서(유상증자결정) | 주요사항보고서(유상증자결정),,[기재정정]주요사항보고서(전환사채권발행결정)(-15) | [기재정정]주요사항보고서(유상증자결정)(-15) | 주요사항보고서(유상증자결정)(-15) | 주요사항보고서(전환사채권발행결정)(-15),2026-07-16: [기재정정]주요사항보고서(전환사채권발행결정) | 2026-07-16: [기재정정]주요사항보고서(유상증자결정) | 2026-07-09: 투자판단관련주요경영사항              (LCB97 관련 마일스톤 기술료 수령) | 2026-06-30: 기업설명회(IR)개최               | 2026-06-26: 주요사항보고서(유상증자결정),6
케이피엠테크,042040,-60,🚨 YES,[기재정정]주요사항보고서(유상증자결정) | 주요사항보고서(유상증자결정) | 주권매매거래정지해제              (감자 주권 변경상장),,[기재정정]주요사항보고서(유상증자결정)(-15) | 주요사항보고서(유상증자결정)(-15) | 주권매매거래정지해제              (감자 주권 변경상장)(-30),2026-07-16: 임원ㆍ주요주주특정증권등소유상황보고서 | 2026-07-16: 주식등의대량보유상황보고서(일반) | 2026-07-16: 전환가액의조정               | 2026-07-13: 증권발행결과(자율공시)               | 2026-07-10: [기재정정]주요사항보고서(유상증자결정),10
플루토스,019570,-60,🚨 YES,"주권매매거래정지              (주식의 병합, 분할 등 전자등록 변경, 말소) | 주권매매거래정지해제              (감자 주권 변경상장)",,"주권매매거래정지              (주식의 병합, 분할 등 전자등록 변경, 말소)(-30) | 주권매매거래정지해제              (감자 주권 변경상장)(-30)","2026-07-10: 주식등의대량보유상황보고서(약식) | 2026-07-07: 전환사채(해외전환사채포함)발행후만기전사채취득               | 2026-07-06: 주권매매거래정지              (주식의 병합, 분할 등 전자등록 변경, 말소) | 2026-07-03: 주권매매거래정지해제              (감자 주권 변경상장) | 2026-07-01: 전환사채(해외전환사채포함)발행후만기전사채취득              ",8
더코디,224060,-60,🚨 YES,[기재정정]주요사항보고서(유상증자결정) | [기재정정]주요사항보고서(유상증자결정) | [기재정정]주요사항보고서(전환사채권발행결정),,[기재정정]주요사항보고서(유상증자결정)(-15) | [기재정정]주요사항보고서(유상증자결정)(-15) | [기재정정]주요사항보고서(전환사채권발행결정)(-15) | [기재정정]주요사항보고서(전환사채권발행결정)(-15),2026-07-15: [기재정정]주요사항보고서(유상증자결정) | 2026-07-15: [기재정정]주요사항보고서(유상증자결정) | 2026-07-15: [기재정정]주요사항보고서(자기전환사채매도결정) | 2026-07-15: [기재정정]주요사항보고서(전환사채권발행결정) | 2026-07-10: [기재정정]주요사항보고서(전환사채권발행결정),10
에이프로젠바이오로직스,003060,-60,🚨 YES,주요사항보고서(유상증자결정) | [기재정정]주요사항보고서(전환사채권발행결정) | [기재정정]주요사항보고서(전환사채권발행결정),,주요사항보고서(유상증자결정)(-15) | [기재정정]주요사항보고서(전환사채권발행결정)(-15) | [기재정정]주요사항보고서(전환사채권발행결정)(-15) | [기재정정]주요사항보고서(전환사채권발행결정)(-15),2026-07-14: 주요사항보고서(유상증자결정) | 2026-07-07: 주식등의대량보유상황보고서(일반) | 2026-07-01: 유상증자또는주식관련사채등의발행결과(자율공시)               | 2026-06-29: [기재정정]주요사항보고서(전환사채권발행결정) | 2026-06-24: 주식등의대량보유상황보고서(약식),8
유틸렉스,263050,-60,🚨 YES,주권매매거래정지              (투자자 보호) | 주권매매거래정지해제              (상장폐지에 따른 정리매매 개시),,주권매매거래정지              (투자자 보호)(-30) | 주권매매거래정지해제              (상장폐지에 따른 정리매매 개시)(-30),2026-07-16: 주주명부폐쇄기간또는기준일설정               | 2026-07-16: 주주총회소집결의              (임시주주총회) | 2026-07-03: 주권매매거래정지              (투자자 보호) | 2026-07-03: 기타시장안내              (정리매매 보류 관련) | 2026-07-03: 기타경영사항(자율공시)              (상장폐지결정 효력정지 등 가처분 신청),10
에이루트,096690,-60,🚨 YES,[기재정정]주요사항보고서(유상증자결정) | [기재정정]주요사항보고서(유상증자결정) | [기재정정]주요사항보고서(전환사채권발행결정),,[기재정정]주요사항보고서(유상증자결정)(-15) | [기재정정]주요사항보고서(유상증자결정)(-15) | [기재정정]주요사항보고서(전환사채권발행결정)(-15) | [기재정정]주요사항보고서(전환사채권발행결정)(-15),2026-07-16: 주식등의대량보유상황보고서(일반) | 2026-07-14: [기재정정]사업보고서 (2025.12) | 2026-07-14: [기재정정]주요사항보고서(유상증자결정) | 2026-07-14: [기재정정]주요사항보고서(유상증자결정) | 2026-07-06: 임원ㆍ주요주주특정증권등소유상황보고서,21
지슨,446840,-60,🚨 YES,"주권매매거래정지해제              (액면병합 주권 변경상장) | 주권매매거래정지              (주식의 병합, 분할 등 전자등록 변경, 말소)",,"주권매매거래정지해제              (액면병합 주권 변경상장)(-30) | 주권매매거래정지              (주식의 병합, 분할 등 전자등록 변경, 말소)(-30)",2026-07-16: 주권매매거래정지해제              (액면병합 주권 변경상장) | 2026-07-10: [기재정정]주식병합결정               | 2026-07-08: 주식등의대량보유상황보고서(약식) | 2026-07-07: 주식등의대량보유상황보고서(일반) | 2026-07-07: 임원ㆍ주요주주특정증권등소유상황보고서,23
오가닉티코스메틱,900300,-60,🚨 YES,[기재정정]주요사항보고서(유상증자결정) | 주요사항보고서(유상증자결정) | 주권매매거래정지해제              (주식병합(무액면주식) 주권 변경상장),,[기재정정]주요사항보고서(유상증자결정)(-15) | 주요사항보고서(유상증자결정)(-15) | 주권매매거래정지해제              (주식병합(무액면주식) 주권 변경상장)(-30),2026-07-08: 주식등의대량보유상황보고서(약식) | 2026-07-08: 주식등의대량보유상황보고서(약식) | 2026-07-08: 주식등의대량보유상황보고서(약식) | 2026-07-02: 주식등의대량보유상황보고서(일반) | 2026-07-02: 증권발행결과(자율공시)              (제3자배정 유상증자),8
동일기연,032960,-60,🚨 YES,"주권매매거래정지해제              (액면분할 주권 변경상장) | 주권매매거래정지              (주식의 병합, 분할 등 전자등록 변경, 말소)",,"주권매매거래정지해제              (액면분할 주권 변경상장)(-30) | 주권매매거래정지              (주식의 병합, 분할 등 전자등록 변경, 말소)(-30)","2026-07-16: 주주명부폐쇄기간또는기준일설정               | 2026-07-16: 주주총회소집결의              (임시주주총회) | 2026-07-10: 주권매매거래정지해제              (액면분할 주권 변경상장) | 2026-06-19: 주권매매거래정지              (주식의 병합, 분할 등 전자등록 변경, 말소)",4
코퍼스코리아,322780,-60,🚨 YES,[기재정정]주요사항보고서(유상증자결정) | [기재정정]주요사항보고서(유상증자결정) | 주요사항보고서(전환사채권발행결정),,[기재정정]주요사항보고서(유상증자결정)(-15) | [기재정정]주요사항보고서(유상증자결정)(-15) | 주요사항보고서(전환사채권발행결정)(-15) | 주요사항보고서(유상증자결정)(-15),2026-07-16: 주요사항보고서(소송등의제기) | 2026-07-10: 소송등의판결ㆍ결정              (신주발행금지 가처분) | 2026-07-07: [기재정정]경영권변경등에관한계약체결               | 2026-07-07: [기재정정]주요사항보고서(유상증자결정) | 2026-07-06: 주요사항보고서(소송등의제기),16
푸드나무,290720,-60,🚨 YES,[기재정정]주요사항보고서(유상증자결정) | [기재정정]주요사항보고서(유상증자결정) | 주요사항보고서(유상증자결정),,[기재정정]주요사항보고서(유상증자결정)(-15) | [기재정정]주요사항보고서(유상증자결정)(-15) | 주요사항보고서(유상증자결정)(-15) | 주요사항보고서(유상증자결정)(-15),2026-07-13: [기재정정]주요사항보고서(유상증자결정) | 2026-07-09: [기재정정]주요사항보고서(유상증자결정) | 2026-07-07: 주요사항보고서(유상증자결정) | 2026-07-02: 주요사항보고서(유상증자결정) | 2026-06-24: 전환가액의조정              (제3회차),5
인크레더블버즈,064090,-60,🚨 YES,주권매매거래정지              (투자자 보호) | 주권매매거래정지해제              (상장폐지에 따른 정리매매 개시),,주권매매거래정지              (투자자 보호)(-30) | 주권매매거래정지해제              (상장폐지에 따른 정리매매 개시)(-30),2026-07-03: 기타시장안내              (정리매매 보류 관련) | 2026-07-03: 주권매매거래정지              (투자자 보호) | 2026-07-03: 기타경영사항(자율공시)              (상장폐지효력 정지 가처분 신청) | 2026-07-02: 주권매매거래정지해제              (상장폐지에 따른 정리매매 개시) | 2026-07-02: 기타시장안내              (코스닥시장위원회 개최 결과 및 상장폐지 결정 안내),5
큐라티스,348080,-60,🚨 YES,"주권매매거래정지해제              (감자 주권 변경상장) | 주권매매거래정지              (주식의 병합, 분할 등 전자등록 변경, 말소)",,"주권매매거래정지해제              (감자 주권 변경상장)(-30) | 주권매매거래정지              (주식의 병합, 분할 등 전자등록 변경, 말소)(-30)","2026-07-16: 주권매매거래정지해제              (감자 주권 변경상장) | 2026-07-10: 감자완료               | 2026-06-26: 주권매매거래정지              (주식의 병합, 분할 등 전자등록 변경, 말소)",3
엔젠바이오,354200,-60,🚨 YES,[기재정정]주요사항보고서(유상증자결정) | 주권매매거래정지해제              (감자 주권 변경상장) | [기재정정]주요사항보고서(유상증자결정),,[기재정정]주요사항보고서(유상증자결정)(-15) | 주권매매거래정지해제              (감자 주권 변경상장)(-30) | [기재정정]주요사항보고서(유상증자결정)(-15),2026-07-16: [기재정정]증권신고서(지분증권) | 2026-07-16: [기재정정]주요사항보고서(유상증자결정) | 2026-07-10: 임원ㆍ주요주주특정증권등거래계획보고서 | 2026-07-10: [기재정정]주식등의대량보유상황보고서(일반) | 2026-07-10: [기재정정]임원ㆍ주요주주특정증권등소유상황보고서,11
주성코퍼레이션,109070,-60,🚨 YES,주요사항보고서(유상증자결정) | 주요사항보고서(전환사채권발행결정) | 매매거래정지및정지해제(중요내용공시)              ,,주요사항보고서(유상증자결정)(-15) | 주요사항보고서(전환사채권발행결정)(-15) | 매매거래정지및정지해제(중요내용공시)              (-30),2026-07-09: [기재정정]주주총회소집결의               | 2026-07-09: 주요사항보고서(유상증자결정) | 2026-07-09: 주요사항보고서(전환사채권발행결정) | 2026-07-09: 주식병합결정              (주식병합 결정) | 2026-07-09: 주요사항보고서(영업양수결정),8
파이온엑스,900100,-60,🚨 YES,[기재정정]주요사항보고서(전환사채권발행결정) | 주권매매거래정지해제              (액면병합 주권 변경상장) | [기재정정]주요사항보고서(전환사채권발행결정),,[기재정정]주요사항보고서(전환사채권발행결정)(-15) | 주권매매거래정지해제              (액면병합 주권 변경상장)(-30) | [기재정정]주요사항보고서(전환사채권발행결정)(-15),2026-07-15: [기재정정]주주총회소집결의              (임시주주총회) | 2026-07-03: [기재정정]주요사항보고서(전환사채권발행결정) | 2026-06-26: 기타경영사항(자율공시)              (조회공시 요구(현저한 시황변동)에 대한 답변(확정)) | 2026-06-22: 주권매매거래정지해제              (액면병합 주권 변경상장) | 2026-06-19: 임원ㆍ주요주주특정증권등소유상황보고서,7
썸에이지,208640,-60,🚨 YES,[기재정정]주요사항보고서(유상증자결정) | [기재정정]주요사항보고서(유상증자결정) | 주권매매거래정지해제              (감자 주권 변경상장),,[기재정정]주요사항보고서(유상증자결정)(-15) | [기재정정]주요사항보고서(유상증자결정)(-15) | 주권매매거래정지해제              (감자 주권 변경상장)(-30),2026-07-01: [기재정정]주요사항보고서(유상증자결정) | 2026-06-29: 권리락              (유상증자) | 2026-06-29: 투자설명서 | 2026-06-29: [발행조건확정]증권신고서(지분증권) | 2026-06-29: [기재정정]주요사항보고서(유상증자결정),12
이마트,139480,-57,🚨 YES,횡령ㆍ배임사실확인               | 횡령ㆍ배임사실확인              ,영업(잠정)실적(공정공시)              (+3),[기재정정]주요사항보고서(자기주식처분결정)(-10) | 횡령ㆍ배임사실확인              (-25) | 횡령ㆍ배임사실확인              (-25),2026-07-16: [기재정정]주요사항보고서(주식교환ㆍ이전결정) | 2026-07-16: [기재정정]주요사항보고서(자기주식처분결정) | 2026-07-13: 횡령ㆍ배임사실확인               | 2026-07-09: 영업(잠정)실적(공정공시)               | 2026-06-30: 지속가능경영보고서등관련사항(자율공시)              ,5
한울앤제주,276730,-54,🚨 YES,[기재정정]주요사항보고서(유상증자결정) | [기재정정]주요사항보고서(전환사채권발행결정) | [기재정정]주요사항보고서(전환사채권발행결정),[기재정정]주식분할결정              (+3) | 주식분할결정              (+3),[기재정정]주요사항보고서(유상증자결정)(-15) | [기재정정]주요사항보고서(전환사채권발행결정)(-15) | [기재정정]주요사항보고서(전환사채권발행결정)(-15) | [기재정정]주요사항보고서(유상증자결정)(-15),2026-07-16: 주식등의대량보유상황보고서(약식) | 2026-07-16: 사외이사의선임ㆍ해임또는중도퇴임에관한신고 | 2026-07-16: 임시주주총회결과               | 2026-07-14: [기재정정]주식분할결정               | 2026-07-10: 주식등의대량보유상황보고서(약식),20
휴엠앤씨,263920,-50,🚨 YES,횡령ㆍ배임혐의진행사항               | 횡령ㆍ배임혐의진행사항              ,,횡령ㆍ배임혐의진행사항              (-25) | 횡령ㆍ배임혐의진행사항              (-25),2026-07-03: 횡령ㆍ배임혐의진행사항              ,1
원익머트리얼즈,104830,-50,🚨 YES,횡령ㆍ배임혐의진행사항               | 횡령ㆍ배임혐의진행사항              ,,횡령ㆍ배임혐의진행사항              (-25) | 횡령ㆍ배임혐의진행사항              (-25),2026-07-10: 주식등의대량보유상황보고서(약식) | 2026-07-02: 횡령ㆍ배임혐의진행사항              ,2
KS인더스트리,101000,-50,🚨 YES,주권매매거래정지              (자본감소) | 주요사항보고서(감자결정),,주권매매거래정지              (자본감소)(-30) | 주요사항보고서(감자결정)(-20),2026-07-09: 사외이사의선임ㆍ해임또는중도퇴임에관한신고 | 2026-07-09: 임시주주총회결과               | 2026-06-25: 의결권대리행사권유참고서류 | 2026-06-24: 주주총회소집공고 | 2026-06-24: [기재정정]주주총회소집결의              (임시주주총회),8
오리엔트바이오,002630,-50,🚨 YES,주요사항보고서(감자결정) | 매매거래정지및정지해제(중요내용공시)              ,,주요사항보고서(감자결정)(-20) | 매매거래정지및정지해제(중요내용공시)              (-30),2026-07-16: 주주총회소집공고 | 2026-07-08: 주식등의대량보유상황보고서(일반) | 2026-06-29: 사외이사의선임ㆍ해임또는중도퇴임에관한신고 | 2026-06-29: 정기주주총회결과               | 2026-06-24: [기재정정]임원ㆍ주요주주특정증권등거래계획보고서,14
인바이오,352940,-50,🚨 YES,횡령ㆍ배임사실확인               | 횡령ㆍ배임사실확인              ,,횡령ㆍ배임사실확인              (-25) | 횡령ㆍ배임사실확인              (-25),2026-07-07: 임원ㆍ주요주주특정증권등소유상황보고서 | 2026-06-30: 임원ㆍ주요주주특정증권등소유상황보고서 | 2026-06-30: [기재정정]본점소재지변경               | 2026-06-30: [기재정정]임시주주총회결과               | 2026-06-30: 임원ㆍ주요주주특정증권등소유상황보고서,6
메디콕스,054180,-50,🚨 YES,횡령ㆍ배임혐의진행사항               | 횡령ㆍ배임혐의진행사항              ,,횡령ㆍ배임혐의진행사항              (-25) | 횡령ㆍ배임혐의진행사항              (-25),2026-07-16: 타인에대한채무보증결정               | 2026-07-16: 타인에대한담보제공결정               | 2026-06-30: 횡령ㆍ배임혐의진행사항              ,3
삼영이엔씨,065570,-50,🚨 YES,횡령ㆍ배임혐의진행사항               | 횡령ㆍ배임혐의진행사항              ,,횡령ㆍ배임혐의진행사항              (-25) | 횡령ㆍ배임혐의진행사항              (-25),2026-07-13: 횡령ㆍ배임혐의진행사항               | 2026-07-01: 기타시장안내              (기업심사위원회 개최 결과 및 심의속행 결정 안내),2
이브이첨단소재,131400,-50,🚨 YES,주요사항보고서(감자결정) | 주권매매거래정지              (자본감소),,주요사항보고서(감자결정)(-20) | 주권매매거래정지              (자본감소)(-30),2026-07-13: 주주명부폐쇄기간또는기준일설정               | 2026-07-13: 주주총회소집결의              (임시주주총회) | 2026-07-13: 주요사항보고서(감자결정) | 2026-07-13: 주권매매거래정지              (자본감소) | 2026-07-09: 전환사채(해외전환사채포함)발행후만기전사채취득              ,5
에이전트AI,060900,-50,🚨 YES,주요사항보고서(유상증자결정) | [기재정정]주요사항보고서(전환사채권발행결정) | 주요사항보고서(전환사채권발행결정),[기재정정]단일판매ㆍ공급계약체결              (+5) | 단일판매ㆍ공급계약체결              (+5),주요사항보고서(유상증자결정)(-15) | [기재정정]주요사항보고서(전환사채권발행결정)(-15) | 주요사항보고서(전환사채권발행결정)(-15) | [기재정정]주요사항보고서(유상증자결정)(-15),2026-07-15: 주식등의대량보유상황보고서(약식) | 2026-07-15: 주요사항보고서(유상증자결정) | 2026-07-09: 주식등의대량보유상황보고서(약식) | 2026-07-06: 주식등의대량보유상황보고서(약식) | 2026-07-03: 주주명부폐쇄기간또는기준일설정              ,14
동성제약,002210,-50,🚨 YES,횡령ㆍ배임혐의발생               | 횡령ㆍ배임혐의발생              ,,횡령ㆍ배임혐의발생              (-25) | 횡령ㆍ배임혐의발생              (-25),2026-07-15: 기타시장안내              (상장적격성 실질심사 사유 추가 관련 안내) | 2026-07-15: 불성실공시법인지정               | 2026-06-23: 기타시장안내              (기업심사위원회 속행 결정 안내) | 2026-06-23: 불성실공시법인지정예고               | 2026-06-23: 횡령ㆍ배임혐의발생              ,5
알에프세미,096610,-50,🚨 YES,횡령ㆍ배임혐의발생               | 횡령ㆍ배임혐의발생              ,,횡령ㆍ배임혐의발생              (-25) | 횡령ㆍ배임혐의발생              (-25),2026-06-19: 기타시장안내              (상장적격성 실질심사 사유 추가 관련 절차 미진행) | 2026-06-19: 횡령ㆍ배임혐의발생              ,2
국일제지,078130,-50,🚨 YES,횡령ㆍ배임혐의진행사항               | 횡령ㆍ배임혐의진행사항              ,,횡령ㆍ배임혐의진행사항              (-25) | 횡령ㆍ배임혐의진행사항              (-25),2026-07-08: 주주총회소집결의              (임시주주총회) | 2026-07-08: 주주명부폐쇄기간또는기준일설정               | 2026-06-22: 횡령ㆍ배임혐의진행사항              ,3
제테마,216080,-45,🚨 YES,[첨부정정]주요사항보고서(전환사채권발행결정) | 주요사항보고서(유상증자결정) | 주요사항보고서(전환사채권발행결정),,[첨부정정]주요사항보고서(전환사채권발행결정)(-15) | 주요사항보고서(유상증자결정)(-15) | 주요사항보고서(전환사채권발행결정)(-15),2026-07-07: [첨부정정]주요사항보고서(전환사채권발행결정) | 2026-07-03: 주식등의대량보유상황보고서(일반) | 2026-07-03: 임원ㆍ주요주주특정증권등소유상황보고서 | 2026-07-02: 투자판단관련주요경영사항              (제테마더톡신주 100단위(클로스트리디움 보툴리눔독소 A형)의 태국 (TFDA) 품목허가 획득) | 2026-07-02: [기재정정]임원ㆍ주요주주특정증권등소유상황보고서,12
퓨쳐메디신,341170,-45,🚨 YES,기타주요경영사항              (유상증자결정(제3자배정) 철회) | [기재정정]주요사항보고서(유상증자결정) | [기재정정]주요사항보고서(유상증자결정),,기타주요경영사항              (유상증자결정(제3자배정) 철회)(-15) | [기재정정]주요사항보고서(유상증자결정)(-15) | [기재정정]주요사항보고서(유상증자결정)(-15),2026-07-09: 불성실공시법인지정예고              (공시번복 2건) | 2026-07-03: 기타주요경영사항              (유상증자결정(제3자배정) 철회) | 2026-07-03: [기재정정]주요사항보고서(유상증자결정) | 2026-07-03: [기재정정]주요사항보고서(유상증자결정) | 2026-06-23: 기업설명회(IR)개최결과              ,5
한창,005110,-45,🚨 YES,[기재정정]주요사항보고서(전환사채권발행결정) | [기재정정]주요사항보고서(전환사채권발행결정) | [기재정정]주요사항보고서(유상증자결정),,[기재정정]주요사항보고서(전환사채권발행결정)(-15) | [기재정정]주요사항보고서(전환사채권발행결정)(-15) | [기재정정]주요사항보고서(유상증자결정)(-15),2026-07-13: 소송등의판결ㆍ결정(일정금액이상의청구)               | 2026-07-03: 벌금등의부과               | 2026-06-30: 소송등의판결ㆍ결정(일정금액이상의청구)               | 2026-06-30: [기재정정]주요사항보고서(전환사채권발행결정) | 2026-06-30: [기재정정]주요사항보고서(전환사채권발행결정),9
수성웹툰,084180,-45,🚨 YES,[기재정정]주요사항보고서(유상증자결정) | 기타시장안내(관리종목지정우려종목)              (시가총액 200억원 미달),,[기재정정]주요사항보고서(유상증자결정)(-15) | 기타시장안내(관리종목지정우려종목)              (시가총액 200억원 미달)(-30),2026-07-14: [기재정정]사업보고서 (2025.12) | 2026-07-13: 전환사채(해외전환사채포함)발행후만기전사채취득              (제23회차) | 2026-07-13: 전환사채(해외전환사채포함)발행후만기전사채취득              (제25회차) | 2026-07-13: 전환사채(해외전환사채포함)발행후만기전사채취득              (제24회차) | 2026-07-13: [기재정정]주요사항보고서(타법인주식및출자증권양수결정),9
아미코젠,092040,-45,🚨 YES,[기재정정]주요사항보고서(유상증자결정) | [기재정정]주요사항보고서(유상증자결정) | 주요사항보고서(유상증자결정),,[기재정정]주요사항보고서(유상증자결정)(-15) | [기재정정]주요사항보고서(유상증자결정)(-15) | 주요사항보고서(유상증자결정)(-15),2026-07-15: [기재정정]주요사항보고서(유상증자결정) | 2026-07-15: [기재정정]경영권변경등에관한계약체결               | 2026-06-30: [기재정정]신규시설투자등               | 2026-06-29: 경영권변경등에관한계약체결               | 2026-06-25: 주주명부폐쇄기간또는기준일설정              ,8
씨엑스아이,900120,-45,🚨 YES,주요사항보고서(유상증자결정) | 주권매매거래정지해제              (감자 주권 변경상장 등),,주요사항보고서(유상증자결정)(-15) | 주권매매거래정지해제              (감자 주권 변경상장 등)(-30),2026-07-16: 임원ㆍ주요주주특정증권등소유상황보고서 | 2026-07-16: 주식등의대량보유상황보고서(약식) | 2026-07-16: 임원ㆍ주요주주특정증권등소유상황보고서 | 2026-07-16: 주식등의대량보유상황보고서(약식) | 2026-07-16: 임원ㆍ주요주주특정증권등소유상황보고서,13
비트맥스,377030,-45,🚨 YES,[기재정정]주요사항보고서(유상증자결정) | 주요사항보고서(유상증자결정) | [기재정정]주요사항보고서(유상증자결정),,[기재정정]주요사항보고서(유상증자결정)(-15) | 주요사항보고서(유상증자결정)(-15) | [기재정정]주요사항보고서(유상증자결정)(-15),2026-07-07: 주식등의대량보유상황보고서(약식) | 2026-07-07: 주식등의대량보유상황보고서(약식) | 2026-07-07: [기재정정]주요사항보고서(유상증자결정) | 2026-07-07: 주요사항보고서(자기전환사채만기전취득결정) | 2026-06-29: 증권발행결과(자율공시)              (제3자배정 유상증자),8
코아스,071950,-45,🚨 YES,[기재정정]주요사항보고서(유상증자결정) | [기재정정]주요사항보고서(유상증자결정) | [기재정정]주요사항보고서(전환사채권발행결정),,[기재정정]주요사항보고서(유상증자결정)(-15) | [기재정정]주요사항보고서(유상증자결정)(-15) | [기재정정]주요사항보고서(전환사채권발행결정)(-15),2026-07-13: [기재정정]주요사항보고서(유상증자결정) | 2026-07-09: 소송등의판결ㆍ결정(일정금액이상의청구)               | 2026-06-25: [기재정정]주요사항보고서(자기전환사채매도결정) | 2026-06-25: [기재정정]주요사항보고서(자기신주인수권부사채매도결정) | 2026-06-25: [기재정정]주요사항보고서(유상증자결정),7
사토시홀딩스,223310,-45,🚨 YES,주요사항보고서(전환사채권발행결정) | [기재정정]주요사항보고서(전환사채권발행결정) | 주요사항보고서(전환사채권발행결정),,주요사항보고서(전환사채권발행결정)(-15) | [기재정정]주요사항보고서(전환사채권발행결정)(-15) | 주요사항보고서(전환사채권발행결정)(-15),2026-07-16: [기재정정]금전대여결정               | 2026-07-10: 주요사항보고서(전환사채권발행결정) | 2026-07-07: 주식등의대량보유상황보고서(약식) | 2026-06-30: 증권발행결과(자율공시)              (제13회차 CB) | 2026-06-25: 주요사항보고서(자기전환사채만기전취득결정),8
SK하이닉스,000660,-45,🚨 YES,[기재정정]주요사항보고서(유상증자결정) | [기재정정]주요사항보고서(유상증자결정) | 주요사항보고서(유상증자결정),,[기재정정]주요사항보고서(유상증자결정)(-15) | [기재정정]주요사항보고서(유상증자결정)(-15) | 주요사항보고서(유상증자결정)(-15),2026-07-16: 임원ㆍ주요주주특정증권등소유상황보고서 | 2026-07-15: 기업설명회(IR)개최(안내공시)               | 2026-07-15: 유상증자또는주식관련사채등의발행결과(자율공시)               | 2026-07-15: 증권발행실적보고서 | 2026-07-13: 주요사항보고서(해외증권시장주권등상장),28
스타코링크,060240,-45,🚨 YES,주권매매거래정지해제              (상장폐지에 따른 정리매매 개시) | [기재정정]주요사항보고서(유상증자결정),,주권매매거래정지해제              (상장폐지에 따른 정리매매 개시)(-30) | [기재정정]주요사항보고서(유상증자결정)(-15),2026-07-10: 주권매매거래정지해제              (상장폐지에 따른 정리매매 개시) | 2026-07-10: 기타시장안내              (상장폐지결정 등 효력정지 가처분 신청 기각에 따른 정리매매절차 재개) | 2026-07-09: 대출원리금연체사실발생               | 2026-06-25: [기재정정]주요사항보고서(유상증자결정),4
경남제약,053950,-45,🚨 YES,[기재정정]주요사항보고서(유상증자결정) | 주요사항보고서(유상증자결정) | [기재정정]주요사항보고서(유상증자결정),,[기재정정]주요사항보고서(유상증자결정)(-15) | 주요사항보고서(유상증자결정)(-15) | [기재정정]주요사항보고서(유상증자결정)(-15),2026-07-10: [기재정정]증권발행결과(자율공시)               | 2026-07-10: [기재정정]주요사항보고서(유상증자결정) | 2026-07-08: 임원ㆍ주요주주특정증권등소유상황보고서 | 2026-07-08: 주식등의대량보유상황보고서(일반) | 2026-07-07: 타법인주식및출자증권취득결정              ,14
SK스퀘어,402340,-45,🚨 YES,[기재정정]주요사항보고서(유상증자결정)(자회사의 주요경영사항)               | [기재정정]주요사항보고서(유상증자결정)(자회사의 주요경영사항)               | 주요사항보고서(유상증자결정)(자회사의 주요경영사항)              ,,[기재정정]주요사항보고서(유상증자결정)(자회사의 주요경영사항)              (-15) | [기재정정]주요사항보고서(유상증자결정)(자회사의 주요경영사항)              (-15) | 주요사항보고서(유상증자결정)(자회사의 주요경영사항)              (-15),2026-07-13: 주요사항보고서(해외증권시장주권등상장)(자회사의 주요경영사항)               | 2026-07-10: [기재정정]주요사항보고서(유상증자결정)(자회사의 주요경영사항)               | 2026-07-10: [기재정정]주요사항보고서(해외증권시장주권등상장결정)(자회사의 주요경영사항)               | 2026-07-10: [기재정정]증권예탁증권(DR)발행결정(자회사의 주요경영사항)               | 2026-07-06: [기재정정]주요사항보고서(유상증자결정)(자회사의 주요경영사항)              ,14
캔버스엔,210120,-45,🚨 YES,[기재정정]주요사항보고서(유상증자결정) | [기재정정]주요사항보고서(전환사채권발행결정) | [기재정정]주요사항보고서(전환사채권발행결정),,[기재정정]주요사항보고서(유상증자결정)(-15) | [기재정정]주요사항보고서(전환사채권발행결정)(-15) | [기재정정]주요사항보고서(전환사채권발행결정)(-15),2026-07-15: [기재정정]주주총회소집결의              (임시주주총회) | 2026-07-09: 소송등의판결ㆍ결정              (주주총회결의 효력정지 가처분) | 2026-07-07: [기재정정]주식병합결정               | 2026-07-03: [기재정정]주주총회소집결의              (임시주주총회) | 2026-06-30: [기재정정]주요사항보고서(유상증자결정),8
셀레믹스,331920,-45,🚨 YES,주요사항보고서(유상증자결정) | [기재정정]주요사항보고서(유상증자결정) | [기재정정]주요사항보고서(유상증자결정),,주요사항보고서(유상증자결정)(-15) | [기재정정]주요사항보고서(유상증자결정)(-15) | [기재정정]주요사항보고서(유상증자결정)(-15),2026-07-16: 임원ㆍ주요주주특정증권등소유상황보고서 | 2026-07-14: 임원ㆍ주요주주특정증권등소유상황보고서 | 2026-07-13: 사외이사의선임ㆍ해임또는중도퇴임에관한신고 | 2026-07-13: 임시주주총회결과               | 2026-07-10: 임원ㆍ주요주주특정증권등소유상황보고서,12
아이에이,038880,-45,🚨 YES,[첨부추가]주요사항보고서(전환사채권발행결정) | 주권매매거래정지해제              (감자 주권 변경상장),,[첨부추가]주요사항보고서(전환사채권발행결정)(-15) | 주권매매거래정지해제              (감자 주권 변경상장)(-30),2026-07-13: [첨부추가]주요사항보고서(전환사채권발행결정) | 2026-07-08: 임원ㆍ주요주주특정증권등소유상황보고서 | 2026-07-08: 임원ㆍ주요주주특정증권등소유상황보고서 | 2026-07-07: 임원ㆍ주요주주특정증권등소유상황보고서 | 2026-06-23: 주권매매거래정지해제              (감자 주권 변경상장),6
케이엠제약,225430,-45,🚨 YES,주요사항보고서(유상증자결정) | 기타시장안내(관리종목지정우려종목)              (시가총액 200억원 미달),,주요사항보고서(유상증자결정)(-15) | 기타시장안내(관리종목지정우려종목)              (시가총액 200억원 미달)(-30),2026-07-14: 주요사항보고서(유상증자결정) | 2026-07-08: 주식등의대량보유상황보고서(일반) | 2026-07-08: 임원ㆍ주요주주특정증권등소유상황보고서 | 2026-07-01: 기타시장안내(관리종목지정우려종목)              (시가총액 200억원 미달) | 2026-07-01: 주식등의대량보유상황보고서(일반),9
에이프릴바이오,397030,-45,🚨 YES,주요사항보고서(유상증자결정) | 주요사항보고서(유상증자결정) | 주요사항보고서(유상증자결정),,주요사항보고서(유상증자결정)(-15) | 주요사항보고서(유상증자결정)(-15) | 주요사항보고서(유상증자결정)(-15),2026-07-01: 주식등의대량보유상황보고서(일반) | 2026-06-25: [기재정정]경영권변경등에관한계약체결               | 2026-06-25: 조회공시요구(풍문또는보도)에대한답변(부인)               | 2026-06-25: 경영권변경등에관한계약체결               | 2026-06-25: 주요사항보고서(유상증자결정),8
엣지파운드리,105550,-45,🚨 YES,"[기재정정]주요사항보고서(유상증자결정) | 주권매매거래정지              (주식의 병합, 분할 등 전자등록 변경, 말소)",,"[기재정정]주요사항보고서(유상증자결정)(-15) | 주권매매거래정지              (주식의 병합, 분할 등 전자등록 변경, 말소)(-30)","2026-07-16: 증권신고서(지분증권) | 2026-07-16: [기재정정]주요사항보고서(유상증자결정) | 2026-07-15: 주권매매거래정지              (주식의 병합, 분할 등 전자등록 변경, 말소) | 2026-07-09: 주식등의대량보유상황보고서(약식) | 2026-07-07: 주식등의대량보유상황보고서(일반)",8
텔콘RF제약,200230,-45,🚨 YES,주요사항보고서(유상증자결정) | 주권매매거래정지해제              (감자 주권 변경상장),[기재정정]단일판매ㆍ공급계약체결              (+5),최대주주변경              (-5) | 주요사항보고서(유상증자결정)(-15) | 주권매매거래정지해제              (감자 주권 변경상장)(-30),2026-07-16: 주식등의대량보유상황보고서(일반) | 2026-07-16: 임원ㆍ주요주주특정증권등소유상황보고서 | 2026-07-16: 임원ㆍ주요주주특정증권등소유상황보고서 | 2026-07-16: 임원ㆍ주요주주특정증권등거래계획보고서 | 2026-07-15: 기타시장안내(최대주주의의무보유관련)              (최대주주의 의무보유 이행 관련),14
올릭스,226950,-45,🚨 YES,[기재정정]주요사항보고서(유상증자결정) | 주요사항보고서(유상증자결정) | [기재정정]주요사항보고서(유상증자결정),,[기재정정]주요사항보고서(유상증자결정)(-15) | 주요사항보고서(유상증자결정)(-15) | [기재정정]주요사항보고서(유상증자결정)(-15),2026-07-16: [기재정정]의결권대리행사권유참고서류 | 2026-07-16: [기재정정]주주총회소집공고 | 2026-07-15: 의결권대리행사권유참고서류 | 2026-07-15: 주주총회소집공고 | 2026-07-15: 주주총회소집결의              (임시주주총회),12
대진첨단소재,393970,-42,🚨 YES,[기재정정]주요사항보고서(전환사채권발행결정) | [첨부정정]주요사항보고서(전환사채권발행결정) | [기재정정]주요사항보고서(전환사채권발행결정),[기재정정]주요사항보고서(회사합병결정)(+3),[기재정정]주요사항보고서(전환사채권발행결정)(-15) | [첨부정정]주요사항보고서(전환사채권발행결정)(-15) | [기재정정]주요사항보고서(전환사채권발행결정)(-15),2026-07-15: [기재정정]주주총회소집공고 | 2026-07-14: 기타주요경영사항              (제10회차 전환사채권 발행 결정 철회) | 2026-07-14: [기재정정]주요사항보고서(전환사채권발행결정) | 2026-07-09: [첨부정정]주요사항보고서(전환사채권발행결정) | 2026-07-01: 기타시장안내              (상장폐지 관련 이의신청서 접수),9
예선테크,250930,-40,🚨 YES,"주권매매거래정지              (주식의 병합, 분할 등 전자등록 변경, 말소)",,"주권매매거래정지              (주식의 병합, 분할 등 전자등록 변경, 말소)(-30) | 주요사항보고서(자기주식처분결정)(-10)","2026-06-25: 자기주식처분결과보고서 | 2026-06-25: 주권매매거래정지              (주식의 병합, 분할 등 전자등록 변경, 말소) | 2026-06-23: 주요사항보고서(자기주식처분결정)",3
엑시온그룹,069920,-40,🚨 YES,[기재정정]주요사항보고서(유상증자결정) | [기재정정]주요사항보고서(유상증자결정),,최대주주변경              (-5) | [기재정정]주요사항보고서(유상증자결정)(-15) | [기재정정]최대주주변경을수반하는주식양수도계약체결              (-5) | [기재정정]주요사항보고서(유상증자결정)(-15),2026-07-14: 기타시장안내(최대주주의의무보유관련)               | 2026-07-14: 최대주주변경               | 2026-07-14: 증권발행결과(자율공시)              (제3자배정 유상증자) | 2026-07-03: 임원ㆍ주요주주특정증권등소유상황보고서 | 2026-07-03: [기재정정]주요사항보고서(유상증자결정),12
모아라이프플러스,142760,-40,🚨 YES,[첨부정정]주요사항보고서(전환사채권발행결정) | [기재정정]주요사항보고서(전환사채권발행결정),,[첨부정정]주요사항보고서(전환사채권발행결정)(-15) | [기재정정]최대주주변경을수반하는주식담보제공계약체결              (-5) | [기재정정]최대주주변경을수반하는주식담보제공계약체결              (-5) | [기재정정]주요사항보고서(전환사채권발행결정)(-15),2026-07-15: [첨부정정]주요사항보고서(전환사채권발행결정) | 2026-07-09: [기재정정]최대주주변경을수반하는주식담보제공계약체결               | 2026-07-09: 의결권대리행사권유참고서류 | 2026-07-09: [기재정정]주주총회소집공고 | 2026-07-09: [기재정정]주주총회소집결의              (임시주주총회),16
프리티,006490,-40,🚨 YES,주요사항보고서(감자결정) | [기재정정]주요사항보고서(유상증자결정),,주요사항보고서(감자결정)(-20) | 최대주주등소유주식변동신고서(최대주주변경시)              (-5) | [기재정정]주요사항보고서(유상증자결정)(-15),2026-07-13: 의결권대리행사권유참고서류 | 2026-07-13: 주주총회소집공고 | 2026-07-10: [기재정정]주주총회소집결의               | 2026-07-10: 주요사항보고서(감자결정) | 2026-06-29: 임원ㆍ주요주주특정증권등소유상황보고서,11
크라우드웍스,355390,-40,🚨 YES,[기재정정]주요사항보고서(전환사채권발행결정) | [첨부정정]주요사항보고서(전환사채권발행결정) | 주요사항보고서(전환사채권발행결정),단일판매ㆍ공급계약체결              (+5),[기재정정]주요사항보고서(전환사채권발행결정)(-15) | [첨부정정]주요사항보고서(전환사채권발행결정)(-15) | 주요사항보고서(전환사채권발행결정)(-15),2026-07-13: 증권발행결과(자율공시)              (제2회차 CB) | 2026-07-13: [기재정정]주요사항보고서(전환사채권발행결정) | 2026-07-07: [첨부정정]주요사항보고서(전환사채권발행결정) | 2026-07-03: 주요사항보고서(전환사채권발행결정) | 2026-07-03: 단일판매ㆍ공급계약체결              ,8
상지건설,042940,-40,🚨 YES,[기재정정]주요사항보고서(유상증자결정) | [기재정정]주요사항보고서(유상증자결정) | [기재정정]주요사항보고서(유상증자결정),[기재정정]단일판매ㆍ공급계약체결              (+5),[기재정정]주요사항보고서(유상증자결정)(-15) | [기재정정]주요사항보고서(유상증자결정)(-15) | [기재정정]주요사항보고서(유상증자결정)(-15),2026-07-16: [기재정정]주요사항보고서(유상증자결정) | 2026-07-16: 정정신고서제출요구( 2026.07.02. 제출 증권신고서(지분증권) ) | 2026-07-02: [정정제출요구][기재정정]증권신고서(지분증권) | 2026-06-25: [기재정정]주요사항보고서(유상증자결정) | 2026-06-24: [기재정정]단일판매ㆍ공급계약체결              ,7
케스피온,079190,-40,🚨 YES,"주권매매거래정지              (주식의 병합, 분할 등 전자등록 변경, 말소)",,"주요사항보고서(자기주식처분결정)(-10) | 주권매매거래정지              (주식의 병합, 분할 등 전자등록 변경, 말소)(-30)",2026-07-13: 합병등종료보고서(합병) | 2026-07-08: 주식등의대량보유상황보고서(일반) | 2026-07-08: 임원ㆍ주요주주특정증권등소유상황보고서 | 2026-07-08: 감자완료               | 2026-07-02: 주요사항보고서(자기주식처분결정),8
인콘,083640,-35,🚨 YES,[기재정정]주요사항보고서(전환사채권발행결정) | 주요사항보고서(유상증자결정),,[기재정정]주요사항보고서(전환사채권발행결정)(-15) | 최대주주변경              (-5) | 주요사항보고서(유상증자결정)(-15),2026-07-16: 주식병합결정               | 2026-07-16: [기재정정]주주총회소집결의               | 2026-07-09: [기재정정]주요사항보고서(전환사채권발행결정) | 2026-07-03: 임원ㆍ주요주주특정증권등소유상황보고서 | 2026-07-03: 임원ㆍ주요주주특정증권등소유상황보고서,11
토박스코리아,215480,-35,🚨 YES,[기재정정]주요사항보고서(유상증자결정) | 주요사항보고서(유상증자결정),,[기재정정]주요사항보고서(유상증자결정)(-15) | 최대주주변경을수반하는주식양수도계약체결              (-5) | 주요사항보고서(유상증자결정)(-15),2026-07-13: [기재정정]주요사항보고서(유상증자결정) | 2026-07-10: 소송등의판결ㆍ결정               | 2026-07-09: 주요사항보고서(자기주식취득신탁계약체결결정) | 2026-07-08: 주요사항보고서(소송등의제기) | 2026-07-08: 임원ㆍ주요주주특정증권등소유상황보고서,13
씨씨에스,066790,-35,🚨 YES,주권매매거래정지기간변경              (개선기간 부여),,주권매매거래정지기간변경              (개선기간 부여)(-30) | [기재정정]최대주주변경을수반하는주식양수도계약체결              (-5),2026-07-16: 소송등의판결ㆍ결정              (이사 해임 등 청구의 소) | 2026-07-14: [기재정정]주주총회소집결의              (임시주주총회) | 2026-07-08: 주권매매거래정지기간변경              (개선기간 부여) | 2026-07-08: 기타시장안내              (코스닥시장위원회 심의·의결 결과 및 개선기간 부여 안내) | 2026-07-07: 소송등의판결ㆍ결정              (임시주주총회 개최금지 가처분),12
DH오토웨어,025440,-35,🚨 YES,주권매매거래정지해제              (액면병합 주권 변경상장),,주권매매거래정지해제              (액면병합 주권 변경상장)(-30) | 최대주주변경을수반하는주식담보제공계약해제ㆍ취소등              (-5),2026-07-02: 주권매매거래정지해제              (액면병합 주권 변경상장) | 2026-07-01: 주식등의대량보유상황보고서(일반) | 2026-06-29: 최대주주변경을수반하는주식담보제공계약해제ㆍ취소등               | 2026-06-25: 기업설명회(IR)개최               | 2026-06-24: 임원ㆍ주요주주특정증권등소유상황보고서,8
제이에스코퍼레이션,194370,-30,🚨 YES,주요사항보고서(전환사채권발행결정) | 주요사항보고서(전환사채권발행결정),,주요사항보고서(전환사채권발행결정)(-15) | 주요사항보고서(전환사채권발행결정)(-15),2026-07-16: 주식등의대량보유상황보고서(약식) | 2026-07-06: 유상증자또는주식관련사채등의발행결과(자율공시)               | 2026-07-06: 유상증자또는주식관련사채등의발행결과(자율공시)               | 2026-06-26: 현금ㆍ현물배당결정               | 2026-06-26: 주요사항보고서(자본으로인정되는채무증권발행결정),8
디에이치엑스컴퍼니,031860,-30,🚨 YES,"주권매매거래정지기간변경              (주식의 병합, 분할 등 전자등록 변경, 말소)",,"주권매매거래정지기간변경              (주식의 병합, 분할 등 전자등록 변경, 말소)(-30)","2026-07-15: 주권매매거래정지기간변경              (주식의 병합, 분할 등 전자등록 변경, 말소) | 2026-07-10: 불성실공시법인지정예고              (공시번복) | 2026-07-08: 조회공시요구(현저한시황변동)에대한답변(미확정)               | 2026-07-07: 임시주주총회결과               | 2026-06-19: [기재정정]의결권대리행사권유참고서류",9
핀텔,291810,-30,🚨 YES,기타시장안내(관리종목지정우려종목)              (시가총액 200억원 미달),,기타시장안내(관리종목지정우려종목)              (시가총액 200억원 미달)(-30),2026-07-15: 기타시장안내(관리종목지정우려종목)              (시가총액 200억원 미달) | 2026-07-10: [기재정정]주식매수선택권부여에관한신고 | 2026-07-10: [기재정정]주식매수선택권부여에관한신고 | 2026-07-06: 조회공시요구(현저한시황변동)에대한답변(중요정보없음)              ,4
비큐AI,148780,-30,🚨 YES,"주권매매거래정지              (주식의 병합, 분할 등 전자등록 변경, 말소)",,"주권매매거래정지              (주식의 병합, 분할 등 전자등록 변경, 말소)(-30)","2026-07-08: 주권매매거래정지              (주식의 병합, 분할 등 전자등록 변경, 말소) | 2026-07-07: 임원ㆍ주요주주특정증권등거래계획보고서 | 2026-07-07: 임원ㆍ주요주주특정증권등소유상황보고서 | 2026-07-07: 주식등의대량보유상황보고서(일반) | 2026-06-29: 임시주주총회결과              ",5
금호전기,001210,-30,🚨 YES,[기재정정]주요사항보고서(전환사채권발행결정) | [기재정정]주요사항보고서(유상증자결정),,[기재정정]주요사항보고서(전환사채권발행결정)(-15) | [기재정정]주요사항보고서(유상증자결정)(-15),2026-07-08: 최대주주등소유주식변동신고서               | 2026-07-08: 주식등의대량보유상황보고서(일반) | 2026-07-08: 임원ㆍ주요주주특정증권등소유상황보고서 | 2026-07-02: 임시주주총회결과               | 2026-06-30: [기재정정]주요사항보고서(전환사채권발행결정),6
한국첨단소재,062970,-30,🚨 YES,"주권매매거래정지              (주식의 병합, 분할 등 전자등록 변경, 말소)",,"주권매매거래정지              (주식의 병합, 분할 등 전자등록 변경, 말소)(-30)","2026-07-13: 주권매매거래정지              (주식의 병합, 분할 등 전자등록 변경, 말소)",1
엔피엑스,222160,-30,🚨 YES,주권매매거래정지해제              (상장폐지에 따른 정리매매 개시),,주권매매거래정지해제              (상장폐지에 따른 정리매매 개시)(-30),2026-07-08: 주식등의대량보유상황보고서(일반) | 2026-07-08: 임원ㆍ주요주주특정증권등소유상황보고서 | 2026-06-24: 주권매매거래정지해제              (상장폐지에 따른 정리매매 개시) | 2026-06-24: 기타시장안내              (상장폐지결정 등 효력정지 가처분 신청 기각에 따른 정리매매절차 재개),4
에이팩트,200470,-30,🚨 YES,[기재정정]주요사항보고서(전환사채권발행결정),,[기재정정]주요사항보고서(전환사채권발행결정)(-15) | 최대주주변경을수반하는주식담보제공계약체결              (-5) | 최대주주변경              (-5) | [기재정정]최대주주변경을수반하는주식양수도계약체결              (-5),2026-07-16: 주주명부폐쇄기간또는기준일설정               | 2026-07-16: 주주총회소집결의              (임시주주총회) | 2026-06-29: 주식등의대량보유상황보고서(일반) | 2026-06-29: 주식등의대량보유상황보고서(일반) | 2026-06-26: 임원ㆍ주요주주특정증권등소유상황보고서,10
아난티,025980,-30,🚨 YES,[첨부정정]주요사항보고서(전환사채권발행결정) | 주요사항보고서(전환사채권발행결정),,[첨부정정]주요사항보고서(전환사채권발행결정)(-15) | 주요사항보고서(전환사채권발행결정)(-15),2026-07-14: 증권발행결과(자율공시)               | 2026-07-08: [첨부정정]주요사항보고서(전환사채권발행결정) | 2026-07-06: 주요사항보고서(전환사채권발행결정),3
디젠스,113810,-30,🚨 YES,"주권매매거래정지              (주식의 병합, 분할 등 전자등록 변경, 말소)",,"주권매매거래정지              (주식의 병합, 분할 등 전자등록 변경, 말소)(-30)",2026-07-15: 자산재평가실시결정(자율공시)               | 2026-07-08: 임원ㆍ주요주주특정증권등소유상황보고서 | 2026-07-08: 임원ㆍ주요주주특정증권등소유상황보고서 | 2026-07-08: 임원ㆍ주요주주특정증권등소유상황보고서 | 2026-07-03: 임원ㆍ주요주주특정증권등소유상황보고서,8
골드앤에스,035290,-30,🚨 YES,기타시장안내(관리종목지정우려종목)              (시가총액 200억원 미달),,기타시장안내(관리종목지정우려종목)              (시가총액 200억원 미달)(-30),2026-07-03: 기타시장안내(관리종목지정우려종목)              (시가총액 200억원 미달),1
이엔플러스,074610,-30,🚨 YES,[기재정정]주요사항보고서(전환사채권발행결정) | [기재정정]주요사항보고서(전환사채권발행결정),,[기재정정]주요사항보고서(전환사채권발행결정)(-15) | [기재정정]주요사항보고서(전환사채권발행결정)(-15),2026-07-16: 소송등의제기ㆍ신청(경영권분쟁소송)               | 2026-07-07: 주식등의대량보유상황보고서(약식) | 2026-07-03: [기재정정]주요사항보고서(전환사채권발행결정) | 2026-07-03: 불성실공시법인지정               | 2026-06-26: [기재정정]주요사항보고서(전환사채권발행결정),6
드래곤플라이,030350,-30,🚨 YES,주권매매거래정지기간변경              (개선기간 부여),,주권매매거래정지기간변경              (개선기간 부여)(-30),2026-06-25: 상장적격성실질심사관련주요개선계획(자율공시)               | 2026-06-24: 주권매매거래정지기간변경              (개선기간 부여) | 2026-06-24: 기타시장안내              (기업심사위원회 심의·의결 결과 및 개선기간 부여 안내),3
아크솔루션스,203690,-30,🚨 YES,주권매매거래정지해제              (상장폐지에 따른 정리매매 개시),,주권매매거래정지해제              (상장폐지에 따른 정리매매 개시)(-30),2026-07-10: 주식등의대량보유상황보고서(약식) | 2026-07-08: 주식등의대량보유상황보고서(약식) | 2026-06-25: 주권매매거래정지해제              (상장폐지에 따른 정리매매 개시) | 2026-06-25: 기타시장안내              (상장폐지결정 효력정지 가처분 신청 기각에 따른 정리매매절차 재개) | 2026-06-24: 타법인주식및출자증권취득결정              ,6
토비스,051360,-30,🚨 YES,"주권매매거래정지              (주식의 병합, 분할 등 전자등록 변경, 말소)",,"주권매매거래정지              (주식의 병합, 분할 등 전자등록 변경, 말소)(-30)",2026-07-10: [기재정정]증권발행실적보고서(합병등) | 2026-07-10: [기재정정]주요사항보고서(회사분할결정) | 2026-07-08: 임원ㆍ주요주주특정증권등소유상황보고서 | 2026-07-08: 임원ㆍ주요주주특정증권등소유상황보고서 | 2026-07-08: 주식등의대량보유상황보고서(일반),15
루트K,195990,-30,🚨 YES,"주권매매거래정지              (주식의 병합, 분할 등 전자등록 변경, 말소)",,"주권매매거래정지              (주식의 병합, 분할 등 전자등록 변경, 말소)(-30)","2026-07-07: 주권매매거래정지              (주식의 병합, 분할 등 전자등록 변경, 말소)",1
씨엔알리서치,359090,-30,🚨 YES,주권매매거래정지해제              (액면병합 주권 변경상장),,주권매매거래정지해제              (액면병합 주권 변경상장)(-30),2026-06-29: 주권매매거래정지해제              (액면병합 주권 변경상장),1
KNN,058400,-30,🚨 YES,"주권매매거래정지              (주식의 병합, 분할 등 전자등록 변경, 말소)",,"주권매매거래정지              (주식의 병합, 분할 등 전자등록 변경, 말소)(-30)","2026-06-30: 주권매매거래정지              (주식의 병합, 분할 등 전자등록 변경, 말소)",1
웰킵스하이텍,043590,-30,🚨 YES,기타시장안내(관리종목지정우려종목)              (시가총액 200억원 미달),,기타시장안내(관리종목지정우려종목)              (시가총액 200억원 미달)(-30),2026-07-16: 임원ㆍ주요주주특정증권등소유상황보고서 | 2026-07-14: 주식등의대량보유상황보고서(일반) | 2026-07-13: 조회공시요구(현저한시황변동)에대한답변(중요정보없음)               | 2026-07-10: 조회공시요구(현저한시황변동)               | 2026-07-06: 기타시장안내(관리종목지정우려종목)              (시가총액 200억원 미달),6
세진티에스,067770,-30,🚨 YES,기타시장안내(관리종목지정우려종목)              (시가총액 200억원 미달),,기타시장안내(관리종목지정우려종목)              (시가총액 200억원 미달)(-30),2026-07-10: 기타시장안내(관리종목지정우려종목)              (시가총액 200억원 미달) | 2026-07-01: 주요사항보고서(자기주식취득신탁계약체결결정) | 2026-06-29: [기재정정]사업보고서 (2025.12) | 2026-06-24: 주주명부폐쇄기간또는기준일설정               | 2026-06-24: 주주총회소집결의              ,5
원풍물산,008290,-30,🚨 YES,기타시장안내(관리종목지정우려종목)              (시가총액 150억원 미달),,기타시장안내(관리종목지정우려종목)              (시가총액 150억원 미달)(-30),2026-06-25: 기타시장안내(관리종목지정우려종목)              (시가총액 150억원 미달),1
한국비티비,219750,-30,🚨 YES,주권매매거래정지해제              (액면병합 주권 변경상장),,주권매매거래정지해제              (액면병합 주권 변경상장)(-30),2026-07-06: 임원ㆍ주요주주특정증권등소유상황보고서 | 2026-07-06: 임원ㆍ주요주주특정증권등소유상황보고서 | 2026-07-06: 주식등의대량보유상황보고서(일반) | 2026-06-24: 주권매매거래정지해제              (액면병합 주권 변경상장),4
애드바이오텍,179530,-30,🚨 YES,주요사항보고서(전환사채권발행결정) | [기재정정]주요사항보고서(전환사채권발행결정),,주요사항보고서(전환사채권발행결정)(-15) | [기재정정]주요사항보고서(전환사채권발행결정)(-15),2026-07-03: 합병등종료보고서(자산양수도) | 2026-07-03: 주요사항보고서(타법인주식및출자증권양수결정) | 2026-07-03: [기재정정]주요사항보고서(자기전환사채매도결정) | 2026-06-26: 주요사항보고서(전환사채권발행결정) | 2026-06-26: [기재정정]주요사항보고서(전환사채권발행결정),10
한탑,002680,-30,🚨 YES,주권매매거래정지해제              (액면병합 주권 변경상장),,주권매매거래정지해제              (액면병합 주권 변경상장)(-30),2026-07-14: [기재정정]벌금등의부과               | 2026-07-09: 주권매매거래정지해제              (액면병합 주권 변경상장) | 2026-07-07: 주식등의대량보유상황보고서(일반) | 2026-07-07: 임원ㆍ주요주주특정증권등소유상황보고서 | 2026-07-07: 임원ㆍ주요주주특정증권등소유상황보고서,6
중앙첨단소재,051980,-30,🚨 YES,[첨부정정]주요사항보고서(전환사채권발행결정) | [첨부정정]주요사항보고서(전환사채권발행결정),,[첨부정정]주요사항보고서(전환사채권발행결정)(-15) | [첨부정정]주요사항보고서(전환사채권발행결정)(-15),2026-07-07: [첨부정정]주요사항보고서(전환사채권발행결정) | 2026-07-02: 주주명부폐쇄기간또는기준일설정               | 2026-07-02: 주주총회소집결의              (임시주주총회) | 2026-06-22: [첨부정정]주요사항보고서(전환사채권발행결정),4
알테오젠,196170,-30,🚨 YES,주권매매거래정지              (무상증자),,주권매매거래정지              (무상증자)(-30),2026-07-16: 주주명부폐쇄기간또는기준일설정               | 2026-07-16: 기타주요경영사항              (유가증권시장 이전상장 추진 잠정 유보) | 2026-07-16: 주권매매거래정지              (무상증자) | 2026-07-16: 주요사항보고서(무상증자결정),4
티비씨,033830,-30,🚨 YES,주권매매거래정지해제              (액면병합 주권 변경상장),,주권매매거래정지해제              (액면병합 주권 변경상장)(-30),2026-07-10: 임원ㆍ주요주주특정증권등소유상황보고서 | 2026-07-10: 임원ㆍ주요주주특정증권등소유상황보고서 | 2026-07-10: 임원ㆍ주요주주특정증권등소유상황보고서 | 2026-07-10: 임원ㆍ주요주주특정증권등소유상황보고서 | 2026-07-10: 임원ㆍ주요주주특정증권등소유상황보고서,8
소노스퀘어,007720,-30,🚨 YES,주권매매거래정지해제              (감자 주권 변경상장),,주권매매거래정지해제              (감자 주권 변경상장)(-30),2026-07-09: 주권매매거래정지해제              (감자 주권 변경상장) | 2026-06-30: 동일인등출자계열회사와의상품ㆍ용역거래 | 2026-06-30: 감자완료               | 2026-06-26: 임원ㆍ주요주주특정증권등소유상황보고서 | 2026-06-26: 임원ㆍ주요주주특정증권등소유상황보고서,5
TS인베스트먼트,246690,-30,🚨 YES,주권매매거래정지해제              (액면병합 주권 변경상장),,주권매매거래정지해제              (액면병합 주권 변경상장)(-30),2026-07-07: 임원ㆍ주요주주특정증권등소유상황보고서 | 2026-07-07: 임원ㆍ주요주주특정증권등소유상황보고서 | 2026-07-07: 임원ㆍ주요주주특정증권등소유상황보고서 | 2026-06-29: 주권매매거래정지해제              (액면병합 주권 변경상장),4
지엘팜텍,204840,-30,🚨 YES,"주권매매거래정지              (주식의 병합, 분할 등 전자등록 변경, 말소)",,"주권매매거래정지              (주식의 병합, 분할 등 전자등록 변경, 말소)(-30)","2026-07-14: 주권매매거래정지              (주식의 병합, 분할 등 전자등록 변경, 말소) | 2026-07-06: 임시주주총회결과               | 2026-06-29: 기타경영사항(자율공시)              (소규모합병 승인 이사회 결의 결과 보고) | 2026-06-19: 의결권대리행사권유참고서류 | 2026-06-19: 주주총회소집공고",5
넥스틸,092790,-30,🚨 YES,[기재정정]주요사항보고서(전환사채권발행결정) | 주요사항보고서(전환사채권발행결정),,[기재정정]주요사항보고서(전환사채권발행결정)(-15) | 주요사항보고서(전환사채권발행결정)(-15),2026-07-02: 주식등의대량보유상황보고서(약식) | 2026-06-30: 유상증자또는주식관련사채등의발행결과(자율공시)               | 2026-06-29: [기재정정]주요사항보고서(전환사채권발행결정) | 2026-06-22: 주요사항보고서(전환사채권발행결정),4
아이윈,090150,-30,🚨 YES,"주권매매거래정지              (주식의 병합, 분할 등 전자등록 변경, 말소)",,"주권매매거래정지              (주식의 병합, 분할 등 전자등록 변경, 말소)(-30)","2026-07-16: 주권매매거래정지              (주식의 병합, 분할 등 전자등록 변경, 말소) | 2026-07-03: 임원ㆍ주요주주특정증권등소유상황보고서 | 2026-07-03: 주식등의대량보유상황보고서(일반) | 2026-06-23: 임시주주총회결과               | 2026-06-19: 임원ㆍ주요주주특정증권등소유상황보고서",5
파라택시스코리아,288330,-30,🚨 YES,주권매매거래정지기간변경              (상장폐지 사유 발생),,주권매매거래정지기간변경              (상장폐지 사유 발생)(-30),2026-07-01: 주권매매거래정지기간변경              (상장폐지 사유 발생) | 2026-07-01: 기타시장안내              (기업심사위원회 개최 결과 안내) | 2026-06-22: 투자판단관련주요경영사항              (특발성 폐섬유증 등 섬유증 치료제 후보물질의 기술도입 옵션 계약 해지특발성 폐섬유증 등 섬유증 치료제 후보물질의 기술도입 옵션 계약 해지),3
에이에프더블류,312610,-30,🚨 YES,기타시장안내(관리종목지정우려종목)              (시가총액 200억원 미달),,기타시장안내(관리종목지정우려종목)              (시가총액 200억원 미달)(-30),2026-07-08: 기타시장안내(관리종목지정우려종목)              (시가총액 200억원 미달) | 2026-07-02: 조회공시요구(현저한시황변동)에대한답변(중요정보없음)               | 2026-07-01: 조회공시요구(현저한시황변동)              ,3
대신밸런스제17호스팩,471050,-30,🚨 YES,기타시장안내(관리종목지정우려종목)              ,,기타시장안내(관리종목지정우려종목)              (-30),2026-07-09: 기타시장안내(관리종목지정우려종목)               | 2026-06-29: 주식등의대량보유상황보고서(약식),2
그래피,318060,-30,🚨 YES,주요사항보고서(전환사채권발행결정) | 주요사항보고서(유상증자결정),,주요사항보고서(전환사채권발행결정)(-15) | 주요사항보고서(유상증자결정)(-15),2026-07-13: 주요사항보고서(전환사채권발행결정) | 2026-07-13: 주요사항보고서(유상증자결정) | 2026-07-03: 조회공시요구(풍문또는보도)에대한답변(미확정)              ,3
시선AI,340810,-30,🚨 YES,[기재정정]주요사항보고서(유상증자결정) | 주요사항보고서(유상증자결정),,[기재정정]주요사항보고서(유상증자결정)(-15) | 주요사항보고서(유상증자결정)(-15),2026-07-16: [기재정정]주요사항보고서(유상증자결정) | 2026-07-03: 주요사항보고서(유상증자결정) | 2026-06-29: 타인에대한채무보증결정              ,3
인산가,277410,-30,🚨 YES,주권매매거래정지해제              (액면병합 주권 변경상장),,주권매매거래정지해제              (액면병합 주권 변경상장)(-30),2026-07-10: 주권매매거래정지해제              (액면병합 주권 변경상장) | 2026-07-07: 임원ㆍ주요주주특정증권등소유상황보고서 | 2026-07-07: 임원ㆍ주요주주특정증권등소유상황보고서 | 2026-07-07: 임원ㆍ주요주주특정증권등소유상황보고서 | 2026-07-07: [기재정정]사업보고서 (2025.12),6
대동고려삼,178600,-30,🚨 YES,[기재정정]주요사항보고서(유상증자결정) | 주요사항보고서(유상증자결정),,[기재정정]주요사항보고서(유상증자결정)(-15) | 주요사항보고서(유상증자결정)(-15),2026-07-10: 증권발행결과(자율공시)               | 2026-07-08: [기재정정]주요사항보고서(유상증자결정) | 2026-07-03: 배당락               | 2026-07-02: 주요사항보고서(유상증자결정) | 2026-06-22: 현금ㆍ현물배당을위한주주명부폐쇄(기준일)결정              ,7
부스타,008470,-30,🚨 YES,주권매매거래정지              (무상증자),,주권매매거래정지              (무상증자)(-30),2026-07-07: 주주명부폐쇄기간또는기준일설정               | 2026-07-07: 주권매매거래정지              (무상증자) | 2026-07-07: 주요사항보고서(무상증자결정) | 2026-06-24: 자기주식처분결과보고서 | 2026-06-24: 임원ㆍ주요주주특정증권등소유상황보고서,11
이오플로우,294090,-30,🚨 YES,주권매매거래정지기간변경              (상장적격성 실질심사 대상 결정),,주권매매거래정지기간변경              (상장적격성 실질심사 대상 결정)(-30),2026-06-30: 주권매매거래정지기간변경              (상장적격성 실질심사 대상 결정) | 2026-06-30: 기타시장안내              (상장적격성 실질심사 대상 결정) | 2026-06-23: 소송등의판결ㆍ결정              (영업비밀보호법(“DTSA”)에 따른 영업비밀 침해 및 특허 침해 소송),3
신라에스지,025870,-30,🚨 YES,기타시장안내(관리종목지정우려종목)              (시가총액 200억원 미달),,기타시장안내(관리종목지정우려종목)              (시가총액 200억원 미달)(-30),2026-07-16: 조회공시요구(현저한시황변동)에대한답변(중요정보없음)               | 2026-07-15: 조회공시요구(현저한시황변동)               | 2026-07-01: 기타시장안내(관리종목지정우려종목)              (시가총액 200억원 미달),3
제이케이시냅스,060230,-30,🚨 YES,주권매매거래정지해제              (액면병합 주권 변경상장),,주권매매거래정지해제              (액면병합 주권 변경상장)(-30),2026-07-10: 임원ㆍ주요주주특정증권등소유상황보고서 | 2026-07-08: 주식등의대량보유상황보고서(약식) | 2026-07-08: 전환사채(해외전환사채포함)발행후만기전사채취득              (제31회차) | 2026-07-03: 주권매매거래정지해제              (액면병합 주권 변경상장) | 2026-07-03: [기재정정]주식병합결정              ,7
프로젠,296160,-30,🚨 YES,[기재정정]주요사항보고서(전환사채권발행결정) | 주요사항보고서(전환사채권발행결정),,[기재정정]주요사항보고서(전환사채권발행결정)(-15) | 주요사항보고서(전환사채권발행결정)(-15),2026-07-16: 임원ㆍ주요주주특정증권등소유상황보고서 | 2026-07-16: 임원ㆍ주요주주특정증권등소유상황보고서 | 2026-07-16: 임원ㆍ주요주주특정증권등소유상황보고서 | 2026-07-16: 임원ㆍ주요주주특정증권등소유상황보고서 | 2026-07-16: 주식등의대량보유상황보고서(약식),18
한울반도체,320000,-30,🚨 YES,[기재정정]주요사항보고서(유상증자결정) | [기재정정]주요사항보고서(유상증자결정),,[기재정정]주요사항보고서(유상증자결정)(-15) | [기재정정]주요사항보고서(유상증자결정)(-15),2026-07-16: [기재정정]증권신고서(지분증권) | 2026-07-16: 임원ㆍ주요주주특정증권등거래계획보고서 | 2026-07-16: 임원ㆍ주요주주특정증권등거래계획철회보고서 | 2026-07-16: [기재정정]주요사항보고서(유상증자결정) | 2026-07-10: 주식등의대량보유상황보고서(약식),10
압타머사이언스,291650,-30,🚨 YES,"주권매매거래정지              (주식의 병합, 분할 등 전자등록 변경, 말소)",,"주권매매거래정지              (주식의 병합, 분할 등 전자등록 변경, 말소)(-30)","2026-07-16: 주권매매거래정지              (주식의 병합, 분할 등 전자등록 변경, 말소) | 2026-07-08: 상호변경안내               | 2026-07-08: 임시주주총회결과               | 2026-06-23: [기재정정]주주총회소집공고 | 2026-06-23: [기재정정]주주총회소집결의              ",6
메이슨캐피탈,021880,-30,🚨 YES,주권매매거래정지해제              (감자 및 액면병합 주권 변경상장),,주권매매거래정지해제              (감자 및 액면병합 주권 변경상장)(-30),2026-07-10: 임원ㆍ주요주주특정증권등소유상황보고서 | 2026-07-10: 임원ㆍ주요주주특정증권등소유상황보고서 | 2026-07-10: 임원ㆍ주요주주특정증권등소유상황보고서 | 2026-07-10: 임원ㆍ주요주주특정증권등소유상황보고서 | 2026-07-09: 임원ㆍ주요주주특정증권등소유상황보고서,9
펨토바이오메드,327610,-30,🚨 YES,주권매매거래정지기간변경              (지정자문인 계약해지),,주권매매거래정지기간변경              (지정자문인 계약해지)(-30),2026-06-26: 주권매매거래정지기간변경              (지정자문인 계약해지) | 2026-06-26: 기타시장안내              (지정자문인 계약해지) | 2026-06-26: 지정자문인선임계약의해지              ,3
진원생명과학,011000,-30,🚨 YES,매매거래정지및정지해제(풍문등조회공시)              ,,매매거래정지및정지해제(풍문등조회공시)              (-30),2026-07-16: 기타시장안내              (상장적격성 실질심사 사유 발생) | 2026-07-16: 투자판단관련주요경영사항               | 2026-07-15: 조회공시요구(풍문또는보도)               | 2026-07-15: 매매거래정지및정지해제(풍문등조회공시)               | 2026-06-29: 임원ㆍ주요주주특정증권등소유상황보고서,8
삼천리,004690,-30,🚨 YES,[기재정정]유상증자결정(종속회사의주요경영사항)               | 유상증자결정(종속회사의주요경영사항)              ,,[기재정정]유상증자결정(종속회사의주요경영사항)              (-15) | 유상증자결정(종속회사의주요경영사항)              (-15),2026-07-16: [기재정정]유상증자결정(종속회사의주요경영사항)               | 2026-07-16: 유상증자결정(종속회사의주요경영사항)               | 2026-07-08: 주식등의대량보유상황보고서(약식) | 2026-06-30: 임원ㆍ주요주주특정증권등소유상황보고서 | 2026-06-29: 최대주주등소유주식변동신고서              ,8
프롬바이오,377220,-30,🚨 YES,"주권매매거래정지              (주식의 병합, 분할 등 전자등록 변경, 말소)",,"주권매매거래정지              (주식의 병합, 분할 등 전자등록 변경, 말소)(-30)","2026-07-14: 주권매매거래정지              (주식의 병합, 분할 등 전자등록 변경, 말소) | 2026-07-06: 임시주주총회결과               | 2026-07-02: [기재정정]임원ㆍ주요주주특정증권등소유상황보고서 | 2026-07-01: 임원ㆍ주요주주특정증권등소유상황보고서 | 2026-06-19: 주주총회소집공고",5
소프트센,032680,-30,🚨 YES,기타시장안내(관리종목지정우려종목)              (소프트센 1우선주(거래량 미달)),,기타시장안내(관리종목지정우려종목)              (소프트센 1우선주(거래량 미달))(-30),2026-07-16: 전환사채(해외전환사채포함)발행후만기전사채취득              (제11회차) | 2026-07-15: 주식등의대량보유상황보고서(일반) | 2026-07-15: 임원ㆍ주요주주특정증권등소유상황보고서 | 2026-07-07: 기타시장안내              (소프트센 1우선주 관리종목 지정사유 추가 우려)(시가총액 20억원 미달) | 2026-07-06: 주식등의대량보유상황보고서(일반),7
버킷스튜디오,066410,-30,🚨 YES,주권매매거래정지기간변경              (상장폐지 사유 발생),,주권매매거래정지기간변경              (상장폐지 사유 발생)(-30),2026-07-08: 주권매매거래정지기간변경              (상장폐지 사유 발생) | 2026-07-08: 기타시장안내              (코스닥시장위원회 개최 결과 등 안내) | 2026-06-30: 사외이사의선임ㆍ해임또는중도퇴임에관한신고 | 2026-06-30: 임시주주총회결과              ,4
핑거스토리,417180,-30,🚨 YES,[기재정정]주요사항보고서(유상증자결정) | 주요사항보고서(유상증자결정),,[기재정정]주요사항보고서(유상증자결정)(-15) | 주요사항보고서(유상증자결정)(-15),2026-06-30: [기재정정]주요사항보고서(유상증자결정) | 2026-06-22: 임원ㆍ주요주주특정증권등거래계획보고서 | 2026-06-22: 주요사항보고서(유상증자결정),3
IBKS제23호스팩,467930,-30,🚨 YES,주권매매거래정지              (상장폐지 사유발생),,주권매매거래정지              (상장폐지 사유발생)(-30),2026-07-15: 기타경영사항(자율공시)              (청산 관련 주요사항 안내) | 2026-07-14: 주권매매거래정지              (상장폐지 사유발생) | 2026-07-07: 기타시장안내              (주권 상장폐지 우려 예고),3
DGI,099520,-30,🚨 YES,주권매매거래정지기간변경              (개선기간 부여),,주권매매거래정지기간변경              (개선기간 부여)(-30),2026-06-30: 상장적격성실질심사관련주요개선계획(자율공시)               | 2026-06-29: 주권매매거래정지기간변경              (개선기간 부여) | 2026-06-29: 기타시장안내              (코스닥시장위원회 심의·의결 결과 및 개선기간 부여 안내),3
큐리오시스,494120,-30,🚨 YES,주권매매거래정지              (무상증자),,주권매매거래정지              (무상증자)(-30),2026-07-14: 권리락              (무상증자) | 2026-07-07: 주식등의대량보유상황보고서(약식) | 2026-06-29: 주주명부폐쇄기간또는기준일설정               | 2026-06-29: 주요사항보고서(무상증자결정) | 2026-06-29: 주권매매거래정지              (무상증자),5
아리바이오LAB,261780,-30,🚨 YES,[첨부정정]주요사항보고서(전환사채권발행결정) | [기재정정]주요사항보고서(유상증자결정),,[첨부정정]주요사항보고서(전환사채권발행결정)(-15) | [기재정정]주요사항보고서(유상증자결정)(-15),2026-07-15: 의결권대리행사권유참고서류 | 2026-07-15: 주주총회소집공고 | 2026-07-15: [기재정정]주주총회소집결의               | 2026-06-30: [기재정정]주식매수선택권부여에관한신고 | 2026-06-30: [기재정정]주식매수선택권부여에관한신고,11
휴림에이텍,078590,-30,🚨 YES,[기재정정]주요사항보고서(유상증자결정) | [기재정정]주요사항보고서(유상증자결정),,[기재정정]주요사항보고서(유상증자결정)(-15) | [기재정정]주요사항보고서(유상증자결정)(-15),2026-07-16: 임시주주총회결과               | 2026-07-13: [기재정정]주요사항보고서(유상증자결정) | 2026-07-10: 정정신고서제출요구( 2026.06.26. 제출 증권신고서(지분증권) ) | 2026-06-30: 주주총회소집공고 | 2026-06-26: 임원ㆍ주요주주특정증권등거래계획철회보고서,7
블리츠웨이엔터테인먼트,369370,-30,🚨 YES,"주권매매거래정지              (주식의 병합, 분할 등 전자등록 변경, 말소)",,"주권매매거래정지              (주식의 병합, 분할 등 전자등록 변경, 말소)(-30)","2026-07-14: 주권매매거래정지              (주식의 병합, 분할 등 전자등록 변경, 말소) | 2026-06-19: 임시주주총회결과              ",2
위지윅스튜디오,299900,-30,🚨 YES,"주권매매거래정지              (주식의 병합, 분할 등 전자등록 변경, 말소)",,"주권매매거래정지              (주식의 병합, 분할 등 전자등록 변경, 말소)(-30)","2026-07-16: 임원ㆍ주요주주특정증권등소유상황보고서 | 2026-07-16: 주식등의대량보유상황보고서(일반) | 2026-07-07: 주권매매거래정지              (주식의 병합, 분할 등 전자등록 변경, 말소)",3
SK시그넷,260870,-30,🚨 YES,[기재정정]주요사항보고서(유상증자결정) | 주요사항보고서(유상증자결정),,[기재정정]주요사항보고서(유상증자결정)(-15) | 주요사항보고서(유상증자결정)(-15),2026-07-02: 임원ㆍ주요주주특정증권등소유상황보고서 | 2026-07-02: 주식등의대량보유상황보고서(일반) | 2026-06-29: 증권발행결과(자율공시)              (제3자배정 유상증자_우선주) | 2026-06-26: 기업설명회(IR)개최결과               | 2026-06-24: [기재정정]주요사항보고서(유상증자결정),8
다이나믹솔루션,290660,-30,🚨 YES,주권매매거래정지해제              (액면병합 주권 변경상장),,주권매매거래정지해제              (액면병합 주권 변경상장)(-30),2026-07-13: 임원ㆍ주요주주특정증권등소유상황보고서 | 2026-07-01: 임원ㆍ주요주주특정증권등소유상황보고서 | 2026-06-29: [기재정정]주식매수선택권부여에관한신고 | 2026-06-24: 주권매매거래정지해제              (액면병합 주권 변경상장),4
딥커머스,900110,-30,🚨 YES,[기재정정]주요사항보고서(유상증자결정) | 주요사항보고서(유상증자결정),,[기재정정]주요사항보고서(유상증자결정)(-15) | 주요사항보고서(유상증자결정)(-15),2026-07-16: 임원ㆍ주요주주특정증권등소유상황보고서 | 2026-07-16: 주식등의대량보유상황보고서(일반) | 2026-07-15: [기재정정]주요사항보고서(유상증자결정) | 2026-07-14: 임원ㆍ주요주주특정증권등소유상황보고서 | 2026-07-14: 주식등의대량보유상황보고서(일반),10
디모아,016670,-30,🚨 YES,기타주요경영사항              (유상증자결정(주주배정후 실권주 일반공모)철회) | [기재정정]주요사항보고서(유상증자결정),,기타주요경영사항              (유상증자결정(주주배정후 실권주 일반공모)철회)(-15) | [기재정정]주요사항보고서(유상증자결정)(-15),2026-06-25: 철회신고서 | 2026-06-25: 기타주요경영사항              (유상증자결정(주주배정후 실권주 일반공모)철회) | 2026-06-25: [기재정정]주요사항보고서(유상증자결정) | 2026-06-22: [기재정정]주주명부폐쇄기간또는기준일설정               | 2026-06-22: [기재정정]주주총회소집결의              ,5
크리스탈신소재,900250,-30,🚨 YES,주권매매거래정지해제              (액면병합 주권 변경상장),,주권매매거래정지해제              (액면병합 주권 변경상장)(-30),2026-07-10: 주식등의대량보유상황보고서(일반) | 2026-07-10: 주식등의대량보유상황보고서(일반) | 2026-06-30: [기재정정]외국지주회사의자회사편입ㆍ탈퇴               | 2026-06-30: [기재정정]타법인주식및출자증권취득결정(자율공시)(자회사의 주요경영사항)               | 2026-06-22: 주권매매거래정지해제              (액면병합 주권 변경상장),5
HS효성첨단소재,298050,-30,🚨 YES,유상증자결정(종속회사의주요경영사항)               | 유상증자결정(종속회사의주요경영사항)              ,,유상증자결정(종속회사의주요경영사항)              (-15) | 유상증자결정(종속회사의주요경영사항)              (-15),2026-07-09: 유상증자결정(종속회사의주요경영사항)               | 2026-07-09: 타법인주식및출자증권취득결정               | 2026-07-09: 유상증자결정(종속회사의주요경영사항)               | 2026-06-26: 타인에대한채무보증결정              ,4
유진테크놀로지,240600,-30,🚨 YES,주권매매거래정지              (무상증자),,주권매매거래정지              (무상증자)(-30),2026-07-13: 주주명부폐쇄기간또는기준일설정               | 2026-07-13: 주요사항보고서(무상증자결정) | 2026-07-13: 주권매매거래정지              (무상증자) | 2026-06-23: 기업설명회(IR)개최              ,4
한국피아이엠,448900,-30,🚨 YES,[기재정정]주요사항보고서(전환사채권발행결정) | 주요사항보고서(전환사채권발행결정),,[기재정정]주요사항보고서(전환사채권발행결정)(-15) | 주요사항보고서(전환사채권발행결정)(-15),2026-07-14: [기재정정]주요사항보고서(전환사채권발행결정) | 2026-07-10: 주요사항보고서(전환사채권발행결정),2
웨이버스,336060,-30,🚨 YES,"주권매매거래정지              (주식의 병합, 분할 등 전자등록 변경, 말소)",,"주권매매거래정지              (주식의 병합, 분할 등 전자등록 변경, 말소)(-30)","2026-07-08: 주권매매거래정지              (주식의 병합, 분할 등 전자등록 변경, 말소) | 2026-07-07: 주식등의대량보유상황보고서(일반) | 2026-06-29: 임시주주총회결과               | 2026-06-29: 주식등의대량보유상황보고서(일반)",4
IBKS제25호스팩,0099X0,-27,🚨 YES,주권매매거래정지              (SPAC 합병(예비심사청구대상)),주요사항보고서(회사합병결정)(+3),주권매매거래정지              (SPAC 합병(예비심사청구대상))(-30),2026-07-10: 주식등의대량보유상황보고서(약식) | 2026-06-30: 주요사항보고서(회사합병결정) | 2026-06-30: 주권매매거래정지              (SPAC 합병(예비심사청구대상)) | 2026-06-25: 주식등의대량보유상황보고서(약식),4
남성,004270,-27,🚨 YES,매매거래정지및정지해제(중요내용공시)              ,유형자산취득결정              (+3),매매거래정지및정지해제(중요내용공시)              (-30),2026-07-13: 주식등의대량보유상황보고서(약식) | 2026-07-06: 주주명부폐쇄기간또는기준일설정               | 2026-07-06: 주요사항보고서(무상증자결정) | 2026-07-06: 매매거래정지및정지해제(중요내용공시)               | 2026-06-25: 유형자산취득결정              ,6
IBKS제24호스팩,469480,-27,🚨 YES,주권매매거래정지              (SPAC 합병(예비심사청구대상)),주요사항보고서(회사합병결정)(+3),주권매매거래정지              (SPAC 합병(예비심사청구대상))(-30),2026-06-19: 주요사항보고서(회사합병결정) | 2026-06-19: 주권매매거래정지              (SPAC 합병(예비심사청구대상)),2
기가레인,049080,-25,🚨 YES,주권매매거래정지해제              (액면병합 주권 변경상장),단일판매ㆍ공급계약체결(자율공시)              (+5),주권매매거래정지해제              (액면병합 주권 변경상장)(-30),2026-07-16: 단일판매ㆍ공급계약체결(자율공시)               | 2026-07-14: 조회공시요구(현저한시황변동)에대한답변(미확정)               | 2026-07-13: 조회공시요구(현저한시황변동)               | 2026-06-26: 주권매매거래정지해제              (액면병합 주권 변경상장),4
성호전자,043260,-25,OK,,,[기재정정]최대주주변경을수반하는주식담보제공계약체결              (-5) | [기재정정]최대주주변경을수반하는주식담보제공계약체결              (-5) | [기재정정]최대주주변경을수반하는주식담보제공계약체결              (-5) | [기재정정]최대주주변경을수반하는주식담보제공계약체결              (-5) | 최대주주변경을수반하는주식담보제공계약체결              (-5),2026-07-14: 임원ㆍ주요주주특정증권등소유상황보고서 | 2026-07-14: 주식등의대량보유상황보고서(일반) | 2026-07-13: 단기차입금증가결정               | 2026-07-10: 기타경영사항(자율공시)              (제14회차 신주인수권부사채 만기전 취득 후 재매각 결정) | 2026-07-10: [기재정정]최대주주변경을수반하는주식담보제공계약체결              ,17
신세계푸드,031440,-25,🚨 YES,매매거래정지및정지해제(중요내용공시)              ,주식소각결정              (+5),매매거래정지및정지해제(중요내용공시)              (-30),2026-07-16: [기재정정]주요사항보고서(주식교환ㆍ이전결정) | 2026-07-16: 주식소각결정               | 2026-07-16: 매매거래정지및정지해제(중요내용공시)               | 2026-06-22: 임시주주총회결과               | 2026-06-22: 동일인등출자계열회사와의상품ㆍ용역거래,5
RF머트리얼즈,327260,-25,🚨 YES,주권매매거래정지              (무상증자),단일판매ㆍ공급계약체결              (+5),주권매매거래정지              (무상증자)(-30),2026-07-16: 임원ㆍ주요주주특정증권등소유상황보고서 | 2026-07-10: 주주명부폐쇄기간또는기준일설정               | 2026-07-10: 주권매매거래정지              (무상증자) | 2026-07-10: 주요사항보고서(무상증자결정) | 2026-07-02: 주식등의대량보유상황보고서(일반),12
육일씨엔에쓰,191410,-25,🚨 YES,기타시장안내(관리종목지정우려종목)              (시가총액 200억원 미달),주요사항보고서(자기주식취득결정)(+5),기타시장안내(관리종목지정우려종목)              (시가총액 200억원 미달)(-30),2026-07-14: 임원ㆍ주요주주특정증권등거래계획보고서 | 2026-07-14: 주식등의대량보유상황보고서(일반) | 2026-07-14: 임원ㆍ주요주주특정증권등소유상황보고서 | 2026-07-10: 기타시장안내(관리종목지정우려종목)              (시가총액 200억원 미달) | 2026-07-10: 주요사항보고서(자기주식취득결정),6
이화공영,001840,-25,🚨 YES,주권매매거래정지기간변경              (개선기간 부여),[기재정정]단일판매ㆍ공급계약체결              (+5),주권매매거래정지기간변경              (개선기간 부여)(-30),2026-07-14: 상장적격성실질심사관련주요개선계획(자율공시)               | 2026-07-13: 주권매매거래정지기간변경              (개선기간 부여) | 2026-07-13: 기타시장안내              (코스닥시장위원회 심의·의결 결과 및 개선기간 부여 안내) | 2026-07-13: [기재정정]단일판매ㆍ공급계약체결               | 2026-07-09: 사외이사의선임ㆍ해임또는중도퇴임에관한신고,10
만호제강,001080,-25,🚨 YES,매매거래정지및정지해제(중요내용공시)              ,주식소각결정              (+5),매매거래정지및정지해제(중요내용공시)              (-30),2026-07-16: [기재정정]회계처리기준위반에따른임원의해임권고조치               | 2026-07-09: 임원ㆍ주요주주특정증권등소유상황보고서 | 2026-07-09: 주식등의대량보유상황보고서(약식) | 2026-07-08: 회계처리기준위반에따른임원의해임권고조치               | 2026-07-02: 풍문또는보도에대한해명(미확정)              ,14
씨이랩,189330,-25,🚨 YES,주권매매거래정지              (단일판매공급계약),단일판매ㆍ공급계약체결              (+5),주권매매거래정지              (단일판매공급계약)(-30),2026-07-07: 단일판매ㆍ공급계약체결               | 2026-07-07: 주권매매거래정지              (단일판매공급계약),2
엑사이엔씨,054940,-25,🚨 YES,"주권매매거래정지              (주식의 병합, 분할 등 전자등록 변경, 말소)",단일판매ㆍ공급계약체결              (+5),"주권매매거래정지              (주식의 병합, 분할 등 전자등록 변경, 말소)(-30)","2026-07-16: 주권매매거래정지              (주식의 병합, 분할 등 전자등록 변경, 말소) | 2026-07-09: 임원ㆍ주요주주특정증권등소유상황보고서 | 2026-07-08: 임시주주총회결과               | 2026-07-07: 단일판매ㆍ공급계약체결               | 2026-06-23: 임원ㆍ주요주주특정증권등소유상황보고서",8
센서뷰,321370,-25,🚨 YES,[기재정정]주요사항보고서(유상증자결정) | [기재정정]주요사항보고서(유상증자결정),단일판매ㆍ공급계약체결(자율공시)              (+5),[기재정정]주요사항보고서(유상증자결정)(-15) | [기재정정]주요사항보고서(유상증자결정)(-15),2026-07-08: 임원ㆍ주요주주특정증권등거래계획보고서 | 2026-07-06: 권리락              (유상증자) | 2026-07-06: [기재정정]주요사항보고서(유상증자결정) | 2026-07-06: 투자설명서 | 2026-07-06: [발행조건확정]증권신고서(지분증권),10
앤로보틱스,138360,-25,🚨 YES,[기재정정]주요사항보고서(유상증자결정) | [기재정정]주요사항보고서(유상증자결정),주식소각결정              (+5),[기재정정]주요사항보고서(유상증자결정)(-15) | [기재정정]주요사항보고서(유상증자결정)(-15),2026-07-10: 주식소각결정               | 2026-07-10: [기재정정]주요사항보고서(유상증자결정) | 2026-07-03: 주식등의대량보유상황보고서(약식) | 2026-07-03: [기재정정]주식등의대량보유상황보고서(약식) | 2026-07-03: [기재정정]주식등의대량보유상황보고서(약식),11
유진스팩10호,468760,-21,🚨 YES,주권매매거래정지              (SPAC 합병(예비심사청구대상)),[기재정정]주요사항보고서(회사합병결정)(+3) | [첨부정정]주요사항보고서(회사합병결정)(+3) | 주요사항보고서(회사합병결정)(+3),주권매매거래정지              (SPAC 합병(예비심사청구대상))(-30),2026-07-02: [기재정정]주요사항보고서(회사합병결정) | 2026-07-01: [첨부정정]주요사항보고서(회사합병결정) | 2026-06-30: 주요사항보고서(회사합병결정) | 2026-06-30: 주권매매거래정지              (SPAC 합병(예비심사청구대상)),4
호텔신라,008770,-20,OK,,,[첨부정정]주요사항보고서(자기주식처분결정)(-10) | [기재정정]주요사항보고서(자기주식처분결정)(-10),2026-07-08: 주식등의대량보유상황보고서(약식) | 2026-07-07: [첨부정정]주요사항보고서(자기주식처분결정) | 2026-07-06: [기재정정]주요사항보고서(자기주식처분결정) | 2026-07-03: 최대주주등소유주식변동신고서               | 2026-07-01: 주식등의대량보유상황보고서(약식),6
좋은사람들,033340,-20,🚨 YES,주요사항보고서(감자결정),,주요사항보고서(감자결정)(-20),2026-07-10: 주식병합결정               | 2026-07-10: 주요사항보고서(감자결정) | 2026-07-10: 주주명부폐쇄기간또는기준일설정               | 2026-07-10: 주주총회소집결의              ,4
엑스큐어,070300,-20,🚨 YES,[기재정정]주요사항보고서(전환사채권발행결정),,[기재정정]주요사항보고서(전환사채권발행결정)(-15) | [기재정정]최대주주변경을수반하는주식담보제공계약체결              (-5),2026-07-14: [기재정정]주주총회소집공고 | 2026-07-10: 주식등의대량보유상황보고서(약식) | 2026-07-08: [기재정정]주요사항보고서(전환사채권발행결정) | 2026-07-07: 의결권대리행사권유참고서류 | 2026-07-07: 주주총회소집공고,12
대구백화점,006370,-20,OK,,,주요사항보고서(자기주식처분결정)(-10) | 주요사항보고서(자기주식처분결정)(-10),2026-07-16: 주요사항보고서(자기주식처분결정) | 2026-07-16: 주주명부폐쇄기간또는기준일설정               | 2026-07-16: 주주총회소집결의               | 2026-07-16: 투자판단관련주요경영사항               | 2026-07-15: 주요사항보고서(자기주식처분결정),6
베노티앤알,206400,-20,🚨 YES,주요사항보고서(유상증자결정),,주요사항보고서(유상증자결정)(-15) | 최대주주변경을수반하는주식양수도계약체결              (-5),2026-07-10: 주식등의대량보유상황보고서(일반) | 2026-07-09: 주식등의대량보유상황보고서(일반) | 2026-07-03: 주주명부폐쇄기간또는기준일설정               | 2026-07-03: 주요사항보고서(유상증자결정) | 2026-07-03: 최대주주변경을수반하는주식양수도계약체결              ,7
금호에이치티,214330,-20,🚨 YES,[기재정정]주요사항보고서(감자결정),,[기재정정]주요사항보고서(감자결정)(-20),2026-07-02: 임원ㆍ주요주주특정증권등거래계획보고서 | 2026-06-22: [기재정정]주요사항보고서(감자결정),2
코세스,089890,-20,🚨 YES,주권매매거래정지              (단일판매공급계약),단일판매ㆍ공급계약체결              (+5) | [기재정정]단일판매ㆍ공급계약체결              (+5),주권매매거래정지              (단일판매공급계약)(-30),2026-07-13: 단일판매ㆍ공급계약체결               | 2026-07-13: 주권매매거래정지              (단일판매공급계약) | 2026-07-10: [기재정정]단일판매ㆍ공급계약체결              ,3
다이나믹디자인,145210,-20,🚨 YES,[기재정정]주요사항보고서(감자결정),,[기재정정]주요사항보고서(감자결정)(-20),2026-07-16: [기재정정]주요사항보고서(감자결정) | 2026-07-01: 임원ㆍ주요주주특정증권등소유상황보고서 | 2026-07-01: 주식등의대량보유상황보고서(일반) | 2026-07-01: 전환가액ㆍ신주인수권행사가액ㆍ교환가액의조정(안내공시)              ,4
데이타솔루션,263800,-20,🚨 YES,주권매매거래정지              (단일판매공급계약),[기재정정]단일판매ㆍ공급계약체결              (+5) | 단일판매ㆍ공급계약체결              (+5),주권매매거래정지              (단일판매공급계약)(-30),2026-07-13: 임원ㆍ주요주주특정증권등소유상황보고서 | 2026-07-13: [기재정정]단일판매ㆍ공급계약체결               | 2026-07-07: 단일판매ㆍ공급계약체결               | 2026-07-07: 주권매매거래정지              (단일판매공급계약),4
삼성전자,005930,-17,OK,,연결재무제표기준영업(잠정)실적(공정공시)              (+3),주요사항보고서(자기주식처분결정)(-10) | 주요사항보고서(자기주식처분결정)(-10),2026-07-16: 자기주식처분결과보고서 | 2026-07-16: 임원ㆍ주요주주특정증권등소유상황보고서 | 2026-07-16: 임원ㆍ주요주주특정증권등소유상황보고서 | 2026-07-15: 임원ㆍ주요주주특정증권등소유상황보고서 | 2026-07-15: [기재정정]임원ㆍ주요주주특정증권등소유상황보고서,33
아이텍,119830,-15,🚨 YES,[기재정정]주요사항보고서(유상증자결정),,[기재정정]주요사항보고서(유상증자결정)(-15),2026-07-15: 주식등의대량보유상황보고서(일반) | 2026-07-14: 주식등의대량보유상황보고서(일반) | 2026-07-13: 전환사채(해외전환사채포함)발행후만기전사채취득               | 2026-07-09: [기재정정]주요사항보고서(유상증자결정) | 2026-07-09: 주식등의대량보유상황보고서(약식),5
LB세미콘,061970,-15,🚨 YES,[기재정정]주요사항보고서(유상증자결정),,[기재정정]주요사항보고서(유상증자결정)(-15),2026-07-14: [기재정정]증권신고서(지분증권) | 2026-07-14: [기재정정]주요사항보고서(유상증자결정) | 2026-07-06: 임원ㆍ주요주주특정증권등소유상황보고서 | 2026-07-06: 임원ㆍ주요주주특정증권등소유상황보고서 | 2026-07-06: 임원ㆍ주요주주특정증권등소유상황보고서,7
이노진,344860,-15,🚨 YES,주요사항보고서(유상증자결정),,주요사항보고서(유상증자결정)(-15),2026-06-30: 주주총회소집결의              (임시주주총회) | 2026-06-30: 주주명부폐쇄기간또는기준일설정               | 2026-06-30: 경영권변경등에관한계약체결               | 2026-06-30: 주요사항보고서(유상증자결정) | 2026-06-25: 자기주식취득결과보고서,5
콘텐트리중앙,036420,-15,🚨 YES,[기재정정]주요사항보고서(전환사채권발행결정),,[기재정정]주요사항보고서(전환사채권발행결정)(-15),2026-07-01: 풍문또는보도에대한해명(자회사의 주요경영사항)               | 2026-06-30: [기재정정]타법인주식및출자증권취득결정               | 2026-06-30: [기재정정]자기전환사채만기전취득결정               | 2026-06-30: [기재정정]주요사항보고서(전환사채권발행결정) | 2026-06-30: [기재정정]회생절차개시신청(종속회사의주요경영사항)              ,7
유엑스엔,337840,-15,🚨 YES,주요사항보고서(전환사채권발행결정),,주요사항보고서(전환사채권발행결정)(-15),2026-07-16: 주요사항보고서(전환사채권발행결정) | 2026-07-16: 특허권취득(자율공시)              (하우징에 실장된 전자 부품을 구비한 연속식 분석물 측정기) | 2026-07-14: 특허권취득(자율공시)              (도전성 접착제를 이용한 전기적 연결 구조가 구비되는 연속식 분석물 측정기) | 2026-06-29: 기업설명회(IR)개최결과               | 2026-06-24: 특허권취득(자율공시)              (제1 전극 및 제2 전극을 포함하는 연속식 분석물 측정기),5
코스맥스엔비티,222040,-15,🚨 YES,유상증자결정(종속회사의주요경영사항)              ,,유상증자결정(종속회사의주요경영사항)              (-15),2026-07-15: 유상증자결정(종속회사의주요경영사항)               | 2026-07-15: 타법인주식및출자증권취득결정               | 2026-07-06: 주식등의대량보유상황보고서(일반) | 2026-07-02: 임원ㆍ주요주주특정증권등소유상황보고서 | 2026-07-02: 임원ㆍ주요주주특정증권등소유상황보고서,6
롯데지주,004990,-15,🚨 YES,유상증자결정(종속회사의주요경영사항)              ,,유상증자결정(종속회사의주요경영사항)              (-15),2026-07-06: 유상증자결정(종속회사의주요경영사항)               | 2026-07-03: 주식등의대량보유상황보고서(일반) | 2026-06-30: 지속가능경영보고서등관련사항(자율공시)              ,3
한솔테크닉스,004710,-15,🚨 YES,[기재정정]주요사항보고서(유상증자결정),,[기재정정]주요사항보고서(유상증자결정)(-15),2026-07-15: 유상증자또는주식관련사채등의청약결과(자율공시)               | 2026-07-09: [기재정정]투자설명서 | 2026-07-09: [발행조건확정]증권신고서(지분증권) | 2026-07-09: [기재정정]주요사항보고서(유상증자결정) | 2026-07-09: 유상증자신주발행가액(안내공시)              ,11
형지I&C,011080,-15,🚨 YES,[기재정정]주요사항보고서(유상증자결정),,[기재정정]주요사항보고서(유상증자결정)(-15),2026-07-16: 유상증자또는주식관련사채등의청약결과(자율공시)               | 2026-07-13: 유상증자또는주식관련사채등의청약결과(자율공시)               | 2026-07-07: [기재정정]투자설명서 | 2026-07-07: [발행조건확정]증권신고서(지분증권) | 2026-07-07: 유상증자최종발행가액확정              ,9
필에너지,378340,-15,🚨 YES,주권매매거래정지              (단일판매공급계약),[기재정정]단일판매ㆍ공급계약체결              (+5) | 단일판매ㆍ공급계약체결              (+5) | [기재정정]단일판매ㆍ공급계약체결              (+5),주권매매거래정지              (단일판매공급계약)(-30),2026-07-16: 임원ㆍ주요주주특정증권등소유상황보고서 | 2026-07-02: 임원ㆍ주요주주특정증권등소유상황보고서 | 2026-07-02: 임원ㆍ주요주주특정증권등소유상황보고서 | 2026-07-01: [기재정정]단일판매ㆍ공급계약체결               | 2026-07-01: 단일판매ㆍ공급계약체결              ,7
진영,285800,-15,🚨 YES,주요사항보고서(유상증자결정),,주요사항보고서(유상증자결정)(-15),2026-07-16: 주요사항보고서(유상증자결정) | 2026-06-29: 주주명부폐쇄기간또는기준일설정               | 2026-06-29: 주주총회소집결의              (임시주주총회) | 2026-06-29: 주식병합결정              ,4
클래시스,214150,-15,OK,,,최대주주변경을수반하는주식담보제공계약체결              (-5) | 최대주주변경을수반하는주식담보제공계약체결              (-5) | 최대주주변경을수반하는주식담보제공계약체결              (-5),2026-07-16: 주식등의대량보유상황보고서(약식) | 2026-07-15: 주식매수선택권부여에관한신고 | 2026-07-15: 대표집행임원변경               | 2026-06-26: 최대주주변경을수반하는주식담보제공계약체결               | 2026-06-26: 최대주주변경을수반하는주식담보제공계약체결              ,7
레몬,294140,-15,🚨 YES,주요사항보고서(유상증자결정),,주요사항보고서(유상증자결정)(-15),2026-07-09: 임원ㆍ주요주주특정증권등소유상황보고서 | 2026-07-09: 주식등의대량보유상황보고서(일반) | 2026-07-03: 증권발행결과(자율공시)              (제3자배정 유상증자) | 2026-06-25: 주요사항보고서(유상증자결정),4
세종텔레콤,036630,-15,🚨 YES,주요사항보고서(유상증자결정),,주요사항보고서(유상증자결정)(-15),2026-07-16: 증권발행결과(자율공시)               | 2026-07-06: 주요사항보고서(유상증자결정) | 2026-06-29: [기재정정]타인에대한채무보증결정              ,3
클로봇,466100,-15,🚨 YES,[기재정정]주요사항보고서(유상증자결정),,[기재정정]주요사항보고서(유상증자결정)(-15),2026-07-03: 권리락              (유상증자) | 2026-07-03: 유상증자1차발행가액결정               | 2026-07-03: 투자설명서 | 2026-07-03: [발행조건확정]증권신고서(지분증권) | 2026-07-03: [기재정정]주요사항보고서(유상증자결정),10
티에스이,131290,-15,🚨 YES,주요사항보고서(전환사채권발행결정),,주요사항보고서(전환사채권발행결정)(-15),2026-07-10: 주요사항보고서(전환사채권발행결정) | 2026-07-01: 주식등의대량보유상황보고서(일반) | 2026-06-26: 기업설명회(IR)개최              ,3
넥써쓰,205500,-15,🚨 YES,[첨부정정]주요사항보고서(전환사채권발행결정),,[첨부정정]주요사항보고서(전환사채권발행결정)(-15),2026-07-15: 주식등의대량보유상황보고서(일반) | 2026-07-15: 임원ㆍ주요주주특정증권등소유상황보고서 | 2026-07-14: 임원ㆍ주요주주특정증권등소유상황보고서 | 2026-07-10: 주식등의대량보유상황보고서(약식) | 2026-07-03: 주식등의대량보유상황보고서(약식),13
알엔투테크놀로지,148250,-15,🚨 YES,주요사항보고서(유상증자결정),,주요사항보고서(유상증자결정)(-15),2026-07-13: [기재정정]주주총회소집결의              (임시주주총회) | 2026-07-06: 사외이사의선임ㆍ해임또는중도퇴임에관한신고 | 2026-07-01: 대표이사변경               | 2026-06-30: 주요사항보고서(유상증자결정) | 2026-06-29: [기재정정]주주총회소집결의              (임시주주총회),13
아이오케이이엔엠,078860,-15,🚨 YES,주요사항보고서(유상증자결정),,주요사항보고서(유상증자결정)(-15),2026-07-10: 전환가액의조정              (제22회차) | 2026-06-25: 주요사항보고서(유상증자결정),2
노브메타파마,229500,-15,🚨 YES,[기재정정]주요사항보고서(유상증자결정),,[기재정정]주요사항보고서(유상증자결정)(-15),2026-07-03: 기업설명회(IR)개최결과               | 2026-06-25: 증권발행결과(자율공시)               | 2026-06-25: [기재정정]주요사항보고서(유상증자결정),3
모티브링크,463480,-15,OK,,,최대주주변경              (-5) | [기재정정]최대주주변경을수반하는주식양수도계약체결              (-5) | 최대주주변경을수반하는주식양수도계약체결              (-5),2026-07-16: 최대주주변경               | 2026-07-15: [기재정정]최대주주변경을수반하는주식양수도계약체결               | 2026-07-15: 주식등의대량보유상황보고서(일반) | 2026-07-15: 주식등의대량보유상황보고서(일반) | 2026-07-02: 최대주주변경을수반하는주식양수도계약체결              ,5
라이콤,388790,-15,🚨 YES,주요사항보고서(전환사채권발행결정),,주요사항보고서(전환사채권발행결정)(-15),2026-07-16: 증권발행결과(자율공시)               | 2026-07-08: 주요사항보고서(전환사채권발행결정),2
조이웍스앤코,309930,-15,🚨 YES,주요사항보고서(전환사채권발행결정),,주요사항보고서(전환사채권발행결정)(-15),2026-07-10: 주요사항보고서(전환사채권발행결정) | 2026-07-09: 조회공시요구(현저한시황변동)에대한답변(미확정)               | 2026-07-08: 조회공시요구(현저한시황변동)               | 2026-07-03: 의결권대리행사권유참고서류 | 2026-07-03: 주주총회소집공고,7
블루엠텍,439580,-15,🚨 YES,주요사항보고서(신주인수권부사채권발행결정),,주요사항보고서(신주인수권부사채권발행결정)(-15),2026-07-15: 신주인수권부사채(해외신주인수권부사채포함)발행후만기전사채취득              (제3회차) | 2026-07-14: 주식등의대량보유상황보고서(약식) | 2026-07-13: 주식등의대량보유상황보고서(약식) | 2026-07-10: 증권발행결과(자율공시)              (제4회차 BW) | 2026-07-07: [기재정정]주식등의대량보유상황보고서(약식),7
옵트론텍,082210,-15,🚨 YES,유상증자결정(종속회사의주요경영사항)              ,,유상증자결정(종속회사의주요경영사항)              (-15),2026-07-16: 타인에대한채무보증결정               | 2026-07-16: 임원ㆍ주요주주특정증권등소유상황보고서 | 2026-07-15: [기재정정]주주총회소집결의              (임시주주총회) | 2026-07-13: 전환가액의조정              (제17회차) | 2026-07-13: 임원ㆍ주요주주특정증권등소유상황보고서,15
라피치,403360,-15,🚨 YES,주요사항보고서(유상증자결정),,주요사항보고서(유상증자결정)(-15),2026-07-14: 주요사항보고서(유상증자결정),1
한솔홀딩스,004150,-15,🚨 YES,[기재정정]주요사항보고서(유상증자결정)(자회사의 주요경영사항)              ,,[기재정정]주요사항보고서(유상증자결정)(자회사의 주요경영사항)              (-15),2026-07-09: [기재정정]특수관계인에대한출자 | 2026-07-09: [기재정정]타법인주식및출자증권취득결정(자율공시)               | 2026-07-09: [기재정정]주요사항보고서(유상증자결정)(자회사의 주요경영사항)              ,3
툴젠,199800,-15,🚨 YES,[기재정정]주요사항보고서(유상증자결정),,[기재정정]주요사항보고서(유상증자결정)(-15),2026-07-08: 주식등의대량보유상황보고서(일반) | 2026-07-08: 임원ㆍ주요주주특정증권등소유상황보고서 | 2026-07-06: [기재정정]증권신고서(지분증권) | 2026-07-02: 정정신고서제출요구( 2026.06.22. 제출 증권신고서(지분증권) ) | 2026-07-01: 기업설명회(IR)개최              ,8
바이오프로테크,199290,-15,🚨 YES,[기재정정]주요사항보고서(전환사채권발행결정),,[기재정정]주요사항보고서(전환사채권발행결정)(-15),2026-07-09: [기재정정]주요사항보고서(전환사채권발행결정),1
디와이디,219550,-15,🚨 YES,[기재정정]주요사항보고서(유상증자결정),,[기재정정]주요사항보고서(유상증자결정)(-15),2026-06-26: [기재정정]주요사항보고서(유상증자결정),1
팸텍,271830,-15,🚨 YES,주요사항보고서(전환사채권발행결정),,주요사항보고서(전환사채권발행결정)(-15),2026-07-10: 주식등의대량보유상황보고서(약식) | 2026-07-10: 증권발행결과(자율공시)               | 2026-07-08: 주식등의대량보유상황보고서(약식) | 2026-07-03: 주식등의대량보유상황보고서(약식) | 2026-07-02: 주요사항보고서(전환사채권발행결정),5
케이알엠,093640,-15,🚨 YES,[첨부정정]주요사항보고서(전환사채권발행결정),,[첨부정정]주요사항보고서(전환사채권발행결정)(-15),2026-07-14: [첨부정정]주요사항보고서(전환사채권발행결정),1
윙입푸드,900340,-15,🚨 YES,주요사항보고서(유상증자결정),,주요사항보고서(유상증자결정)(-15),2026-06-29: 주요사항보고서(유상증자결정) | 2026-06-29: 주주명부폐쇄기간또는기준일설정               | 2026-06-29: 주주총회소집결의              (임시주주총회),3
넥스트칩,396270,-15,🚨 YES,주요사항보고서(전환사채권발행결정),,주요사항보고서(전환사채권발행결정)(-15),2026-07-14: 주요사항보고서(전환사채권발행결정),1
케이바이오랩스,038530,-15,🚨 YES,주요사항보고서(유상증자결정),,주요사항보고서(유상증자결정)(-15),2026-07-16: [기재정정]주주총회소집결의              (임시주주총회) | 2026-07-16: 주식병합결정               | 2026-07-16: 임원ㆍ주요주주특정증권등소유상황보고서 | 2026-07-16: 주식등의대량보유상황보고서(일반) | 2026-07-14: 증권발행결과(자율공시)              ,9
우성머티리얼스,011300,-15,🚨 YES,주요사항보고서(유상증자결정),,주요사항보고서(유상증자결정)(-15),2026-07-16: 소액공모공시서류(지분증권) | 2026-07-16: 주요사항보고서(유상증자결정),2
디에스엠,104040,-15,🚨 YES,주요사항보고서(전환사채권발행결정),,주요사항보고서(전환사채권발행결정)(-15),2026-07-10: 주식등의대량보유상황보고서(약식) | 2026-07-09: 임원ㆍ주요주주특정증권등소유상황보고서 | 2026-07-09: 주식등의대량보유상황보고서(일반) | 2026-07-03: 임원ㆍ주요주주특정증권등소유상황보고서 | 2026-06-29: 증권발행결과(자율공시)              ,7
프레스티지바이오로직스,334970,-15,🚨 YES,[기재정정]주요사항보고서(전환사채권발행결정),,[기재정정]주요사항보고서(전환사채권발행결정)(-15),2026-07-10: 임원ㆍ주요주주특정증권등소유상황보고서 | 2026-07-10: 주식등의대량보유상황보고서(일반) | 2026-06-30: 임원ㆍ주요주주특정증권등소유상황보고서 | 2026-06-22: 전환가액의조정               | 2026-06-22: [기재정정]주요사항보고서(전환사채권발행결정),5
아센디오,012170,-15,🚨 YES,주요사항보고서(유상증자결정),,주요사항보고서(유상증자결정)(-15),2026-07-16: 주주명부폐쇄기간또는기준일설정               | 2026-07-16: 주주총회소집결의               | 2026-07-08: [기재정정]주주총회소집공고 | 2026-07-08: [기재정정]주식병합결정               | 2026-07-08: [기재정정]주주총회소집결의              ,13
이원컴포텍,088290,-15,🚨 YES,[기재정정]주요사항보고서(유상증자결정),,[기재정정]주요사항보고서(유상증자결정)(-15),2026-07-14: 주식등의대량보유상황보고서(일반) | 2026-07-06: 단기차입금증가결정              (2025년) | 2026-06-26: [기재정정]사업보고서 (2025.12) | 2026-06-22: [기재정정]주요사항보고서(유상증자결정),4
에코프로비엠,247540,-15,🚨 YES,주요사항보고서(유상증자결정),,주요사항보고서(유상증자결정)(-15),2026-07-14: 정정신고서제출요구( 2026.06.30. 제출 증권신고서(지분증권) ) | 2026-07-10: 기업설명회(IR)개최               | 2026-07-10: 결산실적공시예고               | 2026-07-10: 기업설명회(IR)개최               | 2026-07-08: 주식등의대량보유상황보고서(일반),13
차바이오텍,085660,-15,🚨 YES,유상증자결정(종속회사의주요경영사항)              ,,유상증자결정(종속회사의주요경영사항)              (-15),2026-07-03: 주식등의대량보유상황보고서(일반) | 2026-07-01: 임원ㆍ주요주주특정증권등소유상황보고서 | 2026-06-26: [기재정정]타법인주식및출자증권취득결정               | 2026-06-26: 자기교환사채만기전취득결정              (제10회차) | 2026-06-26: 타인에대한담보제공결정              ,7
뉴인텍,012340,-15,🚨 YES,주요사항보고서(유상증자결정),,주요사항보고서(유상증자결정)(-15),2026-07-14: 주요사항보고서(유상증자결정) | 2026-07-07: 주식등의대량보유상황보고서(일반) | 2026-07-06: 임원ㆍ주요주주특정증권등소유상황보고서 | 2026-07-03: 전환사채(해외전환사채포함)발행후만기전사채취득              (제16회차) | 2026-06-30: 증권발행실적보고서,8
KC산업,112190,-15,🚨 YES,주요사항보고서(유상증자결정),,주요사항보고서(유상증자결정)(-15),2026-07-14: 증권발행결과(자율공시)              (제3자배정 유상증자) | 2026-06-30: 주요사항보고서(유상증자결정) | 2026-06-29: 임시주주총회결과               | 2026-06-19: [기재정정]사업보고서 (2025.12),4
크로넥스,215570,-15,🚨 YES,주요사항보고서(유상증자결정),,주요사항보고서(유상증자결정)(-15),2026-07-09: [기재정정]사업보고서 (2025.12) | 2026-07-08: [기재정정]주주총회소집결의               | 2026-07-06: 주주명부폐쇄기간또는기준일설정               | 2026-07-06: 주주총회소집결의               | 2026-07-06: 증권발행결과(자율공시)              (제3자배정 유상증자),9
쏘카,403550,-15,🚨 YES,[기재정정]유상증자결정(종속회사의주요경영사항)              ,,[기재정정]유상증자결정(종속회사의주요경영사항)              (-15),2026-07-15: 최대주주등소유주식변동신고서               | 2026-07-15: 임원ㆍ주요주주특정증권등소유상황보고서 | 2026-07-15: 주식등의대량보유상황보고서(일반) | 2026-07-09: 최대주주등소유주식변동신고서               | 2026-07-09: 임원ㆍ주요주주특정증권등소유상황보고서,9
LIG디펜스앤에어로스페이스,079550,-15,🚨 YES,주요사항보고서(유상증자결정),,주요사항보고서(유상증자결정)(-15),2026-07-02: 임원ㆍ주요주주특정증권등소유상황보고서 | 2026-06-29: 지속가능경영보고서등관련사항(자율공시)               | 2026-06-26: 주요사항보고서(유상증자결정) | 2026-06-25: 공정거래자율준수프로그램운영현황(안내공시)               | 2026-06-25: 동일인등출자계열회사와의상품ㆍ용역거래,6
아이큐어,175250,-15,🚨 YES,주요사항보고서(유상증자결정),,주요사항보고서(유상증자결정)(-15),2026-07-13: 기타시장안내              (개선기간 종료에 따른 상장폐지 여부 결정 안내) | 2026-07-02: [기재정정]수시공시의무관련사항(공정공시)              (도네페질 패치제 (제품명 : 도네시브 패치)의 라이센스 이전 계약해지) | 2026-07-01: [기재정정]수시공시의무관련사항(공정공시)              (도네페질 패치제 (제품명 : 도네시브 패치)의 라이센스 이전 계약해지) | 2026-06-29: 주주총회소집결의              (임시주주총회) | 2026-06-29: 주주명부폐쇄기간또는기준일설정              ,7
이화산업,000760,-15,OK,,,최대주주변경              (-5) | [기재정정]최대주주등소유주식변동신고서(최대주주변경시)              (-5) | 최대주주등소유주식변동신고서(최대주주변경시)              (-5),2026-07-13: 주식등의대량보유상황보고서(일반) | 2026-07-13: 주식등의대량보유상황보고서(일반) | 2026-07-13: 임원ㆍ주요주주특정증권등소유상황보고서 | 2026-07-13: 임원ㆍ주요주주특정증권등소유상황보고서 | 2026-07-13: 임원ㆍ주요주주특정증권등소유상황보고서,13
넥스트아이,137940,-15,🚨 YES,주요사항보고서(유상증자결정),,주요사항보고서(유상증자결정)(-15),2026-07-10: 임원ㆍ주요주주특정증권등소유상황보고서 | 2026-07-10: 주식등의대량보유상황보고서(일반) | 2026-07-09: 증권발행결과(자율공시)               | 2026-07-03: [기재정정]사업보고서 (2025.12) | 2026-06-30: 주요사항보고서(유상증자결정),5
케이비증권,003450,-15,🚨 YES,주요사항보고서(유상증자결정),,주요사항보고서(유상증자결정)(-15),2026-07-16: 투자설명서(일괄신고) | 2026-07-16: 일괄신고추가서류(기타파생결합사채) | 2026-07-16: 증권발행실적보고서 | 2026-07-16: 증권발행실적보고서 | 2026-07-16: 증권발행실적보고서,100
SK아이이테크놀로지,361610,-15,🚨 YES,유상증자결정(종속회사의주요경영사항)              ,,유상증자결정(종속회사의주요경영사항)              (-15),2026-07-15: 기업설명회(IR)개최(안내공시)               | 2026-07-10: 단기차입금증가결정               | 2026-06-26: 유상증자결정(종속회사의주요경영사항)               | 2026-06-26: [기재정정]타법인주식및출자증권취득결정              ,4
손오공,066910,-15,🚨 YES,[기재정정]주요사항보고서(유상증자결정),,[기재정정]주요사항보고서(유상증자결정)(-15),2026-07-14: [기재정정]주요사항보고서(유상증자결정) | 2026-07-01: 기타경영사항(자율공시)              (소규모합병 승인 이사회 결의(주주총회 갈음) 결과 보고) | 2026-06-29: [기재정정]주요사항보고서(자기전환사채매도결정) | 2026-06-23: 주요사항보고서(자기전환사채매도결정) | 2026-06-23: 주요사항보고서(자기전환사채만기전취득결정),5
킵스파마,256940,-15,🚨 YES,[기재정정]주요사항보고서(전환사채권발행결정),,[기재정정]주요사항보고서(전환사채권발행결정)(-15),2026-07-06: [기재정정]주요사항보고서(전환사채권발행결정),1
플레이그램,009810,-15,🚨 YES,주요사항보고서(유상증자결정),,주요사항보고서(유상증자결정)(-15),2026-07-15: 주주총회소집공고 | 2026-07-15: [기재정정]주주총회소집결의               | 2026-07-10: 소액공모공시서류(지분증권) | 2026-07-10: 주요사항보고서(유상증자결정) | 2026-07-06: 최대주주등소유주식변동신고서              ,9
핑거,163730,-15,🚨 YES,[기재정정]주요사항보고서(신주인수권부사채권발행결정),,[기재정정]주요사항보고서(신주인수권부사채권발행결정)(-15),2026-07-16: 주식등의대량보유상황보고서(일반) | 2026-07-16: 주식등의대량보유상황보고서(일반) | 2026-06-30: [기재정정]주요사항보고서(신주인수권부사채권발행결정) | 2026-06-30: 임원ㆍ주요주주특정증권등소유상황보고서 | 2026-06-30: 임원ㆍ주요주주특정증권등소유상황보고서,13
세니젠,188260,-15,🚨 YES,[기재정정]주요사항보고서(유상증자결정),,[기재정정]주요사항보고서(유상증자결정)(-15),2026-07-10: 주주총회소집공고 | 2026-07-10: 임원ㆍ주요주주특정증권등소유상황보고서 | 2026-07-10: 주식등의대량보유상황보고서(일반) | 2026-07-06: 증권발행결과(자율공시)              (제3자배정 유상증자) | 2026-06-25: 임원ㆍ주요주주특정증권등소유상황보고서,6
형지글로벌,308100,-15,🚨 YES,주요사항보고서(유상증자결정),,주요사항보고서(유상증자결정)(-15),2026-07-15: 전환가액의조정               | 2026-07-08: 증권발행결과(자율공시)               | 2026-07-06: 임원ㆍ주요주주특정증권등소유상황보고서 | 2026-06-30: 임원ㆍ주요주주특정증권등소유상황보고서 | 2026-06-30: 주요사항보고서(유상증자결정),5
메타케어,118000,-15,🚨 YES,[기재정정]주요사항보고서(유상증자결정),,[기재정정]주요사항보고서(유상증자결정)(-15),2026-07-08: 기타안내사항(안내공시)               | 2026-06-29: 주식등의대량보유상황보고서(일반) | 2026-06-29: 임원ㆍ주요주주특정증권등소유상황보고서 | 2026-06-29: 타법인주식및출자증권취득결정               | 2026-06-29: [기재정정]주요사항보고서(유상증자결정),5
CMG제약,058820,-15,🚨 YES,주요사항보고서(전환사채권발행결정),,주요사항보고서(전환사채권발행결정)(-15),2026-07-13: 전환사채(해외전환사채포함)발행후만기전사채취득               | 2026-07-07: 증권발행결과(자율공시)               | 2026-07-07: 주식등의대량보유상황보고서(약식) | 2026-06-30: 주요사항보고서(전환사채권발행결정) | 2026-06-19: 단일판매ㆍ공급계약해지              ,5
CS,065770,-15,🚨 YES,주요사항보고서(유상증자결정),,주요사항보고서(유상증자결정)(-15),2026-07-16: [기재정정]주식매수선택권부여에관한신고 | 2026-07-16: [기재정정]주식매수선택권부여에관한신고 | 2026-07-16: [기재정정]주요사항보고서(타법인주식및출자증권양수결정) | 2026-07-15: 증권발행결과(자율공시)               | 2026-07-07: 주요사항보고서(유상증자결정),9
한화솔루션,009830,-15,🚨 YES,유상증자결정(종속회사의주요경영사항)              ,,유상증자결정(종속회사의주요경영사항)              (-15),2026-07-08: 기업설명회(IR)개최(안내공시)               | 2026-07-03: 임원ㆍ주요주주특정증권등소유상황보고서 | 2026-07-03: 임원ㆍ주요주주특정증권등소유상황보고서 | 2026-07-03: 임원ㆍ주요주주특정증권등소유상황보고서 | 2026-07-03: 임원ㆍ주요주주특정증권등소유상황보고서,77
오픈놀,440320,-15,🚨 YES,주요사항보고서(전환사채권발행결정),,주요사항보고서(전환사채권발행결정)(-15),2026-07-16: [기재정정]분기보고서 (2026.03) | 2026-06-30: 주식등의대량보유상황보고서(일반) | 2026-06-29: 증권발행결과(자율공시)              (제2회차 CB) | 2026-06-29: 주식등의대량보유상황보고서(약식) | 2026-06-23: 주식등의대량보유상황보고서(약식),6
플리토,300080,-15,🚨 YES,주권매매거래정지              (단일판매공급계약),[기재정정]단일판매ㆍ공급계약체결              (+5) | [기재정정]단일판매ㆍ공급계약체결              (+5) | [기재정정]단일판매ㆍ공급계약체결              (+5),주권매매거래정지              (단일판매공급계약)(-30),2026-06-29: [기재정정]단일판매ㆍ공급계약체결               | 2026-06-29: [기재정정]단일판매ㆍ공급계약체결               | 2026-06-29: 주권매매거래정지              (단일판매공급계약) | 2026-06-26: [기재정정]단일판매ㆍ공급계약체결              ,4
트리니티항공,091810,-15,🚨 YES,주요사항보고서(유상증자결정),,주요사항보고서(유상증자결정)(-15),2026-07-09: 의결권대리행사권유참고서류 | 2026-07-09: 주주총회소집공고 | 2026-07-08: 최대주주등소유주식변동신고서               | 2026-07-08: 임원ㆍ주요주주특정증권등소유상황보고서 | 2026-07-08: 임원ㆍ주요주주특정증권등소유상황보고서,17
벡트,457600,-15,🚨 YES,주요사항보고서(유상증자결정),,주요사항보고서(유상증자결정)(-15),2026-07-16: 주요사항보고서(유상증자결정),1
페니트리움바이오,187660,-15,🚨 YES,[기재정정]주요사항보고서(유상증자결정),,[기재정정]주요사항보고서(유상증자결정)(-15),2026-07-07: [기재정정]기업설명회(IR)개최               | 2026-07-03: 기업설명회(IR)개최               | 2026-06-26: 권리락              (유상증자) | 2026-06-26: 투자설명서 | 2026-06-26: [발행조건확정]증권신고서(지분증권),8
금양,001570,-15,🚨 YES,[기재정정]주요사항보고서(유상증자결정),,[기재정정]주요사항보고서(유상증자결정)(-15),2026-06-30: [기재정정]주요사항보고서(유상증자결정) | 2026-06-30: [기재정정]신규시설투자등               | 2026-06-30: [기재정정]신규시설투자등               | 2026-06-30: [기재정정]신규시설투자등               | 2026-06-24: [기재정정]타법인주식및출자증권취득결정              ,5
아이티엠반도체,084850,-15,🚨 YES,유상증자결정(종속회사의주요경영사항)              ,,유상증자결정(종속회사의주요경영사항)              (-15),2026-07-16: 단기차입금증가결정               | 2026-07-07: 임원ㆍ주요주주특정증권등소유상황보고서 | 2026-07-03: 주식등의대량보유상황보고서(일반) | 2026-06-22: 타법인주식및출자증권취득결정               | 2026-06-22: 타인에대한채무보증결정              ,8
에이팸,073070,-15,🚨 YES,유상증자결정,,유상증자결정(-15),2026-07-13: 유상증자결정,1
엑시큐어하이트론,019490,-15,🚨 YES,[기재정정]주요사항보고서(전환사채권발행결정),,[기재정정]주요사항보고서(전환사채권발행결정)(-15),2026-06-30: [기재정정]주요사항보고서(전환사채권발행결정) | 2026-06-26: [기재정정]주요사항보고서(타법인주식및출자증권양도결정) | 2026-06-24: [기재정정]주요사항보고서(타법인주식및출자증권양도결정),3
윈하이텍,192390,-15,🚨 YES,주요사항보고서(유상증자결정),,주요사항보고서(유상증자결정)(-15),2026-07-07: 주요사항보고서(유상증자결정),1
뉴온,123840,-15,🚨 YES,주요사항보고서(유상증자결정),,주요사항보고서(유상증자결정)(-15),2026-07-16: 임원ㆍ주요주주특정증권등소유상황보고서 | 2026-07-16: 주식등의대량보유상황보고서(일반) | 2026-07-14: 주권관련사채권의취득결정(자율공시)               | 2026-07-14: 주권관련사채권의취득결정               | 2026-07-14: 증권발행결과(자율공시)              (제3자배정 유상증자),6
인트론바이오,048530,-15,🚨 YES,주요사항보고서(전환사채권발행결정),,주요사항보고서(전환사채권발행결정)(-15),2026-07-15: 증권발행결과(자율공시)               | 2026-07-03: 주식등의대량보유상황보고서(일반) | 2026-06-30: 주요사항보고서(전환사채권발행결정),3
에코프로,086520,-15,🚨 YES,유상증자결정(종속회사의주요경영사항)              ,,유상증자결정(종속회사의주요경영사항)              (-15),2026-07-13: 주식등의대량보유상황보고서(일반) | 2026-07-13: 기업설명회(IR)개최               | 2026-07-13: 결산실적공시예고               | 2026-07-03: 주식등의대량보유상황보고서(일반) | 2026-07-01: 특수관계인에대한출자,9
오리엔트정공,065500,-15,🚨 YES,주요사항보고서(유상증자결정),,주요사항보고서(유상증자결정)(-15),2026-07-14: 주식등의대량보유상황보고서(일반) | 2026-07-09: 임원ㆍ주요주주특정증권등소유상황보고서 | 2026-07-08: 증권발행결과(자율공시)               | 2026-06-23: 주요사항보고서(유상증자결정),4
테라사이언스,073640,-15,🚨 YES,[기재정정]주요사항보고서(유상증자결정),,[기재정정]주요사항보고서(유상증자결정)(-15),2026-07-02: [기재정정]주요사항보고서(유상증자결정) | 2026-06-29: [기재정정]주주총회소집결의               | 2026-06-29: [기재정정]주주명부폐쇄기간또는기준일설정               | 2026-06-26: 증권발행결과(자율공시)              (제3자배정),4
나인테크,267320,-15,🚨 YES,[기재정정]주요사항보고서(전환사채권발행결정),,[기재정정]주요사항보고서(전환사채권발행결정)(-15),2026-07-16: 전환가액의조정               | 2026-06-24: [기재정정]주요사항보고서(전환사채권발행결정) | 2026-06-24: [기재정정]주요사항보고서(자본으로인정되는채무증권발행결정),3
에이텀,355690,-15,🚨 YES,유상증자결정(종속회사의주요경영사항)              ,,유상증자결정(종속회사의주요경영사항)              (-15),2026-07-16: 타법인주식및출자증권취득결정               | 2026-07-16: 유상증자결정(종속회사의주요경영사항)               | 2026-07-06: 주주명부폐쇄기간또는기준일설정               | 2026-07-06: 주주총회소집결의              (임시주주총회) | 2026-06-29: 전환가액의조정              (제4회차),6
로지스몬,223220,-15,🚨 YES,[기재정정]주요사항보고서(유상증자결정),,[기재정정]주요사항보고서(유상증자결정)(-15),2026-07-14: [기재정정]주주총회소집결의               | 2026-07-09: 소송등의제기ㆍ신청(경영권분쟁소송)               | 2026-07-09: 불성실공시법인지정예고              (공시번복 2건) | 2026-07-02: 소송등의판결ㆍ결정               | 2026-06-29: 대표이사변경              ,11
소프트캠프,258790,-12,🚨 YES,[첨부정정]주요사항보고서(전환사채권발행결정),연결재무제표기준영업(잠정)실적(공정공시)              (+3),[첨부정정]주요사항보고서(전환사채권발행결정)(-15),2026-07-14: 연결재무제표기준영업(잠정)실적(공정공시)               | 2026-07-10: [첨부정정]주요사항보고서(전환사채권발행결정) | 2026-07-06: 타법인주식및출자증권처분결정               | 2026-06-26: [기재정정]사업보고서 (2025.12),4
지씨셀,144510,-10,OK,,,주요사항보고서(자기주식처분결정)(-10),2026-06-30: 주요사항보고서(자기주식처분결정),1
인텔리안테크,189300,-10,OK,,,주요사항보고서(자기주식처분결정)(-10),2026-07-14: 자기주식처분결과보고서 | 2026-07-09: 임원ㆍ주요주주특정증권등소유상황보고서 | 2026-07-09: 임원ㆍ주요주주특정증권등소유상황보고서 | 2026-07-09: 임원ㆍ주요주주특정증권등소유상황보고서 | 2026-07-09: 임원ㆍ주요주주특정증권등소유상황보고서,14
위메이드,112040,-10,OK,,,[기재정정]최대주주변경을수반하는주식양수도계약체결              (-5) | 최대주주변경을수반하는주식양수도계약체결              (-5),2026-07-16: 결산실적공시예고               | 2026-07-06: 주식등의대량보유상황보고서(일반) | 2026-07-06: 주식등의대량보유상황보고서(일반) | 2026-06-30: [기재정정]최대주주변경을수반하는주식양수도계약체결               | 2026-06-30: 최대주주변경을수반하는주식양수도계약체결              ,6
엘에스일렉트릭,010120,-10,OK,,,주요사항보고서(자기주식처분결정)(-10),2026-07-15: 주요사항보고서(자기주식처분결정),1
파버나인,177830,-10,OK,,,[기재정정]최대주주변경을수반하는주식담보제공계약체결              (-5) | [기재정정]최대주주변경을수반하는주식담보제공계약체결              (-5),2026-07-16: 자산재평가결과(자율공시)               | 2026-07-13: 주식등의대량보유상황보고서(일반) | 2026-07-13: [기재정정]최대주주변경을수반하는주식담보제공계약체결               | 2026-07-03: 주식등의대량보유상황보고서(일반) | 2026-07-03: [기재정정]최대주주변경을수반하는주식담보제공계약체결              ,6
프로이천,321260,-10,OK,,,주요사항보고서(자기주식처분결정)(-10),2026-07-14: 주요사항보고서(자기주식처분결정) | 2026-07-14: 대표이사변경               | 2026-07-14: 임시주주총회결과               | 2026-06-26: 주주총회소집공고,4
모아데이타,288980,-10,OK,,,[기재정정]최대주주변경을수반하는주식담보제공계약체결              (-5) | [기재정정]최대주주변경을수반하는주식담보제공계약체결              (-5),2026-07-15: [기재정정]기타경영사항(자율공시)              (제8회 신주인수권부사채(BW) 취득 후 재매각) | 2026-07-15: [기재정정]주요사항보고서(자기전환사채매도결정) | 2026-07-10: 주요사항보고서(자기전환사채만기전취득결정) | 2026-07-08: 주식등의대량보유상황보고서(일반) | 2026-07-07: [기재정정]최대주주변경을수반하는주식담보제공계약체결              ,19
엑스페릭스,317770,-10,🚨 YES,[기재정정]주요사항보고서(전환사채권발행결정),[기재정정]단일판매ㆍ공급계약체결              (+5),[기재정정]주요사항보고서(전환사채권발행결정)(-15),2026-07-01: [기재정정]단일판매ㆍ공급계약체결               | 2026-06-29: [기재정정]주요사항보고서(전환사채권발행결정) | 2026-06-22: [기재정정]주권관련사채권의처분결정               | 2026-06-22: [기재정정]타법인주식및출자증권처분결정              ,4
유진테크,084370,-10,OK,,,주요사항보고서(자기주식처분결정)(-10),2026-07-16: 임원ㆍ주요주주특정증권등소유상황보고서 | 2026-07-16: 임원ㆍ주요주주특정증권등소유상황보고서 | 2026-07-16: 임원ㆍ주요주주특정증권등소유상황보고서 | 2026-07-16: 임원ㆍ주요주주특정증권등소유상황보고서 | 2026-07-10: 임원ㆍ주요주주특정증권등소유상황보고서,18
젬백스,082270,-10,OK,,,[기재정정]최대주주변경을수반하는주식담보제공계약체결              (-5) | [기재정정]최대주주변경을수반하는주식담보제공계약체결              (-5),2026-07-15: [기재정정]최대주주변경을수반하는주식담보제공계약체결               | 2026-06-19: [기재정정]최대주주변경을수반하는주식담보제공계약체결               | 2026-06-19: 임원ㆍ주요주주특정증권등소유상황보고서,3
케이옥션,102370,-10,🚨 YES,[기재정정]주요사항보고서(전환사채권발행결정),주요사항보고서(자기주식취득결정)(+5),[기재정정]주요사항보고서(전환사채권발행결정)(-15),2026-07-08: 주식등의대량보유상황보고서(일반) | 2026-07-08: 임원ㆍ주요주주특정증권등소유상황보고서 | 2026-07-06: 주식등의대량보유상황보고서(일반) | 2026-07-03: 임원ㆍ주요주주특정증권등소유상황보고서 | 2026-07-02: 주요사항보고서(자기주식취득결정),6
SG글로벌,001380,-10,OK,,,최대주주변경              (-5) | 최대주주등소유주식변동신고서(최대주주변경시)              (-5),2026-06-30: 최대주주변경               | 2026-06-30: 최대주주등소유주식변동신고서(최대주주변경시)               | 2026-06-30: 임원ㆍ주요주주특정증권등소유상황보고서 | 2026-06-30: 주식등의대량보유상황보고서(일반),4
아스타,246720,-10,OK,,,[기재정정]최대주주변경을수반하는주식담보제공계약체결              (-5) | [기재정정]최대주주변경을수반하는주식양수도계약체결              (-5),2026-06-23: [기재정정]주식등의대량보유상황보고서(일반) | 2026-06-23: 주식등의대량보유상황보고서(일반) | 2026-06-23: [기재정정]최대주주변경을수반하는주식담보제공계약체결               | 2026-06-23: [기재정정]최대주주변경을수반하는주식양수도계약체결              ,4
비투엔,307870,-10,OK,,,[기재정정]최대주주변경을수반하는주식양수도계약체결              (-5) | [기재정정]최대주주변경을수반하는주식양수도계약체결              (-5),2026-07-16: [기재정정]최대주주변경을수반하는주식양수도계약체결               | 2026-07-16: [기재정정]임시주주총회결과               | 2026-07-06: 임시주주총회결과               | 2026-06-30: 전환가액의조정              (제6회차) | 2026-06-25: 주식등의대량보유상황보고서(일반),12
TP,007980,-10,OK,,,주요사항보고서(자기주식처분결정)(-10),2026-07-10: 단기차입금증가결정               | 2026-07-07: 임원ㆍ주요주주특정증권등소유상황보고서 | 2026-07-07: 임원ㆍ주요주주특정증권등소유상황보고서 | 2026-07-07: 임원ㆍ주요주주특정증권등소유상황보고서 | 2026-07-07: 임원ㆍ주요주주특정증권등소유상황보고서,14
얼라인드,238120,-10,OK,,,[기재정정]주요사항보고서(자기주식처분결정)(-10),2026-06-30: [기재정정]주요사항보고서(자기주식처분결정) | 2026-06-26: 임원ㆍ주요주주특정증권등소유상황보고서,2
하이젠알앤엠,160190,-10,OK,,,주요사항보고서(자기주식처분결정)(-10),2026-07-06: 주요사항보고서(자기주식처분결정) | 2026-06-23: [기재정정]임시주주총회결과               | 2026-06-23: [기재정정]신규시설투자등               | 2026-06-23: 임시주주총회결과              ,4
SG세계물산,004060,-10,OK,,,최대주주변경              (-5) | 최대주주등소유주식변동신고서(최대주주변경시)              (-5),2026-06-30: 최대주주변경               | 2026-06-30: 임원ㆍ주요주주특정증권등소유상황보고서 | 2026-06-30: 최대주주등소유주식변동신고서(최대주주변경시)               | 2026-06-30: 주식등의대량보유상황보고서(일반),4
노브랜드,145170,-10,OK,,,자기주식처분결정              (-10),2026-07-10: 임시주주총회결과               | 2026-07-01: 주식등의대량보유상황보고서(약식) | 2026-06-25: 주주총회소집공고 | 2026-06-25: 자기주식처분결과보고서 | 2026-06-24: 자기주식처분결정              ,5
대성하이텍,129920,-10,OK,,,[기재정정]최대주주변경을수반하는주식담보제공계약체결              (-5) | [기재정정]최대주주변경을수반하는주식담보제공계약체결              (-5),2026-07-13: 주식등의대량보유상황보고서(일반) | 2026-07-13: [기재정정]최대주주변경을수반하는주식담보제공계약체결               | 2026-07-06: [기재정정]최대주주변경을수반하는주식담보제공계약체결               | 2026-06-22: [기재정정]임원ㆍ주요주주특정증권등소유상황보고서 | 2026-06-22: 임원ㆍ주요주주특정증권등소유상황보고서,6
케이씨에스,115500,-10,OK,,,주요사항보고서(자기주식처분결정)(-10),2026-06-26: 임원ㆍ주요주주특정증권등소유상황보고서 | 2026-06-25: 주요사항보고서(자기주식처분결정),2
HEM파마,376270,-10,🚨 YES,[기재정정]주요사항보고서(전환사채권발행결정),단일판매ㆍ공급계약체결              (+5),[기재정정]주요사항보고서(전환사채권발행결정)(-15),2026-07-13: 임원ㆍ주요주주특정증권등소유상황보고서 | 2026-07-13: 주식등의대량보유상황보고서(일반) | 2026-06-24: 단일판매ㆍ공급계약체결               | 2026-06-22: 임원ㆍ주요주주특정증권등소유상황보고서 | 2026-06-22: 주식등의대량보유상황보고서(일반),8
KB금융,105560,-10,🚨 YES,유상증자결정(자회사의 주요경영사항)              ,[기재정정]주식소각결정              (+5),유상증자결정(자회사의 주요경영사항)              (-15),2026-07-16: [기재정정]주식소각결정               | 2026-07-16: 자기주식취득결과보고서 | 2026-07-09: 기업설명회(IR)개최(안내공시)               | 2026-07-02: 증권발행실적보고서 | 2026-07-01: 투자설명서(일괄신고),10
두올,016740,-10,OK,,,주요사항보고서(자기주식처분결정)(-10),2026-07-16: 주주총회소집공고 | 2026-07-09: 최대주주등소유주식변동신고서               | 2026-07-09: 임원ㆍ주요주주특정증권등소유상황보고서 | 2026-07-09: 주식등의대량보유상황보고서(일반) | 2026-07-09: 자기주식처분결과보고서,10
스코넥,276040,-10,🚨 YES,[기재정정]주요사항보고서(유상증자결정),[기재정정]단일판매ㆍ공급계약체결              (+5),[기재정정]주요사항보고서(유상증자결정)(-15),2026-06-30: [기재정정]단일판매ㆍ공급계약체결               | 2026-06-29: [기재정정]주요사항보고서(유형자산양수결정) | 2026-06-26: [기재정정]주요사항보고서(유상증자결정),3
LS,006260,-10,OK,,,주요사항보고서(자기주식처분결정)(자회사의 주요경영사항)              (-10),2026-07-15: 주요사항보고서(자기주식처분결정)(자회사의 주요경영사항)               | 2026-07-06: 계열금융회사를거래상대방으로한단기금융상품거래의분기별공시 | 2026-07-02: 임원ㆍ주요주주특정증권등소유상황보고서 | 2026-06-23: [기재정정]타법인주식및출자증권취득결정(자회사의 주요경영사항)              ,4
판타지오,032800,-10,🚨 YES,주요사항보고서(유상증자결정),단일판매ㆍ공급계약체결              (+5),주요사항보고서(유상증자결정)(-15),2026-07-06: 증권신고서(지분증권) | 2026-07-06: 주요사항보고서(유상증자결정) | 2026-06-30: 단일판매ㆍ공급계약체결              ,3
아나패스,123860,-10,OK,,,[기재정정]최대주주변경을수반하는주식담보제공계약체결              (-5) | [기재정정]최대주주변경을수반하는주식담보제공계약체결              (-5),2026-07-16: 임원ㆍ주요주주특정증권등소유상황보고서 | 2026-07-16: 임원ㆍ주요주주특정증권등소유상황보고서 | 2026-07-16: 임원ㆍ주요주주특정증권등소유상황보고서 | 2026-07-15: 임원ㆍ주요주주특정증권등소유상황보고서 | 2026-07-10: 임원ㆍ주요주주특정증권등소유상황보고서,13
유티아이,179900,-10,🚨 YES,주요사항보고서(전환사채권발행결정),주요사항보고서(자기주식취득결정)(+5),주요사항보고서(전환사채권발행결정)(-15),2026-07-15: 증권발행결과(자율공시)              (제7회차 CB) | 2026-07-08: 금전대여결정              (대여금 연장) | 2026-07-08: 주요사항보고서(전환사채권발행결정) | 2026-07-07: 임원ㆍ주요주주특정증권등거래계획보고서 | 2026-07-07: 주요사항보고서(자기주식취득결정),8
나노실리칸첨단소재,286750,-10,🚨 YES,[기재정정]주요사항보고서(전환사채권발행결정),[기재정정]단일판매ㆍ공급계약체결              (+5),[기재정정]주요사항보고서(전환사채권발행결정)(-15),2026-07-03: 임시주주총회결과               | 2026-07-03: [기재정정]주요사항보고서(전환사채권발행결정) | 2026-06-24: [기재정정]단일판매ㆍ공급계약체결              ,3
넵튠,217270,-10,OK,,,주요사항보고서(자기주식처분결정)(-10),2026-07-01: 자기주식처분결과보고서 | 2026-06-23: 주요사항보고서(자기주식처분결정) | 2026-06-23: [기재정정]주식매수선택권부여에관한신고 | 2026-06-23: [기재정정]주식매수선택권부여에관한신고,4
HPSP,403870,-10,OK,,,주요사항보고서(자기주식처분결정)(-10),2026-07-06: 주식등의대량보유상황보고서(약식) | 2026-07-02: 주식등의대량보유상황보고서(약식) | 2026-06-30: 자기주식처분결과보고서 | 2026-06-25: 사외이사의선임ㆍ해임또는중도퇴임에관한신고 | 2026-06-25: 주요사항보고서(자기주식처분결정),7
링네트,042500,-10,OK,,,주요사항보고서(자기주식처분결정)(-10),2026-06-30: 주식등의대량보유상황보고서(일반) | 2026-06-30: 자기주식처분결과보고서 | 2026-06-29: 주요사항보고서(자기주식처분결정),3
레이,228670,-10,OK,,,[기재정정]최대주주변경을수반하는주식담보제공계약체결              (-5) | [기재정정]최대주주변경을수반하는주식담보제공계약체결              (-5),2026-07-13: 주식등의대량보유상황보고서(일반) | 2026-07-06: [기재정정]최대주주변경을수반하는주식담보제공계약체결               | 2026-06-29: 전환사채(해외전환사채포함)발행후만기전사채취득               | 2026-06-26: [기재정정]최대주주변경을수반하는주식담보제공계약체결              ,4
엠투엔,033310,-10,OK,,,[기재정정]최대주주변경을수반하는주식담보제공계약체결              (-5) | [기재정정]최대주주변경을수반하는주식담보제공계약체결              (-5),2026-06-30: 주식등의대량보유상황보고서(일반) | 2026-06-26: [기재정정]최대주주변경을수반하는주식담보제공계약체결               | 2026-06-23: [기재정정]최대주주변경을수반하는주식담보제공계약체결               | 2026-06-19: 주식등의대량보유상황보고서(일반),4
한국정보통신,025770,-5,OK,,,[기재정정]최대주주변경을수반하는주식담보제공계약체결              (-5),2026-07-16: 주식등의대량보유상황보고서(일반) | 2026-07-16: [기재정정]최대주주변경을수반하는주식담보제공계약체결               | 2026-07-01: 주식등의대량보유상황보고서(일반) | 2026-07-01: 임원ㆍ주요주주특정증권등소유상황보고서 | 2026-07-01: 주요사항보고서(자기주식취득신탁계약체결결정),7
아진산업,013310,-5,OK,,,[기재정정]최대주주변경을수반하는주식담보제공계약체결              (-5),2026-07-15: 타인에대한채무보증결정               | 2026-07-06: [기재정정]최대주주변경을수반하는주식담보제공계약체결               | 2026-07-06: 주식등의대량보유상황보고서(일반) | 2026-06-29: [기재정정]타인에대한채무보증결정               | 2026-06-26: [기재정정]타인에대한채무보증결정              ,6
신테카바이오,226330,-5,OK,,단일판매ㆍ공급계약체결              (+5),[기재정정]최대주주변경을수반하는주식담보제공계약체결              (-5) | [기재정정]최대주주변경을수반하는주식담보제공계약체결              (-5),2026-07-15: 주식등의대량보유상황보고서(일반) | 2026-07-13: 전환가액의조정               | 2026-07-09: 단일판매ㆍ공급계약체결               | 2026-07-06: [기재정정]주식등의대량보유상황보고서(일반) | 2026-07-06: [기재정정]임원ㆍ주요주주특정증권등소유상황보고서,12
케이티,030200,-5,OK,,주요사항보고서(자기주식취득결정)(+5),주요사항보고서(자기주식처분결정)(-10),2026-07-15: 임원ㆍ주요주주특정증권등소유상황보고서 | 2026-07-15: 임원ㆍ주요주주특정증권등소유상황보고서 | 2026-07-15: 임원ㆍ주요주주특정증권등소유상황보고서 | 2026-07-15: 임원ㆍ주요주주특정증권등소유상황보고서 | 2026-07-15: 임원ㆍ주요주주특정증권등소유상황보고서,28
크레버스,096240,-5,OK,,주식소각결정              (+5),[기재정정]최대주주변경을수반하는주식담보제공계약체결              (-5) | [기재정정]최대주주변경을수반하는주식담보제공계약체결              (-5),2026-07-16: [기재정정]최대주주변경을수반하는주식담보제공계약체결               | 2026-07-14: [기재정정]임원ㆍ주요주주특정증권등소유상황보고서 | 2026-07-10: 임원ㆍ주요주주특정증권등소유상황보고서 | 2026-07-08: 현금ㆍ현물배당결정              (중간배당) | 2026-07-02: 임원ㆍ주요주주특정증권등소유상황보고서,9
하나머티리얼즈,166090,-5,OK,,,[기재정정]최대주주변경을수반하는주식담보제공계약체결              (-5),2026-06-23: 주식등의대량보유상황보고서(일반) | 2026-06-22: [기재정정]최대주주변경을수반하는주식담보제공계약체결              ,2
EDGC,245620,-5,OK,,,[기재정정]최대주주변경              (-5),2026-07-10: 주식등의대량보유상황보고서(약식) | 2026-06-30: 대표이사변경               | 2026-06-30: 임시주주총회결과               | 2026-06-30: 사외이사의선임ㆍ해임또는중도퇴임에관한신고 | 2026-06-29: [기재정정]최대주주변경              ,6
성원에너텍,340930,-5,OK,,,최대주주변경을수반하는주식양수도계약해제ㆍ취소등              (-5),2026-07-09: [기재정정]회생절차개시결정               | 2026-06-26: 최대주주변경을수반하는주식양수도계약해제ㆍ취소등               | 2026-06-23: [기재정정]사업보고서 (2025.12),3
대양전기공업,108380,-5,OK,,[기재정정]단일판매ㆍ공급계약체결              (+5),주요사항보고서(자기주식처분결정)(-10),2026-07-02: 임원ㆍ주요주주특정증권등소유상황보고서 | 2026-06-30: [기재정정]단일판매ㆍ공급계약체결               | 2026-06-26: 자기주식처분결과보고서 | 2026-06-25: 주요사항보고서(자기주식처분결정),4
스페코,013810,-5,OK,,,최대주주변경              (-5),2026-07-15: 최대주주변경               | 2026-07-15: 주식등의대량보유상황보고서(일반) | 2026-07-15: 임원ㆍ주요주주특정증권등소유상황보고서 | 2026-07-15: 주식등의대량보유상황보고서(일반) | 2026-07-15: 임원ㆍ주요주주특정증권등소유상황보고서,7
미코,059090,-5,OK,,,최대주주변경을수반하는주식담보제공계약체결              (-5),2026-07-13: 타인에대한채무보증결정(자회사의 주요경영사항)               | 2026-07-02: 합병등종료보고서(합병) | 2026-07-01: 지주회사의자회사편입ㆍ탈퇴               | 2026-06-25: 주식등의대량보유상황보고서(일반) | 2026-06-23: 최대주주변경을수반하는주식담보제공계약체결              ,5
KBI메탈,024840,-5,OK,,,최대주주변경              (-5),2026-07-09: 주식등의대량보유상황보고서(약식) | 2026-07-03: 주식등의대량보유상황보고서(일반) | 2026-07-03: 임원ㆍ주요주주특정증권등소유상황보고서 | 2026-06-30: 최대주주변경               | 2026-06-30: 전환청구권행사              ,9
파라텍,033540,-5,🚨 YES,[기재정정]주요사항보고서(전환사채권발행결정),단일판매ㆍ공급계약체결              (+5) | 단일판매ㆍ공급계약체결              (+5),[기재정정]주요사항보고서(전환사채권발행결정)(-15),2026-07-15: [기재정정]주요사항보고서(전환사채권발행결정) | 2026-07-13: 임원ㆍ주요주주특정증권등소유상황보고서 | 2026-07-03: 단일판매ㆍ공급계약체결               | 2026-07-01: 단일판매ㆍ공급계약체결               | 2026-06-26: 임시주주총회결과              ,5
한솔케미칼,014680,-5,OK,,주식소각결정              (+5),최대주주변경              (-5) | 최대주주등소유주식변동신고서(최대주주변경시)              (-5),2026-07-02: 임원ㆍ주요주주특정증권등소유상황보고서 | 2026-07-01: 최대주주변경               | 2026-07-01: 최대주주등소유주식변동신고서(최대주주변경시)               | 2026-07-01: 주식등의대량보유상황보고서(약식) | 2026-06-19: 주식소각결정              ,6
LK삼양,225190,-5,OK,,,[기재정정]최대주주변경을수반하는주식담보제공계약체결              (-5),2026-07-08: 주식등의대량보유상황보고서(일반) | 2026-07-07: 주주명부폐쇄기간또는기준일설정               | 2026-07-07: 주주총회소집결의              (임시주주총회) | 2026-07-07: 주식병합결정               | 2026-07-06: [기재정정]최대주주변경을수반하는주식담보제공계약체결              ,5
대창단조,015230,-5,OK,,,최대주주등소유주식변동신고서(최대주주변경시)              (-5),2026-07-14: 주식등의대량보유상황보고서(일반) | 2026-07-14: 주식등의대량보유상황보고서(일반) | 2026-07-14: 임원ㆍ주요주주특정증권등소유상황보고서 | 2026-07-14: 임원ㆍ주요주주특정증권등소유상황보고서 | 2026-07-14: 임원ㆍ주요주주특정증권등소유상황보고서,10
경동제약,011040,-5,OK,,,[기재정정]최대주주변경을수반하는주식담보제공계약체결              (-5),2026-07-14: 임원ㆍ주요주주특정증권등소유상황보고서 | 2026-07-10: 주식등의대량보유상황보고서(일반) | 2026-07-10: 임원ㆍ주요주주특정증권등소유상황보고서 | 2026-07-06: [기재정정]최대주주변경을수반하는주식담보제공계약체결              ,4
인터로조,119610,-5,OK,,,[기재정정]최대주주변경을수반하는주식담보제공계약체결              (-5),2026-06-26: [기재정정]최대주주변경을수반하는주식담보제공계약체결               | 2026-06-26: 임원ㆍ주요주주특정증권등소유상황보고서,2
서부T&D,006730,-5,OK,,,[기재정정]최대주주변경을수반하는주식담보제공계약체결              (-5),2026-07-13: 주식등의대량보유상황보고서(일반) | 2026-07-09: 기업설명회(IR)개최               | 2026-07-06: [기재정정]최대주주변경을수반하는주식담보제공계약체결               | 2026-06-25: 주식등의대량보유상황보고서(일반),4
선광,003100,-5,OK,,,최대주주변경을수반하는주식양수도계약체결              (-5),2026-07-10: 주식등의대량보유상황보고서(일반) | 2026-07-10: 최대주주변경을수반하는주식양수도계약체결               | 2026-07-07: 주식등의대량보유상황보고서(일반) | 2026-07-02: 임원ㆍ주요주주특정증권등소유상황보고서 | 2026-06-23: [기재정정]신규시설투자등              ,7
아진전자부품,009320,-5,OK,,,최대주주변경              (-5),2026-07-16: 최대주주변경               | 2026-07-02: 최대주주등소유주식변동신고서               | 2026-07-01: 주식등의대량보유상황보고서(일반) | 2026-06-24: 주식등의대량보유상황보고서(일반),4
케이엠,083550,-5,OK,,,최대주주변경              (-5),2026-07-09: 임원ㆍ주요주주특정증권등소유상황보고서 | 2026-07-08: 임원ㆍ주요주주특정증권등소유상황보고서 | 2026-07-08: 임원ㆍ주요주주특정증권등소유상황보고서 | 2026-07-08: 최대주주변경              ,4
크레오에스지,040350,-5,OK,,,[기재정정]최대주주변경을수반하는주식담보제공계약체결              (-5),2026-07-15: 주식등의대량보유상황보고서(일반) | 2026-07-10: [기재정정]최대주주변경을수반하는주식담보제공계약체결               | 2026-07-09: 조회공시요구(현저한시황변동)에대한답변(미확정)               | 2026-07-06: 전환청구권행사              (제22회차) | 2026-06-19: 주식등의대량보유상황보고서(일반),5
카카오게임즈,293490,-5,OK,,주식소각결정              (+5),최대주주변경을수반하는주식담보제공계약체결              (-5) | 최대주주변경              (-5),2026-07-08: 수시공시의무관련사항(공정공시)               | 2026-07-08: 주식소각결정               | 2026-07-08: 주주명부폐쇄기간또는기준일설정               | 2026-06-26: 지속가능경영보고서등관련사항(자율공시)               | 2026-06-25: 임원ㆍ주요주주특정증권등소유상황보고서,16
비츠로테크,042370,-5,OK,,주식소각결정(자회사의 주요경영사항)              (+5),주요사항보고서(자기주식처분결정)(자회사의 주요경영사항)              (-10),2026-06-30: 주식소각결정(자회사의 주요경영사항)               | 2026-06-25: 주요사항보고서(자기주식처분결정)(자회사의 주요경영사항)              ,2
코난테크놀로지,402030,-5,OK,,,[기재정정]최대주주변경을수반하는주식담보제공계약체결              (-5),2026-06-30: [기재정정]최대주주변경을수반하는주식담보제공계약체결               | 2026-06-30: 주식등의대량보유상황보고서(일반),2
대신증권,003540,-5,OK,,주식소각결정              (+5),주요사항보고서(자기주식처분결정)(-10),2026-07-16: 증권발행실적보고서 | 2026-07-16: 증권발행실적보고서 | 2026-07-16: 증권발행실적보고서 | 2026-07-16: 투자설명서(일괄신고) | 2026-07-16: 최대주주등소유주식변동신고서              ,76
AP위성,211270,-5,🚨 YES,주요사항보고서(전환사채권발행결정),[기재정정]단일판매ㆍ공급계약체결              (+5) | 단일판매ㆍ공급계약체결              (+5),주요사항보고서(전환사채권발행결정)(-15),2026-07-06: 증권발행결과(자율공시)               | 2026-07-02: [기재정정]단일판매ㆍ공급계약체결               | 2026-06-26: 주요사항보고서(전환사채권발행결정) | 2026-06-25: 단일판매ㆍ공급계약체결              ,4
디에스케이,109740,-5,OK,,,[기재정정]최대주주변경을수반하는주식양수도계약체결              (-5),2026-07-14: [기재정정]주주총회소집공고 | 2026-07-14: [기재정정]주주총회소집결의               | 2026-07-06: 주식등의대량보유상황보고서(일반) | 2026-06-29: [기재정정]주주총회소집결의               | 2026-06-29: [기재정정]최대주주변경을수반하는주식양수도계약체결              ,5
아틀라스링크,297570,-5,OK,,,최대주주변경              (-5),2026-07-09: 임원ㆍ주요주주특정증권등소유상황보고서 | 2026-07-09: 임원ㆍ주요주주특정증권등소유상황보고서 | 2026-07-09: 주식등의대량보유상황보고서(일반) | 2026-07-09: 최대주주변경               | 2026-07-09: 임원ㆍ주요주주특정증권등소유상황보고서,9
에이비온,203400,-5,OK,,,최대주주변경을수반하는주식담보제공계약체결              (-5),2026-07-06: 임원ㆍ주요주주특정증권등소유상황보고서 | 2026-07-03: 최대주주변경을수반하는주식담보제공계약체결               | 2026-07-02: 주주총회소집결의              (임시주주총회) | 2026-07-02: 주주명부폐쇄기간또는기준일설정               | 2026-07-02: 주식병합결정              ,6
와이지-원,019210,-5,OK,,,[기재정정]최대주주변경을수반하는주식담보제공계약체결              (-5),2026-07-10: 주식등의대량보유상황보고서(일반) | 2026-06-22: [기재정정]최대주주변경을수반하는주식담보제공계약체결               | 2026-06-22: 주식등의대량보유상황보고서(일반),3
시노펙스,025320,-5,OK,,,[기재정정]최대주주변경을수반하는주식담보제공계약체결              (-5),2026-07-10: 주식등의대량보유상황보고서(일반) | 2026-07-10: [기재정정]최대주주변경을수반하는주식담보제공계약체결               | 2026-06-30: 합병등종료보고서(합병),3
엔피,291230,-5,OK,,,최대주주변경              (-5),2026-07-16: 주식등의대량보유상황보고서(일반) | 2026-07-16: 임원ㆍ주요주주특정증권등소유상황보고서 | 2026-07-16: 임원ㆍ주요주주특정증권등소유상황보고서 | 2026-07-16: 주식등의대량보유상황보고서(일반) | 2026-07-15: 사외이사의선임ㆍ해임또는중도퇴임에관한신고,9
비츠로셀,082920,-2,OK,,연결재무제표기준영업(잠정)실적(공정공시)              (+3) | 주식소각결정              (+5),주요사항보고서(자기주식처분결정)(-10),2026-07-16: 임원ㆍ주요주주특정증권등소유상황보고서 | 2026-07-14: 주식등의대량보유상황보고서(약식) | 2026-07-09: 연결재무제표기준영업(잠정)실적(공정공시)               | 2026-07-06: 임원ㆍ주요주주특정증권등소유상황보고서 | 2026-07-06: 임원ㆍ주요주주특정증권등소유상황보고서,15
골프존홀딩스,121440,-2,OK,,유형자산취득결정(자회사의 주요경영사항)              (+3),최대주주변경을수반하는주식담보제공계약체결              (-5),2026-07-03: 유형자산취득결정(자회사의 주요경영사항)               | 2026-07-02: 주식등의대량보유상황보고서(일반) | 2026-06-30: 최대주주변경을수반하는주식담보제공계약체결               | 2026-06-29: 공개매수설명서 | 2026-06-29: 공개매수신고서,5
서한,011370,0,OK,,,,2026-07-14: 주주총회소집공고 | 2026-07-03: [첨부정정]사업보고서 (2025.12) | 2026-07-03: [기재정정]사업보고서 (2025.12) | 2026-06-26: [기재정정]금전대여결정               | 2026-06-22: 주주총회소집결의              (임시주주총회),7
농심,004370,0,OK,,,,2026-07-09: 임원ㆍ주요주주특정증권등소유상황보고서 | 2026-07-03: 임원ㆍ주요주주특정증권등소유상황보고서 | 2026-07-02: 주식등의대량보유상황보고서(일반) | 2026-06-30: 임원ㆍ주요주주특정증권등소유상황보고서 | 2026-06-30: 동일인등출자계열회사와의상품ㆍ용역거래,8
스틱인베스트먼트,026890,0,OK,,,,2026-07-16: 임원ㆍ주요주주특정증권등소유상황보고서 | 2026-07-08: 임원ㆍ주요주주특정증권등소유상황보고서 | 2026-07-08: 주요사항보고서(자기주식취득신탁계약체결결정) | 2026-07-01: 임원ㆍ주요주주특정증권등소유상황보고서 | 2026-06-30: 임원ㆍ주요주주특정증권등소유상황보고서,11
이월드,084680,0,OK,,,,2026-07-16: 주주명부폐쇄기간또는기준일설정               | 2026-07-16: 주주총회소집결의               | 2026-07-16: 주식병합결정              ,3
KPX홀딩스,092230,0,OK,,,,2026-07-16: [기재정정]유형자산처분결정(자회사의 주요경영사항)               | 2026-07-16: 현금ㆍ현물배당결정(자회사의 주요경영사항)               | 2026-07-15: 현금ㆍ현물배당결정(자회사의 주요경영사항)               | 2026-07-15: 현금ㆍ현물배당결정(자회사의 주요경영사항)               | 2026-07-06: 현금ㆍ현물배당을위한주주명부폐쇄(기준일)결정(자회사의 주요경영사항)              ,10
영화금속,012280,0,OK,,,,2026-07-14: 의결권대리행사권유참고서류 | 2026-07-14: 주주총회소집공고 | 2026-06-23: 주요사항보고서(자기주식취득신탁계약체결결정),3
크래프톤,259960,0,OK,,,,2026-07-08: 기업설명회(IR)개최(안내공시)               | 2026-07-08: 결산실적공시예고(안내공시)               | 2026-07-01: 소송등의판결ㆍ결정(일정금액이상의청구)               | 2026-06-30: 기업설명회(IR)개최(안내공시)               | 2026-06-30: [기재정정]타법인주식및출자증권취득결정              ,9
BYC,001460,0,OK,,,,2026-06-30: 임원ㆍ주요주주특정증권등소유상황보고서 | 2026-06-30: 최대주주등소유주식변동신고서               | 2026-06-30: 임원ㆍ주요주주특정증권등소유상황보고서,3
지엠비코리아,013870,0,OK,,,,2026-07-02: 최대주주등소유주식변동신고서               | 2026-07-02: 임원ㆍ주요주주특정증권등소유상황보고서 | 2026-06-26: 최대주주등소유주식변동신고서               | 2026-06-26: 임원ㆍ주요주주특정증권등소유상황보고서,4
신한은행,000010,0,OK,,,,2026-07-13: 증권발행실적보고서 | 2026-07-10: 투자설명서(일괄신고) | 2026-07-10: 일괄신고추가서류 | 2026-07-09: 증권발행실적보고서 | 2026-07-09: 증권발행실적보고서,13
롯데쇼핑,023530,0,OK,,,,2026-07-03: 주식등의대량보유상황보고서(일반) | 2026-07-02: 임원ㆍ주요주주특정증권등소유상황보고서 | 2026-07-01: 풍문또는보도에대한해명               | 2026-07-01: 주식등의대량보유상황보고서(약식) | 2026-06-29: 지속가능경영보고서등관련사항(자율공시)              ,5
롯데케미칼,011170,0,OK,,,,2026-07-16: 기업설명회(IR)개최(안내공시)               | 2026-07-16: 기업설명회(IR)개최(안내공시)               | 2026-07-01: [첨부정정]지속가능경영보고서등관련사항(자율공시)               | 2026-07-01: 풍문또는보도에대한해명(미확정)               | 2026-06-26: 지속가능경영보고서등관련사항(자율공시)              ,6
바이오다인,314930,0,OK,,,,2026-07-13: 임원ㆍ주요주주특정증권등소유상황보고서 | 2026-07-06: 주식등의대량보유상황보고서(일반) | 2026-07-06: 임원ㆍ주요주주특정증권등소유상황보고서,3
에치에프알,230240,0,OK,,,,2026-07-16: 주주총회소집공고 | 2026-07-03: [기재정정]타법인주식및출자증권처분결정               | 2026-06-19: 주주명부폐쇄기간또는기준일설정               | 2026-06-19: 주주총회소집결의              (임시주주총회),4
전진건설로봇,079900,0,OK,,,,2026-07-09: 주주총회소집공고 | 2026-07-03: 임원ㆍ주요주주특정증권등소유상황보고서 | 2026-06-26: [기재정정]주주총회소집결의               | 2026-06-23: 임원ㆍ주요주주특정증권등소유상황보고서,4
더테크놀로지,043090,0,OK,,,,2026-07-14: 주권관련사채권의처분결정               | 2026-07-07: [기재정정]사업보고서 (2022.12) | 2026-07-07: [기재정정]사업보고서 (2021.12) | 2026-06-26: [기재정정]사업보고서 (2025.12),4
LG화학,051910,0,OK,,,,2026-07-09: 기업설명회(IR)개최(안내공시)               | 2026-06-30: 투자판단관련주요경영사항              (제미다파엠서방정 국내 품목허가 신청) | 2026-06-30: 지속가능경영보고서등관련사항(자율공시)               | 2026-06-26: 기업설명회(IR)개최(안내공시)              ,4
HLB생명과학,067630,0,OK,,,,2026-07-01: 주식등의대량보유상황보고서(일반) | 2026-07-01: 임원ㆍ주요주주특정증권등소유상황보고서 | 2026-07-01: 임원ㆍ주요주주특정증권등소유상황보고서 | 2026-07-01: 임원ㆍ주요주주특정증권등소유상황보고서 | 2026-07-01: 임원ㆍ주요주주특정증권등소유상황보고서,5
하이트진로,000080,0,OK,,,,2026-07-08: 지속가능경영보고서등관련사항(자율공시)               | 2026-06-29: 동일인등출자계열회사와의상품ㆍ용역거래 | 2026-06-29: 동일인등출자계열회사와의상품ㆍ용역거래,3
코오롱인더,120110,0,OK,,,,2026-07-13: 조회공시요구(풍문또는보도)에대한답변(미확정)               | 2026-07-13: 합병등종료보고서(주식의포괄적교환ㆍ이전) | 2026-07-02: 임원ㆍ주요주주특정증권등소유상황보고서 | 2026-07-01: 주식등의대량보유상황보고서(약식) | 2026-06-30: 지속가능경영보고서등관련사항(자율공시)              ,5
한미약품,128940,0,OK,,,,2026-07-14: 기업설명회(IR)개최(안내공시)               | 2026-07-14: 결산실적공시예고(안내공시)               | 2026-07-10: 사외이사의선임ㆍ해임또는중도퇴임에관한신고 | 2026-07-02: 임원ㆍ주요주주특정증권등소유상황보고서,4
제주반도체,080220,0,OK,,,,2026-07-07: [기재정정]의결권대리행사권유참고서류 | 2026-07-07: [기재정정]주주총회소집공고 | 2026-07-07: [기재정정]주주총회소집결의              (임시주주총회),3
엔솔바이오사이언스,140610,0,OK,,,,2026-07-13: 주식등의대량보유상황보고서(약식) | 2026-07-03: 기업설명회(IR)개최결과               | 2026-06-30: 지정자문인선임계약의변경               | 2026-06-19: 증권발행결과(자율공시)              (제3자배정 유상증자),4
DN오토모티브,007340,0,OK,,,,2026-07-15: 현금ㆍ현물배당결정               | 2026-07-15: 현금ㆍ현물배당을위한주주명부폐쇄(기준일)결정               | 2026-07-08: 주식등의대량보유상황보고서(일반),3
멕아이씨에스,058110,0,OK,,,,2026-07-16: [기재정정]주주총회소집결의              (임시주주총회) | 2026-07-08: 기업설명회(IR)개최               | 2026-07-08: 기업설명회(IR)개최               | 2026-06-24: 주주총회소집결의              (임시주주총회) | 2026-06-24: 주주명부폐쇄기간또는기준일설정              ,5
엔젯,419080,0,OK,,,,2026-07-02: 임원ㆍ주요주주특정증권등소유상황보고서 | 2026-07-01: [기재정정]주식등의대량보유상황보고서(일반) | 2026-07-01: 주식등의대량보유상황보고서(일반) | 2026-06-30: 임원ㆍ주요주주특정증권등소유상황보고서,4
아톤,158430,0,OK,,,,2026-07-13: 주식등의대량보유상황보고서(일반) | 2026-07-10: 주주총회소집공고 | 2026-07-10: [기재정정]주주총회소집결의              (임시주주총회) | 2026-07-09: 주식등의대량보유상황보고서(약식) | 2026-06-24: 금전대여결정              (대여기간 연장),5
솔브레인,357780,0,OK,,,,2026-07-10: 주식등의대량보유상황보고서(약식) | 2026-07-01: 주식등의대량보유상황보고서(약식) | 2026-07-01: 주식등의대량보유상황보고서(약식) | 2026-06-29: 지속가능경영보고서등관련사항(자율공시)              ,4
동성케미컬,102260,0,OK,,,,2026-07-15: 현금ㆍ현물배당결정               | 2026-07-10: 최대주주등소유주식변동신고서               | 2026-07-10: 임원ㆍ주요주주특정증권등소유상황보고서 | 2026-07-03: 최대주주등소유주식변동신고서               | 2026-07-03: 임원ㆍ주요주주특정증권등소유상황보고서,5
에이비엘바이오,298380,0,OK,,,,2026-07-16: 주식등의대량보유상황보고서(일반) | 2026-07-09: 투자판단관련주요경영사항(임상시험계획변경승인)              (이중항체 면역항암제 ABL503의 제1상 임상시험계획 (IND) 변경승인) | 2026-07-06: 주식등의대량보유상황보고서(일반) | 2026-07-02: 기업설명회(IR)개최               | 2026-07-02: 기업설명회(IR)개최              ,6
대림통상,006570,0,OK,,,,2026-06-29: 주식등의대량보유상황보고서(일반) | 2026-06-29: 임원ㆍ주요주주특정증권등소유상황보고서 | 2026-06-29: 최대주주등소유주식변동신고서               | 2026-06-26: 주식등의대량보유상황보고서(일반) | 2026-06-26: 임원ㆍ주요주주특정증권등소유상황보고서,15
대한제분,001130,0,OK,,,,2026-07-15: 주식등의대량보유상황보고서(일반) | 2026-07-14: [기재정정]벌금등의부과               | 2026-06-23: 기업가치제고계획(자율공시)              ,3
동방,004140,0,OK,,,,2026-06-29: 최대주주등소유주식변동신고서               | 2026-06-29: 임원ㆍ주요주주특정증권등소유상황보고서 | 2026-06-25: 임원ㆍ주요주주특정증권등소유상황보고서,3
S-Oil,010950,0,OK,,,,2026-07-16: 사외이사의선임ㆍ해임또는중도퇴임에관한신고 | 2026-07-03: 임원ㆍ주요주주특정증권등소유상황보고서 | 2026-06-30: [기재정정]신규시설투자등               | 2026-06-29: 지속가능경영보고서등관련사항(자율공시)              ,4
도이치모터스,067990,0,OK,,,,2026-07-14: [기재정정]타인에대한채무보증결정               | 2026-07-10: 주식등의대량보유상황보고서(일반) | 2026-07-01: 임원ㆍ주요주주특정증권등소유상황보고서 | 2026-07-01: 주식등의대량보유상황보고서(일반) | 2026-06-23: [기재정정]타인에대한채무보증결정              ,5
이씨에스,067010,0,OK,,,,2026-07-14: 임원ㆍ주요주주특정증권등소유상황보고서 | 2026-06-22: 기업가치제고계획(자율공시)              (2026년 (주)이씨에스텔레콤 기업가치 제고 계획) | 2026-06-19: 정기주주총회결과              ,3
엠케이전자,033160,0,OK,,,,2026-07-09: 임원ㆍ주요주주특정증권등소유상황보고서 | 2026-07-09: 임원ㆍ주요주주특정증권등소유상황보고서 | 2026-07-09: 주식등의대량보유상황보고서(약식) | 2026-07-08: 주식등의대량보유상황보고서(일반) | 2026-07-01: 주식등의대량보유상황보고서(약식),8
인베니아,079950,0,OK,,단일판매ㆍ공급계약체결              (+5),최대주주변경을수반하는주식담보제공계약해제ㆍ취소등              (-5),2026-07-16: 임원ㆍ주요주주특정증권등소유상황보고서 | 2026-07-16: 임원ㆍ주요주주특정증권등소유상황보고서 | 2026-07-15: 불성실공시법인지정예고              (공시불이행) | 2026-07-14: 임원ㆍ주요주주특정증권등소유상황보고서 | 2026-07-08: 임원ㆍ주요주주특정증권등소유상황보고서,14
대원전선,006340,0,OK,,,,2026-07-13: 임원ㆍ주요주주특정증권등소유상황보고서 | 2026-07-13: 최대주주등소유주식변동신고서               | 2026-06-30: 임원ㆍ주요주주특정증권등소유상황보고서 | 2026-06-30: 임원ㆍ주요주주특정증권등소유상황보고서 | 2026-06-30: 최대주주등소유주식변동신고서              ,7
스모트로닉,066590,0,OK,,,,2026-07-14: 임원ㆍ주요주주특정증권등소유상황보고서 | 2026-07-08: 주식등의대량보유상황보고서(일반) | 2026-07-08: 임원ㆍ주요주주특정증권등소유상황보고서 | 2026-07-02: 타법인주식및출자증권처분결정              ,4
키스트론,475430,0,OK,,,,2026-07-08: 임원ㆍ주요주주특정증권등거래계획보고서 | 2026-07-08: 임원ㆍ주요주주특정증권등거래계획보고서 | 2026-07-08: 임원ㆍ주요주주특정증권등거래계획보고서 | 2026-06-26: 임원ㆍ주요주주특정증권등거래계획보고서 | 2026-06-26: 임원ㆍ주요주주특정증권등거래계획보고서,8
LX인터내셔널,001120,0,OK,,,,2026-07-10: 주식등의대량보유상황보고서(약식) | 2026-06-30: 지속가능경영보고서등관련사항(자율공시)               | 2026-06-26: 임원ㆍ주요주주특정증권등소유상황보고서,3
한국카본,017960,0,OK,,,,2026-07-06: 주식등의대량보유상황보고서(일반) | 2026-07-01: 주식등의대량보유상황보고서(약식) | 2026-06-25: 주식등의대량보유상황보고서(일반),3
리브스메드,491000,0,OK,,,,2026-07-10: 임원ㆍ주요주주특정증권등소유상황보고서 | 2026-07-10: 임원ㆍ주요주주특정증권등소유상황보고서 | 2026-07-10: 임원ㆍ주요주주특정증권등소유상황보고서 | 2026-07-10: 임원ㆍ주요주주특정증권등소유상황보고서 | 2026-07-10: 주식등의대량보유상황보고서(일반),7
코아시아씨엠,196450,0,OK,,,,2026-07-08: 임원ㆍ주요주주특정증권등소유상황보고서 | 2026-07-08: 임원ㆍ주요주주특정증권등소유상황보고서 | 2026-07-08: 임원ㆍ주요주주특정증권등소유상황보고서 | 2026-07-08: 임원ㆍ주요주주특정증권등소유상황보고서 | 2026-07-08: 주식등의대량보유상황보고서(일반),12
율촌화학,008730,0,OK,,,,2026-07-01: 주식등의대량보유상황보고서(약식) | 2026-06-29: 주식등의대량보유상황보고서(일반) | 2026-06-29: 사외이사의선임ㆍ해임또는중도퇴임에관한신고 | 2026-06-19: 최대주주등소유주식변동신고서              ,4
산은캐피탈,008270,0,OK,,,,2026-07-13: 증권발행실적보고서 | 2026-07-13: 투자설명서(일괄신고) | 2026-07-13: 일괄신고추가서류 | 2026-07-13: 증권발행실적보고서 | 2026-07-10: 투자설명서(일괄신고),6
코웨이,021240,0,OK,,,,2026-07-10: 임원ㆍ주요주주특정증권등거래계획보고서 | 2026-07-07: 주식등의대량보유상황보고서(일반) | 2026-07-07: 기업설명회(IR)개최(안내공시)               | 2026-06-30: 지속가능경영보고서등관련사항(자율공시)               | 2026-06-26: 최대주주등소유주식변동신고서              ,6
동일산업,004890,0,OK,,,,2026-07-16: 최대주주등소유주식변동신고서               | 2026-07-13: 최대주주등소유주식변동신고서               | 2026-07-08: 최대주주등소유주식변동신고서               | 2026-07-02: 최대주주등소유주식변동신고서              ,4
넥센타이어,002350,0,OK,,,,2026-07-15: 기업설명회(IR)개최(안내공시)               | 2026-07-13: 타인에대한채무보증결정               | 2026-07-07: 임원ㆍ주요주주특정증권등거래계획보고서 | 2026-06-30: 지속가능경영보고서등관련사항(자율공시)              ,4
메가터치,446540,0,OK,,,,2026-06-30: 임원ㆍ주요주주특정증권등소유상황보고서 | 2026-06-30: 주요사항보고서(유형자산양수결정) | 2026-06-23: 임원ㆍ주요주주특정증권등소유상황보고서,3
한국토지신탁,034830,0,OK,,,,2026-07-03: 주식등의대량보유상황보고서(일반) | 2026-07-01: 임원ㆍ주요주주특정증권등소유상황보고서 | 2026-06-30: [기재정정]투자판단관련주요경영사항              ,3
아이티센씨티에스,031820,0,OK,,,,2026-07-13: 타인에대한채무보증결정               | 2026-07-13: 지속가능경영보고서등관련사항(자율공시)               | 2026-07-13: 타인에대한채무보증결정              ,3
에스엠벡셀,010580,0,OK,,,,2026-07-15: 최대주주등소유주식변동신고서               | 2026-07-15: 주식등의대량보유상황보고서(일반) | 2026-07-15: 임원ㆍ주요주주특정증권등소유상황보고서 | 2026-07-13: 기업설명회(IR)개최(안내공시)               | 2026-07-09: 최대주주등소유주식변동신고서              ,13
우림피티에스,101170,0,OK,,,,2026-07-10: 주식등의대량보유상황보고서(일반) | 2026-07-07: 주식등의대량보유상황보고서(일반) | 2026-07-07: [기재정정]주식등의대량보유상황보고서(일반) | 2026-07-07: [기재정정]주식등의대량보유상황보고서(일반) | 2026-07-06: [기재정정]주식등의대량보유상황보고서(일반),12
한화생명,088350,0,OK,,,,2026-07-14: [기재정정]계열금융회사의약관에의한금융거래-[유가증권-수익증권] | 2026-07-14: 계열금융회사의약관에의한금융거래-[유가증권-수익증권] | 2026-07-14: 계열금융회사의약관에의한금융거래-[유가증권-채권] | 2026-07-14: 계열금융회사의약관에의한금융거래-[보험] | 2026-07-13: 임원ㆍ주요주주특정증권등소유상황보고서,11
CJ,001040,0,OK,,,,2026-07-08: 타인에대한채무보증결정(자회사의 주요경영사항)               | 2026-07-02: 임원ㆍ주요주주특정증권등소유상황보고서 | 2026-06-22: 타인에대한채무보증결정(자회사의 주요경영사항)              ,3
파인테크닉스,106240,0,OK,,,,2026-07-10: 주주총회소집결의              (임시주주총회) | 2026-07-10: 주주명부폐쇄기간또는기준일설정               | 2026-07-06: 전환사채(해외전환사채포함)발행후만기전사채취득               | 2026-06-29: 전환사채(해외전환사채포함)발행후만기전사채취득              ,4
리노공업,058470,0,OK,,,,2026-07-10: 주식등의대량보유상황보고서(약식) | 2026-07-08: 주식등의대량보유상황보고서(약식) | 2026-07-01: 주식등의대량보유상황보고서(약식),3
GS,078930,0,OK,,,,2026-07-13: 지속가능경영보고서등관련사항(자율공시)               | 2026-07-09: 주식등의대량보유상황보고서(일반) | 2026-07-06: 장래사업ㆍ경영계획(공정공시)               | 2026-07-03: 최대주주등소유주식변동신고서               | 2026-06-25: 최대주주등소유주식변동신고서              ,7
교보증권,030610,0,OK,,,,2026-07-16: 주주총회소집결의               | 2026-07-16: 주주명부폐쇄기간또는기준일설정               | 2026-07-16: 증권발행실적보고서 | 2026-07-16: 증권발행실적보고서 | 2026-07-16: 증권발행실적보고서,100
티엘엔지니어링,413300,0,OK,,,,2026-07-03: 기업설명회(IR)개최결과               | 2026-06-22: 기업설명회(IR)개최결과               | 2026-06-19: 기업설명회(IR)개최              ,3
LG,003550,0,OK,,,,2026-07-03: 주식등의대량보유상황보고서(일반) | 2026-07-01: 주식등의대량보유상황보고서(약식) | 2026-06-30: 투자판단관련주요경영사항(자회사의 주요경영사항)              (제미다파엠서방정 국내 품목허가 신청) | 2026-06-22: 기업설명회(IR)개최(안내공시)              ,4
글로벌에스엠,900070,0,OK,,,,2026-07-01: 임원ㆍ주요주주특정증권등소유상황보고서 | 2026-07-01: 임원ㆍ주요주주특정증권등소유상황보고서 | 2026-07-01: 임원ㆍ주요주주특정증권등소유상황보고서 | 2026-07-01: 임원ㆍ주요주주특정증권등소유상황보고서,4
지니틱스,303030,0,OK,,,,2026-07-15: [기재정정]주주총회소집결의              (임시주주총회) | 2026-07-01: 주주명부폐쇄기간또는기준일설정               | 2026-07-01: 주주총회소집결의              (임시주주총회),3
노루페인트,090350,0,OK,,,,2026-07-16: 최대주주등소유주식변동신고서               | 2026-06-30: 최대주주등소유주식변동신고서               | 2026-06-26: 최대주주등소유주식변동신고서               | 2026-06-24: 최대주주등소유주식변동신고서              ,4
한국특강,007280,0,OK,,,,2026-07-01: 최대주주등소유주식변동신고서               | 2026-07-01: 주식등의대량보유상황보고서(일반) | 2026-06-24: 임원ㆍ주요주주특정증권등거래계획보고서 | 2026-06-24: 임원ㆍ주요주주특정증권등거래계획보고서,4
영흥,012160,0,OK,,,,2026-07-15: 주식등의대량보유상황보고서(일반) | 2026-07-15: 최대주주등소유주식변동신고서               | 2026-07-15: 임원ㆍ주요주주특정증권등소유상황보고서 | 2026-07-14: 주식등의대량보유상황보고서(일반) | 2026-07-14: 최대주주등소유주식변동신고서              ,12
노루홀딩스,000320,0,OK,,,,2026-07-10: 주식등의대량보유상황보고서(일반) | 2026-07-03: 임원ㆍ주요주주특정증권등소유상황보고서 | 2026-07-03: 임원ㆍ주요주주특정증권등소유상황보고서 | 2026-07-03: 주식등의대량보유상황보고서(일반) | 2026-07-03: 최대주주등소유주식변동신고서              ,5
포커스에이아이,331380,0,OK,,,,2026-07-14: 임원ㆍ주요주주특정증권등소유상황보고서 | 2026-06-30: 주식등의대량보유상황보고서(일반) | 2026-06-29: [기재정정]유형자산처분결정(자율공시)               | 2026-06-29: [기재정정]주식매수선택권부여에관한신고 | 2026-06-26: 임시주주총회결과              ,5
사조대림,003960,0,OK,,,,2026-07-16: 최대주주등소유주식변동신고서               | 2026-07-16: 임원ㆍ주요주주특정증권등소유상황보고서 | 2026-07-16: 주식등의대량보유상황보고서(일반) | 2026-07-10: 최대주주등소유주식변동신고서               | 2026-07-10: 임원ㆍ주요주주특정증권등소유상황보고서,10
삼성출판사,068290,0,OK,,,,2026-07-16: 임원ㆍ주요주주특정증권등소유상황보고서 | 2026-07-16: 최대주주등소유주식변동신고서               | 2026-07-13: 임원ㆍ주요주주특정증권등소유상황보고서 | 2026-07-13: 최대주주등소유주식변동신고서               | 2026-06-30: 임원ㆍ주요주주특정증권등소유상황보고서,8
현대엘리베이터,017800,0,OK,,,,2026-07-13: 최대주주등소유주식변동신고서               | 2026-07-13: 주식등의대량보유상황보고서(일반) | 2026-07-13: 임원ㆍ주요주주특정증권등소유상황보고서 | 2026-07-13: 임원ㆍ주요주주특정증권등소유상황보고서 | 2026-07-13: 임원ㆍ주요주주특정증권등소유상황보고서,36
에넥스,011090,0,OK,,,,2026-06-30: 주식등의대량보유상황보고서(일반) | 2026-06-30: 최대주주등소유주식변동신고서               | 2026-06-19: 임원ㆍ주요주주특정증권등거래계획보고서 | 2026-06-19: 임원ㆍ주요주주특정증권등소유상황보고서 | 2026-06-19: 임원ㆍ주요주주특정증권등소유상황보고서,9
한울소재과학,091440,0,OK,,,,2026-07-15: 전환청구권행사               | 2026-07-10: 주식등의대량보유상황보고서(일반) | 2026-07-10: 주식등의대량보유상황보고서(약식) | 2026-07-01: [기재정정]주주총회소집결의              ,4
피엠티,147760,0,OK,,,,2026-07-14: 임원ㆍ주요주주특정증권등소유상황보고서 | 2026-07-14: 임원ㆍ주요주주특정증권등소유상황보고서 | 2026-07-14: 임원ㆍ주요주주특정증권등소유상황보고서 | 2026-07-06: [기재정정]임원ㆍ주요주주특정증권등소유상황보고서 | 2026-07-06: 주식등의대량보유상황보고서(일반),11
흥국에프엔비,189980,0,OK,,,,2026-07-13: 주식등의대량보유상황보고서(일반) | 2026-07-13: 임원ㆍ주요주주특정증권등소유상황보고서 | 2026-07-07: 임원ㆍ주요주주특정증권등소유상황보고서 | 2026-07-03: 임원ㆍ주요주주특정증권등소유상황보고서,4
인디에프,014990,0,OK,,,,2026-07-03: 최대주주등소유주식변동신고서               | 2026-07-03: 임원ㆍ주요주주특정증권등소유상황보고서 | 2026-06-29: 주식등의대량보유상황보고서(일반) | 2026-06-29: 임원ㆍ주요주주특정증권등소유상황보고서 | 2026-06-24: 임원ㆍ주요주주특정증권등소유상황보고서,7
에임드바이오,0009K0,0,OK,,,,2026-07-16: 사외이사의선임ㆍ해임또는중도퇴임에관한신고 | 2026-07-16: 임시주주총회결과               | 2026-07-15: [기재정정]투자판단관련주요경영사항(임상시험계획승인신청)              (BI 4060107 (ODS025)의 제 1상 임상시험계획 승인 신청) | 2026-07-01: 주주총회소집공고 | 2026-06-30: 기업설명회(IR)개최              ,7
싸이토젠,217330,0,OK,,,,2026-06-26: 주식등의대량보유상황보고서(일반) | 2026-06-26: 임원ㆍ주요주주특정증권등소유상황보고서 | 2026-06-26: 주식등의대량보유상황보고서(일반),3
레인보우로보틱스,277810,0,OK,,,,2026-07-13: [기재정정]신규시설투자등               | 2026-07-03: 사외이사의선임ㆍ해임또는중도퇴임에관한신고 | 2026-07-03: 임시주주총회결과              ,3
아이엠비디엑스,461030,0,OK,,,,2026-07-09: 임원ㆍ주요주주특정증권등소유상황보고서 | 2026-07-07: 임원ㆍ주요주주특정증권등소유상황보고서 | 2026-06-30: 임원ㆍ주요주주특정증권등소유상황보고서 | 2026-06-30: 임원ㆍ주요주주특정증권등소유상황보고서 | 2026-06-29: 임원ㆍ주요주주특정증권등소유상황보고서,5
와이랩,432430,0,OK,,,,2026-07-09: 주식등의대량보유상황보고서(일반) | 2026-07-07: 임원ㆍ주요주주특정증권등소유상황보고서 | 2026-07-07: 임원ㆍ주요주주특정증권등소유상황보고서 | 2026-07-07: [기재정정]주식등의대량보유상황보고서(일반) | 2026-07-06: 임시주주총회결과              ,7
엔비티,236810,0,OK,,,,2026-07-16: 주식등의대량보유상황보고서(일반) | 2026-07-15: 기업가치제고계획예고               | 2026-07-06: 영업실적등에대한전망(공정공시)               | 2026-07-06: 주주총회소집결의               | 2026-07-06: 주주명부폐쇄기간또는기준일설정              ,5
하나투어,039130,0,OK,,,,2026-07-16: [첨부정정]지속가능경영보고서등관련사항(자율공시)               | 2026-07-07: 주주명부폐쇄기간또는기준일설정               | 2026-07-07: 주주총회소집결의               | 2026-07-01: 지속가능경영보고서등관련사항(자율공시)               | 2026-07-01: 주식등의대량보유상황보고서(약식),5
한글과컴퓨터,030520,0,OK,,,,2026-07-13: 주식등의대량보유상황보고서(일반) | 2026-07-07: 임원ㆍ주요주주특정증권등소유상황보고서 | 2026-07-07: 주식등의대량보유상황보고서(일반) | 2026-07-02: 임원ㆍ주요주주특정증권등소유상황보고서 | 2026-07-02: 주식등의대량보유상황보고서(일반),9
미래에셋글로벌리츠,396690,0,OK,,,,2026-07-16: 임원ㆍ주요주주특정증권등소유상황보고서 | 2026-07-08: [기재정정]부동산투자회사자금차입               | 2026-07-03: 불성실공시법인지정               | 2026-06-24: 부동산투자회사자금차입               | 2026-06-24: 정기주주총회결과              ,6
디알텍,214680,0,OK,,,,2026-07-16: 의결권대리행사권유참고서류 | 2026-07-16: 주주총회소집공고 | 2026-07-15: 임원ㆍ주요주주특정증권등소유상황보고서 | 2026-07-13: 주식등의대량보유상황보고서(약식) | 2026-07-03: 전환사채(해외전환사채포함)발행후만기전사채취득              ,11
바이오스마트,038460,0,OK,,,,2026-07-15: 임원ㆍ주요주주특정증권등소유상황보고서 | 2026-07-15: 임원ㆍ주요주주특정증권등소유상황보고서 | 2026-07-09: 주식등의대량보유상황보고서(약식) | 2026-07-08: 주식등의대량보유상황보고서(일반) | 2026-07-08: 임원ㆍ주요주주특정증권등소유상황보고서,6
한국금융지주,071050,0,OK,,,,2026-07-16: [기재정정]타법인주식및출자증권취득결정(자회사의 주요경영사항)               | 2026-07-02: 증권발행실적보고서 | 2026-07-02: 임원ㆍ주요주주특정증권등소유상황보고서 | 2026-07-02: 투자설명서 | 2026-07-01: [발행조건확정]증권신고서(채무증권),10
석경에이티,357550,0,OK,,,,2026-07-06: 임원ㆍ주요주주특정증권등소유상황보고서 | 2026-07-06: 임원ㆍ주요주주특정증권등소유상황보고서 | 2026-06-29: 주요사항보고서(자기주식취득신탁계약체결결정) | 2026-06-22: 주식등의대량보유상황보고서(일반) | 2026-06-22: 임원ㆍ주요주주특정증권등소유상황보고서,5
파루,043200,0,OK,,,,2026-07-16: 임시주주총회결과               | 2026-06-30: 의결권대리행사권유참고서류 | 2026-06-30: 주주총회소집공고,3
부산은행,005280,0,OK,,,,2026-07-14: 증권발행실적보고서 | 2026-07-13: 투자설명서(일괄신고) | 2026-07-13: 일괄신고추가서류 | 2026-07-02: 증권발행실적보고서 | 2026-07-01: 투자설명서(일괄신고),6
유니테크노,241690,0,OK,,,,2026-07-14: 기업설명회(IR)개최               | 2026-07-06: 전환가액의조정               | 2026-07-06: 신주인수권행사가액의조정              ,3
BNK금융지주,138930,0,OK,,,,2026-07-01: 주식등의대량보유상황보고서(약식) | 2026-06-30: 지속가능경영보고서등관련사항(자율공시)               | 2026-06-26: 증권발행실적보고서 | 2026-06-25: 단기차입금증가결정(자회사의 주요경영사항)               | 2026-06-25: 투자설명서(일괄신고),6
한샘,009240,0,OK,,,,2026-07-14: 임원ㆍ주요주주특정증권등소유상황보고서 | 2026-07-13: 임원ㆍ주요주주특정증권등소유상황보고서 | 2026-07-01: 주식등의대량보유상황보고서(약식) | 2026-07-01: 현금ㆍ현물배당결정               | 2026-06-30: 지속가능경영보고서등관련사항(자율공시)              ,5
사조씨푸드,014710,0,OK,,,,2026-06-26: 동일인등출자계열회사와의상품ㆍ용역거래 | 2026-06-25: 최대주주등소유주식변동신고서               | 2026-06-25: 임원ㆍ주요주주특정증권등소유상황보고서,3
삼성화재해상보험,000810,0,OK,,,,2026-07-14: 계열금융회사의약관에의한금융거래-[유가증권-수익증권] | 2026-07-14: 계열금융회사의약관에의한금융거래-[유가증권-채권] | 2026-07-14: 계열금융회사의약관에의한금융거래-[보험] | 2026-06-30: 지속가능경영보고서등관련사항(자율공시)               | 2026-06-26: 특수관계인과의수익증권거래,10
큐로홀딩스,051780,0,OK,,,,2026-07-15: 주식등의대량보유상황보고서(일반) | 2026-07-15: 임원ㆍ주요주주특정증권등소유상황보고서 | 2026-07-10: 주식등의대량보유상황보고서(약식),3
이퓨쳐,134060,0,OK,,,,2026-06-24: 주요사항보고서(자기주식취득신탁계약체결결정) | 2026-06-24: 신탁계약해지결과보고서 | 2026-06-24: 주요사항보고서(자기주식취득신탁계약해지결정),3
리더스코스메틱,016100,0,OK,,,,2026-07-08: 주식등의대량보유상황보고서(일반) | 2026-07-08: 임원ㆍ주요주주특정증권등소유상황보고서 | 2026-07-03: 주식등의대량보유상황보고서(일반) | 2026-07-03: [기재정정]주식등의대량보유상황보고서(일반) | 2026-07-03: 임원ㆍ주요주주특정증권등소유상황보고서,10
앱토크롬,109960,0,OK,,,,"2026-06-29: [기재정정]주권관련사채권의취득결정               | 2026-06-26: [기재정정]주요사항보고서(주권관련사채권양도결정) | 2026-06-26: [기재정정]투자판단관련주요경영사항              ((주)에이프로젠의 AP096, Adalimumab Biosimilar 개발을 위한 투자금 분담 계약 체결) | 2026-06-23: [기재정정]주권관련사채권의취득결정               | 2026-06-19: [기재정정]주권관련사채권의취득결정              ",5
휴젤,145020,0,OK,,,,2026-07-13: 전환청구권행사               | 2026-07-02: [기재정정]주식등의대량보유상황보고서(일반) | 2026-07-02: [기재정정]주식등의대량보유상황보고서(일반) | 2026-07-02: [기재정정]주식등의대량보유상황보고서(일반) | 2026-06-24: 주식등의대량보유상황보고서(일반),5
네오이뮨텍,950220,0,OK,,,,2026-07-13: 기업설명회(IR)개최               | 2026-07-10: 임원ㆍ주요주주특정증권등소유상황보고서 | 2026-07-10: 임원ㆍ주요주주특정증권등소유상황보고서 | 2026-07-10: 임원ㆍ주요주주특정증권등소유상황보고서 | 2026-07-10: 임원ㆍ주요주주특정증권등소유상황보고서,6
NAVER,035420,0,OK,,,,2026-07-16: 임원ㆍ주요주주특정증권등소유상황보고서 | 2026-07-16: 임원ㆍ주요주주특정증권등소유상황보고서 | 2026-07-16: 임원ㆍ주요주주특정증권등소유상황보고서 | 2026-07-16: 임원ㆍ주요주주특정증권등소유상황보고서 | 2026-07-16: 임원ㆍ주요주주특정증권등소유상황보고서,16
유니크,011320,0,OK,,,,2026-07-16: 자기주식취득결과보고서 | 2026-07-16: 임원ㆍ주요주주특정증권등소유상황보고서 | 2026-07-10: 임원ㆍ주요주주특정증권등소유상황보고서 | 2026-07-06: 현금ㆍ현물배당결정              (분기배당) | 2026-07-06: 사외이사의선임ㆍ해임또는중도퇴임에관한신고,8
태광산업,003240,0,OK,,,,2026-06-30: 공정거래자율준수프로그램운영현황(안내공시)               | 2026-06-30: 기업설명회(IR)개최(안내공시)               | 2026-06-30: 특수관계인에대한자금대여 | 2026-06-30: 기업가치제고계획(자율공시)               | 2026-06-30: [기재정정]특수관계인과의수익증권거래,6
신흥,004080,0,OK,,,,2026-07-15: 최대주주등소유주식변동신고서               | 2026-06-30: 임원ㆍ주요주주특정증권등소유상황보고서 | 2026-06-30: 주식등의대량보유상황보고서(일반) | 2026-06-30: 임원ㆍ주요주주특정증권등소유상황보고서 | 2026-06-30: 최대주주등소유주식변동신고서              ,5
씨유메디칼,115480,0,OK,,,,2026-07-13: 주식등의대량보유상황보고서(일반) | 2026-07-09: 기타경영사항(자율공시)              (제 11회차 무기명식 이권부 무보증 전환사채 소각 결정의 건) | 2026-07-06: 주요사항보고서(자기전환사채만기전취득결정),3
에이엘티,172670,0,OK,,,,2026-07-06: 임원ㆍ주요주주특정증권등소유상황보고서 | 2026-07-06: 주식등의대량보유상황보고서(일반) | 2026-07-02: 주식등의대량보유상황보고서(일반) | 2026-06-22: 임원ㆍ주요주주특정증권등소유상황보고서 | 2026-06-22: 주식등의대량보유상황보고서(일반),5
큐캐피탈,016600,0,OK,,,,2026-06-26: 주식등의대량보유상황보고서(일반) | 2026-06-26: 임원ㆍ주요주주특정증권등소유상황보고서 | 2026-06-26: 임원ㆍ주요주주특정증권등소유상황보고서 | 2026-06-26: 임원ㆍ주요주주특정증권등소유상황보고서 | 2026-06-26: 임원ㆍ주요주주특정증권등소유상황보고서,10
동인기연,111380,0,OK,,,,2026-07-10: 임원ㆍ주요주주특정증권등소유상황보고서 | 2026-07-10: 최대주주등소유주식변동신고서               | 2026-07-10: 임원ㆍ주요주주특정증권등소유상황보고서,3
비보존 제약,082800,0,OK,,,,2026-07-10: 주식등의대량보유상황보고서(일반) | 2026-07-01: [기재정정]주식등의대량보유상황보고서(일반) | 2026-06-30: 주식등의대량보유상황보고서(일반) | 2026-06-19: 주식등의대량보유상황보고서(일반),4
세경하이테크,148150,0,OK,,,,2026-07-03: 임원ㆍ주요주주특정증권등소유상황보고서 | 2026-07-03: 주식등의대량보유상황보고서(일반) | 2026-06-30: 전환주식의전환가액조정              (상환전환우선주),3
티비에이치글로벌,084870,0,OK,,,,2026-07-13: 임원ㆍ주요주주특정증권등소유상황보고서 | 2026-07-13: 최대주주등소유주식변동신고서               | 2026-07-03: 임원ㆍ주요주주특정증권등소유상황보고서 | 2026-07-03: 임원ㆍ주요주주특정증권등소유상황보고서 | 2026-07-03: 최대주주등소유주식변동신고서              ,8
성우,458650,0,OK,,,,2026-07-13: 임시주주총회결과               | 2026-06-25: 의결권대리행사권유참고서류 | 2026-06-25: 주주총회소집공고,3
코스텍시스템,169670,0,OK,,,,2026-07-03: 주주총회소집공고 | 2026-06-25: 기업설명회(IR)개최결과               | 2026-06-24: 주식등의대량보유상황보고서(일반),3
코람코라이프인프라리츠,357120,0,OK,,,,2026-07-16: 임원ㆍ주요주주특정증권등소유상황보고서 | 2026-07-13: 부동산투자회사자금차입               | 2026-07-09: 부동산투자회사부동산처분               | 2026-07-09: 부동산투자회사부동산처분               | 2026-07-09: 부동산투자회사자금차입              ,11
비스토스,419540,0,OK,,,,2026-07-16: 기타경영사항(자율공시)              (제2회 무기명식 이권부 무보증 전환사채 소각(말소) 결정의 건) | 2026-07-06: 주요사항보고서(자기전환사채만기전취득결정) | 2026-06-22: 주식등의대량보유상황보고서(일반) | 2026-06-22: 임원ㆍ주요주주특정증권등소유상황보고서,4
제이엘케이,322510,0,OK,,,,2026-07-09: 주주총회소집결의              (임시주주총회) | 2026-07-09: 주주명부폐쇄기간또는기준일설정               | 2026-06-19: 주식등의대량보유상황보고서(약식),3
티웨이홀딩스,004870,0,OK,,,,2026-07-09: 단기차입금증가결정               | 2026-07-08: 최대주주등소유주식변동신고서               | 2026-06-19: 임시주주총회결과              ,3
일월지엠엘,178780,0,OK,,,,2026-07-07: [기재정정]사업보고서 (2025.12) | 2026-07-06: 주주명부폐쇄기간또는기준일설정               | 2026-07-06: 주주총회소집결의              (임시주주총회) | 2026-06-23: 주식등의대량보유상황보고서(일반) | 2026-06-23: 임원ㆍ주요주주특정증권등소유상황보고서,5
샤페론,378800,0,OK,,,,2026-07-09: 불성실공시법인지정예고              (공시불이행) | 2026-07-07: [기재정정]주식병합결정               | 2026-06-30: 주식등의대량보유상황보고서(일반) | 2026-06-29: 주주명부폐쇄기간또는기준일설정               | 2026-06-29: 주주총회소집결의              (임시주주총회),8
에스케이바이오팜,326030,0,OK,,,,2026-06-29: 단기차입금증가결정               | 2026-06-22: 투자판단관련주요경영사항              (Insilico Medicine과의 공동연구개발 파트너십 계약 체결) | 2026-06-19: 지속가능경영보고서등관련사항(자율공시)              ,3
에코프로머티,450080,0,OK,,,,2026-07-13: 결산실적공시예고(안내공시)               | 2026-07-13: 기업설명회(IR)개최(안내공시)               | 2026-07-07: 주식등의대량보유상황보고서(일반) | 2026-07-01: 주식등의대량보유상황보고서(약식) | 2026-06-25: 최대주주등소유주식변동신고서              ,8
에스앤에스텍,101490,0,OK,,,,2026-07-06: 주식등의대량보유상황보고서(약식) | 2026-07-03: 타법인주식및출자증권취득결정(종속회사의주요경영사항)               | 2026-07-01: 주식등의대량보유상황보고서(약식),3
제일기획,030000,0,OK,,,,2026-07-15: 기업설명회(IR)개최(안내공시)               | 2026-07-15: 결산실적공시예고(안내공시)               | 2026-07-03: 최대주주등소유주식변동신고서               | 2026-06-19: 주식등의대량보유상황보고서(약식),4
진코스텍,250030,0,OK,,,,2026-07-06: 기타주요경영사항(자율공시)              (코스닥시장 상장을 위한 상장예비심사 신청) | 2026-07-06: 이전상장결정               | 2026-07-03: 기업설명회(IR)개최결과               | 2026-06-19: 기업설명회(IR)개최              ,4
INVENI,015360,0,OK,,,,2026-07-07: 임원ㆍ주요주주특정증권등소유상황보고서 | 2026-07-07: 주식등의대량보유상황보고서(일반) | 2026-07-07: 최대주주등소유주식변동신고서               | 2026-06-30: 임원ㆍ주요주주특정증권등소유상황보고서 | 2026-06-30: 주식등의대량보유상황보고서(일반),6
엔알비,475230,0,OK,,,,2026-07-13: 임원ㆍ주요주주특정증권등소유상황보고서 | 2026-07-10: 임원ㆍ주요주주특정증권등소유상황보고서 | 2026-06-26: 임원ㆍ주요주주특정증권등소유상황보고서 | 2026-06-25: 임원ㆍ주요주주특정증권등소유상황보고서 | 2026-06-19: 임원ㆍ주요주주특정증권등소유상황보고서,12
프로티나,468530,0,OK,,,,2026-07-14: 타법인주식및출자증권취득결정               | 2026-07-09: 투자판단관련주요경영사항              (항체 바이오베터 공동기술개발 및 기술이전 옵션 계약 체결) | 2026-07-07: 기업설명회(IR)개최              ,3
플래티어,367000,0,OK,,,,2026-07-08: 임원ㆍ주요주주특정증권등소유상황보고서 | 2026-07-03: 임원ㆍ주요주주특정증권등소유상황보고서 | 2026-07-01: 임원ㆍ주요주주특정증권등소유상황보고서,3
롤링스톤,214610,0,OK,,,,2026-06-30: 임시주주총회결과               | 2026-06-30: 사외이사의선임ㆍ해임또는중도퇴임에관한신고 | 2026-06-19: [첨부정정]금전대여결정              (대여기간 연장),3
롯데하이마트,071840,0,OK,,,,2026-07-16: [기재정정]주주총회소집공고 | 2026-07-16: 의결권대리행사권유참고서류 | 2026-07-16: 주주총회소집공고 | 2026-06-29: 지속가능경영보고서등관련사항(자율공시)               | 2026-06-25: 주주명부폐쇄기간또는기준일설정              ,6
효성화학,298000,0,OK,,,,2026-07-16: 타인에대한채무보증결정               | 2026-07-13: 지속가능경영보고서등관련사항(자율공시)               | 2026-06-30: 타인에대한채무보증결정              ,3
콜마홀딩스,024720,0,OK,,,,2026-07-15: 최대주주등소유주식변동신고서               | 2026-07-15: 임원ㆍ주요주주특정증권등소유상황보고서 | 2026-07-15: 주식등의대량보유상황보고서(일반) | 2026-07-10: 최대주주등소유주식변동신고서               | 2026-07-10: 주식등의대량보유상황보고서(일반),13
E1,017940,0,OK,,,,2026-07-13: 최대주주등소유주식변동신고서               | 2026-07-13: 주식등의대량보유상황보고서(일반) | 2026-07-13: 임원ㆍ주요주주특정증권등소유상황보고서 | 2026-07-13: 임원ㆍ주요주주특정증권등소유상황보고서 | 2026-07-13: 임원ㆍ주요주주특정증권등소유상황보고서,9
CG인바이츠,083790,0,OK,,,,2026-07-13: 소송등의제기ㆍ신청(일정금액이상의청구)              (약정금) | 2026-07-06: 임원ㆍ주요주주특정증권등소유상황보고서 | 2026-07-01: [기재정정]주식등의대량보유상황보고서(일반) | 2026-07-01: 주식등의대량보유상황보고서(일반) | 2026-06-29: 주식매수선택권부여에관한신고,9
제우스,079370,0,OK,,,,2026-07-14: 임원ㆍ주요주주특정증권등소유상황보고서 | 2026-07-07: 임원ㆍ주요주주특정증권등소유상황보고서 | 2026-06-30: 임원ㆍ주요주주특정증권등소유상황보고서 | 2026-06-26: 임원ㆍ주요주주특정증권등소유상황보고서 | 2026-06-26: 임원ㆍ주요주주특정증권등소유상황보고서,6
광동헬스바이오,086220,0,OK,,,,2026-07-13: 임원ㆍ주요주주특정증권등소유상황보고서 | 2026-07-13: 주식등의대량보유상황보고서(일반) | 2026-06-26: 기업설명회(IR)개최결과              ,3
삼성SDI,006400,0,OK,,,,2026-07-14: 기업설명회(IR)개최(안내공시)               | 2026-07-09: 최대주주등소유주식변동신고서               | 2026-07-03: 장래사업ㆍ경영계획(공정공시)               | 2026-07-02: 장래사업ㆍ경영계획(공정공시)               | 2026-07-01: 주식등의대량보유상황보고서(약식),7
원익피앤이,217820,0,OK,,,,2026-06-30: 임원ㆍ주요주주특정증권등소유상황보고서 | 2026-06-30: 임원ㆍ주요주주특정증권등소유상황보고서 | 2026-06-30: 임원ㆍ주요주주특정증권등소유상황보고서,3
우리이앤엘하루틴,153490,0,OK,,,,2026-07-15: 임시주주총회결과               | 2026-06-30: 의결권대리행사권유참고서류 | 2026-06-30: 주주총회소집공고 | 2026-06-26: 자기주식취득결과보고서,4
힘스,238490,0,OK,,,,2026-07-07: 임원ㆍ주요주주특정증권등소유상황보고서 | 2026-07-02: 임원ㆍ주요주주특정증권등소유상황보고서 | 2026-06-26: [기재정정]사업보고서 (2025.12) | 2026-06-26: [기재정정]사업보고서 (2025.12) | 2026-06-22: 주식등의대량보유상황보고서(일반),5
엑스플러스,373200,0,OK,,,,2026-07-13: 임원ㆍ주요주주특정증권등소유상황보고서 | 2026-07-13: [기재정정]임원ㆍ주요주주특정증권등거래계획보고서 | 2026-06-29: 불성실공시법인지정              (공시불이행) | 2026-06-22: [기재정정]주식등의대량보유상황보고서(일반) | 2026-06-22: 주식등의대량보유상황보고서(일반),6
베셀,177350,0,OK,,,,2026-06-23: 임시주주총회결과               | 2026-06-23: [기재정정]전환사채(해외전환사채포함)발행후만기전사채취득              (제7회차) | 2026-06-23: 주요사항보고서(자기주식취득신탁계약체결결정),3
DB증권,016610,0,OK,,,,2026-07-16: 증권발행실적보고서 | 2026-07-16: 증권발행실적보고서 | 2026-07-16: 증권발행실적보고서 | 2026-07-16: 증권발행실적보고서 | 2026-07-15: 투자설명서(일괄신고),67
아이로보틱스,066430,0,OK,,,,2026-07-13: 사외이사의선임ㆍ해임또는중도퇴임에관한신고 | 2026-07-13: 임시주주총회결과               | 2026-07-09: [기재정정]소송등의제기ㆍ신청(경영권분쟁소송)              (주주총회 개최금지 가처분) | 2026-07-08: 조회공시요구(현저한시황변동)에대한답변(미확정)               | 2026-07-07: 소송등의제기ㆍ신청(경영권분쟁소송)              (주주총회 개최금지 가처분),8
풍전약품,298060,0,OK,,,,2026-07-06: 임원ㆍ주요주주특정증권등소유상황보고서 | 2026-07-06: 주식등의대량보유상황보고서(일반) | 2026-06-30: 증권발행결과(자율공시)              (제3자배정),3
3S,060310,0,OK,,,,2026-06-30: 임원ㆍ주요주주특정증권등소유상황보고서 | 2026-06-30: 주식등의대량보유상황보고서(일반) | 2026-06-25: 정기주주총회결과               | 2026-06-23: 임원ㆍ주요주주특정증권등소유상황보고서,4
빛과전자,069540,0,OK,,,,2026-07-09: 주주명부폐쇄기간또는기준일설정               | 2026-07-09: 주주총회소집결의               | 2026-06-19: 기타경영사항(자율공시)              ,3
뉴엔AI,463020,0,OK,,,,2026-07-10: 임원ㆍ주요주주특정증권등소유상황보고서 | 2026-07-10: 임원ㆍ주요주주특정증권등소유상황보고서 | 2026-07-10: 임원ㆍ주요주주특정증권등소유상황보고서 | 2026-07-10: 임원ㆍ주요주주특정증권등소유상황보고서 | 2026-07-06: 주식매수선택권행사              ,7
아모레퍼시픽,090430,0,OK,,,,2026-07-15: 최대주주등소유주식변동신고서               | 2026-07-15: 주식등의대량보유상황보고서(일반) | 2026-07-15: 임원ㆍ주요주주특정증권등소유상황보고서 | 2026-07-06: 임원ㆍ주요주주특정증권등소유상황보고서 | 2026-07-06: 임원ㆍ주요주주특정증권등소유상황보고서,6
라온시큐어,042510,0,OK,,,,2026-07-08: 주요사항보고서(자기주식취득신탁계약체결결정) | 2026-06-29: 임원ㆍ주요주주특정증권등소유상황보고서 | 2026-06-24: 임원ㆍ주요주주특정증권등소유상황보고서,3
체시스,033250,0,OK,,,,2026-07-09: 주식등의대량보유상황보고서(일반) | 2026-07-06: 임원ㆍ주요주주특정증권등소유상황보고서 | 2026-07-06: 최대주주등소유주식변동신고서               | 2026-07-02: 최대주주등소유주식변동신고서               | 2026-07-01: [기재정정]임원ㆍ주요주주특정증권등소유상황보고서,12
롯데리츠,330590,0,OK,,,,2026-07-16: 임원ㆍ주요주주특정증권등소유상황보고서 | 2026-07-16: 매출액또는손익구조30%(대규모법인은15%)이상변경               | 2026-07-09: 임원ㆍ주요주주특정증권등소유상황보고서 | 2026-07-02: 임원ㆍ주요주주특정증권등소유상황보고서 | 2026-06-30: 부동산투자회사자산보관위탁계약변경              ,7
미래에셋증권,006800,0,OK,,,,2026-07-16: 증권발행실적보고서 | 2026-07-16: 증권발행실적보고서 | 2026-07-16: 증권발행실적보고서 | 2026-07-16: 증권발행실적보고서 | 2026-07-16: 투자설명서(일괄신고),100
넥스틴,348210,0,OK,,,,2026-07-16: 임원ㆍ주요주주특정증권등소유상황보고서 | 2026-07-10: 주식등의대량보유상황보고서(약식) | 2026-07-10: 임원ㆍ주요주주특정증권등소유상황보고서,3
세림B&G,340440,0,OK,,,,2026-07-07: [기재정정]주주총회소집결의              (임시주주총회) | 2026-07-07: 주식병합결정               | 2026-07-01: 주주총회소집결의              (임시주주총회) | 2026-07-01: 주주명부폐쇄기간또는기준일설정              ,4
디와이에이,002880,0,OK,,,,2026-07-14: 임원ㆍ주요주주특정증권등소유상황보고서 | 2026-07-10: 최대주주등소유주식변동신고서               | 2026-07-08: 주식등의대량보유상황보고서(일반) | 2026-07-08: 임원ㆍ주요주주특정증권등소유상황보고서 | 2026-07-08: 최대주주등소유주식변동신고서              ,14
동방메디컬,240550,0,OK,,,,2026-07-10: 주주총회소집결의              (임시주주총회) | 2026-07-10: 주주명부폐쇄기간또는기준일설정               | 2026-06-24: 기업설명회(IR)개최              ,3
녹십자,006280,0,OK,,,,2026-07-16: 신규시설투자등               | 2026-07-10: [기재정정]주요사항보고서(타법인주식및출자증권양도결정) | 2026-07-09: [기재정정]주요사항보고서(타법인주식및출자증권양도결정) | 2026-07-01: 최대주주등소유주식변동신고서               | 2026-07-01: 주식등의대량보유상황보고서(약식),7
씨앤지하이테크,264660,0,OK,,단일판매ㆍ공급계약체결              (+5),[기재정정]최대주주변경을수반하는주식담보제공계약체결              (-5),2026-07-06: 주식등의대량보유상황보고서(일반) | 2026-07-06: [기재정정]사업보고서 (2025.12) | 2026-06-30: [기재정정]최대주주변경을수반하는주식담보제공계약체결               | 2026-06-29: 단일판매ㆍ공급계약체결               | 2026-06-26: 주식등의대량보유상황보고서(일반),5
한화리츠,451800,0,OK,,,,2026-07-16: 임원ㆍ주요주주특정증권등소유상황보고서 | 2026-07-16: [기재정정]부동산투자회사부동산임대               | 2026-07-13: 사업보고서 (2026.04) | 2026-07-13: 감사보고서제출               | 2026-07-09: 임원ㆍ주요주주특정증권등소유상황보고서,12
KC그린홀딩스,009440,0,OK,,,,2026-07-01: [기재정정]사업보고서 (2025.12) | 2026-07-01: [기재정정]주요사항보고서(채권은행등의관리절차개시)(자회사의 주요경영사항)               | 2026-06-26: [기재정정]투자판단관련주요경영사항(자회사의 주요경영사항)              ,3
삼익THK,004380,0,OK,,,,2026-07-07: 최대주주등소유주식변동신고서               | 2026-07-07: [기재정정]최대주주등소유주식변동신고서               | 2026-06-26: 최대주주등소유주식변동신고서              ,3
LX홀딩스,383800,0,OK,,,,2026-07-10: 임원ㆍ주요주주특정증권등거래계획보고서 | 2026-07-10: 임원ㆍ주요주주특정증권등거래계획보고서 | 2026-07-02: 주식등의대량보유상황보고서(약식) | 2026-06-30: 지속가능경영보고서등관련사항(자율공시)               | 2026-06-30: [기재정정]신규시설투자등(자회사의 주요경영사항)              ,6
빌리언스,044480,0,OK,,,,2026-07-16: 주주총회소집공고 | 2026-07-16: [기재정정]주주총회소집결의              (임시주주총회) | 2026-07-16: 주식병합결정               | 2026-07-10: 주식등의대량보유상황보고서(약식),4
에이텍,045660,0,OK,,,,2026-07-02: 임원ㆍ주요주주특정증권등거래계획보고서 | 2026-06-29: 주식등의대량보유상황보고서(일반) | 2026-06-26: 임원ㆍ주요주주특정증권등거래계획보고서 | 2026-06-26: 임원ㆍ주요주주특정증권등소유상황보고서 | 2026-06-24: 임원ㆍ주요주주특정증권등소유상황보고서,6
파미셀,005690,0,OK,,,,2026-07-10: 주식등의대량보유상황보고서(일반) | 2026-06-19: 임원ㆍ주요주주특정증권등소유상황보고서 | 2026-06-19: 임원ㆍ주요주주특정증권등소유상황보고서 | 2026-06-19: 임원ㆍ주요주주특정증권등소유상황보고서 | 2026-06-19: 임원ㆍ주요주주특정증권등소유상황보고서,8
NC,036570,0,OK,,,,2026-07-02: 임원ㆍ주요주주특정증권등소유상황보고서 | 2026-07-01: 주식등의대량보유상황보고서(약식) | 2026-06-24: 지속가능경영보고서등관련사항(자율공시)              ,3
삼립,005610,0,OK,,,,2026-06-30: 불성실공시법인지정               | 2026-06-26: 중대재해발생               | 2026-06-25: 임원ㆍ주요주주특정증권등소유상황보고서 | 2026-06-25: 최대주주등소유주식변동신고서              ,4
한화투자증권,003530,0,OK,,,,2026-07-16: 투자설명서(일괄신고) | 2026-07-16: 증권발행실적보고서 | 2026-07-16: 증권발행실적보고서 | 2026-07-16: 일괄신고추가서류(파생결합사채-주가연계파생결합사채) | 2026-07-16: 증권발행실적보고서,100
우듬지팜,403490,0,OK,,,,2026-07-10: 임시주주총회결과               | 2026-07-02: [기재정정]주식병합결정               | 2026-06-24: 주주총회소집공고,3
광주은행,192530,0,OK,,,,2026-07-02: 증권발행실적보고서 | 2026-07-01: 투자설명서(일괄신고) | 2026-07-01: 일괄신고추가서류 | 2026-06-30: 증권발행실적보고서 | 2026-06-29: 투자설명서(일괄신고),9
퓨쳐켐,220100,0,OK,,,,2026-07-14: 권리락              (유상증자) | 2026-07-14: [기재정정]투자설명서 | 2026-07-14: [발행조건확정]증권신고서(지분증권) | 2026-07-14: [기재정정]주요사항보고서(유무상증자결정) | 2026-07-14: 유상증자1차발행가액결정              ,9
LG디스플레이,034220,0,OK,,,,2026-07-03: 임원ㆍ주요주주특정증권등소유상황보고서 | 2026-07-01: 결산실적공시예고(안내공시)               | 2026-07-01: 기업설명회(IR)개최(안내공시)               | 2026-06-30: 지속가능경영보고서등관련사항(자율공시)              ,4
동양생명,082640,0,OK,,,,2026-07-16: 주주총회소집공고 | 2026-07-15: 기업설명회(IR)개최(안내공시)               | 2026-07-03: [기재정정]주요사항보고서(주식교환ㆍ이전결정),3
우리금융지주,316140,0,OK,,,,2026-07-16: 투자설명서 | 2026-07-16: 효력발생안내( 2026.7.6. 제출 증권신고서(주식의포괄적교환ㆍ이전) ) | 2026-07-09: 증권발행실적보고서 | 2026-07-08: 투자설명서(일괄신고) | 2026-07-08: 일괄신고추가서류,14
진양홀딩스,100250,0,OK,,,,2026-07-16: [기재정정]유형자산처분결정(자회사의 주요경영사항)               | 2026-07-15: 현금ㆍ현물배당결정(자회사의 주요경영사항)               | 2026-07-15: 현금ㆍ현물배당결정(자회사의 주요경영사항)               | 2026-07-06: 현금ㆍ현물배당결정               | 2026-07-06: 현금ㆍ현물배당을위한주주명부폐쇄(기준일)결정              ,5
키이스트,054780,0,OK,,,,2026-07-03: 주식등의대량보유상황보고서(약식) | 2026-06-25: 전환사채(해외전환사채포함)발행후만기전사채취득               | 2026-06-24: 소송등의판결ㆍ결정(일정금액이상의청구)              ,3
폴라리스오피스,041020,0,OK,,,,2026-07-03: 주식등의대량보유상황보고서(일반) | 2026-07-03: 임원ㆍ주요주주특정증권등소유상황보고서 | 2026-07-03: 임원ㆍ주요주주특정증권등소유상황보고서 | 2026-06-22: 주식등의대량보유상황보고서(일반),4
한화손해보험,000370,0,OK,,,,2026-07-15: 임원ㆍ주요주주특정증권등소유상황보고서 | 2026-07-15: 임원ㆍ주요주주특정증권등소유상황보고서 | 2026-07-13: 계열금융회사의약관에의한금융거래-[보험] | 2026-07-13: 계열금융회사의약관에의한금융거래-[유가증권-채권] | 2026-07-13: 계열금융회사의약관에의한금융거래-[유가증권-수익증권],11
대상홀딩스,084690,0,OK,,,,2026-07-07: 벌금등의부과(자회사의 주요경영사항)               | 2026-07-02: 단기차입금증가결정(자회사의 주요경영사항)               | 2026-06-26: [기재정정]주주명부폐쇄기간또는기준일설정               | 2026-06-19: 주주명부폐쇄기간또는기준일설정              ,4
유비온,084440,0,OK,,,,2026-07-13: 주주총회소집공고 | 2026-07-10: 기업설명회(IR)개최               | 2026-07-06: 주요사항보고서(자기주식취득신탁계약체결결정) | 2026-07-02: 임원ㆍ주요주주특정증권등소유상황보고서 | 2026-07-02: 신탁계약해지결과보고서,7
시프트업,462870,0,OK,,,,2026-06-30: 최대주주등소유주식변동신고서               | 2026-06-30: 임원ㆍ주요주주특정증권등소유상황보고서 | 2026-06-30: 주식등의대량보유상황보고서(일반),3
에이치엔에스하이텍,044990,0,OK,,,,2026-07-15: 임원ㆍ주요주주특정증권등소유상황보고서 | 2026-06-26: 임원ㆍ주요주주특정증권등소유상황보고서 | 2026-06-26: 주식등의대량보유상황보고서(일반),3
로젠,033290,0,OK,,,,2026-07-14: [첨부정정]증권신고서(합병) | 2026-07-14: [첨부정정]증권신고서(합병) | 2026-07-14: [기재정정]증권신고서(합병) | 2026-06-25: 주식등의대량보유상황보고서(일반),4
한화,000880,0,OK,,,,2026-07-15: 중대재해발생(종속회사의주요경영사항)               | 2026-07-15: 임시주주총회결과               | 2026-06-30: 지속가능경영보고서등관련사항(자율공시)               | 2026-06-30: 주주총회소집공고 | 2026-06-25: 의결권대리행사권유참고서류,6
세화피앤씨,252500,0,OK,,,,2026-07-10: 임시주주총회결과               | 2026-07-09: 주식등의대량보유상황보고서(일반) | 2026-07-09: 임원ㆍ주요주주특정증권등소유상황보고서 | 2026-06-23: 의결권대리행사권유참고서류 | 2026-06-23: 주주총회소집공고,5
슈프리마에이치큐,094840,0,OK,,,,2026-07-13: 주주총회소집공고 | 2026-07-08: 의결권대리행사권유참고서류 | 2026-07-07: 현금ㆍ현물배당결정              (분기배당) | 2026-07-07: [기재정정]주주총회소집결의              (임시주주총회),4
메리츠금융지주,138040,0,OK,,,,2026-06-30: 신탁계약에의한취득상황보고서 | 2026-06-26: 임원ㆍ주요주주특정증권등소유상황보고서 | 2026-06-26: 임원ㆍ주요주주특정증권등소유상황보고서 | 2026-06-26: 기타경영사항(종속회사의주요경영사항)              ,4
STX,011810,0,OK,,,,2026-07-02: [기재정정]투자판단관련주요경영사항               | 2026-06-30: 기타시장안내              (개선계획 이행 여부 심의 요청) | 2026-06-26: [기재정정]투자판단관련주요경영사항               | 2026-06-26: [기재정정]투자판단관련주요경영사항               | 2026-06-22: 기타시장안내              (개선기간 종료 및 향후 절차 안내),5
천보,278280,0,OK,,,,2026-07-03: 임원ㆍ주요주주특정증권등소유상황보고서 | 2026-07-03: 주식등의대량보유상황보고서(일반) | 2026-06-29: 전환가액의조정               | 2026-06-26: 주식등의대량보유상황보고서(일반) | 2026-06-22: 임원ㆍ주요주주특정증권등소유상황보고서,6
한국화장품제조,003350,0,OK,,,,2026-06-24: 최대주주등소유주식변동신고서               | 2026-06-24: 임원ㆍ주요주주특정증권등소유상황보고서 | 2026-06-24: 임원ㆍ주요주주특정증권등소유상황보고서 | 2026-06-24: 임원ㆍ주요주주특정증권등소유상황보고서 | 2026-06-24: 임원ㆍ주요주주특정증권등소유상황보고서,6
비츠로시스,054220,0,OK,,,,2026-07-03: 주식등의대량보유상황보고서(약식) | 2026-06-30: 주요사항보고서(자기전환사채매도결정) | 2026-06-30: 주요사항보고서(자기전환사채매도결정),3
미래에셋맵스리츠,357250,0,OK,,,,2026-07-16: 임원ㆍ주요주주특정증권등소유상황보고서 | 2026-07-15: 매출액또는손익구조30%(대규모법인은15%)이상변경               | 2026-07-15: 부동산투자회사금전배당결정               | 2026-07-02: 임원ㆍ주요주주특정증권등소유상황보고서 | 2026-06-25: 임원ㆍ주요주주특정증권등소유상황보고서,5
에스에이엠티,031330,0,OK,,,,2026-07-16: [기재정정]타인에대한채무보증결정               | 2026-07-02: 타인에대한채무보증결정               | 2026-06-30: 타인에대한채무보증결정               | 2026-06-26: 타인에대한채무보증결정               | 2026-06-25: 타인에대한채무보증결정              ,6
웹스,196700,0,OK,,,,2026-07-13: 주요사항보고서(자기주식취득신탁계약체결결정) | 2026-06-30: 주식등의대량보유상황보고서(일반) | 2026-06-30: 임원ㆍ주요주주특정증권등소유상황보고서,3
한국비엔씨,256840,0,OK,,,,2026-07-13: 주식등의대량보유상황보고서(일반) | 2026-06-29: 주식등의대량보유상황보고서(일반) | 2026-06-29: 임원ㆍ주요주주특정증권등소유상황보고서 | 2026-06-26: 기타경영사항(자율공시)              (의약품 회수·폐기 및 잠정 제조중지 등 명령 취소 소송 상고심 판결),4
키다리스튜디오,020120,0,OK,,,,2026-06-24: 주요사항보고서(자기주식취득신탁계약체결결정) | 2026-06-24: 신탁계약해지결과보고서 | 2026-06-24: 주요사항보고서(자기주식취득신탁계약해지결정),3
플레이위드,023770,0,OK,,,,2026-07-15: 임원ㆍ주요주주특정증권등소유상황보고서 | 2026-07-03: 임원ㆍ주요주주특정증권등거래계획보고서 | 2026-07-03: 주식등의대량보유상황보고서(일반) | 2026-07-03: 임원ㆍ주요주주특정증권등소유상황보고서 | 2026-07-03: 임원ㆍ주요주주특정증권등소유상황보고서,10
우진비앤지,018620,0,OK,,,,2026-07-15: 임원ㆍ주요주주특정증권등소유상황보고서 | 2026-07-15: 주식등의대량보유상황보고서(일반) | 2026-07-06: 주식등의대량보유상황보고서(일반) | 2026-06-22: 임원ㆍ주요주주특정증권등소유상황보고서 | 2026-06-22: 임원ㆍ주요주주특정증권등소유상황보고서,5
현대제철,004020,0,OK,,,,2026-07-10: 기업설명회(IR)개최(안내공시)               | 2026-07-10: 기업설명회(IR)개최(안내공시)               | 2026-07-01: 주식등의대량보유상황보고서(약식),3
ES큐브,050120,0,OK,,,,2026-07-13: 임원ㆍ주요주주특정증권등거래계획보고서 | 2026-07-13: 임원ㆍ주요주주특정증권등거래계획보고서 | 2026-07-01: [기재정정]사업보고서 (2025.12) | 2026-06-22: 주식등의대량보유상황보고서(일반),4
넷마블,251270,0,OK,,,,2026-07-16: [기재정정]대규모기업집단현황공시[연1회공시및1/4분기용(대표회사)] | 2026-06-30: 지속가능경영보고서등관련사항(자율공시)               | 2026-06-25: 신탁계약해지결과보고서 | 2026-06-25: 주요사항보고서(자기주식취득신탁계약해지결정) | 2026-06-25: 신탁계약에의한취득상황보고서,5
이지트로닉스,377330,0,OK,,,,2026-06-22: 대표이사변경               | 2026-06-22: 임시주주총회결과               | 2026-06-22: 사외이사의선임ㆍ해임또는중도퇴임에관한신고,3
누보,332290,0,OK,,,,2026-07-08: [기재정정]주식병합결정               | 2026-07-08: [기재정정]주주총회소집결의               | 2026-07-01: 기업설명회(IR)개최               | 2026-06-29: 주주총회소집결의               | 2026-06-29: 주식병합결정              ,6
삼일,032280,0,OK,,,,2026-07-08: 임원ㆍ주요주주특정증권등소유상황보고서 | 2026-07-08: 주식등의대량보유상황보고서(일반) | 2026-07-03: 임원ㆍ주요주주특정증권등소유상황보고서,3
와이엠씨,155650,0,OK,,,,2026-06-29: 주식등의대량보유상황보고서(일반) | 2026-06-26: 임원ㆍ주요주주특정증권등소유상황보고서 | 2026-06-25: 임원ㆍ주요주주특정증권등소유상황보고서,3
두산밥캣,241560,0,OK,,,,2026-07-10: 기업설명회(IR)개최(안내공시)               | 2026-07-10: 기업설명회(IR)개최(안내공시)               | 2026-07-10: 결산실적공시예고(안내공시)               | 2026-07-01: 지주회사의자회사탈퇴               | 2026-07-01: 주식등의대량보유상황보고서(약식),6
SK리츠,395400,0,OK,,,,2026-07-16: 임원ㆍ주요주주특정증권등소유상황보고서 | 2026-07-09: 임원ㆍ주요주주특정증권등소유상황보고서 | 2026-07-02: 임원ㆍ주요주주특정증권등소유상황보고서 | 2026-07-02: 부동산투자회사자금차입               | 2026-06-25: 임원ㆍ주요주주특정증권등소유상황보고서,5
ESR켄달스퀘어리츠,365550,0,OK,,,,2026-07-16: 임원ㆍ주요주주특정증권등소유상황보고서 | 2026-07-13: 매출액또는손익구조30%(대규모법인은15%)이상변경               | 2026-07-13: 부동산투자회사금전배당결정               | 2026-07-09: 임원ㆍ주요주주특정증권등소유상황보고서 | 2026-07-02: 임원ㆍ주요주주특정증권등소유상황보고서,7
진성티이씨,036890,0,OK,,,,2026-07-06: 주식등의대량보유상황보고서(약식) | 2026-07-02: 임원ㆍ주요주주특정증권등소유상황보고서 | 2026-07-01: 주식등의대량보유상황보고서(약식) | 2026-06-23: 임원ㆍ주요주주특정증권등소유상황보고서,4
젝시믹스,337930,0,OK,,,,2026-07-16: [기재정정]중간(분기)배당을위한주주명부폐쇄(기준일)결정               | 2026-07-15: 중간(분기)배당을위한주주명부폐쇄(기준일)결정               | 2026-07-15: 전환사채(해외전환사채포함)발행후만기전사채취득              (제1회차) | 2026-07-15: 현금ㆍ현물배당결정              (분기배당) | 2026-07-10: 임원ㆍ주요주주특정증권등소유상황보고서,5
웅진,016880,0,OK,,,,2026-07-10: 주식등의대량보유상황보고서(약식) | 2026-06-30: 동일인등출자계열회사와의상품ㆍ용역거래 | 2026-06-19: 파산선고(자회사의 주요경영사항)              ,3
에스투더블유,488280,0,OK,,,,2026-07-16: 임원ㆍ주요주주특정증권등소유상황보고서 | 2026-07-16: 임원ㆍ주요주주특정증권등소유상황보고서 | 2026-07-16: 주식등의대량보유상황보고서(일반) | 2026-07-10: [기재정정]타법인주식및출자증권취득결정(자율공시)               | 2026-07-06: 주주총회소집결의              ,8
더블유게임즈,192080,0,OK,,,,2026-07-03: 주식등의대량보유상황보고서(일반) | 2026-07-03: 최대주주등소유주식변동신고서               | 2026-07-01: 주식등의대량보유상황보고서(약식),3
이큐셀,160600,0,OK,,,,2026-07-03: [기재정정]분기보고서 (2026.03) | 2026-07-03: [기재정정]사업보고서 (2025.12) | 2026-07-03: [기재정정]분기보고서 (2025.09) | 2026-07-03: [기재정정]반기보고서 (2025.06),4
엘컴텍,037950,0,OK,,,,2026-07-15: 임원ㆍ주요주주특정증권등소유상황보고서 | 2026-07-07: 임원ㆍ주요주주특정증권등소유상황보고서 | 2026-06-29: 주식등의대량보유상황보고서(일반) | 2026-06-29: 임원ㆍ주요주주특정증권등소유상황보고서,4
린드먼아시아,277070,0,OK,,,,2026-07-02: 신탁계약해지결과보고서 | 2026-07-01: 주요사항보고서(자기주식취득신탁계약해지결정) | 2026-07-01: 신탁계약에의한취득상황보고서,3
HLB파나진,046210,0,OK,,,,2026-07-16: 임원ㆍ주요주주특정증권등소유상황보고서 | 2026-07-16: 임원ㆍ주요주주특정증권등소유상황보고서 | 2026-06-30: 주식등의대량보유상황보고서(일반) | 2026-06-30: 임원ㆍ주요주주특정증권등소유상황보고서 | 2026-06-30: 임원ㆍ주요주주특정증권등소유상황보고서,5
코람코더원리츠,417310,0,OK,,,,2026-07-16: 임원ㆍ주요주주특정증권등소유상황보고서 | 2026-07-09: 임원ㆍ주요주주특정증권등소유상황보고서 | 2026-07-08: 주식등의대량보유상황보고서(약식) | 2026-07-02: 임원ㆍ주요주주특정증권등소유상황보고서 | 2026-07-02: 주식등의대량보유상황보고서(약식),6
웹젠,069080,0,OK,,,,2026-07-14: 주식등의대량보유상황보고서(일반) | 2026-07-14: 임원ㆍ주요주주특정증권등소유상황보고서 | 2026-07-08: 자기주식취득결과보고서,3
랩지노믹스,084650,0,OK,,,,2026-07-14: 임원ㆍ주요주주특정증권등소유상황보고서 | 2026-07-14: 주식등의대량보유상황보고서(일반) | 2026-06-29: 주식병합결정               | 2026-06-29: 주주총회소집결의               | 2026-06-29: 주주명부폐쇄기간또는기준일설정              ,5
하이퍼코퍼레이션,065650,0,OK,,,,2026-07-16: 주요사항보고서(타법인주식및출자증권양수결정) | 2026-07-16: 주요사항보고서(자기전환사채매도결정) | 2026-07-01: [기재정정]주주총회소집결의               | 2026-06-30: 금전대여결정              ,4
FSN,214270,0,OK,,,,2026-07-16: 임원ㆍ주요주주특정증권등소유상황보고서 | 2026-07-16: 임원ㆍ주요주주특정증권등소유상황보고서 | 2026-07-16: 주식등의대량보유상황보고서(일반) | 2026-06-29: 임원ㆍ주요주주특정증권등소유상황보고서 | 2026-06-29: 임원ㆍ주요주주특정증권등소유상황보고서,8
딥노이드,315640,0,OK,,,,2026-07-03: 주식등의대량보유상황보고서(약식) | 2026-06-22: 주식등의대량보유상황보고서(약식) | 2026-06-22: 임원ㆍ주요주주특정증권등소유상황보고서,3
이스트소프트,047560,0,OK,,,,2026-07-03: 주주명부폐쇄기간또는기준일설정               | 2026-07-03: 주주총회소집결의              (임시주주총회) | 2026-06-25: 주요사항보고서(자기주식취득신탁계약체결결정),3
풍원정밀,371950,0,OK,,,,2026-07-16: 전환주식의전환가액조정              (전환우선주) | 2026-07-16: 전환가액의조정               | 2026-06-26: 주식등의대량보유상황보고서(약식) | 2026-06-25: 임원ㆍ주요주주특정증권등소유상황보고서,4
제일파마홀딩스,002620,0,OK,,,,2026-07-15: 임원ㆍ주요주주특정증권등소유상황보고서 | 2026-07-15: 임원ㆍ주요주주특정증권등소유상황보고서 | 2026-07-15: 주식등의대량보유상황보고서(일반) | 2026-06-23: 임원ㆍ주요주주특정증권등소유상황보고서 | 2026-06-23: 임원ㆍ주요주주특정증권등소유상황보고서,5
신한카드,032710,0,OK,,,,2026-07-14: 증권발행실적보고서 | 2026-07-13: 투자설명서(일괄신고) | 2026-07-13: 일괄신고추가서류 | 2026-07-02: 증권발행실적보고서 | 2026-07-01: 투자설명서(일괄신고),10
HD현대일렉트릭,267260,0,OK,,,,2026-07-07: 임원ㆍ주요주주특정증권등소유상황보고서 | 2026-07-06: [기재정정]연결재무제표기준영업실적등에대한전망(공정공시)               | 2026-07-02: 투자판단관련주요경영사항               | 2026-07-01: 최대주주등소유주식변동신고서               | 2026-06-29: [기재정정]타인에대한채무보증결정              ,8
팜스코,036580,0,OK,,,,2026-07-07: 주식등의대량보유상황보고서(약식) | 2026-06-29: 타인에대한채무보증결정               | 2026-06-29: 동일인등출자계열회사와의상품ㆍ용역거래,3
국민은행,060000,0,OK,,,,2026-07-15: 증권발행실적보고서 | 2026-07-14: 투자설명서(일괄신고) | 2026-07-14: 일괄신고추가서류 | 2026-07-14: 증권발행실적보고서 | 2026-07-13: 투자설명서(일괄신고),12
세동,053060,0,OK,,,,2026-07-14: 임원ㆍ주요주주특정증권등소유상황보고서 | 2026-07-14: 임원ㆍ주요주주특정증권등소유상황보고서 | 2026-07-14: 주식등의대량보유상황보고서(일반) | 2026-07-10: 임원ㆍ주요주주특정증권등소유상황보고서 | 2026-07-10: 임원ㆍ주요주주특정증권등소유상황보고서,12
성광벤드,014620,0,OK,,,,2026-07-15: 주식등의대량보유상황보고서(약식) | 2026-07-13: 임원ㆍ주요주주특정증권등소유상황보고서 | 2026-07-10: 주식등의대량보유상황보고서(약식) | 2026-07-08: 임원ㆍ주요주주특정증권등소유상황보고서 | 2026-07-08: [기재정정]사업보고서 (2025.12),9
GRT,900290,0,OK,,,,2026-07-15: 기업설명회(IR)개최               | 2026-07-07: 주식등의대량보유상황보고서(일반) | 2026-07-07: 주식등의대량보유상황보고서(일반),3
HLB이노베이션,024850,0,OK,,,,2026-07-08: 기업설명회(IR)개최               | 2026-07-07: 주식등의대량보유상황보고서(일반) | 2026-07-01: 대표이사변경               | 2026-06-29: [기재정정]사업보고서 (2025.12) | 2026-06-25: [기재정정]타법인주식및출자증권취득결정              ,6
나이스정보통신,036800,0,OK,,,,2026-07-16: 임시주주총회결과               | 2026-07-01: 의결권대리행사권유참고서류 | 2026-07-01: 주주총회소집공고,3
금비,008870,0,OK,,,,2026-07-10: 임원ㆍ주요주주특정증권등소유상황보고서 | 2026-07-10: 최대주주등소유주식변동신고서               | 2026-07-06: 임원ㆍ주요주주특정증권등소유상황보고서 | 2026-07-06: 최대주주등소유주식변동신고서               | 2026-06-29: 임원ㆍ주요주주특정증권등소유상황보고서,8
메리츠제2호스팩,0165X0,0,OK,,,,2026-07-09: 주식등의대량보유상황보고서(약식) | 2026-06-25: 주식등의대량보유상황보고서(약식) | 2026-06-25: 임원ㆍ주요주주특정증권등소유상황보고서 | 2026-06-25: 주식등의대량보유상황보고서(일반),4
이지스밸류플러스리츠,334890,0,OK,,,,2026-07-16: 임원ㆍ주요주주특정증권등소유상황보고서 | 2026-07-15: 반기보고서 (2026.05) | 2026-07-14: 임원ㆍ주요주주특정증권등소유상황보고서 | 2026-07-10: 부동산투자회사자금차입               | 2026-07-10: 부동산투자회사증권취득              ,13
알비더블유,361570,0,OK,,,,2026-06-30: 연결재무제표기준영업실적등에대한전망(공정공시)               | 2026-06-30: 주주명부폐쇄기간또는기준일설정               | 2026-06-30: 주주총회소집결의              (임시주주총회),3
동원금속,018500,0,OK,,,,2026-07-13: 불성실공시법인지정               | 2026-06-29: 정기주주총회결과               | 2026-06-29: 대표이사(대표집행임원)변경(안내공시)               | 2026-06-24: [기재정정]주주총회소집공고 | 2026-06-24: [첨부정정]사업보고서 (2026.03),13
케이이엠텍,106080,0,OK,,,,2026-07-15: [기재정정]주주총회소집결의              (임시주주총회) | 2026-07-07: 사외이사의선임ㆍ해임또는중도퇴임에관한신고 | 2026-06-29: 본점소재지변경              ,3
대호에이엘,069460,0,OK,,,,2026-07-16: 소송등의제기ㆍ신청(경영권분쟁소송)               | 2026-07-15: 대출원리금연체사실발생               | 2026-07-15: 소송등의판결ㆍ결정               | 2026-07-14: [기재정정]소송등의제기ㆍ신청(경영권분쟁소송)               | 2026-07-13: 소송등의제기ㆍ신청(경영권분쟁소송)              ,13
모바일어플라이언스,087260,0,OK,,,,2026-07-08: 조회공시요구(풍문또는보도)에대한답변(미확정)               | 2026-07-06: 소송등의판결ㆍ결정               | 2026-07-06: 소송등의판결ㆍ결정               | 2026-06-30: 불성실공시법인지정예고              (공시불이행 8건) | 2026-06-30: 사외이사의선임ㆍ해임또는중도퇴임에관한신고,13
일정실업,008500,0,OK,,,,2026-06-30: 주식등의대량보유상황보고서(일반) | 2026-06-19: 임원ㆍ주요주주특정증권등소유상황보고서 | 2026-06-19: 주식등의대량보유상황보고서(일반) | 2026-06-19: [기재정정]주식등의대량보유상황보고서(일반) | 2026-06-19: 최대주주등소유주식변동신고서              ,5
갤럭시아에스엠,011420,0,OK,,,,2026-07-16: 최대주주등소유주식변동신고서               | 2026-07-09: 최대주주등소유주식변동신고서               | 2026-07-02: 최대주주등소유주식변동신고서               | 2026-07-02: 주식등의대량보유상황보고서(일반) | 2026-06-25: 최대주주등소유주식변동신고서              ,6
한국제16호스팩,0164H0,0,OK,,,,2026-07-07: 주식등의대량보유상황보고서(일반) | 2026-07-07: 임원ㆍ주요주주특정증권등소유상황보고서 | 2026-07-07: 주식등의대량보유상황보고서(약식) | 2026-07-01: 임원ㆍ주요주주특정증권등소유상황보고서 | 2026-07-01: 주식등의대량보유상황보고서(일반),8
삼화콘덴서공업,001820,0,OK,,,,2026-07-01: 주식등의대량보유상황보고서(약식) | 2026-06-23: 주식등의대량보유상황보고서(일반) | 2026-06-23: 최대주주등소유주식변동신고서              ,3
매일유업,267980,0,OK,,,,2026-07-07: 의결권대리행사권유참고서류 | 2026-07-07: 주주총회소집공고 | 2026-07-01: 대표이사변경              ,3
대원강업,000430,0,OK,,,,2026-07-03: 최대주주등소유주식변동신고서               | 2026-07-03: 임원ㆍ주요주주특정증권등소유상황보고서 | 2026-07-03: 주식등의대량보유상황보고서(일반) | 2026-06-24: 최대주주등소유주식변동신고서               | 2026-06-24: 임원ㆍ주요주주특정증권등소유상황보고서,6
KBG,318000,0,OK,,,,2026-07-15: 임원ㆍ주요주주특정증권등소유상황보고서 | 2026-07-07: 임원ㆍ주요주주특정증권등소유상황보고서 | 2026-06-30: 임원ㆍ주요주주특정증권등소유상황보고서 | 2026-06-23: 임원ㆍ주요주주특정증권등소유상황보고서 | 2026-06-23: 임원ㆍ주요주주특정증권등소유상황보고서,5
셀리드,299660,0,OK,,,,2026-07-14: 임원ㆍ주요주주특정증권등소유상황보고서 | 2026-07-09: 임원ㆍ주요주주특정증권등소유상황보고서 | 2026-07-07: 타인에대한담보제공결정               | 2026-07-07: [기재정정]주식매수선택권부여에관한신고 | 2026-07-07: [기재정정]주식매수선택권부여에관한신고,9
티엠씨,217590,0,OK,,,,2026-07-01: 기업설명회(IR)개최(안내공시)               | 2026-06-23: 임원ㆍ주요주주특정증권등소유상황보고서 | 2026-06-23: 주식등의대량보유상황보고서(약식) | 2026-06-19: 기업설명회(IR)개최(안내공시)              ,4
DKME,015590,0,OK,,,,2026-07-16: 사외이사의선임ㆍ해임또는중도퇴임에관한신고 | 2026-07-16: 소송등의판결ㆍ결정               | 2026-07-02: 주식등의대량보유상황보고서(약식),3
오텍,067170,0,OK,,,,2026-06-30: 신주인수권행사              (제13회차) | 2026-06-25: 주식등의대량보유상황보고서(일반) | 2026-06-25: 임원ㆍ주요주주특정증권등소유상황보고서 | 2026-06-25: 임원ㆍ주요주주특정증권등소유상황보고서,4
금강철강,053260,0,OK,,,,2026-07-08: 소송등의판결ㆍ결정               | 2026-07-08: 임시주주총회결과               | 2026-06-23: 주주총회소집공고,3
KG케미칼,001390,0,OK,,,,2026-06-29: [기재정정]타법인주식및출자증권취득결정(종속회사의주요경영사항)               | 2026-06-29: 최대주주등소유주식변동신고서               | 2026-06-29: 임원ㆍ주요주주특정증권등소유상황보고서 | 2026-06-29: 주식등의대량보유상황보고서(일반) | 2026-06-26: 주주총회소집결의              ,6
코리아써키트,007810,0,OK,,,,2026-07-07: 임원ㆍ주요주주특정증권등소유상황보고서 | 2026-07-02: 임원ㆍ주요주주특정증권등소유상황보고서 | 2026-07-01: 주식등의대량보유상황보고서(약식) | 2026-07-01: 주식등의대량보유상황보고서(약식) | 2026-06-23: 임원ㆍ주요주주특정증권등소유상황보고서,5
슈프리마,236200,0,OK,,,,2026-07-13: 주주총회소집공고 | 2026-07-08: 의결권대리행사권유참고서류 | 2026-07-07: [기재정정]주주총회소집결의              (임시주주총회) | 2026-07-07: 현금ㆍ현물배당결정              (분기배당),4
피제이메탈,128660,0,OK,,,,2026-07-10: 임원ㆍ주요주주특정증권등소유상황보고서 | 2026-07-01: 임원ㆍ주요주주특정증권등소유상황보고서 | 2026-07-01: 대표이사변경               | 2026-07-01: 임시주주총회결과              ,4
씨엠티엑스,388210,0,OK,,,,2026-07-07: 의결권대리행사권유참고서류 | 2026-07-07: 주주총회소집공고 | 2026-07-01: 주식등의대량보유상황보고서(약식) | 2026-07-01: 기업설명회(IR)개최               | 2026-06-19: 기업설명회(IR)개최              ,5
현대사료,016790,0,OK,,,,2026-07-07: 임원ㆍ주요주주특정증권등소유상황보고서 | 2026-07-02: [기재정정]타인에대한채무보증결정               | 2026-06-30: 사외이사의선임ㆍ해임또는중도퇴임에관한신고 | 2026-06-30: 대표이사변경               | 2026-06-30: 임시주주총회결과              ,5
디와이,013570,0,OK,,,,2026-07-10: 최대주주등소유주식변동신고서               | 2026-07-10: 임원ㆍ주요주주특정증권등소유상황보고서 | 2026-07-10: 주식등의대량보유상황보고서(일반) | 2026-07-03: 계열회사변경(자율공시)               | 2026-07-03: 지주회사의자회사탈퇴              ,7
HLB,028300,0,OK,,,,"2026-07-16: 주식등의대량보유상황보고서(일반) | 2026-07-16: 전환가액의조정               | 2026-07-15: 전환가액의조정               | 2026-07-10: 기타경영사항(자율공시)              (HLB 간암 1차 치료제(리보세라닙,캄렐리주맙 병용요법)FDA로부터 보완요구서한(CRL,Complete Response Letter)수령) | 2026-07-08: 기업설명회(IR)개최              ",8
DH오토넥스,000300,0,OK,,,,2026-07-09: 상장적격성실질심사관련주요개선계획(자율공시)               | 2026-07-09: 기타시장안내              (개선기간 부여 결정) | 2026-07-09: 주주총회소집공고 | 2026-07-09: [기재정정]주주총회소집결의               | 2026-06-19: [기재정정]분기보고서 (2026.03),7
우정바이오,215380,0,OK,,,,2026-07-08: 본점소재지변경               | 2026-07-08: 상호변경안내               | 2026-07-08: 임시주주총회결과               | 2026-06-23: 의결권대리행사권유참고서류 | 2026-06-23: 주주총회소집공고,5
레메디,387690,0,OK,,,,2026-07-16: 임원ㆍ주요주주특정증권등소유상황보고서 | 2026-07-16: 임원ㆍ주요주주특정증권등소유상황보고서 | 2026-07-15: 임원ㆍ주요주주특정증권등소유상황보고서 | 2026-07-15: 임원ㆍ주요주주특정증권등소유상황보고서 | 2026-07-14: 주식등의대량보유상황보고서(약식),8
더존비즈온,012510,0,OK,,,,2026-07-01: 최대주주등소유주식변동신고서               | 2026-06-30: 임원ㆍ주요주주특정증권등소유상황보고서 | 2026-06-30: 주식등의대량보유상황보고서(일반) | 2026-06-30: 합병등종료보고서(주식의포괄적교환ㆍ이전) | 2026-06-30: 지속가능경영보고서등관련사항(자율공시)              ,7
나무기술,242040,0,OK,,,,2026-07-13: 대표이사변경               | 2026-06-30: 상호변경안내               | 2026-06-30: 임시주주총회결과              ,3
코닉오토메이션,391710,0,OK,,,,2026-07-16: 주식등의대량보유상황보고서(일반) | 2026-07-14: 임원ㆍ주요주주특정증권등소유상황보고서 | 2026-07-13: 대표이사변경               | 2026-07-13: 임시주주총회결과               | 2026-07-10: 임원ㆍ주요주주특정증권등소유상황보고서,6
한중엔시에스,107640,0,OK,,,,2026-07-15: 임원ㆍ주요주주특정증권등소유상황보고서 | 2026-07-15: 대표이사변경               | 2026-07-15: 금전대여결정               | 2026-07-15: 임시주주총회결과               | 2026-07-14: 주식등의대량보유상황보고서(일반),10
디어유,376300,0,OK,,,,2026-07-02: 주식등의대량보유상황보고서(일반) | 2026-07-02: 주식등의대량보유상황보고서(일반) | 2026-06-29: 주식등의대량보유상황보고서(일반) | 2026-06-25: 임원ㆍ주요주주특정증권등거래계획보고서,4
금호석유화학,011780,0,OK,,,,2026-07-16: 결산실적공시예고(안내공시)               | 2026-07-14: 최대주주등소유주식변동신고서               | 2026-07-14: 임원ㆍ주요주주특정증권등소유상황보고서 | 2026-07-14: 임원ㆍ주요주주특정증권등소유상황보고서 | 2026-07-09: 임원ㆍ주요주주특정증권등소유상황보고서,15
부국철강,026940,0,OK,,,,2026-07-03: 최대주주등소유주식변동신고서               | 2026-06-24: 조회공시요구(현저한시황변동)에대한답변(중요공시대상없음)               | 2026-06-23: 조회공시요구(현저한시황변동)              ,3
세방전지,004490,0,OK,,,,2026-07-06: 공정거래자율준수프로그램운영현황(안내공시)               | 2026-07-01: 주식등의대량보유상황보고서(약식) | 2026-06-23: 지속가능경영보고서등관련사항(자율공시)              ,3
기업은행,024110,0,OK,,,,2026-07-13: 현금ㆍ현물배당결정               | 2026-06-25: 주요사항보고서(상각형조건부자본증권발행결정) | 2026-06-25: 지속가능경영보고서등관련사항(자율공시)              ,3
체리부로,066360,0,OK,,,,2026-07-15: 회사분할결정(종속회사의주요경영사항)               | 2026-07-06: 임시주주총회결과               | 2026-06-19: 주주총회소집공고,3
OCI홀딩스,010060,0,OK,,,,2026-07-16: [기재정정]타법인주식및출자증권취득결정(자회사의 주요경영사항)               | 2026-07-16: 지주회사의자회사탈퇴               | 2026-07-16: [기재정정]특수관계인에대한주식의처분 | 2026-07-02: 임원ㆍ주요주주특정증권등소유상황보고서 | 2026-07-02: 기업설명회(IR)개최(안내공시)              ,13
참엔지니어링,009310,0,OK,,,,2026-07-16: 기타경영사항(자율공시)               | 2026-07-15: 기타시장안내              (상장공시위원회 개최 결과 및 상장폐지 결정) | 2026-06-24: 임시주주총회결과               | 2026-06-23: 기타시장안내              (상장폐지 이의신청서 제출),4
이엠텍,091120,0,OK,,,,2026-07-08: 임원ㆍ주요주주특정증권등소유상황보고서 | 2026-07-06: 임원ㆍ주요주주특정증권등소유상황보고서 | 2026-06-23: 기타경영사항(자율공시)              (소규모합병 승인 이사회 결의(주주총회 갈음) 결과 보고),3
SK텔레콤,017670,0,OK,,,,2026-07-15: [첨부정정]지속가능경영보고서등관련사항(자율공시)               | 2026-07-10: 풍문또는보도에대한해명(미확정)               | 2026-06-30: 지속가능경영보고서등관련사항(자율공시)               | 2026-06-29: 타법인주식및출자증권취득결정               | 2026-06-29: 장래사업ㆍ경영계획(공정공시)              ,9
알지노믹스,476830,0,OK,,,,2026-07-16: 임원ㆍ주요주주특정증권등소유상황보고서 | 2026-07-10: 임원ㆍ주요주주특정증권등소유상황보고서 | 2026-07-10: 임원ㆍ주요주주특정증권등소유상황보고서 | 2026-07-10: 임원ㆍ주요주주특정증권등소유상황보고서 | 2026-07-10: 임원ㆍ주요주주특정증권등소유상황보고서,10
멤레이비티,072770,0,OK,,,,2026-07-14: 사외이사의선임ㆍ해임또는중도퇴임에관한신고 | 2026-07-14: [기재정정]사업보고서 (2025.12) | 2026-07-14: [기재정정]주주총회소집결의              (임시주주총회) | 2026-07-07: [기재정정]타인에대한채무보증결정              ,4
한섬,020000,0,OK,,,,2026-07-13: 임원ㆍ주요주주특정증권등소유상황보고서 | 2026-07-01: 주식등의대량보유상황보고서(약식) | 2026-06-30: 지속가능경영보고서등관련사항(자율공시)              ,3
세미파이브,490470,0,OK,,,,2026-07-10: 임원ㆍ주요주주특정증권등소유상황보고서 | 2026-07-02: 주식등의대량보유상황보고서(약식) | 2026-07-01: 기업설명회(IR)개최              ,3
메리츠제1호스팩,0088D0,0,OK,,,,2026-07-14: 임원ㆍ주요주주특정증권등소유상황보고서 | 2026-07-06: 임원ㆍ주요주주특정증권등소유상황보고서 | 2026-06-25: 임원ㆍ주요주주특정증권등소유상황보고서,3
삼양홀딩스,000070,0,OK,,,,2026-07-14: [기재정정]벌금등의부과(자회사의 주요경영사항)               | 2026-07-07: 벌금등의부과(자회사의 주요경영사항)               | 2026-06-30: [기재정정]벌금등의부과(자회사의 주요경영사항)               | 2026-06-25: 지속가능경영보고서등관련사항(자율공시)              ,4
지아이이노베이션,358570,0,OK,,,,"2026-07-13: 임원ㆍ주요주주특정증권등소유상황보고서 | 2026-07-10: 투자판단관련주요경영사항(임상시험계획변경승인)              (GI108 제1/2a상 임상시험계획 한국식품의약품안전처 변경승인) | 2026-07-06: 주식등의대량보유상황보고서(일반) | 2026-07-06: 임원ㆍ주요주주특정증권등소유상황보고서 | 2026-06-30: [기재정정]투자판단관련주요경영사항(임상시험계획승인신청등결정)              (전이성 거세저항성 전립선암 환자를 대상으로 GI102와 pasritamig 병용 요법의 항암 활성, 안전성 및 내약성을 평가하기 위한 제1b/2상 임상시험계획 승인)",5
NH프라임리츠,338100,0,OK,,,,2026-07-16: 주주총회소집결의               | 2026-07-16: 부동산투자회사금전배당결정               | 2026-07-08: 기타경영사항(자율공시)               | 2026-07-07: 매출액또는손익구조30%(대규모법인은15%)이상변경              ,4
우리금융캐피탈,033660,0,OK,,,,2026-07-09: 증권발행실적보고서 | 2026-07-08: 투자설명서(일괄신고) | 2026-07-08: 일괄신고추가서류 | 2026-06-30: 증권발행실적보고서 | 2026-06-29: 투자설명서(일괄신고),12
녹십자엠에스,142280,0,OK,,,,2026-07-01: 주식등의대량보유상황보고서(일반) | 2026-06-30: 임원ㆍ주요주주특정증권등소유상황보고서 | 2026-06-30: 임원ㆍ주요주주특정증권등소유상황보고서,3
DB손해보험,005830,0,OK,,,,2026-07-13: 계열금융회사의약관에의한금융거래-[유가증권-수익증권] | 2026-06-29: [기재정정]주요사항보고서(자본으로인정되는채무증권발행결정) | 2026-06-24: 최대주주등소유주식변동신고서               | 2026-06-24: 주식등의대량보유상황보고서(일반),4
한국콜마,161890,0,OK,,,,2026-07-06: 최대주주등소유주식변동신고서               | 2026-07-06: 임원ㆍ주요주주특정증권등소유상황보고서 | 2026-07-06: 기업설명회(IR)개최(안내공시)               | 2026-07-02: 임원ㆍ주요주주특정증권등소유상황보고서 | 2026-07-01: 풍문또는보도에대한해명(미확정)              ,7
이엘피,063760,0,OK,,,,2026-07-02: 임원ㆍ주요주주특정증권등소유상황보고서 | 2026-07-02: 주식등의대량보유상황보고서(일반) | 2026-06-26: 임원ㆍ주요주주특정증권등소유상황보고서 | 2026-06-26: 주식등의대량보유상황보고서(일반),4
SG,255220,0,OK,,,,2026-07-15: 투자설명서 | 2026-07-15: 효력발생안내( 2026.6.30. 제출 증권신고서(지분증권) ) | 2026-07-08: 주식등의대량보유상황보고서(일반) | 2026-06-30: [기재정정]증권신고서(지분증권) | 2026-06-25: 주식등의대량보유상황보고서(일반),5
삼양사,145990,0,OK,,,,2026-07-14: [기재정정]벌금등의부과               | 2026-07-07: 벌금등의부과               | 2026-06-30: [기재정정]벌금등의부과               | 2026-06-25: 지속가능경영보고서등관련사항(자율공시)              ,4
HD건설기계,267270,0,OK,,,,2026-07-03: [첨부정정]지속가능경영보고서등관련사항(자율공시)               | 2026-07-02: 임원ㆍ주요주주특정증권등소유상황보고서 | 2026-06-29: 기업설명회(IR)개최(안내공시)              ,3
케이씨씨글라스,344820,0,OK,,,,2026-07-10: 공정거래자율준수프로그램운영현황(안내공시)               | 2026-07-10: 현금ㆍ현물배당을위한주주명부폐쇄(기준일)결정               | 2026-07-10: 현금ㆍ현물배당결정               | 2026-07-06: 주식등의대량보유상황보고서(일반) | 2026-06-23: 주식등의대량보유상황보고서(일반),5
하이딥,365590,0,OK,,,,2026-07-15: 주식등의대량보유상황보고서(일반) | 2026-07-15: 임원ㆍ주요주주특정증권등소유상황보고서 | 2026-06-30: 주주총회소집결의              (임시주주총회) | 2026-06-30: 주주명부폐쇄기간또는기준일설정               | 2026-06-30: 주식병합결정              ,14
에스앤더블류,103230,0,OK,,,,2026-07-16: 임시주주총회결과               | 2026-07-01: 의결권대리행사권유참고서류 | 2026-07-01: 주주총회소집공고,3
코이즈,121850,0,OK,,,,2026-07-15: 주주명부폐쇄기간또는기준일설정               | 2026-07-15: 주주총회소집결의              (임시주주총회) | 2026-07-15: [기재정정]사업보고서 (2025.12),3
고려아연,010130,0,OK,,,,2026-07-15: [기재정정]회계처리기준위반에따른임원의해임권고조치               | 2026-07-13: 소송등의판결ㆍ결정               | 2026-07-08: 풍문또는보도에대한해명               | 2026-06-30: [기재정정]신규시설투자등(자율공시)               | 2026-06-30: 지속가능경영보고서등관련사항(자율공시)              ,8
윌비스,008600,0,OK,,,,2026-07-02: [기재정정]사업보고서 (2025.12) | 2026-07-02: 임원ㆍ주요주주특정증권등소유상황보고서 | 2026-07-02: 임원ㆍ주요주주특정증권등소유상황보고서 | 2026-07-02: 임원ㆍ주요주주특정증권등소유상황보고서 | 2026-07-02: 최대주주등소유주식변동신고서              ,5
케어랩스,263700,0,OK,,,,2026-07-09: 주식등의대량보유상황보고서(일반) | 2026-07-09: 임원ㆍ주요주주특정증권등소유상황보고서 | 2026-07-01: 임원ㆍ주요주주특정증권등소유상황보고서,3
솔루엠,248070,0,OK,,,,2026-07-16: 최대주주등소유주식변동신고서               | 2026-07-16: 주식등의대량보유상황보고서(일반) | 2026-07-16: 임원ㆍ주요주주특정증권등소유상황보고서 | 2026-07-09: 최대주주등소유주식변동신고서               | 2026-07-09: 주식등의대량보유상황보고서(일반),12
상상인증권,001290,0,OK,,,,2026-06-30: 주주명부폐쇄기간또는기준일설정               | 2026-06-30: 주주총회소집결의               | 2026-06-30: 주식병합결정               | 2026-06-30: [첨부정정]지속가능경영보고서등관련사항(자율공시)               | 2026-06-30: 지속가능경영보고서등관련사항(자율공시)              ,6
서울전자통신,027040,0,OK,,,,2026-07-16: 사외이사의선임ㆍ해임또는중도퇴임에관한신고 | 2026-07-16: 투자판단관련주요경영사항              (경영지배인 사임) | 2026-07-16: 대표이사변경               | 2026-07-16: 임시주주총회결과               | 2026-07-01: [기재정정]주주총회소집결의              (임시주주총회),7
한올바이오파마,009420,0,OK,,,,2026-07-02: 임원ㆍ주요주주특정증권등소유상황보고서 | 2026-07-01: 주식등의대량보유상황보고서(약식) | 2026-06-30: 지속가능경영보고서등관련사항(자율공시)              ,3
ISC,095340,0,OK,,,,2026-07-06: 주식등의대량보유상황보고서(약식) | 2026-07-03: 기업설명회(IR)개최               | 2026-07-03: 기업설명회(IR)개최               | 2026-07-01: 주식등의대량보유상황보고서(약식),4
코맥스,036690,0,OK,,,,2026-07-10: 단기차입금증가결정               | 2026-07-02: 합병등종료보고서(합병) | 2026-07-01: 기타시장안내              (개선계획 이행내역서 제출),3
에스켐,475660,0,OK,,,,2026-07-10: 자기주식취득결과보고서 | 2026-06-30: 임원ㆍ주요주주특정증권등소유상황보고서 | 2026-06-30: 임원ㆍ주요주주특정증권등소유상황보고서 | 2026-06-29: 임원ㆍ주요주주특정증권등소유상황보고서 | 2026-06-25: 임원ㆍ주요주주특정증권등소유상황보고서,6
KG에코솔루션,151860,0,OK,,,,2026-06-29: [기재정정]주요사항보고서(타법인주식및출자증권양수결정)(자회사의 주요경영사항)               | 2026-06-29: [기재정정]타법인주식및출자증권취득결정(자회사의 주요경영사항)               | 2026-06-22: 투자판단관련주요경영사항              ,3
사조오양,006090,0,OK,,,,2026-07-16: [기재정정]최대주주등소유주식변동신고서               | 2026-07-15: 최대주주등소유주식변동신고서               | 2026-07-15: 주식등의대량보유상황보고서(일반),3
유진증권,001200,0,OK,,,,2026-07-16: 투자설명서(일괄신고) | 2026-07-16: 일괄신고추가서류(파생결합사채-주가연계파생결합사채) | 2026-07-16: 투자설명서(일괄신고) | 2026-07-16: 일괄신고추가서류(파생결합증권-주가연계증권) | 2026-07-13: 계열금융회사의약관에의한금융거래-[예ㆍ적금],32
대한유화,006650,0,OK,,,,2026-07-02: 임원ㆍ주요주주특정증권등소유상황보고서 | 2026-07-02: 지속가능경영보고서등관련사항(자율공시)               | 2026-07-01: 주식등의대량보유상황보고서(약식),3
유한양행,000100,0,OK,,,,2026-07-02: 임원ㆍ주요주주특정증권등소유상황보고서 | 2026-06-30: 지속가능경영보고서등관련사항(자율공시)               | 2026-06-30: 임원ㆍ주요주주특정증권등소유상황보고서 | 2026-06-25: 임원ㆍ주요주주특정증권등소유상황보고서,4
아즈텍WB,032080,0,OK,,,,2026-07-16: 임원ㆍ주요주주특정증권등소유상황보고서 | 2026-07-16: 임원ㆍ주요주주특정증권등소유상황보고서 | 2026-07-08: 주주총회소집결의              (임시주주총회) | 2026-07-08: 주식병합결정               | 2026-07-08: 주주명부폐쇄기간또는기준일설정              ,10
리센스메디컬,394420,0,OK,,,,2026-07-09: [기재정정]사업보고서 (2025.12) | 2026-06-30: 임원ㆍ주요주주특정증권등소유상황보고서 | 2026-06-23: 기업설명회(IR)개최              ,3
오성첨단소재,052420,0,OK,,,,2026-07-16: 타법인주식및출자증권취득결정               | 2026-07-16: [기재정정]주요사항보고서(타법인주식및출자증권양도결정) | 2026-07-02: 주요사항보고서(자기주식취득신탁계약체결결정) | 2026-06-26: 대표이사변경               | 2026-06-26: 임시주주총회결과              ,5
져스텍,153890,0,OK,,,,2026-07-06: 주식등의대량보유상황보고서(약식) | 2026-07-03: 분기보고서 (2026.03) | 2026-07-03: 임원ㆍ주요주주특정증권등소유상황보고서 | 2026-07-03: 임원ㆍ주요주주특정증권등소유상황보고서 | 2026-07-03: 임원ㆍ주요주주특정증권등소유상황보고서,9
HS효성,487570,0,OK,,,,2026-07-10: 최대주주등소유주식변동신고서               | 2026-07-10: 주식등의대량보유상황보고서(일반) | 2026-07-09: 타법인주식및출자증권취득결정(자회사의 주요경영사항)               | 2026-06-26: 지속가능경영보고서등관련사항(자율공시)               | 2026-06-26: 타인에대한채무보증결정(자회사의 주요경영사항)              ,5
루멘스,038060,0,OK,,,,2026-07-06: 주주총회소집결의              (임시주주총회) | 2026-07-06: 주식병합결정               | 2026-07-06: 주주명부폐쇄기간또는기준일설정              ,3
와토스코리아,079000,0,OK,,,,2026-07-09: 임원ㆍ주요주주특정증권등소유상황보고서 | 2026-07-09: 주식등의대량보유상황보고서(일반) | 2026-06-25: 조회공시요구(현저한시황변동)에대한답변(중요정보없음)               | 2026-06-24: 조회공시요구(현저한시황변동)              ,4
피에스케이,319660,0,OK,,,,2026-07-08: 주식등의대량보유상황보고서(약식) | 2026-07-06: 주식등의대량보유상황보고서(일반) | 2026-07-06: 임원ㆍ주요주주특정증권등소유상황보고서 | 2026-07-01: 주식등의대량보유상황보고서(약식),4
유니퀘스트,077500,0,OK,,,,2026-06-26: 임원ㆍ주요주주특정증권등소유상황보고서 | 2026-06-26: 주식등의대량보유상황보고서(일반) | 2026-06-26: 최대주주등소유주식변동신고서              ,3
경인전자,009140,0,OK,,,,2026-07-16: 주주명부폐쇄기간또는기준일설정               | 2026-07-16: 주주총회소집결의               | 2026-06-30: 임원ㆍ주요주주특정증권등소유상황보고서 | 2026-06-19: 주요사항보고서(유형자산양수결정),4
가온칩스,399720,0,OK,,,,2026-07-10: 주식등의대량보유상황보고서(약식) | 2026-07-08: 임원ㆍ주요주주특정증권등소유상황보고서 | 2026-07-07: 주식매수선택권행사              ,3
모보,051810,0,OK,,,,2026-06-30: 동일인등출자계열회사와의상품ㆍ용역거래 | 2026-06-30: 동일인등출자계열회사와의상품ㆍ용역거래 | 2026-06-30: 동일인등출자계열회사와의상품ㆍ용역거래,3
꿈비,407400,0,OK,,,,2026-07-16: 임원ㆍ주요주주특정증권등소유상황보고서 | 2026-07-07: 주식등의대량보유상황보고서(일반) | 2026-07-07: 임원ㆍ주요주주특정증권등소유상황보고서 | 2026-06-26: 타법인주식및출자증권취득결정              ,4
이노벡스,279060,0,OK,,,,2026-07-02: [기재정정]회생절차개시결정               | 2026-06-26: 본점소재지변경               | 2026-06-26: 임시주주총회결과              ,3
루트락,253610,0,OK,,,,2026-07-02: 전환가액의조정              (제4회차) | 2026-06-26: 기업설명회(IR)개최결과               | 2026-06-22: 전환가액의조정              (제3회차),3
온타이드,005320,0,OK,,,,2026-06-29: 임원ㆍ주요주주특정증권등소유상황보고서 | 2026-06-29: 주식등의대량보유상황보고서(일반) | 2026-06-29: 최대주주등소유주식변동신고서               | 2026-06-23: 임원ㆍ주요주주특정증권등소유상황보고서 | 2026-06-23: 주식등의대량보유상황보고서(일반),6
엔바이오니아,317870,0,OK,,,,2026-07-08: 주식등의대량보유상황보고서(일반) | 2026-07-02: [기재정정]전환가액의조정               | 2026-07-02: 전환가액의조정               | 2026-06-30: [기재정정]신규시설투자등              ,4
다산디엠씨,208860,0,OK,,,,2026-07-10: 주식병합결정               | 2026-07-10: 주주총회소집결의              (임시주주총회) | 2026-07-10: 주주명부폐쇄기간또는기준일설정               | 2026-07-07: 임원ㆍ주요주주특정증권등거래계획보고서 | 2026-07-07: 임원ㆍ주요주주특정증권등소유상황보고서,7
SH에너지화학,002360,0,OK,,,,2026-07-15: 사외이사의선임ㆍ해임또는중도퇴임에관한신고 | 2026-06-30: 최대주주등소유주식변동신고서               | 2026-06-26: 최대주주등소유주식변동신고서               | 2026-06-26: 임원ㆍ주요주주특정증권등소유상황보고서,4
삼양식품,003230,0,OK,,,,2026-07-09: 최대주주등소유주식변동신고서               | 2026-07-09: 임원ㆍ주요주주특정증권등소유상황보고서 | 2026-07-09: 임원ㆍ주요주주특정증권등소유상황보고서 | 2026-07-09: 주식등의대량보유상황보고서(일반) | 2026-07-02: 임원ㆍ주요주주특정증권등소유상황보고서,5
대한광통신,010170,0,OK,,,,2026-07-14: 임원ㆍ주요주주특정증권등소유상황보고서 | 2026-07-14: 주식등의대량보유상황보고서(일반) | 2026-07-03: 임원ㆍ주요주주특정증권등소유상황보고서 | 2026-07-03: 임원ㆍ주요주주특정증권등소유상황보고서 | 2026-07-03: 주식등의대량보유상황보고서(일반),7
지어소프트,051160,0,OK,,,,2026-07-16: 임원ㆍ주요주주특정증권등소유상황보고서 | 2026-07-10: 주식등의대량보유상황보고서(약식) | 2026-07-08: 임원ㆍ주요주주특정증권등소유상황보고서,3
콜마비앤에이치,200130,0,OK,,,,2026-06-29: 주식등의대량보유상황보고서(일반) | 2026-06-26: 지속가능경영보고서등관련사항(자율공시)               | 2026-06-25: 임원ㆍ주요주주특정증권등소유상황보고서 | 2026-06-19: 주식등의대량보유상황보고서(일반),4
LSK아이로봇,091970,0,OK,,,,2026-07-16: 주식등의대량보유상황보고서(일반) | 2026-07-14: 주식등의대량보유상황보고서(약식) | 2026-07-14: 주식등의대량보유상황보고서(약식) | 2026-07-14: 전환사채(해외전환사채포함)발행후만기전사채취득               | 2026-07-10: 주식등의대량보유상황보고서(일반),11
디아이씨,092200,0,OK,,,,2026-07-13: 최대주주등소유주식변동신고서               | 2026-07-13: 임원ㆍ주요주주특정증권등소유상황보고서 | 2026-07-13: 주식등의대량보유상황보고서(일반) | 2026-06-26: 최대주주등소유주식변동신고서              ,4
한솔홈데코,025750,0,OK,,,,2026-07-13: 의결권대리행사권유참고서류 | 2026-07-13: 주주총회소집공고 | 2026-06-19: 주주명부폐쇄기간또는기준일설정               | 2026-06-19: 주주총회소집결의              ,4
엠젠솔루션,032790,0,OK,,,,2026-07-10: 주식등의대량보유상황보고서(약식) | 2026-07-01: 주식등의대량보유상황보고서(일반) | 2026-06-30: 주요사항보고서(자기전환사채만기전취득결정) | 2026-06-29: 주식등의대량보유상황보고서(일반),4
삼영엠텍,054540,0,OK,,,,2026-06-29: 신주인수권행사가액의조정               | 2026-06-29: 전환가액의조정               | 2026-06-26: 주식등의대량보유상황보고서(일반),3
제놀루션,225220,0,OK,,,,2026-07-01: 주식등의대량보유상황보고서(일반) | 2026-07-01: 임원ㆍ주요주주특정증권등거래계획보고서 | 2026-06-30: 임원ㆍ주요주주특정증권등소유상황보고서 | 2026-06-30: 임원ㆍ주요주주특정증권등소유상황보고서,4
지에스엔텍,037640,0,OK,,,,2026-07-16: 증권발행실적보고서 | 2026-07-16: 투자설명서 | 2026-07-15: [발행조건확정]증권신고서(채무증권) | 2026-07-10: [발행조건확정]증권신고서(채무증권) | 2026-07-06: 증권신고서(채무증권),6
신영증권,001720,0,OK,,,,2026-07-16: 일괄신고서(기타파생결합증권) | 2026-07-16: 일괄신고서(파생결합증권-주가연계증권) | 2026-07-16: 투자설명서(일괄신고) | 2026-07-16: 투자설명서(일괄신고) | 2026-07-16: 일괄신고추가서류(파생결합증권-주가연계증권),39
RF시스템즈,474610,0,OK,,,,2026-07-13: 임원ㆍ주요주주특정증권등소유상황보고서 | 2026-06-30: 임원ㆍ주요주주특정증권등거래계획보고서 | 2026-06-26: 임원ㆍ주요주주특정증권등소유상황보고서 | 2026-06-26: 임원ㆍ주요주주특정증권등소유상황보고서,4
삼익제약,014950,0,OK,,,,2026-07-06: 주식등의대량보유상황보고서(일반) | 2026-07-06: 임원ㆍ주요주주특정증권등소유상황보고서 | 2026-07-03: 임시주주총회결과               | 2026-06-25: 주식등의대량보유상황보고서(약식),4
네오티스,085910,0,OK,,,,2026-07-01: 주식등의대량보유상황보고서(약식) | 2026-06-29: [기재정정]사업보고서 (2025.12) | 2026-06-25: 임원ㆍ주요주주특정증권등소유상황보고서,3
SK가스,018670,0,OK,,,,2026-07-15: 현금ㆍ현물배당을위한주주명부폐쇄(기준일)결정               | 2026-07-15: 현금ㆍ현물배당결정               | 2026-07-15: 타인에대한채무보증결정               | 2026-06-29: [기재정정]타법인주식및출자증권처분결정(종속회사의주요경영사항)               | 2026-06-22: 동일인등출자계열회사와의상품ㆍ용역거래변경,7
이삭엔지니어링,351330,0,OK,,,,2026-07-03: 주식등의대량보유상황보고서(일반) | 2026-06-25: 주식등의대량보유상황보고서(일반) | 2026-06-24: 임원ㆍ주요주주특정증권등소유상황보고서,3
대덕전자,353200,0,OK,,,,2026-07-16: 기업설명회(IR)개최(안내공시)               | 2026-07-16: 결산실적공시예고(안내공시)               | 2026-07-13: 임원ㆍ주요주주특정증권등소유상황보고서 | 2026-07-02: 임원ㆍ주요주주특정증권등소유상황보고서,4
대원화성,024890,0,OK,,,,2026-07-16: 임시주주총회결과               | 2026-07-16: 사외이사의선임ㆍ해임또는중도퇴임에관한신고 | 2026-07-02: [기재정정]사업보고서 (2025.12) | 2026-07-01: 주주총회소집공고 | 2026-06-23: [기재정정]주식등의대량보유상황보고서(약식),6
현대지에프홀딩스,005440,0,OK,,,,2026-07-01: 주식등의대량보유상황보고서(약식) | 2026-06-30: 임원ㆍ주요주주특정증권등소유상황보고서 | 2026-06-30: 임원ㆍ주요주주특정증권등소유상황보고서 | 2026-06-30: 임원ㆍ주요주주특정증권등소유상황보고서 | 2026-06-30: 주식등의대량보유상황보고서(일반),6
드림텍,192650,0,OK,,,,2026-07-16: 신규시설투자등(자율공시)               | 2026-07-09: 주요사항보고서(자기주식취득신탁계약체결결정) | 2026-06-29: 지속가능경영보고서등관련사항(자율공시)               | 2026-06-22: 주식매수선택권부여에관한신고,4
한화갤러리아,452260,0,OK,,,,2026-07-15: [첨부정정]주요사항보고서(유형자산양수결정) | 2026-07-13: [첨부추가]주요사항보고서(유형자산양수결정) | 2026-07-14: [첨부정정]주요사항보고서(유형자산양수결정) | 2026-06-30: [첨부정정]주요사항보고서(유형자산양수결정) | 2026-06-26: 특수관계인에대한자금대여,8
두산,000150,0,OK,,,,2026-07-15: 기업설명회(IR)개최(안내공시)               | 2026-07-15: 기업설명회(IR)개최(안내공시)               | 2026-07-15: 결산실적공시예고(안내공시)               | 2026-06-30: 지속가능경영보고서등관련사항(자율공시)               | 2026-06-23: 특수관계인과의내부거래,6
경남은행,192520,0,OK,,,,2026-07-13: 증권발행실적보고서 | 2026-07-10: 투자설명서(일괄신고) | 2026-07-10: 일괄신고추가서류 | 2026-07-02: 일괄신고서,4
미창석유공업,003650,0,OK,,,,2026-07-09: 주식등의대량보유상황보고서(약식) | 2026-06-30: 주식등의대량보유상황보고서(일반) | 2026-06-23: 주식등의대량보유상황보고서(일반),3
KR모터스,000040,0,OK,,,,2026-07-13: 주식등의대량보유상황보고서(약식) | 2026-07-10: 최대주주등소유주식변동신고서               | 2026-07-10: 임원ㆍ주요주주특정증권등소유상황보고서 | 2026-07-10: 임원ㆍ주요주주특정증권등소유상황보고서 | 2026-07-10: 주식등의대량보유상황보고서(일반),7
한국캐피탈,023760,0,OK,,,,2026-07-10: 증권발행실적보고서 | 2026-07-09: [첨부정정]일괄신고추가서류 | 2026-07-09: 투자설명서(일괄신고) | 2026-07-09: 일괄신고추가서류 | 2026-06-30: [첨부정정]일괄신고서,9
야스,255440,0,OK,,,,2026-07-07: 주식등의대량보유상황보고서(일반) | 2026-06-29: 주식등의대량보유상황보고서(일반) | 2026-06-23: 주식등의대량보유상황보고서(일반),3
온코크로스,382150,0,OK,,,,2026-07-16: [기재정정]사업보고서 (2025.12) | 2026-07-10: 주식등의대량보유상황보고서(약식) | 2026-07-01: 합병등종료보고서(합병),3
와이제이링크,209640,0,OK,,,,2026-07-16: 신탁계약해지결과보고서 | 2026-07-16: 주요사항보고서(자기주식취득신탁계약해지결정) | 2026-07-16: 현금ㆍ현물배당결정              (중간배당),3
세아홀딩스,058650,0,OK,,,,2026-07-06: 주식등의대량보유상황보고서(일반) | 2026-06-26: 현금ㆍ현물배당결정(자회사의 주요경영사항)               | 2026-06-26: 현금ㆍ현물배당을위한주주명부폐쇄(기준일)결정(자회사의 주요경영사항)              ,3
SDN,099220,0,OK,,,,2026-06-24: 주주명부폐쇄기간또는기준일설정               | 2026-06-24: 주주총회소집결의              (임시주주총회) | 2026-06-24: 주식병합결정               | 2026-06-24: 임원ㆍ주요주주특정증권등소유상황보고서 | 2026-06-24: 주식등의대량보유상황보고서(일반),5
한국미라클피플사,331660,0,OK,,,,2026-07-07: 기업설명회(IR)개최               | 2026-07-03: 기업설명회(IR)개최결과               | 2026-06-26: [기재정정]주식매수선택권부여에관한신고,3
코어라인소프트,384470,0,OK,,,,2026-07-06: 전환사채(해외전환사채포함)발행후만기전사채취득              (제2회차) | 2026-06-25: 임원ㆍ주요주주특정증권등소유상황보고서 | 2026-06-23: 투자판단관련주요경영사항              ([국책과제 선정] CT기반 폐질환 인공지능 진단보조 소프트웨어 의료기기 2종의 안전성 및 유효성 검증을 위한 임상시험 및 미국 FDA 인허가 획득),3
바이브컴퍼니,301300,0,OK,,,,2026-07-02: 조회공시요구(현저한시황변동)에대한답변(미확정)               | 2026-07-01: 조회공시요구(현저한시황변동)               | 2026-06-30: 주주총회소집결의              (임시주주총회) | 2026-06-30: 주주명부폐쇄기간또는기준일설정              ,4
오픈엣지테크놀로지,394280,0,OK,,,,2026-07-14: [기재정정]주식등의대량보유상황보고서(일반) | 2026-07-13: 주식등의대량보유상황보고서(일반) | 2026-07-13: [기재정정]주식등의대량보유상황보고서(일반),3
LG생활건강,051900,0,OK,,,,2026-07-15: 결산실적공시예고(안내공시)               | 2026-07-15: 기업설명회(IR)개최(안내공시)               | 2026-06-30: 지속가능경영보고서등관련사항(자율공시)              ,3
우리바이오,082850,0,OK,,,,2026-07-15: 임시주주총회결과               | 2026-06-30: 의결권대리행사권유참고서류 | 2026-06-30: 주주총회소집공고,3
에스엠씨지,460870,0,OK,,,,2026-07-13: 임원ㆍ주요주주특정증권등소유상황보고서 | 2026-07-13: 주식등의대량보유상황보고서(일반) | 2026-07-07: 임원ㆍ주요주주특정증권등소유상황보고서 | 2026-07-07: 주식등의대량보유상황보고서(일반) | 2026-06-30: 임원ㆍ주요주주특정증권등소유상황보고서,5
하이브,352820,0,OK,,,,2026-07-13: 기업설명회(IR)개최(안내공시)               | 2026-06-30: 동일인등출자계열회사와의상품ㆍ용역거래변경 | 2026-06-30: 동일인등출자계열회사와의상품ㆍ용역거래변경 | 2026-06-30: 지속가능경영보고서등관련사항(자율공시)              ,4
신진에스엠,138070,0,OK,,,,2026-07-14: 임원ㆍ주요주주특정증권등소유상황보고서 | 2026-07-14: 임원ㆍ주요주주특정증권등소유상황보고서 | 2026-07-06: 임원ㆍ주요주주특정증권등소유상황보고서 | 2026-07-06: 임원ㆍ주요주주특정증권등소유상황보고서,4
대한제당,001790,0,OK,,,,2026-07-13: 주식등의대량보유상황보고서(일반) | 2026-07-06: 주요사항보고서(자기주식취득신탁계약체결결정) | 2026-06-30: [기재정정]벌금등의부과               | 2026-06-30: [기재정정]벌금등의부과              ,4
대상,001680,0,OK,,,,2026-07-07: 벌금등의부과               | 2026-07-02: 임원ㆍ주요주주특정증권등소유상황보고서 | 2026-07-01: 주식등의대량보유상황보고서(약식) | 2026-06-26: [기재정정]주주명부폐쇄기간또는기준일설정               | 2026-06-19: 주주명부폐쇄기간또는기준일설정              ,5
일신석재,007110,0,OK,,,,2026-07-13: 주주명부폐쇄기간또는기준일설정               | 2026-07-13: 주주총회소집결의               | 2026-07-13: 주식병합결정              ,3
씨아이테크,004920,0,OK,,,,2026-07-01: 주주명부폐쇄기간또는기준일설정               | 2026-07-01: 주주총회소집결의               | 2026-06-19: 주식등의대량보유상황보고서(일반) | 2026-06-19: 자기주식취득결과보고서,4
한주에이알티,058450,0,OK,,,,2026-07-13: 타인에대한채무보증결정               | 2026-07-13: 타인에대한담보제공결정               | 2026-06-30: [기재정정]주주총회소집결의              (임시주주총회) | 2026-06-29: 임원ㆍ주요주주특정증권등거래계획철회보고서,4
MDS테크,086960,0,OK,,,,2026-07-10: 주식등의대량보유상황보고서(약식) | 2026-06-29: 임원ㆍ주요주주특정증권등소유상황보고서 | 2026-06-29: 주식등의대량보유상황보고서(일반),3
아모텍,052710,0,OK,,,,2026-07-16: 임원ㆍ주요주주특정증권등소유상황보고서 | 2026-07-16: 임원ㆍ주요주주특정증권등소유상황보고서 | 2026-07-16: 임원ㆍ주요주주특정증권등소유상황보고서 | 2026-07-02: 주식등의대량보유상황보고서(일반) | 2026-07-01: 주식등의대량보유상황보고서(약식),11
캐리,313760,0,OK,,,,2026-07-03: 주요사항보고서(소송등의제기) | 2026-06-30: [기재정정]주요사항보고서(유형자산양수결정) | 2026-06-22: 타인에대한담보제공결정               | 2026-06-22: 타인에대한채무보증결정              ,4
바이오포트,188040,0,OK,,,,2026-07-16: 주식등의대량보유상황보고서(일반) | 2026-07-16: 임원ㆍ주요주주특정증권등소유상황보고서 | 2026-07-16: 임원ㆍ주요주주특정증권등소유상황보고서 | 2026-07-16: 임원ㆍ주요주주특정증권등소유상황보고서 | 2026-07-16: 임원ㆍ주요주주특정증권등소유상황보고서,7
스튜디오드래곤,253450,0,OK,,,,2026-07-09: 기업설명회(IR)개최               | 2026-07-09: 결산실적공시예고               | 2026-07-07: 합병등종료보고서(합병),3
유비벨록스,089850,0,OK,,,,2026-07-13: 임원ㆍ주요주주특정증권등소유상황보고서 | 2026-07-06: 임원ㆍ주요주주특정증권등소유상황보고서 | 2026-06-29: 임원ㆍ주요주주특정증권등소유상황보고서,3
아스트,067390,0,OK,,,,2026-07-09: 임시주주총회결과               | 2026-07-08: [기재정정]분기보고서 (2026.03) | 2026-07-07: [기재정정]분기보고서 (2026.03) | 2026-06-24: 주주총회소집공고,4
한국맥널티,222980,0,OK,,,,2026-07-15: 임원ㆍ주요주주특정증권등소유상황보고서 | 2026-07-15: 주식등의대량보유상황보고서(일반) | 2026-07-07: 임원ㆍ주요주주특정증권등소유상황보고서 | 2026-07-07: [기재정정]임원ㆍ주요주주특정증권등소유상황보고서 | 2026-07-06: 임원ㆍ주요주주특정증권등소유상황보고서,5
온코닉테라퓨틱스,476060,0,OK,,,,2026-07-14: 투자판단관련주요경영사항(임상시험결과)              (자큐보정(JP1366)(자스타프라잔시트르산염)의 약물상호작용 확인을 위한 제1상 임상시험 결과) | 2026-07-03: 임원ㆍ주요주주특정증권등소유상황보고서 | 2026-07-02: 투자판단관련주요경영사항(임상시험계획변경승인)              (자큐보정(JP1366)의 미란성 위식도역류질환 치료 후 유지요법에 대한 제3상 임상시험계획승인(변경승인)),3
메리츠증권,008560,0,OK,,,,2026-07-16: 증권발행실적보고서 | 2026-07-16: 증권발행실적보고서 | 2026-07-16: 증권발행실적보고서 | 2026-07-16: 투자설명서(일괄신고) | 2026-07-16: 일괄신고추가서류(파생결합사채-주가연계파생결합사채),82
노을,376930,0,OK,,,,2026-07-10: 지속가능경영보고서등관련사항(자율공시)               | 2026-07-03: [기재정정]의결권대리행사권유참고서류 | 2026-07-03: [기재정정]주주총회소집공고 | 2026-06-29: 임원ㆍ주요주주특정증권등소유상황보고서 | 2026-06-29: 임원ㆍ주요주주특정증권등소유상황보고서,9
한국알콜,017890,0,OK,,,,2026-07-16: 사외이사의선임ㆍ해임또는중도퇴임에관한신고 | 2026-07-16: 임시주주총회결과               | 2026-07-15: 임원ㆍ주요주주특정증권등소유상황보고서 | 2026-07-07: 임원ㆍ주요주주특정증권등소유상황보고서 | 2026-07-01: 주식등의대량보유상황보고서(약식),9
종근당홀딩스,001630,0,OK,,,,2026-07-01: 증권발행실적보고서 | 2026-07-01: 투자설명서 | 2026-06-30: [발행조건확정]증권신고서(채무증권) | 2026-06-30: 지속가능경영보고서등관련사항(자율공시)               | 2026-06-25: [발행조건확정]증권신고서(채무증권),8
EMB,278990,0,OK,,,,2026-07-13: 전환가액의조정              (4회차) | 2026-07-08: 사외이사의선임ㆍ해임또는중도퇴임에관한신고 | 2026-07-07: 임시주주총회결과               | 2026-06-22: 주주총회소집공고,4
키움증권,039490,0,OK,,,,2026-07-16: 증권발행실적보고서 | 2026-07-16: 증권발행실적보고서 | 2026-07-16: 증권발행실적보고서 | 2026-07-16: 증권발행실적보고서 | 2026-07-16: 증권발행실적보고서,100
현대모비스,012330,0,OK,,,,2026-07-16: 사외이사의선임ㆍ해임또는중도퇴임에관한신고 | 2026-07-07: 기업설명회(IR)개최(안내공시)               | 2026-06-26: 지속가능경영보고서등관련사항(자율공시)               | 2026-06-22: 기업설명회(IR)개최(안내공시)               | 2026-06-19: 기업설명회(IR)개최(안내공시)              ,5
메가스터디교육,215200,0,OK,,,,2026-07-10: 주식등의대량보유상황보고서(약식) | 2026-07-08: 주식등의대량보유상황보고서(약식) | 2026-07-01: 주요사항보고서(자기주식취득신탁계약체결결정) | 2026-07-01: 현금ㆍ현물배당결정              (분기배당),4
형지엘리트,093240,0,OK,,,,2026-07-06: 주주총회소집결의               | 2026-07-06: 주주명부폐쇄기간또는기준일설정               | 2026-07-06: 주식병합결정              ,3
디앤디플랫폼리츠,377190,0,OK,,,,2026-07-16: 임원ㆍ주요주주특정증권등소유상황보고서 | 2026-07-15: 유형자산처분결정(종속회사의주요경영사항)               | 2026-07-09: 임원ㆍ주요주주특정증권등소유상황보고서 | 2026-07-02: 임원ㆍ주요주주특정증권등소유상황보고서 | 2026-07-01: 주식등의대량보유상황보고서(약식),7
삼성에스디에스,018260,0,OK,,,,2026-07-16: 임원ㆍ주요주주특정증권등소유상황보고서 | 2026-07-16: [기재정정]임원ㆍ주요주주특정증권등소유상황보고서 | 2026-07-16: 임원ㆍ주요주주특정증권등소유상황보고서 | 2026-07-15: 임원ㆍ주요주주특정증권등소유상황보고서 | 2026-07-15: 임원ㆍ주요주주특정증권등소유상황보고서,54
리드코프,012700,0,OK,,,,2026-07-03: 주식등의대량보유상황보고서(일반) | 2026-06-26: 주식등의대량보유상황보고서(일반) | 2026-06-19: 주식등의대량보유상황보고서(일반),3
HLB제약,047920,0,OK,,,,2026-07-16: 주식등의대량보유상황보고서(일반) | 2026-07-03: 투자설명서 | 2026-07-03: 효력발생안내( 2026.6.18. 제출 증권신고서(지분증권) ) | 2026-07-02: [기재정정]증권신고서(지분증권),4
삼성FN리츠,448730,0,OK,,,,2026-07-16: 사업보고서 (2026.04) | 2026-07-16: 임원ㆍ주요주주특정증권등소유상황보고서 | 2026-07-16: 주주명부폐쇄기간또는기준일설정               | 2026-07-14: 기타경영사항(자율공시)               | 2026-07-13: 감사보고서제출              ,22
아이지넷,462980,0,OK,,,,2026-07-07: 주식등의대량보유상황보고서(일반) | 2026-07-07: 임원ㆍ주요주주특정증권등소유상황보고서 | 2026-07-07: 임원ㆍ주요주주특정증권등소유상황보고서 | 2026-07-07: 임원ㆍ주요주주특정증권등소유상황보고서 | 2026-07-07: 임원ㆍ주요주주특정증권등소유상황보고서,7
애경케미칼,161000,0,OK,,,,2026-06-30: 주식등의대량보유상황보고서(일반) | 2026-06-30: 지속가능경영보고서등관련사항(자율공시)               | 2026-06-29: 주주총회소집결의               | 2026-06-29: 주주명부폐쇄기간또는기준일설정              ,4
유니켐,011330,0,OK,,,,2026-06-23: 임원ㆍ주요주주특정증권등소유상황보고서 | 2026-06-22: 임원ㆍ주요주주특정증권등소유상황보고서 | 2026-06-22: 임원ㆍ주요주주특정증권등소유상황보고서 | 2026-06-22: 임원ㆍ주요주주특정증권등소유상황보고서 | 2026-06-22: 임원ㆍ주요주주특정증권등소유상황보고서,8
삼성에피스홀딩스,0126Z0,0,OK,,,,2026-07-10: 결산실적공시예고(안내공시)               | 2026-07-09: 투자판단관련주요경영사항(자회사의 주요경영사항)              (개량항체 공동기술개발 및 기술도입 옵션계약 체결) | 2026-07-06: 최대주주등소유주식변동신고서               | 2026-06-29: 투자판단관련주요경영사항(자회사의 주요경영사항)              (SB27(Keytruda 바이오시밀러) 제3상 임상시험 1차 유효성 분석 결과 발표),4
미래에셋생명,085620,0,OK,,,,2026-07-14: 계열금융회사의약관에의한금융거래-[기타유가증권] | 2026-07-14: 계열금융회사의약관에의한금융거래-[유가증권-수익증권] | 2026-06-30: 지속가능경영보고서등관련사항(자율공시)               | 2026-06-26: [기재정정]특수관계인과의수익증권거래 | 2026-06-26: 특수관계인과의수익증권거래,9
동원산업,006040,0,OK,,,,2026-07-01: 주식등의대량보유상황보고서(약식) | 2026-06-30: 불성실공시법인미지정              (지정유예) | 2026-06-30: 지속가능경영보고서등관련사항(자율공시)              ,3
아미노로직스,074430,0,OK,,,,2026-07-13: 임원ㆍ주요주주특정증권등소유상황보고서 | 2026-07-13: 주식등의대량보유상황보고서(일반) | 2026-07-10: 주식등의대량보유상황보고서(일반),3
삼성카드,029780,0,OK,,,,2026-07-16: 증권발행실적보고서 | 2026-07-16: 기업설명회(IR)개최(안내공시)               | 2026-07-15: 투자설명서(일괄신고) | 2026-07-15: 일괄신고추가서류 | 2026-07-14: 증권발행실적보고서,15
SK이터닉스,475150,0,OK,,,,2026-07-13: 주주총회소집공고 | 2026-07-13: 주주총회소집결의               | 2026-07-01: 주식등의대량보유상황보고서(약식) | 2026-06-30: [기재정정]투자판단관련주요경영사항               | 2026-06-30: [첨부정정]주요사항보고서(유형자산양도결정),6
HLB제넥스,187420,0,OK,,,,2026-07-16: 임원ㆍ주요주주특정증권등소유상황보고서 | 2026-07-06: 임원ㆍ주요주주특정증권등거래계획보고서 | 2026-07-02: 임원ㆍ주요주주특정증권등소유상황보고서 | 2026-06-29: 주식등의대량보유상황보고서(일반) | 2026-06-23: 임원ㆍ주요주주특정증권등소유상황보고서,5
삼진제약,005500,0,OK,,,,2026-07-10: 임원ㆍ주요주주특정증권등거래계획보고서 | 2026-07-10: 임원ㆍ주요주주특정증권등거래계획보고서 | 2026-07-10: 임원ㆍ주요주주특정증권등거래계획보고서 | 2026-07-09: 임원ㆍ주요주주특정증권등소유상황보고서 | 2026-07-02: 임원ㆍ주요주주특정증권등소유상황보고서,5
차이커뮤니케이션,351870,0,OK,,,,2026-07-16: [기재정정]주식매수선택권부여에관한신고 | 2026-06-30: 임원ㆍ주요주주특정증권등거래계획보고서 | 2026-06-30: 임원ㆍ주요주주특정증권등거래계획보고서 | 2026-06-30: 임원ㆍ주요주주특정증권등거래계획보고서 | 2026-06-30: 임원ㆍ주요주주특정증권등거래계획보고서,6
조이시티,067000,0,OK,,,,2026-07-07: 임원ㆍ주요주주특정증권등소유상황보고서 | 2026-07-02: 주식등의대량보유상황보고서(약식) | 2026-07-01: 주식등의대량보유상황보고서(일반) | 2026-06-24: 기업설명회(IR)개최               | 2026-06-22: 주식등의대량보유상황보고서(일반),5
에이피알,278470,0,OK,,,,2026-07-16: 현금ㆍ현물배당을위한주주명부폐쇄(기준일)결정               | 2026-07-16: 현금ㆍ현물배당결정               | 2026-07-16: [첨부정정]지속가능경영보고서등관련사항(자율공시)               | 2026-06-19: 지속가능경영보고서등관련사항(자율공시)              ,4
사조동아원,008040,0,OK,,,,2026-07-14: [기재정정]벌금등의부과               | 2026-07-07: 의결권대리행사권유참고서류 | 2026-07-07: 주주총회소집공고 | 2026-06-22: 주주총회소집결의               | 2026-06-22: 주주명부폐쇄기간또는기준일설정              ,6
GS리테일,007070,0,OK,,,,2026-07-07: 임원ㆍ주요주주특정증권등소유상황보고서 | 2026-07-01: 주식등의대량보유상황보고서(약식) | 2026-06-30: 지속가능경영보고서등관련사항(자율공시)              ,3
구영테크,053270,0,OK,,,,2026-07-15: 주식등의대량보유상황보고서(일반) | 2026-07-15: 임원ㆍ주요주주특정증권등소유상황보고서 | 2026-07-15: 임원ㆍ주요주주특정증권등소유상황보고서,3
마스턴프리미어리츠,357430,0,OK,,,,2026-07-14: 기타경영사항(자율공시)               | 2026-07-08: 주식등의대량보유상황보고서(약식) | 2026-06-26: 정기주주총회결과              ,3
제노레이,122310,0,OK,,,,2026-07-01: 현금ㆍ현물배당결정              (분기배당) | 2026-07-01: 임원ㆍ주요주주특정증권등소유상황보고서 | 2026-06-29: 임원ㆍ주요주주특정증권등소유상황보고서,3
포시에스,189690,0,OK,,,,2026-07-02: 임원ㆍ주요주주특정증권등소유상황보고서 | 2026-07-02: 주식등의대량보유상황보고서(일반) | 2026-06-25: 기업가치제고계획(자율공시)              (2026년 (주)포시에스의 기업가치 제고 계획),3
현대차증권,001500,0,OK,,,,2026-07-15: 투자설명서(일괄신고) | 2026-07-15: 일괄신고추가서류(파생결합사채-주가연계파생결합사채) | 2026-07-15: 증권발행실적보고서 | 2026-07-15: 투자설명서(일괄신고) | 2026-07-15: 일괄신고추가서류(파생결합사채-주가연계파생결합사채),86
JW홀딩스,096760,0,OK,,,,2026-07-03: 주식등의대량보유상황보고서(일반) | 2026-07-03: 최대주주등소유주식변동신고서               | 2026-06-30: 투자판단관련주요경영사항              ,3
코오롱티슈진,950160,0,OK,,,,2026-07-09: [기재정정]소송등의제기ㆍ신청(일정금액이상의청구)               | 2026-07-03: 소송등의판결ㆍ결정(일정금액이상의청구)               | 2026-07-01: [기재정정]소송등의제기ㆍ신청(일정금액이상의청구)               | 2026-06-23: [기재정정]소송등의제기ㆍ신청(일정금액이상의청구)              ,4
SK,034730,0,OK,,,,2026-07-07: 최대주주등소유주식변동신고서               | 2026-07-02: 중대재해발생(자회사의 주요경영사항)               | 2026-06-29: 타법인주식및출자증권취득결정(자회사의 주요경영사항)               | 2026-06-25: 투자판단관련주요경영사항(자회사의 주요경영사항)               | 2026-06-25: [기재정정]금전대여결정(자회사의 주요경영사항)              ,10
인바이츠바이오코아,216400,0,OK,,,,2026-07-16: 주식등의대량보유상황보고서(약식) | 2026-07-09: 주주명부폐쇄기간또는기준일설정               | 2026-06-22: 기업설명회(IR)개최결과              ,3
코칩,126730,0,OK,,,,2026-07-16: 임원ㆍ주요주주특정증권등소유상황보고서 | 2026-07-08: 임원ㆍ주요주주특정증권등소유상황보고서 | 2026-06-26: 임원ㆍ주요주주특정증권등소유상황보고서,3
종근당,185750,0,OK,,,,2026-07-16: 주식등의대량보유상황보고서(일반) | 2026-07-01: 주식등의대량보유상황보고서(약식) | 2026-06-30: 지속가능경영보고서등관련사항(자율공시)               | 2026-06-26: 주식등의대량보유상황보고서(약식) | 2026-06-24: 주식등의대량보유상황보고서(일반),5
우리은행,000030,0,OK,,,,2026-07-09: 증권발행실적보고서 | 2026-07-08: 투자설명서(일괄신고) | 2026-07-08: 일괄신고추가서류 | 2026-07-07: 증권발행실적보고서 | 2026-07-06: 투자설명서(일괄신고),9
LX세미콘,108320,0,OK,,,,2026-07-15: 기업설명회(IR)개최(안내공시)               | 2026-07-15: 결산실적공시예고(안내공시)               | 2026-07-01: 주식등의대량보유상황보고서(약식) | 2026-06-30: 지속가능경영보고서등관련사항(자율공시)              ,4
엔피케이,048830,0,OK,,,,2026-07-16: 임원ㆍ주요주주특정증권등소유상황보고서 | 2026-07-15: 주요사항보고서(자기주식취득신탁계약체결결정) | 2026-07-13: 임원ㆍ주요주주특정증권등소유상황보고서 | 2026-06-30: 임원ㆍ주요주주특정증권등소유상황보고서 | 2026-06-24: 주식등의대량보유상황보고서(일반),6
시지메드텍,056090,0,OK,,,,2026-06-30: 주주총회소집결의              (임시주주총회) | 2026-06-30: 주주명부폐쇄기간또는기준일설정               | 2026-06-30: 주식병합결정              ,3
교보16호스팩,482520,0,OK,,,,2026-07-15: 기업인수목적회사의임원선임결정               | 2026-07-15: 주주명부폐쇄기간또는기준일설정               | 2026-07-15: 주주총회소집결의              (임시주주총회),3
시디즈,134790,0,OK,,,,2026-07-15: 최대주주등소유주식변동신고서               | 2026-07-14: 최대주주등소유주식변동신고서               | 2026-07-06: 최대주주등소유주식변동신고서               | 2026-07-02: 최대주주등소유주식변동신고서               | 2026-07-01: 최대주주등소유주식변동신고서              ,7
HK이노엔,195940,0,OK,,,,2026-07-02: 기업설명회(IR)개최               | 2026-07-02: 주주총회소집결의              (임시주주총회) | 2026-07-02: 주주명부폐쇄기간또는기준일설정               | 2026-07-01: 주식등의대량보유상황보고서(약식) | 2026-06-30: 지속가능경영보고서등관련사항(자율공시)              ,5
신한서부티엔디리츠,404990,0,OK,,,,2026-07-16: 임원ㆍ주요주주특정증권등소유상황보고서 | 2026-07-14: 기업설명회(IR)개최(안내공시)               | 2026-07-10: 임원ㆍ주요주주특정증권등소유상황보고서 | 2026-07-10: 주식등의대량보유상황보고서(약식) | 2026-07-09: 임원ㆍ주요주주특정증권등소유상황보고서,8
제주은행,006220,0,OK,,,,2026-07-15: 결산실적공시예고(안내공시)               | 2026-07-02: 불성실공시법인지정예고               | 2026-07-01: 주요사항보고서(상각형조건부자본증권발행결정),3
신한알파리츠,293940,0,OK,,,,2026-07-16: 임원ㆍ주요주주특정증권등소유상황보고서 | 2026-07-10: 기타경영사항(자율공시)               | 2026-07-09: 임원ㆍ주요주주특정증권등소유상황보고서 | 2026-07-02: 임원ㆍ주요주주특정증권등소유상황보고서 | 2026-06-25: 임원ㆍ주요주주특정증권등소유상황보고서,5
대동기어,008830,0,OK,,,,2026-07-15: [기재정정]투자설명서 | 2026-07-15: [발행조건확정]증권신고서(지분증권) | 2026-07-15: 유상증자최종발행가액확정               | 2026-07-15: [기재정정]주요사항보고서(유무상증자결정) | 2026-07-08: 주식등의대량보유상황보고서(일반),10
코스맥스비티아이,044820,0,OK,,,,2026-06-29: 타인에대한채무보증결정(자회사의 주요경영사항)               | 2026-06-26: 타인에대한담보제공결정               | 2026-06-26: 주식등의대량보유상황보고서(일반) | 2026-06-26: 타인에대한담보제공결정              ,4
코스맥스,192820,0,OK,,,,2026-07-09: 주식등의대량보유상황보고서(약식) | 2026-07-02: 임원ㆍ주요주주특정증권등소유상황보고서 | 2026-07-01: 주식등의대량보유상황보고서(약식) | 2026-06-29: 타인에대한채무보증결정               | 2026-06-25: 주식등의대량보유상황보고서(약식),6
삼성생명,032830,0,OK,,,,2026-07-14: 계열금융회사의약관에의한금융거래-[유가증권-채권] | 2026-07-14: 계열금융회사의약관에의한금융거래-[유가증권-수익증권] | 2026-07-14: 계열금융회사의약관에의한금융거래-[보험] | 2026-06-30: 지속가능경영보고서등관련사항(자율공시)               | 2026-06-30: 특수관계인과의수익증권거래,9
LG이노텍,011070,0,OK,,,,2026-07-03: 임원ㆍ주요주주특정증권등소유상황보고서 | 2026-07-01: 주식등의대량보유상황보고서(약식) | 2026-07-01: 결산실적공시예고(안내공시)               | 2026-06-30: 지속가능경영보고서등관련사항(자율공시)               | 2026-06-29: 임원ㆍ주요주주특정증권등소유상황보고서,6
삼성증권,016360,0,OK,,,,2026-07-16: 투자설명서(일괄신고) | 2026-07-16: 일괄신고추가서류(기타파생결합증권) | 2026-07-16: 투자설명서(일괄신고) | 2026-07-16: 일괄신고추가서류(파생결합사채-주가연계파생결합사채) | 2026-07-15: [기재정정]증권발행실적보고서,100
KPX케미칼,025000,0,OK,,,,2026-07-03: 현금ㆍ현물배당결정               | 2026-07-03: 현금ㆍ현물배당을위한주주명부폐쇄(기준일)결정               | 2026-06-30: 사외이사의선임ㆍ해임또는중도퇴임에관한신고,3
국보디자인,066620,0,OK,,,,2026-07-10: 주식등의대량보유상황보고서(약식) | 2026-06-23: 주식등의대량보유상황보고서(일반) | 2026-06-23: 임원ㆍ주요주주특정증권등소유상황보고서,3
시너지이노베이션,048870,0,OK,,,,2026-06-30: [기재정정]주요사항보고서(타법인주식및출자증권양도결정) | 2026-06-23: 전환사채(해외전환사채포함)발행후만기전사채취득               | 2026-06-22: 전환사채(해외전환사채포함)발행후만기전사채취득              ,3
오스템,031510,0,OK,,,,2026-06-29: 주식등의대량보유상황보고서(일반) | 2026-06-29: 임원ㆍ주요주주특정증권등소유상황보고서 | 2026-06-24: 주요사항보고서(자기주식취득신탁계약체결결정),3
OCI,456040,0,OK,,,,2026-07-16: [기재정정]타법인주식및출자증권취득결정               | 2026-07-02: 기업설명회(IR)개최(안내공시)               | 2026-07-01: 주식등의대량보유상황보고서(약식) | 2026-06-29: [기재정정]타법인주식및출자증권취득결정               | 2026-06-26: 정보보호현황(자율공시)              ,6
한미사이언스,008930,0,OK,,,,2026-07-14: 결산실적공시예고(안내공시)               | 2026-07-10: 주식등의대량보유상황보고서(일반) | 2026-07-10: 주식등의대량보유상황보고서(일반) | 2026-07-07: 주식등의대량보유상황보고서(일반) | 2026-07-07: 임원ㆍ주요주주특정증권등거래계획보고서,14
BGF리테일,282330,0,OK,,,,2026-06-30: 지속가능경영보고서등관련사항(자율공시)               | 2026-06-23: 최대주주등소유주식변동신고서               | 2026-06-23: 주식등의대량보유상황보고서(일반),3
마키나락스,477850,0,OK,,,,2026-07-07: 조회공시요구(현저한시황변동)에대한답변(미확정)               | 2026-07-06: 조회공시요구(현저한시황변동)               | 2026-06-19: 임원ㆍ주요주주특정증권등소유상황보고서,3
티디에스팜,464280,0,OK,,,,2026-07-15: 임시주주총회결과               | 2026-06-30: 주주총회소집공고 | 2026-06-29: [기재정정]사업보고서 (2025.12) | 2026-06-29: [기재정정]사업보고서 (2025.12) | 2026-06-29: [기재정정]주주총회소집결의              (임시주주총회),6
에쓰씨엔지니어링,023960,0,OK,,,,2026-07-07: 임원ㆍ주요주주특정증권등거래계획보고서 | 2026-06-24: 전환가액ㆍ신주인수권행사가액ㆍ교환가액의조정(안내공시)               | 2026-06-24: 전환가액ㆍ신주인수권행사가액ㆍ교환가액의조정(안내공시)              ,3
SK디스커버리,006120,0,OK,,,,2026-07-16: 지주회사의자회사탈퇴               | 2026-07-15: 현금ㆍ현물배당을위한주주명부폐쇄(기준일)결정(자회사의 주요경영사항)               | 2026-07-15: 현금ㆍ현물배당결정(자회사의 주요경영사항)               | 2026-07-15: 타인에대한채무보증결정(자회사의 주요경영사항)               | 2026-06-30: [기재정정]타법인주식및출자증권처분결정              ,6
인터엠,017250,0,OK,,,,2026-07-16: 임원ㆍ주요주주특정증권등소유상황보고서 | 2026-07-09: 임원ㆍ주요주주특정증권등소유상황보고서 | 2026-07-02: 주식등의대량보유상황보고서(일반) | 2026-07-02: 임원ㆍ주요주주특정증권등소유상황보고서 | 2026-06-22: 자기주식취득결과보고서,5
윙스풋,335870,0,OK,,,,2026-07-08: 주식병합결정               | 2026-07-08: 주주총회소집공고 | 2026-07-08: [기재정정]주주총회소집결의               | 2026-06-23: 임원ㆍ주요주주특정증권등거래계획보고서,4
HC보광산업,225530,0,OK,,,,2026-07-16: 임원ㆍ주요주주특정증권등소유상황보고서 | 2026-07-08: [기재정정]주식등의대량보유상황보고서(일반) | 2026-07-08: [기재정정]주식등의대량보유상황보고서(일반) | 2026-07-08: [기재정정]주식등의대량보유상황보고서(일반) | 2026-07-08: [기재정정]주식등의대량보유상황보고서(일반),8
대한약품,023910,0,OK,,,,2026-07-16: 임원ㆍ주요주주특정증권등소유상황보고서 | 2026-07-09: 임원ㆍ주요주주특정증권등소유상황보고서 | 2026-06-30: 임원ㆍ주요주주특정증권등소유상황보고서 | 2026-06-22: 임원ㆍ주요주주특정증권등소유상황보고서,4
HC홈센타,060560,0,OK,,,,2026-07-07: 임원ㆍ주요주주특정증권등소유상황보고서 | 2026-07-03: 주식등의대량보유상황보고서(일반) | 2026-06-30: 임원ㆍ주요주주특정증권등소유상황보고서 | 2026-06-24: 주식등의대량보유상황보고서(약식) | 2026-06-22: 임원ㆍ주요주주특정증권등소유상황보고서,6
SK이노베이션,096770,0,OK,,,,2026-07-16: 기업설명회(IR)개최(안내공시)               | 2026-06-30: 특수관계인으로부터부동산임차 | 2026-06-30: 지속가능경영보고서등관련사항(자율공시)               | 2026-06-25: [기재정정]금전대여결정(자회사의 주요경영사항)               | 2026-06-25: 특수관계인에대한자산양도,8
넥스턴앤롤코리아,089140,0,OK,,,,2026-07-10: 주식등의대량보유상황보고서(약식) | 2026-06-30: 주식등의대량보유상황보고서(약식) | 2026-06-24: 합병등종료보고서(자산양수도) | 2026-06-24: [기재정정]주요사항보고서(유형자산양도결정),4
엔케이,085310,0,OK,,,,2026-07-13: 주요사항보고서(자기주식취득신탁계약체결결정) | 2026-07-10: 임원ㆍ주요주주특정증권등소유상황보고서 | 2026-07-02: 임원ㆍ주요주주특정증권등소유상황보고서 | 2026-06-26: 임원ㆍ주요주주특정증권등소유상황보고서,4
현대위아,011210,0,OK,,,,2026-07-01: 주식등의대량보유상황보고서(약식) | 2026-06-30: 임원ㆍ주요주주특정증권등소유상황보고서 | 2026-06-30: 지속가능경영보고서등관련사항(자율공시)              ,3
동구바이오제약,006620,0,OK,,,,2026-07-15: 주식등의대량보유상황보고서(일반) | 2026-07-07: 주식등의대량보유상황보고서(일반) | 2026-06-29: 주식등의대량보유상황보고서(일반) | 2026-06-25: [기재정정]사업보고서 (2025.12),4
아이엘,307180,0,OK,,,,2026-07-02: 주식등의대량보유상황보고서(일반) | 2026-07-02: 타법인주식및출자증권취득결정               | 2026-06-29: 주주명부폐쇄기간또는기준일설정               | 2026-06-29: 주주총회소집결의              (임시주주총회) | 2026-06-29: 주식등의대량보유상황보고서(일반),5
프레스티지바이오파마,950210,0,OK,,,,2026-07-09: 최대주주등소유주식변동신고서               | 2026-07-09: 임원ㆍ주요주주특정증권등소유상황보고서 | 2026-07-09: 주식등의대량보유상황보고서(일반) | 2026-07-01: 최대주주등소유주식변동신고서               | 2026-07-01: 주식등의대량보유상황보고서(일반),6
DB하이텍,000990,0,OK,,,,2026-07-09: 임원ㆍ주요주주특정증권등소유상황보고서 | 2026-07-02: 임원ㆍ주요주주특정증권등소유상황보고서 | 2026-07-01: 주식등의대량보유상황보고서(약식) | 2026-07-01: 주식등의대량보유상황보고서(약식) | 2026-06-30: 지속가능경영보고서등관련사항(자율공시)              ,6
포스코DX,022100,0,OK,,,,2026-07-01: 임원ㆍ주요주주특정증권등소유상황보고서 | 2026-07-01: 최대주주등소유주식변동신고서               | 2026-07-01: 주식등의대량보유상황보고서(약식) | 2026-06-26: 임원ㆍ주요주주특정증권등소유상황보고서 | 2026-06-23: 지속가능경영보고서등관련사항(자율공시)              ,5
CJ ENM,035760,0,OK,,,,2026-07-10: 기업설명회(IR)개최               | 2026-07-10: 결산실적공시예고               | 2026-06-25: 동일인등출자계열회사와의상품ㆍ용역거래 | 2026-06-25: 동일인등출자계열회사와의상품ㆍ용역거래,4
오름테라퓨틱,475830,0,OK,,,,2026-07-06: 기업설명회(IR)개최               | 2026-06-29: [기재정정]기업설명회(IR)개최               | 2026-06-29: 기업설명회(IR)개최               | 2026-06-29: 주식매수선택권부여에관한신고 | 2026-06-19: 사외이사의선임ㆍ해임또는중도퇴임에관한신고,5
영풍,000670,0,OK,,,,2026-07-15: [기재정정]회계처리기준위반에따른임원의해임권고조치               | 2026-07-14: 임원ㆍ주요주주특정증권등소유상황보고서 | 2026-07-09: [기재정정]회계처리기준위반에따른임원의해임권고조치               | 2026-07-08: [기재정정]대규모기업집단현황공시[연1회공시및1/4분기용(대표회사)] | 2026-07-03: 주식등의대량보유상황보고서(일반),8
이스트에이드,239340,0,OK,,,,2026-07-14: 주주총회소집공고 | 2026-07-14: 주식병합결정               | 2026-07-14: [기재정정]주주총회소집결의              (임시주주총회) | 2026-06-22: 주주명부폐쇄기간또는기준일설정               | 2026-06-22: 주주총회소집결의              (임시주주총회),5
에너토크,019990,0,OK,,,,2026-07-14: 전환가액의조정               | 2026-07-09: 주주총회소집공고 | 2026-07-02: [기재정정]주식매수선택권부여에관한신고 | 2026-07-02: 임원ㆍ주요주주특정증권등소유상황보고서,4
유안타증권,003470,0,OK,,,,2026-07-16: 최대주주등소유주식변동신고서               | 2026-07-16: 투자설명서(일괄신고) | 2026-07-16: 일괄신고추가서류(파생결합증권-주가연계증권) | 2026-07-16: 증권발행실적보고서 | 2026-07-15: 최대주주등소유주식변동신고서              ,60
한창제지,009460,0,OK,,,,2026-07-01: 임원ㆍ주요주주특정증권등소유상황보고서 | 2026-06-24: 임원ㆍ주요주주특정증권등소유상황보고서 | 2026-06-22: 임원ㆍ주요주주특정증권등소유상황보고서,3
기신정기,092440,0,OK,,,,2026-07-10: 최대주주등소유주식변동신고서               | 2026-06-22: 사외이사의선임ㆍ해임또는중도퇴임에관한신고 | 2026-06-19: 정기주주총회결과              ,3
유나이티드,033270,0,OK,,,,2026-07-10: 임원ㆍ주요주주특정증권등거래계획보고서 | 2026-07-10: 임원ㆍ주요주주특정증권등거래계획보고서 | 2026-07-09: [기재정정]임원ㆍ주요주주특정증권등소유상황보고서 | 2026-07-08: 임원ㆍ주요주주특정증권등소유상황보고서 | 2026-07-08: 임원ㆍ주요주주특정증권등소유상황보고서,5
한독,002390,0,OK,,,,2026-07-15: 공정거래자율준수프로그램운영현황(안내공시)               | 2026-07-10: [기재정정]주식매수선택권부여에관한신고 | 2026-07-10: 주식매수선택권부여에관한신고,3
시알홀딩스,000480,0,OK,,,,2026-07-07: 현금ㆍ현물배당결정               | 2026-07-07: 현금ㆍ현물배당을위한주주명부폐쇄(기준일)결정               | 2026-06-30: 현금ㆍ현물배당결정(자회사의 주요경영사항)               | 2026-06-30: 현금ㆍ현물배당을위한주주명부폐쇄(기준일)결정(자회사의 주요경영사항)              ,4
조아제약,034940,0,OK,,,,2026-07-06: 임시주주총회결과               | 2026-06-24: 조회공시요구(현저한시황변동)에대한답변(중요정보없음)               | 2026-06-23: 조회공시요구(현저한시황변동)               | 2026-06-19: 의결권대리행사권유참고서류 | 2026-06-19: 주주총회소집공고,5
에이프로,262260,0,OK,,,,2026-07-15: 임시주주총회결과               | 2026-06-30: 의결권대리행사권유참고서류 | 2026-06-30: 주주총회소집공고,3
PS일렉트로닉스,332570,0,OK,,,,2026-07-07: [기재정정]주요사항보고서(자기주식취득신탁계약체결결정) | 2026-07-07: 임원ㆍ주요주주특정증권등소유상황보고서 | 2026-07-07: 주식등의대량보유상황보고서(일반) | 2026-07-06: 주요사항보고서(자기주식취득신탁계약체결결정) | 2026-07-06: 자기주식취득신탁계약체결결정              ,7
우리엔터프라이즈,037400,0,OK,,,,2026-07-15: 임시주주총회결과               | 2026-07-06: 주식등의대량보유상황보고서(일반) | 2026-06-30: 의결권대리행사권유참고서류 | 2026-06-30: 주주총회소집공고,4
세종메디칼,258830,0,OK,,,,2026-07-16: 타인에대한담보제공결정               | 2026-06-30: 대표이사변경               | 2026-06-30: 임시주주총회결과              ,3
삼보모터스,053700,0,OK,,,,2026-07-10: [기재정정]주식등의대량보유상황보고서(약식) | 2026-07-10: 주식등의대량보유상황보고서(약식) | 2026-07-09: 대표이사변경              ,3
팅크웨어,084730,0,OK,,,,2026-07-16: 주식등의대량보유상황보고서(일반) | 2026-07-16: 임원ㆍ주요주주특정증권등소유상황보고서 | 2026-06-22: 주식등의대량보유상황보고서(일반),3
세아메카닉스,396300,0,OK,,,,2026-07-14: 임원ㆍ주요주주특정증권등소유상황보고서 | 2026-07-13: 주주총회소집결의              (임시주주총회) | 2026-07-13: 주주명부폐쇄기간또는기준일설정               | 2026-06-26: [기재정정]주요사항보고서(유형자산양도결정) | 2026-06-24: 임원ㆍ주요주주특정증권등소유상황보고서,5
메디포스트,078160,0,OK,,,,2026-07-13: 전환가액의조정               | 2026-07-06: 전환가액의조정               | 2026-06-30: 전환가액의조정              ,3
계양전기,012200,0,OK,,,,2026-06-26: 투자설명서 | 2026-06-26: 효력발생안내( 2026.6.11. 제출 증권신고서(지분증권) ) | 2026-06-25: [기재정정]증권신고서(지분증권),3
파인메딕스,387570,0,OK,,,,2026-06-26: [기재정정]사업보고서 (2025.12) | 2026-06-26: 주식등의대량보유상황보고서(약식) | 2026-06-26: 주식등의대량보유상황보고서(약식),3
나라엠앤디,051490,0,OK,,,,2026-07-16: 주식등의대량보유상황보고서(일반) | 2026-07-16: 임원ㆍ주요주주특정증권등소유상황보고서 | 2026-07-07: 임원ㆍ주요주주특정증권등소유상황보고서 | 2026-06-29: 임원ㆍ주요주주특정증권등소유상황보고서 | 2026-06-23: 주식등의대량보유상황보고서(일반),6
희림,037440,0,OK,,,,2026-07-09: 주식등의대량보유상황보고서(약식) | 2026-07-03: 주식등의대량보유상황보고서(일반) | 2026-07-02: 임원ㆍ주요주주특정증권등소유상황보고서 | 2026-07-02: 주식등의대량보유상황보고서(일반),4
현대바이오,048410,0,OK,,,,2026-06-30: 주식등의대량보유상황보고서(일반) | 2026-06-23: 주요사항보고서(전환사채매수선택권행사자지정) | 2026-06-23: 증권발행결과(자율공시)               | 2026-06-19: 주식등의대량보유상황보고서(일반),4
웰크론한텍,076080,0,OK,,,,2026-07-09: 주식등의대량보유상황보고서(일반) | 2026-07-09: [기재정정]임원ㆍ주요주주특정증권등거래계획보고서 | 2026-07-09: 임원ㆍ주요주주특정증권등소유상황보고서 | 2026-07-09: 임원ㆍ주요주주특정증권등소유상황보고서 | 2026-07-08: 임원ㆍ주요주주특정증권등소유상황보고서,12
CJ CGV,079160,0,OK,,,,2026-07-08: 타인에대한채무보증결정               | 2026-06-25: 동일인등출자계열회사와의상품ㆍ용역거래 | 2026-06-23: 조회공시요구(풍문또는보도)에대한답변(미확정)               | 2026-06-23: 조회공시요구(풍문또는보도)               | 2026-06-22: 타인에대한채무보증결정              ,5
세아제강지주,003030,0,OK,,,,2026-07-09: [첨부정정]지속가능경영보고서등관련사항(자율공시)               | 2026-07-03: 현금ㆍ현물배당결정(자회사의 주요경영사항)               | 2026-07-01: 주식등의대량보유상황보고서(약식) | 2026-06-30: 지속가능경영보고서등관련사항(자율공시)              ,4
에이플러스에셋,244920,0,OK,,,,2026-07-14: 주요사항보고서(자기주식취득신탁계약체결결정) | 2026-07-10: 임원ㆍ주요주주특정증권등소유상황보고서 | 2026-07-10: 최대주주등소유주식변동신고서               | 2026-07-02: 주식등의대량보유상황보고서(일반) | 2026-06-26: 임원ㆍ주요주주특정증권등소유상황보고서,5
비덴트,121800,0,OK,,,,2026-06-30: 사외이사의선임ㆍ해임또는중도퇴임에관한신고 | 2026-06-30: 대표이사변경               | 2026-06-30: 임시주주총회결과               | 2026-06-24: 기타시장안내              (상장폐지 관련 이의신청서 접수),4
엔지켐생명과학,183490,0,OK,,,,2026-07-09: [기재정정]소송등의제기ㆍ신청(경영권분쟁소송)              (임시주주총회개최금지 가처분) | 2026-07-09: [기재정정]소송등의제기ㆍ신청(경영권분쟁소송)              (주주명부열람등사가처분) | 2026-07-08: 소송등의제기ㆍ신청(경영권분쟁소송)              (회계장부열람및등사 가처분) | 2026-07-08: 소송등의제기ㆍ신청(경영권분쟁소송)              (주주명부열람등사가처분) | 2026-07-08: 소송등의제기ㆍ신청(경영권분쟁소송)              (임시주주총회개최금지 가처분),10
대한뉴팜,054670,0,OK,,,,2026-07-15: 공정거래자율준수프로그램운영현황               | 2026-07-07: [기재정정]사업보고서 (2025.12) | 2026-07-07: [기재정정]감사보고서제출              ,3
동국씨엠,460850,0,OK,,,,2026-06-30: 지속가능경영보고서등관련사항(자율공시)               | 2026-06-25: 타인에대한채무보증결정(자율공시)               | 2026-06-25: 타인에대한채무보증결정(자율공시)              ,3
이수스페셜티케미컬,457190,0,OK,,,,2026-07-14: 주식등의대량보유상황보고서(일반) | 2026-07-07: 단기차입금증가결정               | 2026-07-01: 주식등의대량보유상황보고서(약식),3
나우로보틱스,459510,0,OK,,,,2026-06-30: 합병등종료보고서(자산양수도) | 2026-06-30: [기재정정]주요사항보고서(타법인주식및출자증권양수결정) | 2026-06-30: 합병등종료보고서(합병) | 2026-06-29: [기재정정]신규시설투자등               | 2026-06-23: 기업설명회(IR)개최              ,5
큐에이드,377460,0,OK,,,,2026-07-15: 사외이사의선임ㆍ해임또는중도퇴임에관한신고 | 2026-07-15: 임시주주총회결과               | 2026-07-02: 타법인주식및출자증권취득결정               | 2026-06-30: 주주총회소집공고 | 2026-06-30: 주주총회소집결의              ,5
다산솔루에타,154040,0,OK,,,,2026-07-10: 임원ㆍ주요주주특정증권등거래계획보고서 | 2026-07-10: 주주총회소집결의              (임시주주총회) | 2026-07-10: 주주명부폐쇄기간또는기준일설정               | 2026-07-10: 주식병합결정               | 2026-07-07: 임원ㆍ주요주주특정증권등거래계획보고서,8
더네이쳐홀딩스,298540,0,OK,,,,2026-07-10: 주식등의대량보유상황보고서(일반) | 2026-07-10: 임원ㆍ주요주주특정증권등소유상황보고서 | 2026-07-07: 임원ㆍ주요주주특정증권등소유상황보고서 | 2026-07-07: 장래사업ㆍ경영계획(공정공시)              ,4
애드포러스,397810,0,OK,,,,2026-07-13: 임원ㆍ주요주주특정증권등소유상황보고서 | 2026-07-13: 임원ㆍ주요주주특정증권등소유상황보고서 | 2026-07-13: 임원ㆍ주요주주특정증권등소유상황보고서 | 2026-06-19: 신탁계약해지결과보고서,4
지란지교시큐리티,208350,0,OK,,,,2026-07-06: 임원ㆍ주요주주특정증권등소유상황보고서 | 2026-07-06: 주식등의대량보유상황보고서(일반) | 2026-06-24: 신탁계약에의한취득상황보고서,3
대한과학,131220,0,OK,,,,2026-06-30: 주식등의대량보유상황보고서(일반) | 2026-06-30: 임원ㆍ주요주주특정증권등소유상황보고서 | 2026-06-30: 임원ㆍ주요주주특정증권등소유상황보고서,3
심텍,222800,0,OK,,,,2026-07-08: 임원ㆍ주요주주특정증권등소유상황보고서 | 2026-07-07: 주식등의대량보유상황보고서(약식) | 2026-07-01: 주식등의대량보유상황보고서(약식) | 2026-06-25: 임원ㆍ주요주주특정증권등소유상황보고서 | 2026-06-25: 주식등의대량보유상황보고서(일반),7
이엔셀,456070,0,OK,,,,"2026-07-13: 전환가액의조정              (제1회차) | 2026-07-10: [기재정정]투자판단관련주요경영사항(임상시험계획변경승인)              (샤르코마리투스(CharcotMarieTooth disease, CMT) 1A형 환자를 대상으로 EN001의 유효성 및 안전성을 평가하기 위해 1b/2a상 임상시험계획 변경승인) | 2026-06-25: 임원ㆍ주요주주특정증권등소유상황보고서 | 2026-06-24: 임원ㆍ주요주주특정증권등소유상황보고서 | 2026-06-24: 임원ㆍ주요주주특정증권등소유상황보고서",6
CJ대한통운,000120,0,OK,,,,2026-06-24: 임원ㆍ주요주주특정증권등소유상황보고서 | 2026-06-24: 임원ㆍ주요주주특정증권등소유상황보고서 | 2026-06-22: [기재정정]투자판단관련주요경영사항              ,3
원텍,336570,0,OK,,,,2026-07-16: 신탁계약해지결과보고서 | 2026-07-16: 주주총회소집공고 | 2026-07-16: 주요사항보고서(자기주식취득신탁계약해지결정) | 2026-06-23: [기재정정]주주명부폐쇄기간또는기준일설정               | 2026-06-23: [기재정정]주주총회소집결의              (임시주주총회),9
한주라이트메탈,198940,0,OK,,,,2026-06-30: 전환청구권행사              (제7회차) | 2026-06-29: 임원ㆍ주요주주특정증권등소유상황보고서 | 2026-06-29: 임원ㆍ주요주주특정증권등소유상황보고서 | 2026-06-29: 임원ㆍ주요주주특정증권등소유상황보고서 | 2026-06-29: 임원ㆍ주요주주특정증권등소유상황보고서,13
HLB바이오스텝,278650,0,OK,,,,2026-07-14: 주요사항보고서(자기전환사채만기전취득결정) | 2026-07-01: 임원ㆍ주요주주특정증권등소유상황보고서 | 2026-06-23: 불성실공시법인미지정              (공시번복),3
엠로,058970,0,OK,,,,2026-07-16: [기재정정]분기보고서 (2026.03) | 2026-07-16: [기재정정]사업보고서 (2025.12) | 2026-07-08: [기재정정]주식매수선택권부여에관한신고 | 2026-07-08: [기재정정]주식매수선택권부여에관한신고 | 2026-07-08: 임원ㆍ주요주주특정증권등소유상황보고서,12
하이즈항공,221840,0,OK,,,,2026-07-01: 주식등의대량보유상황보고서(일반) | 2026-07-01: 임원ㆍ주요주주특정증권등소유상황보고서 | 2026-06-26: 소송등의판결ㆍ결정              (회계장부 등 열람등사 신청),3
제닉스로보틱스,381620,0,OK,,,,2026-07-15: 주요사항보고서(자기주식취득신탁계약체결결정) | 2026-07-10: 전환가액의조정              (제1회차) | 2026-06-30: [기재정정]주식매수선택권부여에관한신고,3
SV인베스트먼트,289080,0,OK,,,,2026-06-30: 주식등의대량보유상황보고서(일반) | 2026-06-29: [기재정정]기업가치제고계획(자율공시)              (2026년 에스브이인베스트먼트(주) 기업가치 제고 계획) | 2026-06-29: 기업가치제고계획(자율공시)              (2026년 에스브이인베스트먼트(주) 기업가치 제고 계획) | 2026-06-26: 정기주주총회결과              ,4
제이알글로벌리츠,348950,0,OK,,,,2026-07-16: [기재정정]주요사항보고서(회생절차개시신청) | 2026-07-15: 기타경영사항(자율공시)               | 2026-07-06: 기업설명회(IR)개최(안내공시)               | 2026-07-06: 주주총회소집결의              ,4
세원정공,021820,0,OK,,,,2026-07-13: 사외이사의선임ㆍ해임또는중도퇴임에관한신고 | 2026-07-13: 임시주주총회결과               | 2026-07-07: 타인에대한담보제공결정(자율공시)               | 2026-06-26: 주주총회소집공고 | 2026-06-26: 주주총회소집결의              ,5
아티스트컴퍼니,321820,0,OK,,,,2026-07-15: 주식등의대량보유상황보고서(일반) | 2026-07-15: 임원ㆍ주요주주특정증권등소유상황보고서 | 2026-07-15: [기재정정]주식매수선택권부여에관한신고 | 2026-07-15: 대표이사변경               | 2026-07-15: 임시주주총회결과              ,7
엄지하우스,224810,0,OK,,,,2026-07-14: 주주명부폐쇄기간또는기준일설정               | 2026-07-14: 주주총회소집결의               | 2026-06-24: 임원ㆍ주요주주특정증권등소유상황보고서,3
스트라드비젼,475040,0,OK,,,,2026-07-08: 임원ㆍ주요주주특정증권등소유상황보고서 | 2026-07-08: 임원ㆍ주요주주특정증권등소유상황보고서 | 2026-07-08: 임원ㆍ주요주주특정증권등소유상황보고서 | 2026-07-08: 주식등의대량보유상황보고서(약식) | 2026-07-06: 임원ㆍ주요주주특정증권등소유상황보고서,12
와이바이오로직스,338840,0,OK,,,,2026-07-09: 주식등의대량보유상황보고서(일반) | 2026-07-03: 대표이사변경               | 2026-07-03: [기재정정]주식매수선택권부여에관한신고 | 2026-07-03: 임시주주총회결과               | 2026-07-01: 임원ㆍ주요주주특정증권등소유상황보고서,7
티엘비,356860,0,OK,,,,2026-07-15: 권리락              (무상증자) | 2026-07-14: 증권발행실적보고서 | 2026-07-14: 증권발행결과(자율공시)               | 2026-07-13: 유상증자또는주식관련사채등의청약결과(자율공시)               | 2026-07-09: 주식등의대량보유상황보고서(약식),30
레몬헬스케어,365660,0,OK,,,,2026-07-14: 주식등의대량보유상황보고서(약식) | 2026-07-10: 주식등의대량보유상황보고서(약식) | 2026-07-10: 임원ㆍ주요주주특정증권등소유상황보고서 | 2026-07-10: 임원ㆍ주요주주특정증권등소유상황보고서 | 2026-07-10: 임원ㆍ주요주주특정증권등소유상황보고서,11
휴니드테크놀러지스,005870,0,OK,,,,2026-07-16: 주식등의대량보유상황보고서(일반) | 2026-07-01: 대표이사(대표집행임원)변경(안내공시)               | 2026-07-01: 임시주주총회결과              ,3
오리온홀딩스,001800,0,OK,,,,2026-07-16: [기재정정]주권관련사채권의취득결정(자율공시)(종속회사의주요경영사항)               | 2026-07-16: [기재정정]주권관련사채권의취득결정(자율공시)(종속회사의주요경영사항)               | 2026-07-16: [기재정정]타법인주식및출자증권취득결정(자율공시)(종속회사의주요경영사항)               | 2026-07-13: 주식등의대량보유상황보고서(일반) | 2026-07-06: 현금ㆍ현물배당을위한주주명부폐쇄(기준일)결정(자회사의 주요경영사항)              ,10
비트플래닛,049470,0,OK,,,,2026-07-06: [기재정정]주요사항보고서(유형자산양수결정) | 2026-07-03: 본점소재지변경               | 2026-06-29: [기재정정]주요사항보고서(유형자산양수결정) | 2026-06-24: 주식등의대량보유상황보고서(약식) | 2026-06-19: 증권발행결과(자율공시)              (제17회차 CB),5
진매트릭스,109820,0,OK,,,,2026-07-10: 임원ㆍ주요주주특정증권등소유상황보고서 | 2026-07-09: 임원ㆍ주요주주특정증권등소유상황보고서 | 2026-07-02: 임원ㆍ주요주주특정증권등소유상황보고서 | 2026-07-02: 임원ㆍ주요주주특정증권등소유상황보고서 | 2026-07-02: 임원ㆍ주요주주특정증권등소유상황보고서,5
롯데렌탈,089860,0,OK,,,,2026-07-06: 기업설명회(IR)개최(안내공시)               | 2026-07-01: 풍문또는보도에대한해명(미확정)               | 2026-06-30: 지속가능경영보고서등관련사항(자율공시)               | 2026-06-22: 타인에대한채무보증결정(자율공시)               | 2026-06-22: 타인에대한채무보증결정              ,5
KG이니시스,035600,0,OK,,,,2026-07-10: 주식등의대량보유상황보고서(일반) | 2026-06-30: [기재정정]타법인주식및출자증권취득결정(종속회사의주요경영사항)               | 2026-06-29: 주식등의대량보유상황보고서(일반) | 2026-06-29: 임원ㆍ주요주주특정증권등소유상황보고서 | 2026-06-25: 특수관계인에대한출자,10
큐에스아이,066310,0,OK,,,,2026-07-14: 주식등의대량보유상황보고서(일반) | 2026-07-09: 주식등의대량보유상황보고서(약식) | 2026-07-02: [기재정정]분기보고서 (2026.03) | 2026-06-25: [기재정정]사업보고서 (2025.12),4
화승코퍼레이션,013520,0,OK,,,,2026-07-14: 최대주주등소유주식변동신고서               | 2026-07-07: 최대주주등소유주식변동신고서               | 2026-07-06: 타인에대한채무보증결정               | 2026-07-06: 타인에대한채무보증결정               | 2026-06-30: 지속가능경영보고서등관련사항(자율공시)              ,8
로보티즈,108490,0,OK,,,,2026-07-14: 임원ㆍ주요주주특정증권등소유상황보고서 | 2026-07-08: [기재정정]사업보고서 (2025.12) | 2026-07-08: 타법인주식및출자증권취득결정              ,3
웰크론,065950,0,OK,,,,2026-07-08: 임원ㆍ주요주주특정증권등소유상황보고서 | 2026-06-30: 주식등의대량보유상황보고서(일반) | 2026-06-30: 임원ㆍ주요주주특정증권등소유상황보고서 | 2026-06-26: 임원ㆍ주요주주특정증권등소유상황보고서,4
NH투자증권,005940,0,OK,,,,2026-07-16: 투자설명서(일괄신고) | 2026-07-16: 일괄신고추가서류(파생결합사채-주가연계파생결합사채) | 2026-07-16: 증권발행실적보고서 | 2026-07-16: 증권발행실적보고서 | 2026-07-16: 증권발행실적보고서,100
코리아에셋투자증권,190650,0,OK,,,,2026-07-01: 배당락               | 2026-07-01: 사외이사의선임ㆍ해임또는중도퇴임에관한신고 | 2026-07-01: 기업가치제고계획(자율공시)               | 2026-06-30: [기재정정]정기주주총회결과               | 2026-06-30: 대표이사변경              ,10
피앤씨테크,237750,0,OK,,,,2026-07-06: 소송등의판결ㆍ결정               | 2026-06-30: 대표이사변경               | 2026-06-30: 합병등종료보고서(합병) | 2026-06-26: 소송등의제기ㆍ신청(경영권분쟁소송)              (간접강제),4
조일알미늄,018470,0,OK,,,,2026-07-14: 최대주주등소유주식변동신고서               | 2026-07-14: 주식등의대량보유상황보고서(일반) | 2026-07-13: 최대주주등소유주식변동신고서               | 2026-07-13: 주식등의대량보유상황보고서(일반) | 2026-07-10: 최대주주등소유주식변동신고서              ,13
SYTS,002170,0,OK,,,,2026-07-10: 사외이사의선임ㆍ해임또는중도퇴임에관한신고 | 2026-07-10: 임시주주총회결과               | 2026-06-25: 의결권대리행사권유참고서류 | 2026-06-25: 주주총회소집공고,4
NH올원리츠,400760,0,OK,,,,2026-07-10: 임원ㆍ주요주주특정증권등소유상황보고서 | 2026-07-08: 기타경영사항(자율공시)               | 2026-07-01: [기재정정]부동산투자회사부동산임대               | 2026-06-29: 부동산투자회사부동산임대              ,4
메타바이오메드,059210,0,OK,,,,2026-07-16: 임원ㆍ주요주주특정증권등소유상황보고서 | 2026-07-13: 전환가액의조정               | 2026-07-03: 자기주식취득결과보고서 | 2026-06-30: [기재정정]현금ㆍ현물배당결정               | 2026-06-29: [기재정정]사업보고서 (2025.12),6
삼영에스앤씨,361670,0,OK,,,,2026-07-10: 임시주주총회결과               | 2026-06-30: 주식등의대량보유상황보고서(일반) | 2026-06-30: 임원ㆍ주요주주특정증권등소유상황보고서 | 2026-06-29: [기재정정]사업보고서 (2025.12) | 2026-06-25: 주주총회소집공고,6
이지케어텍,099750,0,OK,,,,2026-07-14: 임원ㆍ주요주주특정증권등소유상황보고서 | 2026-07-14: 임원ㆍ주요주주특정증권등소유상황보고서 | 2026-06-25: 정기주주총회결과              ,3
하나34호스팩,484130,0,OK,,,,2026-07-10: 주식등의대량보유상황보고서(약식) | 2026-07-02: [기재정정]주주명부폐쇄기간또는기준일설정               | 2026-07-02: 주주명부폐쇄기간또는기준일설정               | 2026-07-02: 기업인수목적회사의임원선임결정               | 2026-07-02: 주주총회소집결의              (임시주주총회),6
코리아나,027050,0,OK,,,,2026-07-09: 주식등의대량보유상황보고서(일반) | 2026-06-26: 주식등의대량보유상황보고서(일반) | 2026-06-25: 임시주주총회결과              ,3
유라클,088340,0,OK,,,,2026-07-03: 임원ㆍ주요주주특정증권등소유상황보고서 | 2026-07-02: 주식등의대량보유상황보고서(일반) | 2026-06-30: 임원ㆍ주요주주특정증권등소유상황보고서 | 2026-06-30: 임원ㆍ주요주주특정증권등소유상황보고서 | 2026-06-29: 주식등의대량보유상황보고서(일반),5
한국전력공사,015760,0,OK,,,,2026-07-07: 사외이사의선임ㆍ해임또는중도퇴임에관한신고 | 2026-06-29: 기타경영사항(자율공시)(종속회사의주요경영사항)               | 2026-06-24: 중대재해발생(종속회사의주요경영사항)               | 2026-06-23: 소송등의판결ㆍ결정(일정금액이상의청구)              ,4
케이씨씨,002380,0,OK,,,,2026-07-16: 공정거래자율준수프로그램운영현황(안내공시)               | 2026-07-16: 현금ㆍ현물배당결정               | 2026-07-16: 현금ㆍ현물배당을위한주주명부폐쇄(기준일)결정               | 2026-07-01: 주식등의대량보유상황보고서(약식) | 2026-06-29: 지속가능경영보고서등관련사항(자율공시)              ,5
케어젠,214370,0,OK,,,,"2026-07-10: 임원ㆍ주요주주특정증권등소유상황보고서 | 2026-07-08: 주식등의대량보유상황보고서(일반) | 2026-07-03: 현금ㆍ현물배당결정              (중간배당) | 2026-06-29: 불성실공시법인지정              (공시번복 1건, 공시변경 1건)",4
엠앤씨솔루션,484870,0,OK,,,,2026-07-14: 사외이사의선임ㆍ해임또는중도퇴임에관한신고 | 2026-07-14: 임시주주총회결과               | 2026-07-01: 주식등의대량보유상황보고서(약식) | 2026-06-29: 지속가능경영보고서등관련사항(자율공시)               | 2026-06-22: [첨부정정]의결권대리행사권유참고서류,9
지놈앤컴퍼니,314130,0,OK,,,,2026-07-14: 기타경영사항(자율공시)              (전환우선주의 보통주 전환청구) | 2026-07-13: 기타경영사항(자율공시)              (전환우선주의 보통주 전환청구) | 2026-07-10: 주주명부폐쇄기간또는기준일설정               | 2026-07-10: 주주총회소집결의              (임시주주총회),4
아이엠뱅크,005270,0,OK,,,,2026-07-07: 증권발행실적보고서 | 2026-07-06: 투자설명서(일괄신고) | 2026-07-06: 일괄신고추가서류 | 2026-06-29: 증권발행실적보고서 | 2026-06-26: 투자설명서(일괄신고),6
셀루메드,049180,0,OK,,,,2026-07-10: [기재정정]사업보고서 (2025.12) | 2026-06-30: [기재정정]투자판단관련주요경영사항              (집행판결 청구소송 합의 변경의 건) | 2026-06-25: [기재정정]주주총회소집결의              (임시주주총회),3
신한투자증권,008670,0,OK,,,,2026-07-16: 증권발행실적보고서 | 2026-07-16: 증권발행실적보고서 | 2026-07-16: 증권발행실적보고서 | 2026-07-16: 증권발행실적보고서 | 2026-07-16: 증권발행실적보고서,100
하이로닉,149980,0,OK,,,,2026-07-16: 현금ㆍ현물배당결정               | 2026-07-16: 주식매수선택권부여에관한신고 | 2026-07-16: [기재정정]사업보고서 (2025.12),3
SK증권,001510,0,OK,,,,2026-07-16: 투자설명서(일괄신고) | 2026-07-16: 일괄신고추가서류(파생결합사채-주가연계파생결합사채) | 2026-07-16: 증권발행실적보고서 | 2026-07-15: 투자설명서(일괄신고) | 2026-07-15: 일괄신고추가서류(파생결합사채-주가연계파생결합사채),24
STX그린로지스,465770,0,OK,,,,2026-07-13: 투자판단관련주요경영사항               | 2026-07-09: 소송등의제기ㆍ신청(일정금액이상의청구)               | 2026-07-08: [기재정정]유형자산처분결정               | 2026-07-07: [기재정정]유형자산처분결정               | 2026-06-30: [기재정정]유형자산처분결정              ,6
현대해상,001450,0,OK,,,,2026-07-14: 기업설명회(IR)개최(안내공시)               | 2026-07-13: 임원ㆍ주요주주특정증권등소유상황보고서 | 2026-07-10: 계열금융회사의약관에의한금융거래-[유가증권-수익증권] | 2026-07-01: 주식등의대량보유상황보고서(약식) | 2026-06-30: 특수관계인과의수익증권거래,6
에스에스알,275630,0,OK,,,,2026-07-13: 임원ㆍ주요주주특정증권등소유상황보고서 | 2026-07-13: 주식등의대량보유상황보고서(일반) | 2026-06-25: 신탁계약에의한취득상황보고서,3
삼보산업,009620,0,OK,,,,2026-07-10: 주식등의대량보유상황보고서(일반) | 2026-07-10: 의결권대리행사권유참고서류 | 2026-07-10: 주주총회소집공고 | 2026-07-06: 전환가액의조정              (제4회차) | 2026-06-23: 주식등의대량보유상황보고서(일반),5
APS,054620,0,OK,,,,2026-07-16: 주식등의대량보유상황보고서(일반) | 2026-07-07: 타법인주식및출자증권취득결정               | 2026-07-06: 임원ㆍ주요주주특정증권등소유상황보고서,3
풀무원,017810,0,OK,,,,2026-06-26: 기타경영사항(종속회사의주요경영사항)               | 2026-06-24: 최대주주등소유주식변동신고서               | 2026-06-24: 주식등의대량보유상황보고서(일반) | 2026-06-24: 임원ㆍ주요주주특정증권등소유상황보고서 | 2026-06-22: 사외이사의선임ㆍ해임또는중도퇴임에관한신고,5
제이앤티씨,204270,0,OK,,,,2026-07-02: 주식등의대량보유상황보고서(일반) | 2026-06-30: [기재정정]신규시설투자등(자율공시)               | 2026-06-29: 주식등의대량보유상황보고서(일반),3
마녀공장,439090,0,OK,,,,2026-06-24: 주요사항보고서(자기주식취득신탁계약체결결정) | 2026-06-24: 신탁계약해지결과보고서 | 2026-06-24: 주요사항보고서(자기주식취득신탁계약해지결정),3
아주스틸,139990,0,OK,,,,2026-07-09: [첨부정정]주요사항보고서(자기신주인수권부사채만기전취득결정) | 2026-07-02: 주요사항보고서(자기신주인수권부사채만기전취득결정) | 2026-06-25: 단기차입금증가결정              ,3
케이비캐피탈,021960,0,OK,,,,2026-06-29: 증권발행실적보고서 | 2026-06-26: 투자설명서(일괄신고) | 2026-06-26: 일괄신고추가서류,3
카카오페이,377300,0,OK,,,,2026-06-29: 지속가능경영보고서등관련사항(자율공시)               | 2026-06-23: 타법인주식및출자증권취득결정               | 2026-06-19: 기업설명회(IR)개최(안내공시)              ,3
부국증권,001270,0,OK,,,,2026-07-16: 임원ㆍ주요주주특정증권등소유상황보고서 | 2026-07-15: 주식등의대량보유상황보고서(일반) | 2026-07-14: 주식등의대량보유상황보고서(일반) | 2026-07-13: 임원ㆍ주요주주특정증권등소유상황보고서 | 2026-07-10: 주식등의대량보유상황보고서(일반),11
케이뱅크,279570,0,OK,,,,2026-07-15: 기업설명회(IR)개최(안내공시)               | 2026-07-15: 결산실적공시예고(안내공시)               | 2026-07-08: 계열금융회사의약관에의한금융거래-[예ㆍ적금] | 2026-07-01: 주식등의대량보유상황보고서(약식),4
신라섬유,001000,0,OK,,,,2026-06-26: 주주명부폐쇄기간또는기준일설정               | 2026-06-26: 주주총회소집결의              (임시주주총회) | 2026-06-26: 주식병합결정              ,3
HB테크놀러지,078150,0,OK,,,,2026-07-15: 주식등의대량보유상황보고서(일반) | 2026-07-15: 임원ㆍ주요주주특정증권등소유상황보고서 | 2026-07-15: 임원ㆍ주요주주특정증권등소유상황보고서 | 2026-07-13: 전환청구권행사               | 2026-06-22: 임원ㆍ주요주주특정증권등소유상황보고서,5
카카오,035720,0,OK,,,,2026-07-16: 기업설명회(IR)개최(안내공시)               | 2026-07-16: 결산실적공시예고(안내공시)               | 2026-07-14: 특수관계인과의내부거래 | 2026-07-03: 임원ㆍ주요주주특정증권등소유상황보고서 | 2026-07-01: 주식등의대량보유상황보고서(약식),7
보로노이,310210,0,OK,,,,2026-07-08: [기재정정]투자판단관련주요경영사항(임상시험계획변경승인신청)              (VRN110755의 제 1/2상 임상시험) | 2026-07-06: 기업설명회(IR)개최               | 2026-07-03: 임원ㆍ주요주주특정증권등소유상황보고서 | 2026-07-03: 임원ㆍ주요주주특정증권등소유상황보고서 | 2026-07-03: 임원ㆍ주요주주특정증권등소유상황보고서,15
폰드그룹,472850,0,OK,,,,2026-07-16: 주식등의대량보유상황보고서(일반) | 2026-07-13: 신탁계약해지결과보고서 | 2026-07-10: 주요사항보고서(자기주식취득신탁계약해지결정) | 2026-07-07: [기재정정]현금ㆍ현물배당결정              (분기배당) | 2026-06-26: 주식등의대량보유상황보고서(일반),6
딜리,131180,0,OK,,,,2026-07-01: 임원ㆍ주요주주특정증권등소유상황보고서 | 2026-07-01: 임원ㆍ주요주주특정증권등소유상황보고서 | 2026-07-01: 임원ㆍ주요주주특정증권등소유상황보고서 | 2026-07-01: 임원ㆍ주요주주특정증권등소유상황보고서 | 2026-07-01: 임원ㆍ주요주주특정증권등소유상황보고서,5
세아제강,306200,0,OK,,,,2026-07-09: [첨부정정]지속가능경영보고서등관련사항(자율공시)               | 2026-07-01: 주식등의대량보유상황보고서(약식) | 2026-06-30: 지속가능경영보고서등관련사항(자율공시)               | 2026-06-25: 증권발행실적보고서 | 2026-06-25: 투자설명서,9
KG스틸,016380,0,OK,,,,2026-07-10: 주식등의대량보유상황보고서(일반) | 2026-07-08: 주식등의대량보유상황보고서(일반) | 2026-06-29: [기재정정]주요사항보고서(타법인주식및출자증권양수결정) | 2026-06-29: [기재정정]타법인주식및출자증권취득결정               | 2026-06-29: [기재정정]유형자산처분결정              ,5
현대홈쇼핑,057050,0,OK,,,,2026-07-10: 주식등의대량보유상황보고서(약식) | 2026-07-08: 주식등의대량보유상황보고서(약식) | 2026-06-30: 임원ㆍ주요주주특정증권등소유상황보고서 | 2026-06-30: 임원ㆍ주요주주특정증권등소유상황보고서 | 2026-06-30: 최대주주등소유주식변동신고서              ,7
하나은행,004940,0,OK,,,,2026-07-06: 증권발행실적보고서 | 2026-07-03: 투자설명서(일괄신고) | 2026-07-03: 일괄신고추가서류,3
한온시스템,018880,0,OK,,,,2026-07-13: 결산실적공시예고(안내공시)               | 2026-07-13: 기업설명회(IR)개최(안내공시)               | 2026-06-30: 지속가능경영보고서등관련사항(자율공시)               | 2026-06-26: 임원ㆍ주요주주특정증권등소유상황보고서,4
솔브레인홀딩스,036830,0,OK,,,,2026-07-10: 임원ㆍ주요주주특정증권등거래계획보고서 | 2026-07-10: 임원ㆍ주요주주특정증권등소유상황보고서 | 2026-07-10: 주식등의대량보유상황보고서(일반) | 2026-06-30: 증권발행결과(자율공시)               | 2026-06-29: 지속가능경영보고서등관련사항(자율공시)              ,5
LS증권,078020,0,OK,,,,2026-07-15: 소송등의판결ㆍ결정(자율공시:일정금액미만의청구)               | 2026-07-15: 소송등의판결ㆍ결정(자율공시:일정금액미만의청구)               | 2026-07-15: 소송등의판결ㆍ결정(자율공시:일정금액미만의청구)               | 2026-07-15: 소송등의판결ㆍ결정(일정금액이상의청구)               | 2026-07-10: 계열금융회사의약관에의한금융거래-[유가증권-수익증권],5
펄어비스,263750,0,OK,,,,2026-07-16: 결산실적공시예고               | 2026-06-30: 지속가능경영보고서등관련사항(자율공시)               | 2026-06-30: 주식등의대량보유상황보고서(일반) | 2026-06-25: 기업설명회(IR)개최               | 2026-06-25: 해산사유발생(종속회사의주요경영사항)              ,5
해성에어로보틱스,059270,0,OK,,,,2026-06-30: 주요사항보고서(소송등의제기) | 2026-06-30: 소송등의제기ㆍ신청(경영권분쟁소송)              (주주총회결의 무효 등의 소) | 2026-06-26: 소송등의제기ㆍ신청(경영권분쟁소송)              ,3
휴온스글로벌,084110,0,OK,,,,2026-06-26: [기재정정]타인에대한채무보증결정(자회사의 주요경영사항)               | 2026-06-26: 지속가능경영보고서등관련사항(자율공시)               | 2026-06-22: [기재정정]의결권대리행사권유참고서류 | 2026-06-22: [기재정정]주주총회소집공고 | 2026-06-22: [기재정정]주주총회소집결의              (임시주주총회),6
엔피씨,004250,0,OK,,,,2026-07-13: 임원ㆍ주요주주특정증권등소유상황보고서 | 2026-07-13: 최대주주등소유주식변동신고서               | 2026-07-03: 임원ㆍ주요주주특정증권등소유상황보고서 | 2026-07-03: 최대주주등소유주식변동신고서              ,4
한양이엔지,045100,0,OK,,,,2026-07-16: 임원ㆍ주요주주특정증권등소유상황보고서 | 2026-07-16: 임원ㆍ주요주주특정증권등소유상황보고서 | 2026-07-16: 주식등의대량보유상황보고서(일반) | 2026-07-13: 신탁계약해지결과보고서 | 2026-06-22: 임원ㆍ주요주주특정증권등소유상황보고서,6
카카오뱅크,323410,0,OK,,,,2026-07-14: 계열금융회사의약관에의한금융거래-[유가증권-채권] | 2026-07-02: 기업설명회(IR)개최(안내공시)               | 2026-07-02: 결산실적공시예고(안내공시)               | 2026-06-29: 지속가능경영보고서등관련사항(자율공시)               | 2026-06-26: 기업설명회(IR)개최(안내공시)              ,6
POSCO홀딩스,005490,0,OK,,,,2026-07-16: 임원ㆍ주요주주특정증권등소유상황보고서 | 2026-07-15: 기업설명회(IR)개최(안내공시)               | 2026-07-08: 임원ㆍ주요주주특정증권등소유상황보고서 | 2026-07-02: 장래사업ㆍ경영계획(공정공시)               | 2026-06-30: 조회공시요구(풍문또는보도)에대한답변(미확정)              ,10
케이탑리츠,145270,0,OK,,,,2026-07-16: 최대주주등소유주식변동신고서               | 2026-07-10: 최대주주등소유주식변동신고서               | 2026-07-03: 최대주주등소유주식변동신고서               | 2026-06-26: 최대주주등소유주식변동신고서              ,4
케이카,381970,0,OK,,,,2026-07-08: 주주명부폐쇄기간또는기준일설정               | 2026-07-08: 사외이사의선임ㆍ해임또는중도퇴임에관한신고 | 2026-07-07: 임시주주총회결과               | 2026-07-01: 주식등의대량보유상황보고서(일반) | 2026-06-29: [기재정정]투자판단관련주요경영사항              ,11
CJ씨푸드,011150,0,OK,,,,2026-07-14: 주주명부폐쇄기간또는기준일설정               | 2026-07-14: 주주총회소집결의               | 2026-07-09: 투자유의안내              ,3
현대백화점,069960,0,OK,,,,2026-07-03: 최대주주등소유주식변동신고서               | 2026-07-03: 임원ㆍ주요주주특정증권등소유상황보고서 | 2026-07-03: 주식등의대량보유상황보고서(일반) | 2026-07-02: 임원ㆍ주요주주특정증권등소유상황보고서 | 2026-06-30: 지속가능경영보고서등관련사항(자율공시)              ,9
현대글로비스,086280,0,OK,,,,2026-07-16: 기업설명회(IR)개최(안내공시)               | 2026-07-16: 기업설명회(IR)개최(안내공시)               | 2026-06-30: 지속가능경영보고서등관련사항(자율공시)              ,3
기아,000270,3,OK,,영업(잠정)실적(공정공시)              (+3),,2026-07-16: 기업설명회(IR)개최(안내공시)               | 2026-07-09: 최대주주등소유주식변동신고서               | 2026-07-09: 주식등의대량보유상황보고서(일반) | 2026-07-08: 대표이사(대표집행임원)변경(안내공시)               | 2026-07-08: 임시주주총회결과              ,8
파라다이스,034230,3,OK,,연결재무제표기준영업(잠정)실적(공정공시)              (+3),,2026-07-02: 연결재무제표기준영업(잠정)실적(공정공시)               | 2026-07-02: 임원ㆍ주요주주특정증권등소유상황보고서 | 2026-06-30: 금전대여결정               | 2026-06-30: 불성실공시법인지정               | 2026-06-26: 지속가능경영보고서등관련사항(자율공시)              ,5
롯데관광개발,032350,3,OK,,연결재무제표기준영업(잠정)실적(공정공시)              (+3),,2026-07-13: 임원ㆍ주요주주특정증권등소유상황보고서 | 2026-07-03: 주식등의대량보유상황보고서(일반) | 2026-07-01: 연결재무제표기준영업(잠정)실적(공정공시)               | 2026-07-01: 주식등의대량보유상황보고서(약식) | 2026-06-30: 지속가능경영보고서등관련사항(자율공시)              ,8
피플바이오,304840,3,OK,,연결재무제표기준영업(잠정)실적(공정공시)              (+3),,2026-07-16: 연결재무제표기준영업(잠정)실적(공정공시)               | 2026-07-07: [기재정정]의결권대리행사권유참고서류 | 2026-07-03: 의결권대리행사권유참고서류 | 2026-07-03: 주주총회소집공고 | 2026-07-03: [기재정정]주주총회소집결의              (임시주주총회),9
캠시스,050110,3,OK,,연결재무제표기준영업(잠정)실적(공정공시)              (+3),,2026-07-14: 연결재무제표기준영업(잠정)실적(공정공시)               | 2026-07-01: 주주총회소집결의              (임시주주총회) | 2026-07-01: 주주명부폐쇄기간또는기준일설정               | 2026-07-01: 주식병합결정              ,4
한일홀딩스,003300,3,OK,,유형자산취득결정              (+3),,2026-07-13: 최대주주등소유주식변동신고서               | 2026-07-13: 임원ㆍ주요주주특정증권등소유상황보고서 | 2026-07-08: 유형자산취득결정               | 2026-06-30: 지속가능경영보고서등관련사항(자율공시)               | 2026-06-29: 최대주주등소유주식변동신고서              ,7
율촌,146060,3,OK,,[기재정정]유형자산취득결정(종속회사의주요경영사항)              (+3),,2026-07-07: 주요사항보고서(자기주식취득신탁계약체결결정) | 2026-06-30: [기재정정]유형자산취득결정(종속회사의주요경영사항)              ,2
GKL,114090,3,OK,,영업(잠정)실적(공정공시)              (+3),,2026-07-06: 사외이사의선임ㆍ해임또는중도퇴임에관한신고 | 2026-07-06: 임시주주총회결과               | 2026-07-02: 영업(잠정)실적(공정공시)              ,3
서울바이오시스,092190,3,OK,,연결재무제표기준영업(잠정)실적(공정공시)              (+3),,2026-07-13: 연결재무제표기준영업(잠정)실적(공정공시)              ,1
광주신세계,037710,3,OK,,영업(잠정)실적(공정공시)              (+3),,2026-07-09: 영업(잠정)실적(공정공시)              ,1
한국가스공사,036460,3,OK,,영업(잠정)실적(공정공시)              (+3),,2026-07-16: 주주명부폐쇄기간또는기준일설정               | 2026-07-09: 영업(잠정)실적(공정공시)               | 2026-07-08: 의결권대리행사권유참고서류 | 2026-07-08: 주주총회소집공고 | 2026-07-07: 주주총회소집결의              ,5
프로티아,303360,3,OK,,영업(잠정)실적(공정공시)              (+3),,2026-07-15: 영업(잠정)실적(공정공시)              ,1
서울반도체,046890,3,OK,,연결재무제표기준영업(잠정)실적(공정공시)              (+3),,2026-07-13: 연결재무제표기준영업(잠정)실적(공정공시)               | 2026-06-25: 임시주주총회결과              ,2
덕산네오룩스,213420,3,OK,,[기재정정]유형자산취득결정(자율공시)              (+3),,2026-07-16: 주식등의대량보유상황보고서(일반) | 2026-07-16: 임원ㆍ주요주주특정증권등소유상황보고서 | 2026-07-06: [기재정정]타법인주식및출자증권취득결정(종속회사의주요경영사항)               | 2026-07-01: 주식등의대량보유상황보고서(약식) | 2026-06-22: [기재정정]유형자산취득결정(자율공시)              ,5
한진칼,180640,3,OK,,[기재정정]주요사항보고서(회사합병결정)(자회사의 주요경영사항)              (+3),,2026-07-14: 중대재해발생(자회사의 주요경영사항)               | 2026-07-10: 주식등의대량보유상황보고서(약식) | 2026-06-26: [기재정정]주요사항보고서(회사합병결정)(자회사의 주요경영사항)              ,3
엔켐,348370,3,OK,,회사합병결정(종속회사의주요경영사항)              (+3),,2026-07-15: 타법인주식및출자증권취득결정               | 2026-07-15: 주요사항보고서(타법인주식및출자증권양도결정) | 2026-07-15: 회사합병결정(종속회사의주요경영사항)               | 2026-07-08: 전환사채(해외전환사채포함)발행후만기전사채취득              (제13회차) | 2026-07-07: 주식등의대량보유상황보고서(일반),10
SGC에너지,005090,3,OK,,유형자산취득결정(종속회사의주요경영사항)              (+3),,2026-07-16: 기업설명회(IR)개최(안내공시)               | 2026-07-09: 유형자산취득결정(종속회사의주요경영사항)               | 2026-07-06: [기재정정]영업정지(종속회사의주요경영사항)               | 2026-06-30: 지속가능경영보고서등관련사항(자율공시)              ,4
지역난방공사,071320,3,OK,,영업(잠정)실적(공정공시)              (+3),,2026-07-08: 의결권대리행사권유참고서류 | 2026-07-08: 주주총회소집공고 | 2026-07-08: 효력발생안내( 2026.6.30. 제출 일괄신고서 ) | 2026-06-30: [기재정정]신규시설투자등               | 2026-06-30: 사외이사의선임ㆍ해임또는중도퇴임에관한신고,9
LG에너지솔루션,373220,3,OK,,연결재무제표기준영업(잠정)실적(공정공시)              (+3),,2026-07-07: 기업설명회(IR)개최(안내공시)               | 2026-07-07: 연결재무제표기준영업(잠정)실적(공정공시)               | 2026-06-29: 지속가능경영보고서등관련사항(자율공시)              ,3
KG모빌리티,003620,3,OK,,영업(잠정)실적(공정공시)              (+3),,2026-07-01: 영업(잠정)실적(공정공시)               | 2026-06-30: 지속가능경영보고서등관련사항(자율공시)               | 2026-06-24: 풍문또는보도에대한해명(미확정)              ,3
현대자동차,005380,3,OK,,영업(잠정)실적(공정공시)              (+3),,2026-07-16: 기업설명회(IR)개최(안내공시)               | 2026-07-13: 생산중단               | 2026-07-10: 특수관계인으로부터기타유가증권매수 | 2026-07-10: 기업설명회(IR)개최(안내공시)               | 2026-07-03: 풍문또는보도에대한해명(미확정)              ,7
S&K폴리텍,091340,3,OK,,[첨부추가]주요사항보고서(회사합병결정)(+3),,2026-07-13: [첨부추가]주요사항보고서(회사합병결정) | 2026-07-15: 주주명부폐쇄기간또는기준일설정               | 2026-06-26: 타법인주식및출자증권취득결정              ,3
오리온,271560,3,OK,,연결재무제표기준영업(잠정)실적(공정공시)              (+3),,2026-07-16: [기재정정]주권관련사채권의취득결정(자율공시)(종속회사의주요경영사항)               | 2026-07-16: [기재정정]타법인주식및출자증권취득결정(자율공시)(종속회사의주요경영사항)               | 2026-07-15: 기업설명회(IR)개최(안내공시)               | 2026-07-13: 주식등의대량보유상황보고서(일반) | 2026-07-09: 연결재무제표기준영업(잠정)실적(공정공시)              ,10
한화시스템,272210,3,OK,,유형자산취득결정              (+3),,2026-07-14: 기업설명회(IR)개최(안내공시)               | 2026-07-14: 임원ㆍ주요주주특정증권등소유상황보고서 | 2026-07-08: 타법인주식및출자증권취득결정               | 2026-07-03: 장래사업ㆍ경영계획(공정공시)               | 2026-06-29: 지속가능경영보고서등관련사항(자율공시)              ,9
코미코,183300,3,OK,,[기재정정]주식분할결정              (+3),,2026-07-16: [기재정정]주식분할결정               | 2026-07-15: 임시주주총회결과               | 2026-07-13: 타인에대한채무보증결정               | 2026-07-10: 주식등의대량보유상황보고서(약식) | 2026-06-30: 의결권대리행사권유참고서류,7
티앤알바이오팹,246710,3,OK,,연결재무제표기준영업(잠정)실적(공정공시)              (+3),,2026-07-14: 연결재무제표기준영업(잠정)실적(공정공시)               | 2026-07-14: 임원ㆍ주요주주특정증권등소유상황보고서 | 2026-07-14: 임원ㆍ주요주주특정증권등소유상황보고서 | 2026-07-14: [기재정정]주식등의대량보유상황보고서(일반) | 2026-07-13: 주식등의대량보유상황보고서(일반),8
테크윙,089030,3,OK,,연결재무제표기준영업(잠정)실적(공정공시)              (+3),,2026-07-13: 연결재무제표기준영업(잠정)실적(공정공시)               | 2026-07-08: 주식등의대량보유상황보고서(약식) | 2026-07-02: 주식등의대량보유상황보고서(약식) | 2026-06-23: [기재정정]사업보고서 (2025.12),4
대한전선,001440,3,OK,,[기재정정]유형자산취득결정              (+3),,2026-07-06: [기재정정]유형자산취득결정              ,1
셀트리온,068270,3,OK,,연결재무제표기준영업(잠정)실적(공정공시)              (+3),,2026-07-16: 주식등의대량보유상황보고서(일반) | 2026-07-14: 투자판단관련주요경영사항              (CTP51(키트루다 바이오시밀러) 유럽 임상 3상 조기종료 및 시험계획 자진취하) | 2026-07-14: 투자판단관련주요경영사항              (CTP44(다잘렉스 바이오시밀러) 유럽 임상 3상 시험계획 변경신청(Part1&2)) | 2026-07-10: 임원ㆍ주요주주특정증권등소유상황보고서 | 2026-07-07: 임원ㆍ주요주주특정증권등소유상황보고서,66
삼영무역,002810,3,OK,,주요사항보고서(회사합병결정)(+3),,2026-07-16: 주주명부폐쇄기간또는기준일설정               | 2026-07-16: 주요사항보고서(회사합병결정) | 2026-07-01: 주식등의대량보유상황보고서(일반) | 2026-07-01: 최대주주등소유주식변동신고서              ,4
주연테크,044380,3,OK,,영업(잠정)실적(공정공시)              (+3),,2026-07-16: 영업(잠정)실적(공정공시)               | 2026-07-10: 투자유의안내               | 2026-07-07: 의결권대리행사권유참고서류 | 2026-07-07: 주주총회소집공고,4
교보15호스팩,465320,3,OK,,[기재정정]주요사항보고서(회사합병결정)(+3),,2026-07-14: [기재정정]주요사항보고서(회사합병결정),1
모비데이즈,363260,3,OK,,연결재무제표기준영업(잠정)실적(공정공시)              (+3),,2026-07-15: 주식등의대량보유상황보고서(일반) | 2026-07-13: 연결재무제표기준영업(잠정)실적(공정공시)               | 2026-07-08: 주식등의대량보유상황보고서(일반) | 2026-06-26: 주주총회소집결의               | 2026-06-26: 주주명부폐쇄기간또는기준일설정              ,6
케이프,064820,3,OK,,[첨부추가]주요사항보고서(회사합병결정)(+3),,2026-07-15: [첨부추가]주요사항보고서(회사합병결정) | 2026-07-15: 주주명부폐쇄기간또는기준일설정              ,2
기산텔레콤,035460,3,OK,,[기재정정]유형자산취득결정              (+3),,2026-06-30: [기재정정]유형자산취득결정              ,1
한진,002320,3,OK,,연결재무제표기준영업(잠정)실적(공정공시)              (+3),,2026-07-16: [발행조건확정]증권신고서(채무증권) | 2026-07-16: [기재정정]증권신고서(채무증권) | 2026-07-14: 중대재해발생               | 2026-07-10: 증권신고서(채무증권) | 2026-07-08: 연결재무제표기준영업(잠정)실적(공정공시)              ,8
세나테크놀로지,061090,3,OK,,연결재무제표기준영업(잠정)실적(공정공시)              (+3),,2026-07-14: 기업설명회(IR)개최               | 2026-07-10: 연결재무제표기준영업(잠정)실적(공정공시)               | 2026-06-30: 결산실적공시예고              ,3
메카로,241770,3,OK,,연결재무제표기준영업(잠정)실적(공정공시)              (+3),,2026-07-15: 주요사항보고서(타법인주식및출자증권양수결정) | 2026-07-14: 연결재무제표기준영업(잠정)실적(공정공시)               | 2026-06-24: 기업설명회(IR)개최              ,3
신세계,004170,3,OK,,영업(잠정)실적(공정공시)              (+3),,2026-07-09: 영업(잠정)실적(공정공시)               | 2026-07-02: 임원ㆍ주요주주특정증권등소유상황보고서,2
LG전자,066570,3,OK,,연결재무제표기준영업(잠정)실적(공정공시)              (+3),,2026-07-07: 기업설명회(IR)개최(안내공시)               | 2026-07-07: 연결재무제표기준영업(잠정)실적(공정공시)               | 2026-07-06: [기재정정]사업보고서 (2025.12) | 2026-06-30: 지속가능경영보고서등관련사항(자율공시)              ,4
HL D&I,014790,5,OK,,단일판매ㆍ공급계약체결              (+5),,2026-07-07: 임원ㆍ주요주주특정증권등소유상황보고서 | 2026-07-01: 단일판매ㆍ공급계약체결               | 2026-06-26: 지속가능경영보고서등관련사항(자율공시)              ,3
바이오비쥬,489460,5,OK,,주식소각결정              (+5),,2026-07-02: 주식소각결정               | 2026-07-01: 자기주식취득결과보고서,2
E8,418620,5,OK,,[기재정정]단일판매ㆍ공급계약체결              (+5),,2026-07-03: [기재정정]타인에대한담보제공결정               | 2026-07-02: 임원ㆍ주요주주특정증권등소유상황보고서 | 2026-06-25: [기재정정]단일판매ㆍ공급계약체결               | 2026-06-22: 임원ㆍ주요주주특정증권등소유상황보고서 | 2026-06-22: 임원ㆍ주요주주특정증권등소유상황보고서,6
대교,019680,5,OK,,주식소각결정              (+5),,2026-07-16: 주주총회소집공고 | 2026-07-01: 주주총회소집결의               | 2026-07-01: 주주명부폐쇄기간또는기준일설정               | 2026-07-01: 주식병합결정               | 2026-07-01: 주식소각결정              ,5
LG씨엔에스,064400,5,OK,,단일판매ㆍ공급계약체결              (+5),,2026-07-15: 결산실적공시예고(안내공시)               | 2026-07-15: 기업설명회(IR)개최(안내공시)               | 2026-07-07: 단일판매ㆍ공급계약체결               | 2026-07-01: 주식등의대량보유상황보고서(약식),4
위드텍,348350,5,OK,,주요사항보고서(자기주식취득결정)(+5),,2026-07-14: 현금ㆍ현물배당결정              (중간배당) | 2026-07-14: 중간(분기)배당을위한주주명부폐쇄(기준일)결정               | 2026-07-14: [기재정정]현금ㆍ현물배당을위한주주명부폐쇄(기준일)결정               | 2026-07-14: 현금ㆍ현물배당을위한주주명부폐쇄(기준일)결정               | 2026-07-13: 주요사항보고서(자기주식취득결정),5
현대오토에버,307950,5,OK,,[기재정정]단일판매ㆍ공급계약체결              (+5),,2026-06-30: [기재정정]단일판매ㆍ공급계약체결               | 2026-06-30: 지속가능경영보고서등관련사항(자율공시)              ,2
선익시스템,171090,5,OK,,[기재정정]단일판매ㆍ공급계약체결(자율공시)              (+5),,2026-07-06: 주식등의대량보유상황보고서(일반) | 2026-07-06: 임원ㆍ주요주주특정증권등소유상황보고서 | 2026-06-24: [기재정정]신규시설투자등               | 2026-06-23: 기업설명회(IR)개최               | 2026-06-23: 기업설명회(IR)개최              ,8
한국정밀기계,101680,5,OK,,단일판매ㆍ공급계약체결              (+5),,2026-06-26: 단일판매ㆍ공급계약체결              ,1
NE능률,053290,5,OK,,주요사항보고서(자기주식취득결정)(+5),,2026-07-08: 주요사항보고서(자기주식취득결정),1
삼기에너지솔루션즈,419050,5,OK,,주요사항보고서(자기주식취득결정)(+5),,2026-07-16: 자기주식취득결과보고서 | 2026-07-08: 주요사항보고서(자기주식취득결정) | 2026-06-23: 타인에대한채무보증결정              ,3
나라스페이스테크놀로지,478340,5,OK,,단일판매ㆍ공급계약체결              (+5),,2026-07-14: 투자판단관련주요경영사항              ([국책과제 선정] 3GPP IoT-NTN 표준 기반 Regenerative IoT 위성(탑재체) 발사 및 서비스) | 2026-06-22: [기재정정]주식등의대량보유상황보고서(일반) | 2026-06-19: 단일판매ㆍ공급계약체결              ,3
제너셈,217190,5,OK,,[기재정정]단일판매ㆍ공급계약체결(자율공시)              (+5),,2026-06-19: [기재정정]단일판매ㆍ공급계약체결(자율공시)               | 2026-06-19: 임시주주총회결과              ,2
삼성전기,009150,5,OK,,단일판매ㆍ공급계약체결              (+5),,2026-07-09: 기업설명회(IR)개최(안내공시)               | 2026-07-09: 결산실적공시예고(안내공시)               | 2026-07-06: 최대주주등소유주식변동신고서               | 2026-07-03: 장래사업ㆍ경영계획(공정공시)               | 2026-07-02: 타법인주식및출자증권취득결정              ,9
동양이엔피,079960,5,OK,,주식소각결정              (+5),,2026-07-16: [기재정정]타법인주식및출자증권취득결정               | 2026-07-09: 임원ㆍ주요주주특정증권등소유상황보고서 | 2026-07-09: 임원ㆍ주요주주특정증권등소유상황보고서 | 2026-07-09: [기재정정]주식등의대량보유상황보고서(일반) | 2026-07-09: 주식등의대량보유상황보고서(일반),6
우진아이엔에스,010400,5,OK,,[기재정정]단일판매ㆍ공급계약체결              (+5) | 단일판매ㆍ공급계약체결              (+5) | 단일판매ㆍ공급계약체결              (+5),[기재정정]주요사항보고서(자기주식처분결정)(-10),2026-07-16: 기업가치제고계획예고(안내공시)               | 2026-07-03: 자기주식처분결과보고서 | 2026-07-02: [기재정정]단일판매ㆍ공급계약체결               | 2026-07-01: [기재정정]주요사항보고서(자기주식처분결정) | 2026-07-01: 기타경영사항(자율공시)              ([국책과제 주관기관 선정]),8
센코,347000,5,OK,,[기재정정]단일판매ㆍ공급계약체결(자율공시)              (+5),,2026-07-02: 주식등의대량보유상황보고서(일반) | 2026-07-02: 임원ㆍ주요주주특정증권등소유상황보고서 | 2026-06-22: [기재정정]단일판매ㆍ공급계약체결(자율공시)              ,3
신원,009270,5,OK,,주요사항보고서(자기주식취득결정)(+5),,2026-07-09: 주요사항보고서(자기주식취득결정) | 2026-07-01: [기재정정]자기주식취득결과보고서 | 2026-07-01: 자기주식취득결과보고서 | 2026-06-26: 주식등의대량보유상황보고서(일반),4
SUN&L,002820,5,OK,,주식소각결정              (+5),,2026-07-07: 주식소각결정               | 2026-06-29: 기업가치제고계획(자율공시)              ,2
티엑스알로보틱스,484810,5,OK,,단일판매ㆍ공급계약체결              (+5),,2026-07-16: 임원ㆍ주요주주특정증권등소유상황보고서 | 2026-07-16: 임원ㆍ주요주주특정증권등소유상황보고서 | 2026-07-16: 임원ㆍ주요주주특정증권등소유상황보고서 | 2026-07-16: 임원ㆍ주요주주특정증권등소유상황보고서 | 2026-07-16: 임원ㆍ주요주주특정증권등소유상황보고서,8
파이버프로,368770,5,OK,,[기재정정]단일판매ㆍ공급계약체결              (+5),,2026-06-23: [기재정정]단일판매ㆍ공급계약체결              ,1
청담글로벌,362320,5,OK,,주식소각결정              (+5),,2026-07-07: 주식등의대량보유상황보고서(일반) | 2026-07-07: 임원ㆍ주요주주특정증권등소유상황보고서 | 2026-07-06: 주식소각결정               | 2026-07-03: 자기주식취득결과보고서 | 2026-07-02: 주식등의대량보유상황보고서(일반),6
iM금융지주,139130,5,OK,,[기재정정]주식소각결정              (+5),,2026-07-14: 증권발행실적보고서 | 2026-07-13: 투자설명서(일괄신고) | 2026-07-13: 일괄신고추가서류 | 2026-06-30: 지속가능경영보고서등관련사항(자율공시)               | 2026-06-30: 임원ㆍ주요주주특정증권등소유상황보고서,9
알체라,347860,5,OK,,단일판매ㆍ공급계약체결              (+5),,2026-07-15: 단일판매ㆍ공급계약체결               | 2026-06-25: 임원ㆍ주요주주특정증권등소유상황보고서 | 2026-06-24: 주식등의대량보유상황보고서(일반),3
라온텍,418420,5,OK,,단일판매ㆍ공급계약체결              (+5),,2026-07-09: 주식등의대량보유상황보고서(일반) | 2026-07-06: 단일판매ㆍ공급계약체결              ,2
태성,323280,5,OK,,단일판매ㆍ공급계약체결              (+5),,2026-07-16: 본점소재지변경               | 2026-07-16: 임시주주총회결과               | 2026-07-08: 단일판매ㆍ공급계약체결               | 2026-07-07: 주식등의대량보유상황보고서(일반) | 2026-07-01: 주주총회소집공고,6
신세계I&C,035510,5,OK,,단일판매ㆍ공급계약체결              (+5),,2026-06-29: 지속가능경영보고서등관련사항(자율공시)               | 2026-06-25: 단일판매ㆍ공급계약체결               | 2026-06-19: 동일인등출자계열회사와의상품ㆍ용역거래,3
MH에탄올,023150,5,OK,,주요사항보고서(자기주식취득결정)(+5),,2026-06-25: 주요사항보고서(자기주식취득결정) | 2026-06-22: 자기주식취득결과보고서,2
태원물산,001420,5,OK,,주요사항보고서(자기주식취득결정)(+5),,2026-07-03: 소송등의제기ㆍ신청(경영권분쟁소송)               | 2026-06-22: 주요사항보고서(자기주식취득결정),2
알티캐스트,085810,5,OK,,주식소각결정              (+5),,2026-07-10: 임원ㆍ주요주주특정증권등소유상황보고서 | 2026-07-10: 주식등의대량보유상황보고서(일반) | 2026-07-08: 주식등의대량보유상황보고서(약식) | 2026-07-06: 주식등의대량보유상황보고서(약식) | 2026-06-30: [기재정정]사업보고서 (2025.12),7
파커스,065690,5,OK,,주식소각결정              (+5),,2026-07-08: 타법인주식및출자증권취득결정(자율공시)               | 2026-07-08: 주식소각결정              ,2
NICE평가정보,030190,5,OK,,주식소각결정              (+5),,2026-07-15: 주요사항보고서(자기주식취득신탁계약체결결정) | 2026-07-15: 주식소각결정               | 2026-07-15: 신탁계약해지결과보고서 | 2026-07-15: 주요사항보고서(자기주식취득신탁계약해지결정) | 2026-07-10: 주식등의대량보유상황보고서(약식),6
팬오션,028670,5,OK,,단일판매ㆍ공급계약체결              (+5),,2026-06-29: 신규시설투자등               | 2026-06-29: 동일인등출자계열회사와의상품ㆍ용역거래 | 2026-06-25: 최대주주등소유주식변동신고서               | 2026-06-24: 주식등의대량보유상황보고서(일반) | 2026-06-24: 임원ㆍ주요주주특정증권등소유상황보고서,7
드림인사이트,362990,5,OK,,주요사항보고서(자기주식취득결정)(+5),,2026-06-25: 주요사항보고서(자기주식취득결정),1
우양에이치씨,101970,5,OK,,[기재정정]단일판매ㆍ공급계약체결              (+5),,2026-07-07: [기재정정]단일판매ㆍ공급계약체결              ,1
아우딘퓨쳐스,227610,5,OK,,[기재정정]단일판매ㆍ공급계약체결(자율공시)              (+5),,2026-06-30: [기재정정]단일판매ㆍ공급계약체결(자율공시)              ,1
동양,001520,5,OK,,[기재정정]단일판매ㆍ공급계약체결              (+5),,2026-07-16: 주식등의대량보유상황보고서(일반) | 2026-07-13: 임원ㆍ주요주주특정증권등소유상황보고서 | 2026-07-13: 임원ㆍ주요주주특정증권등소유상황보고서 | 2026-07-13: 임원ㆍ주요주주특정증권등소유상황보고서 | 2026-07-13: 임원ㆍ주요주주특정증권등소유상황보고서,19
에이디테크놀로지,200710,5,OK,,[기재정정]단일판매ㆍ공급계약체결              (+5),,2026-06-30: [기재정정]단일판매ㆍ공급계약체결              ,1
HB솔루션,297890,5,OK,,단일판매ㆍ공급계약체결              (+5),,2026-07-08: 사외이사의선임ㆍ해임또는중도퇴임에관한신고 | 2026-07-08: 임시주주총회결과               | 2026-07-07: 단일판매ㆍ공급계약체결               | 2026-06-24: 임원ㆍ주요주주특정증권등소유상황보고서 | 2026-06-23: 의결권대리행사권유참고서류,6
코디,080530,5,OK,,[첨부추가]주식소각결정              (+5),,2026-07-09: 신주인수권행사가액의조정               | 2026-07-02: 의결권대리행사권유참고서류 | 2026-07-02: 주주총회소집공고 | 2026-06-19: [첨부추가]주식소각결정              ,4
특수건설,026150,5,OK,,단일판매ㆍ공급계약체결              (+5),,2026-06-26: 단일판매ㆍ공급계약체결              ,1
하나금융지주,086790,5,OK,,[기재정정]주식소각결정              (+5),,2026-07-16: 기업설명회(IR)개최(안내공시)               | 2026-07-14: [기재정정]주식소각결정               | 2026-07-14: 자기주식취득결과보고서 | 2026-07-02: 기업설명회(IR)개최(안내공시)               | 2026-06-30: 지속가능경영보고서등관련사항(자율공시)              ,10
성도이엔지,037350,5,OK,,[기재정정]단일판매ㆍ공급계약체결              (+5),,2026-06-29: [기재정정]단일판매ㆍ공급계약체결              ,1
엑셈,205100,5,OK,,주요사항보고서(자기주식취득결정)(+5),,2026-07-15: [기재정정]거래처와의거래중단               | 2026-07-09: 의결권대리행사권유참고서류 | 2026-07-09: 주주총회소집공고 | 2026-07-09: 주주총회소집결의              (임시주주총회) | 2026-07-06: 주요사항보고서(자기주식취득결정),10
스마트레이더시스템,424960,5,OK,,단일판매ㆍ공급계약체결(자회사의 주요경영사항)              (+5),,2026-07-10: 주식등의대량보유상황보고서(일반) | 2026-06-25: 임원ㆍ주요주주특정증권등소유상황보고서 | 2026-06-25: 단일판매ㆍ공급계약체결(자회사의 주요경영사항)              ,3
핸디소프트,220180,5,OK,,[기재정정]단일판매ㆍ공급계약체결              (+5),,2026-07-15: 상호변경안내               | 2026-07-15: 임시주주총회결과               | 2026-06-30: 주주총회소집공고 | 2026-06-25: [기재정정]단일판매ㆍ공급계약체결              ,4
SK바이오사이언스,302440,5,OK,,단일판매ㆍ공급계약체결              (+5),,2026-06-23: 단일판매ㆍ공급계약체결              ,1
비트컴퓨터,032850,5,OK,,주요사항보고서(자기주식취득결정)(+5),,2026-07-13: 임원ㆍ주요주주특정증권등소유상황보고서 | 2026-07-01: 임원ㆍ주요주주특정증권등소유상황보고서 | 2026-06-22: 주요사항보고서(자기주식취득결정) | 2026-06-22: 자기주식취득결과보고서,4
에이텍모빌리티,224110,5,OK,,단일판매ㆍ공급계약체결              (+5),,2026-07-01: 단일판매ㆍ공급계약체결               | 2026-06-26: 임원ㆍ주요주주특정증권등거래계획보고서 | 2026-06-26: 주식등의대량보유상황보고서(일반),3
뉴로메카,348340,5,OK,,[기재정정]단일판매ㆍ공급계약체결              (+5),,2026-07-09: 주식등의대량보유상황보고서(일반) | 2026-07-09: 임원ㆍ주요주주특정증권등소유상황보고서 | 2026-07-07: 임원ㆍ주요주주특정증권등소유상황보고서 | 2026-07-07: 임원ㆍ주요주주특정증권등소유상황보고서 | 2026-07-07: 임원ㆍ주요주주특정증권등소유상황보고서,12
대웅제약,069620,5,OK,,단일판매ㆍ공급계약체결              (+5),,2026-07-10: 투자판단관련주요경영사항              (펙수클루정(Fexuclue)의 적응증 추가 국내 3상 임상시험계획(IND) 승인(미란성 위식도역류질환 치료 후 유지요법)) | 2026-07-07: 임원ㆍ주요주주특정증권등소유상황보고서 | 2026-06-30: [기재정정]신규시설투자등               | 2026-06-30: 지속가능경영보고서등관련사항(자율공시)               | 2026-06-26: 단일판매ㆍ공급계약체결              ,6
한세엠케이,069640,5,OK,,주식소각결정              (+5),,2026-07-10: 기타안내사항(안내공시)               | 2026-07-06: 임원ㆍ주요주주특정증권등거래계획보고서 | 2026-07-01: 주식소각결정               | 2026-06-24: [기재정정]임원ㆍ주요주주특정증권등거래계획보고서 | 2026-06-24: 임원ㆍ주요주주특정증권등거래계획보고서,5
한전기술,052690,5,OK,,[기재정정]단일판매ㆍ공급계약체결              (+5),,2026-07-13: 주주명부폐쇄기간또는기준일설정               | 2026-07-10: 풍문또는보도에대한해명(미확정)               | 2026-07-02: [기재정정]단일판매ㆍ공급계약체결               | 2026-07-02: 임원ㆍ주요주주특정증권등소유상황보고서 | 2026-06-29: 기타경영사항(자율공시)              (중대재해 발생 제외 판정 및 종결 알림),6
티쓰리,204610,5,OK,,주요사항보고서(자기주식취득결정)(+5),,2026-06-25: 주요사항보고서(자기주식취득결정) | 2026-06-19: 기업설명회(IR)개최              ,2
신원종합개발,017000,5,OK,,[기재정정]단일판매ㆍ공급계약체결              (+5),,2026-07-14: 중대재해발생               | 2026-07-03: [기재정정]단일판매ㆍ공급계약체결              ,2
대웅,003090,5,OK,,단일판매ㆍ공급계약체결(자회사의 주요경영사항)              (+5),,2026-07-10: 투자판단관련주요경영사항(자회사의 주요경영사항)              (펙수클루정(Fexuclue)의 적응증 추가 국내 3상 임상시험계획(IND) 승인(미란성 위식도역류질환 치료 후 유지요법)) | 2026-06-30: [기재정정]신규시설투자등(자회사의 주요경영사항)               | 2026-06-26: 단일판매ㆍ공급계약체결(자회사의 주요경영사항)               | 2026-06-23: 투자판단관련주요경영사항(자회사의 주요경영사항)              (펙수클루정(Fexuclue)의 적응증 추가 3상 임상시험계획(IND) 승인(위궤양의 치료 요법)),4
코나아이,052400,5,OK,,주요사항보고서(자기주식취득결정)(+5),,2026-07-16: 자기주식취득결과보고서 | 2026-07-15: 임원ㆍ주요주주특정증권등소유상황보고서 | 2026-07-01: 주식등의대량보유상황보고서(약식) | 2026-07-01: 현금ㆍ현물배당결정              (분기배당) | 2026-07-01: 중간(분기)배당을위한주주명부폐쇄(기준일)결정              ,6
차AI헬스케어,025620,5,OK,,단일판매ㆍ공급계약체결              (+5),,2026-07-09: 임원ㆍ주요주주특정증권등거래계획보고서 | 2026-07-08: 주식등의대량보유상황보고서(일반) | 2026-06-25: 기타안내사항(안내공시)               | 2026-06-22: 단일판매ㆍ공급계약체결               | 2026-06-19: 유상증자또는주식관련사채등의발행결과(자율공시)              ,8
아이에스티이,212710,5,OK,,[기재정정]단일판매ㆍ공급계약체결              (+5),,2026-06-26: [기재정정]단일판매ㆍ공급계약체결              ,1
케일럼,258610,5,OK,,[기재정정]단일판매ㆍ공급계약체결              (+5),,2026-07-09: 주식등의대량보유상황보고서(일반) | 2026-07-09: 임원ㆍ주요주주특정증권등소유상황보고서 | 2026-07-09: 임원ㆍ주요주주특정증권등소유상황보고서 | 2026-06-26: [기재정정]단일판매ㆍ공급계약체결              ,4
뉴키즈온,462310,5,OK,,주식소각결정              (+5),,2026-06-30: 주식소각결정              ,1
일양약품,007570,5,OK,,[기재정정]단일판매ㆍ공급계약체결              (+5),,2026-06-30: 임원ㆍ주요주주특정증권등거래계획보고서 | 2026-06-30: 임원ㆍ주요주주특정증권등거래계획보고서 | 2026-06-30: [기재정정]타법인주식및출자증권취득결정               | 2026-06-30: [기재정정]단일판매ㆍ공급계약체결              ,4
대동,000490,5,OK,,단일판매ㆍ공급계약체결              (+5),,2026-07-15: [기재정정]타법인주식및출자증권취득결정               | 2026-07-15: [기재정정]유무상증자결정(종속회사의주요경영사항)               | 2026-07-07: 단일판매ㆍ공급계약체결               | 2026-06-29: 지속가능경영보고서등관련사항(자율공시)              ,4
옵티코어,380540,5,OK,,[기재정정]단일판매ㆍ공급계약체결              (+5),,2026-07-07: [기재정정]단일판매ㆍ공급계약체결               | 2026-06-30: 주요사항보고서(자기전환사채만기전취득결정),2
이노스페이스,462350,5,OK,,[기재정정]단일판매ㆍ공급계약체결              (+5),,2026-07-15: 주식등의대량보유상황보고서(약식) | 2026-07-06: 주식매수선택권부여에관한신고 | 2026-07-02: [기재정정]단일판매ㆍ공급계약체결               | 2026-06-19: 임원ㆍ주요주주특정증권등소유상황보고서 | 2026-06-19: 임원ㆍ주요주주특정증권등소유상황보고서,10
SJG세종,033530,5,OK,,주식소각결정              (+5),,2026-06-30: 주식소각결정               | 2026-06-29: 임시주주총회결과              ,2
와이즈버즈,273060,5,OK,,[기재정정]주식소각결정              (+5),,2026-07-13: 신탁계약해지결과보고서 | 2026-07-03: 주주총회소집공고 | 2026-07-03: [기재정정]주주총회소집결의              (임시주주총회) | 2026-06-30: [기재정정]주식병합결정               | 2026-06-30: [기재정정]주식소각결정              ,6
도화엔지니어링,002150,5,OK,,[기재정정]단일판매ㆍ공급계약체결              (+5),,2026-06-30: [기재정정]단일판매ㆍ공급계약체결              ,1
디케이락,105740,5,OK,,[기재정정]단일판매ㆍ공급계약체결              (+5),,2026-07-09: 주식등의대량보유상황보고서(약식) | 2026-07-06: 임원ㆍ주요주주특정증권등거래계획보고서 | 2026-07-06: 임원ㆍ주요주주특정증권등거래계획보고서 | 2026-06-26: 임원ㆍ주요주주특정증권등소유상황보고서 | 2026-06-26: 주식등의대량보유상황보고서(일반),6
이노메트리,302430,5,OK,,[기재정정]단일판매ㆍ공급계약체결              (+5),,2026-07-15: 신탁계약에의한취득상황보고서 | 2026-07-09: [기재정정]단일판매ㆍ공급계약체결               | 2026-06-22: 기업설명회(IR)개최              ,3
HMM,011200,5,OK,,단일판매ㆍ공급계약체결              (+5),,2026-07-09: 풍문또는보도에대한해명(미확정)               | 2026-06-26: 단일판매ㆍ공급계약체결               | 2026-06-24: 신규시설투자등              ,3
풍강,093380,5,OK,,주요사항보고서(자기주식취득결정)(+5),,2026-07-15: 분기보고서 (2026.05) | 2026-07-01: 주요사항보고서(자기주식취득결정) | 2026-07-01: 주식등의대량보유상황보고서(일반),3
유성티엔에스,024800,5,OK,,주식소각결정              (+5),,2026-07-03: 주식소각결정              ,1
삼성바이오로직스,207940,5,OK,,[기재정정]단일판매ㆍ공급계약체결              (+5),,2026-07-09: 결산실적공시예고(안내공시)               | 2026-07-06: 최대주주등소유주식변동신고서               | 2026-06-22: [기재정정]단일판매ㆍ공급계약체결              ,3
동우팜투테이블,088910,5,OK,,주식소각결정              (+5),,2026-07-01: 주식소각결정              ,1
산일전기,062040,5,OK,,단일판매ㆍ공급계약체결              (+5),,2026-07-01: 주식등의대량보유상황보고서(약식) | 2026-06-22: 단일판매ㆍ공급계약체결              ,2
선진뷰티사이언스,086710,5,OK,,주요사항보고서(자기주식취득결정)(+5),,2026-07-03: 임원ㆍ주요주주특정증권등소유상황보고서 | 2026-06-30: 기타주요경영사항              (회사분할결정 철회) | 2026-06-30: [기재정정]주요사항보고서(회사분할결정) | 2026-06-30: 주요사항보고서(자기주식취득결정),4
서희건설,035890,5,OK,,주식소각결정              (+5),,2026-07-03: 주식소각결정               | 2026-06-25: [기재정정]타인에대한채무보증결정              ,2
RFHIC,218410,5,OK,,[기재정정]단일판매ㆍ공급계약체결              (+5),,2026-07-02: 주주총회소집결의              (임시주주총회) | 2026-07-02: 주주명부폐쇄기간또는기준일설정               | 2026-07-01: 주식등의대량보유상황보고서(약식) | 2026-06-19: [기재정정]단일판매ㆍ공급계약체결              ,4
남양유업,003920,5,OK,,주식소각결정              (+5),,2026-07-15: 주식소각결정               | 2026-07-15: 최대주주등소유주식변동신고서               | 2026-07-13: 신탁계약해지결과보고서 | 2026-07-13: 주요사항보고서(자기주식취득신탁계약해지결정) | 2026-07-09: 임원ㆍ주요주주특정증권등소유상황보고서,7
에스티아이,039440,5,OK,,단일판매ㆍ공급계약체결              (+5),,2026-07-02: 단일판매ㆍ공급계약체결               | 2026-07-01: 주식등의대량보유상황보고서(약식),2
민테크,452200,5,OK,,단일판매ㆍ공급계약체결              (+5),,2026-07-02: 단일판매ㆍ공급계약체결              ,1
핌스,347770,5,OK,,[기재정정]주요사항보고서(자기주식취득결정)(+5) | 주요사항보고서(자기주식취득결정)(+5),[기재정정]최대주주변경을수반하는주식담보제공계약체결              (-5),2026-07-07: [기재정정]주요사항보고서(자기주식취득결정) | 2026-07-07: 주요사항보고서(자기주식취득결정) | 2026-07-07: 주식등의대량보유상황보고서(일반) | 2026-07-06: [기재정정]최대주주변경을수반하는주식담보제공계약체결               | 2026-06-30: 자산재평가결과(자율공시)              ,6
아이비젼웍스,469750,5,OK,,[기재정정]단일판매ㆍ공급계약체결              (+5),,2026-07-01: 주주명부폐쇄기간또는기준일설정               | 2026-07-01: 주식병합결정               | 2026-07-01: 주주총회소집결의              (임시주주총회) | 2026-06-30: [기재정정]단일판매ㆍ공급계약체결              ,4
포바이포,389140,5,OK,,[기재정정]단일판매ㆍ공급계약체결(자율공시)              (+5),,2026-06-30: [기재정정]단일판매ㆍ공급계약체결(자율공시)              ,1
에스제이그룹,306040,5,OK,,주식소각결정              (+5),,2026-07-15: 임원ㆍ주요주주특정증권등거래계획보고서 | 2026-07-15: 주식소각결정              ,2
HD현대마린엔진,071970,5,OK,,[기재정정]단일판매ㆍ공급계약체결              (+5),,2026-07-15: [기재정정]단일판매ㆍ공급계약체결               | 2026-07-01: 주식등의대량보유상황보고서(약식),2
글로본,019660,5,OK,,단일판매ㆍ공급계약체결              (+5),,2026-07-15: 타인에대한담보제공결정               | 2026-07-15: 단일판매ㆍ공급계약체결              ,2
KH바텍,060720,5,OK,,주요사항보고서(자기주식취득결정)(+5),,2026-06-24: 수시공시의무관련사항(공정공시)               | 2026-06-24: 주요사항보고서(자기주식취득결정),2
그린광학,0015G0,5,OK,,단일판매ㆍ공급계약체결              (+5),,2026-06-30: 단일판매ㆍ공급계약체결              ,1
디아이,003160,5,OK,,단일판매ㆍ공급계약체결(자율공시)              (+5),,2026-07-02: 단일판매ㆍ공급계약체결(자율공시)              ,1
재영솔루텍,049630,5,OK,,주식소각결정              (+5),,2026-06-19: 주식소각결정              ,1
보성파워텍,006910,5,OK,,[기재정정]단일판매ㆍ공급계약체결              (+5),,2026-07-02: 주식등의대량보유상황보고서(일반) | 2026-06-30: [기재정정]단일판매ㆍ공급계약체결              ,2
HLB테라퓨틱스,115450,5,OK,,[기재정정]단일판매ㆍ공급계약체결              (+5),,2026-07-02: 임원ㆍ주요주주특정증권등소유상황보고서 | 2026-06-30: [기재정정]단일판매ㆍ공급계약체결               | 2026-06-29: 주식등의대량보유상황보고서(일반),3
미래컴퍼니,049950,5,OK,,[기재정정]단일판매ㆍ공급계약체결(자율공시)              (+5),,2026-07-06: [기재정정]단일판매ㆍ공급계약체결(자율공시)              ,1
엔시스,333620,5,OK,,[기재정정]단일판매ㆍ공급계약체결              (+5),,2026-06-30: [기재정정]단일판매ㆍ공급계약체결               | 2026-06-30: 단일판매ㆍ공급계약해지              ,2
피엔티,137400,5,OK,,[기재정정]단일판매ㆍ공급계약체결              (+5),,2026-06-30: [기재정정]단일판매ㆍ공급계약체결               | 2026-06-26: 타인에대한채무보증결정              ,2
에스비비테크,389500,5,OK,,[기재정정]단일판매ㆍ공급계약체결              (+5),,2026-07-06: 기업설명회(IR)개최               | 2026-06-30: [기재정정]단일판매ㆍ공급계약체결              ,2
백산,035150,5,OK,,주식소각결정              (+5),,2026-06-23: 주식소각결정               | 2026-06-22: 자기주식취득결과보고서,2
지앤이헬스케어,299480,5,OK,,주요사항보고서(자기주식취득결정)(+5),,2026-07-09: 주요사항보고서(자기주식취득결정),1
JB금융지주,175330,5,OK,,[기재정정]주식소각결정              (+5),,2026-07-15: 기업설명회(IR)개최(안내공시)               | 2026-07-10: 증권발행실적보고서 | 2026-07-08: [기재정정]투자설명서(일괄신고) | 2026-07-08: [기재정정]일괄신고추가서류 | 2026-07-08: 투자설명서(일괄신고),13
인포바인,115310,5,OK,,주식소각결정              (+5),,2026-07-03: 임원ㆍ주요주주특정증권등소유상황보고서 | 2026-07-03: 임원ㆍ주요주주특정증권등소유상황보고서 | 2026-07-03: 주식등의대량보유상황보고서(일반) | 2026-06-22: 주식소각결정              ,4
와이즈넛,096250,5,OK,,[첨부추가]주식소각결정              (+5),,2026-07-07: [첨부추가]주식소각결정               | 2026-07-07: 자기주식취득결과보고서 | 2026-07-02: 주식등의대량보유상황보고서(약식),3
밸로프,331520,5,OK,,주식소각결정              (+5),,2026-07-14: 임원ㆍ주요주주특정증권등소유상황보고서 | 2026-07-03: 신탁계약해지결과보고서 | 2026-06-29: 임원ㆍ주요주주특정증권등소유상황보고서 | 2026-06-29: 주식소각결정               | 2026-06-29: 주요사항보고서(자기주식취득신탁계약해지결정),5
신풍,002870,5,OK,,주요사항보고서(자기주식취득결정)(+5),,2026-07-09: 주요사항보고서(자기주식취득결정) | 2026-07-06: 주식등의대량보유상황보고서(일반) | 2026-07-06: 주주총회소집공고 | 2026-06-19: 조회공시요구(현저한시황변동)에대한답변(미확정)              ,4
한국항공우주,047810,5,OK,,[기재정정]단일판매ㆍ공급계약체결              (+5),,2026-07-16: 풍문또는보도에대한해명(미확정)               | 2026-07-09: 주식등의대량보유상황보고서(약식) | 2026-07-08: 주식등의대량보유상황보고서(일반) | 2026-07-01: 주식등의대량보유상황보고서(일반) | 2026-06-30: [기재정정]단일판매ㆍ공급계약체결              ,7
케이피에프,024880,5,OK,,[기재정정]주식소각결정              (+5),,2026-06-23: 기업설명회(IR)개최               | 2026-06-19: [기재정정]주식소각결정               | 2026-06-19: 자기주식취득결과보고서,3
채비,0011T0,5,OK,,단일판매ㆍ공급계약체결              (+5),,2026-06-23: 단일판매ㆍ공급계약체결              ,1
DXVX,180400,5,OK,,[기재정정]단일판매ㆍ공급계약체결              (+5),,2026-07-16: 임원ㆍ주요주주특정증권등소유상황보고서 | 2026-07-10: 주식등의대량보유상황보고서(일반) | 2026-07-10: 임원ㆍ주요주주특정증권등소유상황보고서 | 2026-06-26: 주식등의대량보유상황보고서(일반) | 2026-06-26: 임원ㆍ주요주주특정증권등소유상황보고서,6
누리플렉스,040160,5,OK,,주식소각결정              (+5),,2026-06-24: 주식소각결정               | 2026-06-23: 주식등의대량보유상황보고서(일반),2
달바글로벌,483650,5,OK,,[기재정정]단일판매ㆍ공급계약체결              (+5),,2026-07-15: [기재정정]기업설명회(IR)개최(안내공시)               | 2026-07-15: 주식등의대량보유상황보고서(약식) | 2026-07-13: 임원ㆍ주요주주특정증권등소유상황보고서 | 2026-07-06: 기업설명회(IR)개최(안내공시)               | 2026-07-06: 기업설명회(IR)개최(안내공시)              ,9
삼성물산,028260,5,OK,,[기재정정]단일판매ㆍ공급계약체결              (+5),,2026-07-16: 결산실적공시예고(안내공시)               | 2026-06-30: [기재정정]단일판매ㆍ공급계약체결               | 2026-06-29: 최대주주등소유주식변동신고서               | 2026-06-26: 특수관계인으로부터부동산매수 | 2026-06-23: 기업설명회(IR)개최(안내공시)              ,5
미원에스씨,268280,5,OK,,주요사항보고서(자기주식취득결정)(+5),,2026-07-09: 주요사항보고서(자기주식취득결정) | 2026-07-09: 현금ㆍ현물배당결정               | 2026-07-01: 최대주주등소유주식변동신고서               | 2026-07-01: 임원ㆍ주요주주특정증권등소유상황보고서,4
엑시콘,092870,5,OK,,단일판매ㆍ공급계약체결              (+5),,2026-07-10: 단일판매ㆍ공급계약체결              ,1
브이엠,089970,5,OK,,단일판매ㆍ공급계약체결              (+5),,2026-07-16: 주식등의대량보유상황보고서(약식) | 2026-07-16: 주식등의대량보유상황보고서(일반) | 2026-07-16: 임원ㆍ주요주주특정증권등소유상황보고서 | 2026-07-10: 임원ㆍ주요주주특정증권등소유상황보고서 | 2026-07-01: 주식등의대량보유상황보고서(약식),7
스맥,099440,5,OK,,단일판매ㆍ공급계약체결(자율공시)              (+5),,2026-07-14: 단일판매ㆍ공급계약체결(자율공시)               | 2026-07-13: 임원ㆍ주요주주특정증권등소유상황보고서 | 2026-07-02: 임원ㆍ주요주주특정증권등소유상황보고서 | 2026-06-24: 임원ㆍ주요주주특정증권등소유상황보고서,4
동남합성,023450,5,OK,,주요사항보고서(자기주식취득결정)(+5),,2026-07-08: 주요사항보고서(자기주식취득결정) | 2026-07-08: 현금ㆍ현물배당결정               | 2026-07-08: 현금ㆍ현물배당을위한주주명부폐쇄(기준일)결정               | 2026-07-07: 자기주식취득결과보고서,4
넥사다이내믹스,351320,5,OK,,[기재정정]단일판매ㆍ공급계약체결              (+5),,2026-07-09: [기재정정]주주총회소집결의              (임시주주총회) | 2026-06-29: [기재정정]단일판매ㆍ공급계약체결               | 2026-06-25: [기재정정]주주총회소집결의              (임시주주총회),3
동원개발,013120,5,OK,,[기재정정]단일판매ㆍ공급계약체결              (+5),,2026-07-10: [기재정정]단일판매ㆍ공급계약체결               | 2026-06-22: 주식등의대량보유상황보고서(일반),2
제룡산업,147830,5,OK,,[기재정정]단일판매ㆍ공급계약체결              (+5),,2026-06-22: [기재정정]단일판매ㆍ공급계약체결              ,1
마음AI,377480,5,OK,,단일판매ㆍ공급계약체결              (+5),,2026-07-03: 사외이사의선임ㆍ해임또는중도퇴임에관한신고 | 2026-06-19: 단일판매ㆍ공급계약체결              ,2
아시아나IDT,267850,5,OK,,[기재정정]단일판매ㆍ공급계약체결              (+5),,2026-06-25: [기재정정]단일판매ㆍ공급계약체결              ,1
서전기전,189860,5,OK,,[기재정정]단일판매ㆍ공급계약체결              (+5),,2026-06-30: [기재정정]단일판매ㆍ공급계약체결              ,1
HL홀딩스,060980,5,OK,,단일판매ㆍ공급계약체결(자회사의 주요경영사항)              (+5),,2026-07-01: 주식등의대량보유상황보고서(약식) | 2026-07-01: 단일판매ㆍ공급계약체결(자회사의 주요경영사항)               | 2026-06-30: [기재정정]현금ㆍ현물배당결정              ,3
포스코엠텍,009520,5,OK,,단일판매ㆍ공급계약체결              (+5),,2026-07-02: 단일판매ㆍ공급계약체결              ,1
에이스토리,241840,5,OK,,단일판매ㆍ공급계약체결              (+5),,2026-07-09: 단일판매ㆍ공급계약체결              ,1
에스에너지,095910,5,OK,,주식소각결정              (+5),,2026-07-06: 주식소각결정              ,1
테라뷰,950250,5,OK,,단일판매ㆍ공급계약체결              (+5),,2026-06-30: 단일판매ㆍ공급계약체결              ,1
서남,294630,5,OK,,단일판매ㆍ공급계약체결              (+5),,2026-07-14: 단일판매ㆍ공급계약체결               | 2026-06-30: 임원ㆍ주요주주특정증권등소유상황보고서,2
액스비스,0011A0,5,OK,,단일판매ㆍ공급계약체결              (+5),,2026-07-15: 단일판매ㆍ공급계약체결               | 2026-07-02: 주식등의대량보유상황보고서(일반),2
한화에어로스페이스,012450,5,OK,,[기재정정]단일판매ㆍ공급계약체결              (+5),,2026-07-13: 기업설명회(IR)개최(안내공시)               | 2026-07-13: 기업설명회(IR)개최(안내공시)               | 2026-07-13: 결산실적공시예고(안내공시)               | 2026-07-08: [기재정정]타법인주식및출자증권취득결정               | 2026-07-03: 장래사업ㆍ경영계획(공정공시)              ,8
원일티엔아이,136150,5,OK,,단일판매ㆍ공급계약체결              (+5),,2026-07-08: 사외이사의선임ㆍ해임또는중도퇴임에관한신고 | 2026-07-08: 임시주주총회결과               | 2026-06-23: 주주총회소집공고 | 2026-06-22: [기재정정]소송등의제기ㆍ신청(일정금액이상의청구)               | 2026-06-22: 단일판매ㆍ공급계약체결              ,5
세보엠이씨,011560,5,OK,,[기재정정]단일판매ㆍ공급계약체결              (+5),,2026-06-30: [기재정정]단일판매ㆍ공급계약체결              ,1
미원상사,002840,5,OK,,주식소각결정              (+5),,2026-07-13: 임원ㆍ주요주주특정증권등소유상황보고서 | 2026-07-08: 주식소각결정               | 2026-07-08: 최대주주등소유주식변동신고서               | 2026-07-02: 임원ㆍ주요주주특정증권등소유상황보고서 | 2026-06-30: 임원ㆍ주요주주특정증권등소유상황보고서,10
한세예스24홀딩스,016450,5,OK,,주식소각결정(자회사의 주요경영사항)              (+5),,2026-07-01: 주식소각결정(자회사의 주요경영사항)               | 2026-06-30: 지속가능경영보고서등관련사항(자율공시)               | 2026-06-22: 주식등의대량보유상황보고서(일반),3
감성코퍼레이션,036620,5,OK,,주요사항보고서(자기주식취득결정)(+5),,2026-07-08: 자기주식취득결과보고서 | 2026-07-07: 주식등의대량보유상황보고서(일반) | 2026-06-24: [기재정정]주요사항보고서(회사분할결정) | 2026-06-23: 주요사항보고서(자기주식취득결정),4
하림지주,003380,5,OK,,단일판매ㆍ공급계약체결(자회사의 주요경영사항)              (+5),,2026-06-29: 신규시설투자등(자회사의 주요경영사항)               | 2026-06-26: [기재정정]신규시설투자등(자회사의 주요경영사항)               | 2026-06-26: 주식등의대량보유상황보고서(일반) | 2026-06-26: 임원ㆍ주요주주특정증권등소유상황보고서 | 2026-06-19: 단일판매ㆍ공급계약체결(자회사의 주요경영사항)              ,5
SIMPAC,009160,5,OK,,주요사항보고서(자기주식취득결정)(+5),,2026-07-10: 투자판단관련주요경영사항               | 2026-06-29: 주요사항보고서(자기주식취득결정),2
저스템,417840,5,OK,,주요사항보고서(자기주식취득결정)(+5),,2026-06-29: 자기주식취득결과보고서 | 2026-06-25: 임원ㆍ주요주주특정증권등소유상황보고서 | 2026-06-25: 주식등의대량보유상황보고서(일반) | 2026-06-24: 주요사항보고서(자기주식취득결정) | 2026-06-22: 기업설명회(IR)개최              ,5
쇼박스,086980,5,OK,,주식소각결정              (+5),,2026-06-30: [기재정정]단일판매ㆍ공급계약해지               | 2026-06-19: 주식소각결정              ,2
SK디앤디,210980,5,OK,,단일판매ㆍ공급계약체결              (+5),,2026-07-16: [기재정정]타인에대한채무보증결정               | 2026-07-16: 주주총회소집공고 | 2026-07-16: [기재정정]주주총회소집결의               | 2026-07-13: 기업설명회(IR)개최(안내공시)               | 2026-07-13: 수시공시의무관련사항(공정공시)              ,14
서호전기,065710,5,OK,,단일판매ㆍ공급계약체결              (+5),,2026-06-24: 단일판매ㆍ공급계약체결              ,1
에코글로우,159910,5,OK,,[기재정정]단일판매ㆍ공급계약체결              (+5),,2026-07-06: 주식등의대량보유상황보고서(일반) | 2026-07-06: 임원ㆍ주요주주특정증권등소유상황보고서 | 2026-07-01: 주요사항보고서(자기전환사채만기전취득결정) | 2026-06-29: [기재정정]단일판매ㆍ공급계약체결               | 2026-06-26: 주식등의대량보유상황보고서(일반),11
서울옥션,063170,5,OK,,[기재정정]단일판매ㆍ공급계약체결              (+5),,2026-07-14: 주식등의대량보유상황보고서(일반) | 2026-07-06: 교환사채(해외교환사채포함)발행후만기전사채취득               | 2026-06-29: [기재정정]단일판매ㆍ공급계약체결              ,3
아티스트스튜디오,200350,5,OK,,단일판매ㆍ공급계약체결              (+5),,2026-06-30: 단일판매ㆍ공급계약체결               | 2026-06-29: 주권관련사채권의취득결정              ,2
메디톡스,086900,5,OK,,[기재정정]주식소각결정              (상환전환우선주)(+5),,2026-07-07: 임원ㆍ주요주주특정증권등소유상황보고서 | 2026-06-30: [기재정정]주식소각결정              (상환전환우선주) | 2026-06-26: 주식등의대량보유상황보고서(일반) | 2026-06-26: 임원ㆍ주요주주특정증권등소유상황보고서,4
대동금속,020400,5,OK,,주식소각결정              (+5),,2026-07-07: [기재정정]신탁계약에의한취득상황보고서 | 2026-07-07: 주식소각결정               | 2026-07-06: 신탁계약에의한취득상황보고서 | 2026-07-06: 신탁계약해지결과보고서 | 2026-07-06: 주요사항보고서(자기주식취득신탁계약해지결정),5
탑선,180060,5,OK,,[기재정정]단일판매ㆍ공급계약체결(자율공시)              (+5),,2026-07-16: 임원ㆍ주요주주특정증권등소유상황보고서 | 2026-07-16: 주식등의대량보유상황보고서(일반) | 2026-07-08: [기재정정]단일판매ㆍ공급계약체결(자율공시)              ,3
서진시스템,178320,5,OK,,단일판매ㆍ공급계약체결(자율공시)              (+5) | 단일판매ㆍ공급계약체결(자율공시)              (+5) | 단일판매ㆍ공급계약체결(자율공시)              (+5),[기재정정]최대주주변경을수반하는주식담보제공계약체결              (-5) | 최대주주변경을수반하는주식담보제공계약체결              (-5),2026-07-16: 주식등의대량보유상황보고서(일반) | 2026-07-15: 단일판매ㆍ공급계약체결(자율공시)               | 2026-07-13: [기재정정]최대주주변경을수반하는주식담보제공계약체결               | 2026-07-10: 주식등의대량보유상황보고서(일반) | 2026-07-10: 최대주주변경을수반하는주식담보제공계약체결              ,11
네오셈,253590,5,OK,,단일판매ㆍ공급계약체결              (+5),,2026-07-08: 단일판매ㆍ공급계약체결              ,1
티이엠씨씨엔에스,241790,5,OK,,단일판매ㆍ공급계약체결              (+5),,2026-06-30: 임원ㆍ주요주주특정증권등소유상황보고서 | 2026-06-26: 단일판매ㆍ공급계약체결              ,2
엘디티,096870,5,OK,,주요사항보고서(자기주식취득결정)(+5),,2026-07-16: 주식등의대량보유상황보고서(일반) | 2026-07-16: 임원ㆍ주요주주특정증권등소유상황보고서 | 2026-07-15: 주주명부폐쇄기간또는기준일설정               | 2026-07-15: 주주총회소집결의              (임시주주총회) | 2026-07-14: 임원ㆍ주요주주특정증권등소유상황보고서,9
태웅로직스,124560,5,OK,,주요사항보고서(자기주식취득결정)(+5),,2026-07-15: 주식등의대량보유상황보고서(일반) | 2026-07-09: 주요사항보고서(자기주식취득결정),2
두산에너빌리티,034020,5,OK,,[기재정정]단일판매ㆍ공급계약체결(자율공시)              (+5),,2026-07-10: 기업설명회(IR)개최(안내공시)               | 2026-07-10: 풍문또는보도에대한해명(미확정)               | 2026-07-02: 주식등의대량보유상황보고서(일반) | 2026-07-02: 기업설명회(IR)개최(안내공시)               | 2026-06-30: [기재정정]단일판매ㆍ공급계약체결(자율공시)              ,7
씨에스윈드,112610,5,OK,,단일판매ㆍ공급계약체결              (+5),,2026-07-07: 단일판매ㆍ공급계약체결               | 2026-07-01: 주식등의대량보유상황보고서(약식),2
KC코트렐,119650,5,OK,,단일판매ㆍ공급계약체결(자율공시)              (+5),,2026-07-07: 단일판매ㆍ공급계약체결(자율공시)               | 2026-07-01: [기재정정]주요사항보고서(채권은행등의관리절차개시),2
파인텍,131760,5,OK,,단일판매ㆍ공급계약체결              (+5),,2026-06-25: 단일판매ㆍ공급계약체결              ,1
그린생명과학,114450,5,OK,,[기재정정]단일판매ㆍ공급계약체결              (+5),,2026-06-30: [기재정정]단일판매ㆍ공급계약체결               | 2026-06-22: 임원ㆍ주요주주특정증권등거래계획보고서,2
유니슨,018000,5,OK,,[기재정정]단일판매ㆍ공급계약체결              (+5),,2026-07-08: 전환가액의조정              (제18회차) | 2026-06-29: [기재정정]단일판매ㆍ공급계약체결              ,2
에스와이스틸텍,365330,5,OK,,단일판매ㆍ공급계약체결              (+5),,2026-07-09: 주식등의대량보유상황보고서(약식) | 2026-07-01: 단일판매ㆍ공급계약체결               | 2026-06-24: 주식등의대량보유상황보고서(일반),3
팬젠,222110,5,OK,,단일판매ㆍ공급계약체결              (+5),,2026-06-22: 단일판매ㆍ공급계약체결              ,1
엠아이큐브솔루션,373170,5,OK,,단일판매ㆍ공급계약체결(자율공시)              (+5),,2026-07-14: 대표이사변경               | 2026-07-14: 임시주주총회결과               | 2026-07-13: 단일판매ㆍ공급계약체결(자율공시)               | 2026-07-01: 임원ㆍ주요주주특정증권등소유상황보고서 | 2026-06-29: 주주총회소집공고,5
대아티아이,045390,5,OK,,[기재정정]단일판매ㆍ공급계약체결              (+5),,2026-06-26: [기재정정]단일판매ㆍ공급계약체결               | 2026-06-24: 합병등종료보고서(자산양수도) | 2026-06-24: [기재정정]주요사항보고서(유형자산양도결정),3
디앤디파마텍,347850,5,OK,,[기재정정]단일판매ㆍ공급계약체결              (+5),,2026-07-14: [기재정정]단일판매ㆍ공급계약체결               | 2026-06-22: 전환청구권행사              (제1회차),2
한성크린텍,066980,5,OK,,[기재정정]단일판매ㆍ공급계약체결(자율공시)              (+5),,2026-07-16: 임원ㆍ주요주주특정증권등거래계획보고서 | 2026-07-16: 전환청구권행사               | 2026-06-30: 전환청구권행사               | 2026-06-26: [기재정정]단일판매ㆍ공급계약체결(자율공시)              ,4
링크제니시스,219420,5,OK,,단일판매ㆍ공급계약체결(자율공시)              (+5),,2026-07-15: 단일판매ㆍ공급계약체결(자율공시)              ,1
신송홀딩스,006880,5,OK,,주요사항보고서(자기주식취득결정)(+5),,2026-07-09: 타인에대한채무보증결정(자회사의 주요경영사항)               | 2026-07-06: [기재정정]타인에대한채무보증결정               | 2026-07-06: 타인에대한채무보증결정               | 2026-07-06: 주요사항보고서(자기주식취득결정),4
매드업,0039P0,5,OK,,주요사항보고서(자기주식취득결정)(+5),,2026-07-09: [기재정정]현금ㆍ현물배당결정              (분기배당) | 2026-07-09: 주요사항보고서(자기주식취득결정) | 2026-07-08: 현금ㆍ현물배당결정              (분기배당) | 2026-07-08: 중간(분기)배당을위한주주명부폐쇄(기준일)결정               | 2026-07-08: 임원ㆍ주요주주특정증권등소유상황보고서,16
아크릴,0007C0,5,OK,,단일판매ㆍ공급계약체결(자율공시)              (+5),,2026-07-02: 임원ㆍ주요주주특정증권등소유상황보고서 | 2026-07-01: 단일판매ㆍ공급계약체결(자율공시)               | 2026-06-25: 임원ㆍ주요주주특정증권등소유상황보고서,3
동아쏘시오홀딩스,000640,5,OK,,[기재정정]단일판매ㆍ공급계약체결(자회사의 주요경영사항)              (+5),,2026-07-16: 현금ㆍ현물배당결정               | 2026-07-16: 현금ㆍ현물배당을위한주주명부폐쇄(기준일)결정               | 2026-07-10: [기재정정]단일판매ㆍ공급계약체결(자회사의 주요경영사항)               | 2026-07-07: 임원ㆍ주요주주특정증권등소유상황보고서 | 2026-07-02: 임원ㆍ주요주주특정증권등소유상황보고서,6
신한지주,055550,5,OK,,[기재정정]주식소각결정              (+5),,2026-07-10: [기재정정]주식소각결정               | 2026-07-10: 신탁계약해지결과보고서 | 2026-07-10: 주요사항보고서(자기주식취득신탁계약해지결정) | 2026-07-08: 기업설명회(IR)개최(안내공시)               | 2026-06-30: 지속가능경영보고서등관련사항(자율공시)              ,12
대한해운,005880,5,OK,,[기재정정]단일판매ㆍ공급계약체결              (+5),,2026-07-06: 대표이사(대표집행임원)변경(안내공시)               | 2026-07-06: 임시주주총회결과               | 2026-07-06: 주식등의대량보유상황보고서(일반) | 2026-06-19: [기재정정]단일판매ㆍ공급계약체결              ,4
아이앤씨,052860,5,OK,,단일판매ㆍ공급계약체결              (+5),,2026-07-13: 단일판매ㆍ공급계약체결              ,1
유진로봇,056080,5,OK,,[기재정정]단일판매ㆍ공급계약체결              (+5),,2026-07-16: 주식등의대량보유상황보고서(일반) | 2026-06-30: [기재정정]단일판매ㆍ공급계약체결               | 2026-06-26: 임원ㆍ주요주주특정증권등소유상황보고서 | 2026-06-23: 주식등의대량보유상황보고서(일반),4
심텍홀딩스,036710,6,OK,,[기재정정]회사합병결정(종속회사의주요경영사항)              (+3) | 회사합병결정(종속회사의주요경영사항)              (+3),,2026-07-15: [기재정정]회사합병결정(종속회사의주요경영사항)               | 2026-07-01: 교환청구권행사               | 2026-06-30: 회사합병결정(종속회사의주요경영사항)               | 2026-06-23: [기재정정]주권관련사채권의취득결정               | 2026-06-22: [기재정정]주권관련사채권의취득결정              ,5
소룩스,290690,6,OK,,[기재정정]주요사항보고서(회사합병결정)(+3) | [기재정정]주요사항보고서(회사합병결정)(+3),,2026-07-16: [기재정정]주요사항보고서(회사합병결정) | 2026-07-16: [기재정정]주주명부폐쇄기간또는기준일설정               | 2026-07-16: [기재정정]주주총회소집결의              (임시주주총회) | 2026-07-16: 주식등의대량보유상황보고서(일반) | 2026-07-02: 정정신고서제출요구( 2026.06.23. 제출 증권신고서(합병) ),12
에스트래픽,234300,6,OK,,[첨부정정]주요사항보고서(회사합병결정)(+3) | 주요사항보고서(회사합병결정)(+3),,2026-07-15: 임원ㆍ주요주주특정증권등소유상황보고서 | 2026-07-14: 임원ㆍ주요주주특정증권등소유상황보고서 | 2026-07-13: 임원ㆍ주요주주특정증권등소유상황보고서 | 2026-07-08: 임원ㆍ주요주주특정증권등소유상황보고서 | 2026-07-01: [첨부정정]주요사항보고서(회사합병결정),8
에코볼트,097780,6,OK,,[기재정정]주요사항보고서(회사합병결정)(+3) | [기재정정]주요사항보고서(회사합병결정)(+3),,2026-07-10: [기재정정]주주총회소집결의              (임시주주총회) | 2026-07-10: [기재정정]주요사항보고서(회사합병결정) | 2026-06-24: [기재정정]주요사항보고서(회사합병결정),3
한미반도체,042700,6,OK,,연결재무제표기준영업(잠정)실적(공정공시)              (+3) | [기재정정]유형자산취득결정              (+3),,2026-07-15: 기업설명회(IR)개최(안내공시)               | 2026-07-14: 연결재무제표기준영업(잠정)실적(공정공시)               | 2026-07-02: 임원ㆍ주요주주특정증권등거래계획보고서 | 2026-07-01: 주식등의대량보유상황보고서(약식) | 2026-06-30: [기재정정]유형자산취득결정              ,6
세기상사,002420,6,OK,,[기재정정]주요사항보고서(회사합병결정)(+3) | [기재정정]주요사항보고서(회사합병결정)(+3),,2026-07-13: [기재정정]주요사항보고서(회사합병결정) | 2026-07-07: 임시주주총회결과               | 2026-06-23: [기재정정]주요사항보고서(회사합병결정) | 2026-06-22: 주주총회소집공고,4
NHN,181710,6,OK,,[첨부정정]주요사항보고서(회사합병결정)(+3) | 주요사항보고서(회사합병결정)(+3),,2026-07-14: 임원ㆍ주요주주특정증권등소유상황보고서 | 2026-07-13: 임원ㆍ주요주주특정증권등소유상황보고서 | 2026-07-10: [첨부정정]주요사항보고서(회사합병결정) | 2026-07-08: 주주명부폐쇄기간또는기준일설정               | 2026-07-08: 주요사항보고서(회사합병결정),7
씨앤투스,352700,6,OK,,[첨부정정]주요사항보고서(회사합병결정)(+3) | 주요사항보고서(회사합병결정)(+3),,2026-07-09: 임원ㆍ주요주주특정증권등소유상황보고서 | 2026-07-09: 주식등의대량보유상황보고서(일반) | 2026-07-02: 임원ㆍ주요주주특정증권등소유상황보고서 | 2026-07-02: 주식등의대량보유상황보고서(일반) | 2026-06-29: [첨부정정]주요사항보고서(회사합병결정),9
휴맥스홀딩스,028080,8,OK,,주식소각결정              (+5) | [정정명령부과]주요사항보고서(회사합병결정)(+3),,2026-07-13: 교환사채(해외교환사채포함)발행후만기전사채취득               | 2026-07-10: 기업설명회(IR)개최               | 2026-07-09: 정정명령부과( 2026.07.01. 제출 주요사항보고서(회사합병 결정) ) | 2026-06-30: 주주총회소집결의              (임시주주총회) | 2026-06-30: 주식소각결정              ,7
휴맥스,115160,8,OK,,주식소각결정              (+5) | 주요사항보고서(회사합병결정)(+3),,2026-07-10: 기업설명회(IR)개최               | 2026-07-09: 정정신고서제출요구( 2026.07.01. 제출 증권신고서(합병) ) | 2026-07-01: [정정제출요구]증권신고서(합병) | 2026-06-30: 주주총회소집결의              (임시주주총회) | 2026-06-30: 주식소각결정              ,7
미래산업,025560,8,🚨 YES,[기재정정]주요사항보고서(유상증자결정),[기재정정]단일판매ㆍ공급계약체결              (+5) | [기재정정]단일판매ㆍ공급계약체결              (+5) | [기재정정]단일판매ㆍ공급계약체결              (+5) | 유형자산취득결정              (+3) | 단일판매ㆍ공급계약체결              (+5),[기재정정]주요사항보고서(유상증자결정)(-15),2026-07-16: [기재정정]단일판매ㆍ공급계약체결               | 2026-07-09: [기재정정]주요사항보고서(유상증자결정) | 2026-07-09: 합병등종료보고서(자산양수도) | 2026-06-30: [기재정정]단일판매ㆍ공급계약체결               | 2026-06-30: [기재정정]단일판매ㆍ공급계약체결              ,8
아시아나항공,020560,9,OK,,[첨부정정]주요사항보고서(회사합병결정)(+3) | [기재정정]주요사항보고서(회사합병결정)(+3) | [기재정정]주요사항보고서(회사합병결정)(+3),,2026-07-14: [첨부정정]주요사항보고서(회사합병결정) | 2026-07-13: [기재정정]주요사항보고서(회사합병결정) | 2026-07-06: 정정명령부과( 2026.06.26. 제출 주요사항보고서(회사합병 결정) ) | 2026-06-26: [기재정정]주요사항보고서(회사합병결정),4
알에프텍,061040,9,OK,,[기재정정]주요사항보고서(회사합병결정)(+3) | [첨부정정]주요사항보고서(회사합병결정)(+3) | [기재정정]주요사항보고서(회사합병결정)(+3),,2026-07-10: [첨부정정]증권신고서(합병) | 2026-07-10: [첨부정정]증권신고서(합병) | 2026-07-10: [기재정정]증권신고서(합병) | 2026-07-10: [첨부정정]증권신고서(합병) | 2026-07-10: [기재정정]증권신고서(합병),14
앱클론,174900,10,OK,,[기재정정]단일판매ㆍ공급계약체결              (+5) | [기재정정]단일판매ㆍ공급계약체결(자율공시)              (+5),,2026-07-07: [기재정정]단일판매ㆍ공급계약체결               | 2026-06-30: [기재정정]단일판매ㆍ공급계약체결(자율공시)              ,2
한화오션,042660,10,OK,,단일판매ㆍ공급계약체결              (+5) | [기재정정]단일판매ㆍ공급계약체결              (+5),,2026-07-16: 임원ㆍ주요주주특정증권등소유상황보고서 | 2026-07-15: 단일판매ㆍ공급계약체결               | 2026-07-14: [기재정정]특수관계인에대한출자 | 2026-07-13: 기업설명회(IR)개최(안내공시)               | 2026-07-13: 결산실적공시예고(안내공시)              ,14
수산인더스트리,126720,10,OK,,[기재정정]단일판매ㆍ공급계약체결              (+5) | [기재정정]단일판매ㆍ공급계약체결              (+5),,2026-06-25: [기재정정]단일판매ㆍ공급계약체결               | 2026-06-22: [기재정정]단일판매ㆍ공급계약체결              ,2
씨케이솔루션,480370,10,OK,,[기재정정]단일판매ㆍ공급계약체결              (+5) | [기재정정]단일판매ㆍ공급계약체결              (+5),,2026-07-16: 임시주주총회결과               | 2026-07-16: 사외이사의선임ㆍ해임또는중도퇴임에관한신고 | 2026-06-30: 주주총회소집공고 | 2026-06-29: [기재정정]단일판매ㆍ공급계약체결               | 2026-06-24: [기재정정]단일판매ㆍ공급계약체결              ,5
중앙백신,072020,10,OK,,단일판매ㆍ공급계약체결              (+5) | 주식소각결정              (+5),,2026-07-08: 단일판매ㆍ공급계약체결               | 2026-06-25: 주식소각결정              ,2
현대건설,000720,10,OK,,[기재정정]단일판매ㆍ공급계약체결              (+5) | 단일판매ㆍ공급계약체결              (+5),,2026-07-15: 임원ㆍ주요주주특정증권등소유상황보고서 | 2026-07-13: 결산실적공시예고(안내공시)               | 2026-07-10: [기재정정]단일판매ㆍ공급계약체결               | 2026-07-07: 유상증자또는주식관련사채등의발행결과(자율공시)               | 2026-07-02: 임원ㆍ주요주주특정증권등소유상황보고서,11
기가비스,420770,10,OK,,단일판매ㆍ공급계약체결              (+5) | 단일판매ㆍ공급계약체결              (+5),,2026-07-08: 임원ㆍ주요주주특정증권등소유상황보고서 | 2026-07-07: 단일판매ㆍ공급계약체결               | 2026-07-06: 단일판매ㆍ공급계약체결               | 2026-07-02: 임원ㆍ주요주주특정증권등소유상황보고서 | 2026-06-29: 임원ㆍ주요주주특정증권등소유상황보고서,7
그린플러스,186230,10,OK,,[기재정정]단일판매ㆍ공급계약체결(자율공시)              (+5) | [기재정정]단일판매ㆍ공급계약체결              (+5),,2026-07-03: [기재정정]단일판매ㆍ공급계약체결(자율공시)               | 2026-07-02: [기재정정]사업보고서 (2025.12) | 2026-06-26: [기재정정]단일판매ㆍ공급계약체결              ,3
CNT85,056730,10,OK,,[기재정정]단일판매ㆍ공급계약체결              (+5) | [기재정정]단일판매ㆍ공급계약체결(자율공시)              (+5),,2026-06-30: [기재정정]단일판매ㆍ공급계약체결               | 2026-06-19: 사외이사의선임ㆍ해임또는중도퇴임에관한신고 | 2026-06-19: [기재정정]단일판매ㆍ공급계약체결(자율공시)               | 2026-06-19: 임시주주총회결과              ,4
정원엔시스,045510,10,OK,,[기재정정]주식소각결정              (+5) | 주식소각결정              (+5),,2026-06-22: 소송등의판결ㆍ결정              (주주총회결의무효확인등) | 2026-06-22: [기재정정]주식소각결정               | 2026-06-22: 주식소각결정              ,3
SGC E&C,016250,10,OK,,[기재정정]단일판매ㆍ공급계약체결              (+5) | [기재정정]단일판매ㆍ공급계약체결              (+5),,2026-07-06: [기재정정]주요사항보고서(영업정지) | 2026-06-19: [기재정정]단일판매ㆍ공급계약체결               | 2026-06-19: [기재정정]단일판매ㆍ공급계약체결              ,3
씨메스로보틱스,475400,10,OK,,단일판매ㆍ공급계약체결              (+5) | 단일판매ㆍ공급계약체결              (+5),,2026-07-14: 단일판매ㆍ공급계약체결               | 2026-06-24: 단일판매ㆍ공급계약체결              ,2
하나기술,299030,10,OK,,[기재정정]단일판매ㆍ공급계약체결              (+5) | [기재정정]단일판매ㆍ공급계약체결              (+5),,2026-06-30: 주식등의대량보유상황보고서(일반) | 2026-06-29: [기재정정]단일판매ㆍ공급계약체결               | 2026-06-29: [기재정정]단일판매ㆍ공급계약체결              ,3
아이크래프트,052460,10,OK,,단일판매ㆍ공급계약체결              (+5) | 단일판매ㆍ공급계약체결              (+5),,2026-07-10: 단일판매ㆍ공급계약체결               | 2026-07-06: 단일판매ㆍ공급계약체결              ,2
삼일씨엔에스,004440,10,OK,,[기재정정]단일판매ㆍ공급계약체결              (+5) | 단일판매ㆍ공급계약체결              (+5),,2026-07-13: [기재정정]단일판매ㆍ공급계약체결               | 2026-07-07: 사외이사의선임ㆍ해임또는중도퇴임에관한신고 | 2026-07-07: 단일판매ㆍ공급계약체결               | 2026-06-30: 대표이사(대표집행임원)변경(안내공시)               | 2026-06-24: 주주명부폐쇄기간또는기준일설정              ,5
파두,440110,10,🚨 YES,[기재정정]주요사항보고서(전환사채권발행결정),[기재정정]단일판매ㆍ공급계약체결              (+5) | 단일판매ㆍ공급계약체결              (+5) | [기재정정]단일판매ㆍ공급계약체결              (+5) | [기재정정]단일판매ㆍ공급계약체결              (+5) | [기재정정]단일판매ㆍ공급계약체결              (+5),[기재정정]주요사항보고서(전환사채권발행결정)(-15),2026-07-16: [기재정정]단일판매ㆍ공급계약체결               | 2026-07-10: 단일판매ㆍ공급계약체결               | 2026-06-30: [기재정정]주요사항보고서(전환사채권발행결정) | 2026-06-26: [기재정정]단일판매ㆍ공급계약체결               | 2026-06-26: [기재정정]단일판매ㆍ공급계약체결              ,8
미원홀딩스,107590,10,OK,,주요사항보고서(자기주식취득결정)(자회사의 주요경영사항)              (+5) | 주요사항보고서(자기주식취득결정)(자회사의 주요경영사항)              (+5),,2026-07-09: 주요사항보고서(자기주식취득결정)(자회사의 주요경영사항)               | 2026-07-09: 현금ㆍ현물배당결정(자회사의 주요경영사항)               | 2026-07-08: 주요사항보고서(자기주식취득결정)(자회사의 주요경영사항)               | 2026-07-08: 현금ㆍ현물배당결정(자회사의 주요경영사항)               | 2026-07-08: 현금ㆍ현물배당을위한주주명부폐쇄(기준일)결정(자회사의 주요경영사항)              ,6
이노시뮬레이션,274400,10,OK,,단일판매ㆍ공급계약체결(자율공시)              (+5) | [기재정정]단일판매ㆍ공급계약체결(자율공시)              (+5),,2026-07-15: 단일판매ㆍ공급계약체결(자율공시)               | 2026-07-13: 기업설명회(IR)개최               | 2026-07-06: [기재정정]단일판매ㆍ공급계약체결(자율공시)              ,3
삼성E&A,028050,10,OK,,단일판매ㆍ공급계약체결              (+5) | 단일판매ㆍ공급계약체결              (+5),,2026-07-16: 기업설명회(IR)개최(안내공시)               | 2026-07-16: 결산실적공시예고(안내공시)               | 2026-07-01: 최대주주등소유주식변동신고서               | 2026-07-01: 주식등의대량보유상황보고서(약식) | 2026-07-01: 단일판매ㆍ공급계약체결              ,7
신화프리텍,095190,10,OK,,[기재정정]단일판매ㆍ공급계약체결(자율공시)              (+5) | [기재정정]단일판매ㆍ공급계약체결(자율공시)              (+5),,2026-06-30: [기재정정]단일판매ㆍ공급계약체결(자율공시)               | 2026-06-30: [기재정정]단일판매ㆍ공급계약체결(자율공시)              ,2
세명전기,017510,10,OK,,[기재정정]단일판매ㆍ공급계약체결              (+5) | [기재정정]단일판매ㆍ공급계약체결              (+5),,2026-06-30: [기재정정]단일판매ㆍ공급계약체결               | 2026-06-24: [기재정정]단일판매ㆍ공급계약체결              ,2
KCC건설,021320,10,OK,,단일판매ㆍ공급계약체결              (+5) | [기재정정]단일판매ㆍ공급계약체결(자율공시)              (+5),,2026-07-02: 단일판매ㆍ공급계약체결               | 2026-06-25: [기재정정]단일판매ㆍ공급계약체결(자율공시)               | 2026-06-22: 중대재해발생              ,3
DMS,068790,10,OK,,단일판매ㆍ공급계약체결              (+5) | 단일판매ㆍ공급계약체결              (+5),,2026-07-16: 주식등의대량보유상황보고서(일반) | 2026-07-16: 임원ㆍ주요주주특정증권등소유상황보고서 | 2026-07-06: 단일판매ㆍ공급계약체결               | 2026-06-29: 단일판매ㆍ공급계약체결               | 2026-06-25: [기재정정]금전대여결정              ,5
한익스프레스,014130,10,OK,,주요사항보고서(자기주식취득결정)(+5) | 주식소각결정              (+5),,2026-07-16: 주요사항보고서(자기주식취득결정) | 2026-07-10: 기업가치제고계획예고(안내공시)               | 2026-07-02: 주식소각결정               | 2026-06-26: 주식등의대량보유상황보고서(일반) | 2026-06-26: 임원ㆍ주요주주특정증권등소유상황보고서,6
HDC,012630,10,OK,,단일판매ㆍ공급계약체결(자회사의 주요경영사항)              (+5) | [기재정정]단일판매ㆍ공급계약체결(자회사의 주요경영사항)              (+5),,2026-07-15: 최대주주등소유주식변동신고서               | 2026-07-15: 주식등의대량보유상황보고서(일반) | 2026-07-13: 투자판단관련주요경영사항(자회사의 주요경영사항)               | 2026-07-10: 최대주주등소유주식변동신고서               | 2026-07-10: 주식등의대량보유상황보고서(일반),14
제이티,089790,10,OK,,[기재정정]단일판매ㆍ공급계약체결              (+5) | 단일판매ㆍ공급계약체결              (+5),,2026-07-02: [기재정정]단일판매ㆍ공급계약체결               | 2026-07-02: 단일판매ㆍ공급계약체결              ,2
케이엔에스,432470,10,OK,,[기재정정]단일판매ㆍ공급계약체결              (+5) | [기재정정]단일판매ㆍ공급계약체결              (+5),,2026-06-30: [기재정정]단일판매ㆍ공급계약체결               | 2026-06-30: [기재정정]단일판매ㆍ공급계약체결               | 2026-06-26: 임원ㆍ주요주주특정증권등거래계획보고서 | 2026-06-26: 임원ㆍ주요주주특정증권등소유상황보고서,4
이노에이엑스,296640,10,OK,,[기재정정]단일판매ㆍ공급계약체결              (+5) | 단일판매ㆍ공급계약체결              (+5),,2026-07-16: 타법인주식및출자증권취득결정               | 2026-07-15: 합병등종료보고서(자산양수도) | 2026-07-15: [기재정정]단일판매ㆍ공급계약체결               | 2026-06-22: 주요사항보고서(타법인주식및출자증권양도결정) | 2026-06-22: 단일판매ㆍ공급계약체결              ,5
핸즈코퍼레이션,143210,10,OK,,[기재정정]단일판매ㆍ공급계약체결              (+5) | [기재정정]단일판매ㆍ공급계약체결              (+5),,2026-07-07: 기타시장안내              (개선계획서 제출) | 2026-07-01: [기재정정]단일판매ㆍ공급계약체결               | 2026-07-01: [기재정정]단일판매ㆍ공급계약체결               | 2026-06-29: 임원ㆍ주요주주특정증권등소유상황보고서 | 2026-06-29: 임원ㆍ주요주주특정증권등소유상황보고서,11
영우디에스피,143540,10,OK,,단일판매ㆍ공급계약체결(자율공시)              (+5) | 단일판매ㆍ공급계약체결(자율공시)              (+5),,2026-07-16: 임원ㆍ주요주주특정증권등소유상황보고서 | 2026-07-16: 임원ㆍ주요주주특정증권등소유상황보고서 | 2026-06-25: 단일판매ㆍ공급계약체결(자율공시)               | 2026-06-24: 단일판매ㆍ공급계약체결(자율공시)               | 2026-06-19: 주식등의대량보유상황보고서(일반),5
동신건설,025950,10,OK,,[기재정정]단일판매ㆍ공급계약체결              (+5) | 단일판매ㆍ공급계약체결              (+5),,2026-07-09: [기재정정]단일판매ㆍ공급계약체결               | 2026-07-01: 단일판매ㆍ공급계약체결              ,2
에이치브이엠,295310,10,OK,,단일판매ㆍ공급계약체결              (+5) | 단일판매ㆍ공급계약체결              (+5),,2026-07-02: 주식등의대량보유상황보고서(약식) | 2026-06-25: 단일판매ㆍ공급계약체결               | 2026-06-19: 단일판매ㆍ공급계약체결              ,3
시공테크,020710,10,OK,,[기재정정]단일판매ㆍ공급계약체결              (+5) | 단일판매ㆍ공급계약체결(자율공시)              (+5),,2026-07-13: [기재정정]단일판매ㆍ공급계약체결               | 2026-06-24: 단일판매ㆍ공급계약체결(자율공시)              ,2
탑머티리얼,360070,10,OK,,단일판매ㆍ공급계약체결              (+5) | [기재정정]단일판매ㆍ공급계약체결              (+5),,2026-07-13: 단일판매ㆍ공급계약체결               | 2026-06-29: [기재정정]단일판매ㆍ공급계약체결              ,2
포스코퓨처엠,003670,10,OK,,단일판매ㆍ공급계약체결              (+5) | 단일판매ㆍ공급계약체결              (+5),,2026-07-16: 단일판매ㆍ공급계약체결               | 2026-07-16: 단일판매ㆍ공급계약체결               | 2026-07-16: 임원ㆍ주요주주특정증권등소유상황보고서 | 2026-07-16: 기업설명회(IR)개최(안내공시)               | 2026-07-08: 임원ㆍ주요주주특정증권등소유상황보고서,9
유바이오로직스,206650,10,OK,,[기재정정]단일판매ㆍ공급계약체결(자율공시)              (+5) | 단일판매ㆍ공급계약체결(자율공시)              (+5),,2026-07-16: [기재정정]단일판매ㆍ공급계약체결(자율공시)               | 2026-07-14: 단일판매ㆍ공급계약체결(자율공시)               | 2026-07-06: 임원ㆍ주요주주특정증권등소유상황보고서 | 2026-07-02: 신탁계약에의한취득상황보고서 | 2026-06-30: 기업설명회(IR)개최              ,5
엠오티,413390,10,OK,,[기재정정]단일판매ㆍ공급계약체결              (+5) | [기재정정]단일판매ㆍ공급계약체결              (+5),,2026-07-06: [기재정정]단일판매ㆍ공급계약체결               | 2026-07-06: [기재정정]단일판매ㆍ공급계약체결               | 2026-06-29: 주요사항보고서(자기주식취득신탁계약체결결정),3
IPARK현대산업개발,294870,10,OK,,단일판매ㆍ공급계약체결              (+5) | [기재정정]단일판매ㆍ공급계약체결              (+5),,2026-07-14: 기업설명회(IR)개최(안내공시)               | 2026-07-13: 투자판단관련주요경영사항               | 2026-07-02: 임원ㆍ주요주주특정증권등소유상황보고서 | 2026-07-01: 주식등의대량보유상황보고서(약식) | 2026-06-29: 단일판매ㆍ공급계약체결              ,8
아이티아이즈,372800,10,OK,,단일판매ㆍ공급계약체결              (+5) | [기재정정]단일판매ㆍ공급계약체결              (+5),,2026-07-16: 주요사항보고서(자기전환사채만기전취득결정) | 2026-07-16: 임원ㆍ주요주주특정증권등소유상황보고서 | 2026-07-14: 단일판매ㆍ공급계약체결               | 2026-07-14: 임원ㆍ주요주주특정증권등소유상황보고서 | 2026-07-10: 임원ㆍ주요주주특정증권등소유상황보고서,19
삼현,437730,10,OK,,[기재정정]단일판매ㆍ공급계약체결(자율공시)              (+5) | [기재정정]단일판매ㆍ공급계약체결(자율공시)              (+5),,2026-07-16: 사외이사의선임ㆍ해임또는중도퇴임에관한신고 | 2026-07-15: 임시주주총회결과               | 2026-07-07: 기업설명회(IR)개최               | 2026-07-07: [기재정정]단일판매ㆍ공급계약체결(자율공시)               | 2026-07-07: [기재정정]단일판매ㆍ공급계약체결(자율공시)              ,9
코윈테크,282880,10,OK,,[기재정정]단일판매ㆍ공급계약체결              (+5) | [기재정정]단일판매ㆍ공급계약체결              (+5),,2026-07-16: 주주명부폐쇄기간또는기준일설정               | 2026-06-24: 주요사항보고서(자기주식취득신탁계약체결결정) | 2026-06-22: [기재정정]단일판매ㆍ공급계약체결               | 2026-06-22: [기재정정]단일판매ㆍ공급계약체결              ,4
다원시스,068240,10,OK,,[기재정정]단일판매ㆍ공급계약체결              (+5) | [기재정정]단일판매ㆍ공급계약체결              (+5),,"2026-07-15: [기재정정]거래처와의거래중단               | 2026-07-07: [기재정정]단일판매ㆍ공급계약체결               | 2026-06-30: [기재정정]단일판매ㆍ공급계약체결               | 2026-06-29: 불성실공시법인지정              (공시번복 6건, 공시불이행 1건, 공시변경 1건) | 2026-06-26: 기타시장안내              (개선계획서 제출)",5
텔코웨어,078000,10,OK,,단일판매ㆍ공급계약체결              (+5) | 단일판매ㆍ공급계약체결              (+5),,2026-06-23: 단일판매ㆍ공급계약체결               | 2026-06-23: 단일판매ㆍ공급계약체결              ,2
자연과환경,043910,10,OK,,단일판매ㆍ공급계약체결(자율공시)              (+5) | [기재정정]단일판매ㆍ공급계약체결              (+5),,2026-07-15: 단일판매ㆍ공급계약체결(자율공시)               | 2026-07-08: 주식등의대량보유상황보고서(일반) | 2026-06-26: [기재정정]단일판매ㆍ공급계약체결              ,3
두산퓨얼셀,336260,10,OK,,단일판매ㆍ공급계약체결              (+5) | 단일판매ㆍ공급계약체결              (+5),,2026-07-16: 기업설명회(IR)개최(안내공시)               | 2026-07-16: 결산실적공시예고(안내공시)               | 2026-07-09: 임원ㆍ주요주주특정증권등소유상황보고서 | 2026-07-01: 단일판매ㆍ공급계약체결               | 2026-06-30: 단일판매ㆍ공급계약체결              ,6
다원넥스뷰,323350,10,OK,,단일판매ㆍ공급계약체결              (+5) | [기재정정]단일판매ㆍ공급계약체결              (+5),,2026-07-07: 단일판매ㆍ공급계약체결               | 2026-07-01: [기재정정]단일판매ㆍ공급계약체결              ,2
펨트론,168360,10,OK,,[기재정정]단일판매ㆍ공급계약체결              (+5) | 단일판매ㆍ공급계약체결(자율공시)              (+5),,2026-07-15: [기재정정]단일판매ㆍ공급계약체결               | 2026-06-23: 단일판매ㆍ공급계약체결(자율공시)              ,2
워트,396470,10,OK,,단일판매ㆍ공급계약체결(자율공시)              (+5) | 단일판매ㆍ공급계약체결(자율공시)              (+5),,2026-06-26: 단일판매ㆍ공급계약체결(자율공시)               | 2026-06-24: 단일판매ㆍ공급계약체결(자율공시)              ,2
케이쓰리아이,431190,10,OK,,[기재정정]단일판매ㆍ공급계약체결(자율공시)              (+5) | 단일판매ㆍ공급계약체결(자율공시)              (+5),,2026-07-08: 임원ㆍ주요주주특정증권등소유상황보고서 | 2026-07-02: [기재정정]단일판매ㆍ공급계약체결(자율공시)               | 2026-07-01: 임원ㆍ주요주주특정증권등소유상황보고서 | 2026-07-01: 임원ㆍ주요주주특정증권등소유상황보고서 | 2026-06-25: 단일판매ㆍ공급계약체결(자율공시)              ,5
삼성중공업,010140,10,OK,,단일판매ㆍ공급계약체결              (+5) | 단일판매ㆍ공급계약체결              (+5),,2026-07-14: 임원ㆍ주요주주특정증권등소유상황보고서 | 2026-07-14: 임원ㆍ주요주주특정증권등소유상황보고서 | 2026-07-13: 임원ㆍ주요주주특정증권등소유상황보고서 | 2026-07-10: 기업설명회(IR)개최(안내공시)               | 2026-07-10: 임원ㆍ주요주주특정증권등소유상황보고서,26
와이씨,232140,10,OK,,[기재정정]단일판매ㆍ공급계약체결              (+5) | [기재정정]단일판매ㆍ공급계약체결              (+5),,2026-06-29: [기재정정]단일판매ㆍ공급계약체결               | 2026-06-29: [기재정정]단일판매ㆍ공급계약체결              ,2
아이에스동서,010780,10,OK,,단일판매ㆍ공급계약체결              (+5) | [기재정정]단일판매ㆍ공급계약체결              (+5),,2026-07-16: 주식등의대량보유상황보고서(일반) | 2026-07-14: 단일판매ㆍ공급계약체결               | 2026-07-02: 주식등의대량보유상황보고서(일반) | 2026-06-30: [기재정정]단일판매ㆍ공급계약체결               | 2026-06-19: 주식등의대량보유상황보고서(일반),5
대한항공,003490,12,OK,,[기재정정]회사합병결정(종속회사의주요경영사항)              (+3) | 영업(잠정)실적(공정공시)              (+3) | [기재정정]회사합병결정(종속회사의주요경영사항)              (+3) | [기재정정]주요사항보고서(회사합병결정)(+3),,2026-07-14: [기재정정]회사합병결정(종속회사의주요경영사항)               | 2026-07-13: [기재정정]증권신고서(합병) | 2026-07-13: 기업설명회(IR)개최(안내공시)               | 2026-07-13: 기업설명회(IR)개최(안내공시)               | 2026-07-13: 영업(잠정)실적(공정공시)              ,13
젠큐릭스,229000,12,OK,,[첨부정정]주요사항보고서(회사합병결정)(+3) | [첨부정정]주요사항보고서(회사합병결정)(+3) | [첨부정정]주요사항보고서(회사합병결정)(+3) | 주요사항보고서(회사합병결정)(+3),,2026-07-14: 주식등의대량보유상황보고서(일반) | 2026-07-09: [첨부정정]주요사항보고서(회사합병결정) | 2026-06-30: [기재정정]합병등종료보고서(자산양수도) | 2026-06-30: [기재정정]주요사항보고서(타법인주식및출자증권양도결정) | 2026-06-26: [첨부정정]주요사항보고서(회사합병결정),8
아이씨디,040910,15,OK,,단일판매ㆍ공급계약체결(자율공시)              (+5) | [기재정정]단일판매ㆍ공급계약체결(자율공시)              (+5) | 단일판매ㆍ공급계약체결              (+5),,2026-07-15: 임원ㆍ주요주주특정증권등소유상황보고서 | 2026-07-13: 단일판매ㆍ공급계약체결(자율공시)               | 2026-07-09: [기재정정]단일판매ㆍ공급계약체결(자율공시)               | 2026-07-08: 단일판매ㆍ공급계약체결               | 2026-07-08: 임원ㆍ주요주주특정증권등소유상황보고서,6
디바이스,187870,15,OK,,단일판매ㆍ공급계약체결              (+5) | 단일판매ㆍ공급계약체결(자율공시)              (+5) | 단일판매ㆍ공급계약체결              (+5),,2026-07-07: 단일판매ㆍ공급계약체결               | 2026-07-06: 단일판매ㆍ공급계약체결(자율공시)               | 2026-07-02: 단일판매ㆍ공급계약체결               | 2026-07-01: 주식등의대량보유상황보고서(약식) | 2026-06-30: [기재정정]주식매수선택권부여에관한신고,6
닷밀,464580,15,OK,,[기재정정]단일판매ㆍ공급계약체결              (+5) | [기재정정]단일판매ㆍ공급계약체결(자율공시)              (+5) | [기재정정]단일판매ㆍ공급계약체결              (+5),,2026-07-10: [기재정정]단일판매ㆍ공급계약체결               | 2026-06-30: 임원ㆍ주요주주특정증권등거래계획보고서 | 2026-06-30: [기재정정]단일판매ㆍ공급계약체결(자율공시)               | 2026-06-29: [기재정정]단일판매ㆍ공급계약체결              ,4
에스지헬스케어,398120,15,OK,,[기재정정]단일판매ㆍ공급계약체결(자율공시)              (+5) | [기재정정]단일판매ㆍ공급계약체결(자율공시)              (+5) | [기재정정]단일판매ㆍ공급계약체결              (+5),,2026-07-10: [기재정정]단일판매ㆍ공급계약체결(자율공시)               | 2026-07-09: 임원ㆍ주요주주특정증권등소유상황보고서 | 2026-07-08: [기재정정]임원ㆍ주요주주특정증권등소유상황보고서 | 2026-06-25: [기재정정]단일판매ㆍ공급계약체결(자율공시)               | 2026-06-25: [기재정정]단일판매ㆍ공급계약체결              ,5
다스코,058730,15,OK,,[기재정정]단일판매ㆍ공급계약체결              (+5) | [기재정정]단일판매ㆍ공급계약체결              (+5) | 단일판매ㆍ공급계약체결              (+5) | 단일판매ㆍ공급계약체결              (+5) | [기재정정]단일판매ㆍ공급계약체결(자율공시)              (+5),주요사항보고서(자기주식처분결정)(-10),2026-07-09: [기재정정]단일판매ㆍ공급계약체결               | 2026-07-09: 전환청구권ㆍ신주인수권ㆍ교환청구권행사               | 2026-07-09: 주식등의대량보유상황보고서(일반) | 2026-07-09: [기재정정]단일판매ㆍ공급계약체결               | 2026-07-08: 단일판매ㆍ공급계약체결              ,10
카스,016920,15,OK,,주요사항보고서(자기주식취득결정)(+5) | 주식소각결정              (+5) | 주요사항보고서(자기주식취득결정)(+5),,2026-07-16: 주요사항보고서(자기주식취득결정) | 2026-07-16: 자기주식취득결과보고서 | 2026-07-13: 주식소각결정               | 2026-07-01: 주요사항보고서(자기주식취득결정) | 2026-07-01: 자기주식취득결과보고서,5
일성건설,013360,15,OK,,[기재정정]단일판매ㆍ공급계약체결              (+5) | [기재정정]단일판매ㆍ공급계약체결              (+5) | 단일판매ㆍ공급계약체결              (+5),,2026-07-14: 타인에대한채무보증결정               | 2026-07-10: [기재정정]단일판매ㆍ공급계약체결               | 2026-07-08: [기재정정]단일판매ㆍ공급계약체결               | 2026-07-06: 단일판매ㆍ공급계약체결              ,4
자람테크놀로지,389020,15,OK,,단일판매ㆍ공급계약체결              (+5) | [기재정정]단일판매ㆍ공급계약체결              (+5) | 단일판매ㆍ공급계약체결              (+5),,2026-07-13: 단일판매ㆍ공급계약체결               | 2026-06-30: [기재정정]단일판매ㆍ공급계약체결               | 2026-06-29: 단일판매ㆍ공급계약체결              ,3
진흥기업,002780,15,OK,,단일판매ㆍ공급계약체결              (+5) | 단일판매ㆍ공급계약체결              (+5) | 단일판매ㆍ공급계약체결              (+5),,2026-07-16: 주주총회소집공고 | 2026-07-06: 투자판단관련주요경영사항               | 2026-07-02: 단일판매ㆍ공급계약체결               | 2026-06-30: 단일판매ㆍ공급계약체결               | 2026-06-23: 투자판단관련주요경영사항              ,9
HD현대,267250,15,OK,,단일판매ㆍ공급계약체결(자회사의 주요경영사항)              (+5) | [기재정정]단일판매ㆍ공급계약체결(자회사의 주요경영사항)              (+5) | 단일판매ㆍ공급계약체결(자회사의 주요경영사항)              (+5),,2026-07-13: 단일판매ㆍ공급계약체결(자회사의 주요경영사항)               | 2026-07-10: 중대재해발생(종속회사의주요경영사항)               | 2026-06-30: [기재정정]단일판매ㆍ공급계약체결(자회사의 주요경영사항)               | 2026-06-29: 단일판매ㆍ공급계약체결(자회사의 주요경영사항)               | 2026-06-26: 생산중단(자회사의 주요경영사항)              ,7
까뮤이앤씨,013700,15,OK,,단일판매ㆍ공급계약체결              (+5) | [기재정정]단일판매ㆍ공급계약체결              (+5) | [기재정정]단일판매ㆍ공급계약체결              (+5),,2026-07-13: [기재정정]금전대여결정               | 2026-07-13: [기재정정]타인에대한담보제공결정               | 2026-07-13: [기재정정]타인에대한채무보증결정               | 2026-07-10: 타인에대한채무보증결정               | 2026-07-07: 단일판매ㆍ공급계약체결              ,9
대명에너지,389260,15,OK,,단일판매ㆍ공급계약체결              (+5) | [기재정정]단일판매ㆍ공급계약체결              (+5) | [기재정정]단일판매ㆍ공급계약체결              (+5),,2026-07-03: 주식등의대량보유상황보고서(일반) | 2026-06-29: 단일판매ㆍ공급계약체결               | 2026-06-29: [기재정정]단일판매ㆍ공급계약체결               | 2026-06-29: [기재정정]단일판매ㆍ공급계약체결               | 2026-06-23: 기업설명회(IR)개최              ,5
비나텍,126340,15,OK,,단일판매ㆍ공급계약체결              (+5) | 단일판매ㆍ공급계약체결              (+5) | 단일판매ㆍ공급계약체결              (+5),,2026-07-13: 단일판매ㆍ공급계약체결               | 2026-07-06: 단일판매ㆍ공급계약체결               | 2026-07-02: [기재정정]사업보고서 (2025.12) | 2026-07-01: 주식등의대량보유상황보고서(약식) | 2026-06-30: 단일판매ㆍ공급계약체결              ,5
현대로템,064350,15,OK,,[기재정정]단일판매ㆍ공급계약체결              (+5) | 단일판매ㆍ공급계약체결              (+5) | 단일판매ㆍ공급계약체결              (+5),,2026-07-10: 기업설명회(IR)개최(안내공시)               | 2026-07-10: 결산실적공시예고(안내공시)               | 2026-07-03: [기재정정]단일판매ㆍ공급계약체결               | 2026-06-30: 지속가능경영보고서등관련사항(자율공시)               | 2026-06-30: 정보보호현황(자율공시)              ,7
효성중공업,298040,15,OK,,[기재정정]단일판매ㆍ공급계약체결              (+5) | 단일판매ㆍ공급계약체결              (+5) | [기재정정]단일판매ㆍ공급계약체결              (+5),,2026-07-15: [기재정정]단일판매ㆍ공급계약체결               | 2026-07-02: 임원ㆍ주요주주특정증권등소유상황보고서 | 2026-07-02: 투자판단관련주요경영사항               | 2026-07-01: 주식등의대량보유상황보고서(약식) | 2026-06-25: 지속가능경영보고서등관련사항(자율공시)              ,9
남화토건,091590,15,OK,,[기재정정]단일판매ㆍ공급계약체결              (+5) | [기재정정]단일판매ㆍ공급계약체결              (+5) | [기재정정]단일판매ㆍ공급계약체결              (+5),,2026-07-14: [기재정정]단일판매ㆍ공급계약체결               | 2026-07-07: [기재정정]단일판매ㆍ공급계약체결               | 2026-07-01: 타인에대한채무보증결정               | 2026-06-24: [기재정정]단일판매ㆍ공급계약체결              ,4
솔디펜스,215090,15,OK,,단일판매ㆍ공급계약체결(자율공시)              (+5) | [기재정정]단일판매ㆍ공급계약체결              (+5) | [기재정정]단일판매ㆍ공급계약체결              (+5),,2026-06-26: 단일판매ㆍ공급계약체결(자율공시)               | 2026-06-26: [기재정정]단일판매ㆍ공급계약체결               | 2026-06-24: [기재정정]단일판매ㆍ공급계약체결              ,3
HS화성,002460,15,OK,,단일판매ㆍ공급계약체결              (+5) | [기재정정]단일판매ㆍ공급계약체결              (+5) | [기재정정]단일판매ㆍ공급계약체결              (+5),,2026-07-15: 단일판매ㆍ공급계약체결               | 2026-07-02: [기재정정]단일판매ㆍ공급계약체결               | 2026-06-30: [기재정정]단일판매ㆍ공급계약체결              ,3
한신공영,004960,15,OK,,[기재정정]단일판매ㆍ공급계약체결              (+5) | 단일판매ㆍ공급계약체결              (+5) | [기재정정]단일판매ㆍ공급계약체결              (+5),,2026-07-16: 투자판단관련주요경영사항               | 2026-07-03: [기재정정]단일판매ㆍ공급계약체결               | 2026-06-30: 단일판매ㆍ공급계약체결               | 2026-06-24: [기재정정]단일판매ㆍ공급계약체결              ,4
동성화인텍,033500,15,OK,,단일판매ㆍ공급계약체결(자율공시)              (+5) | 단일판매ㆍ공급계약체결(자율공시)              (+5) | 단일판매ㆍ공급계약체결              (+5),,2026-06-30: 단일판매ㆍ공급계약체결(자율공시)               | 2026-06-30: 단일판매ㆍ공급계약체결(자율공시)               | 2026-06-25: 단일판매ㆍ공급계약체결              ,3
자이에스앤디,317400,15,OK,,단일판매ㆍ공급계약체결              (+5) | 단일판매ㆍ공급계약체결              (+5) | 단일판매ㆍ공급계약체결              (+5),,2026-07-16: 단일판매ㆍ공급계약체결               | 2026-07-02: 단일판매ㆍ공급계약체결               | 2026-06-30: [기재정정]사업보고서 (2025.12) | 2026-06-30: 단일판매ㆍ공급계약체결               | 2026-06-25: 주요사항보고서(유형자산양도결정),5
금화피에스시,036190,15,OK,,[기재정정]단일판매ㆍ공급계약체결              (+5) | [기재정정]단일판매ㆍ공급계약체결              (+5) | [기재정정]단일판매ㆍ공급계약체결              (+5),,2026-07-13: [기재정정]단일판매ㆍ공급계약체결               | 2026-06-30: [기재정정]단일판매ㆍ공급계약체결               | 2026-06-30: [기재정정]사업보고서 (2025.12) | 2026-06-29: [기재정정]단일판매ㆍ공급계약체결              ,4
에이직랜드,445090,15,OK,,[기재정정]단일판매ㆍ공급계약체결              (+5) | 단일판매ㆍ공급계약체결              (+5) | [기재정정]단일판매ㆍ공급계약체결              (+5),,2026-06-30: [기재정정]단일판매ㆍ공급계약체결               | 2026-06-29: 단일판매ㆍ공급계약체결               | 2026-06-26: [기재정정]단일판매ㆍ공급계약체결              ,3
금호건설,002990,15,OK,,[기재정정]단일판매ㆍ공급계약체결              (+5) | [기재정정]단일판매ㆍ공급계약체결              (+5) | [기재정정]단일판매ㆍ공급계약체결              (+5),,2026-07-16: [기재정정]단일판매ㆍ공급계약체결               | 2026-07-14: 기업설명회(IR)개최(안내공시)               | 2026-07-09: 투자판단관련주요경영사항               | 2026-07-02: [기재정정]단일판매ㆍ공급계약체결               | 2026-06-26: 타인에대한채무보증결정              ,7
유신,054930,15,OK,,[기재정정]단일판매ㆍ공급계약체결              (+5) | [기재정정]단일판매ㆍ공급계약체결(자율공시)              (+5) | [기재정정]단일판매ㆍ공급계약체결(자율공시)              (+5),,2026-07-10: [기재정정]단일판매ㆍ공급계약체결               | 2026-07-10: [기재정정]단일판매ㆍ공급계약체결(자율공시)               | 2026-06-26: [기재정정]단일판매ㆍ공급계약체결(자율공시)              ,3
국영지앤엠,006050,15,OK,,[기재정정]단일판매ㆍ공급계약체결(자율공시)              (+5) | 단일판매ㆍ공급계약체결(자율공시)              (+5) | 단일판매ㆍ공급계약체결(자율공시)              (+5),,2026-07-09: 의결권대리행사권유참고서류 | 2026-07-09: 주주총회소집공고 | 2026-07-09: 주식등의대량보유상황보고서(일반) | 2026-06-29: [기재정정]단일판매ㆍ공급계약체결(자율공시)               | 2026-06-29: 단일판매ㆍ공급계약체결(자율공시)              ,6
레이저쎌,412350,15,OK,,단일판매ㆍ공급계약체결              (+5) | 단일판매ㆍ공급계약체결              (+5) | [기재정정]단일판매ㆍ공급계약체결              (+5),,2026-07-07: 단일판매ㆍ공급계약체결               | 2026-07-01: 단일판매ㆍ공급계약체결               | 2026-06-30: [기재정정]단일판매ㆍ공급계약체결               | 2026-06-24: 기업설명회(IR)개최              ,4
인텍플러스,064290,20,OK,,단일판매ㆍ공급계약체결(자율공시)              (+5) | 단일판매ㆍ공급계약체결              (+5) | 단일판매ㆍ공급계약체결              (+5) | 단일판매ㆍ공급계약체결(자율공시)              (+5),,2026-07-09: 임원ㆍ주요주주특정증권등소유상황보고서 | 2026-07-06: 전환가액의조정               | 2026-07-03: 교환청구권행사               | 2026-07-02: 단일판매ㆍ공급계약체결(자율공시)               | 2026-07-02: 단일판매ㆍ공급계약체결              ,9
노머스,473980,20,OK,,주식소각결정              (+5) | [기재정정]주식소각결정              (+5) | [기재정정]주식소각결정              (+5) | 주식소각결정              (+5),,2026-07-15: 주요사항보고서(자기주식취득신탁계약체결결정) | 2026-07-08: [기재정정]신탁계약해지결과보고서 | 2026-07-08: 주식소각결정               | 2026-07-08: 신탁계약해지결과보고서 | 2026-07-08: 주요사항보고서(자기주식취득신탁계약해지결정),13
지엔씨에너지,119850,20,OK,,단일판매ㆍ공급계약체결              (+5) | 단일판매ㆍ공급계약체결              (+5) | [기재정정]단일판매ㆍ공급계약체결              (+5) | [기재정정]단일판매ㆍ공급계약체결              (+5),,2026-07-15: 단일판매ㆍ공급계약체결               | 2026-07-02: 단일판매ㆍ공급계약체결               | 2026-06-30: [기재정정]단일판매ㆍ공급계약체결               | 2026-06-25: 임원ㆍ주요주주특정증권등소유상황보고서 | 2026-06-22: [기재정정]단일판매ㆍ공급계약체결              ,5
신성이엔지,011930,20,OK,,단일판매ㆍ공급계약체결(자율공시)              (+5) | 단일판매ㆍ공급계약체결(자율공시)              (+5) | [기재정정]단일판매ㆍ공급계약체결(자율공시)              (+5) | [기재정정]단일판매ㆍ공급계약체결(자율공시)              (+5),,2026-07-16: 투자판단관련주요경영사항               | 2026-07-16: 단일판매ㆍ공급계약체결(자율공시)               | 2026-07-15: 단일판매ㆍ공급계약체결(자율공시)               | 2026-07-07: [기재정정]단일판매ㆍ공급계약체결(자율공시)               | 2026-07-07: 최대주주등소유주식변동신고서              ,15
효성,004800,20,OK,,[기재정정]단일판매ㆍ공급계약체결(자회사의 주요경영사항)              (+5) | 단일판매ㆍ공급계약체결(자회사의 주요경영사항)              (+5) | 단일판매ㆍ공급계약체결(자회사의 주요경영사항)              (+5) | [기재정정]단일판매ㆍ공급계약체결(자회사의 주요경영사항)              (+5),,2026-07-15: [기재정정]단일판매ㆍ공급계약체결(자회사의 주요경영사항)               | 2026-07-02: 투자판단관련주요경영사항(자회사의 주요경영사항)               | 2026-06-29: 단일판매ㆍ공급계약체결(자회사의 주요경영사항)               | 2026-06-29: 지속가능경영보고서등관련사항(자율공시)               | 2026-06-23: 단일판매ㆍ공급계약체결(자회사의 주요경영사항)              ,7
GS건설,006360,20,OK,,[기재정정]단일판매ㆍ공급계약체결              (+5) | 단일판매ㆍ공급계약체결              (+5) | 단일판매ㆍ공급계약체결              (+5) | [기재정정]단일판매ㆍ공급계약체결              (+5),,2026-07-16: [기재정정]단일판매ㆍ공급계약체결               | 2026-07-16: 단일판매ㆍ공급계약체결               | 2026-07-15: [기재정정]타인에대한채무보증결정               | 2026-07-15: 타인에대한채무보증결정               | 2026-07-01: [기재정정]분기보고서 (2026.03),18
엠엑스로보틱스,007820,20,OK,,[기재정정]단일판매ㆍ공급계약체결              (+5) | 단일판매ㆍ공급계약체결              (+5) | [기재정정]단일판매ㆍ공급계약체결              (+5) | [기재정정]단일판매ㆍ공급계약체결              (+5),,2026-07-13: [기재정정]단일판매ㆍ공급계약체결               | 2026-07-02: 단일판매ㆍ공급계약체결               | 2026-06-23: [기재정정]단일판매ㆍ공급계약체결               | 2026-06-22: [기재정정]단일판매ㆍ공급계약체결              ,4
티와이홀딩스,363280,20,OK,,단일판매ㆍ공급계약체결(자회사의 주요경영사항)              (+5) | 단일판매ㆍ공급계약체결(자회사의 주요경영사항)              (+5) | [기재정정]단일판매ㆍ공급계약체결(자회사의 주요경영사항)              (+5) | 단일판매ㆍ공급계약체결(자회사의 주요경영사항)              (+5),,2026-07-16: 단일판매ㆍ공급계약체결(자회사의 주요경영사항)               | 2026-07-02: 단일판매ㆍ공급계약체결(자회사의 주요경영사항)               | 2026-07-01: 투자판단관련주요경영사항(자회사의 주요경영사항)               | 2026-06-23: [기재정정]단일판매ㆍ공급계약체결(자회사의 주요경영사항)               | 2026-06-23: 단일판매ㆍ공급계약체결(자회사의 주요경영사항)              ,5
비에이치아이,083650,20,OK,,[기재정정]단일판매ㆍ공급계약체결              (+5) | [기재정정]단일판매ㆍ공급계약체결              (+5) | [기재정정]단일판매ㆍ공급계약체결              (+5) | [기재정정]단일판매ㆍ공급계약체결              (+5),,2026-07-16: 주식등의대량보유상황보고서(일반) | 2026-07-14: [기재정정]단일판매ㆍ공급계약체결               | 2026-07-14: [기재정정]단일판매ㆍ공급계약체결               | 2026-07-10: [기재정정]단일판매ㆍ공급계약체결               | 2026-07-10: [기재정정]단일판매ㆍ공급계약체결              ,5
남광토건,001260,20,OK,,[기재정정]단일판매ㆍ공급계약체결              (+5) | 단일판매ㆍ공급계약체결              (+5) | [기재정정]단일판매ㆍ공급계약체결              (+5) | [기재정정]단일판매ㆍ공급계약체결              (+5),,2026-07-10: 주주총회소집공고 | 2026-07-10: 투자판단관련주요경영사항               | 2026-07-07: [기재정정]단일판매ㆍ공급계약체결               | 2026-06-26: 단일판매ㆍ공급계약체결               | 2026-06-24: [기재정정]단일판매ㆍ공급계약체결              ,6
엠게임,058630,20,OK,,주식소각결정              (+5) | [기재정정]주요사항보고서(자기주식취득결정)(+5) | [기재정정]주요사항보고서(자기주식취득결정)(+5) | 주요사항보고서(자기주식취득결정)(+5),,2026-07-03: 현금ㆍ현물배당결정              (분기배당) | 2026-07-01: 주식소각결정               | 2026-06-29: [기재정정]주요사항보고서(자기주식취득결정) | 2026-06-26: [기재정정]주요사항보고서(자기주식취득결정) | 2026-06-26: 주요사항보고서(자기주식취득결정),8
DL,000210,20,OK,,[기재정정]단일판매ㆍ공급계약체결(자회사의 주요경영사항)              (+5) | 단일판매ㆍ공급계약체결(자회사의 주요경영사항)              (+5) | 단일판매ㆍ공급계약체결(자회사의 주요경영사항)              (+5) | 단일판매ㆍ공급계약체결(자회사의 주요경영사항)              (+5),,2026-07-16: 투자판단관련주요경영사항(자회사의 주요경영사항)               | 2026-07-14: [기재정정]단일판매ㆍ공급계약체결(자회사의 주요경영사항)               | 2026-07-10: 단일판매ㆍ공급계약체결(자회사의 주요경영사항)               | 2026-07-06: 단일판매ㆍ공급계약체결(자회사의 주요경영사항)               | 2026-07-02: 단일판매ㆍ공급계약체결(자회사의 주요경영사항)              ,9
태영건설,009410,20,OK,,단일판매ㆍ공급계약체결              (+5) | 단일판매ㆍ공급계약체결              (+5) | [기재정정]단일판매ㆍ공급계약체결              (+5) | 단일판매ㆍ공급계약체결              (+5),,2026-07-16: 특수관계인과의내부거래 | 2026-07-16: 단일판매ㆍ공급계약체결               | 2026-07-02: 단일판매ㆍ공급계약체결               | 2026-07-01: 투자판단관련주요경영사항               | 2026-06-30: 지속가능경영보고서등관련사항(자율공시)              ,7
금양그린파워,282720,20,OK,,[기재정정]단일판매ㆍ공급계약체결              (+5) | 단일판매ㆍ공급계약체결              (+5) | [기재정정]단일판매ㆍ공급계약체결              (+5) | [기재정정]단일판매ㆍ공급계약체결              (+5),,2026-07-09: [기재정정]단일판매ㆍ공급계약체결               | 2026-07-07: 주식등의대량보유상황보고서(일반) | 2026-07-02: 단일판매ㆍ공급계약체결               | 2026-06-29: [기재정정]단일판매ㆍ공급계약체결               | 2026-06-26: [기재정정]단일판매ㆍ공급계약체결              ,6
HD현대중공업,329180,23,OK,,영업(잠정)실적(공정공시)              (+3) | [기재정정]단일판매ㆍ공급계약체결(자율공시)              (+5) | 단일판매ㆍ공급계약체결              (+5) | 단일판매ㆍ공급계약체결(자율공시)              (+5) | 단일판매ㆍ공급계약체결              (+5),,2026-07-16: 영업(잠정)실적(공정공시)               | 2026-07-14: [기재정정]단일판매ㆍ공급계약체결(자율공시)               | 2026-07-10: 중대재해발생(종속회사의주요경영사항)               | 2026-07-09: 단일판매ㆍ공급계약체결               | 2026-07-01: 지속가능경영보고서등관련사항(자율공시)              ,9
HJ중공업,097230,25,OK,,[기재정정]단일판매ㆍ공급계약체결              (+5) | [기재정정]단일판매ㆍ공급계약체결              (+5) | 단일판매ㆍ공급계약체결              (+5) | [기재정정]단일판매ㆍ공급계약체결              (+5) | [기재정정]단일판매ㆍ공급계약체결              (+5),,2026-07-16: [기재정정]단일판매ㆍ공급계약체결               | 2026-07-13: 투자판단관련주요경영사항               | 2026-07-07: 주식등의대량보유상황보고서(일반) | 2026-07-06: 금전대여결정               | 2026-07-06: [기재정정]단일판매ㆍ공급계약체결              ,9
대우건설,047040,25,OK,,단일판매ㆍ공급계약체결              (+5) | 단일판매ㆍ공급계약체결              (+5) | [기재정정]단일판매ㆍ공급계약체결              (+5) | [기재정정]단일판매ㆍ공급계약체결              (+5) | 단일판매ㆍ공급계약체결              (+5),,2026-07-16: 단일판매ㆍ공급계약체결               | 2026-07-10: 타인에대한채무보증결정               | 2026-07-09: 타인에대한채무보증결정               | 2026-07-08: 단일판매ㆍ공급계약체결               | 2026-07-07: [기재정정]단일판매ㆍ공급계약체결              ,10
우원개발,046940,25,OK,,[기재정정]단일판매ㆍ공급계약체결              (+5) | [기재정정]단일판매ㆍ공급계약체결(자율공시)              (+5) | [기재정정]단일판매ㆍ공급계약체결              (+5) | [기재정정]단일판매ㆍ공급계약체결              (+5) | [기재정정]단일판매ㆍ공급계약체결              (+5),,2026-07-10: [기재정정]단일판매ㆍ공급계약체결               | 2026-06-26: [기재정정]단일판매ㆍ공급계약체결(자율공시)               | 2026-06-26: [기재정정]단일판매ㆍ공급계약체결               | 2026-06-26: [기재정정]단일판매ㆍ공급계약체결               | 2026-06-25: [기재정정]단일판매ㆍ공급계약체결              ,5
한화엔진,082740,25,OK,,주요사항보고서(자기주식취득결정)(+5) | 단일판매ㆍ공급계약체결              (+5) | [기재정정]단일판매ㆍ공급계약체결              (+5) | 단일판매ㆍ공급계약체결              (+5) | 단일판매ㆍ공급계약체결              (+5),,2026-07-14: 주요사항보고서(자기주식취득결정) | 2026-07-10: 단일판매ㆍ공급계약체결               | 2026-07-08: [기재정정]단일판매ㆍ공급계약체결               | 2026-06-30: 단일판매ㆍ공급계약체결               | 2026-06-26: 단일판매ㆍ공급계약체결              ,5
동아지질,028100,25,OK,,[기재정정]단일판매ㆍ공급계약체결              (+5) | [기재정정]단일판매ㆍ공급계약체결              (+5) | [기재정정]단일판매ㆍ공급계약체결              (+5) | [기재정정]단일판매ㆍ공급계약체결              (+5) | [기재정정]단일판매ㆍ공급계약체결              (+5),,2026-06-30: [기재정정]단일판매ㆍ공급계약체결               | 2026-06-30: [기재정정]단일판매ㆍ공급계약체결               | 2026-06-30: [기재정정]단일판매ㆍ공급계약체결               | 2026-06-30: [기재정정]단일판매ㆍ공급계약체결               | 2026-06-25: [기재정정]단일판매ㆍ공급계약체결              ,5
코오롱,002020,25,OK,,단일판매ㆍ공급계약체결(자회사의 주요경영사항)              (+5) | 단일판매ㆍ공급계약체결(자회사의 주요경영사항)              (+5) | [기재정정]단일판매ㆍ공급계약체결(자회사의 주요경영사항)              (+5) | 단일판매ㆍ공급계약체결(자회사의 주요경영사항)              (+5) | [기재정정]단일판매ㆍ공급계약체결(자회사의 주요경영사항)              (+5),주요사항보고서(자기주식처분결정)(자회사의 주요경영사항)              (-10),2026-07-16: 타인에대한채무보증결정(자회사의 주요경영사항)               | 2026-07-15: 단일판매ㆍ공급계약체결(자회사의 주요경영사항)               | 2026-07-13: 투자판단관련주요경영사항(자회사의 주요경영사항)               | 2026-07-13: 단일판매ㆍ공급계약체결(자회사의 주요경영사항)               | 2026-07-09: [기재정정]단일판매ㆍ공급계약체결(자회사의 주요경영사항)              ,10
계룡건설산업,013580,25,OK,,[기재정정]단일판매ㆍ공급계약체결              (+5) | [기재정정]단일판매ㆍ공급계약체결              (+5) | [기재정정]단일판매ㆍ공급계약체결              (+5) | 단일판매ㆍ공급계약체결              (+5) | [기재정정]단일판매ㆍ공급계약체결              (+5),,2026-07-10: [기재정정]단일판매ㆍ공급계약체결               | 2026-07-03: 투자판단관련주요경영사항               | 2026-07-02: [기재정정]단일판매ㆍ공급계약체결               | 2026-06-30: [기재정정]단일판매ㆍ공급계약체결               | 2026-06-29: [기재정정]타인에대한채무보증결정              ,11
코오롱글로벌,003070,25,OK,,단일판매ㆍ공급계약체결              (+5) | 단일판매ㆍ공급계약체결              (+5) | [기재정정]단일판매ㆍ공급계약체결              (+5) | 단일판매ㆍ공급계약체결              (+5) | [기재정정]단일판매ㆍ공급계약체결              (+5),주요사항보고서(자기주식처분결정)(-10),2026-07-16: 타인에대한채무보증결정               | 2026-07-15: 단일판매ㆍ공급계약체결               | 2026-07-13: 투자판단관련주요경영사항               | 2026-07-13: 단일판매ㆍ공급계약체결               | 2026-07-09: [기재정정]단일판매ㆍ공급계약체결              ,13
티에스아이,277880,30,OK,,[기재정정]단일판매ㆍ공급계약체결              (+5) | [기재정정]단일판매ㆍ공급계약체결              (+5) | [기재정정]단일판매ㆍ공급계약체결              (+5) | [기재정정]단일판매ㆍ공급계약체결              (+5) | [기재정정]단일판매ㆍ공급계약체결              (+5),,2026-07-14: [기재정정]단일판매ㆍ공급계약체결               | 2026-07-01: 임원ㆍ주요주주특정증권등소유상황보고서 | 2026-06-30: [기재정정]단일판매ㆍ공급계약체결               | 2026-06-29: [기재정정]단일판매ㆍ공급계약체결               | 2026-06-29: [기재정정]단일판매ㆍ공급계약체결              ,9
동부건설,005960,30,OK,,단일판매ㆍ공급계약체결              (+5) | 단일판매ㆍ공급계약체결              (+5) | 단일판매ㆍ공급계약체결              (+5) | [기재정정]단일판매ㆍ공급계약체결              (+5) | [기재정정]단일판매ㆍ공급계약체결              (+5),,2026-07-02: 단일판매ㆍ공급계약체결               | 2026-06-30: 단일판매ㆍ공급계약체결               | 2026-06-30: 단일판매ㆍ공급계약체결               | 2026-06-26: [기재정정]단일판매ㆍ공급계약체결               | 2026-06-26: [기재정정]단일판매ㆍ공급계약체결              ,8
DL이앤씨,375500,30,OK,,[기재정정]단일판매ㆍ공급계약체결              (+5) | [기재정정]단일판매ㆍ공급계약체결              (+5) | 단일판매ㆍ공급계약체결              (+5) | 단일판매ㆍ공급계약체결              (+5) | 단일판매ㆍ공급계약체결              (+5),,2026-07-16: 투자판단관련주요경영사항               | 2026-07-14: [기재정정]단일판매ㆍ공급계약체결               | 2026-07-13: [기재정정]단일판매ㆍ공급계약체결               | 2026-07-10: 단일판매ㆍ공급계약체결               | 2026-07-06: 단일판매ㆍ공급계약체결              ,15
HD한국조선해양,009540,31,OK,,영업(잠정)실적(공정공시)              (+3) | 영업(잠정)실적(공정공시)(자회사의 주요경영사항)              (+3) | 단일판매ㆍ공급계약체결(자회사의 주요경영사항)              (+5) | 단일판매ㆍ공급계약체결(자회사의 주요경영사항)              (+5) | 단일판매ㆍ공급계약체결(자회사의 주요경영사항)              (+5),,2026-07-16: 영업(잠정)실적(공정공시)               | 2026-07-16: 영업(잠정)실적(공정공시)(자회사의 주요경영사항)               | 2026-07-13: 단일판매ㆍ공급계약체결(자회사의 주요경영사항)               | 2026-07-10: 중대재해발생(종속회사의주요경영사항)               | 2026-07-09: 단일판매ㆍ공급계약체결(자회사의 주요경영사항)              ,13
삼호개발,010960,45,OK,,[기재정정]단일판매ㆍ공급계약체결              (+5) | [기재정정]단일판매ㆍ공급계약체결              (+5) | [기재정정]단일판매ㆍ공급계약체결              (+5) | [기재정정]단일판매ㆍ공급계약체결              (+5) | [기재정정]단일판매ㆍ공급계약체결              (+5),,2026-07-13: [기재정정]단일판매ㆍ공급계약체결               | 2026-07-07: 임원ㆍ주요주주특정증권등소유상황보고서 | 2026-07-07: 최대주주등소유주식변동신고서               | 2026-07-07: 주식등의대량보유상황보고서(일반) | 2026-07-06: [기재정정]단일판매ㆍ공급계약체결              ,13
한전산업,130660,50,OK,,[기재정정]단일판매ㆍ공급계약체결              (+5) | [기재정정]단일판매ㆍ공급계약체결              (+5) | [기재정정]단일판매ㆍ공급계약체결              (+5) | [기재정정]단일판매ㆍ공급계약체결(자율공시)              (+5) | [기재정정]단일판매ㆍ공급계약체결              (+5),,2026-07-08: [기재정정]단일판매ㆍ공급계약체결               | 2026-07-07: 사외이사의선임ㆍ해임또는중도퇴임에관한신고 | 2026-07-07: 임시주주총회결과               | 2026-07-02: 사외이사의선임ㆍ해임또는중도퇴임에관한신고 | 2026-06-29: [기재정정]단일판매ㆍ공급계약체결              ,14
스피어,347700,50,🚨 YES,유상증자결정(종속회사의주요경영사항)              ,[기재정정]단일판매ㆍ공급계약체결              (+5) | [기재정정]단일판매ㆍ공급계약체결              (+5) | [기재정정]단일판매ㆍ공급계약체결              (+5) | [기재정정]단일판매ㆍ공급계약체결              (+5) | [기재정정]단일판매ㆍ공급계약체결              (+5),유상증자결정(종속회사의주요경영사항)              (-15),2026-07-14: [기재정정]단일판매ㆍ공급계약체결               | 2026-07-14: [기재정정]단일판매ㆍ공급계약체결               | 2026-07-08: [기재정정]단일판매ㆍ공급계약체결               | 2026-07-07: [기재정정]단일판매ㆍ공급계약체결               | 2026-07-06: [기재정정]단일판매ㆍ공급계약체결              ,17
