종목명,종목코드,DART점수,Tier1발동,Tier1,호재내역,악재내역,최근공시,공시건수
한국유니온제약,080720,-220,🚨 YES,[기재정정]주요사항보고서(유상증자결정) | [기재정정]주요사항보고서(감자결정) | [기재정정]주요사항보고서(유상증자결정),,[기재정정]주요사항보고서(유상증자결정)(-15) | [기재정정]주요사항보고서(감자결정)(-20) | [기재정정]주요사항보고서(유상증자결정)(-15) | [기재정정]주요사항보고서(감자결정)(-20) | [기재정정]주요사항보고서(감자결정)(-20),2026-07-29: [기재정정]주요사항보고서(유상증자결정) | 2026-07-29: [기재정정]주요사항보고서(감자결정) | 2026-07-29: [기재정정]주요사항보고서(유상증자결정) | 2026-07-23: [기재정정]감자완료               | 2026-07-23: [기재정정]주요사항보고서(감자결정),21
알엔티엑스,123010,-210,🚨 YES,[기재정정]주요사항보고서(유상증자결정) | 주권매매거래정지해제              (액면병합 주권 변경상장) | [기재정정]주요사항보고서(유상증자결정),,[기재정정]주요사항보고서(유상증자결정)(-15) | 주권매매거래정지해제              (액면병합 주권 변경상장)(-30) | [기재정정]주요사항보고서(유상증자결정)(-15) | [기재정정]주요사항보고서(유상증자결정)(-15) | [기재정정]주요사항보고서(전환사채권발행결정)(-15),2026-07-24: 증권발행결과(자율공시)               | 2026-07-24: [기재정정]주요사항보고서(유상증자결정) | 2026-07-24: 주권매매거래정지해제              (액면병합 주권 변경상장) | 2026-07-24: [기재정정]주요사항보고서(유상증자결정) | 2026-07-24: [기재정정]주요사항보고서(유상증자결정),22
CSA 코스믹,083660,-172,🚨 YES,[기재정정]주요사항보고서(전환사채권발행결정) | [기재정정]주요사항보고서(유상증자결정) | [기재정정]주요사항보고서(유상증자결정),[기재정정]주식분할결정              (+3),"[기재정정]주요사항보고서(전환사채권발행결정)(-15) | [기재정정]주요사항보고서(유상증자결정)(-15) | [기재정정]주요사항보고서(유상증자결정)(-15) | [기재정정]주요사항보고서(전환사채권발행결정)(-15) | 주권매매거래정지              (주식의 병합, 분할 등 전자등록 변경, 말소)(-30)",2026-07-20: 감자완료               | 2026-07-15: [기재정정]주요사항보고서(전환사채권발행결정) | 2026-07-15: [기재정정]주요사항보고서(유상증자결정) | 2026-07-15: [기재정정]주요사항보고서(유상증자결정) | 2026-07-15: [기재정정]주식매수선택권부여에관한신고,16
다보링크,340360,-135,🚨 YES,[기재정정]주요사항보고서(유상증자결정) | [기재정정]주요사항보고서(전환사채권발행결정) | [기재정정]주요사항보고서(유상증자결정),,[기재정정]주요사항보고서(유상증자결정)(-15) | [기재정정]주요사항보고서(전환사채권발행결정)(-15) | [기재정정]최대주주변경을수반하는주식양수도계약체결              (-5) | [기재정정]주요사항보고서(유상증자결정)(-15) | [기재정정]주요사항보고서(유상증자결정)(-15),2026-07-29: 증권발행결과(자율공시)              (제3자배정 유상증자) | 2026-07-29: 소액공모실적보고서 | 2026-07-24: [기재정정]주요사항보고서(유상증자결정) | 2026-07-24: [기재정정]주요사항보고서(전환사채권발행결정) | 2026-07-23: 주식등의대량보유상황보고서(일반),27
에스아이리소스,065420,-135,🚨 YES,"주권매매거래정지              (주식의 병합, 분할 등 전자등록 변경, 말소) | [기재정정]주요사항보고서(유상증자결정) | [기재정정]주요사항보고서(유상증자결정)",[기재정정]단일판매ㆍ공급계약체결              (+5),"주권매매거래정지              (주식의 병합, 분할 등 전자등록 변경, 말소)(-30) | [기재정정]주요사항보고서(유상증자결정)(-15) | [기재정정]주요사항보고서(유상증자결정)(-15) | 투자판단관련주요경영사항              (대표이사 및 사내이사에 대한 횡령·배임 고소 접수)(-25) | 투자판단관련주요경영사항              (대표이사 및 사내이사에 대한 횡령·배임 고소 접수)(-25)","2026-07-27: 주권매매거래정지              (주식의 병합, 분할 등 전자등록 변경, 말소) | 2026-07-22: 소송등의판결ㆍ결정               | 2026-07-20: [기재정정]단일판매ㆍ공급계약체결               | 2026-07-20: 기타주요경영사항              (소액공모 제3자배정 유상증자 결정 철회) | 2026-07-20: [기재정정]주요사항보고서(유상증자결정)",14
블루산업개발,006740,-120,🚨 YES,주요사항보고서(유상증자결정) | [기재정정]주요사항보고서(유상증자결정) | [기재정정]주요사항보고서(유상증자결정),,주요사항보고서(유상증자결정)(-15) | [기재정정]주요사항보고서(유상증자결정)(-15) | [기재정정]주요사항보고서(유상증자결정)(-15) | [기재정정]주요사항보고서(유상증자결정)(-15) | 주요사항보고서(전환사채권발행결정)(-15),2026-07-24: 주요사항보고서(유상증자결정) | 2026-07-22: 임시주주총회결과               | 2026-07-16: 주식등의대량보유상황보고서(일반) | 2026-07-13: [기재정정]주요사항보고서(유상증자결정) | 2026-07-13: [기재정정]주요사항보고서(유상증자결정),20
한울앤제주,276730,-111,🚨 YES,"주권매매거래정지              (주식의 병합, 분할 등 전자등록 변경, 말소) | [기재정정]주요사항보고서(전환사채권발행결정) | [기재정정]주요사항보고서(전환사채권발행결정)",[기재정정]주식분할결정              (+3) | [기재정정]주식분할결정              (+3) | 주식분할결정              (+3),"주권매매거래정지              (주식의 병합, 분할 등 전자등록 변경, 말소)(-30) | [기재정정]주요사항보고서(전환사채권발행결정)(-15) | [기재정정]주요사항보고서(전환사채권발행결정)(-15) | [기재정정]주요사항보고서(유상증자결정)(-15) | [기재정정]주요사항보고서(전환사채권발행결정)(-15)",2026-07-29: [기재정정]주식분할결정               | 2026-07-29: [기재정정]신주인수권행사              (제11회차) | 2026-07-28: 대표이사변경               | 2026-07-27: 신주인수권행사              (제11회차) | 2026-07-27: 전환청구권행사              (제10회차),39
더코디,224060,-105,🚨 YES,[기재정정]주요사항보고서(유상증자결정) | [기재정정]주요사항보고서(유상증자결정) | [기재정정]주요사항보고서(전환사채권발행결정),,[기재정정]주요사항보고서(유상증자결정)(-15) | [기재정정]주요사항보고서(유상증자결정)(-15) | [기재정정]주요사항보고서(전환사채권발행결정)(-15) | [기재정정]주요사항보고서(유상증자결정)(-15) | [기재정정]주요사항보고서(유상증자결정)(-15),2026-07-27: [기재정정]주요사항보고서(유상증자결정) | 2026-07-23: [기재정정]주요사항보고서(유상증자결정) | 2026-07-20: [기재정정]주요사항보고서(전환사채권발행결정) | 2026-07-15: [기재정정]주요사항보고서(유상증자결정) | 2026-07-15: [기재정정]주요사항보고서(유상증자결정),11
피엔티엠에스,257370,-100,🚨 YES,[기재정정]횡령ㆍ배임혐의발생               | [기재정정]횡령ㆍ배임혐의발생               | 횡령ㆍ배임혐의발생              ,,[기재정정]횡령ㆍ배임혐의발생              (-25) | [기재정정]횡령ㆍ배임혐의발생              (-25) | 횡령ㆍ배임혐의발생              (-25) | 횡령ㆍ배임혐의발생              (-25),2026-07-10: [기재정정]횡령ㆍ배임혐의발생               | 2026-07-09: 횡령ㆍ배임혐의발생              ,2
이렘,009730,-100,🚨 YES,[기재정정]주요사항보고서(유상증자결정) | 주권매매거래정지해제              (감자 주권 변경상장) | [기재정정]주요사항보고서(감자결정),,[기재정정]주요사항보고서(유상증자결정)(-15) | 주권매매거래정지해제              (감자 주권 변경상장)(-30) | [기재정정]주요사항보고서(감자결정)(-20) | [기재정정]주요사항보고서(유상증자결정)(-15) | [기재정정]주요사항보고서(감자결정)(-20),2026-07-22: [기재정정]주요사항보고서(유상증자결정) | 2026-07-21: 정정신고서제출요구( 2026.07.09. 제출 증권신고서(지분증권) ) | 2026-07-14: 주권매매거래정지해제              (감자 주권 변경상장) | 2026-07-14: [기재정정]감자완료               | 2026-07-14: [기재정정]주요사항보고서(감자결정),11
청보,013720,-100,🚨 YES,"주권매매거래정지해제              (감자 주권 변경상장) | 주권매매거래정지              (주식의 병합, 분할 등 전자등록 변경, 말소) | [기재정정]주요사항보고서(감자결정)",,"주권매매거래정지해제              (감자 주권 변경상장)(-30) | 주권매매거래정지              (주식의 병합, 분할 등 전자등록 변경, 말소)(-30) | [기재정정]주요사항보고서(감자결정)(-20) | [기재정정]주요사항보고서(감자결정)(-20)","2026-07-23: 주권매매거래정지해제              (감자 주권 변경상장) | 2026-07-16: 감자완료               | 2026-07-08: [기재정정]조회공시요구(현저한시황변동)에대한답변(미확정)               | 2026-07-07: 주권매매거래정지              (주식의 병합, 분할 등 전자등록 변경, 말소) | 2026-07-06: [기재정정]주요사항보고서(감자결정)",9
이엠티,232530,-90,🚨 YES,주권매매거래정지해제              (상장폐지사유 미해당) | 기타시장안내              (사업보고서 제출 및 매매거래정지 해제 안내) | 주권매매거래정지              (사업보고서 미제출),,주권매매거래정지해제              (상장폐지사유 미해당)(-30) | 기타시장안내              (사업보고서 제출 및 매매거래정지 해제 안내)(-30) | 주권매매거래정지              (사업보고서 미제출)(-30),2026-07-10: 정기주주총회결과               | 2026-07-09: 주권매매거래정지해제              (상장폐지사유 미해당) | 2026-07-09: 기타시장안내              (사업보고서 제출 및 매매거래정지 해제 안내) | 2026-07-09: 사업보고서 (2026.03) | 2026-07-09: 감사보고서제출              ,9
에이프로젠,007460,-90,🚨 YES,[기재정정]주요사항보고서(전환사채권발행결정)(자회사의 주요경영사항)              (제11회차) | 주요사항보고서(유상증자결정)(자회사의 주요경영사항)               | 주요사항보고서(전환사채권발행결정),,[기재정정]주요사항보고서(전환사채권발행결정)(자회사의 주요경영사항)              (제11회차)(-15) | 주요사항보고서(유상증자결정)(자회사의 주요경영사항)              (-15) | 주요사항보고서(전환사채권발행결정)(-15) | [기재정정]주요사항보고서(유상증자결정)(자회사의 주요경영사항)              (제3자배정)(-15) | [기재정정]주요사항보고서(유상증자결정)(자회사의 주요경영사항)              (제3자배정)(-15),2026-07-24: 주식등의대량보유상황보고서(일반) | 2026-07-24: [기재정정]주요사항보고서(전환사채권발행결정)(자회사의 주요경영사항)              (제11회차) | 2026-07-23: 유상증자또는주식관련사채등의발행결과(자율공시)               | 2026-07-16: [기재정정]주식매수선택권부여에관한신고 | 2026-07-16: 주식등의대량보유상황보고서(일반),12
푸드나무,290720,-90,🚨 YES,[기재정정]주요사항보고서(유상증자결정) | [기재정정]주요사항보고서(유상증자결정) | [기재정정]주요사항보고서(유상증자결정),,[기재정정]주요사항보고서(유상증자결정)(-15) | [기재정정]주요사항보고서(유상증자결정)(-15) | [기재정정]주요사항보고서(유상증자결정)(-15) | [기재정정]주요사항보고서(유상증자결정)(-15) | 주요사항보고서(유상증자결정)(-15),2026-07-29: [기재정정]주요사항보고서(유상증자결정) | 2026-07-29: [기재정정]주요사항보고서(유상증자결정) | 2026-07-28: 주식등의대량보유상황보고서(일반) | 2026-07-21: 증권발행결과(자율공시)              (제3자배정 유상증자) | 2026-07-20: 증권발행결과(자율공시)              (제3자배정 유상증자),9
티엔엔터테인먼트,131100,-80,🚨 YES,"주권매매거래정지              (주식의 병합, 분할 등 전자등록 변경, 말소) | 횡령ㆍ배임혐의발생               | 횡령ㆍ배임혐의발생              ",,"주권매매거래정지              (주식의 병합, 분할 등 전자등록 변경, 말소)(-30) | 횡령ㆍ배임혐의발생              (-25) | 횡령ㆍ배임혐의발생              (-25)","2026-07-27: 주권매매거래정지              (주식의 병합, 분할 등 전자등록 변경, 말소) | 2026-07-24: 횡령ㆍ배임혐의발생               | 2026-07-16: 임시주주총회결과               | 2026-07-01: 주주총회소집공고",4
딥커머스,900110,-75,🚨 YES,기타시장안내(관리종목지정우려종목)              (시가총액 200억원 미달) | 주요사항보고서(유상증자결정) | [기재정정]주요사항보고서(유상증자결정),,기타시장안내(관리종목지정우려종목)              (시가총액 200억원 미달)(-30) | 주요사항보고서(유상증자결정)(-15) | [기재정정]주요사항보고서(유상증자결정)(-15) | 주요사항보고서(유상증자결정)(-15),2026-07-29: 기타시장안내(관리종목지정우려종목)              (시가총액 200억원 미달) | 2026-07-29: 임원ㆍ주요주주특정증권등소유상황보고서 | 2026-07-29: 주식등의대량보유상황보고서(일반) | 2026-07-23: 임원ㆍ주요주주특정증권등소유상황보고서 | 2026-07-23: 주식등의대량보유상황보고서(일반),15
엔젠바이오,354200,-75,🚨 YES,[기재정정]주요사항보고서(유상증자결정) | [기재정정]주요사항보고서(유상증자결정) | 주권매매거래정지해제              (감자 주권 변경상장),,[기재정정]주요사항보고서(유상증자결정)(-15) | [기재정정]주요사항보고서(유상증자결정)(-15) | 주권매매거래정지해제              (감자 주권 변경상장)(-30) | [기재정정]주요사항보고서(유상증자결정)(-15),2026-07-29: 주식등의대량보유상황보고서(일반) | 2026-07-29: 임원ㆍ주요주주특정증권등소유상황보고서 | 2026-07-20: 권리락              (유상증자) | 2026-07-20: 투자설명서 | 2026-07-20: [발행조건확정]증권신고서(지분증권),17
삼부토건,001470,-75,🚨 YES,주요사항보고서(유상증자결정) | 주요사항보고서(감자결정) | 주요사항보고서(유상증자결정),[기재정정]단일판매ㆍ공급계약체결              (+5) | [기재정정]단일판매ㆍ공급계약체결              (+5) | [기재정정]단일판매ㆍ공급계약체결              (+5),최대주주등소유주식변동신고서(최대주주변경시)              (-5) | 최대주주변경              (-5) | 최대주주변경              (-5) | 최대주주등소유주식변동신고서(최대주주변경시)              (-5) | 주요사항보고서(유상증자결정)(-15),2026-07-15: 임원ㆍ주요주주특정증권등소유상황보고서 | 2026-07-15: 주식등의대량보유상황보고서(약식) | 2026-07-14: 유상증자또는주식관련사채등의발행결과(자율공시)               | 2026-07-14: 최대주주등소유주식변동신고서(최대주주변경시)               | 2026-07-14: 최대주주변경              ,16
시선AI,340810,-75,🚨 YES,[기재정정]주요사항보고서(유상증자결정) | [기재정정]주요사항보고서(유상증자결정) | [기재정정]주요사항보고서(유상증자결정),,[기재정정]주요사항보고서(유상증자결정)(-15) | [기재정정]주요사항보고서(유상증자결정)(-15) | [기재정정]주요사항보고서(유상증자결정)(-15) | [기재정정]주요사항보고서(유상증자결정)(-15) | 주요사항보고서(유상증자결정)(-15),2026-07-28: [기재정정]주요사항보고서(유상증자결정) | 2026-07-28: [기재정정]소액공모공시서류(지분증권) | 2026-07-24: [기재정정]주요사항보고서(유상증자결정) | 2026-07-24: 유상증자최종발행가액확정               | 2026-07-24: [기재정정]소액공모공시서류(지분증권),10
오에스피,368970,-70,🚨 YES,주요사항보고서(유상증자결정) | 기타시장안내(관리종목지정우려종목)              (시가총액 200억원 미달) | [기재정정]주요사항보고서(유상증자결정),주요사항보고서(자기주식취득결정)(+5),주요사항보고서(유상증자결정)(-15) | 기타시장안내(관리종목지정우려종목)              (시가총액 200억원 미달)(-30) | [기재정정]주요사항보고서(유상증자결정)(-15) | [기재정정]주요사항보고서(유상증자결정)(-15),2026-07-28: 주요사항보고서(유상증자결정) | 2026-07-28: 독립이사의선임ㆍ해임또는중도퇴임에관한신고 | 2026-07-28: 대표이사변경               | 2026-07-28: 임시주주총회결과               | 2026-07-24: 주요사항보고서(자기전환사채만기전취득결정),22
엑시온그룹,069920,-70,🚨 YES,주요사항보고서(유상증자결정) | [기재정정]주요사항보고서(유상증자결정) | 주요사항보고서(유상증자결정),,주요사항보고서(유상증자결정)(-15) | [기재정정]주요사항보고서(유상증자결정)(-15) | 주요사항보고서(유상증자결정)(-15) | 최대주주변경              (-5) | [기재정정]주요사항보고서(유상증자결정)(-15),2026-07-28: 주요사항보고서(유상증자결정) | 2026-07-24: [기재정정]주요사항보고서(유상증자결정) | 2026-07-23: [기재정정]주요사항보고서(자기전환사채만기전취득결정) | 2026-07-22: 주식등의대량보유상황보고서(일반) | 2026-07-22: 임원ㆍ주요주주특정증권등소유상황보고서,19
유니켐,011330,-65,🚨 YES,횡령ㆍ배임혐의발생               | 횡령ㆍ배임혐의발생               | [기재정정]주요사항보고서(유상증자결정),,횡령ㆍ배임혐의발생              (-25) | 횡령ㆍ배임혐의발생              (-25) | [기재정정]주요사항보고서(유상증자결정)(-15),2026-07-23: 횡령ㆍ배임혐의발생               | 2026-07-21: [기재정정]주요사항보고서(유상증자결정),2
제이스코홀딩스,023440,-65,🚨 YES,주요사항보고서(전환사채권발행결정) | [기재정정]주요사항보고서(전환사채권발행결정) | [기재정정]주요사항보고서(전환사채권발행결정),,주요사항보고서(전환사채권발행결정)(-15) | [기재정정]주요사항보고서(전환사채권발행결정)(-15) | [기재정정]주요사항보고서(전환사채권발행결정)(-15) | [기재정정]최대주주변경을수반하는주식담보제공계약체결              (-5) | 주요사항보고서(전환사채권발행결정)(-15),2026-07-22: 증권발행결과(자율공시)              (제6회차 CB) | 2026-07-22: 증권발행결과(자율공시)              (제5회차 CB) | 2026-07-14: 주요사항보고서(전환사채권발행결정) | 2026-07-14: [기재정정]주요사항보고서(전환사채권발행결정) | 2026-07-13: [기재정정]주요사항보고서(전환사채권발행결정),9
광진실업,026910,-65,🚨 YES,주요사항보고서(전환사채권발행결정) | 주요사항보고서(전환사채권발행결정) | 주요사항보고서(유상증자결정),,최대주주변경을수반하는주식양수도계약체결              (-5) | 주요사항보고서(전환사채권발행결정)(-15) | 주요사항보고서(전환사채권발행결정)(-15) | 주요사항보고서(유상증자결정)(-15) | 주요사항보고서(유상증자결정)(-15),2026-07-02: 최대주주변경을수반하는주식양수도계약체결               | 2026-07-02: 주요사항보고서(전환사채권발행결정) | 2026-07-02: 주요사항보고서(전환사채권발행결정) | 2026-07-02: 주주명부폐쇄기간또는기준일설정               | 2026-07-02: 주주총회소집결의              (임시주주총회),9
파라텍,033540,-65,🚨 YES,"[기재정정]주요사항보고서(전환사채권발행결정) | 주권매매거래정지              (주식의 병합, 분할 등 전자등록 변경, 말소) | [기재정정]주요사항보고서(전환사채권발행결정)",단일판매ㆍ공급계약체결              (+5) | 단일판매ㆍ공급계약체결              (+5),"[기재정정]주요사항보고서(전환사채권발행결정)(-15) | 주권매매거래정지              (주식의 병합, 분할 등 전자등록 변경, 말소)(-30) | [기재정정]주요사항보고서(전환사채권발행결정)(-15) | [기재정정]주요사항보고서(전환사채권발행결정)(-15)","2026-07-29: 주식등의대량보유상황보고서(일반) | 2026-07-29: 임원ㆍ주요주주특정증권등소유상황보고서 | 2026-07-28: [기재정정]주요사항보고서(전환사채권발행결정) | 2026-07-22: 임원ㆍ주요주주특정증권등소유상황보고서 | 2026-07-21: 주권매매거래정지              (주식의 병합, 분할 등 전자등록 변경, 말소)",10
졸스,018700,-62,🚨 YES,기타시장안내(관리종목지정우려종목)              (시가총액 200억원 미달) | 주요사항보고서(전환사채권발행결정) | [기재정정]주요사항보고서(유상증자결정),연결재무제표기준영업(잠정)실적(공정공시)              (+3),최대주주변경              (-5) | 기타시장안내(관리종목지정우려종목)              (시가총액 200억원 미달)(-30) | 주요사항보고서(전환사채권발행결정)(-15) | [기재정정]주요사항보고서(유상증자결정)(-15),2026-07-29: 증권발행결과(자율공시)              (제37회차 CB) | 2026-07-28: 최대주주변경               | 2026-07-28: 증권발행결과(자율공시)              (제3자배정 유상증자) | 2026-07-23: 연결재무제표기준영업(잠정)실적(공정공시)               | 2026-07-22: 기타시장안내(관리종목지정우려종목)              (시가총액 200억원 미달),10
플루토스,019570,-60,🚨 YES,"주권매매거래정지              (주식의 병합, 분할 등 전자등록 변경, 말소) | 주권매매거래정지해제              (감자 주권 변경상장)",,"주권매매거래정지              (주식의 병합, 분할 등 전자등록 변경, 말소)(-30) | 주권매매거래정지해제              (감자 주권 변경상장)(-30)","2026-07-10: 주식등의대량보유상황보고서(약식) | 2026-07-07: 전환사채(해외전환사채포함)발행후만기전사채취득               | 2026-07-06: 주권매매거래정지              (주식의 병합, 분할 등 전자등록 변경, 말소) | 2026-07-03: 주권매매거래정지해제              (감자 주권 변경상장) | 2026-07-01: 전환사채(해외전환사채포함)발행후만기전사채취득              ",5
예선테크,250930,-60,🚨 YES,기타시장안내(관리종목지정우려종목)              (시가총액 200억원 미달) | 주권매매거래정지해제              (액면병합 주권 변경상장),,기타시장안내(관리종목지정우려종목)              (시가총액 200억원 미달)(-30) | 주권매매거래정지해제              (액면병합 주권 변경상장)(-30),2026-07-23: 기타시장안내(관리종목지정우려종목)              (시가총액 200억원 미달) | 2026-07-22: 주권매매거래정지해제              (액면병합 주권 변경상장),2
리가켐바이오,141080,-60,🚨 YES,[기재정정]주요사항보고서(전환사채권발행결정) | [기재정정]주요사항보고서(유상증자결정) | [기재정정]주요사항보고서(전환사채권발행결정),,[기재정정]주요사항보고서(전환사채권발행결정)(-15) | [기재정정]주요사항보고서(유상증자결정)(-15) | [기재정정]주요사항보고서(전환사채권발행결정)(-15) | [기재정정]주요사항보고서(유상증자결정)(-15),2026-07-24: 임원ㆍ주요주주특정증권등소유상황보고서 | 2026-07-24: 주식등의대량보유상황보고서(일반) | 2026-07-24: 증권발행결과(자율공시)               | 2026-07-24: 증권발행결과(자율공시)               | 2026-07-22: [기재정정]주요사항보고서(전환사채권발행결정),10
코퍼스코리아,322780,-60,🚨 YES,[기재정정]주요사항보고서(유상증자결정) | [기재정정]주요사항보고서(유상증자결정) | 주요사항보고서(전환사채권발행결정),,[기재정정]주요사항보고서(유상증자결정)(-15) | [기재정정]주요사항보고서(유상증자결정)(-15) | 주요사항보고서(전환사채권발행결정)(-15) | 주요사항보고서(유상증자결정)(-15),2026-07-29: 주식등의대량보유상황보고서(일반) | 2026-07-29: 주식등의대량보유상황보고서(약식) | 2026-07-27: 주요사항보고서(소송등의제기) | 2026-07-24: 증권발행결과(자율공시)              (제5회차 CB) | 2026-07-16: 주요사항보고서(소송등의제기),19
한양증권,001750,-60,🚨 YES,[기재정정]주요사항보고서(유상증자결정) | [첨부정정]주요사항보고서(유상증자결정) | [기재정정]주요사항보고서(유상증자결정),,[기재정정]주요사항보고서(유상증자결정)(-15) | [첨부정정]주요사항보고서(유상증자결정)(-15) | [기재정정]주요사항보고서(유상증자결정)(-15) | [첨부정정]주요사항보고서(유상증자결정)(-15),2026-07-27: 임원ㆍ주요주주특정증권등소유상황보고서 | 2026-07-16: [기재정정]주요사항보고서(유상증자결정) | 2026-07-16: [첨부정정]주요사항보고서(유상증자결정) | 2026-07-16: 최대주주등소유주식변동신고서               | 2026-07-16: 주식등의대량보유상황보고서(일반),14
덕신이피씨,090410,-60,🚨 YES,"[기재정정]주권매매거래정지               | 주권매매거래정지              (주식의 병합, 분할 등 전자등록 변경, 말소)",,"[기재정정]주권매매거래정지              (-30) | 주권매매거래정지              (주식의 병합, 분할 등 전자등록 변경, 말소)(-30)","2026-07-28: 임시주주총회결과               | 2026-07-27: [기재정정]주권매매거래정지               | 2026-07-27: [기재정정]주주총회소집공고 | 2026-07-27: [기재정정]주식병합결정               | 2026-07-24: 주권매매거래정지              (주식의 병합, 분할 등 전자등록 변경, 말소)",7
윙입푸드,900340,-60,🚨 YES,[기재정정]주요사항보고서(유상증자결정) | [기재정정]주요사항보고서(유상증자결정) | [기재정정]주요사항보고서(유상증자결정),,[기재정정]주요사항보고서(유상증자결정)(-15) | [기재정정]주요사항보고서(유상증자결정)(-15) | [기재정정]주요사항보고서(유상증자결정)(-15) | 주요사항보고서(유상증자결정)(-15),2026-07-28: [기재정정]주요사항보고서(유상증자결정) | 2026-07-24: [기재정정]주요사항보고서(유상증자결정) | 2026-07-22: [기재정정]주요사항보고서(유상증자결정) | 2026-07-22: [기재정정]주주총회소집결의              (임시주주총회) | 2026-07-22: 주주총회소집공고,8
유틸렉스,263050,-60,🚨 YES,주권매매거래정지              (투자자 보호) | 주권매매거래정지해제              (상장폐지에 따른 정리매매 개시),,주권매매거래정지              (투자자 보호)(-30) | 주권매매거래정지해제              (상장폐지에 따른 정리매매 개시)(-30),2026-07-16: 주주명부폐쇄기간또는기준일설정               | 2026-07-16: 주주총회소집결의              (임시주주총회) | 2026-07-03: 주권매매거래정지              (투자자 보호) | 2026-07-03: 기타시장안내              (정리매매 보류 관련) | 2026-07-03: 기타경영사항(자율공시)              (상장폐지결정 효력정지 등 가처분 신청),7
덱스터,206560,-60,🚨 YES,주권매매거래정지기간변경              (상장적격성 실질심사 대상(사유발생)) | 주권매매거래정지              (풍문 또는 보도 관련),,주권매매거래정지기간변경              (상장적격성 실질심사 대상(사유발생))(-30) | 주권매매거래정지              (풍문 또는 보도 관련)(-30),2026-07-29: [기재정정]회계처리기준위반행위로인한증권선물위원회의검찰고발등               | 2026-07-23: 기타시장안내              (상장적격성 실질심사 대상결정 기한 안내) | 2026-07-23: 기타시장안내              (상장적격성 실질심사 관련 안내) | 2026-07-23: 주권매매거래정지기간변경              (상장적격성 실질심사 대상(사유발생)) | 2026-07-23: 회계처리기준위반행위로인한증권선물위원회의검찰고발등              ,7
빛과전자,069540,-60,🚨 YES,[기재정정]주요사항보고서(전환사채권발행결정) | [기재정정]주요사항보고서(전환사채권발행결정) | [기재정정]주요사항보고서(전환사채권발행결정),,[기재정정]주요사항보고서(전환사채권발행결정)(-15) | [기재정정]주요사항보고서(전환사채권발행결정)(-15) | [기재정정]주요사항보고서(전환사채권발행결정)(-15) | 주요사항보고서(전환사채권발행결정)(-15),2026-07-29: [기재정정]주요사항보고서(전환사채권발행결정) | 2026-07-28: [기재정정]주요사항보고서(전환사채권발행결정) | 2026-07-22: [기재정정]주요사항보고서(전환사채권발행결정) | 2026-07-22: 주요사항보고서(전환사채권발행결정) | 2026-07-22: 합병등종료보고서(합병),7
디젠스,113810,-60,🚨 YES,"주권매매거래정지해제              (액면병합 주권 변경상장) | 주권매매거래정지              (주식의 병합, 분할 등 전자등록 변경, 말소)",,"주권매매거래정지해제              (액면병합 주권 변경상장)(-30) | 주권매매거래정지              (주식의 병합, 분할 등 전자등록 변경, 말소)(-30)",2026-07-27: 주권매매거래정지해제              (액면병합 주권 변경상장) | 2026-07-27: 자산재평가결과(자율공시)               | 2026-07-15: 자산재평가실시결정(자율공시)               | 2026-07-08: 임원ㆍ주요주주특정증권등소유상황보고서 | 2026-07-08: 임원ㆍ주요주주특정증권등소유상황보고서,9
광명전기,017040,-60,🚨 YES,[첨부정정]주요사항보고서(감자결정) | [기재정정]주요사항보고서(감자결정) | [기재정정]주요사항보고서(감자결정),,[첨부정정]주요사항보고서(감자결정)(-20) | [기재정정]주요사항보고서(감자결정)(-20) | [기재정정]주요사항보고서(감자결정)(-20),2026-07-16: [첨부정정]주요사항보고서(감자결정) | 2026-07-16: [기재정정]주요사항보고서(감자결정) | 2026-07-16: 임시주주총회결과               | 2026-07-07: [기재정정]주요사항보고서(회생절차개시신청) | 2026-07-01: [기재정정]주요사항보고서(감자결정),9
파이온엑스,900100,-60,🚨 YES,기타시장안내(관리종목지정우려종목)              (시가총액 200억원 미달) | [기재정정]주요사항보고서(전환사채권발행결정) | [기재정정]주요사항보고서(전환사채권발행결정),,기타시장안내(관리종목지정우려종목)              (시가총액 200억원 미달)(-30) | [기재정정]주요사항보고서(전환사채권발행결정)(-15) | [기재정정]주요사항보고서(전환사채권발행결정)(-15),2026-07-29: 조회공시요구(현저한시황변동)에대한답변(미확정)               | 2026-07-28: 기타시장안내(관리종목지정우려종목)              (시가총액 200억원 미달) | 2026-07-28: 조회공시요구(현저한시황변동)               | 2026-07-22: [기재정정]주요사항보고서(전환사채권발행결정) | 2026-07-20: 금전대여결정              ,7
주성코퍼레이션,109070,-60,🚨 YES,주요사항보고서(유상증자결정) | 주요사항보고서(전환사채권발행결정) | 매매거래정지및정지해제(중요내용공시)              ,,주요사항보고서(유상증자결정)(-15) | 주요사항보고서(전환사채권발행결정)(-15) | 매매거래정지및정지해제(중요내용공시)              (-30),2026-07-28: 임원ㆍ주요주주특정증권등소유상황보고서 | 2026-07-22: 의결권대리행사권유참고서류 | 2026-07-22: 주주총회소집공고 | 2026-07-09: [기재정정]주주총회소집결의               | 2026-07-09: 주요사항보고서(유상증자결정),11
루트K,195990,-60,🚨 YES,"주권매매거래정지해제              (액면병합 주권 변경상장) | 주권매매거래정지              (주식의 병합, 분할 등 전자등록 변경, 말소)",,"주권매매거래정지해제              (액면병합 주권 변경상장)(-30) | 주권매매거래정지              (주식의 병합, 분할 등 전자등록 변경, 말소)(-30)","2026-07-29: 주권매매거래정지해제              (액면병합 주권 변경상장) | 2026-07-07: 주권매매거래정지              (주식의 병합, 분할 등 전자등록 변경, 말소)",2
조이웍스앤코,309930,-60,🚨 YES,기타시장안내(관리종목지정우려종목)              (시가총액 200억원 미달) | [기재정정]주요사항보고서(전환사채권발행결정) | 주요사항보고서(전환사채권발행결정),,기타시장안내(관리종목지정우려종목)              (시가총액 200억원 미달)(-30) | [기재정정]주요사항보고서(전환사채권발행결정)(-15) | 주요사항보고서(전환사채권발행결정)(-15),2026-07-28: 기타시장안내(관리종목지정우려종목)              (시가총액 200억원 미달) | 2026-07-28: 임원ㆍ주요주주특정증권등소유상황보고서 | 2026-07-27: 증권발행결과(자율공시)               | 2026-07-23: 주요사항보고서(자기전환사채만기전취득결정) | 2026-07-23: [기재정정]주요사항보고서(전환사채권발행결정),14
케이지에이,455180,-60,🚨 YES,[기재정정]주요사항보고서(유상증자결정) | [기재정정]주요사항보고서(유상증자결정) | [기재정정]주요사항보고서(유상증자결정),,[기재정정]주요사항보고서(유상증자결정)(-15) | [기재정정]주요사항보고서(유상증자결정)(-15) | [기재정정]주요사항보고서(유상증자결정)(-15) | [기재정정]주요사항보고서(유상증자결정)(-15),2026-07-28: 주식등의대량보유상황보고서(약식) | 2026-07-20: 소액공모실적보고서 | 2026-07-20: 증권발행결과(자율공시)              (제3자배정 유상증자-소액공모) | 2026-07-15: [기재정정]소액공모공시서류(지분증권) | 2026-07-15: [기재정정]소액공모공시서류(지분증권),17
알파AI,043100,-60,🚨 YES,주권매매거래정지기간변경              (회생절차 개시결정) | [기재정정]주요사항보고서(전환사채권발행결정) | [기재정정]주요사항보고서(전환사채권발행결정),,주권매매거래정지기간변경              (회생절차 개시결정)(-30) | [기재정정]주요사항보고서(전환사채권발행결정)(-15) | [기재정정]주요사항보고서(전환사채권발행결정)(-15),2026-07-21: [기재정정]사업보고서 (2025.12) | 2026-07-03: 주권매매거래정지기간변경              (회생절차 개시결정) | 2026-07-03: 회생절차개시결정               | 2026-06-30: [기재정정]타법인주식및출자증권취득결정               | 2026-06-30: [기재정정]주요사항보고서(전환사채권발행결정),8
인크레더블버즈,064090,-60,🚨 YES,주권매매거래정지              (투자자 보호) | 주권매매거래정지해제              (상장폐지에 따른 정리매매 개시),,주권매매거래정지              (투자자 보호)(-30) | 주권매매거래정지해제              (상장폐지에 따른 정리매매 개시)(-30),2026-07-03: 기타시장안내              (정리매매 보류 관련) | 2026-07-03: 주권매매거래정지              (투자자 보호) | 2026-07-03: 기타경영사항(자율공시)              (상장폐지효력 정지 가처분 신청) | 2026-07-02: 주권매매거래정지해제              (상장폐지에 따른 정리매매 개시) | 2026-07-02: 기타시장안내              (코스닥시장위원회 개최 결과 및 상장폐지 결정 안내),5
비비안,002070,-60,🚨 YES,매매거래정지및정지해제(중요내용공시)               | [기재정정]주요사항보고서(유상증자결정) | [기재정정]주요사항보고서(유상증자결정),,매매거래정지및정지해제(중요내용공시)              (-30) | [기재정정]주요사항보고서(유상증자결정)(-15) | [기재정정]주요사항보고서(유상증자결정)(-15),2026-07-15: 주주총회소집공고 | 2026-07-15: [기재정정]주주총회소집결의               | 2026-07-15: 주요사항보고서(무상증자결정) | 2026-07-15: 매매거래정지및정지해제(중요내용공시)               | 2026-07-15: [기재정정]주요사항보고서(유상증자결정),6
KNN,058400,-60,🚨 YES,"주권매매거래정지해제              (액면병합 주권 변경상장) | 주권매매거래정지              (주식의 병합, 분할 등 전자등록 변경, 말소)",,"주권매매거래정지해제              (액면병합 주권 변경상장)(-30) | 주권매매거래정지              (주식의 병합, 분할 등 전자등록 변경, 말소)(-30)","2026-07-27: 주권매매거래정지해제              (액면병합 주권 변경상장) | 2026-06-30: 주권매매거래정지              (주식의 병합, 분할 등 전자등록 변경, 말소)",2
대진첨단소재,393970,-57,🚨 YES,주권매매거래정지해제              (상장폐지에 따른 정리매매 개시) | [기재정정]주요사항보고서(전환사채권발행결정) | [첨부정정]주요사항보고서(전환사채권발행결정),[기재정정]주요사항보고서(회사합병결정)(+3),주권매매거래정지해제              (상장폐지에 따른 정리매매 개시)(-30) | [기재정정]주요사항보고서(전환사채권발행결정)(-15) | [첨부정정]주요사항보고서(전환사채권발행결정)(-15),2026-07-29: 주권매매거래정지해제              (상장폐지에 따른 정리매매 개시) | 2026-07-29: 기타시장안내              (코스닥시장위원회 개최 결과 및 상장폐지 결정 안내) | 2026-07-24: [기재정정]주주총회소집공고 | 2026-07-24: [기재정정]주주총회소집공고 | 2026-07-24: [기재정정]주주총회소집결의              (임시주주총회),13
이마트,139480,-57,🚨 YES,횡령ㆍ배임사실확인               | 횡령ㆍ배임사실확인              ,영업(잠정)실적(공정공시)              (+3),[기재정정]주요사항보고서(자기주식처분결정)(-10) | 횡령ㆍ배임사실확인              (-25) | 횡령ㆍ배임사실확인              (-25),2026-07-23: 자기주식처분결과보고서 | 2026-07-23: 증권발행실적보고서(합병등) | 2026-07-16: [기재정정]주요사항보고서(주식교환ㆍ이전결정) | 2026-07-16: [기재정정]주요사항보고서(자기주식처분결정) | 2026-07-13: 횡령ㆍ배임사실확인              ,7
유진테크놀로지,240600,-57,🚨 YES,기타시장안내(관리종목지정우려종목)              (시가총액 200억원 미달) | 주권매매거래정지              (무상증자),연결재무제표기준영업(잠정)실적(공정공시)              (+3),기타시장안내(관리종목지정우려종목)              (시가총액 200억원 미달)(-30) | 주권매매거래정지              (무상증자)(-30),2026-07-28: 기타시장안내(관리종목지정우려종목)              (시가총액 200억원 미달) | 2026-07-28: 권리락              (무상증자) | 2026-07-23: 연결재무제표기준영업(잠정)실적(공정공시)               | 2026-07-13: 주주명부폐쇄기간또는기준일설정               | 2026-07-13: 주요사항보고서(무상증자결정),6
씨엑스아이,900120,-55,🚨 YES,기타시장안내(관리종목지정우려종목)              (시가총액 200억원 미달) | 주요사항보고서(유상증자결정) | 주요사항보고서(유상증자결정),단일판매ㆍ공급계약체결(자회사의 주요경영사항)              (+5),기타시장안내(관리종목지정우려종목)              (시가총액 200억원 미달)(-30) | 주요사항보고서(유상증자결정)(-15) | 주요사항보고서(유상증자결정)(-15),2026-07-27: 기타시장안내(관리종목지정우려종목)              (시가총액 200억원 미달) | 2026-07-27: 단일판매ㆍ공급계약체결(자회사의 주요경영사항)               | 2026-07-27: 주주총회소집공고 | 2026-07-21: 임원ㆍ주요주주특정증권등거래계획보고서 | 2026-07-21: 주식병합결정              ,19
제이케이시냅스,060230,-50,🚨 YES,주요사항보고서(유상증자결정) | 주권매매거래정지해제              (액면병합 주권 변경상장),,최대주주변경              (-5) | 주요사항보고서(유상증자결정)(-15) | 주권매매거래정지해제              (액면병합 주권 변경상장)(-30),2026-07-29: 주주명부폐쇄기간또는기준일설정               | 2026-07-29: 주주총회소집결의              (임시주주총회) | 2026-07-28: 최대주주변경               | 2026-07-28: 증권발행결과(자율공시)              (제3자배정 유상증자) | 2026-07-27: 주식등의대량보유상황보고서(일반),12
휴엠앤씨,263920,-50,🚨 YES,횡령ㆍ배임혐의진행사항               | 횡령ㆍ배임혐의진행사항              ,,횡령ㆍ배임혐의진행사항              (-25) | 횡령ㆍ배임혐의진행사항              (-25),2026-07-03: 횡령ㆍ배임혐의진행사항              ,1
삼영이엔씨,065570,-50,🚨 YES,횡령ㆍ배임혐의진행사항               | 횡령ㆍ배임혐의진행사항              ,,횡령ㆍ배임혐의진행사항              (-25) | 횡령ㆍ배임혐의진행사항              (-25),2026-07-13: 횡령ㆍ배임혐의진행사항               | 2026-07-01: 기타시장안내              (기업심사위원회 개최 결과 및 심의속행 결정 안내),2
원익머트리얼즈,104830,-50,🚨 YES,횡령ㆍ배임혐의진행사항               | 횡령ㆍ배임혐의진행사항              ,,횡령ㆍ배임혐의진행사항              (-25) | 횡령ㆍ배임혐의진행사항              (-25),2026-07-10: 주식등의대량보유상황보고서(약식) | 2026-07-02: 횡령ㆍ배임혐의진행사항              ,2
헝셩그룹,900270,-50,🚨 YES,[기재정정]주요사항보고서(유상증자결정) | 주권매매거래정지              (주식병합),,최대주주변경              (-5) | [기재정정]주요사항보고서(유상증자결정)(-15) | 주권매매거래정지              (주식병합)(-30),2026-07-28: 최대주주변경               | 2026-07-28: 증권발행결과(자율공시)              (제3자배정 유상증자) | 2026-07-24: [기재정정]주요사항보고서(유상증자결정) | 2026-07-16: 주권매매거래정지              (주식병합) | 2026-07-08: 임시주주총회결과              ,5
메디콕스,054180,-50,🚨 YES,횡령ㆍ배임혐의진행사항               | 횡령ㆍ배임혐의진행사항              ,,횡령ㆍ배임혐의진행사항              (-25) | 횡령ㆍ배임혐의진행사항              (-25),2026-07-16: 타인에대한채무보증결정               | 2026-07-16: 타인에대한담보제공결정               | 2026-06-30: 횡령ㆍ배임혐의진행사항              ,3
이브이첨단소재,131400,-50,🚨 YES,주요사항보고서(감자결정) | 주권매매거래정지              (자본감소),,주요사항보고서(감자결정)(-20) | 주권매매거래정지              (자본감소)(-30),2026-07-13: 주주명부폐쇄기간또는기준일설정               | 2026-07-13: 주주총회소집결의              (임시주주총회) | 2026-07-13: 주요사항보고서(감자결정) | 2026-07-13: 주권매매거래정지              (자본감소) | 2026-07-09: 전환사채(해외전환사채포함)발행후만기전사채취득              ,5
올릭스,226950,-45,🚨 YES,[기재정정]주요사항보고서(유상증자결정) | 주요사항보고서(유상증자결정) | [기재정정]주요사항보고서(유상증자결정),,[기재정정]주요사항보고서(유상증자결정)(-15) | 주요사항보고서(유상증자결정)(-15) | [기재정정]주요사항보고서(유상증자결정)(-15),2026-07-16: [기재정정]의결권대리행사권유참고서류 | 2026-07-16: [기재정정]주주총회소집공고 | 2026-07-15: 의결권대리행사권유참고서류 | 2026-07-15: 주주총회소집공고 | 2026-07-15: 주주총회소집결의              (임시주주총회),12
인산가,277410,-45,🚨 YES,주요사항보고서(유상증자결정) | 주권매매거래정지해제              (액면병합 주권 변경상장),,주요사항보고서(유상증자결정)(-15) | 주권매매거래정지해제              (액면병합 주권 변경상장)(-30),2026-07-29: 주식등의대량보유상황보고서(일반) | 2026-07-23: 신주인수권부사채(해외신주인수권부사채포함)발행후만기전사채취득               | 2026-07-22: 주요사항보고서(유상증자결정) | 2026-07-10: 주권매매거래정지해제              (액면병합 주권 변경상장) | 2026-07-07: 임원ㆍ주요주주특정증권등소유상황보고서,9
퓨쳐메디신,341170,-45,🚨 YES,기타주요경영사항              (유상증자결정(제3자배정) 철회) | [기재정정]주요사항보고서(유상증자결정) | [기재정정]주요사항보고서(유상증자결정),,기타주요경영사항              (유상증자결정(제3자배정) 철회)(-15) | [기재정정]주요사항보고서(유상증자결정)(-15) | [기재정정]주요사항보고서(유상증자결정)(-15),2026-07-28: 불성실공시법인지정              (공시번복 2건) | 2026-07-09: 불성실공시법인지정예고              (공시번복 2건) | 2026-07-03: 기타주요경영사항              (유상증자결정(제3자배정) 철회) | 2026-07-03: [기재정정]주요사항보고서(유상증자결정) | 2026-07-03: [기재정정]주요사항보고서(유상증자결정),5
코아스,071950,-45,🚨 YES,[기재정정]주요사항보고서(전환사채권발행결정) | [기재정정]주요사항보고서(유상증자결정) | [기재정정]주요사항보고서(유상증자결정),,[기재정정]주요사항보고서(전환사채권발행결정)(-15) | [기재정정]주요사항보고서(유상증자결정)(-15) | [기재정정]주요사항보고서(유상증자결정)(-15),2026-07-29: 주식등의대량보유상황보고서(약식) | 2026-07-29: 소송등의판결ㆍ결정(자율공시:일정금액미만의청구)               | 2026-07-23: 소송등의제기ㆍ신청(자율공시:일정금액미만의청구)               | 2026-07-22: [기재정정]주요사항보고서(전환사채권발행결정) | 2026-07-22: 유상증자또는주식관련사채등의발행결과(자율공시)              ,11
이오플로우,294090,-45,🚨 YES,주요사항보고서(유상증자결정) | 주권매매거래정지기간변경              (상장적격성 실질심사 대상 결정),,주요사항보고서(유상증자결정)(-15) | 주권매매거래정지기간변경              (상장적격성 실질심사 대상 결정)(-30),2026-07-29: 주요사항보고서(유상증자결정) | 2026-07-22: 기타시장안내              (개선계획서 제출) | 2026-06-30: 주권매매거래정지기간변경              (상장적격성 실질심사 대상 결정) | 2026-06-30: 기타시장안내              (상장적격성 실질심사 대상 결정),4
앱튼,270520,-45,🚨 YES,[기재정정]주요사항보고서(전환사채권발행결정) | [기재정정]주요사항보고서(유상증자결정) | [기재정정]주요사항보고서(유상증자결정),,[기재정정]주요사항보고서(전환사채권발행결정)(-15) | [기재정정]주요사항보고서(유상증자결정)(-15) | [기재정정]주요사항보고서(유상증자결정)(-15),2026-07-29: [기재정정]주주총회소집결의              (임시주주총회) | 2026-07-24: 증권발행결과(자율공시)              (제11회차 CB) | 2026-07-24: 증권발행결과(자율공시)              (제10회차 CB) | 2026-07-24: [기재정정]주요사항보고서(전환사채권발행결정) | 2026-07-24: 주식등의대량보유상황보고서(일반),18
캔버스엔,210120,-45,🚨 YES,[기재정정]주요사항보고서(전환사채권발행결정) | [기재정정]주요사항보고서(전환사채권발행결정) | [기재정정]주요사항보고서(유상증자결정),,[기재정정]주요사항보고서(전환사채권발행결정)(-15) | [기재정정]주요사항보고서(전환사채권발행결정)(-15) | [기재정정]주요사항보고서(유상증자결정)(-15),2026-07-28: [기재정정]주주총회소집결의              (임시주주총회) | 2026-07-28: [기재정정]주식병합결정               | 2026-07-23: [기재정정]주주총회소집결의              (임시주주총회) | 2026-07-21: [기재정정]주식병합결정               | 2026-07-20: [기재정정]주요사항보고서(전환사채권발행결정),12
엣지파운드리,105550,-45,🚨 YES,"[기재정정]주요사항보고서(유상증자결정) | 주권매매거래정지              (주식의 병합, 분할 등 전자등록 변경, 말소)",,"[기재정정]주요사항보고서(유상증자결정)(-15) | 주권매매거래정지              (주식의 병합, 분할 등 전자등록 변경, 말소)(-30)","2026-07-16: 증권신고서(지분증권) | 2026-07-16: [기재정정]주요사항보고서(유상증자결정) | 2026-07-15: 주권매매거래정지              (주식의 병합, 분할 등 전자등록 변경, 말소) | 2026-07-09: 주식등의대량보유상황보고서(약식) | 2026-07-07: 주식등의대량보유상황보고서(일반)",6
형지I&C,011080,-45,🚨 YES,기타시장안내(관리종목지정우려종목)              (시가총액 200억원 미달) | [기재정정]주요사항보고서(유상증자결정),,기타시장안내(관리종목지정우려종목)              (시가총액 200억원 미달)(-30) | [기재정정]주요사항보고서(유상증자결정)(-15),2026-07-28: 임원ㆍ주요주주특정증권등소유상황보고서 | 2026-07-28: 임원ㆍ주요주주특정증권등소유상황보고서 | 2026-07-28: 임원ㆍ주요주주특정증권등소유상황보고서 | 2026-07-27: 기타시장안내(관리종목지정우려종목)              (시가총액 200억원 미달) | 2026-07-20: 증권발행실적보고서,15
핑거스토리,417180,-45,🚨 YES,기타시장안내(관리종목지정우려종목)              (시가총액 200억원 미달) | [기재정정]주요사항보고서(유상증자결정),,기타시장안내(관리종목지정우려종목)              (시가총액 200억원 미달)(-30) | [기재정정]주요사항보고서(유상증자결정)(-15),2026-07-29: 기타시장안내(관리종목지정우려종목)              (시가총액 200억원 미달) | 2026-07-27: 임원ㆍ주요주주특정증권등소유상황보고서 | 2026-07-27: 주식등의대량보유상황보고서(일반) | 2026-07-20: 증권발행결과(자율공시)               | 2026-06-30: [기재정정]주요사항보고서(유상증자결정),5
한창,005110,-45,🚨 YES,[기재정정]주요사항보고서(전환사채권발행결정) | [기재정정]주요사항보고서(전환사채권발행결정) | [기재정정]주요사항보고서(유상증자결정),,[기재정정]주요사항보고서(전환사채권발행결정)(-15) | [기재정정]주요사항보고서(전환사채권발행결정)(-15) | [기재정정]주요사항보고서(유상증자결정)(-15),2026-07-13: 소송등의판결ㆍ결정(일정금액이상의청구)               | 2026-07-03: 벌금등의부과               | 2026-06-30: 소송등의판결ㆍ결정(일정금액이상의청구)               | 2026-06-30: [기재정정]주요사항보고서(전환사채권발행결정) | 2026-06-30: [기재정정]주요사항보고서(전환사채권발행결정),7
한국첨단소재,062970,-45,🚨 YES,"주요사항보고서(전환사채권발행결정) | 주권매매거래정지              (주식의 병합, 분할 등 전자등록 변경, 말소)",,"주요사항보고서(전환사채권발행결정)(-15) | 주권매매거래정지              (주식의 병합, 분할 등 전자등록 변경, 말소)(-30)","2026-07-27: 주요사항보고서(자기전환사채만기전취득결정) | 2026-07-28: 주요사항보고서(전환사채권발행결정) | 2026-07-22: 임원ㆍ주요주주특정증권등소유상황보고서 | 2026-07-13: 주권매매거래정지              (주식의 병합, 분할 등 전자등록 변경, 말소)",4
유엑스엔,337840,-45,🚨 YES,[기재정정]주요사항보고서(전환사채권발행결정) | [기재정정]주요사항보고서(전환사채권발행결정) | 주요사항보고서(전환사채권발행결정),,[기재정정]주요사항보고서(전환사채권발행결정)(-15) | [기재정정]주요사항보고서(전환사채권발행결정)(-15) | 주요사항보고서(전환사채권발행결정)(-15),2026-07-27: [기재정정]주요사항보고서(전환사채권발행결정) | 2026-07-27: [기재정정]주요사항보고서(전환사채권발행결정) | 2026-07-16: 주요사항보고서(전환사채권발행결정) | 2026-07-16: 특허권취득(자율공시)              (하우징에 실장된 전자 부품을 구비한 연속식 분석물 측정기) | 2026-07-14: 특허권취득(자율공시)              (도전성 접착제를 이용한 전기적 연결 구조가 구비되는 연속식 분석물 측정기),6
제이에스링크,127120,-45,🚨 YES,[기재정정]주요사항보고서(유상증자결정) | [기재정정]주요사항보고서(유상증자결정) | 주요사항보고서(유상증자결정),,[기재정정]주요사항보고서(유상증자결정)(-15) | [기재정정]주요사항보고서(유상증자결정)(-15) | 주요사항보고서(유상증자결정)(-15),2026-07-29: 증권발행결과(자율공시)              (제3자배정 유상증자) | 2026-07-21: [기재정정]주요사항보고서(유상증자결정) | 2026-07-15: [기재정정]주요사항보고서(유상증자결정) | 2026-07-07: 기업설명회(IR)개최               | 2026-07-07: 주요사항보고서(유상증자결정),8
수성웹툰,084180,-45,🚨 YES,[기재정정]주요사항보고서(유상증자결정) | 기타시장안내(관리종목지정우려종목)              (시가총액 200억원 미달),,[기재정정]주요사항보고서(유상증자결정)(-15) | 기타시장안내(관리종목지정우려종목)              (시가총액 200억원 미달)(-30),2026-07-22: 독립이사의선임ㆍ해임또는중도퇴임에관한신고 | 2026-07-22: 대표이사변경               | 2026-07-22: 임시주주총회결과               | 2026-07-21: 주식등의대량보유상황보고서(일반) | 2026-07-14: [기재정정]사업보고서 (2025.12),13
케스피온,079190,-40,🚨 YES,주권매매거래정지해제              (감자 주권 변경상장),,주권매매거래정지해제              (감자 주권 변경상장)(-30) | 주요사항보고서(자기주식처분결정)(-10),2026-07-28: 임원ㆍ주요주주특정증권등소유상황보고서 | 2026-07-28: 임원ㆍ주요주주특정증권등소유상황보고서 | 2026-07-28: [기재정정]임원ㆍ주요주주특정증권등소유상황보고서 | 2026-07-27: 자기주식처분결과보고서 | 2026-07-20: 주권매매거래정지해제              (감자 주권 변경상장),12
케이엠제약,225430,-40,🚨 YES,주요사항보고서(유상증자결정) | 기타시장안내(관리종목지정우려종목)              (시가총액 200억원 미달),주요사항보고서(자기주식취득결정)(+5),주요사항보고서(유상증자결정)(-15) | 기타시장안내(관리종목지정우려종목)              (시가총액 200억원 미달)(-30),2026-07-27: 주요사항보고서(자기주식취득결정) | 2026-07-24: 증권발행결과(자율공시)              (제3자배정 유상증자) | 2026-07-20: 주식등의대량보유상황보고서(일반) | 2026-07-20: 임원ㆍ주요주주특정증권등소유상황보고서 | 2026-07-14: 주요사항보고서(유상증자결정),10
에이프릴바이오,397030,-40,🚨 YES,[기재정정]주요사항보고서(유상증자결정) | [기재정정]주요사항보고서(유상증자결정),,최대주주변경을수반하는주식담보제공계약체결              (-5) | 최대주주변경              (-5) | [기재정정]주요사항보고서(유상증자결정)(-15) | [기재정정]주요사항보고서(유상증자결정)(-15),2026-07-29: 임원ㆍ주요주주특정증권등소유상황보고서 | 2026-07-24: 최대주주변경을수반하는주식담보제공계약체결               | 2026-07-24: 임원ㆍ주요주주특정증권등소유상황보고서 | 2026-07-24: 주식등의대량보유상황보고서(일반) | 2026-07-24: 최대주주변경              ,13
크라우드웍스,355390,-40,🚨 YES,[기재정정]주요사항보고서(전환사채권발행결정) | [첨부정정]주요사항보고서(전환사채권발행결정) | 주요사항보고서(전환사채권발행결정),단일판매ㆍ공급계약체결              (+5),[기재정정]주요사항보고서(전환사채권발행결정)(-15) | [첨부정정]주요사항보고서(전환사채권발행결정)(-15) | 주요사항보고서(전환사채권발행결정)(-15),2026-07-28: 주주명부폐쇄기간또는기준일설정               | 2026-07-28: 주주총회소집결의               | 2026-07-21: 주식등의대량보유상황보고서(약식) | 2026-07-20: 임시주주총회결과               | 2026-07-13: 증권발행결과(자율공시)              (제2회차 CB),12
모아라이프플러스,142760,-40,🚨 YES,[기재정정]주요사항보고서(전환사채권발행결정) | [첨부정정]주요사항보고서(전환사채권발행결정),,[기재정정]주요사항보고서(전환사채권발행결정)(-15) | [첨부정정]주요사항보고서(전환사채권발행결정)(-15) | [기재정정]최대주주변경을수반하는주식담보제공계약체결              (-5) | [기재정정]최대주주변경을수반하는주식담보제공계약체결              (-5),2026-07-29: 전환가액의조정               | 2026-07-29: 전환사채(해외전환사채포함)발행후만기전사채취득               | 2026-07-24: 임시주주총회결과               | 2026-07-20: [기재정정]주요사항보고서(주권관련사채권양도결정) | 2026-07-20: [기재정정]주요사항보고서(전환사채권발행결정),16
엔피,291230,-35,🚨 YES,"주권매매거래정지              (주식의 병합, 분할 등 전자등록 변경, 말소)",,"주권매매거래정지              (주식의 병합, 분할 등 전자등록 변경, 말소)(-30) | 최대주주변경              (-5)","2026-07-24: 감자완료               | 2026-07-22: 주권매매거래정지              (주식의 병합, 분할 등 전자등록 변경, 말소) | 2026-07-16: 주식등의대량보유상황보고서(일반) | 2026-07-16: 임원ㆍ주요주주특정증권등소유상황보고서 | 2026-07-16: 임원ㆍ주요주주특정증권등소유상황보고서",11
씨씨에스,066790,-35,🚨 YES,주권매매거래정지기간변경              (개선기간 부여),,주권매매거래정지기간변경              (개선기간 부여)(-30) | [기재정정]최대주주변경을수반하는주식양수도계약체결              (-5),2026-07-29: 기타경영사항(자율공시)              (최대주주의 특별현금화명령 재항고에 대한 결정) | 2026-07-28: 감자완료               | 2026-07-27: [기재정정]투자판단관련주요경영사항              (최대주주 보유주식 가압류/압류 일부 해제) | 2026-07-24: [기재정정]투자판단관련주요경영사항              (최대주주 보유주식 가압류/압류 일부 해제) | 2026-07-24: 소송등의판결ㆍ결정              (직무대행자선임 가처분),19
DH오토웨어,025440,-35,🚨 YES,주권매매거래정지해제              (액면병합 주권 변경상장),,주권매매거래정지해제              (액면병합 주권 변경상장)(-30) | 최대주주변경을수반하는주식담보제공계약해제ㆍ취소등              (-5),2026-07-02: 주권매매거래정지해제              (액면병합 주권 변경상장) | 2026-07-01: 주식등의대량보유상황보고서(일반) | 2026-06-29: 최대주주변경을수반하는주식담보제공계약해제ㆍ취소등              ,3
에이전트AI,060900,-35,🚨 YES,[기재정정]주요사항보고서(유상증자결정) | 주요사항보고서(유상증자결정) | [기재정정]주요사항보고서(전환사채권발행결정),[기재정정]단일판매ㆍ공급계약체결              (+5) | 단일판매ㆍ공급계약체결              (+5),[기재정정]주요사항보고서(유상증자결정)(-15) | 주요사항보고서(유상증자결정)(-15) | [기재정정]주요사항보고서(전환사채권발행결정)(-15),2026-07-29: 경영권변경등에관한계약체결               | 2026-07-29: [기재정정]주주총회소집결의              (임시주주총회) | 2026-07-28: [기재정정]주요사항보고서(유상증자결정) | 2026-07-23: 증권발행결과(자율공시)              (제3자배정 유상증자) | 2026-07-15: 주식등의대량보유상황보고서(약식),16
알테오젠,196170,-30,🚨 YES,주권매매거래정지              (무상증자),,주권매매거래정지              (무상증자)(-30),2026-07-20: [기재정정]주요사항보고서(무상증자결정) | 2026-07-16: 주주명부폐쇄기간또는기준일설정               | 2026-07-16: 기타주요경영사항              (유가증권시장 이전상장 추진 잠정 유보) | 2026-07-16: 주권매매거래정지              (무상증자) | 2026-07-16: 주요사항보고서(무상증자결정),5
애드바이오텍,179530,-30,🚨 YES,[기재정정]주요사항보고서(전환사채권발행결정) | [기재정정]주요사항보고서(전환사채권발행결정),,[기재정정]주요사항보고서(전환사채권발행결정)(-15) | [기재정정]주요사항보고서(전환사채권발행결정)(-15),2026-07-27: 의결권대리행사권유참고서류 | 2026-07-27: 주주총회소집공고 | 2026-07-21: [기재정정]주요사항보고서(전환사채권발행결정) | 2026-07-21: [기재정정]주요사항보고서(전환사채권발행결정) | 2026-07-21: [기재정정]주주총회소집결의              (임시주주총회),8
메이슨캐피탈,021880,-30,🚨 YES,주권매매거래정지해제              (감자 및 액면병합 주권 변경상장),,주권매매거래정지해제              (감자 및 액면병합 주권 변경상장)(-30),2026-07-21: 임원ㆍ주요주주특정증권등소유상황보고서 | 2026-07-10: 임원ㆍ주요주주특정증권등소유상황보고서 | 2026-07-10: 임원ㆍ주요주주특정증권등소유상황보고서 | 2026-07-10: 임원ㆍ주요주주특정증권등소유상황보고서 | 2026-07-10: 임원ㆍ주요주주특정증권등소유상황보고서,7
세방전지,004490,-30,🚨 YES,[기재정정]유상증자결정(종속회사의주요경영사항)               | [기재정정]유상증자결정(종속회사의주요경영사항)              ,,[기재정정]유상증자결정(종속회사의주요경영사항)              (-15) | [기재정정]유상증자결정(종속회사의주요경영사항)              (-15),2026-07-29: 최대주주등소유주식변동신고서               | 2026-07-27: [기재정정]유상증자결정(종속회사의주요경영사항)               | 2026-07-27: [기재정정]타법인주식및출자증권취득결정(종속회사의주요경영사항)               | 2026-07-24: [기재정정]유상증자결정(종속회사의주요경영사항)               | 2026-07-24: [기재정정]타법인주식및출자증권취득결정(종속회사의주요경영사항)              ,7
아난티,025980,-30,🚨 YES,[첨부정정]주요사항보고서(전환사채권발행결정) | 주요사항보고서(전환사채권발행결정),,[첨부정정]주요사항보고서(전환사채권발행결정)(-15) | 주요사항보고서(전환사채권발행결정)(-15),2026-07-21: 주식등의대량보유상황보고서(약식) | 2026-07-14: 증권발행결과(자율공시)               | 2026-07-08: [첨부정정]주요사항보고서(전환사채권발행결정) | 2026-07-06: 주요사항보고서(전환사채권발행결정),4
씨엔알리서치,359090,-30,🚨 YES,주권매매거래정지해제              (액면병합 주권 변경상장),,주권매매거래정지해제              (액면병합 주권 변경상장)(-30),2026-06-29: 주권매매거래정지해제              (액면병합 주권 변경상장),1
대신정보통신,020180,-30,🚨 YES,주권매매거래정지              (주식병합),,주권매매거래정지              (주식병합)(-30),2026-07-22: 주권매매거래정지              (주식병합) | 2026-07-21: 신탁계약해지결과보고서 | 2026-07-20: 주요사항보고서(자기주식취득신탁계약해지결정),3
CS,065770,-30,🚨 YES,[기재정정]주요사항보고서(유상증자결정) | 주요사항보고서(유상증자결정),,[기재정정]주요사항보고서(유상증자결정)(-15) | 주요사항보고서(유상증자결정)(-15),2026-07-22: [기재정정]증권발행결과(자율공시)               | 2026-07-22: [기재정정]주요사항보고서(유상증자결정) | 2026-07-21: 주식등의대량보유상황보고서(일반) | 2026-07-21: 임원ㆍ주요주주특정증권등소유상황보고서 | 2026-07-21: 임원ㆍ주요주주특정증권등소유상황보고서,13
티비씨,033830,-30,🚨 YES,주권매매거래정지해제              (액면병합 주권 변경상장),,주권매매거래정지해제              (액면병합 주권 변경상장)(-30),2026-07-10: 임원ㆍ주요주주특정증권등소유상황보고서 | 2026-07-10: 임원ㆍ주요주주특정증권등소유상황보고서 | 2026-07-10: 임원ㆍ주요주주특정증권등소유상황보고서 | 2026-07-10: 임원ㆍ주요주주특정증권등소유상황보고서 | 2026-07-10: 임원ㆍ주요주주특정증권등소유상황보고서,8
소노스퀘어,007720,-30,🚨 YES,주권매매거래정지해제              (감자 주권 변경상장),,주권매매거래정지해제              (감자 주권 변경상장)(-30),2026-07-09: 주권매매거래정지해제              (감자 주권 변경상장) | 2026-06-30: 동일인등출자계열회사와의상품ㆍ용역거래 | 2026-06-30: 감자완료              ,3
비큐AI,148780,-30,🚨 YES,"주권매매거래정지              (주식의 병합, 분할 등 전자등록 변경, 말소)",,"주권매매거래정지              (주식의 병합, 분할 등 전자등록 변경, 말소)(-30)","2026-07-27: 주식등의대량보유상황보고서(일반) | 2026-07-27: 임원ㆍ주요주주특정증권등소유상황보고서 | 2026-07-27: 임원ㆍ주요주주특정증권등소유상황보고서 | 2026-07-21: 감자완료               | 2026-07-08: 주권매매거래정지              (주식의 병합, 분할 등 전자등록 변경, 말소)",9
한국캐피탈,023760,-30,🚨 YES,"주권매매거래정지              (주식의 병합, 분할 등 전자등록 변경, 말소)",,"주권매매거래정지              (주식의 병합, 분할 등 전자등록 변경, 말소)(-30)","2026-07-29: 투자설명서(일괄신고) | 2026-07-29: 일괄신고추가서류 | 2026-07-27: 주권매매거래정지              (주식의 병합, 분할 등 전자등록 변경, 말소) | 2026-07-22: 증권발행실적보고서 | 2026-07-21: 투자설명서(일괄신고)",12
이노벡스,279060,-30,🚨 YES,주권매매거래정지기간변경              (지정자문인 계약해지),,주권매매거래정지기간변경              (지정자문인 계약해지)(-30),2026-07-23: 주권매매거래정지기간변경              (지정자문인 계약해지) | 2026-07-23: 기타시장안내              (지정자문인 계약해지) | 2026-07-23: 지정자문인선임계약의해지               | 2026-07-02: [기재정정]회생절차개시결정              ,4
DGI,099520,-30,🚨 YES,주권매매거래정지기간변경              (개선기간 부여),,주권매매거래정지기간변경              (개선기간 부여)(-30),2026-06-30: 상장적격성실질심사관련주요개선계획(자율공시)               | 2026-06-29: 주권매매거래정지기간변경              (개선기간 부여) | 2026-06-29: 기타시장안내              (코스닥시장위원회 심의·의결 결과 및 개선기간 부여 안내),3
베셀,177350,-30,🚨 YES,"주권매매거래정지              (주식의 병합, 분할 등 전자등록 변경, 말소)",,"주권매매거래정지              (주식의 병합, 분할 등 전자등록 변경, 말소)(-30)","2026-07-21: 주권매매거래정지              (주식의 병합, 분할 등 전자등록 변경, 말소)",1
아이윈,090150,-30,🚨 YES,"주권매매거래정지              (주식의 병합, 분할 등 전자등록 변경, 말소)",,"주권매매거래정지              (주식의 병합, 분할 등 전자등록 변경, 말소)(-30)",2026-07-27: 주식등의대량보유상황보고서(일반) | 2026-07-27: 임원ㆍ주요주주특정증권등소유상황보고서 | 2026-07-24: 전환가액의조정               | 2026-07-21: 주식등의대량보유상황보고서(일반) | 2026-07-21: 임원ㆍ주요주주특정증권등소유상황보고서,8
플레이그램,009810,-30,🚨 YES,주요사항보고서(유상증자결정) | 주요사항보고서(유상증자결정),,주요사항보고서(유상증자결정)(-15) | 주요사항보고서(유상증자결정)(-15),2026-07-28: 주요사항보고서(유상증자결정) | 2026-07-21: 소액공모실적보고서 | 2026-07-21: 유상증자또는주식관련사채등의발행결과(자율공시)               | 2026-07-15: 주주총회소집공고 | 2026-07-15: [기재정정]주주총회소집결의              ,9
KS인더스트리,101000,-30,🚨 YES,"주권매매거래정지              (주식의 병합, 분할 등 전자등록 변경, 말소)",,"주권매매거래정지              (주식의 병합, 분할 등 전자등록 변경, 말소)(-30)","2026-07-29: 주주명부폐쇄기간또는기준일설정               | 2026-07-29: 주주총회소집결의               | 2026-07-21: 주권매매거래정지              (주식의 병합, 분할 등 전자등록 변경, 말소) | 2026-07-09: 독립이사의선임ㆍ해임또는중도퇴임에관한신고 | 2026-07-09: 임시주주총회결과              ",5
세진티에스,067770,-30,🚨 YES,기타시장안내(관리종목지정우려종목)              (시가총액 200억원 미달),,기타시장안내(관리종목지정우려종목)              (시가총액 200억원 미달)(-30),2026-07-22: 주주총회소집공고 | 2026-07-10: 기타시장안내(관리종목지정우려종목)              (시가총액 200억원 미달) | 2026-07-01: 주요사항보고서(자기주식취득신탁계약체결결정) | 2026-06-29: [기재정정]사업보고서 (2025.12),4
골드앤에스,035290,-30,🚨 YES,기타시장안내(관리종목지정우려종목)              (시가총액 200억원 미달),,기타시장안내(관리종목지정우려종목)              (시가총액 200억원 미달)(-30),2026-07-03: 기타시장안내(관리종목지정우려종목)              (시가총액 200억원 미달),1
웰킵스하이텍,043590,-30,🚨 YES,기타시장안내(관리종목지정우려종목)              (시가총액 200억원 미달),,기타시장안내(관리종목지정우려종목)              (시가총액 200억원 미달)(-30),2026-07-16: 임원ㆍ주요주주특정증권등소유상황보고서 | 2026-07-14: 주식등의대량보유상황보고서(일반) | 2026-07-13: 조회공시요구(현저한시황변동)에대한답변(중요정보없음)               | 2026-07-10: 조회공시요구(현저한시황변동)               | 2026-07-06: 기타시장안내(관리종목지정우려종목)              (시가총액 200억원 미달),5
포커스에이아이,331380,-30,🚨 YES,[기재정정]주요사항보고서(유상증자결정) | [기재정정]주요사항보고서(유상증자결정),,[기재정정]주요사항보고서(유상증자결정)(-15) | [기재정정]주요사항보고서(유상증자결정)(-15),2026-07-22: [기재정정]주요사항보고서(유상증자결정) | 2026-07-22: [기재정정]주요사항보고서(유상증자결정) | 2026-07-20: [기재정정]임원ㆍ주요주주특정증권등소유상황보고서 | 2026-07-14: 임원ㆍ주요주주특정증권등소유상황보고서 | 2026-06-30: 주식등의대량보유상황보고서(일반),7
삼보산업,009620,-30,🚨 YES,기타시장안내(관리종목지정우려종목)              (시가총액 200억원 미달),,기타시장안내(관리종목지정우려종목)              (시가총액 200억원 미달)(-30),2026-07-27: 기타시장안내(관리종목지정우려종목)              (시가총액 200억원 미달) | 2026-07-27: 임시주주총회결과               | 2026-07-10: 주식등의대량보유상황보고서(일반) | 2026-07-10: 의결권대리행사권유참고서류 | 2026-07-10: 주주총회소집공고,6
프롬바이오,377220,-30,🚨 YES,"주권매매거래정지              (주식의 병합, 분할 등 전자등록 변경, 말소)",,"주권매매거래정지              (주식의 병합, 분할 등 전자등록 변경, 말소)(-30)","2026-07-14: 주권매매거래정지              (주식의 병합, 분할 등 전자등록 변경, 말소) | 2026-07-06: 임시주주총회결과               | 2026-07-02: [기재정정]임원ㆍ주요주주특정증권등소유상황보고서 | 2026-07-01: 임원ㆍ주요주주특정증권등소유상황보고서",4
블리츠웨이엔터테인먼트,369370,-30,🚨 YES,"주권매매거래정지              (주식의 병합, 분할 등 전자등록 변경, 말소)",,"주권매매거래정지              (주식의 병합, 분할 등 전자등록 변경, 말소)(-30)","2026-07-14: 주권매매거래정지              (주식의 병합, 분할 등 전자등록 변경, 말소)",1
버킷스튜디오,066410,-30,🚨 YES,주권매매거래정지기간변경              (상장폐지 사유 발생),,주권매매거래정지기간변경              (상장폐지 사유 발생)(-30),2026-07-28: [기재정정]기타경영사항(자율공시)              ((주)버킷스튜디오 최대주주 변경 재추진) | 2026-07-08: 주권매매거래정지기간변경              (상장폐지 사유 발생) | 2026-07-08: 기타시장안내              (코스닥시장위원회 개최 결과 등 안내) | 2026-06-30: 독립이사의선임ㆍ해임또는중도퇴임에관한신고 | 2026-06-30: 임시주주총회결과              ,5
삼천리,004690,-30,🚨 YES,[기재정정]유상증자결정(종속회사의주요경영사항)               | 유상증자결정(종속회사의주요경영사항)              ,,[기재정정]유상증자결정(종속회사의주요경영사항)              (-15) | 유상증자결정(종속회사의주요경영사항)              (-15),2026-07-24: 타법인주식및출자증권취득결정               | 2026-07-24: 특수관계인에대한출자 | 2026-07-16: [기재정정]유상증자결정(종속회사의주요경영사항)               | 2026-07-16: 유상증자결정(종속회사의주요경영사항)               | 2026-07-08: 주식등의대량보유상황보고서(약식),7
핀텔,291810,-30,🚨 YES,기타시장안내(관리종목지정우려종목)              (시가총액 200억원 미달),,기타시장안내(관리종목지정우려종목)              (시가총액 200억원 미달)(-30),2026-07-23: 임원ㆍ주요주주특정증권등거래계획철회보고서 | 2026-07-20: 임원ㆍ주요주주특정증권등거래계획보고서 | 2026-07-15: 기타시장안내(관리종목지정우려종목)              (시가총액 200억원 미달) | 2026-07-10: [기재정정]주식매수선택권부여에관한신고 | 2026-07-10: [기재정정]주식매수선택권부여에관한신고,6
케이에이치필룩스,033180,-30,🚨 YES,[기재정정]주요사항보고서(유상증자결정) | [기재정정]주요사항보고서(유상증자결정),,[기재정정]주요사항보고서(유상증자결정)(-15) | [기재정정]주요사항보고서(유상증자결정)(-15),2026-07-20: [기재정정]주요사항보고서(유상증자결정) | 2026-07-20: [기재정정]주요사항보고서(유상증자결정),2
디에이치엑스컴퍼니,031860,-30,🚨 YES,"주권매매거래정지기간변경              (주식의 병합, 분할 등 전자등록 변경, 말소)",,"주권매매거래정지기간변경              (주식의 병합, 분할 등 전자등록 변경, 말소)(-30)","2026-07-15: 주권매매거래정지기간변경              (주식의 병합, 분할 등 전자등록 변경, 말소) | 2026-07-10: 불성실공시법인지정예고              (공시번복) | 2026-07-08: 조회공시요구(현저한시황변동)에대한답변(미확정)               | 2026-07-07: 임시주주총회결과              ",4
진원생명과학,011000,-30,🚨 YES,매매거래정지및정지해제(풍문등조회공시)              ,,매매거래정지및정지해제(풍문등조회공시)              (-30),2026-07-16: 기타시장안내              (상장적격성 실질심사 사유 발생) | 2026-07-16: 투자판단관련주요경영사항               | 2026-07-15: 조회공시요구(풍문또는보도)               | 2026-07-15: 매매거래정지및정지해제(풍문등조회공시)               | 2026-06-29: 임원ㆍ주요주주특정증권등소유상황보고서,8
부스타,008470,-30,🚨 YES,주권매매거래정지              (무상증자),,주권매매거래정지              (무상증자)(-30),2026-07-21: 권리락              (무상증자) | 2026-07-07: 주주명부폐쇄기간또는기준일설정               | 2026-07-07: 주권매매거래정지              (무상증자) | 2026-07-07: 주요사항보고서(무상증자결정),4
미스터블루,207760,-30,🚨 YES,"주권매매거래정지              (주식의 병합, 분할 등 전자등록 변경, 말소)",,"주권매매거래정지              (주식의 병합, 분할 등 전자등록 변경, 말소)(-30)","2026-07-29: 주권매매거래정지              (주식의 병합, 분할 등 전자등록 변경, 말소) | 2026-07-03: 임시주주총회결과              ",2
아이비케이에스제23호기업인수목적,467930,-30,🚨 YES,주권매매거래정지              (상장폐지 사유발생),,주권매매거래정지              (상장폐지 사유발생)(-30),2026-07-28: 주요사항보고서(해산사유발생) | 2026-07-15: 기타경영사항(자율공시)              (청산 관련 주요사항 안내) | 2026-07-14: 주권매매거래정지              (상장폐지 사유발생) | 2026-07-07: 기타시장안내              (주권 상장폐지 우려 예고),4
대동고려삼,178600,-30,🚨 YES,[기재정정]주요사항보고서(유상증자결정) | 주요사항보고서(유상증자결정),,[기재정정]주요사항보고서(유상증자결정)(-15) | 주요사항보고서(유상증자결정)(-15),2026-07-10: 증권발행결과(자율공시)               | 2026-07-08: [기재정정]주요사항보고서(유상증자결정) | 2026-07-03: 배당락               | 2026-07-02: 주요사항보고서(유상증자결정),4
바른손이앤에이,035620,-30,🚨 YES,기타시장안내(관리종목지정우려종목)              (시가총액 200억원 미달),,기타시장안내(관리종목지정우려종목)              (시가총액 200억원 미달)(-30),2026-07-29: 기타시장안내(관리종목지정우려종목)              (시가총액 200억원 미달),1
대산F&B,065150,-30,🚨 YES,주권매매거래정지해제              (상장유지 결정),,주권매매거래정지해제              (상장유지 결정)(-30),2026-07-21: 소속부변경               | 2026-07-21: 주권매매거래정지해제              (상장유지 결정) | 2026-07-21: 기타시장안내              (기업심사위원회 심의·의결 결과 및 상장유지 결정 안내),3
에이텀,355690,-30,🚨 YES,[기재정정]유상증자결정(종속회사의주요경영사항)               | 유상증자결정(종속회사의주요경영사항)              ,,[기재정정]유상증자결정(종속회사의주요경영사항)              (-15) | 유상증자결정(종속회사의주요경영사항)              (-15),2026-07-27: [기재정정]타법인주식및출자증권취득결정               | 2026-07-27: [기재정정]유상증자결정(종속회사의주요경영사항)               | 2026-07-24: 타인에대한채무보증결정               | 2026-07-22: 주식등의대량보유상황보고서(약식) | 2026-07-16: 타법인주식및출자증권취득결정              ,9
시큐레터,418250,-30,🚨 YES,주권매매거래정지기간변경              (개선기간 부여),,주권매매거래정지기간변경              (개선기간 부여)(-30),2026-07-23: 상장적격성실질심사관련주요개선계획(자율공시)               | 2026-07-22: 주권매매거래정지기간변경              (개선기간 부여) | 2026-07-22: 기타시장안내              (코스닥시장위원회 심의·의결 결과 및 개선기간 부여 안내),3
한국피아이엠,448900,-30,🚨 YES,[기재정정]주요사항보고서(전환사채권발행결정) | 주요사항보고서(전환사채권발행결정),,[기재정정]주요사항보고서(전환사채권발행결정)(-15) | 주요사항보고서(전환사채권발행결정)(-15),2026-07-27: 주식등의대량보유상황보고서(약식) | 2026-07-20: 증권발행결과(자율공시)              (제3회차 CB) | 2026-07-14: [기재정정]주요사항보고서(전환사채권발행결정) | 2026-07-10: 주요사항보고서(전환사채권발행결정),4
웨이버스,336060,-30,🚨 YES,"주권매매거래정지              (주식의 병합, 분할 등 전자등록 변경, 말소)",,"주권매매거래정지              (주식의 병합, 분할 등 전자등록 변경, 말소)(-30)","2026-07-08: 주권매매거래정지              (주식의 병합, 분할 등 전자등록 변경, 말소) | 2026-07-07: 주식등의대량보유상황보고서(일반) | 2026-06-29: 임시주주총회결과               | 2026-06-29: 주식등의대량보유상황보고서(일반)",4
HS효성첨단소재,298050,-30,🚨 YES,유상증자결정(종속회사의주요경영사항)               | 유상증자결정(종속회사의주요경영사항)              ,,유상증자결정(종속회사의주요경영사항)              (-15) | 유상증자결정(종속회사의주요경영사항)              (-15),2026-07-29: 타인에대한채무보증결정               | 2026-07-09: 유상증자결정(종속회사의주요경영사항)               | 2026-07-09: 타법인주식및출자증권취득결정               | 2026-07-09: 유상증자결정(종속회사의주요경영사항)              ,4
한탑,002680,-30,🚨 YES,주권매매거래정지해제              (액면병합 주권 변경상장),,주권매매거래정지해제              (액면병합 주권 변경상장)(-30),2026-07-14: [기재정정]벌금등의부과               | 2026-07-09: 주권매매거래정지해제              (액면병합 주권 변경상장) | 2026-07-07: 주식등의대량보유상황보고서(일반) | 2026-07-07: 임원ㆍ주요주주특정증권등소유상황보고서 | 2026-07-07: 임원ㆍ주요주주특정증권등소유상황보고서,6
아미코젠,092040,-30,🚨 YES,[기재정정]주요사항보고서(유상증자결정) | [기재정정]주요사항보고서(유상증자결정),,[기재정정]주요사항보고서(유상증자결정)(-15) | [기재정정]주요사항보고서(유상증자결정)(-15),2026-07-28: [기재정정]주요사항보고서(유상증자결정) | 2026-07-15: [기재정정]주요사항보고서(유상증자결정) | 2026-07-15: [기재정정]경영권변경등에관한계약체결               | 2026-06-30: [기재정정]신규시설투자등               | 2026-06-29: 경영권변경등에관한계약체결              ,5
케이피엠테크,042040,-30,🚨 YES,[기재정정]주요사항보고서(유상증자결정) | 주요사항보고서(유상증자결정),,[기재정정]주요사항보고서(유상증자결정)(-15) | 주요사항보고서(유상증자결정)(-15),2026-07-16: 임원ㆍ주요주주특정증권등소유상황보고서 | 2026-07-16: 주식등의대량보유상황보고서(일반) | 2026-07-16: 전환가액의조정               | 2026-07-13: 증권발행결과(자율공시)               | 2026-07-10: [기재정정]주요사항보고서(유상증자결정),7
동일기연,032960,-30,🚨 YES,주권매매거래정지해제              (액면분할 주권 변경상장),,주권매매거래정지해제              (액면분할 주권 변경상장)(-30),2026-07-16: 주주명부폐쇄기간또는기준일설정               | 2026-07-16: 주주총회소집결의              (임시주주총회) | 2026-07-10: 주권매매거래정지해제              (액면분할 주권 변경상장),3
한울반도체,320000,-30,🚨 YES,[기재정정]주요사항보고서(유상증자결정) | [기재정정]주요사항보고서(유상증자결정),,[기재정정]주요사항보고서(유상증자결정)(-15) | [기재정정]주요사항보고서(유상증자결정)(-15),2026-07-28: 주주총회소집공고 | 2026-07-28: [기재정정]주주총회소집결의              (임시주주총회) | 2026-07-24: 신주인수권행사              (제1회차) | 2026-07-16: [기재정정]증권신고서(지분증권) | 2026-07-16: 임원ㆍ주요주주특정증권등거래계획보고서,11
드림어스컴퍼니,060570,-30,🚨 YES,"주권매매거래정지              (주식의 병합, 분할 등 전자등록 변경, 말소)",,"주권매매거래정지              (주식의 병합, 분할 등 전자등록 변경, 말소)(-30)","2026-07-28: 주권매매거래정지              (주식의 병합, 분할 등 전자등록 변경, 말소) | 2026-06-30: 독립이사의선임ㆍ해임또는중도퇴임에관한신고 | 2026-06-30: 임시주주총회결과              ",3
대신밸런스제17호스팩,471050,-30,🚨 YES,기타시장안내(관리종목지정우려종목)              ,,기타시장안내(관리종목지정우려종목)              (-30),2026-07-09: 기타시장안내(관리종목지정우려종목)               | 2026-06-29: 주식등의대량보유상황보고서(약식),2
더테크놀로지,043090,-30,🚨 YES,주권매매거래정지해제              (상장폐지에 따른 정리매매 개시),,주권매매거래정지해제              (상장폐지에 따른 정리매매 개시)(-30),2026-07-28: 주권매매거래정지해제              (상장폐지에 따른 정리매매 개시) | 2026-07-28: 기타시장안내              (상장폐지결정 효력정지 가처분 신청 기각에 따른 정리매매절차 재개) | 2026-07-14: 주권관련사채권의처분결정               | 2026-07-07: [기재정정]사업보고서 (2022.12) | 2026-07-07: [기재정정]사업보고서 (2021.12),5
에이프로젠바이오로직스,003060,-30,🚨 YES,주요사항보고서(유상증자결정) | [기재정정]주요사항보고서(전환사채권발행결정),,주요사항보고서(유상증자결정)(-15) | [기재정정]주요사항보고서(전환사채권발행결정)(-15),2026-07-28: 전환가액ㆍ신주인수권행사가액ㆍ교환가액의조정(안내공시)               | 2026-07-27: 유상증자또는주식관련사채등의발행결과(자율공시)               | 2026-07-23: 주식등의대량보유상황보고서(일반) | 2026-07-14: 주요사항보고서(유상증자결정) | 2026-07-07: 주식등의대량보유상황보고서(일반),7
남성,004270,-30,🚨 YES,매매거래정지및정지해제(중요내용공시)              ,,매매거래정지및정지해제(중요내용공시)              (-30),2026-07-22: 임원ㆍ주요주주특정증권등소유상황보고서 | 2026-07-22: 임원ㆍ주요주주특정증권등소유상황보고서 | 2026-07-22: 전환가액ㆍ신주인수권행사가액ㆍ교환가액의조정(안내공시)               | 2026-07-13: 주식등의대량보유상황보고서(약식) | 2026-07-06: 주주명부폐쇄기간또는기준일설정              ,7
디와이디,219550,-30,🚨 YES,[기재정정]주요사항보고서(유상증자결정) | [기재정정]주요사항보고서(유상증자결정),,[기재정정]주요사항보고서(유상증자결정)(-15) | [기재정정]주요사항보고서(유상증자결정)(-15),2026-07-23: [기재정정]주요사항보고서(유상증자결정) | 2026-07-22: [기재정정]주요사항보고서(유상증자결정),2
TS인베스트먼트,246690,-30,🚨 YES,주권매매거래정지해제              (액면병합 주권 변경상장),,주권매매거래정지해제              (액면병합 주권 변경상장)(-30),2026-07-23: 주요사항보고서(자기주식취득신탁계약체결결정) | 2026-07-22: 기업가치제고계획(자율공시)               | 2026-07-07: 임원ㆍ주요주주특정증권등소유상황보고서 | 2026-07-07: 임원ㆍ주요주주특정증권등소유상황보고서 | 2026-07-07: 임원ㆍ주요주주특정증권등소유상황보고서,6
에이루트,096690,-30,🚨 YES,[기재정정]주요사항보고서(유상증자결정) | [기재정정]주요사항보고서(유상증자결정),,[기재정정]주요사항보고서(유상증자결정)(-15) | [기재정정]주요사항보고서(유상증자결정)(-15),2026-07-28: 주식등의대량보유상황보고서(일반) | 2026-07-28: 임원ㆍ주요주주특정증권등소유상황보고서 | 2026-07-16: 주식등의대량보유상황보고서(일반) | 2026-07-14: [기재정정]사업보고서 (2025.12) | 2026-07-14: [기재정정]주요사항보고서(유상증자결정),11
하나30호스팩,469880,-30,🚨 YES,주권매매거래정지              (상장폐지 사유발생),,주권매매거래정지              (상장폐지 사유발생)(-30),2026-07-21: 기타경영사항(자율공시)              (하나30호기업인수목적(주) 청산 관련 주요사항 안내) | 2026-07-20: 주권매매거래정지              (상장폐지 사유발생) | 2026-07-10: 기타시장안내              (주권 상장폐지 우려 예고),3
압타머사이언스,291650,-30,🚨 YES,"주권매매거래정지              (주식의 병합, 분할 등 전자등록 변경, 말소)",,"주권매매거래정지              (주식의 병합, 분할 등 전자등록 변경, 말소)(-30)","2026-07-16: 주권매매거래정지              (주식의 병합, 분할 등 전자등록 변경, 말소) | 2026-07-08: 상호변경안내               | 2026-07-08: 임시주주총회결과              ",3
에이에프더블류,312610,-30,🚨 YES,기타시장안내(관리종목지정우려종목)              (시가총액 200억원 미달),,기타시장안내(관리종목지정우려종목)              (시가총액 200억원 미달)(-30),2026-07-08: 기타시장안내(관리종목지정우려종목)              (시가총액 200억원 미달) | 2026-07-02: 조회공시요구(현저한시황변동)에대한답변(중요정보없음)               | 2026-07-01: 조회공시요구(현저한시황변동)              ,3
썸에이지,208640,-30,🚨 YES,[기재정정]주요사항보고서(유상증자결정) | [기재정정]주요사항보고서(유상증자결정),,[기재정정]주요사항보고서(유상증자결정)(-15) | [기재정정]주요사항보고서(유상증자결정)(-15),2026-07-22: 주식등의대량보유상황보고서(일반) | 2026-07-22: 임원ㆍ주요주주특정증권등소유상황보고서 | 2026-07-22: 임원ㆍ주요주주특정증권등소유상황보고서 | 2026-07-01: [기재정정]주요사항보고서(유상증자결정) | 2026-06-29: 권리락              (유상증자),10
위지윅스튜디오,299900,-30,🚨 YES,"주권매매거래정지              (주식의 병합, 분할 등 전자등록 변경, 말소)",,"주권매매거래정지              (주식의 병합, 분할 등 전자등록 변경, 말소)(-30)","2026-07-16: 임원ㆍ주요주주특정증권등소유상황보고서 | 2026-07-16: 주식등의대량보유상황보고서(일반) | 2026-07-07: 주권매매거래정지              (주식의 병합, 분할 등 전자등록 변경, 말소)",3
프로젠,296160,-30,🚨 YES,[기재정정]주요사항보고서(전환사채권발행결정) | 주요사항보고서(전환사채권발행결정),,[기재정정]주요사항보고서(전환사채권발행결정)(-15) | 주요사항보고서(전환사채권발행결정)(-15),2026-07-20: 주식등의대량보유상황보고서(일반) | 2026-07-20: 임원ㆍ주요주주특정증권등소유상황보고서 | 2026-07-16: 임원ㆍ주요주주특정증권등소유상황보고서 | 2026-07-16: 임원ㆍ주요주주특정증권등소유상황보고서 | 2026-07-16: 임원ㆍ주요주주특정증권등소유상황보고서,19
지엘팜텍,204840,-30,🚨 YES,"주권매매거래정지              (주식의 병합, 분할 등 전자등록 변경, 말소)",,"주권매매거래정지              (주식의 병합, 분할 등 전자등록 변경, 말소)(-30)","2026-07-29: 주식등의대량보유상황보고서(일반) | 2026-07-29: 임원ㆍ주요주주특정증권등소유상황보고서 | 2026-07-14: 주권매매거래정지              (주식의 병합, 분할 등 전자등록 변경, 말소) | 2026-07-06: 임시주주총회결과               | 2026-06-29: 기타경영사항(자율공시)              (소규모합병 승인 이사회 결의 결과 보고)",5
큐리오시스,494120,-30,🚨 YES,주권매매거래정지              (무상증자),,주권매매거래정지              (무상증자)(-30),2026-07-21: 임원ㆍ주요주주특정증권등소유상황보고서 | 2026-07-21: 임원ㆍ주요주주특정증권등소유상황보고서 | 2026-07-21: 임원ㆍ주요주주특정증권등소유상황보고서 | 2026-07-21: 임원ㆍ주요주주특정증권등소유상황보고서 | 2026-07-21: 임원ㆍ주요주주특정증권등소유상황보고서,19
비케이홀딩스,050090,-30,🚨 YES,기타시장안내(관리종목지정우려종목)              (시가총액 200억원 미달),,기타시장안내(관리종목지정우려종목)              (시가총액 200억원 미달)(-30),2026-07-27: 기타시장안내(관리종목지정우려종목)              (시가총액 200억원 미달),1
아이스크림에듀,289010,-30,🚨 YES,기타시장안내(관리종목지정우려종목)              (시가총액 200억원 미달),,기타시장안내(관리종목지정우려종목)              (시가총액 200억원 미달)(-30),2026-07-27: 기타시장안내(관리종목지정우려종목)              (시가총액 200억원 미달),1
비덴트,121800,-30,🚨 YES,주권매매거래정지기간변경              (개선기간 부여),,주권매매거래정지기간변경              (개선기간 부여)(-30),2026-07-23: 상장적격성실질심사관련주요개선계획(자율공시)               | 2026-07-22: 주권매매거래정지기간변경              (개선기간 부여) | 2026-07-22: 기타시장안내              (코스닥시장위원회 심의·의결 결과 및 개선기간 부여 안내) | 2026-06-30: 독립이사의선임ㆍ해임또는중도퇴임에관한신고 | 2026-06-30: 대표이사변경              ,6
케이에이치미래물산,111870,-30,🚨 YES,[기재정정]주요사항보고서(유상증자결정) | [기재정정]주요사항보고서(유상증자결정),,[기재정정]주요사항보고서(유상증자결정)(-15) | [기재정정]주요사항보고서(유상증자결정)(-15),2026-07-27: [기재정정]주요사항보고서(유상증자결정) | 2026-07-27: [기재정정]주요사항보고서(유상증자결정) | 2026-07-22: [기재정정]사업보고서 (2025.12),3
동아지질,028100,-30,🚨 YES,[기재정정]매매거래정지및정지해제(중요내용공시)               | 매매거래정지및정지해제(중요내용공시)              ,[기재정정]단일판매ㆍ공급계약체결              (+5) | 주식소각결정              (+5) | [기재정정]단일판매ㆍ공급계약체결              (+5) | [기재정정]단일판매ㆍ공급계약체결              (+5) | [기재정정]단일판매ㆍ공급계약체결              (+5),[기재정정]매매거래정지및정지해제(중요내용공시)              (-30) | 매매거래정지및정지해제(중요내용공시)              (-30),2026-07-27: [기재정정]단일판매ㆍ공급계약체결               | 2026-07-24: [기재정정]소송등의판결ㆍ결정(일정금액이상의청구)               | 2026-07-24: 소송등의판결ㆍ결정(일정금액이상의청구)               | 2026-07-23: [기재정정]매매거래정지및정지해제(중요내용공시)               | 2026-07-23: 주식소각결정              ,13
씨엔플러스,115530,-30,🚨 YES,[기재정정]주요사항보고서(전환사채권발행결정) | [기재정정]주요사항보고서(전환사채권발행결정),,[기재정정]주요사항보고서(전환사채권발행결정)(-15) | [기재정정]주요사항보고서(전환사채권발행결정)(-15),2026-07-29: [기재정정]주요사항보고서(전환사채권발행결정) | 2026-07-29: [기재정정]주요사항보고서(전환사채권발행결정) | 2026-07-27: 소송등의판결ㆍ결정(일정금액이상의청구)              ,3
스타코링크,060240,-30,🚨 YES,주권매매거래정지해제              (상장폐지에 따른 정리매매 개시),,주권매매거래정지해제              (상장폐지에 따른 정리매매 개시)(-30),2026-07-10: 주권매매거래정지해제              (상장폐지에 따른 정리매매 개시) | 2026-07-10: 기타시장안내              (상장폐지결정 등 효력정지 가처분 신청 기각에 따른 정리매매절차 재개) | 2026-07-09: 대출원리금연체사실발생              ,3
신영스팩10호,472220,-30,🚨 YES,기타시장안내(관리종목지정우려종목)              ,,기타시장안내(관리종목지정우려종목)              (-30),2026-07-22: 기타시장안내(관리종목지정우려종목)              ,1
벡트,457600,-30,🚨 YES,[기재정정]주요사항보고서(유상증자결정) | 주요사항보고서(유상증자결정),,[기재정정]주요사항보고서(유상증자결정)(-15) | 주요사항보고서(유상증자결정)(-15),2026-07-22: [기재정정]주요사항보고서(유상증자결정) | 2026-07-16: 주요사항보고서(유상증자결정),2
금호전기,001210,-30,🚨 YES,[기재정정]주요사항보고서(전환사채권발행결정) | [기재정정]주요사항보고서(유상증자결정),,[기재정정]주요사항보고서(전환사채권발행결정)(-15) | [기재정정]주요사항보고서(유상증자결정)(-15),2026-07-27: 전환가액ㆍ신주인수권행사가액ㆍ교환가액의조정(안내공시)               | 2026-07-23: 주식등의대량보유상황보고서(일반) | 2026-07-23: 임원ㆍ주요주주특정증권등소유상황보고서 | 2026-07-23: 임원ㆍ주요주주특정증권등소유상황보고서 | 2026-07-23: 임원ㆍ주요주주특정증권등소유상황보고서,21
아티스트컴퍼니,321820,-30,🚨 YES,주권매매거래정지              (영업양수도),,주권매매거래정지              (영업양수도)(-30),2026-07-22: 주주명부폐쇄기간또는기준일설정               | 2026-07-22: 주주총회소집결의              (임시주주총회) | 2026-07-22: 주요사항보고서(영업양도결정) | 2026-07-22: 주권매매거래정지              (영업양수도) | 2026-07-15: 주식등의대량보유상황보고서(일반),10
큐라티스,348080,-30,🚨 YES,주권매매거래정지해제              (감자 주권 변경상장),,주권매매거래정지해제              (감자 주권 변경상장)(-30),2026-07-16: 주권매매거래정지해제              (감자 주권 변경상장) | 2026-07-10: 감자완료              ,2
나이스정보통신,036800,-30,🚨 YES,주권매매거래정지              (주식분할),,주권매매거래정지              (주식분할)(-30),2026-07-24: 주권매매거래정지              (주식분할) | 2026-07-16: 임시주주총회결과               | 2026-07-01: 의결권대리행사권유참고서류 | 2026-07-01: 주주총회소집공고,4
신라에스지,025870,-30,🚨 YES,기타시장안내(관리종목지정우려종목)              (시가총액 200억원 미달),,기타시장안내(관리종목지정우려종목)              (시가총액 200억원 미달)(-30),2026-07-16: 조회공시요구(현저한시황변동)에대한답변(중요정보없음)               | 2026-07-15: 조회공시요구(현저한시황변동)               | 2026-07-01: 기타시장안내(관리종목지정우려종목)              (시가총액 200억원 미달),3
우리이앤엘하루틴,153490,-30,🚨 YES,"주권매매거래정지              (주식의 병합, 분할 등 전자등록 변경, 말소)",,"주권매매거래정지              (주식의 병합, 분할 등 전자등록 변경, 말소)(-30)","2026-07-24: 주권매매거래정지              (주식의 병합, 분할 등 전자등록 변경, 말소) | 2026-07-15: 임시주주총회결과               | 2026-06-30: 의결권대리행사권유참고서류 | 2026-06-30: 주주총회소집공고",4
아이톡시,052770,-30,🚨 YES,주권매매거래정지기간변경              (상장적격성 실질심사 대상(사유발생)),,주권매매거래정지기간변경              (상장적격성 실질심사 대상(사유발생))(-30),2026-07-21: 기타시장안내              (상장적격성 실질심사 대상결정 기한 안내) | 2026-07-20: 기타시장안내              (상장적격성 실질심사 관련안내) | 2026-07-20: 주권매매거래정지기간변경              (상장적격성 실질심사 대상(사유발생)) | 2026-07-20: 불성실공시법인지정              (공시번복 3건) | 2026-07-06: 본점소재지변경              ,6
티앤엘,340570,-30,🚨 YES,주권매매거래정지              (무상증자),,주권매매거래정지              (무상증자)(-30),2026-07-28: [기재정정]주요사항보고서(무상증자결정) | 2026-07-23: 주요사항보고서(무상증자결정) | 2026-07-23: 주권매매거래정지              (무상증자),3
모바일어플라이언스,087260,-30,🚨 YES,주권매매거래정지              (상장적격성 실질심사 대상 (사유발생)),,주권매매거래정지              (상장적격성 실질심사 대상 (사유발생))(-30),2026-07-29: 소송등의제기ㆍ신청(경영권분쟁소송)               | 2026-07-23: 소송등의제기ㆍ신청(일정금액이상의청구)               | 2026-07-21: 기타시장안내              (상장적격성 실질심사 대상결정 기한 안내) | 2026-07-20: 기타시장안내              (상장적격성 실질심사관련안내) | 2026-07-20: 주권매매거래정지              (상장적격성 실질심사 대상 (사유발생)),18
지슨,446840,-27,🚨 YES,주권매매거래정지해제              (액면병합 주권 변경상장),영업(잠정)실적(공정공시)              (+3),주권매매거래정지해제              (액면병합 주권 변경상장)(-30),2026-07-28: 임원ㆍ주요주주특정증권등소유상황보고서 | 2026-07-22: 영업(잠정)실적(공정공시)               | 2026-07-16: 주권매매거래정지해제              (액면병합 주권 변경상장) | 2026-07-10: [기재정정]주식병합결정               | 2026-07-08: 주식등의대량보유상황보고서(약식),24
그래피,318060,-27,🚨 YES,주요사항보고서(전환사채권발행결정) | 주요사항보고서(유상증자결정),연결재무제표기준영업(잠정)실적(공정공시)              (+3),주요사항보고서(전환사채권발행결정)(-15) | 주요사항보고서(유상증자결정)(-15),2026-07-24: 연결재무제표기준영업(잠정)실적(공정공시)               | 2026-07-21: 증권발행결과(자율공시)              (제6회차 CB) | 2026-07-21: 증권발행결과(자율공시)              (제3자배정 유상증자-전환우선주) | 2026-07-13: 주요사항보고서(전환사채권발행결정) | 2026-07-13: 주요사항보고서(유상증자결정),6
파라택시스코리아,288330,-27,🚨 YES,주권매매거래정지기간변경              (상장폐지 사유 발생),[기재정정]주요사항보고서(회사합병결정)(+3),주권매매거래정지기간변경              (상장폐지 사유 발생)(-30),2026-07-22: 기타시장안내              (상장폐지 관련 이의신청서 접수) | 2026-07-20: 주주총회소집결의              (임시주주총회) | 2026-07-21: [기재정정]주요사항보고서(회사합병결정) | 2026-07-20: 주주총회소집공고 | 2026-07-20: 주주명부폐쇄기간또는기준일설정              ,8
앤씨앤,092600,-27,🚨 YES,기타시장안내(관리종목지정우려종목)              (시가총액 200억원 미달),연결재무제표기준영업(잠정)실적(공정공시)              (+3),기타시장안내(관리종목지정우려종목)              (시가총액 200억원 미달)(-30),2026-07-28: 연결재무제표기준영업(잠정)실적(공정공시)               | 2026-07-23: 기타시장안내(관리종목지정우려종목)              (시가총액 200억원 미달),2
코미코,183300,-27,🚨 YES,"주권매매거래정지              (주식의 병합, 분할 등 전자등록 변경, 말소)",[기재정정]주식분할결정              (+3),"주권매매거래정지              (주식의 병합, 분할 등 전자등록 변경, 말소)(-30)","2026-07-24: 주권매매거래정지              (주식의 병합, 분할 등 전자등록 변경, 말소) | 2026-07-20: 주식등의대량보유상황보고서(약식) | 2026-07-16: [기재정정]주식분할결정               | 2026-07-15: 임시주주총회결과               | 2026-07-13: 타인에대한채무보증결정              ",8
IBKS제25호스팩,0099X0,-27,🚨 YES,주권매매거래정지              (SPAC 합병(예비심사청구대상)),주요사항보고서(회사합병결정)(+3),주권매매거래정지              (SPAC 합병(예비심사청구대상))(-30),2026-07-10: 주식등의대량보유상황보고서(약식) | 2026-06-30: 주요사항보고서(회사합병결정) | 2026-06-30: 주권매매거래정지              (SPAC 합병(예비심사청구대상)),3
바이오인프라,199730,-27,🚨 YES,기타시장안내(관리종목지정우려종목)              (시가총액 200억원 미달),영업(잠정)실적(공정공시)              (+3),기타시장안내(관리종목지정우려종목)              (시가총액 200억원 미달)(-30),2026-07-24: 영업(잠정)실적(공정공시)               | 2026-07-23: 기타시장안내(관리종목지정우려종목)              (시가총액 200억원 미달),2
피플바이오,304840,-27,🚨 YES,"주권매매거래정지              (주식의 병합, 분할 등 전자등록 변경, 말소)",연결재무제표기준영업(잠정)실적(공정공시)              (+3),"주권매매거래정지              (주식의 병합, 분할 등 전자등록 변경, 말소)(-30)","2026-07-29: 주권매매거래정지              (주식의 병합, 분할 등 전자등록 변경, 말소) | 2026-07-20: 상호변경안내               | 2026-07-20: 임시주주총회결과               | 2026-07-16: 연결재무제표기준영업(잠정)실적(공정공시)               | 2026-07-07: [기재정정]의결권대리행사권유참고서류",10
한미사이언스,008930,-27,OK,,연결재무제표기준영업(잠정)실적(공정공시)              (+3),주요사항보고서(자기주식처분결정)(-10) | 주요사항보고서(자기주식처분결정)(자회사의 주요경영사항)              (-10) | 주요사항보고서(자기주식처분결정)(자회사의 주요경영사항)              (-10),2026-07-28: 주요사항보고서(자기주식처분결정) | 2026-07-28: 주요사항보고서(자기주식처분결정)(자회사의 주요경영사항)               | 2026-07-28: 연결재무제표기준영업(잠정)실적(공정공시)               | 2026-07-20: 주요사항보고서(자기주식처분결정)(자회사의 주요경영사항)               | 2026-07-14: 결산실적공시예고(안내공시)              ,17
라온피플,300120,-27,🚨 YES,"주권매매거래정지              (주식의 병합, 분할 등 전자등록 변경, 말소)",영업(잠정)실적(공정공시)              (+3),"주권매매거래정지              (주식의 병합, 분할 등 전자등록 변경, 말소)(-30)","2026-07-27: 영업(잠정)실적(공정공시)               | 2026-07-24: 주권매매거래정지              (주식의 병합, 분할 등 전자등록 변경, 말소) | 2026-06-29: 임시주주총회결과              ",3
SK하이닉스,000660,-27,🚨 YES,[기재정정]주요사항보고서(유상증자결정) | [기재정정]주요사항보고서(유상증자결정),연결재무제표기준영업(잠정)실적(공정공시)              (+3),[기재정정]주요사항보고서(유상증자결정)(-15) | [기재정정]주요사항보고서(유상증자결정)(-15),2026-07-29: 연결재무제표기준영업(잠정)실적(공정공시)               | 2026-07-27: 동일인등출자계열회사와의상품ㆍ용역거래변경 | 2026-07-27: 동일인등출자계열회사와의상품ㆍ용역거래변경 | 2026-07-27: 동일인등출자계열회사와의상품ㆍ용역거래변경 | 2026-07-22: 신규시설투자등              ,23
한화플러스제5호스팩,498390,-27,🚨 YES,주권매매거래정지              (SPAC 합병(예비심사청구대상)),주요사항보고서(회사합병결정)(+3),주권매매거래정지              (SPAC 합병(예비심사청구대상))(-30),2026-07-27: 주요사항보고서(회사합병결정) | 2026-07-27: 주권매매거래정지              (SPAC 합병(예비심사청구대상)),2
엑사이엔씨,054940,-25,🚨 YES,"주권매매거래정지              (주식의 병합, 분할 등 전자등록 변경, 말소)",단일판매ㆍ공급계약체결              (+5),"주권매매거래정지              (주식의 병합, 분할 등 전자등록 변경, 말소)(-30)","2026-07-16: 주권매매거래정지              (주식의 병합, 분할 등 전자등록 변경, 말소) | 2026-07-09: 임원ㆍ주요주주특정증권등소유상황보고서 | 2026-07-08: 임시주주총회결과               | 2026-07-07: 단일판매ㆍ공급계약체결              ",4
신세계푸드,031440,-25,🚨 YES,매매거래정지및정지해제(중요내용공시)              ,주식소각결정              (+5),매매거래정지및정지해제(중요내용공시)              (-30),2026-07-23: 임원ㆍ주요주주특정증권등소유상황보고서 | 2026-07-23: 주식등의대량보유상황보고서(일반) | 2026-07-23: 임원ㆍ주요주주특정증권등소유상황보고서 | 2026-07-23: 최대주주등소유주식변동신고서               | 2026-07-23: 합병등종료보고서(주식의포괄적교환ㆍ이전),8
만호제강,001080,-25,🚨 YES,매매거래정지및정지해제(중요내용공시)              ,주식소각결정              (+5),매매거래정지및정지해제(중요내용공시)              (-30),2026-07-16: [기재정정]회계처리기준위반에따른임원의해임권고조치               | 2026-07-09: 임원ㆍ주요주주특정증권등소유상황보고서 | 2026-07-09: 주식등의대량보유상황보고서(약식) | 2026-07-08: 회계처리기준위반에따른임원의해임권고조치               | 2026-07-02: 풍문또는보도에대한해명(미확정)              ,13
이화공영,001840,-25,🚨 YES,주권매매거래정지기간변경              (개선기간 부여),[기재정정]단일판매ㆍ공급계약체결              (+5),주권매매거래정지기간변경              (개선기간 부여)(-30),2026-07-14: 상장적격성실질심사관련주요개선계획(자율공시)               | 2026-07-13: 주권매매거래정지기간변경              (개선기간 부여) | 2026-07-13: 기타시장안내              (코스닥시장위원회 심의·의결 결과 및 개선기간 부여 안내) | 2026-07-13: [기재정정]단일판매ㆍ공급계약체결               | 2026-07-09: 독립이사의선임ㆍ해임또는중도퇴임에관한신고,7
SK스퀘어,402340,-25,🚨 YES,[기재정정]주요사항보고서(유상증자결정)(자회사의 주요경영사항)               | [기재정정]주요사항보고서(유상증자결정)(자회사의 주요경영사항)              ,주식소각결정              (+5),[기재정정]주요사항보고서(유상증자결정)(자회사의 주요경영사항)              (-15) | [기재정정]주요사항보고서(유상증자결정)(자회사의 주요경영사항)              (-15),2026-07-22: 신규시설투자등(자회사의 주요경영사항)               | 2026-07-22: 주식소각결정               | 2026-07-13: 주요사항보고서(해외증권시장주권등상장)(자회사의 주요경영사항)               | 2026-07-10: [기재정정]주요사항보고서(유상증자결정)(자회사의 주요경영사항)               | 2026-07-10: [기재정정]주요사항보고서(해외증권시장주권등상장결정)(자회사의 주요경영사항)              ,11
상지건설,042940,-25,🚨 YES,[기재정정]주요사항보고서(유상증자결정) | [기재정정]주요사항보고서(유상증자결정),단일판매ㆍ공급계약체결              (+5),[기재정정]주요사항보고서(유상증자결정)(-15) | [기재정정]주요사항보고서(유상증자결정)(-15),2026-07-28: 단일판매ㆍ공급계약체결               | 2026-07-24: [기재정정]증권신고서(지분증권) | 2026-07-24: [기재정정]주요사항보고서(유상증자결정) | 2026-07-16: [기재정정]주요사항보고서(유상증자결정) | 2026-07-16: 정정신고서제출요구( 2026.07.02. 제출 증권신고서(지분증권) ),6
판타지오,032800,-25,🚨 YES,주요사항보고서(유상증자결정) | 주요사항보고서(유상증자결정),단일판매ㆍ공급계약체결              (+5),주요사항보고서(유상증자결정)(-15) | 주요사항보고서(유상증자결정)(-15),2026-07-29: 임원ㆍ주요주주특정증권등소유상황보고서 | 2026-07-28: 주요사항보고서(유상증자결정) | 2026-07-27: [기재정정]전환사채(해외전환사채포함)발행후만기전사채취득               | 2026-07-21: 정정신고서제출요구( 2026.07.06. 제출 증권신고서(지분증권) ) | 2026-07-20: 전환가액의조정              ,8
씨이랩,189330,-25,🚨 YES,주권매매거래정지              (단일판매공급계약),단일판매ㆍ공급계약체결              (+5),주권매매거래정지              (단일판매공급계약)(-30),2026-07-29: 선급금지급결정               | 2026-07-29: 선급금지급결정               | 2026-07-29: 선급금지급결정               | 2026-07-29: 선급금지급결정               | 2026-07-07: 단일판매ㆍ공급계약체결              ,6
육일씨엔에쓰,191410,-25,🚨 YES,기타시장안내(관리종목지정우려종목)              (시가총액 200억원 미달),주요사항보고서(자기주식취득결정)(+5),기타시장안내(관리종목지정우려종목)              (시가총액 200억원 미달)(-30),2026-07-23: 합병등종료보고서(자산양수도) | 2026-07-14: 임원ㆍ주요주주특정증권등거래계획보고서 | 2026-07-14: 주식등의대량보유상황보고서(일반) | 2026-07-14: 임원ㆍ주요주주특정증권등소유상황보고서 | 2026-07-10: 기타시장안내(관리종목지정우려종목)              (시가총액 200억원 미달),7
RF머트리얼즈,327260,-22,🚨 YES,주권매매거래정지              (무상증자),연결재무제표기준영업(잠정)실적(공정공시)              (+3) | 단일판매ㆍ공급계약체결              (+5),주권매매거래정지              (무상증자)(-30),2026-07-29: 주식등의대량보유상황보고서(일반) | 2026-07-29: 주식등의대량보유상황보고서(일반) | 2026-07-29: 임원ㆍ주요주주특정증권등소유상황보고서 | 2026-07-29: 임원ㆍ주요주주특정증권등소유상황보고서 | 2026-07-29: 임원ㆍ주요주주특정증권등소유상황보고서,19
나노씨엠에스,247660,-22,🚨 YES,기타시장안내(관리종목지정우려종목)              (시가총액 200억원 미달),영업(잠정)실적(공정공시)              (+3) | 단일판매ㆍ공급계약체결              (+5),기타시장안내(관리종목지정우려종목)              (시가총액 200억원 미달)(-30),2026-07-29: 기타시장안내(관리종목지정우려종목)              (시가총액 200억원 미달) | 2026-07-28: [기재정정]기업설명회(IR)개최               | 2026-07-27: 영업(잠정)실적(공정공시)               | 2026-07-27: 기업설명회(IR)개최               | 2026-07-24: 기업가치제고계획(자율공시)              (2026년 나노씨엠에스 기업가치 제고 계획),7
유진스팩10호,468760,-21,🚨 YES,주권매매거래정지              (SPAC 합병(예비심사청구대상)),[기재정정]주요사항보고서(회사합병결정)(+3) | [첨부정정]주요사항보고서(회사합병결정)(+3) | 주요사항보고서(회사합병결정)(+3),주권매매거래정지              (SPAC 합병(예비심사청구대상))(-30),2026-07-02: [기재정정]주요사항보고서(회사합병결정) | 2026-07-01: [첨부정정]주요사항보고서(회사합병결정) | 2026-06-30: 주요사항보고서(회사합병결정) | 2026-06-30: 주권매매거래정지              (SPAC 합병(예비심사청구대상)),4
대구백화점,006370,-20,OK,,,주요사항보고서(자기주식처분결정)(-10) | 주요사항보고서(자기주식처분결정)(-10),2026-07-20: 주식등의대량보유상황보고서(일반) | 2026-07-20: 자기주식처분결과보고서 | 2026-07-20: 자기주식처분결과보고서 | 2026-07-16: 주요사항보고서(자기주식처분결정) | 2026-07-16: 주주명부폐쇄기간또는기준일설정              ,8
인콘,083640,-20,🚨 YES,[기재정정]주요사항보고서(전환사채권발행결정),,[기재정정]주요사항보고서(전환사채권발행결정)(-15) | 최대주주변경              (-5),2026-07-28: 투자판단관련주요경영사항              (인천국제공항공사 IoT기반 탑승교 시설관리 고도화 사업 우선협상대상자 선정) | 2026-07-23: 주주총회소집공고 | 2026-07-16: 주식병합결정               | 2026-07-16: [기재정정]주주총회소집결의               | 2026-07-09: [기재정정]주요사항보고서(전환사채권발행결정),10
플리토,300080,-20,🚨 YES,주권매매거래정지              (단일판매공급계약),[기재정정]단일판매ㆍ공급계약체결              (+5) | [기재정정]단일판매ㆍ공급계약체결              (+5),주권매매거래정지              (단일판매공급계약)(-30),2026-06-29: [기재정정]단일판매ㆍ공급계약체결               | 2026-06-29: [기재정정]단일판매ㆍ공급계약체결               | 2026-06-29: 주권매매거래정지              (단일판매공급계약),3
베노티앤알,206400,-20,🚨 YES,주요사항보고서(유상증자결정),,주요사항보고서(유상증자결정)(-15) | 최대주주변경을수반하는주식양수도계약체결              (-5),2026-07-10: 주식등의대량보유상황보고서(일반) | 2026-07-09: 주식등의대량보유상황보고서(일반) | 2026-07-03: 주주명부폐쇄기간또는기준일설정               | 2026-07-03: 주요사항보고서(유상증자결정) | 2026-07-03: 최대주주변경을수반하는주식양수도계약체결              ,7
아진산업,013310,-20,🚨 YES,유상증자결정(종속회사의주요경영사항)              ,,유상증자결정(종속회사의주요경영사항)              (-15) | [기재정정]최대주주변경을수반하는주식담보제공계약체결              (-5),2026-07-29: [기재정정]신규시설투자등               | 2026-07-28: 타법인주식및출자증권취득결정               | 2026-07-28: 유상증자결정(종속회사의주요경영사항)               | 2026-07-27: [첨부정정]타인에대한채무보증결정               | 2026-07-15: 타인에대한채무보증결정              ,8
선광,003100,-20,OK,,,[기재정정]최대주주변경              (-5) | 최대주주변경              (-5) | [기재정정]최대주주변경을수반하는주식양수도계약체결              (-5) | 최대주주변경을수반하는주식양수도계약체결              (-5),2026-07-29: [기재정정]타법인주식및출자증권취득결정               | 2026-07-28: 임원ㆍ주요주주특정증권등소유상황보고서 | 2026-07-28: 임원ㆍ주요주주특정증권등소유상황보고서 | 2026-07-27: [기재정정]최대주주변경               | 2026-07-27: 최대주주변경              ,10
다이나믹디자인,145210,-20,🚨 YES,[기재정정]주요사항보고서(감자결정),,[기재정정]주요사항보고서(감자결정)(-20),2026-07-16: [기재정정]주요사항보고서(감자결정) | 2026-07-01: 임원ㆍ주요주주특정증권등소유상황보고서 | 2026-07-01: 주식등의대량보유상황보고서(일반) | 2026-07-01: 전환가액ㆍ신주인수권행사가액ㆍ교환가액의조정(안내공시)              ,4
위메이드,112040,-20,OK,,,주요사항보고서(자기주식처분결정)(-10) | [기재정정]최대주주변경을수반하는주식양수도계약체결              (-5) | 최대주주변경을수반하는주식양수도계약체결              (-5),2026-07-21: 주요사항보고서(자기주식처분결정) | 2026-07-20: 주식등의대량보유상황보고서(일반) | 2026-07-16: 결산실적공시예고               | 2026-07-06: 주식등의대량보유상황보고서(일반) | 2026-07-06: 주식등의대량보유상황보고서(일반),8
코세스,089890,-20,🚨 YES,주권매매거래정지              (단일판매공급계약),단일판매ㆍ공급계약체결              (+5) | [기재정정]단일판매ㆍ공급계약체결              (+5),주권매매거래정지              (단일판매공급계약)(-30),2026-07-13: 단일판매ㆍ공급계약체결               | 2026-07-13: 주권매매거래정지              (단일판매공급계약) | 2026-07-10: [기재정정]단일판매ㆍ공급계약체결              ,3
호텔신라,008770,-20,OK,,,[첨부정정]주요사항보고서(자기주식처분결정)(-10) | [기재정정]주요사항보고서(자기주식처분결정)(-10),2026-07-27: 결산실적공시예고(안내공시)               | 2026-07-08: 주식등의대량보유상황보고서(약식) | 2026-07-07: [첨부정정]주요사항보고서(자기주식처분결정) | 2026-07-06: [기재정정]주요사항보고서(자기주식처분결정) | 2026-07-03: 최대주주등소유주식변동신고서              ,7
다원시스,068240,-20,🚨 YES,주권매매거래정지기간변경              (상장폐지 사유 발생),[기재정정]단일판매ㆍ공급계약체결              (+5) | [기재정정]단일판매ㆍ공급계약체결              (+5),주권매매거래정지기간변경              (상장폐지 사유 발생)(-30),2026-07-28: [기재정정]거래처와의거래중단               | 2026-07-27: 주권매매거래정지기간변경              (상장폐지 사유 발생) | 2026-07-27: 기타시장안내              (기업심사위원회 개최 결과 안내) | 2026-07-15: [기재정정]거래처와의거래중단               | 2026-07-07: [기재정정]단일판매ㆍ공급계약체결              ,7
토박스코리아,215480,-20,🚨 YES,[기재정정]주요사항보고서(유상증자결정),,최대주주변경              (-5) | [기재정정]주요사항보고서(유상증자결정)(-15),2026-07-27: 소송등의제기ㆍ신청(경영권분쟁소송)              (주주명부열람등사 가처분신청) | 2026-07-27: 소송등의제기ㆍ신청(경영권분쟁소송)              (회계장부열람등사 가처분신청) | 2026-07-27: 주식등의대량보유상황보고서(일반) | 2026-07-27: 임원ㆍ주요주주특정증권등소유상황보고서 | 2026-07-27: 주식등의대량보유상황보고서(일반),18
프리티,006490,-20,🚨 YES,주요사항보고서(감자결정),,주요사항보고서(감자결정)(-20),2026-07-28: 독립이사의선임ㆍ해임또는중도퇴임에관한신고 | 2026-07-28: 임시주주총회결과               | 2026-07-27: 임원ㆍ주요주주특정증권등소유상황보고서 | 2026-07-23: 최대주주등소유주식변동신고서               | 2026-07-13: 의결권대리행사권유참고서류,9
좋은사람들,033340,-20,🚨 YES,주요사항보고서(감자결정),,주요사항보고서(감자결정)(-20),2026-07-10: 주식병합결정               | 2026-07-10: 주요사항보고서(감자결정) | 2026-07-10: 주주명부폐쇄기간또는기준일설정               | 2026-07-10: 주주총회소집결의              ,4
데이타솔루션,263800,-20,🚨 YES,주권매매거래정지              (단일판매공급계약),[기재정정]단일판매ㆍ공급계약체결              (+5) | 단일판매ㆍ공급계약체결              (+5),주권매매거래정지              (단일판매공급계약)(-30),2026-07-21: 임원ㆍ주요주주특정증권등소유상황보고서 | 2026-07-13: 임원ㆍ주요주주특정증권등소유상황보고서 | 2026-07-13: [기재정정]단일판매ㆍ공급계약체결               | 2026-07-07: 단일판매ㆍ공급계약체결               | 2026-07-07: 주권매매거래정지              (단일판매공급계약),5
성호전자,043260,-20,OK,,,[기재정정]최대주주변경을수반하는주식담보제공계약체결              (-5) | [기재정정]최대주주변경을수반하는주식담보제공계약체결              (-5) | [기재정정]최대주주변경을수반하는주식담보제공계약체결              (-5) | [기재정정]최대주주변경을수반하는주식담보제공계약체결              (-5),2026-07-29: 주식등의대량보유상황보고서(일반) | 2026-07-29: [기재정정]최대주주변경을수반하는주식담보제공계약체결               | 2026-07-29: 임원ㆍ주요주주특정증권등거래계획보고서 | 2026-07-29: 단기차입금증가결정               | 2026-07-27: 신주인수권행사              ,21
스트라드비젼,475040,-20,🚨 YES,주권매매거래정지              (단일판매공급계약),단일판매ㆍ공급계약체결              (+5) | 단일판매ㆍ공급계약체결              (+5),주권매매거래정지              (단일판매공급계약)(-30),2026-07-28: 단일판매ㆍ공급계약체결               | 2026-07-28: 임원ㆍ주요주주특정증권등소유상황보고서 | 2026-07-28: 임원ㆍ주요주주특정증권등소유상황보고서 | 2026-07-28: 임원ㆍ주요주주특정증권등소유상황보고서 | 2026-07-22: 단일판매ㆍ공급계약체결              ,17
젬백스,082270,-20,OK,,,[기재정정]최대주주변경을수반하는주식담보제공계약체결              (-5) | [기재정정]최대주주변경을수반하는주식담보제공계약체결              (-5) | [기재정정]최대주주변경을수반하는주식담보제공계약체결              (-5) | [기재정정]최대주주변경을수반하는주식담보제공계약체결              (-5),2026-07-28: [기재정정]최대주주변경을수반하는주식담보제공계약체결               | 2026-07-24: [기재정정]최대주주변경을수반하는주식담보제공계약체결               | 2026-07-22: 주식등의대량보유상황보고서(일반) | 2026-07-20: [기재정정]최대주주변경을수반하는주식담보제공계약체결               | 2026-07-15: [기재정정]최대주주변경을수반하는주식담보제공계약체결              ,5
엑스큐어,070300,-20,🚨 YES,[기재정정]주요사항보고서(전환사채권발행결정),,[기재정정]주요사항보고서(전환사채권발행결정)(-15) | [기재정정]최대주주변경을수반하는주식담보제공계약체결              (-5),2026-07-22: 본점소재지변경               | 2026-07-22: 상호변경안내               | 2026-07-22: 임시주주총회결과               | 2026-07-14: [기재정정]주주총회소집공고 | 2026-07-10: 주식등의대량보유상황보고서(약식),13
토비스,051360,-17,🚨 YES,주권매매거래정지해제              (감자 주권 변경상장),주식소각결정              (+5) | 주요사항보고서(자기주식취득결정)(+5) | 연결재무제표기준영업(잠정)실적(공정공시)              (+3),주권매매거래정지해제              (감자 주권 변경상장)(-30),2026-07-29: 주식소각결정               | 2026-07-29: 주요사항보고서(자기주식취득결정) | 2026-07-29: 연결재무제표기준영업(잠정)실적(공정공시)               | 2026-07-22: 주권매매거래정지해제              (감자 주권 변경상장) | 2026-07-20: [기재정정]증권발행실적보고서(합병등),12
휴맥스홀딩스,028080,-16,🚨 YES,기타시장안내(관리종목지정우려종목)              (시가총액 200억원 미달),[기재정정]주요사항보고서(회사합병결정)(+3) | [기재정정]주요사항보고서(회사합병결정)(+3) | 주식소각결정              (+5) | [정정명령부과]주요사항보고서(회사합병결정)(+3),기타시장안내(관리종목지정우려종목)              (시가총액 200억원 미달)(-30),2026-07-24: 기타시장안내(관리종목지정우려종목)              (시가총액 200억원 미달) | 2026-07-23: [기재정정]주요사항보고서(회사합병결정) | 2026-07-22: [기재정정]주요사항보고서(회사합병결정) | 2026-07-13: 교환사채(해외교환사채포함)발행후만기전사채취득               | 2026-07-10: 기업설명회(IR)개최              ,10
필에너지,378340,-15,🚨 YES,주권매매거래정지              (단일판매공급계약),[기재정정]단일판매ㆍ공급계약체결              (+5) | 단일판매ㆍ공급계약체결              (+5) | [기재정정]단일판매ㆍ공급계약체결              (+5),주권매매거래정지              (단일판매공급계약)(-30),2026-07-16: 임원ㆍ주요주주특정증권등소유상황보고서 | 2026-07-02: 임원ㆍ주요주주특정증권등소유상황보고서 | 2026-07-02: 임원ㆍ주요주주특정증권등소유상황보고서 | 2026-07-01: [기재정정]단일판매ㆍ공급계약체결               | 2026-07-01: 단일판매ㆍ공급계약체결              ,7
KC산업,112190,-15,🚨 YES,주요사항보고서(유상증자결정),,주요사항보고서(유상증자결정)(-15),2026-07-23: 임원ㆍ주요주주특정증권등소유상황보고서 | 2026-07-22: 주식등의대량보유상황보고서(일반) | 2026-07-22: 임원ㆍ주요주주특정증권등소유상황보고서 | 2026-07-22: 주식등의대량보유상황보고서(일반) | 2026-07-14: 증권발행결과(자율공시)              (제3자배정 유상증자),7
클로봇,466100,-15,🚨 YES,[기재정정]주요사항보고서(유상증자결정),,[기재정정]주요사항보고서(유상증자결정)(-15),2026-07-29: 임원ㆍ주요주주특정증권등소유상황보고서 | 2026-07-29: 주식등의대량보유상황보고서(일반) | 2026-07-29: 임원ㆍ주요주주특정증권등소유상황보고서 | 2026-07-29: 임원ㆍ주요주주특정증권등소유상황보고서 | 2026-07-29: 임원ㆍ주요주주특정증권등소유상황보고서,14
휴림에이텍,078590,-15,🚨 YES,[기재정정]주요사항보고서(유상증자결정),,[기재정정]주요사항보고서(유상증자결정)(-15),2026-07-16: 임시주주총회결과               | 2026-07-13: [기재정정]주요사항보고서(유상증자결정) | 2026-07-10: 정정신고서제출요구( 2026.06.26. 제출 증권신고서(지분증권) ) | 2026-06-30: 주주총회소집공고,4
넥스트아이,137940,-15,🚨 YES,주요사항보고서(유상증자결정),,주요사항보고서(유상증자결정)(-15),2026-07-10: 임원ㆍ주요주주특정증권등소유상황보고서 | 2026-07-10: 주식등의대량보유상황보고서(일반) | 2026-07-09: 증권발행결과(자율공시)               | 2026-07-03: [기재정정]사업보고서 (2025.12) | 2026-06-30: 주요사항보고서(유상증자결정),5
롯데지주,004990,-15,🚨 YES,유상증자결정(종속회사의주요경영사항)              ,,유상증자결정(종속회사의주요경영사항)              (-15),2026-07-27: 특수관계인에대한출자 | 2026-07-22: 투자판단관련주요경영사항(자회사의 주요경영사항)               | 2026-07-06: 유상증자결정(종속회사의주요경영사항)               | 2026-07-03: 주식등의대량보유상황보고서(일반) | 2026-06-30: 지속가능경영보고서등관련사항(자율공시)              ,5
뉴인텍,012340,-15,🚨 YES,주요사항보고서(유상증자결정),,주요사항보고서(유상증자결정)(-15),2026-07-28: 임원ㆍ주요주주특정증권등소유상황보고서 | 2026-07-28: 주식등의대량보유상황보고서(일반) | 2026-07-22: 증권발행결과(자율공시)              (제3자배정 유상증자) | 2026-07-14: 주요사항보고서(유상증자결정) | 2026-07-07: 주식등의대량보유상황보고서(일반),10
케이알엠,093640,-15,🚨 YES,[첨부정정]주요사항보고서(전환사채권발행결정),,[첨부정정]주요사항보고서(전환사채권발행결정)(-15),2026-07-14: [첨부정정]주요사항보고서(전환사채권발행결정),1
드림시큐리티,203650,-15,🚨 YES,주요사항보고서(전환사채권발행결정),,주요사항보고서(전환사채권발행결정)(-15),2026-07-22: 주요사항보고서(전환사채권발행결정),1
에넥스,011090,-15,🚨 YES,주요사항보고서(유상증자결정),,주요사항보고서(유상증자결정)(-15),2026-07-21: 주요사항보고서(유상증자결정) | 2026-07-21: 주주명부폐쇄기간또는기준일설정               | 2026-07-21: 주주총회소집결의               | 2026-06-30: 주식등의대량보유상황보고서(일반) | 2026-06-30: 최대주주등소유주식변동신고서              ,5
라이콤,388790,-15,🚨 YES,주요사항보고서(전환사채권발행결정),,주요사항보고서(전환사채권발행결정)(-15),2026-07-16: 증권발행결과(자율공시)               | 2026-07-08: 주요사항보고서(전환사채권발행결정),2
바이오프로테크,199290,-15,🚨 YES,[기재정정]주요사항보고서(전환사채권발행결정),,[기재정정]주요사항보고서(전환사채권발행결정)(-15),2026-07-09: [기재정정]주요사항보고서(전환사채권발행결정),1
경남제약,053950,-15,🚨 YES,[기재정정]주요사항보고서(유상증자결정),,[기재정정]주요사항보고서(유상증자결정)(-15),2026-07-10: [기재정정]증권발행결과(자율공시)               | 2026-07-10: [기재정정]주요사항보고서(유상증자결정) | 2026-07-08: 임원ㆍ주요주주특정증권등소유상황보고서 | 2026-07-08: 주식등의대량보유상황보고서(일반) | 2026-07-07: 타법인주식및출자증권취득결정              ,9
쏘카,403550,-15,🚨 YES,[기재정정]유상증자결정(종속회사의주요경영사항)              ,,[기재정정]유상증자결정(종속회사의주요경영사항)              (-15),2026-07-29: 최대주주등소유주식변동신고서               | 2026-07-29: 임원ㆍ주요주주특정증권등소유상황보고서 | 2026-07-29: 주식등의대량보유상황보고서(일반) | 2026-07-28: 임원ㆍ주요주주특정증권등소유상황보고서 | 2026-07-28: 임원ㆍ주요주주특정증권등소유상황보고서,17
SG,255220,-15,🚨 YES,[기재정정]주요사항보고서(유상증자결정),,[기재정정]주요사항보고서(유상증자결정)(-15),2026-07-20: 권리락              (유상증자) | 2026-07-20: [기재정정]투자설명서 | 2026-07-20: [발행조건확정]증권신고서(지분증권) | 2026-07-20: [기재정정]주요사항보고서(유상증자결정) | 2026-07-20: 유상증자1차발행가액결정              ,9
아이큐어,175250,-15,🚨 YES,주요사항보고서(유상증자결정),,주요사항보고서(유상증자결정)(-15),2026-07-24: 소송등의판결ㆍ결정              (직무집행정지가처분-취하) | 2026-07-22: 의결권대리행사권유참고서류 | 2026-07-22: 주주총회소집공고 | 2026-07-21: [기재정정]주주총회소집결의              (임시주주총회) | 2026-07-13: 기타시장안내              (개선기간 종료에 따른 상장폐지 여부 결정 안내),10
넥스트칩,396270,-15,🚨 YES,주요사항보고서(전환사채권발행결정),,주요사항보고서(전환사채권발행결정)(-15),2026-07-22: 증권발행결과(자율공시)              (제2회차 CB) | 2026-07-14: 주요사항보고서(전환사채권발행결정),2
오가닉티코스메틱,900300,-15,🚨 YES,[기재정정]주요사항보고서(유상증자결정),,[기재정정]주요사항보고서(유상증자결정)(-15),2026-07-28: 주주총회소집결의              (임시주주총회) | 2026-07-28: 주주명부폐쇄기간또는기준일설정               | 2026-07-08: 주식등의대량보유상황보고서(약식) | 2026-07-08: 주식등의대량보유상황보고서(약식) | 2026-07-08: 주식등의대량보유상황보고서(약식),8
모티브링크,463480,-15,OK,,,최대주주변경              (-5) | [기재정정]최대주주변경을수반하는주식양수도계약체결              (-5) | 최대주주변경을수반하는주식양수도계약체결              (-5),2026-07-22: 임원ㆍ주요주주특정증권등소유상황보고서 | 2026-07-22: 주식등의대량보유상황보고서(일반) | 2026-07-22: 임원ㆍ주요주주특정증권등소유상황보고서 | 2026-07-22: 임원ㆍ주요주주특정증권등소유상황보고서 | 2026-07-22: 주식등의대량보유상황보고서(일반),10
중앙첨단소재,051980,-15,🚨 YES,[첨부정정]주요사항보고서(전환사채권발행결정),,[첨부정정]주요사항보고서(전환사채권발행결정)(-15),2026-07-28: 의결권대리행사권유참고서류 | 2026-07-28: 주주총회소집공고 | 2026-07-27: 주식병합결정               | 2026-07-27: [기재정정]주주총회소집결의              (임시주주총회) | 2026-07-07: [첨부정정]주요사항보고서(전환사채권발행결정),7
플라즈맵,405000,-15,🚨 YES,주요사항보고서(유상증자결정),,주요사항보고서(유상증자결정)(-15),2026-07-24: 주식등의대량보유상황보고서(약식) | 2026-07-23: 주요사항보고서(유상증자결정) | 2026-07-22: 조회공시요구(현저한시황변동)에대한답변(미확정)               | 2026-07-21: 조회공시요구(현저한시황변동)              ,4
고려아연,010130,-15,🚨 YES,유상증자결정(종속회사의주요경영사항)              ,,유상증자결정(종속회사의주요경영사항)              (-15),2026-07-28: 풍문또는보도에대한해명               | 2026-07-27: 소송등의제기ㆍ신청(경영권분쟁소송)               | 2026-07-24: 소송등의제기ㆍ신청(경영권분쟁소송)               | 2026-07-21: 유상증자결정(종속회사의주요경영사항)               | 2026-07-21: 주주총회소집결의              ,12
사토시홀딩스,223310,-15,🚨 YES,주요사항보고서(전환사채권발행결정),,주요사항보고서(전환사채권발행결정)(-15),2026-07-27: 주주총회소집결의              (임시주주총회) | 2026-07-27: 주주명부폐쇄기간또는기준일설정               | 2026-07-21: 주요사항보고서(자기전환사채만기전취득결정) | 2026-07-20: 임원ㆍ주요주주특정증권등소유상황보고서 | 2026-07-20: 주식등의대량보유상황보고서(일반),10
CMG제약,058820,-15,🚨 YES,주요사항보고서(전환사채권발행결정),,주요사항보고서(전환사채권발행결정)(-15),2026-07-22: 주주명부폐쇄기간또는기준일설정               | 2026-07-22: 주주총회소집결의              (임시주주총회) | 2026-07-22: 주식병합결정               | 2026-07-13: 전환사채(해외전환사채포함)발행후만기전사채취득               | 2026-07-07: 증권발행결과(자율공시)              ,7
엑시큐어하이트론,019490,-15,🚨 YES,[기재정정]주요사항보고서(전환사채권발행결정),,[기재정정]주요사항보고서(전환사채권발행결정)(-15),2026-06-30: [기재정정]주요사항보고서(전환사채권발행결정),1
뉴온,123840,-15,🚨 YES,주요사항보고서(유상증자결정),,주요사항보고서(유상증자결정)(-15),2026-07-16: 임원ㆍ주요주주특정증권등소유상황보고서 | 2026-07-16: 주식등의대량보유상황보고서(일반) | 2026-07-14: 주권관련사채권의취득결정(자율공시)               | 2026-07-14: 주권관련사채권의취득결정               | 2026-07-14: 증권발행결과(자율공시)              (제3자배정 유상증자),6
제테마,216080,-15,🚨 YES,[첨부정정]주요사항보고서(전환사채권발행결정),,[첨부정정]주요사항보고서(전환사채권발행결정)(-15),2026-07-07: [첨부정정]주요사항보고서(전환사채권발행결정) | 2026-07-03: 주식등의대량보유상황보고서(일반) | 2026-07-03: 임원ㆍ주요주주특정증권등소유상황보고서 | 2026-07-02: 투자판단관련주요경영사항              (제테마더톡신주 100단위(클로스트리디움 보툴리눔독소 A형)의 태국 (TFDA) 품목허가 획득) | 2026-07-02: [기재정정]임원ㆍ주요주주특정증권등소유상황보고서,8
에이팸,073070,-15,🚨 YES,유상증자결정,,유상증자결정(-15),2026-07-13: 유상증자결정,1
금양,001570,-15,🚨 YES,[기재정정]주요사항보고서(유상증자결정),,[기재정정]주요사항보고서(유상증자결정)(-15),2026-06-30: [기재정정]주요사항보고서(유상증자결정) | 2026-06-30: [기재정정]신규시설투자등               | 2026-06-30: [기재정정]신규시설투자등               | 2026-06-30: [기재정정]신규시설투자등              ,4
아이티엠반도체,084850,-15,🚨 YES,주요사항보고서(전환사채권발행결정),,주요사항보고서(전환사채권발행결정)(-15),2026-07-28: 타인에대한채무보증결정               | 2026-07-22: 주요사항보고서(전환사채권발행결정) | 2026-07-20: 교환사채(해외교환사채포함)발행후만기전사채취득               | 2026-07-16: 단기차입금증가결정               | 2026-07-07: 임원ㆍ주요주주특정증권등소유상황보고서,6
핑거,163730,-15,🚨 YES,[기재정정]주요사항보고서(신주인수권부사채권발행결정),,[기재정정]주요사항보고서(신주인수권부사채권발행결정)(-15),2026-07-27: 주식등의대량보유상황보고서(일반) | 2026-07-16: 주식등의대량보유상황보고서(일반) | 2026-07-16: 주식등의대량보유상황보고서(일반) | 2026-06-30: [기재정정]주요사항보고서(신주인수권부사채권발행결정) | 2026-06-30: 임원ㆍ주요주주특정증권등소유상황보고서,6
두산건설,011160,-15,🚨 YES,주요사항보고서(전환사채권발행결정),,주요사항보고서(전환사채권발행결정)(-15),2026-07-21: 특수관계인에대한사모사채발행의결 | 2026-07-21: 주요사항보고서(전환사채권발행결정),2
에코글로우,159910,-15,🚨 YES,주요사항보고서(전환사채권발행결정),[기재정정]단일판매ㆍ공급계약체결              (+5),[기재정정]최대주주변경을수반하는주식담보제공계약체결              (-5) | 주요사항보고서(전환사채권발행결정)(-15),2026-07-29: 증권발행결과(자율공시)              (제18회차 CB) | 2026-07-28: 주식등의대량보유상황보고서(일반) | 2026-07-28: 임원ㆍ주요주주특정증권등소유상황보고서 | 2026-07-28: 주식등의대량보유상황보고서(일반) | 2026-07-28: 임원ㆍ주요주주특정증권등소유상황보고서,14
이화산업,000760,-15,OK,,,최대주주변경              (-5) | [기재정정]최대주주등소유주식변동신고서(최대주주변경시)              (-5) | 최대주주등소유주식변동신고서(최대주주변경시)              (-5),2026-07-13: 주식등의대량보유상황보고서(일반) | 2026-07-13: 주식등의대량보유상황보고서(일반) | 2026-07-13: 임원ㆍ주요주주특정증권등소유상황보고서 | 2026-07-13: 임원ㆍ주요주주특정증권등소유상황보고서 | 2026-07-13: 임원ㆍ주요주주특정증권등소유상황보고서,13
킵스파마,256940,-15,🚨 YES,[기재정정]주요사항보고서(전환사채권발행결정),,[기재정정]주요사항보고서(전환사채권발행결정)(-15),2026-07-24: 주식등의대량보유상황보고서(일반) | 2026-07-06: [기재정정]주요사항보고서(전환사채권발행결정),2
GRT,900290,-15,🚨 YES,[기재정정]주요사항보고서(유상증자결정),,[기재정정]주요사항보고서(유상증자결정)(-15),2026-07-21: [기재정정]주요사항보고서(유상증자결정) | 2026-07-15: 기업설명회(IR)개최               | 2026-07-07: 주식등의대량보유상황보고서(일반) | 2026-07-07: 주식등의대량보유상황보고서(일반),4
콘텐트리중앙,036420,-15,🚨 YES,[기재정정]주요사항보고서(전환사채권발행결정),,[기재정정]주요사항보고서(전환사채권발행결정)(-15),2026-07-21: 풍문또는보도에대한해명(미확정)               | 2026-07-01: 풍문또는보도에대한해명(자회사의 주요경영사항)               | 2026-06-30: [기재정정]타법인주식및출자증권취득결정               | 2026-06-30: [기재정정]자기전환사채만기전취득결정               | 2026-06-30: [기재정정]주요사항보고서(전환사채권발행결정),7
덕산하이메탈,077360,-15,🚨 YES,유상증자결정(종속회사의주요경영사항)              ,,유상증자결정(종속회사의주요경영사항)              (-15),2026-07-24: 유상증자결정(종속회사의주요경영사항)               | 2026-07-01: 주식등의대량보유상황보고서(약식),2
유한코스메틱,069110,-15,🚨 YES,주요사항보고서(유상증자결정),,주요사항보고서(유상증자결정)(-15),2026-07-22: 주요사항보고서(유상증자결정),1
센서뷰,321370,-15,🚨 YES,[기재정정]주요사항보고서(유상증자결정),,[기재정정]주요사항보고서(유상증자결정)(-15),2026-07-27: 임원ㆍ주요주주특정증권등소유상황보고서 | 2026-07-27: 주식등의대량보유상황보고서(일반) | 2026-07-27: 임원ㆍ주요주주특정증권등소유상황보고서 | 2026-07-27: 임원ㆍ주요주주특정증권등소유상황보고서 | 2026-07-24: 임원ㆍ주요주주특정증권등소유상황보고서,19
코스맥스엔비티,222040,-15,🚨 YES,유상증자결정(종속회사의주요경영사항)              ,,유상증자결정(종속회사의주요경영사항)              (-15),2026-07-28: 유형자산처분결정(종속회사의주요경영사항)               | 2026-07-15: 유상증자결정(종속회사의주요경영사항)               | 2026-07-15: 타법인주식및출자증권취득결정               | 2026-07-06: 주식등의대량보유상황보고서(일반) | 2026-07-02: 임원ㆍ주요주주특정증권등소유상황보고서,7
형지글로벌,308100,-15,🚨 YES,주요사항보고서(유상증자결정),,주요사항보고서(유상증자결정)(-15),2026-07-15: 전환가액의조정               | 2026-07-08: 증권발행결과(자율공시)               | 2026-07-06: 임원ㆍ주요주주특정증권등소유상황보고서 | 2026-06-30: 임원ㆍ주요주주특정증권등소유상황보고서 | 2026-06-30: 주요사항보고서(유상증자결정),5
케이바이오랩스,038530,-15,🚨 YES,주요사항보고서(유상증자결정),,주요사항보고서(유상증자결정)(-15),2026-07-28: 주주총회소집공고 | 2026-07-16: [기재정정]주주총회소집결의              (임시주주총회) | 2026-07-16: 주식병합결정               | 2026-07-16: 임원ㆍ주요주주특정증권등소유상황보고서 | 2026-07-16: 주식등의대량보유상황보고서(일반),10
테라사이언스,073640,-15,🚨 YES,[기재정정]주요사항보고서(유상증자결정),,[기재정정]주요사항보고서(유상증자결정)(-15),2026-07-24: [기재정정]타법인주식및출자증권처분결정               | 2026-07-23: [기재정정]타법인주식및출자증권처분결정               | 2026-07-23: [기재정정]주요사항보고서(타법인주식및출자증권양도결정) | 2026-07-23: [기재정정]타법인주식및출자증권처분결정(자율공시)               | 2026-07-22: 투자판단관련주요경영사항              (경영지배인 선임),10
우성머티리얼스,011300,-15,🚨 YES,주요사항보고서(유상증자결정),,주요사항보고서(유상증자결정)(-15),2026-07-24: 유상증자또는주식관련사채등의발행결과(자율공시)               | 2026-07-24: 소액공모실적보고서 | 2026-07-16: 소액공모공시서류(지분증권) | 2026-07-16: 주요사항보고서(유상증자결정),4
에코프로비엠,247540,-15,🚨 YES,주요사항보고서(유상증자결정),,주요사항보고서(유상증자결정)(-15),2026-07-24: [기재정정]증권신고서(지분증권) | 2026-07-14: 정정신고서제출요구( 2026.06.30. 제출 증권신고서(지분증권) ) | 2026-07-10: 기업설명회(IR)개최               | 2026-07-10: 결산실적공시예고               | 2026-07-10: 기업설명회(IR)개최              ,13
인트론바이오,048530,-15,🚨 YES,주요사항보고서(전환사채권발행결정),,주요사항보고서(전환사채권발행결정)(-15),2026-07-21: 주식등의대량보유상황보고서(일반) | 2026-07-15: 증권발행결과(자율공시)               | 2026-07-03: 주식등의대량보유상황보고서(일반) | 2026-06-30: 주요사항보고서(전환사채권발행결정),4
아이오케이이엔엠,078860,-15,🚨 YES,[기재정정]주요사항보고서(유상증자결정),,[기재정정]주요사항보고서(유상증자결정)(-15),2026-07-29: [기재정정]주요사항보고서(유상증자결정) | 2026-07-10: 전환가액의조정              (제22회차),2
이노진,344860,-15,🚨 YES,주요사항보고서(유상증자결정),,주요사항보고서(유상증자결정)(-15),2026-07-27: 증권발행결과(자율공시)               | 2026-07-23: 주주총회소집공고 | 2026-07-23: [기재정정]주주총회소집결의              (임시주주총회) | 2026-06-30: 주주총회소집결의              (임시주주총회) | 2026-06-30: 주주명부폐쇄기간또는기준일설정              ,7
아센디오,012170,-15,🚨 YES,주요사항보고서(유상증자결정),,주요사항보고서(유상증자결정)(-15),2026-07-27: 투자유의안내               | 2026-07-23: 임시주주총회결과               | 2026-07-16: 주주명부폐쇄기간또는기준일설정               | 2026-07-16: 주주총회소집결의               | 2026-07-08: [기재정정]주주총회소집공고,12
대양금속,009190,-15,🚨 YES,주요사항보고서(전환사채권발행결정),,주요사항보고서(전환사채권발행결정)(-15),2026-07-23: 주요사항보고서(전환사채권발행결정) | 2026-07-20: 주식등의대량보유상황보고서(일반) | 2026-07-07: [기재정정]주주총회소집결의              ,3
나노실리칸첨단소재,286750,-15,🚨 YES,[기재정정]주요사항보고서(전환사채권발행결정),,[기재정정]주요사항보고서(전환사채권발행결정)(-15),2026-07-21: 전환가액의조정              (제2회차) | 2026-07-03: 임시주주총회결과               | 2026-07-03: [기재정정]주요사항보고서(전환사채권발행결정),3
이엔플러스,074610,-15,🚨 YES,[기재정정]주요사항보고서(전환사채권발행결정),,[기재정정]주요사항보고서(전환사채권발행결정)(-15),2026-07-16: 소송등의제기ㆍ신청(경영권분쟁소송)               | 2026-07-07: 주식등의대량보유상황보고서(약식) | 2026-07-03: [기재정정]주요사항보고서(전환사채권발행결정) | 2026-07-03: 불성실공시법인지정              ,4
세종텔레콤,036630,-15,🚨 YES,주요사항보고서(유상증자결정),,주요사항보고서(유상증자결정)(-15),2026-07-24: 주식등의대량보유상황보고서(일반) | 2026-07-24: 임원ㆍ주요주주특정증권등소유상황보고서 | 2026-07-22: 임원ㆍ주요주주특정증권등거래계획보고서 | 2026-07-16: 증권발행결과(자율공시)               | 2026-07-06: 주요사항보고서(유상증자결정),6
라피치,403360,-15,🚨 YES,주요사항보고서(유상증자결정),,주요사항보고서(유상증자결정)(-15),2026-07-24: 증권발행결과(자율공시)               | 2026-07-21: [기재정정]주식등의대량보유상황보고서(약식) | 2026-07-20: 주식등의대량보유상황보고서(약식) | 2026-07-14: 주요사항보고서(유상증자결정),4
아이텍,119830,-15,🚨 YES,[기재정정]주요사항보고서(유상증자결정),,[기재정정]주요사항보고서(유상증자결정)(-15),2026-07-27: 주식등의대량보유상황보고서(일반) | 2026-07-15: 주식등의대량보유상황보고서(일반) | 2026-07-14: 주식등의대량보유상황보고서(일반) | 2026-07-13: 전환사채(해외전환사채포함)발행후만기전사채취득               | 2026-07-09: [기재정정]주요사항보고서(유상증자결정),6
아이에이,038880,-15,🚨 YES,[첨부추가]주요사항보고서(전환사채권발행결정),,[첨부추가]주요사항보고서(전환사채권발행결정)(-15),2026-07-21: 증권발행결과(자율공시)              (제9회차 CB) | 2026-07-21: 주식등의대량보유상황보고서(약식) | 2026-07-21: 주식등의대량보유상황보고서(약식) | 2026-07-20: 임원ㆍ주요주주특정증권등소유상황보고서 | 2026-07-13: [첨부추가]주요사항보고서(전환사채권발행결정),8
SKAI,357880,-15,🚨 YES,주요사항보고서(전환사채권발행결정),,주요사항보고서(전환사채권발행결정)(-15),2026-07-29: 전환청구권행사               | 2026-07-22: 주요사항보고서(전환사채권발행결정) | 2026-07-10: 임원ㆍ주요주주특정증권등소유상황보고서 | 2026-07-10: 주식등의대량보유상황보고서(일반),4
LS에코에너지,229640,-15,🚨 YES,주요사항보고서(전환사채권발행결정),,주요사항보고서(전환사채권발행결정)(-15),2026-07-27: 주권관련사채권의취득결정               | 2026-07-27: 주요사항보고서(전환사채권발행결정) | 2026-07-27: 타인에대한채무보증결정               | 2026-07-24: 기업설명회(IR)개최(안내공시)              ,4
아이에이치큐,003560,-15,🚨 YES,[기재정정]주요사항보고서(유상증자결정),,[기재정정]주요사항보고서(유상증자결정)(-15),2026-07-22: [기재정정]주요사항보고서(유상증자결정),1
아리바이오LAB,261780,-15,🚨 YES,주요사항보고서(유상증자결정),,주요사항보고서(유상증자결정)(-15),2026-07-23: 주요사항보고서(유상증자결정) | 2026-07-15: 의결권대리행사권유참고서류 | 2026-07-15: 주주총회소집공고 | 2026-07-15: [기재정정]주주총회소집결의               | 2026-06-30: [기재정정]주식매수선택권부여에관한신고,8
티에스이,131290,-15,🚨 YES,주요사항보고서(전환사채권발행결정),,주요사항보고서(전환사채권발행결정)(-15),2026-07-22: 증권발행결과(자율공시)               | 2026-07-10: 주요사항보고서(전환사채권발행결정) | 2026-07-01: 주식등의대량보유상황보고서(일반),3
툴젠,199800,-15,🚨 YES,[기재정정]주요사항보고서(유상증자결정),,[기재정정]주요사항보고서(유상증자결정)(-15),2026-07-22: [기재정정]증권신고서(지분증권) | 2026-07-22: [기재정정]주요사항보고서(유상증자결정) | 2026-07-20: [기재정정]증권신고서(지분증권) | 2026-07-08: 주식등의대량보유상황보고서(일반) | 2026-07-08: 임원ㆍ주요주주특정증권등소유상황보고서,8
신한글로벌액티브리츠,481850,-15,🚨 YES,유상증자결정(종속회사의주요경영사항)              ,,유상증자결정(종속회사의주요경영사항)              (-15),2026-07-24: 유상증자결정(종속회사의주요경영사항)               | 2026-07-15: 반기보고서 (2026.05),2
신한알파리츠,293940,-15,🚨 YES,유상증자결정(자율공시)(종속회사의주요경영사항)              ,,유상증자결정(자율공시)(종속회사의주요경영사항)              (-15),2026-07-24: 유상증자결정(자율공시)(종속회사의주요경영사항)               | 2026-07-24: 타법인주식및출자증권취득결정               | 2026-07-24: 부동산투자회사자금차입               | 2026-07-23: 임원ㆍ주요주주특정증권등소유상황보고서 | 2026-07-16: 임원ㆍ주요주주특정증권등소유상황보고서,8
진영,285800,-15,🚨 YES,주요사항보고서(유상증자결정),,주요사항보고서(유상증자결정)(-15),2026-07-29: 주식등의대량보유상황보고서(일반) | 2026-07-24: 증권발행결과(자율공시)               | 2026-07-23: 주주총회소집공고 | 2026-07-16: 주요사항보고서(유상증자결정) | 2026-06-29: 주주명부폐쇄기간또는기준일설정              ,7
풀무원,017810,-15,🚨 YES,주요사항보고서(유상증자결정),,주요사항보고서(유상증자결정)(-15),2026-07-29: 주요사항보고서(유상증자결정) | 2026-07-29: 주요사항보고서(자본으로인정되는채무증권발행결정),2
LB세미콘,061970,-15,🚨 YES,[기재정정]주요사항보고서(유상증자결정),,[기재정정]주요사항보고서(유상증자결정)(-15),2026-07-28: 주식등의대량보유상황보고서(약식) | 2026-07-28: 주식등의대량보유상황보고서(약식) | 2026-07-27: 임원ㆍ주요주주특정증권등소유상황보고서 | 2026-07-23: 주식등의대량보유상황보고서(일반) | 2026-07-23: 임원ㆍ주요주주특정증권등소유상황보고서,13
알엔투테크놀로지,148250,-15,🚨 YES,주요사항보고서(유상증자결정),,주요사항보고서(유상증자결정)(-15),2026-07-24: 불성실공시법인지정예고              (공시불이행) | 2026-07-23: 주식등의대량보유상황보고서(일반) | 2026-07-20: [기재정정]주주명부폐쇄기간또는기준일설정               | 2026-07-20: [기재정정]주주총회소집결의              (임시주주총회) | 2026-07-13: [기재정정]주주총회소집결의              (임시주주총회),12
한화,000880,-15,🚨 YES,[기재정정]유상증자결정(종속회사의주요경영사항)              ,,[기재정정]유상증자결정(종속회사의주요경영사항)              (-15),2026-07-27: 중대재해발생(종속회사의주요경영사항)               | 2026-07-23: [기재정정]주식등의대량보유상황보고서(일반) | 2026-07-23: 주식등의대량보유상황보고서(일반) | 2026-07-21: [기재정정]특수관계인에대한출자 | 2026-07-21: 약관에의한금융거래시계열금융회사의거래상대방의공시,12
넥스틸,092790,-15,🚨 YES,[기재정정]주요사항보고서(전환사채권발행결정),,[기재정정]주요사항보고서(전환사채권발행결정)(-15),2026-07-22: 타법인주식및출자증권취득결정               | 2026-07-02: 주식등의대량보유상황보고서(약식) | 2026-06-30: 유상증자또는주식관련사채등의발행결과(자율공시)               | 2026-06-29: [기재정정]주요사항보고서(전환사채권발행결정),4
네이처셀,007390,-15,🚨 YES,주요사항보고서(전환사채권발행결정),,주요사항보고서(전환사채권발행결정)(-15),2026-07-22: 주요사항보고서(전환사채권발행결정) | 2026-07-09: 기타경영사항(자율공시)              (조인트스템 품목허가 반려 처분 취소 청구소송 1심 판결 결과),2
팸텍,271830,-15,🚨 YES,주요사항보고서(전환사채권발행결정),,주요사항보고서(전환사채권발행결정)(-15),2026-07-10: 주식등의대량보유상황보고서(약식) | 2026-07-10: 증권발행결과(자율공시)               | 2026-07-08: 주식등의대량보유상황보고서(약식) | 2026-07-03: 주식등의대량보유상황보고서(약식) | 2026-07-02: 주요사항보고서(전환사채권발행결정),5
서한,011370,-15,🚨 YES,[첨부정정]주요사항보고서(신주인수권부사채권발행결정),,[첨부정정]주요사항보고서(신주인수권부사채권발행결정)(-15),2026-07-29: 임시주주총회결과               | 2026-07-28: [첨부정정]주요사항보고서(신주인수권부사채권발행결정) | 2026-07-14: 주주총회소집공고 | 2026-07-03: [첨부정정]사업보고서 (2025.12) | 2026-07-03: [기재정정]사업보고서 (2025.12),5
손오공,066910,-15,🚨 YES,[기재정정]주요사항보고서(유상증자결정),,[기재정정]주요사항보고서(유상증자결정)(-15),2026-07-23: 임원ㆍ주요주주특정증권등소유상황보고서 | 2026-07-23: 주식등의대량보유상황보고서(일반) | 2026-07-23: 주요사항보고서(자기전환사채만기전취득결정) | 2026-07-22: 증권발행결과(자율공시)               | 2026-07-20: 주주명부폐쇄기간또는기준일설정              ,9
텔콘RF제약,200230,-15,🚨 YES,주요사항보고서(유상증자결정),[기재정정]단일판매ㆍ공급계약체결              (+5),최대주주변경              (-5) | 주요사항보고서(유상증자결정)(-15),2026-07-27: 기타시장안내(최대주주의의무보유관련)              (최대주주의 의무보유 이행 관련) | 2026-07-24: 전환가액의조정               | 2026-07-16: 주식등의대량보유상황보고서(일반) | 2026-07-16: 임원ㆍ주요주주특정증권등소유상황보고서 | 2026-07-16: 임원ㆍ주요주주특정증권등소유상황보고서,15
케이에이치건설,226360,-15,🚨 YES,[기재정정]주요사항보고서(유상증자결정),,[기재정정]주요사항보고서(유상증자결정)(-15),2026-07-22: [기재정정]주요사항보고서(유상증자결정),1
비트맥스,377030,-15,🚨 YES,[기재정정]주요사항보고서(유상증자결정),,[기재정정]주요사항보고서(유상증자결정)(-15),2026-07-07: 주식등의대량보유상황보고서(약식) | 2026-07-07: 주식등의대량보유상황보고서(약식) | 2026-07-07: [기재정정]주요사항보고서(유상증자결정) | 2026-07-07: 주요사항보고서(자기전환사채만기전취득결정) | 2026-06-29: 증권발행결과(자율공시)              (제3자배정 유상증자),6
서울전자통신,027040,-15,🚨 YES,[기재정정]주요사항보고서(유상증자결정),,[기재정정]주요사항보고서(유상증자결정)(-15),2026-07-29: [기재정정]주요사항보고서(유상증자결정) | 2026-07-20: 임원ㆍ주요주주특정증권등소유상황보고서 | 2026-07-16: 독립이사의선임ㆍ해임또는중도퇴임에관한신고 | 2026-07-16: 투자판단관련주요경영사항              (경영지배인 사임) | 2026-07-16: 대표이사변경              ,9
계양전기,012200,-15,🚨 YES,[기재정정]주요사항보고서(유상증자결정),,[기재정정]주요사항보고서(유상증자결정)(-15),2026-07-24: [기재정정]투자설명서 | 2026-07-24: [발행조건확정]증권신고서(지분증권) | 2026-07-24: [기재정정]주요사항보고서(유상증자결정) | 2026-07-24: 유상증자신주발행가액(안내공시)              ,4
신스틸,162300,-15,🚨 YES,유상증자결정(종속회사의주요경영사항)              ,,유상증자결정(종속회사의주요경영사항)              (-15),2026-07-24: 유상증자결정(종속회사의주요경영사항)               | 2026-07-23: 타법인주식및출자증권취득결정               | 2026-07-21: 금전대여결정              ,3
로지스몬,223220,-15,🚨 YES,주요사항보고서(유상증자결정),,주요사항보고서(유상증자결정)(-15),2026-07-29: 주요사항보고서(유상증자결정) | 2026-07-28: 불성실공시법인지정              (공시번복 2건) | 2026-07-14: [기재정정]주주총회소집결의               | 2026-07-09: 소송등의제기ㆍ신청(경영권분쟁소송)               | 2026-07-09: 불성실공시법인지정예고              (공시번복 2건),7
에코프로,086520,-15,🚨 YES,유상증자결정(종속회사의주요경영사항)              ,,유상증자결정(종속회사의주요경영사항)              (-15),2026-07-21: 주식등의대량보유상황보고서(약식) | 2026-07-13: 주식등의대량보유상황보고서(일반) | 2026-07-13: 기업설명회(IR)개최               | 2026-07-13: 결산실적공시예고               | 2026-07-03: 주식등의대량보유상황보고서(일반),8
소프트캠프,258790,-12,🚨 YES,[첨부정정]주요사항보고서(전환사채권발행결정),연결재무제표기준영업(잠정)실적(공정공시)              (+3),[첨부정정]주요사항보고서(전환사채권발행결정)(-15),2026-07-27: 주식등의대량보유상황보고서(일반) | 2026-07-27: 임원ㆍ주요주주특정증권등소유상황보고서 | 2026-07-14: 연결재무제표기준영업(잠정)실적(공정공시)               | 2026-07-10: [첨부정정]주요사항보고서(전환사채권발행결정) | 2026-07-06: 타법인주식및출자증권처분결정              ,5
주연테크,044380,-12,🚨 YES,주요사항보고서(유상증자결정),영업(잠정)실적(공정공시)              (+3),주요사항보고서(유상증자결정)(-15),2026-07-29: 유상증자또는주식관련사채등의발행결과(자율공시)               | 2026-07-27: 대표이사(대표집행임원)변경(안내공시)               | 2026-07-22: 임시주주총회결과               | 2026-07-20: 임원ㆍ주요주주특정증권등거래계획보고서 | 2026-07-20: 주요사항보고서(유상증자결정),9
SK디앤디,210980,-10,🚨 YES,주요사항보고서(유상증자결정),단일판매ㆍ공급계약체결              (+5),주요사항보고서(유상증자결정)(-15),2026-07-28: 주주명부폐쇄기간또는기준일설정               | 2026-07-28: 기업설명회(IR)개최(안내공시)               | 2026-07-28: 증권신고서(지분증권) | 2026-07-28: 주요사항보고서(유상증자결정) | 2026-07-22: [기재정정]주주총회소집결의              ,14
제이브이엠,054950,-10,OK,,,주요사항보고서(자기주식처분결정)(-10),2026-07-29: 임원ㆍ주요주주특정증권등소유상황보고서 | 2026-07-29: 임원ㆍ주요주주특정증권등소유상황보고서 | 2026-07-29: 임원ㆍ주요주주특정증권등소유상황보고서 | 2026-07-29: 임원ㆍ주요주주특정증권등소유상황보고서 | 2026-07-29: 임원ㆍ주요주주특정증권등소유상황보고서,10
파버나인,177830,-10,OK,,,[기재정정]최대주주변경을수반하는주식담보제공계약체결              (-5) | [기재정정]최대주주변경을수반하는주식담보제공계약체결              (-5),2026-07-21: 금전대여결정              (금정대여결정) | 2026-07-16: 자산재평가결과(자율공시)               | 2026-07-13: 주식등의대량보유상황보고서(일반) | 2026-07-13: [기재정정]최대주주변경을수반하는주식담보제공계약체결               | 2026-07-03: 주식등의대량보유상황보고서(일반),6
프로이천,321260,-10,OK,,,주요사항보고서(자기주식처분결정)(-10),2026-07-21: 임원ㆍ주요주주특정증권등소유상황보고서 | 2026-07-20: 주식등의대량보유상황보고서(일반) | 2026-07-14: 주요사항보고서(자기주식처분결정) | 2026-07-14: 대표이사변경               | 2026-07-14: 임시주주총회결과              ,5
조광페인트,004910,-10,OK,,,[기재정정]주요사항보고서(자기주식처분결정)(-10),2026-07-27: [기재정정]자기주식처분결과보고서 | 2026-07-27: [기재정정]주요사항보고서(자기주식처분결정) | 2026-07-27: 자기교환사채만기전취득결정              ,3
지에프씨생명과학,388610,-10,OK,,,주요사항보고서(자기주식처분결정)(-10),2026-07-23: 자기주식처분결과보고서 | 2026-07-23: 임원ㆍ주요주주특정증권등소유상황보고서 | 2026-07-23: 주식등의대량보유상황보고서(일반) | 2026-07-20: 주식매수선택권부여에관한신고 | 2026-07-20: 주요사항보고서(자기주식처분결정),9
지씨셀,144510,-10,OK,,,주요사항보고서(자기주식처분결정)(-10),2026-07-27: 임원ㆍ주요주주특정증권등소유상황보고서 | 2026-07-24: 임원ㆍ주요주주특정증권등소유상황보고서 | 2026-07-24: 임원ㆍ주요주주특정증권등소유상황보고서 | 2026-07-24: 임원ㆍ주요주주특정증권등소유상황보고서 | 2026-07-24: 임원ㆍ주요주주특정증권등소유상황보고서,10
디에스케이,109740,-10,OK,,,[기재정정]최대주주변경을수반하는주식양수도계약체결              (-5) | [기재정정]최대주주변경을수반하는주식양수도계약체결              (-5),2026-07-29: [기재정정]주주총회소집결의              (임시주주총회) | 2026-07-29: [기재정정]최대주주변경을수반하는주식양수도계약체결               | 2026-07-29: [기재정정]주주명부폐쇄기간또는기준일설정               | 2026-07-21: [기재정정]주주총회소집결의               | 2026-07-14: [기재정정]주주총회소집공고,9
인텔리안테크,189300,-10,OK,,,주요사항보고서(자기주식처분결정)(-10),2026-07-29: 주식등의대량보유상황보고서(일반) | 2026-07-14: 자기주식처분결과보고서 | 2026-07-09: 임원ㆍ주요주주특정증권등소유상황보고서 | 2026-07-09: 임원ㆍ주요주주특정증권등소유상황보고서 | 2026-07-09: 임원ㆍ주요주주특정증권등소유상황보고서,14
링네트,042500,-10,OK,,,주요사항보고서(자기주식처분결정)(-10),2026-06-30: 주식등의대량보유상황보고서(일반) | 2026-06-30: 자기주식처분결과보고서 | 2026-06-29: 주요사항보고서(자기주식처분결정),3
오스코텍,039200,-10,OK,,,최대주주변경을수반하는주식담보제공계약체결              (-5) | [기재정정]최대주주변경              (-5),2026-07-23: 최대주주변경을수반하는주식담보제공계약체결               | 2026-07-23: [기재정정]최대주주변경               | 2026-07-23: 주식등의대량보유상황보고서(일반) | 2026-07-03: 기업설명회(IR)개최              ,4
금강철강,053260,-10,OK,,,주요사항보고서(자기주식처분결정)(-10),2026-07-29: 자기주식처분결과보고서 | 2026-07-23: 주요사항보고서(자기주식처분결정) | 2026-07-08: 소송등의판결ㆍ결정               | 2026-07-08: 임시주주총회결과              ,4
유진테크,084370,-10,OK,,,주요사항보고서(자기주식처분결정)(-10),2026-07-28: 임원ㆍ주요주주특정증권등소유상황보고서 | 2026-07-22: 임원ㆍ주요주주특정증권등소유상황보고서 | 2026-07-16: 임원ㆍ주요주주특정증권등소유상황보고서 | 2026-07-16: 임원ㆍ주요주주특정증권등소유상황보고서 | 2026-07-16: 임원ㆍ주요주주특정증권등소유상황보고서,20
크레버스,096240,-10,OK,,,[기재정정]최대주주변경을수반하는주식담보제공계약체결              (-5) | [기재정정]최대주주변경을수반하는주식담보제공계약체결              (-5),2026-07-24: [기재정정]최대주주변경을수반하는주식담보제공계약체결               | 2026-07-23: 주식등의대량보유상황보고서(일반) | 2026-07-23: 임원ㆍ주요주주특정증권등소유상황보고서 | 2026-07-16: [기재정정]최대주주변경을수반하는주식담보제공계약체결               | 2026-07-14: [기재정정]임원ㆍ주요주주특정증권등소유상황보고서,8
대성하이텍,129920,-10,OK,,,[기재정정]최대주주변경을수반하는주식담보제공계약체결              (-5) | [기재정정]최대주주변경을수반하는주식담보제공계약체결              (-5),2026-07-29: 임원ㆍ주요주주특정증권등소유상황보고서 | 2026-07-13: 주식등의대량보유상황보고서(일반) | 2026-07-13: [기재정정]최대주주변경을수반하는주식담보제공계약체결               | 2026-07-06: [기재정정]최대주주변경을수반하는주식담보제공계약체결              ,4
하이젠알앤엠,160190,-10,OK,,,주요사항보고서(자기주식처분결정)(-10),2026-07-06: 주요사항보고서(자기주식처분결정),1
두올,016740,-10,OK,,,주요사항보고서(자기주식처분결정)(-10),2026-07-29: 주식등의대량보유상황보고서(일반) | 2026-07-16: 주주총회소집공고 | 2026-07-09: 최대주주등소유주식변동신고서               | 2026-07-09: 임원ㆍ주요주주특정증권등소유상황보고서 | 2026-07-09: 주식등의대량보유상황보고서(일반),9
아진전자부품,009320,-10,OK,,,최대주주등소유주식변동신고서(최대주주변경시)              (-5) | 최대주주변경              (-5),2026-07-24: 최대주주등소유주식변동신고서(최대주주변경시)               | 2026-07-24: 주식등의대량보유상황보고서(약식) | 2026-07-24: 임원ㆍ주요주주특정증권등소유상황보고서 | 2026-07-16: 최대주주변경               | 2026-07-02: 최대주주등소유주식변동신고서              ,6
SG세계물산,004060,-10,OK,,,최대주주변경              (-5) | 최대주주등소유주식변동신고서(최대주주변경시)              (-5),2026-06-30: 최대주주변경               | 2026-06-30: 임원ㆍ주요주주특정증권등소유상황보고서 | 2026-06-30: 최대주주등소유주식변동신고서(최대주주변경시)               | 2026-06-30: 주식등의대량보유상황보고서(일반),4
LS,006260,-10,OK,,,주요사항보고서(자기주식처분결정)(자회사의 주요경영사항)              (-10),2026-07-22: 단기차입금증가결정(자회사의 주요경영사항)               | 2026-07-15: 주요사항보고서(자기주식처분결정)(자회사의 주요경영사항)               | 2026-07-06: 계열금융회사를거래상대방으로한단기금융상품거래의분기별공시 | 2026-07-02: 임원ㆍ주요주주특정증권등소유상황보고서,4
엑스페릭스,317770,-10,🚨 YES,[기재정정]주요사항보고서(전환사채권발행결정),[기재정정]단일판매ㆍ공급계약체결              (+5),[기재정정]주요사항보고서(전환사채권발행결정)(-15),2026-07-23: 주식등의대량보유상황보고서(일반) | 2026-07-23: 임원ㆍ주요주주특정증권등소유상황보고서 | 2026-07-22: 합병등종료보고서(합병) | 2026-07-22: [기재정정]주식매수선택권부여에관한신고 | 2026-07-01: [기재정정]단일판매ㆍ공급계약체결              ,6
얼라인드,238120,-10,OK,,,[기재정정]주요사항보고서(자기주식처분결정)(-10),2026-06-30: [기재정정]주요사항보고서(자기주식처분결정),1
SG글로벌,001380,-10,OK,,,최대주주변경              (-5) | 최대주주등소유주식변동신고서(최대주주변경시)              (-5),2026-06-30: 최대주주변경               | 2026-06-30: 최대주주등소유주식변동신고서(최대주주변경시)               | 2026-06-30: 임원ㆍ주요주주특정증권등소유상황보고서 | 2026-06-30: 주식등의대량보유상황보고서(일반),4
NAVER,035420,-10,🚨 YES,주요사항보고서(유상증자결정),주식소각결정              (+5),주요사항보고서(유상증자결정)(-15),2026-07-29: 특수관계인에대한부동산임대 | 2026-07-27: [기재정정]장래사업ㆍ경영계획(공정공시)               | 2026-07-27: 주식소각결정               | 2026-07-27: 주요사항보고서(유상증자결정) | 2026-07-16: 임원ㆍ주요주주특정증권등소유상황보고서,18
서부T&D,006730,-10,OK,,,[기재정정]최대주주변경을수반하는주식담보제공계약체결              (-5) | [기재정정]최대주주변경을수반하는주식담보제공계약체결              (-5),2026-07-27: [기재정정]최대주주변경을수반하는주식담보제공계약체결               | 2026-07-21: 기업설명회(IR)개최               | 2026-07-13: 주식등의대량보유상황보고서(일반) | 2026-07-09: 기업설명회(IR)개최               | 2026-07-06: [기재정정]최대주주변경을수반하는주식담보제공계약체결              ,5
한솔케미칼,014680,-10,OK,,,최대주주변경              (-5) | 최대주주등소유주식변동신고서(최대주주변경시)              (-5),2026-07-02: 임원ㆍ주요주주특정증권등소유상황보고서 | 2026-07-01: 최대주주변경               | 2026-07-01: 최대주주등소유주식변동신고서(최대주주변경시)               | 2026-07-01: 주식등의대량보유상황보고서(약식),4
슈피겐코리아,192440,-10,OK,,,주요사항보고서(자기주식처분결정)(-10),2026-07-21: 주요사항보고서(자기주식처분결정),1
화승인더스트리,006060,-10,OK,,,최대주주변경              (-5) | 최대주주등소유주식변동신고서(최대주주변경시)              (-5),2026-07-27: 최대주주변경               | 2026-07-27: 최대주주등소유주식변동신고서(최대주주변경시)               | 2026-07-27: 투자판단관련주요경영사항               | 2026-07-27: 타인에대한채무보증결정               | 2026-07-27: 타인에대한채무보증결정              ,6
윈하이텍,192390,-10,🚨 YES,주요사항보고서(유상증자결정),단일판매ㆍ공급계약체결              (+5),주요사항보고서(유상증자결정)(-15),2026-07-28: 임원ㆍ주요주주특정증권등소유상황보고서 | 2026-07-28: 주식등의대량보유상황보고서(일반) | 2026-07-27: 단일판매ㆍ공급계약체결               | 2026-07-27: 증권발행결과(자율공시)               | 2026-07-07: 주요사항보고서(유상증자결정),5
모아데이타,288980,-10,OK,,,[기재정정]최대주주변경을수반하는주식담보제공계약체결              (-5) | [기재정정]최대주주변경을수반하는주식담보제공계약체결              (-5),2026-07-29: [기재정정]타인에대한채무보증결정               | 2026-07-29: [기재정정]주요사항보고서(자기전환사채만기전취득결정) | 2026-07-24: 전환가액의조정               | 2026-07-27: [기재정정]주요사항보고서(자기전환사채만기전취득결정) | 2026-07-23: [기재정정]주주총회소집공고,23
앤로보틱스,138360,-10,🚨 YES,[기재정정]주요사항보고서(유상증자결정),주식소각결정              (+5),[기재정정]주요사항보고서(유상증자결정)(-15),2026-07-10: 주식소각결정               | 2026-07-10: [기재정정]주요사항보고서(유상증자결정) | 2026-07-03: 주식등의대량보유상황보고서(약식) | 2026-07-03: [기재정정]주식등의대량보유상황보고서(약식) | 2026-07-03: [기재정정]주식등의대량보유상황보고서(약식),9
유티아이,179900,-10,🚨 YES,주요사항보고서(전환사채권발행결정),주요사항보고서(자기주식취득결정)(+5),주요사항보고서(전환사채권발행결정)(-15),2026-07-23: 주식등의대량보유상황보고서(일반) | 2026-07-21: 주식등의대량보유상황보고서(일반) | 2026-07-20: 주주명부폐쇄기간또는기준일설정               | 2026-07-20: 주주총회소집결의              (임시주주총회) | 2026-07-15: 증권발행결과(자율공시)              (제7회차 CB),10
아나패스,123860,-10,OK,,,[기재정정]최대주주변경을수반하는주식담보제공계약체결              (-5) | [기재정정]최대주주변경을수반하는주식담보제공계약체결              (-5),2026-07-29: 임원ㆍ주요주주특정증권등소유상황보고서 | 2026-07-29: 임원ㆍ주요주주특정증권등소유상황보고서 | 2026-07-27: 임원ㆍ주요주주특정증권등소유상황보고서 | 2026-07-22: 금전대여결정(자율공시)              (대여기간 연장) | 2026-07-16: 임원ㆍ주요주주특정증권등소유상황보고서,15
크레오에스지,040350,-10,OK,,,[기재정정]최대주주변경을수반하는주식담보제공계약체결              (-5) | [기재정정]최대주주변경을수반하는주식담보제공계약체결              (-5),2026-07-28: [기재정정]최대주주변경을수반하는주식담보제공계약체결               | 2026-07-15: 주식등의대량보유상황보고서(일반) | 2026-07-10: [기재정정]최대주주변경을수반하는주식담보제공계약체결               | 2026-07-09: 조회공시요구(현저한시황변동)에대한답변(미확정)               | 2026-07-06: 전환청구권행사              (제22회차),5
메타케어,118000,-9,🚨 YES,[기재정정]주요사항보고서(유상증자결정),[첨부정정]주요사항보고서(회사합병결정)(+3) | 주요사항보고서(회사합병결정)(+3),[기재정정]주요사항보고서(유상증자결정)(-15),2026-07-29: [첨부정정]주요사항보고서(회사합병결정) | 2026-07-28: 주주명부폐쇄기간또는기준일설정               | 2026-07-28: 주요사항보고서(회사합병결정) | 2026-07-27: 전환가액ㆍ신주인수권행사가액ㆍ교환가액의조정(안내공시)               | 2026-07-08: 기타안내사항(안내공시)              ,9
엘에스일렉트릭,010120,-7,OK,,연결재무제표기준영업(잠정)실적(공정공시)              (+3),주요사항보고서(자기주식처분결정)(-10),2026-07-23: 기업설명회(IR)개최(안내공시)               | 2026-07-23: 기업설명회(IR)개최(안내공시)               | 2026-07-23: 연결재무제표기준영업(잠정)실적(공정공시)               | 2026-07-21: 자기주식처분결과보고서 | 2026-07-20: 결산실적공시예고(안내공시)              ,6
한미약품,128940,-7,OK,,연결재무제표기준영업(잠정)실적(공정공시)              (+3),주요사항보고서(자기주식처분결정)(-10),2026-07-28: 주요사항보고서(자기주식처분결정) | 2026-07-28: 연결재무제표기준영업(잠정)실적(공정공시)               | 2026-07-14: 기업설명회(IR)개최(안내공시)               | 2026-07-14: 결산실적공시예고(안내공시)               | 2026-07-10: 독립이사의선임ㆍ해임또는중도퇴임에관한신고,6
한화솔루션,009830,-7,🚨 YES,[기재정정]주요사항보고서(유상증자결정),주식소각결정              (+5) | 연결재무제표기준영업(잠정)실적(공정공시)              (+3),[기재정정]주요사항보고서(유상증자결정)(-15),2026-07-29: 주식소각결정               | 2026-07-29: 타인에대한채무보증결정               | 2026-07-29: 특수관계인에대한주식의처분 | 2026-07-29: 연결재무제표기준영업(잠정)실적(공정공시)               | 2026-07-29: 유상증자또는주식관련사채등의청약결과(자율공시)              ,85
EDGC,245620,-5,OK,,,[기재정정]최대주주변경              (-5),2026-07-10: 주식등의대량보유상황보고서(약식) | 2026-06-30: 대표이사변경               | 2026-06-30: 임시주주총회결과               | 2026-06-30: 독립이사의선임ㆍ해임또는중도퇴임에관한신고 | 2026-06-29: [기재정정]최대주주변경              ,6
케이엠,083550,-5,OK,,,최대주주변경              (-5),2026-07-09: 임원ㆍ주요주주특정증권등소유상황보고서 | 2026-07-08: 임원ㆍ주요주주특정증권등소유상황보고서 | 2026-07-08: 임원ㆍ주요주주특정증권등소유상황보고서 | 2026-07-08: 최대주주변경              ,4
시노펙스,025320,-5,OK,,,[기재정정]최대주주변경을수반하는주식담보제공계약체결              (-5),2026-07-22: [기재정정]주식등의대량보유상황보고서(일반) | 2026-07-10: 주식등의대량보유상황보고서(일반) | 2026-07-10: [기재정정]최대주주변경을수반하는주식담보제공계약체결               | 2026-06-30: 합병등종료보고서(합병),4
한양디지텍,078350,-5,OK,,,최대주주변경              (-5),2026-07-28: 주식등의대량보유상황보고서(일반) | 2026-07-24: 임원ㆍ주요주주특정증권등소유상황보고서 | 2026-07-24: 임원ㆍ주요주주특정증권등소유상황보고서 | 2026-07-24: 주식등의대량보유상황보고서(일반) | 2026-07-24: 주식등의대량보유상황보고서(일반),6
한국정보통신,025770,-5,OK,,,[기재정정]최대주주변경을수반하는주식담보제공계약체결              (-5),2026-07-16: 주식등의대량보유상황보고서(일반) | 2026-07-16: [기재정정]최대주주변경을수반하는주식담보제공계약체결               | 2026-07-01: 주식등의대량보유상황보고서(일반) | 2026-07-01: 임원ㆍ주요주주특정증권등소유상황보고서 | 2026-07-01: 주요사항보고서(자기주식취득신탁계약체결결정),7
스모트로닉,066590,-5,OK,,,최대주주변경을수반하는주식양수도계약체결              (-5),2026-07-29: 임원ㆍ주요주주특정증권등소유상황보고서 | 2026-07-28: [기재정정]사업보고서 (2025.12) | 2026-07-28: 임원ㆍ주요주주특정증권등소유상황보고서 | 2026-07-21: 주식등의대량보유상황보고서(일반) | 2026-07-21: 임원ㆍ주요주주특정증권등소유상황보고서,10
케이티,030200,-5,OK,,주요사항보고서(자기주식취득결정)(+5),주요사항보고서(자기주식처분결정)(-10),2026-07-24: 임원ㆍ주요주주특정증권등소유상황보고서 | 2026-07-24: 조회공시요구(풍문또는보도)에대한답변(미확정)               | 2026-07-24: 자기주식처분결과보고서 | 2026-07-21: 임원ㆍ주요주주특정증권등소유상황보고서 | 2026-07-15: 임원ㆍ주요주주특정증권등소유상황보고서,29
신테카바이오,226330,-5,OK,,단일판매ㆍ공급계약체결              (+5),[기재정정]최대주주변경을수반하는주식담보제공계약체결              (-5) | [기재정정]최대주주변경을수반하는주식담보제공계약체결              (-5),2026-07-29: 임원ㆍ주요주주특정증권등소유상황보고서 | 2026-07-29: 주식등의대량보유상황보고서(일반) | 2026-07-28: [기재정정]최대주주변경을수반하는주식담보제공계약체결               | 2026-07-23: [기재정정]주주총회소집결의              (임시주주총회) | 2026-07-20: 주식매수선택권부여에관한신고,17
아틀라스링크,297570,-5,OK,,,최대주주변경              (-5),2026-07-29: 타인에대한채무보증결정(자율공시)               | 2026-07-23: 신탁계약해지결과보고서 | 2026-07-22: 의결권대리행사권유참고서류 | 2026-07-22: 주요사항보고서(자기주식취득신탁계약해지결정) | 2026-07-22: 주주총회소집공고,15
레이,228670,-5,OK,,,[기재정정]최대주주변경을수반하는주식담보제공계약체결              (-5),2026-07-13: 주식등의대량보유상황보고서(일반) | 2026-07-06: [기재정정]최대주주변경을수반하는주식담보제공계약체결               | 2026-06-29: 전환사채(해외전환사채포함)발행후만기전사채취득              ,3
코난테크놀로지,402030,-5,OK,,,[기재정정]최대주주변경을수반하는주식담보제공계약체결              (-5),2026-06-30: [기재정정]최대주주변경을수반하는주식담보제공계약체결               | 2026-06-30: 주식등의대량보유상황보고서(일반),2
LK삼양,225190,-5,OK,,,[기재정정]최대주주변경을수반하는주식담보제공계약체결              (-5),2026-07-08: 주식등의대량보유상황보고서(일반) | 2026-07-07: 주주명부폐쇄기간또는기준일설정               | 2026-07-07: 주주총회소집결의              (임시주주총회) | 2026-07-07: 주식병합결정               | 2026-07-06: [기재정정]최대주주변경을수반하는주식담보제공계약체결              ,5
해성에어로보틱스,059270,-5,OK,,,[기재정정]최대주주변경을수반하는주식담보제공계약체결              (-5),2026-07-27: [기재정정]최대주주변경을수반하는주식담보제공계약체결               | 2026-07-27: 파산신청               | 2026-06-30: 주요사항보고서(소송등의제기) | 2026-06-30: 소송등의제기ㆍ신청(경영권분쟁소송)              (주주총회결의 무효 등의 소),4
KBI메탈,024840,-5,OK,,,최대주주변경              (-5),2026-07-09: 주식등의대량보유상황보고서(약식) | 2026-07-03: 주식등의대량보유상황보고서(일반) | 2026-07-03: 임원ㆍ주요주주특정증권등소유상황보고서 | 2026-06-30: 최대주주변경               | 2026-06-30: 전환청구권행사              ,6
비투엔,307870,-5,OK,,,[기재정정]최대주주변경을수반하는주식양수도계약체결              (-5),2026-07-28: 독립이사의선임ㆍ해임또는중도퇴임에관한신고 | 2026-07-22: 독립이사의선임ㆍ해임또는중도퇴임에관한신고 | 2026-07-21: 주식등의대량보유상황보고서(일반) | 2026-07-20: 주주명부폐쇄기간또는기준일설정               | 2026-07-20: 주주총회소집결의              (임시주주총회),9
가비아,079940,-5,OK,,,최대주주변경을수반하는주식양수도계약체결              (-5),2026-07-24: [기재정정]공개매수설명서 | 2026-07-24: [기재정정]공개매수신고서 | 2026-07-24: [기재정정]주식등의대량보유상황보고서(일반) | 2026-07-23: 주식등의대량보유상황보고서(일반) | 2026-07-20: 주식등의대량보유상황보고서(일반),9
에이비온,203400,-5,OK,,,최대주주변경을수반하는주식담보제공계약체결              (-5),2026-07-29: 의결권대리행사권유참고서류 | 2026-07-29: 주주총회소집공고 | 2026-07-28: 임원ㆍ주요주주특정증권등소유상황보고서 | 2026-07-06: 임원ㆍ주요주주특정증권등소유상황보고서 | 2026-07-03: 최대주주변경을수반하는주식담보제공계약체결              ,9
경동제약,011040,-5,OK,,,[기재정정]최대주주변경을수반하는주식담보제공계약체결              (-5),2026-07-14: 임원ㆍ주요주주특정증권등소유상황보고서 | 2026-07-10: 주식등의대량보유상황보고서(일반) | 2026-07-10: 임원ㆍ주요주주특정증권등소유상황보고서 | 2026-07-06: [기재정정]최대주주변경을수반하는주식담보제공계약체결              ,4
넥스턴앤롤코리아,089140,-5,OK,,,[기재정정]최대주주변경을수반하는주식담보제공계약체결              (-5),2026-07-23: [기재정정]최대주주변경을수반하는주식담보제공계약체결               | 2026-07-23: 주식등의대량보유상황보고서(일반) | 2026-07-10: 주식등의대량보유상황보고서(약식) | 2026-06-30: 주식등의대량보유상황보고서(약식),4
삼기에너지솔루션즈,419050,-5,OK,,주요사항보고서(자기주식취득결정)(+5),주요사항보고서(자기주식처분결정)(-10),2026-07-24: 임원ㆍ주요주주특정증권등소유상황보고서 | 2026-07-24: 자기주식처분결과보고서 | 2026-07-20: 주요사항보고서(자기주식처분결정) | 2026-07-16: 자기주식취득결과보고서 | 2026-07-08: 주요사항보고서(자기주식취득결정),5
엠투엔,033310,-5,OK,,,[기재정정]최대주주변경을수반하는주식담보제공계약체결              (-5),2026-07-27: 주식등의대량보유상황보고서(일반) | 2026-07-20: [기재정정]최대주주변경을수반하는주식담보제공계약체결               | 2026-06-30: 주식등의대량보유상황보고서(일반),3
대창단조,015230,-5,OK,,,최대주주등소유주식변동신고서(최대주주변경시)              (-5),2026-07-14: 주식등의대량보유상황보고서(일반) | 2026-07-14: 주식등의대량보유상황보고서(일반) | 2026-07-14: 임원ㆍ주요주주특정증권등소유상황보고서 | 2026-07-14: 임원ㆍ주요주주특정증권등소유상황보고서 | 2026-07-14: 임원ㆍ주요주주특정증권등소유상황보고서,6
현대자동차,005380,-4,OK,,연결재무제표기준영업(잠정)실적(공정공시)              (+3) | 영업(잠정)실적(공정공시)              (+3),주요사항보고서(자기주식처분결정)(-10),2026-07-29: 풍문또는보도에대한해명(미확정)               | 2026-07-24: 생산중단               | 2026-07-24: 특수관계인에대한출자 | 2026-07-23: 공정거래자율준수프로그램운영현황(안내공시)               | 2026-07-23: 주요사항보고서(자기주식처분결정),17
파두,440110,-2,🚨 YES,[기재정정]주요사항보고서(전환사채권발행결정),연결재무제표기준영업(잠정)실적(공정공시)              (+3) | [기재정정]단일판매ㆍ공급계약체결              (+5) | 단일판매ㆍ공급계약체결              (+5),[기재정정]주요사항보고서(전환사채권발행결정)(-15),2026-07-24: 임원ㆍ주요주주특정증권등소유상황보고서 | 2026-07-20: 연결재무제표기준영업(잠정)실적(공정공시)               | 2026-07-16: [기재정정]단일판매ㆍ공급계약체결               | 2026-07-10: 단일판매ㆍ공급계약체결               | 2026-06-30: [기재정정]주요사항보고서(전환사채권발행결정),5
골프존홀딩스,121440,-2,OK,,유형자산취득결정(자회사의 주요경영사항)              (+3),최대주주변경을수반하는주식담보제공계약체결              (-5),2026-07-29: 불성실공시법인지정예고              (공시불이행) | 2026-07-23: 출자법인의회생절차및파산절차관련사실등발생               | 2026-07-03: 유형자산취득결정(자회사의 주요경영사항)               | 2026-07-02: 주식등의대량보유상황보고서(일반) | 2026-06-30: 최대주주변경을수반하는주식담보제공계약체결              ,7
DXVX,180400,0,OK,,,,2026-07-16: 임원ㆍ주요주주특정증권등소유상황보고서 | 2026-07-10: 주식등의대량보유상황보고서(일반) | 2026-07-10: 임원ㆍ주요주주특정증권등소유상황보고서,3
태광산업,003240,0,OK,,,,2026-07-23: [기재정정]대규모기업집단현황공시[연1회공시및1/4분기용(대표회사)] | 2026-06-30: 공정거래자율준수프로그램운영현황(안내공시)               | 2026-06-30: 기업설명회(IR)개최(안내공시)               | 2026-06-30: 특수관계인에대한자금대여 | 2026-06-30: 기업가치제고계획(자율공시)              ,6
미코,059090,0,OK,,,,2026-07-28: 임원ㆍ주요주주특정증권등소유상황보고서 | 2026-07-27: 주식등의대량보유상황보고서(약식) | 2026-07-20: 임원ㆍ주요주주특정증권등소유상황보고서 | 2026-07-13: 타인에대한채무보증결정(자회사의 주요경영사항)               | 2026-07-02: 합병등종료보고서(합병),6
신흥,004080,0,OK,,,,2026-07-20: 임원ㆍ주요주주특정증권등거래계획보고서 | 2026-07-20: 현금ㆍ현물배당결정               | 2026-07-15: 최대주주등소유주식변동신고서               | 2026-06-30: 임원ㆍ주요주주특정증권등소유상황보고서 | 2026-06-30: 주식등의대량보유상황보고서(일반),7
멜파스,096640,0,OK,,,,2026-07-21: 소액공모실적보고서 | 2026-07-10: 소액공모공시서류(지분증권) | 2026-06-30: [기재정정]분기보고서 (2026.03),3
씨유메디칼,115480,0,OK,,,,2026-07-24: [기재정정]사업보고서 (2025.12) | 2026-07-13: 주식등의대량보유상황보고서(일반) | 2026-07-09: 기타경영사항(자율공시)              (제 11회차 무기명식 이권부 무보증 전환사채 소각 결정의 건) | 2026-07-06: 주요사항보고서(자기전환사채만기전취득결정),4
알파칩스,117670,0,OK,,,,2026-07-27: 주식매수선택권부여에관한신고 | 2026-07-27: [기재정정]주식매수선택권부여에관한신고 | 2026-07-27: 임시주주총회결과               | 2026-07-10: 주주총회소집공고,4
더핑크퐁컴퍼니,403850,0,OK,,,,2026-07-23: 주요사항보고서(자기주식취득신탁계약체결결정) | 2026-07-01: 임원ㆍ주요주주특정증권등소유상황보고서 | 2026-07-01: 주식등의대량보유상황보고서(일반),3
부산은행,005280,0,OK,,,,2026-07-29: 투자설명서(일괄신고) | 2026-07-29: 일괄신고추가서류 | 2026-07-24: 증권발행실적보고서 | 2026-07-23: 투자설명서(일괄신고) | 2026-07-23: 일괄신고추가서류,11
유니크,011320,0,OK,,,,2026-07-24: 임원ㆍ주요주주특정증권등소유상황보고서 | 2026-07-24: 임원ㆍ주요주주특정증권등소유상황보고서 | 2026-07-24: 임원ㆍ주요주주특정증권등소유상황보고서 | 2026-07-16: 자기주식취득결과보고서 | 2026-07-16: 임원ㆍ주요주주특정증권등소유상황보고서,10
효성화학,298000,0,OK,,,,2026-07-22: 풍문또는보도에대한해명(미확정)               | 2026-07-16: 타인에대한채무보증결정               | 2026-07-13: 지속가능경영보고서등관련사항(자율공시)               | 2026-06-30: 타인에대한채무보증결정              ,4
코스리거글로벌,043710,0,OK,,,,2026-07-29: [기재정정]임원ㆍ주요주주특정증권등소유상황보고서 | 2026-07-29: 임원ㆍ주요주주특정증권등소유상황보고서 | 2026-07-24: 임원ㆍ주요주주특정증권등소유상황보고서,3
조일알미늄,018470,0,OK,,,,2026-07-27: 기업가치제고계획(자율공시)               | 2026-07-27: 주요사항보고서(자기주식취득신탁계약체결결정) | 2026-07-23: 주주총회소집공고 | 2026-07-21: 최대주주등소유주식변동신고서               | 2026-07-21: 주식등의대량보유상황보고서(일반),20
한샘,009240,0,OK,,,,2026-07-14: 임원ㆍ주요주주특정증권등소유상황보고서 | 2026-07-13: 임원ㆍ주요주주특정증권등소유상황보고서 | 2026-07-01: 주식등의대량보유상황보고서(약식) | 2026-07-01: 현금ㆍ현물배당결정               | 2026-06-30: 지속가능경영보고서등관련사항(자율공시)              ,5
삼성화재해상보험,000810,0,OK,,,,2026-07-14: 계열금융회사의약관에의한금융거래-[유가증권-수익증권] | 2026-07-14: 계열금융회사의약관에의한금융거래-[유가증권-채권] | 2026-07-14: 계열금융회사의약관에의한금융거래-[보험] | 2026-06-30: 지속가능경영보고서등관련사항(자율공시)              ,4
원익IPS,240810,0,OK,,,,2026-07-24: 주주총회소집결의               | 2026-07-24: 주주명부폐쇄기간또는기준일설정               | 2026-07-20: 주식등의대량보유상황보고서(약식) | 2026-07-01: 주식등의대량보유상황보고서(약식),4
큐로홀딩스,051780,0,OK,,,,2026-07-15: 주식등의대량보유상황보고서(일반) | 2026-07-15: 임원ㆍ주요주주특정증권등소유상황보고서 | 2026-07-10: 주식등의대량보유상황보고서(약식),3
샤페론,378800,0,OK,,,,2026-07-22: 의결권대리행사권유참고서류 | 2026-07-22: 주주총회소집공고 | 2026-07-09: 불성실공시법인지정예고              (공시불이행) | 2026-07-07: [기재정정]주식병합결정               | 2026-06-30: 주식등의대량보유상황보고서(일반),9
비보존 제약,082800,0,OK,,,,2026-07-10: 주식등의대량보유상황보고서(일반) | 2026-07-01: [기재정정]주식등의대량보유상황보고서(일반) | 2026-06-30: 주식등의대량보유상황보고서(일반),3
세경하이테크,148150,0,OK,,,,2026-07-03: 임원ㆍ주요주주특정증권등소유상황보고서 | 2026-07-03: 주식등의대량보유상황보고서(일반) | 2026-06-30: 전환주식의전환가액조정              (상환전환우선주),3
티비에이치글로벌,084870,0,OK,,,,2026-07-28: 임원ㆍ주요주주특정증권등소유상황보고서 | 2026-07-28: 최대주주등소유주식변동신고서               | 2026-07-21: 임원ㆍ주요주주특정증권등소유상황보고서 | 2026-07-21: 최대주주등소유주식변동신고서               | 2026-07-13: 임원ㆍ주요주주특정증권등소유상황보고서,9
리더스코스메틱,016100,0,OK,,,,2026-07-23: 주식등의대량보유상황보고서(일반) | 2026-07-23: 임원ㆍ주요주주특정증권등소유상황보고서 | 2026-07-08: 주식등의대량보유상황보고서(일반) | 2026-07-08: 임원ㆍ주요주주특정증권등소유상황보고서 | 2026-07-03: 주식등의대량보유상황보고서(일반),12
에스앤더블류,103230,0,OK,,,,2026-07-29: 임원ㆍ주요주주특정증권등거래계획보고서 | 2026-07-29: 임원ㆍ주요주주특정증권등거래계획보고서 | 2026-07-29: 임원ㆍ주요주주특정증권등거래계획보고서 | 2026-07-28: [기재정정]임시주주총회결과               | 2026-07-16: 임시주주총회결과              ,7
대한유화,006650,0,OK,,,,2026-07-02: 임원ㆍ주요주주특정증권등소유상황보고서 | 2026-07-02: 지속가능경영보고서등관련사항(자율공시)               | 2026-07-01: 주식등의대량보유상황보고서(약식),3
인터로조,119610,0,OK,,,,2026-07-29: 기업설명회(IR)개최               | 2026-07-29: 결산실적공시예고               | 2026-07-28: 임원ㆍ주요주주특정증권등소유상황보고서 | 2026-07-20: 임원ㆍ주요주주특정증권등소유상황보고서,4
유진증권,001200,0,OK,,,,2026-07-29: 증권발행실적보고서 | 2026-07-28: 투자설명서(일괄신고) | 2026-07-28: 일괄신고추가서류(파생결합사채-주가연계파생결합사채) | 2026-07-24: 증권발행실적보고서 | 2026-07-22: 투자설명서(일괄신고),36
한섬,020000,0,OK,,,,2026-07-13: 임원ㆍ주요주주특정증권등소유상황보고서 | 2026-07-01: 주식등의대량보유상황보고서(약식) | 2026-06-30: 지속가능경영보고서등관련사항(자율공시)              ,3
금호석유화학,011780,0,OK,,,,2026-07-24: [첨부정정]지속가능경영보고서등관련사항(자율공시)               | 2026-07-20: 임원ㆍ주요주주특정증권등소유상황보고서 | 2026-07-16: 결산실적공시예고(안내공시)               | 2026-07-14: 최대주주등소유주식변동신고서               | 2026-07-14: 임원ㆍ주요주주특정증권등소유상황보고서,13
위즈코프,038620,0,OK,,,,2026-07-28: 주식등의대량보유상황보고서(일반) | 2026-07-28: 임원ㆍ주요주주특정증권등소유상황보고서 | 2026-07-20: 주식등의대량보유상황보고서(일반) | 2026-07-20: 임원ㆍ주요주주특정증권등소유상황보고서,4
에스디시스템,121890,0,OK,,,,2026-07-20: 임시주주총회결과               | 2026-07-03: 주주총회소집공고 | 2026-07-03: [기재정정]주주총회소집결의              (임시주주총회),3
에코프로머티,450080,0,OK,,,,2026-07-13: 결산실적공시예고(안내공시)               | 2026-07-13: 기업설명회(IR)개최(안내공시)               | 2026-07-07: 주식등의대량보유상황보고서(일반) | 2026-07-01: 주식등의대량보유상황보고서(약식),4
옵트론텍,082210,0,OK,,,,2026-07-21: 주식등의대량보유상황보고서(일반) | 2026-07-21: 임원ㆍ주요주주특정증권등소유상황보고서 | 2026-07-20: 독립이사의선임ㆍ해임또는중도퇴임에관한신고 | 2026-07-20: 임시주주총회결과               | 2026-07-16: 타인에대한채무보증결정              ,17
휴젤,145020,0,OK,,,,2026-07-13: 전환청구권행사               | 2026-07-02: [기재정정]주식등의대량보유상황보고서(일반) | 2026-07-02: [기재정정]주식등의대량보유상황보고서(일반) | 2026-07-02: [기재정정]주식등의대량보유상황보고서(일반),4
CG인바이츠,083790,0,OK,,,,2026-07-23: 임원ㆍ주요주주특정증권등소유상황보고서 | 2026-07-23: 임원ㆍ주요주주특정증권등소유상황보고서 | 2026-07-13: 소송등의제기ㆍ신청(일정금액이상의청구)              (약정금) | 2026-07-06: 임원ㆍ주요주주특정증권등소유상황보고서 | 2026-07-01: [기재정정]주식등의대량보유상황보고서(일반),9
SK시그넷,260870,0,OK,,,,2026-07-24: 공개매수설명서 | 2026-07-24: 공개매수신고서 | 2026-07-02: 임원ㆍ주요주주특정증권등소유상황보고서 | 2026-07-02: 주식등의대량보유상황보고서(일반) | 2026-06-29: 증권발행결과(자율공시)              (제3자배정 유상증자_우선주),5
프로티나,468530,0,OK,,,,2026-07-29: 주식매수선택권부여에관한신고 | 2026-07-14: 타법인주식및출자증권취득결정               | 2026-07-09: 투자판단관련주요경영사항              (항체 바이오베터 공동기술개발 및 기술이전 옵션 계약 체결) | 2026-07-07: 기업설명회(IR)개최              ,4
콜마홀딩스,024720,0,OK,,,,2026-07-28: 주식등의대량보유상황보고서(일반) | 2026-07-24: 결산실적공시예고(안내공시)               | 2026-07-15: 최대주주등소유주식변동신고서               | 2026-07-15: 임원ㆍ주요주주특정증권등소유상황보고서 | 2026-07-15: 주식등의대량보유상황보고서(일반),14
E1,017940,0,OK,,,,2026-07-13: 최대주주등소유주식변동신고서               | 2026-07-13: 주식등의대량보유상황보고서(일반) | 2026-07-13: 임원ㆍ주요주주특정증권등소유상황보고서 | 2026-07-13: 임원ㆍ주요주주특정증권등소유상황보고서 | 2026-07-13: 임원ㆍ주요주주특정증권등소유상황보고서,8
에이엘티,172670,0,OK,,,,2026-07-06: 임원ㆍ주요주주특정증권등소유상황보고서 | 2026-07-06: 주식등의대량보유상황보고서(일반) | 2026-07-02: 주식등의대량보유상황보고서(일반),3
빌리언스,044480,0,OK,,,,2026-07-16: 주주총회소집공고 | 2026-07-16: [기재정정]주주총회소집결의              (임시주주총회) | 2026-07-16: 주식병합결정               | 2026-07-10: 주식등의대량보유상황보고서(약식),4
피노,033790,0,OK,,,,2026-07-27: 임시주주총회결과               | 2026-07-10: 주주총회소집공고 | 2026-07-09: 기타주요경영사항(종속회사의주요경영사항)              ,3
뉴엔AI,463020,0,OK,,,,2026-07-10: 임원ㆍ주요주주특정증권등소유상황보고서 | 2026-07-10: 임원ㆍ주요주주특정증권등소유상황보고서 | 2026-07-10: 임원ㆍ주요주주특정증권등소유상황보고서 | 2026-07-10: 임원ㆍ주요주주특정증권등소유상황보고서 | 2026-07-06: 주식매수선택권행사              ,5
NC,036570,0,OK,,,,2026-07-22: 기업설명회(IR)개최(안내공시)               | 2026-07-02: 임원ㆍ주요주주특정증권등소유상황보고서 | 2026-07-01: 주식등의대량보유상황보고서(약식),3
녹십자,006280,0,OK,,,,2026-07-16: 신규시설투자등               | 2026-07-10: [기재정정]주요사항보고서(타법인주식및출자증권양도결정) | 2026-07-09: [기재정정]주요사항보고서(타법인주식및출자증권양도결정) | 2026-07-01: 최대주주등소유주식변동신고서               | 2026-07-01: 주식등의대량보유상황보고서(약식),5
디와이에이,002880,0,OK,,,,2026-07-22: 의결권대리행사권유참고서류 | 2026-07-22: 주주총회소집공고 | 2026-07-22: [기재정정]주식등의대량보유상황보고서(일반) | 2026-07-22: [기재정정]임원ㆍ주요주주특정증권등소유상황보고서 | 2026-07-22: 최대주주등소유주식변동신고서              ,14
아이엠비디엑스,461030,0,OK,,,,2026-07-09: 임원ㆍ주요주주특정증권등소유상황보고서 | 2026-07-07: 임원ㆍ주요주주특정증권등소유상황보고서 | 2026-06-30: 임원ㆍ주요주주특정증권등소유상황보고서 | 2026-06-30: 임원ㆍ주요주주특정증권등소유상황보고서 | 2026-06-29: 임원ㆍ주요주주특정증권등소유상황보고서,5
SK네트웍스,001740,0,OK,,,,2026-07-23: 주식등의대량보유상황보고서(일반) | 2026-07-23: 최대주주등소유주식변동신고서               | 2026-06-30: 지속가능경영보고서등관련사항(자율공시)              ,3
멕아이씨에스,058110,0,OK,,,,2026-07-28: [기재정정]주주총회소집공고 | 2026-07-28: [기재정정]의결권대리행사권유참고서류 | 2026-07-28: 의결권대리행사권유참고서류 | 2026-07-28: 주주총회소집공고 | 2026-07-24: 임원ㆍ주요주주특정증권등소유상황보고서,8
E8,418620,0,OK,,,,2026-07-21: [기재정정]임원ㆍ주요주주특정증권등소유상황보고서 | 2026-07-20: 임원ㆍ주요주주특정증권등소유상황보고서 | 2026-07-03: [기재정정]타인에대한담보제공결정               | 2026-07-02: 임원ㆍ주요주주특정증권등소유상황보고서,4
풍전약품,298060,0,OK,,,,2026-07-06: 임원ㆍ주요주주특정증권등소유상황보고서 | 2026-07-06: 주식등의대량보유상황보고서(일반) | 2026-06-30: 증권발행결과(자율공시)              (제3자배정),3
크로넥스,215570,0,OK,,,,2026-07-23: 주식등의대량보유상황보고서(약식) | 2026-07-21: 주주총회소집공고 | 2026-07-09: [기재정정]사업보고서 (2025.12) | 2026-07-08: [기재정정]주주총회소집결의               | 2026-07-06: 주주명부폐쇄기간또는기준일설정              ,8
제우스,079370,0,OK,,,,2026-07-14: 임원ㆍ주요주주특정증권등소유상황보고서 | 2026-07-07: 임원ㆍ주요주주특정증권등소유상황보고서 | 2026-06-30: 임원ㆍ주요주주특정증권등소유상황보고서,3
DB증권,016610,0,OK,,,,2026-07-29: 투자설명서(일괄신고) | 2026-07-29: 일괄신고추가서류(파생결합사채-주가연계파생결합사채) | 2026-07-29: 투자설명서(일괄신고) | 2026-07-29: 일괄신고추가서류(파생결합사채-주가연계파생결합사채) | 2026-07-27: 증권발행실적보고서,73
지에프아이,493330,0,OK,,,,2026-07-27: 임원ㆍ주요주주특정증권등소유상황보고서 | 2026-07-27: 임원ㆍ주요주주특정증권등소유상황보고서 | 2026-07-21: 주식매수선택권행사               | 2026-07-10: 임원ㆍ주요주주특정증권등소유상황보고서 | 2026-07-10: 주식등의대량보유상황보고서(약식),5
엑스플러스,373200,0,OK,,,,2026-07-13: 임원ㆍ주요주주특정증권등소유상황보고서 | 2026-07-13: [기재정정]임원ㆍ주요주주특정증권등거래계획보고서 | 2026-06-29: 불성실공시법인지정              (공시불이행),3
아이로보틱스,066430,0,OK,,,,2026-07-21: 소송등의제기ㆍ신청(경영권분쟁소송)              (주주총회결의 취소 등의 소) | 2026-07-20: 임원ㆍ주요주주특정증권등소유상황보고서 | 2026-07-13: 독립이사의선임ㆍ해임또는중도퇴임에관한신고 | 2026-07-13: 임시주주총회결과               | 2026-07-09: [기재정정]소송등의제기ㆍ신청(경영권분쟁소송)              (주주총회 개최금지 가처분),7
삼성SDI,006400,0,OK,,,,2026-07-24: 임원ㆍ주요주주특정증권등소유상황보고서 | 2026-07-22: 임원ㆍ주요주주특정증권등소유상황보고서 | 2026-07-14: 기업설명회(IR)개최(안내공시)               | 2026-07-09: 최대주주등소유주식변동신고서               | 2026-07-03: 장래사업ㆍ경영계획(공정공시)              ,9
원익피앤이,217820,0,OK,,,,2026-06-30: 임원ㆍ주요주주특정증권등소유상황보고서 | 2026-06-30: 임원ㆍ주요주주특정증권등소유상황보고서 | 2026-06-30: 임원ㆍ주요주주특정증권등소유상황보고서,3
무학,033920,0,OK,,,,2026-07-22: 주식등의대량보유상황보고서(일반) | 2026-07-22: 현금ㆍ현물배당결정               | 2026-07-22: 최대주주등소유주식변동신고서              ,3
동방,004140,0,OK,,,,2026-07-27: 임원ㆍ주요주주특정증권등소유상황보고서 | 2026-07-24: 최대주주등소유주식변동신고서               | 2026-07-24: 임원ㆍ주요주주특정증권등소유상황보고서 | 2026-06-29: 최대주주등소유주식변동신고서               | 2026-06-29: 임원ㆍ주요주주특정증권등소유상황보고서,5
키스트론,475430,0,OK,,,,2026-07-08: 임원ㆍ주요주주특정증권등거래계획보고서 | 2026-07-08: 임원ㆍ주요주주특정증권등거래계획보고서 | 2026-07-08: 임원ㆍ주요주주특정증권등거래계획보고서,3
LX인터내셔널,001120,0,OK,,,,2026-07-27: 기업설명회(IR)개최(안내공시)               | 2026-07-27: 결산실적공시예고(안내공시)               | 2026-07-10: 주식등의대량보유상황보고서(약식) | 2026-06-30: 지속가능경영보고서등관련사항(자율공시)              ,4
엠젠솔루션,032790,0,OK,,,,2026-07-10: 주식등의대량보유상황보고서(약식) | 2026-07-01: 주식등의대량보유상황보고서(일반) | 2026-06-30: 주요사항보고서(자기전환사채만기전취득결정) | 2026-06-29: 주식등의대량보유상황보고서(일반),4
KG에코솔루션,151860,0,OK,,,,2026-07-28: 단기차입금증가결정(자회사의 주요경영사항)               | 2026-06-29: [기재정정]주요사항보고서(타법인주식및출자증권양수결정)(자회사의 주요경영사항)               | 2026-06-29: [기재정정]타법인주식및출자증권취득결정(자회사의 주요경영사항)              ,3
사조오양,006090,0,OK,,,,2026-07-16: [기재정정]최대주주등소유주식변동신고서               | 2026-07-15: 최대주주등소유주식변동신고서               | 2026-07-15: 주식등의대량보유상황보고서(일반),3
대원화성,024890,0,OK,,,,2026-07-16: 임시주주총회결과               | 2026-07-16: 독립이사의선임ㆍ해임또는중도퇴임에관한신고 | 2026-07-02: [기재정정]사업보고서 (2025.12) | 2026-07-01: 주주총회소집공고,4
현대지에프홀딩스,005440,0,OK,,,,2026-07-01: 주식등의대량보유상황보고서(약식) | 2026-06-30: 임원ㆍ주요주주특정증권등소유상황보고서 | 2026-06-30: 임원ㆍ주요주주특정증권등소유상황보고서 | 2026-06-30: 임원ㆍ주요주주특정증권등소유상황보고서 | 2026-06-30: 주식등의대량보유상황보고서(일반),6
케이엔더블유,105330,0,OK,,,,2026-07-24: [기재정정]대규모기업집단현황공시[연1회공시및1/4분기용(개별회사)] | 2026-07-22: 임원ㆍ주요주주특정증권등소유상황보고서 | 2026-07-22: 주식등의대량보유상황보고서(일반) | 2026-07-20: 전환가액의조정              ,4
아이스크림미디어,461300,0,OK,,,,2026-07-29: [기재정정]주식매수선택권부여에관한신고 | 2026-07-16: 임원ㆍ주요주주특정증권등소유상황보고서 | 2026-07-06: 주식등의대량보유상황보고서(일반),3
신영증권,001720,0,OK,,,,2026-07-27: 증권발행실적보고서 | 2026-07-27: 증권발행실적보고서 | 2026-07-27: 최대주주등소유주식변동신고서               | 2026-07-27: 임원ㆍ주요주주특정증권등소유상황보고서 | 2026-07-27: 증권발행실적보고서,48
우리금융캐피탈,033660,0,OK,,,,2026-07-22: 증권발행실적보고서 | 2026-07-21: 투자설명서(일괄신고) | 2026-07-21: 일괄신고추가서류 | 2026-07-09: 증권발행실적보고서 | 2026-07-08: 투자설명서(일괄신고),9
녹십자엠에스,142280,0,OK,,,,2026-07-20: 신주인수권행사가액의조정               | 2026-07-01: 주식등의대량보유상황보고서(일반) | 2026-06-30: 임원ㆍ주요주주특정증권등소유상황보고서 | 2026-06-30: 임원ㆍ주요주주특정증권등소유상황보고서,4
하이딥,365590,0,OK,,,,2026-07-23: 임원ㆍ주요주주특정증권등소유상황보고서 | 2026-07-23: 주식등의대량보유상황보고서(일반) | 2026-07-23: 주주총회소집공고 | 2026-07-15: 주식등의대량보유상황보고서(일반) | 2026-07-15: 임원ㆍ주요주주특정증권등소유상황보고서,10
제놀루션,225220,0,OK,,,,2026-07-22: 임원ㆍ주요주주특정증권등소유상황보고서 | 2026-07-01: 주식등의대량보유상황보고서(일반) | 2026-07-01: 임원ㆍ주요주주특정증권등거래계획보고서 | 2026-06-30: 임원ㆍ주요주주특정증권등소유상황보고서 | 2026-06-30: 임원ㆍ주요주주특정증권등소유상황보고서,5
진코스텍,250030,0,OK,,,,2026-07-06: 기타주요경영사항(자율공시)              (코스닥시장 상장을 위한 상장예비심사 신청) | 2026-07-06: 이전상장결정               | 2026-07-03: 기업설명회(IR)개최결과              ,3
씨앤지하이테크,264660,0,OK,,단일판매ㆍ공급계약체결              (+5),[기재정정]최대주주변경을수반하는주식담보제공계약체결              (-5),2026-07-06: 주식등의대량보유상황보고서(일반) | 2026-07-06: [기재정정]사업보고서 (2025.12) | 2026-06-30: [기재정정]최대주주변경을수반하는주식담보제공계약체결               | 2026-06-29: 단일판매ㆍ공급계약체결              ,4
동인기연,111380,0,OK,,,,2026-07-10: 임원ㆍ주요주주특정증권등소유상황보고서 | 2026-07-10: 최대주주등소유주식변동신고서               | 2026-07-10: 임원ㆍ주요주주특정증권등소유상황보고서,3
케이비증권,003450,0,OK,,,,2026-07-29: 일괄신고서(기타파생결합증권) | 2026-07-29: 일괄신고서(파생결합증권-주가연계증권) | 2026-07-29: 투자설명서(일괄신고) | 2026-07-29: 일괄신고추가서류(파생결합증권-주가연계증권) | 2026-07-28: [기재정정]투자설명서(일괄신고),100
광동헬스바이오,086220,0,OK,,,,2026-07-21: 주식등의대량보유상황보고서(약식) | 2026-07-13: 임원ㆍ주요주주특정증권등소유상황보고서 | 2026-07-13: 주식등의대량보유상황보고서(일반),3
케이티앤지,033780,0,OK,,,,2026-07-23: 기업설명회(IR)개최(안내공시)               | 2026-07-03: 주식등의대량보유상황보고서(약식) | 2026-06-29: 지속가능경영보고서등관련사항(자율공시)              ,3
광주은행,192530,0,OK,,,,2026-07-24: 증권발행실적보고서 | 2026-07-23: 투자설명서(일괄신고) | 2026-07-23: 일괄신고추가서류 | 2026-07-02: 증권발행실적보고서 | 2026-07-01: 투자설명서(일괄신고),9
퓨쳐켐,220100,0,OK,,,,2026-07-14: 권리락              (유상증자) | 2026-07-14: [기재정정]투자설명서 | 2026-07-14: [발행조건확정]증권신고서(지분증권) | 2026-07-14: [기재정정]주요사항보고서(유무상증자결정) | 2026-07-14: 유상증자1차발행가액결정              ,7
더네이쳐홀딩스,298540,0,OK,,,,2026-07-24: 주식등의대량보유상황보고서(약식) | 2026-07-23: 주식등의대량보유상황보고서(일반) | 2026-07-23: 임원ㆍ주요주주특정증권등소유상황보고서 | 2026-07-10: 주식등의대량보유상황보고서(일반) | 2026-07-10: 임원ㆍ주요주주특정증권등소유상황보고서,7
누보,332290,0,OK,,,,2026-07-23: 주주총회소집공고 | 2026-07-08: [기재정정]주식병합결정               | 2026-07-08: [기재정정]주주총회소집결의               | 2026-07-01: 기업설명회(IR)개최               | 2026-06-29: 주주총회소집결의              ,7
HB테크놀러지,078150,0,OK,,,,2026-07-15: 주식등의대량보유상황보고서(일반) | 2026-07-15: 임원ㆍ주요주주특정증권등소유상황보고서 | 2026-07-15: 임원ㆍ주요주주특정증권등소유상황보고서 | 2026-07-13: 전환청구권행사              ,4
케어젠,214370,0,OK,,,,"2026-07-29: 주식등의대량보유상황보고서(일반) | 2026-07-10: 임원ㆍ주요주주특정증권등소유상황보고서 | 2026-07-08: 주식등의대량보유상황보고서(일반) | 2026-07-03: 현금ㆍ현물배당결정              (중간배당) | 2026-06-29: 불성실공시법인지정              (공시번복 1건, 공시변경 1건)",5
유라클,088340,0,OK,,,,2026-07-03: 임원ㆍ주요주주특정증권등소유상황보고서 | 2026-07-02: 주식등의대량보유상황보고서(일반) | 2026-06-30: 임원ㆍ주요주주특정증권등소유상황보고서 | 2026-06-30: 임원ㆍ주요주주특정증권등소유상황보고서 | 2026-06-29: 주식등의대량보유상황보고서(일반),5
핸디소프트,220180,0,OK,,,,2026-07-15: 상호변경안내               | 2026-07-15: 임시주주총회결과               | 2026-06-30: 주주총회소집공고,3
삼영에스앤씨,361670,0,OK,,,,2026-07-20: 주식등의대량보유상황보고서(일반) | 2026-07-20: 임원ㆍ주요주주특정증권등소유상황보고서 | 2026-07-10: 임시주주총회결과               | 2026-06-30: 주식등의대량보유상황보고서(일반) | 2026-06-30: 임원ㆍ주요주주특정증권등소유상황보고서,6
카카오뱅크,323410,0,OK,,,,2026-07-29: [기재정정]주식매수선택권부여에관한신고 | 2026-07-14: 계열금융회사의약관에의한금융거래-[유가증권-채권] | 2026-07-02: 기업설명회(IR)개최(안내공시)               | 2026-07-02: 결산실적공시예고(안내공시)               | 2026-06-29: 지속가능경영보고서등관련사항(자율공시)              ,5
하이로닉,149980,0,OK,,,,2026-07-16: 현금ㆍ현물배당결정               | 2026-07-16: 주식매수선택권부여에관한신고 | 2026-07-16: [기재정정]사업보고서 (2025.12),3
질경이,233990,0,OK,,,,2026-07-28: 임원ㆍ주요주주특정증권등거래계획보고서 | 2026-07-28: 임원ㆍ주요주주특정증권등거래계획철회보고서 | 2026-06-29: 기업설명회(IR)개최결과              ,3
애드포러스,397810,0,OK,,,,2026-07-13: 임원ㆍ주요주주특정증권등소유상황보고서 | 2026-07-13: 임원ㆍ주요주주특정증권등소유상황보고서 | 2026-07-13: 임원ㆍ주요주주특정증권등소유상황보고서,3
프레스티지바이오로직스,334970,0,OK,,,,2026-07-10: 임원ㆍ주요주주특정증권등소유상황보고서 | 2026-07-10: 주식등의대량보유상황보고서(일반) | 2026-06-30: 임원ㆍ주요주주특정증권등소유상황보고서,3
다산솔루에타,154040,0,OK,,,,2026-07-10: 임원ㆍ주요주주특정증권등거래계획보고서 | 2026-07-10: 주주총회소집결의              (임시주주총회) | 2026-07-10: 주주명부폐쇄기간또는기준일설정               | 2026-07-10: 주식병합결정               | 2026-07-07: 임원ㆍ주요주주특정증권등거래계획보고서,6
큐에이드,377460,0,OK,,,,2026-07-15: 독립이사의선임ㆍ해임또는중도퇴임에관한신고 | 2026-07-15: 임시주주총회결과               | 2026-07-02: 타법인주식및출자증권취득결정               | 2026-06-30: 주주총회소집공고 | 2026-06-30: 주주총회소집결의              ,5
국전,307750,0,OK,,,,2026-07-24: 임원ㆍ주요주주특정증권등소유상황보고서 | 2026-07-24: 주식등의대량보유상황보고서(일반) | 2026-07-21: 주식등의대량보유상황보고서(일반) | 2026-07-01: 주식등의대량보유상황보고서(일반),4
나우로보틱스,459510,0,OK,,,,2026-06-30: 합병등종료보고서(자산양수도) | 2026-06-30: [기재정정]주요사항보고서(타법인주식및출자증권양수결정) | 2026-06-30: 합병등종료보고서(합병) | 2026-06-29: [기재정정]신규시설투자등              ,4
이수스페셜티케미컬,457190,0,OK,,,,2026-07-28: 기업설명회(IR)개최(안내공시)               | 2026-07-24: 주식등의대량보유상황보고서(일반) | 2026-07-14: 주식등의대량보유상황보고서(일반) | 2026-07-07: 단기차입금증가결정               | 2026-07-01: 주식등의대량보유상황보고서(약식),5
엔지켐생명과학,183490,0,OK,,,,2026-07-27: 주식등의대량보유상황보고서(일반) | 2026-07-27: 임원ㆍ주요주주특정증권등소유상황보고서 | 2026-07-23: 독립이사의선임ㆍ해임또는중도퇴임에관한신고 | 2026-07-23: 임시주주총회결과               | 2026-07-23: [기재정정]소송등의판결ㆍ결정              (경영권 분쟁 소송)(검사인 선임),22
제닉스로보틱스,381620,0,OK,,,,2026-07-15: 주요사항보고서(자기주식취득신탁계약체결결정) | 2026-07-10: 전환가액의조정              (제1회차) | 2026-06-30: [기재정정]주식매수선택권부여에관한신고,3
HLB바이오스텝,278650,0,OK,,,,2026-07-22: 주식등의대량보유상황보고서(일반) | 2026-07-21: 주요사항보고서(자기전환사채만기전취득결정) | 2026-07-21: 임원ㆍ주요주주특정증권등소유상황보고서 | 2026-07-14: 주요사항보고서(자기전환사채만기전취득결정) | 2026-07-01: 임원ㆍ주요주주특정증권등소유상황보고서,5
한주라이트메탈,198940,0,OK,,,,2026-06-30: 전환청구권행사              (제7회차) | 2026-06-29: 임원ㆍ주요주주특정증권등소유상황보고서 | 2026-06-29: 임원ㆍ주요주주특정증권등소유상황보고서 | 2026-06-29: 임원ㆍ주요주주특정증권등소유상황보고서 | 2026-06-29: 임원ㆍ주요주주특정증권등소유상황보고서,12
레몬,294140,0,OK,,,,2026-07-09: 임원ㆍ주요주주특정증권등소유상황보고서 | 2026-07-09: 주식등의대량보유상황보고서(일반) | 2026-07-03: 증권발행결과(자율공시)              (제3자배정 유상증자),3
오성첨단소재,052420,0,OK,,,,2026-07-16: 타법인주식및출자증권취득결정               | 2026-07-16: [기재정정]주요사항보고서(타법인주식및출자증권양도결정) | 2026-07-02: 주요사항보고서(자기주식취득신탁계약체결결정),3
져스텍,153890,0,OK,,,,2026-07-06: 주식등의대량보유상황보고서(약식) | 2026-07-03: 분기보고서 (2026.03) | 2026-07-03: 임원ㆍ주요주주특정증권등소유상황보고서 | 2026-07-03: 임원ㆍ주요주주특정증권등소유상황보고서 | 2026-07-03: 임원ㆍ주요주주특정증권등소유상황보고서,8
팬오션,028670,0,OK,,,,2026-07-27: 기업설명회(IR)개최(안내공시)               | 2026-07-27: 기업설명회(IR)개최(안내공시)               | 2026-06-29: 신규시설투자등               | 2026-06-29: 동일인등출자계열회사와의상품ㆍ용역거래,4
HS효성,487570,0,OK,,,,2026-07-29: 타인에대한채무보증결정(자회사의 주요경영사항)               | 2026-07-10: 최대주주등소유주식변동신고서               | 2026-07-10: 주식등의대량보유상황보고서(일반) | 2026-07-09: 타법인주식및출자증권취득결정(자회사의 주요경영사항)              ,4
루멘스,038060,0,OK,,,,2026-07-06: 주주총회소집결의              (임시주주총회) | 2026-07-06: 주식병합결정               | 2026-07-06: 주주명부폐쇄기간또는기준일설정              ,3
동일제강,002690,0,OK,,,,2026-07-23: 최대주주등소유주식변동신고서               | 2026-07-22: 주식등의대량보유상황보고서(일반) | 2026-07-22: 임원ㆍ주요주주특정증권등소유상황보고서 | 2026-07-22: 공개매수결과보고서 | 2026-06-29: 공개매수설명서,6
한솔홈데코,025750,0,OK,,,,2026-07-28: 독립이사의선임ㆍ해임또는중도퇴임에관한신고 | 2026-07-28: 임시주주총회결과               | 2026-07-13: 의결권대리행사권유참고서류 | 2026-07-13: 주주총회소집공고,4
삼천당제약,000250,0,OK,,,,2026-07-23: 주식등의대량보유상황보고서(일반) | 2026-06-30: 독립이사의선임ㆍ해임또는중도퇴임에관한신고 | 2026-06-30: 임시주주총회결과              ,3
드림텍,192650,0,OK,,,,2026-07-27: 기업설명회(IR)개최(안내공시)               | 2026-07-16: 신규시설투자등(자율공시)               | 2026-07-09: 주요사항보고서(자기주식취득신탁계약체결결정) | 2026-06-29: 지속가능경영보고서등관련사항(자율공시)              ,4
DB하이텍,000990,0,OK,,,,2026-07-09: 임원ㆍ주요주주특정증권등소유상황보고서 | 2026-07-02: 임원ㆍ주요주주특정증권등소유상황보고서 | 2026-07-01: 주식등의대량보유상황보고서(약식) | 2026-07-01: 주식등의대량보유상황보고서(약식) | 2026-06-30: 지속가능경영보고서등관련사항(자율공시)              ,5
한화갤러리아,452260,0,OK,,,,2026-07-15: [첨부정정]주요사항보고서(유형자산양수결정) | 2026-07-13: [첨부추가]주요사항보고서(유형자산양수결정) | 2026-07-14: [첨부정정]주요사항보고서(유형자산양수결정) | 2026-06-30: [첨부정정]주요사항보고서(유형자산양수결정),4
알티캐스트,085810,0,OK,,,,2026-07-10: 임원ㆍ주요주주특정증권등소유상황보고서 | 2026-07-10: 주식등의대량보유상황보고서(일반) | 2026-07-08: 주식등의대량보유상황보고서(약식) | 2026-07-06: 주식등의대량보유상황보고서(약식) | 2026-06-30: [기재정정]사업보고서 (2025.12),5
경남은행,192520,0,OK,,,,2026-07-23: 증권발행실적보고서 | 2026-07-22: 투자설명서(일괄신고) | 2026-07-22: 일괄신고추가서류 | 2026-07-13: 증권발행실적보고서 | 2026-07-10: 투자설명서(일괄신고),7
웅진,016880,0,OK,,,,2026-07-23: [기재정정]대규모기업집단현황공시[연1회공시및1/4분기용(대표회사)] | 2026-07-10: 주식등의대량보유상황보고서(약식) | 2026-06-30: 동일인등출자계열회사와의상품ㆍ용역거래,3
씨티알모빌리티,308170,0,OK,,,,2026-07-24: 임원ㆍ주요주주특정증권등소유상황보고서 | 2026-07-24: 최대주주등소유주식변동신고서               | 2026-07-10: 임원ㆍ주요주주특정증권등소유상황보고서 | 2026-07-10: 최대주주등소유주식변동신고서              ,4
에스투더블유,488280,0,OK,,,,2026-07-29: 임원ㆍ주요주주특정증권등소유상황보고서 | 2026-07-29: [기재정정]주식등의대량보유상황보고서(일반) | 2026-07-16: 임원ㆍ주요주주특정증권등소유상황보고서 | 2026-07-16: 임원ㆍ주요주주특정증권등소유상황보고서 | 2026-07-16: 주식등의대량보유상황보고서(일반),9
이수앱지스,086890,0,OK,,,,2026-07-23: [기재정정]주식등의대량보유상황보고서(일반) | 2026-07-22: 임원ㆍ주요주주특정증권등소유상황보고서 | 2026-07-22: 임원ㆍ주요주주특정증권등소유상황보고서 | 2026-07-22: 주식등의대량보유상황보고서(일반),4
소프트센,032680,0,OK,,,,2026-07-28: 주식등의대량보유상황보고서(일반) | 2026-07-28: 임원ㆍ주요주주특정증권등소유상황보고서 | 2026-07-21: 주식등의대량보유상황보고서(일반) | 2026-07-21: 임원ㆍ주요주주특정증권등소유상황보고서 | 2026-07-16: 전환사채(해외전환사채포함)발행후만기전사채취득              (제11회차),10
씨엠티엑스,388210,0,OK,,,,2026-07-22: 임시주주총회결과               | 2026-07-07: 의결권대리행사권유참고서류 | 2026-07-07: 주주총회소집공고 | 2026-07-01: 주식등의대량보유상황보고서(약식) | 2026-07-01: 기업설명회(IR)개최              ,5
스마트레이더시스템,424960,0,OK,,,,2026-07-24: 임원ㆍ주요주주특정증권등소유상황보고서 | 2026-07-22: 임원ㆍ주요주주특정증권등소유상황보고서 | 2026-07-10: 주식등의대량보유상황보고서(일반),3
INVENI,015360,0,OK,,,,2026-07-07: 임원ㆍ주요주주특정증권등소유상황보고서 | 2026-07-07: 주식등의대량보유상황보고서(일반) | 2026-07-07: 최대주주등소유주식변동신고서               | 2026-06-30: 임원ㆍ주요주주특정증권등소유상황보고서 | 2026-06-30: 주식등의대량보유상황보고서(일반),6
일월지엠엘,178780,0,OK,,,,2026-07-07: [기재정정]사업보고서 (2025.12) | 2026-07-06: 주주명부폐쇄기간또는기준일설정               | 2026-07-06: 주주총회소집결의              (임시주주총회),3
엘브이엠씨,900140,0,OK,,,,2026-07-24: 주식등의대량보유상황보고서(일반) | 2026-07-20: 지주회사의자회사탈퇴               | 2026-07-07: 주식등의대량보유상황보고서(일반),3
코람코라이프인프라리츠,357120,0,OK,,,,2026-07-24: 부동산투자회사부동산처분               | 2026-07-23: 임원ㆍ주요주주특정증권등소유상황보고서 | 2026-07-22: 부동산투자회사자금차입               | 2026-07-20: 풍문또는보도에대한해명(미확정)               | 2026-07-16: 임원ㆍ주요주주특정증권등소유상황보고서,13
TP,007980,0,OK,,,,2026-07-10: 단기차입금증가결정               | 2026-07-07: 임원ㆍ주요주주특정증권등소유상황보고서 | 2026-07-07: 임원ㆍ주요주주특정증권등소유상황보고서 | 2026-07-07: 임원ㆍ주요주주특정증권등소유상황보고서 | 2026-07-07: 임원ㆍ주요주주특정증권등소유상황보고서,13
오픈놀,440320,0,OK,,,,2026-07-16: [기재정정]분기보고서 (2026.03) | 2026-06-30: 주식등의대량보유상황보고서(일반) | 2026-06-29: 증권발행결과(자율공시)              (제2회차 CB) | 2026-06-29: 주식등의대량보유상황보고서(약식),4
폴라리스AI파마,041910,0,OK,,,,2026-07-27: 전환가액의조정               | 2026-07-24: 주식등의대량보유상황보고서(일반) | 2026-07-10: 주식등의대량보유상황보고서(일반),3
제이엘케이,322510,0,OK,,,,2026-07-29: 주주총회소집공고 | 2026-07-09: 주주총회소집결의              (임시주주총회) | 2026-07-09: 주주명부폐쇄기간또는기준일설정              ,3
스페코,013810,0,OK,,[기재정정]단일판매ㆍ공급계약체결              (+5),최대주주변경              (-5),2026-07-27: [기재정정]단일판매ㆍ공급계약체결               | 2026-07-15: 최대주주변경               | 2026-07-15: 주식등의대량보유상황보고서(일반) | 2026-07-15: 임원ㆍ주요주주특정증권등소유상황보고서 | 2026-07-15: 주식등의대량보유상황보고서(일반),7
네오이뮨텍,950220,0,OK,,,,2026-07-13: 기업설명회(IR)개최               | 2026-07-10: 임원ㆍ주요주주특정증권등소유상황보고서 | 2026-07-10: 임원ㆍ주요주주특정증권등소유상황보고서 | 2026-07-10: 임원ㆍ주요주주특정증권등소유상황보고서 | 2026-07-10: 임원ㆍ주요주주특정증권등소유상황보고서,6
에스앤에스텍,101490,0,OK,,,,2026-07-06: 주식등의대량보유상황보고서(약식) | 2026-07-03: 타법인주식및출자증권취득결정(종속회사의주요경영사항)               | 2026-07-01: 주식등의대량보유상황보고서(약식),3
오리엔트바이오,002630,0,OK,,,,2026-07-23: 주식등의대량보유상황보고서(일반) | 2026-07-16: 주주총회소집공고 | 2026-07-08: 주식등의대량보유상황보고서(일반) | 2026-06-29: 독립이사의선임ㆍ해임또는중도퇴임에관한신고 | 2026-06-29: 정기주주총회결과              ,5
롯데하이마트,071840,0,OK,,,,2026-07-16: [기재정정]주주총회소집공고 | 2026-07-16: 의결권대리행사권유참고서류 | 2026-07-16: 주주총회소집공고 | 2026-06-29: 지속가능경영보고서등관련사항(자율공시)              ,4
지에스엔텍,037640,0,OK,,,,2026-07-16: 증권발행실적보고서 | 2026-07-16: 투자설명서 | 2026-07-15: [발행조건확정]증권신고서(채무증권) | 2026-07-10: [발행조건확정]증권신고서(채무증권) | 2026-07-06: 증권신고서(채무증권),5
삼양홀딩스,000070,0,OK,,,,2026-07-14: [기재정정]벌금등의부과(자회사의 주요경영사항)               | 2026-07-07: 벌금등의부과(자회사의 주요경영사항)               | 2026-06-30: [기재정정]벌금등의부과(자회사의 주요경영사항)              ,3
나래나노텍,137080,0,OK,,,,2026-07-22: 주식등의대량보유상황보고서(일반) | 2026-07-22: 임원ㆍ주요주주특정증권등소유상황보고서 | 2026-07-22: 자기주식취득결과보고서,3
지아이이노베이션,358570,0,OK,,,,2026-07-23: 임원ㆍ주요주주특정증권등소유상황보고서 | 2026-07-23: 임원ㆍ주요주주특정증권등소유상황보고서 | 2026-07-13: 임원ㆍ주요주주특정증권등소유상황보고서 | 2026-07-10: 투자판단관련주요경영사항(임상시험계획변경승인)              (GI108 제1/2a상 임상시험계획 한국식품의약품안전처 변경승인) | 2026-07-06: 주식등의대량보유상황보고서(일반),7
NH프라임리츠,338100,0,OK,,,,2026-07-16: 주주총회소집결의               | 2026-07-16: 부동산투자회사금전배당결정               | 2026-07-08: 기타경영사항(자율공시)               | 2026-07-07: 매출액또는손익구조30%(대규모법인은15%)이상변경              ,4
아즈텍WB,032080,0,OK,,,,2026-07-29: 임원ㆍ주요주주특정증권등거래계획보고서 | 2026-07-16: 임원ㆍ주요주주특정증권등소유상황보고서 | 2026-07-16: 임원ㆍ주요주주특정증권등소유상황보고서 | 2026-07-08: 주주총회소집결의              (임시주주총회) | 2026-07-08: 주식병합결정              ,8
우신시스템,017370,0,OK,,,,2026-07-28: 주식등의대량보유상황보고서(일반) | 2026-07-16: 주식등의대량보유상황보고서(일반) | 2026-07-02: 주식등의대량보유상황보고서(일반),3
평화산업,090080,0,OK,,,,2026-07-29: 임원ㆍ주요주주특정증권등소유상황보고서 | 2026-07-29: 주식등의대량보유상황보고서(일반) | 2026-07-29: 최대주주등소유주식변동신고서               | 2026-07-27: 임원ㆍ주요주주특정증권등소유상황보고서 | 2026-07-27: 최대주주등소유주식변동신고서              ,8
페니트리움바이오,187660,0,OK,,,,2026-07-22: 주식등의대량보유상황보고서(일반) | 2026-07-07: [기재정정]기업설명회(IR)개최               | 2026-07-03: 기업설명회(IR)개최              ,3
SK케미칼,285130,0,OK,,,,2026-07-23: 현금ㆍ현물배당결정               | 2026-07-23: 현금ㆍ현물배당을위한주주명부폐쇄(기준일)결정               | 2026-07-01: 주식등의대량보유상황보고서(약식),3
NH올원리츠,400760,0,OK,,,,2026-07-22: [기재정정]부동산투자회사부동산임대               | 2026-07-10: 임원ㆍ주요주주특정증권등소유상황보고서 | 2026-07-08: 기타경영사항(자율공시)               | 2026-07-01: [기재정정]부동산투자회사부동산임대               | 2026-06-29: 부동산투자회사부동산임대              ,5
트리니티항공,091810,0,OK,,,,2026-07-24: 임시주주총회결과               | 2026-07-09: 의결권대리행사권유참고서류 | 2026-07-09: 주주총회소집공고 | 2026-07-08: 최대주주등소유주식변동신고서               | 2026-07-08: 임원ㆍ주요주주특정증권등소유상황보고서,12
쿼드메디슨,464490,0,OK,,,,2026-07-22: 임원ㆍ주요주주특정증권등소유상황보고서 | 2026-07-22: 주식등의대량보유상황보고서(일반) | 2026-07-06: [기재정정]사업보고서 (2025.12),3
동양이엔피,079960,0,OK,,,,2026-07-16: [기재정정]타법인주식및출자증권취득결정               | 2026-07-09: 임원ㆍ주요주주특정증권등소유상황보고서 | 2026-07-09: 임원ㆍ주요주주특정증권등소유상황보고서 | 2026-07-09: [기재정정]주식등의대량보유상황보고서(일반) | 2026-07-09: 주식등의대량보유상황보고서(일반),5
우리엔터프라이즈,037400,0,OK,,,,2026-07-15: 임시주주총회결과               | 2026-07-06: 주식등의대량보유상황보고서(일반) | 2026-06-30: 의결권대리행사권유참고서류 | 2026-06-30: 주주총회소집공고,4
디앤디플랫폼리츠,377190,0,OK,,,,2026-07-27: 주주총회소집결의               | 2026-07-27: 주주명부폐쇄기간또는기준일설정               | 2026-07-23: 임원ㆍ주요주주특정증권등소유상황보고서 | 2026-07-16: 임원ㆍ주요주주특정증권등소유상황보고서 | 2026-07-15: 유형자산처분결정(종속회사의주요경영사항)              ,9
케이카,381970,0,OK,,,,2026-07-08: 주주명부폐쇄기간또는기준일설정               | 2026-07-08: 독립이사의선임ㆍ해임또는중도퇴임에관한신고 | 2026-07-07: 임시주주총회결과               | 2026-07-01: 주식등의대량보유상황보고서(일반) | 2026-06-29: [기재정정]투자판단관련주요경영사항              ,5
엘앤에프,066970,0,OK,,,,2026-07-28: 기업설명회(IR)개최(안내공시)               | 2026-07-22: 최대주주등소유주식변동신고서               | 2026-07-22: 주식등의대량보유상황보고서(일반) | 2026-07-01: 주식등의대량보유상황보고서(약식) | 2026-06-30: 지속가능경영보고서등관련사항(자율공시)              ,5
케이탑리츠,145270,0,OK,,,,2026-07-28: [기재정정]부동산투자회사자금차입               | 2026-07-24: 최대주주등소유주식변동신고서               | 2026-07-20: 주식등의대량보유상황보고서(약식) | 2026-07-16: 최대주주등소유주식변동신고서               | 2026-07-10: 최대주주등소유주식변동신고서              ,6
스튜디오삼익,415380,0,OK,,,,2026-07-28: [기재정정]현금ㆍ현물배당결정              (분기배당) | 2026-07-28: 현금ㆍ현물배당결정              (분기배당) | 2026-07-28: 중간(분기)배당을위한주주명부폐쇄(기준일)결정               | 2026-07-02: 주요사항보고서(자기주식취득신탁계약체결결정) | 2026-07-01: 임원ㆍ주요주주특정증권등소유상황보고서,5
현대백화점,069960,0,OK,,,,2026-07-29: 기업설명회(IR)개최(안내공시)               | 2026-07-29: 결산실적공시예고(안내공시)               | 2026-07-24: 주식등의대량보유상황보고서(약식) | 2026-07-03: 최대주주등소유주식변동신고서               | 2026-07-03: 임원ㆍ주요주주특정증권등소유상황보고서,8
신라교역,004970,0,OK,,,,2026-07-28: 타인에대한채무보증결정               | 2026-07-07: 주식등의대량보유상황보고서(일반) | 2026-07-07: 최대주주등소유주식변동신고서              ,3
KG이니시스,035600,0,OK,,,,2026-07-10: 주식등의대량보유상황보고서(일반) | 2026-06-30: [기재정정]타법인주식및출자증권취득결정(종속회사의주요경영사항)               | 2026-06-29: 주식등의대량보유상황보고서(일반) | 2026-06-29: 임원ㆍ주요주주특정증권등소유상황보고서,4
롯데렌탈,089860,0,OK,,,,2026-07-29: [기재정정]타인에대한채무보증결정(자율공시)               | 2026-07-28: 기업설명회(IR)개최(안내공시)               | 2026-07-28: 결산실적공시예고(안내공시)               | 2026-07-06: 기업설명회(IR)개최(안내공시)               | 2026-07-01: 풍문또는보도에대한해명(미확정)              ,6
티엘비,356860,0,OK,,,,2026-07-23: 임원ㆍ주요주주특정증권등소유상황보고서 | 2026-07-23: 임원ㆍ주요주주특정증권등소유상황보고서 | 2026-07-23: 임원ㆍ주요주주특정증권등소유상황보고서 | 2026-07-23: 임원ㆍ주요주주특정증권등소유상황보고서 | 2026-07-23: 임원ㆍ주요주주특정증권등소유상황보고서,29
다이나믹솔루션,290660,0,OK,,,,2026-07-23: 주주총회소집결의              (임시주주총회) | 2026-07-23: 주주명부폐쇄기간또는기준일설정               | 2026-07-13: 임원ㆍ주요주주특정증권등소유상황보고서 | 2026-07-01: 임원ㆍ주요주주특정증권등소유상황보고서 | 2026-06-29: [기재정정]주식매수선택권부여에관한신고,5
캐스텍코리아,071850,0,OK,,,,2026-07-23: 소송등의제기ㆍ신청(경영권분쟁소송)              (직무집행정지가처분) | 2026-07-03: [기재정정]소송등의판결ㆍ결정              (주주총회결의무효확인 등) | 2026-07-03: 소송등의제기ㆍ신청(경영권분쟁소송)              (주주총회결의취소),3
세원물산,024830,0,OK,,,,2026-07-21: 소속부변경               | 2026-07-16: [기재정정]타인에대한담보제공결정               | 2026-07-02: 주식등의대량보유상황보고서(일반),3
한국토지신탁,034830,0,OK,,,,2026-07-24: 주식등의대량보유상황보고서(일반) | 2026-07-03: 주식등의대량보유상황보고서(일반) | 2026-07-01: 임원ㆍ주요주주특정증권등소유상황보고서 | 2026-06-30: [기재정정]투자판단관련주요경영사항              ,4
한국비티비,219750,0,OK,,,,2026-07-27: 주식등의대량보유상황보고서(일반) | 2026-07-27: 임원ㆍ주요주주특정증권등소유상황보고서 | 2026-07-06: 임원ㆍ주요주주특정증권등소유상황보고서 | 2026-07-06: 임원ㆍ주요주주특정증권등소유상황보고서 | 2026-07-06: 주식등의대량보유상황보고서(일반),5
덕산네오룩스,213420,0,OK,,,,2026-07-16: 주식등의대량보유상황보고서(일반) | 2026-07-16: 임원ㆍ주요주주특정증권등소유상황보고서 | 2026-07-06: [기재정정]타법인주식및출자증권취득결정(종속회사의주요경영사항)               | 2026-07-01: 주식등의대량보유상황보고서(약식),4
아이티센씨티에스,031820,0,OK,,,,2026-07-13: 타인에대한채무보증결정               | 2026-07-13: 지속가능경영보고서등관련사항(자율공시)               | 2026-07-13: 타인에대한채무보증결정              ,3
지투파워,388050,0,OK,,,,2026-07-23: 신탁계약해지결과보고서 | 2026-07-22: 주요사항보고서(자기주식취득신탁계약해지결정) | 2026-07-09: 주식등의대량보유상황보고서(약식),3
삼성전자,005930,0,OK,,,,2026-07-29: 임원ㆍ주요주주특정증권등소유상황보고서 | 2026-07-29: 임원ㆍ주요주주특정증권등소유상황보고서 | 2026-07-29: [기재정정]임원ㆍ주요주주특정증권등소유상황보고서 | 2026-07-29: 임원ㆍ주요주주특정증권등소유상황보고서 | 2026-07-28: 임원ㆍ주요주주특정증권등소유상황보고서,100
동일산업,004890,0,OK,,,,2026-07-16: 최대주주등소유주식변동신고서               | 2026-07-13: 최대주주등소유주식변동신고서               | 2026-07-08: 최대주주등소유주식변동신고서               | 2026-07-02: 최대주주등소유주식변동신고서              ,4
레인보우로보틱스,277810,0,OK,,,,2026-07-13: [기재정정]신규시설투자등               | 2026-07-03: 독립이사의선임ㆍ해임또는중도퇴임에관한신고 | 2026-07-03: 임시주주총회결과              ,3
와이랩,432430,0,OK,,,,2026-07-09: 주식등의대량보유상황보고서(일반) | 2026-07-07: 임원ㆍ주요주주특정증권등소유상황보고서 | 2026-07-07: 임원ㆍ주요주주특정증권등소유상황보고서 | 2026-07-07: [기재정정]주식등의대량보유상황보고서(일반) | 2026-07-06: 임시주주총회결과              ,6
코스나인,082660,0,OK,,,,2026-07-28: [기재정정]주주총회소집결의              (임시주주총회) | 2026-07-21: [기재정정]주주총회소집결의               | 2026-07-21: [기재정정]주주명부폐쇄기간또는기준일설정               | 2026-06-30: [기재정정]주주총회소집결의               | 2026-06-30: [기재정정]주주명부폐쇄기간또는기준일설정              ,5
HL만도,204320,0,OK,,,,2026-07-28: [기재정정]기업설명회(IR)개최(안내공시)               | 2026-07-28: 기업설명회(IR)개최(안내공시)               | 2026-07-28: 기업설명회(IR)개최(안내공시)               | 2026-07-22: 중대재해발생               | 2026-07-02: 임원ㆍ주요주주특정증권등소유상황보고서,6
대창솔루션,096350,0,OK,,,,2026-07-28: 임원ㆍ주요주주특정증권등소유상황보고서 | 2026-07-06: 주주총회소집결의              (임시주주총회) | 2026-07-06: 주주명부폐쇄기간또는기준일설정              ,3
한국특강,007280,0,OK,,,,2026-07-29: 최대주주등소유주식변동신고서               | 2026-07-29: 주식등의대량보유상황보고서(일반) | 2026-07-29: 임원ㆍ주요주주특정증권등소유상황보고서 | 2026-07-29: 임원ㆍ주요주주특정증권등소유상황보고서 | 2026-07-29: 임원ㆍ주요주주특정증권등소유상황보고서,7
영흥,012160,0,OK,,,,2026-07-22: 주식등의대량보유상황보고서(일반) | 2026-07-22: 최대주주등소유주식변동신고서               | 2026-07-15: 주식등의대량보유상황보고서(일반) | 2026-07-15: 최대주주등소유주식변동신고서               | 2026-07-15: 임원ㆍ주요주주특정증권등소유상황보고서,12
글로벌에스엠,900070,0,OK,,,,2026-07-01: 임원ㆍ주요주주특정증권등소유상황보고서 | 2026-07-01: 임원ㆍ주요주주특정증권등소유상황보고서 | 2026-07-01: 임원ㆍ주요주주특정증권등소유상황보고서 | 2026-07-01: 임원ㆍ주요주주특정증권등소유상황보고서,4
지니틱스,303030,0,OK,,,,2026-07-24: 주주총회소집공고 | 2026-07-15: [기재정정]주주총회소집결의              (임시주주총회) | 2026-07-01: 주주명부폐쇄기간또는기준일설정               | 2026-07-01: 주주총회소집결의              (임시주주총회),4
산은캐피탈,008270,0,OK,,,,2026-07-24: 증권발행실적보고서 | 2026-07-23: 투자설명서(일괄신고) | 2026-07-23: 일괄신고추가서류 | 2026-07-13: 증권발행실적보고서 | 2026-07-13: 투자설명서(일괄신고),9
노머스,473980,0,🚨 YES,주요사항보고서(전환사채권발행결정),주식소각결정              (+5) | [기재정정]주식소각결정              (+5) | [기재정정]주식소각결정              (+5),주요사항보고서(전환사채권발행결정)(-15),2026-07-24: 주요사항보고서(전환사채권발행결정) | 2026-07-15: 주요사항보고서(자기주식취득신탁계약체결결정) | 2026-07-08: [기재정정]신탁계약해지결과보고서 | 2026-07-08: 주식소각결정               | 2026-07-08: 신탁계약해지결과보고서,11
케이씨씨글라스,344820,0,OK,,,,2026-07-24: 풍문또는보도에대한해명(미확정)               | 2026-07-10: 공정거래자율준수프로그램운영현황(안내공시)               | 2026-07-10: 현금ㆍ현물배당을위한주주명부폐쇄(기준일)결정               | 2026-07-10: 현금ㆍ현물배당결정               | 2026-07-06: 주식등의대량보유상황보고서(일반),5
엠로,058970,0,OK,,,,2026-07-16: [기재정정]분기보고서 (2026.03) | 2026-07-16: [기재정정]사업보고서 (2025.12) | 2026-07-08: [기재정정]주식매수선택권부여에관한신고 | 2026-07-08: [기재정정]주식매수선택권부여에관한신고 | 2026-07-08: 임원ㆍ주요주주특정증권등소유상황보고서,9
피엠티,147760,0,OK,,,,2026-07-23: 임원ㆍ주요주주특정증권등소유상황보고서 | 2026-07-14: 임원ㆍ주요주주특정증권등소유상황보고서 | 2026-07-14: 임원ㆍ주요주주특정증권등소유상황보고서 | 2026-07-14: 임원ㆍ주요주주특정증권등소유상황보고서 | 2026-07-06: [기재정정]임원ㆍ주요주주특정증권등소유상황보고서,11
KPX홀딩스,092230,0,OK,,,,2026-07-16: [기재정정]유형자산처분결정(자회사의 주요경영사항)               | 2026-07-16: 현금ㆍ현물배당결정(자회사의 주요경영사항)               | 2026-07-15: 현금ㆍ현물배당결정(자회사의 주요경영사항)               | 2026-07-15: 현금ㆍ현물배당결정(자회사의 주요경영사항)               | 2026-07-06: 현금ㆍ현물배당을위한주주명부폐쇄(기준일)결정(자회사의 주요경영사항)              ,10
BYC,001460,0,OK,,,,2026-06-30: 임원ㆍ주요주주특정증권등소유상황보고서 | 2026-06-30: 최대주주등소유주식변동신고서               | 2026-06-30: 임원ㆍ주요주주특정증권등소유상황보고서,3
엔솔바이오사이언스,140610,0,OK,,,,2026-07-13: 주식등의대량보유상황보고서(약식) | 2026-07-03: 기업설명회(IR)개최결과               | 2026-06-30: 지정자문인선임계약의변경              ,3
사조대림,003960,0,OK,,,,2026-07-24: 최대주주등소유주식변동신고서               | 2026-07-24: 임원ㆍ주요주주특정증권등소유상황보고서 | 2026-07-16: 최대주주등소유주식변동신고서               | 2026-07-16: 임원ㆍ주요주주특정증권등소유상황보고서 | 2026-07-16: 주식등의대량보유상황보고서(일반),9
영우디에스피,143540,0,OK,,,,2026-07-24: 주식등의대량보유상황보고서(일반) | 2026-07-24: 임원ㆍ주요주주특정증권등소유상황보고서 | 2026-07-24: 임원ㆍ주요주주특정증권등소유상황보고서 | 2026-07-24: 임원ㆍ주요주주특정증권등소유상황보고서 | 2026-07-20: 주식등의대량보유상황보고서(일반),7
삼성출판사,068290,0,OK,,,,2026-07-16: 임원ㆍ주요주주특정증권등소유상황보고서 | 2026-07-16: 최대주주등소유주식변동신고서               | 2026-07-13: 임원ㆍ주요주주특정증권등소유상황보고서 | 2026-07-13: 최대주주등소유주식변동신고서               | 2026-06-30: 임원ㆍ주요주주특정증권등소유상황보고서,6
흥국에프엔비,189980,0,OK,,,,2026-07-29: 임원ㆍ주요주주특정증권등소유상황보고서 | 2026-07-21: 임원ㆍ주요주주특정증권등소유상황보고서 | 2026-07-13: 주식등의대량보유상황보고서(일반) | 2026-07-13: 임원ㆍ주요주주특정증권등소유상황보고서 | 2026-07-07: 임원ㆍ주요주주특정증권등소유상황보고서,6
한울소재과학,091440,0,OK,,,,2026-07-28: 의결권대리행사권유참고서류 | 2026-07-28: 주주총회소집공고 | 2026-07-28: [기재정정]주주총회소집결의               | 2026-07-15: 전환청구권행사               | 2026-07-10: 주식등의대량보유상황보고서(일반),7
이엠앤아이,083470,0,OK,,,,2026-07-24: 조회공시요구(현저한시황변동)에대한답변(미확정)               | 2026-07-23: 주주총회소집결의              (임시주주총회) | 2026-07-23: 주주명부폐쇄기간또는기준일설정              ,3
DH오토넥스,000300,0,OK,,,,2026-07-24: 독립이사의선임ㆍ해임또는중도퇴임에관한신고 | 2026-07-24: 임시주주총회결과               | 2026-07-24: 대표이사(대표집행임원)변경(안내공시)               | 2026-07-09: 상장적격성실질심사관련주요개선계획(자율공시)               | 2026-07-09: 기타시장안내              (개선기간 부여 결정),7
제주반도체,080220,0,OK,,,,2026-07-07: [기재정정]의결권대리행사권유참고서류 | 2026-07-07: [기재정정]주주총회소집공고 | 2026-07-07: [기재정정]주주총회소집결의              (임시주주총회),3
HLB생명과학,067630,0,OK,,,,2026-07-01: 주식등의대량보유상황보고서(일반) | 2026-07-01: 임원ㆍ주요주주특정증권등소유상황보고서 | 2026-07-01: 임원ㆍ주요주주특정증권등소유상황보고서 | 2026-07-01: 임원ㆍ주요주주특정증권등소유상황보고서 | 2026-07-01: 임원ㆍ주요주주특정증권등소유상황보고서,5
하이트진로,000080,0,OK,,,,2026-07-08: 지속가능경영보고서등관련사항(자율공시)               | 2026-06-29: 동일인등출자계열회사와의상품ㆍ용역거래 | 2026-06-29: 동일인등출자계열회사와의상품ㆍ용역거래,3
인포바인,115310,0,OK,,,,2026-07-03: 임원ㆍ주요주주특정증권등소유상황보고서 | 2026-07-03: 임원ㆍ주요주주특정증권등소유상황보고서 | 2026-07-03: 주식등의대량보유상황보고서(일반),3
코오롱인더,120110,0,OK,,,,2026-07-23: 기업설명회(IR)개최(안내공시)               | 2026-07-23: 기업설명회(IR)개최(안내공시)               | 2026-07-23: 결산실적공시예고(안내공시)               | 2026-07-13: 조회공시요구(풍문또는보도)에대한답변(미확정)               | 2026-07-13: 합병등종료보고서(주식의포괄적교환ㆍ이전),8
에스엠벡셀,010580,0,OK,,,,2026-07-29: 최대주주등소유주식변동신고서               | 2026-07-29: 주식등의대량보유상황보고서(일반) | 2026-07-29: 임원ㆍ주요주주특정증권등소유상황보고서 | 2026-07-23: 최대주주등소유주식변동신고서               | 2026-07-23: 주식등의대량보유상황보고서(일반),16
우림피티에스,101170,0,OK,,,,2026-07-24: 주식등의대량보유상황보고서(일반) | 2026-07-10: 주식등의대량보유상황보고서(일반) | 2026-07-07: 주식등의대량보유상황보고서(일반) | 2026-07-07: [기재정정]주식등의대량보유상황보고서(일반) | 2026-07-07: [기재정정]주식등의대량보유상황보고서(일반),11
에임드바이오,0009K0,0,OK,,,,2026-07-22: [기재정정]투자판단관련주요경영사항(임상시험계획승인신청)              (BI 4060107 (ODS025)의 제 1상 임상시험계획 승인 신청) | 2026-07-16: 독립이사의선임ㆍ해임또는중도퇴임에관한신고 | 2026-07-16: 임시주주총회결과               | 2026-07-15: [기재정정]투자판단관련주요경영사항(임상시험계획승인신청)              (BI 4060107 (ODS025)의 제 1상 임상시험계획 승인 신청) | 2026-07-01: 주주총회소집공고,6
삼양사,145990,0,OK,,,,2026-07-14: [기재정정]벌금등의부과               | 2026-07-07: 벌금등의부과               | 2026-06-30: [기재정정]벌금등의부과              ,3
천보,278280,0,OK,,,,2026-07-03: 임원ㆍ주요주주특정증권등소유상황보고서 | 2026-07-03: 주식등의대량보유상황보고서(일반) | 2026-06-29: 전환가액의조정              ,3
젝시믹스,337930,0,OK,,,,2026-07-16: [기재정정]중간(분기)배당을위한주주명부폐쇄(기준일)결정               | 2026-07-15: 중간(분기)배당을위한주주명부폐쇄(기준일)결정               | 2026-07-15: 전환사채(해외전환사채포함)발행후만기전사채취득              (제1회차) | 2026-07-15: 현금ㆍ현물배당결정              (분기배당) | 2026-07-10: 임원ㆍ주요주주특정증권등소유상황보고서,5
에이치엘지노믹스,0156T0,0,OK,,,,2026-07-16: 증권발행실적보고서 | 2026-07-10: [기재정정]투자설명서 | 2026-07-10: [발행조건확정]증권신고서(지분증권) | 2026-07-08: 투자설명서 | 2026-07-06: [기재정정]증권신고서(지분증권),6
코람코더원리츠,417310,0,OK,,,,2026-07-23: 임원ㆍ주요주주특정증권등소유상황보고서 | 2026-07-22: 수시공시의무관련사항(공정공시)               | 2026-07-16: 임원ㆍ주요주주특정증권등소유상황보고서 | 2026-07-09: 임원ㆍ주요주주특정증권등소유상황보고서 | 2026-07-08: 주식등의대량보유상황보고서(약식),7
웹젠,069080,0,OK,,,,2026-07-24: 결산실적공시예고               | 2026-07-24: 임원ㆍ주요주주특정증권등소유상황보고서 | 2026-07-14: 주식등의대량보유상황보고서(일반) | 2026-07-14: 임원ㆍ주요주주특정증권등소유상황보고서 | 2026-07-08: 자기주식취득결과보고서,5
자비스,254120,0,OK,,,,2026-07-29: 주주총회소집결의              (임시주주총회) | 2026-07-29: 주주명부폐쇄기간또는기준일설정               | 2026-07-29: 주식병합결정               | 2026-07-15: 임원ㆍ주요주주특정증권등거래계획보고서 | 2026-07-10: 주식등의대량보유상황보고서(일반),5
세화피앤씨,252500,0,OK,,,,2026-07-20: 주주명부폐쇄기간또는기준일설정               | 2026-07-20: 주주총회소집결의              (임시주주총회) | 2026-07-10: 임시주주총회결과               | 2026-07-09: 주식등의대량보유상황보고서(일반) | 2026-07-09: 임원ㆍ주요주주특정증권등소유상황보고서,5
에프엔씨엔터,173940,0,OK,,,,2026-07-21: [기재정정]사업보고서 (2025.12) | 2026-07-21: [기재정정]주식매수선택권부여에관한신고 | 2026-07-21: [기재정정]사업보고서 (2025.12) | 2026-07-20: 임원ㆍ주요주주특정증권등소유상황보고서,4
슈프리마에이치큐,094840,0,OK,,,,2026-07-22: 신탁계약에의한취득상황보고서 | 2026-07-13: 주주총회소집공고 | 2026-07-08: 의결권대리행사권유참고서류 | 2026-07-07: 현금ㆍ현물배당결정              (분기배당) | 2026-07-07: [기재정정]주주총회소집결의              (임시주주총회),5
메리츠금융지주,138040,0,OK,,,,2026-07-27: 증권신고서(채무증권) | 2026-07-24: 임원ㆍ주요주주특정증권등소유상황보고서 | 2026-07-24: 임원ㆍ주요주주특정증권등소유상황보고서 | 2026-07-24: 기업설명회(IR)개최(안내공시)               | 2026-06-30: 신탁계약에의한취득상황보고서,5
STX,011810,0,OK,,,,2026-07-29: 기타시장안내              (상장적격성 실질심사 결과 안내) | 2026-07-02: [기재정정]투자판단관련주요경영사항               | 2026-06-30: 기타시장안내              (개선계획 이행 여부 심의 요청),3
화승코퍼레이션,013520,0,OK,,,,2026-07-28: 최대주주등소유주식변동신고서               | 2026-07-21: 주식등의대량보유상황보고서(일반) | 2026-07-21: 최대주주등소유주식변동신고서               | 2026-07-14: 최대주주등소유주식변동신고서               | 2026-07-07: 최대주주등소유주식변동신고서              ,10
에스에이엠티,031330,0,OK,,,,2026-07-16: [기재정정]타인에대한채무보증결정               | 2026-07-02: 타인에대한채무보증결정               | 2026-06-30: 타인에대한채무보증결정              ,3
웹스,196700,0,OK,,,,2026-07-28: 주식등의대량보유상황보고서(일반) | 2026-07-28: 임원ㆍ주요주주특정증권등소유상황보고서 | 2026-07-28: 임원ㆍ주요주주특정증권등소유상황보고서 | 2026-07-13: 주요사항보고서(자기주식취득신탁계약체결결정) | 2026-06-30: 주식등의대량보유상황보고서(일반),6
코리아써키트,007810,0,OK,,,,2026-07-07: 임원ㆍ주요주주특정증권등소유상황보고서 | 2026-07-02: 임원ㆍ주요주주특정증권등소유상황보고서 | 2026-07-01: 주식등의대량보유상황보고서(약식) | 2026-07-01: 주식등의대량보유상황보고서(약식),4
슈프리마,236200,0,OK,,,,2026-07-22: 신탁계약에의한취득상황보고서 | 2026-07-13: 주주총회소집공고 | 2026-07-08: 의결권대리행사권유참고서류 | 2026-07-07: [기재정정]주주총회소집결의              (임시주주총회) | 2026-07-07: 현금ㆍ현물배당결정              (분기배당),5
제이에스코퍼레이션,194370,0,OK,,,,2026-07-16: 주식등의대량보유상황보고서(약식) | 2026-07-06: 유상증자또는주식관련사채등의발행결과(자율공시)               | 2026-07-06: 유상증자또는주식관련사채등의발행결과(자율공시)              ,3
미래에셋맵스리츠,357250,0,OK,,,,2026-07-23: 임원ㆍ주요주주특정증권등소유상황보고서 | 2026-07-16: 임원ㆍ주요주주특정증권등소유상황보고서 | 2026-07-15: 매출액또는손익구조30%(대규모법인은15%)이상변경               | 2026-07-15: 부동산투자회사금전배당결정               | 2026-07-02: 임원ㆍ주요주주특정증권등소유상황보고서,5
성광벤드,014620,0,OK,,,,2026-07-28: 주식등의대량보유상황보고서(일반) | 2026-07-22: 주식등의대량보유상황보고서(약식) | 2026-07-20: 임원ㆍ주요주주특정증권등소유상황보고서 | 2026-07-20: 주식등의대량보유상황보고서(약식) | 2026-07-15: 주식등의대량보유상황보고서(약식),10
세동,053060,0,OK,,,,2026-07-14: 임원ㆍ주요주주특정증권등소유상황보고서 | 2026-07-14: 임원ㆍ주요주주특정증권등소유상황보고서 | 2026-07-14: 주식등의대량보유상황보고서(일반) | 2026-07-10: 임원ㆍ주요주주특정증권등소유상황보고서 | 2026-07-10: 임원ㆍ주요주주특정증권등소유상황보고서,12
갤럭시아에스엠,011420,0,OK,,,,2026-07-23: 최대주주등소유주식변동신고서               | 2026-07-22: [기재정정]최대주주등소유주식변동신고서               | 2026-07-21: [기재정정]최대주주등소유주식변동신고서               | 2026-07-16: 최대주주등소유주식변동신고서               | 2026-07-09: 최대주주등소유주식변동신고서              ,7
삼보모터스,053700,0,OK,,,,2026-07-29: 전환가액의조정               | 2026-07-10: [기재정정]주식등의대량보유상황보고서(약식) | 2026-07-10: 주식등의대량보유상황보고서(약식) | 2026-07-09: 대표이사변경              ,4
케이이엠텍,106080,0,OK,,,,2026-07-23: [기재정정]주주총회소집결의              (임시주주총회) | 2026-07-15: [기재정정]주주총회소집결의              (임시주주총회) | 2026-07-07: 독립이사의선임ㆍ해임또는중도퇴임에관한신고 | 2026-06-29: 본점소재지변경              ,4
대호에이엘,069460,0,OK,,,,2026-07-28: 소송등의제기ㆍ신청(경영권분쟁소송)               | 2026-07-24: [기재정정]주주총회소집결의               | 2026-07-20: 기타경영사항(자율공시)               | 2026-07-16: 소송등의제기ㆍ신청(경영권분쟁소송)               | 2026-07-15: 대출원리금연체사실발생              ,16
잉크테크,049550,0,OK,,,,2026-07-23: 주식등의대량보유상황보고서(일반) | 2026-07-23: 임원ㆍ주요주주특정증권등소유상황보고서 | 2026-07-07: 대표이사변경              ,3
미래에셋생명,085620,0,OK,,,,2026-07-29: [첨부정정]지속가능경영보고서등관련사항(자율공시)               | 2026-07-24: [기재정정]대규모기업집단현황공시[연1회공시및1/4분기용(개별회사)] | 2026-07-24: [기재정정]대규모기업집단현황공시[연1회공시및1/4분기용(개별회사)] | 2026-07-21: [기재정정]사업보고서 (2025.12) | 2026-07-14: 계열금융회사의약관에의한금융거래-[기타유가증권],7
현대홈쇼핑,057050,0,OK,,,,2026-07-10: 주식등의대량보유상황보고서(약식) | 2026-07-08: 주식등의대량보유상황보고서(약식) | 2026-06-30: 임원ㆍ주요주주특정증권등소유상황보고서 | 2026-06-30: 임원ㆍ주요주주특정증권등소유상황보고서 | 2026-06-30: 최대주주등소유주식변동신고서              ,7
아고스,175140,0,OK,,,,2026-07-20: 주주명부폐쇄기간또는기준일설정               | 2026-07-20: 주주총회소집결의              (임시주주총회) | 2026-06-30: 상호변경안내               | 2026-06-30: 임시주주총회결과              ,4
코스모로보틱스,439960,0,OK,,,,2026-07-29: 임원ㆍ주요주주특정증권등소유상황보고서 | 2026-07-29: 임원ㆍ주요주주특정증권등소유상황보고서 | 2026-07-29: 임원ㆍ주요주주특정증권등소유상황보고서 | 2026-07-29: 임원ㆍ주요주주특정증권등소유상황보고서 | 2026-07-29: 임원ㆍ주요주주특정증권등소유상황보고서,6
대한해운,005880,0,OK,,,,2026-07-06: 대표이사(대표집행임원)변경(안내공시)               | 2026-07-06: 임시주주총회결과               | 2026-07-06: 주식등의대량보유상황보고서(일반),3
금호타이어,073240,0,OK,,,,2026-07-27: 기업설명회(IR)개최(안내공시)               | 2026-07-27: 결산실적공시예고(안내공시)               | 2026-07-22: 주주총회소집결의               | 2026-07-22: 주주명부폐쇄기간또는기준일설정               | 2026-07-08: [기재정정]신규시설투자등              ,6
S-Oil,010950,0,OK,,,,2026-07-24: 기업설명회(IR)개최(안내공시)               | 2026-07-16: 독립이사의선임ㆍ해임또는중도퇴임에관한신고 | 2026-07-03: 임원ㆍ주요주주특정증권등소유상황보고서 | 2026-06-30: [기재정정]신규시설투자등               | 2026-06-29: 지속가능경영보고서등관련사항(자율공시)              ,5
금비,008870,0,OK,,,,2026-07-21: 임원ㆍ주요주주특정증권등소유상황보고서 | 2026-07-21: 최대주주등소유주식변동신고서               | 2026-07-10: 임원ㆍ주요주주특정증권등소유상황보고서 | 2026-07-10: 최대주주등소유주식변동신고서               | 2026-07-06: 임원ㆍ주요주주특정증권등소유상황보고서,8
원텍,336570,0,OK,,,,2026-07-16: 신탁계약해지결과보고서 | 2026-07-16: 주주총회소집공고 | 2026-07-16: 주요사항보고서(자기주식취득신탁계약해지결정),3
나인테크,267320,0,OK,,,,2026-07-23: 주식등의대량보유상황보고서(일반) | 2026-07-23: [기재정정]사업보고서 (2025.12) | 2026-07-16: 전환가액의조정              ,3
SV인베스트먼트,289080,0,OK,,,,2026-06-30: 주식등의대량보유상황보고서(일반) | 2026-06-29: [기재정정]기업가치제고계획(자율공시)              (2026년 에스브이인베스트먼트(주) 기업가치 제고 계획) | 2026-06-29: 기업가치제고계획(자율공시)              (2026년 에스브이인베스트먼트(주) 기업가치 제고 계획),3
제이알글로벌리츠,348950,0,OK,,,,2026-07-29: 기업설명회(IR)개최(안내공시)               | 2026-07-23: [기재정정]의결권대리행사권유참고서류 | 2026-07-22: [기재정정]의결권대리행사권유참고서류 | 2026-07-22: [기재정정]주주총회소집공고 | 2026-07-21: 투자판단관련주요경영사항              ,12
대영포장,014160,0,OK,,,,2026-07-27: 주주명부폐쇄기간또는기준일설정               | 2026-07-27: 주주총회소집결의               | 2026-07-27: 주식병합결정               | 2026-07-20: 임원ㆍ주요주주특정증권등거래계획보고서,4
세원정공,021820,0,OK,,,,2026-07-13: 독립이사의선임ㆍ해임또는중도퇴임에관한신고 | 2026-07-13: 임시주주총회결과               | 2026-07-07: 타인에대한담보제공결정(자율공시)              ,3
큐에스아이,066310,0,OK,,,,2026-07-14: 주식등의대량보유상황보고서(일반) | 2026-07-09: 주식등의대량보유상황보고서(약식) | 2026-07-02: [기재정정]분기보고서 (2026.03),3
코스메카코리아,241710,0,OK,,,,2026-07-23: 지속가능경영보고서등관련사항(자율공시)               | 2026-07-02: 임원ㆍ주요주주특정증권등소유상황보고서 | 2026-07-01: 주식등의대량보유상황보고서(약식),3
애니플러스,310200,0,OK,,,,2026-07-28: 주식등의대량보유상황보고서(일반) | 2026-07-22: 전환사채(해외전환사채포함)발행후만기전사채취득               | 2026-07-01: 합병등종료보고서(합병),3
알지노믹스,476830,0,OK,,,,2026-07-16: 임원ㆍ주요주주특정증권등소유상황보고서 | 2026-07-10: 임원ㆍ주요주주특정증권등소유상황보고서 | 2026-07-10: 임원ㆍ주요주주특정증권등소유상황보고서 | 2026-07-10: 임원ㆍ주요주주특정증권등소유상황보고서 | 2026-07-10: 임원ㆍ주요주주특정증권등소유상황보고서,8
멤레이비티,072770,0,OK,,,,2026-07-14: 독립이사의선임ㆍ해임또는중도퇴임에관한신고 | 2026-07-14: [기재정정]사업보고서 (2025.12) | 2026-07-14: [기재정정]주주총회소집결의              (임시주주총회) | 2026-07-07: [기재정정]타인에대한채무보증결정              ,4
디어유,376300,0,OK,,,,2026-07-02: 주식등의대량보유상황보고서(일반) | 2026-07-02: 주식등의대량보유상황보고서(일반) | 2026-06-29: 주식등의대량보유상황보고서(일반),3
세미파이브,490470,0,OK,,,,2026-07-28: 임원ㆍ주요주주특정증권등소유상황보고서 | 2026-07-23: 임원ㆍ주요주주특정증권등소유상황보고서 | 2026-07-10: 임원ㆍ주요주주특정증권등소유상황보고서 | 2026-07-02: 주식등의대량보유상황보고서(약식) | 2026-07-01: 기업설명회(IR)개최              ,5
메리츠제1호스팩,0088D0,0,OK,,,,2026-07-23: 임원ㆍ주요주주특정증권등소유상황보고서 | 2026-07-14: 임원ㆍ주요주주특정증권등소유상황보고서 | 2026-07-06: 임원ㆍ주요주주특정증권등소유상황보고서,3
이엠텍,091120,0,OK,,,,2026-07-24: 합병등종료보고서(합병) | 2026-07-21: 임원ㆍ주요주주특정증권등소유상황보고서 | 2026-07-08: 임원ㆍ주요주주특정증권등소유상황보고서 | 2026-07-06: 임원ㆍ주요주주특정증권등소유상황보고서,4
SK텔레콤,017670,0,OK,,,,2026-07-29: 기업설명회(IR)개최(안내공시)               | 2026-07-23: [기재정정]타법인주식및출자증권취득결정               | 2026-07-23: 특수관계인에대한출자 | 2026-07-23: 타법인주식및출자증권취득결정               | 2026-07-23: 투자판단관련주요경영사항              ,12
솔브레인,357780,0,OK,,,,2026-07-27: 주식등의대량보유상황보고서(일반) | 2026-07-10: 주식등의대량보유상황보고서(약식) | 2026-07-01: 주식등의대량보유상황보고서(약식) | 2026-07-01: 주식등의대량보유상황보고서(약식) | 2026-06-29: 지속가능경영보고서등관련사항(자율공시)              ,5
레이저쎌,412350,0,🚨 YES,[기재정정]주요사항보고서(전환사채권발행결정),단일판매ㆍ공급계약체결              (+5) | 단일판매ㆍ공급계약체결              (+5) | [기재정정]단일판매ㆍ공급계약체결              (+5),[기재정정]주요사항보고서(전환사채권발행결정)(-15),2026-07-27: 기업설명회(IR)개최               | 2026-07-20: [기재정정]주요사항보고서(전환사채권발행결정) | 2026-07-07: 단일판매ㆍ공급계약체결               | 2026-07-01: 단일판매ㆍ공급계약체결               | 2026-06-30: [기재정정]단일판매ㆍ공급계약체결              ,5
진양홀딩스,100250,0,OK,,,,2026-07-16: [기재정정]유형자산처분결정(자회사의 주요경영사항)               | 2026-07-15: 현금ㆍ현물배당결정(자회사의 주요경영사항)               | 2026-07-15: 현금ㆍ현물배당결정(자회사의 주요경영사항)               | 2026-07-06: 현금ㆍ현물배당결정               | 2026-07-06: 현금ㆍ현물배당을위한주주명부폐쇄(기준일)결정              ,5
삼익제약,014950,0,OK,,,,2026-07-06: 주식등의대량보유상황보고서(일반) | 2026-07-06: 임원ㆍ주요주주특정증권등소유상황보고서 | 2026-07-03: 임시주주총회결과              ,3
폴라리스오피스,041020,0,OK,,,,2026-07-03: 주식등의대량보유상황보고서(일반) | 2026-07-03: 임원ㆍ주요주주특정증권등소유상황보고서 | 2026-07-03: 임원ㆍ주요주주특정증권등소유상황보고서,3
한화손해보험,000370,0,OK,,,,2026-07-29: 기업설명회(IR)개최(안내공시)               | 2026-07-28: 임원ㆍ주요주주특정증권등소유상황보고서 | 2026-07-15: 임원ㆍ주요주주특정증권등소유상황보고서 | 2026-07-15: 임원ㆍ주요주주특정증권등소유상황보고서 | 2026-07-13: 계열금융회사의약관에의한금융거래-[보험],11
체시스,033250,0,OK,,,,2026-07-09: 주식등의대량보유상황보고서(일반) | 2026-07-06: 임원ㆍ주요주주특정증권등소유상황보고서 | 2026-07-06: 최대주주등소유주식변동신고서               | 2026-07-02: 최대주주등소유주식변동신고서               | 2026-07-01: [기재정정]임원ㆍ주요주주특정증권등소유상황보고서,7
미원화학,134380,0,OK,,,,2026-07-27: 최대주주등소유주식변동신고서               | 2026-07-24: [기재정정]최대주주등소유주식변동신고서               | 2026-07-13: 임원ㆍ주요주주특정증권등소유상황보고서 | 2026-07-09: 현금ㆍ현물배당결정              ,4
롯데리츠,330590,0,OK,,,,2026-07-23: 임원ㆍ주요주주특정증권등소유상황보고서 | 2026-07-20: 부동산투자회사자금차입               | 2026-07-16: 임원ㆍ주요주주특정증권등소유상황보고서 | 2026-07-16: 매출액또는손익구조30%(대규모법인은15%)이상변경               | 2026-07-09: 임원ㆍ주요주주특정증권등소유상황보고서,8
넥스틴,348210,0,OK,,,,2026-07-16: 임원ㆍ주요주주특정증권등소유상황보고서 | 2026-07-10: 주식등의대량보유상황보고서(약식) | 2026-07-10: 임원ㆍ주요주주특정증권등소유상황보고서,3
세림B&G,340440,0,OK,,,,2026-07-24: 주주총회소집공고 | 2026-07-07: [기재정정]주주총회소집결의              (임시주주총회) | 2026-07-07: 주식병합결정               | 2026-07-01: 주주총회소집결의              (임시주주총회) | 2026-07-01: 주주명부폐쇄기간또는기준일설정              ,5
아모레퍼시픽,090430,0,OK,,,,2026-07-23: 결산실적공시예고(안내공시)               | 2026-07-15: 최대주주등소유주식변동신고서               | 2026-07-15: 주식등의대량보유상황보고서(일반) | 2026-07-15: 임원ㆍ주요주주특정증권등소유상황보고서 | 2026-07-06: 임원ㆍ주요주주특정증권등소유상황보고서,6
롯데에너지머티리얼즈,020150,0,OK,,,,2026-07-27: 기업설명회(IR)개최(안내공시)               | 2026-07-23: 기업설명회(IR)개최(안내공시)               | 2026-07-20: 주식등의대량보유상황보고서(일반) | 2026-07-06: [기재정정]타법인주식및출자증권처분결정               | 2026-07-01: 주식등의대량보유상황보고서(약식),5
한빛소프트,047080,0,OK,,,,2026-07-29: 임원ㆍ주요주주특정증권등소유상황보고서 | 2026-07-27: 임원ㆍ주요주주특정증권등소유상황보고서 | 2026-07-14: 임원ㆍ주요주주특정증권등소유상황보고서 | 2026-07-10: 임원ㆍ주요주주특정증권등소유상황보고서,4
에이비엘바이오,298380,0,OK,,,,2026-07-28: [기재정정]투자판단관련주요경영사항(임상시험계획변경승인)              (이중항체 면역항암제 ABL503의 제1상 임상시험계획 (IND) 변경승인) | 2026-07-16: 주식등의대량보유상황보고서(일반) | 2026-07-09: 투자판단관련주요경영사항(임상시험계획변경승인)              (이중항체 면역항암제 ABL503의 제1상 임상시험계획 (IND) 변경승인) | 2026-07-06: 주식등의대량보유상황보고서(일반) | 2026-07-02: 기업설명회(IR)개최              ,7
대림통상,006570,0,OK,,,,2026-06-29: 주식등의대량보유상황보고서(일반) | 2026-06-29: 임원ㆍ주요주주특정증권등소유상황보고서 | 2026-06-29: 최대주주등소유주식변동신고서              ,3
서울평가정보,036120,0,OK,,,,2026-07-27: 임원ㆍ주요주주특정증권등소유상황보고서 | 2026-07-24: 주주총회소집결의              (임시주주총회) | 2026-07-24: 주주명부폐쇄기간또는기준일설정               | 2026-07-08: 기업가치제고계획(자율공시)              (2026년 서울평가정보(주) 기업가치 제고 계획),4
스틱인베스트먼트,026890,0,OK,,,,2026-07-16: 임원ㆍ주요주주특정증권등소유상황보고서 | 2026-07-08: 임원ㆍ주요주주특정증권등소유상황보고서 | 2026-07-08: 주요사항보고서(자기주식취득신탁계약체결결정) | 2026-07-01: 임원ㆍ주요주주특정증권등소유상황보고서 | 2026-06-30: 임원ㆍ주요주주특정증권등소유상황보고서,6
이월드,084680,0,OK,,,,2026-07-16: 주주명부폐쇄기간또는기준일설정               | 2026-07-16: 주주총회소집결의               | 2026-07-16: 주식병합결정              ,3
전북은행,006350,0,OK,,,,2026-07-24: 증권발행실적보고서 | 2026-07-24: 증권발행실적보고서 | 2026-07-23: 투자설명서(일괄신고) | 2026-07-23: 일괄신고추가서류 | 2026-07-23: 투자설명서(일괄신고),6
동성케미컬,102260,0,OK,,,,2026-07-15: 현금ㆍ현물배당결정               | 2026-07-10: 최대주주등소유주식변동신고서               | 2026-07-10: 임원ㆍ주요주주특정증권등소유상황보고서 | 2026-07-03: 최대주주등소유주식변동신고서               | 2026-07-03: 임원ㆍ주요주주특정증권등소유상황보고서,5
셀레믹스,331920,0,OK,,,,2026-07-21: 주식등의대량보유상황보고서(일반) | 2026-07-16: 임원ㆍ주요주주특정증권등소유상황보고서 | 2026-07-14: 임원ㆍ주요주주특정증권등소유상황보고서 | 2026-07-13: 독립이사의선임ㆍ해임또는중도퇴임에관한신고 | 2026-07-13: 임시주주총회결과              ,8
한국제지,027970,0,OK,,,,2026-07-29: 최대주주등소유주식변동신고서               | 2026-07-21: [기재정정]벌금등의부과               | 2026-07-14: 임시주주총회결과              ,3
대원전선,006340,0,OK,,,,2026-07-13: 임원ㆍ주요주주특정증권등소유상황보고서 | 2026-07-13: 최대주주등소유주식변동신고서               | 2026-06-30: 임원ㆍ주요주주특정증권등소유상황보고서 | 2026-06-30: 임원ㆍ주요주주특정증권등소유상황보고서 | 2026-06-30: 최대주주등소유주식변동신고서              ,5
원익큐브,014190,0,OK,,,,2026-07-24: 임원ㆍ주요주주특정증권등소유상황보고서 | 2026-06-30: 임원ㆍ주요주주특정증권등소유상황보고서 | 2026-06-30: 임원ㆍ주요주주특정증권등소유상황보고서,3
상상인증권,001290,0,OK,,,,2026-07-23: 의결권대리행사권유참고서류 | 2026-07-23: 주주총회소집공고 | 2026-06-30: 주주명부폐쇄기간또는기준일설정               | 2026-06-30: 주주총회소집결의               | 2026-06-30: 주식병합결정              ,8
코맥스,036690,0,OK,,,,2026-07-27: 기타시장안내              (기업심사위원회 개최 결과 안내) | 2026-07-21: 단기차입금증가결정               | 2026-07-10: 단기차입금증가결정               | 2026-07-02: 합병등종료보고서(합병) | 2026-07-01: 기타시장안내              (개선계획 이행내역서 제출),5
케어랩스,263700,0,OK,,,,2026-07-09: 주식등의대량보유상황보고서(일반) | 2026-07-09: 임원ㆍ주요주주특정증권등소유상황보고서 | 2026-07-01: 임원ㆍ주요주주특정증권등소유상황보고서,3
솔루엠,248070,0,OK,,,,2026-07-21: 최대주주등소유주식변동신고서               | 2026-07-21: 주식등의대량보유상황보고서(일반) | 2026-07-21: 임원ㆍ주요주주특정증권등소유상황보고서 | 2026-07-16: 최대주주등소유주식변동신고서               | 2026-07-16: 주식등의대량보유상황보고서(일반),14
세중,039310,0,OK,,,,2026-07-29: 임원ㆍ주요주주특정증권등소유상황보고서 | 2026-07-29: 임원ㆍ주요주주특정증권등소유상황보고서 | 2026-07-29: 임원ㆍ주요주주특정증권등소유상황보고서 | 2026-07-29: 임원ㆍ주요주주특정증권등소유상황보고서 | 2026-07-24: [기재정정]임원ㆍ주요주주특정증권등소유상황보고서,10
노루홀딩스,000320,0,OK,,,,2026-07-10: 주식등의대량보유상황보고서(일반) | 2026-07-03: 임원ㆍ주요주주특정증권등소유상황보고서 | 2026-07-03: 임원ㆍ주요주주특정증권등소유상황보고서 | 2026-07-03: 주식등의대량보유상황보고서(일반) | 2026-07-03: 최대주주등소유주식변동신고서              ,5
한화투자증권,003530,0,OK,,,,2026-07-29: [기재정정]일괄신고추가서류(파생결합사채-주가연계파생결합사채) | 2026-07-29: 투자설명서(일괄신고) | 2026-07-29: [기재정정]일괄신고추가서류(파생결합사채-주가연계파생결합사채) | 2026-07-29: 일괄신고추가서류(파생결합사채-주가연계파생결합사채) | 2026-07-29: 투자설명서(일괄신고),100
윌비스,008600,0,OK,,,,2026-07-27: [기재정정]주요사항보고서(채권은행등의관리절차개시) | 2026-07-02: [기재정정]사업보고서 (2025.12) | 2026-07-02: 임원ㆍ주요주주특정증권등소유상황보고서 | 2026-07-02: 임원ㆍ주요주주특정증권등소유상황보고서 | 2026-07-02: 임원ㆍ주요주주특정증권등소유상황보고서,6
롯데케미칼,011170,0,OK,,,,2026-07-29: [발행조건확정]증권신고서(채무증권) | 2026-07-24: [발행조건확정]증권신고서(채무증권) | 2026-07-24: [기재정정]증권신고서(채무증권) | 2026-07-24: 풍문또는보도에대한해명(미확정)               | 2026-07-22: 증권신고서(채무증권),10
교보증권,030610,0,OK,,,,2026-07-29: 증권발행실적보고서 | 2026-07-29: 증권발행실적보고서 | 2026-07-29: 투자설명서(일괄신고) | 2026-07-29: 일괄신고추가서류(파생결합사채-주가연계파생결합사채) | 2026-07-29: 투자설명서(일괄신고),100
디지아이,043360,0,OK,,,,2026-07-28: 임원ㆍ주요주주특정증권등소유상황보고서 | 2026-07-28: 임원ㆍ주요주주특정증권등소유상황보고서 | 2026-07-28: 임원ㆍ주요주주특정증권등소유상황보고서 | 2026-07-28: 임원ㆍ주요주주특정증권등소유상황보고서 | 2026-07-28: 임원ㆍ주요주주특정증권등소유상황보고서,11
바이오톡스텍,086040,0,OK,,,,2026-07-29: 임원ㆍ주요주주특정증권등소유상황보고서 | 2026-07-29: 주식등의대량보유상황보고서(일반) | 2026-07-08: 신주인수권부사채(해외신주인수권부사채포함)발행후만기전사채취득              ,3
에스켐,475660,0,OK,,,,2026-07-10: 자기주식취득결과보고서 | 2026-06-30: 임원ㆍ주요주주특정증권등소유상황보고서 | 2026-06-30: 임원ㆍ주요주주특정증권등소유상황보고서 | 2026-06-29: 임원ㆍ주요주주특정증권등소유상황보고서,4
M83,476080,0,OK,,,,2026-07-27: 임시주주총회결과               | 2026-07-10: 의결권대리행사권유참고서류 | 2026-07-10: 주주총회소집공고,3
전진건설로봇,079900,0,OK,,,,2026-07-21: 현금ㆍ현물배당을위한주주명부폐쇄(기준일)결정               | 2026-07-21: 현금ㆍ현물배당결정               | 2026-07-09: 주주총회소집공고 | 2026-07-03: 임원ㆍ주요주주특정증권등소유상황보고서,4
바이오다인,314930,0,OK,,,,2026-07-13: 임원ㆍ주요주주특정증권등소유상황보고서 | 2026-07-06: 주식등의대량보유상황보고서(일반) | 2026-07-06: 임원ㆍ주요주주특정증권등소유상황보고서,3
농심,004370,0,OK,,,,2026-07-28: 기업가치제고계획(자율공시)              (2026년) | 2026-07-23: 임원ㆍ주요주주특정증권등소유상황보고서 | 2026-07-22: [기재정정]대규모기업집단현황공시[연1회공시및1/4분기용(대표회사)] | 2026-07-20: 임원ㆍ주요주주특정증권등소유상황보고서 | 2026-07-09: 임원ㆍ주요주주특정증권등소유상황보고서,11
롯데쇼핑,023530,0,OK,,,,2026-07-24: 결산실적공시예고(안내공시)               | 2026-07-24: 기업설명회(IR)개최(안내공시)               | 2026-07-22: 임원ㆍ주요주주특정증권등거래계획보고서 | 2026-07-03: 주식등의대량보유상황보고서(일반) | 2026-07-02: 임원ㆍ주요주주특정증권등소유상황보고서,8
GS,078930,0,OK,,,,2026-07-24: 최대주주등소유주식변동신고서               | 2026-07-20: 임원ㆍ주요주주특정증권등거래계획보고서 | 2026-07-13: 지속가능경영보고서등관련사항(자율공시)               | 2026-07-09: 주식등의대량보유상황보고서(일반) | 2026-07-06: 장래사업ㆍ경영계획(공정공시)              ,6
리브스메드,491000,0,OK,,,,2026-07-10: 임원ㆍ주요주주특정증권등소유상황보고서 | 2026-07-10: 임원ㆍ주요주주특정증권등소유상황보고서 | 2026-07-10: 임원ㆍ주요주주특정증권등소유상황보고서 | 2026-07-10: 임원ㆍ주요주주특정증권등소유상황보고서 | 2026-07-10: 주식등의대량보유상황보고서(일반),6
코아시아씨엠,196450,0,OK,,,,2026-07-22: 주주총회소집공고 | 2026-07-08: 임원ㆍ주요주주특정증권등소유상황보고서 | 2026-07-08: 임원ㆍ주요주주특정증권등소유상황보고서 | 2026-07-08: 임원ㆍ주요주주특정증권등소유상황보고서 | 2026-07-08: 임원ㆍ주요주주특정증권등소유상황보고서,10
율촌화학,008730,0,OK,,,,2026-07-21: 기업설명회(IR)개최(안내공시)               | 2026-07-01: 주식등의대량보유상황보고서(약식) | 2026-06-29: 주식등의대량보유상황보고서(일반) | 2026-06-29: 독립이사의선임ㆍ해임또는중도퇴임에관한신고,4
DN오토모티브,007340,0,OK,,,,2026-07-15: 현금ㆍ현물배당결정               | 2026-07-15: 현금ㆍ현물배당을위한주주명부폐쇄(기준일)결정               | 2026-07-08: 주식등의대량보유상황보고서(일반),3
다우기술,023590,0,OK,,,,2026-07-20: 주식등의대량보유상황보고서(일반) | 2026-07-13: 계열금융회사를거래상대방으로한단기금융상품거래의분기별공시 | 2026-07-01: 주식등의대량보유상황보고서(일반),3
엠케이전자,033160,0,OK,,,,2026-07-24: 주식등의대량보유상황보고서(일반) | 2026-07-09: 임원ㆍ주요주주특정증권등소유상황보고서 | 2026-07-09: 임원ㆍ주요주주특정증권등소유상황보고서 | 2026-07-09: 주식등의대량보유상황보고서(약식) | 2026-07-08: 주식등의대량보유상황보고서(일반),7
인베니아,079950,0,OK,,,,2026-07-27: 주식등의대량보유상황보고서(일반) | 2026-07-27: 임원ㆍ주요주주특정증권등소유상황보고서 | 2026-07-27: 임원ㆍ주요주주특정증권등소유상황보고서 | 2026-07-23: 조회공시요구(현저한시황변동)에대한답변(중요정보없음)               | 2026-07-22: 조회공시요구(현저한시황변동)              ,16
신한은행,000010,0,OK,,,,2026-07-27: 증권발행실적보고서 | 2026-07-27: 증권발행실적보고서 | 2026-07-24: 투자설명서(일괄신고) | 2026-07-24: 일괄신고추가서류 | 2026-07-24: 투자설명서(일괄신고),18
세니젠,188260,0,OK,,,,2026-07-10: 주주총회소집공고 | 2026-07-10: 임원ㆍ주요주주특정증권등소유상황보고서 | 2026-07-10: 주식등의대량보유상황보고서(일반) | 2026-07-06: 증권발행결과(자율공시)              (제3자배정 유상증자),4
코웨이,021240,0,OK,,,,2026-07-10: 임원ㆍ주요주주특정증권등거래계획보고서 | 2026-07-07: 주식등의대량보유상황보고서(일반) | 2026-07-07: 기업설명회(IR)개최(안내공시)               | 2026-06-30: 지속가능경영보고서등관련사항(자율공시)              ,4
LG화학,051910,0,OK,,,,2026-07-09: 기업설명회(IR)개최(안내공시)               | 2026-06-30: 투자판단관련주요경영사항              (제미다파엠서방정 국내 품목허가 신청) | 2026-06-30: 지속가능경영보고서등관련사항(자율공시)              ,3
한화생명,088350,0,OK,,,,2026-07-28: 기업설명회(IR)개최(안내공시)               | 2026-07-14: [기재정정]계열금융회사의약관에의한금융거래-[유가증권-수익증권] | 2026-07-14: 계열금융회사의약관에의한금융거래-[유가증권-수익증권] | 2026-07-14: 계열금융회사의약관에의한금융거래-[유가증권-채권] | 2026-07-14: 계열금융회사의약관에의한금융거래-[보험],11
디알텍,214680,0,OK,,,,2026-07-16: 의결권대리행사권유참고서류 | 2026-07-16: 주주총회소집공고 | 2026-07-15: 임원ㆍ주요주주특정증권등소유상황보고서 | 2026-07-13: 주식등의대량보유상황보고서(약식) | 2026-07-03: 전환사채(해외전환사채포함)발행후만기전사채취득              ,6
바이오스마트,038460,0,OK,,,,2026-07-24: 임원ㆍ주요주주특정증권등소유상황보고서 | 2026-07-15: 임원ㆍ주요주주특정증권등소유상황보고서 | 2026-07-15: 임원ㆍ주요주주특정증권등소유상황보고서 | 2026-07-09: 주식등의대량보유상황보고서(약식) | 2026-07-08: 주식등의대량보유상황보고서(일반),7
레드캡투어,038390,0,OK,,,,2026-07-27: 결산실적공시예고               | 2026-07-02: 현금ㆍ현물배당결정              (분기배당) | 2026-07-02: 중간(분기)배당을위한주주명부폐쇄(기준일)결정              ,3
현대엘리베이터,017800,0,OK,,,,2026-07-24: [기재정정]타법인주식및출자증권처분결정               | 2026-07-13: 최대주주등소유주식변동신고서               | 2026-07-13: 주식등의대량보유상황보고서(일반) | 2026-07-13: 임원ㆍ주요주주특정증권등소유상황보고서 | 2026-07-13: 임원ㆍ주요주주특정증권등소유상황보고서,36
금호에이치티,214330,0,OK,,,,2026-07-29: [기재정정]임원ㆍ주요주주특정증권등거래계획보고서 | 2026-07-28: 최대주주등소유주식변동신고서               | 2026-07-28: [기재정정]주식등의대량보유상황보고서(일반) | 2026-07-28: [기재정정]주식등의대량보유상황보고서(일반) | 2026-07-28: [기재정정]주식등의대량보유상황보고서(일반),7
파루,043200,0,OK,,,,2026-07-16: 임시주주총회결과               | 2026-06-30: 의결권대리행사권유참고서류 | 2026-06-30: 주주총회소집공고,3
리노공업,058470,0,OK,,,,2026-07-29: 주식등의대량보유상황보고서(약식) | 2026-07-10: 주식등의대량보유상황보고서(약식) | 2026-07-08: 주식등의대량보유상황보고서(약식) | 2026-07-01: 주식등의대량보유상황보고서(약식),4
아이엠뱅크,005270,0,OK,,,,2026-07-07: 증권발행실적보고서 | 2026-07-06: 투자설명서(일괄신고) | 2026-07-06: 일괄신고추가서류 | 2026-06-29: 증권발행실적보고서,4
하나투어,039130,0,OK,,,,2026-07-29: 결산실적공시예고(안내공시)               | 2026-07-16: [첨부정정]지속가능경영보고서등관련사항(자율공시)               | 2026-07-07: 주주명부폐쇄기간또는기준일설정               | 2026-07-07: 주주총회소집결의               | 2026-07-01: 지속가능경영보고서등관련사항(자율공시)              ,6
미래에셋글로벌리츠,396690,0,OK,,,,2026-07-23: 임원ㆍ주요주주특정증권등소유상황보고서 | 2026-07-16: 임원ㆍ주요주주특정증권등소유상황보고서 | 2026-07-08: [기재정정]부동산투자회사자금차입               | 2026-07-03: 불성실공시법인지정              ,4
감성코퍼레이션,036620,0,OK,,,,2026-07-27: 임원ㆍ주요주주특정증권등소유상황보고서 | 2026-07-22: 임원ㆍ주요주주특정증권등소유상황보고서 | 2026-07-08: 자기주식취득결과보고서 | 2026-07-07: 주식등의대량보유상황보고서(일반),4
덴티스,261200,0,OK,,,,2026-07-28: 임원ㆍ주요주주특정증권등소유상황보고서 | 2026-07-28: 주식등의대량보유상황보고서(일반) | 2026-07-10: 주식등의대량보유상황보고서(일반),3
제주항공,089590,0,OK,,,,2026-07-27: 주식등의대량보유상황보고서(일반) | 2026-06-30: [기재정정]영업양도결정(자율공시)(종속회사의주요경영사항)               | 2026-06-29: 주식등의대량보유상황보고서(일반),3
LG,003550,0,OK,,,,2026-07-29: 신규시설투자등(자회사의 주요경영사항)               | 2026-07-29: 현금ㆍ현물배당을위한주주명부폐쇄(기준일)결정(자회사의 주요경영사항)               | 2026-07-29: 현금ㆍ현물배당결정(자회사의 주요경영사항)               | 2026-07-29: 주요사항보고서(자기주식취득신탁계약체결결정)(자회사의 주요경영사항)               | 2026-07-29: 주요사항보고서(자기주식취득신탁계약해지결정)(자회사의 주요경영사항)              ,12
한국금융지주,071050,0,OK,,,,2026-07-28: 풍문또는보도에대한해명(미확정)               | 2026-07-16: [기재정정]타법인주식및출자증권취득결정(자회사의 주요경영사항)               | 2026-07-02: 증권발행실적보고서 | 2026-07-02: 임원ㆍ주요주주특정증권등소유상황보고서 | 2026-07-02: 투자설명서,8
석경에이티,357550,0,OK,,,,2026-07-06: 임원ㆍ주요주주특정증권등소유상황보고서 | 2026-07-06: 임원ㆍ주요주주특정증권등소유상황보고서 | 2026-06-29: 주요사항보고서(자기주식취득신탁계약체결결정),3
코이즈,121850,0,OK,,,,2026-07-15: 주주명부폐쇄기간또는기준일설정               | 2026-07-15: 주주총회소집결의              (임시주주총회) | 2026-07-15: [기재정정]사업보고서 (2025.12),3
오리엔트정공,065500,0,OK,,,,2026-07-14: 주식등의대량보유상황보고서(일반) | 2026-07-09: 임원ㆍ주요주주특정증권등소유상황보고서 | 2026-07-08: 증권발행결과(자율공시)              ,3
더존비즈온,012510,0,OK,,,,2026-07-01: 최대주주등소유주식변동신고서               | 2026-06-30: 임원ㆍ주요주주특정증권등소유상황보고서 | 2026-06-30: 주식등의대량보유상황보고서(일반) | 2026-06-30: 합병등종료보고서(주식의포괄적교환ㆍ이전) | 2026-06-30: 지속가능경영보고서등관련사항(자율공시)              ,5
코닉오토메이션,391710,0,OK,,,,2026-07-23: 임원ㆍ주요주주특정증권등소유상황보고서 | 2026-07-21: 임원ㆍ주요주주특정증권등소유상황보고서 | 2026-07-20: 임원ㆍ주요주주특정증권등소유상황보고서 | 2026-07-16: 주식등의대량보유상황보고서(일반) | 2026-07-14: 임원ㆍ주요주주특정증권등소유상황보고서,8
엔투텍,227950,0,OK,,,,2026-07-29: [기재정정]주주총회소집결의              (임시주주총회) | 2026-07-29: [기재정정]주주명부폐쇄기간또는기준일설정               | 2026-07-10: [기재정정]주주총회소집결의              ,3
아이지넷,462980,0,OK,,,,2026-07-07: 주식등의대량보유상황보고서(일반) | 2026-07-07: 임원ㆍ주요주주특정증권등소유상황보고서 | 2026-07-07: 임원ㆍ주요주주특정증권등소유상황보고서 | 2026-07-07: 임원ㆍ주요주주특정증권등소유상황보고서 | 2026-07-07: 임원ㆍ주요주주특정증권등소유상황보고서,7
종근당홀딩스,001630,0,OK,,,,2026-07-27: 투자판단관련주요경영사항(자회사의 주요경영사항)              (고혈압 치료제로 개발중인 CKD339의 식약처(MFDS) 제3상 임상시험 계획 승인) | 2026-07-01: 증권발행실적보고서 | 2026-07-01: 투자설명서 | 2026-06-30: [발행조건확정]증권신고서(채무증권) | 2026-06-30: 지속가능경영보고서등관련사항(자율공시)              ,5
아미노로직스,074430,0,OK,,,,2026-07-13: 임원ㆍ주요주주특정증권등소유상황보고서 | 2026-07-13: 주식등의대량보유상황보고서(일반) | 2026-07-10: 주식등의대량보유상황보고서(일반),3
삼성에스디에스,018260,0,OK,,,,2026-07-28: [기재정정]특수관계인과의보험거래 | 2026-07-28: [기재정정]특수관계인과의보험거래 | 2026-07-24: 임원ㆍ주요주주특정증권등소유상황보고서 | 2026-07-23: 임원ㆍ주요주주특정증권등소유상황보고서 | 2026-07-23: 임원ㆍ주요주주특정증권등소유상황보고서,58
KT지니뮤직,043610,0,OK,,,,2026-07-23: 주주총회소집결의              (임시주주총회) | 2026-07-23: 주주명부폐쇄기간또는기준일설정               | 2026-07-23: 주식병합결정              ,3
삼성FN리츠,448730,0,OK,,,,2026-07-29: [기재정정]주요사항보고서(유형자산양수결정) | 2026-07-24: 정기주주총회결과               | 2026-07-23: 임원ㆍ주요주주특정증권등소유상황보고서 | 2026-07-21: 주주명부폐쇄기간또는기준일설정               | 2026-07-16: 사업보고서 (2026.04),25
제이엠아이,033050,0,OK,,,,2026-07-23: 주주총회소집결의              (임시주주총회) | 2026-07-23: 주주명부폐쇄기간또는기준일설정               | 2026-07-08: 연결재무제표기준영업실적등에대한전망(공정공시)              ,3
풍산,103140,0,OK,,,,2026-07-28: 기업설명회(IR)개최(안내공시)               | 2026-07-10: 최대주주등소유주식변동신고서               | 2026-07-01: 주식등의대량보유상황보고서(약식),3
제이앤티씨,204270,0,OK,,,,2026-07-02: 주식등의대량보유상황보고서(일반) | 2026-06-30: [기재정정]신규시설투자등(자율공시)               | 2026-06-29: 주식등의대량보유상황보고서(일반),3
케이비캐피탈,021960,0,OK,,,,2026-07-24: 증권발행실적보고서 | 2026-07-23: 투자설명서(일괄신고) | 2026-07-23: 일괄신고추가서류 | 2026-06-29: 증권발행실적보고서,4
아모텍,052710,0,OK,,,,2026-07-23: 주식등의대량보유상황보고서(일반) | 2026-07-16: 임원ㆍ주요주주특정증권등소유상황보고서 | 2026-07-16: 임원ㆍ주요주주특정증권등소유상황보고서 | 2026-07-16: 임원ㆍ주요주주특정증권등소유상황보고서 | 2026-07-02: 주식등의대량보유상황보고서(일반),6
캐리,313760,0,OK,,,,2026-07-20: [기재정정]타인에대한채무보증결정               | 2026-07-20: [기재정정]타인에대한담보제공결정               | 2026-07-03: 주요사항보고서(소송등의제기) | 2026-06-30: [기재정정]주요사항보고서(유형자산양수결정),4
조이시티,067000,0,OK,,,,2026-07-24: 임원ㆍ주요주주특정증권등소유상황보고서 | 2026-07-24: 주식등의대량보유상황보고서(일반) | 2026-07-07: 임원ㆍ주요주주특정증권등소유상황보고서 | 2026-07-02: 주식등의대량보유상황보고서(약식) | 2026-07-01: 주식등의대량보유상황보고서(일반),5
인피니트헬스케어,071200,0,OK,,,,2026-07-28: 소송등의제기ㆍ신청(경영권분쟁소송)              (주주총회결의무효확인 등(항소)) | 2026-07-27: 소송등의판결ㆍ결정              (경영권 분쟁 소송)(주주총회결의무효확인 등) | 2026-07-20: 주식등의대량보유상황보고서(일반) | 2026-07-08: 주식등의대량보유상황보고서(약식),4
대한제당,001790,0,OK,,,,2026-07-13: 주식등의대량보유상황보고서(일반) | 2026-07-06: 주요사항보고서(자기주식취득신탁계약체결결정) | 2026-06-30: [기재정정]벌금등의부과               | 2026-06-30: [기재정정]벌금등의부과              ,4
대상,001680,0,OK,,,,2026-07-07: 벌금등의부과               | 2026-07-02: 임원ㆍ주요주주특정증권등소유상황보고서 | 2026-07-01: 주식등의대량보유상황보고서(약식),3
씨아이테크,004920,0,OK,,,,2026-07-24: 의결권대리행사권유참고서류 | 2026-07-24: 주주총회소집공고 | 2026-07-24: [기재정정]주주총회소집결의               | 2026-07-24: 주식병합결정               | 2026-07-01: 주주명부폐쇄기간또는기준일설정              ,6
우진비앤지,018620,0,OK,,,,2026-07-15: 임원ㆍ주요주주특정증권등소유상황보고서 | 2026-07-15: 주식등의대량보유상황보고서(일반) | 2026-07-06: 주식등의대량보유상황보고서(일반),3
넷마블,251270,0,OK,,,,2026-07-29: 기업설명회(IR)개최(안내공시)               | 2026-07-29: 결산실적공시예고(안내공시)               | 2026-07-16: [기재정정]대규모기업집단현황공시[연1회공시및1/4분기용(대표회사)] | 2026-06-30: 지속가능경영보고서등관련사항(자율공시)              ,4
이큐셀,160600,0,OK,,,,2026-07-03: [기재정정]분기보고서 (2026.03) | 2026-07-03: [기재정정]사업보고서 (2025.12) | 2026-07-03: [기재정정]분기보고서 (2025.09) | 2026-07-03: [기재정정]반기보고서 (2025.06),4
대원강업,000430,0,OK,,,,2026-07-03: 최대주주등소유주식변동신고서               | 2026-07-03: 임원ㆍ주요주주특정증권등소유상황보고서 | 2026-07-03: 주식등의대량보유상황보고서(일반),3
KBG,318000,0,OK,,,,2026-07-15: 임원ㆍ주요주주특정증권등소유상황보고서 | 2026-07-07: 임원ㆍ주요주주특정증권등소유상황보고서 | 2026-06-30: 임원ㆍ주요주주특정증권등소유상황보고서,3
현대제철,004020,0,OK,,,,2026-07-24: 공정거래자율준수프로그램운영현황(안내공시)               | 2026-07-24: 약관에의한금융거래시계열금융회사의거래상대방의공시 | 2026-07-21: 임원ㆍ주요주주특정증권등소유상황보고서 | 2026-07-20: [기재정정]기업설명회(IR)개최(안내공시)               | 2026-07-20: [기재정정]기업설명회(IR)개최(안내공시)              ,8
미래에셋벤처투자,100790,0,OK,,,,2026-07-28: 특수관계인과의수익증권거래 | 2026-07-28: 특수관계인과의수익증권거래 | 2026-07-24: 임원ㆍ주요주주특정증권등소유상황보고서,3
ES큐브,050120,0,OK,,,,2026-07-13: 임원ㆍ주요주주특정증권등거래계획보고서 | 2026-07-13: 임원ㆍ주요주주특정증권등거래계획보고서 | 2026-07-01: [기재정정]사업보고서 (2025.12),3
한국비엔씨,256840,0,OK,,,,2026-07-13: 주식등의대량보유상황보고서(일반) | 2026-06-29: 주식등의대량보유상황보고서(일반) | 2026-06-29: 임원ㆍ주요주주특정증권등소유상황보고서,3
플레이위드,023770,0,OK,,,,2026-07-24: 주식등의대량보유상황보고서(일반) | 2026-07-24: 임원ㆍ주요주주특정증권등소유상황보고서 | 2026-07-15: 임원ㆍ주요주주특정증권등소유상황보고서 | 2026-07-03: 임원ㆍ주요주주특정증권등거래계획보고서 | 2026-07-03: 주식등의대량보유상황보고서(일반),7
TS트릴리온,317240,0,OK,,,,2026-07-27: 임원ㆍ주요주주특정증권등소유상황보고서 | 2026-07-20: 주주명부폐쇄기간또는기준일설정               | 2026-07-20: 주주총회소집결의              (임시주주총회),3
로젠,033290,0,OK,,,,2026-07-28: 주식등의대량보유상황보고서(일반) | 2026-07-23: 정정신고서제출요구( 2026.07.14. 제출 증권신고서(합병) ) | 2026-07-22: 주식등의대량보유상황보고서(일반) | 2026-07-14: [첨부정정]증권신고서(합병) | 2026-07-14: [첨부정정]증권신고서(합병),6
케일럼,258610,0,OK,,,,2026-07-09: 주식등의대량보유상황보고서(일반) | 2026-07-09: 임원ㆍ주요주주특정증권등소유상황보고서 | 2026-07-09: 임원ㆍ주요주주특정증권등소유상황보고서,3
HEM파마,376270,0,OK,,,,2026-07-29: [기재정정]사업보고서 (2025.12) | 2026-07-13: 임원ㆍ주요주주특정증권등소유상황보고서 | 2026-07-13: 주식등의대량보유상황보고서(일반),3
한화리츠,451800,0,OK,,,,2026-07-24: [기재정정]정기주주총회결과               | 2026-07-23: 정기주주총회결과               | 2026-07-23: 임원ㆍ주요주주특정증권등소유상황보고서 | 2026-07-23: 기타경영사항(자율공시)               | 2026-07-16: 임원ㆍ주요주주특정증권등소유상황보고서,14
코디,080530,0,OK,,,,2026-07-20: 대표이사변경               | 2026-07-20: 임시주주총회결과               | 2026-07-09: 신주인수권행사가액의조정               | 2026-07-02: 의결권대리행사권유참고서류 | 2026-07-02: 주주총회소집공고,5
클래시스,214150,0,OK,,,,2026-07-24: 불성실공시법인지정예고              (공시불이행 3건) | 2026-07-16: 주식등의대량보유상황보고서(약식) | 2026-07-15: 주식매수선택권부여에관한신고 | 2026-07-15: 대표집행임원변경              ,4
코스텍시스템,169670,0,OK,,,,2026-07-20: 대표이사변경               | 2026-07-20: 임시주주총회결과               | 2026-07-03: 주주총회소집공고,3
유니테크노,241690,0,OK,,,,2026-07-27: 주식등의대량보유상황보고서(일반) | 2026-07-27: 연결재무제표기준영업실적등에대한전망(공정공시)               | 2026-07-14: 기업설명회(IR)개최               | 2026-07-06: 전환가액의조정               | 2026-07-06: 신주인수권행사가액의조정              ,5
레메디,387690,0,OK,,,,2026-07-20: 주식등의대량보유상황보고서(일반) | 2026-07-16: 임원ㆍ주요주주특정증권등소유상황보고서 | 2026-07-16: 임원ㆍ주요주주특정증권등소유상황보고서 | 2026-07-15: 임원ㆍ주요주주특정증권등소유상황보고서 | 2026-07-15: 임원ㆍ주요주주특정증권등소유상황보고서,7
동원산업,006040,0,OK,,,,2026-07-23: [기재정정]대규모기업집단현황공시[연1회공시및1/4분기용(대표회사)] | 2026-07-01: 주식등의대량보유상황보고서(약식) | 2026-06-30: 불성실공시법인미지정              (지정유예) | 2026-06-30: 지속가능경영보고서등관련사항(자율공시)              ,4
오름테라퓨틱,475830,0,OK,,,,2026-07-06: 기업설명회(IR)개최               | 2026-06-29: [기재정정]기업설명회(IR)개최               | 2026-06-29: 기업설명회(IR)개최               | 2026-06-29: 주식매수선택권부여에관한신고,4
바이브컴퍼니,301300,0,OK,,,,2026-07-28: 주식등의대량보유상황보고서(약식) | 2026-07-22: 주주총회소집공고 | 2026-07-22: [기재정정]주주총회소집결의              (임시주주총회) | 2026-07-21: 전환사채(해외전환사채포함)발행후만기전사채취득               | 2026-07-02: 조회공시요구(현저한시황변동)에대한답변(미확정)              ,8
다산디엠씨,208860,0,OK,,,,2026-07-10: 주식병합결정               | 2026-07-10: 주주총회소집결의              (임시주주총회) | 2026-07-10: 주주명부폐쇄기간또는기준일설정               | 2026-07-07: 임원ㆍ주요주주특정증권등거래계획보고서 | 2026-07-07: 임원ㆍ주요주주특정증권등소유상황보고서,7
본느,226340,0,OK,,,,2026-07-27: 주주명부폐쇄기간또는기준일설정               | 2026-07-27: 주주총회소집결의               | 2026-07-20: 신탁계약에의한취득상황보고서 | 2026-07-20: [기재정정]자기주식취득결과보고서 | 2026-07-15: 자기주식취득결과보고서,5
코오롱티슈진,950160,0,OK,,,,2026-07-28: 주식등의대량보유상황보고서(일반) | 2026-07-27: 임원ㆍ주요주주특정증권등소유상황보고서 | 2026-07-27: 임원ㆍ주요주주특정증권등소유상황보고서 | 2026-07-27: 임원ㆍ주요주주특정증권등소유상황보고서 | 2026-07-20: 투자판단관련주요경영사항(임상시험결과)              (TGC 15302 Study 탑라인 데이터 ),8
동구바이오제약,006620,0,OK,,,,2026-07-27: 주식등의대량보유상황보고서(일반) | 2026-07-22: 주요사항보고서(자기주식취득신탁계약체결결정) | 2026-07-15: 주식등의대량보유상황보고서(일반) | 2026-07-07: 주식등의대량보유상황보고서(일반) | 2026-06-29: 주식등의대량보유상황보고서(일반),5
GST,083450,0,OK,,,,2026-07-28: 주요사항보고서(자기주식취득신탁계약체결결정) | 2026-07-24: 임원ㆍ주요주주특정증권등소유상황보고서 | 2026-07-24: 주식등의대량보유상황보고서(일반),3
한창제지,009460,0,OK,,,,2026-07-28: 주식등의대량보유상황보고서(일반) | 2026-07-28: 임원ㆍ주요주주특정증권등소유상황보고서 | 2026-07-28: 최대주주등소유주식변동신고서               | 2026-07-20: 소송등의제기ㆍ신청(경영권분쟁소송)               | 2026-07-01: 임원ㆍ주요주주특정증권등소유상황보고서,5
유나이티드,033270,0,OK,,,,2026-07-10: 임원ㆍ주요주주특정증권등거래계획보고서 | 2026-07-10: 임원ㆍ주요주주특정증권등거래계획보고서 | 2026-07-09: [기재정정]임원ㆍ주요주주특정증권등소유상황보고서 | 2026-07-08: 임원ㆍ주요주주특정증권등소유상황보고서 | 2026-07-08: 임원ㆍ주요주주특정증권등소유상황보고서,5
한국알콜,017890,0,OK,,,,2026-07-28: 주식등의대량보유상황보고서(약식) | 2026-07-27: 임원ㆍ주요주주특정증권등소유상황보고서 | 2026-07-24: 임원ㆍ주요주주특정증권등소유상황보고서 | 2026-07-16: 독립이사의선임ㆍ해임또는중도퇴임에관한신고 | 2026-07-16: 임시주주총회결과              ,11
케이씨,029460,0,OK,,,,2026-07-24: 임원ㆍ주요주주특정증권등거래계획보고서 | 2026-07-24: 임원ㆍ주요주주특정증권등거래계획보고서 | 2026-07-14: 최대주주등소유주식변동신고서               | 2026-07-14: 주식등의대량보유상황보고서(일반),4
대한약품,023910,0,OK,,,,2026-07-24: 임원ㆍ주요주주특정증권등소유상황보고서 | 2026-07-16: 임원ㆍ주요주주특정증권등소유상황보고서 | 2026-07-09: 임원ㆍ주요주주특정증권등소유상황보고서 | 2026-06-30: 임원ㆍ주요주주특정증권등소유상황보고서,4
우리은행,000030,0,OK,,,,2026-07-29: 투자설명서(일괄신고) | 2026-07-29: 일괄신고추가서류 | 2026-07-27: 증권발행실적보고서 | 2026-07-24: 투자설명서(일괄신고) | 2026-07-24: 일괄신고추가서류,17
스튜디오드래곤,253450,0,OK,,,,2026-07-09: 기업설명회(IR)개최               | 2026-07-09: 결산실적공시예고               | 2026-07-07: 합병등종료보고서(합병),3
유비벨록스,089850,0,OK,,,,2026-07-13: 임원ㆍ주요주주특정증권등소유상황보고서 | 2026-07-06: 임원ㆍ주요주주특정증권등소유상황보고서 | 2026-06-29: 임원ㆍ주요주주특정증권등소유상황보고서,3
한국맥널티,222980,0,OK,,,,2026-07-28: 임원ㆍ주요주주특정증권등소유상황보고서 | 2026-07-24: 임원ㆍ주요주주특정증권등소유상황보고서 | 2026-07-20: 임원ㆍ주요주주특정증권등소유상황보고서 | 2026-07-15: 임원ㆍ주요주주특정증권등소유상황보고서 | 2026-07-15: 주식등의대량보유상황보고서(일반),8
온코닉테라퓨틱스,476060,0,OK,,,,2026-07-14: 투자판단관련주요경영사항(임상시험결과)              (자큐보정(JP1366)(자스타프라잔시트르산염)의 약물상호작용 확인을 위한 제1상 임상시험 결과) | 2026-07-03: 임원ㆍ주요주주특정증권등소유상황보고서 | 2026-07-02: 투자판단관련주요경영사항(임상시험계획변경승인)              (자큐보정(JP1366)의 미란성 위식도역류질환 치료 후 유지요법에 대한 제3상 임상시험계획승인(변경승인)),3
삼성증권,016360,0,OK,,,,2026-07-29: 증권발행실적보고서 | 2026-07-29: 증권발행실적보고서 | 2026-07-29: 투자설명서(일괄신고) | 2026-07-29: 투자설명서(일괄신고) | 2026-07-29: 일괄신고추가서류(파생결합사채-주가연계파생결합사채),96
삼성생명,032830,0,OK,,,,2026-07-27: 기업설명회(IR)개최(안내공시)               | 2026-07-24: 특수관계인으로부터주식의취득 | 2026-07-24: 특수관계인으로부터주식의취득 | 2026-07-24: 주식등의대량보유상황보고서(일반) | 2026-07-24: 특수관계인과의수익증권거래,17
더블유게임즈,192080,0,OK,,,,2026-07-24: [기재정정]사업보고서 (2025.12) | 2026-07-03: 주식등의대량보유상황보고서(일반) | 2026-07-03: 최대주주등소유주식변동신고서               | 2026-07-01: 주식등의대량보유상황보고서(약식),4
형지엘리트,093240,0,OK,,,,2026-07-06: 주주총회소집결의               | 2026-07-06: 주주명부폐쇄기간또는기준일설정               | 2026-07-06: 주식병합결정              ,3
MDS테크,086960,0,OK,,,,2026-07-10: 주식등의대량보유상황보고서(약식) | 2026-06-29: 임원ㆍ주요주주특정증권등소유상황보고서 | 2026-06-29: 주식등의대량보유상황보고서(일반),3
SDN,099220,0,OK,,,,2026-07-21: [기재정정]주주총회소집결의              (임시주주총회) | 2026-07-21: 의결권대리행사권유참고서류 | 2026-07-21: 주주총회소집공고,3
와이지엔터테인먼트,122870,0,OK,,,,2026-07-21: 주식등의대량보유상황보고서(일반) | 2026-07-01: 주식등의대량보유상황보고서(약식) | 2026-06-30: 지속가능경영보고서등관련사항(자율공시)              ,3
한국미라클피플사,331660,0,OK,,,,2026-07-28: 기업설명회(IR)개최결과               | 2026-07-07: 기업설명회(IR)개최               | 2026-07-03: 기업설명회(IR)개최결과              ,3
HS애드,035000,0,OK,,,,2026-07-29: 임원ㆍ주요주주특정증권등소유상황보고서 | 2026-07-27: 임원ㆍ주요주주특정증권등소유상황보고서 | 2026-07-27: 주식등의대량보유상황보고서(일반) | 2026-07-16: 임원ㆍ주요주주특정증권등소유상황보고서 | 2026-07-16: 주식등의대량보유상황보고서(일반),5
온코크로스,382150,0,OK,,,,2026-07-20: [기재정정]분기보고서 (2026.03) | 2026-07-16: [기재정정]사업보고서 (2025.12) | 2026-07-10: 주식등의대량보유상황보고서(약식) | 2026-07-01: 합병등종료보고서(합병),4
와이제이링크,209640,0,OK,,,,2026-07-16: 신탁계약해지결과보고서 | 2026-07-16: 주요사항보고서(자기주식취득신탁계약해지결정) | 2026-07-16: 현금ㆍ현물배당결정              (중간배당),3
메가스터디교육,215200,0,OK,,,,2026-07-10: 주식등의대량보유상황보고서(약식) | 2026-07-08: 주식등의대량보유상황보고서(약식) | 2026-07-01: 주요사항보고서(자기주식취득신탁계약체결결정) | 2026-07-01: 현금ㆍ현물배당결정              (분기배당),4
포스코인터내셔널,047050,0,OK,,,,2026-07-24: 기업설명회(IR)개최(안내공시)               | 2026-07-24: [기재정정]대규모기업집단현황공시[연1회공시및1/4분기용(개별회사)] | 2026-07-21: [기재정정]타인에대한채무보증결정               | 2026-06-30: 지속가능경영보고서등관련사항(자율공시)              ,4
ESR켄달스퀘어리츠,365550,0,OK,,,,2026-07-23: 임원ㆍ주요주주특정증권등소유상황보고서 | 2026-07-16: 임원ㆍ주요주주특정증권등소유상황보고서 | 2026-07-13: 매출액또는손익구조30%(대규모법인은15%)이상변경               | 2026-07-13: 부동산투자회사금전배당결정               | 2026-07-09: 임원ㆍ주요주주특정증권등소유상황보고서,7
CJ씨푸드,011150,0,OK,,,,2026-07-14: 주주명부폐쇄기간또는기준일설정               | 2026-07-14: 주주총회소집결의               | 2026-07-09: 투자유의안내              ,3
한온시스템,018880,0,OK,,,,2026-07-21: 최대주주등소유주식변동신고서               | 2026-07-13: 결산실적공시예고(안내공시)               | 2026-07-13: 기업설명회(IR)개최(안내공시)               | 2026-06-30: 지속가능경영보고서등관련사항(자율공시)              ,4
신진에스엠,138070,0,OK,,,,2026-07-28: 임원ㆍ주요주주특정증권등소유상황보고서 | 2026-07-28: 임원ㆍ주요주주특정증권등소유상황보고서 | 2026-07-28: 주식등의대량보유상황보고서(일반) | 2026-07-21: 임원ㆍ주요주주특정증권등소유상황보고서 | 2026-07-21: 임원ㆍ주요주주특정증권등소유상황보고서,10
케이아이엔엑스,093320,0,OK,,,,2026-07-22: 임원ㆍ주요주주특정증권등소유상황보고서 | 2026-07-16: 주식등의대량보유상황보고서(약식) | 2026-07-13: 임원ㆍ주요주주특정증권등소유상황보고서,3
우리바이오,082850,0,OK,,,,2026-07-15: 임시주주총회결과               | 2026-06-30: 의결권대리행사권유참고서류 | 2026-06-30: 주주총회소집공고,3
에스엠씨지,460870,0,OK,,,,2026-07-28: 임원ㆍ주요주주특정증권등거래계획보고서 | 2026-07-28: 임원ㆍ주요주주특정증권등소유상황보고서 | 2026-07-28: 주식등의대량보유상황보고서(일반) | 2026-07-27: 임원ㆍ주요주주특정증권등소유상황보고서 | 2026-07-27: 주식등의대량보유상황보고서(일반),16
큐로셀,372320,0,OK,,,,2026-07-24: 임원ㆍ주요주주특정증권등소유상황보고서 | 2026-07-23: 주식등의대량보유상황보고서(일반) | 2026-07-22: 주식등의대량보유상황보고서(일반),3
프레스티지바이오파마,950210,0,OK,,,,2026-07-09: 최대주주등소유주식변동신고서               | 2026-07-09: 임원ㆍ주요주주특정증권등소유상황보고서 | 2026-07-09: 주식등의대량보유상황보고서(일반) | 2026-07-01: 최대주주등소유주식변동신고서               | 2026-07-01: 주식등의대량보유상황보고서(일반),6
티디에스팜,464280,0,OK,,,,2026-07-15: 임시주주총회결과               | 2026-06-30: 주주총회소집공고 | 2026-06-29: [기재정정]사업보고서 (2025.12) | 2026-06-29: [기재정정]사업보고서 (2025.12) | 2026-06-29: [기재정정]주주총회소집결의              (임시주주총회),5
현대사료,016790,0,OK,,,,2026-07-07: 임원ㆍ주요주주특정증권등소유상황보고서 | 2026-07-02: [기재정정]타인에대한채무보증결정               | 2026-06-30: 독립이사의선임ㆍ해임또는중도퇴임에관한신고 | 2026-06-30: 대표이사변경               | 2026-06-30: 임시주주총회결과              ,5
HLB,028300,0,OK,,,,"2026-07-27: 지속가능경영보고서등관련사항(자율공시)               | 2026-07-16: 주식등의대량보유상황보고서(일반) | 2026-07-16: 전환가액의조정               | 2026-07-15: 전환가액의조정               | 2026-07-10: 기타경영사항(자율공시)              (HLB 간암 1차 치료제(리보세라닙,캄렐리주맙 병용요법)FDA로부터 보완요구서한(CRL,Complete Response Letter)수령)",8
성원에너텍,340930,0,OK,,,,2026-07-24: 주식등의대량보유상황보고서(일반) | 2026-07-20: 주식등의대량보유상황보고서(일반) | 2026-07-09: [기재정정]회생절차개시결정              ,3
넥써쓰,205500,0,OK,,,,2026-07-21: 결산실적공시예고               | 2026-07-15: 주식등의대량보유상황보고서(일반) | 2026-07-15: 임원ㆍ주요주주특정증권등소유상황보고서 | 2026-07-14: 임원ㆍ주요주주특정증권등소유상황보고서 | 2026-07-10: 주식등의대량보유상황보고서(약식),10
나노솔루션,238540,0,OK,,,,2026-07-29: [기재정정]임원ㆍ주요주주특정증권등소유상황보고서 | 2026-07-28: 사업보고서 (2025.12) | 2026-07-28: 임원ㆍ주요주주특정증권등소유상황보고서 | 2026-07-28: 주식등의대량보유상황보고서(약식),4
나무에이엑스,242040,0,OK,,,,2026-07-27: [기재정정]사업보고서 (2025.12) | 2026-07-13: 대표이사변경               | 2026-06-30: 상호변경안내               | 2026-06-30: 임시주주총회결과              ,4
셀리드,299660,0,OK,,,,2026-07-14: 임원ㆍ주요주주특정증권등소유상황보고서 | 2026-07-09: 임원ㆍ주요주주특정증권등소유상황보고서 | 2026-07-07: 타인에대한담보제공결정               | 2026-07-07: [기재정정]주식매수선택권부여에관한신고 | 2026-07-07: [기재정정]주식매수선택권부여에관한신고,7
DKME,015590,0,OK,,,,2026-07-29: 소송등의판결ㆍ결정               | 2026-07-29: 소송등의제기ㆍ신청(경영권분쟁소송)               | 2026-07-16: 독립이사의선임ㆍ해임또는중도퇴임에관한신고 | 2026-07-16: 소송등의판결ㆍ결정               | 2026-07-02: 주식등의대량보유상황보고서(약식),5
오텍,067170,0,OK,,,,2026-07-29: 주식등의대량보유상황보고서(일반) | 2026-07-29: 임원ㆍ주요주주특정증권등소유상황보고서 | 2026-06-30: 신주인수권행사              (제13회차),3
메드팩토,235980,0,OK,,,,2026-07-24: [기재정정]주식매수선택권부여에관한신고 | 2026-07-23: 주식매수선택권부여에관한신고 | 2026-07-15: 투자판단관련주요경영사항(임상시험계획승인신청)              (MP2021 호주 임상1상 시험 계획 승인신청),3
디와이,013570,0,OK,,,,2026-07-10: 최대주주등소유주식변동신고서               | 2026-07-10: 임원ㆍ주요주주특정증권등소유상황보고서 | 2026-07-10: 주식등의대량보유상황보고서(일반) | 2026-07-03: 계열회사변경(자율공시)               | 2026-07-03: 지주회사의자회사탈퇴              ,7
심텍,222800,0,OK,,,,2026-07-08: 임원ㆍ주요주주특정증권등소유상황보고서 | 2026-07-07: 주식등의대량보유상황보고서(약식) | 2026-07-01: 주식등의대량보유상황보고서(약식),3
코리아에셋투자증권,190650,0,OK,,,,2026-07-01: 배당락               | 2026-07-01: 독립이사의선임ㆍ해임또는중도퇴임에관한신고 | 2026-07-01: 기업가치제고계획(자율공시)               | 2026-06-30: [기재정정]정기주주총회결과               | 2026-06-30: 대표이사변경              ,7
피앤씨테크,237750,0,OK,,,,2026-07-06: 소송등의판결ㆍ결정               | 2026-06-30: 대표이사변경               | 2026-06-30: 합병등종료보고서(합병),3
세종메디칼,258830,0,OK,,,,2026-07-16: 타인에대한담보제공결정               | 2026-06-30: 대표이사변경               | 2026-06-30: 임시주주총회결과              ,3
HLB이노베이션,024850,0,OK,,,,2026-07-22: 임원ㆍ주요주주특정증권등소유상황보고서 | 2026-07-22: 주식등의대량보유상황보고서(일반) | 2026-07-21: 전환가액의조정               | 2026-07-08: 기업설명회(IR)개최               | 2026-07-07: 주식등의대량보유상황보고서(일반),7
피제이메탈,128660,0,OK,,,,2026-07-10: 임원ㆍ주요주주특정증권등소유상황보고서 | 2026-07-01: 임원ㆍ주요주주특정증권등소유상황보고서 | 2026-07-01: 대표이사변경               | 2026-07-01: 임시주주총회결과              ,4
매일유업,267980,0,OK,,,,2026-07-22: 독립이사의선임ㆍ해임또는중도퇴임에관한신고 | 2026-07-22: 임시주주총회결과               | 2026-07-07: 의결권대리행사권유참고서류 | 2026-07-07: 주주총회소집공고 | 2026-07-01: 대표이사변경              ,5
와이바이오로직스,338840,0,OK,,,,2026-07-23: 주식등의대량보유상황보고서(일반) | 2026-07-23: 임원ㆍ주요주주특정증권등소유상황보고서 | 2026-07-09: 주식등의대량보유상황보고서(일반) | 2026-07-03: 대표이사변경               | 2026-07-03: [기재정정]주식매수선택권부여에관한신고,8
레몬헬스케어,365660,0,OK,,,,2026-07-14: 주식등의대량보유상황보고서(약식) | 2026-07-10: 주식등의대량보유상황보고서(약식) | 2026-07-10: 임원ㆍ주요주주특정증권등소유상황보고서 | 2026-07-10: 임원ㆍ주요주주특정증권등소유상황보고서 | 2026-07-10: 임원ㆍ주요주주특정증권등소유상황보고서,9
동원모빌리티,018500,0,OK,,,,2026-07-13: 불성실공시법인지정               | 2026-06-29: 정기주주총회결과               | 2026-06-29: 대표이사(대표집행임원)변경(안내공시)              ,3
팅크웨어,084730,0,OK,,,,2026-07-23: 주식등의대량보유상황보고서(일반) | 2026-07-23: 임원ㆍ주요주주특정증권등소유상황보고서 | 2026-07-16: 주식등의대량보유상황보고서(일반) | 2026-07-16: 임원ㆍ주요주주특정증권등소유상황보고서,4
한국제16호스팩,0164H0,0,OK,,,,2026-07-07: 주식등의대량보유상황보고서(일반) | 2026-07-07: 임원ㆍ주요주주특정증권등소유상황보고서 | 2026-07-07: 주식등의대량보유상황보고서(약식) | 2026-07-01: 임원ㆍ주요주주특정증권등소유상황보고서 | 2026-07-01: 주식등의대량보유상황보고서(일반),5
아톤,158430,0,OK,,,,2026-07-27: 주식등의대량보유상황보고서(일반) | 2026-07-27: 임원ㆍ주요주주특정증권등소유상황보고서 | 2026-07-27: 임원ㆍ주요주주특정증권등소유상황보고서 | 2026-07-27: 임원ㆍ주요주주특정증권등소유상황보고서 | 2026-07-27: 대표이사변경              ,10
크리스탈신소재,900250,0,OK,,,,2026-07-10: 주식등의대량보유상황보고서(일반) | 2026-07-10: 주식등의대량보유상황보고서(일반) | 2026-06-30: [기재정정]외국지주회사의자회사편입ㆍ탈퇴               | 2026-06-30: [기재정정]타법인주식및출자증권취득결정(자율공시)(자회사의 주요경영사항)              ,4
로보티즈,108490,0,OK,,,,2026-07-14: 임원ㆍ주요주주특정증권등소유상황보고서 | 2026-07-08: [기재정정]사업보고서 (2025.12) | 2026-07-08: 타법인주식및출자증권취득결정              ,3
웰크론,065950,0,OK,,,,2026-07-08: 임원ㆍ주요주주특정증권등소유상황보고서 | 2026-06-30: 주식등의대량보유상황보고서(일반) | 2026-06-30: 임원ㆍ주요주주특정증권등소유상황보고서,3
알비더블유,361570,0,OK,,,,2026-07-27: 주주총회소집공고 | 2026-07-24: 임원ㆍ주요주주특정증권등소유상황보고서 | 2026-06-30: 연결재무제표기준영업실적등에대한전망(공정공시)               | 2026-06-30: 주주명부폐쇄기간또는기준일설정               | 2026-06-30: 주주총회소집결의              (임시주주총회),5
이지스밸류플러스리츠,334890,0,OK,,,,2026-07-28: 임원ㆍ주요주주특정증권등소유상황보고서 | 2026-07-23: 임원ㆍ주요주주특정증권등소유상황보고서 | 2026-07-21: 임원ㆍ주요주주특정증권등소유상황보고서 | 2026-07-16: 임원ㆍ주요주주특정증권등소유상황보고서 | 2026-07-15: 반기보고서 (2026.05),14
극동유화,014530,0,OK,,,,2026-07-29: 최대주주등소유주식변동신고서               | 2026-07-29: 주식등의대량보유상황보고서(일반) | 2026-06-29: 최대주주등소유주식변동신고서               | 2026-06-29: 주식등의대량보유상황보고서(일반),4
제일파마홀딩스,002620,0,OK,,,,2026-07-15: 임원ㆍ주요주주특정증권등소유상황보고서 | 2026-07-15: 임원ㆍ주요주주특정증권등소유상황보고서 | 2026-07-15: 주식등의대량보유상황보고서(일반),3
송우인포텍,0203K0,0,OK,,,,2026-07-27: 사업보고서 (2025.12) | 2026-07-23: 임원ㆍ주요주주특정증권등소유상황보고서 | 2026-07-23: 임원ㆍ주요주주특정증권등소유상황보고서 | 2026-07-23: 주식등의대량보유상황보고서(일반),4
진매트릭스,109820,0,OK,,,,2026-07-23: 임원ㆍ주요주주특정증권등소유상황보고서 | 2026-07-20: 임원ㆍ주요주주특정증권등소유상황보고서 | 2026-07-10: 임원ㆍ주요주주특정증권등소유상황보고서 | 2026-07-09: 임원ㆍ주요주주특정증권등소유상황보고서 | 2026-07-02: 임원ㆍ주요주주특정증권등소유상황보고서,7
카카오,035720,0,OK,,,,2026-07-27: 기업설명회(IR)개최(안내공시)               | 2026-07-16: 기업설명회(IR)개최(안내공시)               | 2026-07-16: 결산실적공시예고(안내공시)               | 2026-07-14: 특수관계인과의내부거래 | 2026-07-03: 임원ㆍ주요주주특정증권등소유상황보고서,6
아이씨에이치,368600,0,OK,,,,2026-07-22: 주주총회소집결의              (임시주주총회) | 2026-07-22: 주주명부폐쇄기간또는기준일설정               | 2026-07-22: 주식병합결정               | 2026-07-21: 임원ㆍ주요주주특정증권등거래계획보고서 | 2026-07-16: 임원ㆍ주요주주특정증권등소유상황보고서,5
POSCO홀딩스,005490,0,OK,,,,2026-07-23: 지급수단별ㆍ지급기간별지급금액및분쟁조정기구에관한사항 | 2026-07-16: 임원ㆍ주요주주특정증권등소유상황보고서 | 2026-07-15: 기업설명회(IR)개최(안내공시)               | 2026-07-08: 임원ㆍ주요주주특정증권등소유상황보고서 | 2026-07-02: 장래사업ㆍ경영계획(공정공시)              ,6
에이플러스에셋,244920,0,OK,,,,2026-07-29: 최대주주등소유주식변동신고서               | 2026-07-14: 주요사항보고서(자기주식취득신탁계약체결결정) | 2026-07-10: 임원ㆍ주요주주특정증권등소유상황보고서 | 2026-07-10: 최대주주등소유주식변동신고서               | 2026-07-02: 주식등의대량보유상황보고서(일반),5
한양이엔지,045100,0,OK,,,,2026-07-28: [기재정정]주식등의대량보유상황보고서(일반) | 2026-07-28: 주식등의대량보유상황보고서(일반) | 2026-07-16: 임원ㆍ주요주주특정증권등소유상황보고서 | 2026-07-16: 임원ㆍ주요주주특정증권등소유상황보고서 | 2026-07-16: 주식등의대량보유상황보고서(일반),6
SK증권,001510,0,OK,,,,2026-07-29: 투자설명서(일괄신고) | 2026-07-29: 일괄신고추가서류(파생결합사채-주가연계파생결합사채) | 2026-07-24: 투자설명서(일괄신고) | 2026-07-24: 일괄신고추가서류(파생결합사채-주가연계파생결합사채) | 2026-07-24: 증권발행실적보고서,23
딜리,131180,0,OK,,,,2026-07-01: 임원ㆍ주요주주특정증권등소유상황보고서 | 2026-07-01: 임원ㆍ주요주주특정증권등소유상황보고서 | 2026-07-01: 임원ㆍ주요주주특정증권등소유상황보고서 | 2026-07-01: 임원ㆍ주요주주특정증권등소유상황보고서 | 2026-07-01: 임원ㆍ주요주주특정증권등소유상황보고서,5
알톤,123750,0,OK,,,,2026-07-22: 주식등의대량보유상황보고서(일반) | 2026-07-22: 임원ㆍ주요주주특정증권등소유상황보고서 | 2026-07-10: 주식등의대량보유상황보고서(일반) | 2026-07-10: 임원ㆍ주요주주특정증권등소유상황보고서,4
아이씨티케이,456010,0,OK,,,,2026-07-23: [기재정정]사업보고서 (2025.12) | 2026-07-23: 전환가액의조정              (제5회차) | 2026-06-30: 임원ㆍ주요주주특정증권등소유상황보고서,3
현대해상,001450,0,OK,,,,2026-07-14: 기업설명회(IR)개최(안내공시)               | 2026-07-13: 임원ㆍ주요주주특정증권등소유상황보고서 | 2026-07-10: 계열금융회사의약관에의한금융거래-[유가증권-수익증권] | 2026-07-01: 주식등의대량보유상황보고서(약식) | 2026-06-30: 특수관계인과의수익증권거래,5
에스에스알,275630,0,OK,,,,2026-07-27: 임원ㆍ주요주주특정증권등소유상황보고서 | 2026-07-27: 주식등의대량보유상황보고서(일반) | 2026-07-20: 임원ㆍ주요주주특정증권등소유상황보고서 | 2026-07-20: 주식등의대량보유상황보고서(일반) | 2026-07-13: 임원ㆍ주요주주특정증권등소유상황보고서,6
APS,054620,0,OK,,,,2026-07-16: 주식등의대량보유상황보고서(일반) | 2026-07-07: 타법인주식및출자증권취득결정               | 2026-07-06: 임원ㆍ주요주주특정증권등소유상황보고서,3
펄어비스,263750,0,OK,,,,2026-07-16: 결산실적공시예고               | 2026-06-30: 지속가능경영보고서등관련사항(자율공시)               | 2026-06-30: 주식등의대량보유상황보고서(일반),3
솔브레인홀딩스,036830,0,OK,,,,2026-07-10: 임원ㆍ주요주주특정증권등거래계획보고서 | 2026-07-10: 임원ㆍ주요주주특정증권등소유상황보고서 | 2026-07-10: 주식등의대량보유상황보고서(일반) | 2026-06-30: 증권발행결과(자율공시)               | 2026-06-29: 지속가능경영보고서등관련사항(자율공시)              ,5
하나은행,004940,0,OK,,,,2026-07-27: [기재정정]일괄신고서 | 2026-07-24: [기재정정]주요사항보고서(영업정지) | 2026-07-06: 증권발행실적보고서 | 2026-07-03: 투자설명서(일괄신고) | 2026-07-03: 일괄신고추가서류,5
SK증권제13호스팩,473950,0,OK,,,,2026-07-21: 기업인수목적회사의예치ㆍ신탁계약내용변경               | 2026-07-06: [기재정정]주식등의대량보유상황보고서(약식) | 2026-07-06: 주식등의대량보유상황보고서(약식),3
뉴파워프라즈마,144960,0,OK,,,,2026-07-23: 임원ㆍ주요주주특정증권등소유상황보고서 | 2026-07-10: 주식등의대량보유상황보고서(약식) | 2026-07-03: 주식등의대량보유상황보고서(일반),3
신한투자증권,008670,0,OK,,,,2026-07-29: 증권발행실적보고서 | 2026-07-28: 투자설명서(일괄신고) | 2026-07-28: 일괄신고추가서류(파생결합사채-주가연계파생결합사채) | 2026-07-28: 증권발행실적보고서 | 2026-07-28: 증권발행실적보고서,100
엠브레인,169330,0,OK,,,,2026-07-29: 주식등의대량보유상황보고서(일반) | 2026-07-28: [기재정정]주식등의대량보유상황보고서(일반) | 2026-07-28: [기재정정]주식등의대량보유상황보고서(일반),3
삼진제약,005500,0,OK,,,,2026-07-24: 임원ㆍ주요주주특정증권등거래계획보고서 | 2026-07-24: 임원ㆍ주요주주특정증권등거래계획보고서 | 2026-07-24: 임원ㆍ주요주주특정증권등거래계획보고서 | 2026-07-21: 주식등의대량보유상황보고서(일반) | 2026-07-10: 임원ㆍ주요주주특정증권등거래계획보고서,9
메타바이오메드,059210,0,OK,,,,2026-07-16: 임원ㆍ주요주주특정증권등소유상황보고서 | 2026-07-13: 전환가액의조정               | 2026-07-03: 자기주식취득결과보고서 | 2026-06-30: [기재정정]현금ㆍ현물배당결정               | 2026-06-29: [기재정정]사업보고서 (2025.12),5
STX그린로지스,465770,0,OK,,,,2026-07-29: 소송등의제기ㆍ신청(일정금액이상의청구)               | 2026-07-20: 투자유의안내               | 2026-07-13: 투자판단관련주요경영사항               | 2026-07-09: 소송등의제기ㆍ신청(일정금액이상의청구)               | 2026-07-08: [기재정정]유형자산처분결정              ,7
엔피씨,004250,0,OK,,,,2026-07-13: 임원ㆍ주요주주특정증권등소유상황보고서 | 2026-07-13: 최대주주등소유주식변동신고서               | 2026-07-03: 임원ㆍ주요주주특정증권등소유상황보고서 | 2026-07-03: 최대주주등소유주식변동신고서              ,4
대한뉴팜,054670,0,OK,,,,2026-07-15: 공정거래자율준수프로그램운영현황               | 2026-07-07: [기재정정]사업보고서 (2025.12) | 2026-07-07: [기재정정]감사보고서제출              ,3
지놈앤컴퍼니,314130,0,OK,,,,2026-07-20: 기타경영사항(자율공시)              (전환우선주의 보통주 전환청구) | 2026-07-14: 기타경영사항(자율공시)              (전환우선주의 보통주 전환청구) | 2026-07-13: 기타경영사항(자율공시)              (전환우선주의 보통주 전환청구) | 2026-07-10: 주주명부폐쇄기간또는기준일설정               | 2026-07-10: 주주총회소집결의              (임시주주총회),5
셀루메드,049180,0,OK,,,,2026-07-27: [기재정정]주주명부폐쇄기간또는기준일설정               | 2026-07-27: [기재정정]주주총회소집결의              (임시주주총회) | 2026-07-10: [기재정정]사업보고서 (2025.12) | 2026-06-30: [기재정정]투자판단관련주요경영사항              (집행판결 청구소송 합의 변경의 건),4
사조동아원,008040,0,OK,,,,2026-07-29: 임시주주총회결과               | 2026-07-14: [기재정정]벌금등의부과               | 2026-07-07: 의결권대리행사권유참고서류 | 2026-07-07: 주주총회소집공고,4
GS리테일,007070,0,OK,,,,2026-07-29: 결산실적공시예고(안내공시)               | 2026-07-07: 임원ㆍ주요주주특정증권등소유상황보고서 | 2026-07-01: 주식등의대량보유상황보고서(약식) | 2026-06-30: 지속가능경영보고서등관련사항(자율공시)              ,4
제노레이,122310,0,OK,,,,2026-07-21: 주식등의대량보유상황보고서(일반) | 2026-07-01: 현금ㆍ현물배당결정              (분기배당) | 2026-07-01: 임원ㆍ주요주주특정증권등소유상황보고서 | 2026-06-29: 임원ㆍ주요주주특정증권등소유상황보고서,4
국민은행,060000,0,OK,,,,2026-07-27: 증권발행실적보고서 | 2026-07-08: [변경등록]이중상환청구권부채권등록신청서 | 2026-07-24: 투자설명서(일괄신고) | 2026-07-24: 일괄신고추가서류 | 2026-07-24: 증권발행실적보고서,19
한컴,030520,0,OK,,,,2026-07-13: 주식등의대량보유상황보고서(일반) | 2026-07-07: 임원ㆍ주요주주특정증권등소유상황보고서 | 2026-07-07: 주식등의대량보유상황보고서(일반) | 2026-07-02: 임원ㆍ주요주주특정증권등소유상황보고서 | 2026-07-02: 주식등의대량보유상황보고서(일반),7
인바이오,352940,0,OK,,,,2026-07-24: 불성실공시법인지정예고              (공시불이행 3건) | 2026-07-23: 대표이사변경               | 2026-07-21: 임원ㆍ주요주주특정증권등소유상황보고서 | 2026-07-07: 임원ㆍ주요주주특정증권등소유상황보고서 | 2026-06-30: 임원ㆍ주요주주특정증권등소유상황보고서,8
엘앤케이바이오,156100,0,OK,,,,2026-07-28: 전환가액의조정               | 2026-07-22: 기업설명회(IR)개최               | 2026-07-20: 주식등의대량보유상황보고서(일반) | 2026-07-06: 주식등의대량보유상황보고서(일반),4
롯데칠성음료,005300,0,OK,,,,2026-07-20: 기업설명회(IR)개최(안내공시)               | 2026-07-20: 결산실적공시예고(안내공시)               | 2026-07-03: 주식등의대량보유상황보고서(약식) | 2026-06-29: 지속가능경영보고서등관련사항(자율공시)              ,4
희림,037440,0,OK,,,,2026-07-23: 임원ㆍ주요주주특정증권등소유상황보고서 | 2026-07-23: 주식등의대량보유상황보고서(일반) | 2026-07-09: 주식등의대량보유상황보고서(약식) | 2026-07-03: 주식등의대량보유상황보고서(일반) | 2026-07-02: 임원ㆍ주요주주특정증권등소유상황보고서,6
LG유플러스,032640,0,OK,,,,2026-07-29: 신규시설투자등               | 2026-07-29: 기업설명회(IR)개최(안내공시)               | 2026-07-29: 현금ㆍ현물배당을위한주주명부폐쇄(기준일)결정               | 2026-07-29: 현금ㆍ현물배당결정               | 2026-07-29: 주요사항보고서(자기주식취득신탁계약체결결정),6
웰크론한텍,076080,0,OK,,,,2026-07-20: 임원ㆍ주요주주특정증권등소유상황보고서 | 2026-07-09: 주식등의대량보유상황보고서(일반) | 2026-07-09: [기재정정]임원ㆍ주요주주특정증권등거래계획보고서 | 2026-07-09: 임원ㆍ주요주주특정증권등소유상황보고서 | 2026-07-09: 임원ㆍ주요주주특정증권등소유상황보고서,12
그린생명과학,114450,0,OK,,[기재정정]단일판매ㆍ공급계약체결              (+5),최대주주변경              (-5),2026-07-29: 주식등의대량보유상황보고서(일반) | 2026-07-22: 최대주주변경               | 2026-06-30: [기재정정]단일판매ㆍ공급계약체결              ,3
나라엠앤디,051490,0,OK,,,,2026-07-16: 주식등의대량보유상황보고서(일반) | 2026-07-16: 임원ㆍ주요주주특정증권등소유상황보고서 | 2026-07-07: 임원ㆍ주요주주특정증권등소유상황보고서 | 2026-06-29: 임원ㆍ주요주주특정증권등소유상황보고서,4
한독,002390,0,OK,,,,2026-07-20: 주식등의대량보유상황보고서(일반) | 2026-07-20: 최대주주등소유주식변동신고서               | 2026-07-20: 주식등의대량보유상황보고서(일반) | 2026-07-20: 최대주주등소유주식변동신고서               | 2026-07-15: 공정거래자율준수프로그램운영현황(안내공시)              ,7
메디포스트,078160,0,OK,,,,2026-07-13: 전환가액의조정               | 2026-07-06: 전환가액의조정               | 2026-06-30: 전환가액의조정              ,3
신한카드,032710,0,OK,,,,2026-07-28: 증권발행실적보고서 | 2026-07-27: 투자설명서(일괄신고) | 2026-07-27: 일괄신고추가서류 | 2026-07-23: 증권발행실적보고서 | 2026-07-22: 투자설명서(일괄신고),12
팜스코,036580,0,OK,,,,2026-07-07: 주식등의대량보유상황보고서(약식) | 2026-06-29: 타인에대한채무보증결정               | 2026-06-29: 동일인등출자계열회사와의상품ㆍ용역거래,3
투비소프트,079970,0,OK,,,,2026-07-28: 임원ㆍ주요주주특정증권등소유상황보고서 | 2026-07-23: [기재정정]임원ㆍ주요주주특정증권등소유상황보고서 | 2026-07-22: 임원ㆍ주요주주특정증권등소유상황보고서 | 2026-07-13: 임원ㆍ주요주주특정증권등소유상황보고서 | 2026-07-06: 임원ㆍ주요주주특정증권등소유상황보고서,5
이지케어텍,099750,0,OK,,,,2026-07-23: 주주총회소집결의              (임시주주총회) | 2026-07-23: 주주명부폐쇄기간또는기준일설정               | 2026-07-14: 임원ㆍ주요주주특정증권등소유상황보고서 | 2026-07-14: 임원ㆍ주요주주특정증권등소유상황보고서,4
하나34호스팩,484130,0,OK,,,,2026-07-10: 주식등의대량보유상황보고서(약식) | 2026-07-02: [기재정정]주주명부폐쇄기간또는기준일설정               | 2026-07-02: 주주명부폐쇄기간또는기준일설정               | 2026-07-02: 기업인수목적회사의임원선임결정               | 2026-07-02: 주주총회소집결의              (임시주주총회),5
케이씨씨,002380,0,OK,,,,2026-07-29: [발행조건확정]증권신고서(채무증권) | 2026-07-29: 전환가액ㆍ신주인수권행사가액ㆍ교환가액의조정(안내공시)               | 2026-07-24: [발행조건확정]증권신고서(채무증권) | 2026-07-24: [기재정정]증권신고서(채무증권) | 2026-07-20: 증권신고서(채무증권),10
세아제강지주,003030,0,OK,,,,2026-07-23: 최대주주등소유주식변동신고서               | 2026-07-23: 임원ㆍ주요주주특정증권등소유상황보고서 | 2026-07-09: [첨부정정]지속가능경영보고서등관련사항(자율공시)               | 2026-07-03: 현금ㆍ현물배당결정(자회사의 주요경영사항)               | 2026-07-01: 주식등의대량보유상황보고서(약식),6
HLB제넥스,187420,0,OK,,,,2026-07-29: 임원ㆍ주요주주특정증권등소유상황보고서 | 2026-07-22: 주식등의대량보유상황보고서(일반) | 2026-07-20: 임원ㆍ주요주주특정증권등소유상황보고서 | 2026-07-20: 주식등의대량보유상황보고서(일반) | 2026-07-16: 임원ㆍ주요주주특정증권등소유상황보고서,8
시프트업,462870,0,OK,,,,2026-07-20: 결산실적공시예고(안내공시)               | 2026-07-20: 기업설명회(IR)개최(안내공시)               | 2026-07-20: 기업설명회(IR)개최(안내공시)               | 2026-06-30: 최대주주등소유주식변동신고서               | 2026-06-30: 임원ㆍ주요주주특정증권등소유상황보고서,6
디에스엠,104040,0,OK,,,,2026-07-10: 주식등의대량보유상황보고서(약식) | 2026-07-09: 임원ㆍ주요주주특정증권등소유상황보고서 | 2026-07-09: 주식등의대량보유상황보고서(일반) | 2026-07-03: 임원ㆍ주요주주특정증권등소유상황보고서 | 2026-06-29: 증권발행결과(자율공시)              ,6
SH에너지화학,002360,0,OK,,,,2026-07-28: 투자유의안내               | 2026-07-28: 최대주주등소유주식변동신고서               | 2026-07-28: 임원ㆍ주요주주특정증권등소유상황보고서 | 2026-07-15: 독립이사의선임ㆍ해임또는중도퇴임에관한신고 | 2026-06-30: 최대주주등소유주식변동신고서              ,5
삼양식품,003230,0,OK,,,,2026-07-09: 최대주주등소유주식변동신고서               | 2026-07-09: 임원ㆍ주요주주특정증권등소유상황보고서 | 2026-07-09: 임원ㆍ주요주주특정증권등소유상황보고서 | 2026-07-09: 주식등의대량보유상황보고서(일반) | 2026-07-02: 임원ㆍ주요주주특정증권등소유상황보고서,5
대한광통신,010170,0,OK,,,,2026-07-14: 임원ㆍ주요주주특정증권등소유상황보고서 | 2026-07-14: 주식등의대량보유상황보고서(일반) | 2026-07-03: 임원ㆍ주요주주특정증권등소유상황보고서 | 2026-07-03: 임원ㆍ주요주주특정증권등소유상황보고서 | 2026-07-03: 주식등의대량보유상황보고서(일반),5
이원컴포텍,088290,0,OK,,,,2026-07-24: 불성실공시법인지정예고              (공시불이행) | 2026-07-14: 주식등의대량보유상황보고서(일반) | 2026-07-06: 단기차입금증가결정              (2025년),3
린드먼아시아,277070,0,OK,,,,2026-07-02: 신탁계약해지결과보고서 | 2026-07-01: 주요사항보고서(자기주식취득신탁계약해지결정) | 2026-07-01: 신탁계약에의한취득상황보고서,3
HLB파나진,046210,0,OK,,,,2026-07-29: 임원ㆍ주요주주특정증권등소유상황보고서 | 2026-07-22: 주식등의대량보유상황보고서(일반) | 2026-07-16: 임원ㆍ주요주주특정증권등소유상황보고서 | 2026-07-16: 임원ㆍ주요주주특정증권등소유상황보고서 | 2026-06-30: 주식등의대량보유상황보고서(일반),7
지어소프트,051160,0,OK,,,,2026-07-27: 임원ㆍ주요주주특정증권등소유상황보고서 | 2026-07-16: 임원ㆍ주요주주특정증권등소유상황보고서 | 2026-07-10: 주식등의대량보유상황보고서(약식) | 2026-07-08: 임원ㆍ주요주주특정증권등소유상황보고서,4
유비온,084440,0,OK,,,,2026-07-29: 임시주주총회결과               | 2026-07-21: 기업설명회(IR)개최               | 2026-07-13: 주주총회소집공고 | 2026-07-10: 기업설명회(IR)개최               | 2026-07-06: 주요사항보고서(자기주식취득신탁계약체결결정),8
동성제약,002210,0,OK,,,,2026-07-29: 기타경영사항(자율공시)               | 2026-07-29: 기타시장안내              (유가증권시장 상장공시위원회 심의결과 및 상장유지 결정 안내) | 2026-07-15: 기타시장안내              (상장적격성 실질심사 사유 추가 관련 안내) | 2026-07-15: 불성실공시법인지정              ,4
에이치엔에스하이텍,044990,0,OK,,,,2026-07-28: 임원ㆍ주요주주특정증권등소유상황보고서 | 2026-07-24: 임원ㆍ주요주주특정증권등소유상황보고서 | 2026-07-20: 임원ㆍ주요주주특정증권등소유상황보고서 | 2026-07-15: 임원ㆍ주요주주특정증권등소유상황보고서,4
이스트소프트,047560,0,OK,,,,2026-07-27: 의결권대리행사권유참고서류 | 2026-07-27: 주주총회소집공고 | 2026-07-03: 주주명부폐쇄기간또는기준일설정               | 2026-07-03: 주주총회소집결의              (임시주주총회),4
HPSP,403870,0,OK,,,,2026-07-06: 주식등의대량보유상황보고서(약식) | 2026-07-02: 주식등의대량보유상황보고서(약식) | 2026-06-30: 자기주식처분결과보고서,3
차AI헬스케어,025620,0,OK,,,,2026-07-20: 전환가액ㆍ신주인수권행사가액ㆍ교환가액의조정(안내공시)               | 2026-07-09: 임원ㆍ주요주주특정증권등거래계획보고서 | 2026-07-08: 주식등의대량보유상황보고서(일반),3
하이퍼코퍼레이션,065650,0,OK,,,,2026-07-27: 주요사항보고서(자기전환사채만기전취득결정) | 2026-07-27: 합병등종료보고서(자산양수도) | 2026-07-23: 주식등의대량보유상황보고서(일반) | 2026-07-16: 주요사항보고서(타법인주식및출자증권양수결정) | 2026-07-16: 주요사항보고서(자기전환사채매도결정),7
일성아이에스,003120,0,OK,,,,2026-07-23: 주식등의대량보유상황보고서(일반) | 2026-07-23: 최대주주등소유주식변동신고서               | 2026-07-14: 유형자산처분결정              ,3
SK,034730,0,OK,,,,2026-07-28: 지속가능경영보고서등관련사항(자율공시)               | 2026-07-24: 특수관계인으로부터주식의취득 | 2026-07-23: [기재정정]타법인주식및출자증권취득결정(자회사의 주요경영사항)               | 2026-07-23: 타법인주식및출자증권취득결정(자회사의 주요경영사항)               | 2026-07-23: 투자판단관련주요경영사항(자회사의 주요경영사항)              ,11
JW홀딩스,096760,0,OK,,,,2026-07-22: 주식등의대량보유상황보고서(일반) | 2026-07-03: 주식등의대량보유상황보고서(일반) | 2026-07-03: 최대주주등소유주식변동신고서               | 2026-06-30: 투자판단관련주요경영사항              ,4
에이프로,262260,0,OK,,,,2026-07-15: 임시주주총회결과               | 2026-06-30: 의결권대리행사권유참고서류 | 2026-06-30: 주주총회소집공고,3
셀로맥스사이언스,471820,0,OK,,,,2026-07-23: 신탁계약에의한취득상황보고서 | 2026-07-10: 현금ㆍ현물배당결정              (분기배당) | 2026-06-29: [기재정정]사업보고서 (2025.12),3
로아앤코홀딩스,204630,0,OK,,,,2026-07-22: 주요사항보고서(유형자산양도결정) | 2026-06-30: [기재정정]분기보고서 (2026.03) | 2026-06-30: [기재정정]사업보고서 (2025.12),3
빅텍,065450,0,OK,,,,2026-07-29: 임원ㆍ주요주주특정증권등소유상황보고서 | 2026-07-20: 전환사채(해외전환사채포함)발행후만기전사채취득               | 2026-07-03: 주식등의대량보유상황보고서(약식),3
인지디스플레,037330,0,OK,,,,2026-07-28: 주주총회소집결의              (임시주주총회) | 2026-07-28: 주주명부폐쇄기간또는기준일설정               | 2026-07-28: 주식병합결정              ,3
유안타증권,003470,0,OK,,,,2026-07-29: 최대주주등소유주식변동신고서               | 2026-07-29: 투자설명서(일괄신고) | 2026-07-29: 일괄신고추가서류(파생결합사채-주가연계파생결합사채) | 2026-07-29: 투자설명서(일괄신고) | 2026-07-29: 일괄신고추가서류(파생결합증권-주가연계증권),65
에너토크,019990,0,OK,,,,2026-07-24: 임시주주총회결과               | 2026-07-14: 전환가액의조정               | 2026-07-09: 주주총회소집공고 | 2026-07-02: [기재정정]주식매수선택권부여에관한신고 | 2026-07-02: 임원ㆍ주요주주특정증권등소유상황보고서,5
이스트에이드,239340,0,OK,,,,2026-07-29: 임시주주총회결과               | 2026-07-23: [기재정정]임원ㆍ주요주주특정증권등소유상황보고서 | 2026-07-23: 임원ㆍ주요주주특정증권등소유상황보고서 | 2026-07-14: 주주총회소집공고 | 2026-07-14: 주식병합결정              ,6
강스템바이오텍,217730,0,OK,,,,2026-07-28: 기업설명회(IR)개최               | 2026-07-28: 투자판단관련주요경영사항(임상시험결과)              (퓨어스템-오에이 키트 주(FURESTEM-OA Kit Inj.)(OSCA) 제2a상 임상시험 Topline data 수령) | 2026-07-15: 투자판단관련주요경영사항              (기술도입 계약 체결),3
시지메드텍,056090,0,OK,,,,2026-07-27: 주주총회소집공고 | 2026-06-30: 주주총회소집결의              (임시주주총회) | 2026-06-30: 주주명부폐쇄기간또는기준일설정               | 2026-06-30: 주식병합결정              ,4
시디즈,134790,0,OK,,,,2026-07-28: 최대주주등소유주식변동신고서               | 2026-07-27: 최대주주등소유주식변동신고서               | 2026-07-21: 최대주주등소유주식변동신고서               | 2026-07-20: 최대주주등소유주식변동신고서               | 2026-07-15: 최대주주등소유주식변동신고서              ,11
시알홀딩스,000480,0,OK,,,,2026-07-07: 현금ㆍ현물배당결정               | 2026-07-07: 현금ㆍ현물배당을위한주주명부폐쇄(기준일)결정               | 2026-06-30: 현금ㆍ현물배당결정(자회사의 주요경영사항)               | 2026-06-30: 현금ㆍ현물배당을위한주주명부폐쇄(기준일)결정(자회사의 주요경영사항)              ,4
대동스틸,048470,0,OK,,,,2026-07-29: 임원ㆍ주요주주특정증권등거래계획보고서 | 2026-07-29: 임원ㆍ주요주주특정증권등거래계획보고서 | 2026-07-29: 임원ㆍ주요주주특정증권등거래계획보고서,3
대신밸류리츠,0030R0,0,OK,,,,2026-07-29: 현금ㆍ현물배당을위한주주명부폐쇄(기준일)결정               | 2026-07-29: 부동산투자회사금전배당결정               | 2026-07-29: 주주총회소집결의               | 2026-07-29: 의결권대리행사권유참고서류 | 2026-07-29: 주주총회소집공고,6
한화비전,489790,0,OK,,,,2026-07-22: 결산실적공시예고(안내공시)               | 2026-07-14: 기업설명회(IR)개최(안내공시)               | 2026-06-30: 지속가능경영보고서등관련사항(자율공시)              ,3
일신석재,007110,0,OK,,,,2026-07-13: 주주명부폐쇄기간또는기준일설정               | 2026-07-13: 주주총회소집결의               | 2026-07-13: 주식병합결정              ,3
아이엘,307180,0,OK,,,,2026-07-21: 주식등의대량보유상황보고서(일반) | 2026-07-02: 주식등의대량보유상황보고서(일반) | 2026-07-02: 타법인주식및출자증권취득결정               | 2026-06-29: 주주명부폐쇄기간또는기준일설정               | 2026-06-29: 주주총회소집결의              (임시주주총회),6
윙스풋,335870,0,OK,,,,2026-07-23: 임원ㆍ주요주주특정증권등거래계획철회보고서 | 2026-07-23: 임시주주총회결과               | 2026-07-23: 독립이사의선임ㆍ해임또는중도퇴임에관한신고 | 2026-07-08: 주식병합결정               | 2026-07-08: 주주총회소집공고,6
에이팩트,200470,0,OK,,,,2026-07-24: 전환청구권행사               | 2026-07-22: 전환청구권행사               | 2026-07-16: 주주명부폐쇄기간또는기준일설정               | 2026-07-16: 주주총회소집결의              (임시주주총회) | 2026-06-29: 주식등의대량보유상황보고서(일반),6
제이피아이헬스케어,0010V0,0,OK,,,,2026-07-27: 임원ㆍ주요주주특정증권등소유상황보고서 | 2026-07-20: 주요사항보고서(자기주식취득신탁계약체결결정) | 2026-07-15: 임원ㆍ주요주주특정증권등소유상황보고서,3
산일전기,062040,0,OK,,,,2026-07-29: 주식등의대량보유상황보고서(일반) | 2026-07-29: 임원ㆍ주요주주특정증권등소유상황보고서 | 2026-07-29: 최대주주등소유주식변동신고서               | 2026-07-23: 결산실적공시예고(안내공시)               | 2026-07-01: 주식등의대량보유상황보고서(약식),5
케이뱅크,279570,0,OK,,,,2026-07-15: 기업설명회(IR)개최(안내공시)               | 2026-07-15: 결산실적공시예고(안내공시)               | 2026-07-08: 계열금융회사의약관에의한금융거래-[예ㆍ적금] | 2026-07-01: 주식등의대량보유상황보고서(약식),4
오토앤,353590,0,OK,,,,2026-07-27: 임원ㆍ주요주주특정증권등소유상황보고서 | 2026-07-27: 임원ㆍ주요주주특정증권등소유상황보고서 | 2026-07-15: 임원ㆍ주요주주특정증권등소유상황보고서 | 2026-06-29: 전환가액의조정              ,4
키움증권,039490,0,OK,,,,2026-07-29: [기재정정]대규모기업집단현황공시[연1회공시및1/4분기용(대표회사)] | 2026-07-29: 투자설명서(일괄신고) | 2026-07-29: 일괄신고추가서류(파생결합증권-주가연계증권) | 2026-07-29: 투자설명서(일괄신고) | 2026-07-29: 투자설명서(일괄신고),100
EMB,278990,0,OK,,,,2026-07-13: 전환가액의조정              (4회차) | 2026-07-08: 독립이사의선임ㆍ해임또는중도퇴임에관한신고 | 2026-07-07: 임시주주총회결과              ,3
애경케미칼,161000,0,OK,,,,2026-07-27: 주식등의대량보유상황보고서(일반) | 2026-07-20: 주식등의대량보유상황보고서(일반) | 2026-06-30: 주식등의대량보유상황보고서(일반) | 2026-06-30: 지속가능경영보고서등관련사항(자율공시)               | 2026-06-29: 주주총회소집결의              ,6
HLB제약,047920,0,OK,,,,2026-07-24: 임원ㆍ주요주주특정증권등거래계획보고서 | 2026-07-22: 주식등의대량보유상황보고서(일반) | 2026-07-16: 주식등의대량보유상황보고서(일반) | 2026-07-03: 투자설명서 | 2026-07-03: 효력발생안내( 2026.6.18. 제출 증권신고서(지분증권) ),6
에코심플렉스,038870,0,OK,,,,2026-07-20: 임원ㆍ주요주주특정증권등거래계획보고서 | 2026-07-20: 임원ㆍ주요주주특정증권등거래계획보고서 | 2026-07-10: 조회공시요구(현저한시황변동)에대한답변(중요정보없음)               | 2026-07-09: 조회공시요구(현저한시황변동)              ,4
한주에이알티,058450,0,OK,,,,2026-07-29: 주주총회소집공고 | 2026-07-29: [기재정정]주주총회소집결의              (임시주주총회) | 2026-07-28: [기재정정]금전대여결정               | 2026-07-13: 타인에대한채무보증결정               | 2026-07-13: 타인에대한담보제공결정              ,7
LS증권,078020,0,OK,,,,2026-07-21: 소송등의판결ㆍ결정(자율공시:일정금액미만의청구)               | 2026-07-15: 소송등의판결ㆍ결정(자율공시:일정금액미만의청구)               | 2026-07-15: 소송등의판결ㆍ결정(자율공시:일정금액미만의청구)               | 2026-07-15: 소송등의판결ㆍ결정(자율공시:일정금액미만의청구)               | 2026-07-15: 소송등의판결ㆍ결정(일정금액이상의청구)              ,6
오리온홀딩스,001800,0,OK,,,,2026-07-16: [기재정정]주권관련사채권의취득결정(자율공시)(종속회사의주요경영사항)               | 2026-07-16: [기재정정]주권관련사채권의취득결정(자율공시)(종속회사의주요경영사항)               | 2026-07-16: [기재정정]타법인주식및출자증권취득결정(자율공시)(종속회사의주요경영사항)               | 2026-07-13: 주식등의대량보유상황보고서(일반) | 2026-07-06: 현금ㆍ현물배당을위한주주명부폐쇄(기준일)결정(자회사의 주요경영사항)              ,8
보로노이,310210,0,OK,,,,2026-07-08: [기재정정]투자판단관련주요경영사항(임상시험계획변경승인신청)              (VRN110755의 제 1/2상 임상시험) | 2026-07-06: 기업설명회(IR)개최               | 2026-07-03: 임원ㆍ주요주주특정증권등소유상황보고서 | 2026-07-03: 임원ㆍ주요주주특정증권등소유상황보고서 | 2026-07-03: 임원ㆍ주요주주특정증권등소유상황보고서,7
폰드그룹,472850,0,OK,,,,2026-07-24: 주식등의대량보유상황보고서(일반) | 2026-07-16: 주식등의대량보유상황보고서(일반) | 2026-07-13: 신탁계약해지결과보고서 | 2026-07-10: 주요사항보고서(자기주식취득신탁계약해지결정) | 2026-07-07: [기재정정]현금ㆍ현물배당결정              (분기배당),5
세아제강,306200,0,OK,,,,2026-07-23: 최대주주등소유주식변동신고서               | 2026-07-23: 임원ㆍ주요주주특정증권등소유상황보고서 | 2026-07-09: [첨부정정]지속가능경영보고서등관련사항(자율공시)               | 2026-07-01: 주식등의대량보유상황보고서(약식) | 2026-06-30: 지속가능경영보고서등관련사항(자율공시)              ,5
대신증권,003540,0,OK,,,,2026-07-29: 투자설명서(일괄신고) | 2026-07-29: 투자설명서(일괄신고) | 2026-07-29: 투자설명서(일괄신고) | 2026-07-29: 일괄신고추가서류(파생결합사채-주가연계파생결합사채) | 2026-07-29: 일괄신고추가서류(기타파생결합사채),90
피에스케이,319660,0,OK,,,,2026-07-20: 주식등의대량보유상황보고서(약식) | 2026-07-08: 주식등의대량보유상황보고서(약식) | 2026-07-06: 주식등의대량보유상황보고서(일반) | 2026-07-06: 임원ㆍ주요주주특정증권등소유상황보고서 | 2026-07-01: 주식등의대량보유상황보고서(약식),5
꿈비,407400,0,OK,,,,2026-07-28: 주식등의대량보유상황보고서(일반) | 2026-07-24: 임원ㆍ주요주주특정증권등소유상황보고서 | 2026-07-16: 임원ㆍ주요주주특정증권등소유상황보고서 | 2026-07-07: 주식등의대량보유상황보고서(일반) | 2026-07-07: 임원ㆍ주요주주특정증권등소유상황보고서,5
디케이락,105740,0,OK,,,,2026-07-09: 주식등의대량보유상황보고서(약식) | 2026-07-06: 임원ㆍ주요주주특정증권등거래계획보고서 | 2026-07-06: 임원ㆍ주요주주특정증권등거래계획보고서,3
온타이드,005320,0,OK,,,,2026-06-29: 임원ㆍ주요주주특정증권등소유상황보고서 | 2026-06-29: 주식등의대량보유상황보고서(일반) | 2026-06-29: 최대주주등소유주식변동신고서              ,3
엔바이오니아,317870,0,OK,,,,2026-07-21: 주주명부폐쇄기간또는기준일설정               | 2026-07-21: 주주총회소집결의              (임시주주총회) | 2026-07-08: 주식등의대량보유상황보고서(일반) | 2026-07-02: [기재정정]전환가액의조정               | 2026-07-02: 전환가액의조정              ,6
와이엠,007530,0,OK,,,,2026-07-24: 주식등의대량보유상황보고서(일반) | 2026-07-24: 임원ㆍ주요주주특정증권등소유상황보고서 | 2026-07-01: 신탁계약해지결과보고서,3
메리츠증권,008560,0,OK,,,,2026-07-29: 증권발행실적보고서 | 2026-07-29: 투자설명서(일괄신고) | 2026-07-29: 투자설명서(일괄신고) | 2026-07-29: 일괄신고추가서류(파생결합증권-주가연계증권) | 2026-07-29: 일괄신고추가서류(파생결합사채-주가연계파생결합사채),99
아스트,067390,0,OK,,,,2026-07-09: 임시주주총회결과               | 2026-07-08: [기재정정]분기보고서 (2026.03) | 2026-07-07: [기재정정]분기보고서 (2026.03),3
교보16호스팩,482520,0,OK,,,,2026-07-15: 기업인수목적회사의임원선임결정               | 2026-07-15: 주주명부폐쇄기간또는기준일설정               | 2026-07-15: 주주총회소집결의              (임시주주총회),3
엔피케이,048830,0,OK,,,,2026-07-27: 임원ㆍ주요주주특정증권등소유상황보고서 | 2026-07-22: 임원ㆍ주요주주특정증권등소유상황보고서 | 2026-07-22: 임원ㆍ주요주주특정증권등소유상황보고서 | 2026-07-16: 임원ㆍ주요주주특정증권등소유상황보고서 | 2026-07-15: 주요사항보고서(자기주식취득신탁계약체결결정),7
한솔홀딩스,004150,0,🚨 YES,[기재정정]주요사항보고서(유상증자결정)(자회사의 주요경영사항)              ,[기재정정]주식소각결정(자회사의 주요경영사항)              (+5) | 주식소각결정(자회사의 주요경영사항)              (+5) | 주요사항보고서(자기주식취득결정)(자회사의 주요경영사항)              (+5),[기재정정]주요사항보고서(유상증자결정)(자회사의 주요경영사항)              (-15),2026-07-27: [기재정정]주식소각결정(자회사의 주요경영사항)               | 2026-07-24: 최대주주등소유주식변동신고서               | 2026-07-24: 주식등의대량보유상황보고서(일반) | 2026-07-24: 임원ㆍ주요주주특정증권등소유상황보고서 | 2026-07-24: 주식소각결정(자회사의 주요경영사항)              ,9
차이커뮤니케이션,351870,0,OK,,,,2026-07-29: 기업가치제고계획(자율공시)               | 2026-07-16: [기재정정]주식매수선택권부여에관한신고 | 2026-06-30: 임원ㆍ주요주주특정증권등거래계획보고서 | 2026-06-30: 임원ㆍ주요주주특정증권등거래계획보고서 | 2026-06-30: 임원ㆍ주요주주특정증권등거래계획보고서,7
SK이터닉스,475150,0,OK,,,,2026-07-28: 임시주주총회결과               | 2026-07-13: 주주총회소집공고 | 2026-07-13: 주주총회소집결의               | 2026-07-01: 주식등의대량보유상황보고서(약식) | 2026-06-30: [기재정정]투자판단관련주요경영사항              ,6
브이엠,089970,0,OK,,,,2026-07-16: 주식등의대량보유상황보고서(약식) | 2026-07-16: 주식등의대량보유상황보고서(일반) | 2026-07-16: 임원ㆍ주요주주특정증권등소유상황보고서 | 2026-07-10: 임원ㆍ주요주주특정증권등소유상황보고서 | 2026-07-01: 주식등의대량보유상황보고서(약식),5
노을,376930,0,OK,,,,2026-07-29: 주식등의대량보유상황보고서(일반) | 2026-07-29: 임원ㆍ주요주주특정증권등소유상황보고서 | 2026-07-21: 임시주주총회결과               | 2026-07-10: 지속가능경영보고서등관련사항(자율공시)               | 2026-07-03: [기재정정]의결권대리행사권유참고서류,11
LSK아이로봇,091970,0,OK,,,,2026-07-16: 주식등의대량보유상황보고서(일반) | 2026-07-14: 주식등의대량보유상황보고서(약식) | 2026-07-14: 주식등의대량보유상황보고서(약식) | 2026-07-14: 전환사채(해외전환사채포함)발행후만기전사채취득               | 2026-07-10: 주식등의대량보유상황보고서(일반),8
네이블,153460,0,OK,,,,2026-07-27: 장래사업ㆍ경영계획(공정공시)               | 2026-07-06: 임원ㆍ주요주주특정증권등소유상황보고서 | 2026-07-06: 임원ㆍ주요주주특정증권등소유상황보고서,3
구영테크,053270,0,OK,,,,2026-07-15: 주식등의대량보유상황보고서(일반) | 2026-07-15: 임원ㆍ주요주주특정증권등소유상황보고서 | 2026-07-15: 임원ㆍ주요주주특정증권등소유상황보고서,3
에이피알,278470,0,OK,,,,2026-07-27: 기업설명회(IR)개최(안내공시)               | 2026-07-27: 기업설명회(IR)개최(안내공시)               | 2026-07-27: 결산실적공시예고(안내공시)               | 2026-07-16: 현금ㆍ현물배당을위한주주명부폐쇄(기준일)결정               | 2026-07-16: 현금ㆍ현물배당결정              ,6
월덱스,101160,0,OK,,,,2026-07-27: 주요사항보고서(자기주식취득신탁계약체결결정) | 2026-07-13: [기재정정]기업가치제고계획(자율공시)               | 2026-06-29: 임시주주총회결과              ,3
부국증권,001270,0,OK,,,,2026-07-28: 주식등의대량보유상황보고서(일반) | 2026-07-24: 임원ㆍ주요주주특정증권등소유상황보고서 | 2026-07-22: 주식등의대량보유상황보고서(일반) | 2026-07-20: 주식등의대량보유상황보고서(일반) | 2026-07-16: 임원ㆍ주요주주특정증권등소유상황보고서,13
카카오페이,377300,0,OK,,,,2026-07-20: 기업설명회(IR)개최(안내공시)               | 2026-07-20: 기업설명회(IR)개최(안내공시)               | 2026-07-20: 결산실적공시예고(안내공시)               | 2026-06-29: 지속가능경영보고서등관련사항(자율공시)              ,4
대한과학,131220,0,OK,,,,2026-07-21: 주식등의대량보유상황보고서(일반) | 2026-06-30: 주식등의대량보유상황보고서(일반) | 2026-06-30: 임원ㆍ주요주주특정증권등소유상황보고서 | 2026-06-30: 임원ㆍ주요주주특정증권등소유상황보고서,4
모비릭스,348030,0,OK,,,,2026-07-22: 임원ㆍ주요주주특정증권등소유상황보고서 | 2026-07-22: 주식등의대량보유상황보고서(일반) | 2026-07-22: 독립이사의선임ㆍ해임또는중도퇴임에관한신고 | 2026-07-22: 임시주주총회결과               | 2026-07-07: 주주총회소집공고,6
성일하이텍,365340,0,OK,,,,2026-07-23: 임시주주총회결과               | 2026-07-23: 전환가액의조정               | 2026-07-08: 주주총회소집공고,3
가온칩스,399720,0,OK,,,,2026-07-10: 주식등의대량보유상황보고서(약식) | 2026-07-08: 임원ㆍ주요주주특정증권등소유상황보고서 | 2026-07-07: 주식매수선택권행사              ,3
진성티이씨,036890,0,OK,,,,2026-07-06: 주식등의대량보유상황보고서(약식) | 2026-07-02: 임원ㆍ주요주주특정증권등소유상황보고서 | 2026-07-01: 주식등의대량보유상황보고서(약식),3
대동기어,008830,0,OK,,,,2026-07-28: 증권발행실적보고서 | 2026-07-28: 증권발행결과(자율공시)               | 2026-07-27: 유상증자또는주식관련사채등의청약결과(자율공시)               | 2026-07-22: 유상증자또는주식관련사채등의청약결과(자율공시)               | 2026-07-15: [기재정정]투자설명서,12
대덕전자,353200,0,OK,,,,2026-07-20: 신규시설투자등               | 2026-07-20: 주식등의대량보유상황보고서(약식) | 2026-07-16: 기업설명회(IR)개최(안내공시)               | 2026-07-16: 결산실적공시예고(안내공시)               | 2026-07-13: 임원ㆍ주요주주특정증권등소유상황보고서,6
메지온,140410,0,OK,,,,2026-07-28: 임원ㆍ주요주주특정증권등소유상황보고서 | 2026-07-21: 임원ㆍ주요주주특정증권등소유상황보고서 | 2026-07-14: 임원ㆍ주요주주특정증권등소유상황보고서 | 2026-06-30: 임원ㆍ주요주주특정증권등소유상황보고서,4
종근당,185750,0,OK,,,,2026-07-27: 투자판단관련주요경영사항              (고혈압 치료제로 개발중인 CKD339의 식약처(MFDS) 제3상 임상시험 계획 승인) | 2026-07-22: 공정거래자율준수프로그램운영현황(안내공시)               | 2026-07-16: 주식등의대량보유상황보고서(일반) | 2026-07-01: 주식등의대량보유상황보고서(약식) | 2026-06-30: 지속가능경영보고서등관련사항(자율공시)              ,5
코칩,126730,0,OK,,,,2026-07-29: 자기주식처분결과보고서 | 2026-07-20: [기재정정]임원ㆍ주요주주특정증권등소유상황보고서 | 2026-07-16: 임원ㆍ주요주주특정증권등소유상황보고서 | 2026-07-08: 임원ㆍ주요주주특정증권등소유상황보고서,4
신한서부티엔디리츠,404990,0,OK,,,,2026-07-27: 매출액또는손익구조30%(대규모법인은15%)이상변경               | 2026-07-27: 부동산투자회사금전배당결정               | 2026-07-27: 현금ㆍ현물배당을위한주주명부폐쇄(기준일)결정               | 2026-07-23: 임원ㆍ주요주주특정증권등소유상황보고서 | 2026-07-16: 임원ㆍ주요주주특정증권등소유상황보고서,11
인바이츠바이오코아,216400,0,OK,,,,2026-07-29: 주요사항보고서(영업정지) | 2026-07-22: 임원ㆍ주요주주특정증권등소유상황보고서 | 2026-07-16: 주식등의대량보유상황보고서(약식) | 2026-07-09: 주주명부폐쇄기간또는기준일설정              ,4
아가방컴퍼니,013990,0,OK,,,,2026-07-29: 주주총회소집결의              (임시주주총회) | 2026-07-29: 주주명부폐쇄기간또는기준일설정               | 2026-07-24: 주식등의대량보유상황보고서(일반) | 2026-07-24: 임원ㆍ주요주주특정증권등소유상황보고서,4
BGF,027410,0,OK,,,,2026-07-24: [기재정정]대규모기업집단현황공시[연1회공시및1/4분기용(대표회사)] | 2026-07-22: [기재정정]대규모기업집단현황공시[연1회공시및1/4분기용(대표회사)] | 2026-07-21: [기재정정]대규모기업집단현황공시[연1회공시및1/4분기용(대표회사)],3
한국콜마,161890,0,OK,,,,2026-07-27: 최대주주등소유주식변동신고서               | 2026-07-06: 최대주주등소유주식변동신고서               | 2026-07-06: 임원ㆍ주요주주특정증권등소유상황보고서 | 2026-07-06: 기업설명회(IR)개최(안내공시)               | 2026-07-02: 임원ㆍ주요주주특정증권등소유상황보고서,8
경인전자,009140,0,OK,,,,2026-07-16: 주주명부폐쇄기간또는기준일설정               | 2026-07-16: 주주총회소집결의               | 2026-06-30: 임원ㆍ주요주주특정증권등소유상황보고서,3
코스맥스,192820,0,OK,,,,2026-07-09: 주식등의대량보유상황보고서(약식) | 2026-07-02: 임원ㆍ주요주주특정증권등소유상황보고서 | 2026-07-01: 주식등의대량보유상황보고서(약식) | 2026-06-29: 타인에대한채무보증결정              ,4
영풍,000670,0,OK,,,,2026-07-15: [기재정정]회계처리기준위반에따른임원의해임권고조치               | 2026-07-14: 임원ㆍ주요주주특정증권등소유상황보고서 | 2026-07-09: [기재정정]회계처리기준위반에따른임원의해임권고조치               | 2026-07-08: [기재정정]대규모기업집단현황공시[연1회공시및1/4분기용(대표회사)] | 2026-07-03: 주식등의대량보유상황보고서(일반),6
태광,023160,0,OK,,,,2026-07-28: 신탁계약해지결과보고서 | 2026-07-28: 주요사항보고서(자기주식취득신탁계약해지결정) | 2026-07-01: 주식등의대량보유상황보고서(약식),3
파인엠텍,441270,0,OK,,,,2026-07-28: 주식등의대량보유상황보고서(일반) | 2026-07-28: 임원ㆍ주요주주특정증권등소유상황보고서 | 2026-07-01: 주식등의대량보유상황보고서(약식) | 2026-06-29: 전환주식의전환가액조정              (전환우선주),4
베뉴지,019010,0,OK,,,,2026-07-24: 증권발행결과(자율공시)               | 2026-07-20: [기재정정]주요사항보고서(교환사채권발행결정) | 2026-07-16: 주요사항보고서(교환사채권발행결정),3
아남전자,008700,0,OK,,,,2026-07-23: 주요사항보고서(자기주식취득신탁계약체결결정) | 2026-07-23: 주요사항보고서(자기주식취득신탁계약해지결정) | 2026-07-23: 신탁계약해지결과보고서,3
KPX케미칼,025000,0,OK,,,,2026-07-03: 현금ㆍ현물배당결정               | 2026-07-03: 현금ㆍ현물배당을위한주주명부폐쇄(기준일)결정               | 2026-06-30: 독립이사의선임ㆍ해임또는중도퇴임에관한신고,3
팬스타엔터프라이즈,054300,0,OK,,,,2026-07-27: 전환가액의조정               | 2026-07-20: 주식등의대량보유상황보고서(일반) | 2026-07-02: 임원ㆍ주요주주특정증권등거래계획보고서 | 2026-07-02: 임원ㆍ주요주주특정증권등소유상황보고서,4
엔케이,085310,0,OK,,,,2026-07-13: 주요사항보고서(자기주식취득신탁계약체결결정) | 2026-07-10: 임원ㆍ주요주주특정증권등소유상황보고서 | 2026-07-02: 임원ㆍ주요주주특정증권등소유상황보고서,3
모보,051810,0,OK,,,,2026-06-30: 동일인등출자계열회사와의상품ㆍ용역거래 | 2026-06-30: 동일인등출자계열회사와의상품ㆍ용역거래 | 2026-06-30: 동일인등출자계열회사와의상품ㆍ용역거래,3
유아이디,069330,0,OK,,,,2026-07-29: 주식등의대량보유상황보고서(일반) | 2026-07-28: [기재정정]주식등의대량보유상황보고서(일반) | 2026-07-15: 주식등의대량보유상황보고서(일반) | 2026-07-01: 타법인주식및출자증권취득결정(자율공시)              ,4
한국정밀기계,101680,0,OK,,,,2026-07-29: 임원ㆍ주요주주특정증권등소유상황보고서 | 2026-07-21: 주식등의대량보유상황보고서(일반) | 2026-07-21: 임원ㆍ주요주주특정증권등소유상황보고서,3
SK리츠,395400,0,OK,,,,2026-07-23: 임원ㆍ주요주주특정증권등소유상황보고서 | 2026-07-16: 임원ㆍ주요주주특정증권등소유상황보고서 | 2026-07-09: 임원ㆍ주요주주특정증권등소유상황보고서 | 2026-07-02: 임원ㆍ주요주주특정증권등소유상황보고서 | 2026-07-02: 부동산투자회사자금차입              ,5
브이씨,365900,0,OK,,,,2026-07-22: 주식등의대량보유상황보고서(일반) | 2026-07-22: 임원ㆍ주요주주특정증권등소유상황보고서 | 2026-07-13: 주식등의대량보유상황보고서(일반) | 2026-07-13: 임원ㆍ주요주주특정증권등소유상황보고서,4
SK이노베이션,096770,0,OK,,,,2026-07-22: 지주회사의자회사편입               | 2026-07-16: 기업설명회(IR)개최(안내공시)               | 2026-06-30: 특수관계인으로부터부동산임차 | 2026-06-30: 지속가능경영보고서등관련사항(자율공시)              ,4
디아이씨,092200,0,OK,,,,2026-07-13: 최대주주등소유주식변동신고서               | 2026-07-13: 임원ㆍ주요주주특정증권등소유상황보고서 | 2026-07-13: 주식등의대량보유상황보고서(일반),3
현대차증권,001500,0,OK,,,,2026-07-28: 투자설명서(일괄신고) | 2026-07-28: 일괄신고추가서류(파생결합사채-주가연계파생결합사채) | 2026-07-28: 투자설명서(일괄신고) | 2026-07-28: 일괄신고추가서류(기타파생결합사채) | 2026-07-27: 임원ㆍ주요주주특정증권등소유상황보고서,91
HC홈센타,060560,0,OK,,,,2026-07-27: 주식등의대량보유상황보고서(일반) | 2026-07-07: 임원ㆍ주요주주특정증권등소유상황보고서 | 2026-07-03: 주식등의대량보유상황보고서(일반) | 2026-06-30: 임원ㆍ주요주주특정증권등소유상황보고서,4
SK가스,018670,0,OK,,,,2026-07-15: 현금ㆍ현물배당을위한주주명부폐쇄(기준일)결정               | 2026-07-15: 현금ㆍ현물배당결정               | 2026-07-15: 타인에대한채무보증결정               | 2026-06-29: [기재정정]타법인주식및출자증권처분결정(종속회사의주요경영사항)              ,4
HC보광산업,225530,0,OK,,,,2026-07-27: 주식등의대량보유상황보고서(일반) | 2026-07-16: 임원ㆍ주요주주특정증권등소유상황보고서 | 2026-07-08: [기재정정]주식등의대량보유상황보고서(일반) | 2026-07-08: [기재정정]주식등의대량보유상황보고서(일반) | 2026-07-08: [기재정정]주식등의대량보유상황보고서(일반),7
랩지노믹스,084650,0,OK,,,,2026-07-24: 의결권대리행사권유참고서류 | 2026-07-24: 주주총회소집공고 | 2026-07-14: 임원ㆍ주요주주특정증권등소유상황보고서 | 2026-07-14: 주식등의대량보유상황보고서(일반) | 2026-06-29: 주식병합결정              ,7
에스트래픽,234300,1,OK,,[첨부정정]주요사항보고서(회사합병결정)(+3) | 주요사항보고서(회사합병결정)(+3),[기재정정]최대주주변경을수반하는주식담보제공계약체결              (-5),2026-07-28: 임원ㆍ주요주주특정증권등소유상황보고서 | 2026-07-23: 주식등의대량보유상황보고서(일반) | 2026-07-23: [기재정정]최대주주변경을수반하는주식담보제공계약체결               | 2026-07-15: 임원ㆍ주요주주특정증권등소유상황보고서 | 2026-07-14: 임원ㆍ주요주주특정증권등소유상황보고서,11
동국제강,460860,3,OK,,영업(잠정)실적(공정공시)              (+3),,2026-07-24: 영업(잠정)실적(공정공시)               | 2026-07-22: 특수관계인과의수익증권거래 | 2026-07-01: 주식등의대량보유상황보고서(약식) | 2026-06-30: 지속가능경영보고서등관련사항(자율공시)              ,4
에코마케팅,230360,3,OK,,주요사항보고서(회사합병결정)(+3),,2026-07-20: 주요사항보고서(주식교환ㆍ이전결정) | 2026-07-20: 주요사항보고서(회사합병결정),2
HD현대마린솔루션,443060,3,OK,,연결재무제표기준영업(잠정)실적(공정공시)              (+3),,2026-07-27: 현금ㆍ현물배당결정               | 2026-07-27: 현금ㆍ현물배당을위한주주명부폐쇄(기준일)결정               | 2026-07-27: 연결재무제표기준영업(잠정)실적(공정공시)               | 2026-07-20: 기업설명회(IR)개최(안내공시)               | 2026-07-09: 주식등의대량보유상황보고서(약식),6
엘컴텍,037950,3,OK,,연결재무제표기준영업(잠정)실적(공정공시)              (+3),,2026-07-29: 연결재무제표기준영업(잠정)실적(공정공시)               | 2026-07-22: 임원ㆍ주요주주특정증권등소유상황보고서 | 2026-07-15: 임원ㆍ주요주주특정증권등소유상황보고서 | 2026-07-07: 임원ㆍ주요주주특정증권등소유상황보고서 | 2026-06-29: 주식등의대량보유상황보고서(일반),6
캠시스,050110,3,OK,,연결재무제표기준영업(잠정)실적(공정공시)              (+3),,2026-07-27: 임원ㆍ주요주주특정증권등소유상황보고서 | 2026-07-20: 의결권대리행사권유참고서류 | 2026-07-20: 주주총회소집공고 | 2026-07-14: 연결재무제표기준영업(잠정)실적(공정공시)               | 2026-07-01: 주주총회소집결의              (임시주주총회),7
환인제약,016580,3,OK,,연결재무제표기준영업(잠정)실적(공정공시)              (+3),,2026-07-29: 연결재무제표기준영업(잠정)실적(공정공시)              ,1
NH투자증권,005940,3,OK,,연결재무제표기준영업(잠정)실적(공정공시)              (+3),,2026-07-29: 투자설명서(일괄신고) | 2026-07-29: 일괄신고추가서류(파생결합증권-주가연계증권) | 2026-07-29: 투자설명서(일괄신고) | 2026-07-29: 투자설명서(일괄신고) | 2026-07-29: 일괄신고추가서류(파생결합증권-주가연계증권),100
한솔테크닉스,004710,3,🚨 YES,[기재정정]주요사항보고서(유상증자결정),[기재정정]주식소각결정              (+5) | 연결재무제표기준영업(잠정)실적(공정공시)              (+3) | 주식소각결정              (+5) | 주요사항보고서(자기주식취득결정)(+5),[기재정정]주요사항보고서(유상증자결정)(-15),2026-07-29: 주식등의대량보유상황보고서(일반) | 2026-07-29: 임원ㆍ주요주주특정증권등소유상황보고서 | 2026-07-28: 자기주식취득결과보고서 | 2026-07-27: [기재정정]주식소각결정               | 2026-07-27: 연결재무제표기준영업(잠정)실적(공정공시)              ,27
교보15호스팩,465320,3,OK,,[기재정정]주요사항보고서(회사합병결정)(+3),,2026-07-14: [기재정정]주요사항보고서(회사합병결정),1
두산밥캣,241560,3,OK,,연결재무제표기준영업(잠정)실적(공정공시)              (+3),,2026-07-24: 주식등의대량보유상황보고서(일반) | 2026-07-24: 감사보고서제출(자회사의 주요경영사항)               | 2026-07-23: 현금ㆍ현물배당을위한주주명부폐쇄(기준일)결정               | 2026-07-23: 현금ㆍ현물배당결정               | 2026-07-23: 연결재무제표기준영업(잠정)실적(공정공시)              ,12
엔비티,236810,3,OK,,연결재무제표기준영업(잠정)실적(공정공시)              (+3),,2026-07-29: 연결재무제표기준영업(잠정)실적(공정공시)               | 2026-07-24: [기재정정]주주총회소집결의              (임시주주총회) | 2026-07-16: 주식등의대량보유상황보고서(일반) | 2026-07-15: 기업가치제고계획예고               | 2026-07-06: 영업실적등에대한전망(공정공시)              ,7
코스텍시스,355150,3,OK,,영업(잠정)실적(공정공시)              (+3),,2026-07-28: 영업(잠정)실적(공정공시)              ,1
메카로,241770,3,OK,,연결재무제표기준영업(잠정)실적(공정공시)              (+3),,2026-07-15: 주요사항보고서(타법인주식및출자증권양수결정) | 2026-07-14: 연결재무제표기준영업(잠정)실적(공정공시)              ,2
동일스틸럭스,023790,3,OK,,영업(잠정)실적(공정공시)              (+3),,2026-07-21: 영업(잠정)실적(공정공시)               | 2026-07-20: 조회공시요구(현저한시황변동)에대한답변(미확정)               | 2026-07-16: 조회공시요구(현저한시황변동)              ,3
파라다이스,034230,3,OK,,연결재무제표기준영업(잠정)실적(공정공시)              (+3),,2026-07-24: 최대주주등소유주식변동신고서               | 2026-07-24: 임원ㆍ주요주주특정증권등소유상황보고서 | 2026-07-23: 임원ㆍ주요주주특정증권등소유상황보고서 | 2026-07-22: 공정거래자율준수프로그램운영현황(안내공시)               | 2026-07-02: 연결재무제표기준영업(잠정)실적(공정공시)              ,8
한솔아이원스,114810,3,OK,,연결재무제표기준영업(잠정)실적(공정공시)              (+3),,2026-07-24: [기재정정]특수관계인에대한자금대여 | 2026-07-23: 연결재무제표기준영업(잠정)실적(공정공시)               | 2026-07-01: 주식등의대량보유상황보고서(약식),3
메쥬,0088M0,3,OK,,영업(잠정)실적(공정공시)              (+3),,2026-07-29: 영업(잠정)실적(공정공시)              ,1
율촌,146060,3,OK,,[기재정정]유형자산취득결정(종속회사의주요경영사항)              (+3),,2026-07-07: 주요사항보고서(자기주식취득신탁계약체결결정) | 2026-06-30: [기재정정]유형자산취득결정(종속회사의주요경영사항)              ,2
아리바이오홀딩스,290690,3,OK,,[기재정정]주요사항보고서(회사합병결정)(+3),,2026-07-16: [기재정정]주요사항보고서(회사합병결정) | 2026-07-16: [기재정정]주주명부폐쇄기간또는기준일설정               | 2026-07-16: [기재정정]주주총회소집결의              (임시주주총회) | 2026-07-16: 주식등의대량보유상황보고서(일반) | 2026-07-02: 정정신고서제출요구( 2026.06.23. 제출 증권신고서(합병) ),9
신세계,004170,3,OK,,영업(잠정)실적(공정공시)              (+3),,2026-07-21: 지속가능경영보고서등관련사항(자율공시)               | 2026-07-09: 영업(잠정)실적(공정공시)               | 2026-07-02: 임원ㆍ주요주주특정증권등소유상황보고서,3
프로티아,303360,3,OK,,영업(잠정)실적(공정공시)              (+3),,2026-07-15: 영업(잠정)실적(공정공시)              ,1
한일홀딩스,003300,3,OK,,유형자산취득결정              (+3),,2026-07-13: 최대주주등소유주식변동신고서               | 2026-07-13: 임원ㆍ주요주주특정증권등소유상황보고서 | 2026-07-08: 유형자산취득결정               | 2026-06-30: 지속가능경영보고서등관련사항(자율공시)               | 2026-06-29: 최대주주등소유주식변동신고서              ,6
LG이노텍,011070,3,OK,,연결재무제표기준영업(잠정)실적(공정공시)              (+3),,2026-07-27: 연결재무제표기준영업(잠정)실적(공정공시)               | 2026-07-24: 최대주주등소유주식변동신고서               | 2026-07-24: 주식등의대량보유상황보고서(일반) | 2026-07-24: 임원ㆍ주요주주특정증권등소유상황보고서 | 2026-07-22: 임원ㆍ주요주주특정증권등소유상황보고서,12
동양생명,082640,3,OK,,연결재무제표기준영업(잠정)실적(공정공시)              (+3),,2026-07-27: 연결재무제표기준영업(잠정)실적(공정공시)               | 2026-07-24: 임시주주총회결과               | 2026-07-16: 주주총회소집공고 | 2026-07-15: 기업설명회(IR)개최(안내공시)               | 2026-07-03: [기재정정]주요사항보고서(주식교환ㆍ이전결정),5
메타랩스,090370,3,OK,,회사합병결정(종속회사의주요경영사항)              (+3),,2026-07-29: 회사합병결정(종속회사의주요경영사항)               | 2026-06-29: 타법인주식및출자증권취득결정(자율공시)(종속회사의주요경영사항)              ,2
동아에스티,170900,3,OK,,영업(잠정)실적(공정공시)              (+3),,2026-07-28: 기업설명회(IR)개최(안내공시)               | 2026-07-27: 영업(잠정)실적(공정공시)               | 2026-07-23: 기업설명회(IR)개최(안내공시)               | 2026-07-23: 결산실적공시예고(안내공시)               | 2026-07-01: 주식등의대량보유상황보고서(약식),5
두산,000150,3,OK,,연결재무제표기준영업(잠정)실적(공정공시)              (+3),,2026-07-27: 연결재무제표기준영업(잠정)실적(공정공시)               | 2026-07-23: 현금ㆍ현물배당을위한주주명부폐쇄(기준일)결정               | 2026-07-23: 현금ㆍ현물배당결정               | 2026-07-15: 기업설명회(IR)개최(안내공시)               | 2026-07-15: 기업설명회(IR)개최(안내공시)              ,7
대웅제약,069620,3,OK,,영업(잠정)실적(공정공시)              (+3),,2026-07-29: 영업(잠정)실적(공정공시)               | 2026-07-28: 주주총회소집결의               | 2026-07-28: 주주명부폐쇄기간또는기준일설정               | 2026-07-10: 투자판단관련주요경영사항              (펙수클루정(Fexuclue)의 적응증 추가 국내 3상 임상시험계획(IND) 승인(미란성 위식도역류질환 치료 후 유지요법)) | 2026-07-07: 임원ㆍ주요주주특정증권등소유상황보고서,7
송원산업,004430,3,OK,,연결재무제표기준영업(잠정)실적(공정공시)              (+3),,2026-07-29: 연결재무제표기준영업(잠정)실적(공정공시)              ,1
바이오포트,188040,3,OK,,연결재무제표기준영업(잠정)실적(공정공시)              (+3),,2026-07-27: 수시공시의무관련사항(공정공시)               | 2026-07-27: 연결재무제표기준영업(잠정)실적(공정공시)               | 2026-07-16: 주식등의대량보유상황보고서(일반) | 2026-07-16: 임원ㆍ주요주주특정증권등소유상황보고서 | 2026-07-16: 임원ㆍ주요주주특정증권등소유상황보고서,8
LG디스플레이,034220,3,OK,,연결재무제표기준영업(잠정)실적(공정공시)              (+3),,2026-07-28: [기재정정]영업양도결정(종속회사의주요경영사항)               | 2026-07-24: 임원ㆍ주요주주특정증권등소유상황보고서 | 2026-07-23: 기업설명회(IR)개최(안내공시)               | 2026-07-22: 연결재무제표기준영업(잠정)실적(공정공시)               | 2026-07-03: 임원ㆍ주요주주특정증권등소유상황보고서,8
세아메카닉스,396300,3,OK,,영업(잠정)실적(공정공시)              (+3),,2026-07-28: 영업(잠정)실적(공정공시)               | 2026-07-14: 임원ㆍ주요주주특정증권등소유상황보고서 | 2026-07-13: 주주총회소집결의              (임시주주총회) | 2026-07-13: 주주명부폐쇄기간또는기준일설정              ,4
기업은행,024110,3,OK,,연결재무제표기준영업(잠정)실적(공정공시)              (+3),,2026-07-27: 연결재무제표기준영업(잠정)실적(공정공시)               | 2026-07-21: 임원ㆍ주요주주특정증권등소유상황보고서 | 2026-07-20: 결산실적공시예고(안내공시)               | 2026-07-13: 현금ㆍ현물배당결정              ,4
코렌텍,104540,3,OK,,연결재무제표기준영업(잠정)실적(공정공시)              (+3),,2026-07-24: 연결재무제표기준영업(잠정)실적(공정공시)              ,1
국도화학,007690,3,OK,,연결재무제표기준영업(잠정)실적(공정공시)              (+3),,2026-07-27: 기업설명회(IR)개최(안내공시)               | 2026-07-23: 연결재무제표기준영업(잠정)실적(공정공시)               | 2026-07-01: 주식등의대량보유상황보고서(약식) | 2026-07-01: 임원ㆍ주요주주특정증권등소유상황보고서,4
RFHIC,218410,3,OK,,연결재무제표기준영업(잠정)실적(공정공시)              (+3),,2026-07-27: 주주총회소집공고 | 2026-07-27: 연결재무제표기준영업(잠정)실적(공정공시)               | 2026-07-21: 주식등의대량보유상황보고서(약식) | 2026-07-02: 주주총회소집결의              (임시주주총회) | 2026-07-02: 주주명부폐쇄기간또는기준일설정              ,6
RF시스템즈,474610,3,OK,,영업(잠정)실적(공정공시)              (+3),,2026-07-27: 영업(잠정)실적(공정공시)               | 2026-07-13: 임원ㆍ주요주주특정증권등소유상황보고서 | 2026-06-30: 임원ㆍ주요주주특정증권등거래계획보고서,3
블루엠텍,439580,3,OK,,연결재무제표기준영업(잠정)실적(공정공시)              (+3),,2026-07-27: 연결재무제표기준영업(잠정)실적(공정공시)               | 2026-07-15: 신주인수권부사채(해외신주인수권부사채포함)발행후만기전사채취득              (제3회차) | 2026-07-14: 주식등의대량보유상황보고서(약식) | 2026-07-13: 주식등의대량보유상황보고서(약식) | 2026-07-10: 증권발행결과(자율공시)              (제4회차 BW),7
부광약품,003000,3,OK,,연결재무제표기준영업(잠정)실적(공정공시)              (+3),,2026-07-21: 연결재무제표기준영업(잠정)실적(공정공시)               | 2026-07-15: 기업설명회(IR)개최(안내공시)              ,2
한솔로지스틱스,009180,3,OK,,연결재무제표기준영업(잠정)실적(공정공시)              (+3),,2026-07-29: 연결재무제표기준영업(잠정)실적(공정공시)               | 2026-06-30: 타인에대한채무보증결정              ,2
SKC,011790,3,OK,,연결재무제표기준영업(잠정)실적(공정공시)              (+3),,2026-07-27: 연결재무제표기준영업(잠정)실적(공정공시)               | 2026-07-20: 기업설명회(IR)개최(안내공시)               | 2026-07-20: 기업설명회(IR)개최(안내공시)               | 2026-07-20: 결산실적공시예고(안내공시)               | 2026-07-01: 주식등의대량보유상황보고서(약식),6
광주신세계,037710,3,OK,,영업(잠정)실적(공정공시)              (+3),,2026-07-09: 영업(잠정)실적(공정공시)              ,1
보락,002760,3,OK,,영업(잠정)실적(공정공시)              (+3),,2026-07-29: 영업(잠정)실적(공정공시)               | 2026-07-20: [기재정정]분기보고서 (2025.09) | 2026-07-09: 임원ㆍ주요주주특정증권등소유상황보고서 | 2026-07-06: 주요사항보고서(자기주식취득신탁계약체결결정),4
비씨엔씨,146320,3,OK,,영업(잠정)실적(공정공시)              (+3),,2026-07-27: 영업(잠정)실적(공정공시)               | 2026-07-08: 합병등종료보고서(합병),2
엘디티,096870,3,OK,,영업(잠정)실적(공정공시)              (+3),,2026-07-29: 영업(잠정)실적(공정공시)               | 2026-07-29: 임원ㆍ주요주주특정증권등소유상황보고서 | 2026-07-23: 임원ㆍ주요주주특정증권등소유상황보고서 | 2026-07-21: [기재정정]주주총회소집결의              (임시주주총회) | 2026-07-21: 주식등의대량보유상황보고서(일반),14
에프앤가이드,064850,3,OK,,연결재무제표기준영업(잠정)실적(공정공시)              (+3),,2026-07-21: 연결재무제표기준영업(잠정)실적(공정공시)               | 2026-07-06: 대표이사변경              ,2
씨앤투스,352700,3,OK,,[첨부정정]주요사항보고서(회사합병결정)(+3),,2026-07-28: 임원ㆍ주요주주특정증권등소유상황보고서 | 2026-07-28: 주식등의대량보유상황보고서(일반) | 2026-07-09: 임원ㆍ주요주주특정증권등소유상황보고서 | 2026-07-09: 주식등의대량보유상황보고서(일반) | 2026-07-02: 임원ㆍ주요주주특정증권등소유상황보고서,7
고영,098460,3,OK,,연결재무제표기준영업(잠정)실적(공정공시)              (+3),,2026-07-28: 연결재무제표기준영업(잠정)실적(공정공시)               | 2026-07-23: 주식등의대량보유상황보고서(일반) | 2026-07-21: 기업설명회(IR)개최               | 2026-07-21: 기업설명회(IR)개최              ,4
동국씨엠,460850,3,OK,,영업(잠정)실적(공정공시)              (+3),,2026-07-24: 영업(잠정)실적(공정공시)               | 2026-07-23: [기재정정]특수관계인과의수익증권거래 | 2026-07-22: 특수관계인과의수익증권거래 | 2026-06-30: 지속가능경영보고서등관련사항(자율공시)              ,4
해성디에스,195870,3,OK,,연결재무제표기준영업(잠정)실적(공정공시)              (+3),,2026-07-29: 연결재무제표기준영업(잠정)실적(공정공시)               | 2026-07-01: 주식등의대량보유상황보고서(약식) | 2026-07-01: 지속가능경영보고서등관련사항(자율공시)              ,3
엔켐,348370,3,OK,,회사합병결정(종속회사의주요경영사항)              (+3),,2026-07-24: [기재정정]주요사항보고서(자기전환사채매도결정) | 2026-07-24: [기재정정]주요사항보고서(자기전환사채매도결정) | 2026-07-24: [기재정정]주요사항보고서(자기전환사채매도결정) | 2026-07-15: 타법인주식및출자증권취득결정               | 2026-07-15: 주요사항보고서(타법인주식및출자증권양도결정),11
삼성카드,029780,3,OK,,연결재무제표기준영업(잠정)실적(공정공시)              (+3),,2026-07-28: 특수관계인과의수익증권거래 | 2026-07-27: 연결재무제표기준영업(잠정)실적(공정공시)               | 2026-07-24: 특수관계인과의보험거래 | 2026-07-23: 증권발행실적보고서 | 2026-07-22: 투자설명서(일괄신고),16
LG에너지솔루션,373220,3,OK,,연결재무제표기준영업(잠정)실적(공정공시)              (+3),,2026-07-28: 임원ㆍ주요주주특정증권등소유상황보고서 | 2026-07-24: 임원ㆍ주요주주특정증권등소유상황보고서 | 2026-07-07: 기업설명회(IR)개최(안내공시)               | 2026-07-07: 연결재무제표기준영업(잠정)실적(공정공시)               | 2026-06-29: 지속가능경영보고서등관련사항(자율공시)              ,5
LG전자,066570,3,OK,,연결재무제표기준영업(잠정)실적(공정공시)              (+3),,2026-07-29: 주요사항보고서(자기주식취득신탁계약해지결정) | 2026-07-29: 신탁계약해지결과보고서 | 2026-07-29: 현금ㆍ현물배당을위한주주명부폐쇄(기준일)결정               | 2026-07-29: 현금ㆍ현물배당결정               | 2026-07-28: 동일인등출자계열회사와의상품ㆍ용역거래변경,9
한진,002320,3,OK,,연결재무제표기준영업(잠정)실적(공정공시)              (+3),,2026-07-27: 최대주주등소유주식변동신고서               | 2026-07-24: 전환가액ㆍ신주인수권행사가액ㆍ교환가액의조정(안내공시)               | 2026-07-23: 증권발행실적보고서 | 2026-07-23: 투자설명서 | 2026-07-22: [발행조건확정]증권신고서(채무증권),13
야스,255440,3,OK,,영업(잠정)실적(공정공시)              (+3),,2026-07-29: 영업(잠정)실적(공정공시)               | 2026-07-20: 주식등의대량보유상황보고서(일반) | 2026-07-07: 주식등의대량보유상황보고서(일반) | 2026-06-29: 주식등의대량보유상황보고서(일반),4
세나테크놀로지,061090,3,OK,,연결재무제표기준영업(잠정)실적(공정공시)              (+3),,2026-07-20: 기업설명회(IR)개최               | 2026-07-14: 기업설명회(IR)개최               | 2026-07-10: 연결재무제표기준영업(잠정)실적(공정공시)               | 2026-06-30: 결산실적공시예고              ,4
HK이노엔,195940,3,OK,,영업(잠정)실적(공정공시)              (+3),,2026-07-29: 기업설명회(IR)개최               | 2026-07-29: 기업설명회(IR)개최               | 2026-07-29: 영업(잠정)실적(공정공시)               | 2026-07-27: 의결권대리행사권유참고서류 | 2026-07-27: 주주총회소집공고,11
LG생활건강,051900,3,OK,,연결재무제표기준영업(잠정)실적(공정공시)              (+3),,2026-07-29: 현금ㆍ현물배당을위한주주명부폐쇄(기준일)결정               | 2026-07-29: 현금ㆍ현물배당결정               | 2026-07-29: 연결재무제표기준영업(잠정)실적(공정공시)               | 2026-07-15: 결산실적공시예고(안내공시)               | 2026-07-15: 기업설명회(IR)개최(안내공시)              ,6
제주은행,006220,3,OK,,연결재무제표기준영업(잠정)실적(공정공시)              (+3),,2026-07-22: 연결재무제표기준영업(잠정)실적(공정공시)               | 2026-07-21: 불성실공시법인지정               | 2026-07-15: 결산실적공시예고(안내공시)               | 2026-07-02: 불성실공시법인지정예고               | 2026-07-01: 주요사항보고서(상각형조건부자본증권발행결정),5
한올바이오파마,009420,3,OK,,연결재무제표기준영업(잠정)실적(공정공시)              (+3),,2026-07-29: 연결재무제표기준영업(잠정)실적(공정공시)               | 2026-07-22: [기재정정]투자판단관련주요경영사항               | 2026-07-22: 투자판단관련주요경영사항               | 2026-07-02: 임원ㆍ주요주주특정증권등소유상황보고서 | 2026-07-01: 주식등의대량보유상황보고서(약식),6
ISC,095340,3,OK,,연결재무제표기준영업(잠정)실적(공정공시)              (+3),,2026-07-27: 연결재무제표기준영업(잠정)실적(공정공시)               | 2026-07-23: 주식등의대량보유상황보고서(약식) | 2026-07-06: 주식등의대량보유상황보고서(약식) | 2026-07-03: 기업설명회(IR)개최               | 2026-07-03: 기업설명회(IR)개최              ,6
서울반도체,046890,3,OK,,연결재무제표기준영업(잠정)실적(공정공시)              (+3),,2026-07-13: 연결재무제표기준영업(잠정)실적(공정공시)              ,1
서울바이오시스,092190,3,OK,,연결재무제표기준영업(잠정)실적(공정공시)              (+3),,2026-07-13: 연결재무제표기준영업(잠정)실적(공정공시)              ,1
파라택시스이더리움,290560,3,OK,,[기재정정]주요사항보고서(회사합병결정)(+3),,2026-07-20: 주주명부폐쇄기간또는기준일설정               | 2026-07-20: 주주총회소집결의              (임시주주총회) | 2026-07-20: [기재정정]주요사항보고서(회사합병결정) | 2026-07-20: [기재정정]주주총회소집결의               | 2026-07-20: 주주총회소집공고,5
한중엔시에스,107640,3,OK,,주요사항보고서(회사합병결정)(+3),,2026-07-29: 주주명부폐쇄기간또는기준일설정               | 2026-07-29: 주요사항보고서(회사합병결정) | 2026-07-29: 주식등의대량보유상황보고서(일반) | 2026-07-24: 임원ㆍ주요주주특정증권등소유상황보고서 | 2026-07-24: 주식등의대량보유상황보고서(일반),14
기산텔레콤,035460,3,OK,,[기재정정]유형자산취득결정              (+3),,2026-06-30: [기재정정]유형자산취득결정              ,1
LX세미콘,108320,3,OK,,연결재무제표기준영업(잠정)실적(공정공시)              (+3),,2026-07-24: 연결재무제표기준영업(잠정)실적(공정공시)               | 2026-07-15: 기업설명회(IR)개최(안내공시)               | 2026-07-15: 결산실적공시예고(안내공시)               | 2026-07-01: 주식등의대량보유상황보고서(약식) | 2026-06-30: 지속가능경영보고서등관련사항(자율공시)              ,5
케이프,064820,3,OK,,[첨부추가]주요사항보고서(회사합병결정)(+3),,2026-07-15: [첨부추가]주요사항보고서(회사합병결정) | 2026-07-15: 주주명부폐쇄기간또는기준일설정              ,2
두산로보틱스,454910,3,OK,,연결재무제표기준영업(잠정)실적(공정공시)              (+3),,2026-07-15: [첨부추가]기업설명회(IR)개최(안내공시)               | 2026-07-24: 연결재무제표기준영업(잠정)실적(공정공시)               | 2026-07-15: 결산실적공시예고(안내공시)              ,3
칩스앤미디어,094360,3,OK,,연결재무제표기준영업(잠정)실적(공정공시)              (+3),,2026-07-28: 연결재무제표기준영업(잠정)실적(공정공시)               | 2026-07-23: 기업설명회(IR)개최              ,2
화인베스틸,133820,3,OK,,영업(잠정)실적(공정공시)              (+3),,2026-07-21: 영업(잠정)실적(공정공시)              ,1
NI스틸,008260,3,OK,,영업(잠정)실적(공정공시)              (+3),,2026-07-27: 영업(잠정)실적(공정공시)               | 2026-07-20: [기재정정]현금ㆍ현물배당결정               | 2026-07-20: 현금ㆍ현물배당결정              ,3
롯데관광개발,032350,3,OK,,연결재무제표기준영업(잠정)실적(공정공시)              (+3),,2026-07-27: 주주명부폐쇄기간또는기준일설정               | 2026-07-24: 주식등의대량보유상황보고서(일반) | 2026-07-23: 임원ㆍ주요주주특정증권등소유상황보고서 | 2026-07-13: 임원ㆍ주요주주특정증권등소유상황보고서 | 2026-07-03: 주식등의대량보유상황보고서(일반),8
현대코퍼레이션,011760,3,OK,,연결재무제표기준영업(잠정)실적(공정공시)              (+3),,2026-07-29: 연결재무제표기준영업(잠정)실적(공정공시)               | 2026-07-20: 타인에대한채무보증결정               | 2026-07-03: 타인에대한채무보증결정              ,3
현대위아,011210,3,OK,,연결재무제표기준영업(잠정)실적(공정공시)              (+3),,2026-07-24: 약관에의한금융거래시계열금융회사의거래상대방의공시 | 2026-07-24: 공정거래자율준수프로그램운영현황(안내공시)               | 2026-07-24: 연결재무제표기준영업(잠정)실적(공정공시)               | 2026-07-20: 기업설명회(IR)개최(안내공시)               | 2026-07-20: 기업설명회(IR)개최(안내공시)              ,8
에스티팜,237690,3,OK,,연결재무제표기준영업(잠정)실적(공정공시)              (+3),,2026-07-27: 기업설명회(IR)개최               | 2026-07-27: 연결재무제표기준영업(잠정)실적(공정공시)               | 2026-07-23: 기업설명회(IR)개최               | 2026-07-23: 결산실적공시예고               | 2026-07-14: 투자판단관련주요경영사항(임상시험결과)              (HIV-1 치료제 STP0404 임상 2a상 임상시험 탑라인 결과),5
OCI,456040,3,OK,,연결재무제표기준영업(잠정)실적(공정공시)              (+3),,2026-07-22: 연결재무제표기준영업(잠정)실적(공정공시)               | 2026-07-16: [기재정정]타법인주식및출자증권취득결정               | 2026-07-02: 기업설명회(IR)개최(안내공시)               | 2026-07-01: 주식등의대량보유상황보고서(약식) | 2026-06-29: [기재정정]타법인주식및출자증권취득결정              ,5
한국가스공사,036460,3,OK,,영업(잠정)실적(공정공시)              (+3),,2026-07-29: 대표이사(대표집행임원)변경(안내공시)               | 2026-07-23: 임시주주총회결과               | 2026-07-16: 주주명부폐쇄기간또는기준일설정               | 2026-07-09: 영업(잠정)실적(공정공시)               | 2026-07-08: 의결권대리행사권유참고서류,7
멀티캠퍼스,067280,3,OK,,연결재무제표기준영업(잠정)실적(공정공시)              (+3),,2026-07-23: 연결재무제표기준영업(잠정)실적(공정공시)              ,1
SGC E&C,016250,3,OK,,연결재무제표기준영업(잠정)실적(공정공시)              (+3),,2026-07-23: 연결재무제표기준영업(잠정)실적(공정공시)               | 2026-07-06: [기재정정]주요사항보고서(영업정지),2
HDC랩스,039570,3,OK,,연결재무제표기준영업(잠정)실적(공정공시)              (+3),,2026-07-27: 연결재무제표기준영업(잠정)실적(공정공시)               | 2026-07-15: 결산실적공시예고(안내공시)              ,2
하이브,352820,3,OK,,연결재무제표기준영업(잠정)실적(공정공시)              (+3),,2026-07-28: 연결재무제표기준영업(잠정)실적(공정공시)               | 2026-07-13: 기업설명회(IR)개최(안내공시)               | 2026-06-30: 동일인등출자계열회사와의상품ㆍ용역거래변경 | 2026-06-30: 동일인등출자계열회사와의상품ㆍ용역거래변경 | 2026-06-30: 지속가능경영보고서등관련사항(자율공시)              ,5
FSN,214270,3,OK,,연결재무제표기준영업(잠정)실적(공정공시)              (+3),,2026-07-29: 연결재무제표기준영업(잠정)실적(공정공시)               | 2026-07-16: 임원ㆍ주요주주특정증권등소유상황보고서 | 2026-07-16: 임원ㆍ주요주주특정증권등소유상황보고서 | 2026-07-16: 주식등의대량보유상황보고서(일반) | 2026-06-29: 임원ㆍ주요주주특정증권등소유상황보고서,8
HD현대에너지솔루션,322000,3,OK,,연결재무제표기준영업(잠정)실적(공정공시)              (+3),,2026-07-24: 연결재무제표기준영업(잠정)실적(공정공시)               | 2026-07-01: 주식등의대량보유상황보고서(약식) | 2026-06-30: 지속가능경영보고서등관련사항(자율공시)              ,3
넥센타이어,002350,3,OK,,연결재무제표기준영업(잠정)실적(공정공시)              (+3),,2026-07-29: 연결재무제표기준영업(잠정)실적(공정공시)               | 2026-07-15: 기업설명회(IR)개최(안내공시)               | 2026-07-13: 타인에대한채무보증결정               | 2026-07-07: 임원ㆍ주요주주특정증권등거래계획보고서 | 2026-06-30: 지속가능경영보고서등관련사항(자율공시)              ,5
HD현대일렉트릭,267260,3,OK,,연결재무제표기준영업(잠정)실적(공정공시)              (+3),,2026-07-28: 임원ㆍ주요주주특정증권등소유상황보고서 | 2026-07-28: 현금ㆍ현물배당을위한주주명부폐쇄(기준일)결정               | 2026-07-28: 현금ㆍ현물배당결정               | 2026-07-28: 연결재무제표기준영업(잠정)실적(공정공시)               | 2026-07-23: 최대주주등소유주식변동신고서              ,14
HDC현대EP,089470,3,OK,,연결재무제표기준영업(잠정)실적(공정공시)              (+3),,2026-07-28: 연결재무제표기준영업(잠정)실적(공정공시)               | 2026-07-23: 결산실적공시예고(안내공시)              ,2
S&K폴리텍,091340,3,OK,,[첨부추가]주요사항보고서(회사합병결정)(+3),,2026-07-13: [첨부추가]주요사항보고서(회사합병결정) | 2026-07-15: 주주명부폐쇄기간또는기준일설정              ,2
에어부산,298690,3,OK,,영업(잠정)실적(공정공시)              (+3),,2026-07-28: 주식등의대량보유상황보고서(약식) | 2026-07-27: 단기차입금증가결정               | 2026-07-27: 영업(잠정)실적(공정공시)              ,3
주성엔지니어링,036930,3,OK,,연결재무제표기준영업(잠정)실적(공정공시)              (+3),,2026-07-29: 연결재무제표기준영업(잠정)실적(공정공시)               | 2026-07-07: 주식등의대량보유상황보고서(약식) | 2026-07-06: 주식등의대량보유상황보고서(약식),3
아이센스,099190,3,OK,,연결재무제표기준영업(잠정)실적(공정공시)              (+3),,2026-07-27: 연결재무제표기준영업(잠정)실적(공정공시)               | 2026-07-21: 임원ㆍ주요주주특정증권등소유상황보고서 | 2026-06-30: 임원ㆍ주요주주특정증권등소유상황보고서,3
현대글로비스,086280,3,OK,,연결재무제표기준영업(잠정)실적(공정공시)              (+3),,2026-07-23: 연결재무제표기준영업(잠정)실적(공정공시)               | 2026-07-23: 약관에의한금융거래시계열금융회사의거래상대방의공시 | 2026-07-23: 공정거래자율준수프로그램운영현황(안내공시)               | 2026-07-16: 기업설명회(IR)개최(안내공시)               | 2026-07-16: 기업설명회(IR)개최(안내공시)              ,6
코나아이,052400,3,OK,,연결재무제표기준영업(잠정)실적(공정공시)              (+3),,2026-07-28: 임원ㆍ주요주주특정증권등소유상황보고서 | 2026-07-28: 기업설명회(IR)개최               | 2026-07-28: 연결재무제표기준영업(잠정)실적(공정공시)               | 2026-07-27: [기재정정]현금ㆍ현물배당결정              (분기배당) | 2026-07-16: 자기주식취득결과보고서,9
GKL,114090,3,OK,,영업(잠정)실적(공정공시)              (+3),,2026-07-06: 독립이사의선임ㆍ해임또는중도퇴임에관한신고 | 2026-07-06: 임시주주총회결과               | 2026-07-02: 영업(잠정)실적(공정공시)              ,3
삼성바이오로직스,207940,3,OK,,연결재무제표기준영업(잠정)실적(공정공시)              (+3),,2026-07-23: 연결재무제표기준영업(잠정)실적(공정공시)               | 2026-07-20: [첨부추가]주요사항보고서(타법인주식및출자증권양수결정) | 2026-07-09: 결산실적공시예고(안내공시)               | 2026-07-06: 최대주주등소유주식변동신고서              ,4
대한전선,001440,3,OK,,[기재정정]유형자산취득결정              (+3),,2026-07-23: 기업설명회(IR)개최(안내공시)               | 2026-07-23: 결산실적공시예고(안내공시)               | 2026-07-06: [기재정정]유형자산취득결정              ,3
가온전선,000500,3,OK,,연결재무제표기준영업(잠정)실적(공정공시)              (+3),,2026-07-22: 기업설명회(IR)개최(안내공시)               | 2026-07-21: [기재정정]임원ㆍ주요주주특정증권등소유상황보고서 | 2026-07-21: [기재정정]임원ㆍ주요주주특정증권등소유상황보고서 | 2026-07-21: 주식등의대량보유상황보고서(일반) | 2026-07-21: 최대주주등소유주식변동신고서              ,10
젠큐릭스,229000,3,OK,,[첨부정정]주요사항보고서(회사합병결정)(+3),,2026-07-28: 주주총회소집결의              (임시주주총회) | 2026-07-28: 주주명부폐쇄기간또는기준일설정               | 2026-07-28: 기타경영사항(자율공시)              (소규모합병 승인 이사회 결의(주주총회 갈음) 결과보고) | 2026-07-14: 주식등의대량보유상황보고서(일반) | 2026-07-09: [첨부정정]주요사항보고서(회사합병결정),7
싸이토젠,217330,3,OK,,주요사항보고서(회사합병결정)(+3),,2026-07-29: 주요사항보고서(회사합병결정) | 2026-07-24: 주주총회소집공고,2
인디에프,014990,3,OK,,연결재무제표기준영업(잠정)실적(공정공시)              (+3),,2026-07-24: 연결재무제표기준영업(잠정)실적(공정공시)               | 2026-07-03: 최대주주등소유주식변동신고서               | 2026-07-03: 임원ㆍ주요주주특정증권등소유상황보고서 | 2026-06-29: 주식등의대량보유상황보고서(일반) | 2026-06-29: 임원ㆍ주요주주특정증권등소유상황보고서,5
PI첨단소재,178920,3,OK,,영업(잠정)실적(공정공시)              (+3),,2026-07-28: 영업(잠정)실적(공정공시)               | 2026-07-27: 주주총회소집결의               | 2026-07-27: 주주명부폐쇄기간또는기준일설정               | 2026-07-24: 기업설명회(IR)개최(안내공시)               | 2026-07-24: 기업설명회(IR)개최(안내공시)              ,6
세기상사,002420,3,OK,,[기재정정]주요사항보고서(회사합병결정)(+3),,2026-07-28: 기타경영사항(자율공시)               | 2026-07-13: [기재정정]주요사항보고서(회사합병결정) | 2026-07-07: 임시주주총회결과              ,3
유니드,014830,3,OK,,연결재무제표기준영업(잠정)실적(공정공시)              (+3),,2026-07-22: 기업설명회(IR)개최(안내공시)               | 2026-07-22: 연결재무제표기준영업(잠정)실적(공정공시)               | 2026-07-08: 결산실적공시예고(안내공시)               | 2026-07-01: 주식등의대량보유상황보고서(약식),4
영화금속,012280,3,OK,,영업(잠정)실적(공정공시)              (+3),,2026-07-29: 임시주주총회결과               | 2026-07-28: 영업(잠정)실적(공정공시)               | 2026-07-14: 의결권대리행사권유참고서류 | 2026-07-14: 주주총회소집공고,4
코스모신소재,005070,3,OK,,영업(잠정)실적(공정공시)              (+3),,2026-07-22: 영업(잠정)실적(공정공시)               | 2026-07-21: 주식등의대량보유상황보고서(일반) | 2026-07-21: 주식등의대량보유상황보고서(일반),3
도이치모터스,067990,3,OK,,연결재무제표기준영업(잠정)실적(공정공시)              (+3),,2026-07-27: 연결재무제표기준영업(잠정)실적(공정공시)               | 2026-07-14: [기재정정]타인에대한채무보증결정               | 2026-07-10: 주식등의대량보유상황보고서(일반) | 2026-07-01: 임원ㆍ주요주주특정증권등소유상황보고서 | 2026-07-01: 주식등의대량보유상황보고서(일반),5
티앤알바이오팹,246710,3,OK,,연결재무제표기준영업(잠정)실적(공정공시)              (+3),,2026-07-14: 연결재무제표기준영업(잠정)실적(공정공시)               | 2026-07-14: 임원ㆍ주요주주특정증권등소유상황보고서 | 2026-07-14: 임원ㆍ주요주주특정증권등소유상황보고서 | 2026-07-14: [기재정정]주식등의대량보유상황보고서(일반) | 2026-07-13: 주식등의대량보유상황보고서(일반),8
제일기획,030000,3,OK,,연결재무제표기준영업(잠정)실적(공정공시)              (+3),,2026-07-24: 연결재무제표기준영업(잠정)실적(공정공시)               | 2026-07-21: 지속가능경영보고서등관련사항(자율공시)               | 2026-07-15: 기업설명회(IR)개최(안내공시)               | 2026-07-15: 결산실적공시예고(안내공시)               | 2026-07-03: 최대주주등소유주식변동신고서              ,5
DS단석,017860,3,OK,,연결재무제표기준영업(잠정)실적(공정공시)              (+3),,2026-07-28: 연결재무제표기준영업(잠정)실적(공정공시)               | 2026-06-30: 지속가능경영보고서등관련사항(자율공시)              ,2
오리온,271560,3,OK,,연결재무제표기준영업(잠정)실적(공정공시)              (+3),,2026-07-16: [기재정정]주권관련사채권의취득결정(자율공시)(종속회사의주요경영사항)               | 2026-07-16: [기재정정]타법인주식및출자증권취득결정(자율공시)(종속회사의주요경영사항)               | 2026-07-15: 기업설명회(IR)개최(안내공시)               | 2026-07-13: 주식등의대량보유상황보고서(일반) | 2026-07-09: 연결재무제표기준영업(잠정)실적(공정공시)              ,8
네오셈,253590,5,OK,,단일판매ㆍ공급계약체결              (+5),,2026-07-08: 단일판매ㆍ공급계약체결              ,1
풍강,093380,5,OK,,주요사항보고서(자기주식취득결정)(+5),,2026-07-15: 분기보고서 (2026.05) | 2026-07-01: 주요사항보고서(자기주식취득결정) | 2026-07-01: 주식등의대량보유상황보고서(일반),3
대양전기공업,108380,5,OK,,[기재정정]단일판매ㆍ공급계약체결              (+5),,2026-07-02: 임원ㆍ주요주주특정증권등소유상황보고서 | 2026-06-30: [기재정정]단일판매ㆍ공급계약체결              ,2
이노메트리,302430,5,OK,,[기재정정]단일판매ㆍ공급계약체결              (+5),,2026-07-15: 신탁계약에의한취득상황보고서 | 2026-07-09: [기재정정]단일판매ㆍ공급계약체결              ,2
예스티,122640,5,OK,,단일판매ㆍ공급계약체결              (+5),,2026-07-21: 단일판매ㆍ공급계약체결              ,1
KG케미칼,001390,5,OK,,주식소각결정              (+5),,2026-07-27: 의결권대리행사권유참고서류 | 2026-07-24: 주주총회소집공고 | 2026-07-23: 임원ㆍ주요주주특정증권등소유상황보고서 | 2026-07-22: [기재정정]주주총회소집결의               | 2026-07-22: 주식소각결정              ,9
신원,009270,5,OK,,주요사항보고서(자기주식취득결정)(+5),,2026-07-09: 주요사항보고서(자기주식취득결정) | 2026-07-01: [기재정정]자기주식취득결과보고서 | 2026-07-01: 자기주식취득결과보고서,3
성도이엔지,037350,5,OK,,[기재정정]단일판매ㆍ공급계약체결              (+5),,2026-06-29: [기재정정]단일판매ㆍ공급계약체결              ,1
서남,294630,5,OK,,단일판매ㆍ공급계약체결              (+5),,2026-07-14: 단일판매ㆍ공급계약체결               | 2026-06-30: 임원ㆍ주요주주특정증권등소유상황보고서,2
한세엠케이,069640,5,OK,,주식소각결정              (+5),,2026-07-27: 최대주주등소유주식변동신고서               | 2026-07-27: 임원ㆍ주요주주특정증권등소유상황보고서 | 2026-07-23: 최대주주등소유주식변동신고서               | 2026-07-23: 주식등의대량보유상황보고서(일반) | 2026-07-23: 임원ㆍ주요주주특정증권등소유상황보고서,8
미래컴퍼니,049950,5,OK,,[기재정정]단일판매ㆍ공급계약체결(자율공시)              (+5),,2026-07-06: [기재정정]단일판매ㆍ공급계약체결(자율공시)              ,1
에이스토리,241840,5,OK,,단일판매ㆍ공급계약체결              (+5),,2026-07-29: 주요사항보고서(자기주식취득신탁계약체결결정) | 2026-07-09: 단일판매ㆍ공급계약체결              ,2
비트플래닛,049470,5,OK,,단일판매ㆍ공급계약체결              (+5),,2026-07-24: [기재정정]주요사항보고서(유형자산양수결정) | 2026-07-20: 단일판매ㆍ공급계약체결               | 2026-07-06: [기재정정]주요사항보고서(유형자산양수결정) | 2026-07-03: 본점소재지변경               | 2026-06-29: [기재정정]주요사항보고서(유형자산양수결정),5
태성,323280,5,OK,,단일판매ㆍ공급계약체결              (+5),,2026-07-16: 본점소재지변경               | 2026-07-16: 임시주주총회결과               | 2026-07-08: 단일판매ㆍ공급계약체결               | 2026-07-07: 주식등의대량보유상황보고서(일반) | 2026-07-01: 주주총회소집공고,5
풍산홀딩스,005810,5,OK,,주요사항보고서(자기주식취득결정)(+5),,2026-07-28: 기업설명회(IR)개최(안내공시)               | 2026-07-23: 주요사항보고서(자기주식취득결정) | 2026-07-15: 임원ㆍ주요주주특정증권등소유상황보고서 | 2026-07-14: 최대주주등소유주식변동신고서              ,4
밸로프,331520,5,OK,,주식소각결정              (+5),,2026-07-14: 임원ㆍ주요주주특정증권등소유상황보고서 | 2026-07-03: 신탁계약해지결과보고서 | 2026-06-29: 임원ㆍ주요주주특정증권등소유상황보고서 | 2026-06-29: 주식소각결정               | 2026-06-29: 주요사항보고서(자기주식취득신탁계약해지결정),5
대아티아이,045390,5,OK,,[기재정정]단일판매ㆍ공급계약체결              (+5),,2026-07-23: [기재정정]단일판매ㆍ공급계약체결              ,1
테라뷰,950250,5,OK,,단일판매ㆍ공급계약체결              (+5),,2026-06-30: 단일판매ㆍ공급계약체결              ,1
효성중공업,298040,5,OK,,[기재정정]단일판매ㆍ공급계약체결              (+5),,2026-07-28: 임원ㆍ주요주주특정증권등소유상황보고서 | 2026-07-23: 임원ㆍ주요주주특정증권등소유상황보고서 | 2026-07-15: [기재정정]단일판매ㆍ공급계약체결               | 2026-07-02: 임원ㆍ주요주주특정증권등소유상황보고서 | 2026-07-02: 투자판단관련주요경영사항              ,6
STX엔진,077970,5,OK,,단일판매ㆍ공급계약체결              (+5),,2026-07-28: 단일판매ㆍ공급계약체결               | 2026-07-01: 주식등의대량보유상황보고서(약식),2
미래에셋증권,006800,5,OK,,주식소각결정              (+5),,2026-07-29: 기업설명회(IR)개최(안내공시)               | 2026-07-29: 결산실적공시예고(안내공시)               | 2026-07-29: 투자설명서(일괄신고) | 2026-07-29: 일괄신고추가서류(파생결합사채-주가연계파생결합사채) | 2026-07-29: 일괄신고서(파생결합증권-주식워런트증권),100
라온텍,418420,5,OK,,단일판매ㆍ공급계약체결              (+5),,2026-07-09: 주식등의대량보유상황보고서(일반) | 2026-07-06: 단일판매ㆍ공급계약체결              ,2
도화엔지니어링,002150,5,OK,,[기재정정]단일판매ㆍ공급계약체결              (+5),,2026-07-29: 임원ㆍ주요주주특정증권등소유상황보고서 | 2026-06-30: [기재정정]단일판매ㆍ공급계약체결              ,2
유성티엔에스,024800,5,OK,,주식소각결정              (+5),,2026-07-03: 주식소각결정              ,1
세명전기,017510,5,OK,,[기재정정]단일판매ㆍ공급계약체결              (+5),,2026-06-30: [기재정정]단일판매ㆍ공급계약체결              ,1
바이넥스,053030,5,OK,,[기재정정]단일판매ㆍ공급계약체결              (+5),,2026-07-28: [기재정정]단일판매ㆍ공급계약체결               | 2026-07-24: 주식등의대량보유상황보고서(일반) | 2026-07-03: 주식등의대량보유상황보고서(일반),3
제이엔케이글로벌,126880,5,OK,,주식소각결정              (+5),,2026-07-22: 주식소각결정              ,1
SK디스커버리,006120,5,OK,,자기주식취득결정(자회사의 주요경영사항)              (+5),,2026-07-24: 주주명부폐쇄기간또는기준일설정               | 2026-07-24: 주주총회소집결의               | 2026-07-24: 현금ㆍ현물배당을위한주주명부폐쇄(기준일)결정               | 2026-07-24: 현금ㆍ현물배당결정               | 2026-07-23: 현금ㆍ현물배당결정(자회사의 주요경영사항)              ,12
파인텍,131760,5,OK,,단일판매ㆍ공급계약체결              (+5),,2026-07-24: 단일판매ㆍ공급계약체결              ,1
서진시스템,178320,5,OK,,단일판매ㆍ공급계약체결(자율공시)              (+5) | 단일판매ㆍ공급계약체결(자율공시)              (+5) | 단일판매ㆍ공급계약체결(자율공시)              (+5),[기재정정]최대주주변경을수반하는주식담보제공계약체결              (-5) | 최대주주변경을수반하는주식담보제공계약체결              (-5),2026-07-16: 주식등의대량보유상황보고서(일반) | 2026-07-15: 단일판매ㆍ공급계약체결(자율공시)               | 2026-07-13: [기재정정]최대주주변경을수반하는주식담보제공계약체결               | 2026-07-10: 주식등의대량보유상황보고서(일반) | 2026-07-10: 최대주주변경을수반하는주식담보제공계약체결              ,10
케이옥션,102370,5,OK,,주요사항보고서(자기주식취득결정)(+5),,2026-07-29: 주식등의대량보유상황보고서(일반) | 2026-07-08: 주식등의대량보유상황보고서(일반) | 2026-07-08: 임원ㆍ주요주주특정증권등소유상황보고서 | 2026-07-06: 주식등의대량보유상황보고서(일반) | 2026-07-03: 임원ㆍ주요주주특정증권등소유상황보고서,6
엔젯,419080,5,OK,,단일판매ㆍ공급계약체결              (+5),,2026-07-24: 단일판매ㆍ공급계약체결               | 2026-07-21: 임원ㆍ주요주주특정증권등소유상황보고서 | 2026-07-02: 임원ㆍ주요주주특정증권등소유상황보고서 | 2026-07-01: [기재정정]주식등의대량보유상황보고서(일반) | 2026-07-01: 주식등의대량보유상황보고서(일반),6
SUN&L,002820,5,OK,,주식소각결정              (+5),,2026-07-21: 해산사유발생(자율공시)(종속회사의주요경영사항)               | 2026-07-07: 주식소각결정               | 2026-06-29: 기업가치제고계획(자율공시)              ,3
링크제니시스,219420,5,OK,,단일판매ㆍ공급계약체결(자율공시)              (+5),,2026-07-15: 단일판매ㆍ공급계약체결(자율공시)              ,1
남양유업,003920,5,OK,,주식소각결정              (+5),,2026-07-15: 주식소각결정               | 2026-07-15: 최대주주등소유주식변동신고서               | 2026-07-13: 신탁계약해지결과보고서 | 2026-07-13: 주요사항보고서(자기주식취득신탁계약해지결정) | 2026-07-09: 임원ㆍ주요주주특정증권등소유상황보고서,6
NICE평가정보,030190,5,OK,,주식소각결정              (+5),,2026-07-15: 주요사항보고서(자기주식취득신탁계약체결결정) | 2026-07-15: 주식소각결정               | 2026-07-15: 신탁계약해지결과보고서 | 2026-07-15: 주요사항보고서(자기주식취득신탁계약해지결정) | 2026-07-10: 주식등의대량보유상황보고서(약식),6
한국종합기술,023350,5,OK,,[기재정정]단일판매ㆍ공급계약체결              (+5),,2026-07-24: [기재정정]단일판매ㆍ공급계약체결               | 2026-06-30: 최대주주등소유주식변동신고서               | 2026-06-30: 주식등의대량보유상황보고서(일반),3
비츠로시스,054220,5,OK,,[기재정정]단일판매ㆍ공급계약체결              (+5),,2026-07-29: [기재정정]단일판매ㆍ공급계약체결               | 2026-07-03: 주식등의대량보유상황보고서(약식) | 2026-06-30: 주요사항보고서(자기전환사채매도결정) | 2026-06-30: 주요사항보고서(자기전환사채매도결정),4
시공테크,020710,5,OK,,[기재정정]단일판매ㆍ공급계약체결              (+5),,2026-07-13: [기재정정]단일판매ㆍ공급계약체결              ,1
태웅로직스,124560,5,OK,,주요사항보고서(자기주식취득결정)(+5),,2026-07-15: 주식등의대량보유상황보고서(일반) | 2026-07-09: 주요사항보고서(자기주식취득결정),2
에이디테크놀로지,200710,5,OK,,[기재정정]단일판매ㆍ공급계약체결              (+5),,2026-06-30: [기재정정]단일판매ㆍ공급계약체결              ,1
트윔,290090,5,OK,,단일판매ㆍ공급계약체결              (+5),,2026-07-20: 단일판매ㆍ공급계약체결               | 2026-07-10: 주주총회소집결의              (임시주주총회) | 2026-07-10: 주주명부폐쇄기간또는기준일설정              ,3
대교,019680,5,OK,,주식소각결정              (+5),,2026-07-16: 주주총회소집공고 | 2026-07-01: 주주총회소집결의               | 2026-07-01: 주주명부폐쇄기간또는기준일설정               | 2026-07-01: 주식병합결정               | 2026-07-01: 주식소각결정              ,5
티엑스알로보틱스,484810,5,OK,,단일판매ㆍ공급계약체결              (+5),,2026-07-20: 주식등의대량보유상황보고서(일반) | 2026-07-20: 임원ㆍ주요주주특정증권등소유상황보고서 | 2026-07-20: 임원ㆍ주요주주특정증권등소유상황보고서 | 2026-07-20: 임원ㆍ주요주주특정증권등소유상황보고서 | 2026-07-16: 임원ㆍ주요주주특정증권등소유상황보고서,12
유디엠텍,389680,5,OK,,단일판매ㆍ공급계약체결              (+5),,2026-07-22: 단일판매ㆍ공급계약체결               | 2026-07-20: 단일판매ㆍ공급계약해지              ,2
스코넥,276040,5,OK,,[기재정정]단일판매ㆍ공급계약체결              (+5),,2026-07-24: 불성실공시법인지정예고              (공시번복) | 2026-06-30: [기재정정]단일판매ㆍ공급계약체결               | 2026-06-29: [기재정정]주요사항보고서(유형자산양수결정),3
엠아이큐브솔루션,373170,5,OK,,단일판매ㆍ공급계약체결(자율공시)              (+5),,2026-07-22: 주식등의대량보유상황보고서(약식) | 2026-07-22: 주식등의대량보유상황보고서(일반) | 2026-07-14: 대표이사변경               | 2026-07-14: 임시주주총회결과               | 2026-07-13: 단일판매ㆍ공급계약체결(자율공시)              ,7
파커스,065690,5,OK,,주식소각결정              (+5),,2026-07-24: 주식등의대량보유상황보고서(일반) | 2026-07-21: 주요사항보고서(자기주식취득신탁계약체결결정) | 2026-07-08: 타법인주식및출자증권취득결정(자율공시)               | 2026-07-08: 주식소각결정              ,4
웹케시,053580,5,OK,,단일판매ㆍ공급계약체결              (+5),,2026-07-21: 단일판매ㆍ공급계약체결              ,1
이노에이엑스,296640,5,OK,,[기재정정]단일판매ㆍ공급계약체결              (+5),,2026-07-16: 타법인주식및출자증권취득결정               | 2026-07-15: 합병등종료보고서(자산양수도) | 2026-07-15: [기재정정]단일판매ㆍ공급계약체결              ,3
와이즈버즈,273060,5,OK,,[기재정정]주식소각결정              (+5),,2026-07-20: 임시주주총회결과               | 2026-07-13: 신탁계약해지결과보고서 | 2026-07-03: 주주총회소집공고 | 2026-07-03: [기재정정]주주총회소집결의              (임시주주총회) | 2026-06-30: [기재정정]주식병합결정              ,7
한국카본,017960,5,OK,,[기재정정]단일판매ㆍ공급계약체결              (+5),,2026-07-23: [기재정정]단일판매ㆍ공급계약체결               | 2026-07-06: 주식등의대량보유상황보고서(일반) | 2026-07-01: 주식등의대량보유상황보고서(약식),3
탑선,180060,5,OK,,[기재정정]단일판매ㆍ공급계약체결(자율공시)              (+5),,2026-07-16: 임원ㆍ주요주주특정증권등소유상황보고서 | 2026-07-16: 주식등의대량보유상황보고서(일반) | 2026-07-08: [기재정정]단일판매ㆍ공급계약체결(자율공시)              ,3
인터엠,017250,5,OK,,주요사항보고서(자기주식취득결정)(+5),,2026-07-20: 주요사항보고서(자기주식취득결정) | 2026-07-16: 임원ㆍ주요주주특정증권등소유상황보고서 | 2026-07-09: 임원ㆍ주요주주특정증권등소유상황보고서 | 2026-07-02: 주식등의대량보유상황보고서(일반) | 2026-07-02: 임원ㆍ주요주주특정증권등소유상황보고서,5
오픈엣지테크놀로지,394280,5,OK,,[기재정정]단일판매ㆍ공급계약체결              (+5),,2026-07-29: [기재정정]단일판매ㆍ공급계약체결               | 2026-07-14: [기재정정]주식등의대량보유상황보고서(일반) | 2026-07-13: 주식등의대량보유상황보고서(일반) | 2026-07-13: [기재정정]주식등의대량보유상황보고서(일반),4
청담글로벌,362320,5,OK,,주식소각결정              (+5),,2026-07-21: 임원ㆍ주요주주특정증권등소유상황보고서 | 2026-07-07: 주식등의대량보유상황보고서(일반) | 2026-07-07: 임원ㆍ주요주주특정증권등소유상황보고서 | 2026-07-06: 주식소각결정               | 2026-07-03: 자기주식취득결과보고서,7
디알젬,263690,5,OK,,단일판매ㆍ공급계약체결              (+5),,2026-07-22: 단일판매ㆍ공급계약체결              ,1
펨트론,168360,5,OK,,[기재정정]단일판매ㆍ공급계약체결              (+5),,2026-07-15: [기재정정]단일판매ㆍ공급계약체결              ,1
아우딘퓨쳐스,227610,5,OK,,[기재정정]단일판매ㆍ공급계약체결(자율공시)              (+5),,2026-06-30: [기재정정]단일판매ㆍ공급계약체결(자율공시)              ,1
그린플러스,186230,5,OK,,[기재정정]단일판매ㆍ공급계약체결(자율공시)              (+5),,2026-07-03: [기재정정]단일판매ㆍ공급계약체결(자율공시)               | 2026-07-02: [기재정정]사업보고서 (2025.12),2
머큐리,100590,5,OK,,단일판매ㆍ공급계약체결              (+5),,2026-07-23: 단일판매ㆍ공급계약체결              ,1
아티스트스튜디오,200350,5,OK,,단일판매ㆍ공급계약체결              (+5),,2026-06-30: 단일판매ㆍ공급계약체결               | 2026-06-29: 주권관련사채권의취득결정              ,2
알체라,347860,5,OK,,단일판매ㆍ공급계약체결              (+5),,2026-07-20: 주요사항보고서(자기전환사채만기전취득결정) | 2026-07-15: 단일판매ㆍ공급계약체결              ,2
에스넷,038680,5,OK,,단일판매ㆍ공급계약체결(자율공시)              (+5),,2026-07-21: 단일판매ㆍ공급계약체결(자율공시)              ,1
뉴로메카,348340,5,OK,,[기재정정]단일판매ㆍ공급계약체결              (+5),,2026-07-29: 유상증자또는주식관련사채등의청약결과(자율공시)               | 2026-07-27: 임원ㆍ주요주주특정증권등소유상황보고서 | 2026-07-23: [기재정정]투자설명서 | 2026-07-23: [발행조건확정]증권신고서(지분증권) | 2026-07-23: [기재정정]주요사항보고서(유무상증자결정),19
에코프로에이치엔,383310,5,OK,,단일판매ㆍ공급계약체결              (+5),,2026-07-29: 주식등의대량보유상황보고서(일반) | 2026-07-27: 단일판매ㆍ공급계약체결               | 2026-07-13: 기업설명회(IR)개최               | 2026-07-13: 결산실적공시예고              ,4
달바글로벌,483650,5,OK,,[기재정정]단일판매ㆍ공급계약체결              (+5),,2026-07-29: 타법인주식및출자증권취득결정(자율공시)               | 2026-07-28: 주식등의대량보유상황보고서(약식) | 2026-07-24: 임원ㆍ주요주주특정증권등소유상황보고서 | 2026-07-24: 신탁계약해지결과보고서 | 2026-07-21: [기재정정]주요사항보고서(자기주식취득신탁계약해지결정),13
미원에스씨,268280,5,OK,,주요사항보고서(자기주식취득결정)(+5),,2026-07-09: 주요사항보고서(자기주식취득결정) | 2026-07-09: 현금ㆍ현물배당결정               | 2026-07-01: 최대주주등소유주식변동신고서               | 2026-07-01: 임원ㆍ주요주주특정증권등소유상황보고서,4
플래티어,367000,5,OK,,단일판매ㆍ공급계약체결              (+5),,2026-07-29: 임원ㆍ주요주주특정증권등소유상황보고서 | 2026-07-22: 단일판매ㆍ공급계약체결               | 2026-07-21: 임원ㆍ주요주주특정증권등소유상황보고서 | 2026-07-08: 임원ㆍ주요주주특정증권등소유상황보고서 | 2026-07-03: 임원ㆍ주요주주특정증권등소유상황보고서,6
유한양행,000100,5,OK,,주식소각결정              (+5),,2026-07-29: 기업설명회(IR)개최(안내공시)               | 2026-07-23: 주식소각결정               | 2026-07-02: 임원ㆍ주요주주특정증권등소유상황보고서 | 2026-06-30: 지속가능경영보고서등관련사항(자율공시)               | 2026-06-30: 임원ㆍ주요주주특정증권등소유상황보고서,5
SNT홀딩스,036530,5,OK,,단일판매ㆍ공급계약체결(자회사의 주요경영사항)              (+5),,2026-07-21: 단일판매ㆍ공급계약체결(자회사의 주요경영사항)              ,1
퀄리타스반도체,432720,5,OK,,단일판매ㆍ공급계약체결              (+5),,2026-07-23: 단일판매ㆍ공급계약체결              ,1
신송홀딩스,006880,5,OK,,주요사항보고서(자기주식취득결정)(+5),,2026-07-09: 타인에대한채무보증결정(자회사의 주요경영사항)               | 2026-07-06: [기재정정]타인에대한채무보증결정               | 2026-07-06: 타인에대한채무보증결정               | 2026-07-06: 주요사항보고서(자기주식취득결정),4
옴니시스템,057540,5,OK,,주요사항보고서(자기주식취득결정)(+5),,2026-07-27: 주식등의대량보유상황보고서(일반) | 2026-07-27: 임원ㆍ주요주주특정증권등소유상황보고서 | 2026-07-21: 주요사항보고서(자기주식취득결정) | 2026-07-21: 주주총회소집결의              (임시주주총회) | 2026-07-21: 주주명부폐쇄기간또는기준일설정              ,9
유진로봇,056080,5,OK,,[기재정정]단일판매ㆍ공급계약체결              (+5),,2026-07-24: 임원ㆍ주요주주특정증권등소유상황보고서 | 2026-07-16: 주식등의대량보유상황보고서(일반) | 2026-06-30: [기재정정]단일판매ㆍ공급계약체결              ,3
피델릭스,032580,5,OK,,단일판매ㆍ공급계약체결              (+5),,2026-07-22: 단일판매ㆍ공급계약체결              ,1
유니테스트,086390,5,OK,,단일판매ㆍ공급계약체결              (+5),,2026-07-23: 단일판매ㆍ공급계약체결               | 2026-07-10: 주식등의대량보유상황보고서(약식),2
포스코엠텍,009520,5,OK,,단일판매ㆍ공급계약체결              (+5),,2026-07-02: 단일판매ㆍ공급계약체결              ,1
포스코DX,022100,5,OK,,[기재정정]단일판매ㆍ공급계약체결              (+5),,2026-07-28: [기재정정]단일판매ㆍ공급계약체결               | 2026-07-24: 기업설명회(IR)개최(안내공시)               | 2026-07-23: 임원ㆍ주요주주특정증권등소유상황보고서 | 2026-07-01: 임원ㆍ주요주주특정증권등소유상황보고서 | 2026-07-01: 최대주주등소유주식변동신고서              ,6
신풍,002870,5,OK,,주요사항보고서(자기주식취득결정)(+5),,2026-07-21: 현금ㆍ현물배당을위한주주명부폐쇄(기준일)결정               | 2026-07-21: 현금ㆍ현물배당결정               | 2026-07-21: 임시주주총회결과               | 2026-07-09: 주요사항보고서(자기주식취득결정) | 2026-07-06: 주식등의대량보유상황보고서(일반),6
우진아이엔에스,010400,5,OK,,단일판매ㆍ공급계약체결              (+5) | [기재정정]단일판매ㆍ공급계약체결              (+5) | [기재정정]단일판매ㆍ공급계약체결              (+5),[기재정정]주요사항보고서(자기주식처분결정)(-10),2026-07-24: 소송등의판결ㆍ결정               | 2026-07-24: 단일판매ㆍ공급계약체결               | 2026-07-23: [기재정정]단일판매ㆍ공급계약체결               | 2026-07-16: 기업가치제고계획예고(안내공시)               | 2026-07-03: 자기주식처분결과보고서,9
아이앤씨,052860,5,OK,,단일판매ㆍ공급계약체결              (+5),,2026-07-13: 단일판매ㆍ공급계약체결              ,1
뉴키즈온,462310,5,OK,,주식소각결정              (+5),,2026-06-30: 주식소각결정              ,1
모비스,250060,5,OK,,단일판매ㆍ공급계약체결(자율공시)              (+5),,2026-07-20: 단일판매ㆍ공급계약체결(자율공시)              ,1
동원개발,013120,5,OK,,[기재정정]단일판매ㆍ공급계약체결              (+5),,2026-07-22: 신탁계약해지결과보고서 | 2026-07-22: 타인에대한채무보증결정               | 2026-07-10: [기재정정]단일판매ㆍ공급계약체결              ,3
삼일,032280,5,OK,,주요사항보고서(자기주식취득결정)(+5),,2026-07-20: 주요사항보고서(자기주식취득결정) | 2026-07-08: 임원ㆍ주요주주특정증권등소유상황보고서 | 2026-07-08: 주식등의대량보유상황보고서(일반) | 2026-07-03: 임원ㆍ주요주주특정증권등소유상황보고서,4
에스제이그룹,306040,5,OK,,주식소각결정              (+5),,2026-07-15: 임원ㆍ주요주주특정증권등거래계획보고서 | 2026-07-15: 주식소각결정              ,2
성우테크론,045300,5,OK,,[기재정정]단일판매ㆍ공급계약체결              (+5),,2026-07-29: [기재정정]단일판매ㆍ공급계약체결              ,1
카카오게임즈,293490,5,OK,,주식소각결정              (+5),,2026-07-22: 기업설명회(IR)개최               | 2026-07-22: 결산실적공시예고               | 2026-07-08: 수시공시의무관련사항(공정공시)               | 2026-07-08: 주식소각결정               | 2026-07-08: 주주명부폐쇄기간또는기준일설정              ,5
CNT85,056730,5,OK,,[기재정정]단일판매ㆍ공급계약체결              (+5),,2026-06-30: [기재정정]단일판매ㆍ공급계약체결              ,1
일양약품,007570,5,OK,,[기재정정]단일판매ㆍ공급계약체결              (+5),,2026-06-30: 임원ㆍ주요주주특정증권등거래계획보고서 | 2026-06-30: 임원ㆍ주요주주특정증권등거래계획보고서 | 2026-06-30: [기재정정]타법인주식및출자증권취득결정               | 2026-06-30: [기재정정]단일판매ㆍ공급계약체결              ,4
에이텍모빌리티,224110,5,OK,,단일판매ㆍ공급계약체결              (+5),,2026-07-01: 단일판매ㆍ공급계약체결              ,1
LX홀딩스,383800,5,OK,,단일판매ㆍ공급계약체결(자회사의 주요경영사항)              (+5),,2026-07-23: 단일판매ㆍ공급계약체결(자회사의 주요경영사항)               | 2026-07-10: 임원ㆍ주요주주특정증권등거래계획보고서 | 2026-07-10: 임원ㆍ주요주주특정증권등거래계획보고서 | 2026-07-02: 주식등의대량보유상황보고서(약식) | 2026-06-30: 지속가능경영보고서등관련사항(자율공시)              ,6
HLB테라퓨틱스,115450,5,OK,,[기재정정]단일판매ㆍ공급계약체결              (+5),,2026-07-29: 임원ㆍ주요주주특정증권등소유상황보고서 | 2026-07-22: 주식등의대량보유상황보고서(일반) | 2026-07-02: 임원ㆍ주요주주특정증권등소유상황보고서 | 2026-06-30: [기재정정]단일판매ㆍ공급계약체결               | 2026-06-29: 주식등의대량보유상황보고서(일반),5
NE능률,053290,5,OK,,주요사항보고서(자기주식취득결정)(+5),,2026-07-08: 주요사항보고서(자기주식취득결정),1
에스케이바이오팜,326030,5,OK,,단일판매ㆍ공급계약체결              (+5),,2026-07-28: 단일판매ㆍ공급계약체결               | 2026-06-29: 단기차입금증가결정              ,2
동우팜투테이블,088910,5,OK,,주식소각결정              (+5),,2026-07-01: 주식소각결정              ,1
SNT에너지,100840,5,OK,,단일판매ㆍ공급계약체결              (+5),,2026-07-21: 단일판매ㆍ공급계약체결               | 2026-07-01: 주식등의대량보유상황보고서(약식),2
피앤에스로보틱스,460940,5,OK,,단일판매ㆍ공급계약체결              (+5),,2026-07-27: 단일판매ㆍ공급계약체결              ,1
씨케이솔루션,480370,5,OK,,[기재정정]단일판매ㆍ공급계약체결              (+5),,2026-07-21: 최대주주등소유주식변동신고서               | 2026-07-21: 임원ㆍ주요주주특정증권등소유상황보고서 | 2026-07-21: 임원ㆍ주요주주특정증권등소유상황보고서 | 2026-07-16: 임시주주총회결과               | 2026-07-16: 독립이사의선임ㆍ해임또는중도퇴임에관한신고,7
리드코프,012700,5,OK,,주식소각결정              (+5),,2026-07-28: 주식소각결정               | 2026-07-03: 주식등의대량보유상황보고서(일반),2
브리지텍,064480,5,OK,,단일판매ㆍ공급계약체결(자율공시)              (+5),,2026-07-28: 단일판매ㆍ공급계약체결(자율공시)              ,1
디아이,003160,5,OK,,단일판매ㆍ공급계약체결(자율공시)              (+5),,2026-07-02: 단일판매ㆍ공급계약체결(자율공시)              ,1
지앤이헬스케어,299480,5,OK,,주요사항보고서(자기주식취득결정)(+5),,2026-07-09: 주요사항보고서(자기주식취득결정),1
에스와이스틸텍,365330,5,OK,,단일판매ㆍ공급계약체결              (+5),,2026-07-09: 주식등의대량보유상황보고서(약식) | 2026-07-01: 단일판매ㆍ공급계약체결              ,2
신원종합개발,017000,5,OK,,[기재정정]단일판매ㆍ공급계약체결              (+5),,2026-07-14: 중대재해발생               | 2026-07-03: [기재정정]단일판매ㆍ공급계약체결              ,2
대한조선,439260,5,OK,,단일판매ㆍ공급계약체결              (+5),,2026-07-29: 기업설명회(IR)개최(안내공시)               | 2026-07-29: 기타안내사항(안내공시)               | 2026-07-27: 단일판매ㆍ공급계약체결               | 2026-07-21: 기업설명회(IR)개최(안내공시)               | 2026-07-01: [기재정정]타인에대한채무보증결정              ,5
옵티코어,380540,5,OK,,[기재정정]단일판매ㆍ공급계약체결              (+5),,2026-07-27: 주주명부폐쇄기간또는기준일설정               | 2026-07-27: 주주총회소집결의               | 2026-07-07: [기재정정]단일판매ㆍ공급계약체결               | 2026-06-30: 주요사항보고서(자기전환사채만기전취득결정),4
범한퓨얼셀,382900,5,OK,,단일판매ㆍ공급계약체결              (+5),,2026-07-20: 단일판매ㆍ공급계약체결              ,1
원익,032940,5,OK,,주식소각결정              (+5),,2026-07-23: 주식소각결정              ,1
넥사다이내믹스,351320,5,OK,,[기재정정]단일판매ㆍ공급계약체결              (+5),,2026-07-23: [기재정정]주주총회소집결의              (임시주주총회) | 2026-07-09: [기재정정]주주총회소집결의              (임시주주총회) | 2026-06-29: [기재정정]단일판매ㆍ공급계약체결              ,3
리메드,302550,5,OK,,주식소각결정              (+5),,2026-07-23: 주식소각결정              ,1
우리기술,032820,5,OK,,[기재정정]단일판매ㆍ공급계약체결              (+5),,2026-07-27: [기재정정]단일판매ㆍ공급계약체결              ,1
효성 ITX,094280,5,OK,,단일판매ㆍ공급계약체결              (+5),,2026-07-21: 단일판매ㆍ공급계약체결               | 2026-06-29: 정보보호현황(자율공시)              ,2
대동,000490,5,OK,,단일판매ㆍ공급계약체결              (+5),,2026-07-15: [기재정정]타법인주식및출자증권취득결정               | 2026-07-15: [기재정정]유무상증자결정(종속회사의주요경영사항)               | 2026-07-07: 단일판매ㆍ공급계약체결               | 2026-06-29: 지속가능경영보고서등관련사항(자율공시)              ,4
대한방직,001070,5,OK,,[기재정정]주식소각결정              (+5),,2026-07-22: 주요사항보고서(자기주식취득신탁계약체결결정) | 2026-07-22: [기재정정]주식소각결정              ,2
중앙백신,072020,5,OK,,단일판매ㆍ공급계약체결              (+5),,2026-07-08: 단일판매ㆍ공급계약체결              ,1
SJG세종,033530,5,OK,,주식소각결정              (+5),,2026-06-30: 주식소각결정               | 2026-06-29: 임시주주총회결과              ,2
PS일렉트로닉스,332570,5,OK,,단일판매ㆍ공급계약체결              (+5),,2026-07-24: 주식등의대량보유상황보고서(일반) | 2026-07-22: 단일판매ㆍ공급계약체결               | 2026-07-07: [기재정정]주요사항보고서(자기주식취득신탁계약체결결정) | 2026-07-07: 임원ㆍ주요주주특정증권등소유상황보고서 | 2026-07-07: 주식등의대량보유상황보고서(일반),8
동양,001520,5,OK,,[기재정정]단일판매ㆍ공급계약체결              (+5),,2026-07-29: 임원ㆍ주요주주특정증권등소유상황보고서 | 2026-07-29: 임원ㆍ주요주주특정증권등소유상황보고서 | 2026-07-27: 임원ㆍ주요주주특정증권등소유상황보고서 | 2026-07-27: 임원ㆍ주요주주특정증권등소유상황보고서 | 2026-07-16: 주식등의대량보유상황보고서(일반),20
바이오비쥬,489460,5,OK,,주식소각결정              (+5),,2026-07-02: 주식소각결정               | 2026-07-01: 자기주식취득결과보고서,2
AP위성,211270,5,OK,,[기재정정]단일판매ㆍ공급계약체결              (+5),,2026-07-06: 증권발행결과(자율공시)               | 2026-07-02: [기재정정]단일판매ㆍ공급계약체결              ,2
민테크,452200,5,OK,,단일판매ㆍ공급계약체결              (+5),,2026-07-02: 단일판매ㆍ공급계약체결              ,1
파이버프로,368770,5,OK,,단일판매ㆍ공급계약체결              (+5),,2026-07-23: 단일판매ㆍ공급계약체결              ,1
서전기전,189860,5,OK,,[기재정정]단일판매ㆍ공급계약체결              (+5),,2026-06-30: [기재정정]단일판매ㆍ공급계약체결              ,1
셀피글로벌,068940,5,OK,,단일판매ㆍ공급계약체결(자율공시)              (+5),,2026-07-21: 단일판매ㆍ공급계약체결(자율공시)               | 2026-06-30: 소송등의판결ㆍ결정              (신주발행금지가처분),2
서울옥션,063170,5,OK,,[기재정정]단일판매ㆍ공급계약체결              (+5),,2026-07-14: 주식등의대량보유상황보고서(일반) | 2026-07-06: 교환사채(해외교환사채포함)발행후만기전사채취득               | 2026-06-29: [기재정정]단일판매ㆍ공급계약체결              ,3
기가레인,049080,5,OK,,단일판매ㆍ공급계약체결(자율공시)              (+5),,2026-07-28: 주주명부폐쇄기간또는기준일설정               | 2026-07-28: 주주총회소집결의               | 2026-07-16: 단일판매ㆍ공급계약체결(자율공시)               | 2026-07-14: 조회공시요구(현저한시황변동)에대한답변(미확정)               | 2026-07-13: 조회공시요구(현저한시황변동)              ,5
선진뷰티사이언스,086710,5,OK,,주요사항보고서(자기주식취득결정)(+5),,2026-07-03: 임원ㆍ주요주주특정증권등소유상황보고서 | 2026-06-30: 기타주요경영사항              (회사분할결정 철회) | 2026-06-30: [기재정정]주요사항보고서(회사분할결정) | 2026-06-30: 주요사항보고서(자기주식취득결정),4
비츠로테크,042370,5,OK,,주식소각결정(자회사의 주요경영사항)              (+5),,2026-06-30: 주식소각결정(자회사의 주요경영사항)              ,1
미원상사,002840,5,OK,,주식소각결정              (+5),,2026-07-22: 임원ㆍ주요주주특정증권등소유상황보고서 | 2026-07-13: 임원ㆍ주요주주특정증권등소유상황보고서 | 2026-07-08: 주식소각결정               | 2026-07-08: 최대주주등소유주식변동신고서               | 2026-07-02: 임원ㆍ주요주주특정증권등소유상황보고서,8
휴니드테크놀러지스,005870,5,OK,,[기재정정]단일판매ㆍ공급계약체결              (+5),,2026-07-28: 주식등의대량보유상황보고서(일반) | 2026-07-23: 주식등의대량보유상황보고서(일반) | 2026-07-22: [기재정정]단일판매ㆍ공급계약체결               | 2026-07-16: 주식등의대량보유상황보고서(일반) | 2026-07-01: 대표이사(대표집행임원)변경(안내공시)              ,6
씨에스윈드,112610,5,OK,,단일판매ㆍ공급계약체결              (+5),,2026-07-27: 결산실적공시예고(안내공시)               | 2026-07-20: 최대주주등소유주식변동신고서               | 2026-07-20: 주식등의대량보유상황보고서(일반) | 2026-07-07: 단일판매ㆍ공급계약체결               | 2026-07-01: 주식등의대량보유상황보고서(약식),5
엔시스,333620,5,OK,,[기재정정]단일판매ㆍ공급계약체결              (+5),,2026-06-30: [기재정정]단일판매ㆍ공급계약체결               | 2026-06-30: 단일판매ㆍ공급계약해지              ,2
큐브엔터,182360,5,OK,,주식소각결정              (+5),,2026-07-23: 주식소각결정               | 2026-06-30: 대표이사변경              ,2
아이비젼웍스,469750,5,OK,,[기재정정]단일판매ㆍ공급계약체결              (+5),,2026-07-23: 주주총회소집공고 | 2026-07-01: 주주명부폐쇄기간또는기준일설정               | 2026-07-01: 주식병합결정               | 2026-07-01: 주주총회소집결의              (임시주주총회) | 2026-06-30: [기재정정]단일판매ㆍ공급계약체결              ,5
글로본,019660,5,OK,,단일판매ㆍ공급계약체결              (+5),,2026-07-15: 타인에대한담보제공결정               | 2026-07-15: 단일판매ㆍ공급계약체결              ,2
엠앤씨솔루션,484870,5,OK,,단일판매ㆍ공급계약체결              (+5),,2026-07-23: 단일판매ㆍ공급계약체결               | 2026-07-14: 독립이사의선임ㆍ해임또는중도퇴임에관한신고 | 2026-07-14: 임시주주총회결과               | 2026-07-01: 주식등의대량보유상황보고서(약식) | 2026-06-29: 지속가능경영보고서등관련사항(자율공시)              ,5
이노스페이스,462350,5,OK,,[기재정정]단일판매ㆍ공급계약체결              (+5),,2026-07-21: 임원ㆍ주요주주특정증권등소유상황보고서 | 2026-07-21: 임원ㆍ주요주주특정증권등소유상황보고서 | 2026-07-21: 임원ㆍ주요주주특정증권등소유상황보고서 | 2026-07-21: 임원ㆍ주요주주특정증권등소유상황보고서 | 2026-07-21: 주식등의대량보유상황보고서(일반),8
와이즈넛,096250,5,OK,,[첨부추가]주식소각결정              (+5),,2026-07-24: [기재정정]기업가치제고계획(자율공시)               | 2026-07-07: [첨부추가]주식소각결정               | 2026-07-07: 자기주식취득결과보고서 | 2026-07-02: 주식등의대량보유상황보고서(약식),4
메디톡스,086900,5,OK,,[기재정정]주식소각결정              (상환전환우선주)(+5),,2026-07-07: 임원ㆍ주요주주특정증권등소유상황보고서 | 2026-06-30: [기재정정]주식소각결정              (상환전환우선주),2
한세예스24홀딩스,016450,5,OK,,주식소각결정(자회사의 주요경영사항)              (+5),,2026-07-01: 주식소각결정(자회사의 주요경영사항)               | 2026-06-30: 지속가능경영보고서등관련사항(자율공시)              ,2
디앤디파마텍,347850,5,OK,,[기재정정]단일판매ㆍ공급계약체결              (+5),,2026-07-14: [기재정정]단일판매ㆍ공급계약체결              ,1
대동금속,020400,5,OK,,주식소각결정              (+5),,2026-07-07: [기재정정]신탁계약에의한취득상황보고서 | 2026-07-07: 주식소각결정               | 2026-07-06: 신탁계약에의한취득상황보고서 | 2026-07-06: 신탁계약해지결과보고서 | 2026-07-06: 주요사항보고서(자기주식취득신탁계약해지결정),5
스맥,099440,5,OK,,단일판매ㆍ공급계약체결(자율공시)              (+5),,2026-07-27: 주식등의대량보유상황보고서(일반) | 2026-07-23: 임원ㆍ주요주주특정증권등소유상황보고서 | 2026-07-14: 단일판매ㆍ공급계약체결(자율공시)               | 2026-07-13: 임원ㆍ주요주주특정증권등소유상황보고서 | 2026-07-02: 임원ㆍ주요주주특정증권등소유상황보고서,5
SIMPAC,009160,5,OK,,주요사항보고서(자기주식취득결정)(+5),,2026-07-24: 투자판단관련주요경영사항               | 2026-07-10: 투자판단관련주요경영사항               | 2026-06-29: 주요사항보고서(자기주식취득결정),3
파인테크닉스,106240,5,OK,,단일판매ㆍ공급계약체결(자율공시)              (+5),,2026-07-29: 단일판매ㆍ공급계약체결(자율공시)               | 2026-07-21: 주요사항보고서(자기전환사채매도결정) | 2026-07-10: 주주총회소집결의              (임시주주총회) | 2026-07-10: 주주명부폐쇄기간또는기준일설정               | 2026-07-06: 전환사채(해외전환사채포함)발행후만기전사채취득              ,6
한화에어로스페이스,012450,5,OK,,[기재정정]단일판매ㆍ공급계약체결              (+5),,2026-07-28: 특수관계인과의수익증권거래 | 2026-07-27: 투자판단관련주요경영사항               | 2026-07-24: 임원ㆍ주요주주특정증권등소유상황보고서 | 2026-07-23: 풍문또는보도에대한해명(미확정)               | 2026-07-13: 기업설명회(IR)개최(안내공시)              ,11
동남합성,023450,5,OK,,주요사항보고서(자기주식취득결정)(+5),,2026-07-22: [기재정정]현금ㆍ현물배당결정               | 2026-07-08: 주요사항보고서(자기주식취득결정) | 2026-07-08: 현금ㆍ현물배당결정               | 2026-07-08: 현금ㆍ현물배당을위한주주명부폐쇄(기준일)결정               | 2026-07-07: 자기주식취득결과보고서,5
그린광학,0015G0,5,OK,,단일판매ㆍ공급계약체결              (+5),,2026-06-30: 단일판매ㆍ공급계약체결              ,1
기아,000270,6,OK,,연결재무제표기준영업(잠정)실적(공정공시)              (+3) | 영업(잠정)실적(공정공시)              (+3),,2026-07-29: 특수관계인으로부터기타유가증권매수 | 2026-07-24: 기업설명회(IR)개최(안내공시)               | 2026-07-24: 공정거래자율준수프로그램운영현황(안내공시)               | 2026-07-24: 약관에의한금융거래시계열금융회사의거래상대방의공시 | 2026-07-24: 특수관계인에대한출자,13
대한항공,003490,6,OK,,[기재정정]회사합병결정(종속회사의주요경영사항)              (+3) | 영업(잠정)실적(공정공시)              (+3),,2026-07-24: [기재정정]중대재해발생(종속회사의주요경영사항)               | 2026-07-24: 투자설명서 | 2026-07-24: 효력발생안내( 2026.7.13. 제출 증권신고서(합병) ) | 2026-07-14: [기재정정]회사합병결정(종속회사의주요경영사항)               | 2026-07-13: [기재정정]증권신고서(합병),11
KG모빌리티,003620,6,OK,,영업(잠정)실적(공정공시)              (+3) | 영업(잠정)실적(공정공시)              (+3),,2026-07-28: 단기차입금증가결정               | 2026-07-28: 영업(잠정)실적(공정공시)               | 2026-07-24: 기업설명회(IR)개최(안내공시)               | 2026-07-22: [기재정정]대규모기업집단현황공시[연1회공시및1/4분기용(개별회사)] | 2026-07-01: 영업(잠정)실적(공정공시)              ,6
안랩,053800,6,OK,,연결재무제표기준영업(잠정)실적(공정공시)              (+3) | 영업(잠정)실적(공정공시)              (+3),,2026-07-29: 임원ㆍ주요주주특정증권등소유상황보고서 | 2026-07-29: 연결재무제표기준영업(잠정)실적(공정공시)               | 2026-07-29: 영업(잠정)실적(공정공시)               | 2026-07-24: 결산실적공시예고               | 2026-07-06: 주식등의대량보유상황보고서(일반),6
플레이디,237820,6,OK,,영업(잠정)실적(공정공시)              (+3) | 연결재무제표기준영업(잠정)실적(공정공시)              (+3),,2026-07-27: 영업(잠정)실적(공정공시)               | 2026-07-27: 연결재무제표기준영업(잠정)실적(공정공시)              ,2
NHN,181710,6,OK,,[첨부정정]주요사항보고서(회사합병결정)(+3) | 주요사항보고서(회사합병결정)(+3),,2026-07-20: 기업설명회(IR)개최(안내공시)               | 2026-07-20: 결산실적공시예고(안내공시)               | 2026-07-14: 임원ㆍ주요주주특정증권등소유상황보고서 | 2026-07-13: 임원ㆍ주요주주특정증권등소유상황보고서 | 2026-07-10: [첨부정정]주요사항보고서(회사합병결정),9
심텍홀딩스,036710,6,OK,,[기재정정]회사합병결정(종속회사의주요경영사항)              (+3) | 회사합병결정(종속회사의주요경영사항)              (+3),,2026-07-15: [기재정정]회사합병결정(종속회사의주요경영사항)               | 2026-07-01: 교환청구권행사               | 2026-06-30: 회사합병결정(종속회사의주요경영사항)              ,3
삼성에피스홀딩스,0126Z0,6,OK,,연결재무제표기준영업(잠정)실적(공정공시)              (+3) | 연결재무제표기준영업(잠정)실적(공정공시)(자회사의 주요경영사항)              (+3),,2026-07-24: 연결재무제표기준영업(잠정)실적(공정공시)               | 2026-07-24: 연결재무제표기준영업(잠정)실적(공정공시)(자회사의 주요경영사항)               | 2026-07-22: 투자판단관련주요경영사항(자회사의 주요경영사항)              (Nectin4 단백질 표적 고형암 치료제 후보물질 SBE303 연구개발 및 상업화 계약 체결) | 2026-07-10: 결산실적공시예고(안내공시)               | 2026-07-09: 투자판단관련주요경영사항(자회사의 주요경영사항)              (개량항체 공동기술개발 및 기술도입 옵션계약 체결),7
OCI홀딩스,010060,6,OK,,연결재무제표기준영업(잠정)실적(공정공시)              (+3) | [기재정정]유형자산취득결정(종속회사의주요경영사항)              (+3),,2026-07-28: 최대주주등소유주식변동신고서               | 2026-07-23: [기재정정]대규모기업집단현황공시[연1회공시및1/4분기용(대표회사)] | 2026-07-23: 연결재무제표기준영업(잠정)실적(공정공시)               | 2026-07-23: [기재정정]유형자산취득결정(종속회사의주요경영사항)               | 2026-07-16: [기재정정]타법인주식및출자증권취득결정(자회사의 주요경영사항)              ,12
셀트리온,068270,6,OK,,[기재정정]연결재무제표기준영업(잠정)실적(공정공시)              (+3) | 연결재무제표기준영업(잠정)실적(공정공시)              (+3),,2026-07-27: [기재정정]연결재무제표기준영업(잠정)실적(공정공시)               | 2026-07-24: 투자판단관련주요경영사항              (CTP13 SC(짐펜트라) 한국 임상 3상 시험계획 신청(류마티스 관절염 환자)) | 2026-07-24: 투자판단관련주요경영사항              (CTP13 SC(짐펜트라) 미국 임상 3상 시험계획 신청 (류마티스 관절염 환자)) | 2026-07-24: 임원ㆍ주요주주특정증권등소유상황보고서 | 2026-07-24: 투자판단관련주요경영사항              (CTP13 SC(짐펜트라) 유럽 임상 3상 시험계획 신청(Part1&2) (류마티스 관절염 환자)),71
한미반도체,042700,6,OK,,연결재무제표기준영업(잠정)실적(공정공시)              (+3) | [기재정정]유형자산취득결정              (+3),,2026-07-20: 기업가치제고계획(자율공시)               | 2026-07-15: 기업설명회(IR)개최(안내공시)               | 2026-07-14: 연결재무제표기준영업(잠정)실적(공정공시)               | 2026-07-02: 임원ㆍ주요주주특정증권등거래계획보고서 | 2026-07-01: 주식등의대량보유상황보고서(약식),6
에스폴리텍,050760,6,OK,,영업(잠정)실적(공정공시)              (+3) | 연결재무제표기준영업(잠정)실적(공정공시)              (+3),,2026-07-28: 영업(잠정)실적(공정공시)               | 2026-07-28: 연결재무제표기준영업(잠정)실적(공정공시)               | 2026-07-07: 조회공시요구(현저한시황변동)에대한답변(중요정보없음)               | 2026-07-06: 조회공시요구(현저한시황변동)              ,4
콜마바이오텍,215380,6,OK,,[기재정정]주요사항보고서(회사합병결정)(+3) | 주요사항보고서(회사합병결정)(+3),,2026-07-21: [기재정정]주요사항보고서(회사합병결정) | 2026-07-20: 주요사항보고서(회사합병결정) | 2026-07-08: 본점소재지변경               | 2026-07-08: 상호변경안내               | 2026-07-08: 임시주주총회결과              ,5
SGC에너지,005090,6,OK,,연결재무제표기준영업(잠정)실적(공정공시)              (+3) | 유형자산취득결정(종속회사의주요경영사항)              (+3),,2026-07-24: 기업설명회(IR)개최(안내공시)               | 2026-07-24: 기업설명회(IR)개최(안내공시)               | 2026-07-23: 연결재무제표기준영업(잠정)실적(공정공시)               | 2026-07-16: 기업설명회(IR)개최(안내공시)               | 2026-07-09: 유형자산취득결정(종속회사의주요경영사항)              ,7
아시아나항공,020560,6,OK,,[첨부정정]주요사항보고서(회사합병결정)(+3) | [기재정정]주요사항보고서(회사합병결정)(+3),,2026-07-28: 의결권대리행사권유참고서류 | 2026-07-28: 주주총회소집공고 | 2026-07-24: [기재정정]중대재해발생(종속회사의주요경영사항)               | 2026-07-14: [첨부정정]주요사항보고서(회사합병결정) | 2026-07-13: [기재정정]주요사항보고서(회사합병결정),6
KG스틸,016380,6,OK,,연결재무제표기준영업(잠정)실적(공정공시)              (+3) | 영업(잠정)실적(공정공시)              (+3),,2026-07-29: 연결재무제표기준영업(잠정)실적(공정공시)               | 2026-07-29: 영업(잠정)실적(공정공시)               | 2026-07-24: 기업설명회(IR)개최(안내공시)               | 2026-07-10: 주식등의대량보유상황보고서(일반) | 2026-07-08: 주식등의대량보유상황보고서(일반),8
삼영무역,002810,6,OK,,[첨부정정]주요사항보고서(회사합병결정)(+3) | 주요사항보고서(회사합병결정)(+3),,2026-07-20: [첨부정정]주요사항보고서(회사합병결정) | 2026-07-16: 주주명부폐쇄기간또는기준일설정               | 2026-07-16: 주요사항보고서(회사합병결정) | 2026-07-01: 주식등의대량보유상황보고서(일반) | 2026-07-01: 최대주주등소유주식변동신고서              ,5
지역난방공사,071320,6,OK,,영업(잠정)실적(공정공시)              (+3) | 영업(잠정)실적(공정공시)              (+3),,2026-07-28: 증권발행실적보고서 | 2026-07-27: 영업(잠정)실적(공정공시)               | 2026-07-27: 투자설명서(일괄신고) | 2026-07-27: [기재정정]일괄신고추가서류 | 2026-07-27: 일괄신고추가서류,15
쎄트렉아이,099320,8,OK,,연결재무제표기준영업(잠정)실적(공정공시)              (+3) | 단일판매ㆍ공급계약체결              (+5),,2026-07-29: 연결재무제표기준영업(잠정)실적(공정공시)               | 2026-07-24: 단일판매ㆍ공급계약체결               | 2026-07-02: 기업설명회(IR)개최              ,3
모비데이즈,363260,8,OK,,주요사항보고서(자기주식취득결정)(+5) | 연결재무제표기준영업(잠정)실적(공정공시)              (+3),,2026-07-29: 임원ㆍ주요주주특정증권등소유상황보고서 | 2026-07-23: 주요사항보고서(자기주식취득결정) | 2026-07-23: 의결권대리행사권유참고서류 | 2026-07-23: 주주총회소집공고 | 2026-07-15: 주식등의대량보유상황보고서(일반),7
HD건설기계,267270,8,OK,,[기재정정]주식소각결정              (+5) | 연결재무제표기준영업(잠정)실적(공정공시)              (+3),,2026-07-29: [기재정정]주식소각결정               | 2026-07-29: 연결재무제표기준영업(잠정)실적(공정공시)               | 2026-07-22: 기업설명회(IR)개최(안내공시)               | 2026-07-22: 기업설명회(IR)개최(안내공시)               | 2026-07-03: [첨부정정]지속가능경영보고서등관련사항(자율공시)              ,7
매드업,0039P0,8,OK,,연결재무제표기준영업(잠정)실적(공정공시)              (+3) | 주요사항보고서(자기주식취득결정)(+5),,2026-07-29: 연결재무제표기준영업(잠정)실적(공정공시)               | 2026-07-24: 결산실적공시예고               | 2026-07-09: [기재정정]현금ㆍ현물배당결정              (분기배당) | 2026-07-09: 주요사항보고서(자기주식취득결정) | 2026-07-08: 현금ㆍ현물배당결정              (분기배당),15
현대모비스,012330,8,OK,,연결재무제표기준영업(잠정)실적(공정공시)              (+3) | [기재정정]주식소각결정              (+5),,2026-07-24: 특수관계인에대한출자 | 2026-07-24: 특수관계인으로부터기타유가증권매수 | 2026-07-24: 기업설명회(IR)개최(안내공시)               | 2026-07-24: 연결재무제표기준영업(잠정)실적(공정공시)               | 2026-07-24: 현금ㆍ현물배당을위한주주명부폐쇄(기준일)결정              ,12
한국항공우주,047810,8,OK,,연결재무제표기준영업(잠정)실적(공정공시)              (+3) | [기재정정]단일판매ㆍ공급계약체결              (+5),,2026-07-29: 연결재무제표기준영업(잠정)실적(공정공시)               | 2026-07-27: 주식등의대량보유상황보고서(약식) | 2026-07-27: 주식등의대량보유상황보고서(일반) | 2026-07-21: 기업설명회(IR)개최(안내공시)               | 2026-07-21: 기업설명회(IR)개최(안내공시)              ,14
테크윙,089030,8,OK,,단일판매ㆍ공급계약체결(자율공시)              (+5) | 연결재무제표기준영업(잠정)실적(공정공시)              (+3),,2026-07-20: 단일판매ㆍ공급계약체결(자율공시)               | 2026-07-13: 연결재무제표기준영업(잠정)실적(공정공시)               | 2026-07-08: 주식등의대량보유상황보고서(약식) | 2026-07-02: 주식등의대량보유상황보고서(약식),4
한화시스템,272210,8,OK,,[기재정정]단일판매ㆍ공급계약체결              (+5) | 연결재무제표기준영업(잠정)실적(공정공시)              (+3),,2026-07-28: [기재정정]단일판매ㆍ공급계약체결               | 2026-07-28: 연결재무제표기준영업(잠정)실적(공정공시)               | 2026-07-28: 기업설명회(IR)개최(안내공시)               | 2026-07-14: 기업설명회(IR)개최(안내공시)               | 2026-07-14: 임원ㆍ주요주주특정증권등소유상황보고서,8
두산에너빌리티,034020,8,OK,,연결재무제표기준영업(잠정)실적(공정공시)              (+3) | [기재정정]단일판매ㆍ공급계약체결(자율공시)              (+5),,2026-07-27: 연결재무제표기준영업(잠정)실적(공정공시)               | 2026-07-24: 특수관계인에대한출자 | 2026-07-24: 기업설명회(IR)개최(안내공시)               | 2026-07-20: 기업설명회(IR)개최(안내공시)               | 2026-07-20: 결산실적공시예고(안내공시)              ,11
HD현대마린엔진,071970,8,OK,,연결재무제표기준영업(잠정)실적(공정공시)              (+3) | [기재정정]단일판매ㆍ공급계약체결              (+5),,2026-07-28: 연결재무제표기준영업(잠정)실적(공정공시)               | 2026-07-15: [기재정정]단일판매ㆍ공급계약체결               | 2026-07-01: 주식등의대량보유상황보고서(약식),3
한화오션,042660,8,OK,,연결재무제표기준영업(잠정)실적(공정공시)              (+3) | 단일판매ㆍ공급계약체결              (+5),,2026-07-27: 공정거래자율준수프로그램운영현황(안내공시)               | 2026-07-27: 연결재무제표기준영업(잠정)실적(공정공시)               | 2026-07-23: 특수관계인과의내부거래 | 2026-07-22: [첨부정정]지속가능경영보고서등관련사항(자율공시)               | 2026-07-16: 임원ㆍ주요주주특정증권등소유상황보고서,14
비츠로셀,082920,8,OK,,연결재무제표기준영업(잠정)실적(공정공시)              (+3) | 주식소각결정              (+5),,2026-07-20: 주식등의대량보유상황보고서(약식) | 2026-07-16: 임원ㆍ주요주주특정증권등소유상황보고서 | 2026-07-14: 주식등의대량보유상황보고서(약식) | 2026-07-09: 연결재무제표기준영업(잠정)실적(공정공시)               | 2026-07-06: 임원ㆍ주요주주특정증권등소유상황보고서,15
현대로템,064350,8,OK,,연결재무제표기준영업(잠정)실적(공정공시)              (+3) | [기재정정]단일판매ㆍ공급계약체결              (+5),,2026-07-28: 투자판단관련주요경영사항               | 2026-07-27: 기업설명회(IR)개최(안내공시)               | 2026-07-24: 연결재무제표기준영업(잠정)실적(공정공시)               | 2026-07-24: 공정거래자율준수프로그램운영현황(안내공시)               | 2026-07-22: 풍문또는보도에대한해명(미확정)              ,10
솔루스첨단소재,336370,8,OK,,주식소각결정              (+5) | 연결재무제표기준영업(잠정)실적(공정공시)              (+3),,2026-07-24: 주식소각결정               | 2026-07-24: 연결재무제표기준영업(잠정)실적(공정공시)               | 2026-07-23: 기업설명회(IR)개최(안내공시)               | 2026-07-23: 기업설명회(IR)개최(안내공시)              ,4
듀켐바이오,176750,9,OK,,[첨부정정]주요사항보고서(회사합병결정)(+3) | [첨부정정]주요사항보고서(회사합병결정)(+3) | 주요사항보고서(회사합병결정)(+3),,2026-07-23: [첨부정정]주요사항보고서(회사합병결정) | 2026-07-23: [첨부정정]주요사항보고서(회사합병결정) | 2026-07-22: 주주명부폐쇄기간또는기준일설정               | 2026-07-22: 주요사항보고서(회사합병결정),4
에코볼트,097780,9,OK,,[기재정정]주요사항보고서(회사합병결정)(+3) | [기재정정]주요사항보고서(회사합병결정)(+3) | [기재정정]주요사항보고서(회사합병결정)(+3),,2026-07-28: [기재정정]주요사항보고서(회사합병결정) | 2026-07-24: [기재정정]주주총회소집결의              (임시주주총회) | 2026-07-24: [기재정정]주요사항보고서(회사합병결정) | 2026-07-10: [기재정정]주주총회소집결의              (임시주주총회) | 2026-07-10: [기재정정]주요사항보고서(회사합병결정),5
알에프텍,061040,9,OK,,[기재정정]주요사항보고서(회사합병결정)(+3) | [기재정정]주요사항보고서(회사합병결정)(+3) | [기재정정]주요사항보고서(회사합병결정)(+3),,2026-07-28: [기재정정]주요사항보고서(회사합병결정) | 2026-07-24: [첨부정정]증권신고서(합병) | 2026-07-24: [기재정정]증권신고서(합병) | 2026-07-24: [기재정정]주주총회소집결의              (임시주주총회) | 2026-07-24: [기재정정]주요사항보고서(회사합병결정),20
한전기술,052690,10,OK,,[기재정정]단일판매ㆍ공급계약체결              (+5) | [기재정정]단일판매ㆍ공급계약체결              (+5),,2026-07-27: [기재정정]단일판매ㆍ공급계약체결               | 2026-07-13: 주주명부폐쇄기간또는기준일설정               | 2026-07-10: 풍문또는보도에대한해명(미확정)               | 2026-07-02: [기재정정]단일판매ㆍ공급계약체결               | 2026-07-02: 임원ㆍ주요주주특정증권등소유상황보고서,6
유신,054930,10,OK,,[기재정정]단일판매ㆍ공급계약체결              (+5) | [기재정정]단일판매ㆍ공급계약체결(자율공시)              (+5),,2026-07-10: [기재정정]단일판매ㆍ공급계약체결               | 2026-07-10: [기재정정]단일판매ㆍ공급계약체결(자율공시)              ,2
이노시뮬레이션,274400,10,OK,,단일판매ㆍ공급계약체결(자율공시)              (+5) | [기재정정]단일판매ㆍ공급계약체결(자율공시)              (+5),,2026-07-29: 임원ㆍ주요주주특정증권등소유상황보고서 | 2026-07-29: 임원ㆍ주요주주특정증권등소유상황보고서 | 2026-07-29: 임원ㆍ주요주주특정증권등소유상황보고서 | 2026-07-29: 임원ㆍ주요주주특정증권등소유상황보고서 | 2026-07-15: 단일판매ㆍ공급계약체결(자율공시)              ,7
에스지헬스케어,398120,10,OK,,[기재정정]단일판매ㆍ공급계약체결(자율공시)              (+5) | [기재정정]단일판매ㆍ공급계약체결(자율공시)              (+5),,2026-07-24: [기재정정]단일판매ㆍ공급계약체결(자율공시)               | 2026-07-10: [기재정정]단일판매ㆍ공급계약체결(자율공시)               | 2026-07-09: 임원ㆍ주요주주특정증권등소유상황보고서 | 2026-07-08: [기재정정]임원ㆍ주요주주특정증권등소유상황보고서,4
국영지앤엠,006050,10,OK,,[기재정정]단일판매ㆍ공급계약체결(자율공시)              (+5) | 단일판매ㆍ공급계약체결(자율공시)              (+5),,2026-07-29: 임원ㆍ주요주주특정증권등소유상황보고서 | 2026-07-29: 주식등의대량보유상황보고서(일반) | 2026-07-24: 임시주주총회결과               | 2026-07-22: 임원ㆍ주요주주특정증권등소유상황보고서 | 2026-07-22: 주식등의대량보유상황보고서(일반),12
에스비비테크,389500,10,OK,,[기재정정]단일판매ㆍ공급계약체결              (+5) | [기재정정]단일판매ㆍ공급계약체결              (+5),,2026-07-28: [기재정정]단일판매ㆍ공급계약체결               | 2026-07-06: 기업설명회(IR)개최               | 2026-06-30: [기재정정]단일판매ㆍ공급계약체결              ,3
탑머티리얼,360070,10,OK,,단일판매ㆍ공급계약체결              (+5) | [기재정정]단일판매ㆍ공급계약체결              (+5),,2026-07-13: 단일판매ㆍ공급계약체결               | 2026-06-29: [기재정정]단일판매ㆍ공급계약체결              ,2
HL홀딩스,060980,10,OK,,단일판매ㆍ공급계약체결(자회사의 주요경영사항)              (+5) | 단일판매ㆍ공급계약체결(자회사의 주요경영사항)              (+5),,2026-07-23: [첨부추가]지속가능경영보고서등관련사항(자율공시)               | 2026-07-22: 중대재해발생(자회사의 주요경영사항)               | 2026-07-22: 단일판매ㆍ공급계약체결(자회사의 주요경영사항)               | 2026-07-01: 주식등의대량보유상황보고서(약식) | 2026-07-01: 단일판매ㆍ공급계약체결(자회사의 주요경영사항)              ,6
에스에너지,095910,10,OK,,[기재정정]주식소각결정              (+5) | 주식소각결정              (+5),,2026-07-20: [기재정정]주식소각결정               | 2026-07-06: 주식소각결정              ,2
인텍플러스,064290,10,OK,,단일판매ㆍ공급계약체결(자율공시)              (+5) | 단일판매ㆍ공급계약체결              (+5),,2026-07-09: 임원ㆍ주요주주특정증권등소유상황보고서 | 2026-07-06: 전환가액의조정               | 2026-07-03: 교환청구권행사               | 2026-07-02: 단일판매ㆍ공급계약체결(자율공시)               | 2026-07-02: 단일판매ㆍ공급계약체결              ,6
핸즈코퍼레이션,143210,10,OK,,[기재정정]단일판매ㆍ공급계약체결              (+5) | [기재정정]단일판매ㆍ공급계약체결              (+5),,2026-07-07: 기타시장안내              (개선계획서 제출) | 2026-07-01: [기재정정]단일판매ㆍ공급계약체결               | 2026-07-01: [기재정정]단일판매ㆍ공급계약체결               | 2026-06-29: 임원ㆍ주요주주특정증권등소유상황보고서 | 2026-06-29: 임원ㆍ주요주주특정증권등소유상황보고서,6
세보엠이씨,011560,10,OK,,[기재정정]단일판매ㆍ공급계약체결(자율공시)              (+5) | [기재정정]단일판매ㆍ공급계약체결              (+5),,2026-07-29: [기재정정]단일판매ㆍ공급계약체결(자율공시)               | 2026-07-29: 신탁계약에의한취득상황보고서 | 2026-06-30: [기재정정]단일판매ㆍ공급계약체결              ,3
티와이홀딩스,363280,10,OK,,단일판매ㆍ공급계약체결(자회사의 주요경영사항)              (+5) | 단일판매ㆍ공급계약체결(자회사의 주요경영사항)              (+5),,2026-07-16: 단일판매ㆍ공급계약체결(자회사의 주요경영사항)               | 2026-07-02: 단일판매ㆍ공급계약체결(자회사의 주요경영사항)               | 2026-07-01: 투자판단관련주요경영사항(자회사의 주요경영사항)              ,3
다스코,058730,10,OK,,[기재정정]단일판매ㆍ공급계약체결              (+5) | [기재정정]단일판매ㆍ공급계약체결              (+5) | 단일판매ㆍ공급계약체결              (+5) | 단일판매ㆍ공급계약체결              (+5),주요사항보고서(자기주식처분결정)(-10),2026-07-09: [기재정정]단일판매ㆍ공급계약체결               | 2026-07-09: 전환청구권ㆍ신주인수권ㆍ교환청구권행사               | 2026-07-09: 주식등의대량보유상황보고서(일반) | 2026-07-09: [기재정정]단일판매ㆍ공급계약체결               | 2026-07-08: 단일판매ㆍ공급계약체결              ,9
케이엔에스,432470,10,OK,,[기재정정]단일판매ㆍ공급계약체결              (+5) | [기재정정]단일판매ㆍ공급계약체결              (+5),,2026-06-30: [기재정정]단일판매ㆍ공급계약체결               | 2026-06-30: [기재정정]단일판매ㆍ공급계약체결              ,2
액스비스,0011A0,10,OK,,[기재정정]단일판매ㆍ공급계약체결              (+5) | 단일판매ㆍ공급계약체결              (+5),,2026-07-29: 기타경영사항(자율공시)              (국책과제 선정(레이저 가공 공정의 고신뢰 품질관리를 위한 실시간 센서신호 처리 기반 온디바이스 AI플랫폼 개발 및 글로벌 사업화)) | 2026-07-22: [기재정정]단일판매ㆍ공급계약체결               | 2026-07-15: 단일판매ㆍ공급계약체결               | 2026-07-02: 주식등의대량보유상황보고서(일반),4
미원홀딩스,107590,10,OK,,주요사항보고서(자기주식취득결정)(자회사의 주요경영사항)              (+5) | 주요사항보고서(자기주식취득결정)(자회사의 주요경영사항)              (+5),,2026-07-22: [기재정정]현금ㆍ현물배당결정(자회사의 주요경영사항)               | 2026-07-09: 주요사항보고서(자기주식취득결정)(자회사의 주요경영사항)               | 2026-07-09: 현금ㆍ현물배당결정(자회사의 주요경영사항)               | 2026-07-08: 주요사항보고서(자기주식취득결정)(자회사의 주요경영사항)               | 2026-07-08: 현금ㆍ현물배당결정(자회사의 주요경영사항)              ,7
엑셈,205100,10,OK,,주식소각결정              (+5) | 주요사항보고서(자기주식취득결정)(+5),,2026-07-27: 임시주주총회결과               | 2026-07-27: 주식소각결정               | 2026-07-23: 자기주식취득결과보고서 | 2026-07-15: [기재정정]거래처와의거래중단               | 2026-07-09: 의결권대리행사권유참고서류,12
비트컴퓨터,032850,10,OK,,주요사항보고서(자기주식취득결정)(+5) | [기재정정]단일판매ㆍ공급계약체결              (+5),,2026-07-29: 주요사항보고서(자기주식취득결정) | 2026-07-23: [기재정정]단일판매ㆍ공급계약체결               | 2026-07-20: 자기주식취득결과보고서 | 2026-07-13: 임원ㆍ주요주주특정증권등소유상황보고서 | 2026-07-01: 임원ㆍ주요주주특정증권등소유상황보고서,5
씨메스로보틱스,475400,10,OK,,[기재정정]단일판매ㆍ공급계약체결              (+5) | 단일판매ㆍ공급계약체결              (+5),,2026-07-27: [기재정정]단일판매ㆍ공급계약체결               | 2026-07-14: 단일판매ㆍ공급계약체결              ,2
수산인더스트리,126720,10,OK,,[기재정정]단일판매ㆍ공급계약체결              (+5) | [기재정정]단일판매ㆍ공급계약체결              (+5),,2026-07-29: [기재정정]단일판매ㆍ공급계약체결               | 2026-07-24: [기재정정]단일판매ㆍ공급계약체결              ,2
HB솔루션,297890,10,OK,,단일판매ㆍ공급계약체결              (+5) | 단일판매ㆍ공급계약체결              (+5),,2026-07-23: 단일판매ㆍ공급계약체결               | 2026-07-08: 독립이사의선임ㆍ해임또는중도퇴임에관한신고 | 2026-07-08: 임시주주총회결과               | 2026-07-07: 단일판매ㆍ공급계약체결              ,4
현대건설,000720,10,OK,,[기재정정]단일판매ㆍ공급계약체결(자율공시)              (+5) | [기재정정]단일판매ㆍ공급계약체결              (+5),,2026-07-29: 기타경영사항(자율공시)(종속회사의주요경영사항)               | 2026-07-23: 임원ㆍ주요주주특정증권등소유상황보고서 | 2026-07-23: 임원ㆍ주요주주특정증권등소유상황보고서 | 2026-07-22: 영업정지(종속회사의주요경영사항)               | 2026-07-21: 기업설명회(IR)개최(안내공시)              ,15
위드텍,348350,10,OK,,주식소각결정              (+5) | 주요사항보고서(자기주식취득결정)(+5),,2026-07-27: 주식소각결정               | 2026-07-14: 현금ㆍ현물배당결정              (중간배당) | 2026-07-14: 중간(분기)배당을위한주주명부폐쇄(기준일)결정               | 2026-07-14: [기재정정]현금ㆍ현물배당을위한주주명부폐쇄(기준일)결정               | 2026-07-14: 현금ㆍ현물배당을위한주주명부폐쇄(기준일)결정              ,6
제이티,089790,10,OK,,[기재정정]단일판매ㆍ공급계약체결              (+5) | 단일판매ㆍ공급계약체결              (+5),,2026-07-02: [기재정정]단일판매ㆍ공급계약체결               | 2026-07-02: 단일판매ㆍ공급계약체결              ,2
엠엑스로보틱스,007820,10,OK,,[기재정정]단일판매ㆍ공급계약체결              (+5) | 단일판매ㆍ공급계약체결              (+5),,2026-07-20: 타인에대한담보제공결정               | 2026-07-20: 타인에대한채무보증결정               | 2026-07-13: [기재정정]단일판매ㆍ공급계약체결               | 2026-07-02: 단일판매ㆍ공급계약체결              ,4
신화프리텍,095190,10,OK,,[기재정정]단일판매ㆍ공급계약체결(자율공시)              (+5) | [기재정정]단일판매ㆍ공급계약체결(자율공시)              (+5),,2026-07-28: 주식등의대량보유상황보고서(일반) | 2026-07-24: 주식등의대량보유상황보고서(일반) | 2026-06-30: [기재정정]단일판매ㆍ공급계약체결(자율공시)               | 2026-06-30: [기재정정]단일판매ㆍ공급계약체결(자율공시)              ,4
HL D&I,014790,10,OK,,단일판매ㆍ공급계약체결              (+5) | 단일판매ㆍ공급계약체결              (+5),,2026-07-22: 단일판매ㆍ공급계약체결               | 2026-07-07: 임원ㆍ주요주주특정증권등소유상황보고서 | 2026-07-01: 단일판매ㆍ공급계약체결              ,3
남화토건,091590,10,OK,,[기재정정]단일판매ㆍ공급계약체결              (+5) | [기재정정]단일판매ㆍ공급계약체결              (+5),,2026-07-14: [기재정정]단일판매ㆍ공급계약체결               | 2026-07-07: [기재정정]단일판매ㆍ공급계약체결               | 2026-07-01: 타인에대한채무보증결정              ,3
엠게임,058630,10,OK,,주식소각결정              (+5) | [기재정정]주요사항보고서(자기주식취득결정)(+5),,2026-07-28: 자기주식취득결과보고서 | 2026-07-03: 현금ㆍ현물배당결정              (분기배당) | 2026-07-01: 주식소각결정               | 2026-06-29: [기재정정]주요사항보고서(자기주식취득결정),4
와이씨,232140,10,OK,,[기재정정]단일판매ㆍ공급계약체결              (+5) | [기재정정]단일판매ㆍ공급계약체결              (+5),,2026-06-29: [기재정정]단일판매ㆍ공급계약체결               | 2026-06-29: [기재정정]단일판매ㆍ공급계약체결              ,2
정원엔시스,045510,10,OK,,[기재정정]주요사항보고서(자기주식취득결정)(+5) | 주요사항보고서(자기주식취득결정)(+5),,2026-07-23: [기재정정]주요사항보고서(자기주식취득결정) | 2026-07-23: 주요사항보고서(자기주식취득결정),2
한익스프레스,014130,10,OK,,주요사항보고서(자기주식취득결정)(+5) | 주식소각결정              (+5),,2026-07-16: 주요사항보고서(자기주식취득결정) | 2026-07-10: 기업가치제고계획예고(안내공시)               | 2026-07-02: 주식소각결정              ,3
KC코트렐,119650,10,OK,,단일판매ㆍ공급계약체결(자율공시)              (+5) | 단일판매ㆍ공급계약체결(자율공시)              (+5),,2026-07-22: 단일판매ㆍ공급계약체결(자율공시)               | 2026-07-07: 단일판매ㆍ공급계약체결(자율공시)               | 2026-07-01: [기재정정]주요사항보고서(채권은행등의관리절차개시),3
에이직랜드,445090,10,OK,,[기재정정]단일판매ㆍ공급계약체결              (+5) | 단일판매ㆍ공급계약체결              (+5),,2026-06-30: [기재정정]단일판매ㆍ공급계약체결               | 2026-06-29: 단일판매ㆍ공급계약체결              ,2
포스코퓨처엠,003670,10,OK,,단일판매ㆍ공급계약체결              (+5) | 단일판매ㆍ공급계약체결              (+5),,2026-07-29: 지급수단별ㆍ지급기간별지급금액및분쟁조정기구에관한사항 | 2026-07-16: 단일판매ㆍ공급계약체결               | 2026-07-16: 단일판매ㆍ공급계약체결               | 2026-07-16: 임원ㆍ주요주주특정증권등소유상황보고서 | 2026-07-16: 기업설명회(IR)개최(안내공시)              ,9
엠오티,413390,10,OK,,[기재정정]단일판매ㆍ공급계약체결              (+5) | [기재정정]단일판매ㆍ공급계약체결              (+5),,2026-07-06: [기재정정]단일판매ㆍ공급계약체결               | 2026-07-06: [기재정정]단일판매ㆍ공급계약체결               | 2026-06-29: 주요사항보고서(자기주식취득신탁계약체결결정),3
유바이오로직스,206650,10,OK,,[기재정정]단일판매ㆍ공급계약체결(자율공시)              (+5) | 단일판매ㆍ공급계약체결(자율공시)              (+5),,"2026-07-27: 투자판단관련주요경영사항(임상시험결과)              (호흡기세포융합바이러스 (Respiratory Syncytial Virus,RSV) 예방 백신 (EuRSV, 유알에스브이)의 제1상 국내 임상시험 결과) | 2026-07-16: [기재정정]단일판매ㆍ공급계약체결(자율공시)               | 2026-07-14: 단일판매ㆍ공급계약체결(자율공시)               | 2026-07-06: 임원ㆍ주요주주특정증권등소유상황보고서 | 2026-07-02: 신탁계약에의한취득상황보고서",6
유니슨,018000,10,OK,,[기재정정]단일판매ㆍ공급계약체결              (+5) | [기재정정]단일판매ㆍ공급계약체결              (+5),,2026-07-29: [기재정정]단일판매ㆍ공급계약체결               | 2026-07-23: 주주총회소집결의              (임시주주총회) | 2026-07-23: 주주명부폐쇄기간또는기준일설정               | 2026-07-23: 주식병합결정               | 2026-07-22: 기업설명회(IR)개최              ,7
강원에너지,114190,10,OK,,[기재정정]단일판매ㆍ공급계약체결              (+5) | [기재정정]단일판매ㆍ공급계약체결              (+5),,2026-07-29: [기재정정]단일판매ㆍ공급계약체결               | 2026-07-29: [기재정정]단일판매ㆍ공급계약체결               | 2026-07-03: 주식등의대량보유상황보고서(일반),3
금호건설,002990,10,OK,,[기재정정]단일판매ㆍ공급계약체결              (+5) | [기재정정]단일판매ㆍ공급계약체결              (+5),,2026-07-23: 투자판단관련주요경영사항               | 2026-07-22: 투자판단관련주요경영사항               | 2026-07-16: [기재정정]단일판매ㆍ공급계약체결               | 2026-07-14: 기업설명회(IR)개최(안내공시)               | 2026-07-09: 투자판단관련주요경영사항              ,6
자연과환경,043910,10,OK,,단일판매ㆍ공급계약체결(자율공시)              (+5) | 단일판매ㆍ공급계약체결(자율공시)              (+5),,2026-07-29: 주식등의대량보유상황보고서(일반) | 2026-07-22: 단일판매ㆍ공급계약체결(자율공시)               | 2026-07-15: 단일판매ㆍ공급계약체결(자율공시)               | 2026-07-08: 주식등의대량보유상황보고서(일반),4
하나기술,299030,10,OK,,[기재정정]단일판매ㆍ공급계약체결              (+5) | [기재정정]단일판매ㆍ공급계약체결              (+5),,2026-07-23: 주식등의대량보유상황보고서(일반) | 2026-06-30: 주식등의대량보유상황보고서(일반) | 2026-06-29: [기재정정]단일판매ㆍ공급계약체결               | 2026-06-29: [기재정정]단일판매ㆍ공급계약체결              ,4
보성파워텍,006910,10,OK,,[기재정정]단일판매ㆍ공급계약체결              (+5) | [기재정정]단일판매ㆍ공급계약체결              (+5),,2026-07-29: [기재정정]단일판매ㆍ공급계약체결               | 2026-07-02: 주식등의대량보유상황보고서(일반) | 2026-06-30: [기재정정]단일판매ㆍ공급계약체결              ,3
에스티아이,039440,10,OK,,단일판매ㆍ공급계약체결(자율공시)              (+5) | 단일판매ㆍ공급계약체결              (+5),,2026-07-28: 단일판매ㆍ공급계약체결(자율공시)               | 2026-07-02: 단일판매ㆍ공급계약체결               | 2026-07-01: 주식등의대량보유상황보고서(약식),3
태영건설,009410,10,OK,,단일판매ㆍ공급계약체결              (+5) | 단일판매ㆍ공급계약체결              (+5),,2026-07-16: 특수관계인과의내부거래 | 2026-07-16: 단일판매ㆍ공급계약체결               | 2026-07-02: 단일판매ㆍ공급계약체결               | 2026-07-01: 투자판단관련주요경영사항               | 2026-06-30: 지속가능경영보고서등관련사항(자율공시)              ,5
엑시콘,092870,10,OK,,[기재정정]단일판매ㆍ공급계약체결              (+5) | 단일판매ㆍ공급계약체결              (+5),,2026-07-27: [기재정정]단일판매ㆍ공급계약체결               | 2026-07-10: 단일판매ㆍ공급계약체결              ,2
까뮤이앤씨,013700,10,OK,,단일판매ㆍ공급계약체결              (+5) | [기재정정]단일판매ㆍ공급계약체결              (+5),,2026-07-24: 최대주주등소유주식변동신고서               | 2026-07-24: 주식등의대량보유상황보고서(일반) | 2026-07-21: 주식등의대량보유상황보고서(일반) | 2026-07-13: [기재정정]금전대여결정               | 2026-07-13: [기재정정]타인에대한담보제공결정              ,11
삼성전기,009150,10,OK,,단일판매ㆍ공급계약체결              (+5) | 단일판매ㆍ공급계약체결              (+5),,2026-07-23: 단일판매ㆍ공급계약체결               | 2026-07-09: 기업설명회(IR)개최(안내공시)               | 2026-07-09: 결산실적공시예고(안내공시)               | 2026-07-06: 최대주주등소유주식변동신고서               | 2026-07-03: 장래사업ㆍ경영계획(공정공시)              ,10
KCC건설,021320,10,OK,,[기재정정]단일판매ㆍ공급계약체결(자율공시)              (+5) | 단일판매ㆍ공급계약체결              (+5),,2026-07-28: [기재정정]단일판매ㆍ공급계약체결(자율공시)               | 2026-07-02: 단일판매ㆍ공급계약체결              ,2
한성크린텍,066980,10,OK,,[기재정정]단일판매ㆍ공급계약체결(자율공시)              (+5) | [기재정정]단일판매ㆍ공급계약체결(자율공시)              (+5),,2026-07-28: [기재정정]단일판매ㆍ공급계약체결(자율공시)               | 2026-07-27: [기재정정]단일판매ㆍ공급계약체결(자율공시)               | 2026-07-24: 임원ㆍ주요주주특정증권등소유상황보고서 | 2026-07-16: 임원ㆍ주요주주특정증권등거래계획보고서 | 2026-07-16: 전환청구권행사              ,6
포바이포,389140,10,OK,,[기재정정]단일판매ㆍ공급계약체결(자율공시)              (+5) | [기재정정]단일판매ㆍ공급계약체결(자율공시)              (+5),,2026-07-27: [기재정정]단일판매ㆍ공급계약체결(자율공시)               | 2026-06-30: [기재정정]단일판매ㆍ공급계약체결(자율공시)              ,2
한텍,098070,10,OK,,단일판매ㆍ공급계약체결              (+5) | [기재정정]단일판매ㆍ공급계약체결              (+5),,2026-07-24: 임원ㆍ주요주주특정증권등소유상황보고서 | 2026-07-24: 단일판매ㆍ공급계약체결               | 2026-07-20: [기재정정]단일판매ㆍ공급계약체결              ,3
동신건설,025950,10,OK,,[기재정정]단일판매ㆍ공급계약체결              (+5) | 단일판매ㆍ공급계약체결              (+5),,2026-07-09: [기재정정]단일판매ㆍ공급계약체결               | 2026-07-01: 단일판매ㆍ공급계약체결              ,2
HDC,012630,10,OK,,주요사항보고서(자기주식취득결정)(자회사의 주요경영사항)              (+5) | 단일판매ㆍ공급계약체결(자회사의 주요경영사항)              (+5),,2026-07-28: 결산실적공시예고(안내공시)               | 2026-07-24: 최대주주등소유주식변동신고서               | 2026-07-24: 주식등의대량보유상황보고서(일반) | 2026-07-23: 주요사항보고서(자기주식취득결정)(자회사의 주요경영사항)               | 2026-07-21: 최대주주등소유주식변동신고서              ,14
서희건설,035890,10,OK,,[기재정정]단일판매ㆍ공급계약체결              (+5) | 주식소각결정              (+5),,2026-07-28: [기재정정]단일판매ㆍ공급계약체결               | 2026-07-03: 주식소각결정              ,2
핌스,347770,10,OK,,주식소각결정              (+5) | [기재정정]주요사항보고서(자기주식취득결정)(+5) | 주요사항보고서(자기주식취득결정)(+5),[기재정정]최대주주변경을수반하는주식담보제공계약체결              (-5),2026-07-23: 주식소각결정               | 2026-07-22: 자기주식취득결과보고서 | 2026-07-07: [기재정정]주요사항보고서(자기주식취득결정) | 2026-07-07: 주요사항보고서(자기주식취득결정) | 2026-07-07: 주식등의대량보유상황보고서(일반),7
케이쓰리아이,431190,10,OK,,[기재정정]단일판매ㆍ공급계약체결(자율공시)              (+5) | [기재정정]단일판매ㆍ공급계약체결(자율공시)              (+5),,2026-07-20: [기재정정]단일판매ㆍ공급계약체결(자율공시)               | 2026-07-08: 임원ㆍ주요주주특정증권등소유상황보고서 | 2026-07-02: [기재정정]단일판매ㆍ공급계약체결(자율공시)               | 2026-07-01: 임원ㆍ주요주주특정증권등소유상황보고서 | 2026-07-01: 임원ㆍ주요주주특정증권등소유상황보고서,5
효성,004800,10,OK,,[기재정정]단일판매ㆍ공급계약체결(자회사의 주요경영사항)              (+5) | 단일판매ㆍ공급계약체결(자회사의 주요경영사항)              (+5),,2026-07-15: [기재정정]단일판매ㆍ공급계약체결(자회사의 주요경영사항)               | 2026-07-02: 투자판단관련주요경영사항(자회사의 주요경영사항)               | 2026-06-29: 단일판매ㆍ공급계약체결(자회사의 주요경영사항)               | 2026-06-29: 지속가능경영보고서등관련사항(자율공시)              ,4
다원넥스뷰,323350,10,OK,,단일판매ㆍ공급계약체결              (+5) | [기재정정]단일판매ㆍ공급계약체결              (+5),,2026-07-07: 단일판매ㆍ공급계약체결               | 2026-07-01: [기재정정]단일판매ㆍ공급계약체결              ,2
삼현,437730,10,OK,,[기재정정]단일판매ㆍ공급계약체결(자율공시)              (+5) | [기재정정]단일판매ㆍ공급계약체결(자율공시)              (+5),,2026-07-16: 독립이사의선임ㆍ해임또는중도퇴임에관한신고 | 2026-07-15: 임시주주총회결과               | 2026-07-07: 기업설명회(IR)개최               | 2026-07-07: [기재정정]단일판매ㆍ공급계약체결(자율공시)               | 2026-07-07: [기재정정]단일판매ㆍ공급계약체결(자율공시)              ,6
우원개발,046940,10,OK,,[기재정정]단일판매ㆍ공급계약체결              (+5) | [기재정정]단일판매ㆍ공급계약체결              (+5),,2026-07-24: [기재정정]단일판매ㆍ공급계약체결               | 2026-07-10: [기재정정]단일판매ㆍ공급계약체결              ,2
우리금융지주,316140,11,OK,,주식소각결정              (+5) | 연결재무제표기준영업(잠정)실적(공정공시)(자회사의 주요경영사항)              (+3) | 연결재무제표기준영업(잠정)실적(공정공시)              (+3),,2026-07-24: 주식소각결정               | 2026-07-24: 현금ㆍ현물배당결정               | 2026-07-24: 주요사항보고서(자기주식취득신탁계약체결결정) | 2026-07-24: 연결재무제표기준영업(잠정)실적(공정공시)(자회사의 주요경영사항)               | 2026-07-24: 연결재무제표기준영업(잠정)실적(공정공시)              ,21
휴맥스,115160,11,OK,,[기재정정]주요사항보고서(회사합병결정)(+3) | 주식소각결정              (+5) | 주요사항보고서(회사합병결정)(+3),,2026-07-23: [기재정정]증권신고서(합병) | 2026-07-22: [기재정정]주요사항보고서(회사합병결정) | 2026-07-22: [기재정정]증권신고서(합병) | 2026-07-10: 기업설명회(IR)개최               | 2026-07-09: 정정신고서제출요구( 2026.07.01. 제출 증권신고서(합병) ),10
IPARK현대산업개발,294870,13,OK,,주요사항보고서(자기주식취득결정)(+5) | 연결재무제표기준영업(잠정)실적(공정공시)              (+3) | 단일판매ㆍ공급계약체결              (+5),,2026-07-23: 기업설명회(IR)개최(안내공시)               | 2026-07-23: 주요사항보고서(자기주식취득결정) | 2026-07-23: 연결재무제표기준영업(잠정)실적(공정공시)               | 2026-07-23: 공정거래자율준수프로그램운영현황(안내공시)               | 2026-07-20: 결산실적공시예고(안내공시)              ,12
두산퓨얼셀,336260,13,OK,,연결재무제표기준영업(잠정)실적(공정공시)              (+3) | 단일판매ㆍ공급계약체결              (+5) | 단일판매ㆍ공급계약체결              (+5),,2026-07-24: 연결재무제표기준영업(잠정)실적(공정공시)               | 2026-07-16: 기업설명회(IR)개최(안내공시)               | 2026-07-16: 결산실적공시예고(안내공시)               | 2026-07-09: 임원ㆍ주요주주특정증권등소유상황보고서 | 2026-07-01: 단일판매ㆍ공급계약체결              ,7
진흥기업,002780,13,OK,,영업(잠정)실적(공정공시)              (+3) | 단일판매ㆍ공급계약체결              (+5) | 단일판매ㆍ공급계약체결              (+5),,2026-07-28: 영업(잠정)실적(공정공시)               | 2026-07-21: 투자판단관련주요경영사항               | 2026-07-16: 주주총회소집공고 | 2026-07-06: 투자판단관련주요경영사항               | 2026-07-02: 단일판매ㆍ공급계약체결              ,6
미래산업,025560,13,🚨 YES,[기재정정]주요사항보고서(유상증자결정),단일판매ㆍ공급계약체결              (+5) | [기재정정]단일판매ㆍ공급계약체결              (+5) | [기재정정]단일판매ㆍ공급계약체결              (+5) | [기재정정]단일판매ㆍ공급계약체결              (+5) | [기재정정]단일판매ㆍ공급계약체결              (+5),[기재정정]주요사항보고서(유상증자결정)(-15),2026-07-29: 단일판매ㆍ공급계약체결               | 2026-07-27: 유상증자또는주식관련사채등의발행결과(자율공시)               | 2026-07-23: [기재정정]단일판매ㆍ공급계약체결               | 2026-07-16: [기재정정]단일판매ㆍ공급계약체결               | 2026-07-09: [기재정정]주요사항보고서(유상증자결정),9
크래프톤,259960,13,OK,,주요사항보고서(자기주식취득결정)(+5) | 주식소각결정              (+5) | 연결재무제표기준영업(잠정)실적(공정공시)              (+3),,2026-07-29: 주요사항보고서(자기주식취득결정) | 2026-07-29: 주식소각결정               | 2026-07-29: 연결재무제표기준영업(잠정)실적(공정공시)               | 2026-07-21: [기재정정]대규모기업집단현황공시[연1회공시및1/4분기용(대표회사)] | 2026-07-08: 기업설명회(IR)개최(안내공시)              ,10
동아쏘시오홀딩스,000640,14,OK,,[첨부정정]주요사항보고서(회사합병결정)(+3) | 연결재무제표기준영업(잠정)실적(공정공시)              (+3) | 주요사항보고서(회사합병결정)(+3) | [기재정정]단일판매ㆍ공급계약체결(자회사의 주요경영사항)              (+5),,2026-07-27: [첨부정정]주요사항보고서(회사합병결정) | 2026-07-27: 기업설명회(IR)개최(안내공시)               | 2026-07-27: 연결재무제표기준영업(잠정)실적(공정공시)               | 2026-07-23: 주주명부폐쇄기간또는기준일설정               | 2026-07-23: 주요사항보고서(회사합병결정),14
남광토건,001260,15,OK,,[기재정정]단일판매ㆍ공급계약체결              (+5) | [기재정정]단일판매ㆍ공급계약체결              (+5) | [기재정정]단일판매ㆍ공급계약체결              (+5),,2026-07-29: [기재정정]단일판매ㆍ공급계약체결               | 2026-07-28: [기재정정]단일판매ㆍ공급계약체결               | 2026-07-27: 임시주주총회결과               | 2026-07-23: 투자판단관련주요경영사항               | 2026-07-20: 투자판단관련주요경영사항              ,8
닷밀,464580,15,OK,,[기재정정]단일판매ㆍ공급계약체결              (+5) | [기재정정]단일판매ㆍ공급계약체결(자율공시)              (+5) | [기재정정]단일판매ㆍ공급계약체결              (+5),,2026-07-27: 주식등의대량보유상황보고서(일반) | 2026-07-21: 임원ㆍ주요주주특정증권등소유상황보고서 | 2026-07-10: [기재정정]단일판매ㆍ공급계약체결               | 2026-06-30: 임원ㆍ주요주주특정증권등거래계획보고서 | 2026-06-30: [기재정정]단일판매ㆍ공급계약체결(자율공시)              ,6
한신공영,004960,15,OK,,[기재정정]단일판매ㆍ공급계약체결              (+5) | [기재정정]단일판매ㆍ공급계약체결              (+5) | 단일판매ㆍ공급계약체결              (+5),,2026-07-29: [기재정정]단일판매ㆍ공급계약체결               | 2026-07-16: 투자판단관련주요경영사항               | 2026-07-03: [기재정정]단일판매ㆍ공급계약체결               | 2026-06-30: 단일판매ㆍ공급계약체결              ,4
힘스,238490,15,OK,,[기재정정]단일판매ㆍ공급계약체결              (+5) | [기재정정]단일판매ㆍ공급계약체결              (+5) | 단일판매ㆍ공급계약체결              (+5),,2026-07-29: [기재정정]단일판매ㆍ공급계약체결               | 2026-07-29: [기재정정]단일판매ㆍ공급계약체결               | 2026-07-20: 단일판매ㆍ공급계약체결               | 2026-07-07: 임원ㆍ주요주주특정증권등소유상황보고서 | 2026-07-02: 임원ㆍ주요주주특정증권등소유상황보고서,5
LG씨엔에스,064400,15,OK,,[기재정정]단일판매ㆍ공급계약체결              (+5) | [기재정정]단일판매ㆍ공급계약체결              (+5) | 단일판매ㆍ공급계약체결              (+5),,2026-07-24: [기재정정]단일판매ㆍ공급계약체결               | 2026-07-24: [기재정정]단일판매ㆍ공급계약체결               | 2026-07-15: 결산실적공시예고(안내공시)               | 2026-07-15: 기업설명회(IR)개최(안내공시)               | 2026-07-07: 단일판매ㆍ공급계약체결              ,6
자람테크놀로지,389020,15,OK,,단일판매ㆍ공급계약체결              (+5) | [기재정정]단일판매ㆍ공급계약체결              (+5) | 단일판매ㆍ공급계약체결              (+5),,2026-07-13: 단일판매ㆍ공급계약체결               | 2026-06-30: [기재정정]단일판매ㆍ공급계약체결               | 2026-06-29: 단일판매ㆍ공급계약체결              ,3
금화피에스시,036190,15,OK,,[기재정정]단일판매ㆍ공급계약체결              (+5) | [기재정정]단일판매ㆍ공급계약체결              (+5) | [기재정정]단일판매ㆍ공급계약체결              (+5),,2026-07-13: [기재정정]단일판매ㆍ공급계약체결               | 2026-06-30: [기재정정]단일판매ㆍ공급계약체결               | 2026-06-30: [기재정정]사업보고서 (2025.12) | 2026-06-29: [기재정정]단일판매ㆍ공급계약체결              ,4
아이티아이즈,372800,15,OK,,단일판매ㆍ공급계약체결              (+5) | 단일판매ㆍ공급계약체결              (+5) | [기재정정]단일판매ㆍ공급계약체결              (+5),,2026-07-28: 단일판매ㆍ공급계약체결               | 2026-07-23: 임원ㆍ주요주주특정증권등소유상황보고서 | 2026-07-20: 주식등의대량보유상황보고서(일반) | 2026-07-16: 주요사항보고서(자기전환사채만기전취득결정) | 2026-07-16: 임원ㆍ주요주주특정증권등소유상황보고서,20
아이에스동서,010780,15,OK,,[기재정정]단일판매ㆍ공급계약체결              (+5) | 단일판매ㆍ공급계약체결              (+5) | [기재정정]단일판매ㆍ공급계약체결              (+5),,2026-07-29: [기재정정]단일판매ㆍ공급계약체결               | 2026-07-27: 투자판단관련주요경영사항               | 2026-07-16: 주식등의대량보유상황보고서(일반) | 2026-07-14: 단일판매ㆍ공급계약체결               | 2026-07-02: 주식등의대량보유상황보고서(일반),6
앱클론,174900,15,OK,,[기재정정]단일판매ㆍ공급계약체결              (+5) | [기재정정]단일판매ㆍ공급계약체결              (+5) | [기재정정]단일판매ㆍ공급계약체결(자율공시)              (+5),,2026-07-22: [기재정정]단일판매ㆍ공급계약체결               | 2026-07-07: [기재정정]단일판매ㆍ공급계약체결               | 2026-06-30: [기재정정]단일판매ㆍ공급계약체결(자율공시)              ,3
대명에너지,389260,15,OK,,단일판매ㆍ공급계약체결              (+5) | [기재정정]단일판매ㆍ공급계약체결              (+5) | [기재정정]단일판매ㆍ공급계약체결              (+5),,2026-07-03: 주식등의대량보유상황보고서(일반) | 2026-06-29: 단일판매ㆍ공급계약체결               | 2026-06-29: [기재정정]단일판매ㆍ공급계약체결               | 2026-06-29: [기재정정]단일판매ㆍ공급계약체결              ,4
우양에이치씨,101970,15,OK,,단일판매ㆍ공급계약체결              (+5) | 단일판매ㆍ공급계약체결              (+5) | [기재정정]단일판매ㆍ공급계약체결              (+5),,2026-07-27: 단일판매ㆍ공급계약체결               | 2026-07-24: 단일판매ㆍ공급계약체결               | 2026-07-07: [기재정정]단일판매ㆍ공급계약체결              ,3
아크릴,0007C0,15,OK,,단일판매ㆍ공급계약체결              (+5) | 단일판매ㆍ공급계약체결(자율공시)              (+5) | 단일판매ㆍ공급계약체결(자율공시)              (+5),,2026-07-28: 단일판매ㆍ공급계약체결               | 2026-07-27: 임원ㆍ주요주주특정증권등소유상황보고서 | 2026-07-27: 주식등의대량보유상황보고서(일반) | 2026-07-22: 단일판매ㆍ공급계약체결(자율공시)               | 2026-07-02: 임원ㆍ주요주주특정증권등소유상황보고서,6
동부건설,005960,15,OK,,단일판매ㆍ공급계약체결              (+5) | 단일판매ㆍ공급계약체결              (+5) | 단일판매ㆍ공급계약체결              (+5),,2026-07-23: 투자판단관련주요경영사항               | 2026-07-22: 투자판단관련주요경영사항               | 2026-07-21: 투자판단관련주요경영사항               | 2026-07-02: 단일판매ㆍ공급계약체결               | 2026-06-30: 단일판매ㆍ공급계약체결              ,6
카스,016920,15,OK,,주요사항보고서(자기주식취득결정)(+5) | 주식소각결정              (+5) | 주요사항보고서(자기주식취득결정)(+5),,2026-07-16: 주요사항보고서(자기주식취득결정) | 2026-07-16: 자기주식취득결과보고서 | 2026-07-13: 주식소각결정               | 2026-07-01: 주요사항보고서(자기주식취득결정) | 2026-07-01: 자기주식취득결과보고서,5
HD현대,267250,15,OK,,단일판매ㆍ공급계약체결(자회사의 주요경영사항)              (+5) | [기재정정]단일판매ㆍ공급계약체결(자회사의 주요경영사항)              (+5) | 단일판매ㆍ공급계약체결(자회사의 주요경영사항)              (+5),,2026-07-29: 현금ㆍ현물배당결정               | 2026-07-29: 현금ㆍ현물배당을위한주주명부폐쇄(기준일)결정               | 2026-07-29: 현금ㆍ현물배당결정(자회사의 주요경영사항)               | 2026-07-29: 현금ㆍ현물배당을위한주주명부폐쇄(기준일)결정(자회사의 주요경영사항)               | 2026-07-28: 현금ㆍ현물배당결정(자회사의 주요경영사항)              ,13
삼일씨엔에스,004440,15,OK,,[기재정정]단일판매ㆍ공급계약체결              (+5) | [기재정정]단일판매ㆍ공급계약체결              (+5) | 단일판매ㆍ공급계약체결              (+5),,2026-07-29: [기재정정]단일판매ㆍ공급계약체결               | 2026-07-20: 주주총회소집공고 | 2026-07-20: 주주총회소집결의               | 2026-07-13: [기재정정]단일판매ㆍ공급계약체결               | 2026-07-07: 독립이사의선임ㆍ해임또는중도퇴임에관한신고,7
비나텍,126340,15,OK,,단일판매ㆍ공급계약체결              (+5) | 단일판매ㆍ공급계약체결              (+5) | 단일판매ㆍ공급계약체결              (+5),,2026-07-28: 주식등의대량보유상황보고서(일반) | 2026-07-22: 단기차입금증가결정               | 2026-07-13: 단일판매ㆍ공급계약체결               | 2026-07-06: 단일판매ㆍ공급계약체결               | 2026-07-02: [기재정정]사업보고서 (2025.12),7
KR모터스,000040,15,OK,,[첨부정정]주요사항보고서(회사합병결정)(+3) | [첨부정정]주요사항보고서(회사합병결정)(+3) | 회사합병결정(종속회사의주요경영사항)              (+3) | 주요사항보고서(회사합병결정)(+3) | 주요사항보고서(회사합병결정)(+3),,2026-07-29: [첨부정정]주요사항보고서(회사합병결정) | 2026-07-29: [첨부정정]주요사항보고서(회사합병결정) | 2026-07-27: 주주명부폐쇄기간또는기준일설정               | 2026-07-27: 회사합병결정(종속회사의주요경영사항)               | 2026-07-27: 주요사항보고서(회사합병결정),12
아이씨디,040910,15,OK,,단일판매ㆍ공급계약체결(자율공시)              (+5) | [기재정정]단일판매ㆍ공급계약체결(자율공시)              (+5) | 단일판매ㆍ공급계약체결              (+5),,2026-07-23: 임원ㆍ주요주주특정증권등소유상황보고서 | 2026-07-23: 임원ㆍ주요주주특정증권등소유상황보고서 | 2026-07-15: 임원ㆍ주요주주특정증권등소유상황보고서 | 2026-07-13: 단일판매ㆍ공급계약체결(자율공시)               | 2026-07-09: [기재정정]단일판매ㆍ공급계약체결(자율공시)              ,8
LIG디펜스앤에어로스페이스,079550,15,OK,,[기재정정]단일판매ㆍ공급계약체결              (+5) | [기재정정]단일판매ㆍ공급계약체결              (+5) | 단일판매ㆍ공급계약체결              (+5),,2026-07-29: [기재정정]단일판매ㆍ공급계약체결               | 2026-07-29: [기재정정]단일판매ㆍ공급계약체결               | 2026-07-29: 기업설명회(IR)개최(안내공시)               | 2026-07-29: 기업설명회(IR)개최(안내공시)               | 2026-07-29: 결산실적공시예고(안내공시)              ,8
DMS,068790,15,OK,,주요사항보고서(자기주식취득결정)(+5) | 단일판매ㆍ공급계약체결              (+5) | 단일판매ㆍ공급계약체결              (+5),,2026-07-21: 주주명부폐쇄기간또는기준일설정               | 2026-07-21: 주주총회소집결의              (임시주주총회) | 2026-07-21: 기업설명회(IR)개최               | 2026-07-20: 주요사항보고서(자기주식취득결정) | 2026-07-16: 주식등의대량보유상황보고서(일반),8
BNK금융지주,138930,17,OK,,연결재무제표기준영업(잠정)실적(공정공시)              (+3) | 연결재무제표기준영업(잠정)실적(공정공시)(자회사의 주요경영사항)              (+3) | 연결재무제표기준영업(잠정)실적(공정공시)(자회사의 주요경영사항)              (+3) | 연결재무제표기준영업(잠정)실적(공정공시)(자회사의 주요경영사항)              (+3) | [기재정정]주식소각결정              (+5),,2026-07-28: 기타안내사항(안내공시)               | 2026-07-28: 현금ㆍ현물배당결정               | 2026-07-28: 현금ㆍ현물배당을위한주주명부폐쇄(기준일)결정               | 2026-07-28: 연결재무제표기준영업(잠정)실적(공정공시)               | 2026-07-28: 연결재무제표기준영업(잠정)실적(공정공시)(자회사의 주요경영사항)              ,16
자이에스앤디,317400,18,OK,,연결재무제표기준영업(잠정)실적(공정공시)              (+3) | 단일판매ㆍ공급계약체결              (+5) | 단일판매ㆍ공급계약체결              (+5) | 단일판매ㆍ공급계약체결              (+5),,2026-07-29: 기업설명회(IR)개최(안내공시)               | 2026-07-29: 연결재무제표기준영업(잠정)실적(공정공시)               | 2026-07-23: 결산실적공시예고(안내공시)               | 2026-07-16: 단일판매ㆍ공급계약체결               | 2026-07-02: 단일판매ㆍ공급계약체결              ,7
삼성물산,028260,18,OK,,연결재무제표기준영업(잠정)실적(공정공시)              (+3) | [기재정정]단일판매ㆍ공급계약체결              (+5) | [기재정정]단일판매ㆍ공급계약체결              (+5) | [기재정정]단일판매ㆍ공급계약체결              (+5),,2026-07-29: 연결재무제표기준영업(잠정)실적(공정공시)               | 2026-07-28: [기재정정]단일판매ㆍ공급계약체결               | 2026-07-27: 최대주주등소유주식변동신고서               | 2026-07-27: 특수관계인과의수익증권거래 | 2026-07-24: [기재정정]단일판매ㆍ공급계약체결              ,9
삼성중공업,010140,18,OK,,[기재정정]단일판매ㆍ공급계약체결              (+5) | 연결재무제표기준영업(잠정)실적(공정공시)              (+3) | 단일판매ㆍ공급계약체결              (+5) | 단일판매ㆍ공급계약체결              (+5),,2026-07-28: [기재정정]단일판매ㆍ공급계약체결               | 2026-07-27: 임원ㆍ주요주주특정증권등소유상황보고서 | 2026-07-24: 기타경영사항(자율공시)               | 2026-07-24: 연결재무제표기준영업(잠정)실적(공정공시)               | 2026-07-23: 임원ㆍ주요주주특정증권등소유상황보고서,31
iM금융지주,139130,19,OK,,주식소각결정              (+5) | 주식소각결정              (+5) | 연결재무제표기준영업(잠정)실적(공정공시)              (+3) | 연결재무제표기준영업(잠정)실적(공정공시)(자회사의 주요경영사항)              (+3) | 연결재무제표기준영업(잠정)실적(공정공시)(자회사의 주요경영사항)              (+3),,2026-07-27: 기업설명회(IR)개최(안내공시)               | 2026-07-27: 주요사항보고서(상각형조건부자본증권발행결정) | 2026-07-27: 주식소각결정               | 2026-07-27: 주식소각결정               | 2026-07-27: 연결재무제표기준영업(잠정)실적(공정공시)              ,15
DL,000210,20,OK,,[기재정정]단일판매ㆍ공급계약체결(자회사의 주요경영사항)              (+5) | 단일판매ㆍ공급계약체결(자회사의 주요경영사항)              (+5) | 단일판매ㆍ공급계약체결(자회사의 주요경영사항)              (+5) | 단일판매ㆍ공급계약체결(자회사의 주요경영사항)              (+5),,2026-07-22: 기업설명회(IR)개최(안내공시)               | 2026-07-22: 결산실적공시예고(안내공시)               | 2026-07-22: 투자판단관련주요경영사항(자회사의 주요경영사항)               | 2026-07-16: 투자판단관련주요경영사항(자회사의 주요경영사항)               | 2026-07-14: [기재정정]단일판매ㆍ공급계약체결(자회사의 주요경영사항)              ,9
동성화인텍,033500,20,OK,,[기재정정]단일판매ㆍ공급계약체결              (+5) | [기재정정]단일판매ㆍ공급계약체결              (+5) | 단일판매ㆍ공급계약체결(자율공시)              (+5) | 단일판매ㆍ공급계약체결(자율공시)              (+5),,2026-07-23: [기재정정]단일판매ㆍ공급계약체결               | 2026-07-23: [기재정정]단일판매ㆍ공급계약체결               | 2026-06-30: 단일판매ㆍ공급계약체결(자율공시)               | 2026-06-30: 단일판매ㆍ공급계약체결(자율공시)              ,4
티에스아이,277880,20,OK,,[기재정정]단일판매ㆍ공급계약체결              (+5) | [기재정정]단일판매ㆍ공급계약체결              (+5) | [기재정정]단일판매ㆍ공급계약체결              (+5) | [기재정정]단일판매ㆍ공급계약체결              (+5),,2026-07-24: 임원ㆍ주요주주특정증권등소유상황보고서 | 2026-07-14: [기재정정]단일판매ㆍ공급계약체결               | 2026-07-01: 임원ㆍ주요주주특정증권등소유상황보고서 | 2026-06-30: [기재정정]단일판매ㆍ공급계약체결               | 2026-06-29: [기재정정]단일판매ㆍ공급계약체결              ,6
신성이엔지,011930,20,OK,,단일판매ㆍ공급계약체결(자율공시)              (+5) | 단일판매ㆍ공급계약체결(자율공시)              (+5) | [기재정정]단일판매ㆍ공급계약체결(자율공시)              (+5) | [기재정정]단일판매ㆍ공급계약체결(자율공시)              (+5),,2026-07-29: 주식등의대량보유상황보고서(약식) | 2026-07-16: 투자판단관련주요경영사항               | 2026-07-16: 단일판매ㆍ공급계약체결(자율공시)               | 2026-07-15: 단일판매ㆍ공급계약체결(자율공시)               | 2026-07-07: [기재정정]단일판매ㆍ공급계약체결(자율공시)              ,14
아이크래프트,052460,20,OK,,단일판매ㆍ공급계약체결              (+5) | 단일판매ㆍ공급계약체결              (+5) | 단일판매ㆍ공급계약체결              (+5) | 단일판매ㆍ공급계약체결              (+5),,2026-07-24: 단일판매ㆍ공급계약체결               | 2026-07-21: 단일판매ㆍ공급계약체결               | 2026-07-20: 단기차입금증가결정               | 2026-07-10: 단일판매ㆍ공급계약체결               | 2026-07-06: 단일판매ㆍ공급계약체결              ,5
디바이스,187870,20,OK,,단일판매ㆍ공급계약체결              (+5) | 단일판매ㆍ공급계약체결              (+5) | 단일판매ㆍ공급계약체결(자율공시)              (+5) | 단일판매ㆍ공급계약체결              (+5),,2026-07-29: 단일판매ㆍ공급계약체결               | 2026-07-07: 단일판매ㆍ공급계약체결               | 2026-07-06: 단일판매ㆍ공급계약체결(자율공시)               | 2026-07-02: 단일판매ㆍ공급계약체결               | 2026-07-01: 주식등의대량보유상황보고서(약식),7
피엔티,137400,20,OK,,[기재정정]주요사항보고서(자기주식취득결정)(+5) | 주요사항보고서(자기주식취득결정)(+5) | [기재정정]단일판매ㆍ공급계약체결              (+5) | [기재정정]단일판매ㆍ공급계약체결              (+5),,2026-07-29: [기재정정]주요사항보고서(자기주식취득결정) | 2026-07-29: 주요사항보고서(자기주식취득결정) | 2026-07-22: [기재정정]단일판매ㆍ공급계약체결               | 2026-06-30: [기재정정]단일판매ㆍ공급계약체결              ,4
코오롱,002020,20,OK,,단일판매ㆍ공급계약체결(자회사의 주요경영사항)              (+5) | 단일판매ㆍ공급계약체결(자회사의 주요경영사항)              (+5) | [기재정정]단일판매ㆍ공급계약체결(자회사의 주요경영사항)              (+5) | 단일판매ㆍ공급계약체결(자회사의 주요경영사항)              (+5) | [기재정정]단일판매ㆍ공급계약체결(자회사의 주요경영사항)              (+5),주요사항보고서(자기주식처분결정)(자회사의 주요경영사항)              (-10),2026-07-22: 단일판매ㆍ공급계약해지(자회사의 주요경영사항)               | 2026-07-16: 타인에대한채무보증결정(자회사의 주요경영사항)               | 2026-07-15: 단일판매ㆍ공급계약체결(자회사의 주요경영사항)               | 2026-07-13: 투자판단관련주요경영사항(자회사의 주요경영사항)               | 2026-07-13: 단일판매ㆍ공급계약체결(자회사의 주요경영사항)              ,10
코오롱글로벌,003070,20,OK,,단일판매ㆍ공급계약체결              (+5) | 단일판매ㆍ공급계약체결              (+5) | [기재정정]단일판매ㆍ공급계약체결              (+5) | 단일판매ㆍ공급계약체결              (+5) | [기재정정]단일판매ㆍ공급계약체결              (+5),주요사항보고서(자기주식처분결정)(-10),2026-07-22: 단일판매ㆍ공급계약해지               | 2026-07-16: 타인에대한채무보증결정               | 2026-07-15: 단일판매ㆍ공급계약체결               | 2026-07-13: 투자판단관련주요경영사항               | 2026-07-13: 단일판매ㆍ공급계약체결              ,12
한화엔진,082740,20,OK,,주요사항보고서(자기주식취득결정)(+5) | 단일판매ㆍ공급계약체결              (+5) | [기재정정]단일판매ㆍ공급계약체결              (+5) | 단일판매ㆍ공급계약체결              (+5),,2026-07-21: 결산실적공시예고(안내공시)               | 2026-07-14: 주요사항보고서(자기주식취득결정) | 2026-07-10: 단일판매ㆍ공급계약체결               | 2026-07-08: [기재정정]단일판매ㆍ공급계약체결               | 2026-06-30: 단일판매ㆍ공급계약체결              ,5
일성건설,013360,20,OK,,[기재정정]단일판매ㆍ공급계약체결              (+5) | [기재정정]단일판매ㆍ공급계약체결              (+5) | [기재정정]단일판매ㆍ공급계약체결              (+5) | 단일판매ㆍ공급계약체결              (+5),,2026-07-22: [기재정정]단일판매ㆍ공급계약체결               | 2026-07-14: 타인에대한채무보증결정               | 2026-07-10: [기재정정]단일판매ㆍ공급계약체결               | 2026-07-08: [기재정정]단일판매ㆍ공급계약체결               | 2026-07-06: 단일판매ㆍ공급계약체결              ,5
지엔씨에너지,119850,20,OK,,[기재정정]단일판매ㆍ공급계약체결              (+5) | 단일판매ㆍ공급계약체결              (+5) | 단일판매ㆍ공급계약체결              (+5) | [기재정정]단일판매ㆍ공급계약체결              (+5),,2026-07-27: 교환청구권행사               | 2026-07-21: [기재정정]단일판매ㆍ공급계약체결               | 2026-07-15: 단일판매ㆍ공급계약체결               | 2026-07-02: 단일판매ㆍ공급계약체결               | 2026-06-30: [기재정정]단일판매ㆍ공급계약체결              ,5
금양그린파워,282720,20,OK,,[기재정정]단일판매ㆍ공급계약체결              (+5) | [기재정정]단일판매ㆍ공급계약체결              (+5) | 단일판매ㆍ공급계약체결              (+5) | [기재정정]단일판매ㆍ공급계약체결              (+5),,2026-07-27: [기재정정]단일판매ㆍ공급계약체결               | 2026-07-09: [기재정정]단일판매ㆍ공급계약체결               | 2026-07-07: 주식등의대량보유상황보고서(일반) | 2026-07-02: 단일판매ㆍ공급계약체결               | 2026-06-29: [기재정정]단일판매ㆍ공급계약체결              ,5
기가비스,420770,20,OK,,단일판매ㆍ공급계약체결              (+5) | 단일판매ㆍ공급계약체결              (+5) | 단일판매ㆍ공급계약체결              (+5) | 단일판매ㆍ공급계약체결              (+5),,2026-07-29: 임원ㆍ주요주주특정증권등소유상황보고서 | 2026-07-29: 단일판매ㆍ공급계약체결               | 2026-07-24: 단일판매ㆍ공급계약체결               | 2026-07-08: 임원ㆍ주요주주특정증권등소유상황보고서 | 2026-07-07: 단일판매ㆍ공급계약체결              ,8
HS화성,002460,20,OK,,[기재정정]단일판매ㆍ공급계약체결              (+5) | 단일판매ㆍ공급계약체결              (+5) | [기재정정]단일판매ㆍ공급계약체결              (+5) | [기재정정]단일판매ㆍ공급계약체결              (+5),,2026-07-21: [기재정정]단일판매ㆍ공급계약체결               | 2026-07-15: 단일판매ㆍ공급계약체결               | 2026-07-02: [기재정정]단일판매ㆍ공급계약체결               | 2026-06-30: [기재정정]단일판매ㆍ공급계약체결              ,4
JB금융지주,175330,22,OK,,주식소각결정              (+5) | 연결재무제표기준영업(잠정)실적(공정공시)(자회사의 주요경영사항)              (+3) | 연결재무제표기준영업(잠정)실적(공정공시)(자회사의 주요경영사항)              (+3) | 연결재무제표기준영업(잠정)실적(공정공시)(자회사의 주요경영사항)              (+3) | 연결재무제표기준영업(잠정)실적(공정공시)              (+3),,2026-07-28: 기타안내사항(안내공시)               | 2026-07-23: 금전대여결정(자회사의 주요경영사항)               | 2026-07-23: 기업설명회(IR)개최(안내공시)               | 2026-07-23: 단기차입금증가결정(자회사의 주요경영사항)               | 2026-07-23: 주요사항보고서(상각형조건부자본증권발행결정),23
삼성E&A,028050,23,OK,,[기재정정]단일판매ㆍ공급계약체결              (+5) | [기재정정]단일판매ㆍ공급계약체결              (+5) | 연결재무제표기준영업(잠정)실적(공정공시)              (+3) | 단일판매ㆍ공급계약체결              (+5) | 단일판매ㆍ공급계약체결              (+5),,2026-07-28: [기재정정]단일판매ㆍ공급계약체결               | 2026-07-28: [기재정정]투자판단관련주요경영사항               | 2026-07-28: 기업설명회(IR)개최(안내공시)               | 2026-07-24: [기재정정]단일판매ㆍ공급계약체결               | 2026-07-23: 연결재무제표기준영업(잠정)실적(공정공시)              ,12
현대오토에버,307950,23,OK,,연결재무제표기준영업(잠정)실적(공정공시)              (+3) | 단일판매ㆍ공급계약체결              (+5) | 단일판매ㆍ공급계약체결              (+5) | 단일판매ㆍ공급계약체결              (+5) | [기재정정]단일판매ㆍ공급계약체결              (+5),,2026-07-29: 공정거래자율준수프로그램운영현황(안내공시)               | 2026-07-29: 기업설명회(IR)개최(안내공시)               | 2026-07-29: 연결재무제표기준영업(잠정)실적(공정공시)               | 2026-07-28: 단일판매ㆍ공급계약체결               | 2026-07-24: 단일판매ㆍ공급계약체결              ,10
KB금융,105560,24,OK,,주식소각결정              (+5) | 연결재무제표기준영업(잠정)실적(공정공시)              (+3) | 연결재무제표기준영업(잠정)실적(공정공시)(자회사의 주요경영사항)              (+3) | 연결재무제표기준영업(잠정)실적(공정공시)(자회사의 주요경영사항)              (+3) | [기재정정]주식소각결정              (+5),,2026-07-29: 투자설명서(일괄신고) | 2026-07-29: 일괄신고추가서류 | 2026-07-23: 주요사항보고서(상각형조건부자본증권발행결정) | 2026-07-23: 주식소각결정               | 2026-07-23: 주요사항보고서(자기주식취득신탁계약체결결정),19
하나금융지주,086790,24,OK,,주식소각결정              (+5) | 연결재무제표기준영업(잠정)실적(공정공시)(자회사의 주요경영사항)              (+3) | 연결재무제표기준영업(잠정)실적(공정공시)(자회사의 주요경영사항)              (+3) | 연결재무제표기준영업(잠정)실적(공정공시)              (+3) | 주요사항보고서(자기주식취득결정)(+5),,2026-07-24: 주요사항보고서(상각형조건부자본증권발행결정) | 2026-07-24: 타법인주식및출자증권취득결정(자율공시)               | 2026-07-24: 주식소각결정               | 2026-07-24: 연결재무제표기준영업(잠정)실적(공정공시)(자회사의 주요경영사항)               | 2026-07-24: 현금ㆍ현물배당결정              ,24
DL이앤씨,375500,25,OK,,[기재정정]단일판매ㆍ공급계약체결              (+5) | [기재정정]단일판매ㆍ공급계약체결              (+5) | 단일판매ㆍ공급계약체결              (+5) | 단일판매ㆍ공급계약체결              (+5) | 단일판매ㆍ공급계약체결              (+5),,2026-07-22: 기업설명회(IR)개최(안내공시)               | 2026-07-22: 결산실적공시예고(안내공시)               | 2026-07-16: 투자판단관련주요경영사항               | 2026-07-14: [기재정정]단일판매ㆍ공급계약체결               | 2026-07-13: [기재정정]단일판매ㆍ공급계약체결              ,14
대우건설,047040,25,OK,,단일판매ㆍ공급계약체결              (+5) | 단일판매ㆍ공급계약체결              (+5) | 단일판매ㆍ공급계약체결              (+5) | 단일판매ㆍ공급계약체결              (+5) | [기재정정]단일판매ㆍ공급계약체결              (+5),,2026-07-29: 단일판매ㆍ공급계약체결               | 2026-07-28: 투자판단관련주요경영사항               | 2026-07-27: [기재정정]결산실적공시예고(안내공시)               | 2026-07-27: 단일판매ㆍ공급계약체결               | 2026-07-22: 결산실적공시예고(안내공시)              ,11
신한지주,055550,27,OK,,주식소각결정              (+5) | 주요사항보고서(자기주식취득결정)(+5) | 연결재무제표기준영업(잠정)실적(공정공시)(자회사의 주요경영사항)              (+3) | 연결재무제표기준영업(잠정)실적(공정공시)(자회사의 주요경영사항)              (+3) | 연결재무제표기준영업(잠정)실적(공정공시)(자회사의 주요경영사항)              (+3),,2026-07-28: 풍문또는보도에대한해명(미확정)               | 2026-07-24: 증권발행실적보고서 | 2026-07-23: 투자설명서(일괄신고) | 2026-07-23: 일괄신고추가서류 | 2026-07-23: 주요사항보고서(상각형조건부자본증권발행결정),19
GS건설,006360,28,OK,,연결재무제표기준영업(잠정)실적(공정공시)              (+3) | [기재정정]단일판매ㆍ공급계약체결              (+5) | [기재정정]단일판매ㆍ공급계약체결              (+5) | [기재정정]단일판매ㆍ공급계약체결              (+5) | 단일판매ㆍ공급계약체결              (+5),,2026-07-29: 연결재무제표기준영업(잠정)실적(공정공시)               | 2026-07-23: [기재정정]단일판매ㆍ공급계약체결               | 2026-07-22: 기업설명회(IR)개최(안내공시)               | 2026-07-22: 기업설명회(IR)개최(안내공시)               | 2026-07-22: 결산실적공시예고(안내공시)              ,23
HD현대중공업,329180,29,OK,,영업(잠정)실적(공정공시)              (+3) | 연결재무제표기준영업(잠정)실적(공정공시)              (+3) | 영업(잠정)실적(공정공시)              (+3) | [기재정정]단일판매ㆍ공급계약체결(자율공시)              (+5) | 단일판매ㆍ공급계약체결              (+5),,2026-07-29: 현금ㆍ현물배당결정               | 2026-07-29: 현금ㆍ현물배당을위한주주명부폐쇄(기준일)결정               | 2026-07-29: 영업(잠정)실적(공정공시)               | 2026-07-29: 연결재무제표기준영업(잠정)실적(공정공시)               | 2026-07-27: 생산중단              ,16
HJ중공업,097230,30,OK,,[기재정정]단일판매ㆍ공급계약체결              (+5) | [기재정정]단일판매ㆍ공급계약체결              (+5) | [기재정정]단일판매ㆍ공급계약체결              (+5) | 단일판매ㆍ공급계약체결              (+5) | [기재정정]단일판매ㆍ공급계약체결              (+5),,2026-07-21: [기재정정]단일판매ㆍ공급계약체결               | 2026-07-16: [기재정정]단일판매ㆍ공급계약체결               | 2026-07-13: 투자판단관련주요경영사항               | 2026-07-07: 주식등의대량보유상황보고서(일반) | 2026-07-06: 금전대여결정              ,10
계룡건설산업,013580,35,OK,,[기재정정]단일판매ㆍ공급계약체결              (+5) | 단일판매ㆍ공급계약체결              (+5) | [기재정정]단일판매ㆍ공급계약체결              (+5) | [기재정정]단일판매ㆍ공급계약체결              (+5) | [기재정정]단일판매ㆍ공급계약체결              (+5),,2026-07-28: [기재정정]단일판매ㆍ공급계약체결               | 2026-07-28: 단일판매ㆍ공급계약체결               | 2026-07-23: 타인에대한채무보증결정               | 2026-07-22: 투자판단관련주요경영사항               | 2026-07-22: [기재정정]단일판매ㆍ공급계약체결              ,11
비에이치아이,083650,35,OK,,[기재정정]단일판매ㆍ공급계약체결(자율공시)              (+5) | 단일판매ㆍ공급계약체결(자율공시)              (+5) | [기재정정]단일판매ㆍ공급계약체결              (+5) | [기재정정]단일판매ㆍ공급계약체결              (+5) | [기재정정]단일판매ㆍ공급계약체결              (+5),,2026-07-27: [기재정정]단일판매ㆍ공급계약체결(자율공시)               | 2026-07-27: 단일판매ㆍ공급계약체결(자율공시)               | 2026-07-23: [기재정정]단일판매ㆍ공급계약체결               | 2026-07-16: 주식등의대량보유상황보고서(일반) | 2026-07-14: [기재정정]단일판매ㆍ공급계약체결              ,8
HD한국조선해양,009540,40,OK,,영업(잠정)실적(공정공시)              (+3) | 연결재무제표기준영업(잠정)실적(공정공시)              (+3) | 영업(잠정)실적(공정공시)(자회사의 주요경영사항)              (+3) | 영업(잠정)실적(공정공시)              (+3) | 영업(잠정)실적(공정공시)(자회사의 주요경영사항)              (+3),,2026-07-29: 특수관계인에대한출자 | 2026-07-29: 전환가액ㆍ신주인수권행사가액ㆍ교환가액의조정(안내공시)               | 2026-07-29: 현금ㆍ현물배당결정(자회사의 주요경영사항)               | 2026-07-29: 공정거래자율준수프로그램운영현황(안내공시)               | 2026-07-29: 현금ㆍ현물배당을위한주주명부폐쇄(기준일)결정(자회사의 주요경영사항)              ,26
삼호개발,010960,40,OK,,[기재정정]단일판매ㆍ공급계약체결              (+5) | [기재정정]단일판매ㆍ공급계약체결              (+5) | [기재정정]단일판매ㆍ공급계약체결              (+5) | [기재정정]단일판매ㆍ공급계약체결              (+5) | [기재정정]단일판매ㆍ공급계약체결              (+5),,2026-07-28: [기재정정]단일판매ㆍ공급계약체결               | 2026-07-22: [기재정정]단일판매ㆍ공급계약체결               | 2026-07-13: [기재정정]단일판매ㆍ공급계약체결               | 2026-07-07: 임원ㆍ주요주주특정증권등소유상황보고서 | 2026-07-07: 최대주주등소유주식변동신고서              ,12
스피어,347700,60,OK,,[기재정정]단일판매ㆍ공급계약체결              (+5) | [기재정정]단일판매ㆍ공급계약체결              (+5) | [기재정정]단일판매ㆍ공급계약체결              (+5) | [기재정정]단일판매ㆍ공급계약체결              (+5) | [기재정정]단일판매ㆍ공급계약체결              (+5),,2026-07-28: [기재정정]단일판매ㆍ공급계약체결               | 2026-07-24: 기업설명회(IR)개최               | 2026-07-20: [기재정정]단일판매ㆍ공급계약체결               | 2026-07-14: [기재정정]단일판매ㆍ공급계약체결               | 2026-07-14: [기재정정]단일판매ㆍ공급계약체결              ,15
한전산업,130660,60,OK,,[기재정정]단일판매ㆍ공급계약체결              (+5) | [기재정정]단일판매ㆍ공급계약체결              (+5) | [기재정정]단일판매ㆍ공급계약체결              (+5) | [기재정정]단일판매ㆍ공급계약체결              (+5) | [기재정정]단일판매ㆍ공급계약체결              (+5),,2026-07-28: [기재정정]단일판매ㆍ공급계약체결               | 2026-07-28: [기재정정]단일판매ㆍ공급계약체결               | 2026-07-23: [기재정정]단일판매ㆍ공급계약체결               | 2026-07-08: [기재정정]단일판매ㆍ공급계약체결               | 2026-07-07: 독립이사의선임ㆍ해임또는중도퇴임에관한신고,15
