종목명,종목코드,DART점수,Tier1발동,Tier1,호재내역,악재내역,최근공시,공시건수
블루산업개발,006740,-120,🚨 YES,[기재정정]주요사항보고서(유상증자결정) | [기재정정]주요사항보고서(유상증자결정) | [기재정정]주요사항보고서(유상증자결정),,[기재정정]주요사항보고서(유상증자결정)(-15) | [기재정정]주요사항보고서(유상증자결정)(-15) | [기재정정]주요사항보고서(유상증자결정)(-15) | [기재정정]주요사항보고서(전환사채권발행결정)(-15) | 주요사항보고서(전환사채권발행결정)(-15),2026-06-26: [기재정정]주요사항보고서(유상증자결정) | 2026-06-26: [기재정정]주요사항보고서(유상증자결정) | 2026-06-26: [기재정정]주요사항보고서(유상증자결정) | 2026-06-25: 임원ㆍ주요주주특정증권등소유상황보고서 | 2026-06-25: 주식등의대량보유상황보고서(약식),20
에이프로젠,007460,-105,🚨 YES,주요사항보고서(전환사채권발행결정)(자회사의 주요경영사항)              (제11회차) | 주요사항보고서(전환사채권발행결정)(자회사의 주요경영사항)              (제10회차) | 주요사항보고서(유상증자결정)(자회사의 주요경영사항)              (제3자배정),,주요사항보고서(전환사채권발행결정)(자회사의 주요경영사항)              (제11회차)(-15) | 주요사항보고서(전환사채권발행결정)(자회사의 주요경영사항)              (제10회차)(-15) | 주요사항보고서(유상증자결정)(자회사의 주요경영사항)              (제3자배정)(-15) | [기재정정]주요사항보고서(유상증자결정)(자회사의 주요경영사항)              (제3자배정)(-15) | [기재정정]주요사항보고서(전환사채권발행결정)(자회사의 주요경영사항)              (-15),2026-06-26: [기재정정]투자판단관련주요경영사항               | 2026-06-26: 주식등의대량보유상황보고서(일반) | 2026-06-26: 주요사항보고서(전환사채권발행결정)(자회사의 주요경영사항)              (제11회차) | 2026-06-26: 주요사항보고서(전환사채권발행결정)(자회사의 주요경영사항)              (제10회차) | 2026-06-25: 주요사항보고서(유상증자결정)(자회사의 주요경영사항)              (제3자배정),14
제이에스링크,127120,-105,🚨 YES,[기재정정]주요사항보고서(전환사채권발행결정) | [기재정정]주요사항보고서(전환사채권발행결정) | [기재정정]주요사항보고서(전환사채권발행결정),,[기재정정]주요사항보고서(전환사채권발행결정)(-15) | [기재정정]주요사항보고서(전환사채권발행결정)(-15) | [기재정정]주요사항보고서(전환사채권발행결정)(-15) | [기재정정]주요사항보고서(전환사채권발행결정)(-15) | [기재정정]주요사항보고서(전환사채권발행결정)(-15),2026-06-26: [기재정정]주요사항보고서(전환사채권발행결정) | 2026-06-25: 증권발행결과(자율공시)              (제18회차) | 2026-06-25: 증권발행결과(자율공시)              (제17회차) | 2026-06-23: [기재정정]주요사항보고서(전환사채권발행결정) | 2026-06-23: [기재정정]주요사항보고서(전환사채권발행결정),10
한국유니온제약,080720,-100,🚨 YES,[기재정정]주요사항보고서(유상증자결정) | [기재정정]주요사항보고서(감자결정) | [기재정정]주요사항보고서(유상증자결정),,[기재정정]주요사항보고서(유상증자결정)(-15) | [기재정정]주요사항보고서(감자결정)(-20) | [기재정정]주요사항보고서(유상증자결정)(-15) | [기재정정]주요사항보고서(유상증자결정)(-15) | [기재정정]주요사항보고서(감자결정)(-20),2026-06-16: [기재정정]주요사항보고서(유상증자결정) | 2026-06-16: [기재정정]주요사항보고서(감자결정) | 2026-06-16: [기재정정]주요사항보고서(유상증자결정) | 2026-06-15: [기재정정]주주총회소집공고 | 2026-06-15: [기재정정]주주총회소집결의              (임시주주총회),13
우성머티리얼스,011300,-90,🚨 YES,[첨부정정]주요사항보고서(유상증자결정) | [첨부정정]주요사항보고서(유상증자결정) | [첨부정정]주요사항보고서(유상증자결정),,[첨부정정]주요사항보고서(유상증자결정)(-15) | [첨부정정]주요사항보고서(유상증자결정)(-15) | [첨부정정]주요사항보고서(유상증자결정)(-15) | [기재정정]주요사항보고서(유상증자결정)(-15) | [기재정정]주요사항보고서(유상증자결정)(-15),2026-06-18: [첨부정정]주요사항보고서(유상증자결정) | 2026-06-18: [첨부정정]주요사항보고서(유상증자결정) | 2026-06-18: [첨부정정]주요사항보고서(유상증자결정) | 2026-06-18: [기재정정]주요사항보고서(유상증자결정) | 2026-06-18: [기재정정]주요사항보고서(유상증자결정),13
모바일어플라이언스,087260,-85,🚨 YES,[기재정정]주요사항보고서(전환사채권발행결정) | 조회공시요구(풍문또는보도)              (대표 등 주요 경영진 횡령·배임 피소설) | 조회공시요구(풍문또는보도)              (대표 등 주요 경영진 횡령·배임 피소설),,[기재정정]주요사항보고서(전환사채권발행결정)(-15) | [기재정정]최대주주변경              (-5) | 조회공시요구(풍문또는보도)              (대표 등 주요 경영진 횡령·배임 피소설)(-25) | 조회공시요구(풍문또는보도)              (대표 등 주요 경영진 횡령·배임 피소설)(-25) | [기재정정]주요사항보고서(유상증자결정)(-15),2026-06-23: [기재정정]의결권대리행사권유참고서류 | 2026-06-18: [기재정정]의결권대리행사권유참고서류 | 2026-06-16: [기재정정]의결권대리행사권유참고서류 | 2026-06-16: 의결권대리행사권유참고서류 | 2026-06-15: 소송등의제기ㆍ신청(경영권분쟁소송)              ,18
알엔티엑스,123010,-85,🚨 YES,[기재정정]주요사항보고서(전환사채권발행결정) | [기재정정]주요사항보고서(전환사채권발행결정) | [기재정정]주요사항보고서(전환사채권발행결정),,[기재정정]최대주주변경을수반하는주식양수도계약체결              (-5) | [기재정정]주요사항보고서(전환사채권발행결정)(-15) | [기재정정]주요사항보고서(전환사채권발행결정)(-15) | [기재정정]주요사항보고서(전환사채권발행결정)(-15) | [기재정정]주요사항보고서(유상증자결정)(-15),2026-06-26: [기재정정]최대주주변경을수반하는주식양수도계약체결               | 2026-06-25: [기재정정]주식병합결정               | 2026-06-25: [기재정정]전환청구권행사               | 2026-06-19: 주식등의대량보유상황보고서(약식) | 2026-06-19: 주식등의대량보유상황보고서(일반),27
썸에이지,208640,-75,🚨 YES,"주권매매거래정지해제              (감자 주권 변경상장) | [기재정정]주요사항보고서(유상증자결정) | 주권매매거래정지              (주식의 병합, 분할 등 전자등록 변경, 말소)",,"주권매매거래정지해제              (감자 주권 변경상장)(-30) | [기재정정]주요사항보고서(유상증자결정)(-15) | 주권매매거래정지              (주식의 병합, 분할 등 전자등록 변경, 말소)(-30)",2026-06-26: [기재정정]증권신고서(지분증권) | 2026-06-25: [기재정정]증권신고서(지분증권) | 2026-06-22: 주권매매거래정지해제              (감자 주권 변경상장) | 2026-06-19: 임원ㆍ주요주주특정증권등거래계획보고서 | 2026-06-19: 임원ㆍ주요주주특정증권등거래계획보고서,10
소프트센,032680,-75,🚨 YES,기타시장안내(관리종목지정우려종목)              (소프트센 1우선주(거래량 미달)) | 주요사항보고서(유상증자결정) | 기타시장안내              (소프트센 1우선주 관리종목지정 우려예고),,기타시장안내(관리종목지정우려종목)              (소프트센 1우선주(거래량 미달))(-30) | 주요사항보고서(유상증자결정)(-15) | 기타시장안내              (소프트센 1우선주 관리종목지정 우려예고)(-30),2026-06-23: 기타시장안내(관리종목지정우려종목)              (소프트센 1우선주(거래량 미달)) | 2026-06-05: 주요사항보고서(유상증자결정) | 2026-06-01: 기타시장안내              (소프트센 1우선주 관리종목지정 우려예고),3
에이루트,096690,-75,🚨 YES,[기재정정]주요사항보고서(전환사채권발행결정) | [기재정정]주요사항보고서(전환사채권발행결정) | 주요사항보고서(유상증자결정),,[기재정정]주요사항보고서(전환사채권발행결정)(-15) | [기재정정]주요사항보고서(전환사채권발행결정)(-15) | 주요사항보고서(유상증자결정)(-15) | 주요사항보고서(유상증자결정)(-15) | [기재정정]주요사항보고서(전환사채권발행결정)(-15),2026-06-26: 주식등의대량보유상황보고서(약식) | 2026-06-26: 임원ㆍ주요주주특정증권등소유상황보고서 | 2026-06-26: 임원ㆍ주요주주특정증권등소유상황보고서 | 2026-06-26: 임원ㆍ주요주주특정증권등소유상황보고서 | 2026-06-26: 주식등의대량보유상황보고서(약식),20
씨씨에스,066790,-70,🚨 YES,[기재정정]주요사항보고서(감자결정) | [첨부정정]주요사항보고서(감자결정) | [기재정정]주요사항보고서(감자결정),,[기재정정]주요사항보고서(감자결정)(-20) | [기재정정]최대주주변경을수반하는주식양수도계약체결              (-5) | [첨부정정]주요사항보고서(감자결정)(-20) | [기재정정]주요사항보고서(감자결정)(-20) | [기재정정]최대주주변경을수반하는주식양수도계약체결              (-5),2026-06-25: 소송등의판결ㆍ결정              (일시대표이사선임신청) | 2026-06-24: 소송등의판결ㆍ결정              (임시주주총회 개최금지 가처분) | 2026-06-24: 소송등의제기ㆍ신청(경영권분쟁소송)              (일시대표이사선임신청) | 2026-06-16: [기재정정]소송등의제기ㆍ신청(경영권분쟁소송)              (임시주주총회 개최금지 가처분) | 2026-06-16: 주주명부폐쇄기간또는기준일설정              ,31
아리바이오LAB,261780,-70,🚨 YES,[첨부정정]주요사항보고서(전환사채권발행결정) | [기재정정]주요사항보고서(유상증자결정) | [기재정정]주요사항보고서(전환사채권발행결정),,[첨부정정]주요사항보고서(전환사채권발행결정)(-15) | [기재정정]주요사항보고서(유상증자결정)(-15) | 최대주주변경을수반하는주식담보제공계약체결              (-5) | [기재정정]주요사항보고서(전환사채권발행결정)(-15) | 최대주주변경을수반하는주식담보제공계약해제ㆍ취소등              (-5),2026-06-22: 주주명부폐쇄기간또는기준일설정               | 2026-06-22: 주주총회소집결의              (임시주주총회) | 2026-06-22: [첨부정정]주요사항보고서(전환사채권발행결정) | 2026-06-22: [기재정정]주요사항보고서(유상증자결정) | 2026-06-10: 주식등의대량보유상황보고서(일반),10
애드바이오텍,179530,-65,🚨 YES,주요사항보고서(전환사채권발행결정) | [기재정정]주요사항보고서(전환사채권발행결정) | [기재정정]주요사항보고서(유상증자결정),,주요사항보고서(전환사채권발행결정)(-15) | [기재정정]주요사항보고서(전환사채권발행결정)(-15) | 최대주주인명목회사·조합등의최대주주변경              (-5) | [기재정정]주요사항보고서(유상증자결정)(-15) | [기재정정]주요사항보고서(전환사채권발행결정)(-15),2026-06-26: 주요사항보고서(전환사채권발행결정) | 2026-06-26: [기재정정]주요사항보고서(전환사채권발행결정) | 2026-06-26: 주주명부폐쇄기간또는기준일설정               | 2026-06-26: 주주총회소집결의              (임시주주총회) | 2026-06-19: 사외이사의선임ㆍ해임또는중도퇴임에관한신고,18
팡스카이,266350,-60,🚨 YES,주권매매거래정지               | 주권매매거래정지해제              (상장폐지에 따른 정리매매 개시),,주권매매거래정지              (-30) | 주권매매거래정지해제              (상장폐지에 따른 정리매매 개시)(-30),2026-06-04: 기타시장안내              (정리매매 보류 관련) | 2026-06-04: 주권매매거래정지               | 2026-06-04: 기타주요경영사항(자율공시)              (상장폐지결정등효력정지 가처분신청의 건) | 2026-06-02: 주권매매거래정지해제              (상장폐지에 따른 정리매매 개시) | 2026-06-02: 기타시장안내              (코넥스시장 상장공시위원회 심의 결과 등 안내 ),5
CSA 코스믹,083660,-60,🚨 YES,주요사항보고서(전환사채권발행결정) | [기재정정]주요사항보고서(유상증자결정) | [기재정정]주요사항보고서(유상증자결정),,주요사항보고서(전환사채권발행결정)(-15) | [기재정정]주요사항보고서(유상증자결정)(-15) | [기재정정]주요사항보고서(유상증자결정)(-15) | 주요사항보고서(유상증자결정)(-15),2026-06-24: 전환가액의조정              (제3회차) | 2026-06-11: 불성실공시법인지정              (공시변경) | 2026-06-11: 주요사항보고서(전환사채권발행결정) | 2026-06-10: [기재정정]주요사항보고서(유상증자결정) | 2026-06-09: [기재정정]주요사항보고서(유상증자결정),6
이렘,009730,-60,🚨 YES,"[기재정정]주요사항보고서(유상증자결정) | 주권매매거래정지              (주식의 병합, 분할 등 전자등록 변경, 말소) | [기재정정]주요사항보고서(유상증자결정)",,"[기재정정]주요사항보고서(유상증자결정)(-15) | 주권매매거래정지              (주식의 병합, 분할 등 전자등록 변경, 말소)(-30) | [기재정정]주요사항보고서(유상증자결정)(-15)","2026-06-26: 전환사채(해외전환사채포함)발행후만기전사채취득              (제22회차) | 2026-06-26: [기재정정]주요사항보고서(유상증자결정) | 2026-06-25: 감자완료               | 2026-06-16: 정정신고서제출요구( 2026.06.05. 제출 증권신고서(지분증권) ) | 2026-06-16: 주권매매거래정지              (주식의 병합, 분할 등 전자등록 변경, 말소)",8
알파AI,043100,-60,🚨 YES,[기재정정]주요사항보고서(전환사채권발행결정) | [기재정정]주요사항보고서(전환사채권발행결정) | 주권매매거래정지기간변경              (회생절차 개시신청),,[기재정정]주요사항보고서(전환사채권발행결정)(-15) | [기재정정]주요사항보고서(전환사채권발행결정)(-15) | 주권매매거래정지기간변경              (회생절차 개시신청)(-30),2026-06-24: [기재정정]타법인주식및출자증권취득결정               | 2026-06-24: [기재정정]주요사항보고서(전환사채권발행결정) | 2026-06-24: [기재정정]주요사항보고서(전환사채권발행결정) | 2026-06-17: 사채원리금미지급발생               | 2026-06-16: 주권매매거래정지기간변경              (회생절차 개시신청),11
앱튼,270520,-60,🚨 YES,주요사항보고서(전환사채권발행결정) | 주요사항보고서(전환사채권발행결정) | 주요사항보고서(유상증자결정),,주요사항보고서(전환사채권발행결정)(-15) | 주요사항보고서(전환사채권발행결정)(-15) | 주요사항보고서(유상증자결정)(-15) | [기재정정]주요사항보고서(유상증자결정)(-15),2026-06-26: 주요사항보고서(전환사채권발행결정) | 2026-06-26: 주요사항보고서(전환사채권발행결정) | 2026-06-25: 주요사항보고서(유상증자결정) | 2026-06-24: [기재정정]주요사항보고서(유상증자결정) | 2026-06-11: [기재정정]주주총회소집결의              (임시주주총회),7
케이지에이,455180,-60,🚨 YES,[기재정정]주요사항보고서(유상증자결정) | [기재정정]주요사항보고서(유상증자결정) | [기재정정]주요사항보고서(유상증자결정),,[기재정정]주요사항보고서(유상증자결정)(-15) | [기재정정]주요사항보고서(유상증자결정)(-15) | [기재정정]주요사항보고서(유상증자결정)(-15) | 주요사항보고서(유상증자결정)(-15),2026-06-24: [기재정정]소액공모공시서류(지분증권) | 2026-06-24: [기재정정]주요사항보고서(유상증자결정) | 2026-06-22: [기재정정]소액공모공시서류(지분증권) | 2026-06-22: [기재정정]주요사항보고서(유상증자결정) | 2026-06-22: 유상증자최종발행가액확정              (제3자배정-소액공모),12
셀레스트라,352770,-60,🚨 YES,주권매매거래정지              (투자자 보호) | 주권매매거래정지해제              (상장폐지에 따른 정리매매 개시),,주권매매거래정지              (투자자 보호)(-30) | 주권매매거래정지해제              (상장폐지에 따른 정리매매 개시)(-30),2026-06-11: [기재정정]회생절차개시결정               | 2026-06-09: 주권매매거래정지              (투자자 보호) | 2026-06-09: 기타시장안내              (정리매매 보류 관련) | 2026-06-09: 기타경영사항(자율공시)              (상장폐지결정등 효력정지 가처분 신청) | 2026-06-08: 주권매매거래정지해제              (상장폐지에 따른 정리매매 개시),6
씨엑스아이,900120,-60,🚨 YES,주권매매거래정지해제              (감자 주권 변경상장 등) | [기재정정]주요사항보고서(유상증자결정) | 주요사항보고서(유상증자결정),,주권매매거래정지해제              (감자 주권 변경상장 등)(-30) | [기재정정]주요사항보고서(유상증자결정)(-15) | 주요사항보고서(유상증자결정)(-15),2026-06-23: 주권매매거래정지해제              (감자 주권 변경상장 등) | 2026-06-17: 임원ㆍ주요주주특정증권등소유상황보고서 | 2026-06-17: 주식등의대량보유상황보고서(일반) | 2026-06-12: 주주명부폐쇄기간또는기준일설정               | 2026-06-12: 증권발행결과(자율공시)              (제3자배정 유상증자),13
에이팩트,200470,-60,🚨 YES,[기재정정]주요사항보고서(전환사채권발행결정) | 주요사항보고서(전환사채권발행결정),,[기재정정]주요사항보고서(전환사채권발행결정)(-15) | 최대주주변경을수반하는주식담보제공계약체결              (-5) | 최대주주변경              (-5) | [기재정정]최대주주변경을수반하는주식양수도계약체결              (-5) | [기재정정]최대주주변경을수반하는주식양수도계약체결              (-5),2026-06-26: 임원ㆍ주요주주특정증권등소유상황보고서 | 2026-06-26: 임원ㆍ주요주주특정증권등소유상황보고서 | 2026-06-26: [기재정정]주요사항보고서(전환사채권발행결정) | 2026-06-22: 최대주주변경을수반하는주식담보제공계약체결               | 2026-06-22: 최대주주변경              ,12
한국비티비,219750,-60,🚨 YES,"주권매매거래정지해제              (액면병합 주권 변경상장) | 주권매매거래정지              (주식의 병합, 분할 등 전자등록 변경, 말소)",,"주권매매거래정지해제              (액면병합 주권 변경상장)(-30) | 주권매매거래정지              (주식의 병합, 분할 등 전자등록 변경, 말소)(-30)","2026-06-24: 주권매매거래정지해제              (액면병합 주권 변경상장) | 2026-06-01: 주권매매거래정지              (주식의 병합, 분할 등 전자등록 변경, 말소)",2
다이나믹솔루션,290660,-60,🚨 YES,"주권매매거래정지해제              (액면병합 주권 변경상장) | 주권매매거래정지              (주식의 병합, 분할 등 전자등록 변경, 말소)",,"주권매매거래정지해제              (액면병합 주권 변경상장)(-30) | 주권매매거래정지              (주식의 병합, 분할 등 전자등록 변경, 말소)(-30)",2026-06-24: 주권매매거래정지해제              (액면병합 주권 변경상장) | 2026-06-18: [기재정정]주식병합결정               | 2026-06-16: 주식등의대량보유상황보고서(약식) | 2026-06-12: 합병등종료보고서(자산양수도) | 2026-06-12: 주식등의대량보유상황보고서(약식),15
아이에이,038880,-60,🚨 YES,"주권매매거래정지해제              (감자 주권 변경상장) | 주권매매거래정지              (주식의 병합, 분할 등 전자등록 변경, 말소)",,"주권매매거래정지해제              (감자 주권 변경상장)(-30) | 주권매매거래정지              (주식의 병합, 분할 등 전자등록 변경, 말소)(-30)","2026-06-23: 주권매매거래정지해제              (감자 주권 변경상장) | 2026-06-23: 감자완료               | 2026-06-05: 주권매매거래정지              (주식의 병합, 분할 등 전자등록 변경, 말소)",3
텔콘RF제약,200230,-60,🚨 YES,"주권매매거래정지해제              (감자 주권 변경상장) | 주권매매거래정지              (주식의 병합, 분할 등 전자등록 변경, 말소)",,"주권매매거래정지해제              (감자 주권 변경상장)(-30) | 주권매매거래정지              (주식의 병합, 분할 등 전자등록 변경, 말소)(-30)","2026-06-25: 주권매매거래정지해제              (감자 주권 변경상장) | 2026-06-10: 주식등의대량보유상황보고서(약식) | 2026-06-09: 감자완료               | 2026-05-29: 주권매매거래정지              (주식의 병합, 분할 등 전자등록 변경, 말소)",4
오에스피,368970,-60,🚨 YES,주요사항보고서(유상증자결정) | [첨부추가]주요사항보고서(유상증자결정) | 주권매매거래정지              (무상증자),,주요사항보고서(유상증자결정)(-15) | [첨부추가]주요사항보고서(유상증자결정)(-15) | 주권매매거래정지              (무상증자)(-30),2026-06-26: 주요사항보고서(유상증자결정) | 2026-06-25: [기재정정]주요사항보고서(무상증자결정) | 2026-06-18: 권리락              (무상증자) | 2026-06-16: [첨부추가]주요사항보고서(유상증자결정) | 2026-06-16: 주주명부폐쇄기간또는기준일설정              ,12
티에스넥스젠,043220,-60,🚨 YES,주권매매거래정지              (투자자 보호) | 주권매매거래정지해제              (상장폐지에 따른 정리매매 개시),,주권매매거래정지              (투자자 보호)(-30) | 주권매매거래정지해제              (상장폐지에 따른 정리매매 개시)(-30),2026-06-22: [기재정정]전환청구권행사              (제12회차) | 2026-06-09: 주권매매거래정지              (투자자 보호) | 2026-06-09: 기타시장안내              (정리매매 보류 관련) | 2026-06-09: 기타경영사항(자율공시)              (상장폐지결정 효력정지 가처분 신청) | 2026-06-08: 주권매매거래정지해제              (상장폐지에 따른 정리매매 개시),7
테라사이언스,073640,-60,🚨 YES,주요사항보고서(유상증자결정) | [기재정정]주요사항보고서(유상증자결정) | [기재정정]주요사항보고서(유상증자결정),,주요사항보고서(유상증자결정)(-15) | [기재정정]주요사항보고서(유상증자결정)(-15) | [기재정정]주요사항보고서(유상증자결정)(-15) | [기재정정]주요사항보고서(유상증자결정)(-15),2026-06-26: 증권발행결과(자율공시)              (제3자배정) | 2026-06-18: 주요사항보고서(유상증자결정) | 2026-06-18: [기재정정]주요사항보고서(유상증자결정) | 2026-06-12: [기재정정]주요사항보고서(유상증자결정) | 2026-06-09: [기재정정]타법인주식및출자증권처분결정(자율공시)              ,10
비트플래닛,049470,-60,🚨 YES,[첨부정정]주요사항보고서(전환사채권발행결정) | [기재정정]주요사항보고서(전환사채권발행결정) | [기재정정]주요사항보고서(전환사채권발행결정),,[첨부정정]주요사항보고서(전환사채권발행결정)(-15) | [기재정정]주요사항보고서(전환사채권발행결정)(-15) | [기재정정]주요사항보고서(전환사채권발행결정)(-15) | [기재정정]주요사항보고서(전환사채권발행결정)(-15),2026-06-24: 주식등의대량보유상황보고서(약식) | 2026-06-19: 증권발행결과(자율공시)              (제17회차 CB) | 2026-06-18: [기재정정]주요사항보고서(유형자산양수결정) | 2026-06-17: [첨부정정]주요사항보고서(전환사채권발행결정) | 2026-06-16: [기재정정]주요사항보고서(전환사채권발행결정),8
대진첨단소재,393970,-60,🚨 YES,[기재정정]주요사항보고서(전환사채권발행결정) | [첨부정정]주요사항보고서(전환사채권발행결정) | 주권매매거래정지기간변경              (상장폐지 사유 발생),,[기재정정]주요사항보고서(전환사채권발행결정)(-15) | [첨부정정]주요사항보고서(전환사채권발행결정)(-15) | 주권매매거래정지기간변경              (상장폐지 사유 발생)(-30),2026-06-19: [기재정정]주요사항보고서(전환사채권발행결정) | 2026-06-16: [첨부정정]주요사항보고서(전환사채권발행결정) | 2026-06-10: 주권매매거래정지기간변경              (상장폐지 사유 발생) | 2026-06-10: 기타시장안내              (기업심사위원회 개최 결과 안내) | 2026-06-10: [기재정정]주주총회소집공고,8
투비소프트,079970,-60,🚨 YES,주권매매거래정지              (투자자 보호) | 주권매매거래정지해제              (상장폐지에 따른 정리매매 개시),,주권매매거래정지              (투자자 보호)(-30) | 주권매매거래정지해제              (상장폐지에 따른 정리매매 개시)(-30),2026-06-17: 소송등의제기ㆍ신청(경영권분쟁소송)              (회계장부 열람등사 가처분) | 2026-06-05: 주권매매거래정지              (투자자 보호) | 2026-06-05: 기타시장안내              (정리매매 보류 관련) | 2026-06-05: 기타경영사항(자율공시)              (상장폐지결정 효력정지 가처분신청) | 2026-06-04: 주권매매거래정지해제              (상장폐지에 따른 정리매매 개시),6
파이온엑스,900100,-60,🚨 YES,주권매매거래정지해제              (액면병합 주권 변경상장) | [기재정정]주요사항보고서(전환사채권발행결정) | [첨부정정]주요사항보고서(전환사채권발행결정),,주권매매거래정지해제              (액면병합 주권 변경상장)(-30) | [기재정정]주요사항보고서(전환사채권발행결정)(-15) | [첨부정정]주요사항보고서(전환사채권발행결정)(-15),2026-06-26: 기타경영사항(자율공시)              (조회공시 요구(현저한 시황변동)에 대한 답변(확정)) | 2026-06-22: 주권매매거래정지해제              (액면병합 주권 변경상장) | 2026-06-19: 임원ㆍ주요주주특정증권등소유상황보고서 | 2026-06-19: 주식등의대량보유상황보고서(일반) | 2026-06-19: [기재정정]주요사항보고서(전환사채권발행결정),9
세종메디칼,258830,-60,🚨 YES,주권매매거래정지              (투자자 보호) | 주권매매거래정지해제              (상장폐지에 따른 정리매매 개시),,주권매매거래정지              (투자자 보호)(-30) | 주권매매거래정지해제              (상장폐지에 따른 정리매매 개시)(-30),2026-06-15: 주주총회소집공고 | 2026-06-15: [기재정정]주주총회소집결의              (임시주주총회) | 2026-06-12: [기재정정]불성실공시법인지정예고              (공시번복) | 2026-06-12: 주권매매거래정지              (투자자 보호) | 2026-06-12: 기타시장안내              (정리매매 보류 관련),9
현대사료,016790,-60,🚨 YES,주권매매거래정지              (투자자 보호) | 주권매매거래정지해제              (상장폐지에 따른 정리매매 개시),,주권매매거래정지              (투자자 보호)(-30) | 주권매매거래정지해제              (상장폐지에 따른 정리매매 개시)(-30),2026-06-15: [기재정정]의결권대리행사권유참고서류 | 2026-06-15: [기재정정]주주총회소집공고 | 2026-06-15: [기재정정]주주총회소집결의              (임시주주총회) | 2026-06-12: 주권매매거래정지              (투자자 보호) | 2026-06-12: 기타시장안내              (정리매매 보류 관련),11
엑시온그룹,069920,-60,🚨 YES,[기재정정]주요사항보고서(유상증자결정) | 기타시장안내(관리종목지정우려종목)              (시가총액 150억원 미달) | 주요사항보고서(유상증자결정),,[기재정정]주요사항보고서(유상증자결정)(-15) | 기타시장안내(관리종목지정우려종목)              (시가총액 150억원 미달)(-30) | 주요사항보고서(유상증자결정)(-15),2026-06-26: 임시주주총회결과               | 2026-06-25: [기재정정]주요사항보고서(유상증자결정) | 2026-06-18: 기타시장안내(관리종목지정우려종목)              (시가총액 150억원 미달) | 2026-06-11: 불성실공시법인지정예고              (공시번복) | 2026-06-11: 주요사항보고서(유상증자결정),9
기가레인,049080,-60,🚨 YES,"주권매매거래정지해제              (액면병합 주권 변경상장) | 주권매매거래정지              (주식의 병합, 분할 등 전자등록 변경, 말소)",,"주권매매거래정지해제              (액면병합 주권 변경상장)(-30) | 주권매매거래정지              (주식의 병합, 분할 등 전자등록 변경, 말소)(-30)","2026-06-26: 주권매매거래정지해제              (액면병합 주권 변경상장) | 2026-06-05: 주권매매거래정지              (주식의 병합, 분할 등 전자등록 변경, 말소)",2
셀피글로벌,068940,-60,🚨 YES,주권매매거래정지기간변경              (투자자보호) | [기재정정]주요사항보고서(전환사채권발행결정) | [기재정정]주요사항보고서(전환사채권발행결정),,주권매매거래정지기간변경              (투자자보호)(-30) | [기재정정]주요사항보고서(전환사채권발행결정)(-15) | [기재정정]주요사항보고서(전환사채권발행결정)(-15),2026-06-08: 주권매매거래정지기간변경              (투자자보호) | 2026-06-08: 기타시장안내              (정리매매 보류 관련) | 2026-06-08: 기타경영사항(자율공시)              (상장폐지결정 등 효력정지가처분신청 인용결정) | 2026-05-29: [기재정정]주요사항보고서(전환사채권발행결정) | 2026-05-29: [기재정정]주요사항보고서(전환사채권발행결정),5
캔버스엔,210120,-60,🚨 YES,"[기재정정]주요사항보고서(전환사채권발행결정) | [기재정정]주요사항보고서(전환사채권발행결정) | 주권매매거래정지              (주식의 병합, 분할 등 전자등록 변경, 말소)",,"[기재정정]주요사항보고서(전환사채권발행결정)(-15) | [기재정정]주요사항보고서(전환사채권발행결정)(-15) | 주권매매거래정지              (주식의 병합, 분할 등 전자등록 변경, 말소)(-30)","2026-06-19: [기재정정]주요사항보고서(전환사채권발행결정) | 2026-06-19: [기재정정]주요사항보고서(전환사채권발행결정) | 2026-06-05: 주권매매거래정지              (주식의 병합, 분할 등 전자등록 변경, 말소) | 2026-06-02: 주주명부폐쇄기간또는기준일설정               | 2026-06-02: 주주총회소집결의              (임시주주총회)",5
차AI헬스케어,025620,-55,🚨 YES,[기재정정]주요사항보고서(전환사채권발행결정) | [기재정정]주요사항보고서(전환사채권발행결정) | [기재정정]주요사항보고서(전환사채권발행결정),단일판매ㆍ공급계약체결              (+5),[기재정정]주요사항보고서(전환사채권발행결정)(-15) | [기재정정]주요사항보고서(전환사채권발행결정)(-15) | [기재정정]주요사항보고서(전환사채권발행결정)(-15) | [기재정정]주요사항보고서(전환사채권발행결정)(-15),2026-06-25: 기타안내사항(안내공시)               | 2026-06-22: 단일판매ㆍ공급계약체결               | 2026-06-19: 유상증자또는주식관련사채등의발행결과(자율공시)               | 2026-06-19: 유상증자또는주식관련사채등의발행결과(자율공시)               | 2026-06-19: 유상증자또는주식관련사채등의발행결과(자율공시)              ,12
동성제약,002210,-50,🚨 YES,횡령ㆍ배임혐의발생               | 횡령ㆍ배임혐의발생              ,,횡령ㆍ배임혐의발생              (-25) | 횡령ㆍ배임혐의발생              (-25),2026-06-23: 기타시장안내              (기업심사위원회 속행 결정 안내) | 2026-06-23: 불성실공시법인지정예고               | 2026-06-23: 횡령ㆍ배임혐의발생               | 2026-06-04: [기재정정]대규모기업집단현황공시[연1회공시및1/4분기용(개별회사)] | 2026-06-01: [첨부추가]기업지배구조보고서공시              ,6
오리엔트바이오,002630,-50,🚨 YES,주요사항보고서(감자결정) | 매매거래정지및정지해제(중요내용공시)              ,,주요사항보고서(감자결정)(-20) | 매매거래정지및정지해제(중요내용공시)              (-30),2026-06-24: [기재정정]임원ㆍ주요주주특정증권등거래계획보고서 | 2026-06-23: 임원ㆍ주요주주특정증권등거래계획보고서 | 2026-06-23: 주주명부폐쇄기간또는기준일설정               | 2026-06-23: 주주총회소집결의               | 2026-06-23: 주요사항보고서(감자결정),16
프리티,006490,-50,🚨 YES,[기재정정]주요사항보고서(유상증자결정) | [기재정정]주요사항보고서(전환사채권발행결정) | [기재정정]주요사항보고서(유상증자결정),,최대주주등소유주식변동신고서(최대주주변경시)              (-5) | [기재정정]주요사항보고서(유상증자결정)(-15) | [기재정정]주요사항보고서(전환사채권발행결정)(-15) | [기재정정]주요사항보고서(유상증자결정)(-15),2026-06-25: 최대주주등소유주식변동신고서               | 2026-06-24: 최대주주등소유주식변동신고서               | 2026-06-24: 최대주주등소유주식변동신고서(최대주주변경시)               | 2026-06-23: [기재정정]주주총회소집결의               | 2026-06-22: [기재정정]주식병합결정              ,11
KS인더스트리,101000,-50,🚨 YES,주권매매거래정지              (자본감소) | 주요사항보고서(감자결정),,주권매매거래정지              (자본감소)(-30) | 주요사항보고서(감자결정)(-20),2026-06-25: 의결권대리행사권유참고서류 | 2026-06-24: 주주총회소집공고 | 2026-06-24: [기재정정]주주총회소집결의              (임시주주총회) | 2026-06-24: 주권매매거래정지              (자본감소) | 2026-06-24: 주요사항보고서(감자결정),7
국일제지,078130,-50,🚨 YES,횡령ㆍ배임혐의진행사항               | 횡령ㆍ배임혐의진행사항              ,,횡령ㆍ배임혐의진행사항              (-25) | 횡령ㆍ배임혐의진행사항              (-25),2026-06-22: 횡령ㆍ배임혐의진행사항               | 2026-06-01: 대규모기업집단현황공시[연1회공시및1/4분기용(개별회사)],2
BNK금융지주,138930,-50,🚨 YES,횡령ㆍ배임사실확인(자회사의 주요경영사항)               | 횡령ㆍ배임사실확인(자회사의 주요경영사항)              ,,횡령ㆍ배임사실확인(자회사의 주요경영사항)              (-25) | 횡령ㆍ배임사실확인(자회사의 주요경영사항)              (-25),2026-06-26: 증권발행실적보고서 | 2026-06-25: 단기차입금증가결정(자회사의 주요경영사항)               | 2026-06-25: 투자설명서(일괄신고) | 2026-06-25: 일괄신고추가서류 | 2026-06-12: 기업설명회(IR)개최(안내공시)              ,7
인바이오,352940,-50,🚨 YES,횡령ㆍ배임사실확인               | 횡령ㆍ배임사실확인              ,,횡령ㆍ배임사실확인              (-25) | 횡령ㆍ배임사실확인              (-25),2026-06-25: 횡령ㆍ배임사실확인               | 2026-06-17: 본점소재지변경               | 2026-06-17: 임시주주총회결과               | 2026-06-15: 임원ㆍ주요주주특정증권등소유상황보고서 | 2026-06-11: 임원ㆍ주요주주특정증권등소유상황보고서,9
모아데이타,288980,-50,🚨 YES,[첨부정정]주요사항보고서(전환사채권발행결정) | [기재정정]주요사항보고서(전환사채권발행결정) | [기재정정]주요사항보고서(전환사채권발행결정),,[첨부정정]주요사항보고서(전환사채권발행결정)(-15) | [기재정정]주요사항보고서(전환사채권발행결정)(-15) | [기재정정]최대주주변경을수반하는주식담보제공계약체결              (-5) | [기재정정]주요사항보고서(전환사채권발행결정)(-15),2026-06-25: [기재정정]주식병합결정               | 2026-06-25: [기재정정]주주총회소집결의              (임시주주총회) | 2026-06-23: 주식등의대량보유상황보고서(약식) | 2026-06-23: 주식등의대량보유상황보고서(약식) | 2026-06-22: 전환가액의조정              ,21
알에프세미,096610,-50,🚨 YES,횡령ㆍ배임혐의발생               | 횡령ㆍ배임혐의발생              ,,횡령ㆍ배임혐의발생              (-25) | 횡령ㆍ배임혐의발생              (-25),2026-06-19: 기타시장안내              (상장적격성 실질심사 사유 추가 관련 절차 미진행) | 2026-06-19: 횡령ㆍ배임혐의발생              ,2
한울앤제주,276730,-45,🚨 YES,[기재정정]주요사항보고서(유상증자결정) | [기재정정]주요사항보고서(전환사채권발행결정) | [기재정정]주요사항보고서(전환사채권발행결정),,[기재정정]주요사항보고서(유상증자결정)(-15) | [기재정정]주요사항보고서(전환사채권발행결정)(-15) | [기재정정]주요사항보고서(전환사채권발행결정)(-15),2026-06-24: [기재정정]주식등의대량보유상황보고서(일반) | 2026-06-17: 주식등의대량보유상황보고서(약식) | 2026-06-17: 주식등의대량보유상황보고서(약식) | 2026-06-12: [기재정정]주요사항보고서(유상증자결정) | 2026-06-04: [기재정정]주요사항보고서(전환사채권발행결정),6
엠젠솔루션,032790,-45,🚨 YES,[기재정정]주요사항보고서(전환사채권발행결정) | [첨부정정]주요사항보고서(전환사채권발행결정) | [기재정정]주요사항보고서(전환사채권발행결정),,[기재정정]주요사항보고서(전환사채권발행결정)(-15) | [첨부정정]주요사항보고서(전환사채권발행결정)(-15) | [기재정정]주요사항보고서(전환사채권발행결정)(-15),2026-06-15: 대표이사변경               | 2026-06-15: [기재정정]주요사항보고서(자기전환사채매도결정) | 2026-06-09: 증권발행결과(자율공시)              (제24회차 CB) | 2026-06-09: [기재정정]주요사항보고서(전환사채권발행결정) | 2026-06-05: [첨부정정]주요사항보고서(전환사채권발행결정),6
아이오케이이엔엠,078860,-45,🚨 YES,주요사항보고서(유상증자결정) | [기재정정]주요사항보고서(유상증자결정) | [기재정정]주요사항보고서(유상증자결정),,주요사항보고서(유상증자결정)(-15) | [기재정정]주요사항보고서(유상증자결정)(-15) | [기재정정]주요사항보고서(유상증자결정)(-15),2026-06-25: 주요사항보고서(유상증자결정) | 2026-06-18: [기재정정]주주명부폐쇄기간또는기준일설정               | 2026-06-18: [기재정정]주주총회소집결의               | 2026-06-18: [기재정정]소액공모실적보고서 | 2026-06-18: [기재정정]소액공모공시서류(지분증권),12
오가닉티코스메틱,900300,-45,🚨 YES,주요사항보고서(유상증자결정) | 주권매매거래정지해제              (주식병합(무액면주식) 주권 변경상장),,주요사항보고서(유상증자결정)(-15) | 주권매매거래정지해제              (주식병합(무액면주식) 주권 변경상장)(-30),2026-06-23: 주요사항보고서(유상증자결정) | 2026-06-23: 주권매매거래정지해제              (주식병합(무액면주식) 주권 변경상장) | 2026-06-10: 주식등의대량보유상황보고서(일반) | 2026-06-01: 분기보고서 (2026.03),4
에이프로젠바이오로직스,003060,-45,🚨 YES,[기재정정]주요사항보고서(전환사채권발행결정) | [기재정정]주요사항보고서(전환사채권발행결정) | [기재정정]주요사항보고서(전환사채권발행결정),,[기재정정]주요사항보고서(전환사채권발행결정)(-15) | [기재정정]주요사항보고서(전환사채권발행결정)(-15) | [기재정정]주요사항보고서(전환사채권발행결정)(-15),2026-06-24: 주식등의대량보유상황보고서(약식) | 2026-06-24: [기재정정]주요사항보고서(전환사채권발행결정) | 2026-06-19: [기재정정]주요사항보고서(전환사채권발행결정) | 2026-06-19: 주식등의대량보유상황보고서(일반) | 2026-06-05: 임원ㆍ주요주주특정증권등소유상황보고서,9
셀레믹스,331920,-45,🚨 YES,주요사항보고서(유상증자결정) | [기재정정]주요사항보고서(유상증자결정) | [기재정정]주요사항보고서(유상증자결정),,주요사항보고서(유상증자결정)(-15) | [기재정정]주요사항보고서(유상증자결정)(-15) | [기재정정]주요사항보고서(유상증자결정)(-15),2026-06-26: 주주총회소집공고 | 2026-06-26: [기재정정]주주총회소집결의              (임시주주총회) | 2026-06-24: 주요사항보고서(유상증자결정) | 2026-06-24: [기재정정]주요사항보고서(유상증자결정) | 2026-06-23: [기재정정]주요사항보고서(유상증자결정),12
삼보산업,009620,-45,🚨 YES,기타시장안내(관리종목지정우려종목)              (시가총액 150억원 미달) | 주요사항보고서(유상증자결정),,기타시장안내(관리종목지정우려종목)              (시가총액 150억원 미달)(-30) | 주요사항보고서(유상증자결정)(-15),2026-06-23: 주식등의대량보유상황보고서(일반) | 2026-06-16: 기타시장안내(관리종목지정우려종목)              (시가총액 150억원 미달) | 2026-06-15: 주주명부폐쇄기간또는기준일설정               | 2026-06-15: 주주총회소집결의               | 2026-06-15: 주식병합결정              ,6
하이퍼코퍼레이션,065650,-45,🚨 YES,[기재정정]주요사항보고서(유상증자결정) | 주권매매거래정지해제              (액면병합 주권 변경상장),,[기재정정]주요사항보고서(유상증자결정)(-15) | 주권매매거래정지해제              (액면병합 주권 변경상장)(-30),2026-06-12: [기재정정]주요사항보고서(유상증자결정) | 2026-06-12: 본점소재지변경               | 2026-06-08: 주권매매거래정지해제              (액면병합 주권 변경상장) | 2026-06-05: 주주명부폐쇄기간또는기준일설정               | 2026-06-05: 주주총회소집결의              ,5
에이프릴바이오,397030,-45,🚨 YES,주요사항보고서(유상증자결정) | 주요사항보고서(유상증자결정) | 주요사항보고서(유상증자결정),,주요사항보고서(유상증자결정)(-15) | 주요사항보고서(유상증자결정)(-15) | 주요사항보고서(유상증자결정)(-15),2026-06-25: [기재정정]경영권변경등에관한계약체결               | 2026-06-25: 조회공시요구(풍문또는보도)에대한답변(부인)               | 2026-06-25: 경영권변경등에관한계약체결               | 2026-06-25: 주요사항보고서(유상증자결정) | 2026-06-25: 주요사항보고서(유상증자결정),8
네오이뮨텍,950220,-45,🚨 YES,주요사항보고서(유상증자결정) | 주권매매거래정지해제              (액면병합 주권 변경상장),,주요사항보고서(유상증자결정)(-15) | 주권매매거래정지해제              (액면병합 주권 변경상장)(-30),2026-06-18: 증권발행결과(자율공시)              (제3자배정 유상증자) | 2026-06-10: 주요사항보고서(유상증자결정) | 2026-06-09: 주권매매거래정지해제              (액면병합 주권 변경상장) | 2026-06-05: [기재정정]코스닥시장상장외국법인외부감사인선임ㆍ해임신고서               | 2026-06-05: 주식등의대량보유상황보고서(일반),5
포니링크,064800,-45,🚨 YES,[기재정정]주요사항보고서(전환사채권발행결정) | [기재정정]주요사항보고서(전환사채권발행결정) | 주요사항보고서(전환사채권발행결정),,[기재정정]주요사항보고서(전환사채권발행결정)(-15) | [기재정정]주요사항보고서(전환사채권발행결정)(-15) | 주요사항보고서(전환사채권발행결정)(-15),2026-06-22: 주식등의대량보유상황보고서(일반) | 2026-06-16: 증권발행결과(자율공시)               | 2026-06-16: [기재정정]주요사항보고서(전환사채권발행결정) | 2026-06-10: 기업설명회(IR)개최               | 2026-06-10: 주식등의대량보유상황보고서(일반),15
플루토스,019570,-45,🚨 YES,"주권매매거래정지              (주식의 병합, 분할 등 전자등록 변경, 말소) | 주요사항보고서(전환사채권발행결정)",,"주권매매거래정지              (주식의 병합, 분할 등 전자등록 변경, 말소)(-30) | 주요사항보고서(전환사채권발행결정)(-15)","2026-06-25: 주식등의대량보유상황보고서(약식) | 2026-06-23: 감자완료               | 2026-06-19: 전환사채(해외전환사채포함)발행후만기전사채취득               | 2026-06-18: 증권발행결과(자율공시)               | 2026-06-12: 주권매매거래정지              (주식의 병합, 분할 등 전자등록 변경, 말소)",13
다보링크,340360,-45,🚨 YES,[기재정정]주요사항보고서(유상증자결정) | [기재정정]주요사항보고서(유상증자결정),,[기재정정]최대주주변경을수반하는주식담보제공계약체결              (-5) | [기재정정]최대주주변경을수반하는주식담보제공계약체결              (-5) | [기재정정]최대주주변경을수반하는주식양수도계약체결              (-5) | [기재정정]주요사항보고서(유상증자결정)(-15) | [기재정정]주요사항보고서(유상증자결정)(-15),2026-06-26: 전환가액의조정              (제2회차) | 2026-06-25: [기재정정]주주총회소집결의              (임시주주총회) | 2026-06-25: 전환가액의조정              (제3회차) | 2026-06-23: [기재정정]주주총회소집결의              (임시주주총회) | 2026-06-22: 주식등의대량보유상황보고서(일반),14
세방전지,004490,-45,🚨 YES,유상증자결정(종속회사의주요경영사항)               | 유상증자결정(종속회사의주요경영사항)               | 유상증자결정(종속회사의주요경영사항)              ,,유상증자결정(종속회사의주요경영사항)              (-15) | 유상증자결정(종속회사의주요경영사항)              (-15) | 유상증자결정(종속회사의주요경영사항)              (-15),2026-06-23: 지속가능경영보고서등관련사항(자율공시)               | 2026-06-15: 타법인주식및출자증권취득결정(종속회사의주요경영사항)               | 2026-06-15: 유상증자결정(종속회사의주요경영사항)               | 2026-06-15: 타법인주식및출자증권취득결정(종속회사의주요경영사항)               | 2026-06-15: 유상증자결정(종속회사의주요경영사항)              ,9
넥써쓰,205500,-45,🚨 YES,[첨부정정]주요사항보고서(전환사채권발행결정) | 주요사항보고서(유상증자결정) | 주요사항보고서(전환사채권발행결정),,[첨부정정]주요사항보고서(전환사채권발행결정)(-15) | 주요사항보고서(유상증자결정)(-15) | 주요사항보고서(전환사채권발행결정)(-15),2026-06-26: 증권발행결과(자율공시)               | 2026-06-26: 증권발행결과(자율공시)               | 2026-06-25: [첨부정정]주요사항보고서(전환사채권발행결정) | 2026-06-23: 주식등의대량보유상황보고서(일반) | 2026-06-18: 주요사항보고서(유상증자결정),9
예선테크,250930,-40,🚨 YES,"주권매매거래정지              (주식의 병합, 분할 등 전자등록 변경, 말소)",,"주권매매거래정지              (주식의 병합, 분할 등 전자등록 변경, 말소)(-30) | 주요사항보고서(자기주식처분결정)(-10)","2026-06-25: 자기주식처분결과보고서 | 2026-06-25: 주권매매거래정지              (주식의 병합, 분할 등 전자등록 변경, 말소) | 2026-06-23: 주요사항보고서(자기주식처분결정) | 2026-06-17: 임시주주총회결과               | 2026-06-02: 주주총회소집공고",5
카카오게임즈,293490,-40,🚨 YES,[기재정정]주요사항보고서(전환사채권발행결정) | [기재정정]주요사항보고서(유상증자결정),,최대주주변경을수반하는주식담보제공계약체결              (-5) | 최대주주변경              (-5) | [기재정정]주요사항보고서(전환사채권발행결정)(-15) | [기재정정]주요사항보고서(유상증자결정)(-15),2026-06-26: 지속가능경영보고서등관련사항(자율공시)               | 2026-06-25: 임원ㆍ주요주주특정증권등소유상황보고서 | 2026-06-25: 임원ㆍ주요주주특정증권등소유상황보고서 | 2026-06-25: 임원ㆍ주요주주특정증권등소유상황보고서 | 2026-06-25: 주식등의대량보유상황보고서(일반),18
상지건설,042940,-35,🚨 YES,[기재정정]주요사항보고서(유상증자결정) | [기재정정]주요사항보고서(유상증자결정) | [기재정정]주요사항보고서(유상증자결정),[기재정정]단일판매ㆍ공급계약체결              (+5) | [기재정정]단일판매ㆍ공급계약체결              (+5),[기재정정]주요사항보고서(유상증자결정)(-15) | [기재정정]주요사항보고서(유상증자결정)(-15) | [기재정정]주요사항보고서(유상증자결정)(-15),2026-06-25: [기재정정]주요사항보고서(유상증자결정) | 2026-06-24: [기재정정]단일판매ㆍ공급계약체결               | 2026-06-19: [기재정정]주요사항보고서(유상증자결정) | 2026-06-19: 정정신고서제출요구( 2026.06.05. 제출 증권신고서(지분증권) ) | 2026-06-09: [기재정정]단일판매ㆍ공급계약체결              ,8
한울반도체,320000,-35,🚨 YES,[기재정정]주요사항보고서(유상증자결정) | [기재정정]주요사항보고서(유상증자결정),,[기재정정]주요사항보고서(유상증자결정)(-15) | [기재정정]최대주주변경을수반하는주식담보제공계약체결              (-5) | [기재정정]주요사항보고서(유상증자결정)(-15),2026-06-26: 정정신고서제출요구( 2026.06.15. 제출 증권신고서(지분증권) ) | 2026-06-24: 주식등의대량보유상황보고서(일반) | 2026-06-18: 임원ㆍ주요주주특정증권등거래계획보고서 | 2026-06-18: 임원ㆍ주요주주특정증권등거래계획철회보고서 | 2026-06-15: [정정제출요구][기재정정]증권신고서(지분증권),17
코아스,071950,-30,🚨 YES,[기재정정]주요사항보고서(유상증자결정) | [기재정정]주요사항보고서(전환사채권발행결정),,[기재정정]주요사항보고서(유상증자결정)(-15) | [기재정정]주요사항보고서(전환사채권발행결정)(-15),2026-06-25: [기재정정]주요사항보고서(자기전환사채매도결정) | 2026-06-25: [기재정정]주요사항보고서(자기신주인수권부사채매도결정) | 2026-06-25: [기재정정]주요사항보고서(유상증자결정) | 2026-06-25: [기재정정]주요사항보고서(전환사채권발행결정) | 2026-06-24: 기타경영사항(자율공시)              ,9
메이슨캐피탈,021880,-30,🚨 YES,"주권매매거래정지              (주식의 병합, 분할 등 전자등록 변경, 말소)",,"주권매매거래정지              (주식의 병합, 분할 등 전자등록 변경, 말소)(-30)",2026-06-26: 사외이사의선임ㆍ해임또는중도퇴임에관한신고 | 2026-06-26: 결산기변경안내               | 2026-06-26: 정기주주총회결과               | 2026-06-17: 사업보고서 (2026.03) | 2026-06-16: 감사보고서제출              ,12
아이엠,101390,-30,🚨 YES,주권매매거래정지해제              (상장폐지에 따른 정리매매 개시),,주권매매거래정지해제              (상장폐지에 따른 정리매매 개시)(-30),2026-06-18: 주권매매거래정지해제              (상장폐지에 따른 정리매매 개시) | 2026-06-18: 기타시장안내              (상장폐지결정 효력정지 가처분 신청 기각에 따른 정리매매절차 재개),2
경남제약,053950,-30,🚨 YES,주요사항보고서(유상증자결정) | [기재정정]주요사항보고서(유상증자결정),,주요사항보고서(유상증자결정)(-15) | [기재정정]주요사항보고서(유상증자결정)(-15),2026-06-26: 주식등의대량보유상황보고서(일반) | 2026-06-23: 주요사항보고서(유상증자결정) | 2026-06-23: [기재정정]주주명부폐쇄기간또는기준일설정               | 2026-06-23: [기재정정]주요사항보고서(유상증자결정) | 2026-06-22: 전환사채(해외전환사채포함)발행후만기전사채취득              ,8
비케이홀딩스,050090,-30,🚨 YES,기타시장안내(관리종목지정우려종목)              (시가총액 150억원 미달),,기타시장안내(관리종목지정우려종목)              (시가총액 150억원 미달)(-30),2026-06-16: 기타시장안내(관리종목지정우려종목)              (시가총액 150억원 미달) | 2026-06-01: 주식등의대량보유상황보고서(일반) | 2026-06-01: 임원ㆍ주요주주특정증권등소유상황보고서,3
SK시그넷,260870,-30,🚨 YES,[기재정정]주요사항보고서(유상증자결정) | 주요사항보고서(유상증자결정),,[기재정정]주요사항보고서(유상증자결정)(-15) | 주요사항보고서(유상증자결정)(-15),2026-06-26: 기업설명회(IR)개최결과               | 2026-06-24: [기재정정]주요사항보고서(유상증자결정) | 2026-06-19: 기업설명회(IR)개최               | 2026-06-19: 주요사항보고서(유상증자결정) | 2026-06-19: 임시주주총회결과              ,6
씨엔알리서치,359090,-30,🚨 YES,"주권매매거래정지              (주식의 병합, 분할 등 전자등록 변경, 말소)",,"주권매매거래정지              (주식의 병합, 분할 등 전자등록 변경, 말소)(-30)",2026-06-17: 주식등의대량보유상황보고서(일반) | 2026-06-17: 임원ㆍ주요주주특정증권등소유상황보고서 | 2026-06-17: 임원ㆍ주요주주특정증권등소유상황보고서 | 2026-06-17: 임원ㆍ주요주주특정증권등소유상황보고서 | 2026-06-17: 임원ㆍ주요주주특정증권등소유상황보고서,9
비비안,002070,-30,🚨 YES,주요사항보고서(유상증자결정) | 주요사항보고서(유상증자결정),,주요사항보고서(유상증자결정)(-15) | 주요사항보고서(유상증자결정)(-15),2026-06-22: 주요사항보고서(유상증자결정) | 2026-06-19: 주요사항보고서(유상증자결정) | 2026-06-18: [기재정정]주주총회소집결의               | 2026-06-17: 전환가액ㆍ신주인수권행사가액ㆍ교환가액의조정(안내공시)               | 2026-06-04: [기재정정]주주총회소집결의              ,6
프로브잇,227100,-30,🚨 YES,주권매매거래정지해제              (상장폐지에 따른 정리매매 재개),,주권매매거래정지해제              (상장폐지에 따른 정리매매 재개)(-30),2026-06-19: 기타경영사항(자율공시)              (상장폐지결정효력정지가처분 기각 결정에 대한 즉시항고장 제출) | 2026-06-18: 기타시장안내              (상장폐지결정등 효력정지 가처분 신청 기각에 따른 정리매매절차 재개) | 2026-06-18: 주권매매거래정지해제              (상장폐지에 따른 정리매매 재개) | 2026-06-09: 연결감사보고서 (2025.12) | 2026-06-09: 감사보고서 (2025.12),5
케이피엠테크,042040,-30,🚨 YES,주권매매거래정지해제              (감자 주권 변경상장),,주권매매거래정지해제              (감자 주권 변경상장)(-30),2026-06-26: 임원ㆍ주요주주특정증권등소유상황보고서 | 2026-06-26: 주식등의대량보유상황보고서(일반) | 2026-06-23: 주권매매거래정지해제              (감자 주권 변경상장) | 2026-06-08: [기재정정]감자완료               | 2026-06-04: 감자완료              ,5
노블엠앤비,106520,-30,🚨 YES,주권매매거래정지해제              (상장폐지에 따른 정리매매 개시),,주권매매거래정지해제              (상장폐지에 따른 정리매매 개시)(-30),2026-06-18: 주권매매거래정지해제              (상장폐지에 따른 정리매매 개시) | 2026-06-18: 기타시장안내              (상장폐지결정 등 효력정지 가처분 신청 기각에 따른 정리매매절차 재개),2
에스아이리소스,065420,-30,🚨 YES,주권매매거래정지              (조회공시 신고시한 위반),,주권매매거래정지              (조회공시 신고시한 위반)(-30),2026-06-15: 불성실공시법인지정예고              (공시불이행) | 2026-06-12: 주권매매거래정지              (조회공시 신고시한 위반) | 2026-06-12: 조회공시요구(풍문또는보도)              (주주총회효력정지 가처분 및 직무집행정지 가처분 결정설) | 2026-06-10: 소송등의제기ㆍ신청(일정금액이상의청구)               | 2026-06-05: 소송등의제기ㆍ신청(경영권분쟁소송)              (회계의장부와 서류에 대한 가처분),5
IBKS제23호스팩,467930,-30,🚨 YES,기타시장안내(관리종목지정우려종목)              ,,기타시장안내(관리종목지정우려종목)              (-30),2026-06-18: 주식등의대량보유상황보고서(약식) | 2026-06-05: 기타시장안내(관리종목지정우려종목)              ,2
케스피온,079190,-30,🚨 YES,"주권매매거래정지              (주식의 병합, 분할 등 전자등록 변경, 말소)",,"주권매매거래정지              (주식의 병합, 분할 등 전자등록 변경, 말소)(-30)","2026-06-25: 주권매매거래정지              (주식의 병합, 분할 등 전자등록 변경, 말소) | 2026-06-16: 임시주주총회결과               | 2026-06-15: 임원ㆍ주요주주특정증권등소유상황보고서",3
원풍물산,008290,-30,🚨 YES,기타시장안내(관리종목지정우려종목)              (시가총액 150억원 미달),,기타시장안내(관리종목지정우려종목)              (시가총액 150억원 미달)(-30),2026-06-25: 기타시장안내(관리종목지정우려종목)              (시가총액 150억원 미달) | 2026-06-10: 임원ㆍ주요주주특정증권등소유상황보고서,2
넥사다이내믹스,351320,-30,🚨 YES,[기재정정]주요사항보고서(전환사채권발행결정) | [기재정정]주요사항보고서(전환사채권발행결정),,[기재정정]주요사항보고서(전환사채권발행결정)(-15) | [기재정정]주요사항보고서(전환사채권발행결정)(-15),2026-06-25: [기재정정]주주총회소집결의              (임시주주총회) | 2026-06-17: [기재정정]주요사항보고서(전환사채권발행결정) | 2026-06-17: [기재정정]주요사항보고서(전환사채권발행결정) | 2026-06-12: 주요사항보고서(소송등의제기) | 2026-06-02: 주주명부폐쇄기간또는기준일설정              ,6
티비씨,033830,-30,🚨 YES,"주권매매거래정지              (주식의 병합, 분할 등 전자등록 변경, 말소)",,"주권매매거래정지              (주식의 병합, 분할 등 전자등록 변경, 말소)(-30)","2026-06-05: 주권매매거래정지              (주식의 병합, 분할 등 전자등록 변경, 말소)",1
앤로보틱스,138360,-30,🚨 YES,[기재정정]주요사항보고서(유상증자결정) | [기재정정]주요사항보고서(유상증자결정),,[기재정정]주요사항보고서(유상증자결정)(-15) | [기재정정]주요사항보고서(유상증자결정)(-15),2026-06-26: 증권발행결과(자율공시)              (제3자배정 유상증자) | 2026-06-22: [기재정정]주요사항보고서(유상증자결정) | 2026-05-29: [기재정정]주요사항보고서(유상증자결정),3
드래곤플라이,030350,-30,🚨 YES,주권매매거래정지기간변경              (개선기간 부여),,주권매매거래정지기간변경              (개선기간 부여)(-30),2026-06-25: 상장적격성실질심사관련주요개선계획(자율공시)               | 2026-06-24: 주권매매거래정지기간변경              (개선기간 부여) | 2026-06-24: 기타시장안내              (기업심사위원회 심의·의결 결과 및 개선기간 부여 안내),3
큐라티스,348080,-30,🚨 YES,"주권매매거래정지              (주식의 병합, 분할 등 전자등록 변경, 말소)",,"주권매매거래정지              (주식의 병합, 분할 등 전자등록 변경, 말소)(-30)","2026-06-26: 주권매매거래정지              (주식의 병합, 분할 등 전자등록 변경, 말소) | 2026-06-01: 임시주주총회결과              ",2
한국제13호기업인수목적,464440,-30,🚨 YES,주권매매거래정지              (상장폐지 사유발생),,주권매매거래정지              (상장폐지 사유발생)(-30),2026-06-18: 주요사항보고서(해산사유발생) | 2026-06-08: 기타경영사항(자율공시)              (청산관련 주요사항 안내) | 2026-06-05: 주권매매거래정지              (상장폐지 사유발생) | 2026-05-29: 기타시장안내              (주권 상장폐지 우려 예고),4
아미코젠,092040,-30,🚨 YES,[기재정정]주요사항보고서(유상증자결정) | 주요사항보고서(유상증자결정),,[기재정정]주요사항보고서(유상증자결정)(-15) | 주요사항보고서(유상증자결정)(-15),2026-06-25: 주주명부폐쇄기간또는기준일설정               | 2026-06-25: 주주총회소집결의              (임시주주총회) | 2026-06-23: [기재정정]주요사항보고서(유상증자결정) | 2026-06-22: 주요사항보고서(유상증자결정),4
비덴트,121800,-30,🚨 YES,주권매매거래정지기간변경              (상장폐지사유 발생),,주권매매거래정지기간변경              (상장폐지사유 발생)(-30),2026-06-24: 기타시장안내              (상장폐지 관련 이의신청서 접수) | 2026-06-15: 주주총회소집공고 | 2026-06-15: [기재정정]주주총회소집결의              (임시주주총회) | 2026-06-02: 주권매매거래정지기간변경              (상장폐지사유 발생) | 2026-06-02: 기타시장안내              (코스닥시장위원회 심의·의결 결과 등 안내),5
가온전선,000500,-30,🚨 YES,매매거래정지및정지해제(중요내용공시)              ,,매매거래정지및정지해제(중요내용공시)              (-30),2026-06-16: 동일인등출자계열회사와의상품ㆍ용역거래변경 | 2026-06-16: 동일인등출자계열회사와의상품ㆍ용역거래변경 | 2026-06-16: 동일인등출자계열회사와의상품ㆍ용역거래 | 2026-06-16: 타인에대한채무보증결정               | 2026-06-16: 주요사항보고서(무상증자결정),10
알지노믹스,476830,-30,🚨 YES,주권매매거래정지              (무상증자),,주권매매거래정지              (무상증자)(-30),2026-06-26: 권리락              (무상증자) | 2026-06-19: 임원ㆍ주요주주특정증권등소유상황보고서 | 2026-06-15: 주주명부폐쇄기간또는기준일설정               | 2026-06-15: 주요사항보고서(무상증자결정) | 2026-06-15: 주권매매거래정지              (무상증자),6
리가켐바이오,141080,-30,🚨 YES,주요사항보고서(유상증자결정) | 주요사항보고서(전환사채권발행결정),,주요사항보고서(유상증자결정)(-15) | 주요사항보고서(전환사채권발행결정)(-15),2026-06-26: 주요사항보고서(유상증자결정) | 2026-06-26: 주요사항보고서(전환사채권발행결정) | 2026-06-01: 대규모기업집단현황공시[연1회공시및1/4분기용(개별회사)],3
한탑,002680,-30,🚨 YES,"주권매매거래정지              (주식의 병합, 분할 등 전자등록 변경, 말소)",,"주권매매거래정지              (주식의 병합, 분할 등 전자등록 변경, 말소)(-30)","2026-06-16: 주권매매거래정지              (주식의 병합, 분할 등 전자등록 변경, 말소)",1
퓨쳐켐,220100,-30,🚨 YES,주권매매거래정지              (무상증자),,주권매매거래정지              (무상증자)(-30),2026-06-22: 임원ㆍ주요주주특정증권등거래계획보고서 | 2026-06-22: 임원ㆍ주요주주특정증권등거래계획보고서 | 2026-06-15: [기재정정]증권신고서(지분증권) | 2026-06-15: [기재정정]주요사항보고서(유무상증자결정) | 2026-06-15: 전환주식의전환가액조정              ,11
로지스몬,223220,-30,🚨 YES,[기재정정]주요사항보고서(유상증자결정) | [기재정정]주요사항보고서(유상증자결정),,[기재정정]주요사항보고서(유상증자결정)(-15) | [기재정정]주요사항보고서(유상증자결정)(-15),2026-06-25: 소송등의제기ㆍ신청(경영권분쟁소송)               | 2026-06-24: 대표이사변경               | 2026-06-22: 소송등의판결ㆍ결정               | 2026-06-22: 소송등의판결ㆍ결정               | 2026-06-22: [기재정정]주요사항보고서(유상증자결정),10
페니트리움바이오,187660,-30,🚨 YES,[기재정정]주요사항보고서(유상증자결정) | [기재정정]주요사항보고서(유상증자결정),,[기재정정]주요사항보고서(유상증자결정)(-15) | [기재정정]주요사항보고서(유상증자결정)(-15),2026-06-26: 권리락              (유상증자) | 2026-06-26: 투자설명서 | 2026-06-26: [발행조건확정]증권신고서(지분증권) | 2026-06-26: 유상증자1차발행가액결정               | 2026-06-26: [기재정정]주요사항보고서(유상증자결정),10
이엔플러스,074610,-30,🚨 YES,[기재정정]주요사항보고서(전환사채권발행결정) | [기재정정]주요사항보고서(유상증자결정),,[기재정정]주요사항보고서(전환사채권발행결정)(-15) | [기재정정]주요사항보고서(유상증자결정)(-15),2026-06-26: [기재정정]주요사항보고서(전환사채권발행결정) | 2026-06-19: 소송등의제기ㆍ신청(경영권분쟁소송)               | 2026-06-18: 불성실공시법인지정예고               | 2026-06-18: [기재정정]주요사항보고서(유상증자결정) | 2026-06-16: 사외이사의선임ㆍ해임또는중도퇴임에관한신고,9
아크솔루션스,203690,-30,🚨 YES,주권매매거래정지해제              (상장폐지에 따른 정리매매 개시),,주권매매거래정지해제              (상장폐지에 따른 정리매매 개시)(-30),2026-06-25: 주권매매거래정지해제              (상장폐지에 따른 정리매매 개시) | 2026-06-25: 기타시장안내              (상장폐지결정 효력정지 가처분 신청 기각에 따른 정리매매절차 재개) | 2026-06-24: 타법인주식및출자증권취득결정               | 2026-06-24: [기재정정]주주총회소집결의              (임시주주총회) | 2026-06-04: [기재정정]주주총회소집결의              (임시주주총회),5
바이온,032980,-30,🚨 YES,주권매매거래정지해제              (상장폐지에 따른 정리매매 개시),,주권매매거래정지해제              (상장폐지에 따른 정리매매 개시)(-30),2026-06-18: 주권매매거래정지해제              (상장폐지에 따른 정리매매 개시) | 2026-06-18: 기타시장안내              (상장폐지결정 등 효력정지 가처분 신청 기각결정에 따른 정리매매절차 재개),2
사토시홀딩스,223310,-30,🚨 YES,[기재정정]주요사항보고서(전환사채권발행결정) | 주요사항보고서(전환사채권발행결정),,[기재정정]주요사항보고서(전환사채권발행결정)(-15) | 주요사항보고서(전환사채권발행결정)(-15),2026-06-25: 주요사항보고서(자기전환사채만기전취득결정) | 2026-06-24: [기재정정]타인에대한채무보증결정               | 2026-06-22: [기재정정]주요사항보고서(전환사채권발행결정) | 2026-06-22: 주요사항보고서(전환사채권발행결정) | 2026-06-09: 전환가액의조정              (제12회차),7
한화솔루션,009830,-30,🚨 YES,유상증자결정(종속회사의주요경영사항)               | [기재정정]주요사항보고서(유상증자결정),,유상증자결정(종속회사의주요경영사항)              (-15) | [기재정정]주요사항보고서(유상증자결정)(-15),2026-06-26: 지속가능경영보고서등관련사항(자율공시)               | 2026-06-25: 유상증자결정(종속회사의주요경영사항)               | 2026-06-22: 특수관계인에대한담보제공 | 2026-06-22: 약관에의한금융거래시계열금융회사의거래상대방의공시 | 2026-06-12: 불성실공시법인지정              ,13
코오롱모빌리티그룹,450140,-30,🚨 YES,유상증자결정 | 유상증자결정,,유상증자결정(-15) | 유상증자결정(-15),2026-06-17: 유상증자결정 | 2026-06-17: 유상증자결정 | 2026-06-04: 타법인주식및출자증권취득결정 | 2026-06-04: 타법인주식및출자증권취득결정 | 2026-06-01: 대규모기업집단현황공시[연1회공시및1/4분기용(개별회사)],5
다산솔루에타,154040,-30,🚨 YES,[기재정정]주요사항보고서(유상증자결정) | 주요사항보고서(유상증자결정),,[기재정정]주요사항보고서(유상증자결정)(-15) | 주요사항보고서(유상증자결정)(-15),2026-06-23: 임원ㆍ주요주주특정증권등소유상황보고서 | 2026-06-19: [기재정정]주식등의대량보유상황보고서(일반) | 2026-06-18: 임원ㆍ주요주주특정증권등소유상황보고서 | 2026-06-18: 주식등의대량보유상황보고서(일반) | 2026-06-10: 증권발행결과(자율공시)              ,10
글로벌에스엠,900070,-30,🚨 YES,주권매매거래정지해제              (액면병합 주권 변경상장),,주권매매거래정지해제              (액면병합 주권 변경상장)(-30),2026-06-17: 주식등의대량보유상황보고서(일반) | 2026-06-11: 주권매매거래정지해제              (액면병합 주권 변경상장) | 2026-06-01: 분기보고서 (2026.03),3
엔젠바이오,354200,-30,🚨 YES,"주권매매거래정지              (주식의 병합, 분할 등 전자등록 변경, 말소)",,"주권매매거래정지              (주식의 병합, 분할 등 전자등록 변경, 말소)(-30)","2026-06-26: 주식등의대량보유상황보고서(일반) | 2026-06-26: 임원ㆍ주요주주특정증권등소유상황보고서 | 2026-06-18: 주권매매거래정지              (주식의 병합, 분할 등 전자등록 변경, 말소) | 2026-06-18: [기재정정]증권신고서(지분증권) | 2026-06-09: 임시주주총회결과              ",6
소노스퀘어,007720,-30,🚨 YES,"주권매매거래정지              (주식의 병합, 분할 등 전자등록 변경, 말소)",,"주권매매거래정지              (주식의 병합, 분할 등 전자등록 변경, 말소)(-30)","2026-06-26: 임원ㆍ주요주주특정증권등소유상황보고서 | 2026-06-26: 임원ㆍ주요주주특정증권등소유상황보고서 | 2026-06-12: 주권매매거래정지              (주식의 병합, 분할 등 전자등록 변경, 말소) | 2026-06-01: 대규모기업집단현황공시[연1회공시및1/4분기용(개별회사)]",4
에이전트AI,060900,-30,🚨 YES,주요사항보고서(전환사채권발행결정) | [기재정정]주요사항보고서(유상증자결정),,주요사항보고서(전환사채권발행결정)(-15) | [기재정정]주요사항보고서(유상증자결정)(-15),2026-06-19: 주요사항보고서(전환사채권발행결정) | 2026-06-19: [기재정정]주요사항보고서(유상증자결정) | 2026-06-15: 전환사채(해외전환사채포함)발행후만기전사채취득              (제33회차) | 2026-06-08: 정정신고서제출요구( 2026.05.21. 제출 증권신고서(지분증권) ) | 2026-05-29: [기재정정]주요사항보고서(자기전환사채매도결정),5
TS인베스트먼트,246690,-30,🚨 YES,"주권매매거래정지              (주식의 병합, 분할 등 전자등록 변경, 말소)",,"주권매매거래정지              (주식의 병합, 분할 등 전자등록 변경, 말소)(-30)","2026-06-09: 전환가액의조정               | 2026-06-01: 주권매매거래정지              (주식의 병합, 분할 등 전자등록 변경, 말소) | 2026-06-01: 임원ㆍ주요주주특정증권등소유상황보고서 | 2026-06-01: 주식등의대량보유상황보고서(일반)",4
제테마,216080,-30,🚨 YES,주요사항보고서(유상증자결정) | 주요사항보고서(전환사채권발행결정),,주요사항보고서(유상증자결정)(-15) | 주요사항보고서(전환사채권발행결정)(-15),2026-06-24: 주식등의대량보유상황보고서(일반) | 2026-06-24: 임원ㆍ주요주주특정증권등소유상황보고서 | 2026-06-19: 주요사항보고서(유상증자결정) | 2026-06-19: 주요사항보고서(전환사채권발행결정) | 2026-06-17: 주식등의대량보유상황보고서(일반),9
딥커머스,900110,-30,🚨 YES,주권매매거래정지해제              (주식병합(무액면주식) 주권 변경상장),,주권매매거래정지해제              (주식병합(무액면주식) 주권 변경상장)(-30),2026-06-26: 주주총회소집결의              (임시주주총회) | 2026-06-26: 주주명부폐쇄기간또는기준일설정               | 2026-06-26: 주식병합결정               | 2026-06-16: [기재정정]주주총회소집공고 | 2026-06-16: [첨부정정]주식병합결정              ,10
토비스,051360,-30,🚨 YES,"주권매매거래정지              (주식의 병합, 분할 등 전자등록 변경, 말소)",,"주권매매거래정지              (주식의 병합, 분할 등 전자등록 변경, 말소)(-30)",2026-06-26: 임원ㆍ주요주주특정증권등소유상황보고서 | 2026-06-26: 임원ㆍ주요주주특정증권등소유상황보고서 | 2026-06-26: 임원ㆍ주요주주특정증권등소유상황보고서 | 2026-06-26: 임원ㆍ주요주주특정증권등소유상황보고서 | 2026-06-26: 임원ㆍ주요주주특정증권등소유상황보고서,10
윙입푸드,900340,-30,🚨 YES,주권매매거래정지해제              (주식병합(무액면주식) 주권 변경상장),,주권매매거래정지해제              (주식병합(무액면주식) 주권 변경상장)(-30),2026-06-17: 해외증권거래소등에신고한주요공시사항의국내신고               | 2026-06-10: 임원ㆍ주요주주특정증권등소유상황보고서 | 2026-06-10: 임원ㆍ주요주주특정증권등소유상황보고서 | 2026-06-10: 주식등의대량보유상황보고서(일반) | 2026-06-01: 주권매매거래정지해제              (주식병합(무액면주식) 주권 변경상장),6
풍전약품,298060,-30,🚨 YES,주요사항보고서(전환사채권발행결정) | 주요사항보고서(유상증자결정),,주요사항보고서(전환사채권발행결정)(-15) | 주요사항보고서(유상증자결정)(-15),2026-06-18: 증권발행결과(자율공시)              (제3회차 CB) | 2026-06-16: 임원ㆍ주요주주특정증권등소유상황보고서 | 2026-06-10: 주요사항보고서(전환사채권발행결정) | 2026-06-10: 주요사항보고서(유상증자결정) | 2026-06-09: 임원ㆍ주요주주특정증권등소유상황보고서,7
듀오백,073190,-30,🚨 YES,기타시장안내              (관리종목지정우려종목)(시가총액 150억원 미달),,기타시장안내              (관리종목지정우려종목)(시가총액 150억원 미달)(-30),2026-06-18: 주식등의대량보유상황보고서(약식) | 2026-06-16: 조회공시요구(현저한시황변동)에대한답변(중요정보없음)               | 2026-06-15: 조회공시요구(현저한시황변동)               | 2026-06-10: 기타시장안내              (관리종목지정우려종목)(시가총액 150억원 미달),4
비트맥스,377030,-30,🚨 YES,주요사항보고서(유상증자결정) | [기재정정]주요사항보고서(유상증자결정),,주요사항보고서(유상증자결정)(-15) | [기재정정]주요사항보고서(유상증자결정)(-15),2026-06-19: 주요사항보고서(유상증자결정) | 2026-06-19: [기재정정]주요사항보고서(유상증자결정) | 2026-06-10: 주식등의대량보유상황보고서(약식) | 2026-06-05: 주요사항보고서(자기전환사채만기전취득결정) | 2026-06-04: 증권발행결과(자율공시)              (제7회차 CB),5
DH오토웨어,025440,-30,🚨 YES,"주권매매거래정지              (주식의 병합, 분할 등 전자등록 변경, 말소)",,"주권매매거래정지              (주식의 병합, 분할 등 전자등록 변경, 말소)(-30)",2026-06-25: 기업설명회(IR)개최               | 2026-06-24: 임원ㆍ주요주주특정증권등소유상황보고서 | 2026-06-24: 임원ㆍ주요주주특정증권등소유상황보고서 | 2026-06-24: 주식등의대량보유상황보고서(일반) | 2026-06-24: 임원ㆍ주요주주특정증권등소유상황보고서,9
펨토바이오메드,327610,-30,🚨 YES,주권매매거래정지기간변경              (지정자문인 계약해지),,주권매매거래정지기간변경              (지정자문인 계약해지)(-30),2026-06-26: 주권매매거래정지기간변경              (지정자문인 계약해지) | 2026-06-26: 기타시장안내              (지정자문인 계약해지) | 2026-06-26: 지정자문인선임계약의해지              ,3
모아라이프플러스,142760,-30,🚨 YES,[기재정정]주요사항보고서(전환사채권발행결정) | [첨부정정]주요사항보고서(전환사채권발행결정),,[기재정정]주요사항보고서(전환사채권발행결정)(-15) | [첨부정정]주요사항보고서(전환사채권발행결정)(-15),2026-06-23: 주주총회소집공고 | 2026-06-23: [기재정정]주주총회소집결의              (임시주주총회) | 2026-06-19: [기재정정]주요사항보고서(전환사채권발행결정) | 2026-06-19: [기재정정]주주총회소집결의              (임시주주총회) | 2026-06-19: [기재정정]주식병합결정              ,10
인콘,083640,-30,🚨 YES,주요사항보고서(유상증자결정) | [기재정정]주요사항보고서(전환사채권발행결정),,주요사항보고서(유상증자결정)(-15) | [기재정정]주요사항보고서(전환사채권발행결정)(-15),2026-06-23: 주주총회소집결의              (임시주주총회) | 2026-06-23: 주요사항보고서(유상증자결정) | 2026-06-23: 주주명부폐쇄기간또는기준일설정               | 2026-06-11: [기재정정]주요사항보고서(전환사채권발행결정),4
헝셩그룹,900270,-30,🚨 YES,[기재정정]주요사항보고서(유상증자결정) | 주요사항보고서(유상증자결정),,[기재정정]주요사항보고서(유상증자결정)(-15) | 주요사항보고서(유상증자결정)(-15),2026-06-24: [기재정정]주주총회소집공고 | 2026-06-24: [기재정정]주요사항보고서(유상증자결정) | 2026-06-24: [기재정정]주식병합결정               | 2026-06-24: [첨부정정]주주총회소집결의              (임시주주총회) | 2026-06-23: 주주총회소집공고,12
제이케이시냅스,060230,-30,🚨 YES,"주권매매거래정지              (주식의 병합, 분할 등 전자등록 변경, 말소)",,"주권매매거래정지              (주식의 병합, 분할 등 전자등록 변경, 말소)(-30)","2026-06-25: [기재정정]주요사항보고서(자기전환사채매도결정) | 2026-06-23: 전환가액의조정              (제34회차) | 2026-06-16: 주권매매거래정지              (주식의 병합, 분할 등 전자등록 변경, 말소) | 2026-06-08: 전환가액의조정              (제30회차) | 2026-06-05: 임시주주총회결과              ",5
에코마케팅,230360,-30,🚨 YES,"주권매매거래정지              (주식의 병합, 분할 등 전자등록 변경, 말소)",,"주권매매거래정지              (주식의 병합, 분할 등 전자등록 변경, 말소)(-30)","2026-06-15: 임원ㆍ주요주주특정증권등소유상황보고서 | 2026-06-15: 주식등의대량보유상황보고서(일반) | 2026-06-15: 합병등종료보고서(주식의포괄적교환ㆍ이전) | 2026-06-08: 주권매매거래정지              (주식의 병합, 분할 등 전자등록 변경, 말소) | 2026-06-04: 대표집행임원변경              ",5
노브메타파마,229500,-30,🚨 YES,[기재정정]주요사항보고서(유상증자결정) | 주요사항보고서(유상증자결정),,[기재정정]주요사항보고서(유상증자결정)(-15) | 주요사항보고서(유상증자결정)(-15),2026-06-25: 증권발행결과(자율공시)               | 2026-06-25: [기재정정]주요사항보고서(유상증자결정) | 2026-06-18: 기업설명회(IR)개최               | 2026-06-17: 주요사항보고서(유상증자결정),4
제이에스코퍼레이션,194370,-30,🚨 YES,주요사항보고서(전환사채권발행결정) | 주요사항보고서(전환사채권발행결정),,주요사항보고서(전환사채권발행결정)(-15) | 주요사항보고서(전환사채권발행결정)(-15),2026-06-26: 현금ㆍ현물배당결정               | 2026-06-26: 주요사항보고서(자본으로인정되는채무증권발행결정) | 2026-06-26: 주요사항보고서(전환사채권발행결정) | 2026-06-26: 주요사항보고서(전환사채권발행결정) | 2026-06-25: 주식등의대량보유상황보고서(약식),6
지슨,446840,-30,🚨 YES,"주권매매거래정지              (주식의 병합, 분할 등 전자등록 변경, 말소)",,"주권매매거래정지              (주식의 병합, 분할 등 전자등록 변경, 말소)(-30)","2026-06-23: 주권매매거래정지              (주식의 병합, 분할 등 전자등록 변경, 말소) | 2026-06-15: 기업설명회(IR)개최              ",2
유니슨,018000,-30,🚨 YES,[기재정정]주요사항보고서(전환사채권발행결정) | 주요사항보고서(전환사채권발행결정),,[기재정정]주요사항보고서(전환사채권발행결정)(-15) | 주요사항보고서(전환사채권발행결정)(-15),2026-06-15: 주식등의대량보유상황보고서(약식) | 2026-06-09: [기재정정]주요사항보고서(전환사채권발행결정) | 2026-06-08: 증권발행결과(자율공시)              (제18회차 CB) | 2026-06-02: 주식등의대량보유상황보고서(일반) | 2026-06-02: 임원ㆍ주요주주특정증권등소유상황보고서,6
NPX,222160,-30,🚨 YES,주권매매거래정지해제              (상장폐지에 따른 정리매매 개시),,주권매매거래정지해제              (상장폐지에 따른 정리매매 개시)(-30),2026-06-24: 주권매매거래정지해제              (상장폐지에 따른 정리매매 개시) | 2026-06-24: 기타시장안내              (상장폐지결정 등 효력정지 가처분 신청 기각에 따른 정리매매절차 재개) | 2026-06-15: [기재정정]주주총회소집결의              (임시주주총회) | 2026-06-15: [기재정정]주주명부폐쇄기간또는기준일설정              ,4
크리스탈신소재,900250,-30,🚨 YES,주권매매거래정지해제              (액면병합 주권 변경상장),,주권매매거래정지해제              (액면병합 주권 변경상장)(-30),2026-06-22: 주권매매거래정지해제              (액면병합 주권 변경상장) | 2026-06-09: 임원ㆍ주요주주특정증권등소유상황보고서 | 2026-06-01: 분기보고서 (2026.03),3
하나30호스팩,469880,-30,🚨 YES,기타시장안내(관리종목지정우려종목)              ,,기타시장안내(관리종목지정우려종목)              (-30),2026-06-10: 기타시장안내(관리종목지정우려종목)              ,1
디모아,016670,-30,🚨 YES,기타주요경영사항              (유상증자결정(주주배정후 실권주 일반공모)철회) | [기재정정]주요사항보고서(유상증자결정),,기타주요경영사항              (유상증자결정(주주배정후 실권주 일반공모)철회)(-15) | [기재정정]주요사항보고서(유상증자결정)(-15),2026-06-25: 철회신고서 | 2026-06-25: 기타주요경영사항              (유상증자결정(주주배정후 실권주 일반공모)철회) | 2026-06-25: [기재정정]주요사항보고서(유상증자결정) | 2026-06-22: [기재정정]주주명부폐쇄기간또는기준일설정               | 2026-06-22: [기재정정]주주총회소집결의              ,5
유니켐,011330,-30,🚨 YES,[기재정정]주요사항보고서(유상증자결정) | 주요사항보고서(유상증자결정),,[기재정정]주요사항보고서(유상증자결정)(-15) | 주요사항보고서(유상증자결정)(-15),2026-06-23: 임원ㆍ주요주주특정증권등소유상황보고서 | 2026-06-22: 임원ㆍ주요주주특정증권등소유상황보고서 | 2026-06-22: 임원ㆍ주요주주특정증권등소유상황보고서 | 2026-06-22: 임원ㆍ주요주주특정증권등소유상황보고서 | 2026-06-22: 임원ㆍ주요주주특정증권등소유상황보고서,17
핸즈코퍼레이션,143210,-30,🚨 YES,주요사항보고서(유상증자결정) | 주요사항보고서(유상증자결정),,주요사항보고서(유상증자결정)(-15) | 주요사항보고서(유상증자결정)(-15),2026-06-25: 최대주주등소유주식변동신고서               | 2026-06-24: 임원ㆍ주요주주특정증권등소유상황보고서 | 2026-06-24: 유상증자또는주식관련사채등의발행결과(자율공시)               | 2026-06-23: 임원ㆍ주요주주특정증권등소유상황보고서 | 2026-06-19: 주식등의대량보유상황보고서(일반),14
아이톡시,052770,-30,🚨 YES,기타주요경영사항              (제3자배정 유상증자결정 철회) | [기재정정]주요사항보고서(유상증자결정),,기타주요경영사항              (제3자배정 유상증자결정 철회)(-15) | [기재정정]주요사항보고서(유상증자결정)(-15),2026-06-10: [기재정정]본점소재지변경               | 2026-06-10: 본점소재지변경               | 2026-06-01: 기타주요경영사항              (제3자배정 유상증자결정 철회) | 2026-06-01: [기재정정]주요사항보고서(유상증자결정),4
우진비앤지,018620,-30,🚨 YES,주권매매거래정지              (무상증자),,주권매매거래정지              (무상증자)(-30),2026-06-22: 임원ㆍ주요주주특정증권등소유상황보고서 | 2026-06-22: 임원ㆍ주요주주특정증권등소유상황보고서 | 2026-06-11: 권리락              (무상증자) | 2026-06-10: 대표이사변경               | 2026-06-09: 임원ㆍ주요주주특정증권등거래계획보고서,12
컬러레이,900310,-30,🚨 YES,주권매매거래정지해제              (주식병합(무액면주식) 주권 변경상장),,주권매매거래정지해제              (주식병합(무액면주식) 주권 변경상장)(-30),2026-06-09: 주권매매거래정지해제              (주식병합(무액면주식) 주권 변경상장) | 2026-05-29: 분기보고서 (2026.03),2
인산가,277410,-30,🚨 YES,"주권매매거래정지              (주식의 병합, 분할 등 전자등록 변경, 말소)",,"주권매매거래정지              (주식의 병합, 분할 등 전자등록 변경, 말소)(-30)","2026-06-17: 주권매매거래정지              (주식의 병합, 분할 등 전자등록 변경, 말소)",1
엣지파운드리,105550,-30,🚨 YES,[기재정정]주요사항보고서(전환사채권발행결정) | [기재정정]주요사항보고서(전환사채권발행결정),,[기재정정]주요사항보고서(전환사채권발행결정)(-15) | [기재정정]주요사항보고서(전환사채권발행결정)(-15),2026-06-23: 주식등의대량보유상황보고서(약식) | 2026-06-19: 임시주주총회결과               | 2026-06-18: 전환사채(해외전환사채포함)발행후만기전사채취득               | 2026-06-16: 증권발행결과(자율공시)               | 2026-06-08: [기재정정]주요사항보고서(전환사채권발행결정),8
동일기연,032960,-30,🚨 YES,"주권매매거래정지              (주식의 병합, 분할 등 전자등록 변경, 말소)",,"주권매매거래정지              (주식의 병합, 분할 등 전자등록 변경, 말소)(-30)","2026-06-19: 주권매매거래정지              (주식의 병합, 분할 등 전자등록 변경, 말소) | 2026-06-11: 임시주주총회결과              ",2
IBKS제24호스팩,469480,-27,🚨 YES,주권매매거래정지              (SPAC 합병(예비심사청구대상)),주요사항보고서(회사합병결정)(+3),주권매매거래정지              (SPAC 합병(예비심사청구대상))(-30),2026-06-19: 주요사항보고서(회사합병결정) | 2026-06-19: 주권매매거래정지              (SPAC 합병(예비심사청구대상)),2
그린리소스,402490,-27,🚨 YES,주요사항보고서(신주인수권부사채권발행결정) | 주요사항보고서(전환사채권발행결정),[기재정정]유형자산취득결정(종속회사의주요경영사항)              (+3),주요사항보고서(신주인수권부사채권발행결정)(-15) | 주요사항보고서(전환사채권발행결정)(-15),2026-06-10: 증권발행결과(자율공시)              (제4회차 BW) | 2026-06-10: 증권발행결과(자율공시)              (제3회차 CB) | 2026-06-02: 주요사항보고서(신주인수권부사채권발행결정) | 2026-06-02: 주요사항보고서(전환사채권발행결정) | 2026-06-01: [기재정정]유형자산취득결정(종속회사의주요경영사항)              ,5
엠앤씨솔루션,484870,-25,🚨 YES,매매거래정지및정지해제(중요내용공시)              ,단일판매ㆍ공급계약체결(자율공시)              (+5),매매거래정지및정지해제(중요내용공시)              (-30),2026-06-22: [첨부정정]의결권대리행사권유참고서류 | 2026-06-22: [기재정정]의결권대리행사권유참고서류 | 2026-06-22: [기재정정]주주총회소집공고 | 2026-06-22: [기재정정]주주명부폐쇄기간또는기준일설정               | 2026-06-22: [기재정정]주주총회소집결의              ,13
다원시스,068240,-25,🚨 YES,주권매매거래정지기간변경              (상장적격성 실질심사 대상 결정),[기재정정]단일판매ㆍ공급계약체결              (+5),주권매매거래정지기간변경              (상장적격성 실질심사 대상 결정)(-30),"2026-06-26: 기타시장안내              (개선계획서 제출) | 2026-06-17: 사채원리금미지급발생               | 2026-06-05: 불성실공시법인지정예고              (공시번복 6건, 공시불이행 1건, 공시변경 1건) | 2026-06-05: 주권매매거래정지기간변경              (상장적격성 실질심사 대상 결정) | 2026-06-05: 기타시장안내              (상장적격성 실질심사 대상 결정 )",6
하나기술,299030,-25,🚨 YES,주권매매거래정지              (단일판매공급계약),단일판매ㆍ공급계약체결              (+5),주권매매거래정지              (단일판매공급계약)(-30),2026-06-09: 단일판매ㆍ공급계약체결               | 2026-06-09: 주권매매거래정지              (단일판매공급계약),2
나인테크,267320,-25,🚨 YES,[기재정정]주요사항보고서(전환사채권발행결정) | [첨부정정]주요사항보고서(전환사채권발행결정),단일판매ㆍ공급계약체결              (+5),[기재정정]주요사항보고서(전환사채권발행결정)(-15) | [첨부정정]주요사항보고서(전환사채권발행결정)(-15),2026-06-24: [기재정정]주요사항보고서(전환사채권발행결정) | 2026-06-24: [기재정정]주요사항보고서(자본으로인정되는채무증권발행결정) | 2026-06-05: 주요사항보고서(제3자의전환사채매수선택권행사) | 2026-06-05: 주요사항보고서(전환사채매수선택권행사자지정) | 2026-06-05: [첨부정정]주요사항보고서(전환사채권발행결정),6
에코볼트,097780,-24,🚨 YES,주권매매거래정지해제              (감자 및 액면분할 주권 변경상장),[기재정정]주요사항보고서(회사합병결정)(+3) | [기재정정]주요사항보고서(회사합병결정)(+3),주권매매거래정지해제              (감자 및 액면분할 주권 변경상장)(-30),2026-06-24: [기재정정]주요사항보고서(회사합병결정) | 2026-06-16: 임시주주총회결과               | 2026-06-11: [기재정정]주요사항보고서(회사합병결정) | 2026-06-11: 주권매매거래정지해제              (감자 및 액면분할 주권 변경상장) | 2026-06-01: 주식등의대량보유상황보고서(일반),10
손오공,066910,-21,🚨 YES,주권매매거래정지해제              (액면병합 주권 변경상장),[첨부정정]주요사항보고서(회사합병결정)(+3) | 회사합병결정(종속회사의주요경영사항)              (+3) | 주요사항보고서(회사합병결정)(+3),주권매매거래정지해제              (액면병합 주권 변경상장)(-30),2026-06-23: 주요사항보고서(자기전환사채매도결정) | 2026-06-23: 주요사항보고서(자기전환사채만기전취득결정) | 2026-06-08: 주권매매거래정지해제              (액면병합 주권 변경상장) | 2026-06-02: [첨부정정]주요사항보고서(회사합병결정) | 2026-06-01: 해산사유발생(종속회사의주요경영사항)              ,10
금호에이치티,214330,-20,🚨 YES,[기재정정]주요사항보고서(감자결정),,[기재정정]주요사항보고서(감자결정)(-20),2026-06-22: [기재정정]주요사항보고서(감자결정) | 2026-06-11: 최대주주등소유주식변동신고서               | 2026-06-11: 주식등의대량보유상황보고서(일반) | 2026-06-11: 임원ㆍ주요주주특정증권등소유상황보고서 | 2026-06-11: 임원ㆍ주요주주특정증권등소유상황보고서,10
AJ네트웍스,095570,-20,🚨 YES,감자결정(종속회사의주요경영사항)              ,,감자결정(종속회사의주요경영사항)              (-20),2026-06-17: 주식등의대량보유상황보고서(일반) | 2026-06-16: 타법인주식및출자증권처분결정               | 2026-06-16: 감자결정(종속회사의주요경영사항)               | 2026-06-09: 주식등의대량보유상황보고서(일반) | 2026-05-29: 주식등의대량보유상황보고서(일반),7
제이스코홀딩스,023440,-20,🚨 YES,[기재정정]주요사항보고서(전환사채권발행결정),,[기재정정]주요사항보고서(전환사채권발행결정)(-15) | [기재정정]최대주주변경을수반하는주식담보제공계약체결              (-5),2026-06-22: [기재정정]주요사항보고서(전환사채권발행결정) | 2026-06-22: [기재정정]타인에대한담보제공결정               | 2026-06-15: 주식등의대량보유상황보고서(일반) | 2026-06-08: [기재정정]최대주주변경을수반하는주식담보제공계약체결               | 2026-05-29: 사외이사의선임ㆍ해임또는중도퇴임에관한신고,5
아나패스,123860,-20,🚨 YES,주요사항보고서(전환사채권발행결정),,주요사항보고서(전환사채권발행결정)(-15) | [기재정정]최대주주변경을수반하는주식담보제공계약체결              (-5),2026-06-26: 임원ㆍ주요주주특정증권등소유상황보고서 | 2026-06-22: 증권발행결과(자율공시)               | 2026-06-17: 자기주식취득결과보고서 | 2026-06-16: 주식등의대량보유상황보고서(약식) | 2026-06-16: 임원ㆍ주요주주특정증권등소유상황보고서,8
서진시스템,178320,-20,OK,,,최대주주변경을수반하는주식담보제공계약해제ㆍ취소등              (-5) | [기재정정]최대주주변경을수반하는주식담보제공계약체결              (-5) | [기재정정]최대주주변경을수반하는주식담보제공계약체결              (-5) | [기재정정]최대주주변경을수반하는주식담보제공계약체결              (-5),2026-06-25: [기재정정]분기보고서 (2026.03) | 2026-06-18: 주식등의대량보유상황보고서(약식) | 2026-06-18: 주식등의대량보유상황보고서(약식) | 2026-06-12: 주식등의대량보유상황보고서(일반) | 2026-06-12: 최대주주변경을수반하는주식담보제공계약해제ㆍ취소등              ,9
젬백스,082270,-20,OK,,,[기재정정]최대주주변경을수반하는주식담보제공계약체결              (-5) | [기재정정]최대주주변경을수반하는주식담보제공계약체결              (-5) | [기재정정]최대주주변경을수반하는주식담보제공계약체결              (-5) | [기재정정]최대주주변경을수반하는주식담보제공계약체결              (-5),2026-06-19: [기재정정]최대주주변경을수반하는주식담보제공계약체결               | 2026-06-19: 임원ㆍ주요주주특정증권등소유상황보고서 | 2026-06-17: 주식등의대량보유상황보고서(일반) | 2026-06-15: [기재정정]최대주주변경을수반하는주식담보제공계약체결               | 2026-06-10: 기업설명회(IR)개최              ,9
센서뷰,321370,-20,🚨 YES,[기재정정]주요사항보고서(유상증자결정) | [기재정정]주요사항보고서(유상증자결정),단일판매ㆍ공급계약체결(자율공시)              (+5) | [기재정정]단일판매ㆍ공급계약체결              (+5),[기재정정]주요사항보고서(유상증자결정)(-15) | [기재정정]주요사항보고서(유상증자결정)(-15),2026-06-19: [기재정정]증권신고서(지분증권) | 2026-06-19: [기재정정]주요사항보고서(유상증자결정) | 2026-06-19: 단일판매ㆍ공급계약체결(자율공시)               | 2026-06-15: 임원ㆍ주요주주특정증권등소유상황보고서 | 2026-06-08: [기재정정]증권신고서(지분증권),8
코칩,126730,-20,OK,,,[기재정정]주요사항보고서(자기주식처분결정)(-10) | [기재정정]주요사항보고서(자기주식처분결정)(-10),2026-06-26: 임원ㆍ주요주주특정증권등소유상황보고서 | 2026-06-02: [기재정정]주요사항보고서(자기주식처분결정) | 2026-05-29: [기재정정]주요사항보고서(자기주식처분결정) | 2026-05-29: 임시주주총회결과              ,4
알체라,347860,-20,🚨 YES,[기재정정]주요사항보고서(유상증자결정) | [기재정정]주요사항보고서(유상증자결정),[기재정정]단일판매ㆍ공급계약체결              (+5) | [기재정정]단일판매ㆍ공급계약체결              (+5),[기재정정]주요사항보고서(유상증자결정)(-15) | [기재정정]주요사항보고서(유상증자결정)(-15),2026-06-25: 임원ㆍ주요주주특정증권등소유상황보고서 | 2026-06-24: 주식등의대량보유상황보고서(일반) | 2026-06-12: [기재정정]주요사항보고서(유상증자결정) | 2026-06-11: [기재정정]주요사항보고서(유상증자결정) | 2026-06-10: [기재정정]단일판매ㆍ공급계약체결              ,8
다이나믹디자인,145210,-20,🚨 YES,[기재정정]주요사항보고서(감자결정),,[기재정정]주요사항보고서(감자결정)(-20),2026-06-15: 임시주주총회결과               | 2026-06-10: [기재정정]주요사항보고서(감자결정) | 2026-05-29: 기업지배구조보고서공시              ,3
광명전기,017040,-20,🚨 YES,[기재정정]주요사항보고서(감자결정),,[기재정정]주요사항보고서(감자결정)(-20),2026-06-26: [기재정정]주요사항보고서(감자결정) | 2026-06-25: 임시주주총회결과               | 2026-06-02: 소송등의판결ㆍ결정               | 2026-05-29: 소송등의판결ㆍ결정               | 2026-05-29: 기업지배구조보고서공시              ,7
토박스코리아,215480,-20,🚨 YES,주요사항보고서(유상증자결정),,최대주주변경을수반하는주식양수도계약체결              (-5) | 주요사항보고서(유상증자결정)(-15),2026-06-26: 최대주주변경을수반하는주식양수도계약체결               | 2026-06-26: 주요사항보고서(유상증자결정),2
엠투엔,033310,-20,OK,,,[기재정정]최대주주변경을수반하는주식담보제공계약체결              (-5) | [기재정정]최대주주변경을수반하는주식담보제공계약체결              (-5) | [기재정정]최대주주변경을수반하는주식담보제공계약체결              (-5) | [기재정정]최대주주변경을수반하는주식담보제공계약체결              (-5),2026-06-26: [기재정정]최대주주변경을수반하는주식담보제공계약체결               | 2026-06-23: [기재정정]최대주주변경을수반하는주식담보제공계약체결               | 2026-06-19: 주식등의대량보유상황보고서(일반) | 2026-06-16: [기재정정]최대주주변경을수반하는주식담보제공계약체결               | 2026-06-10: 주식등의대량보유상황보고서(일반),6
큐브엔터,182360,-15,🚨 YES,주요사항보고서(유상증자결정),,주요사항보고서(유상증자결정)(-15),2026-06-25: 주식등의대량보유상황보고서(일반) | 2026-06-12: 주요사항보고서(유상증자결정) | 2026-05-29: 주식등의대량보유상황보고서(일반),3
올릭스,226950,-15,🚨 YES,주요사항보고서(유상증자결정),,주요사항보고서(유상증자결정)(-15),2026-06-15: 기업설명회(IR)개최               | 2026-06-01: 주요사항보고서(유상증자결정) | 2026-06-01: 주주명부폐쇄기간또는기준일설정               | 2026-06-01: 주식등의대량보유상황보고서(일반) | 2026-06-01: 임원ㆍ주요주주특정증권등소유상황보고서,7
에이럭스,475580,-15,🚨 YES,[기재정정]유상증자결정(종속회사의주요경영사항)              ,,[기재정정]유상증자결정(종속회사의주요경영사항)              (-15),2026-06-05: 금전대여결정               | 2026-06-02: 타법인주식및출자증권취득결정(종속회사의주요경영사항)               | 2026-05-29: [기재정정]유상증자결정(종속회사의주요경영사항)               | 2026-05-29: [기재정정]타법인주식및출자증권취득결정               | 2026-05-29: [기재정정]타법인주식및출자증권처분결정              ,5
삼일제약,000520,-15,🚨 YES,주요사항보고서(전환사채권발행결정),,주요사항보고서(전환사채권발행결정)(-15),2026-06-19: 유상증자또는주식관련사채등의발행결과(자율공시)               | 2026-06-11: 임원ㆍ주요주주특정증권등소유상황보고서 | 2026-06-11: 주요사항보고서(전환사채권발행결정) | 2026-06-08: 최대주주등소유주식변동신고서               | 2026-06-05: 임원ㆍ주요주주특정증권등소유상황보고서,9
넥스틸,092790,-15,🚨 YES,주요사항보고서(전환사채권발행결정),,주요사항보고서(전환사채권발행결정)(-15),2026-06-22: 주요사항보고서(전환사채권발행결정) | 2026-05-29: 기업지배구조보고서공시              ,2
메타케어,118000,-15,🚨 YES,주요사항보고서(유상증자결정),,주요사항보고서(유상증자결정)(-15),2026-06-18: 최대주주등소유주식변동신고서               | 2026-06-18: 유상증자또는주식관련사채등의발행결과(자율공시)               | 2026-06-09: 주요사항보고서(유상증자결정) | 2026-05-29: 기업지배구조보고서공시              ,4
아이티엠반도체,084850,-15,🚨 YES,유상증자결정(종속회사의주요경영사항)              ,,유상증자결정(종속회사의주요경영사항)              (-15),2026-06-22: 타법인주식및출자증권취득결정               | 2026-06-22: 타인에대한채무보증결정               | 2026-06-22: 유상증자결정(종속회사의주요경영사항)               | 2026-06-22: [기재정정]주식매수선택권부여에관한신고 | 2026-06-22: [기재정정]주식매수선택권부여에관한신고,7
대원전선,006340,-15,🚨 YES,주요사항보고서(전환사채권발행결정),,주요사항보고서(전환사채권발행결정)(-15),2026-06-25: 임원ㆍ주요주주특정증권등소유상황보고서 | 2026-06-25: 최대주주등소유주식변동신고서               | 2026-06-18: 유상증자또는주식관련사채등의발행결과(자율공시)               | 2026-06-10: 주요사항보고서(전환사채권발행결정) | 2026-06-02: 주식등의대량보유상황보고서(약식),5
광진실업,026910,-15,🚨 YES,[기재정정]주요사항보고서(유상증자결정),,[기재정정]주요사항보고서(유상증자결정)(-15),2026-06-26: 사외이사의선임ㆍ해임또는중도퇴임에관한신고 | 2026-06-26: 임시주주총회결과               | 2026-06-25: 소액공모실적보고서 | 2026-06-25: 증권발행결과(자율공시)              (제3자배정 유상증자-소액공모) | 2026-06-24: 소속부변경              ,12
디와이덕양,024900,-15,🚨 YES,유상증자결정(종속회사의주요경영사항)              ,,유상증자결정(종속회사의주요경영사항)              (-15),2026-06-16: 주식등의대량보유상황보고서(일반) | 2026-06-16: 최대주주등소유주식변동신고서               | 2026-06-10: 타법인주식및출자증권취득결정               | 2026-06-10: 유상증자결정(종속회사의주요경영사항)               | 2026-05-29: 기업지배구조보고서공시              ,5
아이엘,307180,-15,🚨 YES,주요사항보고서(전환사채권발행결정),,주요사항보고서(전환사채권발행결정)(-15),2026-06-11: 전환가액의조정               | 2026-06-08: 증권발행결과(자율공시)               | 2026-05-29: 주요사항보고서(전환사채권발행결정),3
위지트,036090,-15,🚨 YES,주요사항보고서(유상증자결정),,주요사항보고서(유상증자결정)(-15),2026-06-18: 주식등의대량보유상황보고서(일반) | 2026-06-18: 임원ㆍ주요주주특정증권등소유상황보고서 | 2026-06-10: 증권발행결과(자율공시)               | 2026-06-08: 임원ㆍ주요주주특정증권등소유상황보고서 | 2026-06-08: 임원ㆍ주요주주특정증권등소유상황보고서,8
SG,255220,-15,🚨 YES,주요사항보고서(유상증자결정),,주요사항보고서(유상증자결정)(-15),2026-06-25: 주식등의대량보유상황보고서(일반) | 2026-06-18: 증권신고서(지분증권) | 2026-06-18: 주요사항보고서(유상증자결정) | 2026-06-04: 주식등의대량보유상황보고서(일반),4
에코심플렉스,038870,-15,🚨 YES,[첨부정정]주요사항보고서(전환사채권발행결정),,[첨부정정]주요사항보고서(전환사채권발행결정)(-15),2026-06-09: 주식등의대량보유상황보고서(일반) | 2026-06-04: [첨부정정]주요사항보고서(전환사채권발행결정),2
트리니티항공,091810,-15,🚨 YES,주요사항보고서(유상증자결정),,주요사항보고서(유상증자결정)(-15),2026-06-25: 특수관계인으로부터받은담보 | 2026-06-25: 특수관계인으로부터받은담보 | 2026-06-23: 특수관계인에대한사모사채발행의결 | 2026-06-23: [기재정정]주요사항보고서(자본으로인정되는채무증권발행결정) | 2026-06-22: 주요사항보고서(유상증자결정),13
세니젠,188260,-15,🚨 YES,[기재정정]주요사항보고서(유상증자결정),,[기재정정]주요사항보고서(유상증자결정)(-15),2026-06-25: 임원ㆍ주요주주특정증권등소유상황보고서 | 2026-06-22: [기재정정]주요사항보고서(유상증자결정) | 2026-06-15: 주주명부폐쇄기간또는기준일설정               | 2026-06-15: 주주총회소집결의              (임시주주총회) | 2026-06-09: 주식등의대량보유상황보고서(일반),5
HLB제약,047920,-15,🚨 YES,[기재정정]주요사항보고서(유상증자결정),,[기재정정]주요사항보고서(유상증자결정)(-15),2026-06-18: [기재정정]증권신고서(지분증권) | 2026-06-18: [기재정정]주요사항보고서(유상증자결정) | 2026-06-04: 주식등의대량보유상황보고서(일반),3
삼양사,145990,-15,🚨 YES,유상증자결정(종속회사의주요경영사항)              ,,유상증자결정(종속회사의주요경영사항)              (-15),2026-06-25: 지속가능경영보고서등관련사항(자율공시)               | 2026-06-18: 타인에대한채무보증결정               | 2026-06-18: 유상증자결정(종속회사의주요경영사항)               | 2026-06-18: 타법인주식및출자증권취득결정               | 2026-06-09: 공정거래자율준수프로그램운영현황(안내공시)              ,8
RF머트리얼즈,327260,-15,🚨 YES,[기재정정]주요사항보고서(유상증자결정),,[기재정정]주요사항보고서(유상증자결정)(-15),2026-06-26: 증권발행실적보고서 | 2026-06-26: 증권발행결과(자율공시)               | 2026-06-22: 유상증자또는주식관련사채등의청약결과(자율공시)               | 2026-06-16: 주식등의대량보유상황보고서(약식) | 2026-06-16: [기재정정]투자설명서,20
비스토스,419540,-15,🚨 YES,주요사항보고서(유상증자결정),,주요사항보고서(유상증자결정)(-15),2026-06-22: 주식등의대량보유상황보고서(일반) | 2026-06-22: 임원ㆍ주요주주특정증권등소유상황보고서 | 2026-06-18: 증권발행결과(자율공시)              (제3자배정 유상증자) | 2026-06-12: 임원ㆍ주요주주특정증권등소유상황보고서 | 2026-06-12: 주식등의대량보유상황보고서(일반),7
하이딥,365590,-15,🚨 YES,주요사항보고서(유상증자결정),,주요사항보고서(유상증자결정)(-15),2026-06-24: 주식등의대량보유상황보고서(일반) | 2026-06-24: 임원ㆍ주요주주특정증권등소유상황보고서 | 2026-06-24: [기재정정]주식매수선택권부여에관한신고 | 2026-06-24: [기재정정]주식매수선택권부여에관한신고 | 2026-06-24: [기재정정]주식매수선택권부여에관한신고,12
현대엘리베이터,017800,-15,🚨 YES,[기재정정]유상증자결정(종속회사의주요경영사항)              ,,[기재정정]유상증자결정(종속회사의주요경영사항)              (-15),2026-06-26: 임원ㆍ주요주주특정증권등소유상황보고서 | 2026-06-12: 최대주주등소유주식변동신고서               | 2026-06-12: [기재정정]주식등의대량보유상황보고서(일반) | 2026-06-05: 최대주주등소유주식변동신고서               | 2026-06-04: 타법인주식및출자증권처분결정              ,9
엔솔바이오사이언스,140610,-15,🚨 YES,주요사항보고서(유상증자결정),,주요사항보고서(유상증자결정)(-15),2026-06-19: 증권발행결과(자율공시)              (제3자배정 유상증자) | 2026-06-18: 기업설명회(IR)개최               | 2026-06-04: 주요사항보고서(유상증자결정) | 2026-05-29: 기업설명회(IR)개최결과              ,4
핑거,163730,-15,🚨 YES,[기재정정]주요사항보고서(유상증자결정),,[기재정정]주요사항보고서(유상증자결정)(-15),2026-06-24: 사외이사의선임ㆍ해임또는중도퇴임에관한신고 | 2026-06-24: 주식매수선택권부여에관한신고 | 2026-06-24: 임시주주총회결과               | 2026-06-23: 주식등의대량보유상황보고서(일반) | 2026-06-23: 주식등의대량보유상황보고서(일반),15
수성웹툰,084180,-15,🚨 YES,[기재정정]주요사항보고서(유상증자결정),,[기재정정]주요사항보고서(유상증자결정)(-15),2026-06-12: [기재정정]주요사항보고서(유상증자결정) | 2026-06-12: 주주명부폐쇄기간또는기준일설정               | 2026-06-12: 주주총회소집결의              (임시주주총회) | 2026-06-02: 주식등의대량보유상황보고서(일반),4
해성옵틱스,076610,-15,🚨 YES,주요사항보고서(유상증자결정),,주요사항보고서(유상증자결정)(-15),2026-06-24: 주식등의대량보유상황보고서(약식) | 2026-06-12: 증권발행결과(자율공시)               | 2026-06-01: 주요사항보고서(유상증자결정),3
SK스퀘어,402340,-15,🚨 YES,주요사항보고서(유상증자결정)(자회사의 주요경영사항)              ,,주요사항보고서(유상증자결정)(자회사의 주요경영사항)              (-15),2026-06-26: 중대재해발생(자회사의 주요경영사항)               | 2026-06-24: 주요사항보고서(해외증권시장주권등상장결정)(자회사의 주요경영사항)               | 2026-06-24: 주요사항보고서(유상증자결정)(자회사의 주요경영사항)               | 2026-06-24: 증권예탁증권(DR)발행결정(자회사의 주요경영사항)               | 2026-06-19: 특수관계인으로부터자산양수,8
티사이언티픽,057680,-15,🚨 YES,주요사항보고서(유상증자결정),,주요사항보고서(유상증자결정)(-15),2026-06-17: 주식등의대량보유상황보고서(일반) | 2026-06-17: 임원ㆍ주요주주특정증권등소유상황보고서 | 2026-06-12: 증권발행결과(자율공시)               | 2026-06-04: 주요사항보고서(유상증자결정) | 2026-06-01: 전환가액의조정              ,5
핑거스토리,417180,-15,🚨 YES,주요사항보고서(유상증자결정),,주요사항보고서(유상증자결정)(-15),2026-06-22: 임원ㆍ주요주주특정증권등거래계획보고서 | 2026-06-22: 주요사항보고서(유상증자결정) | 2026-06-18: 전환가액의조정              (제4회차),3
오픈놀,440320,-15,🚨 YES,주요사항보고서(전환사채권발행결정),,주요사항보고서(전환사채권발행결정)(-15),2026-06-23: 주식등의대량보유상황보고서(약식) | 2026-06-19: 주요사항보고서(전환사채권발행결정) | 2026-06-11: 주식등의대량보유상황보고서(일반) | 2026-06-10: 주식매수선택권행사              ,4
진원생명과학,011000,-15,🚨 YES,[기재정정]유상증자결정(종속회사의주요경영사항)              ,,[기재정정]유상증자결정(종속회사의주요경영사항)              (-15),2026-06-18: [기재정정]조회공시요구(풍문또는보도)에대한답변(부인)               | 2026-06-18: 조회공시요구(풍문또는보도)에대한답변(부인)               | 2026-06-18: 주요사항보고서(자기전환사채만기전취득결정) | 2026-06-17: 조회공시요구(풍문또는보도)               | 2026-06-15: [기재정정]유상증자결정(종속회사의주요경영사항)              ,11
푸드나무,290720,-15,OK,,,[기재정정]최대주주변경              (-5) | 최대주주변경을수반하는주식담보제공계약체결              (-5) | 최대주주변경              (-5),2026-06-24: 전환가액의조정              (제3회차) | 2026-06-17: [기재정정]최대주주변경               | 2026-06-16: 주식등의대량보유상황보고서(일반) | 2026-06-15: 주식등의대량보유상황보고서(약식) | 2026-06-15: 주식등의대량보유상황보고서(일반),8
앤디포스,238090,-15,🚨 YES,주요사항보고서(전환사채권발행결정),,주요사항보고서(전환사채권발행결정)(-15),2026-06-25: 증권발행결과(자율공시)               | 2026-06-17: 주요사항보고서(전환사채권발행결정),2
디에스엠,104040,-15,🚨 YES,주요사항보고서(전환사채권발행결정),,주요사항보고서(전환사채권발행결정)(-15),2026-06-19: 주요사항보고서(전환사채권발행결정) | 2026-06-09: 임원ㆍ주요주주특정증권등소유상황보고서 | 2026-06-09: 임원ㆍ주요주주특정증권등소유상황보고서 | 2026-06-09: 임원ㆍ주요주주특정증권등소유상황보고서,4
뉴인텍,012340,-15,🚨 YES,[기재정정]주요사항보고서(유상증자결정),,[기재정정]주요사항보고서(유상증자결정)(-15),2026-06-24: 유상증자또는주식관련사채등의청약결과(자율공시)              (주주배정후 실권주 일반공모) | 2026-06-18: [기재정정]투자설명서 | 2026-06-18: [발행조건확정]증권신고서(지분증권) | 2026-06-18: [기재정정]주요사항보고서(유상증자결정) | 2026-06-18: 유상증자최종발행가액확정              (주주배정후 실권주 일반공모),10
넥스턴앤롤코리아,089140,-15,🚨 YES,주요사항보고서(유상증자결정),,주요사항보고서(유상증자결정)(-15),2026-06-24: 합병등종료보고서(자산양수도) | 2026-06-24: [기재정정]주요사항보고서(유형자산양도결정) | 2026-06-16: 주요사항보고서(자기전환사채만기전취득결정) | 2026-05-29: 주요사항보고서(유상증자결정) | 2026-05-29: [기재정정]주요사항보고서(유형자산양도결정),5
아우딘퓨쳐스,227610,-15,🚨 YES,[기재정정]주요사항보고서(전환사채권발행결정),,[기재정정]주요사항보고서(전환사채권발행결정)(-15),2026-06-08: [기재정정]주요사항보고서(전환사채권발행결정) | 2026-06-05: 주식등의대량보유상황보고서(일반),2
스타코링크,060240,-15,🚨 YES,[기재정정]주요사항보고서(유상증자결정),,[기재정정]주요사항보고서(유상증자결정)(-15),2026-06-25: [기재정정]주요사항보고서(유상증자결정),1
휴림에이텍,078590,-15,🚨 YES,[기재정정]주요사항보고서(유상증자결정),,[기재정정]주요사항보고서(유상증자결정)(-15),2026-06-26: 임원ㆍ주요주주특정증권등거래계획철회보고서 | 2026-06-26: [기재정정]증권신고서(지분증권) | 2026-06-19: [기재정정]주요사항보고서(유상증자결정) | 2026-06-10: 주식등의대량보유상황보고서(일반) | 2026-06-10: 임원ㆍ주요주주특정증권등소유상황보고서,7
디알텍,214680,-15,🚨 YES,주요사항보고서(전환사채권발행결정),,주요사항보고서(전환사채권발행결정)(-15),2026-06-24: 주주명부폐쇄기간또는기준일설정               | 2026-06-24: 주주총회소집결의               | 2026-06-24: 주식병합결정               | 2026-06-23: 증권발행결과(자율공시)               | 2026-06-23: 임원ㆍ주요주주특정증권등소유상황보고서,7
대양금속,009190,-15,🚨 YES,[기재정정]주요사항보고서(유상증자결정),,[기재정정]주요사항보고서(유상증자결정)(-15),2026-06-23: [기재정정]주주총회소집결의               | 2026-06-11: [기재정정]주요사항보고서(유상증자결정) | 2026-06-09: 주식등의대량보유상황보고서(일반) | 2026-06-01: 기업지배구조보고서공시              ,4
율촌,146060,-15,🚨 YES,[기재정정]주요사항보고서(전환사채권발행결정),,[기재정정]주요사항보고서(전환사채권발행결정)(-15),2026-06-16: [기재정정]대표이사변경               | 2026-06-15: 대표이사변경               | 2026-06-15: 임시주주총회결과               | 2026-06-05: [기재정정]주요사항보고서(전환사채권발행결정) | 2026-06-02: 주식등의대량보유상황보고서(약식),7
한화,000880,-15,🚨 YES,[기재정정]유상증자결정(종속회사의주요경영사항)              ,,[기재정정]유상증자결정(종속회사의주요경영사항)              (-15),2026-06-25: 의결권대리행사권유참고서류 | 2026-06-24: 특수관계인에대한부동산매도 | 2026-06-12: [기재정정]유상증자결정(종속회사의주요경영사항)               | 2026-06-08: 투자설명서 | 2026-06-08: 효력발생안내( 2026.5.26. 제출 증권신고서(분할) ),14
메타랩스,090370,-15,🚨 YES,주요사항보고서(유상증자결정),,주요사항보고서(유상증자결정)(-15),2026-06-24: 주식등의대량보유상황보고서(일반) | 2026-06-17: 최대주주등소유주식변동신고서               | 2026-06-17: 유상증자또는주식관련사채등의발행결과(자율공시)               | 2026-06-09: 타법인주식및출자증권취득결정(자율공시)               | 2026-06-09: 주요사항보고서(유상증자결정),6
이원컴포텍,088290,-15,🚨 YES,[기재정정]주요사항보고서(유상증자결정),,[기재정정]주요사항보고서(유상증자결정)(-15),2026-06-26: [기재정정]사업보고서 (2025.12) | 2026-06-22: [기재정정]주요사항보고서(유상증자결정),2
현대바이오,048410,-15,🚨 YES,주요사항보고서(전환사채권발행결정),,주요사항보고서(전환사채권발행결정)(-15),2026-06-23: 주요사항보고서(전환사채매수선택권행사자지정) | 2026-06-23: 증권발행결과(자율공시)               | 2026-06-19: 주식등의대량보유상황보고서(일반) | 2026-06-15: 주요사항보고서(전환사채권발행결정) | 2026-06-12: 주식등의대량보유상황보고서(일반),6
비엘팜텍,065170,-15,🚨 YES,[기재정정]주요사항보고서(전환사채권발행결정),,[기재정정]주요사항보고서(전환사채권발행결정)(-15),2026-06-15: [기재정정]주요사항보고서(전환사채권발행결정),1
LIG디펜스앤에어로스페이스,079550,-15,🚨 YES,주요사항보고서(유상증자결정),,주요사항보고서(유상증자결정)(-15),2026-06-26: 주요사항보고서(유상증자결정) | 2026-06-25: 공정거래자율준수프로그램운영현황(안내공시)               | 2026-06-25: 동일인등출자계열회사와의상품ㆍ용역거래 | 2026-06-25: 동일인등출자계열회사와의상품ㆍ용역거래 | 2026-06-01: [기재정정]대규모기업집단현황공시[연1회공시및1/4분기용(개별회사)],8
디와이디,219550,-15,🚨 YES,[기재정정]주요사항보고서(유상증자결정),,[기재정정]주요사항보고서(유상증자결정)(-15),2026-06-26: [기재정정]주요사항보고서(유상증자결정) | 2026-06-09: [기재정정]주요사항보고서(유형자산양수결정) | 2026-06-01: 전환가액의조정              (제7회차),3
KBI메탈,024840,-15,🚨 YES,주요사항보고서(전환사채권발행결정),,주요사항보고서(전환사채권발행결정)(-15),2026-06-26: [기재정정]금전대여결정               | 2026-06-25: 증권발행결과(자율공시)               | 2026-06-23: 불성실공시법인미지정              (지정유예) | 2026-06-17: 금전대여결정               | 2026-06-17: 주요사항보고서(전환사채권발행결정),5
더코디,224060,-15,🚨 YES,[기재정정]주요사항보고서(유상증자결정),,[기재정정]주요사항보고서(유상증자결정)(-15),2026-06-26: [기재정정]주요사항보고서(자기전환사채매도결정) | 2026-06-22: 전환가액의조정              (제8회차) | 2026-06-01: 전환가액의조정              (제9회차) | 2026-05-29: [기재정정]주요사항보고서(유상증자결정),4
KB스타리츠,432320,-15,🚨 YES,유상증자결정(종속회사의주요경영사항)              ,,유상증자결정(종속회사의주요경영사항)              (-15),2026-06-18: 주식등의대량보유상황보고서(약식) | 2026-06-15: 반기보고서 (2026.04) | 2026-06-08: 타법인주식및출자증권취득결정               | 2026-06-08: 유상증자결정(종속회사의주요경영사항)               | 2026-06-02: 주식등의대량보유상황보고서(약식),6
엑스페릭스,317770,-15,🚨 YES,[기재정정]주요사항보고서(전환사채권발행결정),,[기재정정]주요사항보고서(전환사채권발행결정)(-15),2026-06-22: [기재정정]주권관련사채권의처분결정               | 2026-06-22: [기재정정]타법인주식및출자증권처분결정               | 2026-05-29: [기재정정]주요사항보고서(전환사채권발행결정),3
옵트론텍,082210,-15,🚨 YES,유상증자결정(종속회사의주요경영사항)              ,,유상증자결정(종속회사의주요경영사항)              (-15),2026-06-26: 타법인주식및출자증권취득결정               | 2026-06-26: 유상증자결정(종속회사의주요경영사항)               | 2026-06-12: 임원ㆍ주요주주특정증권등소유상황보고서 | 2026-06-05: 주식등의대량보유상황보고서(일반) | 2026-06-05: 주주총회소집결의              (임시주주총회),12
삼미금속,012210,-15,🚨 YES,주요사항보고서(전환사채권발행결정),,주요사항보고서(전환사채권발행결정)(-15),2026-06-10: 증권발행결과(자율공시)              (제4회차 CB) | 2026-06-05: 전환청구권행사              (제1회차) | 2026-06-02: 임원ㆍ주요주주특정증권등거래계획보고서 | 2026-06-01: 주요사항보고서(전환사채권발행결정),4
차바이오텍,085660,-15,🚨 YES,유상증자결정(종속회사의주요경영사항)              ,,유상증자결정(종속회사의주요경영사항)              (-15),2026-06-26: [기재정정]타법인주식및출자증권취득결정               | 2026-06-26: 자기교환사채만기전취득결정              (제10회차) | 2026-06-26: 타인에대한담보제공결정               | 2026-06-26: 타법인주식및출자증권취득결정               | 2026-06-26: 유상증자결정(종속회사의주요경영사항)              ,9
아이텍,119830,-15,🚨 YES,[기재정정]주요사항보고서(유상증자결정),,[기재정정]주요사항보고서(유상증자결정)(-15),2026-06-10: [기재정정]주요사항보고서(유상증자결정),1
유티아이,179900,-15,🚨 YES,[기재정정]주요사항보고서(전환사채권발행결정),,[기재정정]주요사항보고서(전환사채권발행결정)(-15),2026-06-23: 금전대여결정              (대여기간 연장) | 2026-06-22: 전환가액의조정              (제5회차) | 2026-06-12: 금전대여결정              (대여기간 연장) | 2026-06-01: 전환사채(해외전환사채포함)발행후만기전사채취득              (제1회차) | 2026-06-01: [기재정정]주요사항보고서(전환사채권발행결정),7
포커스에이아이,331380,-15,🚨 YES,[기재정정]주요사항보고서(유상증자결정),,[기재정정]주요사항보고서(유상증자결정)(-15),2026-06-26: 임시주주총회결과               | 2026-06-12: 유형자산처분결정(자율공시)               | 2026-06-12: [기재정정]주요사항보고서(유상증자결정) | 2026-06-11: 주주총회소집공고 | 2026-06-10: 주식등의대량보유상황보고서(약식),7
비투엔,307870,-15,OK,,,[기재정정]최대주주변경을수반하는주식양수도계약체결              (-5) | [기재정정]최대주주변경을수반하는주식양수도계약체결              (-5) | [기재정정]최대주주변경을수반하는주식양수도계약체결              (-5),"2026-06-25: 주식등의대량보유상황보고서(일반) | 2026-06-24: [기재정정]최대주주변경을수반하는주식양수도계약체결               | 2026-06-22: 기타주요경영사항              (자기 전환사채(제3,4,5회차) 매도결정 철회) | 2026-06-22: [기재정정]주요사항보고서(자기전환사채매도결정) | 2026-06-22: [기재정정]주요사항보고서(자기전환사채매도결정)",15
한솔테크닉스,004710,-15,🚨 YES,[기재정정]주요사항보고서(유상증자결정),,[기재정정]주요사항보고서(유상증자결정)(-15),2026-06-26: 임원ㆍ주요주주특정증권등소유상황보고서 | 2026-06-22: 임원ㆍ주요주주특정증권등소유상황보고서 | 2026-06-22: 임원ㆍ주요주주특정증권등소유상황보고서 | 2026-06-22: 임원ㆍ주요주주특정증권등소유상황보고서 | 2026-06-22: 임원ㆍ주요주주특정증권등소유상황보고서,22
툴젠,199800,-15,🚨 YES,[기재정정]주요사항보고서(유상증자결정),,[기재정정]주요사항보고서(유상증자결정)(-15),2026-06-22: [첨부정정]증권신고서(지분증권) | 2026-06-22: [기재정정]증권신고서(지분증권) | 2026-06-22: [기재정정]주요사항보고서(유상증자결정) | 2026-06-01: 정정신고서제출요구( 2026.05.15. 제출 증권신고서(지분증권) ),4
블루엠텍,439580,-15,🚨 YES,주요사항보고서(신주인수권부사채권발행결정),,주요사항보고서(신주인수권부사채권발행결정)(-15),2026-06-26: 주요사항보고서(신주인수권부사채권발행결정) | 2026-06-18: 주식등의대량보유상황보고서(일반) | 2026-06-04: 주요사항보고서(자기주식취득신탁계약체결결정) | 2026-05-29: 임원ㆍ주요주주특정증권등소유상황보고서 | 2026-05-29: 주식등의대량보유상황보고서(일반),5
중앙첨단소재,051980,-15,🚨 YES,[첨부정정]주요사항보고서(전환사채권발행결정),단일판매ㆍ공급계약체결              (+5),[첨부정정]주요사항보고서(전환사채권발행결정)(-15) | [기재정정]최대주주변경을수반하는주식담보제공계약체결              (-5),2026-06-22: [첨부정정]주요사항보고서(전환사채권발행결정) | 2026-06-09: 단일판매ㆍ공급계약체결               | 2026-06-08: 주식등의대량보유상황보고서(일반) | 2026-05-29: [기재정정]최대주주변경을수반하는주식담보제공계약체결              ,4
SK아이이테크놀로지,361610,-15,🚨 YES,유상증자결정(종속회사의주요경영사항)              ,,유상증자결정(종속회사의주요경영사항)              (-15),2026-06-26: 유상증자결정(종속회사의주요경영사항)               | 2026-06-26: [기재정정]타법인주식및출자증권취득결정               | 2026-05-29: 대규모기업집단현황공시[연1회공시및1/4분기용(개별회사)],3
크로넥스,215570,-15,🚨 YES,주요사항보고서(유상증자결정),,주요사항보고서(유상증자결정)(-15),2026-06-25: 주요사항보고서(유상증자결정) | 2026-06-25: [첨부정정]주요사항보고서(타법인주식및출자증권양수결정) | 2026-06-25: [기재정정]주요사항보고서(타법인주식및출자증권양수결정) | 2026-06-12: 기업설명회(IR)개최               | 2026-06-02: 지정자문인선임계약의변경              ,6
피엠티,147760,-15,🚨 YES,[기재정정]주요사항보고서(유상증자결정),,[기재정정]주요사항보고서(유상증자결정)(-15),2026-06-23: 유상증자또는주식관련사채등의청약결과(자율공시)               | 2026-06-17: [기재정정]투자설명서 | 2026-06-17: [발행조건확정]증권신고서(지분증권) | 2026-06-17: [기재정정]주요사항보고서(유상증자결정) | 2026-06-17: 유상증자최종발행가액확정              ,9
케이비증권,003450,-15,🚨 YES,주요사항보고서(유상증자결정),,주요사항보고서(유상증자결정)(-15),2026-06-26: 주요사항보고서(유상증자결정) | 2026-06-26: 증권발행실적보고서 | 2026-06-26: 증권발행실적보고서 | 2026-06-26: 증권발행실적보고서 | 2026-06-26: 증권발행실적보고서,100
솔브레인홀딩스,036830,-15,🚨 YES,주요사항보고서(전환사채권발행결정),,주요사항보고서(전환사채권발행결정)(-15),2026-06-15: 주요사항보고서(전환사채권발행결정),1
KB금융,105560,-15,🚨 YES,유상증자결정(자회사의 주요경영사항)              ,,유상증자결정(자회사의 주요경영사항)              (-15),2026-06-26: 유상증자결정(자회사의 주요경영사항)               | 2026-06-19: 증권발행실적보고서 | 2026-06-18: 투자설명서(일괄신고) | 2026-06-18: 일괄신고추가서류 | 2026-06-18: 현금ㆍ현물배당결정(자회사의 주요경영사항)              ,14
오리엔트정공,065500,-15,🚨 YES,주요사항보고서(유상증자결정),,주요사항보고서(유상증자결정)(-15),2026-06-23: 주요사항보고서(유상증자결정),1
제이앤티씨,204270,-15,🚨 YES,유상증자결정(종속회사의주요경영사항)              ,,유상증자결정(종속회사의주요경영사항)              (-15),2026-06-15: 유상증자결정(종속회사의주요경영사항)               | 2026-06-15: 타법인주식및출자증권취득결정               | 2026-06-10: 주식등의대량보유상황보고서(일반),3
클래시스,214150,-15,OK,,,최대주주변경을수반하는주식담보제공계약체결              (-5) | 최대주주변경을수반하는주식담보제공계약체결              (-5) | 최대주주변경을수반하는주식담보제공계약체결              (-5),2026-06-26: 최대주주변경을수반하는주식담보제공계약체결               | 2026-06-26: 최대주주변경을수반하는주식담보제공계약체결               | 2026-06-26: 최대주주변경을수반하는주식담보제공계약체결               | 2026-06-24: 기업설명회(IR)개최               | 2026-06-16: 기업설명회(IR)개최              ,7
형지I&C,011080,-15,🚨 YES,[기재정정]주요사항보고서(유상증자결정),,[기재정정]주요사항보고서(유상증자결정)(-15),2026-06-02: 권리락              (유상증자) | 2026-06-02: 투자설명서 | 2026-06-02: [발행조건확정]증권신고서(지분증권) | 2026-06-02: [기재정정]주요사항보고서(유상증자결정) | 2026-06-02: 유상증자1차발행가액결정              ,6
아이엠티,451220,-15,🚨 YES,유상증자결정(종속회사의주요경영사항)              ,,유상증자결정(종속회사의주요경영사항)              (-15),2026-06-18: 임원ㆍ주요주주특정증권등소유상황보고서 | 2026-06-10: 유상증자결정(종속회사의주요경영사항)               | 2026-06-01: 신주인수권부사채(해외신주인수권부사채포함)발행후만기전사채취득              (제4회차),3
이노스페이스,462350,-15,🚨 YES,[기재정정]주요사항보고서(유상증자결정),,[기재정정]주요사항보고서(유상증자결정)(-15),2026-06-19: 임원ㆍ주요주주특정증권등소유상황보고서 | 2026-06-19: 임원ㆍ주요주주특정증권등소유상황보고서 | 2026-06-19: 임원ㆍ주요주주특정증권등소유상황보고서 | 2026-06-19: 임원ㆍ주요주주특정증권등소유상황보고서 | 2026-06-19: 임원ㆍ주요주주특정증권등소유상황보고서,19
계양전기,012200,-15,🚨 YES,[기재정정]주요사항보고서(유상증자결정),,[기재정정]주요사항보고서(유상증자결정)(-15),2026-06-26: 투자설명서 | 2026-06-26: 효력발생안내( 2026.6.11. 제출 증권신고서(지분증권) ) | 2026-06-25: [기재정정]증권신고서(지분증권) | 2026-06-11: [기재정정]증권신고서(지분증권) | 2026-06-11: [기재정정]주요사항보고서(유상증자결정),7
SK하이닉스,000660,-15,🚨 YES,주요사항보고서(유상증자결정),,주요사항보고서(유상증자결정)(-15),2026-06-26: 중대재해발생               | 2026-06-26: 특수관계인으로부터자산양수 | 2026-06-26: 특수관계인으로부터자산양수 | 2026-06-26: 특수관계인과의내부거래 | 2026-06-26: 동일인등출자계열회사와의상품ㆍ용역거래변경,21
한솔홀딩스,004150,-15,🚨 YES,[기재정정]주요사항보고서(유상증자결정)(자회사의 주요경영사항)              ,,[기재정정]주요사항보고서(유상증자결정)(자회사의 주요경영사항)              (-15),2026-06-16: [기재정정]주요사항보고서(타법인주식및출자증권양수결정)(자회사의 주요경영사항)               | 2026-06-16: 최대주주등소유주식변동신고서               | 2026-06-16: 주식등의대량보유상황보고서(일반) | 2026-06-16: 임원ㆍ주요주주특정증권등소유상황보고서 | 2026-06-12: [기재정정]벌금등의부과(자회사의 주요경영사항)              ,11
세아제강지주,003030,-15,🚨 YES,유상증자결정(종속회사의주요경영사항)              ,,유상증자결정(종속회사의주요경영사항)              (-15),2026-06-10: 타법인주식및출자증권취득결정(자회사의 주요경영사항)               | 2026-06-10: 유상증자결정(종속회사의주요경영사항)               | 2026-06-05: [기재정정]타인에대한채무보증결정               | 2026-06-01: 기업지배구조보고서공시               | 2026-05-29: 대규모기업집단현황공시[연1회공시및1/4분기용(개별회사)],5
본시스템즈,496320,-15,🚨 YES,주요사항보고서(유상증자결정),,주요사항보고서(유상증자결정)(-15),2026-06-18: 임원ㆍ주요주주특정증권등소유상황보고서 | 2026-06-18: 임원ㆍ주요주주특정증권등소유상황보고서 | 2026-06-18: 주식등의대량보유상황보고서(약식) | 2026-06-10: 기업설명회(IR)개최결과               | 2026-06-10: 증권발행결과(자율공시)              ,6
레몬,294140,-15,🚨 YES,주요사항보고서(유상증자결정),,주요사항보고서(유상증자결정)(-15),2026-06-25: 주요사항보고서(유상증자결정),1
서울전자통신,027040,-15,🚨 YES,주요사항보고서(유상증자결정),,주요사항보고서(유상증자결정)(-15),2026-06-16: [기재정정]주주총회소집결의              (임시주주총회) | 2026-06-08: 주요사항보고서(유상증자결정) | 2026-06-05: 소송등의판결ㆍ결정(일정금액이상의청구)               | 2026-06-04: 합병등종료보고서(자산양수도) | 2026-06-04: 주요사항보고서(타법인주식및출자증권양도결정),12
LB세미콘,061970,-15,🚨 YES,[기재정정]주요사항보고서(유상증자결정),,[기재정정]주요사항보고서(유상증자결정)(-15),2026-06-19: 임원ㆍ주요주주특정증권등거래계획보고서 | 2026-06-18: 임원ㆍ주요주주특정증권등거래계획보고서 | 2026-06-18: 임원ㆍ주요주주특정증권등거래계획보고서 | 2026-06-17: 임원ㆍ주요주주특정증권등거래계획보고서 | 2026-06-17: 권리락              (유상증자),13
한국정보통신,025770,-15,OK,,,[기재정정]최대주주변경을수반하는주식담보제공계약체결              (-5) | 주요사항보고서(자기주식처분결정)(-10),2026-06-16: [기재정정]최대주주변경을수반하는주식담보제공계약체결               | 2026-06-16: 주식등의대량보유상황보고서(일반) | 2026-06-16: 자기주식처분결과보고서 | 2026-06-02: 주요사항보고서(자기주식처분결정),4
한양증권,001750,-15,🚨 YES,주요사항보고서(유상증자결정),,주요사항보고서(유상증자결정)(-15),2026-06-26: 임원ㆍ주요주주특정증권등소유상황보고서 | 2026-06-26: 임원ㆍ주요주주특정증권등소유상황보고서 | 2026-06-25: 주요사항보고서(유상증자결정) | 2026-06-05: 임원ㆍ주요주주특정증권등소유상황보고서 | 2026-06-01: 기업지배구조보고서공시              ,5
HEM파마,376270,-10,🚨 YES,[기재정정]주요사항보고서(전환사채권발행결정),단일판매ㆍ공급계약체결              (+5),[기재정정]주요사항보고서(전환사채권발행결정)(-15),2026-06-24: 단일판매ㆍ공급계약체결               | 2026-06-22: 임원ㆍ주요주주특정증권등소유상황보고서 | 2026-06-22: 주식등의대량보유상황보고서(일반) | 2026-06-19: [기재정정]주요사항보고서(전환사채권발행결정) | 2026-06-19: 타법인주식및출자증권취득결정              ,6
AP위성,211270,-10,🚨 YES,주요사항보고서(전환사채권발행결정),단일판매ㆍ공급계약체결              (+5),주요사항보고서(전환사채권발행결정)(-15),2026-06-26: 주요사항보고서(전환사채권발행결정) | 2026-06-25: 단일판매ㆍ공급계약체결              ,2
코스텍시스템,169670,-10,OK,,,[기재정정]최대주주변경              (-5) | 최대주주변경              (-5),2026-06-25: 기업설명회(IR)개최결과               | 2026-06-24: 주식등의대량보유상황보고서(일반) | 2026-06-16: [기재정정]최대주주변경               | 2026-06-10: 주주총회소집결의               | 2026-06-10: 주주명부폐쇄기간또는기준일설정              ,8
제이스로보틱스,090470,-10,OK,,,주요사항보고서(자기주식처분결정)(-10),2026-06-22: 단기차입금증가결정               | 2026-06-16: 임원ㆍ주요주주특정증권등소유상황보고서 | 2026-06-16: 임원ㆍ주요주주특정증권등소유상황보고서 | 2026-06-16: 임원ㆍ주요주주특정증권등소유상황보고서 | 2026-06-16: 임원ㆍ주요주주특정증권등소유상황보고서,20
KG스틸,016380,-10,OK,,,주요사항보고서(자기주식처분결정)(-10),2026-06-16: 최대주주등소유주식변동신고서               | 2026-06-11: 수시공시의무관련사항(공정공시)               | 2026-06-10: 임원ㆍ주요주주특정증권등소유상황보고서 | 2026-06-10: 임원ㆍ주요주주특정증권등소유상황보고서 | 2026-06-10: 임원ㆍ주요주주특정증권등소유상황보고서,28
하이드로리튬,101670,-10,OK,,,[기재정정]주요사항보고서(자기주식처분결정)(-10),2026-06-04: 기타경영사항(자율공시)              (강제집행정지신청 법원결정) | 2026-06-04: [기재정정]주요사항보고서(자기주식처분결정) | 2026-06-04: 임시주주총회결과               | 2026-06-02: 소송등의제기ㆍ신청(일정금액이상의청구)              ,4
케이탑리츠,145270,-10,OK,,,최대주주변경              (-5) | 최대주주등소유주식변동신고서(최대주주변경시)              (-5),2026-06-26: 최대주주등소유주식변동신고서               | 2026-06-18: 최대주주등소유주식변동신고서               | 2026-06-11: 최대주주등소유주식변동신고서               | 2026-06-10: 임원ㆍ주요주주특정증권등소유상황보고서 | 2026-06-09: 부동산투자회사자금차입              ,9
스코넥,276040,-10,🚨 YES,[기재정정]주요사항보고서(유상증자결정),[기재정정]단일판매ㆍ공급계약체결              (+5),[기재정정]주요사항보고서(유상증자결정)(-15),2026-06-26: [기재정정]주요사항보고서(유상증자결정) | 2026-06-10: 전환가액의조정              (제6회차) | 2026-05-29: [기재정정]단일판매ㆍ공급계약체결              ,3
경인전자,009140,-10,OK,,,최대주주변경              (-5) | 최대주주등소유주식변동신고서(최대주주변경시)              (-5),2026-06-19: 주요사항보고서(유형자산양수결정) | 2026-06-18: 주식등의대량보유상황보고서(일반) | 2026-06-18: 임원ㆍ주요주주특정증권등소유상황보고서 | 2026-06-18: 주식등의대량보유상황보고서(일반) | 2026-06-18: 임원ㆍ주요주주특정증권등소유상황보고서,11
부스타,008470,-10,OK,,,주요사항보고서(자기주식처분결정)(-10),2026-06-24: 자기주식처분결과보고서 | 2026-06-24: 임원ㆍ주요주주특정증권등소유상황보고서 | 2026-06-24: 임원ㆍ주요주주특정증권등소유상황보고서 | 2026-06-24: 임원ㆍ주요주주특정증권등소유상황보고서 | 2026-06-24: 임원ㆍ주요주주특정증권등소유상황보고서,10
HPSP,403870,-10,OK,,,주요사항보고서(자기주식처분결정)(-10),2026-06-25: 사외이사의선임ㆍ해임또는중도퇴임에관한신고 | 2026-06-25: 주요사항보고서(자기주식처분결정) | 2026-06-25: 대표이사변경               | 2026-06-25: 임시주주총회결과               | 2026-06-10: 의결권대리행사권유참고서류,8
에스제이그룹,306040,-10,OK,,,주요사항보고서(자기주식처분결정)(-10),2026-06-16: 자기주식처분결과보고서 | 2026-06-10: 주요사항보고서(자기주식처분결정),2
노브랜드,145170,-10,OK,,,자기주식처분결정              (-10),2026-06-25: 주주총회소집공고 | 2026-06-25: 자기주식처분결과보고서 | 2026-06-24: 자기주식처분결정              ,3
케이씨에스,115500,-10,OK,,,주요사항보고서(자기주식처분결정)(-10),2026-06-26: 임원ㆍ주요주주특정증권등소유상황보고서 | 2026-06-25: 주요사항보고서(자기주식처분결정),2
성호전자,043260,-10,OK,,,[기재정정]최대주주변경을수반하는주식담보제공계약체결              (-5) | 최대주주변경을수반하는주식담보제공계약체결              (-5),2026-06-26: [기재정정]최대주주변경을수반하는주식담보제공계약체결               | 2026-06-26: 기타경영사항(자율공시)              (제14회차 신주인수권부사채 만기전 취득 후 재매각) | 2026-06-26: 주식등의대량보유상황보고서(일반) | 2026-06-24: 최대주주변경을수반하는주식담보제공계약체결               | 2026-06-18: [기재정정]타법인주식및출자증권취득결정(종속회사의주요경영사항)              ,12
와이지-원,019210,-10,OK,,,[기재정정]최대주주변경을수반하는주식담보제공계약체결              (-5) | [기재정정]최대주주변경을수반하는주식담보제공계약체결              (-5),2026-06-22: [기재정정]최대주주변경을수반하는주식담보제공계약체결               | 2026-06-22: 주식등의대량보유상황보고서(일반) | 2026-06-01: 주식등의대량보유상황보고서(일반) | 2026-05-29: [기재정정]최대주주변경을수반하는주식담보제공계약체결              ,4
이엠텍,091120,-10,OK,,,최대주주변경을수반하는주식담보제공계약해제ㆍ취소등              (-5) | [기재정정]최대주주변경을수반하는주식담보제공계약체결              (-5),2026-06-23: 기타경영사항(자율공시)              (소규모합병 승인 이사회 결의(주주총회 갈음) 결과 보고) | 2026-06-17: 주식등의대량보유상황보고서(일반) | 2026-06-10: 최대주주변경을수반하는주식담보제공계약해제ㆍ취소등               | 2026-06-10: 주식등의대량보유상황보고서(일반) | 2026-06-08: 주식등의대량보유상황보고서(일반),8
비츠로테크,042370,-10,OK,,,주요사항보고서(자기주식처분결정)(자회사의 주요경영사항)              (-10),2026-06-25: 주요사항보고서(자기주식처분결정)(자회사의 주요경영사항)              ,1
비츠로셀,082920,-10,OK,,,주요사항보고서(자기주식처분결정)(-10),2026-06-25: 주요사항보고서(자기주식처분결정),1
디지털대성,068930,-10,OK,,,주요사항보고서(자기주식처분결정)(-10),2026-06-26: 임원ㆍ주요주주특정증권등소유상황보고서 | 2026-06-05: 주식등의대량보유상황보고서(일반) | 2026-05-29: 주요사항보고서(자기주식처분결정) | 2026-05-29: 타법인주식및출자증권취득결정              ,4
나노신소재,121600,-10,OK,,,주요사항보고서(자기주식처분결정)(-10),2026-06-22: 신주인수권부사채(해외신주인수권부사채포함)발행후만기전사채취득               | 2026-06-12: 임원ㆍ주요주주특정증권등소유상황보고서 | 2026-06-02: 임시주주총회결과               | 2026-06-02: 주요사항보고서(자기주식처분결정),4
달바글로벌,483650,-10,OK,,,주요사항보고서(자기주식처분결정)(-10),2026-06-26: 임원ㆍ주요주주특정증권등거래계획보고서 | 2026-06-18: 주식등의대량보유상황보고서(약식) | 2026-06-16: 임원ㆍ주요주주특정증권등소유상황보고서 | 2026-06-11: 임원ㆍ주요주주특정증권등소유상황보고서 | 2026-06-10: 주식등의대량보유상황보고서(약식),20
TP,007980,-10,OK,,,주요사항보고서(자기주식처분결정)(-10),2026-06-26: 주요사항보고서(자기주식처분결정) | 2026-06-10: 임원ㆍ주요주주특정증권등소유상황보고서 | 2026-06-01: 기업지배구조보고서공시              ,3
공구우먼,366030,-10,OK,,,최대주주변경을수반하는주식담보제공계약체결              (-5) | 최대주주변경              (-5),2026-06-15: 금전대여결정               | 2026-06-08: 임원ㆍ주요주주특정증권등거래계획보고서 | 2026-06-08: 주식등의대량보유상황보고서(일반) | 2026-06-05: 임원ㆍ주요주주특정증권등소유상황보고서 | 2026-06-04: 주식매수선택권부여에관한신고,15
넵튠,217270,-10,OK,,,주요사항보고서(자기주식처분결정)(-10),2026-06-23: 주요사항보고서(자기주식처분결정) | 2026-06-23: [기재정정]주식매수선택권부여에관한신고 | 2026-06-23: [기재정정]주식매수선택권부여에관한신고 | 2026-06-01: 대규모기업집단현황공시[연1회공시및1/4분기용(개별회사)],4
프레스티지바이오로직스,334970,-10,🚨 YES,[기재정정]주요사항보고서(전환사채권발행결정),단일판매ㆍ공급계약체결              (+5),[기재정정]주요사항보고서(전환사채권발행결정)(-15),2026-06-22: 전환가액의조정               | 2026-06-22: [기재정정]주요사항보고서(전환사채권발행결정) | 2026-06-15: 주주명부폐쇄기간또는기준일설정               | 2026-06-10: 단일판매ㆍ공급계약체결              ,4
휴젤,145020,-10,OK,,,최대주주변경을수반하는주식담보제공계약체결              (-5) | 최대주주변경을수반하는주식담보제공계약해제ㆍ취소등              (-5),2026-06-24: 주식등의대량보유상황보고서(일반) | 2026-06-17: 최대주주변경을수반하는주식담보제공계약체결               | 2026-06-17: 최대주주변경을수반하는주식담보제공계약해제ㆍ취소등               | 2026-06-01: 대규모기업집단현황공시[연1회공시및1/4분기용(개별회사)],4
케이옥션,102370,-10,🚨 YES,[기재정정]주요사항보고서(전환사채권발행결정),주식소각결정              (+5),[기재정정]주요사항보고서(전환사채권발행결정)(-15),2026-06-24: [기재정정]주요사항보고서(전환사채권발행결정) | 2026-06-04: 주식등의대량보유상황보고서(일반) | 2026-06-04: 주식소각결정               | 2026-05-29: 임원ㆍ주요주주특정증권등거래계획보고서 | 2026-05-29: 임원ㆍ주요주주특정증권등소유상황보고서,6
대양전기공업,108380,-10,OK,,,주요사항보고서(자기주식처분결정)(-10),2026-06-26: 자기주식처분결과보고서 | 2026-06-25: 주요사항보고서(자기주식처분결정) | 2026-06-17: 타법인주식및출자증권취득결정              ,3
파버나인,177830,-10,OK,,,[기재정정]최대주주변경을수반하는주식담보제공계약체결              (-5) | [기재정정]최대주주변경을수반하는주식담보제공계약체결              (-5),2026-06-19: 주식등의대량보유상황보고서(약식) | 2026-06-15: 전환가액의조정               | 2026-06-05: 주식등의대량보유상황보고서(일반) | 2026-06-05: 주식등의대량보유상황보고서(약식) | 2026-06-02: 주식등의대량보유상황보고서(일반),8
아스타,246720,-10,OK,,,[기재정정]최대주주변경을수반하는주식담보제공계약체결              (-5) | [기재정정]최대주주변경을수반하는주식양수도계약체결              (-5),2026-06-23: [기재정정]주식등의대량보유상황보고서(일반) | 2026-06-23: 주식등의대량보유상황보고서(일반) | 2026-06-23: [기재정정]최대주주변경을수반하는주식담보제공계약체결               | 2026-06-23: [기재정정]최대주주변경을수반하는주식양수도계약체결              ,4
동양,001520,-10,🚨 YES,매매거래정지및정지해제(중요내용공시)              ,단일판매ㆍ공급계약체결              (+5) | [기재정정]단일판매ㆍ공급계약체결(자율공시)              (+5) | 주식소각결정              (+5) | [기재정정]단일판매ㆍ공급계약체결(자율공시)              (+5),매매거래정지및정지해제(중요내용공시)              (-30),2026-06-24: 임원ㆍ주요주주특정증권등소유상황보고서 | 2026-06-23: 임원ㆍ주요주주특정증권등소유상황보고서 | 2026-06-22: 임시주주총회결과               | 2026-06-16: 단일판매ㆍ공급계약체결               | 2026-06-11: 임원ㆍ주요주주특정증권등소유상황보고서,30
크레버스,096240,-10,OK,,주식소각결정              (+5),[기재정정]최대주주변경을수반하는주식담보제공계약체결              (-5) | [기재정정]최대주주변경을수반하는주식담보제공계약체결              (-5) | [기재정정]최대주주변경을수반하는주식담보제공계약체결              (-5),2026-06-26: 주식등의대량보유상황보고서(일반) | 2026-06-22: 주식소각결정               | 2026-06-22: 임시주주총회결과               | 2026-06-19: [기재정정]최대주주변경을수반하는주식담보제공계약체결               | 2026-06-12: 주식등의대량보유상황보고서(일반),12
클로봇,466100,-10,🚨 YES,[기재정정]주요사항보고서(유상증자결정),단일판매ㆍ공급계약체결(자율공시)              (+5),[기재정정]주요사항보고서(유상증자결정)(-15),2026-06-24: 기업설명회(IR)개최               | 2026-06-23: [기재정정]증권신고서(지분증권) | 2026-06-23: 주요사항보고서(타법인주식및출자증권양수결정) | 2026-06-22: 임원ㆍ주요주주특정증권등거래계획보고서 | 2026-06-18: [기재정정]증권신고서(지분증권),9
한성크린텍,066980,-10,🚨 YES,[기재정정]주요사항보고서(전환사채권발행결정) | 주요사항보고서(전환사채권발행결정),[기재정정]단일판매ㆍ공급계약체결(자율공시)              (+5) | 단일판매ㆍ공급계약체결              (+5) | [기재정정]단일판매ㆍ공급계약체결(자율공시)              (+5) | [기재정정]단일판매ㆍ공급계약체결(자율공시)              (+5),[기재정정]주요사항보고서(전환사채권발행결정)(-15) | 주요사항보고서(전환사채권발행결정)(-15),2026-06-26: [기재정정]단일판매ㆍ공급계약체결(자율공시)               | 2026-06-17: 단일판매ㆍ공급계약체결               | 2026-06-15: 증권발행결과(자율공시)               | 2026-06-11: [기재정정]단일판매ㆍ공급계약체결(자율공시)               | 2026-06-08: [기재정정]주요사항보고서(전환사채권발행결정),7
KG에코솔루션,151860,-10,OK,,,주요사항보고서(자기주식처분결정)(자회사의 주요경영사항)              (-10),2026-06-22: 투자판단관련주요경영사항               | 2026-06-11: 수시공시의무관련사항(공정공시)               | 2026-06-09: 풍문또는보도에대한해명(미확정)               | 2026-06-04: 타법인주식및출자증권처분결정(자회사의 주요경영사항)               | 2026-06-02: 기업설명회(IR)개최              ,7
이마트,139480,-7,OK,,영업(잠정)실적(공정공시)              (+3),[기재정정]주요사항보고서(자기주식처분결정)(-10),2026-06-15: 기업설명회(IR)개최(안내공시)               | 2026-06-11: 영업(잠정)실적(공정공시)               | 2026-06-11: 타법인주식및출자증권취득결정               | 2026-06-08: [기재정정]주요사항보고서(자기주식처분결정) | 2026-06-04: 투자설명서,8
LSK아이로봇,091970,-5,OK,,,최대주주변경을수반하는주식담보제공계약해제ㆍ취소등              (-5),2026-06-19: 임원ㆍ주요주주특정증권등소유상황보고서 | 2026-06-19: 임원ㆍ주요주주특정증권등소유상황보고서 | 2026-06-19: 주식등의대량보유상황보고서(일반) | 2026-06-15: 최대주주변경을수반하는주식담보제공계약해제ㆍ취소등               | 2026-06-12: 전환사채(해외전환사채포함)발행후만기전사채취득              (제9회차),8
신테카바이오,226330,-5,OK,,,[기재정정]최대주주변경을수반하는주식담보제공계약체결              (-5),2026-06-25: [기재정정]주식등의대량보유상황보고서(일반) | 2026-06-25: [기재정정]최대주주변경을수반하는주식담보제공계약체결               | 2026-05-29: 주식등의대량보유상황보고서(일반),3
알로이스,297570,-5,OK,,,[기재정정]최대주주변경을수반하는주식양수도계약체결              (-5),2026-06-26: 주주명부폐쇄기간또는기준일설정               | 2026-06-26: 주주총회소집결의              (임시주주총회) | 2026-06-16: 주식등의대량보유상황보고서(일반) | 2026-06-16: 주식등의대량보유상황보고서(일반) | 2026-06-12: 사외이사의선임ㆍ해임또는중도퇴임에관한신고,25
파인테크닉스,106240,-5,OK,,,[기재정정]최대주주변경을수반하는주식양수도계약체결              (-5),2026-06-15: [기재정정]최대주주변경을수반하는주식양수도계약체결              ,1
레이,228670,-5,OK,,,[기재정정]최대주주변경을수반하는주식담보제공계약체결              (-5),2026-06-26: [기재정정]최대주주변경을수반하는주식담보제공계약체결               | 2026-06-16: 임원ㆍ주요주주특정증권등소유상황보고서 | 2026-06-09: 임원ㆍ주요주주특정증권등소유상황보고서 | 2026-06-08: [기재정정]주식등의대량보유상황보고서(일반) | 2026-06-08: [기재정정]주식등의대량보유상황보고서(일반),12
미코,059090,-5,OK,,,최대주주변경을수반하는주식담보제공계약체결              (-5),2026-06-25: 주식등의대량보유상황보고서(일반) | 2026-06-23: 최대주주변경을수반하는주식담보제공계약체결               | 2026-06-09: 교환가액의조정              (제15회차) | 2026-06-02: 주식등의대량보유상황보고서(약식),4
핌스,347770,-5,OK,,,[기재정정]최대주주변경을수반하는주식담보제공계약체결              (-5),2026-06-22: 자산재평가실시결정(자율공시)               | 2026-06-04: 주식등의대량보유상황보고서(일반) | 2026-06-04: [기재정정]최대주주변경을수반하는주식담보제공계약체결              ,3
하나머티리얼즈,166090,-5,OK,,,[기재정정]최대주주변경을수반하는주식담보제공계약체결              (-5),2026-06-23: 주식등의대량보유상황보고서(일반) | 2026-06-22: [기재정정]최대주주변경을수반하는주식담보제공계약체결               | 2026-06-01: 주식등의대량보유상황보고서(약식) | 2026-05-29: 주식등의대량보유상황보고서(일반) | 2026-05-29: 임원ㆍ주요주주특정증권등소유상황보고서,5
인터로조,119610,-5,OK,,,[기재정정]최대주주변경을수반하는주식담보제공계약체결              (-5),2026-06-26: [기재정정]최대주주변경을수반하는주식담보제공계약체결               | 2026-06-26: 임원ㆍ주요주주특정증권등소유상황보고서 | 2026-06-15: [기재정정]사업보고서 (2025.12) | 2026-06-15: 임원ㆍ주요주주특정증권등소유상황보고서 | 2026-06-05: 임원ㆍ주요주주특정증권등소유상황보고서,5
JTC,950170,-5,OK,,,최대주주변경을수반하는주식담보제공계약해제ㆍ취소등              (-5),2026-06-15: 금전대여결정               | 2026-06-04: 최대주주변경을수반하는주식담보제공계약해제ㆍ취소등               | 2026-06-04: 주식등의대량보유상황보고서(일반),3
얼라인드,238120,-5,OK,,주식소각결정              (+5),주요사항보고서(자기주식처분결정)(-10),2026-06-26: 임원ㆍ주요주주특정증권등소유상황보고서 | 2026-05-29: 주식소각결정               | 2026-05-29: 주요사항보고서(자기주식처분결정),3
유일에너테크,340930,-5,OK,,,최대주주변경을수반하는주식양수도계약해제ㆍ취소등              (-5),2026-06-26: 최대주주변경을수반하는주식양수도계약해제ㆍ취소등               | 2026-06-23: [기재정정]사업보고서 (2025.12) | 2026-06-01: 임원ㆍ주요주주특정증권등소유상황보고서,3
크레오에스지,040350,-5,OK,,,최대주주변경을수반하는주식담보제공계약체결              (-5),2026-06-19: 주식등의대량보유상황보고서(일반) | 2026-06-12: 최대주주변경을수반하는주식담보제공계약체결               | 2026-06-11: 주식등의대량보유상황보고서(일반) | 2026-06-09: 조회공시요구(현저한시황변동)에대한답변(미확정)               | 2026-06-08: 조회공시요구(현저한시황변동)              ,6
디에스케이,109740,-5,OK,,,[기재정정]최대주주변경을수반하는주식양수도계약체결              (-5),2026-06-18: 주식등의대량보유상황보고서(일반) | 2026-06-15: 주주총회소집공고 | 2026-06-15: [기재정정]주주총회소집결의               | 2026-06-15: [기재정정]최대주주변경을수반하는주식양수도계약체결              ,4
대동스틸,048470,-5,OK,,,최대주주변경              (-5),2026-06-17: 주식등의대량보유상황보고서(일반) | 2026-06-17: 주식등의대량보유상황보고서(일반) | 2026-06-17: 주식등의대량보유상황보고서(일반) | 2026-06-17: 임원ㆍ주요주주특정증권등소유상황보고서 | 2026-06-17: 임원ㆍ주요주주특정증권등소유상황보고서,12
대신증권,003540,-5,OK,,주식소각결정              (+5),주요사항보고서(자기주식처분결정)(-10),2026-06-26: 주요사항보고서(자본으로인정되는채무증권발행결정) | 2026-06-26: 투자설명서(일괄신고) | 2026-06-26: 투자설명서(일괄신고) | 2026-06-26: 증권발행실적보고서 | 2026-06-26: 증권발행실적보고서,72
서부T&D,006730,-5,OK,,주식소각결정              (+5),[기재정정]최대주주변경을수반하는주식담보제공계약체결              (-5) | [기재정정]최대주주변경을수반하는주식담보제공계약체결              (-5),2026-06-25: 주식등의대량보유상황보고서(일반) | 2026-06-18: [기재정정]최대주주변경을수반하는주식담보제공계약체결               | 2026-06-10: 주식소각결정               | 2026-06-08: [기재정정]최대주주변경을수반하는주식담보제공계약체결               | 2026-06-04: 임원ㆍ주요주주특정증권등소유상황보고서,6
현대건설,000720,-5,🚨 YES,주요사항보고서(전환사채권발행결정),단일판매ㆍ공급계약체결              (+5) | 단일판매ㆍ공급계약체결              (+5),주요사항보고서(전환사채권발행결정)(-15),2026-06-26: 중대재해발생               | 2026-06-25: 임원ㆍ주요주주특정증권등소유상황보고서 | 2026-06-23: 단일판매ㆍ공급계약체결               | 2026-06-16: 기업설명회(IR)개최(안내공시)               | 2026-06-15: 임원ㆍ주요주주특정증권등소유상황보고서,17
이지스밸류플러스리츠,334890,-5,OK,,,최대주주변경              (-5),2026-06-25: 임원ㆍ주요주주특정증권등소유상황보고서 | 2026-06-23: 임원ㆍ주요주주특정증권등소유상황보고서 | 2026-06-18: 임원ㆍ주요주주특정증권등소유상황보고서 | 2026-06-16: 임원ㆍ주요주주특정증권등소유상황보고서 | 2026-06-15: 최대주주변경              ,13
소룩스,290690,-2,🚨 YES,[기재정정]주요사항보고서(전환사채권발행결정),[기재정정]주요사항보고서(회사합병결정)(+3) | 단일판매ㆍ공급계약체결              (+5) | 단일판매ㆍ공급계약체결              (+5),[기재정정]주요사항보고서(전환사채권발행결정)(-15),2026-06-23: [첨부정정]증권신고서(합병) | 2026-06-23: [기재정정]증권신고서(합병) | 2026-06-23: [기재정정]주요사항보고서(회사합병결정) | 2026-06-16: 의결권대리행사권유참고서류 | 2026-06-12: 주주총회소집공고,18
넷마블,251270,0,OK,,,,2026-06-25: 신탁계약해지결과보고서 | 2026-06-25: 주요사항보고서(자기주식취득신탁계약해지결정) | 2026-06-25: 신탁계약에의한취득상황보고서 | 2026-06-04: 유형자산처분결정               | 2026-06-01: 기업지배구조보고서공시              ,7
메리츠제2호스팩,0165X0,0,OK,,,,2026-06-25: 주식등의대량보유상황보고서(약식) | 2026-06-25: 임원ㆍ주요주주특정증권등소유상황보고서 | 2026-06-25: 주식등의대량보유상황보고서(일반) | 2026-06-12: 증권발행실적보고서 | 2026-06-08: [기재정정]투자설명서,9
현대제철,004020,0,OK,,,,2026-06-17: 특수관계인에대한출자 | 2026-06-01: 기업지배구조보고서공시               | 2026-05-29: 대규모기업집단현황공시[연1회공시및1/4분기용(개별회사)],3
금비,008870,0,OK,,,,2026-06-25: 임원ㆍ주요주주특정증권등소유상황보고서 | 2026-06-25: 최대주주등소유주식변동신고서               | 2026-06-18: 임원ㆍ주요주주특정증권등소유상황보고서 | 2026-06-18: 최대주주등소유주식변동신고서               | 2026-06-01: 기업지배구조보고서공시              ,5
전진바이오팜,110020,0,OK,,,,2026-06-19: 임원ㆍ주요주주특정증권등거래계획보고서 | 2026-06-15: 임원ㆍ주요주주특정증권등소유상황보고서 | 2026-06-15: 주식등의대량보유상황보고서(일반) | 2026-06-05: 임원ㆍ주요주주특정증권등소유상황보고서 | 2026-06-05: 주식등의대량보유상황보고서(일반),5
효성오앤비,097870,0,OK,,,,2026-06-22: 임시주주총회결과               | 2026-06-08: 주주명부폐쇄기간또는기준일설정               | 2026-06-02: 의결권대리행사권유참고서류 | 2026-06-02: 주주총회소집공고,4
풍원정밀,371950,0,OK,,,,2026-06-26: 주식등의대량보유상황보고서(약식) | 2026-06-25: 임원ㆍ주요주주특정증권등소유상황보고서 | 2026-06-10: 자산재평가결과(자율공시)               | 2026-06-10: [기재정정]자산재평가실시결정(자율공시)               | 2026-06-08: [기재정정]임원ㆍ주요주주특정증권등소유상황보고서,9
동원금속,018500,0,OK,,,,2026-06-24: [기재정정]주주총회소집공고 | 2026-06-24: [첨부정정]사업보고서 (2026.03) | 2026-06-24: 주식등의대량보유상황보고서(일반) | 2026-06-23: 임원ㆍ주요주주특정증권등소유상황보고서 | 2026-06-23: 최대주주등소유주식변동신고서              ,18
웰크론,065950,0,OK,,,,2026-06-26: 임원ㆍ주요주주특정증권등소유상황보고서 | 2026-06-17: 주식등의대량보유상황보고서(일반) | 2026-06-17: 임원ㆍ주요주주특정증권등소유상황보고서 | 2026-06-17: 임원ㆍ주요주주특정증권등소유상황보고서 | 2026-06-17: 임원ㆍ주요주주특정증권등소유상황보고서,5
코리아에셋투자증권,190650,0,OK,,,,2026-06-23: [첨부정정]사업보고서 (2026.03) | 2026-06-22: 감사보고서제출               | 2026-06-22: 사업보고서 (2026.03) | 2026-06-15: 현금ㆍ현물배당결정               | 2026-06-15: 주주총회소집결의              ,7
화승코퍼레이션,013520,0,OK,,,,2026-06-23: 최대주주등소유주식변동신고서               | 2026-06-16: 최대주주등소유주식변동신고서               | 2026-06-01: 기업지배구조보고서공시              ,3
코스메카코리아,241710,0,OK,,,,2026-06-10: 기업설명회(IR)개최               | 2026-06-05: [첨부정정]주요사항보고서(유형자산양수결정) | 2026-06-05: 주요사항보고서(유형자산양수결정),3
전방,000950,0,OK,,,,2026-06-18: 소송등의제기ㆍ신청(일정금액이상의청구)               | 2026-06-02: [기재정정]사업보고서 (2024.12) | 2026-06-02: [기재정정]사업보고서 (2023.12) | 2026-06-02: [기재정정]사업보고서 (2022.12) | 2026-06-02: [기재정정]감사보고서제출              ,6
수프로,185190,0,OK,,,,2026-06-26: 정기주주총회결과               | 2026-06-17: 사업보고서 (2026.03) | 2026-06-17: 감사보고서제출               | 2026-06-11: 주주총회소집공고 | 2026-06-11: 주주총회소집결의              ,5
케이씨티시,009070,0,OK,,,,2026-06-05: [기재정정]타법인주식및출자증권취득결정               | 2026-05-29: 기업지배구조보고서공시               | 2026-05-29: 대규모기업집단현황공시[연1회공시및1/4분기용(개별회사)],3
비씨엔씨,146320,0,OK,,,,2026-06-22: 주식등의대량보유상황보고서(일반) | 2026-06-15: [기재정정]신규시설투자등               | 2026-06-11: 주식등의대량보유상황보고서(일반),3
세원정공,021820,0,OK,,,,2026-06-26: 주주총회소집공고 | 2026-06-26: 주주총회소집결의               | 2026-06-15: 주주명부폐쇄기간또는기준일설정               | 2026-06-01: 기업지배구조보고서공시              ,4
제이알글로벌리츠,348950,0,OK,,,,2026-06-15: [기재정정]주요사항보고서(회생절차개시신청) | 2026-06-15: 주주명부폐쇄기간또는기준일설정               | 2026-05-29: 기업지배구조보고서공시              ,3
SV인베스트먼트,289080,0,OK,,,,2026-06-26: 정기주주총회결과               | 2026-06-18: 감사보고서제출               | 2026-06-18: 사업보고서 (2026.03) | 2026-06-09: 주주총회소집공고 | 2026-06-09: [기재정정]의결권대리행사권유참고서류,8
이삭엔지니어링,351330,0,OK,,,,2026-06-25: 주식등의대량보유상황보고서(일반) | 2026-06-24: 임원ㆍ주요주주특정증권등소유상황보고서 | 2026-06-18: 주식등의대량보유상황보고서(일반) | 2026-06-11: 주식등의대량보유상황보고서(일반) | 2026-06-04: 주식등의대량보유상황보고서(일반),6
성광벤드,014620,0,OK,,,,2026-06-26: 주식등의대량보유상황보고서(일반) | 2026-06-24: 임원ㆍ주요주주특정증권등소유상황보고서 | 2026-06-22: 기업설명회(IR)개최               | 2026-06-15: 주식등의대량보유상황보고서(약식) | 2026-06-12: 주식등의대량보유상황보고서(약식),7
두올,016740,0,OK,,,,2026-06-23: 주주명부폐쇄기간또는기준일설정               | 2026-06-23: 주주총회소집결의               | 2026-06-15: 주주총회소집공고 | 2026-06-01: 기업지배구조보고서공시              ,4
현대모비스,012330,0,OK,,,,2026-06-26: 지속가능경영보고서등관련사항(자율공시)               | 2026-06-22: 기업설명회(IR)개최(안내공시)               | 2026-06-19: 기업설명회(IR)개최(안내공시)               | 2026-06-15: 기업설명회(IR)개최(안내공시)               | 2026-06-11: 특수관계인에대한출자,8
호전실업,111110,0,OK,,,,2026-06-15: [기재정정]타법인주식및출자증권취득결정               | 2026-06-05: 임원ㆍ주요주주특정증권등소유상황보고서 | 2026-05-29: 기업지배구조보고서공시              ,3
아진전자부품,009320,0,OK,,,,2026-06-24: 주식등의대량보유상황보고서(일반) | 2026-06-15: 임원ㆍ주요주주특정증권등거래계획보고서 | 2026-06-12: 최대주주등소유주식변동신고서               | 2026-06-09: 주식등의대량보유상황보고서(약식) | 2026-06-09: 임원ㆍ주요주주특정증권등소유상황보고서,6
지엔코,065060,0,OK,,,,2026-06-16: 주식등의대량보유상황보고서(일반) | 2026-06-02: [기재정정]대규모기업집단현황공시[연1회공시및1/4분기용(개별회사)] | 2026-06-01: 대규모기업집단현황공시[연1회공시및1/4분기용(개별회사)],3
우리바이오,082850,0,OK,,,,2026-06-08: 주주명부폐쇄기간또는기준일설정               | 2026-06-08: 주주총회소집결의               | 2026-06-08: 주식병합결정              ,3
오름테라퓨틱,475830,0,OK,,,,2026-06-19: 사외이사의선임ㆍ해임또는중도퇴임에관한신고 | 2026-06-10: 기업설명회(IR)개최               | 2026-06-09: 임원ㆍ주요주주특정증권등소유상황보고서 | 2026-06-09: 임원ㆍ주요주주특정증권등소유상황보고서 | 2026-06-09: 주식등의대량보유상황보고서(일반),5
CJ ENM,035760,0,OK,,,,2026-06-25: 동일인등출자계열회사와의상품ㆍ용역거래 | 2026-06-25: 동일인등출자계열회사와의상품ㆍ용역거래 | 2026-06-01: 대규모기업집단현황공시[연1회공시및1/4분기용(개별회사)],3
대산F&B,065150,0,OK,,,,2026-06-24: 기타시장안내              (개선계획 이행내역서 제출 ) | 2026-06-05: 임원ㆍ주요주주특정증권등소유상황보고서 | 2026-06-02: 기타시장안내              (개선기간 종료에 따른 상장폐지 여부 결정 안내 ),3
엘앤씨바이오,290650,0,OK,,,,2026-06-23: 주식등의대량보유상황보고서(일반) | 2026-06-12: [기재정정]감사보고서제출               | 2026-06-10: 주식등의대량보유상황보고서(약식) | 2026-06-05: 임원ㆍ주요주주특정증권등소유상황보고서 | 2026-06-05: 주식등의대량보유상황보고서(약식),6
티디에스팜,464280,0,OK,,,,2026-06-24: 임원ㆍ주요주주특정증권등소유상황보고서 | 2026-06-18: 임원ㆍ주요주주특정증권등소유상황보고서 | 2026-06-18: 주식등의대량보유상황보고서(일반),3
SGC에너지,005090,0,OK,,,,2026-06-01: 기업설명회(IR)개최(안내공시)               | 2026-05-29: 기업지배구조보고서공시               | 2026-05-29: 대규모기업집단현황공시[연1회공시및1/4분기용(개별회사)],3
팜스코,036580,0,OK,,,,2026-06-08: 주식등의대량보유상황보고서(일반) | 2026-05-29: 기업지배구조보고서공시               | 2026-05-29: 대규모기업집단현황공시[연1회공시및1/4분기용(개별회사)],3
서연탑메탈,019770,0,OK,,,,2026-06-08: 주식등의대량보유상황보고서(일반) | 2026-06-08: 임원ㆍ주요주주특정증권등소유상황보고서 | 2026-06-01: 임원ㆍ주요주주특정증권등소유상황보고서,3
HD현대일렉트릭,267260,0,OK,,,,2026-06-26: 지속가능경영보고서등관련사항(자율공시)               | 2026-06-26: 타인에대한채무보증결정               | 2026-06-22: 사외이사의선임ㆍ해임또는중도퇴임에관한신고 | 2026-06-18: 타인에대한채무보증결정               | 2026-06-04: 임원ㆍ주요주주특정증권등소유상황보고서,8
신한카드,032710,0,OK,,,,2026-06-26: 증권발행실적보고서 | 2026-06-25: 투자설명서(일괄신고) | 2026-06-25: 일괄신고추가서류 | 2026-06-19: 증권발행실적보고서 | 2026-06-18: 투자설명서(일괄신고),9
케이씨씨,002380,0,OK,,,,2026-06-16: 기타경영사항(자율공시)              (배당기준일 안내) | 2026-06-08: 주식등의대량보유상황보고서(일반) | 2026-06-04: 정보보호현황(자율공시)               | 2026-05-29: 대규모기업집단현황공시[연1회공시및1/4분기용(대표회사)] | 2026-05-29: 대규모기업집단현황공시[연1회(동일인용)],6
한국전력공사,015760,0,OK,,,,2026-06-24: 중대재해발생(종속회사의주요경영사항)               | 2026-06-23: 소송등의판결ㆍ결정(일정금액이상의청구)               | 2026-06-18: 임원ㆍ주요주주특정증권등소유상황보고서 | 2026-06-18: 임원ㆍ주요주주특정증권등소유상황보고서 | 2026-06-17: 사외이사의선임ㆍ해임또는중도퇴임에관한신고,10
이지케어텍,099750,0,OK,,,,2026-06-25: 정기주주총회결과               | 2026-06-17: 사업보고서 (2026.03) | 2026-06-17: 감사보고서제출               | 2026-06-10: 의결권대리행사권유참고서류 | 2026-06-10: 주주총회소집공고,5
에어부산,298690,0,OK,,,,2026-06-17: 임원ㆍ주요주주특정증권등소유상황보고서 | 2026-06-15: 최대주주등소유주식변동신고서               | 2026-06-15: 전환청구권ㆍ신주인수권ㆍ교환청구권행사               | 2026-06-02: 풍문또는보도에대한해명(미확정)               | 2026-05-29: 기업지배구조보고서공시              ,6
한온시스템,018880,0,OK,,,,2026-06-26: 임원ㆍ주요주주특정증권등소유상황보고서 | 2026-05-29: 기업설명회(IR)개최(안내공시)               | 2026-05-29: 기업지배구조보고서공시               | 2026-05-29: 대규모기업집단현황공시[연1회공시및1/4분기용(개별회사)],4
프레스티지바이오파마,950210,0,OK,,,,2026-06-15: 기타경영사항(자율공시)               | 2026-06-01: 기업지배구조보고서공시               | 2026-05-29: 분기보고서 (2026.03),3
에이프로,262260,0,OK,,,,2026-06-11: [기재정정]주요사항보고서(유형자산양수결정) | 2026-06-05: 주주명부폐쇄기간또는기준일설정               | 2026-06-05: 주주총회소집결의              (임시주주총회) | 2026-05-29: 주식등의대량보유상황보고서(약식),4
신한알파리츠,293940,0,OK,,,,2026-06-25: 임원ㆍ주요주주특정증권등소유상황보고서 | 2026-06-18: 임원ㆍ주요주주특정증권등소유상황보고서 | 2026-06-12: 기타경영사항(자율공시)               | 2026-06-11: 임원ㆍ주요주주특정증권등소유상황보고서 | 2026-06-08: 정기주주총회결과              ,7
효성 ITX,094280,0,OK,,,,2026-06-15: 주주명부폐쇄기간또는기준일설정               | 2026-06-01: 기업지배구조보고서공시               | 2026-06-01: 대규모기업집단현황공시[연1회공시및1/4분기용(개별회사)],3
SK,034730,0,OK,,,,2026-06-25: 투자판단관련주요경영사항(자회사의 주요경영사항)               | 2026-06-25: [기재정정]금전대여결정(자회사의 주요경영사항)               | 2026-06-24: 특수관계인에대한출자 | 2026-06-24: 특수관계인에대한부동산임대 | 2026-06-24: 특수관계인으로부터부동산임차,11
엔피케이,048830,0,OK,,,,2026-06-24: 주식등의대량보유상황보고서(일반) | 2026-06-24: 임원ㆍ주요주주특정증권등소유상황보고서 | 2026-06-12: 임원ㆍ주요주주특정증권등소유상황보고서 | 2026-06-12: 임원ㆍ주요주주특정증권등소유상황보고서 | 2026-06-12: [기재정정]임원ㆍ주요주주특정증권등소유상황보고서,7
아스트,067390,0,OK,,,,2026-06-24: 주주총회소집공고 | 2026-06-01: [기재정정]주식병합결정               | 2026-06-01: 전환청구권행사              (제10회차),3
메리츠증권,008560,0,OK,,,,2026-06-26: 증권발행실적보고서 | 2026-06-26: 증권발행실적보고서 | 2026-06-26: 주요사항보고서(자본으로인정되는채무증권발행결정) | 2026-06-26: 증권발행실적보고서 | 2026-06-26: 증권발행실적보고서,97
동국제강,460860,0,OK,,,,2026-06-12: 주주명부폐쇄기간또는기준일설정               | 2026-06-01: 대규모기업집단현황공시[연1회공시및1/4분기용(개별회사)] | 2026-05-29: 기업지배구조보고서공시              ,3
노을,376930,0,OK,,,,2026-06-22: 임원ㆍ주요주주특정증권등소유상황보고서 | 2026-06-12: 주식등의대량보유상황보고서(일반) | 2026-06-12: 임원ㆍ주요주주특정증권등소유상황보고서 | 2026-06-12: 임원ㆍ주요주주특정증권등소유상황보고서 | 2026-06-12: 임원ㆍ주요주주특정증권등소유상황보고서,8
대신정보통신,020180,0,OK,,,,2026-06-26: 사외이사의선임ㆍ해임또는중도퇴임에관한신고 | 2026-06-26: 정기주주총회결과               | 2026-06-18: 사업보고서 (2026.03) | 2026-06-18: 현금ㆍ현물배당결정               | 2026-06-17: 감사보고서제출              ,11
SK이터닉스,475150,0,OK,,,,2026-06-24: [기재정정]주요사항보고서(유형자산양도결정) | 2026-05-29: 대규모기업집단현황공시[연1회공시및1/4분기용(개별회사)] | 2026-05-29: 투자판단관련주요경영사항               | 2026-05-29: 기업지배구조보고서공시              ,4
차이커뮤니케이션,351870,0,OK,,,,2026-06-18: 주식등의대량보유상황보고서(일반) | 2026-06-18: 임원ㆍ주요주주특정증권등소유상황보고서 | 2026-06-18: 임원ㆍ주요주주특정증권등소유상황보고서 | 2026-06-18: 임원ㆍ주요주주특정증권등소유상황보고서 | 2026-06-18: 임원ㆍ주요주주특정증권등소유상황보고서,7
롯데칠성음료,005300,0,OK,,,,2026-06-18: 공정거래자율준수프로그램운영현황(안내공시)               | 2026-06-18: [기재정정]유형자산처분결정               | 2026-06-18: [기재정정]특수관계인에대한부동산매도 | 2026-06-10: 주식등의대량보유상황보고서(약식) | 2026-06-01: 기업지배구조보고서공시              ,6
국민은행,060000,0,OK,,,,2026-06-22: 증권발행실적보고서 | 2026-06-19: 투자설명서(일괄신고) | 2026-06-19: 일괄신고추가서류 | 2026-06-18: 증권발행실적보고서 | 2026-06-17: 투자설명서(일괄신고),18
인카금융서비스,211050,0,OK,,,,2026-06-22: 주식등의대량보유상황보고서(약식) | 2026-06-09: [기재정정]주요사항보고서(자기주식취득신탁계약체결결정) | 2026-06-08: 주요사항보고서(자기주식취득신탁계약체결결정),3
이노벡스,279060,0,OK,,,,2026-06-26: 본점소재지변경               | 2026-06-26: 임시주주총회결과               | 2026-06-10: 주주총회소집공고,3
꿈비,407400,0,OK,,,,2026-06-26: 타법인주식및출자증권취득결정               | 2026-06-18: 주식등의대량보유상황보고서(일반) | 2026-06-10: 주식등의대량보유상황보고서(일반) | 2026-05-29: 주식등의대량보유상황보고서(일반),4
이엠티,232530,0,OK,,,,2026-06-22: 기타주요경영사항(자율공시)              (감사보고서 제출 지연) | 2026-06-19: 주주명부폐쇄기간또는기준일설정               | 2026-06-19: 임시주주총회결과               | 2026-06-19: 기업설명회(IR)개최결과               | 2026-06-19: [기재정정]기업설명회(IR)개최              ,12
HS효성,487570,0,OK,,,,2026-06-26: 지속가능경영보고서등관련사항(자율공시)               | 2026-06-26: 타인에대한채무보증결정(자회사의 주요경영사항)               | 2026-06-05: 최대주주등소유주식변동신고서               | 2026-06-05: 주식등의대량보유상황보고서(일반) | 2026-06-02: 타인에대한채무보증결정(자회사의 주요경영사항)              ,8
쓰리에이로직스,177900,0,OK,,,,2026-06-08: 임원ㆍ주요주주특정증권등소유상황보고서 | 2026-06-08: 임원ㆍ주요주주특정증권등소유상황보고서 | 2026-06-08: 임원ㆍ주요주주특정증권등소유상황보고서 | 2026-06-08: 임원ㆍ주요주주특정증권등소유상황보고서 | 2026-06-05: 주식등의대량보유상황보고서(일반),5
올리패스,244460,0,OK,,,,2026-06-05: 기타시장안내              (회생절차 개시결정 관련 시장안내) | 2026-06-05: 회생절차개시결정               | 2026-06-01: [기재정정]투자판단관련주요경영사항              (신약 공동연구개발 연구개발비 수령) | 2026-06-01: [기재정정]투자판단관련주요경영사항              (신약 공동연구개발 연구개발비 수령) | 2026-06-01: [기재정정]투자판단관련주요경영사항              (신약 공동연구개발 연구개발비 수령),6
디와이씨,310870,0,OK,,,,2026-06-16: [기재정정]주요사항보고서(자기주식취득신탁계약체결결정) | 2026-06-16: 주요사항보고서(자기주식취득신탁계약체결결정) | 2026-06-05: [기재정정]주식매수선택권부여에관한신고 | 2026-06-05: 주식등의대량보유상황보고서(약식) | 2026-06-04: 증권발행결과(자율공시)              ,6
퀀타매트릭스,317690,0,OK,,,,2026-06-23: 대표이사변경               | 2026-06-15: 기업설명회(IR)개최               | 2026-06-08: 전환사채(해외전환사채포함)발행후만기전사채취득              ,3
한국캐피탈,023760,0,OK,,,,2026-06-22: 증권발행실적보고서 | 2026-06-19: 투자설명서(일괄신고) | 2026-06-19: 일괄신고추가서류 | 2026-06-15: 의결권대리행사권유참고서류 | 2026-06-15: 주주총회소집공고,8
에코프로비엠,247540,0,OK,,,,2026-06-26: 주식등의대량보유상황보고서(일반) | 2026-06-18: 주식등의대량보유상황보고서(일반) | 2026-06-15: 기업설명회(IR)개최               | 2026-06-08: 주식등의대량보유상황보고서(일반) | 2026-06-05: 주식등의대량보유상황보고서(일반),7
웰크론한텍,076080,0,OK,,,,2026-06-26: 임원ㆍ주요주주특정증권등소유상황보고서 | 2026-06-12: 주식등의대량보유상황보고서(일반) | 2026-06-12: 임원ㆍ주요주주특정증권등소유상황보고서 | 2026-06-12: 임원ㆍ주요주주특정증권등소유상황보고서 | 2026-06-12: 임원ㆍ주요주주특정증권등소유상황보고서,7
LG유플러스,032640,0,OK,,,,2026-06-15: 기업설명회(IR)개최(안내공시)               | 2026-06-01: 대규모기업집단현황공시[연1회공시및1/4분기용(개별회사)] | 2026-05-29: 기업지배구조보고서공시              ,3
더라미,032860,0,OK,,,,2026-06-24: 주주총회소집공고 | 2026-06-01: 주주명부폐쇄기간또는기준일설정               | 2026-06-01: 주주총회소집결의              (임시주주총회) | 2026-06-01: 주식병합결정              ,4
한솔홈데코,025750,0,OK,,,,2026-06-19: 주주명부폐쇄기간또는기준일설정               | 2026-06-19: 주주총회소집결의               | 2026-06-01: 기업지배구조보고서공시              ,3
한국앤컴퍼니,000240,0,OK,,,,2026-06-25: 소송등의제기ㆍ신청(경영권분쟁소송)               | 2026-06-17: 주식등의대량보유상황보고서(일반) | 2026-06-01: 대규모기업집단현황공시[연1회(동일인용)] | 2026-06-01: 대규모기업집단현황공시[연1회공시및1/4분기용(대표회사)] | 2026-06-01: 기업지배구조보고서공시              ,5
KISCO홀딩스,001940,0,OK,,,,2026-06-09: 주요사항보고서(자기주식취득신탁계약체결결정)(자회사의 주요경영사항)               | 2026-06-09: 주요사항보고서(자기주식취득신탁계약체결결정) | 2026-05-29: 기업지배구조보고서공시              ,3
KR모터스,000040,0,OK,,,,2026-06-19: 임시주주총회결과               | 2026-06-09: 조회공시요구(풍문또는보도)에대한답변(부인)               | 2026-06-04: 주주총회소집공고 | 2026-06-01: 기업지배구조보고서공시              ,4
국제약품,002720,0,OK,,,,2026-06-05: 임원ㆍ주요주주특정증권등소유상황보고서 | 2026-06-01: 기업지배구조보고서공시               | 2026-05-29: 임원ㆍ주요주주특정증권등소유상황보고서 | 2026-05-29: 주식등의대량보유상황보고서(일반),4
미창석유공업,003650,0,OK,,,,2026-06-23: 주식등의대량보유상황보고서(일반) | 2026-06-18: 주식등의대량보유상황보고서(일반) | 2026-06-09: 주식등의대량보유상황보고서(일반),3
두산,000150,0,OK,,,,2026-06-23: 특수관계인과의내부거래 | 2026-06-23: 특수관계인에대한출자 | 2026-06-15: 풍문또는보도에대한해명(미확정)               | 2026-06-04: 임원ㆍ주요주주특정증권등소유상황보고서 | 2026-05-29: 대규모기업집단현황공시[연1회(동일인용)],7
하이트진로홀딩스,000140,0,OK,,,,2026-06-01: 대규모기업집단현황공시[연1회(동일인용)] | 2026-06-01: 대규모기업집단현황공시[연1회공시및1/4분기용(대표회사)] | 2026-06-01: 기업지배구조보고서공시              ,3
한세엠케이,069640,0,OK,,,,2026-06-24: [기재정정]임원ㆍ주요주주특정증권등거래계획보고서 | 2026-06-24: 임원ㆍ주요주주특정증권등거래계획보고서 | 2026-06-15: 임원ㆍ주요주주특정증권등거래계획보고서 | 2026-06-10: 임시주주총회결과               | 2026-05-29: 기업지배구조보고서공시              ,5
카카오,035720,0,OK,,,,2026-06-24: 지속가능경영보고서등관련사항(자율공시)               | 2026-06-19: 임원ㆍ주요주주특정증권등소유상황보고서 | 2026-06-15: 기업설명회(IR)개최(안내공시)               | 2026-06-10: [기재정정]대규모기업집단현황공시[연1회공시및1/4분기용(대표회사)] | 2026-06-01: [기재정정]대규모기업집단현황공시[연1회공시및1/4분기용(대표회사)],5
한전기술,052690,0,OK,,,,2026-06-23: 중대재해발생               | 2026-06-08: 주주명부폐쇄기간또는기준일설정               | 2026-05-29: 사외이사의선임ㆍ해임또는중도퇴임에관한신고,3
제일엠앤에스,412540,0,OK,,,,2026-06-18: 기타경영사항(자율공시)              (관계인집회 기일 결정) | 2026-06-15: [기재정정]사업보고서 (2024.12) | 2026-06-15: [기재정정]사업보고서 (2025.12) | 2026-06-04: 기타시장안내              (기업심사위원회 개최 결과 및 심의속행 결정 안내) | 2026-06-04: [기재정정]사업보고서 (2024.12),6
현대홈쇼핑,057050,0,OK,,,,2026-06-15: 주식등의대량보유상황보고서(약식) | 2026-05-29: 기업지배구조보고서공시               | 2026-05-29: 대규모기업집단현황공시[연1회공시및1/4분기용(개별회사)],3
로보스타,090360,0,OK,,,,2026-06-05: 주식등의대량보유상황보고서(약식) | 2026-06-01: 주식등의대량보유상황보고서(약식) | 2026-06-01: 대규모기업집단현황공시[연1회공시및1/4분기용(개별회사)],3
SK증권,001510,0,OK,,,,2026-06-26: 증권발행실적보고서 | 2026-06-26: 증권발행실적보고서 | 2026-06-26: 증권발행실적보고서 | 2026-06-25: 투자설명서(일괄신고) | 2026-06-25: 일괄신고추가서류(파생결합사채-주가연계파생결합사채),21
CJ대한통운,000120,0,OK,,,,2026-06-24: 임원ㆍ주요주주특정증권등소유상황보고서 | 2026-06-24: 임원ㆍ주요주주특정증권등소유상황보고서 | 2026-06-22: [기재정정]투자판단관련주요경영사항               | 2026-06-12: 기업설명회(IR)개최(안내공시)               | 2026-06-01: 기업지배구조보고서공시              ,7
선진뷰티사이언스,086710,0,OK,,,,2026-06-12: 임원ㆍ주요주주특정증권등소유상황보고서 | 2026-06-10: 임시주주총회결과               | 2026-06-08: 임원ㆍ주요주주특정증권등소유상황보고서,3
셀바이오휴먼텍,318160,0,OK,,,,2026-06-12: 주식등의대량보유상황보고서(일반) | 2026-06-10: 주요사항보고서(자기주식취득신탁계약체결결정) | 2026-06-09: 신탁계약해지결과보고서 | 2026-06-09: 주요사항보고서(자기주식취득신탁계약해지결정),4
대원제약,003220,0,OK,,,,2026-06-12: 기업설명회(IR)개최(안내공시)               | 2026-06-10: 임원ㆍ주요주주특정증권등소유상황보고서 | 2026-06-01: 기업지배구조보고서공시              ,3
국도화학,007690,0,OK,,,,2026-06-16: 임원ㆍ주요주주특정증권등소유상황보고서 | 2026-06-16: 최대주주등소유주식변동신고서               | 2026-06-11: 최대주주등소유주식변동신고서               | 2026-06-01: 기업지배구조보고서공시              ,4
CJ CGV,079160,0,OK,,,,2026-06-25: 동일인등출자계열회사와의상품ㆍ용역거래 | 2026-06-23: 조회공시요구(풍문또는보도)에대한답변(미확정)               | 2026-06-23: 조회공시요구(풍문또는보도)               | 2026-06-22: 타인에대한채무보증결정               | 2026-06-04: [기재정정]주요사항보고서(자기전환사채만기전취득결정),8
HLB파나진,046210,0,OK,,,,2026-06-18: 임원ㆍ주요주주특정증권등소유상황보고서 | 2026-06-18: 임원ㆍ주요주주특정증권등소유상황보고서 | 2026-06-18: 주식등의대량보유상황보고서(일반) | 2026-06-11: 임원ㆍ주요주주특정증권등소유상황보고서 | 2026-06-10: 임원ㆍ주요주주특정증권등소유상황보고서,9
아센디오,012170,0,OK,,,,2026-06-23: 주주총회소집공고 | 2026-06-23: [기재정정]주주총회소집결의               | 2026-06-23: 주식병합결정               | 2026-06-10: [기재정정]주주총회소집결의               | 2026-06-02: 최대주주등소유주식변동신고서              ,6
대한광통신,010170,0,OK,,,,2026-06-25: 임원ㆍ주요주주특정증권등소유상황보고서 | 2026-06-25: 주식등의대량보유상황보고서(일반) | 2026-06-10: [기재정정]소송등의판결ㆍ결정(일정금액이상의청구)              ,3
제이케이리버스톤자기관리부동산투자회사,204210,0,OK,,,,2026-06-18: 주식등의대량보유상황보고서(약식) | 2026-06-15: 주식등의대량보유상황보고서(약식) | 2026-06-10: 임원ㆍ주요주주특정증권등소유상황보고서 | 2026-06-10: 주식등의대량보유상황보고서(약식) | 2026-05-29: 기업지배구조보고서공시              ,6
에스케이브로드밴드,033630,0,OK,,,,2026-06-12: 증권발행실적보고서 | 2026-06-12: 투자설명서 | 2026-06-11: [발행조건확정]증권신고서(채무증권) | 2026-06-08: [발행조건확정]증권신고서(채무증권) | 2026-06-08: [기재정정]증권신고서(채무증권),7
인벤티지랩,389470,0,OK,,,,2026-06-22: 전환사채(해외전환사채포함)발행후만기전사채취득              (제2회차) | 2026-06-16: 임원ㆍ주요주주특정증권등소유상황보고서 | 2026-06-15: 주요사항보고서(자기전환사채만기전취득결정) | 2026-06-08: 주식등의대량보유상황보고서(일반) | 2026-06-05: 임원ㆍ주요주주특정증권등소유상황보고서,6
삼양식품,003230,0,OK,,,,2026-06-04: 임원ㆍ주요주주특정증권등거래계획보고서 | 2026-06-04: 임원ㆍ주요주주특정증권등거래계획보고서 | 2026-06-04: 주식등의대량보유상황보고서(일반) | 2026-06-01: 임원ㆍ주요주주특정증권등소유상황보고서 | 2026-06-01: 주식등의대량보유상황보고서(약식),6
SH에너지화학,002360,0,OK,,,,2026-06-26: 최대주주등소유주식변동신고서               | 2026-06-26: 임원ㆍ주요주주특정증권등소유상황보고서 | 2026-06-17: 대표이사(대표집행임원)변경(안내공시)               | 2026-06-17: 최대주주등소유주식변동신고서               | 2026-06-17: 임원ㆍ주요주주특정증권등소유상황보고서,8
온타이드,005320,0,OK,,,,2026-06-23: 임원ㆍ주요주주특정증권등소유상황보고서 | 2026-06-23: 주식등의대량보유상황보고서(일반) | 2026-06-19: 최대주주등소유주식변동신고서               | 2026-06-17: 임원ㆍ주요주주특정증권등소유상황보고서 | 2026-06-17: 주식등의대량보유상황보고서(일반),12
에이피알,278470,0,OK,,,,2026-06-19: 지속가능경영보고서등관련사항(자율공시)               | 2026-06-16: 주식등의대량보유상황보고서(약식) | 2026-06-01: 기업설명회(IR)개최(안내공시)               | 2026-05-29: 기업지배구조보고서공시              ,4
라온피플,300120,0,OK,,,,2026-06-24: 주식등의대량보유상황보고서(일반) | 2026-06-12: 주주총회소집공고 | 2026-06-04: 주식등의대량보유상황보고서(일반) | 2026-06-04: 임원ㆍ주요주주특정증권등소유상황보고서 | 2026-06-04: 임원ㆍ주요주주특정증권등소유상황보고서,5
롯데정밀화학,004000,0,OK,,,,2026-06-15: 기업설명회(IR)개최(안내공시)               | 2026-05-29: 대규모기업집단현황공시[연1회공시및1/4분기용(개별회사)] | 2026-05-29: 기업지배구조보고서공시              ,3
POSCO홀딩스,005490,0,OK,,,,2026-06-26: 지속가능경영보고서등관련사항(자율공시)               | 2026-06-24: 불성실공시법인미지정              (지정유예) | 2026-06-24: 최대주주등소유주식변동신고서               | 2026-06-23: 주식등의대량보유상황보고서(약식) | 2026-06-22: 기업설명회(IR)개최(안내공시)              ,9
하나마이크론,067310,0,OK,,,,2026-06-04: 임원ㆍ주요주주특정증권등소유상황보고서 | 2026-06-02: 임원ㆍ주요주주특정증권등소유상황보고서 | 2026-06-02: 주식등의대량보유상황보고서(일반) | 2026-06-02: 임원ㆍ주요주주특정증권등소유상황보고서 | 2026-06-02: 임원ㆍ주요주주특정증권등소유상황보고서,6
드림텍,192650,0,OK,,,,2026-06-22: 주식매수선택권부여에관한신고 | 2026-06-16: 신규시설투자등(자율공시)               | 2026-06-01: 기업지배구조보고서공시              ,3
삼천당제약,000250,0,OK,,,,"2026-06-12: 주주총회소집공고 | 2026-06-10: 기업설명회(IR)개최               | 2026-06-04: [기재정정]사업보고서 (2025.12) | 2026-05-29: 투자판단관련주요경영사항(임상시험계획승인신청등결정)              (제1형 당뇨병 환자를 대상으로 정상혈당 클램프 조건 및 식이 섭취 후, 경구용 인슐린 SCD0503과 피하 투여 인슐린 간의 상대적 생체이용률, 상대적 생물학적 효력 및 음식 영향 평가를 위한 임상시험)",4
현대지에프홀딩스,005440,0,OK,,,,2026-05-29: 대규모기업집단현황공시[연1회(동일인용)] | 2026-05-29: 대규모기업집단현황공시[연1회공시및1/4분기용(대표회사)] | 2026-05-29: 기업지배구조보고서공시              ,3
대원화성,024890,0,OK,,,,2026-06-23: [기재정정]주식등의대량보유상황보고서(약식) | 2026-06-23: 주식등의대량보유상황보고서(약식) | 2026-06-18: 자산재평가결과(자율공시)               | 2026-06-04: 주주명부폐쇄기간또는기준일설정               | 2026-06-02: 주주총회소집결의              ,7
카이노스메드,284620,0,OK,,,,2026-06-16: 본점소재지변경               | 2026-05-29: [기재정정]단일판매ㆍ공급계약해지               | 2026-05-29: 단일판매ㆍ공급계약해지              ,3
신영증권,001720,0,OK,,,,2026-06-26: 증권발행실적보고서 | 2026-06-22: 기업가치제고계획(자율공시)               | 2026-06-22: 최대주주등소유주식변동신고서               | 2026-06-22: 임원ㆍ주요주주특정증권등소유상황보고서 | 2026-06-19: 정기주주총회결과              ,41
아이스크림미디어,461300,0,OK,,,,2026-06-12: 주식등의대량보유상황보고서(일반) | 2026-06-12: 중간(분기)배당을위한주주명부폐쇄(기준일)결정               | 2026-06-10: 주식등의대량보유상황보고서(일반) | 2026-06-02: 주식등의대량보유상황보고서(일반),4
케이엠,083550,0,OK,,,,2026-06-09: 임원ㆍ주요주주특정증권등소유상황보고서 | 2026-06-08: 임원ㆍ주요주주특정증권등거래계획보고서 | 2026-06-08: 임원ㆍ주요주주특정증권등거래계획보고서,3
오상자이엘,053980,0,OK,,,,2026-06-19: 주식등의대량보유상황보고서(일반) | 2026-06-05: 임원ㆍ주요주주특정증권등소유상황보고서 | 2026-06-05: 주식등의대량보유상황보고서(일반),3
메타바이오메드,059210,0,OK,,,,2026-06-25: 현금ㆍ현물배당결정               | 2026-06-15: 중간(분기)배당을위한주주명부폐쇄(기준일)결정               | 2026-06-12: 기업설명회(IR)개최               | 2026-06-12: 주식등의대량보유상황보고서(일반) | 2026-06-12: 임원ㆍ주요주주특정증권등소유상황보고서,8
신한투자증권,008670,0,OK,,,,2026-06-26: 증권발행실적보고서 | 2026-06-26: 증권발행실적보고서 | 2026-06-26: 증권발행실적보고서 | 2026-06-26: 증권발행실적보고서 | 2026-06-26: 증권발행실적보고서,100
오스테오닉,226400,0,OK,,,,2026-06-26: [기재정정]사업보고서 (2025.12) | 2026-06-26: 임시주주총회결과               | 2026-06-08: 주식등의대량보유상황보고서(약식) | 2026-05-29: 의결권대리행사권유참고서류 | 2026-05-29: 주주총회소집공고,7
셀루메드,049180,0,OK,,,,2026-06-25: [기재정정]주주총회소집결의              (임시주주총회) | 2026-06-18: [기재정정]주주총회소집결의              (임시주주총회) | 2026-06-11: [기재정정]주주총회소집결의              (임시주주총회),3
엔켐,348370,0,OK,,,,2026-06-25: 주식등의대량보유상황보고서(일반) | 2026-06-19: 전환사채(해외전환사채포함)발행후만기전사채취득              (제11회차) | 2026-06-15: 타인에대한채무보증결정               | 2026-06-08: 전환가액의조정              (제13회차) | 2026-05-29: [기재정정]타법인주식및출자증권처분결정              ,5
웨이비스,289930,0,OK,,,,2026-06-10: [기재정정]주요사항보고서(유형자산양수결정) | 2026-06-05: 신규시설투자등               | 2026-06-04: 주식등의대량보유상황보고서(약식) | 2026-06-02: 임원ㆍ주요주주특정증권등소유상황보고서 | 2026-06-02: 주식등의대량보유상황보고서(일반),5
지놈앤컴퍼니,314130,0,OK,,,,2026-05-29: 임원ㆍ주요주주특정증권등소유상황보고서 | 2026-05-29: 임원ㆍ주요주주특정증권등소유상황보고서 | 2026-05-29: 주식등의대량보유상황보고서(일반),3
동국씨엠,460850,0,OK,,,,2026-06-25: 타인에대한채무보증결정(자율공시)               | 2026-06-25: 타인에대한채무보증결정(자율공시)               | 2026-06-01: 대규모기업집단현황공시[연1회공시및1/4분기용(개별회사)] | 2026-05-29: 기업지배구조보고서공시              ,4
케이엔알시스템,199430,0,OK,,,,2026-06-19: 임원ㆍ주요주주특정증권등소유상황보고서 | 2026-06-18: 임원ㆍ주요주주특정증권등소유상황보고서 | 2026-06-18: 임원ㆍ주요주주특정증권등소유상황보고서,3
신세계건설,034300,0,OK,,,,2026-06-19: 동일인등출자계열회사와의상품ㆍ용역거래 | 2026-06-19: 동일인등출자계열회사와의상품ㆍ용역거래변경 | 2026-06-01: 대규모기업집단현황공시[연1회공시및1/4분기용(개별회사)],3
에이플러스에셋,244920,0,OK,,,,2026-06-26: 임원ㆍ주요주주특정증권등소유상황보고서 | 2026-06-08: 최대주주등소유주식변동신고서               | 2026-06-08: 주식등의대량보유상황보고서(일반) | 2026-06-01: 기업지배구조보고서공시              ,4
두산로보틱스,454910,0,OK,,,,2026-06-09: 주식등의대량보유상황보고서(일반) | 2026-06-08: 기업설명회(IR)개최(안내공시)               | 2026-06-01: 기업지배구조보고서공시               | 2026-05-29: 대규모기업집단현황공시[연1회공시및1/4분기용(개별회사)],4
화인베스틸,133820,0,OK,,,,2026-06-12: 최대주주등소유주식변동신고서               | 2026-06-12: 주식등의대량보유상황보고서(일반) | 2026-06-08: 신규시설투자등               | 2026-06-01: 기업지배구조보고서공시               | 2026-05-29: 타인에대한채무보증결정              ,5
풀무원,017810,0,OK,,,,2026-06-26: 기타경영사항(종속회사의주요경영사항)               | 2026-06-24: 최대주주등소유주식변동신고서               | 2026-06-24: 주식등의대량보유상황보고서(일반) | 2026-06-24: 임원ㆍ주요주주특정증권등소유상황보고서 | 2026-06-22: 사외이사의선임ㆍ해임또는중도퇴임에관한신고,15
에스에스알,275630,0,OK,,,,2026-06-25: 신탁계약에의한취득상황보고서 | 2026-06-01: 임원ㆍ주요주주특정증권등소유상황보고서 | 2026-06-01: 주식등의대량보유상황보고서(일반),3
에코프로,086520,0,OK,,,,2026-06-24: [기재정정]타법인주식및출자증권취득결정               | 2026-06-24: 주식등의대량보유상황보고서(일반) | 2026-06-17: 주식등의대량보유상황보고서(일반) | 2026-05-29: 대규모기업집단현황공시[연1회(동일인용)] | 2026-05-29: 대규모기업집단현황공시[연1회공시및1/4분기용(대표회사)],5
현대해상,001450,0,OK,,,,2026-06-25: 특수관계인에대한증여 | 2026-05-29: 대규모기업집단현황공시[연1회(동일인용)] | 2026-05-29: 대규모기업집단현황공시[연1회공시및1/4분기용(대표회사)],3
삼진제약,005500,0,OK,,,,2026-06-17: 임원ㆍ주요주주특정증권등소유상황보고서 | 2026-06-02: 주식등의대량보유상황보고서(일반) | 2026-06-01: 기업지배구조보고서공시              ,3
HLB제넥스,187420,0,OK,,,,2026-06-23: 임원ㆍ주요주주특정증권등소유상황보고서 | 2026-06-18: 주식등의대량보유상황보고서(일반) | 2026-06-17: 임원ㆍ주요주주특정증권등소유상황보고서 | 2026-06-12: 전환사채(해외전환사채포함)발행후만기전사채취득               | 2026-06-12: 전환가액의조정              ,9
오스코텍,039200,0,OK,,,,2026-06-17: [기재정정]투자판단관련주요경영사항              (SYK 저해제 후보물질 세비도플레닙(SKIO703) 기술수출 계약 체결) | 2026-06-01: 투자판단관련주요경영사항              (SYK 저해제 후보물질 세비도플레닙(SKIO703) 기술수출 계약 체결) | 2026-05-29: 주식등의대량보유상황보고서(약식),3
대림바스,005750,0,OK,,,,2026-06-02: [기재정정]기업지배구조보고서공시               | 2026-06-02: [기재정정]기업지배구조보고서공시               | 2026-06-01: 기업지배구조보고서공시              ,3
하나은행,004940,0,OK,,,,2026-06-15: 증권발행실적보고서 | 2026-06-15: 증권발행실적보고서 | 2026-06-12: 투자설명서(일괄신고) | 2026-06-12: 일괄신고추가서류 | 2026-06-12: 투자설명서(일괄신고),10
원포유,122830,0,OK,,,,2026-06-11: 기업설명회(IR)개최결과               | 2026-06-01: 기업설명회(IR)개최               | 2026-05-29: 임원ㆍ주요주주특정증권등소유상황보고서 | 2026-05-29: 주식등의대량보유상황보고서(일반),4
오성첨단소재,052420,0,OK,,,,2026-06-26: 대표이사변경               | 2026-06-26: 임시주주총회결과               | 2026-06-18: 타법인주식및출자증권취득결정               | 2026-06-18: [기재정정]주요사항보고서(타법인주식및출자증권양도결정) | 2026-06-11: 주주총회소집공고,6
마스턴프리미어리츠,357430,0,OK,,,,2026-06-26: 정기주주총회결과               | 2026-06-18: 사업보고서 (2026.03) | 2026-06-18: 감사보고서제출               | 2026-06-12: 기타경영사항(자율공시)               | 2026-06-11: 의결권대리행사권유참고서류,9
CJ프레시웨이,051500,0,OK,,,,2026-06-12: 임원ㆍ주요주주특정증권등소유상황보고서 | 2026-06-01: 주식등의대량보유상황보고서(약식) | 2026-06-01: 대규모기업집단현황공시[연1회공시및1/4분기용(개별회사)],3
하나제약,293480,0,OK,,,,2026-06-11: 불성실공시법인지정예고               | 2026-06-11: 타법인주식및출자증권처분결정               | 2026-06-02: 최대주주등소유주식변동신고서               | 2026-06-02: 임원ㆍ주요주주특정증권등소유상황보고서 | 2026-06-02: 임원ㆍ주요주주특정증권등소유상황보고서,6
신영와코루,005800,0,OK,,,,2026-06-17: 임원ㆍ주요주주특정증권등소유상황보고서 | 2026-06-05: [기재정정]기업지배구조보고서공시               | 2026-06-01: 기업지배구조보고서공시              ,3
와이바이오로직스,338840,0,OK,,,,2026-06-23: 임원ㆍ주요주주특정증권등소유상황보고서 | 2026-06-17: 임원ㆍ주요주주특정증권등소유상황보고서 | 2026-06-12: 의결권대리행사권유참고서류 | 2026-06-12: 주주총회소집공고 | 2026-06-10: 임원ㆍ주요주주특정증권등소유상황보고서,6
파라텍,033540,0,OK,,,,2026-06-26: 임시주주총회결과               | 2026-06-09: 의결권대리행사권유참고서류 | 2026-06-09: 주주총회소집공고 | 2026-06-02: 임원ㆍ주요주주특정증권등소유상황보고서 | 2026-06-02: 임원ㆍ주요주주특정증권등소유상황보고서,8
디앤디플랫폼리츠,377190,0,OK,,,,2026-06-25: 임원ㆍ주요주주특정증권등소유상황보고서 | 2026-06-18: 임원ㆍ주요주주특정증권등소유상황보고서 | 2026-06-18: 주식등의대량보유상황보고서(약식) | 2026-06-11: 임원ㆍ주요주주특정증권등소유상황보고서 | 2026-06-10: 정기주주총회결과              ,9
리드코프,012700,0,OK,,,,2026-06-26: 주식등의대량보유상황보고서(일반) | 2026-06-19: 주식등의대량보유상황보고서(일반) | 2026-06-12: 주식등의대량보유상황보고서(일반) | 2026-06-12: 임원ㆍ주요주주특정증권등소유상황보고서 | 2026-06-11: 자기주식처분결과보고서,6
아이센스,099190,0,OK,,,,2026-06-24: 임원ㆍ주요주주특정증권등소유상황보고서 | 2026-06-09: 임원ㆍ주요주주특정증권등소유상황보고서 | 2026-06-01: 임원ㆍ주요주주특정증권등소유상황보고서,3
평화산업,090080,0,OK,,,,2026-06-25: 임원ㆍ주요주주특정증권등거래계획보고서 | 2026-06-05: 임원ㆍ주요주주특정증권등소유상황보고서 | 2026-06-05: 최대주주등소유주식변동신고서               | 2026-06-04: 임원ㆍ주요주주특정증권등소유상황보고서 | 2026-06-04: 최대주주등소유주식변동신고서              ,8
일동제약,249420,0,OK,,,,2026-06-17: 합병등종료보고서(합병) | 2026-06-04: 지속가능경영보고서등관련사항(자율공시)               | 2026-05-29: 기업지배구조보고서공시              ,3
오비고,352910,0,OK,,,,2026-06-10: 임원ㆍ주요주주특정증권등소유상황보고서 | 2026-06-10: 주식등의대량보유상황보고서(일반) | 2026-06-05: 임원ㆍ주요주주특정증권등소유상황보고서 | 2026-06-05: 주식등의대량보유상황보고서(일반) | 2026-05-29: 임원ㆍ주요주주특정증권등소유상황보고서,6
세종텔레콤,036630,0,OK,,,,2026-06-12: 임원ㆍ주요주주특정증권등거래계획철회보고서 | 2026-06-12: 임원ㆍ주요주주특정증권등소유상황보고서 | 2026-06-12: 주식등의대량보유상황보고서(일반),3
코스모로보틱스,439960,0,OK,,,,2026-06-23: 주식등의대량보유상황보고서(약식) | 2026-06-18: 임원ㆍ주요주주특정증권등소유상황보고서 | 2026-06-18: 주식등의대량보유상황보고서(약식) | 2026-06-18: 임원ㆍ주요주주특정증권등소유상황보고서 | 2026-06-18: 임원ㆍ주요주주특정증권등소유상황보고서,8
NH농우바이오,054050,0,OK,,,,2026-06-24: 약관에의한금융거래시계열금융회사의거래상대방의공시 | 2026-06-10: 임원ㆍ주요주주특정증권등소유상황보고서 | 2026-06-08: [기재정정]분기보고서 (2026.03) | 2026-06-01: 기업설명회(IR)개최               | 2026-06-01: 대규모기업집단현황공시[연1회공시및1/4분기용(개별회사)],6
우리금융캐피탈,033660,0,OK,,,,2026-06-26: 증권발행실적보고서 | 2026-06-25: 투자설명서(일괄신고) | 2026-06-25: 일괄신고추가서류 | 2026-06-24: 증권발행실적보고서 | 2026-06-23: 투자설명서(일괄신고),12
NH프라임리츠,338100,0,OK,,,,2026-06-09: 기타경영사항(자율공시)               | 2026-06-08: 주식등의대량보유상황보고서(약식) | 2026-05-29: 기업지배구조보고서공시              ,3
판타지오,032800,0,OK,,,,2026-06-18: 전환가액의조정              (제7회차) | 2026-06-15: 주주명부폐쇄기간또는기준일설정               | 2026-06-10: 기타시장안내              (최대주주의 의무보유 이행 관련) | 2026-06-05: 주식등의대량보유상황보고서(일반),4
지아이이노베이션,358570,0,OK,,,,"2026-06-08: 투자판단관련주요경영사항(임상시험계획변경승인신청)              (진행성 또는 전이성 고형암 시험대상자를 대상으로 GI108 단일 요법의 안전성, 내약성, 약동학 및 치료효과를 평가하기 위한 제1/2a상 임상시험 계획 변경승인신청) | 2026-06-08: 주식등의대량보유상황보고서(일반) | 2026-06-05: 임원ㆍ주요주주특정증권등소유상황보고서 | 2026-06-05: 임원ㆍ주요주주특정증권등소유상황보고서 | 2026-06-05: 임원ㆍ주요주주특정증권등소유상황보고서",9
삼양홀딩스,000070,0,OK,,,,2026-06-25: 지속가능경영보고서등관련사항(자율공시)               | 2026-06-18: 타인에대한채무보증결정(자회사의 주요경영사항)               | 2026-06-18: 타법인주식및출자증권취득결정(자회사의 주요경영사항)               | 2026-06-01: 기업지배구조보고서공시               | 2026-06-01: 대규모기업집단현황공시[연1회(동일인용)],6
덴티움,145720,0,OK,,,,2026-06-16: 소송등의제기ㆍ신청(경영권분쟁소송)               | 2026-06-10: 소송등의제기ㆍ신청(경영권분쟁소송)               | 2026-05-29: 기업지배구조보고서공시              ,3
삼성카드,029780,0,OK,,,,2026-06-26: 특수관계인과의수익증권거래 | 2026-06-26: 지속가능경영보고서등관련사항(자율공시)               | 2026-06-25: 증권발행실적보고서 | 2026-06-24: 투자설명서(일괄신고) | 2026-06-24: 일괄신고추가서류,18
한익스프레스,014130,0,OK,,,,2026-06-26: 주식등의대량보유상황보고서(일반) | 2026-06-26: 임원ㆍ주요주주특정증권등소유상황보고서 | 2026-06-26: 최대주주등소유주식변동신고서               | 2026-06-09: 임원ㆍ주요주주특정증권등소유상황보고서 | 2026-06-09: 최대주주등소유주식변동신고서              ,6
종근당홀딩스,001630,0,OK,,,,2026-06-25: [발행조건확정]증권신고서(채무증권) | 2026-06-25: [기재정정]증권신고서(채무증권) | 2026-06-24: 주식등의대량보유상황보고서(일반) | 2026-06-19: 증권신고서(채무증권) | 2026-06-11: 신규시설투자등(자회사의 주요경영사항)              ,8
미래에셋생명,085620,0,OK,,,,2026-06-26: [기재정정]특수관계인과의수익증권거래 | 2026-06-26: 특수관계인과의수익증권거래 | 2026-06-26: 특수관계인과의수익증권거래 | 2026-06-26: 특수관계인과의수익증권거래 | 2026-06-19: 풍문또는보도에대한해명              ,16
메디앙스,014100,0,OK,,,,2026-06-22: 주식등의대량보유상황보고서(일반) | 2026-06-15: 주식등의대량보유상황보고서(일반) | 2026-05-29: 주식등의대량보유상황보고서(일반),3
삼성FN리츠,448730,0,OK,,,,2026-06-25: 임원ㆍ주요주주특정증권등소유상황보고서 | 2026-06-18: 임원ㆍ주요주주특정증권등소유상황보고서 | 2026-06-11: 임원ㆍ주요주주특정증권등소유상황보고서 | 2026-06-11: 부동산투자회사부동산임대               | 2026-06-10: 기타경영사항(자율공시)              ,9
삼양엔씨켐,482630,0,OK,,,,2026-06-26: 임원ㆍ주요주주특정증권등소유상황보고서 | 2026-06-22: 임원ㆍ주요주주특정증권등소유상황보고서 | 2026-06-01: 대규모기업집단현황공시[연1회공시및1/4분기용(개별회사)],3
삼성에스디에스,018260,0,OK,,,,2026-06-26: 임원ㆍ주요주주특정증권등소유상황보고서 | 2026-06-25: 임원ㆍ주요주주특정증권등소유상황보고서 | 2026-06-22: 임원ㆍ주요주주특정증권등소유상황보고서 | 2026-06-01: 기업지배구조보고서공시               | 2026-06-01: 대규모기업집단현황공시[연1회공시및1/4분기용(개별회사)],5
신라섬유,001000,0,OK,,,,2026-06-26: 주주명부폐쇄기간또는기준일설정               | 2026-06-26: 주주총회소집결의              (임시주주총회) | 2026-06-26: 주식병합결정              ,3
동국홀딩스,001230,0,OK,,,,2026-06-24: 임시주주총회결과               | 2026-06-09: 의결권대리행사권유참고서류 | 2026-06-09: 주주총회소집공고 | 2026-06-01: 대규모기업집단현황공시[연1회(동일인용)] | 2026-06-01: 대규모기업집단현황공시[연1회공시및1/4분기용(대표회사)],6
케이비캐피탈,021960,0,OK,,,,2026-06-26: 투자설명서(일괄신고) | 2026-06-26: 일괄신고추가서류 | 2026-06-26: 효력발생안내( 2026.6.18. 제출 일괄신고서 ) | 2026-06-18: 일괄신고서 | 2026-06-18: 증권발행실적보고서,7
아주스틸,139990,0,OK,,,,2026-06-25: 단기차입금증가결정               | 2026-06-12: 임원ㆍ주요주주특정증권등소유상황보고서 | 2026-06-11: 전환가액ㆍ신주인수권행사가액ㆍ교환가액의조정(안내공시)               | 2026-06-01: 기업지배구조보고서공시               | 2026-06-01: 대규모기업집단현황공시[연1회공시및1/4분기용(개별회사)],5
미트박스,475460,0,OK,,,,2026-06-19: 임원ㆍ주요주주특정증권등소유상황보고서 | 2026-06-18: 타법인주식및출자증권취득결정               | 2026-06-12: 기업설명회(IR)개최               | 2026-06-11: 임원ㆍ주요주주특정증권등소유상황보고서 | 2026-06-01: 임원ㆍ주요주주특정증권등소유상황보고서,12
대한제당,001790,0,OK,,,,2026-06-10: 임원ㆍ주요주주특정증권등소유상황보고서 | 2026-06-10: 임원ㆍ주요주주특정증권등소유상황보고서 | 2026-06-10: 임원ㆍ주요주주특정증권등소유상황보고서 | 2026-06-10: 임원ㆍ주요주주특정증권등소유상황보고서 | 2026-06-10: 임원ㆍ주요주주특정증권등소유상황보고서,7
한중엔시에스,107640,0,OK,,,,2026-06-22: 주식등의대량보유상황보고서(일반) | 2026-06-04: [기재정정]주주총회소집결의              (임시주주총회) | 2026-06-02: 주주총회소집결의              (임시주주총회) | 2026-06-02: 주주명부폐쇄기간또는기준일설정              ,4
한국미라클피플사,331660,0,OK,,,,2026-06-26: [기재정정]주식매수선택권부여에관한신고 | 2026-06-18: 기업설명회(IR)개최               | 2026-06-15: 기업설명회(IR)개최결과               | 2026-06-01: 기업설명회(IR)개최              ,4
HS효성첨단소재,298050,0,OK,,,,2026-06-26: 타인에대한채무보증결정               | 2026-06-05: 최대주주등소유주식변동신고서               | 2026-06-05: 임원ㆍ주요주주특정증권등소유상황보고서 | 2026-06-02: 타인에대한채무보증결정               | 2026-06-02: 타인에대한채무보증결정              ,7
세아홀딩스,058650,0,OK,,,,2026-06-26: 현금ㆍ현물배당결정(자회사의 주요경영사항)               | 2026-06-26: 현금ㆍ현물배당을위한주주명부폐쇄(기준일)결정(자회사의 주요경영사항)               | 2026-06-10: 임원ㆍ주요주주특정증권등소유상황보고서 | 2026-06-10: 주식등의대량보유상황보고서(일반) | 2026-06-10: 최대주주등소유주식변동신고서              ,10
포스코퓨처엠,003670,0,OK,,,,2026-06-24: 지속가능경영보고서등관련사항(자율공시)               | 2026-06-17: [기재정정]임원ㆍ주요주주특정증권등소유상황보고서 | 2026-06-17: 임원ㆍ주요주주특정증권등소유상황보고서 | 2026-06-15: 기업설명회(IR)개최(안내공시)               | 2026-05-29: 기업지배구조보고서공시              ,5
와이제이링크,209640,0,OK,,,,2026-06-18: 중간(분기)배당을위한주주명부폐쇄(기준일)결정               | 2026-06-18: 주요사항보고서(자기주식취득신탁계약체결결정) | 2026-06-02: 주식등의대량보유상황보고서(일반),3
웨이버스,336060,0,OK,,,,2026-06-12: 주주총회소집공고 | 2026-06-10: 주식등의대량보유상황보고서(일반) | 2026-06-02: 임원ㆍ주요주주특정증권등소유상황보고서,3
LS에코에너지,229640,0,OK,,,,2026-06-11: 타인에대한채무보증결정               | 2026-06-01: 대규모기업집단현황공시[연1회공시및1/4분기용(개별회사)] | 2026-05-29: 기업지배구조보고서공시              ,3
HS애드,035000,0,OK,,,,2026-06-09: 임원ㆍ주요주주특정증권등거래계획보고서 | 2026-06-04: 임원ㆍ주요주주특정증권등소유상황보고서 | 2026-06-01: 대규모기업집단현황공시[연1회공시및1/4분기용(개별회사)] | 2026-05-29: 기업지배구조보고서공시              ,4
토탈소프트,045340,0,OK,,,,2026-06-08: 신탁계약에의한취득상황보고서 | 2026-06-08: [기재정정]자기주식취득결과보고서 | 2026-06-05: 자기주식취득결과보고서,3
피엔에이치테크,239890,0,OK,,,,2026-06-10: 주식등의대량보유상황보고서(일반) | 2026-06-10: 임원ㆍ주요주주특정증권등소유상황보고서 | 2026-06-01: 주식등의대량보유상황보고서(약식),3
제노레이,122310,0,OK,,,,2026-06-18: 주식등의대량보유상황보고서(일반) | 2026-06-15: 중간(분기)배당을위한주주명부폐쇄(기준일)결정               | 2026-06-11: 주식등의대량보유상황보고서(일반) | 2026-06-11: 임원ㆍ주요주주특정증권등소유상황보고서,4
지누스,013890,0,OK,,,,2026-06-04: 주식등의대량보유상황보고서(약식) | 2026-05-29: 기업지배구조보고서공시               | 2026-05-29: 대규모기업집단현황공시[연1회공시및1/4분기용(개별회사)],3
사조동아원,008040,0,OK,,,,2026-06-22: 주주총회소집결의               | 2026-06-22: 주주명부폐쇄기간또는기준일설정               | 2026-06-22: 주식병합결정               | 2026-06-01: 기업지배구조보고서공시               | 2026-05-29: 대규모기업집단현황공시[연1회공시및1/4분기용(개별회사)],5
케이카,381970,0,OK,,,,2026-06-26: [기재정정]주식등의대량보유상황보고서(일반) | 2026-06-25: 주식등의대량보유상황보고서(일반) | 2026-06-25: 주식등의대량보유상황보고서(일반) | 2026-06-22: 의결권대리행사권유참고서류 | 2026-06-22: 주주총회소집공고,7
아주IB투자,027360,0,OK,,,,2026-06-17: 임원ㆍ주요주주특정증권등소유상황보고서 | 2026-06-17: 주식등의대량보유상황보고서(일반) | 2026-06-10: 임원ㆍ주요주주특정증권등소유상황보고서 | 2026-06-10: 주식등의대량보유상황보고서(일반) | 2026-06-02: 임원ㆍ주요주주특정증권등소유상황보고서,6
현대그린푸드,453340,0,OK,,,,2026-06-08: 기업설명회(IR)개최(안내공시)               | 2026-05-29: 기업지배구조보고서공시               | 2026-05-29: 대규모기업집단현황공시[연1회공시및1/4분기용(개별회사)],3
HD현대에너지솔루션,322000,0,OK,,,,2026-06-01: [기재정정]대규모기업집단현황공시[연1회공시및1/4분기용(개별회사)] | 2026-05-29: 기업지배구조보고서공시               | 2026-05-29: 대규모기업집단현황공시[연1회공시및1/4분기용(개별회사)],3
금양,001570,0,OK,,,,2026-06-24: [기재정정]타법인주식및출자증권취득결정               | 2026-06-08: [기재정정]사업보고서 (2025.12) | 2026-05-29: 기업지배구조보고서공시              ,3
버킷스튜디오,066410,0,OK,,,,2026-06-15: 기타시장안내              (상장적격성 실질심사 사유추가 안내) | 2026-06-15: 불성실공시법인지정              (공시번복) | 2026-06-15: 주주총회소집공고 | 2026-06-15: [기재정정]주주총회소집결의              (임시주주총회) | 2026-06-11: [기재정정]기타경영사항(자율공시)              ((주)버킷스튜디오 최대주주 변경 재추진),8
뉴로메카,348340,0,OK,,,,2026-06-24: 기업설명회(IR)개최               | 2026-06-18: 권리락              (유상증자) | 2026-06-18: 투자설명서 | 2026-06-18: [발행조건확정]증권신고서(지분증권) | 2026-06-18: [기재정정]주요사항보고서(유무상증자결정),11
현대백화점,069960,0,OK,,,,2026-06-24: 기업설명회(IR)개최(안내공시)               | 2026-06-24: 최대주주등소유주식변동신고서               | 2026-06-24: 임원ㆍ주요주주특정증권등소유상황보고서 | 2026-06-24: 주식등의대량보유상황보고서(일반) | 2026-06-17: 기업설명회(IR)개최(안내공시)              ,11
현대글로비스,086280,0,OK,,,,2026-06-17: 특수관계인에대한출자 | 2026-05-29: 대규모기업집단현황공시[연1회공시및1/4분기용(개별회사)] | 2026-05-29: 기업지배구조보고서공시              ,3
티엘비,356860,0,OK,,,,2026-06-25: 임원ㆍ주요주주특정증권등소유상황보고서 | 2026-06-25: 주식등의대량보유상황보고서(일반) | 2026-06-19: 임원ㆍ주요주주특정증권등소유상황보고서 | 2026-06-19: 임원ㆍ주요주주특정증권등소유상황보고서 | 2026-06-19: 임원ㆍ주요주주특정증권등소유상황보고서,13
롯데렌탈,089860,0,OK,,,,2026-06-22: 타인에대한채무보증결정(자율공시)               | 2026-06-22: 타인에대한채무보증결정               | 2026-06-12: [기재정정]기업설명회(IR)개최(안내공시)               | 2026-06-12: 기업설명회(IR)개최(안내공시)               | 2026-05-29: 대규모기업집단현황공시[연1회공시및1/4분기용(개별회사)],6
흥아해운,003280,0,OK,,,,2026-06-01: 신규시설투자등               | 2026-06-01: [기재정정]대규모기업집단현황공시[연1회공시및1/4분기용(개별회사)] | 2026-06-01: 기업지배구조보고서공시               | 2026-06-01: 대규모기업집단현황공시[연1회공시및1/4분기용(개별회사)],4
조이시티,067000,0,OK,,,,2026-06-24: 기업설명회(IR)개최               | 2026-06-22: 주식등의대량보유상황보고서(일반) | 2026-06-18: 임원ㆍ주요주주특정증권등거래계획보고서 | 2026-06-16: 주식등의대량보유상황보고서(일반),4
캐리,313760,0,OK,,,,2026-06-22: 타인에대한담보제공결정               | 2026-06-22: 타인에대한채무보증결정               | 2026-06-01: [기재정정]파산신청기각              ,3
아모텍,052710,0,OK,,,,2026-06-24: 권리락              (유상증자) | 2026-06-24: 투자설명서 | 2026-06-24: [발행조건확정]증권신고서(지분증권) | 2026-06-24: [기재정정]주요사항보고서(유무상증자결정) | 2026-06-24: 유상증자1차발행가액결정              ,8
대덕,008060,0,OK,,,,2026-06-23: 지주회사의자회사탈퇴               | 2026-06-23: 타법인주식및출자증권취득결정(자회사의 주요경영사항)               | 2026-05-29: 기업지배구조보고서공시              ,3
엔에스쇼핑,138250,0,OK,,,,2026-06-05: 특수관계인에대한출자 | 2026-06-05: [기재정정]영업양수결정 | 2026-05-29: 대규모기업집단현황공시[연1회공시및1/4분기용(개별회사)],3
삼익제약,014950,0,OK,,,,2026-06-25: 주식등의대량보유상황보고서(약식) | 2026-06-18: 주주총회소집공고 | 2026-06-08: 주식등의대량보유상황보고서(일반) | 2026-06-08: 임원ㆍ주요주주특정증권등소유상황보고서 | 2026-06-04: 임원ㆍ주요주주특정증권등소유상황보고서,5
ISC,095340,0,OK,,,,2026-06-05: 기업설명회(IR)개최               | 2026-06-02: 주식등의대량보유상황보고서(약식) | 2026-05-29: 대규모기업집단현황공시[연1회공시및1/4분기용(개별회사)],3
SK텔레콤,017670,0,OK,,,,2026-06-26: 동일인등출자계열회사와의상품ㆍ용역거래변경 | 2026-06-26: 특수관계인과의내부거래 | 2026-06-26: 특수관계인에대한자산양도 | 2026-06-25: 투자판단관련주요경영사항               | 2026-06-08: 풍문또는보도에대한해명              ,8
모아텍,033200,0,OK,,,,2026-06-25: 정기주주총회결과               | 2026-06-16: 사업보고서 (2026.03) | 2026-06-16: 감사보고서제출               | 2026-06-09: 주주총회소집공고,4
대상,001680,0,OK,,,,2026-06-26: [기재정정]주주명부폐쇄기간또는기준일설정               | 2026-06-19: 주주명부폐쇄기간또는기준일설정               | 2026-06-01: 기업지배구조보고서공시              ,3
휴스틸,005010,0,OK,,,,2026-06-24: 임원ㆍ주요주주특정증권등소유상황보고서 | 2026-06-02: [기재정정]사업보고서 (2025.12) | 2026-05-29: 기업지배구조보고서공시              ,3
동구바이오제약,006620,0,OK,,,,2026-06-25: [기재정정]사업보고서 (2025.12) | 2026-06-11: 주식등의대량보유상황보고서(일반) | 2026-06-05: 주식등의대량보유상황보고서(일반),3
대한약품,023910,0,OK,,,,2026-06-22: 임원ㆍ주요주주특정증권등소유상황보고서 | 2026-06-12: 임원ㆍ주요주주특정증권등소유상황보고서 | 2026-06-05: 임원ㆍ주요주주특정증권등소유상황보고서,3
제이엔케이글로벌,126880,0,OK,,,,2026-06-17: 주식등의대량보유상황보고서(일반) | 2026-06-17: 임원ㆍ주요주주특정증권등소유상황보고서 | 2026-06-04: 주식등의대량보유상황보고서(일반) | 2026-06-04: 임원ㆍ주요주주특정증권등소유상황보고서 | 2026-06-02: 주식등의대량보유상황보고서(일반),6
대동고려삼,178600,0,OK,,,,2026-06-22: 현금ㆍ현물배당을위한주주명부폐쇄(기준일)결정               | 2026-06-22: 주주명부폐쇄기간또는기준일설정               | 2026-06-19: 기업설명회(IR)개최결과              ,3
SK디스커버리,006120,0,OK,,,,2026-06-22: [기재정정]타법인주식및출자증권취득결정(자회사의 주요경영사항)               | 2026-06-17: 주식등의대량보유상황보고서(일반) | 2026-06-12: [기재정정]타인에대한채무보증결정(자회사의 주요경영사항)               | 2026-06-08: 신탁계약에의한취득상황보고서 | 2026-06-04: [기재정정]타법인주식및출자증권취득결정(자회사의 주요경영사항)              ,9
에스엘,005850,0,OK,,,,2026-06-25: [첨부정정]지속가능경영보고서등관련사항(자율공시)               | 2026-06-18: 지속가능경영보고서등관련사항(자율공시)               | 2026-06-01: 기업지배구조보고서공시              ,3
동원산업,006040,0,OK,,,,2026-06-18: 불성실공시법인지정예고               | 2026-06-02: 특수관계인에대한담보제공 | 2026-06-02: 최대주주등소유주식변동신고서               | 2026-06-02: 주식등의대량보유상황보고서(일반) | 2026-06-01: [기재정정]대규모기업집단현황공시[연1회공시및1/4분기용(대표회사)],8
경동나비엔,009450,0,OK,,,,2026-06-25: [기재정정]신규시설투자등               | 2026-06-10: [기재정정]신규시설투자등               | 2026-06-01: 기업지배구조보고서공시              ,3
온코닉테라퓨틱스,476060,0,OK,,,,2026-06-12: 임원ㆍ주요주주특정증권등소유상황보고서 | 2026-06-10: [기재정정]투자판단관련주요경영사항(임상시험계획변경승인신청)              (자큐보정(JP1366)(자스타프라잔시트르산염) 기반 삼제요법의 헬리코박터 파일로리 양성 환자 대상 유효성 및 안전성 평가를 위한 제3상 임상시험계획승인(변경승인) 신청) | 2026-06-02: 투자판단관련주요경영사항(임상시험계획변경승인)              (자큐보구강붕해정(JLP-2302)의 비위관투여 시 약동학 및 안전성 비교 평가를 위한 제1상 임상시험계획승인(변경승인)) | 2026-06-01: 투자판단관련주요경영사항(임상시험계획변경승인신청)              (자큐보정(JP-1366)(자스타프라잔시트르산염) 기반 삼제요법의 헬리코박터 파일로리 양성 환자 대상 유효성 및 안전성 평가를 위한 제3상 임상시험계획승인(변경승인) 신청),4
선진,136490,0,OK,,,,2026-06-08: 주식등의대량보유상황보고서(일반) | 2026-05-29: 기업지배구조보고서공시               | 2026-05-29: 대규모기업집단현황공시[연1회공시및1/4분기용(개별회사)],3
하이젠알앤엠,160190,0,OK,,,,2026-06-23: [기재정정]임시주주총회결과               | 2026-06-23: [기재정정]신규시설투자등               | 2026-06-23: 임시주주총회결과               | 2026-06-17: [기재정정]사업보고서 (2025.12) | 2026-06-08: 의결권대리행사권유참고서류,10
동아쏘시오홀딩스,000640,0,OK,,,,2026-06-18: 정보보호현황(자율공시)               | 2026-06-18: 지속가능경영보고서등관련사항(자율공시)               | 2026-05-29: 기업지배구조보고서공시              ,3
우리은행,000030,0,OK,,,,2026-06-18: 증권발행실적보고서 | 2026-06-17: 투자설명서(일괄신고) | 2026-06-17: 일괄신고추가서류 | 2026-06-11: 증권발행실적보고서 | 2026-06-10: 투자설명서(일괄신고),12
대교,019680,0,OK,,,,2026-06-09: [기재정정]분기보고서 (2026.03) | 2026-06-09: [기재정정]사업보고서 (2025.12) | 2026-06-01: 최대주주등소유주식변동신고서               | 2026-06-01: 주식등의대량보유상황보고서(일반) | 2026-05-29: 기업지배구조보고서공시              ,5
KG이니시스,035600,0,OK,,,,2026-06-25: 특수관계인에대한출자 | 2026-06-25: 특수관계인과의내부거래 | 2026-06-23: 타인에대한채무보증결정               | 2026-06-23: 타법인주식및출자증권취득결정(종속회사의주요경영사항)               | 2026-06-23: 타법인주식및출자증권취득결정              ,10
에스케이바이오팜,326030,0,OK,,,,2026-06-22: 투자판단관련주요경영사항              (Insilico Medicine과의 공동연구개발 파트너십 계약 체결) | 2026-06-19: 지속가능경영보고서등관련사항(자율공시)               | 2026-06-01: 기업지배구조보고서공시               | 2026-05-29: 대규모기업집단현황공시[연1회공시및1/4분기용(개별회사)],4
루켄테크놀러지스,162120,0,OK,,,,2026-06-18: 기업설명회(IR)개최               | 2026-06-16: 기업설명회(IR)개최결과               | 2026-06-16: 조회공시요구(풍문또는보도)에대한답변(미확정)               | 2026-06-15: 조회공시요구(풍문또는보도)              (코스닥시장 이전상장 추진설) | 2026-06-01: 기업설명회(IR)개최              ,5
테크윙,089030,0,OK,,,,2026-06-23: [기재정정]사업보고서 (2025.12) | 2026-06-18: 주식등의대량보유상황보고서(약식) | 2026-06-18: 기업설명회(IR)개최               | 2026-06-02: 주식등의대량보유상황보고서(약식),4
삼양바이오팜,0120G0,0,OK,,,,2026-06-25: 지속가능경영보고서등관련사항(자율공시)               | 2026-06-01: 기업지배구조보고서공시               | 2026-06-01: 대규모기업집단현황공시[연1회공시및1/4분기용(개별회사)],3
부산산업,011390,0,OK,,,,2026-06-01: 기업지배구조보고서공시 | 2026-05-29: 임시주주총회결과               | 2026-05-29: 대표이사(대표집행임원)변경(안내공시)              ,3
씨엠티엑스,388210,0,OK,,,,2026-06-19: 기업설명회(IR)개최               | 2026-06-16: 주주총회소집결의              (임시주주총회) | 2026-06-16: 주주명부폐쇄기간또는기준일설정              ,3
웅진씽크빅,095720,0,OK,,,,2026-06-05: 임원ㆍ주요주주특정증권등소유상황보고서 | 2026-06-05: 임원ㆍ주요주주특정증권등소유상황보고서 | 2026-06-05: 임원ㆍ주요주주특정증권등소유상황보고서 | 2026-06-05: 임원ㆍ주요주주특정증권등소유상황보고서 | 2026-06-05: 임원ㆍ주요주주특정증권등소유상황보고서,9
콜마비앤에이치,200130,0,OK,,,,2026-06-26: 지속가능경영보고서등관련사항(자율공시)               | 2026-06-25: 임원ㆍ주요주주특정증권등소유상황보고서 | 2026-06-19: 주식등의대량보유상황보고서(일반) | 2026-06-12: 주식등의대량보유상황보고서(일반) | 2026-06-05: 주식등의대량보유상황보고서(일반),6
OCI홀딩스,010060,0,OK,,,,2026-06-25: 특수관계인에대한자금대여 | 2026-06-25: 특수관계인에대한주식의처분 | 2026-06-25: 타법인주식및출자증권취득결정(자회사의 주요경영사항)               | 2026-06-25: [기재정정]타인에대한채무보증결정               | 2026-06-25: [기재정정]타인에대한채무보증결정              ,13
아티스트스튜디오,200350,0,OK,,,,2026-06-02: 임원ㆍ주요주주특정증권등거래계획보고서 | 2026-06-02: 임원ㆍ주요주주특정증권등거래계획보고서 | 2026-06-02: 주식등의대량보유상황보고서(일반),3
기업은행,024110,0,OK,,,,2026-06-25: 주요사항보고서(상각형조건부자본증권발행결정) | 2026-06-25: 지속가능경영보고서등관련사항(자율공시)               | 2026-06-09: 기업설명회(IR)개최(안내공시)               | 2026-06-09: 기업설명회(IR)개최(안내공시)               | 2026-05-29: 기업설명회(IR)개최(안내공시)              ,5
크라우드웍스,355390,0,OK,,,,2026-06-18: [기재정정]주주총회소집공고 | 2026-06-18: 의결권대리행사권유참고서류 | 2026-06-18: 주주총회소집공고 | 2026-06-18: [기재정정]주주총회소집결의               | 2026-06-10: [기재정정]주요사항보고서(타법인주식및출자증권양수결정),6
사조오양,006090,0,OK,,,,2026-06-08: 최대주주등소유주식변동신고서               | 2026-06-08: 임원ㆍ주요주주특정증권등소유상황보고서 | 2026-06-08: 주식등의대량보유상황보고서(일반) | 2026-06-01: 기업지배구조보고서공시               | 2026-05-29: 최대주주등소유주식변동신고서              ,7
SKC,011790,0,OK,,,,2026-06-10: [기재정정]사업보고서 (2025.12) | 2026-06-09: 주식등의대량보유상황보고서(일반) | 2026-06-09: 주식등의대량보유상황보고서(일반) | 2026-06-02: [기재정정]주식등의대량보유상황보고서(일반) | 2026-06-01: 전환청구권ㆍ신주인수권ㆍ교환청구권행사              ,10
애경산업,018250,0,OK,,,,2026-06-18: 특수관계인과의보험거래 | 2026-06-18: 지속가능경영보고서등관련사항(자율공시)               | 2026-06-15: 합병등종료보고서(합병) | 2026-06-01: 대규모기업집단현황공시[연1회공시및1/4분기용(개별회사)] | 2026-05-29: 기업지배구조보고서공시              ,5
기신정기,092440,0,OK,,,,2026-06-22: 사외이사의선임ㆍ해임또는중도퇴임에관한신고 | 2026-06-19: 정기주주총회결과               | 2026-06-11: 사업보고서 (2026.03) | 2026-06-10: 감사보고서제출               | 2026-06-01: 주주총회소집공고,6
휴메딕스,200670,0,OK,,,,2026-06-09: 기업설명회(IR)개최               | 2026-06-09: 주요사항보고서(자기주식취득신탁계약체결결정) | 2026-06-02: 기업설명회(IR)개최              ,3
코스맥스,192820,0,OK,,,,2026-06-25: 주식등의대량보유상황보고서(약식) | 2026-06-23: 기업설명회(IR)개최(안내공시)               | 2026-06-15: 기업설명회(IR)개최(안내공시)               | 2026-06-11: 기업설명회(IR)개최(안내공시)               | 2026-06-01: 기업지배구조보고서공시              ,5
코스맥스비티아이,044820,0,OK,,,,2026-06-26: 타인에대한담보제공결정               | 2026-06-26: 주식등의대량보유상황보고서(일반) | 2026-06-26: 타인에대한담보제공결정               | 2026-06-01: 기업지배구조보고서공시              ,4
서울반도체,046890,0,OK,,,,2026-06-25: 임시주주총회결과               | 2026-06-02: 의결권대리행사권유참고서류 | 2026-06-02: 주주총회소집공고,3
대동기어,008830,0,OK,,,,2026-06-22: 조회공시요구(현저한시황변동)에대한답변(중요정보없음)               | 2026-06-19: 조회공시요구(현저한시황변동)               | 2026-06-10: 권리락              (유상증자) | 2026-06-10: 투자설명서 | 2026-06-10: [발행조건확정]증권신고서(지분증권),8
종근당,185750,0,OK,,,,2026-06-26: 주식등의대량보유상황보고서(약식) | 2026-06-24: 주식등의대량보유상황보고서(일반) | 2026-06-11: 신규시설투자등               | 2026-06-10: 풍문또는보도에대한해명(미확정)               | 2026-06-01: 주식등의대량보유상황보고서(약식),6
인바이츠바이오코아,216400,0,OK,,,,2026-06-22: 기업설명회(IR)개최결과               | 2026-06-12: [기재정정]사업보고서 (2025.12) | 2026-06-09: 기업설명회(IR)개최              ,3
한국타이어앤테크놀로지,161390,0,OK,,,,2026-06-25: 동일인등출자계열회사와의상품ㆍ용역거래 | 2026-06-09: 주식등의대량보유상황보고서(일반) | 2026-06-08: 주식등의대량보유상황보고서(약식) | 2026-06-01: 기업지배구조보고서공시               | 2026-06-01: 대규모기업집단현황공시[연1회공시및1/4분기용(개별회사)],5
바스칸바이오제약,354390,0,OK,,,,2026-06-18: 기업설명회(IR)개최               | 2026-06-10: 기업설명회(IR)개최결과               | 2026-06-01: 대규모기업집단현황공시[연1회공시및1/4분기용(개별회사)],3
조아제약,034940,0,OK,,,,2026-06-24: 조회공시요구(현저한시황변동)에대한답변(중요정보없음)               | 2026-06-23: 조회공시요구(현저한시황변동)               | 2026-06-19: 의결권대리행사권유참고서류 | 2026-06-19: 주주총회소집공고,4
대화제약,067080,0,OK,,,,2026-06-12: 임원ㆍ주요주주특정증권등소유상황보고서 | 2026-06-11: [기재정정]타인에대한담보제공결정               | 2026-06-11: [기재정정]타인에대한담보제공결정               | 2026-06-11: [기재정정]타인에대한채무보증결정               | 2026-06-11: 중간(분기)배당을위한주주명부폐쇄(기준일)결정              ,5
한독,002390,0,OK,,,,2026-06-18: 주식등의대량보유상황보고서(일반) | 2026-06-12: 주식등의대량보유상황보고서(일반) | 2026-06-04: 주식등의대량보유상황보고서(일반) | 2026-06-04: 임원ㆍ주요주주특정증권등소유상황보고서 | 2026-06-02: 최대주주등소유주식변동신고서              ,7
유나이티드,033270,0,OK,,,,2026-06-02: 주식등의대량보유상황보고서(일반) | 2026-06-02: 최대주주등소유주식변동신고서               | 2026-05-29: 기업지배구조보고서공시               | 2026-05-29: 소송등의판결ㆍ결정(일정금액이상의청구)              ,4
부광약품,003000,0,OK,,,,2026-06-02: 투자판단관련주요경영사항              ((라투다정의 추가 적응증 3상 임상시험계획(IND) 승인) | 2026-06-01: 기업지배구조보고서공시               | 2026-05-29: 대규모기업집단현황공시[연1회공시및1/4분기용(개별회사)],3
참엔지니어링,009310,0,OK,,,,2026-06-24: 임시주주총회결과               | 2026-06-23: 기타시장안내              (상장폐지 이의신청서 제출) | 2026-06-09: 의결권대리행사권유참고서류 | 2026-06-09: 주주총회소집공고 | 2026-06-09: [기재정정]주주총회소집결의              ,7
이녹스첨단소재,272290,0,OK,,,,2026-06-26: 주식등의대량보유상황보고서(일반) | 2026-06-26: 임원ㆍ주요주주특정증권등소유상황보고서 | 2026-06-17: 임원ㆍ주요주주특정증권등소유상황보고서,3
신풍,002870,0,OK,,,,2026-06-19: 조회공시요구(현저한시황변동)에대한답변(미확정)               | 2026-06-10: 주주명부폐쇄기간또는기준일설정               | 2026-06-10: 주주총회소집결의              ,3
유안타증권,003470,0,OK,,,,2026-06-26: 임원ㆍ주요주주특정증권등소유상황보고서 | 2026-06-26: 최대주주등소유주식변동신고서               | 2026-06-26: 증권발행실적보고서 | 2026-06-25: 임원ㆍ주요주주특정증권등소유상황보고서 | 2026-06-25: 임원ㆍ주요주주특정증권등소유상황보고서,74
LX세미콘,108320,0,OK,,,,2026-06-18: 주식등의대량보유상황보고서(약식) | 2026-06-01: 기업지배구조보고서공시               | 2026-05-29: 대규모기업집단현황공시[연1회공시및1/4분기용(개별회사)],3
신한서부티엔디리츠,404990,0,OK,,,,2026-06-25: 임원ㆍ주요주주특정증권등소유상황보고서 | 2026-06-18: 임원ㆍ주요주주특정증권등소유상황보고서 | 2026-06-11: 전환청구권ㆍ신주인수권ㆍ교환청구권행사               | 2026-06-11: 임원ㆍ주요주주특정증권등소유상황보고서 | 2026-06-11: 주주명부폐쇄기간또는기준일설정              ,7
에어레인,163280,0,OK,,,,2026-06-12: 합병등종료보고서(자산양수도) | 2026-06-01: 주식등의대량보유상황보고서(일반) | 2026-06-01: 임원ㆍ주요주주특정증권등소유상황보고서 | 2026-06-01: 임원ㆍ주요주주특정증권등소유상황보고서 | 2026-05-29: [기재정정]주요사항보고서(유형자산양도결정),5
현대차증권,001500,0,OK,,,,2026-06-26: 증권발행실적보고서 | 2026-06-26: 투자설명서(일괄신고) | 2026-06-26: 일괄신고추가서류(파생결합증권-주가연계증권) | 2026-06-26: 증권발행실적보고서 | 2026-06-25: 증권발행실적보고서,63
삼성증권,016360,0,OK,,,,2026-06-26: 투자설명서(일괄신고) | 2026-06-26: 일괄신고추가서류(기타파생결합증권) | 2026-06-26: 증권발행실적보고서 | 2026-06-26: 증권발행실적보고서 | 2026-06-26: 증권발행실적보고서,70
콘텐트리중앙,036420,0,OK,,,,2026-06-22: 풍문또는보도에대한해명(미확정)               | 2026-06-16: [기재정정]회생절차개시신청(종속회사의주요경영사항)               | 2026-06-16: [기재정정]주요사항보고서(회생절차개시신청) | 2026-06-15: [기재정정]타법인주식및출자증권취득결정               | 2026-06-15: 회생절차개시신청(종속회사의주요경영사항)              ,8
삼현,437730,0,OK,,,,2026-06-26: 임원ㆍ주요주주특정증권등소유상황보고서 | 2026-06-26: 임원ㆍ주요주주특정증권등소유상황보고서 | 2026-06-24: 임원ㆍ주요주주특정증권등소유상황보고서 | 2026-06-04: 자기주식취득결과보고서 | 2026-05-29: 주주명부폐쇄기간또는기준일설정              ,6
한국석유공업,004090,0,OK,,,,2026-06-10: [기재정정]주식등의대량보유상황보고서(일반) | 2026-06-10: 기업설명회(IR)개최(안내공시)               | 2026-06-10: 주식등의대량보유상황보고서(일반) | 2026-06-01: 기업지배구조보고서공시              ,4
영풍,000670,0,OK,,,,2026-06-26: 임원ㆍ주요주주특정증권등소유상황보고서 | 2026-06-24: [기재정정]회계처리기준위반에따른임원의해임권고조치               | 2026-06-10: 회계처리기준위반에따른임원의해임권고조치               | 2026-06-01: 대규모기업집단현황공시[연1회(동일인용)] | 2026-06-01: 대규모기업집단현황공시[연1회공시및1/4분기용(대표회사)],6
성일하이텍,365340,0,OK,,,,2026-06-19: 주식등의대량보유상황보고서(일반) | 2026-06-08: 주주명부폐쇄기간또는기준일설정               | 2026-06-08: 주주총회소집결의              (임시주주총회) | 2026-06-02: [기재정정]사업보고서 (2025.12),4
한화갤러리아,452260,0,OK,,,,2026-06-26: 특수관계인에대한자금대여 | 2026-06-26: [기재정정]특수관계인에대한출자 | 2026-06-26: 주요사항보고서(유형자산양수결정) | 2026-06-24: 투자판단관련주요경영사항               | 2026-06-11: 풍문또는보도에대한해명(미확정)              ,7
지오엘리먼트,311320,0,OK,,,,2026-06-16: 중간(분기)배당을위한주주명부폐쇄(기준일)결정               | 2026-06-16: [기재정정]현금ㆍ현물배당을위한주주명부폐쇄(기준일)결정               | 2026-06-01: 주식매수선택권부여에관한신고 | 2026-06-01: 사외이사의선임ㆍ해임또는중도퇴임에관한신고 | 2026-06-01: 임시주주총회결과              ,5
플래스크,041590,0,OK,,,,2026-06-15: 사외이사의선임ㆍ해임또는중도퇴임에관한신고 | 2026-06-15: 임시주주총회결과               | 2026-06-08: [기재정정]주권관련사채권의취득결정               | 2026-05-29: 주권관련사채권의취득결정              ,4
시너지이노베이션,048870,0,OK,,,,2026-06-23: 전환사채(해외전환사채포함)발행후만기전사채취득               | 2026-06-22: 전환사채(해외전환사채포함)발행후만기전사채취득               | 2026-06-15: [기재정정]주요사항보고서(타법인주식및출자증권양도결정) | 2026-06-05: 기타경영사항(자율공시)              (자기사채(제14회차 전환사채) 소각 결정의 건),4
포스코DX,022100,0,OK,,,,2026-06-26: 임원ㆍ주요주주특정증권등소유상황보고서 | 2026-06-23: 지속가능경영보고서등관련사항(자율공시)               | 2026-06-17: 현금ㆍ현물배당결정               | 2026-06-17: 현금ㆍ현물배당을위한주주명부폐쇄(기준일)결정               | 2026-06-12: 임원ㆍ주요주주특정증권등소유상황보고서,6
서울도시가스,017390,0,OK,,,,2026-06-19: 최대주주등소유주식변동신고서               | 2026-06-19: 임원ㆍ주요주주특정증권등소유상황보고서 | 2026-05-29: 기업지배구조보고서공시              ,3
GS글로벌,001250,0,OK,,,,2026-06-17: [기재정정]타인에대한채무보증결정               | 2026-06-17: 특수관계인으로부터받은담보 | 2026-06-12: 타인에대한채무보증결정               | 2026-06-01: 대규모기업집단현황공시[연1회공시및1/4분기용(개별회사)] | 2026-05-29: 기업지배구조보고서공시              ,5
한국제지,027970,0,OK,,,,2026-06-12: [기재정정]벌금등의부과               | 2026-05-29: 기업지배구조보고서공시               | 2026-05-29: 주주총회소집공고 | 2026-05-29: 주주총회소집결의               | 2026-05-29: 주주명부폐쇄기간또는기준일설정              ,6
코퍼스코리아,322780,0,OK,,,,2026-06-19: 금전대여결정               | 2026-06-10: 주식등의대량보유상황보고서(약식) | 2026-06-02: 주식등의대량보유상황보고서(약식) | 2026-06-01: 임원ㆍ주요주주특정증권등소유상황보고서 | 2026-06-01: 임원ㆍ주요주주특정증권등소유상황보고서,5
아이에스동서,010780,0,OK,,,,2026-06-19: 주식등의대량보유상황보고서(일반) | 2026-06-12: 주식등의대량보유상황보고서(일반) | 2026-06-02: 주식등의대량보유상황보고서(일반) | 2026-06-01: 기업지배구조보고서공시               | 2026-05-29: 대규모기업집단현황공시[연1회공시및1/4분기용(개별회사)],5
선광,003100,0,OK,,,,2026-06-23: [기재정정]신규시설투자등               | 2026-06-22: 임원ㆍ주요주주특정증권등거래계획보고서 | 2026-06-22: 임원ㆍ주요주주특정증권등소유상황보고서 | 2026-06-02: 임원ㆍ주요주주특정증권등거래계획보고서 | 2026-05-29: [기재정정]사업보고서 (2025.12),5
원익큐브,014190,0,OK,,,,2026-06-11: 임원ㆍ주요주주특정증권등소유상황보고서 | 2026-06-11: 임원ㆍ주요주주특정증권등소유상황보고서 | 2026-06-08: 임원ㆍ주요주주특정증권등소유상황보고서 | 2026-05-29: 대규모기업집단현황공시[연1회공시및1/4분기용(개별회사)],4
현대비앤지스틸,004560,0,OK,,,,2026-06-05: 주식등의대량보유상황보고서(일반) | 2026-06-01: 기업지배구조보고서공시               | 2026-05-29: 대규모기업집단현황공시[연1회공시및1/4분기용(개별회사)],3
솔트웨어,328380,0,OK,,,,2026-06-12: 임원ㆍ주요주주특정증권등소유상황보고서 | 2026-06-11: 임원ㆍ주요주주특정증권등소유상황보고서 | 2026-06-10: 임원ㆍ주요주주특정증권등소유상황보고서 | 2026-06-10: 임원ㆍ주요주주특정증권등소유상황보고서 | 2026-06-10: 임원ㆍ주요주주특정증권등소유상황보고서,6
큐로홀딩스,051780,0,OK,,,,2026-06-12: 특수관계인으로부터자금차입 | 2026-06-09: 주식등의대량보유상황보고서(약식) | 2026-06-09: 임원ㆍ주요주주특정증권등소유상황보고서 | 2026-06-09: 임원ㆍ주요주주특정증권등소유상황보고서 | 2026-06-01: [기재정정]대규모기업집단현황공시[연1회공시및1/4분기용(개별회사)],6
삼성화재해상보험,000810,0,OK,,,,2026-06-26: 특수관계인과의수익증권거래 | 2026-06-26: 특수관계인과의수익증권거래 | 2026-06-26: 특수관계인과의수익증권거래 | 2026-06-26: 특수관계인과의수익증권거래 | 2026-06-26: 특수관계인과의수익증권거래,8
사조씨푸드,014710,0,OK,,,,2026-06-26: 동일인등출자계열회사와의상품ㆍ용역거래 | 2026-06-25: 최대주주등소유주식변동신고서               | 2026-06-25: 임원ㆍ주요주주특정증권등소유상황보고서 | 2026-06-01: 기업지배구조보고서공시               | 2026-05-29: 대규모기업집단현황공시[연1회공시및1/4분기용(개별회사)],5
한샘,009240,0,OK,,,,2026-06-09: 현금ㆍ현물배당을위한주주명부폐쇄(기준일)결정               | 2026-06-09: 주요사항보고서(자기주식취득신탁계약체결결정) | 2026-06-09: 수시공시의무관련사항(공정공시)              ,3
NAVER,035420,0,OK,,,,2026-06-26: 임원ㆍ주요주주특정증권등소유상황보고서 | 2026-06-25: 지속가능경영보고서등관련사항(자율공시)               | 2026-06-18: 풍문또는보도에대한해명(미확정)               | 2026-06-18: 임원ㆍ주요주주특정증권등소유상황보고서 | 2026-06-18: 임원ㆍ주요주주특정증권등소유상황보고서,19
삼성공조,006660,0,OK,,,,2026-06-25: 임원ㆍ주요주주특정증권등소유상황보고서 | 2026-06-25: 최대주주등소유주식변동신고서               | 2026-06-08: [기재정정]사업보고서 (2025.12) | 2026-06-01: 기업지배구조보고서공시              ,4
한화리츠,451800,0,OK,,,,2026-06-25: 임원ㆍ주요주주특정증권등소유상황보고서 | 2026-06-19: [기재정정]부동산투자회사부동산임대               | 2026-06-18: 임원ㆍ주요주주특정증권등소유상황보고서 | 2026-06-11: 임원ㆍ주요주주특정증권등소유상황보고서 | 2026-06-08: 부동산투자회사금전배당결정              ,13
티비에이치글로벌,084870,0,OK,,,,2026-06-22: 임원ㆍ주요주주특정증권등소유상황보고서 | 2026-06-22: 임원ㆍ주요주주특정증권등소유상황보고서 | 2026-06-22: 최대주주등소유주식변동신고서               | 2026-06-12: 임원ㆍ주요주주특정증권등소유상황보고서 | 2026-06-12: 임원ㆍ주요주주특정증권등소유상황보고서,10
이상네트웍스,080010,0,OK,,,,2026-06-25: 불성실공시법인지정예고              (공시변경) | 2026-06-16: 주식등의대량보유상황보고서(약식) | 2026-06-16: 임원ㆍ주요주주특정증권등소유상황보고서,3
경인양행,012610,0,OK,,,,2026-06-02: 주식등의대량보유상황보고서(일반) | 2026-06-02: 최대주주등소유주식변동신고서               | 2026-05-29: 기업지배구조보고서공시              ,3
메카로,241770,0,OK,,,,2026-06-24: 기업설명회(IR)개최               | 2026-06-10: 주식등의대량보유상황보고서(일반) | 2026-06-02: 주식등의대량보유상황보고서(일반),3
알트,459550,0,OK,,,,2026-06-12: 주식등의대량보유상황보고서(약식) | 2026-06-12: 임원ㆍ주요주주특정증권등소유상황보고서 | 2026-06-05: 주요사항보고서(자기주식취득신탁계약체결결정),3
세미티에스,0017J0,0,OK,,,,2026-06-17: [기재정정]주식등의대량보유상황보고서(약식) | 2026-06-17: 임원ㆍ주요주주특정증권등소유상황보고서 | 2026-06-17: 주식등의대량보유상황보고서(일반) | 2026-06-17: 주식등의대량보유상황보고서(약식) | 2026-06-12: 분기보고서 (2026.03),5
SK이노베이션,096770,0,OK,,,,2026-06-25: [기재정정]금전대여결정(자회사의 주요경영사항)               | 2026-06-25: 특수관계인에대한자산양도 | 2026-06-25: 특수관계인에대한자산양도 | 2026-06-22: [기재정정]타법인주식및출자증권처분결정(자회사의 주요경영사항)               | 2026-06-22: [기재정정]타법인주식및출자증권취득결정(자회사의 주요경영사항)              ,7
엔케이,085310,0,OK,,,,2026-06-26: 임원ㆍ주요주주특정증권등소유상황보고서 | 2026-06-17: 임원ㆍ주요주주특정증권등소유상황보고서 | 2026-06-12: 임원ㆍ주요주주특정증권등소유상황보고서 | 2026-06-05: 임원ㆍ주요주주특정증권등소유상황보고서 | 2026-06-01: 기업지배구조보고서공시              ,5
DH오토넥스,000300,0,OK,,,,2026-06-19: [기재정정]분기보고서 (2026.03) | 2026-06-19: [기재정정]사업보고서 (2024.12) | 2026-06-15: [기재정정]주주총회소집결의               | 2026-06-15: 주주명부폐쇄기간또는기준일설정               | 2026-06-15: 주주총회소집결의              ,8
OCI,456040,0,OK,,,,2026-06-26: 정보보호현황(자율공시)               | 2026-06-25: 타법인주식및출자증권취득결정               | 2026-06-08: 중대재해발생               | 2026-05-29: 지속가능경영보고서등관련사항(자율공시)               | 2026-05-29: 기업지배구조보고서공시              ,6
한미사이언스,008930,0,OK,,,,2026-06-23: 주식등의대량보유상황보고서(일반) | 2026-06-18: 조회공시요구(풍문또는보도)에대한답변(미확정)               | 2026-06-15: [첨부정정]지속가능경영보고서등관련사항(자율공시)               | 2026-06-10: 지속가능경영보고서등관련사항(자율공시)               | 2026-06-10: 주식등의대량보유상황보고서(일반),11
BGF,027410,0,OK,,,,2026-06-17: 최대주주등소유주식변동신고서               | 2026-06-17: 주식등의대량보유상황보고서(일반) | 2026-06-10: 기업설명회(IR)개최(안내공시)               | 2026-05-29: 기업지배구조보고서공시               | 2026-05-29: [기재정정]대규모기업집단현황공시[연1회공시및1/4분기용(대표회사)],5
BGF리테일,282330,0,OK,,,,2026-06-23: 최대주주등소유주식변동신고서               | 2026-06-23: 주식등의대량보유상황보고서(일반) | 2026-06-10: 기업설명회(IR)개최(안내공시)               | 2026-05-29: 최대주주등소유주식변동신고서               | 2026-05-29: 주식등의대량보유상황보고서(일반),7
마키나락스,477850,0,OK,,,,2026-06-19: 임원ㆍ주요주주특정증권등소유상황보고서 | 2026-06-18: 주식등의대량보유상황보고서(일반) | 2026-05-29: 주식매수선택권행사              ,3
피플바이오,304840,0,OK,,,,2026-06-24: [기재정정]주식등의대량보유상황보고서(일반) | 2026-06-24: 주식등의대량보유상황보고서(일반) | 2026-06-09: 주주명부폐쇄기간또는기준일설정               | 2026-06-09: 주주총회소집결의              (임시주주총회) | 2026-06-09: 주식병합결정              ,5
대신밸류리츠,0030R0,0,OK,,,,2026-06-22: 임원ㆍ주요주주특정증권등소유상황보고서 | 2026-06-11: 임원ㆍ주요주주특정증권등소유상황보고서 | 2026-06-04: 기타경영사항(자율공시)               | 2026-06-02: 임원ㆍ주요주주특정증권등소유상황보고서 | 2026-05-29: 기업지배구조보고서공시              ,5
THE CUBE&,013720,0,OK,,,,2026-06-22: 임원ㆍ주요주주특정증권등소유상황보고서 | 2026-06-22: 주식등의대량보유상황보고서(약식) | 2026-06-17: 전환사채(해외전환사채포함)발행후만기전사채취득              (제13회차) | 2026-06-17: [기재정정]조회공시요구(현저한시황변동)에대한답변(미확정)               | 2026-06-12: 상호변경안내              ,9
LG생활건강,051900,0,OK,,,,2026-06-18: 풍문또는보도에대한해명(미확정)               | 2026-06-11: 기업설명회(IR)개최(안내공시)               | 2026-06-01: 대규모기업집단현황공시[연1회공시및1/4분기용(개별회사)] | 2026-05-29: 기업지배구조보고서공시              ,4
에쓰씨엔지니어링,023960,0,OK,,,,2026-06-24: 전환가액ㆍ신주인수권행사가액ㆍ교환가액의조정(안내공시)               | 2026-06-24: 전환가액ㆍ신주인수권행사가액ㆍ교환가액의조정(안내공시)               | 2026-06-01: 기업지배구조보고서공시               | 2026-05-29: 대규모기업집단현황공시[연1회공시및1/4분기용(개별회사)],4
윙스풋,335870,0,OK,,,,2026-06-23: 임원ㆍ주요주주특정증권등거래계획보고서 | 2026-06-10: 주주명부폐쇄기간또는기준일설정               | 2026-06-10: 주주총회소집결의              (임시주주총회) | 2026-06-09: 사외이사의선임ㆍ해임또는중도퇴임에관한신고,4
THE E&M,089230,0,OK,,,,2026-06-16: [기재정정]주요사항보고서(자기전환사채매도결정) | 2026-06-10: 주식등의대량보유상황보고서(약식) | 2026-06-02: [기재정정]주요사항보고서(자기전환사채매도결정),3
에이치와이티씨,148930,0,OK,,,,2026-06-19: 기업설명회(IR)개최               | 2026-06-05: 주요사항보고서(자기주식취득신탁계약체결결정) | 2026-06-01: 임원ㆍ주요주주특정증권등소유상황보고서,3
HC보광산업,225530,0,OK,,,,2026-06-26: 전환가액의조정               | 2026-06-22: 주식등의대량보유상황보고서(일반) | 2026-06-11: 주식등의대량보유상황보고서(일반) | 2026-06-02: 주식등의대량보유상황보고서(일반),4
HC홈센타,060560,0,OK,,,,2026-06-24: 주식등의대량보유상황보고서(약식) | 2026-06-22: 임원ㆍ주요주주특정증권등소유상황보고서 | 2026-06-22: 주식등의대량보유상황보고서(일반) | 2026-06-12: 임원ㆍ주요주주특정증권등소유상황보고서 | 2026-06-12: 주식등의대량보유상황보고서(일반),8
모비데이즈,363260,0,OK,,,,2026-06-26: 주주총회소집결의               | 2026-06-26: 주주명부폐쇄기간또는기준일설정               | 2026-06-26: 주식병합결정               | 2026-06-17: 주식등의대량보유상황보고서(일반) | 2026-06-09: 주식등의대량보유상황보고서(일반),6
LG에너지솔루션,373220,0,OK,,,,2026-06-12: 임원ㆍ주요주주특정증권등소유상황보고서 | 2026-06-11: 임원ㆍ주요주주특정증권등소유상황보고서 | 2026-06-02: 임원ㆍ주요주주특정증권등소유상황보고서 | 2026-06-01: 대규모기업집단현황공시[연1회공시및1/4분기용(개별회사)] | 2026-06-01: 기업지배구조보고서공시              ,5
이지트로닉스,377330,0,OK,,,,2026-06-22: 대표이사변경               | 2026-06-22: 임시주주총회결과               | 2026-06-22: 사외이사의선임ㆍ해임또는중도퇴임에관한신고 | 2026-06-05: 주주총회소집공고,4
일정실업,008500,0,OK,,,,2026-06-19: 임원ㆍ주요주주특정증권등소유상황보고서 | 2026-06-19: 주식등의대량보유상황보고서(일반) | 2026-06-19: [기재정정]주식등의대량보유상황보고서(일반) | 2026-06-19: 최대주주등소유주식변동신고서               | 2026-06-15: 최대주주등소유주식변동신고서              ,10
DH오토리드,290120,0,OK,,,,2026-06-18: 금전대여결정               | 2026-06-10: 임원ㆍ주요주주특정증권등소유상황보고서 | 2026-06-09: 주식등의대량보유상황보고서(일반) | 2026-06-08: 전환사채(해외전환사채포함)발행후만기전사채취득              ,4
에스투더블유,488280,0,OK,,,,2026-06-23: 임원ㆍ주요주주특정증권등소유상황보고서 | 2026-06-18: 본점소재지변경               | 2026-06-05: 주식등의대량보유상황보고서(일반) | 2026-05-29: [기재정정]타법인주식및출자증권취득결정(자율공시)              ,4
씨티알모빌리티,308170,0,OK,,,,2026-06-18: 대표이사(대표집행임원)변경(안내공시)               | 2026-06-18: 임시주주총회결과               | 2026-06-02: 주주총회소집공고 | 2026-05-29: 기업지배구조보고서공시              ,4
웅진,016880,0,OK,,,,2026-06-19: 파산선고(자회사의 주요경영사항)               | 2026-06-15: 투자판단관련주요경영사항               | 2026-06-01: 기업지배구조보고서공시               | 2026-06-01: [기재정정]대규모기업집단현황공시[연1회공시및1/4분기용(대표회사)] | 2026-05-29: 대규모기업집단현황공시[연1회(동일인용)],6
문배철강,008420,0,OK,,,,2026-06-15: 주식등의대량보유상황보고서(일반) | 2026-06-15: 임원ㆍ주요주주특정증권등소유상황보고서 | 2026-06-15: 최대주주등소유주식변동신고서               | 2026-06-12: 현금ㆍ현물배당을위한주주명부폐쇄(기준일)결정               | 2026-06-12: 임원ㆍ주요주주특정증권등소유상황보고서,7
한화손해보험,000370,0,OK,,,,2026-06-26: 지속가능경영보고서등관련사항(자율공시)               | 2026-06-26: 특수관계인과의수익증권거래 | 2026-06-16: 임원ㆍ주요주주특정증권등소유상황보고서 | 2026-06-16: 임원ㆍ주요주주특정증권등소유상황보고서 | 2026-06-16: 임원ㆍ주요주주특정증권등소유상황보고서,12
코어라인소프트,384470,0,OK,,,,2026-06-25: 임원ㆍ주요주주특정증권등소유상황보고서 | 2026-06-23: 투자판단관련주요경영사항              ([국책과제 선정] CT기반 폐질환 인공지능 진단보조 소프트웨어 의료기기 2종의 안전성 및 유효성 검증을 위한 임상시험 및 미국 FDA 인허가 획득) | 2026-06-05: 임원ㆍ주요주주특정증권등소유상황보고서,3
KTcs,058850,0,OK,,,,2026-06-08: 임원ㆍ주요주주특정증권등소유상황보고서 | 2026-06-02: 임원ㆍ주요주주특정증권등소유상황보고서 | 2026-06-02: 임원ㆍ주요주주특정증권등소유상황보고서 | 2026-06-02: 임원ㆍ주요주주특정증권등소유상황보고서 | 2026-05-29: 대규모기업집단현황공시[연1회공시및1/4분기용(개별회사)],5
KTis,058860,0,OK,,,,2026-06-18: 임원ㆍ주요주주특정증권등소유상황보고서 | 2026-06-10: 임원ㆍ주요주주특정증권등소유상황보고서 | 2026-06-10: 임원ㆍ주요주주특정증권등소유상황보고서 | 2026-06-10: 임원ㆍ주요주주특정증권등소유상황보고서 | 2026-06-10: 임원ㆍ주요주주특정증권등소유상황보고서,13
케이티스카이라이프,053210,0,OK,,,,2026-06-17: 증권발행실적보고서 | 2026-06-17: 투자설명서 | 2026-06-16: [발행조건확정]증권신고서(채무증권) | 2026-06-11: [발행조건확정]증권신고서(채무증권) | 2026-06-11: [기재정정]증권신고서(채무증권),13
한화비전,489790,0,OK,,,,2026-06-15: 기업설명회(IR)개최(안내공시)               | 2026-06-05: 주식등의대량보유상황보고서(약식) | 2026-06-01: 기업지배구조보고서공시               | 2026-05-29: 대규모기업집단현황공시[연1회공시및1/4분기용(개별회사)],4
파크시스템스,140860,0,OK,,,,2026-06-15: 자기주식처분결과보고서 | 2026-06-08: 증권발행결과(자율공시)               | 2026-05-29: 주식등의대량보유상황보고서(약식),3
솔루엠,248070,0,OK,,,,2026-06-19: 주식등의대량보유상황보고서(일반) | 2026-06-10: 주식등의대량보유상황보고서(약식) | 2026-06-08: 최대주주등소유주식변동신고서               | 2026-06-08: 주식등의대량보유상황보고서(일반) | 2026-06-08: 임원ㆍ주요주주특정증권등소유상황보고서,9
케어랩스,263700,0,OK,,,,2026-06-15: 주식등의대량보유상황보고서(일반) | 2026-06-15: 임원ㆍ주요주주특정증권등소유상황보고서 | 2026-05-29: 대규모기업집단현황공시[연1회공시및1/4분기용(개별회사)],3
대호에이엘,069460,0,OK,,,,2026-06-16: 기타시장안내              (상장적격성 실질심사 결과 안내) | 2026-06-16: 주주명부폐쇄기간또는기준일설정               | 2026-06-16: 주주총회소집결의               | 2026-06-15: 소송등의판결ㆍ결정               | 2026-06-15: [기재정정]사외이사의선임ㆍ해임또는중도퇴임에관한신고,18
이화공영,001840,0,OK,,,,2026-06-24: 의결권대리행사권유참고서류 | 2026-06-24: 주주총회소집공고 | 2026-06-23: [기재정정]주주총회소집결의              (임시주주총회) | 2026-06-15: 기타시장안내              (상장폐지 관련 이의신청서 접수) | 2026-05-29: 주주명부폐쇄기간또는기준일설정              ,7
고려아연,010130,0,OK,,,,2026-06-24: [기재정정]회계처리기준위반에따른임원의해임권고조치               | 2026-06-23: 풍문또는보도에대한해명               | 2026-06-18: [기재정정]소송등의제기ㆍ신청(경영권분쟁소송)               | 2026-06-10: 회계처리기준위반에따른임원의해임권고조치               | 2026-06-10: [기재정정]소송등의제기ㆍ신청(경영권분쟁소송)              ,10
한화투자증권,003530,0,OK,,,,2026-06-26: 증권발행실적보고서 | 2026-06-26: 증권발행실적보고서 | 2026-06-26: 투자설명서(일괄신고) | 2026-06-26: 일괄신고추가서류(파생결합증권-주가연계증권) | 2026-06-26: 증권발행실적보고서,100
라온텍,418420,0,OK,,,,2026-06-15: 임원ㆍ주요주주특정증권등소유상황보고서 | 2026-06-15: 임원ㆍ주요주주특정증권등소유상황보고서 | 2026-06-15: 임원ㆍ주요주주특정증권등소유상황보고서 | 2026-06-15: 임원ㆍ주요주주특정증권등소유상황보고서 | 2026-06-15: 주식등의대량보유상황보고서(일반),5
롯데리츠,330590,0,OK,,,,2026-06-25: 임원ㆍ주요주주특정증권등소유상황보고서 | 2026-06-18: 임원ㆍ주요주주특정증권등소유상황보고서 | 2026-06-12: 주주명부폐쇄기간또는기준일설정               | 2026-06-11: 임원ㆍ주요주주특정증권등소유상황보고서 | 2026-06-04: 임원ㆍ주요주주특정증권등소유상황보고서,7
미원화학,134380,0,OK,,,,2026-06-10: 최대주주등소유주식변동신고서               | 2026-06-10: 임원ㆍ주요주주특정증권등소유상황보고서 | 2026-05-29: 기업지배구조보고서공시              ,3
체시스,033250,0,OK,,,,2026-06-26: 최대주주등소유주식변동신고서               | 2026-06-24: 최대주주등소유주식변동신고서               | 2026-06-22: 임원ㆍ주요주주특정증권등소유상황보고서 | 2026-06-22: 주식등의대량보유상황보고서(일반) | 2026-06-22: 최대주주등소유주식변동신고서              ,13
씨큐브,101240,0,OK,,,,2026-06-25: 주주총회소집공고 | 2026-06-05: 주식등의대량보유상황보고서(일반) | 2026-06-05: 임원ㆍ주요주주특정증권등소유상황보고서 | 2026-06-02: 주식등의대량보유상황보고서(일반) | 2026-06-02: 임원ㆍ주요주주특정증권등소유상황보고서,5
동화기업,025900,0,OK,,,,2026-06-08: 주식등의대량보유상황보고서(일반) | 2026-06-08: [기재정정]사업보고서 (2025.12) | 2026-06-08: [기재정정]분기보고서 (2025.09) | 2026-06-01: 증권발행실적보고서 | 2026-06-01: 투자설명서,5
롯데에너지머티리얼즈,020150,0,OK,,,,2026-06-15: 기업설명회(IR)개최(안내공시)               | 2026-05-29: 대규모기업집단현황공시[연1회공시및1/4분기용(개별회사)] | 2026-05-29: 기업지배구조보고서공시              ,3
지니너스,389030,0,OK,,,,2026-06-09: [기재정정]전환청구권행사               | 2026-06-09: [기재정정]전환청구권행사               | 2026-05-29: [기재정정]주식등의대량보유상황보고서(약식) | 2026-05-29: 전환청구권행사               | 2026-05-29: 임원ㆍ주요주주특정증권등소유상황보고서,9
아모레퍼시픽,090430,0,OK,,,,2026-06-19: 기업설명회(IR)개최(안내공시)               | 2026-06-02: 기업설명회(IR)개최(안내공시)               | 2026-06-01: 대규모기업집단현황공시[연1회공시및1/4분기용(개별회사)],3
NICE,034310,0,OK,,,,2026-06-05: 주식등의대량보유상황보고서(일반) | 2026-06-02: 타법인주식및출자증권취득결정(종속회사의주요경영사항)               | 2026-06-02: 타법인주식및출자증권처분결정              ,3
나무기술,242040,0,OK,,,,2026-06-16: 의결권대리행사권유참고서류 | 2026-06-12: 주주총회소집공고 | 2026-06-10: [첨부정정]주주총회소집결의              ,3
엘엠에스,073110,0,OK,,,,2026-06-22: 주주총회소집결의               | 2026-06-22: 주주명부폐쇄기간또는기준일설정               | 2026-06-04: 주식등의대량보유상황보고서(일반),3
SK디앤디,210980,0,OK,,,,2026-06-26: 주식등의대량보유상황보고서(일반) | 2026-06-26: 특수관계인에대한담보제공 | 2026-06-26: 타인에대한담보제공결정               | 2026-06-26: 타인에대한채무보증결정               | 2026-06-19: [기재정정]타인에대한채무보증결정              ,14
소프트캠프,258790,0,OK,,,,2026-06-26: [기재정정]사업보고서 (2025.12) | 2026-06-11: 임원ㆍ주요주주특정증권등거래계획보고서 | 2026-06-04: 주식등의대량보유상황보고서(일반) | 2026-06-04: 임원ㆍ주요주주특정증권등소유상황보고서 | 2026-06-04: 임원ㆍ주요주주특정증권등소유상황보고서,13
파수AI,150900,0,OK,,,,2026-06-26: 주요사항보고서(자기주식취득신탁계약체결결정) | 2026-06-16: 임원ㆍ주요주주특정증권등소유상황보고서 | 2026-06-05: 주식등의대량보유상황보고서(일반),3
애경케미칼,161000,0,OK,,,,2026-06-11: 주식등의대량보유상황보고서(일반) | 2026-06-08: 타인에대한채무보증결정               | 2026-06-05: 주식등의대량보유상황보고서(일반) | 2026-06-01: 주식등의대량보유상황보고서(일반) | 2026-06-01: [기재정정]주식매수선택권부여에관한신고,12
CS,065770,0,OK,,,,2026-06-24: 주식등의대량보유상황보고서(일반) | 2026-06-24: 임원ㆍ주요주주특정증권등소유상황보고서 | 2026-06-01: 대표이사변경               | 2026-05-29: 증권발행결과(자율공시)              ,4
삼성에피스홀딩스,0126Z0,0,OK,,,,2026-06-08: 최대주주등소유주식변동신고서               | 2026-06-01: [기재정정]대규모기업집단현황공시[연1회공시및1/4분기용(개별회사)] | 2026-06-01: 대규모기업집단현황공시[연1회공시및1/4분기용(개별회사)] | 2026-06-01: 기업지배구조보고서공시              ,4
페스카로,0015S0,0,OK,,,,2026-06-24: 주주명부폐쇄기간또는기준일설정               | 2026-06-24: 주주총회소집결의              (임시주주총회) | 2026-06-10: [기재정정]임원ㆍ주요주주특정증권등소유상황보고서 | 2026-06-10: [기재정정]임원ㆍ주요주주특정증권등소유상황보고서 | 2026-06-10: [기재정정]임원ㆍ주요주주특정증권등소유상황보고서,11
웰킵스하이텍,043590,0,OK,,,,2026-06-26: [기재정정]사업보고서 (2025.12) | 2026-06-09: 임원ㆍ주요주주특정증권등소유상황보고서 | 2026-06-09: [기재정정]임원ㆍ주요주주특정증권등거래계획보고서 | 2026-06-09: [기재정정]임원ㆍ주요주주특정증권등소유상황보고서 | 2026-05-29: 임원ㆍ주요주주특정증권등거래계획보고서,6
영흥,012160,0,OK,,,,2026-06-22: 주식등의대량보유상황보고서(약식) | 2026-06-19: 타인에대한채무보증결정               | 2026-06-16: 임원ㆍ주요주주특정증권등소유상황보고서 | 2026-06-16: 주식등의대량보유상황보고서(일반) | 2026-06-16: 임원ㆍ주요주주특정증권등소유상황보고서,10
AK홀딩스,006840,0,OK,,,,2026-06-23: 지주회사의자회사탈퇴               | 2026-06-15: 특수관계인에대한주식의처분 | 2026-06-15: 특수관계인에대한자금대여 | 2026-06-15: 특수관계인에대한담보제공 | 2026-06-15: 타법인주식및출자증권처분결정              ,15
HLB,028300,0,OK,,,,2026-06-23: 기업설명회(IR)개최               | 2026-06-18: 기업설명회(IR)개최               | 2026-06-15: 기업설명회(IR)개최               | 2026-06-09: 주식등의대량보유상황보고서(약식) | 2026-06-04: 기업설명회(IR)개최              ,7
한국특강,007280,0,OK,,,,2026-06-24: 임원ㆍ주요주주특정증권등거래계획보고서 | 2026-06-24: 임원ㆍ주요주주특정증권등거래계획보고서 | 2026-06-05: 임원ㆍ주요주주특정증권등소유상황보고서 | 2026-06-01: 기업지배구조보고서공시              ,4
롯데웰푸드,280360,0,OK,,,,2026-06-15: [기재정정]신규시설투자등               | 2026-05-29: 대규모기업집단현황공시[연1회공시및1/4분기용(개별회사)] | 2026-05-29: 기업지배구조보고서공시              ,3
노루페인트,090350,0,OK,,,,2026-06-26: 최대주주등소유주식변동신고서               | 2026-06-24: 최대주주등소유주식변동신고서               | 2026-06-05: 최대주주등소유주식변동신고서               | 2026-06-01: 기업지배구조보고서공시              ,4
더블유에스아이,299170,0,OK,,,,2026-06-25: 주식등의대량보유상황보고서(일반) | 2026-06-25: 임원ㆍ주요주주특정증권등소유상황보고서 | 2026-06-02: [기재정정]주식등의대량보유상황보고서(일반) | 2026-05-29: 주식등의대량보유상황보고서(일반),4
페이퍼코리아,001020,0,OK,,,,2026-06-15: 주주총회소집공고 | 2026-06-01: 기업지배구조보고서공시               | 2026-06-01: [기재정정]주주총회소집결의              ,3
NH투자증권,005940,0,OK,,,,2026-06-26: 증권발행실적보고서 | 2026-06-26: 증권발행실적보고서 | 2026-06-26: 증권발행실적보고서 | 2026-06-26: 증권발행실적보고서 | 2026-06-26: 증권발행실적보고서,100
교촌에프앤비,339770,0,OK,,,,2026-06-12: 최대주주등소유주식변동신고서               | 2026-06-12: 임원ㆍ주요주주특정증권등소유상황보고서 | 2026-06-12: 주식등의대량보유상황보고서(일반) | 2026-06-09: 기업설명회(IR)개최(안내공시)               | 2026-06-05: 주식등의대량보유상황보고서(일반),6
태림포장,011280,0,OK,,,,2026-06-19: 동일인등출자계열회사와의상품ㆍ용역거래변경 | 2026-06-18: 임원ㆍ주요주주특정증권등소유상황보고서 | 2026-06-16: 최대주주등소유주식변동신고서               | 2026-06-15: 최대주주등소유주식변동신고서               | 2026-06-12: 임원ㆍ주요주주특정증권등소유상황보고서,10
솔루스첨단소재,336370,0,OK,,,,2026-06-16: 타인에대한채무보증결정               | 2026-06-12: 타인에대한채무보증결정               | 2026-05-29: 기업지배구조보고서공시              ,3
마녀공장,439090,0,OK,,,,2026-06-24: 주요사항보고서(자기주식취득신탁계약체결결정) | 2026-06-24: 신탁계약해지결과보고서 | 2026-06-24: 주요사항보고서(자기주식취득신탁계약해지결정) | 2026-06-02: 주요사항보고서(자기주식취득신탁계약체결결정) | 2026-06-02: 신탁계약해지결과보고서,6
카카오페이,377300,0,OK,,,,2026-06-23: 타법인주식및출자증권취득결정               | 2026-06-19: 기업설명회(IR)개최(안내공시)               | 2026-06-04: 기업설명회(IR)개최(안내공시)               | 2026-05-29: 대규모기업집단현황공시[연1회공시및1/4분기용(개별회사)],4
한창,005110,0,OK,,,,2026-06-25: [기재정정]사업보고서 (2022.12) | 2026-06-25: [기재정정]사업보고서 (2021.12) | 2026-06-01: 기업지배구조보고서공시              ,3
부국증권,001270,0,OK,,,,2026-06-23: 주식등의대량보유상황보고서(일반) | 2026-06-19: 자산재평가실시결정(자율공시)               | 2026-06-10: 주식등의대량보유상황보고서(일반) | 2026-06-10: 주식등의대량보유상황보고서(약식) | 2026-06-04: 주식등의대량보유상황보고서(일반),7
대한화섬,003830,0,OK,,,,2026-06-04: [기재정정]대규모기업집단현황공시[연1회공시및1/4분기용(개별회사)] | 2026-06-01: 대규모기업집단현황공시[연1회공시및1/4분기용(개별회사)] | 2026-05-29: 기업지배구조보고서공시              ,3
월덱스,101160,0,OK,,,,2026-06-17: 기업설명회(IR)개최               | 2026-06-17: 기업가치제고계획(자율공시)               | 2026-06-12: 의결권대리행사권유참고서류 | 2026-06-12: 의결권대리행사권유참고서류 | 2026-06-12: 주주총회소집공고,7
오토앤,353590,0,OK,,,,2026-06-18: 임원ㆍ주요주주특정증권등소유상황보고서 | 2026-06-08: 임원ㆍ주요주주특정증권등소유상황보고서 | 2026-06-04: 임원ㆍ주요주주특정증권등소유상황보고서 | 2026-06-02: 임원ㆍ주요주주특정증권등소유상황보고서 | 2026-06-01: 주식등의대량보유상황보고서(약식),5
케이뱅크,279570,0,OK,,,,2026-06-11: 기업설명회(IR)개최(안내공시)               | 2026-06-01: 기타안내사항(안내공시)               | 2026-05-29: 대규모기업집단현황공시[연1회공시및1/4분기용(개별회사)],3
뉴보텍,060260,0,OK,,,,2026-06-12: [기재정정]대표이사변경               | 2026-06-09: 임원ㆍ주요주주특정증권등소유상황보고서 | 2026-06-09: 주식등의대량보유상황보고서(일반) | 2026-06-08: [기재정정]주요사항보고서(자기주식취득신탁계약체결결정) | 2026-06-08: 유동성공급계약의체결              ,10
모비릭스,348030,0,OK,,,,2026-06-05: 주요사항보고서(자기주식취득신탁계약체결결정) | 2026-06-05: 임원ㆍ주요주주특정증권등소유상황보고서 | 2026-06-05: 주식등의대량보유상황보고서(일반) | 2026-06-01: [기재정정]주식매수선택권부여에관한신고 | 2026-06-01: [기재정정]주식매수선택권부여에관한신고,7
EMB,278990,0,OK,,,,2026-06-22: 주주총회소집공고 | 2026-06-05: 임원ㆍ주요주주특정증권등소유상황보고서 | 2026-06-04: 주식등의대량보유상황보고서(일반) | 2026-05-29: [첨부추가]주주명부폐쇄기간또는기준일설정               | 2026-05-29: 주주총회소집결의              ,5
키움증권,039490,0,OK,,,,2026-06-26: 증권발행실적보고서 | 2026-06-26: 증권발행실적보고서 | 2026-06-26: 증권발행실적보고서 | 2026-06-26: 투자설명서(일괄신고) | 2026-06-26: 일괄신고추가서류(파생결합사채-주가연계파생결합사채),100
HLB글로벌,003580,0,OK,,,,2026-06-22: 최대주주등소유주식변동신고서               | 2026-06-22: 임원ㆍ주요주주특정증권등소유상황보고서 | 2026-06-05: [기재정정]금전대여결정               | 2026-05-29: 기업지배구조보고서공시              ,4
보로노이,310210,0,OK,,,,2026-06-25: [기재정정]투자판단관련주요경영사항(임상시험계획변경승인신청)              (VRN110755의 제 1/2상 임상시험) | 2026-06-24: [기재정정]주요사항보고서(자기전환사채만기전취득결정) | 2026-06-23: [기재정정]투자판단관련주요경영사항(임상시험계획변경승인신청)              (VRN110755의 제 1/2상 임상시험) | 2026-06-23: 기업설명회(IR)개최               | 2026-06-23: 주요사항보고서(자기전환사채만기전취득결정),13
카카오뱅크,323410,0,OK,,,,2026-06-26: 기업설명회(IR)개최(안내공시)               | 2026-06-25: 타법인주식및출자증권취득결정(자율공시)               | 2026-06-05: 임원ㆍ주요주주특정증권등소유상황보고서 | 2026-05-29: 대규모기업집단현황공시[연1회공시및1/4분기용(개별회사)],4
삼영에스앤씨,361670,0,OK,,,,2026-06-25: 주주총회소집공고 | 2026-06-24: 임원ㆍ주요주주특정증권등소유상황보고서 | 2026-06-16: 임원ㆍ주요주주특정증권등소유상황보고서 | 2026-06-16: 임원ㆍ주요주주특정증권등소유상황보고서 | 2026-06-02: 주주총회소집결의              (임시주주총회),6
코리아나,027050,0,OK,,,,2026-06-26: 주식등의대량보유상황보고서(일반) | 2026-06-25: 임시주주총회결과               | 2026-06-16: 주식등의대량보유상황보고서(일반) | 2026-06-04: 주식등의대량보유상황보고서(일반),4
유라클,088340,0,OK,,,,2026-06-10: 임원ㆍ주요주주특정증권등소유상황보고서 | 2026-06-09: 주식등의대량보유상황보고서(일반) | 2026-06-08: 임원ㆍ주요주주특정증권등소유상황보고서 | 2026-06-04: 주식등의대량보유상황보고서(일반),4
케어젠,214370,0,OK,,,,"2026-06-17: 불성실공시법인지정예고              (공시번복 1건, 공시변경 1건) | 2026-06-12: 중간(분기)배당을위한주주명부폐쇄(기준일)결정               | 2026-05-29: 단일판매ㆍ공급계약해지(자율공시)               | 2026-05-29: 단일판매ㆍ공급계약해지              ",4
대성미생물,036480,0,OK,,,,2026-06-04: 임원ㆍ주요주주특정증권등소유상황보고서 | 2026-06-02: 임원ㆍ주요주주특정증권등소유상황보고서 | 2026-06-01: 임원ㆍ주요주주특정증권등소유상황보고서 | 2026-06-01: 임원ㆍ주요주주특정증권등소유상황보고서 | 2026-05-29: 임원ㆍ주요주주특정증권등소유상황보고서,8
아이엠뱅크,005270,0,OK,,,,2026-06-26: 투자설명서(일괄신고) | 2026-06-26: 일괄신고추가서류 | 2026-06-11: 증권발행실적보고서 | 2026-06-10: 투자설명서(일괄신고) | 2026-06-10: 일괄신고추가서류,5
프롬바이오,377220,0,OK,,,,2026-06-19: 주주총회소집공고 | 2026-06-11: 단기차입금증가결정               | 2026-06-09: 임원ㆍ주요주주특정증권등소유상황보고서,3
사조산업,007160,0,OK,,,,2026-06-26: 동일인등출자계열회사와의상품ㆍ용역거래 | 2026-06-08: 주식등의대량보유상황보고서(일반) | 2026-06-01: [기재정정]대규모기업집단현황공시[연1회공시및1/4분기용(대표회사)] | 2026-06-01: 기업지배구조보고서공시               | 2026-05-29: 대규모기업집단현황공시[연1회(동일인용)],6
삼영전자공업,005680,0,OK,,,,2026-06-24: 불성실공시법인지정               | 2026-06-10: 소송등의제기ㆍ신청(경영권분쟁소송)               | 2026-06-04: 불성실공시법인지정예고               | 2026-06-02: 소송등의제기ㆍ신청(경영권분쟁소송)               | 2026-05-29: 기업지배구조보고서공시              ,5
에이자기관리부동산투자회사,140910,0,OK,,,,2026-06-17: 주식등의대량보유상황보고서(약식) | 2026-06-16: 주식등의대량보유상황보고서(일반) | 2026-06-16: 임원ㆍ주요주주특정증권등소유상황보고서 | 2026-06-15: 주식등의대량보유상황보고서(약식) | 2026-06-04: 주주총회소집결의              ,8
인베니아,079950,0,OK,,단일판매ㆍ공급계약체결              (+5),최대주주변경을수반하는주식담보제공계약해제ㆍ취소등              (-5),2026-06-25: 임원ㆍ주요주주특정증권등소유상황보고서 | 2026-06-24: 최대주주변경을수반하는주식담보제공계약해제ㆍ취소등               | 2026-06-23: 단일판매ㆍ공급계약체결              ,3
엠케이전자,033160,0,OK,,,,2026-06-26: 주식등의대량보유상황보고서(일반) | 2026-06-19: 타법인주식및출자증권처분결정               | 2026-06-11: 주식등의대량보유상황보고서(약식) | 2026-06-08: 주식등의대량보유상황보고서(일반) | 2026-06-01: 주식등의대량보유상황보고서(약식),5
씨티케이,260930,0,OK,,,,2026-06-12: 주식등의대량보유상황보고서(일반) | 2026-06-12: 임원ㆍ주요주주특정증권등소유상황보고서 | 2026-06-08: 임원ㆍ주요주주특정증권등소유상황보고서,3
삼진엘앤디,054090,0,OK,,,,2026-06-11: [기재정정]주요사항보고서(자기주식취득신탁계약체결결정) | 2026-06-10: [기재정정]주요사항보고서(자기주식취득신탁계약체결결정) | 2026-06-09: 주요사항보고서(자기주식취득신탁계약체결결정),3
DN오토모티브,007340,0,OK,,,,2026-06-04: 주식등의대량보유상황보고서(일반) | 2026-06-01: [기재정정]대규모기업집단현황공시[연1회공시및1/4분기용(대표회사)] | 2026-05-29: 대규모기업집단현황공시[연1회(동일인용)] | 2026-05-29: 대규모기업집단현황공시[연1회공시및1/4분기용(대표회사)] | 2026-05-29: 기업지배구조보고서공시              ,5
이수화학,005950,0,OK,,,,2026-06-08: 기타안내사항(안내공시)               | 2026-06-02: 주식등의대량보유상황보고서(일반) | 2026-05-29: 기업지배구조보고서공시              ,3
신한은행,000010,0,OK,,,,2026-06-26: 증권발행실적보고서 | 2026-06-25: 투자설명서(일괄신고) | 2026-06-25: 일괄신고추가서류 | 2026-06-19: 증권발행실적보고서 | 2026-06-18: 투자설명서(일괄신고),33
지엠비코리아,013870,0,OK,,,,2026-06-26: 최대주주등소유주식변동신고서               | 2026-06-26: 임원ㆍ주요주주특정증권등소유상황보고서 | 2026-06-09: 최대주주등소유주식변동신고서               | 2026-06-09: 임원ㆍ주요주주특정증권등소유상황보고서 | 2026-06-08: 임원ㆍ주요주주특정증권등소유상황보고서,6
BYC,001460,0,OK,,,,2026-06-11: [기재정정]주식등의대량보유상황보고서(일반) | 2026-06-11: [기재정정]주식등의대량보유상황보고서(일반) | 2026-06-11: [기재정정]주식등의대량보유상황보고서(일반) | 2026-06-08: 최대주주등소유주식변동신고서               | 2026-06-08: 임원ㆍ주요주주특정증권등소유상황보고서,7
크래프톤,259960,0,OK,,,,2026-06-26: 자기주식취득결과보고서 | 2026-06-26: 최대주주등소유주식변동신고서               | 2026-06-26: 주식등의대량보유상황보고서(일반) | 2026-06-12: 최대주주등소유주식변동신고서               | 2026-06-12: 주식등의대량보유상황보고서(일반),18
화승엔터프라이즈,241590,0,OK,,,,2026-06-22: [기재정정]불성실공시법인지정예고               | 2026-06-18: 불성실공시법인지정예고               | 2026-06-01: 기업지배구조보고서공시              ,3
영화금속,012280,0,OK,,,,2026-06-23: 주요사항보고서(자기주식취득신탁계약체결결정) | 2026-06-17: [기재정정]주주총회소집결의               | 2026-06-17: [기재정정]주식병합결정               | 2026-06-17: 주주명부폐쇄기간또는기준일설정               | 2026-06-17: 주주총회소집결의              ,7
휴비츠,065510,0,OK,,,,2026-06-09: 주요사항보고서(자기주식취득신탁계약체결결정) | 2026-06-04: 신탁계약해지결과보고서 | 2026-06-02: 주요사항보고서(자기주식취득신탁계약해지결정),3
폴레드,487580,0,OK,,,,2026-06-25: 중간(분기)배당을위한주주명부폐쇄(기준일)결정               | 2026-06-25: 현금ㆍ현물배당결정              (중간배당) | 2026-06-01: 주식등의대량보유상황보고서(약식),3
PS일렉트로닉스,332570,0,OK,,,,2026-06-24: [기재정정]사업보고서 (2025.12) | 2026-06-10: 임원ㆍ주요주주특정증권등소유상황보고서 | 2026-06-10: 임원ㆍ주요주주특정증권등소유상황보고서 | 2026-06-10: 임원ㆍ주요주주특정증권등소유상황보고서 | 2026-06-10: 주요사항보고서(제3자의전환주식매수선택권행사),6
그래디언트,035080,0,OK,,,,2026-06-22: [기재정정]임원ㆍ주요주주특정증권등소유상황보고서 | 2026-06-11: 신탁계약해지결과보고서 | 2026-06-11: 신탁계약에의한취득상황보고서,3
비엠티,086670,0,OK,,,,2026-06-26: [기재정정]신규시설투자등               | 2026-06-26: [기재정정]신규시설투자등               | 2026-05-29: 주식등의대량보유상황보고서(일반) | 2026-05-29: 임원ㆍ주요주주특정증권등소유상황보고서,4
해성에어로보틱스,059270,0,OK,,,,2026-06-26: 소송등의제기ㆍ신청(경영권분쟁소송)               | 2026-06-11: 주요사항보고서(전환사채매수선택권행사자지정) | 2026-06-04: 주식등의대량보유상황보고서(약식),3
삼원강재,023000,0,OK,,,,2026-06-01: [기재정정]대규모기업집단현황공시[연1회공시및1/4분기용(개별회사)] | 2026-05-29: [기재정정]기업지배구조보고서공시               | 2026-05-29: 기업지배구조보고서공시               | 2026-05-29: 대규모기업집단현황공시[연1회공시및1/4분기용(개별회사)],4
LS증권,078020,0,OK,,,,2026-06-11: 소송등의제기ㆍ신청(일정금액이상의청구)               | 2026-06-09: 단기차입금증가결정               | 2026-06-01: [기재정정]대규모기업집단현황공시[연1회공시및1/4분기용(개별회사)] | 2026-06-01: 대규모기업집단현황공시[연1회공시및1/4분기용(개별회사)],4
SJG세종,033530,0,OK,,,,2026-06-12: 주주총회소집공고 | 2026-06-04: [기재정정]주주명부폐쇄기간또는기준일설정               | 2026-06-04: [기재정정]주주총회소집결의               | 2026-06-01: 기업지배구조보고서공시              ,4
삼천리,004690,0,OK,,,,2026-06-26: 임원ㆍ주요주주특정증권등소유상황보고서 | 2026-06-26: 임원ㆍ주요주주특정증권등소유상황보고서 | 2026-06-24: 최대주주등소유주식변동신고서               | 2026-05-29: [기재정정]대규모기업집단현황공시[연1회공시및1/4분기용(대표회사)] | 2026-05-29: 기업지배구조보고서공시              ,5
남화산업,111710,0,OK,,,,2026-06-04: 임원ㆍ주요주주특정증권등소유상황보고서 | 2026-05-29: 주식등의대량보유상황보고서(일반) | 2026-05-29: 임원ㆍ주요주주특정증권등소유상황보고서,3
세아제강,306200,0,OK,,,,2026-06-25: 증권발행실적보고서 | 2026-06-25: 투자설명서 | 2026-06-24: [발행조건확정]증권신고서(채무증권) | 2026-06-24: [기재정정]증권신고서(채무증권) | 2026-06-19: [발행조건확정]증권신고서(채무증권),10
폰드그룹,472850,0,OK,,,,2026-06-26: 주식등의대량보유상황보고서(일반) | 2026-06-19: 주식등의대량보유상황보고서(일반) | 2026-06-12: 현금ㆍ현물배당결정              (분기배당) | 2026-06-12: 중간(분기)배당을위한주주명부폐쇄(기준일)결정               | 2026-06-11: 주식등의대량보유상황보고서(일반),8
우리엔터프라이즈,037400,0,OK,,,,2026-06-08: 주주명부폐쇄기간또는기준일설정               | 2026-06-08: 주주총회소집결의              (임시주주총회) | 2026-06-08: 주식병합결정               | 2026-05-29: 임원ㆍ주요주주특정증권등소유상황보고서,4
지역난방공사,071320,0,OK,,,,2026-06-15: 의결권대리행사권유참고서류 | 2026-06-15: 주주총회소집공고 | 2026-06-15: 주주명부폐쇄기간또는기준일설정               | 2026-06-15: 주주명부폐쇄기간또는기준일설정               | 2026-06-15: 주주총회소집결의              ,6
앤씨앤,092600,0,OK,,,,2026-06-12: 임원ㆍ주요주주특정증권등소유상황보고서 | 2026-06-10: 주식등의대량보유상황보고서(일반) | 2026-06-10: 임원ㆍ주요주주특정증권등소유상황보고서,3
풍산홀딩스,005810,0,OK,,,,2026-06-17: 자기주식취득결과보고서 | 2026-06-11: 임원ㆍ주요주주특정증권등소유상황보고서 | 2026-06-11: 최대주주등소유주식변동신고서               | 2026-06-01: 기업지배구조보고서공시              ,4
보원케미칼,0010F0,0,OK,,,,2026-06-16: 주식등의대량보유상황보고서(약식) | 2026-06-16: [기재정정]사업보고서 (2025.12) | 2026-06-05: 임원ㆍ주요주주특정증권등소유상황보고서 | 2026-06-02: 임원ㆍ주요주주특정증권등소유상황보고서,4
이노션,214320,0,OK,,,,2026-06-11: 주식등의대량보유상황보고서(약식) | 2026-06-09: 주식등의대량보유상황보고서(약식) | 2026-06-01: 기업지배구조보고서공시               | 2026-05-29: 대규모기업집단현황공시[연1회공시및1/4분기용(개별회사)],4
한화에어로스페이스,012450,0,OK,,,,2026-06-24: 동일인등출자계열회사와의상품ㆍ용역거래 | 2026-06-16: 타법인주식및출자증권취득결정               | 2026-06-16: [기재정정]타법인주식및출자증권취득결정               | 2026-06-10: 풍문또는보도에대한해명               | 2026-06-09: 임원ㆍ주요주주특정증권등소유상황보고서,10
슈피겐코리아,192440,0,OK,,,,2026-06-25: 임원ㆍ주요주주특정증권등거래계획보고서 | 2026-06-25: 임원ㆍ주요주주특정증권등소유상황보고서 | 2026-06-17: 임원ㆍ주요주주특정증권등소유상황보고서 | 2026-06-11: 임원ㆍ주요주주특정증권등소유상황보고서 | 2026-06-04: 임원ㆍ주요주주특정증권등소유상황보고서,5
삼익악기,002450,0,OK,,,,2026-06-19: 주식등의대량보유상황보고서(일반) | 2026-06-09: 최대주주등소유주식변동신고서               | 2026-06-09: 임원ㆍ주요주주특정증권등소유상황보고서 | 2026-06-08: 주식등의대량보유상황보고서(일반) | 2026-06-01: 기업지배구조보고서공시              ,5
CJ,001040,0,OK,,,,2026-06-22: 타인에대한채무보증결정(자회사의 주요경영사항)               | 2026-06-04: [기재정정]주요사항보고서(자기전환사채만기전취득결정)(자회사의 주요경영사항)               | 2026-06-01: [기재정정]대규모기업집단현황공시[연1회공시및1/4분기용(대표회사)] | 2026-06-01: 기업지배구조보고서공시               | 2026-06-01: 대규모기업집단현황공시[연1회(동일인용)],7
파인메딕스,387570,0,OK,,,,2026-06-26: [기재정정]사업보고서 (2025.12) | 2026-06-26: 주식등의대량보유상황보고서(약식) | 2026-06-26: 주식등의대량보유상황보고서(약식),3
더네이쳐홀딩스,298540,0,OK,,,,2026-06-17: 주식등의대량보유상황보고서(약식) | 2026-06-15: 주식등의대량보유상황보고서(일반) | 2026-06-15: 임원ㆍ주요주주특정증권등소유상황보고서 | 2026-06-11: 임원ㆍ주요주주특정증권등소유상황보고서 | 2026-06-11: 기업설명회(IR)개최              ,8
DB하이텍,000990,0,OK,,,,2026-06-25: 임원ㆍ주요주주특정증권등소유상황보고서 | 2026-06-18: 임원ㆍ주요주주특정증권등소유상황보고서 | 2026-06-18: 주식등의대량보유상황보고서(일반) | 2026-06-04: 임원ㆍ주요주주특정증권등소유상황보고서 | 2026-06-01: 기업지배구조보고서공시              ,8
유니온,000910,0,OK,,,,2026-06-01: 주식등의대량보유상황보고서(일반) | 2026-06-01: 임원ㆍ주요주주특정증권등소유상황보고서 | 2026-06-01: 최대주주등소유주식변동신고서               | 2026-06-01: 기업지배구조보고서공시              ,4
엑시큐어하이트론,019490,0,OK,,,,2026-06-26: [기재정정]주요사항보고서(타법인주식및출자증권양도결정) | 2026-06-24: [기재정정]주요사항보고서(타법인주식및출자증권양도결정) | 2026-06-02: 기업지배구조보고서공시              ,3
HLB바이오스텝,278650,0,OK,,,,2026-06-23: 불성실공시법인미지정              (공시번복) | 2026-06-11: 임원ㆍ주요주주특정증권등소유상황보고서 | 2026-06-10: 임원ㆍ주요주주특정증권등소유상황보고서 | 2026-06-09: 주식등의대량보유상황보고서(일반) | 2026-06-08: 임원ㆍ주요주주특정증권등소유상황보고서,7
화성밸브,039610,0,OK,,,,2026-06-26: 주식등의대량보유상황보고서(일반) | 2026-06-26: 임원ㆍ주요주주특정증권등소유상황보고서 | 2026-06-09: 주식등의대량보유상황보고서(일반) | 2026-06-09: 임원ㆍ주요주주특정증권등소유상황보고서,4
SYTS,002170,0,OK,,,,2026-06-25: 의결권대리행사권유참고서류 | 2026-06-25: 주주총회소집공고 | 2026-06-12: 주요사항보고서(자기주식취득신탁계약체결결정) | 2026-06-01: 대규모기업집단현황공시[연1회공시및1/4분기용(개별회사)] | 2026-06-01: 기업지배구조보고서공시              ,5
NH올원리츠,400760,0,OK,,,,2026-06-12: 현금ㆍ현물배당을위한주주명부폐쇄(기준일)결정               | 2026-06-12: 주주명부폐쇄기간또는기준일설정               | 2026-06-09: 기타경영사항(자율공시)               | 2026-05-29: 기타경영사항(자율공시)               | 2026-05-29: 기업지배구조보고서공시              ,5
SK케미칼,285130,0,OK,,,,2026-06-04: 임원ㆍ주요주주특정증권등소유상황보고서 | 2026-05-29: 기업지배구조보고서공시               | 2026-05-29: 대규모기업집단현황공시[연1회공시및1/4분기용(개별회사)] | 2026-05-29: [기재정정]타법인주식및출자증권처분결정              ,4
HD현대마린솔루션,443060,0,OK,,,,2026-06-08: 주식등의대량보유상황보고서(약식) | 2026-05-29: 대규모기업집단현황공시[연1회공시및1/4분기용(개별회사)] | 2026-05-29: 기업지배구조보고서공시              ,3
LX하우시스,108670,0,OK,,,,2026-06-26: 단기차입금증가결정               | 2026-06-26: 지속가능경영보고서등관련사항(자율공시)               | 2026-06-01: 기업지배구조보고서공시               | 2026-05-29: 대규모기업집단현황공시[연1회공시및1/4분기용(개별회사)],4
CJ제일제당,097950,0,OK,,,,2026-06-23: 주식등의대량보유상황보고서(약식) | 2026-06-01: 기업지배구조보고서공시               | 2026-06-01: 대규모기업집단현황공시[연1회공시및1/4분기용(개별회사)],3
삼성출판사,068290,0,OK,,,,2026-06-26: 임원ㆍ주요주주특정증권등소유상황보고서 | 2026-06-26: 최대주주등소유주식변동신고서               | 2026-06-01: 주요사항보고서(자기주식취득신탁계약체결결정) | 2026-05-29: 기업지배구조보고서공시              ,4
대동,000490,0,OK,,,,2026-06-18: 최대주주등소유주식변동신고서               | 2026-06-18: 주식등의대량보유상황보고서(일반) | 2026-06-18: 임원ㆍ주요주주특정증권등소유상황보고서 | 2026-06-18: 임원ㆍ주요주주특정증권등소유상황보고서 | 2026-06-18: 임원ㆍ주요주주특정증권등소유상황보고서,10
딥노이드,315640,0,OK,,,,2026-06-22: 주식등의대량보유상황보고서(약식) | 2026-06-22: 임원ㆍ주요주주특정증권등소유상황보고서 | 2026-06-05: 임시주주총회결과              ,3
SFA,056190,0,OK,,,,2026-06-22: 기타시장안내(약명및영문명)              (한글약명) | 2026-06-15: 중간(분기)배당을위한주주명부폐쇄(기준일)결정               | 2026-06-10: [기재정정]사업보고서 (2025.12),3
FSN,214270,0,OK,,,,2026-06-25: 주식등의대량보유상황보고서(약식) | 2026-06-12: 본점소재지변경               | 2026-06-09: 임원ㆍ주요주주특정증권등소유상황보고서 | 2026-06-09: 임원ㆍ주요주주특정증권등소유상황보고서 | 2026-06-09: 임원ㆍ주요주주특정증권등소유상황보고서,6
세아특수강,019440,0,OK,,,,2026-06-26: 동일인등출자계열회사와의상품ㆍ용역거래 | 2026-06-26: 동일인등출자계열회사와의상품ㆍ용역거래변경 | 2026-05-29: 대규모기업집단현황공시[연1회공시및1/4분기용(개별회사)],3
코다코,046070,0,OK,,,,2026-06-15: 감자완료               | 2026-06-10: 임원ㆍ주요주주특정증권등소유상황보고서 | 2026-06-10: 주식등의대량보유상황보고서(일반) | 2026-06-01: 사외이사의선임ㆍ해임또는중도퇴임에관한신고,4
타이드,346010,0,OK,,,,2026-06-11: 주식등의대량보유상황보고서(일반) | 2026-06-11: 임원ㆍ주요주주특정증권등소유상황보고서 | 2026-05-29: 주식등의대량보유상황보고서(약식),3
사조대림,003960,0,OK,,,,2026-06-26: 동일인등출자계열회사와의상품ㆍ용역거래 | 2026-06-25: 최대주주등소유주식변동신고서               | 2026-06-25: 임원ㆍ주요주주특정증권등소유상황보고서 | 2026-06-08: 최대주주등소유주식변동신고서               | 2026-06-08: 주식등의대량보유상황보고서(일반),7
루닛,328130,0,OK,,,,2026-06-18: 기업설명회(IR)개최               | 2026-06-01: 전환사채(해외전환사채포함)발행후만기전사채취득              (제2회차) | 2026-06-01: [기재정정]전환사채(해외전환사채포함)발행후만기전사채취득              (제1회차) | 2026-05-29: 지속가능경영보고서등관련사항(자율공시)              ,4
이씨에스,067010,0,OK,,,,2026-06-22: 기업가치제고계획(자율공시)              (2026년 (주)이씨에스텔레콤 기업가치 제고 계획) | 2026-06-19: 정기주주총회결과               | 2026-06-15: [기재정정]수시공시의무관련사항(공정공시)              (2026년 사업연도 주주환원 정책 안내) | 2026-06-15: 수시공시의무관련사항(공정공시)              (2026년 사업연도 주주환원 정책 안내) | 2026-06-11: 사업보고서 (2026.03),7
효성티앤씨,298020,0,OK,,,,2026-06-25: 지속가능경영보고서등관련사항(자율공시)               | 2026-06-01: 임원ㆍ주요주주특정증권등소유상황보고서 | 2026-06-01: 주식등의대량보유상황보고서(약식) | 2026-05-29: 기업지배구조보고서공시               | 2026-05-29: 대규모기업집단현황공시[연1회공시및1/4분기용(개별회사)],5
삼양패키징,272550,0,OK,,,,2026-06-25: 지속가능경영보고서등관련사항(자율공시)               | 2026-06-01: 기업지배구조보고서공시               | 2026-06-01: 대규모기업집단현황공시[연1회공시및1/4분기용(개별회사)],3
LG전자,066570,0,OK,,,,2026-06-11: 임원ㆍ주요주주특정증권등소유상황보고서 | 2026-06-01: 대규모기업집단현황공시[연1회공시및1/4분기용(개별회사)] | 2026-05-29: 기업지배구조보고서공시              ,3
코람코라이프인프라리츠,357120,0,OK,,,,2026-06-25: 임원ㆍ주요주주특정증권등소유상황보고서 | 2026-06-19: [기재정정]부동산투자회사부동산처분               | 2026-06-18: 임원ㆍ주요주주특정증권등소유상황보고서 | 2026-06-11: 임원ㆍ주요주주특정증권등소유상황보고서 | 2026-06-10: 주식등의대량보유상황보고서(약식),8
대신밸런스제20호스팩,0134X0,0,OK,,,,2026-06-26: 임원ㆍ주요주주특정증권등소유상황보고서 | 2026-06-26: 주식등의대량보유상황보고서(일반) | 2026-06-09: 임원ㆍ주요주주특정증권등소유상황보고서 | 2026-06-09: 주식등의대량보유상황보고서(일반),4
바이오인프라생명과학,266470,0,OK,,,,2026-06-18: [기재정정]주주총회소집결의               | 2026-06-16: 주주총회소집결의               | 2026-06-16: 주주명부폐쇄기간또는기준일설정               | 2026-06-04: 본점소재지변경              ,4
엔지켐생명과학,183490,0,OK,,,,2026-06-19: 주식등의대량보유상황보고서(일반) | 2026-06-17: 소송등의제기ㆍ신청(경영권분쟁소송)              (임시주주지위확인가처분) | 2026-06-12: 주주총회소집결의              (임시주주총회) | 2026-06-12: 주주명부폐쇄기간또는기준일설정               | 2026-06-12: 사외이사의선임ㆍ해임또는중도퇴임에관한신고,8
PKC,001340,0,OK,,,,2026-06-16: [기재정정]주요사항보고서(유형자산양수결정) | 2026-06-01: 전환가액ㆍ신주인수권행사가액ㆍ교환가액의조정(안내공시)               | 2026-06-01: 기업지배구조보고서공시              ,3
이수스페셜티케미컬,457190,0,OK,,,,2026-06-16: [기재정정]신규시설투자등               | 2026-06-08: 주식등의대량보유상황보고서(일반) | 2026-05-29: 기업지배구조보고서공시              ,3
나우로보틱스,459510,0,OK,,,,2026-06-23: 기업설명회(IR)개최               | 2026-06-17: 기업설명회(IR)개최               | 2026-06-01: 분기보고서 (2026.03) | 2026-05-29: [기재정정]주식매수선택권부여에관한신고 | 2026-05-29: 기타경영사항(자율공시)              (소규모합병 승인 이사회 결의(주주총회 갈음) 결과보고),5
에넥스,011090,0,OK,,,,2026-06-19: 임원ㆍ주요주주특정증권등거래계획보고서 | 2026-06-19: 임원ㆍ주요주주특정증권등소유상황보고서 | 2026-06-19: 임원ㆍ주요주주특정증권등소유상황보고서 | 2026-06-19: 임원ㆍ주요주주특정증권등소유상황보고서 | 2026-06-19: 임원ㆍ주요주주특정증권등소유상황보고서,13
동운아나텍,094170,0,OK,,,,2026-06-24: 주식등의대량보유상황보고서(일반) | 2026-06-24: 임원ㆍ주요주주특정증권등소유상황보고서 | 2026-06-18: 임원ㆍ주요주주특정증권등소유상황보고서,3
코미코,183300,0,OK,,,,2026-06-22: 주식등의대량보유상황보고서(일반) | 2026-06-10: 임원ㆍ주요주주특정증권등소유상황보고서 | 2026-06-09: 주식등의대량보유상황보고서(일반) | 2026-06-05: 기업가치제고계획(자율공시)              (2025년 이행현황) | 2026-06-04: 주식등의대량보유상황보고서(약식),5
SIMPAC,009160,0,OK,,,,2026-06-05: 임원ㆍ주요주주특정증권등소유상황보고서 | 2026-06-02: 임원ㆍ주요주주특정증권등소유상황보고서 | 2026-06-01: 기업지배구조보고서공시               | 2026-05-29: 임원ㆍ주요주주특정증권등소유상황보고서,4
상상인,038540,0,OK,,,,2026-06-16: 주요사항보고서(자기주식취득신탁계약체결결정) | 2026-06-11: 신탁계약해지결과보고서 | 2026-06-11: 주요사항보고서(자기주식취득신탁계약해지결정),3
미래에셋글로벌리츠,396690,0,OK,,,,2026-06-24: 부동산투자회사자금차입               | 2026-06-24: 정기주주총회결과               | 2026-06-23: [기재정정]주주총회소집공고 | 2026-06-17: 불성실공시법인지정예고               | 2026-06-16: 사업보고서 (2026.03),13
한글과컴퓨터,030520,0,OK,,,,2026-06-25: 임원ㆍ주요주주특정증권등소유상황보고서 | 2026-06-25: 주식등의대량보유상황보고서(일반) | 2026-06-18: 임원ㆍ주요주주특정증권등소유상황보고서 | 2026-06-18: 주식등의대량보유상황보고서(일반) | 2026-06-18: 타법인주식및출자증권처분결정              ,11
엑사이엔씨,054940,0,OK,,,,2026-06-23: 임원ㆍ주요주주특정증권등소유상황보고서 | 2026-06-23: [기재정정]주주총회소집공고 | 2026-06-23: 의결권대리행사권유참고서류 | 2026-06-23: 주주총회소집공고 | 2026-06-01: 주주총회소집결의              (임시주주총회),7
코웨이,021240,0,OK,,,,2026-06-26: 최대주주등소유주식변동신고서               | 2026-06-26: 임원ㆍ주요주주특정증권등소유상황보고서 | 2026-06-05: 최대주주등소유주식변동신고서               | 2026-06-05: 임원ㆍ주요주주특정증권등소유상황보고서 | 2026-06-05: 임원ㆍ주요주주특정증권등소유상황보고서,7
파루,043200,0,OK,,,,2026-06-02: 주주총회소집결의               | 2026-06-02: 주식병합결정               | 2026-06-02: 주주명부폐쇄기간또는기준일설정              ,3
케이씨씨글라스,344820,0,OK,,,,2026-06-23: 주식등의대량보유상황보고서(일반) | 2026-06-09: 임원ㆍ주요주주특정증권등소유상황보고서 | 2026-05-29: 대규모기업집단현황공시[연1회공시및1/4분기용(개별회사)] | 2026-05-29: 기업지배구조보고서공시              ,4
HD건설기계,267270,0,OK,,,,2026-06-02: [기재정정]분기보고서 (2026.03) | 2026-06-02: [기재정정]사업보고서 (2025.12) | 2026-06-01: 지속가능경영보고서등관련사항(자율공시)               | 2026-05-29: 기업지배구조보고서공시               | 2026-05-29: 대규모기업집단현황공시[연1회공시및1/4분기용(개별회사)],5
HL만도,204320,0,OK,,,,2026-06-17: 지속가능경영보고서등관련사항(자율공시)               | 2026-06-01: 기업지배구조보고서공시               | 2026-06-01: 임원ㆍ주요주주특정증권등소유상황보고서 | 2026-05-29: 대규모기업집단현황공시[연1회공시및1/4분기용(개별회사)],4
농심홀딩스,072710,0,OK,,,,2026-06-09: 최대주주등소유주식변동신고서               | 2026-06-05: 최대주주등소유주식변동신고서               | 2026-06-04: 최대주주등소유주식변동신고서               | 2026-05-29: 기업지배구조보고서공시               | 2026-05-29: 대규모기업집단현황공시[연1회공시및1/4분기용(개별회사)],5
HDC현대EP,089470,0,OK,,,,2026-06-15: 특수관계인에대한자금대여 | 2026-06-15: 특수관계인에대한자금대여 | 2026-06-01: 대규모기업집단현황공시[연1회공시및1/4분기용(개별회사)] | 2026-05-29: 기업지배구조보고서공시              ,4
에임드바이오,0009K0,0,OK,,,,2026-06-26: 투자판단관련주요경영사항              (ODS025 기술이전계약 관련 마일스톤 기술료 수령) | 2026-06-26: 투자판단관련주요경영사항(임상시험계획승인신청등결정)              (BI 4060107 (ODS025)의 제 1상 임상시험계획 승인) | 2026-06-16: [기재정정]투자판단관련주요경영사항(임상시험계획승인신청)              (BI 4060107 (ODS025)의 제 1상 임상시험계획 승인 신청) | 2026-06-05: 주주명부폐쇄기간또는기준일설정               | 2026-06-05: 주주총회소집결의              (임시주주총회),5
우림피티에스,101170,0,OK,,,,2026-06-26: 주식등의대량보유상황보고서(일반) | 2026-06-22: 주식등의대량보유상황보고서(일반) | 2026-06-09: 주식등의대량보유상황보고서(일반) | 2026-06-04: 주식등의대량보유상황보고서(일반),4
에스엠벡셀,010580,0,OK,,,,2026-06-25: 최대주주등소유주식변동신고서               | 2026-06-25: 주식등의대량보유상황보고서(일반) | 2026-06-25: 임원ㆍ주요주주특정증권등소유상황보고서 | 2026-06-18: 최대주주등소유주식변동신고서               | 2026-06-18: 주식등의대량보유상황보고서(일반),15
제이엘케이,322510,0,OK,,,,2026-06-19: 주식등의대량보유상황보고서(약식) | 2026-06-17: 기타경영사항(자율공시)              (범부처 첨단의료기기 연구개발 국외임상과제 (국책과제 선정)) | 2026-05-29: 기업설명회(IR)개최              ,3
덕신이피씨,090410,0,OK,,,,2026-06-15: 주주총회소집결의              (임시주주총회) | 2026-06-15: 주식병합결정               | 2026-06-15: 주주명부폐쇄기간또는기준일설정              ,3
INVENI,015360,0,OK,,,,2026-06-16: [기재정정]타법인주식및출자증권처분결정               | 2026-06-08: 임원ㆍ주요주주특정증권등소유상황보고서 | 2026-06-08: 주식등의대량보유상황보고서(일반) | 2026-06-08: 최대주주등소유주식변동신고서               | 2026-06-05: [기재정정]사업보고서 (2025.12),10
성우,458650,0,OK,,,,2026-06-25: 의결권대리행사권유참고서류 | 2026-06-25: 주주총회소집공고 | 2026-06-04: 주주총회소집결의              (임시주주총회) | 2026-06-04: 주주명부폐쇄기간또는기준일설정              ,4
제일기획,030000,0,OK,,,,2026-06-19: 주식등의대량보유상황보고서(약식) | 2026-06-01: 기업지배구조보고서공시               | 2026-06-01: 대규모기업집단현황공시[연1회공시및1/4분기용(개별회사)] | 2026-05-29: 최대주주등소유주식변동신고서              ,4
DB,012030,0,OK,,,,2026-06-01: 기업지배구조보고서공시               | 2026-05-29: 대규모기업집단현황공시[연1회공시및1/4분기용(대표회사)] | 2026-05-29: 대규모기업집단현황공시[연1회(동일인용)],3
티앤알바이오팹,246710,0,OK,,,,2026-06-18: 주식등의대량보유상황보고서(일반) | 2026-06-11: 임원ㆍ주요주주특정증권등거래계획보고서 | 2026-06-08: 임원ㆍ주요주주특정증권등소유상황보고서,3
피스피스스튜디오,0117P0,0,OK,,,,2026-06-15: 임원ㆍ주요주주특정증권등소유상황보고서 | 2026-06-15: 임원ㆍ주요주주특정증권등소유상황보고서 | 2026-06-15: 임원ㆍ주요주주특정증권등소유상황보고서 | 2026-06-15: 주식등의대량보유상황보고서(일반) | 2026-06-08: 주식등의대량보유상황보고서(약식),6
코스모신소재,005070,0,OK,,,,2026-06-09: 주식등의대량보유상황보고서(일반) | 2026-06-02: [기재정정]분기보고서 (2026.03) | 2026-06-02: [기재정정]사업보고서 (2025.12) | 2026-05-29: 기업지배구조보고서공시              ,4
엘브이엠씨,900140,0,OK,,,,2026-06-09: 조회공시요구(풍문또는보도)에대한답변(부인)               | 2026-06-08: 전환가액ㆍ신주인수권행사가액ㆍ교환가액의조정(안내공시)               | 2026-06-01: 기업지배구조보고서공시               | 2026-06-01: [기재정정]분기보고서 (2026.03),4
티엔엔터테인먼트,131100,0,OK,,,,2026-06-04: 주주명부폐쇄기간또는기준일설정               | 2026-06-04: 주주총회소집결의              (임시주주총회) | 2026-06-04: 주식병합결정               | 2026-06-01: 대규모기업집단현황공시[연1회공시및1/4분기용(개별회사)],4
일월지엠엘,178780,0,OK,,,,2026-06-23: 주식등의대량보유상황보고서(일반) | 2026-06-23: 임원ㆍ주요주주특정증권등소유상황보고서 | 2026-06-09: 주식등의대량보유상황보고서(일반) | 2026-06-09: 임원ㆍ주요주주특정증권등소유상황보고서,4
티웨이홀딩스,004870,0,OK,,,,2026-06-19: 임시주주총회결과               | 2026-06-15: 주식등의대량보유상황보고서(일반) | 2026-06-04: 주주총회소집공고 | 2026-06-01: 대규모기업집단현황공시[연1회공시및1/4분기용(개별회사)] | 2026-06-01: 기업지배구조보고서공시              ,5
한화생명,088350,0,OK,,,,2026-06-25: 임원ㆍ주요주주특정증권등소유상황보고서 | 2026-06-15: 특수관계인과의수익증권거래 | 2026-06-15: 기타경영사항(자율공시)               | 2026-06-12: 임원ㆍ주요주주특정증권등소유상황보고서 | 2026-06-12: 임원ㆍ주요주주특정증권등소유상황보고서,7
E1,017940,0,OK,,,,2026-06-19: 지속가능경영보고서등관련사항(자율공시)               | 2026-06-12: 약관에의한금융거래시계열금융회사의거래상대방의공시 | 2026-06-11: 임원ㆍ주요주주특정증권등거래계획보고서 | 2026-06-11: 임원ㆍ주요주주특정증권등거래계획보고서 | 2026-06-11: 임원ㆍ주요주주특정증권등거래계획보고서,12
퍼시스,016800,0,OK,,,,2026-06-09: 주식등의대량보유상황보고서(일반) | 2026-06-04: 최대주주등소유주식변동신고서               | 2026-06-01: 기업지배구조보고서공시              ,3
콜마홀딩스,024720,0,OK,,,,2026-06-19: 주식등의대량보유상황보고서(일반) | 2026-06-12: 주식등의대량보유상황보고서(일반) | 2026-06-05: 주식등의대량보유상황보고서(일반) | 2026-06-01: 대규모기업집단현황공시[연1회(동일인용)] | 2026-06-01: 기업지배구조보고서공시              ,6
셀트리온,068270,0,OK,,,,2026-06-26: 투자판단관련주요경영사항              (CTP55(코센틱스 바이오시밀러) 한국 품목허가 신청) | 2026-06-18: 투자판단관련주요경영사항              (개발 전략 변경에 따른 CTP13 SC(램시마 피하주사 제형) 유럽 임상 3상 시험 계획 Part 1 승인 만료 (크론병 소아 환자)) | 2026-06-18: 투자판단관련주요경영사항              (개발 전략 변경에 따른 CTP13 SC(램시마 피하주사 제형) 유럽 임상 3상 시험 계획 Part 1 승인 만료 (궤양성 대장염 소아 환자)) | 2026-06-16: [기재정정]기업지배구조보고서공시               | 2026-06-04: 주식등의대량보유상황보고서(일반),8
롤링스톤,214610,0,OK,,,,2026-06-19: [첨부정정]금전대여결정              (대여기간 연장) | 2026-06-17: 주식등의대량보유상황보고서(약식) | 2026-06-16: [기재정정]주주총회소집공고 | 2026-06-15: [기재정정]주주총회소집결의              (임시주주총회) | 2026-06-15: 주주총회소집공고,6
조이웍스앤코,309930,0,OK,,,,2026-06-17: [기재정정]주주명부폐쇄기간또는기준일설정               | 2026-06-17: [기재정정]주주총회소집결의               | 2026-06-16: [기재정정]주식등의대량보유상황보고서(약식) | 2026-06-16: [기재정정]주식등의대량보유상황보고서(약식) | 2026-06-15: 주식등의대량보유상황보고서(약식),10
YTN,040300,0,OK,,,,2026-06-26: 사외이사의선임ㆍ해임또는중도퇴임에관한신고 | 2026-06-26: 임시주주총회결과               | 2026-06-11: 주주총회소집공고 | 2026-06-10: [기재정정]주주총회소집결의              (임시주주총회) | 2026-05-29: 대규모기업집단현황공시[연1회공시및1/4분기용(개별회사)],5
엔알비,475230,0,OK,,,,2026-06-26: 임원ㆍ주요주주특정증권등소유상황보고서 | 2026-06-25: 임원ㆍ주요주주특정증권등소유상황보고서 | 2026-06-19: 임원ㆍ주요주주특정증권등소유상황보고서 | 2026-06-19: 임원ㆍ주요주주특정증권등소유상황보고서 | 2026-06-19: 임원ㆍ주요주주특정증권등소유상황보고서,10
이리츠코크렙,088260,0,OK,,,,2026-06-25: 임원ㆍ주요주주특정증권등소유상황보고서 | 2026-06-18: 임원ㆍ주요주주특정증권등소유상황보고서 | 2026-06-12: 주주명부폐쇄기간또는기준일설정               | 2026-06-11: 임원ㆍ주요주주특정증권등소유상황보고서 | 2026-06-08: [기재정정]부동산투자회사부동산임대              ,11
캐스텍코리아,071850,0,OK,,,,2026-06-18: 소송등의판결ㆍ결정              (주주총회결의무효확인 등) | 2026-06-16: 소송등의제기ㆍ신청(경영권분쟁소송)              (주주총회결의무효확인 등) | 2026-06-05: 기타경영사항(자율공시)              (주주총회결의무효확인 등 소송 판결에 대한 상고제기),3
옵투스제약,131030,0,OK,,,,2026-06-26: [기재정정]신규시설투자등               | 2026-06-12: 임원ㆍ주요주주특정증권등소유상황보고서 | 2026-05-29: 불성실공시법인미지정              (지정유예),3
SAMG엔터,419530,0,OK,,,,2026-06-11: 임원ㆍ주요주주특정증권등소유상황보고서 | 2026-06-11: 주식등의대량보유상황보고서(일반) | 2026-06-10: 임원ㆍ주요주주특정증권등소유상황보고서 | 2026-06-10: 임원ㆍ주요주주특정증권등소유상황보고서,4
한국금융지주,071050,0,OK,,,,2026-06-26: [발행조건확정]증권신고서(채무증권) | 2026-06-26: [기재정정]증권신고서(채무증권) | 2026-06-22: 증권신고서(채무증권) | 2026-06-08: 주식등의대량보유상황보고서(약식),4
LG,003550,0,OK,,,,2026-06-22: 기업설명회(IR)개최(안내공시)               | 2026-06-01: 대규모기업집단현황공시[연1회(동일인용)] | 2026-06-01: 기업지배구조보고서공시               | 2026-06-01: 대규모기업집단현황공시[연1회공시및1/4분기용(대표회사)],4
제주항공,089590,0,OK,,,,2026-06-11: 주식등의대량보유상황보고서(일반) | 2026-06-09: [기재정정]신규시설투자등               | 2026-06-05: 주식등의대량보유상황보고서(일반) | 2026-06-01: 기업지배구조보고서공시               | 2026-05-29: 대규모기업집단현황공시[연1회공시및1/4분기용(개별회사)],6
드림씨아이에스,223250,0,OK,,,,2026-06-26: 임원ㆍ주요주주특정증권등소유상황보고서 | 2026-06-26: 임원ㆍ주요주주특정증권등소유상황보고서 | 2026-06-17: 기업설명회(IR)개최              ,3
티엘엔지니어링,413300,0,OK,,,,2026-06-22: 기업설명회(IR)개최결과               | 2026-06-19: 기업설명회(IR)개최               | 2026-06-09: 기업설명회(IR)개최              ,3
바이오프로테크,199290,0,OK,,,,2026-06-16: 기업설명회(IR)개최결과               | 2026-06-05: 임원ㆍ주요주주특정증권등소유상황보고서 | 2026-06-05: 주식등의대량보유상황보고서(일반) | 2026-06-01: 기업설명회(IR)개최              ,4
대주전자재료,078600,0,OK,,,,2026-06-17: 주요사항보고서(자기전환사채만기전취득결정) | 2026-06-01: 전환청구권행사               | 2026-06-01: 전환청구권행사               | 2026-05-29: 주식등의대량보유상황보고서(약식),4
교보증권,030610,0,OK,,,,2026-06-26: 증권발행실적보고서 | 2026-06-26: 증권발행실적보고서 | 2026-06-26: 증권발행실적보고서 | 2026-06-26: 증권발행실적보고서 | 2026-06-26: 투자설명서(일괄신고),100
GS,078930,0,OK,,,,2026-06-25: 최대주주등소유주식변동신고서               | 2026-06-25: 주식등의대량보유상황보고서(일반) | 2026-06-23: 타인에대한채무보증결정(자회사의 주요경영사항)               | 2026-06-11: 지주회사의자회사편입               | 2026-06-11: 타인에대한채무보증결정(자회사의 주요경영사항)              ,10
코이즈,121850,0,OK,,,,2026-06-15: 기업설명회(IR)개최               | 2026-06-09: 주식등의대량보유상황보고서(약식) | 2026-06-09: 주식등의대량보유상황보고서(약식) | 2026-06-01: 증권발행결과(자율공시)              (제3회차 CB),4
JB금융지주,175330,0,OK,,,,2026-06-22: 최대주주등소유주식변동신고서               | 2026-06-19: 주식등의대량보유상황보고서(일반) | 2026-06-19: 임원ㆍ주요주주특정증권등소유상황보고서 | 2026-06-17: 사외이사의선임ㆍ해임또는중도퇴임에관한신고 | 2026-06-16: 효력발생안내( 2026.6.8. 제출 일괄신고서 ),10
한미글로벌,053690,0,OK,,,,2026-06-04: [기재정정]타인에대한채무보증결정               | 2026-05-29: 기업지배구조보고서공시               | 2026-05-29: 최대주주등소유주식변동신고서               | 2026-05-29: 주식등의대량보유상황보고서(일반),4
엘티씨,170920,0,OK,,,,2026-06-25: 주식등의대량보유상황보고서(약식) | 2026-05-29: 임원ㆍ주요주주특정증권등소유상황보고서 | 2026-05-29: 주식등의대량보유상황보고서(일반),3
아즈텍WB,032080,0,OK,,,,2026-06-24: 주식등의대량보유상황보고서(일반) | 2026-06-24: 임원ㆍ주요주주특정증권등소유상황보고서 | 2026-06-24: 임원ㆍ주요주주특정증권등소유상황보고서 | 2026-06-16: 임원ㆍ주요주주특정증권등소유상황보고서 | 2026-06-16: 임원ㆍ주요주주특정증권등소유상황보고서,7
유한양행,000100,0,OK,,,,2026-06-25: 임원ㆍ주요주주특정증권등소유상황보고서 | 2026-06-15: 임원ㆍ주요주주특정증권등소유상황보고서 | 2026-06-08: 주식등의대량보유상황보고서(약식) | 2026-06-05: 기업설명회(IR)개최(안내공시)               | 2026-06-05: 기업설명회(IR)개최(안내공시)              ,7
HB솔루션,297890,0,OK,,,,2026-06-24: 임원ㆍ주요주주특정증권등소유상황보고서 | 2026-06-23: 의결권대리행사권유참고서류 | 2026-06-23: 주주총회소집공고,3
신세계푸드,031440,0,OK,,,,2026-06-22: 임시주주총회결과               | 2026-06-22: 동일인등출자계열회사와의상품ㆍ용역거래 | 2026-06-05: 의결권대리행사권유참고서류 | 2026-06-05: 주주총회소집공고 | 2026-06-01: 대규모기업집단현황공시[연1회공시및1/4분기용(개별회사)],6
메가터치,446540,0,OK,,,,2026-06-23: 임원ㆍ주요주주특정증권등소유상황보고서 | 2026-06-15: 임원ㆍ주요주주특정증권등소유상황보고서 | 2026-06-02: 임원ㆍ주요주주특정증권등소유상황보고서,3
더존비즈온,012510,0,OK,,,,2026-06-26: 최대주주등소유주식변동신고서               | 2026-06-19: 최대주주등소유주식변동신고서               | 2026-06-18: 주식등의대량보유상황보고서(일반) | 2026-06-12: 최대주주등소유주식변동신고서               | 2026-06-05: 최대주주등소유주식변동신고서              ,9
삼성전자,005930,0,OK,,,,2026-06-26: 임원ㆍ주요주주특정증권등소유상황보고서 | 2026-06-26: 임원ㆍ주요주주특정증권등소유상황보고서 | 2026-06-26: 지속가능경영보고서등관련사항(자율공시)               | 2026-06-25: 임원ㆍ주요주주특정증권등소유상황보고서 | 2026-06-24: 풍문또는보도에대한해명(미확정)              ,22
지투파워,388050,0,OK,,,,2026-06-23: 기업설명회(IR)개최               | 2026-06-10: 주요사항보고서(자기주식취득신탁계약체결결정) | 2026-05-29: [기재정정]사업보고서 (2025.12),3
디와이,013570,0,OK,,,,2026-06-17: 최대주주등소유주식변동신고서               | 2026-06-05: 최대주주등소유주식변동신고서               | 2026-06-05: 임원ㆍ주요주주특정증권등소유상황보고서 | 2026-06-05: 주식등의대량보유상황보고서(일반) | 2026-05-29: 기업지배구조보고서공시              ,5
한국자산신탁,123890,0,OK,,,,2026-06-15: [기재정정]소송등의제기ㆍ신청(일정금액이상의청구)               | 2026-06-04: [기재정정]소송등의제기ㆍ신청(일정금액이상의청구)               | 2026-06-01: 대규모기업집단현황공시[연1회공시및1/4분기용(개별회사)] | 2026-05-29: 기업지배구조보고서공시              ,4
CG인바이츠,083790,0,OK,,,,2026-06-25: [기재정정]주주총회소집공고 | 2026-06-24: 불성실공시법인지정              (공시변경) | 2026-06-11: 주주총회소집공고 | 2026-06-11: 주주총회소집결의              (임시주주총회) | 2026-06-09: 소송등의판결ㆍ결정(일정금액이상의청구)              (약정금),8
에코글로우,159910,0,OK,,,,2026-06-26: 주식등의대량보유상황보고서(일반) | 2026-06-26: 임원ㆍ주요주주특정증권등소유상황보고서 | 2026-06-26: 임원ㆍ주요주주특정증권등소유상황보고서 | 2026-06-25: 전환사채(해외전환사채포함)발행후만기전사채취득              (제11회차) | 2026-06-23: 임원ㆍ주요주주특정증권등거래계획보고서,11
롯데하이마트,071840,0,OK,,,,2026-06-25: 주주명부폐쇄기간또는기준일설정               | 2026-06-25: 주주총회소집결의               | 2026-05-29: 기업지배구조보고서공시               | 2026-05-29: 대규모기업집단현황공시[연1회공시및1/4분기용(개별회사)],4
앱토크롬,109960,0,OK,,,,"2026-06-26: [기재정정]주요사항보고서(주권관련사채권양도결정) | 2026-06-26: [기재정정]투자판단관련주요경영사항              ((주)에이프로젠의 AP096, Adalimumab Biosimilar 개발을 위한 투자금 분담 계약 체결) | 2026-06-23: [기재정정]주권관련사채권의취득결정               | 2026-06-19: [기재정정]주권관련사채권의취득결정               | 2026-06-12: 임원ㆍ주요주주특정증권등거래계획철회보고서",8
이퓨쳐,134060,0,OK,,,,2026-06-24: 주요사항보고서(자기주식취득신탁계약체결결정) | 2026-06-24: 신탁계약해지결과보고서 | 2026-06-24: 주요사항보고서(자기주식취득신탁계약해지결정) | 2026-06-04: 주식등의대량보유상황보고서(일반) | 2026-06-04: 임원ㆍ주요주주특정증권등소유상황보고서,6
에코프로머티,450080,0,OK,,,,2026-06-25: 최대주주등소유주식변동신고서               | 2026-06-25: 주식등의대량보유상황보고서(일반) | 2026-06-24: 임원ㆍ주요주주특정증권등소유상황보고서 | 2026-06-24: 임원ㆍ주요주주특정증권등소유상황보고서 | 2026-06-05: 임원ㆍ주요주주특정증권등거래계획철회보고서,7
파마리서치,214450,0,OK,,,,2026-06-26: 기업설명회(IR)개최               | 2026-06-12: 지속가능경영보고서등관련사항(자율공시)               | 2026-06-09: 기업설명회(IR)개최              ,3
플레이디,237820,0,OK,,,,2026-06-10: [기재정정]주식등의대량보유상황보고서(일반) | 2026-06-09: 주식등의대량보유상황보고서(일반) | 2026-06-09: 임원ㆍ주요주주특정증권등소유상황보고서,3
HLB테라퓨틱스,115450,0,OK,,,,2026-06-10: 임원ㆍ주요주주특정증권등소유상황보고서 | 2026-06-09: 주식등의대량보유상황보고서(일반) | 2026-06-05: 임원ㆍ주요주주특정증권등소유상황보고서 | 2026-06-04: 전환가액의조정               | 2026-06-02: 주식등의대량보유상황보고서(일반),5
대동전자,008110,0,OK,,,,2026-06-25: [기재정정]주주총회소집공고 | 2026-06-25: 사업보고서 (2026.03) | 2026-06-10: 주주총회소집공고,3
미원홀딩스,107590,0,OK,,,,2026-06-15: 최대주주등소유주식변동신고서               | 2026-06-15: 임원ㆍ주요주주특정증권등소유상황보고서 | 2026-06-05: 최대주주등소유주식변동신고서               | 2026-06-05: 임원ㆍ주요주주특정증권등소유상황보고서 | 2026-06-05: 임원ㆍ주요주주특정증권등소유상황보고서,7
대한유화,006650,0,OK,,,,2026-06-10: 임원ㆍ주요주주특정증권등소유상황보고서 | 2026-06-05: 임원ㆍ주요주주특정증권등소유상황보고서 | 2026-05-29: 기업지배구조보고서공시              ,3
삼화전자공업,011230,0,OK,,,,2026-06-23: 주식등의대량보유상황보고서(일반) | 2026-06-23: 최대주주등소유주식변동신고서               | 2026-06-01: 기업지배구조보고서공시              ,3
대창단조,015230,0,OK,,,,2026-06-26: 최대주주등소유주식변동신고서               | 2026-06-26: 임원ㆍ주요주주특정증권등소유상황보고서 | 2026-06-22: 최대주주등소유주식변동신고서               | 2026-06-22: 임원ㆍ주요주주특정증권등소유상황보고서 | 2026-06-08: 임원ㆍ주요주주특정증권등거래계획보고서,8
유진증권,001200,0,OK,,,,2026-06-24: 투자설명서(일괄신고) | 2026-06-24: 일괄신고추가서류(파생결합증권-주가연계증권) | 2026-06-22: 증권발행실적보고서 | 2026-06-17: 투자설명서(일괄신고) | 2026-06-17: 일괄신고추가서류(파생결합증권-주가연계증권),16
액토즈소프트,052790,0,OK,,,,2026-06-12: 소송등의판결ㆍ결정(일정금액이상의청구)               | 2026-06-12: 소송등의판결ㆍ결정(일정금액이상의청구)               | 2026-06-12: 소송등의판결ㆍ결정(일정금액이상의청구)              ,3
휴림로봇,090710,0,OK,,,,2026-06-05: 소액공모실적보고서 | 2026-06-05: 증권발행결과(자율공시)              (일반공모증자-소액공모) | 2026-06-02: 유상증자또는주식관련사채등의청약결과(자율공시)              (일반공모증자-소액공모),3
유진로봇,056080,0,OK,,,,2026-06-26: 임원ㆍ주요주주특정증권등소유상황보고서 | 2026-06-23: 주식등의대량보유상황보고서(일반) | 2026-06-05: 임원ㆍ주요주주특정증권등소유상황보고서 | 2026-06-05: 주식등의대량보유상황보고서(일반) | 2026-06-05: [기재정정]임원ㆍ주요주주특정증권등거래계획보고서,6
삼목에스폼,018310,0,OK,,,,2026-06-15: 임원ㆍ주요주주특정증권등소유상황보고서 | 2026-06-15: 주식등의대량보유상황보고서(일반) | 2026-06-10: 공개매수결과보고서,3
삼익THK,004380,0,OK,,,,2026-06-26: 최대주주등소유주식변동신고서               | 2026-06-02: 최대주주등소유주식변동신고서               | 2026-06-02: 임원ㆍ주요주주특정증권등소유상황보고서 | 2026-06-01: 기업지배구조보고서공시              ,4
큐캐피탈,016600,0,OK,,,,2026-06-26: 주식등의대량보유상황보고서(일반) | 2026-06-26: 임원ㆍ주요주주특정증권등소유상황보고서 | 2026-06-26: 임원ㆍ주요주주특정증권등소유상황보고서 | 2026-06-26: 임원ㆍ주요주주특정증권등소유상황보고서 | 2026-06-26: 임원ㆍ주요주주특정증권등소유상황보고서,16
아이티센글로벌,124500,0,OK,,,,2026-06-25: [기재정정]타인에대한채무보증결정               | 2026-06-17: 기업설명회(IR)개최               | 2026-06-11: [기재정정]타인에대한채무보증결정               | 2026-05-29: [기재정정]타인에대한채무보증결정              ,4
태광산업,003240,0,OK,,,,2026-06-22: 풍문또는보도에대한해명               | 2026-06-10: [기재정정]대규모기업집단현황공시[연1회공시및1/4분기용(대표회사)] | 2026-06-10: 풍문또는보도에대한해명(미확정)               | 2026-06-05: [기재정정]대규모기업집단현황공시[연1회공시및1/4분기용(대표회사)] | 2026-06-05: [기재정정]대규모기업집단현황공시[연1회공시및1/4분기용(대표회사)],10
유니크,011320,0,OK,,,,2026-06-19: 주주총회소집공고 | 2026-06-16: 의결권대리행사권유참고서류 | 2026-06-15: 임원ㆍ주요주주특정증권등거래계획보고서 | 2026-06-09: 주주총회소집결의              (임시주주총회) | 2026-06-09: 주식등의대량보유상황보고서(일반),7
TYM,002900,0,OK,,,,2026-06-16: 임원ㆍ주요주주특정증권등소유상황보고서 | 2026-06-11: 임원ㆍ주요주주특정증권등소유상황보고서 | 2026-05-29: 기업지배구조보고서공시              ,3
부산은행,005280,0,OK,,,,2026-06-18: 증권발행실적보고서 | 2026-06-17: 투자설명서(일괄신고) | 2026-06-17: 일괄신고추가서류 | 2026-06-11: 증권발행실적보고서 | 2026-06-10: 투자설명서(일괄신고),9
쏘카,403550,0,OK,,,,2026-06-11: [기재정정]주식매수선택권부여에관한신고 | 2026-06-11: [기재정정]주식매수선택권부여에관한신고 | 2026-06-11: [기재정정]주식매수선택권부여에관한신고 | 2026-06-11: [기재정정]주식매수선택권부여에관한신고 | 2026-06-11: [기재정정]주식매수선택권부여에관한신고,9
코닉오토메이션,391710,0,OK,,,,2026-06-26: 주주총회소집공고 | 2026-06-05: 투자판단관련주요경영사항              ([국책과제 선정] 상용면적 페로브스카이트/결정질 실리콘 탠덤 모듈 기술개발 및 실증 사업(기후에너지환경부)) | 2026-06-04: 주주명부폐쇄기간또는기준일설정               | 2026-06-04: 주주총회소집결의              (임시주주총회),4
SBS,034120,0,OK,,,,2026-05-29: 주식등의대량보유상황보고서(일반) | 2026-05-29: 기업지배구조보고서공시               | 2026-05-29: 대규모기업집단현황공시[연1회공시및1/4분기용(개별회사)],3
아이마켓코리아,122900,0,OK,,,,2026-06-15: 현금ㆍ현물배당을위한주주명부폐쇄(기준일)결정               | 2026-06-05: 기업설명회(IR)개최(안내공시)               | 2026-06-05: 기업설명회(IR)개최(안내공시)               | 2026-06-01: 기업지배구조보고서공시              ,4
압타머사이언스,291650,0,OK,,,,2026-06-23: [기재정정]주주총회소집공고 | 2026-06-23: [기재정정]주주총회소집결의               | 2026-06-23: 주식병합결정               | 2026-06-15: 주주총회소집공고 | 2026-06-15: [기재정정]주주총회소집결의              ,5
효성화학,298000,0,OK,,,,2026-06-18: [기재정정]타법인주식및출자증권취득결정               | 2026-06-12: 기타경영사항(자율공시)               | 2026-06-12: 기타시장안내              (유가증권시장 기업심사위원회 심의결과 및 상장유지 결정 안내) | 2026-06-08: [기재정정]타법인주식및출자증권취득결정               | 2026-06-04: 금전대여결정              ,7
디씨엠,024090,0,OK,,,,2026-06-11: 신탁계약해지결과보고서 | 2026-06-11: 주요사항보고서(자기주식취득신탁계약해지결정) | 2026-05-29: 기업지배구조보고서공시              ,3
케이엠제약,225430,0,OK,,,,2026-06-23: 임시주주총회결과               | 2026-06-22: 주식등의대량보유상황보고서(일반) | 2026-06-22: 임원ㆍ주요주주특정증권등소유상황보고서 | 2026-06-11: 주식등의대량보유상황보고서(일반) | 2026-06-10: 임원ㆍ주요주주특정증권등소유상황보고서,11
우정바이오,215380,0,OK,,,,2026-06-23: 의결권대리행사권유참고서류 | 2026-06-23: 주주총회소집공고 | 2026-06-09: 전환가액의조정               | 2026-06-09: 임원ㆍ주요주주특정증권등소유상황보고서 | 2026-06-04: 임원ㆍ주요주주특정증권등소유상황보고서,9
싸이토젠,217330,0,OK,,,,2026-06-26: 주식등의대량보유상황보고서(일반) | 2026-06-26: 임원ㆍ주요주주특정증권등소유상황보고서 | 2026-06-26: 주식등의대량보유상황보고서(일반) | 2026-06-09: [기재정정]주식매수선택권부여에관한신고 | 2026-06-09: 주주총회소집결의              (임시주주총회),6
인디에프,014990,0,OK,,,,2026-06-24: 임원ㆍ주요주주특정증권등소유상황보고서 | 2026-06-24: 임원ㆍ주요주주특정증권등소유상황보고서 | 2026-06-24: 최대주주등소유주식변동신고서               | 2026-06-08: 최대주주등소유주식변동신고서               | 2026-06-05: 최대주주등소유주식변동신고서              ,9
동원수산,030720,0,OK,,,,2026-06-22: 임원ㆍ주요주주특정증권등거래계획보고서 | 2026-06-22: 임원ㆍ주요주주특정증권등거래계획보고서 | 2026-06-18: 타인에대한채무보증결정               | 2026-06-04: 임원ㆍ주요주주특정증권등소유상황보고서,4
휴마시스,205470,0,OK,,,,2026-06-05: 임원ㆍ주요주주특정증권등소유상황보고서 | 2026-06-05: 주식등의대량보유상황보고서(일반) | 2026-05-29: 임원ㆍ주요주주특정증권등소유상황보고서 | 2026-05-29: 주식등의대량보유상황보고서(일반),4
SOOP,067160,0,OK,,,,2026-06-10: 주식등의대량보유상황보고서(약식) | 2026-06-04: 임원ㆍ주요주주특정증권등소유상황보고서 | 2026-06-04: 임원ㆍ주요주주특정증권등소유상황보고서 | 2026-06-04: 임원ㆍ주요주주특정증권등소유상황보고서 | 2026-06-04: 임원ㆍ주요주주특정증권등소유상황보고서,5
LX홀딩스,383800,0,OK,,,,2026-06-26: 단기차입금증가결정(자회사의 주요경영사항)               | 2026-06-01: 기업지배구조보고서공시               | 2026-05-29: 대규모기업집단현황공시[연1회(동일인용)] | 2026-05-29: 대규모기업집단현황공시[연1회공시및1/4분기용(대표회사)],4
부국철강,026940,0,OK,,,,2026-06-24: 조회공시요구(현저한시황변동)에대한답변(중요공시대상없음)               | 2026-06-23: 조회공시요구(현저한시황변동)               | 2026-06-01: 기업지배구조보고서공시              ,3
금호석유화학,011780,0,OK,,,,2026-06-22: 지속가능경영보고서등관련사항(자율공시)               | 2026-06-22: 신탁계약에의한취득상황보고서 | 2026-06-22: 최대주주등소유주식변동신고서               | 2026-06-22: 임원ㆍ주요주주특정증권등소유상황보고서 | 2026-06-11: 최대주주등소유주식변동신고서              ,11
이엘피,063760,0,OK,,,,2026-06-26: 임원ㆍ주요주주특정증권등소유상황보고서 | 2026-06-26: 주식등의대량보유상황보고서(일반) | 2026-06-15: 중간(분기)배당을위한주주명부폐쇄(기준일)결정               | 2026-06-11: 임원ㆍ주요주주특정증권등소유상황보고서 | 2026-06-11: [기재정정]주식등의대량보유상황보고서(일반),7
현대코퍼레이션,011760,0,OK,,,,2026-06-01: 최대주주등소유주식변동신고서               | 2026-06-01: 주식등의대량보유상황보고서(일반) | 2026-06-01: 임원ㆍ주요주주특정증권등소유상황보고서 | 2026-05-29: 기업지배구조보고서공시              ,4
한국콜마,161890,0,OK,,,,2026-06-15: 기업설명회(IR)개최(안내공시)               | 2026-06-11: 기업설명회(IR)개최(안내공시)               | 2026-06-10: 기업설명회(IR)개최(안내공시)               | 2026-06-01: 대규모기업집단현황공시[연1회공시및1/4분기용(개별회사)] | 2026-05-29: 기업지배구조보고서공시              ,5
DB손해보험,005830,0,OK,,,,2026-06-24: 최대주주등소유주식변동신고서               | 2026-06-24: 주식등의대량보유상황보고서(일반) | 2026-06-18: 특수관계인에대한증여 | 2026-06-18: 특수관계인과의예ㆍ적금거래 | 2026-06-18: 특수관계인과의보험거래,14
원익머트리얼즈,104830,0,OK,,,,2026-06-05: 주식등의대량보유상황보고서(약식) | 2026-06-02: 지속가능경영보고서등관련사항(자율공시)               | 2026-05-29: 대규모기업집단현황공시[연1회공시및1/4분기용(개별회사)],3
금강공업,014280,0,OK,,,,2026-06-17: 주식등의대량보유상황보고서(일반) | 2026-06-01: 주요사항보고서(교환사채권발행결정) | 2026-05-29: 기업지배구조보고서공시              ,3
코메론,049430,0,OK,,,,2026-06-15: 주요사항보고서(자기주식취득신탁계약체결결정) | 2026-06-11: [기재정정]신탁계약해지결과보고서 | 2026-06-10: 주요사항보고서(자기주식취득신탁계약해지결정) | 2026-06-10: [기재정정]신탁계약해지결과보고서 | 2026-06-10: 신탁계약해지결과보고서,6
성우전자,081580,0,OK,,,,2026-06-22: 전환사채(해외전환사채포함)발행후만기전사채취득               | 2026-06-16: 불성실공시법인미지정              (지정유예) | 2026-06-09: 주식등의대량보유상황보고서(약식) | 2026-06-02: [기재정정]주요사항보고서(전환사채매수선택권행사자지정),4
아세아,002030,0,OK,,,,2026-06-15: 주식등의대량보유상황보고서(약식) | 2026-06-10: 주식등의대량보유상황보고서(약식) | 2026-06-10: 주식등의대량보유상황보고서(약식) | 2026-06-10: 주요사항보고서(자기주식취득신탁계약체결결정) | 2026-06-01: 기업지배구조보고서공시              ,5
대덕전자,353200,0,OK,,,,2026-06-18: 최대주주등소유주식변동신고서               | 2026-06-18: 임원ㆍ주요주주특정증권등소유상황보고서 | 2026-06-18: 주식등의대량보유상황보고서(일반) | 2026-06-02: 주식등의대량보유상황보고서(약식) | 2026-05-29: 기업지배구조보고서공시              ,5
SK가스,018670,0,OK,,,,2026-06-22: 동일인등출자계열회사와의상품ㆍ용역거래변경 | 2026-06-22: 동일인등출자계열회사와의상품ㆍ용역거래변경 | 2026-06-22: 동일인등출자계열회사와의상품ㆍ용역거래변경 | 2026-06-04: [기재정정]타법인주식및출자증권취득결정               | 2026-05-29: 기업지배구조보고서공시              ,7
피에이치에이,043370,0,OK,,,,2026-06-11: 주식등의대량보유상황보고서(일반) | 2026-06-11: 임원ㆍ주요주주특정증권등소유상황보고서 | 2026-06-11: 임원ㆍ주요주주특정증권등소유상황보고서,3
KC산업,112190,0,OK,,,,2026-06-19: [기재정정]사업보고서 (2025.12) | 2026-06-12: 주주총회소집공고 | 2026-06-10: [기재정정]주주총회소집결의              ,3
코렌텍,104540,0,OK,,,,2026-06-11: 임원ㆍ주요주주특정증권등소유상황보고서 | 2026-06-05: 임원ㆍ주요주주특정증권등소유상황보고서 | 2026-06-05: 임원ㆍ주요주주특정증권등소유상황보고서 | 2026-06-04: [기재정정]주식등의대량보유상황보고서(일반) | 2026-06-04: 임원ㆍ주요주주특정증권등소유상황보고서,6
선바이오,067370,0,OK,,,,2026-06-09: 임원ㆍ주요주주특정증권등소유상황보고서 | 2026-06-05: 전환가액의조정              (제4회차) | 2026-06-02: 임원ㆍ주요주주특정증권등소유상황보고서,3
더콘텐츠온,302920,0,OK,,,,2026-06-24: 임원ㆍ주요주주특정증권등소유상황보고서 | 2026-06-23: 기업설명회(IR)개최결과               | 2026-06-05: [기재정정]타법인주식및출자증권취득결정               | 2026-06-02: 기업설명회(IR)개최              ,4
녹십자,006280,0,OK,,,,2026-06-22: 최대주주등소유주식변동신고서               | 2026-06-22: 임원ㆍ주요주주특정증권등소유상황보고서 | 2026-06-01: 기업지배구조보고서공시              ,3
삼립,005610,0,OK,,,,2026-06-26: 중대재해발생               | 2026-06-25: 임원ㆍ주요주주특정증권등소유상황보고서 | 2026-06-25: 최대주주등소유주식변동신고서               | 2026-06-18: 불성실공시법인지정예고               | 2026-06-18: 타인에대한채무보증결정              ,10
녹십자홀딩스,005250,0,OK,,,,2026-06-15: 주식등의대량보유상황보고서(일반) | 2026-06-15: 임원ㆍ주요주주특정증권등소유상황보고서 | 2026-06-15: 최대주주등소유주식변동신고서               | 2026-06-01: 기업지배구조보고서공시              ,4
피노,033790,0,OK,,,,2026-06-16: 합병등종료보고서(자산양수도) | 2026-06-12: [기재정정]주요사항보고서(타법인주식및출자증권양수결정) | 2026-06-12: [첨부정정]주요사항보고서(타법인주식및출자증권양수결정) | 2026-06-10: 주주명부폐쇄기간또는기준일설정               | 2026-06-10: 주주총회소집결의              (임시주주총회),7
파미셀,005690,0,OK,,,,2026-06-19: 임원ㆍ주요주주특정증권등소유상황보고서 | 2026-06-19: 임원ㆍ주요주주특정증권등소유상황보고서 | 2026-06-19: 임원ㆍ주요주주특정증권등소유상황보고서 | 2026-06-19: 임원ㆍ주요주주특정증권등소유상황보고서 | 2026-06-19: 임원ㆍ주요주주특정증권등소유상황보고서,9
에이텍,045660,0,OK,,,,2026-06-26: 임원ㆍ주요주주특정증권등거래계획보고서 | 2026-06-26: 임원ㆍ주요주주특정증권등소유상황보고서 | 2026-06-24: 임원ㆍ주요주주특정증권등소유상황보고서 | 2026-06-19: [기재정정]사업보고서 (2025.12) | 2026-06-10: 주식등의대량보유상황보고서(일반),5
유니드비티플러스,446070,0,OK,,,,2026-06-22: 주요사항보고서(자기주식취득신탁계약체결결정) | 2026-05-29: 대규모기업집단현황공시[연1회공시및1/4분기용(개별회사)] | 2026-05-29: 기업지배구조보고서공시              ,3
네오오토,212560,0,OK,,,,2026-06-18: 임원ㆍ주요주주특정증권등소유상황보고서 | 2026-06-18: 주식등의대량보유상황보고서(일반) | 2026-06-11: 전환청구권행사               | 2026-06-11: 임원ㆍ주요주주특정증권등소유상황보고서 | 2026-06-11: 주식등의대량보유상황보고서(일반),5
LG디스플레이,034220,0,OK,,,,2026-06-09: 주식등의대량보유상황보고서(약식) | 2026-06-02: [기재정정]타인에대한채무보증결정               | 2026-06-01: 주식등의대량보유상황보고서(약식) | 2026-06-01: 대규모기업집단현황공시[연1회공시및1/4분기용(개별회사)],4
와이즈버즈,273060,0,OK,,,,2026-06-05: 주주총회소집결의              (임시주주총회) | 2026-06-05: 주주명부폐쇄기간또는기준일설정               | 2026-06-01: 대규모기업집단현황공시[연1회공시및1/4분기용(개별회사)],3
남양유업,003920,0,OK,,,,2026-06-22: 임원ㆍ주요주주특정증권등소유상황보고서 | 2026-06-12: 신탁계약에의한취득상황보고서 | 2026-06-12: 임원ㆍ주요주주특정증권등소유상황보고서 | 2026-06-05: 주식등의대량보유상황보고서(일반) | 2026-06-04: 임원ㆍ주요주주특정증권등소유상황보고서,6
강원랜드,035250,0,OK,,,,2026-06-25: 주주명부폐쇄기간또는기준일설정               | 2026-06-15: 기업설명회(IR)개최(안내공시)               | 2026-06-09: 임원ㆍ주요주주특정증권등소유상황보고서 | 2026-06-01: 기업지배구조보고서공시              ,4
광주은행,192530,0,OK,,,,2026-06-26: 증권발행실적보고서 | 2026-06-25: 투자설명서(일괄신고) | 2026-06-25: 일괄신고추가서류,3
케이티앤지,033780,0,OK,,,,2026-06-10: 주식등의대량보유상황보고서(약식) | 2026-06-09: 주식등의대량보유상황보고서(약식) | 2026-06-04: 주식등의대량보유상황보고서(약식) | 2026-05-29: 대규모기업집단현황공시[연1회(동일인용)] | 2026-05-29: [기재정정]대규모기업집단현황공시[연1회공시및1/4분기용(대표회사)],6
우듬지팜,403490,0,OK,,,,2026-06-24: 주주총회소집공고 | 2026-06-15: 주식등의대량보유상황보고서(일반) | 2026-06-05: 임원ㆍ주요주주특정증권등소유상황보고서,3
DB증권,016610,0,OK,,,,2026-06-26: 증권발행실적보고서 | 2026-06-26: 증권발행실적보고서 | 2026-06-26: 투자설명서(일괄신고) | 2026-06-26: 일괄신고추가서류(파생결합사채-주가연계파생결합사채) | 2026-06-24: 투자설명서(일괄신고),60
아티스트컴퍼니,321820,0,OK,,,,2026-06-25: 의결권대리행사권유참고서류 | 2026-06-05: 주주총회소집결의              (임시주주총회) | 2026-06-05: 주주명부폐쇄기간또는기준일설정               | 2026-06-01: 주요사항보고서(타법인주식및출자증권양도결정),4
베셀,177350,0,OK,,,,2026-06-23: 임시주주총회결과               | 2026-06-23: [기재정정]전환사채(해외전환사채포함)발행후만기전사채취득              (제7회차) | 2026-06-23: 주요사항보고서(자기주식취득신탁계약체결결정) | 2026-06-16: [기재정정]주식병합결정               | 2026-06-08: 의결권대리행사권유참고서류,8
유엔젤,072130,0,OK,,,,2026-06-23: 주식등의대량보유상황보고서(약식) | 2026-06-09: 주식등의대량보유상황보고서(약식) | 2026-06-09: 소송등의판결ㆍ결정               | 2026-06-01: 기업지배구조보고서공시              ,4
금호전기,001210,0,OK,,,,2026-06-17: 의결권대리행사권유참고서류 | 2026-06-17: 주주총회소집공고 | 2026-05-29: 기업지배구조보고서공시              ,3
에이비온,203400,0,OK,,,,2026-06-15: 주식등의대량보유상황보고서(일반) | 2026-06-15: 임원ㆍ주요주주특정증권등소유상황보고서 | 2026-06-12: 주식등의대량보유상황보고서(약식) | 2026-06-08: 임원ㆍ주요주주특정증권등소유상황보고서,4
한국첨단소재,062970,0,OK,,,,2026-06-17: [기재정정]임시주주총회결과               | 2026-06-17: 임시주주총회결과               | 2026-06-17: 주식등의대량보유상황보고서(일반) | 2026-06-10: 증권발행결과(자율공시)               | 2026-06-04: 주요사항보고서(타법인주식및출자증권양수결정),8
에이치엔에스하이텍,044990,0,OK,,,,2026-06-26: 임원ㆍ주요주주특정증권등소유상황보고서 | 2026-06-26: 주식등의대량보유상황보고서(일반) | 2026-06-16: 임원ㆍ주요주주특정증권등소유상황보고서 | 2026-06-15: 주식등의대량보유상황보고서(일반) | 2026-06-04: 임원ㆍ주요주주특정증권등소유상황보고서,6
알엔투테크놀로지,148250,0,OK,,,,2026-06-26: 소송등의제기ㆍ신청(경영권분쟁소송)              (이사회결의효력정지 가처분) | 2026-06-26: [기재정정]주요사항보고서(타법인주식및출자증권양도결정) | 2026-06-25: 대표이사변경               | 2026-06-25: 주주총회소집공고 | 2026-06-23: [기재정정]주주총회소집결의              (임시주주총회),13
SFA넥셀,222080,0,OK,,,,2026-06-11: 상호변경안내               | 2026-06-11: 임시주주총회결과               | 2026-05-29: 주식등의대량보유상황보고서(약식),3
유니퀘스트,077500,0,OK,,,,2026-06-26: 임원ㆍ주요주주특정증권등소유상황보고서 | 2026-06-26: 주식등의대량보유상황보고서(일반) | 2026-06-26: 최대주주등소유주식변동신고서               | 2026-06-01: 기업지배구조보고서공시              ,4
아이로보틱스,066430,0,OK,,,,2026-06-26: [기재정정]의결권대리행사권유참고서류 | 2026-06-26: [기재정정]주주총회소집공고 | 2026-06-26: [기재정정]주주총회소집결의              (임시주주총회) | 2026-06-15: [기재정정]의결권대리행사권유참고서류 | 2026-06-15: [기재정정]주주총회소집공고,10
인터지스,129260,0,OK,,,,2026-06-08: 최대주주등소유주식변동신고서               | 2026-06-08: 임원ㆍ주요주주특정증권등소유상황보고서 | 2026-06-08: 주식등의대량보유상황보고서(일반) | 2026-06-02: [기재정정]대규모기업집단현황공시[연1회공시및1/4분기용(개별회사)] | 2026-06-01: 대규모기업집단현황공시[연1회공시및1/4분기용(개별회사)],6
엑스플러스,373200,0,OK,,,,2026-06-22: [기재정정]주식등의대량보유상황보고서(일반) | 2026-06-22: 주식등의대량보유상황보고서(일반) | 2026-06-22: 임원ㆍ주요주주특정증권등거래계획보고서 | 2026-06-15: [기재정정]주요사항보고서(전환사채매수선택권행사자지정) | 2026-06-10: 주식등의대량보유상황보고서(약식),9
힘스,238490,0,OK,,,,2026-06-26: [기재정정]사업보고서 (2025.12) | 2026-06-26: [기재정정]사업보고서 (2025.12) | 2026-06-22: 주식등의대량보유상황보고서(일반) | 2026-06-12: [기재정정]주요사항보고서(유형자산양수결정),4
우리이앤엘하루틴,153490,0,OK,,,,2026-06-26: 자기주식취득결과보고서 | 2026-06-08: 주주명부폐쇄기간또는기준일설정               | 2026-06-08: 주주총회소집결의              (임시주주총회) | 2026-06-08: 주식병합결정              ,4
원익피앤이,217820,0,OK,,,,2026-06-16: 임원ㆍ주요주주특정증권등소유상황보고서 | 2026-06-16: 임원ㆍ주요주주특정증권등소유상황보고서 | 2026-06-16: 임원ㆍ주요주주특정증권등소유상황보고서 | 2026-05-29: 대규모기업집단현황공시[연1회공시및1/4분기용(개별회사)],4
삼성SDI,006400,0,OK,,,,2026-06-10: 최대주주등소유주식변동신고서               | 2026-06-01: 기업지배구조보고서공시               | 2026-06-01: 대규모기업집단현황공시[연1회공시및1/4분기용(개별회사)],3
지에프아이,493330,0,OK,,,,2026-06-16: 전환청구권행사              (제1회차) | 2026-06-10: 임원ㆍ주요주주특정증권등소유상황보고서 | 2026-06-10: 주식등의대량보유상황보고서(약식),3
제우스,079370,0,OK,,,,2026-06-26: 임원ㆍ주요주주특정증권등소유상황보고서 | 2026-06-26: 임원ㆍ주요주주특정증권등소유상황보고서 | 2026-06-19: 임원ㆍ주요주주특정증권등소유상황보고서 | 2026-06-11: 주요사항보고서(자기주식취득신탁계약체결결정),4
에이비프로바이오,195990,0,OK,,,,2026-06-12: 사외이사의선임ㆍ해임또는중도퇴임에관한신고 | 2026-06-12: 상호변경안내               | 2026-06-12: 임시주주총회결과              ,3
네오리진,094860,0,OK,,,,2026-06-26: [기재정정]금전대여결정               | 2026-05-29: 기타주요경영사항              (타법인 주식 및 출자증권 취득결정 철회) | 2026-05-29: [기재정정]타법인주식및출자증권취득결정              (철회),3
스맥,099440,0,OK,,,,2026-06-24: 임원ㆍ주요주주특정증권등소유상황보고서 | 2026-06-16: 임원ㆍ주요주주특정증권등소유상황보고서 | 2026-06-10: 주식등의대량보유상황보고서(일반) | 2026-06-05: 기업설명회(IR)개최               | 2026-06-05: 임원ㆍ주요주주특정증권등소유상황보고서,7
이엠앤아이,083470,0,OK,,,,2026-06-26: 조회공시요구(현저한시황변동)에대한답변(미확정)               | 2026-06-10: 소송등의판결ㆍ결정              (주주총회소집허가-취하) | 2026-06-04: 소송등의제기ㆍ신청(경영권분쟁소송)              (주주총회소집허가) | 2026-05-29: 조회공시요구(현저한시황변동)에대한답변(미확정)              ,4
지니언스,263860,0,OK,,,,2026-06-18: 기업설명회(IR)개최               | 2026-06-08: 주식등의대량보유상황보고서(약식) | 2026-06-04: 임원ㆍ주요주주특정증권등소유상황보고서,3
한울소재과학,091440,0,OK,,,,2026-06-10: [기재정정]주식등의대량보유상황보고서(약식) | 2026-06-10: 주식등의대량보유상황보고서(약식) | 2026-06-10: 주식등의대량보유상황보고서(약식),3
프로젠,296160,0,OK,,,,2026-06-25: 전환가액의조정              (제8회차) | 2026-06-15: 기업설명회(IR)개최결과               | 2026-06-01: 기업설명회(IR)개최              ,3
HD현대,267250,0,OK,,,,2026-06-26: 생산중단(자회사의 주요경영사항)               | 2026-06-23: 중대재해발생(종속회사의주요경영사항)               | 2026-06-23: 중대재해발생(자회사의 주요경영사항)               | 2026-06-12: 주식등의대량보유상황보고서(일반) | 2026-06-04: [기재정정]벌금등의부과(자회사의 주요경영사항)              ,8
3S,060310,0,OK,,,,2026-06-25: 정기주주총회결과               | 2026-06-23: 임원ㆍ주요주주특정증권등소유상황보고서 | 2026-06-17: 사업보고서 (2026.03) | 2026-06-17: 전환가액의조정               | 2026-06-17: 감사보고서제출              ,9
DSR제강,069730,0,OK,,,,2026-06-26: 최대주주등소유주식변동신고서               | 2026-06-11: 최대주주등소유주식변동신고서               | 2026-06-05: 최대주주등소유주식변동신고서               | 2026-06-01: 기업지배구조보고서공시              ,4
LF,093050,0,OK,,,,2026-06-23: 주식등의대량보유상황보고서(일반) | 2026-06-02: 기업설명회(IR)개최(안내공시)               | 2026-06-01: [기재정정]사업보고서 (2025.12) | 2026-06-01: 기업지배구조보고서공시              ,4
삼성전기,009150,0,OK,,,,2026-06-15: 동일인등출자계열회사와의상품ㆍ용역거래 | 2026-06-05: 임원ㆍ주요주주특정증권등소유상황보고서 | 2026-06-01: 기업지배구조보고서공시               | 2026-06-01: 대규모기업집단현황공시[연1회공시및1/4분기용(개별회사)] | 2026-06-01: 최대주주등소유주식변동신고서              ,5
풍산,103140,0,OK,,,,2026-06-10: 임원ㆍ주요주주특정증권등소유상황보고서 | 2026-06-10: 최대주주등소유주식변동신고서               | 2026-06-01: 기업지배구조보고서공시              ,3
호텔신라,008770,0,OK,,,,2026-06-15: 기업설명회(IR)개최(안내공시)               | 2026-06-08: 기업설명회(IR)개최(안내공시)               | 2026-06-01: 최대주주등소유주식변동신고서               | 2026-06-01: 기업지배구조보고서공시               | 2026-06-01: 기업설명회(IR)개최(안내공시)              ,6
ESR켄달스퀘어리츠,365550,0,OK,,,,2026-06-25: 임원ㆍ주요주주특정증권등소유상황보고서 | 2026-06-18: 임원ㆍ주요주주특정증권등소유상황보고서 | 2026-06-11: 임원ㆍ주요주주특정증권등소유상황보고서 | 2026-06-04: 임원ㆍ주요주주특정증권등소유상황보고서 | 2026-05-29: 기업지배구조보고서공시              ,5
성신양회,004980,0,OK,,,,2026-06-26: 지속가능경영보고서등관련사항(자율공시)               | 2026-06-16: 임원ㆍ주요주주특정증권등소유상황보고서 | 2026-06-16: 주식등의대량보유상황보고서(일반),3
대성하이텍,129920,0,OK,,,,2026-06-22: [기재정정]임원ㆍ주요주주특정증권등소유상황보고서 | 2026-06-22: 임원ㆍ주요주주특정증권등소유상황보고서 | 2026-06-22: 주식등의대량보유상황보고서(일반) | 2026-06-18: 전환가액의조정              (제6회차) | 2026-06-18: [기재정정]주요사항보고서(전환사채매수선택권행사자지정),6
SK리츠,395400,0,OK,,,,2026-06-25: 임원ㆍ주요주주특정증권등소유상황보고서 | 2026-06-18: 정기주주총회결과               | 2026-06-18: 기타경영사항(자율공시)               | 2026-06-18: 임원ㆍ주요주주특정증권등소유상황보고서 | 2026-06-15: 주주명부폐쇄기간또는기준일설정              ,18
와이엠씨,155650,0,OK,,,,2026-06-26: 임원ㆍ주요주주특정증권등소유상황보고서 | 2026-06-25: 임원ㆍ주요주주특정증권등소유상황보고서 | 2026-06-05: [기재정정]주식매수선택권부여에관한신고 | 2026-06-05: [기재정정]주식매수선택권부여에관한신고,4
대구백화점,006370,0,OK,,,,2026-06-26: 단기차입금증가결정               | 2026-06-18: [기재정정]타인에대한담보제공결정               | 2026-06-11: 조회공시요구(현저한시황변동)에대한답변(미확정)               | 2026-05-29: 기업지배구조보고서공시              ,4
큐라클,365270,0,OK,,,,2026-06-10: 임원ㆍ주요주주특정증권등소유상황보고서 | 2026-06-10: 임원ㆍ주요주주특정증권등소유상황보고서 | 2026-06-10: 임원ㆍ주요주주특정증권등소유상황보고서 | 2026-06-10: 임원ㆍ주요주주특정증권등소유상황보고서 | 2026-06-10: 임원ㆍ주요주주특정증권등소유상황보고서,7
코람코더원리츠,417310,0,OK,,,,2026-06-25: 임원ㆍ주요주주특정증권등소유상황보고서 | 2026-06-18: 임원ㆍ주요주주특정증권등소유상황보고서 | 2026-06-11: 임원ㆍ주요주주특정증권등소유상황보고서 | 2026-06-10: 주식등의대량보유상황보고서(약식) | 2026-06-09: 합병등종료보고서(자산양수도),12
이지스레지던스리츠,350520,0,OK,,,,2026-06-23: [기재정정]부동산투자회사자금차입               | 2026-06-17: 부동산투자회사자금차입               | 2026-06-16: 주주명부폐쇄기간또는기준일설정               | 2026-06-15: 임시주주총회결과               | 2026-06-10: 주식등의대량보유상황보고서(약식),11
아톤,158430,0,OK,,,,2026-06-24: 금전대여결정              (대여기간 연장) | 2026-06-16: 사외이사의선임ㆍ해임또는중도퇴임에관한신고 | 2026-06-12: 주주총회소집결의              (임시주주총회) | 2026-06-12: 주주명부폐쇄기간또는기준일설정              ,4
드림어스컴퍼니,060570,0,OK,,,,2026-06-18: 주식등의대량보유상황보고서(일반) | 2026-06-18: 임원ㆍ주요주주특정증권등소유상황보고서 | 2026-06-15: 의결권대리행사권유참고서류 | 2026-06-15: 주주총회소집공고 | 2026-06-12: [기재정정]주주총회소집결의              ,6
엔젯,419080,0,OK,,,,2026-06-17: 주식매수선택권행사               | 2026-06-17: 임원ㆍ주요주주특정증권등소유상황보고서 | 2026-06-15: 임원ㆍ주요주주특정증권등소유상황보고서 | 2026-06-09: 임원ㆍ주요주주특정증권등소유상황보고서 | 2026-06-01: [기재정정]분기보고서 (2026.03),6
멕아이씨에스,058110,0,OK,,,,2026-06-24: 주주총회소집결의              (임시주주총회) | 2026-06-24: 주주명부폐쇄기간또는기준일설정               | 2026-06-16: 임원ㆍ주요주주특정증권등소유상황보고서 | 2026-06-12: 임원ㆍ주요주주특정증권등소유상황보고서 | 2026-06-11: 임원ㆍ주요주주특정증권등소유상황보고서,5
SK네트웍스,001740,0,OK,,,,2026-05-29: 최대주주등소유주식변동신고서               | 2026-05-29: 임원ㆍ주요주주특정증권등소유상황보고서 | 2026-05-29: 기업지배구조보고서공시               | 2026-05-29: 대규모기업집단현황공시[연1회공시및1/4분기용(개별회사)],4
프로이천,321260,0,OK,,,,2026-06-26: 주주총회소집공고 | 2026-05-29: 주주총회소집결의              (임시주주총회) | 2026-05-29: 주주명부폐쇄기간또는기준일설정              ,3
KG파이낸셜,046440,0,OK,,,,2026-06-10: 수시공시의무관련사항(공정공시)               | 2026-06-09: 조회공시요구(풍문또는보도)               | 2026-06-02: 기업설명회(IR)개최               | 2026-05-29: 대규모기업집단현황공시[연1회공시및1/4분기용(개별회사)],4
디와이에이,002880,0,OK,,,,2026-06-26: 임원ㆍ주요주주특정증권등소유상황보고서 | 2026-06-25: 주주명부폐쇄기간또는기준일설정               | 2026-06-25: 주주총회소집결의               | 2026-06-25: 주식병합결정               | 2026-06-19: 최대주주등소유주식변동신고서              ,15
GC메디아이,032620,0,OK,,,,2026-06-10: 기업설명회(IR)개최               | 2026-06-10: 임원ㆍ주요주주특정증권등소유상황보고서 | 2026-06-10: 주식등의대량보유상황보고서(일반),3
다산네트웍스,039560,0,OK,,,,2026-06-19: 임시주주총회결과               | 2026-06-12: [기재정정]분기보고서 (2026.03) | 2026-06-10: 의결권대리행사권유에관한의견표명서 | 2026-06-08: 의결권대리행사권유참고서류 | 2026-06-02: 주식등의대량보유상황보고서(일반),7
흥국화재,000540,0,OK,,,,2026-06-05: [기재정정]대규모기업집단현황공시[연1회공시및1/4분기용(개별회사)] | 2026-06-01: 대규모기업집단현황공시[연1회공시및1/4분기용(개별회사)] | 2026-05-29: [기재정정]분기보고서 (2026.03),3
롯데지주,004990,0,OK,,,,2026-06-15: [기재정정]신규시설투자등(자회사의 주요경영사항)               | 2026-06-11: 현금ㆍ현물배당을위한주주명부폐쇄(기준일)결정(자회사의 주요경영사항)               | 2026-06-11: 현금ㆍ현물배당결정(자회사의 주요경영사항)               | 2026-06-10: 최대주주등소유주식변동신고서               | 2026-06-02: 금전대여결정(자회사의 주요경영사항)              ,10
전북은행,006350,0,OK,,,,2026-06-18: 증권발행실적보고서 | 2026-06-17: 투자설명서(일괄신고) | 2026-06-17: 일괄신고추가서류 | 2026-06-11: 증권발행실적보고서 | 2026-06-10: 투자설명서(일괄신고),8
스틱인베스트먼트,026890,0,OK,,,,2026-06-26: 임원ㆍ주요주주특정증권등소유상황보고서 | 2026-06-23: 최대주주등소유주식변동신고서               | 2026-06-23: 임원ㆍ주요주주특정증권등소유상황보고서 | 2026-06-23: 임원ㆍ주요주주특정증권등소유상황보고서 | 2026-06-19: 주식등의대량보유상황보고서(일반),6
한국스탠다드차타드은행,000110,0,OK,,,,2026-06-18: 증권발행실적보고서 | 2026-06-18: 투자설명서(일괄신고) | 2026-06-17: 일괄신고추가서류,3
블랙야크아이앤씨,478560,0,OK,,,,2026-06-26: 타인에대한채무보증결정               | 2026-06-26: 임시주주총회결과               | 2026-06-18: [기재정정]소송등의판결ㆍ결정(일정금액이상의청구)               | 2026-06-17: 소송등의판결ㆍ결정(일정금액이상의청구)               | 2026-06-17: 금전대여결정              ,6
미스토홀딩스,081660,0,OK,,,,2026-06-26: 지속가능경영보고서등관련사항(자율공시)               | 2026-06-17: 주식등의대량보유상황보고서(일반) | 2026-06-10: 주식등의대량보유상황보고서(일반) | 2026-06-09: 기업설명회(IR)개최(안내공시)               | 2026-06-08: 타법인주식및출자증권처분결정(자회사의 주요경영사항)              ,5
유틸렉스,263050,0,OK,,,,2026-06-26: 기타시장안내              (상장적격성 실질심사 관련 안내) | 2026-06-26: 회생절차폐지결정               | 2026-06-19: 회생절차폐지신청               | 2026-06-10: 기타시장안내              (상장폐지 관련 이의신청서 접수),4
지투지바이오,456160,0,OK,,,,2026-06-05: 임원ㆍ주요주주특정증권등소유상황보고서 | 2026-06-05: 주식등의대량보유상황보고서(일반) | 2026-06-05: [기재정정]주식등의대량보유상황보고서(일반) | 2026-06-05: [기재정정]주식등의대량보유상황보고서(일반) | 2026-06-05: [기재정정]주식등의대량보유상황보고서(일반),5
대상홀딩스,084690,0,OK,,,,2026-06-26: [기재정정]주주명부폐쇄기간또는기준일설정               | 2026-06-19: 주주명부폐쇄기간또는기준일설정               | 2026-06-10: 주식등의대량보유상황보고서(약식) | 2026-06-01: 기업지배구조보고서공시              ,4
한국화장품제조,003350,0,OK,,,,2026-06-24: 최대주주등소유주식변동신고서               | 2026-06-24: 임원ㆍ주요주주특정증권등소유상황보고서 | 2026-06-24: 임원ㆍ주요주주특정증권등소유상황보고서 | 2026-06-24: 임원ㆍ주요주주특정증권등소유상황보고서 | 2026-06-24: 임원ㆍ주요주주특정증권등소유상황보고서,7
천보,278280,0,OK,,,,2026-06-26: 주식등의대량보유상황보고서(일반) | 2026-06-22: 임원ㆍ주요주주특정증권등소유상황보고서 | 2026-06-22: 주식등의대량보유상황보고서(일반) | 2026-06-17: 주식등의대량보유상황보고서(일반) | 2026-06-17: 임원ㆍ주요주주특정증권등소유상황보고서,7
LS,006260,0,OK,,,,2026-06-23: [기재정정]타법인주식및출자증권취득결정(자회사의 주요경영사항)               | 2026-06-01: [기재정정]대규모기업집단현황공시[연1회공시및1/4분기용(대표회사)] | 2026-06-01: 대규모기업집단현황공시[연1회(동일인용)] | 2026-06-01: 기업지배구조보고서공시               | 2026-06-01: 대규모기업집단현황공시[연1회공시및1/4분기용(대표회사)],5
STX,011810,0,OK,,,,2026-06-26: [기재정정]투자판단관련주요경영사항               | 2026-06-26: [기재정정]투자판단관련주요경영사항               | 2026-06-22: 기타시장안내              (개선기간 종료 및 향후 절차 안내) | 2026-06-05: [기재정정]투자판단관련주요경영사항               | 2026-06-04: 투자판단관련주요경영사항              ,6
메리츠금융지주,138040,0,OK,,,,2026-06-26: 임원ㆍ주요주주특정증권등소유상황보고서 | 2026-06-26: 임원ㆍ주요주주특정증권등소유상황보고서 | 2026-06-26: 기타경영사항(종속회사의주요경영사항)               | 2026-06-12: 지속가능경영보고서등관련사항(자율공시)               | 2026-06-12: 최대주주등소유주식변동신고서              ,11
슈프리마에이치큐,094840,0,OK,,,,2026-06-09: 주주총회소집결의              (임시주주총회) | 2026-06-09: 주주명부폐쇄기간또는기준일설정               | 2026-06-04: 주주명부폐쇄기간또는기준일설정              ,3
세화피앤씨,252500,0,OK,,,,2026-06-23: 의결권대리행사권유참고서류 | 2026-06-23: 주주총회소집공고 | 2026-06-02: [기재정정]분기보고서 (2026.03) | 2026-06-01: 분기보고서 (2026.03),4
에스에이엠티,031330,0,OK,,,,2026-06-26: 타인에대한채무보증결정               | 2026-06-25: 타인에대한채무보증결정               | 2026-06-24: 타인에대한채무보증결정               | 2026-06-12: [첨부정정]타인에대한채무보증결정              ,4
신원,009270,0,OK,,,,2026-06-26: 주식등의대량보유상황보고서(일반) | 2026-06-10: 주식등의대량보유상황보고서(일반) | 2026-06-01: 기업지배구조보고서공시              ,3
조광페인트,004910,0,OK,,,,2026-06-11: 최대주주등소유주식변동신고서               | 2026-06-05: 임원ㆍ주요주주특정증권등소유상황보고서 | 2026-05-29: 기업지배구조보고서공시              ,3
슈프리마,236200,0,OK,,,,2026-06-09: 주주명부폐쇄기간또는기준일설정               | 2026-06-09: 주주총회소집결의              (임시주주총회) | 2026-06-04: 주주명부폐쇄기간또는기준일설정               | 2026-06-02: 주식등의대량보유상황보고서(약식),4
HLB이노베이션,024850,0,OK,,,,2026-06-25: [기재정정]타법인주식및출자증권취득결정               | 2026-06-19: 기업설명회(IR)개최               | 2026-06-12: 기업설명회(IR)개최               | 2026-06-10: 임원ㆍ주요주주특정증권등소유상황보고서 | 2026-06-09: 주식등의대량보유상황보고서(일반),10
롯데쇼핑,023530,0,OK,,,,2026-06-11: 현금ㆍ현물배당을위한주주명부폐쇄(기준일)결정               | 2026-06-11: 현금ㆍ현물배당결정               | 2026-06-11: 기업설명회(IR)개최(안내공시)               | 2026-06-10: 증권발행실적보고서 | 2026-06-10: 투자설명서,10
농심,004370,0,OK,,,,2026-06-26: 임원ㆍ주요주주특정증권등소유상황보고서 | 2026-06-15: 임원ㆍ주요주주특정증권등소유상황보고서 | 2026-06-01: [기재정정]대규모기업집단현황공시[연1회공시및1/4분기용(대표회사)] | 2026-06-01: 동일인등출자계열회사와의상품ㆍ용역거래변경 | 2026-05-29: [기재정정]기업지배구조보고서공시              ,6
피앤씨테크,237750,0,OK,,,,2026-06-26: 소송등의제기ㆍ신청(경영권분쟁소송)              (간접강제) | 2026-06-16: 임원ㆍ주요주주특정증권등소유상황보고서 | 2026-06-16: 주식등의대량보유상황보고서(일반) | 2026-06-10: 임원ㆍ주요주주특정증권등소유상황보고서 | 2026-06-09: 주식등의대량보유상황보고서(일반),6
이오플로우,294090,0,OK,,,,2026-06-23: 소송등의판결ㆍ결정              (영업비밀보호법(“DTSA”)에 따른 영업비밀 침해 및 특허 침해 소송) | 2026-06-10: 증권발행결과(자율공시)              (제5회차 CB) | 2026-06-09: 기타시장안내              (실질심사 대상여부 결정을 위한 조사기간 연장 안내) | 2026-06-04: 기타시장안내              (기업심사위원회 개최 결과 및 심의속행 결정 안내) | 2026-05-29: 소송등의판결ㆍ결정              (영업비밀보호법(“DTSA”)에 따른 영업비밀),5
디앤디파마텍,347850,0,OK,,,,2026-06-22: 전환청구권행사              (제1회차) | 2026-06-15: 주요사항보고서(자기전환사채만기전취득결정) | 2026-06-11: 주식등의대량보유상황보고서(일반) | 2026-06-10: 기업설명회(IR)개최               | 2026-06-09: 임원ㆍ주요주주특정증권등소유상황보고서,9
율촌화학,008730,0,OK,,,,2026-06-19: 최대주주등소유주식변동신고서               | 2026-05-29: 대규모기업집단현황공시[연1회공시및1/4분기용(개별회사)] | 2026-05-29: 기업지배구조보고서공시              ,3
코아시아씨엠,196450,0,OK,,,,2026-06-26: 주주명부폐쇄기간또는기준일설정               | 2026-06-26: 주주총회소집결의              (임시주주총회) | 2026-06-26: 주식병합결정               | 2026-06-15: 주주총회소집공고 | 2026-06-15: [기재정정]주주총회소집결의              (임시주주총회),5
신한지주,055550,0,OK,,,,2026-06-26: 증권발행실적보고서 | 2026-06-25: 투자설명서(일괄신고) | 2026-06-25: 일괄신고추가서류 | 2026-06-24: 증권발행실적보고서 | 2026-06-23: 투자설명서(일괄신고),11
LX인터내셔널,001120,0,OK,,,,2026-06-26: 임원ㆍ주요주주특정증권등소유상황보고서 | 2026-06-08: 기업설명회(IR)개최(안내공시)               | 2026-05-29: 대규모기업집단현황공시[연1회공시및1/4분기용(개별회사)] | 2026-05-29: 기업지배구조보고서공시              ,4
키스트론,475430,0,OK,,,,2026-06-26: 임원ㆍ주요주주특정증권등거래계획보고서 | 2026-06-26: 임원ㆍ주요주주특정증권등거래계획보고서 | 2026-06-26: 임원ㆍ주요주주특정증권등거래계획보고서 | 2026-06-26: 임원ㆍ주요주주특정증권등거래계획보고서 | 2026-06-26: 임원ㆍ주요주주특정증권등거래계획보고서,5
대림통상,006570,0,OK,,,,2026-06-26: 주식등의대량보유상황보고서(일반) | 2026-06-26: 임원ㆍ주요주주특정증권등소유상황보고서 | 2026-06-26: 최대주주등소유주식변동신고서               | 2026-06-25: 주식등의대량보유상황보고서(일반) | 2026-06-25: 임원ㆍ주요주주특정증권등소유상황보고서,34
제주반도체,080220,0,OK,,,,2026-06-05: [첨부정정]의결권대리행사권유참고서류 | 2026-06-05: [기재정정]주주총회소집공고 | 2026-06-04: [기재정정]주주총회소집공고 | 2026-06-02: 의결권대리행사권유참고서류 | 2026-06-02: 주주총회소집공고,6
한미약품,128940,0,OK,,,,2026-06-11: 기업설명회(IR)개최(안내공시)               | 2026-06-10: 지속가능경영보고서등관련사항(자율공시)               | 2026-06-10: 임원ㆍ주요주주특정증권등소유상황보고서 | 2026-06-05: 임원ㆍ주요주주특정증권등소유상황보고서 | 2026-06-01: 임원ㆍ주요주주특정증권등소유상황보고서,8
코오롱인더,120110,0,OK,,,,2026-06-11: 주식등의대량보유상황보고서(약식) | 2026-06-10: 조회공시요구(풍문또는보도)에대한답변(미확정)               | 2026-06-01: 주식등의대량보유상황보고서(약식) | 2026-06-01: 대규모기업집단현황공시[연1회공시및1/4분기용(개별회사)] | 2026-06-01: 기업지배구조보고서공시              ,5
진에어,272450,0,OK,,,,2026-06-02: 풍문또는보도에대한해명(미확정)               | 2026-05-29: 기업지배구조보고서공시               | 2026-05-29: 대규모기업집단현황공시[연1회공시및1/4분기용(개별회사)],3
아이윈,090150,0,OK,,,,2026-06-23: 임시주주총회결과               | 2026-06-19: 임원ㆍ주요주주특정증권등소유상황보고서 | 2026-06-17: 주식등의대량보유상황보고서(일반) | 2026-06-08: 의결권대리행사권유참고서류 | 2026-06-08: 주주총회소집공고,6
SK오션플랜트,100090,0,OK,,,,2026-06-10: 주식등의대량보유상황보고서(일반) | 2026-06-05: 주식등의대량보유상황보고서(일반) | 2026-05-29: 기업지배구조보고서공시               | 2026-05-29: 대규모기업집단현황공시[연1회공시및1/4분기용(개별회사)],4
글로벌텍스프리,204620,0,OK,,,,2026-06-16: 주식등의대량보유상황보고서(일반) | 2026-06-16: 임원ㆍ주요주주특정증권등소유상황보고서 | 2026-06-08: 주식등의대량보유상황보고서(일반) | 2026-06-08: 임원ㆍ주요주주특정증권등소유상황보고서,4
하이트진로,000080,0,OK,,,,2026-06-10: 임원ㆍ주요주주특정증권등소유상황보고서 | 2026-06-08: 최대주주등소유주식변동신고서               | 2026-06-08: 주식등의대량보유상황보고서(일반) | 2026-06-08: 임원ㆍ주요주주특정증권등소유상황보고서 | 2026-06-08: 임원ㆍ주요주주특정증권등소유상황보고서,10
보해양조,000890,0,OK,,,,2026-06-17: 최대주주등소유주식변동신고서               | 2026-06-17: 임원ㆍ주요주주특정증권등소유상황보고서 | 2026-06-02: 최대주주등소유주식변동신고서               | 2026-06-02: 임원ㆍ주요주주특정증권등소유상황보고서 | 2026-06-01: 기업지배구조보고서공시              ,5
리메드,302550,0,OK,,,,2026-06-26: [기재정정]사업보고서 (2025.12) | 2026-06-24: 주식등의대량보유상황보고서(일반) | 2026-06-10: 주식등의대량보유상황보고서(일반),3
롯데케미칼,011170,0,OK,,,,2026-06-26: 지속가능경영보고서등관련사항(자율공시)               | 2026-06-23: 정보보호현황(자율공시)               | 2026-06-02: 금전대여결정               | 2026-06-02: 타인에대한채무보증결정               | 2026-06-02: 합병등종료보고서(분할),10
삼성물산,028260,0,OK,,,,2026-06-26: 특수관계인으로부터부동산매수 | 2026-06-23: 기업설명회(IR)개최(안내공시)               | 2026-06-15: 기업설명회(IR)개최(안내공시)               | 2026-06-02: 기업설명회(IR)개최(안내공시)               | 2026-06-02: 임원ㆍ주요주주특정증권등소유상황보고서,9
동서,026960,0,OK,,,,2026-06-15: 임원ㆍ주요주주특정증권등거래계획보고서 | 2026-06-12: 최대주주등소유주식변동신고서               | 2026-06-12: 임원ㆍ주요주주특정증권등소유상황보고서 | 2026-05-29: 기업지배구조보고서공시              ,4
엠로,058970,0,OK,,,,2026-06-26: 지속가능경영보고서등관련사항(자율공시)               | 2026-06-23: 의결권대리행사권유참고서류 | 2026-06-23: 주주총회소집공고 | 2026-06-09: 주식등의대량보유상황보고서(일반) | 2026-05-29: 주주총회소집결의              (임시주주총회),8
아이디피,332370,0,OK,,,,2026-06-26: 주식등의대량보유상황보고서(일반) | 2026-06-12: 주식등의대량보유상황보고서(일반) | 2026-06-05: 주식등의대량보유상황보고서(일반),3
제일파마홀딩스,002620,0,OK,,,,2026-06-23: 임원ㆍ주요주주특정증권등소유상황보고서 | 2026-06-23: 임원ㆍ주요주주특정증권등소유상황보고서 | 2026-06-16: 주식등의대량보유상황보고서(일반) | 2026-06-01: 기업지배구조보고서공시              ,4
HLB생명과학,067630,0,OK,,,,2026-06-18: 전환사채(해외전환사채포함)발행후만기전사채취득              (제13회차) | 2026-06-08: 증권발행결과(자율공시)              (제17회차 CB) | 2026-05-29: 전환사채(해외전환사채포함)발행후만기전사채취득              (제13회차),3
LG화학,051910,0,OK,,,,2026-06-26: 기업설명회(IR)개최(안내공시)               | 2026-06-11: [기재정정]임원ㆍ주요주주특정증권등소유상황보고서 | 2026-06-11: 임원ㆍ주요주주특정증권등소유상황보고서 | 2026-06-01: 대규모기업집단현황공시[연1회공시및1/4분기용(개별회사)] | 2026-05-29: 기업지배구조보고서공시              ,6
케이티,030200,0,OK,,,,2026-06-26: 조회공시요구(풍문또는보도)에대한답변(미확정)               | 2026-06-25: 조회공시요구(풍문또는보도)               | 2026-06-22: 주식등의대량보유상황보고서(약식) | 2026-06-17: [기재정정]대규모기업집단현황공시[연1회공시및1/4분기용(대표회사)] | 2026-06-10: 신탁계약에의한취득상황보고서,8
심텍홀딩스,036710,0,OK,,,,2026-06-23: [기재정정]주권관련사채권의취득결정               | 2026-06-22: [기재정정]주권관련사채권의취득결정               | 2026-06-05: 주권관련사채권의취득결정              ,3
전진건설로봇,079900,0,OK,,,,2026-06-26: [기재정정]주주총회소집결의               | 2026-06-23: 임원ㆍ주요주주특정증권등소유상황보고서 | 2026-06-18: 최대주주등소유주식변동신고서               | 2026-06-10: 주주명부폐쇄기간또는기준일설정               | 2026-06-10: 주주총회소집결의              ,7
에치에프알,230240,0,OK,,,,2026-06-19: 주주명부폐쇄기간또는기준일설정               | 2026-06-19: 주주총회소집결의              (임시주주총회) | 2026-06-15: [기재정정]타법인주식및출자증권처분결정               | 2026-06-01: 타법인주식및출자증권처분결정              ,4
코원에너지서비스,026870,0,OK,,,,2026-06-26: 동일인등출자계열회사와의상품ㆍ용역거래 | 2026-06-26: 동일인등출자계열회사와의상품ㆍ용역거래변경 | 2026-05-29: 대규모기업집단현황공시[연1회공시및1/4분기용(개별회사)],3
서한,011370,0,OK,,,,2026-06-26: [기재정정]금전대여결정               | 2026-06-22: 주주총회소집결의              (임시주주총회) | 2026-06-22: 주주명부폐쇄기간또는기준일설정               | 2026-06-22: 주식병합결정              ,4
한일홀딩스,003300,0,OK,,,,2026-06-26: [기재정정]유형자산처분결정(자회사의 주요경영사항)               | 2026-06-17: 최대주주등소유주식변동신고서               | 2026-06-17: 임원ㆍ주요주주특정증권등소유상황보고서 | 2026-06-17: 주식등의대량보유상황보고서(일반) | 2026-06-01: 기업지배구조보고서공시              ,5
코리아써키트,007810,0,OK,,,,2026-06-23: 임원ㆍ주요주주특정증권등소유상황보고서 | 2026-06-11: 주식등의대량보유상황보고서(약식) | 2026-06-01: 기업지배구조보고서공시               | 2026-06-01: 대규모기업집단현황공시[연1회공시및1/4분기용(개별회사)],4
디에이치엑스컴퍼니,031860,0,OK,,,,2026-06-19: [기재정정]의결권대리행사권유참고서류 | 2026-06-19: [기재정정]주주총회소집공고 | 2026-06-19: 주요사항보고서(자기전환사채만기전취득결정) | 2026-06-19: [기재정정]주식병합결정               | 2026-06-19: [기재정정]주주총회소집결의              (임시주주총회),13
플레이위드,023770,0,OK,,,,2026-06-26: 전환사채(해외전환사채포함)발행후만기전사채취득               | 2026-06-26: 주식등의대량보유상황보고서(일반) | 2026-06-26: 임원ㆍ주요주주특정증권등소유상황보고서 | 2026-06-19: 주식등의대량보유상황보고서(일반) | 2026-06-19: 임원ㆍ주요주주특정증권등소유상황보고서,6
키다리스튜디오,020120,0,OK,,,,2026-06-24: 주요사항보고서(자기주식취득신탁계약체결결정) | 2026-06-24: 신탁계약해지결과보고서 | 2026-06-24: 주요사항보고서(자기주식취득신탁계약해지결정) | 2026-06-01: 대규모기업집단현황공시[연1회공시및1/4분기용(개별회사)] | 2026-05-29: 기업지배구조보고서공시              ,5
하나금융지주,086790,0,OK,,,,2026-06-26: 증권발행실적보고서 | 2026-06-25: 투자설명서(일괄신고) | 2026-06-25: 일괄신고추가서류 | 2026-06-19: 기업설명회(IR)개최(안내공시)               | 2026-06-12: 기업설명회(IR)개최(안내공시)              ,10
LG씨엔에스,064400,0,OK,,,,2026-06-15: 기업설명회(IR)개최(안내공시)               | 2026-06-12: 임원ㆍ주요주주특정증권등소유상황보고서 | 2026-06-02: 기업설명회(IR)개최(안내공시)               | 2026-06-01: 기업설명회(IR)개최(안내공시)               | 2026-06-01: 대규모기업집단현황공시[연1회공시및1/4분기용(개별회사)],6
만호제강,001080,0,OK,,,,2026-06-26: 신탁계약해지결과보고서 | 2026-06-16: 주요사항보고서(자기주식취득신탁계약해지결정) | 2026-06-15: 주주명부폐쇄기간또는기준일설정               | 2026-06-11: 임원ㆍ주요주주특정증권등소유상황보고서 | 2026-06-09: 타법인주식및출자증권취득결정              ,6
KG케미칼,001390,0,OK,,,,2026-06-26: 주주총회소집결의               | 2026-06-26: 주주명부폐쇄기간또는기준일설정               | 2026-06-11: 수시공시의무관련사항(공정공시)               | 2026-06-09: 풍문또는보도에대한해명(미확정)               | 2026-06-08: 주식등의대량보유상황보고서(일반),11
제일테크노스,038010,0,OK,,,,2026-06-26: 주주총회소집공고 | 2026-05-29: 주주총회소집결의              (임시주주총회) | 2026-05-29: 주주명부폐쇄기간또는기준일설정              ,3
보락,002760,0,OK,,,,2026-06-11: 임원ㆍ주요주주특정증권등소유상황보고서 | 2026-06-11: 최대주주등소유주식변동신고서               | 2026-06-09: 최대주주등소유주식변동신고서               | 2026-05-29: 기업지배구조보고서공시              ,4
핀텔,291810,0,OK,,,,2026-06-17: 조회공시요구(현저한시황변동)에대한답변(미확정)               | 2026-06-09: [기재정정]조회공시요구(현저한시황변동)에대한답변(미확정)               | 2026-06-09: 조회공시요구(현저한시황변동)에대한답변(미확정)               | 2026-06-08: 조회공시요구(현저한시황변동)               | 2026-06-05: 불성실공시법인지정              (공시번복 4건),7
대원강업,000430,0,OK,,,,2026-06-24: 최대주주등소유주식변동신고서               | 2026-06-24: 임원ㆍ주요주주특정증권등소유상황보고서 | 2026-06-24: 주식등의대량보유상황보고서(일반) | 2026-06-12: 최대주주등소유주식변동신고서               | 2026-06-12: 임원ㆍ주요주주특정증권등소유상황보고서,8
비큐AI,148780,0,OK,,,,2026-06-12: 의결권대리행사권유참고서류 | 2026-06-12: 주주총회소집공고 | 2026-06-08: [기재정정]주주총회소집결의              (임시주주총회),3
KBG,318000,0,OK,,,,2026-06-23: 임원ㆍ주요주주특정증권등소유상황보고서 | 2026-06-23: 임원ㆍ주요주주특정증권등소유상황보고서 | 2026-06-16: 임원ㆍ주요주주특정증권등소유상황보고서 | 2026-06-16: 임원ㆍ주요주주특정증권등소유상황보고서,4
갤럭시아에스엠,011420,0,OK,,,,2026-06-25: 최대주주등소유주식변동신고서               | 2026-06-25: 주식등의대량보유상황보고서(일반) | 2026-06-02: 주요사항보고서(타법인주식및출자증권양수결정) | 2026-06-01: 기업지배구조보고서공시               | 2026-06-01: 대규모기업집단현황공시[연1회공시및1/4분기용(개별회사)],5
삼화콘덴서공업,001820,0,OK,,,,2026-06-23: 주식등의대량보유상황보고서(일반) | 2026-06-23: 최대주주등소유주식변동신고서               | 2026-05-29: 기업지배구조보고서공시              ,3
티엠씨,217590,0,OK,,,,2026-06-23: 임원ㆍ주요주주특정증권등소유상황보고서 | 2026-06-23: 주식등의대량보유상황보고서(약식) | 2026-06-19: 기업설명회(IR)개최(안내공시)               | 2026-06-10: 기타안내사항(안내공시)               | 2026-05-29: 기업지배구조보고서공시              ,5
엑스큐어,070300,0,OK,,,,2026-06-25: 소속부변경               | 2026-06-25: 주식등의대량보유상황보고서(일반) | 2026-06-10: 주식등의대량보유상황보고서(약식) | 2026-06-10: 금전대여결정              (대여기간 연장) | 2026-06-05: 주주명부폐쇄기간또는기준일설정              ,8
오텍,067170,0,OK,,,,2026-06-25: 주식등의대량보유상황보고서(일반) | 2026-06-25: 임원ㆍ주요주주특정증권등소유상황보고서 | 2026-06-25: 임원ㆍ주요주주특정증권등소유상황보고서 | 2026-06-17: 주식등의대량보유상황보고서(일반) | 2026-06-17: 임원ㆍ주요주주특정증권등소유상황보고서,9
GRT,900290,0,OK,,,,2026-06-15: 주주명부폐쇄기간또는기준일설정               | 2026-06-12: 주식등의대량보유상황보고서(일반) | 2026-06-08: 외국지주회사의자회사편입ㆍ탈퇴               | 2026-06-01: 분기보고서 (2026.03),4
남성,004270,3,OK,,유형자산취득결정              (+3),,2026-06-25: 유형자산취득결정               | 2026-06-25: 타법인주식및출자증권처분결정               | 2026-05-29: 기업지배구조보고서공시              ,3
빛과전자,069540,3,OK,,[첨부정정]주요사항보고서(회사합병결정)(+3),,2026-06-19: 기타경영사항(자율공시)               | 2026-06-12: 전환청구권행사              (제13회차) | 2026-06-09: 주식등의대량보유상황보고서(약식) | 2026-06-05: [첨부정정]주요사항보고서(회사합병결정) | 2026-06-05: [기재정정]분기보고서 (2026.03),9
KG모빌리티,003620,3,OK,,영업(잠정)실적(공정공시)              (+3),,2026-06-24: 풍문또는보도에대한해명(미확정)               | 2026-06-11: 수시공시의무관련사항(공정공시)               | 2026-06-10: 최대주주등소유주식변동신고서               | 2026-06-10: 조회공시요구(풍문또는보도)에대한답변(미확정)               | 2026-06-09: 조회공시요구(풍문또는보도)              ,9
휴먼테크놀로지,175140,3,OK,,[기재정정]주요사항보고서(회사합병결정)(+3),,2026-06-15: 의결권대리행사권유참고서류 | 2026-06-15: 주주총회소집공고 | 2026-06-09: [기재정정]주요사항보고서(회사합병결정),3
한국가스공사,036460,3,OK,,영업(잠정)실적(공정공시)              (+3),,2026-06-11: 영업(잠정)실적(공정공시)               | 2026-05-29: 기업지배구조보고서공시              ,2
롯데관광개발,032350,3,OK,,연결재무제표기준영업(잠정)실적(공정공시)              (+3),,2026-06-19: 임원ㆍ주요주주특정증권등소유상황보고서 | 2026-06-19: 주식등의대량보유상황보고서(일반) | 2026-06-19: 최대주주등소유주식변동신고서               | 2026-06-18: 임원ㆍ주요주주특정증권등소유상황보고서 | 2026-06-10: 주식등의대량보유상황보고서(약식),8
로젠,033290,3,OK,,[기재정정]주요사항보고서(회사합병결정)(+3),,2026-06-25: 주식등의대량보유상황보고서(일반) | 2026-06-17: 주식등의대량보유상황보고서(일반) | 2026-06-10: 주식등의대량보유상황보고서(일반) | 2026-06-05: 기업설명회(IR)개최               | 2026-06-04: [기재정정]주요사항보고서(회사합병결정),7
덕산네오룩스,213420,3,OK,,[기재정정]유형자산취득결정(자율공시)              (+3),,2026-06-22: [기재정정]유형자산취득결정(자율공시)               | 2026-06-09: 주식등의대량보유상황보고서(약식),2
한화시스템,272210,3,OK,,유형자산취득결정              (+3),,2026-06-24: 특수관계인으로부터부동산매수 | 2026-06-24: 유형자산취득결정               | 2026-06-24: 특수관계인으로부터받은담보 | 2026-06-24: 동일인등출자계열회사와의상품ㆍ용역거래 | 2026-05-29: 기업지배구조보고서공시              ,7
기아,000270,3,OK,,영업(잠정)실적(공정공시)              (+3),,2026-06-22: 임원ㆍ주요주주특정증권등소유상황보고서 | 2026-06-18: 기업설명회(IR)개최(안내공시)               | 2026-06-15: 기업설명회(IR)개최(안내공시)               | 2026-06-15: 특수관계인에대한출자 | 2026-06-12: 특수관계인으로부터기타유가증권매수,11
이비테크,208850,3,OK,,[기재정정]유형자산취득결정              (+3),,2026-06-25: 기업설명회(IR)개최결과               | 2026-06-09: [기재정정]유형자산취득결정               | 2026-06-09: 기업설명회(IR)개최              ,3
파라다이스,034230,3,OK,,연결재무제표기준영업(잠정)실적(공정공시)              (+3),,2026-06-26: 지속가능경영보고서등관련사항(자율공시)               | 2026-06-18: 불성실공시법인지정예고               | 2026-06-08: 주식등의대량보유상황보고서(일반) | 2026-06-08: 최대주주등소유주식변동신고서               | 2026-06-02: 연결재무제표기준영업(잠정)실적(공정공시)              ,8
현대자동차,005380,3,OK,,영업(잠정)실적(공정공시)              (+3),,2026-06-18: 기업설명회(IR)개최(안내공시)               | 2026-06-10: 특수관계인으로부터기타유가증권매수 | 2026-06-10: 특수관계인에대한출자 | 2026-06-01: [기재정정]대규모기업집단현황공시[연1회공시및1/4분기용(대표회사)] | 2026-06-01: 기업지배구조보고서공시              ,10
신세계,004170,3,OK,,영업(잠정)실적(공정공시)              (+3),,2026-06-16: 기업설명회(IR)개최(안내공시)               | 2026-06-11: 동일인등출자계열회사와의상품ㆍ용역거래 | 2026-06-11: 특수관계인에대한출자 | 2026-06-11: 타법인주식및출자증권취득결정               | 2026-06-09: 영업(잠정)실적(공정공시)              ,11
우리넷,115440,3,OK,,회사합병결정(종속회사의주요경영사항)              (+3),,2026-06-12: 회사합병결정(종속회사의주요경영사항)              ,1
아시아나항공,020560,3,OK,,[기재정정]주요사항보고서(회사합병결정)(+3),,2026-06-26: [기재정정]주요사항보고서(회사합병결정) | 2026-06-15: 단기차입금증가결정               | 2026-06-15: 타법인주식및출자증권취득결정               | 2026-06-10: 기업설명회(IR)개최(안내공시)               | 2026-06-01: 기업지배구조보고서공시              ,6
다우데이타,032190,3,OK,,회사합병결정(종속회사의주요경영사항)              (+3),,2026-06-02: 회사합병결정(종속회사의주요경영사항)               | 2026-06-01: 대규모기업집단현황공시[연1회(동일인용)] | 2026-06-01: 대규모기업집단현황공시[연1회공시및1/4분기용(개별회사)],3
새론오토모티브,075180,3,OK,,[기재정정]회사합병결정(종속회사의주요경영사항)              (+3),,2026-06-16: 주식등의대량보유상황보고서(일반) | 2026-05-29: [기재정정]해산사유발생(종속회사의주요경영사항)               | 2026-05-29: [기재정정]회사합병결정(종속회사의주요경영사항)              ,3
휴온스글로벌,084110,3,OK,,[기재정정]주요사항보고서(회사합병결정)(자회사의 주요경영사항)              (+3),,2026-06-26: [기재정정]타인에대한채무보증결정(자회사의 주요경영사항)               | 2026-06-26: 지속가능경영보고서등관련사항(자율공시)               | 2026-06-22: [기재정정]의결권대리행사권유참고서류 | 2026-06-22: [기재정정]주주총회소집공고 | 2026-06-22: [기재정정]주주총회소집결의              (임시주주총회),10
휴온스,243070,3,OK,,[기재정정]주요사항보고서(회사합병결정)(+3),,2026-06-26: [기재정정]타인에대한채무보증결정               | 2026-06-26: 합병등종료보고서(합병) | 2026-06-04: [기재정정]주주총회소집결의              (임시주주총회) | 2026-06-04: [기재정정]주요사항보고서(회사합병결정) | 2026-06-04: [기재정정]주주명부폐쇄기간또는기준일설정              ,5
모다이노칩,080420,3,OK,,[기재정정]주요사항보고서(회사합병결정)(+3),,2026-06-24: 주식등의대량보유상황보고서(일반) | 2026-06-16: 주식등의대량보유상황보고서(일반) | 2026-06-10: 주식등의대량보유상황보고서(일반) | 2026-06-05: 기업설명회(IR)개최               | 2026-06-04: 주식등의대량보유상황보고서(일반),8
한진칼,180640,3,OK,,[기재정정]주요사항보고서(회사합병결정)(자회사의 주요경영사항)              (+3),,2026-06-26: [기재정정]주요사항보고서(회사합병결정)(자회사의 주요경영사항)               | 2026-05-29: [기재정정]타법인주식및출자증권취득결정(자회사의 주요경영사항)               | 2026-05-29: 기업지배구조보고서공시              ,3
광주신세계,037710,3,OK,,영업(잠정)실적(공정공시)              (+3),,2026-06-09: 영업(잠정)실적(공정공시)               | 2026-06-05: 풍문또는보도에대한해명(미확정)               | 2026-06-01: 대규모기업집단현황공시[연1회공시및1/4분기용(개별회사)] | 2026-05-29: 기업지배구조보고서공시              ,4
지엘팜텍,204840,3,OK,,[첨부정정]주요사항보고서(회사합병결정)(+3),,2026-06-19: 의결권대리행사권유참고서류 | 2026-06-19: 주주총회소집공고 | 2026-06-01: [첨부정정]주요사항보고서(회사합병결정),3
GKL,114090,3,OK,,영업(잠정)실적(공정공시)              (+3),,2026-06-17: 주주총회소집공고 | 2026-06-17: 주주총회소집결의               | 2026-06-17: 주주명부폐쇄기간또는기준일설정               | 2026-06-08: [기재정정]사업보고서 (2025.12) | 2026-06-04: 영업(잠정)실적(공정공시)              ,7
에스피소프트,443670,5,OK,,주식소각결정              (+5),,2026-06-17: 임원ㆍ주요주주특정증권등소유상황보고서 | 2026-06-11: 주식소각결정               | 2026-05-29: 신탁계약해지결과보고서,3
시선AI,340810,5,OK,,단일판매ㆍ공급계약체결              (+5),,2026-06-10: 단일판매ㆍ공급계약체결              ,1
E8,418620,5,OK,,[기재정정]단일판매ㆍ공급계약체결              (+5),,2026-06-25: [기재정정]단일판매ㆍ공급계약체결               | 2026-06-22: 임원ㆍ주요주주특정증권등소유상황보고서 | 2026-06-22: 임원ㆍ주요주주특정증권등소유상황보고서 | 2026-06-22: 기타경영사항(자율공시)              (국책과제 선정(광학 응용장비 진단 및 보정 지원 AI 에이전트 오케스트리에이션 기술 개발)) | 2026-06-16: 기타경영사항(자율공시)              (국책과제 선정(개인 맞춤형 잡곡 추천 및 취사 최적화를 위한 AI 기반 스마트 밥솥 시스템 개발)),10
옴니시스템,057540,5,OK,,주요사항보고서(자기주식취득결정)(+5),,2026-06-12: 임원ㆍ주요주주특정증권등거래계획보고서 | 2026-06-12: 주요사항보고서(자기주식취득결정),2
한텍,098070,5,OK,,[기재정정]단일판매ㆍ공급계약체결              (+5),,2026-06-05: [기재정정]단일판매ㆍ공급계약체결              ,1
포바이포,389140,5,OK,,[기재정정]단일판매ㆍ공급계약체결(자율공시)              (+5),,2026-06-02: [기재정정]단일판매ㆍ공급계약체결(자율공시)              ,1
쎄크,081180,5,OK,,단일판매ㆍ공급계약체결(자율공시)              (+5),,2026-06-09: 단일판매ㆍ공급계약체결(자율공시)              ,1
한국항공우주,047810,5,OK,,[기재정정]단일판매ㆍ공급계약체결              (+5),,2026-06-24: 주식등의대량보유상황보고서(일반) | 2026-06-16: 주식등의대량보유상황보고서(일반) | 2026-06-10: 기업설명회(IR)개최(안내공시)               | 2026-06-09: [기재정정]단일판매ㆍ공급계약체결               | 2026-06-04: 임원ㆍ주요주주특정증권등소유상황보고서,10
아시아나IDT,267850,5,OK,,[기재정정]단일판매ㆍ공급계약체결              (+5),,2026-06-25: [기재정정]단일판매ㆍ공급계약체결               | 2026-05-29: 대규모기업집단현황공시[연1회공시및1/4분기용(개별회사)] | 2026-05-29: 기업지배구조보고서공시              ,3
CNT85,056730,5,OK,,[기재정정]단일판매ㆍ공급계약체결(자율공시)              (+5),,2026-06-19: 사외이사의선임ㆍ해임또는중도퇴임에관한신고 | 2026-06-19: [기재정정]단일판매ㆍ공급계약체결(자율공시)               | 2026-06-19: 임시주주총회결과               | 2026-06-04: 주주총회소집공고 | 2026-06-04: [기재정정]주주총회소집결의              (임시주주총회),5
아세아시멘트,183190,5,OK,,주식소각결정              (+5),,2026-06-10: 주식소각결정               | 2026-06-01: 기업지배구조보고서공시              ,2
HL홀딩스,060980,5,OK,,[기재정정]단일판매ㆍ공급계약체결(자회사의 주요경영사항)              (+5),,2026-06-18: 투자판단관련주요경영사항(자회사의 주요경영사항)               | 2026-06-05: 주식등의대량보유상황보고서(약식) | 2026-06-05: 최대주주등소유주식변동신고서               | 2026-06-05: 주식등의대량보유상황보고서(일반) | 2026-06-05: 임원ㆍ주요주주특정증권등소유상황보고서,10
마음AI,377480,5,OK,,단일판매ㆍ공급계약체결              (+5),,2026-06-19: 단일판매ㆍ공급계약체결              ,1
플라즈맵,405000,5,OK,,단일판매ㆍ공급계약체결              (+5),,2026-06-19: 주식등의대량보유상황보고서(일반) | 2026-06-19: 임원ㆍ주요주주특정증권등소유상황보고서 | 2026-06-04: 단일판매ㆍ공급계약체결               | 2026-06-02: 임원ㆍ주요주주특정증권등소유상황보고서 | 2026-06-02: 주식등의대량보유상황보고서(일반),5
DXVX,180400,5,OK,,[기재정정]단일판매ㆍ공급계약체결              (+5),,2026-06-26: 주식등의대량보유상황보고서(일반) | 2026-06-26: 임원ㆍ주요주주특정증권등소유상황보고서 | 2026-06-19: [기재정정]단일판매ㆍ공급계약체결               | 2026-06-08: 임원ㆍ주요주주특정증권등소유상황보고서 | 2026-06-08: 임원ㆍ주요주주특정증권등소유상황보고서,5
팸텍,271830,5,OK,,단일판매ㆍ공급계약체결(자율공시)              (+5),,2026-06-08: 단일판매ㆍ공급계약체결(자율공시)              ,1
DMS,068790,5,OK,,[기재정정]단일판매ㆍ공급계약체결(자율공시)              (+5),,2026-06-25: [기재정정]금전대여결정               | 2026-06-01: [기재정정]단일판매ㆍ공급계약체결(자율공시)              ,2
세명전기,017510,5,OK,,[기재정정]단일판매ㆍ공급계약체결              (+5),,2026-06-24: [기재정정]단일판매ㆍ공급계약체결              ,1
KSS해운,044450,5,OK,,[기재정정]단일판매ㆍ공급계약체결              (+5),,2026-06-24: 임원ㆍ주요주주특정증권등소유상황보고서 | 2026-06-08: 주식등의대량보유상황보고서(약식) | 2026-06-08: 임원ㆍ주요주주특정증권등소유상황보고서 | 2026-06-04: [기재정정]단일판매ㆍ공급계약체결               | 2026-06-01: 기업지배구조보고서공시              ,5
옵티코어,380540,5,OK,,[기재정정]단일판매ㆍ공급계약체결              (+5),,2026-06-12: [기재정정]단일판매ㆍ공급계약체결               | 2026-06-02: 주식등의대량보유상황보고서(약식),2
DS단석,017860,5,OK,,[기재정정]단일판매ㆍ공급계약체결              (+5),,2026-06-02: 임원ㆍ주요주주특정증권등소유상황보고서 | 2026-06-02: 주식등의대량보유상황보고서(일반) | 2026-06-02: 최대주주등소유주식변동신고서               | 2026-06-01: 기업지배구조보고서공시               | 2026-05-29: [기재정정]단일판매ㆍ공급계약체결              ,6
SNT홀딩스,036530,5,OK,,[기재정정]단일판매ㆍ공급계약체결(자회사의 주요경영사항)              (+5),,2026-06-15: 주주명부폐쇄기간또는기준일설정               | 2026-06-08: [기재정정]단일판매ㆍ공급계약체결(자회사의 주요경영사항)               | 2026-05-29: 기업지배구조보고서공시              ,3
스마트레이더시스템,424960,5,OK,,단일판매ㆍ공급계약체결(자회사의 주요경영사항)              (+5),,2026-06-25: 임원ㆍ주요주주특정증권등소유상황보고서 | 2026-06-25: 단일판매ㆍ공급계약체결(자회사의 주요경영사항)               | 2026-06-12: 주식등의대량보유상황보고서(일반),3
피엔티엠에스,257370,5,OK,,[기재정정]단일판매ㆍ공급계약체결              (+5),,2026-06-19: [기재정정]단일판매ㆍ공급계약체결              ,1
보령,003850,5,OK,,주요사항보고서(자기주식취득결정)(+5),,2026-06-22: 주식등의대량보유상황보고서(일반) | 2026-06-12: 주요사항보고서(자기주식취득결정) | 2026-06-10: 주식등의대량보유상황보고서(일반) | 2026-06-01: 지속가능경영보고서등관련사항(자율공시)               | 2026-06-01: [기재정정]투자판단관련주요경영사항              (유방암 치료제 탁소텔(Taxotere)의 글로벌 비즈니스 인수 계약의 건),6
에스원,012750,5,OK,,단일판매ㆍ공급계약체결              (+5),,2026-06-15: 단일판매ㆍ공급계약체결               | 2026-06-01: 대규모기업집단현황공시[연1회공시및1/4분기용(개별회사)] | 2026-06-01: 기업지배구조보고서공시              ,3
피씨디렉트,051380,5,OK,,주요사항보고서(자기주식취득결정)(+5),,2026-06-19: 임원ㆍ주요주주특정증권등소유상황보고서 | 2026-06-15: 주요사항보고서(자기주식취득결정),2
채비,0011T0,5,OK,,단일판매ㆍ공급계약체결              (+5),,2026-06-23: 단일판매ㆍ공급계약체결              ,1
레뷰코퍼레이션,443250,5,OK,,주식소각결정              (+5),,2026-06-24: 주식등의대량보유상황보고서(일반) | 2026-06-05: 중간(분기)배당을위한주주명부폐쇄(기준일)결정               | 2026-06-05: 주식소각결정               | 2026-05-29: 신탁계약해지결과보고서,4
NC,036570,5,OK,,[기재정정]단일판매ㆍ공급계약체결              (+5),,2026-06-24: 지속가능경영보고서등관련사항(자율공시)               | 2026-06-10: 기업설명회(IR)개최(안내공시)               | 2026-06-10: 최대주주등소유주식변동신고서               | 2026-06-08: 주식등의대량보유상황보고서(약식) | 2026-06-01: 기업지배구조보고서공시              ,6
하림지주,003380,5,OK,,단일판매ㆍ공급계약체결(자회사의 주요경영사항)              (+5),,2026-06-26: [기재정정]신규시설투자등(자회사의 주요경영사항)               | 2026-06-26: 주식등의대량보유상황보고서(일반) | 2026-06-26: 임원ㆍ주요주주특정증권등소유상황보고서 | 2026-06-19: 단일판매ㆍ공급계약체결(자회사의 주요경영사항)               | 2026-06-01: [기재정정]대규모기업집단현황공시[연1회공시및1/4분기용(대표회사)],7
유비온,084440,5,OK,,단일판매ㆍ공급계약체결(자율공시)              (+5),,2026-06-22: 기업설명회(IR)개최               | 2026-06-15: 주주명부폐쇄기간또는기준일설정               | 2026-06-15: 주주총회소집결의              (임시주주총회) | 2026-06-15: 주식병합결정               | 2026-06-11: 단일판매ㆍ공급계약체결(자율공시)              ,5
한국정밀기계,101680,5,OK,,단일판매ㆍ공급계약체결              (+5),,2026-06-26: 단일판매ㆍ공급계약체결               | 2026-06-09: 임원ㆍ주요주주특정증권등소유상황보고서,2
신도기연,290520,5,OK,,주식소각결정              (+5),,2026-06-12: 주식소각결정              ,1
태원물산,001420,5,OK,,주요사항보고서(자기주식취득결정)(+5),,2026-06-22: 주요사항보고서(자기주식취득결정) | 2026-06-01: 기업지배구조보고서공시              ,2
인포바인,115310,5,OK,,주식소각결정              (+5),,2026-06-22: 주식소각결정              ,1
주연테크,044380,5,OK,,단일판매ㆍ공급계약체결(자율공시)              (+5),,2026-06-18: 단일판매ㆍ공급계약체결(자율공시)               | 2026-06-10: 주주명부폐쇄기간또는기준일설정               | 2026-06-10: 주주총회소집결의               | 2026-06-01: 기업지배구조보고서공시              ,4
플레이그램,009810,5,OK,,단일판매ㆍ공급계약체결              (+5),,2026-06-23: 임원ㆍ주요주주특정증권등소유상황보고서 | 2026-06-23: 주식등의대량보유상황보고서(일반) | 2026-06-23: 최대주주등소유주식변동신고서               | 2026-06-11: 임원ㆍ주요주주특정증권등소유상황보고서 | 2026-06-09: 주주명부폐쇄기간또는기준일설정              ,8
우진,105840,5,OK,,단일판매ㆍ공급계약체결              (+5),,2026-06-17: 단일판매ㆍ공급계약체결               | 2026-06-16: 주식등의대량보유상황보고서(일반) | 2026-06-11: 기업설명회(IR)개최(안내공시)               | 2026-06-08: 현금ㆍ현물배당결정               | 2026-06-08: 현금ㆍ현물배당을위한주주명부폐쇄(기준일)결정              ,6
이노뎁,303530,5,OK,,단일판매ㆍ공급계약체결              (+5),,2026-06-26: 주식등의대량보유상황보고서(일반) | 2026-06-01: 단일판매ㆍ공급계약체결              ,2
팬젠,222110,5,OK,,단일판매ㆍ공급계약체결              (+5),,2026-06-22: 단일판매ㆍ공급계약체결              ,1
쓰리빌리언,394800,5,OK,,단일판매ㆍ공급계약체결(자율공시)              (+5),,2026-06-15: 단일판매ㆍ공급계약체결(자율공시)              ,1
바이오포트,188040,5,OK,,주요사항보고서(자기주식취득결정)(+5),,2026-06-19: 기업설명회(IR)개최               | 2026-06-01: 주요사항보고서(자기주식취득결정),2
카티스,140430,5,OK,,단일판매ㆍ공급계약체결              (+5),,2026-06-05: 단일판매ㆍ공급계약체결              ,1
뉴트리,270870,5,OK,,주식소각결정              (+5),,2026-06-09: 주요사항보고서(자기주식취득신탁계약체결결정) | 2026-06-09: 주식소각결정              ,2
미래아이앤지,007120,5,OK,,주식소각결정              (+5),,2026-06-23: 타법인주식및출자증권취득결정               | 2026-06-19: 소송등의제기ㆍ신청(경영권분쟁소송)               | 2026-06-01: 기업지배구조보고서공시               | 2026-05-29: 주식소각결정              ,4
동양이엔피,079960,5,OK,,주식소각결정              (+5),,2026-06-22: 주식소각결정               | 2026-06-18: [첨부정정]기업가치제고계획(자율공시)               | 2026-06-18: 기업가치제고계획(자율공시)               | 2026-06-15: 타법인주식및출자증권취득결정              ,4
베노티앤알,206400,5,OK,,단일판매ㆍ공급계약체결              (+5),,2026-06-05: 단일판매ㆍ공급계약체결              ,1
자연과환경,043910,5,OK,,[기재정정]단일판매ㆍ공급계약체결              (+5),,2026-06-26: [기재정정]단일판매ㆍ공급계약체결               | 2026-06-18: 임원ㆍ주요주주특정증권등소유상황보고서 | 2026-06-11: 주식등의대량보유상황보고서(일반) | 2026-06-11: 임원ㆍ주요주주특정증권등소유상황보고서 | 2026-06-04: 주식등의대량보유상황보고서(일반),6
프럼파스트,035200,5,OK,,주식소각결정              (+5),,2026-06-24: 주요사항보고서(자기주식취득신탁계약체결결정) | 2026-06-18: 주식소각결정               | 2026-05-29: 주식등의대량보유상황보고서(일반) | 2026-05-29: 임원ㆍ주요주주특정증권등소유상황보고서,4
우리금융지주,316140,5,OK,,[기재정정]주식소각결정              (+5),,2026-06-25: 증권발행실적보고서 | 2026-06-24: 투자설명서(일괄신고) | 2026-06-24: 일괄신고추가서류 | 2026-06-18: 기업설명회(IR)개최(안내공시)               | 2026-06-10: [기재정정]주식소각결정              ,10
동성화인텍,033500,5,OK,,단일판매ㆍ공급계약체결              (+5),,2026-06-25: 단일판매ㆍ공급계약체결              ,1
NHN,181710,5,OK,,[기재정정]주식소각결정              (+5),,2026-06-04: [기재정정]주식소각결정               | 2026-06-04: 자기주식취득결과보고서 | 2026-06-04: 임원ㆍ주요주주특정증권등거래계획보고서 | 2026-06-01: 기업지배구조보고서공시              ,4
아이패밀리에스씨,114840,5,OK,,주식소각결정              (+5),,2026-06-11: 신탁계약해지결과보고서 | 2026-06-11: 주식소각결정               | 2026-06-11: 주요사항보고서(자기주식취득신탁계약해지결정),3
KC그린홀딩스,009440,5,OK,,[기재정정]단일판매ㆍ공급계약체결(자회사의 주요경영사항)              (+5),,2026-06-26: [기재정정]투자판단관련주요경영사항(자회사의 주요경영사항)               | 2026-06-17: [기재정정]투자판단관련주요경영사항(자회사의 주요경영사항)               | 2026-06-17: 투자판단관련주요경영사항(자회사의 주요경영사항)               | 2026-06-04: [기재정정]단일판매ㆍ공급계약체결(자회사의 주요경영사항)               | 2026-06-01: 기업지배구조보고서공시              ,5
SK바이오사이언스,302440,5,OK,,단일판매ㆍ공급계약체결              (+5),,2026-06-23: 단일판매ㆍ공급계약체결               | 2026-06-16: 자기주식취득결과보고서 | 2026-05-29: 기업지배구조보고서공시               | 2026-05-29: 대규모기업집단현황공시[연1회공시및1/4분기용(개별회사)],4
인탑스,049070,5,OK,,주식소각결정              (+5),,2026-06-18: 대표이사변경               | 2026-06-15: 주요사항보고서(자기주식취득신탁계약체결결정) | 2026-06-15: 주식소각결정               | 2026-06-15: 중간(분기)배당을위한주주명부폐쇄(기준일)결정              ,4
도화엔지니어링,002150,5,OK,,[기재정정]단일판매ㆍ공급계약체결              (+5),,2026-06-08: 최대주주등소유주식변동신고서               | 2026-06-08: 임원ㆍ주요주주특정증권등소유상황보고서 | 2026-05-29: [기재정정]타인에대한채무보증결정               | 2026-05-29: [기재정정]단일판매ㆍ공급계약체결              ,4
산일전기,062040,5,OK,,단일판매ㆍ공급계약체결              (+5),,2026-06-22: 단일판매ㆍ공급계약체결              ,1
중앙백신,072020,5,OK,,주식소각결정              (+5),,2026-06-25: 주식소각결정               | 2026-06-15: 주식등의대량보유상황보고서(일반) | 2026-06-15: 임원ㆍ주요주주특정증권등소유상황보고서,3
GS건설,006360,5,OK,,[기재정정]단일판매ㆍ공급계약체결              (+5),,2026-06-19: [기재정정]단일판매ㆍ공급계약체결               | 2026-06-01: 투자판단관련주요경영사항               | 2026-06-01: 대규모기업집단현황공시[연1회공시및1/4분기용(개별회사)] | 2026-06-01: 투자판단관련주요경영사항               | 2026-06-01: 투자판단관련주요경영사항              ,6
핸디소프트,220180,5,OK,,[기재정정]단일판매ㆍ공급계약체결              (+5),,2026-06-25: [기재정정]단일판매ㆍ공급계약체결               | 2026-06-04: 주주총회소집결의              (임시주주총회) | 2026-06-04: 주주명부폐쇄기간또는기준일설정              ,3
한화엔진,082740,5,OK,,단일판매ㆍ공급계약체결              (+5),,2026-06-26: 단일판매ㆍ공급계약체결               | 2026-06-10: 풍문또는보도에대한해명               | 2026-05-29: 대규모기업집단현황공시[연1회공시및1/4분기용(개별회사)] | 2026-05-29: [첨부추가]기업지배구조보고서공시              ,4
탑머티리얼,360070,5,OK,,[기재정정]단일판매ㆍ공급계약체결              (+5),,2026-06-04: 임원ㆍ주요주주특정증권등소유상황보고서 | 2026-05-29: [기재정정]단일판매ㆍ공급계약체결              ,2
하이로닉,149980,5,OK,,[첨부추가]주식소각결정              (+5),,2026-06-09: [첨부추가]주식소각결정               | 2026-06-09: 중간(분기)배당을위한주주명부폐쇄(기준일)결정               | 2026-06-09: 주식매수선택권부여에관한신고 | 2026-06-08: 임시주주총회결과               | 2026-05-29: [기재정정]주주총회소집공고,5
파이버프로,368770,5,OK,,[기재정정]단일판매ㆍ공급계약체결              (+5),,2026-06-23: [기재정정]단일판매ㆍ공급계약체결              ,1
재영솔루텍,049630,5,OK,,주식소각결정              (+5),,2026-06-19: 주식소각결정              ,1
일성건설,013360,5,OK,,[기재정정]단일판매ㆍ공급계약체결              (+5),,2026-06-18: [기재정정]단일판매ㆍ공급계약체결               | 2026-06-01: 기업지배구조보고서공시              ,2
에스엔시스,0008Z0,5,OK,,단일판매ㆍ공급계약체결(자율공시)              (+5),,2026-06-10: 단일판매ㆍ공급계약체결(자율공시)               | 2026-06-09: 임원ㆍ주요주주특정증권등소유상황보고서,2
에이텍모빌리티,224110,5,OK,,단일판매ㆍ공급계약체결              (+5),,2026-06-26: 임원ㆍ주요주주특정증권등거래계획보고서 | 2026-06-26: 주식등의대량보유상황보고서(일반) | 2026-06-12: 주식등의대량보유상황보고서(일반) | 2026-06-11: 주요사항보고서(자기주식취득신탁계약체결결정) | 2026-06-08: 단일판매ㆍ공급계약체결              ,6
이수앱지스,086890,5,OK,,[기재정정]단일판매ㆍ공급계약체결              (+5),,2026-06-23: 전환가액의조정               | 2026-06-17: [기재정정]단일판매ㆍ공급계약체결               | 2026-06-16: 임원ㆍ주요주주특정증권등거래계획보고서 | 2026-06-16: 임원ㆍ주요주주특정증권등거래계획보고서,4
누리플렉스,040160,5,OK,,주식소각결정              (+5),,2026-06-24: 주식소각결정               | 2026-06-23: 주식등의대량보유상황보고서(일반),2
그린플러스,186230,5,OK,,[기재정정]단일판매ㆍ공급계약체결              (+5),,2026-06-26: [기재정정]단일판매ㆍ공급계약체결              ,1
플리토,300080,5,OK,,[기재정정]단일판매ㆍ공급계약체결              (+5),,2026-06-26: [기재정정]단일판매ㆍ공급계약체결               | 2026-06-02: 주식매수선택권부여에관한신고,2
아이크래프트,052460,5,OK,,단일판매ㆍ공급계약체결              (+5),,2026-06-18: 단일판매ㆍ공급계약체결              ,1
대한해운,005880,5,OK,,[기재정정]단일판매ㆍ공급계약체결              (+5),,2026-06-19: [기재정정]단일판매ㆍ공급계약체결               | 2026-06-18: 의결권대리행사권유참고서류 | 2026-06-18: 주주총회소집공고 | 2026-06-11: 주식등의대량보유상황보고서(일반) | 2026-06-02: [기재정정]기업지배구조보고서공시              ,12
나노실리칸첨단소재,286750,5,OK,,[기재정정]단일판매ㆍ공급계약체결              (+5),,2026-06-24: [기재정정]단일판매ㆍ공급계약체결               | 2026-06-17: 의결권대리행사권유참고서류 | 2026-06-17: 주주총회소집공고 | 2026-06-02: 주요사항보고서(자기전환사채매도결정) | 2026-06-02: 전환사채(해외전환사채포함)발행후만기전사채취득              (제1회차 CB),5
케이피에프,024880,5,OK,,[기재정정]주식소각결정              (+5),,2026-06-23: 기업설명회(IR)개최               | 2026-06-19: [기재정정]주식소각결정               | 2026-06-19: 자기주식취득결과보고서,3
청담글로벌,362320,5,OK,,주요사항보고서(자기주식취득결정)(+5),,2026-06-10: 주요사항보고서(자기주식취득결정),1
네이블,153460,5,OK,,단일판매ㆍ공급계약체결              (+5),,2026-06-15: 단일판매ㆍ공급계약체결              ,1
금양그린파워,282720,5,OK,,[기재정정]단일판매ㆍ공급계약체결              (+5),,2026-06-26: [기재정정]단일판매ㆍ공급계약체결               | 2026-06-23: 주식등의대량보유상황보고서(일반),2
저스템,417840,5,OK,,주요사항보고서(자기주식취득결정)(+5),,2026-06-25: 임원ㆍ주요주주특정증권등소유상황보고서 | 2026-06-25: 주식등의대량보유상황보고서(일반) | 2026-06-24: 주요사항보고서(자기주식취득결정) | 2026-06-22: 기업설명회(IR)개최               | 2026-06-09: 임원ㆍ주요주주특정증권등소유상황보고서,10
신성이엔지,011930,5,OK,,단일판매ㆍ공급계약체결(자율공시)              (+5),,2026-06-22: 임원ㆍ주요주주특정증권등소유상황보고서 | 2026-06-22: 최대주주등소유주식변동신고서               | 2026-06-16: 최대주주등소유주식변동신고서               | 2026-06-16: 임원ㆍ주요주주특정증권등소유상황보고서 | 2026-06-11: 최대주주등소유주식변동신고서              ,8
미원상사,002840,5,OK,,주요사항보고서(자기주식취득결정)(+5),,2026-06-24: 임원ㆍ주요주주특정증권등소유상황보고서 | 2026-06-24: 최대주주등소유주식변동신고서               | 2026-06-23: 임원ㆍ주요주주특정증권등소유상황보고서 | 2026-06-12: 임원ㆍ주요주주특정증권등소유상황보고서 | 2026-06-05: 임원ㆍ주요주주특정증권등소유상황보고서,9
누보,332290,5,OK,,[기재정정]단일판매ㆍ공급계약체결              (+5),,2026-06-11: [기재정정]단일판매ㆍ공급계약체결               | 2026-06-08: 임원ㆍ주요주주특정증권등소유상황보고서,2
대한조선,439260,5,OK,,단일판매ㆍ공급계약체결              (+5),,2026-06-17: 임원ㆍ주요주주특정증권등소유상황보고서 | 2026-06-01: 기업지배구조보고서공시               | 2026-06-01: 단일판매ㆍ공급계약체결              ,3
테스,095610,5,OK,,단일판매ㆍ공급계약체결(자율공시)              (+5),,2026-06-05: 단일판매ㆍ공급계약체결(자율공시)              ,1
유니테스트,086390,5,OK,,단일판매ㆍ공급계약체결              (+5),,2026-06-12: 단일판매ㆍ공급계약체결              ,1
와이어블,065530,5,OK,,[기재정정]단일판매ㆍ공급계약체결              (+5),,2026-06-11: [기재정정]단일판매ㆍ공급계약체결              ,1
엠에프씨,432980,5,OK,,주요사항보고서(자기주식취득결정)(+5),,2026-06-15: 주요사항보고서(자기주식취득결정) | 2026-06-10: 주식등의대량보유상황보고서(일반) | 2026-06-10: 임원ㆍ주요주주특정증권등소유상황보고서 | 2026-06-04: 주식등의대량보유상황보고서(일반) | 2026-06-04: 임원ㆍ주요주주특정증권등소유상황보고서,5
대아티아이,045390,5,OK,,[기재정정]단일판매ㆍ공급계약체결              (+5),,2026-06-26: [기재정정]단일판매ㆍ공급계약체결               | 2026-06-24: 합병등종료보고서(자산양수도) | 2026-06-24: [기재정정]주요사항보고서(유형자산양도결정) | 2026-06-15: 신탁계약에의한취득상황보고서,4
코셈,360350,5,OK,,주식소각결정              (+5),,2026-06-16: 주식소각결정               | 2026-05-29: 신탁계약에의한취득상황보고서,2
세나테크놀로지,061090,5,OK,,주식소각결정              (+5),,2026-06-04: 신탁계약해지결과보고서 | 2026-06-04: 주식소각결정               | 2026-06-04: 주요사항보고서(자기주식취득신탁계약해지결정),3
배럴,267790,5,OK,,주요사항보고서(자기주식취득결정)(+5),,2026-06-15: 주요사항보고서(자기주식취득결정),1
일진전기,103590,5,OK,,[기재정정]단일판매ㆍ공급계약체결              (+5),,2026-06-05: [기재정정]단일판매ㆍ공급계약체결               | 2026-05-29: 임원ㆍ주요주주특정증권등소유상황보고서 | 2026-05-29: 기업지배구조보고서공시              ,3
티이엠씨씨엔에스,241790,5,OK,,단일판매ㆍ공급계약체결              (+5),,2026-06-26: 단일판매ㆍ공급계약체결               | 2026-06-16: 임원ㆍ주요주주특정증권등소유상황보고서 | 2026-06-04: 임원ㆍ주요주주특정증권등소유상황보고서,3
와이씨,232140,5,OK,,단일판매ㆍ공급계약체결              (+5),,2026-06-01: 단일판매ㆍ공급계약체결              ,1
SNT에너지,100840,5,OK,,[기재정정]단일판매ㆍ공급계약체결              (+5),,2026-06-15: 주주명부폐쇄기간또는기준일설정               | 2026-06-08: [기재정정]단일판매ㆍ공급계약체결               | 2026-05-29: 기업지배구조보고서공시              ,3
액스비스,0011A0,5,OK,,[기재정정]단일판매ㆍ공급계약체결              (+5),,2026-06-09: [기재정정]단일판매ㆍ공급계약체결              ,1
한국전자인증,041460,5,OK,,주식소각결정              (+5),,2026-06-11: 주요사항보고서(자기주식취득신탁계약체결결정) | 2026-06-11: 주식소각결정              ,2
티로보틱스,117730,5,OK,,단일판매ㆍ공급계약체결              (+5),,2026-06-12: 주식등의대량보유상황보고서(일반) | 2026-06-04: 단일판매ㆍ공급계약체결              ,2
DL,000210,5,OK,,단일판매ㆍ공급계약체결(자회사의 주요경영사항)              (+5),,2026-06-26: [기재정정]벌금등의부과(자회사의 주요경영사항)               | 2026-06-23: 타인에대한채무보증결정(자회사의 주요경영사항)               | 2026-06-22: 벌금등의부과(자회사의 주요경영사항)               | 2026-06-17: 타인에대한채무보증결정(자회사의 주요경영사항)               | 2026-06-05: 단일판매ㆍ공급계약체결(자회사의 주요경영사항)              ,9
원텍,336570,5,OK,,주식소각결정              (+5),,2026-06-23: [기재정정]주주명부폐쇄기간또는기준일설정               | 2026-06-23: [기재정정]주주총회소집결의              (임시주주총회) | 2026-06-22: 임원ㆍ주요주주특정증권등소유상황보고서 | 2026-06-22: 주주명부폐쇄기간또는기준일설정               | 2026-06-22: 주요사항보고서(자기주식취득신탁계약체결결정),8
이미지스,115610,5,OK,,단일판매ㆍ공급계약체결              (+5),,2026-06-19: 영업실적등에대한전망(공정공시)               | 2026-06-08: 단일판매ㆍ공급계약체결              ,2
유일로보틱스,388720,5,OK,,단일판매ㆍ공급계약체결              (+5),,2026-06-17: 단일판매ㆍ공급계약체결              ,1
오르비텍,046120,5,OK,,단일판매ㆍ공급계약체결(자율공시)              (+5),,2026-06-18: 단일판매ㆍ공급계약체결(자율공시)               | 2026-06-15: [기재정정]타법인주식및출자증권처분결정              ,2
이엔셀,456070,5,OK,,[기재정정]단일판매ㆍ공급계약체결              (+5),,2026-06-25: 임원ㆍ주요주주특정증권등소유상황보고서 | 2026-06-24: 임원ㆍ주요주주특정증권등소유상황보고서 | 2026-06-24: 임원ㆍ주요주주특정증권등소유상황보고서 | 2026-06-24: 임원ㆍ주요주주특정증권등소유상황보고서 | 2026-06-02: 기업설명회(IR)개최              ,6
한미반도체,042700,5,OK,,단일판매ㆍ공급계약체결              (+5),,2026-06-22: 기업설명회(IR)개최(안내공시)               | 2026-06-16: 임원ㆍ주요주주특정증권등소유상황보고서 | 2026-06-15: [기재정정]타법인주식및출자증권취득결정               | 2026-06-12: 타법인주식및출자증권취득결정               | 2026-06-08: 단일판매ㆍ공급계약체결              ,9
아로마티카,0015N0,5,OK,,주식소각결정              (+5),,2026-06-12: 주식소각결정              ,1
심텍,222800,5,OK,,주요사항보고서(자기주식취득결정)(+5),,2026-06-25: 임원ㆍ주요주주특정증권등소유상황보고서 | 2026-06-25: 주식등의대량보유상황보고서(일반) | 2026-06-25: 자기주식취득결과보고서 | 2026-06-25: 주식등의대량보유상황보고서(약식) | 2026-06-17: 임원ㆍ주요주주특정증권등소유상황보고서,8
뱅크웨어글로벌,199480,5,OK,,단일판매ㆍ공급계약체결(자율공시)              (+5),,2026-06-15: 단일판매ㆍ공급계약체결(자율공시)               | 2026-06-05: 주식등의대량보유상황보고서(일반),2
펨트론,168360,5,OK,,단일판매ㆍ공급계약체결(자율공시)              (+5),,2026-06-23: 단일판매ㆍ공급계약체결(자율공시)               | 2026-06-15: 전환청구권행사              (제1회차) | 2026-06-09: 기업설명회(IR)개최               | 2026-05-29: 사외이사의선임ㆍ해임또는중도퇴임에관한신고 | 2026-05-29: 임시주주총회결과              ,6
뉴로핏,380550,5,OK,,단일판매ㆍ공급계약체결              (+5),,2026-06-10: 단일판매ㆍ공급계약체결               | 2026-06-01: 임원ㆍ주요주주특정증권등소유상황보고서 | 2026-06-01: 임원ㆍ주요주주특정증권등소유상황보고서 | 2026-06-01: 주식등의대량보유상황보고서(일반),4
KC코트렐,119650,5,OK,,[기재정정]단일판매ㆍ공급계약체결              (+5),,2026-06-16: 상장적격성실질심사관련주요개선계획(자율공시)               | 2026-06-16: 기타시장안내              (개선기간 부여 결정) | 2026-06-09: 기타안내사항(안내공시)               | 2026-06-04: [기재정정]단일판매ㆍ공급계약체결               | 2026-05-29: 기업지배구조보고서공시              ,5
에이직랜드,445090,5,OK,,[기재정정]단일판매ㆍ공급계약체결              (+5),,2026-06-26: [기재정정]단일판매ㆍ공급계약체결               | 2026-06-10: 기업설명회(IR)개최               | 2026-06-02: 주식등의대량보유상황보고서(일반),3
브이엠,089970,5,OK,,단일판매ㆍ공급계약체결              (+5),,2026-06-23: 전환주식의전환청구권행사              (상환전환우선주) | 2026-06-23: 단일판매ㆍ공급계약체결               | 2026-06-16: 주식등의대량보유상황보고서(약식) | 2026-06-11: 주식등의대량보유상황보고서(약식) | 2026-06-05: 주식등의대량보유상황보고서(약식),6
한창제지,009460,5,OK,,주요사항보고서(자기주식취득결정)(+5),,2026-06-24: 임원ㆍ주요주주특정증권등소유상황보고서 | 2026-06-22: 임원ㆍ주요주주특정증권등소유상황보고서 | 2026-06-17: 임원ㆍ주요주주특정증권등거래계획보고서 | 2026-06-17: 임원ㆍ주요주주특정증권등거래계획철회보고서 | 2026-06-16: 주식등의대량보유상황보고서(일반),11
포스코인터내셔널,047050,5,OK,,단일판매ㆍ공급계약체결              (+5),,2026-06-11: 단일판매ㆍ공급계약체결               | 2026-06-10: 기업설명회(IR)개최(안내공시)               | 2026-05-29: 기업지배구조보고서공시               | 2026-05-29: [기재정정]대규모기업집단현황공시[연1회공시및1/4분기용(개별회사)] | 2026-05-29: [기재정정]대규모기업집단현황공시[연1회공시및1/4분기용(개별회사)],6
디바이스,187870,5,OK,,[기재정정]단일판매ㆍ공급계약체결(자율공시)              (+5),,2026-06-18: [기재정정]단일판매ㆍ공급계약체결(자율공시)               | 2026-06-16: [기재정정]주식매수선택권부여에관한신고 | 2026-06-02: 주식등의대량보유상황보고서(약식),3
고스트스튜디오,950190,5,OK,,주요사항보고서(자기주식취득결정)(+5),,2026-05-29: 주요사항보고서(자기주식취득결정),1
HMM,011200,5,OK,,단일판매ㆍ공급계약체결              (+5),,2026-06-26: 단일판매ㆍ공급계약체결               | 2026-06-24: 신규시설투자등               | 2026-06-01: 기업지배구조보고서공시               | 2026-06-01: 대규모기업집단현황공시[연1회공시및1/4분기용(대표회사)] | 2026-06-01: 대규모기업집단현황공시[연1회(동일인용)],5
디케이락,105740,5,OK,,[기재정정]단일판매ㆍ공급계약체결              (+5),,2026-06-26: 임원ㆍ주요주주특정증권등소유상황보고서 | 2026-06-26: 주식등의대량보유상황보고서(일반) | 2026-06-25: [기재정정]단일판매ㆍ공급계약체결              ,3
휴럼,353190,5,OK,,주요사항보고서(자기주식취득결정)(+5),,2026-06-22: 임원ㆍ주요주주특정증권등소유상황보고서 | 2026-06-22: 주식등의대량보유상황보고서(일반) | 2026-06-01: 주요사항보고서(자기주식취득결정),3
코데즈컴바인,047770,5,OK,,[첨부추가]주식소각결정              (+5),,2026-06-10: [첨부추가]주식소각결정              ,1
한국알콜,017890,5,OK,,주식소각결정              (+5),,2026-06-19: 임원ㆍ주요주주특정증권등소유상황보고서 | 2026-06-16: 주식소각결정               | 2026-06-16: 신규시설투자등(자율공시)               | 2026-06-16: [기재정정]주주총회소집결의              (임시주주총회) | 2026-06-04: 주주명부폐쇄기간또는기준일설정              ,6
씨피시스템,413630,5,OK,,주식소각결정              (+5),,2026-05-29: 주식소각결정              ,1
드림인사이트,362990,5,OK,,주요사항보고서(자기주식취득결정)(+5),,2026-06-25: 주요사항보고서(자기주식취득결정),1
서호전기,065710,5,OK,,단일판매ㆍ공급계약체결              (+5),,2026-06-24: 단일판매ㆍ공급계약체결               | 2026-06-10: 중간(분기)배당을위한주주명부폐쇄(기준일)결정              ,2
엑시콘,092870,5,OK,,단일판매ㆍ공급계약체결              (+5),,2026-06-04: 단일판매ㆍ공급계약체결              ,1
엘디티,096870,5,OK,,주요사항보고서(자기주식취득결정)(+5),,2026-06-26: 기업설명회(IR)개최               | 2026-06-19: 주요사항보고서(자기주식취득결정),2
디지캡,197140,5,OK,,단일판매ㆍ공급계약체결              (+5),,2026-06-10: 주요사항보고서(자기주식취득신탁계약체결결정) | 2026-06-09: 증권발행결과(자율공시)               | 2026-06-08: 단일판매ㆍ공급계약체결              ,3
야스,255440,5,OK,,단일판매ㆍ공급계약체결              (+5),,2026-06-23: 주식등의대량보유상황보고서(일반) | 2026-06-15: 단일판매ㆍ공급계약체결               | 2026-06-10: 주식등의대량보유상황보고서(일반) | 2026-06-08: 주식등의대량보유상황보고서(일반),4
백산,035150,5,OK,,주식소각결정              (+5),,2026-06-23: 주식소각결정               | 2026-06-22: 자기주식취득결과보고서 | 2026-06-01: 기업지배구조보고서공시              ,3
유유제약,000220,5,OK,,주식소각결정              (+5),,2026-06-16: 임원ㆍ주요주주특정증권등소유상황보고서 | 2026-06-08: 주식소각결정               | 2026-05-29: 기업지배구조보고서공시              ,3
케이쓰리아이,431190,5,OK,,단일판매ㆍ공급계약체결(자율공시)              (+5),,2026-06-25: 단일판매ㆍ공급계약체결(자율공시)              ,1
동국S&C,100130,5,OK,,단일판매ㆍ공급계약체결              (+5),,2026-06-04: 단일판매ㆍ공급계약체결              ,1
쇼박스,086980,5,OK,,주식소각결정              (+5),,2026-06-19: 주식소각결정               | 2026-06-02: [기재정정]대규모기업집단현황공시[연1회공시및1/4분기용(개별회사)] | 2026-06-01: 대규모기업집단현황공시[연1회공시및1/4분기용(개별회사)],3
씨아이테크,004920,5,OK,,주요사항보고서(자기주식취득결정)(+5),,2026-06-19: 주식등의대량보유상황보고서(일반) | 2026-06-19: 자기주식취득결과보고서 | 2026-06-15: 임원ㆍ주요주주특정증권등소유상황보고서 | 2026-06-15: 주식등의대량보유상황보고서(약식) | 2026-06-08: [기재정정]신규시설투자등              ,7
SDN,099220,5,OK,,주식소각결정              (+5),,2026-06-24: 주주명부폐쇄기간또는기준일설정               | 2026-06-24: 주주총회소집결의              (임시주주총회) | 2026-06-24: 주식병합결정               | 2026-06-24: 임원ㆍ주요주주특정증권등소유상황보고서 | 2026-06-24: 주식등의대량보유상황보고서(일반),10
아이빔테크놀로지,460470,5,OK,,단일판매ㆍ공급계약체결              (+5),,2026-06-15: 단일판매ㆍ공급계약체결              ,1
에스오에스랩,464080,5,OK,,단일판매ㆍ공급계약체결              (+5),,2026-06-16: 단일판매ㆍ공급계약체결              ,1
지앤비에스 에코,382800,5,OK,,단일판매ㆍ공급계약체결              (+5),,2026-06-09: 단일판매ㆍ공급계약체결               | 2026-06-05: 주식등의대량보유상황보고서(약식) | 2026-05-29: 중간(분기)배당을위한주주명부폐쇄(기준일)결정              ,3
삼화네트웍스,046390,5,OK,,[기재정정]단일판매ㆍ공급계약체결              (+5),,2026-06-18: 주요사항보고서(자기주식취득신탁계약체결결정) | 2026-06-17: 신탁계약해지결과보고서 | 2026-06-17: 주요사항보고서(자기주식취득신탁계약해지결정) | 2026-06-08: 임원ㆍ주요주주특정증권등소유상황보고서 | 2026-06-08: 임원ㆍ주요주주특정증권등소유상황보고서,10
메디톡스,086900,5,OK,,주요사항보고서(자기주식취득결정)(+5),,2026-06-26: 주식등의대량보유상황보고서(일반) | 2026-06-26: 임원ㆍ주요주주특정증권등소유상황보고서 | 2026-06-17: 자기주식취득결과보고서 | 2026-06-09: 주요사항보고서(자기주식취득결정),4
국영지앤엠,006050,5,OK,,단일판매ㆍ공급계약체결(자율공시)              (+5),,2026-06-23: 단일판매ㆍ공급계약체결(자율공시)               | 2026-06-12: 주주명부폐쇄기간또는기준일설정               | 2026-06-12: 주주총회소집결의              (임시주주총회) | 2026-06-12: 주식병합결정               | 2026-06-04: 주식등의대량보유상황보고서(일반),6
에스에이티,060540,5,OK,,주식소각결정              (+5),,2026-06-15: 주식소각결정               | 2026-06-08: 임원ㆍ주요주주특정증권등소유상황보고서,2
미디어젠,279600,5,OK,,[기재정정]단일판매ㆍ공급계약체결              (+5),,2026-06-18: [기재정정]단일판매ㆍ공급계약체결              ,1
바이오비쥬,489460,5,OK,,주요사항보고서(자기주식취득결정)(+5),,2026-06-01: 주요사항보고서(자기주식취득결정),1
팬오션,028670,5,OK,,단일판매ㆍ공급계약체결              (+5),,2026-06-25: 최대주주등소유주식변동신고서               | 2026-06-24: 주식등의대량보유상황보고서(일반) | 2026-06-24: 임원ㆍ주요주주특정증권등소유상황보고서 | 2026-06-24: 임원ㆍ주요주주특정증권등소유상황보고서 | 2026-06-19: 단일판매ㆍ공급계약체결              ,15
에스비비테크,389500,5,OK,,[기재정정]단일판매ㆍ공급계약체결              (+5),,2026-05-29: [기재정정]단일판매ㆍ공급계약체결              ,1
남해화학,025860,5,OK,,[기재정정]단일판매ㆍ공급계약체결              (+5),,2026-06-19: 특수관계인과의내부거래 | 2026-06-09: [기재정정]단일판매ㆍ공급계약체결               | 2026-06-01: 기업지배구조보고서공시               | 2026-06-01: 대규모기업집단현황공시[연1회공시및1/4분기용(개별회사)] | 2026-05-29: 약관에의한금융거래시계열금융회사의거래상대방의공시,7
대웅제약,069620,5,OK,,단일판매ㆍ공급계약체결              (+5),,2026-06-26: 단일판매ㆍ공급계약체결               | 2026-06-23: 투자판단관련주요경영사항              (펙수클루정(Fexuclue)의 적응증 추가 3상 임상시험계획(IND) 승인(위궤양의 치료 요법)) | 2026-06-01: 기업지배구조보고서공시              ,3
와이즈넛,096250,5,OK,,주요사항보고서(자기주식취득결정)(+5),,2026-06-17: 주요사항보고서(자기주식취득결정) | 2026-05-29: 기업설명회(IR)개최               | 2026-05-29: 주식등의대량보유상황보고서(일반) | 2026-05-29: 임원ㆍ주요주주특정증권등소유상황보고서,4
펄어비스,263750,5,OK,,주식소각결정              (+5),,2026-06-25: 기업설명회(IR)개최               | 2026-06-25: 해산사유발생(종속회사의주요경영사항)               | 2026-06-09: 주요사항보고서(자기주식취득신탁계약체결결정) | 2026-06-09: 주식소각결정               | 2026-06-09: 기업가치제고계획(자율공시)              ,5
iM금융지주,139130,5,OK,,[기재정정]주식소각결정              (+5),,2026-06-23: 신탁계약해지결과보고서 | 2026-06-23: [기재정정]주식소각결정               | 2026-06-23: 주요사항보고서(자기주식취득신탁계약해지결정) | 2026-06-23: 임원ㆍ주요주주특정증권등소유상황보고서 | 2026-06-08: 임원ㆍ주요주주특정증권등소유상황보고서,9
유진테크놀로지,240600,5,OK,,단일판매ㆍ공급계약체결(자율공시)              (+5),,2026-06-23: 기업설명회(IR)개최               | 2026-06-18: 단일판매ㆍ공급계약체결(자율공시)              ,2
STX그린로지스,465770,5,OK,,단일판매ㆍ공급계약체결              (+5),,2026-06-25: 소송등의판결ㆍ결정(일정금액이상의청구)               | 2026-06-12: 풍문또는보도에대한해명(미확정)               | 2026-06-04: 단일판매ㆍ공급계약체결               | 2026-06-01: 기업지배구조보고서공시              ,4
아이비젼웍스,469750,5,OK,,단일판매ㆍ공급계약체결              (+5),,2026-06-08: 단일판매ㆍ공급계약체결              ,1
신세계I&C,035510,5,OK,,단일판매ㆍ공급계약체결              (+5),,2026-06-25: 단일판매ㆍ공급계약체결               | 2026-06-19: 동일인등출자계열회사와의상품ㆍ용역거래 | 2026-06-01: 대규모기업집단현황공시[연1회공시및1/4분기용(개별회사)] | 2026-05-29: 기업지배구조보고서공시               | 2026-05-29: [기재정정]유형자산처분결정              ,5
대웅,003090,5,OK,,단일판매ㆍ공급계약체결(자회사의 주요경영사항)              (+5),,2026-06-26: 단일판매ㆍ공급계약체결(자회사의 주요경영사항)               | 2026-06-23: 투자판단관련주요경영사항(자회사의 주요경영사항)              (펙수클루정(Fexuclue)의 적응증 추가 3상 임상시험계획(IND) 승인(위궤양의 치료 요법)) | 2026-06-01: 기업지배구조보고서공시              ,3
피에스텍,002230,5,OK,,주식소각결정              (+5),,2026-06-18: 주식소각결정               | 2026-06-12: 현금ㆍ현물배당결정              (분기배당) | 2026-06-12: 중간(분기)배당을위한주주명부폐쇄(기준일)결정              ,3
이노에이엑스,296640,5,OK,,단일판매ㆍ공급계약체결              (+5),,2026-06-22: 주요사항보고서(타법인주식및출자증권양도결정) | 2026-06-22: 단일판매ㆍ공급계약체결               | 2026-06-18: 임시주주총회결과               | 2026-06-02: 주주총회소집공고,4
팬엔터테인먼트,068050,5,OK,,[기재정정]단일판매ㆍ공급계약체결              (+5),,2026-06-26: 주요사항보고서(자기주식취득신탁계약체결결정) | 2026-06-02: [기재정정]단일판매ㆍ공급계약체결              ,2
아이에스티이,212710,5,OK,,[기재정정]단일판매ㆍ공급계약체결              (+5),,2026-06-26: [기재정정]단일판매ㆍ공급계약체결               | 2026-06-12: 임원ㆍ주요주주특정증권등소유상황보고서 | 2026-06-12: 임원ㆍ주요주주특정증권등소유상황보고서 | 2026-06-12: 임원ㆍ주요주주특정증권등소유상황보고서 | 2026-06-12: 임원ㆍ주요주주특정증권등소유상황보고서,7
프리엠스,053160,5,OK,,주요사항보고서(자기주식취득결정)(+5),,2026-06-15: 주요사항보고서(자기주식취득결정) | 2026-06-11: 자기주식취득결과보고서,2
에스트래픽,234300,5,OK,,[기재정정]단일판매ㆍ공급계약체결              (+5),,2026-06-17: [기재정정]단일판매ㆍ공급계약체결               | 2026-06-02: 임원ㆍ주요주주특정증권등소유상황보고서,2
제룡산업,147830,5,OK,,[기재정정]단일판매ㆍ공급계약체결              (+5),,2026-06-22: [기재정정]단일판매ㆍ공급계약체결              ,1
KH바텍,060720,5,OK,,주요사항보고서(자기주식취득결정)(+5),,2026-06-24: 수시공시의무관련사항(공정공시)               | 2026-06-24: 주요사항보고서(자기주식취득결정) | 2026-06-12: 타인에대한채무보증결정               | 2026-05-29: 기업설명회(IR)개최              ,4
플랜티넷,075130,5,OK,,주식소각결정              (+5),,2026-06-18: 주주총회소집결의              (임시주주총회) | 2026-06-18: 주주명부폐쇄기간또는기준일설정               | 2026-06-04: 주식소각결정              ,3
코디,080530,5,OK,,[첨부추가]주식소각결정              (+5),,2026-06-19: [첨부추가]주식소각결정               | 2026-06-15: 임원ㆍ주요주주특정증권등소유상황보고서 | 2026-06-12: 재해발생               | 2026-06-11: [첨부정정]주주총회소집결의               | 2026-06-11: [첨부정정]주주명부폐쇄기간또는기준일설정              ,7
한솔케미칼,014680,5,OK,,주식소각결정              (+5),,2026-06-19: 주식소각결정               | 2026-06-19: 자기주식취득결과보고서 | 2026-06-02: 임원ㆍ주요주주특정증권등소유상황보고서 | 2026-05-29: 기업지배구조보고서공시              ,4
우진아이엔에스,010400,5,OK,,단일판매ㆍ공급계약체결              (+5) | 단일판매ㆍ공급계약체결              (+5) | [기재정정]단일판매ㆍ공급계약체결              (+5),[기재정정]주요사항보고서(자기주식처분결정)(-10),2026-06-25: 단일판매ㆍ공급계약체결               | 2026-06-22: 단일판매ㆍ공급계약체결               | 2026-06-16: 임시주주총회결과               | 2026-06-11: [기재정정]주요사항보고서(자기주식처분결정) | 2026-06-01: [기재정정]단일판매ㆍ공급계약체결              ,6
티쓰리,204610,5,OK,,주요사항보고서(자기주식취득결정)(+5),,2026-06-25: 주요사항보고서(자기주식취득결정) | 2026-06-19: 기업설명회(IR)개최               | 2026-06-12: 기업설명회(IR)개최               | 2026-06-08: 기업설명회(IR)개최              ,4
웹젠,069080,5,OK,,주요사항보고서(자기주식취득결정)(+5),,2026-06-10: 주요사항보고서(자기주식취득결정),1
가온칩스,399720,5,OK,,단일판매ㆍ공급계약체결              (+5),,2026-06-11: 단일판매ㆍ공급계약체결               | 2026-06-10: 주식등의대량보유상황보고서(약식),2
하이비젼시스템,126700,5,OK,,[기재정정]단일판매ㆍ공급계약체결              (+5),,2026-06-15: [기재정정]단일판매ㆍ공급계약체결              ,1
에이스토리,241840,5,OK,,단일판매ㆍ공급계약체결              (+5),,2026-06-16: 단일판매ㆍ공급계약체결              ,1
위너스일렉,479960,5,OK,,[기재정정]단일판매ㆍ공급계약체결              (+5),,2026-06-18: [기재정정]단일판매ㆍ공급계약체결               | 2026-06-02: 주식등의대량보유상황보고서(일반) | 2026-05-29: 임원ㆍ주요주주특정증권등소유상황보고서 | 2026-05-29: 임원ㆍ주요주주특정증권등소유상황보고서 | 2026-05-29: 임원ㆍ주요주주특정증권등소유상황보고서,6
파인텍,131760,5,OK,,단일판매ㆍ공급계약체결              (+5),,2026-06-25: 단일판매ㆍ공급계약체결               | 2026-06-02: 임원ㆍ주요주주특정증권등소유상황보고서 | 2026-06-02: 임원ㆍ주요주주특정증권등소유상황보고서 | 2026-06-02: 임원ㆍ주요주주특정증권등소유상황보고서 | 2026-06-02: 임원ㆍ주요주주특정증권등소유상황보고서,8
센코,347000,5,OK,,[기재정정]단일판매ㆍ공급계약체결(자율공시)              (+5),,2026-06-22: [기재정정]단일판매ㆍ공급계약체결(자율공시)              ,1
비아트론,141000,5,OK,,[기재정정]단일판매ㆍ공급계약체결              (+5),,2026-06-12: [기재정정]사업보고서 (2025.12) | 2026-06-09: [기재정정]단일판매ㆍ공급계약체결              ,2
알티캐스트,085810,5,OK,,주식소각결정              (+5),,2026-06-22: 주식소각결정               | 2026-06-22: 전환청구권행사              ,2
유신,054930,5,OK,,[기재정정]단일판매ㆍ공급계약체결(자율공시)              (+5),,2026-06-26: [기재정정]단일판매ㆍ공급계약체결(자율공시)              ,1
자이에스앤디,317400,5,OK,,단일판매ㆍ공급계약체결              (+5),,2026-06-25: 주요사항보고서(유형자산양도결정) | 2026-06-09: 단일판매ㆍ공급계약체결               | 2026-06-01: 기업지배구조보고서공시               | 2026-06-01: [기재정정]대규모기업집단현황공시[연1회공시및1/4분기용(개별회사)] | 2026-06-01: 대규모기업집단현황공시[연1회공시및1/4분기용(개별회사)],5
에스프리즘,288620,5,OK,,단일판매ㆍ공급계약체결              (+5),,2026-06-22: [기재정정]금전대여결정               | 2026-06-18: 소송등의제기ㆍ신청(일정금액이상의청구)               | 2026-06-16: 단일판매ㆍ공급계약체결               | 2026-06-16: 타인에대한담보제공결정               | 2026-06-01: 금전대여결정              ,5
나라스페이스테크놀로지,478340,5,OK,,단일판매ㆍ공급계약체결              (+5),,2026-06-22: [기재정정]주식등의대량보유상황보고서(일반) | 2026-06-19: 단일판매ㆍ공급계약체결              ,2
한국종합기술,023350,5,OK,,[기재정정]단일판매ㆍ공급계약체결              (+5),,2026-06-10: [기재정정]단일판매ㆍ공급계약체결               | 2026-06-01: 기업지배구조보고서공시              ,2
케일럼,258610,5,OK,,[기재정정]단일판매ㆍ공급계약체결              (+5),,2026-06-26: [기재정정]단일판매ㆍ공급계약체결               | 2026-06-05: 임원ㆍ주요주주특정증권등거래계획보고서 | 2026-06-05: 임원ㆍ주요주주특정증권등거래계획보고서,3
다우기술,023590,6,OK,,[첨부정정]주요사항보고서(회사합병결정)(+3) | 주요사항보고서(회사합병결정)(+3),,2026-06-04: [첨부정정]주요사항보고서(회사합병결정) | 2026-06-02: 주주명부폐쇄기간또는기준일설정               | 2026-06-02: 주요사항보고서(회사합병결정) | 2026-06-01: 기업지배구조보고서공시               | 2026-06-01: 대규모기업집단현황공시[연1회공시및1/4분기용(개별회사)],5
씨앤투스,352700,6,OK,,주요사항보고서(회사합병결정)(+3) | 회사합병결정(종속회사의주요경영사항)              (+3),,2026-06-26: 주주명부폐쇄기간또는기준일설정               | 2026-06-26: 주요사항보고서(회사합병결정) | 2026-06-25: 임원ㆍ주요주주특정증권등소유상황보고서 | 2026-06-25: 주식등의대량보유상황보고서(일반) | 2026-06-12: 회사합병결정(종속회사의주요경영사항)              ,6
네오위즈,095660,6,OK,,[첨부정정]주요사항보고서(회사합병결정)(+3) | 주요사항보고서(회사합병결정)(+3),,2026-06-17: 임원ㆍ주요주주특정증권등소유상황보고서 | 2026-06-12: [첨부정정]주요사항보고서(회사합병결정) | 2026-06-11: 주요사항보고서(회사합병결정) | 2026-06-08: 수시공시의무관련사항(공정공시)              (대표이사 변경(내정)에 관한 사항) | 2026-06-04: 임원ㆍ주요주주특정증권등소유상황보고서,5
세기상사,002420,6,OK,,[기재정정]주요사항보고서(회사합병결정)(+3) | [기재정정]주요사항보고서(회사합병결정)(+3),,2026-06-23: [기재정정]주요사항보고서(회사합병결정) | 2026-06-22: 주주총회소집공고 | 2026-06-17: [기재정정]주요사항보고서(회사합병결정) | 2026-06-17: [기재정정]주주총회소집결의               | 2026-05-29: 기업지배구조보고서공시              ,5
네오위즈홀딩스,042420,6,OK,,[첨부정정]주요사항보고서(회사합병결정)(자회사의 주요경영사항)              (+3) | 주요사항보고서(회사합병결정)(자회사의 주요경영사항)              (소규모합병)(+3),,2026-06-12: [첨부정정]주요사항보고서(회사합병결정)(자회사의 주요경영사항)               | 2026-06-11: 주요사항보고서(회사합병결정)(자회사의 주요경영사항)              (소규모합병),2
KX,122450,6,OK,,주요사항보고서(회사합병결정)(+3) | 회사합병결정(종속회사의주요경영사항)              (+3),,2026-06-17: 주주명부폐쇄기간또는기준일설정               | 2026-06-17: 주요사항보고서(회사합병결정) | 2026-06-17: 회사합병결정(종속회사의주요경영사항)               | 2026-06-17: 해산사유발생(종속회사의주요경영사항)              ,4
대한항공,003490,6,OK,,[기재정정]회사합병결정(종속회사의주요경영사항)              (+3) | [기재정정]주요사항보고서(회사합병결정)(+3),,2026-06-26: 임원ㆍ주요주주특정증권등소유상황보고서 | 2026-06-26: [기재정정]회사합병결정(종속회사의주요경영사항)               | 2026-06-26: [기재정정]주요사항보고서(회사합병결정) | 2026-06-25: 증권신고서(합병) | 2026-06-19: 임원ㆍ주요주주특정증권등소유상황보고서,17
나이스정보통신,036800,8,OK,,주식소각결정              (+5) | 주식분할결정              (+3),,2026-06-02: 주요사항보고서(자기주식취득신탁계약체결결정) | 2026-06-02: 타법인주식및출자증권취득결정               | 2026-06-02: 주주총회소집결의              (임시주주총회) | 2026-06-02: 주식소각결정               | 2026-06-02: 주식분할결정              ,6
오리온,271560,8,OK,,주식소각결정              (+5) | 연결재무제표기준영업(잠정)실적(공정공시)              (+3),,2026-06-26: 주권관련사채권의취득결정(자율공시)(종속회사의주요경영사항)               | 2026-06-26: 타법인주식및출자증권취득결정(자율공시)(종속회사의주요경영사항)               | 2026-06-18: 주식등의대량보유상황보고서(약식) | 2026-06-16: 주식소각결정               | 2026-06-16: 연결재무제표기준영업(잠정)실적(공정공시)              ,9
알에프텍,061040,9,OK,,[첨부정정]주요사항보고서(회사합병결정)(+3) | [기재정정]주요사항보고서(회사합병결정)(+3) | [기재정정]주요사항보고서(회사합병결정)(+3),,2026-06-25: [첨부정정]주요사항보고서(회사합병결정) | 2026-06-24: [기재정정]주요사항보고서(회사합병결정) | 2026-06-24: [첨부정정]증권신고서(합병) | 2026-06-24: [첨부정정]증권신고서(합병) | 2026-06-24: [기재정정]증권신고서(합병),8
젠큐릭스,229000,9,OK,,[첨부정정]주요사항보고서(회사합병결정)(+3) | [첨부정정]주요사항보고서(회사합병결정)(+3) | 주요사항보고서(회사합병결정)(+3),,2026-06-26: [첨부정정]주요사항보고서(회사합병결정) | 2026-06-26: [첨부정정]주요사항보고서(회사합병결정) | 2026-06-25: 주주명부폐쇄기간또는기준일설정               | 2026-06-25: 주요사항보고서(회사합병결정) | 2026-06-16: 투자판단관련주요경영사항              ([국책과제 선정] 중대 암질환 조기검진용 차세대 디지털PCR 통합 플랫폼 개발),6
예스티,122640,10,OK,,단일판매ㆍ공급계약체결              (+5) | 단일판매ㆍ공급계약체결              (+5),,2026-06-10: 주식등의대량보유상황보고서(일반) | 2026-06-10: 임원ㆍ주요주주특정증권등소유상황보고서 | 2026-06-04: 단일판매ㆍ공급계약체결               | 2026-06-01: 단일판매ㆍ공급계약체결              ,4
레이저쎌,412350,10,OK,,[기재정정]단일판매ㆍ공급계약체결              (+5) | [기재정정]단일판매ㆍ공급계약체결              (+5),,2026-06-24: 기업설명회(IR)개최               | 2026-06-09: [기재정정]단일판매ㆍ공급계약체결               | 2026-05-29: [기재정정]단일판매ㆍ공급계약체결              ,3
시공테크,020710,10,OK,,단일판매ㆍ공급계약체결(자율공시)              (+5) | [기재정정]단일판매ㆍ공급계약체결(자율공시)              (+5),,2026-06-24: 단일판매ㆍ공급계약체결(자율공시)               | 2026-05-29: [기재정정]단일판매ㆍ공급계약체결(자율공시)              ,2
효성중공업,298040,10,OK,,단일판매ㆍ공급계약체결              (+5) | [기재정정]단일판매ㆍ공급계약체결              (+5),,2026-06-25: 지속가능경영보고서등관련사항(자율공시)               | 2026-06-23: 단일판매ㆍ공급계약체결               | 2026-06-23: 투자판단관련주요경영사항               | 2026-06-22: 기업설명회(IR)개최(안내공시)               | 2026-06-22: [기재정정]단일판매ㆍ공급계약체결              ,12
특수건설,026150,10,OK,,단일판매ㆍ공급계약체결              (+5) | [기재정정]단일판매ㆍ공급계약체결              (+5),,2026-06-26: 단일판매ㆍ공급계약체결               | 2026-06-11: 본점소재지변경               | 2026-06-04: 주식등의대량보유상황보고서(약식) | 2026-06-01: 전환사채(해외전환사채포함)발행후만기전사채취득               | 2026-05-29: [기재정정]단일판매ㆍ공급계약체결              ,5
RFHIC,218410,10,OK,,[기재정정]단일판매ㆍ공급계약체결              (+5) | 단일판매ㆍ공급계약체결              (+5),,2026-06-19: [기재정정]단일판매ㆍ공급계약체결               | 2026-06-04: 단일판매ㆍ공급계약체결              ,2
우양에이치씨,101970,10,OK,,단일판매ㆍ공급계약체결              (+5) | [기재정정]단일판매ㆍ공급계약체결              (+5),,2026-06-17: 주요사항보고서(자기주식취득신탁계약체결결정) | 2026-06-12: 단일판매ㆍ공급계약체결               | 2026-06-02: [기재정정]단일판매ㆍ공급계약체결              ,3
디와이피엔에프,104460,10,OK,,[기재정정]단일판매ㆍ공급계약체결              (+5) | [기재정정]단일판매ㆍ공급계약체결              (+5),,2026-06-26: 임원ㆍ주요주주특정증권등소유상황보고서 | 2026-06-04: [기재정정]단일판매ㆍ공급계약체결               | 2026-06-02: [기재정정]단일판매ㆍ공급계약체결              ,3
신일전자,002700,10,OK,,주요사항보고서(자기주식취득결정)(+5) | 주식소각결정              (+5),,2026-06-17: 주요사항보고서(자기주식취득결정) | 2026-06-17: 주식소각결정               | 2026-06-01: 기업지배구조보고서공시              ,3
코오롱,002020,10,OK,,[기재정정]단일판매ㆍ공급계약체결(자회사의 주요경영사항)              (+5) | 단일판매ㆍ공급계약체결(자회사의 주요경영사항)              (+5),,2026-06-23: [기재정정]단일판매ㆍ공급계약체결(자회사의 주요경영사항)               | 2026-06-17: 단일판매ㆍ공급계약체결(자회사의 주요경영사항)               | 2026-06-08: [기재정정]타법인주식및출자증권취득결정(자율공시)(자회사의 주요경영사항)               | 2026-06-04: 타법인주식및출자증권취득결정(자율공시)(자회사의 주요경영사항)               | 2026-06-04: 타법인주식및출자증권취득결정(자회사의 주요경영사항)              ,8
MH에탄올,023150,10,OK,,주요사항보고서(자기주식취득결정)(+5) | 주요사항보고서(자기주식취득결정)(+5),,2026-06-25: 주요사항보고서(자기주식취득결정) | 2026-06-22: 자기주식취득결과보고서 | 2026-06-10: 임원ㆍ주요주주특정증권등소유상황보고서 | 2026-06-01: 주요사항보고서(자기주식취득결정) | 2026-06-01: 주식등의대량보유상황보고서(일반),6
제너셈,217190,10,OK,,[기재정정]단일판매ㆍ공급계약체결(자율공시)              (+5) | 단일판매ㆍ공급계약체결              (+5),,2026-06-19: [기재정정]단일판매ㆍ공급계약체결(자율공시)               | 2026-06-19: 임시주주총회결과               | 2026-06-15: 단일판매ㆍ공급계약체결               | 2026-05-29: 기업설명회(IR)개최               | 2026-05-29: 의결권대리행사권유참고서류,7
엘에스일렉트릭,010120,10,OK,,[기재정정]단일판매ㆍ공급계약체결(자율공시)              (+5) | [기재정정]단일판매ㆍ공급계약체결(자율공시)              (+5),,2026-06-05: [기재정정]단일판매ㆍ공급계약체결(자율공시)               | 2026-06-05: [기재정정]단일판매ㆍ공급계약체결(자율공시)               | 2026-06-01: 대규모기업집단현황공시[연1회공시및1/4분기용(개별회사)] | 2026-05-29: 기업지배구조보고서공시              ,4
나래나노텍,137080,10,OK,,주식소각결정              (+5) | 주요사항보고서(자기주식취득결정)(+5),,2026-06-16: 주식소각결정               | 2026-06-16: 주요사항보고서(자기주식취득결정) | 2026-06-09: 임원ㆍ주요주주특정증권등소유상황보고서,3
에스지헬스케어,398120,10,OK,,[기재정정]단일판매ㆍ공급계약체결(자율공시)              (+5) | [기재정정]단일판매ㆍ공급계약체결              (+5),,2026-06-25: [기재정정]단일판매ㆍ공급계약체결(자율공시)               | 2026-06-25: [기재정정]단일판매ㆍ공급계약체결               | 2026-06-01: 분기보고서 (2026.03),3
RF시스템즈,474610,10,OK,,단일판매ㆍ공급계약체결              (+5) | 주식소각결정              (+5),,2026-06-26: 임원ㆍ주요주주특정증권등소유상황보고서 | 2026-06-26: 임원ㆍ주요주주특정증권등소유상황보고서 | 2026-06-16: 임원ㆍ주요주주특정증권등소유상황보고서 | 2026-06-16: 임원ㆍ주요주주특정증권등소유상황보고서 | 2026-06-08: 단일판매ㆍ공급계약체결              ,6
유바이오로직스,206650,10,OK,,단일판매ㆍ공급계약체결              (+5) | 단일판매ㆍ공급계약체결(자율공시)              (+5),,2026-06-16: 단일판매ㆍ공급계약체결               | 2026-06-05: 단일판매ㆍ공급계약체결(자율공시)               | 2026-05-29: 기업설명회(IR)개최              ,3
HDC,012630,10,OK,,[기재정정]단일판매ㆍ공급계약체결(자회사의 주요경영사항)              (+5) | 단일판매ㆍ공급계약체결(자회사의 주요경영사항)              (+5),,2026-06-26: 최대주주등소유주식변동신고서               | 2026-06-26: 주식등의대량보유상황보고서(일반) | 2026-06-24: [기재정정]단일판매ㆍ공급계약체결(자회사의 주요경영사항)               | 2026-06-23: 특수관계인에대한자금대여 | 2026-06-23: 최대주주등소유주식변동신고서              ,22
강원에너지,114190,10,OK,,[기재정정]단일판매ㆍ공급계약체결              (+5) | [기재정정]단일판매ㆍ공급계약체결              (+5),,2026-05-29: [기재정정]단일판매ㆍ공급계약체결               | 2026-05-29: [기재정정]단일판매ㆍ공급계약체결              ,2
신원종합개발,017000,10,OK,,[기재정정]단일판매ㆍ공급계약체결(자율공시)              (+5) | [기재정정]단일판매ㆍ공급계약체결(자율공시)              (+5),,2026-06-11: [기재정정]단일판매ㆍ공급계약체결(자율공시)               | 2026-06-02: [기재정정]단일판매ㆍ공급계약체결(자율공시)               | 2026-05-29: [기재정정]타인에대한채무보증결정              ,3
비에이치아이,083650,10,OK,,[기재정정]단일판매ㆍ공급계약체결              (+5) | 단일판매ㆍ공급계약체결              (+5),,2026-06-18: 주식등의대량보유상황보고서(약식) | 2026-06-05: [기재정정]단일판매ㆍ공급계약체결               | 2026-06-01: 단일판매ㆍ공급계약체결              ,3
라이콤,388790,10,OK,,단일판매ㆍ공급계약체결              (+5) | 단일판매ㆍ공급계약체결              (+5),,2026-06-09: 단일판매ㆍ공급계약체결               | 2026-06-04: 단일판매ㆍ공급계약체결              ,2
에너토크,019990,10,OK,,[기재정정]단일판매ㆍ공급계약체결              (+5) | 단일판매ㆍ공급계약체결(자율공시)              (+5),,2026-06-17: [기재정정]단일판매ㆍ공급계약체결               | 2026-06-16: 단일판매ㆍ공급계약체결(자율공시)               | 2026-06-15: 임원ㆍ주요주주특정증권등소유상황보고서 | 2026-06-08: 주주명부폐쇄기간또는기준일설정               | 2026-06-08: 주주총회소집결의              (임시주주총회),5
에스켐,475660,10,OK,,[기재정정]주요사항보고서(자기주식취득결정)(+5) | 주요사항보고서(자기주식취득결정)(+5),,2026-06-25: 임원ㆍ주요주주특정증권등소유상황보고서 | 2026-06-19: 임원ㆍ주요주주특정증권등소유상황보고서 | 2026-06-08: 임원ㆍ주요주주특정증권등소유상황보고서 | 2026-05-29: [기재정정]주요사항보고서(자기주식취득결정) | 2026-05-29: 주요사항보고서(자기주식취득결정),5
효성,004800,10,OK,,단일판매ㆍ공급계약체결(자회사의 주요경영사항)              (+5) | [기재정정]단일판매ㆍ공급계약체결(자회사의 주요경영사항)              (+5),,2026-06-23: 단일판매ㆍ공급계약체결(자회사의 주요경영사항)               | 2026-06-23: 투자판단관련주요경영사항(자회사의 주요경영사항)               | 2026-06-22: [기재정정]단일판매ㆍ공급계약체결(자회사의 주요경영사항)               | 2026-06-01: [기재정정]대규모기업집단현황공시[연1회공시및1/4분기용(대표회사)] | 2026-05-29: 대규모기업집단현황공시[연1회(동일인용)],7
텔코웨어,078000,10,OK,,단일판매ㆍ공급계약체결              (+5) | 단일판매ㆍ공급계약체결              (+5),,2026-06-23: 단일판매ㆍ공급계약체결               | 2026-06-23: 단일판매ㆍ공급계약체결               | 2026-06-01: 기업지배구조보고서공시              ,3
진흥기업,002780,10,OK,,단일판매ㆍ공급계약체결              (+5) | [기재정정]단일판매ㆍ공급계약체결              (+5),,2026-06-23: 투자판단관련주요경영사항               | 2026-06-23: 주주명부폐쇄기간또는기준일설정               | 2026-06-23: 주주총회소집결의               | 2026-06-23: 주식병합결정               | 2026-06-19: 단일판매ㆍ공급계약체결              ,8
코윈테크,282880,10,OK,,[기재정정]단일판매ㆍ공급계약체결              (+5) | [기재정정]단일판매ㆍ공급계약체결              (+5),,2026-06-24: 주요사항보고서(자기주식취득신탁계약체결결정) | 2026-06-22: [기재정정]단일판매ㆍ공급계약체결               | 2026-06-22: [기재정정]단일판매ㆍ공급계약체결              ,3
에이치브이엠,295310,10,OK,,단일판매ㆍ공급계약체결              (+5) | 단일판매ㆍ공급계약체결              (+5),,2026-06-25: 단일판매ㆍ공급계약체결               | 2026-06-19: 단일판매ㆍ공급계약체결               | 2026-06-18: 단기차입금증가결정               | 2026-06-01: 주식등의대량보유상황보고서(약식),4
HL D&I,014790,10,OK,,[기재정정]단일판매ㆍ공급계약체결(자율공시)              (+5) | [기재정정]단일판매ㆍ공급계약체결              (+5),,2026-06-26: 지속가능경영보고서등관련사항(자율공시)               | 2026-06-18: 투자판단관련주요경영사항               | 2026-06-12: [기재정정]단일판매ㆍ공급계약체결(자율공시)               | 2026-05-29: 대규모기업집단현황공시[연1회공시및1/4분기용(개별회사)] | 2026-05-29: 기업지배구조보고서공시              ,8
씨이랩,189330,10,OK,,단일판매ㆍ공급계약체결              (+5) | [기재정정]단일판매ㆍ공급계약체결              (+5),,2026-06-09: 단일판매ㆍ공급계약체결               | 2026-05-29: [기재정정]단일판매ㆍ공급계약체결              ,2
태성,323280,10,OK,,단일판매ㆍ공급계약체결              (+5) | 단일판매ㆍ공급계약체결              (+5),,2026-06-19: [기재정정]주주총회소집결의              (임시주주총회) | 2026-06-09: 주식등의대량보유상황보고서(일반) | 2026-06-08: 단일판매ㆍ공급계약체결               | 2026-06-05: 주주명부폐쇄기간또는기준일설정               | 2026-06-05: 주주총회소집결의              (임시주주총회),6
마이크로디지탈,305090,10,OK,,[기재정정]단일판매ㆍ공급계약체결              (+5) | [기재정정]단일판매ㆍ공급계약체결              (+5),,2026-06-16: [기재정정]단일판매ㆍ공급계약체결               | 2026-06-10: 임원ㆍ주요주주특정증권등소유상황보고서 | 2026-06-10: 주식등의대량보유상황보고서(일반) | 2026-06-09: [기재정정]단일판매ㆍ공급계약체결               | 2026-06-02: 주식등의대량보유상황보고서(일반),6
코오롱글로벌,003070,10,OK,,[기재정정]단일판매ㆍ공급계약체결              (+5) | 단일판매ㆍ공급계약체결              (+5),,2026-06-26: 풍문또는보도에대한해명(미확정)               | 2026-06-23: [기재정정]단일판매ㆍ공급계약체결               | 2026-06-17: 단일판매ㆍ공급계약체결               | 2026-06-16: 최대주주등소유주식변동신고서               | 2026-06-16: 임원ㆍ주요주주특정증권등소유상황보고서,8
IPARK현대산업개발,294870,10,OK,,[기재정정]단일판매ㆍ공급계약체결              (+5) | 단일판매ㆍ공급계약체결              (+5),,2026-06-24: [기재정정]단일판매ㆍ공급계약체결               | 2026-06-15: 주식등의대량보유상황보고서(약식) | 2026-06-11: 단일판매ㆍ공급계약체결               | 2026-06-04: 주식등의대량보유상황보고서(약식) | 2026-06-01: 기업지배구조보고서공시              ,6
두산에너빌리티,034020,10,OK,,단일판매ㆍ공급계약체결              (+5) | 단일판매ㆍ공급계약체결              (+5),,2026-06-26: 기업설명회(IR)개최(안내공시)               | 2026-06-15: 기업설명회(IR)개최(안내공시)               | 2026-06-15: 단일판매ㆍ공급계약체결               | 2026-06-09: 주식등의대량보유상황보고서(일반) | 2026-06-01: 단일판매ㆍ공급계약체결              ,7
삼부토건,001470,10,OK,,[기재정정]단일판매ㆍ공급계약체결              (+5) | [기재정정]단일판매ㆍ공급계약체결              (+5),,2026-06-26: 회생계획인가               | 2026-06-26: 투자판단관련주요경영사항               | 2026-06-19: [기재정정]투자판단관련주요경영사항               | 2026-06-19: [기재정정]단일판매ㆍ공급계약체결               | 2026-06-01: 기업지배구조보고서공시              ,6
기가비스,420770,10,OK,,단일판매ㆍ공급계약체결              (+5) | 단일판매ㆍ공급계약체결              (+5),,2026-06-26: 임원ㆍ주요주주특정증권등거래계획보고서 | 2026-06-26: 임원ㆍ주요주주특정증권등소유상황보고서 | 2026-06-17: 임원ㆍ주요주주특정증권등소유상황보고서 | 2026-06-15: 단일판매ㆍ공급계약체결               | 2026-06-09: 임원ㆍ주요주주특정증권등소유상황보고서,9
까뮤이앤씨,013700,10,OK,,[기재정정]단일판매ㆍ공급계약체결              (+5) | [기재정정]단일판매ㆍ공급계약체결              (+5),,2026-06-26: [기재정정]단일판매ㆍ공급계약체결               | 2026-06-11: [기재정정]단일판매ㆍ공급계약체결               | 2026-05-29: 기업지배구조보고서공시              ,3
삼성E&A,028050,10,OK,,[기재정정]단일판매ㆍ공급계약체결              (+5) | 단일판매ㆍ공급계약체결(자율공시)              (+5),,2026-06-04: [기재정정]단일판매ㆍ공급계약체결               | 2026-06-01: 최대주주등소유주식변동신고서               | 2026-06-01: 단일판매ㆍ공급계약체결(자율공시)               | 2026-06-01: 기업지배구조보고서공시               | 2026-06-01: 대규모기업집단현황공시[연1회공시및1/4분기용(개별회사)],5
DKME,015590,10,OK,,단일판매ㆍ공급계약체결(자율공시)              (+5) | 단일판매ㆍ공급계약체결              (+5),,2026-06-16: 단일판매ㆍ공급계약체결(자율공시)               | 2026-06-12: 소송등의판결ㆍ결정               | 2026-06-11: 단일판매ㆍ공급계약체결               | 2026-06-02: 주식등의대량보유상황보고서(일반) | 2026-06-02: 소송등의판결ㆍ결정              ,7
동아지질,028100,10,OK,,[기재정정]단일판매ㆍ공급계약체결              (+5) | [기재정정]단일판매ㆍ공급계약체결              (+5),,2026-06-25: [기재정정]단일판매ㆍ공급계약체결               | 2026-06-10: 주요사항보고서(자기주식취득신탁계약체결결정) | 2026-06-10: 신탁계약해지결과보고서 | 2026-06-10: 주요사항보고서(자기주식취득신탁계약해지결정) | 2026-05-29: [기재정정]단일판매ㆍ공급계약체결              ,6
덱스터,206560,10,OK,,[기재정정]단일판매ㆍ공급계약체결(자율공시)              (+5) | [기재정정]단일판매ㆍ공급계약체결(자율공시)              (+5),,2026-06-09: [기재정정]단일판매ㆍ공급계약체결(자율공시)               | 2026-06-04: [기재정정]단일판매ㆍ공급계약체결(자율공시)              ,2
팅크웨어,084730,10,OK,,주식소각결정              (상환전환우선주)(+5) | 주요사항보고서(자기주식취득결정)(+5),,2026-06-22: 주식등의대량보유상황보고서(일반) | 2026-06-17: 자기주식취득결과보고서 | 2026-06-17: 임원ㆍ주요주주특정증권등소유상황보고서 | 2026-06-08: 주식소각결정              (상환전환우선주) | 2026-06-08: 주요사항보고서(자기주식취득결정),5
현대로템,064350,10,OK,,단일판매ㆍ공급계약체결              (+5) | 단일판매ㆍ공급계약체결              (+5),,2026-06-25: 단일판매ㆍ공급계약체결               | 2026-06-19: 단일판매ㆍ공급계약체결               | 2026-06-12: 임원ㆍ주요주주특정증권등소유상황보고서 | 2026-06-12: 임원ㆍ주요주주특정증권등소유상황보고서 | 2026-06-12: 임원ㆍ주요주주특정증권등소유상황보고서,44
정원엔시스,045510,10,OK,,[기재정정]주식소각결정              (+5) | 주식소각결정              (+5),,2026-06-22: 소송등의판결ㆍ결정              (주주총회결의무효확인등) | 2026-06-22: [기재정정]주식소각결정               | 2026-06-22: 주식소각결정              ,3
신흥,004080,10,OK,,주식소각결정              (+5) | 주요사항보고서(자기주식취득결정)(+5),,2026-06-15: 현금ㆍ현물배당을위한주주명부폐쇄(기준일)결정               | 2026-06-15: 주식소각결정               | 2026-06-08: 최대주주등소유주식변동신고서               | 2026-06-05: 주요사항보고서(자기주식취득결정) | 2026-05-29: 기업지배구조보고서공시              ,10
아이티아이즈,372800,10,OK,,[기재정정]단일판매ㆍ공급계약체결              (+5) | [기재정정]단일판매ㆍ공급계약체결              (+5),,2026-06-23: 임원ㆍ주요주주특정증권등소유상황보고서 | 2026-06-23: 주식등의대량보유상황보고서(일반) | 2026-06-05: [기재정정]단일판매ㆍ공급계약체결               | 2026-06-02: [기재정정]단일판매ㆍ공급계약체결              ,4
영우디에스피,143540,10,OK,,단일판매ㆍ공급계약체결(자율공시)              (+5) | 단일판매ㆍ공급계약체결(자율공시)              (+5),,2026-06-25: 단일판매ㆍ공급계약체결(자율공시)               | 2026-06-24: 단일판매ㆍ공급계약체결(자율공시)               | 2026-06-19: 주식등의대량보유상황보고서(일반),3
남화토건,091590,10,OK,,[기재정정]단일판매ㆍ공급계약체결              (+5) | [기재정정]단일판매ㆍ공급계약체결              (+5),,2026-06-24: [기재정정]단일판매ㆍ공급계약체결               | 2026-06-18: 사외이사의선임ㆍ해임또는중도퇴임에관한신고 | 2026-06-15: [기재정정]단일판매ㆍ공급계약체결               | 2026-06-12: 대표이사변경              ,4
DL이앤씨,375500,10,OK,,[기재정정]단일판매ㆍ공급계약체결              (+5) | 단일판매ㆍ공급계약체결              (+5),,2026-06-26: [기재정정]벌금등의부과               | 2026-06-24: [기재정정]단일판매ㆍ공급계약체결               | 2026-06-22: 벌금등의부과               | 2026-06-17: 타인에대한채무보증결정               | 2026-06-05: 단일판매ㆍ공급계약체결              ,8
카스,016920,10,OK,,[기재정정]주요사항보고서(자기주식취득결정)(+5) | 주요사항보고서(자기주식취득결정)(+5),,2026-06-10: [기재정정]주요사항보고서(자기주식취득결정) | 2026-06-10: 주요사항보고서(자기주식취득결정),2
미래에셋증권,006800,10,OK,,[기재정정]주요사항보고서(자기주식취득결정)(+5) | 주요사항보고서(자기주식취득결정)(+5),,2026-06-26: 투자설명서(일괄신고) | 2026-06-26: 일괄신고추가서류(파생결합사채-주가연계파생결합사채) | 2026-06-26: 투자설명서(일괄신고) | 2026-06-26: 일괄신고추가서류(파생결합증권-주가연계증권) | 2026-06-26: [기재정정]특수관계인과의수익증권거래,100
다스코,058730,10,OK,,[기재정정]단일판매ㆍ공급계약체결(자율공시)              (+5) | [기재정정]단일판매ㆍ공급계약체결              (+5),,2026-06-25: [기재정정]단일판매ㆍ공급계약체결(자율공시)               | 2026-06-16: [기재정정]단일판매ㆍ공급계약체결               | 2026-06-15: 임원ㆍ주요주주특정증권등소유상황보고서 | 2026-06-11: 임원ㆍ주요주주특정증권등소유상황보고서 | 2026-06-10: 투자판단관련주요경영사항              ,8
대한전선,001440,10,OK,,단일판매ㆍ공급계약체결              (+5) | 단일판매ㆍ공급계약체결              (+5),,2026-06-17: 단일판매ㆍ공급계약체결               | 2026-06-11: 동일인등출자계열회사와의상품ㆍ용역거래 | 2026-06-08: 단일판매ㆍ공급계약체결              ,3
수산인더스트리,126720,10,OK,,[기재정정]단일판매ㆍ공급계약체결              (+5) | [기재정정]단일판매ㆍ공급계약체결              (+5),,2026-06-25: [기재정정]단일판매ㆍ공급계약체결               | 2026-06-22: [기재정정]단일판매ㆍ공급계약체결               | 2026-06-01: 기업지배구조보고서공시              ,3
씨메스로보틱스,475400,10,OK,,단일판매ㆍ공급계약체결              (+5) | 단일판매ㆍ공급계약체결              (+5),,2026-06-24: 단일판매ㆍ공급계약체결               | 2026-06-17: [기재정정]사업보고서 (2025.12) | 2026-06-15: 단일판매ㆍ공급계약체결               | 2026-06-08: 임원ㆍ주요주주특정증권등소유상황보고서 | 2026-06-08: 임원ㆍ주요주주특정증권등소유상황보고서,9
코스모화학,005420,10,OK,,[기재정정]단일판매ㆍ공급계약체결(자율공시)              (+5) | 단일판매ㆍ공급계약체결(자율공시)              (+5),,2026-06-15: 주식등의대량보유상황보고서(일반) | 2026-06-15: 임원ㆍ주요주주특정증권등소유상황보고서 | 2026-06-15: 최대주주등소유주식변동신고서               | 2026-06-09: [기재정정]단일판매ㆍ공급계약체결(자율공시)               | 2026-06-09: 단일판매ㆍ공급계약체결(자율공시)              ,11
플래티어,367000,10,OK,,단일판매ㆍ공급계약체결(자율공시)              (+5) | 단일판매ㆍ공급계약체결(자율공시)              (+5),,2026-06-11: 임원ㆍ주요주주특정증권등소유상황보고서 | 2026-06-09: 단일판매ㆍ공급계약체결(자율공시)               | 2026-06-01: 단일판매ㆍ공급계약체결(자율공시)               | 2026-05-29: 임원ㆍ주요주주특정증권등소유상황보고서 | 2026-05-29: 임원ㆍ주요주주특정증권등소유상황보고서,5
엠엑스로보틱스,007820,10,OK,,[기재정정]단일판매ㆍ공급계약체결              (+5) | [기재정정]단일판매ㆍ공급계약체결              (+5),,2026-06-23: [기재정정]단일판매ㆍ공급계약체결               | 2026-06-22: [기재정정]단일판매ㆍ공급계약체결              ,2
키이스트,054780,10,OK,,[기재정정]단일판매ㆍ공급계약체결              (+5) | 단일판매ㆍ공급계약체결              (+5),,2026-06-25: 전환사채(해외전환사채포함)발행후만기전사채취득               | 2026-06-24: 소송등의판결ㆍ결정(일정금액이상의청구)               | 2026-06-15: [기재정정]단일판매ㆍ공급계약체결               | 2026-06-10: 단일판매ㆍ공급계약체결               | 2026-05-29: 대규모기업집단현황공시[연1회공시및1/4분기용(개별회사)],5
노머스,473980,10,OK,,주식소각결정              (+5) | 주요사항보고서(자기주식취득결정)(+5),,2026-06-26: 주식소각결정               | 2026-06-24: 주요사항보고서(자기주식취득신탁계약체결결정) | 2026-06-24: 자기주식취득결과보고서 | 2026-06-10: 주요사항보고서(자기주식취득결정) | 2026-06-10: 주식등의대량보유상황보고서(약식),5
엠씨넥스,097520,10,OK,,[기재정정]주요사항보고서(자기주식취득결정)(+5) | 주요사항보고서(자기주식취득결정)(+5),,2026-06-11: 최대주주등소유주식변동신고서               | 2026-06-11: 주식등의대량보유상황보고서(일반) | 2026-06-11: 임원ㆍ주요주주특정증권등소유상황보고서 | 2026-06-02: [기재정정]주요사항보고서(자기주식취득결정) | 2026-06-02: 주요사항보고서(자기주식취득결정),6
오리온홀딩스,001800,10,OK,,주식소각결정(자회사의 주요경영사항)              (+5) | 주식소각결정              (+5),,2026-06-26: 주권관련사채권의취득결정(자율공시)(종속회사의주요경영사항)               | 2026-06-26: 타법인주식및출자증권취득결정(자율공시)(종속회사의주요경영사항)               | 2026-06-16: 주식소각결정(자회사의 주요경영사항)               | 2026-06-16: 주식소각결정               | 2026-06-01: [기재정정]대규모기업집단현황공시[연1회공시및1/4분기용(대표회사)],8
워트,396470,10,OK,,단일판매ㆍ공급계약체결(자율공시)              (+5) | 단일판매ㆍ공급계약체결(자율공시)              (+5),,2026-06-26: 단일판매ㆍ공급계약체결(자율공시)               | 2026-06-24: 단일판매ㆍ공급계약체결(자율공시)               | 2026-06-05: 주식등의대량보유상황보고서(일반) | 2026-06-05: 임원ㆍ주요주주특정증권등소유상황보고서,4
한신공영,004960,10,OK,,[기재정정]단일판매ㆍ공급계약체결              (+5) | [기재정정]단일판매ㆍ공급계약체결              (+5),,2026-06-24: [기재정정]단일판매ㆍ공급계약체결               | 2026-06-17: 투자판단관련주요경영사항               | 2026-06-12: [기재정정]단일판매ㆍ공급계약체결               | 2026-06-10: 주식등의대량보유상황보고서(약식) | 2026-06-01: 기업지배구조보고서공시              ,5
인텍플러스,064290,10,OK,,단일판매ㆍ공급계약체결              (+5) | 단일판매ㆍ공급계약체결(자율공시)              (+5),,2026-06-26: 단일판매ㆍ공급계약체결               | 2026-06-26: 단일판매ㆍ공급계약체결(자율공시)               | 2026-06-19: 교환청구권행사               | 2026-06-05: 전환사채(해외전환사채포함)발행후만기전사채취득               | 2026-06-02: 주식등의대량보유상황보고서(일반),5
HS화성,002460,10,OK,,[기재정정]단일판매ㆍ공급계약체결              (+5) | [기재정정]단일판매ㆍ공급계약체결              (+5),,2026-06-04: [기재정정]단일판매ㆍ공급계약체결               | 2026-06-01: [기재정정]단일판매ㆍ공급계약체결               | 2026-06-01: 기업지배구조보고서공시               | 2026-06-01: [기재정정]타인에대한채무보증결정              ,4
감성코퍼레이션,036620,10,OK,,주요사항보고서(자기주식취득결정)(+5) | 주식소각결정              (+5),,2026-06-24: [기재정정]주요사항보고서(회사분할결정) | 2026-06-23: 주요사항보고서(자기주식취득결정) | 2026-06-15: 주식소각결정               | 2026-06-04: 임시주주총회결과              ,4
삼일씨엔에스,004440,10,OK,,[기재정정]단일판매ㆍ공급계약체결              (+5) | [기재정정]단일판매ㆍ공급계약체결              (+5),,2026-06-24: 주주명부폐쇄기간또는기준일설정               | 2026-06-18: [기재정정]단일판매ㆍ공급계약체결               | 2026-06-08: [기재정정]단일판매ㆍ공급계약체결               | 2026-06-01: 기업지배구조보고서공시              ,4
엠게임,058630,10,OK,,[기재정정]주요사항보고서(자기주식취득결정)(+5) | 주요사항보고서(자기주식취득결정)(+5),,2026-06-26: [기재정정]주요사항보고서(자기주식취득결정) | 2026-06-26: 주요사항보고서(자기주식취득결정) | 2026-06-26: 임원ㆍ주요주주특정증권등소유상황보고서 | 2026-06-24: 자기주식취득결과보고서 | 2026-06-24: 임원ㆍ주요주주특정증권등소유상황보고서,8
HD한국조선해양,009540,11,OK,,영업(잠정)실적(공정공시)              (+3) | 영업(잠정)실적(공정공시)(자회사의 주요경영사항)              (+3) | 단일판매ㆍ공급계약체결(자회사의 주요경영사항)              (+5),,2026-06-26: 유형자산처분결정(자회사의 주요경영사항)               | 2026-06-26: 생산중단(자회사의 주요경영사항)               | 2026-06-23: 풍문또는보도에대한해명(미확정)               | 2026-06-23: 중대재해발생(자회사의 주요경영사항)               | 2026-06-18: 영업(잠정)실적(공정공시)              ,10
HD현대중공업,329180,13,OK,,영업(잠정)실적(공정공시)              (+3) | 단일판매ㆍ공급계약체결(자율공시)              (+5) | 단일판매ㆍ공급계약체결              (+5),,2026-06-26: 유형자산처분결정               | 2026-06-19: 풍문또는보도에대한해명(미확정)               | 2026-06-18: 영업(잠정)실적(공정공시)               | 2026-06-08: 단일판매ㆍ공급계약체결(자율공시)               | 2026-06-01: 기업지배구조보고서공시              ,7
휴니드테크놀러지스,005870,15,OK,,단일판매ㆍ공급계약체결              (+5) | [기재정정]단일판매ㆍ공급계약체결              (+5) | 단일판매ㆍ공급계약체결              (+5),,2026-06-16: 의결권대리행사권유참고서류 | 2026-06-16: 주주총회소집공고 | 2026-06-08: [첨부정정]기업지배구조보고서공시               | 2026-06-05: 단일판매ㆍ공급계약체결               | 2026-06-04: [기재정정]단일판매ㆍ공급계약체결              ,7
한화오션,042660,15,OK,,[기재정정]단일판매ㆍ공급계약체결              (+5) | 단일판매ㆍ공급계약체결              (+5) | 단일판매ㆍ공급계약체결              (+5),,2026-06-23: 주식등의대량보유상황보고서(약식) | 2026-06-22: 동일인등출자계열회사와의상품ㆍ용역거래 | 2026-06-22: 약관에의한금융거래시계열금융회사의거래상대방의공시 | 2026-06-19: [기재정정]단일판매ㆍ공급계약체결               | 2026-06-12: 단일판매ㆍ공급계약체결              ,8
HD현대마린엔진,071970,15,OK,,단일판매ㆍ공급계약체결              (+5) | 단일판매ㆍ공급계약체결              (+5) | 단일판매ㆍ공급계약체결              (+5),,2026-06-18: 단일판매ㆍ공급계약체결               | 2026-06-12: 단일판매ㆍ공급계약체결               | 2026-06-04: 주식등의대량보유상황보고서(일반) | 2026-06-04: 임원ㆍ주요주주특정증권등소유상황보고서 | 2026-06-04: 최대주주등소유주식변동신고서              ,9
디아이,003160,15,OK,,단일판매ㆍ공급계약체결              (+5) | 단일판매ㆍ공급계약체결(자율공시)              (+5) | 단일판매ㆍ공급계약체결              (+5),,2026-06-17: 단일판매ㆍ공급계약체결               | 2026-06-10: 단일판매ㆍ공급계약체결(자율공시)               | 2026-06-10: 단일판매ㆍ공급계약체결               | 2026-06-05: 기업설명회(IR)개최(안내공시)               | 2026-06-05: [기재정정]사업보고서 (2025.12),7
씨케이솔루션,480370,15,OK,,[기재정정]단일판매ㆍ공급계약체결              (+5) | 단일판매ㆍ공급계약체결(자율공시)              (+5) | [기재정정]단일판매ㆍ공급계약체결              (+5),,2026-06-24: [기재정정]단일판매ㆍ공급계약체결               | 2026-06-08: 단일판매ㆍ공급계약체결(자율공시)               | 2026-06-05: 주주명부폐쇄기간또는기준일설정               | 2026-06-05: 주주총회소집결의               | 2026-06-01: [기재정정]단일판매ㆍ공급계약체결              ,5
코나아이,052400,15,OK,,주요사항보고서(자기주식취득결정)(+5) | [기재정정]주요사항보고서(자기주식취득결정)(+5) | 주요사항보고서(자기주식취득결정)(+5),,2026-06-26: 주요사항보고서(자기주식취득결정) | 2026-06-15: 자기주식취득결과보고서 | 2026-06-05: [기재정정]주요사항보고서(자기주식취득결정) | 2026-06-05: 주요사항보고서(자기주식취득결정),4
솔디펜스,215090,15,OK,,단일판매ㆍ공급계약체결(자율공시)              (+5) | [기재정정]단일판매ㆍ공급계약체결              (+5) | [기재정정]단일판매ㆍ공급계약체결              (+5),,2026-06-26: 단일판매ㆍ공급계약체결(자율공시)               | 2026-06-26: [기재정정]단일판매ㆍ공급계약체결               | 2026-06-24: [기재정정]단일판매ㆍ공급계약체결              ,3
삼성바이오로직스,207940,15,OK,,[기재정정]단일판매ㆍ공급계약체결              (+5) | [기재정정]단일판매ㆍ공급계약체결              (+5) | [기재정정]단일판매ㆍ공급계약체결              (+5),,2026-06-22: [기재정정]단일판매ㆍ공급계약체결               | 2026-06-17: [기재정정]단일판매ㆍ공급계약체결               | 2026-06-09: [기재정정]단일판매ㆍ공급계약체결               | 2026-06-01: 지속가능경영보고서등관련사항(자율공시)               | 2026-06-01: 최대주주등소유주식변동신고서              ,8
유디엠텍,389680,15,OK,,단일판매ㆍ공급계약체결(자율공시)              (+5) | 단일판매ㆍ공급계약체결              (+5) | [기재정정]단일판매ㆍ공급계약체결              (+5),,2026-06-18: 단일판매ㆍ공급계약체결(자율공시)               | 2026-06-10: 단일판매ㆍ공급계약체결               | 2026-05-29: [기재정정]단일판매ㆍ공급계약체결              ,3
태영건설,009410,15,OK,,[기재정정]단일판매ㆍ공급계약체결              (+5) | 단일판매ㆍ공급계약체결              (+5) | 단일판매ㆍ공급계약체결              (+5),,2026-06-23: [기재정정]단일판매ㆍ공급계약체결               | 2026-06-23: 단일판매ㆍ공급계약체결               | 2026-06-05: 단일판매ㆍ공급계약체결               | 2026-05-29: 대규모기업집단현황공시[연1회공시및1/4분기용(개별회사)] | 2026-05-29: 기업지배구조보고서공시              ,5
티에스아이,277880,15,OK,,[기재정정]단일판매ㆍ공급계약체결              (+5) | [기재정정]단일판매ㆍ공급계약체결              (+5) | [기재정정]단일판매ㆍ공급계약체결              (+5),,2026-06-26: [기재정정]단일판매ㆍ공급계약체결               | 2026-06-26: 임시주주총회결과               | 2026-06-24: 임원ㆍ주요주주특정증권등소유상황보고서 | 2026-06-23: [기재정정]단일판매ㆍ공급계약체결               | 2026-06-15: [기재정정]단일판매ㆍ공급계약체결              ,8
원일티엔아이,136150,15,OK,,단일판매ㆍ공급계약체결              (+5) | [기재정정]단일판매ㆍ공급계약체결              (+5) | 단일판매ㆍ공급계약체결              (+5),,2026-06-23: 주주총회소집공고 | 2026-06-22: [기재정정]소송등의제기ㆍ신청(일정금액이상의청구)               | 2026-06-22: 단일판매ㆍ공급계약체결               | 2026-06-11: [기재정정]단일판매ㆍ공급계약체결               | 2026-06-10: 단일판매ㆍ공급계약체결              ,5
이노메트리,302430,15,OK,,단일판매ㆍ공급계약체결              (+5) | [기재정정]단일판매ㆍ공급계약체결              (+5) | 단일판매ㆍ공급계약체결              (+5),,2026-06-22: 기업설명회(IR)개최               | 2026-06-12: 단일판매ㆍ공급계약체결               | 2026-06-10: [기재정정]단일판매ㆍ공급계약체결               | 2026-06-01: 단일판매ㆍ공급계약체결              ,4
한전산업,130660,15,OK,,[기재정정]단일판매ㆍ공급계약체결(자율공시)              (+5) | [기재정정]단일판매ㆍ공급계약체결(자율공시)              (+5) | [기재정정]단일판매ㆍ공급계약체결              (+5),,2026-06-25: [기재정정]단일판매ㆍ공급계약체결(자율공시)               | 2026-06-22: 주주총회소집공고 | 2026-06-17: [기재정정]단일판매ㆍ공급계약체결(자율공시)               | 2026-06-09: [기재정정]단일판매ㆍ공급계약체결              ,4
선익시스템,171090,15,OK,,[기재정정]단일판매ㆍ공급계약체결(자율공시)              (+5) | [기재정정]단일판매ㆍ공급계약체결              (+5) | [기재정정]단일판매ㆍ공급계약체결              (+5),,2026-06-24: [기재정정]신규시설투자등               | 2026-06-23: 기업설명회(IR)개최               | 2026-06-23: 기업설명회(IR)개최               | 2026-06-23: [기재정정]단일판매ㆍ공급계약체결(자율공시)               | 2026-06-22: 전환사채(해외전환사채포함)발행후만기전사채취득              ,8
티와이홀딩스,363280,15,OK,,[기재정정]단일판매ㆍ공급계약체결(자회사의 주요경영사항)              (+5) | 단일판매ㆍ공급계약체결(자회사의 주요경영사항)              (+5) | 단일판매ㆍ공급계약체결(자회사의 주요경영사항)              (+5),,2026-06-23: [기재정정]단일판매ㆍ공급계약체결(자회사의 주요경영사항)               | 2026-06-23: 단일판매ㆍ공급계약체결(자회사의 주요경영사항)               | 2026-06-05: 단일판매ㆍ공급계약체결(자회사의 주요경영사항)               | 2026-06-01: 기업지배구조보고서공시               | 2026-06-01: [기재정정]대규모기업집단현황공시[연1회공시및1/4분기용(대표회사)],5
KCC건설,021320,15,OK,,[기재정정]단일판매ㆍ공급계약체결(자율공시)              (+5) | 단일판매ㆍ공급계약체결              (+5) | 단일판매ㆍ공급계약체결(자율공시)              (+5),,2026-06-25: [기재정정]단일판매ㆍ공급계약체결(자율공시)               | 2026-06-22: 중대재해발생               | 2026-06-12: [기재정정]중대재해발생               | 2026-06-12: 단일판매ㆍ공급계약체결               | 2026-06-08: 중대재해발생              ,9
동원개발,013120,15,OK,,단일판매ㆍ공급계약체결              (+5) | 단일판매ㆍ공급계약체결              (+5) | 단일판매ㆍ공급계약체결              (+5),,2026-06-22: 주식등의대량보유상황보고서(일반) | 2026-06-08: 단일판매ㆍ공급계약체결               | 2026-06-08: 단일판매ㆍ공급계약체결               | 2026-06-08: 단일판매ㆍ공급계약체결              ,4
SGC E&C,016250,15,OK,,[기재정정]단일판매ㆍ공급계약체결              (+5) | [기재정정]단일판매ㆍ공급계약체결              (+5) | [기재정정]단일판매ㆍ공급계약체결(자율공시)              (+5),,2026-06-19: [기재정정]단일판매ㆍ공급계약체결               | 2026-06-19: [기재정정]단일판매ㆍ공급계약체결               | 2026-06-15: [기재정정]단일판매ㆍ공급계약체결(자율공시)               | 2026-05-29: 대규모기업집단현황공시[연1회공시및1/4분기용(개별회사)] | 2026-05-29: 타인에대한채무보증결정              ,5
인스웨이브,450520,15,OK,,[기재정정]단일판매ㆍ공급계약체결              (+5) | [기재정정]단일판매ㆍ공급계약체결              (+5) | 단일판매ㆍ공급계약체결              (+5),,2026-06-16: [기재정정]단일판매ㆍ공급계약체결               | 2026-06-09: [기재정정]단일판매ㆍ공급계약체결               | 2026-06-02: 단일판매ㆍ공급계약체결              ,3
비트컴퓨터,032850,15,OK,,주요사항보고서(자기주식취득결정)(+5) | [기재정정]주요사항보고서(자기주식취득결정)(+5) | 주요사항보고서(자기주식취득결정)(+5),,2026-06-22: 주요사항보고서(자기주식취득결정) | 2026-06-22: 자기주식취득결과보고서 | 2026-06-12: 임원ㆍ주요주주특정증권등소유상황보고서 | 2026-06-05: 임원ㆍ주요주주특정증권등소유상황보고서 | 2026-05-29: [기재정정]주요사항보고서(자기주식취득결정),7
엑셈,205100,15,OK,,주요사항보고서(자기주식취득결정)(+5) | [기재정정]주요사항보고서(자기주식취득결정)(+5) | 주요사항보고서(자기주식취득결정)(+5),,2026-06-19: 임원ㆍ주요주주특정증권등소유상황보고서 | 2026-06-17: 주요사항보고서(자기주식취득결정) | 2026-06-17: 임원ㆍ주요주주특정증권등소유상황보고서 | 2026-06-16: 주식등의대량보유상황보고서(일반) | 2026-06-12: 주주명부폐쇄기간또는기준일설정              ,9
아이씨디,040910,15,OK,,단일판매ㆍ공급계약체결              (+5) | [기재정정]단일판매ㆍ공급계약체결              (+5) | [기재정정]단일판매ㆍ공급계약체결(자율공시)              (+5),,2026-06-15: 단일판매ㆍ공급계약체결               | 2026-06-02: [기재정정]단일판매ㆍ공급계약체결               | 2026-06-02: [기재정정]단일판매ㆍ공급계약체결(자율공시)              ,3
대우건설,047040,20,OK,,[기재정정]단일판매ㆍ공급계약체결              (+5) | 단일판매ㆍ공급계약체결              (+5) | [기재정정]단일판매ㆍ공급계약체결              (+5) | 단일판매ㆍ공급계약체결              (+5),,2026-06-25: [기재정정]단일판매ㆍ공급계약체결               | 2026-06-25: 단일판매ㆍ공급계약체결               | 2026-06-25: 타인에대한채무보증결정               | 2026-06-25: 지속가능경영보고서등관련사항(자율공시)               | 2026-06-19: 소송등의판결ㆍ결정(일정금액이상의청구)              ,11
지엔씨에너지,119850,20,OK,,[기재정정]단일판매ㆍ공급계약체결              (+5) | 단일판매ㆍ공급계약체결              (+5) | [기재정정]단일판매ㆍ공급계약체결              (+5) | [기재정정]단일판매ㆍ공급계약체결              (+5),,2026-06-25: 임원ㆍ주요주주특정증권등소유상황보고서 | 2026-06-22: [기재정정]단일판매ㆍ공급계약체결               | 2026-06-10: 단일판매ㆍ공급계약체결               | 2026-06-04: [기재정정]단일판매ㆍ공급계약체결               | 2026-06-01: [기재정정]단일판매ㆍ공급계약체결              ,5
HJ중공업,097230,20,OK,,[기재정정]단일판매ㆍ공급계약체결              (+5) | [기재정정]단일판매ㆍ공급계약체결              (+5) | [기재정정]단일판매ㆍ공급계약체결              (+5) | [기재정정]단일판매ㆍ공급계약체결              (+5),,2026-06-18: [기재정정]단일판매ㆍ공급계약체결               | 2026-06-17: 투자판단관련주요경영사항               | 2026-06-08: [기재정정]단일판매ㆍ공급계약체결               | 2026-06-01: [기재정정]단일판매ㆍ공급계약체결               | 2026-05-29: [기재정정]단일판매ㆍ공급계약체결              ,6
금호건설,002990,20,OK,,[기재정정]단일판매ㆍ공급계약체결              (+5) | 단일판매ㆍ공급계약체결              (+5) | [기재정정]단일판매ㆍ공급계약체결              (+5) | 단일판매ㆍ공급계약체결              (+5),,2026-06-26: 타인에대한채무보증결정               | 2026-06-26: 주요사항보고서(자본으로인정되는채무증권발행결정) | 2026-06-25: [기재정정]단일판매ㆍ공급계약체결               | 2026-06-15: 단일판매ㆍ공급계약체결               | 2026-06-09: [기재정정]단일판매ㆍ공급계약체결              ,7
빅텍,065450,20,OK,,[기재정정]단일판매ㆍ공급계약체결              (+5) | [기재정정]단일판매ㆍ공급계약체결(자율공시)              (+5) | [기재정정]단일판매ㆍ공급계약체결              (+5) | [기재정정]단일판매ㆍ공급계약체결              (+5),,2026-06-16: [기재정정]단일판매ㆍ공급계약체결               | 2026-06-01: [기재정정]단일판매ㆍ공급계약체결(자율공시)               | 2026-06-01: [기재정정]단일판매ㆍ공급계약체결               | 2026-06-01: [기재정정]단일판매ㆍ공급계약체결              ,4
미래산업,025560,20,OK,,단일판매ㆍ공급계약체결              (+5) | [기재정정]단일판매ㆍ공급계약체결              (+5) | 단일판매ㆍ공급계약체결              (+5) | 단일판매ㆍ공급계약체결              (+5),,2026-06-24: 임시주주총회결과               | 2026-06-23: 단일판매ㆍ공급계약체결               | 2026-06-18: [기재정정]단일판매ㆍ공급계약체결               | 2026-06-15: 단일판매ㆍ공급계약체결               | 2026-06-08: 주요사항보고서(타법인주식및출자증권양수결정),9
삼성중공업,010140,25,OK,,[기재정정]단일판매ㆍ공급계약체결              (+5) | 단일판매ㆍ공급계약체결              (+5) | 단일판매ㆍ공급계약체결              (+5) | [기재정정]단일판매ㆍ공급계약체결              (+5) | 단일판매ㆍ공급계약체결              (+5),,2026-06-26: 지속가능경영보고서등관련사항(자율공시)               | 2026-06-26: 임원ㆍ주요주주특정증권등소유상황보고서 | 2026-06-08: [기재정정]단일판매ㆍ공급계약체결               | 2026-06-08: 단일판매ㆍ공급계약체결               | 2026-06-08: 단일판매ㆍ공급계약체결              ,10
우원개발,046940,30,OK,,[기재정정]단일판매ㆍ공급계약체결(자율공시)              (+5) | [기재정정]단일판매ㆍ공급계약체결              (+5) | [기재정정]단일판매ㆍ공급계약체결              (+5) | [기재정정]단일판매ㆍ공급계약체결              (+5) | [기재정정]단일판매ㆍ공급계약체결              (+5),,2026-06-26: [기재정정]단일판매ㆍ공급계약체결(자율공시)               | 2026-06-26: [기재정정]단일판매ㆍ공급계약체결               | 2026-06-26: [기재정정]단일판매ㆍ공급계약체결               | 2026-06-25: [기재정정]단일판매ㆍ공급계약체결               | 2026-06-15: [기재정정]단일판매ㆍ공급계약체결              ,6
계룡건설산업,013580,30,OK,,단일판매ㆍ공급계약체결              (+5) | [기재정정]단일판매ㆍ공급계약체결              (+5) | [기재정정]단일판매ㆍ공급계약체결              (+5) | 단일판매ㆍ공급계약체결              (+5) | [기재정정]단일판매ㆍ공급계약체결              (+5),,2026-06-26: [기재정정]타인에대한채무보증결정               | 2026-06-26: 단일판매ㆍ공급계약체결               | 2026-06-26: 타인에대한채무보증결정               | 2026-06-24: 타인에대한채무보증결정               | 2026-06-24: [기재정정]단일판매ㆍ공급계약체결              ,16
삼호개발,010960,30,OK,,[기재정정]단일판매ㆍ공급계약체결              (+5) | 단일판매ㆍ공급계약체결              (+5) | [기재정정]단일판매ㆍ공급계약체결              (+5) | [기재정정]단일판매ㆍ공급계약체결              (+5) | [기재정정]단일판매ㆍ공급계약체결              (+5),,2026-06-25: [기재정정]단일판매ㆍ공급계약체결               | 2026-06-25: 단일판매ㆍ공급계약체결               | 2026-06-24: [기재정정]단일판매ㆍ공급계약체결               | 2026-06-16: [기재정정]단일판매ㆍ공급계약체결               | 2026-06-08: [기재정정]단일판매ㆍ공급계약체결              ,7
남광토건,001260,30,OK,,단일판매ㆍ공급계약체결              (+5) | [기재정정]단일판매ㆍ공급계약체결              (+5) | [기재정정]단일판매ㆍ공급계약체결              (+5) | [기재정정]단일판매ㆍ공급계약체결              (+5) | [기재정정]단일판매ㆍ공급계약체결              (+5),,2026-06-26: 단일판매ㆍ공급계약체결               | 2026-06-24: [기재정정]단일판매ㆍ공급계약체결               | 2026-06-23: [기재정정]단일판매ㆍ공급계약체결               | 2026-06-18: 주주명부폐쇄기간또는기준일설정               | 2026-06-18: 주주총회소집결의              ,10
동부건설,005960,35,OK,,[기재정정]단일판매ㆍ공급계약체결              (+5) | [기재정정]단일판매ㆍ공급계약체결              (+5) | [기재정정]단일판매ㆍ공급계약체결              (+5) | [기재정정]단일판매ㆍ공급계약체결              (+5) | [기재정정]단일판매ㆍ공급계약체결              (+5),,2026-06-26: [기재정정]단일판매ㆍ공급계약체결               | 2026-06-26: [기재정정]단일판매ㆍ공급계약체결               | 2026-06-25: [기재정정]단일판매ㆍ공급계약체결               | 2026-06-25: 타인에대한채무보증결정               | 2026-06-23: 투자판단관련주요경영사항              ,13
파두,440110,45,OK,,[기재정정]단일판매ㆍ공급계약체결              (+5) | [기재정정]단일판매ㆍ공급계약체결              (+5) | [기재정정]단일판매ㆍ공급계약체결              (+5) | [기재정정]단일판매ㆍ공급계약체결              (+5) | [기재정정]단일판매ㆍ공급계약체결              (+5),,2026-06-26: [기재정정]단일판매ㆍ공급계약체결               | 2026-06-26: [기재정정]단일판매ㆍ공급계약체결               | 2026-06-25: [기재정정]단일판매ㆍ공급계약체결               | 2026-06-23: 임원ㆍ주요주주특정증권등소유상황보고서 | 2026-06-23: 임원ㆍ주요주주특정증권등소유상황보고서,16
스피어,347700,45,🚨 YES,유상증자결정(종속회사의주요경영사항)              ,[기재정정]단일판매ㆍ공급계약체결              (+5) | [기재정정]단일판매ㆍ공급계약체결              (+5) | [기재정정]단일판매ㆍ공급계약체결              (+5) | [기재정정]단일판매ㆍ공급계약체결              (+5) | 단일판매ㆍ공급계약체결              (+5),유상증자결정(종속회사의주요경영사항)              (-15),2026-06-26: 유상증자결정(종속회사의주요경영사항)               | 2026-06-26: 타법인주식및출자증권취득결정               | 2026-06-23: [기재정정]단일판매ㆍ공급계약체결               | 2026-06-23: [기재정정]단일판매ㆍ공급계약체결               | 2026-06-22: [기재정정]단일판매ㆍ공급계약체결              ,15
