종목명,종목코드,DART점수,Tier1발동,Tier1,호재내역,악재내역,최근공시,공시건수
디에이치엑스컴퍼니,031860,-190,🚨 YES,주권매매거래정지기간변경              (풍문사유(현직 임원의 횡령·배임혐의설) 미해소) | 주권매매거래정지기간변경              (풍문사유(현직 임원의 횡령·배임혐의설) 미해소) | 주권매매거래정지기간변경              (풍문사유(현직 임원의 횡령·배임혐의설) 미해소),,주권매매거래정지기간변경              (풍문사유(현직 임원의 횡령·배임혐의설) 미해소)(-25) | 주권매매거래정지기간변경              (풍문사유(현직 임원의 횡령·배임혐의설) 미해소)(-25) | 주권매매거래정지기간변경              (풍문사유(현직 임원의 횡령·배임혐의설) 미해소)(-30) | 주권매매거래정지기간변경              (풍문 또는 보도 관련)(-30) | 조회공시요구(풍문또는보도)              (현직 임원의 횡령·배임혐의설)(-25),2026-09-07: 주권매매거래정지기간변경              (풍문사유(현직 임원의 횡령·배임혐의설) 미해소) | 2026-09-07: 조회공시요구(풍문또는보도)에대한답변(미확정)               | 2026-09-07: 조회공시요구(현저한시황변동)에대한답변(미확정)               | 2026-09-04: 주권매매거래정지기간변경              (풍문 또는 보도 관련) | 2026-09-04: 조회공시요구(풍문또는보도)              (현직 임원의 횡령·배임혐의설),9
더코디,224060,-165,🚨 YES,[기재정정]주요사항보고서(유상증자결정) | [기재정정]주요사항보고서(유상증자결정) | [기재정정]주요사항보고서(전환사채권발행결정),,[기재정정]주요사항보고서(유상증자결정)(-15) | [기재정정]주요사항보고서(유상증자결정)(-15) | [기재정정]주요사항보고서(전환사채권발행결정)(-15) | 주요사항보고서(전환사채권발행결정)(-15) | [기재정정]주요사항보고서(유상증자결정)(-15),2026-09-09: [기재정정]주요사항보고서(유상증자결정) | 2026-09-09: [기재정정]주요사항보고서(유상증자결정) | 2026-09-09: [기재정정]주요사항보고서(자기전환사채매도결정) | 2026-09-09: [기재정정]주요사항보고서(전환사채권발행결정) | 2026-09-08: [기재정정]주주총회소집공고,33
애드바이오텍,179530,-150,🚨 YES,[기재정정]주요사항보고서(전환사채권발행결정) | [기재정정]주요사항보고서(전환사채권발행결정) | [기재정정]주요사항보고서(전환사채권발행결정),,[기재정정]주요사항보고서(전환사채권발행결정)(-15) | [기재정정]주요사항보고서(전환사채권발행결정)(-15) | [기재정정]주요사항보고서(전환사채권발행결정)(-15) | [기재정정]주요사항보고서(전환사채권발행결정)(-15) | [기재정정]주요사항보고서(전환사채권발행결정)(-15),2026-09-08: 전환청구권행사               | 2026-09-04: 전환청구권행사               | 2026-09-03: [기재정정]주요사항보고서(전환사채권발행결정) | 2026-09-03: [기재정정]주요사항보고서(전환사채권발행결정) | 2026-09-03: [기재정정]주요사항보고서(자기전환사채매도결정),19
본느,226340,-145,🚨 YES,[첨부정정]주요사항보고서(유상증자결정) | [기재정정]주요사항보고서(유상증자결정) | [기재정정]주요사항보고서(유상증자결정),,[첨부정정]주요사항보고서(유상증자결정)(-15) | [기재정정]주요사항보고서(유상증자결정)(-15) | [기재정정]최대주주변경을수반하는주식양수도계약체결              (-5) | [기재정정]주요사항보고서(유상증자결정)(-15) | [기재정정]주요사항보고서(유상증자결정)(-15),2026-09-10: 대표이사변경               | 2026-09-10: 독립이사의선임ㆍ해임또는중도퇴임에관한신고 | 2026-09-10: 임시주주총회결과               | 2026-09-10: [첨부정정]주요사항보고서(유상증자결정) | 2026-09-09: [기재정정]주요사항보고서(유상증자결정),27
아이큐어,175250,-145,🚨 YES,[기재정정]주요사항보고서(유상증자결정) | 주권매매거래정지해제              (상장유지 결정) | [기재정정]주요사항보고서(유상증자결정),,최대주주변경을수반하는주식담보제공계약체결              (-5) | [기재정정]최대주주변경              (-5) | [기재정정]주요사항보고서(유상증자결정)(-15) | 주권매매거래정지해제              (상장유지 결정)(-30) | 최대주주변경을수반하는주식담보제공계약해제ㆍ취소등              (-5),2026-09-10: 임원ㆍ주요주주특정증권등소유상황보고서 | 2026-09-09: 임원ㆍ주요주주특정증권등소유상황보고서 | 2026-09-09: 임원ㆍ주요주주특정증권등소유상황보고서 | 2026-09-04: 최대주주변경을수반하는주식담보제공계약체결               | 2026-09-04: 임원ㆍ주요주주특정증권등소유상황보고서,29
CSA 코스믹,083660,-135,🚨 YES,주요사항보고서(전환사채권발행결정) | 주권매매거래정지해제              (액면분할 주권 변경상장) | [기재정정]주요사항보고서(유상증자결정),,주요사항보고서(전환사채권발행결정)(-15) | 주권매매거래정지해제              (액면분할 주권 변경상장)(-30) | [기재정정]주요사항보고서(유상증자결정)(-15) | [기재정정]주요사항보고서(전환사채권발행결정)(-15) | [기재정정]주요사항보고서(유상증자결정)(-15),2026-09-10: 주요사항보고서(전환사채권발행결정) | 2026-09-10: 금전대여결정               | 2026-09-09: 타법인주식및출자증권취득결정               | 2026-09-03: 주식등의대량보유상황보고서(약식) | 2026-08-31: 증권발행결과(자율공시)              (제3자배정 유상증자),17
캔버스엔,210120,-135,🚨 YES,[기재정정]주요사항보고서(전환사채권발행결정) | [기재정정]주요사항보고서(전환사채권발행결정) | [기재정정]주요사항보고서(유상증자결정),,[기재정정]주요사항보고서(전환사채권발행결정)(-15) | [기재정정]주요사항보고서(전환사채권발행결정)(-15) | [기재정정]주요사항보고서(유상증자결정)(-15) | [기재정정]주요사항보고서(유상증자결정)(-15) | [기재정정]주요사항보고서(전환사채권발행결정)(-15),2026-09-10: 주식등의대량보유상황보고서(약식) | 2026-09-09: [기재정정]주요사항보고서(전환사채권발행결정) | 2026-09-09: [기재정정]주요사항보고서(전환사채권발행결정) | 2026-09-09: [기재정정]주요사항보고서(유상증자결정) | 2026-08-27: [기재정정]주주총회소집결의              (임시주주총회),22
모아데이타,288980,-130,🚨 YES,[기재정정]주요사항보고서(유상증자결정) | [기재정정]주요사항보고서(유상증자결정) | [기재정정]주요사항보고서(유상증자결정),,[기재정정]주요사항보고서(유상증자결정)(-15) | [기재정정]최대주주변경을수반하는주식담보제공계약체결              (-5) | [기재정정]최대주주변경을수반하는주식담보제공계약체결              (-5) | [기재정정]최대주주변경을수반하는주식담보제공계약체결              (-5) | [기재정정]최대주주변경을수반하는주식담보제공계약체결              (-5),2026-09-09: [기재정정]주요사항보고서(유상증자결정) | 2026-09-09: [기재정정]소액공모공시서류(지분증권) | 2026-09-08: [기재정정]주요사항보고서(자기전환사채만기전취득결정) | 2026-09-07: 주식등의대량보유상황보고서(일반) | 2026-09-07: 임원ㆍ주요주주특정증권등소유상황보고서,36
한국첨단소재,062970,-130,🚨 YES,주요사항보고서(전환사채권발행결정) | 주요사항보고서(전환사채권발행결정) | 주권매매거래정지해제              (우회상장 미해당),,주요사항보고서(전환사채권발행결정)(-15) | 주요사항보고서(전환사채권발행결정)(-15) | [기재정정]최대주주변경              (-5) | 주권매매거래정지해제              (우회상장 미해당)(-30) | 최대주주변경              (-5),2026-09-10: [기재정정]증권발행결과(자율공시)               | 2026-09-10: 증권발행결과(자율공시)               | 2026-09-10: 증권발행결과(자율공시)               | 2026-09-10: 전환가액의조정               | 2026-09-04: 타법인주식및출자증권취득결정              ,27
다보링크,340360,-130,🚨 YES,주요사항보고서(유상증자결정) | [기재정정]주요사항보고서(유상증자결정) | [기재정정]주요사항보고서(전환사채권발행결정),,주요사항보고서(유상증자결정)(-15) | 최대주주변경을수반하는주식담보제공계약해제ㆍ취소등              (-5) | [기재정정]주요사항보고서(유상증자결정)(-15) | [기재정정]주요사항보고서(전환사채권발행결정)(-15) | [기재정정]주요사항보고서(전환사채권발행결정)(-15),2026-09-10: 유상증자또는주식관련사채등의청약결과(자율공시)               | 2026-09-04: 유상증자최종발행가액확정               | 2026-09-04: 소액공모공시서류(지분증권) | 2026-09-04: 주요사항보고서(유상증자결정) | 2026-09-03: 주주총회소집공고,23
KS인더스트리,101000,-110,🚨 YES,"기타시장안내(관리종목지정우려종목)              (시가총액 200억원 미달) | 기타시장안내(관리종목지정우려종목)              (주가 1,000원 미달) | [기재정정]주요사항보고서(감자결정)",,"기타시장안내(관리종목지정우려종목)              (시가총액 200억원 미달)(-30) | 기타시장안내(관리종목지정우려종목)              (주가 1,000원 미달)(-30) | [기재정정]주요사항보고서(감자결정)(-20) | 주권매매거래정지해제              (감자 주권 변경상장)(-30)",2026-09-09: 임원ㆍ주요주주특정증권등소유상황보고서 | 2026-09-09: 주식등의대량보유상황보고서(약식) | 2026-09-08: [기재정정]주주총회소집결의              (임시주주총회) | 2026-09-01: 기타경영사항(자율공시)              (자기사채(제18회차 무기명식 이권부 무보증 사모 전환사채) 소각 결정의 건) | 2026-08-28: 기타시장안내(관리종목지정우려종목)              (시가총액 200억원 미달),18
엑시온그룹,069920,-105,🚨 YES,[기재정정]주요사항보고서(유상증자결정) | [기재정정]주요사항보고서(유상증자결정) | 주요사항보고서(유상증자결정),,[기재정정]주요사항보고서(유상증자결정)(-15) | [기재정정]주요사항보고서(유상증자결정)(-15) | 주요사항보고서(유상증자결정)(-15) | [기재정정]주요사항보고서(유상증자결정)(-15) | [기재정정]주요사항보고서(유상증자결정)(-15),2026-09-10: 소액공모실적보고서 | 2026-09-10: 증권발행결과(자율공시)              (일반공모-소액공모) | 2026-09-09: 유상증자또는주식관련사채등의청약결과(자율공시)               | 2026-09-09: 임원ㆍ주요주주특정증권등소유상황보고서 | 2026-09-09: 주식등의대량보유상황보고서(일반),23
서울전자통신,027040,-105,🚨 YES,[기재정정]주요사항보고서(유상증자결정) | [기재정정]주요사항보고서(유상증자결정) | [기재정정]주요사항보고서(유상증자결정),,[기재정정]주요사항보고서(유상증자결정)(-15) | [기재정정]주요사항보고서(유상증자결정)(-15) | [기재정정]주요사항보고서(유상증자결정)(-15) | [기재정정]주요사항보고서(유상증자결정)(-15) | [기재정정]주요사항보고서(유상증자결정)(-15),2026-09-08: [기재정정]소액공모공시서류(지분증권) | 2026-09-08: [기재정정]주요사항보고서(유상증자결정) | 2026-09-07: [기재정정]소액공모공시서류(지분증권) | 2026-09-07: [기재정정]주요사항보고서(유상증자결정) | 2026-09-03: [기재정정]소액공모공시서류(지분증권),14
서진시스템,178320,-95,🚨 YES,[기재정정]주요사항보고서(전환사채권발행결정) | [기재정정]주요사항보고서(전환사채권발행결정) | 주요사항보고서(전환사채권발행결정),,[기재정정]주요사항보고서(전환사채권발행결정)(-15) | [기재정정]주요사항보고서(전환사채권발행결정)(-15) | [기재정정]최대주주변경을수반하는주식담보제공계약체결              (-5) | 주요사항보고서(전환사채권발행결정)(-15) | 주요사항보고서(전환사채권발행결정)(-15),2026-09-07: 주식등의대량보유상황보고서(일반) | 2026-09-04: 증권발행결과(자율공시)              (제42회차 CB) | 2026-09-04: 증권발행결과(자율공시)              (제41회차 CB) | 2026-09-01: 증권발행결과(자율공시)              (제40회차 CB) | 2026-09-01: 증권발행결과(자율공시)              (제39회차 CB),21
한국유니온제약,080720,-95,🚨 YES,주권매매거래정지기간변경              (투자자 보호) | [기재정정]주요사항보고서(유상증자결정) | [기재정정]주요사항보고서(유상증자결정),,주권매매거래정지기간변경              (투자자 보호)(-30) | [기재정정]주요사항보고서(유상증자결정)(-15) | [기재정정]주요사항보고서(유상증자결정)(-15) | [기재정정]주요사항보고서(감자결정)(-20) | [기재정정]주요사항보고서(유상증자결정)(-15),2026-09-01: 주주총회소집결의              (임시주주총회) | 2026-09-01: 주주명부폐쇄기간또는기준일설정               | 2026-08-31: 기타시장안내              (관리종목 지정 사유 일부 해제 관련 시장조치 미진행) | 2026-08-31: 회생절차종결결정               | 2026-08-27: 주권매매거래정지기간변경              (투자자 보호),13
신라섬유,001000,-90,🚨 YES,"주권매매거래정지해제              (액면병합 주권 변경상장) | 주권매매거래정지              (주식의 병합, 분할 등 전자등록 변경, 말소) | 기타시장안내(관리종목지정우려종목)              (주가 1,000원 미달)",,"주권매매거래정지해제              (액면병합 주권 변경상장)(-30) | 주권매매거래정지              (주식의 병합, 분할 등 전자등록 변경, 말소)(-30) | 기타시장안내(관리종목지정우려종목)              (주가 1,000원 미달)(-30)","2026-09-10: 주권매매거래정지해제              (액면병합 주권 변경상장) | 2026-09-09: 임원ㆍ주요주주특정증권등소유상황보고서 | 2026-09-09: 임원ㆍ주요주주특정증권등소유상황보고서 | 2026-09-09: 임원ㆍ주요주주특정증권등소유상황보고서 | 2026-08-18: 주권매매거래정지              (주식의 병합, 분할 등 전자등록 변경, 말소)",7
이오플로우,294090,-90,🚨 YES,[기재정정]주요사항보고서(유상증자결정) | [기재정정]주요사항보고서(전환사채권발행결정) | 주권매매거래정지기간변경              (상장폐지 사유 발생),,[기재정정]주요사항보고서(유상증자결정)(-15) | [기재정정]주요사항보고서(전환사채권발행결정)(-15) | 주권매매거래정지기간변경              (상장폐지 사유 발생)(-30) | 주요사항보고서(전환사채권발행결정)(-15) | [기재정정]주요사항보고서(유상증자결정)(-15),2026-09-10: [기재정정]주주총회소집결의              (임시주주총회) | 2026-09-09: 증권발행결과(자율공시)              (제6회차 CB) | 2026-09-09: 기타시장안내              (상장폐지 관련 이의신청서 접수) | 2026-09-01: [기재정정]주요사항보고서(유상증자결정) | 2026-09-01: [기재정정]주요사항보고서(전환사채권발행결정),18
넥사다이내믹스,351320,-90,🚨 YES,주요사항보고서(유상증자결정) | [기재정정]주요사항보고서(유상증자결정) | [기재정정]주요사항보고서(유상증자결정),,주요사항보고서(유상증자결정)(-15) | [기재정정]주요사항보고서(유상증자결정)(-15) | [기재정정]주요사항보고서(유상증자결정)(-15) | 주요사항보고서(전환사채권발행결정)(-15) | 주요사항보고서(유상증자결정)(-15),2026-09-09: [기재정정]투자판단관련주요경영사항              (경영지배인 선임의 건) | 2026-09-09: 투자판단관련주요경영사항              (경영지배인 선임의 건) | 2026-09-09: 주요사항보고서(유상증자결정) | 2026-09-07: 주식등의대량보유상황보고서(약식) | 2026-09-07: 주식등의대량보유상황보고서(약식),26
베노티앤알,206400,-85,🚨 YES,주요사항보고서(감자결정) | 주권매매거래정지              (자본감소) | 기타시장안내(관리종목지정우려종목)              (주가 1000원 미달),,주요사항보고서(감자결정)(-20) | 주권매매거래정지              (자본감소)(-30) | [기재정정]최대주주변경을수반하는주식양수도계약체결              (-5) | 기타시장안내(관리종목지정우려종목)              (주가 1000원 미달)(-30),2026-09-07: 주요사항보고서(소송등의제기) | 2026-09-03: 주식등의대량보유상황보고서(일반) | 2026-09-03: 주식등의대량보유상황보고서(일반) | 2026-09-02: 의결권대리행사권유참고서류 | 2026-09-02: 주주총회소집공고,15
코다코,046070,-85,🚨 YES,주권매매거래정지해제              (상장폐지에 따른 정리매매 개시) | [기재정정]주요사항보고서(감자결정) | [기재정정]주요사항보고서(유상증자결정),,주권매매거래정지해제              (상장폐지에 따른 정리매매 개시)(-30) | [기재정정]주요사항보고서(감자결정)(-20) | [기재정정]주요사항보고서(유상증자결정)(-15) | [기재정정]주요사항보고서(감자결정)(-20),2026-09-08: 주권매매거래정지해제              (상장폐지에 따른 정리매매 개시) | 2026-09-08: 기타시장안내              (상장폐지결정 등 효력정지 가처분 신청 기각에 따른 정리매매절차 재개) | 2026-09-03: [기재정정]주요사항보고서(감자결정) | 2026-09-03: [기재정정]주요사항보고서(유상증자결정) | 2026-08-26: [기재정정]감자완료              ,8
넥스턴앤롤코리아,089140,-80,🚨 YES,[기재정정]주요사항보고서(유상증자결정) | [기재정정]주요사항보고서(유상증자결정) | 주요사항보고서(전환사채권발행결정),,[기재정정]주요사항보고서(유상증자결정)(-15) | [기재정정]최대주주변경을수반하는주식담보제공계약체결              (-5) | [기재정정]주요사항보고서(유상증자결정)(-15) | 주요사항보고서(전환사채권발행결정)(-15) | 주요사항보고서(전환사채권발행결정)(-15),2026-09-04: 주식등의대량보유상황보고서(약식) | 2026-09-04: 주식등의대량보유상황보고서(약식) | 2026-08-28: 증권발행결과(자율공시)               | 2026-08-28: 증권발행결과(자율공시)               | 2026-08-28: [기재정정]주요사항보고서(유상증자결정),16
광진실업,026910,-80,🚨 YES,[기재정정]주요사항보고서(유상증자결정) | [기재정정]주요사항보고서(전환사채권발행결정) | [기재정정]주요사항보고서(전환사채권발행결정),,[기재정정]주요사항보고서(유상증자결정)(-15) | [기재정정]주요사항보고서(전환사채권발행결정)(-15) | [기재정정]주요사항보고서(전환사채권발행결정)(-15) | [기재정정]최대주주변경              (-5) | 최대주주변경을수반하는주식담보제공계약체결              (-5),2026-09-04: [기재정정]의결권대리행사권유참고서류 | 2026-09-04: [기재정정]주주총회소집공고 | 2026-09-04: [기재정정]주요사항보고서(유상증자결정) | 2026-09-04: [기재정정]주주총회소집결의              (임시주주총회) | 2026-08-27: [기재정정]의결권대리행사권유참고서류,27
성호전자,043260,-80,🚨 YES,[기재정정]주요사항보고서(전환사채권발행결정) | 주요사항보고서(전환사채권발행결정) | [기재정정]주요사항보고서(전환사채권발행결정),,[기재정정]주요사항보고서(전환사채권발행결정)(-15) | [기재정정]최대주주변경을수반하는주식담보제공계약체결              (-5) | 주요사항보고서(전환사채권발행결정)(-15) | [기재정정]주요사항보고서(전환사채권발행결정)(-15) | [첨부정정]주요사항보고서(전환사채권발행결정)(-15),2026-09-08: 증권발행결과(자율공시)               | 2026-09-08: [기재정정]주요사항보고서(전환사채권발행결정) | 2026-09-01: 임원ㆍ주요주주특정증권등소유상황보고서 | 2026-09-01: 주식등의대량보유상황보고서(일반) | 2026-09-01: 기타경영사항(자율공시)              (제14회차 무기명식 이권부 무보증 신주인수권부사채 소각 결정의 건),23
케스피온,079190,-75,🚨 YES,[기재정정]주요사항보고서(유상증자결정) | [기재정정]주요사항보고서(유상증자결정) | 주요사항보고서(유상증자결정),,[기재정정]주요사항보고서(유상증자결정)(-15) | [기재정정]주요사항보고서(유상증자결정)(-15) | 주요사항보고서(유상증자결정)(-15) | 기타시장안내(관리종목지정우려종목)              (시가총액 200억원 미달)(-30),2026-08-24: [기재정정]주요사항보고서(유상증자결정) | 2026-08-21: [기재정정]주요사항보고서(유상증자결정) | 2026-08-18: 주요사항보고서(유상증자결정) | 2026-08-14: 반기보고서 (2026.06) | 2026-08-11: 기타시장안내(관리종목지정우려종목)              (시가총액 200억원 미달),5
로지스몬,223220,-75,🚨 YES,[기재정정]주요사항보고서(유상증자결정) | [기재정정]주요사항보고서(유상증자결정) | [기재정정]주요사항보고서(유상증자결정),,[기재정정]주요사항보고서(유상증자결정)(-15) | [기재정정]주요사항보고서(유상증자결정)(-15) | [기재정정]주요사항보고서(유상증자결정)(-15) | [기재정정]주요사항보고서(유상증자결정)(-15) | 주요사항보고서(유상증자결정)(-15),2026-09-10: [기재정정]소액공모공시서류(지분증권) | 2026-09-10: [기재정정]주요사항보고서(유상증자결정) | 2026-09-10: [기재정정]유상증자최종발행가액확정              (일반소액공모) | 2026-09-10: [기재정정]주주명부폐쇄기간또는기준일설정               | 2026-09-10: [기재정정]주주총회소집결의              ,22
엣지파운드리,105550,-75,🚨 YES,[기재정정]주요사항보고서(유상증자결정) | [기재정정]주요사항보고서(전환사채권발행결정) | [기재정정]주요사항보고서(유상증자결정),,[기재정정]주요사항보고서(유상증자결정)(-15) | [기재정정]주요사항보고서(전환사채권발행결정)(-15) | [기재정정]주요사항보고서(유상증자결정)(-15) | 주권매매거래정지해제              (액면병합 주권 변경상장)(-30),2026-09-10: [기재정정]주요사항보고서(유상증자결정) | 2026-09-09: 정정신고서제출요구( 2026.08.27. 제출 증권신고서(지분증권) ) | 2026-09-03: 주식등의대량보유상황보고서(일반) | 2026-09-03: 임원ㆍ주요주주특정증권등소유상황보고서 | 2026-08-28: [기재정정]주요사항보고서(전환사채권발행결정),10
MSDI,123010,-75,🚨 YES,[기재정정]주요사항보고서(전환사채권발행결정) | [기재정정]주요사항보고서(전환사채권발행결정) | [기재정정]주요사항보고서(전환사채권발행결정),,[기재정정]주요사항보고서(전환사채권발행결정)(-15) | [기재정정]주요사항보고서(전환사채권발행결정)(-15) | [기재정정]주요사항보고서(전환사채권발행결정)(-15) | [기재정정]주요사항보고서(유상증자결정)(-15) | [기재정정]주요사항보고서(전환사채권발행결정)(-15),2026-09-09: 주식등의대량보유상황보고서(약식) | 2026-09-04: [기재정정]주요사항보고서(전환사채권발행결정) | 2026-09-04: 증권발행결과(자율공시)               | 2026-09-02: [기재정정]주요사항보고서(전환사채권발행결정) | 2026-08-28: [기재정정]주요사항보고서(전환사채권발행결정),8
엔투텍,227950,-75,🚨 YES,[기재정정]주요사항보고서(전환사채권발행결정) | [기재정정]주요사항보고서(전환사채권발행결정) | [기재정정]주요사항보고서(전환사채권발행결정),,[기재정정]주요사항보고서(전환사채권발행결정)(-15) | [기재정정]주요사항보고서(전환사채권발행결정)(-15) | [기재정정]주요사항보고서(전환사채권발행결정)(-15) | 주요사항보고서(전환사채권발행결정)(-15) | 주요사항보고서(전환사채권발행결정)(-15),2026-09-07: 주식등의대량보유상황보고서(일반) | 2026-09-04: [기재정정]주요사항보고서(전환사채권발행결정) | 2026-08-25: 주식등의대량보유상황보고서(일반) | 2026-08-25: [기재정정]주요사항보고서(전환사채권발행결정) | 2026-08-25: [기재정정]주요사항보고서(전환사채권발행결정),8
헝셩그룹,900270,-75,🚨 YES,주요사항보고서(유상증자결정) | 주권매매거래정지해제              (주식병합(무액면주식) 주권 변경상장) | 주요사항보고서(유상증자결정),,주요사항보고서(유상증자결정)(-15) | 주권매매거래정지해제              (주식병합(무액면주식) 주권 변경상장)(-30) | 주요사항보고서(유상증자결정)(-15) | [기재정정]주요사항보고서(유상증자결정)(-15),2026-09-10: 주주총회소집공고 | 2026-09-10: 주요사항보고서(유상증자결정) | 2026-09-10: [기재정정]주주총회소집결의              (임시주주총회) | 2026-09-04: 임원ㆍ주요주주특정증권등소유상황보고서 | 2026-09-04: 주식등의대량보유상황보고서(일반),18
한울앤제주,276730,-72,🚨 YES,[기재정정]주요사항보고서(전환사채권발행결정) | [기재정정]주요사항보고서(전환사채권발행결정) | 주권매매거래정지해제              (액면분할 주권 변경상장),[기재정정]주식분할결정              (+3),[기재정정]주요사항보고서(전환사채권발행결정)(-15) | [기재정정]주요사항보고서(전환사채권발행결정)(-15) | 주권매매거래정지해제              (액면분할 주권 변경상장)(-30) | [기재정정]주요사항보고서(유상증자결정)(-15),2026-09-04: [기재정정]주요사항보고서(타법인주식및출자증권양수결정) | 2026-09-04: [기재정정]주요사항보고서(전환사채권발행결정) | 2026-09-01: [기재정정]주요사항보고서(전환사채권발행결정) | 2026-08-20: 주권매매거래정지해제              (액면분할 주권 변경상장) | 2026-08-14: 반기보고서 (2026.06),9
신테카바이오,226330,-65,🚨 YES,[기재정정]주요사항보고서(유상증자결정) | [기재정정]주요사항보고서(유상증자결정) | [기재정정]주요사항보고서(유상증자결정),,[기재정정]주요사항보고서(유상증자결정)(-15) | [기재정정]주요사항보고서(유상증자결정)(-15) | [기재정정]주요사항보고서(유상증자결정)(-15) | 주요사항보고서(유상증자결정)(-15) | [기재정정]최대주주변경을수반하는주식담보제공계약체결              (-5),2026-09-04: [기재정정]소액공모공시서류(지분증권) | 2026-09-04: [기재정정]주요사항보고서(유상증자결정) | 2026-09-03: [기재정정]주요사항보고서(유상증자결정) | 2026-09-02: [기재정정]소액공모공시서류(지분증권) | 2026-09-02: [기재정정]주요사항보고서(유상증자결정),19
젬백스,082270,-65,🚨 YES,[기재정정]주요사항보고서(유상증자결정) | [기재정정]주요사항보고서(유상증자결정) | [기재정정]주요사항보고서(유상증자결정),,주요사항보고서(자기주식처분결정)(-10) | [기재정정]주요사항보고서(유상증자결정)(-15) | [기재정정]주요사항보고서(유상증자결정)(-15) | [기재정정]최대주주변경을수반하는주식담보제공계약체결              (-5) | [기재정정]주요사항보고서(유상증자결정)(-15),2026-09-10: 주요사항보고서(자기주식처분결정) | 2026-09-10: 주식등의대량보유상황보고서(일반) | 2026-09-10: 임원ㆍ주요주주특정증권등소유상황보고서 | 2026-09-10: 임원ㆍ주요주주특정증권등소유상황보고서 | 2026-09-04: [기재정정]주요사항보고서(유상증자결정),17
나노씨엠에스,247660,-65,🚨 YES,[기재정정]주요사항보고서(유상증자결정) | 주요사항보고서(유상증자결정) | [기재정정]주요사항보고서(유상증자결정),,[기재정정]주요사항보고서(유상증자결정)(-15) | 주요사항보고서(유상증자결정)(-15) | [기재정정]주요사항보고서(유상증자결정)(-15) | 최대주주변경              (-5) | 주요사항보고서(유상증자결정)(-15),2026-09-09: [기재정정]의결권대리행사권유참고서류 | 2026-09-09: [기재정정]주주총회소집공고 | 2026-09-08: [기재정정]의결권대리행사권유참고서류 | 2026-09-08: [기재정정]소액공모공시서류(지분증권) | 2026-09-08: 의결권대리행사권유참고서류,24
모아라이프플러스,142760,-65,🚨 YES,주권매매거래정지해제              (액면병합 주권 변경상장) | [기재정정]주요사항보고서(전환사채권발행결정) | [첨부정정]주요사항보고서(전환사채권발행결정),,주권매매거래정지해제              (액면병합 주권 변경상장)(-30) | [기재정정]최대주주변경을수반하는주식담보제공계약체결              (-5) | [기재정정]주요사항보고서(전환사채권발행결정)(-15) | [첨부정정]주요사항보고서(전환사채권발행결정)(-15),2026-09-02: 임원ㆍ주요주주특정증권등소유상황보고서 | 2026-09-02: 주식등의대량보유상황보고서(일반) | 2026-09-02: 임원ㆍ주요주주특정증권등소유상황보고서 | 2026-08-28: 주권매매거래정지해제              (액면병합 주권 변경상장) | 2026-08-27: [기재정정]최대주주변경을수반하는주식담보제공계약체결              ,11
에넥스,011090,-60,🚨 YES,[기재정정]주요사항보고서(유상증자결정) | [기재정정]주요사항보고서(유상증자결정) | [기재정정]주요사항보고서(유상증자결정),,[기재정정]주요사항보고서(유상증자결정)(-15) | [기재정정]주요사항보고서(유상증자결정)(-15) | [기재정정]주요사항보고서(유상증자결정)(-15) | [기재정정]주요사항보고서(유상증자결정)(-15),2026-09-09: [기재정정]주식등의대량보유상황보고서(일반) | 2026-09-09: 주식등의대량보유상황보고서(일반) | 2026-09-09: 주식등의대량보유상황보고서(일반) | 2026-09-04: [기재정정]주요사항보고서(유상증자결정) | 2026-09-04: [기재정정]투자판단관련주요경영사항              ,23
네오오토,212560,-60,🚨 YES,주권매매거래정지해제              (우회상장 미해당) | 주권매매거래정지              (우회상장여부 및 요건충족확인),,주권매매거래정지해제              (우회상장 미해당)(-30) | 주권매매거래정지              (우회상장여부 및 요건충족확인)(-30),2026-09-07: [기재정정]기업설명회(IR)개최               | 2026-09-07: [기재정정]기업설명회(IR)개최               | 2026-09-07: 기업설명회(IR)개최               | 2026-09-07: 증권신고서(주식의포괄적교환ㆍ이전) | 2026-09-04: 주권매매거래정지해제              (우회상장 미해당),10
베셀,177350,-60,🚨 YES,기타시장안내              ((관리종목지정우려종목)(시가총액 200억원 미달)) | 주권매매거래정지해제              (액면병합 주권 변경상장),,기타시장안내              ((관리종목지정우려종목)(시가총액 200억원 미달))(-30) | 주권매매거래정지해제              (액면병합 주권 변경상장)(-30),2026-09-09: 신탁계약해지결과보고서 | 2026-09-09: [기재정정]주요사항보고서(자기주식취득신탁계약해지결정) | 2026-09-09: 주요사항보고서(자기주식취득신탁계약해지결정) | 2026-08-31: 전환가액의조정              (제10회차) | 2026-08-28: 기타시장안내              ((관리종목지정우려종목)(시가총액 200억원 미달)),7
제이케이시냅스,060230,-60,🚨 YES,[기재정정]주요사항보고서(전환사채권발행결정) | [기재정정]주요사항보고서(전환사채권발행결정) | [기재정정]주요사항보고서(전환사채권발행결정),,[기재정정]주요사항보고서(전환사채권발행결정)(-15) | [기재정정]주요사항보고서(전환사채권발행결정)(-15) | [기재정정]주요사항보고서(전환사채권발행결정)(-15) | [기재정정]주요사항보고서(전환사채권발행결정)(-15),2026-09-10: [기재정정]주요사항보고서(자기전환사채매도결정) | 2026-09-10: [기재정정]주요사항보고서(자기전환사채매도결정) | 2026-09-07: 전환가액의조정              (제30회차) | 2026-08-26: [기재정정]주요사항보고서(자기전환사채매도결정) | 2026-08-26: [기재정정]주주총회소집결의              (임시주주총회),16
비비안,002070,-60,🚨 YES,투자유의안내              (관리종목지정 우려 예고) | [기재정정]주요사항보고서(유상증자결정) | [기재정정]주요사항보고서(유상증자결정),,투자유의안내              (관리종목지정 우려 예고)(-30) | [기재정정]주요사항보고서(유상증자결정)(-15) | [기재정정]주요사항보고서(유상증자결정)(-15),2026-09-09: 투자유의안내              (관리종목지정 우려 예고) | 2026-08-31: [기재정정]주요사항보고서(유상증자결정) | 2026-08-31: [기재정정]주요사항보고서(유상증자결정) | 2026-08-27: 풍문또는보도에대한해명(미확정)               | 2026-08-27: 투자유의안내              (시가총액 미달 계속 일수 변경 안내),12
와이즈버즈,273060,-60,🚨 YES,"주권매매거래정지해제              (액면병합 주권 변경상장) | 주권매매거래정지              (주식의 병합, 분할 등 전자등록 변경, 말소)",,"주권매매거래정지해제              (액면병합 주권 변경상장)(-30) | 주권매매거래정지              (주식의 병합, 분할 등 전자등록 변경, 말소)(-30)",2026-09-09: 임원ㆍ주요주주특정증권등소유상황보고서 | 2026-09-09: 임원ㆍ주요주주특정증권등소유상황보고서 | 2026-09-09: 주식등의대량보유상황보고서(일반) | 2026-09-09: 임원ㆍ주요주주특정증권등소유상황보고서 | 2026-09-09: 임원ㆍ주요주주특정증권등소유상황보고서,18
파라택시스코리아,288330,-60,🚨 YES,주권매매거래정지              (투자자 보호) | 주권매매거래정지해제              (상장폐지에 따른 정리매매 개시),,주권매매거래정지              (투자자 보호)(-30) | 주권매매거래정지해제              (상장폐지에 따른 정리매매 개시)(-30),2026-08-20: 주권매매거래정지              (투자자 보호) | 2026-08-20: 기타시장안내              (정리매매 보류 관련) | 2026-08-20: 기타경영사항(자율공시)              (상장폐지 결정 효력정지 가처분신청) | 2026-08-19: 주권매매거래정지해제              (상장폐지에 따른 정리매매 개시) | 2026-08-19: 기타시장안내              (코스닥시장위원회 개최 결과 및 상장폐지 결정 안내),7
파이온엑스,900100,-60,🚨 YES,[기재정정]주요사항보고서(유상증자결정) | 주요사항보고서(유상증자결정) | [기재정정]주요사항보고서(유상증자결정),,[기재정정]주요사항보고서(유상증자결정)(-15) | 주요사항보고서(유상증자결정)(-15) | [기재정정]주요사항보고서(유상증자결정)(-15) | 주요사항보고서(유상증자결정)(-15),2026-09-07: [기재정정]주요사항보고서(유상증자결정) | 2026-09-03: 주요사항보고서(유상증자결정) | 2026-09-03: [기재정정]주요사항보고서(유상증자결정) | 2026-08-31: 주요사항보고서(유상증자결정) | 2026-08-28: 조회공시요구(현저한시황변동)에대한답변(미확정)              ,8
에이비온,203400,-60,🚨 YES,"주권매매거래정지기간변경              (주식의 병합, 분할 등 전자등록 변경, 말소) | 주권매매거래정지              (상장적격성 실질심사 대상 (사유발생))",,"주권매매거래정지기간변경              (주식의 병합, 분할 등 전자등록 변경, 말소)(-30) | 주권매매거래정지              (상장적격성 실질심사 대상 (사유발생))(-30)","2026-09-08: 주권매매거래정지기간변경              (주식의 병합, 분할 등 전자등록 변경, 말소) | 2026-09-07: 기타시장안내              (실질심사 대상여부 결정을 위한 조사기간 연장 안내) | 2026-08-18: 임원ㆍ주요주주특정증권등소유상황보고서 | 2026-08-14: 기타시장안내              (상장적격성 실질심사 대상결정 기한 안내) | 2026-08-14: 기타시장안내              (상장적격성 실질심사 관련)",10
진영,285800,-60,🚨 YES,"주권매매거래정지해제              (액면병합 주권 변경상장) | 주권매매거래정지              (주식의 병합, 분할 등 전자등록 변경, 말소)",,"주권매매거래정지해제              (액면병합 주권 변경상장)(-30) | 주권매매거래정지              (주식의 병합, 분할 등 전자등록 변경, 말소)(-30)","2026-09-10: 주권매매거래정지해제              (액면병합 주권 변경상장) | 2026-08-18: 주권매매거래정지              (주식의 병합, 분할 등 전자등록 변경, 말소) | 2026-08-13: 기업가치제고계획(자율공시)               | 2026-08-13: 반기보고서 (2026.06)",4
빌리언스,044480,-60,🚨 YES,"주권매매거래정지해제              (액면병합 주권 변경상장) | 주권매매거래정지              (주식의 병합, 분할 등 전자등록 변경, 말소)",,"주권매매거래정지해제              (액면병합 주권 변경상장)(-30) | 주권매매거래정지              (주식의 병합, 분할 등 전자등록 변경, 말소)(-30)",2026-09-10: 주식등의대량보유상황보고서(약식) | 2026-09-07: 주권매매거래정지해제              (액면병합 주권 변경상장) | 2026-09-04: 임원ㆍ주요주주특정증권등소유상황보고서 | 2026-09-04: 주식등의대량보유상황보고서(일반) | 2026-08-14: 파생상품거래손실발생              ,7
세림B&G,340440,-60,🚨 YES,"주권매매거래정지              (주식의 병합, 분할 등 전자등록 변경, 말소) | 기타시장안내(관리종목지정우려종목)              (주가 1,000원 미달)",,"주권매매거래정지              (주식의 병합, 분할 등 전자등록 변경, 말소)(-30) | 기타시장안내(관리종목지정우려종목)              (주가 1,000원 미달)(-30)","2026-09-04: 주권매매거래정지              (주식의 병합, 분할 등 전자등록 변경, 말소) | 2026-08-25: 기타시장안내(관리종목지정우려종목)              (주가 1,000원 미달) | 2026-08-14: 반기보고서 (2026.06)",3
모비데이즈,363260,-60,🚨 YES,"주권매매거래정지해제              (액면병합 주권 변경상장) | 주권매매거래정지              (주식의 병합, 분할 등 전자등록 변경, 말소)",,"주권매매거래정지해제              (액면병합 주권 변경상장)(-30) | 주권매매거래정지              (주식의 병합, 분할 등 전자등록 변경, 말소)(-30)",2026-09-10: 주식등의대량보유상황보고서(일반) | 2026-09-10: 임원ㆍ주요주주특정증권등소유상황보고서 | 2026-09-07: 주권매매거래정지해제              (액면병합 주권 변경상장) | 2026-08-20: 주식등의대량보유상황보고서(일반) | 2026-08-20: 임원ㆍ주요주주특정증권등소유상황보고서,8
육일씨엔에쓰,191410,-60,🚨 YES,[첨부정정]주요사항보고서(유상증자결정) | [기재정정]주요사항보고서(유상증자결정) | 주요사항보고서(유상증자결정),,[첨부정정]주요사항보고서(유상증자결정)(-15) | [기재정정]주요사항보고서(유상증자결정)(-15) | 주요사항보고서(유상증자결정)(-15) | 주요사항보고서(유상증자결정)(-15),2026-09-09: 기타시장안내              (시가총액 미달에 따른 상장폐지 우려 관련 안내) | 2026-09-09: 주식등의대량보유상황보고서(일반) | 2026-09-09: 임원ㆍ주요주주특정증권등소유상황보고서 | 2026-09-03: 증권발행결과(자율공시)              (제3자배정 유상증자) | 2026-09-03: 증권발행결과(자율공시)              (제3자배정 유상증자-소액공모),15
이브이첨단소재,131400,-60,🚨 YES,"주권매매거래정지              (주식의 병합, 분할 등 전자등록 변경, 말소) | 기타시장안내(관리종목지정우려종목)              (주가 1,000원 미달)",,"주권매매거래정지              (주식의 병합, 분할 등 전자등록 변경, 말소)(-30) | 기타시장안내(관리종목지정우려종목)              (주가 1,000원 미달)(-30)","2026-09-04: 주권매매거래정지              (주식의 병합, 분할 등 전자등록 변경, 말소) | 2026-08-26: 임시주주총회결과               | 2026-08-18: 기타시장안내(관리종목지정우려종목)              (주가 1,000원 미달) | 2026-08-18: 전환사채(해외전환사채포함)발행후만기전사채취득               | 2026-08-14: 반기보고서 (2026.06)",5
노을,376930,-60,🚨 YES,"주권매매거래정지해제              (액면병합 주권 변경상장) | 주권매매거래정지              (주식의 병합, 분할 등 전자등록 변경, 말소)",,"주권매매거래정지해제              (액면병합 주권 변경상장)(-30) | 주권매매거래정지              (주식의 병합, 분할 등 전자등록 변경, 말소)(-30)",2026-09-10: 주식등의대량보유상황보고서(일반) | 2026-09-10: 임원ㆍ주요주주특정증권등소유상황보고서 | 2026-09-10: 임원ㆍ주요주주특정증권등소유상황보고서 | 2026-09-10: 임원ㆍ주요주주특정증권등소유상황보고서 | 2026-09-10: 임원ㆍ주요주주특정증권등소유상황보고서,13
우리바이오,082850,-60,🚨 YES,"주권매매거래정지해제              (액면병합 주권 변경상장) | 주권매매거래정지              (주식의 병합, 분할 등 전자등록 변경, 말소)",,"주권매매거래정지해제              (액면병합 주권 변경상장)(-30) | 주권매매거래정지              (주식의 병합, 분할 등 전자등록 변경, 말소)(-30)","2026-09-04: 주권매매거래정지해제              (액면병합 주권 변경상장) | 2026-08-14: 반기보고서 (2026.06) | 2026-08-11: 주권매매거래정지              (주식의 병합, 분할 등 전자등록 변경, 말소)",3
우리엔터프라이즈,037400,-60,🚨 YES,"주권매매거래정지해제              (액면병합 주권 변경상장) | 주권매매거래정지              (주식의 병합, 분할 등 전자등록 변경, 말소)",,"주권매매거래정지해제              (액면병합 주권 변경상장)(-30) | 주권매매거래정지              (주식의 병합, 분할 등 전자등록 변경, 말소)(-30)","2026-09-04: 주권매매거래정지해제              (액면병합 주권 변경상장) | 2026-08-20: 주식등의대량보유상황보고서(일반) | 2026-08-14: 반기보고서 (2026.06) | 2026-08-11: 주권매매거래정지              (주식의 병합, 분할 등 전자등록 변경, 말소)",4
디알텍,214680,-55,🚨 YES,"주권매매거래정지해제              (액면병합 주권 변경상장) | 주권매매거래정지              (주식의 병합, 분할 등 전자등록 변경, 말소)",주식소각결정              (+5),"주권매매거래정지해제              (액면병합 주권 변경상장)(-30) | 주권매매거래정지              (주식의 병합, 분할 등 전자등록 변경, 말소)(-30)","2026-09-10: 주식소각결정               | 2026-09-09: 주권매매거래정지해제              (액면병합 주권 변경상장) | 2026-08-14: 주권매매거래정지              (주식의 병합, 분할 등 전자등록 변경, 말소) | 2026-08-13: 반기보고서 (2026.06)",4
에스아이리소스,065420,-55,🚨 YES,주권매매거래정지기간변경              (액면병합 주권 변경상장) | 주권매매거래정지기간변경              (상장적격성 실질심사 대상(사유발생)),[기재정정]단일판매ㆍ공급계약체결              (+5),주권매매거래정지기간변경              (액면병합 주권 변경상장)(-30) | 주권매매거래정지기간변경              (상장적격성 실질심사 대상(사유발생))(-30),2026-09-10: [기재정정]주주총회소집결의              (임시주주총회) | 2026-08-31: 주권매매거래정지기간변경              (액면병합 주권 변경상장) | 2026-08-31: 기타시장안내              (상장적격성 실질심사 대상결정 기한 안내) | 2026-08-28: 기타시장안내              (상장적격성 실질심사 관련안내) | 2026-08-28: 주권매매거래정지기간변경              (상장적격성 실질심사 대상(사유발생)),9
인콘,083640,-55,🚨 YES,"[기재정정]주요사항보고서(전환사채권발행결정) | [기재정정]주요사항보고서(전환사채권발행결정) | 주권매매거래정지              (주식의 병합, 분할 등 전자등록 변경, 말소)",단일판매ㆍ공급계약체결              (+5),"[기재정정]주요사항보고서(전환사채권발행결정)(-15) | [기재정정]주요사항보고서(전환사채권발행결정)(-15) | 주권매매거래정지              (주식의 병합, 분할 등 전자등록 변경, 말소)(-30)",2026-09-09: [기재정정]주요사항보고서(전환사채권발행결정) | 2026-09-04: 임원ㆍ주요주주특정증권등소유상황보고서 | 2026-09-04: 임원ㆍ주요주주특정증권등소유상황보고서 | 2026-09-04: 주식등의대량보유상황보고서(일반) | 2026-09-04: 단일판매ㆍ공급계약체결              ,8
한전기술,052690,-50,🚨 YES,횡령ㆍ배임사실확인               | 횡령ㆍ배임사실확인              ,,횡령ㆍ배임사실확인              (-25) | 횡령ㆍ배임사실확인              (-25),2026-09-07: 주주총회소집공고 | 2026-09-03: [기재정정]주주총회소집결의               | 2026-08-31: 주주총회소집결의               | 2026-08-20: 횡령ㆍ배임사실확인               | 2026-08-14: 반기보고서 (2026.06),5
아이에스동서,010780,-50,🚨 YES,매매거래정지및정지해제(풍문등조회공시)               | 매매거래정지및정지해제(풍문등조회공시)              ,[기재정정]단일판매ㆍ공급계약체결              (+5) | 주식소각결정              (+5),매매거래정지및정지해제(풍문등조회공시)              (-30) | 매매거래정지및정지해제(풍문등조회공시)              (-30),2026-08-31: [기재정정]단일판매ㆍ공급계약체결               | 2026-08-28: 주식등의대량보유상황보고서(일반) | 2026-08-26: 대규모기업집단현황공시[분기별공시(개별회사용)] | 2026-08-24: 기업설명회(IR)개최(안내공시)               | 2026-08-20: 주요사항보고서(자기주식취득신탁계약체결결정),17
사토시홀딩스,223310,-50,🚨 YES,[기재정정]주요사항보고서(유상증자결정) | 주요사항보고서(유상증자결정) | 주요사항보고서(유상증자결정),,최대주주변경              (-5) | [기재정정]주요사항보고서(유상증자결정)(-15) | 주요사항보고서(유상증자결정)(-15) | 주요사항보고서(유상증자결정)(-15),2026-09-10: 주요사항보고서(자기전환사채만기전취득결정) | 2026-09-10: 임원ㆍ주요주주특정증권등소유상황보고서 | 2026-09-10: 주식등의대량보유상황보고서(약식) | 2026-09-10: 주식등의대량보유상황보고서(약식) | 2026-09-09: 전환가액의조정              (제12회차),29
퓨릿,445180,-50,🚨 YES,횡령ㆍ배임혐의진행사항               | 횡령ㆍ배임혐의진행사항              ,,횡령ㆍ배임혐의진행사항              (-25) | 횡령ㆍ배임혐의진행사항              (-25),2026-09-01: 주식등의대량보유상황보고서(약식) | 2026-08-31: 횡령ㆍ배임혐의진행사항               | 2026-08-26: 임원ㆍ주요주주특정증권등소유상황보고서 | 2026-08-13: 기업설명회(IR)개최               | 2026-08-13: 반기보고서 (2026.06),5
코퍼스코리아,322780,-50,🚨 YES,기타시장안내(관리종목지정우려종목)              (시가총액 200억원 미달) | [기재정정]주요사항보고서(유상증자결정),,기타시장안내(관리종목지정우려종목)              (시가총액 200억원 미달)(-30) | 최대주주변경              (-5) | [기재정정]주요사항보고서(유상증자결정)(-15),2026-09-10: 전환청구권행사              (제4회차) | 2026-09-04: 소송등의판결ㆍ결정              (전환사채발행금지 가처분 신청) | 2026-09-04: 소송등의판결ㆍ결정              (신주발행금지 가처분-항고) | 2026-08-26: 기타시장안내(관리종목지정우려종목)              (시가총액 200억원 미달) | 2026-08-25: 임원ㆍ주요주주특정증권등소유상황보고서,25
메디콕스,054180,-50,🚨 YES,횡령ㆍ배임혐의발생               | 횡령ㆍ배임혐의발생              ,,횡령ㆍ배임혐의발생              (-25) | 횡령ㆍ배임혐의발생              (-25),2026-09-10: 대표이사변경               | 2026-09-07: 기타시장안내              (상장적격성 실질심사 사유추가 안내) | 2026-09-07: 횡령ㆍ배임혐의발생               | 2026-09-01: 기타시장안내              (개선계획 이행내역서 제출) | 2026-08-27: 주주총회소집결의              (임시주주총회),10
참좋은여행,094850,-50,🚨 YES,횡령ㆍ배임혐의진행사항               | 횡령ㆍ배임혐의진행사항              ,,횡령ㆍ배임혐의진행사항              (-25) | 횡령ㆍ배임혐의진행사항              (-25),2026-08-27: 횡령ㆍ배임혐의진행사항               | 2026-08-14: 반기보고서 (2026.06),2
남양유업,003920,-50,🚨 YES,[기재정정]횡령ㆍ배임혐의발생               | [기재정정]횡령ㆍ배임혐의발생              ,,[기재정정]횡령ㆍ배임혐의발생              (-25) | [기재정정]횡령ㆍ배임혐의발생              (-25),2026-09-08: [기재정정]횡령ㆍ배임혐의발생               | 2026-09-01: [기재정정]소송등의판결ㆍ결정(일정금액이상의청구)               | 2026-09-01: 소송등의제기ㆍ신청(자율공시:일정금액미만의청구)               | 2026-08-28: 소송등의판결ㆍ결정(일정금액이상의청구)               | 2026-08-14: 반기보고서 (2026.06),5
비투엔,307870,-45,🚨 YES,"기타시장안내(관리종목지정우려종목)              (주가 1,000원 미달)",,"[기재정정]최대주주변경을수반하는주식양수도계약체결              (-5) | [기재정정]최대주주변경을수반하는주식양수도계약체결              (-5) | [기재정정]최대주주변경을수반하는주식양수도계약체결              (-5) | 기타시장안내(관리종목지정우려종목)              (주가 1,000원 미달)(-30)","2026-08-28: [기재정정]주식병합결정              (철회) | 2026-08-28: 임시주주총회결과               | 2026-08-26: 전환가액의조정              (제3회차,제4회차) | 2026-08-26: [기재정정]전환가액의조정              (제3회차,제4회차) | 2026-08-21: [기재정정]최대주주변경을수반하는주식양수도계약체결              ",17
오르비텍,046120,-45,🚨 YES,[기재정정]주요사항보고서(전환사채권발행결정) | [기재정정]주요사항보고서(전환사채권발행결정) | 주요사항보고서(전환사채권발행결정),,[기재정정]주요사항보고서(전환사채권발행결정)(-15) | [기재정정]주요사항보고서(전환사채권발행결정)(-15) | 주요사항보고서(전환사채권발행결정)(-15),2026-09-01: 증권발행결과(자율공시)               | 2026-08-27: [기재정정]주요사항보고서(전환사채권발행결정) | 2026-08-26: [기재정정]주요사항보고서(전환사채권발행결정) | 2026-08-24: 주요사항보고서(전환사채권발행결정) | 2026-08-14: 반기보고서 (2026.06),5
크라우드웍스,355390,-45,🚨 YES,주요사항보고서(유상증자결정) | 기타주요경영사항              (제3자배정 유상증자결정 철회) | [기재정정]주요사항보고서(유상증자결정),,주요사항보고서(유상증자결정)(-15) | 기타주요경영사항              (제3자배정 유상증자결정 철회)(-15) | [기재정정]주요사항보고서(유상증자결정)(-15),2026-09-10: 소액공모공시서류(지분증권) | 2026-09-10: 주요사항보고서(유상증자결정) | 2026-09-07: [기재정정]주주총회소집결의               | 2026-09-02: 주식등의대량보유상황보고서(일반) | 2026-09-01: 주식등의대량보유상황보고서(일반),10
볼빅,206950,-45,🚨 YES,[첨부정정]주요사항보고서(유상증자결정) | [기재정정]주요사항보고서(유상증자결정) | 주요사항보고서(유상증자결정),,[첨부정정]주요사항보고서(유상증자결정)(-15) | [기재정정]주요사항보고서(유상증자결정)(-15) | 주요사항보고서(유상증자결정)(-15),2026-09-10: [첨부정정]주요사항보고서(유상증자결정) | 2026-09-08: [기재정정]주요사항보고서(유상증자결정) | 2026-09-02: 주요사항보고서(유상증자결정),3
딥커머스,900110,-45,🚨 YES,"[기재정정]주요사항보고서(유상증자결정) | 주권매매거래정지              (주식의 병합, 분할 등 전자등록 변경, 말소)",,"[기재정정]주요사항보고서(유상증자결정)(-15) | 주권매매거래정지              (주식의 병합, 분할 등 전자등록 변경, 말소)(-30)",2026-09-04: 임원ㆍ주요주주특정증권등소유상황보고서 | 2026-09-04: 주식등의대량보유상황보고서(일반) | 2026-08-31: 반기보고서 (2026.06) | 2026-08-31: 증권발행결과(자율공시)               | 2026-08-28: [기재정정]주요사항보고서(유상증자결정),9
대동금속,020400,-45,🚨 YES,기타시장안내              (관리종목지정우려종목)(시가총액 200억원 미달) | 주요사항보고서(유상증자결정),,기타시장안내              (관리종목지정우려종목)(시가총액 200억원 미달)(-30) | 주요사항보고서(유상증자결정)(-15),2026-09-01: 주식등의대량보유상황보고서(일반) | 2026-09-01: 임원ㆍ주요주주특정증권등소유상황보고서 | 2026-08-26: [기재정정]타법인주식및출자증권취득결정               | 2026-08-26: 증권발행결과(자율공시)               | 2026-08-14: 반기보고서 (2026.06),8
이렘,009730,-45,🚨 YES,[기재정정]주요사항보고서(유상증자결정) | [기재정정]주요사항보고서(유상증자결정) | [기재정정]주요사항보고서(유상증자결정),,[기재정정]주요사항보고서(유상증자결정)(-15) | [기재정정]주요사항보고서(유상증자결정)(-15) | [기재정정]주요사항보고서(유상증자결정)(-15),2026-09-09: [기재정정]증권신고서(지분증권) | 2026-09-09: [기재정정]주요사항보고서(유상증자결정) | 2026-09-04: 주주명부폐쇄기간또는기준일설정               | 2026-09-04: 주주총회소집결의               | 2026-09-01: [첨부정정]증권신고서(지분증권),12
엠젠솔루션,032790,-45,🚨 YES,[기재정정]주요사항보고서(유상증자결정) | 주요사항보고서(유상증자결정) | 주요사항보고서(유상증자결정),,[기재정정]주요사항보고서(유상증자결정)(-15) | 주요사항보고서(유상증자결정)(-15) | 주요사항보고서(유상증자결정)(-15),2026-09-10: [기재정정]주요사항보고서(유상증자결정) | 2026-09-10: 소액공모공시서류(지분증권) | 2026-09-09: 경영권변경등에관한계약체결               | 2026-09-10: 주요사항보고서(유상증자결정) | 2026-09-10: 주요사항보고서(유상증자결정),13
삼천리자전거,024950,-45,🚨 YES,횡령ㆍ배임혐의진행사항               | 횡령ㆍ배임혐의진행사항              ,주요사항보고서(자기주식취득결정)(+5),횡령ㆍ배임혐의진행사항              (-25) | 횡령ㆍ배임혐의진행사항              (-25),2026-08-27: 횡령ㆍ배임혐의진행사항               | 2026-08-18: 공개매수설명서 | 2026-08-18: 공개매수신고서 | 2026-08-14: 주요사항보고서(자기주식취득결정) | 2026-08-14: 반기보고서 (2026.06),5
핑거스토리,417180,-45,🚨 YES,기타시장안내(관리종목지정우려종목)              (시가총액 200억원 미달) | 주요사항보고서(유상증자결정),,기타시장안내(관리종목지정우려종목)              (시가총액 200억원 미달)(-30) | 주요사항보고서(유상증자결정)(-15),2026-09-10: 기타시장안내(관리종목지정우려종목)              (시가총액 200억원 미달) | 2026-08-31: 임원ㆍ주요주주특정증권등소유상황보고서 | 2026-08-31: 주식등의대량보유상황보고서(일반) | 2026-08-25: 증권발행결과(자율공시)               | 2026-08-14: 주요사항보고서(유상증자결정),6
버킷스튜디오,066410,-45,🚨 YES,[기재정정]주요사항보고서(유상증자결정) | 주권매매거래정지기간변경              (개선기간 부여),,[기재정정]주요사항보고서(유상증자결정)(-15) | 주권매매거래정지기간변경              (개선기간 부여)(-30),2026-08-26: [기재정정]주요사항보고서(유상증자결정) | 2026-08-26: 기타주요경영사항              (제3자 배정 유상증자 결정 철회) | 2026-08-25: 상장적격성실질심사관련주요개선계획(자율공시)               | 2026-08-24: 주권매매거래정지기간변경              (개선기간 부여) | 2026-08-24: 기타시장안내              (코스닥시장위원회 심의·의결 결과 및 개선기간 부여 안내),6
캐리,313760,-45,🚨 YES,[기재정정]주요사항보고서(유상증자결정) | 주권매매거래정지기간변경              (상장적격성 실질심사 대상(사유발생)),,[기재정정]주요사항보고서(유상증자결정)(-15) | 주권매매거래정지기간변경              (상장적격성 실질심사 대상(사유발생))(-30),2026-09-07: 기타시장안내              (실질심사 대상여부 결정을 위한 조사기간 연장 안내) | 2026-08-27: [기재정정]주요사항보고서(유상증자결정) | 2026-08-27: 기타주요경영사항              (제3자배정 유상증자 결정 철회) | 2026-08-18: 기타시장안내              (상장적격성 실질심사 대상결정 기한 안내) | 2026-08-14: 기타시장안내              (상장적격성 실질심사 관련),9
루멘스,038060,-40,🚨 YES,"주권매매거래정지              (주식의 병합, 분할 등 전자등록 변경, 말소)",,"주권매매거래정지              (주식의 병합, 분할 등 전자등록 변경, 말소)(-30) | 최대주주변경              (-5) | 최대주주변경을수반하는주식양수도계약체결              (-5)","2026-09-10: 주권매매거래정지              (주식의 병합, 분할 등 전자등록 변경, 말소) | 2026-09-02: 임원ㆍ주요주주특정증권등소유상황보고서 | 2026-09-02: 주식등의대량보유상황보고서(일반) | 2026-09-02: 임원ㆍ주요주주특정증권등소유상황보고서 | 2026-09-02: 주식등의대량보유상황보고서(일반)",19
HLB테라퓨틱스,115450,-40,🚨 YES,[기재정정]주요사항보고서(유상증자결정) | [기재정정]주요사항보고서(전환사채권발행결정) | [기재정정]주요사항보고서(전환사채권발행결정),[기재정정]단일판매ㆍ공급계약체결              (+5),[기재정정]주요사항보고서(유상증자결정)(-15) | [기재정정]주요사항보고서(전환사채권발행결정)(-15) | [기재정정]주요사항보고서(전환사채권발행결정)(-15),2026-09-09: [기재정정]전환가액의조정               | 2026-09-04: 전환가액의조정               | 2026-09-04: 주식등의대량보유상황보고서(일반) | 2026-09-04: 임원ㆍ주요주주특정증권등소유상황보고서 | 2026-08-31: [기재정정]단일판매ㆍ공급계약체결              ,12
E8,418620,-40,🚨 YES,주요사항보고서(유상증자결정) | [기재정정]주요사항보고서(유상증자결정) | [기재정정]주요사항보고서(유상증자결정),[기재정정]단일판매ㆍ공급계약체결              (+5),주요사항보고서(유상증자결정)(-15) | [기재정정]주요사항보고서(유상증자결정)(-15) | [기재정정]주요사항보고서(유상증자결정)(-15),2026-09-10: 소액공모공시서류(지분증권) | 2026-09-10: 주요사항보고서(유상증자결정) | 2026-09-10: 주주총회소집공고 | 2026-09-10: [기재정정]주주총회소집결의              (임시주주총회) | 2026-09-04: [기재정정]주요사항보고서(유상증자결정),13
파라텍,033540,-40,🚨 YES,주권매매거래정지해제              (액면병합 주권 변경상장) | [첨부정정]주요사항보고서(전환사채권발행결정),[기재정정]단일판매ㆍ공급계약체결              (+5),주권매매거래정지해제              (액면병합 주권 변경상장)(-30) | [첨부정정]주요사항보고서(전환사채권발행결정)(-15),2026-09-01: 임원ㆍ주요주주특정증권등소유상황보고서 | 2026-09-01: 임원ㆍ주요주주특정증권등소유상황보고서 | 2026-08-28: [기재정정]단일판매ㆍ공급계약체결               | 2026-08-25: 주식등의대량보유상황보고서(약식) | 2026-08-18: 증권발행결과(자율공시)              (제4회차 CB),8
삼보산업,009620,-35,🚨 YES,"주권매매거래정지              (주식의 병합, 분할 등 전자등록 변경, 말소)",,"[기재정정]최대주주변경을수반하는주식담보제공계약체결              (-5) | 주권매매거래정지              (주식의 병합, 분할 등 전자등록 변경, 말소)(-30)","2026-09-08: [기재정정]최대주주변경을수반하는주식담보제공계약체결               | 2026-09-08: 주식등의대량보유상황보고서(일반) | 2026-09-08: 임원ㆍ주요주주특정증권등소유상황보고서 | 2026-09-08: 임원ㆍ주요주주특정증권등소유상황보고서 | 2026-08-25: 주권매매거래정지              (주식의 병합, 분할 등 전자등록 변경, 말소)",6
서한,011370,-35,🚨 YES,주권매매거래정지해제              (액면병합 주권 변경상장) | [첨부정정]주요사항보고서(신주인수권부사채권발행결정),단일판매ㆍ공급계약체결              (+5) | 단일판매ㆍ공급계약체결              (+5),주권매매거래정지해제              (액면병합 주권 변경상장)(-30) | [첨부정정]주요사항보고서(신주인수권부사채권발행결정)(-15),2026-09-08: 단일판매ㆍ공급계약체결               | 2026-08-31: 주권매매거래정지해제              (액면병합 주권 변경상장) | 2026-08-31: 단일판매ㆍ공급계약체결               | 2026-08-14: 반기보고서 (2026.06) | 2026-08-11: 주식등의대량보유상황보고서(일반),7
드림어스컴퍼니,060570,-35,🚨 YES,주권매매거래정지해제              (액면병합 주권 변경상장),,[기재정정]최대주주변경을수반하는주식담보제공계약체결              (-5) | 주권매매거래정지해제              (액면병합 주권 변경상장)(-30),2026-09-01: 주식등의대량보유상황보고서(일반) | 2026-08-25: [기재정정]최대주주변경을수반하는주식담보제공계약체결               | 2026-08-24: 주권매매거래정지해제              (액면병합 주권 변경상장) | 2026-08-14: 반기보고서 (2026.06) | 2026-08-11: 임원ㆍ주요주주특정증권등소유상황보고서,12
마이크로디지탈,305090,-35,🚨 YES,주권매매거래정지              (상장적격성 실질심사 대상 (사유발생)),,주권매매거래정지              (상장적격성 실질심사 대상 (사유발생))(-30) | 최대주주변경              (-5),2026-09-10: 주식등의대량보유상황보고서(약식) | 2026-09-04: 기타시장안내              (상장적격성 실질심사 대상결정 기한 안내) | 2026-09-03: 기타시장안내              (상장적격성 실질심사 관련) | 2026-09-03: 주권매매거래정지              (상장적격성 실질심사 대상 (사유발생)) | 2026-09-03: 최대주주변경              ,8
듀오백,073190,-35,🚨 YES,주권매매거래정지              (상장적격성 실질심사 대상(사유발생)),,주권매매거래정지              (상장적격성 실질심사 대상(사유발생))(-30) | 최대주주변경              (-5),2026-09-09: 기타시장안내              (실질심사 대상여부 결정을 위한 조사기간 연장 안내) | 2026-09-07: 주주명부폐쇄기간또는기준일설정               | 2026-08-20: 기타시장안내              (상장적격성 실질심사 대상결정 기한 안내) | 2026-08-19: 주권매매거래정지              (상장적격성 실질심사 대상(사유발생)) | 2026-08-19: 기타시장안내              (상장적격성 실질심사 관련),8
우성,006980,-34,🚨 YES,매매거래정지및정지해제(중요내용공시)              ,[첨부정정]주요사항보고서(회사합병결정)(+3) | 주요사항보고서(회사합병결정)(+3),주요사항보고서(자기주식처분결정)(-10) | 매매거래정지및정지해제(중요내용공시)              (-30),2026-09-09: [첨부정정]주요사항보고서(회사합병결정) | 2026-09-04: 타인에대한채무보증결정               | 2026-09-04: 주주명부폐쇄기간또는기준일설정               | 2026-09-04: 주주총회소집결의               | 2026-09-04: 주요사항보고서(자기주식처분결정),9
캠시스,050110,-30,🚨 YES,"주권매매거래정지              (주식의 병합, 분할 등 전자등록 변경, 말소)",,"주권매매거래정지              (주식의 병합, 분할 등 전자등록 변경, 말소)(-30)","2026-09-08: 주권매매거래정지              (주식의 병합, 분할 등 전자등록 변경, 말소) | 2026-08-25: 전환가액의조정               | 2026-08-18: 임원ㆍ주요주주특정증권등소유상황보고서 | 2026-08-14: 반기보고서 (2026.06) | 2026-08-13: 임시주주총회결과              ",5
나이스정보통신,036800,-30,🚨 YES,주권매매거래정지해제              (액면분할 주권 변경상장),,주권매매거래정지해제              (액면분할 주권 변경상장)(-30),2026-09-07: 기업설명회(IR)개최               | 2026-08-14: 기업설명회(IR)개최               | 2026-08-14: 반기보고서 (2026.06) | 2026-08-14: 주권매매거래정지해제              (액면분할 주권 변경상장),4
주성코퍼레이션,109070,-30,🚨 YES,[기재정정]주요사항보고서(유상증자결정) | [기재정정]주요사항보고서(전환사채권발행결정),,[기재정정]주요사항보고서(유상증자결정)(-15) | [기재정정]주요사항보고서(전환사채권발행결정)(-15),2026-09-10: 임원ㆍ주요주주특정증권등소유상황보고서 | 2026-09-10: 임원ㆍ주요주주특정증권등소유상황보고서 | 2026-09-10: 임원ㆍ주요주주특정증권등소유상황보고서 | 2026-09-10: 주식등의대량보유상황보고서(일반) | 2026-09-10: 최대주주등소유주식변동신고서              ,16
대신밸런스제17호기업인수목적,471050,-30,🚨 YES,주권매매거래정지              (상장폐지 사유발생),,주권매매거래정지              (상장폐지 사유발생)(-30),2026-09-01: 주식등의대량보유상황보고서(약식) | 2026-09-01: 주요사항보고서(해산사유발생) | 2026-08-27: 주식등의대량보유상황보고서(약식) | 2026-08-21: 기타경영사항(자율공시)              (청산 관련 주요사항 안내) | 2026-08-19: 주권매매거래정지              (상장폐지 사유발생),7
대신정보통신,020180,-30,🚨 YES,주권매매거래정지해제              (액면병합 주권 변경상장),,주권매매거래정지해제              (액면병합 주권 변경상장)(-30),2026-09-08: 임원ㆍ주요주주특정증권등소유상황보고서 | 2026-08-27: 임원ㆍ주요주주특정증권등소유상황보고서 | 2026-08-18: 주권매매거래정지해제              (액면병합 주권 변경상장) | 2026-08-14: 분기보고서 (2026.06) | 2026-08-14: [기재정정]사업보고서 (2026.03),6
아스트,067390,-30,🚨 YES,주권매매거래정지해제              (액면병합 주권 변경상장),,주권매매거래정지해제              (액면병합 주권 변경상장)(-30),2026-08-27: 주권매매거래정지해제              (액면병합 주권 변경상장) | 2026-08-13: 반기보고서 (2026.06) | 2026-08-13: 임원ㆍ주요주주특정증권등소유상황보고서,3
아이씨에이치,368600,-30,🚨 YES,"주권매매거래정지              (주식의 병합, 분할 등 전자등록 변경, 말소)",,"주권매매거래정지              (주식의 병합, 분할 등 전자등록 변경, 말소)(-30)","2026-09-09: 주권매매거래정지              (주식의 병합, 분할 등 전자등록 변경, 말소) | 2026-09-01: 임원ㆍ주요주주특정증권등소유상황보고서 | 2026-08-31: 임시주주총회결과               | 2026-08-27: [기재정정]주주총회소집공고 | 2026-08-14: 반기보고서 (2026.06)",8
코아스,071950,-30,🚨 YES,투자유의안내              (관리종목지정 우려 예고),,투자유의안내              (관리종목지정 우려 예고)(-30),2026-09-10: 투자유의안내              (관리종목지정 우려 예고) | 2026-09-04: 주식등의대량보유상황보고서(일반) | 2026-09-04: 최대주주등소유주식변동신고서               | 2026-09-04: 대표이사(대표집행임원)변경(안내공시)               | 2026-09-04: 임시주주총회결과              ,16
유안타제15호스팩,473050,-30,🚨 YES,기타시장안내(관리종목지정우려종목)              ,,기타시장안내(관리종목지정우려종목)              (-30),2026-08-14: 기타시장안내(관리종목지정우려종목)              ,1
덕신이피씨,090410,-30,🚨 YES,주권매매거래정지해제              (액면병합 주권 변경상장),,주권매매거래정지해제              (액면병합 주권 변경상장)(-30),2026-09-08: 임원ㆍ주요주주특정증권등소유상황보고서 | 2026-09-08: 주식등의대량보유상황보고서(일반) | 2026-08-31: 대표이사변경               | 2026-08-28: 주권매매거래정지해제              (액면병합 주권 변경상장) | 2026-08-14: 반기보고서 (2026.06),5
알에프세미,096610,-30,🚨 YES,주권매매거래정지해제              (상장폐지에 따른 정리매매 개시),,주권매매거래정지해제              (상장폐지에 따른 정리매매 개시)(-30),2026-09-03: 임원ㆍ주요주주특정증권등소유상황보고서 | 2026-08-26: 주주총회소집공고 | 2026-08-24: [기재정정]주주총회소집결의              (임시주주총회) | 2026-08-21: 주권매매거래정지해제              (상장폐지에 따른 정리매매 개시) | 2026-08-21: 기타시장안내              (상장폐지결정 등 효력정지 가처분 신청 기각에 따른 정리매매절차 재개),8
제일엠앤에스,412540,-30,🚨 YES,주권매매거래정지기간변경              (상장적격성 실질심사 대상(사유발생)),,주권매매거래정지기간변경              (상장적격성 실질심사 대상(사유발생))(-30),2026-09-04: 기타시장안내              (실질심사 대상여부 결정을 위한 조사기간 연장 안내) | 2026-08-27: [기재정정]기타경영사항(자율공시)              (관계인집회 기일 결정) | 2026-08-14: 기타시장안내              (상장적격성 실질심사 대상결정 기한 안내) | 2026-08-14: [기재정정]반기보고서 (2026.06) | 2026-08-14: 반기보고서 (2026.06),9
티엔엔터테인먼트,131100,-30,🚨 YES,주권매매거래정지해제              (액면병합 주권 변경상장),,주권매매거래정지해제              (액면병합 주권 변경상장)(-30),2026-09-09: 임원ㆍ주요주주특정증권등소유상황보고서 | 2026-08-28: 대규모기업집단현황공시[분기별공시(개별회사용)] | 2026-08-20: 주권매매거래정지해제              (액면병합 주권 변경상장) | 2026-08-14: 반기보고서 (2026.06) | 2026-08-14: 지급수단별ㆍ지급기간별지급금액및분쟁조정기구에관한사항,5
하이드로리튬,101670,-30,🚨 YES,"기타시장안내(관리종목지정우려종목)              (주가 1,000원 미달)",,"기타시장안내(관리종목지정우려종목)              (주가 1,000원 미달)(-30)",2026-09-04: 의결권대리행사권유참고서류 | 2026-09-04: 주주총회소집공고 | 2026-09-04: 주주명부폐쇄기간또는기준일설정               | 2026-09-04: 주주총회소집결의              (임시주주총회) | 2026-09-04: 주식병합결정              ,7
프리티,006490,-30,🚨 YES,[기재정정]주요사항보고서(전환사채권발행결정) | [기재정정]주요사항보고서(유상증자결정),,[기재정정]주요사항보고서(전환사채권발행결정)(-15) | [기재정정]주요사항보고서(유상증자결정)(-15),2026-09-07: 최대주주등소유주식변동신고서               | 2026-09-04: [기재정정]주주총회소집결의               | 2026-08-28: [기재정정]주요사항보고서(전환사채권발행결정) | 2026-08-28: [기재정정]주요사항보고서(유상증자결정) | 2026-08-14: [첨부추가]반기보고서 (2026.06),7
대양금속,009190,-30,🚨 YES,[기재정정]주요사항보고서(유상증자결정) | 주요사항보고서(유상증자결정),,[기재정정]주요사항보고서(유상증자결정)(-15) | 주요사항보고서(유상증자결정)(-15),2026-09-08: 전환가액ㆍ신주인수권행사가액ㆍ교환가액의조정(안내공시)               | 2026-09-08: 전환가액ㆍ신주인수권행사가액ㆍ교환가액의조정(안내공시)               | 2026-09-08: 전환가액ㆍ신주인수권행사가액ㆍ교환가액의조정(안내공시)               | 2026-09-08: [기재정정]주식매수선택권부여에관한신고 | 2026-09-07: 유상증자또는주식관련사채등의발행결과(자율공시)              ,23
아이톡시,052770,-30,🚨 YES,주권매매거래정지기간변경              (상장적격성 실질심사 대상결정),,주권매매거래정지기간변경              (상장적격성 실질심사 대상결정)(-30),2026-09-01: 주권매매거래정지기간변경              (상장적격성 실질심사 대상결정) | 2026-09-01: 기타시장안내              (상장적격성 실질심사 대상 결정) | 2026-08-31: 기타시장안내              (공시위반제재금 미납에 따른 가중벌점 부과) | 2026-08-14: 기타시장안내              (상장적격성 실질심사 사유추가) | 2026-08-14: 반기또는분기매출액미달사실발생              ,7
조이웍스앤코,309930,-30,🚨 YES,기타시장안내(관리종목지정우려종목)              (시가총액 200억원 미달),,기타시장안내(관리종목지정우려종목)              (시가총액 200억원 미달)(-30),2026-09-07: 기타시장안내(관리종목지정우려종목)              (시가총액 200억원 미달) | 2026-08-14: 반기보고서 (2026.06),2
세화피앤씨,252500,-30,🚨 YES,주권매매거래정지해제              (액면병합 주권 변경상장),,주권매매거래정지해제              (액면병합 주권 변경상장)(-30),2026-09-07: 독립이사의선임ㆍ해임또는중도퇴임에관한신고 | 2026-09-07: 임시주주총회결과               | 2026-09-07: 주식등의대량보유상황보고서(일반) | 2026-09-07: 임원ㆍ주요주주특정증권등소유상황보고서 | 2026-09-07: 임원ㆍ주요주주특정증권등소유상황보고서,13
한주에이알티,058450,-30,🚨 YES,기타시장안내(관리종목지정우려종목)              (시가총액 200억원 미달),,기타시장안내(관리종목지정우려종목)              (시가총액 200억원 미달)(-30),2026-09-08: 주식등의대량보유상황보고서(약식) | 2026-09-04: 주주명부폐쇄기간또는기준일설정               | 2026-09-04: 주주총회소집결의              (임시주주총회) | 2026-09-02: 기타시장안내(관리종목지정우려종목)              (시가총액 200억원 미달) | 2026-08-27: 임원ㆍ주요주주특정증권등거래계획보고서,8
웰킵스하이텍,043590,-30,🚨 YES,기타시장안내(관리종목지정우려종목)              (시가총액 200억원 미달),,기타시장안내(관리종목지정우려종목)              (시가총액 200억원 미달)(-30),2026-08-26: 주식등의대량보유상황보고서(일반) | 2026-08-18: 기타시장안내(관리종목지정우려종목)              (시가총액 200억원 미달) | 2026-08-14: 반기보고서 (2026.06),3
LK삼양,225190,-30,🚨 YES,"주권매매거래정지              (주식의 병합, 분할 등 전자등록 변경, 말소)",,"주권매매거래정지              (주식의 병합, 분할 등 전자등록 변경, 말소)(-30)","2026-09-07: [기재정정]주식매수선택권부여에관한신고 | 2026-09-07: [기재정정]주식매수선택권부여에관한신고 | 2026-08-31: 주권매매거래정지              (주식의 병합, 분할 등 전자등록 변경, 말소) | 2026-08-20: 임시주주총회결과               | 2026-08-14: 반기보고서 (2026.06)",5
일신바이오,068330,-30,🚨 YES,"기타시장안내(관리종목지정우려종목)              (주가 1,000원 미달)",,"기타시장안내(관리종목지정우려종목)              (주가 1,000원 미달)(-30)","2026-08-14: 반기보고서 (2026.06) | 2026-08-11: 기타시장안내(관리종목지정우려종목)              (주가 1,000원 미달)",2
나노실리칸첨단소재,286750,-30,🚨 YES,주권매매거래정지해제              (액면병합 주권 변경상장),,주권매매거래정지해제              (액면병합 주권 변경상장)(-30),2026-09-08: 주식등의대량보유상황보고서(약식) | 2026-09-08: 임원ㆍ주요주주특정증권등소유상황보고서 | 2026-09-08: 임원ㆍ주요주주특정증권등소유상황보고서 | 2026-09-08: 임원ㆍ주요주주특정증권등소유상황보고서 | 2026-09-08: 임원ㆍ주요주주특정증권등소유상황보고서,13
아이윈,090150,-30,🚨 YES,주권매매거래정지해제              (액면병합 주권 변경상장),,주권매매거래정지해제              (액면병합 주권 변경상장)(-30),2026-08-14: 반기보고서 (2026.06) | 2026-08-14: 주권매매거래정지해제              (액면병합 주권 변경상장),2
원풍물산,008290,-30,🚨 YES,주권매매거래정지              (상장폐지사유 발생),,주권매매거래정지              (상장폐지사유 발생)(-30),2026-09-08: 주권매매거래정지              (상장폐지사유 발생) | 2026-09-01: 기타시장안내              (시가총액 미달에 따른 상장폐지 우려 관련 안내) | 2026-08-25: 기타시장안내              (시가총액 미달에 따른 상장폐지 우려 관련 안내) | 2026-08-24: 임원ㆍ주요주주특정증권등소유상황보고서 | 2026-08-24: 주식등의대량보유상황보고서(일반),8
코이즈,121850,-30,🚨 YES,주권매매거래정지              (상장폐지 사유발생),,주권매매거래정지              (상장폐지 사유발생)(-30),2026-09-01: 주권매매거래정지              (상장폐지 사유발생) | 2026-08-25: 기타시장안내              (시가총액 미달에 따른 상장폐지 우려 관련 안내) | 2026-08-18: 기타시장안내              (시가총액 미달에 따른 상장폐지 우려 관련 안내) | 2026-08-14: 반기보고서 (2026.06),4
파루,043200,-30,🚨 YES,주권매매거래정지해제              (액면병합 주권 변경상장),,주권매매거래정지해제              (액면병합 주권 변경상장)(-30),2026-08-26: 주권매매거래정지해제              (액면병합 주권 변경상장) | 2026-08-25: 임원ㆍ주요주주특정증권등거래계획보고서 | 2026-08-14: 반기보고서 (2026.06) | 2026-08-14: 임원ㆍ주요주주특정증권등소유상황보고서,4
아즈텍WB,032080,-30,🚨 YES,"주권매매거래정지              (주식의 병합, 분할 등 전자등록 변경, 말소)",,"주권매매거래정지              (주식의 병합, 분할 등 전자등록 변경, 말소)(-30)","2026-09-10: 주권매매거래정지              (주식의 병합, 분할 등 전자등록 변경, 말소) | 2026-09-08: 임원ㆍ주요주주특정증권등소유상황보고서 | 2026-09-08: 임원ㆍ주요주주특정증권등소유상황보고서 | 2026-08-31: 주식등의대량보유상황보고서(일반) | 2026-08-14: 반기보고서 (2026.06)",8
하이딥,365590,-30,🚨 YES,"주권매매거래정지              (주식의 병합, 분할 등 전자등록 변경, 말소)",,"주권매매거래정지              (주식의 병합, 분할 등 전자등록 변경, 말소)(-30)",2026-09-10: 주식등의대량보유상황보고서(일반) | 2026-09-10: 임원ㆍ주요주주특정증권등소유상황보고서 | 2026-09-10: 임원ㆍ주요주주특정증권등소유상황보고서 | 2026-09-10: 임원ㆍ주요주주특정증권등소유상황보고서 | 2026-09-10: 임원ㆍ주요주주특정증권등소유상황보고서,15
체리부로,066360,-30,🚨 YES,주권매매거래정지해제              (액면병합 주권 변경상장),,주권매매거래정지해제              (액면병합 주권 변경상장)(-30),2026-09-01: [기재정정]주주총회소집결의              (임시주주총회) | 2026-09-01: [기재정정]주주명부폐쇄기간또는기준일설정               | 2026-08-28: 주주총회소집결의              (임시주주총회) | 2026-08-28: 주주명부폐쇄기간또는기준일설정               | 2026-08-27: 주권매매거래정지해제              (액면병합 주권 변경상장),9
코맥스,036690,-30,🚨 YES,주권매매거래정지기간변경              (개선기간 부여),,주권매매거래정지기간변경              (개선기간 부여)(-30),2026-08-28: 단기차입금증가결정(자율공시)               | 2026-08-28: 타법인주식및출자증권취득결정               | 2026-08-25: 상장적격성실질심사관련주요개선계획(자율공시)               | 2026-08-24: 주권매매거래정지기간변경              (개선기간 부여) | 2026-08-24: 기타시장안내              (코스닥시장위원회 심의·의결 결과 및 개선기간 부여 안내),7
판타지오,032800,-30,🚨 YES,[기재정정]주요사항보고서(유상증자결정) | [기재정정]주요사항보고서(유상증자결정),,[기재정정]주요사항보고서(유상증자결정)(-15) | [기재정정]주요사항보고서(유상증자결정)(-15),2026-08-28: [기재정정]주요사항보고서(유상증자결정) | 2026-08-27: 정정신고서제출요구( 2026.08.12. 제출 증권신고서(지분증권) ) | 2026-08-12: [정정제출요구][기재정정]증권신고서(지분증권) | 2026-08-11: [기재정정]주요사항보고서(유상증자결정),4
코미코,183300,-30,🚨 YES,주권매매거래정지해제              (액면분할 주권 변경상장),,주권매매거래정지해제              (액면분할 주권 변경상장)(-30),2026-09-03: 주식등의대량보유상황보고서(일반) | 2026-08-28: 임원ㆍ주요주주특정증권등소유상황보고서 | 2026-08-28: 임원ㆍ주요주주특정증권등소유상황보고서 | 2026-08-25: 주식등의대량보유상황보고서(일반) | 2026-08-20: 주권매매거래정지해제              (액면분할 주권 변경상장),6
그리드위즈,453450,-30,🚨 YES,주요사항보고서(전환사채권발행결정) | 주요사항보고서(전환사채권발행결정),,주요사항보고서(전환사채권발행결정)(-15) | 주요사항보고서(전환사채권발행결정)(-15),2026-09-08: 주식등의대량보유상황보고서(약식) | 2026-09-03: 주식등의대량보유상황보고서(약식) | 2026-09-01: 증권발행결과(자율공시)              (제2회차 CB) | 2026-09-01: 증권발행결과(자율공시)              (제1회차 CB) | 2026-08-24: 주요사항보고서(전환사채권발행결정),8
에이루트,096690,-30,🚨 YES,[기재정정]주요사항보고서(유상증자결정) | [기재정정]주요사항보고서(유상증자결정),,[기재정정]주요사항보고서(유상증자결정)(-15) | [기재정정]주요사항보고서(유상증자결정)(-15),2026-09-04: 타법인주식및출자증권처분결정               | 2026-08-27: [기재정정]주요사항보고서(유상증자결정) | 2026-08-27: [기재정정]주요사항보고서(유상증자결정) | 2026-08-14: 반기보고서 (2026.06),4
블루산업개발,006740,-30,🚨 YES,[기재정정]주요사항보고서(전환사채권발행결정) | [기재정정]주요사항보고서(유상증자결정),,[기재정정]주요사항보고서(전환사채권발행결정)(-15) | [기재정정]주요사항보고서(유상증자결정)(-15),2026-09-07: [기재정정]주요사항보고서(전환사채권발행결정) | 2026-08-28: 투자유의안내               | 2026-08-19: [기재정정]주요사항보고서(유상증자결정) | 2026-08-14: 반기보고서 (2026.06) | 2026-08-13: 주식등의대량보유상황보고서(일반),6
지니틱스,303030,-30,🚨 YES,기타시장안내(관리종목지정우려종목)              (시가총액 200억원 미달),,기타시장안내(관리종목지정우려종목)              (시가총액 200억원 미달)(-30),2026-09-02: [기재정정]타법인주식및출자증권취득결정(자율공시)               | 2026-08-26: 기타시장안내(관리종목지정우려종목)              (시가총액 200억원 미달) | 2026-08-25: 타법인주식및출자증권취득결정(자율공시)               | 2026-08-14: 반기보고서 (2026.06),4
우듬지팜,403490,-30,🚨 YES,주권매매거래정지해제              (액면병합 주권 변경상장),,주권매매거래정지해제              (액면병합 주권 변경상장)(-30),2026-08-28: 신탁계약에의한취득상황보고서 | 2026-08-26: 주권매매거래정지해제              (액면병합 주권 변경상장) | 2026-08-14: 반기보고서 (2026.06),3
누보,332290,-30,🚨 YES,"주권매매거래정지              (주식의 병합, 분할 등 전자등록 변경, 말소)",,"주권매매거래정지              (주식의 병합, 분할 등 전자등록 변경, 말소)(-30)",2026-09-10: 임원ㆍ주요주주특정증권등소유상황보고서 | 2026-09-10: 임원ㆍ주요주주특정증권등소유상황보고서 | 2026-09-10: 임원ㆍ주요주주특정증권등소유상황보고서 | 2026-09-10: 임원ㆍ주요주주특정증권등소유상황보고서 | 2026-09-10: 임원ㆍ주요주주특정증권등소유상황보고서,15
더라미,032860,-30,🚨 YES,주권매매거래정지해제              (액면병합 주권 변경상장),,주권매매거래정지해제              (액면병합 주권 변경상장)(-30),2026-09-08: 주식등의대량보유상황보고서(일반) | 2026-09-08: 임원ㆍ주요주주특정증권등소유상황보고서 | 2026-09-08: 임원ㆍ주요주주특정증권등소유상황보고서 | 2026-08-28: 주권매매거래정지해제              (액면병합 주권 변경상장) | 2026-08-14: 반기보고서 (2026.06),6
한국캐피탈,023760,-30,🚨 YES,주권매매거래정지해제              (액면병합 주권 변경상장),,주권매매거래정지해제              (액면병합 주권 변경상장)(-30),2026-09-08: 일괄신고서 | 2026-09-08: [기재정정]일괄신고서 | 2026-09-07: 주요사항보고서(자본으로인정되는채무증권발행결정) | 2026-09-07: 증권발행실적보고서 | 2026-09-04: 투자설명서(일괄신고),14
이노벡스,279060,-30,🚨 YES,주권매매거래정지해제              (상장폐지에 따른 정리매매 개시),,주권매매거래정지해제              (상장폐지에 따른 정리매매 개시)(-30),2026-09-07: 주권매매거래정지해제              (상장폐지에 따른 정리매매 개시),1
멤레이비티,072770,-30,🚨 YES,"기타시장안내(관리종목지정우려종목)              (주가 1,000원 미달)",,"기타시장안내(관리종목지정우려종목)              (주가 1,000원 미달)(-30)","2026-09-03: 의결권대리행사권유참고서류 | 2026-09-03: 주주총회소집공고 | 2026-09-03: [기재정정]주주총회소집결의              (임시주주총회) | 2026-09-03: 주식병합결정               | 2026-08-24: 기타시장안내(관리종목지정우려종목)              (주가 1,000원 미달)",9
씨엑스아이,900120,-30,🚨 YES,"주권매매거래정지              (주식의 병합, 분할 등 전자등록 변경, 말소)",,"주권매매거래정지              (주식의 병합, 분할 등 전자등록 변경, 말소)(-30)",2026-08-31: 임원ㆍ주요주주특정증권등소유상황보고서 | 2026-08-31: 주식등의대량보유상황보고서(약식) | 2026-08-31: 임원ㆍ주요주주특정증권등소유상황보고서 | 2026-08-31: 주식등의대량보유상황보고서(약식) | 2026-08-31: 임원ㆍ주요주주특정증권등소유상황보고서,14
인베니아,079950,-30,🚨 YES,기타시장안내(관리종목지정우려종목)              (시가총액 200억원 미달),,기타시장안내(관리종목지정우려종목)              (시가총액 200억원 미달)(-30),2026-09-04: 기타시장안내(관리종목지정우려종목)              (시가총액 200억원 미달) | 2026-08-28: 불성실공시법인지정              (공시불이행) | 2026-08-14: 반기보고서 (2026.06),3
우리이앤엘하루틴,153490,-30,🚨 YES,주권매매거래정지해제              (액면병합 주권 변경상장),,주권매매거래정지해제              (액면병합 주권 변경상장)(-30),2026-09-01: 조회공시요구(현저한시황변동)에대한답변(중요정보없음)               | 2026-08-31: 조회공시요구(현저한시황변동)               | 2026-08-19: 주권매매거래정지해제              (액면병합 주권 변경상장) | 2026-08-14: 반기보고서 (2026.06),4
코아시아씨엠,196450,-30,🚨 YES,"주권매매거래정지              (주식의 병합, 분할 등 전자등록 변경, 말소)",,"주권매매거래정지              (주식의 병합, 분할 등 전자등록 변경, 말소)(-30)","2026-08-18: 주권매매거래정지              (주식의 병합, 분할 등 전자등록 변경, 말소) | 2026-08-12: 반기보고서 (2026.06)",2
코스나인,082660,-30,🚨 YES,주권매매거래정지해제              (상장폐지에 따른 정리매매 개시),,주권매매거래정지해제              (상장폐지에 따른 정리매매 개시)(-30),2026-09-08: 주권매매거래정지해제              (상장폐지에 따른 정리매매 개시) | 2026-09-08: 기타시장안내              (상장폐지결정 등 효력정지 가처분 신청 기각에 따른 정리매매절차 재개) | 2026-08-25: [기재정정]주주총회소집결의               | 2026-08-25: [기재정정]주주명부폐쇄기간또는기준일설정               | 2026-08-14: 기타시장안내              (관리종목 지정사유 추가 관련 시장조치사항 안내),5
파인텍,131760,-30,🚨 YES,기타시장안내(관리종목지정우려종목)              (시가총액 200억원 미달),,기타시장안내(관리종목지정우려종목)              (시가총액 200억원 미달)(-30),2026-08-31: 기타시장안내(관리종목지정우려종목)              (시가총액 200억원 미달) | 2026-08-14: 반기보고서 (2026.06),2
덱스터,206560,-30,🚨 YES,주권매매거래정지해제              (상장적격성 실질심사 대상 제외 결정),,주권매매거래정지해제              (상장적격성 실질심사 대상 제외 결정)(-30),2026-09-10: [기재정정]회계처리기준위반행위로인한증권선물위원회의검찰고발등               | 2026-09-03: 주주명부폐쇄기간또는기준일설정               | 2026-08-20: [첨부정정]반기보고서 (2026.06) | 2026-08-14: 반기보고서 (2026.06) | 2026-08-13: 주권매매거래정지해제              (상장적격성 실질심사 대상 제외 결정),6
SK증권제11호스팩,472230,-30,🚨 YES,기타시장안내(관리종목지정우려종목)              ,,기타시장안내(관리종목지정우려종목)              (-30),2026-08-14: 기타시장안내(관리종목지정우려종목)              ,1
시지메드텍,056090,-30,🚨 YES,"주권매매거래정지              (주식의 병합, 분할 등 전자등록 변경, 말소)",,"주권매매거래정지              (주식의 병합, 분할 등 전자등록 변경, 말소)(-30)","2026-09-07: 주권매매거래정지              (주식의 병합, 분할 등 전자등록 변경, 말소) | 2026-08-14: 반기보고서 (2026.06) | 2026-08-11: 임시주주총회결과              ",3
윙스풋,335870,-30,🚨 YES,주권매매거래정지해제              (액면병합 주권 변경상장),,주권매매거래정지해제              (액면병합 주권 변경상장)(-30),2026-09-08: 임원ㆍ주요주주특정증권등소유상황보고서 | 2026-09-03: 주식등의대량보유상황보고서(일반) | 2026-09-03: 임원ㆍ주요주주특정증권등소유상황보고서 | 2026-09-03: 임원ㆍ주요주주특정증권등소유상황보고서 | 2026-09-03: 임원ㆍ주요주주특정증권등소유상황보고서,8
LG생활건강,051900,-30,🚨 YES,[기재정정]유상증자결정(종속회사의주요경영사항)               | 유상증자결정(종속회사의주요경영사항)              ,,[기재정정]유상증자결정(종속회사의주요경영사항)              (-15) | 유상증자결정(종속회사의주요경영사항)              (-15),2026-09-01: [기재정정]유상증자결정(종속회사의주요경영사항)               | 2026-09-01: [기재정정]타법인주식및출자증권취득결정(종속회사의주요경영사항)               | 2026-09-01: [기재정정]타법인주식및출자증권처분결정(자율공시)(종속회사의주요경영사항)               | 2026-08-28: 대규모기업집단현황공시[분기별공시(개별회사용)] | 2026-08-24: 기업설명회(IR)개최(안내공시)              ,11
시그네틱스,033170,-30,🚨 YES,주권매매거래정지해제              (액면병합 주권 변경상장),,주권매매거래정지해제              (액면병합 주권 변경상장)(-30),2026-09-09: 임원ㆍ주요주주특정증권등소유상황보고서 | 2026-09-09: 임원ㆍ주요주주특정증권등소유상황보고서 | 2026-09-07: 임원ㆍ주요주주특정증권등소유상황보고서 | 2026-08-31: 대규모기업집단현황공시[분기별공시(개별회사용)] | 2026-08-25: 주권매매거래정지해제              (액면병합 주권 변경상장),8
알파AI,043100,-30,🚨 YES,[기재정정]주요사항보고서(전환사채권발행결정) | [기재정정]주요사항보고서(전환사채권발행결정),,[기재정정]주요사항보고서(전환사채권발행결정)(-15) | [기재정정]주요사항보고서(전환사채권발행결정)(-15),"2026-08-20: 기타주요경영사항              (전환사채(18,19회차)및 타법인주식 취득결정 철회의 건) | 2026-08-20: [기재정정]타법인주식및출자증권취득결정              (철회) | 2026-08-20: [기재정정]주요사항보고서(전환사채권발행결정) | 2026-08-20: [기재정정]주요사항보고서(전환사채권발행결정) | 2026-08-14: 반기보고서 (2026.06)",6
다산솔루에타,154040,-30,🚨 YES,"주권매매거래정지              (주식의 병합, 분할 등 전자등록 변경, 말소)",,"주권매매거래정지              (주식의 병합, 분할 등 전자등록 변경, 말소)(-30)",2026-09-04: 임원ㆍ주요주주특정증권등소유상황보고서 | 2026-09-04: 주식등의대량보유상황보고서(일반) | 2026-09-04: 임원ㆍ주요주주특정증권등소유상황보고서 | 2026-08-28: 임원ㆍ주요주주특정증권등소유상황보고서 | 2026-08-28: 주식등의대량보유상황보고서(일반),15
하이퍼코퍼레이션,065650,-30,🚨 YES,[기재정정]주요사항보고서(유상증자결정) | 기타주요경영사항              (유상증자결정(주주배정후 실권주 일반공모)철회),,[기재정정]주요사항보고서(유상증자결정)(-15) | 기타주요경영사항              (유상증자결정(주주배정후 실권주 일반공모)철회)(-15),2026-09-08: [기재정정]주주명부폐쇄기간또는기준일설정               | 2026-09-08: [기재정정]주주총회소집결의               | 2026-09-03: [기재정정]주주총회소집결의              (임시주주총회) | 2026-09-02: 주식등의대량보유상황보고서(일반) | 2026-08-27: 주요사항보고서(자기전환사채만기전취득결정),9
디젠스,113810,-30,🚨 YES,기타시장안내              ((관리종목지정우려종목)(시가총액 200억원 미달)),,기타시장안내              ((관리종목지정우려종목)(시가총액 200억원 미달))(-30),2026-09-07: 주식등의대량보유상황보고서(일반) | 2026-09-07: 임원ㆍ주요주주특정증권등소유상황보고서 | 2026-08-28: 기타시장안내              ((관리종목지정우려종목)(시가총액 200억원 미달)) | 2026-08-14: 반기보고서 (2026.06),4
유엑스엔,337840,-30,🚨 YES,[기재정정]주요사항보고서(유상증자결정) | [기재정정]주요사항보고서(전환사채권발행결정),,[기재정정]주요사항보고서(유상증자결정)(-15) | [기재정정]주요사항보고서(전환사채권발행결정)(-15),2026-09-02: 불성실공시법인지정예고              (공시번복) | 2026-08-27: [기재정정]주요사항보고서(유상증자결정) | 2026-08-21: [기재정정]주요사항보고서(전환사채권발행결정) | 2026-08-20: 임원ㆍ주요주주특정증권등소유상황보고서 | 2026-08-20: 주식등의대량보유상황보고서(약식),7
유비온,084440,-30,🚨 YES,"주권매매거래정지              (주식의 병합, 분할 등 전자등록 변경, 말소)",,"주권매매거래정지              (주식의 병합, 분할 등 전자등록 변경, 말소)(-30)","2026-08-25: 주권매매거래정지              (주식의 병합, 분할 등 전자등록 변경, 말소) | 2026-08-21: 기업설명회(IR)개최               | 2026-08-14: 기업설명회(IR)개최               | 2026-08-14: 분기보고서 (2026.06)",4
케이바이오랩스,038530,-30,🚨 YES,"주권매매거래정지              (주식의 병합, 분할 등 전자등록 변경, 말소)",,"주권매매거래정지              (주식의 병합, 분할 등 전자등록 변경, 말소)(-30)","2026-09-04: 임원ㆍ주요주주특정증권등소유상황보고서 | 2026-09-04: 주식등의대량보유상황보고서(일반) | 2026-08-28: 임원ㆍ주요주주특정증권등소유상황보고서 | 2026-08-28: 주식등의대량보유상황보고서(일반) | 2026-08-24: 주권매매거래정지              (주식의 병합, 분할 등 전자등록 변경, 말소)",11
랩지노믹스,084650,-30,🚨 YES,"주권매매거래정지              (주식의 병합, 분할 등 전자등록 변경, 말소)",,"주권매매거래정지              (주식의 병합, 분할 등 전자등록 변경, 말소)(-30)","2026-08-27: 주권매매거래정지              (주식의 병합, 분할 등 전자등록 변경, 말소) | 2026-08-20: 전환가액의조정              (제5회차) | 2026-08-18: 독립이사의선임ㆍ해임또는중도퇴임에관한신고 | 2026-08-18: 임시주주총회결과               | 2026-08-14: 반기보고서 (2026.06)",5
에스에스알,275630,-30,🚨 YES,[기재정정]주요사항보고서(유상증자결정) | 주요사항보고서(유상증자결정),,[기재정정]주요사항보고서(유상증자결정)(-15) | 주요사항보고서(유상증자결정)(-15),2026-09-08: 주식등의대량보유상황보고서(약식) | 2026-08-19: [기재정정]주요사항보고서(유상증자결정) | 2026-08-18: 주주총회소집결의              (임시주주총회) | 2026-08-18: 주주명부폐쇄기간또는기준일설정               | 2026-08-19: 주요사항보고서(유상증자결정),7
젠큐릭스,229000,-30,🚨 YES,[첨부정정]주요사항보고서(전환사채권발행결정) | 주요사항보고서(전환사채권발행결정),,[첨부정정]주요사항보고서(전환사채권발행결정)(-15) | 주요사항보고서(전환사채권발행결정)(-15),2026-09-09: 임시주주총회결과               | 2026-09-03: [첨부정정]주요사항보고서(전환사채권발행결정) | 2026-09-03: 주요사항보고서(전환사채권발행결정) | 2026-09-01: 합병등종료보고서(합병) | 2026-08-25: 주식매수선택권부여에관한신고,8
미트박스,475460,-30,🚨 YES,주권매매거래정지              (무상증자),,주권매매거래정지              (무상증자)(-30),2026-09-03: 임원ㆍ주요주주특정증권등거래계획보고서 | 2026-09-02: 주주명부폐쇄기간또는기준일설정               | 2026-09-02: 주요사항보고서(무상증자결정) | 2026-09-02: 주권매매거래정지              (무상증자) | 2026-08-19: 임원ㆍ주요주주특정증권등소유상황보고서,6
신영스팩10호,472220,-30,🚨 YES,주권매매거래정지              (상장폐지 사유발생),,주권매매거래정지              (상장폐지 사유발생)(-30),2026-09-03: 주식등의대량보유상황보고서(약식) | 2026-09-01: 기타경영사항(자율공시)              ((청산관련 주요사항 안내)) | 2026-08-31: 주권매매거래정지              (상장폐지 사유발생) | 2026-08-24: 기타시장안내              (주권 상장폐지 우려 예고),4
SDN,099220,-30,🚨 YES,"주권매매거래정지              (주식의 병합, 분할 등 전자등록 변경, 말소)",,"주권매매거래정지              (주식의 병합, 분할 등 전자등록 변경, 말소)(-30)","2026-08-18: 주권매매거래정지              (주식의 병합, 분할 등 전자등록 변경, 말소) | 2026-08-14: 반기보고서 (2026.06)",2
핀텔,291810,-30,🚨 YES,[기재정정]주요사항보고서(유상증자결정) | 주요사항보고서(유상증자결정),,[기재정정]주요사항보고서(유상증자결정)(-15) | 주요사항보고서(유상증자결정)(-15),2026-09-10: 소액공모실적보고서 | 2026-09-10: 증권발행결과(자율공시)              (일반공모 유상증자) | 2026-09-09: 유상증자또는주식관련사채등의청약결과(자율공시)               | 2026-09-03: 소액공모공시서류(지분증권) | 2026-09-03: 유상증자최종발행가액확정              (일반공모증자-소액공모),11
좋은사람들,033340,-30,🚨 YES,"주권매매거래정지              (주식의 병합, 분할 등 전자등록 변경, 말소)",,"주권매매거래정지              (주식의 병합, 분할 등 전자등록 변경, 말소)(-30)","2026-09-08: 주권매매거래정지              (주식의 병합, 분할 등 전자등록 변경, 말소) | 2026-09-07: [기재정정]주식병합결정               | 2026-08-20: 독립이사의선임ㆍ해임또는중도퇴임에관한신고 | 2026-08-20: 대표이사변경               | 2026-08-20: 임시주주총회결과              ",6
조아제약,034940,-30,🚨 YES,주권매매거래정지해제              (액면병합 주권 변경상장),,주권매매거래정지해제              (액면병합 주권 변경상장)(-30),2026-08-26: 주권매매거래정지해제              (액면병합 주권 변경상장) | 2026-08-14: 반기보고서 (2026.06),2
교보15호스팩,465320,-30,🚨 YES,주권매매거래정지              (상장폐지 사유발생),,주권매매거래정지              (상장폐지 사유발생)(-30),2026-09-03: 기타경영사항(자율공시)              (청산 관련 주요사항 안내) | 2026-09-02: 주권매매거래정지              (상장폐지 사유발생) | 2026-08-27: 주식등의대량보유상황보고서(약식) | 2026-08-26: 기타시장안내              (주권 상장폐지 우려 예고) | 2026-08-14: 반기보고서 (2026.06),5
컴투스엔,291230,-30,🚨 YES,주권매매거래정지해제              (액면병합 주권 변경상장),,주권매매거래정지해제              (액면병합 주권 변경상장)(-30),2026-09-10: 임원ㆍ주요주주특정증권등소유상황보고서 | 2026-08-31: [기재정정]투자판단관련주요경영사항              (전환사채 인수계약 조건 일부 변경) | 2026-08-24: 투자판단관련주요경영사항              (전환사채 인수계약 조건 일부 변경) | 2026-08-12: 반기보고서 (2026.06) | 2026-08-12: [기재정정]주식병합결정              ,6
한중엔시에스,107640,-30,🚨 YES,[기재정정]주요사항보고서(전환사채권발행결정) | 주요사항보고서(전환사채권발행결정),,[기재정정]주요사항보고서(전환사채권발행결정)(-15) | 주요사항보고서(전환사채권발행결정)(-15),2026-09-04: 기업설명회(IR)개최               | 2026-08-28: 기타경영사항(자율공시)              (소규모합병 승인 이사회 결의(주주총회 갈음) 결과 보고) | 2026-08-21: 증권발행결과(자율공시)              (제2회차 CB) | 2026-08-19: 주식등의대량보유상황보고서(일반) | 2026-08-14: 반기보고서 (2026.06),8
에스제이그룹,306040,-30,🚨 YES,기타시장안내(관리종목지정우려종목)              (시가총액 200억원 미달),,기타시장안내(관리종목지정우려종목)              (시가총액 200억원 미달)(-30),2026-09-08: 임원ㆍ주요주주특정증권등소유상황보고서 | 2026-09-08: 주식등의대량보유상황보고서(일반) | 2026-09-02: 임원ㆍ주요주주특정증권등소유상황보고서 | 2026-09-02: 주식등의대량보유상황보고서(일반) | 2026-08-27: 기타시장안내(관리종목지정우려종목)              (시가총액 200억원 미달),10
샤페론,378800,-30,🚨 YES,"주권매매거래정지              (주식의 병합, 분할 등 전자등록 변경, 말소)",,"주권매매거래정지              (주식의 병합, 분할 등 전자등록 변경, 말소)(-30)","2026-09-01: 주권매매거래정지              (주식의 병합, 분할 등 전자등록 변경, 말소) | 2026-08-12: 반기보고서 (2026.06) | 2026-08-11: 주요사항보고서(자기전환사채만기전취득결정)",3
탑선,180060,-30,🚨 YES,[첨부정정]주요사항보고서(전환사채권발행결정) | [기재정정]주요사항보고서(전환사채권발행결정),,[첨부정정]주요사항보고서(전환사채권발행결정)(-15) | [기재정정]주요사항보고서(전환사채권발행결정)(-15),2026-08-26: [첨부정정]주요사항보고서(전환사채권발행결정) | 2026-08-26: [기재정정]주요사항보고서(전환사채권발행결정) | 2026-08-21: 주식등의대량보유상황보고서(일반) | 2026-08-21: 주식등의대량보유상황보고서(일반),4
뉴보텍,060260,-30,🚨 YES,기타시장안내(관리종목지정우려종목)              (시가총액 200억원 미달),,기타시장안내(관리종목지정우려종목)              (시가총액 200억원 미달)(-30),2026-08-24: 신탁계약에의한취득상황보고서 | 2026-08-24: 신탁계약해지결과보고서 | 2026-08-20: 주요사항보고서(자기주식취득신탁계약해지결정) | 2026-08-19: 주주총회소집결의              (임시주주총회) | 2026-08-19: 주주명부폐쇄기간또는기준일설정              ,7
퓨쳐메디신,341170,-30,🚨 YES,주권매매거래정지              (지정자문인 선임계약 해지),,주권매매거래정지              (지정자문인 선임계약 해지)(-30),2026-08-12: 기타시장안내              (지정자문인 선임계약 해지에 따른 상장폐지절차 안내) | 2026-08-12: 주권매매거래정지              (지정자문인 선임계약 해지) | 2026-08-12: 지정자문인선임계약의해지              ,3
에이프로젠,007460,-30,🚨 YES,주요사항보고서(유상증자결정)(자회사의 주요경영사항)               | 주요사항보고서(전환사채권발행결정),,주요사항보고서(유상증자결정)(자회사의 주요경영사항)              (-15) | 주요사항보고서(전환사채권발행결정)(-15),2026-09-09: 주식등의대량보유상황보고서(약식) | 2026-09-03: 주요사항보고서(유상증자결정)(자회사의 주요경영사항)               | 2026-09-03: 주요사항보고서(전환사채권발행결정) | 2026-08-28: 주식등의대량보유상황보고서(일반) | 2026-08-21: 주식등의대량보유상황보고서(일반),8
이스트에이드,239340,-30,🚨 YES,"주권매매거래정지              (주식의 병합, 분할 등 전자등록 변경, 말소)",,"주권매매거래정지              (주식의 병합, 분할 등 전자등록 변경, 말소)(-30)","2026-08-31: 주주명부폐쇄기간또는기준일설정               | 2026-08-31: 주주총회소집결의              (임시주주총회) | 2026-08-25: 주식등의대량보유상황보고서(일반) | 2026-08-25: 주권매매거래정지              (주식의 병합, 분할 등 전자등록 변경, 말소) | 2026-08-20: 임원ㆍ주요주주특정증권등거래계획철회보고서",8
하나31호스팩,469900,-30,🚨 YES,기타시장안내(관리종목지정우려종목)              ,,기타시장안내(관리종목지정우려종목)              (-30),2026-08-27: 주식등의대량보유상황보고서(약식) | 2026-08-19: 기타시장안내(관리종목지정우려종목)               | 2026-08-12: 반기보고서 (2026.06),3
모바일어플라이언스,087260,-30,🚨 YES,주권매매거래정지기간변경              (상장적격성 실질심사 대상 결정),,주권매매거래정지기간변경              (상장적격성 실질심사 대상 결정)(-30),2026-09-10: 소송등의판결ㆍ결정(일정금액이상의청구)               | 2026-09-01: 주권매매거래정지기간변경              (상장적격성 실질심사 대상 결정) | 2026-09-01: 기타시장안내              ( 상장적격성 실질심사 대상 결정 ) | 2026-08-31: 소송등의제기ㆍ신청(경영권분쟁소송)               | 2026-08-20: 소송등의제기ㆍ신청(경영권분쟁소송)              (검사인 선임),13
시스웍,269620,-30,🚨 YES,주권매매거래정지해제              (상장폐지에 따른 정리매매 개시),,주권매매거래정지해제              (상장폐지에 따른 정리매매 개시)(-30),2026-08-24: 주식등의대량보유상황보고서(약식) | 2026-08-14: 기타시장안내              (상장적격성 실질심사 사유 추가 관련 절차 미진행) | 2026-08-14: 반기보고서 (2026.06) | 2026-08-14: 반기검토(감사)의견부적정등사실확인(자본잠식률100분의50이상또는자기자본10억원미만포함)               | 2026-08-11: 주권매매거래정지해제              (상장폐지에 따른 정리매매 개시),6
펨토바이오메드,327610,-30,🚨 YES,주권매매거래정지해제              (상장폐지에 따른 정리매매 개시),,주권매매거래정지해제              (상장폐지에 따른 정리매매 개시)(-30),2026-08-11: 주권매매거래정지해제              (상장폐지에 따른 정리매매 개시),1
아틀라스링크,297570,-30,🚨 YES,"주권매매거래정지              (주식의 병합, 분할 등 전자등록 변경, 말소)",,"주권매매거래정지              (주식의 병합, 분할 등 전자등록 변경, 말소)(-30)","2026-09-07: 임원ㆍ주요주주특정증권등소유상황보고서 | 2026-08-31: 임원ㆍ주요주주특정증권등소유상황보고서 | 2026-08-20: 합병등종료보고서(자산양수도) | 2026-08-18: 주권매매거래정지              (주식의 병합, 분할 등 전자등록 변경, 말소) | 2026-08-14: 반기보고서 (2026.06)",7
미스터블루,207760,-30,🚨 YES,주권매매거래정지해제              (액면병합 주권 변경상장),,주권매매거래정지해제              (액면병합 주권 변경상장)(-30),2026-09-01: 주권매매거래정지해제              (액면병합 주권 변경상장) | 2026-08-14: 반기보고서 (2026.06) | 2026-08-13: 전환사채(해외전환사채포함)발행후만기전사채취득              ,3
다산디엠씨,208860,-30,🚨 YES,"주권매매거래정지              (주식의 병합, 분할 등 전자등록 변경, 말소)",,"주권매매거래정지              (주식의 병합, 분할 등 전자등록 변경, 말소)(-30)","2026-09-09: 주식등의대량보유상황보고서(일반) | 2026-09-09: 임원ㆍ주요주주특정증권등소유상황보고서 | 2026-09-01: 임원ㆍ주요주주특정증권등소유상황보고서 | 2026-08-28: 주식등의대량보유상황보고서(일반) | 2026-08-28: 주권매매거래정지              (주식의 병합, 분할 등 전자등록 변경, 말소)",10
츌립앤사이언스,291650,-30,🚨 YES,주권매매거래정지해제              (액면병합 주권 변경상장),,주권매매거래정지해제              (액면병합 주권 변경상장)(-30),2026-08-20: 주식등의대량보유상황보고서(약식) | 2026-08-20: 임원ㆍ주요주주특정증권등소유상황보고서 | 2026-08-20: 주식등의대량보유상황보고서(약식) | 2026-08-20: 임원ㆍ주요주주특정증권등소유상황보고서 | 2026-08-20: 임원ㆍ주요주주특정증권등소유상황보고서,8
키움제11호스팩,489480,-27,🚨 YES,주권매매거래정지              (SPAC 합병(예비심사청구대상)),주요사항보고서(회사합병결정)(+3),주권매매거래정지              (SPAC 합병(예비심사청구대상))(-30),2026-09-10: 주요사항보고서(회사합병결정) | 2026-09-10: 주권매매거래정지              (SPAC 합병(예비심사청구대상)) | 2026-08-25: 주식등의대량보유상황보고서(약식) | 2026-08-13: 반기보고서 (2026.06),4
에어부산,298690,-27,🚨 YES,매매거래정지및정지해제(중요내용공시)              ,주요사항보고서(회사합병결정)(+3),매매거래정지및정지해제(중요내용공시)              (-30),2026-08-28: 대규모기업집단현황공시[분기별공시(개별회사용)] | 2026-08-21: 주주명부폐쇄기간또는기준일설정               | 2026-08-21: 주주총회소집결의               | 2026-08-21: 주요사항보고서(회사합병결정) | 2026-08-21: 매매거래정지및정지해제(중요내용공시)              ,7
덴티스,261200,-27,🚨 YES,주요사항보고서(전환사채권발행결정),연결재무제표기준영업(잠정)실적(공정공시)              (+3),[기재정정]최대주주변경을수반하는주식담보제공계약체결              (-5) | [기재정정]최대주주변경을수반하는주식담보제공계약체결              (-5) | 최대주주변경을수반하는주식담보제공계약체결              (-5) | 주요사항보고서(전환사채권발행결정)(-15),2026-09-07: 주식등의대량보유상황보고서(일반) | 2026-09-07: [기재정정]최대주주변경을수반하는주식담보제공계약체결               | 2026-08-28: 주식등의대량보유상황보고서(약식) | 2026-08-27: 주식등의대량보유상황보고서(일반) | 2026-08-27: [기재정정]최대주주변경을수반하는주식담보제공계약체결              ,16
진에어,272450,-27,🚨 YES,매매거래정지및정지해제(중요내용공시)              ,주요사항보고서(회사합병결정)(+3),매매거래정지및정지해제(중요내용공시)              (-30),2026-08-28: 대규모기업집단현황공시[분기별공시(개별회사용)] | 2026-08-21: 주주명부폐쇄기간또는기준일설정               | 2026-08-21: 주주총회소집결의               | 2026-08-21: 주요사항보고서(회사합병결정) | 2026-08-21: 매매거래정지및정지해제(중요내용공시)              ,7
라온피플,300120,-27,🚨 YES,주권매매거래정지해제              (액면병합 주권 변경상장),연결재무제표기준영업(잠정)실적(공정공시)              (+3),주권매매거래정지해제              (액면병합 주권 변경상장)(-30),2026-08-19: 주권매매거래정지해제              (액면병합 주권 변경상장) | 2026-08-14: 반기보고서 (2026.06) | 2026-08-13: 연결재무제표기준영업(잠정)실적(공정공시)              ,3
제이엔케이글로벌,126880,-25,🚨 YES,주권매매거래정지              (단일판매공급계약),단일판매ㆍ공급계약체결              (+5),주권매매거래정지              (단일판매공급계약)(-30),2026-08-14: 반기보고서 (2026.06) | 2026-08-11: 단일판매ㆍ공급계약체결               | 2026-08-11: 주권매매거래정지              (단일판매공급계약),3
미디어젠,279600,-25,🚨 YES,기타시장안내(관리종목지정우려종목)              (시가총액 200억원 미달),[기재정정]단일판매ㆍ공급계약체결              (+5),기타시장안내(관리종목지정우려종목)              (시가총액 200억원 미달)(-30),2026-08-31: [기재정정]단일판매ㆍ공급계약체결               | 2026-08-28: 기타시장안내(관리종목지정우려종목)              (시가총액 200억원 미달) | 2026-08-13: [기재정정]반기보고서 (2026.06) | 2026-08-13: 반기보고서 (2026.06),4
한울반도체,320000,-25,🚨 YES,[기재정정]주요사항보고서(유상증자결정),,[기재정정]최대주주변경을수반하는주식담보제공계약체결              (-5) | [기재정정]주요사항보고서(유상증자결정)(-15) | [기재정정]최대주주변경을수반하는주식담보제공계약체결              (-5),"2026-09-10: [기재정정]증권신고서(지분증권) | 2026-09-07: [기재정정]최대주주변경을수반하는주식담보제공계약체결               | 2026-09-01: [기재정정]주요사항보고서(유상증자결정) | 2026-08-31: 전환가액의조정              (제3회차,제4회차) | 2026-08-21: 임원ㆍ주요주주특정증권등거래계획철회보고서",10
키이스트,054780,-25,🚨 YES,주권매매거래정지              (단일판매공급계약),단일판매ㆍ공급계약체결              (+5),주권매매거래정지              (단일판매공급계약)(-30),2026-08-28: 대규모기업집단현황공시[분기별공시(개별회사용)] | 2026-08-26: 단일판매ㆍ공급계약체결               | 2026-08-26: 주권매매거래정지              (단일판매공급계약) | 2026-08-14: 반기보고서 (2026.06) | 2026-08-14: 지급수단별ㆍ지급기간별지급금액및분쟁조정기구에관한사항,5
CS,065770,-25,🚨 YES,기타시장안내(관리종목지정우려종목)              (시가총액 200억원 미달),단일판매ㆍ공급계약체결(자율공시)              (+5),기타시장안내(관리종목지정우려종목)              (시가총액 200억원 미달)(-30),2026-08-28: 주요사항보고서(자기전환사채만기전취득결정) | 2026-08-21: 단일판매ㆍ공급계약체결(자율공시)               | 2026-08-20: 기타시장안내(관리종목지정우려종목)              (시가총액 200억원 미달) | 2026-08-14: 반기보고서 (2026.06),4
에이전트AI,060900,-25,🚨 YES,[기재정정]주요사항보고서(유상증자결정) | [기재정정]주요사항보고서(유상증자결정),[기재정정]단일판매ㆍ공급계약체결              (+5) | 단일판매ㆍ공급계약체결              (+5),[기재정정]주요사항보고서(유상증자결정)(-15) | [기재정정]주요사항보고서(유상증자결정)(-15) | 최대주주변경              (-5),2026-09-01: 기타시장안내(최대주주의의무보유관련)              (최대주주의 의무보유 이행 관련) | 2026-08-31: 철회신고서 | 2026-08-31: 기타주요경영사항              (유상증자 결정(주주배정후 실권주 일반공모) 철회) | 2026-08-31: [기재정정]주요사항보고서(유상증자결정) | 2026-08-31: [기재정정]단일판매ㆍ공급계약체결              ,22
MH에탄올,023150,-25,🚨 YES,매매거래정지및정지해제(중요내용공시)              ,주식소각결정              (+5),매매거래정지및정지해제(중요내용공시)              (-30),2026-08-25: 주식소각결정               | 2026-08-25: 매매거래정지및정지해제(중요내용공시)               | 2026-08-14: 반기보고서 (2026.06),3
엑사이엔씨,054940,-25,🚨 YES,주권매매거래정지해제              (액면병합 주권 변경상장),단일판매ㆍ공급계약체결              (+5),주권매매거래정지해제              (액면병합 주권 변경상장)(-30),2026-08-14: 단일판매ㆍ공급계약체결               | 2026-08-13: 반기보고서 (2026.06) | 2026-08-11: 주권매매거래정지해제              (액면병합 주권 변경상장),3
유니슨,018000,-25,🚨 YES,주권매매거래정지              (단일판매공급계약),단일판매ㆍ공급계약체결              (+5),주권매매거래정지              (단일판매공급계약)(-30),2026-09-08: 의결권대리행사권유참고서류 | 2026-09-08: 주주총회소집공고 | 2026-09-08: [기재정정]주주총회소집결의              (임시주주총회) | 2026-09-08: [기재정정]주식병합결정               | 2026-09-08: 전환가액의조정              (제18회차),14
중앙첨단소재,051980,-25,🚨 YES,주권매매거래정지              (주식병합),단일판매ㆍ공급계약체결              (+5),주권매매거래정지              (주식병합)(-30),2026-09-10: 단일판매ㆍ공급계약체결               | 2026-09-08: 주권매매거래정지              (주식병합) | 2026-08-14: 반기보고서 (2026.06) | 2026-08-12: 임시주주총회결과              ,4
대창솔루션,096350,-25,🚨 YES,주권매매거래정지              (단일판매공급계약),단일판매ㆍ공급계약체결              (+5),주권매매거래정지              (단일판매공급계약)(-30),2026-09-08: 투자판단관련주요경영사항              (특허권 취득(보론을 함유하는 스테인리스강 제조 방법)) | 2026-09-08: 종속회사등상장에관한찬성여부               | 2026-09-08: 종속회사등상장에대한주주영향평가등               | 2026-09-07: 임시주주총회결과               | 2026-08-21: 단일판매ㆍ공급계약체결              ,10
아이비젼웍스,469750,-25,🚨 YES,"주권매매거래정지              (주식의 병합, 분할 등 전자등록 변경, 말소)",[기재정정]단일판매ㆍ공급계약체결(자율공시)              (+5),"주권매매거래정지              (주식의 병합, 분할 등 전자등록 변경, 말소)(-30)","2026-09-10: [기재정정]주식등의대량보유상황보고서(일반) | 2026-09-10: [기재정정]주식등의대량보유상황보고서(일반) | 2026-09-04: 주권매매거래정지              (주식의 병합, 분할 등 전자등록 변경, 말소) | 2026-09-02: [기재정정]단일판매ㆍ공급계약체결(자율공시)               | 2026-08-14: 반기보고서 (2026.06)",7
샘표,007540,-25,🚨 YES,매매거래정지및정지해제(중요내용공시)              ,주식소각결정              (+5),매매거래정지및정지해제(중요내용공시)              (-30),2026-09-09: 주식소각결정               | 2026-09-09: 매매거래정지및정지해제(중요내용공시)               | 2026-08-14: 반기보고서 (2026.06) | 2026-08-14: [기재정정]사업보고서 (2025.12),4
티웨이홀딩스,004870,-25,🚨 YES,투자유의안내              (관리종목지정 우려 예고),단일판매ㆍ공급계약체결              (+5),투자유의안내              (관리종목지정 우려 예고)(-30),2026-09-10: 투자유의안내              (관리종목지정 우려 예고) | 2026-09-10: 단일판매ㆍ공급계약체결               | 2026-08-31: 대규모기업집단현황공시[분기별공시(개별회사용)] | 2026-08-28: 대규모기업집단현황공시[분기별공시(개별회사용)] | 2026-08-13: [첨부추가]반기보고서 (2026.06),6
제이스로보틱스,090470,-25,🚨 YES,주권매매거래정지              (단일판매공급계약),단일판매ㆍ공급계약체결              (+5),주권매매거래정지              (단일판매공급계약)(-30),2026-09-02: 주권매매거래정지              (단일판매공급계약) | 2026-09-02: 단일판매ㆍ공급계약체결               | 2026-08-14: 반기보고서 (2026.06),3
휴림에이텍,078590,-25,🚨 YES,[기재정정]주요사항보고서(유상증자결정) | [기재정정]주요사항보고서(유상증자결정),주식소각결정              (+5),[기재정정]주요사항보고서(유상증자결정)(-15) | [기재정정]주요사항보고서(유상증자결정)(-15),2026-09-07: [기재정정]주요사항보고서(유상증자결정) | 2026-09-03: 정정신고서제출요구( 2026.08.21. 제출 증권신고서(지분증권) ) | 2026-08-27: [기재정정]주주총회소집결의              (임시주주총회) | 2026-08-26: 임원ㆍ주요주주특정증권등거래계획보고서 | 2026-08-21: [정정제출요구][기재정정]증권신고서(지분증권),8
케이피항공산업,288180,-25,🚨 YES,주권매매거래정지              (단일판매공급계약),단일판매ㆍ공급계약체결              (+5),주권매매거래정지              (단일판매공급계약)(-30),2026-08-18: 단일판매ㆍ공급계약체결               | 2026-08-18: 주권매매거래정지              (단일판매공급계약) | 2026-08-14: 반기보고서 (2026.06),3
국영지앤엠,006050,-25,🚨 YES,주권매매거래정지해제              (액면병합 주권 변경상장),주요사항보고서(자기주식취득결정)(+5),주권매매거래정지해제              (액면병합 주권 변경상장)(-30),2026-09-10: 주요사항보고서(자기주식취득결정) | 2026-08-28: 주식등의대량보유상황보고서(일반) | 2026-08-28: 임원ㆍ주요주주특정증권등소유상황보고서 | 2026-08-28: 임원ㆍ주요주주특정증권등소유상황보고서 | 2026-08-26: 주권매매거래정지해제              (액면병합 주권 변경상장),6
카카오,035720,-24,🚨 YES,매매거래정지및정지해제(중요내용공시)              ,[첨부정정]주요사항보고서(회사합병결정)(+3) | 주요사항보고서(회사합병결정)(+3),매매거래정지및정지해제(중요내용공시)              (-30),2026-09-09: 기업설명회(IR)개최(안내공시)               | 2026-08-26: 대규모기업집단현황공시[분기별공시(대표회사용)] | 2026-08-26: 기업설명회(IR)개최(안내공시)               | 2026-08-24: [첨부정정]주요사항보고서(회사합병결정) | 2026-08-21: 기업가치제고계획(자율공시)              ,20
SK아이이테크놀로지,361610,-24,🚨 YES,매매거래정지및정지해제(중요내용공시)              ,[정정명령부과][첨부정정]주요사항보고서(회사합병결정)(+3) | 주요사항보고서(회사합병결정)(+3),매매거래정지및정지해제(중요내용공시)              (-30),2026-09-10: [기재정정]타법인주식및출자증권처분결정               | 2026-09-09: 기업설명회(IR)개최(안내공시)               | 2026-09-09: [기재정정]기업설명회(IR)개최(안내공시)               | 2026-09-04: 정정명령부과( 2026.08.26. 제출 주요사항보고서(회사합병 결정) ) | 2026-08-28: 대규모기업집단현황공시[분기별공시(개별회사용)],14
리파인,377450,-20,OK,,,최대주주변경을수반하는주식담보제공계약체결              (-5) | 최대주주변경을수반하는주식담보제공계약해제ㆍ취소등              (-5) | [기재정정]최대주주변경을수반하는주식담보제공계약체결              (-5) | 최대주주변경을수반하는주식담보제공계약체결              (-5),2026-09-01: 주식등의대량보유상황보고서(일반) | 2026-08-27: 최대주주변경을수반하는주식담보제공계약체결               | 2026-08-27: 최대주주변경을수반하는주식담보제공계약해제ㆍ취소등               | 2026-08-25: [기재정정]최대주주변경을수반하는주식담보제공계약체결               | 2026-08-25: 최대주주변경을수반하는주식담보제공계약체결              ,8
아리바이오LAB,261780,-20,🚨 YES,주요사항보고서(전환사채권발행결정),,주요사항보고서(전환사채권발행결정)(-15) | [기재정정]최대주주변경을수반하는주식담보제공계약체결              (-5),2026-09-09: 주요사항보고서(전환사채권발행결정) | 2026-09-09: [기재정정]최대주주변경을수반하는주식담보제공계약체결               | 2026-08-14: 반기보고서 (2026.06),3
이엠앤아이,083470,-20,🚨 YES,주요사항보고서(유상증자결정),,[기재정정]최대주주변경을수반하는주식양수도계약체결              (-5) | 주요사항보고서(유상증자결정)(-15),2026-09-07: 의결권대리행사권유참고서류 | 2026-09-07: 주주총회소집공고 | 2026-09-07: [기재정정]주주총회소집결의              (임시주주총회) | 2026-09-04: 주식등의대량보유상황보고서(일반) | 2026-09-04: 주식등의대량보유상황보고서(일반),14
엔시트론,101400,-20,🚨 YES,주요사항보고서(유상증자결정),,최대주주변경              (-5) | 주요사항보고서(유상증자결정)(-15),2026-09-09: 주식등의대량보유상황보고서(일반) | 2026-09-09: 임원ㆍ주요주주특정증권등소유상황보고서 | 2026-09-09: 주식등의대량보유상황보고서(일반) | 2026-09-03: 최대주주변경               | 2026-09-03: 증권발행결과(자율공시)              ,13
노블엠앤비,106520,-20,🚨 YES,주요사항보고서(감자결정),,주요사항보고서(감자결정)(-20),2026-09-02: 주요사항보고서(감자결정) | 2026-08-12: 주주총회소집공고,2
디앤디플랫폼리츠,377190,-20,🚨 YES,감자결정(종속회사의주요경영사항)              ,,감자결정(종속회사의주요경영사항)              (-20),2026-09-09: 임원ㆍ주요주주특정증권등소유상황보고서 | 2026-09-08: 임시주주총회결과               | 2026-09-03: 임원ㆍ주요주주특정증권등소유상황보고서 | 2026-08-27: 임원ㆍ주요주주특정증권등소유상황보고서 | 2026-08-24: 의결권대리행사권유참고서류,11
원익홀딩스,030530,-20,🚨 YES,유상증자결정(종속회사의주요경영사항)              ,,[기재정정]최대주주변경을수반하는주식담보제공계약체결              (-5) | 유상증자결정(종속회사의주요경영사항)              (-15),2026-09-04: 주식등의대량보유상황보고서(일반) | 2026-08-31: 특수관계인에대한자금대여 | 2026-08-28: [기재정정]최대주주변경을수반하는주식담보제공계약체결               | 2026-08-28: 주요사항보고서(풋백옵션등계약체결결정) | 2026-08-28: 유상증자결정(종속회사의주요경영사항)              ,8
NH올원리츠,400760,-20,🚨 YES,감자결정(종속회사의주요경영사항)              ,,감자결정(종속회사의주요경영사항)              (-20),2026-09-09: 주식등의대량보유상황보고서(약식) | 2026-09-08: 기타경영사항(자율공시)               | 2026-09-04: 의결권대리행사권유참고서류 | 2026-09-04: 주주총회소집공고 | 2026-08-21: 매출액또는손익구조30%(대규모법인은15%)이상변경              ,12
바이오비쥬,489460,-15,🚨 YES,주요사항보고서(전환사채권발행결정),,주요사항보고서(전환사채권발행결정)(-15),2026-09-10: 주요사항보고서(전환사채권발행결정) | 2026-08-12: 반기보고서 (2026.06),2
핑거,163730,-15,🚨 YES,주요사항보고서(전환사채권발행결정),,주요사항보고서(전환사채권발행결정)(-15),2026-08-31: 타법인주식및출자증권취득결정(종속회사의주요경영사항)               | 2026-08-31: 증권발행결과(자율공시)               | 2026-08-28: 주식등의대량보유상황보고서(약식) | 2026-08-24: [기재정정]주요사항보고서(타법인주식및출자증권양수결정) | 2026-08-21: 주요사항보고서(전환사채권발행결정),9
아이티센씨티에스,031820,-15,🚨 YES,주요사항보고서(전환사채권발행결정),,주요사항보고서(전환사채권발행결정)(-15),2026-09-03: 주식등의대량보유상황보고서(일반) | 2026-09-03: 임원ㆍ주요주주특정증권등소유상황보고서 | 2026-08-31: 주요사항보고서(전환사채권발행결정) | 2026-08-13: 반기보고서 (2026.06),4
제이아이테크,417500,-15,🚨 YES,주요사항보고서(유상증자결정),,주요사항보고서(유상증자결정)(-15),2026-08-14: 주요사항보고서(유상증자결정),1
LIG디펜스앤에어로스페이스,079550,-15,🚨 YES,[기재정정]주요사항보고서(유상증자결정),,[기재정정]주요사항보고서(유상증자결정)(-15),2026-09-04: [기재정정]주요사항보고서(유상증자결정) | 2026-09-01: 임원ㆍ주요주주특정증권등소유상황보고서 | 2026-08-28: 주식등의대량보유상황보고서(일반) | 2026-08-28: 대규모기업집단현황공시[분기별공시(개별회사용)] | 2026-08-14: [첨부추가]반기보고서 (2026.06),8
경남제약,053950,-15,🚨 YES,[기재정정]주요사항보고서(유상증자결정),,[기재정정]주요사항보고서(유상증자결정)(-15),2026-09-07: [기재정정]증권신고서(지분증권) | 2026-09-07: [기재정정]주주명부폐쇄기간또는기준일설정               | 2026-09-07: [기재정정]주요사항보고서(유상증자결정) | 2026-08-20: 주식등의대량보유상황보고서(일반) | 2026-08-14: 반기보고서 (2026.06),5
GRT,900290,-15,🚨 YES,[첨부정정]주요사항보고서(유상증자결정),,[첨부정정]주요사항보고서(유상증자결정)(-15),2026-09-03: [첨부정정]주요사항보고서(유상증자결정) | 2026-09-01: 타인에대한담보제공결정(자회사의 주요경영사항)               | 2026-09-01: 타인에대한채무보증결정(자회사의 주요경영사항)               | 2026-09-01: 타인에대한채무보증결정(자회사의 주요경영사항)               | 2026-09-01: 타인에대한채무보증결정(자회사의 주요경영사항)              ,5
풍원정밀,371950,-15,🚨 YES,주요사항보고서(유상증자결정),,주요사항보고서(유상증자결정)(-15),2026-09-01: 주식등의대량보유상황보고서(일반) | 2026-08-31: 단기차입금감소결정(자율공시)               | 2026-08-24: [기재정정]반기보고서 (2026.06) | 2026-08-24: 소액공모실적보고서 | 2026-08-24: 증권발행결과(자율공시)              ,9
솔루엠,248070,-15,🚨 YES,유상증자결정(종속회사의주요경영사항)              ,,유상증자결정(종속회사의주요경영사항)              (-15),2026-08-28: 최대주주등소유주식변동신고서               | 2026-08-28: 주식등의대량보유상황보고서(일반) | 2026-08-28: 임원ㆍ주요주주특정증권등소유상황보고서 | 2026-08-14: [기재정정]타법인주식및출자증권취득결정(자율공시)(종속회사의주요경영사항)               | 2026-08-14: 기업설명회(IR)개최(안내공시)              ,10
씨피시스템,413630,-15,🚨 YES,주요사항보고서(전환사채권발행결정),,주요사항보고서(전환사채권발행결정)(-15),2026-09-03: 증권발행결과(자율공시)              (제2회차 CB) | 2026-08-26: 주요사항보고서(전환사채권발행결정) | 2026-08-24: 주요사항보고서(유형자산양수결정) | 2026-08-13: 반기보고서 (2026.06),4
뷰노,338220,-15,🚨 YES,주요사항보고서(유상증자결정),,주요사항보고서(유상증자결정)(-15),2026-09-04: 주식등의대량보유상황보고서(일반) | 2026-09-04: 합병등종료보고서(자산양수도) | 2026-08-28: 증권신고서(지분증권) | 2026-08-28: 주요사항보고서(유상증자결정) | 2026-08-26: 전환사채(해외전환사채포함)발행후만기전사채취득              ,6
GMI벤처,019570,-15,🚨 YES,주요사항보고서(유상증자결정),,주요사항보고서(유상증자결정)(-15),2026-09-10: 주요사항보고서(유상증자결정) | 2026-09-01: [기재정정]전환가액의조정               | 2026-08-31: 전환가액의조정               | 2026-08-14: 주식등의대량보유상황보고서(약식) | 2026-08-14: 반기보고서 (2026.06),6
아이오케이이엔엠,078860,-15,🚨 YES,[기재정정]주요사항보고서(유상증자결정),,[기재정정]주요사항보고서(유상증자결정)(-15),2026-09-10: 전환가액의조정              (제22회차) | 2026-09-04: [기재정정]주주총회소집결의               | 2026-08-31: [기재정정]주요사항보고서(유상증자결정) | 2026-08-14: 반기보고서 (2026.06),4
한탑,002680,-15,🚨 YES,주요사항보고서(유상증자결정),,주요사항보고서(유상증자결정)(-15),2026-09-10: 임원ㆍ주요주주특정증권등거래계획보고서 | 2026-09-09: [기재정정]벌금등의부과               | 2026-09-08: 주식등의대량보유상황보고서(일반) | 2026-09-08: 임원ㆍ주요주주특정증권등소유상황보고서 | 2026-08-31: 증권발행결과(자율공시)              (제3자배정 유상증자),9
퀀텀레일,070300,-15,🚨 YES,[기재정정]주요사항보고서(전환사채권발행결정),,[기재정정]주요사항보고서(전환사채권발행결정)(-15),2026-09-10: [기재정정]금전대여결정               | 2026-08-27: [기재정정]주요사항보고서(전환사채권발행결정) | 2026-08-14: 파생상품거래손실발생               | 2026-08-14: 반기보고서 (2026.06),4
진원생명과학,011000,-15,🚨 YES,[기재정정]주요사항보고서(유상증자결정),,[기재정정]주요사항보고서(유상증자결정)(-15),2026-09-04: 불성실공시법인지정               | 2026-09-02: [기재정정]타인에대한채무보증결정               | 2026-08-31: 기타시장안내              (개선계획서 제출) | 2026-08-24: [기재정정]주요사항보고서(유상증자결정) | 2026-08-14: 반기보고서 (2026.06),6
피노,033790,-15,🚨 YES,주요사항보고서(유상증자결정),,주요사항보고서(유상증자결정)(-15),2026-09-07: 증권발행결과(자율공시)              (제3자배정 유상증자) | 2026-08-28: 주요사항보고서(유상증자결정) | 2026-08-14: 반기보고서 (2026.06),3
스타코링크,060240,-15,🚨 YES,[기재정정]주요사항보고서(유상증자결정),,[기재정정]주요사항보고서(유상증자결정)(-15),2026-08-26: [기재정정]주요사항보고서(유상증자결정) | 2026-08-14: 반기보고서 (2026.06),2
넥써쓰,205500,-15,🚨 YES,주요사항보고서(유상증자결정),,주요사항보고서(유상증자결정)(-15),2026-09-10: 주요사항보고서(유상증자결정) | 2026-09-10: 주식등의대량보유상황보고서(일반) | 2026-08-21: 주식등의대량보유상황보고서(일반) | 2026-08-21: 임원ㆍ주요주주특정증권등소유상황보고서 | 2026-08-19: [기재정정]주식매수선택권부여에관한신고,7
덕성,004830,-15,🚨 YES,유상증자결정(종속회사의주요경영사항)              ,,유상증자결정(종속회사의주요경영사항)              (-15),2026-09-09: 타법인주식및출자증권취득결정               | 2026-09-09: 유상증자결정(종속회사의주요경영사항)               | 2026-08-28: [기재정정]타법인주식및출자증권취득결정               | 2026-08-14: 반기보고서 (2026.06),4
엠투엔,033310,-15,OK,,,[기재정정]최대주주변경을수반하는주식담보제공계약체결              (-5) | [기재정정]최대주주변경을수반하는주식담보제공계약체결              (-5) | [기재정정]최대주주변경을수반하는주식담보제공계약체결              (-5),2026-09-09: [기재정정]최대주주변경을수반하는주식담보제공계약체결               | 2026-09-07: [기재정정]최대주주변경을수반하는주식담보제공계약체결               | 2026-08-25: 주식등의대량보유상황보고서(일반) | 2026-08-18: [기재정정]최대주주변경을수반하는주식담보제공계약체결               | 2026-08-14: 주식등의대량보유상황보고서(일반),6
애경케미칼,161000,-15,🚨 YES,[기재정정]유상증자결정(종속회사의주요경영사항)              ,,[기재정정]유상증자결정(종속회사의주요경영사항)              (-15),2026-08-31: 대규모기업집단현황공시[분기별공시(개별회사용)] | 2026-08-31: [기재정정]타법인주식및출자증권취득결정               | 2026-08-31: [기재정정]유상증자결정(종속회사의주요경영사항)               | 2026-08-14: 대표이사(대표집행임원)변경(안내공시)               | 2026-08-14: 임시주주총회결과              ,7
비케이홀딩스,050090,-15,🚨 YES,주요사항보고서(유상증자결정),,주요사항보고서(유상증자결정)(-15),2026-09-03: 주요사항보고서(유상증자결정) | 2026-09-03: 의결권대리행사권유참고서류 | 2026-09-03: 주주총회소집공고 | 2026-09-03: [기재정정]주주총회소집결의              (임시주주총회) | 2026-08-14: 반기보고서 (2026.06),8
HLB제약,047920,-15,🚨 YES,[기재정정]주요사항보고서(유상증자결정),,[기재정정]주요사항보고서(유상증자결정)(-15),2026-09-09: 주식등의대량보유상황보고서(일반) | 2026-09-08: [기재정정]투자설명서 | 2026-09-08: [발행조건확정]증권신고서(지분증권) | 2026-09-08: [기재정정]주요사항보고서(유상증자결정) | 2026-09-08: 유상증자최종발행가액확정              ,17
엔비알모션,0004V0,-15,🚨 YES,주요사항보고서(전환사채권발행결정),,주요사항보고서(전환사채권발행결정)(-15),2026-09-04: 주요사항보고서(전환사채매수선택권행사자지정) | 2026-09-04: 주요사항보고서(전환사채권발행결정) | 2026-08-14: 반기보고서 (2026.06),3
아이텍,119830,-15,🚨 YES,[기재정정]주요사항보고서(유상증자결정),,[기재정정]주요사항보고서(유상증자결정)(-15),2026-08-31: [기재정정]주요사항보고서(유상증자결정) | 2026-08-14: 반기보고서 (2026.06) | 2026-08-11: 전환가액의조정              ,3
에코글로우,159910,-15,🚨 YES,주요사항보고서(유상증자결정),,주요사항보고서(유상증자결정)(-15),2026-08-26: 주요사항보고서(유상증자결정) | 2026-08-21: 주요사항보고서(자기전환사채매도결정) | 2026-08-14: 반기보고서 (2026.06),3
삼부토건,001470,-15,🚨 YES,[기재정정]주요사항보고서(유상증자결정),,[기재정정]주요사항보고서(유상증자결정)(-15),2026-09-10: [기재정정]주요사항보고서(영업정지) | 2026-09-08: [기재정정]주요사항보고서(영업정지) | 2026-09-08: [기재정정]주요사항보고서(유상증자결정) | 2026-09-07: 주주명부폐쇄기간또는기준일설정               | 2026-09-07: 주주총회소집결의              ,12
노드메이슨,317860,-15,🚨 YES,[기재정정]주요사항보고서(전환사채권발행결정),,[기재정정]주요사항보고서(전환사채권발행결정)(-15),2026-09-02: 임원ㆍ주요주주특정증권등소유상황보고서 | 2026-09-02: 전환가액의조정              (제1회차) | 2026-08-26: [기재정정]주요사항보고서(전환사채권발행결정),3
삼성제약,001360,-15,🚨 YES,주요사항보고서(전환사채권발행결정),,주요사항보고서(전환사채권발행결정)(-15),2026-09-02: 주요사항보고서(전환사채권발행결정) | 2026-08-25: 주식등의대량보유상황보고서(약식) | 2026-08-14: 반기보고서 (2026.06) | 2026-08-12: 주요사항보고서(자기전환사채만기전취득결정),4
진코스텍,250030,-15,🚨 YES,주요사항보고서(유상증자결정),,주요사항보고서(유상증자결정)(-15),2026-09-10: [기재정정]증권신고서(지분증권) | 2026-08-27: 주요사항보고서(유상증자결정) | 2026-08-27: 증권신고서(지분증권) | 2026-08-14: 반기보고서 (2026.06) | 2026-08-12: [첨부추가]기타주요경영사항(자율공시)              ,5
시지트로닉스,429270,-15,🚨 YES,주요사항보고서(유상증자결정),,주요사항보고서(유상증자결정)(-15),2026-09-10: 유상증자또는주식관련사채등의청약결과(자율공시)               | 2026-09-07: 주식등의대량보유상황보고서(일반) | 2026-09-04: 소액공모공시서류(지분증권) | 2026-09-04: 주요사항보고서(유상증자결정) | 2026-08-14: 주식등의대량보유상황보고서(일반),6
아이엠티,451220,-15,🚨 YES,주요사항보고서(전환사채권발행결정),,주요사항보고서(전환사채권발행결정)(-15),2026-09-07: 주식등의대량보유상황보고서(약식) | 2026-08-31: 신주인수권부사채(해외신주인수권부사채포함)발행후만기전사채취득              (제4회차) | 2026-08-28: 증권발행결과(자율공시)              (제6회차 CB) | 2026-08-20: 주요사항보고서(전환사채권발행결정) | 2026-08-14: 반기보고서 (2026.06),5
제이앤티씨,204270,-15,🚨 YES,유상증자결정(종속회사의주요경영사항)              ,,유상증자결정(종속회사의주요경영사항)              (-15),2026-09-10: 타법인주식및출자증권취득결정               | 2026-09-10: 유상증자결정(종속회사의주요경영사항)               | 2026-09-03: 주식등의대량보유상황보고서(일반) | 2026-08-14: [기재정정]반기보고서 (2026.06) | 2026-08-14: 반기보고서 (2026.06),5
엑스페릭스,317770,-15,🚨 YES,[기재정정]주요사항보고서(전환사채권발행결정),,[기재정정]주요사항보고서(전환사채권발행결정)(-15),2026-08-24: 전환가액의조정              (제4회차) | 2026-08-18: [기재정정]주요사항보고서(전환사채권발행결정) | 2026-08-14: 반기보고서 (2026.06),3
에코프로,086520,-15,🚨 YES,[기재정정]유상증자결정(종속회사의주요경영사항)              ,,[기재정정]유상증자결정(종속회사의주요경영사항)              (-15),2026-09-08: 주식등의대량보유상황보고서(일반) | 2026-09-02: [기재정정]유상증자결정(종속회사의주요경영사항)               | 2026-09-02: 주식등의대량보유상황보고서(일반) | 2026-08-27: 특수관계인에대한자금대여 | 2026-08-27: 대규모기업집단현황공시[분기별공시(대표회사용)],9
에코프로비엠,247540,-15,🚨 YES,[기재정정]주요사항보고서(유상증자결정),,[기재정정]주요사항보고서(유상증자결정)(-15),2026-09-08: 주식등의대량보유상황보고서(일반) | 2026-09-04: 기업설명회(IR)개최               | 2026-09-04: 기업설명회(IR)개최               | 2026-09-02: 권리락              (유상증자) | 2026-09-02: 투자설명서,17
상지건설,042940,-15,🚨 YES,[기재정정]주요사항보고서(유상증자결정),,[기재정정]주요사항보고서(유상증자결정)(-15),2026-09-04: [기재정정]증권신고서(지분증권) | 2026-09-04: [기재정정]주요사항보고서(유상증자결정) | 2026-08-14: [첨부추가]반기보고서 (2026.06) | 2026-08-18: [기재정정]반기보고서 (2026.06) | 2026-08-14: [기재정정]반기보고서 (2026.06),5
AK홀딩스,006840,-15,🚨 YES,[기재정정]유상증자결정(종속회사의주요경영사항)              ,,[기재정정]유상증자결정(종속회사의주요경영사항)              (-15),2026-09-07: 주식등의대량보유상황보고서(일반) | 2026-08-31: [기재정정]타법인주식및출자증권취득결정(자회사의 주요경영사항)               | 2026-08-31: [기재정정]유상증자결정(종속회사의주요경영사항)               | 2026-08-31: [기재정정]유형자산처분결정(자회사의 주요경영사항)               | 2026-08-26: 특수관계인에대한출자,12
큐브엔터,182360,-15,🚨 YES,[기재정정]주요사항보고서(유상증자결정),,[기재정정]주요사항보고서(유상증자결정)(-15),2026-08-31: [기재정정]주요사항보고서(유상증자결정) | 2026-08-13: 반기보고서 (2026.06) | 2026-08-13: 전환사채(해외전환사채포함)발행후만기전사채취득              ,3
알엔투테크놀로지,148250,-15,🚨 YES,[기재정정]주요사항보고서(유상증자결정),,[기재정정]주요사항보고서(유상증자결정)(-15),2026-09-10: 소송등의판결ㆍ결정              (경영권 분쟁 소송)(직무집행정지등 가처분)) | 2026-09-08: 주요사항보고서(자기전환사채만기전취득결정) | 2026-09-03: [기재정정]타법인주식및출자증권처분결정               | 2026-09-01: 소송등의판결ㆍ결정              (경영권 분쟁 소송)(임시총회소집허가) | 2026-08-31: 임시주주총회결과              ,14
쌍방울,102280,-15,🚨 YES,[기재정정]주요사항보고서(전환사채권발행결정),,[기재정정]주요사항보고서(전환사채권발행결정)(-15),2026-08-14: 반기보고서 (2026.06) | 2026-08-14: [기재정정]주요사항보고서(전환사채권발행결정),2
MDS스피어,009810,-15,🚨 YES,[기재정정]주요사항보고서(유상증자결정),,[기재정정]주요사항보고서(유상증자결정)(-15),2026-09-10: 주요사항보고서(자기전환사채만기전취득결정) | 2026-09-04: 임원ㆍ주요주주특정증권등소유상황보고서 | 2026-09-04: 임원ㆍ주요주주특정증권등소유상황보고서 | 2026-09-04: 최대주주등소유주식변동신고서               | 2026-09-04: 주식등의대량보유상황보고서(일반),9
시선AI,340810,-15,🚨 YES,[기재정정]주요사항보고서(유상증자결정),,[기재정정]주요사항보고서(유상증자결정)(-15),2026-09-01: 주요사항보고서(자기전환사채만기전취득결정) | 2026-08-31: 전환가액의조정               | 2026-08-18: [기재정정]소액공모실적보고서 | 2026-08-18: [기재정정]소액공모공시서류(지분증권) | 2026-08-18: [기재정정]증권발행결과(자율공시)              ,10
HD건설기계,267270,-15,🚨 YES,유상증자결정(종속회사의주요경영사항)              ,,유상증자결정(종속회사의주요경영사항)              (-15),2026-08-31: 유상증자결정(종속회사의주요경영사항)               | 2026-08-28: 대규모기업집단현황공시[분기별공시(개별회사용)] | 2026-08-14: 반기보고서 (2026.06) | 2026-08-13: 동일인등출자계열회사와의상품ㆍ용역거래변경 | 2026-08-13: 지급수단별ㆍ지급기간별지급금액및분쟁조정기구에관한사항,6
오가닉티코스메틱,900300,-15,🚨 YES,주요사항보고서(유상증자결정),,주요사항보고서(유상증자결정)(-15),2026-09-04: 임시주주총회결과               | 2026-08-31: 반기보고서 (2026.06) | 2026-08-20: 주주총회소집공고 | 2026-08-20: 주요사항보고서(유상증자결정) | 2026-08-20: [기재정정]주주총회소집결의              ,5
KX하이텍,052900,-15,🚨 YES,주요사항보고서(전환사채권발행결정),,주요사항보고서(전환사채권발행결정)(-15),2026-09-08: 주식등의대량보유상황보고서(약식) | 2026-08-27: 증권발행결과(자율공시)               | 2026-08-19: 금전대여결정(자율공시)               | 2026-08-19: 주요사항보고서(전환사채권발행결정) | 2026-08-14: 반기보고서 (2026.06),5
계양전기,012200,-15,🚨 YES,[기재정정]주요사항보고서(유상증자결정),,[기재정정]주요사항보고서(유상증자결정)(-15),2026-09-10: 유상증자또는주식관련사채등의청약결과(자율공시)               | 2026-09-07: 유상증자또는주식관련사채등의청약결과(자율공시)               | 2026-09-01: [기재정정]투자설명서 | 2026-09-01: [발행조건확정]증권신고서(지분증권) | 2026-09-01: [기재정정]주요사항보고서(유상증자결정),12
에이럭스,475580,-15,🚨 YES,[기재정정]유상증자결정(종속회사의주요경영사항)              ,,[기재정정]유상증자결정(종속회사의주요경영사항)              (-15),2026-08-18: [기재정정]유상증자결정(종속회사의주요경영사항)               | 2026-08-18: [기재정정]타법인주식및출자증권취득결정               | 2026-08-18: [기재정정]타법인주식및출자증권처분결정               | 2026-08-14: [기재정정]반기보고서 (2026.06) | 2026-08-14: 반기보고서 (2026.06),5
HLB이노베이션,024850,-15,🚨 YES,주요사항보고서(유상증자결정),,주요사항보고서(유상증자결정)(-15),2026-09-08: 임원ㆍ주요주주특정증권등소유상황보고서 | 2026-09-08: 단기차입금감소결정(자율공시)               | 2026-09-07: 증권발행결과(자율공시)               | 2026-09-04: 합병등종료보고서(자산양수도) | 2026-09-04: 주식등의대량보유상황보고서(일반),17
유티아이,179900,-15,🚨 YES,[기재정정]주요사항보고서(전환사채권발행결정),,[기재정정]주요사항보고서(전환사채권발행결정)(-15),2026-09-08: 대표이사변경               | 2026-09-08: 금전대여결정               | 2026-09-07: [기재정정]주주총회소집결의              (임시주주총회) | 2026-09-07: 전환가액의조정              (제3회차) | 2026-08-24: [기재정정]주주총회소집결의              (임시주주총회),12
테라사이언스,073640,-15,🚨 YES,[기재정정]주요사항보고서(유상증자결정),,[기재정정]주요사항보고서(유상증자결정)(-15),2026-09-02: [기재정정]타법인주식및출자증권처분결정(자율공시)               | 2026-09-02: [기재정정]타법인주식및출자증권처분결정              (철회) | 2026-09-02: [기재정정]주요사항보고서(타법인주식및출자증권양도결정) | 2026-09-01: 합병등종료보고서(자산양수도) | 2026-08-31: [기재정정]주요사항보고서(유형자산양도결정),12
SKAI,357880,-15,🚨 YES,주요사항보고서(유상증자결정),,주요사항보고서(유상증자결정)(-15),2026-09-10: 소액공모공시서류(지분증권) | 2026-09-09: 주요사항보고서(유상증자결정) | 2026-08-14: 임원ㆍ주요주주특정증권등소유상황보고서 | 2026-08-14: 주식등의대량보유상황보고서(일반) | 2026-08-14: 반기보고서 (2026.06),5
동방,004140,-15,🚨 YES,주요사항보고서(전환사채권발행결정),,주요사항보고서(전환사채권발행결정)(-15),2026-09-02: 주식등의대량보유상황보고서(약식) | 2026-08-28: 유상증자또는주식관련사채등의발행결과(자율공시)               | 2026-08-20: 주요사항보고서(전환사채권발행결정) | 2026-08-14: 반기보고서 (2026.06),4
에이프로젠바이오로직스,003060,-15,🚨 YES,주요사항보고서(유상증자결정),,주요사항보고서(유상증자결정)(-15),2026-09-03: 주요사항보고서(유상증자결정) | 2026-09-02: 임원ㆍ주요주주특정증권등소유상황보고서 | 2026-09-02: 주식등의대량보유상황보고서(일반) | 2026-09-02: 주식등의대량보유상황보고서(약식) | 2026-08-21: 주식등의대량보유상황보고서(일반),7
SKC,011790,-15,🚨 YES,유상증자결정(종속회사의주요경영사항)              ,,유상증자결정(종속회사의주요경영사항)              (-15),2026-09-10: 타법인주식및출자증권취득결정(종속회사의주요경영사항)               | 2026-09-04: 타법인주식및출자증권취득결정               | 2026-08-27: 대규모기업집단현황공시[분기별공시(개별회사용)] | 2026-08-27: 임원ㆍ주요주주특정증권등소유상황보고서 | 2026-08-21: 유상증자결정(종속회사의주요경영사항)              ,8
클로봇,466100,-15,🚨 YES,[기재정정]주요사항보고서(유상증자결정),,[기재정정]주요사항보고서(유상증자결정)(-15),2026-09-09: 주식등의대량보유상황보고서(약식) | 2026-08-31: [기재정정]주요사항보고서(타법인주식및출자증권양수결정) | 2026-08-28: 주식등의대량보유상황보고서(일반) | 2026-08-28: 임원ㆍ주요주주특정증권등소유상황보고서 | 2026-08-28: 임원ㆍ주요주주특정증권등소유상황보고서,19
아이에이,038880,-15,🚨 YES,주요사항보고서(유상증자결정),,주요사항보고서(유상증자결정)(-15),2026-09-04: 임원ㆍ주요주주특정증권등소유상황보고서 | 2026-08-28: 임원ㆍ주요주주특정증권등소유상황보고서 | 2026-08-27: 정정신고서제출요구( 2026.08.18. 제출 증권신고서(지분증권) ) | 2026-08-21: 임원ㆍ주요주주특정증권등소유상황보고서 | 2026-08-18: 주주명부폐쇄기간또는기준일설정              ,10
네이처셀,007390,-15,🚨 YES,유상증자결정(종속회사의주요경영사항)              ,,유상증자결정(종속회사의주요경영사항)              (-15),2026-08-26: 타법인주식및출자증권취득결정               | 2026-08-26: 유상증자결정(종속회사의주요경영사항)               | 2026-08-14: 반기보고서 (2026.06),3
롯데지주,004990,-15,🚨 YES,[기재정정]유상증자결정(종속회사의주요경영사항)              ,,[기재정정]유상증자결정(종속회사의주요경영사항)              (-15),2026-09-03: 증권발행실적보고서 | 2026-09-03: 투자설명서 | 2026-09-02: [발행조건확정]증권신고서(채무증권) | 2026-09-02: [기재정정]타인에대한채무보증결정(자회사의 주요경영사항)               | 2026-09-02: [기재정정]증권신고서(채무증권),17
코아시아,045970,-15,🚨 YES,유상증자결정(종속회사의주요경영사항)              ,,유상증자결정(종속회사의주요경영사항)              (-15),2026-08-28: 주식등의대량보유상황보고서(일반) | 2026-08-14: 반기보고서 (2026.06) | 2026-08-13: 유상증자결정(종속회사의주요경영사항)              ,3
아이엘,307180,-15,🚨 YES,주요사항보고서(전환사채권발행결정),,주요사항보고서(전환사채권발행결정)(-15),2026-09-10: 주요사항보고서(전환사채권발행결정) | 2026-09-10: 타법인주식및출자증권취득결정               | 2026-09-01: 주식매수선택권부여에관한신고 | 2026-08-25: 임원ㆍ주요주주특정증권등소유상황보고서 | 2026-08-19: 주식매수선택권부여에관한신고,8
신화프리텍,095190,-15,🚨 YES,주요사항보고서(전환사채권발행결정),,주요사항보고서(전환사채권발행결정)(-15),2026-09-09: 증권발행결과(자율공시)               | 2026-09-01: 주요사항보고서(전환사채권발행결정) | 2026-08-14: 반기보고서 (2026.06),3
엔젠바이오,354200,-15,🚨 YES,[기재정정]주요사항보고서(유상증자결정),,[기재정정]주요사항보고서(유상증자결정)(-15),2026-09-07: [기재정정]투자설명서 | 2026-09-07: [발행조건확정]증권신고서(지분증권) | 2026-09-07: [기재정정]주요사항보고서(유상증자결정) | 2026-09-07: 유상증자최종발행가액확정               | 2026-09-04: 효력발생안내( 2026.8.20. 제출 증권신고서(지분증권) ),11
바른손이앤에이,035620,-15,🚨 YES,주요사항보고서(유상증자결정),,주요사항보고서(유상증자결정)(-15),2026-09-09: 주요사항보고서(유상증자결정) | 2026-08-14: 반기보고서 (2026.06),2
큐리언트,115180,-15,🚨 YES,주요사항보고서(유상증자결정),,주요사항보고서(유상증자결정)(-15),2026-09-07: 기업설명회(IR)개최               | 2026-09-04: 기업설명회(IR)개최               | 2026-09-04: 증권신고서(지분증권) | 2026-09-04: 주요사항보고서(유상증자결정) | 2026-08-18: [기재정정]투자판단관련주요경영사항(임상시험계획승인신청등결정)              (만성 이식편대숙주질환 환자 대상 Q702 단독치료요법의 스페인 임상 제1b상 임상시험계획 승인),6
일월지엠엘,178780,-15,🚨 YES,주요사항보고서(유상증자결정),,주요사항보고서(유상증자결정)(-15),2026-09-01: 주식등의대량보유상황보고서(일반) | 2026-08-28: 주요사항보고서(유상증자결정) | 2026-08-20: 임시주주총회결과               | 2026-08-19: 주식등의대량보유상황보고서(일반) | 2026-08-13: 반기보고서 (2026.06),5
우성머티리얼스,011300,-15,🚨 YES,주요사항보고서(유상증자결정),,주요사항보고서(유상증자결정)(-15),2026-09-10: 주요사항보고서(유상증자결정) | 2026-09-10: 임원ㆍ주요주주특정증권등소유상황보고서 | 2026-09-10: 주식등의대량보유상황보고서(약식) | 2026-09-07: 주식등의대량보유상황보고서(일반) | 2026-09-03: 주식등의대량보유상황보고서(일반),6
파인디앤씨,049120,-15,🚨 YES,주요사항보고서(유상증자결정),,주요사항보고서(유상증자결정)(-15),2026-09-09: 임원ㆍ주요주주특정증권등소유상황보고서 | 2026-09-07: 주요사항보고서(유상증자결정) | 2026-08-24: 주식등의대량보유상황보고서(일반) | 2026-08-19: 공개매수결과보고서 | 2026-08-14: 반기보고서 (2026.06),5
삼성FN리츠,448730,-15,🚨 YES,주요사항보고서(유상증자결정),,주요사항보고서(유상증자결정)(-15),2026-09-10: 임시주주총회결과               | 2026-09-09: 임원ㆍ주요주주특정증권등소유상황보고서 | 2026-09-03: 임원ㆍ주요주주특정증권등소유상황보고서 | 2026-08-31: 특수관계인의유상증자참여 | 2026-08-31: 대규모기업집단현황공시[분기별공시(개별회사용)],18
SK,034730,-14,OK,,[기재정정]주요사항보고서(회사합병결정)(자회사의 주요경영사항)              (+3) | 주요사항보고서(회사합병결정)(자회사의 주요경영사항)              (+3),주요사항보고서(자기주식처분결정)(자회사의 주요경영사항)              (-10) | 주요사항보고서(자기주식처분결정)(-10),2026-09-04: 최대주주등소유주식변동신고서               | 2026-08-28: 임원ㆍ주요주주특정증권등소유상황보고서 | 2026-08-28: 임원ㆍ주요주주특정증권등소유상황보고서 | 2026-08-28: 임원ㆍ주요주주특정증권등소유상황보고서 | 2026-08-28: 임원ㆍ주요주주특정증권등소유상황보고서,22
덕산네오룩스,213420,-12,🚨 YES,유상증자결정(종속회사의주요경영사항)              ,[기재정정]유형자산취득결정(자율공시)              (+3),유상증자결정(종속회사의주요경영사항)              (-15),2026-09-09: 주식등의대량보유상황보고서(약식) | 2026-09-02: 타법인주식및출자증권취득결정               | 2026-09-02: 유상증자결정(종속회사의주요경영사항)               | 2026-08-27: [기재정정]타법인주식및출자증권취득결정(종속회사의주요경영사항)               | 2026-08-14: [기재정정]유형자산취득결정(자율공시)              ,6
KG모빌리티,003620,-12,🚨 YES,주요사항보고서(전환사채권발행결정),영업(잠정)실적(공정공시)              (+3),주요사항보고서(전환사채권발행결정)(-15),2026-09-01: 영업(잠정)실적(공정공시)               | 2026-08-27: 주요사항보고서(전환사채권발행결정) | 2026-08-26: 대규모기업집단현황공시[분기별공시(개별회사용)] | 2026-08-14: 반기보고서 (2026.06) | 2026-08-14: 지급수단별ㆍ지급기간별지급금액및분쟁조정기구에관한사항,6
이마트,139480,-11,🚨 YES,감자결정(종속회사의주요경영사항)              ,영업(잠정)실적(공정공시)              (+3) | 영업(잠정)실적(공정공시)              (+3) | 연결재무제표기준영업(잠정)실적(공정공시)              (+3),감자결정(종속회사의주요경영사항)              (-20),2026-09-10: 영업(잠정)실적(공정공시)               | 2026-08-31: 대규모기업집단현황공시[분기별공시(개별회사용)] | 2026-08-28: 감자결정(종속회사의주요경영사항)               | 2026-08-14: 반기보고서 (2026.06) | 2026-08-14: 지급수단별ㆍ지급기간별지급금액및분쟁조정기구에관한사항,8
HPSP,403870,-10,OK,,,[기재정정]주요사항보고서(자기주식처분결정)(-10),2026-09-07: [기재정정]주요사항보고서(자기주식처분결정) | 2026-08-31: 주주명부폐쇄기간또는기준일설정               | 2026-08-31: 주주총회소집결의              (임시주주총회) | 2026-08-14: 반기보고서 (2026.06),4
대명에너지,389260,-10,🚨 YES,유상증자결정(종속회사의주요경영사항)              ,단일판매ㆍ공급계약체결              (+5),유상증자결정(종속회사의주요경영사항)              (-15),2026-09-08: 단일판매ㆍ공급계약체결               | 2026-09-02: 타법인주식및출자증권취득결정               | 2026-09-02: 타인에대한담보제공결정               | 2026-09-02: 유상증자결정(종속회사의주요경영사항)               | 2026-08-14: 반기보고서 (2026.06),5
어보브반도체,102120,-10,OK,,,주요사항보고서(자기주식처분결정)(-10),2026-08-25: 임원ㆍ주요주주특정증권등소유상황보고서 | 2026-08-25: 임원ㆍ주요주주특정증권등소유상황보고서 | 2026-08-25: 임원ㆍ주요주주특정증권등소유상황보고서 | 2026-08-25: 임원ㆍ주요주주특정증권등소유상황보고서 | 2026-08-25: 임원ㆍ주요주주특정증권등소유상황보고서,14
유나이티드,033270,-10,OK,,,최대주주변경              (-5) | 최대주주등소유주식변동신고서(최대주주변경시)              (-5),2026-08-14: 반기보고서 (2026.06) | 2026-08-11: 최대주주변경               | 2026-08-11: 주식등의대량보유상황보고서(일반) | 2026-08-11: 임원ㆍ주요주주특정증권등소유상황보고서 | 2026-08-11: 임원ㆍ주요주주특정증권등소유상황보고서,6
티플랙스,081150,-10,OK,,,주요사항보고서(자기주식처분결정)(-10),2026-08-31: 자기주식처분결과보고서 | 2026-08-28: 주요사항보고서(자기주식처분결정) | 2026-08-14: 반기보고서 (2026.06),3
유니크,011320,-10,OK,,,주요사항보고서(자기주식처분결정)(-10),2026-08-28: 임원ㆍ주요주주특정증권등소유상황보고서 | 2026-08-18: 자기주식처분결과보고서 | 2026-08-14: 반기보고서 (2026.06) | 2026-08-14: 임원ㆍ주요주주특정증권등거래계획보고서 | 2026-08-14: 임원ㆍ주요주주특정증권등거래계획보고서,8
코칩,126730,-10,OK,,,주요사항보고서(자기주식처분결정)(-10),2026-08-25: 임원ㆍ주요주주특정증권등소유상황보고서 | 2026-08-24: 자기주식처분결과보고서 | 2026-08-14: 주요사항보고서(자기주식처분결정) | 2026-08-13: 반기보고서 (2026.06),4
나인앤컴퍼니,366030,-10,OK,,,최대주주변경을수반하는주식담보제공계약체결              (-5) | 최대주주변경을수반하는주식담보제공계약해제ㆍ취소등              (-5),2026-08-20: 최대주주변경을수반하는주식담보제공계약체결               | 2026-08-20: 최대주주변경을수반하는주식담보제공계약해제ㆍ취소등               | 2026-08-14: 반기보고서 (2026.06) | 2026-08-12: 주식등의대량보유상황보고서(약식) | 2026-08-11: 주식등의대량보유상황보고서(약식),5
한국전자홀딩스,006200,-10,OK,,,[기재정정]주요사항보고서(자기주식처분결정)(-10),2026-08-18: [기재정정]주요사항보고서(자기주식처분결정) | 2026-08-18: [기재정정]자기주식처분결과보고서 | 2026-08-18: 자기교환사채만기전취득결정               | 2026-08-14: 반기보고서 (2026.06),4
레이,228670,-10,OK,,,[기재정정]최대주주변경을수반하는주식양수도계약체결              (-5) | 최대주주변경을수반하는주식담보제공계약해제ㆍ취소등              (-5),2026-09-09: [기재정정]최대주주변경을수반하는주식양수도계약체결               | 2026-09-01: 주주총회소집공고 | 2026-09-01: [기재정정]주주총회소집결의              (임시주주총회) | 2026-08-18: 주식등의대량보유상황보고서(일반) | 2026-08-14: 반기보고서 (2026.06),8
파버나인,177830,-10,OK,,,[기재정정]최대주주변경을수반하는주식담보제공계약체결              (-5) | [기재정정]최대주주변경을수반하는주식담보제공계약체결              (-5),2026-09-01: 주식등의대량보유상황보고서(일반) | 2026-09-01: [기재정정]최대주주변경을수반하는주식담보제공계약체결               | 2026-08-24: 신탁계약해지결과보고서 | 2026-08-14: 주식등의대량보유상황보고서(약식) | 2026-08-14: 전환사채(해외전환사채포함)발행후만기전사채취득              ,8
에프에스티,036810,-10,OK,,,주요사항보고서(자기주식처분결정)(-10),2026-08-31: 임원ㆍ주요주주특정증권등거래계획보고서 | 2026-08-31: 임원ㆍ주요주주특정증권등거래계획보고서 | 2026-08-31: 임원ㆍ주요주주특정증권등거래계획보고서 | 2026-08-27: 자기주식처분결과보고서 | 2026-08-26: 주요사항보고서(자기주식처분결정),7
농심홀딩스,072710,-10,OK,,,[기재정정]주요사항보고서(자기주식처분결정)(자회사의 주요경영사항)              (-10),2026-09-03: [기재정정]주요사항보고서(자기주식처분결정)(자회사의 주요경영사항)               | 2026-08-24: 대규모기업집단현황공시[분기별공시(개별회사용)] | 2026-08-14: 반기보고서 (2026.06) | 2026-08-14: 지급수단별ㆍ지급기간별지급금액및분쟁조정기구에관한사항,4
SK텔레콤,017670,-10,OK,,,주요사항보고서(자기주식처분결정)(-10),2026-09-01: 최대주주등소유주식변동신고서               | 2026-09-01: 자기주식처분결과보고서 | 2026-09-01: 임원ㆍ주요주주특정증권등소유상황보고서 | 2026-09-01: 임원ㆍ주요주주특정증권등소유상황보고서 | 2026-09-01: 임원ㆍ주요주주특정증권등소유상황보고서,13
SG,255220,-10,🚨 YES,[기재정정]주요사항보고서(유상증자결정),[기재정정]단일판매ㆍ공급계약체결              (+5),[기재정정]주요사항보고서(유상증자결정)(-15),2026-09-10: 유상증자또는주식관련사채등의청약결과(자율공시)               | 2026-09-09: [기재정정]단일판매ㆍ공급계약체결               | 2026-09-07: 유상증자또는주식관련사채등의청약결과(자율공시)               | 2026-09-01: [기재정정]투자설명서 | 2026-09-01: [발행조건확정]증권신고서(지분증권),14
RFHIC,218410,-10,OK,,,주요사항보고서(자기주식처분결정)(-10),2026-09-08: 주식등의대량보유상황보고서(약식) | 2026-08-18: 자기주식처분결과보고서 | 2026-08-14: 반기보고서 (2026.06) | 2026-08-11: 주요사항보고서(자기주식처분결정) | 2026-08-11: 임시주주총회결과              ,5
하이브,352820,-10,OK,,,주요사항보고서(자기주식처분결정)(-10),2026-09-04: 임원ㆍ주요주주특정증권등소유상황보고서 | 2026-08-27: 대규모기업집단현황공시[분기별공시(대표회사용)] | 2026-08-25: 주요사항보고서(자기주식처분결정) | 2026-08-14: 반기보고서 (2026.06) | 2026-08-12: 지급수단별ㆍ지급기간별지급금액및분쟁조정기구에관한사항,5
케이카,381970,-10,OK,,,최대주주등소유주식변동신고서(최대주주변경시)              (-5) | 최대주주변경              (-5),2026-09-07: 임원ㆍ주요주주특정증권등소유상황보고서 | 2026-09-07: 주식등의대량보유상황보고서(일반) | 2026-09-07: 주식등의대량보유상황보고서(일반) | 2026-09-07: 임원ㆍ주요주주특정증권등소유상황보고서 | 2026-09-04: 임원ㆍ주요주주특정증권등소유상황보고서,14
SK이터닉스,475150,-10,OK,,,최대주주등소유주식변동신고서(최대주주변경시)              (-5) | 최대주주변경              (-5),2026-09-02: [첨부정정]주요사항보고서(유형자산양도결정) | 2026-09-01: 금전대여결정               | 2026-09-01: [기재정정]주요사항보고서(유형자산양도결정) | 2026-08-27: 대규모기업집단현황공시[분기별공시(개별회사용)] | 2026-08-14: 임원ㆍ주요주주특정증권등소유상황보고서,16
제놀루션,225220,-10,OK,,,주요사항보고서(자기주식처분결정)(-10),2026-09-08: 임원ㆍ주요주주특정증권등소유상황보고서 | 2026-09-01: 주식등의대량보유상황보고서(일반) | 2026-08-27: 임원ㆍ주요주주특정증권등소유상황보고서 | 2026-08-27: 임원ㆍ주요주주특정증권등소유상황보고서 | 2026-08-27: 임원ㆍ주요주주특정증권등소유상황보고서,12
남성,004270,-10,OK,,,[기재정정]주요사항보고서(자기주식처분결정)(-10),2026-08-19: [기재정정]자기주식처분결과보고서 | 2026-08-19: [기재정정]주요사항보고서(자기주식처분결정) | 2026-08-19: 자기교환사채만기전취득결정               | 2026-08-13: 반기보고서 (2026.06),4
비나텍,126340,-10,🚨 YES,주요사항보고서(전환사채권발행결정),단일판매ㆍ공급계약체결              (+5),주요사항보고서(전환사채권발행결정)(-15),2026-09-07: 단일판매ㆍ공급계약체결               | 2026-08-26: 주식등의대량보유상황보고서(일반) | 2026-08-25: 기업설명회(IR)개최               | 2026-08-24: 증권발행결과(자율공시)               | 2026-08-14: 반기보고서 (2026.06),7
오이솔루션,138080,-10,OK,,,[기재정정]최대주주변경을수반하는주식담보제공계약체결              (-5) | [기재정정]최대주주변경을수반하는주식담보제공계약체결              (-5),2026-09-02: 주식등의대량보유상황보고서(일반) | 2026-09-02: 임원ㆍ주요주주특정증권등소유상황보고서 | 2026-08-31: [기재정정]최대주주변경을수반하는주식담보제공계약체결               | 2026-08-31: 독립이사의선임ㆍ해임또는중도퇴임에관한신고 | 2026-08-21: 주식등의대량보유상황보고서(일반),7
티와이홀딩스,363280,-10,🚨 YES,주요사항보고서(유상증자결정)(자회사의 주요경영사항)              ,[기재정정]단일판매ㆍ공급계약체결(자회사의 주요경영사항)              (+5),주요사항보고서(유상증자결정)(자회사의 주요경영사항)              (-15),2026-08-28: 대규모기업집단현황공시[분기별공시(대표회사용)] | 2026-08-27: 주요사항보고서(유상증자결정)(자회사의 주요경영사항)               | 2026-08-18: [기재정정]단일판매ㆍ공급계약체결(자회사의 주요경영사항)               | 2026-08-14: 반기보고서 (2026.06),4
토니모리,214420,-10,OK,,,최대주주변경              (-5) | 최대주주등소유주식변동신고서(최대주주변경시)              (-5),2026-09-03: 주식등의대량보유상황보고서(일반) | 2026-09-03: 임원ㆍ주요주주특정증권등소유상황보고서 | 2026-09-03: 임원ㆍ주요주주특정증권등소유상황보고서 | 2026-09-03: 최대주주변경               | 2026-09-03: 최대주주등소유주식변동신고서(최대주주변경시)              ,6
농심,004370,-10,OK,,,[기재정정]주요사항보고서(자기주식처분결정)(-10),2026-09-03: [기재정정]자기주식처분결과보고서 | 2026-09-03: [기재정정]주요사항보고서(자기주식처분결정) | 2026-08-24: 대규모기업집단현황공시[분기별공시(대표회사용)] | 2026-08-14: 반기보고서 (2026.06) | 2026-08-13: 지급수단별ㆍ지급기간별지급금액및분쟁조정기구에관한사항,5
SK디앤디,210980,-10,🚨 YES,[기재정정]주요사항보고서(유상증자결정),[기재정정]단일판매ㆍ공급계약체결              (+5),[기재정정]주요사항보고서(유상증자결정)(-15),2026-09-10: [기재정정]타인에대한채무보증결정               | 2026-09-09: [기재정정]투자설명서 | 2026-09-09: [기재정정]증권신고서(지분증권) | 2026-08-31: [기재정정]투자설명서 | 2026-08-31: [발행조건확정]증권신고서(지분증권),20
아센디오,012170,-10,🚨 YES,주요사항보고서(유상증자결정),단일판매ㆍ공급계약체결              (+5),주요사항보고서(유상증자결정)(-15),2026-09-03: 단일판매ㆍ공급계약체결               | 2026-08-25: 독립이사의선임ㆍ해임또는중도퇴임에관한신고 | 2026-08-25: 임시주주총회결과               | 2026-08-25: 대표이사(대표집행임원)변경(안내공시)               | 2026-08-24: 소송등의제기ㆍ신청(경영권분쟁소송)              ,12
써니전자,004770,-10,OK,,,최대주주등소유주식변동신고서(최대주주변경시)              (-5) | 최대주주변경              (-5),2026-09-09: 주식등의대량보유상황보고서(일반) | 2026-09-02: 최대주주등소유주식변동신고서(최대주주변경시)               | 2026-09-01: 주식등의대량보유상황보고서(일반) | 2026-09-01: 최대주주변경               | 2026-08-13: 반기보고서 (2026.06),5
노브랜드,145170,-10,OK,,,주요사항보고서(자기주식처분결정)(-10),2026-09-01: 임원ㆍ주요주주특정증권등소유상황보고서 | 2026-08-28: 자기주식처분결과보고서 | 2026-08-21: 주요사항보고서(자기주식처분결정) | 2026-08-14: 반기보고서 (2026.06),4
KG에코솔루션,151860,-9,🚨 YES,주요사항보고서(전환사채권발행결정)(자회사의 주요경영사항)              ,연결재무제표기준영업(잠정)실적(공정공시)              (+3) | 영업(잠정)실적(공정공시)              (+3),주요사항보고서(전환사채권발행결정)(자회사의 주요경영사항)              (-15),2026-08-27: [기재정정]주요사항보고서(타법인주식및출자증권양수결정)(자회사의 주요경영사항)               | 2026-08-27: 주요사항보고서(전환사채권발행결정)(자회사의 주요경영사항)               | 2026-08-27: [기재정정]타법인주식및출자증권취득결정(자회사의 주요경영사항)               | 2026-08-26: 대규모기업집단현황공시[분기별공시(개별회사용)] | 2026-08-14: 반기보고서 (2026.06),8
실리콘투,257720,-9,🚨 YES,주요사항보고서(유상증자결정),유형자산취득결정(자율공시)              (+3) | 연결재무제표기준영업(잠정)실적(공정공시)              (+3),주요사항보고서(유상증자결정)(-15),2026-09-09: 유형자산취득결정(자율공시)               | 2026-09-08: 임원ㆍ주요주주특정증권등소유상황보고서 | 2026-09-08: 기업설명회(IR)개최               | 2026-08-27: 주식등의대량보유상황보고서(약식) | 2026-08-18: 주주명부폐쇄기간또는기준일설정              ,11
KG케미칼,001390,-7,OK,,연결재무제표기준영업(잠정)실적(공정공시)              (+3),주요사항보고서(자기주식처분결정)(-10),2026-09-10: 자기주식처분결과보고서 | 2026-09-10: 최대주주등소유주식변동신고서               | 2026-09-10: 임원ㆍ주요주주특정증권등소유상황보고서 | 2026-09-10: 임원ㆍ주요주주특정증권등소유상황보고서 | 2026-09-10: 임원ㆍ주요주주특정증권등소유상황보고서,26
SK네트웍스,001740,-7,OK,,연결재무제표기준영업(잠정)실적(공정공시)              (+3),주요사항보고서(자기주식처분결정)(-10),2026-09-01: 최대주주등소유주식변동신고서               | 2026-09-01: 임원ㆍ주요주주특정증권등소유상황보고서 | 2026-08-28: 대규모기업집단현황공시[분기별공시(개별회사용)] | 2026-08-18: 최대주주등소유주식변동신고서               | 2026-08-18: 자기주식처분결과보고서,14
크레버스,096240,-5,OK,,,[기재정정]최대주주변경을수반하는주식담보제공계약체결              (-5),2026-09-03: 주식등의대량보유상황보고서(일반) | 2026-09-03: 임원ㆍ주요주주특정증권등소유상황보고서 | 2026-09-03: [기재정정]최대주주변경을수반하는주식담보제공계약체결               | 2026-08-28: 주요사항보고서(유형자산양도결정) | 2026-08-24: 임원ㆍ주요주주특정증권등소유상황보고서,6
삼성바이오로직스,207940,-5,🚨 YES,주요사항보고서(유상증자결정),[기재정정]단일판매ㆍ공급계약체결              (+5) | 단일판매ㆍ공급계약체결              (+5),주요사항보고서(유상증자결정)(-15),2026-09-10: [기재정정]단일판매ㆍ공급계약체결               | 2026-09-10: 단일판매ㆍ공급계약체결               | 2026-09-07: 최대주주등소유주식변동신고서               | 2026-09-03: [기재정정]기업설명회(IR)개최(안내공시)               | 2026-08-31: 타법인주식및출자증권취득결정(종속회사의주요경영사항)              ,13
엔켐,348370,-5,OK,,,[기재정정]최대주주변경을수반하는주식담보제공계약체결              (-5),2026-09-09: 주식등의대량보유상황보고서(약식) | 2026-08-31: [기재정정]타인에대한담보제공결정               | 2026-08-31: [기재정정]타인에대한채무보증결정               | 2026-08-31: 전환가액의조정              (제17회차) | 2026-08-31: 전환가액의조정              (제16회차),11
앱튼,270520,-5,OK,,,[기재정정]최대주주변경을수반하는주식담보제공계약체결              (-5),2026-09-10: 주식등의대량보유상황보고서(약식) | 2026-09-10: 주식등의대량보유상황보고서(약식) | 2026-09-10: [기재정정]주식등의대량보유상황보고서(약식) | 2026-09-04: [기재정정]최대주주변경을수반하는주식담보제공계약체결               | 2026-08-28: 주주총회소집공고,12
에이프릴바이오,397030,-5,OK,,,[기재정정]최대주주변경              (-5),2026-09-09: 주식등의대량보유상황보고서(약식) | 2026-09-07: 주주총회소집공고 | 2026-09-07: [기재정정]주주총회소집결의              (임시주주총회) | 2026-08-28: 임원ㆍ주요주주특정증권등소유상황보고서 | 2026-08-26: 주식등의대량보유상황보고서(일반),13
아바코,083930,-5,OK,,,최대주주변경              (-5),2026-08-27: 임원ㆍ주요주주특정증권등소유상황보고서 | 2026-08-27: 임원ㆍ주요주주특정증권등소유상황보고서 | 2026-08-26: 주식등의대량보유상황보고서(일반) | 2026-08-26: 주식등의대량보유상황보고서(일반) | 2026-08-21: 최대주주변경              ,6
케이엔제이,272110,-5,OK,,,최대주주변경을수반하는주식담보제공계약해제ㆍ취소등              (-5),2026-09-02: 주요사항보고서(자기주식취득신탁계약체결결정) | 2026-08-25: 기업설명회(IR)개최               | 2026-08-13: [기재정정]반기보고서 (2026.06) | 2026-08-13: 반기보고서 (2026.06) | 2026-08-11: 최대주주변경을수반하는주식담보제공계약해제ㆍ취소등              ,6
서부T&D,006730,-5,OK,,,[기재정정]최대주주변경을수반하는주식담보제공계약체결              (-5),2026-09-04: 임원ㆍ주요주주특정증권등소유상황보고서 | 2026-09-04: 임원ㆍ주요주주특정증권등소유상황보고서 | 2026-08-28: 주식등의대량보유상황보고서(일반) | 2026-08-28: 임원ㆍ주요주주특정증권등소유상황보고서 | 2026-08-26: 임원ㆍ주요주주특정증권등소유상황보고서,9
태영건설,009410,-5,🚨 YES,주요사항보고서(유상증자결정),[기재정정]단일판매ㆍ공급계약체결              (+5) | [기재정정]단일판매ㆍ공급계약체결              (+5),주요사항보고서(유상증자결정)(-15),2026-09-04: 유상증자또는주식관련사채등의발행결과(자율공시)               | 2026-08-28: [기재정정]단일판매ㆍ공급계약체결               | 2026-08-28: 대규모기업집단현황공시[분기별공시(개별회사용)] | 2026-08-27: 주요사항보고서(유상증자결정) | 2026-08-18: [기재정정]단일판매ㆍ공급계약체결              ,7
키스트론,475430,-5,OK,,,최대주주변경              (-5),2026-08-14: 주식등의대량보유상황보고서(일반) | 2026-08-14: 임원ㆍ주요주주특정증권등소유상황보고서 | 2026-08-14: 임원ㆍ주요주주특정증권등소유상황보고서 | 2026-08-14: 임원ㆍ주요주주특정증권등소유상황보고서 | 2026-08-14: 반기보고서 (2026.06),12
경동제약,011040,-5,OK,,,[기재정정]최대주주변경을수반하는주식담보제공계약체결              (-5),2026-08-31: 주식등의대량보유상황보고서(일반) | 2026-08-27: [기재정정]최대주주변경을수반하는주식담보제공계약체결               | 2026-08-18: 임원ㆍ주요주주특정증권등소유상황보고서 | 2026-08-14: 반기보고서 (2026.06),4
씨젠,096530,-5,OK,,주식소각결정              (+5),주요사항보고서(자기주식처분결정)(-10),2026-08-26: 주식등의대량보유상황보고서(일반) | 2026-08-21: 자기주식처분결과보고서 | 2026-08-14: 반기보고서 (2026.06) | 2026-08-12: 주식소각결정               | 2026-08-12: 현금ㆍ현물배당결정              (분기배당),7
와이지-원,019210,-5,OK,,,[기재정정]최대주주변경을수반하는주식담보제공계약체결              (-5),2026-09-08: 주식등의대량보유상황보고서(일반) | 2026-09-08: [기재정정]최대주주변경을수반하는주식담보제공계약체결               | 2026-08-31: 주식등의대량보유상황보고서(일반) | 2026-08-14: 반기보고서 (2026.06),4
아나패스,123860,-5,OK,,,[기재정정]최대주주변경을수반하는주식담보제공계약체결              (-5),2026-09-10: 금전대여결정              (대여기간 연장) | 2026-09-08: 주식등의대량보유상황보고서(약식) | 2026-08-28: 임원ㆍ주요주주특정증권등소유상황보고서 | 2026-08-20: 주식등의대량보유상황보고서(일반) | 2026-08-20: 임원ㆍ주요주주특정증권등소유상황보고서,8
제이스코홀딩스,023440,-5,OK,,,[기재정정]최대주주변경을수반하는주식담보제공계약체결              (-5),2026-09-07: [기재정정]최대주주변경을수반하는주식담보제공계약체결               | 2026-08-26: 임시주주총회결과               | 2026-08-14: 주식등의대량보유상황보고서(일반) | 2026-08-14: 반기보고서 (2026.06) | 2026-08-14: 반기검토(감사)의견부적정등사실확인(자본잠식률100분의50이상또는자기자본10억원미만포함)              ,7
푸드나무,290720,-5,OK,,,[기재정정]최대주주변경을수반하는주식담보제공계약체결              (-5),2026-09-04: [기재정정]최대주주변경을수반하는주식담보제공계약체결               | 2026-09-02: [기재정정]주식등의대량보유상황보고서(일반) | 2026-08-14: 반기보고서 (2026.06),3
아우딘퓨쳐스,227610,-5,OK,,,[기재정정]최대주주변경을수반하는주식담보제공계약체결              (-5),2026-09-10: 주식등의대량보유상황보고서(약식) | 2026-08-28: 주식등의대량보유상황보고서(일반) | 2026-08-28: [기재정정]최대주주변경을수반하는주식담보제공계약체결               | 2026-08-14: 반기보고서 (2026.06) | 2026-08-11: 타인에대한담보제공결정              (연장 2026년),5
디티앤씨,187220,-5,OK,,,[기재정정]최대주주변경을수반하는주식담보제공계약체결              (-5),2026-09-04: 기업설명회(IR)개최               | 2026-08-27: 임원ㆍ주요주주특정증권등소유상황보고서 | 2026-08-27: 주식등의대량보유상황보고서(일반) | 2026-08-27: [기재정정]최대주주변경을수반하는주식담보제공계약체결               | 2026-08-14: [기재정정]기업가치제고계획(자율공시)              ,6
크레오에스지,040350,-5,OK,,,[기재정정]최대주주변경을수반하는주식담보제공계약체결              (-5),2026-09-04: [기재정정]최대주주변경을수반하는주식담보제공계약체결               | 2026-08-31: 조회공시요구(현저한시황변동)에대한답변(중요정보없음)               | 2026-08-28: 대규모기업집단현황공시[분기별공시(개별회사용)] | 2026-08-25: 주식등의대량보유상황보고서(일반) | 2026-08-14: 반기보고서 (2026.06),6
디에스케이,109740,-5,OK,,,[기재정정]최대주주변경을수반하는주식양수도계약체결              (-5),2026-09-09: [기재정정]최대주주변경을수반하는주식양수도계약체결               | 2026-08-14: 반기보고서 (2026.06) | 2026-08-11: 주식등의대량보유상황보고서(일반),3
오픈베이스,049480,-5,OK,,,최대주주변경              (-5),2026-09-02: 임원ㆍ주요주주특정증권등소유상황보고서 | 2026-09-02: 임원ㆍ주요주주특정증권등소유상황보고서 | 2026-09-02: 주식등의대량보유상황보고서(일반) | 2026-09-02: 주식등의대량보유상황보고서(일반) | 2026-09-01: 최대주주변경              ,7
HLB,028300,0,OK,,,,2026-09-08: 전환사채(해외전환사채포함)발행후만기전사채취득               | 2026-09-07: 주식등의대량보유상황보고서(약식) | 2026-08-28: 전환가액의조정               | 2026-08-20: 주식등의대량보유상황보고서(일반) | 2026-08-20: 임원ㆍ주요주주특정증권등소유상황보고서,8
현대홈쇼핑,057050,0,OK,,,,2026-08-28: 대규모기업집단현황공시[분기별공시(개별회사용)] | 2026-08-14: 반기보고서 (2026.06) | 2026-08-13: 지급수단별ㆍ지급기간별지급금액및분쟁조정기구에관한사항,3
대영포장,014160,0,OK,,,,2026-09-03: 임시주주총회결과               | 2026-08-24: 최대주주등소유주식변동신고서               | 2026-08-24: 주식등의대량보유상황보고서(일반) | 2026-08-24: 임원ㆍ주요주주특정증권등소유상황보고서 | 2026-08-19: 주주총회소집공고,6
양지사,030960,0,OK,,,,2026-09-10: 사업보고서 (2026.06) | 2026-09-03: 주주총회소집공고 | 2026-09-02: 감사보고서제출               | 2026-08-19: 주주총회소집결의               | 2026-08-19: 현금ㆍ현물배당결정              ,5
케이씨티시,009070,0,OK,,,,2026-08-26: 대규모기업집단현황공시[분기별공시(개별회사용)] | 2026-08-14: 반기보고서 (2026.06) | 2026-08-13: 지급수단별ㆍ지급기간별지급금액및분쟁조정기구에관한사항 | 2026-08-12: 임원ㆍ주요주주특정증권등거래계획보고서,4
전방,000950,0,OK,,,,2026-08-31: 최대주주등소유주식변동신고서               | 2026-08-31: 임원ㆍ주요주주특정증권등소유상황보고서 | 2026-08-25: 최대주주등소유주식변동신고서               | 2026-08-25: 주식등의대량보유상황보고서(일반) | 2026-08-25: 임원ㆍ주요주주특정증권등소유상황보고서,10
효성오앤비,097870,0,OK,,,,2026-08-14: 주주총회소집결의               | 2026-08-14: 현금ㆍ현물배당결정               | 2026-08-14: 매출액또는손익구조30%(대규모법인은15%)이상변동              ,3
광명전기,017040,0,OK,,,,"2026-09-07: 기타시장안내              (기업심사위원회 심의대상 결정) | 2026-08-28: [기재정정]투자판단관련주요경영사항              (최대주주 변경을 수반하는 주식양수도계약 체결) | 2026-08-14: 기타시장안내              (상장적격성 실질심사 사유 발생) | 2026-08-14: 반기보고서 (2026.06) | 2026-08-14: 반기검토의견부적정,의견거절또는완전자본잠식사실발생              ",5
LS네트웍스,000680,0,OK,,,,2026-08-27: 대규모기업집단현황공시[분기별공시(개별회사용)] | 2026-08-14: 반기보고서 (2026.06) | 2026-08-14: 소송등의제기ㆍ신청(일정금액이상의청구)               | 2026-08-14: 지급수단별ㆍ지급기간별지급금액및분쟁조정기구에관한사항,4
원익큐브,014190,0,OK,,,,2026-08-28: 대규모기업집단현황공시[분기별공시(개별회사용)] | 2026-08-14: 반기보고서 (2026.06) | 2026-08-14: 지급수단별ㆍ지급기간별지급금액및분쟁조정기구에관한사항,3
금호타이어,073240,0,OK,,,,2026-09-03: 임시주주총회결과               | 2026-08-19: 주주총회소집공고 | 2026-08-13: 반기보고서 (2026.06) | 2026-08-13: 타인에대한담보제공결정               | 2026-08-13: 타인에대한채무보증결정              ,6
비트플래닛,049470,0,OK,,,,2026-09-09: 합병등종료보고서(자산양수도) | 2026-08-28: [기재정정]주요사항보고서(유형자산양수결정) | 2026-08-14: 반기보고서 (2026.06),3
니어스랩,417030,0,OK,,,,2026-09-02: 임원ㆍ주요주주특정증권등소유상황보고서 | 2026-08-28: [기재정정]주식등의대량보유상황보고서(일반) | 2026-08-28: [기재정정]임원ㆍ주요주주특정증권등소유상황보고서 | 2026-08-28: [기재정정]주식등의대량보유상황보고서(일반) | 2026-08-28: 임원ㆍ주요주주특정증권등소유상황보고서,11
롯데하이마트,071840,0,OK,,,,2026-08-28: 대규모기업집단현황공시[분기별공시(개별회사용)] | 2026-08-14: 반기보고서 (2026.06) | 2026-08-14: 지급수단별ㆍ지급기간별지급금액및분쟁조정기구에관한사항,3
이미지스,115610,0,OK,,,,2026-08-26: 주주명부폐쇄기간또는기준일설정               | 2026-08-26: 주주총회소집결의              (임시주주총회) | 2026-08-14: 반기보고서 (2026.06),3
스코넥,276040,0,OK,,,,2026-08-27: 기타시장안내              (실질심사 대상여부 결정을 위한 조사기간 연장 안내) | 2026-08-26: [기재정정]금전대여결정               | 2026-08-14: 반기보고서 (2026.06) | 2026-08-14: 반기검토(감사)의견부적정등사실확인(자본잠식률100분의50이상또는자기자본10억원미만포함)               | 2026-08-12: 불성실공시법인지정              (공시번복),5
롯데웰푸드,280360,0,OK,,,,2026-09-10: 기업설명회(IR)개최(안내공시)               | 2026-08-28: 대규모기업집단현황공시[분기별공시(개별회사용)] | 2026-08-13: 반기보고서 (2026.06) | 2026-08-13: 지급수단별ㆍ지급기간별지급금액및분쟁조정기구에관한사항,4
에쎈테크,043340,0,OK,,,,2026-08-25: 주주명부폐쇄기간또는기준일설정               | 2026-08-25: 주주총회소집결의              (임시주주총회) | 2026-08-25: 주식병합결정               | 2026-08-13: 반기보고서 (2026.06),4
티케이지애강,022220,0,OK,,,,2026-08-31: 공개매수설명서 | 2026-08-31: 공개매수신고서 | 2026-08-14: 반기보고서 (2026.06),3
이엔플러스,074610,0,OK,,,,2026-09-07: 주주명부폐쇄기간또는기준일설정               | 2026-09-07: 주주총회소집결의               | 2026-08-25: 소송등의판결ㆍ결정               | 2026-08-20: [기재정정]소송등의판결ㆍ결정(일정금액이상의청구)               | 2026-08-19: 소송등의판결ㆍ결정(일정금액이상의청구)              ,7
파크시스템스,140860,0,OK,,,,2026-09-04: 기업설명회(IR)개최               | 2026-09-03: 주식등의대량보유상황보고서(약식) | 2026-09-01: 기업설명회(IR)개최               | 2026-08-18: 기업설명회(IR)개최               | 2026-08-14: 반기보고서 (2026.06),5
한세실업,105630,0,OK,,,,2026-09-04: 주식등의대량보유상황보고서(일반) | 2026-08-26: 주식등의대량보유상황보고서(일반) | 2026-08-20: 주식등의대량보유상황보고서(일반) | 2026-08-14: 반기보고서 (2026.06),4
골프존홀딩스,121440,0,OK,,,,2026-09-04: 공개매수결과보고서 | 2026-08-31: [기재정정]불성실공시법인지정예고              (공시불이행) | 2026-08-25: 공개매수에관한의견표명서 | 2026-08-24: [기재정정]불성실공시법인지정예고              (공시불이행) | 2026-08-20: [기재정정]공개매수설명서,9
케이씨씨글라스,344820,0,OK,,,,2026-08-31: 대규모기업집단현황공시[분기별공시(개별회사용)] | 2026-08-21: 풍문또는보도에대한해명(미확정)               | 2026-08-20: 기타경영사항(자율공시)               | 2026-08-20: [기재정정]반기보고서 (2026.06) | 2026-08-14: [첨부추가]반기보고서 (2026.06),6
TJ미디어,032540,0,OK,,,,2026-09-10: 주식등의대량보유상황보고서(일반) | 2026-09-08: 주주총회소집공고 | 2026-08-21: 주식등의대량보유상황보고서(일반) | 2026-08-14: 반기보고서 (2026.06) | 2026-08-14: 주주총회소집결의              (임시주주총회),7
영우디에스피,143540,0,OK,,,,2026-08-21: 주식등의대량보유상황보고서(일반) | 2026-08-21: 임원ㆍ주요주주특정증권등소유상황보고서 | 2026-08-21: 임원ㆍ주요주주특정증권등소유상황보고서 | 2026-08-14: 주식등의대량보유상황보고서(일반) | 2026-08-14: 임원ㆍ주요주주특정증권등소유상황보고서,7
삼성출판사,068290,0,OK,,,,2026-09-04: 신탁계약에의한취득상황보고서 | 2026-08-14: [기재정정]반기보고서 (2026.06) | 2026-08-14: 반기보고서 (2026.06) | 2026-08-11: 임원ㆍ주요주주특정증권등거래계획보고서 | 2026-08-11: 임원ㆍ주요주주특정증권등거래계획보고서,5
영화금속,012280,0,OK,,,,2026-09-09: 임원ㆍ주요주주특정증권등거래계획보고서 | 2026-09-02: 임원ㆍ주요주주특정증권등소유상황보고서 | 2026-09-02: 최대주주등소유주식변동신고서               | 2026-09-02: 주식등의대량보유상황보고서(일반) | 2026-08-19: 주식등의대량보유상황보고서(일반),11
한빛소프트,047080,0,OK,,,,2026-09-02: 임원ㆍ주요주주특정증권등소유상황보고서 | 2026-08-14: 반기보고서 (2026.06) | 2026-08-12: 임원ㆍ주요주주특정증권등소유상황보고서,3
한화투자증권,003530,0,OK,,,,2026-09-10: 투자설명서(일괄신고) | 2026-09-10: 일괄신고추가서류(기타파생결합사채) | 2026-09-10: 투자설명서(일괄신고) | 2026-09-10: 일괄신고추가서류(기타파생결합사채) | 2026-09-09: 투자설명서(일괄신고),100
삼양컴텍,484590,0,OK,,,,2026-08-27: 중간(분기)배당을위한주주명부폐쇄(기준일)결정               | 2026-08-25: 기업설명회(IR)개최               | 2026-08-13: 반기보고서 (2026.06),3
고려아연,010130,0,OK,,,,2026-09-09: 독립이사의선임ㆍ해임또는중도퇴임에관한신고 | 2026-09-09: 임시주주총회결과               | 2026-09-07: 소송등의판결ㆍ결정               | 2026-09-04: [기재정정]소송등의제기ㆍ신청(경영권분쟁소송)               | 2026-08-31: 소송등의판결ㆍ결정              ,34
엔에이치스팩34호,0197V0,0,OK,,,,2026-09-10: 주식등의대량보유상황보고서(일반) | 2026-09-04: 증권발행실적보고서 | 2026-08-28: [기재정정]투자설명서 | 2026-08-28: [발행조건확정]증권신고서(지분증권) | 2026-08-21: 투자설명서,5
에스넷,038680,0,OK,,,,2026-09-02: 주식등의대량보유상황보고서(일반) | 2026-09-02: 임원ㆍ주요주주특정증권등소유상황보고서 | 2026-08-13: 반기보고서 (2026.06),3
씨어스,458870,0,OK,,,,2026-09-09: 기업설명회(IR)개최               | 2026-08-14: 임원ㆍ주요주주특정증권등소유상황보고서 | 2026-08-14: 임원ㆍ주요주주특정증권등소유상황보고서 | 2026-08-14: 임원ㆍ주요주주특정증권등소유상황보고서 | 2026-08-14: 임원ㆍ주요주주특정증권등소유상황보고서,10
한국경제TV,039340,0,OK,,,,2026-09-09: [기재정정]주식등의대량보유상황보고서(약식) | 2026-09-01: 주식등의대량보유상황보고서(약식) | 2026-08-14: 반기보고서 (2026.06),3
비츠로시스,054220,0,OK,,[기재정정]단일판매ㆍ공급계약체결              (+5),최대주주변경을수반하는주식담보제공계약체결              (-5),2026-09-10: 주식등의대량보유상황보고서(일반) | 2026-09-08: 의결권대리행사권유참고서류 | 2026-09-08: 주주총회소집공고 | 2026-09-08: [기재정정]주주총회소집결의              (임시주주총회) | 2026-09-07: 대표이사변경              ,14
국민은행,060000,0,OK,,,,2026-09-10: 투자설명서(일괄신고) | 2026-09-10: 일괄신고추가서류 | 2026-09-10: 증권발행실적보고서 | 2026-09-09: 투자설명서(일괄신고) | 2026-09-09: 일괄신고추가서류,25
신한카드,032710,0,OK,,,,2026-09-09: 증권발행실적보고서 | 2026-09-08: 투자설명서(일괄신고) | 2026-09-08: 일괄신고추가서류 | 2026-09-07: 증권발행실적보고서 | 2026-09-04: 투자설명서(일괄신고),14
팜스코,036580,0,OK,,,,2026-08-28: 대규모기업집단현황공시[분기별공시(개별회사용)] | 2026-08-20: 주식등의대량보유상황보고서(일반) | 2026-08-13: 지급수단별ㆍ지급기간별지급금액및분쟁조정기구에관한사항 | 2026-08-12: 반기보고서 (2026.06),4
지아이이노베이션,358570,0,OK,,,,2026-09-04: 주식등의대량보유상황보고서(일반) | 2026-08-21: 투자판단관련주요경영사항(임상시험계획변경승인신청)              (GI102 제1/2상 임상시험계획 호주 인체연구윤리위원회 (HREC) 변경승인 신청) | 2026-08-20: 주식등의대량보유상황보고서(약식) | 2026-08-14: 반기보고서 (2026.06),4
깨끗한나라,004540,0,OK,,,,2026-08-24: 투자유의안내               | 2026-08-14: 반기보고서 (2026.06) | 2026-08-11: 대표이사(대표집행임원)변경(안내공시)              ,3
동양건설산업,005900,0,OK,,,,2026-08-28: 대규모기업집단현황공시[분기별공시(개별회사용)] | 2026-08-14: 반기보고서 (2026.06) | 2026-08-13: 지급수단별ㆍ지급기간별지급금액및분쟁조정기구에관한사항,3
수성웹툰,084180,0,OK,,,,2026-09-09: 기타시장안내              (시가총액 미달에 따른 상장폐지 우려 관련 안내) | 2026-09-08: 주식등의대량보유상황보고서(일반) | 2026-09-08: 임원ㆍ주요주주특정증권등소유상황보고서 | 2026-09-08: 임원ㆍ주요주주특정증권등소유상황보고서 | 2026-09-03: [기재정정]불성실공시법인지정예고              (공시번복),9
매드업,0039P0,0,OK,,,,2026-08-20: [기재정정]현금ㆍ현물배당결정              (분기배당) | 2026-08-14: 주식등의대량보유상황보고서(약식) | 2026-08-13: 반기보고서 (2026.06) | 2026-08-13: 주주명부폐쇄기간또는기준일설정               | 2026-08-13: 주주총회소집결의              (임시주주총회),6
엠로,058970,0,OK,,,,2026-08-28: [기재정정]반기보고서 (2026.06) | 2026-08-14: 기업설명회(IR)개최               | 2026-08-14: 반기보고서 (2026.06),3
인제니아테라퓨틱스,950260,0,OK,,,,2026-08-25: [기재정정]임원ㆍ주요주주특정증권등소유상황보고서 | 2026-08-25: 임원ㆍ주요주주특정증권등소유상황보고서 | 2026-08-25: 임원ㆍ주요주주특정증권등소유상황보고서 | 2026-08-25: 임원ㆍ주요주주특정증권등소유상황보고서 | 2026-08-25: 임원ㆍ주요주주특정증권등소유상황보고서,9
인터플렉스,051370,0,OK,,,,2026-08-31: 대규모기업집단현황공시[분기별공시(개별회사용)] | 2026-08-14: 반기보고서 (2026.06) | 2026-08-14: 지급수단별ㆍ지급기간별지급금액및분쟁조정기구에관한사항,3
더테크놀로지,043090,0,OK,,,,2026-08-19: 주요사항보고서(회사분할결정) | 2026-08-14: 반기보고서 (2026.06) | 2026-08-13: 주식등의대량보유상황보고서(일반),3
신세계건설,034300,0,OK,,,,2026-08-31: 대규모기업집단현황공시[분기별공시(개별회사용)] | 2026-08-14: 동일인등출자계열회사와의상품ㆍ용역거래변경 | 2026-08-14: 지급수단별ㆍ지급기간별지급금액및분쟁조정기구에관한사항,3
NH투자증권,005940,0,OK,,,,2026-09-10: 투자설명서(일괄신고) | 2026-09-10: 투자설명서(일괄신고) | 2026-09-10: 투자설명서(일괄신고) | 2026-09-10: 투자설명서(일괄신고) | 2026-09-10: 일괄신고추가서류(파생결합증권-주가연계증권),88
만호제강,001080,0,OK,,,,2026-09-10: 사업보고서 (2026.06) | 2026-09-10: 감사보고서제출               | 2026-09-03: 의결권대리행사권유참고서류 | 2026-09-03: 주주총회소집공고 | 2026-08-31: 현금ㆍ현물배당결정              ,12
피앤씨테크,237750,0,OK,,,,2026-08-28: [기재정정]주요사항보고서(타법인주식및출자증권양수결정) | 2026-08-24: 소송등의판결ㆍ결정               | 2026-08-14: 반기보고서 (2026.06),3
세종메디칼,258830,0,OK,,,,2026-09-01: [기재정정]주주총회소집결의              (임시주주총회) | 2026-08-14: [기재정정]타인에대한담보제공결정               | 2026-08-14: 반기보고서 (2026.06),3
갤럭시아에스엠,011420,0,OK,,,,2026-08-31: 대규모기업집단현황공시[분기별공시(개별회사용)] | 2026-08-20: 최대주주등소유주식변동신고서               | 2026-08-14: 지급수단별ㆍ지급기간별지급금액및분쟁조정기구에관한사항 | 2026-08-14: 반기보고서 (2026.06) | 2026-08-13: 최대주주등소유주식변동신고서              ,5
STX,011810,0,OK,,,,"2026-08-20: 기타시장안내              (상장폐지 이의신청서 제출) | 2026-08-14: [첨부추가]반기보고서 (2026.06) | 2026-08-14: 기타시장안내              (상장적격성 실질심사 사유 추가 관련 안내) | 2026-08-14: 반기검토의견부적정,의견거절또는완전자본잠식사실발생               | 2026-08-13: [기재정정]투자판단관련주요경영사항              ",5
씨씨에스,066790,0,OK,,,,2026-09-10: 의결권대리행사권유참고서류 | 2026-09-08: 의결권대리행사권유참고서류 | 2026-09-08: 의결권대리행사권유참고서류 | 2026-09-08: 주주총회소집공고 | 2026-09-08: [기재정정]주주총회소집결의              (임시주주총회),6
천보,278280,0,OK,,,,2026-08-31: [기재정정]주식등의대량보유상황보고서(일반) | 2026-08-31: [기재정정]주식등의대량보유상황보고서(일반) | 2026-08-14: 반기보고서 (2026.06) | 2026-08-13: 타인에대한담보제공결정              ,4
한국화장품제조,003350,0,OK,,,,2026-09-10: 주식등의대량보유상황보고서(약식) | 2026-08-28: 주식등의대량보유상황보고서(약식) | 2026-08-13: 반기보고서 (2026.06) | 2026-08-13: [기재정정]사업보고서 (2025.12) | 2026-08-13: [기재정정]사업보고서 (2024.12),5
우진플라임,049800,0,OK,,,,2026-08-27: 최대주주등소유주식변동신고서               | 2026-08-27: 임원ㆍ주요주주특정증권등소유상황보고서 | 2026-08-18: 최대주주등소유주식변동신고서               | 2026-08-18: 임원ㆍ주요주주특정증권등소유상황보고서 | 2026-08-14: 반기보고서 (2026.06),5
호텔신라,008770,0,OK,,,,2026-09-08: 주식등의대량보유상황보고서(약식) | 2026-09-04: 최대주주등소유주식변동신고서               | 2026-08-31: 대규모기업집단현황공시[분기별공시(개별회사용)] | 2026-08-20: 기업설명회(IR)개최(안내공시)               | 2026-08-20: 기업설명회(IR)개최(안내공시)              ,7
딜리셔스,483350,0,OK,,,,2026-08-20: 주식등의대량보유상황보고서(약식) | 2026-08-19: 임원ㆍ주요주주특정증권등소유상황보고서 | 2026-08-19: 주식등의대량보유상황보고서(약식) | 2026-08-19: 주식등의대량보유상황보고서(약식) | 2026-08-19: 임원ㆍ주요주주특정증권등소유상황보고서,12
하림,136480,0,OK,,,,2026-08-28: 대규모기업집단현황공시[분기별공시(개별회사용)] | 2026-08-13: [기재정정]지급수단별ㆍ지급기간별지급금액및분쟁조정기구에관한사항 | 2026-08-13: 지급수단별ㆍ지급기간별지급금액및분쟁조정기구에관한사항 | 2026-08-12: 반기보고서 (2026.06),4
아세아제지,002310,0,OK,,,,2026-08-14: 반기보고서 (2026.06) | 2026-08-14: 신탁계약해지결과보고서 | 2026-08-14: 주요사항보고서(자기주식취득신탁계약해지결정) | 2026-08-14: 신탁계약에의한취득상황보고서,4
진성티이씨,036890,0,OK,,,,2026-09-10: [기재정정]타인에대한채무보증결정               | 2026-08-27: [기재정정]타인에대한채무보증결정               | 2026-08-26: 임원ㆍ주요주주특정증권등소유상황보고서 | 2026-08-14: 반기보고서 (2026.06),4
포시에스,189690,0,OK,,,,2026-09-04: 의결권대리행사권유참고서류 | 2026-09-04: 주주총회소집공고 | 2026-09-04: 주주총회소집결의              (정기주주총회) | 2026-09-04: 현금ㆍ현물배당결정               | 2026-08-20: 매출액또는손익구조30%(대규모법인은15%)이상변동              ,5
미원상사,002840,0,OK,,,,2026-09-10: 임원ㆍ주요주주특정증권등소유상황보고서 | 2026-09-01: 자기주식취득결과보고서 | 2026-08-25: 임원ㆍ주요주주특정증권등소유상황보고서 | 2026-08-14: 반기보고서 (2026.06),4
와이바이오로직스,338840,0,OK,,,,2026-09-04: 의결권대리행사권유참고서류 | 2026-09-04: 주주총회소집공고 | 2026-08-14: 주주총회소집결의              (임시주주총회) | 2026-08-14: 주주명부폐쇄기간또는기준일설정               | 2026-08-14: 반기보고서 (2026.06),6
레몬헬스케어,365660,0,OK,,,,2026-09-03: 독립이사의선임ㆍ해임또는중도퇴임에관한신고 | 2026-08-14: 반기보고서 (2026.06) | 2026-08-12: 주식등의대량보유상황보고서(약식),3
케이씨,029460,0,OK,,,,2026-08-31: 임원ㆍ주요주주특정증권등소유상황보고서 | 2026-08-31: 임원ㆍ주요주주특정증권등소유상황보고서 | 2026-08-31: 주식등의대량보유상황보고서(일반) | 2026-08-31: 주식등의대량보유상황보고서(일반) | 2026-08-31: 주식등의대량보유상황보고서(일반),7
디에이피,066900,0,OK,,,,2026-08-31: 대규모기업집단현황공시[분기별공시(개별회사용)] | 2026-08-14: 반기보고서 (2026.06) | 2026-08-14: 지급수단별ㆍ지급기간별지급금액및분쟁조정기구에관한사항 | 2026-08-14: [기재정정]사업보고서 (2025.12),4
경동도시가스,267290,0,OK,,,,2026-08-21: 대표이사(대표집행임원)변경(안내공시)               | 2026-08-21: 임시주주총회결과               | 2026-08-14: 반기보고서 (2026.06),3
대웅,003090,0,OK,,,,2026-09-04: 타인에대한채무보증결정(자회사의 주요경영사항)               | 2026-09-02: 소송등의제기ㆍ신청(일정금액이상의청구)(자회사의 주요경영사항)               | 2026-08-14: 반기보고서 (2026.06),3
브이씨,365900,0,OK,,,,2026-09-09: 주식등의대량보유상황보고서(일반) | 2026-09-09: 임원ㆍ주요주주특정증권등소유상황보고서 | 2026-08-13: 반기보고서 (2026.06),3
두산밥캣,241560,0,OK,,,,2026-09-04: 기업설명회(IR)개최(안내공시)               | 2026-08-31: 대규모기업집단현황공시[분기별공시(개별회사용)] | 2026-08-14: 지급수단별ㆍ지급기간별지급금액및분쟁조정기구에관한사항 | 2026-08-14: [기재정정]반기보고서 (2026.06) | 2026-08-14: 공정거래자율준수프로그램운영현황(안내공시)(자회사의 주요경영사항)              ,6
파인엠텍,441270,0,OK,,,,2026-08-18: 주식등의대량보유상황보고서(일반) | 2026-08-14: 반기보고서 (2026.06) | 2026-08-12: [기재정정]주식매수선택권부여에관한신고 | 2026-08-12: [기재정정]주식매수선택권부여에관한신고,4
경인전자,009140,0,OK,,,,2026-08-27: 임시주주총회결과               | 2026-08-14: 반기보고서 (2026.06) | 2026-08-11: 주주총회소집공고,3
에스씨디,042110,0,OK,,,,2026-08-27: 임원ㆍ주요주주특정증권등소유상황보고서 | 2026-08-27: 임원ㆍ주요주주특정증권등소유상황보고서 | 2026-08-14: 반기보고서 (2026.06),3
대성하이텍,129920,0,OK,,,,2026-08-31: 주식등의대량보유상황보고서(일반) | 2026-08-20: [기재정정]임원ㆍ주요주주특정증권등소유상황보고서 | 2026-08-20: [기재정정]주식등의대량보유상황보고서(일반) | 2026-08-20: [기재정정]주식등의대량보유상황보고서(일반) | 2026-08-18: 임원ㆍ주요주주특정증권등소유상황보고서,8
ESR켄달스퀘어리츠,365550,0,OK,,,,2026-09-09: 임원ㆍ주요주주특정증권등소유상황보고서 | 2026-09-03: 임원ㆍ주요주주특정증권등소유상황보고서 | 2026-09-01: 주식등의대량보유상황보고서(약식) | 2026-08-27: 임원ㆍ주요주주특정증권등소유상황보고서 | 2026-08-25: 정기주주총회결과              ,9
솔브레인홀딩스,036830,0,OK,,,,2026-09-10: 주식등의대량보유상황보고서(일반) | 2026-09-01: 임원ㆍ주요주주특정증권등소유상황보고서 | 2026-09-01: 주식등의대량보유상황보고서(일반) | 2026-08-20: 임원ㆍ주요주주특정증권등소유상황보고서 | 2026-08-14: 반기보고서 (2026.06),5
하나은행,004940,0,OK,,,,2026-09-10: 투자설명서(일괄신고) | 2026-09-10: 일괄신고추가서류 | 2026-09-08: 증권발행실적보고서 | 2026-09-08: 증권발행실적보고서 | 2026-09-07: 투자설명서(일괄신고),29
이엔셀,456070,0,OK,,,,2026-08-27: 주식등의대량보유상황보고서(일반) | 2026-08-24: 주식등의대량보유상황보고서(일반) | 2026-08-14: 반기보고서 (2026.06),3
SK증권,001510,0,OK,,,,2026-09-10: 투자설명서(일괄신고) | 2026-09-10: 일괄신고추가서류(기타파생결합사채) | 2026-09-04: 투자설명서(일괄신고) | 2026-09-04: 투자설명서(일괄신고) | 2026-09-04: 증권발행실적보고서,23
로보스타,090360,0,OK,,,,2026-08-28: 대규모기업집단현황공시[분기별공시(개별회사용)] | 2026-08-14: 반기보고서 (2026.06) | 2026-08-13: 지급수단별ㆍ지급기간별지급금액및분쟁조정기구에관한사항,3
CJ CGV,079160,0,OK,,,,2026-09-08: 타인에대한채무보증결정               | 2026-09-02: 소송등의제기ㆍ신청(일정금액이상의청구)               | 2026-08-28: 대규모기업집단현황공시[분기별공시(개별회사용)] | 2026-08-28: 조회공시요구(풍문또는보도)에대한답변(미확정)               | 2026-08-14: 반기보고서 (2026.06),8
아이에스티이,212710,0,OK,,,,2026-09-01: 임원ㆍ주요주주특정증권등소유상황보고서 | 2026-08-27: 임원ㆍ주요주주특정증권등소유상황보고서 | 2026-08-21: 기업설명회(IR)개최               | 2026-08-13: 반기보고서 (2026.06),4
효성중공업,298040,0,OK,,,,2026-08-28: 대규모기업집단현황공시[분기별공시(개별회사용)] | 2026-08-27: 기업설명회(IR)개최(안내공시)               | 2026-08-13: 반기보고서 (2026.06) | 2026-08-13: 지급수단별ㆍ지급기간별지급금액및분쟁조정기구에관한사항 | 2026-08-13: 동일인등출자계열회사와의상품ㆍ용역거래변경,5
인바디,041830,0,OK,,,,2026-09-10: 주식등의대량보유상황보고서(약식) | 2026-08-14: 자기주식처분결과보고서 | 2026-08-14: 반기보고서 (2026.06) | 2026-08-12: 주식등의대량보유상황보고서(약식),4
에스엠씨지,460870,0,OK,,,,2026-09-09: 주식등의대량보유상황보고서(일반) | 2026-09-09: 임원ㆍ주요주주특정증권등소유상황보고서 | 2026-09-07: 임원ㆍ주요주주특정증권등소유상황보고서 | 2026-09-01: 주식등의대량보유상황보고서(일반) | 2026-08-28: [기재정정]주식등의대량보유상황보고서(일반),8
신진에스엠,138070,0,OK,,,,2026-09-10: 임원ㆍ주요주주특정증권등소유상황보고서 | 2026-08-28: 주식등의대량보유상황보고서(일반) | 2026-08-20: 임원ㆍ주요주주특정증권등소유상황보고서 | 2026-08-20: 주식등의대량보유상황보고서(일반) | 2026-08-12: 반기보고서 (2026.06),7
트윔,290090,0,OK,,,,2026-08-31: 임시주주총회결과               | 2026-08-14: 반기보고서 (2026.06) | 2026-08-14: 주주총회소집공고,3
엘앤케이바이오,156100,0,OK,,,,2026-09-09: 전환가액의조정               | 2026-08-24: 타인에대한채무보증결정               | 2026-08-20: 임원ㆍ주요주주특정증권등소유상황보고서 | 2026-08-19: 전환가액의조정               | 2026-08-14: 반기보고서 (2026.06),6
삼영이엔씨,065570,0,OK,,,,2026-09-02: 주주명부폐쇄기간또는기준일설정               | 2026-09-01: 기타시장안내              (개선기간 종료에 따른 상장폐지 여부 결정 안내) | 2026-08-31: 기타경영사항(자율공시)              (관계인집회 기일 결정) | 2026-08-14: 반기검토(감사)의견부적정등사실확인(자본잠식률100분의50이상또는자기자본10억원미만포함)               | 2026-08-14: 반기보고서 (2026.06),5
지란지교시큐리티,208350,0,OK,,,,2026-08-14: 반기보고서 (2026.06) | 2026-08-14: [기재정정]임원ㆍ주요주주특정증권등소유상황보고서 | 2026-08-14: [기재정정]주식등의대량보유상황보고서(일반),3
심텍,222800,0,OK,,,,2026-09-04: 전환청구권행사               | 2026-09-01: 주식등의대량보유상황보고서(약식) | 2026-08-25: 신규시설투자등               | 2026-08-13: 반기보고서 (2026.06) | 2026-08-11: 전환청구권행사              ,5
신세계I&C,035510,0,OK,,,,2026-08-31: [기재정정]유형자산처분결정               | 2026-08-31: 대규모기업집단현황공시[분기별공시(개별회사용)] | 2026-08-14: 반기보고서 (2026.06) | 2026-08-14: 동일인등출자계열회사와의상품ㆍ용역거래변경 | 2026-08-14: 지급수단별ㆍ지급기간별지급금액및분쟁조정기구에관한사항,5
대한뉴팜,054670,0,OK,,,,2026-08-28: [기재정정]사업보고서 (2025.12) | 2026-08-28: [기재정정]감사보고서제출               | 2026-08-14: 반기보고서 (2026.06),3
한스바이오메드,042520,0,OK,,,,2026-09-03: 주식등의대량보유상황보고서(약식) | 2026-09-02: 주식등의대량보유상황보고서(약식) | 2026-08-13: 분기보고서 (2026.06),3
알리코제약,260660,0,OK,,,,2026-08-27: 의결권대리행사권유참고서류 | 2026-08-27: 주주총회소집공고 | 2026-08-14: 반기보고서 (2026.06),3
레이저옵텍,199550,0,OK,,,,2026-09-10: 임원ㆍ주요주주특정증권등소유상황보고서 | 2026-09-10: 주식등의대량보유상황보고서(일반) | 2026-08-14: 반기보고서 (2026.06),3
STX그린로지스,465770,0,OK,,,,2026-09-07: 유형자산처분결정               | 2026-08-31: 투자유의안내               | 2026-08-27: 소송등의제기ㆍ신청(일정금액이상의청구)               | 2026-08-14: 반기보고서 (2026.06),4
오늘이엔엠,192410,0,OK,,,,2026-09-04: 전환사채(해외전환사채포함)발행후만기전사채취득              (제5회차) | 2026-08-31: [기재정정]벌금등의부과               | 2026-08-24: 기업설명회(IR)개최               | 2026-08-21: [기재정정]벌금등의부과               | 2026-08-14: 반기보고서 (2026.06),5
지놈앤컴퍼니,314130,0,OK,,,,2026-08-21: 주식등의대량보유상황보고서(일반) | 2026-08-21: 주식매수선택권부여에관한신고 | 2026-08-21: 임시주주총회결과               | 2026-08-18: 파생상품거래손실발생               | 2026-08-14: 반기보고서 (2026.06),5
동국씨엠,460850,0,OK,,,,2026-08-28: 대규모기업집단현황공시[분기별공시(개별회사용)] | 2026-08-14: 반기보고서 (2026.06) | 2026-08-14: 지급수단별ㆍ지급기간별지급금액및분쟁조정기구에관한사항,3
CJ ENM,035760,0,OK,,,,2026-08-31: [기재정정]투자판단관련주요경영사항               | 2026-08-28: 대규모기업집단현황공시[분기별공시(개별회사용)] | 2026-08-21: 기업설명회(IR)개최               | 2026-08-14: 지급수단별ㆍ지급기간별지급금액및분쟁조정기구에관한사항 | 2026-08-14: 동일인등출자계열회사와의상품ㆍ용역거래변경,6
오름테라퓨틱,475830,0,OK,,,,2026-09-10: 주주명부폐쇄기간또는기준일설정               | 2026-09-10: 주주총회소집결의              (임시주주총회) | 2026-08-31: 기업설명회(IR)개최               | 2026-08-18: 전환주식의전환가액조정              (전환우선주) | 2026-08-14: 반기보고서 (2026.06),6
올릭스,226950,0,OK,,,,"2026-09-08: [기재정정]투자판단관련주요경영사항(임상시험계획승인신청)              (안드로겐성 탈모가 있는 건강한 남성을 대상으로 OLX72021의 안전성과 유효성을 평가하기 위한 다기관, 무작위 배정, 이중 눈가림, 위약 대조, 다중 상승 용량 제1b/2a상 임상시험 계획 승인신청) | 2026-09-01: 전환주식의전환청구권행사              (전환우선주) | 2026-09-01: 주식등의대량보유상황보고서(약식) | 2026-08-31: 전환주식의전환청구권행사              (전환우선주) | 2026-08-28: 임원ㆍ주요주주특정증권등소유상황보고서",10
셀루메드,049180,0,OK,,,,2026-08-27: [기재정정]주주총회소집결의              (임시주주총회) | 2026-08-14: 반기검토(감사)의견부적정등사실확인(자본잠식률100분의50이상또는자기자본10억원미만포함)               | 2026-08-14: 반기보고서 (2026.06),3
대호특수강,021040,0,OK,,,,2026-08-14: 반기보고서 (2026.06) | 2026-08-13: 주식등의대량보유상황보고서(일반) | 2026-08-13: 임원ㆍ주요주주특정증권등소유상황보고서,3
신한투자증권,008670,0,OK,,,,2026-09-10: 투자설명서(일괄신고) | 2026-09-10: 일괄신고추가서류(파생결합증권-주가연계증권) | 2026-09-10: 투자설명서(일괄신고) | 2026-09-10: 투자설명서(일괄신고) | 2026-09-10: 일괄신고추가서류(파생결합사채-주가연계파생결합사채),100
KZ정밀,036560,0,OK,,,,2026-08-31: 대규모기업집단현황공시[분기별공시(개별회사용)] | 2026-08-14: 지급수단별ㆍ지급기간별지급금액및분쟁조정기구에관한사항 | 2026-08-14: 반기보고서 (2026.06),3
선진뷰티사이언스,086710,0,OK,,,,2026-09-03: 자기주식취득결과보고서 | 2026-09-02: 소송등의판결ㆍ결정(일정금액이상의청구)               | 2026-08-27: [기재정정]반기보고서 (2026.06) | 2026-08-14: 반기보고서 (2026.06),4
삐아,451250,0,OK,,,,2026-09-08: 신탁계약해지결과보고서 | 2026-09-08: 주요사항보고서(자기주식취득신탁계약해지결정) | 2026-08-13: 반기보고서 (2026.06),3
한세엠케이,069640,0,OK,,,,2026-09-07: 임원ㆍ주요주주특정증권등거래계획보고서 | 2026-09-07: 최대주주등소유주식변동신고서               | 2026-09-07: 임원ㆍ주요주주특정증권등소유상황보고서 | 2026-09-07: 임원ㆍ주요주주특정증권등소유상황보고서 | 2026-08-31: 최대주주등소유주식변동신고서              ,21
대웅제약,069620,0,OK,,,,2026-09-09: 독립이사의선임ㆍ해임또는중도퇴임에관한신고 | 2026-09-09: 임시주주총회결과               | 2026-09-04: 타인에대한채무보증결정               | 2026-09-02: 소송등의제기ㆍ신청(일정금액이상의청구)               | 2026-08-25: 의결권대리행사권유참고서류,8
하나마이크론,067310,0,OK,,,,2026-09-01: 기업설명회(IR)개최               | 2026-08-27: 임원ㆍ주요주주특정증권등소유상황보고서 | 2026-08-27: 임원ㆍ주요주주특정증권등소유상황보고서 | 2026-08-25: 기업설명회(IR)개최               | 2026-08-14: 반기보고서 (2026.06),5
POSCO홀딩스,005490,0,OK,,,,2026-09-03: 임원ㆍ주요주주특정증권등소유상황보고서 | 2026-09-03: 임원ㆍ주요주주특정증권등소유상황보고서 | 2026-09-02: [기재정정]자기주식처분결과보고서 | 2026-08-26: 대규모기업집단현황공시[분기별공시(대표회사용)] | 2026-08-18: 현금ㆍ현물배당결정(자회사의 주요경영사항)              ,6
롯데정밀화학,004000,0,OK,,,,2026-08-27: 대규모기업집단현황공시[분기별공시(개별회사용)] | 2026-08-14: 반기보고서 (2026.06) | 2026-08-14: [기재정정]사업보고서 (2025.12) | 2026-08-14: 지급수단별ㆍ지급기간별지급금액및분쟁조정기구에관한사항,4
하나머티리얼즈,166090,0,OK,,,,2026-09-09: 주주명부폐쇄기간또는기준일설정               | 2026-09-09: 주주총회소집결의              (임시주주총회) | 2026-08-13: 반기보고서 (2026.06) | 2026-08-12: 신규시설투자등              ,4
크래프톤,259960,0,OK,,,,2026-09-09: 자기주식취득결과보고서 | 2026-08-31: 기업설명회(IR)개최(안내공시)               | 2026-08-28: 대규모기업집단현황공시[분기별공시(대표회사용)] | 2026-08-14: 반기보고서 (2026.06) | 2026-08-14: 지급수단별ㆍ지급기간별지급금액및분쟁조정기구에관한사항,5
나무AX,242040,0,OK,,,,2026-09-04: 기타시장안내(약명및영문명)              (한글약명) | 2026-08-20: 기업설명회(IR)개최               | 2026-08-13: 반기보고서 (2026.06),3
흥아해운,003280,0,OK,,,,2026-08-31: 대규모기업집단현황공시[분기별공시(개별회사용)] | 2026-08-20: 임시주주총회결과               | 2026-08-14: 반기보고서 (2026.06),3
서울평가정보,036120,0,OK,,,,2026-09-07: 주식등의대량보유상황보고서(일반) | 2026-09-04: 대표이사변경               | 2026-09-04: 임시주주총회결과               | 2026-08-20: 주주총회소집공고 | 2026-08-14: 반기보고서 (2026.06),5
에이텀,355690,0,OK,,,,2026-08-27: 주요사항보고서(자기전환사채만기전취득결정) | 2026-08-19: 기술성장기업의정관변경을통한사업목적추가ㆍ변경               | 2026-08-19: 임시주주총회결과               | 2026-08-14: 반기보고서 (2026.06),4
JB금융지주,175330,0,OK,,,,2026-08-14: [기재정정]일괄신고서 | 2026-08-14: 반기보고서 (2026.06) | 2026-08-13: 증권발행실적보고서 | 2026-08-12: 투자설명서(일괄신고) | 2026-08-12: 일괄신고추가서류,5
교보16호스팩,482520,0,OK,,,,2026-09-01: 대표이사변경               | 2026-09-01: 기업인수목적회사의임원사임               | 2026-09-01: 임시주주총회결과               | 2026-08-13: 의결권대리행사권유참고서류 | 2026-08-13: 주주총회소집공고,6
우양피앤엘,002420,0,OK,,,,2026-09-08: 타법인주식및출자증권취득결정(자율공시)               | 2026-08-18: 최대주주등소유주식변동신고서               | 2026-08-18: [기재정정]주식등의대량보유상황보고서(일반) | 2026-08-18: 임원ㆍ주요주주특정증권등소유상황보고서 | 2026-08-18: 임원ㆍ주요주주특정증권등소유상황보고서,7
디오,039840,0,OK,,,,2026-09-03: 신탁계약해지결과보고서 | 2026-08-27: 임시주주총회결과               | 2026-08-14: 의결권대리행사권유참고서류 | 2026-08-13: 반기보고서 (2026.06) | 2026-08-11: 주주총회소집공고,5
사람인,143240,0,OK,,,,2026-08-31: 대규모기업집단현황공시[분기별공시(개별회사용)] | 2026-08-13: 지급수단별ㆍ지급기간별지급금액및분쟁조정기구에관한사항 | 2026-08-13: 반기보고서 (2026.06) | 2026-08-11: [기재정정]타법인주식및출자증권취득결정              ,4
티디에스팜,464280,0,OK,,,,2026-09-07: 임원ㆍ주요주주특정증권등거래계획보고서 | 2026-09-07: 임원ㆍ주요주주특정증권등거래계획보고서 | 2026-09-07: 임원ㆍ주요주주특정증권등거래계획보고서 | 2026-09-07: 임원ㆍ주요주주특정증권등거래계획보고서 | 2026-08-14: 반기보고서 (2026.06),5
삼성카드,029780,0,OK,,,,2026-09-10: 증권발행실적보고서 | 2026-09-09: 투자설명서(일괄신고) | 2026-09-09: 일괄신고추가서류 | 2026-09-07: 증권발행실적보고서 | 2026-09-04: 투자설명서(일괄신고),13
사조동아원,008040,0,OK,,,,2026-09-09: [기재정정]벌금등의부과               | 2026-09-02: 최대주주등소유주식변동신고서               | 2026-09-02: 임원ㆍ주요주주특정증권등소유상황보고서 | 2026-09-02: 임원ㆍ주요주주특정증권등소유상황보고서 | 2026-09-02: 주식등의대량보유상황보고서(일반),8
GS리테일,007070,0,OK,,,,2026-08-28: 대규모기업집단현황공시[분기별공시(개별회사용)] | 2026-08-14: 반기보고서 (2026.06) | 2026-08-14: 지급수단별ㆍ지급기간별지급금액및분쟁조정기구에관한사항 | 2026-08-13: 임원ㆍ주요주주특정증권등소유상황보고서,4
지누스,013890,0,OK,,,,2026-09-04: [기재정정]유형자산처분결정(종속회사의주요경영사항)               | 2026-08-28: 대규모기업집단현황공시[분기별공시(개별회사용)] | 2026-08-28: [기재정정]유형자산처분결정(종속회사의주요경영사항)               | 2026-08-25: 기업설명회(IR)개최(안내공시)               | 2026-08-21: [기재정정]유형자산처분결정(종속회사의주요경영사항)              ,8
제이엠아이,033050,0,OK,,,,2026-09-03: 주주총회소집공고 | 2026-09-02: 임시주주총회결과               | 2026-08-14: 주주총회소집공고 | 2026-08-14: 반기보고서 (2026.06) | 2026-08-12: 주주총회소집결의              (임시주주총회),8
삼성에스디에스,018260,0,OK,,,,2026-09-01: 기업설명회(IR)개최(안내공시)               | 2026-09-01: 기업설명회(IR)개최(안내공시)               | 2026-08-31: 대규모기업집단현황공시[분기별공시(개별회사용)] | 2026-08-26: 임원ㆍ주요주주특정증권등소유상황보고서 | 2026-08-14: 반기보고서 (2026.06),7
남해화학,025860,0,OK,,,,2026-08-28: 대규모기업집단현황공시[분기별공시(개별회사용)] | 2026-08-20: [기재정정]기업지배구조보고서공시               | 2026-08-14: 반기보고서 (2026.06) | 2026-08-12: 지급수단별ㆍ지급기간별지급금액및분쟁조정기구에관한사항,4
삼양엔씨켐,482630,0,OK,,,,2026-08-31: 대규모기업집단현황공시[분기별공시(개별회사용)] | 2026-08-21: 기업설명회(IR)개최               | 2026-08-13: 지급수단별ㆍ지급기간별지급금액및분쟁조정기구에관한사항 | 2026-08-13: 반기보고서 (2026.06),4
에스엠,041510,0,OK,,,,2026-08-28: 대규모기업집단현황공시[분기별공시(개별회사용)] | 2026-08-19: 주식등의대량보유상황보고서(약식) | 2026-08-14: 반기보고서 (2026.06) | 2026-08-13: 지급수단별ㆍ지급기간별지급금액및분쟁조정기구에관한사항,4
한솔홀딩스,004150,0,OK,,,,2026-08-31: [기재정정]대규모기업집단현황공시[분기별공시(대표회사용)] | 2026-08-26: 대규모기업집단현황공시[분기별공시(대표회사용)] | 2026-08-13: 반기보고서 (2026.06) | 2026-08-13: 최대주주등소유주식변동신고서               | 2026-08-13: 주식등의대량보유상황보고서(일반),7
효성 ITX,094280,0,OK,,,,2026-08-28: 대규모기업집단현황공시[분기별공시(개별회사용)] | 2026-08-14: 반기보고서 (2026.06) | 2026-08-14: 지급수단별ㆍ지급기간별지급금액및분쟁조정기구에관한사항,3
신한알파리츠,293940,0,OK,,,,2026-09-10: 기타경영사항(자율공시)               | 2026-09-09: 임원ㆍ주요주주특정증권등소유상황보고서 | 2026-09-03: 임원ㆍ주요주주특정증권등소유상황보고서 | 2026-08-27: 임원ㆍ주요주주특정증권등소유상황보고서 | 2026-08-20: 임원ㆍ주요주주특정증권등소유상황보고서,8
브이엠,089970,0,OK,,,,2026-09-08: 중간(분기)배당을위한주주명부폐쇄(기준일)결정               | 2026-09-08: 임원ㆍ주요주주특정증권등소유상황보고서 | 2026-09-08: 임원ㆍ주요주주특정증권등소유상황보고서 | 2026-09-08: 임원ㆍ주요주주특정증권등소유상황보고서 | 2026-08-13: 반기보고서 (2026.06),5
태웅,044490,0,OK,,,,2026-09-09: [기재정정]주식등의대량보유상황보고서(일반) | 2026-09-09: 주식등의대량보유상황보고서(일반) | 2026-09-09: 임원ㆍ주요주주특정증권등소유상황보고서 | 2026-09-09: 임원ㆍ주요주주특정증권등소유상황보고서 | 2026-08-14: 반기보고서 (2026.06),5
아주스틸,139990,0,OK,,,,2026-08-31: 대규모기업집단현황공시[분기별공시(개별회사용)] | 2026-08-14: 반기보고서 (2026.06) | 2026-08-14: 지급수단별ㆍ지급기간별지급금액및분쟁조정기구에관한사항,3
케이비캐피탈,021960,0,OK,,,,2026-08-31: 증권발행실적보고서 | 2026-08-28: 투자설명서(일괄신고) | 2026-08-28: 일괄신고추가서류 | 2026-08-14: [기재정정]일괄신고서 | 2026-08-14: 반기보고서 (2026.06),5
동국홀딩스,001230,0,OK,,,,2026-09-07: [기재정정]주식등의대량보유상황보고서(일반) | 2026-09-07: 최대주주등소유주식변동신고서               | 2026-09-07: 주식등의대량보유상황보고서(일반) | 2026-09-03: 타인에대한채무보증결정(자회사의 주요경영사항)               | 2026-08-28: 대규모기업집단현황공시[분기별공시(대표회사용)],6
에스티팜,237690,0,OK,,,,2026-09-09: 기업설명회(IR)개최               | 2026-08-14: 반기보고서 (2026.06) | 2026-08-11: 전환사채(해외전환사채포함)발행후만기전사채취득              ,3
동국제강,460860,0,OK,,,,2026-09-03: 타인에대한채무보증결정               | 2026-08-28: 대규모기업집단현황공시[분기별공시(개별회사용)] | 2026-08-14: 반기보고서 (2026.06) | 2026-08-13: 지급수단별ㆍ지급기간별지급금액및분쟁조정기구에관한사항,4
메리츠증권,008560,0,OK,,,,2026-09-10: 투자설명서(일괄신고) | 2026-09-10: 일괄신고추가서류(파생결합사채-주가연계파생결합사채) | 2026-09-09: 투자설명서(일괄신고) | 2026-09-09: 일괄신고추가서류(파생결합증권-주가연계증권) | 2026-09-09: 투자설명서(일괄신고),96
티엑스알로보틱스,484810,0,OK,,,,2026-09-02: 기업설명회(IR)개최               | 2026-08-20: 주식등의대량보유상황보고서(일반) | 2026-08-20: 임원ㆍ주요주주특정증권등소유상황보고서 | 2026-08-11: 반기보고서 (2026.06),4
iM금융지주,139130,0,OK,,,,2026-09-09: 기업설명회(IR)개최(안내공시)               | 2026-09-07: [발행조건확정]증권신고서(채무증권) | 2026-09-07: [기재정정]주요사항보고서(상각형조건부자본증권발행결정) | 2026-09-07: 효력발생안내( 2026.8.28. 제출 일괄신고서 ) | 2026-09-01: 증권신고서(채무증권),10
오스코텍,039200,0,OK,,,,2026-09-04: 투자판단관련주요경영사항(임상시험결과)              (알츠하이머 치료 후보물질 ADELY01 임상 1a/1b상 임상시험결과보고서(CSR) 수령) | 2026-09-01: 주식등의대량보유상황보고서(일반) | 2026-08-20: 기업설명회(IR)개최               | 2026-08-14: 주식등의대량보유상황보고서(일반) | 2026-08-14: 반기보고서 (2026.06),5
테이팩스,055490,0,OK,,,,2026-08-26: 대규모기업집단현황공시[분기별공시(개별회사용)] | 2026-08-14: 지급수단별ㆍ지급기간별지급금액및분쟁조정기구에관한사항 | 2026-08-13: 반기보고서 (2026.06),3
삼진제약,005500,0,OK,,,,2026-09-02: 임원ㆍ주요주주특정증권등소유상황보고서 | 2026-09-02: 주식등의대량보유상황보고서(일반) | 2026-08-25: 임원ㆍ주요주주특정증권등소유상황보고서 | 2026-08-25: 임원ㆍ주요주주특정증권등소유상황보고서 | 2026-08-25: 임원ㆍ주요주주특정증권등소유상황보고서,8
엠브레인,169330,0,OK,,,,2026-09-04: 현금ㆍ현물배당결정               | 2026-09-04: 주주총회소집결의               | 2026-08-18: 주식등의대량보유상황보고서(일반) | 2026-08-14: 매출액또는손익구조30%(대규모법인은15%)이상변동              ,4
무림P&P,009580,0,OK,,,,2026-08-31: 지속가능경영보고서등관련사항(자율공시)               | 2026-08-28: [기재정정]벌금등의부과               | 2026-08-14: 반기보고서 (2026.06),3
아이씨티케이,456010,0,OK,,,,2026-08-24: 주주명부폐쇄기간또는기준일설정               | 2026-08-24: 주주총회소집결의              (임시주주총회) | 2026-08-14: 반기보고서 (2026.06),3
무림페이퍼,009200,0,OK,,,,2026-08-31: 지속가능경영보고서등관련사항(자율공시)               | 2026-08-28: [기재정정]벌금등의부과               | 2026-08-14: 반기보고서 (2026.06),3
콜마바이오텍,215380,0,OK,,,,2026-08-31: 전환가액의조정               | 2026-08-28: 대규모기업집단현황공시[분기별공시(개별회사용)] | 2026-08-19: 기타경영사항(자율공시)              (소규모합병 승인 이사회 결의(주주총회 갈음) 결과 보고) | 2026-08-14: 소속부변경               | 2026-08-14: 반기보고서 (2026.06),6
윌비스,008600,0,OK,,,,2026-09-08: [기재정정]주요사항보고서(회생절차개시신청) | 2026-09-04: 주요사항보고서(회생절차개시신청) | 2026-08-31: 대출원리금연체사실발생               | 2026-08-31: 사채원리금미지급발생               | 2026-08-31: 주요사항보고서(채권은행등의관리절차중단),9
SK리츠,395400,0,OK,,,,2026-09-10: 증권신고서(채무증권) | 2026-09-09: 임원ㆍ주요주주특정증권등소유상황보고서 | 2026-09-08: 사업보고서 (2026.06) | 2026-09-08: 감사보고서제출               | 2026-09-07: 부동산투자회사자금차입              ,16
대상홀딩스,084690,0,OK,,,,2026-09-09: 단기차입금증가결정(자회사의 주요경영사항)               | 2026-08-31: [기재정정]벌금등의부과(자회사의 주요경영사항)               | 2026-08-14: 반기보고서 (2026.06),3
코람코더원리츠,417310,0,OK,,,,2026-09-09: 임원ㆍ주요주주특정증권등소유상황보고서 | 2026-09-03: 임원ㆍ주요주주특정증권등소유상황보고서 | 2026-08-27: 임원ㆍ주요주주특정증권등소유상황보고서 | 2026-08-27: 부동산투자회사금전배당결정               | 2026-08-26: 기타경영사항(자율공시)              ,12
씨유테크,376290,0,OK,,,,2026-09-10: 신탁계약에의한취득상황보고서 | 2026-09-10: 신탁계약해지결과보고서 | 2026-09-07: 주요사항보고서(자기주식취득신탁계약해지결정) | 2026-08-13: 반기보고서 (2026.06),4
원티드랩,376980,0,OK,,,,2026-08-14: 반기보고서 (2026.06) | 2026-08-12: [기재정정]주식등의대량보유상황보고서(일반) | 2026-08-12: 주식등의대량보유상황보고서(일반),3
자비스,254120,0,OK,,,,2026-09-10: 주식등의대량보유상황보고서(일반) | 2026-09-10: 임원ㆍ주요주주특정증권등소유상황보고서 | 2026-09-10: 임시주주총회결과               | 2026-09-03: 임원ㆍ주요주주특정증권등소유상황보고서 | 2026-08-26: 임원ㆍ주요주주특정증권등소유상황보고서,9
DKME,015590,0,OK,,,,2026-09-02: [기재정정]주식매수선택권부여에관한신고 | 2026-09-02: [기재정정]주식매수선택권부여에관한신고 | 2026-09-02: 소송등의제기ㆍ신청(경영권분쟁소송)               | 2026-08-20: 소송등의판결ㆍ결정               | 2026-08-14: 반기보고서 (2026.06),5
우진비앤지,018620,0,OK,,,,2026-08-25: 임원ㆍ주요주주특정증권등소유상황보고서 | 2026-08-25: 주식등의대량보유상황보고서(일반) | 2026-08-14: 반기보고서 (2026.06),3
미래에셋벤처투자,100790,0,OK,,,,2026-09-08: 임원ㆍ주요주주특정증권등소유상황보고서 | 2026-08-31: 대규모기업집단현황공시[분기별공시(개별회사용)] | 2026-08-26: 임원ㆍ주요주주특정증권등소유상황보고서 | 2026-08-25: 임원ㆍ주요주주특정증권등소유상황보고서 | 2026-08-25: [기재정정]임원ㆍ주요주주특정증권등소유상황보고서,6
ES큐브,050120,0,OK,,,,2026-08-27: 주식등의대량보유상황보고서(일반) | 2026-08-25: 임원ㆍ주요주주특정증권등소유상황보고서 | 2026-08-25: 임원ㆍ주요주주특정증권등소유상황보고서 | 2026-08-19: 임원ㆍ주요주주특정증권등소유상황보고서 | 2026-08-14: 반기보고서 (2026.06),5
넷마블,251270,0,OK,,,,2026-08-28: 주식등의대량보유상황보고서(일반) | 2026-08-28: 대규모기업집단현황공시[분기별공시(대표회사용)] | 2026-08-21: 임원ㆍ주요주주특정증권등거래계획보고서 | 2026-08-21: 임원ㆍ주요주주특정증권등거래계획보고서 | 2026-08-14: 지급수단별ㆍ지급기간별지급금액및분쟁조정기구에관한사항,6
아티스트컴퍼니,321820,0,OK,,,,2026-09-02: 임시주주총회결과               | 2026-08-26: [첨부정정]주요사항보고서(타법인주식및출자증권양도결정) | 2026-08-26: [첨부정정]주요사항보고서(타법인주식및출자증권양도결정) | 2026-08-26: [첨부정정]주요사항보고서(타법인주식및출자증권양도결정) | 2026-08-26: [기재정정]주요사항보고서(타법인주식및출자증권양도결정),9
한화리츠,451800,0,OK,,,,2026-09-09: 임원ㆍ주요주주특정증권등소유상황보고서 | 2026-09-04: 증권발행실적보고서 | 2026-09-04: 투자설명서 | 2026-09-03: [기재정정]부동산투자회사자금차입               | 2026-09-03: [기재정정]부동산투자회사자금차입              ,22
인바이오,352940,0,OK,,,,2026-09-04: 주주총회소집공고 | 2026-08-26: 임원ㆍ주요주주특정증권등소유상황보고서 | 2026-08-19: 불성실공시법인미지정              (지정유예) | 2026-08-18: 임원ㆍ주요주주특정증권등소유상황보고서 | 2026-08-14: 임원ㆍ주요주주특정증권등소유상황보고서,8
AP시스템,265520,0,OK,,,,2026-09-09: 신탁계약해지결과보고서 | 2026-09-08: 주요사항보고서(자기주식취득신탁계약해지결정) | 2026-08-20: 기업설명회(IR)개최               | 2026-08-14: 반기보고서 (2026.06),4
포스코퓨처엠,003670,0,OK,,,,2026-09-07: 임원ㆍ주요주주특정증권등소유상황보고서 | 2026-09-02: 임원ㆍ주요주주특정증권등소유상황보고서 | 2026-09-02: [기재정정]반기보고서 (2026.06) | 2026-08-27: 대규모기업집단현황공시[분기별공시(개별회사용)] | 2026-08-25: [기재정정]타인에대한채무보증결정              ,9
마니커,027740,0,OK,,,,2026-09-01: 최대주주등소유주식변동신고서               | 2026-09-01: 임원ㆍ주요주주특정증권등소유상황보고서 | 2026-09-01: 주식등의대량보유상황보고서(일반) | 2026-08-14: 반기보고서 (2026.06),4
동양생명보험,082640,0,OK,,,,2026-08-31: [기재정정]반기보고서 (2026.06) | 2026-08-18: 임원ㆍ주요주주특정증권등소유상황보고서 | 2026-08-18: 주식등의대량보유상황보고서(일반) | 2026-08-14: 반기보고서 (2026.06) | 2026-08-14: 임원ㆍ주요주주특정증권등소유상황보고서,10
유틸렉스,263050,0,OK,,,,2026-08-31: [기재정정]대표이사변경               | 2026-08-28: 독립이사의선임ㆍ해임또는중도퇴임에관한신고 | 2026-08-28: 임시주주총회결과               | 2026-08-28: 대표이사변경               | 2026-08-19: 소송등의판결ㆍ결정              ,10
EDGC,245620,0,OK,,,,2026-08-28: 대표이사변경               | 2026-08-26: 회생절차종결신청               | 2026-08-26: [기재정정]회생계획인가               | 2026-08-14: 기타시장안내              (투자주의 환기종목 지정 사유 일부 해제 관련 시장조치 미진행) | 2026-08-14: 반기보고서 (2026.06),5
KBG,318000,0,OK,,,,2026-09-01: 임원ㆍ주요주주특정증권등소유상황보고서 | 2026-08-18: 임원ㆍ주요주주특정증권등소유상황보고서 | 2026-08-14: 반기보고서 (2026.06),3
셀리드,299660,0,OK,,,,2026-08-14: 반기보고서 (2026.06) | 2026-08-14: 소송등의판결ㆍ결정(일정금액이상의청구)               | 2026-08-13: [기재정정]투자판단관련주요경영사항              (사업반환청구의 소 제기의 건),3
오리콤,010470,0,OK,,,,2026-08-31: 대규모기업집단현황공시[분기별공시(개별회사용)] | 2026-08-14: 반기보고서 (2026.06) | 2026-08-14: 지급수단별ㆍ지급기간별지급금액및분쟁조정기구에관한사항,3
종근당홀딩스,001630,0,OK,,,,2026-08-31: [기재정정]주요사항보고서(영업정지)(자회사의 주요경영사항)               | 2026-08-14: 투자판단관련주요경영사항(자회사의 주요경영사항)               | 2026-08-14: 반기보고서 (2026.06),3
제노레이,122310,0,OK,,,,2026-09-10: 임원ㆍ주요주주특정증권등소유상황보고서 | 2026-08-28: 임원ㆍ주요주주특정증권등소유상황보고서 | 2026-08-14: 반기보고서 (2026.06) | 2026-08-12: 기업설명회(IR)개최              ,4
온코크로스,382150,0,OK,,,,2026-09-09: 전환가액의조정              (제2회차) | 2026-09-01: 투자판단관련주요경영사항              (앱티스와 ADC 또는 BsADC 후보물질 공동연구 및 개발 계약 체결) | 2026-08-14: 반기보고서 (2026.06),3
오브젠,417860,0,OK,,,,2026-09-03: 임원ㆍ주요주주특정증권등소유상황보고서 | 2026-09-03: 임원ㆍ주요주주특정증권등소유상황보고서 | 2026-09-03: 임원ㆍ주요주주특정증권등소유상황보고서 | 2026-08-19: 전환가액의조정              (제1회차) | 2026-08-14: 반기보고서 (2026.06),5
LS에코에너지,229640,0,OK,,,,2026-08-28: 대규모기업집단현황공시[분기별공시(개별회사용)] | 2026-08-14: 반기보고서 (2026.06) | 2026-08-14: 지급수단별ㆍ지급기간별지급금액및분쟁조정기구에관한사항,3
벡트,457600,0,OK,,,,2026-09-10: 주주총회소집결의              (임시주주총회) | 2026-08-14: 반기보고서 (2026.06) | 2026-08-13: 주식등의대량보유상황보고서(일반),3
탑엔지니어링,065130,0,OK,,,,2026-08-25: 주식등의대량보유상황보고서(일반) | 2026-08-24: 임원ㆍ주요주주특정증권등소유상황보고서 | 2026-08-14: 반기보고서 (2026.06),3
휴럼,353190,0,OK,,,,2026-09-01: 주식등의대량보유상황보고서(일반) | 2026-08-31: 자기주식취득결과보고서 | 2026-08-26: 주주명부폐쇄기간또는기준일설정               | 2026-08-26: 주주총회소집결의              (임시주주총회) | 2026-08-14: 반기보고서 (2026.06),5
인피니트헬스케어,071200,0,OK,,,,2026-09-02: [기재정정]중간(분기)배당을위한주주명부폐쇄(기준일)결정               | 2026-09-01: 주식등의대량보유상황보고서(약식) | 2026-08-31: [기재정정]소송등의제기ㆍ신청(경영권분쟁소송)              (주주총회결의무효확인 등(항소)) | 2026-08-31: 소송등의제기ㆍ신청(경영권분쟁소송)              (임시주주총회소집허가신청) | 2026-08-21: 중간(분기)배당을위한주주명부폐쇄(기준일)결정              ,6
대교,019680,0,OK,,,,2026-08-27: 최대주주등소유주식변동신고서               | 2026-08-27: 임원ㆍ주요주주특정증권등소유상황보고서 | 2026-08-27: 임원ㆍ주요주주특정증권등소유상황보고서 | 2026-08-27: 임원ㆍ주요주주특정증권등소유상황보고서 | 2026-08-27: 임원ㆍ주요주주특정증권등소유상황보고서,20
우리은행,000030,0,OK,,,,2026-09-08: 증권발행실적보고서 | 2026-09-07: 투자설명서(일괄신고) | 2026-09-07: 일괄신고추가서류 | 2026-09-07: 증권발행실적보고서 | 2026-09-04: 투자설명서(일괄신고),15
스튜디오드래곤,253450,0,OK,,,,2026-09-08: 기업설명회(IR)개최               | 2026-08-31: 기업설명회(IR)개최               | 2026-08-31: 대규모기업집단현황공시[분기별공시(개별회사용)] | 2026-08-25: 기업설명회(IR)개최               | 2026-08-14: 반기보고서 (2026.06),6
선진,136490,0,OK,,,,2026-08-28: 대규모기업집단현황공시[분기별공시(개별회사용)] | 2026-08-13: [기재정정]반기보고서 (2026.06) | 2026-08-13: 지급수단별ㆍ지급기간별지급금액및분쟁조정기구에관한사항 | 2026-08-13: 반기보고서 (2026.06),4
한익스프레스,014130,0,OK,,,,2026-08-25: 기업설명회(IR)개최(안내공시)               | 2026-08-14: 기업가치제고계획(자율공시)               | 2026-08-14: 반기보고서 (2026.06),3
온코닉테라퓨틱스,476060,0,OK,,,,2026-09-03: 독립이사의선임ㆍ해임또는중도퇴임에관한신고 | 2026-09-02: 투자판단관련주요경영사항(임상시험계획변경승인)              (자큐보정(JP1366)(자스타프라잔시트르산염) 기반 삼제요법의 헬리코박터 파일로리 양성 환자 대상 유효성 및 안전성 평가를 위한 제3상 임상시험계획승인(변경승인)) | 2026-08-12: 반기보고서 (2026.06),3
에이치브이엠,295310,0,OK,,,,2026-09-01: 주식등의대량보유상황보고서(일반) | 2026-08-31: 주식매수선택권부여에관한신고 | 2026-08-31: [기재정정]주식매수선택권부여에관한신고 | 2026-08-14: 반기보고서 (2026.06) | 2026-08-13: 임원ㆍ주요주주특정증권등소유상황보고서,8
한솔아이원스,114810,0,OK,,,,2026-08-26: 대규모기업집단현황공시[분기별공시(개별회사용)] | 2026-08-14: 지급수단별ㆍ지급기간별지급금액및분쟁조정기구에관한사항 | 2026-08-13: 반기보고서 (2026.06),3
팜스빌,318010,0,OK,,,,2026-08-20: [기재정정]반기보고서 (2026.06) | 2026-08-20: [기재정정]분기보고서 (2026.03) | 2026-08-13: 반기보고서 (2026.06),3
아모텍,052710,0,OK,,,,2026-08-19: 임원ㆍ주요주주특정증권등소유상황보고서 | 2026-08-19: 임원ㆍ주요주주특정증권등소유상황보고서 | 2026-08-19: 임원ㆍ주요주주특정증권등소유상황보고서 | 2026-08-18: 임원ㆍ주요주주특정증권등소유상황보고서 | 2026-08-18: 주식등의대량보유상황보고서(일반),9
드림인사이트,362990,0,OK,,,,2026-08-21: 주식등의대량보유상황보고서(일반) | 2026-08-21: 임원ㆍ주요주주특정증권등소유상황보고서 | 2026-08-14: 반기보고서 (2026.06),3
쎄트렉아이,099320,0,OK,,,,2026-08-26: 주주명부폐쇄기간또는기준일설정               | 2026-08-26: 주주총회소집결의              (임시주주총회) | 2026-08-13: 반기보고서 (2026.06),3
아미코젠,092040,0,OK,,,,2026-09-03: 불성실공시법인지정예고              (공시번복 2건) | 2026-09-03: 임원ㆍ주요주주특정증권등소유상황보고서 | 2026-08-31: [기재정정]주주명부폐쇄기간또는기준일설정               | 2026-08-31: [기재정정]주주총회소집결의              (임시주주총회) | 2026-08-18: [기재정정]반기보고서 (2026.06),7
조이시티,067000,0,OK,,,,2026-08-19: 임원ㆍ주요주주특정증권등거래계획보고서 | 2026-08-18: 임원ㆍ주요주주특정증권등소유상황보고서 | 2026-08-14: 반기보고서 (2026.06),3
두산로보틱스,454910,0,OK,,,,2026-09-04: 주식등의대량보유상황보고서(일반) | 2026-08-31: 대규모기업집단현황공시[분기별공시(개별회사용)] | 2026-08-18: 기업설명회(IR)개최(안내공시)               | 2026-08-14: 반기보고서 (2026.06) | 2026-08-14: 지급수단별ㆍ지급기간별지급금액및분쟁조정기구에관한사항,5
위세아이텍,065370,0,OK,,,,2026-08-28: 임원ㆍ주요주주특정증권등소유상황보고서 | 2026-08-27: 임원ㆍ주요주주특정증권등소유상황보고서 | 2026-08-24: 임원ㆍ주요주주특정증권등소유상황보고서 | 2026-08-14: 반기보고서 (2026.06),4
KB금융,105560,0,OK,,,,2026-09-04: 기업설명회(IR)개최(안내공시)               | 2026-08-31: 증권발행실적보고서 | 2026-08-31: 투자설명서 | 2026-08-26: [첨부정정]증권신고서(채무증권) | 2026-08-25: [발행조건확정]증권신고서(채무증권),16
APS,054620,0,OK,,,,2026-08-24: 주식등의대량보유상황보고서(약식) | 2026-08-18: [기재정정]반기보고서 (2026.06) | 2026-08-14: 증권발행결과(자율공시)               | 2026-08-14: 반기보고서 (2026.06),4
한국공항,005430,0,OK,,,,2026-08-31: 대규모기업집단현황공시[분기별공시(개별회사용)] | 2026-08-14: 반기보고서 (2026.06) | 2026-08-14: 지급수단별ㆍ지급기간별지급금액및분쟁조정기구에관한사항,3
한국쉘석유,002960,0,OK,,,,2026-08-27: 주식등의대량보유상황보고서(약식) | 2026-08-27: 주식등의대량보유상황보고서(약식) | 2026-08-14: 반기보고서 (2026.06),3
쇼박스,086980,0,OK,,,,2026-08-31: 대규모기업집단현황공시[분기별공시(개별회사용)] | 2026-08-18: 기업설명회(IR)개최               | 2026-08-14: 지급수단별ㆍ지급기간별지급금액및분쟁조정기구에관한사항 | 2026-08-14: 반기보고서 (2026.06),4
신한글로벌액티브리츠,481850,0,OK,,,,2026-09-01: 기타경영사항(자율공시)               | 2026-09-01: [기재정정]부동산투자회사자금차입               | 2026-08-13: 주주명부폐쇄기간또는기준일설정              ,3
대구백화점,006370,0,OK,,,,2026-08-31: [기재정정]주주총회소집결의               | 2026-08-26: 주식등의대량보유상황보고서(일반) | 2026-08-26: [기재정정]투자판단관련주요경영사항               | 2026-08-26: [기재정정]투자판단관련주요경영사항               | 2026-08-24: [기재정정]주주총회소집결의              ,10
가온칩스,399720,0,OK,,,,2026-09-03: 주요사항보고서(자기주식취득신탁계약체결결정) | 2026-08-26: 주식등의대량보유상황보고서(일반) | 2026-08-14: 반기보고서 (2026.06),3
부산주공,005030,0,OK,,,,2026-09-02: [기재정정]주요사항보고서(유형자산양도결정) | 2026-08-31: [기재정정]주요사항보고서(유형자산양도결정) | 2026-08-14: 반기보고서 (2026.06),3
한국단자공업,025540,0,OK,,,,2026-09-02: 지속가능경영보고서등관련사항(자율공시)               | 2026-08-14: 반기보고서 (2026.06) | 2026-08-12: 현금ㆍ현물배당결정               | 2026-08-12: 현금ㆍ현물배당을위한주주명부폐쇄(기준일)결정              ,4
HS효성첨단소재,298050,0,OK,,,,2026-09-07: 타인에대한채무보증결정               | 2026-09-07: 타인에대한채무보증결정               | 2026-09-04: 타인에대한채무보증결정               | 2026-09-01: 주식등의대량보유상황보고서(약식) | 2026-08-31: [기재정정]타법인주식및출자증권취득결정              ,10
아시아경제,127710,0,OK,,,,2026-09-01: [기재정정]타법인주식및출자증권취득결정               | 2026-08-25: [기재정정]타법인주식및출자증권취득결정               | 2026-08-14: 반기보고서 (2026.06),3
풀무원,017810,0,OK,,,,2026-08-28: [기재정정]주요사항보고서(자본으로인정되는채무증권발행결정) | 2026-08-26: 주요사항보고서(자본으로인정되는채무증권발행결정) | 2026-08-26: 주요사항보고서(자본으로인정되는채무증권발행결정) | 2026-08-14: 반기보고서 (2026.06) | 2026-08-13: 주식등의대량보유상황보고서(약식),9
진양산업,003780,0,OK,,,,2026-08-27: 임원ㆍ주요주주특정증권등소유상황보고서 | 2026-08-27: 최대주주등소유주식변동신고서               | 2026-08-14: 반기보고서 (2026.06) | 2026-08-14: 기업설명회(IR)개최(안내공시)              ,4
한화머시너리앤서비스홀딩스,0220W0,0,OK,,,,2026-09-08: 의결권대리행사권유참고서류 | 2026-09-08: 주주총회소집공고 | 2026-09-01: [기재정정]주식등의대량보유상황보고서(일반) | 2026-08-28: 임원ㆍ주요주주특정증권등소유상황보고서 | 2026-08-28: 임원ㆍ주요주주특정증권등소유상황보고서,11
오에스피,368970,0,OK,,,,2026-09-08: 기타시장안내              (시가총액 미달에 따른 상장폐지 우려 관련 안내) | 2026-09-01: 기타시장안내              (시가총액 미달에 따른 상장폐지 우려 관련 안내) | 2026-09-01: 임원ㆍ주요주주특정증권등소유상황보고서 | 2026-09-01: 주식등의대량보유상황보고서(일반) | 2026-08-20: 주식등의대량보유상황보고서(약식),7
풍산,103140,0,OK,,,,2026-09-10: 임원ㆍ주요주주특정증권등소유상황보고서 | 2026-09-10: 최대주주등소유주식변동신고서               | 2026-08-14: 반기보고서 (2026.06) | 2026-08-12: 임원ㆍ주요주주특정증권등소유상황보고서 | 2026-08-12: 최대주주등소유주식변동신고서              ,5
프로이천,321260,0,OK,,,,2026-09-03: [기재정정]주주총회소집공고 | 2026-09-02: [기재정정]주주총회소집공고 | 2026-08-28: 주주총회소집공고 | 2026-08-13: 반기보고서 (2026.06),4
엠아이큐브솔루션,373170,0,OK,,,,2026-09-02: 투자판단관련주요경영사항              ([국책과제 선정]피지컬AI 기반 SW플랫폼 연구개발 생태계 조성사업(협업지능 피지컬AI SW 표준화 및 모듈형 SDF-OCS 설계 구축)) | 2026-09-02: 투자판단관련주요경영사항              ([국책과제 선정]피지컬AI 기반 SW플랫폼 연구개발 생태계 조성사업(피지컬AI-디지털트윈 가상환경 기술 개발)) | 2026-08-14: 반기보고서 (2026.06),3
세나테크놀로지,061090,0,OK,,,,2026-09-07: 기업설명회(IR)개최               | 2026-08-13: 반기보고서 (2026.06) | 2026-08-12: 소속부변경               | 2026-08-11: [기재정정]연결재무제표기준영업실적등에대한전망(공정공시)              ,4
올리패스,244460,0,OK,,,,2026-09-10: [기재정정]회생절차개시결정               | 2026-08-14: [첨부추가]반기검토(감사)의견부적정등사실확인(자본잠식률100분의50이상또는자기자본10억원미만포함)               | 2026-08-14: 기타시장안내              (상장적격성 실질심사 사유 추가 관련 절차 미진행) | 2026-08-14: 반기보고서 (2026.06) | 2026-08-14: [기재정정]회생절차개시결정              ,5
기도산업,282620,0,OK,,,,2026-08-28: [기재정정]반기보고서 (2026.06) | 2026-08-26: 반기보고서 (2026.06) | 2026-08-25: 임원ㆍ주요주주특정증권등소유상황보고서 | 2026-08-25: 주식등의대량보유상황보고서(일반) | 2026-08-14: 증권발행실적보고서,5
파워로직스,047310,0,OK,,,,2026-08-26: 주식등의대량보유상황보고서(일반) | 2026-08-26: 임원ㆍ주요주주특정증권등소유상황보고서 | 2026-08-14: 반기보고서 (2026.06),3
한섬,020000,0,OK,,,,2026-09-09: 주식등의대량보유상황보고서(약식) | 2026-08-28: 대규모기업집단현황공시[분기별공시(개별회사용)] | 2026-08-25: 기업설명회(IR)개최(안내공시)               | 2026-08-14: 반기보고서 (2026.06) | 2026-08-14: 지급수단별ㆍ지급기간별지급금액및분쟁조정기구에관한사항,7
더블유씨피,393890,0,OK,,,,2026-09-09: 주식등의대량보유상황보고서(약식) | 2026-09-08: 기업설명회(IR)개최               | 2026-08-14: 반기보고서 (2026.06),3
원익머트리얼즈,104830,0,OK,,,,2026-08-28: 대규모기업집단현황공시[분기별공시(개별회사용)] | 2026-08-14: 반기보고서 (2026.06) | 2026-08-14: 지급수단별ㆍ지급기간별지급금액및분쟁조정기구에관한사항,3
인바이츠바이오코아,216400,0,OK,,,,2026-08-28: 주식등의대량보유상황보고서(약식) | 2026-08-28: 주식등의대량보유상황보고서(약식) | 2026-08-25: 대표이사변경               | 2026-08-25: 불성실공시법인지정              (공시불이행) | 2026-08-24: 임시주주총회결과              ,5
성원에너텍,340930,0,OK,,,,2026-08-21: [기재정정]회생절차개시결정               | 2026-08-14: 반기보고서 (2026.06) | 2026-08-14: 반기검토(감사)의견부적정등사실확인(자본잠식률100분의50이상또는자기자본10억원미만포함)               | 2026-08-14: [기재정정]주식등의대량보유상황보고서(일반) | 2026-08-14: [기재정정]주식등의대량보유상황보고서(일반),7
듀켐바이오,176750,0,OK,,,,2026-09-04: 신규시설투자등               | 2026-08-31: 주식등의대량보유상황보고서(약식) | 2026-08-14: 반기보고서 (2026.06),3
선익시스템,171090,0,OK,,,,2026-09-08: 기업설명회(IR)개최               | 2026-09-03: 기업설명회(IR)개최               | 2026-09-03: 기업설명회(IR)개최               | 2026-08-24: 기업설명회(IR)개최               | 2026-08-14: 반기보고서 (2026.06),5
케이탑리츠,145270,0,OK,,,,2026-09-10: 최대주주등소유주식변동신고서               | 2026-08-26: 최대주주등소유주식변동신고서               | 2026-08-12: 반기보고서 (2026.06),3
영원무역,111770,0,OK,,,,2026-08-14: 반기보고서 (2026.06) | 2026-08-11: [기재정정]수시공시의무관련사항(공정공시)               | 2026-08-11: 기업가치제고계획(자율공시)              (2025년 이행현황) | 2026-08-11: 현금ㆍ현물배당을위한주주명부폐쇄(기준일)결정               | 2026-08-11: 현금ㆍ현물배당결정              ,5
종근당,185750,0,OK,,,,2026-08-31: 주식등의대량보유상황보고서(일반) | 2026-08-28: 임원ㆍ주요주주특정증권등거래계획보고서 | 2026-08-28: 임원ㆍ주요주주특정증권등거래계획보고서 | 2026-08-14: 반기보고서 (2026.06) | 2026-08-13: 주식등의대량보유상황보고서(약식),5
HK이노엔,195940,0,OK,,,,2026-08-28: 대규모기업집단현황공시[분기별공시(개별회사용)] | 2026-08-14: 지급수단별ㆍ지급기간별지급금액및분쟁조정기구에관한사항 | 2026-08-14: 반기보고서 (2026.06) | 2026-08-12: 독립이사의선임ㆍ해임또는중도퇴임에관한신고 | 2026-08-12: 임시주주총회결과              ,5
제주은행,006220,0,OK,,,,2026-09-10: 증권신고서(채무증권) | 2026-09-10: [기재정정]주요사항보고서(상각형조건부자본증권발행결정) | 2026-09-03: 일괄신고서 | 2026-08-14: 반기보고서 (2026.06),4
아이센스,099190,0,OK,,,,2026-08-31: 전환가액의조정               | 2026-08-24: 전환청구권행사               | 2026-08-14: 반기보고서 (2026.06),3
리드코프,012700,0,OK,,,,2026-09-07: 본점소재지변경               | 2026-08-25: 주식등의대량보유상황보고서(일반) | 2026-08-14: 반기보고서 (2026.06),3
아가방컴퍼니,013990,0,OK,,,,2026-09-07: 임시주주총회결과               | 2026-08-31: 임원ㆍ주요주주특정증권등거래계획보고서 | 2026-08-21: 의결권대리행사권유참고서류 | 2026-08-21: 주주총회소집공고 | 2026-08-18: 주식등의대량보유상황보고서(일반),8
한국알콜,017890,0,OK,,,,2026-09-03: 임원ㆍ주요주주특정증권등소유상황보고서 | 2026-08-26: 주식등의대량보유상황보고서(약식) | 2026-08-20: 임원ㆍ주요주주특정증권등소유상황보고서 | 2026-08-13: 기업설명회(IR)개최               | 2026-08-13: 반기보고서 (2026.06),6
유진기업,023410,0,OK,,,,2026-09-10: 해산사유발생(종속회사의주요경영사항)               | 2026-09-07: 타법인주식및출자증권처분결정(종속회사의주요경영사항)               | 2026-08-28: 대규모기업집단현황공시[분기별공시(대표회사용)] | 2026-08-14: 반기보고서 (2026.06),4
아이즈비전,031310,0,OK,,,,2026-09-10: 임원ㆍ주요주주특정증권등소유상황보고서 | 2026-08-18: 유형자산처분결정(종속회사의주요경영사항)               | 2026-08-14: 반기보고서 (2026.06),3
코스맥스비티아이,044820,0,OK,,,,2026-09-10: 주식등의대량보유상황보고서(약식) | 2026-09-10: 대표이사(대표집행임원)변경(안내공시)               | 2026-09-01: 금전대여결정(자회사의 주요경영사항)               | 2026-09-01: 단기차입금증가결정(자회사의 주요경영사항)               | 2026-09-01: 타인에대한채무보증결정(자회사의 주요경영사항)              ,7
형지글로벌,308100,0,OK,,,,2026-09-10: 주식등의대량보유상황보고서(약식) | 2026-08-24: [기재정정]사채원리금미지급발생(자율공시)               | 2026-08-18: 사채원리금미지급발생(자율공시)               | 2026-08-14: 반기보고서 (2026.06),4
에스디바이오센서,137310,0,OK,,,,2026-08-20: 주식등의대량보유상황보고서(일반) | 2026-08-14: 반기보고서 (2026.06) | 2026-08-12: 임원ㆍ주요주주특정증권등소유상황보고서,3
한솔테크닉스,004710,0,OK,,,,2026-09-07: 주식등의대량보유상황보고서(약식) | 2026-09-03: 주식등의대량보유상황보고서(약식) | 2026-08-26: 대규모기업집단현황공시[분기별공시(개별회사용)] | 2026-08-14: 지급수단별ㆍ지급기간별지급금액및분쟁조정기구에관한사항 | 2026-08-13: 반기보고서 (2026.06),5
닷밀,464580,0,OK,,,,2026-08-27: 임원ㆍ주요주주특정증권등소유상황보고서 | 2026-08-27: 주식등의대량보유상황보고서(일반) | 2026-08-20: 임원ㆍ주요주주특정증권등소유상황보고서 | 2026-08-20: 주식등의대량보유상황보고서(일반) | 2026-08-14: 반기보고서 (2026.06),9
백산,035150,0,OK,,,,2026-08-31: 현금ㆍ현물배당을위한주주명부폐쇄(기준일)결정               | 2026-08-13: 반기보고서 (2026.06) | 2026-08-12: 최대주주등소유주식변동신고서               | 2026-08-12: 주식등의대량보유상황보고서(일반) | 2026-08-12: 임원ㆍ주요주주특정증권등소유상황보고서,5
효성,004800,0,OK,,,,2026-09-10: 회계처리기준위반에따른검찰고발등조치결과               | 2026-08-31: [기재정정]대규모기업집단현황공시[분기별공시(대표회사용)] | 2026-08-27: 대규모기업집단현황공시[분기별공시(대표회사용)] | 2026-08-19: [기재정정]반기보고서 (2026.06) | 2026-08-14: 지급수단별ㆍ지급기간별지급금액및분쟁조정기구에관한사항,7
셀트리온제약,068760,0,OK,,,,2026-08-27: 대규모기업집단현황공시[분기별공시(개별회사용)] | 2026-08-14: 반기보고서 (2026.06) | 2026-08-14: 지급수단별ㆍ지급기간별지급금액및분쟁조정기구에관한사항,3
한솔로지스틱스,009180,0,OK,,,,2026-08-26: 대규모기업집단현황공시[분기별공시(개별회사용)] | 2026-08-13: 반기보고서 (2026.06) | 2026-08-13: 지급수단별ㆍ지급기간별지급금액및분쟁조정기구에관한사항,3
수산아이앤티,050960,0,OK,,,,2026-08-19: 주식등의대량보유상황보고서(일반) | 2026-08-14: 반기보고서 (2026.06) | 2026-08-14: 임원ㆍ주요주주특정증권등소유상황보고서,3
한독,002390,0,OK,,,,2026-09-10: [기재정정]주식등의대량보유상황보고서(일반) | 2026-09-10: [기재정정]주식등의대량보유상황보고서(일반) | 2026-09-10: 주식등의대량보유상황보고서(일반) | 2026-08-20: 주식등의대량보유상황보고서(일반) | 2026-08-14: 반기보고서 (2026.06),6
동구바이오제약,006620,0,OK,,,,2026-09-10: [기재정정]주요사항보고서(영업정지) | 2026-09-02: 주식등의대량보유상황보고서(일반) | 2026-08-18: [기재정정]주요사항보고서(영업정지) | 2026-08-18: [기재정정]주요사항보고서(영업정지) | 2026-08-12: 반기보고서 (2026.06),5
아이엠지티,456570,0,OK,,,,2026-09-04: [기재정정]주식매수선택권부여에관한신고 | 2026-09-04: [기재정정]주식매수선택권부여에관한신고 | 2026-09-04: 주식매수선택권부여에관한신고 | 2026-09-04: 주식매수선택권부여에관한신고 | 2026-09-02: 임원ㆍ주요주주특정증권등소유상황보고서,6
에너토크,019990,0,OK,,,,2026-08-24: [기재정정]주식매수선택권부여에관한신고 | 2026-08-20: 임원ㆍ주요주주특정증권등소유상황보고서 | 2026-08-14: 반기보고서 (2026.06) | 2026-08-14: 기업설명회(IR)개최              ,4
툴젠,199800,0,OK,,,,2026-09-08: 임원ㆍ주요주주특정증권등소유상황보고서 | 2026-09-04: [기재정정]투자설명서 | 2026-09-04: 효력발생안내( 2026.8.20. 제출 증권신고서(지분증권) ) | 2026-09-01: 임원ㆍ주요주주특정증권등소유상황보고서 | 2026-08-28: 임원ㆍ주요주주특정증권등소유상황보고서,10
현대차증권,001500,0,OK,,,,2026-09-09: 투자설명서(일괄신고) | 2026-09-09: 일괄신고추가서류(파생결합사채-주가연계파생결합사채) | 2026-09-09: 투자설명서(일괄신고) | 2026-09-09: 일괄신고추가서류(파생결합사채-주가연계파생결합사채) | 2026-09-09: 투자설명서(일괄신고),70
유아이디,069330,0,OK,,,,2026-08-27: 주주총회소집공고 | 2026-08-26: 주식등의대량보유상황보고서(일반) | 2026-08-14: 반기보고서 (2026.06),3
신한서부티엔디리츠,404990,0,OK,,,,2026-09-09: 임원ㆍ주요주주특정증권등소유상황보고서 | 2026-09-08: 정기주주총회결과               | 2026-09-08: 주주명부폐쇄기간또는기준일설정               | 2026-09-03: 임원ㆍ주요주주특정증권등소유상황보고서 | 2026-09-01: [기재정정]타법인주식및출자증권취득결정              ,17
GST,083450,0,OK,,,,2026-08-24: 임원ㆍ주요주주특정증권등소유상황보고서 | 2026-08-24: 임원ㆍ주요주주특정증권등소유상황보고서 | 2026-08-24: 임원ㆍ주요주주특정증권등소유상황보고서 | 2026-08-24: 임원ㆍ주요주주특정증권등소유상황보고서 | 2026-08-24: 임원ㆍ주요주주특정증권등소유상황보고서,7
휴스틸,005010,0,OK,,,,2026-08-25: 임원ㆍ주요주주특정증권등소유상황보고서 | 2026-08-25: 최대주주등소유주식변동신고서               | 2026-08-14: 반기보고서 (2026.06),3
진도,088790,0,OK,,,,2026-09-01: 투자유의안내               | 2026-09-01: 주요사항보고서(자기주식취득신탁계약체결결정) | 2026-09-01: 임원ㆍ주요주주특정증권등거래계획보고서 | 2026-08-31: 주주총회소집공고 | 2026-08-31: 의결권대리행사권유참고서류,9
CJ프레시웨이,051500,0,OK,,,,2026-08-28: 대규모기업집단현황공시[분기별공시(개별회사용)] | 2026-08-14: 반기보고서 (2026.06) | 2026-08-14: 지급수단별ㆍ지급기간별지급금액및분쟁조정기구에관한사항,3
대성창투,027830,0,OK,,,,2026-08-28: 주주총회소집결의              (임시주주총회) | 2026-08-28: 주식병합결정               | 2026-08-28: 주주명부폐쇄기간또는기준일설정               | 2026-08-14: 반기보고서 (2026.06),4
대현,016090,0,OK,,,,2026-08-31: 최대주주등소유주식변동신고서               | 2026-08-31: 임원ㆍ주요주주특정증권등소유상황보고서 | 2026-08-31: 임원ㆍ주요주주특정증권등소유상황보고서 | 2026-08-31: 주식등의대량보유상황보고서(일반) | 2026-08-14: 반기보고서 (2026.06),5
LX세미콘,108320,0,OK,,,,2026-08-28: 대규모기업집단현황공시[분기별공시(개별회사용)] | 2026-08-14: 반기보고서 (2026.06) | 2026-08-14: 지급수단별ㆍ지급기간별지급금액및분쟁조정기구에관한사항,3
데브시스터즈,194480,0,OK,,,,2026-08-26: 임원ㆍ주요주주특정증권등소유상황보고서 | 2026-08-26: 기업설명회(IR)개최               | 2026-08-14: 반기보고서 (2026.06),3
삼성증권,016360,0,OK,,,,2026-09-10: 증권발행실적보고서 | 2026-09-10: 투자설명서(일괄신고) | 2026-09-10: 일괄신고추가서류(파생결합증권-상장지수증권) | 2026-09-10: 투자설명서(일괄신고) | 2026-09-10: 일괄신고추가서류(파생결합사채-주가연계파생결합사채),46
LG이노텍,011070,0,OK,,,,2026-08-28: 대규모기업집단현황공시[분기별공시(개별회사용)] | 2026-08-14: 반기보고서 (2026.06) | 2026-08-13: 지급수단별ㆍ지급기간별지급금액및분쟁조정기구에관한사항,3
유안타증권,003470,0,OK,,,,2026-09-10: 최대주주등소유주식변동신고서               | 2026-09-09: 최대주주등소유주식변동신고서               | 2026-09-08: 임원ㆍ주요주주특정증권등소유상황보고서 | 2026-09-08: 최대주주등소유주식변동신고서               | 2026-09-08: 투자설명서(일괄신고),53
하나투어,039130,0,OK,,,,2026-09-10: 임원ㆍ주요주주특정증권등소유상황보고서 | 2026-09-01: 주식등의대량보유상황보고서(일반) | 2026-08-18: 주식매수선택권부여에관한신고 | 2026-08-18: 대표이사(대표집행임원)변경(안내공시)               | 2026-08-18: 임시주주총회결과              ,6
주연테크,044380,0,OK,,,,2026-09-09: 최대주주등소유주식변동신고서               | 2026-09-09: 임원ㆍ주요주주특정증권등소유상황보고서 | 2026-09-09: 주식등의대량보유상황보고서(일반) | 2026-09-09: 투자유의안내              (시가총액요건 미달로 인한 상장폐지 우려 예고) | 2026-08-28: 대표이사(대표집행임원)변경(안내공시)              ,10
동방메디컬,240550,0,OK,,,,2026-09-08: 기업설명회(IR)개최               | 2026-09-08: 기업설명회(IR)개최               | 2026-08-28: 대표이사변경               | 2026-08-28: 임시주주총회결과               | 2026-08-14: [기재정정]분기보고서 (2026.03),7
CMG제약,058820,0,OK,,,,2026-09-02: 임시주주총회결과               | 2026-08-14: 반기보고서 (2026.06) | 2026-08-13: 의결권대리행사권유참고서류 | 2026-08-13: 주주총회소집공고,4
평화산업,090080,0,OK,,,,2026-09-01: 임원ㆍ주요주주특정증권등소유상황보고서 | 2026-09-01: 주식등의대량보유상황보고서(일반) | 2026-09-01: 최대주주등소유주식변동신고서               | 2026-08-25: 임원ㆍ주요주주특정증권등소유상황보고서 | 2026-08-25: 주식등의대량보유상황보고서(일반),10
디에이테크놀로지,196490,0,OK,,,,2026-08-14: 기타시장안내              (자본전액잠식 관련 시장조치 미진행) | 2026-08-14: 반기검토(감사)의견부적정등사실확인(자본잠식률100분의50이상또는자기자본10억원미만포함)               | 2026-08-14: 반기보고서 (2026.06),3
차이커뮤니케이션,351870,0,OK,,,,2026-09-04: 주주총회소집결의              (임시주주총회) | 2026-09-04: 주주명부폐쇄기간또는기준일설정               | 2026-08-14: 반기보고서 (2026.06),3
알루코,001780,0,OK,,,,2026-08-27: 타인에대한채무보증결정(자율공시)               | 2026-08-27: 타인에대한채무보증결정               | 2026-08-14: 반기보고서 (2026.06),3
케이앤에스아이앤씨,487400,0,OK,,,,2026-08-21: 주식등의대량보유상황보고서(약식) | 2026-08-21: 주식등의대량보유상황보고서(일반) | 2026-08-21: 임원ㆍ주요주주특정증권등소유상황보고서 | 2026-08-21: 임원ㆍ주요주주특정증권등소유상황보고서 | 2026-08-21: 임원ㆍ주요주주특정증권등소유상황보고서,8
주성엔지니어링,036930,0,OK,,,,2026-08-24: 기업설명회(IR)개최               | 2026-08-24: 기업설명회(IR)개최               | 2026-08-14: 반기보고서 (2026.06),3
대원강업,000430,0,OK,,,,2026-08-28: 대규모기업집단현황공시[분기별공시(개별회사용)] | 2026-08-25: 기업설명회(IR)개최(안내공시)               | 2026-08-14: 반기보고서 (2026.06) | 2026-08-14: 지급수단별ㆍ지급기간별지급금액및분쟁조정기구에관한사항,4
비큐AI,148780,0,OK,,,,2026-09-07: 기업설명회(IR)개최               | 2026-08-25: [기재정정]주식등의대량보유상황보고서(일반) | 2026-08-25: 임원ㆍ주요주주특정증권등소유상황보고서 | 2026-08-25: 주식등의대량보유상황보고서(일반) | 2026-08-21: [기재정정]타법인주식및출자증권취득결정              ,8
CJ 바이오사이언스,311690,0,OK,,,,2026-08-28: 대규모기업집단현황공시[분기별공시(개별회사용)] | 2026-08-14: 반기보고서 (2026.06) | 2026-08-14: 지급수단별ㆍ지급기간별지급금액및분쟁조정기구에관한사항,3
지엔코,065060,0,OK,,,,2026-09-08: 특수관계인으로부터자금차입 | 2026-09-08: 주식등의대량보유상황보고서(일반) | 2026-08-31: 주식등의대량보유상황보고서(일반) | 2026-08-28: 대규모기업집단현황공시[분기별공시(개별회사용)] | 2026-08-25: 특수관계인으로부터자금차입,9
케어랩스,263700,0,OK,,,,2026-08-31: 대규모기업집단현황공시[분기별공시(개별회사용)] | 2026-08-14: 반기보고서 (2026.06) | 2026-08-14: 지급수단별ㆍ지급기간별지급금액및분쟁조정기구에관한사항,3
대호에이엘,069460,0,OK,,,,2026-09-01: [기재정정]독립이사의선임ㆍ해임또는중도퇴임에관한신고 | 2026-08-31: 소송등의판결ㆍ결정               | 2026-08-14: [첨부추가]반기보고서 (2026.06) | 2026-08-25: 독립이사의선임ㆍ해임또는중도퇴임에관한신고 | 2026-08-25: 대표이사(대표집행임원)변경(안내공시)              ,11
옵티코어,380540,0,OK,,,,2026-09-10: 독립이사의선임ㆍ해임또는중도퇴임에관한신고 | 2026-09-10: 임시주주총회결과              (제11기) | 2026-08-31: [기재정정]주요사항보고서(자기전환사채만기전취득결정) | 2026-08-26: 의결권대리행사권유참고서류 | 2026-08-26: 주주총회소집공고,10
이스트소프트,047560,0,OK,,,,2026-08-20: 자기교환사채만기전취득결정              (제4회차) | 2026-08-19: 임원ㆍ주요주주특정증권등소유상황보고서 | 2026-08-14: [첨부추가]반기보고서 (2026.06) | 2026-08-11: 독립이사의선임ㆍ해임또는중도퇴임에관한신고 | 2026-08-11: 임시주주총회결과              ,5
SFA넥셀,222080,0,OK,,,,2026-08-20: 주식등의대량보유상황보고서(약식) | 2026-08-18: [기재정정]반기보고서 (2026.06) | 2026-08-11: 반기보고서 (2026.06),3
새빗켐,107600,0,OK,,,,2026-09-01: 주식등의대량보유상황보고서(일반) | 2026-09-01: 임원ㆍ주요주주특정증권등소유상황보고서 | 2026-09-01: [기재정정]주식등의대량보유상황보고서(일반) | 2026-09-01: [기재정정]주식등의대량보유상황보고서(일반) | 2026-09-01: [기재정정]주식등의대량보유상황보고서(일반),11
에스프리즘,288620,0,OK,,,,2026-08-26: 기타경영사항(자율공시)              (특허권 등 실시료 청구 소송 판결에 대한 항소제기) | 2026-08-25: 소송등의판결ㆍ결정(일정금액이상의청구)               | 2026-08-14: 반기보고서 (2026.06) | 2026-08-12: 타인에대한담보제공결정              ,4
LG씨엔에스,064400,0,OK,,,,2026-09-02: 기업설명회(IR)개최(안내공시)               | 2026-09-02: 기업설명회(IR)개최(안내공시)               | 2026-08-28: 대규모기업집단현황공시[분기별공시(개별회사용)] | 2026-08-14: 반기보고서 (2026.06) | 2026-08-12: 동일인등출자계열회사와의상품ㆍ용역거래변경,6
플레이위드,023770,0,OK,,,,2026-09-03: 임원ㆍ주요주주특정증권등소유상황보고서 | 2026-09-03: 임원ㆍ주요주주특정증권등소유상황보고서 | 2026-08-27: 주식등의대량보유상황보고서(일반) | 2026-08-27: 임원ㆍ주요주주특정증권등소유상황보고서 | 2026-08-18: 주식등의대량보유상황보고서(일반),8
오텍,067170,0,OK,,,,2026-09-01: 주식등의대량보유상황보고서(일반) | 2026-09-01: 임원ㆍ주요주주특정증권등소유상황보고서 | 2026-08-31: 타인에대한채무보증결정               | 2026-08-18: 임원ㆍ주요주주특정증권등소유상황보고서 | 2026-08-14: 반기보고서 (2026.06),6
소노스퀘어,007720,0,OK,,,,2026-08-28: 대규모기업집단현황공시[분기별공시(개별회사용)] | 2026-08-13: 반기보고서 (2026.06) | 2026-08-13: 지급수단별ㆍ지급기간별지급금액및분쟁조정기구에관한사항,3
GS피앤엘,499790,0,OK,,,,2026-08-28: 대규모기업집단현황공시[분기별공시(개별회사용)] | 2026-08-14: 반기보고서 (2026.06) | 2026-08-13: 지급수단별ㆍ지급기간별지급금액및분쟁조정기구에관한사항,3
라피치,403360,0,OK,,,,2026-08-31: 주식등의대량보유상황보고서(약식) | 2026-08-14: 반기보고서 (2026.06) | 2026-08-13: 주식등의대량보유상황보고서(약식),3
콘텐트리중앙,036420,0,OK,,,,"2026-08-28: 대규모기업집단현황공시[분기별공시(개별회사용)] | 2026-08-26: 풍문또는보도에대한해명(미확정)               | 2026-08-14: 반기보고서 (2026.06) | 2026-08-14: 반기검토의견부적정,의견거절또는완전자본잠식사실발생               | 2026-08-13: 지급수단별ㆍ지급기간별지급금액및분쟁조정기구에관한사항",5
인선이엔티,060150,0,OK,,,,2026-08-26: 대규모기업집단현황공시[분기별공시(개별회사용)] | 2026-08-21: 주식등의대량보유상황보고서(일반) | 2026-08-12: 반기보고서 (2026.06) | 2026-08-12: 지급수단별ㆍ지급기간별지급금액및분쟁조정기구에관한사항,4
THE E&M,089230,0,OK,,,,2026-08-31: 주주명부폐쇄기간또는기준일설정               | 2026-08-31: 주주총회소집결의              (임시주주총회) | 2026-08-18: [기재정정]주요사항보고서(자기전환사채매도결정) | 2026-08-14: 반기보고서 (2026.06),4
에스디생명공학,217480,0,OK,,,,2026-09-03: 기타시장안내              (개선계획 이행내역서 제출) | 2026-08-27: 주주총회소집결의              (임시주주총회) | 2026-08-27: 주식병합결정               | 2026-08-27: 주주명부폐쇄기간또는기준일설정               | 2026-08-12: 기타시장안내              (개선기간 종료에 따른 상장폐지 여부 결정 안내),5
에이팩트,200470,0,OK,,,,2026-08-26: 독립이사의선임ㆍ해임또는중도퇴임에관한신고 | 2026-08-25: 임시주주총회결과               | 2026-08-18: 영업실적등에대한전망(공정공시)               | 2026-08-14: 반기보고서 (2026.06) | 2026-08-12: [기재정정]전환청구권행사              ,6
BGF리테일,282330,0,OK,,,,2026-09-10: 최대주주등소유주식변동신고서               | 2026-09-10: 주식등의대량보유상황보고서(일반) | 2026-08-27: 대규모기업집단현황공시[분기별공시(개별회사용)] | 2026-08-18: 기업설명회(IR)개최(안내공시)               | 2026-08-14: [기재정정]반기보고서 (2026.06),8
한미사이언스,008930,0,OK,,,,2026-09-01: 최대주주등소유주식변동신고서               | 2026-09-01: 임원ㆍ주요주주특정증권등소유상황보고서 | 2026-09-01: 주식등의대량보유상황보고서(일반) | 2026-08-26: [기재정정]투자판단관련주요경영사항(자회사의 주요경영사항)              (급성골수성백혈병(AML) 치료 항암신약 HM43239 기술이전 계약 체결) | 2026-08-24: 투자판단관련주요경영사항(자회사의 주요경영사항)              ,29
OCI,456040,0,OK,,,,2026-08-28: 대규모기업집단현황공시[분기별공시(개별회사용)] | 2026-08-13: 지급수단별ㆍ지급기간별지급금액및분쟁조정기구에관한사항 | 2026-08-13: 반기보고서 (2026.06) | 2026-08-11: 신탁계약해지결과보고서,4
이녹스첨단소재,272290,0,OK,,,,2026-09-02: 주식등의대량보유상황보고서(일반) | 2026-09-02: 임원ㆍ주요주주특정증권등소유상황보고서 | 2026-08-21: 주식등의대량보유상황보고서(일반) | 2026-08-14: 반기보고서 (2026.06) | 2026-08-13: 타인에대한채무보증결정              ,5
SM Life Design,063440,0,OK,,,,2026-08-27: 대규모기업집단현황공시[분기별공시(개별회사용)] | 2026-08-14: [기재정정]반기보고서 (2026.06) | 2026-08-13: 지급수단별ㆍ지급기간별지급금액및분쟁조정기구에관한사항,3
현대비앤지스틸,004560,0,OK,,,,2026-09-03: 주식등의대량보유상황보고서(일반) | 2026-08-28: 대규모기업집단현황공시[분기별공시(개별회사용)] | 2026-08-14: 반기보고서 (2026.06) | 2026-08-14: 지급수단별ㆍ지급기간별지급금액및분쟁조정기구에관한사항,4
현대위아,011210,0,OK,,,,2026-08-28: 대규모기업집단현황공시[분기별공시(개별회사용)] | 2026-08-14: 반기보고서 (2026.06) | 2026-08-14: 풍문또는보도에대한해명(미확정)               | 2026-08-14: 지급수단별ㆍ지급기간별지급금액및분쟁조정기구에관한사항,4
국일신동,060480,0,OK,,,,2026-08-20: 임원ㆍ주요주주특정증권등거래계획보고서 | 2026-08-13: 반기보고서 (2026.06) | 2026-08-11: 임원ㆍ주요주주특정증권등거래계획보고서,3
팬스타엔터프라이즈,054300,0,OK,,,,2026-09-01: 임원ㆍ주요주주특정증권등소유상황보고서 | 2026-09-01: 주식등의대량보유상황보고서(일반) | 2026-08-31: 타인에대한채무보증결정(자율공시)               | 2026-08-14: 반기보고서 (2026.06),4
세아특수강,019440,0,OK,,,,2026-08-31: 대규모기업집단현황공시[분기별공시(개별회사용)] | 2026-08-14: 반기보고서 (2026.06) | 2026-08-14: 지급수단별ㆍ지급기간별지급금액및분쟁조정기구에관한사항,3
대동,000490,0,OK,,,,2026-08-26: 타법인주식및출자증권취득결정               | 2026-08-25: 최대주주등소유주식변동신고서               | 2026-08-25: 주식등의대량보유상황보고서(일반) | 2026-08-25: 타법인주식및출자증권취득결정               | 2026-08-25: 임원ㆍ주요주주특정증권등소유상황보고서,6
DSR,155660,0,OK,,,,2026-08-14: 반기보고서 (2026.06) | 2026-08-12: 최대주주등소유주식변동신고서               | 2026-08-12: 임원ㆍ주요주주특정증권등소유상황보고서,3
옴니시스템,057540,0,OK,,,,2026-08-28: 임시주주총회결과               | 2026-08-21: 자기주식취득결과보고서 | 2026-08-18: 주식등의대량보유상황보고서(일반) | 2026-08-18: 임원ㆍ주요주주특정증권등소유상황보고서 | 2026-08-14: [첨부추가]반기보고서 (2026.06),6
유진증권,001200,0,OK,,,,2026-09-09: 증권발행실적보고서 | 2026-09-08: 투자설명서(일괄신고) | 2026-09-08: 일괄신고추가서류(파생결합사채-주가연계파생결합사채) | 2026-09-08: 투자설명서(일괄신고) | 2026-09-08: 일괄신고추가서류(파생결합사채-주가연계파생결합사채),28
아이디스,143160,0,OK,,,,2026-09-08: 임원ㆍ주요주주특정증권등소유상황보고서 | 2026-08-31: 임원ㆍ주요주주특정증권등소유상황보고서 | 2026-08-20: 임원ㆍ주요주주특정증권등소유상황보고서 | 2026-08-14: 반기보고서 (2026.06),4
현대코퍼레이션,011760,0,OK,,,,2026-08-26: 타인에대한채무보증결정               | 2026-08-26: 타인에대한채무보증결정               | 2026-08-26: 타인에대한채무보증결정               | 2026-08-25: 타인에대한채무보증결정               | 2026-08-20: 타인에대한채무보증결정              ,6
삼성에피스홀딩스,0126Z0,0,OK,,,,2026-09-07: 최대주주등소유주식변동신고서               | 2026-08-31: 대규모기업집단현황공시[분기별공시(개별회사용)] | 2026-08-14: 반기보고서 (2026.06) | 2026-08-14: 지급수단별ㆍ지급기간별지급금액및분쟁조정기구에관한사항,4
인크레더블버즈,064090,0,OK,,,,2026-08-14: 기타시장안내              (투자주의 환기종목 지정 사유 추가 관련 시장조치 미진행) | 2026-08-14: 반기보고서 (2026.06) | 2026-08-14: 반기검토(감사)의견부적정등사실확인(자본잠식률100분의50이상또는자기자본10억원미만포함)              ,3
졸스,018700,0,OK,,,,2026-09-10: 독립이사의선임ㆍ해임또는중도퇴임에관한신고 | 2026-09-10: 임시주주총회결과               | 2026-08-26: 주주총회소집공고 | 2026-08-26: 주주총회소집결의              (임시주주총회) | 2026-08-14: 반기보고서 (2026.06),5
소프트센,032680,0,OK,,,,2026-09-01: 전환사채(해외전환사채포함)발행후만기전사채취득              (제11회차) | 2026-08-14: 주식등의대량보유상황보고서(일반) | 2026-08-14: 임원ㆍ주요주주특정증권등소유상황보고서 | 2026-08-14: 반기보고서 (2026.06),4
꿈비,407400,0,OK,,,,2026-09-04: 주식등의대량보유상황보고서(일반) | 2026-08-14: 반기보고서 (2026.06) | 2026-08-13: 소송등의판결ㆍ결정              ,3
다원시스,068240,0,OK,,,,2026-08-28: 거래처와의거래중단               | 2026-08-18: 기타시장안내              (상장폐지 관련 이의신청서 접수 ) | 2026-08-14: 기타시장안내              (상장적격성 실질심사 사유 추가) | 2026-08-14: 반기검토(감사)의견부적정등사실확인(자본잠식률100분의50이상또는자기자본10억원미만포함)               | 2026-08-14: 반기또는분기매출액미달사실발생              ,7
펩트론,087010,0,OK,,,,2026-09-03: [기재정정]신규시설투자등               | 2026-08-25: 투자판단관련주요경영사항(임상시험계획승인신청)              (PT403의 제1상 임상시험계획 승인 신청) | 2026-08-14: 반기보고서 (2026.06),3
블루콤,033560,0,OK,,,,2026-09-08: [기재정정]유형자산처분결정(종속회사의주요경영사항)               | 2026-08-14: 반기보고서 (2026.06) | 2026-08-12: 신탁계약해지결과보고서,3
현대백화점,069960,0,OK,,,,2026-08-31: 주식등의대량보유상황보고서(일반) | 2026-08-31: 기업설명회(IR)개최(안내공시)               | 2026-08-28: 대규모기업집단현황공시[분기별공시(개별회사용)] | 2026-08-25: 기업설명회(IR)개최(안내공시)               | 2026-08-20: 기업설명회(IR)개최(안내공시)              ,7
신라교역,004970,0,OK,,,,2026-09-04: 주요사항보고서(타법인주식및출자증권양수결정) | 2026-08-21: [기재정정]기업지배구조보고서공시               | 2026-08-14: 반기보고서 (2026.06),3
금양,001570,0,OK,,,,2026-09-09: [기재정정]주요사항보고서(회사분할결정) | 2026-09-09: 주주명부폐쇄기간또는기준일설정               | 2026-09-09: 주주총회소집결의               | 2026-09-09: 주요사항보고서(회사분할결정) | 2026-09-02: 기타시장안내              (회계처리기준 위반행위 관련 상장적격성 실질심사 절차 미진행 안내),6
HD현대에너지솔루션,322000,0,OK,,,,2026-08-28: 대규모기업집단현황공시[분기별공시(개별회사용)] | 2026-08-14: 반기보고서 (2026.06) | 2026-08-14: 지급수단별ㆍ지급기간별지급금액및분쟁조정기구에관한사항,3
대신밸류리츠,0030R0,0,OK,,,,2026-09-09: 기타경영사항(자율공시)               | 2026-08-18: 임원ㆍ주요주주특정증권등소유상황보고서 | 2026-08-14: 주주명부폐쇄기간또는기준일설정               | 2026-08-13: 정기주주총회결과              ,4
한화비전,489790,0,OK,,,,2026-09-09: 기업설명회(IR)개최(안내공시)               | 2026-09-01: [기재정정]대규모기업집단현황공시[분기별공시(개별회사용)] | 2026-08-31: 대규모기업집단현황공시[분기별공시(개별회사용)] | 2026-08-31: 임원ㆍ주요주주특정증권등소유상황보고서 | 2026-08-14: 지급수단별ㆍ지급기간별지급금액및분쟁조정기구에관한사항,6
티케이케미칼,104480,0,OK,,,,2026-08-26: 대규모기업집단현황공시[분기별공시(개별회사용)] | 2026-08-13: 반기보고서 (2026.06) | 2026-08-13: 지급수단별ㆍ지급기간별지급금액및분쟁조정기구에관한사항 | 2026-08-11: 주식등의대량보유상황보고서(일반),4
케이티스카이라이프,053210,0,OK,,,,2026-08-31: 대규모기업집단현황공시[분기별공시(개별회사용)] | 2026-08-14: 반기보고서 (2026.06) | 2026-08-14: 지급수단별ㆍ지급기간별지급금액및분쟁조정기구에관한사항,3
갤럭시아머니트리,094480,0,OK,,,,2026-08-28: 대규모기업집단현황공시[분기별공시(개별회사용)] | 2026-08-27: 기업설명회(IR)개최               | 2026-08-14: 반기보고서 (2026.06) | 2026-08-14: 지급수단별ㆍ지급기간별지급금액및분쟁조정기구에관한사항,4
부스타,008470,0,OK,,,,2026-08-21: 주식등의대량보유상황보고서(약식) | 2026-08-19: 임원ㆍ주요주주특정증권등소유상황보고서 | 2026-08-19: 임원ㆍ주요주주특정증권등소유상황보고서 | 2026-08-19: 임원ㆍ주요주주특정증권등소유상황보고서 | 2026-08-19: 임원ㆍ주요주주특정증권등소유상황보고서,21
에쓰씨엔지니어링,023960,0,OK,,,,2026-08-28: 대규모기업집단현황공시[분기별공시(개별회사용)] | 2026-08-26: 임원ㆍ주요주주특정증권등소유상황보고서 | 2026-08-14: 최대주주등소유주식변동신고서               | 2026-08-14: 반기보고서 (2026.06) | 2026-08-13: 지급수단별ㆍ지급기간별지급금액및분쟁조정기구에관한사항,8
동화약품,000020,0,OK,,,,2026-08-14: [기재정정]반기보고서 (2026.06) | 2026-08-14: 반기보고서 (2026.06) | 2026-08-11: 주식등의대량보유상황보고서(일반),3
영풍,000670,0,OK,,,,2026-08-31: 대규모기업집단현황공시[분기별공시(대표회사용)] | 2026-08-21: 특수관계인에대한채권매도 | 2026-08-14: 반기보고서 (2026.06) | 2026-08-14: 지급수단별ㆍ지급기간별지급금액및분쟁조정기구에관한사항,4
베뉴지,019010,0,OK,,,,2026-08-28: 신규시설투자등               | 2026-08-18: 주식등의대량보유상황보고서(약식) | 2026-08-14: 반기보고서 (2026.06),3
한라캐스트,125490,0,OK,,,,2026-09-07: 타인에대한채무보증결정               | 2026-08-25: 기업설명회(IR)개최               | 2026-08-14: 반기보고서 (2026.06),3
피에스케이홀딩스,031980,0,OK,,,,2026-09-02: 임원ㆍ주요주주특정증권등소유상황보고서 | 2026-09-02: 주식등의대량보유상황보고서(일반) | 2026-08-20: 기업설명회(IR)개최               | 2026-08-14: 반기보고서 (2026.06),4
신성이엔지,011930,0,OK,,,,2026-08-21: [기재정정]반기보고서 (2026.06) | 2026-08-19: 기업설명회(IR)개최(안내공시)               | 2026-08-14: 반기보고서 (2026.06),3
조일알미늄,018470,0,OK,,,,2026-09-10: 임원ㆍ주요주주특정증권등소유상황보고서 | 2026-09-10: 임원ㆍ주요주주특정증권등소유상황보고서 | 2026-08-14: 반기보고서 (2026.06),3
케이뱅크,279570,0,OK,,,,2026-09-01: 기타안내사항(안내공시)               | 2026-08-31: 기업설명회(IR)개최(안내공시)               | 2026-08-28: 대규모기업집단현황공시[분기별공시(개별회사용)] | 2026-08-14: 반기보고서 (2026.06) | 2026-08-14: 지급수단별ㆍ지급기간별지급금액및분쟁조정기구에관한사항,5
오토앤,353590,0,OK,,,,2026-08-26: 임원ㆍ주요주주특정증권등소유상황보고서 | 2026-08-14: 반기보고서 (2026.06) | 2026-08-12: 임원ㆍ주요주주특정증권등소유상황보고서,3
월덱스,101160,0,OK,,,,2026-08-25: 의결권대리행사권유참고서류 | 2026-08-25: 주주총회소집공고 | 2026-08-14: 반기보고서 (2026.06),3
KG이니시스,035600,0,OK,,,,2026-08-28: 대규모기업집단현황공시[분기별공시(개별회사용)] | 2026-08-28: [기재정정]특수관계인에대한출자 | 2026-08-28: [기재정정]타법인주식및출자증권취득결정(종속회사의주요경영사항)               | 2026-08-28: [첨부정정]기업가치제고계획(자율공시)               | 2026-08-27: [기재정정]타인에대한채무보증결정              ,11
가온전선,000500,0,OK,,,,2026-08-31: 기업설명회(IR)개최(안내공시)               | 2026-08-31: 대규모기업집단현황공시[분기별공시(개별회사용)] | 2026-08-14: 동일인등출자계열회사와의상품ㆍ용역거래변경 | 2026-08-14: 지급수단별ㆍ지급기간별지급금액및분쟁조정기구에관한사항 | 2026-08-14: 반기보고서 (2026.06),11
LS머트리얼즈,417200,0,OK,,,,2026-08-27: 대규모기업집단현황공시[분기별공시(개별회사용)] | 2026-08-14: 반기보고서 (2026.06) | 2026-08-14: 지급수단별ㆍ지급기간별지급금액및분쟁조정기구에관한사항,3
에코볼트,097780,0,OK,,,,2026-09-08: 의결권대리행사권유참고서류 | 2026-09-08: 주주총회소집공고 | 2026-08-14: 반기보고서 (2026.06),3
청담글로벌,362320,0,OK,,,,2026-09-04: 주식등의대량보유상황보고서(일반) | 2026-09-04: [기재정정]임원ㆍ주요주주특정증권등소유상황보고서 | 2026-08-14: 반기보고서 (2026.06),3
디와이덕양,024900,0,OK,,,,2026-08-31: 주식등의대량보유상황보고서(일반) | 2026-08-31: 최대주주등소유주식변동신고서               | 2026-08-14: 반기보고서 (2026.06),3
대한화섬,003830,0,OK,,,,2026-08-27: 대규모기업집단현황공시[분기별공시(개별회사용)] | 2026-08-14: 반기보고서 (2026.06) | 2026-08-14: 동일인등출자계열회사와의상품ㆍ용역거래 | 2026-08-14: 동일인등출자계열회사와의상품ㆍ용역거래변경 | 2026-08-12: 지급수단별ㆍ지급기간별지급금액및분쟁조정기구에관한사항,5
현대오토에버,307950,0,OK,,,,2026-08-28: 대규모기업집단현황공시[분기별공시(개별회사용)] | 2026-08-14: 반기보고서 (2026.06) | 2026-08-13: 지급수단별ㆍ지급기간별지급금액및분쟁조정기구에관한사항,3
대진첨단소재,393970,0,OK,,,,2026-09-03: 주식등의대량보유상황보고서(약식) | 2026-08-14: 기타시장안내              (투자주의 환기종목 지정 사유 추가 관련 시장조치 미진행) | 2026-08-14: 반기검토(감사)의견부적정등사실확인(자본잠식률100분의50이상또는자기자본10억원미만포함)               | 2026-08-14: 반기보고서 (2026.06) | 2026-08-14: 임시주주총회결과              ,5
HLB글로벌,003580,0,OK,,,,2026-08-20: 주식등의대량보유상황보고서(일반) | 2026-08-20: 임원ㆍ주요주주특정증권등소유상황보고서 | 2026-08-18: 유상증자또는주식관련사채등의발행결과(자율공시)               | 2026-08-13: 반기보고서 (2026.06),4
키움증권,039490,0,OK,,,,2026-09-10: 투자설명서(일괄신고) | 2026-09-10: 투자설명서(일괄신고) | 2026-09-10: 일괄신고추가서류(파생결합증권-주가연계증권) | 2026-09-10: 일괄신고추가서류(파생결합사채-주가연계파생결합사채) | 2026-09-09: 투자설명서(일괄신고),100
금호전기,001210,0,OK,,,,2026-09-08: 전환청구권ㆍ신주인수권ㆍ교환청구권행사               | 2026-09-03: 최대주주등소유주식변동신고서               | 2026-09-03: 주식등의대량보유상황보고서(일반) | 2026-09-03: 임원ㆍ주요주주특정증권등소유상황보고서 | 2026-08-26: 임원ㆍ주요주주특정증권등소유상황보고서,8
동진쎄미켐,005290,0,OK,,,,2026-09-02: 신탁계약해지결과보고서 | 2026-08-31: 주요사항보고서(자기주식취득신탁계약해지결정) | 2026-08-24: 기업설명회(IR)개최               | 2026-08-14: 반기보고서 (2026.06),4
KTcs,058850,0,OK,,,,2026-08-27: 대규모기업집단현황공시[분기별공시(개별회사용)] | 2026-08-14: 반기보고서 (2026.06) | 2026-08-12: 지급수단별ㆍ지급기간별지급금액및분쟁조정기구에관한사항,3
오픈엣지테크놀로지,394280,0,OK,,,,2026-09-10: 기업설명회(IR)개최               | 2026-08-28: 주식등의대량보유상황보고서(일반) | 2026-08-14: 주식매수선택권부여에관한신고 | 2026-08-14: 반기보고서 (2026.06) | 2026-08-14: 해산사유발생(종속회사의주요경영사항)              ,5
현대이지웰,090850,0,OK,,,,2026-08-28: 대규모기업집단현황공시[분기별공시(개별회사용)] | 2026-08-25: 기업설명회(IR)개최               | 2026-08-14: 반기보고서 (2026.06) | 2026-08-14: 지급수단별ㆍ지급기간별지급금액및분쟁조정기구에관한사항 | 2026-08-13: 주식등의대량보유상황보고서(약식),5
포스코DX,022100,0,OK,,,,2026-09-07: 최대주주등소유주식변동신고서               | 2026-09-07: 임원ㆍ주요주주특정증권등소유상황보고서 | 2026-09-07: 주식등의대량보유상황보고서(일반) | 2026-08-28: 대규모기업집단현황공시[분기별공시(개별회사용)] | 2026-08-14: 반기보고서 (2026.06),6
피플바이오,304840,0,OK,,,,2026-08-25: [기재정정]타인에대한담보제공결정               | 2026-08-25: [기재정정]타인에대한담보제공결정               | 2026-08-24: [기재정정]주식병합결정               | 2026-08-18: [첨부정정]주요사항보고서(유형자산양수결정) | 2026-08-14: 합병등종료보고서(자산양수도),8
인성정보,033230,0,OK,,,,2026-09-08: [기재정정]타인에대한채무보증결정               | 2026-09-02: 주식등의대량보유상황보고서(일반) | 2026-09-02: 임원ㆍ주요주주특정증권등소유상황보고서 | 2026-08-26: 주식등의대량보유상황보고서(일반) | 2026-08-26: 임원ㆍ주요주주특정증권등소유상황보고서,11
인트로메딕,150840,0,OK,,,,2026-08-21: 주식등의대량보유상황보고서(일반) | 2026-08-18: [기재정정]반기보고서 (2026.06) | 2026-08-18: [기재정정]사업보고서 (2025.12) | 2026-08-14: 반기보고서 (2026.06),4
FSN,214270,0,OK,,,,2026-09-02: 임원ㆍ주요주주특정증권등소유상황보고서 | 2026-09-02: 임원ㆍ주요주주특정증권등소유상황보고서 | 2026-09-02: 주식등의대량보유상황보고서(일반) | 2026-08-31: 기업설명회(IR)개최               | 2026-08-19: 임원ㆍ주요주주특정증권등소유상황보고서,8
SFA,056190,0,OK,,,,2026-09-04: 기업설명회(IR)개최               | 2026-08-19: 임원ㆍ주요주주특정증권등소유상황보고서 | 2026-08-19: 임원ㆍ주요주주특정증권등소유상황보고서 | 2026-08-14: 임원ㆍ주요주주특정증권등소유상황보고서 | 2026-08-12: 현금ㆍ현물배당결정              (분기배당),6
한전KPS,051600,0,OK,,,,2026-09-03: 지속가능경영보고서등관련사항(자율공시)               | 2026-08-25: 기업설명회(IR)개최(안내공시)               | 2026-08-14: 반기보고서 (2026.06) | 2026-08-12: 주주명부폐쇄기간또는기준일설정              ,4
인트론바이오,048530,0,OK,,,,2026-09-02: 기타경영사항(자율공시)              ([국책과제선정] AI설계 기능성 단백질 기반 바이오 흡착 소재 제조 및 이를 이용한 도시광산형 주력산업용 희토류 고선택적 회수·정제 기술 개발) | 2026-08-27: 주식등의대량보유상황보고서(일반) | 2026-08-14: 반기보고서 (2026.06),3
큐리옥스바이오시스템즈,445680,0,OK,,,,2026-08-14: 반기보고서 (2026.06) | 2026-08-12: [기재정정]주식매수선택권부여에관한신고 | 2026-08-11: 주식매수선택권부여에관한신고,3
로젠,033290,0,OK,,,,2026-09-09: 주식등의대량보유상황보고서(일반) | 2026-09-08: [첨부정정]증권신고서(합병) | 2026-09-08: [기재정정]증권신고서(합병) | 2026-08-31: 대규모기업집단현황공시[분기별공시(개별회사용)] | 2026-08-20: 주식등의대량보유상황보고서(일반),8
한화,000880,0,OK,,,,2026-09-10: 기업설명회(IR)개최(안내공시)               | 2026-09-09: [기재정정]중대재해발생(종속회사의주요경영사항)               | 2026-09-02: [기재정정]중대재해발생               | 2026-08-31: [기재정정]반기보고서 (2026.06) | 2026-08-31: 대규모기업집단현황공시[분기별공시(대표회사용)],7
대동스틸,048470,0,OK,,,,2026-08-28: 주식등의대량보유상황보고서(일반) | 2026-08-28: 임원ㆍ주요주주특정증권등소유상황보고서 | 2026-08-28: 임원ㆍ주요주주특정증권등소유상황보고서 | 2026-08-28: 임원ㆍ주요주주특정증권등소유상황보고서 | 2026-08-14: 반기보고서 (2026.06),5
바이오포트,188040,0,OK,,,,2026-08-31: 주식등의대량보유상황보고서(일반) | 2026-08-31: 임원ㆍ주요주주특정증권등소유상황보고서 | 2026-08-24: 임원ㆍ주요주주특정증권등소유상황보고서 | 2026-08-24: 기업설명회(IR)개최               | 2026-08-14: 반기보고서 (2026.06),5
모비릭스,348030,0,OK,,,,2026-09-08: 신탁계약에의한취득상황보고서 | 2026-08-14: 반기보고서 (2026.06) | 2026-08-13: [기재정정]주식매수선택권부여에관한신고 | 2026-08-13: [기재정정]주식매수선택권부여에관한신고,4
아이스크림에듀,289010,0,OK,,,,2026-09-10: 공개매수설명서 | 2026-09-10: 공개매수신고서 | 2026-08-13: 반기보고서 (2026.06),3
파수AI,150900,0,OK,,,,2026-09-02: 주식등의대량보유상황보고서(일반) | 2026-08-13: 반기보고서 (2026.06) | 2026-08-12: 주식등의대량보유상황보고서(일반),3
뉴온,123840,0,OK,,,,2026-09-04: 임원ㆍ주요주주특정증권등소유상황보고서 | 2026-09-04: 주식등의대량보유상황보고서(일반) | 2026-08-14: 반기보고서 (2026.06),3
SK케미칼,285130,0,OK,,,,2026-08-28: 대규모기업집단현황공시[분기별공시(개별회사용)] | 2026-08-14: 지급수단별ㆍ지급기간별지급금액및분쟁조정기구에관한사항 | 2026-08-13: 기업설명회(IR)개최(안내공시)               | 2026-08-13: 반기보고서 (2026.06),4
SYTS,002170,0,OK,,,,2026-08-31: 대규모기업집단현황공시[분기별공시(개별회사용)] | 2026-08-14: 지급수단별ㆍ지급기간별지급금액및분쟁조정기구에관한사항 | 2026-08-14: 반기보고서 (2026.06),3
삼천리,004690,0,OK,,,,2026-08-27: 대규모기업집단현황공시[분기별공시(대표회사용)] | 2026-08-13: 반기보고서 (2026.06) | 2026-08-12: 지급수단별ㆍ지급기간별지급금액및분쟁조정기구에관한사항,3
LS증권,078020,0,OK,,,,2026-08-28: 대규모기업집단현황공시[분기별공시(개별회사용)] | 2026-08-24: 소송등의판결ㆍ결정(자율공시:일정금액미만의청구)               | 2026-08-14: 지급수단별ㆍ지급기간별지급금액및분쟁조정기구에관한사항 | 2026-08-13: 반기보고서 (2026.06),4
삼원강재,023000,0,OK,,,,2026-08-28: 대규모기업집단현황공시[분기별공시(개별회사용)] | 2026-08-14: 반기보고서 (2026.06) | 2026-08-14: 지급수단별ㆍ지급기간별지급금액및분쟁조정기구에관한사항,3
LG헬로비전,037560,0,OK,,,,2026-08-31: 대규모기업집단현황공시[분기별공시(개별회사용)] | 2026-08-14: 반기보고서 (2026.06) | 2026-08-13: 지급수단별ㆍ지급기간별지급금액및분쟁조정기구에관한사항,3
소프트캠프,258790,0,OK,,,,2026-08-28: 타법인주식및출자증권취득결정(자율공시)               | 2026-08-28: 타법인주식및출자증권취득결정               | 2026-08-14: 반기보고서 (2026.06) | 2026-08-12: 주식등의대량보유상황보고서(일반) | 2026-08-12: 임원ㆍ주요주주특정증권등소유상황보고서,5
태림포장,011280,0,OK,,,,2026-09-02: 특수관계인으로부터주식의취득 | 2026-09-02: 타법인주식및출자증권처분결정               | 2026-08-31: 대규모기업집단현황공시[분기별공시(개별회사용)] | 2026-08-14: 반기보고서 (2026.06) | 2026-08-13: [기재정정]지급수단별ㆍ지급기간별지급금액및분쟁조정기구에관한사항,6
에스엔시스,0008Z0,0,OK,,,,2026-09-08: 주주총회소집결의              (임시주주총회) | 2026-09-08: 주주명부폐쇄기간또는기준일설정               | 2026-08-14: 반기보고서 (2026.06),3
유니켐,011330,0,OK,,,,2026-08-31: 주주명부폐쇄기간또는기준일설정               | 2026-08-31: 주주총회소집결의               | 2026-08-18: [기재정정]반기보고서 (2026.06) | 2026-08-13: 반기보고서 (2026.06),4
스튜디오삼익,415380,0,OK,,,,2026-09-01: 임원ㆍ주요주주특정증권등소유상황보고서 | 2026-08-24: [기재정정]현금ㆍ현물배당결정              (분기배당) | 2026-08-13: 반기보고서 (2026.06),3
아이티엠반도체,084850,0,OK,,,,2026-09-03: 주식등의대량보유상황보고서(일반) | 2026-08-25: 주식등의대량보유상황보고서(일반) | 2026-08-14: 반기보고서 (2026.06) | 2026-08-11: [기재정정]타인에대한채무보증결정              ,4
씨앤투스,352700,0,OK,,,,2026-09-08: 주식등의대량보유상황보고서(일반) | 2026-09-02: 주식등의대량보유상황보고서(일반) | 2026-09-01: 합병등종료보고서(합병) | 2026-08-14: 반기보고서 (2026.06),4
쿠콘,294570,0,OK,,,,2026-09-04: 기업설명회(IR)개최               | 2026-08-14: 반기보고서 (2026.06) | 2026-08-12: 기업설명회(IR)개최              ,3
보로노이,310210,0,OK,,,,2026-09-10: [기재정정]주식매수선택권부여에관한신고 | 2026-09-09: 주식매수선택권부여에관한신고 | 2026-09-09: [기재정정]투자판단관련주요경영사항(임상시험계획변경승인신청)              (VRN110755의 제 1/2상 임상시험) | 2026-09-09: 투자판단관련주요경영사항(임상시험계획자진취하등)              (VRN110755의 제 1/2상 임상시험) | 2026-09-07: [기재정정]투자판단관련주요경영사항(임상시험계획변경승인)              (VRN110755의 제 1/2상 임상시험),10
폰드그룹,472850,0,OK,,,,2026-09-04: 신탁계약에의한취득상황보고서 | 2026-08-31: 대규모기업집단현황공시[분기별공시(개별회사용)] | 2026-08-25: 주식등의대량보유상황보고서(일반) | 2026-08-19: 주식등의대량보유상황보고서(일반) | 2026-08-19: [기재정정]반기보고서 (2026.06),7
세아제강,306200,0,OK,,,,2026-08-28: 대규모기업집단현황공시[분기별공시(개별회사용)] | 2026-08-14: 반기보고서 (2026.06) | 2026-08-14: 동일인등출자계열회사와의상품ㆍ용역거래변경,3
KG스틸,016380,0,OK,,,,2026-09-09: 최대주주등소유주식변동신고서               | 2026-08-31: 합병등종료보고서(자산양수도) | 2026-08-27: [기재정정]주요사항보고서(타법인주식및출자증권양수결정) | 2026-08-27: [기재정정]타법인주식및출자증권취득결정               | 2026-08-27: 대규모기업집단현황공시[분기별공시(개별회사용)],7
하이록코리아,013030,0,OK,,,,2026-08-18: 주식등의대량보유상황보고서(약식) | 2026-08-14: 반기보고서 (2026.06) | 2026-08-12: 주식등의대량보유상황보고서(약식),3
PI첨단소재,178920,0,OK,,,,2026-08-28: 임시주주총회결과               | 2026-08-14: 반기보고서 (2026.06) | 2026-08-13: 의결권대리행사권유참고서류 | 2026-08-13: 주주총회소집공고,4
현대그린푸드,453340,0,OK,,,,2026-08-31: 주식등의대량보유상황보고서(일반) | 2026-08-28: 대규모기업집단현황공시[분기별공시(개별회사용)] | 2026-08-25: 기업설명회(IR)개최(안내공시)               | 2026-08-18: 기업설명회(IR)개최(안내공시)               | 2026-08-14: 반기보고서 (2026.06),6
세아베스틸지주,001430,0,OK,,,,2026-08-28: 대규모기업집단현황공시[분기별공시(개별회사용)] | 2026-08-14: 반기보고서 (2026.06) | 2026-08-14: 지급수단별ㆍ지급기간별지급금액및분쟁조정기구에관한사항,3
티엘비,356860,0,OK,,,,2026-08-27: 임원ㆍ주요주주특정증권등소유상황보고서 | 2026-08-14: 반기보고서 (2026.06) | 2026-08-12: 기업설명회(IR)개최              ,3
비트컴퓨터,032850,0,OK,,,,2026-09-01: 주식등의대량보유상황보고서(일반) | 2026-08-28: 자기주식취득결과보고서 | 2026-08-14: 반기보고서 (2026.06),3
현대글로비스,086280,0,OK,,,,2026-09-08: 기업설명회(IR)개최(안내공시)               | 2026-08-28: 대규모기업집단현황공시[분기별공시(개별회사용)] | 2026-08-24: 기업설명회(IR)개최(안내공시)               | 2026-08-14: 반기보고서 (2026.06) | 2026-08-14: 지급수단별ㆍ지급기간별지급금액및분쟁조정기구에관한사항,5
현대퓨처넷,126560,0,OK,,,,2026-08-28: 대규모기업집단현황공시[분기별공시(개별회사용)] | 2026-08-25: 기업설명회(IR)개최(안내공시)               | 2026-08-14: 반기보고서 (2026.06) | 2026-08-14: 지급수단별ㆍ지급기간별지급금액및분쟁조정기구에관한사항,4
DH오토리드,290120,0,OK,,,,2026-09-08: 주식등의대량보유상황보고서(약식) | 2026-09-07: 전환사채(해외전환사채포함)발행후만기전사채취득               | 2026-08-14: 반기보고서 (2026.06),3
판도라티비,202960,0,OK,,,,2026-09-07: 임원ㆍ주요주주특정증권등소유상황보고서 | 2026-08-31: 임원ㆍ주요주주특정증권등소유상황보고서 | 2026-08-18: 임원ㆍ주요주주특정증권등소유상황보고서,3
제이피아이헬스케어,0010V0,0,OK,,,,2026-08-31: 신탁계약해지결과보고서 | 2026-08-31: 주요사항보고서(자기주식취득신탁계약해지결정) | 2026-08-14: 반기보고서 (2026.06),3
광무,029480,0,OK,,,,2026-09-09: 주요사항보고서(타법인주식및출자증권양수결정) | 2026-08-21: 단기차입금증가결정               | 2026-08-13: [첨부추가]반기보고서 (2026.06),3
코아스템켐온,166480,0,OK,,,,"2026-09-04: 교환청구권행사              (제2회, 3회, 4회차) | 2026-09-03: 임원ㆍ주요주주특정증권등소유상황보고서 | 2026-09-03: 주식등의대량보유상황보고서(일반) | 2026-08-14: 반기보고서 (2026.06)",4
에이텍모빌리티,224110,0,OK,,,,2026-08-25: 주식등의대량보유상황보고서(일반) | 2026-08-25: 임원ㆍ주요주주특정증권등소유상황보고서 | 2026-08-14: 반기보고서 (2026.06),3
카카오게임즈,293490,0,OK,,,,2026-08-25: 주식등의대량보유상황보고서(일반) | 2026-08-25: 임원ㆍ주요주주특정증권등소유상황보고서 | 2026-08-25: [기재정정]임원ㆍ주요주주특정증권등소유상황보고서 | 2026-08-24: 임원ㆍ주요주주특정증권등소유상황보고서 | 2026-08-24: 임원ㆍ주요주주특정증권등소유상황보고서,9
LG에너지솔루션,373220,0,OK,,,,2026-08-28: 대규모기업집단현황공시[분기별공시(개별회사용)] | 2026-08-13: 지급수단별ㆍ지급기간별지급금액및분쟁조정기구에관한사항 | 2026-08-13: 반기보고서 (2026.06) | 2026-08-12: 풍문또는보도에대한해명(미확정)              ,4
이원컴포텍,088290,0,OK,,,,2026-08-14: 반기보고서 (2026.06) | 2026-08-14: 반기검토(감사)의견부적정등사실확인(자본잠식률100분의50이상또는자기자본10억원미만포함)               | 2026-08-12: 불성실공시법인지정              (공시불이행),3
동양,001520,0,OK,,,,2026-09-03: 임원ㆍ주요주주특정증권등소유상황보고서 | 2026-09-03: 임원ㆍ주요주주특정증권등소유상황보고서 | 2026-09-03: 임원ㆍ주요주주특정증권등소유상황보고서 | 2026-09-03: 임원ㆍ주요주주특정증권등소유상황보고서 | 2026-09-03: 임원ㆍ주요주주특정증권등소유상황보고서,20
동일제강,002690,0,OK,,,,2026-08-18: [기재정정]중대재해관련형사처벌사실확인               | 2026-08-18: 중대재해관련형사처벌사실확인               | 2026-08-14: 반기보고서 (2026.06),3
RF시스템즈,474610,0,OK,,,,2026-09-02: 임원ㆍ주요주주특정증권등거래계획보고서 | 2026-08-28: 임원ㆍ주요주주특정증권등소유상황보고서 | 2026-08-20: 임원ㆍ주요주주특정증권등소유상황보고서 | 2026-08-14: 반기보고서 (2026.06) | 2026-08-11: 임원ㆍ주요주주특정증권등소유상황보고서,5
알체라,347860,0,OK,,,,2026-09-07: 주식등의대량보유상황보고서(일반) | 2026-09-07: 임원ㆍ주요주주특정증권등소유상황보고서 | 2026-08-14: 반기보고서 (2026.06),3
현대지에프홀딩스,005440,0,OK,,,,2026-08-28: 대규모기업집단현황공시[분기별공시(대표회사용)] | 2026-08-25: 기업설명회(IR)개최(안내공시)               | 2026-08-20: 기업설명회(IR)개최(안내공시)               | 2026-08-14: 반기보고서 (2026.06) | 2026-08-14: [기재정정]사업보고서 (2025.12),6
케이엔더블유,105330,0,OK,,,,2026-08-27: 대규모기업집단현황공시[분기별공시(개별회사용)] | 2026-08-20: 임원ㆍ주요주주특정증권등소유상황보고서 | 2026-08-20: 주식등의대량보유상황보고서(일반) | 2026-08-18: 전환가액의조정               | 2026-08-14: 반기보고서 (2026.06),6
SK바이오사이언스,302440,0,OK,,,,2026-08-28: 대규모기업집단현황공시[분기별공시(개별회사용)] | 2026-08-14: 지급수단별ㆍ지급기간별지급금액및분쟁조정기구에관한사항 | 2026-08-13: 반기보고서 (2026.06),3
DB하이텍,000990,0,OK,,,,2026-08-28: 대규모기업집단현황공시[분기별공시(개별회사용)] | 2026-08-14: 반기보고서 (2026.06) | 2026-08-14: 지급수단별ㆍ지급기간별지급금액및분쟁조정기구에관한사항,3
피엔티엠에스,257370,0,OK,,,,2026-09-10: 주식등의대량보유상황보고서(약식) | 2026-09-10: 임원ㆍ주요주주특정증권등소유상황보고서 | 2026-09-08: 주식등의대량보유상황보고서(약식) | 2026-09-07: 전환가액의조정              (제3회차) | 2026-08-12: 반기보고서 (2026.06),5
HD현대마린솔루션,443060,0,OK,,,,2026-08-28: 대규모기업집단현황공시[분기별공시(개별회사용)] | 2026-08-14: 동일인등출자계열회사와의상품ㆍ용역거래변경 | 2026-08-14: 지급수단별ㆍ지급기간별지급금액및분쟁조정기구에관한사항 | 2026-08-14: 반기보고서 (2026.06) | 2026-08-13: [첨부정정]지속가능경영보고서등관련사항(자율공시)              ,5
페니트리움바이오,187660,0,OK,,,,2026-09-09: 주식등의대량보유상황보고서(일반) | 2026-09-09: [기재정정]주식등의대량보유상황보고서(일반) | 2026-09-04: 주식등의대량보유상황보고서(일반) | 2026-09-04: 임원ㆍ주요주주특정증권등소유상황보고서 | 2026-09-03: 투자판단관련주요경영사항(임상시험계획승인신청등결정)              (재발성 또는 불응성 진행성 고형암 임상 2a상 임상시험계획 숭인),12
카카오페이,377300,0,OK,,,,2026-08-26: 대규모기업집단현황공시[분기별공시(개별회사용)] | 2026-08-21: 최대주주등소유주식변동신고서               | 2026-08-21: 임원ㆍ주요주주특정증권등소유상황보고서 | 2026-08-20: 기업설명회(IR)개최(안내공시)               | 2026-08-14: 반기보고서 (2026.06),6
노랑풍선,104620,0,OK,,,,2026-08-31: 주식등의대량보유상황보고서(약식) | 2026-08-31: 전환가액의조정               | 2026-08-20: 임원ㆍ주요주주특정증권등소유상황보고서 | 2026-08-14: 반기보고서 (2026.06),4
디에스엠,104040,0,OK,,,,2026-08-25: 임원ㆍ주요주주특정증권등소유상황보고서 | 2026-08-14: 반기보고서 (2026.06) | 2026-08-12: 주식등의대량보유상황보고서(약식) | 2026-08-11: [기재정정]주식등의대량보유상황보고서(약식) | 2026-08-11: 주식등의대량보유상황보고서(약식),5
대한조선,439260,0,OK,,,,2026-08-14: 반기보고서 (2026.06) | 2026-08-11: 임원ㆍ주요주주특정증권등소유상황보고서 | 2026-08-11: 임원ㆍ주요주주특정증권등소유상황보고서 | 2026-08-11: 임원ㆍ주요주주특정증권등소유상황보고서 | 2026-08-11: 임원ㆍ주요주주특정증권등소유상황보고서,5
엠엑스로보틱스,007820,0,OK,,,,2026-09-10: [기재정정]주주총회소집결의              (임시주주총회) | 2026-09-10: 주주총회소집공고 | 2026-08-27: 임원ㆍ주요주주특정증권등소유상황보고서 | 2026-08-27: 주식등의대량보유상황보고서(일반) | 2026-08-24: 증권발행결과(자율공시)              ,6
이노테나,333050,0,OK,,,,2026-09-09: [기재정정]주요사항보고서(자기주식취득신탁계약체결결정) | 2026-09-09: 주요사항보고서(자기주식취득신탁계약체결결정) | 2026-08-14: 반기보고서 (2026.06),3
한켐,457370,0,OK,,,,2026-08-20: 조회공시요구(현저한시황변동)에대한답변(중요정보없음)               | 2026-08-19: 조회공시요구(현저한시황변동)               | 2026-08-14: 반기보고서 (2026.06),3
뉴트리,270870,0,OK,,,,2026-09-10: 신탁계약해지결과보고서 | 2026-09-10: 신탁계약에의한취득상황보고서 | 2026-08-14: 반기보고서 (2026.06),3
서울옥션,063170,0,OK,,,,2026-09-03: 주식등의대량보유상황보고서(일반) | 2026-09-03: 임원ㆍ주요주주특정증권등소유상황보고서 | 2026-08-28: 임원ㆍ주요주주특정증권등소유상황보고서 | 2026-08-25: 주식등의대량보유상황보고서(일반) | 2026-08-21: 임원ㆍ주요주주특정증권등소유상황보고서,7
HLB바이오스텝,278650,0,OK,,,,2026-09-03: 주요사항보고서(자기전환사채만기전취득결정) | 2026-08-28: 주식등의대량보유상황보고서(일반) | 2026-08-27: 임원ㆍ주요주주특정증권등소유상황보고서 | 2026-08-14: 반기보고서 (2026.06),4
보령,003850,0,OK,,,,2026-08-26: 공정거래자율준수프로그램운영현황(안내공시)               | 2026-08-19: 기업설명회(IR)개최(안내공시)               | 2026-08-14: 반기보고서 (2026.06),3
한주라이트메탈,198940,0,OK,,,,2026-08-28: 주주총회소집결의              (임시주주총회) | 2026-08-28: 주주명부폐쇄기간또는기준일설정               | 2026-08-27: 전환가액의조정               | 2026-08-18: [기재정정]반기보고서 (2026.06) | 2026-08-13: 반기보고서 (2026.06),5
기가레인,049080,0,OK,,,,2026-09-01: 주주총회소집공고 | 2026-08-27: 의결권대리행사권유참고서류 | 2026-08-14: 반기보고서 (2026.06),3
트리니티항공,091810,0,OK,,,,2026-09-10: 기타안내사항(안내공시)               | 2026-09-09: 임원ㆍ주요주주특정증권등소유상황보고서 | 2026-09-09: 임원ㆍ주요주주특정증권등소유상황보고서 | 2026-09-09: 임원ㆍ주요주주특정증권등소유상황보고서 | 2026-09-09: 임원ㆍ주요주주특정증권등소유상황보고서,16
쿼드메디슨,464490,0,OK,,,,2026-08-31: [기재정정]임원ㆍ주요주주특정증권등소유상황보고서 | 2026-08-31: 임원ㆍ주요주주특정증권등소유상황보고서 | 2026-08-31: 임원ㆍ주요주주특정증권등소유상황보고서 | 2026-08-13: 반기보고서 (2026.06),4
대한제강,084010,0,OK,,,,2026-08-18: 현금ㆍ현물배당결정               | 2026-08-18: 현금ㆍ현물배당을위한주주명부폐쇄(기준일)결정               | 2026-08-14: 반기보고서 (2026.06),3
제넥신,095700,0,OK,,,,2026-08-24: 주식매수선택권부여에관한신고 | 2026-08-21: 투자판단관련주요경영사항              (GXI7 관련 마일스톤 기술료 청구) | 2026-08-13: 반기보고서 (2026.06),3
한화시스템,272210,0,OK,,,,2026-09-10: 기업설명회(IR)개최(안내공시)               | 2026-08-31: 대규모기업집단현황공시[분기별공시(개별회사용)] | 2026-08-20: 의결권대리행사권유참고서류 | 2026-08-20: 주주총회소집공고 | 2026-08-20: [기재정정]반기보고서 (2026.06),7
LX하우시스,108670,0,OK,,,,2026-08-28: 대규모기업집단현황공시[분기별공시(개별회사용)] | 2026-08-14: 반기보고서 (2026.06) | 2026-08-14: 지급수단별ㆍ지급기간별지급금액및분쟁조정기구에관한사항,3
현대리바트,079430,0,OK,,,,2026-08-28: 대규모기업집단현황공시[분기별공시(개별회사용)] | 2026-08-25: 기업설명회(IR)개최(안내공시)               | 2026-08-14: 반기보고서 (2026.06) | 2026-08-13: 지급수단별ㆍ지급기간별지급금액및분쟁조정기구에관한사항,4
코람코라이프인프라리츠,357120,0,OK,,,,2026-09-10: 주식등의대량보유상황보고서(약식) | 2026-09-09: 임원ㆍ주요주주특정증권등소유상황보고서 | 2026-09-03: 임원ㆍ주요주주특정증권등소유상황보고서 | 2026-08-27: [기재정정]부동산투자회사자금차입               | 2026-08-27: 임원ㆍ주요주주특정증권등소유상황보고서,14
오픈놀,440320,0,OK,,,,2026-08-12: 반기보고서 (2026.06) | 2026-08-12: [기재정정]분기보고서 (2026.03) | 2026-08-12: [기재정정]사업보고서 (2025.12) | 2026-08-12: [기재정정]분기보고서 (2025.09) | 2026-08-12: [기재정정]의결권대리행사권유참고서류,6
LG전자,066570,0,OK,,,,2026-09-07: 풍문또는보도에대한해명(미확정)               | 2026-08-31: 대규모기업집단현황공시[분기별공시(개별회사용)] | 2026-08-14: 반기보고서 (2026.06) | 2026-08-13: 지급수단별ㆍ지급기간별지급금액및분쟁조정기구에관한사항,4
한솔제지,213500,0,OK,,,,2026-08-26: 대규모기업집단현황공시[분기별공시(개별회사용)] | 2026-08-13: 반기보고서 (2026.06) | 2026-08-13: 지급수단별ㆍ지급기간별지급금액및분쟁조정기구에관한사항,3
삼양패키징,272550,0,OK,,,,2026-09-04: 증권발행실적보고서 | 2026-09-04: 투자설명서 | 2026-09-03: [발행조건확정]증권신고서(채무증권) | 2026-08-31: [발행조건확정]증권신고서(채무증권) | 2026-08-31: [기재정정]증권신고서(채무증권),9
효성티앤씨,298020,0,OK,,,,2026-09-01: 임원ㆍ주요주주특정증권등소유상황보고서 | 2026-08-31: 대규모기업집단현황공시[분기별공시(개별회사용)] | 2026-08-13: 반기보고서 (2026.06) | 2026-08-13: 지급수단별ㆍ지급기간별지급금액및분쟁조정기구에관한사항,4
비스토스,419540,0,OK,,,,2026-08-27: 주주총회소집결의              (임시주주총회) | 2026-08-27: 주주명부폐쇄기간또는기준일설정               | 2026-08-20: 임원ㆍ주요주주특정증권등소유상황보고서 | 2026-08-20: 주식등의대량보유상황보고서(일반) | 2026-08-14: 반기보고서 (2026.06),9
제이엘케이,322510,0,OK,,,,2026-08-14: 독립이사의선임ㆍ해임또는중도퇴임에관한신고 | 2026-08-14: 임시주주총회결과               | 2026-08-14: 반기보고서 (2026.06),3
유라클,088340,0,OK,,,,2026-08-20: 임원ㆍ주요주주특정증권등소유상황보고서 | 2026-08-20: 주식등의대량보유상황보고서(일반) | 2026-08-14: 반기보고서 (2026.06),3
코리아나,027050,0,OK,,,,2026-09-04: 주식등의대량보유상황보고서(일반) | 2026-09-04: 주식등의대량보유상황보고서(일반) | 2026-08-18: 주식등의대량보유상황보고서(일반) | 2026-08-14: 반기보고서 (2026.06),4
삼영에스앤씨,361670,0,OK,,,,2026-09-10: 임원ㆍ주요주주특정증권등소유상황보고서 | 2026-09-02: 임원ㆍ주요주주특정증권등소유상황보고서 | 2026-08-26: 임원ㆍ주요주주특정증권등거래계획보고서 | 2026-08-25: 임원ㆍ주요주주특정증권등소유상황보고서 | 2026-08-14: 임원ㆍ주요주주특정증권등소유상황보고서,6
카카오뱅크,323410,0,OK,,,,2026-08-31: 대규모기업집단현황공시[분기별공시(개별회사용)] | 2026-08-18: 기업설명회(IR)개최(안내공시)               | 2026-08-14: 반기보고서 (2026.06) | 2026-08-14: 임원ㆍ주요주주특정증권등소유상황보고서 | 2026-08-14: 임원ㆍ주요주주특정증권등소유상황보고서,16
부국증권,001270,0,OK,,,,2026-09-09: 주식등의대량보유상황보고서(일반) | 2026-09-04: 임원ㆍ주요주주특정증권등소유상황보고서 | 2026-09-04: 주식등의대량보유상황보고서(일반) | 2026-09-02: 주식등의대량보유상황보고서(일반) | 2026-08-28: 임원ㆍ주요주주특정증권등소유상황보고서,12
국전,307750,0,OK,,,,2026-09-03: 주식등의대량보유상황보고서(일반) | 2026-08-27: 신주인수권부사채(해외신주인수권부사채포함)발행후만기전사채취득               | 2026-08-24: 주식등의대량보유상황보고서(일반) | 2026-08-13: 반기보고서 (2026.06) | 2026-08-13: 주식등의대량보유상황보고서(일반),5
코스모화학,005420,0,OK,,,,2026-09-04: 주식등의대량보유상황보고서(일반) | 2026-08-21: 주식등의대량보유상황보고서(일반) | 2026-08-14: 반기보고서 (2026.06),3
PKC,001340,0,OK,,,,2026-08-20: [기재정정]주요사항보고서(유형자산양수결정) | 2026-08-14: 반기보고서 (2026.06) | 2026-08-13: 최대주주등소유주식변동신고서               | 2026-08-13: 주식등의대량보유상황보고서(일반),4
엑셈,205100,0,OK,,,,2026-09-07: 임원ㆍ주요주주특정증권등소유상황보고서 | 2026-09-07: 주식등의대량보유상황보고서(일반) | 2026-08-26: 의결권대리행사권유참고서류 | 2026-08-26: 주주총회소집공고 | 2026-08-25: [기재정정]주식병합결정              ,6
삼양바이오팜,0120G0,0,OK,,,,2026-08-31: 대규모기업집단현황공시[분기별공시(개별회사용)] | 2026-08-14: 반기보고서 (2026.06) | 2026-08-14: 지급수단별ㆍ지급기간별지급금액및분쟁조정기구에관한사항,3
에스텍,069510,0,OK,,,,2026-08-14: [기재정정]반기보고서 (2026.06) | 2026-08-14: [기재정정]반기보고서 (2026.06) | 2026-08-14: 반기보고서 (2026.06),3
웅진,016880,0,OK,,,,2026-08-27: 대규모기업집단현황공시[분기별공시(대표회사용)] | 2026-08-14: 반기보고서 (2026.06) | 2026-08-14: 지급수단별ㆍ지급기간별지급금액및분쟁조정기구에관한사항,3
에스투더블유,488280,0,OK,,,,2026-08-19: 임시주주총회결과               | 2026-08-14: [기재정정]기업설명회(IR)개최               | 2026-08-13: 기업설명회(IR)개최               | 2026-08-13: 반기보고서 (2026.06),4
차AI헬스케어,025620,0,OK,,,,2026-08-14: 임원ㆍ주요주주특정증권등소유상황보고서 | 2026-08-14: 임원ㆍ주요주주특정증권등소유상황보고서 | 2026-08-14: 주식등의대량보유상황보고서(일반) | 2026-08-12: 반기보고서 (2026.06),4
신세계톰보이,012580,0,OK,,,,2026-08-31: 대규모기업집단현황공시[분기별공시(개별회사용)] | 2026-08-14: 반기보고서 (2026.06) | 2026-08-14: 지급수단별ㆍ지급기간별지급금액및분쟁조정기구에관한사항,3
프롬바이오,377220,0,OK,,,,2026-08-19: 주식등의대량보유상황보고서(일반) | 2026-08-19: 임원ㆍ주요주주특정증권등소유상황보고서 | 2026-08-14: 반기보고서 (2026.06),3
SH에너지화학,002360,0,OK,,,,2026-08-28: 최대주주등소유주식변동신고서               | 2026-08-28: 임원ㆍ주요주주특정증권등소유상황보고서 | 2026-08-14: 반기보고서 (2026.06) | 2026-08-12: 최대주주등소유주식변동신고서               | 2026-08-12: 임원ㆍ주요주주특정증권등소유상황보고서,5
삼양식품,003230,0,OK,,,,2026-09-01: 임원ㆍ주요주주특정증권등소유상황보고서 | 2026-08-18: 기업설명회(IR)개최(안내공시)               | 2026-08-14: 반기보고서 (2026.06) | 2026-08-12: 현금ㆍ현물배당을위한주주명부폐쇄(기준일)결정               | 2026-08-12: 현금ㆍ현물배당결정              ,5
에스케이브로드밴드,033630,0,OK,,,,2026-08-27: 대규모기업집단현황공시[분기별공시(개별회사용)] | 2026-08-27: 주요사항보고서(회사분할결정) | 2026-08-13: 지급수단별ㆍ지급기간별지급금액및분쟁조정기구에관한사항 | 2026-08-13: 반기보고서 (2026.06),4
HLB펩,196300,0,OK,,,,2026-09-09: 주요사항보고서(자기전환사채만기전취득결정) | 2026-08-20: 임원ㆍ주요주주특정증권등소유상황보고서 | 2026-08-20: 주식등의대량보유상황보고서(일반) | 2026-08-13: 반기보고서 (2026.06) | 2026-08-12: 전환청구권행사              (제3회차),5
경남기업,000800,0,OK,,,,2026-08-26: 대규모기업집단현황공시[분기별공시(개별회사용)] | 2026-08-14: 반기보고서 (2026.06) | 2026-08-14: 지급수단별ㆍ지급기간별지급금액및분쟁조정기구에관한사항,3
에스에이티,060540,0,OK,,,,2026-09-08: 주식등의대량보유상황보고서(일반) | 2026-09-07: 임원ㆍ주요주주특정증권등소유상황보고서 | 2026-08-14: 반기보고서 (2026.06),3
LB세미콘,061970,0,OK,,,,2026-09-10: 주식등의대량보유상황보고서(약식) | 2026-09-10: 주식등의대량보유상황보고서(약식) | 2026-08-19: 주식등의대량보유상황보고서(일반) | 2026-08-19: 임원ㆍ주요주주특정증권등소유상황보고서 | 2026-08-19: [기재정정]임원ㆍ주요주주특정증권등소유상황보고서,9
모다이노칩,080420,0,OK,,,,2026-08-31: 대규모기업집단현황공시[분기별공시(개별회사용)] | 2026-08-21: 주식등의대량보유상황보고서(일반) | 2026-08-14: [첨부추가]반기보고서 (2026.06) | 2026-08-11: 지급수단별ㆍ지급기간별지급금액및분쟁조정기구에관한사항,4
퀀타매트릭스,317690,0,OK,,,,2026-09-08: 전환사채(해외전환사채포함)발행후만기전사채취득               | 2026-08-31: 주주총회소집공고 | 2026-08-28: [기재정정]주주총회소집결의              (임시주주총회) | 2026-08-14: 반기보고서 (2026.06),4
오비고,352910,0,OK,,,,2026-08-31: 주식등의대량보유상황보고서(약식) | 2026-08-28: 임원ㆍ주요주주특정증권등소유상황보고서 | 2026-08-28: 주식등의대량보유상황보고서(일반) | 2026-08-14: 반기보고서 (2026.06),4
메리츠제1호스팩,0088D0,0,OK,,,,2026-08-14: [기재정정]반기보고서 (2026.06) | 2026-08-14: [기재정정]반기보고서 (2026.06) | 2026-08-14: 반기보고서 (2026.06),3
삼양홀딩스,000070,0,OK,,,,2026-09-10: [기재정정]벌금등의부과(자회사의 주요경영사항)               | 2026-08-31: [기재정정]벌금등의부과(자회사의 주요경영사항)               | 2026-08-31: 대규모기업집단현황공시[분기별공시(대표회사용)] | 2026-08-28: 주식등의대량보유상황보고서(일반) | 2026-08-14: 반기보고서 (2026.06),6
고영,098460,0,OK,,,,2026-09-08: 임원ㆍ주요주주특정증권등소유상황보고서 | 2026-09-08: 임원ㆍ주요주주특정증권등소유상황보고서 | 2026-09-08: 주식등의대량보유상황보고서(일반) | 2026-09-08: 주식등의대량보유상황보고서(약식) | 2026-08-21: 기업설명회(IR)개최              ,8
한일시멘트,300720,0,OK,,,,2026-08-31: 주식등의대량보유상황보고서(일반) | 2026-08-14: 기업설명회(IR)개최(안내공시)               | 2026-08-14: 반기보고서 (2026.06),3
NH프라임리츠,338100,0,OK,,,,2026-09-08: 기타경영사항(자율공시)               | 2026-08-27: 기타경영사항(자율공시)               | 2026-08-20: 정기주주총회결과               | 2026-08-19: 정기주주총회결과               | 2026-08-14: 부동산투자회사증권취득              ,8
엔바이오니아,317870,0,OK,,,,2026-08-31: 주식매수선택권부여에관한신고 | 2026-08-31: 임시주주총회결과               | 2026-08-14: 반기보고서 (2026.06) | 2026-08-13: 주주총회소집공고 | 2026-08-13: [기재정정]주주총회소집결의              (임시주주총회),5
프로티나,468530,0,OK,,,,2026-08-25: 임원ㆍ주요주주특정증권등소유상황보고서 | 2026-08-25: 임원ㆍ주요주주특정증권등소유상황보고서 | 2026-08-25: 임원ㆍ주요주주특정증권등소유상황보고서 | 2026-08-25: 임원ㆍ주요주주특정증권등소유상황보고서 | 2026-08-25: 임원ㆍ주요주주특정증권등소유상황보고서,8
플래티어,367000,0,OK,,,,2026-09-09: 임원ㆍ주요주주특정증권등소유상황보고서 | 2026-09-03: 기업설명회(IR)개최               | 2026-08-31: 임원ㆍ주요주주특정증권등소유상황보고서 | 2026-08-24: 기업설명회(IR)개최               | 2026-08-20: 임원ㆍ주요주주특정증권등소유상황보고서,6
현대에버다임,041440,0,OK,,,,2026-08-28: 대규모기업집단현황공시[분기별공시(개별회사용)] | 2026-08-26: 기업설명회(IR)개최               | 2026-08-14: 반기보고서 (2026.06) | 2026-08-14: 지급수단별ㆍ지급기간별지급금액및분쟁조정기구에관한사항,4
이지스,261520,0,OK,,,,2026-09-04: 주식등의대량보유상황보고서(약식) | 2026-08-31: 주요사항보고서(자기주식취득신탁계약체결결정) | 2026-08-31: 임시주주총회결과               | 2026-08-14: 반기보고서 (2026.06) | 2026-08-14: 주주총회소집공고,5
E1,017940,0,OK,,,,2026-08-27: 주식등의대량보유상황보고서(일반) | 2026-08-27: 대규모기업집단현황공시[분기별공시(개별회사용)] | 2026-08-14: 반기보고서 (2026.06) | 2026-08-12: 지급수단별ㆍ지급기간별지급금액및분쟁조정기구에관한사항,4
알에프텍,061040,0,OK,,,,2026-09-08: 의결권대리행사권유참고서류 | 2026-09-08: 주주총회소집공고 | 2026-09-08: [기재정정]주주총회소집결의              (임시주주총회) | 2026-08-27: 효력발생안내( 2026.8.14. 제출 증권신고서(합병) ) | 2026-08-25: [기재정정]투자설명서,14
한국자산신탁,123890,0,OK,,,,2026-09-02: 기업설명회(IR)개최(안내공시)               | 2026-09-02: 기업가치제고계획(자율공시)               | 2026-08-28: 대규모기업집단현황공시[분기별공시(개별회사용)] | 2026-08-14: 반기보고서 (2026.06) | 2026-08-12: 지급수단별ㆍ지급기간별지급금액및분쟁조정기구에관한사항,5
디어유,376300,0,OK,,,,2026-09-07: 주식등의대량보유상황보고서(일반) | 2026-08-31: 대규모기업집단현황공시[분기별공시(개별회사용)] | 2026-08-14: 지급수단별ㆍ지급기간별지급금액및분쟁조정기구에관한사항 | 2026-08-14: 반기보고서 (2026.06),4
한화솔루션,009830,0,OK,,,,2026-09-10: 기업설명회(IR)개최(안내공시)               | 2026-09-09: [기재정정]중대재해발생               | 2026-09-08: 타법인주식및출자증권처분결정(자율공시)               | 2026-09-08: 타인에대한채무보증결정               | 2026-08-31: 대규모기업집단현황공시[분기별공시(개별회사용)],10
다이나믹솔루션,290660,0,OK,,,,2026-09-03: 임시주주총회결과               | 2026-08-19: 주주총회소집공고 | 2026-08-19: [기재정정]주주총회소집결의              (임시주주총회) | 2026-08-14: 반기보고서 (2026.06),4
에스원,012750,0,OK,,,,2026-08-31: 대규모기업집단현황공시[분기별공시(개별회사용)] | 2026-08-18: 주식등의대량보유상황보고서(약식) | 2026-08-14: 반기보고서 (2026.06) | 2026-08-14: 지급수단별ㆍ지급기간별지급금액및분쟁조정기구에관한사항,4
아이엠바이오로직스,493280,0,OK,,,,2026-09-10: 주식등의대량보유상황보고서(약식) | 2026-09-08: 기업설명회(IR)개최               | 2026-08-12: 반기보고서 (2026.06),3
유니드,014830,0,OK,,,,2026-09-09: 기업설명회(IR)개최(안내공시)               | 2026-08-28: 대규모기업집단현황공시[분기별공시(개별회사용)] | 2026-08-25: 주식등의대량보유상황보고서(일반) | 2026-08-13: 반기보고서 (2026.06) | 2026-08-12: 지급수단별ㆍ지급기간별지급금액및분쟁조정기구에관한사항,5
코스모신소재,005070,0,OK,,,,2026-09-04: 주식등의대량보유상황보고서(일반) | 2026-08-21: 주식등의대량보유상황보고서(일반) | 2026-08-14: 반기보고서 (2026.06),3
티앤알바이오팹,246710,0,OK,,,,2026-08-31: 반기보고서 (2026.06) | 2026-08-27: [첨부정정]사업보고서 (2025.12) | 2026-08-25: [기재정정]분기보고서 (2026.03) | 2026-08-25: [기재정정]파생상품거래손실발생               | 2026-08-25: [기재정정]사업보고서 (2025.12),7
YTN,040300,0,OK,,,,2026-08-31: [기재정정]반기보고서 (2026.06) | 2026-08-28: 대규모기업집단현황공시[분기별공시(개별회사용)] | 2026-08-14: 반기보고서 (2026.06) | 2026-08-14: 지급수단별ㆍ지급기간별지급금액및분쟁조정기구에관한사항,4
셀레스트라,352770,0,OK,,,,2026-08-24: 기타시장안내              (회생절차 폐지결정 관련 시장조치 미진행) | 2026-08-24: 회생절차폐지결정               | 2026-08-14: 기타시장안내              (상장적격성 실질심사 사유 추가 관련 절차 미진행) | 2026-08-14: 반기보고서 (2026.06) | 2026-08-14: 반기검토(감사)의견부적정등사실확인(자본잠식률100분의50이상또는자기자본10억원미만포함)              ,6
효성화학,298000,0,OK,,,,2026-08-28: 대규모기업집단현황공시[분기별공시(개별회사용)] | 2026-08-20: 타인에대한채무보증결정               | 2026-08-14: 동일인등출자계열회사와의상품ㆍ용역거래변경 | 2026-08-14: 지급수단별ㆍ지급기간별지급금액및분쟁조정기구에관한사항 | 2026-08-13: 반기보고서 (2026.06),5
S&K폴리텍,091340,0,OK,,,,2026-08-18: 주주명부폐쇄기간또는기준일설정               | 2026-08-18: 주주총회소집결의              (임시주주총회) | 2026-08-14: 반기보고서 (2026.06) | 2026-08-14: [기재정정]사업보고서 (2025.12),4
코리아에프티,123410,0,OK,,,,2026-08-28: 신탁계약에의한취득상황보고서 | 2026-08-21: 기업설명회(IR)개최               | 2026-08-14: 반기보고서 (2026.06),3
동원F&B,049770,0,OK,,,,2026-08-28: 대규모기업집단현황공시[분기별공시(개별회사용)] | 2026-08-13: 지급수단별ㆍ지급기간별지급금액및분쟁조정기구에관한사항 | 2026-08-13: 반기보고서 (2026.06),3
휴젤,145020,0,OK,,,,2026-09-09: 임원ㆍ주요주주특정증권등소유상황보고서 | 2026-09-07: 기업설명회(IR)개최               | 2026-08-31: 대규모기업집단현황공시[분기별공시(개별회사용)] | 2026-08-24: [기재정정]임시주주총회결과               | 2026-08-21: 임원ㆍ주요주주특정증권등소유상황보고서,9
아이파크영창,001890,0,OK,,,,2026-08-31: [기재정정]회생절차개시결정 | 2026-08-27: 대규모기업집단현황공시[분기별공시(개별회사용)] | 2026-08-14: 반기보고서 (2026.06) | 2026-08-11: 지급수단별ㆍ지급기간별지급금액및분쟁조정기구에관한사항,4
SBS,034120,0,OK,,,,2026-08-28: 대규모기업집단현황공시[분기별공시(개별회사용)] | 2026-08-14: 반기보고서 (2026.06) | 2026-08-14: 지급수단별ㆍ지급기간별지급금액및분쟁조정기구에관한사항,3
콜마홀딩스,024720,0,OK,,,,2026-08-28: 대규모기업집단현황공시[분기별공시(대표회사용)] | 2026-08-26: 주식등의대량보유상황보고서(일반) | 2026-08-18: 기업가치제고계획(자율공시)               | 2026-08-14: [기재정정]현금ㆍ현물배당을위한주주명부폐쇄(기준일)결정(자회사의 주요경영사항)               | 2026-08-14: 반기보고서 (2026.06),7
네오이뮨텍,950220,0,OK,,,,"2026-09-04: 주식등의대량보유상황보고서(약식) | 2026-08-19: 기업설명회(IR)개최               | 2026-08-19: 투자판단관련주요경영사항              (NT­I7 흉선 기능 관련 적응증에 대한 독점적 기술이전 계약 체결) | 2026-08-18: 투자판단관련주요경영사항(임상시험결과)              (NIT110(재발성·불응성 진행성 고형암, NTI7 및 키트루다 병용요법) 임상 1b/2a상 임상시험결과보고서(CSR) 수령) | 2026-08-12: 반기보고서 (2026.06)",5
스마트레이더시스템,424960,0,OK,,,,2026-08-25: 주식등의대량보유상황보고서(일반) | 2026-08-18: 전환사채(해외전환사채포함)발행후만기전사채취득              (제1회차) | 2026-08-18: 파생상품거래손실발생               | 2026-08-14: 반기보고서 (2026.06) | 2026-08-13: 주식등의대량보유상황보고서(일반),5
미원홀딩스,107590,0,OK,,,,2026-09-07: 최대주주등소유주식변동신고서               | 2026-08-27: 최대주주등소유주식변동신고서               | 2026-08-27: 임원ㆍ주요주주특정증권등소유상황보고서 | 2026-08-14: 반기보고서 (2026.06),4
벨로크,424760,0,OK,,,,2026-09-03: 임시주주총회결과               | 2026-08-19: 주주총회소집공고 | 2026-08-14: 조회공시요구(현저한시황변동)에대한답변(미확정)               | 2026-08-14: 반기보고서 (2026.06),4
SK시그넷,260870,0,OK,,,,2026-09-01: 임원ㆍ주요주주특정증권등소유상황보고서 | 2026-09-01: 주식등의대량보유상황보고서(약식) | 2026-08-28: 임원ㆍ주요주주특정증권등소유상황보고서 | 2026-08-28: 주식등의대량보유상황보고서(일반) | 2026-08-28: 공개매수설명서,10
신라젠,215600,0,OK,,,,2026-09-03: [기재정정]주식매수선택권부여에관한신고 | 2026-09-03: [기재정정]주식매수선택권부여에관한신고 | 2026-08-14: 반기보고서 (2026.06) | 2026-08-14: [기재정정]분기보고서 (2026.03),4
드림시큐리티,203650,0,OK,,,,2026-09-02: 주식등의대량보유상황보고서(일반) | 2026-08-25: 타법인주식및출자증권취득결정               | 2026-08-19: 주식등의대량보유상황보고서(일반) | 2026-08-14: 반기보고서 (2026.06),4
이리츠코크렙,088260,0,OK,,,,2026-09-08: 사업보고서 (2026.06) | 2026-09-08: 감사보고서제출               | 2026-09-01: 의결권대리행사권유참고서류 | 2026-09-01: 주주총회소집공고 | 2026-08-28: 부동산투자회사금전배당결정              ,9
미원에스씨,268280,0,OK,,,,2026-09-09: 최대주주등소유주식변동신고서               | 2026-09-08: 최대주주등소유주식변동신고서               | 2026-09-07: 최대주주등소유주식변동신고서               | 2026-09-03: 최대주주등소유주식변동신고서               | 2026-09-02: 최대주주등소유주식변동신고서              ,11
한국철강,104700,0,OK,,,,2026-09-09: 신탁계약해지결과보고서 | 2026-09-09: 주요사항보고서(자기주식취득신탁계약해지결정) | 2026-09-09: 신탁계약에의한취득상황보고서 | 2026-08-26: 기타경영사항(자율공시)               | 2026-08-14: 반기보고서 (2026.06),5
애드포러스,397810,0,OK,,,,2026-09-04: 임원ㆍ주요주주특정증권등소유상황보고서 | 2026-09-04: 주식등의대량보유상황보고서(일반) | 2026-08-14: 반기보고서 (2026.06),3
더네이쳐홀딩스,298540,0,OK,,,,2026-09-01: 주식등의대량보유상황보고서(일반) | 2026-08-27: [기재정정]임원ㆍ주요주주특정증권등소유상황보고서 | 2026-08-24: 임원ㆍ주요주주특정증권등소유상황보고서 | 2026-08-24: 임원ㆍ주요주주특정증권등소유상황보고서 | 2026-08-14: 반기보고서 (2026.06),6
이노인스트루먼트,215790,0,OK,,,,2026-09-10: 임시주주총회결과               | 2026-08-27: [기재정정]주주총회소집공고 | 2026-08-27: 의결권대리행사권유참고서류 | 2026-08-26: 주주총회소집공고 | 2026-08-26: [기재정정]주식병합결정              ,6
큐에이드,377460,0,OK,,,,2026-08-25: 기타시장안내              (개선계획 이행내역서 제출) | 2026-08-25: [기재정정]반기보고서 (2026.06) | 2026-08-21: [기재정정]타법인주식및출자증권취득결정               | 2026-08-14: 반기보고서 (2026.06) | 2026-08-14: [기재정정]타법인주식및출자증권취득결정              ,5
와이투솔루션,011690,0,OK,,,,2026-08-19: 임원ㆍ주요주주특정증권등소유상황보고서 | 2026-08-19: 주식등의대량보유상황보고서(약식) | 2026-08-14: 반기보고서 (2026.06),3
HLB파나진,046210,0,OK,,,,2026-08-27: 임원ㆍ주요주주특정증권등소유상황보고서 | 2026-08-27: 주식등의대량보유상황보고서(일반) | 2026-08-14: 반기보고서 (2026.06) | 2026-08-13: 주식등의대량보유상황보고서(일반),4
동성제약,002210,0,OK,,,,2026-08-27: 대규모기업집단현황공시[분기별공시(개별회사용)] | 2026-08-18: [기재정정]반기보고서 (2026.06) | 2026-08-14: 반기보고서 (2026.06) | 2026-08-14: 지급수단별ㆍ지급기간별지급금액및분쟁조정기구에관한사항,4
롯데이노베이트,286940,0,OK,,,,2026-08-28: 대규모기업집단현황공시[분기별공시(개별회사용)] | 2026-08-13: 지급수단별ㆍ지급기간별지급금액및분쟁조정기구에관한사항 | 2026-08-13: 반기보고서 (2026.06),3
태림페이퍼,019300,0,OK,,,,2026-09-07: 특수관계인으로부터주식의취득 | 2026-09-07: 특수관계인에대한주식의처분 | 2026-08-31: 대규모기업집단현황공시[분기별공시(개별회사용)] | 2026-08-31: 특수관계인에대한자금대여 | 2026-08-13: 지급수단별ㆍ지급기간별지급금액및분쟁조정기구에관한사항,5
센서뷰,321370,0,🚨 YES,[기재정정]주요사항보고서(유상증자결정),[기재정정]단일판매ㆍ공급계약체결              (+5) | 단일판매ㆍ공급계약체결              (+5) | 단일판매ㆍ공급계약체결(자율공시)              (+5),[기재정정]주요사항보고서(유상증자결정)(-15),2026-09-01: [기재정정]단일판매ㆍ공급계약체결               | 2026-08-31: 단기차입금감소결정(자율공시)               | 2026-08-28: 주식등의대량보유상황보고서(일반) | 2026-08-28: 임원ㆍ주요주주특정증권등소유상황보고서 | 2026-08-28: 임원ㆍ주요주주특정증권등소유상황보고서,23
삼환기업,000360,0,OK,,,,2026-08-27: 특수관계인에대한담보제공 | 2026-08-27: 대규모기업집단현황공시[분기별공시(개별회사용)] | 2026-08-12: 지급수단별ㆍ지급기간별지급금액및분쟁조정기구에관한사항,3
이랜텍,054210,0,OK,,,,2026-08-21: 기업설명회(IR)개최               | 2026-08-14: [기재정정]반기보고서 (2026.06) | 2026-08-14: 반기보고서 (2026.06),3
웅진씽크빅,095720,0,OK,,,,2026-08-27: 대규모기업집단현황공시[분기별공시(개별회사용)] | 2026-08-14: 반기보고서 (2026.06) | 2026-08-14: 지급수단별ㆍ지급기간별지급금액및분쟁조정기구에관한사항,3
아이티센글로벌,124500,0,OK,,,,2026-09-10: [기재정정]타인에대한채무보증결정               | 2026-08-28: [기재정정]타인에대한채무보증결정               | 2026-08-24: 기업설명회(IR)개최               | 2026-08-13: 반기보고서 (2026.06),4
에코프로머티,450080,0,OK,,,,2026-09-09: 주식등의대량보유상황보고서(일반) | 2026-08-31: 대규모기업집단현황공시[분기별공시(개별회사용)] | 2026-08-14: 반기보고서 (2026.06) | 2026-08-14: 지급수단별ㆍ지급기간별지급금액및분쟁조정기구에관한사항 | 2026-08-13: 최대주주등소유주식변동신고서              ,6
휴엠앤씨,263920,0,OK,,,,2026-08-14: 반기보고서 (2026.06) | 2026-08-12: 신탁계약해지결과보고서 | 2026-08-11: 주요사항보고서(자기주식취득신탁계약해지결정),3
하이텍팜,106190,0,OK,,,,2026-08-14: [기재정정]반기보고서 (2026.06) | 2026-08-14: 반기보고서 (2026.06) | 2026-08-12: 주식등의대량보유상황보고서(일반) | 2026-08-12: 임원ㆍ주요주주특정증권등소유상황보고서 | 2026-08-12: 임원ㆍ주요주주특정증권등소유상황보고서,5
남선알미늄,008350,0,OK,,,,2026-09-04: 특수관계인으로부터받은담보 | 2026-09-04: 특수관계인으로부터자금차입 | 2026-09-01: 주식등의대량보유상황보고서(일반) | 2026-08-28: 대규모기업집단현황공시[분기별공시(개별회사용)] | 2026-08-26: 주식등의대량보유상황보고서(일반),7
라메디텍,462510,0,OK,,,,2026-08-14: [기재정정]사업보고서 (2025.12) | 2026-08-14: [기재정정]분기보고서 (2026.03) | 2026-08-14: 반기보고서 (2026.06),3
LG디스플레이,034220,0,OK,,,,2026-09-07: 주식등의대량보유상황보고서(약식) | 2026-08-31: 대규모기업집단현황공시[분기별공시(개별회사용)] | 2026-08-20: 기업설명회(IR)개최(안내공시)               | 2026-08-14: 반기보고서 (2026.06) | 2026-08-13: 동일인등출자계열회사와의상품ㆍ용역거래변경,6
빛과전자,069540,0,OK,,,,2026-09-04: 임원ㆍ주요주주특정증권등소유상황보고서 | 2026-09-04: 주식등의대량보유상황보고서(일반) | 2026-08-26: 전환가액의조정              (제17회차) | 2026-08-14: 반기보고서 (2026.06) | 2026-08-11: 주식등의대량보유상황보고서(약식),6
한샘,009240,0,OK,,,,2026-09-10: 신탁계약에의한취득상황보고서 | 2026-09-10: 주식등의대량보유상황보고서(일반) | 2026-09-10: 최대주주등소유주식변동신고서               | 2026-08-24: 임원ㆍ주요주주특정증권등소유상황보고서 | 2026-08-13: 반기보고서 (2026.06),5
사조씨푸드,014710,0,OK,,,,2026-09-04: 최대주주등소유주식변동신고서               | 2026-09-04: 임원ㆍ주요주주특정증권등소유상황보고서 | 2026-08-28: 대규모기업집단현황공시[분기별공시(개별회사용)] | 2026-08-14: 지급수단별ㆍ지급기간별지급금액및분쟁조정기구에관한사항 | 2026-08-14: 반기보고서 (2026.06),7
아이티아이즈,372800,0,OK,,,,2026-09-02: 주식등의대량보유상황보고서(일반) | 2026-09-02: 임원ㆍ주요주주특정증권등소유상황보고서 | 2026-08-28: 주식등의대량보유상황보고서(일반) | 2026-08-14: 반기보고서 (2026.06),4
에이엘티,172670,0,OK,,,,2026-09-09: 임원ㆍ주요주주특정증권등소유상황보고서 | 2026-09-09: 주식등의대량보유상황보고서(일반) | 2026-09-07: 임원ㆍ주요주주특정증권등거래계획보고서 | 2026-08-20: 기업설명회(IR)개최               | 2026-08-14: 반기보고서 (2026.06),5
부산은행,005280,0,OK,,,,2026-09-04: 증권발행실적보고서 | 2026-09-03: 투자설명서(일괄신고) | 2026-09-03: 일괄신고추가서류 | 2026-08-26: 증권발행실적보고서 | 2026-08-25: 투자설명서(일괄신고),11
TYM,002900,0,OK,,,,2026-08-21: 임원ㆍ주요주주특정증권등소유상황보고서 | 2026-08-14: 임원ㆍ주요주주특정증권등소유상황보고서 | 2026-08-14: 주식등의대량보유상황보고서(일반) | 2026-08-14: 최대주주등소유주식변동신고서               | 2026-08-13: [기재정정]현금ㆍ현물배당결정              ,9
더콘텐츠온,302920,0,OK,,,,2026-09-04: 기업설명회(IR)개최               | 2026-08-28: 주식등의대량보유상황보고서(약식) | 2026-08-28: 임원ㆍ주요주주특정증권등소유상황보고서 | 2026-08-28: 임원ㆍ주요주주특정증권등소유상황보고서,4
LX홀딩스,383800,0,OK,,,,2026-08-28: 대규모기업집단현황공시[분기별공시(대표회사용)] | 2026-08-14: 반기보고서 (2026.06) | 2026-08-14: 지급수단별ㆍ지급기간별지급금액및분쟁조정기구에관한사항 | 2026-08-12: 임원ㆍ주요주주특정증권등거래계획보고서 | 2026-08-12: 임원ㆍ주요주주특정증권등거래계획보고서,9
INVENI,015360,0,OK,,,,2026-09-01: 임원ㆍ주요주주특정증권등소유상황보고서 | 2026-09-01: 주식등의대량보유상황보고서(일반) | 2026-09-01: 최대주주등소유주식변동신고서               | 2026-08-27: 대규모기업집단현황공시[분기별공시(개별회사용)] | 2026-08-26: 임원ㆍ주요주주특정증권등소유상황보고서,9
정원엔시스,045510,0,OK,,,,2026-09-02: 임원ㆍ주요주주특정증권등소유상황보고서 | 2026-08-24: 임원ㆍ주요주주특정증권등소유상황보고서 | 2026-08-19: 임원ㆍ주요주주특정증권등소유상황보고서 | 2026-08-13: 반기보고서 (2026.06),4
일양약품,007570,0,OK,,,,2026-09-10: 불성실공시법인지정예고               | 2026-09-10: [기재정정]단일판매ㆍ공급계약해지               | 2026-09-09: 단일판매ㆍ공급계약해지               | 2026-08-21: 임원ㆍ주요주주특정증권등거래계획보고서 | 2026-08-21: 임원ㆍ주요주주특정증권등거래계획보고서,6
현대로템,064350,0,OK,,,,2026-08-28: 특수관계인으로부터기타유가증권매수 | 2026-08-28: 대규모기업집단현황공시[분기별공시(개별회사용)] | 2026-08-14: 반기보고서 (2026.06) | 2026-08-14: 투자판단관련주요경영사항               | 2026-08-14: 풍문또는보도에대한해명(미확정)              ,6
태광산업,003240,0,OK,,,,2026-09-07: 풍문또는보도에대한해명(미확정)               | 2026-09-01: 풍문또는보도에대한해명(미확정)               | 2026-08-27: 대규모기업집단현황공시[분기별공시(대표회사용)] | 2026-08-24: 기업설명회(IR)개최(안내공시)               | 2026-08-14: 반기보고서 (2026.06),11
미코,059090,0,OK,,,,2026-09-09: 주식등의대량보유상황보고서(일반) | 2026-09-03: 임원ㆍ주요주주특정증권등소유상황보고서 | 2026-09-01: 타인에대한담보제공결정               | 2026-09-01: 타인에대한채무보증결정               | 2026-08-26: [기재정정]타인에대한채무보증결정              ,10
신흥,004080,0,OK,,,,2026-09-07: 자기주식취득결과보고서 | 2026-09-02: 임원ㆍ주요주주특정증권등소유상황보고서 | 2026-09-02: 최대주주등소유주식변동신고서               | 2026-08-21: 최대주주등소유주식변동신고서               | 2026-08-14: 반기보고서 (2026.06),5
압타바이오,293780,0,OK,,,,2026-09-02: 기업설명회(IR)개최               | 2026-08-24: 전환사채(해외전환사채포함)발행후만기전사채취득               | 2026-08-14: 반기보고서 (2026.06),3
대선조선,031990,0,OK,,,,2026-09-09: 주요사항보고서(소송등의제기) | 2026-09-09: 주요사항보고서(소송등의제기) | 2026-08-14: 반기보고서 (2026.06),3
큐리오시스,494120,0,OK,,,,2026-09-04: 임원ㆍ주요주주특정증권등소유상황보고서 | 2026-08-28: 임원ㆍ주요주주특정증권등소유상황보고서 | 2026-08-20: 임원ㆍ주요주주특정증권등소유상황보고서 | 2026-08-18: 임원ㆍ주요주주특정증권등소유상황보고서,4
오리엔트바이오,002630,0,OK,,,,2026-09-04: 주식등의대량보유상황보고서(일반) | 2026-09-04: 임원ㆍ주요주주특정증권등소유상황보고서 | 2026-08-14: 분기보고서 (2026.06),3
대한전선,001440,0,OK,,,,2026-09-10: 증권신고서(채무증권) | 2026-09-10: 동일인등출자계열회사와의상품ㆍ용역거래 | 2026-09-08: 기업설명회(IR)개최(안내공시)               | 2026-08-28: 대규모기업집단현황공시[분기별공시(개별회사용)] | 2026-08-14: 반기보고서 (2026.06),7
DB,012030,0,OK,,,,2026-08-28: 주식등의대량보유상황보고서(일반) | 2026-08-28: 임원ㆍ주요주주특정증권등거래계획보고서 | 2026-08-27: 대규모기업집단현황공시[분기별공시(대표회사용)] | 2026-08-14: 반기보고서 (2026.06) | 2026-08-14: 지급수단별ㆍ지급기간별지급금액및분쟁조정기구에관한사항,5
제일기획,030000,0,OK,,,,2026-08-31: 대규모기업집단현황공시[분기별공시(개별회사용)] | 2026-08-28: 최대주주등소유주식변동신고서               | 2026-08-21: 기업설명회(IR)개최(안내공시)               | 2026-08-14: 반기보고서 (2026.06) | 2026-08-13: 지급수단별ㆍ지급기간별지급금액및분쟁조정기구에관한사항,5
모나용평,070960,0,OK,,,,2026-08-20: 타인에대한담보제공결정               | 2026-08-20: 타인에대한채무보증결정               | 2026-08-14: 반기보고서 (2026.06),3
성우,458650,0,OK,,,,2026-09-01: 주주명부폐쇄기간또는기준일설정               | 2026-09-01: 주주총회소집결의              (임시주주총회) | 2026-08-14: 반기보고서 (2026.06),3
아로마티카,0015N0,0,OK,,,,2026-09-01: 주주명부폐쇄기간또는기준일설정               | 2026-08-31: 주주총회소집결의              (임시주주총회) | 2026-08-18: [기재정정]반기보고서 (2026.06) | 2026-08-14: 반기보고서 (2026.06),4
두산,000150,0,OK,,,,2026-08-31: 대규모기업집단현황공시[분기별공시(대표회사용)] | 2026-08-14: 반기보고서 (2026.06) | 2026-08-14: [기재정정]지급수단별ㆍ지급기간별지급금액및분쟁조정기구에관한사항 | 2026-08-14: 지급수단별ㆍ지급기간별지급금액및분쟁조정기구에관한사항,4
경남은행,192520,0,OK,,,,2026-09-07: 증권발행실적보고서 | 2026-09-04: 투자설명서(일괄신고) | 2026-09-04: 일괄신고추가서류 | 2026-08-14: [기재정정]일괄신고서 | 2026-08-14: 반기보고서 (2026.06),5
국제약품,002720,0,OK,,,,2026-09-04: 임원ㆍ주요주주특정증권등거래계획보고서 | 2026-09-04: 임원ㆍ주요주주특정증권등거래계획보고서 | 2026-08-24: 신규시설투자등               | 2026-08-14: 반기보고서 (2026.06) | 2026-08-11: 주식등의대량보유상황보고서(일반),5
KR모터스,000040,0,OK,,,,2026-09-10: 주식등의대량보유상황보고서(약식) | 2026-09-10: 주주명부폐쇄기간또는기준일설정               | 2026-09-10: 주주총회소집결의               | 2026-09-04: 주식등의대량보유상황보고서(일반) | 2026-09-04: 기타안내사항(안내공시)              ,13
청보,013720,0,OK,,,,2026-08-24: 기타주요경영사항              (타법인 주식 및 출자증권 처분결정 철회) | 2026-08-24: [기재정정]타법인주식및출자증권처분결정              (철회) | 2026-08-12: 반기보고서 (2026.06),3
팬오션,028670,0,OK,,,,2026-08-28: 대규모기업집단현황공시[분기별공시(개별회사용)] | 2026-08-20: 주식등의대량보유상황보고서(일반) | 2026-08-12: 반기보고서 (2026.06),3
스튜디오에스,046140,0,OK,,,,2026-08-28: 대규모기업집단현황공시[분기별공시(개별회사용)] | 2026-08-24: [기재정정]지급수단별ㆍ지급기간별지급금액및분쟁조정기구에관한사항 | 2026-08-18: 지급수단별ㆍ지급기간별지급금액및분쟁조정기구에관한사항,3
엘리비젼,276240,0,OK,,,,2026-08-26: 임원ㆍ주요주주특정증권등소유상황보고서 | 2026-08-26: 임원ㆍ주요주주특정증권등소유상황보고서 | 2026-08-26: 주식등의대량보유상황보고서(일반) | 2026-08-12: 주주명부폐쇄기간또는기준일설정               | 2026-08-12: 주주총회소집결의              ,6
한미글로벌,053690,0,OK,,,,2026-09-02: 최대주주등소유주식변동신고서               | 2026-09-02: 주식등의대량보유상황보고서(일반) | 2026-08-28: [기재정정]반기보고서 (2026.06) | 2026-08-14: 반기보고서 (2026.06),4
바이오톡스텍,086040,0,OK,,,,2026-09-07: 임원ㆍ주요주주특정증권등소유상황보고서 | 2026-09-07: 주식등의대량보유상황보고서(일반) | 2026-09-01: 임원ㆍ주요주주특정증권등소유상황보고서 | 2026-09-01: 주식등의대량보유상황보고서(일반) | 2026-08-31: 임원ㆍ주요주주특정증권등소유상황보고서,9
감성코퍼레이션,036620,0,OK,,,,2026-09-07: 주식등의대량보유상황보고서(일반) | 2026-09-07: 임원ㆍ주요주주특정증권등소유상황보고서 | 2026-08-14: 반기보고서 (2026.06),3
제주항공,089590,0,OK,,,,2026-08-31: 대규모기업집단현황공시[분기별공시(개별회사용)] | 2026-08-31: [기재정정]유형자산처분결정               | 2026-08-20: 기업설명회(IR)개최(안내공시)               | 2026-08-20: [기재정정]영업양도결정(자율공시)(종속회사의주요경영사항)               | 2026-08-20: 특수관계인으로부터자산양수,7
에스앤더블류,103230,0,OK,,,,2026-09-02: 주식등의대량보유상황보고서(일반) | 2026-09-02: 주식등의대량보유상황보고서(일반) | 2026-09-02: 주식등의대량보유상황보고서(일반) | 2026-09-02: 임원ㆍ주요주주특정증권등소유상황보고서 | 2026-09-02: 임원ㆍ주요주주특정증권등소유상황보고서,7
디아이,003160,0,OK,,,,2026-09-07: 주식등의대량보유상황보고서(일반) | 2026-08-20: 기업설명회(IR)개최(안내공시)               | 2026-08-14: 반기보고서 (2026.06),3
서울제약,018680,0,OK,,,,2026-08-28: 대규모기업집단현황공시[분기별공시(개별회사용)] | 2026-08-21: 임시주주총회결과               | 2026-08-14: 지급수단별ㆍ지급기간별지급금액및분쟁조정기구에관한사항 | 2026-08-14: 반기보고서 (2026.06),4
티비에이치글로벌,084870,0,OK,,,,2026-09-10: 기타경영사항(자율공시)               | 2026-09-07: 임원ㆍ주요주주특정증권등소유상황보고서 | 2026-09-07: 임원ㆍ주요주주특정증권등소유상황보고서 | 2026-09-07: 임원ㆍ주요주주특정증권등소유상황보고서 | 2026-09-07: 주식등의대량보유상황보고서(일반),9
KD,044180,0,OK,,,,2026-08-31: [기재정정]타인에대한담보제공결정               | 2026-08-14: 반기검토(감사)의견부적정등사실확인(자본잠식률100분의50이상또는자기자본10억원미만포함)               | 2026-08-14: 반기보고서 (2026.06),3
삼성SDI,006400,0,OK,,,,2026-09-09: 금전대여결정               | 2026-09-08: 최대주주등소유주식변동신고서               | 2026-09-04: 타인에대한담보제공결정               | 2026-09-04: 타인에대한채무보증결정               | 2026-08-31: 대규모기업집단현황공시[분기별공시(개별회사용)],12
원익피앤이,217820,0,OK,,,,2026-08-28: 대규모기업집단현황공시[분기별공시(개별회사용)] | 2026-08-14: 반기보고서 (2026.06) | 2026-08-14: 지급수단별ㆍ지급기간별지급금액및분쟁조정기구에관한사항,3
범양건영,002410,0,OK,,,,2026-09-07: 기타시장안내              (기업심사위원회 심의대상 결정) | 2026-08-31: 기타시장안내              (개선계획 이행여부 심의요청서 접수) | 2026-08-24: [기재정정]회생절차개시결정               | 2026-08-20: 기타시장안내              (개선기간 종료 관련 안내) | 2026-08-14: 기타시장안내              (상장적격성 실질심사 사유 발생),7
BNK금융지주,138930,0,OK,,,,2026-09-09: 임원ㆍ주요주주특정증권등소유상황보고서 | 2026-09-03: 기업가치제고계획(자율공시)               | 2026-08-31: 증권발행실적보고서 | 2026-08-28: 투자설명서(일괄신고) | 2026-08-28: 일괄신고추가서류,7
씨앤지하이테크,264660,0,OK,,,,2026-09-08: 주식등의대량보유상황보고서(일반) | 2026-08-26: [기재정정]타법인주식및출자증권처분결정               | 2026-08-13: 반기보고서 (2026.06),3
KC그린홀딩스,009440,0,OK,,,,"2026-09-03: 타인에대한담보제공결정               | 2026-09-03: 주요사항보고서(타법인주식및출자증권양도결정) | 2026-08-21: [기재정정]주요사항보고서(채권은행등의관리절차개시) | 2026-08-14: 반기보고서 (2026.06) | 2026-08-14: 반기검토의견부적정,의견거절또는완전자본잠식사실발생              ",5
유니드비티플러스,446070,0,OK,,,,2026-08-28: 대규모기업집단현황공시[분기별공시(개별회사용)] | 2026-08-25: 주식등의대량보유상황보고서(일반) | 2026-08-14: 반기보고서 (2026.06) | 2026-08-14: 지급수단별ㆍ지급기간별지급금액및분쟁조정기구에관한사항 | 2026-08-12: [기재정정]타법인주식및출자증권취득결정              ,5
케이비증권,003450,0,OK,,,,2026-09-09: 투자설명서(일괄신고) | 2026-09-09: 일괄신고추가서류(파생결합사채-주가연계파생결합사채) | 2026-09-09: 투자설명서(일괄신고) | 2026-09-09: 일괄신고추가서류(파생결합사채-주가연계파생결합사채) | 2026-09-08: 투자설명서(일괄신고),99
케이티앤지,033780,0,OK,,,,2026-09-07: 주식등의대량보유상황보고서(약식) | 2026-08-27: 대규모기업집단현황공시[분기별공시(대표회사용)] | 2026-08-14: 반기보고서 (2026.06) | 2026-08-14: 지급수단별ㆍ지급기간별지급금액및분쟁조정기구에관한사항,4
차바이오텍,085660,0,OK,,,,2026-09-10: [기재정정]타인에대한담보제공결정               | 2026-09-03: 주식등의대량보유상황보고서(일반) | 2026-08-18: 타법인주식및출자증권취득결정               | 2026-08-18: 전환사채(해외전환사채포함)발행후만기전사채취득               | 2026-08-13: 반기보고서 (2026.06),5
퓨쳐켐,220100,0,OK,,,,2026-09-07: [기재정정]유상증자또는주식관련사채등의청약결과(자율공시)               | 2026-09-04: 유상증자또는주식관련사채등의청약결과(자율공시)               | 2026-09-01: [기재정정]투자설명서 | 2026-09-01: [발행조건확정]증권신고서(지분증권) | 2026-09-01: 유상증자최종발행가액확정              ,20
큐렉소,060280,0,OK,,,,2026-09-01: 기업설명회(IR)개최               | 2026-09-01: [기재정정]주주총회소집공고 | 2026-09-01: 주주총회소집공고 | 2026-08-13: 반기보고서 (2026.06),4
메카로,241770,0,OK,,,,2026-09-08: 주식등의대량보유상황보고서(일반) | 2026-09-04: 임원ㆍ주요주주특정증권등소유상황보고서 | 2026-09-04: 주식등의대량보유상황보고서(일반) | 2026-08-14: 반기보고서 (2026.06),4
이상네트웍스,080010,0,OK,,,,2026-08-19: 임원ㆍ주요주주특정증권등소유상황보고서 | 2026-08-19: 주식등의대량보유상황보고서(약식) | 2026-08-14: 반기보고서 (2026.06),3
신라에스지,025870,0,OK,,,,2026-09-07: 기타시장안내              (시가총액 미달에 따른 상장폐지 우려 관련 안내) | 2026-08-31: 기타시장안내              (시가총액 미달에 따른 상장폐지 우려 관련 안내) | 2026-08-14: 반기보고서 (2026.06),3
아이로보틱스,066430,0,OK,,,,2026-09-07: 조회공시요구(현저한시황변동)에대한답변(중요정보없음)               | 2026-09-01: 소송등의판결ㆍ결정              (주주총회소집허가) | 2026-08-14: 반기보고서 (2026.06),3
DSR제강,069730,0,OK,,,,2026-09-09: 최대주주등소유주식변동신고서               | 2026-09-01: 최대주주등소유주식변동신고서               | 2026-08-25: 최대주주등소유주식변동신고서               | 2026-08-14: 반기보고서 (2026.06) | 2026-08-13: 최대주주등소유주식변동신고서              ,6
상보,027580,0,OK,,,,2026-09-03: 임원ㆍ주요주주특정증권등소유상황보고서 | 2026-09-02: 주식등의대량보유상황보고서(일반) | 2026-08-14: 반기보고서 (2026.06) | 2026-08-11: 임원ㆍ주요주주특정증권등거래계획보고서,4
멕아이씨에스,058110,0,OK,,,,2026-08-21: 임시주주총회결과               | 2026-08-18: 기업설명회(IR)개최               | 2026-08-11: 반기보고서 (2026.06),3
셀레믹스,331920,0,OK,,,,2026-09-10: 주식등의대량보유상황보고서(일반) | 2026-09-10: 임원ㆍ주요주주특정증권등소유상황보고서 | 2026-09-03: 임원ㆍ주요주주특정증권등소유상황보고서 | 2026-09-02: 임원ㆍ주요주주특정증권등소유상황보고서 | 2026-09-02: 임원ㆍ주요주주특정증권등소유상황보고서,7
컴퍼니케이,307930,0,OK,,,,2026-08-28: 독립이사의선임ㆍ해임또는중도퇴임에관한신고 | 2026-08-28: 임시주주총회결과               | 2026-08-13: 반기보고서 (2026.06) | 2026-08-13: 주주총회소집공고,4
이지스레지던스리츠,350520,0,OK,,,,2026-09-10: 사업보고서 (2026.06) | 2026-09-10: 감사보고서제출               | 2026-09-03: 의결권대리행사권유참고서류 | 2026-09-03: 주주총회소집공고 | 2026-09-03: 부동산투자회사금전배당결정              ,6
크로넥스,215570,0,OK,,,,2026-08-31: [기재정정]주식매수선택권부여에관한신고 | 2026-08-31: 전환가액의조정              (제5회차) | 2026-08-27: 임원ㆍ주요주주특정증권등소유상황보고서 | 2026-08-26: 임원ㆍ주요주주특정증권등소유상황보고서 | 2026-08-20: 임원ㆍ주요주주특정증권등소유상황보고서,5
무학,033920,0,OK,,,,2026-08-28: 임원ㆍ주요주주특정증권등소유상황보고서 | 2026-08-28: 최대주주등소유주식변동신고서               | 2026-08-25: 임원ㆍ주요주주특정증권등소유상황보고서 | 2026-08-25: 최대주주등소유주식변동신고서               | 2026-08-14: 반기보고서 (2026.06),5
힘스,238490,0,OK,,,,2026-08-20: 주식등의대량보유상황보고서(일반) | 2026-08-20: 임원ㆍ주요주주특정증권등소유상황보고서 | 2026-08-13: 반기보고서 (2026.06),3
비트맥스,377030,0,OK,,,,2026-09-10: 주식등의대량보유상황보고서(약식) | 2026-09-10: 본점소재지변경               | 2026-09-04: 전환가액의조정               | 2026-08-14: 반기보고서 (2026.06) | 2026-08-14: 반기검토(감사)의견부적정등사실확인(자본잠식률100분의50이상또는자기자본10억원미만포함)              ,6
SUN&L,002820,0,OK,,,,2026-09-04: 투자판단관련주요경영사항               | 2026-08-14: 반기보고서 (2026.06) | 2026-08-13: 임원ㆍ주요주주특정증권등소유상황보고서,3
라온로보틱스,232680,0,OK,,,,2026-09-01: [기재정정]신규시설투자등               | 2026-08-21: 신규시설투자등               | 2026-08-13: 반기보고서 (2026.06),3
탑코미디어,134580,0,OK,,,,2026-09-10: 임시주주총회결과               | 2026-09-10: 상호변경안내               | 2026-09-03: 주식등의대량보유상황보고서(일반) | 2026-09-03: 임원ㆍ주요주주특정증권등소유상황보고서 | 2026-09-03: 교환청구권행사              ,14
KT나스미디어,089600,0,OK,,,,2026-09-02: 주식등의대량보유상황보고서(약식) | 2026-08-27: 대규모기업집단현황공시[분기별공시(개별회사용)] | 2026-08-14: 반기보고서 (2026.06) | 2026-08-14: 지급수단별ㆍ지급기간별지급금액및분쟁조정기구에관한사항,4
원익IPS,240810,0,OK,,,,2026-09-04: 독립이사의선임ㆍ해임또는중도퇴임에관한신고 | 2026-09-04: 임시주주총회결과               | 2026-08-28: 대규모기업집단현황공시[분기별공시(개별회사용)] | 2026-08-20: 의결권대리행사권유참고서류 | 2026-08-20: 주주총회소집공고,7
큐로홀딩스,051780,0,OK,,,,2026-09-07: 주식등의대량보유상황보고서(일반) | 2026-08-28: 대규모기업집단현황공시[분기별공시(개별회사용)] | 2026-08-24: 임원ㆍ주요주주특정증권등소유상황보고서 | 2026-08-24: 주식등의대량보유상황보고서(일반) | 2026-08-18: 주식등의대량보유상황보고서(일반),9
푸드웰,005670,0,OK,,,,2026-09-07: 주주총회소집공고 | 2026-08-26: 주식등의대량보유상황보고서(일반) | 2026-08-13: 반기보고서 (2026.06) | 2026-08-11: 주주명부폐쇄기간또는기준일설정               | 2026-08-11: 주주총회소집결의              (임시주주총회),5
피코그램,376180,0,OK,,,,2026-08-14: 반기보고서 (2026.06) | 2026-08-11: 주식등의대량보유상황보고서(일반) | 2026-08-11: 임원ㆍ주요주주특정증권등소유상황보고서,3
비보존 제약,082800,0,OK,,,,2026-08-21: 임원ㆍ주요주주특정증권등소유상황보고서 | 2026-08-19: 임원ㆍ주요주주특정증권등거래계획보고서 | 2026-08-14: 반기보고서 (2026.06) | 2026-08-12: [기재정정]사업보고서 (2025.12),4
NAVER,035420,0,OK,,,,2026-09-01: 기업설명회(IR)개최(안내공시)               | 2026-08-26: 대규모기업집단현황공시[분기별공시(대표회사용)] | 2026-08-14: 임원ㆍ주요주주특정증권등소유상황보고서 | 2026-08-14: 임원ㆍ주요주주특정증권등소유상황보고서 | 2026-08-14: 임원ㆍ주요주주특정증권등소유상황보고서,10
티피씨글로벌,130740,0,OK,,,,2026-09-09: 신탁계약해지결과보고서 | 2026-09-09: 주요사항보고서(자기주식취득신탁계약해지결정) | 2026-09-04: 신탁계약에의한취득상황보고서 | 2026-08-13: 반기보고서 (2026.06),4
신성에스티,416180,0,OK,,,,2026-09-02: 타인에대한채무보증결정               | 2026-09-02: 타인에대한채무보증결정               | 2026-08-14: 반기보고서 (2026.06),3
HS효성,487570,0,OK,,,,2026-09-07: 타인에대한채무보증결정(자회사의 주요경영사항)               | 2026-09-07: 타인에대한채무보증결정(자회사의 주요경영사항)               | 2026-09-04: 타인에대한채무보증결정(자회사의 주요경영사항)               | 2026-08-31: [기재정정]타법인주식및출자증권취득결정(자회사의 주요경영사항)               | 2026-08-28: 대규모기업집단현황공시[분기별공시(개별회사용)],11
KISCO홀딩스,001940,0,OK,,,,2026-09-09: 신탁계약해지결과보고서 | 2026-09-09: 주요사항보고서(자기주식취득신탁계약해지결정) | 2026-09-09: 주요사항보고서(자기주식취득신탁계약해지결정)(자회사의 주요경영사항)               | 2026-09-09: 신탁계약에의한취득상황보고서 | 2026-08-14: 반기보고서 (2026.06),5
한솔홈데코,025750,0,OK,,,,2026-08-26: 대규모기업집단현황공시[분기별공시(개별회사용)] | 2026-08-14: 지급수단별ㆍ지급기간별지급금액및분쟁조정기구에관한사항 | 2026-08-13: 반기보고서 (2026.06),3
넥슨게임즈,225570,0,OK,,,,2026-08-31: 대규모기업집단현황공시[분기별공시(개별회사용)] | 2026-08-13: 반기보고서 (2026.06) | 2026-08-13: 지급수단별ㆍ지급기간별지급금액및분쟁조정기구에관한사항,3
알지노믹스,476830,0,OK,,,,2026-09-09: 주식등의대량보유상황보고서(약식) | 2026-08-19: 기업설명회(IR)개최               | 2026-08-13: 반기보고서 (2026.06),3
알테오젠,196170,0,OK,,,,2026-09-02: 투자판단관련주요경영사항              (재조합 인간 히알루로니다제 제품 ALT-B4 독점적 옵션·라이선스 계약 체결) | 2026-08-31: 투자판단관련주요경영사항              (ALT-B4 라이선스 계약 파트너사 MSD로부터 판매 마일스톤 수령 예정) | 2026-08-14: [첨부추가]반기보고서 (2026.06) | 2026-08-21: 신규시설투자등               | 2026-08-13: 임원ㆍ주요주주특정증권등소유상황보고서,8
아이패밀리에스씨,114840,0,OK,,,,2026-08-13: 반기보고서 (2026.06) | 2026-08-13: 중간(분기)배당을위한주주명부폐쇄(기준일)결정               | 2026-08-13: 현금ㆍ현물배당결정              (분기배당),3
프럼파스트,035200,0,OK,,,,2026-09-04: 임원ㆍ주요주주특정증권등거래계획보고서 | 2026-09-02: 주식등의대량보유상황보고서(일반) | 2026-08-14: [기재정정]사업보고서 (2025.12) | 2026-08-11: 반기보고서 (2026.06),4
인터지스,129260,0,OK,,,,2026-08-28: 대규모기업집단현황공시[분기별공시(개별회사용)] | 2026-08-14: 반기보고서 (2026.06) | 2026-08-14: 지급수단별ㆍ지급기간별지급금액및분쟁조정기구에관한사항,3
서울식품공업,004410,0,OK,,,,2026-09-07: 임원ㆍ주요주주특정증권등소유상황보고서 | 2026-09-07: 최대주주등소유주식변동신고서               | 2026-09-04: 임원ㆍ주요주주특정증권등소유상황보고서 | 2026-09-04: 주식등의대량보유상황보고서(일반) | 2026-08-31: 전환가액ㆍ신주인수권행사가액ㆍ교환가액의조정(안내공시)              ,9
케이옥션,102370,0,OK,,,,2026-09-10: 주주총회소집공고 | 2026-08-31: [기재정정]반기보고서 (2026.06) | 2026-08-26: 임원ㆍ주요주주특정증권등거래계획보고서 | 2026-08-21: 임원ㆍ주요주주특정증권등소유상황보고서 | 2026-08-20: 주주명부폐쇄기간또는기준일설정              ,7
신한지주,055550,0,OK,,,,2026-09-09: 기업설명회(IR)개최(안내공시)               | 2026-09-08: [발행조건확정]증권신고서(채무증권) | 2026-09-08: [기재정정]증권신고서(채무증권) | 2026-09-08: [기재정정]주요사항보고서(상각형조건부자본증권발행결정) | 2026-09-02: 증권신고서(채무증권),18
율촌화학,008730,0,OK,,,,2026-08-28: 대규모기업집단현황공시[분기별공시(개별회사용)] | 2026-08-14: 반기보고서 (2026.06) | 2026-08-14: 지급수단별ㆍ지급기간별지급금액및분쟁조정기구에관한사항,3
대림통상,006570,0,OK,,,,2026-09-09: 주식등의대량보유상황보고서(일반) | 2026-09-09: 임원ㆍ주요주주특정증권등소유상황보고서 | 2026-09-09: 임원ㆍ주요주주특정증권등소유상황보고서 | 2026-09-09: 최대주주등소유주식변동신고서               | 2026-09-04: 주식등의대량보유상황보고서(일반),7
대원전선,006340,0,OK,,,,2026-09-03: 임원ㆍ주요주주특정증권등소유상황보고서 | 2026-09-03: 최대주주등소유주식변동신고서               | 2026-08-31: 임원ㆍ주요주주특정증권등소유상황보고서 | 2026-08-31: 최대주주등소유주식변동신고서               | 2026-08-27: 최대주주등소유주식변동신고서              ,9
스모트로닉,066590,0,OK,,,,2026-09-09: [기재정정]주식등의대량보유상황보고서(일반) | 2026-09-09: [기재정정]주식등의대량보유상황보고서(약식) | 2026-09-09: [기재정정]주식등의대량보유상황보고서(약식) | 2026-09-09: [기재정정]주식등의대량보유상황보고서(약식) | 2026-09-09: [기재정정]주식등의대량보유상황보고서(약식),22
한국스탠다드차타드은행,000110,0,OK,,,,2026-09-10: [기재정정]투자설명서(일괄신고) | 2026-09-10: [기재정정]일괄신고추가서류 | 2026-09-10: 투자설명서(일괄신고) | 2026-09-10: 일괄신고추가서류 | 2026-09-10: 투자설명서(일괄신고),8
유진테크,084370,0,OK,,,,2026-09-09: 신규시설투자등               | 2026-08-27: 임원ㆍ주요주주특정증권등소유상황보고서 | 2026-08-27: 임원ㆍ주요주주특정증권등소유상황보고서 | 2026-08-20: 임원ㆍ주요주주특정증권등소유상황보고서 | 2026-08-14: 반기보고서 (2026.06),5
DRB동일,004840,0,OK,,,,2026-08-14: 반기보고서 (2026.06) | 2026-08-13: 주식등의대량보유상황보고서(약식) | 2026-08-12: 공정거래자율준수프로그램운영현황(안내공시)              ,3
LX인터내셔널,001120,0,OK,,,,2026-08-28: 대규모기업집단현황공시[분기별공시(개별회사용)] | 2026-08-14: 반기보고서 (2026.06) | 2026-08-14: 지급수단별ㆍ지급기간별지급금액및분쟁조정기구에관한사항 | 2026-08-12: 특수관계인에대한담보제공 | 2026-08-12: 특수관계인에대한자금대여,11
엘앤에프,066970,0,OK,,,,2026-09-08: 풍문또는보도에대한해명(미확정)               | 2026-09-07: 기업설명회(IR)개최(안내공시)               | 2026-08-26: 주식등의대량보유상황보고서(일반) | 2026-08-14: 반기보고서 (2026.06) | 2026-08-14: [기재정정]사업보고서 (2025.12),5
엠디바이스,226590,0,OK,,,,2026-09-09: 주요사항보고서(자기전환사채만기전취득결정) | 2026-09-08: [기재정정]반기보고서 (2026.06) | 2026-08-13: 반기보고서 (2026.06),3
타스컴,336040,0,OK,,,,2026-08-27: 임원ㆍ주요주주특정증권등소유상황보고서 | 2026-08-25: 임원ㆍ주요주주특정증권등소유상황보고서 | 2026-08-25: 주식등의대량보유상황보고서(일반) | 2026-08-24: 주식등의대량보유상황보고서(일반),4
에이비엘바이오,298380,0,OK,,,,2026-09-04: 주식등의대량보유상황보고서(일반) | 2026-08-31: [기재정정]주식매수선택권부여에관한신고 | 2026-08-26: 주식매수선택권부여에관한신고 | 2026-08-11: 반기보고서 (2026.06),4
아세아텍,050860,0,OK,,,,2026-09-04: 독립이사의선임ㆍ해임또는중도퇴임에관한신고 | 2026-09-04: 임시주주총회결과               | 2026-08-28: 현금ㆍ현물배당결정               | 2026-08-28: 주주총회소집결의               | 2026-08-28: 매출액또는손익구조30%(대규모법인은15%)이상변동              ,7
해성옵틱스,076610,0,OK,,,,2026-09-07: 주주총회소집결의              (임시주주총회) | 2026-09-07: 주주명부폐쇄기간또는기준일설정               | 2026-09-01: [기재정정]타인에대한채무보증결정               | 2026-08-28: 전환청구권행사               | 2026-08-18: 파생상품거래손실발생              ,6
우리금융지주,316140,0,OK,,,,2026-09-04: 기업설명회(IR)개최(안내공시)               | 2026-09-02: 임원ㆍ주요주주특정증권등소유상황보고서 | 2026-09-02: 임원ㆍ주요주주특정증권등소유상황보고서 | 2026-09-02: 임원ㆍ주요주주특정증권등소유상황보고서 | 2026-09-02: 임원ㆍ주요주주특정증권등소유상황보고서,19
인팩,023810,0,OK,,,,2026-09-07: [기재정정]금전대여결정               | 2026-08-28: 타인에대한채무보증결정               | 2026-08-20: 타인에대한채무보증결정               | 2026-08-14: 반기보고서 (2026.06),4
롯데에너지머티리얼즈,020150,0,OK,,,,2026-09-03: [기재정정]타법인주식및출자증권처분결정               | 2026-08-28: 기업설명회(IR)개최(안내공시)               | 2026-08-27: 대규모기업집단현황공시[분기별공시(개별회사용)] | 2026-08-21: 기업설명회(IR)개최(안내공시)               | 2026-08-21: 기업설명회(IR)개최(안내공시)              ,10
흥국화재,000540,0,OK,,,,2026-08-31: [기재정정]반기보고서 (2026.06) | 2026-08-28: 대규모기업집단현황공시[분기별공시(개별회사용)] | 2026-08-18: [기재정정]반기보고서 (2026.06) | 2026-08-14: 반기보고서 (2026.06) | 2026-08-14: 지급수단별ㆍ지급기간별지급금액및분쟁조정기구에관한사항,5
손오공,066910,0,OK,,,,2026-09-03: 임시주주총회결과               | 2026-08-19: 주주총회소집공고 | 2026-08-19: [기재정정]주주총회소집결의              (임시주주총회) | 2026-08-14: 반기보고서 (2026.06),4
지투지바이오,456160,0,OK,,,,2026-08-27: 투자판단관련주요경영사항(임상시험결과)               | 2026-08-21: 주식등의대량보유상황보고서(일반) | 2026-08-14: 반기보고서 (2026.06),3
링크드,193250,0,OK,,,,2026-08-28: 임원ㆍ주요주주특정증권등소유상황보고서 | 2026-08-28: 임원ㆍ주요주주특정증권등소유상황보고서 | 2026-08-28: 주식등의대량보유상황보고서(일반) | 2026-08-25: 주요사항보고서(전환사채매수선택권행사자지정) | 2026-08-14: 자기교환사채만기전취득결정              (제2회차),6
썸에이지,208640,0,OK,,,,2026-09-04: 불성실공시법인지정예고              (공시번복) | 2026-09-03: 주주총회소집공고 | 2026-08-14: 반기보고서 (2026.06) | 2026-08-12: 주주명부폐쇄기간또는기준일설정               | 2026-08-12: 주주총회소집결의              (임시주주총회),5
KB스타리츠,432320,0,OK,,,,2026-09-10: 매출액또는손익구조30%(대규모법인은15%)이상변경               | 2026-08-11: [기재정정]부동산투자회사자금차입               | 2026-08-11: 부동산투자회사자금차입               | 2026-08-11: 부동산투자회사자금차입              ,4
에코앤드림,101360,0,OK,,,,2026-08-20: 임원ㆍ주요주주특정증권등소유상황보고서 | 2026-08-18: 주식등의대량보유상황보고서(일반) | 2026-08-18: 임원ㆍ주요주주특정증권등소유상황보고서 | 2026-08-18: 임원ㆍ주요주주특정증권등소유상황보고서 | 2026-08-18: 임원ㆍ주요주주특정증권등소유상황보고서,6
리가켐바이오,141080,0,OK,,,,2026-09-08: 기업설명회(IR)개최               | 2026-08-31: 대규모기업집단현황공시[분기별공시(개별회사용)] | 2026-08-14: 반기보고서 (2026.06) | 2026-08-14: 지급수단별ㆍ지급기간별지급금액및분쟁조정기구에관한사항,4
DB증권,016610,0,OK,,,,2026-09-10: 투자설명서(일괄신고) | 2026-09-10: 증권발행실적보고서 | 2026-09-10: 투자설명서(일괄신고) | 2026-09-10: 투자설명서(일괄신고) | 2026-09-10: 일괄신고추가서류(파생결합증권-주가연계증권),100
본시스템즈,496320,0,OK,,,,2026-09-09: [기재정정]주주총회소집결의               | 2026-08-20: 주주명부폐쇄기간또는기준일설정               | 2026-08-20: 주주총회소집결의              ,3
도화엔지니어링,002150,0,OK,,,,2026-09-08: 중대재해발생               | 2026-08-13: 반기보고서 (2026.06) | 2026-08-11: 타법인주식및출자증권처분결정(자율공시)(종속회사의주요경영사항)               | 2026-08-11: 타법인주식및출자증권처분결정(자율공시)(종속회사의주요경영사항)              ,4
이노에이엑스,296640,0,OK,,,,2026-09-08: 중간(분기)배당을위한주주명부폐쇄(기준일)결정               | 2026-08-25: 임원ㆍ주요주주특정증권등소유상황보고서 | 2026-08-25: 임원ㆍ주요주주특정증권등소유상황보고서 | 2026-08-25: 임원ㆍ주요주주특정증권등소유상황보고서 | 2026-08-25: 임원ㆍ주요주주특정증권등소유상황보고서,6
에코아이,448280,0,OK,,,,2026-08-28: 주식등의대량보유상황보고서(일반) | 2026-08-28: 임원ㆍ주요주주특정증권등소유상황보고서 | 2026-08-14: 반기보고서 (2026.06),3
파라택시스이더리움,290560,0,OK,,,,2026-08-14: 반기보고서 (2026.06) | 2026-08-13: 주식병합결정               | 2026-08-13: 주주명부폐쇄기간또는기준일설정               | 2026-08-13: 주주총회소집결의              (임시주주총회),4
우리금융캐피탈,033660,0,OK,,,,2026-09-10: 증권발행실적보고서 | 2026-09-09: 투자설명서(일괄신고) | 2026-09-09: 일괄신고추가서류 | 2026-08-26: 증권발행실적보고서 | 2026-08-25: 투자설명서(일괄신고),13
율촌,146060,0,OK,,,,2026-09-08: 기업설명회(IR)개최               | 2026-09-04: 타인에대한담보제공결정               | 2026-08-14: 반기보고서 (2026.06) | 2026-08-13: 신탁계약해지결과보고서 | 2026-08-13: 주요사항보고서(자기주식취득신탁계약해지결정),6
세종텔레콤,036630,0,OK,,,,2026-09-09: 주식등의대량보유상황보고서(일반) | 2026-09-09: 임원ㆍ주요주주특정증권등소유상황보고서 | 2026-08-31: 주식등의대량보유상황보고서(일반) | 2026-08-31: 임원ㆍ주요주주특정증권등소유상황보고서 | 2026-08-14: 반기보고서 (2026.06),5
지에스엔텍,037640,0,OK,,,,2026-08-28: 대규모기업집단현황공시[분기별공시(개별회사용)] | 2026-08-13: 반기보고서 (2026.06) | 2026-08-12: 지급수단별ㆍ지급기간별지급금액및분쟁조정기구에관한사항,3
안지오랩,251280,0,OK,,,,2026-09-07: 임원ㆍ주요주주특정증권등소유상황보고서 | 2026-08-31: 임원ㆍ주요주주특정증권등소유상황보고서 | 2026-08-24: 임원ㆍ주요주주특정증권등소유상황보고서 | 2026-08-12: 주식등의대량보유상황보고서(일반) | 2026-08-12: 임원ㆍ주요주주특정증권등소유상황보고서,5
핸즈코퍼레이션,143210,0,OK,,,,2026-09-02: [기재정정]반기보고서 (2026.06) | 2026-08-24: 주주명부폐쇄기간또는기준일설정               | 2026-08-24: 주주총회소집결의               | 2026-08-14: 반기보고서 (2026.06),4
한국특강,007280,0,OK,,,,2026-09-01: 최대주주등소유주식변동신고서               | 2026-09-01: 주식등의대량보유상황보고서(일반) | 2026-08-14: 반기보고서 (2026.06),3
골드앤에스,035290,0,OK,,,,2026-09-09: 기타시장안내              (시가총액 미달에 따른 상장폐지 우려 관련 안내) | 2026-09-02: 기타시장안내              (시가총액 미달에 따른 상장폐지 우려 관련 안내) | 2026-08-14: 반기보고서 (2026.06),3
영흥,012160,0,OK,,,,2026-09-04: 합병등종료보고서(자산양수도) | 2026-09-04: 주식등의대량보유상황보고서(약식) | 2026-08-28: [기재정정]유형자산처분결정               | 2026-08-28: [기재정정]주요사항보고서(유형자산양도결정) | 2026-08-28: [기재정정]타인에대한담보제공결정              ,15
엘디티,096870,0,OK,,,,2026-09-08: 소송등의판결ㆍ결정               | 2026-09-03: 의결권대리행사권유참고서류 | 2026-09-02: 의결권대리행사권유참고서류 | 2026-09-02: 주주총회소집공고 | 2026-09-01: 기업설명회(IR)개최              ,7
이엠텍,091120,0,OK,,,,2026-09-09: 임원ㆍ주요주주특정증권등소유상황보고서 | 2026-08-26: 주식등의대량보유상황보고서(일반) | 2026-08-26: 임원ㆍ주요주주특정증권등소유상황보고서 | 2026-08-19: 임원ㆍ주요주주특정증권등소유상황보고서 | 2026-08-14: 반기보고서 (2026.06),5
ISC,095340,0,OK,,,,2026-09-08: 기업설명회(IR)개최               | 2026-08-27: 대규모기업집단현황공시[분기별공시(개별회사용)] | 2026-08-18: 기업설명회(IR)개최               | 2026-08-18: 기업설명회(IR)개최               | 2026-08-14: 지급수단별ㆍ지급기간별지급금액및분쟁조정기구에관한사항,6
카이노스메드,284620,0,OK,,,,2026-08-14: 기타시장안내              (투자주의 환기종목 지정 사유 추가 관련 시장조치 미진행 및 상장적격성 실질심사 사유 추가 관련 절차 미진행) | 2026-08-14: 반기검토(감사)의견부적정등사실확인(자본잠식률100분의50이상또는자기자본10억원미만포함)               | 2026-08-14: 반기보고서 (2026.06),3
하이트진로,000080,0,OK,,,,2026-09-09: 생산중단(자율공시)               | 2026-08-28: 대규모기업집단현황공시[분기별공시(개별회사용)] | 2026-08-13: 반기보고서 (2026.06) | 2026-08-13: 지급수단별ㆍ지급기간별지급금액및분쟁조정기구에관한사항,4
코오롱인더,120110,0,OK,,,,2026-09-07: 주식등의대량보유상황보고서(일반) | 2026-08-31: 주식등의대량보유상황보고서(일반) | 2026-08-31: 최대주주등소유주식변동신고서               | 2026-08-26: 대규모기업집단현황공시[분기별공시(개별회사용)] | 2026-08-14: 반기보고서 (2026.06),5
미래에셋증권,006800,0,OK,,,,2026-09-10: 최대주주등소유주식변동신고서               | 2026-09-10: 증권발행실적보고서 | 2026-09-10: 증권발행실적보고서 | 2026-09-10: 증권발행실적보고서 | 2026-09-10: 투자설명서(일괄신고),100
NICE,034310,0,OK,,,,2026-09-04: 신탁계약해지결과보고서 | 2026-09-04: 주요사항보고서(자기주식취득신탁계약해지결정) | 2026-09-03: 주식등의대량보유상황보고서(일반) | 2026-08-14: 반기보고서 (2026.06) | 2026-08-14: 주식등의대량보유상황보고서(일반),5
아모레퍼시픽,090430,0,OK,,,,2026-09-09: 최대주주등소유주식변동신고서               | 2026-09-09: 임원ㆍ주요주주특정증권등소유상황보고서 | 2026-09-09: 임원ㆍ주요주주특정증권등소유상황보고서 | 2026-09-09: 임원ㆍ주요주주특정증권등소유상황보고서 | 2026-09-09: 임원ㆍ주요주주특정증권등소유상황보고서,29
도이치모터스,067990,0,OK,,,,2026-08-28: [기재정정]타인에대한채무보증결정               | 2026-08-24: 주식등의대량보유상황보고서(일반) | 2026-08-14: 반기보고서 (2026.06),3
코오롱생명과학,102940,0,OK,,,,2026-08-31: [기재정정]반기보고서 (2026.06) | 2026-08-31: 대규모기업집단현황공시[분기별공시(개별회사용)] | 2026-08-14: 반기보고서 (2026.06) | 2026-08-13: 지급수단별ㆍ지급기간별지급금액및분쟁조정기구에관한사항,4
OCI홀딩스,010060,0,OK,,,,2026-08-28: 대규모기업집단현황공시[분기별공시(대표회사용)] | 2026-08-13: 반기보고서 (2026.06) | 2026-08-11: 신탁계약해지결과보고서,3
제이브이엠,054950,0,OK,,,,2026-09-10: 기업설명회(IR)개최               | 2026-08-20: 기업설명회(IR)개최               | 2026-08-14: 반기보고서 (2026.06),3
LG화학,051910,0,OK,,,,2026-09-04: 기업설명회(IR)개최(안내공시)               | 2026-08-31: 대규모기업집단현황공시[분기별공시(개별회사용)] | 2026-08-24: 풍문또는보도에대한해명(미확정)               | 2026-08-24: 조회공시요구(풍문또는보도)에대한답변(미확정)               | 2026-08-24: 기타안내사항(안내공시)              ,9
HLB생명과학,067630,0,OK,,,,2026-08-31: 전환사채(해외전환사채포함)발행후만기전사채취득              (제13회차) | 2026-08-28: 타법인주식및출자증권취득결정               | 2026-08-26: 타법인주식및출자증권처분결정               | 2026-08-20: 교환가액의조정              (제16회차) | 2026-08-14: 전환사채(해외전환사채포함)발행후만기전사채취득              (제13회차),6
삼성물산,028260,0,🚨 YES,유상증자결정(종속회사의주요경영사항)              ,단일판매ㆍ공급계약체결              (+5) | [기재정정]단일판매ㆍ공급계약체결              (+5) | [기재정정]단일판매ㆍ공급계약체결              (+5),유상증자결정(종속회사의주요경영사항)              (-15),2026-09-09: 기업설명회(IR)개최(안내공시)               | 2026-09-04: 기업설명회(IR)개최(안내공시)               | 2026-08-31: 단일판매ㆍ공급계약체결               | 2026-08-31: [기재정정]단일판매ㆍ공급계약체결               | 2026-08-31: 대규모기업집단현황공시[분기별공시(개별회사용)],12
롯데케미칼,011170,0,OK,,,,2026-09-02: [기재정정]타인에대한채무보증결정               | 2026-09-01: [기재정정]타인에대한채무보증결정               | 2026-08-28: 대규모기업집단현황공시[분기별공시(개별회사용)] | 2026-08-24: 풍문또는보도에대한해명(미확정)               | 2026-08-21: 풍문또는보도에대한해명(미확정)              ,10
엠케이전자,033160,0,OK,,,,2026-09-09: 주식등의대량보유상황보고서(약식) | 2026-09-09: 기업설명회(IR)개최               | 2026-09-04: 주식등의대량보유상황보고서(일반) | 2026-08-21: 주식등의대량보유상황보고서(약식) | 2026-08-18: 주식등의대량보유상황보고서(약식),9
리메드,302550,0,OK,,,,2026-09-09: 주식등의대량보유상황보고서(일반) | 2026-08-26: 주식등의대량보유상황보고서(일반) | 2026-08-20: 주식등의대량보유상황보고서(일반) | 2026-08-12: [첨부추가]반기보고서 (2026.06),4
한양증권,001750,0,OK,,,,2026-09-09: 증권신고서(채무증권) | 2026-08-21: 유형자산처분결정(자율공시)               | 2026-08-14: 반기보고서 (2026.06),3
씨앤씨인터내셔널,352480,0,OK,,,,2026-08-28: 신탁계약에의한취득상황보고서 | 2026-08-14: 반기보고서 (2026.06) | 2026-08-12: 주요사항보고서(자기주식취득신탁계약체결결정),3
에스바이오메딕스,304360,0,OK,,,,2026-08-31: 임원ㆍ주요주주특정증권등소유상황보고서 | 2026-08-25: 주식등의대량보유상황보고서(일반) | 2026-08-14: 반기보고서 (2026.06) | 2026-08-13: 전환가액의조정              (제5회차) | 2026-08-13: 전환사채(해외전환사채포함)발행후만기전사채취득              (제5회차),5
흥국에프엔비,189980,0,OK,,,,2026-09-09: 임원ㆍ주요주주특정증권등소유상황보고서 | 2026-09-02: 임원ㆍ주요주주특정증권등소유상황보고서 | 2026-08-26: 임원ㆍ주요주주특정증권등소유상황보고서 | 2026-08-19: 주식등의대량보유상황보고서(일반) | 2026-08-19: 임원ㆍ주요주주특정증권등소유상황보고서,7
휴마시스,205470,0,OK,,,,2026-09-04: 주식등의대량보유상황보고서(일반) | 2026-09-04: 임원ㆍ주요주주특정증권등소유상황보고서 | 2026-08-28: 주식등의대량보유상황보고서(일반) | 2026-08-28: 임원ㆍ주요주주특정증권등소유상황보고서 | 2026-08-24: 주식등의대량보유상황보고서(일반),11
M83,476080,0,OK,,,,2026-08-28: 주식등의대량보유상황보고서(일반) | 2026-08-24: 주식등의대량보유상황보고서(일반) | 2026-08-13: 반기보고서 (2026.06),3
인산가,277410,0,OK,,,,2026-09-08: 신주인수권행사가액의조정               | 2026-08-14: 반기보고서 (2026.06) | 2026-08-14: 독립이사의선임ㆍ해임또는중도퇴임에관한신고,3
한진,002320,0,OK,,,,2026-08-28: 대규모기업집단현황공시[분기별공시(개별회사용)] | 2026-08-25: [기재정정]반기보고서 (2026.06) | 2026-08-14: 반기보고서 (2026.06) | 2026-08-14: 지급수단별ㆍ지급기간별지급금액및분쟁조정기구에관한사항,4
디앤디파마텍,347850,0,OK,,,,2026-09-08: 임원ㆍ주요주주특정증권등소유상황보고서 | 2026-09-08: 임원ㆍ주요주주특정증권등소유상황보고서 | 2026-08-21: 투자판단관련주요경영사항(임상시험결과)              (대사이상지방간염 (MASH) 치료제 DD01의 미국 임상 제2상 임상시험결과보고서(CSR) 수령) | 2026-08-14: 반기보고서 (2026.06),4
멀티캠퍼스,067280,0,OK,,,,2026-08-31: 대규모기업집단현황공시[분기별공시(개별회사용)] | 2026-08-14: 반기보고서 (2026.06) | 2026-08-14: 지급수단별ㆍ지급기간별지급금액및분쟁조정기구에관한사항,3
동원수산,030720,0,OK,,,,2026-08-28: 주식등의대량보유상황보고서(일반) | 2026-08-28: 임원ㆍ주요주주특정증권등소유상황보고서 | 2026-08-28: 최대주주등소유주식변동신고서               | 2026-08-27: 기업가치제고계획(자율공시)               | 2026-08-21: 투자유의안내              ,10
인디에프,014990,0,OK,,,,2026-08-31: 대규모기업집단현황공시[분기별공시(개별회사용)] | 2026-08-24: 주식등의대량보유상황보고서(일반) | 2026-08-24: 최대주주등소유주식변동신고서               | 2026-08-24: 임원ㆍ주요주주특정증권등소유상황보고서 | 2026-08-14: 반기보고서 (2026.06),6
디티앤씨알오,383930,0,OK,,,,2026-08-20: [기재정정]전환가액의조정               | 2026-08-20: 신주인수권행사가액의조정               | 2026-08-20: 신주인수권행사가액의조정               | 2026-08-20: 전환가액의조정               | 2026-08-14: 반기보고서 (2026.06),5
두산테스나,131970,0,OK,,,,2026-09-04: 주식등의대량보유상황보고서(일반) | 2026-08-31: 대규모기업집단현황공시[분기별공시(개별회사용)] | 2026-08-14: [기재정정]지급수단별ㆍ지급기간별지급금액및분쟁조정기구에관한사항 | 2026-08-14: 반기보고서 (2026.06) | 2026-08-14: 지급수단별ㆍ지급기간별지급금액및분쟁조정기구에관한사항,5
스맥,099440,0,OK,,,,2026-08-28: [기재정정]기타경영사항(자율공시)              (회계장부 등 열람등사 가처분 이의신청에 대한 원결정 인가 결정에 대한 즉시항고) | 2026-08-24: 기타경영사항(자율공시)              (회계장부 등 열람등사 가처분 이의신청에 대한 원결정 인가 결정에 대한 즉시항고) | 2026-08-14: [첨부추가]반기보고서 (2026.06) | 2026-08-14: 기타경영사항(자율공시)              (회계장부 등 열람등사 가처분 이의신청에 대한 결정),4
디와이디,219550,0,OK,,,,2026-08-31: 전환사채(해외전환사채포함)발행후만기전사채취득              (제7회차) | 2026-08-31: 전환가액의조정              (제7회차) | 2026-08-14: 반기보고서 (2026.06) | 2026-08-11: 신주인수권부사채(해외신주인수권부사채포함)발행후만기전사채취득              ,4
케이엠제약,225430,0,OK,,,,2026-09-07: 기타시장안내              (시가총액 미달에 따른 상장폐지 우려 관련 안내) | 2026-08-31: 기타시장안내              (시가총액 미달에 따른 상장폐지 우려 관련 안내) | 2026-08-28: 자기주식취득결과보고서 | 2026-08-14: 반기보고서 (2026.06),4
제이엔비,452160,0,OK,,,,2026-08-24: 임원ㆍ주요주주특정증권등소유상황보고서 | 2026-08-24: 주식등의대량보유상황보고서(일반) | 2026-08-24: 임원ㆍ주요주주특정증권등소유상황보고서 | 2026-08-14: 반기보고서 (2026.06),4
롯데리츠,330590,0,OK,,,,2026-09-09: 임원ㆍ주요주주특정증권등소유상황보고서 | 2026-09-03: 임원ㆍ주요주주특정증권등소유상황보고서 | 2026-08-27: 대규모기업집단현황공시[분기별공시(개별회사용)] | 2026-08-27: 임원ㆍ주요주주특정증권등소유상황보고서 | 2026-08-20: 임원ㆍ주요주주특정증권등소유상황보고서,12
가온그룹,078890,0,OK,,,,2026-08-27: 타인에대한채무보증결정               | 2026-08-24: 기업설명회(IR)개최               | 2026-08-14: 반기보고서 (2026.06),3
동국알앤에스,075970,0,OK,,,,2026-09-07: 임원ㆍ주요주주특정증권등소유상황보고서 | 2026-09-03: 임원ㆍ주요주주특정증권등소유상황보고서 | 2026-09-01: 임원ㆍ주요주주특정증권등소유상황보고서 | 2026-08-28: 임원ㆍ주요주주특정증권등소유상황보고서 | 2026-08-27: 임원ㆍ주요주주특정증권등소유상황보고서,7
KSS해운,044450,0,OK,,,,2026-09-08: 임원ㆍ주요주주특정증권등소유상황보고서 | 2026-09-04: 임원ㆍ주요주주특정증권등소유상황보고서 | 2026-08-25: 기업설명회(IR)개최(안내공시)               | 2026-08-24: 주식등의대량보유상황보고서(약식) | 2026-08-21: 임원ㆍ주요주주특정증권등소유상황보고서,6
에스에너지,095910,0,OK,,,,2026-09-09: [기재정정]의결권대리행사권유참고서류 | 2026-09-08: 의결권대리행사권유참고서류 | 2026-09-08: 주주총회소집공고 | 2026-09-08: [기재정정]주주총회소집결의              (임시주주총회) | 2026-08-14: 주주명부폐쇄기간또는기준일설정              ,9
매커스,093520,0,OK,,,,2026-09-03: 임원ㆍ주요주주특정증권등소유상황보고서 | 2026-08-14: 주식등의대량보유상황보고서(약식) | 2026-08-13: 반기보고서 (2026.06) | 2026-08-11: 임원ㆍ주요주주특정증권등소유상황보고서,4
피엠티,147760,0,OK,,,,2026-08-13: [기재정정]반기보고서 (2026.06) | 2026-08-13: [기재정정]반기보고서 (2026.06) | 2026-08-13: 반기보고서 (2026.06),3
우신시스템,017370,0,OK,,,,2026-09-07: 주식등의대량보유상황보고서(일반) | 2026-09-01: 주식등의대량보유상황보고서(일반) | 2026-08-20: 타인에대한채무보증결정               | 2026-08-14: 반기보고서 (2026.06),4
신영증권,001720,0,OK,,,,2026-09-10: 투자설명서(일괄신고) | 2026-09-10: 투자설명서(일괄신고) | 2026-09-10: 일괄신고추가서류(파생결합증권-주가연계증권) | 2026-09-10: 일괄신고추가서류(파생결합사채-주가연계파생결합사채) | 2026-09-08: 임원ㆍ주요주주특정증권등소유상황보고서,60
교보증권,030610,0,OK,,,,2026-09-10: 투자설명서(일괄신고) | 2026-09-10: 일괄신고추가서류(파생결합사채-주가연계파생결합사채) | 2026-09-10: 투자설명서(일괄신고) | 2026-09-10: 일괄신고추가서류(파생결합사채-주가연계파생결합사채) | 2026-09-09: 투자설명서(일괄신고),100
현대바이오랜드,052260,0,OK,,,,2026-08-28: 대규모기업집단현황공시[분기별공시(개별회사용)] | 2026-08-26: 기업설명회(IR)개최               | 2026-08-14: 반기보고서 (2026.06) | 2026-08-14: 지급수단별ㆍ지급기간별지급금액및분쟁조정기구에관한사항,4
대륙제관,004780,0,OK,,,,2026-08-14: 반기보고서 (2026.06) | 2026-08-11: 신탁계약해지결과보고서 | 2026-08-11: 주요사항보고서(자기주식취득신탁계약해지결정) | 2026-08-11: 신탁계약에의한취득상황보고서,4
DN오토모티브,007340,0,OK,,,,2026-08-28: 대규모기업집단현황공시[분기별공시(대표회사용)] | 2026-08-14: [첨부추가]반기보고서 (2026.06) | 2026-08-14: [기재정정]기업설명회(IR)개최(안내공시)               | 2026-08-14: 주식등의대량보유상황보고서(일반) | 2026-08-13: 지급수단별ㆍ지급기간별지급금액및분쟁조정기구에관한사항,5
삼진엘앤디,054090,0,OK,,,,2026-09-07: 임원ㆍ주요주주특정증권등소유상황보고서 | 2026-09-01: 임원ㆍ주요주주특정증권등소유상황보고서 | 2026-08-13: [첨부추가]반기보고서 (2026.06) | 2026-08-31: [기재정정]반기보고서 (2026.06) | 2026-08-20: 임원ㆍ주요주주특정증권등소유상황보고서,7
윙입푸드,900340,0,OK,,,,2026-08-31: 반기보고서 (2026.06) | 2026-08-13: 임원ㆍ주요주주특정증권등소유상황보고서 | 2026-08-13: 주식등의대량보유상황보고서(약식) | 2026-08-13: 임원ㆍ주요주주특정증권등소유상황보고서 | 2026-08-13: 주식등의대량보유상황보고서(약식),7
피아이이,452450,0,OK,,,,2026-08-14: 파생상품거래손실발생               | 2026-08-13: 반기보고서 (2026.06) | 2026-08-12: 금전대여결정              ,3
삼양사,145990,0,OK,,,,2026-09-10: [기재정정]벌금등의부과               | 2026-08-31: [기재정정]벌금등의부과               | 2026-08-31: 대규모기업집단현황공시[분기별공시(개별회사용)] | 2026-08-14: 반기보고서 (2026.06) | 2026-08-14: 지급수단별ㆍ지급기간별지급금액및분쟁조정기구에관한사항,5
한국금융지주,071050,0,OK,,,,2026-09-07: 기업설명회(IR)개최(안내공시)               | 2026-08-27: 기타경영사항(자율공시)               | 2026-08-14: 반기보고서 (2026.06) | 2026-08-14: 기업설명회(IR)개최(안내공시)               | 2026-08-13: 투자판단관련주요경영사항              ,5
한일단조,024740,0,OK,,,,2026-08-18: 주식등의대량보유상황보고서(일반) | 2026-08-14: 반기보고서 (2026.06) | 2026-08-14: [기재정정]분기보고서 (2026.03),3
코웨이,021240,0,OK,,,,2026-09-10: 증권발행실적보고서 | 2026-09-10: 투자설명서 | 2026-09-09: [발행조건확정]증권신고서(채무증권) | 2026-09-09: [기재정정]증권신고서(채무증권) | 2026-09-08: 최대주주등소유주식변동신고서              ,21
미래에셋글로벌리츠,396690,0,OK,,,,2026-09-09: 임원ㆍ주요주주특정증권등소유상황보고서 | 2026-09-03: 임원ㆍ주요주주특정증권등소유상황보고서 | 2026-09-01: 주식등의대량보유상황보고서(약식) | 2026-08-14: 반기보고서 (2026.06),4
한세예스24홀딩스,016450,0,OK,,,,2026-08-26: 주식등의대량보유상황보고서(일반) | 2026-08-20: 주식등의대량보유상황보고서(일반) | 2026-08-14: 반기보고서 (2026.06),3
이건산업,008250,0,OK,,,,2026-08-24: 투자판단관련주요경영사항               | 2026-08-24: 주요사항보고서(자기주식취득신탁계약체결결정) | 2026-08-14: 반기보고서 (2026.06),3
한국토지신탁,034830,0,OK,,,,2026-09-04: 주식등의대량보유상황보고서(일반) | 2026-08-24: 기업설명회(IR)개최(안내공시)               | 2026-08-14: 주식등의대량보유상황보고서(일반) | 2026-08-13: 반기보고서 (2026.06),4
상상인증권,001290,0,OK,,,,2026-09-04: 풍문또는보도에대한해명(미확정)               | 2026-08-27: 임원ㆍ주요주주특정증권등소유상황보고서 | 2026-08-27: 임원ㆍ주요주주특정증권등소유상황보고서 | 2026-08-27: 주식등의대량보유상황보고서(일반) | 2026-08-27: 임원ㆍ주요주주특정증권등소유상황보고서,7
TCC스틸,002710,0,OK,,,,2026-09-03: 최대주주등소유주식변동신고서               | 2026-09-03: 임원ㆍ주요주주특정증권등소유상황보고서 | 2026-09-03: 주식등의대량보유상황보고서(일반) | 2026-08-14: 반기보고서 (2026.06),4
디아이동일,001530,0,OK,,,,2026-09-04: 기업설명회(IR)개최(안내공시)               | 2026-08-26: 기업설명회(IR)개최(안내공시)               | 2026-08-14: 반기보고서 (2026.06),3
삼익악기,002450,0,OK,,,,2026-09-09: 주식등의대량보유상황보고서(일반) | 2026-08-14: 반기보고서 (2026.06) | 2026-08-14: [첨부정정]사업보고서 (2025.12) | 2026-08-14: [기재정정]사업보고서 (2025.12),4
슈피겐코리아,192440,0,OK,,,,2026-08-21: 임원ㆍ주요주주특정증권등소유상황보고서 | 2026-08-21: 주식등의대량보유상황보고서(일반) | 2026-08-14: 반기보고서 (2026.06),3
파인테크닉스,106240,0,OK,,,,2026-09-04: 전환가액의조정               | 2026-08-31: 전환사채(해외전환사채포함)발행후만기전사채취득               | 2026-08-21: [기재정정]주요사항보고서(자기전환사채매도결정) | 2026-08-20: 임시주주총회결과               | 2026-08-14: 반기보고서 (2026.06),5
이수페타시스,007660,0,OK,,,,2026-09-07: 기업설명회(IR)개최(안내공시)               | 2026-09-04: 주식등의대량보유상황보고서(일반) | 2026-09-01: 주식등의대량보유상황보고서(약식) | 2026-08-14: 반기보고서 (2026.06),4
세니젠,188260,0,OK,,,,2026-09-03: 기업설명회(IR)개최               | 2026-08-27: 기업설명회(IR)개최               | 2026-08-21: 주식등의대량보유상황보고서(일반) | 2026-08-20: 기타경영사항(자율공시)              ([국책과제 선정]2026년 K-HERO 육성·지원사업(글로벌 선도를 위한 AI기반 항생제 내성균 타켓 엔도라이신 패혈증 치료제 개발)) | 2026-08-13: 반기보고서 (2026.06),5
지투파워,388050,0,OK,,,,2026-09-10: 기업가치제고계획예고               | 2026-08-25: 기업설명회(IR)개최               | 2026-08-21: [기재정정]거래처와의거래중단               | 2026-08-14: 반기보고서 (2026.06),4
넥센타이어,002350,0,OK,,,,2026-08-20: 타인에대한채무보증결정               | 2026-08-20: 최대주주등소유주식변동신고서               | 2026-08-20: 주식등의대량보유상황보고서(일반) | 2026-08-20: 임원ㆍ주요주주특정증권등소유상황보고서 | 2026-08-14: 반기보고서 (2026.06),5
포커스에이아이,331380,0,OK,,,,2026-09-08: 주식등의대량보유상황보고서(약식) | 2026-08-21: [기재정정]임원ㆍ주요주주특정증권등소유상황보고서 | 2026-08-21: [기재정정]유형자산처분결정(자율공시)               | 2026-08-20: 증권발행결과(자율공시)              (제3자배정 유상증자) | 2026-08-14: 반기보고서 (2026.06),6
마음AI,377480,0,OK,,,,2026-09-04: 전환주식의전환가액조정              (전환우선주) | 2026-09-02: 의결권대리행사권유참고서류 | 2026-09-02: 주주총회소집공고 | 2026-08-27: 전환가액의조정               | 2026-08-14: 반기보고서 (2026.06),5
엔비티,236810,0,OK,,,,2026-09-03: 임원ㆍ주요주주특정증권등소유상황보고서 | 2026-08-28: 임시주주총회결과               | 2026-08-26: 임원ㆍ주요주주특정증권등소유상황보고서 | 2026-08-20: 주주총회소집결의              (임시주주총회) | 2026-08-20: 주주명부폐쇄기간또는기준일설정              ,11
지아이텍,382480,0,OK,,,,2026-09-02: 임원ㆍ주요주주특정증권등소유상황보고서 | 2026-09-02: 임원ㆍ주요주주특정증권등소유상황보고서 | 2026-09-02: 임원ㆍ주요주주특정증권등소유상황보고서 | 2026-09-02: 임원ㆍ주요주주특정증권등소유상황보고서 | 2026-09-01: 임원ㆍ주요주주특정증권등소유상황보고서,7
자이언트스텝,289220,0,OK,,,,2026-09-01: 주주명부폐쇄기간또는기준일설정               | 2026-09-01: 주주총회소집결의              (임시주주총회) | 2026-08-14: [기재정정]주식매수선택권부여에관한신고 | 2026-08-14: [기재정정]주식매수선택권부여에관한신고 | 2026-08-14: 반기보고서 (2026.06),5
엠플러스,259630,0,OK,,,,2026-09-10: 주주명부폐쇄기간또는기준일설정               | 2026-09-10: 주주총회소집결의              (임시주주총회) | 2026-08-14: 반기보고서 (2026.06),3
롯데쇼핑,023530,0,OK,,,,2026-09-03: 독립이사의선임ㆍ해임또는중도퇴임에관한신고 | 2026-09-03: 기업설명회(IR)개최(안내공시)               | 2026-09-01: 최대주주등소유주식변동신고서               | 2026-09-01: 임원ㆍ주요주주특정증권등소유상황보고서 | 2026-08-27: 대규모기업집단현황공시[분기별공시(개별회사용)],8
동서,026960,0,OK,,,,2026-09-01: 최대주주등소유주식변동신고서               | 2026-09-01: 임원ㆍ주요주주특정증권등거래계획보고서 | 2026-08-13: 반기보고서 (2026.06),3
싸이토젠,217330,0,OK,,,,2026-09-02: 주식등의대량보유상황보고서(일반) | 2026-09-02: 임원ㆍ주요주주특정증권등소유상황보고서 | 2026-09-02: 주식등의대량보유상황보고서(일반) | 2026-08-31: 기타경영사항(자율공시)              (소규모합병 승인 이사회 결의(주주총회 갈음) 결과 보고) | 2026-08-27: 임원ㆍ주요주주특정증권등거래계획보고서,7
모델솔루션,417970,0,OK,,,,2026-09-03: 주주명부폐쇄기간또는기준일설정               | 2026-09-03: 주주총회소집결의              (임시주주총회) | 2026-08-28: 대규모기업집단현황공시[분기별공시(개별회사용)] | 2026-08-14: 반기보고서 (2026.06) | 2026-08-14: 지급수단별ㆍ지급기간별지급금액및분쟁조정기구에관한사항,5
두산건설,011160,0,OK,,,,2026-08-28: 대규모기업집단현황공시[분기별공시(개별회사용)] | 2026-08-14: 반기보고서 (2026.06) | 2026-08-14: 지급수단별ㆍ지급기간별지급금액및분쟁조정기구에관한사항,3
인크로스,216050,0,OK,,,,2026-08-28: 대규모기업집단현황공시[분기별공시(개별회사용)] | 2026-08-13: 지급수단별ㆍ지급기간별지급금액및분쟁조정기구에관한사항 | 2026-08-13: 반기보고서 (2026.06),3
신한은행,000010,0,OK,,,,2026-09-08: 증권발행실적보고서 | 2026-09-07: 투자설명서(일괄신고) | 2026-09-07: 일괄신고추가서류 | 2026-09-07: 증권발행실적보고서 | 2026-09-04: 투자설명서(일괄신고),45
페이퍼코리아,001020,0,OK,,,,2026-08-14: 반기보고서 (2026.06) | 2026-08-13: 주주총회소집결의               | 2026-08-13: 주주명부폐쇄기간또는기준일설정              ,3
덕산테코피아,317330,0,OK,,,,2026-09-07: 기업설명회(IR)개최               | 2026-09-07: 기업설명회(IR)개최               | 2026-09-07: 종속회사등상장에대한주주영향평가등               | 2026-08-14: 반기보고서 (2026.06) | 2026-08-13: 주식매수선택권부여에관한신고,5
금호에이치티,214330,0,OK,,,,2026-09-03: 임원ㆍ주요주주특정증권등거래계획보고서 | 2026-08-28: 최대주주등소유주식변동신고서               | 2026-08-28: 임원ㆍ주요주주특정증권등소유상황보고서 | 2026-08-28: 주식등의대량보유상황보고서(일반) | 2026-08-21: 최대주주등소유주식변동신고서              ,8
루닛,328130,0,OK,,,,2026-09-04: 전환가액의조정               | 2026-08-31: 전환사채(해외전환사채포함)발행후만기전사채취득               | 2026-08-20: 주식매수선택권부여에관한신고 | 2026-08-11: 반기보고서 (2026.06),4
사조대림,003960,0,OK,,,,2026-09-04: 최대주주등소유주식변동신고서               | 2026-09-04: 임원ㆍ주요주주특정증권등소유상황보고서 | 2026-09-04: 임원ㆍ주요주주특정증권등소유상황보고서 | 2026-09-04: 주식등의대량보유상황보고서(일반) | 2026-08-28: 대규모기업집단현황공시[분기별공시(개별회사용)],9
바이오스마트,038460,0,OK,,,,2026-09-09: 임원ㆍ주요주주특정증권등소유상황보고서 | 2026-08-14: 반기보고서 (2026.06) | 2026-08-12: 주식등의대량보유상황보고서(일반),3
상상인,038540,0,OK,,,,2026-08-31: [기재정정]타법인주식및출자증권처분결정               | 2026-08-27: 주식등의대량보유상황보고서(일반) | 2026-08-14: 반기보고서 (2026.06),3
SIMPAC,009160,0,OK,,,,2026-08-14: 반기보고서 (2026.06) | 2026-08-13: 투자판단관련주요경영사항               | 2026-08-11: 자기주식취득결과보고서,3
이노션,214320,0,OK,,,,2026-09-09: 주식등의대량보유상황보고서(약식) | 2026-09-01: 주식등의대량보유상황보고서(약식) | 2026-08-28: 대규모기업집단현황공시[분기별공시(개별회사용)] | 2026-08-14: 반기보고서 (2026.06) | 2026-08-13: 지급수단별ㆍ지급기간별지급금액및분쟁조정기구에관한사항,5
산은캐피탈,008270,0,OK,,,,2026-08-24: 증권발행실적보고서 | 2026-08-21: 투자설명서(일괄신고) | 2026-08-21: 일괄신고추가서류 | 2026-08-14: [기재정정]일괄신고서 | 2026-08-14: 반기보고서 (2026.06),5
원익,032940,0,OK,,,,2026-08-28: 대규모기업집단현황공시[분기별공시(개별회사용)] | 2026-08-14: 반기보고서 (2026.06) | 2026-08-14: 지급수단별ㆍ지급기간별지급금액및분쟁조정기구에관한사항,3
CJ,001040,0,OK,,,,2026-09-08: 타인에대한채무보증결정(자회사의 주요경영사항)               | 2026-09-02: 소송등의제기ㆍ신청(일정금액이상의청구)(자회사의 주요경영사항)               | 2026-08-28: 대규모기업집단현황공시[분기별공시(대표회사용)] | 2026-08-14: [기재정정]소송등의판결ㆍ결정(일정금액이상의청구)(자회사의 주요경영사항)               | 2026-08-14: 반기보고서 (2026.06),7
현대엘리베이터,017800,0,OK,,,,2026-08-14: 반기보고서 (2026.06) | 2026-08-13: 현금ㆍ현물배당결정               | 2026-08-13: 현금ㆍ현물배당을위한주주명부폐쇄(기준일)결정              ,3
하림지주,003380,0,OK,,,,2026-08-28: 주식등의대량보유상황보고서(일반) | 2026-08-27: 대규모기업집단현황공시[분기별공시(대표회사용)] | 2026-08-20: 주식등의대량보유상황보고서(일반) | 2026-08-13: 반기보고서 (2026.06),4
교촌에프앤비,339770,0,OK,,,,2026-09-04: 임원ㆍ주요주주특정증권등소유상황보고서 | 2026-09-04: 임원ㆍ주요주주특정증권등소유상황보고서 | 2026-09-04: 임원ㆍ주요주주특정증권등소유상황보고서 | 2026-09-04: 임원ㆍ주요주주특정증권등소유상황보고서 | 2026-09-04: 임원ㆍ주요주주특정증권등소유상황보고서,20
밸로프,331520,0,OK,,,,2026-09-08: 임원ㆍ주요주주특정증권등소유상황보고서 | 2026-09-01: 임원ㆍ주요주주특정증권등소유상황보고서 | 2026-08-25: 임원ㆍ주요주주특정증권등소유상황보고서 | 2026-08-20: 임원ㆍ주요주주특정증권등소유상황보고서 | 2026-08-20: 임원ㆍ주요주주특정증권등소유상황보고서,6
에스엠벡셀,010580,0,OK,,,,2026-09-07: 최대주주등소유주식변동신고서               | 2026-09-07: 주식등의대량보유상황보고서(일반) | 2026-09-07: 임원ㆍ주요주주특정증권등소유상황보고서 | 2026-09-01: 최대주주등소유주식변동신고서               | 2026-09-01: 주식등의대량보유상황보고서(일반),18
우림피티에스,101170,0,OK,,,,2026-09-02: 주식등의대량보유상황보고서(일반) | 2026-08-27: 주식등의대량보유상황보고서(일반) | 2026-08-19: 주주명부폐쇄기간또는기준일설정               | 2026-08-19: 주주총회소집결의              (임시주주총회) | 2026-08-14: 반기보고서 (2026.06),5
한울소재과학,091440,0,OK,,,,2026-09-10: 주식등의대량보유상황보고서(약식) | 2026-09-04: 신주인수권행사              (제1회차) | 2026-08-25: 전환청구권행사               | 2026-08-24: 전환청구권행사              (제7회차) | 2026-08-14: 반기보고서 (2026.06),8
한솔케미칼,014680,0,OK,,,,2026-09-09: 주식등의대량보유상황보고서(약식) | 2026-08-26: 대규모기업집단현황공시[분기별공시(개별회사용)] | 2026-08-14: 지급수단별ㆍ지급기간별지급금액및분쟁조정기구에관한사항 | 2026-08-13: 반기보고서 (2026.06),4
에임드바이오,0009K0,0,OK,,,,2026-09-02: [기재정정]투자판단관련주요경영사항(임상시험계획승인신청등결정)              (BI 4060107 (ODS025)의 제 1상 임상시험계획 승인) | 2026-08-21: [기재정정]투자판단관련주요경영사항(임상시험계획승인신청등결정)              (BI 4060107 (ODS025)의 제 1상 임상시험계획 승인) | 2026-08-18: [기재정정]투자판단관련주요경영사항(임상시험계획승인신청등결정)              (BI 4060107 (ODS025)의 제 1상 임상시험계획 승인) | 2026-08-12: 반기보고서 (2026.06),4
HDC현대EP,089470,0,OK,,,,2026-08-31: 대규모기업집단현황공시[분기별공시(개별회사용)] | 2026-08-14: 반기보고서 (2026.06) | 2026-08-14: [기재정정]사업보고서 (2025.12) | 2026-08-14: [첨부정정]사업보고서 (2025.12) | 2026-08-14: 지급수단별ㆍ지급기간별지급금액및분쟁조정기구에관한사항,5
AJ네트웍스,095570,0,OK,,,,2026-08-28: 최대주주등소유주식변동신고서               | 2026-08-28: 주식등의대량보유상황보고서(일반) | 2026-08-14: 반기보고서 (2026.06) | 2026-08-14: 주식등의대량보유상황보고서(일반),4
유니온머티리얼,047400,0,OK,,,,2026-08-26: 주주명부폐쇄기간또는기준일설정               | 2026-08-26: 주주총회소집결의               | 2026-08-26: 주식병합결정               | 2026-08-26: 최대주주등소유주식변동신고서               | 2026-08-26: 임원ㆍ주요주주특정증권등소유상황보고서,10
세방전지,004490,0,OK,,,,2026-09-04: 임원ㆍ주요주주특정증권등소유상황보고서 | 2026-08-28: 타인에대한채무보증결정               | 2026-08-14: 반기보고서 (2026.06),3
티엘아이,062860,0,OK,,,,2026-08-28: 대규모기업집단현황공시[분기별공시(개별회사용)] | 2026-08-14: 반기보고서 (2026.06) | 2026-08-14: 지급수단별ㆍ지급기간별지급금액및분쟁조정기구에관한사항,3
다올투자증권,030210,0,OK,,,,2026-09-10: 소송등의제기ㆍ신청(일정금액이상의청구)               | 2026-09-01: 소송등의제기ㆍ신청(일정금액이상의청구)               | 2026-08-21: 소송등의판결ㆍ결정(일정금액이상의청구)               | 2026-08-13: 반기보고서 (2026.06),4
동원시스템즈,014820,0,OK,,,,2026-08-28: 대규모기업집단현황공시[분기별공시(개별회사용)] | 2026-08-13: 반기보고서 (2026.06) | 2026-08-12: 지급수단별ㆍ지급기간별지급금액및분쟁조정기구에관한사항 | 2026-08-12: 현금ㆍ현물배당을위한주주명부폐쇄(기준일)결정               | 2026-08-12: 현금ㆍ현물배당결정              ,5
푸른저축은행,007330,0,OK,,,,2026-09-01: 임원ㆍ주요주주특정증권등소유상황보고서 | 2026-08-28: 대규모기업집단현황공시[분기별공시(개별회사용)] | 2026-08-20: 임원ㆍ주요주주특정증권등소유상황보고서 | 2026-08-14: 반기보고서 (2026.06),4
아모레퍼시픽홀딩스,002790,0,OK,,,,2026-09-09: 최대주주등소유주식변동신고서               | 2026-09-09: 임원ㆍ주요주주특정증권등소유상황보고서 | 2026-09-02: 최대주주등소유주식변동신고서               | 2026-09-02: 임원ㆍ주요주주특정증권등소유상황보고서 | 2026-08-28: 대규모기업집단현황공시[분기별공시(대표회사용)],6
아티스트스튜디오,200350,0,OK,,,,2026-09-10: 주주총회소집결의              (임시주주총회) | 2026-09-01: 임원ㆍ주요주주특정증권등소유상황보고서 | 2026-09-01: 주식등의대량보유상황보고서(일반) | 2026-08-26: 임원ㆍ주요주주특정증권등거래계획보고서 | 2026-08-26: 임원ㆍ주요주주특정증권등거래계획철회보고서,9
HDC랩스,039570,0,OK,,,,2026-08-28: 대규모기업집단현황공시[분기별공시(개별회사용)] | 2026-08-14: 반기보고서 (2026.06) | 2026-08-14: 지급수단별ㆍ지급기간별지급금액및분쟁조정기구에관한사항,3
세아제강지주,003030,0,OK,,,,2026-08-28: 최대주주등소유주식변동신고서               | 2026-08-28: 임원ㆍ주요주주특정증권등소유상황보고서 | 2026-08-28: 대규모기업집단현황공시[분기별공시(개별회사용)] | 2026-08-14: 반기보고서 (2026.06) | 2026-08-14: [기재정정]기업지배구조보고서공시              ,5
웰크론,065950,0,OK,,,,2026-08-28: 임원ㆍ주요주주특정증권등소유상황보고서 | 2026-08-14: 임원ㆍ주요주주특정증권등소유상황보고서 | 2026-08-14: 반기보고서 (2026.06),3
이지스밸류플러스리츠,334890,0,OK,,,,2026-09-09: 임원ㆍ주요주주특정증권등소유상황보고서 | 2026-09-03: 임원ㆍ주요주주특정증권등소유상황보고서 | 2026-09-01: 임원ㆍ주요주주특정증권등소유상황보고서 | 2026-08-27: 임원ㆍ주요주주특정증권등소유상황보고서 | 2026-08-26: 임원ㆍ주요주주특정증권등소유상황보고서,9
세동,053060,0,OK,,,,2026-09-02: 소송등의제기ㆍ신청(경영권분쟁소송)              (임시주주총회소집허가-항고) | 2026-08-28: 소송등의판결ㆍ결정               | 2026-08-14: 반기보고서 (2026.06),3
극동유화,014530,0,OK,,,,2026-09-09: 최대주주등소유주식변동신고서               | 2026-09-09: 주식등의대량보유상황보고서(일반) | 2026-08-14: 반기보고서 (2026.06),3
현대바이오,048410,0,OK,,,,2026-09-08: 주식등의대량보유상황보고서(일반) | 2026-09-04: 투자판단관련주요경영사항(임상시험계획변경승인신청)              (전립선암 치료제 CPPCA07의 1상 임상시험계획 변경승인 신청) | 2026-08-13: 반기보고서 (2026.06),3
LG유플러스,032640,0,OK,,,,2026-09-07: 기업설명회(IR)개최(안내공시)               | 2026-08-28: 대규모기업집단현황공시[분기별공시(개별회사용)] | 2026-08-28: 기업설명회(IR)개최(안내공시)               | 2026-08-14: 반기보고서 (2026.06) | 2026-08-14: 지급수단별ㆍ지급기간별지급금액및분쟁조정기구에관한사항,5
삼표시멘트,038500,0,OK,,,,2026-08-28: 대규모기업집단현황공시[분기별공시(개별회사용)] | 2026-08-14: 반기보고서 (2026.06) | 2026-08-13: 지급수단별ㆍ지급기간별지급금액및분쟁조정기구에관한사항,3
한온시스템,018880,0,OK,,,,2026-09-04: 기업설명회(IR)개최(안내공시)               | 2026-08-31: 대규모기업집단현황공시[분기별공시(개별회사용)] | 2026-08-20: 기업설명회(IR)개최(안내공시)               | 2026-08-14: 지급수단별ㆍ지급기간별지급금액및분쟁조정기구에관한사항 | 2026-08-13: 반기보고서 (2026.06),6
투비소프트,079970,0,OK,,,,2026-09-08: 소송등의판결ㆍ결정              (회계장부 열람등사 가처분 신청 취하) | 2026-09-01: 임원ㆍ주요주주특정증권등소유상황보고서 | 2026-08-14: 반기검토(감사)의견부적정등사실확인(자본잠식률100분의50이상또는자기자본10억원미만포함)               | 2026-08-14: 반기보고서 (2026.06),4
현대모비스,012330,0,OK,,,,2026-09-09: 기업설명회(IR)개최(안내공시)               | 2026-09-04: 기업설명회(IR)개최(안내공시)               | 2026-08-31: 기업설명회(IR)개최(안내공시)               | 2026-08-28: 기업설명회(IR)개최(안내공시)               | 2026-08-28: 대규모기업집단현황공시[분기별공시(개별회사용)],9
포스코인터내셔널,047050,0,OK,,,,2026-09-08: 최대주주등소유주식변동신고서               | 2026-09-07: 임원ㆍ주요주주특정증권등소유상황보고서 | 2026-09-07: 주식등의대량보유상황보고서(일반) | 2026-09-03: 기업설명회(IR)개최(안내공시)               | 2026-08-27: 대규모기업집단현황공시[분기별공시(개별회사용)],8
형지엘리트,093240,0,OK,,,,2026-08-26: 투자유의안내               | 2026-08-25: 임시주주총회결과               | 2026-08-24: 주주총회소집결의               | 2026-08-24: 매출액또는손익구조30%(대규모법인은15%)이상변경              ,4
이지케어텍,099750,0,OK,,,,2026-08-27: 의결권대리행사권유참고서류 | 2026-08-27: 주주총회소집공고 | 2026-08-20: [기재정정]주주총회소집결의              (임시주주총회) | 2026-08-14: 임원ㆍ주요주주특정증권등소유상황보고서,4
명문제약,017180,0,OK,,,,2026-09-07: 임원ㆍ주요주주특정증권등소유상황보고서 | 2026-08-14: 반기보고서 (2026.06) | 2026-08-12: 임원ㆍ주요주주특정증권등소유상황보고서,3
케이씨씨,002380,0,OK,,,,2026-09-08: 주식등의대량보유상황보고서(일반) | 2026-08-31: 대규모기업집단현황공시[분기별공시(대표회사용)] | 2026-08-20: 주식등의대량보유상황보고서(일반) | 2026-08-20: 기업가치제고계획(자율공시)              (2026년) | 2026-08-18: 기업설명회(IR)개최(안내공시)              ,7
한창제지,009460,0,OK,,,,2026-09-10: 주식등의대량보유상황보고서(약식) | 2026-08-28: 자기주식취득결과보고서 | 2026-08-21: 전환청구권ㆍ신주인수권ㆍ교환청구권행사               | 2026-08-18: [기재정정]소송등의제기ㆍ신청(경영권분쟁소송)               | 2026-08-14: 반기보고서 (2026.06),6
신세계푸드,031440,0,OK,,,,2026-08-31: 대규모기업집단현황공시[분기별공시(개별회사용)] | 2026-08-14: 반기보고서 (2026.06) | 2026-08-14: 지급수단별ㆍ지급기간별지급금액및분쟁조정기구에관한사항,3
해치텍,0155E0,0,OK,,,,2026-09-01: 주식등의대량보유상황보고서(약식) | 2026-08-28: 반기보고서 (2026.06) | 2026-08-28: 임원ㆍ주요주주특정증권등소유상황보고서 | 2026-08-28: 임원ㆍ주요주주특정증권등소유상황보고서 | 2026-08-28: 주식등의대량보유상황보고서(일반),11
아고스,175140,0,OK,,,,2026-09-01: 합병등종료보고서(합병) | 2026-08-31: 대표이사변경               | 2026-08-31: 독립이사의선임ㆍ해임또는중도퇴임에관한신고 | 2026-08-31: 임시주주총회결과              (제25기) | 2026-08-14: 의결권대리행사권유참고서류,8
강원랜드,035250,0,OK,,,,2026-09-02: 대표이사(대표집행임원)변경(안내공시)               | 2026-08-26: 임시주주총회결과               | 2026-08-14: 기업설명회(IR)개최(안내공시)               | 2026-08-14: 기업설명회(IR)개최(안내공시)               | 2026-08-14: 반기보고서 (2026.06),9
국일제지,078130,0,OK,,,,2026-09-02: 대표이사변경               | 2026-09-02: 상호변경안내               | 2026-09-02: 임시주주총회결과              (제49기) | 2026-08-28: 대규모기업집단현황공시[분기별공시(개별회사용)] | 2026-08-18: 주주총회소집공고,7
이월드,084680,0,OK,,,,2026-09-09: 최대주주등소유주식변동신고서               | 2026-09-09: [기재정정]임원ㆍ주요주주특정증권등소유상황보고서 | 2026-09-04: 임원ㆍ주요주주특정증권등소유상황보고서 | 2026-09-02: 대표이사(대표집행임원)변경(안내공시)               | 2026-08-27: 임시주주총회결과              ,11
롯데렌탈,089860,0,OK,,,,2026-09-07: 주주명부폐쇄기간또는기준일설정               | 2026-09-07: 주주총회소집결의               | 2026-09-01: 대표이사(대표집행임원)변경(안내공시)               | 2026-08-28: 대규모기업집단현황공시[분기별공시(개별회사용)] | 2026-08-18: 주식등의대량보유상황보고서(일반),9
와이즈넛,096250,0,OK,,,,2026-09-02: 기업설명회(IR)개최               | 2026-09-01: 임원ㆍ주요주주특정증권등소유상황보고서 | 2026-08-14: 반기보고서 (2026.06),3
케이씨티,089150,0,OK,,,,2026-08-25: 주주총회소집결의               | 2026-08-25: 주주명부폐쇄기간또는기준일설정               | 2026-08-14: 반기보고서 (2026.06),3
SM C&C,048550,0,OK,,,,2026-08-28: 대규모기업집단현황공시[분기별공시(개별회사용)] | 2026-08-14: 반기보고서 (2026.06) | 2026-08-14: 지급수단별ㆍ지급기간별지급금액및분쟁조정기구에관한사항,3
SGC에너지,005090,0,OK,,,,2026-09-09: 기업설명회(IR)개최(안내공시)               | 2026-08-28: 대규모기업집단현황공시[분기별공시(개별회사용)] | 2026-08-20: 타인에대한채무보증결정               | 2026-08-20: [기재정정]타인에대한채무보증결정               | 2026-08-20: 주요사항보고서(자본으로인정되는채무증권발행결정),6
인카금융서비스,211050,0,OK,,,,2026-08-31: 주식등의대량보유상황보고서(일반) | 2026-08-31: 임원ㆍ주요주주특정증권등소유상황보고서 | 2026-08-24: 임원ㆍ주요주주특정증권등소유상황보고서 | 2026-08-18: 임원ㆍ주요주주특정증권등소유상황보고서 | 2026-08-14: 반기보고서 (2026.06),7
하이비젼시스템,126700,0,OK,,,,2026-09-10: 주식등의대량보유상황보고서(약식) | 2026-08-14: 반기보고서 (2026.06) | 2026-08-11: 주식등의대량보유상황보고서(약식),3
초록뱀미디어,047820,0,OK,,,,2026-09-03: 독립이사의선임ㆍ해임또는중도퇴임에관한신고 | 2026-08-28: 대규모기업집단현황공시[분기별공시(개별회사용)] | 2026-08-14: 반기보고서 (2026.06) | 2026-08-14: 지급수단별ㆍ지급기간별지급금액및분쟁조정기구에관한사항,4
롯데칠성음료,005300,0,OK,,,,2026-09-07: 기업설명회(IR)개최(안내공시)               | 2026-08-28: 대규모기업집단현황공시[분기별공시(개별회사용)] | 2026-08-13: 반기보고서 (2026.06) | 2026-08-12: 지급수단별ㆍ지급기간별지급금액및분쟁조정기구에관한사항,4
케이이엠텍,106080,0,OK,,,,2026-09-10: 주식등의대량보유상황보고서(약식) | 2026-08-26: [기재정정]주주총회소집결의              (임시주주총회) | 2026-08-14: 반기검토(감사)의견부적정등사실확인(자본잠식률100분의50이상또는자기자본10억원미만포함)               | 2026-08-14: 반기보고서 (2026.06),4
디와이에이,002880,0,OK,,,,2026-09-10: 기업가치제고계획(자율공시)              (2026년 ㈜디와이에이 기업가치 제고 계획) | 2026-09-03: 최대주주등소유주식변동신고서               | 2026-09-03: 주식등의대량보유상황보고서(일반) | 2026-09-03: 임원ㆍ주요주주특정증권등소유상황보고서 | 2026-09-03: 임원ㆍ주요주주특정증권등소유상황보고서,18
토박스코리아,215480,0,OK,,,,2026-08-14: 독립이사의선임ㆍ해임또는중도퇴임에관한신고 | 2026-08-14: 임시주주총회결과               | 2026-08-14: 대표이사변경               | 2026-08-13: 소송등의판결ㆍ결정               | 2026-08-13: 소송등의판결ㆍ결정              ,6
제이알글로벌리츠,348950,0,OK,,,,2026-09-09: 투자판단관련주요경영사항               | 2026-09-07: 기타경영사항(자율공시)               | 2026-08-24: 기타경영사항(자율공시)               | 2026-08-14: [기재정정]주요사항보고서(회생절차개시신청) | 2026-08-13: 매출액또는손익구조30%(대규모법인은15%)이상변경              ,7
디모아,016670,0,OK,,,,2026-09-02: 주주명부폐쇄기간또는기준일설정               | 2026-09-02: 주주총회소집결의              (임시주주총회) | 2026-09-02: [기재정정]임시주주총회결과               | 2026-08-20: 임시주주총회결과               | 2026-08-13: 반기보고서 (2026.06),5
아리바이오홀딩스,290690,0,OK,,,,2026-09-10: 주요사항보고서(자기전환사채매도결정) | 2026-08-26: 전환가액의조정              (제7회차) | 2026-08-14: 반기보고서 (2026.06),3
인지디스플레,037330,0,OK,,,,2026-09-09: 본점소재지변경               | 2026-09-09: 임시주주총회결과               | 2026-08-25: [기재정정]주주총회소집공고 | 2026-08-25: [기재정정]주주총회소집결의              (임시주주총회) | 2026-08-25: [기재정정]주식병합결정              ,11
전진바이오팜,110020,0,OK,,,,2026-08-21: 임원ㆍ주요주주특정증권등소유상황보고서 | 2026-08-21: 주식등의대량보유상황보고서(일반) | 2026-08-14: 반기보고서 (2026.06) | 2026-08-11: 임원ㆍ주요주주특정증권등소유상황보고서 | 2026-08-11: 주식등의대량보유상황보고서(일반),5
금비,008870,0,OK,,,,2026-09-04: 임원ㆍ주요주주특정증권등소유상황보고서 | 2026-09-04: 최대주주등소유주식변동신고서               | 2026-08-27: 임원ㆍ주요주주특정증권등소유상황보고서 | 2026-08-27: 최대주주등소유주식변동신고서               | 2026-08-14: 분기보고서 (2026.06),7
원텍,336570,0,OK,,,,2026-09-09: 임원ㆍ주요주주특정증권등소유상황보고서 | 2026-08-14: 임원ㆍ주요주주특정증권등소유상황보고서 | 2026-08-14: 임원ㆍ주요주주특정증권등소유상황보고서 | 2026-08-14: 임원ㆍ주요주주특정증권등소유상황보고서 | 2026-08-14: 임원ㆍ주요주주특정증권등소유상황보고서,10
코스메카코리아,241710,0,OK,,,,2026-09-09: 신규시설투자등               | 2026-09-02: 주식등의대량보유상황보고서(약식) | 2026-09-01: 기업설명회(IR)개최               | 2026-08-28: 임원ㆍ주요주주특정증권등소유상황보고서 | 2026-08-21: 임원ㆍ주요주주특정증권등소유상황보고서,7
화승코퍼레이션,013520,0,OK,,,,2026-09-01: 주식등의대량보유상황보고서(일반) | 2026-09-01: 최대주주등소유주식변동신고서               | 2026-08-25: 최대주주등소유주식변동신고서               | 2026-08-14: 반기보고서 (2026.06),4
로보티즈,108490,0,OK,,,,2026-09-08: 임원ㆍ주요주주특정증권등소유상황보고서 | 2026-09-08: 주식등의대량보유상황보고서(일반) | 2026-08-14: 반기보고서 (2026.06),3
원림,005820,0,OK,,,,2026-09-07: 기타경영사항(자율공시)              (특허권 취득) | 2026-08-24: 주식등의대량보유상황보고서(일반) | 2026-08-24: 임원ㆍ주요주주특정증권등소유상황보고서 | 2026-08-24: 최대주주등소유주식변동신고서               | 2026-08-14: 반기보고서 (2026.06),5
한일홀딩스,003300,0,OK,,,,2026-08-27: 최대주주등소유주식변동신고서               | 2026-08-27: 주식등의대량보유상황보고서(일반) | 2026-08-14: 반기보고서 (2026.06),3
네오위즈홀딩스,042420,0,OK,,,,2026-08-18: 신탁계약에의한취득상황보고서 | 2026-08-14: 반기보고서 (2026.06) | 2026-08-12: 주요사항보고서(자기주식취득신탁계약체결결정)(자회사의 주요경영사항)               | 2026-08-12: 대표이사변경(자회사의 주요경영사항)              ,4
미래에셋맵스리츠,357250,0,OK,,,,2026-09-09: 임원ㆍ주요주주특정증권등소유상황보고서 | 2026-09-03: 임원ㆍ주요주주특정증권등소유상황보고서 | 2026-08-27: 정기주주총회결과               | 2026-08-19: 사업보고서 (2026.05),4
신원,009270,0,OK,,,,2026-09-07: 자기주식취득결과보고서 | 2026-08-21: 주식등의대량보유상황보고서(일반) | 2026-08-14: 반기보고서 (2026.06) | 2026-08-14: [기재정정]사업보고서 (2025.12),4
경방,000050,0,OK,,,,2026-08-31: 주식등의대량보유상황보고서(일반) | 2026-08-31: 최대주주등소유주식변동신고서               | 2026-08-14: 반기보고서 (2026.06),3
유성기업,002920,0,OK,,,,2026-08-28: 임원ㆍ주요주주특정증권등소유상황보고서 | 2026-08-28: 임원ㆍ주요주주특정증권등소유상황보고서 | 2026-08-28: 주식등의대량보유상황보고서(일반) | 2026-08-28: 최대주주등소유주식변동신고서               | 2026-08-14: 반기보고서 (2026.06),5
NEW,160550,0,OK,,,,2026-08-27: 임시주주총회결과               | 2026-08-14: 반기보고서 (2026.06) | 2026-08-12: 의결권대리행사권유참고서류 | 2026-08-12: 주주총회소집공고,4
혜인,003010,0,OK,,,,2026-08-24: 임원ㆍ주요주주특정증권등소유상황보고서 | 2026-08-24: 주식등의대량보유상황보고서(일반) | 2026-08-24: 최대주주등소유주식변동신고서               | 2026-08-14: 반기보고서 (2026.06) | 2026-08-14: [기재정정]사업보고서 (2025.12),7
코리아써키트,007810,0,OK,,,,2026-08-31: [기재정정]대규모기업집단현황공시[분기별공시(개별회사용)] | 2026-08-31: 대규모기업집단현황공시[분기별공시(개별회사용)] | 2026-08-14: 반기보고서 (2026.06) | 2026-08-14: 지급수단별ㆍ지급기간별지급금액및분쟁조정기구에관한사항,4
한미약품,128940,0,OK,,,,2026-09-08: 기업설명회(IR)개최(안내공시)               | 2026-09-08: 최대주주등소유주식변동신고서               | 2026-09-08: 주식등의대량보유상황보고서(일반) | 2026-08-28: 최대주주등소유주식변동신고서               | 2026-08-26: [기재정정]투자판단관련주요경영사항              (급성골수성백혈병(AML) 치료 항암신약 HM43239 기술이전 계약 체결),34
현대제철,004020,0,OK,,,,2026-09-07: 기업설명회(IR)개최(안내공시)               | 2026-08-28: 대규모기업집단현황공시[분기별공시(개별회사용)] | 2026-08-14: 반기보고서 (2026.06) | 2026-08-14: 지급수단별ㆍ지급기간별지급금액및분쟁조정기구에관한사항,4
HT로보틱스,396300,0,OK,,,,2026-09-04: 주식등의대량보유상황보고서(일반) | 2026-08-19: 임시주주총회결과               | 2026-08-19: 상호변경안내               | 2026-08-13: 반기보고서 (2026.06),4
아톤,158430,0,OK,,,,2026-08-28: [기재정정]주식매수선택권부여에관한신고 | 2026-08-28: 본점소재지변경               | 2026-08-14: 반기보고서 (2026.06),3
스카이랩스,386380,0,OK,,,,2026-09-10: 주식등의대량보유상황보고서(약식) | 2026-09-07: 주식등의대량보유상황보고서(약식) | 2026-08-31: 증권발행실적보고서 | 2026-08-25: [발행조건확정]증권신고서(지분증권) | 2026-08-25: [기재정정]투자설명서,6
슈프리마,236200,0,OK,,,,2026-09-09: 본점소재지변경               | 2026-08-28: 기업설명회(IR)개최               | 2026-08-25: 임원ㆍ주요주주특정증권등소유상황보고서 | 2026-08-25: 임원ㆍ주요주주특정증권등소유상황보고서 | 2026-08-13: 반기보고서 (2026.06),7
JYP Ent.,035900,3,OK,,연결재무제표기준영업(잠정)실적(공정공시)              (+3),,2026-08-14: 반기보고서 (2026.06) | 2026-08-12: 연결재무제표기준영업(잠정)실적(공정공시)              ,2
에스피지,058610,3,OK,,연결재무제표기준영업(잠정)실적(공정공시)              (+3),,2026-09-07: 현금ㆍ현물배당결정              (중간배당) | 2026-09-07: 중간(분기)배당을위한주주명부폐쇄(기준일)결정               | 2026-08-14: 반기보고서 (2026.06) | 2026-08-12: 연결재무제표기준영업(잠정)실적(공정공시)              ,4
한국가스공사,036460,3,OK,,영업(잠정)실적(공정공시)              (+3),,2026-09-09: 영업(잠정)실적(공정공시)               | 2026-09-03: 풍문또는보도에대한해명(미확정)               | 2026-08-31: 독립이사의선임ㆍ해임또는중도퇴임에관한신고 | 2026-08-31: 지속가능경영보고서등관련사항(자율공시)               | 2026-08-27: 임시주주총회결과              ,13
CJ씨푸드,011150,3,OK,,영업(잠정)실적(공정공시)              (+3),,2026-08-28: 대규모기업집단현황공시[분기별공시(개별회사용)] | 2026-08-21: 대표이사(대표집행임원)변경(안내공시)               | 2026-08-21: 임시주주총회결과               | 2026-08-14: 반기보고서 (2026.06) | 2026-08-12: 지급수단별ㆍ지급기간별지급금액및분쟁조정기구에관한사항,6
기아,000270,3,OK,,영업(잠정)실적(공정공시)              (+3),,2026-09-10: 중대재해발생               | 2026-09-02: 기업설명회(IR)개최(안내공시)               | 2026-09-01: 영업(잠정)실적(공정공시)               | 2026-08-31: 기업설명회(IR)개최(안내공시)               | 2026-08-28: 대규모기업집단현황공시[분기별공시(개별회사용)],11
옵티시스,109080,3,OK,,영업(잠정)실적(공정공시)              (+3),,2026-08-14: 반기보고서 (2026.06) | 2026-08-13: 영업(잠정)실적(공정공시)              ,2
피제이메탈,128660,3,OK,,연결재무제표기준영업(잠정)실적(공정공시)              (+3),,2026-08-14: 반기보고서 (2026.06) | 2026-08-11: 연결재무제표기준영업(잠정)실적(공정공시)              ,2
레이크머티리얼즈,281740,3,OK,,연결재무제표기준영업(잠정)실적(공정공시)              (+3),,2026-08-14: 반기보고서 (2026.06) | 2026-08-11: 연결재무제표기준영업(잠정)실적(공정공시)              ,2
HL만도,204320,3,OK,,[기재정정]연결재무제표기준영업(잠정)실적(공정공시)              (+3),,2026-08-28: 대규모기업집단현황공시[분기별공시(개별회사용)] | 2026-08-14: [기재정정]연결재무제표기준영업(잠정)실적(공정공시)               | 2026-08-14: 반기보고서 (2026.06) | 2026-08-13: 지급수단별ㆍ지급기간별지급금액및분쟁조정기구에관한사항,4
GS글로벌,001250,3,OK,,연결재무제표기준영업(잠정)실적(공정공시)              (+3),,2026-09-08: 타인에대한채무보증결정(자율공시)               | 2026-08-28: 대규모기업집단현황공시[분기별공시(개별회사용)] | 2026-08-19: 타인에대한채무보증결정               | 2026-08-13: 반기보고서 (2026.06) | 2026-08-12: 타인에대한채무보증결정              ,7
애경산업,018250,3,OK,,연결재무제표기준영업(잠정)실적(공정공시)              (+3),,2026-08-28: 대규모기업집단현황공시[분기별공시(개별회사용)] | 2026-08-14: [기재정정]반기보고서 (2026.06) | 2026-08-14: 반기보고서 (2026.06) | 2026-08-14: 지급수단별ㆍ지급기간별지급금액및분쟁조정기구에관한사항 | 2026-08-14: 최대주주등소유주식변동신고서              ,6
윈팩,097800,3,OK,,영업(잠정)실적(공정공시)              (+3),,2026-08-21: 주식등의대량보유상황보고서(일반) | 2026-08-14: 반기보고서 (2026.06) | 2026-08-13: 영업(잠정)실적(공정공시)              ,3
클리오,237880,3,OK,,연결재무제표기준영업(잠정)실적(공정공시)              (+3),,2026-08-14: [기재정정]반기보고서 (2026.06) | 2026-08-14: 반기보고서 (2026.06) | 2026-08-13: 연결재무제표기준영업(잠정)실적(공정공시)              ,3
클래시스,214150,3,OK,,연결재무제표기준영업(잠정)실적(공정공시)              (+3),,2026-09-09: 기업설명회(IR)개최               | 2026-09-03: 주식등의대량보유상황보고서(약식) | 2026-09-01: 기업설명회(IR)개최               | 2026-08-26: 기업설명회(IR)개최               | 2026-08-19: 기업설명회(IR)개최              ,10
광동제약,009290,3,OK,,연결재무제표기준영업(잠정)실적(공정공시)              (+3),,2026-08-28: 최대주주등소유주식변동신고서               | 2026-08-14: 반기보고서 (2026.06) | 2026-08-12: 연결재무제표기준영업(잠정)실적(공정공시)              ,3
HS애드,035000,3,OK,,연결재무제표기준영업(잠정)실적(공정공시)              (+3),,2026-08-31: 대규모기업집단현황공시[분기별공시(개별회사용)] | 2026-08-13: 동일인등출자계열회사와의상품ㆍ용역거래변경 | 2026-08-13: 지급수단별ㆍ지급기간별지급금액및분쟁조정기구에관한사항 | 2026-08-13: 반기보고서 (2026.06) | 2026-08-12: 연결재무제표기준영업(잠정)실적(공정공시)              ,7
KT지니뮤직,043610,3,OK,,연결재무제표기준영업(잠정)실적(공정공시)              (+3),,2026-09-04: 임시주주총회결과               | 2026-08-27: 대규모기업집단현황공시[분기별공시(개별회사용)] | 2026-08-20: 의결권대리행사권유참고서류 | 2026-08-20: 주주총회소집공고 | 2026-08-14: 지급수단별ㆍ지급기간별지급금액및분쟁조정기구에관한사항,7
덴티움,145720,3,OK,,연결재무제표기준영업(잠정)실적(공정공시)              (+3),,2026-09-03: 소송등의제기ㆍ신청(경영권분쟁소송)               | 2026-08-14: [기재정정]소송등의판결ㆍ결정               | 2026-08-14: 반기보고서 (2026.06) | 2026-08-12: 소송등의판결ㆍ결정               | 2026-08-11: 연결재무제표기준영업(잠정)실적(공정공시)              ,5
JW홀딩스,096760,3,OK,,영업(잠정)실적(공정공시)              (+3),,2026-08-14: 반기보고서 (2026.06) | 2026-08-11: 영업(잠정)실적(공정공시)              ,2
미투온,201490,3,OK,,연결재무제표기준영업(잠정)실적(공정공시)              (+3),,2026-08-14: 반기보고서 (2026.06) | 2026-08-13: 연결재무제표기준영업(잠정)실적(공정공시)              ,2
에이플러스에셋,244920,3,OK,,유형자산취득결정(종속회사의주요경영사항)              (+3),,2026-09-08: 유형자산처분결정(종속회사의주요경영사항)               | 2026-09-08: 유형자산취득결정(종속회사의주요경영사항)               | 2026-08-14: 반기보고서 (2026.06),3
코리안리,003690,3,OK,,영업(잠정)실적(공정공시)              (+3),,2026-08-28: [기재정정]반기보고서 (2026.06) | 2026-08-14: 반기보고서 (2026.06) | 2026-08-14: 영업(잠정)실적(공정공시)              ,3
코메론,049430,3,OK,,연결재무제표기준영업(잠정)실적(공정공시)              (+3),,2026-09-08: [기재정정]분기보고서 (2025.09) | 2026-09-08: [기재정정]반기보고서 (2025.06) | 2026-09-04: 주요사항보고서(자기주식취득신탁계약체결결정) | 2026-08-25: 신탁계약해지결과보고서 | 2026-08-25: 신탁계약에의한취득상황보고서,8
앤씨앤,092600,3,OK,,[기재정정]연결재무제표기준영업(잠정)실적(공정공시)              (+3),,2026-08-14: 반기보고서 (2026.06) | 2026-08-12: [기재정정]연결재무제표기준영업(잠정)실적(공정공시)              ,2
금호석유화학,011780,3,OK,,[첨부정정]주요사항보고서(회사합병결정)(+3),,2026-09-08: 기업설명회(IR)개최(안내공시)               | 2026-09-03: 최대주주등소유주식변동신고서               | 2026-08-31: 대규모기업집단현황공시[분기별공시(대표회사용)] | 2026-08-14: 반기보고서 (2026.06) | 2026-08-14: 지급수단별ㆍ지급기간별지급금액및분쟁조정기구에관한사항,6
서울반도체,046890,3,OK,,[기재정정]연결재무제표기준영업(잠정)실적(공정공시)              (+3),,2026-08-14: 반기보고서 (2026.06) | 2026-08-11: 연결재무제표기준영업실적등에대한전망(공정공시)               | 2026-08-11: [기재정정]연결재무제표기준영업(잠정)실적(공정공시)              ,3
대림제지,017650,3,OK,,주식분할결정              (+3),,2026-09-04: 임시주주총회결과               | 2026-08-18: 의결권대리행사권유참고서류 | 2026-08-14: 의결권대리행사권유참고서류 | 2026-08-14: 주주총회소집공고 | 2026-08-14: 반기보고서 (2026.06),8
경동나비엔,009450,3,OK,,연결재무제표기준영업(잠정)실적(공정공시)              (+3),,2026-08-14: 반기보고서 (2026.06) | 2026-08-11: 연결재무제표기준영업(잠정)실적(공정공시)              ,2
TS트릴리온,317240,3,OK,,연결재무제표기준영업(잠정)실적(공정공시)              (+3),,2026-09-09: 전환가액의조정              (제4회차) | 2026-09-09: [기재정정]임원ㆍ주요주주특정증권등소유상황보고서 | 2026-09-09: 임원ㆍ주요주주특정증권등소유상황보고서 | 2026-09-02: [기재정정]주주총회소집결의              (임시주주총회) | 2026-09-01: 주식등의대량보유상황보고서(약식),8
서울보증보험,031210,3,OK,,영업(잠정)실적(공정공시)              (+3),,2026-08-25: 최대주주등소유주식변동신고서               | 2026-08-25: 임원ㆍ주요주주특정증권등소유상황보고서 | 2026-08-14: 반기보고서 (2026.06) | 2026-08-14: 영업(잠정)실적(공정공시)               | 2026-08-11: 현금ㆍ현물배당을위한주주명부폐쇄(기준일)결정              ,7
현대해상,001450,3,OK,,영업(잠정)실적(공정공시)              (+3),,2026-09-01: 주식등의대량보유상황보고서(일반) | 2026-08-27: 대규모기업집단현황공시[분기별공시(대표회사용)] | 2026-08-14: 반기보고서 (2026.06) | 2026-08-14: 영업(잠정)실적(공정공시)              ,4
롯데관광개발,032350,3,OK,,연결재무제표기준영업(잠정)실적(공정공시)              (+3),,2026-09-04: 주식등의대량보유상황보고서(일반) | 2026-09-02: 주주총회소집공고 | 2026-09-01: 연결재무제표기준영업(잠정)실적(공정공시)               | 2026-08-31: 전환가액ㆍ신주인수권행사가액ㆍ교환가액의조정(안내공시)               | 2026-08-28: 임원ㆍ주요주주특정증권등소유상황보고서,9
키다리스튜디오,020120,3,OK,,연결재무제표기준영업(잠정)실적(공정공시)              (+3),,2026-09-10: 주식등의대량보유상황보고서(일반) | 2026-09-08: 최대주주등소유주식변동신고서               | 2026-09-03: 주식등의대량보유상황보고서(약식) | 2026-08-28: 대규모기업집단현황공시[분기별공시(개별회사용)] | 2026-08-14: 반기보고서 (2026.06),7
네오위즈,095660,3,OK,,연결재무제표기준영업(잠정)실적(공정공시)              (+3),,2026-08-31: 합병등종료보고서(합병) | 2026-08-14: 반기보고서 (2026.06) | 2026-08-12: 주요사항보고서(자기주식취득신탁계약체결결정) | 2026-08-12: 대표이사변경               | 2026-08-12: 연결재무제표기준영업(잠정)실적(공정공시)              ,5
위메이드,112040,3,OK,,연결재무제표기준영업(잠정)실적(공정공시)              (+3),,2026-08-18: 주식등의대량보유상황보고서(일반) | 2026-08-14: 반기보고서 (2026.06) | 2026-08-12: [기재정정]주식매수선택권부여에관한신고 | 2026-08-12: 연결재무제표기준영업(잠정)실적(공정공시)              ,4
한국타이어앤테크놀로지,161390,3,OK,,연결재무제표기준영업(잠정)실적(공정공시)              (+3),,2026-08-31: 대규모기업집단현황공시[분기별공시(개별회사용)] | 2026-08-14: [기재정정]반기보고서 (2026.06) | 2026-08-14: 반기보고서 (2026.06) | 2026-08-14: 지급수단별ㆍ지급기간별지급금액및분쟁조정기구에관한사항 | 2026-08-11: 연결재무제표기준영업(잠정)실적(공정공시)              ,5
부광약품,003000,3,OK,,유형자산취득결정              (+3),,2026-08-31: 출자법인회생절차및파산관련결정               | 2026-08-28: 대규모기업집단현황공시[분기별공시(개별회사용)] | 2026-08-26: 유형자산취득결정               | 2026-08-14: 출자법인회생절차및파산관련신청               | 2026-08-13: 지급수단별ㆍ지급기간별지급금액및분쟁조정기구에관한사항,6
원포유,122830,3,OK,,[첨부정정]주요사항보고서(회사합병결정)(+3),,2026-09-10: 기타주요경영사항(자율공시)              (소규모합병 승인 이사회 결의(주주총회 갈음) 결과 보고) | 2026-09-10: [첨부정정]주요사항보고서(회사합병결정) | 2026-09-01: 타법인주식및출자증권취득결정               | 2026-08-14: 반기보고서 (2026.06),4
이스타코,015020,3,OK,,유형자산취득결정              (+3),,"2026-09-10: [기재정정]주주총회소집결의               | 2026-08-14: 유형자산취득결정               | 2026-08-14: 반기보고서 (2026.06) | 2026-08-14: 반기검토의견부적정,의견거절또는완전자본잠식사실발생              ",4
시프트업,462870,3,OK,,연결재무제표기준영업(잠정)실적(공정공시)              (+3),,2026-09-10: 신탁계약해지결과보고서 | 2026-09-10: 주요사항보고서(자기주식취득신탁계약해지결정) | 2026-08-14: 반기보고서 (2026.06) | 2026-08-11: 연결재무제표기준영업(잠정)실적(공정공시)              ,4
펌텍코리아,251970,3,OK,,연결재무제표기준영업(잠정)실적(공정공시)              (+3),,2026-08-14: 반기보고서 (2026.06) | 2026-08-14: 기업설명회(IR)개최               | 2026-08-11: 연결재무제표기준영업(잠정)실적(공정공시)              ,3
컴투스,078340,3,OK,,연결재무제표기준영업(잠정)실적(공정공시)              (+3),,2026-09-04: 주식등의대량보유상황보고서(일반) | 2026-08-28: 주식등의대량보유상황보고서(일반) | 2026-08-14: 반기보고서 (2026.06) | 2026-08-12: 기업설명회(IR)개최               | 2026-08-12: 연결재무제표기준영업(잠정)실적(공정공시)              ,5
디케이락,105740,3,OK,,연결재무제표기준영업(잠정)실적(공정공시)              (+3),,2026-08-14: 반기보고서 (2026.06) | 2026-08-12: 임원ㆍ주요주주특정증권등소유상황보고서 | 2026-08-12: 임원ㆍ주요주주특정증권등소유상황보고서 | 2026-08-12: 주식등의대량보유상황보고서(일반) | 2026-08-12: 연결재무제표기준영업(잠정)실적(공정공시)              ,5
세이브존I&C,067830,3,OK,,영업(잠정)실적(공정공시)              (+3),,2026-08-14: 반기보고서 (2026.06) | 2026-08-12: 영업(잠정)실적(공정공시)              ,2
KTis,058860,3,OK,,영업(잠정)실적(공정공시)              (+3),,2026-08-31: 대규모기업집단현황공시[분기별공시(개별회사용)] | 2026-08-14: 반기보고서 (2026.06) | 2026-08-14: 지급수단별ㆍ지급기간별지급금액및분쟁조정기구에관한사항 | 2026-08-12: 영업(잠정)실적(공정공시)              ,4
삼성생명,032830,3,OK,,연결재무제표기준영업(잠정)실적(공정공시)              (+3),,2026-09-07: 임원ㆍ주요주주특정증권등소유상황보고서 | 2026-09-03: 풍문또는보도에대한해명(미확정)               | 2026-08-31: 특수관계인과의수익증권거래 | 2026-08-31: 대규모기업집단현황공시[분기별공시(개별회사용)] | 2026-08-14: 반기보고서 (2026.06),6
코스맥스,192820,3,OK,,연결재무제표기준영업(잠정)실적(공정공시)              (+3),,2026-09-09: 기업설명회(IR)개최(안내공시)               | 2026-09-07: 기업설명회(IR)개최(안내공시)               | 2026-09-03: 임원ㆍ주요주주특정증권등소유상황보고서 | 2026-09-01: 금전대여결정               | 2026-09-01: 단기차입금증가결정              ,13
DB손해보험,005830,3,OK,,영업(잠정)실적(공정공시)              (+3),,2026-09-01: 동일인등출자계열회사와의상품ㆍ용역거래 | 2026-09-01: 특수관계인과의수익증권거래 | 2026-09-01: 특수관계인과의수익증권거래 | 2026-09-01: 특수관계인에대한자금대여 | 2026-08-31: 대규모기업집단현황공시[분기별공시(개별회사용)],9
GS,078930,3,OK,,연결재무제표기준영업(잠정)실적(공정공시)              (+3),,2026-09-07: 최대주주등소유주식변동신고서               | 2026-09-01: 임원ㆍ주요주주특정증권등거래계획보고서 | 2026-08-28: 대규모기업집단현황공시[분기별공시(대표회사용)] | 2026-08-26: 최대주주등소유주식변동신고서               | 2026-08-26: 주식등의대량보유상황보고서(일반),11
심텍홀딩스,036710,3,OK,,[기재정정]회사합병결정(종속회사의주요경영사항)              (+3),,2026-08-31: [기재정정]회사합병결정(종속회사의주요경영사항)               | 2026-08-14: 반기보고서 (2026.06),2
케이티알파,036030,3,OK,,영업(잠정)실적(공정공시)              (+3),,2026-08-27: 대규모기업집단현황공시[분기별공시(개별회사용)] | 2026-08-21: 임원ㆍ주요주주특정증권등소유상황보고서 | 2026-08-14: 반기보고서 (2026.06) | 2026-08-14: 지급수단별ㆍ지급기간별지급금액및분쟁조정기구에관한사항 | 2026-08-12: 영업(잠정)실적(공정공시)              ,5
인스피언,465480,3,OK,,영업(잠정)실적(공정공시)              (+3),,2026-09-02: 임원ㆍ주요주주특정증권등소유상황보고서 | 2026-09-01: 신탁계약해지결과보고서 | 2026-09-01: 주요사항보고서(자기주식취득신탁계약해지결정) | 2026-08-13: 반기보고서 (2026.06) | 2026-08-13: 영업(잠정)실적(공정공시)              ,5
휴맥스,115160,3,OK,,[기재정정]주요사항보고서(회사합병결정)(+3),,2026-08-28: 임시주주총회결과               | 2026-08-27: 투자설명서 | 2026-08-27: 효력발생안내( 2026.8.14. 제출 증권신고서(합병) ) | 2026-08-25: [기재정정]타인에대한채무보증결정               | 2026-08-14: 파생상품거래손실발생              ,13
에스케이렌터카,068400,3,OK,,주요사항보고서(회사합병결정)(+3),,2026-08-14: 반기보고서 (2026.06) | 2026-08-14: 주요사항보고서(회사합병결정),2
위메이드플레이,123420,3,OK,,연결재무제표기준영업(잠정)실적(공정공시)              (+3),,2026-08-14: 반기보고서 (2026.06) | 2026-08-12: 연결재무제표기준영업(잠정)실적(공정공시)              ,2
다우데이타,032190,3,OK,,[기재정정]회사합병결정(종속회사의주요경영사항)              (+3),,2026-09-09: 주식등의대량보유상황보고서(약식) | 2026-08-31: 대규모기업집단현황공시[분기별공시(개별회사용)] | 2026-08-14: 반기보고서 (2026.06) | 2026-08-11: [기재정정]회사합병결정(종속회사의주요경영사항)              ,4
마녀공장,439090,3,OK,,연결재무제표기준영업(잠정)실적(공정공시)              (+3),,2026-08-14: 반기보고서 (2026.06) | 2026-08-12: 연결재무제표기준영업(잠정)실적(공정공시)               | 2026-08-12: 신탁계약해지결과보고서 | 2026-08-12: 주요사항보고서(자기주식취득신탁계약해지결정),4
JW신약,067290,3,OK,,영업(잠정)실적(공정공시)              (+3),,2026-08-14: 반기보고서 (2026.06) | 2026-08-12: 영업(잠정)실적(공정공시)              ,2
레이언스,228850,3,OK,,연결재무제표기준영업(잠정)실적(공정공시)              (+3),,2026-08-20: 기업설명회(IR)개최               | 2026-08-14: 반기보고서 (2026.06) | 2026-08-13: 기업설명회(IR)개최               | 2026-08-11: 연결재무제표기준영업(잠정)실적(공정공시)              ,4
NHN벅스,104200,3,OK,,영업(잠정)실적(공정공시)              (+3),,2026-08-14: 반기보고서 (2026.06) | 2026-08-14: [기재정정]사업보고서 (2025.12) | 2026-08-11: 영업(잠정)실적(공정공시)              ,3
대신증권,003540,3,OK,,연결재무제표기준영업(잠정)실적(공정공시)              (+3),,2026-09-10: 증권발행실적보고서 | 2026-09-10: 투자설명서(일괄신고) | 2026-09-10: 일괄신고추가서류(파생결합사채-주가연계파생결합사채) | 2026-09-10: 투자설명서(일괄신고) | 2026-09-10: 투자설명서(일괄신고),85
사조산업,007160,3,OK,,유형자산취득결정(종속회사의주요경영사항)              (+3),,2026-08-28: 대규모기업집단현황공시[분기별공시(대표회사용)] | 2026-08-14: 지급수단별ㆍ지급기간별지급금액및분쟁조정기구에관한사항 | 2026-08-14: 반기보고서 (2026.06) | 2026-08-12: 유형자산취득결정(종속회사의주요경영사항)              ,4
바이오인프라,199730,3,OK,,주요사항보고서(회사합병결정)(+3),,2026-09-08: 주주명부폐쇄기간또는기준일설정               | 2026-09-08: 주요사항보고서(회사합병결정) | 2026-08-12: 반기보고서 (2026.06),3
달바글로벌,483650,3,OK,,연결재무제표기준영업(잠정)실적(공정공시)              (+3),,2026-09-09: 임원ㆍ주요주주특정증권등소유상황보고서 | 2026-09-09: 임원ㆍ주요주주특정증권등소유상황보고서 | 2026-08-28: 기업설명회(IR)개최(안내공시)               | 2026-08-26: 주식등의대량보유상황보고서(일반) | 2026-08-25: 임원ㆍ주요주주특정증권등소유상황보고서,11
위메이드맥스,101730,3,OK,,연결재무제표기준영업(잠정)실적(공정공시)              (+3),,2026-08-14: 반기보고서 (2026.06) | 2026-08-12: 연결재무제표기준영업(잠정)실적(공정공시)               | 2026-08-12: 기업설명회(IR)개최              ,3
CJ제일제당,097950,3,OK,,연결재무제표기준영업(잠정)실적(공정공시)              (+3),,2026-08-28: 대규모기업집단현황공시[분기별공시(개별회사용)] | 2026-08-24: 기업설명회(IR)개최(안내공시)               | 2026-08-14: 반기보고서 (2026.06) | 2026-08-14: 지급수단별ㆍ지급기간별지급금액및분쟁조정기구에관한사항 | 2026-08-11: 연결재무제표기준영업(잠정)실적(공정공시)              ,5
오리온,271560,3,OK,,연결재무제표기준영업(잠정)실적(공정공시)              (+3),,2026-09-10: 연결재무제표기준영업(잠정)실적(공정공시)               | 2026-09-01: 주식등의대량보유상황보고서(약식) | 2026-08-31: 대규모기업집단현황공시[분기별공시(개별회사용)] | 2026-08-18: [기재정정]반기보고서 (2026.06) | 2026-08-14: 지급수단별ㆍ지급기간별지급금액및분쟁조정기구에관한사항,6
케이프,064820,3,OK,,[첨부정정]주요사항보고서(회사합병결정)(+3),,2026-08-14: [첨부정정]주요사항보고서(회사합병결정) | 2026-08-14: 반기보고서 (2026.06),2
한국앤컴퍼니,000240,3,OK,,연결재무제표기준영업(잠정)실적(공정공시)              (+3),,2026-09-09: 주식등의대량보유상황보고서(일반) | 2026-09-04: 생산재개(자율공시)               | 2026-08-31: 대규모기업집단현황공시[분기별공시(대표회사용)] | 2026-08-25: 생산중단               | 2026-08-14: 반기보고서 (2026.06),7
새론오토모티브,075180,3,OK,,[기재정정]회사합병결정(종속회사의주요경영사항)              (+3),,2026-08-31: [기재정정]해산사유발생(종속회사의주요경영사항)               | 2026-08-31: [기재정정]회사합병결정(종속회사의주요경영사항)               | 2026-08-14: [기재정정]반기보고서 (2026.06) | 2026-08-13: 반기보고서 (2026.06),4
신세계인터내셔날,031430,3,OK,,연결재무제표기준영업(잠정)실적(공정공시)              (+3),,2026-08-31: 대규모기업집단현황공시[분기별공시(개별회사용)] | 2026-08-21: 기업설명회(IR)개최(안내공시)               | 2026-08-14: 반기보고서 (2026.06) | 2026-08-14: 동일인등출자계열회사와의상품ㆍ용역거래변경 | 2026-08-13: 지급수단별ㆍ지급기간별지급금액및분쟁조정기구에관한사항,6
LG,003550,3,OK,,연결재무제표기준영업(잠정)실적(공정공시)              (+3),,2026-09-09: 기업설명회(IR)개최(안내공시)               | 2026-08-28: 대규모기업집단현황공시[분기별공시(대표회사용)] | 2026-08-27: 현금ㆍ현물배당결정               | 2026-08-27: 현금ㆍ현물배당을위한주주명부폐쇄(기준일)결정               | 2026-08-14: 반기보고서 (2026.06),10
한화갤러리아,452260,3,OK,,유형자산취득결정(종속회사의주요경영사항)              (+3),,2026-08-31: 대규모기업집단현황공시[분기별공시(개별회사용)] | 2026-08-27: 유형자산취득결정(종속회사의주요경영사항)               | 2026-08-21: [기재정정]주요사항보고서(유형자산양수결정) | 2026-08-21: 특수관계인에대한자금대여 | 2026-08-21: 금전대여결정              ,8
원익QnC,074600,3,OK,,연결재무제표기준영업(잠정)실적(공정공시)              (+3),,2026-08-28: 대규모기업집단현황공시[분기별공시(개별회사용)] | 2026-08-14: 반기보고서 (2026.06) | 2026-08-14: 지급수단별ㆍ지급기간별지급금액및분쟁조정기구에관한사항 | 2026-08-12: 연결재무제표기준영업(잠정)실적(공정공시)              ,4
JW중외제약,001060,3,OK,,영업(잠정)실적(공정공시)              (+3),,2026-08-28: 투자판단관련주요경영사항               | 2026-08-14: 투자판단관련주요경영사항               | 2026-08-14: 반기보고서 (2026.06) | 2026-08-11: 투자판단관련주요경영사항               | 2026-08-11: 공정거래자율준수프로그램운영현황(안내공시)              ,6
삼성화재해상보험,000810,3,OK,,연결재무제표기준영업(잠정)실적(공정공시)              (+3),,2026-09-10: 주식등의대량보유상황보고서(약식) | 2026-09-03: 풍문또는보도에대한해명(미확정)               | 2026-08-31: 대규모기업집단현황공시[분기별공시(개별회사용)] | 2026-08-31: 특수관계인과의수익증권거래 | 2026-08-19: 주식등의대량보유상황보고서(약식),7
화천기계,010660,3,OK,,영업(잠정)실적(공정공시)              (+3),,2026-08-14: 반기보고서 (2026.06) | 2026-08-11: 영업(잠정)실적(공정공시)              ,2
컴투스홀딩스,063080,3,OK,,연결재무제표기준영업(잠정)실적(공정공시)              (+3),,2026-08-14: 반기보고서 (2026.06) | 2026-08-12: 연결재무제표기준영업(잠정)실적(공정공시)              ,2
쏘카,403550,3,OK,,연결재무제표기준영업(잠정)실적(공정공시)              (+3),,2026-08-13: 반기보고서 (2026.06) | 2026-08-11: 연결재무제표기준영업(잠정)실적(공정공시)               | 2026-08-11: [기재정정]주식매수선택권부여에관한신고 | 2026-08-11: [기재정정]주식매수선택권부여에관한신고 | 2026-08-11: [기재정정]주식매수선택권부여에관한신고,8
지구홀딩스,221800,3,OK,,연결재무제표기준영업(잠정)실적(공정공시)              (+3),,2026-08-28: 반기보고서 (2026.06) | 2026-08-27: 대표이사변경               | 2026-08-19: 연결재무제표기준영업(잠정)실적(공정공시)               | 2026-08-13: 기업설명회(IR)개최              ,4
지역난방공사,071320,3,OK,,영업(잠정)실적(공정공시)              (+3),,2026-09-10: 주주총회소집결의               | 2026-08-26: 영업(잠정)실적(공정공시)               | 2026-08-13: [기재정정]주주명부폐쇄기간또는기준일설정               | 2026-08-13: [기재정정]일괄신고서 | 2026-08-13: 반기보고서 (2026.06),5
파라다이스,034230,3,OK,,연결재무제표기준영업(잠정)실적(공정공시)              (+3),,2026-09-02: 연결재무제표기준영업(잠정)실적(공정공시)               | 2026-08-28: 대규모기업집단현황공시[분기별공시(개별회사용)] | 2026-08-25: 주식등의대량보유상황보고서(일반) | 2026-08-14: 반기보고서 (2026.06) | 2026-08-13: 지급수단별ㆍ지급기간별지급금액및분쟁조정기구에관한사항,5
한화손해보험,000370,3,OK,,영업(잠정)실적(공정공시)              (+3),,2026-09-10: 기업설명회(IR)개최(안내공시)               | 2026-08-31: [기재정정]반기보고서 (2026.06) | 2026-08-31: 대규모기업집단현황공시[분기별공시(개별회사용)] | 2026-08-13: 반기보고서 (2026.06) | 2026-08-12: 영업(잠정)실적(공정공시)              ,5
에이치시티,072990,3,OK,,연결재무제표기준영업(잠정)실적(공정공시)              (+3),,2026-08-31: 주식등의대량보유상황보고서(일반) | 2026-08-31: 임원ㆍ주요주주특정증권등소유상황보고서 | 2026-08-14: 반기보고서 (2026.06) | 2026-08-14: 연결재무제표기준영업(잠정)실적(공정공시)              ,4
기산텔레콤,035460,3,OK,,[기재정정]유형자산취득결정              (+3),,2026-08-25: 본점소재지변경               | 2026-08-21: [기재정정]유형자산취득결정               | 2026-08-14: 반기보고서 (2026.06),3
펄어비스,263750,3,OK,,연결재무제표기준영업(잠정)실적(공정공시)              (+3),,2026-09-09: 신탁계약에의한취득상황보고서 | 2026-08-14: 반기보고서 (2026.06) | 2026-08-11: 연결재무제표기준영업실적등에대한전망(공정공시)               | 2026-08-11: 연결재무제표기준영업(잠정)실적(공정공시)              ,4
CJ대한통운,000120,3,OK,,연결재무제표기준영업(잠정)실적(공정공시)              (+3),,2026-09-02: 기업설명회(IR)개최(안내공시)               | 2026-09-02: 기업설명회(IR)개최(안내공시)               | 2026-09-01: 임원ㆍ주요주주특정증권등소유상황보고서 | 2026-08-31: 대규모기업집단현황공시[분기별공시(개별회사용)] | 2026-08-14: 반기보고서 (2026.06),7
한미반도체,042700,3,OK,,유형자산취득결정              (+3),,2026-09-09: 임원ㆍ주요주주특정증권등거래계획보고서 | 2026-08-28: 기업설명회(IR)개최(안내공시)               | 2026-08-19: 기업설명회(IR)개최(안내공시)               | 2026-08-19: 기업설명회(IR)개최(안내공시)               | 2026-08-19: 기업설명회(IR)개최(안내공시)              ,7
휴온스글로벌,084110,3,OK,,[기재정정]주요사항보고서(회사합병결정)(자회사의 주요경영사항)              (철회)(+3),,2026-08-26: 기타주요경영사항              (임시주주총회 소집결의 철회) | 2026-08-26: [기재정정]수시공시의무관련사항(공정공시)              (주주가치 제고를 위한 현물배당 계획 안내-철회) | 2026-08-26: [기재정정]주주총회소집결의              (임시주주총회-철회) | 2026-08-26: [기재정정]주주총회소집공고 | 2026-08-26: 기타주요경영사항(자회사의 주요경영사항)              (회사합병 결정 및 임시주주총회 소집결의 철회),12
바텍,043150,3,OK,,연결재무제표기준영업(잠정)실적(공정공시)              (+3),,2026-09-09: 주식등의대량보유상황보고서(약식) | 2026-09-07: [기재정정]주식등의대량보유상황보고서(약식) | 2026-09-04: 주식등의대량보유상황보고서(약식) | 2026-08-20: 기업설명회(IR)개최               | 2026-08-14: 반기보고서 (2026.06),7
에이유브랜즈,481070,3,OK,,연결재무제표기준영업(잠정)실적(공정공시)              (+3),,2026-08-18: 기업설명회(IR)개최               | 2026-08-14: 반기보고서 (2026.06) | 2026-08-13: 연결재무제표기준영업(잠정)실적(공정공시)              ,3
JW생명과학,234080,3,OK,,영업(잠정)실적(공정공시)              (+3),,2026-08-14: 반기보고서 (2026.06) | 2026-08-12: 영업(잠정)실적(공정공시)              ,2
한국전력공사,015760,3,OK,,연결재무제표기준영업(잠정)실적(공정공시)              (+3),,2026-09-03: 풍문또는보도에대한해명(미확정)               | 2026-08-27: 주주명부폐쇄기간또는기준일설정               | 2026-08-14: 반기보고서 (2026.06) | 2026-08-12: 연결재무제표기준영업(잠정)실적(공정공시)              ,4
아진전자부품,009320,3,OK,,영업(잠정)실적(공정공시)              (+3),,2026-09-08: 최대주주등소유주식변동신고서               | 2026-09-08: 임원ㆍ주요주주특정증권등소유상황보고서 | 2026-08-31: 대표이사(대표집행임원)변경(안내공시)               | 2026-08-27: 기타경영사항(자율공시)               | 2026-08-26: 최대주주등소유주식변동신고서              ,11
아시아나항공,020560,3,OK,,회사합병결정(종속회사의주요경영사항)              (+3),,2026-09-08: 주식등의대량보유상황보고서(일반) | 2026-08-31: 대규모기업집단현황공시[분기별공시(개별회사용)] | 2026-08-21: 기타경영사항(자율공시)               | 2026-08-21: 회사합병결정(종속회사의주요경영사항)               | 2026-08-19: 소송등의제기ㆍ신청(일정금액이상의청구)              ,8
SOOP,067160,5,OK,,주식소각결정              (+5),,2026-09-10: 주식등의대량보유상황보고서(약식) | 2026-09-04: 주식소각결정               | 2026-09-04: 주요사항보고서(유형자산양수결정) | 2026-08-24: 기업설명회(IR)개최               | 2026-08-14: 반기보고서 (2026.06),6
에이텍,045660,5,OK,,단일판매ㆍ공급계약체결              (+5),,2026-09-02: 주식등의대량보유상황보고서(일반) | 2026-09-02: 임원ㆍ주요주주특정증권등소유상황보고서 | 2026-09-01: 단일판매ㆍ공급계약체결               | 2026-08-27: 임원ㆍ주요주주특정증권등소유상황보고서 | 2026-08-14: 반기보고서 (2026.06),5
유한양행,000100,5,OK,,단일판매ㆍ공급계약체결              (+5),,2026-09-09: 임원ㆍ주요주주특정증권등소유상황보고서 | 2026-09-08: 기업설명회(IR)개최(안내공시)               | 2026-09-01: 단일판매ㆍ공급계약체결               | 2026-08-25: 중대재해발생(종속회사의주요경영사항)               | 2026-08-24: 공정거래자율준수프로그램운영현황(안내공시)              ,7
드림씨아이에스,223250,5,OK,,[기재정정]단일판매ㆍ공급계약체결              (+5),,2026-08-13: 반기보고서 (2026.06) | 2026-08-11: [기재정정]단일판매ㆍ공급계약체결              ,2
자연과환경,043910,5,OK,,단일판매ㆍ공급계약체결              (+5),,2026-09-10: 단일판매ㆍ공급계약체결               | 2026-08-27: 전환가액의조정               | 2026-08-19: 주식등의대량보유상황보고서(일반) | 2026-08-19: 임원ㆍ주요주주특정증권등소유상황보고서 | 2026-08-14: 반기보고서 (2026.06),5
EG,037370,5,OK,,단일판매ㆍ공급계약체결(자율공시)              (+5),,2026-09-08: 단일판매ㆍ공급계약체결(자율공시)               | 2026-08-14: 반기보고서 (2026.06),2
에이블씨엔씨,078520,5,OK,,주식소각결정              (+5),,2026-08-13: 반기보고서 (2026.06) | 2026-08-13: 주식소각결정               | 2026-08-13: 현금ㆍ현물배당을위한주주명부폐쇄(기준일)결정               | 2026-08-11: 신탁계약해지결과보고서 | 2026-08-11: 주요사항보고서(자기주식취득신탁계약해지결정),5
CNT85,056730,5,OK,,[기재정정]단일판매ㆍ공급계약체결(자율공시)              (+5),,2026-08-31: [기재정정]단일판매ㆍ공급계약체결(자율공시)               | 2026-08-20: 단기차입금증가결정               | 2026-08-14: 반기보고서 (2026.06),3
JTC,950170,5,OK,,주식소각결정              (+5),,2026-08-19: 주식소각결정              ,1
진양폴리우레탄,010640,5,OK,,주요사항보고서(자기주식취득결정)(+5),,2026-08-31: [기재정정]주요사항보고서(유형자산양수결정) | 2026-08-27: 임원ㆍ주요주주특정증권등소유상황보고서 | 2026-08-27: 임원ㆍ주요주주특정증권등소유상황보고서 | 2026-08-27: 임원ㆍ주요주주특정증권등소유상황보고서 | 2026-08-27: 주식등의대량보유상황보고서(일반),17
동일금속,109860,5,OK,,주식소각결정              (+5),,2026-09-04: 주식소각결정               | 2026-08-14: 반기보고서 (2026.06),2
나인테크,267320,5,OK,,[기재정정]단일판매ㆍ공급계약체결              (+5),,2026-08-28: [기재정정]단일판매ㆍ공급계약체결               | 2026-08-14: 반기보고서 (2026.06),2
제이에스링크,127120,5,OK,,[기재정정]단일판매ㆍ공급계약체결              (+5),,2026-09-10: [기재정정]단일판매ㆍ공급계약체결               | 2026-09-09: 대표이사변경               | 2026-08-31: 임원ㆍ주요주주특정증권등소유상황보고서 | 2026-08-31: [기재정정]타법인주식및출자증권취득결정               | 2026-08-25: 주식매수선택권행사              ,7
카스,016920,5,OK,,주요사항보고서(자기주식취득결정)(+5),,2026-09-01: 주요사항보고서(자기주식취득결정) | 2026-08-26: 임원ㆍ주요주주특정증권등소유상황보고서 | 2026-08-19: 자기주식취득결과보고서 | 2026-08-14: 반기보고서 (2026.06),4
앱클론,174900,5,OK,,[기재정정]단일판매ㆍ공급계약체결(자율공시)              (+5),,2026-08-31: [기재정정]단일판매ㆍ공급계약체결(자율공시)               | 2026-08-13: 반기보고서 (2026.06),2
서남,294630,5,OK,,단일판매ㆍ공급계약체결              (+5),,2026-09-04: 단일판매ㆍ공급계약체결               | 2026-08-13: 반기보고서 (2026.06),2
야스,255440,5,OK,,[기재정정]단일판매ㆍ공급계약체결              (+5),,2026-09-10: 주식등의대량보유상황보고서(일반) | 2026-08-21: 대표이사변경               | 2026-08-19: [기재정정]단일판매ㆍ공급계약체결               | 2026-08-14: 반기보고서 (2026.06) | 2026-08-11: 임원ㆍ주요주주특정증권등소유상황보고서,6
테라뷰,950250,5,OK,,단일판매ㆍ공급계약체결              (+5),,2026-09-10: 조회공시요구(현저한시황변동)               | 2026-09-01: 임원ㆍ주요주주특정증권등소유상황보고서 | 2026-09-01: 주식등의대량보유상황보고서(일반) | 2026-08-27: 독립이사의선임ㆍ해임또는중도퇴임에관한신고 | 2026-08-27: 정기주주총회결과              ,9
에이치피오,357230,5,OK,,주식소각결정              (+5),,2026-08-24: 주식소각결정               | 2026-08-14: 반기보고서 (2026.06),2
제테마,216080,5,OK,,단일판매ㆍ공급계약체결              (+5),,2026-09-04: 주식등의대량보유상황보고서(일반) | 2026-09-04: 임원ㆍ주요주주특정증권등소유상황보고서 | 2026-09-04: 임원ㆍ주요주주특정증권등소유상황보고서 | 2026-09-01: 임원ㆍ주요주주특정증권등소유상황보고서 | 2026-09-01: 임원ㆍ주요주주특정증권등소유상황보고서,16
우리기술투자,041190,5,OK,,주식소각결정              (+5),,2026-09-01: 주식등의대량보유상황보고서(일반) | 2026-08-14: 반기보고서 (2026.06) | 2026-08-14: 주식소각결정              ,3
한화에어로스페이스,012450,5,OK,,단일판매ㆍ공급계약체결              (+5),,2026-09-10: 풍문또는보도에대한해명(미확정)               | 2026-09-10: 기업설명회(IR)개최(안내공시)               | 2026-09-07: 풍문또는보도에대한해명(미확정)               | 2026-08-31: 대규모기업집단현황공시[분기별공시(개별회사용)] | 2026-08-31: 단일판매ㆍ공급계약체결              ,17
RF머트리얼즈,327260,5,OK,,주식소각결정              (+5),,2026-09-08: 주식소각결정               | 2026-08-14: 반기보고서 (2026.06),2
아시아나IDT,267850,5,OK,,[기재정정]단일판매ㆍ공급계약체결              (+5),,2026-09-03: [기재정정]단일판매ㆍ공급계약체결               | 2026-08-28: 대규모기업집단현황공시[분기별공시(개별회사용)] | 2026-08-12: 반기보고서 (2026.06) | 2026-08-12: 지급수단별ㆍ지급기간별지급금액및분쟁조정기구에관한사항,4
워트,396470,5,OK,,단일판매ㆍ공급계약체결(자율공시)              (+5),,2026-08-19: 단일판매ㆍ공급계약체결(자율공시)              ,1
라온텍,418420,5,OK,,단일판매ㆍ공급계약체결              (+5),,2026-09-04: 임원ㆍ주요주주특정증권등소유상황보고서 | 2026-09-04: 임원ㆍ주요주주특정증권등소유상황보고서 | 2026-09-04: 주식등의대량보유상황보고서(일반) | 2026-09-01: 단일판매ㆍ공급계약체결               | 2026-08-27: 임원ㆍ주요주주특정증권등거래계획보고서,8
삼성전자,005930,5,OK,,주요사항보고서(자기주식취득결정)(+5),,2026-09-09: 임원ㆍ주요주주특정증권등거래계획보고서 | 2026-09-09: 임원ㆍ주요주주특정증권등소유상황보고서 | 2026-09-08: 최대주주등소유주식변동신고서               | 2026-08-31: 대규모기업집단현황공시[분기별공시(대표회사용)] | 2026-08-31: 임원ㆍ주요주주특정증권등소유상황보고서,29
케이씨텍,281820,5,OK,,단일판매ㆍ공급계약체결              (+5),,2026-08-13: 반기보고서 (2026.06) | 2026-08-12: 단일판매ㆍ공급계약체결              ,2
필에너지,378340,5,OK,,[기재정정]단일판매ㆍ공급계약체결              (+5),,2026-08-31: [기재정정]단일판매ㆍ공급계약체결               | 2026-08-14: 반기보고서 (2026.06),2
데이터스트림즈,199150,5,OK,,단일판매ㆍ공급계약체결(자율공시)              (+5),,2026-08-11: 단일판매ㆍ공급계약체결(자율공시)              ,1
젝시믹스,337930,5,OK,,주식소각결정              (+5),,2026-08-27: 신탁계약해지결과보고서 | 2026-08-27: 주식소각결정               | 2026-08-27: 주요사항보고서(자기주식취득신탁계약해지결정) | 2026-08-20: [기재정정]현금ㆍ현물배당결정              (분기배당) | 2026-08-14: 반기보고서 (2026.06),5
삼화네트웍스,046390,5,OK,,단일판매ㆍ공급계약체결              (+5),,2026-09-01: 단일판매ㆍ공급계약체결               | 2026-08-19: 주식등의대량보유상황보고서(일반) | 2026-08-14: 반기보고서 (2026.06),3
세아홀딩스,058650,5,OK,,주식소각결정              (+5),,2026-09-07: 주식등의대량보유상황보고서(일반) | 2026-08-28: 대규모기업집단현황공시[분기별공시(대표회사용)] | 2026-08-18: 주식소각결정               | 2026-08-14: 반기보고서 (2026.06) | 2026-08-14: 지급수단별ㆍ지급기간별지급금액및분쟁조정기구에관한사항,5
유디엠텍,389680,5,OK,,[기재정정]단일판매ㆍ공급계약체결              (+5),,2026-08-31: [기재정정]주주총회소집결의              (임시주주총회) | 2026-08-28: [기재정정]단일판매ㆍ공급계약체결               | 2026-08-19: 불성실공시법인지정예고              (공시번복) | 2026-08-18: 주주명부폐쇄기간또는기준일설정               | 2026-08-18: 주주총회소집결의              ,6
에이디테크놀로지,200710,5,OK,,[기재정정]단일판매ㆍ공급계약체결              (+5),,2026-09-09: [기재정정]단일판매ㆍ공급계약체결               | 2026-08-19: 기업설명회(IR)개최               | 2026-08-14: 반기보고서 (2026.06),3
제너셈,217190,5,OK,,단일판매ㆍ공급계약체결              (+5),,2026-09-07: 단일판매ㆍ공급계약체결               | 2026-08-13: 반기보고서 (2026.06),2
프레스티지바이오파마,950210,5,OK,,[기재정정]단일판매ㆍ공급계약체결              (+5),,2026-09-01: 최대주주등소유주식변동신고서               | 2026-09-01: 임원ㆍ주요주주특정증권등소유상황보고서 | 2026-09-01: 주식등의대량보유상황보고서(일반) | 2026-08-25: [기재정정]단일판매ㆍ공급계약체결               | 2026-08-19: 최대주주등소유주식변동신고서              ,11
에스트래픽,234300,5,OK,,[기재정정]단일판매ㆍ공급계약체결(자율공시)              (+5),,2026-09-10: 임원ㆍ주요주주특정증권등소유상황보고서 | 2026-09-08: 임원ㆍ주요주주특정증권등소유상황보고서 | 2026-09-08: 임원ㆍ주요주주특정증권등소유상황보고서 | 2026-09-07: 임원ㆍ주요주주특정증권등소유상황보고서 | 2026-09-02: 의결권대리행사권유참고서류,10
SGA솔루션즈,184230,5,OK,,주식소각결정              (+5),,2026-09-07: 전환가액의조정               | 2026-08-14: 반기보고서 (2026.06) | 2026-08-12: 주식소각결정              ,3
토마토시스템,393210,5,OK,,[기재정정]단일판매ㆍ공급계약체결              (+5),,2026-08-26: [기재정정]단일판매ㆍ공급계약체결               | 2026-08-24: 주식등의대량보유상황보고서(일반) | 2026-08-18: 주식매수선택권부여에관한신고 | 2026-08-12: 반기보고서 (2026.06),4
지엔씨에너지,119850,5,OK,,[기재정정]단일판매ㆍ공급계약체결              (+5),,2026-09-10: 주식등의대량보유상황보고서(약식) | 2026-09-04: 타법인주식및출자증권취득결정               | 2026-08-31: [기재정정]단일판매ㆍ공급계약체결               | 2026-08-13: 반기보고서 (2026.06),4
HMM,011200,5,OK,,단일판매ㆍ공급계약체결              (+5),,2026-09-08: 단일판매ㆍ공급계약체결               | 2026-08-26: 대규모기업집단현황공시[분기별공시(대표회사용)] | 2026-08-13: 반기보고서 (2026.06) | 2026-08-11: 지급수단별ㆍ지급기간별지급금액및분쟁조정기구에관한사항,4
서희건설,035890,5,OK,,[기재정정]단일판매ㆍ공급계약체결              (+5),,2026-09-03: 소송등의판결ㆍ결정(일정금액이상의청구)               | 2026-08-26: [기재정정]단일판매ㆍ공급계약체결               | 2026-08-14: 반기보고서 (2026.06),3
지어소프트,051160,5,OK,,주식소각결정              (+5),,2026-09-03: 임원ㆍ주요주주특정증권등소유상황보고서 | 2026-09-03: 주식소각결정               | 2026-08-24: 자기주식취득결과보고서 | 2026-08-19: 주식등의대량보유상황보고서(약식) | 2026-08-13: 반기보고서 (2026.06),6
콜마비앤에이치,200130,5,OK,,주식소각결정              (+5),,2026-09-02: [기재정정]타법인주식및출자증권취득결정               | 2026-08-28: 대규모기업집단현황공시[분기별공시(개별회사용)] | 2026-08-19: [첨부정정]지속가능경영보고서등관련사항(자율공시)               | 2026-08-14: [기재정정]현금ㆍ현물배당결정               | 2026-08-14: [기재정정]현금ㆍ현물배당을위한주주명부폐쇄(기준일)결정              ,11
삼미금속,012210,5,OK,,[기재정정]단일판매ㆍ공급계약체결              (+5),,2026-09-01: [기재정정]단일판매ㆍ공급계약체결               | 2026-08-13: 반기보고서 (2026.06),2
대덕,008060,5,OK,,[기재정정]주식소각결정(자회사의 주요경영사항)              (+5),,2026-08-14: 반기보고서 (2026.06) | 2026-08-12: 임원ㆍ주요주주특정증권등소유상황보고서 | 2026-08-11: [기재정정]주식소각결정(자회사의 주요경영사항)               | 2026-08-11: 주요사항보고서(자기주식취득신탁계약해지결정)(자회사의 주요경영사항)              ,4
한국항공우주,047810,5,OK,,[기재정정]단일판매ㆍ공급계약체결              (+5),,2026-09-10: 주식등의대량보유상황보고서(약식) | 2026-09-04: 기업설명회(IR)개최(안내공시)               | 2026-09-03: 주식등의대량보유상황보고서(약식) | 2026-08-31: [기재정정]단일판매ㆍ공급계약체결               | 2026-08-28: 대규모기업집단현황공시[분기별공시(대표회사용)],8
셀트리온,068270,5,OK,,주요사항보고서(자기주식취득결정)(+5),,2026-09-07: 투자판단관련주요경영사항              (CTP44(다잘렉스 바이오시밀러) 한국 임상 3상 시험계획 변경신청 승인) | 2026-09-07: 투자판단관련주요경영사항              (CTP51(키트루다 바이오시밀러) 미국 임상 3상 시험계획 변경신청 승인) | 2026-08-31: 주요사항보고서(자기주식취득결정) | 2026-08-31: 수시공시의무관련사항(공정공시)               | 2026-08-28: 주식등의대량보유상황보고서(일반),11
산일전기,062040,5,OK,,단일판매ㆍ공급계약체결              (+5),,2026-08-26: 주요사항보고서(유형자산양수결정) | 2026-08-20: 단일판매ㆍ공급계약체결               | 2026-08-14: 반기보고서 (2026.06) | 2026-08-13: 최대주주등소유주식변동신고서               | 2026-08-13: 주식등의대량보유상황보고서(일반),6
예선테크,250930,5,OK,,주식소각결정              (+5),,2026-09-09: 임원ㆍ주요주주특정증권등소유상황보고서 | 2026-09-03: 기업설명회(IR)개최               | 2026-08-31: 주식소각결정               | 2026-08-25: 기업설명회(IR)개최               | 2026-08-25: 기업설명회(IR)개최              ,8
씨메스로보틱스,475400,5,OK,,단일판매ㆍ공급계약체결              (+5),,2026-08-13: 반기보고서 (2026.06) | 2026-08-12: 단일판매ㆍ공급계약체결              ,2
파두,440110,5,OK,,단일판매ㆍ공급계약체결              (+5),,2026-09-04: 기업설명회(IR)개최               | 2026-09-04: 기업설명회(IR)개최               | 2026-08-26: 주식등의대량보유상황보고서(약식) | 2026-08-26: 주식등의대량보유상황보고서(일반) | 2026-08-14: 기업설명회(IR)개최              ,9
한국정보인증,053300,5,OK,,주식소각결정              (+5),,2026-08-31: 대규모기업집단현황공시[분기별공시(개별회사용)] | 2026-08-20: 주요사항보고서(자기주식취득신탁계약체결결정) | 2026-08-14: 지급수단별ㆍ지급기간별지급금액및분쟁조정기구에관한사항 | 2026-08-13: 반기보고서 (2026.06) | 2026-08-12: 주식소각결정              ,7
지에프씨생명과학,388610,5,OK,,주식소각결정              (+5),,2026-09-09: 임원ㆍ주요주주특정증권등소유상황보고서 | 2026-09-09: 주식등의대량보유상황보고서(일반) | 2026-09-07: [기재정정]반기보고서 (2026.06) | 2026-09-04: 임원ㆍ주요주주특정증권등소유상황보고서 | 2026-09-04: 주식등의대량보유상황보고서(일반),15
부방,014470,5,OK,,주식소각결정              (+5),,2026-09-02: 임원ㆍ주요주주특정증권등소유상황보고서 | 2026-09-02: 주식소각결정               | 2026-08-31: 타인에대한담보제공결정               | 2026-08-26: 임원ㆍ주요주주특정증권등소유상황보고서 | 2026-08-18: 임원ㆍ주요주주특정증권등소유상황보고서,8
나우로보틱스,459510,5,OK,,단일판매ㆍ공급계약체결              (+5),,2026-09-08: [기재정정]반기보고서 (2026.06) | 2026-09-07: 단일판매ㆍ공급계약체결               | 2026-08-31: 파생상품거래손실발생               | 2026-08-31: 주주명부폐쇄기간또는기준일설정               | 2026-08-31: 주주총회소집결의              (임시주주총회),7
아이퀘스트,262840,5,OK,,주식소각결정              (+5),,2026-09-09: 주식소각결정               | 2026-08-12: 반기보고서 (2026.06),2
디앤씨미디어,263720,5,OK,,주식소각결정              (+5),,2026-08-18: 주식소각결정               | 2026-08-14: [기재정정]수시공시의무관련사항(공정공시)              (주주가치 제고를 위한 주주환원정책 안내) | 2026-08-14: 반기보고서 (2026.06) | 2026-08-14: 신탁계약해지결과보고서 | 2026-08-14: 주요사항보고서(자기주식취득신탁계약해지결정),5
태웅로직스,124560,5,OK,,주식소각결정              (상환전환우선주)(+5),,2026-08-21: 타인에대한채무보증결정               | 2026-08-21: 타법인주식및출자증권취득결정(종속회사의주요경영사항)               | 2026-08-21: [기재정정]투자판단관련주요경영사항              ((주)이투마스 지분인수를 위한 양해각서(MOU)체결) | 2026-08-14: 반기보고서 (2026.06) | 2026-08-13: 주식등의대량보유상황보고서(일반),6
바이브컴퍼니,301300,5,OK,,단일판매ㆍ공급계약체결(자율공시)              (+5),,2026-08-14: 반기보고서 (2026.06) | 2026-08-14: [기재정정]분기보고서 (2026.03) | 2026-08-14: 단일판매ㆍ공급계약체결(자율공시)              ,3
에스오에스랩,464080,5,OK,,단일판매ㆍ공급계약체결              (+5),,2026-09-02: 주식등의대량보유상황보고서(약식) | 2026-09-01: 단일판매ㆍ공급계약체결               | 2026-08-14: 반기보고서 (2026.06),3
윈하이텍,192390,5,OK,,단일판매ㆍ공급계약체결              (+5),,2026-09-02: 신탁계약에의한취득상황보고서 | 2026-08-18: 단일판매ㆍ공급계약체결               | 2026-08-14: 반기보고서 (2026.06),3
한국정밀기계,101680,5,OK,,단일판매ㆍ공급계약체결              (+5),,2026-09-07: 임원ㆍ주요주주특정증권등소유상황보고서 | 2026-09-07: 임원ㆍ주요주주특정증권등소유상황보고서 | 2026-09-02: 임원ㆍ주요주주특정증권등소유상황보고서 | 2026-09-02: 임원ㆍ주요주주특정증권등소유상황보고서 | 2026-08-31: 임원ㆍ주요주주특정증권등소유상황보고서,14
와이솔,122990,5,OK,,[기재정정]주식소각결정              (+5),,2026-08-13: 반기보고서 (2026.06) | 2026-08-12: 신탁계약해지결과보고서 | 2026-08-11: 임원ㆍ주요주주특정증권등거래계획보고서 | 2026-08-11: [기재정정]주식소각결정               | 2026-08-11: 주요사항보고서(자기주식취득신탁계약해지결정),5
성우테크론,045300,5,OK,,단일판매ㆍ공급계약체결              (+5),,2026-09-10: 단일판매ㆍ공급계약체결               | 2026-08-31: 주주총회소집공고 | 2026-08-14: 반기보고서 (2026.06),3
이엘피,063760,5,OK,,[기재정정]단일판매ㆍ공급계약체결              (+5),,2026-08-25: 임원ㆍ주요주주특정증권등소유상황보고서 | 2026-08-25: 주식등의대량보유상황보고서(일반) | 2026-08-14: 반기보고서 (2026.06) | 2026-08-14: 현금ㆍ현물배당결정              (분기배당) | 2026-08-13: [기재정정]단일판매ㆍ공급계약체결              ,5
유진테크놀로지,240600,5,OK,,단일판매ㆍ공급계약체결              (+5),,2026-08-26: 단일판매ㆍ공급계약체결               | 2026-08-14: [첨부추가]반기보고서 (2026.06),2
동아쏘시오홀딩스,000640,5,OK,,단일판매ㆍ공급계약체결(자회사의 주요경영사항)              (+5),,2026-09-07: 의결권대리행사권유참고서류 | 2026-09-07: 주주총회소집공고 | 2026-09-04: [기재정정]타인에대한채무보증결정               | 2026-09-02: 임원ㆍ주요주주특정증권등소유상황보고서 | 2026-09-02: 주식등의대량보유상황보고서(일반),13
엠오티,413390,5,OK,,주식소각결정              (+5),,2026-09-04: 주식소각결정               | 2026-09-04: 신탁계약해지결과보고서 | 2026-09-03: [기재정정]주요사항보고서(자기주식취득신탁계약해지결정) | 2026-09-03: 주요사항보고서(자기주식취득신탁계약해지결정) | 2026-08-14: 반기보고서 (2026.06),5
유진로봇,056080,5,OK,,단일판매ㆍ공급계약체결              (+5),,2026-09-10: 주식등의대량보유상황보고서(약식) | 2026-08-21: 임원ㆍ주요주주특정증권등거래계획보고서 | 2026-08-14: 반기보고서 (2026.06) | 2026-08-11: 단일판매ㆍ공급계약체결              ,4
위드텍,348350,5,OK,,단일판매ㆍ공급계약체결              (+5),,2026-08-14: 자기주식취득결과보고서 | 2026-08-14: 반기보고서 (2026.06) | 2026-08-12: 단일판매ㆍ공급계약체결              ,3
서호전기,065710,5,OK,,단일판매ㆍ공급계약체결              (+5),,2026-08-28: 단일판매ㆍ공급계약체결               | 2026-08-14: 반기보고서 (2026.06) | 2026-08-12: 현금ㆍ현물배당결정              (분기배당),3
유바이오로직스,206650,5,OK,,주식소각결정              (+5),,2026-08-26: [기재정정]타법인주식및출자증권취득결정               | 2026-08-24: 신탁계약해지결과보고서 | 2026-08-21: 주식소각결정               | 2026-08-21: 주요사항보고서(자기주식취득신탁계약해지결정) | 2026-08-18: 투자판단관련주요경영사항(임상시험계획승인신청)              (알츠하이머병 대응 백신 PADIVAX의 제1상 임상시험계획승인 신청(IND)),6
한국씨티은행,016830,5,OK,,주요사항보고서(자기주식취득결정)(+5),,2026-08-28: 주요사항보고서(자기주식취득결정) | 2026-08-14: 반기보고서 (2026.06),2
SBI인베스트먼트,019550,5,OK,,주식소각결정              (+5),,2026-08-20: 주식소각결정               | 2026-08-14: 반기보고서 (2026.06),2
APS이노베이션,079810,5,OK,,단일판매ㆍ공급계약체결(자율공시)              (+5),,2026-09-07: 주식등의대량보유상황보고서(일반) | 2026-09-07: 임원ㆍ주요주주특정증권등소유상황보고서 | 2026-09-04: 단일판매ㆍ공급계약체결(자율공시)               | 2026-08-18: [기재정정]주요사항보고서(타법인주식및출자증권양수결정) | 2026-08-13: [기재정정]반기보고서 (2026.06),6
LIG아큐버,073490,5,OK,,단일판매ㆍ공급계약체결              (+5),,2026-09-03: 단일판매ㆍ공급계약체결               | 2026-08-28: 대규모기업집단현황공시[분기별공시(개별회사용)] | 2026-08-14: 반기보고서 (2026.06) | 2026-08-13: 지급수단별ㆍ지급기간별지급금액및분쟁조정기구에관한사항,4
빙그레,005180,5,OK,,주식소각결정              (+5),,2026-08-14: 반기보고서 (2026.06) | 2026-08-11: 주식소각결정               | 2026-08-11: 공정거래자율준수프로그램운영현황(안내공시)              ,3
플리토,300080,5,OK,,[기재정정]단일판매ㆍ공급계약체결              (+5),,2026-09-02: [기재정정]단일판매ㆍ공급계약체결               | 2026-08-28: 임원ㆍ주요주주특정증권등소유상황보고서 | 2026-08-28: 임원ㆍ주요주주특정증권등소유상황보고서 | 2026-08-28: [기재정정]주식매수선택권부여에관한신고 | 2026-08-28: [기재정정]주식매수선택권부여에관한신고,6
한화엔진,082740,5,OK,,단일판매ㆍ공급계약체결              (+5),,2026-08-31: 대규모기업집단현황공시[분기별공시(개별회사용)] | 2026-08-28: 단일판매ㆍ공급계약체결               | 2026-08-14: 반기보고서 (2026.06) | 2026-08-14: 지급수단별ㆍ지급기간별지급금액및분쟁조정기구에관한사항,4
남화토건,091590,5,OK,,[기재정정]단일판매ㆍ공급계약체결              (+5),,2026-08-24: [기재정정]단일판매ㆍ공급계약체결               | 2026-08-14: 반기보고서 (2026.06),2
와이엠티,251370,5,OK,,주요사항보고서(자기주식취득결정)(+5),,2026-09-04: 주식등의대량보유상황보고서(일반) | 2026-09-01: 소송등의제기ㆍ신청(일정금액이상의청구)               | 2026-08-31: 자기주식취득결과보고서 | 2026-08-27: 주식등의대량보유상황보고서(일반) | 2026-08-27: 임원ㆍ주요주주특정증권등소유상황보고서,7
코미팜,041960,5,OK,,[기재정정]단일판매ㆍ공급계약체결              (+5),,2026-09-10: [기재정정]단일판매ㆍ공급계약체결               | 2026-08-13: 반기보고서 (2026.06),2
일성건설,013360,5,OK,,단일판매ㆍ공급계약체결              (+5),,2026-09-01: 단일판매ㆍ공급계약체결               | 2026-08-28: 합병등종료보고서(자산양수도) | 2026-08-14: 반기보고서 (2026.06),3
LS마린솔루션,060370,5,OK,,[기재정정]단일판매ㆍ공급계약체결              (+5),,2026-09-07: 기업설명회(IR)개최               | 2026-08-31: [기재정정]단일판매ㆍ공급계약체결               | 2026-08-31: 대규모기업집단현황공시[분기별공시(개별회사용)] | 2026-08-26: 임원ㆍ주요주주특정증권등거래계획보고서 | 2026-08-14: 반기보고서 (2026.06),6
셀피글로벌,068940,5,OK,,[기재정정]단일판매ㆍ공급계약체결              (+5),,2026-09-10: [기재정정]단일판매ㆍ공급계약체결               | 2026-08-14: 반기보고서 (2026.06),2
저스템,417840,5,OK,,주요사항보고서(자기주식취득결정)(+5),,2026-09-07: 자기주식취득결과보고서 | 2026-08-27: 주요사항보고서(자기주식취득결정) | 2026-08-12: 반기보고서 (2026.06),3
브이티,018290,5,OK,,주요사항보고서(자기주식취득결정)(+5),,2026-08-28: 주식등의대량보유상황보고서(일반) | 2026-08-13: 주요사항보고서(자기주식취득결정) | 2026-08-13: 반기보고서 (2026.06) | 2026-08-11: 기업설명회(IR)개최              ,4
테크윙,089030,5,OK,,[기재정정]단일판매ㆍ공급계약체결(자율공시)              (+5),,2026-09-07: 주식등의대량보유상황보고서(약식) | 2026-08-31: [첨부정정]유형자산처분결정(자율공시)               | 2026-08-24: 주식등의대량보유상황보고서(일반) | 2026-08-14: 반기보고서 (2026.06) | 2026-08-13: [기재정정]단일판매ㆍ공급계약체결(자율공시)              ,5
에스케이바이오팜,326030,5,OK,,단일판매ㆍ공급계약체결              (+5),,2026-09-10: 기업설명회(IR)개최(안내공시)               | 2026-09-10: 투자판단관련주요경영사항              (뇌전증 신약 후보 물질 Opakalim의 미국 FDA 임상 2/3상 Partial Clinical Hold 통보 수령) | 2026-08-31: 최대주주등소유주식변동신고서               | 2026-08-31: 임원ㆍ주요주주특정증권등소유상황보고서 | 2026-08-31: 임원ㆍ주요주주특정증권등소유상황보고서,12
에코심플렉스,038870,5,OK,,[기재정정]단일판매ㆍ공급계약체결              (+5),,2026-08-27: 주식등의대량보유상황보고서(일반) | 2026-08-26: 주식등의대량보유상황보고서(일반) | 2026-08-26: 임원ㆍ주요주주특정증권등소유상황보고서 | 2026-08-26: 임원ㆍ주요주주특정증권등소유상황보고서 | 2026-08-14: 반기보고서 (2026.06),6
영진약품,003520,5,OK,,[기재정정]단일판매ㆍ공급계약체결              (+5),,2026-09-01: 소송등의제기ㆍ신청(일정금액이상의청구)               | 2026-08-28: 대규모기업집단현황공시[분기별공시(개별회사용)] | 2026-08-14: 반기보고서 (2026.06) | 2026-08-13: 지급수단별ㆍ지급기간별지급금액및분쟁조정기구에관한사항 | 2026-08-12: [기재정정]단일판매ㆍ공급계약체결              ,5
태원물산,001420,5,OK,,주요사항보고서(자기주식취득결정)(+5),,2026-09-01: 주요사항보고서(자기주식취득결정) | 2026-08-31: 자기주식취득결과보고서 | 2026-08-14: 반기보고서 (2026.06),3
한국주강,025890,5,OK,,단일판매ㆍ공급계약체결              (+5),,2026-08-20: 임원ㆍ주요주주특정증권등소유상황보고서 | 2026-08-14: 반기보고서 (2026.06) | 2026-08-12: 최대주주등소유주식변동신고서               | 2026-08-12: 임원ㆍ주요주주특정증권등소유상황보고서 | 2026-08-12: 주식등의대량보유상황보고서(일반),9
KPX케미칼,025000,5,OK,,주식소각결정              (+5),,2026-09-10: 임원ㆍ주요주주특정증권등거래계획보고서 | 2026-08-28: 주식소각결정               | 2026-08-19: 최대주주등소유주식변동신고서               | 2026-08-14: 반기보고서 (2026.06),4
선도전기,007610,5,OK,,[기재정정]단일판매ㆍ공급계약체결              (+5),,2026-08-31: [기재정정]단일판매ㆍ공급계약체결               | 2026-08-13: [첨부정정]사업보고서 (2024.12) | 2026-08-13: 반기보고서 (2026.06) | 2026-08-13: [첨부정정]사업보고서 (2025.12) | 2026-08-13: [첨부정정]사업보고서 (2024.12),5
마키나락스,477850,5,OK,,단일판매ㆍ공급계약체결              (+5),,2026-08-26: 기업설명회(IR)개최               | 2026-08-26: 단일판매ㆍ공급계약체결               | 2026-08-14: 반기보고서 (2026.06),3
세미티에스,0017J0,5,OK,,단일판매ㆍ공급계약체결              (+5),,2026-08-12: 단일판매ㆍ공급계약체결               | 2026-08-11: 반기보고서 (2026.06),2
코난테크놀로지,402030,5,OK,,[기재정정]단일판매ㆍ공급계약체결              (+5),,2026-09-01: 임원ㆍ주요주주특정증권등소유상황보고서 | 2026-08-31: [기재정정]단일판매ㆍ공급계약체결               | 2026-08-14: 반기보고서 (2026.06) | 2026-08-12: 주주명부폐쇄기간또는기준일설정               | 2026-08-12: 주주총회소집결의              (임시주주총회),5
네이블,153460,5,OK,,[기재정정]단일판매ㆍ공급계약체결              (+5),,2026-09-07: [기재정정]주식매수선택권부여에관한신고 | 2026-08-31: [기재정정]단일판매ㆍ공급계약체결               | 2026-08-13: 반기보고서 (2026.06),3
DXVX,180400,5,OK,,[기재정정]단일판매ㆍ공급계약체결              (+5),,2026-08-24: 주주명부폐쇄기간또는기준일설정               | 2026-08-24: 주주총회소집결의              (임시주주총회) | 2026-08-21: 주식등의대량보유상황보고서(일반) | 2026-08-21: 임원ㆍ주요주주특정증권등소유상황보고서 | 2026-08-21: [기재정정]임원ㆍ주요주주특정증권등소유상황보고서,9
DMS,068790,5,OK,,주식소각결정              (+5),,2026-08-31: 주식등의대량보유상황보고서(일반) | 2026-08-31: 자기주식취득결과보고서 | 2026-08-31: 임원ㆍ주요주주특정증권등소유상황보고서 | 2026-08-28: [기재정정]대표이사변경               | 2026-08-28: 임시주주총회결과              ,11
이녹스,088390,5,OK,,[기재정정]단일판매ㆍ공급계약체결(자회사의 주요경영사항)              (+5),,2026-08-28: [기재정정]단일판매ㆍ공급계약체결(자회사의 주요경영사항)               | 2026-08-14: 반기보고서 (2026.06) | 2026-08-13: 타인에대한채무보증결정(자회사의 주요경영사항)              ,3
휴메딕스,200670,5,OK,,주식소각결정              (+5),,2026-09-10: 주식소각결정               | 2026-09-09: 신탁계약해지결과보고서 | 2026-09-09: 신탁계약에의한취득상황보고서 | 2026-08-14: 기업설명회(IR)개최               | 2026-08-14: 반기보고서 (2026.06),7
코어라인소프트,384470,5,OK,,주식소각결정              (+5),,2026-08-21: 주식소각결정               | 2026-08-14: 반기보고서 (2026.06),2
일신석재,007110,5,OK,,단일판매ㆍ공급계약체결              (+5),,2026-09-02: 단일판매ㆍ공급계약체결               | 2026-08-26: 임원ㆍ주요주주특정증권등소유상황보고서 | 2026-08-25: 임원ㆍ주요주주특정증권등소유상황보고서 | 2026-08-25: 임원ㆍ주요주주특정증권등소유상황보고서 | 2026-08-20: 임시주주총회결과              ,6
진양화학,051630,5,OK,,주요사항보고서(자기주식취득결정)(+5),,2026-09-04: 주식등의대량보유상황보고서(일반) | 2026-09-04: 임원ㆍ주요주주특정증권등소유상황보고서 | 2026-09-04: 최대주주등소유주식변동신고서               | 2026-09-04: 임원ㆍ주요주주특정증권등소유상황보고서 | 2026-09-03: 최대주주등소유주식변동신고서              ,19
PN풍년,024940,5,OK,,주요사항보고서(자기주식취득결정)(+5),,2026-09-10: 주요사항보고서(자기주식취득결정) | 2026-08-14: 반기보고서 (2026.06),2
이건홀딩스,039020,5,OK,,[기재정정]단일판매ㆍ공급계약체결(자회사의 주요경영사항)              (+5),,2026-09-10: [기재정정]단일판매ㆍ공급계약체결(자회사의 주요경영사항)               | 2026-08-24: 투자판단관련주요경영사항(자회사의 주요경영사항)               | 2026-08-24: 주요사항보고서(자기주식취득신탁계약체결결정)(자회사의 주요경영사항)               | 2026-08-14: 반기보고서 (2026.06),4
빅텍,065450,5,OK,,[기재정정]단일판매ㆍ공급계약체결              (+5),,2026-09-10: [기재정정]단일판매ㆍ공급계약체결               | 2026-08-14: 반기보고서 (2026.06),2
엑시콘,092870,5,OK,,[기재정정]단일판매ㆍ공급계약체결              (+5),,2026-09-04: [기재정정]단일판매ㆍ공급계약체결               | 2026-08-14: 반기보고서 (2026.06),2
리튬포어스,073570,5,OK,,주식소각결정              (+5),,2026-09-03: 주식소각결정               | 2026-09-03: [기재정정]주주총회소집결의              (임시주주총회) | 2026-08-14: 반기보고서 (2026.06),3
크린앤사이언스,045520,5,OK,,주요사항보고서(자기주식취득결정)(+5),,2026-09-07: 주요사항보고서(자기주식취득결정) | 2026-08-19: 임원ㆍ주요주주특정증권등거래계획보고서 | 2026-08-14: 주식등의대량보유상황보고서(일반) | 2026-08-14: 임원ㆍ주요주주특정증권등소유상황보고서 | 2026-08-14: 임원ㆍ주요주주특정증권등소유상황보고서,9
동신건설,025950,5,OK,,[기재정정]단일판매ㆍ공급계약체결              (+5),,2026-08-21: [기재정정]단일판매ㆍ공급계약체결               | 2026-08-14: 반기보고서 (2026.06) | 2026-08-12: [기재정정]사업보고서 (2024.12) | 2026-08-12: [기재정정]사업보고서 (2025.12) | 2026-08-12: [기재정정]분기보고서 (2026.03),5
에프알텍,073540,5,OK,,단일판매ㆍ공급계약체결              (+5),,2026-08-14: 반기보고서 (2026.06) | 2026-08-14: 단일판매ㆍ공급계약체결               | 2026-08-14: 임원ㆍ주요주주특정증권등소유상황보고서,3
미스토홀딩스,081660,5,OK,,주요사항보고서(자기주식취득결정)(+5),,2026-09-07: 기업설명회(IR)개최(안내공시)               | 2026-08-14: 반기보고서 (2026.06) | 2026-08-12: 주요사항보고서(자기주식취득결정) | 2026-08-11: 기업설명회(IR)개최(안내공시)               | 2026-08-11: 자기주식취득결과보고서,5
S-Oil,010950,5,OK,,단일판매ㆍ공급계약체결              (+5),,2026-09-10: 단일판매ㆍ공급계약체결               | 2026-08-28: 대규모기업집단현황공시[분기별공시(대표회사용)] | 2026-08-26: 임원ㆍ주요주주특정증권등소유상황보고서 | 2026-08-26: 임원ㆍ주요주주특정증권등소유상황보고서 | 2026-08-14: 반기보고서 (2026.06),7
다우기술,023590,5,OK,,단일판매ㆍ공급계약체결              (+5),,2026-09-10: 단일판매ㆍ공급계약체결               | 2026-08-28: 대규모기업집단현황공시[분기별공시(개별회사용)] | 2026-08-19: 주식등의대량보유상황보고서(일반) | 2026-08-14: 반기보고서 (2026.06) | 2026-08-12: 지급수단별ㆍ지급기간별지급금액및분쟁조정기구에관한사항,7
넵튠,217270,5,OK,,주식소각결정              (+5),,2026-09-09: 기업설명회(IR)개최               | 2026-08-28: 대규모기업집단현황공시[분기별공시(개별회사용)] | 2026-08-14: 반기보고서 (2026.06) | 2026-08-13: 지급수단별ㆍ지급기간별지급금액및분쟁조정기구에관한사항 | 2026-08-13: [기재정정]주식매수선택권부여에관한신고,7
에스폴리텍,050760,5,OK,,주요사항보고서(자기주식취득결정)(+5),,2026-08-14: 반기보고서 (2026.06) | 2026-08-13: 주요사항보고서(자기주식취득결정),2
계룡건설산업,013580,5,OK,,단일판매ㆍ공급계약체결              (+5),,2026-08-14: 반기보고서 (2026.06) | 2026-08-12: 단일판매ㆍ공급계약체결              ,2
아이쓰리시스템,214430,5,OK,,[기재정정]단일판매ㆍ공급계약체결              (+5),,2026-08-28: [기재정정]단일판매ㆍ공급계약체결               | 2026-08-13: 반기보고서 (2026.06),2
신도기연,290520,5,OK,,단일판매ㆍ공급계약체결              (+5),,2026-08-24: 단일판매ㆍ공급계약체결               | 2026-08-14: 반기보고서 (2026.06),2
웨이브일렉트로,095270,5,OK,,[기재정정]단일판매ㆍ공급계약체결              (+5),,2026-08-20: 주식등의대량보유상황보고서(일반) | 2026-08-18: [기재정정]단일판매ㆍ공급계약체결               | 2026-08-14: 반기보고서 (2026.06) | 2026-08-14: [기재정정]사업보고서 (2025.12),4
데이원컴퍼니,373160,5,OK,,주식소각결정              (+5),,2026-09-03: 주식소각결정               | 2026-09-03: 주요사항보고서(자기주식취득신탁계약해지결정) | 2026-09-03: 신탁계약해지결과보고서 | 2026-08-14: 반기보고서 (2026.06),4
제노코,361390,5,OK,,[기재정정]단일판매ㆍ공급계약체결(자율공시)              (+5),,2026-09-09: 의결권대리행사권유참고서류 | 2026-09-09: 주주총회소집공고 | 2026-08-26: [기재정정]단일판매ㆍ공급계약체결(자율공시)               | 2026-08-14: 반기보고서 (2026.06) | 2026-08-13: 주주총회소집결의              (임시주주총회),6
삼성전기,009150,5,OK,,단일판매ㆍ공급계약체결              (+5),,2026-09-07: 최대주주등소유주식변동신고서               | 2026-09-04: 임원ㆍ주요주주특정증권등소유상황보고서 | 2026-09-01: 단일판매ㆍ공급계약체결               | 2026-08-31: 대규모기업집단현황공시[분기별공시(개별회사용)] | 2026-08-14: 반기보고서 (2026.06),7
웰크론한텍,076080,5,OK,,[기재정정]단일판매ㆍ공급계약체결              (+5),,2026-09-08: [기재정정]단일판매ㆍ공급계약체결               | 2026-09-07: 임원ㆍ주요주주특정증권등소유상황보고서 | 2026-08-26: 주식등의대량보유상황보고서(일반) | 2026-08-26: 임원ㆍ주요주주특정증권등소유상황보고서 | 2026-08-26: 임원ㆍ주요주주특정증권등소유상황보고서,11
우양에이치씨,101970,5,OK,,단일판매ㆍ공급계약체결              (+5),,2026-08-31: 단일판매ㆍ공급계약체결               | 2026-08-18: 기업설명회(IR)개최               | 2026-08-14: 반기보고서 (2026.06),3
알톤,123750,5,OK,,[기재정정]단일판매ㆍ공급계약체결              (+5),,2026-08-28: [기재정정]단일판매ㆍ공급계약체결               | 2026-08-14: 반기보고서 (2026.06),2
뱅크웨어글로벌,199480,5,OK,,단일판매ㆍ공급계약체결              (+5),,2026-08-28: [기재정정]사업보고서 (2025.12) | 2026-08-14: 반기보고서 (2026.06) | 2026-08-13: 주식등의대량보유상황보고서(일반) | 2026-08-11: 단일판매ㆍ공급계약체결              ,4
한양이엔지,045100,5,OK,,단일판매ㆍ공급계약체결              (+5),,2026-09-08: 주식등의대량보유상황보고서(약식) | 2026-09-07: 단일판매ㆍ공급계약체결               | 2026-08-13: 반기보고서 (2026.06),3
KC코트렐,119650,5,OK,,[기재정정]단일판매ㆍ공급계약체결(자율공시)              (+5),,2026-08-21: [기재정정]단일판매ㆍ공급계약체결(자율공시)               | 2026-08-14: 반기보고서 (2026.06),2
스트라드비젼,475040,5,OK,,단일판매ㆍ공급계약체결              (+5),,2026-08-26: 기업설명회(IR)개최               | 2026-08-25: 기업설명회(IR)개최               | 2026-08-25: 주주명부폐쇄기간또는기준일설정               | 2026-08-25: 주주총회소집결의              (임시주주총회) | 2026-08-25: 임원ㆍ주요주주특정증권등소유상황보고서,9
엘에스일렉트릭,010120,5,OK,,단일판매ㆍ공급계약체결              (+5),,2026-08-27: 약관에의한금융거래시계열금융회사의거래상대방의공시 | 2026-08-27: 특수관계인에대한출자 | 2026-08-27: 대규모기업집단현황공시[분기별공시(개별회사용)] | 2026-08-24: 단일판매ㆍ공급계약체결               | 2026-08-14: 지급수단별ㆍ지급기간별지급금액및분쟁조정기구에관한사항,7
에스비비테크,389500,5,OK,,단일판매ㆍ공급계약체결              (+5),,2026-08-24: 단일판매ㆍ공급계약체결               | 2026-08-14: 반기보고서 (2026.06),2
마크로젠,038290,5,OK,,[기재정정]단일판매ㆍ공급계약체결              (+5),,2026-09-10: [기재정정]단일판매ㆍ공급계약체결               | 2026-08-14: 반기보고서 (2026.06),2
씨에스윈드,112610,5,OK,,단일판매ㆍ공급계약체결              (+5),,2026-09-07: 기업설명회(IR)개최(안내공시)               | 2026-09-07: 단일판매ㆍ공급계약체결               | 2026-08-21: 주식등의대량보유상황보고서(일반) | 2026-08-18: 기업설명회(IR)개최(안내공시)               | 2026-08-18: 기업설명회(IR)개최(안내공시)              ,6
HD현대일렉트릭,267260,5,OK,,[기재정정]단일판매ㆍ공급계약체결              (+5),,2026-09-08: 독립이사의선임ㆍ해임또는중도퇴임에관한신고 | 2026-09-08: 임시주주총회결과               | 2026-08-27: 대규모기업집단현황공시[분기별공시(개별회사용)] | 2026-08-27: [기재정정]단일판매ㆍ공급계약체결               | 2026-08-14: 반기보고서 (2026.06),7
이노진,344860,5,OK,,주요사항보고서(자기주식취득결정)(+5),,2026-08-25: 임원ㆍ주요주주특정증권등소유상황보고서 | 2026-08-24: 임원ㆍ주요주주특정증권등소유상황보고서 | 2026-08-24: 주식등의대량보유상황보고서(일반) | 2026-08-18: 증권발행결과(자율공시)               | 2026-08-14: 반기보고서 (2026.06),9
사조오양,006090,5,OK,,주식소각결정              (+5),,2026-09-04: 최대주주등소유주식변동신고서               | 2026-09-04: 임원ㆍ주요주주특정증권등소유상황보고서 | 2026-09-04: 주식등의대량보유상황보고서(일반) | 2026-08-28: 대규모기업집단현황공시[분기별공시(개별회사용)] | 2026-08-19: 주식소각결정              ,7
토비스,051360,5,OK,,[기재정정]주식소각결정              (+5),,2026-09-03: 임원ㆍ주요주주특정증권등소유상황보고서 | 2026-09-03: 임원ㆍ주요주주특정증권등소유상황보고서 | 2026-09-03: 임원ㆍ주요주주특정증권등소유상황보고서 | 2026-09-03: 임원ㆍ주요주주특정증권등소유상황보고서 | 2026-08-20: [기재정정]주식소각결정              ,7
인텔리안테크,189300,5,OK,,[기재정정]단일판매ㆍ공급계약체결              (+5),,2026-08-31: [기재정정]단일판매ㆍ공급계약체결               | 2026-08-14: 반기보고서 (2026.06),2
엔시스,333620,5,OK,,[기재정정]단일판매ㆍ공급계약체결              (+5),,2026-08-24: [기재정정]단일판매ㆍ공급계약체결               | 2026-08-14: 반기보고서 (2026.06),2
유신,054930,5,OK,,[기재정정]단일판매ㆍ공급계약체결              (+5),,2026-08-31: [기재정정]단일판매ㆍ공급계약체결               | 2026-08-14: 반기보고서 (2026.06),2
SGC E&C,016250,5,OK,,[기재정정]단일판매ㆍ공급계약체결(자율공시)              (+5),,2026-08-28: 대규모기업집단현황공시[분기별공시(개별회사용)] | 2026-08-28: [기재정정]타인에대한채무보증결정               | 2026-08-20: 타인에대한채무보증결정               | 2026-08-14: [기재정정]단일판매ㆍ공급계약체결(자율공시)               | 2026-08-14: 반기보고서 (2026.06),6
와이씨,232140,5,OK,,단일판매ㆍ공급계약체결              (+5),,2026-09-08: 기업설명회(IR)개최               | 2026-08-27: 단일판매ㆍ공급계약체결               | 2026-08-14: 반기보고서 (2026.06),3
대한항공,003490,5,OK,,주식소각결정              (+5),,2026-09-10: [발행조건확정]증권신고서(채무증권) | 2026-09-10: [기재정정]증권신고서(채무증권) | 2026-09-04: 증권신고서(채무증권) | 2026-09-03: 소송등의제기ㆍ신청(자율공시:일정금액미만의청구)               | 2026-08-28: 대규모기업집단현황공시[분기별공시(개별회사용)],14
휴온스,243070,6,OK,,[기재정정]주요사항보고서(회사합병결정)(+3) | 연결재무제표기준영업(잠정)실적(공정공시)              (+3),,2026-08-26: 기타주요경영사항              (회사합병 결정 및 임시주주총회 소집결의 철회) | 2026-08-26: [기재정정]주주총회소집결의              (임시주주총회-철회) | 2026-08-26: [기재정정]주요사항보고서(회사합병결정) | 2026-08-24: 기업설명회(IR)개최               | 2026-08-14: 반기보고서 (2026.06),8
SNT모티브,064960,6,OK,,[첨부정정]주요사항보고서(회사합병결정)(+3) | 주요사항보고서(회사합병결정)(+3),,2026-09-04: [첨부정정]주요사항보고서(회사합병결정) | 2026-09-01: 주주명부폐쇄기간또는기준일설정               | 2026-09-01: 주요사항보고서(회사합병결정) | 2026-08-18: [기재정정]반기보고서 (2026.06) | 2026-08-12: 반기보고서 (2026.06),6
동원모빌리티,018500,6,OK,,영업(잠정)실적(공정공시)              (+3) | 연결재무제표기준영업(잠정)실적(공정공시)              (+3),,2026-09-10: 타인에대한채무보증결정               | 2026-09-07: 임원ㆍ주요주주특정증권등거래계획보고서 | 2026-08-14: 분기보고서 (2026.06) | 2026-08-11: 영업(잠정)실적(공정공시)               | 2026-08-11: 연결재무제표기준영업(잠정)실적(공정공시)              ,5
GKL,114090,6,OK,,영업(잠정)실적(공정공시)              (+3) | 연결재무제표기준영업(잠정)실적(공정공시)              (+3),,2026-09-03: 영업(잠정)실적(공정공시)               | 2026-08-14: 반기보고서 (2026.06) | 2026-08-11: 신규시설투자등               | 2026-08-11: 연결재무제표기준영업(잠정)실적(공정공시)               | 2026-08-11: 현금ㆍ현물배당을위한주주명부폐쇄(기준일)결정              ,6
휴비츠,065510,6,OK,,[첨부정정]주요사항보고서(회사합병결정)(+3) | 주요사항보고서(회사합병결정)(+3),,2026-09-08: 신탁계약에의한취득상황보고서 | 2026-08-26: [첨부정정]주요사항보고서(회사합병결정) | 2026-08-24: 주주명부폐쇄기간또는기준일설정               | 2026-08-24: 주요사항보고서(회사합병결정) | 2026-08-14: 반기보고서 (2026.06),5
아하,102950,6,OK,,[기재정정]주요사항보고서(회사합병결정)(+3) | [첨부추가]주요사항보고서(회사합병결정)(+3),,2026-08-21: [기재정정]주요사항보고서(회사합병결정) | 2026-08-13: [첨부추가]주요사항보고서(회사합병결정) | 2026-08-13: [첨부추가]주주명부폐쇄기간또는기준일설정              ,3
메타랩스,090370,6,OK,,[기재정정]회사합병결정(종속회사의주요경영사항)              (+3) | [기재정정]주요사항보고서(회사합병결정)(+3),,2026-08-28: [기재정정]회사합병결정(종속회사의주요경영사항)               | 2026-08-28: [기재정정]주요사항보고서(회사합병결정) | 2026-08-13: 반기보고서 (2026.06),3
케이티,030200,6,OK,,연결재무제표기준영업(잠정)실적(공정공시)              (+3) | 영업(잠정)실적(공정공시)              (+3),,2026-09-09: 신탁계약해지결과보고서 | 2026-09-09: 주요사항보고서(자기주식취득신탁계약해지결정) | 2026-08-26: 대규모기업집단현황공시[분기별공시(대표회사용)] | 2026-08-14: 반기보고서 (2026.06) | 2026-08-13: 지급수단별ㆍ지급기간별지급금액및분쟁조정기구에관한사항,8
KX,122450,6,OK,,[기재정정]주요사항보고서(회사합병결정)(+3) | [기재정정]회사합병결정(종속회사의주요경영사항)              (+3),,2026-08-21: [기재정정]주요사항보고서(회사합병결정) | 2026-08-21: [기재정정]회사합병결정(종속회사의주요경영사항)               | 2026-08-14: 반기보고서 (2026.06),3
한국콜마,161890,6,OK,,연결재무제표기준영업(잠정)실적(공정공시)              (+3) | 영업(잠정)실적(공정공시)              (+3),,2026-09-10: 기업설명회(IR)개최(안내공시)               | 2026-09-09: 기업설명회(IR)개최(안내공시)               | 2026-09-08: 기업설명회(IR)개최(안내공시)               | 2026-09-07: 기업설명회(IR)개최(안내공시)               | 2026-09-01: 기업설명회(IR)개최(안내공시)              ,19
더블유게임즈,192080,6,OK,,연결재무제표기준영업(잠정)실적(공정공시)              (+3) | 영업(잠정)실적(공정공시)              (+3),,2026-08-14: 반기보고서 (2026.06) | 2026-08-14: 기업설명회(IR)개최(안내공시)               | 2026-08-12: 연결재무제표기준영업(잠정)실적(공정공시)               | 2026-08-12: 영업(잠정)실적(공정공시)              ,4
NHN,181710,6,OK,,연결재무제표기준영업(잠정)실적(공정공시)              (+3) | 영업(잠정)실적(공정공시)              (+3),,2026-09-08: 기업설명회(IR)개최(안내공시)               | 2026-09-01: 임원ㆍ주요주주특정증권등소유상황보고서 | 2026-08-28: 투자판단관련주요경영사항               | 2026-08-28: 타인에대한채무보증결정               | 2026-08-28: 타인에대한채무보증결정              ,12
BGF에코머티리얼즈,126600,6,OK,,[첨부정정]주요사항보고서(회사합병결정)(+3) | 주요사항보고서(회사합병결정)(+3),,2026-09-08: [첨부정정]주요사항보고서(회사합병결정) | 2026-09-01: 주요사항보고서(회사합병결정) | 2026-08-27: 대규모기업집단현황공시[분기별공시(개별회사용)] | 2026-08-19: 타법인주식및출자증권취득결정               | 2026-08-14: 반기보고서 (2026.06),6
SJG세종,033530,6,OK,,[첨부정정]주요사항보고서(회사합병결정)(+3) | 주요사항보고서(회사합병결정)(+3),,2026-09-10: [기재정정]타인에대한채무보증결정               | 2026-08-24: [첨부정정]주요사항보고서(회사합병결정) | 2026-08-19: 주주명부폐쇄기간또는기준일설정               | 2026-08-19: 주요사항보고서(회사합병결정) | 2026-08-14: 반기보고서 (2026.06),5
BGF,027410,6,OK,,[첨부정정]주요사항보고서(회사합병결정)(자회사의 주요경영사항)              (소규모합병)(+3) | 주요사항보고서(회사합병결정)(자회사의 주요경영사항)              (소규모합병)(+3),,2026-09-10: 주식등의대량보유상황보고서(일반) | 2026-09-08: [첨부정정]주요사항보고서(회사합병결정)(자회사의 주요경영사항)              (소규모합병) | 2026-09-01: 주요사항보고서(회사합병결정)(자회사의 주요경영사항)              (소규모합병) | 2026-08-28: 주식등의대량보유상황보고서(일반) | 2026-08-26: 대규모기업집단현황공시[분기별공시(대표회사용)],8
SK이노베이션,096770,6,OK,,[기재정정]주요사항보고서(회사합병결정)(+3) | 주요사항보고서(회사합병결정)(+3),,2026-09-10: 동일인등출자계열회사와의상품ㆍ용역거래 | 2026-09-09: 기업설명회(IR)개최(안내공시)               | 2026-09-09: [기재정정]기업설명회(IR)개최(안내공시)               | 2026-09-04: 정정신고서제출요구( 2026.08.26. 제출 증권신고서(합병) ) | 2026-09-02: 기타안내사항(안내공시)              ,22
동원산업,006040,6,OK,,영업(잠정)실적(공정공시)              (+3) | 연결재무제표기준영업(잠정)실적(공정공시)              (+3),,2026-09-07: [기재정정]현금ㆍ현물배당결정               | 2026-09-02: [기재정정]타인에대한채무보증결정               | 2026-08-28: 대규모기업집단현황공시[분기별공시(대표회사용)] | 2026-08-24: [기재정정]타인에대한채무보증결정               | 2026-08-18: [기재정정]현금ㆍ현물배당을위한주주명부폐쇄(기준일)결정              ,13
엘앤씨바이오,290650,6,OK,,연결재무제표기준영업(잠정)실적(공정공시)              (+3) | 영업(잠정)실적(공정공시)              (+3),,2026-09-10: 주식등의대량보유상황보고서(약식) | 2026-09-09: 주식등의대량보유상황보고서(일반) | 2026-09-02: 권리락              (유상증자) | 2026-09-02: 투자설명서 | 2026-09-02: [발행조건확정]증권신고서(지분증권),16
NHN KCP,060250,6,OK,,영업(잠정)실적(공정공시)              (+3) | 연결재무제표기준영업(잠정)실적(공정공시)              (+3),,2026-08-31: 타인에대한채무보증결정               | 2026-08-14: 반기보고서 (2026.06) | 2026-08-11: 영업(잠정)실적(공정공시)               | 2026-08-11: 연결재무제표기준영업(잠정)실적(공정공시)              ,4
에이피알,278470,6,OK,,회사합병결정(종속회사의주요경영사항)              (+3) | 주요사항보고서(회사합병결정)(+3),,2026-09-09: 주주명부폐쇄기간또는기준일설정               | 2026-09-09: 회사합병결정(종속회사의주요경영사항)               | 2026-09-09: 주요사항보고서(회사합병결정) | 2026-08-27: 기업설명회(IR)개최(안내공시)               | 2026-08-14: 반기보고서 (2026.06),5
미래에셋생명,085620,6,OK,,연결재무제표기준영업(잠정)실적(공정공시)              (+3) | 영업(잠정)실적(공정공시)              (+3),,2026-09-09: 임원ㆍ주요주주특정증권등소유상황보고서 | 2026-09-03: 최대주주등소유주식변동신고서               | 2026-08-31: 대규모기업집단현황공시[분기별공시(개별회사용)] | 2026-08-31: [기재정정]반기보고서 (2026.06) | 2026-08-27: 최대주주등소유주식변동신고서              ,10
케이아이엔엑스,093320,6,OK,,영업(잠정)실적(공정공시)              (+3) | 연결재무제표기준영업(잠정)실적(공정공시)              (+3),,2026-08-21: 영업실적등에대한전망(공정공시)               | 2026-08-14: 반기보고서 (2026.06) | 2026-08-12: 영업(잠정)실적(공정공시)               | 2026-08-12: 연결재무제표기준영업(잠정)실적(공정공시)              ,4
가비아,079940,6,OK,,연결재무제표기준영업(잠정)실적(공정공시)              (+3) | 영업(잠정)실적(공정공시)              (+3),,2026-09-03: [첨부정정]공개매수신고서 | 2026-09-02: 의결권대리행사권유참고서류 | 2026-09-02: [기재정정]공개매수설명서 | 2026-09-02: [기재정정]공개매수신고서 | 2026-08-28: 주주명부폐쇄기간또는기준일설정              ,17
한화생명,088350,6,OK,,연결재무제표기준영업(잠정)실적(공정공시)              (+3) | 영업(잠정)실적(공정공시)              (+3),,2026-09-10: 기업설명회(IR)개최(안내공시)               | 2026-09-09: 기타경영사항(자율공시)               | 2026-08-31: [기재정정]반기보고서 (2026.06) | 2026-08-31: 대규모기업집단현황공시[분기별공시(개별회사용)] | 2026-08-13: 반기보고서 (2026.06),7
SK오션플랜트,100090,8,OK,,단일판매ㆍ공급계약체결              (+5) | 연결재무제표기준영업(잠정)실적(공정공시)              (+3),,2026-09-07: 주식등의대량보유상황보고서(일반) | 2026-09-03: 주식등의대량보유상황보고서(일반) | 2026-08-31: 주식등의대량보유상황보고서(일반) | 2026-08-31: [기재정정]투자판단관련주요경영사항               | 2026-08-31: 단일판매ㆍ공급계약체결              ,11
DS단석,017860,8,OK,,[기재정정]연결재무제표기준영업(잠정)실적(공정공시)              (+3) | 주식소각결정              (+5),,2026-08-31: 기업설명회(IR)개최(안내공시)               | 2026-08-14: 반기보고서 (2026.06) | 2026-08-14: [기재정정]연결재무제표기준영업(잠정)실적(공정공시)               | 2026-08-12: 주식소각결정              ,4
현대자동차,005380,8,OK,,영업(잠정)실적(공정공시)              (+3) | 주식소각결정              (+5),,2026-09-03: 기업설명회(IR)개최(안내공시)               | 2026-09-03: 기업설명회(IR)개최(안내공시)               | 2026-09-02: 생산재개(자율공시)               | 2026-09-01: 영업(잠정)실적(공정공시)               | 2026-08-28: 대규모기업집단현황공시[분기별공시(대표회사용)],15
휴맥스홀딩스,028080,8,OK,,[기재정정]주요사항보고서(회사합병결정)(+3) | 주식소각결정              (+5),,2026-08-28: 임시주주총회결과               | 2026-08-14: 파생상품거래손실발생               | 2026-08-14: 반기보고서 (2026.06) | 2026-08-11: [기재정정]의결권대리행사권유참고서류 | 2026-08-11: [기재정정]주주총회소집공고,7
NC,036570,8,OK,,[기재정정]단일판매ㆍ공급계약체결              (+5) | 연결재무제표기준영업(잠정)실적(공정공시)              (+3),,2026-09-03: 기업설명회(IR)개최(안내공시)               | 2026-08-14: 반기보고서 (2026.06) | 2026-08-12: [기재정정]단일판매ㆍ공급계약체결               | 2026-08-11: 금전대여결정               | 2026-08-11: 연결재무제표기준영업(잠정)실적(공정공시)              ,5
아스플로,159010,8,OK,,유형자산취득결정(종속회사의주요경영사항)              (+3) | 단일판매ㆍ공급계약체결              (+5),,2026-09-10: 단기차입금증가결정               | 2026-09-10: 주주총회소집공고 | 2026-09-08: 유형자산취득결정(종속회사의주요경영사항)               | 2026-08-25: 단일판매ㆍ공급계약체결               | 2026-08-24: [첨부정정]주주총회소집결의              (임시주주총회),12
HD현대중공업,329180,8,OK,,영업(잠정)실적(공정공시)              (+3) | 단일판매ㆍ공급계약체결              (+5),,2026-09-10: 신규시설투자등(자율공시)               | 2026-09-10: 신규시설투자등               | 2026-09-08: 주식등의대량보유상황보고서(약식) | 2026-08-31: 중대재해발생               | 2026-08-28: 대규모기업집단현황공시[분기별공시(개별회사용)],11
태광,023160,8,OK,,주식소각결정              (+5) | 연결재무제표기준영업(잠정)실적(공정공시)              (+3),,2026-09-10: 주식소각결정               | 2026-09-01: 기업설명회(IR)개최               | 2026-09-01: 기업설명회(IR)개최               | 2026-08-14: 반기보고서 (2026.06) | 2026-08-12: 기업설명회(IR)개최              ,7
신세계,004170,9,OK,,영업(잠정)실적(공정공시)              (+3) | 영업(잠정)실적(공정공시)              (+3) | 연결재무제표기준영업(잠정)실적(공정공시)              (+3),,2026-09-09: 영업(잠정)실적(공정공시)               | 2026-08-31: 주식등의대량보유상황보고서(일반) | 2026-08-31: 대규모기업집단현황공시[분기별공시(대표회사용)] | 2026-08-26: 기업설명회(IR)개최(안내공시)               | 2026-08-21: 기업설명회(IR)개최(안내공시)              ,13
광주신세계,037710,9,OK,,영업(잠정)실적(공정공시)              (+3) | 영업(잠정)실적(공정공시)              (+3) | 영업(잠정)실적(공정공시)              (+3),,2026-09-09: 영업(잠정)실적(공정공시)               | 2026-08-31: 대규모기업집단현황공시[분기별공시(개별회사용)] | 2026-08-14: 반기보고서 (2026.06) | 2026-08-14: 현금ㆍ현물배당결정               | 2026-08-14: 현금ㆍ현물배당을위한주주명부폐쇄(기준일)결정              ,7
SK가스,018670,9,OK,,[첨부정정]주요사항보고서(회사합병결정)(+3) | 회사합병결정(종속회사의주요경영사항)              (+3) | 주요사항보고서(회사합병결정)(+3),,2026-08-27: 대규모기업집단현황공시[분기별공시(개별회사용)] | 2026-08-27: [첨부정정]주요사항보고서(회사합병결정) | 2026-08-26: 투자판단관련주요경영사항               | 2026-08-26: 주주명부폐쇄기간또는기준일설정               | 2026-08-26: 회사합병결정(종속회사의주요경영사항)              ,15
메리츠금융지주,138040,9,OK,,연결재무제표기준영업(잠정)실적(공정공시)              (+3) | 영업(잠정)실적(공정공시)(자회사의 주요경영사항)              (+3) | 연결재무제표기준영업(잠정)실적(공정공시)(자회사의 주요경영사항)              (+3),,2026-09-04: 최대주주등소유주식변동신고서               | 2026-09-04: 주식등의대량보유상황보고서(일반) | 2026-08-28: 임원ㆍ주요주주특정증권등소유상황보고서 | 2026-08-28: 임원ㆍ주요주주특정증권등소유상황보고서 | 2026-08-28: 주요사항보고서(자기주식취득신탁계약체결결정),12
씨이랩,189330,10,OK,,단일판매ㆍ공급계약체결              (+5) | 단일판매ㆍ공급계약체결              (+5),,2026-09-03: 기업설명회(IR)개최               | 2026-09-03: 기업설명회(IR)개최               | 2026-08-26: 단일판매ㆍ공급계약체결               | 2026-08-20: 단일판매ㆍ공급계약체결               | 2026-08-13: 기업설명회(IR)개최              ,6
한진중공업홀딩스,003480,10,OK,,단일판매ㆍ공급계약체결(자회사의 주요경영사항)              (+5) | 단일판매ㆍ공급계약체결(자회사의 주요경영사항)              (+5),,2026-08-20: 단일판매ㆍ공급계약체결(자회사의 주요경영사항)               | 2026-08-20: 단일판매ㆍ공급계약체결(자회사의 주요경영사항)               | 2026-08-14: 반기보고서 (2026.06),3
일진파워,094820,10,OK,,[기재정정]단일판매ㆍ공급계약체결(자율공시)              (+5) | 단일판매ㆍ공급계약체결(자율공시)              (+5),,2026-09-02: [기재정정]단일판매ㆍ공급계약체결(자율공시)               | 2026-08-26: 단일판매ㆍ공급계약체결(자율공시)               | 2026-08-21: [기재정정]타법인주식및출자증권취득결정               | 2026-08-18: 타법인주식및출자증권취득결정               | 2026-08-14: 반기보고서 (2026.06),5
우리기술,032820,10,OK,,[기재정정]단일판매ㆍ공급계약체결              (+5) | 단일판매ㆍ공급계약체결(자율공시)              (+5),,2026-08-21: [기재정정]단일판매ㆍ공급계약체결               | 2026-08-20: 단일판매ㆍ공급계약체결(자율공시)               | 2026-08-14: 반기보고서 (2026.06) | 2026-08-13: 증권발행결과(자율공시)               | 2026-08-11: 주식등의대량보유상황보고서(약식),5
CG인바이츠,083790,10,OK,,[기재정정]단일판매ㆍ공급계약체결              (+5) | [기재정정]단일판매ㆍ공급계약체결              (+5),,2026-09-10: [기재정정]단일판매ㆍ공급계약체결               | 2026-09-07: [기재정정]단일판매ㆍ공급계약체결               | 2026-09-02: 타인에대한담보제공결정               | 2026-09-01: 주식등의대량보유상황보고서(일반) | 2026-08-14: 주주명부폐쇄기간또는기준일설정              ,6
씨케이솔루션,480370,10,OK,,[기재정정]단일판매ㆍ공급계약체결              (+5) | 단일판매ㆍ공급계약체결              (+5),,2026-08-31: [기재정정]단일판매ㆍ공급계약체결               | 2026-08-14: 반기보고서 (2026.06) | 2026-08-13: 단일판매ㆍ공급계약체결              ,3
쎄노텍,222420,10,OK,,[기재정정]주요사항보고서(자기주식취득결정)(+5) | 주요사항보고서(자기주식취득결정)(+5),,2026-09-09: [기재정정]주요사항보고서(자기주식취득결정) | 2026-09-09: 주요사항보고서(자기주식취득결정) | 2026-08-28: 전환사채(해외전환사채포함)발행후만기전사채취득               | 2026-08-18: 임원ㆍ주요주주특정증권등소유상황보고서 | 2026-08-18: 임원ㆍ주요주주특정증권등소유상황보고서,6
씨엔플러스,115530,10,OK,,[기재정정]단일판매ㆍ공급계약체결              (+5) | 단일판매ㆍ공급계약체결(자율공시)              (+5),,2026-08-31: [기재정정]단일판매ㆍ공급계약체결               | 2026-08-21: [기재정정]사업보고서 (2025.12) | 2026-08-14: 반기보고서 (2026.06) | 2026-08-11: 단일판매ㆍ공급계약체결(자율공시)              ,4
특수건설,026150,10,OK,,[기재정정]단일판매ㆍ공급계약체결              (+5) | [기재정정]단일판매ㆍ공급계약체결              (+5),,2026-09-10: 주식등의대량보유상황보고서(약식) | 2026-09-10: [기재정정]단일판매ㆍ공급계약체결               | 2026-09-09: [기재정정]단일판매ㆍ공급계약체결               | 2026-08-31: 전환사채(해외전환사채포함)발행후만기전사채취득               | 2026-08-25: [기재정정]기타경영사항(자율공시)              (제5회 무기명식 이권부 무보증 사모 전환사채 소각 결정의 건),7
삼성중공업,010140,10,OK,,[기재정정]단일판매ㆍ공급계약체결              (+5) | 단일판매ㆍ공급계약체결              (+5),,2026-09-10: 최대주주등소유주식변동신고서               | 2026-08-31: [기재정정]단일판매ㆍ공급계약체결               | 2026-08-31: 대규모기업집단현황공시[분기별공시(개별회사용)] | 2026-08-31: 단일판매ㆍ공급계약체결               | 2026-08-28: 기타경영사항(자율공시)              ,8
기가비스,420770,10,OK,,단일판매ㆍ공급계약체결              (+5) | 단일판매ㆍ공급계약체결              (+5),,2026-08-19: 단일판매ㆍ공급계약체결               | 2026-08-14: 반기보고서 (2026.06) | 2026-08-13: 본점소재지변경               | 2026-08-11: 단일판매ㆍ공급계약체결              ,4
한진칼,180640,10,OK,,주식소각결정              (+5) | 주식소각결정(자회사의 주요경영사항)              (+5),,2026-08-28: [기재정정]타법인주식및출자증권취득결정(자회사의 주요경영사항)               | 2026-08-28: 대규모기업집단현황공시[분기별공시(대표회사용)] | 2026-08-21: 기타경영사항(자율공시)               | 2026-08-14: 반기보고서 (2026.06) | 2026-08-13: 주식소각결정              ,10
노타,486990,10,OK,,단일판매ㆍ공급계약체결              (+5) | 단일판매ㆍ공급계약체결              (+5),,2026-08-25: 단일판매ㆍ공급계약체결               | 2026-08-14: 반기보고서 (2026.06) | 2026-08-13: 단일판매ㆍ공급계약체결              ,3
파이버프로,368770,10,OK,,[기재정정]단일판매ㆍ공급계약체결              (+5) | 단일판매ㆍ공급계약체결              (+5),,2026-09-01: [기재정정]단일판매ㆍ공급계약체결               | 2026-08-31: 단일판매ㆍ공급계약체결               | 2026-08-13: 반기보고서 (2026.06),3
KPX홀딩스,092230,10,OK,,주식소각결정(자회사의 주요경영사항)              (+5) | 주식소각결정              (+5),,2026-08-28: 주식소각결정(자회사의 주요경영사항)               | 2026-08-28: 주식소각결정               | 2026-08-19: 최대주주등소유주식변동신고서               | 2026-08-14: 반기보고서 (2026.06),4
SK스퀘어,402340,10,OK,,주식소각결정(자회사의 주요경영사항)              (+5) | 주요사항보고서(자기주식취득결정)(자회사의 주요경영사항)              (+5),,2026-08-27: 대규모기업집단현황공시[분기별공시(개별회사용)] | 2026-08-19: 주식소각결정(자회사의 주요경영사항)               | 2026-08-19: 주요사항보고서(자기주식취득결정)(자회사의 주요경영사항)               | 2026-08-14: 파생상품거래손실발생(자회사의 주요경영사항)               | 2026-08-14: [기재정정]반기보고서 (2026.06),8
삼일씨엔에스,004440,10,OK,,[기재정정]단일판매ㆍ공급계약체결              (+5) | [기재정정]단일판매ㆍ공급계약체결              (+5),,2026-08-28: [기재정정]단일판매ㆍ공급계약체결               | 2026-08-13: 반기보고서 (2026.06) | 2026-08-12: [기재정정]단일판매ㆍ공급계약체결              ,3
KCC건설,021320,10,OK,,[기재정정]단일판매ㆍ공급계약체결(자율공시)              (+5) | [기재정정]단일판매ㆍ공급계약체결(자율공시)              (+5),,2026-09-01: [기재정정]단일판매ㆍ공급계약체결(자율공시)               | 2026-08-31: 대규모기업집단현황공시[분기별공시(개별회사용)] | 2026-08-28: [기재정정]중대재해발생               | 2026-08-13: 반기보고서 (2026.06) | 2026-08-12: [기재정정]중대재해발생              ,7
성광벤드,014620,10,OK,,[기재정정]단일판매ㆍ공급계약체결              (+5) | 단일판매ㆍ공급계약체결              (+5),,2026-08-24: [기재정정]단일판매ㆍ공급계약체결               | 2026-08-21: 단일판매ㆍ공급계약체결               | 2026-08-14: 반기보고서 (2026.06) | 2026-08-14: 기업설명회(IR)개최               | 2026-08-14: 기업설명회(IR)개최              ,5
글로본,019660,10,OK,,[기재정정]단일판매ㆍ공급계약체결              (+5) | 단일판매ㆍ공급계약체결              (+5),,2026-09-10: 주식등의대량보유상황보고서(약식) | 2026-08-25: [기재정정]단일판매ㆍ공급계약체결               | 2026-08-24: 단일판매ㆍ공급계약체결               | 2026-08-14: 반기보고서 (2026.06),4
예스티,122640,10,OK,,단일판매ㆍ공급계약체결              (+5) | [기재정정]단일판매ㆍ공급계약체결              (+5),,2026-08-25: 단일판매ㆍ공급계약체결               | 2026-08-14: 반기보고서 (2026.06) | 2026-08-12: [기재정정]단일판매ㆍ공급계약체결              ,3
SHD,001770,10,OK,,[기재정정]주요사항보고서(자기주식취득결정)(+5) | 주요사항보고서(자기주식취득결정)(+5),,2026-09-08: 투자유의안내              (시가총액요건 미달로 인한 상장폐지 우려 예고) | 2026-08-14: 반기보고서 (2026.06) | 2026-08-13: [기재정정]주요사항보고서(자기주식취득결정) | 2026-08-13: 주요사항보고서(자기주식취득결정),4
에스지헬스케어,398120,10,OK,,[기재정정]단일판매ㆍ공급계약체결              (+5) | [기재정정]단일판매ㆍ공급계약체결              (+5),,2026-08-31: 반기보고서 (2026.06) | 2026-08-26: [기재정정]단일판매ㆍ공급계약체결               | 2026-08-26: [기재정정]단일판매ㆍ공급계약체결              ,3
인지컨트롤스,023800,10,OK,,단일판매ㆍ공급계약체결              (+5) | 단일판매ㆍ공급계약체결              (+5),,2026-08-25: [기재정정]타인에대한채무보증결정               | 2026-08-25: [기재정정]타인에대한채무보증결정               | 2026-08-21: 단일판매ㆍ공급계약체결               | 2026-08-21: 타법인주식및출자증권취득결정               | 2026-08-21: 금전대여결정              ,8
지에프아이,493330,10,OK,,[기재정정]단일판매ㆍ공급계약체결              (+5) | 단일판매ㆍ공급계약체결              (+5),,2026-09-10: 임원ㆍ주요주주특정증권등소유상황보고서 | 2026-09-10: 주식등의대량보유상황보고서(약식) | 2026-09-02: [기재정정]주식등의대량보유상황보고서(약식) | 2026-09-02: [기재정정]임원ㆍ주요주주특정증권등소유상황보고서 | 2026-09-02: [기재정정]주식등의대량보유상황보고서(약식),9
코윈테크,282880,10,OK,,단일판매ㆍ공급계약체결(자율공시)              (+5) | [기재정정]단일판매ㆍ공급계약체결              (+5),,2026-09-01: 상호변경안내               | 2026-09-01: 임시주주총회결과               | 2026-08-27: 단일판매ㆍ공급계약체결(자율공시)               | 2026-08-20: [기재정정]단일판매ㆍ공급계약체결               | 2026-08-14: 반기보고서 (2026.06),7
에코프로에이치엔,383310,10,OK,,단일판매ㆍ공급계약체결              (+5) | 단일판매ㆍ공급계약체결              (+5),,2026-09-09: 임원ㆍ주요주주특정증권등소유상황보고서 | 2026-09-09: 주식등의대량보유상황보고서(일반) | 2026-09-01: 기업설명회(IR)개최               | 2026-09-01: 단일판매ㆍ공급계약체결               | 2026-08-28: 대규모기업집단현황공시[분기별공시(개별회사용)],8
금양그린파워,282720,10,OK,,[기재정정]단일판매ㆍ공급계약체결              (+5) | [기재정정]단일판매ㆍ공급계약체결              (+5),,2026-09-09: [기재정정]단일판매ㆍ공급계약체결               | 2026-09-08: 주식등의대량보유상황보고서(일반) | 2026-09-01: 자기주식처분결과보고서 | 2026-08-31: [기재정정]단일판매ㆍ공급계약체결               | 2026-08-13: 반기보고서 (2026.06),5
세명전기,017510,10,OK,,[기재정정]단일판매ㆍ공급계약체결              (+5) | [기재정정]단일판매ㆍ공급계약체결              (+5),,2026-08-27: [기재정정]단일판매ㆍ공급계약체결               | 2026-08-25: [기재정정]단일판매ㆍ공급계약체결               | 2026-08-12: 반기보고서 (2026.06),3
대한해운,005880,10,OK,,단일판매ㆍ공급계약체결              (+5) | 단일판매ㆍ공급계약체결              (+5),,2026-09-10: 단일판매ㆍ공급계약체결               | 2026-09-01: 단일판매ㆍ공급계약체결               | 2026-08-31: 지속가능경영보고서등관련사항(자율공시)               | 2026-08-26: 기업설명회(IR)개최(안내공시)               | 2026-08-26: 대규모기업집단현황공시[분기별공시(대표회사용)],8
세미파이브,490470,10,OK,,단일판매ㆍ공급계약체결              (+5) | [기재정정]단일판매ㆍ공급계약체결              (+5),,2026-09-09: 주식등의대량보유상황보고서(약식) | 2026-09-08: 단일판매ㆍ공급계약체결               | 2026-08-25: 임원ㆍ주요주주특정증권등소유상황보고서 | 2026-08-24: [기재정정]단일판매ㆍ공급계약체결               | 2026-08-14: 반기보고서 (2026.06),5
HEM파마,376270,10,OK,,[기재정정]단일판매ㆍ공급계약체결              (+5) | [기재정정]단일판매ㆍ공급계약체결              (+5),,2026-09-09: [기재정정]단일판매ㆍ공급계약체결               | 2026-09-04: [기재정정]단일판매ㆍ공급계약체결               | 2026-08-21: 반기보고서 (2026.06) | 2026-08-20: 임원ㆍ주요주주특정증권등소유상황보고서 | 2026-08-20: 주식등의대량보유상황보고서(일반),7
핌스,347770,10,OK,,[기재정정]주요사항보고서(자기주식취득결정)(+5) | 주요사항보고서(자기주식취득결정)(+5),,2026-09-04: [기재정정]주주명부폐쇄기간또는기준일설정               | 2026-09-04: [기재정정]주식병합결정               | 2026-09-04: [기재정정]주주총회소집결의              (임시주주총회) | 2026-09-02: 주주명부폐쇄기간또는기준일설정               | 2026-09-02: 주주총회소집결의              (임시주주총회),12
PS일렉트로닉스,332570,10,OK,,주식소각결정              (+5) | [기재정정]단일판매ㆍ공급계약체결              (+5),,2026-08-18: 주식등의대량보유상황보고서(일반) | 2026-08-18: 주식소각결정               | 2026-08-18: 파생상품거래손실발생               | 2026-08-18: [기재정정]반기보고서 (2026.06) | 2026-08-14: 반기보고서 (2026.06),8
버넥트,438700,10,OK,,단일판매ㆍ공급계약체결              (+5) | 단일판매ㆍ공급계약체결              (+5),,2026-08-31: 단일판매ㆍ공급계약체결               | 2026-08-21: 단일판매ㆍ공급계약체결               | 2026-08-21: 주식등의대량보유상황보고서(약식) | 2026-08-14: 반기보고서 (2026.06),4
피델릭스,032580,10,OK,,단일판매ㆍ공급계약체결              (+5) | 단일판매ㆍ공급계약체결              (+5),,2026-09-10: 단일판매ㆍ공급계약체결               | 2026-08-27: 단일판매ㆍ공급계약체결               | 2026-08-12: 반기보고서 (2026.06),3
SNT에너지,100840,10,OK,,주식소각결정              (+5) | 단일판매ㆍ공급계약체결              (+5),,2026-09-02: 주식소각결정               | 2026-09-02: 단일판매ㆍ공급계약체결               | 2026-08-21: 기타경영사항(자율공시)(종속회사의주요경영사항)               | 2026-08-12: 반기보고서 (2026.06) | 2026-08-12: 현금ㆍ현물배당결정              ,5
엠앤씨솔루션,484870,10,OK,,단일판매ㆍ공급계약체결(자율공시)              (+5) | [기재정정]단일판매ㆍ공급계약체결              (+5),,2026-09-01: [기재정정]수시공시의무관련사항(공정공시)               | 2026-09-01: [기재정정]주요사항보고서(자기주식취득신탁계약체결결정) | 2026-08-31: 수시공시의무관련사항(공정공시)              (주주가치 제고를 위한 주주환원정책 안내) | 2026-08-28: 주요사항보고서(자기주식취득신탁계약체결결정) | 2026-08-21: 단일판매ㆍ공급계약체결(자율공시)              ,9
SK하이닉스,000660,10,OK,,주식소각결정              (+5) | 주요사항보고서(자기주식취득결정)(+5),,2026-09-09: 조회공시요구(풍문또는보도)에대한답변(미확정)               | 2026-09-04: 풍문또는보도에대한해명(미확정)               | 2026-08-28: 대규모기업집단현황공시[분기별공시(개별회사용)] | 2026-08-21: [기재정정]임원ㆍ주요주주특정증권등소유상황보고서 | 2026-08-21: 최대주주등소유주식변동신고서              ,21
시공테크,020710,10,OK,,단일판매ㆍ공급계약체결              (+5) | [기재정정]단일판매ㆍ공급계약체결(자율공시)              (+5),,2026-08-24: 단일판매ㆍ공급계약체결               | 2026-08-20: [기재정정]단일판매ㆍ공급계약체결(자율공시)               | 2026-08-14: [첨부추가]반기보고서 (2026.06),3
아이씨디,040910,10,OK,,[기재정정]단일판매ㆍ공급계약체결(자율공시)              (+5) | [기재정정]단일판매ㆍ공급계약체결(자율공시)              (+5),,2026-09-07: [기재정정]단일판매ㆍ공급계약체결(자율공시)               | 2026-08-25: [기재정정]단일판매ㆍ공급계약체결(자율공시)               | 2026-08-14: 반기보고서 (2026.06) | 2026-08-13: 임원ㆍ주요주주특정증권등소유상황보고서 | 2026-08-11: 주식등의대량보유상황보고서(약식),5
하나금융지주,086790,10,OK,,[기재정정]주식소각결정              (+5) | [기재정정]주식소각결정              (+5),,2026-09-10: 투자설명서(일괄신고) | 2026-09-10: 일괄신고추가서류 | 2026-08-26: [기재정정]주식소각결정               | 2026-08-26: [기재정정]주식소각결정               | 2026-08-25: 최대주주등소유주식변동신고서              ,11
GS건설,006360,10,OK,,단일판매ㆍ공급계약체결              (+5) | 단일판매ㆍ공급계약체결              (+5),,2026-09-10: 단일판매ㆍ공급계약체결               | 2026-09-10: 단일판매ㆍ공급계약체결               | 2026-09-07: 기업설명회(IR)개최(안내공시)               | 2026-08-31: 대규모기업집단현황공시[분기별공시(개별회사용)] | 2026-08-28: 기업설명회(IR)개최(안내공시)              ,9
엑시큐어하이트론,019490,10,OK,,[기재정정]단일판매ㆍ공급계약체결              (+5) | [기재정정]단일판매ㆍ공급계약체결              (+5),,"2026-08-24: [기재정정]단일판매ㆍ공급계약체결               | 2026-08-14: 반기보고서 (2026.06) | 2026-08-14: 반기검토의견부적정,의견거절또는완전자본잠식사실발생               | 2026-08-11: [기재정정]단일판매ㆍ공급계약체결              ",4
대아티아이,045390,10,OK,,[기재정정]단일판매ㆍ공급계약체결              (+5) | [기재정정]단일판매ㆍ공급계약체결              (+5),,2026-09-09: 대표이사변경               | 2026-08-28: [기재정정]단일판매ㆍ공급계약체결               | 2026-08-27: [기재정정]단일판매ㆍ공급계약체결               | 2026-08-14: [기재정정]반기보고서 (2026.06) | 2026-08-14: 반기보고서 (2026.06),5
한텍,098070,10,OK,,[기재정정]단일판매ㆍ공급계약체결              (+5) | [기재정정]단일판매ㆍ공급계약체결              (+5),,2026-09-04: [기재정정]단일판매ㆍ공급계약체결               | 2026-08-21: [기재정정]단일판매ㆍ공급계약체결               | 2026-08-20: 임원ㆍ주요주주특정증권등소유상황보고서 | 2026-08-14: 반기보고서 (2026.06),4
수산인더스트리,126720,10,OK,,[기재정정]단일판매ㆍ공급계약체결              (+5) | [기재정정]단일판매ㆍ공급계약체결              (+5),,2026-09-01: [기재정정]단일판매ㆍ공급계약체결               | 2026-09-01: [기재정정]단일판매ㆍ공급계약체결               | 2026-08-14: 반기보고서 (2026.06),3
퀄리타스반도체,432720,10,OK,,단일판매ㆍ공급계약체결              (+5) | 단일판매ㆍ공급계약체결              (+5),,2026-09-10: 단일판매ㆍ공급계약체결               | 2026-08-20: 단일판매ㆍ공급계약체결               | 2026-08-13: 반기보고서 (2026.06),3
네오셈,253590,10,OK,,[기재정정]단일판매ㆍ공급계약체결(자율공시)              (+5) | [기재정정]단일판매ㆍ공급계약체결              (+5),,2026-08-31: 주식등의대량보유상황보고서(일반) | 2026-08-28: [기재정정]단일판매ㆍ공급계약체결(자율공시)               | 2026-08-28: [기재정정]단일판매ㆍ공급계약체결               | 2026-08-14: 반기보고서 (2026.06),4
디와이피엔에프,104460,10,OK,,[기재정정]단일판매ㆍ공급계약체결              (+5) | [기재정정]단일판매ㆍ공급계약체결              (+5),,2026-08-20: [기재정정]단일판매ㆍ공급계약체결               | 2026-08-19: [기재정정]단일판매ㆍ공급계약체결               | 2026-08-14: 반기보고서 (2026.06),3
강원에너지,114190,10,OK,,[기재정정]단일판매ㆍ공급계약체결              (+5) | [기재정정]단일판매ㆍ공급계약체결              (+5),,2026-08-28: [기재정정]단일판매ㆍ공급계약체결               | 2026-08-28: [기재정정]단일판매ㆍ공급계약체결               | 2026-08-21: [기재정정]금전대여결정              (대여기간 연장) | 2026-08-14: 타인에대한채무보증결정               | 2026-08-14: 주식등의대량보유상황보고서(일반),6
까뮤이앤씨,013700,10,OK,,[기재정정]단일판매ㆍ공급계약체결              (+5) | 단일판매ㆍ공급계약체결              (+5),,2026-09-09: [기재정정]단일판매ㆍ공급계약체결               | 2026-09-04: 주식등의대량보유상황보고서(일반) | 2026-09-01: 최대주주등소유주식변동신고서               | 2026-09-01: 주식등의대량보유상황보고서(일반) | 2026-09-01: 단일판매ㆍ공급계약체결              ,14
SK디스커버리,006120,11,OK,,[기재정정]단일판매ㆍ공급계약체결(자회사의 주요경영사항)              (+5) | [첨부정정]주요사항보고서(회사합병결정)(자회사의 주요경영사항)              (+3) | 주요사항보고서(회사합병결정)(자회사의 주요경영사항)              (+3),,2026-09-07: 신탁계약해지결과보고서 | 2026-09-07: 주요사항보고서(자기주식취득신탁계약해지결정) | 2026-09-07: 임시주주총회결과               | 2026-09-07: 독립이사의선임ㆍ해임또는중도퇴임에관한신고 | 2026-08-28: 대규모기업집단현황공시[분기별공시(개별회사용)],18
현대건설,000720,13,OK,,[기재정정]단일판매ㆍ공급계약체결              (+5) | [기재정정]단일판매ㆍ공급계약체결              (+5) | 회사합병결정(종속회사의주요경영사항)              (+3),,2026-09-09: [기재정정]단일판매ㆍ공급계약체결               | 2026-09-08: 기업설명회(IR)개최(안내공시)               | 2026-09-08: 기업설명회(IR)개최(안내공시)               | 2026-09-04: 중대재해발생               | 2026-09-01: 임원ㆍ주요주주특정증권등소유상황보고서,23
고스트스튜디오,950190,13,OK,,[기재정정]주요사항보고서(자기주식취득결정)(+5) | 주요사항보고서(자기주식취득결정)(+5) | 연결재무제표기준영업(잠정)실적(공정공시)              (+3),,2026-09-01: [기재정정]주요사항보고서(자기주식취득결정) | 2026-08-28: 주요사항보고서(자기주식취득결정) | 2026-08-14: 반기보고서 (2026.06) | 2026-08-14: 자기주식취득결과보고서 | 2026-08-13: 연결재무제표기준영업(잠정)실적(공정공시)              ,5
우진아이엔에스,010400,15,OK,,[기재정정]단일판매ㆍ공급계약체결              (+5) | [기재정정]단일판매ㆍ공급계약체결              (+5) | 단일판매ㆍ공급계약체결              (+5),,2026-09-07: 최대주주등소유주식변동신고서               | 2026-09-07: 임원ㆍ주요주주특정증권등소유상황보고서 | 2026-09-01: 타법인주식및출자증권처분결정               | 2026-08-31: 임원ㆍ주요주주특정증권등거래계획보고서 | 2026-08-31: 임원ㆍ주요주주특정증권등거래계획보고서,11
한화오션,042660,15,OK,,단일판매ㆍ공급계약체결              (+5) | 단일판매ㆍ공급계약체결              (+5) | [기재정정]단일판매ㆍ공급계약체결              (+5),,2026-09-10: 기업설명회(IR)개최(안내공시)               | 2026-09-09: 투자판단관련주요경영사항               | 2026-09-03: 단일판매ㆍ공급계약체결               | 2026-09-03: 소송등의제기ㆍ신청(일정금액이상의청구)               | 2026-09-01: 단일판매ㆍ공급계약체결              ,12
링크솔루션,474650,15,OK,,단일판매ㆍ공급계약체결              (+5) | [기재정정]단일판매ㆍ공급계약체결(자율공시)              (+5) | 단일판매ㆍ공급계약체결(자율공시)              (+5),,2026-08-31: 단일판매ㆍ공급계약체결               | 2026-08-25: [기재정정]단일판매ㆍ공급계약체결(자율공시)               | 2026-08-25: 단일판매ㆍ공급계약체결(자율공시)               | 2026-08-14: 반기보고서 (2026.06),4
에이직랜드,445090,15,OK,,[기재정정]단일판매ㆍ공급계약체결              (+5) | [기재정정]단일판매ㆍ공급계약체결              (+5) | [기재정정]단일판매ㆍ공급계약체결              (+5),,2026-09-08: 기업설명회(IR)개최               | 2026-08-25: 주식등의대량보유상황보고서(일반) | 2026-08-20: [기재정정]단일판매ㆍ공급계약체결               | 2026-08-19: [기재정정]단일판매ㆍ공급계약체결               | 2026-08-18: [기재정정]단일판매ㆍ공급계약체결              ,6
이노메트리,302430,15,OK,,[기재정정]단일판매ㆍ공급계약체결              (+5) | 단일판매ㆍ공급계약체결              (+5) | 주식소각결정              (+5),,2026-09-04: [기재정정]단일판매ㆍ공급계약체결               | 2026-08-27: 단일판매ㆍ공급계약체결               | 2026-08-24: 기업설명회(IR)개최               | 2026-08-14: 반기보고서 (2026.06) | 2026-08-13: 신탁계약해지결과보고서,7
진흥기업,002780,15,OK,,단일판매ㆍ공급계약체결              (+5) | [기재정정]단일판매ㆍ공급계약체결              (+5) | [기재정정]단일판매ㆍ공급계약체결              (+5),,2026-09-08: 단일판매ㆍ공급계약체결               | 2026-09-07: [기재정정]단일판매ㆍ공급계약체결               | 2026-08-28: 대규모기업집단현황공시[분기별공시(개별회사용)] | 2026-08-28: [기재정정]단일판매ㆍ공급계약체결               | 2026-08-26: 임원ㆍ주요주주특정증권등소유상황보고서,11
다스코,058730,15,OK,,[기재정정]단일판매ㆍ공급계약체결(자율공시)              (+5) | [기재정정]단일판매ㆍ공급계약체결(자율공시)              (+5) | 단일판매ㆍ공급계약체결              (+5),,2026-09-07: 전환가액ㆍ신주인수권행사가액ㆍ교환가액의조정(안내공시)               | 2026-09-04: 주식등의대량보유상황보고서(일반) | 2026-08-28: [기재정정]단일판매ㆍ공급계약체결(자율공시)               | 2026-08-28: [기재정정]단일판매ㆍ공급계약체결(자율공시)               | 2026-08-26: 투자판단관련주요경영사항              ,8
HD현대마린엔진,071970,15,OK,,단일판매ㆍ공급계약체결              (+5) | 단일판매ㆍ공급계약체결              (+5) | 단일판매ㆍ공급계약체결              (+5),,2026-08-31: 단일판매ㆍ공급계약체결               | 2026-08-31: 단일판매ㆍ공급계약체결               | 2026-08-27: 대규모기업집단현황공시[분기별공시(개별회사용)] | 2026-08-21: 단일판매ㆍ공급계약체결               | 2026-08-14: 반기보고서 (2026.06),6
인텍플러스,064290,15,OK,,단일판매ㆍ공급계약체결(자율공시)              (+5) | [기재정정]단일판매ㆍ공급계약체결              (+5) | 단일판매ㆍ공급계약체결(자율공시)              (+5),,2026-09-09: 단일판매ㆍ공급계약체결(자율공시)               | 2026-09-01: [기재정정]단일판매ㆍ공급계약체결               | 2026-08-24: 주식등의대량보유상황보고서(일반) | 2026-08-24: 단일판매ㆍ공급계약체결(자율공시)               | 2026-08-14: 반기보고서 (2026.06),5
비에이치아이,083650,15,OK,,[기재정정]단일판매ㆍ공급계약체결(자율공시)              (+5) | 단일판매ㆍ공급계약체결              (+5) | [기재정정]단일판매ㆍ공급계약체결              (+5),,2026-09-10: [기재정정]단일판매ㆍ공급계약체결(자율공시)               | 2026-09-02: 단일판매ㆍ공급계약체결               | 2026-08-19: [기재정정]단일판매ㆍ공급계약체결               | 2026-08-14: 파생상품거래손실발생               | 2026-08-14: 반기보고서 (2026.06),5
금화피에스시,036190,15,OK,,[기재정정]단일판매ㆍ공급계약체결              (+5) | [기재정정]단일판매ㆍ공급계약체결              (+5) | 단일판매ㆍ공급계약체결(자율공시)              (+5),,2026-09-04: [기재정정]단일판매ㆍ공급계약체결               | 2026-08-31: [기재정정]단일판매ㆍ공급계약체결               | 2026-08-26: 단일판매ㆍ공급계약체결(자율공시)               | 2026-08-13: 반기보고서 (2026.06),4
미래산업,025560,15,OK,,[기재정정]단일판매ㆍ공급계약체결              (+5) | [기재정정]단일판매ㆍ공급계약체결              (+5) | 단일판매ㆍ공급계약체결              (+5),,2026-08-28: 주식등의대량보유상황보고서(일반) | 2026-08-28: [기재정정]단일판매ㆍ공급계약체결               | 2026-08-28: 타법인주식및출자증권처분결정               | 2026-08-21: 주식등의대량보유상황보고서(일반) | 2026-08-20: [기재정정]단일판매ㆍ공급계약체결              ,7
삼성E&A,028050,15,OK,,[기재정정]단일판매ㆍ공급계약체결              (+5) | [기재정정]단일판매ㆍ공급계약체결              (+5) | [기재정정]단일판매ㆍ공급계약체결              (+5),,2026-09-08: 기업설명회(IR)개최(안내공시)               | 2026-09-07: [첨부정정]지속가능경영보고서등관련사항(자율공시)               | 2026-09-01: 최대주주등소유주식변동신고서               | 2026-08-31: [기재정정]단일판매ㆍ공급계약체결               | 2026-08-31: 대규모기업집단현황공시[분기별공시(개별회사용)],10
두산에너빌리티,034020,15,OK,,[기재정정]단일판매ㆍ공급계약체결              (+5) | 단일판매ㆍ공급계약체결              (+5) | 단일판매ㆍ공급계약체결              (+5),,2026-09-08: 기업설명회(IR)개최(안내공시)               | 2026-09-01: [기재정정]단일판매ㆍ공급계약체결               | 2026-09-01: 단일판매ㆍ공급계약체결               | 2026-08-31: [기재정정]대규모기업집단현황공시[분기별공시(개별회사용)] | 2026-08-31: 기업설명회(IR)개최(안내공시)              ,10
LS,006260,15,OK,,[기재정정]단일판매ㆍ공급계약체결              (+5) | 단일판매ㆍ공급계약체결(자회사의 주요경영사항)              (+5) | [기재정정]단일판매ㆍ공급계약체결              (+5),,2026-09-04: [기재정정]단일판매ㆍ공급계약체결               | 2026-08-28: 지속가능경영보고서등관련사항(자율공시)               | 2026-08-26: 대규모기업집단현황공시[분기별공시(대표회사용)] | 2026-08-25: 주식등의대량보유상황보고서(일반) | 2026-08-25: 최대주주등소유주식변동신고서              ,11
동부건설,005960,15,OK,,단일판매ㆍ공급계약체결              (+5) | [기재정정]단일판매ㆍ공급계약체결              (+5) | [기재정정]단일판매ㆍ공급계약체결              (+5),,2026-09-09: 단일판매ㆍ공급계약체결               | 2026-09-03: [기재정정]금전대여결정               | 2026-08-24: [기재정정]단일판매ㆍ공급계약체결               | 2026-08-24: [기재정정]단일판매ㆍ공급계약체결               | 2026-08-14: 주식등의대량보유상황보고서(일반),6
한성크린텍,066980,15,OK,,[기재정정]단일판매ㆍ공급계약체결(자율공시)              (+5) | [기재정정]단일판매ㆍ공급계약체결              (+5) | [기재정정]단일판매ㆍ공급계약체결(자율공시)              (+5),,2026-09-01: [기재정정]단일판매ㆍ공급계약체결(자율공시)               | 2026-08-28: [기재정정]단일판매ㆍ공급계약체결               | 2026-08-27: [기재정정]단일판매ㆍ공급계약체결(자율공시)               | 2026-08-18: 투자판단관련주요경영사항              (P&T7 PJT WWT System 기계(2공구) 공사 우선협상 구매의향서(LOI) 수령) | 2026-08-14: 반기보고서 (2026.06),5
남광토건,001260,15,OK,,[기재정정]단일판매ㆍ공급계약체결              (+5) | [기재정정]단일판매ㆍ공급계약체결              (+5) | [기재정정]단일판매ㆍ공급계약체결              (+5),,2026-09-08: 단기차입금증가결정               | 2026-09-07: 투자판단관련주요경영사항               | 2026-09-07: 중대재해관련형사처벌사실확인               | 2026-09-07: [기재정정]단일판매ㆍ공급계약체결               | 2026-09-01: 채무인수결정              ,13
피엔티,137400,15,OK,,[기재정정]단일판매ㆍ공급계약체결              (+5) | [기재정정]주요사항보고서(자기주식취득결정)(+5) | 주요사항보고서(자기주식취득결정)(+5),,2026-09-09: [기재정정]단일판매ㆍ공급계약체결               | 2026-09-02: 임원ㆍ주요주주특정증권등소유상황보고서 | 2026-09-01: 주식등의대량보유상황보고서(일반) | 2026-08-25: 기업설명회(IR)개최               | 2026-08-21: 자기주식취득결과보고서,9
톱텍,108230,15,OK,,단일판매ㆍ공급계약체결              (+5) | 단일판매ㆍ공급계약체결              (+5) | 단일판매ㆍ공급계약체결              (+5),,2026-09-04: 단일판매ㆍ공급계약체결               | 2026-08-27: 단일판매ㆍ공급계약체결               | 2026-08-24: 단일판매ㆍ공급계약체결               | 2026-08-14: 반기보고서 (2026.06),4
세보엠이씨,011560,15,OK,,단일판매ㆍ공급계약체결(자율공시)              (+5) | [기재정정]단일판매ㆍ공급계약체결(자율공시)              (+5) | 단일판매ㆍ공급계약체결(자율공시)              (+5),,2026-09-04: 단일판매ㆍ공급계약체결(자율공시)               | 2026-08-27: [기재정정]단일판매ㆍ공급계약체결(자율공시)               | 2026-08-18: 단일판매ㆍ공급계약체결(자율공시)               | 2026-08-14: 반기보고서 (2026.06) | 2026-08-14: [기재정정]사업보고서 (2025.12),5
SNT홀딩스,036530,16,OK,,[첨부정정]주요사항보고서(회사합병결정)(자회사의 주요경영사항)              (+3) | 주식소각결정(자회사의 주요경영사항)              (+5) | 단일판매ㆍ공급계약체결(자회사의 주요경영사항)              (+5) | 주요사항보고서(회사합병결정)(자회사의 주요경영사항)              (+3),,2026-09-04: [첨부정정]주요사항보고서(회사합병결정)(자회사의 주요경영사항)               | 2026-09-02: 주식소각결정(자회사의 주요경영사항)               | 2026-09-02: 단일판매ㆍ공급계약체결(자회사의 주요경영사항)               | 2026-09-01: 주요사항보고서(회사합병결정)(자회사의 주요경영사항)               | 2026-08-12: 반기보고서 (2026.06),9
HD현대,267250,20,OK,,[기재정정]단일판매ㆍ공급계약체결(자회사의 주요경영사항)              (+5) | [기재정정]단일판매ㆍ공급계약체결(자회사의 주요경영사항)              (+5) | [기재정정]단일판매ㆍ공급계약체결(자회사의 주요경영사항)              (+5) | [기재정정]단일판매ㆍ공급계약체결(자회사의 주요경영사항)              (+5),,2026-09-10: 타법인주식및출자증권취득결정(자회사의 주요경영사항)               | 2026-09-10: 타인에대한채무보증결정(자회사의 주요경영사항)               | 2026-09-10: 타인에대한채무보증결정(자회사의 주요경영사항)               | 2026-09-08: [기재정정]단일판매ㆍ공급계약체결(자회사의 주요경영사항)               | 2026-09-03: 최대주주등소유주식변동신고서              ,18
HS화성,002460,20,OK,,단일판매ㆍ공급계약체결              (+5) | [기재정정]단일판매ㆍ공급계약체결              (+5) | [기재정정]단일판매ㆍ공급계약체결              (+5) | [기재정정]단일판매ㆍ공급계약체결              (+5),,2026-09-09: 단일판매ㆍ공급계약체결               | 2026-09-03: [기재정정]단일판매ㆍ공급계약체결               | 2026-08-31: 투자판단관련주요경영사항               | 2026-08-31: [기재정정]단일판매ㆍ공급계약체결               | 2026-08-24: [기재정정]단일판매ㆍ공급계약체결              ,6
원일티엔아이,136150,20,OK,,[기재정정]단일판매ㆍ공급계약체결              (+5) | 단일판매ㆍ공급계약체결              (+5) | [기재정정]단일판매ㆍ공급계약체결              (+5) | 단일판매ㆍ공급계약체결              (+5),,2026-08-28: [기재정정]단일판매ㆍ공급계약체결               | 2026-08-24: 단일판매ㆍ공급계약체결               | 2026-08-19: [기재정정]단일판매ㆍ공급계약체결               | 2026-08-18: 단일판매ㆍ공급계약체결               | 2026-08-14: 반기보고서 (2026.06),5
HL홀딩스,060980,20,OK,,단일판매ㆍ공급계약체결(자회사의 주요경영사항)              (+5) | [기재정정]단일판매ㆍ공급계약체결(자회사의 주요경영사항)              (+5) | [기재정정]단일판매ㆍ공급계약체결(자회사의 주요경영사항)              (+5) | 주식소각결정              (+5),,2026-09-02: 단일판매ㆍ공급계약체결(자회사의 주요경영사항)               | 2026-08-28: 대규모기업집단현황공시[분기별공시(대표회사용)] | 2026-08-27: [기재정정]단일판매ㆍ공급계약체결(자회사의 주요경영사항)               | 2026-08-24: [기재정정]단일판매ㆍ공급계약체결(자회사의 주요경영사항)               | 2026-08-19: 특수관계인에대한출자,12
우원개발,046940,20,OK,,[기재정정]단일판매ㆍ공급계약체결              (+5) | [기재정정]단일판매ㆍ공급계약체결              (+5) | 단일판매ㆍ공급계약체결              (+5) | [기재정정]단일판매ㆍ공급계약체결              (+5),,2026-09-07: [기재정정]단일판매ㆍ공급계약체결               | 2026-08-25: [기재정정]단일판매ㆍ공급계약체결               | 2026-08-25: 단일판매ㆍ공급계약체결               | 2026-08-20: [기재정정]단일판매ㆍ공급계약체결               | 2026-08-14: 반기보고서 (2026.06),5
세진티에스,067770,20,OK,,[기재정정]주요사항보고서(자기주식취득결정)(+5) | 주요사항보고서(자기주식취득결정)(+5) | [기재정정]주요사항보고서(자기주식취득결정)(+5) | 주요사항보고서(자기주식취득결정)(+5),,2026-09-09: 기타시장안내              (시가총액 미달에 따른 상장폐지 우려 관련 안내) | 2026-08-31: [기재정정]주요사항보고서(자기주식취득결정) | 2026-08-31: 주요사항보고서(자기주식취득결정) | 2026-08-28: [기재정정]자기주식취득결과보고서 | 2026-08-27: [기재정정]주요사항보고서(자기주식취득결정),8
한전산업,130660,20,OK,,단일판매ㆍ공급계약체결              (+5) | [기재정정]단일판매ㆍ공급계약체결              (+5) | [기재정정]단일판매ㆍ공급계약체결              (+5) | [기재정정]단일판매ㆍ공급계약체결(자율공시)              (+5),,2026-08-26: 단일판매ㆍ공급계약체결               | 2026-08-24: [기재정정]단일판매ㆍ공급계약체결               | 2026-08-21: [기재정정]단일판매ㆍ공급계약체결               | 2026-08-14: 반기보고서 (2026.06) | 2026-08-13: [기재정정]단일판매ㆍ공급계약체결(자율공시)              ,5
자이에스앤디,317400,20,OK,,[기재정정]단일판매ㆍ공급계약체결              (+5) | [기재정정]단일판매ㆍ공급계약체결              (+5) | 단일판매ㆍ공급계약체결              (+5) | [기재정정]단일판매ㆍ공급계약체결              (+5),,2026-09-10: 투자판단관련주요경영사항               | 2026-09-08: [기재정정]단일판매ㆍ공급계약체결               | 2026-08-28: 대규모기업집단현황공시[분기별공시(개별회사용)] | 2026-08-28: 기업설명회(IR)개최(안내공시)               | 2026-08-28: [기재정정]단일판매ㆍ공급계약체결              ,9
HL D&I,014790,23,OK,,단일판매ㆍ공급계약체결              (+5) | [기재정정]단일판매ㆍ공급계약체결              (+5) | [기재정정]단일판매ㆍ공급계약체결(자율공시)              (+5) | [기재정정]단일판매ㆍ공급계약체결              (+5) | 연결재무제표기준영업(잠정)실적(공정공시)              (+3),,2026-09-02: 단일판매ㆍ공급계약체결               | 2026-08-31: 대규모기업집단현황공시[분기별공시(개별회사용)] | 2026-08-27: [기재정정]단일판매ㆍ공급계약체결               | 2026-08-25: [기재정정]단일판매ㆍ공급계약체결(자율공시)               | 2026-08-24: [기재정정]단일판매ㆍ공급계약체결              ,9
한국카본,017960,24,OK,,[첨부정정]주요사항보고서(회사합병결정)(+3) | [첨부정정]주요사항보고서(회사합병결정)(+3) | [첨부정정]주요사항보고서(회사합병결정)(+3) | [첨부정정]주요사항보고서(회사합병결정)(+3) | 주요사항보고서(회사합병결정)(+3),,2026-09-07: 풍문또는보도에대한해명(미확정)               | 2026-08-18: [첨부정정]주요사항보고서(회사합병결정) | 2026-08-18: [첨부정정]주요사항보고서(회사합병결정) | 2026-08-18: [첨부정정]주요사항보고서(회사합병결정) | 2026-08-18: [첨부정정]주요사항보고서(회사합병결정),11
티에스아이,277880,25,OK,,[기재정정]단일판매ㆍ공급계약체결              (+5) | 단일판매ㆍ공급계약체결(자율공시)              (+5) | [기재정정]단일판매ㆍ공급계약체결              (+5) | [기재정정]단일판매ㆍ공급계약체결              (+5) | [기재정정]단일판매ㆍ공급계약체결              (+5),,2026-09-10: [기재정정]단일판매ㆍ공급계약체결               | 2026-09-03: 단일판매ㆍ공급계약체결(자율공시)               | 2026-08-21: [기재정정]단일판매ㆍ공급계약체결               | 2026-08-19: [기재정정]단일판매ㆍ공급계약체결               | 2026-08-14: [기재정정]단일판매ㆍ공급계약체결              ,6
HJ중공업,097230,25,OK,,[기재정정]단일판매ㆍ공급계약체결              (+5) | [기재정정]단일판매ㆍ공급계약체결              (+5) | 단일판매ㆍ공급계약체결              (+5) | [기재정정]단일판매ㆍ공급계약체결              (+5) | [기재정정]단일판매ㆍ공급계약체결              (+5),,2026-09-02: 임원ㆍ주요주주특정증권등소유상황보고서 | 2026-09-01: [기재정정]단일판매ㆍ공급계약체결               | 2026-08-20: [기재정정]단일판매ㆍ공급계약체결               | 2026-08-18: 단일판매ㆍ공급계약체결               | 2026-08-12: 반기보고서 (2026.06),8
스피어,347700,25,OK,,[기재정정]단일판매ㆍ공급계약체결              (+5) | [기재정정]단일판매ㆍ공급계약체결              (+5) | [기재정정]단일판매ㆍ공급계약체결              (+5) | [기재정정]단일판매ㆍ공급계약체결              (+5) | [기재정정]단일판매ㆍ공급계약체결              (+5),,2026-09-07: 임원ㆍ주요주주특정증권등소유상황보고서 | 2026-09-07: 임원ㆍ주요주주특정증권등소유상황보고서 | 2026-09-07: 기업설명회(IR)개최               | 2026-09-01: [기재정정]단일판매ㆍ공급계약체결               | 2026-09-01: [기재정정]단일판매ㆍ공급계약체결              ,12
한신공영,004960,25,OK,,단일판매ㆍ공급계약체결              (+5) | [기재정정]단일판매ㆍ공급계약체결              (+5) | [기재정정]단일판매ㆍ공급계약체결              (+5) | [기재정정]단일판매ㆍ공급계약체결              (+5) | [기재정정]단일판매ㆍ공급계약체결              (+5),,2026-08-31: 단일판매ㆍ공급계약체결               | 2026-08-28: [기재정정]단일판매ㆍ공급계약체결               | 2026-08-28: [기재정정]단일판매ㆍ공급계약체결               | 2026-08-25: [기재정정]단일판매ㆍ공급계약체결               | 2026-08-14: 반기보고서 (2026.06),6
HDC,012630,30,OK,,[기재정정]단일판매ㆍ공급계약체결(자회사의 주요경영사항)              (+5) | [기재정정]단일판매ㆍ공급계약체결(자회사의 주요경영사항)              (+5) | [기재정정]단일판매ㆍ공급계약체결(자회사의 주요경영사항)              (+5) | [기재정정]단일판매ㆍ공급계약체결(자회사의 주요경영사항)              (+5) | [기재정정]단일판매ㆍ공급계약체결(자회사의 주요경영사항)              (+5),,2026-09-09: [기재정정]단일판매ㆍ공급계약체결(자회사의 주요경영사항)               | 2026-09-07: 불성실공시법인지정               | 2026-09-01: [기재정정]단일판매ㆍ공급계약체결(자회사의 주요경영사항)               | 2026-08-31: 투자판단관련주요경영사항(자회사의 주요경영사항)               | 2026-08-28: [기재정정]회생절차개시결정              ,18
DL이앤씨,375500,30,OK,,[기재정정]단일판매ㆍ공급계약체결              (+5) | [기재정정]단일판매ㆍ공급계약체결              (+5) | [기재정정]단일판매ㆍ공급계약체결              (+5) | [기재정정]단일판매ㆍ공급계약체결              (+5) | 단일판매ㆍ공급계약체결              (+5),,2026-09-07: [기재정정]단일판매ㆍ공급계약체결               | 2026-09-03: 주식등의대량보유상황보고서(일반) | 2026-09-03: 최대주주등소유주식변동신고서               | 2026-09-01: 기업설명회(IR)개최(안내공시)               | 2026-08-31: 대규모기업집단현황공시[분기별공시(개별회사용)],14
IPARK현대산업개발,294870,30,OK,,[기재정정]단일판매ㆍ공급계약체결              (+5) | [기재정정]단일판매ㆍ공급계약체결              (+5) | [기재정정]단일판매ㆍ공급계약체결              (+5) | [기재정정]단일판매ㆍ공급계약체결              (+5) | [기재정정]단일판매ㆍ공급계약체결              (+5),,2026-09-09: [기재정정]단일판매ㆍ공급계약체결               | 2026-09-07: 불성실공시법인지정               | 2026-09-07: 기업설명회(IR)개최(안내공시)               | 2026-09-01: [기재정정]단일판매ㆍ공급계약체결               | 2026-08-31: 투자판단관련주요경영사항              ,17
DL,000210,30,OK,,[기재정정]단일판매ㆍ공급계약체결(자회사의 주요경영사항)              (+5) | [기재정정]단일판매ㆍ공급계약체결(자회사의 주요경영사항)              (+5) | [기재정정]단일판매ㆍ공급계약체결(자회사의 주요경영사항)              (+5) | [기재정정]단일판매ㆍ공급계약체결(자회사의 주요경영사항)              (+5) | 단일판매ㆍ공급계약체결(자회사의 주요경영사항)              (+5),,2026-09-07: [기재정정]단일판매ㆍ공급계약체결(자회사의 주요경영사항)               | 2026-09-01: 주식등의대량보유상황보고서(약식) | 2026-09-01: 임원ㆍ주요주주특정증권등소유상황보고서 | 2026-08-31: 대규모기업집단현황공시[분기별공시(대표회사용)] | 2026-08-27: [기재정정]단일판매ㆍ공급계약체결(자회사의 주요경영사항)              ,11
금호건설,002990,30,OK,,[기재정정]단일판매ㆍ공급계약체결              (+5) | [기재정정]단일판매ㆍ공급계약체결              (+5) | [기재정정]단일판매ㆍ공급계약체결              (+5) | [기재정정]단일판매ㆍ공급계약체결              (+5) | [기재정정]단일판매ㆍ공급계약체결              (+5),,2026-09-08: [기재정정]단일판매ㆍ공급계약체결               | 2026-09-03: [기재정정]단일판매ㆍ공급계약체결               | 2026-09-01: [기재정정]단일판매ㆍ공급계약체결               | 2026-08-26: [기재정정]단일판매ㆍ공급계약체결               | 2026-08-25: 타인에대한채무보증결정              ,8
HD한국조선해양,009540,31,OK,,[기재정정]단일판매ㆍ공급계약체결(자회사의 주요경영사항)              (+5) | [기재정정]단일판매ㆍ공급계약체결(자회사의 주요경영사항)              (+5) | 영업(잠정)실적(공정공시)              (+3) | 영업(잠정)실적(공정공시)(자회사의 주요경영사항)              (+3) | [기재정정]단일판매ㆍ공급계약체결(자회사의 주요경영사항)              (+5),,2026-09-10: 신규시설투자등(자회사의 주요경영사항)               | 2026-09-08: [기재정정]단일판매ㆍ공급계약체결(자회사의 주요경영사항)               | 2026-09-04: 임원ㆍ주요주주특정증권등소유상황보고서 | 2026-09-03: [기재정정]단일판매ㆍ공급계약체결(자회사의 주요경영사항)               | 2026-08-31: [기재정정]대규모기업집단현황공시[분기별공시(대표회사용)],16
동아지질,028100,35,OK,,[기재정정]단일판매ㆍ공급계약체결              (+5) | [기재정정]단일판매ㆍ공급계약체결              (+5) | [기재정정]단일판매ㆍ공급계약체결              (+5) | [기재정정]단일판매ㆍ공급계약체결              (+5) | [기재정정]단일판매ㆍ공급계약체결              (+5),,2026-09-09: 소송등의제기ㆍ신청(일정금액이상의청구)               | 2026-09-01: [기재정정]단일판매ㆍ공급계약체결               | 2026-08-31: [기재정정]단일판매ㆍ공급계약체결               | 2026-08-31: [기재정정]단일판매ㆍ공급계약체결               | 2026-08-28: [기재정정]단일판매ㆍ공급계약체결              ,9
두산퓨얼셀,336260,35,OK,,[기재정정]단일판매ㆍ공급계약체결              (+5) | [기재정정]단일판매ㆍ공급계약체결              (+5) | 단일판매ㆍ공급계약체결              (+5) | 단일판매ㆍ공급계약체결              (+5) | 단일판매ㆍ공급계약체결              (+5),,2026-09-08: 기업설명회(IR)개최(안내공시)               | 2026-09-04: 기업설명회(IR)개최(안내공시)               | 2026-09-04: [기재정정]단일판매ㆍ공급계약체결               | 2026-09-04: [기재정정]단일판매ㆍ공급계약체결               | 2026-09-02: 단일판매ㆍ공급계약체결              ,12
대우건설,047040,45,OK,,주식소각결정              (+5) | [기재정정]단일판매ㆍ공급계약체결              (+5) | 단일판매ㆍ공급계약체결              (+5) | 단일판매ㆍ공급계약체결              (+5) | [기재정정]단일판매ㆍ공급계약체결              (+5),,2026-09-10: 의결권대리행사권유참고서류 | 2026-09-10: 주주총회소집공고 | 2026-09-10: 주주총회소집결의               | 2026-09-10: 주식소각결정               | 2026-09-09: [기재정정]단일판매ㆍ공급계약체결              ,19
삼호개발,010960,45,OK,,[기재정정]단일판매ㆍ공급계약체결              (+5) | [기재정정]단일판매ㆍ공급계약체결              (+5) | 단일판매ㆍ공급계약체결              (+5) | [기재정정]단일판매ㆍ공급계약체결(자율공시)              (+5) | [기재정정]단일판매ㆍ공급계약체결              (+5),,2026-09-09: [기재정정]단일판매ㆍ공급계약체결               | 2026-09-08: [기재정정]단일판매ㆍ공급계약체결               | 2026-09-03: 단일판매ㆍ공급계약체결               | 2026-08-31: [기재정정]단일판매ㆍ공급계약체결(자율공시)               | 2026-08-31: [기재정정]단일판매ㆍ공급계약체결              ,10
코오롱,002020,50,OK,,단일판매ㆍ공급계약체결(자회사의 주요경영사항)              (+5) | [기재정정]단일판매ㆍ공급계약체결(자회사의 주요경영사항)              (+5) | [기재정정]단일판매ㆍ공급계약체결(자회사의 주요경영사항)              (+5) | [기재정정]단일판매ㆍ공급계약체결(자회사의 주요경영사항)              (+5) | [기재정정]단일판매ㆍ공급계약체결(자회사의 주요경영사항)              (+5),[기재정정]주요사항보고서(자기주식처분결정)(자회사의 주요경영사항)              (-10),2026-09-08: 단일판매ㆍ공급계약체결(자회사의 주요경영사항)               | 2026-09-07: 주식등의대량보유상황보고서(일반) | 2026-09-04: [기재정정]단일판매ㆍ공급계약체결(자회사의 주요경영사항)               | 2026-09-03: [기재정정]단일판매ㆍ공급계약체결(자회사의 주요경영사항)               | 2026-08-31: [기재정정]단일판매ㆍ공급계약체결(자회사의 주요경영사항)              ,21
코오롱글로벌,003070,58,OK,,[기재정정]단일판매ㆍ공급계약체결(자율공시)              (+5) | 단일판매ㆍ공급계약체결              (+5) | [기재정정]단일판매ㆍ공급계약체결              (+5) | [기재정정]단일판매ㆍ공급계약체결              (+5) | [기재정정]단일판매ㆍ공급계약체결              (+5),[기재정정]주요사항보고서(자기주식처분결정)(-10),2026-09-10: [기재정정]단일판매ㆍ공급계약체결(자율공시)               | 2026-09-08: 단일판매ㆍ공급계약체결               | 2026-09-04: [기재정정]단일판매ㆍ공급계약체결               | 2026-09-03: [기재정정]단일판매ㆍ공급계약체결               | 2026-08-31: [기재정정]단일판매ㆍ공급계약체결              ,28
