종목명,종목코드,DART점수,Tier1발동,Tier1,호재내역,악재내역,최근공시,공시건수
CSA 코스믹,083660,-150,🚨 YES,[기재정정]주요사항보고서(유상증자결정) | [기재정정]주요사항보고서(전환사채권발행결정) | [기재정정]주요사항보고서(유상증자결정),,[기재정정]주요사항보고서(유상증자결정)(-15) | [기재정정]주요사항보고서(전환사채권발행결정)(-15) | [기재정정]주요사항보고서(유상증자결정)(-15) | [기재정정]주요사항보고서(유상증자결정)(-15) | [기재정정]주요사항보고서(유상증자결정)(-15),2026-08-21: [기재정정]주요사항보고서(유상증자결정) | 2026-08-14: 반기보고서 (2026.06) | 2026-08-13: [기재정정]주요사항보고서(전환사채권발행결정) | 2026-08-13: [기재정정]주요사항보고서(유상증자결정) | 2026-08-13: [기재정정]주요사항보고서(유상증자결정),11
본느,226340,-145,🚨 YES,[첨부정정]주요사항보고서(전환사채권발행결정) | [첨부정정]주요사항보고서(전환사채권발행결정) | 횡령ㆍ배임혐의발생              ,,[첨부정정]주요사항보고서(전환사채권발행결정)(-15) | [첨부정정]주요사항보고서(전환사채권발행결정)(-15) | 횡령ㆍ배임혐의발생              (-25) | 횡령ㆍ배임혐의발생              (-25) | [기재정정]주요사항보고서(유상증자결정)(-15),2026-08-20: 주요사항보고서(소송등의제기) | 2026-08-20: [첨부정정]주요사항보고서(전환사채권발행결정) | 2026-08-20: [첨부정정]주요사항보고서(전환사채권발행결정) | 2026-08-19: 주식등의대량보유상황보고서(일반) | 2026-08-18: 횡령ㆍ배임혐의발생              ,18
한국유니온제약,080720,-135,🚨 YES,[기재정정]주요사항보고서(유상증자결정) | [기재정정]주요사항보고서(유상증자결정) | [기재정정]주요사항보고서(감자결정),,[기재정정]주요사항보고서(유상증자결정)(-15) | [기재정정]주요사항보고서(유상증자결정)(-15) | [기재정정]주요사항보고서(감자결정)(-20) | [기재정정]주요사항보고서(유상증자결정)(-15) | [기재정정]주요사항보고서(감자결정)(-20),2026-08-19: [기재정정]주요사항보고서(유상증자결정) | 2026-08-14: 반기검토(감사)의견부적정등사실확인(자본잠식률100분의50이상또는자기자본10억원미만포함)               | 2026-08-14: 반기보고서 (2026.06) | 2026-08-14: 회생절차종결신청               | 2026-08-11: [기재정정]주요사항보고서(유상증자결정),11
모아라이프플러스,142760,-130,🚨 YES,[기재정정]주요사항보고서(전환사채권발행결정) | [첨부정정]주요사항보고서(전환사채권발행결정) | 기타시장안내(관리종목지정우려종목)              (시가총액 200억원 미달),,[기재정정]주요사항보고서(전환사채권발행결정)(-15) | [첨부정정]주요사항보고서(전환사채권발행결정)(-15) | [기재정정]최대주주변경을수반하는주식담보제공계약체결              (-5) | [기재정정]최대주주변경을수반하는주식담보제공계약체결              (-5) | 기타시장안내(관리종목지정우려종목)              (시가총액 200억원 미달)(-30),2026-08-20: [기재정정]주요사항보고서(전환사채권발행결정) | 2026-08-18: [첨부정정]주요사항보고서(전환사채권발행결정) | 2026-08-14: 반기보고서 (2026.06) | 2026-08-12: 주주명부폐쇄기간또는기준일설정               | 2026-08-12: 주주총회소집결의              (임시주주총회),15
블루산업개발,006740,-120,🚨 YES,[기재정정]주요사항보고서(유상증자결정) | [기재정정]주요사항보고서(전환사채권발행결정) | [기재정정]주요사항보고서(유상증자결정),,[기재정정]주요사항보고서(유상증자결정)(-15) | [기재정정]주요사항보고서(전환사채권발행결정)(-15) | [기재정정]주요사항보고서(유상증자결정)(-15) | [기재정정]주요사항보고서(유상증자결정)(-15) | [기재정정]주요사항보고서(유상증자결정)(-15),2026-08-19: [기재정정]주요사항보고서(유상증자결정) | 2026-08-14: 반기보고서 (2026.06) | 2026-08-13: 주식등의대량보유상황보고서(일반) | 2026-08-13: 임원ㆍ주요주주특정증권등소유상황보고서 | 2026-08-10: 최대주주등소유주식변동신고서              ,17
덕신이피씨,090410,-120,🚨 YES,"기타시장안내(관리종목지정우려종목)              (주가 1,000원 미달) | 주권매매거래정지              (주식의 병합, 분할 등 전자등록 변경, 말소) | [기재정정]주권매매거래정지              ",,"기타시장안내(관리종목지정우려종목)              (주가 1,000원 미달)(-30) | 주권매매거래정지              (주식의 병합, 분할 등 전자등록 변경, 말소)(-30) | [기재정정]주권매매거래정지              (-30) | 주권매매거래정지              (주식의 병합, 분할 등 전자등록 변경, 말소)(-30)","2026-08-14: 반기보고서 (2026.06) | 2026-08-07: 기타시장안내(관리종목지정우려종목)              (주가 1,000원 미달) | 2026-08-07: 주권매매거래정지              (주식의 병합, 분할 등 전자등록 변경, 말소) | 2026-07-28: 임시주주총회결과               | 2026-07-27: [기재정정]주권매매거래정지              ",8
티엔엔터테인먼트,131100,-110,🚨 YES,"주권매매거래정지해제              (액면병합 주권 변경상장) | 주권매매거래정지              (주식의 병합, 분할 등 전자등록 변경, 말소) | 횡령ㆍ배임혐의발생              ",,"주권매매거래정지해제              (액면병합 주권 변경상장)(-30) | 주권매매거래정지              (주식의 병합, 분할 등 전자등록 변경, 말소)(-30) | 횡령ㆍ배임혐의발생              (-25) | 횡령ㆍ배임혐의발생              (-25)","2026-08-20: 주권매매거래정지해제              (액면병합 주권 변경상장) | 2026-08-14: 반기보고서 (2026.06) | 2026-08-14: 지급수단별ㆍ지급기간별지급금액및분쟁조정기구에관한사항 | 2026-08-04: 대표이사변경               | 2026-07-27: 주권매매거래정지              (주식의 병합, 분할 등 전자등록 변경, 말소)",6
캔버스엔,210120,-105,🚨 YES,[기재정정]주요사항보고서(전환사채권발행결정) | [기재정정]주요사항보고서(전환사채권발행결정) | 주권매매거래정지해제              (액면병합 주권 변경상장),,[기재정정]주요사항보고서(전환사채권발행결정)(-15) | [기재정정]주요사항보고서(전환사채권발행결정)(-15) | 주권매매거래정지해제              (액면병합 주권 변경상장)(-30) | [기재정정]주요사항보고서(유상증자결정)(-15) | [기재정정]주요사항보고서(유상증자결정)(-15),2026-08-20: [기재정정]주주총회소집결의               | 2026-08-19: [기재정정]주요사항보고서(전환사채권발행결정) | 2026-08-19: [기재정정]주요사항보고서(전환사채권발행결정) | 2026-08-19: [기재정정]분기보고서 (2026.03) | 2026-08-19: [기재정정]사업보고서 (2025.12),17
다보링크,340360,-105,🚨 YES,[기재정정]주요사항보고서(전환사채권발행결정) | [기재정정]주요사항보고서(유상증자결정) | [기재정정]주요사항보고서(유상증자결정),단일판매ㆍ공급계약체결              (+5),"[기재정정]주요사항보고서(전환사채권발행결정)(-15) | [기재정정]주요사항보고서(유상증자결정)(-15) | [기재정정]주요사항보고서(유상증자결정)(-15) | [기재정정]최대주주변경을수반하는주식양수도계약체결              (-5) | 기타시장안내(관리종목지정우려종목)              (주가 1,000원 미달)(-30)",2026-08-21: [기재정정]주요사항보고서(전환사채권발행결정) | 2026-08-21: [기재정정]주주총회소집결의              (임시주주총회) | 2026-08-14: 반기보고서 (2026.06) | 2026-08-13: 주식등의대량보유상황보고서(일반) | 2026-08-13: [기재정정]주요사항보고서(유상증자결정),18
광진실업,026910,-100,🚨 YES,[기재정정]주요사항보고서(유상증자결정) | [기재정정]주요사항보고서(전환사채권발행결정) | [기재정정]주요사항보고서(전환사채권발행결정),,[기재정정]최대주주변경              (-5) | 최대주주변경을수반하는주식담보제공계약체결              (-5) | 최대주주변경              (-5) | [기재정정]주요사항보고서(유상증자결정)(-15) | [기재정정]최대주주변경을수반하는주식양수도계약체결              (-5),2026-08-21: [기재정정]의결권대리행사권유참고서류 | 2026-08-21: [기재정정]주주총회소집공고 | 2026-08-21: [기재정정]주주총회소집결의              (임시주주총회) | 2026-08-21: 임원ㆍ주요주주특정증권등소유상황보고서 | 2026-08-20: 주식등의대량보유상황보고서(일반),24
한울앤제주,276730,-99,🚨 YES,주권매매거래정지해제              (액면분할 주권 변경상장) | [기재정정]주요사항보고서(유상증자결정) | [기재정정]주요사항보고서(유상증자결정),[기재정정]주식분할결정              (+3) | [기재정정]주식분할결정              (+3),"주권매매거래정지해제              (액면분할 주권 변경상장)(-30) | [기재정정]주요사항보고서(유상증자결정)(-15) | [기재정정]주요사항보고서(유상증자결정)(-15) | 주권매매거래정지              (주식의 병합, 분할 등 전자등록 변경, 말소)(-30) | [기재정정]주요사항보고서(전환사채권발행결정)(-15)",2026-08-20: 주권매매거래정지해제              (액면분할 주권 변경상장) | 2026-08-14: 반기보고서 (2026.06) | 2026-08-14: [기재정정]신주인수권행사              (제11회차) | 2026-08-14: [기재정정]주요사항보고서(유상증자결정) | 2026-08-14: [기재정정]주식분할결정              ,27
에이전트AI,060900,-90,🚨 YES,[기재정정]주요사항보고서(유상증자결정) | 기타시장안내(관리종목지정우려종목)              (시가총액 200억원 미달) | [기재정정]주요사항보고서(유상증자결정),단일판매ㆍ공급계약체결              (+5),[기재정정]주요사항보고서(유상증자결정)(-15) | 최대주주변경              (-5) | 기타시장안내(관리종목지정우려종목)              (시가총액 200억원 미달)(-30) | [기재정정]주요사항보고서(유상증자결정)(-15) | 주요사항보고서(유상증자결정)(-15),2026-08-21: 주주명부폐쇄기간또는기준일설정               | 2026-08-21: 주주총회소집결의              (임시주주총회) | 2026-08-21: 임원ㆍ주요주주특정증권등소유상황보고서 | 2026-08-21: 주식등의대량보유상황보고서(일반) | 2026-08-20: 단일판매ㆍ공급계약체결              ,26
HLB테라퓨틱스,115450,-90,🚨 YES,[기재정정]주요사항보고서(유상증자결정) | [기재정정]주요사항보고서(전환사채권발행결정) | [기재정정]주요사항보고서(전환사채권발행결정),,[기재정정]주요사항보고서(유상증자결정)(-15) | [기재정정]주요사항보고서(전환사채권발행결정)(-15) | [기재정정]주요사항보고서(전환사채권발행결정)(-15) | 주요사항보고서(유상증자결정)(-15) | [기재정정]주요사항보고서(전환사채권발행결정)(-15),2026-08-21: [기재정정]전환사채(해외전환사채포함)발행후만기전사채취득               | 2026-08-21: [기재정정]주요사항보고서(자기전환사채만기전취득결정) | 2026-08-21: [기재정정]주요사항보고서(유상증자결정) | 2026-08-21: [기재정정]주요사항보고서(전환사채권발행결정) | 2026-08-21: [기재정정]주요사항보고서(전환사채권발행결정),12
우리엔터프라이즈,037400,-90,🚨 YES,"주권매매거래정지              (주식의 병합, 분할 등 전자등록 변경, 말소) | 기타시장안내(관리종목지정우려종목)              (시가총액 200억원 미달) | 기타시장안내(관리종목지정우려종목)              (주가 1,000원 미달)",,"주권매매거래정지              (주식의 병합, 분할 등 전자등록 변경, 말소)(-30) | 기타시장안내(관리종목지정우려종목)              (시가총액 200억원 미달)(-30) | 기타시장안내(관리종목지정우려종목)              (주가 1,000원 미달)(-30)","2026-08-20: 주식등의대량보유상황보고서(일반) | 2026-08-14: 반기보고서 (2026.06) | 2026-08-11: 주권매매거래정지              (주식의 병합, 분할 등 전자등록 변경, 말소) | 2026-08-05: 기타시장안내(관리종목지정우려종목)              (시가총액 200억원 미달) | 2026-08-05: 기타시장안내(관리종목지정우려종목)              (주가 1,000원 미달)",5
엑시온그룹,069920,-90,🚨 YES,[기재정정]주요사항보고서(유상증자결정) | [기재정정]주요사항보고서(유상증자결정) | 주요사항보고서(유상증자결정),,[기재정정]주요사항보고서(유상증자결정)(-15) | [기재정정]주요사항보고서(유상증자결정)(-15) | 주요사항보고서(유상증자결정)(-15) | [기재정정]주요사항보고서(유상증자결정)(-15) | 주요사항보고서(유상증자결정)(-15),2026-08-21: [기재정정]주요사항보고서(자기전환사채매도결정) | 2026-08-20: 소액공모공시서류(지분증권) | 2026-08-20: [기재정정]주요사항보고서(유상증자결정) | 2026-08-20: [기재정정]주요사항보고서(유상증자결정) | 2026-08-18: 대표이사변경              ,16
알엔티엑스,123010,-90,🚨 YES,[기재정정]주요사항보고서(전환사채권발행결정) | [기재정정]주요사항보고서(유상증자결정) | 주권매매거래정지해제              (액면병합 주권 변경상장),,[기재정정]주요사항보고서(전환사채권발행결정)(-15) | [기재정정]주요사항보고서(유상증자결정)(-15) | 주권매매거래정지해제              (액면병합 주권 변경상장)(-30) | [기재정정]주요사항보고서(유상증자결정)(-15) | [기재정정]주요사항보고서(유상증자결정)(-15),2026-08-14: 반기보고서 (2026.06) | 2026-08-11: [기재정정]주요사항보고서(전환사채권발행결정) | 2026-08-07: [기재정정]주식매수선택권부여에관한신고 | 2026-08-03: [기재정정]주식매수선택권부여에관한신고 | 2026-08-03: 임시주주총회결과              ,14
애드바이오텍,179530,-90,🚨 YES,[기재정정]주요사항보고서(전환사채권발행결정) | [기재정정]주요사항보고서(전환사채권발행결정) | [기재정정]주요사항보고서(전환사채권발행결정),,[기재정정]주요사항보고서(전환사채권발행결정)(-15) | [기재정정]주요사항보고서(전환사채권발행결정)(-15) | [기재정정]주요사항보고서(전환사채권발행결정)(-15) | [기재정정]주요사항보고서(전환사채권발행결정)(-15) | [기재정정]주요사항보고서(전환사채권발행결정)(-15),2026-08-21: [기재정정]주요사항보고서(전환사채권발행결정) | 2026-08-21: [기재정정]주요사항보고서(전환사채권발행결정) | 2026-08-20: 대표이사변경               | 2026-08-19: [기재정정]주요사항보고서(전환사채권발행결정) | 2026-08-19: [기재정정]주요사항보고서(전환사채권발행결정),13
E8,418620,-85,🚨 YES,[기재정정]주요사항보고서(유상증자결정) | 주요사항보고서(유상증자결정) | 기타시장안내(관리종목지정우려종목)              (시가총액 200억원 미달),[기재정정]단일판매ㆍ공급계약체결              (+5),"[기재정정]주요사항보고서(유상증자결정)(-15) | 주요사항보고서(유상증자결정)(-15) | 기타시장안내(관리종목지정우려종목)              (시가총액 200억원 미달)(-30) | 기타시장안내(관리종목지정우려종목)              (주가 1,000원 미달)(-30)",2026-08-21: 임원ㆍ주요주주특정증권등소유상황보고서 | 2026-08-18: [기재정정]주요사항보고서(유상증자결정) | 2026-08-14: 주주명부폐쇄기간또는기준일설정               | 2026-08-14: 주주총회소집결의               | 2026-08-14: 주식병합결정              ,12
서한,011370,-80,🚨 YES,"[첨부정정]주요사항보고서(신주인수권부사채권발행결정) | 주권매매거래정지              (주식의 병합, 분할 등 전자등록 변경, 말소) | 기타시장안내(관리종목지정우려종목)              (주가 1,000원 미달)",[기재정정]단일판매ㆍ공급계약체결              (+5) | [기재정정]단일판매ㆍ공급계약체결              (+5),"[첨부정정]주요사항보고서(신주인수권부사채권발행결정)(-15) | 주권매매거래정지              (주식의 병합, 분할 등 전자등록 변경, 말소)(-30) | 기타시장안내(관리종목지정우려종목)              (주가 1,000원 미달)(-30) | [첨부정정]주요사항보고서(신주인수권부사채권발행결정)(-15)","2026-08-14: 반기보고서 (2026.06) | 2026-08-11: 주식등의대량보유상황보고서(일반) | 2026-08-11: 임원ㆍ주요주주특정증권등소유상황보고서 | 2026-08-11: [첨부정정]주요사항보고서(신주인수권부사채권발행결정) | 2026-08-07: 주권매매거래정지              (주식의 병합, 분할 등 전자등록 변경, 말소)",10
썸에이지,208640,-75,🚨 YES,[기재정정]주요사항보고서(유상증자결정) | 기타주요경영사항              (유상증자결정(주주배정 후 실권주 일반공모) 철회) | [기재정정]주요사항보고서(유상증자결정),,[기재정정]주요사항보고서(유상증자결정)(-15) | 기타주요경영사항              (유상증자결정(주주배정 후 실권주 일반공모) 철회)(-15) | [기재정정]주요사항보고서(유상증자결정)(-15) | 기타시장안내(관리종목지정우려종목)              (시가총액 200억원 미달)(-30),2026-08-14: 반기보고서 (2026.06) | 2026-08-12: 주주명부폐쇄기간또는기준일설정               | 2026-08-12: 주주총회소집결의              (임시주주총회) | 2026-08-10: 주식등의대량보유상황보고서(일반) | 2026-08-10: 임원ㆍ주요주주특정증권등소유상황보고서,13
이오플로우,294090,-75,🚨 YES,주권매매거래정지기간변경              (상장폐지 사유 발생) | 주요사항보고서(전환사채권발행결정) | [기재정정]주요사항보고서(유상증자결정),,주권매매거래정지기간변경              (상장폐지 사유 발생)(-30) | 주요사항보고서(전환사채권발행결정)(-15) | [기재정정]주요사항보고서(유상증자결정)(-15) | 주요사항보고서(유상증자결정)(-15),2026-08-19: 주권매매거래정지기간변경              (상장폐지 사유 발생) | 2026-08-19: 기타시장안내              (기업심사위원회 개최 결과 안내) | 2026-08-18: 주요사항보고서(전환사채권발행결정) | 2026-08-18: [기재정정]주요사항보고서(자본으로인정되는채무증권발행결정) | 2026-08-18: 주요사항보고서(자본으로인정되는채무증권발행결정),12
한국첨단소재,062970,-75,🚨 YES,[기재정정]주요사항보고서(유상증자결정) | 주요사항보고서(유상증자결정) | 주권매매거래정지해제              (액면병합 주권 변경상장),,[기재정정]주요사항보고서(유상증자결정)(-15) | 주요사항보고서(유상증자결정)(-15) | 주권매매거래정지해제              (액면병합 주권 변경상장)(-30) | 주요사항보고서(전환사채권발행결정)(-15),2026-08-20: 유상증자최종발행가액확정               | 2026-08-20: [기재정정]주요사항보고서(유상증자결정) | 2026-08-20: [기재정정]소액공모공시서류(지분증권) | 2026-08-18: 주요사항보고서(유상증자결정) | 2026-08-18: 소액공모공시서류(지분증권),11
모아데이타,288980,-75,🚨 YES,"[기재정정]주요사항보고서(유상증자결정) | 주요사항보고서(유상증자결정) | 기타시장안내(관리종목지정우려종목)              (주가 1,000원 미달)",,"[기재정정]최대주주변경을수반하는주식담보제공계약체결              (-5) | [기재정정]최대주주변경을수반하는주식담보제공계약체결              (-5) | [기재정정]주요사항보고서(유상증자결정)(-15) | 주요사항보고서(유상증자결정)(-15) | 기타시장안내(관리종목지정우려종목)              (주가 1,000원 미달)(-30)",2026-08-21: [기재정정]주주명부폐쇄기간또는기준일설정               | 2026-08-21: [기재정정]주식병합결정               | 2026-08-21: [기재정정]주주총회소집공고 | 2026-08-21: [기재정정]주주총회소집결의              (임시주주총회) | 2026-08-21: [기재정정]최대주주변경을수반하는주식담보제공계약체결              ,30
삼부토건,001470,-70,🚨 YES,[기재정정]주요사항보고서(유상증자결정) | [기재정정]주요사항보고서(감자결정) | [기재정정]주요사항보고서(유상증자결정),,[기재정정]주요사항보고서(유상증자결정)(-15) | [기재정정]주요사항보고서(감자결정)(-20) | [기재정정]주요사항보고서(유상증자결정)(-15) | [기재정정]주요사항보고서(감자결정)(-20),2026-08-20: 기타시장안내              (개선기간 종료 관련 안내) | 2026-08-14: 반기보고서 (2026.06) | 2026-08-07: [기재정정]주요사항보고서(유상증자결정) | 2026-08-07: [기재정정]주요사항보고서(감자결정) | 2026-08-07: [기재정정]주요사항보고서(유상증자결정),8
성호전자,043260,-70,🚨 YES,[기재정정]주요사항보고서(전환사채권발행결정) | [첨부정정]주요사항보고서(전환사채권발행결정) | [기재정정]주요사항보고서(전환사채권발행결정),,[기재정정]주요사항보고서(전환사채권발행결정)(-15) | [첨부정정]주요사항보고서(전환사채권발행결정)(-15) | [기재정정]주요사항보고서(전환사채권발행결정)(-15) | 주요사항보고서(전환사채권발행결정)(-15) | [기재정정]최대주주변경을수반하는주식담보제공계약체결              (-5),2026-08-18: 단기차입금감소결정(자율공시)               | 2026-08-14: 기타경영사항(자율공시)              (자기신주인수권부사채 재매각 결정) | 2026-08-14: 반기보고서 (2026.06) | 2026-08-14: 증권발행결과(자율공시)               | 2026-08-14: [기재정정]주요사항보고서(전환사채권발행결정),22
넥스턴앤롤코리아,089140,-65,🚨 YES,[기재정정]주요사항보고서(유상증자결정) | 주요사항보고서(전환사채권발행결정) | 주요사항보고서(전환사채권발행결정),,[기재정정]주요사항보고서(유상증자결정)(-15) | 주요사항보고서(전환사채권발행결정)(-15) | 주요사항보고서(전환사채권발행결정)(-15) | [기재정정]주요사항보고서(전환사채권발행결정)(-15) | [기재정정]최대주주변경을수반하는주식담보제공계약체결              (-5),2026-08-21: [기재정정]주요사항보고서(유상증자결정) | 2026-08-20: 주요사항보고서(전환사채권발행결정) | 2026-08-20: 주요사항보고서(전환사채권발행결정) | 2026-08-20: [기재정정]주요사항보고서(전환사채권발행결정) | 2026-08-14: 반기보고서 (2026.06),10
제이케이시냅스,060230,-65,🚨 YES,[기재정정]주요사항보고서(전환사채권발행결정) | [기재정정]주요사항보고서(전환사채권발행결정) | 기타시장안내(관리종목지정우려종목)              (시가총액 200억원 미달),,[기재정정]주요사항보고서(전환사채권발행결정)(-15) | [기재정정]주요사항보고서(전환사채권발행결정)(-15) | 기타시장안내(관리종목지정우려종목)              (시가총액 200억원 미달)(-30) | 최대주주변경              (-5),2026-08-18: 임원ㆍ주요주주특정증권등소유상황보고서 | 2026-08-18: 주식등의대량보유상황보고서(일반) | 2026-08-14: 반기보고서 (2026.06) | 2026-08-13: 전환가액의조정              (제27회차) | 2026-08-13: 전환가액의조정              (제25회차),23
신라섬유,001000,-60,🚨 YES,"주권매매거래정지              (주식의 병합, 분할 등 전자등록 변경, 말소) | 기타시장안내(관리종목지정우려종목)              (주가 1,000원 미달)",,"주권매매거래정지              (주식의 병합, 분할 등 전자등록 변경, 말소)(-30) | 기타시장안내(관리종목지정우려종목)              (주가 1,000원 미달)(-30)","2026-08-18: 주권매매거래정지              (주식의 병합, 분할 등 전자등록 변경, 말소) | 2026-08-14: 반기보고서 (2026.06) | 2026-08-11: 기타시장안내(관리종목지정우려종목)              (주가 1,000원 미달) | 2026-08-10: 주식등의대량보유상황보고서(약식) | 2026-08-07: 임시주주총회결과              ",5
세화피앤씨,252500,-60,🚨 YES,"기타시장안내(관리종목지정우려종목)              (주가 1,000원 미달) | 주권매매거래정지              (주식의 병합, 분할 등 전자등록 변경, 말소)",,"기타시장안내(관리종목지정우려종목)              (주가 1,000원 미달)(-30) | 주권매매거래정지              (주식의 병합, 분할 등 전자등록 변경, 말소)(-30)","2026-08-19: 의결권대리행사권유참고서류 | 2026-08-19: 주주총회소집공고 | 2026-08-13: 주식등의대량보유상황보고서(일반) | 2026-08-05: 기타시장안내(관리종목지정우려종목)              (주가 1,000원 미달) | 2026-08-05: 주권매매거래정지              (주식의 병합, 분할 등 전자등록 변경, 말소)",5
SDN,099220,-60,🚨 YES,"주권매매거래정지              (주식의 병합, 분할 등 전자등록 변경, 말소) | 기타시장안내(관리종목지정우려종목)              (주가 1,000원 미달)",,"주권매매거래정지              (주식의 병합, 분할 등 전자등록 변경, 말소)(-30) | 기타시장안내(관리종목지정우려종목)              (주가 1,000원 미달)(-30)","2026-08-18: 주권매매거래정지              (주식의 병합, 분할 등 전자등록 변경, 말소) | 2026-08-14: 반기보고서 (2026.06) | 2026-08-06: 임시주주총회결과               | 2026-08-05: 기타시장안내(관리종목지정우려종목)              (주가 1,000원 미달)",4
대진첨단소재,393970,-60,🚨 YES,주권매매거래정지              (투자자 보호) | 주권매매거래정지해제              (상장폐지에 따른 정리매매 개시),,주권매매거래정지              (투자자 보호)(-30) | 주권매매거래정지해제              (상장폐지에 따른 정리매매 개시)(-30),2026-08-14: 기타시장안내              (투자주의 환기종목 지정 사유 추가 관련 시장조치 미진행) | 2026-08-14: 반기검토(감사)의견부적정등사실확인(자본잠식률100분의50이상또는자기자본10억원미만포함)               | 2026-08-14: 반기보고서 (2026.06) | 2026-08-14: 임시주주총회결과               | 2026-07-30: 주권매매거래정지              (투자자 보호),12
코미코,183300,-60,🚨 YES,"주권매매거래정지해제              (액면분할 주권 변경상장) | 주권매매거래정지              (주식의 병합, 분할 등 전자등록 변경, 말소)",,"주권매매거래정지해제              (액면분할 주권 변경상장)(-30) | 주권매매거래정지              (주식의 병합, 분할 등 전자등록 변경, 말소)(-30)","2026-08-20: 주권매매거래정지해제              (액면분할 주권 변경상장) | 2026-08-14: 반기보고서 (2026.06) | 2026-08-06: 임원ㆍ주요주주특정증권등소유상황보고서 | 2026-08-06: 주식등의대량보유상황보고서(일반) | 2026-07-24: 주권매매거래정지              (주식의 병합, 분할 등 전자등록 변경, 말소)",5
와이즈버즈,273060,-60,🚨 YES,"주권매매거래정지              (주식의 병합, 분할 등 전자등록 변경, 말소) | 기타시장안내(관리종목지정우려종목)              (주가 1,000원 미달)",,"주권매매거래정지              (주식의 병합, 분할 등 전자등록 변경, 말소)(-30) | 기타시장안내(관리종목지정우려종목)              (주가 1,000원 미달)(-30)","2026-08-14: 주권매매거래정지              (주식의 병합, 분할 등 전자등록 변경, 말소) | 2026-08-14: 임원ㆍ주요주주특정증권등소유상황보고서 | 2026-08-14: 임원ㆍ주요주주특정증권등소유상황보고서 | 2026-08-14: 임원ㆍ주요주주특정증권등소유상황보고서 | 2026-08-14: 임원ㆍ주요주주특정증권등소유상황보고서",9
파라택시스코리아,288330,-60,🚨 YES,주권매매거래정지              (투자자 보호) | 주권매매거래정지해제              (상장폐지에 따른 정리매매 개시),,주권매매거래정지              (투자자 보호)(-30) | 주권매매거래정지해제              (상장폐지에 따른 정리매매 개시)(-30),2026-08-20: 주권매매거래정지              (투자자 보호) | 2026-08-20: 기타시장안내              (정리매매 보류 관련) | 2026-08-20: 기타경영사항(자율공시)              (상장폐지 결정 효력정지 가처분신청) | 2026-08-19: 주권매매거래정지해제              (상장폐지에 따른 정리매매 개시) | 2026-08-19: 기타시장안내              (코스닥시장위원회 개최 결과 및 상장폐지 결정 안내),9
더라미,032860,-60,🚨 YES,"기타시장안내(관리종목지정우려종목)              (주가 1,000원 미달) | 주권매매거래정지              (주식의 병합, 분할 등 전자등록 변경, 말소)",,"기타시장안내(관리종목지정우려종목)              (주가 1,000원 미달)(-30) | 주권매매거래정지              (주식의 병합, 분할 등 전자등록 변경, 말소)(-30)","2026-08-14: 반기보고서 (2026.06) | 2026-08-13: 주식등의대량보유상황보고서(일반) | 2026-08-05: 기타시장안내(관리종목지정우려종목)              (주가 1,000원 미달) | 2026-08-04: 주권매매거래정지              (주식의 병합, 분할 등 전자등록 변경, 말소)",4
체리부로,066360,-60,🚨 YES,"기타시장안내(관리종목지정우려종목)              (주가 1,000원 미달) | 주권매매거래정지              (주식의 병합, 분할 등 전자등록 변경, 말소)",,"기타시장안내(관리종목지정우려종목)              (주가 1,000원 미달)(-30) | 주권매매거래정지              (주식의 병합, 분할 등 전자등록 변경, 말소)(-30)","2026-08-20: [기재정정]반기보고서 (2026.06) | 2026-08-14: [기재정정]반기보고서 (2026.06) | 2026-08-14: 반기보고서 (2026.06) | 2026-08-05: 기타시장안내(관리종목지정우려종목)              (주가 1,000원 미달) | 2026-08-03: 주권매매거래정지              (주식의 병합, 분할 등 전자등록 변경, 말소)",5
딥커머스,900110,-60,🚨 YES,"주권매매거래정지              (주식의 병합, 분할 등 전자등록 변경, 말소) | 기타시장안내(관리종목지정우려종목)              (시가총액 200억원 미달)",,"주권매매거래정지              (주식의 병합, 분할 등 전자등록 변경, 말소)(-30) | 기타시장안내(관리종목지정우려종목)              (시가총액 200억원 미달)(-30)","2026-08-21: 주권매매거래정지              (주식의 병합, 분할 등 전자등록 변경, 말소) | 2026-08-12: 임시주주총회결과               | 2026-08-05: [기재정정]주주총회소집공고 | 2026-07-31: 임원ㆍ주요주주특정증권등소유상황보고서 | 2026-07-31: 주식등의대량보유상황보고서(일반)",8
윙입푸드,900340,-60,🚨 YES,기타시장안내(관리종목지정우려종목)              (시가총액 200억원 미달) | [기재정정]주요사항보고서(유상증자결정) | [기재정정]주요사항보고서(유상증자결정),,기타시장안내(관리종목지정우려종목)              (시가총액 200억원 미달)(-30) | [기재정정]주요사항보고서(유상증자결정)(-15) | [기재정정]주요사항보고서(유상증자결정)(-15),2026-08-13: 임원ㆍ주요주주특정증권등소유상황보고서 | 2026-08-13: 주식등의대량보유상황보고서(약식) | 2026-08-13: 임원ㆍ주요주주특정증권등소유상황보고서 | 2026-08-13: 주식등의대량보유상황보고서(약식) | 2026-08-13: 임원ㆍ주요주주특정증권등소유상황보고서,14
에이비온,203400,-60,🚨 YES,"주권매매거래정지              (상장적격성 실질심사 대상 (사유발생)) | 기타시장안내(관리종목지정우려종목)              (주가 1,000원 미달)",,"주권매매거래정지              (상장적격성 실질심사 대상 (사유발생))(-30) | 기타시장안내(관리종목지정우려종목)              (주가 1,000원 미달)(-30)",2026-08-18: 임원ㆍ주요주주특정증권등소유상황보고서 | 2026-08-14: 기타시장안내              (상장적격성 실질심사 대상결정 기한 안내) | 2026-08-14: 기타시장안내              (상장적격성 실질심사 관련) | 2026-08-14: 반기또는분기매출액미달사실발생               | 2026-08-14: 주권매매거래정지              (상장적격성 실질심사 대상 (사유발생)),15
형지글로벌,308100,-60,🚨 YES,"기타시장안내(관리종목지정우려종목)              (시가총액 200억원 미달) | 기타시장안내(관리종목지정우려종목)              (주가 1,000원 미달)",,"기타시장안내(관리종목지정우려종목)              (시가총액 200억원 미달)(-30) | 기타시장안내(관리종목지정우려종목)              (주가 1,000원 미달)(-30)","2026-08-18: 사채원리금미지급발생(자율공시)               | 2026-08-14: 반기보고서 (2026.06) | 2026-08-05: 기타시장안내(관리종목지정우려종목)              (시가총액 200억원 미달) | 2026-08-05: 기타시장안내(관리종목지정우려종목)              (주가 1,000원 미달) | 2026-07-31: 임원ㆍ주요주주특정증권등소유상황보고서",5
우듬지팜,403490,-60,🚨 YES,"기타시장안내(관리종목지정우려종목)              (주가 1,000원 미달) | 주권매매거래정지              (주식의 병합, 분할 등 전자등록 변경, 말소)",,"기타시장안내(관리종목지정우려종목)              (주가 1,000원 미달)(-30) | 주권매매거래정지              (주식의 병합, 분할 등 전자등록 변경, 말소)(-30)","2026-08-14: 반기보고서 (2026.06) | 2026-08-05: 기타시장안내(관리종목지정우려종목)              (주가 1,000원 미달) | 2026-08-03: 주권매매거래정지              (주식의 병합, 분할 등 전자등록 변경, 말소)",3
유엑스엔,337840,-60,🚨 YES,[기재정정]주요사항보고서(전환사채권발행결정) | 주요사항보고서(유상증자결정) | [기재정정]주요사항보고서(전환사채권발행결정),,[기재정정]주요사항보고서(전환사채권발행결정)(-15) | 주요사항보고서(유상증자결정)(-15) | [기재정정]주요사항보고서(전환사채권발행결정)(-15) | [기재정정]주요사항보고서(전환사채권발행결정)(-15),2026-08-21: [기재정정]주요사항보고서(전환사채권발행결정) | 2026-08-20: 임원ㆍ주요주주특정증권등소유상황보고서 | 2026-08-20: 주식등의대량보유상황보고서(약식) | 2026-08-14: 특허권취득(자율공시)               | 2026-08-12: 증권발행결과(자율공시)              ,8
케스피온,079190,-60,🚨 YES,[기재정정]주요사항보고서(유상증자결정) | 주요사항보고서(유상증자결정) | 기타시장안내(관리종목지정우려종목)              (시가총액 200억원 미달),,[기재정정]주요사항보고서(유상증자결정)(-15) | 주요사항보고서(유상증자결정)(-15) | 기타시장안내(관리종목지정우려종목)              (시가총액 200억원 미달)(-30),2026-08-21: [기재정정]주요사항보고서(유상증자결정) | 2026-08-18: 주요사항보고서(유상증자결정) | 2026-08-14: 반기보고서 (2026.06) | 2026-08-11: 기타시장안내(관리종목지정우려종목)              (시가총액 200억원 미달) | 2026-08-05: 임원ㆍ주요주주특정증권등소유상황보고서,18
모비데이즈,363260,-60,🚨 YES,"주권매매거래정지              (주식의 병합, 분할 등 전자등록 변경, 말소) | 기타시장안내(관리종목지정우려종목)              (주가 1,000원 미달)",,"주권매매거래정지              (주식의 병합, 분할 등 전자등록 변경, 말소)(-30) | 기타시장안내(관리종목지정우려종목)              (주가 1,000원 미달)(-30)","2026-08-20: 주식등의대량보유상황보고서(일반) | 2026-08-20: 임원ㆍ주요주주특정증권등소유상황보고서 | 2026-08-18: 주권매매거래정지              (주식의 병합, 분할 등 전자등록 변경, 말소) | 2026-08-13: 임원ㆍ주요주주특정증권등소유상황보고서 | 2026-08-12: 반기보고서 (2026.06)",14
아이큐어,175250,-60,🚨 YES,[기재정정]주요사항보고서(유상증자결정) | [기재정정]주요사항보고서(유상증자결정) | [기재정정]주요사항보고서(유상증자결정),,[기재정정]주요사항보고서(유상증자결정)(-15) | [기재정정]주요사항보고서(유상증자결정)(-15) | [기재정정]주요사항보고서(유상증자결정)(-15) | [기재정정]주요사항보고서(유상증자결정)(-15),2026-08-18: [기재정정]주요사항보고서(유상증자결정) | 2026-08-14: [기재정정]주요사항보고서(유상증자결정) | 2026-08-14: 반기보고서 (2026.06) | 2026-08-13: [기재정정]의결권대리행사권유참고서류 | 2026-08-13: [기재정정]주주총회소집공고,13
나이스정보통신,036800,-60,🚨 YES,주권매매거래정지해제              (액면분할 주권 변경상장) | 주권매매거래정지              (주식분할),,주권매매거래정지해제              (액면분할 주권 변경상장)(-30) | 주권매매거래정지              (주식분할)(-30),2026-08-14: 기업설명회(IR)개최               | 2026-08-14: 반기보고서 (2026.06) | 2026-08-14: 주권매매거래정지해제              (액면분할 주권 변경상장) | 2026-08-07: 임원ㆍ주요주주특정증권등소유상황보고서 | 2026-08-07: 임원ㆍ주요주주특정증권등소유상황보고서,10
국영지앤엠,006050,-60,🚨 YES,"기타시장안내(관리종목지정우려종목)              (주가 1,000원 미달) | 주권매매거래정지              (주식의 병합, 분할 등 전자등록 변경, 말소)",,"기타시장안내(관리종목지정우려종목)              (주가 1,000원 미달)(-30) | 주권매매거래정지              (주식의 병합, 분할 등 전자등록 변경, 말소)(-30)","2026-08-14: 반기보고서 (2026.06) | 2026-08-05: 기타시장안내(관리종목지정우려종목)              (주가 1,000원 미달) | 2026-08-04: 주권매매거래정지              (주식의 병합, 분할 등 전자등록 변경, 말소) | 2026-07-29: 임원ㆍ주요주주특정증권등소유상황보고서 | 2026-07-29: 주식등의대량보유상황보고서(일반)",6
드림라인,035430,-60,🚨 YES,[기재정정]주요사항보고서(유상증자결정) | [기재정정]주요사항보고서(유상증자결정) | [기재정정]주요사항보고서(유상증자결정),,[기재정정]주요사항보고서(유상증자결정)(-15) | [기재정정]주요사항보고서(유상증자결정)(-15) | [기재정정]주요사항보고서(유상증자결정)(-15) | [기재정정]주요사항보고서(유상증자결정)(-15),2026-08-14: 반기보고서 (2026.06) | 2026-08-06: [기재정정]주요사항보고서(유상증자결정) | 2026-08-06: [기재정정]주요사항보고서(유상증자결정) | 2026-07-30: [기재정정]주요사항보고서(유상증자결정) | 2026-07-30: [기재정정]주요사항보고서(유상증자결정),5
파라텍,033540,-60,🚨 YES,주권매매거래정지해제              (액면병합 주권 변경상장) | [첨부정정]주요사항보고서(전환사채권발행결정) | [기재정정]주요사항보고서(전환사채권발행결정),,주권매매거래정지해제              (액면병합 주권 변경상장)(-30) | [첨부정정]주요사항보고서(전환사채권발행결정)(-15) | [기재정정]주요사항보고서(전환사채권발행결정)(-15),2026-08-18: 증권발행결과(자율공시)              (제4회차 CB) | 2026-08-13: 반기보고서 (2026.06) | 2026-08-13: 주권매매거래정지해제              (액면병합 주권 변경상장) | 2026-08-13: [첨부정정]주요사항보고서(전환사채권발행결정) | 2026-07-29: 주식등의대량보유상황보고서(일반),7
서울전자통신,027040,-60,🚨 YES,[기재정정]주요사항보고서(유상증자결정) | [기재정정]주요사항보고서(유상증자결정) | 주요사항보고서(유상증자결정),,[기재정정]주요사항보고서(유상증자결정)(-15) | [기재정정]주요사항보고서(유상증자결정)(-15) | 주요사항보고서(유상증자결정)(-15) | [기재정정]주요사항보고서(유상증자결정)(-15),2026-08-21: [기재정정]주요사항보고서(유상증자결정) | 2026-08-21: [기재정정]소액공모공시서류(지분증권) | 2026-08-20: [기재정정]소액공모공시서류(지분증권) | 2026-08-19: [기재정정]주요사항보고서(유상증자결정) | 2026-08-14: 반기보고서 (2026.06),8
시선AI,340810,-60,🚨 YES,[기재정정]주요사항보고서(유상증자결정) | [기재정정]주요사항보고서(유상증자결정) | [기재정정]주요사항보고서(유상증자결정),,[기재정정]주요사항보고서(유상증자결정)(-15) | [기재정정]주요사항보고서(유상증자결정)(-15) | [기재정정]주요사항보고서(유상증자결정)(-15) | [기재정정]주요사항보고서(유상증자결정)(-15),2026-08-18: [기재정정]소액공모실적보고서 | 2026-08-18: [기재정정]소액공모공시서류(지분증권) | 2026-08-18: [기재정정]증권발행결과(자율공시)               | 2026-08-18: [기재정정]주요사항보고서(유상증자결정) | 2026-08-14: 반기보고서 (2026.06),16
노을,376930,-60,🚨 YES,"주권매매거래정지              (주식의 병합, 분할 등 전자등록 변경, 말소) | 기타시장안내(관리종목지정우려종목)              (주가 1,000원 미달)",,"주권매매거래정지              (주식의 병합, 분할 등 전자등록 변경, 말소)(-30) | 기타시장안내(관리종목지정우려종목)              (주가 1,000원 미달)(-30)","2026-08-19: 주식등의대량보유상황보고서(일반) | 2026-08-14: 주권매매거래정지              (주식의 병합, 분할 등 전자등록 변경, 말소) | 2026-08-13: 반기보고서 (2026.06) | 2026-08-05: 기타시장안내(관리종목지정우려종목)              (주가 1,000원 미달) | 2026-07-29: 주식등의대량보유상황보고서(일반)",6
아스트,067390,-60,🚨 YES,"기타시장안내(관리종목지정우려종목)              (주가 1,000원 미달) | 주권매매거래정지              (주식의 병합, 분할 등 전자등록 변경, 말소)",,"기타시장안내(관리종목지정우려종목)              (주가 1,000원 미달)(-30) | 주권매매거래정지              (주식의 병합, 분할 등 전자등록 변경, 말소)(-30)","2026-08-13: 반기보고서 (2026.06) | 2026-08-13: 임원ㆍ주요주주특정증권등소유상황보고서 | 2026-08-05: 기타시장안내(관리종목지정우려종목)              (주가 1,000원 미달) | 2026-08-04: 주권매매거래정지              (주식의 병합, 분할 등 전자등록 변경, 말소)",4
우리이앤엘하루틴,153490,-60,🚨 YES,"주권매매거래정지해제              (액면병합 주권 변경상장) | 주권매매거래정지              (주식의 병합, 분할 등 전자등록 변경, 말소)",,"주권매매거래정지해제              (액면병합 주권 변경상장)(-30) | 주권매매거래정지              (주식의 병합, 분할 등 전자등록 변경, 말소)(-30)","2026-08-19: 주권매매거래정지해제              (액면병합 주권 변경상장) | 2026-08-14: 반기보고서 (2026.06) | 2026-07-24: 주권매매거래정지              (주식의 병합, 분할 등 전자등록 변경, 말소)",3
뉴인텍,012340,-57,🚨 YES,"기타시장안내(관리종목지정우려종목)              (주가 1,000원 미달) | 기타시장안내(관리종목지정우려종목)              (시가총액 200억원 미달)",연결재무제표기준영업(잠정)실적(공정공시)              (+3),"기타시장안내(관리종목지정우려종목)              (주가 1,000원 미달)(-30) | 기타시장안내(관리종목지정우려종목)              (시가총액 200억원 미달)(-30)","2026-08-18: 반기보고서 (2026.06) | 2026-08-10: 주식등의대량보유상황보고서(일반) | 2026-08-10: 임원ㆍ주요주주특정증권등소유상황보고서 | 2026-08-05: 기타시장안내(관리종목지정우려종목)              (주가 1,000원 미달) | 2026-08-05: 연결재무제표기준영업(잠정)실적(공정공시)              ",8
젬백스,082270,-55,🚨 YES,[기재정정]주요사항보고서(유상증자결정) | [기재정정]주요사항보고서(유상증자결정),,[기재정정]주요사항보고서(유상증자결정)(-15) | [기재정정]최대주주변경을수반하는주식담보제공계약체결              (-5) | [기재정정]주요사항보고서(유상증자결정)(-15) | [기재정정]최대주주변경을수반하는주식담보제공계약체결              (-5) | [기재정정]최대주주변경을수반하는주식담보제공계약체결              (-5),2026-08-20: [기재정정]주요사항보고서(유상증자결정) | 2026-08-20: 증권발행결과(자율공시)               | 2026-08-20: 주식등의대량보유상황보고서(일반) | 2026-08-18: 임원ㆍ주요주주특정증권등소유상황보고서 | 2026-08-14: [기재정정]최대주주변경을수반하는주식담보제공계약체결              ,13
씨엑스아이,900120,-55,🚨 YES,"주권매매거래정지              (주식의 병합, 분할 등 전자등록 변경, 말소) | 기타시장안내(관리종목지정우려종목)              (시가총액 200억원 미달)",단일판매ㆍ공급계약체결(자회사의 주요경영사항)              (+5),"주권매매거래정지              (주식의 병합, 분할 등 전자등록 변경, 말소)(-30) | 기타시장안내(관리종목지정우려종목)              (시가총액 200억원 미달)(-30)","2026-08-20: 주권매매거래정지              (주식의 병합, 분할 등 전자등록 변경, 말소) | 2026-08-19: [기재정정]주요사항보고서(타법인주식및출자증권양수결정) | 2026-08-19: [기재정정]타법인주식및출자증권처분결정(종속회사의주요경영사항)               | 2026-08-11: 독립이사의선임ㆍ해임또는중도퇴임에관한신고 | 2026-08-11: 임시주주총회결과              ",10
이노진,344860,-55,🚨 YES,주요사항보고서(유상증자결정) | 기타시장안내(관리종목지정우려종목)              (시가총액 200억원 미달) | [기재정정]주요사항보고서(유상증자결정),주요사항보고서(자기주식취득결정)(+5),주요사항보고서(유상증자결정)(-15) | 기타시장안내(관리종목지정우려종목)              (시가총액 200억원 미달)(-30) | [기재정정]주요사항보고서(유상증자결정)(-15),2026-08-18: 증권발행결과(자율공시)               | 2026-08-14: 반기보고서 (2026.06) | 2026-08-13: 임원ㆍ주요주주특정증권등소유상황보고서 | 2026-08-13: 주식등의대량보유상황보고서(일반) | 2026-08-11: [기재정정]주식등의대량보유상황보고서(일반),15
라온피플,300120,-54,🚨 YES,"주권매매거래정지해제              (액면병합 주권 변경상장) | 주권매매거래정지              (주식의 병합, 분할 등 전자등록 변경, 말소)",연결재무제표기준영업(잠정)실적(공정공시)              (+3) | 영업(잠정)실적(공정공시)              (+3),"주권매매거래정지해제              (액면병합 주권 변경상장)(-30) | 주권매매거래정지              (주식의 병합, 분할 등 전자등록 변경, 말소)(-30)",2026-08-19: 주권매매거래정지해제              (액면병합 주권 변경상장) | 2026-08-14: 반기보고서 (2026.06) | 2026-08-13: 연결재무제표기준영업(잠정)실적(공정공시)               | 2026-08-06: 임원ㆍ주요주주특정증권등소유상황보고서 | 2026-08-06: 임원ㆍ주요주주특정증권등소유상황보고서,8
누보,332290,-52,🚨 YES,"주권매매거래정지              (주식의 병합, 분할 등 전자등록 변경, 말소) | 기타시장안내(관리종목지정우려종목)              (주가 1,000원 미달)",주식소각결정              (+5) | 연결재무제표기준영업(잠정)실적(공정공시)              (+3),"주권매매거래정지              (주식의 병합, 분할 등 전자등록 변경, 말소)(-30) | 기타시장안내(관리종목지정우려종목)              (주가 1,000원 미달)(-30)","2026-08-21: 주식등의대량보유상황보고서(일반) | 2026-08-18: 주권매매거래정지              (주식의 병합, 분할 등 전자등록 변경, 말소) | 2026-08-18: [기재정정]주식병합결정               | 2026-08-14: 반기보고서 (2026.06) | 2026-08-12: 기업설명회(IR)개최              ",19
모바일어플라이언스,087260,-50,🚨 YES,횡령ㆍ배임혐의발생               | 횡령ㆍ배임혐의발생              ,,횡령ㆍ배임혐의발생              (-25) | 횡령ㆍ배임혐의발생              (-25),2026-08-20: 소송등의제기ㆍ신청(경영권분쟁소송)              (검사인 선임) | 2026-08-18: 독립이사의선임ㆍ해임또는중도퇴임에관한신고 | 2026-08-18: 임시주주총회결과               | 2026-08-18: 주주명부폐쇄기간또는기준일설정               | 2026-08-18: 주주총회소집결의              ,17
헝셩그룹,900270,-50,🚨 YES,주요사항보고서(유상증자결정) | [기재정정]주요사항보고서(유상증자결정) | [기재정정]주요사항보고서(유상증자결정),,주요사항보고서(유상증자결정)(-15) | [기재정정]주요사항보고서(유상증자결정)(-15) | 최대주주변경              (-5) | [기재정정]주요사항보고서(유상증자결정)(-15),2026-08-19: 주요사항보고서(유상증자결정) | 2026-08-19: 주주총회소집결의              (임시주주총회) | 2026-08-19: 주주명부폐쇄기간또는기준일설정               | 2026-08-12: [기재정정]주요사항보고서(유상증자결정) | 2026-08-11: 임원ㆍ주요주주특정증권등소유상황보고서,11
KS인더스트리,101000,-50,🚨 YES,[기재정정]주요사항보고서(감자결정) | 주권매매거래정지해제              (감자 주권 변경상장),,[기재정정]주요사항보고서(감자결정)(-20) | 주권매매거래정지해제              (감자 주권 변경상장)(-30),2026-08-19: 주요사항보고서(자기전환사채만기전취득결정) | 2026-08-18: 독립이사의선임ㆍ해임또는중도퇴임에관한신고 | 2026-08-18: [기재정정]금전대여결정               | 2026-08-18: 주요사항보고서(자기전환사채만기전취득결정) | 2026-08-14: 반기보고서 (2026.06),12
한탑,002680,-45,🚨 YES,주요사항보고서(유상증자결정) | 기타시장안내(관리종목지정우려종목)              (시가총액 200억원 미달),,주요사항보고서(유상증자결정)(-15) | 기타시장안내(관리종목지정우려종목)              (시가총액 200억원 미달)(-30),2026-08-20: 주요사항보고서(유상증자결정) | 2026-08-14: [기재정정]벌금등의부과               | 2026-08-14: 반기보고서 (2026.06) | 2026-08-11: 임원ㆍ주요주주특정증권등거래계획보고서 | 2026-08-10: [기재정정]임원ㆍ주요주주특정증권등소유상황보고서,8
성원에너텍,340930,-45,🚨 YES,[기재정정]주요사항보고서(유상증자결정) | [기재정정]주요사항보고서(유상증자결정) | [기재정정]주요사항보고서(유상증자결정),,[기재정정]주요사항보고서(유상증자결정)(-15) | [기재정정]주요사항보고서(유상증자결정)(-15) | [기재정정]주요사항보고서(유상증자결정)(-15),2026-08-21: [기재정정]회생절차개시결정               | 2026-08-14: 반기보고서 (2026.06) | 2026-08-14: 반기검토(감사)의견부적정등사실확인(자본잠식률100분의50이상또는자기자본10억원미만포함)               | 2026-08-14: [기재정정]주식등의대량보유상황보고서(일반) | 2026-08-14: [기재정정]주식등의대량보유상황보고서(일반),15
인콘,083640,-45,🚨 YES,"주권매매거래정지              (주식의 병합, 분할 등 전자등록 변경, 말소) | [기재정정]주요사항보고서(전환사채권발행결정)",,"주권매매거래정지              (주식의 병합, 분할 등 전자등록 변경, 말소)(-30) | [기재정정]주요사항보고서(전환사채권발행결정)(-15)","2026-08-18: 주권매매거래정지              (주식의 병합, 분할 등 전자등록 변경, 말소) | 2026-08-14: 반기보고서 (2026.06) | 2026-08-07: 임시주주총회결과               | 2026-08-06: [기재정정]주요사항보고서(전환사채권발행결정) | 2026-07-28: 투자판단관련주요경영사항              (인천국제공항공사 IoT기반 탑승교 시설관리 고도화 사업 우선협상대상자 선정)",5
비투엔,307870,-45,🚨 YES,"기타시장안내(관리종목지정우려종목)              (주가 1,000원 미달)",,"[기재정정]최대주주변경을수반하는주식양수도계약체결              (-5) | [기재정정]최대주주변경을수반하는주식양수도계약체결              (-5) | [기재정정]최대주주변경을수반하는주식양수도계약체결              (-5) | 기타시장안내(관리종목지정우려종목)              (주가 1,000원 미달)(-30)",2026-08-21: [기재정정]최대주주변경을수반하는주식양수도계약체결               | 2026-08-21: 주식등의대량보유상황보고서(약식) | 2026-08-21: 임원ㆍ주요주주특정증권등소유상황보고서 | 2026-08-21: 주식등의대량보유상황보고서(일반) | 2026-08-19: [기재정정]최대주주변경을수반하는주식양수도계약체결              ,15
삼보산업,009620,-45,🚨 YES,[기재정정]주요사항보고서(유상증자결정) | 기타시장안내(관리종목지정우려종목)              (시가총액 200억원 미달),,[기재정정]주요사항보고서(유상증자결정)(-15) | 기타시장안내(관리종목지정우려종목)              (시가총액 200억원 미달)(-30),2026-08-14: 반기보고서 (2026.06) | 2026-08-10: [기재정정]주요사항보고서(유상증자결정) | 2026-07-31: 주식등의대량보유상황보고서(일반) | 2026-07-31: 임원ㆍ주요주주특정증권등소유상황보고서 | 2026-07-31: 조회공시요구(현저한시황변동)에대한답변(중요정보없음)              ,8
푸드나무,290720,-45,🚨 YES,[기재정정]주요사항보고서(유상증자결정) | [기재정정]주요사항보고서(유상증자결정) | [기재정정]주요사항보고서(유상증자결정),,[기재정정]주요사항보고서(유상증자결정)(-15) | [기재정정]주요사항보고서(유상증자결정)(-15) | [기재정정]주요사항보고서(유상증자결정)(-15),2026-08-14: 반기보고서 (2026.06) | 2026-08-04: [기재정정]주요사항보고서(유상증자결정) | 2026-07-29: [기재정정]주요사항보고서(유상증자결정) | 2026-07-29: [기재정정]주요사항보고서(유상증자결정) | 2026-07-28: 주식등의대량보유상황보고서(일반),5
대양금속,009190,-45,🚨 YES,[기재정정]주요사항보고서(전환사채권발행결정) | [기재정정]주요사항보고서(전환사채권발행결정) | [기재정정]주요사항보고서(유상증자결정),,[기재정정]주요사항보고서(전환사채권발행결정)(-15) | [기재정정]주요사항보고서(전환사채권발행결정)(-15) | [기재정정]주요사항보고서(유상증자결정)(-15),2026-08-14: 반기보고서 (2026.06) | 2026-08-12: [기재정정]주주총회소집공고 | 2026-08-12: 주식등의대량보유상황보고서(일반) | 2026-08-12: 임원ㆍ주요주주특정증권등소유상황보고서 | 2026-08-11: 의결권대리행사권유참고서류,15
대동금속,020400,-45,🚨 YES,기타시장안내              (관리종목지정우려종목)(시가총액 200억원 미달) | 주요사항보고서(유상증자결정),,기타시장안내              (관리종목지정우려종목)(시가총액 200억원 미달)(-30) | 주요사항보고서(유상증자결정)(-15),2026-08-14: 반기보고서 (2026.06) | 2026-08-12: 기타시장안내              (관리종목지정우려종목)(시가총액 200억원 미달) | 2026-08-12: 타법인주식및출자증권취득결정               | 2026-08-12: 주요사항보고서(유상증자결정),4
에이프로젠,007460,-45,🚨 YES,주요사항보고서(전환사채권발행결정) | 주요사항보고서(전환사채권발행결정) | [기재정정]주요사항보고서(전환사채권발행결정)(자회사의 주요경영사항)              (제11회차),,주요사항보고서(전환사채권발행결정)(-15) | 주요사항보고서(전환사채권발행결정)(-15) | [기재정정]주요사항보고서(전환사채권발행결정)(자회사의 주요경영사항)              (제11회차)(-15),2026-08-21: 주식등의대량보유상황보고서(일반) | 2026-08-21: 유상증자또는주식관련사채등의발행결과(자율공시)               | 2026-08-21: 유상증자또는주식관련사채등의발행결과(자율공시)               | 2026-08-14: 반기보고서 (2026.06) | 2026-08-10: 주요사항보고서(전환사채권발행결정),11
아이오케이이엔엠,078860,-45,🚨 YES,기타시장안내(관리종목지정우려종목)              (시가총액 200억원 미달) | [기재정정]주요사항보고서(유상증자결정),,기타시장안내(관리종목지정우려종목)              (시가총액 200억원 미달)(-30) | [기재정정]주요사항보고서(유상증자결정)(-15),2026-08-14: 반기보고서 (2026.06) | 2026-08-07: 전환가액의조정              (제21회차) | 2026-08-06: [기재정정]주주총회소집결의               | 2026-08-05: 기타시장안내(관리종목지정우려종목)              (시가총액 200억원 미달) | 2026-07-29: [기재정정]주요사항보고서(유상증자결정),5
핑거스토리,417180,-45,🚨 YES,주요사항보고서(유상증자결정) | 기타시장안내(관리종목지정우려종목)              (시가총액 200억원 미달),,주요사항보고서(유상증자결정)(-15) | 기타시장안내(관리종목지정우려종목)              (시가총액 200억원 미달)(-30),2026-08-14: 주요사항보고서(유상증자결정) | 2026-08-13: 반기보고서 (2026.06) | 2026-08-10: 임원ㆍ주요주주특정증권등소유상황보고서 | 2026-08-10: 주식등의대량보유상황보고서(일반) | 2026-08-03: 임원ㆍ주요주주특정증권등소유상황보고서,8
한주에이알티,058450,-45,🚨 YES,[기재정정]주요사항보고서(유상증자결정) | 주요사항보고서(유상증자결정) | 주요사항보고서(유상증자결정),,[기재정정]주요사항보고서(유상증자결정)(-15) | 주요사항보고서(유상증자결정)(-15) | 주요사항보고서(유상증자결정)(-15),2026-08-19: 조회공시요구(현저한시황변동)에대한답변(중요정보없음)               | 2026-08-18: 조회공시요구(현저한시황변동)               | 2026-08-13: 임시주주총회결과               | 2026-08-10: 반기보고서 (2026.06) | 2026-08-07: 주식등의대량보유상황보고서(일반),17
판타지오,032800,-45,🚨 YES,[기재정정]주요사항보고서(유상증자결정) | [기재정정]주요사항보고서(유상증자결정) | 주요사항보고서(유상증자결정),,[기재정정]주요사항보고서(유상증자결정)(-15) | [기재정정]주요사항보고서(유상증자결정)(-15) | 주요사항보고서(유상증자결정)(-15),2026-08-12: [기재정정]증권신고서(지분증권) | 2026-08-11: [기재정정]주요사항보고서(유상증자결정) | 2026-08-07: 임원ㆍ주요주주특정증권등소유상황보고서 | 2026-08-07: 주식등의대량보유상황보고서(일반) | 2026-08-05: 증권발행결과(자율공시)              ,9
한전기술,052690,-42,🚨 YES,횡령ㆍ배임사실확인               | 횡령ㆍ배임사실확인              ,연결재무제표기준영업(잠정)실적(공정공시)              (+3) | [기재정정]단일판매ㆍ공급계약체결              (+5),횡령ㆍ배임사실확인              (-25) | 횡령ㆍ배임사실확인              (-25),2026-08-20: 횡령ㆍ배임사실확인               | 2026-08-14: 반기보고서 (2026.06) | 2026-08-07: 연결재무제표기준영업(잠정)실적(공정공시)               | 2026-08-07: 풍문또는보도에대한해명(미확정)               | 2026-07-27: [기재정정]단일판매ㆍ공급계약체결              ,5
나노씨엠에스,247660,-42,🚨 YES,주요사항보고서(유상증자결정) | 기타시장안내(관리종목지정우려종목)              (시가총액 200억원 미달),영업(잠정)실적(공정공시)              (+3),주요사항보고서(유상증자결정)(-15) | 기타시장안내(관리종목지정우려종목)              (시가총액 200억원 미달)(-30),2026-08-20: 주요사항보고서(유상증자결정) | 2026-08-14: 반기보고서 (2026.06) | 2026-08-12: 전환사채(해외전환사채포함)발행후만기전사채취득              (제2회차) | 2026-08-12: 주식등의대량보유상황보고서(일반) | 2026-08-10: 주주명부폐쇄기간또는기준일설정              ,13
유티아이,179900,-40,🚨 YES,[기재정정]주요사항보고서(전환사채권발행결정) | [기재정정]주요사항보고서(유상증자결정) | 주요사항보고서(유상증자결정),[기재정정]주요사항보고서(자기주식취득결정)(+5),[기재정정]주요사항보고서(전환사채권발행결정)(-15) | [기재정정]주요사항보고서(유상증자결정)(-15) | 주요사항보고서(유상증자결정)(-15),2026-08-18: 임원ㆍ주요주주특정증권등소유상황보고서 | 2026-08-14: 반기보고서 (2026.06) | 2026-08-13: [기재정정]주요사항보고서(전환사채권발행결정) | 2026-08-13: 소액공모실적보고서 | 2026-08-13: 증권발행결과(자율공시)              (일반공모증자-소액공모),16
아센디오,012170,-40,🚨 YES,주요사항보고서(유상증자결정) | [기재정정]주요사항보고서(유상증자결정),,주요사항보고서(유상증자결정)(-15) | 최대주주등소유주식변동신고서(최대주주변경시)              (-5) | 최대주주변경              (-5) | [기재정정]주요사항보고서(유상증자결정)(-15),2026-08-21: 합병등종료보고서(자산양수도) | 2026-08-14: 임원ㆍ주요주주특정증권등소유상황보고서 | 2026-08-14: 주식등의대량보유상황보고서(일반) | 2026-08-14: 임원ㆍ주요주주특정증권등소유상황보고서 | 2026-08-14: 주식등의대량보유상황보고서(일반),18
상지건설,042940,-40,🚨 YES,[기재정정]주요사항보고서(유상증자결정) | [첨부정정]주요사항보고서(유상증자결정) | [기재정정]주요사항보고서(유상증자결정),단일판매ㆍ공급계약체결              (+5),[기재정정]주요사항보고서(유상증자결정)(-15) | [첨부정정]주요사항보고서(유상증자결정)(-15) | [기재정정]주요사항보고서(유상증자결정)(-15),2026-08-14: [첨부추가]반기보고서 (2026.06) | 2026-08-18: [기재정정]반기보고서 (2026.06) | 2026-08-14: [기재정정]반기보고서 (2026.06) | 2026-08-07: [기재정정]주요사항보고서(유상증자결정) | 2026-08-07: [첨부정정]주요사항보고서(유상증자결정),9
아이에스동서,010780,-40,🚨 YES,매매거래정지및정지해제(풍문등조회공시)               | 매매거래정지및정지해제(풍문등조회공시)              ,주식소각결정              (+5) | [기재정정]단일판매ㆍ공급계약체결              (+5) | 단일판매ㆍ공급계약체결              (+5) | [기재정정]단일판매ㆍ공급계약체결              (+5),매매거래정지및정지해제(풍문등조회공시)              (-30) | 매매거래정지및정지해제(풍문등조회공시)              (-30),2026-08-20: 주요사항보고서(자기주식취득신탁계약체결결정) | 2026-08-19: 임원ㆍ주요주주특정증권등소유상황보고서 | 2026-08-19: 주식등의대량보유상황보고서(일반) | 2026-08-14: 주식등의대량보유상황보고서(일반) | 2026-08-14: 주식소각결정              ,18
상보,027580,-40,🚨 YES,기타시장안내(관리종목지정우려종목)              (시가총액 200억원 미달),,최대주주변경              (-5) | 기타시장안내(관리종목지정우려종목)              (시가총액 200억원 미달)(-30) | 최대주주변경을수반하는주식양수도계약체결              (-5),2026-08-14: 반기보고서 (2026.06) | 2026-08-11: 임원ㆍ주요주주특정증권등거래계획보고서 | 2026-08-07: 임원ㆍ주요주주특정증권등소유상황보고서 | 2026-08-07: 주식등의대량보유상황보고서(일반) | 2026-08-07: 임원ㆍ주요주주특정증권등소유상황보고서,11
대선조선,031990,-35,🚨 YES,주요사항보고서(유상증자결정) | 주요사항보고서(감자결정),,주요사항보고서(유상증자결정)(-15) | 주요사항보고서(감자결정)(-20),2026-08-14: 반기보고서 (2026.06) | 2026-07-31: 주요사항보고서(유상증자결정) | 2026-07-31: 주요사항보고서(감자결정),3
주성코퍼레이션,109070,-35,🚨 YES,[기재정정]주요사항보고서(유상증자결정) | [기재정정]주요사항보고서(전환사채권발행결정),,최대주주등소유주식변동신고서(최대주주변경시)              (-5) | [기재정정]주요사항보고서(유상증자결정)(-15) | [기재정정]주요사항보고서(전환사채권발행결정)(-15),2026-08-20: 최대주주등소유주식변동신고서               | 2026-08-20: 임원ㆍ주요주주특정증권등소유상황보고서 | 2026-08-14: 반기보고서 (2026.06) | 2026-08-14: 임원ㆍ주요주주특정증권등소유상황보고서 | 2026-08-11: 최대주주등소유주식변동신고서              ,14
루멘스,038060,-35,🚨 YES,"기타시장안내(관리종목지정우려종목)              (주가 1,000원 미달)",,"최대주주변경을수반하는주식양수도계약체결              (-5) | 기타시장안내(관리종목지정우려종목)              (주가 1,000원 미달)(-30)",2026-08-18: 의결권대리행사권유참고서류 | 2026-08-18: 주주총회소집공고 | 2026-08-18: [기재정정]주식병합결정               | 2026-08-18: [기재정정]주주총회소집결의              (임시주주총회) | 2026-08-13: 주식등의대량보유상황보고서(일반),12
신한글로벌액티브리츠,481850,-35,🚨 YES,감자결정(종속회사의주요경영사항)               | 유상증자결정(종속회사의주요경영사항)              ,,감자결정(종속회사의주요경영사항)              (-20) | 유상증자결정(종속회사의주요경영사항)              (-15),2026-08-13: 주주명부폐쇄기간또는기준일설정               | 2026-08-07: 기타경영사항(자율공시)               | 2026-08-03: 타법인주식및출자증권처분결정               | 2026-08-03: 감자결정(종속회사의주요경영사항)               | 2026-07-24: 유상증자결정(종속회사의주요경영사항)              ,5
듀오백,073190,-35,🚨 YES,주권매매거래정지              (상장적격성 실질심사 대상(사유발생)),,주권매매거래정지              (상장적격성 실질심사 대상(사유발생))(-30) | 최대주주변경              (-5),2026-08-20: 기타시장안내              (상장적격성 실질심사 대상결정 기한 안내) | 2026-08-19: 주권매매거래정지              (상장적격성 실질심사 대상(사유발생)) | 2026-08-19: 기타시장안내              (상장적격성 실질심사 관련) | 2026-08-19: 최대주주변경               | 2026-08-19: 대표이사변경              ,8
에스트래픽,234300,-30,🚨 YES,주권매매거래정지              (영업양수도),,주권매매거래정지              (영업양수도)(-30),2026-08-14: 반기보고서 (2026.06) | 2026-08-06: 주주명부폐쇄기간또는기준일설정               | 2026-08-06: 주주총회소집결의              (임시주주총회) | 2026-08-06: 주권매매거래정지              (영업양수도) | 2026-08-06: 주요사항보고서(영업양수결정),6
대신정보통신,020180,-30,🚨 YES,주권매매거래정지해제              (액면병합 주권 변경상장),,주권매매거래정지해제              (액면병합 주권 변경상장)(-30),2026-08-18: 주권매매거래정지해제              (액면병합 주권 변경상장) | 2026-08-14: 분기보고서 (2026.06) | 2026-08-14: [기재정정]사업보고서 (2026.03) | 2026-08-11: 임원ㆍ주요주주특정증권등소유상황보고서 | 2026-08-10: 임원ㆍ주요주주특정증권등소유상황보고서,9
하이드로리튬,101670,-30,🚨 YES,"기타시장안내(관리종목지정우려종목)              (주가 1,000원 미달)",,"기타시장안내(관리종목지정우려종목)              (주가 1,000원 미달)(-30)","2026-08-21: 기타시장안내(관리종목지정우려종목)              (주가 1,000원 미달) | 2026-08-14: 반기보고서 (2026.06) | 2026-07-24: [기재정정]사업보고서 (2025.12)",3
CMG제약,058820,-30,🚨 YES,"기타시장안내(관리종목지정우려종목)              (주가 1,000원 미달)",,"기타시장안내(관리종목지정우려종목)              (주가 1,000원 미달)(-30)","2026-08-14: 반기보고서 (2026.06) | 2026-08-13: 의결권대리행사권유참고서류 | 2026-08-13: 주주총회소집공고 | 2026-08-07: [기재정정]주식등의대량보유상황보고서(약식) | 2026-08-05: 기타시장안내(관리종목지정우려종목)              (주가 1,000원 미달)",5
더테크놀로지,043090,-30,🚨 YES,주권매매거래정지해제              (상장폐지에 따른 정리매매 개시),,주권매매거래정지해제              (상장폐지에 따른 정리매매 개시)(-30),2026-08-19: 주요사항보고서(회사분할결정) | 2026-08-14: 반기보고서 (2026.06) | 2026-08-13: 주식등의대량보유상황보고서(일반) | 2026-08-07: 임원ㆍ주요주주특정증권등소유상황보고서 | 2026-08-07: 주식등의대량보유상황보고서(약식),9
원풍물산,008290,-30,🚨 YES,"기타시장안내              (관리종목지정사유 추가우려)(주가 1,000원 미달)",,"기타시장안내              (관리종목지정사유 추가우려)(주가 1,000원 미달)(-30)","2026-08-21: 조회공시요구(현저한시황변동)               | 2026-08-14: 반기보고서 (2026.06) | 2026-08-05: 기타시장안내              (관리종목지정사유 추가우려)(주가 1,000원 미달)",3
일신바이오,068330,-30,🚨 YES,"기타시장안내(관리종목지정우려종목)              (주가 1,000원 미달)",,"기타시장안내(관리종목지정우려종목)              (주가 1,000원 미달)(-30)","2026-08-14: 반기보고서 (2026.06) | 2026-08-11: 기타시장안내(관리종목지정우려종목)              (주가 1,000원 미달)",2
스코넥,276040,-30,🚨 YES,주권매매거래정지기간변경              (상장적격성 실질심사 대상(사유발생)),[기재정정]단일판매ㆍ공급계약체결              (+5),주권매매거래정지기간변경              (상장적격성 실질심사 대상(사유발생))(-30) | 최대주주변경              (-5),2026-08-14: 반기보고서 (2026.06) | 2026-08-14: 반기검토(감사)의견부적정등사실확인(자본잠식률100분의50이상또는자기자본10억원미만포함)               | 2026-08-12: 불성실공시법인지정              (공시번복) | 2026-08-06: 기타시장안내              (상장적격성 실질심사 대상결정 기한 안내) | 2026-08-05: 기타시장안내              (상장적격성 실질심사 관련 안내),10
지엘팜텍,204840,-30,🚨 YES,주권매매거래정지해제              (액면병합 주권 변경상장),,주권매매거래정지해제              (액면병합 주권 변경상장)(-30),2026-08-21: 투자판단관련주요경영사항(임상시험계획승인신청등결정)              (W2505 경구제 제 3상 임상시험계획(IND) 승인) | 2026-08-13: 반기보고서 (2026.06) | 2026-08-10: 주권매매거래정지해제              (액면병합 주권 변경상장) | 2026-08-06: 주식등의대량보유상황보고서(일반) | 2026-08-06: 임원ㆍ주요주주특정증권등소유상황보고서,8
LK삼양,225190,-30,🚨 YES,"기타시장안내(관리종목지정우려종목)              (주가 1,000원 미달)",,"기타시장안내(관리종목지정우려종목)              (주가 1,000원 미달)(-30)","2026-08-20: 임시주주총회결과               | 2026-08-14: 반기보고서 (2026.06) | 2026-08-05: 기타시장안내(관리종목지정우려종목)              (주가 1,000원 미달) | 2026-08-05: 주주총회소집공고",4
디젠스,113810,-30,🚨 YES,주권매매거래정지해제              (액면병합 주권 변경상장),,주권매매거래정지해제              (액면병합 주권 변경상장)(-30),2026-08-14: 반기보고서 (2026.06) | 2026-08-06: 임원ㆍ주요주주특정증권등거래계획보고서 | 2026-08-05: 임원ㆍ주요주주특정증권등소유상황보고서 | 2026-07-31: 임원ㆍ주요주주특정증권등거래계획보고서 | 2026-07-27: 주권매매거래정지해제              (액면병합 주권 변경상장),6
플레이그램,009810,-30,🚨 YES,[기재정정]주요사항보고서(유상증자결정) | 주요사항보고서(유상증자결정),,[기재정정]주요사항보고서(유상증자결정)(-15) | 주요사항보고서(유상증자결정)(-15),2026-08-19: [기재정정]주요사항보고서(유상증자결정) | 2026-08-14: 반기보고서 (2026.06) | 2026-07-31: 임시주주총회결과               | 2026-07-28: 주요사항보고서(유상증자결정),4
아이윈,090150,-30,🚨 YES,주권매매거래정지해제              (액면병합 주권 변경상장),,주권매매거래정지해제              (액면병합 주권 변경상장)(-30),2026-08-14: 반기보고서 (2026.06) | 2026-08-14: 주권매매거래정지해제              (액면병합 주권 변경상장) | 2026-08-10: 임원ㆍ주요주주특정증권등소유상황보고서 | 2026-08-10: 임원ㆍ주요주주특정증권등소유상황보고서 | 2026-07-27: 주식등의대량보유상황보고서(일반),7
코아시아씨엠,196450,-30,🚨 YES,"주권매매거래정지              (주식의 병합, 분할 등 전자등록 변경, 말소)",,"주권매매거래정지              (주식의 병합, 분할 등 전자등록 변경, 말소)(-30)","2026-08-18: 주권매매거래정지              (주식의 병합, 분할 등 전자등록 변경, 말소) | 2026-08-12: 반기보고서 (2026.06) | 2026-08-06: 임시주주총회결과               | 2026-07-30: [기재정정]주주총회소집공고 | 2026-07-30: [기재정정]주식병합결정              ",5
비비안,002070,-30,🚨 YES,[기재정정]주요사항보고서(유상증자결정) | [기재정정]주요사항보고서(유상증자결정),,[기재정정]주요사항보고서(유상증자결정)(-15) | [기재정정]주요사항보고서(유상증자결정)(-15),2026-08-21: 임원ㆍ주요주주특정증권등소유상황보고서 | 2026-08-21: 임원ㆍ주요주주특정증권등소유상황보고서 | 2026-08-21: 임원ㆍ주요주주특정증권등소유상황보고서 | 2026-08-14: 반기보고서 (2026.06) | 2026-08-12: [기재정정]주요사항보고서(무상증자결정),9
옴니시스템,057540,-30,🚨 YES,"기타시장안내(관리종목지정우려종목)              (주가 1,000원 미달)",,"기타시장안내(관리종목지정우려종목)              (주가 1,000원 미달)(-30)",2026-08-21: 자기주식취득결과보고서 | 2026-08-18: 주식등의대량보유상황보고서(일반) | 2026-08-18: 임원ㆍ주요주주특정증권등소유상황보고서 | 2026-08-14: [첨부추가]반기보고서 (2026.06) | 2026-08-13: 주주총회소집공고,10
드림어스컴퍼니,060570,-30,🚨 YES,"주권매매거래정지              (주식의 병합, 분할 등 전자등록 변경, 말소)",,"주권매매거래정지              (주식의 병합, 분할 등 전자등록 변경, 말소)(-30)",2026-08-14: 반기보고서 (2026.06) | 2026-08-11: 임원ㆍ주요주주특정증권등소유상황보고서 | 2026-08-11: 임원ㆍ주요주주특정증권등소유상황보고서 | 2026-08-11: 임원ㆍ주요주주특정증권등소유상황보고서 | 2026-08-11: 임원ㆍ주요주주특정증권등소유상황보고서,10
에스에너지,095910,-30,🚨 YES,"기타시장안내(관리종목지정우려종목)              (주가 1,000원 미달)",,"기타시장안내(관리종목지정우려종목)              (주가 1,000원 미달)(-30)",2026-08-14: 주주명부폐쇄기간또는기준일설정               | 2026-08-14: 주주총회소집결의              (임시주주총회) | 2026-08-14: 주식병합결정               | 2026-08-14: 임원ㆍ주요주주특정증권등소유상황보고서 | 2026-08-14: 반기보고서 (2026.06),6
하이딥,365590,-30,🚨 YES,"주권매매거래정지              (주식의 병합, 분할 등 전자등록 변경, 말소)",,"주권매매거래정지              (주식의 병합, 분할 등 전자등록 변경, 말소)(-30)","2026-08-14: 주권매매거래정지              (주식의 병합, 분할 등 전자등록 변경, 말소) | 2026-08-14: 반기보고서 (2026.06) | 2026-08-07: 임시주주총회결과              ",3
에스앤더블류,103230,-30,🚨 YES,기타시장안내(관리종목지정우려종목)              (시가총액 200억원 미달),,기타시장안내(관리종목지정우려종목)              (시가총액 200억원 미달)(-30),2026-08-14: 반기보고서 (2026.06) | 2026-08-05: 기타시장안내(관리종목지정우려종목)              (시가총액 200억원 미달) | 2026-07-29: 임원ㆍ주요주주특정증권등거래계획보고서 | 2026-07-29: 임원ㆍ주요주주특정증권등거래계획보고서 | 2026-07-29: 임원ㆍ주요주주특정증권등거래계획보고서,6
덱스터,206560,-30,🚨 YES,주권매매거래정지해제              (상장적격성 실질심사 대상 제외 결정),,주권매매거래정지해제              (상장적격성 실질심사 대상 제외 결정)(-30),2026-08-20: [첨부정정]반기보고서 (2026.06) | 2026-08-14: 반기보고서 (2026.06) | 2026-08-13: 주권매매거래정지해제              (상장적격성 실질심사 대상 제외 결정) | 2026-08-13: 기타시장안내              (상장적격성 실질심사 대상 제외 결정) | 2026-07-29: [기재정정]회계처리기준위반행위로인한증권선물위원회의검찰고발등              ,5
크린앤사이언스,045520,-30,🚨 YES,기타시장안내(관리종목지정우려종목)              (시가총액 200억원 미달),,기타시장안내(관리종목지정우려종목)              (시가총액 200억원 미달)(-30),2026-08-19: 임원ㆍ주요주주특정증권등거래계획보고서 | 2026-08-14: 주식등의대량보유상황보고서(일반) | 2026-08-14: 임원ㆍ주요주주특정증권등소유상황보고서 | 2026-08-14: 임원ㆍ주요주주특정증권등소유상황보고서 | 2026-08-12: 반기보고서 (2026.06),10
크라우드웍스,355390,-30,🚨 YES,기타주요경영사항              (제3자배정 유상증자결정 철회) | [기재정정]주요사항보고서(유상증자결정),,기타주요경영사항              (제3자배정 유상증자결정 철회)(-15) | [기재정정]주요사항보고서(유상증자결정)(-15),2026-08-21: 기타주요경영사항              (제3자배정 유상증자결정 철회) | 2026-08-21: [기재정정]주요사항보고서(유상증자결정) | 2026-08-14: 반기보고서 (2026.06) | 2026-08-12: [기재정정]경영권변경등에관한계약체결               | 2026-08-10: 임원ㆍ주요주주특정증권등소유상황보고서,10
빌리언스,044480,-30,🚨 YES,"주권매매거래정지              (주식의 병합, 분할 등 전자등록 변경, 말소)",,"주권매매거래정지              (주식의 병합, 분할 등 전자등록 변경, 말소)(-30)","2026-08-14: 파생상품거래손실발생               | 2026-08-14: 반기보고서 (2026.06) | 2026-08-11: 주권매매거래정지              (주식의 병합, 분할 등 전자등록 변경, 말소) | 2026-07-31: 임시주주총회결과              ",4
패션플랫폼,225590,-30,🚨 YES,기타시장안내(관리종목지정우려종목)              (시가총액 200억원 미달),,기타시장안내(관리종목지정우려종목)              (시가총액 200억원 미달)(-30),2026-08-14: 반기보고서 (2026.06) | 2026-08-05: 기타시장안내(관리종목지정우려종목)              (시가총액 200억원 미달),2
베셀,177350,-30,🚨 YES,주권매매거래정지해제              (액면병합 주권 변경상장),,주권매매거래정지해제              (액면병합 주권 변경상장)(-30),2026-08-14: 주권매매거래정지해제              (액면병합 주권 변경상장) | 2026-08-14: 반기보고서 (2026.06),2
빛과전자,069540,-30,🚨 YES,[기재정정]주요사항보고서(전환사채권발행결정) | [기재정정]주요사항보고서(전환사채권발행결정),,[기재정정]주요사항보고서(전환사채권발행결정)(-15) | [기재정정]주요사항보고서(전환사채권발행결정)(-15),2026-08-14: 반기보고서 (2026.06) | 2026-08-11: 주식등의대량보유상황보고서(약식) | 2026-08-11: [기재정정]주주총회소집결의               | 2026-08-05: 증권발행결과(자율공시)              (제18회차 CB) | 2026-08-05: 주요사항보고서(자기전환사채만기전취득결정),7
나노실리칸첨단소재,286750,-30,🚨 YES,"주권매매거래정지              (주식의 병합, 분할 등 전자등록 변경, 말소)",,"주권매매거래정지              (주식의 병합, 분할 등 전자등록 변경, 말소)(-30)","2026-08-14: 반기보고서 (2026.06) | 2026-08-11: 주식등의대량보유상황보고서(약식) | 2026-07-31: 주권매매거래정지              (주식의 병합, 분할 등 전자등록 변경, 말소)",3
에쎈테크,043340,-30,🚨 YES,"기타시장안내(관리종목지정우려종목)              (주가 1,000원 미달)",,"기타시장안내(관리종목지정우려종목)              (주가 1,000원 미달)(-30)","2026-08-13: 반기보고서 (2026.06) | 2026-08-10: 주식등의대량보유상황보고서(일반) | 2026-08-05: 기타시장안내(관리종목지정우려종목)              (주가 1,000원 미달) | 2026-07-28: 주식등의대량보유상황보고서(일반)",4
티케이지애강,022220,-30,🚨 YES,"기타시장안내(관리종목지정우려종목)              (주가 1,000원 미달)",,"기타시장안내(관리종목지정우려종목)              (주가 1,000원 미달)(-30)","2026-08-14: 반기보고서 (2026.06) | 2026-08-05: 기타시장안내(관리종목지정우려종목)              (주가 1,000원 미달)",2
웰킵스하이텍,043590,-30,🚨 YES,기타시장안내(관리종목지정우려종목)              (시가총액 200억원 미달),,기타시장안내(관리종목지정우려종목)              (시가총액 200억원 미달)(-30),2026-08-18: 기타시장안내(관리종목지정우려종목)              (시가총액 200억원 미달) | 2026-08-14: 반기보고서 (2026.06) | 2026-08-05: 임원ㆍ주요주주특정증권등거래계획보고서,3
이브이첨단소재,131400,-30,🚨 YES,"기타시장안내(관리종목지정우려종목)              (주가 1,000원 미달)",,"기타시장안내(관리종목지정우려종목)              (주가 1,000원 미달)(-30)","2026-08-18: 기타시장안내(관리종목지정우려종목)              (주가 1,000원 미달) | 2026-08-18: 전환사채(해외전환사채포함)발행후만기전사채취득               | 2026-08-14: 반기보고서 (2026.06) | 2026-08-07: 의결권대리행사권유참고서류 | 2026-08-07: 주주총회소집공고",5
이렘,009730,-30,🚨 YES,[기재정정]주요사항보고서(유상증자결정) | 주요사항보고서(전환사채권발행결정),,[기재정정]주요사항보고서(유상증자결정)(-15) | 주요사항보고서(전환사채권발행결정)(-15),2026-08-18: 증권발행결과(자율공시)              (제25회차 CB) | 2026-08-14: 반기보고서 (2026.06) | 2026-08-11: [기재정정]주요사항보고서(유상증자결정) | 2026-08-07: 타법인주식및출자증권취득결정(자율공시)               | 2026-08-07: 주요사항보고서(전환사채권발행결정),5
한국캐피탈,023760,-30,🚨 YES,"주권매매거래정지              (주식의 병합, 분할 등 전자등록 변경, 말소)",,"주권매매거래정지              (주식의 병합, 분할 등 전자등록 변경, 말소)(-30)",2026-08-21: 투자설명서(일괄신고) | 2026-08-21: 일괄신고추가서류 | 2026-08-14: [기재정정]일괄신고서 | 2026-08-14: 반기보고서 (2026.06) | 2026-08-12: [기재정정]주식병합결정              ,13
형지I&C,011080,-30,🚨 YES,기타시장안내(관리종목지정우려종목)              (시가총액 200억원 미달),,기타시장안내(관리종목지정우려종목)              (시가총액 200억원 미달)(-30),2026-08-14: 반기보고서 (2026.06) | 2026-07-28: 임원ㆍ주요주주특정증권등소유상황보고서 | 2026-07-28: 임원ㆍ주요주주특정증권등소유상황보고서 | 2026-07-28: 임원ㆍ주요주주특정증권등소유상황보고서 | 2026-07-27: 기타시장안내(관리종목지정우려종목)              (시가총액 200억원 미달),5
파루,043200,-30,🚨 YES,"주권매매거래정지              (주식의 병합, 분할 등 전자등록 변경, 말소)",,"주권매매거래정지              (주식의 병합, 분할 등 전자등록 변경, 말소)(-30)","2026-08-14: 반기보고서 (2026.06) | 2026-08-14: 임원ㆍ주요주주특정증권등소유상황보고서 | 2026-07-30: 주권매매거래정지              (주식의 병합, 분할 등 전자등록 변경, 말소)",3
디알텍,214680,-30,🚨 YES,"주권매매거래정지              (주식의 병합, 분할 등 전자등록 변경, 말소)",,"주권매매거래정지              (주식의 병합, 분할 등 전자등록 변경, 말소)(-30)","2026-08-14: 주권매매거래정지              (주식의 병합, 분할 등 전자등록 변경, 말소) | 2026-08-13: 반기보고서 (2026.06) | 2026-08-06: 임시주주총회결과               | 2026-08-04: 주식등의대량보유상황보고서(일반)",4
이노인스트루먼트,215790,-30,🚨 YES,"기타시장안내(관리종목지정우려종목)              (주가 1,000원 미달)",,"기타시장안내(관리종목지정우려종목)              (주가 1,000원 미달)(-30)","2026-08-14: 반기보고서 (2026.06) | 2026-08-05: 기타시장안내(관리종목지정우려종목)              (주가 1,000원 미달) | 2026-07-31: 주주총회소집결의              (임시주주총회) | 2026-07-31: 주주명부폐쇄기간또는기준일설정               | 2026-07-31: 주식병합결정              ",5
다산솔루에타,154040,-30,🚨 YES,"기타시장안내(관리종목지정우려종목)              (주가 1,000원 미달)",,"기타시장안내(관리종목지정우려종목)              (주가 1,000원 미달)(-30)",2026-08-20: 주식등의대량보유상황보고서(일반) | 2026-08-20: 임원ㆍ주요주주특정증권등소유상황보고서 | 2026-08-19: 임시주주총회결과               | 2026-08-14: 반기보고서 (2026.06) | 2026-08-12: 임원ㆍ주요주주특정증권등소유상황보고서,10
미스터블루,207760,-30,🚨 YES,"주권매매거래정지              (주식의 병합, 분할 등 전자등록 변경, 말소)",,"주권매매거래정지              (주식의 병합, 분할 등 전자등록 변경, 말소)(-30)",2026-08-14: 반기보고서 (2026.06) | 2026-08-13: 전환사채(해외전환사채포함)발행후만기전사채취득               | 2026-08-05: 주식등의대량보유상황보고서(일반) | 2026-08-05: 임원ㆍ주요주주특정증권등소유상황보고서 | 2026-08-05: 임원ㆍ주요주주특정증권등소유상황보고서,7
비케이홀딩스,050090,-30,🚨 YES,기타시장안내(관리종목지정우려종목)              (시가총액 200억원 미달),,기타시장안내(관리종목지정우려종목)              (시가총액 200억원 미달)(-30),"2026-08-14: 반기보고서 (2026.06) | 2026-08-12: 주주명부폐쇄기간또는기준일설정               | 2026-08-12: 주주총회소집결의              (임시주주총회) | 2026-08-12: 주식병합결정               | 2026-08-05: 기타시장안내              (관리종목 지정사유 추가우려)(주가 1,000원 미달)",6
프롬바이오,377220,-30,🚨 YES,주권매매거래정지해제              (액면병합 주권 변경상장),,주권매매거래정지해제              (액면병합 주권 변경상장)(-30),2026-08-19: 주식등의대량보유상황보고서(일반) | 2026-08-19: 임원ㆍ주요주주특정증권등소유상황보고서 | 2026-08-14: 반기보고서 (2026.06) | 2026-08-07: 주권매매거래정지해제              (액면병합 주권 변경상장),4
아이스크림에듀,289010,-30,🚨 YES,기타시장안내(관리종목지정우려종목)              (시가총액 200억원 미달),,기타시장안내(관리종목지정우려종목)              (시가총액 200억원 미달)(-30),"2026-08-13: 반기보고서 (2026.06) | 2026-08-05: 기타시장안내              (관리종목 지정사유 추가우려)(주가 1,000원 미달) | 2026-08-05: 주요사항보고서(자기전환사채만기전취득결정) | 2026-08-04: 주식등의대량보유상황보고서(약식) | 2026-07-27: 기타시장안내(관리종목지정우려종목)              (시가총액 200억원 미달)",5
퓨쳐메디신,341170,-30,🚨 YES,주권매매거래정지              (지정자문인 선임계약 해지),,주권매매거래정지              (지정자문인 선임계약 해지)(-30),2026-08-12: 기타시장안내              (지정자문인 선임계약 해지에 따른 상장폐지절차 안내) | 2026-08-12: 주권매매거래정지              (지정자문인 선임계약 해지) | 2026-08-12: 지정자문인선임계약의해지               | 2026-07-28: 불성실공시법인지정              (공시번복 2건),4
핑거,163730,-30,🚨 YES,주요사항보고서(전환사채권발행결정) | 주요사항보고서(유상증자결정),,주요사항보고서(전환사채권발행결정)(-15) | 주요사항보고서(유상증자결정)(-15),2026-08-21: 주요사항보고서(전환사채권발행결정) | 2026-08-21: 주요사항보고서(타법인주식및출자증권양수결정) | 2026-08-21: 임원ㆍ주요주주특정증권등거래계획철회보고서 | 2026-08-14: 반기보고서 (2026.06) | 2026-08-14: 증권발행결과(자율공시)              ,8
뉴보텍,060260,-30,🚨 YES,기타시장안내(관리종목지정우려종목)              (시가총액 200억원 미달),,기타시장안내(관리종목지정우려종목)              (시가총액 200억원 미달)(-30),2026-08-20: 주요사항보고서(자기주식취득신탁계약해지결정) | 2026-08-19: 주주총회소집결의              (임시주주총회) | 2026-08-19: 주주명부폐쇄기간또는기준일설정               | 2026-08-18: 기타시장안내(관리종목지정우려종목)              (시가총액 200억원 미달) | 2026-08-14: 반기보고서 (2026.06),5
다원시스,068240,-30,🚨 YES,주권매매거래정지기간변경              (상장폐지 사유 발생),,주권매매거래정지기간변경              (상장폐지 사유 발생)(-30),2026-08-18: 기타시장안내              (상장폐지 관련 이의신청서 접수 ) | 2026-08-14: 기타시장안내              (상장적격성 실질심사 사유 추가) | 2026-08-14: 반기검토(감사)의견부적정등사실확인(자본잠식률100분의50이상또는자기자본10억원미만포함)               | 2026-08-14: 반기또는분기매출액미달사실발생               | 2026-08-14: 반기보고서 (2026.06),10
블리츠웨이엔터테인먼트,369370,-30,🚨 YES,주권매매거래정지해제              (액면병합 주권 변경상장),,주권매매거래정지해제              (액면병합 주권 변경상장)(-30),2026-08-14: 반기보고서 (2026.06) | 2026-08-06: 주권매매거래정지해제              (액면병합 주권 변경상장),2
케이에이치미래물산,111870,-30,🚨 YES,[기재정정]주요사항보고서(유상증자결정) | [기재정정]주요사항보고서(유상증자결정),,[기재정정]주요사항보고서(유상증자결정)(-15) | [기재정정]주요사항보고서(유상증자결정)(-15),2026-08-14: 반기보고서 (2026.06) | 2026-07-27: [기재정정]주요사항보고서(유상증자결정) | 2026-07-27: [기재정정]주요사항보고서(유상증자결정),3
피플바이오,304840,-30,🚨 YES,"주권매매거래정지              (주식의 병합, 분할 등 전자등록 변경, 말소)",,"주권매매거래정지              (주식의 병합, 분할 등 전자등록 변경, 말소)(-30)",2026-08-18: [첨부정정]주요사항보고서(유형자산양수결정) | 2026-08-14: 합병등종료보고서(자산양수도) | 2026-08-14: 반기보고서 (2026.06) | 2026-08-14: 단기차입금증가결정               | 2026-08-14: [기재정정]주요사항보고서(유형자산양수결정),11
윙스풋,335870,-30,🚨 YES,"주권매매거래정지              (주식의 병합, 분할 등 전자등록 변경, 말소)",,"주권매매거래정지              (주식의 병합, 분할 등 전자등록 변경, 말소)(-30)","2026-08-14: 반기보고서 (2026.06) | 2026-08-04: 주권매매거래정지              (주식의 병합, 분할 등 전자등록 변경, 말소)",2
KNN,058400,-30,🚨 YES,주권매매거래정지해제              (액면병합 주권 변경상장),,주권매매거래정지해제              (액면병합 주권 변경상장)(-30),2026-08-10: 반기보고서 (2026.06) | 2026-08-07: 임원ㆍ주요주주특정증권등소유상황보고서 | 2026-08-07: 임원ㆍ주요주주특정증권등소유상황보고서 | 2026-08-07: 임원ㆍ주요주주특정증권등소유상황보고서 | 2026-08-07: 임원ㆍ주요주주특정증권등소유상황보고서,6
시그네틱스,033170,-30,🚨 YES,"주권매매거래정지              (주식의 병합, 분할 등 전자등록 변경, 말소)",,"주권매매거래정지              (주식의 병합, 분할 등 전자등록 변경, 말소)(-30)","2026-08-19: [기재정정]주식병합결정               | 2026-08-14: 반기보고서 (2026.06) | 2026-08-13: 지급수단별ㆍ지급기간별지급금액및분쟁조정기구에관한사항 | 2026-07-31: 주권매매거래정지              (주식의 병합, 분할 등 전자등록 변경, 말소)",4
바른손이앤에이,035620,-30,🚨 YES,기타시장안내(관리종목지정우려종목)              (시가총액 200억원 미달),,기타시장안내(관리종목지정우려종목)              (시가총액 200억원 미달)(-30),"2026-08-14: 반기보고서 (2026.06) | 2026-08-05: 기타시장안내              (관리종목 지정사유 추가우려)(주가 1,000원 미달) | 2026-07-29: 기타시장안내(관리종목지정우려종목)              (시가총액 200억원 미달)",3
알에프세미,096610,-30,🚨 YES,주권매매거래정지해제              (상장폐지에 따른 정리매매 개시),,주권매매거래정지해제              (상장폐지에 따른 정리매매 개시)(-30),2026-08-21: 주권매매거래정지해제              (상장폐지에 따른 정리매매 개시) | 2026-08-21: 기타시장안내              (상장폐지결정 등 효력정지 가처분 신청 기각에 따른 정리매매절차 재개) | 2026-08-14: [기재정정]반기검토(감사)의견부적정등사실확인(자본잠식률100분의50이상또는자기자본10억원미만포함)               | 2026-08-14: 반기검토(감사)의견부적정등사실확인(자본잠식률100분의50이상또는자기자본10억원미만포함)               | 2026-08-14: 반기보고서 (2026.06),5
조아제약,034940,-30,🚨 YES,"주권매매거래정지              (주식의 병합, 분할 등 전자등록 변경, 말소)",,"주권매매거래정지              (주식의 병합, 분할 등 전자등록 변경, 말소)(-30)","2026-08-14: 반기보고서 (2026.06) | 2026-07-31: 주권매매거래정지              (주식의 병합, 분할 등 전자등록 변경, 말소)",2
알파AI,043100,-30,🚨 YES,[기재정정]주요사항보고서(전환사채권발행결정) | [기재정정]주요사항보고서(전환사채권발행결정),,[기재정정]주요사항보고서(전환사채권발행결정)(-15) | [기재정정]주요사항보고서(전환사채권발행결정)(-15),"2026-08-20: 기타주요경영사항              (전환사채(18,19회차)및 타법인주식 취득결정 철회의 건) | 2026-08-20: [기재정정]타법인주식및출자증권취득결정              (철회) | 2026-08-20: [기재정정]주요사항보고서(전환사채권발행결정) | 2026-08-20: [기재정정]주요사항보고서(전환사채권발행결정) | 2026-08-14: 반기보고서 (2026.06)",6
탑선,180060,-30,🚨 YES,[첨부정정]주요사항보고서(유상증자결정) | [기재정정]주요사항보고서(유상증자결정),,[첨부정정]주요사항보고서(유상증자결정)(-15) | [기재정정]주요사항보고서(유상증자결정)(-15),2026-08-21: 주식등의대량보유상황보고서(일반) | 2026-08-21: 주식등의대량보유상황보고서(일반) | 2026-08-10: 주식등의대량보유상황보고서(일반) | 2026-08-10: 임원ㆍ주요주주특정증권등소유상황보고서 | 2026-08-05: 주식등의대량보유상황보고서(일반),10
인지디스플레,037330,-30,🚨 YES,"기타시장안내(관리종목지정우려종목)              (주가 1,000원 미달)",,"기타시장안내(관리종목지정우려종목)              (주가 1,000원 미달)(-30)",2026-08-21: 타법인주식및출자증권취득결정               | 2026-08-20: 주주총회소집공고 | 2026-08-20: [기재정정]주주총회소집결의              (임시주주총회) | 2026-08-20: 타인에대한채무보증결정               | 2026-08-20: [기재정정]주식병합결정              ,10
국일신동,060480,-30,🚨 YES,기타시장안내(관리종목지정우려종목)              (시가총액 200억원 미달),,기타시장안내(관리종목지정우려종목)              (시가총액 200억원 미달)(-30),2026-08-20: 임원ㆍ주요주주특정증권등거래계획보고서 | 2026-08-13: 반기보고서 (2026.06) | 2026-08-11: 임원ㆍ주요주주특정증권등거래계획보고서 | 2026-08-05: 기타시장안내(관리종목지정우려종목)              (시가총액 200억원 미달),4
랩지노믹스,084650,-30,🚨 YES,"기타시장안내(관리종목지정우려종목)              (주가 1,000원 미달)",,"기타시장안내(관리종목지정우려종목)              (주가 1,000원 미달)(-30)",2026-08-20: 전환가액의조정              (제5회차) | 2026-08-18: 독립이사의선임ㆍ해임또는중도퇴임에관한신고 | 2026-08-18: 임시주주총회결과               | 2026-08-14: 반기보고서 (2026.06) | 2026-08-10: [기재정정]의결권대리행사권유참고서류,9
쎄노텍,222420,-30,🚨 YES,"기타시장안내(관리종목지정우려종목)              (주가 1,000원 미달)",,"기타시장안내(관리종목지정우려종목)              (주가 1,000원 미달)(-30)","2026-08-18: 임원ㆍ주요주주특정증권등소유상황보고서 | 2026-08-18: 임원ㆍ주요주주특정증권등소유상황보고서 | 2026-08-18: 임원ㆍ주요주주특정증권등소유상황보고서 | 2026-08-06: 기타시장안내(관리종목지정우려종목)              (주가 1,000원 미달) | 2026-07-31: 반기보고서 (2026.06)",5
펨토바이오메드,327610,-30,🚨 YES,주권매매거래정지해제              (상장폐지에 따른 정리매매 개시),,주권매매거래정지해제              (상장폐지에 따른 정리매매 개시)(-30),2026-08-11: 주권매매거래정지해제              (상장폐지에 따른 정리매매 개시),1
셀피글로벌,068940,-30,🚨 YES,[기재정정]주요사항보고서(유상증자결정) | [기재정정]주요사항보고서(전환사채권발행결정),,[기재정정]주요사항보고서(유상증자결정)(-15) | [기재정정]주요사항보고서(전환사채권발행결정)(-15),2026-08-14: 반기보고서 (2026.06) | 2026-08-07: [기재정정]주요사항보고서(유상증자결정) | 2026-07-31: [기재정정]주요사항보고서(전환사채권발행결정),3
시스웍,269620,-30,🚨 YES,주권매매거래정지해제              (상장폐지에 따른 정리매매 개시),,주권매매거래정지해제              (상장폐지에 따른 정리매매 개시)(-30),2026-08-14: 기타시장안내              (상장적격성 실질심사 사유 추가 관련 절차 미진행) | 2026-08-14: 반기보고서 (2026.06) | 2026-08-14: 반기검토(감사)의견부적정등사실확인(자본잠식률100분의50이상또는자기자본10억원미만포함)               | 2026-08-11: 주권매매거래정지해제              (상장폐지에 따른 정리매매 개시) | 2026-08-11: 기타시장안내              (상장폐지결정 등 효력정지 가처분 신청 기각에 따른 정리매매절차 재개),6
하나31호스팩,469900,-30,🚨 YES,기타시장안내(관리종목지정우려종목)              ,,기타시장안내(관리종목지정우려종목)              (-30),2026-08-19: 기타시장안내(관리종목지정우려종목)               | 2026-08-12: 반기보고서 (2026.06),2
웨이버스,336060,-30,🚨 YES,주권매매거래정지해제              (액면병합 주권 변경상장),,주권매매거래정지해제              (액면병합 주권 변경상장)(-30),2026-08-14: 반기보고서 (2026.06) | 2026-08-07: 임원ㆍ주요주주특정증권등소유상황보고서 | 2026-08-07: 임원ㆍ주요주주특정증권등소유상황보고서 | 2026-08-07: 임원ㆍ주요주주특정증권등소유상황보고서 | 2026-08-07: 임원ㆍ주요주주특정증권등소유상황보고서,10
이스트에이드,239340,-30,🚨 YES,"기타시장안내(관리종목지정우려종목)              (주가 1,000원 미달)",,"기타시장안내(관리종목지정우려종목)              (주가 1,000원 미달)(-30)","2026-08-20: 임원ㆍ주요주주특정증권등거래계획철회보고서 | 2026-08-18: 주식등의대량보유상황보고서(일반) | 2026-08-14: 반기보고서 (2026.06) | 2026-08-11: 임원ㆍ주요주주특정증권등소유상황보고서 | 2026-08-05: 기타시장안내(관리종목지정우려종목)              (주가 1,000원 미달)",6
파이온엑스,900100,-30,🚨 YES,기타시장안내(관리종목지정우려종목)              (시가총액 200억원 미달),,기타시장안내(관리종목지정우려종목)              (시가총액 200억원 미달)(-30),2026-08-12: [기재정정]주주명부폐쇄기간또는기준일설정               | 2026-08-12: [기재정정]주주총회소집결의              (임시주주총회) | 2026-07-29: 조회공시요구(현저한시황변동)에대한답변(미확정)               | 2026-07-28: 기타시장안내(관리종목지정우려종목)              (시가총액 200억원 미달) | 2026-07-28: 조회공시요구(현저한시황변동)              ,5
에이텀,355690,-30,🚨 YES,[기재정정]유상증자결정(종속회사의주요경영사항)               | [기재정정]유상증자결정(종속회사의주요경영사항)              ,,[기재정정]유상증자결정(종속회사의주요경영사항)              (-15) | [기재정정]유상증자결정(종속회사의주요경영사항)              (-15),2026-08-19: 기술성장기업의정관변경을통한사업목적추가ㆍ변경               | 2026-08-19: 임시주주총회결과               | 2026-08-14: 반기보고서 (2026.06) | 2026-08-04: 주주총회소집공고 | 2026-08-04: 의결권대리행사권유참고서류,11
아틀라스링크,297570,-30,🚨 YES,"주권매매거래정지              (주식의 병합, 분할 등 전자등록 변경, 말소)",,"주권매매거래정지              (주식의 병합, 분할 등 전자등록 변경, 말소)(-30)","2026-08-20: 합병등종료보고서(자산양수도) | 2026-08-18: 주권매매거래정지              (주식의 병합, 분할 등 전자등록 변경, 말소) | 2026-08-14: 반기보고서 (2026.06) | 2026-08-11: 주요사항보고서(유형자산양수결정) | 2026-08-11: 주요사항보고서(타법인주식및출자증권양수결정)",9
컴투스엔,291230,-30,🚨 YES,주권매매거래정지해제              (액면병합 주권 변경상장),,주권매매거래정지해제              (액면병합 주권 변경상장)(-30),2026-08-12: 반기보고서 (2026.06) | 2026-08-12: [기재정정]주식병합결정               | 2026-08-11: 주권매매거래정지해제              (액면병합 주권 변경상장) | 2026-08-10: [기재정정]임시주주총회결과               | 2026-07-24: 감자완료              ,5
오에스피,368970,-30,🚨 YES,[기재정정]주요사항보고서(유상증자결정) | 주요사항보고서(유상증자결정),,[기재정정]주요사항보고서(유상증자결정)(-15) | 주요사항보고서(유상증자결정)(-15),2026-08-20: 주식등의대량보유상황보고서(약식) | 2026-08-14: 반기보고서 (2026.06) | 2026-08-12: 증권발행결과(자율공시)              (제3자배정 유상증자) | 2026-08-10: 주식등의대량보유상황보고서(약식) | 2026-08-07: 주식등의대량보유상황보고서(약식),13
에스에스알,275630,-30,🚨 YES,[기재정정]주요사항보고서(유상증자결정) | 주요사항보고서(유상증자결정),,[기재정정]주요사항보고서(유상증자결정)(-15) | 주요사항보고서(유상증자결정)(-15),2026-08-19: [기재정정]주요사항보고서(유상증자결정) | 2026-08-18: 주주총회소집결의              (임시주주총회) | 2026-08-18: 주주명부폐쇄기간또는기준일설정               | 2026-08-19: 주요사항보고서(유상증자결정) | 2026-08-19: 주요사항보고서(영업양수결정),12
SK증권제11호스팩,472230,-30,🚨 YES,기타시장안내(관리종목지정우려종목)              ,,기타시장안내(관리종목지정우려종목)              (-30),2026-08-14: 기타시장안내(관리종목지정우려종목)               | 2026-08-10: 반기보고서 (2026.06),2
대신밸런스제17호스팩,471050,-30,🚨 YES,주권매매거래정지              (상장폐지 사유발생),,주권매매거래정지              (상장폐지 사유발생)(-30),2026-08-21: 기타경영사항(자율공시)              (청산 관련 주요사항 안내) | 2026-08-19: 주권매매거래정지              (상장폐지 사유발생) | 2026-08-13: 반기보고서 (2026.06) | 2026-08-12: 기타시장안내              (주권 상장폐지 우려 예고) | 2026-08-06: 주식등의대량보유상황보고서(약식),5
아미코젠,092040,-30,🚨 YES,[기재정정]주요사항보고서(유상증자결정) | [기재정정]주요사항보고서(유상증자결정),,[기재정정]주요사항보고서(유상증자결정)(-15) | [기재정정]주요사항보고서(유상증자결정)(-15),2026-08-18: [기재정정]반기보고서 (2026.06) | 2026-08-14: [기재정정]반기보고서 (2026.06) | 2026-08-14: 반기보고서 (2026.06) | 2026-08-10: 임원ㆍ주요주주특정증권등소유상황보고서 | 2026-08-07: [기재정정]주주총회소집결의              (임시주주총회),9
캐리,313760,-30,🚨 YES,주권매매거래정지기간변경              (상장적격성 실질심사 대상(사유발생)),,주권매매거래정지기간변경              (상장적격성 실질심사 대상(사유발생))(-30),2026-08-18: 기타시장안내              (상장적격성 실질심사 대상결정 기한 안내) | 2026-08-14: 기타시장안내              (상장적격성 실질심사 관련) | 2026-08-14: 주권매매거래정지기간변경              (상장적격성 실질심사 대상(사유발생)) | 2026-08-14: 반기보고서 (2026.06) | 2026-08-14: 반기또는분기매출액미달사실발생              ,6
진영,285800,-30,🚨 YES,"주권매매거래정지              (주식의 병합, 분할 등 전자등록 변경, 말소)",,"주권매매거래정지              (주식의 병합, 분할 등 전자등록 변경, 말소)(-30)","2026-08-18: 주권매매거래정지              (주식의 병합, 분할 등 전자등록 변경, 말소) | 2026-08-13: 기업가치제고계획(자율공시)               | 2026-08-13: 반기보고서 (2026.06) | 2026-08-07: 임시주주총회결과               | 2026-08-04: [기재정정]주식병합결정              ",8
엔투텍,227950,-30,🚨 YES,주요사항보고서(전환사채권발행결정) | 주요사항보고서(전환사채권발행결정),,주요사항보고서(전환사채권발행결정)(-15) | 주요사항보고서(전환사채권발행결정)(-15),2026-08-21: 주요사항보고서(전환사채권발행결정) | 2026-08-21: 주요사항보고서(전환사채권발행결정) | 2026-08-14: 반기보고서 (2026.06) | 2026-07-29: [기재정정]주주총회소집결의              (임시주주총회) | 2026-07-29: [기재정정]주주명부폐쇄기간또는기준일설정              ,5
루트K,195990,-30,🚨 YES,주권매매거래정지해제              (액면병합 주권 변경상장),,주권매매거래정지해제              (액면병합 주권 변경상장)(-30),2026-08-14: 반기보고서 (2026.06) | 2026-07-29: 주권매매거래정지해제              (액면병합 주권 변경상장),2
씨씨에스,066790,-30,🚨 YES,주권매매거래정지기간변경              (감자 주권 변경상장),,주권매매거래정지기간변경              (감자 주권 변경상장)(-30),2026-08-07: 투자판단관련주요경영사항              (소액주주들에 의한 [일시 이사의 직무를 행할자의 선임에 관한 재판요청서] 즉시항고에 대한 결정) | 2026-08-07: 기타경영사항(자율공시)              (방송미디어통신위원회의 최대주주 등에 대한 시정명령 처분관련 시정명령 취소 상고장 제출) | 2026-08-07: 반기보고서 (2026.06) | 2026-07-30: 주권매매거래정지기간변경              (감자 주권 변경상장) | 2026-07-29: 기타경영사항(자율공시)              (최대주주의 특별현금화명령 재항고에 대한 결정),12
츌립앤사이언스,291650,-30,🚨 YES,주권매매거래정지해제              (액면병합 주권 변경상장),,주권매매거래정지해제              (액면병합 주권 변경상장)(-30),2026-08-20: 주식등의대량보유상황보고서(약식) | 2026-08-20: 임원ㆍ주요주주특정증권등소유상황보고서 | 2026-08-20: 주식등의대량보유상황보고서(약식) | 2026-08-20: 임원ㆍ주요주주특정증권등소유상황보고서 | 2026-08-20: 임원ㆍ주요주주특정증권등소유상황보고서,8
샤페론,378800,-30,🚨 YES,"기타시장안내(관리종목지정우려종목)              (주가 1,000원 미달)",,"기타시장안내(관리종목지정우려종목)              (주가 1,000원 미달)(-30)","2026-08-12: 반기보고서 (2026.06) | 2026-08-11: 주요사항보고서(자기전환사채만기전취득결정) | 2026-08-06: 임시주주총회결과               | 2026-08-05: 기타시장안내(관리종목지정우려종목)              (주가 1,000원 미달) | 2026-07-30: 불성실공시법인미지정              (지정유예)",5
제일엠앤에스,412540,-30,🚨 YES,주권매매거래정지기간변경              (상장적격성 실질심사 대상(사유발생)),,주권매매거래정지기간변경              (상장적격성 실질심사 대상(사유발생))(-30),2026-08-14: 기타시장안내              (상장적격성 실질심사 대상결정 기한 안내) | 2026-08-14: [기재정정]반기보고서 (2026.06) | 2026-08-14: 반기보고서 (2026.06) | 2026-08-13: [첨부정정]반기검토(감사)의견부적정등사실확인(자본잠식률100분의50이상또는자기자본10억원미만포함)               | 2026-08-13: 기타시장안내              (상장적격성 실질심사 관련),7
엣지파운드리,105550,-30,🚨 YES,주권매매거래정지해제              (액면병합 주권 변경상장),,주권매매거래정지해제              (액면병합 주권 변경상장)(-30),2026-08-14: 반기보고서 (2026.06) | 2026-08-11: 주권매매거래정지해제              (액면병합 주권 변경상장) | 2026-08-10: 임원ㆍ주요주주특정증권등소유상황보고서 | 2026-08-10: 임원ㆍ주요주주특정증권등소유상황보고서 | 2026-08-10: 임원ㆍ주요주주특정증권등소유상황보고서,7
대호특수강,021040,-30,🚨 YES,"기타시장안내(관리종목지정우려종목)              (주가 1,000원 미달)",,"기타시장안내(관리종목지정우려종목)              (주가 1,000원 미달)(-30)","2026-08-14: 반기보고서 (2026.06) | 2026-08-13: 주식등의대량보유상황보고서(일반) | 2026-08-13: 임원ㆍ주요주주특정증권등소유상황보고서 | 2026-08-05: 기타시장안내(관리종목지정우려종목)              (주가 1,000원 미달)",4
유진테크놀로지,240600,-30,🚨 YES,기타시장안내(관리종목지정우려종목)              (시가총액 200억원 미달),,기타시장안내(관리종목지정우려종목)              (시가총액 200억원 미달)(-30),2026-08-14: [첨부추가]반기보고서 (2026.06) | 2026-08-05: 임원ㆍ주요주주특정증권등소유상황보고서 | 2026-08-04: 임원ㆍ주요주주특정증권등소유상황보고서 | 2026-08-04: 임원ㆍ주요주주특정증권등소유상황보고서 | 2026-07-28: 기타시장안내(관리종목지정우려종목)              (시가총액 200억원 미달),6
유안타제15호스팩,473050,-30,🚨 YES,기타시장안내(관리종목지정우려종목)              ,,기타시장안내(관리종목지정우려종목)              (-30),2026-08-14: 기타시장안내(관리종목지정우려종목)               | 2026-08-10: 반기보고서 (2026.06),2
좋은사람들,033340,-30,🚨 YES,"기타시장안내(관리종목지정우려종목)              (주가 1,000원 미달)",,"기타시장안내(관리종목지정우려종목)              (주가 1,000원 미달)(-30)","2026-08-20: 독립이사의선임ㆍ해임또는중도퇴임에관한신고 | 2026-08-20: 대표이사변경               | 2026-08-20: 임시주주총회결과               | 2026-08-14: 반기보고서 (2026.06) | 2026-08-05: 기타시장안내(관리종목지정우려종목)              (주가 1,000원 미달)",7
우리바이오,082850,-30,🚨 YES,"주권매매거래정지              (주식의 병합, 분할 등 전자등록 변경, 말소)",,"주권매매거래정지              (주식의 병합, 분할 등 전자등록 변경, 말소)(-30)","2026-08-14: 반기보고서 (2026.06) | 2026-08-11: 주권매매거래정지              (주식의 병합, 분할 등 전자등록 변경, 말소)",2
로지스몬,223220,-30,🚨 YES,[기재정정]주요사항보고서(유상증자결정) | 주요사항보고서(유상증자결정),,[기재정정]주요사항보고서(유상증자결정)(-15) | 주요사항보고서(유상증자결정)(-15),2026-08-18: 주식등의대량보유상황보고서(약식) | 2026-08-14: 주식등의대량보유상황보고서(약식) | 2026-08-14: 임원ㆍ주요주주특정증권등소유상황보고서 | 2026-08-14: 임원ㆍ주요주주특정증권등소유상황보고서 | 2026-08-05: 소액공모실적보고서,15
GMI벤처,019570,-30,🚨 YES,주권매매거래정지해제              (액면병합 주권 변경상장),,주권매매거래정지해제              (액면병합 주권 변경상장)(-30),2026-08-14: 주식등의대량보유상황보고서(약식) | 2026-08-14: 반기보고서 (2026.06) | 2026-08-14: 주식등의대량보유상황보고서(일반) | 2026-07-31: 주식등의대량보유상황보고서(약식) | 2026-07-30: 주권매매거래정지해제              (액면병합 주권 변경상장),5
조이웍스앤코,309930,-30,🚨 YES,기타시장안내(관리종목지정우려종목)              (시가총액 200억원 미달),,기타시장안내(관리종목지정우려종목)              (시가총액 200억원 미달)(-30),2026-08-14: 반기보고서 (2026.06) | 2026-08-10: 주식등의대량보유상황보고서(약식) | 2026-08-10: 주요사항보고서(자기전환사채만기전취득결정) | 2026-08-07: 임원ㆍ주요주주특정증권등소유상황보고서 | 2026-08-03: 주주명부폐쇄기간또는기준일설정              ,9
진원생명과학,011000,-30,🚨 YES,[기재정정]주요사항보고서(유상증자결정) | 주요사항보고서(유상증자결정),,[기재정정]주요사항보고서(유상증자결정)(-15) | 주요사항보고서(유상증자결정)(-15),"2026-08-14: 반기보고서 (2026.06) | 2026-08-14: 반기검토의견부적정,의견거절또는완전자본잠식사실발생               | 2026-08-10: [기재정정]주요사항보고서(유상증자결정) | 2026-08-07: 기타시장안내              (기업심사위원회 심의대상 결정) | 2026-08-06: 기타경영사항(자율공시)              ",11
디에이치엑스컴퍼니,031860,-30,🚨 YES,주권매매거래정지기간변경              (액면병합 주권 변경상장),,주권매매거래정지기간변경              (액면병합 주권 변경상장)(-30),2026-08-20: 대표이사변경               | 2026-08-14: 반기보고서 (2026.06) | 2026-08-14: 반기검토(감사)의견부적정등사실확인(자본잠식률100분의50이상또는자기자본10억원미만포함)               | 2026-08-13: 주권매매거래정지기간변경              (액면병합 주권 변경상장) | 2026-08-07: 조회공시요구(현저한시황변동)에대한답변(미확정)              ,8
유디엠텍,389680,-30,🚨 YES,기타시장안내(관리종목지정우려종목)              (시가총액 200억원 미달),,기타시장안내(관리종목지정우려종목)              (시가총액 200억원 미달)(-30),2026-08-19: 불성실공시법인지정예고              (공시번복) | 2026-08-18: 주주명부폐쇄기간또는기준일설정               | 2026-08-18: 주주총회소집결의               | 2026-08-14: 반기보고서 (2026.06) | 2026-07-31: 기타시장안내(관리종목지정우려종목)              (시가총액 200억원 미달),5
세방전지,004490,-27,🚨 YES,[기재정정]유상증자결정(종속회사의주요경영사항)               | [기재정정]유상증자결정(종속회사의주요경영사항)              ,영업(잠정)실적(공정공시)              (+3),[기재정정]유상증자결정(종속회사의주요경영사항)              (-15) | [기재정정]유상증자결정(종속회사의주요경영사항)              (-15),2026-08-14: 반기보고서 (2026.06) | 2026-08-04: 영업(잠정)실적(공정공시)               | 2026-08-04: 기업설명회(IR)개최(안내공시)               | 2026-07-29: 최대주주등소유주식변동신고서               | 2026-07-27: [기재정정]유상증자결정(종속회사의주요경영사항)              ,8
교보15호스팩,465320,-27,🚨 YES,주권매매거래정지해제              (합병결정 철회),[기재정정]주요사항보고서(회사합병결정)(+3),주권매매거래정지해제              (합병결정 철회)(-30),2026-08-14: 반기보고서 (2026.06) | 2026-07-31: 주권매매거래정지해제              (합병결정 철회) | 2026-07-31: [기재정정]주요사항보고서(회사합병결정) | 2026-07-31: 기업인수목적회사관련합병취소ㆍ부인사실발생              ,4
한화플러스제5호스팩,498390,-27,🚨 YES,주권매매거래정지              (SPAC 합병(예비심사청구대상)),주요사항보고서(회사합병결정)(+3),주권매매거래정지              (SPAC 합병(예비심사청구대상))(-30),2026-08-14: 반기보고서 (2026.06) | 2026-07-27: 주요사항보고서(회사합병결정) | 2026-07-27: 주권매매거래정지              (SPAC 합병(예비심사청구대상)),3
제이엠아이,033050,-27,🚨 YES,"기타시장안내(관리종목지정우려종목)              (주가 1,000원 미달)",연결재무제표기준영업(잠정)실적(공정공시)              (+3),"기타시장안내(관리종목지정우려종목)              (주가 1,000원 미달)(-30)",2026-08-14: 주주총회소집공고 | 2026-08-14: 반기보고서 (2026.06) | 2026-08-12: 주주총회소집결의              (임시주주총회) | 2026-08-12: 주식병합결정               | 2026-08-12: 주주명부폐쇄기간또는기준일설정              ,10
엑사이엔씨,054940,-25,🚨 YES,주권매매거래정지해제              (액면병합 주권 변경상장),단일판매ㆍ공급계약체결              (+5),주권매매거래정지해제              (액면병합 주권 변경상장)(-30),2026-08-14: 단일판매ㆍ공급계약체결               | 2026-08-13: 반기보고서 (2026.06) | 2026-08-11: 주권매매거래정지해제              (액면병합 주권 변경상장) | 2026-08-10: 임원ㆍ주요주주특정증권등소유상황보고서 | 2026-08-10: 임원ㆍ주요주주특정증권등소유상황보고서,10
대창솔루션,096350,-25,🚨 YES,주권매매거래정지              (단일판매공급계약),단일판매ㆍ공급계약체결              (+5),주권매매거래정지              (단일판매공급계약)(-30),2026-08-21: 단일판매ㆍ공급계약체결               | 2026-08-21: 주권매매거래정지              (단일판매공급계약) | 2026-08-14: 반기보고서 (2026.06) | 2026-08-11: [기재정정]의결권대리행사권유참고서류 | 2026-08-11: [기재정정]주주총회소집공고,12
케이피항공산업,288180,-25,🚨 YES,주권매매거래정지              (단일판매공급계약),단일판매ㆍ공급계약체결              (+5),주권매매거래정지              (단일판매공급계약)(-30),2026-08-18: 단일판매ㆍ공급계약체결               | 2026-08-18: 주권매매거래정지              (단일판매공급계약) | 2026-08-14: 반기보고서 (2026.06),3
에스아이리소스,065420,-25,🚨 YES,"주권매매거래정지              (주식의 병합, 분할 등 전자등록 변경, 말소)",[기재정정]단일판매ㆍ공급계약체결              (+5),"주권매매거래정지              (주식의 병합, 분할 등 전자등록 변경, 말소)(-30)",2026-08-14: 반기보고서 (2026.06) | 2026-08-14: [기재정정]단일판매ㆍ공급계약체결               | 2026-08-11: 주요사항보고서(소송등의제기) | 2026-08-10: 소송등의제기ㆍ신청(일정금액이상의청구)               | 2026-08-10: [기재정정]주식병합결정              (주식병합결정(정정)),9
비큐AI,148780,-25,🚨 YES,주권매매거래정지해제              (감자 주권 변경상장),단일판매ㆍ공급계약체결(자율공시)              (+5),주권매매거래정지해제              (감자 주권 변경상장)(-30),2026-08-21: [기재정정]타법인주식및출자증권취득결정               | 2026-08-20: [기재정정]타법인주식및출자증권취득결정               | 2026-08-20: 타법인주식및출자증권취득결정               | 2026-08-11: 반기보고서 (2026.06) | 2026-08-06: 단일판매ㆍ공급계약체결(자율공시)              ,11
제이엔케이글로벌,126880,-25,🚨 YES,주권매매거래정지              (단일판매공급계약),단일판매ㆍ공급계약체결              (+5),주권매매거래정지              (단일판매공급계약)(-30),2026-08-14: 반기보고서 (2026.06) | 2026-08-11: 단일판매ㆍ공급계약체결               | 2026-08-11: 주권매매거래정지              (단일판매공급계약),3
베노티앤알,206400,-25,🚨 YES,기타시장안내(관리종목지정우려종목)              (주가 1000원 미달),단일판매ㆍ공급계약체결              (+5),기타시장안내(관리종목지정우려종목)              (주가 1000원 미달)(-30),2026-08-14: [기재정정]주주총회소집결의              (임시주주총회) | 2026-08-14: 반기보고서 (2026.06) | 2026-08-12: 기타시장안내(관리종목지정우려종목)              (주가 1000원 미달) | 2026-07-30: 단일판매ㆍ공급계약체결              ,4
CS,065770,-25,🚨 YES,기타시장안내(관리종목지정우려종목)              (시가총액 200억원 미달),단일판매ㆍ공급계약체결(자율공시)              (+5),기타시장안내(관리종목지정우려종목)              (시가총액 200억원 미달)(-30),2026-08-21: 단일판매ㆍ공급계약체결(자율공시)               | 2026-08-20: 기타시장안내(관리종목지정우려종목)              (시가총액 200억원 미달) | 2026-08-14: 반기보고서 (2026.06),3
휴림에이텍,078590,-25,🚨 YES,[기재정정]주요사항보고서(유상증자결정) | [기재정정]주요사항보고서(유상증자결정),주식소각결정              (+5),[기재정정]주요사항보고서(유상증자결정)(-15) | [기재정정]주요사항보고서(유상증자결정)(-15),2026-08-21: [기재정정]증권신고서(지분증권) | 2026-08-21: [기재정정]주요사항보고서(유상증자결정) | 2026-08-14: 반기보고서 (2026.06) | 2026-08-12: 주식소각결정               | 2026-08-04: [기재정정]주요사항보고서(유상증자결정),8
씨엔플러스,115530,-25,🚨 YES,[기재정정]주요사항보고서(전환사채권발행결정) | [기재정정]주요사항보고서(전환사채권발행결정),단일판매ㆍ공급계약체결(자율공시)              (+5),[기재정정]주요사항보고서(전환사채권발행결정)(-15) | [기재정정]주요사항보고서(전환사채권발행결정)(-15),2026-08-21: [기재정정]사업보고서 (2025.12) | 2026-08-14: 반기보고서 (2026.06) | 2026-08-11: 단일판매ㆍ공급계약체결(자율공시)               | 2026-08-07: 주식등의대량보유상황보고서(일반) | 2026-08-07: 임원ㆍ주요주주특정증권등소유상황보고서,12
한중엔시에스,107640,-24,🚨 YES,[기재정정]주요사항보고서(전환사채권발행결정) | 주요사항보고서(전환사채권발행결정),[기재정정]주요사항보고서(회사합병결정)(+3) | 주요사항보고서(회사합병결정)(+3),[기재정정]주요사항보고서(전환사채권발행결정)(-15) | 주요사항보고서(전환사채권발행결정)(-15),2026-08-21: 증권발행결과(자율공시)              (제2회차 CB) | 2026-08-19: 주식등의대량보유상황보고서(일반) | 2026-08-14: 반기보고서 (2026.06) | 2026-08-13: [기재정정]주요사항보고서(전환사채권발행결정) | 2026-08-13: 주요사항보고서(자본으로인정되는채무증권발행결정),17
엘앤씨바이오,290650,-24,🚨 YES,주권매매거래정지              (무상증자),연결재무제표기준영업(잠정)실적(공정공시)              (+3) | 영업(잠정)실적(공정공시)              (+3),주권매매거래정지              (무상증자)(-30),2026-08-18: [기재정정]증권신고서(지분증권) | 2026-08-14: 반기보고서 (2026.06) | 2026-08-12: 임원ㆍ주요주주특정증권등소유상황보고서 | 2026-08-11: 임원ㆍ주요주주특정증권등거래계획보고서 | 2026-08-11: 파생상품거래손실발생              ,10
진에어,272450,-24,🚨 YES,매매거래정지및정지해제(중요내용공시)              ,주요사항보고서(회사합병결정)(+3) | 영업(잠정)실적(공정공시)              (+3),매매거래정지및정지해제(중요내용공시)              (-30),2026-08-21: 주주명부폐쇄기간또는기준일설정               | 2026-08-21: 주주총회소집결의               | 2026-08-21: 주요사항보고서(회사합병결정) | 2026-08-21: 매매거래정지및정지해제(중요내용공시)               | 2026-08-14: 지급수단별ㆍ지급기간별지급금액및분쟁조정기구에관한사항,11
에어부산,298690,-24,🚨 YES,매매거래정지및정지해제(중요내용공시)              ,주요사항보고서(회사합병결정)(+3) | 영업(잠정)실적(공정공시)              (+3),매매거래정지및정지해제(중요내용공시)              (-30),2026-08-21: 주주명부폐쇄기간또는기준일설정               | 2026-08-21: 주주총회소집결의               | 2026-08-21: 주요사항보고서(회사합병결정) | 2026-08-21: 매매거래정지및정지해제(중요내용공시)               | 2026-08-13: 지급수단별ㆍ지급기간별지급금액및분쟁조정기구에관한사항,9
카카오,035720,-21,🚨 YES,매매거래정지및정지해제(중요내용공시)              ,주요사항보고서(회사합병결정)(+3) | 연결재무제표기준영업(잠정)실적(공정공시)              (+3) | 영업(잠정)실적(공정공시)              (+3),매매거래정지및정지해제(중요내용공시)              (-30),2026-08-21: 기업가치제고계획(자율공시)               | 2026-08-21: 주주명부폐쇄기간또는기준일설정               | 2026-08-21: 기업설명회(IR)개최(안내공시)               | 2026-08-21: 주요사항보고서(회사합병결정) | 2026-08-21: 주요사항보고서(회사분할결정),20
씨이랩,189330,-20,🚨 YES,주권매매거래정지              (단일판매공급계약),단일판매ㆍ공급계약체결              (+5) | 단일판매ㆍ공급계약체결              (+5),주권매매거래정지              (단일판매공급계약)(-30),2026-08-20: 단일판매ㆍ공급계약체결               | 2026-08-13: 기업설명회(IR)개최               | 2026-08-13: 반기보고서 (2026.06) | 2026-08-04: 단일판매ㆍ공급계약체결               | 2026-08-04: 주권매매거래정지              (단일판매공급계약),9
벡트,457600,-20,🚨 YES,[기재정정]주요사항보고서(유상증자결정),,[기재정정]주요사항보고서(유상증자결정)(-15) | 최대주주변경을수반하는주식양수도계약체결              (-5),2026-08-14: 반기보고서 (2026.06) | 2026-08-13: 주식등의대량보유상황보고서(일반) | 2026-08-07: [기재정정]주요사항보고서(유상증자결정) | 2026-08-06: 주주명부폐쇄기간또는기준일설정               | 2026-08-06: 최대주주변경을수반하는주식양수도계약체결              ,5
한울반도체,320000,-20,🚨 YES,[기재정정]주요사항보고서(유상증자결정),,[기재정정]최대주주변경을수반하는주식담보제공계약체결              (-5) | [기재정정]주요사항보고서(유상증자결정)(-15),2026-08-21: 임원ㆍ주요주주특정증권등거래계획철회보고서 | 2026-08-14: 반기보고서 (2026.06) | 2026-08-14: 파생상품거래손실발생               | 2026-08-13: 주식등의대량보유상황보고서(일반) | 2026-08-12: [기재정정]최대주주변경을수반하는주식담보제공계약체결              ,13
대교,019680,-20,OK,,,[기재정정]주요사항보고서(자기주식처분결정)(-10) | 주요사항보고서(자기주식처분결정)(-10),2026-08-19: 전환가액ㆍ신주인수권행사가액ㆍ교환가액의조정(안내공시)               | 2026-08-14: 반기보고서 (2026.06) | 2026-08-12: 임원ㆍ주요주주특정증권등소유상황보고서 | 2026-08-11: 최대주주등소유주식변동신고서               | 2026-08-11: 주식등의대량보유상황보고서(일반),11
아진산업,013310,-20,🚨 YES,유상증자결정(종속회사의주요경영사항)              ,,최대주주변경을수반하는주식담보제공계약해제ㆍ취소등              (-5) | 유상증자결정(종속회사의주요경영사항)              (-15),2026-08-14: 반기보고서 (2026.06) | 2026-08-10: 주식등의대량보유상황보고서(일반) | 2026-07-31: 최대주주변경을수반하는주식담보제공계약해제ㆍ취소등               | 2026-07-31: 주식등의대량보유상황보고서(일반) | 2026-07-29: [기재정정]신규시설투자등              ,8
디앤디플랫폼리츠,377190,-20,🚨 YES,감자결정(종속회사의주요경영사항)              ,,감자결정(종속회사의주요경영사항)              (-20),2026-08-20: 임원ㆍ주요주주특정증권등소유상황보고서 | 2026-08-18: 타법인주식및출자증권취득결정               | 2026-08-18: 부동산투자회사증권처분               | 2026-08-18: 감자결정(종속회사의주요경영사항)               | 2026-08-14: 반기보고서 (2026.06),10
유니슨,018000,-20,🚨 YES,"기타시장안내(관리종목지정우려종목)              (주가 1,000원 미달)",단일판매ㆍ공급계약체결              (+5) | [기재정정]단일판매ㆍ공급계약체결              (+5),"기타시장안내(관리종목지정우려종목)              (주가 1,000원 미달)(-30)",2026-08-18: 주식등의대량보유상황보고서(일반) | 2026-08-14: 반기보고서 (2026.06) | 2026-08-14: 주식등의대량보유상황보고서(약식) | 2026-08-10: 전환가액의조정              (제18회차) | 2026-08-10: 단일판매ㆍ공급계약체결              ,11
이엠앤아이,083470,-20,🚨 YES,주요사항보고서(유상증자결정),,주요사항보고서(유상증자결정)(-15) | 최대주주변경을수반하는주식양수도계약체결              (-5),2026-08-21: 조회공시요구(현저한시황변동)에대한답변(미확정)               | 2026-08-20: [기재정정]주주총회소집결의              (임시주주총회) | 2026-08-20: 주요사항보고서(유상증자결정) | 2026-08-14: 반기보고서 (2026.06) | 2026-08-14: 주식등의대량보유상황보고서(일반),9
코퍼스코리아,322780,-20,🚨 YES,[기재정정]주요사항보고서(유상증자결정),,최대주주변경              (-5) | [기재정정]주요사항보고서(유상증자결정)(-15),2026-08-21: 임원ㆍ주요주주특정증권등소유상황보고서 | 2026-08-20: 주식등의대량보유상황보고서(일반) | 2026-08-19: 최대주주변경               | 2026-08-19: 증권발행결과(자율공시)              (제3자배정 유상증자) | 2026-08-18: 주요사항보고서(소송등의제기),24
NH올원리츠,400760,-20,🚨 YES,감자결정(종속회사의주요경영사항)              ,,감자결정(종속회사의주요경영사항)              (-20),2026-08-21: 매출액또는손익구조30%(대규모법인은15%)이상변경               | 2026-08-21: 부동산투자회사금전배당결정               | 2026-08-21: 주주총회소집결의               | 2026-08-14: 타법인주식및출자증권처분결정               | 2026-08-14: 감자결정(종속회사의주요경영사항)              ,10
덴티스,261200,-17,🚨 YES,주요사항보고서(전환사채권발행결정),연결재무제표기준영업(잠정)실적(공정공시)              (+3),최대주주변경을수반하는주식담보제공계약체결              (-5) | 주요사항보고서(전환사채권발행결정)(-15),2026-08-21: [기재정정]반기보고서 (2026.06) | 2026-08-21: [기재정정]분기보고서 (2026.03) | 2026-08-21: 주식등의대량보유상황보고서(약식) | 2026-08-20: 증권발행결과(자율공시)               | 2026-08-20: 최대주주변경을수반하는주식담보제공계약체결              ,14
아모레퍼시픽홀딩스,002790,-17,OK,,연결재무제표기준영업(잠정)실적(공정공시)              (+3),주요사항보고서(자기주식처분결정)(자회사의 주요경영사항)              (-10) | 주요사항보고서(자기주식처분결정)(-10),2026-08-14: 반기보고서 (2026.06) | 2026-08-03: 자기주식처분결과보고서 | 2026-07-30: 주요사항보고서(자기주식처분결정)(자회사의 주요경영사항)               | 2026-07-30: 주요사항보고서(자기주식처분결정) | 2026-07-30: 연결재무제표기준영업(잠정)실적(공정공시)              ,5
한미사이언스,008930,-17,OK,,연결재무제표기준영업(잠정)실적(공정공시)              (+3),주요사항보고서(자기주식처분결정)(-10) | 주요사항보고서(자기주식처분결정)(자회사의 주요경영사항)              (-10),2026-08-21: [기재정정]투자판단관련주요경영사항(자회사의 주요경영사항)               | 2026-08-21: [기재정정]투자판단관련주요경영사항(자회사의 주요경영사항)               | 2026-08-14: 반기보고서 (2026.06) | 2026-08-12: 최대주주등소유주식변동신고서               | 2026-08-12: 임원ㆍ주요주주특정증권등소유상황보고서,30
인바디,041830,-17,OK,,연결재무제표기준영업(잠정)실적(공정공시)              (+3),[기재정정]주요사항보고서(자기주식처분결정)(-10) | 주요사항보고서(자기주식처분결정)(-10),2026-08-14: 자기주식처분결과보고서 | 2026-08-14: 반기보고서 (2026.06) | 2026-08-12: 주식등의대량보유상황보고서(약식) | 2026-08-06: [기재정정]주요사항보고서(자기주식처분결정) | 2026-08-06: 주요사항보고서(자기주식처분결정),7
휴맥스홀딩스,028080,-16,🚨 YES,기타시장안내(관리종목지정우려종목)              (시가총액 200억원 미달),[기재정정]주요사항보고서(회사합병결정)(+3) | 주식소각결정              (+5) | [기재정정]주요사항보고서(회사합병결정)(+3) | [기재정정]주요사항보고서(회사합병결정)(+3),기타시장안내(관리종목지정우려종목)              (시가총액 200억원 미달)(-30),2026-08-14: 파생상품거래손실발생               | 2026-08-14: 반기보고서 (2026.06) | 2026-08-11: [기재정정]의결권대리행사권유참고서류 | 2026-08-11: [기재정정]주주총회소집공고 | 2026-08-11: [기재정정]주요사항보고서(회사합병결정),15
SK디앤디,210980,-15,🚨 YES,주요사항보고서(유상증자결정),,주요사항보고서(유상증자결정)(-15),2026-08-18: [기재정정]증권신고서(지분증권) | 2026-08-14: 반기보고서 (2026.06) | 2026-08-12: 임원ㆍ주요주주특정증권등소유상황보고서 | 2026-08-12: 주식등의대량보유상황보고서(일반) | 2026-08-11: 임원ㆍ주요주주특정증권등소유상황보고서,20
오가닉티코스메틱,900300,-15,🚨 YES,주요사항보고서(유상증자결정),,주요사항보고서(유상증자결정)(-15),2026-08-20: 주주총회소집공고 | 2026-08-20: 주요사항보고서(유상증자결정) | 2026-08-20: [기재정정]주주총회소집결의               | 2026-07-30: 전환가액의조정              (제7회차) | 2026-07-28: 주주총회소집결의              (임시주주총회),6
계양전기,012200,-15,🚨 YES,[기재정정]주요사항보고서(유상증자결정),,[기재정정]주요사항보고서(유상증자결정)(-15),2026-08-19: 임원ㆍ주요주주특정증권등소유상황보고서 | 2026-08-19: 임원ㆍ주요주주특정증권등소유상황보고서 | 2026-08-19: 임원ㆍ주요주주특정증권등소유상황보고서 | 2026-08-14: [기재정정]증권신고서(지분증권) | 2026-08-14: 반기보고서 (2026.06),9
HEM파마,376270,-15,🚨 YES,주요사항보고서(전환사채권발행결정),,주요사항보고서(전환사채권발행결정)(-15),2026-08-21: 반기보고서 (2026.06) | 2026-08-20: 임원ㆍ주요주주특정증권등소유상황보고서 | 2026-08-20: 주식등의대량보유상황보고서(일반) | 2026-08-19: 기업설명회(IR)개최               | 2026-08-14: 증권발행결과(자율공시)              ,7
APS,054620,-15,🚨 YES,주요사항보고서(전환사채권발행결정),,주요사항보고서(전환사채권발행결정)(-15),2026-08-18: [기재정정]반기보고서 (2026.06) | 2026-08-14: 증권발행결과(자율공시)               | 2026-08-14: 반기보고서 (2026.06) | 2026-08-05: 주요사항보고서(전환사채권발행결정) | 2026-08-05: 주식등의대량보유상황보고서(일반),7
툴젠,199800,-15,🚨 YES,[기재정정]주요사항보고서(유상증자결정),,[기재정정]주요사항보고서(유상증자결정)(-15),2026-08-20: [기재정정]투자설명서 | 2026-08-20: [기재정정]증권신고서(지분증권) | 2026-08-14: 반기보고서 (2026.06) | 2026-08-06: 권리락              (유상증자) | 2026-08-06: [기재정정]주요사항보고서(유상증자결정),11
바이오솔루션,086820,-15,🚨 YES,[기재정정]주요사항보고서(전환사채권발행결정),,[기재정정]주요사항보고서(전환사채권발행결정)(-15),2026-08-14: 반기보고서 (2026.06) | 2026-08-06: [기재정정]주요사항보고서(전환사채권발행결정),2
LB세미콘,061970,-15,🚨 YES,[기재정정]주요사항보고서(유상증자결정),,[기재정정]주요사항보고서(유상증자결정)(-15),2026-08-19: 주식등의대량보유상황보고서(일반) | 2026-08-19: 임원ㆍ주요주주특정증권등소유상황보고서 | 2026-08-19: [기재정정]임원ㆍ주요주주특정증권등소유상황보고서 | 2026-08-19: 임원ㆍ주요주주특정증권등소유상황보고서 | 2026-08-14: 반기보고서 (2026.06),17
엑스페릭스,317770,-15,🚨 YES,[기재정정]주요사항보고서(전환사채권발행결정),,[기재정정]주요사항보고서(전환사채권발행결정)(-15),2026-08-18: [기재정정]주요사항보고서(전환사채권발행결정) | 2026-08-14: 반기보고서 (2026.06) | 2026-08-07: 주식등의대량보유상황보고서(일반) | 2026-08-03: 임원ㆍ주요주주특정증권등소유상황보고서 | 2026-08-03: 임원ㆍ주요주주특정증권등소유상황보고서,8
모트렉스,118990,-15,🚨 YES,유상증자결정(종속회사의주요경영사항)              ,,유상증자결정(종속회사의주요경영사항)              (-15),2026-08-20: 주요사항보고서(자기주식취득신탁계약체결결정) | 2026-08-13: 반기보고서 (2026.06) | 2026-07-31: 타법인주식및출자증권취득결정(종속회사의주요경영사항)               | 2026-07-31: 유상증자결정(종속회사의주요경영사항)               | 2026-07-29: 타법인주식및출자증권취득결정              ,5
신스틸,162300,-15,🚨 YES,유상증자결정(종속회사의주요경영사항)              ,,유상증자결정(종속회사의주요경영사항)              (-15),2026-08-14: 주식등의대량보유상황보고서(일반) | 2026-08-14: 반기보고서 (2026.06) | 2026-07-24: 유상증자결정(종속회사의주요경영사항)              ,3
풀무원,017810,-15,🚨 YES,주요사항보고서(유상증자결정),,주요사항보고서(유상증자결정)(-15),2026-08-14: 반기보고서 (2026.06) | 2026-08-13: 주식등의대량보유상황보고서(약식) | 2026-08-11: 최대주주등소유주식변동신고서               | 2026-08-11: 주식등의대량보유상황보고서(일반) | 2026-08-11: 임원ㆍ주요주주특정증권등소유상황보고서,8
테라사이언스,073640,-15,🚨 YES,[기재정정]주요사항보고서(유상증자결정),,[기재정정]주요사항보고서(유상증자결정)(-15),2026-08-14: 반기검토(감사)의견부적정등사실확인(자본잠식률100분의50이상또는자기자본10억원미만포함)               | 2026-08-14: 반기보고서 (2026.06) | 2026-08-13: [기재정정]타법인주식및출자증권처분결정(자율공시)               | 2026-08-13: [기재정정]타법인주식및출자증권처분결정               | 2026-08-13: [기재정정]주요사항보고서(타법인주식및출자증권양도결정),10
HLB제약,047920,-15,🚨 YES,[기재정정]주요사항보고서(유상증자결정),,[기재정정]주요사항보고서(유상증자결정)(-15),2026-08-14: [첨부정정]증권신고서(지분증권) | 2026-08-14: [기재정정]증권신고서(지분증권) | 2026-08-13: 반기보고서 (2026.06) | 2026-08-03: 권리락              (유상증자) | 2026-08-03: [기재정정]투자설명서,12
하이퍼코퍼레이션,065650,-15,🚨 YES,[기재정정]주요사항보고서(유상증자결정),,[기재정정]주요사항보고서(유상증자결정)(-15),2026-08-14: 반기보고서 (2026.06) | 2026-08-04: [기재정정]주요사항보고서(유상증자결정) | 2026-08-03: [기재정정]주주총회소집결의               | 2026-08-03: 주식등의대량보유상황보고서(일반) | 2026-07-27: 주요사항보고서(자기전환사채만기전취득결정),6
엠투엔,033310,-15,OK,,,[기재정정]최대주주변경을수반하는주식담보제공계약체결              (-5) | [기재정정]최대주주변경을수반하는주식담보제공계약체결              (-5) | [기재정정]최대주주변경을수반하는주식담보제공계약체결              (-5),2026-08-18: [기재정정]최대주주변경을수반하는주식담보제공계약체결               | 2026-08-14: 주식등의대량보유상황보고서(일반) | 2026-08-14: 반기보고서 (2026.06) | 2026-08-10: [기재정정]최대주주변경을수반하는주식담보제공계약체결               | 2026-08-10: 주식등의대량보유상황보고서(일반),7
비나텍,126340,-15,🚨 YES,주요사항보고서(전환사채권발행결정),,주요사항보고서(전환사채권발행결정)(-15),2026-08-14: 반기보고서 (2026.06) | 2026-08-14: 주요사항보고서(전환사채권발행결정) | 2026-08-11: 타법인주식및출자증권취득결정               | 2026-08-06: 주식등의대량보유상황보고서(일반) | 2026-07-28: 주식등의대량보유상황보고서(일반),5
앱튼,270520,-15,🚨 YES,[기재정정]주요사항보고서(전환사채권발행결정),,[기재정정]주요사항보고서(전환사채권발행결정)(-15),2026-08-21: 주식등의대량보유상황보고서(일반) | 2026-08-21: 주식등의대량보유상황보고서(일반) | 2026-08-13: 반기보고서 (2026.06) | 2026-08-07: 주식등의대량보유상황보고서(약식) | 2026-08-03: 주식등의대량보유상황보고서(약식),14
더코디,224060,-15,🚨 YES,[기재정정]주요사항보고서(유상증자결정),,[기재정정]주요사항보고서(유상증자결정)(-15),2026-08-20: [기재정정]주요사항보고서(자기전환사채매도결정) | 2026-08-14: 반기보고서 (2026.06) | 2026-08-12: [기재정정]주주총회소집결의              (임시주주총회) | 2026-08-06: [기재정정]주요사항보고서(자기전환사채매도결정) | 2026-07-27: [기재정정]주요사항보고서(유상증자결정),5
코스리거글로벌,043710,-15,🚨 YES,[기재정정]주요사항보고서(전환사채권발행결정),,[기재정정]주요사항보고서(전환사채권발행결정)(-15),2026-08-14: 반기보고서 (2026.06) | 2026-08-05: 임원ㆍ주요주주특정증권등소유상황보고서 | 2026-08-05: 주식등의대량보유상황보고서(일반) | 2026-08-04: 주요사항보고서(자기전환사채만기전취득결정) | 2026-07-31: [기재정정]주요사항보고서(전환사채권발행결정),8
크로넥스,215570,-15,🚨 YES,[기재정정]주요사항보고서(유상증자결정),,[기재정정]주요사항보고서(유상증자결정)(-15),2026-08-20: 임원ㆍ주요주주특정증권등소유상황보고서 | 2026-08-06: [기재정정]주요사항보고서(유상증자결정) | 2026-08-05: 임시주주총회결과               | 2026-07-31: 주식등의대량보유상황보고서(일반),4
제이아이테크,417500,-15,🚨 YES,주요사항보고서(유상증자결정),,주요사항보고서(유상증자결정)(-15),2026-08-14: 주요사항보고서(유상증자결정) | 2026-08-10: 반기보고서 (2026.06),2
엠엑스온,347890,-15,🚨 YES,유상증자결정(자율공시)(종속회사의주요경영사항)              ,,유상증자결정(자율공시)(종속회사의주요경영사항)              (-15),2026-08-14: 반기보고서 (2026.06) | 2026-08-10: 타법인주식및출자증권취득결정(자율공시)               | 2026-08-10: 유상증자결정(자율공시)(종속회사의주요경영사항)              ,3
비스토스,419540,-15,🚨 YES,[기재정정]주요사항보고서(전환사채권발행결정),,[기재정정]주요사항보고서(전환사채권발행결정)(-15),2026-08-20: 임원ㆍ주요주주특정증권등소유상황보고서 | 2026-08-20: 주식등의대량보유상황보고서(일반) | 2026-08-14: 반기보고서 (2026.06) | 2026-08-14: 주요사항보고서(자기주식취득신탁계약체결결정) | 2026-08-14: 신탁계약해지결과보고서,9
아이에이,038880,-15,🚨 YES,주요사항보고서(유상증자결정),,주요사항보고서(유상증자결정)(-15),2026-08-21: 임원ㆍ주요주주특정증권등소유상황보고서 | 2026-08-18: 주주명부폐쇄기간또는기준일설정               | 2026-08-18: 증권신고서(지분증권) | 2026-08-18: 주요사항보고서(유상증자결정) | 2026-08-14: 반기보고서 (2026.06),8
KX하이텍,052900,-15,🚨 YES,주요사항보고서(전환사채권발행결정),,주요사항보고서(전환사채권발행결정)(-15),2026-08-19: 금전대여결정(자율공시)               | 2026-08-19: 주요사항보고서(전환사채권발행결정) | 2026-08-14: 반기보고서 (2026.06),3
그린리소스,402490,-15,🚨 YES,유상증자결정(종속회사의주요경영사항)              ,,유상증자결정(종속회사의주요경영사항)              (-15),2026-08-14: 반기보고서 (2026.06) | 2026-07-30: 타인에대한담보제공결정               | 2026-07-30: 유상증자결정(종속회사의주요경영사항)              ,3
큐로홀딩스,051780,-15,🚨 YES,주요사항보고서(유상증자결정),,주요사항보고서(유상증자결정)(-15),2026-08-18: 주식등의대량보유상황보고서(일반) | 2026-08-18: 임원ㆍ주요주주특정증권등소유상황보고서 | 2026-08-14: 지급수단별ㆍ지급기간별지급금액및분쟁조정기구에관한사항 | 2026-08-14: 반기보고서 (2026.06) | 2026-08-14: 증권발행결과(자율공시)              ,9
엠엑스로보틱스,007820,-15,🚨 YES,주요사항보고서(유상증자결정),,주요사항보고서(유상증자결정)(-15),2026-08-13: 반기보고서 (2026.06) | 2026-08-07: 주주총회소집결의              (임시주주총회) | 2026-08-07: 주주명부폐쇄기간또는기준일설정               | 2026-08-10: 주요사항보고서(유상증자결정),4
SK,034730,-15,🚨 YES,주요사항보고서(전환사채권발행결정),,주요사항보고서(전환사채권발행결정)(-15),2026-08-19: 지주회사의자회사편입(자회사의 주요경영사항)               | 2026-08-19: 지주회사의자회사편입(자회사의 주요경영사항)               | 2026-08-14: 반기보고서 (2026.06) | 2026-08-13: 동일인등출자계열회사와의상품ㆍ용역거래변경 | 2026-08-13: 동일인등출자계열회사와의상품ㆍ용역거래변경,15
아이엠티,451220,-15,🚨 YES,주요사항보고서(전환사채권발행결정),,주요사항보고서(전환사채권발행결정)(-15),2026-08-20: 주요사항보고서(전환사채권발행결정) | 2026-08-14: 반기보고서 (2026.06),2
롯데지주,004990,-15,🚨 YES,[기재정정]유상증자결정(종속회사의주요경영사항)              ,,[기재정정]유상증자결정(종속회사의주요경영사항)              (-15),2026-08-20: 현금ㆍ현물배당을위한주주명부폐쇄(기준일)결정(자회사의 주요경영사항)               | 2026-08-20: 현금ㆍ현물배당결정(자회사의 주요경영사항)               | 2026-08-20: 타인에대한채무보증결정(자회사의 주요경영사항)               | 2026-08-20: [기재정정]유상증자결정(종속회사의주요경영사항)               | 2026-08-14: 반기보고서 (2026.06),9
서부T&D,006730,-15,OK,,,[기재정정]최대주주변경을수반하는주식담보제공계약체결              (-5) | [기재정정]최대주주변경을수반하는주식담보제공계약체결              (-5) | [기재정정]최대주주변경을수반하는주식담보제공계약체결              (-5),2026-08-21: [기재정정]최대주주변경을수반하는주식담보제공계약체결               | 2026-08-14: 반기보고서 (2026.06) | 2026-08-14: 기업설명회(IR)개최               | 2026-07-31: 주식등의대량보유상황보고서(일반) | 2026-07-30: [기재정정]최대주주변경을수반하는주식담보제공계약체결              ,6
솔루엠,248070,-15,🚨 YES,유상증자결정(종속회사의주요경영사항)              ,,유상증자결정(종속회사의주요경영사항)              (-15),2026-08-14: [기재정정]타법인주식및출자증권취득결정(자율공시)(종속회사의주요경영사항)               | 2026-08-14: 기업설명회(IR)개최(안내공시)               | 2026-08-14: 연결재무제표기준영업실적등에대한전망(공정공시)               | 2026-08-14: 반기보고서 (2026.06) | 2026-08-13: 타법인주식및출자증권취득결정              ,11
동방,004140,-15,🚨 YES,주요사항보고서(전환사채권발행결정),,주요사항보고서(전환사채권발행결정)(-15),2026-08-20: 주요사항보고서(전환사채권발행결정) | 2026-08-14: 반기보고서 (2026.06) | 2026-07-27: 임원ㆍ주요주주특정증권등소유상황보고서 | 2026-07-24: 최대주주등소유주식변동신고서               | 2026-07-24: 임원ㆍ주요주주특정증권등소유상황보고서,5
노머스,473980,-15,🚨 YES,주요사항보고서(전환사채권발행결정),,주요사항보고서(전환사채권발행결정)(-15),2026-08-14: 반기보고서 (2026.06) | 2026-08-10: 주식등의대량보유상황보고서(약식) | 2026-08-03: 신탁계약해지결과보고서 | 2026-08-03: 증권발행결과(자율공시)              (제3회차CB) | 2026-07-31: 신탁계약에의한취득상황보고서,7
클로봇,466100,-15,🚨 YES,[기재정정]주요사항보고서(유상증자결정),,[기재정정]주요사항보고서(유상증자결정)(-15),2026-08-21: 유상증자또는주식관련사채등의청약결과(자율공시)               | 2026-08-18: 유상증자또는주식관련사채등의청약결과(자율공시)               | 2026-08-14: 반기보고서 (2026.06) | 2026-08-11: [기재정정]투자설명서 | 2026-08-11: [발행조건확정]증권신고서(지분증권),22
풍원정밀,371950,-15,🚨 YES,주요사항보고서(유상증자결정),,주요사항보고서(유상증자결정)(-15),2026-08-21: 유상증자또는주식관련사채등의청약결과(자율공시)               | 2026-08-14: 소액공모공시서류(지분증권) | 2026-08-14: 주요사항보고서(유상증자결정) | 2026-08-14: 반기보고서 (2026.06) | 2026-08-05: 주식등의대량보유상황보고서(일반),6
레이,228670,-15,OK,,,최대주주변경을수반하는주식담보제공계약해제ㆍ취소등              (-5) | [기재정정]최대주주변경을수반하는주식양수도계약체결              (-5) | 최대주주변경을수반하는주식양수도계약체결              (-5),2026-08-18: 주식등의대량보유상황보고서(일반) | 2026-08-14: 반기보고서 (2026.06) | 2026-08-13: [기재정정]주식등의대량보유상황보고서(일반) | 2026-08-13: 주식등의대량보유상황보고서(일반) | 2026-08-11: 최대주주변경을수반하는주식담보제공계약해제ㆍ취소등              ,10
HLB,028300,-15,🚨 YES,주요사항보고서(전환사채권발행결정),,주요사항보고서(전환사채권발행결정)(-15),2026-08-20: 주식등의대량보유상황보고서(일반) | 2026-08-20: 임원ㆍ주요주주특정증권등소유상황보고서 | 2026-08-19: 증권발행결과(자율공시)               | 2026-08-14: 파생상품거래손실발생               | 2026-08-14: 반기보고서 (2026.06),8
신한알파리츠,293940,-15,🚨 YES,유상증자결정(자율공시)(종속회사의주요경영사항)              ,,유상증자결정(자율공시)(종속회사의주요경영사항)              (-15),2026-08-20: 임원ㆍ주요주주특정증권등소유상황보고서 | 2026-08-14: 반기보고서 (2026.06) | 2026-08-13: 임원ㆍ주요주주특정증권등소유상황보고서 | 2026-08-12: 기타경영사항(자율공시)               | 2026-08-06: 임원ㆍ주요주주특정증권등소유상황보고서,11
쌍방울,102280,-15,🚨 YES,[기재정정]주요사항보고서(전환사채권발행결정),,[기재정정]주요사항보고서(전환사채권발행결정)(-15),2026-08-14: 반기보고서 (2026.06) | 2026-08-14: [기재정정]주요사항보고서(전환사채권발행결정),2
엔시트론,101400,-15,🚨 YES,주요사항보고서(유상증자결정),,주요사항보고서(유상증자결정)(-15),2026-08-14: 반기보고서 (2026.06) | 2026-08-13: 의결권대리행사권유참고서류 | 2026-08-13: 주주총회소집공고 | 2026-08-13: [기재정정]주주총회소집결의               | 2026-08-13: 경영권변경등에관한계약체결              ,7
에이프릴바이오,397030,-15,OK,,,[기재정정]최대주주변경              (-5) | 최대주주변경을수반하는주식담보제공계약체결              (-5) | 최대주주변경              (-5),2026-08-21: 투자판단관련주요경영사항              (MCB 물질이전 계약 체결 건) | 2026-08-19: [기재정정]최대주주변경               | 2026-08-19: 임원ㆍ주요주주특정증권등소유상황보고서 | 2026-08-19: 임원ㆍ주요주주특정증권등소유상황보고서 | 2026-08-19: 임원ㆍ주요주주특정증권등소유상황보고서,13
디와이디,219550,-15,🚨 YES,[기재정정]주요사항보고서(유상증자결정),,[기재정정]주요사항보고서(유상증자결정)(-15),2026-08-14: 반기보고서 (2026.06) | 2026-08-11: 신주인수권부사채(해외신주인수권부사채포함)발행후만기전사채취득               | 2026-08-07: 임원ㆍ주요주주특정증권등소유상황보고서 | 2026-08-07: 주식등의대량보유상황보고서(일반) | 2026-07-31: [기재정정]주요사항보고서(유상증자결정),6
코아시아,045970,-15,🚨 YES,유상증자결정(종속회사의주요경영사항)              ,,유상증자결정(종속회사의주요경영사항)              (-15),2026-08-14: 반기보고서 (2026.06) | 2026-08-13: 유상증자결정(종속회사의주요경영사항)               | 2026-08-06: 임원ㆍ주요주주특정증권등소유상황보고서 | 2026-07-31: 교환사채(해외교환사채포함)발행후만기전사채취득              ,4
에넥스,011090,-15,🚨 YES,[기재정정]주요사항보고서(유상증자결정),,[기재정정]주요사항보고서(유상증자결정)(-15),2026-08-20: 주주총회소집공고 | 2026-08-20: [기재정정]주주총회소집결의               | 2026-08-18: 임원ㆍ주요주주특정증권등소유상황보고서 | 2026-08-18: 주식등의대량보유상황보고서(일반) | 2026-08-18: 최대주주등소유주식변동신고서              ,10
선광,003100,-15,OK,,,[기재정정]최대주주변경              (-5) | 최대주주변경              (-5) | [기재정정]최대주주변경을수반하는주식양수도계약체결              (-5),2026-08-14: 반기보고서 (2026.06) | 2026-07-31: 주식등의대량보유상황보고서(일반) | 2026-07-31: 임원ㆍ주요주주특정증권등소유상황보고서 | 2026-07-30: [기재정정]주식등의대량보유상황보고서(일반) | 2026-07-30: 임원ㆍ주요주주특정증권등소유상황보고서,14
페니트리움바이오,187660,-15,🚨 YES,[기재정정]주요사항보고서(유상증자결정),,[기재정정]주요사항보고서(유상증자결정)(-15),2026-08-14: 반기보고서 (2026.06) | 2026-08-13: 증권발행결과(자율공시)               | 2026-08-13: 증권발행실적보고서 | 2026-08-12: [기재정정]유상증자또는주식관련사채등의청약결과(자율공시)               | 2026-08-11: 유상증자또는주식관련사채등의청약결과(자율공시)              ,12
팸텍,271830,-15,🚨 YES,[기재정정]주요사항보고서(전환사채권발행결정),,[기재정정]주요사항보고서(전환사채권발행결정)(-15),2026-08-14: 반기보고서 (2026.06) | 2026-07-30: [기재정정]주요사항보고서(전환사채권발행결정),2
쏘카,403550,-12,🚨 YES,유상증자결정(종속회사의주요경영사항)              ,연결재무제표기준영업(잠정)실적(공정공시)              (+3),유상증자결정(종속회사의주요경영사항)              (-15),2026-08-13: 반기보고서 (2026.06) | 2026-08-11: 연결재무제표기준영업(잠정)실적(공정공시)               | 2026-08-11: [기재정정]주식매수선택권부여에관한신고 | 2026-08-11: [기재정정]주식매수선택권부여에관한신고 | 2026-08-11: [기재정정]주식매수선택권부여에관한신고,16
실리콘투,257720,-12,🚨 YES,주요사항보고서(유상증자결정),연결재무제표기준영업(잠정)실적(공정공시)              (+3),주요사항보고서(유상증자결정)(-15),2026-08-18: 주주명부폐쇄기간또는기준일설정               | 2026-08-18: 주요사항보고서(유상증자결정) | 2026-08-18: 주주총회소집결의              (임시주주총회) | 2026-08-14: 반기보고서 (2026.06) | 2026-08-14: 기업설명회(IR)개최              ,8
덕산하이메탈,077360,-12,🚨 YES,유상증자결정(종속회사의주요경영사항)              ,연결재무제표기준영업(잠정)실적(공정공시)              (+3),유상증자결정(종속회사의주요경영사항)              (-15),2026-08-13: 반기보고서 (2026.06) | 2026-08-06: 기업설명회(IR)개최               | 2026-08-06: 연결재무제표기준영업(잠정)실적(공정공시)               | 2026-07-24: 유상증자결정(종속회사의주요경영사항)              ,4
SKC,011790,-12,🚨 YES,유상증자결정(종속회사의주요경영사항)              ,연결재무제표기준영업(잠정)실적(공정공시)              (+3),유상증자결정(종속회사의주요경영사항)              (-15),2026-08-21: 유상증자결정(종속회사의주요경영사항)               | 2026-08-14: 반기보고서 (2026.06) | 2026-08-14: 지급수단별ㆍ지급기간별지급금액및분쟁조정기구에관한사항 | 2026-08-11: 풍문또는보도에대한해명(미확정)               | 2026-07-27: 연결재무제표기준영업(잠정)실적(공정공시)              ,5
유니크,011320,-10,OK,,,주요사항보고서(자기주식처분결정)(-10),2026-08-18: 자기주식처분결과보고서 | 2026-08-14: 반기보고서 (2026.06) | 2026-08-14: 임원ㆍ주요주주특정증권등거래계획보고서 | 2026-08-14: 임원ㆍ주요주주특정증권등거래계획보고서 | 2026-08-14: 임원ㆍ주요주주특정증권등소유상황보고서,13
일양약품,007570,-10,OK,,,최대주주변경              (-5) | 최대주주등소유주식변동신고서(최대주주변경시)              (-5),2026-08-21: 임원ㆍ주요주주특정증권등거래계획보고서 | 2026-08-21: 임원ㆍ주요주주특정증권등거래계획보고서 | 2026-08-14: 반기보고서 (2026.06) | 2026-07-30: 최대주주변경               | 2026-07-30: 주식등의대량보유상황보고서(일반),8
화승인더스트리,006060,-10,OK,,,최대주주변경              (-5) | 최대주주등소유주식변동신고서(최대주주변경시)              (-5),2026-08-13: 반기보고서 (2026.06) | 2026-08-11: [기재정정]투자판단관련주요경영사항               | 2026-08-03: 임원ㆍ주요주주특정증권등소유상황보고서 | 2026-08-03: 임원ㆍ주요주주특정증권등소유상황보고서 | 2026-08-03: 주식등의대량보유상황보고서(일반),11
세기상사,002420,-10,OK,,,최대주주변경              (-5) | 최대주주등소유주식변동신고서(최대주주변경시)              (-5),2026-08-18: 최대주주등소유주식변동신고서               | 2026-08-18: [기재정정]주식등의대량보유상황보고서(일반) | 2026-08-18: 임원ㆍ주요주주특정증권등소유상황보고서 | 2026-08-18: 임원ㆍ주요주주특정증권등소유상황보고서 | 2026-08-18: 주식등의대량보유상황보고서(일반),10
에치에프알,230240,-10,OK,,,주요사항보고서(자기주식처분결정)(-10),2026-08-14: 반기보고서 (2026.06) | 2026-08-05: 임원ㆍ주요주주특정증권등소유상황보고서 | 2026-08-05: 임원ㆍ주요주주특정증권등소유상황보고서 | 2026-08-05: 주식등의대량보유상황보고서(일반) | 2026-08-03: 자기주식처분결과보고서,7
에코글로우,159910,-10,OK,,,[기재정정]최대주주변경을수반하는주식담보제공계약체결              (-5) | [기재정정]최대주주변경을수반하는주식담보제공계약체결              (-5),2026-08-21: 주요사항보고서(자기전환사채매도결정) | 2026-08-14: 반기보고서 (2026.06) | 2026-07-31: 주식등의대량보유상황보고서(일반) | 2026-07-31: [기재정정]최대주주변경을수반하는주식담보제공계약체결               | 2026-07-29: 증권발행결과(자율공시)              (제18회차 CB),11
한화갤러리아,452260,-10,OK,,,최대주주등소유주식변동신고서(최대주주변경시)              (-5) | 최대주주변경              (-5),2026-08-21: [기재정정]주요사항보고서(유형자산양수결정) | 2026-08-21: 특수관계인에대한자금대여 | 2026-08-21: 금전대여결정               | 2026-08-21: 타인에대한채무보증결정               | 2026-08-14: 지급수단별ㆍ지급기간별지급금액및분쟁조정기구에관한사항,12
한국전자홀딩스,006200,-10,OK,,,[기재정정]주요사항보고서(자기주식처분결정)(-10),2026-08-18: [기재정정]주요사항보고서(자기주식처분결정) | 2026-08-18: [기재정정]자기주식처분결과보고서 | 2026-08-18: 자기교환사채만기전취득결정               | 2026-08-14: 반기보고서 (2026.06) | 2026-08-05: 투자유의안내              ,5
SK이터닉스,475150,-10,OK,,,최대주주등소유주식변동신고서(최대주주변경시)              (-5) | 최대주주변경              (-5),2026-08-14: 임원ㆍ주요주주특정증권등소유상황보고서 | 2026-08-14: 주식등의대량보유상황보고서(일반) | 2026-08-13: 기업설명회(IR)개최(안내공시)               | 2026-08-13: 반기보고서 (2026.06) | 2026-08-12: 지속가능경영보고서등관련사항(자율공시)              ,16
두올,016740,-10,OK,,,최대주주등소유주식변동신고서(최대주주변경시)              (-5) | 최대주주변경              (-5),2026-08-13: 반기보고서 (2026.06) | 2026-07-31: 임원ㆍ주요주주특정증권등소유상황보고서 | 2026-07-31: 임원ㆍ주요주주특정증권등소유상황보고서 | 2026-07-31: 주식등의대량보유상황보고서(일반) | 2026-07-31: 임원ㆍ주요주주특정증권등소유상황보고서,15
원텍,336570,-10,OK,,,주요사항보고서(자기주식처분결정)(-10),2026-08-14: 임원ㆍ주요주주특정증권등소유상황보고서 | 2026-08-14: 임원ㆍ주요주주특정증권등소유상황보고서 | 2026-08-14: 임원ㆍ주요주주특정증권등소유상황보고서 | 2026-08-14: 임원ㆍ주요주주특정증권등소유상황보고서 | 2026-08-14: 임원ㆍ주요주주특정증권등소유상황보고서,11
디에스케이,109740,-10,OK,,,[기재정정]최대주주변경을수반하는주식양수도계약체결              (-5) | [기재정정]최대주주변경을수반하는주식양수도계약체결              (-5),2026-08-14: 반기보고서 (2026.06) | 2026-08-11: 주식등의대량보유상황보고서(일반) | 2026-08-04: [기재정정]최대주주변경을수반하는주식양수도계약체결               | 2026-08-04: 주식등의대량보유상황보고서(일반) | 2026-07-29: [기재정정]주주총회소집결의              (임시주주총회),7
조광페인트,004910,-10,OK,,,[기재정정]주요사항보고서(자기주식처분결정)(-10),2026-08-14: 반기보고서 (2026.06) | 2026-07-27: [기재정정]자기주식처분결과보고서 | 2026-07-27: [기재정정]주요사항보고서(자기주식처분결정) | 2026-07-27: 자기교환사채만기전취득결정              ,4
에이럭스,475580,-10,🚨 YES,[기재정정]유상증자결정(종속회사의주요경영사항)              ,단일판매ㆍ공급계약체결              (+5),[기재정정]유상증자결정(종속회사의주요경영사항)              (-15),2026-08-18: [기재정정]유상증자결정(종속회사의주요경영사항)               | 2026-08-18: [기재정정]타법인주식및출자증권취득결정               | 2026-08-18: [기재정정]타법인주식및출자증권처분결정               | 2026-08-14: [기재정정]반기보고서 (2026.06) | 2026-08-14: 반기보고서 (2026.06),8
나인앤컴퍼니,366030,-10,OK,,,최대주주변경을수반하는주식담보제공계약체결              (-5) | 최대주주변경을수반하는주식담보제공계약해제ㆍ취소등              (-5),2026-08-20: 최대주주변경을수반하는주식담보제공계약체결               | 2026-08-20: 최대주주변경을수반하는주식담보제공계약해제ㆍ취소등               | 2026-08-14: 반기보고서 (2026.06) | 2026-08-12: 주식등의대량보유상황보고서(약식) | 2026-08-11: 주식등의대량보유상황보고서(약식),5
노브랜드,145170,-10,OK,,,주요사항보고서(자기주식처분결정)(-10),2026-08-21: 주요사항보고서(자기주식처분결정) | 2026-08-14: 반기보고서 (2026.06) | 2026-08-10: [기재정정]임시주주총회결과              ,3
코칩,126730,-10,OK,,,주요사항보고서(자기주식처분결정)(-10),2026-08-14: 주요사항보고서(자기주식처분결정) | 2026-08-13: 반기보고서 (2026.06) | 2026-08-04: [기재정정]자기주식처분결과보고서 | 2026-08-03: 임원ㆍ주요주주특정증권등소유상황보고서 | 2026-07-29: 자기주식처분결과보고서,5
어보브반도체,102120,-10,OK,,,주요사항보고서(자기주식처분결정)(-10),2026-08-21: 자기주식처분결과보고서 | 2026-08-14: 반기보고서 (2026.06) | 2026-08-13: 주요사항보고서(자기주식처분결정) | 2026-08-13: 교환사채(해외교환사채포함)발행후만기전사채취득               | 2026-08-13: 교환사채(해외교환사채포함)발행후만기전사채취득              ,5
현대무벡스,319400,-10,OK,,,주요사항보고서(자기주식처분결정)(-10),2026-08-20: 임원ㆍ주요주주특정증권등거래계획보고서 | 2026-08-14: 반기보고서 (2026.06) | 2026-08-06: 주요사항보고서(자기주식처분결정) | 2026-07-24: 임원ㆍ주요주주특정증권등거래계획철회보고서,4
HPSP,403870,-10,OK,,,주요사항보고서(자기주식처분결정)(-10),2026-08-14: 반기보고서 (2026.06) | 2026-08-07: 주요사항보고서(자기주식처분결정) | 2026-08-07: [기재정정]주식매수선택권부여에관한신고 | 2026-08-03: 임원ㆍ주요주주특정증권등소유상황보고서 | 2026-08-03: 주식등의대량보유상황보고서(약식),5
KG에코솔루션,151860,-9,🚨 YES,주요사항보고서(전환사채권발행결정)(자회사의 주요경영사항)              ,연결재무제표기준영업(잠정)실적(공정공시)              (+3) | 영업(잠정)실적(공정공시)              (+3),주요사항보고서(전환사채권발행결정)(자회사의 주요경영사항)              (-15),2026-08-14: 반기보고서 (2026.06) | 2026-08-13: 지급수단별ㆍ지급기간별지급금액및분쟁조정기구에관한사항 | 2026-08-11: 연결재무제표기준영업(잠정)실적(공정공시)               | 2026-08-11: 영업(잠정)실적(공정공시)               | 2026-08-06: 기업설명회(IR)개최              ,9
KG모빌리티,003620,-9,🚨 YES,주요사항보고서(전환사채권발행결정),영업(잠정)실적(공정공시)              (+3) | 영업(잠정)실적(공정공시)              (+3),주요사항보고서(전환사채권발행결정)(-15),2026-08-14: 반기보고서 (2026.06) | 2026-08-14: 지급수단별ㆍ지급기간별지급금액및분쟁조정기구에관한사항 | 2026-08-11: 유상증자또는주식관련사채등의발행결과(자율공시)               | 2026-08-03: 영업(잠정)실적(공정공시)               | 2026-08-03: 주요사항보고서(전환사채권발행결정),8
HLB글로벌,003580,-9,🚨 YES,주요사항보고서(전환사채권발행결정),[첨부정정]주요사항보고서(회사합병결정)(+3) | 주요사항보고서(회사합병결정)(+3),주요사항보고서(전환사채권발행결정)(-15),2026-08-20: 주식등의대량보유상황보고서(일반) | 2026-08-20: 임원ㆍ주요주주특정증권등소유상황보고서 | 2026-08-18: 유상증자또는주식관련사채등의발행결과(자율공시)               | 2026-08-13: 반기보고서 (2026.06) | 2026-08-10: [첨부정정]주요사항보고서(회사합병결정),10
LS에코에너지,229640,-9,🚨 YES,주요사항보고서(전환사채권발행결정),[기재정정]연결재무제표기준영업(잠정)실적(공정공시)              (+3) | 연결재무제표기준영업(잠정)실적(공정공시)              (+3),주요사항보고서(전환사채권발행결정)(-15),2026-08-14: 반기보고서 (2026.06) | 2026-08-14: 지급수단별ㆍ지급기간별지급금액및분쟁조정기구에관한사항 | 2026-08-05: [기재정정]연결재무제표기준영업(잠정)실적(공정공시)               | 2026-08-05: 연결재무제표기준영업(잠정)실적(공정공시)               | 2026-08-04: 유상증자또는주식관련사채등의발행결과(자율공시)              ,9
KG케미칼,001390,-7,OK,,연결재무제표기준영업(잠정)실적(공정공시)              (+3),주요사항보고서(자기주식처분결정)(-10),2026-08-14: [첨부추가]반기보고서 (2026.06) | 2026-08-14: 주요사항보고서(자기주식처분결정) | 2026-08-14: 최대주주등소유주식변동신고서               | 2026-08-14: 주식등의대량보유상황보고서(일반) | 2026-08-14: 임원ㆍ주요주주특정증권등소유상황보고서,13
아모레퍼시픽,090430,-7,OK,,연결재무제표기준영업(잠정)실적(공정공시)              (+3),주요사항보고서(자기주식처분결정)(-10),2026-08-19: 기업설명회(IR)개최(안내공시)               | 2026-08-14: 반기보고서 (2026.06) | 2026-08-14: 동일인등출자계열회사와의상품ㆍ용역거래변경 | 2026-08-13: 지급수단별ㆍ지급기간별지급금액및분쟁조정기구에관한사항 | 2026-08-10: 최대주주등소유주식변동신고서              ,8
SK네트웍스,001740,-7,OK,,연결재무제표기준영업(잠정)실적(공정공시)              (+3),주요사항보고서(자기주식처분결정)(-10),2026-08-18: 최대주주등소유주식변동신고서               | 2026-08-18: 자기주식처분결과보고서 | 2026-08-18: 임원ㆍ주요주주특정증권등소유상황보고서 | 2026-08-18: 임원ㆍ주요주주특정증권등소유상황보고서 | 2026-08-18: 임원ㆍ주요주주특정증권등소유상황보고서,13
남성,004270,-7,OK,,연결재무제표기준영업(잠정)실적(공정공시)              (+3),[기재정정]주요사항보고서(자기주식처분결정)(-10),2026-08-19: [기재정정]자기주식처분결과보고서 | 2026-08-19: [기재정정]주요사항보고서(자기주식처분결정) | 2026-08-19: 자기교환사채만기전취득결정               | 2026-08-13: 반기보고서 (2026.06) | 2026-08-05: 투자유의안내              ,7
RFHIC,218410,-7,OK,,연결재무제표기준영업(잠정)실적(공정공시)              (+3),주요사항보고서(자기주식처분결정)(-10),2026-08-18: 자기주식처분결과보고서 | 2026-08-14: 반기보고서 (2026.06) | 2026-08-11: 주요사항보고서(자기주식처분결정) | 2026-08-11: 임시주주총회결과               | 2026-07-27: 주주총회소집공고,6
유나이티드,033270,-7,OK,,영업(잠정)실적(공정공시)              (+3),최대주주변경              (-5) | 최대주주등소유주식변동신고서(최대주주변경시)              (-5),2026-08-14: 반기보고서 (2026.06) | 2026-08-11: 최대주주변경               | 2026-08-11: 주식등의대량보유상황보고서(일반) | 2026-08-11: 임원ㆍ주요주주특정증권등소유상황보고서 | 2026-08-11: 임원ㆍ주요주주특정증권등소유상황보고서,7
휴젤,145020,-7,OK,,연결재무제표기준영업(잠정)실적(공정공시)              (+3),주요사항보고서(자기주식처분결정)(-10),2026-08-21: 임원ㆍ주요주주특정증권등소유상황보고서 | 2026-08-21: 독립이사의선임ㆍ해임또는중도퇴임에관한신고 | 2026-08-21: 임시주주총회결과               | 2026-08-14: 반기보고서 (2026.06) | 2026-08-14: 지급수단별ㆍ지급기간별지급금액및분쟁조정기구에관한사항,21
한미약품,128940,-7,OK,,연결재무제표기준영업(잠정)실적(공정공시)              (+3),주요사항보고서(자기주식처분결정)(-10),2026-08-21: [기재정정]투자판단관련주요경영사항               | 2026-08-21: [기재정정]투자판단관련주요경영사항               | 2026-08-14: 반기보고서 (2026.06) | 2026-08-12: 주식등의대량보유상황보고서(일반) | 2026-08-11: 최대주주등소유주식변동신고서              ,35
교촌에프앤비,339770,-7,OK,,연결재무제표기준영업(잠정)실적(공정공시)              (+3),주요사항보고서(자기주식처분결정)(-10),2026-08-14: 반기보고서 (2026.06) | 2026-08-10: 주요사항보고서(자기주식처분결정) | 2026-08-10: 현금ㆍ현물배당을위한주주명부폐쇄(기준일)결정               | 2026-08-10: 현금ㆍ현물배당결정               | 2026-08-07: 연결재무제표기준영업(잠정)실적(공정공시)              ,5
LX홀딩스,383800,-7,OK,,연결재무제표기준영업(잠정)실적(공정공시)              (+3),최대주주변경              (-5) | 최대주주등소유주식변동신고서(최대주주변경시)              (-5),2026-08-14: 반기보고서 (2026.06) | 2026-08-14: 지급수단별ㆍ지급기간별지급금액및분쟁조정기구에관한사항 | 2026-08-12: 임원ㆍ주요주주특정증권등거래계획보고서 | 2026-08-12: 임원ㆍ주요주주특정증권등거래계획보고서 | 2026-08-12: 타인에대한담보제공결정(자회사의 주요경영사항)              ,15
한화비전,489790,-7,OK,,연결재무제표기준영업(잠정)실적(공정공시)              (+3),최대주주등소유주식변동신고서(최대주주변경시)              (-5) | 최대주주변경              (-5),2026-08-14: 지급수단별ㆍ지급기간별지급금액및분쟁조정기구에관한사항 | 2026-08-13: 반기보고서 (2026.06) | 2026-08-10: 최대주주등소유주식변동신고서(최대주주변경시)               | 2026-08-10: 임원ㆍ주요주주특정증권등소유상황보고서 | 2026-08-10: 주식등의대량보유상황보고서(일반),10
서진시스템,178320,-5,OK,,[기재정정]단일판매ㆍ공급계약체결              (+5),[기재정정]최대주주변경을수반하는주식담보제공계약체결              (-5) | [기재정정]최대주주변경을수반하는주식담보제공계약체결              (-5),2026-08-18: [기재정정]타인에대한채무보증결정               | 2026-08-18: [기재정정]타인에대한채무보증결정               | 2026-08-14: 반기보고서 (2026.06) | 2026-08-13: [기재정정]타인에대한채무보증결정               | 2026-08-12: [기재정정]타인에대한채무보증결정              ,11
케이엔제이,272110,-5,OK,,,최대주주변경을수반하는주식담보제공계약해제ㆍ취소등              (-5),2026-08-13: [기재정정]반기보고서 (2026.06) | 2026-08-13: 반기보고서 (2026.06) | 2026-08-11: 최대주주변경을수반하는주식담보제공계약해제ㆍ취소등               | 2026-08-11: 주식등의대량보유상황보고서(일반) | 2026-08-06: 주식등의대량보유상황보고서(일반),5
키스트론,475430,-5,OK,,,최대주주변경              (-5),2026-08-14: 주식등의대량보유상황보고서(일반) | 2026-08-14: 임원ㆍ주요주주특정증권등소유상황보고서 | 2026-08-14: 임원ㆍ주요주주특정증권등소유상황보고서 | 2026-08-14: 임원ㆍ주요주주특정증권등소유상황보고서 | 2026-08-14: 반기보고서 (2026.06),13
신테카바이오,226330,-5,OK,,,[기재정정]최대주주변경을수반하는주식담보제공계약체결              (-5),2026-08-19: 주요사항보고서(자기전환사채만기전취득결정) | 2026-08-18: [기재정정]주주총회소집결의              (임시주주총회) | 2026-08-14: 반기보고서 (2026.06) | 2026-08-14: 반기검토(감사)의견부적정등사실확인(자본잠식률100분의50이상또는자기자본10억원미만포함)               | 2026-08-04: 임원ㆍ주요주주특정증권등소유상황보고서,8
하나머티리얼즈,166090,-5,OK,,,[기재정정]최대주주변경을수반하는주식담보제공계약체결              (-5),2026-08-13: 반기보고서 (2026.06) | 2026-08-12: 신규시설투자등               | 2026-08-05: 주식등의대량보유상황보고서(일반) | 2026-08-04: [기재정정]최대주주변경을수반하는주식담보제공계약체결               | 2026-08-04: 주요사항보고서(교환사채권발행결정),6
해성에어로보틱스,059270,-5,OK,,,[기재정정]최대주주변경을수반하는주식담보제공계약체결              (-5),2026-08-19: 파산신청기각              (취하) | 2026-08-14: 반기보고서 (2026.06) | 2026-08-05: 임원ㆍ주요주주특정증권등소유상황보고서 | 2026-07-31: 임원ㆍ주요주주특정증권등소유상황보고서 | 2026-07-27: [기재정정]최대주주변경을수반하는주식담보제공계약체결              ,6
아나패스,123860,-5,OK,,,[기재정정]최대주주변경을수반하는주식담보제공계약체결              (-5),2026-08-20: 주식등의대량보유상황보고서(일반) | 2026-08-20: 임원ㆍ주요주주특정증권등소유상황보고서 | 2026-08-14: 반기보고서 (2026.06) | 2026-08-12: [기재정정]최대주주변경을수반하는주식담보제공계약체결               | 2026-08-12: 임원ㆍ주요주주특정증권등소유상황보고서,11
오이솔루션,138080,-5,OK,,,[기재정정]최대주주변경을수반하는주식담보제공계약체결              (-5),2026-08-21: 주식등의대량보유상황보고서(일반) | 2026-08-21: [기재정정]최대주주변경을수반하는주식담보제공계약체결               | 2026-08-14: 반기보고서 (2026.06),3
크레버스,096240,-5,OK,,,[기재정정]최대주주변경을수반하는주식담보제공계약체결              (-5),2026-08-14: 반기보고서 (2026.06) | 2026-08-07: 임원ㆍ주요주주특정증권등소유상황보고서 | 2026-07-31: 주식등의대량보유상황보고서(일반) | 2026-07-24: [기재정정]최대주주변경을수반하는주식담보제공계약체결              ,4
졸스,018700,-5,OK,,,최대주주변경              (-5),2026-08-14: 반기보고서 (2026.06) | 2026-08-04: 임원ㆍ주요주주특정증권등소유상황보고서 | 2026-08-04: 주식등의대량보유상황보고서(일반) | 2026-08-04: 주식등의대량보유상황보고서(일반) | 2026-07-29: 증권발행결과(자율공시)              (제37회차 CB),7
제이스코홀딩스,023440,-5,OK,,,[기재정정]최대주주변경을수반하는주식담보제공계약체결              (-5),2026-08-14: 주식등의대량보유상황보고서(일반) | 2026-08-14: 반기보고서 (2026.06) | 2026-08-14: 반기검토(감사)의견부적정등사실확인(자본잠식률100분의50이상또는자기자본10억원미만포함)               | 2026-08-11: 주주총회소집공고 | 2026-08-11: [기재정정]주주총회소집결의              (임시주주총회),6
파버나인,177830,-5,OK,,,[기재정정]최대주주변경을수반하는주식담보제공계약체결              (-5),2026-08-14: 주식등의대량보유상황보고서(약식) | 2026-08-14: 전환사채(해외전환사채포함)발행후만기전사채취득               | 2026-08-14: 반기보고서 (2026.06) | 2026-08-12: 주식등의대량보유상황보고서(일반) | 2026-08-12: [기재정정]최대주주변경을수반하는주식담보제공계약체결              ,5
수성웹툰,084180,-5,OK,,,[기재정정]최대주주변경을수반하는주식담보제공계약체결              (-5),2026-08-14: 반기보고서 (2026.06) | 2026-08-13: 주식등의대량보유상황보고서(일반) | 2026-08-12: 불성실공시법인지정예고              (공시번복) | 2026-08-10: 주식등의대량보유상황보고서(약식) | 2026-08-06: [기재정정]최대주주변경을수반하는주식담보제공계약체결              ,6
엔켐,348370,-5,OK,,,[기재정정]최대주주변경을수반하는주식담보제공계약체결              (-5),2026-08-19: [기재정정]주식등의대량보유상황보고서(일반) | 2026-08-18: 임원ㆍ주요주주특정증권등소유상황보고서 | 2026-08-18: 주식등의대량보유상황보고서(일반) | 2026-08-14: 반기보고서 (2026.06) | 2026-08-11: [기재정정]최대주주변경을수반하는주식담보제공계약체결              ,11
인카금융서비스,211050,-5,OK,,,최대주주변경을수반하는주식담보제공계약체결              (-5),2026-08-18: 임원ㆍ주요주주특정증권등소유상황보고서 | 2026-08-14: 반기보고서 (2026.06) | 2026-08-11: 신탁계약해지결과보고서 | 2026-08-11: 임원ㆍ주요주주특정증권등소유상황보고서 | 2026-08-10: 주요사항보고서(자기주식취득신탁계약해지결정),9
크레오에스지,040350,-5,OK,,,[기재정정]최대주주변경을수반하는주식담보제공계약체결              (-5),2026-08-14: 반기보고서 (2026.06) | 2026-08-13: 주식등의대량보유상황보고서(일반) | 2026-08-07: 조회공시요구(현저한시황변동)에대한답변(미확정)               | 2026-08-04: 주식등의대량보유상황보고서(일반) | 2026-07-28: [기재정정]최대주주변경을수반하는주식담보제공계약체결              ,5
NAVER,035420,-4,🚨 YES,주요사항보고서(유상증자결정),영업(잠정)실적(공정공시)              (+3) | 연결재무제표기준영업(잠정)실적(공정공시)              (+3) | 주식소각결정              (+5),주요사항보고서(유상증자결정)(-15),2026-08-14: 임원ㆍ주요주주특정증권등소유상황보고서 | 2026-08-14: 임원ㆍ주요주주특정증권등소유상황보고서 | 2026-08-14: 임원ㆍ주요주주특정증권등소유상황보고서 | 2026-08-14: 임원ㆍ주요주주특정증권등소유상황보고서 | 2026-08-14: 임원ㆍ주요주주특정증권등소유상황보고서,18
아바코,083930,-2,OK,,영업(잠정)실적(공정공시)              (+3),최대주주변경              (-5),2026-08-21: 최대주주변경               | 2026-08-14: 반기보고서 (2026.06) | 2026-08-07: 영업(잠정)실적(공정공시)              ,3
씨젠,096530,-2,OK,,주식소각결정              (+5) | 연결재무제표기준영업(잠정)실적(공정공시)              (+3),주요사항보고서(자기주식처분결정)(-10),2026-08-21: 자기주식처분결과보고서 | 2026-08-14: 반기보고서 (2026.06) | 2026-08-12: 주식소각결정               | 2026-08-12: 현금ㆍ현물배당결정              (분기배당) | 2026-08-12: 주요사항보고서(자기주식처분결정),8
아진전자부품,009320,-2,OK,,영업(잠정)실적(공정공시)              (+3),최대주주등소유주식변동신고서(최대주주변경시)              (-5),2026-08-14: 반기보고서 (2026.06) | 2026-08-14: 영업(잠정)실적(공정공시)               | 2026-08-14: 최대주주등소유주식변동신고서               | 2026-08-13: 주식등의대량보유상황보고서(약식) | 2026-08-13: 임원ㆍ주요주주특정증권등소유상황보고서,12
케이씨티시,009070,0,OK,,,,2026-08-14: 반기보고서 (2026.06) | 2026-08-13: 지급수단별ㆍ지급기간별지급금액및분쟁조정기구에관한사항 | 2026-08-12: 임원ㆍ주요주주특정증권등거래계획보고서,3
양지사,030960,0,OK,,,,2026-08-19: 주주총회소집결의               | 2026-08-19: 현금ㆍ현물배당결정               | 2026-07-31: 매출액또는손익구조30%(대규모법인은15%)이상변동              ,3
대영포장,014160,0,OK,,,,2026-08-19: 주주총회소집공고 | 2026-08-14: 반기보고서 (2026.06) | 2026-08-05: 투자유의안내               | 2026-07-27: 주주명부폐쇄기간또는기준일설정               | 2026-07-27: 주주총회소집결의              ,6
제이알글로벌리츠,348950,0,OK,,,,2026-08-14: [기재정정]주요사항보고서(회생절차개시신청) | 2026-08-13: 매출액또는손익구조30%(대규모법인은15%)이상변경               | 2026-08-13: 주주총회소집결의               | 2026-08-12: 임원ㆍ주요주주특정증권등소유상황보고서 | 2026-08-10: 임원ㆍ주요주주특정증권등소유상황보고서,7
하이즈항공,221840,0,OK,,,,2026-08-13: 반기보고서 (2026.06) | 2026-07-30: 임원ㆍ주요주주특정증권등소유상황보고서 | 2026-07-30: 임원ㆍ주요주주특정증권등소유상황보고서,3
금비,008870,0,OK,,,,2026-08-14: 분기보고서 (2026.06) | 2026-08-14: 임원ㆍ주요주주특정증권등소유상황보고서 | 2026-08-14: 최대주주등소유주식변동신고서               | 2026-08-05: 임원ㆍ주요주주특정증권등소유상황보고서 | 2026-08-05: 최대주주등소유주식변동신고서              ,7
전진바이오팜,110020,0,OK,,,,2026-08-21: 임원ㆍ주요주주특정증권등소유상황보고서 | 2026-08-21: 주식등의대량보유상황보고서(일반) | 2026-08-14: 반기보고서 (2026.06) | 2026-08-11: 임원ㆍ주요주주특정증권등소유상황보고서 | 2026-08-11: 주식등의대량보유상황보고서(일반),7
효성오앤비,097870,0,OK,,,,2026-08-14: 주주총회소집결의               | 2026-08-14: 현금ㆍ현물배당결정               | 2026-08-14: 매출액또는손익구조30%(대규모법인은15%)이상변동              ,3
깨끗한나라,004540,0,OK,,,,2026-08-14: 반기보고서 (2026.06) | 2026-08-11: 대표이사(대표집행임원)변경(안내공시)               | 2026-07-24: [기재정정]신규시설투자등              ,3
갤럭시아에스엠,011420,0,OK,,,,2026-08-20: 최대주주등소유주식변동신고서               | 2026-08-14: 지급수단별ㆍ지급기간별지급금액및분쟁조정기구에관한사항 | 2026-08-14: 반기보고서 (2026.06) | 2026-08-13: 최대주주등소유주식변동신고서               | 2026-08-05: 주식등의대량보유상황보고서(일반),7
딜리셔스,483350,0,OK,,,,2026-08-20: 주식등의대량보유상황보고서(약식) | 2026-08-19: 임원ㆍ주요주주특정증권등소유상황보고서 | 2026-08-19: 주식등의대량보유상황보고서(약식) | 2026-08-19: 주식등의대량보유상황보고서(약식) | 2026-08-19: 임원ㆍ주요주주특정증권등소유상황보고서,16
부산은행,005280,0,OK,,,,2026-08-14: [기재정정]일괄신고서 | 2026-08-14: 반기보고서 (2026.06) | 2026-08-13: 증권발행실적보고서 | 2026-08-12: 투자설명서(일괄신고) | 2026-08-12: 일괄신고추가서류,12
셀레스트라,352770,0,OK,,,,2026-08-14: 기타시장안내              (상장적격성 실질심사 사유 추가 관련 절차 미진행) | 2026-08-14: 반기보고서 (2026.06) | 2026-08-14: 반기검토(감사)의견부적정등사실확인(자본잠식률100분의50이상또는자기자본10억원미만포함)               | 2026-08-14: 반기또는분기매출액미달사실발생              ,4
플라즈맵,405000,0,OK,,,,2026-08-14: 반기보고서 (2026.06) | 2026-07-31: 주식등의대량보유상황보고서(일반) | 2026-07-31: 임원ㆍ주요주주특정증권등소유상황보고서 | 2026-07-31: 증권발행결과(자율공시)              (제3자배정) | 2026-07-30: 주식등의대량보유상황보고서(일반),6
스마트레이더시스템,424960,0,OK,,,,2026-08-18: 전환사채(해외전환사채포함)발행후만기전사채취득              (제1회차) | 2026-08-18: 파생상품거래손실발생               | 2026-08-14: 반기보고서 (2026.06) | 2026-08-13: 주식등의대량보유상황보고서(일반) | 2026-07-24: 임원ㆍ주요주주특정증권등소유상황보고서,5
네오이뮨텍,950220,0,OK,,,,"2026-08-19: 기업설명회(IR)개최               | 2026-08-19: 투자판단관련주요경영사항              (NT­I7 흉선 기능 관련 적응증에 대한 독점적 기술이전 계약 체결) | 2026-08-18: 투자판단관련주요경영사항(임상시험결과)              (NIT110(재발성·불응성 진행성 고형암, NTI7 및 키트루다 병용요법) 임상 1b/2a상 임상시험결과보고서(CSR) 수령) | 2026-08-12: 반기보고서 (2026.06)",4
금강철강,053260,0,OK,,,,2026-08-14: 반기보고서 (2026.06) | 2026-08-07: 소송등의제기ㆍ신청(경영권분쟁소송)              (직무집행정지가처분) | 2026-07-31: 대표이사변경               | 2026-07-29: 자기주식처분결과보고서,4
제이에스링크,127120,0,OK,,,,2026-08-14: 반기보고서 (2026.06) | 2026-08-04: 주식등의대량보유상황보고서(일반) | 2026-08-03: 주식등의대량보유상황보고서(일반) | 2026-07-31: 주식등의대량보유상황보고서(일반) | 2026-07-30: 주식등의대량보유상황보고서(일반),6
프리티,006490,0,OK,,,,2026-08-14: [첨부추가]반기보고서 (2026.06) | 2026-08-11: 주주명부폐쇄기간또는기준일설정               | 2026-08-11: 주주총회소집결의               | 2026-07-28: 독립이사의선임ㆍ해임또는중도퇴임에관한신고 | 2026-07-28: 임시주주총회결과              ,6
네오뷰,0218L0,0,OK,,,,2026-08-14: 타인에대한채무보증결정               | 2026-08-03: 주식등의대량보유상황보고서(일반) | 2026-08-03: [기재정정]임원ㆍ주요주주특정증권등소유상황보고서 | 2026-08-03: 임원ㆍ주요주주특정증권등소유상황보고서 | 2026-08-03: 임원ㆍ주요주주특정증권등소유상황보고서,13
아리바이오홀딩스,290690,0,OK,,,,2026-08-14: 반기보고서 (2026.06) | 2026-08-10: 주식등의대량보유상황보고서(일반) | 2026-07-31: 주요사항보고서(자기전환사채만기전취득결정),3
아톤,158430,0,OK,,,,2026-08-14: 반기보고서 (2026.06) | 2026-07-27: 주식등의대량보유상황보고서(일반) | 2026-07-27: 임원ㆍ주요주주특정증권등소유상황보고서 | 2026-07-27: 임원ㆍ주요주주특정증권등소유상황보고서 | 2026-07-27: 임원ㆍ주요주주특정증권등소유상황보고서,7
주연테크,044380,0,OK,,,,2026-08-13: 반기보고서 (2026.06) | 2026-07-31: 최대주주등소유주식변동신고서               | 2026-07-31: 임원ㆍ주요주주특정증권등소유상황보고서 | 2026-07-31: 주식등의대량보유상황보고서(일반) | 2026-07-29: 유상증자또는주식관련사채등의발행결과(자율공시)              ,6
디모아,016670,0,OK,,,,2026-08-20: 임시주주총회결과               | 2026-08-13: 반기보고서 (2026.06) | 2026-08-07: 전환가액의조정               | 2026-08-05: 주주총회소집공고 | 2026-08-05: [기재정정]주주총회소집결의              (임시주주총회),5
경남제약,053950,0,OK,,,,2026-08-20: 주식등의대량보유상황보고서(일반) | 2026-08-14: 반기보고서 (2026.06) | 2026-08-10: [기재정정]타법인주식및출자증권취득결정              ,3
대호에이엘,069460,0,OK,,,,"2026-08-14: 반기검토의견부적정,의견거절또는완전자본잠식사실발생               | 2026-08-14: 반기보고서 (2026.06) | 2026-08-13: 소송등의제기ㆍ신청(경영권분쟁소송)               | 2026-08-12: 의결권대리행사권유참고서류 | 2026-08-11: 소송등의판결ㆍ결정              ",17
케이이엠텍,106080,0,OK,,,,2026-08-14: 반기검토(감사)의견부적정등사실확인(자본잠식률100분의50이상또는자기자본10억원미만포함)               | 2026-08-14: 반기보고서 (2026.06) | 2026-07-31: 주식등의대량보유상황보고서(약식) | 2026-07-30: [기재정정]주주총회소집결의              (임시주주총회),4
아스플로,159010,0,OK,,,,2026-08-21: 주주총회소집결의              (임시주주총회) | 2026-08-21: 주주명부폐쇄기간또는기준일설정               | 2026-08-18: [기재정정]주식등의대량보유상황보고서(일반) | 2026-08-18: [기재정정]주식등의대량보유상황보고서(일반) | 2026-08-18: 주식등의대량보유상황보고서(일반),9
이지스밸류플러스리츠,334890,0,OK,,,,2026-08-20: 임원ㆍ주요주주특정증권등소유상황보고서 | 2026-08-19: 임원ㆍ주요주주특정증권등소유상황보고서 | 2026-08-14: 주주명부폐쇄기간또는기준일설정               | 2026-08-13: 임원ㆍ주요주주특정증권등소유상황보고서 | 2026-08-06: 임원ㆍ주요주주특정증권등소유상황보고서,9
알비더블유,361570,0,OK,,,,2026-08-14: 반기보고서 (2026.06) | 2026-08-11: 임시주주총회결과               | 2026-07-27: 주주총회소집공고 | 2026-07-24: 임원ㆍ주요주주특정증권등소유상황보고서,4
웰크론,065950,0,OK,,,,2026-08-14: 임원ㆍ주요주주특정증권등소유상황보고서 | 2026-08-14: 반기보고서 (2026.06) | 2026-08-10: 임원ㆍ주요주주특정증권등소유상황보고서 | 2026-08-07: 임원ㆍ주요주주특정증권등소유상황보고서 | 2026-08-07: 임원ㆍ주요주주특정증권등거래계획보고서,7
와이엠,007530,0,OK,,,,2026-08-14: 반기보고서 (2026.06) | 2026-08-04: 임원ㆍ주요주주특정증권등소유상황보고서 | 2026-07-24: 주식등의대량보유상황보고서(일반) | 2026-07-24: 임원ㆍ주요주주특정증권등소유상황보고서,4
현대사료,016790,0,OK,,,,2026-08-14: 반기보고서 (2026.06) | 2026-08-06: 소송등의제기ㆍ신청(경영권분쟁소송)               | 2026-08-05: 주주명부폐쇄기간또는기준일설정               | 2026-08-05: 주주총회소집결의              (임시주주총회),4
알엔투테크놀로지,148250,0,OK,,,,2026-08-19: 불성실공시법인지정              (공시불이행) | 2026-08-18: 주주명부폐쇄기간또는기준일설정               | 2026-08-18: 주주총회소집결의              (임시주주총회) | 2026-08-14: 의결권대리행사권유참고서류 | 2026-08-14: [기재정정]주주총회소집공고,11
휴니드테크놀러지스,005870,0,OK,,,,2026-08-14: 임원ㆍ주요주주특정증권등소유상황보고서 | 2026-08-14: 반기보고서 (2026.06) | 2026-07-28: 주식등의대량보유상황보고서(일반),3
DH오토넥스,000300,0,OK,,,,2026-08-18: [기재정정]주요사항보고서(타법인주식및출자증권양도결정) | 2026-08-14: 반기보고서 (2026.06) | 2026-07-24: 독립이사의선임ㆍ해임또는중도퇴임에관한신고 | 2026-07-24: 임시주주총회결과               | 2026-07-24: 대표이사(대표집행임원)변경(안내공시)              ,5
링네트,042500,0,OK,,,,2026-08-14: 반기보고서 (2026.06) | 2026-08-03: 주식등의대량보유상황보고서(일반) | 2026-08-03: 임원ㆍ주요주주특정증권등소유상황보고서 | 2026-08-03: 주식등의대량보유상황보고서(일반) | 2026-07-31: 주식등의대량보유상황보고서(일반),37
아고스,175140,0,OK,,,,2026-08-14: 의결권대리행사권유참고서류 | 2026-08-14: 주주총회소집공고 | 2026-08-14: [기재정정]주주총회소집결의               | 2026-08-14: 반기보고서 (2026.06),4
현대홈쇼핑,057050,0,OK,,,,2026-08-14: 반기보고서 (2026.06) | 2026-08-13: 지급수단별ㆍ지급기간별지급금액및분쟁조정기구에관한사항 | 2026-08-05: 회사분할결정 | 2026-08-05: 주요사항보고서(회사분할결정),4
잉크테크,049550,0,OK,,,,2026-08-12: 반기보고서 (2026.06) | 2026-08-04: 임원ㆍ주요주주특정증권등소유상황보고서 | 2026-07-31: 주식등의대량보유상황보고서(약식) | 2026-07-31: 임원ㆍ주요주주특정증권등소유상황보고서,4
오름테라퓨틱,475830,0,OK,,,,2026-08-18: 전환주식의전환가액조정              (전환우선주) | 2026-08-14: 반기보고서 (2026.06) | 2026-08-14: 전환주식의전환가액조정              (전환우선주),3
디오,039840,0,OK,,,,2026-08-14: 의결권대리행사권유참고서류 | 2026-08-13: 반기보고서 (2026.06) | 2026-08-11: 주주총회소집공고,3
교보16호스팩,482520,0,OK,,,,2026-08-13: 의결권대리행사권유참고서류 | 2026-08-13: 주주총회소집공고 | 2026-08-13: 반기보고서 (2026.06) | 2026-08-10: 기업인수목적회사의예치ㆍ신탁계약내용변경              ,4
메리츠증권,008560,0,OK,,,,2026-08-21: 투자설명서(일괄신고) | 2026-08-21: 일괄신고추가서류(파생결합사채-주가연계파생결합사채) | 2026-08-21: 투자설명서(일괄신고) | 2026-08-21: 투자설명서(일괄신고) | 2026-08-21: 일괄신고추가서류(파생결합증권-주가연계증권),58
휴네시온,290270,0,OK,,,,2026-08-19: 불성실공시법인미지정              (지정유예) | 2026-08-14: 반기보고서 (2026.06) | 2026-07-27: 불성실공시법인지정예고              (공시변경),3
코난테크놀로지,402030,0,OK,,,,2026-08-14: 반기보고서 (2026.06) | 2026-08-12: 주주명부폐쇄기간또는기준일설정               | 2026-08-12: 주주총회소집결의              (임시주주총회) | 2026-07-30: 임원ㆍ주요주주특정증권등소유상황보고서 | 2026-07-30: 임원ㆍ주요주주특정증권등소유상황보고서,5
케이카,381970,0,OK,,,,2026-08-14: 현금ㆍ현물배당결정               | 2026-08-14: 반기보고서 (2026.06) | 2026-08-14: 임시주주총회결과               | 2026-08-07: 주식등의대량보유상황보고서(일반) | 2026-08-07: 주식등의대량보유상황보고서(일반),8
영원무역,111770,0,OK,,,,2026-08-14: 반기보고서 (2026.06) | 2026-08-11: [기재정정]수시공시의무관련사항(공정공시)               | 2026-08-11: 기업가치제고계획(자율공시)              (2025년 이행현황) | 2026-08-11: 현금ㆍ현물배당을위한주주명부폐쇄(기준일)결정               | 2026-08-11: 현금ㆍ현물배당결정              ,6
신원,009270,0,OK,,,,2026-08-21: 주식등의대량보유상황보고서(일반) | 2026-08-14: 반기보고서 (2026.06) | 2026-08-14: [기재정정]사업보고서 (2025.12),3
미래에셋맵스리츠,357250,0,OK,,,,2026-08-19: 사업보고서 (2026.05) | 2026-08-07: 감사보고서제출               | 2026-08-07: 의결권대리행사권유참고서류 | 2026-08-07: 주주총회소집공고 | 2026-08-05: 주주총회소집결의              ,5
네오위즈홀딩스,042420,0,OK,,,,2026-08-18: 신탁계약에의한취득상황보고서 | 2026-08-14: 반기보고서 (2026.06) | 2026-08-12: 주요사항보고서(자기주식취득신탁계약체결결정)(자회사의 주요경영사항)               | 2026-08-12: 대표이사변경(자회사의 주요경영사항)              ,4
혜인,003010,0,OK,,,,2026-08-14: 반기보고서 (2026.06) | 2026-08-14: [기재정정]사업보고서 (2025.12) | 2026-08-12: 조회공시요구(현저한시황변동)에대한답변(중요공시대상없음)               | 2026-08-11: 조회공시요구(현저한시황변동)              ,4
NEW,160550,0,OK,,,,2026-08-14: 반기보고서 (2026.06) | 2026-08-12: 의결권대리행사권유참고서류 | 2026-08-12: 주주총회소집공고,3
코스모로보틱스,439960,0,OK,,,,2026-08-14: 반기보고서 (2026.06) | 2026-08-13: 주식등의대량보유상황보고서(약식) | 2026-07-29: 임원ㆍ주요주주특정증권등소유상황보고서 | 2026-07-29: 임원ㆍ주요주주특정증권등소유상황보고서 | 2026-07-29: 임원ㆍ주요주주특정증권등소유상황보고서,7
큐브엔터,182360,0,OK,,,,2026-08-13: 반기보고서 (2026.06) | 2026-08-13: 전환사채(해외전환사채포함)발행후만기전사채취득               | 2026-08-07: 주식등의대량보유상황보고서(일반),3
세종메디칼,258830,0,OK,,,,2026-08-14: [기재정정]타인에대한담보제공결정               | 2026-08-14: 반기보고서 (2026.06) | 2026-08-05: 주주명부폐쇄기간또는기준일설정               | 2026-08-05: 주주총회소집결의              (임시주주총회) | 2026-07-31: 주식등의대량보유상황보고서(일반),5
버킷스튜디오,066410,0,OK,,,,2026-08-14: 반기보고서 (2026.06) | 2026-07-30: 기타시장안내              (상장폐지 관련 이의신청서 접수) | 2026-07-28: [기재정정]기타경영사항(자율공시)              ((주)버킷스튜디오 최대주주 변경 재추진),3
뉴로메카,348340,0,OK,,,,2026-08-14: 반기보고서 (2026.06) | 2026-08-10: 임원ㆍ주요주주특정증권등소유상황보고서 | 2026-08-10: 임원ㆍ주요주주특정증권등소유상황보고서 | 2026-08-10: 임원ㆍ주요주주특정증권등소유상황보고서 | 2026-08-10: 임원ㆍ주요주주특정증권등소유상황보고서,19
신라교역,004970,0,OK,,,,2026-08-21: [기재정정]기업지배구조보고서공시               | 2026-08-14: 반기보고서 (2026.06) | 2026-07-28: 타인에대한채무보증결정              ,3
스튜디오삼익,415380,0,OK,,,,2026-08-13: 반기보고서 (2026.06) | 2026-07-30: 임원ㆍ주요주주특정증권등소유상황보고서 | 2026-07-28: [기재정정]현금ㆍ현물배당결정              (분기배당) | 2026-07-28: 현금ㆍ현물배당결정              (분기배당) | 2026-07-28: 중간(분기)배당을위한주주명부폐쇄(기준일)결정              ,5
올릭스,226950,0,OK,,,,2026-08-21: 투자판단관련주요경영사항              (Hansoh와의 공동연구 및 염기서열 이전 계약 체결) | 2026-08-14: 반기보고서 (2026.06) | 2026-08-12: [기재정정]주식매수선택권부여에관한신고 | 2026-08-12: [기재정정]주식매수선택권부여에관한신고 | 2026-08-12: [기재정정]주식매수선택권부여에관한신고,9
신성델타테크,065350,0,OK,,,,2026-08-14: 반기보고서 (2026.06) | 2026-07-27: 주식등의대량보유상황보고서(일반) | 2026-07-27: 타인에대한채무보증결정              ,3
전방,000950,0,OK,,,,2026-08-18: 최대주주등소유주식변동신고서               | 2026-08-18: 임원ㆍ주요주주특정증권등소유상황보고서 | 2026-08-14: 반기보고서 (2026.06) | 2026-08-11: 최대주주등소유주식변동신고서               | 2026-08-11: 임원ㆍ주요주주특정증권등소유상황보고서,7
NH투자증권,005940,0,OK,,,,2026-08-21: 투자설명서(일괄신고) | 2026-08-21: 일괄신고추가서류(파생결합증권-주가연계증권) | 2026-08-20: 기타안내사항(안내공시)               | 2026-08-14: [기재정정]일괄신고서(파생결합증권-상장지수증권) | 2026-08-14: [기재정정]일괄신고서(파생결합사채-주가연계파생결합사채),96
만호제강,001080,0,OK,,,,2026-08-21: 기업설명회(IR)개최(안내공시)               | 2026-08-21: 임원ㆍ주요주주특정증권등소유상황보고서 | 2026-08-20: 주주총회소집결의               | 2026-08-13: 기업가치제고계획(자율공시)               | 2026-08-13: 매출액또는손익구조30%(대규모법인은15%)이상변경              ,7
프로이천,321260,0,OK,,,,2026-08-13: 반기보고서 (2026.06) | 2026-07-31: 주주총회소집결의              (임시주주총회) | 2026-07-31: 주주명부폐쇄기간또는기준일설정              ,3
디에이피,066900,0,OK,,,,2026-08-14: 반기보고서 (2026.06) | 2026-08-14: 지급수단별ㆍ지급기간별지급금액및분쟁조정기구에관한사항 | 2026-08-14: [기재정정]사업보고서 (2025.12),3
와이바이오로직스,338840,0,OK,,,,2026-08-14: 주주총회소집결의              (임시주주총회) | 2026-08-14: 주주명부폐쇄기간또는기준일설정               | 2026-08-14: 반기보고서 (2026.06) | 2026-08-14: 파생상품거래손실발생               | 2026-08-05: 주식등의대량보유상황보고서(일반),7
에이치엘지노믹스,0156T0,0,OK,,,,2026-08-14: 반기보고서 (2026.06) | 2026-08-12: 신규시설투자등               | 2026-07-30: 임원ㆍ주요주주특정증권등소유상황보고서 | 2026-07-30: 주식등의대량보유상황보고서(일반),4
젝시믹스,337930,0,OK,,,,2026-08-20: [기재정정]현금ㆍ현물배당결정              (분기배당) | 2026-08-14: 반기보고서 (2026.06) | 2026-07-31: 전환사채(해외전환사채포함)발행후만기전사채취득              ,3
콜마바이오텍,215380,0,OK,,,,2026-08-19: 기타경영사항(자율공시)              (소규모합병 승인 이사회 결의(주주총회 갈음) 결과 보고) | 2026-08-14: 소속부변경               | 2026-08-14: 반기보고서 (2026.06) | 2026-08-14: 지급수단별ㆍ지급기간별지급금액및분쟁조정기구에관한사항,4
플랜티넷,075130,0,OK,,,,2026-08-14: 반기보고서 (2026.06) | 2026-07-30: 임시주주총회결과               | 2026-07-30: 현금ㆍ현물배당결정               | 2026-07-30: 중간(분기)배당을위한주주명부폐쇄(기준일)결정              ,4
프레스티지바이오파마,950210,0,OK,,,,2026-08-19: 최대주주등소유주식변동신고서               | 2026-08-19: 주식등의대량보유상황보고서(일반) | 2026-08-19: 임원ㆍ주요주주특정증권등소유상황보고서 | 2026-08-14: 매출액또는손익구조30%(대규모법인은15%)이상변경               | 2026-08-11: 최대주주등소유주식변동신고서              ,18
사람인,143240,0,OK,,,,2026-08-13: 지급수단별ㆍ지급기간별지급금액및분쟁조정기구에관한사항 | 2026-08-13: 반기보고서 (2026.06) | 2026-08-11: [기재정정]타법인주식및출자증권취득결정               | 2026-07-24: [기재정정]타법인주식및출자증권취득결정              ,4
캠시스,050110,0,OK,,,,2026-08-18: 임원ㆍ주요주주특정증권등소유상황보고서 | 2026-08-14: 반기보고서 (2026.06) | 2026-08-13: 임시주주총회결과               | 2026-07-27: 임원ㆍ주요주주특정증권등소유상황보고서,4
진양폴리우레탄,010640,0,OK,,,,2026-08-20: 임원ㆍ주요주주특정증권등소유상황보고서 | 2026-08-20: 최대주주등소유주식변동신고서               | 2026-08-14: 기업설명회(IR)개최(안내공시)               | 2026-08-13: 반기보고서 (2026.06),4
SKAI,357880,0,OK,,,,2026-08-14: 임원ㆍ주요주주특정증권등소유상황보고서 | 2026-08-14: 주식등의대량보유상황보고서(일반) | 2026-08-14: 반기보고서 (2026.06) | 2026-07-30: 증권발행결과(자율공시)               | 2026-07-29: 전환청구권행사              ,5
신진에스엠,138070,0,OK,,,,2026-08-20: 임원ㆍ주요주주특정증권등소유상황보고서 | 2026-08-20: 주식등의대량보유상황보고서(일반) | 2026-08-12: 반기보고서 (2026.06) | 2026-08-11: 임원ㆍ주요주주특정증권등소유상황보고서 | 2026-08-11: 주식등의대량보유상황보고서(일반),11
삼화왕관,004450,0,OK,,,,2026-08-14: [기재정정]반기보고서 (2026.06) | 2026-08-14: 반기보고서 (2026.06) | 2026-08-03: 현금ㆍ현물배당결정              ,3
노바렉스,194700,0,OK,,,,2026-08-14: 반기보고서 (2026.06) | 2026-08-10: 주식등의대량보유상황보고서(약식) | 2026-08-04: 임원ㆍ주요주주특정증권등소유상황보고서 | 2026-07-29: [기재정정]신규시설투자등              ,4
에스엠씨지,460870,0,OK,,,,2026-08-18: 기업설명회(IR)개최               | 2026-08-10: 반기보고서 (2026.06) | 2026-07-28: 임원ㆍ주요주주특정증권등거래계획보고서 | 2026-07-28: 임원ㆍ주요주주특정증권등소유상황보고서 | 2026-07-28: 주식등의대량보유상황보고서(일반),7
신한제15호스팩,487830,0,OK,,,,2026-08-13: 반기보고서 (2026.06) | 2026-08-03: 기업인수목적회사의임원선임결정               | 2026-08-03: 주주명부폐쇄기간또는기준일설정               | 2026-08-03: 주주총회소집결의              (임시주주총회),4
투비소프트,079970,0,OK,,,,2026-08-14: 반기검토(감사)의견부적정등사실확인(자본잠식률100분의50이상또는자기자본10억원미만포함)               | 2026-08-14: 반기보고서 (2026.06) | 2026-08-03: 임원ㆍ주요주주특정증권등소유상황보고서 | 2026-07-28: 임원ㆍ주요주주특정증권등소유상황보고서,4
형지엘리트,093240,0,OK,,,,2026-08-05: 투자유의안내               | 2026-07-30: 의결권대리행사권유참고서류 | 2026-07-30: 주주총회소집공고,3
기도산업,282620,0,OK,,,,2026-08-14: 증권발행실적보고서 | 2026-08-10: [기재정정]투자설명서 | 2026-08-10: [발행조건확정]증권신고서(지분증권),3
희림,037440,0,OK,,,,2026-08-14: 반기보고서 (2026.06) | 2026-08-03: 임원ㆍ주요주주특정증권등소유상황보고서 | 2026-08-03: 주식등의대량보유상황보고서(일반) | 2026-07-31: [기재정정]사업보고서 (2025.12) | 2026-07-31: [첨부정정]사업보고서 (2025.12),5
올리패스,244460,0,OK,,,,2026-08-14: [첨부추가]반기검토(감사)의견부적정등사실확인(자본잠식률100분의50이상또는자기자본10억원미만포함)               | 2026-08-14: 기타시장안내              (상장적격성 실질심사 사유 추가 관련 절차 미진행) | 2026-08-14: 반기보고서 (2026.06) | 2026-08-14: [기재정정]회생절차개시결정               | 2026-07-31: 주식등의대량보유상황보고서(약식),5
세나테크놀로지,061090,0,OK,,,,2026-08-13: 반기보고서 (2026.06) | 2026-08-12: 소속부변경               | 2026-08-11: [기재정정]연결재무제표기준영업실적등에대한전망(공정공시)               | 2026-07-31: 주식매수선택권부여에관한신고,4
퀀텀레일,070300,0,OK,,,,2026-08-14: 파생상품거래손실발생               | 2026-08-14: 반기보고서 (2026.06) | 2026-07-31: [기재정정]주요사항보고서(타법인주식및출자증권양도결정),3
나노솔루션,238540,0,OK,,,,2026-08-03: 주식등의대량보유상황보고서(일반) | 2026-08-03: 주식등의대량보유상황보고서(일반) | 2026-08-03: 임원ㆍ주요주주특정증권등소유상황보고서 | 2026-08-03: 임원ㆍ주요주주특정증권등소유상황보고서 | 2026-07-29: [기재정정]임원ㆍ주요주주특정증권등소유상황보고서,8
코디,080530,0,OK,,,,2026-08-14: 반기보고서 (2026.06) | 2026-08-10: 신주인수권부사채(해외신주인수권부사채포함)발행후만기전사채취득               | 2026-08-10: 신주인수권부사채(해외신주인수권부사채포함)발행후만기전사채취득              ,3
한화리츠,451800,0,OK,,,,2026-08-20: 임원ㆍ주요주주특정증권등소유상황보고서 | 2026-08-13: 임원ㆍ주요주주특정증권등소유상황보고서 | 2026-08-10: 부동산투자회사부동산임대               | 2026-08-10: 부동산투자회사부동산임대               | 2026-08-10: 부동산투자회사부동산임대              ,11
아티스트컴퍼니,321820,0,OK,,,,2026-08-18: 의결권대리행사권유참고서류 | 2026-08-18: 주주총회소집공고 | 2026-08-14: [기재정정]주요사항보고서(영업양도결정) | 2026-08-14: 반기보고서 (2026.06),4
윌비스,008600,0,OK,,,,"2026-08-14: 반기보고서 (2026.06) | 2026-08-13: 반기검토의견부적정,의견거절또는완전자본잠식사실발생               | 2026-08-12: 최대주주등소유주식변동신고서               | 2026-08-12: [기재정정]분기보고서 (2026.03) | 2026-08-10: 대표이사(대표집행임원)변경(안내공시)              ",6
코닉오토메이션,391710,0,OK,,,,2026-08-18: 파생상품거래손실발생               | 2026-08-14: 반기보고서 (2026.06) | 2026-08-05: 주식등의대량보유상황보고서(일반) | 2026-08-05: 임원ㆍ주요주주특정증권등소유상황보고서 | 2026-08-03: 임원ㆍ주요주주특정증권등소유상황보고서,7
하나30호기업인수목적,469880,0,OK,,,,2026-08-12: 반기보고서 (2026.06) | 2026-07-31: 주요사항보고서(해산사유발생) | 2026-07-31: 주식등의대량보유상황보고서(약식),3
메드팩토,235980,0,OK,,,,"2026-08-13: 반기보고서 (2026.06) | 2026-08-07: 투자판단관련주요경영사항(임상시험계획변경승인신청)              (재발성, 불응성 또는 진행성 골육종 환자 대상 백토서팁 단독 요법 제1/2상 임상시험계획(IND) 한국 식약처(MFDS) 변경승인신청) | 2026-07-24: [기재정정]주식매수선택권부여에관한신고",3
천보,278280,0,OK,,,,2026-08-14: 반기보고서 (2026.06) | 2026-08-13: 타인에대한담보제공결정               | 2026-08-05: 주식등의대량보유상황보고서(일반) | 2026-07-31: 임원ㆍ주요주주특정증권등소유상황보고서,4
STX,011810,0,OK,,,,"2026-08-20: 기타시장안내              (상장폐지 이의신청서 제출) | 2026-08-14: [첨부추가]반기보고서 (2026.06) | 2026-08-14: 기타시장안내              (상장적격성 실질심사 사유 추가 관련 안내) | 2026-08-14: 반기검토의견부적정,의견거절또는완전자본잠식사실발생               | 2026-08-13: [기재정정]투자판단관련주요경영사항              ",7
웹스,196700,0,OK,,,,2026-08-14: 반기보고서 (2026.06) | 2026-07-28: 주식등의대량보유상황보고서(일반) | 2026-07-28: 임원ㆍ주요주주특정증권등소유상황보고서 | 2026-07-28: 임원ㆍ주요주주특정증권등소유상황보고서,4
에프에스티,036810,0,OK,,,,2026-08-14: 반기보고서 (2026.06) | 2026-08-10: 주주총회소집공고 | 2026-08-07: [첨부정정]주주총회소집결의              ,3
에스에이엠티,031330,0,OK,,,,2026-08-20: 무상증자결정(종속회사의주요경영사항)               | 2026-08-14: 반기보고서 (2026.06) | 2026-07-31: 금전대여결정              (대여기간 연장),3
아세아제지,002310,0,OK,,,,2026-08-14: 반기보고서 (2026.06) | 2026-08-14: 신탁계약해지결과보고서 | 2026-08-14: 주요사항보고서(자기주식취득신탁계약해지결정) | 2026-08-14: 신탁계약에의한취득상황보고서,4
유니테크노,241690,0,OK,,,,2026-08-14: 현금ㆍ현물배당결정              (중간배당) | 2026-08-14: 반기보고서 (2026.06) | 2026-08-03: 주식등의대량보유상황보고서(일반) | 2026-07-27: 주식등의대량보유상황보고서(일반) | 2026-07-27: 연결재무제표기준영업실적등에대한전망(공정공시)              ,5
광전자,017900,0,OK,,,,2026-08-14: 반기보고서 (2026.06) | 2026-08-10: 조회공시요구(현저한시황변동)에대한답변(중요공시대상없음)               | 2026-08-07: 조회공시요구(현저한시황변동)              ,3
이루온,065440,0,OK,,,,2026-08-14: 반기보고서 (2026.06) | 2026-08-06: 임원ㆍ주요주주특정증권등소유상황보고서 | 2026-08-06: 주식등의대량보유상황보고서(일반),3
뷰티스킨,406820,0,OK,,,,2026-08-14: 반기보고서 (2026.06) | 2026-08-04: 주식등의대량보유상황보고서(약식) | 2026-07-30: 주식등의대량보유상황보고서(약식) | 2026-07-27: 전환가액의조정              (제7회차),4
흥아해운,003280,0,OK,,,,2026-08-20: 임시주주총회결과               | 2026-08-14: 반기보고서 (2026.06) | 2026-08-05: 의결권대리행사권유참고서류 | 2026-08-05: 주주총회소집공고,4
가온전선,000500,0,OK,,,,2026-08-14: 동일인등출자계열회사와의상품ㆍ용역거래변경 | 2026-08-14: 지급수단별ㆍ지급기간별지급금액및분쟁조정기구에관한사항 | 2026-08-14: 반기보고서 (2026.06) | 2026-08-12: 약관에의한금융거래시계열금융회사의거래상대방의공시 | 2026-08-12: 동일인등출자계열회사와의상품ㆍ용역거래,9
픽셀플러스,087600,0,OK,,,,2026-08-14: 반기보고서 (2026.06) | 2026-08-12: 주식매수선택권부여에관한신고 | 2026-07-27: 주식등의대량보유상황보고서(일반) | 2026-07-27: 임원ㆍ주요주주특정증권등소유상황보고서,4
팜스코,036580,0,OK,,,,2026-08-20: 주식등의대량보유상황보고서(일반) | 2026-08-13: 지급수단별ㆍ지급기간별지급금액및분쟁조정기구에관한사항 | 2026-08-12: 반기보고서 (2026.06),3
큐라티스,348080,0,OK,,,,2026-08-14: 반기보고서 (2026.06) | 2026-08-10: 임원ㆍ주요주주특정증권등소유상황보고서 | 2026-08-10: 주식등의대량보유상황보고서(일반) | 2026-08-10: 임원ㆍ주요주주특정증권등소유상황보고서 | 2026-08-10: 임원ㆍ주요주주특정증권등소유상황보고서,7
대원강업,000430,0,OK,,,,2026-08-14: 반기보고서 (2026.06) | 2026-08-14: 지급수단별ㆍ지급기간별지급금액및분쟁조정기구에관한사항 | 2026-08-07: 임원ㆍ주요주주특정증권등거래계획보고서 | 2026-08-06: 기업가치제고계획(자율공시)               | 2026-08-06: [기재정정]수시공시의무관련사항(공정공시)              ,5
서연탑메탈,019770,0,OK,,,,2026-08-18: 주식등의대량보유상황보고서(일반) | 2026-08-14: 반기보고서 (2026.06) | 2026-07-31: 주식등의대량보유상황보고서(일반),3
신한카드,032710,0,OK,,,,2026-08-21: 투자설명서(일괄신고) | 2026-08-21: 일괄신고추가서류 | 2026-08-14: [기재정정]일괄신고서 | 2026-08-14: 반기보고서 (2026.06) | 2026-08-06: 증권발행실적보고서,10
세아제강지주,003030,0,OK,,,,2026-08-14: 반기보고서 (2026.06) | 2026-08-14: [기재정정]기업지배구조보고서공시               | 2026-08-04: 지급수단별ㆍ지급기간별지급금액및분쟁조정기구에관한사항,3
명문제약,017180,0,OK,,,,2026-08-14: 반기보고서 (2026.06) | 2026-08-12: 임원ㆍ주요주주특정증권등소유상황보고서 | 2026-08-05: 임원ㆍ주요주주특정증권등소유상황보고서 | 2026-08-05: 임원ㆍ주요주주특정증권등소유상황보고서,4
하나34호스팩,484130,0,OK,,,,2026-08-14: 반기보고서 (2026.06) | 2026-08-07: 의결권대리행사권유참고서류 | 2026-08-07: 주주총회소집공고,3
엘에스일렉트릭,010120,0,OK,,,,2026-08-14: 지급수단별ㆍ지급기간별지급금액및분쟁조정기구에관한사항 | 2026-08-14: 파생상품거래손실발생               | 2026-08-14: 반기보고서 (2026.06) | 2026-08-04: 최대주주등소유주식변동신고서               | 2026-08-04: 임원ㆍ주요주주특정증권등소유상황보고서,5
삼성바이오로직스,207940,0,OK,,,,2026-08-14: 반기보고서 (2026.06) | 2026-08-14: 지급수단별ㆍ지급기간별지급금액및분쟁조정기구에관한사항 | 2026-08-06: 임원ㆍ주요주주특정증권등소유상황보고서 | 2026-08-03: 최대주주등소유주식변동신고서               | 2026-07-31: 주식등의대량보유상황보고서(약식),5
그린생명과학,114450,0,OK,,,,2026-08-14: 반기보고서 (2026.06) | 2026-07-31: 임원ㆍ주요주주특정증권등소유상황보고서 | 2026-07-30: 신규시설투자등               | 2026-07-29: 주식등의대량보유상황보고서(일반),4
삼표시멘트,038500,0,OK,,,,2026-08-14: 반기보고서 (2026.06) | 2026-08-13: 지급수단별ㆍ지급기간별지급금액및분쟁조정기구에관한사항 | 2026-08-05: [기재정정]주식등의대량보유상황보고서(일반),3
나무에이엑스,242040,0,OK,,,,2026-08-20: 기업설명회(IR)개최               | 2026-08-13: 반기보고서 (2026.06) | 2026-07-27: [기재정정]사업보고서 (2025.12),3
슈어소프트테크,298830,0,OK,,,,2026-08-13: 반기보고서 (2026.06) | 2026-07-30: 전환가액의조정               | 2026-07-27: 주식등의대량보유상황보고서(일반) | 2026-07-24: 임원ㆍ주요주주특정증권등소유상황보고서,4
동일기연,032960,0,OK,,,,2026-08-12: 주주총회소집공고 | 2026-08-10: 반기보고서 (2026.06) | 2026-08-07: 기타시장안내              (단기과열종목 지정 해제) | 2026-08-07: 소속부변경               | 2026-08-05: [기재정정]사업보고서 (2025.12),8
케어랩스,263700,0,OK,,,,2026-08-14: 반기보고서 (2026.06) | 2026-08-14: 지급수단별ㆍ지급기간별지급금액및분쟁조정기구에관한사항 | 2026-08-07: 임원ㆍ주요주주특정증권등거래계획보고서,3
지엔코,065060,0,OK,,,,2026-08-21: 주식등의대량보유상황보고서(일반) | 2026-08-14: 지급수단별ㆍ지급기간별지급금액및분쟁조정기구에관한사항 | 2026-08-14: 반기보고서 (2026.06) | 2026-08-13: 대표이사변경               | 2026-08-07: 주식등의대량보유상황보고서(일반),6
케이앤에스아이앤씨,487400,0,OK,,,,2026-08-21: 주식등의대량보유상황보고서(약식) | 2026-08-21: 주식등의대량보유상황보고서(일반) | 2026-08-21: 임원ㆍ주요주주특정증권등소유상황보고서 | 2026-08-21: 임원ㆍ주요주주특정증권등소유상황보고서 | 2026-08-21: 임원ㆍ주요주주특정증권등소유상황보고서,13
티쓰리,204610,0,OK,,,,2026-08-14: 반기보고서 (2026.06) | 2026-08-10: 주식등의대량보유상황보고서(약식) | 2026-07-31: 현금ㆍ현물배당결정              (분기배당) | 2026-07-31: 중간(분기)배당을위한주주명부폐쇄(기준일)결정              ,4
원티드랩,376980,0,OK,,,,2026-08-14: 반기보고서 (2026.06) | 2026-08-12: [기재정정]주식등의대량보유상황보고서(일반) | 2026-08-12: 주식등의대량보유상황보고서(일반),3
코람코더원리츠,417310,0,OK,,,,2026-08-21: 정기주주총회결과               | 2026-08-20: 임원ㆍ주요주주특정증권등소유상황보고서 | 2026-08-19: 수시공시의무관련사항(공정공시)               | 2026-08-13: 임원ㆍ주요주주특정증권등소유상황보고서 | 2026-08-13: 사업보고서 (2026.05),13
미래에셋벤처투자,100790,0,OK,,,,2026-08-12: 반기보고서 (2026.06) | 2026-08-10: 임원ㆍ주요주주특정증권등소유상황보고서 | 2026-07-28: 특수관계인과의수익증권거래 | 2026-07-28: 특수관계인과의수익증권거래 | 2026-07-24: 임원ㆍ주요주주특정증권등소유상황보고서,5
우진비앤지,018620,0,OK,,,,2026-08-14: 반기보고서 (2026.06) | 2026-07-31: 임원ㆍ주요주주특정증권등소유상황보고서 | 2026-07-31: 주식등의대량보유상황보고서(일반),3
지놈앤컴퍼니,314130,0,OK,,,,2026-08-21: 주식등의대량보유상황보고서(일반) | 2026-08-21: 주식매수선택권부여에관한신고 | 2026-08-21: 임시주주총회결과               | 2026-08-18: 파생상품거래손실발생               | 2026-08-14: 반기보고서 (2026.06),8
국민은행,060000,0,OK,,,,2026-08-14: [기재정정]일괄신고서(파생결합증권-금적립계좌) | 2026-08-14: [기재정정]투자설명서(일괄신고) | 2026-08-14: [기재정정]일괄신고서 | 2026-08-14: 반기보고서 (2026.06) | 2026-08-14: [기재정정]사업보고서 (2025.12),12
SGC에너지,005090,0,OK,,,,2026-08-20: 타인에대한채무보증결정               | 2026-08-20: [기재정정]타인에대한채무보증결정               | 2026-08-20: 주요사항보고서(자본으로인정되는채무증권발행결정) | 2026-08-14: 반기보고서 (2026.06) | 2026-07-31: [기재정정]영업정지(종속회사의주요경영사항)              ,7
한양이엔지,045100,0,OK,,,,2026-08-13: 반기보고서 (2026.06) | 2026-07-28: [기재정정]주식등의대량보유상황보고서(일반) | 2026-07-28: 주식등의대량보유상황보고서(일반),3
지란지교시큐리티,208350,0,OK,,,,2026-08-14: 반기보고서 (2026.06) | 2026-08-14: [기재정정]임원ㆍ주요주주특정증권등소유상황보고서 | 2026-08-14: [기재정정]주식등의대량보유상황보고서(일반),3
한국화장품제조,003350,0,OK,,,,2026-08-13: 반기보고서 (2026.06) | 2026-08-13: [기재정정]사업보고서 (2025.12) | 2026-08-13: [기재정정]사업보고서 (2024.12),3
에스프리즘,288620,0,OK,,,,2026-08-14: 반기보고서 (2026.06) | 2026-08-12: 타인에대한담보제공결정               | 2026-08-05: 주식등의대량보유상황보고서(약식) | 2026-07-24: 전환가액의조정              ,4
금호전기,001210,0,OK,,,,2026-08-14: 반기보고서 (2026.06) | 2026-08-14: 조회공시요구(현저한시황변동)에대한답변(중요공시대상없음)               | 2026-08-13: 조회공시요구(현저한시황변동)               | 2026-07-27: 전환가액ㆍ신주인수권행사가액ㆍ교환가액의조정(안내공시)              ,4
오텍,067170,0,OK,,,,2026-08-18: 임원ㆍ주요주주특정증권등소유상황보고서 | 2026-08-14: 반기보고서 (2026.06) | 2026-08-14: 임원ㆍ주요주주특정증권등소유상황보고서 | 2026-08-05: 주식등의대량보유상황보고서(일반) | 2026-08-05: 임원ㆍ주요주주특정증권등소유상황보고서,9
DKME,015590,0,OK,,,,2026-08-20: 소송등의판결ㆍ결정               | 2026-08-14: 반기보고서 (2026.06) | 2026-07-29: 소송등의판결ㆍ결정               | 2026-07-29: 소송등의제기ㆍ신청(경영권분쟁소송)              ,4
셀리드,299660,0,OK,,,,2026-08-14: 반기보고서 (2026.06) | 2026-08-14: 소송등의판결ㆍ결정(일정금액이상의청구)               | 2026-08-13: [기재정정]투자판단관련주요경영사항              (사업반환청구의 소 제기의 건) | 2026-08-06: [기재정정]소송등의제기ㆍ신청(일정금액이상의청구)               | 2026-08-05: 소송등의판결ㆍ결정(일정금액이상의청구)              ,5
인트로메딕,150840,0,OK,,,,2026-08-21: 주식등의대량보유상황보고서(일반) | 2026-08-18: [기재정정]반기보고서 (2026.06) | 2026-08-18: [기재정정]사업보고서 (2025.12) | 2026-08-14: 반기보고서 (2026.06),4
SFA넥셀,222080,0,OK,,,,2026-08-20: 주식등의대량보유상황보고서(약식) | 2026-08-18: [기재정정]반기보고서 (2026.06) | 2026-08-11: 반기보고서 (2026.06),3
이스트소프트,047560,0,OK,,,,2026-08-20: 자기교환사채만기전취득결정              (제4회차) | 2026-08-19: 임원ㆍ주요주주특정증권등소유상황보고서 | 2026-08-14: [첨부추가]반기보고서 (2026.06) | 2026-08-11: 독립이사의선임ㆍ해임또는중도퇴임에관한신고 | 2026-08-11: 임시주주총회결과              ,7
옵티코어,380540,0,OK,,,,2026-08-19: 주식등의대량보유상황보고서(약식) | 2026-08-14: 반기보고서 (2026.06) | 2026-08-14: 반기검토(감사)의견부적정등사실확인(자본잠식률100분의50이상또는자기자본10억원미만포함)               | 2026-08-14: 파생상품거래손실발생               | 2026-08-05: 주요사항보고서(자기전환사채만기전취득결정),7
두산밥캣,241560,0,OK,,,,2026-08-14: 지급수단별ㆍ지급기간별지급금액및분쟁조정기구에관한사항 | 2026-08-14: [기재정정]반기보고서 (2026.06) | 2026-08-14: 공정거래자율준수프로그램운영현황(안내공시)(자회사의 주요경영사항)               | 2026-08-13: 반기보고서 (2026.06) | 2026-08-06: 주식등의대량보유상황보고서(약식),8
브이씨,365900,0,OK,,,,2026-08-13: 반기보고서 (2026.06) | 2026-08-10: 주식등의대량보유상황보고서(일반) | 2026-08-10: 임원ㆍ주요주주특정증권등소유상황보고서 | 2026-08-03: 주식등의대량보유상황보고서(일반) | 2026-08-03: 임원ㆍ주요주주특정증권등소유상황보고서,5
자람테크놀로지,389020,0,OK,,,,2026-08-14: 반기보고서 (2026.06) | 2026-08-03: 기타경영사항(자율공시)              (자기사채(제1회 무기명식 이권부 무보증 사모 전환사채)소각 결정의 건) | 2026-07-31: 전환사채(해외전환사채포함)발행후만기전사채취득              ,3
엘앤케이바이오,156100,0,OK,,,,2026-08-20: 임원ㆍ주요주주특정증권등소유상황보고서 | 2026-08-19: 전환가액의조정               | 2026-08-14: 반기보고서 (2026.06) | 2026-08-11: 주식등의대량보유상황보고서(일반) | 2026-08-03: 주식등의대량보유상황보고서(일반),7
하나마이크론,067310,0,OK,,,,2026-08-14: 반기보고서 (2026.06) | 2026-08-05: 주식등의대량보유상황보고서(일반) | 2026-08-05: 교환사채권발행결정(종속회사의주요경영사항)              (제2회차),3
한세엠케이,069640,0,OK,,,,2026-08-20: 주식등의대량보유상황보고서(일반) | 2026-08-19: 임원ㆍ주요주주특정증권등거래계획보고서 | 2026-08-18: 최대주주등소유주식변동신고서               | 2026-08-18: 임원ㆍ주요주주특정증권등소유상황보고서 | 2026-08-18: 임원ㆍ주요주주특정증권등소유상황보고서,21
알톤,123750,0,OK,,,,2026-08-14: 반기보고서 (2026.06) | 2026-07-30: 주식등의대량보유상황보고서(일반) | 2026-07-30: 임원ㆍ주요주주특정증권등소유상황보고서,3
로보스타,090360,0,OK,,,,2026-08-14: 반기보고서 (2026.06) | 2026-08-13: 지급수단별ㆍ지급기간별지급금액및분쟁조정기구에관한사항 | 2026-08-03: 주식등의대량보유상황보고서(약식),3
SK증권,001510,0,OK,,,,2026-08-21: 투자설명서(일괄신고) | 2026-08-21: 일괄신고추가서류(파생결합사채-주가연계파생결합사채) | 2026-08-14: [기재정정]일괄신고서(기타파생결합사채) | 2026-08-14: [기재정정]일괄신고서(기타파생결합증권) | 2026-08-14: [기재정정]일괄신고서(파생결합사채-주가연계파생결합사채),21
한국단자공업,025540,0,OK,,,,2026-08-14: 반기보고서 (2026.06) | 2026-08-12: 현금ㆍ현물배당결정               | 2026-08-12: 현금ㆍ현물배당을위한주주명부폐쇄(기준일)결정              ,3
대구백화점,006370,0,OK,,,,2026-08-21: [기재정정]투자판단관련주요경영사항               | 2026-08-19: [기재정정]투자판단관련주요경영사항               | 2026-08-14: 반기보고서 (2026.06) | 2026-08-11: [기재정정]투자판단관련주요경영사항               | 2026-08-11: [기재정정]주주총회소집결의              ,5
자비스,254120,0,OK,,,,2026-08-14: [첨부추가]반기보고서 (2026.06) | 2026-08-11: 주식등의대량보유상황보고서(일반) | 2026-08-03: 기업설명회(IR)개최               | 2026-07-29: 주주총회소집결의              (임시주주총회) | 2026-07-29: 주주명부폐쇄기간또는기준일설정              ,6
제노코,361390,0,OK,,,,2026-08-14: 반기보고서 (2026.06) | 2026-08-13: 주주총회소집결의              (임시주주총회) | 2026-08-13: 주주명부폐쇄기간또는기준일설정              ,3
씨티알모빌리티,308170,0,OK,,,,2026-08-14: 반기보고서 (2026.06) | 2026-07-31: 임원ㆍ주요주주특정증권등소유상황보고서 | 2026-07-31: 최대주주등소유주식변동신고서               | 2026-07-24: 임원ㆍ주요주주특정증권등소유상황보고서 | 2026-07-24: 최대주주등소유주식변동신고서              ,5
딥노이드,315640,0,OK,,,,2026-08-14: 반기보고서 (2026.06) | 2026-08-10: 주식등의대량보유상황보고서(약식) | 2026-08-10: 주식등의대량보유상황보고서(약식),3
진양화학,051630,0,OK,,,,2026-08-21: 임원ㆍ주요주주특정증권등소유상황보고서 | 2026-08-21: 최대주주등소유주식변동신고서               | 2026-08-20: 임원ㆍ주요주주특정증권등소유상황보고서 | 2026-08-20: 최대주주등소유주식변동신고서               | 2026-08-18: 임원ㆍ주요주주특정증권등소유상황보고서,8
뉴키즈온,462310,0,OK,,,,2026-08-14: 반기보고서 (2026.06) | 2026-08-07: 주요사항보고서(자기주식취득신탁계약체결결정) | 2026-08-06: 주요사항보고서(자기주식취득신탁계약해지결정) | 2026-08-06: 신탁계약해지결과보고서,4
SFA,056190,0,OK,,,,2026-08-19: 임원ㆍ주요주주특정증권등소유상황보고서 | 2026-08-19: 임원ㆍ주요주주특정증권등소유상황보고서 | 2026-08-14: 임원ㆍ주요주주특정증권등소유상황보고서 | 2026-08-12: 현금ㆍ현물배당결정              (분기배당) | 2026-08-12: 반기보고서 (2026.06),8
차AI헬스케어,025620,0,OK,,,,2026-08-14: 임원ㆍ주요주주특정증권등소유상황보고서 | 2026-08-14: 임원ㆍ주요주주특정증권등소유상황보고서 | 2026-08-14: 주식등의대량보유상황보고서(일반) | 2026-08-12: 반기보고서 (2026.06),4
STX그린로지스,465770,0,OK,,,,2026-08-14: 반기보고서 (2026.06) | 2026-08-07: 타인에대한채무보증결정               | 2026-08-07: 타인에대한담보제공결정               | 2026-07-30: [기재정정]타인에대한담보제공결정               | 2026-07-29: 소송등의제기ㆍ신청(일정금액이상의청구)              ,5
아이비젼웍스,469750,0,OK,,,,2026-08-14: 반기보고서 (2026.06) | 2026-08-13: [기재정정]임시주주총회결과               | 2026-08-12: 임원ㆍ주요주주특정증권등소유상황보고서 | 2026-08-07: 주식등의대량보유상황보고서(일반) | 2026-08-07: 임원ㆍ주요주주특정증권등소유상황보고서,9
에이플러스에셋,244920,0,OK,,,,2026-08-14: 반기보고서 (2026.06) | 2026-08-05: 임원ㆍ주요주주특정증권등소유상황보고서 | 2026-08-05: 최대주주등소유주식변동신고서               | 2026-07-31: 최대주주등소유주식변동신고서               | 2026-07-29: 최대주주등소유주식변동신고서              ,5
아이씨에이치,368600,0,OK,,,,2026-08-14: 반기보고서 (2026.06) | 2026-08-14: 주주총회소집공고 | 2026-08-14: [기재정정]주주총회소집결의              (임시주주총회) | 2026-08-13: 임원ㆍ주요주주특정증권등거래계획철회보고서 | 2026-08-05: 주식등의대량보유상황보고서(일반),7
플레이위드,023770,0,OK,,,,2026-08-18: 주식등의대량보유상황보고서(일반) | 2026-08-18: 임원ㆍ주요주주특정증권등소유상황보고서 | 2026-08-18: 임원ㆍ주요주주특정증권등소유상황보고서 | 2026-08-14: 반기보고서 (2026.06) | 2026-08-07: 주식등의대량보유상황보고서(일반),9
인티큐브,070590,0,OK,,,,2026-08-13: 반기보고서 (2026.06) | 2026-07-27: 임원ㆍ주요주주특정증권등소유상황보고서 | 2026-07-24: 주식등의대량보유상황보고서(일반),3
육일씨엔에쓰,191410,0,OK,,,,2026-08-14: 반기보고서 (2026.06) | 2026-08-05: [기재정정]주요사항보고서(타법인주식및출자증권양수결정) | 2026-08-05: 전환사채(해외전환사채포함)발행후만기전사채취득              (제3회차),3
에이치엔에스하이텍,044990,0,OK,,,,2026-08-03: 반기보고서 (2026.06) | 2026-07-30: 임원ㆍ주요주주특정증권등소유상황보고서 | 2026-07-28: 임원ㆍ주요주주특정증권등소유상황보고서 | 2026-07-24: 임원ㆍ주요주주특정증권등소유상황보고서,4
유비온,084440,0,OK,,,,2026-08-21: 기업설명회(IR)개최               | 2026-08-14: 기업설명회(IR)개최               | 2026-08-14: 분기보고서 (2026.06) | 2026-07-29: 임시주주총회결과              ,4
HLB파나진,046210,0,OK,,,,2026-08-14: 반기보고서 (2026.06) | 2026-08-13: 주식등의대량보유상황보고서(일반) | 2026-07-29: 임원ㆍ주요주주특정증권등소유상황보고서,3
미래나노텍,095500,0,OK,,,,2026-08-14: 반기보고서 (2026.06) | 2026-08-14: 파생상품거래손실발생               | 2026-08-05: 주식등의대량보유상황보고서(일반),3
이원컴포텍,088290,0,OK,,,,2026-08-14: 반기보고서 (2026.06) | 2026-08-14: 반기검토(감사)의견부적정등사실확인(자본잠식률100분의50이상또는자기자본10억원미만포함)               | 2026-08-12: 불성실공시법인지정              (공시불이행) | 2026-07-24: 불성실공시법인지정예고              (공시불이행),4
웅진,016880,0,OK,,,,2026-08-14: 반기보고서 (2026.06) | 2026-08-14: 지급수단별ㆍ지급기간별지급금액및분쟁조정기구에관한사항 | 2026-08-10: 주식등의대량보유상황보고서(약식),3
에스텍,069510,0,OK,,,,2026-08-14: [기재정정]반기보고서 (2026.06) | 2026-08-14: [기재정정]반기보고서 (2026.06) | 2026-08-14: 반기보고서 (2026.06),3
삼양바이오팜,0120G0,0,OK,,,,2026-08-14: 반기보고서 (2026.06) | 2026-08-14: 지급수단별ㆍ지급기간별지급금액및분쟁조정기구에관한사항 | 2026-08-10: 최대주주등소유주식변동신고서               | 2026-08-10: 주식등의대량보유상황보고서(일반),4
HLB제넥스,187420,0,OK,,,,2026-08-14: 전환사채(해외전환사채포함)발행후만기전사채취득               | 2026-08-13: 반기보고서 (2026.06) | 2026-08-06: 주식등의대량보유상황보고서(일반) | 2026-08-06: 임원ㆍ주요주주특정증권등소유상황보고서 | 2026-07-29: 임원ㆍ주요주주특정증권등소유상황보고서,5
조일알미늄,018470,0,OK,,,,2026-08-14: 반기보고서 (2026.06) | 2026-08-07: 임시주주총회결과               | 2026-07-27: 기업가치제고계획(자율공시)               | 2026-07-27: 주요사항보고서(자기주식취득신탁계약체결결정),4
푸드웰,005670,0,OK,,,,2026-08-13: 반기보고서 (2026.06) | 2026-08-11: 주주명부폐쇄기간또는기준일설정               | 2026-08-11: 주주총회소집결의              (임시주주총회),3
사조씨푸드,014710,0,OK,,,,2026-08-14: 지급수단별ㆍ지급기간별지급금액및분쟁조정기구에관한사항 | 2026-08-14: 반기보고서 (2026.06) | 2026-08-13: [첨부정정]주요사항보고서(유형자산양수결정) | 2026-08-12: 주요사항보고서(유형자산양수결정),4
이노스페이스,462350,0,OK,,,,2026-08-14: 반기보고서 (2026.06) | 2026-07-31: [기재정정]분기보고서 (2026.03) | 2026-07-31: [기재정정]사업보고서 (2025.12) | 2026-07-31: [기재정정]분기보고서 (2025.09) | 2026-07-31: [기재정정]반기보고서 (2025.06),8
디에스엠,104040,0,OK,,,,2026-08-14: 반기보고서 (2026.06) | 2026-08-12: 주식등의대량보유상황보고서(약식) | 2026-08-11: [기재정정]주식등의대량보유상황보고서(약식) | 2026-08-11: 주식등의대량보유상황보고서(약식) | 2026-08-07: 전환사채(해외전환사채포함)발행후만기전사채취득              ,5
우성머티리얼스,011300,0,OK,,,,2026-08-14: 반기보고서 (2026.06) | 2026-08-05: 전환가액ㆍ신주인수권행사가액ㆍ교환가액의조정(안내공시)               | 2026-08-05: 전환가액ㆍ신주인수권행사가액ㆍ교환가액의조정(안내공시)               | 2026-08-05: 전환가액ㆍ신주인수권행사가액ㆍ교환가액의조정(안내공시)               | 2026-07-24: 유상증자또는주식관련사채등의발행결과(자율공시)              ,6
팬스타엔터프라이즈,054300,0,OK,,,,2026-08-14: 반기보고서 (2026.06) | 2026-08-10: 임원ㆍ주요주주특정증권등소유상황보고서 | 2026-07-27: 전환가액의조정              ,3
소프트센,032680,0,OK,,,,2026-08-14: 주식등의대량보유상황보고서(일반) | 2026-08-14: 임원ㆍ주요주주특정증권등소유상황보고서 | 2026-08-14: 반기보고서 (2026.06) | 2026-08-10: 주식등의대량보유상황보고서(약식) | 2026-08-07: 증권발행결과(자율공시)              (제3자배정 유상증자),8
판도라티비,202960,0,OK,,,,2026-08-18: 임원ㆍ주요주주특정증권등소유상황보고서 | 2026-08-07: 임원ㆍ주요주주특정증권등소유상황보고서 | 2026-08-04: 임원ㆍ주요주주특정증권등소유상황보고서,3
케이바이오랩스,038530,0,OK,,,,2026-08-21: 임원ㆍ주요주주특정증권등소유상황보고서 | 2026-08-21: 주식등의대량보유상황보고서(일반) | 2026-08-14: 임원ㆍ주요주주특정증권등소유상황보고서 | 2026-08-14: 주식등의대량보유상황보고서(일반) | 2026-08-14: 반기보고서 (2026.06),9
이랜텍,054210,0,OK,,,,2026-08-21: 기업설명회(IR)개최               | 2026-08-14: [기재정정]반기보고서 (2026.06) | 2026-08-14: 반기보고서 (2026.06),3
삼환기업,000360,0,OK,,,,2026-08-12: 지급수단별ㆍ지급기간별지급금액및분쟁조정기구에관한사항 | 2026-08-04: 특수관계인으로부터받은담보 | 2026-08-04: 특수관계인으로부터자금차입,3
LSK아이로봇,091970,0,OK,,,,2026-08-13: 반기보고서 (2026.06) | 2026-08-10: 주식등의대량보유상황보고서(약식) | 2026-08-06: 주식등의대량보유상황보고서(일반),3
아스테라시스,450950,0,OK,,,,2026-08-14: 반기보고서 (2026.06) | 2026-08-03: 주식등의대량보유상황보고서(일반) | 2026-07-31: 주식등의대량보유상황보고서(일반),3
티앤엘,340570,0,OK,,,,2026-08-21: [기재정정]반기보고서 (2026.06) | 2026-08-14: 반기보고서 (2026.06) | 2026-08-10: 임원ㆍ주요주주특정증권등소유상황보고서 | 2026-08-10: 임원ㆍ주요주주특정증권등소유상황보고서 | 2026-08-10: 임원ㆍ주요주주특정증권등소유상황보고서,12
알리코제약,260660,0,OK,,,,2026-08-14: 반기보고서 (2026.06) | 2026-08-07: 주식등의대량보유상황보고서(약식) | 2026-08-07: 전환가액의조정               | 2026-08-05: 주주명부폐쇄기간또는기준일설정               | 2026-08-05: 주주총회소집결의              (임시주주총회),5
한스바이오메드,042520,0,OK,,,,2026-08-13: 분기보고서 (2026.06) | 2026-08-10: 기업설명회(IR)개최               | 2026-08-05: 주식등의대량보유상황보고서(약식),3
엠브레인,169330,0,OK,,,,2026-08-18: 주식등의대량보유상황보고서(일반) | 2026-08-14: 매출액또는손익구조30%(대규모법인은15%)이상변동               | 2026-07-29: 주식등의대량보유상황보고서(일반) | 2026-07-28: [기재정정]주식등의대량보유상황보고서(일반) | 2026-07-28: [기재정정]주식등의대량보유상황보고서(일반),5
신한투자증권,008670,0,OK,,,,2026-08-21: 투자설명서(일괄신고) | 2026-08-21: 투자설명서(일괄신고) | 2026-08-21: 일괄신고추가서류(파생결합사채-주가연계파생결합사채) | 2026-08-21: 일괄신고추가서류(기타파생결합사채) | 2026-08-21: 투자설명서(일괄신고),97
셀루메드,049180,0,OK,,,,2026-08-14: 반기검토(감사)의견부적정등사실확인(자본잠식률100분의50이상또는자기자본10억원미만포함)               | 2026-08-14: 반기보고서 (2026.06) | 2026-07-27: [기재정정]주주명부폐쇄기간또는기준일설정               | 2026-07-27: [기재정정]주주총회소집결의              (임시주주총회),4
웨이비스,289930,0,OK,,,,2026-08-13: 반기보고서 (2026.06) | 2026-08-03: 임원ㆍ주요주주특정증권등소유상황보고서 | 2026-08-03: 주식등의대량보유상황보고서(일반),3
KB금융,105560,0,OK,,,,2026-08-21: [기재정정]최대주주등소유주식변동신고서               | 2026-08-21: 최대주주등소유주식변동신고서               | 2026-08-20: 기업설명회(IR)개최(안내공시)               | 2026-08-20: 기업설명회(IR)개최(안내공시)               | 2026-08-20: 기업설명회(IR)개최(안내공시)              ,12
젠큐릭스,229000,0,OK,,,,2026-08-13: 반기보고서 (2026.06) | 2026-07-28: 주주총회소집결의              (임시주주총회) | 2026-07-28: 주주명부폐쇄기간또는기준일설정               | 2026-07-28: 기타경영사항(자율공시)              (소규모합병 승인 이사회 결의(주주총회 갈음) 결과보고),4
삼진제약,005500,0,OK,,,,2026-08-14: 반기보고서 (2026.06) | 2026-08-10: 임원ㆍ주요주주특정증권등소유상황보고서 | 2026-08-10: 임원ㆍ주요주주특정증권등소유상황보고서 | 2026-08-10: 임원ㆍ주요주주특정증권등소유상황보고서 | 2026-08-10: 주식등의대량보유상황보고서(일반),10
에스투더블유,488280,0,OK,,,,2026-08-19: 임시주주총회결과               | 2026-08-14: [기재정정]기업설명회(IR)개최               | 2026-08-13: 기업설명회(IR)개최               | 2026-08-13: 반기보고서 (2026.06) | 2026-08-04: 임원ㆍ주요주주특정증권등소유상황보고서,8
오스코텍,039200,0,OK,,,,2026-08-20: 기업설명회(IR)개최               | 2026-08-14: 주식등의대량보유상황보고서(일반) | 2026-08-14: 반기보고서 (2026.06),3
뉴파워프라즈마,144960,0,OK,,,,2026-08-14: 반기보고서 (2026.06) | 2026-08-10: 주식등의대량보유상황보고서(약식) | 2026-08-06: 임원ㆍ주요주주특정증권등소유상황보고서,3
하나은행,004940,0,OK,,,,2026-08-21: 투자설명서(일괄신고) | 2026-08-21: 일괄신고추가서류 | 2026-08-14: 반기보고서 (2026.06) | 2026-08-14: [기재정정]일괄신고서 | 2026-08-14: [기재정정]주요사항보고서(영업정지),12
솔브레인홀딩스,036830,0,OK,,,,2026-08-20: 임원ㆍ주요주주특정증권등소유상황보고서 | 2026-08-14: 반기보고서 (2026.06) | 2026-08-10: 주식등의대량보유상황보고서(일반) | 2026-07-31: 주요사항보고서(자기주식취득신탁계약체결결정)(자회사의 주요경영사항)              ,4
삼양엔씨켐,482630,0,OK,,,,2026-08-21: 기업설명회(IR)개최               | 2026-08-13: 지급수단별ㆍ지급기간별지급금액및분쟁조정기구에관한사항 | 2026-08-13: 반기보고서 (2026.06),3
남해화학,025860,0,OK,,,,2026-08-20: [기재정정]기업지배구조보고서공시               | 2026-08-14: 반기보고서 (2026.06) | 2026-08-12: 지급수단별ㆍ지급기간별지급금액및분쟁조정기구에관한사항,3
티엑스알로보틱스,484810,0,OK,,,,2026-08-20: 주식등의대량보유상황보고서(일반) | 2026-08-20: 임원ㆍ주요주주특정증권등소유상황보고서 | 2026-08-11: 반기보고서 (2026.06),3
동국홀딩스,001230,0,OK,,,,2026-08-14: 반기보고서 (2026.06) | 2026-08-06: 현금ㆍ현물배당결정(자회사의 주요경영사항)               | 2026-07-30: 특수관계인과의수익증권거래 | 2026-07-30: 주식등의대량보유상황보고서(일반),4
케이비캐피탈,021960,0,OK,,,,2026-08-14: [기재정정]일괄신고서 | 2026-08-14: 반기보고서 (2026.06) | 2026-07-24: 증권발행실적보고서,3
자이글,234920,0,OK,,,,2026-08-21: 기타시장안내              (개선계획 이행내역서 제출) | 2026-08-14: 반기보고서 (2026.06) | 2026-07-30: 기타시장안내              (개선기간 종료에 따른 상장폐지 여부 결정 안내),3
다산디엠씨,208860,0,OK,,,,2026-08-19: 임시주주총회결과               | 2026-08-14: 반기보고서 (2026.06) | 2026-08-13: 주식등의대량보유상황보고서(일반) | 2026-08-13: 임원ㆍ주요주주특정증권등소유상황보고서 | 2026-08-04: 주주총회소집공고,6
엔바이오니아,317870,0,OK,,,,2026-08-14: 반기보고서 (2026.06) | 2026-08-13: 주주총회소집공고 | 2026-08-13: [기재정정]주주총회소집결의              (임시주주총회),3
HMM,011200,0,OK,,,,2026-08-13: 반기보고서 (2026.06) | 2026-08-11: 지급수단별ㆍ지급기간별지급금액및분쟁조정기구에관한사항 | 2026-08-07: 풍문또는보도에대한해명(미확정)               | 2026-07-24: 장래사업ㆍ경영계획(공정공시)              ,4
온타이드,005320,0,OK,,,,2026-08-14: 반기보고서 (2026.06) | 2026-08-05: 투자유의안내               | 2026-08-05: 투자유의안내              ,3
꿈비,407400,0,OK,,,,2026-08-14: 반기보고서 (2026.06) | 2026-08-13: 소송등의판결ㆍ결정               | 2026-08-05: 합병등종료보고서(합병) | 2026-08-04: 주식등의대량보유상황보고서(일반) | 2026-08-04: 임원ㆍ주요주주특정증권등소유상황보고서,9
에스에이티,060540,0,OK,,,,2026-08-14: 반기보고서 (2026.06) | 2026-07-30: 주식등의대량보유상황보고서(일반) | 2026-07-30: 임원ㆍ주요주주특정증권등거래계획보고서 | 2026-07-30: 임원ㆍ주요주주특정증권등소유상황보고서,4
사조동아원,008040,0,OK,,,,2026-08-14: 반기보고서 (2026.06) | 2026-08-14: 지급수단별ㆍ지급기간별지급금액및분쟁조정기구에관한사항 | 2026-08-05: 투자유의안내               | 2026-07-29: 임시주주총회결과              ,4
탑엔지니어링,065130,0,OK,,,,2026-08-14: 반기보고서 (2026.06) | 2026-08-06: 주식등의대량보유상황보고서(일반) | 2026-08-06: 임원ㆍ주요주주특정증권등소유상황보고서,3
종근당홀딩스,001630,0,OK,,,,2026-08-14: 투자판단관련주요경영사항(자회사의 주요경영사항)               | 2026-08-14: 반기보고서 (2026.06) | 2026-07-27: 투자판단관련주요경영사항(자회사의 주요경영사항)              (고혈압 치료제로 개발중인 CKD339의 식약처(MFDS) 제3상 임상시험 계획 승인),3
원익홀딩스,030530,0,OK,,,,2026-08-14: 반기보고서 (2026.06) | 2026-08-14: 지급수단별ㆍ지급기간별지급금액및분쟁조정기구에관한사항 | 2026-08-07: 특수관계인에대한자금대여,3
삼성FN리츠,448730,0,OK,,,,2026-08-20: 임원ㆍ주요주주특정증권등소유상황보고서 | 2026-08-14: [기재정정]부동산투자회사자금차입               | 2026-08-14: 기타경영사항(자율공시)               | 2026-08-13: 임원ㆍ주요주주특정증권등소유상황보고서 | 2026-08-13: 합병등종료보고서(자산양수도),13
삼기에너지솔루션즈,419050,0,OK,,,,2026-08-13: 반기보고서 (2026.06) | 2026-07-24: 임원ㆍ주요주주특정증권등소유상황보고서 | 2026-07-24: 자기주식처분결과보고서,3
동성제약,002210,0,OK,,,,2026-08-18: [기재정정]반기보고서 (2026.06) | 2026-08-14: 반기보고서 (2026.06) | 2026-08-14: 지급수단별ㆍ지급기간별지급금액및분쟁조정기구에관한사항 | 2026-07-29: 기타경영사항(자율공시)               | 2026-07-29: 기타시장안내              (유가증권시장 상장공시위원회 심의결과 및 상장유지 결정 안내),5
파인엠텍,441270,0,OK,,,,2026-08-18: 주식등의대량보유상황보고서(일반) | 2026-08-14: 반기보고서 (2026.06) | 2026-08-12: [기재정정]주식매수선택권부여에관한신고 | 2026-08-12: [기재정정]주식매수선택권부여에관한신고 | 2026-07-28: 주식등의대량보유상황보고서(일반),6
한국정밀기계,101680,0,OK,,,,2026-08-18: 임원ㆍ주요주주특정증권등소유상황보고서 | 2026-08-14: 반기보고서 (2026.06) | 2026-08-14: 임원ㆍ주요주주특정증권등소유상황보고서 | 2026-08-13: [기재정정]임원ㆍ주요주주특정증권등소유상황보고서 | 2026-08-13: 임원ㆍ주요주주특정증권등소유상황보고서,7
가온칩스,399720,0,OK,,,,2026-08-14: 반기보고서 (2026.06) | 2026-08-07: 주식등의대량보유상황보고서(일반) | 2026-08-07: 임원ㆍ주요주주특정증권등소유상황보고서,3
상아프론테크,089980,0,OK,,,,2026-08-13: 반기보고서 (2026.06) | 2026-08-10: 전환사채(해외전환사채포함)발행후만기전사채취득               | 2026-07-31: 주식등의대량보유상황보고서(일반),3
ESR켄달스퀘어리츠,365550,0,OK,,,,2026-08-20: 임원ㆍ주요주주특정증권등소유상황보고서 | 2026-08-14: 사업보고서 (2026.05) | 2026-08-13: 감사보고서제출               | 2026-08-13: 임원ㆍ주요주주특정증권등소유상황보고서 | 2026-08-10: 의결권대리행사권유참고서류,9
에스제이그룹,306040,0,OK,,,,2026-08-20: 임원ㆍ주요주주특정증권등소유상황보고서 | 2026-08-20: 주식등의대량보유상황보고서(일반) | 2026-08-14: 반기보고서 (2026.06),3
대성하이텍,129920,0,OK,,,,2026-08-20: [기재정정]임원ㆍ주요주주특정증권등소유상황보고서 | 2026-08-20: [기재정정]주식등의대량보유상황보고서(일반) | 2026-08-20: [기재정정]주식등의대량보유상황보고서(일반) | 2026-08-18: 임원ㆍ주요주주특정증권등소유상황보고서 | 2026-08-18: 주식등의대량보유상황보고서(일반),8
HLB펩,196300,0,OK,,,,2026-08-20: 임원ㆍ주요주주특정증권등소유상황보고서 | 2026-08-20: 주식등의대량보유상황보고서(일반) | 2026-08-13: 반기보고서 (2026.06) | 2026-08-12: 전환청구권행사              (제3회차),4
삼양식품,003230,0,OK,,,,2026-08-18: 기업설명회(IR)개최(안내공시)               | 2026-08-14: 반기보고서 (2026.06) | 2026-08-12: 현금ㆍ현물배당을위한주주명부폐쇄(기준일)결정               | 2026-08-12: 현금ㆍ현물배당결정               | 2026-08-03: 임원ㆍ주요주주특정증권등소유상황보고서,5
퀀타매트릭스,317690,0,OK,,,,2026-08-14: 반기보고서 (2026.06) | 2026-08-06: 주주총회소집결의              (임시주주총회) | 2026-08-06: 주주명부폐쇄기간또는기준일설정              ,3
서울제약,018680,0,OK,,,,2026-08-21: 임시주주총회결과               | 2026-08-14: 지급수단별ㆍ지급기간별지급금액및분쟁조정기구에관한사항 | 2026-08-14: 반기보고서 (2026.06) | 2026-08-06: 주주총회소집공고,4
한솔홈데코,025750,0,OK,,,,2026-08-14: 지급수단별ㆍ지급기간별지급금액및분쟁조정기구에관한사항 | 2026-08-13: 반기보고서 (2026.06) | 2026-07-28: 독립이사의선임ㆍ해임또는중도퇴임에관한신고 | 2026-07-28: 임시주주총회결과              ,4
동일제강,002690,0,OK,,,,2026-08-18: [기재정정]중대재해관련형사처벌사실확인               | 2026-08-18: 중대재해관련형사처벌사실확인               | 2026-08-14: 반기보고서 (2026.06),3
동양,001520,0,OK,,,,2026-08-20: 임원ㆍ주요주주특정증권등소유상황보고서 | 2026-08-19: 투자유의안내               | 2026-08-14: [기재정정]타인에대한채무보증결정               | 2026-08-14: 지급수단별ㆍ지급기간별지급금액및분쟁조정기구에관한사항 | 2026-08-14: 반기보고서 (2026.06),23
부스타,008470,0,OK,,,,2026-08-21: 주식등의대량보유상황보고서(약식) | 2026-08-19: 임원ㆍ주요주주특정증권등소유상황보고서 | 2026-08-19: 임원ㆍ주요주주특정증권등소유상황보고서 | 2026-08-19: 임원ㆍ주요주주특정증권등소유상황보고서 | 2026-08-19: 임원ㆍ주요주주특정증권등소유상황보고서,21
이노뎁,303530,0,OK,,,,2026-08-14: 반기보고서 (2026.06) | 2026-07-31: 임원ㆍ주요주주특정증권등소유상황보고서 | 2026-07-31: [기재정정]임원ㆍ주요주주특정증권등소유상황보고서 | 2026-07-30: 임원ㆍ주요주주특정증권등소유상황보고서 | 2026-07-30: 주식등의대량보유상황보고서(일반),5
범양건영,002410,0,OK,,,,"2026-08-20: 기타시장안내              (개선기간 종료 관련 안내) | 2026-08-14: 기타시장안내              (상장적격성 실질심사 사유 발생) | 2026-08-14: 반기보고서 (2026.06) | 2026-08-14: 반기검토의견부적정,의견거절또는완전자본잠식사실발생               | 2026-07-27: [기재정정]회생절차개시결정              ",5
아우딘퓨쳐스,227610,0,OK,,,,2026-08-14: 반기보고서 (2026.06) | 2026-08-11: 타인에대한담보제공결정              (연장 2026년) | 2026-08-03: 전환사채(해외전환사채포함)발행후만기전사채취득              (제3회차),3
비보존 제약,082800,0,OK,,,,2026-08-21: 임원ㆍ주요주주특정증권등소유상황보고서 | 2026-08-19: 임원ㆍ주요주주특정증권등거래계획보고서 | 2026-08-14: 반기보고서 (2026.06) | 2026-08-12: [기재정정]사업보고서 (2025.12) | 2026-08-07: 주식등의대량보유상황보고서(일반),7
피코그램,376180,0,OK,,,,2026-08-14: 반기보고서 (2026.06) | 2026-08-11: 주식등의대량보유상황보고서(일반) | 2026-08-11: 임원ㆍ주요주주특정증권등소유상황보고서 | 2026-08-04: 전환사채(해외전환사채포함)발행후만기전사채취득              ,4
지에스이,053050,0,OK,,,,2026-08-14: 반기보고서 (2026.06) | 2026-08-14: 현금ㆍ현물배당결정              (분기배당) | 2026-07-31: [기재정정]사업보고서 (2025.12),3
아이패밀리에스씨,114840,0,OK,,,,2026-08-13: 반기보고서 (2026.06) | 2026-08-13: 중간(분기)배당을위한주주명부폐쇄(기준일)결정               | 2026-08-13: 현금ㆍ현물배당결정              (분기배당),3
아모그린텍,125210,0,OK,,,,2026-08-14: 반기보고서 (2026.06) | 2026-08-11: 임원ㆍ주요주주특정증권등거래계획철회보고서 | 2026-08-10: 주식등의대량보유상황보고서(일반) | 2026-07-24: 주식등의대량보유상황보고서(일반),4
KC그린홀딩스,009440,0,OK,,,,"2026-08-21: [기재정정]주요사항보고서(채권은행등의관리절차개시) | 2026-08-14: 반기보고서 (2026.06) | 2026-08-14: 반기검토의견부적정,의견거절또는완전자본잠식사실발생              ",3
제이앤티씨,204270,0,OK,,,,2026-08-14: [기재정정]반기보고서 (2026.06) | 2026-08-14: 반기보고서 (2026.06) | 2026-08-06: 주식등의대량보유상황보고서(일반) | 2026-07-31: [기재정정]신규시설투자등(자율공시)               | 2026-07-31: [기재정정]신규시설투자등(자율공시)              ,5
우리금융캐피탈,033660,0,OK,,,,2026-08-18: [기재정정]증권발행실적보고서 | 2026-08-18: [기재정정]증권발행실적보고서 | 2026-08-18: [기재정정]증권발행실적보고서 | 2026-08-18: [기재정정]증권발행실적보고서 | 2026-08-18: [기재정정]증권발행실적보고서,10
센서뷰,321370,0,🚨 YES,[기재정정]주요사항보고서(유상증자결정),단일판매ㆍ공급계약체결              (+5) | 단일판매ㆍ공급계약체결(자율공시)              (+5) | 단일판매ㆍ공급계약체결(자율공시)              (+5),[기재정정]주요사항보고서(유상증자결정)(-15),2026-08-21: 임원ㆍ주요주주특정증권등소유상황보고서 | 2026-08-21: 유상증자또는주식관련사채등의청약결과(자율공시)               | 2026-08-19: 단일판매ㆍ공급계약체결               | 2026-08-18: [기재정정]유상증자또는주식관련사채등의청약결과(자율공시)               | 2026-08-18: 유상증자또는주식관련사채등의청약결과(자율공시)              ,26
삼천당제약,000250,0,OK,,,,"2026-08-14: 주식등의대량보유상황보고서(일반) | 2026-08-14: 반기보고서 (2026.06) | 2026-08-05: [기재정정]투자판단관련주요경영사항(임상시험계획승인신청등결정)              (제1형 당뇨병 환자를 대상으로 정상혈당 클램프 조건 및 식이 섭취 후, 경구용 인슐린 SCD0503과 피하 투여 인슐린 간의 상대적 생체이용률, 상대적 생물학적 효력 및 음식 영향 평가를 위한 임상시험) | 2026-08-05: [기재정정]투자판단관련주요경영사항(임상시험계획승인신청)              (제1형 당뇨병 환자를 대상으로 정상혈당 클램프 조건 및 식이 섭취 후, 경구용 인슐린 SCD0503과 피하 투여 인슐린 간의 상대적 생체이용률, 상대적 생물학적 효력 및 음식 영향 평가를 위한 임상시험)",4
대원화성,024890,0,OK,,,,2026-08-20: 유형자산처분결정               | 2026-08-14: 반기보고서 (2026.06) | 2026-08-05: 투자유의안내              ,3
오브젠,417860,0,OK,,,,2026-08-19: 전환가액의조정              (제1회차) | 2026-08-14: 반기보고서 (2026.06) | 2026-07-31: 임원ㆍ주요주주특정증권등거래계획보고서 | 2026-07-31: 임원ㆍ주요주주특정증권등거래계획보고서,4
온코크로스,382150,0,OK,,,,2026-08-14: 반기보고서 (2026.06) | 2026-07-30: [기재정정]주식매수선택권부여에관한신고 | 2026-07-30: [기재정정]주식매수선택권부여에관한신고 | 2026-07-30: 투자판단관련주요경영사항              (디지털 바이오뱅킹 구축을 위한 단백체 분석 용역 위탁계약 체결),4
토탈소프트,045340,0,OK,,,,2026-08-13: 반기보고서 (2026.06) | 2026-08-07: 주요사항보고서(자기주식취득신탁계약체결결정) | 2026-08-03: 신탁계약해지결과보고서 | 2026-08-03: 주요사항보고서(자기주식취득신탁계약해지결정),4
아시아경제,127710,0,OK,,,,2026-08-14: 반기보고서 (2026.06) | 2026-08-10: 주식등의대량보유상황보고서(약식) | 2026-08-06: 주식등의대량보유상황보고서(약식) | 2026-08-05: 임원ㆍ주요주주특정증권등소유상황보고서,4
드림인사이트,362990,0,OK,,,,2026-08-21: 주식등의대량보유상황보고서(일반) | 2026-08-21: 임원ㆍ주요주주특정증권등소유상황보고서 | 2026-08-14: 반기보고서 (2026.06),3
아모텍,052710,0,OK,,,,2026-08-19: 임원ㆍ주요주주특정증권등소유상황보고서 | 2026-08-19: 임원ㆍ주요주주특정증권등소유상황보고서 | 2026-08-19: 임원ㆍ주요주주특정증권등소유상황보고서 | 2026-08-18: 임원ㆍ주요주주특정증권등소유상황보고서 | 2026-08-18: 주식등의대량보유상황보고서(일반),19
씨아이테크,004920,0,OK,,,,2026-08-14: 반기보고서 (2026.06) | 2026-08-10: 임시주주총회결과               | 2026-07-24: 의결권대리행사권유참고서류 | 2026-07-24: 주주총회소집공고 | 2026-07-24: [기재정정]주주총회소집결의              ,6
스톰테크,352090,0,OK,,,,2026-08-14: 반기보고서 (2026.06) | 2026-07-28: 현금ㆍ현물배당결정              (중간배당) | 2026-07-28: 중간(분기)배당을위한주주명부폐쇄(기준일)결정              ,3
KT밀리의서재,418470,0,OK,,,,2026-08-12: 반기보고서 (2026.06) | 2026-08-10: 주식등의대량보유상황보고서(일반) | 2026-08-10: 임원ㆍ주요주주특정증권등소유상황보고서 | 2026-08-04: 기업설명회(IR)개최              ,4
이니텍,053350,0,OK,,,,2026-08-14: 반기보고서 (2026.06) | 2026-07-30: [기재정정]주주명부폐쇄기간또는기준일설정               | 2026-07-30: [기재정정]주주총회소집결의              (임시주주총회),3
져스텍,153890,0,OK,,,,2026-08-14: 반기보고서 (2026.06) | 2026-08-04: 임원ㆍ주요주주특정증권등소유상황보고서 | 2026-08-04: 임원ㆍ주요주주특정증권등소유상황보고서 | 2026-08-04: 임원ㆍ주요주주특정증권등소유상황보고서 | 2026-08-04: 임원ㆍ주요주주특정증권등소유상황보고서,9
메이슨캐피탈,021880,0,OK,,,,2026-08-20: 임원ㆍ주요주주특정증권등소유상황보고서 | 2026-08-10: 임원ㆍ주요주주특정증권등소유상황보고서 | 2026-08-10: 분기보고서 (2026.06) | 2026-07-31: 임원ㆍ주요주주특정증권등소유상황보고서,4
카이노스메드,284620,0,OK,,,,2026-08-14: 기타시장안내              (투자주의 환기종목 지정 사유 추가 관련 시장조치 미진행 및 상장적격성 실질심사 사유 추가 관련 절차 미진행) | 2026-08-14: 반기검토(감사)의견부적정등사실확인(자본잠식률100분의50이상또는자기자본10억원미만포함)               | 2026-08-14: 반기보고서 (2026.06),3
신영증권,001720,0,OK,,,,2026-08-21: 투자설명서(일괄신고) | 2026-08-21: 일괄신고추가서류(파생결합증권-주가연계증권) | 2026-08-20: 투자설명서(일괄신고) | 2026-08-20: 일괄신고추가서류(파생결합증권-주가연계증권) | 2026-08-19: 투자설명서(일괄신고),53
아이스크림미디어,461300,0,OK,,,,2026-08-14: 반기보고서 (2026.06) | 2026-08-07: 주요사항보고서(자기주식취득신탁계약체결결정) | 2026-08-07: 현금ㆍ현물배당결정              (중간 배당) | 2026-07-29: [기재정정]주식매수선택권부여에관한신고,4
제놀루션,225220,0,OK,,,,2026-08-14: 반기보고서 (2026.06) | 2026-08-13: 임원ㆍ주요주주특정증권등거래계획보고서 | 2026-08-12: 임원ㆍ주요주주특정증권등소유상황보고서 | 2026-08-04: 주식등의대량보유상황보고서(일반) | 2026-08-04: 임원ㆍ주요주주특정증권등소유상황보고서,5
세종텔레콤,036630,0,OK,,,,2026-08-14: 반기보고서 (2026.06) | 2026-07-24: 주식등의대량보유상황보고서(일반) | 2026-07-24: 임원ㆍ주요주주특정증권등소유상황보고서,3
삼영엠텍,054540,0,OK,,,,2026-08-13: 반기보고서 (2026.06) | 2026-07-31: [기재정정]분기보고서 (2026.03) | 2026-07-31: [기재정정]사업보고서 (2025.12),3
율촌,146060,0,OK,,,,2026-08-14: 반기보고서 (2026.06) | 2026-08-13: 신탁계약해지결과보고서 | 2026-08-13: 주요사항보고서(자기주식취득신탁계약해지결정) | 2026-08-13: 신탁계약에의한취득상황보고서,4
아이즈비전,031310,0,OK,,,,2026-08-18: 유형자산처분결정(종속회사의주요경영사항)               | 2026-08-14: 반기보고서 (2026.06) | 2026-08-07: 임원ㆍ주요주주특정증권등소유상황보고서 | 2026-08-07: 주식등의대량보유상황보고서(일반),4
한국알콜,017890,0,OK,,,,2026-08-20: 임원ㆍ주요주주특정증권등소유상황보고서 | 2026-08-13: 기업설명회(IR)개최               | 2026-08-13: 반기보고서 (2026.06) | 2026-08-11: 임원ㆍ주요주주특정증권등소유상황보고서 | 2026-08-03: 임원ㆍ주요주주특정증권등소유상황보고서,8
팜스빌,318010,0,OK,,,,2026-08-20: [기재정정]반기보고서 (2026.06) | 2026-08-20: [기재정정]분기보고서 (2026.03) | 2026-08-13: 반기보고서 (2026.06),3
선진,136490,0,OK,,,,2026-08-13: [기재정정]반기보고서 (2026.06) | 2026-08-13: 지급수단별ㆍ지급기간별지급금액및분쟁조정기구에관한사항 | 2026-08-13: 반기보고서 (2026.06),3
한국맥널티,222980,0,OK,,,,2026-08-14: 반기보고서 (2026.06) | 2026-08-03: 임원ㆍ주요주주특정증권등소유상황보고서 | 2026-08-03: 임원ㆍ주요주주특정증권등소유상황보고서 | 2026-07-31: 주요사항보고서(유형자산양수결정) | 2026-07-28: 임원ㆍ주요주주특정증권등소유상황보고서,6
하이젠알앤엠,160190,0,OK,,,,2026-08-14: 반기보고서 (2026.06) | 2026-08-07: [기재정정]분기보고서 (2026.03) | 2026-08-04: 소속부변경               | 2026-08-04: [기재정정]감사보고서제출               | 2026-08-04: [기재정정]사업보고서 (2025.12),5
우리은행,000030,0,OK,,,,2026-08-14: [기재정정]일괄신고서(파생결합증권-금적립계좌) | 2026-08-14: [기재정정]투자설명서(일괄신고) | 2026-08-14: [기재정정]투자설명서(일괄신고) | 2026-08-14: [기재정정]일괄신고서(파생결합증권-금적립계좌) | 2026-08-14: [기재정정]일괄신고서,18
인피니트헬스케어,071200,0,OK,,,,2026-08-21: 중간(분기)배당을위한주주명부폐쇄(기준일)결정               | 2026-08-14: 반기보고서 (2026.06) | 2026-07-30: 주식등의대량보유상황보고서(약식) | 2026-07-28: 소송등의제기ㆍ신청(경영권분쟁소송)              (주주총회결의무효확인 등(항소)) | 2026-07-27: 소송등의판결ㆍ결정              (경영권 분쟁 소송)(주주총회결의무효확인 등),5
경인전자,009140,0,OK,,,,2026-08-14: 반기보고서 (2026.06) | 2026-08-11: 주주총회소집공고 | 2026-08-10: [기재정정]주주총회소집결의              ,3
이상네트웍스,080010,0,OK,,,,2026-08-19: 임원ㆍ주요주주특정증권등소유상황보고서 | 2026-08-19: 주식등의대량보유상황보고서(약식) | 2026-08-14: 반기보고서 (2026.06),3
메카로,241770,0,OK,,,,2026-08-14: 반기보고서 (2026.06) | 2026-08-05: 주식등의대량보유상황보고서(일반) | 2026-07-31: 합병등종료보고서(자산양수도),3
자연과환경,043910,0,OK,,,,2026-08-19: 주식등의대량보유상황보고서(일반) | 2026-08-19: 임원ㆍ주요주주특정증권등소유상황보고서 | 2026-08-14: 반기보고서 (2026.06) | 2026-07-29: 주식등의대량보유상황보고서(일반),4
애니플러스,310200,0,OK,,,,2026-08-14: 반기보고서 (2026.06) | 2026-08-06: 단기차입금증가결정               | 2026-07-31: 주요사항보고서(타법인주식및출자증권양수결정) | 2026-07-28: 주식등의대량보유상황보고서(일반),4
수산아이앤티,050960,0,OK,,,,2026-08-19: 주식등의대량보유상황보고서(일반) | 2026-08-14: 반기보고서 (2026.06) | 2026-08-14: 임원ㆍ주요주주특정증권등소유상황보고서 | 2026-08-05: 임원ㆍ주요주주특정증권등소유상황보고서 | 2026-07-28: 임원ㆍ주요주주특정증권등소유상황보고서,5
백산,035150,0,OK,,,,2026-08-13: 반기보고서 (2026.06) | 2026-08-12: 최대주주등소유주식변동신고서               | 2026-08-12: 주식등의대량보유상황보고서(일반) | 2026-08-12: 임원ㆍ주요주주특정증권등소유상황보고서 | 2026-07-31: 임원ㆍ주요주주특정증권등소유상황보고서,5
엠젠솔루션,032790,0,OK,,,,2026-08-14: 반기보고서 (2026.06) | 2026-08-14: 전환사채(해외전환사채포함)발행후만기전사채취득               | 2026-08-13: [기재정정]주식매수선택권부여에관한신고 | 2026-08-13: [기재정정]주식매수선택권부여에관한신고 | 2026-08-13: [기재정정]주식매수선택권부여에관한신고,5
아티스트스튜디오,200350,0,OK,,,,2026-08-18: 타법인주식및출자증권취득결정(자율공시)               | 2026-08-14: 반기보고서 (2026.06) | 2026-08-13: 소송등의판결ㆍ결정               | 2026-08-10: [기재정정]주식등의대량보유상황보고서(일반) | 2026-08-07: 주식등의대량보유상황보고서(일반),5
중앙첨단소재,051980,0,OK,,,,2026-08-14: 반기보고서 (2026.06) | 2026-08-12: 임시주주총회결과               | 2026-08-04: [기재정정]의결권대리행사권유참고서류 | 2026-07-28: 의결권대리행사권유참고서류 | 2026-07-28: 주주총회소집공고,7
파라택시스이더리움,290560,0,OK,,,,2026-08-14: 반기보고서 (2026.06) | 2026-08-13: 주식병합결정               | 2026-08-13: 주주명부폐쇄기간또는기준일설정               | 2026-08-13: 주주총회소집결의              (임시주주총회) | 2026-08-05: 독립이사의선임ㆍ해임또는중도퇴임에관한신고,6
NH프라임리츠,338100,0,OK,,,,2026-08-20: 정기주주총회결과               | 2026-08-19: 정기주주총회결과               | 2026-08-14: 부동산투자회사증권취득               | 2026-08-12: [기재정정]사업보고서 (2026.05) | 2026-08-11: 사업보고서 (2026.05),11
한일시멘트,300720,0,OK,,,,2026-08-14: 기업설명회(IR)개최(안내공시)               | 2026-08-14: 반기보고서 (2026.06) | 2026-08-07: [기재정정]유형자산처분결정              ,3
지아이이노베이션,358570,0,OK,,,,2026-08-21: 투자판단관련주요경영사항(임상시험계획변경승인신청)              (GI102 제1/2상 임상시험계획 호주 인체연구윤리위원회 (HREC) 변경승인 신청) | 2026-08-20: 주식등의대량보유상황보고서(약식) | 2026-08-14: 반기보고서 (2026.06) | 2026-08-10: 임원ㆍ주요주주특정증권등소유상황보고서 | 2026-08-10: 임원ㆍ주요주주특정증권등소유상황보고서,10
메리츠제1호스팩,0088D0,0,OK,,,,2026-08-14: [기재정정]반기보고서 (2026.06) | 2026-08-14: [기재정정]반기보고서 (2026.06) | 2026-08-14: 반기보고서 (2026.06),3
세미파이브,490470,0,OK,,,,2026-08-14: 반기보고서 (2026.06) | 2026-07-31: 임원ㆍ주요주주특정증권등소유상황보고서 | 2026-07-28: 임원ㆍ주요주주특정증권등소유상황보고서,3
멤레이비티,072770,0,OK,,,,2026-08-14: [첨부정정]반기보고서 (2026.06) | 2026-08-14: [첨부추가]반기보고서 (2026.06) | 2026-08-11: [기재정정]주주총회소집결의              (임시주주총회) | 2026-08-11: 투자판단관련주요경영사항              (경영지배인 사임),4
아가방컴퍼니,013990,0,OK,,,,2026-08-21: 의결권대리행사권유참고서류 | 2026-08-21: 주주총회소집공고 | 2026-08-18: 주식등의대량보유상황보고서(일반) | 2026-08-18: 임원ㆍ주요주주특정증권등소유상황보고서 | 2026-08-14: 반기보고서 (2026.06),14
한국제지,027970,0,OK,,,,2026-08-14: 반기보고서 (2026.06) | 2026-07-30: 주식등의대량보유상황보고서(일반) | 2026-07-30: 임원ㆍ주요주주특정증권등소유상황보고서 | 2026-07-29: 최대주주등소유주식변동신고서              ,4
HRS,036640,0,OK,,,,2026-08-13: 반기보고서 (2026.06) | 2026-08-10: [기재정정]타인에대한담보제공결정               | 2026-08-10: 합병등종료보고서(자산양수도) | 2026-08-10: 주요사항보고서(유형자산양도결정) | 2026-08-10: [기재정정]주요사항보고서(유형자산양수결정),5
까뮤이앤씨,013700,0,OK,,,,2026-08-21: 최대주주등소유주식변동신고서               | 2026-08-21: 주식등의대량보유상황보고서(일반) | 2026-08-19: 주식등의대량보유상황보고서(일반) | 2026-08-14: 반기보고서 (2026.06) | 2026-08-13: 현금ㆍ현물배당결정              ,8
이엠텍,091120,0,OK,,,,2026-08-19: 임원ㆍ주요주주특정증권등소유상황보고서 | 2026-08-14: 반기보고서 (2026.06) | 2026-07-24: 합병등종료보고서(합병),3
OCI홀딩스,010060,0,OK,,,,2026-08-13: 반기보고서 (2026.06) | 2026-08-11: 신탁계약해지결과보고서 | 2026-08-10: 주요사항보고서(자기주식취득신탁계약해지결정)(자회사의 주요경영사항)               | 2026-08-10: 주요사항보고서(자기주식취득신탁계약해지결정) | 2026-07-28: 최대주주등소유주식변동신고서              ,5
진도,088790,0,OK,,,,2026-08-14: 반기보고서 (2026.06) | 2026-08-13: [기재정정]소송등의판결ㆍ결정               | 2026-08-13: 소송등의판결ㆍ결정               | 2026-08-13: 소송등의판결ㆍ결정               | 2026-08-07: 주주총회소집결의              ,7
한창제지,009460,0,OK,,,,2026-08-21: 전환청구권ㆍ신주인수권ㆍ교환청구권행사               | 2026-08-18: [기재정정]소송등의제기ㆍ신청(경영권분쟁소송)               | 2026-08-14: 반기보고서 (2026.06) | 2026-08-12: [기재정정]소송등의제기ㆍ신청(경영권분쟁소송)               | 2026-08-07: 주식등의대량보유상황보고서(약식),12
휴메딕스,200670,0,OK,,,,2026-08-14: 기업설명회(IR)개최               | 2026-08-14: 반기보고서 (2026.06) | 2026-08-11: 중간(분기)배당을위한주주명부폐쇄(기준일)결정               | 2026-08-11: 현금ㆍ현물배당결정              (분기배당),4
GST,083450,0,OK,,,,2026-08-14: 반기보고서 (2026.06) | 2026-07-28: 주요사항보고서(자기주식취득신탁계약체결결정) | 2026-07-24: 임원ㆍ주요주주특정증권등소유상황보고서 | 2026-07-24: 주식등의대량보유상황보고서(일반),4
동구바이오제약,006620,0,OK,,,,2026-08-18: [기재정정]주요사항보고서(영업정지) | 2026-08-18: [기재정정]주요사항보고서(영업정지) | 2026-08-12: 반기보고서 (2026.06) | 2026-08-04: 주식등의대량보유상황보고서(일반) | 2026-07-27: 주식등의대량보유상황보고서(일반),5
대한약품,023910,0,OK,,,,2026-08-14: 반기보고서 (2026.06) | 2026-08-07: 임원ㆍ주요주주특정증권등소유상황보고서 | 2026-08-06: 주식등의대량보유상황보고서(약식) | 2026-07-24: 임원ㆍ주요주주특정증권등소유상황보고서,4
SK디스커버리,006120,0,OK,,,,2026-08-21: 의결권대리행사권유참고서류 | 2026-08-21: 주주총회소집공고 | 2026-08-19: 주식등의대량보유상황보고서(일반) | 2026-08-13: 반기보고서 (2026.06) | 2026-08-13: 지급수단별ㆍ지급기간별지급금액및분쟁조정기구에관한사항,16
대화제약,067080,0,OK,,,,2026-08-20: 주식등의대량보유상황보고서(일반) | 2026-08-07: 반기보고서 (2026.06) | 2026-08-05: 현금ㆍ현물배당결정              (분기배당) | 2026-07-30: 임원ㆍ주요주주특정증권등소유상황보고서,4
닷밀,464580,0,OK,,,,2026-08-20: 임원ㆍ주요주주특정증권등소유상황보고서 | 2026-08-20: 주식등의대량보유상황보고서(일반) | 2026-08-14: 반기보고서 (2026.06) | 2026-08-14: 임원ㆍ주요주주특정증권등소유상황보고서 | 2026-08-14: 주식등의대량보유상황보고서(일반),14
에스디바이오센서,137310,0,OK,,,,2026-08-20: 주식등의대량보유상황보고서(일반) | 2026-08-14: 반기보고서 (2026.06) | 2026-08-12: 임원ㆍ주요주주특정증권등소유상황보고서 | 2026-08-04: 기업설명회(IR)개최(안내공시)              ,4
영흥,012160,0,OK,,,,2026-08-19: [기재정정]타인에대한채무보증결정               | 2026-08-18: [기재정정]주주총회소집결의               | 2026-08-18: 주주명부폐쇄기간또는기준일설정               | 2026-08-18: 주주총회소집결의               | 2026-08-18: 주식등의대량보유상황보고서(일반),12
위지트,036090,0,OK,,,,2026-08-14: 반기보고서 (2026.06) | 2026-08-03: 전환가액의조정               | 2026-07-31: 전환가액의조정              ,3
에스켐,475660,0,OK,,,,2026-08-14: 반기보고서 (2026.06) | 2026-08-07: 주주총회소집결의              (임시주주총회) | 2026-08-07: 주주명부폐쇄기간또는기준일설정              ,3
코맥스,036690,0,OK,,,,2026-08-14: [기재정정]반기보고서 (2026.06) | 2026-08-14: 반기보고서 (2026.06) | 2026-07-27: 기타시장안내              (기업심사위원회 개최 결과 안내),3
상상인증권,001290,0,OK,,,,2026-08-14: 반기보고서 (2026.06) | 2026-08-10: [기재정정]주식병합결정               | 2026-08-07: 임시주주총회결과               | 2026-08-06: 풍문또는보도에대한해명(미확정)               | 2026-08-05: 투자유의안내              ,5
원익큐브,014190,0,OK,,,,2026-08-14: 반기보고서 (2026.06) | 2026-08-14: 지급수단별ㆍ지급기간별지급금액및분쟁조정기구에관한사항 | 2026-07-24: 임원ㆍ주요주주특정증권등소유상황보고서,3
LS네트웍스,000680,0,OK,,,,2026-08-14: 반기보고서 (2026.06) | 2026-08-14: 소송등의제기ㆍ신청(일정금액이상의청구)               | 2026-08-14: 지급수단별ㆍ지급기간별지급금액및분쟁조정기구에관한사항,3
한빛소프트,047080,0,OK,,,,2026-08-14: 반기보고서 (2026.06) | 2026-08-12: 임원ㆍ주요주주특정증권등소유상황보고서 | 2026-07-29: 임원ㆍ주요주주특정증권등소유상황보고서 | 2026-07-27: 임원ㆍ주요주주특정증권등소유상황보고서,4
메지온,140410,0,OK,,,,2026-08-14: 반기보고서 (2026.06) | 2026-08-06: 임원ㆍ주요주주특정증권등소유상황보고서 | 2026-08-06: 임원ㆍ주요주주특정증권등소유상황보고서 | 2026-08-06: 임원ㆍ주요주주특정증권등소유상황보고서 | 2026-07-28: 임원ㆍ주요주주특정증권등소유상황보고서,5
콘텐트리중앙,036420,0,OK,,,,"2026-08-14: 반기보고서 (2026.06) | 2026-08-14: 반기검토의견부적정,의견거절또는완전자본잠식사실발생               | 2026-08-13: 지급수단별ㆍ지급기간별지급금액및분쟁조정기구에관한사항",3
부광약품,003000,0,OK,,,,2026-08-14: 출자법인회생절차및파산관련신청               | 2026-08-13: 지급수단별ㆍ지급기간별지급금액및분쟁조정기구에관한사항 | 2026-08-13: 반기보고서 (2026.06),3
영풍,000670,0,OK,,,,2026-08-21: 특수관계인에대한채권매도 | 2026-08-14: 반기보고서 (2026.06) | 2026-08-14: 지급수단별ㆍ지급기간별지급금액및분쟁조정기구에관한사항 | 2026-08-05: [기재정정]회계처리기준위반에따른임원의해임권고조치              ,4
LS티라유텍,322180,0,OK,,,,2026-08-14: 반기보고서 (2026.06) | 2026-07-29: 임원ㆍ주요주주특정증권등소유상황보고서 | 2026-07-27: 전환주식의전환가액조정              (상환전환우선주),3
금강공업,014280,0,OK,,,,2026-08-14: 반기보고서 (2026.06) | 2026-08-12: 주식등의대량보유상황보고서(일반) | 2026-08-03: 주식등의대량보유상황보고서(약식),3
에이엔피,015260,0,OK,,,,2026-08-14: 반기보고서 (2026.06) | 2026-08-05: 투자유의안내               | 2026-07-31: 투자유의안내              ,3
네오티스,085910,0,OK,,,,2026-08-13: 반기보고서 (2026.06) | 2026-08-03: 주식등의대량보유상황보고서(약식) | 2026-07-30: 주식등의대량보유상황보고서(일반) | 2026-07-30: 임원ㆍ주요주주특정증권등소유상황보고서,4
한국특강,007280,0,OK,,,,2026-08-14: 반기보고서 (2026.06) | 2026-07-29: 최대주주등소유주식변동신고서               | 2026-07-29: 주식등의대량보유상황보고서(일반) | 2026-07-29: 임원ㆍ주요주주특정증권등소유상황보고서 | 2026-07-29: 임원ㆍ주요주주특정증권등소유상황보고서,6
핸즈코퍼레이션,143210,0,OK,,,,2026-08-14: 반기보고서 (2026.06) | 2026-08-03: 상장적격성실질심사관련주요개선계획(자율공시)               | 2026-08-03: 기타시장안내              (개선기간 부여 결정) | 2026-07-31: [기재정정]사업보고서 (2025.12),4
로킷헬스케어,376900,0,OK,,,,2026-08-14: 반기보고서 (2026.06) | 2026-07-31: [기재정정]사업보고서 (2025.12) | 2026-07-28: [기재정정]해외증권시장주권등상장결정(종속회사의주요경영사항)              (철회),3
인바이츠바이오코아,216400,0,OK,,,,2026-08-10: 주식등의대량보유상황보고서(약식) | 2026-08-10: 불성실공시법인지정예고              (공시불이행) | 2026-08-06: 주주총회소집공고 | 2026-08-06: 주주총회소집결의               | 2026-07-30: 임원ㆍ주요주주특정증권등소유상황보고서,6
코오롱티슈진,950160,0,OK,,,,2026-08-14: 반기보고서 (2026.06) | 2026-08-07: 주식등의대량보유상황보고서(일반) | 2026-08-06: 임원ㆍ주요주주특정증권등소유상황보고서 | 2026-07-31: 주식등의대량보유상황보고서(일반) | 2026-07-28: 주식등의대량보유상황보고서(일반),8
비피도,238200,0,OK,,,,2026-08-14: 반기보고서 (2026.06) | 2026-08-14: 합병등종료보고서(자산양수도) | 2026-07-24: [기재정정]분기보고서 (2026.03),3
유아이디,069330,0,OK,,,,2026-08-14: 반기보고서 (2026.06) | 2026-08-03: 주주명부폐쇄기간또는기준일설정               | 2026-07-30: 주주총회소집결의              (임시주주총회) | 2026-07-29: 주식등의대량보유상황보고서(일반) | 2026-07-28: [기재정정]주식등의대량보유상황보고서(일반),5
에어레인,163280,0,OK,,,,2026-08-13: 반기보고서 (2026.06) | 2026-08-07: 주식등의대량보유상황보고서(일반) | 2026-08-07: 임원ㆍ주요주주특정증권등소유상황보고서 | 2026-08-03: 주식등의대량보유상황보고서(일반) | 2026-08-03: 임원ㆍ주요주주특정증권등소유상황보고서,7
국보디자인,066620,0,OK,,,,2026-08-14: 반기보고서 (2026.06) | 2026-08-14: [기재정정]사업보고서 (2025.12) | 2026-07-30: 주식등의대량보유상황보고서(약식),3
페이퍼코리아,001020,0,OK,,,,2026-08-14: 반기보고서 (2026.06) | 2026-08-13: 주주총회소집결의               | 2026-08-13: 주주명부폐쇄기간또는기준일설정              ,3
밸로프,331520,0,OK,,,,2026-08-20: 임원ㆍ주요주주특정증권등소유상황보고서 | 2026-08-20: 임원ㆍ주요주주특정증권등소유상황보고서 | 2026-08-20: 임원ㆍ주요주주특정증권등소유상황보고서 | 2026-08-10: 신탁계약에의한취득상황보고서 | 2026-08-10: 반기보고서 (2026.06),7
지니틱스,303030,0,OK,,,,2026-08-14: 반기보고서 (2026.06) | 2026-08-10: 임시주주총회결과               | 2026-07-24: 주주총회소집공고,3
파크시스템스,140860,0,OK,,,,2026-08-18: 기업설명회(IR)개최               | 2026-08-14: 반기보고서 (2026.06) | 2026-08-07: 주식등의대량보유상황보고서(약식),3
이엔플러스,074610,0,OK,,,,2026-08-20: [기재정정]소송등의판결ㆍ결정(일정금액이상의청구)               | 2026-08-19: 소송등의판결ㆍ결정(일정금액이상의청구)               | 2026-08-18: 소송등의판결ㆍ결정               | 2026-08-14: 반기보고서 (2026.06) | 2026-08-07: 소송등의제기ㆍ신청(일정금액이상의청구)              ,5
SK스퀘어,402340,0,OK,,주식소각결정(자회사의 주요경영사항)              (+5) | 주요사항보고서(자기주식취득결정)(자회사의 주요경영사항)              (+5),주요사항보고서(자기주식처분결정)(자회사의 주요경영사항)              (-10),2026-08-19: 주식소각결정(자회사의 주요경영사항)               | 2026-08-19: 주요사항보고서(자기주식취득결정)(자회사의 주요경영사항)               | 2026-08-14: 파생상품거래손실발생(자회사의 주요경영사항)               | 2026-08-14: [기재정정]반기보고서 (2026.06) | 2026-08-14: [기재정정]반기보고서 (2026.06),13
세중,039310,0,OK,,,,2026-08-14: 반기보고서 (2026.06) | 2026-08-05: 주식등의대량보유상황보고서(일반) | 2026-08-05: 임원ㆍ주요주주특정증권등소유상황보고서 | 2026-08-05: 임원ㆍ주요주주특정증권등소유상황보고서 | 2026-07-30: 주식등의대량보유상황보고서(일반),10
삼익악기,002450,0,OK,,,,2026-08-14: 반기보고서 (2026.06) | 2026-08-14: [첨부정정]사업보고서 (2025.12) | 2026-08-14: [기재정정]사업보고서 (2025.12),3
CJ,001040,0,OK,,,,2026-08-14: [기재정정]소송등의판결ㆍ결정(일정금액이상의청구)(자회사의 주요경영사항)               | 2026-08-14: 반기보고서 (2026.06) | 2026-08-14: 지급수단별ㆍ지급기간별지급금액및분쟁조정기구에관한사항 | 2026-08-13: 소송등의판결ㆍ결정(일정금액이상의청구)(자회사의 주요경영사항)               | 2026-08-10: 현금ㆍ현물배당결정(자회사의 주요경영사항)              ,6
베뉴지,019010,0,OK,,,,2026-08-18: 주식등의대량보유상황보고서(약식) | 2026-08-14: 반기보고서 (2026.06) | 2026-08-05: 임원ㆍ주요주주특정증권등거래계획보고서 | 2026-08-03: 주식등의대량보유상황보고서(일반) | 2026-07-24: 증권발행결과(자율공시)              ,5
엠에프씨,432980,0,OK,,,,2026-08-14: 반기보고서 (2026.06) | 2026-08-06: 자기주식취득결과보고서 | 2026-08-05: 임원ㆍ주요주주특정증권등소유상황보고서 | 2026-07-29: 임원ㆍ주요주주특정증권등소유상황보고서,4
케이엘넷,039420,0,OK,,,,2026-08-14: 반기보고서 (2026.06) | 2026-07-30: [첨부정정]사업보고서 (2025.12) | 2026-07-30: [기재정정]사업보고서 (2025.12),3
한국주철관공업,000970,0,OK,,,,2026-08-14: 반기보고서 (2026.06) | 2026-08-14: [기재정정]사업보고서 (2025.12) | 2026-08-06: 중대재해발생              ,3
선도전기,007610,0,OK,,,,2026-08-13: [첨부정정]사업보고서 (2024.12) | 2026-08-13: 반기보고서 (2026.06) | 2026-08-13: [첨부정정]사업보고서 (2025.12) | 2026-08-13: [첨부정정]사업보고서 (2024.12),4
에너토크,019990,0,OK,,,,2026-08-20: 임원ㆍ주요주주특정증권등소유상황보고서 | 2026-08-14: 반기보고서 (2026.06) | 2026-08-14: 기업설명회(IR)개최               | 2026-07-24: 임시주주총회결과              ,4
유안타증권,003470,0,OK,,,,2026-08-21: 최대주주등소유주식변동신고서               | 2026-08-21: 투자설명서(일괄신고) | 2026-08-21: 일괄신고추가서류(파생결합증권-주가연계증권) | 2026-08-21: 투자설명서(일괄신고) | 2026-08-21: 일괄신고추가서류(파생결합사채-주가연계파생결합사채),60
시디즈,134790,0,OK,,,,2026-08-14: 반기보고서 (2026.06) | 2026-07-28: 최대주주등소유주식변동신고서               | 2026-07-27: 최대주주등소유주식변동신고서              ,3
시지메드텍,056090,0,OK,,,,2026-08-14: 반기보고서 (2026.06) | 2026-08-11: 임시주주총회결과               | 2026-08-04: 임원ㆍ주요주주특정증권등거래계획보고서 | 2026-07-27: 주주총회소집공고,4
대성창투,027830,0,OK,,,,2026-08-14: 반기보고서 (2026.06) | 2026-08-03: 주식등의대량보유상황보고서(일반) | 2026-08-03: 임원ㆍ주요주주특정증권등소유상황보고서 | 2026-08-03: 임원ㆍ주요주주특정증권등소유상황보고서,4
신한서부티엔디리츠,404990,0,OK,,,,2026-08-21: 기업설명회(IR)개최(안내공시)               | 2026-08-20: 임원ㆍ주요주주특정증권등소유상황보고서 | 2026-08-19: 출자법인부도ㆍ해산사유등발생               | 2026-08-13: 임원ㆍ주요주주특정증권등소유상황보고서 | 2026-08-06: 임원ㆍ주요주주특정증권등소유상황보고서,10
DSR,155660,0,OK,,,,2026-08-14: 반기보고서 (2026.06) | 2026-08-12: 최대주주등소유주식변동신고서               | 2026-08-12: 임원ㆍ주요주주특정증권등소유상황보고서 | 2026-08-07: 최대주주등소유주식변동신고서              ,4
위즈코프,038620,0,OK,,,,2026-08-21: 임원ㆍ주요주주특정증권등거래계획보고서 | 2026-08-14: 반기보고서 (2026.06) | 2026-07-28: 주식등의대량보유상황보고서(일반) | 2026-07-28: 임원ㆍ주요주주특정증권등소유상황보고서,4
AK홀딩스,006840,0,OK,,,,2026-08-14: 반기보고서 (2026.06) | 2026-08-12: 지급수단별ㆍ지급기간별지급금액및분쟁조정기구에관한사항 | 2026-08-11: 특수관계인에대한자금대여 | 2026-08-11: 금전대여결정              ,4
에스엠벡셀,010580,0,OK,,,,2026-08-20: 최대주주등소유주식변동신고서               | 2026-08-20: 주식등의대량보유상황보고서(일반) | 2026-08-20: 임원ㆍ주요주주특정증권등소유상황보고서 | 2026-08-14: 반기보고서 (2026.06) | 2026-08-14: 지급수단별ㆍ지급기간별지급금액및분쟁조정기구에관한사항,14
애니메디솔루션,390110,0,OK,,,,2026-08-06: [기재정정]임원ㆍ주요주주특정증권등소유상황보고서 | 2026-08-05: 주식등의대량보유상황보고서(약식) | 2026-08-04: 임원ㆍ주요주주특정증권등소유상황보고서 | 2026-08-03: 임원ㆍ주요주주특정증권등소유상황보고서,4
HC홈센타,060560,0,OK,,,,2026-08-14: 반기보고서 (2026.06) | 2026-08-06: 주식등의대량보유상황보고서(일반) | 2026-07-27: 주식등의대량보유상황보고서(일반),3
뉴로핏,380550,0,OK,,,,2026-08-14: 반기보고서 (2026.06) | 2026-08-04: [기재정정]주식매수선택권부여에관한신고 | 2026-08-04: 주식매수선택권부여에관한신고,3
라피치,403360,0,OK,,,,2026-08-14: 반기보고서 (2026.06) | 2026-08-13: 주식등의대량보유상황보고서(약식) | 2026-07-24: 증권발행결과(자율공시)              ,3
아비코전자,036010,0,OK,,,,2026-08-14: 반기보고서 (2026.06) | 2026-08-06: [기재정정]주식등의대량보유상황보고서(일반) | 2026-08-05: 임원ㆍ주요주주특정증권등소유상황보고서 | 2026-08-05: 임원ㆍ주요주주특정증권등소유상황보고서 | 2026-08-05: 주식등의대량보유상황보고서(일반),5
시너지이노베이션,048870,0,OK,,,,2026-08-14: 반기보고서 (2026.06) | 2026-08-04: [기재정정]주요사항보고서(타법인주식및출자증권양도결정) | 2026-07-29: [기재정정]주요사항보고서(타법인주식및출자증권양도결정),3
강스템바이오텍,217730,0,OK,,,,2026-08-13: 반기보고서 (2026.06) | 2026-07-28: 기업설명회(IR)개최               | 2026-07-28: 투자판단관련주요경영사항(임상시험결과)              (퓨어스템-오에이 키트 주(FURESTEM-OA Kit Inj.)(OSCA) 제2a상 임상시험 Topline data 수령),3
SM Life Design,063440,0,OK,,,,2026-08-14: [기재정정]반기보고서 (2026.06) | 2026-08-13: 지급수단별ㆍ지급기간별지급금액및분쟁조정기구에관한사항 | 2026-08-04: 반기보고서 (2026.06),3
해성옵틱스,076610,0,OK,,,,2026-08-18: 파생상품거래손실발생               | 2026-08-14: 반기보고서 (2026.06) | 2026-07-31: [기재정정]사업보고서 (2025.12) | 2026-07-27: 타인에대한채무보증결정              ,4
산은캐피탈,008270,0,OK,,,,2026-08-21: 투자설명서(일괄신고) | 2026-08-21: 일괄신고추가서류 | 2026-08-14: [기재정정]일괄신고서 | 2026-08-14: 반기보고서 (2026.06) | 2026-08-07: 증권발행실적보고서,8
피아이이,452450,0,OK,,,,2026-08-14: 파생상품거래손실발생               | 2026-08-13: 반기보고서 (2026.06) | 2026-08-12: 금전대여결정              ,3
한국파마,032300,0,OK,,,,2026-08-13: 반기보고서 (2026.06) | 2026-08-04: 주식등의대량보유상황보고서(일반) | 2026-07-24: 주식등의대량보유상황보고서(일반),3
이수페타시스,007660,0,OK,,,,2026-08-14: 반기보고서 (2026.06) | 2026-08-10: 기업설명회(IR)개최(안내공시)               | 2026-08-06: 주식등의대량보유상황보고서(일반),3
아이티센엔텍,010280,0,OK,,,,2026-08-13: 반기보고서 (2026.06) | 2026-08-07: 금전대여결정               | 2026-08-07: [기재정정]타인에대한채무보증결정              ,3
슈피겐코리아,192440,0,OK,,,,2026-08-21: 임원ㆍ주요주주특정증권등소유상황보고서 | 2026-08-21: 주식등의대량보유상황보고서(일반) | 2026-08-14: 반기보고서 (2026.06) | 2026-08-10: 임원ㆍ주요주주특정증권등소유상황보고서 | 2026-08-04: 자기주식처분결과보고서,5
삼영,003720,0,OK,,,,2026-08-13: 반기보고서 (2026.06) | 2026-08-10: 주요사항보고서(유형자산양수결정) | 2026-08-03: 최대주주등소유주식변동신고서               | 2026-08-03: 주식등의대량보유상황보고서(일반),4
라온텍,418420,0,OK,,,,2026-08-21: 임원ㆍ주요주주특정증권등소유상황보고서 | 2026-08-21: 주식등의대량보유상황보고서(일반) | 2026-08-14: 반기보고서 (2026.06),3
롯데리츠,330590,0,OK,,,,2026-08-20: 임원ㆍ주요주주특정증권등소유상황보고서 | 2026-08-14: 증권발행실적보고서 | 2026-08-14: 투자설명서 | 2026-08-13: [기재정정]부동산투자회사자금차입               | 2026-08-13: [발행조건확정]증권신고서(채무증권),16
미원화학,134380,0,OK,,,,2026-08-14: 반기보고서 (2026.06) | 2026-07-27: 최대주주등소유주식변동신고서               | 2026-07-24: [기재정정]최대주주등소유주식변동신고서              ,3
체시스,033250,0,OK,,,,2026-08-14: 반기보고서 (2026.06) | 2026-08-11: 주식등의대량보유상황보고서(일반) | 2026-08-07: 최대주주등소유주식변동신고서              ,3
대성산업,128820,0,OK,,,,2026-08-20: 임원ㆍ주요주주특정증권등소유상황보고서 | 2026-08-14: 반기보고서 (2026.06) | 2026-08-05: 임원ㆍ주요주주특정증권등소유상황보고서,3
한컴위드,054920,0,OK,,,,2026-08-14: 반기보고서 (2026.06) | 2026-08-14: [기재정정]사업보고서 (2025.12) | 2026-08-05: 주식등의대량보유상황보고서(일반) | 2026-07-29: 주식등의대량보유상황보고서(일반),4
엔젠바이오,354200,0,OK,,,,2026-08-20: [기재정정]투자설명서 | 2026-08-20: [기재정정]증권신고서(지분증권) | 2026-08-14: 주식등의대량보유상황보고서(일반) | 2026-08-14: 임원ㆍ주요주주특정증권등소유상황보고서 | 2026-08-14: 파생상품거래손실발생              ,9
인선이엔티,060150,0,OK,,,,2026-08-21: 주식등의대량보유상황보고서(일반) | 2026-08-12: 반기보고서 (2026.06) | 2026-08-12: 지급수단별ㆍ지급기간별지급금액및분쟁조정기구에관한사항 | 2026-08-05: 본점소재지변경               | 2026-07-29: 주식등의대량보유상황보고서(일반),5
HC보광산업,225530,0,OK,,,,2026-08-14: 반기보고서 (2026.06) | 2026-08-05: 주식등의대량보유상황보고서(일반) | 2026-07-27: 주식등의대량보유상황보고서(일반),3
골프존홀딩스,121440,0,OK,,,,2026-08-20: [기재정정]공개매수설명서 | 2026-08-20: [기재정정]공개매수신고서 | 2026-08-14: 반기보고서 (2026.06) | 2026-08-14: 임원ㆍ주요주주특정증권등소유상황보고서 | 2026-08-12: 주식등의대량보유상황보고서(일반),11
아시아나IDT,267850,0,OK,,,,2026-08-12: 반기보고서 (2026.06) | 2026-08-12: 지급수단별ㆍ지급기간별지급금액및분쟁조정기구에관한사항 | 2026-07-24: [기재정정]중대재해발생              ,3
자이언트스텝,289220,0,OK,,,,2026-08-14: [기재정정]주식매수선택권부여에관한신고 | 2026-08-14: [기재정정]주식매수선택권부여에관한신고 | 2026-08-14: 반기보고서 (2026.06),3
AJ네트웍스,095570,0,OK,,,,2026-08-14: 반기보고서 (2026.06) | 2026-08-14: 주식등의대량보유상황보고서(일반) | 2026-07-31: 최대주주등소유주식변동신고서               | 2026-07-31: 주식등의대량보유상황보고서(일반),4
에임드바이오,0009K0,0,OK,,,,2026-08-21: [기재정정]투자판단관련주요경영사항(임상시험계획승인신청등결정)              (BI 4060107 (ODS025)의 제 1상 임상시험계획 승인) | 2026-08-18: [기재정정]투자판단관련주요경영사항(임상시험계획승인신청등결정)              (BI 4060107 (ODS025)의 제 1상 임상시험계획 승인) | 2026-08-12: 반기보고서 (2026.06) | 2026-08-10: [기재정정]투자판단관련주요경영사항(임상시험계획승인신청)              (BI 4060107 (ODS025)의 제 1상 임상시험계획 승인 신청),4
우림피티에스,101170,0,OK,,,,2026-08-19: 주주명부폐쇄기간또는기준일설정               | 2026-08-19: 주주총회소집결의              (임시주주총회) | 2026-08-14: 반기보고서 (2026.06) | 2026-08-03: 주식등의대량보유상황보고서(일반) | 2026-07-30: 주식등의대량보유상황보고서(일반),6
한솔케미칼,014680,0,OK,,,,2026-08-14: 지급수단별ㆍ지급기간별지급금액및분쟁조정기구에관한사항 | 2026-08-13: 반기보고서 (2026.06) | 2026-08-04: 주식등의대량보유상황보고서(일반) | 2026-07-30: 최대주주등소유주식변동신고서              ,4
한울소재과학,091440,0,OK,,,,2026-08-14: 반기보고서 (2026.06) | 2026-08-12: 독립이사의선임ㆍ해임또는중도퇴임에관한신고 | 2026-08-12: 임시주주총회결과               | 2026-08-12: [기재정정]주식등의대량보유상황보고서(약식) | 2026-08-10: 주식등의대량보유상황보고서(약식),9
마음AI,377480,0,OK,,,,2026-08-14: 반기보고서 (2026.06) | 2026-08-10: 주주명부폐쇄기간또는기준일설정               | 2026-08-10: 주주총회소집결의              (임시주주총회),3
포커스에이아이,331380,0,OK,,,,2026-08-21: [기재정정]임원ㆍ주요주주특정증권등소유상황보고서 | 2026-08-21: [기재정정]유형자산처분결정(자율공시)               | 2026-08-20: 증권발행결과(자율공시)              (제3자배정 유상증자) | 2026-08-14: 반기보고서 (2026.06) | 2026-08-14: [기재정정]분기보고서 (2026.03),6
그리드위즈,453450,0,OK,,,,2026-08-14: 반기보고서 (2026.06) | 2026-08-11: 주식등의대량보유상황보고서(일반) | 2026-08-03: 주식등의대량보유상황보고서(일반),3
에스바이오메딕스,304360,0,OK,,,,2026-08-14: 반기보고서 (2026.06) | 2026-08-13: 전환가액의조정              (제5회차) | 2026-08-13: 전환사채(해외전환사채포함)발행후만기전사채취득              (제5회차),3
디티앤씨알오,383930,0,OK,,,,2026-08-20: [기재정정]전환가액의조정               | 2026-08-20: 신주인수권행사가액의조정               | 2026-08-20: 신주인수권행사가액의조정               | 2026-08-20: 전환가액의조정               | 2026-08-14: 반기보고서 (2026.06),5
한국비티비,219750,0,OK,,,,2026-08-14: 반기보고서 (2026.06) | 2026-07-27: 주식등의대량보유상황보고서(일반) | 2026-07-27: 임원ㆍ주요주주특정증권등소유상황보고서,3
한국토지신탁,034830,0,OK,,,,2026-08-14: 주식등의대량보유상황보고서(일반) | 2026-08-13: 반기보고서 (2026.06) | 2026-07-31: 주식등의대량보유상황보고서(일반) | 2026-07-24: 주식등의대량보유상황보고서(일반),4
케이지에이,455180,0,OK,,,,2026-08-18: 주식등의대량보유상황보고서(약식) | 2026-08-14: 반기보고서 (2026.06) | 2026-07-28: 주식등의대량보유상황보고서(약식),3
동화약품,000020,0,OK,,,,2026-08-14: [기재정정]반기보고서 (2026.06) | 2026-08-14: 반기보고서 (2026.06) | 2026-08-11: 주식등의대량보유상황보고서(일반) | 2026-07-30: 공정거래자율준수프로그램운영현황(안내공시)              ,4
OCI,456040,0,OK,,,,2026-08-13: 지급수단별ㆍ지급기간별지급금액및분쟁조정기구에관한사항 | 2026-08-13: 반기보고서 (2026.06) | 2026-08-11: 신탁계약해지결과보고서 | 2026-08-10: 주요사항보고서(자기주식취득신탁계약해지결정),4
대신밸류리츠,0030R0,0,OK,,,,2026-08-18: 임원ㆍ주요주주특정증권등소유상황보고서 | 2026-08-14: 주주명부폐쇄기간또는기준일설정               | 2026-08-13: 정기주주총회결과               | 2026-08-10: 임원ㆍ주요주주특정증권등소유상황보고서 | 2026-08-05: 사업보고서 (2026.05),11
우양,103840,0,OK,,,,2026-08-14: 반기보고서 (2026.06) | 2026-08-04: 주식등의대량보유상황보고서(약식) | 2026-07-30: 전환사채(해외전환사채포함)발행후만기전사채취득              ,3
리튬포어스,073570,0,OK,,,,2026-08-14: 반기보고서 (2026.06) | 2026-08-05: 주주명부폐쇄기간또는기준일설정               | 2026-08-05: 주주총회소집결의              (임시주주총회),3
도화엔지니어링,002150,0,OK,,,,2026-08-13: 반기보고서 (2026.06) | 2026-08-11: 타법인주식및출자증권처분결정(자율공시)(종속회사의주요경영사항)               | 2026-08-11: 타법인주식및출자증권처분결정(자율공시)(종속회사의주요경영사항)               | 2026-07-29: 임원ㆍ주요주주특정증권등소유상황보고서,4
성창기업지주,000180,0,OK,,,,2026-08-14: 반기보고서 (2026.06) | 2026-08-03: 주식등의대량보유상황보고서(일반) | 2026-08-03: 최대주주등소유주식변동신고서               | 2026-07-29: 합병등종료보고서(합병),4
아이텍,119830,0,OK,,,,2026-08-14: 반기보고서 (2026.06) | 2026-08-11: 전환가액의조정               | 2026-07-31: 주요사항보고서(자기전환사채만기전취득결정) | 2026-07-30: 주식등의대량보유상황보고서(일반) | 2026-07-27: 주식등의대량보유상황보고서(일반),5
휴마시스,205470,0,OK,,,,2026-08-14: 주식등의대량보유상황보고서(일반) | 2026-08-14: 주주명부폐쇄기간또는기준일설정               | 2026-08-14: 주주총회소집결의              (임시주주총회) | 2026-08-14: 임원ㆍ주요주주특정증권등소유상황보고서 | 2026-08-14: 반기보고서 (2026.06),6
킵스파마,256940,0,OK,,,,2026-08-18: 파생상품거래손실발생               | 2026-08-14: 반기보고서 (2026.06) | 2026-07-24: 주식등의대량보유상황보고서(일반),3
에이팩트,200470,0,OK,,,,2026-08-18: 영업실적등에대한전망(공정공시)               | 2026-08-14: 반기보고서 (2026.06) | 2026-08-12: [기재정정]전환청구권행사               | 2026-08-12: [기재정정]전환청구권행사               | 2026-08-10: 의결권대리행사권유참고서류,7
청담글로벌,362320,0,OK,,,,2026-08-14: 반기보고서 (2026.06) | 2026-08-03: 주식등의대량보유상황보고서(일반) | 2026-08-03: 주식등의대량보유상황보고서(일반),3
아이엘,307180,0,OK,,,,2026-08-19: 주식매수선택권부여에관한신고 | 2026-08-19: 임시주주총회결과               | 2026-08-19: 주식등의대량보유상황보고서(일반) | 2026-08-12: 반기보고서 (2026.06) | 2026-08-04: 주주총회소집공고,6
인성정보,033230,0,OK,,,,2026-08-14: 반기보고서 (2026.06) | 2026-08-13: [기재정정]주식매수선택권부여에관한신고 | 2026-08-13: [기재정정]주식매수선택권부여에관한신고 | 2026-08-13: [기재정정]주식매수선택권부여에관한신고 | 2026-08-13: [기재정정]주식매수선택권부여에관한신고,6
페스카로,0015S0,0,OK,,,,2026-08-18: [기재정정]반기보고서 (2026.06) | 2026-08-14: 반기보고서 (2026.06) | 2026-08-06: 임시주주총회결과              ,3
메디콕스,054180,0,OK,,,,2026-08-19: 타인에대한채무보증결정               | 2026-08-19: 타인에대한담보제공결정               | 2026-08-14: 반기검토(감사)의견부적정등사실확인(자본잠식률100분의50이상또는자기자본10억원미만포함)               | 2026-08-14: 반기보고서 (2026.06) | 2026-08-10: 기타시장안내              (개선기간 종료에 따른 상장폐지 여부 결정 안내),5
티케이케미칼,104480,0,OK,,,,2026-08-13: 반기보고서 (2026.06) | 2026-08-13: 지급수단별ㆍ지급기간별지급금액및분쟁조정기구에관한사항 | 2026-08-11: 주식등의대량보유상황보고서(일반) | 2026-08-06: 주식등의대량보유상황보고서(일반),4
지투파워,388050,0,OK,,,,2026-08-21: [기재정정]거래처와의거래중단               | 2026-08-14: 반기보고서 (2026.06) | 2026-07-31: [기재정정]사업보고서 (2025.12),3
피엠티,147760,0,OK,,,,2026-08-13: [기재정정]반기보고서 (2026.06) | 2026-08-13: [기재정정]반기보고서 (2026.06) | 2026-08-13: 반기보고서 (2026.06),3
매커스,093520,0,OK,,,,2026-08-14: 주식등의대량보유상황보고서(약식) | 2026-08-13: 반기보고서 (2026.06) | 2026-08-11: 임원ㆍ주요주주특정증권등소유상황보고서,3
스맥,099440,0,OK,,,,2026-08-14: [첨부추가]반기보고서 (2026.06) | 2026-08-14: 기타경영사항(자율공시)              (회계장부 등 열람등사 가처분 이의신청에 대한 결정) | 2026-07-27: 주식등의대량보유상황보고서(일반),3
두산테스나,131970,0,OK,,,,2026-08-14: [기재정정]지급수단별ㆍ지급기간별지급금액및분쟁조정기구에관한사항 | 2026-08-14: 반기보고서 (2026.06) | 2026-08-14: 지급수단별ㆍ지급기간별지급금액및분쟁조정기구에관한사항,3
HLB생명과학,067630,0,OK,,,,2026-08-20: 교환가액의조정              (제16회차) | 2026-08-14: 전환사채(해외전환사채포함)발행후만기전사채취득              (제13회차) | 2026-08-13: 반기보고서 (2026.06),3
엘리비젼,276240,0,OK,,,,2026-08-12: 주주명부폐쇄기간또는기준일설정               | 2026-08-12: 주주총회소집결의               | 2026-08-12: 주요사항보고서(주식교환ㆍ이전결정),3
아즈텍WB,032080,0,OK,,,,2026-08-14: 반기보고서 (2026.06) | 2026-08-14: 임시주주총회결과               | 2026-08-12: 임원ㆍ주요주주특정증권등소유상황보고서 | 2026-08-12: 임원ㆍ주요주주특정증권등소유상황보고서 | 2026-08-05: 주식등의대량보유상황보고서(일반),9
태림포장,011280,0,OK,,,,2026-08-14: 반기보고서 (2026.06) | 2026-08-13: [기재정정]지급수단별ㆍ지급기간별지급금액및분쟁조정기구에관한사항 | 2026-08-11: 지급수단별ㆍ지급기간별지급금액및분쟁조정기구에관한사항,3
라온시큐어,042510,0,OK,,,,2026-08-14: 반기보고서 (2026.06) | 2026-08-05: 신탁계약해지결과보고서 | 2026-08-04: 주요사항보고서(자기주식취득신탁계약해지결정),3
씨큐브,101240,0,OK,,,,2026-08-14: 반기보고서 (2026.06) | 2026-08-10: 주식등의대량보유상황보고서(약식) | 2026-07-31: 전환사채(해외전환사채포함)발행후만기전사채취득              ,3
신화인터텍,056700,0,OK,,,,2026-08-13: 반기보고서 (2026.06) | 2026-08-04: 지급수단별ㆍ지급기간별지급금액및분쟁조정기구에관한사항 | 2026-07-30: 동일인등출자계열회사와의상품ㆍ용역거래변경,3
케이엔에스,432470,0,OK,,,,2026-08-12: 반기보고서 (2026.06) | 2026-08-07: 주식등의대량보유상황보고서(일반) | 2026-08-07: 임원ㆍ주요주주특정증권등소유상황보고서,3
세림B&G,340440,0,OK,,,,2026-08-14: 반기보고서 (2026.06) | 2026-08-10: 임시주주총회결과               | 2026-07-24: 주주총회소집공고,3
스톤브릿지벤처스,330730,0,OK,,,,2026-08-14: 반기보고서 (2026.06) | 2026-07-31: [기재정정]투자판단관련주요경영사항              (스톤브릿지 AI글로벌 제1호 및 2호 투자조합 결성) | 2026-07-30: 투자판단관련주요경영사항              (스톤브릿지 AI글로벌 제1호 및 2호 투자조합 결성),3
인베니아,079950,0,OK,,,,2026-08-14: 반기보고서 (2026.06) | 2026-08-06: [기재정정]불성실공시법인지정예고              (공시불이행) | 2026-08-06: 주식등의대량보유상황보고서(약식) | 2026-07-27: 주식등의대량보유상황보고서(일반) | 2026-07-27: 임원ㆍ주요주주특정증권등소유상황보고서,6
엠케이전자,033160,0,OK,,,,2026-08-21: 주식등의대량보유상황보고서(약식) | 2026-08-18: 주식등의대량보유상황보고서(약식) | 2026-08-14: 주식등의대량보유상황보고서(일반) | 2026-08-13: 전환청구권행사               | 2026-08-13: 기업설명회(IR)개최              ,9
중앙에너비스,000440,0,OK,,,,2026-08-13: 반기보고서 (2026.06) | 2026-07-30: [첨부정정]사업보고서 (2025.12) | 2026-07-30: [첨부정정]사업보고서 (2025.12) | 2026-07-30: [기재정정]사업보고서 (2025.12),4
리파인,377450,0,OK,,,,2026-08-18: 공개매수설명서 | 2026-08-18: 공개매수신고서 | 2026-08-14: 반기보고서 (2026.06) | 2026-07-31: 임원ㆍ주요주주특정증권등소유상황보고서 | 2026-07-31: 임원ㆍ주요주주특정증권등소유상황보고서,5
아이디스,143160,0,OK,,,,2026-08-20: 임원ㆍ주요주주특정증권등소유상황보고서 | 2026-08-14: 반기보고서 (2026.06) | 2026-07-30: 주식등의대량보유상황보고서(일반),3
유진증권,001200,0,OK,,,,2026-08-21: 투자설명서(일괄신고) | 2026-08-21: 투자설명서(일괄신고) | 2026-08-21: 일괄신고추가서류(파생결합증권-주가연계증권) | 2026-08-21: 일괄신고추가서류(파생결합사채-주가연계파생결합사채) | 2026-08-14: [기재정정]일괄신고서(기타파생결합사채),24
스모트로닉,066590,0,OK,,,,2026-08-14: 반기보고서 (2026.06) | 2026-08-06: 임원ㆍ주요주주특정증권등소유상황보고서 | 2026-07-29: 임원ㆍ주요주주특정증권등소유상황보고서 | 2026-07-28: [기재정정]사업보고서 (2025.12) | 2026-07-28: 임원ㆍ주요주주특정증권등소유상황보고서,5
대원전선,006340,0,OK,,,,2026-08-12: 반기보고서 (2026.06) | 2026-07-31: 주식등의대량보유상황보고서(일반) | 2026-07-31: 임원ㆍ주요주주특정증권등소유상황보고서 | 2026-07-31: 임원ㆍ주요주주특정증권등소유상황보고서 | 2026-07-31: 임원ㆍ주요주주특정증권등소유상황보고서,6
전진건설로봇,079900,0,OK,,,,2026-08-13: 반기보고서 (2026.06) | 2026-07-31: 독립이사의선임ㆍ해임또는중도퇴임에관한신고 | 2026-07-31: 임시주주총회결과              ,3
대한화섬,003830,0,OK,,,,2026-08-14: 반기보고서 (2026.06) | 2026-08-14: 동일인등출자계열회사와의상품ㆍ용역거래 | 2026-08-14: 동일인등출자계열회사와의상품ㆍ용역거래변경 | 2026-08-12: 지급수단별ㆍ지급기간별지급금액및분쟁조정기구에관한사항,4
신화프리텍,095190,0,OK,,,,2026-08-14: 반기보고서 (2026.06) | 2026-07-28: 주식등의대량보유상황보고서(일반) | 2026-07-24: 주식등의대량보유상황보고서(일반),3
크리스에프앤씨,110790,0,OK,,,,2026-08-14: 반기보고서 (2026.06) | 2026-08-12: 금전대여결정               | 2026-07-31: 교환사채(해외교환사채포함)발행후만기전사채취득               | 2026-07-31: 전환사채(해외전환사채포함)발행후만기전사채취득              ,4
대동스틸,048470,0,OK,,,,2026-08-14: 반기보고서 (2026.06) | 2026-07-29: 임원ㆍ주요주주특정증권등거래계획보고서 | 2026-07-29: 임원ㆍ주요주주특정증권등거래계획보고서 | 2026-07-29: 임원ㆍ주요주주특정증권등거래계획보고서,4
아리바이오LAB,261780,0,OK,,,,2026-08-14: 반기보고서 (2026.06) | 2026-08-07: 주식등의대량보유상황보고서(일반) | 2026-08-05: 임시주주총회결과               | 2026-07-31: [기재정정]주식매수선택권부여에관한신고 | 2026-07-31: [기재정정]주식매수선택권부여에관한신고,6
인크레더블버즈,064090,0,OK,,,,2026-08-14: 기타시장안내              (투자주의 환기종목 지정 사유 추가 관련 시장조치 미진행) | 2026-08-14: 반기보고서 (2026.06) | 2026-08-14: 반기검토(감사)의견부적정등사실확인(자본잠식률100분의50이상또는자기자본10억원미만포함)              ,3
모비릭스,348030,0,OK,,,,2026-08-14: 반기보고서 (2026.06) | 2026-08-13: [기재정정]주식매수선택권부여에관한신고 | 2026-08-13: [기재정정]주식매수선택권부여에관한신고,3
에이프로젠바이오로직스,003060,0,OK,,,,2026-08-21: 주식등의대량보유상황보고서(일반) | 2026-08-13: 반기보고서 (2026.06) | 2026-08-11: 주식등의대량보유상황보고서(일반) | 2026-08-07: 주식등의대량보유상황보고서(일반) | 2026-07-31: 최대주주등소유주식변동신고서              ,9
인산가,277410,0,OK,,,,2026-08-14: 반기보고서 (2026.06) | 2026-08-14: 독립이사의선임ㆍ해임또는중도퇴임에관한신고 | 2026-08-10: 신주인수권부사채(해외신주인수권부사채포함)발행후만기전사채취득               | 2026-07-30: 주식등의대량보유상황보고서(약식) | 2026-07-29: 주식등의대량보유상황보고서(일반),5
토니모리,214420,0,OK,,,,2026-08-14: 반기보고서 (2026.06) | 2026-08-03: 임원ㆍ주요주주특정증권등거래계획보고서 | 2026-08-03: 임원ㆍ주요주주특정증권등거래계획보고서,3
글로벌텍스프리,204620,0,OK,,,,2026-08-14: 반기보고서 (2026.06) | 2026-08-10: 주식등의대량보유상황보고서(약식) | 2026-08-07: 주식등의대량보유상황보고서(약식),3
한양증권,001750,0,OK,,,,2026-08-21: 유형자산처분결정(자율공시)               | 2026-08-14: 반기보고서 (2026.06) | 2026-07-27: 임원ㆍ주요주주특정증권등소유상황보고서,3
리메드,302550,0,OK,,,,2026-08-20: 주식등의대량보유상황보고서(일반) | 2026-08-12: [첨부추가]반기보고서 (2026.06) | 2026-08-04: 주요사항보고서(자기주식취득신탁계약체결결정) | 2026-08-03: 주요사항보고서(자기주식취득신탁계약해지결정) | 2026-08-03: 신탁계약해지결과보고서,6
우신시스템,017370,0,OK,,,,2026-08-20: 타인에대한채무보증결정               | 2026-08-14: 반기보고서 (2026.06) | 2026-07-28: 주식등의대량보유상황보고서(일반),3
엘티씨,170920,0,OK,,,,2026-08-13: 반기보고서 (2026.06) | 2026-08-13: [기재정정]사업보고서 (2025.12) | 2026-08-03: 주식등의대량보유상황보고서(약식),3
동서,026960,0,OK,,,,2026-08-13: 반기보고서 (2026.06) | 2026-07-31: 주식등의대량보유상황보고서(일반) | 2026-07-31: 최대주주등소유주식변동신고서               | 2026-07-31: 임원ㆍ주요주주특정증권등소유상황보고서,4
네이처셀,007390,0,OK,,,,2026-08-14: 반기보고서 (2026.06) | 2026-08-07: 증권발행결과(자율공시)               | 2026-08-03: 주식매수선택권부여에관한신고 | 2026-07-31: 기타경영사항(자율공시)              (조인트스템 품목허가 반려처분 취소소송 관련 피고 항소 제기),4
유라클,088340,0,OK,,,,2026-08-20: 임원ㆍ주요주주특정증권등소유상황보고서 | 2026-08-20: 주식등의대량보유상황보고서(일반) | 2026-08-14: 반기보고서 (2026.06) | 2026-08-03: 주식등의대량보유상황보고서(일반) | 2026-08-03: 임원ㆍ주요주주특정증권등소유상황보고서,8
소프트캠프,258790,0,OK,,,,2026-08-14: 반기보고서 (2026.06) | 2026-08-12: 주식등의대량보유상황보고서(일반) | 2026-08-12: 임원ㆍ주요주주특정증권등소유상황보고서 | 2026-08-10: 주식등의대량보유상황보고서(일반) | 2026-08-10: 임원ㆍ주요주주특정증권등소유상황보고서,10
한선엔지니어링,452280,0,OK,,,,2026-08-14: 반기보고서 (2026.06) | 2026-07-31: 주식등의대량보유상황보고서(일반) | 2026-07-31: 임원ㆍ주요주주특정증권등소유상황보고서,3
예선테크,250930,0,OK,,,,2026-08-21: 임원ㆍ주요주주특정증권등소유상황보고서 | 2026-08-21: 임원ㆍ주요주주특정증권등소유상황보고서 | 2026-08-14: 반기보고서 (2026.06),3
하이로닉,149980,0,OK,,,,2026-08-14: 반기보고서 (2026.06) | 2026-08-11: 주식매수선택권부여에관한신고 | 2026-08-04: 임원ㆍ주요주주특정증권등소유상황보고서,3
부국증권,001270,0,OK,,,,2026-08-21: 임원ㆍ주요주주특정증권등소유상황보고서 | 2026-08-21: 주식등의대량보유상황보고서(일반) | 2026-08-14: [첨부정정]반기보고서 (2026.06) | 2026-08-14: 반기보고서 (2026.06) | 2026-08-14: 임원ㆍ주요주주특정증권등소유상황보고서,12
바이오다인,314930,0,OK,,,,2026-08-14: 주식등의대량보유상황보고서(일반) | 2026-08-14: 반기보고서 (2026.06) | 2026-08-03: 금전대여결정(자율공시)              ,3
동부건설,005960,0,OK,,,,2026-08-14: 주식등의대량보유상황보고서(일반) | 2026-08-13: 반기보고서 (2026.06) | 2026-08-07: 투자판단관련주요경영사항              ,3
신한지주,055550,0,OK,,,,2026-08-19: 기업설명회(IR)개최(안내공시)               | 2026-08-19: 기업설명회(IR)개최(안내공시)               | 2026-08-19: 기업설명회(IR)개최(안내공시)               | 2026-08-19: 기업설명회(IR)개최(안내공시)               | 2026-08-14: [기재정정]일괄신고서,14
지슨,446840,0,OK,,,,2026-08-12: 반기보고서 (2026.06) | 2026-08-10: 임원ㆍ주요주주특정증권등소유상황보고서 | 2026-08-07: 독립이사의선임ㆍ해임또는중도퇴임에관한신고 | 2026-08-04: 임원ㆍ주요주주특정증권등소유상황보고서 | 2026-08-04: 임원ㆍ주요주주특정증권등소유상황보고서,6
케이옥션,102370,0,OK,,,,2026-08-21: 임원ㆍ주요주주특정증권등소유상황보고서 | 2026-08-20: 주주명부폐쇄기간또는기준일설정               | 2026-08-20: 주주총회소집결의              (임시주주총회) | 2026-08-14: 반기보고서 (2026.06) | 2026-07-29: 주식등의대량보유상황보고서(일반),5
일진디스플,020760,0,OK,,,,2026-08-14: 반기보고서 (2026.06) | 2026-08-05: 임원ㆍ주요주주특정증권등소유상황보고서 | 2026-08-04: 주식등의대량보유상황보고서(일반),3
대주전자재료,078600,0,OK,,,,2026-08-14: 반기보고서 (2026.06) | 2026-08-11: 임원ㆍ주요주주특정증권등소유상황보고서 | 2026-08-07: 주식등의대량보유상황보고서(약식) | 2026-07-29: [기재정정]주식매수선택권부여에관한신고,4
남화산업,111710,0,OK,,,,2026-08-14: 반기보고서 (2026.06) | 2026-08-03: 주식등의대량보유상황보고서(일반) | 2026-08-03: 임원ㆍ주요주주특정증권등소유상황보고서,3
우리기술,032820,0,🚨 YES,주요사항보고서(전환사채권발행결정),[기재정정]단일판매ㆍ공급계약체결              (+5) | 단일판매ㆍ공급계약체결(자율공시)              (+5) | [기재정정]단일판매ㆍ공급계약체결              (+5),주요사항보고서(전환사채권발행결정)(-15),2026-08-21: [기재정정]단일판매ㆍ공급계약체결               | 2026-08-20: 단일판매ㆍ공급계약체결(자율공시)               | 2026-08-14: 반기보고서 (2026.06) | 2026-08-13: 증권발행결과(자율공시)               | 2026-08-11: 주식등의대량보유상황보고서(약식),7
월덱스,101160,0,OK,,,,2026-08-14: 반기보고서 (2026.06) | 2026-07-31: 주주명부폐쇄기간또는기준일설정               | 2026-07-31: 주주총회소집결의              (임시주주총회) | 2026-07-27: 주요사항보고서(자기주식취득신탁계약체결결정),4
오토앤,353590,0,OK,,,,2026-08-14: 반기보고서 (2026.06) | 2026-08-12: 임원ㆍ주요주주특정증권등소유상황보고서 | 2026-08-04: 임원ㆍ주요주주특정증권등소유상황보고서 | 2026-07-27: 임원ㆍ주요주주특정증권등소유상황보고서 | 2026-07-27: 임원ㆍ주요주주특정증권등소유상황보고서,5
세아제강,306200,0,OK,,,,2026-08-14: 반기보고서 (2026.06) | 2026-08-14: 동일인등출자계열회사와의상품ㆍ용역거래변경 | 2026-08-06: 최대주주등소유주식변동신고서               | 2026-08-06: 임원ㆍ주요주주특정증권등소유상황보고서 | 2026-08-04: 지급수단별ㆍ지급기간별지급금액및분쟁조정기구에관한사항,5
보로노이,310210,0,OK,,,,2026-08-21: 기업설명회(IR)개최               | 2026-08-18: [기재정정]투자판단관련주요경영사항(임상시험계획변경승인)              (VRN110755의 제 1/2상 임상시험) | 2026-08-14: 반기보고서 (2026.06) | 2026-08-07: [기재정정]투자판단관련주요경영사항(임상시험계획변경승인신청)              (VRN110755의 제 1/2상 임상시험) | 2026-07-31: [기재정정]투자판단관련주요경영사항(임상시험계획변경승인)              (VRN110755의 제 1/2상 임상시험),7
쿠콘,294570,0,OK,,,,2026-08-14: 반기보고서 (2026.06) | 2026-08-12: 기업설명회(IR)개최               | 2026-08-05: 주요사항보고서(자기주식취득신탁계약체결결정) | 2026-07-30: 기업설명회(IR)개최              ,4
씨앤투스,352700,0,OK,,,,2026-08-14: 반기보고서 (2026.06) | 2026-07-28: 임원ㆍ주요주주특정증권등소유상황보고서 | 2026-07-28: 주식등의대량보유상황보고서(일반),3
아이티엠반도체,084850,0,OK,,,,2026-08-14: 반기보고서 (2026.06) | 2026-08-11: [기재정정]타인에대한채무보증결정               | 2026-08-10: 임원ㆍ주요주주특정증권등소유상황보고서 | 2026-08-05: 타인에대한채무보증결정               | 2026-07-31: 임원ㆍ주요주주특정증권등소유상황보고서,7
삼영에스앤씨,361670,0,OK,,,,2026-08-14: 임원ㆍ주요주주특정증권등소유상황보고서 | 2026-08-14: 반기보고서 (2026.06) | 2026-08-10: 주식등의대량보유상황보고서(일반) | 2026-08-10: 임원ㆍ주요주주특정증권등소유상황보고서 | 2026-08-10: 임원ㆍ주요주주특정증권등소유상황보고서,8
한진,002320,0,OK,,,,2026-08-14: 반기보고서 (2026.06) | 2026-08-14: 지급수단별ㆍ지급기간별지급금액및분쟁조정기구에관한사항 | 2026-07-27: 최대주주등소유주식변동신고서               | 2026-07-24: 전환가액ㆍ신주인수권행사가액ㆍ교환가액의조정(안내공시)              ,4
교보증권,030610,0,OK,,,,2026-08-21: 투자설명서(일괄신고) | 2026-08-21: 일괄신고추가서류(파생결합사채-주가연계파생결합사채) | 2026-08-21: 투자설명서(일괄신고) | 2026-08-21: 일괄신고추가서류(파생결합사채-주가연계파생결합사채) | 2026-08-21: 투자설명서(일괄신고),100
코이즈,121850,0,OK,,,,2026-08-18: 기타시장안내              (시가총액 미달에 따른 상장폐지 우려 관련 안내) | 2026-08-14: 반기보고서 (2026.06) | 2026-08-04: [기재정정]주주명부폐쇄기간또는기준일설정               | 2026-08-04: [기재정정]주주총회소집결의              (임시주주총회),4
JB금융지주,175330,0,OK,,,,2026-08-14: [기재정정]일괄신고서 | 2026-08-14: 반기보고서 (2026.06) | 2026-08-13: 증권발행실적보고서 | 2026-08-12: 투자설명서(일괄신고) | 2026-08-12: 일괄신고추가서류,7
에스티오,098660,0,OK,,,,2026-08-14: 반기보고서 (2026.06) | 2026-08-12: 수시공시의무관련사항(공정공시)              (주주가치 제고를 위한 배당 등 주주환원 정책 안내) | 2026-08-05: 주요사항보고서(자기주식취득신탁계약체결결정) | 2026-07-31: 신탁계약해지결과보고서 | 2026-07-30: 주요사항보고서(자기주식취득신탁계약해지결정),5
솔브레인,357780,0,OK,,,,2026-08-14: 반기보고서 (2026.06) | 2026-08-10: 주식등의대량보유상황보고서(일반) | 2026-07-31: 주요사항보고서(자기주식취득신탁계약체결결정) | 2026-07-27: 주식등의대량보유상황보고서(일반),4
경동도시가스,267290,0,OK,,,,2026-08-21: 대표이사(대표집행임원)변경(안내공시)               | 2026-08-21: 임시주주총회결과               | 2026-08-14: 반기보고서 (2026.06) | 2026-08-05: 의결권대리행사권유참고서류 | 2026-08-05: 주주총회소집공고,5
케어젠,214370,0,OK,,,,2026-08-14: 반기보고서 (2026.06) | 2026-07-31: 임원ㆍ주요주주특정증권등소유상황보고서 | 2026-07-29: 주식등의대량보유상황보고서(일반),3
아이엠뱅크,005270,0,OK,,,,2026-08-14: [기재정정]일괄신고서 | 2026-08-14: 반기보고서 (2026.06) | 2026-07-31: 증권발행실적보고서 | 2026-07-30: 투자설명서(일괄신고) | 2026-07-30: 일괄신고추가서류,5
이엔에프테크놀로지,102710,0,OK,,,,2026-08-13: 기업설명회(IR)개최               | 2026-08-13: 반기보고서 (2026.06) | 2026-08-07: 주식등의대량보유상황보고서(약식),3
LS증권,078020,0,OK,,,,2026-08-14: 지급수단별ㆍ지급기간별지급금액및분쟁조정기구에관한사항 | 2026-08-13: 반기보고서 (2026.06) | 2026-07-31: 소송등의판결ㆍ결정(자율공시:일정금액미만의청구)              ,3
삼천리,004690,0,OK,,,,2026-08-13: 반기보고서 (2026.06) | 2026-08-12: 지급수단별ㆍ지급기간별지급금액및분쟁조정기구에관한사항 | 2026-08-10: 특수관계인에대한출자 | 2026-07-24: 타법인주식및출자증권취득결정               | 2026-07-24: 특수관계인에대한출자,5
농심,004370,0,OK,,,,2026-08-14: 반기보고서 (2026.06) | 2026-08-13: 지급수단별ㆍ지급기간별지급금액및분쟁조정기구에관한사항 | 2026-07-28: 기업가치제고계획(자율공시)              (2026년),3
손오공,066910,0,OK,,,,2026-08-19: 주주총회소집공고 | 2026-08-19: [기재정정]주주총회소집결의              (임시주주총회) | 2026-08-14: 반기보고서 (2026.06) | 2026-08-10: 주식등의대량보유상황보고서(약식) | 2026-08-05: 합병등종료보고서(합병),5
센코,347000,0,OK,,,,2026-08-14: [기재정정]투자판단관련주요경영사항              (2024년 경산시 강소형 스마트도시 조성사업 협약 체결) | 2026-08-14: 반기보고서 (2026.06) | 2026-07-30: [기재정정]주요사항보고서(유형자산양도결정),3
서울식품공업,004410,0,OK,,,,2026-08-21: 최대주주등소유주식변동신고서               | 2026-08-14: 반기보고서 (2026.06) | 2026-08-13: 주식등의대량보유상황보고서(일반),3
DRB동일,004840,0,OK,,,,2026-08-14: 반기보고서 (2026.06) | 2026-08-13: 주식등의대량보유상황보고서(약식) | 2026-08-12: 공정거래자율준수프로그램운영현황(안내공시)              ,3
흥국화재,000540,0,OK,,,,2026-08-18: [기재정정]반기보고서 (2026.06) | 2026-08-14: 반기보고서 (2026.06) | 2026-08-14: 지급수단별ㆍ지급기간별지급금액및분쟁조정기구에관한사항,3
국일제지,078130,0,OK,,,,2026-08-18: 주주총회소집공고 | 2026-08-14: 반기보고서 (2026.06) | 2026-08-12: 지급수단별ㆍ지급기간별지급금액및분쟁조정기구에관한사항,3
에이비엘바이오,298380,0,OK,,,,2026-08-11: 반기보고서 (2026.06) | 2026-08-04: 주식등의대량보유상황보고서(일반) | 2026-07-28: [기재정정]투자판단관련주요경영사항(임상시험계획변경승인)              (이중항체 면역항암제 ABL503의 제1상 임상시험계획 (IND) 변경승인),3
본시스템즈,496320,0,OK,,,,2026-08-20: 주주명부폐쇄기간또는기준일설정               | 2026-08-20: 주주총회소집결의               | 2026-08-04: [기재정정]사업보고서 (2025.12),3
다우기술,023590,0,OK,,,,2026-08-19: 주식등의대량보유상황보고서(일반) | 2026-08-14: 반기보고서 (2026.06) | 2026-08-12: 지급수단별ㆍ지급기간별지급금액및분쟁조정기구에관한사항 | 2026-08-12: [기재정정]특수관계인과의수익증권거래 | 2026-08-12: 합병등종료보고서(합병),5
삼진엘앤디,054090,0,OK,,,,2026-08-20: 임원ㆍ주요주주특정증권등소유상황보고서 | 2026-08-19: 임원ㆍ주요주주특정증권등소유상황보고서 | 2026-08-13: 임원ㆍ주요주주특정증권등소유상황보고서 | 2026-08-13: 반기보고서 (2026.06) | 2026-08-07: 임원ㆍ주요주주특정증권등소유상황보고서,8
DN오토모티브,007340,0,OK,,,,2026-08-14: [첨부추가]반기보고서 (2026.06) | 2026-08-14: [기재정정]기업설명회(IR)개최(안내공시)               | 2026-08-14: 주식등의대량보유상황보고서(일반) | 2026-08-13: 지급수단별ㆍ지급기간별지급금액및분쟁조정기구에관한사항 | 2026-08-10: 기업설명회(IR)개최(안내공시)              ,6
이수화학,005950,0,OK,,,,2026-08-14: 반기보고서 (2026.06) | 2026-08-10: 기업설명회(IR)개최(안내공시)               | 2026-07-24: 주식등의대량보유상황보고서(일반),3
세니젠,188260,0,OK,,,,2026-08-21: 주식등의대량보유상황보고서(일반) | 2026-08-20: 기타경영사항(자율공시)              ([국책과제 선정]2026년 K-HERO 육성·지원사업(글로벌 선도를 위한 AI기반 항생제 내성균 타켓 엔도라이신 패혈증 치료제 개발)) | 2026-08-13: 반기보고서 (2026.06) | 2026-07-31: 임원ㆍ주요주주특정증권등소유상황보고서 | 2026-07-30: 독립이사의선임ㆍ해임또는중도퇴임에관한신고,7
신한은행,000010,0,OK,,,,2026-07-30: [첨부추가]이중상환청구권부채권등록신청서 | 2026-08-14: [기재정정]투자설명서(일괄신고) | 2026-08-14: [기재정정]투자설명서(일괄신고) | 2026-08-14: [기재정정]투자설명서(일괄신고) | 2026-08-14: [기재정정]투자설명서(일괄신고),43
SK케미칼,285130,0,OK,,,,2026-08-14: 지급수단별ㆍ지급기간별지급금액및분쟁조정기구에관한사항 | 2026-08-13: 기업설명회(IR)개최(안내공시)               | 2026-08-13: 반기보고서 (2026.06),3
디지아이,043360,0,OK,,,,2026-08-13: 반기보고서 (2026.06) | 2026-07-28: 임원ㆍ주요주주특정증권등소유상황보고서 | 2026-07-28: 임원ㆍ주요주주특정증권등소유상황보고서 | 2026-07-28: 임원ㆍ주요주주특정증권등소유상황보고서 | 2026-07-28: 임원ㆍ주요주주특정증권등소유상황보고서,10
텔콘RF제약,200230,0,OK,,,,2026-08-14: 반기보고서 (2026.06) | 2026-07-31: 전환가액의조정               | 2026-07-27: 기타시장안내(최대주주의의무보유관련)              (최대주주의 의무보유 이행 관련) | 2026-07-24: 전환가액의조정              ,4
유진테크,084370,0,OK,,,,2026-08-20: 임원ㆍ주요주주특정증권등소유상황보고서 | 2026-08-14: 반기보고서 (2026.06) | 2026-08-07: 임원ㆍ주요주주특정증권등소유상황보고서 | 2026-08-07: 임원ㆍ주요주주특정증권등소유상황보고서 | 2026-08-04: 임원ㆍ주요주주특정증권등소유상황보고서,7
전북은행,006350,0,OK,,,,2026-08-14: [기재정정]일괄신고서 | 2026-08-14: 반기보고서 (2026.06) | 2026-08-06: 증권발행실적보고서 | 2026-08-05: 투자설명서(일괄신고) | 2026-08-05: 일괄신고추가서류,7
한양디지텍,078350,0,OK,,,,2026-08-13: 반기보고서 (2026.06) | 2026-08-06: 타인에대한채무보증결정               | 2026-07-30: 임원ㆍ주요주주특정증권등소유상황보고서 | 2026-07-28: 주식등의대량보유상황보고서(일반) | 2026-07-24: 임원ㆍ주요주주특정증권등소유상황보고서,8
이월드,084680,0,OK,,,,2026-08-19: 주식등의대량보유상황보고서(일반) | 2026-08-14: 반기보고서 (2026.06) | 2026-08-14: 지급수단별ㆍ지급기간별지급금액및분쟁조정기구에관한사항 | 2026-08-12: 주주총회소집공고 | 2026-08-11: 투자유의안내              ,6
스틱인베스트먼트,026890,0,OK,,,,2026-08-21: 기타경영사항(자율공시)               | 2026-08-14: 반기보고서 (2026.06) | 2026-08-07: 주식등의대량보유상황보고서(일반),3
서울평가정보,036120,0,OK,,,,2026-08-20: 주주총회소집공고 | 2026-08-14: 반기보고서 (2026.06) | 2026-08-06: 금전대여결정               | 2026-07-27: 임원ㆍ주요주주특정증권등소유상황보고서 | 2026-07-24: 주주총회소집결의              (임시주주총회),6
유틸렉스,263050,0,OK,,,,2026-08-19: 소송등의판결ㆍ결정               | 2026-08-14: 반기보고서 (2026.06) | 2026-08-14: 기타시장안내              (투자주의 환기종목 지정 사유 추가 관련 시장조치 미진행) | 2026-08-14: 반기검토(감사)의견부적정등사실확인(자본잠식률100분의50이상또는자기자본10억원미만포함)               | 2026-08-12: 의결권대리행사권유참고서류,6
서울옥션,063170,0,OK,,,,2026-08-21: 임원ㆍ주요주주특정증권등소유상황보고서 | 2026-08-13: 반기보고서 (2026.06) | 2026-08-13: 임원ㆍ주요주주특정증권등소유상황보고서 | 2026-08-07: 임원ㆍ주요주주특정증권등소유상황보고서,4
한켐,457370,0,OK,,,,2026-08-20: 조회공시요구(현저한시황변동)에대한답변(중요정보없음)               | 2026-08-19: 조회공시요구(현저한시황변동)               | 2026-08-14: 반기보고서 (2026.06),3
트리니티항공,091810,0,OK,,,,2026-08-13: 반기보고서 (2026.06) | 2026-08-11: 전환가액ㆍ신주인수권행사가액ㆍ교환가액의조정(안내공시)               | 2026-08-11: 전환가액ㆍ신주인수권행사가액ㆍ교환가액의조정(안내공시)               | 2026-08-10: 지급수단별ㆍ지급기간별지급금액및분쟁조정기구에관한사항 | 2026-08-05: 투자유의안내              ,7
기가레인,049080,0,OK,,,,2026-08-14: 반기보고서 (2026.06) | 2026-07-28: 주주명부폐쇄기간또는기준일설정               | 2026-07-28: 주주총회소집결의              ,3
이수스페셜티케미컬,457190,0,OK,,,,2026-08-14: 반기보고서 (2026.06) | 2026-08-10: 기업설명회(IR)개최(안내공시)               | 2026-07-28: 기업설명회(IR)개최(안내공시)               | 2026-07-24: 주식등의대량보유상황보고서(일반),4
국전,307750,0,OK,,,,2026-08-13: 반기보고서 (2026.06) | 2026-08-13: 주식등의대량보유상황보고서(일반) | 2026-07-24: 임원ㆍ주요주주특정증권등소유상황보고서 | 2026-07-24: 주식등의대량보유상황보고서(일반),4
큐에이드,377460,0,OK,,,,2026-08-21: [기재정정]타법인주식및출자증권취득결정               | 2026-08-14: 반기보고서 (2026.06) | 2026-08-14: [기재정정]타법인주식및출자증권취득결정               | 2026-08-03: 기타시장안내              (개선기간 종료에 따른 상장폐지 여부 결정 안내),4
더네이쳐홀딩스,298540,0,OK,,,,2026-08-14: 반기보고서 (2026.06) | 2026-08-11: 임원ㆍ주요주주특정증권등소유상황보고서 | 2026-07-31: 독립이사의선임ㆍ해임또는중도퇴임에관한신고 | 2026-07-24: 주식등의대량보유상황보고서(약식),4
애드포러스,397810,0,OK,,,,2026-08-14: 반기보고서 (2026.06) | 2026-08-07: 주요사항보고서(자기주식취득신탁계약체결결정) | 2026-08-04: 임원ㆍ주요주주특정증권등소유상황보고서 | 2026-08-04: 임원ㆍ주요주주특정증권등소유상황보고서 | 2026-08-04: 임원ㆍ주요주주특정증권등소유상황보고서,7
지투지바이오,456160,0,OK,,,,2026-08-21: 주식등의대량보유상황보고서(일반) | 2026-08-14: 반기보고서 (2026.06) | 2026-08-05: 임원ㆍ주요주주특정증권등소유상황보고서,3
DSR제강,069730,0,OK,,,,2026-08-14: 반기보고서 (2026.06) | 2026-08-13: 최대주주등소유주식변동신고서               | 2026-08-12: 최대주주등소유주식변동신고서               | 2026-08-07: 최대주주등소유주식변동신고서              ,4
APS이노베이션,079810,0,OK,,,,2026-08-18: [기재정정]주요사항보고서(타법인주식및출자증권양수결정) | 2026-08-13: [기재정정]반기보고서 (2026.06) | 2026-08-12: 반기보고서 (2026.06) | 2026-08-05: 주요사항보고서(타법인주식및출자증권양수결정),4
엑스플러스,373200,0,OK,,,,2026-08-14: 반기보고서 (2026.06) | 2026-08-07: 주식등의대량보유상황보고서(일반) | 2026-07-31: 임원ㆍ주요주주특정증권등거래계획철회보고서 | 2026-07-30: [기재정정]기타경영사항(자율공시)              (제2회차 CB 취득후 재매각) | 2026-07-30: [기재정정]기타경영사항(자율공시)              (제3회차 BW 취득후 재매각),8
비트맥스,377030,0,OK,,,,2026-08-14: 반기보고서 (2026.06) | 2026-08-14: 반기검토(감사)의견부적정등사실확인(자본잠식률100분의50이상또는자기자본10억원미만포함)               | 2026-08-11: 주요사항보고서(자기전환사채만기전취득결정) | 2026-08-10: 주식등의대량보유상황보고서(약식),4
멕아이씨에스,058110,0,OK,,,,2026-08-21: 임시주주총회결과               | 2026-08-18: 기업설명회(IR)개최               | 2026-08-11: 반기보고서 (2026.06) | 2026-08-04: 주식등의대량보유상황보고서(일반) | 2026-07-28: [기재정정]주주총회소집공고,9
동방메디컬,240550,0,OK,,,,2026-08-14: [기재정정]분기보고서 (2026.03) | 2026-08-14: 반기보고서 (2026.06) | 2026-08-11: 주주총회소집공고,3
큐리언트,115180,0,OK,,,,2026-08-18: [기재정정]투자판단관련주요경영사항(임상시험계획승인신청등결정)              (만성 이식편대숙주질환 환자 대상 Q702 단독치료요법의 스페인 임상 제1b상 임상시험계획 승인) | 2026-08-14: 반기보고서 (2026.06) | 2026-08-05: 주식등의대량보유상황보고서(일반) | 2026-08-04: 주식등의대량보유상황보고서(일반) | 2026-07-30: 임원ㆍ주요주주특정증권등소유상황보고서,7
케이비증권,003450,0,OK,,,,2026-08-21: 투자설명서(일괄신고) | 2026-08-21: 일괄신고추가서류(파생결합증권-주가연계증권) | 2026-08-21: 투자설명서(일괄신고) | 2026-08-21: 일괄신고추가서류(파생결합증권-주가연계증권) | 2026-08-21: [기재정정]일괄신고추가서류(파생결합증권-주가연계증권),98
유니드비티플러스,446070,0,OK,,,,2026-08-14: 반기보고서 (2026.06) | 2026-08-14: 지급수단별ㆍ지급기간별지급금액및분쟁조정기구에관한사항 | 2026-08-12: [기재정정]타법인주식및출자증권취득결정               | 2026-08-06: [기재정정]재해발생(자율공시)               | 2026-08-03: 생산중단              ,6
탑코미디어,134580,0,OK,,,,2026-08-14: 반기보고서 (2026.06) | 2026-08-05: [첨부정정]주주총회소집결의               | 2026-08-04: 주주명부폐쇄기간또는기준일설정               | 2026-08-04: 주주총회소집결의              (임시주주총회) | 2026-07-24: 임원ㆍ주요주주특정증권등소유상황보고서,6
리노공업,058470,0,OK,,,,2026-08-21: 기업설명회(IR)개최               | 2026-08-14: 반기보고서 (2026.06) | 2026-08-03: 주식등의대량보유상황보고서(약식) | 2026-07-29: 주식등의대량보유상황보고서(약식),4
한일단조,024740,0,OK,,,,2026-08-18: 주식등의대량보유상황보고서(일반) | 2026-08-14: 반기보고서 (2026.06) | 2026-08-14: [기재정정]분기보고서 (2026.03),3
감성코퍼레이션,036620,0,OK,,,,2026-08-14: 반기보고서 (2026.06) | 2026-08-07: 주식등의대량보유상황보고서(일반) | 2026-07-27: 임원ㆍ주요주주특정증권등소유상황보고서,3
바이오톡스텍,086040,0,OK,,,,2026-08-14: 반기보고서 (2026.06) | 2026-08-06: 임원ㆍ주요주주특정증권등소유상황보고서 | 2026-08-06: 주식등의대량보유상황보고서(일반) | 2026-08-03: 임원ㆍ주요주주특정증권등소유상황보고서 | 2026-08-03: 주식등의대량보유상황보고서(일반),7
대륙제관,004780,0,OK,,,,2026-08-14: 반기보고서 (2026.06) | 2026-08-11: 신탁계약해지결과보고서 | 2026-08-11: 주요사항보고서(자기주식취득신탁계약해지결정) | 2026-08-11: 신탁계약에의한취득상황보고서 | 2026-07-28: 불성실공시법인미지정              (지정유예),5
지에프아이,493330,0,OK,,,,2026-08-13: 반기보고서 (2026.06) | 2026-08-10: 주식등의대량보유상황보고서(약식) | 2026-08-10: 임원ㆍ주요주주특정증권등소유상황보고서 | 2026-07-27: 임원ㆍ주요주주특정증권등소유상황보고서 | 2026-07-27: 임원ㆍ주요주주특정증권등소유상황보고서,5
제우스,079370,0,OK,,,,2026-08-14: 반기보고서 (2026.06) | 2026-08-13: 임원ㆍ주요주주특정증권등소유상황보고서 | 2026-08-06: 임원ㆍ주요주주특정증권등소유상황보고서 | 2026-08-06: 임원ㆍ주요주주특정증권등소유상황보고서,4
일월지엠엘,178780,0,OK,,,,2026-08-20: 임시주주총회결과               | 2026-08-19: 주식등의대량보유상황보고서(일반) | 2026-08-13: 반기보고서 (2026.06) | 2026-08-04: 의결권대리행사권유참고서류 | 2026-08-04: 주주총회소집공고,7
코오롱모빌리티그룹,450140,0,OK,,,,2026-08-11: [기재정정]특수관계인에대한담보제공 | 2026-07-31: 특수관계인에대한담보제공 | 2026-07-31: 특수관계인으로부터자금차입 | 2026-07-24: 지급수단별ㆍ지급기간별지급금액및분쟁조정기구에관한사항,4
제이엘케이,322510,0,OK,,,,2026-08-14: 독립이사의선임ㆍ해임또는중도퇴임에관한신고 | 2026-08-14: 임시주주총회결과               | 2026-08-14: 반기보고서 (2026.06) | 2026-07-31: 주식등의대량보유상황보고서(일반) | 2026-07-29: 주주총회소집공고,5
폴라리스AI파마,041910,0,OK,,,,2026-08-14: 반기보고서 (2026.06) | 2026-07-27: 전환가액의조정               | 2026-07-24: 주식등의대량보유상황보고서(일반),3
오픈놀,440320,0,OK,,,,2026-08-12: 반기보고서 (2026.06) | 2026-08-12: [기재정정]분기보고서 (2026.03) | 2026-08-12: [기재정정]사업보고서 (2025.12) | 2026-08-12: [기재정정]분기보고서 (2025.09) | 2026-08-12: [기재정정]의결권대리행사권유참고서류,7
퓨쳐켐,220100,0,OK,,,,2026-08-18: 기업설명회(IR)개최               | 2026-08-14: [첨부정정]증권신고서(지분증권) | 2026-08-14: [기재정정]투자설명서 | 2026-08-14: [기재정정]증권신고서(지분증권) | 2026-08-14: 주식등의대량보유상황보고서(일반),10
차바이오텍,085660,0,OK,,,,2026-08-18: 타법인주식및출자증권취득결정               | 2026-08-18: 전환사채(해외전환사채포함)발행후만기전사채취득               | 2026-08-13: 반기보고서 (2026.06),3
TP,007980,0,OK,,,,2026-08-13: 반기보고서 (2026.06) | 2026-08-06: 주요사항보고서(자기주식취득신탁계약체결결정) | 2026-08-05: 주식등의대량보유상황보고서(일반),3
코람코라이프인프라리츠,357120,0,OK,,,,2026-08-20: 임원ㆍ주요주주특정증권등소유상황보고서 | 2026-08-19: 풍문또는보도에대한해명(미확정)               | 2026-08-14: 사업보고서 (2026.05) | 2026-08-14: [기재정정]부동산투자회사자금차입               | 2026-08-14: 감사보고서제출              ,15
엔지켐생명과학,183490,0,OK,,,,2026-08-14: 반기검토(감사)의견부적정등사실확인(자본잠식률100분의50이상또는자기자본10억원미만포함)               | 2026-08-14: 반기보고서 (2026.06) | 2026-07-27: 주식등의대량보유상황보고서(일반) | 2026-07-27: 임원ㆍ주요주주특정증권등소유상황보고서,4
PKC,001340,0,OK,,,,2026-08-20: [기재정정]주요사항보고서(유형자산양수결정) | 2026-08-14: 반기보고서 (2026.06) | 2026-08-13: 최대주주등소유주식변동신고서               | 2026-08-13: 주식등의대량보유상황보고서(일반),4
케이씨피드,025880,0,OK,,,,2026-08-14: 반기보고서 (2026.06) | 2026-08-14: [기재정정]사업보고서 (2025.12) | 2026-07-29: 주식등의대량보유상황보고서(일반),3
모나용평,070960,0,OK,,,,2026-08-20: 타인에대한담보제공결정               | 2026-08-20: 타인에대한채무보증결정               | 2026-08-14: 반기보고서 (2026.06),3
티앤알바이오팹,246710,0,OK,,,,2026-08-19: 주식등의대량보유상황보고서(일반) | 2026-08-04: 임원ㆍ주요주주특정증권등소유상황보고서 | 2026-08-04: 임원ㆍ주요주주특정증권등소유상황보고서 | 2026-08-04: 임원ㆍ주요주주특정증권등소유상황보고서 | 2026-08-04: 주식등의대량보유상황보고서(일반),5
사토시홀딩스,223310,0,OK,,,,2026-08-14: 반기보고서 (2026.06) | 2026-08-14: 반기검토(감사)의견부적정등사실확인(자본잠식률100분의50이상또는자기자본10억원미만포함)               | 2026-08-12: 주요사항보고서(자기전환사채만기전취득결정) | 2026-08-11: 주식등의대량보유상황보고서(약식) | 2026-08-04: 주요사항보고서(자기전환사채매도결정),9
광주은행,192530,0,OK,,,,2026-08-14: [기재정정]일괄신고서 | 2026-08-14: 반기보고서 (2026.06) | 2026-07-24: 증권발행실적보고서,3
DB증권,016610,0,OK,,,,2026-08-21: 투자설명서(일괄신고) | 2026-08-21: 일괄신고추가서류(파생결합사채-주가연계파생결합사채) | 2026-08-21: 투자설명서(일괄신고) | 2026-08-21: 일괄신고추가서류(파생결합사채-주가연계파생결합사채) | 2026-08-21: 투자설명서(일괄신고),74
리가켐바이오,141080,0,OK,,,,2026-08-14: 반기보고서 (2026.06) | 2026-08-14: 지급수단별ㆍ지급기간별지급금액및분쟁조정기구에관한사항 | 2026-08-07: 투자판단관련주요경영사항              (LNCB74(B7H4-ADC) 단독 개발 및 기술이전 권리 확보) | 2026-08-04: 주식등의대량보유상황보고서(일반) | 2026-08-04: 임원ㆍ주요주주특정증권등소유상황보고서,11
에코앤드림,101360,0,OK,,,,2026-08-20: 임원ㆍ주요주주특정증권등소유상황보고서 | 2026-08-18: 주식등의대량보유상황보고서(일반) | 2026-08-18: 임원ㆍ주요주주특정증권등소유상황보고서 | 2026-08-18: 임원ㆍ주요주주특정증권등소유상황보고서 | 2026-08-18: 임원ㆍ주요주주특정증권등소유상황보고서,6
켐트로스,220260,0,OK,,,,2026-08-13: 반기보고서 (2026.06) | 2026-08-05: 임원ㆍ주요주주특정증권등소유상황보고서 | 2026-07-30: 신주인수권행사가액의조정              ,3
신한제16호스팩,496070,0,OK,,,,2026-08-13: 반기보고서 (2026.06) | 2026-08-03: 주주명부폐쇄기간또는기준일설정               | 2026-08-03: 기업인수목적회사의임원선임결정               | 2026-08-03: 주주총회소집결의              (임시주주총회),4
라메디텍,462510,0,OK,,,,2026-08-14: [기재정정]사업보고서 (2025.12) | 2026-08-14: [기재정정]분기보고서 (2026.03) | 2026-08-14: 반기보고서 (2026.06),3
지에프씨생명과학,388610,0,OK,,,,2026-08-20: 임원ㆍ주요주주특정증권등소유상황보고서 | 2026-08-20: 주식등의대량보유상황보고서(일반) | 2026-08-13: 반기보고서 (2026.06) | 2026-08-11: 임원ㆍ주요주주특정증권등소유상황보고서 | 2026-08-11: 주식등의대량보유상황보고서(일반),9
남선알미늄,008350,0,OK,,,,2026-08-14: 반기보고서 (2026.06) | 2026-08-14: 지급수단별ㆍ지급기간별지급금액및분쟁조정기구에관한사항 | 2026-08-04: 주식등의대량보유상황보고서(일반),3
하이텍팜,106190,0,OK,,,,2026-08-14: [기재정정]반기보고서 (2026.06) | 2026-08-14: 반기보고서 (2026.06) | 2026-08-12: 주식등의대량보유상황보고서(일반) | 2026-08-12: 임원ㆍ주요주주특정증권등소유상황보고서 | 2026-08-12: 임원ㆍ주요주주특정증권등소유상황보고서,5
디티씨,066670,0,OK,,,,2026-08-14: 반기보고서 (2026.06) | 2026-08-12: 타법인주식및출자증권처분결정               | 2026-08-05: [기재정정]사업보고서 (2025.12),3
케이피티유,054410,0,OK,,,,2026-08-14: 반기보고서 (2026.06) | 2026-08-07: 임원ㆍ주요주주특정증권등소유상황보고서 | 2026-08-07: 주식등의대량보유상황보고서(일반) | 2026-08-06: 공개매수결과보고서,4
플래티어,367000,0,OK,,,,2026-08-20: 임원ㆍ주요주주특정증권등소유상황보고서 | 2026-08-14: 반기보고서 (2026.06) | 2026-08-05: 임원ㆍ주요주주특정증권등소유상황보고서 | 2026-07-29: 임원ㆍ주요주주특정증권등소유상황보고서,4
SAMG엔터,419530,0,OK,,,,2026-08-14: 기업설명회(IR)개최               | 2026-08-14: 반기보고서 (2026.06) | 2026-07-28: 기업설명회(IR)개최               | 2026-07-27: 시설외투자등              ,4
다이나믹솔루션,290660,0,OK,,,,2026-08-19: 주주총회소집공고 | 2026-08-19: [기재정정]주주총회소집결의              (임시주주총회) | 2026-08-14: 반기보고서 (2026.06),3
LG디스플레이,034220,0,OK,,,,2026-08-20: 기업설명회(IR)개최(안내공시)               | 2026-08-14: 반기보고서 (2026.06) | 2026-08-13: 동일인등출자계열회사와의상품ㆍ용역거래변경 | 2026-08-13: 지급수단별ㆍ지급기간별지급금액및분쟁조정기구에관한사항 | 2026-08-05: 임원ㆍ주요주주특정증권등소유상황보고서,7
디지틀조선,033130,0,OK,,,,2026-08-18: [기재정정]반기보고서 (2026.06) | 2026-08-13: 반기보고서 (2026.06) | 2026-08-04: 주식등의대량보유상황보고서(일반),3
현대엘리베이터,017800,0,OK,,,,2026-08-14: 반기보고서 (2026.06) | 2026-08-13: 현금ㆍ현물배당결정               | 2026-08-13: 현금ㆍ현물배당을위한주주명부폐쇄(기준일)결정               | 2026-08-06: 생산재개(자율공시)               | 2026-08-03: 생산중단              ,6
일진파워,094820,0,OK,,,,2026-08-21: [기재정정]타법인주식및출자증권취득결정               | 2026-08-18: 타법인주식및출자증권취득결정               | 2026-08-14: 반기보고서 (2026.06),3
SIMPAC,009160,0,OK,,,,2026-08-14: 반기보고서 (2026.06) | 2026-08-13: 투자판단관련주요경영사항               | 2026-08-11: 자기주식취득결과보고서 | 2026-07-24: 투자판단관련주요경영사항              ,4
바이오스마트,038460,0,OK,,,,2026-08-14: 반기보고서 (2026.06) | 2026-08-12: 주식등의대량보유상황보고서(일반) | 2026-07-30: 임원ㆍ주요주주특정증권등소유상황보고서 | 2026-07-24: 임원ㆍ주요주주특정증권등소유상황보고서,4
큐렉소,060280,0,OK,,,,2026-08-13: 반기보고서 (2026.06) | 2026-07-31: 주주명부폐쇄기간또는기준일설정               | 2026-07-31: 주주총회소집결의              (임시주주총회),3
금호에이치티,214330,0,OK,,,,2026-08-21: 최대주주등소유주식변동신고서               | 2026-08-21: 임원ㆍ주요주주특정증권등소유상황보고서 | 2026-08-21: 주식등의대량보유상황보고서(일반) | 2026-08-13: 반기보고서 (2026.06) | 2026-07-29: [기재정정]임원ㆍ주요주주특정증권등거래계획보고서,10
큐리오시스,494120,0,OK,,,,2026-08-20: 임원ㆍ주요주주특정증권등소유상황보고서 | 2026-08-18: 임원ㆍ주요주주특정증권등소유상황보고서 | 2026-08-10: 임원ㆍ주요주주특정증권등소유상황보고서 | 2026-08-10: 임원ㆍ주요주주특정증권등소유상황보고서 | 2026-08-04: 반기보고서 (2026.06),6
알파칩스,117670,0,OK,,,,2026-08-12: 반기보고서 (2026.06) | 2026-07-27: 주식매수선택권부여에관한신고 | 2026-07-27: [기재정정]주식매수선택권부여에관한신고 | 2026-07-27: 임시주주총회결과              ,4
정원엔시스,045510,0,OK,,,,2026-08-19: 임원ㆍ주요주주특정증권등소유상황보고서 | 2026-08-13: 반기보고서 (2026.06) | 2026-08-10: 임원ㆍ주요주주특정증권등소유상황보고서 | 2026-08-03: [기재정정]임원ㆍ주요주주특정증권등소유상황보고서 | 2026-08-03: [기재정정]임원ㆍ주요주주특정증권등소유상황보고서,7
에이텍,045660,0,OK,,,,2026-08-14: 반기보고서 (2026.06) | 2026-08-05: 주식등의대량보유상황보고서(일반) | 2026-08-03: 임원ㆍ주요주주특정증권등소유상황보고서,3
드림시큐리티,203650,0,OK,,,,2026-08-19: 주식등의대량보유상황보고서(일반) | 2026-08-14: 반기보고서 (2026.06) | 2026-07-30: 증권발행결과(자율공시)              ,3
SK시그넷,260870,0,OK,,,,2026-08-19: 임원ㆍ주요주주특정증권등소유상황보고서 | 2026-08-14: 공개매수에관한의견표명서 | 2026-08-13: 전환주식의전환청구권행사               | 2026-07-24: 공개매수설명서 | 2026-07-24: 공개매수신고서,5
벨로크,424760,0,OK,,,,2026-08-19: 주주총회소집공고 | 2026-08-14: 조회공시요구(현저한시황변동)에대한답변(미확정)               | 2026-08-14: 반기보고서 (2026.06) | 2026-07-31: 주주총회소집결의              (임시주주총회) | 2026-07-27: 주주명부폐쇄기간또는기준일설정              ,5
미원홀딩스,107590,0,OK,,,,2026-08-14: 반기보고서 (2026.06) | 2026-08-07: 최대주주등소유주식변동신고서               | 2026-08-07: 임원ㆍ주요주주특정증권등소유상황보고서,3
한국자산신탁,123890,0,OK,,,,2026-08-14: 반기보고서 (2026.06) | 2026-08-12: 지급수단별ㆍ지급기간별지급금액및분쟁조정기구에관한사항 | 2026-07-31: [기재정정]소송등의제기ㆍ신청(일정금액이상의청구)               | 2026-07-30: 소송등의제기ㆍ신청(일정금액이상의청구)              ,4
코아스,071950,0,OK,,,,2026-08-21: [기재정정]의결권대리행사권유참고서류 | 2026-08-21: [기재정정]주주총회소집공고 | 2026-08-19: 주요사항보고서(자기전환사채만기전취득결정) | 2026-08-14: 의결권대리행사권유참고서류 | 2026-08-14: 주주총회소집공고,13
피씨디렉트,051380,0,OK,,,,2026-08-14: 반기보고서 (2026.06) | 2026-08-05: 임원ㆍ주요주주특정증권등소유상황보고서 | 2026-08-05: 임원ㆍ주요주주특정증권등소유상황보고서 | 2026-08-05: 임원ㆍ주요주주특정증권등소유상황보고서 | 2026-08-05: 임원ㆍ주요주주특정증권등소유상황보고서,6
오파스넷,173130,0,OK,,,,2026-08-14: 반기보고서 (2026.06) | 2026-07-29: [기재정정]거래처와의거래중단               | 2026-07-27: 거래처와의거래중단              ,3
씨유메디칼,115480,0,OK,,,,2026-08-14: 반기보고서 (2026.06) | 2026-08-10: 주식등의대량보유상황보고서(약식) | 2026-07-24: [기재정정]사업보고서 (2025.12),3
KB스타리츠,432320,0,OK,,,,2026-08-11: [기재정정]부동산투자회사자금차입               | 2026-08-11: 부동산투자회사자금차입               | 2026-08-11: 부동산투자회사자금차입              ,3
삼립,005610,0,OK,,,,2026-08-21: 타인에대한채무보증결정               | 2026-08-14: 반기보고서 (2026.06) | 2026-07-24: 주식등의대량보유상황보고서(일반),3
토마토시스템,393210,0,OK,,,,2026-08-18: 주식매수선택권부여에관한신고 | 2026-08-12: 반기보고서 (2026.06) | 2026-08-04: 임원ㆍ주요주주특정증권등소유상황보고서 | 2026-07-30: 임원ㆍ주요주주특정증권등소유상황보고서 | 2026-07-28: 임원ㆍ주요주주특정증권등거래계획보고서,6
코리아에프티,123410,0,OK,,,,2026-08-21: 기업설명회(IR)개최               | 2026-08-14: 반기보고서 (2026.06) | 2026-07-31: [기재정정]분기보고서 (2026.03) | 2026-07-31: [기재정정]사업보고서 (2025.12),4
휴엠앤씨,263920,0,OK,,,,2026-08-14: 반기보고서 (2026.06) | 2026-08-12: 신탁계약해지결과보고서 | 2026-08-11: 주요사항보고서(자기주식취득신탁계약해지결정),3
BYC,001460,0,OK,,,,2026-08-21: 최대주주등소유주식변동신고서               | 2026-08-14: 반기보고서 (2026.06) | 2026-08-05: 주요사항보고서(자기주식취득신탁계약체결결정),3
아이티센글로벌,124500,0,OK,,,,2026-08-13: 반기보고서 (2026.06) | 2026-08-10: 전환가액의조정              (제16회차) | 2026-08-06: [기재정정]타인에대한채무보증결정               | 2026-07-31: 임원ㆍ주요주주특정증권등소유상황보고서,4
삼성출판사,068290,0,OK,,,,2026-08-14: [기재정정]반기보고서 (2026.06) | 2026-08-14: 반기보고서 (2026.06) | 2026-08-11: 임원ㆍ주요주주특정증권등거래계획보고서 | 2026-08-11: 임원ㆍ주요주주특정증권등거래계획보고서 | 2026-07-31: 임원ㆍ주요주주특정증권등소유상황보고서,6
영우디에스피,143540,0,OK,,,,2026-08-21: 주식등의대량보유상황보고서(일반) | 2026-08-21: 임원ㆍ주요주주특정증권등소유상황보고서 | 2026-08-21: 임원ㆍ주요주주특정증권등소유상황보고서 | 2026-08-14: 주식등의대량보유상황보고서(일반) | 2026-08-14: 임원ㆍ주요주주특정증권등소유상황보고서,19
TJ미디어,032540,0,OK,,,,2026-08-21: 주식등의대량보유상황보고서(일반) | 2026-08-14: 반기보고서 (2026.06) | 2026-08-14: 주주총회소집결의              (임시주주총회) | 2026-08-14: 주주명부폐쇄기간또는기준일설정               | 2026-08-13: 주식등의대량보유상황보고서(일반),5
사조대림,003960,0,OK,,,,2026-08-14: 반기보고서 (2026.06) | 2026-08-14: 지급수단별ㆍ지급기간별지급금액및분쟁조정기구에관한사항 | 2026-07-30: 임원ㆍ주요주주특정증권등거래계획보고서 | 2026-07-30: 최대주주등소유주식변동신고서               | 2026-07-30: 임원ㆍ주요주주특정증권등소유상황보고서,7
한일철강,002220,0,OK,,,,2026-08-14: 반기보고서 (2026.06) | 2026-08-06: [첨부정정]사업보고서 (2025.12) | 2026-08-06: [기재정정]사업보고서 (2025.12),3
루닛,328130,0,OK,,,,2026-08-20: 주식매수선택권부여에관한신고 | 2026-08-11: 반기보고서 (2026.06) | 2026-08-06: [기재정정]주식매수선택권부여에관한신고 | 2026-08-06: [기재정정]주식매수선택권부여에관한신고 | 2026-08-06: [기재정정]주식매수선택권부여에관한신고,7
에이루트,096690,0,OK,,,,2026-08-14: 반기보고서 (2026.06) | 2026-08-10: 임원ㆍ주요주주특정증권등소유상황보고서 | 2026-08-05: 임원ㆍ주요주주특정증권등소유상황보고서 | 2026-08-03: 임원ㆍ주요주주특정증권등소유상황보고서 | 2026-07-28: 주식등의대량보유상황보고서(일반),6
세방,004360,0,OK,,,,2026-08-14: 반기보고서 (2026.06) | 2026-07-31: 공정거래자율준수프로그램운영현황(안내공시)               | 2026-07-31: [기재정정]사업보고서 (2025.12),3
신흥,004080,0,OK,,,,2026-08-21: 최대주주등소유주식변동신고서               | 2026-08-14: 반기보고서 (2026.06) | 2026-08-10: 임원ㆍ주요주주특정증권등소유상황보고서 | 2026-08-10: 임원ㆍ주요주주특정증권등소유상황보고서 | 2026-07-31: 최대주주등소유주식변동신고서              ,8
미코,059090,0,OK,,,,2026-08-20: 주식등의대량보유상황보고서(약식) | 2026-08-14: 반기보고서 (2026.06) | 2026-08-13: 임원ㆍ주요주주특정증권등소유상황보고서 | 2026-08-10: 주식등의대량보유상황보고서(일반) | 2026-08-05: 임원ㆍ주요주주특정증권등소유상황보고서,7
태광산업,003240,0,OK,,,,2026-08-14: 반기보고서 (2026.06) | 2026-08-14: 약관에의한금융거래시계열금융회사의거래상대방의공시 | 2026-08-14: 동일인등출자계열회사와의상품ㆍ용역거래 | 2026-08-14: 동일인등출자계열회사와의상품ㆍ용역거래변경 | 2026-08-13: 신규시설투자등(자율공시)              ,7
케이탑리츠,145270,0,OK,,,,2026-08-12: 반기보고서 (2026.06) | 2026-08-07: 최대주주등소유주식변동신고서               | 2026-08-04: 부동산투자회사자금차입               | 2026-08-04: 부동산투자회사자금차입               | 2026-07-31: 최대주주등소유주식변동신고서              ,7
차이커뮤니케이션,351870,0,OK,,,,2026-08-14: 반기보고서 (2026.06) | 2026-07-31: [기재정정]주식매수선택권부여에관한신고 | 2026-07-30: 주식등의대량보유상황보고서(일반) | 2026-07-30: 임원ㆍ주요주주특정증권등소유상황보고서 | 2026-07-30: 임원ㆍ주요주주특정증권등소유상황보고서,10
시지트로닉스,429270,0,OK,,,,2026-08-14: 주식등의대량보유상황보고서(일반) | 2026-08-13: 반기보고서 (2026.06) | 2026-08-07: 주식등의대량보유상황보고서(일반) | 2026-08-04: 주식등의대량보유상황보고서(일반),4
디에이테크놀로지,196490,0,OK,,,,2026-08-14: 기타시장안내              (자본전액잠식 관련 시장조치 미진행) | 2026-08-14: 반기검토(감사)의견부적정등사실확인(자본잠식률100분의50이상또는자기자본10억원미만포함)               | 2026-08-14: 반기보고서 (2026.06),3
한솔아이원스,114810,0,OK,,,,2026-08-14: 지급수단별ㆍ지급기간별지급금액및분쟁조정기구에관한사항 | 2026-08-13: 반기보고서 (2026.06) | 2026-08-10: 신규시설투자등               | 2026-07-24: [기재정정]특수관계인에대한자금대여,4
에이치브이엠,295310,0,OK,,,,2026-08-14: 반기보고서 (2026.06) | 2026-08-13: 임원ㆍ주요주주특정증권등소유상황보고서 | 2026-08-11: 전환청구권행사               | 2026-08-11: 주식등의대량보유상황보고서(일반) | 2026-08-11: 임원ㆍ주요주주특정증권등소유상황보고서,6
마스턴프리미어리츠,357430,0,OK,,,,2026-08-13: 반기보고서 (2026.06) | 2026-08-11: 기타경영사항(자율공시)               | 2026-07-31: 유형자산처분결정(종속회사의주요경영사항)              ,3
네이블,153460,0,OK,,,,2026-08-13: 반기보고서 (2026.06) | 2026-07-30: 장래사업ㆍ경영계획(공정공시)               | 2026-07-27: 장래사업ㆍ경영계획(공정공시)              ,3
비트플래닛,049470,0,OK,,,,2026-08-14: 반기보고서 (2026.06) | 2026-08-07: [기재정정]주요사항보고서(유형자산양수결정) | 2026-07-24: [기재정정]주요사항보고서(유형자산양수결정),3
아이톡시,052770,0,OK,,,,2026-08-14: 기타시장안내              (상장적격성 실질심사 사유추가) | 2026-08-14: 반기또는분기매출액미달사실발생               | 2026-08-14: 반기검토(감사)의견부적정등사실확인(자본잠식률100분의50이상또는자기자본10억원미만포함)               | 2026-08-14: 반기보고서 (2026.06) | 2026-08-10: 기타시장안내              (실질심사 대상여부 결정을 위한 조사기간 연장 안내),5
대한해운,005880,0,OK,,,,2026-08-14: 반기보고서 (2026.06) | 2026-08-13: 지급수단별ㆍ지급기간별지급금액및분쟁조정기구에관한사항 | 2026-07-30: 주식등의대량보유상황보고서(일반),3
광명전기,017040,0,OK,,,,"2026-08-14: 기타시장안내              (상장적격성 실질심사 사유 발생) | 2026-08-14: 반기보고서 (2026.06) | 2026-08-14: 반기검토의견부적정,의견거절또는완전자본잠식사실발생              ",3
인제니아테라퓨틱스,950260,0,OK,,,,2026-08-19: 반기보고서 (2026.06) | 2026-08-04: 증권발행실적보고서 | 2026-07-28: [기재정정]투자설명서 | 2026-07-28: [발행조건확정]증권신고서(증권예탁증권) | 2026-07-24: 투자설명서,5
애경케미칼,161000,0,OK,,,,2026-08-14: 대표이사(대표집행임원)변경(안내공시)               | 2026-08-14: 임시주주총회결과               | 2026-08-14: 반기보고서 (2026.06) | 2026-08-12: 지급수단별ㆍ지급기간별지급금액및분쟁조정기구에관한사항 | 2026-08-03: 주식등의대량보유상황보고서(일반),7
디와이에이,002880,0,OK,,,,2026-08-21: 임원ㆍ주요주주특정증권등거래계획보고서 | 2026-08-21: 임원ㆍ주요주주특정증권등거래계획보고서 | 2026-08-18: 투자유의안내               | 2026-08-14: 반기보고서 (2026.06) | 2026-08-11: 임시주주총회결과              ,7
이미지스,115610,0,OK,,,,2026-08-14: 반기보고서 (2026.06) | 2026-07-31: [기재정정]대표이사변경               | 2026-07-31: 대표이사변경              ,3
극동유화,014530,0,OK,,,,2026-08-14: 반기보고서 (2026.06) | 2026-07-29: 최대주주등소유주식변동신고서               | 2026-07-29: 주식등의대량보유상황보고서(일반),3
하나기술,299030,0,OK,,,,2026-08-14: [기재정정]사업보고서 (2025.12) | 2026-08-14: 반기보고서 (2026.06) | 2026-08-04: 주식등의대량보유상황보고서(일반) | 2026-07-30: 전환사채(해외전환사채포함)발행후만기전사채취득              (제3회차),4
화승코퍼레이션,013520,0,OK,,,,2026-08-14: 반기보고서 (2026.06) | 2026-08-04: 주식등의대량보유상황보고서(일반) | 2026-08-04: 최대주주등소유주식변동신고서               | 2026-07-28: 최대주주등소유주식변동신고서              ,4
로보티즈,108490,0,OK,,,,2026-08-14: 반기보고서 (2026.06) | 2026-08-10: 임원ㆍ주요주주특정증권등소유상황보고서 | 2026-08-06: 임원ㆍ주요주주특정증권등거래계획보고서,3
우진플라임,049800,0,OK,,,,2026-08-18: 최대주주등소유주식변동신고서               | 2026-08-18: 임원ㆍ주요주주특정증권등소유상황보고서 | 2026-08-14: 반기보고서 (2026.06) | 2026-07-31: 최대주주등소유주식변동신고서               | 2026-07-31: 임원ㆍ주요주주특정증권등소유상황보고서,5
씨어스,458870,0,OK,,,,2026-08-14: 임원ㆍ주요주주특정증권등소유상황보고서 | 2026-08-14: 임원ㆍ주요주주특정증권등소유상황보고서 | 2026-08-14: 임원ㆍ주요주주특정증권등소유상황보고서 | 2026-08-14: 임원ㆍ주요주주특정증권등소유상황보고서 | 2026-08-14: 임원ㆍ주요주주특정증권등소유상황보고서,10
대림제지,017650,3,OK,,주식분할결정              (+3),,2026-08-18: 의결권대리행사권유참고서류 | 2026-08-14: 의결권대리행사권유참고서류 | 2026-08-14: 주주총회소집공고 | 2026-08-14: 반기보고서 (2026.06) | 2026-08-13: 수시공시의무관련사항(공정공시)              (주주가치 제고를 위한 주주환원 정책 안내),7
세아베스틸지주,001430,3,OK,,연결재무제표기준영업(잠정)실적(공정공시)              (+3),,2026-08-14: 반기보고서 (2026.06) | 2026-08-14: 지급수단별ㆍ지급기간별지급금액및분쟁조정기구에관한사항 | 2026-07-31: 지속가능경영보고서등관련사항(자율공시)               | 2026-07-30: 기업설명회(IR)개최(안내공시)               | 2026-07-30: 연결재무제표기준영업(잠정)실적(공정공시)              ,5
동국제강,460860,3,OK,,영업(잠정)실적(공정공시)              (+3),,2026-08-14: 반기보고서 (2026.06) | 2026-08-13: 지급수단별ㆍ지급기간별지급금액및분쟁조정기구에관한사항 | 2026-08-06: 현금ㆍ현물배당결정               | 2026-07-24: 영업(잠정)실적(공정공시)              ,4
진흥기업,002780,3,OK,,영업(잠정)실적(공정공시)              (+3),,2026-08-13: 반기보고서 (2026.06) | 2026-08-13: 지급수단별ㆍ지급기간별지급금액및분쟁조정기구에관한사항 | 2026-08-12: 투자판단관련주요경영사항               | 2026-08-11: 투자유의안내               | 2026-08-07: 투자유의안내              ,8
SK하이닉스,000660,3,OK,,주식소각결정              (+5) | 주요사항보고서(자기주식취득결정)(+5) | 연결재무제표기준영업(잠정)실적(공정공시)              (+3),주요사항보고서(자기주식처분결정)(-10),2026-08-21: [기재정정]임원ㆍ주요주주특정증권등소유상황보고서 | 2026-08-21: 최대주주등소유주식변동신고서               | 2026-08-21: 임원ㆍ주요주주특정증권등소유상황보고서 | 2026-08-21: 임원ㆍ주요주주특정증권등소유상황보고서 | 2026-08-21: 임원ㆍ주요주주특정증권등소유상황보고서,33
에코프로머티,450080,3,OK,,연결재무제표기준영업(잠정)실적(공정공시)              (+3),,2026-08-14: 반기보고서 (2026.06) | 2026-08-14: 지급수단별ㆍ지급기간별지급금액및분쟁조정기구에관한사항 | 2026-08-13: 최대주주등소유주식변동신고서               | 2026-08-13: 주식등의대량보유상황보고서(일반) | 2026-08-04: 연결재무제표기준영업(잠정)실적(공정공시)              ,6
대한전선,001440,3,OK,,연결재무제표기준영업(잠정)실적(공정공시)              (+3),,2026-08-14: 반기보고서 (2026.06) | 2026-08-14: [기재정정]동일인등출자계열회사와의상품ㆍ용역거래변경 | 2026-08-13: 지급수단별ㆍ지급기간별지급금액및분쟁조정기구에관한사항 | 2026-08-05: 동일인등출자계열회사와의상품ㆍ용역거래변경 | 2026-07-30: [기재정정]파생상품거래손실발생              ,7
효성화학,298000,3,OK,,연결재무제표기준영업(잠정)실적(공정공시)              (+3),,2026-08-20: 타인에대한채무보증결정               | 2026-08-14: 동일인등출자계열회사와의상품ㆍ용역거래변경 | 2026-08-14: 지급수단별ㆍ지급기간별지급금액및분쟁조정기구에관한사항 | 2026-08-13: 반기보고서 (2026.06) | 2026-08-06: 최대주주등소유주식변동신고서              ,12
지구홀딩스,221800,3,OK,,연결재무제표기준영업(잠정)실적(공정공시)              (+3),,2026-08-19: 연결재무제표기준영업(잠정)실적(공정공시)               | 2026-08-13: 기업설명회(IR)개최              ,2
바디텍메드,206640,3,OK,,연결재무제표기준영업(잠정)실적(공정공시)              (+3),,2026-08-14: 반기보고서 (2026.06) | 2026-07-30: 연결재무제표기준영업(잠정)실적(공정공시)               | 2026-07-27: [기재정정]사업보고서 (2025.12) | 2026-07-27: 주요사항보고서(자기주식취득신탁계약체결결정),4
비씨엔씨,146320,3,OK,,영업(잠정)실적(공정공시)              (+3),,2026-08-14: 반기보고서 (2026.06) | 2026-08-07: 임원ㆍ주요주주특정증권등거래계획보고서 | 2026-07-27: 영업(잠정)실적(공정공시)              ,3
카페24,042000,3,OK,,연결재무제표기준영업(잠정)실적(공정공시)              (+3),,2026-08-13: 반기보고서 (2026.06) | 2026-08-13: 신탁계약에의한취득상황보고서 | 2026-08-06: 주식등의대량보유상황보고서(일반) | 2026-08-06: 연결재무제표기준영업(잠정)실적(공정공시)              ,4
토박스코리아,215480,3,OK,,연결재무제표기준영업(잠정)실적(공정공시)              (+3),,2026-08-14: 독립이사의선임ㆍ해임또는중도퇴임에관한신고 | 2026-08-14: 임시주주총회결과               | 2026-08-14: 대표이사변경               | 2026-08-13: 소송등의판결ㆍ결정               | 2026-08-13: 소송등의판결ㆍ결정              ,18
코스맥스엔비티,222040,3,OK,,연결재무제표기준영업(잠정)실적(공정공시)              (+3),,2026-08-13: 반기보고서 (2026.06) | 2026-08-07: 연결재무제표기준영업(잠정)실적(공정공시)               | 2026-07-28: 유형자산처분결정(종속회사의주요경영사항)              ,3
HK이노엔,195940,3,OK,,영업(잠정)실적(공정공시)              (+3),,2026-08-14: 지급수단별ㆍ지급기간별지급금액및분쟁조정기구에관한사항 | 2026-08-14: 반기보고서 (2026.06) | 2026-08-12: 독립이사의선임ㆍ해임또는중도퇴임에관한신고 | 2026-08-12: 임시주주총회결과               | 2026-07-29: 기업설명회(IR)개최              ,9
엘디티,096870,3,OK,,영업(잠정)실적(공정공시)              (+3),,2026-08-14: 반기보고서 (2026.06) | 2026-08-12: 소송등의제기ㆍ신청(경영권분쟁소송)              (주주명부열람등사가처분) | 2026-07-29: 영업(잠정)실적(공정공시)               | 2026-07-29: 임원ㆍ주요주주특정증권등소유상황보고서,4
메쎄이상,408920,3,OK,,연결재무제표기준영업(잠정)실적(공정공시)              (+3),,2026-08-14: 반기보고서 (2026.06) | 2026-08-07: 연결재무제표기준영업(잠정)실적(공정공시)               | 2026-07-31: 기업설명회(IR)개최               | 2026-07-31: 결산실적공시예고              ,4
현대백화점,069960,3,OK,,연결재무제표기준영업(잠정)실적(공정공시)              (+3),,2026-08-20: 기업설명회(IR)개최(안내공시)               | 2026-08-14: 반기보고서 (2026.06) | 2026-08-14: 지급수단별ㆍ지급기간별지급금액및분쟁조정기구에관한사항 | 2026-08-05: 기업설명회(IR)개최(안내공시)               | 2026-08-05: 현금ㆍ현물배당결정              ,10
컴투스홀딩스,063080,3,OK,,연결재무제표기준영업(잠정)실적(공정공시)              (+3),,2026-08-14: 반기보고서 (2026.06) | 2026-08-12: 연결재무제표기준영업(잠정)실적(공정공시)              ,2
JW중외제약,001060,3,OK,,영업(잠정)실적(공정공시)              (+3),,2026-08-14: 투자판단관련주요경영사항               | 2026-08-14: 반기보고서 (2026.06) | 2026-08-11: 투자판단관련주요경영사항               | 2026-08-11: 공정거래자율준수프로그램운영현황(안내공시)               | 2026-08-11: 영업(잠정)실적(공정공시)              ,6
SOOP,067160,3,OK,,연결재무제표기준영업(잠정)실적(공정공시)              (+3),,2026-08-14: 반기보고서 (2026.06) | 2026-08-13: 주식등의대량보유상황보고서(일반) | 2026-07-31: 연결재무제표기준영업(잠정)실적(공정공시)              ,3
S&K폴리텍,091340,3,OK,,[기재정정]주요사항보고서(회사합병결정)(+3),,2026-08-18: 주주명부폐쇄기간또는기준일설정               | 2026-08-18: 주주총회소집결의              (임시주주총회) | 2026-08-14: 반기보고서 (2026.06) | 2026-08-14: [기재정정]사업보고서 (2025.12) | 2026-07-31: [기재정정]주요사항보고서(회사합병결정),5
현대로템,064350,3,OK,,연결재무제표기준영업(잠정)실적(공정공시)              (+3),,2026-08-14: 반기보고서 (2026.06) | 2026-08-14: 투자판단관련주요경영사항               | 2026-08-14: 풍문또는보도에대한해명(미확정)               | 2026-08-14: 지급수단별ㆍ지급기간별지급금액및분쟁조정기구에관한사항 | 2026-08-03: 주식등의대량보유상황보고서(약식),9
아이마켓코리아,122900,3,OK,,연결재무제표기준영업(잠정)실적(공정공시)              (+3),,2026-08-14: 반기보고서 (2026.06) | 2026-08-06: 현금ㆍ현물배당결정               | 2026-08-06: 연결재무제표기준영업(잠정)실적(공정공시)              ,3
TYM,002900,3,OK,,연결재무제표기준영업(잠정)실적(공정공시)              (+3),,2026-08-21: 임원ㆍ주요주주특정증권등소유상황보고서 | 2026-08-14: 임원ㆍ주요주주특정증권등소유상황보고서 | 2026-08-14: 주식등의대량보유상황보고서(일반) | 2026-08-14: 최대주주등소유주식변동신고서               | 2026-08-13: [기재정정]현금ㆍ현물배당결정              ,10
영화금속,012280,3,OK,,영업(잠정)실적(공정공시)              (+3),,2026-08-19: 주식등의대량보유상황보고서(일반) | 2026-08-19: 최대주주등소유주식변동신고서               | 2026-08-19: 임원ㆍ주요주주특정증권등소유상황보고서 | 2026-08-19: 임원ㆍ주요주주특정증권등소유상황보고서 | 2026-08-14: 반기보고서 (2026.06),10
이스타코,015020,3,OK,,유형자산취득결정              (+3),,"2026-08-14: 유형자산취득결정               | 2026-08-14: 반기보고서 (2026.06) | 2026-08-14: 반기검토의견부적정,의견거절또는완전자본잠식사실발생              ",3
롯데하이마트,071840,3,OK,,영업(잠정)실적(공정공시)              (+3),,2026-08-14: 반기보고서 (2026.06) | 2026-08-14: 지급수단별ㆍ지급기간별지급금액및분쟁조정기구에관한사항 | 2026-08-04: 기업설명회(IR)개최(안내공시)               | 2026-08-04: 영업(잠정)실적(공정공시)               | 2026-07-31: 결산실적공시예고(안내공시)              ,8
호텔신라,008770,3,OK,,연결재무제표기준영업(잠정)실적(공정공시)              (+3),,2026-08-20: 기업설명회(IR)개최(안내공시)               | 2026-08-20: 기업설명회(IR)개최(안내공시)               | 2026-08-14: 반기보고서 (2026.06) | 2026-08-14: 지급수단별ㆍ지급기간별지급금액및분쟁조정기구에관한사항 | 2026-08-05: 기업설명회(IR)개최(안내공시)              ,8
레이크머티리얼즈,281740,3,OK,,연결재무제표기준영업(잠정)실적(공정공시)              (+3),,2026-08-14: 반기보고서 (2026.06) | 2026-08-11: 연결재무제표기준영업(잠정)실적(공정공시)              ,2
코스메카코리아,241710,3,OK,,연결재무제표기준영업(잠정)실적(공정공시)              (+3),,2026-08-21: 임원ㆍ주요주주특정증권등소유상황보고서 | 2026-08-14: 반기보고서 (2026.06) | 2026-08-11: 기업설명회(IR)개최               | 2026-08-10: 연결재무제표기준영업(잠정)실적(공정공시)               | 2026-08-04: 주식등의대량보유상황보고서(약식),6
에이피알,278470,3,OK,,연결재무제표기준영업(잠정)실적(공정공시)              (+3),,2026-08-14: 반기보고서 (2026.06) | 2026-08-06: 주식등의대량보유상황보고서(약식) | 2026-08-05: 연결재무제표기준영업(잠정)실적(공정공시)               | 2026-07-27: 기업설명회(IR)개최(안내공시)               | 2026-07-27: 기업설명회(IR)개최(안내공시)              ,6
레드캡투어,038390,3,OK,,연결재무제표기준영업(잠정)실적(공정공시)              (+3),,2026-08-14: 반기보고서 (2026.06) | 2026-08-12: 기업설명회(IR)개최               | 2026-08-06: 연결재무제표기준영업(잠정)실적(공정공시)               | 2026-08-03: 기업설명회(IR)개최               | 2026-07-27: 결산실적공시예고              ,5
텔레칩스,054450,3,OK,,연결재무제표기준영업(잠정)실적(공정공시)              (+3),,2026-08-14: 반기보고서 (2026.06) | 2026-08-06: 연결재무제표기준영업(잠정)실적(공정공시)              ,2
아이쓰리시스템,214430,3,OK,,영업(잠정)실적(공정공시)              (+3),,2026-08-13: 반기보고서 (2026.06) | 2026-08-04: 영업(잠정)실적(공정공시)              ,2
배럴,267790,3,OK,,연결재무제표기준영업(잠정)실적(공정공시)              (+3),,2026-08-13: 반기보고서 (2026.06) | 2026-08-07: 연결재무제표기준영업(잠정)실적(공정공시)              ,2
헥토파이낸셜,234340,3,OK,,연결재무제표기준영업(잠정)실적(공정공시)              (+3),,2026-08-14: 반기보고서 (2026.06) | 2026-08-07: 주식등의대량보유상황보고서(일반) | 2026-08-06: 연결재무제표기준영업(잠정)실적(공정공시)              ,3
달바글로벌,483650,3,OK,,연결재무제표기준영업(잠정)실적(공정공시)              (+3),,2026-08-21: [기재정정]기업지배구조보고서공시               | 2026-08-14: 임원ㆍ주요주주특정증권등소유상황보고서 | 2026-08-14: 임원ㆍ주요주주특정증권등소유상황보고서 | 2026-08-14: 반기보고서 (2026.06) | 2026-08-13: 연결재무제표기준영업(잠정)실적(공정공시)              ,14
에스원,012750,3,OK,,연결재무제표기준영업(잠정)실적(공정공시)              (+3),,2026-08-18: 주식등의대량보유상황보고서(약식) | 2026-08-14: 반기보고서 (2026.06) | 2026-08-14: 지급수단별ㆍ지급기간별지급금액및분쟁조정기구에관한사항 | 2026-08-03: 기업설명회(IR)개최(안내공시)               | 2026-07-31: [기재정정]특수관계인과의보험거래,8
셀트리온,068270,3,OK,,[기재정정]연결재무제표기준영업(잠정)실적(공정공시)              (+3),,2026-08-21: 임원ㆍ주요주주특정증권등소유상황보고서 | 2026-08-14: 반기보고서 (2026.06) | 2026-08-14: 지급수단별ㆍ지급기간별지급금액및분쟁조정기구에관한사항 | 2026-08-03: 주식등의대량보유상황보고서(약식) | 2026-08-03: 투자판단관련주요경영사항              (CTP44(다잘렉스 바이오시밀러) 한국 임상 3상 시험계획 변경신청),17
현대에버다임,041440,3,OK,,연결재무제표기준영업(잠정)실적(공정공시)              (+3),,2026-08-14: 반기보고서 (2026.06) | 2026-08-14: 지급수단별ㆍ지급기간별지급금액및분쟁조정기구에관한사항 | 2026-07-30: 연결재무제표기준영업(잠정)실적(공정공시)               | 2026-07-29: 기업설명회(IR)개최               | 2026-07-29: 결산실적공시예고              ,5
오리온,271560,3,OK,,연결재무제표기준영업(잠정)실적(공정공시)              (+3),,2026-08-18: [기재정정]반기보고서 (2026.06) | 2026-08-14: 지급수단별ㆍ지급기간별지급금액및분쟁조정기구에관한사항 | 2026-08-14: 반기보고서 (2026.06) | 2026-08-07: 연결재무제표기준영업(잠정)실적(공정공시)              ,4
녹십자,006280,3,OK,,연결재무제표기준영업(잠정)실적(공정공시)              (+3),,2026-08-14: 반기보고서 (2026.06) | 2026-08-07: 임원ㆍ주요주주특정증권등소유상황보고서 | 2026-07-31: 공정거래자율준수프로그램운영현황(안내공시)               | 2026-07-31: 연결재무제표기준영업(잠정)실적(공정공시)              ,4
코렌텍,104540,3,OK,,연결재무제표기준영업(잠정)실적(공정공시)              (+3),,2026-08-14: 반기보고서 (2026.06) | 2026-07-24: 연결재무제표기준영업(잠정)실적(공정공시)              ,2
SNT홀딩스,036530,3,OK,,연결재무제표기준영업(잠정)실적(공정공시)              (+3),,2026-08-12: 반기보고서 (2026.06) | 2026-08-12: 현금ㆍ현물배당결정(자회사의 주요경영사항)               | 2026-08-12: 현금ㆍ현물배당결정(자회사의 주요경영사항)               | 2026-08-12: 현금ㆍ현물배당결정(자회사의 주요경영사항)               | 2026-08-12: 현금ㆍ현물배당결정              ,8
파마리서치,214450,3,OK,,연결재무제표기준영업(잠정)실적(공정공시)              (+3),,2026-08-14: 반기보고서 (2026.06) | 2026-08-07: 연결재무제표기준영업(잠정)실적(공정공시)               | 2026-08-06: 기업설명회(IR)개최              ,3
골프존,215000,3,OK,,연결재무제표기준영업(잠정)실적(공정공시)              (+3),,2026-08-14: 반기보고서 (2026.06) | 2026-07-31: 연결재무제표기준영업(잠정)실적(공정공시)              ,2
티씨케이,064760,3,OK,,영업(잠정)실적(공정공시)              (+3),,2026-08-14: 반기보고서 (2026.06) | 2026-08-07: 영업(잠정)실적(공정공시)              ,2
휴맥스,115160,3,OK,,[기재정정]주요사항보고서(회사합병결정)(+3),,2026-08-14: 파생상품거래손실발생               | 2026-08-14: [기재정정]증권신고서(합병) | 2026-08-14: [첨부정정]증권신고서(합병) | 2026-08-14: 반기보고서 (2026.06) | 2026-08-12: 주요사항보고서(자기전환사채만기전취득결정),13
케이티앤지,033780,3,OK,,연결재무제표기준영업(잠정)실적(공정공시)              (+3),,2026-08-14: 반기보고서 (2026.06) | 2026-08-14: 지급수단별ㆍ지급기간별지급금액및분쟁조정기구에관한사항 | 2026-08-06: 현금ㆍ현물배당결정               | 2026-08-06: 연결재무제표기준영업(잠정)실적(공정공시)               | 2026-08-06: 현금ㆍ현물배당을위한주주명부폐쇄(기준일)결정              ,6
대한제강,084010,3,OK,,연결재무제표기준영업(잠정)실적(공정공시)              (+3),,2026-08-18: 현금ㆍ현물배당결정               | 2026-08-18: 현금ㆍ현물배당을위한주주명부폐쇄(기준일)결정               | 2026-08-14: 반기보고서 (2026.06) | 2026-07-31: 연결재무제표기준영업(잠정)실적(공정공시)              ,4
DB,012030,3,OK,,연결재무제표기준영업(잠정)실적(공정공시)              (+3),,2026-08-14: 반기보고서 (2026.06) | 2026-08-14: 지급수단별ㆍ지급기간별지급금액및분쟁조정기구에관한사항 | 2026-08-07: 연결재무제표기준영업(잠정)실적(공정공시)              ,3
에스앤에스텍,101490,3,OK,,연결재무제표기준영업(잠정)실적(공정공시)              (+3),,2026-08-13: 반기보고서 (2026.06) | 2026-08-11: 기업설명회(IR)개최               | 2026-08-03: 연결재무제표기준영업(잠정)실적(공정공시)              ,3
제일기획,030000,3,OK,,연결재무제표기준영업(잠정)실적(공정공시)              (+3),,2026-08-21: 기업설명회(IR)개최(안내공시)               | 2026-08-14: 반기보고서 (2026.06) | 2026-08-13: 지급수단별ㆍ지급기간별지급금액및분쟁조정기구에관한사항 | 2026-07-31: 최대주주등소유주식변동신고서               | 2026-07-30: 기업설명회(IR)개최(안내공시)              ,6
한국항공우주,047810,3,OK,,연결재무제표기준영업(잠정)실적(공정공시)              (+3),,2026-08-14: 지급수단별ㆍ지급기간별지급금액및분쟁조정기구에관한사항 | 2026-08-14: 반기보고서 (2026.06) | 2026-08-10: 주식등의대량보유상황보고서(일반) | 2026-07-29: 연결재무제표기준영업(잠정)실적(공정공시)               | 2026-07-27: 주식등의대량보유상황보고서(약식),6
강원랜드,035250,3,OK,,연결재무제표기준영업(잠정)실적(공정공시)              (+3),,2026-08-14: 기업설명회(IR)개최(안내공시)               | 2026-08-14: 기업설명회(IR)개최(안내공시)               | 2026-08-14: 반기보고서 (2026.06) | 2026-08-11: 의결권대리행사권유참고서류 | 2026-08-11: [기재정정]주주명부폐쇄기간또는기준일설정              ,9
케이씨,029460,3,OK,,연결재무제표기준영업(잠정)실적(공정공시)              (+3),,2026-08-14: 반기보고서 (2026.06) | 2026-08-06: 연결재무제표기준영업(잠정)실적(공정공시)               | 2026-07-31: 주식등의대량보유상황보고서(일반) | 2026-07-24: 임원ㆍ주요주주특정증권등거래계획보고서 | 2026-07-24: 임원ㆍ주요주주특정증권등거래계획보고서,5
CJ ENM,035760,3,OK,,연결재무제표기준영업(잠정)실적(공정공시)              (+3),,2026-08-21: 기업설명회(IR)개최               | 2026-08-14: 지급수단별ㆍ지급기간별지급금액및분쟁조정기구에관한사항 | 2026-08-14: 동일인등출자계열회사와의상품ㆍ용역거래변경 | 2026-08-14: 반기보고서 (2026.06) | 2026-08-06: 특수관계인에대한자금대여,8
티엘비,356860,3,OK,,연결재무제표기준영업(잠정)실적(공정공시)              (+3),,2026-08-14: 반기보고서 (2026.06) | 2026-08-12: 기업설명회(IR)개최               | 2026-08-06: 현금ㆍ현물배당결정              (중간배당) | 2026-08-06: 주요사항보고서(자기주식취득신탁계약체결결정) | 2026-08-06: 중간(분기)배당을위한주주명부폐쇄(기준일)결정              ,19
클래시스,214150,3,OK,,연결재무제표기준영업(잠정)실적(공정공시)              (+3),,2026-08-19: 기업설명회(IR)개최               | 2026-08-14: 반기보고서 (2026.06) | 2026-08-14: 기업설명회(IR)개최               | 2026-08-12: 불성실공시법인미지정              (공시불이행) | 2026-08-12: [기재정정]연결재무제표기준영업실적등에대한전망(공정공시)              ,10
인바이오,352940,3,OK,,[기재정정]유형자산취득결정              (+3),,2026-08-19: 불성실공시법인미지정              (지정유예) | 2026-08-18: 임원ㆍ주요주주특정증권등소유상황보고서 | 2026-08-14: 임원ㆍ주요주주특정증권등소유상황보고서 | 2026-08-13: 반기보고서 (2026.06) | 2026-08-12: 주주총회소집결의              (임시주주총회),10
한화손해보험,000370,3,OK,,영업(잠정)실적(공정공시)              (+3),,2026-08-13: 반기보고서 (2026.06) | 2026-08-12: 영업(잠정)실적(공정공시)               | 2026-08-10: [기재정정]수시공시의무관련사항(공정공시)               | 2026-08-07: 임원ㆍ주요주주특정증권등소유상황보고서 | 2026-08-07: 임원ㆍ주요주주특정증권등소유상황보고서,9
하나투어,039130,3,OK,,연결재무제표기준영업(잠정)실적(공정공시)              (+3),,2026-08-18: 주식매수선택권부여에관한신고 | 2026-08-18: 대표이사(대표집행임원)변경(안내공시)               | 2026-08-18: 임시주주총회결과               | 2026-08-14: 반기보고서 (2026.06) | 2026-08-05: 연결재무제표기준영업(잠정)실적(공정공시)              ,8
넥써쓰,205500,3,OK,,연결재무제표기준영업(잠정)실적(공정공시)              (+3),,2026-08-21: 주식등의대량보유상황보고서(일반) | 2026-08-21: 임원ㆍ주요주주특정증권등소유상황보고서 | 2026-08-19: [기재정정]주식매수선택권부여에관한신고 | 2026-08-19: 증권발행결과(자율공시)               | 2026-08-14: 반기보고서 (2026.06),15
주성엔지니어링,036930,3,OK,,연결재무제표기준영업(잠정)실적(공정공시)              (+3),,2026-08-14: 반기보고서 (2026.06) | 2026-08-03: 주식등의대량보유상황보고서(약식) | 2026-07-29: 연결재무제표기준영업(잠정)실적(공정공시)              ,3
효성티앤씨,298020,3,OK,,연결재무제표기준영업(잠정)실적(공정공시)              (+3),,2026-08-13: 반기보고서 (2026.06) | 2026-08-13: 지급수단별ㆍ지급기간별지급금액및분쟁조정기구에관한사항 | 2026-08-03: 임원ㆍ주요주주특정증권등소유상황보고서 | 2026-07-31: 기업설명회(IR)개최(안내공시)               | 2026-07-31: 연결재무제표기준영업(잠정)실적(공정공시)              ,5
보령,003850,3,OK,,연결재무제표기준영업(잠정)실적(공정공시)              (+3),,2026-08-19: 기업설명회(IR)개최(안내공시)               | 2026-08-14: 반기보고서 (2026.06) | 2026-08-06: 연결재무제표기준영업(잠정)실적(공정공시)              ,3
DB하이텍,000990,3,OK,,연결재무제표기준영업(잠정)실적(공정공시)              (+3),,2026-08-14: 반기보고서 (2026.06) | 2026-08-14: 지급수단별ㆍ지급기간별지급금액및분쟁조정기구에관한사항 | 2026-08-05: 연결재무제표기준영업(잠정)실적(공정공시)               | 2026-08-03: 주식등의대량보유상황보고서(약식) | 2026-07-31: 기업설명회(IR)개최(안내공시)              ,5
제주항공,089590,3,OK,,영업(잠정)실적(공정공시)              (+3),,2026-08-20: 기업설명회(IR)개최(안내공시)               | 2026-08-20: [기재정정]영업양도결정(자율공시)(종속회사의주요경영사항)               | 2026-08-20: 특수관계인으로부터자산양수 | 2026-08-14: 반기보고서 (2026.06) | 2026-08-14: 지급수단별ㆍ지급기간별지급금액및분쟁조정기구에관한사항,10
코웨이,021240,3,OK,,연결재무제표기준영업(잠정)실적(공정공시)              (+3),,2026-08-21: 기업설명회(IR)개최(안내공시)               | 2026-08-19: 최대주주등소유주식변동신고서               | 2026-08-19: 임원ㆍ주요주주특정증권등소유상황보고서 | 2026-08-14: 반기보고서 (2026.06) | 2026-08-14: 지급수단별ㆍ지급기간별지급금액및분쟁조정기구에관한사항,10
동양생명,082640,3,OK,,연결재무제표기준영업(잠정)실적(공정공시)              (+3),,2026-08-18: 임원ㆍ주요주주특정증권등소유상황보고서 | 2026-08-18: 주식등의대량보유상황보고서(일반) | 2026-08-14: 반기보고서 (2026.06) | 2026-08-14: 임원ㆍ주요주주특정증권등소유상황보고서 | 2026-08-14: 임원ㆍ주요주주특정증권등소유상황보고서,12
메가스터디교육,215200,3,OK,,연결재무제표기준영업(잠정)실적(공정공시)              (+3),,2026-08-14: 반기보고서 (2026.06) | 2026-08-10: 임원ㆍ주요주주특정증권등소유상황보고서 | 2026-08-07: 연결재무제표기준영업(잠정)실적(공정공시)              ,3
포스코인터내셔널,047050,3,OK,,연결재무제표기준영업(잠정)실적(공정공시)              (+3),,2026-08-21: 자원개발진행사항공시(자율공시)               | 2026-08-14: 반기보고서 (2026.06) | 2026-08-14: 주식등의대량보유상황보고서(일반) | 2026-08-07: 임원ㆍ주요주주특정증권등거래계획보고서 | 2026-08-07: 지급수단별ㆍ지급기간별지급금액및분쟁조정기구에관한사항,10
바텍,043150,3,OK,,연결재무제표기준영업(잠정)실적(공정공시)              (+3),,2026-08-20: 기업설명회(IR)개최               | 2026-08-14: 반기보고서 (2026.06) | 2026-08-13: 기업설명회(IR)개최               | 2026-08-11: 연결재무제표기준영업(잠정)실적(공정공시)               | 2026-08-06: 결산실적공시예고              ,5
JW생명과학,234080,3,OK,,영업(잠정)실적(공정공시)              (+3),,2026-08-14: 반기보고서 (2026.06) | 2026-08-12: 영업(잠정)실적(공정공시)              ,2
CJ씨푸드,011150,3,OK,,영업(잠정)실적(공정공시)              (+3),,2026-08-21: 대표이사(대표집행임원)변경(안내공시)               | 2026-08-21: 임시주주총회결과               | 2026-08-14: 반기보고서 (2026.06) | 2026-08-12: 지급수단별ㆍ지급기간별지급금액및분쟁조정기구에관한사항 | 2026-08-11: 영업(잠정)실적(공정공시)              ,6
아시아나항공,020560,3,OK,,회사합병결정(종속회사의주요경영사항)              (+3),,2026-08-21: 기타경영사항(자율공시)               | 2026-08-21: 회사합병결정(종속회사의주요경영사항)               | 2026-08-19: 소송등의제기ㆍ신청(일정금액이상의청구)               | 2026-08-13: 반기보고서 (2026.06) | 2026-08-13: 지급수단별ㆍ지급기간별지급금액및분쟁조정기구에관한사항,9
KG이니시스,035600,3,OK,,연결재무제표기준영업(잠정)실적(공정공시)              (+3),,2026-08-13: 지급수단별ㆍ지급기간별지급금액및분쟁조정기구에관한사항 | 2026-08-13: 반기보고서 (2026.06) | 2026-08-05: 연결재무제표기준영업(잠정)실적(공정공시)               | 2026-08-04: 주식등의대량보유상황보고서(일반) | 2026-07-30: 기업설명회(IR)개최              ,5
하이록코리아,013030,3,OK,,연결재무제표기준영업(잠정)실적(공정공시)              (+3),,2026-08-18: 주식등의대량보유상황보고서(약식) | 2026-08-14: 반기보고서 (2026.06) | 2026-08-12: 주식등의대량보유상황보고서(약식) | 2026-08-10: 연결재무제표기준영업(잠정)실적(공정공시)              ,4
삼성SDI,006400,3,OK,,연결재무제표기준영업(잠정)실적(공정공시)              (+3),,2026-08-21: 특수관계인에대한주식의처분 | 2026-08-21: 주요사항보고서(타법인주식및출자증권양도결정) | 2026-08-14: 반기보고서 (2026.06) | 2026-08-14: 지급수단별ㆍ지급기간별지급금액및분쟁조정기구에관한사항 | 2026-08-11: 투자판단관련주요경영사항              ,8
한화,000880,3,OK,,영업(잠정)실적(공정공시)              (+3),,2026-08-14: 반기보고서 (2026.06) | 2026-08-14: 지급수단별ㆍ지급기간별지급금액및분쟁조정기구에관한사항 | 2026-08-04: 특수관계인에대한담보제공 | 2026-08-04: 특수관계인으로부터받은담보 | 2026-08-04: 영업(잠정)실적(공정공시)              ,30
SUN&L,002820,3,OK,,영업(잠정)실적(공정공시)              (+3),,2026-08-14: 반기보고서 (2026.06) | 2026-08-13: 임원ㆍ주요주주특정증권등소유상황보고서 | 2026-08-07: 최대주주등소유주식변동신고서               | 2026-08-07: 주식등의대량보유상황보고서(일반) | 2026-08-07: 임원ㆍ주요주주특정증권등소유상황보고서,7
코스모화학,005420,3,OK,,영업(잠정)실적(공정공시)              (+3),,2026-08-21: 주식등의대량보유상황보고서(일반) | 2026-08-14: 반기보고서 (2026.06) | 2026-07-30: 영업(잠정)실적(공정공시)              ,3
위메이드맥스,101730,3,OK,,연결재무제표기준영업(잠정)실적(공정공시)              (+3),,2026-08-14: 반기보고서 (2026.06) | 2026-08-12: 연결재무제표기준영업(잠정)실적(공정공시)               | 2026-08-12: 기업설명회(IR)개최              ,3
CJ제일제당,097950,3,OK,,연결재무제표기준영업(잠정)실적(공정공시)              (+3),,2026-08-14: 반기보고서 (2026.06) | 2026-08-14: 지급수단별ㆍ지급기간별지급금액및분쟁조정기구에관한사항 | 2026-08-11: 연결재무제표기준영업(잠정)실적(공정공시)               | 2026-08-10: 동일인등출자계열회사와의상품ㆍ용역거래 | 2026-08-10: 동일인등출자계열회사와의상품ㆍ용역거래변경,8
LX하우시스,108670,3,OK,,연결재무제표기준영업(잠정)실적(공정공시)              (+3),,2026-08-14: 반기보고서 (2026.06) | 2026-08-14: 지급수단별ㆍ지급기간별지급금액및분쟁조정기구에관한사항 | 2026-07-30: 연결재무제표기준영업(잠정)실적(공정공시)               | 2026-07-27: 결산실적공시예고(안내공시)              ,4
HD현대마린솔루션,443060,3,OK,,연결재무제표기준영업(잠정)실적(공정공시)              (+3),,2026-08-14: 동일인등출자계열회사와의상품ㆍ용역거래변경 | 2026-08-14: 지급수단별ㆍ지급기간별지급금액및분쟁조정기구에관한사항 | 2026-08-14: 반기보고서 (2026.06) | 2026-08-13: [첨부정정]지속가능경영보고서등관련사항(자율공시)               | 2026-08-05: 임원ㆍ주요주주특정증권등소유상황보고서,11
LG전자,066570,3,OK,,[기재정정]연결재무제표기준영업(잠정)실적(공정공시)              (+3),,2026-08-14: 반기보고서 (2026.06) | 2026-08-13: 지급수단별ㆍ지급기간별지급금액및분쟁조정기구에관한사항 | 2026-08-06: 중대재해발생(종속회사의주요경영사항)               | 2026-07-30: [기재정정]연결재무제표기준영업(잠정)실적(공정공시)               | 2026-07-29: 주요사항보고서(자기주식취득신탁계약해지결정),9
삼양패키징,272550,3,OK,,연결재무제표기준영업(잠정)실적(공정공시)              (+3),,2026-08-14: 반기보고서 (2026.06) | 2026-08-14: 지급수단별ㆍ지급기간별지급금액및분쟁조정기구에관한사항 | 2026-08-04: 연결재무제표기준영업(잠정)실적(공정공시)              ,3
롯데렌탈,089860,3,OK,,연결재무제표기준영업(잠정)실적(공정공시)              (+3),,2026-08-18: 주식등의대량보유상황보고서(일반) | 2026-08-14: 반기보고서 (2026.06) | 2026-08-14: 지급수단별ㆍ지급기간별지급금액및분쟁조정기구에관한사항 | 2026-08-11: 투자판단관련주요경영사항               | 2026-08-11: 주식등의대량보유상황보고서(일반),11
PI첨단소재,178920,3,OK,,영업(잠정)실적(공정공시)              (+3),,2026-08-14: 반기보고서 (2026.06) | 2026-08-13: 의결권대리행사권유참고서류 | 2026-08-13: 주주총회소집공고 | 2026-07-31: 임원ㆍ주요주주특정증권등소유상황보고서 | 2026-07-28: 영업(잠정)실적(공정공시)              ,9
BGF에코머티리얼즈,126600,3,OK,,연결재무제표기준영업(잠정)실적(공정공시)              (+3),,2026-08-19: 타법인주식및출자증권취득결정               | 2026-08-14: 반기보고서 (2026.06) | 2026-08-14: 지급수단별ㆍ지급기간별지급금액및분쟁조정기구에관한사항 | 2026-08-10: 주식등의대량보유상황보고서(일반) | 2026-08-06: 연결재무제표기준영업(잠정)실적(공정공시)              ,5
씨에스윈드,112610,3,OK,,연결재무제표기준영업(잠정)실적(공정공시)              (+3),,2026-08-21: 주식등의대량보유상황보고서(일반) | 2026-08-18: 기업설명회(IR)개최(안내공시)               | 2026-08-18: 기업설명회(IR)개최(안내공시)               | 2026-08-14: 반기보고서 (2026.06) | 2026-08-10: 타인에대한채무보증결정              ,15
에스피지,058610,3,OK,,연결재무제표기준영업(잠정)실적(공정공시)              (+3),,2026-08-14: 반기보고서 (2026.06) | 2026-08-12: 연결재무제표기준영업(잠정)실적(공정공시)              ,2
하림,136480,3,OK,,연결재무제표기준영업(잠정)실적(공정공시)              (+3),,2026-08-13: [기재정정]지급수단별ㆍ지급기간별지급금액및분쟁조정기구에관한사항 | 2026-08-13: 지급수단별ㆍ지급기간별지급금액및분쟁조정기구에관한사항 | 2026-08-12: 반기보고서 (2026.06) | 2026-08-07: 연결재무제표기준영업(잠정)실적(공정공시)              ,4
네오위즈,095660,3,OK,,연결재무제표기준영업(잠정)실적(공정공시)              (+3),,2026-08-14: 반기보고서 (2026.06) | 2026-08-12: 주요사항보고서(자기주식취득신탁계약체결결정) | 2026-08-12: 대표이사변경               | 2026-08-12: 연결재무제표기준영업(잠정)실적(공정공시)               | 2026-07-28: 결산실적공시예고              ,5
그래피,318060,3,OK,,연결재무제표기준영업(잠정)실적(공정공시)              (+3),,2026-08-14: 반기보고서 (2026.06) | 2026-08-11: [첨부정정]주요사항보고서(타법인주식및출자증권양수결정) | 2026-08-10: 주요사항보고서(타법인주식및출자증권양수결정) | 2026-07-31: 조회공시요구(풍문또는보도)에대한답변(미확정)               | 2026-07-24: 연결재무제표기준영업(잠정)실적(공정공시)              ,5
라온로보틱스,232680,3,OK,,영업(잠정)실적(공정공시)              (+3),,2026-08-21: 신규시설투자등               | 2026-08-13: 반기보고서 (2026.06) | 2026-07-31: 영업(잠정)실적(공정공시)              ,3
SK아이이테크놀로지,361610,3,OK,,연결재무제표기준영업(잠정)실적(공정공시)              (+3),,2026-08-14: 반기보고서 (2026.06) | 2026-08-10: 지급수단별ㆍ지급기간별지급금액및분쟁조정기구에관한사항 | 2026-07-30: 연결재무제표기준영업(잠정)실적(공정공시)              ,3
잉글우드랩,950140,3,OK,,연결재무제표기준영업(잠정)실적(공정공시)              (+3),,2026-08-11: 반기보고서 (2026.06) | 2026-08-11: 기업설명회(IR)개최               | 2026-08-10: 연결재무제표기준영업(잠정)실적(공정공시)               | 2026-08-03: 결산실적공시예고              ,4
네오팜,092730,3,OK,,영업(잠정)실적(공정공시)              (+3),,2026-08-14: 반기보고서 (2026.06) | 2026-08-07: 영업(잠정)실적(공정공시)              ,2
S-Oil,010950,3,OK,,연결재무제표기준영업(잠정)실적(공정공시)              (+3),,2026-08-14: 반기보고서 (2026.06) | 2026-08-13: 지급수단별ㆍ지급기간별지급금액및분쟁조정기구에관한사항 | 2026-08-11: [기재정정]현금ㆍ현물배당결정               | 2026-08-10: 현금ㆍ현물배당결정               | 2026-08-10: 현금ㆍ현물배당을위한주주명부폐쇄(기준일)결정              ,8
도이치모터스,067990,3,OK,,연결재무제표기준영업(잠정)실적(공정공시)              (+3),,2026-08-14: 반기보고서 (2026.06) | 2026-08-10: 주식등의대량보유상황보고서(일반) | 2026-07-31: [기재정정]타인에대한채무보증결정               | 2026-07-31: [기재정정]타인에대한채무보증결정               | 2026-07-31: [기재정정]타인에대한채무보증결정              ,6
씨티케이,260930,3,OK,,연결재무제표기준영업(잠정)실적(공정공시)              (+3),,2026-08-14: 반기보고서 (2026.06) | 2026-08-10: 연결재무제표기준영업(잠정)실적(공정공시)              ,2
LS마린솔루션,060370,3,OK,,연결재무제표기준영업(잠정)실적(공정공시)              (+3),,2026-08-14: 반기보고서 (2026.06) | 2026-08-14: 지급수단별ㆍ지급기간별지급금액및분쟁조정기구에관한사항 | 2026-08-05: 연결재무제표기준영업(잠정)실적(공정공시)              ,3
GC메디아이,032620,3,OK,,연결재무제표기준영업(잠정)실적(공정공시)              (+3),,2026-08-14: 반기보고서 (2026.06) | 2026-08-10: 연결재무제표기준영업(잠정)실적(공정공시)               | 2026-08-05: 주식등의대량보유상황보고서(일반),3
넷마블,251270,3,OK,,연결재무제표기준영업(잠정)실적(공정공시)              (+3),,2026-08-21: 임원ㆍ주요주주특정증권등거래계획보고서 | 2026-08-21: 임원ㆍ주요주주특정증권등거래계획보고서 | 2026-08-14: 지급수단별ㆍ지급기간별지급금액및분쟁조정기구에관한사항 | 2026-08-14: 반기보고서 (2026.06) | 2026-08-07: 최대주주등소유주식변동신고서              ,15
메디톡스,086900,3,OK,,연결재무제표기준영업(잠정)실적(공정공시)              (+3),,2026-08-13: 반기보고서 (2026.06) | 2026-08-10: 연결재무제표기준영업(잠정)실적(공정공시)               | 2026-08-03: 임원ㆍ주요주주특정증권등소유상황보고서 | 2026-07-30: 임원ㆍ주요주주특정증권등소유상황보고서,4
한국전력공사,015760,3,OK,,연결재무제표기준영업(잠정)실적(공정공시)              (+3),,2026-08-14: 반기보고서 (2026.06) | 2026-08-12: 연결재무제표기준영업(잠정)실적(공정공시)               | 2026-08-07: 기업설명회(IR)개최(안내공시)               | 2026-08-07: 결산실적공시예고(안내공시)              ,4
케이씨씨,002380,3,OK,,연결재무제표기준영업(잠정)실적(공정공시)              (+3),,2026-08-20: 주식등의대량보유상황보고서(일반) | 2026-08-20: 기업가치제고계획(자율공시)              (2026년) | 2026-08-18: 기업설명회(IR)개최(안내공시)               | 2026-08-14: 지급수단별ㆍ지급기간별지급금액및분쟁조정기구에관한사항 | 2026-08-14: 반기보고서 (2026.06),13
지씨셀,144510,3,OK,,연결재무제표기준영업(잠정)실적(공정공시)              (+3),,2026-08-14: 반기보고서 (2026.06) | 2026-07-30: 연결재무제표기준영업(잠정)실적(공정공시)               | 2026-07-27: 임원ㆍ주요주주특정증권등소유상황보고서 | 2026-07-24: 임원ㆍ주요주주특정증권등소유상황보고서 | 2026-07-24: 임원ㆍ주요주주특정증권등소유상황보고서,9
광동제약,009290,3,OK,,연결재무제표기준영업(잠정)실적(공정공시)              (+3),,2026-08-14: 반기보고서 (2026.06) | 2026-08-12: 연결재무제표기준영업(잠정)실적(공정공시)               | 2026-07-31: 결산실적공시예고(안내공시)              ,3
SM C&C,048550,3,OK,,연결재무제표기준영업(잠정)실적(공정공시)              (+3),,2026-08-14: 반기보고서 (2026.06) | 2026-08-14: 지급수단별ㆍ지급기간별지급금액및분쟁조정기구에관한사항 | 2026-08-04: 연결재무제표기준영업(잠정)실적(공정공시)              ,3
LX인터내셔널,001120,3,OK,,연결재무제표기준영업(잠정)실적(공정공시)              (+3),,2026-08-14: 반기보고서 (2026.06) | 2026-08-14: 지급수단별ㆍ지급기간별지급금액및분쟁조정기구에관한사항 | 2026-08-12: 특수관계인에대한담보제공 | 2026-08-12: 특수관계인에대한자금대여 | 2026-08-12: 특수관계인에대한담보제공,13
케이티알파,036030,3,OK,,영업(잠정)실적(공정공시)              (+3),,2026-08-21: 임원ㆍ주요주주특정증권등소유상황보고서 | 2026-08-14: 반기보고서 (2026.06) | 2026-08-14: 지급수단별ㆍ지급기간별지급금액및분쟁조정기구에관한사항 | 2026-08-12: 영업(잠정)실적(공정공시)              ,4
인스피언,465480,3,OK,,영업(잠정)실적(공정공시)              (+3),,2026-08-13: 반기보고서 (2026.06) | 2026-08-13: 영업(잠정)실적(공정공시)              ,2
SJG세종,033530,3,OK,,주요사항보고서(회사합병결정)(+3),,2026-08-19: 주주명부폐쇄기간또는기준일설정               | 2026-08-19: 주요사항보고서(회사합병결정) | 2026-08-14: 반기보고서 (2026.06),3
중앙백신,072020,3,OK,,영업(잠정)실적(공정공시)              (+3),,2026-08-18: 유동성공급계약의체결               | 2026-08-14: 반기보고서 (2026.06) | 2026-08-06: 임원ㆍ주요주주특정증권등소유상황보고서 | 2026-08-05: 영업(잠정)실적(공정공시)              ,4
LG헬로비전,037560,3,OK,,연결재무제표기준영업(잠정)실적(공정공시)              (+3),,2026-08-14: 반기보고서 (2026.06) | 2026-08-13: 지급수단별ㆍ지급기간별지급금액및분쟁조정기구에관한사항 | 2026-08-06: 연결재무제표기준영업(잠정)실적(공정공시)               | 2026-07-30: 결산실적공시예고(안내공시)              ,4
비엠티,086670,3,OK,,연결재무제표기준영업(잠정)실적(공정공시)              (+3),,2026-08-14: 반기보고서 (2026.06) | 2026-08-10: 연결재무제표기준영업(잠정)실적(공정공시)              ,2
현대리바트,079430,3,OK,,연결재무제표기준영업(잠정)실적(공정공시)              (+3),,2026-08-14: 반기보고서 (2026.06) | 2026-08-13: 지급수단별ㆍ지급기간별지급금액및분쟁조정기구에관한사항 | 2026-08-10: 기업설명회(IR)개최(안내공시)               | 2026-08-04: 공정거래자율준수프로그램운영현황(안내공시)               | 2026-08-04: 연결재무제표기준영업(잠정)실적(공정공시)              ,6
에스케이렌터카,068400,3,OK,,주요사항보고서(회사합병결정)(+3),,2026-08-14: 반기보고서 (2026.06) | 2026-08-14: 주요사항보고서(회사합병결정),2
위메이드,112040,3,OK,,연결재무제표기준영업(잠정)실적(공정공시)              (+3),,2026-08-18: 주식등의대량보유상황보고서(일반) | 2026-08-14: 반기보고서 (2026.06) | 2026-08-12: [기재정정]주식매수선택권부여에관한신고 | 2026-08-12: 연결재무제표기준영업(잠정)실적(공정공시)              ,4
키다리스튜디오,020120,3,OK,,연결재무제표기준영업(잠정)실적(공정공시)              (+3),,2026-08-14: 반기보고서 (2026.06) | 2026-08-14: 지급수단별ㆍ지급기간별지급금액및분쟁조정기구에관한사항 | 2026-08-11: 연결재무제표기준영업(잠정)실적(공정공시)              ,3
CJ CGV,079160,3,OK,,연결재무제표기준영업(잠정)실적(공정공시)              (+3),,2026-08-14: 반기보고서 (2026.06) | 2026-08-14: 지급수단별ㆍ지급기간별지급금액및분쟁조정기구에관한사항 | 2026-08-14: [기재정정]소송등의판결ㆍ결정(일정금액이상의청구)               | 2026-08-13: 소송등의판결ㆍ결정(일정금액이상의청구)               | 2026-08-07: 연결재무제표기준영업(잠정)실적(공정공시)              ,8
한미반도체,042700,3,OK,,유형자산취득결정              (+3),,2026-08-19: 기업설명회(IR)개최(안내공시)               | 2026-08-19: 기업설명회(IR)개최(안내공시)               | 2026-08-19: 기업설명회(IR)개최(안내공시)               | 2026-08-18: 유형자산취득결정               | 2026-08-14: 반기보고서 (2026.06),7
심텍,222800,3,OK,,연결재무제표기준영업(잠정)실적(공정공시)              (+3),,2026-08-13: 반기보고서 (2026.06) | 2026-08-11: 전환청구권행사               | 2026-08-05: 기업설명회(IR)개최               | 2026-08-05: 연결재무제표기준영업실적등에대한전망(공정공시)               | 2026-08-05: 연결재무제표기준영업(잠정)실적(공정공시)              ,5
CJ대한통운,000120,3,OK,,연결재무제표기준영업(잠정)실적(공정공시)              (+3),,2026-08-14: 반기보고서 (2026.06) | 2026-08-14: 지급수단별ㆍ지급기간별지급금액및분쟁조정기구에관한사항 | 2026-08-11: 연결재무제표기준영업(잠정)실적(공정공시)               | 2026-07-29: 결산실적공시예고(안내공시)               | 2026-07-29: 기업설명회(IR)개최(안내공시)              ,5
F&F,383220,3,OK,,연결재무제표기준영업(잠정)실적(공정공시)              (+3),,2026-08-14: 반기보고서 (2026.06) | 2026-08-13: 투자판단관련주요경영사항               | 2026-07-31: 연결재무제표기준영업(잠정)실적(공정공시)              ,3
롯데쇼핑,023530,3,OK,,연결재무제표기준영업(잠정)실적(공정공시)              (+3),,2026-08-21: 기업설명회(IR)개최(안내공시)               | 2026-08-14: 반기보고서 (2026.06) | 2026-08-14: 지급수단별ㆍ지급기간별지급금액및분쟁조정기구에관한사항 | 2026-08-07: 연결재무제표기준영업(잠정)실적(공정공시)               | 2026-08-03: 기업설명회(IR)개최(안내공시)              ,9
코텍,052330,3,OK,,연결재무제표기준영업(잠정)실적(공정공시)              (+3),,2026-08-14: 반기보고서 (2026.06) | 2026-08-07: 연결재무제표기준영업(잠정)실적(공정공시)              ,2
GS,078930,3,OK,,연결재무제표기준영업(잠정)실적(공정공시)              (+3),,2026-08-20: 최대주주등소유주식변동신고서               | 2026-08-14: 반기보고서 (2026.06) | 2026-08-14: 지급수단별ㆍ지급기간별지급금액및분쟁조정기구에관한사항 | 2026-08-12: 최대주주등소유주식변동신고서               | 2026-08-12: 임원ㆍ주요주주특정증권등소유상황보고서,13
현대바이오랜드,052260,3,OK,,연결재무제표기준영업(잠정)실적(공정공시)              (+3),,2026-08-14: 반기보고서 (2026.06) | 2026-08-14: 지급수단별ㆍ지급기간별지급금액및분쟁조정기구에관한사항 | 2026-08-03: 연결재무제표기준영업(잠정)실적(공정공시)               | 2026-07-28: 결산실적공시예고              ,4
카카오뱅크,323410,3,OK,,영업(잠정)실적(공정공시)              (+3),,2026-08-18: 기업설명회(IR)개최(안내공시)               | 2026-08-14: 반기보고서 (2026.06) | 2026-08-14: 임원ㆍ주요주주특정증권등소유상황보고서 | 2026-08-14: 임원ㆍ주요주주특정증권등소유상황보고서 | 2026-08-14: 임원ㆍ주요주주특정증권등소유상황보고서,18
티플랙스,081150,3,OK,,영업(잠정)실적(공정공시)              (+3),,2026-08-14: 반기보고서 (2026.06) | 2026-08-05: 영업(잠정)실적(공정공시)               | 2026-07-31: 자기주식처분결과보고서,3
폰드그룹,472850,3,OK,,연결재무제표기준영업(잠정)실적(공정공시)              (+3),,2026-08-19: 주식등의대량보유상황보고서(일반) | 2026-08-19: [기재정정]반기보고서 (2026.06) | 2026-08-14: 반기보고서 (2026.06) | 2026-08-13: 지급수단별ㆍ지급기간별지급금액및분쟁조정기구에관한사항 | 2026-08-03: 연결재무제표기준영업(잠정)실적(공정공시)              ,7
대신증권,003540,3,OK,,연결재무제표기준영업(잠정)실적(공정공시)              (+3),,2026-08-21: 투자설명서(일괄신고) | 2026-08-21: 투자설명서(일괄신고) | 2026-08-21: 일괄신고추가서류(파생결합사채-주가연계파생결합사채) | 2026-08-21: 일괄신고추가서류(기타파생결합사채) | 2026-08-21: 투자설명서(일괄신고),60
엘앤에프,066970,3,OK,,연결재무제표기준영업(잠정)실적(공정공시)              (+3),,2026-08-14: 반기보고서 (2026.06) | 2026-08-14: [기재정정]사업보고서 (2025.12) | 2026-08-06: 연결재무제표기준영업(잠정)실적(공정공시)               | 2026-08-05: 주식등의대량보유상황보고서(일반) | 2026-07-28: 기업설명회(IR)개최(안내공시)              ,5
웹젠,069080,3,OK,,연결재무제표기준영업(잠정)실적(공정공시)              (+3),,2026-08-13: 반기보고서 (2026.06) | 2026-08-06: 연결재무제표기준영업(잠정)실적(공정공시)               | 2026-08-06: 현금ㆍ현물배당결정              (분기배당) | 2026-08-06: 중간(분기)배당을위한주주명부폐쇄(기준일)결정               | 2026-07-24: 결산실적공시예고              ,6
송원산업,004430,3,OK,,연결재무제표기준영업(잠정)실적(공정공시)              (+3),,2026-08-13: 반기보고서 (2026.06) | 2026-07-29: 연결재무제표기준영업(잠정)실적(공정공시)              ,2
세아메카닉스,396300,3,OK,,영업(잠정)실적(공정공시)              (+3),,2026-08-19: 임시주주총회결과               | 2026-08-19: 상호변경안내               | 2026-08-13: 반기보고서 (2026.06) | 2026-08-05: 주주총회소집공고 | 2026-07-28: 영업(잠정)실적(공정공시)              ,5
효성중공업,298040,3,OK,,연결재무제표기준영업(잠정)실적(공정공시)              (+3),,2026-08-13: 반기보고서 (2026.06) | 2026-08-13: 지급수단별ㆍ지급기간별지급금액및분쟁조정기구에관한사항 | 2026-08-13: 동일인등출자계열회사와의상품ㆍ용역거래변경 | 2026-08-03: 임원ㆍ주요주주특정증권등소유상황보고서 | 2026-07-31: 동일인등출자계열회사와의상품ㆍ용역거래변경,10
종근당바이오,063160,3,OK,,영업(잠정)실적(공정공시)              (+3),,2026-08-14: 투자판단관련주요경영사항               | 2026-08-14: 반기보고서 (2026.06) | 2026-07-31: 영업(잠정)실적(공정공시)              ,3
대웅제약,069620,3,OK,,영업(잠정)실적(공정공시)              (+3),,2026-08-21: 임원ㆍ주요주주특정증권등소유상황보고서 | 2026-08-14: 반기보고서 (2026.06) | 2026-07-29: 영업(잠정)실적(공정공시)               | 2026-07-28: 주주총회소집결의               | 2026-07-28: 주주명부폐쇄기간또는기준일설정              ,5
유한양행,000100,3,OK,,영업(잠정)실적(공정공시)              (+3),,2026-08-18: 기업설명회(IR)개최(안내공시)               | 2026-08-14: 반기보고서 (2026.06) | 2026-08-10: 주식등의대량보유상황보고서(약식) | 2026-07-31: 임원ㆍ주요주주특정증권등소유상황보고서 | 2026-07-30: 영업(잠정)실적(공정공시)              ,6
마녀공장,439090,3,OK,,연결재무제표기준영업(잠정)실적(공정공시)              (+3),,2026-08-14: 반기보고서 (2026.06) | 2026-08-12: 연결재무제표기준영업(잠정)실적(공정공시)               | 2026-08-12: 신탁계약해지결과보고서 | 2026-08-12: 주요사항보고서(자기주식취득신탁계약해지결정),4
JW신약,067290,3,OK,,영업(잠정)실적(공정공시)              (+3),,2026-08-14: 반기보고서 (2026.06) | 2026-08-12: 영업(잠정)실적(공정공시)              ,2
사조산업,007160,3,OK,,유형자산취득결정(종속회사의주요경영사항)              (+3),,2026-08-14: 지급수단별ㆍ지급기간별지급금액및분쟁조정기구에관한사항 | 2026-08-14: 반기보고서 (2026.06) | 2026-08-12: 유형자산취득결정(종속회사의주요경영사항)               | 2026-08-06: 임원ㆍ주요주주특정증권등소유상황보고서,4
한화엔진,082740,3,OK,,연결재무제표기준영업(잠정)실적(공정공시)              (+3),,2026-08-14: 반기보고서 (2026.06) | 2026-08-14: 지급수단별ㆍ지급기간별지급금액및분쟁조정기구에관한사항 | 2026-08-10: 임원ㆍ주요주주특정증권등소유상황보고서 | 2026-08-03: 임원ㆍ주요주주특정증권등소유상황보고서 | 2026-08-03: 자기주식취득결과보고서,7
파수AI,150900,3,OK,,연결재무제표기준영업(잠정)실적(공정공시)              (+3),,2026-08-13: 반기보고서 (2026.06) | 2026-08-12: 주식등의대량보유상황보고서(일반) | 2026-07-31: 연결재무제표기준영업(잠정)실적(공정공시)              ,3
롯데칠성음료,005300,3,OK,,연결재무제표기준영업(잠정)실적(공정공시)              (+3),,2026-08-13: 반기보고서 (2026.06) | 2026-08-12: 지급수단별ㆍ지급기간별지급금액및분쟁조정기구에관한사항 | 2026-08-05: 연결재무제표기준영업(잠정)실적(공정공시)               | 2026-08-04: 기업설명회(IR)개최(안내공시)               | 2026-07-31: 최대주주등소유주식변동신고서              ,5
와이엠씨,155650,3,OK,,연결재무제표기준영업(잠정)실적(공정공시)              (+3),,2026-08-14: 반기보고서 (2026.06) | 2026-08-05: 연결재무제표기준영업(잠정)실적(공정공시)              ,2
동진쎄미켐,005290,3,OK,,연결재무제표기준영업(잠정)실적(공정공시)              (+3),,2026-08-14: 반기보고서 (2026.06) | 2026-08-06: 연결재무제표기준영업(잠정)실적(공정공시)               | 2026-07-31: 주요사항보고서(자기주식취득신탁계약체결결정),3
시프트업,462870,3,OK,,연결재무제표기준영업(잠정)실적(공정공시)              (+3),,2026-08-14: 반기보고서 (2026.06) | 2026-08-11: 연결재무제표기준영업(잠정)실적(공정공시)              ,2
큐리옥스바이오시스템즈,445680,3,OK,,연결재무제표기준영업(잠정)실적(공정공시)              (+3),,2026-08-14: 반기보고서 (2026.06) | 2026-08-12: [기재정정]주식매수선택권부여에관한신고 | 2026-08-11: 주식매수선택권부여에관한신고 | 2026-08-10: 임원ㆍ주요주주특정증권등소유상황보고서 | 2026-08-10: 주식등의대량보유상황보고서(일반),7
로젠,033290,3,OK,,[기재정정]주요사항보고서(회사합병결정)(+3),,2026-08-20: 주식등의대량보유상황보고서(일반) | 2026-08-14: 반기보고서 (2026.06) | 2026-08-12: 주식등의대량보유상황보고서(일반) | 2026-08-11: 지급수단별ㆍ지급기간별지급금액및분쟁조정기구에관한사항 | 2026-07-30: [기재정정]주요사항보고서(회사합병결정),8
롯데정밀화학,004000,3,OK,,연결재무제표기준영업(잠정)실적(공정공시)              (+3),,2026-08-14: 반기보고서 (2026.06) | 2026-08-14: [기재정정]사업보고서 (2025.12) | 2026-08-14: 지급수단별ㆍ지급기간별지급금액및분쟁조정기구에관한사항 | 2026-07-30: 연결재무제표기준영업(잠정)실적(공정공시)               | 2026-07-30: 최대주주등소유주식변동신고서              ,5
코리안리,003690,3,OK,,영업(잠정)실적(공정공시)              (+3),,2026-08-14: 반기보고서 (2026.06) | 2026-08-14: 영업(잠정)실적(공정공시)              ,2
KZ정밀,036560,3,OK,,영업(잠정)실적(공정공시)              (+3),,2026-08-14: 지급수단별ㆍ지급기간별지급금액및분쟁조정기구에관한사항 | 2026-08-14: 반기보고서 (2026.06) | 2026-08-06: 영업(잠정)실적(공정공시)              ,3
신세계I&C,035510,3,OK,,연결재무제표기준영업(잠정)실적(공정공시)              (+3),,2026-08-14: 반기보고서 (2026.06) | 2026-08-14: 동일인등출자계열회사와의상품ㆍ용역거래변경 | 2026-08-14: 지급수단별ㆍ지급기간별지급금액및분쟁조정기구에관한사항 | 2026-08-07: 연결재무제표기준영업(잠정)실적(공정공시)              ,4
키움증권,039490,3,OK,,연결재무제표기준영업(잠정)실적(공정공시)              (+3),,2026-08-21: 투자설명서(일괄신고) | 2026-08-21: 투자설명서(일괄신고) | 2026-08-21: 일괄신고추가서류(파생결합사채-주가연계파생결합사채) | 2026-08-21: 투자설명서(일괄신고) | 2026-08-21: 일괄신고추가서류(파생결합사채-주가연계파생결합사채),100
NHN벅스,104200,3,OK,,영업(잠정)실적(공정공시)              (+3),,2026-08-14: 반기보고서 (2026.06) | 2026-08-14: [기재정정]사업보고서 (2025.12) | 2026-08-11: 영업(잠정)실적(공정공시)              ,3
케이뱅크,279570,3,OK,,영업(잠정)실적(공정공시)              (+3),,2026-08-14: 반기보고서 (2026.06) | 2026-08-14: 지급수단별ㆍ지급기간별지급금액및분쟁조정기구에관한사항 | 2026-07-30: 기업설명회(IR)개최(안내공시)               | 2026-07-30: 영업(잠정)실적(공정공시)              ,4
유니켐,011330,3,OK,,회사합병결정(자율공시)(종속회사의주요경영사항)              (+3),,2026-08-18: [기재정정]반기보고서 (2026.06) | 2026-08-13: 반기보고서 (2026.06) | 2026-08-06: [기재정정]타법인주식및출자증권취득결정               | 2026-08-05: 타법인주식및출자증권취득결정               | 2026-08-05: 회사합병결정(자율공시)(종속회사의주요경영사항)              ,10
티케이지휴켐스,069260,3,OK,,연결재무제표기준영업(잠정)실적(공정공시)              (+3),,2026-08-14: 반기보고서 (2026.06) | 2026-08-07: 기업설명회(IR)개최(안내공시)               | 2026-08-07: 연결재무제표기준영업(잠정)실적(공정공시)              ,3
레이언스,228850,3,OK,,연결재무제표기준영업(잠정)실적(공정공시)              (+3),,2026-08-20: 기업설명회(IR)개최               | 2026-08-14: 반기보고서 (2026.06) | 2026-08-13: 기업설명회(IR)개최               | 2026-08-11: 연결재무제표기준영업(잠정)실적(공정공시)               | 2026-08-06: 결산실적공시예고              ,5
동국씨엠,460850,3,OK,,영업(잠정)실적(공정공시)              (+3),,2026-08-14: 반기보고서 (2026.06) | 2026-08-14: 지급수단별ㆍ지급기간별지급금액및분쟁조정기구에관한사항 | 2026-07-24: 영업(잠정)실적(공정공시)              ,3
코나아이,052400,3,OK,,연결재무제표기준영업(잠정)실적(공정공시)              (+3),,2026-08-13: 반기보고서 (2026.06) | 2026-08-10: 임원ㆍ주요주주특정증권등소유상황보고서 | 2026-08-05: 임원ㆍ주요주주특정증권등소유상황보고서 | 2026-08-04: 임원ㆍ주요주주특정증권등소유상황보고서 | 2026-08-03: 주식등의대량보유상황보고서(일반),9
한전KPS,051600,3,OK,,연결재무제표기준영업(잠정)실적(공정공시)              (+3),,2026-08-14: 반기보고서 (2026.06) | 2026-08-12: 주주명부폐쇄기간또는기준일설정               | 2026-08-10: 연결재무제표기준영업(잠정)실적(공정공시)               | 2026-08-07: 풍문또는보도에대한해명(미확정)               | 2026-08-05: 기업설명회(IR)개최(안내공시)              ,6
대동,000490,3,OK,,연결재무제표기준영업(잠정)실적(공정공시)              (+3),,2026-08-14: 반기보고서 (2026.06) | 2026-08-10: 연결재무제표기준영업(잠정)실적(공정공시)              ,2
SK바이오사이언스,302440,3,OK,,연결재무제표기준영업(잠정)실적(공정공시)              (+3),,2026-08-14: 지급수단별ㆍ지급기간별지급금액및분쟁조정기구에관한사항 | 2026-08-13: 반기보고서 (2026.06) | 2026-08-10: 기업설명회(IR)개최(안내공시)               | 2026-08-10: 연결재무제표기준영업(잠정)실적(공정공시)               | 2026-07-29: 기업설명회(IR)개최(안내공시)              ,5
이수앱지스,086890,3,OK,,영업(잠정)실적(공정공시)              (+3),,2026-08-14: 반기보고서 (2026.06) | 2026-08-10: 기업설명회(IR)개최               | 2026-08-06: 영업(잠정)실적(공정공시)              ,3
위메이드플레이,123420,3,OK,,연결재무제표기준영업(잠정)실적(공정공시)              (+3),,2026-08-14: 반기보고서 (2026.06) | 2026-08-12: 연결재무제표기준영업(잠정)실적(공정공시)               | 2026-07-31: 결산실적공시예고              ,3
컴투스,078340,3,OK,,연결재무제표기준영업(잠정)실적(공정공시)              (+3),,2026-08-14: 반기보고서 (2026.06) | 2026-08-12: 기업설명회(IR)개최               | 2026-08-12: 연결재무제표기준영업(잠정)실적(공정공시)               | 2026-08-06: 주식등의대량보유상황보고서(일반),4
심텍홀딩스,036710,3,OK,,연결재무제표기준영업(잠정)실적(공정공시)              (+3),,2026-08-14: 반기보고서 (2026.06) | 2026-08-07: 연결재무제표기준영업(잠정)실적(공정공시)              ,2
제이브이엠,054950,3,OK,,연결재무제표기준영업(잠정)실적(공정공시)              (+3),,2026-08-20: 기업설명회(IR)개최               | 2026-08-14: 반기보고서 (2026.06) | 2026-07-30: 연결재무제표기준영업(잠정)실적(공정공시)               | 2026-07-30: 기업설명회(IR)개최               | 2026-07-29: 임원ㆍ주요주주특정증권등소유상황보고서,10
칩스앤미디어,094360,3,OK,,연결재무제표기준영업(잠정)실적(공정공시)              (+3),,2026-08-14: 반기보고서 (2026.06) | 2026-07-28: 연결재무제표기준영업(잠정)실적(공정공시)              ,2
인터로조,119610,3,OK,,연결재무제표기준영업(잠정)실적(공정공시)              (+3),,2026-08-14: 반기보고서 (2026.06) | 2026-08-07: 연결재무제표기준영업(잠정)실적(공정공시)               | 2026-07-29: 기업설명회(IR)개최               | 2026-07-29: 결산실적공시예고               | 2026-07-28: 임원ㆍ주요주주특정증권등소유상황보고서,5
미래에셋증권,006800,3,OK,,연결재무제표기준영업(잠정)실적(공정공시)              (+3),,2026-08-21: [기재정정]투자설명서(일괄신고) | 2026-08-21: [기재정정]일괄신고추가서류(파생결합증권-주가연계증권) | 2026-08-21: 투자설명서(일괄신고) | 2026-08-21: 투자설명서(일괄신고) | 2026-08-21: 일괄신고추가서류(파생결합증권-주가연계증권),100
롯데에너지머티리얼즈,020150,3,OK,,연결재무제표기준영업(잠정)실적(공정공시)              (+3),,2026-08-21: 기업설명회(IR)개최(안내공시)               | 2026-08-21: 기업설명회(IR)개최(안내공시)               | 2026-08-21: 기업설명회(IR)개최(안내공시)               | 2026-08-20: [기재정정]타법인주식및출자증권처분결정               | 2026-08-14: 반기보고서 (2026.06),10
카카오게임즈,293490,3,OK,,연결재무제표기준영업(잠정)실적(공정공시)              (+3),,2026-08-13: 지급수단별ㆍ지급기간별지급금액및분쟁조정기구에관한사항 | 2026-08-13: 기업설명회(IR)개최               | 2026-08-13: 반기보고서 (2026.06) | 2026-08-07: 주주총회소집공고 | 2026-08-07: 주주총회소집결의              ,6
엘컴텍,037950,3,OK,,연결재무제표기준영업(잠정)실적(공정공시)              (+3),,2026-08-14: 반기보고서 (2026.06) | 2026-07-29: 연결재무제표기준영업(잠정)실적(공정공시)              ,2
LG에너지솔루션,373220,3,OK,,[기재정정]연결재무제표기준영업(잠정)실적(공정공시)              (+3),,2026-08-13: 지급수단별ㆍ지급기간별지급금액및분쟁조정기구에관한사항 | 2026-08-13: 반기보고서 (2026.06) | 2026-08-12: 풍문또는보도에대한해명(미확정)               | 2026-07-30: [기재정정]연결재무제표기준영업(잠정)실적(공정공시)               | 2026-07-28: 임원ㆍ주요주주특정증권등소유상황보고서,6
휴온스글로벌,084110,3,OK,,[기재정정]주요사항보고서(회사합병결정)(자회사의 주요경영사항)              (+3),,2026-08-14: 반기보고서 (2026.06) | 2026-08-11: 현금ㆍ현물배당결정(자회사의 주요경영사항)              (분기배당) | 2026-08-11: 현금ㆍ현물배당결정              (분기배당) | 2026-08-11: 중간(분기)배당을위한주주명부폐쇄(기준일)결정(자회사의 주요경영사항)               | 2026-08-11: 중간(분기)배당을위한주주명부폐쇄(기준일)결정              ,6
펄어비스,263750,3,OK,,연결재무제표기준영업(잠정)실적(공정공시)              (+3),,2026-08-14: 반기보고서 (2026.06) | 2026-08-11: 연결재무제표기준영업실적등에대한전망(공정공시)               | 2026-08-11: 연결재무제표기준영업(잠정)실적(공정공시)              ,3
한샘,009240,3,OK,,연결재무제표기준영업(잠정)실적(공정공시)              (+3),,2026-08-13: 반기보고서 (2026.06) | 2026-08-10: 연결재무제표기준영업(잠정)실적(공정공시)               | 2026-08-03: 합병등종료보고서(합병),3
삼성화재해상보험,000810,3,OK,,연결재무제표기준영업(잠정)실적(공정공시)              (+3),,2026-08-19: 주식등의대량보유상황보고서(약식) | 2026-08-14: 반기보고서 (2026.06) | 2026-08-13: 연결재무제표기준영업(잠정)실적(공정공시)               | 2026-07-31: 기업설명회(IR)개최(안내공시)              ,4
화천기계,010660,3,OK,,영업(잠정)실적(공정공시)              (+3),,2026-08-14: 반기보고서 (2026.06) | 2026-08-11: 영업(잠정)실적(공정공시)              ,2
원익IPS,240810,3,OK,,연결재무제표기준영업(잠정)실적(공정공시)              (+3),,2026-08-20: 의결권대리행사권유참고서류 | 2026-08-20: 주주총회소집공고 | 2026-08-14: 반기보고서 (2026.06) | 2026-08-14: 지급수단별ㆍ지급기간별지급금액및분쟁조정기구에관한사항 | 2026-08-06: 연결재무제표기준영업(잠정)실적(공정공시)              ,9
바이오인프라,199730,3,OK,,영업(잠정)실적(공정공시)              (+3),,2026-08-12: 반기보고서 (2026.06) | 2026-08-04: [기재정정]주식매수선택권부여에관한신고 | 2026-07-24: 영업(잠정)실적(공정공시)              ,3
코오롱인더,120110,3,OK,,연결재무제표기준영업(잠정)실적(공정공시)              (+3),,2026-08-14: 반기보고서 (2026.06) | 2026-08-07: 지급수단별ㆍ지급기간별지급금액및분쟁조정기구에관한사항 | 2026-08-07: 연결재무제표기준영업(잠정)실적(공정공시)               | 2026-08-06: 현금ㆍ현물배당결정               | 2026-08-06: 현금ㆍ현물배당을위한주주명부폐쇄(기준일)결정              ,8
롯데케미칼,011170,3,OK,,연결재무제표기준영업(잠정)실적(공정공시)              (+3),,2026-08-21: 풍문또는보도에대한해명(미확정)               | 2026-08-20: 현금ㆍ현물배당을위한주주명부폐쇄(기준일)결정               | 2026-08-20: 현금ㆍ현물배당결정               | 2026-08-20: 타인에대한채무보증결정               | 2026-08-14: 반기보고서 (2026.06),15
엔비티,236810,3,OK,,연결재무제표기준영업(잠정)실적(공정공시)              (+3),,2026-08-20: 주주총회소집결의              (임시주주총회) | 2026-08-20: 주주명부폐쇄기간또는기준일설정               | 2026-08-19: 임원ㆍ주요주주특정증권등소유상황보고서 | 2026-08-13: [기재정정]주주총회소집공고 | 2026-08-13: 의결권대리행사권유참고서류,11
지니언스,263860,3,OK,,연결재무제표기준영업(잠정)실적(공정공시)              (+3),,2026-08-14: 반기보고서 (2026.06) | 2026-08-13: 기업설명회(IR)개최               | 2026-08-04: 연결재무제표기준영업(잠정)실적(공정공시)              ,3
세이브존I&C,067830,3,OK,,영업(잠정)실적(공정공시)              (+3),,2026-08-14: 반기보고서 (2026.06) | 2026-08-12: 영업(잠정)실적(공정공시)              ,2
KTis,058860,3,OK,,영업(잠정)실적(공정공시)              (+3),,2026-08-14: 반기보고서 (2026.06) | 2026-08-14: 지급수단별ㆍ지급기간별지급금액및분쟁조정기구에관한사항 | 2026-08-12: 영업(잠정)실적(공정공시)               | 2026-07-30: 임원ㆍ주요주주특정증권등소유상황보고서 | 2026-07-30: 임원ㆍ주요주주특정증권등소유상황보고서,5
바이오포트,188040,3,OK,,연결재무제표기준영업(잠정)실적(공정공시)              (+3),,2026-08-14: 반기보고서 (2026.06) | 2026-07-27: 수시공시의무관련사항(공정공시)               | 2026-07-27: 연결재무제표기준영업(잠정)실적(공정공시)              ,3
씨엠티엑스,388210,3,OK,,연결재무제표기준영업(잠정)실적(공정공시)              (+3),,2026-08-14: [기재정정]반기보고서 (2026.06) | 2026-08-14: 반기보고서 (2026.06) | 2026-08-03: 연결재무제표기준영업(잠정)실적(공정공시)              ,3
SNT다이내믹스,003570,3,OK,,연결재무제표기준영업(잠정)실적(공정공시)              (+3),,2026-08-12: 반기보고서 (2026.06) | 2026-08-12: 현금ㆍ현물배당결정               | 2026-07-31: 연결재무제표기준영업(잠정)실적(공정공시)              ,3
모다이노칩,080420,3,OK,,[기재정정]주요사항보고서(회사합병결정)(+3),,2026-08-21: 주식등의대량보유상황보고서(일반) | 2026-08-14: [첨부추가]반기보고서 (2026.06) | 2026-08-11: 지급수단별ㆍ지급기간별지급금액및분쟁조정기구에관한사항 | 2026-08-07: 주식등의대량보유상황보고서(일반) | 2026-08-07: 임원ㆍ주요주주특정증권등소유상황보고서,8
현대해상,001450,3,OK,,영업(잠정)실적(공정공시)              (+3),,2026-08-14: 반기보고서 (2026.06) | 2026-08-14: 영업(잠정)실적(공정공시)              ,2
에코프로,086520,3,OK,,연결재무제표기준영업(잠정)실적(공정공시)              (+3),,2026-08-21: 주식등의대량보유상황보고서(일반) | 2026-08-14: 반기보고서 (2026.06) | 2026-08-13: 지급수단별ㆍ지급기간별지급금액및분쟁조정기구에관한사항 | 2026-08-13: 주식등의대량보유상황보고서(일반) | 2026-08-07: 주식등의대량보유상황보고서(일반),7
에스티팜,237690,3,OK,,연결재무제표기준영업(잠정)실적(공정공시)              (+3),,2026-08-14: 반기보고서 (2026.06) | 2026-08-11: 전환사채(해외전환사채포함)발행후만기전사채취득               | 2026-07-31: 임원ㆍ주요주주특정증권등소유상황보고서 | 2026-07-27: 기업설명회(IR)개최               | 2026-07-27: 연결재무제표기준영업(잠정)실적(공정공시)              ,5
흥국에프엔비,189980,3,OK,,연결재무제표기준영업(잠정)실적(공정공시)              (+3),,2026-08-19: 주식등의대량보유상황보고서(일반) | 2026-08-19: 임원ㆍ주요주주특정증권등소유상황보고서 | 2026-08-14: 반기보고서 (2026.06) | 2026-08-11: 임원ㆍ주요주주특정증권등소유상황보고서 | 2026-08-07: 연결재무제표기준영업(잠정)실적(공정공시)              ,7
펌텍코리아,251970,3,OK,,연결재무제표기준영업(잠정)실적(공정공시)              (+3),,2026-08-14: 반기보고서 (2026.06) | 2026-08-14: 기업설명회(IR)개최               | 2026-08-11: 연결재무제표기준영업(잠정)실적(공정공시)               | 2026-08-06: 결산실적공시예고              ,4
바이오노트,377740,3,OK,,연결재무제표기준영업(잠정)실적(공정공시)              (+3),,2026-08-13: 반기보고서 (2026.06) | 2026-08-06: 연결재무제표기준영업(잠정)실적(공정공시)              ,2
나노신소재,121600,3,OK,,연결재무제표기준영업(잠정)실적(공정공시)              (+3),,2026-08-14: 반기보고서 (2026.06) | 2026-08-10: 주식등의대량보유상황보고서(일반) | 2026-08-07: 연결재무제표기준영업(잠정)실적(공정공시)               | 2026-08-05: 임원ㆍ주요주주특정증권등소유상황보고서 | 2026-08-05: 임원ㆍ주요주주특정증권등소유상황보고서,6
대한유화,006650,3,OK,,연결재무제표기준영업(잠정)실적(공정공시)              (+3),,2026-08-14: 최대주주등소유주식변동신고서               | 2026-08-14: 반기보고서 (2026.06) | 2026-08-10: 임원ㆍ주요주주특정증권등소유상황보고서 | 2026-07-30: 연결재무제표기준영업(잠정)실적(공정공시)              ,4
명인제약,317450,3,OK,,영업(잠정)실적(공정공시)              (+3),,2026-08-13: 반기보고서 (2026.06) | 2026-08-06: [기재정정]현금ㆍ현물배당결정               | 2026-07-31: 영업(잠정)실적(공정공시)               | 2026-07-28: 현금ㆍ현물배당결정               | 2026-07-28: 현금ㆍ현물배당을위한주주명부폐쇄(기준일)결정              ,5
윈팩,097800,3,OK,,영업(잠정)실적(공정공시)              (+3),,2026-08-21: 주식등의대량보유상황보고서(일반) | 2026-08-14: 반기보고서 (2026.06) | 2026-08-13: 영업(잠정)실적(공정공시)              ,3
클리오,237880,3,OK,,연결재무제표기준영업(잠정)실적(공정공시)              (+3),,2026-08-14: [기재정정]반기보고서 (2026.06) | 2026-08-14: 반기보고서 (2026.06) | 2026-08-13: 연결재무제표기준영업(잠정)실적(공정공시)               | 2026-08-07: 결산실적공시예고              ,4
동원수산,030720,3,OK,,연결재무제표기준영업(잠정)실적(공정공시)              (+3),,2026-08-21: 투자유의안내               | 2026-08-14: 반기보고서 (2026.06) | 2026-08-13: 임원ㆍ주요주주특정증권등소유상황보고서 | 2026-08-13: 임원ㆍ주요주주특정증권등소유상황보고서 | 2026-08-13: 주식등의대량보유상황보고서(일반),7
인디에프,014990,3,OK,,연결재무제표기준영업(잠정)실적(공정공시)              (+3),,2026-08-14: 반기보고서 (2026.06) | 2026-08-14: 지급수단별ㆍ지급기간별지급금액및분쟁조정기구에관한사항 | 2026-07-24: 연결재무제표기준영업(잠정)실적(공정공시)              ,3
롯데이노베이트,286940,3,OK,,연결재무제표기준영업(잠정)실적(공정공시)              (+3),,2026-08-13: 지급수단별ㆍ지급기간별지급금액및분쟁조정기구에관한사항 | 2026-08-13: 반기보고서 (2026.06) | 2026-07-30: 기업설명회(IR)개최(안내공시)               | 2026-07-30: 연결재무제표기준영업(잠정)실적(공정공시)              ,4
웅진씽크빅,095720,3,OK,,연결재무제표기준영업(잠정)실적(공정공시)              (+3),,2026-08-14: 반기보고서 (2026.06) | 2026-08-14: 지급수단별ㆍ지급기간별지급금액및분쟁조정기구에관한사항 | 2026-08-10: 연결재무제표기준영업(잠정)실적(공정공시)              ,3
디케이락,105740,3,OK,,연결재무제표기준영업(잠정)실적(공정공시)              (+3),,2026-08-14: 반기보고서 (2026.06) | 2026-08-12: 임원ㆍ주요주주특정증권등소유상황보고서 | 2026-08-12: 임원ㆍ주요주주특정증권등소유상황보고서 | 2026-08-12: 주식등의대량보유상황보고서(일반) | 2026-08-12: 연결재무제표기준영업(잠정)실적(공정공시)              ,5
덴티움,145720,3,OK,,연결재무제표기준영업(잠정)실적(공정공시)              (+3),,2026-08-14: [기재정정]소송등의판결ㆍ결정               | 2026-08-14: 반기보고서 (2026.06) | 2026-08-12: 소송등의판결ㆍ결정               | 2026-08-11: 연결재무제표기준영업(잠정)실적(공정공시)              ,4
미투온,201490,3,OK,,연결재무제표기준영업(잠정)실적(공정공시)              (+3),,2026-08-14: 반기보고서 (2026.06) | 2026-08-13: 연결재무제표기준영업(잠정)실적(공정공시)              ,2
엑셀세라퓨틱스,373110,3,OK,,연결재무제표기준영업(잠정)실적(공정공시)              (+3),,2026-08-14: 반기보고서 (2026.06) | 2026-08-06: 연결재무제표기준영업(잠정)실적(공정공시)              ,2
삼성에스디에스,018260,3,OK,,연결재무제표기준영업(잠정)실적(공정공시)              (+3),,2026-08-14: 반기보고서 (2026.06) | 2026-08-14: 지급수단별ㆍ지급기간별지급금액및분쟁조정기구에관한사항 | 2026-08-14: 동일인등출자계열회사와의상품ㆍ용역거래변경 | 2026-07-30: 기업설명회(IR)개최(안내공시)               | 2026-07-30: 기업설명회(IR)개최(안내공시)              ,9
SH에너지화학,002360,3,OK,,연결재무제표기준영업(잠정)실적(공정공시)              (+3),,2026-08-14: 반기보고서 (2026.06) | 2026-08-12: 최대주주등소유주식변동신고서               | 2026-08-12: 임원ㆍ주요주주특정증권등소유상황보고서 | 2026-08-10: 연결재무제표기준영업(잠정)실적(공정공시)               | 2026-08-06: 최대주주등소유주식변동신고서              ,9
SK리츠,395400,3,OK,,영업(잠정)실적(공정공시)              (+3),,2026-08-20: 부동산투자회사자금차입               | 2026-08-20: 임원ㆍ주요주주특정증권등소유상황보고서 | 2026-08-13: 지급수단별ㆍ지급기간별지급금액및분쟁조정기구에관한사항 | 2026-08-13: 임원ㆍ주요주주특정증권등소유상황보고서 | 2026-08-06: 임원ㆍ주요주주특정증권등소유상황보고서,11
HDC랩스,039570,3,OK,,연결재무제표기준영업(잠정)실적(공정공시)              (+3),,2026-08-14: 반기보고서 (2026.06) | 2026-08-14: 지급수단별ㆍ지급기간별지급금액및분쟁조정기구에관한사항 | 2026-07-27: 연결재무제표기준영업(잠정)실적(공정공시)              ,3
씨앤씨인터내셔널,352480,3,OK,,연결재무제표기준영업(잠정)실적(공정공시)              (+3),,2026-08-14: 반기보고서 (2026.06) | 2026-08-12: 주요사항보고서(자기주식취득신탁계약체결결정) | 2026-08-10: 연결재무제표기준영업(잠정)실적(공정공시)               | 2026-08-07: 기업설명회(IR)개최               | 2026-08-07: 신탁계약해지결과보고서,6
LG생활건강,051900,3,OK,,연결재무제표기준영업(잠정)실적(공정공시)              (+3),,2026-08-19: 기업설명회(IR)개최(안내공시)               | 2026-08-14: 지급수단별ㆍ지급기간별지급금액및분쟁조정기구에관한사항 | 2026-08-14: 반기보고서 (2026.06) | 2026-07-29: 현금ㆍ현물배당을위한주주명부폐쇄(기준일)결정               | 2026-07-29: 현금ㆍ현물배당결정              ,6
삼성전기,009150,3,OK,,연결재무제표기준영업(잠정)실적(공정공시)              (+3),,2026-08-14: 반기보고서 (2026.06) | 2026-08-14: 지급수단별ㆍ지급기간별지급금액및분쟁조정기구에관한사항 | 2026-08-12: 임원ㆍ주요주주특정증권등소유상황보고서 | 2026-08-03: 최대주주등소유주식변동신고서               | 2026-07-30: 연결재무제표기준영업(잠정)실적(공정공시)              ,5
SG세계물산,004060,3,OK,,연결재무제표기준영업(잠정)실적(공정공시)              (+3),,2026-08-14: 반기보고서 (2026.06) | 2026-08-07: 연결재무제표기준영업(잠정)실적(공정공시)              ,2
KT지니뮤직,043610,3,OK,,연결재무제표기준영업(잠정)실적(공정공시)              (+3),,2026-08-20: 의결권대리행사권유참고서류 | 2026-08-20: 주주총회소집공고 | 2026-08-14: 지급수단별ㆍ지급기간별지급금액및분쟁조정기구에관한사항 | 2026-08-14: 반기보고서 (2026.06) | 2026-08-12: 연결재무제표기준영업(잠정)실적(공정공시)              ,5
삼성카드,029780,3,OK,,연결재무제표기준영업(잠정)실적(공정공시)              (+3),,2026-08-14: [기재정정]일괄신고서 | 2026-08-14: 반기보고서 (2026.06) | 2026-07-28: 특수관계인과의수익증권거래 | 2026-07-27: 연결재무제표기준영업(잠정)실적(공정공시)               | 2026-07-24: 특수관계인과의보험거래,5
GS리테일,007070,3,OK,,연결재무제표기준영업(잠정)실적(공정공시)              (+3),,2026-08-14: 반기보고서 (2026.06) | 2026-08-14: 지급수단별ㆍ지급기간별지급금액및분쟁조정기구에관한사항 | 2026-08-13: 임원ㆍ주요주주특정증권등소유상황보고서 | 2026-08-10: 임원ㆍ주요주주특정증권등소유상황보고서 | 2026-08-07: 기업가치제고계획(자율공시)              ,8
지누스,013890,3,OK,,연결재무제표기준영업(잠정)실적(공정공시)              (+3),,2026-08-21: [기재정정]유형자산처분결정(종속회사의주요경영사항)               | 2026-08-18: 타인에대한채무보증결정               | 2026-08-14: 지급수단별ㆍ지급기간별지급금액및분쟁조정기구에관한사항 | 2026-08-13: 반기보고서 (2026.06) | 2026-08-04: 연결재무제표기준영업(잠정)실적(공정공시)              ,6
서울보증보험,031210,3,OK,,영업(잠정)실적(공정공시)              (+3),,2026-08-14: 반기보고서 (2026.06) | 2026-08-14: 영업(잠정)실적(공정공시)               | 2026-08-11: 현금ㆍ현물배당을위한주주명부폐쇄(기준일)결정               | 2026-08-11: 현금ㆍ현물배당결정               | 2026-08-11: 기업가치제고계획(자율공시)              ,6
두산로보틱스,454910,3,OK,,연결재무제표기준영업(잠정)실적(공정공시)              (+3),,2026-08-18: 기업설명회(IR)개최(안내공시)               | 2026-08-14: 반기보고서 (2026.06) | 2026-08-14: 지급수단별ㆍ지급기간별지급금액및분쟁조정기구에관한사항 | 2026-07-24: 연결재무제표기준영업(잠정)실적(공정공시)              ,4
해성디에스,195870,3,OK,,연결재무제표기준영업(잠정)실적(공정공시)              (+3),,2026-08-14: 반기보고서 (2026.06) | 2026-08-06: 주식등의대량보유상황보고서(약식) | 2026-08-03: 기업설명회(IR)개최(안내공시)               | 2026-07-29: 연결재무제표기준영업(잠정)실적(공정공시)              ,4
원익QnC,074600,3,OK,,연결재무제표기준영업(잠정)실적(공정공시)              (+3),,2026-08-14: 반기보고서 (2026.06) | 2026-08-14: 지급수단별ㆍ지급기간별지급금액및분쟁조정기구에관한사항 | 2026-08-12: 연결재무제표기준영업(잠정)실적(공정공시)              ,3
빅텍,065450,3,OK,,연결재무제표기준영업(잠정)실적(공정공시)              (+3),,2026-08-14: 반기보고서 (2026.06) | 2026-08-07: 연결재무제표기준영업(잠정)실적(공정공시)               | 2026-08-04: 주식등의대량보유상황보고서(약식) | 2026-07-29: 임원ㆍ주요주주특정증권등소유상황보고서,4
현대위아,011210,3,OK,,연결재무제표기준영업(잠정)실적(공정공시)              (+3),,2026-08-14: 반기보고서 (2026.06) | 2026-08-14: 풍문또는보도에대한해명(미확정)               | 2026-08-14: 지급수단별ㆍ지급기간별지급금액및분쟁조정기구에관한사항 | 2026-07-24: 약관에의한금융거래시계열금융회사의거래상대방의공시 | 2026-07-24: 공정거래자율준수프로그램운영현황(안내공시)              ,6
SK이노베이션,096770,3,OK,,연결재무제표기준영업(잠정)실적(공정공시)              (+3),,2026-08-19: 지주회사의자회사편입               | 2026-08-19: 지주회사의자회사편입               | 2026-08-14: 동일인등출자계열회사와의상품ㆍ용역거래변경 | 2026-08-14: 동일인등출자계열회사와의상품ㆍ용역거래변경 | 2026-08-14: 동일인등출자계열회사와의상품ㆍ용역거래변경,13
제이씨케미칼,137950,3,OK,,연결재무제표기준영업(잠정)실적(공정공시)              (+3),,2026-08-19: [기재정정]타인에대한채무보증결정               | 2026-08-14: 반기보고서 (2026.06) | 2026-08-06: [기재정정]신규시설투자등               | 2026-08-06: 연결재무제표기준영업(잠정)실적(공정공시)              ,4
넥센타이어,002350,3,OK,,연결재무제표기준영업(잠정)실적(공정공시)              (+3),,2026-08-20: 타인에대한채무보증결정               | 2026-08-20: 최대주주등소유주식변동신고서               | 2026-08-20: 주식등의대량보유상황보고서(일반) | 2026-08-20: 임원ㆍ주요주주특정증권등소유상황보고서 | 2026-08-14: 반기보고서 (2026.06),7
롯데웰푸드,280360,3,OK,,연결재무제표기준영업(잠정)실적(공정공시)              (+3),,2026-08-13: 반기보고서 (2026.06) | 2026-08-13: 지급수단별ㆍ지급기간별지급금액및분쟁조정기구에관한사항 | 2026-08-07: 기업설명회(IR)개최(안내공시)               | 2026-08-07: 연결재무제표기준영업(잠정)실적(공정공시)               | 2026-07-31: 기업설명회(IR)개최(안내공시)              ,5
파트론,091700,3,OK,,연결재무제표기준영업(잠정)실적(공정공시)              (+3),,2026-08-14: 반기보고서 (2026.06) | 2026-07-30: 연결재무제표기준영업(잠정)실적(공정공시)              ,2
이녹스첨단소재,272290,3,OK,,연결재무제표기준영업(잠정)실적(공정공시)              (+3),,2026-08-21: 주식등의대량보유상황보고서(일반) | 2026-08-14: 반기보고서 (2026.06) | 2026-08-13: 타인에대한채무보증결정               | 2026-08-07: 임원ㆍ주요주주특정증권등소유상황보고서 | 2026-08-04: 연결재무제표기준영업(잠정)실적(공정공시)              ,5
현대비앤지스틸,004560,3,OK,,연결재무제표기준영업(잠정)실적(공정공시)              (+3),,2026-08-14: 반기보고서 (2026.06) | 2026-08-14: 지급수단별ㆍ지급기간별지급금액및분쟁조정기구에관한사항 | 2026-08-03: 연결재무제표기준영업(잠정)실적(공정공시)              ,3
현대이지웰,090850,3,OK,,연결재무제표기준영업(잠정)실적(공정공시)              (+3),,2026-08-14: 반기보고서 (2026.06) | 2026-08-14: 지급수단별ㆍ지급기간별지급금액및분쟁조정기구에관한사항 | 2026-08-13: 주식등의대량보유상황보고서(약식) | 2026-08-04: 연결재무제표기준영업(잠정)실적(공정공시)               | 2026-07-28: 결산실적공시예고              ,5
GS피앤엘,499790,3,OK,,연결재무제표기준영업(잠정)실적(공정공시)              (+3),,2026-08-14: 반기보고서 (2026.06) | 2026-08-13: 지급수단별ㆍ지급기간별지급금액및분쟁조정기구에관한사항 | 2026-08-04: 연결재무제표기준영업(잠정)실적(공정공시)               | 2026-07-29: 결산실적공시예고(안내공시)              ,4
BGF리테일,282330,3,OK,,연결재무제표기준영업(잠정)실적(공정공시)              (+3),,2026-08-18: 기업설명회(IR)개최(안내공시)               | 2026-08-14: [기재정정]반기보고서 (2026.06) | 2026-08-14: 반기보고서 (2026.06) | 2026-08-13: 지급수단별ㆍ지급기간별지급금액및분쟁조정기구에관한사항 | 2026-08-12: 기업설명회(IR)개최(안내공시)              ,9
BGF,027410,3,OK,,연결재무제표기준영업(잠정)실적(공정공시)              (+3),,2026-08-19: 타법인주식및출자증권취득결정(자회사의 주요경영사항)               | 2026-08-18: 기업설명회(IR)개최(안내공시)               | 2026-08-14: 반기보고서 (2026.06) | 2026-08-10: 주식등의대량보유상황보고서(일반) | 2026-08-07: 지급수단별ㆍ지급기간별지급금액및분쟁조정기구에관한사항,9
HDC현대EP,089470,3,OK,,연결재무제표기준영업(잠정)실적(공정공시)              (+3),,2026-08-14: 반기보고서 (2026.06) | 2026-08-14: [기재정정]사업보고서 (2025.12) | 2026-08-14: [첨부정정]사업보고서 (2025.12) | 2026-08-14: 지급수단별ㆍ지급기간별지급금액및분쟁조정기구에관한사항 | 2026-08-06: 특수관계인에대한자금대여,6
RF머트리얼즈,327260,3,OK,,연결재무제표기준영업(잠정)실적(공정공시)              (+3),,2026-08-14: 반기보고서 (2026.06) | 2026-08-06: 주식등의대량보유상황보고서(약식) | 2026-07-29: 주식등의대량보유상황보고서(일반) | 2026-07-29: 주식등의대량보유상황보고서(일반) | 2026-07-29: 임원ㆍ주요주주특정증권등소유상황보고서,11
모델솔루션,417970,3,OK,,영업(잠정)실적(공정공시)              (+3),,2026-08-14: 반기보고서 (2026.06) | 2026-08-14: 지급수단별ㆍ지급기간별지급금액및분쟁조정기구에관한사항 | 2026-08-06: 영업(잠정)실적(공정공시)               | 2026-08-03: 결산실적공시예고              ,4
진시스템,363250,3,OK,,유형자산취득결정(종속회사의주요경영사항)              (+3),,2026-08-14: 반기보고서 (2026.06) | 2026-08-07: 유형자산취득결정(종속회사의주요경영사항)               | 2026-07-31: [기재정정]주요사항보고서(타법인주식및출자증권양수결정) | 2026-07-30: 주요사항보고서(타법인주식및출자증권양수결정),4
케이씨씨글라스,344820,3,OK,,연결재무제표기준영업(잠정)실적(공정공시)              (+3),,2026-08-21: 풍문또는보도에대한해명(미확정)               | 2026-08-20: 기타경영사항(자율공시)               | 2026-08-20: [기재정정]반기보고서 (2026.06) | 2026-08-14: [첨부추가]반기보고서 (2026.06) | 2026-08-14: 지급수단별ㆍ지급기간별지급금액및분쟁조정기구에관한사항,7
가온그룹,078890,3,OK,,연결재무제표기준영업(잠정)실적(공정공시)              (+3),,2026-08-14: 반기보고서 (2026.06) | 2026-07-31: 연결재무제표기준영업(잠정)실적(공정공시)               | 2026-07-29: 타인에대한채무보증결정              ,3
넥스트아이,137940,3,OK,,연결재무제표기준영업(잠정)실적(공정공시)              (+3),,2026-08-14: 반기보고서 (2026.06) | 2026-07-31: 연결재무제표기준영업(잠정)실적(공정공시)              ,2
현대자동차,005380,3,OK,,영업(잠정)실적(공정공시)              (+3),,2026-08-18: 임원ㆍ주요주주특정증권등소유상황보고서 | 2026-08-14: 반기보고서 (2026.06) | 2026-08-14: 지급수단별ㆍ지급기간별지급금액및분쟁조정기구에관한사항 | 2026-08-12: 특수관계인으로부터기타유가증권매수 | 2026-08-06: 임원ㆍ주요주주특정증권등소유상황보고서,15
더블유씨피,393890,3,OK,,연결재무제표기준영업(잠정)실적(공정공시)              (+3),,2026-08-14: 반기보고서 (2026.06) | 2026-08-07: 기업설명회(IR)개최               | 2026-08-07: 연결재무제표기준영업(잠정)실적(공정공시)               | 2026-08-03: 결산실적공시예고              ,4
디지털대성,068930,3,OK,,연결재무제표기준영업(잠정)실적(공정공시)              (+3),,2026-08-14: 반기보고서 (2026.06) | 2026-08-03: 연결재무제표기준영업(잠정)실적(공정공시)               | 2026-07-30: 수시공시의무관련사항(공정공시)              ,3
LX세미콘,108320,3,OK,,연결재무제표기준영업(잠정)실적(공정공시)              (+3),,2026-08-14: 반기보고서 (2026.06) | 2026-08-14: 지급수단별ㆍ지급기간별지급금액및분쟁조정기구에관한사항 | 2026-07-31: 임원ㆍ주요주주특정증권등소유상황보고서 | 2026-07-24: 연결재무제표기준영업(잠정)실적(공정공시)              ,4
효성,004800,3,OK,,연결재무제표기준영업(잠정)실적(공정공시)              (+3),,2026-08-19: [기재정정]반기보고서 (2026.06) | 2026-08-14: 지급수단별ㆍ지급기간별지급금액및분쟁조정기구에관한사항 | 2026-08-13: 반기보고서 (2026.06) | 2026-08-11: 주식등의대량보유상황보고서(일반) | 2026-08-04: 임원ㆍ주요주주특정증권등거래계획보고서,10
NI스틸,008260,3,OK,,영업(잠정)실적(공정공시)              (+3),,2026-08-14: 반기보고서 (2026.06) | 2026-07-27: 영업(잠정)실적(공정공시)              ,2
와이지엔터테인먼트,122870,3,OK,,연결재무제표기준영업(잠정)실적(공정공시)              (+3),,2026-08-14: 반기보고서 (2026.06) | 2026-08-07: [기재정정]주식매수선택권부여에관한신고 | 2026-08-07: 연결재무제표기준영업(잠정)실적(공정공시)              ,3
한국앤컴퍼니,000240,3,OK,,연결재무제표기준영업(잠정)실적(공정공시)              (+3),,2026-08-14: 반기보고서 (2026.06) | 2026-08-14: 지급수단별ㆍ지급기간별지급금액및분쟁조정기구에관한사항 | 2026-08-12: 연결재무제표기준영업(잠정)실적(공정공시)               | 2026-08-10: 현금ㆍ현물배당결정(자회사의 주요경영사항)               | 2026-08-10: 현금ㆍ현물배당을위한주주명부폐쇄(기준일)결정(자회사의 주요경영사항)              ,8
에코프로비엠,247540,3,OK,,연결재무제표기준영업(잠정)실적(공정공시)              (+3),,2026-08-21: 주식등의대량보유상황보고서(일반) | 2026-08-18: [기재정정]증권신고서(지분증권) | 2026-08-14: 기업설명회(IR)개최               | 2026-08-14: 기업설명회(IR)개최               | 2026-08-14: 반기보고서 (2026.06),11
디와이씨,310870,3,OK,,연결재무제표기준영업(잠정)실적(공정공시)              (+3),,2026-08-14: [첨부추가]반기보고서 (2026.06) | 2026-08-04: 연결재무제표기준영업(잠정)실적(공정공시)              ,2
HS효성,487570,3,OK,,연결재무제표기준영업(잠정)실적(공정공시)              (+3),,2026-08-14: 주주명부폐쇄기간또는기준일설정               | 2026-08-14: 주주총회소집결의               | 2026-08-14: 반기보고서 (2026.06) | 2026-08-14: 지급수단별ㆍ지급기간별지급금액및분쟁조정기구에관한사항 | 2026-08-13: 타인에대한채무보증결정(자회사의 주요경영사항)              ,8
한국공항,005430,3,OK,,연결재무제표기준영업(잠정)실적(공정공시)              (+3),,2026-08-14: 반기보고서 (2026.06) | 2026-08-14: 지급수단별ㆍ지급기간별지급금액및분쟁조정기구에관한사항 | 2026-08-10: 연결재무제표기준영업(잠정)실적(공정공시)               | 2026-07-29: 주식등의대량보유상황보고서(약식),4
쇼박스,086980,3,OK,,연결재무제표기준영업(잠정)실적(공정공시)              (+3),,2026-08-18: 기업설명회(IR)개최               | 2026-08-14: 지급수단별ㆍ지급기간별지급금액및분쟁조정기구에관한사항 | 2026-08-14: 반기보고서 (2026.06) | 2026-08-06: 연결재무제표기준영업(잠정)실적(공정공시)               | 2026-07-31: 결산실적공시예고              ,5
HS애드,035000,3,OK,,연결재무제표기준영업(잠정)실적(공정공시)              (+3),,2026-08-13: 동일인등출자계열회사와의상품ㆍ용역거래변경 | 2026-08-13: 지급수단별ㆍ지급기간별지급금액및분쟁조정기구에관한사항 | 2026-08-13: 반기보고서 (2026.06) | 2026-08-12: 연결재무제표기준영업(잠정)실적(공정공시)               | 2026-08-12: 현금ㆍ현물배당결정              ,10
AP시스템,265520,3,OK,,연결재무제표기준영업(잠정)실적(공정공시)              (+3),,2026-08-20: 기업설명회(IR)개최               | 2026-08-14: 반기보고서 (2026.06) | 2026-08-07: 연결재무제표기준영업(잠정)실적(공정공시)              ,3
한화에어로스페이스,012450,3,OK,,연결재무제표기준영업(잠정)실적(공정공시)              (+3),,2026-08-20: 의결권대리행사권유참고서류 | 2026-08-20: 주주총회소집공고 | 2026-08-18: 임원ㆍ주요주주특정증권등소유상황보고서 | 2026-08-18: 임원ㆍ주요주주특정증권등소유상황보고서 | 2026-08-14: 반기보고서 (2026.06),15
이노션,214320,3,OK,,연결재무제표기준영업(잠정)실적(공정공시)              (+3),,2026-08-14: 반기보고서 (2026.06) | 2026-08-13: 지급수단별ㆍ지급기간별지급금액및분쟁조정기구에관한사항 | 2026-08-05: 연결재무제표기준영업(잠정)실적(공정공시)               | 2026-07-30: 결산실적공시예고(안내공시)              ,4
롯데관광개발,032350,3,OK,,연결재무제표기준영업(잠정)실적(공정공시)              (+3),,2026-08-13: 반기보고서 (2026.06) | 2026-08-10: 주식등의대량보유상황보고서(약식) | 2026-08-03: 연결재무제표기준영업(잠정)실적(공정공시)               | 2026-08-03: 주요사항보고서(자기전환사채만기전취득결정) | 2026-07-27: 주주명부폐쇄기간또는기준일설정              ,6
RF시스템즈,474610,3,OK,,영업(잠정)실적(공정공시)              (+3),,2026-08-20: 임원ㆍ주요주주특정증권등소유상황보고서 | 2026-08-14: 반기보고서 (2026.06) | 2026-08-11: 임원ㆍ주요주주특정증권등소유상황보고서 | 2026-08-03: 임원ㆍ주요주주특정증권등소유상황보고서 | 2026-07-27: 영업(잠정)실적(공정공시)              ,5
메쥬,0088M0,3,OK,,영업(잠정)실적(공정공시)              (+3),,2026-08-13: 반기보고서 (2026.06) | 2026-07-29: 영업(잠정)실적(공정공시)              ,2
케이엔더블유,105330,3,OK,,연결재무제표기준영업(잠정)실적(공정공시)              (+3),,2026-08-20: 임원ㆍ주요주주특정증권등소유상황보고서 | 2026-08-20: 주식등의대량보유상황보고서(일반) | 2026-08-18: 전환가액의조정               | 2026-08-14: 반기보고서 (2026.06) | 2026-08-14: 지급수단별ㆍ지급기간별지급금액및분쟁조정기구에관한사항,7
다우데이타,032190,3,OK,,[기재정정]회사합병결정(종속회사의주요경영사항)              (+3),,2026-08-14: 반기보고서 (2026.06) | 2026-08-11: [기재정정]회사합병결정(종속회사의주요경영사항)               | 2026-08-10: 지급수단별ㆍ지급기간별지급금액및분쟁조정기구에관한사항,3
아로마티카,0015N0,3,OK,,연결재무제표기준영업(잠정)실적(공정공시)              (+3),,2026-08-18: [기재정정]반기보고서 (2026.06) | 2026-08-14: 반기보고서 (2026.06) | 2026-08-06: 기업설명회(IR)개최               | 2026-08-05: 연결재무제표기준영업(잠정)실적(공정공시)              ,4
두산,000150,3,OK,,연결재무제표기준영업(잠정)실적(공정공시)              (+3),,2026-08-14: 반기보고서 (2026.06) | 2026-08-14: [기재정정]지급수단별ㆍ지급기간별지급금액및분쟁조정기구에관한사항 | 2026-08-14: 지급수단별ㆍ지급기간별지급금액및분쟁조정기구에관한사항 | 2026-08-03: [첨부정정]주요사항보고서(타법인주식및출자증권양수결정) | 2026-07-31: 주요사항보고서(타법인주식및출자증권양수결정),6
쎌바이오텍,049960,3,OK,,연결재무제표기준영업(잠정)실적(공정공시)              (+3),,2026-08-14: 반기보고서 (2026.06) | 2026-08-07: 연결재무제표기준영업(잠정)실적(공정공시)              ,2
녹십자엠에스,142280,3,OK,,연결재무제표기준영업(잠정)실적(공정공시)              (+3),,2026-08-14: 반기보고서 (2026.06) | 2026-08-07: 주식등의대량보유상황보고서(약식) | 2026-07-31: 연결재무제표기준영업(잠정)실적(공정공시)              ,3
조이시티,067000,3,OK,,연결재무제표기준영업(잠정)실적(공정공시)              (+3),,2026-08-19: 임원ㆍ주요주주특정증권등거래계획보고서 | 2026-08-18: 임원ㆍ주요주주특정증권등소유상황보고서 | 2026-08-14: 반기보고서 (2026.06) | 2026-08-07: 임원ㆍ주요주주특정증권등소유상황보고서 | 2026-08-04: 연결재무제표기준영업(잠정)실적(공정공시)              ,8
스튜디오드래곤,253450,3,OK,,연결재무제표기준영업(잠정)실적(공정공시)              (+3),,2026-08-14: 반기보고서 (2026.06) | 2026-08-14: 지급수단별ㆍ지급기간별지급금액및분쟁조정기구에관한사항 | 2026-08-06: 연결재무제표기준영업(잠정)실적(공정공시)               | 2026-08-03: 기업설명회(IR)개최              ,4
동아에스티,170900,3,OK,,영업(잠정)실적(공정공시)              (+3),,2026-08-20: [기재정정]반기보고서 (2026.06) | 2026-08-14: 반기보고서 (2026.06) | 2026-07-28: 기업설명회(IR)개최(안내공시)               | 2026-07-27: 영업(잠정)실적(공정공시)              ,4
경동나비엔,009450,3,OK,,연결재무제표기준영업(잠정)실적(공정공시)              (+3),,2026-08-14: 반기보고서 (2026.06) | 2026-08-11: 연결재무제표기준영업(잠정)실적(공정공시)              ,2
하츠,066130,3,OK,,영업(잠정)실적(공정공시)              (+3),,2026-08-14: 반기보고서 (2026.06) | 2026-07-31: 영업(잠정)실적(공정공시)              ,2
현대코퍼레이션,011760,3,OK,,연결재무제표기준영업(잠정)실적(공정공시)              (+3),,2026-08-20: 타인에대한채무보증결정               | 2026-08-13: 반기보고서 (2026.06) | 2026-07-29: 연결재무제표기준영업(잠정)실적(공정공시)              ,3
한섬,020000,3,OK,,연결재무제표기준영업(잠정)실적(공정공시)              (+3),,2026-08-14: 반기보고서 (2026.06) | 2026-08-14: 지급수단별ㆍ지급기간별지급금액및분쟁조정기구에관한사항 | 2026-08-13: 임원ㆍ주요주주특정증권등소유상황보고서 | 2026-08-11: 기업설명회(IR)개최(안내공시)               | 2026-08-03: 연결재무제표기준영업(잠정)실적(공정공시)              ,6
디어유,376300,3,OK,,연결재무제표기준영업(잠정)실적(공정공시)              (+3),,2026-08-14: 지급수단별ㆍ지급기간별지급금액및분쟁조정기구에관한사항 | 2026-08-14: 반기보고서 (2026.06) | 2026-08-04: 연결재무제표기준영업(잠정)실적(공정공시)               | 2026-08-04: 기업설명회(IR)개최               | 2026-08-03: 주식등의대량보유상황보고서(일반),7
고영,098460,3,OK,,연결재무제표기준영업(잠정)실적(공정공시)              (+3),,2026-08-21: 기업설명회(IR)개최               | 2026-08-18: 자기주식처분결과보고서 | 2026-08-14: 반기보고서 (2026.06) | 2026-08-14: 주식등의대량보유상황보고서(약식) | 2026-08-06: 신규시설투자등(자율공시)              ,7
유유제약,000220,3,OK,,[기재정정]유형자산취득결정(종속회사의주요경영사항)              (+3),,2026-08-13: 반기보고서 (2026.06) | 2026-07-31: [기재정정]유형자산취득결정(종속회사의주요경영사항)              ,2
한독,002390,3,OK,,영업(잠정)실적(공정공시)              (+3),,2026-08-20: 주식등의대량보유상황보고서(일반) | 2026-08-14: 반기보고서 (2026.06) | 2026-08-13: 전환가액ㆍ신주인수권행사가액ㆍ교환가액의조정(안내공시)               | 2026-07-30: 영업(잠정)실적(공정공시)              ,4
벽산,007210,3,OK,,영업(잠정)실적(공정공시)              (+3),,2026-08-14: 반기보고서 (2026.06) | 2026-07-30: 영업(잠정)실적(공정공시)              ,2
골드앤에스,035290,3,OK,,영업(잠정)실적(공정공시)              (+3),,2026-08-14: 반기보고서 (2026.06) | 2026-08-05: 영업(잠정)실적(공정공시)              ,2
애경산업,018250,3,OK,,연결재무제표기준영업(잠정)실적(공정공시)              (+3),,2026-08-14: [기재정정]반기보고서 (2026.06) | 2026-08-14: 반기보고서 (2026.06) | 2026-08-14: 지급수단별ㆍ지급기간별지급금액및분쟁조정기구에관한사항 | 2026-08-14: 최대주주등소유주식변동신고서               | 2026-08-12: 연결재무제표기준영업(잠정)실적(공정공시)              ,6
케이피에프,024880,3,OK,,연결재무제표기준영업(잠정)실적(공정공시)              (+3),,2026-08-13: 반기보고서 (2026.06) | 2026-08-06: 연결재무제표기준영업(잠정)실적(공정공시)               | 2026-07-28: 결산실적공시예고              ,3
DB손해보험,005830,3,OK,,영업(잠정)실적(공정공시)              (+3),,2026-08-14: 반기보고서 (2026.06) | 2026-08-13: 영업(잠정)실적(공정공시)               | 2026-08-12: 지급수단별ㆍ지급기간별지급금액및분쟁조정기구에관한사항 | 2026-08-05: 기업설명회(IR)개최(안내공시)               | 2026-08-04: 주식등의대량보유상황보고서(약식),6
데브시스터즈,194480,3,OK,,연결재무제표기준영업(잠정)실적(공정공시)              (+3),,2026-08-14: 반기보고서 (2026.06) | 2026-08-10: 임원ㆍ주요주주특정증권등소유상황보고서 | 2026-08-07: 연결재무제표기준영업(잠정)실적(공정공시)               | 2026-07-31: 기업설명회(IR)개최               | 2026-07-31: 결산실적공시예고              ,5
삼성증권,016360,3,OK,,연결재무제표기준영업(잠정)실적(공정공시)              (+3),,2026-08-21: 투자설명서(일괄신고) | 2026-08-21: 투자설명서(일괄신고) | 2026-08-21: 일괄신고추가서류(파생결합사채-주가연계파생결합사채) | 2026-08-21: 일괄신고추가서류(파생결합증권-주가연계증권) | 2026-08-21: 투자설명서(일괄신고),63
LG이노텍,011070,3,OK,,연결재무제표기준영업(잠정)실적(공정공시)              (+3),,2026-08-14: 반기보고서 (2026.06) | 2026-08-13: 지급수단별ㆍ지급기간별지급금액및분쟁조정기구에관한사항 | 2026-08-06: 중대재해발생               | 2026-07-30: 기업설명회(IR)개최(안내공시)               | 2026-07-30: 임원ㆍ주요주주특정증권등소유상황보고서,9
삼성생명,032830,3,OK,,연결재무제표기준영업(잠정)실적(공정공시)              (+3),,2026-08-14: 반기보고서 (2026.06) | 2026-08-13: 연결재무제표기준영업(잠정)실적(공정공시)               | 2026-07-27: 기업설명회(IR)개최(안내공시)               | 2026-07-24: 특수관계인으로부터주식의취득 | 2026-07-24: 특수관계인으로부터주식의취득,10
현대차증권,001500,3,OK,,연결재무제표기준영업(잠정)실적(공정공시)              (+3),,2026-08-21: 투자설명서(일괄신고) | 2026-08-21: 일괄신고추가서류(파생결합사채-주가연계파생결합사채) | 2026-08-21: 투자설명서(일괄신고) | 2026-08-21: 투자설명서(일괄신고) | 2026-08-21: 투자설명서(일괄신고),54
한국타이어앤테크놀로지,161390,3,OK,,연결재무제표기준영업(잠정)실적(공정공시)              (+3),,2026-08-14: [기재정정]반기보고서 (2026.06) | 2026-08-14: 반기보고서 (2026.06) | 2026-08-14: 지급수단별ㆍ지급기간별지급금액및분쟁조정기구에관한사항 | 2026-08-11: 연결재무제표기준영업(잠정)실적(공정공시)               | 2026-08-10: 현금ㆍ현물배당결정              ,6
종근당,185750,3,OK,,영업(잠정)실적(공정공시)              (+3),,2026-08-14: 반기보고서 (2026.06) | 2026-08-13: 주식등의대량보유상황보고서(약식) | 2026-07-31: 영업(잠정)실적(공정공시)               | 2026-07-27: 투자판단관련주요경영사항              (고혈압 치료제로 개발중인 CKD339의 식약처(MFDS) 제3상 임상시험 계획 승인),4
기업은행,024110,3,OK,,연결재무제표기준영업(잠정)실적(공정공시)              (+3),,2026-08-14: 반기보고서 (2026.06) | 2026-07-27: 연결재무제표기준영업(잠정)실적(공정공시)              ,2
한솔로지스틱스,009180,3,OK,,연결재무제표기준영업(잠정)실적(공정공시)              (+3),,2026-08-13: 반기보고서 (2026.06) | 2026-08-13: 지급수단별ㆍ지급기간별지급금액및분쟁조정기구에관한사항 | 2026-07-29: 연결재무제표기준영업(잠정)실적(공정공시)              ,3
한컴라이프케어,372910,3,OK,,연결재무제표기준영업(잠정)실적(공정공시)              (+3),,2026-08-13: 반기보고서 (2026.06) | 2026-07-30: 연결재무제표기준영업(잠정)실적(공정공시)              ,2
케이프,064820,3,OK,,[첨부정정]주요사항보고서(회사합병결정)(+3),,2026-08-14: [첨부정정]주요사항보고서(회사합병결정) | 2026-08-14: 반기보고서 (2026.06) | 2026-08-10: [기재정정]사업보고서 (2025.12),3
키이스트,054780,3,OK,,영업(잠정)실적(공정공시)              (+3),,2026-08-14: 반기보고서 (2026.06) | 2026-08-14: 지급수단별ㆍ지급기간별지급금액및분쟁조정기구에관한사항 | 2026-08-04: 영업(잠정)실적(공정공시)              ,3
포스뱅크,105760,3,OK,,연결재무제표기준영업(잠정)실적(공정공시)              (+3),,2026-08-13: 반기보고서 (2026.06) | 2026-08-10: 연결재무제표기준영업(잠정)실적(공정공시)              ,2
코스텍시스,355150,3,OK,,영업(잠정)실적(공정공시)              (+3),,2026-08-14: 반기보고서 (2026.06) | 2026-07-28: 영업(잠정)실적(공정공시)              ,2
티비에이치글로벌,084870,3,OK,,연결재무제표기준영업(잠정)실적(공정공시)              (+3),,2026-08-21: 임원ㆍ주요주주특정증권등소유상황보고서 | 2026-08-21: 최대주주등소유주식변동신고서               | 2026-08-13: 반기보고서 (2026.06) | 2026-08-07: 연결재무제표기준영업(잠정)실적(공정공시)               | 2026-07-30: 임원ㆍ주요주주특정증권등소유상황보고서,8
환인제약,016580,3,OK,,연결재무제표기준영업(잠정)실적(공정공시)              (+3),,2026-08-13: 반기보고서 (2026.06) | 2026-07-29: 연결재무제표기준영업(잠정)실적(공정공시)              ,2
셀트리온제약,068760,3,OK,,영업(잠정)실적(공정공시)              (+3),,2026-08-14: 반기보고서 (2026.06) | 2026-08-14: 지급수단별ㆍ지급기간별지급금액및분쟁조정기구에관한사항 | 2026-08-04: 영업(잠정)실적(공정공시)              ,3
한라IMS,092460,3,OK,,연결재무제표기준영업(잠정)실적(공정공시)              (+3),,2026-08-14: 반기보고서 (2026.06) | 2026-08-10: 주식등의대량보유상황보고서(약식) | 2026-07-31: 연결재무제표기준영업(잠정)실적(공정공시)              ,3
HS효성첨단소재,298050,3,OK,,연결재무제표기준영업(잠정)실적(공정공시)              (+3),,2026-08-14: 반기보고서 (2026.06) | 2026-08-14: 지급수단별ㆍ지급기간별지급금액및분쟁조정기구에관한사항 | 2026-08-13: 타인에대한채무보증결정               | 2026-08-13: 타인에대한채무보증결정               | 2026-07-30: 기업설명회(IR)개최(안내공시)              ,7
일동제약,249420,3,OK,,연결재무제표기준영업(잠정)실적(공정공시)              (+3),,2026-08-14: 반기보고서 (2026.06) | 2026-07-30: 연결재무제표기준영업(잠정)실적(공정공시)               | 2026-07-30: 공정거래자율준수프로그램운영현황(안내공시)               | 2026-07-28: 결산실적공시예고(안내공시)              ,4
신세계인터내셔날,031430,3,OK,,연결재무제표기준영업(잠정)실적(공정공시)              (+3),,2026-08-21: 기업설명회(IR)개최(안내공시)               | 2026-08-14: 반기보고서 (2026.06) | 2026-08-14: 동일인등출자계열회사와의상품ㆍ용역거래변경 | 2026-08-13: 지급수단별ㆍ지급기간별지급금액및분쟁조정기구에관한사항 | 2026-08-11: 연결재무제표기준영업(잠정)실적(공정공시)              ,6
샘씨엔에스,252990,3,OK,,영업(잠정)실적(공정공시)              (+3),,2026-08-14: 반기보고서 (2026.06) | 2026-08-05: 영업(잠정)실적(공정공시)               | 2026-08-03: 임원ㆍ주요주주특정증권등소유상황보고서,3
알테오젠,196170,3,OK,,연결재무제표기준영업(잠정)실적(공정공시)              (+3),,2026-08-21: 신규시설투자등               | 2026-08-14: 반기보고서 (2026.06) | 2026-08-13: 임원ㆍ주요주주특정증권등소유상황보고서 | 2026-08-13: 임원ㆍ주요주주특정증권등소유상황보고서 | 2026-08-13: 임원ㆍ주요주주특정증권등소유상황보고서,10
한올바이오파마,009420,3,OK,,연결재무제표기준영업(잠정)실적(공정공시)              (+3),,2026-08-14: 반기보고서 (2026.06) | 2026-07-31: 기업설명회(IR)개최(안내공시)               | 2026-07-29: 연결재무제표기준영업(잠정)실적(공정공시)              ,3
ISC,095340,3,OK,,연결재무제표기준영업(잠정)실적(공정공시)              (+3),,2026-08-18: 기업설명회(IR)개최               | 2026-08-18: 기업설명회(IR)개최               | 2026-08-14: 지급수단별ㆍ지급기간별지급금액및분쟁조정기구에관한사항 | 2026-08-14: 반기보고서 (2026.06) | 2026-08-03: 주식등의대량보유상황보고서(약식),6
GS글로벌,001250,3,OK,,연결재무제표기준영업(잠정)실적(공정공시)              (+3),,2026-08-19: 타인에대한채무보증결정               | 2026-08-13: 반기보고서 (2026.06) | 2026-08-12: 타인에대한채무보증결정               | 2026-08-12: 타인에대한채무보증결정               | 2026-08-12: 연결재무제표기준영업(잠정)실적(공정공시)              ,9
고스트스튜디오,950190,3,OK,,연결재무제표기준영업(잠정)실적(공정공시)              (+3),,2026-08-14: 반기보고서 (2026.06) | 2026-08-14: 자기주식취득결과보고서 | 2026-08-13: 연결재무제표기준영업(잠정)실적(공정공시)              ,3
일동홀딩스,000230,3,OK,,연결재무제표기준영업(잠정)실적(공정공시)              (+3),,2026-08-14: 반기보고서 (2026.06) | 2026-07-30: 연결재무제표기준영업(잠정)실적(공정공시)               | 2026-07-28: 결산실적공시예고(안내공시)              ,3
블루엠텍,439580,3,OK,,연결재무제표기준영업(잠정)실적(공정공시)              (+3),,2026-08-14: 반기보고서 (2026.06) | 2026-08-05: 주식등의대량보유상황보고서(약식) | 2026-07-27: 연결재무제표기준영업(잠정)실적(공정공시)              ,3
SK가스,018670,3,OK,,연결재무제표기준영업(잠정)실적(공정공시)              (+3),,2026-08-13: 반기보고서 (2026.06) | 2026-08-13: 동일인등출자계열회사와의상품ㆍ용역거래변경 | 2026-08-13: 동일인등출자계열회사와의상품ㆍ용역거래변경 | 2026-08-13: 동일인등출자계열회사와의상품ㆍ용역거래변경 | 2026-08-13: 동일인등출자계열회사와의상품ㆍ용역거래변경,10
대덕전자,353200,3,OK,,연결재무제표기준영업(잠정)실적(공정공시)              (+3),,2026-08-13: 반기보고서 (2026.06) | 2026-07-31: 연결재무제표기준영업(잠정)실적(공정공시)              ,2
코메론,049430,3,OK,,연결재무제표기준영업(잠정)실적(공정공시)              (+3),,2026-08-14: 반기보고서 (2026.06) | 2026-08-13: 연결재무제표기준영업(잠정)실적(공정공시)              ,2
원익머트리얼즈,104830,3,OK,,연결재무제표기준영업(잠정)실적(공정공시)              (+3),,2026-08-14: 반기보고서 (2026.06) | 2026-08-14: 지급수단별ㆍ지급기간별지급금액및분쟁조정기구에관한사항 | 2026-08-07: 연결재무제표기준영업(잠정)실적(공정공시)              ,3
대동기어,008830,3,OK,,영업(잠정)실적(공정공시)              (+3),,2026-08-14: 반기보고서 (2026.06) | 2026-08-10: 영업(잠정)실적(공정공시)               | 2026-08-05: 주식등의대량보유상황보고서(일반) | 2026-08-05: 임원ㆍ주요주주특정증권등소유상황보고서 | 2026-07-31: 권리락              (무상증자),8
포스코엠텍,009520,3,OK,,영업(잠정)실적(공정공시)              (+3),,2026-08-14: 반기보고서 (2026.06) | 2026-07-31: 지급수단별ㆍ지급기간별지급금액및분쟁조정기구에관한사항 | 2026-07-30: 영업(잠정)실적(공정공시)              ,3
서울반도체,046890,3,OK,,[기재정정]연결재무제표기준영업(잠정)실적(공정공시)              (+3),,2026-08-14: 반기보고서 (2026.06) | 2026-08-11: 연결재무제표기준영업실적등에대한전망(공정공시)               | 2026-08-11: [기재정정]연결재무제표기준영업(잠정)실적(공정공시)               | 2026-08-07: 기업설명회(IR)개최              ,4
태광,023160,3,OK,,연결재무제표기준영업(잠정)실적(공정공시)              (+3),,2026-08-14: 반기보고서 (2026.06) | 2026-08-12: 기업설명회(IR)개최               | 2026-08-12: 기업설명회(IR)개최               | 2026-08-11: 연결재무제표기준영업(잠정)실적(공정공시)               | 2026-08-04: 임원ㆍ주요주주특정증권등소유상황보고서,8
코스맥스,192820,3,OK,,연결재무제표기준영업(잠정)실적(공정공시)              (+3),,2026-08-20: 합병등종료보고서(합병) | 2026-08-18: 기업설명회(IR)개최(안내공시)               | 2026-08-13: 반기보고서 (2026.06) | 2026-08-11: 연결재무제표기준영업(잠정)실적(공정공시)               | 2026-08-05: 주식등의대량보유상황보고서(약식),6
서울바이오시스,092190,3,OK,,[기재정정]연결재무제표기준영업(잠정)실적(공정공시)              (+3),,2026-08-14: 반기보고서 (2026.06) | 2026-08-10: 연결재무제표기준영업실적등에대한전망(공정공시)               | 2026-08-10: [기재정정]연결재무제표기준영업(잠정)실적(공정공시)               | 2026-08-07: 기업설명회(IR)개최              ,4
비에이치,090460,3,OK,,연결재무제표기준영업(잠정)실적(공정공시)              (+3),,2026-08-14: 반기보고서 (2026.06) | 2026-08-11: 주식등의대량보유상황보고서(약식) | 2026-08-04: 연결재무제표기준영업(잠정)실적(공정공시)              ,3
HD현대에너지솔루션,322000,3,OK,,연결재무제표기준영업(잠정)실적(공정공시)              (+3),,2026-08-14: 반기보고서 (2026.06) | 2026-08-14: 지급수단별ㆍ지급기간별지급금액및분쟁조정기구에관한사항 | 2026-07-24: 연결재무제표기준영업(잠정)실적(공정공시)              ,3
보락,002760,3,OK,,영업(잠정)실적(공정공시)              (+3),,2026-08-13: 반기보고서 (2026.06) | 2026-07-29: 영업(잠정)실적(공정공시)              ,2
JYP Ent.,035900,3,OK,,연결재무제표기준영업(잠정)실적(공정공시)              (+3),,2026-08-14: 반기보고서 (2026.06) | 2026-08-12: 연결재무제표기준영업(잠정)실적(공정공시)               | 2026-08-05: 기업설명회(IR)개최               | 2026-08-05: 결산실적공시예고               | 2026-07-31: [첨부정정]지속가능경영보고서등관련사항(자율공시)              ,5
옵티시스,109080,3,OK,,영업(잠정)실적(공정공시)              (+3),,2026-08-14: 반기보고서 (2026.06) | 2026-08-13: 영업(잠정)실적(공정공시)              ,2
슈프리마,236200,3,OK,,연결재무제표기준영업(잠정)실적(공정공시)              (+3),,2026-08-13: 반기보고서 (2026.06) | 2026-08-11: 독립이사의선임ㆍ해임또는중도퇴임에관한신고 | 2026-08-11: 임시주주총회결과               | 2026-08-07: 주식등의대량보유상황보고서(약식) | 2026-07-30: 연결재무제표기준영업(잠정)실적(공정공시)              ,5
제이에스코퍼레이션,194370,3,OK,,연결재무제표기준영업(잠정)실적(공정공시)              (+3),,2026-08-14: 반기보고서 (2026.06) | 2026-08-03: 연결재무제표기준영업(잠정)실적(공정공시)              ,2
SNT모티브,064960,3,OK,,연결재무제표기준영업(잠정)실적(공정공시)              (+3),,2026-08-18: [기재정정]반기보고서 (2026.06) | 2026-08-12: 반기보고서 (2026.06) | 2026-08-12: 현금ㆍ현물배당결정               | 2026-07-31: 연결재무제표기준영업(잠정)실적(공정공시)              ,4
에이유브랜즈,481070,3,OK,,연결재무제표기준영업(잠정)실적(공정공시)              (+3),,2026-08-18: 기업설명회(IR)개최               | 2026-08-14: 반기보고서 (2026.06) | 2026-08-13: 연결재무제표기준영업(잠정)실적(공정공시)              ,3
하이브,352820,3,OK,,연결재무제표기준영업(잠정)실적(공정공시)              (+3),,2026-08-14: 반기보고서 (2026.06) | 2026-08-12: 지급수단별ㆍ지급기간별지급금액및분쟁조정기구에관한사항 | 2026-07-28: 연결재무제표기준영업(잠정)실적(공정공시)              ,3
현대모비스,012330,3,OK,,연결재무제표기준영업(잠정)실적(공정공시)              (+3),,2026-08-21: 기업설명회(IR)개최(안내공시)               | 2026-08-14: 반기보고서 (2026.06) | 2026-08-14: 지급수단별ㆍ지급기간별지급금액및분쟁조정기구에관한사항 | 2026-08-07: 기업설명회(IR)개최(안내공시)               | 2026-07-24: 특수관계인에대한출자,10
경보제약,214390,3,OK,,영업(잠정)실적(공정공시)              (+3),,2026-08-14: 반기보고서 (2026.06) | 2026-07-31: 영업(잠정)실적(공정공시)              ,2
JW홀딩스,096760,3,OK,,영업(잠정)실적(공정공시)              (+3),,2026-08-14: 반기보고서 (2026.06) | 2026-08-11: 영업(잠정)실적(공정공시)               | 2026-07-31: 주식등의대량보유상황보고서(일반),3
효성 ITX,094280,3,OK,,연결재무제표기준영업(잠정)실적(공정공시)              (+3),,2026-08-14: 반기보고서 (2026.06) | 2026-08-14: 지급수단별ㆍ지급기간별지급금액및분쟁조정기구에관한사항 | 2026-07-31: 현금ㆍ현물배당결정               | 2026-07-31: 연결재무제표기준영업(잠정)실적(공정공시)              ,4
에이치시티,072990,3,OK,,연결재무제표기준영업(잠정)실적(공정공시)              (+3),,2026-08-14: 반기보고서 (2026.06) | 2026-08-14: 연결재무제표기준영업(잠정)실적(공정공시)               | 2026-08-04: 대표이사변경              ,3
피제이메탈,128660,3,OK,,연결재무제표기준영업(잠정)실적(공정공시)              (+3),,2026-08-14: 반기보고서 (2026.06) | 2026-08-11: 연결재무제표기준영업(잠정)실적(공정공시)              ,2
원포유,122830,3,OK,,[첨부추가]주요사항보고서(회사합병결정)(+3),,2026-08-14: 반기보고서 (2026.06) | 2026-08-06: [첨부추가]주요사항보고서(회사합병결정) | 2026-08-06: 주주명부폐쇄기간또는기준일설정              ,3
CJ프레시웨이,051500,3,OK,,연결재무제표기준영업(잠정)실적(공정공시)              (+3),,2026-08-14: 반기보고서 (2026.06) | 2026-08-14: 지급수단별ㆍ지급기간별지급금액및분쟁조정기구에관한사항 | 2026-08-06: 기업설명회(IR)개최               | 2026-08-06: 동일인등출자계열회사와의상품ㆍ용역거래 | 2026-08-06: 동일인등출자계열회사와의상품ㆍ용역거래,9
아이센스,099190,3,OK,,연결재무제표기준영업(잠정)실적(공정공시)              (+3),,2026-08-14: 반기보고서 (2026.06) | 2026-07-30: 전환사채(해외전환사채포함)발행후만기전사채취득               | 2026-07-27: 연결재무제표기준영업(잠정)실적(공정공시)              ,3
금호타이어,073240,3,OK,,연결재무제표기준영업(잠정)실적(공정공시)              (+3),,2026-08-19: 주주총회소집공고 | 2026-08-13: 반기보고서 (2026.06) | 2026-08-13: 타인에대한담보제공결정               | 2026-08-13: 타인에대한채무보증결정               | 2026-08-13: 주식등의대량보유상황보고서(일반),8
매드업,0039P0,3,OK,,연결재무제표기준영업(잠정)실적(공정공시)              (+3),,2026-08-20: [기재정정]현금ㆍ현물배당결정              (분기배당) | 2026-08-14: 주식등의대량보유상황보고서(약식) | 2026-08-13: 반기보고서 (2026.06) | 2026-08-13: 주주명부폐쇄기간또는기준일설정               | 2026-08-13: 주주총회소집결의              (임시주주총회),8
뷰웍스,100120,3,OK,,연결재무제표기준영업(잠정)실적(공정공시)              (+3),,2026-08-14: 반기보고서 (2026.06) | 2026-08-03: 연결재무제표기준영업(잠정)실적(공정공시)              ,2
보성파워텍,006910,5,OK,,[기재정정]단일판매ㆍ공급계약체결              (+5),,2026-08-14: 반기보고서 (2026.06) | 2026-07-29: [기재정정]단일판매ㆍ공급계약체결              ,2
한국주강,025890,5,OK,,단일판매ㆍ공급계약체결              (+5),,2026-08-20: 임원ㆍ주요주주특정증권등소유상황보고서 | 2026-08-14: 반기보고서 (2026.06) | 2026-08-12: 최대주주등소유주식변동신고서               | 2026-08-12: 임원ㆍ주요주주특정증권등소유상황보고서 | 2026-08-12: 주식등의대량보유상황보고서(일반),13
성우테크론,045300,5,OK,,[기재정정]단일판매ㆍ공급계약체결              (+5),,2026-08-14: 반기보고서 (2026.06) | 2026-08-06: 주주총회소집결의              (임시주주총회) | 2026-08-06: 주주명부폐쇄기간또는기준일설정               | 2026-07-29: [기재정정]단일판매ㆍ공급계약체결              ,4
사조오양,006090,5,OK,,주식소각결정              (+5),,2026-08-19: 주식소각결정               | 2026-08-14: 반기보고서 (2026.06) | 2026-08-14: 지급수단별ㆍ지급기간별지급금액및분쟁조정기구에관한사항 | 2026-07-30: 임원ㆍ주요주주특정증권등거래계획보고서,4
와이솔,122990,5,OK,,[기재정정]주식소각결정              (+5),,2026-08-13: 반기보고서 (2026.06) | 2026-08-12: 신탁계약해지결과보고서 | 2026-08-11: 임원ㆍ주요주주특정증권등거래계획보고서 | 2026-08-11: [기재정정]주식소각결정               | 2026-08-11: 주요사항보고서(자기주식취득신탁계약해지결정),5
바이넥스,053030,5,OK,,[기재정정]단일판매ㆍ공급계약체결              (+5),,2026-08-14: 반기보고서 (2026.06) | 2026-07-31: 주식등의대량보유상황보고서(일반) | 2026-07-28: [기재정정]단일판매ㆍ공급계약체결               | 2026-07-24: 주식등의대량보유상황보고서(일반),4
디바이스,187870,5,OK,,단일판매ㆍ공급계약체결              (+5),,2026-08-14: 반기보고서 (2026.06) | 2026-08-05: 임원ㆍ주요주주특정증권등소유상황보고서 | 2026-08-05: 임원ㆍ주요주주특정증권등소유상황보고서 | 2026-08-05: 임원ㆍ주요주주특정증권등소유상황보고서 | 2026-08-05: 임원ㆍ주요주주특정증권등소유상황보고서,14
SBI인베스트먼트,019550,5,OK,,주식소각결정              (+5),,2026-08-20: 주식소각결정               | 2026-08-14: 반기보고서 (2026.06),2
SCL사이언스,246960,5,OK,,단일판매ㆍ공급계약체결              (+5),,2026-08-18: 주식등의대량보유상황보고서(일반) | 2026-08-14: 반기보고서 (2026.06) | 2026-08-10: 단일판매ㆍ공급계약체결               | 2026-08-06: 임원ㆍ주요주주특정증권등소유상황보고서 | 2026-08-06: [기재정정]임원ㆍ주요주주특정증권등소유상황보고서,5
동신건설,025950,5,OK,,[기재정정]단일판매ㆍ공급계약체결              (+5),,2026-08-21: [기재정정]단일판매ㆍ공급계약체결               | 2026-08-14: 반기보고서 (2026.06) | 2026-08-12: [기재정정]사업보고서 (2024.12) | 2026-08-12: [기재정정]사업보고서 (2025.12) | 2026-08-12: [기재정정]분기보고서 (2026.03),5
JTC,950170,5,OK,,주식소각결정              (+5),,2026-08-19: 주식소각결정               | 2026-07-31: 자기주식취득결과보고서 | 2026-07-30: 분기보고서 (2026.05),3
유바이오로직스,206650,5,OK,,주식소각결정              (+5),,"2026-08-21: 주식소각결정               | 2026-08-21: 주요사항보고서(자기주식취득신탁계약해지결정) | 2026-08-18: 투자판단관련주요경영사항(임상시험계획승인신청)              (알츠하이머병 대응 백신 PADIVAX의 제1상 임상시험계획승인 신청(IND)) | 2026-08-13: 반기보고서 (2026.06) | 2026-07-27: 투자판단관련주요경영사항(임상시험결과)              (호흡기세포융합바이러스 (Respiratory Syncytial Virus,RSV) 예방 백신 (EuRSV, 유알에스브이)의 제1상 국내 임상시험 결과)",5
로지시스,067730,5,OK,,단일판매ㆍ공급계약체결(자율공시)              (+5),,2026-08-14: 반기보고서 (2026.06) | 2026-07-31: 단일판매ㆍ공급계약체결(자율공시)              ,2
이노에이엑스,296640,5,OK,,[기재정정]단일판매ㆍ공급계약체결              (+5),,2026-08-14: 반기보고서 (2026.06) | 2026-08-06: [기재정정]단일판매ㆍ공급계약체결              ,2
대덕,008060,5,OK,,[기재정정]주식소각결정(자회사의 주요경영사항)              (+5),,2026-08-14: 반기보고서 (2026.06) | 2026-08-12: 임원ㆍ주요주주특정증권등소유상황보고서 | 2026-08-11: [기재정정]주식소각결정(자회사의 주요경영사항)               | 2026-08-11: 주요사항보고서(자기주식취득신탁계약해지결정)(자회사의 주요경영사항)              ,4
SGA솔루션즈,184230,5,OK,,주식소각결정              (+5),,2026-08-14: 반기보고서 (2026.06) | 2026-08-12: 주식소각결정               | 2026-08-05: 주식등의대량보유상황보고서(일반) | 2026-07-31: [기재정정]주식등의대량보유상황보고서(약식) | 2026-07-30: 주식등의대량보유상황보고서(약식),6
테라뷰,950250,5,OK,,단일판매ㆍ공급계약체결              (+5),,2026-08-19: 사업보고서 (2026.04) | 2026-08-19: 감사보고서제출               | 2026-08-18: 단일판매ㆍ공급계약체결               | 2026-08-05: 주주총회소집공고 | 2026-08-05: 주주총회소집결의              ,6
넵튠,217270,5,OK,,주식소각결정              (+5),,2026-08-14: 반기보고서 (2026.06) | 2026-08-13: 지급수단별ㆍ지급기간별지급금액및분쟁조정기구에관한사항 | 2026-08-13: [기재정정]주식매수선택권부여에관한신고 | 2026-08-13: 주식매수선택권부여에관한신고 | 2026-08-13: 주식소각결정              ,5
코윈테크,282880,5,OK,,[기재정정]단일판매ㆍ공급계약체결              (+5),,2026-08-20: [기재정정]단일판매ㆍ공급계약체결               | 2026-08-14: 반기보고서 (2026.06) | 2026-08-13: 주주총회소집공고 | 2026-08-13: 주주총회소집결의              (임시주주총회),4
모비스,250060,5,OK,,단일판매ㆍ공급계약체결(자율공시)              (+5),,2026-08-13: 반기보고서 (2026.06) | 2026-08-07: 단일판매ㆍ공급계약체결(자율공시)              ,2
삼화네트웍스,046390,5,OK,,[기재정정]단일판매ㆍ공급계약체결              (+5),,2026-08-19: 주식등의대량보유상황보고서(일반) | 2026-08-14: 반기보고서 (2026.06) | 2026-08-04: [기재정정]단일판매ㆍ공급계약체결               | 2026-08-03: 주식등의대량보유상황보고서(일반),4
부방,014470,5,OK,,주식소각결정              (+5),,2026-08-18: 임원ㆍ주요주주특정증권등소유상황보고서 | 2026-08-14: [기재정정]사업보고서 (2024.12) | 2026-08-14: [기재정정]사업보고서 (2025.12) | 2026-08-14: 반기보고서 (2026.06) | 2026-08-10: 주식등의대량보유상황보고서(일반),12
파인테크닉스,106240,5,OK,,단일판매ㆍ공급계약체결(자율공시)              (+5),,2026-08-21: [기재정정]주요사항보고서(자기전환사채매도결정) | 2026-08-20: 임시주주총회결과               | 2026-08-14: 반기보고서 (2026.06) | 2026-08-05: 의결권대리행사권유참고서류 | 2026-08-05: 주주총회소집공고,11
유진로봇,056080,5,OK,,단일판매ㆍ공급계약체결              (+5),,2026-08-21: 임원ㆍ주요주주특정증권등거래계획보고서 | 2026-08-14: 반기보고서 (2026.06) | 2026-08-11: 단일판매ㆍ공급계약체결               | 2026-07-24: 임원ㆍ주요주주특정증권등소유상황보고서,4
알체라,347860,5,OK,,[기재정정]단일판매ㆍ공급계약체결              (+5),,2026-08-14: 반기보고서 (2026.06) | 2026-08-05: [기재정정]단일판매ㆍ공급계약체결              ,2
이엘피,063760,5,OK,,[기재정정]단일판매ㆍ공급계약체결              (+5),,2026-08-14: 반기보고서 (2026.06) | 2026-08-14: 현금ㆍ현물배당결정              (분기배당) | 2026-08-13: [기재정정]단일판매ㆍ공급계약체결               | 2026-08-04: 임원ㆍ주요주주특정증권등소유상황보고서 | 2026-08-04: 주식등의대량보유상황보고서(일반),5
웨이브일렉트로,095270,5,OK,,[기재정정]단일판매ㆍ공급계약체결              (+5),,2026-08-20: 주식등의대량보유상황보고서(일반) | 2026-08-18: [기재정정]단일판매ㆍ공급계약체결               | 2026-08-14: 반기보고서 (2026.06) | 2026-08-14: [기재정정]사업보고서 (2025.12),4
와이투솔루션,011690,5,OK,,주식소각결정              (+5),,2026-08-19: 임원ㆍ주요주주특정증권등소유상황보고서 | 2026-08-19: 주식등의대량보유상황보고서(약식) | 2026-08-14: 반기보고서 (2026.06) | 2026-08-10: 주식소각결정              ,4
일진전기,103590,5,OK,,[기재정정]단일판매ㆍ공급계약체결              (+5),,2026-08-11: 반기보고서 (2026.06) | 2026-07-30: [기재정정]단일판매ㆍ공급계약체결              ,2
하림지주,003380,5,OK,,[기재정정]단일판매ㆍ공급계약체결(자회사의 주요경영사항)              (+5),,2026-08-20: 주식등의대량보유상황보고서(일반) | 2026-08-13: 반기보고서 (2026.06) | 2026-08-04: 주식등의대량보유상황보고서(일반) | 2026-07-31: [기재정정]단일판매ㆍ공급계약체결(자회사의 주요경영사항)              ,4
DXVX,180400,5,OK,,[기재정정]단일판매ㆍ공급계약체결              (+5),,2026-08-21: 주식등의대량보유상황보고서(일반) | 2026-08-21: 임원ㆍ주요주주특정증권등소유상황보고서 | 2026-08-21: [기재정정]임원ㆍ주요주주특정증권등소유상황보고서 | 2026-08-21: [기재정정]단일판매ㆍ공급계약체결               | 2026-08-18: 대표이사변경              ,9
이노시뮬레이션,274400,5,OK,,단일판매ㆍ공급계약체결(자율공시)              (+5),,2026-08-14: 반기보고서 (2026.06) | 2026-08-03: 단일판매ㆍ공급계약체결(자율공시)               | 2026-07-29: 임원ㆍ주요주주특정증권등소유상황보고서 | 2026-07-29: 임원ㆍ주요주주특정증권등소유상황보고서 | 2026-07-29: 임원ㆍ주요주주특정증권등소유상황보고서,6
코어라인소프트,384470,5,OK,,주식소각결정              (+5),,2026-08-21: 주식소각결정               | 2026-08-14: 반기보고서 (2026.06) | 2026-08-04: 임원ㆍ주요주주특정증권등소유상황보고서,3
일신석재,007110,5,OK,,단일판매ㆍ공급계약체결              (+5),,2026-08-20: 임시주주총회결과               | 2026-08-12: 반기보고서 (2026.06) | 2026-08-05: 투자유의안내               | 2026-08-05: 임원ㆍ주요주주특정증권등소유상황보고서 | 2026-08-05: 주주총회소집공고,6
프레스티지바이오로직스,334970,5,OK,,[기재정정]단일판매ㆍ공급계약체결              (+5),,2026-08-14: 매출액또는손익구조30%(대규모법인은15%)이상변동               | 2026-07-31: [기재정정]단일판매ㆍ공급계약체결              ,2
와이엠티,251370,5,OK,,주요사항보고서(자기주식취득결정)(+5),,2026-08-14: 주요사항보고서(자기주식취득결정) | 2026-08-14: 반기보고서 (2026.06) | 2026-08-03: 주식등의대량보유상황보고서(일반) | 2026-07-24: 주식등의대량보유상황보고서(일반),4
위세아이텍,065370,5,OK,,[기재정정]단일판매ㆍ공급계약체결              (+5),,2026-08-14: 반기보고서 (2026.06) | 2026-08-06: [기재정정]단일판매ㆍ공급계약체결              ,2
지어소프트,051160,5,OK,,주요사항보고서(자기주식취득결정)(+5),,2026-08-19: 주식등의대량보유상황보고서(약식) | 2026-08-13: 반기보고서 (2026.06) | 2026-08-12: 임원ㆍ주요주주특정증권등소유상황보고서 | 2026-08-04: 주요사항보고서(자기주식취득결정) | 2026-08-04: 임원ㆍ주요주주특정증권등소유상황보고서,6
엑셈,205100,5,OK,,주식소각결정              (+5),,2026-08-14: 반기보고서 (2026.06) | 2026-08-03: 주식병합결정               | 2026-08-03: 주주총회소집결의              (임시주주총회) | 2026-08-03: 주주명부폐쇄기간또는기준일설정               | 2026-07-30: 주식등의대량보유상황보고서(일반),7
그린광학,0015G0,5,OK,,단일판매ㆍ공급계약체결              (+5),,2026-08-14: 반기보고서 (2026.06) | 2026-08-06: 단일판매ㆍ공급계약체결              ,2
브리지텍,064480,5,OK,,단일판매ㆍ공급계약체결(자율공시)              (+5),,2026-08-12: 반기보고서 (2026.06) | 2026-07-28: 단일판매ㆍ공급계약체결(자율공시)              ,2
디앤씨미디어,263720,5,OK,,주식소각결정              (+5),,2026-08-18: 주식소각결정               | 2026-08-14: [기재정정]수시공시의무관련사항(공정공시)              (주주가치 제고를 위한 주주환원정책 안내) | 2026-08-14: 반기보고서 (2026.06) | 2026-08-14: 신탁계약해지결과보고서 | 2026-08-14: 주요사항보고서(자기주식취득신탁계약해지결정),5
일성건설,013360,5,OK,,단일판매ㆍ공급계약체결              (+5),,2026-08-14: 반기보고서 (2026.06) | 2026-08-10: 단일판매ㆍ공급계약체결              ,2
엑시큐어하이트론,019490,5,OK,,[기재정정]단일판매ㆍ공급계약체결              (+5),,"2026-08-14: 반기보고서 (2026.06) | 2026-08-14: 반기검토의견부적정,의견거절또는완전자본잠식사실발생               | 2026-08-11: [기재정정]단일판매ㆍ공급계약체결              ",3
한국정보인증,053300,5,OK,,주식소각결정              (+5),,2026-08-20: 주요사항보고서(자기주식취득신탁계약체결결정) | 2026-08-14: 지급수단별ㆍ지급기간별지급금액및분쟁조정기구에관한사항 | 2026-08-13: 반기보고서 (2026.06) | 2026-08-12: 주식소각결정               | 2026-08-12: 주요사항보고서(자기주식취득신탁계약해지결정),6
LS,006260,5,OK,,[기재정정]단일판매ㆍ공급계약체결              (+5),,2026-08-14: 파생상품거래손실발생(자회사의 주요경영사항)               | 2026-08-14: 지급수단별ㆍ지급기간별지급금액및분쟁조정기구에관한사항 | 2026-08-14: 약관에의한금융거래시계열금융회사의거래상대방의공시 | 2026-08-14: 반기보고서 (2026.06) | 2026-08-12: [기재정정]단일판매ㆍ공급계약체결              ,6
인지소프트,100030,5,OK,,주요사항보고서(자기주식취득결정)(+5),,2026-08-14: 반기보고서 (2026.06) | 2026-08-14: [기재정정]사업보고서 (2025.12) | 2026-08-03: 주요사항보고서(자기주식취득결정),3
금화피에스시,036190,5,OK,,[기재정정]단일판매ㆍ공급계약체결              (+5),,2026-08-13: 반기보고서 (2026.06) | 2026-08-07: [기재정정]단일판매ㆍ공급계약체결              ,2
세아홀딩스,058650,5,OK,,주식소각결정              (+5),,2026-08-18: 주식소각결정               | 2026-08-14: 반기보고서 (2026.06) | 2026-08-14: 지급수단별ㆍ지급기간별지급금액및분쟁조정기구에관한사항 | 2026-07-31: 지속가능경영보고서등관련사항(자율공시)              ,4
세미티에스,0017J0,5,OK,,단일판매ㆍ공급계약체결              (+5),,2026-08-12: 단일판매ㆍ공급계약체결               | 2026-08-11: 반기보고서 (2026.06),2
오픈엣지테크놀로지,394280,5,OK,,[기재정정]단일판매ㆍ공급계약체결              (+5),,2026-08-14: 주식매수선택권부여에관한신고 | 2026-08-14: 반기보고서 (2026.06) | 2026-08-14: 해산사유발생(종속회사의주요경영사항)               | 2026-08-05: 주식등의대량보유상황보고서(일반) | 2026-08-05: 임원ㆍ주요주주특정증권등소유상황보고서,7
싸이버원,356890,5,OK,,[기재정정]단일판매ㆍ공급계약체결              (+5),,2026-08-14: 반기보고서 (2026.06) | 2026-07-31: [기재정정]단일판매ㆍ공급계약체결              ,2
DMS,068790,5,OK,,주식소각결정              (+5),,2026-08-14: 주식소각결정               | 2026-08-14: 반기보고서 (2026.06) | 2026-08-13: 의결권대리행사권유참고서류 | 2026-08-13: 주주총회소집공고 | 2026-08-12: [기재정정]주주총회소집결의              (임시주주총회),5
케이엠제약,225430,5,OK,,주요사항보고서(자기주식취득결정)(+5),,2026-08-14: 반기보고서 (2026.06) | 2026-07-30: [기재정정]임원ㆍ주요주주특정증권등소유상황보고서 | 2026-07-30: 주식등의대량보유상황보고서(일반) | 2026-07-30: 임원ㆍ주요주주특정증권등소유상황보고서 | 2026-07-30: 임원ㆍ주요주주특정증권등소유상황보고서,7
제테마,216080,5,OK,,단일판매ㆍ공급계약체결              (+5),,2026-08-18: 주식등의대량보유상황보고서(일반) | 2026-08-14: 임원ㆍ주요주주특정증권등소유상황보고서 | 2026-08-14: 임원ㆍ주요주주특정증권등소유상황보고서 | 2026-08-14: 임원ㆍ주요주주특정증권등소유상황보고서 | 2026-08-14: 주식등의대량보유상황보고서(일반),11
서희건설,035890,5,OK,,[기재정정]단일판매ㆍ공급계약체결              (+5),,2026-08-14: 반기보고서 (2026.06) | 2026-07-28: [기재정정]단일판매ㆍ공급계약체결              ,2
INVENI,015360,5,OK,,주식소각결정              (+5),,2026-08-14: 지급수단별ㆍ지급기간별지급금액및분쟁조정기구에관한사항 | 2026-08-11: 반기보고서 (2026.06) | 2026-08-10: 주식소각결정               | 2026-08-10: 임원ㆍ주요주주특정증권등소유상황보고서 | 2026-08-10: 주식등의대량보유상황보고서(일반),6
씨케이솔루션,480370,5,OK,,단일판매ㆍ공급계약체결              (+5),,2026-08-14: 반기보고서 (2026.06) | 2026-08-13: 단일판매ㆍ공급계약체결              ,2
코세스,089890,5,OK,,[기재정정]단일판매ㆍ공급계약체결              (+5),,2026-08-14: 반기보고서 (2026.06) | 2026-08-06: [기재정정]단일판매ㆍ공급계약체결              ,2
송우인포텍,0203K0,5,OK,,단일판매ㆍ공급계약체결(자율공시)              (+5),,2026-08-10: 주요사항보고서(유형자산양수결정) | 2026-08-05: 단일판매ㆍ공급계약체결(자율공시)               | 2026-07-27: 사업보고서 (2025.12),3
이지케어텍,099750,5,OK,,단일판매ㆍ공급계약체결              (+5),,2026-08-20: [기재정정]주주총회소집결의              (임시주주총회) | 2026-08-14: 임원ㆍ주요주주특정증권등소유상황보고서 | 2026-08-07: 분기보고서 (2026.06) | 2026-07-30: 단일판매ㆍ공급계약체결              ,4
브이티,018290,5,OK,,주요사항보고서(자기주식취득결정)(+5),,2026-08-13: 주요사항보고서(자기주식취득결정) | 2026-08-13: 반기보고서 (2026.06) | 2026-08-11: 기업설명회(IR)개최              ,3
포바이포,389140,5,OK,,[기재정정]단일판매ㆍ공급계약체결(자율공시)              (+5),,2026-08-14: 반기보고서 (2026.06) | 2026-07-27: [기재정정]단일판매ㆍ공급계약체결(자율공시)              ,2
넥사다이내믹스,351320,5,OK,,[기재정정]단일판매ㆍ공급계약체결              (+5),,2026-08-19: 주요사항보고서(자기전환사채만기전취득결정) | 2026-08-14: 반기보고서 (2026.06) | 2026-08-14: 독립이사의선임ㆍ해임또는중도퇴임에관한신고 | 2026-08-14: [기재정정]주주총회소집결의              (임시주주총회) | 2026-08-13: [기재정정]주요사항보고서(타법인주식및출자증권양수결정),7
우리기술투자,041190,5,OK,,주식소각결정              (+5),,2026-08-14: 반기보고서 (2026.06) | 2026-08-14: 주식소각결정               | 2026-08-04: 주식등의대량보유상황보고서(일반) | 2026-07-29: 주식등의대량보유상황보고서(일반),4
버넥트,438700,5,OK,,단일판매ㆍ공급계약체결              (+5),,2026-08-21: 단일판매ㆍ공급계약체결               | 2026-08-21: 주식등의대량보유상황보고서(약식) | 2026-08-14: 반기보고서 (2026.06),3
세진티에스,067770,5,OK,,주요사항보고서(자기주식취득결정)(+5),,2026-08-13: 반기보고서 (2026.06) | 2026-08-10: 임시주주총회결과               | 2026-07-31: 주요사항보고서(자기주식취득결정) | 2026-07-31: 신탁계약해지결과보고서 | 2026-07-31: 주요사항보고서(자기주식취득신탁계약해지결정),5
드림씨아이에스,223250,5,OK,,[기재정정]단일판매ㆍ공급계약체결              (+5),,2026-08-13: 반기보고서 (2026.06) | 2026-08-11: [기재정정]단일판매ㆍ공급계약체결              ,2
KSS해운,044450,5,OK,,주식소각결정              (+5),,2026-08-21: 임원ㆍ주요주주특정증권등소유상황보고서 | 2026-08-14: 반기보고서 (2026.06) | 2026-08-07: 임원ㆍ주요주주특정증권등소유상황보고서 | 2026-07-30: 주식소각결정              ,4
피델릭스,032580,5,OK,,단일판매ㆍ공급계약체결              (+5),,2026-08-12: 반기보고서 (2026.06) | 2026-08-03: 단일판매ㆍ공급계약체결              ,2
예스티,122640,5,OK,,[기재정정]단일판매ㆍ공급계약체결              (+5),,2026-08-14: 반기보고서 (2026.06) | 2026-08-12: [기재정정]단일판매ㆍ공급계약체결               | 2026-08-03: 임원ㆍ주요주주특정증권등소유상황보고서 | 2026-08-03: 임원ㆍ주요주주특정증권등소유상황보고서 | 2026-08-03: 임원ㆍ주요주주특정증권등소유상황보고서,8
데이터스트림즈,199150,5,OK,,단일판매ㆍ공급계약체결(자율공시)              (+5),,2026-08-11: 단일판매ㆍ공급계약체결(자율공시)              ,1
미스토홀딩스,081660,5,OK,,주요사항보고서(자기주식취득결정)(+5),,2026-08-14: 반기보고서 (2026.06) | 2026-08-12: 주요사항보고서(자기주식취득결정) | 2026-08-11: 기업설명회(IR)개최(안내공시)               | 2026-08-11: 자기주식취득결과보고서 | 2026-07-28: 주식등의대량보유상황보고서(일반),5
핀텔,291810,5,OK,,단일판매ㆍ공급계약체결              (+5),,2026-08-14: 임원ㆍ주요주주특정증권등거래계획보고서 | 2026-08-12: 반기보고서 (2026.06) | 2026-07-30: 단일판매ㆍ공급계약체결              ,3
그래디언트,035080,5,OK,,주식소각결정              (+5),,2026-08-14: 반기보고서 (2026.06) | 2026-08-10: 주식소각결정               | 2026-08-10: 주요사항보고서(자기주식취득신탁계약체결결정),3
비아트론,141000,5,OK,,[기재정정]단일판매ㆍ공급계약체결              (+5),,2026-08-14: 반기보고서 (2026.06) | 2026-07-30: [기재정정]단일판매ㆍ공급계약체결              ,2
에스비비테크,389500,5,OK,,[기재정정]단일판매ㆍ공급계약체결              (+5),,2026-08-14: 반기보고서 (2026.06) | 2026-07-28: [기재정정]단일판매ㆍ공급계약체결              ,2
카스,016920,5,OK,,주요사항보고서(자기주식취득결정)(+5),,2026-08-19: 자기주식취득결과보고서 | 2026-08-14: 반기보고서 (2026.06) | 2026-08-03: 주요사항보고서(자기주식취득결정) | 2026-08-03: 자기주식취득결과보고서,4
파미셀,005690,5,OK,,단일판매ㆍ공급계약체결              (+5),,2026-08-12: 반기보고서 (2026.06) | 2026-08-07: 단일판매ㆍ공급계약체결               | 2026-07-28: [기재정정]신규시설투자등              ,3
에이프로,262260,5,OK,,[기재정정]단일판매ㆍ공급계약체결              (+5),,2026-08-14: 반기보고서 (2026.06) | 2026-07-31: [기재정정]사업보고서 (2025.12) | 2026-07-31: [기재정정]단일판매ㆍ공급계약체결              ,3
리드코프,012700,5,OK,,주식소각결정              (+5),,2026-08-14: 반기보고서 (2026.06) | 2026-07-30: 주식등의대량보유상황보고서(일반) | 2026-07-28: 주식소각결정              ,3
태영건설,009410,5,OK,,[기재정정]단일판매ㆍ공급계약체결              (+5),,2026-08-18: [기재정정]단일판매ㆍ공급계약체결               | 2026-08-14: 반기보고서 (2026.06) | 2026-08-14: 지급수단별ㆍ지급기간별지급금액및분쟁조정기구에관한사항,3
엑시콘,092870,5,OK,,[기재정정]단일판매ㆍ공급계약체결              (+5),,2026-08-14: 반기보고서 (2026.06) | 2026-08-04: 임원ㆍ주요주주특정증권등소유상황보고서 | 2026-08-04: 주식등의대량보유상황보고서(일반) | 2026-07-27: [기재정정]단일판매ㆍ공급계약체결              ,4
대한항공,003490,5,OK,,주식소각결정              (+5),,2026-08-21: 소송등의판결ㆍ결정(자율공시:일정금액미만의청구)               | 2026-08-21: 기타경영사항(자율공시)               | 2026-08-14: 지급수단별ㆍ지급기간별지급금액및분쟁조정기구에관한사항 | 2026-08-14: 반기보고서 (2026.06) | 2026-08-14: 특수관계인에대한출자,12
태웅로직스,124560,5,OK,,주식소각결정              (상환전환우선주)(+5),,2026-08-21: 타인에대한채무보증결정               | 2026-08-21: 타법인주식및출자증권취득결정(종속회사의주요경영사항)               | 2026-08-21: [기재정정]투자판단관련주요경영사항              ((주)이투마스 지분인수를 위한 양해각서(MOU)체결) | 2026-08-14: 반기보고서 (2026.06) | 2026-08-13: 주식등의대량보유상황보고서(일반),8
대아티아이,045390,5,OK,,[기재정정]단일판매ㆍ공급계약체결              (+5),,2026-08-14: [기재정정]반기보고서 (2026.06) | 2026-08-14: 반기보고서 (2026.06) | 2026-07-30: [기재정정]단일판매ㆍ공급계약체결              ,3
비트컴퓨터,032850,5,OK,,주요사항보고서(자기주식취득결정)(+5),,2026-08-14: 반기보고서 (2026.06) | 2026-08-05: 임원ㆍ주요주주특정증권등소유상황보고서 | 2026-07-29: 주요사항보고서(자기주식취득결정),3
바이브컴퍼니,301300,5,OK,,단일판매ㆍ공급계약체결(자율공시)              (+5),,2026-08-14: 반기보고서 (2026.06) | 2026-08-14: [기재정정]분기보고서 (2026.03) | 2026-08-14: 단일판매ㆍ공급계약체결(자율공시)               | 2026-08-06: 임시주주총회결과               | 2026-07-31: 조회공시요구(현저한시황변동)에대한답변(미확정)              ,6
비츠로넥스텍,488900,5,OK,,단일판매ㆍ공급계약체결              (+5),,2026-08-14: 반기보고서 (2026.06) | 2026-08-06: 단일판매ㆍ공급계약체결              ,2
에이블씨엔씨,078520,5,OK,,주식소각결정              (+5),,2026-08-13: 반기보고서 (2026.06) | 2026-08-13: 주식소각결정               | 2026-08-13: 현금ㆍ현물배당을위한주주명부폐쇄(기준일)결정               | 2026-08-11: 신탁계약해지결과보고서 | 2026-08-11: 주요사항보고서(자기주식취득신탁계약해지결정),5
다스코,058730,5,OK,,단일판매ㆍ공급계약체결              (+5),,2026-08-19: 주주총회소집공고 | 2026-08-14: 반기보고서 (2026.06) | 2026-08-12: 단일판매ㆍ공급계약체결               | 2026-08-06: [기재정정]투자판단관련주요경영사항               | 2026-07-31: 주주총회소집결의              ,7
아이티아이즈,372800,5,OK,,단일판매ㆍ공급계약체결              (+5),,2026-08-14: 반기보고서 (2026.06) | 2026-08-04: 임원ㆍ주요주주특정증권등소유상황보고서 | 2026-07-28: 단일판매ㆍ공급계약체결              ,3
한국종합기술,023350,5,OK,,[기재정정]단일판매ㆍ공급계약체결              (+5),,2026-08-14: 반기보고서 (2026.06) | 2026-07-24: [기재정정]단일판매ㆍ공급계약체결              ,2
웰크론한텍,076080,5,OK,,단일판매ㆍ공급계약체결              (+5),,2026-08-21: 임원ㆍ주요주주특정증권등소유상황보고서 | 2026-08-14: 임원ㆍ주요주주특정증권등소유상황보고서 | 2026-08-14: 반기보고서 (2026.06) | 2026-08-12: 임원ㆍ주요주주특정증권등소유상황보고서 | 2026-08-12: 임원ㆍ주요주주특정증권등소유상황보고서,6
스페코,013810,5,OK,,[기재정정]단일판매ㆍ공급계약체결              (+5),,2026-08-14: 반기보고서 (2026.06) | 2026-07-27: [기재정정]단일판매ㆍ공급계약체결              ,2
퀄리타스반도체,432720,5,OK,,단일판매ㆍ공급계약체결              (+5),,2026-08-20: 단일판매ㆍ공급계약체결               | 2026-08-13: 반기보고서 (2026.06),2
비츠로시스,054220,5,OK,,[기재정정]단일판매ㆍ공급계약체결              (+5),,2026-08-12: 반기보고서 (2026.06) | 2026-08-10: 단일판매ㆍ공급계약해지               | 2026-08-05: 주주명부폐쇄기간또는기준일설정               | 2026-08-05: 주주총회소집결의              (임시주주총회) | 2026-07-30: [기재정정]주요사항보고서(자기전환사채매도결정),7
SGC E&C,016250,5,OK,,[기재정정]단일판매ㆍ공급계약체결(자율공시)              (+5),,2026-08-20: 타인에대한채무보증결정               | 2026-08-14: [기재정정]단일판매ㆍ공급계약체결(자율공시)               | 2026-08-14: 반기보고서 (2026.06) | 2026-08-14: 지급수단별ㆍ지급기간별지급금액및분쟁조정기구에관한사항 | 2026-07-31: [기재정정]주요사항보고서(영업정지),5
빙그레,005180,5,OK,,주식소각결정              (+5),,2026-08-14: 반기보고서 (2026.06) | 2026-08-11: 주식소각결정               | 2026-08-11: 공정거래자율준수프로그램운영현황(안내공시)              ,3
티엠씨,217590,5,OK,,단일판매ㆍ공급계약체결              (+5),,2026-08-14: 반기보고서 (2026.06) | 2026-08-06: 단일판매ㆍ공급계약체결              ,2
엔젯,419080,5,OK,,단일판매ㆍ공급계약체결              (+5),,2026-07-24: 단일판매ㆍ공급계약체결              ,1
에스지헬스케어,398120,5,OK,,[기재정정]단일판매ㆍ공급계약체결(자율공시)              (+5),,2026-07-24: [기재정정]단일판매ㆍ공급계약체결(자율공시)              ,1
인탑스,049070,5,OK,,주식소각결정              (+5),,2026-08-14: 반기보고서 (2026.06) | 2026-07-31: 현금ㆍ현물배당결정              (중간배당) | 2026-07-31: 주식소각결정               | 2026-07-31: 신탁계약해지결과보고서 | 2026-07-31: 주요사항보고서(자기주식취득신탁계약해지결정),5
아크릴,0007C0,5,OK,,단일판매ㆍ공급계약체결              (+5),,2026-08-14: 반기보고서 (2026.06) | 2026-07-28: 단일판매ㆍ공급계약체결               | 2026-07-27: 임원ㆍ주요주주특정증권등소유상황보고서 | 2026-07-27: 주식등의대량보유상황보고서(일반),4
노타,486990,5,OK,,단일판매ㆍ공급계약체결              (+5),,2026-08-14: 반기보고서 (2026.06) | 2026-08-13: 단일판매ㆍ공급계약체결              ,2
남화토건,091590,5,OK,,[기재정정]단일판매ㆍ공급계약체결              (+5),,2026-08-14: 반기보고서 (2026.06) | 2026-08-06: 주식등의대량보유상황보고서(일반) | 2026-08-04: [기재정정]단일판매ㆍ공급계약체결              ,3
심플랫폼,444530,5,OK,,단일판매ㆍ공급계약체결              (+5),,2026-08-14: 반기보고서 (2026.06) | 2026-08-03: 단일판매ㆍ공급계약체결              ,2
오늘이엔엠,192410,5,OK,,단일판매ㆍ공급계약체결              (+5),,2026-08-21: [기재정정]벌금등의부과               | 2026-08-14: 반기보고서 (2026.06) | 2026-08-10: 단일판매ㆍ공급계약체결              ,3
사피엔반도체,452430,5,OK,,단일판매ㆍ공급계약체결              (+5),,2026-08-12: 반기보고서 (2026.06) | 2026-08-04: 단일판매ㆍ공급계약체결              ,2
뱅크웨어글로벌,199480,5,OK,,단일판매ㆍ공급계약체결              (+5),,2026-08-14: 반기보고서 (2026.06) | 2026-08-13: 주식등의대량보유상황보고서(일반) | 2026-08-11: 단일판매ㆍ공급계약체결               | 2026-08-05: 임원ㆍ주요주주특정증권등소유상황보고서,4
파인텍,131760,5,OK,,단일판매ㆍ공급계약체결              (+5),,2026-08-14: 반기보고서 (2026.06) | 2026-08-04: 주식등의대량보유상황보고서(일반) | 2026-08-04: 임원ㆍ주요주주특정증권등소유상황보고서 | 2026-07-24: 단일판매ㆍ공급계약체결              ,4
에스티아이,039440,5,OK,,단일판매ㆍ공급계약체결(자율공시)              (+5),,2026-08-14: 반기보고서 (2026.06) | 2026-07-28: 단일판매ㆍ공급계약체결(자율공시)              ,2
삼천리자전거,024950,5,OK,,주요사항보고서(자기주식취득결정)(+5),,2026-08-18: 공개매수설명서 | 2026-08-18: 공개매수신고서 | 2026-08-14: 주요사항보고서(자기주식취득결정) | 2026-08-14: 반기보고서 (2026.06),4
아이씨디,040910,5,OK,,[기재정정]단일판매ㆍ공급계약체결              (+5),,2026-08-14: 반기보고서 (2026.06) | 2026-08-13: 임원ㆍ주요주주특정증권등소유상황보고서 | 2026-08-11: 주식등의대량보유상황보고서(약식) | 2026-07-31: [기재정정]단일판매ㆍ공급계약체결               | 2026-07-30: 임원ㆍ주요주주특정증권등소유상황보고서,5
케이엔알시스템,199430,5,OK,,[기재정정]단일판매ㆍ공급계약체결              (+5),,2026-08-14: 반기보고서 (2026.06) | 2026-07-31: [기재정정]단일판매ㆍ공급계약체결              ,2
비츠로테크,042370,5,OK,,단일판매ㆍ공급계약체결(자회사의 주요경영사항)              (+5),,2026-08-14: 반기보고서 (2026.06) | 2026-08-06: 단일판매ㆍ공급계약체결(자회사의 주요경영사항)              ,2
시공테크,020710,5,OK,,[기재정정]단일판매ㆍ공급계약체결(자율공시)              (+5),,2026-08-20: [기재정정]단일판매ㆍ공급계약체결(자율공시)               | 2026-08-14: [첨부추가]반기보고서 (2026.06),2
티와이홀딩스,363280,5,OK,,[기재정정]단일판매ㆍ공급계약체결(자회사의 주요경영사항)              (+5),,2026-08-18: [기재정정]단일판매ㆍ공급계약체결(자회사의 주요경영사항)               | 2026-08-14: 반기보고서 (2026.06) | 2026-08-10: 지급수단별ㆍ지급기간별지급금액및분쟁조정기구에관한사항,3
우주일렉트로,065680,5,OK,,주식소각결정              (+5),,2026-08-14: 반기보고서 (2026.06) | 2026-08-14: [기재정정]사업보고서 (2025.12) | 2026-08-07: 주식소각결정              ,3
에이텍모빌리티,224110,5,OK,,[기재정정]단일판매ㆍ공급계약체결              (+5),,2026-08-14: 반기보고서 (2026.06) | 2026-08-05: 임원ㆍ주요주주특정증권등소유상황보고서 | 2026-07-30: [기재정정]단일판매ㆍ공급계약체결              ,3
아하,102950,6,OK,,[기재정정]주요사항보고서(회사합병결정)(+3) | [첨부추가]주요사항보고서(회사합병결정)(+3),,2026-08-21: [기재정정]주요사항보고서(회사합병결정) | 2026-08-13: [첨부추가]주요사항보고서(회사합병결정) | 2026-08-13: [첨부추가]주주명부폐쇄기간또는기준일설정              ,3
기산텔레콤,035460,6,OK,,[기재정정]유형자산취득결정              (+3) | [기재정정]유형자산취득결정              (+3),,2026-08-21: [기재정정]유형자산취득결정               | 2026-08-14: 반기보고서 (2026.06) | 2026-07-31: [기재정정]유형자산취득결정              ,3
케이아이엔엑스,093320,6,OK,,영업(잠정)실적(공정공시)              (+3) | 연결재무제표기준영업(잠정)실적(공정공시)              (+3),,2026-08-21: 영업실적등에대한전망(공정공시)               | 2026-08-14: 반기보고서 (2026.06) | 2026-08-12: 영업(잠정)실적(공정공시)               | 2026-08-12: 연결재무제표기준영업(잠정)실적(공정공시)              ,4
녹십자웰빙,234690,6,OK,,[기재정정]연결재무제표기준영업(잠정)실적(공정공시)              (+3) | 연결재무제표기준영업(잠정)실적(공정공시)              (+3),,2026-08-14: 반기보고서 (2026.06) | 2026-07-31: [기재정정]연결재무제표기준영업(잠정)실적(공정공시)               | 2026-07-31: 연결재무제표기준영업(잠정)실적(공정공시)              ,3
동아쏘시오홀딩스,000640,6,OK,,[첨부정정]주요사항보고서(회사합병결정)(+3) | 연결재무제표기준영업(잠정)실적(공정공시)              (+3),,2026-08-14: 반기보고서 (2026.06) | 2026-08-13: 주주명부폐쇄기간또는기준일설정               | 2026-08-13: 주주총회소집결의               | 2026-08-13: 타인에대한채무보증결정               | 2026-08-13: 단기차입금증가결정(자회사의 주요경영사항)              ,8
삼성에피스홀딩스,0126Z0,6,OK,,연결재무제표기준영업(잠정)실적(공정공시)              (+3) | 연결재무제표기준영업(잠정)실적(공정공시)(자회사의 주요경영사항)              (+3),,2026-08-14: 반기보고서 (2026.06) | 2026-08-14: 지급수단별ㆍ지급기간별지급금액및분쟁조정기구에관한사항 | 2026-08-10: 투자판단관련주요경영사항(자회사의 주요경영사항)              (SB27주(펨브롤리주맙 바이오시밀러) 한국 품목허가 신청) | 2026-08-04: 최대주주등소유주식변동신고서               | 2026-08-04: 임원ㆍ주요주주특정증권등소유상황보고서,8
더즌,462860,6,OK,,연결재무제표기준영업(잠정)실적(공정공시)              (+3) | 영업(잠정)실적(공정공시)              (+3),,2026-08-13: 반기보고서 (2026.06) | 2026-08-07: 연결재무제표기준영업(잠정)실적(공정공시)               | 2026-08-07: 영업(잠정)실적(공정공시)              ,3
안랩,053800,6,OK,,연결재무제표기준영업(잠정)실적(공정공시)              (+3) | 영업(잠정)실적(공정공시)              (+3),,2026-08-13: 반기보고서 (2026.06) | 2026-08-07: 주식등의대량보유상황보고서(일반) | 2026-08-07: 임원ㆍ주요주주특정증권등소유상황보고서 | 2026-08-05: 주식등의대량보유상황보고서(약식) | 2026-07-29: 임원ㆍ주요주주특정증권등소유상황보고서,8
기아,000270,6,OK,,영업(잠정)실적(공정공시)              (+3) | 연결재무제표기준영업(잠정)실적(공정공시)              (+3),,2026-08-21: 기업설명회(IR)개최(안내공시)               | 2026-08-18: 기업설명회(IR)개최(안내공시)               | 2026-08-14: 반기보고서 (2026.06) | 2026-08-14: 지급수단별ㆍ지급기간별지급금액및분쟁조정기구에관한사항 | 2026-08-12: 특수관계인으로부터기타유가증권매수,14
가비아,079940,6,OK,,연결재무제표기준영업(잠정)실적(공정공시)              (+3) | 영업(잠정)실적(공정공시)              (+3),,2026-08-21: 영업실적등에대한전망(공정공시)               | 2026-08-14: 반기보고서 (2026.06) | 2026-08-13: 주식등의대량보유상황보고서(약식) | 2026-08-12: 연결재무제표기준영업(잠정)실적(공정공시)               | 2026-08-12: 영업(잠정)실적(공정공시)              ,8
SK텔레콤,017670,6,OK,,연결재무제표기준영업(잠정)실적(공정공시)              (+3) | 영업(잠정)실적(공정공시)              (+3),,2026-08-13: 반기보고서 (2026.06) | 2026-08-13: 지급수단별ㆍ지급기간별지급금액및분쟁조정기구에관한사항 | 2026-08-07: 풍문또는보도에대한해명(미확정)               | 2026-08-05: 연결재무제표기준영업(잠정)실적(공정공시)               | 2026-08-05: 영업(잠정)실적(공정공시)              ,8
한국가스공사,036460,6,OK,,영업(잠정)실적(공정공시)              (+3) | 연결재무제표기준영업(잠정)실적(공정공시)              (+3),,2026-08-20: 자원개발진행사항공시(자율공시)               | 2026-08-19: [기재정정]반기보고서 (2026.06) | 2026-08-14: 반기보고서 (2026.06) | 2026-08-14: 임원ㆍ주요주주특정증권등소유상황보고서 | 2026-08-14: 임원ㆍ주요주주특정증권등소유상황보고서,12
휴온스,243070,6,OK,,연결재무제표기준영업(잠정)실적(공정공시)              (+3) | [기재정정]주요사항보고서(회사합병결정)(+3),,2026-08-14: 반기보고서 (2026.06) | 2026-08-11: 현금ㆍ현물배당결정              (분기배당) | 2026-08-11: 중간(분기)배당을위한주주명부폐쇄(기준일)결정               | 2026-08-11: 연결재무제표기준영업(잠정)실적(공정공시)               | 2026-08-04: [기재정정]주주총회소집결의              (임시주주총회),7
동원산업,006040,6,OK,,영업(잠정)실적(공정공시)              (+3) | 연결재무제표기준영업(잠정)실적(공정공시)              (+3),,2026-08-18: [기재정정]현금ㆍ현물배당을위한주주명부폐쇄(기준일)결정               | 2026-08-14: 반기보고서 (2026.06) | 2026-08-12: 타인에대한채무보증결정               | 2026-08-12: 현금ㆍ현물배당결정               | 2026-08-12: 현금ㆍ현물배당을위한주주명부폐쇄(기준일)결정              ,13
에스엠,041510,6,OK,,연결재무제표기준영업(잠정)실적(공정공시)              (+3) | 영업(잠정)실적(공정공시)              (+3),,2026-08-19: 주식등의대량보유상황보고서(약식) | 2026-08-14: 반기보고서 (2026.06) | 2026-08-13: 지급수단별ㆍ지급기간별지급금액및분쟁조정기구에관한사항 | 2026-08-05: 연결재무제표기준영업(잠정)실적(공정공시)               | 2026-08-05: 영업(잠정)실적(공정공시)              ,5
동원시스템즈,014820,6,OK,,영업(잠정)실적(공정공시)              (+3) | 연결재무제표기준영업(잠정)실적(공정공시)              (+3),,2026-08-13: 반기보고서 (2026.06) | 2026-08-12: 지급수단별ㆍ지급기간별지급금액및분쟁조정기구에관한사항 | 2026-08-12: 현금ㆍ현물배당을위한주주명부폐쇄(기준일)결정               | 2026-08-12: 현금ㆍ현물배당결정               | 2026-07-31: 영업(잠정)실적(공정공시)              ,6
윈스테크넷,136540,6,OK,,영업(잠정)실적(공정공시)              (+3) | 연결재무제표기준영업(잠정)실적(공정공시)              (+3),,2026-08-13: 반기보고서 (2026.06) | 2026-07-30: 영업(잠정)실적(공정공시)               | 2026-07-30: 연결재무제표기준영업(잠정)실적(공정공시)              ,3
풍산,103140,6,OK,,연결재무제표기준영업(잠정)실적(공정공시)              (+3) | 영업(잠정)실적(공정공시)              (+3),,2026-08-14: 반기보고서 (2026.06) | 2026-08-12: 임원ㆍ주요주주특정증권등소유상황보고서 | 2026-08-12: 최대주주등소유주식변동신고서               | 2026-07-31: 연결재무제표기준영업(잠정)실적(공정공시)               | 2026-07-31: 영업(잠정)실적(공정공시)              ,6
LG유플러스,032640,6,OK,,연결재무제표기준영업(잠정)실적(공정공시)              (+3) | 영업(잠정)실적(공정공시)              (+3),,2026-08-14: 반기보고서 (2026.06) | 2026-08-14: 지급수단별ㆍ지급기간별지급금액및분쟁조정기구에관한사항 | 2026-08-06: 연결재무제표기준영업(잠정)실적(공정공시)               | 2026-08-06: 영업(잠정)실적(공정공시)               | 2026-08-03: 기업설명회(IR)개최(안내공시)              ,10
고려아연,010130,6,OK,,연결재무제표기준영업(잠정)실적(공정공시)              (+3) | 영업(잠정)실적(공정공시)              (+3),,2026-08-21: [기재정정]소송등의제기ㆍ신청(경영권분쟁소송)               | 2026-08-20: [기재정정]소송등의제기ㆍ신청(경영권분쟁소송)               | 2026-08-19: 소송등의제기ㆍ신청(경영권분쟁소송)               | 2026-08-19: 소송등의제기ㆍ신청(경영권분쟁소송)               | 2026-08-14: 반기보고서 (2026.06),37
한국콜마,161890,6,OK,,연결재무제표기준영업(잠정)실적(공정공시)              (+3) | 영업(잠정)실적(공정공시)              (+3),,2026-08-21: 기업설명회(IR)개최(안내공시)               | 2026-08-18: 기업설명회(IR)개최(안내공시)               | 2026-08-14: 반기보고서 (2026.06) | 2026-08-14: 지급수단별ㆍ지급기간별지급금액및분쟁조정기구에관한사항 | 2026-08-13: 기업설명회(IR)개최(안내공시)              ,10
헥토이노베이션,214180,6,OK,,[기재정정]연결재무제표기준영업(잠정)실적(공정공시)              (+3) | 연결재무제표기준영업(잠정)실적(공정공시)              (+3),,2026-08-21: 기업설명회(IR)개최               | 2026-08-14: 반기보고서 (2026.06) | 2026-08-07: [기재정정]연결재무제표기준영업(잠정)실적(공정공시)               | 2026-08-07: 연결재무제표기준영업(잠정)실적(공정공시)              ,4
동원모빌리티,018500,6,OK,,영업(잠정)실적(공정공시)              (+3) | 연결재무제표기준영업(잠정)실적(공정공시)              (+3),,2026-08-14: 분기보고서 (2026.06) | 2026-08-11: 영업(잠정)실적(공정공시)               | 2026-08-11: 연결재무제표기준영업(잠정)실적(공정공시)              ,3
지역난방공사,071320,6,OK,,연결재무제표기준영업(잠정)실적(공정공시)              (+3) | 영업(잠정)실적(공정공시)              (+3),,2026-08-13: [기재정정]주주명부폐쇄기간또는기준일설정               | 2026-08-13: [기재정정]일괄신고서 | 2026-08-13: 반기보고서 (2026.06) | 2026-08-10: 연결재무제표기준영업(잠정)실적(공정공시)               | 2026-08-06: 기업설명회(IR)개최(안내공시)              ,13
파라다이스,034230,6,OK,,연결재무제표기준영업(잠정)실적(공정공시)              (+3) | 연결재무제표기준영업(잠정)실적(공정공시)              (+3),,2026-08-14: 반기보고서 (2026.06) | 2026-08-13: 지급수단별ㆍ지급기간별지급금액및분쟁조정기구에관한사항 | 2026-08-07: 연결재무제표기준영업(잠정)실적(공정공시)               | 2026-08-04: 연결재무제표기준영업(잠정)실적(공정공시)               | 2026-07-24: 최대주주등소유주식변동신고서              ,6
한컴,030520,6,OK,,연결재무제표기준영업(잠정)실적(공정공시)              (+3) | 영업(잠정)실적(공정공시)              (+3),,2026-08-14: 반기보고서 (2026.06) | 2026-08-04: 기업가치제고계획예고               | 2026-07-30: 연결재무제표기준영업(잠정)실적(공정공시)               | 2026-07-30: 영업(잠정)실적(공정공시)              ,4
KX,122450,6,OK,,[기재정정]주요사항보고서(회사합병결정)(+3) | [기재정정]회사합병결정(종속회사의주요경영사항)              (+3),,2026-08-21: [기재정정]주요사항보고서(회사합병결정) | 2026-08-21: [기재정정]회사합병결정(종속회사의주요경영사항)               | 2026-08-14: 반기보고서 (2026.06),3
앤씨앤,092600,6,OK,,[기재정정]연결재무제표기준영업(잠정)실적(공정공시)              (+3) | 연결재무제표기준영업(잠정)실적(공정공시)              (+3),,2026-08-14: 반기보고서 (2026.06) | 2026-08-12: [기재정정]연결재무제표기준영업(잠정)실적(공정공시)               | 2026-07-28: 연결재무제표기준영업(잠정)실적(공정공시)              ,3
이마트,139480,6,OK,,영업(잠정)실적(공정공시)              (+3) | 연결재무제표기준영업(잠정)실적(공정공시)              (+3),,2026-08-14: 반기보고서 (2026.06) | 2026-08-14: 지급수단별ㆍ지급기간별지급금액및분쟁조정기구에관한사항 | 2026-08-13: 기업설명회(IR)개최(안내공시)               | 2026-08-13: 영업(잠정)실적(공정공시)               | 2026-08-13: 연결재무제표기준영업(잠정)실적(공정공시)              ,6
카카오페이,377300,6,OK,,연결재무제표기준영업(잠정)실적(공정공시)              (+3) | 영업(잠정)실적(공정공시)              (+3),,2026-08-21: 최대주주등소유주식변동신고서               | 2026-08-21: 임원ㆍ주요주주특정증권등소유상황보고서 | 2026-08-20: 기업설명회(IR)개최(안내공시)               | 2026-08-14: 반기보고서 (2026.06) | 2026-08-13: 지급수단별ㆍ지급기간별지급금액및분쟁조정기구에관한사항,9
인크로스,216050,6,OK,,연결재무제표기준영업(잠정)실적(공정공시)              (+3) | 영업(잠정)실적(공정공시)              (+3),,2026-08-13: 지급수단별ㆍ지급기간별지급금액및분쟁조정기구에관한사항 | 2026-08-13: 반기보고서 (2026.06) | 2026-08-07: 연결재무제표기준영업(잠정)실적(공정공시)               | 2026-08-07: 영업(잠정)실적(공정공시)              ,4
한솔제지,213500,6,OK,,연결재무제표기준영업(잠정)실적(공정공시)              (+3) | 영업(잠정)실적(공정공시)              (+3),,2026-08-13: 반기보고서 (2026.06) | 2026-08-13: 지급수단별ㆍ지급기간별지급금액및분쟁조정기구에관한사항 | 2026-08-05: 현금ㆍ현물배당결정               | 2026-08-05: 현금ㆍ현물배당을위한주주명부폐쇄(기준일)결정               | 2026-07-30: 연결재무제표기준영업(잠정)실적(공정공시)              ,6
싸이토젠,217330,6,OK,,[첨부정정]주요사항보고서(회사합병결정)(+3) | 주요사항보고서(회사합병결정)(+3),,2026-08-13: 주식등의대량보유상황보고서(일반) | 2026-08-13: 반기보고서 (2026.06) | 2026-08-10: 주식매수선택권부여에관한신고 | 2026-08-10: 임시주주총회결과               | 2026-07-30: [첨부정정]주요사항보고서(회사합병결정),8
포스코스틸리온,058430,6,OK,,연결재무제표기준영업(잠정)실적(공정공시)              (+3) | 영업(잠정)실적(공정공시)              (+3),,2026-08-13: 반기보고서 (2026.06) | 2026-07-30: 지급수단별ㆍ지급기간별지급금액및분쟁조정기구에관한사항 | 2026-07-30: 연결재무제표기준영업(잠정)실적(공정공시)               | 2026-07-30: 영업(잠정)실적(공정공시)              ,4
포스코퓨처엠,003670,6,OK,,연결재무제표기준영업(잠정)실적(공정공시)              (+3) | 영업(잠정)실적(공정공시)              (+3),,2026-08-21: [기재정정]단일판매ㆍ공급계약해지               | 2026-08-19: 임원ㆍ주요주주특정증권등소유상황보고서 | 2026-08-14: 반기보고서 (2026.06) | 2026-08-14: 임원ㆍ주요주주특정증권등소유상황보고서 | 2026-07-30: 연결재무제표기준영업(잠정)실적(공정공시)              ,7
NHN KCP,060250,6,OK,,영업(잠정)실적(공정공시)              (+3) | 연결재무제표기준영업(잠정)실적(공정공시)              (+3),,2026-08-14: 반기보고서 (2026.06) | 2026-08-11: 영업(잠정)실적(공정공시)               | 2026-08-11: 연결재무제표기준영업(잠정)실적(공정공시)              ,3
HL만도,204320,6,OK,,[기재정정]연결재무제표기준영업(잠정)실적(공정공시)              (+3) | 연결재무제표기준영업(잠정)실적(공정공시)              (+3),,2026-08-14: [기재정정]연결재무제표기준영업(잠정)실적(공정공시)               | 2026-08-14: 반기보고서 (2026.06) | 2026-08-13: 지급수단별ㆍ지급기간별지급금액및분쟁조정기구에관한사항 | 2026-07-30: 연결재무제표기준영업(잠정)실적(공정공시)               | 2026-07-28: [기재정정]기업설명회(IR)개최(안내공시)              ,7
KTcs,058850,6,OK,,영업(잠정)실적(공정공시)              (+3) | 연결재무제표기준영업(잠정)실적(공정공시)              (+3),,2026-08-14: 반기보고서 (2026.06) | 2026-08-12: 지급수단별ㆍ지급기간별지급금액및분쟁조정기구에관한사항 | 2026-08-07: 영업(잠정)실적(공정공시)               | 2026-08-07: 연결재무제표기준영업(잠정)실적(공정공시)              ,4
한국금융지주,071050,6,OK,,연결재무제표기준영업(잠정)실적(공정공시)              (+3) | 연결재무제표기준영업(잠정)실적(공정공시)(자회사의 주요경영사항)              (+3),,2026-08-14: 반기보고서 (2026.06) | 2026-08-14: 기업설명회(IR)개최(안내공시)               | 2026-08-13: 투자판단관련주요경영사항               | 2026-08-06: 연결재무제표기준영업(잠정)실적(공정공시)               | 2026-08-06: 연결재무제표기준영업(잠정)실적(공정공시)(자회사의 주요경영사항)              ,7
GKL,114090,6,OK,,연결재무제표기준영업(잠정)실적(공정공시)              (+3) | 영업(잠정)실적(공정공시)              (+3),,2026-08-14: 반기보고서 (2026.06) | 2026-08-11: 신규시설투자등               | 2026-08-11: 연결재무제표기준영업(잠정)실적(공정공시)               | 2026-08-11: 현금ㆍ현물배당을위한주주명부폐쇄(기준일)결정               | 2026-08-11: 현금ㆍ현물배당결정              ,7
덕산네오룩스,213420,6,OK,,[기재정정]유형자산취득결정(자율공시)              (+3) | 연결재무제표기준영업(잠정)실적(공정공시)              (+3),,2026-08-14: [기재정정]유형자산취득결정(자율공시)               | 2026-08-13: 반기보고서 (2026.06) | 2026-08-06: 기업설명회(IR)개최               | 2026-08-06: 연결재무제표기준영업(잠정)실적(공정공시)              ,4
한화생명,088350,6,OK,,연결재무제표기준영업(잠정)실적(공정공시)              (+3) | 영업(잠정)실적(공정공시)              (+3),,2026-08-13: 반기보고서 (2026.06) | 2026-08-12: 연결재무제표기준영업(잠정)실적(공정공시)               | 2026-08-12: 영업(잠정)실적(공정공시)               | 2026-07-30: 조회공시요구(풍문또는보도)에대한답변(미확정)               | 2026-07-28: 기업설명회(IR)개최(안내공시)              ,5
TS트릴리온,317240,6,OK,,연결재무제표기준영업(잠정)실적(공정공시)              (+3) | 영업(잠정)실적(공정공시)              (+3),,2026-08-14: 반기보고서 (2026.06) | 2026-08-12: [기재정정]주주총회소집결의               | 2026-08-12: 연결재무제표기준영업(잠정)실적(공정공시)               | 2026-08-04: 영업(잠정)실적(공정공시)               | 2026-07-27: 임원ㆍ주요주주특정증권등소유상황보고서,5
신세계,004170,6,OK,,영업(잠정)실적(공정공시)              (+3) | 연결재무제표기준영업(잠정)실적(공정공시)              (+3),,2026-08-21: 기업설명회(IR)개최(안내공시)               | 2026-08-14: [첨부추가]반기보고서 (2026.06) | 2026-08-12: 지급수단별ㆍ지급기간별지급금액및분쟁조정기구에관한사항 | 2026-08-11: 기업설명회(IR)개최(안내공시)               | 2026-08-11: 동일인등출자계열회사와의상품ㆍ용역거래,10
플레이디,237820,6,OK,,영업(잠정)실적(공정공시)              (+3) | 연결재무제표기준영업(잠정)실적(공정공시)              (+3),,2026-08-14: 반기보고서 (2026.06) | 2026-07-27: 영업(잠정)실적(공정공시)               | 2026-07-27: 연결재무제표기준영업(잠정)실적(공정공시)              ,3
광주신세계,037710,6,OK,,영업(잠정)실적(공정공시)              (+3) | 영업(잠정)실적(공정공시)              (+3),,2026-08-14: 반기보고서 (2026.06) | 2026-08-14: 현금ㆍ현물배당결정               | 2026-08-14: 현금ㆍ현물배당을위한주주명부폐쇄(기준일)결정               | 2026-08-11: 영업(잠정)실적(공정공시)               | 2026-08-11: 영업(잠정)실적(공정공시)              ,5
한화투자증권,003530,6,OK,,영업(잠정)실적(공정공시)              (+3) | 연결재무제표기준영업(잠정)실적(공정공시)              (+3),,2026-08-21: 증권발행실적보고서 | 2026-08-21: 투자설명서(일괄신고) | 2026-08-21: 일괄신고추가서류(파생결합사채-주가연계파생결합사채) | 2026-08-21: 증권발행실적보고서 | 2026-08-21: 투자설명서(일괄신고),100
풍산홀딩스,005810,6,OK,,연결재무제표기준영업(잠정)실적(공정공시)              (+3) | 영업(잠정)실적(공정공시)              (+3),,2026-08-14: 반기보고서 (2026.06) | 2026-08-12: 최대주주등소유주식변동신고서               | 2026-07-31: 연결재무제표기준영업(잠정)실적(공정공시)               | 2026-07-31: 영업(잠정)실적(공정공시)               | 2026-07-28: 기업설명회(IR)개최(안내공시)              ,5
평화산업,090080,6,OK,,연결재무제표기준영업(잠정)실적(공정공시)              (+3) | 영업(잠정)실적(공정공시)              (+3),,2026-08-18: 임원ㆍ주요주주특정증권등소유상황보고서 | 2026-08-18: 주식등의대량보유상황보고서(일반) | 2026-08-18: 최대주주등소유주식변동신고서               | 2026-08-14: 반기보고서 (2026.06) | 2026-08-10: 임원ㆍ주요주주특정증권등소유상황보고서,17
콜마홀딩스,024720,6,OK,,연결재무제표기준영업(잠정)실적(공정공시)              (+3) | 영업(잠정)실적(공정공시)              (+3),,2026-08-18: 기업가치제고계획(자율공시)               | 2026-08-14: [기재정정]현금ㆍ현물배당을위한주주명부폐쇄(기준일)결정(자회사의 주요경영사항)               | 2026-08-14: 반기보고서 (2026.06) | 2026-08-14: 지급수단별ㆍ지급기간별지급금액및분쟁조정기구에관한사항 | 2026-08-12: 현금ㆍ현물배당을위한주주명부폐쇄(기준일)결정(자회사의 주요경영사항)              ,10
미래에셋생명,085620,6,OK,,연결재무제표기준영업(잠정)실적(공정공시)              (+3) | 영업(잠정)실적(공정공시)              (+3),,2026-08-14: 반기보고서 (2026.06) | 2026-08-14: 최대주주등소유주식변동신고서               | 2026-08-14: 연결재무제표기준영업(잠정)실적(공정공시)               | 2026-08-14: 영업(잠정)실적(공정공시)               | 2026-08-12: 기업설명회(IR)개최(안내공시)              ,11
NHN,181710,6,OK,,연결재무제표기준영업(잠정)실적(공정공시)              (+3) | 영업(잠정)실적(공정공시)              (+3),,2026-08-20: 풍문또는보도에대한해명(미확정)               | 2026-08-14: 반기보고서 (2026.06) | 2026-08-13: 임원ㆍ주요주주특정증권등소유상황보고서 | 2026-08-11: 기업설명회(IR)개최(안내공시)               | 2026-08-11: 기업설명회(IR)개최(안내공시)              ,8
POSCO홀딩스,005490,6,OK,,영업(잠정)실적(공정공시)(자회사의 주요경영사항)              (+3) | 연결재무제표기준영업(잠정)실적(공정공시)              (+3),,2026-08-18: 현금ㆍ현물배당결정(자회사의 주요경영사항)               | 2026-08-14: 반기보고서 (2026.06) | 2026-08-07: 타법인주식및출자증권처분결정(자율공시)               | 2026-08-07: 타법인주식및출자증권처분결정               | 2026-08-07: 전환가액ㆍ신주인수권행사가액ㆍ교환가액의조정(안내공시)              ,11
KG스틸,016380,6,OK,,연결재무제표기준영업(잠정)실적(공정공시)              (+3) | 영업(잠정)실적(공정공시)              (+3),,2026-08-14: 반기보고서 (2026.06) | 2026-08-13: 지급수단별ㆍ지급기간별지급금액및분쟁조정기구에관한사항 | 2026-07-31: 타인에대한담보제공결정               | 2026-07-31: [기재정정]주요사항보고서(타법인주식및출자증권양수결정) | 2026-07-29: 연결재무제표기준영업(잠정)실적(공정공시)              ,7
메타케어,118000,6,OK,,[첨부정정]주요사항보고서(회사합병결정)(+3) | 주요사항보고서(회사합병결정)(+3),,2026-08-13: 반기보고서 (2026.06) | 2026-07-29: [첨부정정]주요사항보고서(회사합병결정) | 2026-07-28: 주주명부폐쇄기간또는기준일설정               | 2026-07-28: 주요사항보고서(회사합병결정) | 2026-07-27: 전환가액ㆍ신주인수권행사가액ㆍ교환가액의조정(안내공시)              ,5
현대제철,004020,6,OK,,연결재무제표기준영업(잠정)실적(공정공시)              (+3) | 영업(잠정)실적(공정공시)              (+3),,2026-08-14: 반기보고서 (2026.06) | 2026-08-14: 지급수단별ㆍ지급기간별지급금액및분쟁조정기구에관한사항 | 2026-08-03: 연결재무제표기준영업(잠정)실적(공정공시)               | 2026-08-03: 영업(잠정)실적(공정공시)               | 2026-07-31: 지속가능경영보고서등관련사항(자율공시)              ,7
HD현대,267250,6,OK,,연결재무제표기준영업(잠정)실적(공정공시)              (+3) | 연결재무제표기준영업(잠정)실적(공정공시)(자회사의 주요경영사항)              (+3),,2026-08-14: 반기보고서 (2026.06) | 2026-08-13: 지급수단별ㆍ지급기간별지급금액및분쟁조정기구에관한사항 | 2026-08-07: 주식등의대량보유상황보고서(일반) | 2026-08-04: 임원ㆍ주요주주특정증권등거래계획보고서 | 2026-08-04: 임원ㆍ주요주주특정증권등거래계획보고서,15
케이티,030200,6,OK,,연결재무제표기준영업(잠정)실적(공정공시)              (+3) | 영업(잠정)실적(공정공시)              (+3),,2026-08-14: 반기보고서 (2026.06) | 2026-08-13: 지급수단별ㆍ지급기간별지급금액및분쟁조정기구에관한사항 | 2026-08-12: 기업가치제고계획(자율공시)               | 2026-08-12: 연결재무제표기준영업(잠정)실적(공정공시)               | 2026-08-12: 영업(잠정)실적(공정공시)              ,9
더블유게임즈,192080,6,OK,,연결재무제표기준영업(잠정)실적(공정공시)              (+3) | 영업(잠정)실적(공정공시)              (+3),,2026-08-14: 반기보고서 (2026.06) | 2026-08-14: 기업설명회(IR)개최(안내공시)               | 2026-08-12: 연결재무제표기준영업(잠정)실적(공정공시)               | 2026-08-12: 영업(잠정)실적(공정공시)               | 2026-07-31: 기업설명회(IR)개최(안내공시)              ,7
SNT에너지,100840,8,OK,,단일판매ㆍ공급계약체결(자율공시)              (+5) | 연결재무제표기준영업(잠정)실적(공정공시)              (+3),,2026-08-21: 기타경영사항(자율공시)(종속회사의주요경영사항)               | 2026-08-12: 반기보고서 (2026.06) | 2026-08-12: 현금ㆍ현물배당결정               | 2026-08-04: 최대주주등소유주식변동신고서               | 2026-08-04: 임원ㆍ주요주주특정증권등소유상황보고서,8
포스코DX,022100,8,OK,,연결재무제표기준영업(잠정)실적(공정공시)              (+3) | [기재정정]단일판매ㆍ공급계약체결              (+5),,2026-08-14: 반기보고서 (2026.06) | 2026-08-14: 주식등의대량보유상황보고서(일반) | 2026-08-07: 임원ㆍ주요주주특정증권등거래계획보고서 | 2026-08-06: 임원ㆍ주요주주특정증권등소유상황보고서 | 2026-07-30: 지급수단별ㆍ지급기간별지급금액및분쟁조정기구에관한사항,8
영진약품,003520,8,OK,,[기재정정]단일판매ㆍ공급계약체결              (+5) | 영업(잠정)실적(공정공시)              (+3),,2026-08-14: 반기보고서 (2026.06) | 2026-08-13: 지급수단별ㆍ지급기간별지급금액및분쟁조정기구에관한사항 | 2026-08-12: [기재정정]단일판매ㆍ공급계약체결               | 2026-07-31: 영업(잠정)실적(공정공시)               | 2026-07-24: [기재정정]신규시설투자등              ,5
HL D&I,014790,8,OK,,연결재무제표기준영업(잠정)실적(공정공시)              (+3) | [기재정정]단일판매ㆍ공급계약체결              (+5),,2026-08-13: 기업설명회(IR)개최(안내공시)               | 2026-08-13: 반기보고서 (2026.06) | 2026-08-13: 지급수단별ㆍ지급기간별지급금액및분쟁조정기구에관한사항 | 2026-08-11: 연결재무제표기준영업(잠정)실적(공정공시)               | 2026-08-06: 결산실적공시예고(안내공시)              ,7
성광벤드,014620,8,OK,,단일판매ㆍ공급계약체결              (+5) | 연결재무제표기준영업(잠정)실적(공정공시)              (+3),,2026-08-21: 단일판매ㆍ공급계약체결               | 2026-08-14: 반기보고서 (2026.06) | 2026-08-14: 기업설명회(IR)개최               | 2026-08-14: 기업설명회(IR)개최               | 2026-08-10: 연결재무제표기준영업(잠정)실적(공정공시)              ,6
쎄트렉아이,099320,8,OK,,연결재무제표기준영업(잠정)실적(공정공시)              (+3) | 단일판매ㆍ공급계약체결              (+5),,2026-08-13: 반기보고서 (2026.06) | 2026-07-29: 연결재무제표기준영업(잠정)실적(공정공시)               | 2026-07-24: 단일판매ㆍ공급계약체결              ,3
NC,036570,8,OK,,[기재정정]단일판매ㆍ공급계약체결              (+5) | 연결재무제표기준영업(잠정)실적(공정공시)              (+3),,2026-08-14: 반기보고서 (2026.06) | 2026-08-12: [기재정정]단일판매ㆍ공급계약체결               | 2026-08-11: 금전대여결정               | 2026-08-11: 연결재무제표기준영업(잠정)실적(공정공시)               | 2026-08-06: 기업설명회(IR)개최(안내공시)              ,5
한화솔루션,009830,8,OK,,주식소각결정              (+5) | 연결재무제표기준영업(잠정)실적(공정공시)              (+3),,2026-08-21: 풍문또는보도에대한해명(미확정)               | 2026-08-21: 특수관계인에대한출자 | 2026-08-14: 반기보고서 (2026.06) | 2026-08-14: 지급수단별ㆍ지급기간별지급금액및분쟁조정기구에관한사항 | 2026-08-03: 임원ㆍ주요주주특정증권등소유상황보고서,80
HD건설기계,267270,8,OK,,[기재정정]주식소각결정              (+5) | 연결재무제표기준영업(잠정)실적(공정공시)              (+3),,2026-08-14: 반기보고서 (2026.06) | 2026-08-13: 동일인등출자계열회사와의상품ㆍ용역거래변경 | 2026-08-13: 지급수단별ㆍ지급기간별지급금액및분쟁조정기구에관한사항 | 2026-08-11: 신탁계약해지결과보고서 | 2026-08-10: 주요사항보고서(자기주식취득신탁계약해지결정),7
케이씨텍,281820,8,OK,,단일판매ㆍ공급계약체결              (+5) | 연결재무제표기준영업(잠정)실적(공정공시)              (+3),,2026-08-13: 반기보고서 (2026.06) | 2026-08-12: 단일판매ㆍ공급계약체결               | 2026-08-05: 연결재무제표기준영업(잠정)실적(공정공시)              ,3
팬오션,028670,8,OK,,[기재정정]단일판매ㆍ공급계약체결              (+5) | 연결재무제표기준영업(잠정)실적(공정공시)              (+3),,2026-08-20: 주식등의대량보유상황보고서(일반) | 2026-08-12: 반기보고서 (2026.06) | 2026-07-31: 지속가능경영보고서등관련사항(자율공시)               | 2026-07-31: [기재정정]단일판매ㆍ공급계약체결               | 2026-07-31: 연결재무제표기준영업(잠정)실적(공정공시)              ,7
콜마비앤에이치,200130,8,OK,,주식소각결정              (+5) | 영업(잠정)실적(공정공시)              (+3),,2026-08-19: [첨부정정]지속가능경영보고서등관련사항(자율공시)               | 2026-08-14: [기재정정]현금ㆍ현물배당결정               | 2026-08-14: [기재정정]현금ㆍ현물배당을위한주주명부폐쇄(기준일)결정               | 2026-08-14: 반기보고서 (2026.06) | 2026-08-14: 지급수단별ㆍ지급기간별지급금액및분쟁조정기구에관한사항,11
대한조선,439260,8,OK,,연결재무제표기준영업(잠정)실적(공정공시)              (+3) | 단일판매ㆍ공급계약체결              (+5),,2026-08-14: 반기보고서 (2026.06) | 2026-08-11: 임원ㆍ주요주주특정증권등소유상황보고서 | 2026-08-11: 임원ㆍ주요주주특정증권등소유상황보고서 | 2026-08-11: 임원ㆍ주요주주특정증권등소유상황보고서 | 2026-08-11: 임원ㆍ주요주주특정증권등소유상황보고서,9
에코프로에이치엔,383310,8,OK,,연결재무제표기준영업(잠정)실적(공정공시)              (+3) | 단일판매ㆍ공급계약체결              (+5),,2026-08-14: 반기보고서 (2026.06) | 2026-08-13: 지급수단별ㆍ지급기간별지급금액및분쟁조정기구에관한사항 | 2026-08-04: 연결재무제표기준영업(잠정)실적(공정공시)               | 2026-07-29: 주식등의대량보유상황보고서(일반) | 2026-07-27: 단일판매ㆍ공급계약체결              ,5
KG파이낸셜,046440,8,OK,,주식소각결정              (+5) | 연결재무제표기준영업(잠정)실적(공정공시)              (+3),,2026-08-14: 반기보고서 (2026.06) | 2026-08-05: 주식소각결정               | 2026-08-05: 기업가치제고계획(자율공시)              (2026년 KG파이낸셜 기업가치제고계획 ) | 2026-08-05: 연결재무제표기준영업(잠정)실적(공정공시)               | 2026-07-31: 기업설명회(IR)개최              ,5
GS건설,006360,8,OK,,단일판매ㆍ공급계약체결              (+5) | 연결재무제표기준영업(잠정)실적(공정공시)              (+3),,2026-08-20: 특수관계인에대한출자 | 2026-08-14: 반기보고서 (2026.06) | 2026-08-14: 지급수단별ㆍ지급기간별지급금액및분쟁조정기구에관한사항 | 2026-08-10: 임원ㆍ주요주주특정증권등소유상황보고서 | 2026-08-07: 단일판매ㆍ공급계약체결              ,8
KT나스미디어,089600,8,OK,,주식소각결정              (+5) | 영업(잠정)실적(공정공시)              (+3),,2026-08-14: 반기보고서 (2026.06) | 2026-08-14: 지급수단별ㆍ지급기간별지급금액및분쟁조정기구에관한사항 | 2026-08-07: 신탁계약해지결과보고서 | 2026-08-06: 주식소각결정               | 2026-08-06: 주요사항보고서(자기주식취득신탁계약해지결정),6
신성이엔지,011930,8,OK,,연결재무제표기준영업(잠정)실적(공정공시)              (+3) | [기재정정]단일판매ㆍ공급계약체결(자율공시)              (+5),,2026-08-21: [기재정정]반기보고서 (2026.06) | 2026-08-19: 기업설명회(IR)개최(안내공시)               | 2026-08-14: 반기보고서 (2026.06) | 2026-08-07: 연결재무제표기준영업(잠정)실적(공정공시)               | 2026-08-07: 기업가치제고계획(자율공시)              (기업가치 제고 계획(자율공시)(2026년)),12
LG,003550,8,OK,,연결재무제표기준영업(잠정)실적(공정공시)              (+3) | 주식소각결정(자회사의 주요경영사항)              (+5),,2026-08-14: 반기보고서 (2026.06) | 2026-08-13: 지속가능경영보고서등관련사항(자율공시)               | 2026-08-13: 연결재무제표기준영업(잠정)실적(공정공시)               | 2026-08-11: 기업설명회(IR)개최(안내공시)               | 2026-08-11: 기업설명회(IR)개최(안내공시)              ,16
DL,000210,8,OK,,[기재정정]단일판매ㆍ공급계약체결(자회사의 주요경영사항)              (+5) | 연결재무제표기준영업(잠정)실적(공정공시)              (+3),,2026-08-14: 반기보고서 (2026.06) | 2026-08-13: 투자판단관련주요경영사항(자회사의 주요경영사항)               | 2026-08-11: [기재정정]단일판매ㆍ공급계약체결(자회사의 주요경영사항)               | 2026-08-03: 연결재무제표기준영업(잠정)실적(공정공시)               | 2026-07-31: [기재정정]단일판매ㆍ공급계약해지(자회사의 주요경영사항)              ,7
LG화학,051910,8,OK,,연결재무제표기준영업(잠정)실적(공정공시)              (+3) | 주식소각결정              (+5),,2026-08-14: 반기보고서 (2026.06) | 2026-08-14: 지급수단별ㆍ지급기간별지급금액및분쟁조정기구에관한사항 | 2026-08-14: 동일인등출자계열회사와의상품ㆍ용역거래변경 | 2026-08-13: 기업설명회(IR)개최(안내공시)               | 2026-08-07: 주식등의대량보유상황보고서(일반),11
두산에너빌리티,034020,8,OK,,단일판매ㆍ공급계약체결              (+5) | 연결재무제표기준영업(잠정)실적(공정공시)              (+3),,2026-08-21: 기업설명회(IR)개최(안내공시)               | 2026-08-21: 단일판매ㆍ공급계약체결               | 2026-08-14: 반기보고서 (2026.06) | 2026-08-14: 지급수단별ㆍ지급기간별지급금액및분쟁조정기구에관한사항 | 2026-08-07: 풍문또는보도에대한해명(미확정)              ,9
한화시스템,272210,8,OK,,[기재정정]단일판매ㆍ공급계약체결              (+5) | 연결재무제표기준영업(잠정)실적(공정공시)              (+3),,2026-08-20: 의결권대리행사권유참고서류 | 2026-08-20: 주주총회소집공고 | 2026-08-20: [기재정정]반기보고서 (2026.06) | 2026-08-13: 반기보고서 (2026.06) | 2026-08-13: 지급수단별ㆍ지급기간별지급금액및분쟁조정기구에관한사항,12
한온시스템,018880,8,OK,,주식소각결정              (+5) | 연결재무제표기준영업(잠정)실적(공정공시)              (+3),,2026-08-20: 기업설명회(IR)개최(안내공시)               | 2026-08-14: 지급수단별ㆍ지급기간별지급금액및분쟁조정기구에관한사항 | 2026-08-13: 반기보고서 (2026.06) | 2026-08-12: 풍문또는보도에대한해명(미확정)               | 2026-08-05: 최대주주등소유주식변동신고서              ,7
DL이앤씨,375500,8,OK,,[기재정정]단일판매ㆍ공급계약체결              (+5) | 연결재무제표기준영업(잠정)실적(공정공시)              (+3),,2026-08-14: 반기보고서 (2026.06) | 2026-08-14: [기재정정]사업보고서 (2025.12) | 2026-08-14: 지급수단별ㆍ지급기간별지급금액및분쟁조정기구에관한사항 | 2026-08-13: 투자판단관련주요경영사항               | 2026-08-11: [기재정정]단일판매ㆍ공급계약체결              ,9
HD현대일렉트릭,267260,8,OK,,[기재정정]단일판매ㆍ공급계약체결              (+5) | 연결재무제표기준영업(잠정)실적(공정공시)              (+3),,2026-08-14: 반기보고서 (2026.06) | 2026-08-14: 동일인등출자계열회사와의상품ㆍ용역거래변경 | 2026-08-13: 지급수단별ㆍ지급기간별지급금액및분쟁조정기구에관한사항 | 2026-08-10: 주식등의대량보유상황보고서(약식) | 2026-08-10: 의결권대리행사권유참고서류,11
FSN,214270,8,OK,,주식소각결정              (+5) | 연결재무제표기준영업(잠정)실적(공정공시)              (+3),,2026-08-19: 임원ㆍ주요주주특정증권등소유상황보고서 | 2026-08-19: 주식등의대량보유상황보고서(일반) | 2026-08-18: 파생상품거래손실발생               | 2026-08-14: 반기보고서 (2026.06) | 2026-08-06: 임원ㆍ주요주주특정증권등소유상황보고서,11
솔루스첨단소재,336370,8,OK,,주식소각결정              (+5) | 연결재무제표기준영업(잠정)실적(공정공시)              (+3),,2026-08-14: 반기보고서 (2026.06) | 2026-08-07: 타인에대한채무보증결정               | 2026-07-24: 주식소각결정               | 2026-07-24: 연결재무제표기준영업(잠정)실적(공정공시)              ,4
디아이,003160,8,OK,,연결재무제표기준영업(잠정)실적(공정공시)              (+3) | [기재정정]단일판매ㆍ공급계약체결(자율공시)              (+5),,2026-08-20: 기업설명회(IR)개최(안내공시)               | 2026-08-14: 반기보고서 (2026.06) | 2026-08-07: 기타경영사항(자율공시)(종속회사의주요경영사항)               | 2026-08-03: 연결재무제표기준영업(잠정)실적(공정공시)               | 2026-07-30: [기재정정]단일판매ㆍ공급계약체결(자율공시)              ,5
현대퓨처넷,126560,8,OK,,주요사항보고서(자기주식취득결정)(+5) | 연결재무제표기준영업(잠정)실적(공정공시)              (+3),,2026-08-14: 반기보고서 (2026.06) | 2026-08-14: 지급수단별ㆍ지급기간별지급금액및분쟁조정기구에관한사항 | 2026-08-03: 주요사항보고서(자기주식취득결정) | 2026-08-03: 연결재무제표기준영업(잠정)실적(공정공시)               | 2026-07-27: 결산실적공시예고(안내공시)              ,5
에코볼트,097780,9,OK,,[기재정정]주요사항보고서(회사합병결정)(+3) | [기재정정]주요사항보고서(회사합병결정)(+3) | [기재정정]주요사항보고서(회사합병결정)(+3),,2026-08-14: 반기보고서 (2026.06) | 2026-08-04: [기재정정]주요사항보고서(회사합병결정) | 2026-08-04: [기재정정]주주총회소집결의              (임시주주총회) | 2026-07-28: [기재정정]주요사항보고서(회사합병결정) | 2026-07-24: [기재정정]주주총회소집결의              (임시주주총회),6
알에프텍,061040,9,OK,,[기재정정]주요사항보고서(회사합병결정)(+3) | [기재정정]주요사항보고서(회사합병결정)(+3) | [기재정정]주요사항보고서(회사합병결정)(+3),,2026-08-21: [첨부정정]증권신고서(합병) | 2026-08-21: [기재정정]증권신고서(합병) | 2026-08-18: [기재정정]투자설명서 | 2026-08-14: [기재정정]투자설명서 | 2026-08-14: [기재정정]증권신고서(합병),18
금호석유화학,011780,9,OK,,[첨부정정]주요사항보고서(회사합병결정)(+3) | 주요사항보고서(회사합병결정)(+3) | 연결재무제표기준영업(잠정)실적(공정공시)              (+3),,2026-08-14: 반기보고서 (2026.06) | 2026-08-14: 지급수단별ㆍ지급기간별지급금액및분쟁조정기구에관한사항 | 2026-08-12: [첨부정정]주요사항보고서(회사합병결정) | 2026-08-10: 주요사항보고서(회사합병결정) | 2026-08-07: 기업설명회(IR)개최(안내공시)              ,13
메리츠금융지주,138040,9,OK,,연결재무제표기준영업(잠정)실적(공정공시)              (+3) | 영업(잠정)실적(공정공시)(자회사의 주요경영사항)              (+3) | 연결재무제표기준영업(잠정)실적(공정공시)(자회사의 주요경영사항)              (+3),,2026-08-14: 반기보고서 (2026.06) | 2026-08-12: 기업가치제고계획(자율공시)              (2026년 2분기 이행현황) | 2026-08-12: 연결재무제표기준영업(잠정)실적(공정공시)               | 2026-08-12: 영업(잠정)실적(공정공시)(자회사의 주요경영사항)               | 2026-08-12: 연결재무제표기준영업(잠정)실적(공정공시)(자회사의 주요경영사항)              ,19
금양그린파워,282720,10,OK,,[기재정정]단일판매ㆍ공급계약체결              (+5) | [기재정정]단일판매ㆍ공급계약체결              (+5),,2026-08-13: 반기보고서 (2026.06) | 2026-08-07: 임원ㆍ주요주주특정증권등소유상황보고서 | 2026-08-07: 주식등의대량보유상황보고서(일반) | 2026-08-06: [기재정정]단일판매ㆍ공급계약체결               | 2026-07-27: [기재정정]단일판매ㆍ공급계약체결              ,5
한성크린텍,066980,10,OK,,[기재정정]단일판매ㆍ공급계약체결(자율공시)              (+5) | [기재정정]단일판매ㆍ공급계약체결(자율공시)              (+5),,2026-08-18: 투자판단관련주요경영사항              (P&T7 PJT WWT System 기계(2공구) 공사 우선협상 구매의향서(LOI) 수령) | 2026-08-14: 반기보고서 (2026.06) | 2026-08-07: 주식등의대량보유상황보고서(일반) | 2026-08-07: 임원ㆍ주요주주특정증권등거래계획철회보고서 | 2026-07-28: [기재정정]단일판매ㆍ공급계약체결(자율공시)              ,7
위드텍,348350,10,OK,,단일판매ㆍ공급계약체결              (+5) | 주식소각결정              (+5),,2026-08-14: 자기주식취득결과보고서 | 2026-08-14: 반기보고서 (2026.06) | 2026-08-12: 단일판매ㆍ공급계약체결               | 2026-07-27: 주식소각결정              ,4
앱클론,174900,10,OK,,단일판매ㆍ공급계약체결              (+5) | [기재정정]단일판매ㆍ공급계약체결(자율공시)              (+5),,2026-08-13: 반기보고서 (2026.06) | 2026-08-07: 임원ㆍ주요주주특정증권등소유상황보고서 | 2026-08-04: 단일판매ㆍ공급계약체결               | 2026-07-31: [기재정정]단일판매ㆍ공급계약체결(자율공시)              ,4
우양에이치씨,101970,10,OK,,단일판매ㆍ공급계약체결              (+5) | 단일판매ㆍ공급계약체결              (+5),,2026-08-18: 기업설명회(IR)개최               | 2026-08-14: 반기보고서 (2026.06) | 2026-07-27: 단일판매ㆍ공급계약체결               | 2026-07-24: 단일판매ㆍ공급계약체결              ,4
이노메트리,302430,10,OK,,주식소각결정              (+5) | [기재정정]단일판매ㆍ공급계약체결              (+5),,2026-08-14: 반기보고서 (2026.06) | 2026-08-13: 신탁계약해지결과보고서 | 2026-08-13: 주식소각결정               | 2026-08-13: 주요사항보고서(자기주식취득신탁계약해지결정) | 2026-07-30: [기재정정]단일판매ㆍ공급계약체결              ,5
PS일렉트로닉스,332570,10,OK,,주식소각결정              (+5) | [기재정정]단일판매ㆍ공급계약체결              (+5),,2026-08-18: 주식등의대량보유상황보고서(일반) | 2026-08-18: 주식소각결정               | 2026-08-18: 파생상품거래손실발생               | 2026-08-18: [기재정정]반기보고서 (2026.06) | 2026-08-14: 반기보고서 (2026.06),9
트레스,102210,10,OK,,[기재정정]주요사항보고서(자기주식취득결정)(+5) | 주요사항보고서(자기주식취득결정)(+5),,2026-08-14: 반기보고서 (2026.06) | 2026-07-31: [기재정정]주요사항보고서(자기주식취득결정) | 2026-07-30: 주요사항보고서(자기주식취득결정),3
핌스,347770,10,OK,,[기재정정]주요사항보고서(자기주식취득결정)(+5) | 주요사항보고서(자기주식취득결정)(+5),,2026-08-14: 반기보고서 (2026.06) | 2026-08-13: [기재정정]주요사항보고서(자기주식취득결정) | 2026-08-13: 주요사항보고서(자기주식취득결정),3
우원개발,046940,10,OK,,[기재정정]단일판매ㆍ공급계약체결              (+5) | [기재정정]단일판매ㆍ공급계약체결              (+5),,2026-08-20: [기재정정]단일판매ㆍ공급계약체결               | 2026-08-14: 반기보고서 (2026.06) | 2026-07-24: [기재정정]단일판매ㆍ공급계약체결              ,3
한진중공업홀딩스,003480,10,OK,,단일판매ㆍ공급계약체결(자회사의 주요경영사항)              (+5) | 단일판매ㆍ공급계약체결(자회사의 주요경영사항)              (+5),,2026-08-20: 단일판매ㆍ공급계약체결(자회사의 주요경영사항)               | 2026-08-20: 단일판매ㆍ공급계약체결(자회사의 주요경영사항)               | 2026-08-14: 반기보고서 (2026.06),3
힘스,238490,10,OK,,[기재정정]단일판매ㆍ공급계약체결              (+5) | [기재정정]단일판매ㆍ공급계약체결              (+5),,2026-08-20: 주식등의대량보유상황보고서(일반) | 2026-08-20: 임원ㆍ주요주주특정증권등소유상황보고서 | 2026-08-13: 반기보고서 (2026.06) | 2026-08-07: 주식등의대량보유상황보고서(일반) | 2026-08-07: 임원ㆍ주요주주특정증권등소유상황보고서,9
에쓰씨엔지니어링,023960,10,OK,,주식소각결정              (+5) | [기재정정]단일판매ㆍ공급계약체결              (+5),,2026-08-14: 최대주주등소유주식변동신고서               | 2026-08-14: 반기보고서 (2026.06) | 2026-08-13: 지급수단별ㆍ지급기간별지급금액및분쟁조정기구에관한사항 | 2026-08-13: 임원ㆍ주요주주특정증권등소유상황보고서 | 2026-08-13: 임원ㆍ주요주주특정증권등소유상황보고서,11
씨메스로보틱스,475400,10,OK,,단일판매ㆍ공급계약체결              (+5) | [기재정정]단일판매ㆍ공급계약체결              (+5),,2026-08-13: 반기보고서 (2026.06) | 2026-08-12: 단일판매ㆍ공급계약체결               | 2026-08-07: 주식매수선택권부여에관한신고 | 2026-07-27: [기재정정]단일판매ㆍ공급계약체결              ,4
에코심플렉스,038870,10,OK,,[기재정정]단일판매ㆍ공급계약체결              (+5) | [기재정정]단일판매ㆍ공급계약체결              (+5),,2026-08-14: 반기보고서 (2026.06) | 2026-08-14: [기재정정]단일판매ㆍ공급계약체결               | 2026-07-31: [기재정정]단일판매ㆍ공급계약체결              ,3
엠앤씨솔루션,484870,10,OK,,단일판매ㆍ공급계약체결(자율공시)              (+5) | [기재정정]단일판매ㆍ공급계약체결              (+5),,2026-08-21: 단일판매ㆍ공급계약체결(자율공시)               | 2026-08-20: [기재정정]단일판매ㆍ공급계약체결               | 2026-08-14: 기업설명회(IR)개최(안내공시)               | 2026-08-14: 반기보고서 (2026.06) | 2026-08-11: 풍문또는보도에대한해명(미확정)              ,6
원일티엔아이,136150,10,OK,,[기재정정]단일판매ㆍ공급계약체결              (+5) | 단일판매ㆍ공급계약체결              (+5),,2026-08-19: [기재정정]단일판매ㆍ공급계약체결               | 2026-08-18: 단일판매ㆍ공급계약체결               | 2026-08-14: 반기보고서 (2026.06),3
STX엔진,077970,10,OK,,[기재정정]단일판매ㆍ공급계약체결              (+5) | 단일판매ㆍ공급계약체결              (+5),,2026-08-14: 반기보고서 (2026.06) | 2026-08-10: [기재정정]단일판매ㆍ공급계약체결               | 2026-07-28: 단일판매ㆍ공급계약체결              ,3
엠아이큐브솔루션,373170,10,OK,,단일판매ㆍ공급계약체결(자율공시)              (+5) | 단일판매ㆍ공급계약체결              (+5),,2026-08-14: 반기보고서 (2026.06) | 2026-08-03: 단일판매ㆍ공급계약체결(자율공시)               | 2026-08-03: 단일판매ㆍ공급계약체결              ,3
신송홀딩스,006880,10,OK,,[기재정정]주요사항보고서(자기주식취득결정)(+5) | 주요사항보고서(자기주식취득결정)(+5),,2026-08-14: 반기보고서 (2026.06) | 2026-07-31: [기재정정]주요사항보고서(자기주식취득결정) | 2026-07-31: 주요사항보고서(자기주식취득결정) | 2026-07-30: 자기주식취득결과보고서,4
HL홀딩스,060980,10,OK,,주식소각결정              (+5) | [기재정정]단일판매ㆍ공급계약체결(자회사의 주요경영사항)              (+5),,2026-08-19: 특수관계인에대한출자 | 2026-08-14: 반기보고서 (2026.06) | 2026-08-13: 주식소각결정               | 2026-08-13: 주요사항보고서(자기주식취득신탁계약해지결정) | 2026-08-13: 신탁계약해지결과보고서,12
한진칼,180640,10,OK,,주식소각결정              (+5) | 주식소각결정(자회사의 주요경영사항)              (+5),,2026-08-21: 기타경영사항(자율공시)               | 2026-08-14: 반기보고서 (2026.06) | 2026-08-13: 주식소각결정               | 2026-08-13: 지속가능경영보고서등관련사항(자율공시)               | 2026-08-13: 지급수단별ㆍ지급기간별지급금액및분쟁조정기구에관한사항,9
윈하이텍,192390,10,OK,,단일판매ㆍ공급계약체결              (+5) | 단일판매ㆍ공급계약체결              (+5),,2026-08-18: 단일판매ㆍ공급계약체결               | 2026-08-14: 반기보고서 (2026.06) | 2026-07-28: 임원ㆍ주요주주특정증권등소유상황보고서 | 2026-07-28: 주식등의대량보유상황보고서(일반) | 2026-07-27: 단일판매ㆍ공급계약체결              ,6
에프알텍,073540,10,OK,,단일판매ㆍ공급계약체결              (+5) | 단일판매ㆍ공급계약체결              (+5),,2026-08-14: 반기보고서 (2026.06) | 2026-08-14: 단일판매ㆍ공급계약체결               | 2026-08-14: 임원ㆍ주요주주특정증권등소유상황보고서 | 2026-08-06: 단일판매ㆍ공급계약체결              ,4
삼일씨엔에스,004440,10,OK,,[기재정정]단일판매ㆍ공급계약체결              (+5) | [기재정정]단일판매ㆍ공급계약체결              (+5),,2026-08-13: 반기보고서 (2026.06) | 2026-08-12: [기재정정]단일판매ㆍ공급계약체결               | 2026-08-07: 최대주주등소유주식변동신고서               | 2026-08-04: 대표이사(대표집행임원)변경(안내공시)               | 2026-08-04: 임시주주총회결과              ,6
KC코트렐,119650,10,OK,,[기재정정]단일판매ㆍ공급계약체결(자율공시)              (+5) | [기재정정]단일판매ㆍ공급계약체결(자율공시)              (+5),,2026-08-21: [기재정정]단일판매ㆍ공급계약체결(자율공시)               | 2026-08-14: 반기보고서 (2026.06) | 2026-08-07: [기재정정]단일판매ㆍ공급계약체결(자율공시)              ,3
피앤에스로보틱스,460940,10,OK,,단일판매ㆍ공급계약체결              (+5) | 단일판매ㆍ공급계약체결              (+5),,2026-08-14: 반기보고서 (2026.06) | 2026-08-03: 임원ㆍ주요주주특정증권등소유상황보고서 | 2026-07-30: 단일판매ㆍ공급계약체결               | 2026-07-27: 단일판매ㆍ공급계약체결              ,4
인지컨트롤스,023800,10,OK,,단일판매ㆍ공급계약체결              (+5) | 단일판매ㆍ공급계약체결              (+5),,2026-08-21: 단일판매ㆍ공급계약체결               | 2026-08-21: 타법인주식및출자증권취득결정               | 2026-08-21: 금전대여결정               | 2026-08-18: [기재정정]타인에대한채무보증결정               | 2026-08-14: 반기보고서 (2026.06),6
강원에너지,114190,10,OK,,[기재정정]단일판매ㆍ공급계약체결              (+5) | [기재정정]단일판매ㆍ공급계약체결              (+5),,2026-08-21: [기재정정]금전대여결정              (대여기간 연장) | 2026-08-14: 타인에대한채무보증결정               | 2026-08-14: 주식등의대량보유상황보고서(일반) | 2026-08-14: 반기보고서 (2026.06) | 2026-07-29: [기재정정]단일판매ㆍ공급계약체결              ,6
SHD,001770,10,OK,,[기재정정]주요사항보고서(자기주식취득결정)(+5) | 주요사항보고서(자기주식취득결정)(+5),,2026-08-14: 반기보고서 (2026.06) | 2026-08-13: [기재정정]주요사항보고서(자기주식취득결정) | 2026-08-13: 주요사항보고서(자기주식취득결정),3
스트라드비젼,475040,10,OK,,단일판매ㆍ공급계약체결              (+5) | 단일판매ㆍ공급계약체결              (+5),,2026-08-20: 단일판매ㆍ공급계약체결               | 2026-08-14: 반기보고서 (2026.06) | 2026-08-12: [기재정정]주식매수선택권행사               | 2026-08-11: 주식매수선택권행사               | 2026-07-31: 임원ㆍ주요주주특정증권등소유상황보고서,10
SG,255220,10,OK,,단일판매ㆍ공급계약체결              (+5) | [기재정정]단일판매ㆍ공급계약체결              (+5),,2026-08-21: 주식등의대량보유상황보고서(일반) | 2026-08-18: [기재정정]투자설명서 | 2026-08-14: [기재정정]투자설명서 | 2026-08-14: [기재정정]증권신고서(지분증권) | 2026-08-14: 반기보고서 (2026.06),8
산일전기,062040,11,OK,,단일판매ㆍ공급계약체결              (+5) | 연결재무제표기준영업(잠정)실적(공정공시)              (+3) | 영업(잠정)실적(공정공시)              (+3),,2026-08-20: 단일판매ㆍ공급계약체결               | 2026-08-14: 반기보고서 (2026.06) | 2026-08-13: 최대주주등소유주식변동신고서               | 2026-08-13: 주식등의대량보유상황보고서(일반) | 2026-08-13: 임원ㆍ주요주주특정증권등소유상황보고서,10
에스폴리텍,050760,11,OK,,주요사항보고서(자기주식취득결정)(+5) | 영업(잠정)실적(공정공시)              (+3) | 연결재무제표기준영업(잠정)실적(공정공시)              (+3),,2026-08-14: 반기보고서 (2026.06) | 2026-08-13: 주요사항보고서(자기주식취득결정) | 2026-07-28: 영업(잠정)실적(공정공시)               | 2026-07-28: 연결재무제표기준영업(잠정)실적(공정공시)              ,4
DS단석,017860,11,OK,,[기재정정]연결재무제표기준영업(잠정)실적(공정공시)              (+3) | 주식소각결정              (+5) | 연결재무제표기준영업(잠정)실적(공정공시)              (+3),,2026-08-14: 반기보고서 (2026.06) | 2026-08-14: [기재정정]연결재무제표기준영업(잠정)실적(공정공시)               | 2026-08-12: 주식소각결정               | 2026-07-28: 연결재무제표기준영업(잠정)실적(공정공시)              ,4
야스,255440,11,OK,,[기재정정]단일판매ㆍ공급계약체결              (+5) | 연결재무제표기준영업(잠정)실적(공정공시)              (+3) | 영업(잠정)실적(공정공시)              (+3),,2026-08-21: 대표이사변경               | 2026-08-19: [기재정정]단일판매ㆍ공급계약체결               | 2026-08-14: 반기보고서 (2026.06) | 2026-08-11: 임원ㆍ주요주주특정증권등소유상황보고서 | 2026-08-11: 주식등의대량보유상황보고서(일반),10
우리금융지주,316140,11,OK,,주식소각결정              (+5) | 연결재무제표기준영업(잠정)실적(공정공시)(자회사의 주요경영사항)              (+3) | 연결재무제표기준영업(잠정)실적(공정공시)              (+3),,2026-08-19: 기업설명회(IR)개최(안내공시)               | 2026-08-14: [기재정정]일괄신고서 | 2026-08-14: 반기보고서 (2026.06) | 2026-08-13: 증권발행실적보고서 | 2026-08-13: 투자설명서,17
아이크래프트,052460,11,OK,,연결재무제표기준영업(잠정)실적(공정공시)              (+3) | 영업(잠정)실적(공정공시)              (+3) | 단일판매ㆍ공급계약체결              (+5),,2026-08-14: 반기보고서 (2026.06) | 2026-08-14: [기재정정]사업보고서 (2025.12) | 2026-08-10: 수시공시의무관련사항(공정공시)              (주주가치 제고를 위한 주주환원정책 안내) | 2026-08-10: 연결재무제표기준영업(잠정)실적(공정공시)               | 2026-08-10: 영업(잠정)실적(공정공시)              ,6
HD현대중공업,329180,11,OK,,단일판매ㆍ공급계약체결              (+5) | 영업(잠정)실적(공정공시)              (+3) | 연결재무제표기준영업(잠정)실적(공정공시)              (+3),,2026-08-21: 조회공시요구(풍문또는보도)에대한답변(미확정)               | 2026-08-21: 조회공시요구(풍문또는보도)               | 2026-08-20: [첨부정정]지속가능경영보고서등관련사항(자율공시)               | 2026-08-14: 반기보고서 (2026.06) | 2026-08-10: 단일판매ㆍ공급계약체결              ,13
삼성전자,005930,11,OK,,주요사항보고서(자기주식취득결정)(+5) | [기재정정]연결재무제표기준영업(잠정)실적(공정공시)              (+3) | 연결재무제표기준영업(잠정)실적(공정공시)              (+3),,2026-08-21: 기타경영사항(자율공시)               | 2026-08-21: 주요사항보고서(자기주식취득결정) | 2026-08-21: 수시공시의무관련사항(공정공시)               | 2026-08-21: 임원ㆍ주요주주특정증권등소유상황보고서 | 2026-08-20: 임원ㆍ주요주주특정증권등소유상황보고서,63
메타랩스,090370,12,OK,,[첨부정정]주요사항보고서(회사합병결정)(+3) | 회사합병결정(종속회사의주요경영사항)              (+3) | 주요사항보고서(회사합병결정)(+3) | 회사합병결정(종속회사의주요경영사항)              (+3),,2026-08-13: 반기보고서 (2026.06) | 2026-08-07: 임원ㆍ주요주주특정증권등소유상황보고서 | 2026-08-04: [첨부정정]주요사항보고서(회사합병결정) | 2026-08-03: 회사합병결정(종속회사의주요경영사항)               | 2026-08-03: 주주명부폐쇄기간또는기준일설정              ,7
삼성중공업,010140,13,OK,,단일판매ㆍ공급계약체결              (+5) | [기재정정]단일판매ㆍ공급계약체결              (+5) | 연결재무제표기준영업(잠정)실적(공정공시)              (+3),,2026-08-14: 반기보고서 (2026.06) | 2026-08-14: 지급수단별ㆍ지급기간별지급금액및분쟁조정기구에관한사항 | 2026-08-14: 임원ㆍ주요주주특정증권등소유상황보고서 | 2026-08-05: 임원ㆍ주요주주특정증권등소유상황보고서 | 2026-08-04: 임원ㆍ주요주주특정증권등소유상황보고서,13
SK오션플랜트,100090,13,OK,,연결재무제표기준영업(잠정)실적(공정공시)              (+3) | 단일판매ㆍ공급계약체결              (+5) | 단일판매ㆍ공급계약체결              (+5),,2026-08-14: 반기보고서 (2026.06) | 2026-08-13: 지급수단별ㆍ지급기간별지급금액및분쟁조정기구에관한사항 | 2026-08-12: 기업설명회(IR)개최(안내공시)               | 2026-08-12: 연결재무제표기준영업(잠정)실적(공정공시)               | 2026-08-04: 주식등의대량보유상황보고서(일반),8
한화오션,042660,13,OK,,단일판매ㆍ공급계약체결              (+5) | 단일판매ㆍ공급계약체결              (+5) | 연결재무제표기준영업(잠정)실적(공정공시)              (+3),,2026-08-20: [기재정정]타인에대한채무보증결정               | 2026-08-14: 지급수단별ㆍ지급기간별지급금액및분쟁조정기구에관한사항 | 2026-08-12: 반기보고서 (2026.06) | 2026-08-07: 풍문또는보도에대한해명(미확정)               | 2026-08-03: 단일판매ㆍ공급계약체결              ,8
HD현대마린엔진,071970,13,OK,,단일판매ㆍ공급계약체결              (+5) | 단일판매ㆍ공급계약체결              (+5) | 연결재무제표기준영업(잠정)실적(공정공시)              (+3),,2026-08-21: 단일판매ㆍ공급계약체결               | 2026-08-14: 반기보고서 (2026.06) | 2026-08-14: 지급수단별ㆍ지급기간별지급금액및분쟁조정기구에관한사항 | 2026-07-31: 단일판매ㆍ공급계약체결               | 2026-07-28: 연결재무제표기준영업(잠정)실적(공정공시)              ,5
LG씨엔에스,064400,13,OK,,연결재무제표기준영업(잠정)실적(공정공시)              (+3) | [기재정정]단일판매ㆍ공급계약체결              (+5) | [기재정정]단일판매ㆍ공급계약체결              (+5),,2026-08-14: 반기보고서 (2026.06) | 2026-08-12: 동일인등출자계열회사와의상품ㆍ용역거래변경 | 2026-08-12: 지급수단별ㆍ지급기간별지급금액및분쟁조정기구에관한사항 | 2026-08-10: 투자판단관련주요경영사항               | 2026-08-05: 현금ㆍ현물배당을위한주주명부폐쇄(기준일)결정              ,10
크래프톤,259960,13,OK,,주요사항보고서(자기주식취득결정)(+5) | 주식소각결정              (+5) | 연결재무제표기준영업(잠정)실적(공정공시)              (+3),,2026-08-14: 반기보고서 (2026.06) | 2026-08-14: 지급수단별ㆍ지급기간별지급금액및분쟁조정기구에관한사항 | 2026-08-10: 최대주주등소유주식변동신고서               | 2026-08-10: 주식등의대량보유상황보고서(일반) | 2026-07-29: 주요사항보고서(자기주식취득결정),7
엠씨넥스,097520,13,OK,,[기재정정]주요사항보고서(자기주식취득결정)(+5) | 주요사항보고서(자기주식취득결정)(+5) | 연결재무제표기준영업(잠정)실적(공정공시)              (+3),,2026-08-14: 반기보고서 (2026.06) | 2026-08-07: [기재정정]주요사항보고서(자기주식취득결정) | 2026-08-07: 주요사항보고서(자기주식취득결정) | 2026-08-07: 연결재무제표기준영업(잠정)실적(공정공시)              ,4
현대그린푸드,453340,13,OK,,연결재무제표기준영업(잠정)실적(공정공시)              (+3) | 주식소각결정              (+5) | 주요사항보고서(자기주식취득결정)(+5),,2026-08-18: 기업설명회(IR)개최(안내공시)               | 2026-08-14: 반기보고서 (2026.06) | 2026-08-14: 지급수단별ㆍ지급기간별지급금액및분쟁조정기구에관한사항 | 2026-08-04: 연결재무제표기준영업(잠정)실적(공정공시)               | 2026-08-04: 주식소각결정              ,10
자이에스앤디,317400,13,OK,,[기재정정]단일판매ㆍ공급계약체결              (+5) | 단일판매ㆍ공급계약체결              (+5) | 연결재무제표기준영업(잠정)실적(공정공시)              (+3),,2026-08-14: 반기보고서 (2026.06) | 2026-08-14: 지급수단별ㆍ지급기간별지급금액및분쟁조정기구에관한사항 | 2026-08-13: [기재정정]단일판매ㆍ공급계약체결               | 2026-08-10: 단일판매ㆍ공급계약체결               | 2026-07-29: 기업설명회(IR)개최(안내공시)              ,6
에스케이바이오팜,326030,13,OK,,단일판매ㆍ공급계약체결              (+5) | 연결재무제표기준영업(잠정)실적(공정공시)              (+3) | 단일판매ㆍ공급계약체결              (+5),,2026-08-18: 단일판매ㆍ공급계약체결               | 2026-08-14: 반기보고서 (2026.06) | 2026-08-14: 지급수단별ㆍ지급기간별지급금액및분쟁조정기구에관한사항 | 2026-08-05: 연결재무제표기준영업(잠정)실적(공정공시)               | 2026-08-03: 기업설명회(IR)개최(안내공시)              ,6
HD한국조선해양,009540,14,OK,,단일판매ㆍ공급계약체결(자회사의 주요경영사항)              (+5) | 영업(잠정)실적(공정공시)              (+3) | 연결재무제표기준영업(잠정)실적(공정공시)              (+3) | 영업(잠정)실적(공정공시)(자회사의 주요경영사항)              (+3),,2026-08-21: 풍문또는보도에대한해명               | 2026-08-20: [첨부정정]지속가능경영보고서등관련사항(자율공시)               | 2026-08-14: 반기보고서 (2026.06) | 2026-08-13: 지급수단별ㆍ지급기간별지급금액및분쟁조정기구에관한사항 | 2026-08-10: 단일판매ㆍ공급계약체결(자회사의 주요경영사항)              ,19
세보엠이씨,011560,15,OK,,단일판매ㆍ공급계약체결(자율공시)              (+5) | [기재정정]단일판매ㆍ공급계약체결(자율공시)              (+5) | [기재정정]단일판매ㆍ공급계약체결(자율공시)              (+5),,2026-08-18: 단일판매ㆍ공급계약체결(자율공시)               | 2026-08-14: 반기보고서 (2026.06) | 2026-08-14: [기재정정]사업보고서 (2025.12) | 2026-08-10: [기재정정]단일판매ㆍ공급계약체결(자율공시)               | 2026-07-29: [기재정정]단일판매ㆍ공급계약체결(자율공시)              ,6
디와이피엔에프,104460,15,OK,,[기재정정]단일판매ㆍ공급계약체결              (+5) | [기재정정]단일판매ㆍ공급계약체결              (+5) | [기재정정]단일판매ㆍ공급계약체결              (+5),,2026-08-20: [기재정정]단일판매ㆍ공급계약체결               | 2026-08-19: [기재정정]단일판매ㆍ공급계약체결               | 2026-08-14: 반기보고서 (2026.06) | 2026-07-30: [기재정정]단일판매ㆍ공급계약체결              ,4
테크윙,089030,15,OK,,[기재정정]단일판매ㆍ공급계약체결(자율공시)              (+5) | 단일판매ㆍ공급계약체결(자율공시)              (+5) | [기재정정]단일판매ㆍ공급계약체결(자율공시)              (+5),,2026-08-14: 반기보고서 (2026.06) | 2026-08-13: [기재정정]단일판매ㆍ공급계약체결(자율공시)               | 2026-08-10: 단일판매ㆍ공급계약체결(자율공시)               | 2026-08-04: [기재정정]단일판매ㆍ공급계약체결(자율공시)               | 2026-07-31: 주식등의대량보유상황보고서(약식),5
수산인더스트리,126720,15,OK,,[기재정정]단일판매ㆍ공급계약체결              (+5) | [기재정정]단일판매ㆍ공급계약체결              (+5) | [기재정정]단일판매ㆍ공급계약체결              (+5),,2026-08-14: 반기보고서 (2026.06) | 2026-08-07: [기재정정]단일판매ㆍ공급계약체결               | 2026-07-29: [기재정정]단일판매ㆍ공급계약체결               | 2026-07-24: [기재정정]단일판매ㆍ공급계약체결              ,4
한텍,098070,15,OK,,[기재정정]단일판매ㆍ공급계약체결              (+5) | 단일판매ㆍ공급계약체결              (+5) | 단일판매ㆍ공급계약체결              (+5),,2026-08-21: [기재정정]단일판매ㆍ공급계약체결               | 2026-08-20: 임원ㆍ주요주주특정증권등소유상황보고서 | 2026-08-14: 반기보고서 (2026.06) | 2026-08-04: 단일판매ㆍ공급계약체결               | 2026-07-24: 임원ㆍ주요주주특정증권등소유상황보고서,6
한솔홀딩스,004150,15,OK,,[기재정정]주식소각결정(자회사의 주요경영사항)              (+5) | 주식소각결정(자회사의 주요경영사항)              (+5) | 주요사항보고서(자기주식취득결정)(자회사의 주요경영사항)              (+5),,2026-08-13: 반기보고서 (2026.06) | 2026-08-13: 최대주주등소유주식변동신고서               | 2026-08-13: 주식등의대량보유상황보고서(일반) | 2026-08-13: 임원ㆍ주요주주특정증권등소유상황보고서 | 2026-08-13: 지급수단별ㆍ지급기간별지급금액및분쟁조정기구에관한사항,13
KCC건설,021320,15,OK,,[기재정정]단일판매ㆍ공급계약체결(자율공시)              (+5) | [기재정정]단일판매ㆍ공급계약체결              (+5) | [기재정정]단일판매ㆍ공급계약체결(자율공시)              (+5),,2026-08-13: 반기보고서 (2026.06) | 2026-08-12: [기재정정]중대재해발생               | 2026-08-11: [기재정정]단일판매ㆍ공급계약체결(자율공시)               | 2026-08-11: 지급수단별ㆍ지급기간별지급금액및분쟁조정기구에관한사항 | 2026-08-03: [기재정정]단일판매ㆍ공급계약체결              ,6
KR모터스,000040,15,OK,,[첨부정정]주요사항보고서(회사합병결정)(+3) | [첨부정정]주요사항보고서(회사합병결정)(+3) | 회사합병결정(종속회사의주요경영사항)              (+3) | 주요사항보고서(회사합병결정)(+3) | 주요사항보고서(회사합병결정)(+3),,2026-08-21: 주요사항보고서(자기전환사채만기전취득결정) | 2026-08-21: 주요사항보고서(자기전환사채만기전취득결정) | 2026-08-13: 반기보고서 (2026.06) | 2026-07-29: [첨부정정]주요사항보고서(회사합병결정) | 2026-07-29: [첨부정정]주요사항보고서(회사합병결정),9
한신공영,004960,15,OK,,[기재정정]단일판매ㆍ공급계약체결              (+5) | [기재정정]단일판매ㆍ공급계약체결              (+5) | [기재정정]단일판매ㆍ공급계약체결              (+5),,2026-08-14: 반기보고서 (2026.06) | 2026-08-11: [기재정정]단일판매ㆍ공급계약체결               | 2026-08-10: 주식등의대량보유상황보고서(약식) | 2026-07-31: [기재정정]단일판매ㆍ공급계약체결               | 2026-07-30: 투자판단관련주요경영사항              ,6
워트,396470,15,OK,,단일판매ㆍ공급계약체결(자율공시)              (+5) | [기재정정]단일판매ㆍ공급계약체결(자율공시)              (+5) | [기재정정]단일판매ㆍ공급계약체결(자율공시)              (+5),,2026-08-19: 단일판매ㆍ공급계약체결(자율공시)               | 2026-08-07: 반기보고서 (2026.06) | 2026-07-31: [기재정정]단일판매ㆍ공급계약체결(자율공시)               | 2026-07-31: [기재정정]단일판매ㆍ공급계약체결(자율공시)               | 2026-07-30: 현금ㆍ현물배당결정              (중간배당),6
파두,440110,15,OK,,단일판매ㆍ공급계약체결              (+5) | [기재정정]단일판매ㆍ공급계약체결              (+5) | 단일판매ㆍ공급계약체결              (+5),,2026-08-14: 기업설명회(IR)개최               | 2026-08-14: 기업설명회(IR)개최               | 2026-08-13: 반기보고서 (2026.06) | 2026-08-12: 단일판매ㆍ공급계약체결               | 2026-08-12: 단기차입금증가결정              ,9
현대건설,000720,16,OK,,회사합병결정(종속회사의주요경영사항)              (+3) | [기재정정]단일판매ㆍ공급계약체결              (+5) | [기재정정]단일판매ㆍ공급계약체결              (+5) | 연결재무제표기준영업(잠정)실적(공정공시)              (+3),,2026-08-21: 회사합병결정(종속회사의주요경영사항)               | 2026-08-19: 기업설명회(IR)개최(안내공시)               | 2026-08-19: 기업설명회(IR)개최(안내공시)               | 2026-08-19: 기업설명회(IR)개최(안내공시)               | 2026-08-19: 기업설명회(IR)개최(안내공시)              ,18
BNK금융지주,138930,17,OK,,연결재무제표기준영업(잠정)실적(공정공시)              (+3) | 연결재무제표기준영업(잠정)실적(공정공시)(자회사의 주요경영사항)              (+3) | 연결재무제표기준영업(잠정)실적(공정공시)(자회사의 주요경영사항)              (+3) | 연결재무제표기준영업(잠정)실적(공정공시)(자회사의 주요경영사항)              (+3) | [기재정정]주식소각결정              (+5),,2026-08-14: [기재정정]일괄신고서 | 2026-08-14: 반기보고서 (2026.06) | 2026-08-06: 주식등의대량보유상황보고서(약식) | 2026-08-06: 주식등의대량보유상황보고서(약식) | 2026-07-31: 증권발행실적보고서,19
현대지에프홀딩스,005440,18,OK,,연결재무제표기준영업(잠정)실적(공정공시)              (+3) | 주요사항보고서(자기주식취득결정)(+5) | 주식소각결정(자회사의 주요경영사항)              (+5) | 주요사항보고서(자기주식취득결정)(자회사의 주요경영사항)              (+5),,2026-08-20: 기업설명회(IR)개최(안내공시)               | 2026-08-14: 반기보고서 (2026.06) | 2026-08-14: [기재정정]사업보고서 (2025.12) | 2026-08-14: 지급수단별ㆍ지급기간별지급금액및분쟁조정기구에관한사항 | 2026-08-07: 기업설명회(IR)개최(안내공시)              ,18
LIG디펜스앤에어로스페이스,079550,18,OK,,연결재무제표기준영업(잠정)실적(공정공시)              (+3) | [기재정정]단일판매ㆍ공급계약체결              (+5) | [기재정정]단일판매ㆍ공급계약체결              (+5) | 단일판매ㆍ공급계약체결              (+5),,2026-08-20: 기업설명회(IR)개최(안내공시)               | 2026-08-14: 지급수단별ㆍ지급기간별지급금액및분쟁조정기구에관한사항 | 2026-08-14: 반기보고서 (2026.06) | 2026-08-06: 연결재무제표기준영업(잠정)실적(공정공시)               | 2026-07-29: [기재정정]단일판매ㆍ공급계약체결              ,10
한솔테크닉스,004710,18,OK,,[기재정정]주식소각결정              (+5) | 연결재무제표기준영업(잠정)실적(공정공시)              (+3) | 주식소각결정              (+5) | 주요사항보고서(자기주식취득결정)(+5),,2026-08-14: 지급수단별ㆍ지급기간별지급금액및분쟁조정기구에관한사항 | 2026-08-13: 반기보고서 (2026.06) | 2026-08-06: 주식등의대량보유상황보고서(약식) | 2026-07-29: 주식등의대량보유상황보고서(일반) | 2026-07-29: 임원ㆍ주요주주특정증권등소유상황보고서,16
하나금융지주,086790,19,OK,,주식소각결정              (+5) | 연결재무제표기준영업(잠정)실적(공정공시)(자회사의 주요경영사항)              (+3) | 연결재무제표기준영업(잠정)실적(공정공시)(자회사의 주요경영사항)              (+3) | 연결재무제표기준영업(잠정)실적(공정공시)              (+3) | 주요사항보고서(자기주식취득결정)(+5),,2026-08-19: 기업설명회(IR)개최(안내공시)               | 2026-08-14: [기재정정]사업보고서 (2025.12) | 2026-08-14: [기재정정]일괄신고서 | 2026-08-14: 반기보고서 (2026.06) | 2026-08-11: 단기차입금증가결정(자회사의 주요경영사항)              ,16
iM금융지주,139130,19,OK,,주식소각결정              (+5) | 주식소각결정              (+5) | 연결재무제표기준영업(잠정)실적(공정공시)              (+3) | 연결재무제표기준영업(잠정)실적(공정공시)(자회사의 주요경영사항)              (+3) | 연결재무제표기준영업(잠정)실적(공정공시)(자회사의 주요경영사항)              (+3),,2026-08-14: 반기보고서 (2026.06) | 2026-08-12: 금전대여결정(자회사의 주요경영사항)              (iM뱅크) | 2026-08-11: 지주회사의자회사탈퇴               | 2026-08-04: [기재정정]일괄신고서 | 2026-07-27: 기업설명회(IR)개최(안내공시)              ,12
티에스아이,277880,20,OK,,[기재정정]단일판매ㆍ공급계약체결              (+5) | [기재정정]단일판매ㆍ공급계약체결              (+5) | [기재정정]단일판매ㆍ공급계약체결              (+5) | [기재정정]단일판매ㆍ공급계약체결              (+5),,2026-08-21: [기재정정]단일판매ㆍ공급계약체결               | 2026-08-19: [기재정정]단일판매ㆍ공급계약체결               | 2026-08-14: [기재정정]단일판매ㆍ공급계약체결               | 2026-08-14: 반기보고서 (2026.06) | 2026-07-31: [기재정정]단일판매ㆍ공급계약체결              ,6
삼성E&A,028050,20,OK,,[기재정정]단일판매ㆍ공급계약체결              (+5) | [기재정정]단일판매ㆍ공급계약체결              (+5) | [기재정정]단일판매ㆍ공급계약체결              (+5) | [기재정정]단일판매ㆍ공급계약체결              (+5),,2026-08-19: [기재정정]단일판매ㆍ공급계약체결               | 2026-08-14: 반기보고서 (2026.06) | 2026-08-14: 지급수단별ㆍ지급기간별지급금액및분쟁조정기구에관한사항 | 2026-08-13: [기재정정]단일판매ㆍ공급계약체결               | 2026-08-07: 기업설명회(IR)개최(안내공시)              ,10
미래산업,025560,20,OK,,[기재정정]단일판매ㆍ공급계약체결              (+5) | 단일판매ㆍ공급계약체결              (+5) | 단일판매ㆍ공급계약체결              (+5) | 단일판매ㆍ공급계약체결              (+5),,2026-08-21: 주식등의대량보유상황보고서(일반) | 2026-08-20: [기재정정]단일판매ㆍ공급계약체결               | 2026-08-20: 단일판매ㆍ공급계약체결               | 2026-08-13: 반기보고서 (2026.06) | 2026-08-03: 임원ㆍ주요주주특정증권등소유상황보고서,9
지엔씨에너지,119850,20,OK,,단일판매ㆍ공급계약체결              (+5) | 단일판매ㆍ공급계약체결              (+5) | [기재정정]단일판매ㆍ공급계약체결              (+5) | 단일판매ㆍ공급계약체결              (+5),,2026-08-13: 반기보고서 (2026.06) | 2026-08-05: [기재정정]자기주식처분결과보고서 | 2026-08-04: 주식등의대량보유상황보고서(약식) | 2026-08-04: 단일판매ㆍ공급계약체결               | 2026-08-03: 주식등의대량보유상황보고서(약식),9
비에이치아이,083650,20,OK,,[기재정정]단일판매ㆍ공급계약체결              (+5) | [기재정정]단일판매ㆍ공급계약체결              (+5) | [기재정정]단일판매ㆍ공급계약체결(자율공시)              (+5) | 단일판매ㆍ공급계약체결(자율공시)              (+5),,2026-08-19: [기재정정]단일판매ㆍ공급계약체결               | 2026-08-14: 파생상품거래손실발생               | 2026-08-14: 반기보고서 (2026.06) | 2026-08-07: [기재정정]단일판매ㆍ공급계약체결               | 2026-07-27: [기재정정]단일판매ㆍ공급계약체결(자율공시)              ,6
스피어,347700,20,🚨 YES,유상증자결정(종속회사의주요경영사항)              ,[기재정정]단일판매ㆍ공급계약체결              (+5) | [기재정정]단일판매ㆍ공급계약체결              (+5) | [기재정정]단일판매ㆍ공급계약체결              (+5) | [기재정정]단일판매ㆍ공급계약체결              (+5) | [기재정정]단일판매ㆍ공급계약체결              (+5),유상증자결정(종속회사의주요경영사항)              (-15),2026-08-20: 기업설명회(IR)개최               | 2026-08-14: 반기보고서 (2026.06) | 2026-08-11: [기재정정]단일판매ㆍ공급계약체결               | 2026-08-11: [기재정정]단일판매ㆍ공급계약체결               | 2026-08-11: [기재정정]단일판매ㆍ공급계약체결              ,13
피엔티,137400,20,OK,,[기재정정]주요사항보고서(자기주식취득결정)(+5) | 주요사항보고서(자기주식취득결정)(+5) | [기재정정]주요사항보고서(자기주식취득결정)(+5) | 주요사항보고서(자기주식취득결정)(+5),,2026-08-21: 자기주식취득결과보고서 | 2026-08-14: [기재정정]주요사항보고서(자기주식취득결정) | 2026-08-14: 주요사항보고서(자기주식취득결정) | 2026-08-12: 자기주식취득결과보고서 | 2026-08-12: 반기보고서 (2026.06),7
우진아이엔에스,010400,20,OK,,[기재정정]단일판매ㆍ공급계약체결              (+5) | 단일판매ㆍ공급계약체결              (+5) | 단일판매ㆍ공급계약체결              (+5) | 단일판매ㆍ공급계약체결              (+5),,2026-08-21: [기재정정]단일판매ㆍ공급계약체결               | 2026-08-14: 반기보고서 (2026.06) | 2026-08-14: 단일판매ㆍ공급계약체결               | 2026-08-13: 주주총회소집결의               | 2026-08-13: 주주명부폐쇄기간또는기준일설정              ,8
토비스,051360,23,OK,,[기재정정]주식소각결정              (+5) | [기재정정]주요사항보고서(자기주식취득결정)(+5) | 주식소각결정              (+5) | 주요사항보고서(자기주식취득결정)(+5) | 연결재무제표기준영업(잠정)실적(공정공시)              (+3),,2026-08-20: [기재정정]주식소각결정               | 2026-08-20: 자기주식취득결과보고서 | 2026-08-14: 반기보고서 (2026.06) | 2026-07-31: [기재정정]주요사항보고서(자기주식취득결정) | 2026-07-31: 주식등의대량보유상황보고서(약식),8
삼성물산,028260,23,OK,,[기재정정]단일판매ㆍ공급계약체결              (+5) | [기재정정]단일판매ㆍ공급계약체결              (+5) | 연결재무제표기준영업(잠정)실적(공정공시)              (+3) | [기재정정]단일판매ㆍ공급계약체결              (+5) | [기재정정]단일판매ㆍ공급계약체결              (+5),,2026-08-21: 기업설명회(IR)개최(안내공시)               | 2026-08-19: [기재정정]단일판매ㆍ공급계약체결               | 2026-08-14: 지급수단별ㆍ지급기간별지급금액및분쟁조정기구에관한사항 | 2026-08-14: 반기보고서 (2026.06) | 2026-08-10: 기업설명회(IR)개최(안내공시)              ,11
한국카본,017960,24,OK,,[첨부정정]주요사항보고서(회사합병결정)(+3) | [첨부정정]주요사항보고서(회사합병결정)(+3) | [첨부정정]주요사항보고서(회사합병결정)(+3) | [첨부정정]주요사항보고서(회사합병결정)(+3) | 주요사항보고서(회사합병결정)(+3),,2026-08-18: [첨부정정]주요사항보고서(회사합병결정) | 2026-08-18: [첨부정정]주요사항보고서(회사합병결정) | 2026-08-18: [첨부정정]주요사항보고서(회사합병결정) | 2026-08-18: [첨부정정]주요사항보고서(회사합병결정) | 2026-08-14: 주주명부폐쇄기간또는기준일설정              ,10
남광토건,001260,25,OK,,[기재정정]단일판매ㆍ공급계약체결              (+5) | [기재정정]단일판매ㆍ공급계약체결              (+5) | [기재정정]단일판매ㆍ공급계약체결              (+5) | [기재정정]단일판매ㆍ공급계약체결              (+5) | [기재정정]단일판매ㆍ공급계약체결              (+5),,2026-08-19: 소송등의제기ㆍ신청(일정금액이상의청구)               | 2026-08-18: [기재정정]단일판매ㆍ공급계약체결               | 2026-08-14: 반기보고서 (2026.06) | 2026-08-13: 중대재해발생               | 2026-08-13: 대표이사(대표집행임원)변경(안내공시)              ,12
에이직랜드,445090,25,OK,,[기재정정]단일판매ㆍ공급계약체결              (+5) | [기재정정]단일판매ㆍ공급계약체결              (+5) | [기재정정]단일판매ㆍ공급계약체결              (+5) | [기재정정]단일판매ㆍ공급계약체결              (+5) | [기재정정]단일판매ㆍ공급계약체결              (+5),,2026-08-20: [기재정정]단일판매ㆍ공급계약체결               | 2026-08-19: [기재정정]단일판매ㆍ공급계약체결               | 2026-08-18: [기재정정]단일판매ㆍ공급계약체결               | 2026-08-14: 반기보고서 (2026.06) | 2026-07-31: [기재정정]단일판매ㆍ공급계약체결              ,6
삼호개발,010960,25,OK,,[기재정정]단일판매ㆍ공급계약체결              (+5) | [기재정정]단일판매ㆍ공급계약체결              (+5) | [기재정정]단일판매ㆍ공급계약체결              (+5) | [기재정정]단일판매ㆍ공급계약체결              (+5) | [기재정정]단일판매ㆍ공급계약체결              (+5),,2026-08-21: [기재정정]단일판매ㆍ공급계약체결               | 2026-08-18: [기재정정]단일판매ㆍ공급계약체결               | 2026-08-14: 반기보고서 (2026.06) | 2026-08-11: [기재정정]단일판매ㆍ공급계약체결               | 2026-07-31: [기재정정]단일판매ㆍ공급계약체결              ,6
기가비스,420770,25,OK,,단일판매ㆍ공급계약체결              (+5) | 단일판매ㆍ공급계약체결              (+5) | 단일판매ㆍ공급계약체결              (+5) | 단일판매ㆍ공급계약체결              (+5) | 단일판매ㆍ공급계약체결              (+5),,2026-08-19: 단일판매ㆍ공급계약체결               | 2026-08-14: 반기보고서 (2026.06) | 2026-08-13: 본점소재지변경               | 2026-08-11: 단일판매ㆍ공급계약체결               | 2026-07-30: 단일판매ㆍ공급계약체결              ,8
HJ중공업,097230,25,OK,,[기재정정]단일판매ㆍ공급계약체결              (+5) | 단일판매ㆍ공급계약체결              (+5) | [기재정정]단일판매ㆍ공급계약체결              (+5) | [기재정정]단일판매ㆍ공급계약체결              (+5) | [기재정정]단일판매ㆍ공급계약체결              (+5),,2026-08-20: [기재정정]단일판매ㆍ공급계약체결               | 2026-08-18: 단일판매ㆍ공급계약체결               | 2026-08-12: 반기보고서 (2026.06) | 2026-08-12: 투자판단관련주요경영사항               | 2026-08-11: [기재정정]단일판매ㆍ공급계약체결              ,10
두산퓨얼셀,336260,28,OK,,단일판매ㆍ공급계약체결              (+5) | 단일판매ㆍ공급계약체결              (+5) | 단일판매ㆍ공급계약체결              (+5) | 단일판매ㆍ공급계약체결              (+5) | 단일판매ㆍ공급계약체결              (+5),,2026-08-14: 지급수단별ㆍ지급기간별지급금액및분쟁조정기구에관한사항 | 2026-08-13: 반기보고서 (2026.06) | 2026-08-12: 단일판매ㆍ공급계약체결               | 2026-08-12: 단일판매ㆍ공급계약체결               | 2026-08-12: 단일판매ㆍ공급계약체결              ,8
금호건설,002990,30,OK,,[기재정정]단일판매ㆍ공급계약체결              (+5) | [기재정정]단일판매ㆍ공급계약체결              (+5) | [기재정정]단일판매ㆍ공급계약체결              (+5) | 단일판매ㆍ공급계약체결              (+5) | 단일판매ㆍ공급계약체결              (+5),,2026-08-21: [기재정정]단일판매ㆍ공급계약체결               | 2026-08-14: [기재정정]단일판매ㆍ공급계약체결               | 2026-08-13: 반기보고서 (2026.06) | 2026-08-10: 기업설명회(IR)개최(안내공시)               | 2026-08-04: [기재정정]단일판매ㆍ공급계약체결              ,8
코오롱,002020,30,OK,,[기재정정]단일판매ㆍ공급계약체결(자회사의 주요경영사항)              (+5) | [기재정정]단일판매ㆍ공급계약체결(자회사의 주요경영사항)              (+5) | 단일판매ㆍ공급계약체결(자회사의 주요경영사항)              (+5) | [기재정정]단일판매ㆍ공급계약체결(자회사의 주요경영사항)              (+5) | 단일판매ㆍ공급계약체결(자회사의 주요경영사항)              (+5),,2026-08-19: [기재정정]단일판매ㆍ공급계약체결(자회사의 주요경영사항)               | 2026-08-19: [기재정정]단일판매ㆍ공급계약체결(자회사의 주요경영사항)               | 2026-08-18: 단일판매ㆍ공급계약체결(자회사의 주요경영사항)               | 2026-08-14: 반기보고서 (2026.06) | 2026-08-14: [기재정정]단일판매ㆍ공급계약체결(자회사의 주요경영사항)              ,16
계룡건설산업,013580,30,OK,,단일판매ㆍ공급계약체결              (+5) | [기재정정]단일판매ㆍ공급계약체결              (+5) | [기재정정]단일판매ㆍ공급계약체결              (+5) | [기재정정]단일판매ㆍ공급계약체결              (+5) | [기재정정]단일판매ㆍ공급계약체결              (+5),,2026-08-14: 반기보고서 (2026.06) | 2026-08-12: 단일판매ㆍ공급계약체결               | 2026-08-10: [기재정정]단일판매ㆍ공급계약체결               | 2026-08-05: [기재정정]단일판매ㆍ공급계약체결               | 2026-08-04: [기재정정]단일판매ㆍ공급계약체결              ,8
한전산업,130660,30,OK,,[기재정정]단일판매ㆍ공급계약체결              (+5) | [기재정정]단일판매ㆍ공급계약체결(자율공시)              (+5) | [기재정정]단일판매ㆍ공급계약체결(자율공시)              (+5) | [기재정정]단일판매ㆍ공급계약체결(자율공시)              (+5) | [기재정정]단일판매ㆍ공급계약체결              (+5),,2026-08-21: [기재정정]단일판매ㆍ공급계약체결               | 2026-08-14: 반기보고서 (2026.06) | 2026-08-13: [기재정정]단일판매ㆍ공급계약체결(자율공시)               | 2026-08-10: [기재정정]단일판매ㆍ공급계약체결(자율공시)               | 2026-08-10: [기재정정]단일판매ㆍ공급계약체결(자율공시)              ,7
동아지질,028100,30,OK,,[기재정정]단일판매ㆍ공급계약체결              (+5) | 단일판매ㆍ공급계약체결              (+5) | [기재정정]단일판매ㆍ공급계약체결(자율공시)              (+5) | [기재정정]단일판매ㆍ공급계약체결              (+5) | [기재정정]단일판매ㆍ공급계약체결              (+5),,2026-08-14: 반기보고서 (2026.06) | 2026-08-14: [기재정정]단일판매ㆍ공급계약체결               | 2026-08-06: 단일판매ㆍ공급계약체결               | 2026-08-06: [기재정정]단일판매ㆍ공급계약체결(자율공시)               | 2026-08-03: [기재정정]단일판매ㆍ공급계약체결              ,9
현대오토에버,307950,33,OK,,[기재정정]단일판매ㆍ공급계약체결              (+5) | [기재정정]단일판매ㆍ공급계약체결              (+5) | [기재정정]단일판매ㆍ공급계약체결              (+5) | 연결재무제표기준영업(잠정)실적(공정공시)              (+3) | 단일판매ㆍ공급계약체결              (+5),,2026-08-14: 반기보고서 (2026.06) | 2026-08-13: 지급수단별ㆍ지급기간별지급금액및분쟁조정기구에관한사항 | 2026-08-05: [기재정정]단일판매ㆍ공급계약체결               | 2026-08-05: [기재정정]단일판매ㆍ공급계약체결               | 2026-07-31: [기재정정]단일판매ㆍ공급계약체결              ,11
코오롱글로벌,003070,33,OK,,[기재정정]단일판매ㆍ공급계약체결              (+5) | [기재정정]단일판매ㆍ공급계약체결              (+5) | 단일판매ㆍ공급계약체결              (+5) | [기재정정]단일판매ㆍ공급계약체결              (+5) | 단일판매ㆍ공급계약체결              (+5),,2026-08-19: [기재정정]단일판매ㆍ공급계약체결               | 2026-08-19: [기재정정]단일판매ㆍ공급계약체결               | 2026-08-18: 단일판매ㆍ공급계약체결               | 2026-08-14: 반기보고서 (2026.06) | 2026-08-14: [기재정정]단일판매ㆍ공급계약체결              ,16
IPARK현대산업개발,294870,40,OK,,[기재정정]단일판매ㆍ공급계약체결              (+5) | [기재정정]단일판매ㆍ공급계약체결              (+5) | [기재정정]단일판매ㆍ공급계약체결              (+5) | 단일판매ㆍ공급계약체결              (+5) | 단일판매ㆍ공급계약체결              (+5),,2026-08-21: [기재정정]단일판매ㆍ공급계약체결               | 2026-08-21: [기재정정]단일판매ㆍ공급계약체결               | 2026-08-20: [기재정정]단일판매ㆍ공급계약체결               | 2026-08-19: 단일판매ㆍ공급계약체결               | 2026-08-19: 기업설명회(IR)개최(안내공시)              ,17
대우건설,047040,43,OK,,[기재정정]단일판매ㆍ공급계약체결              (+5) | 단일판매ㆍ공급계약체결              (+5) | [기재정정]단일판매ㆍ공급계약체결              (+5) | 단일판매ㆍ공급계약체결              (+5) | 연결재무제표기준영업(잠정)실적(공정공시)              (+3),,2026-08-21: [기재정정]단일판매ㆍ공급계약체결               | 2026-08-20: 타인에대한채무보증결정               | 2026-08-20: [기재정정]타인에대한채무보증결정               | 2026-08-19: 단일판매ㆍ공급계약체결               | 2026-08-14: 반기보고서 (2026.06),23
HDC,012630,43,OK,,[기재정정]단일판매ㆍ공급계약체결(자회사의 주요경영사항)              (+5) | [기재정정]단일판매ㆍ공급계약체결(자회사의 주요경영사항)              (+5) | [기재정정]단일판매ㆍ공급계약체결(자회사의 주요경영사항)              (+5) | 단일판매ㆍ공급계약체결(자회사의 주요경영사항)              (+5) | 단일판매ㆍ공급계약체결(자회사의 주요경영사항)              (+5),,2026-08-21: [기재정정]단일판매ㆍ공급계약체결(자회사의 주요경영사항)               | 2026-08-21: [기재정정]단일판매ㆍ공급계약체결(자회사의 주요경영사항)               | 2026-08-20: [기재정정]단일판매ㆍ공급계약체결(자회사의 주요경영사항)               | 2026-08-19: 단일판매ㆍ공급계약체결(자회사의 주요경영사항)               | 2026-08-18: 타인에대한채무보증결정(자회사의 주요경영사항)              ,23
