종목명,종목코드,DART점수,Tier1발동,Tier1,호재내역,악재내역,최근공시,공시건수
더코디,224060,-270,🚨 YES,[기재정정]주요사항보고서(유상증자결정) | [기재정정]주요사항보고서(유상증자결정) | [기재정정]주요사항보고서(유상증자결정),,[기재정정]주요사항보고서(유상증자결정)(-15) | [기재정정]주요사항보고서(유상증자결정)(-15) | [기재정정]주요사항보고서(유상증자결정)(-15) | [기재정정]주요사항보고서(유상증자결정)(-15) | [기재정정]주요사항보고서(유상증자결정)(-15),2026-09-18: [기재정정]주요사항보고서(자기전환사채매도결정) | 2026-09-18: [기재정정]주요사항보고서(유상증자결정) | 2026-09-18: [기재정정]주요사항보고서(유상증자결정) | 2026-09-17: [첨부추가]주주명부폐쇄기간또는기준일설정               | 2026-09-17: [기재정정]주요사항보고서(자기전환사채매도결정),46
루멘스바이오스,038060,-200,🚨 YES,[기재정정]주요사항보고서(감자결정) | [기재정정]주요사항보고서(유상증자결정) | [첨부정정]주요사항보고서(감자결정),,"[기재정정]주요사항보고서(감자결정)(-20) | [기재정정]주요사항보고서(유상증자결정)(-15) | [첨부정정]주요사항보고서(감자결정)(-20) | [첨부정정]주요사항보고서(유상증자결정)(-15) | 기타시장안내(관리종목지정우려종목)              (주가 1,000원 미달)(-30)",2026-09-17: [기재정정]주요사항보고서(감자결정) | 2026-09-17: [기재정정]주요사항보고서(유상증자결정) | 2026-09-14: [첨부정정]주요사항보고서(감자결정) | 2026-09-14: [첨부정정]주요사항보고서(유상증자결정) | 2026-09-14: [첨부정정]주주총회소집결의              (임시주주총회),21
디에이치엑스컴퍼니,031860,-160,🚨 YES,주권매매거래정지기간변경              (풍문사유(현직 임원의 횡령·배임혐의설) 미해소) | 주권매매거래정지기간변경              (풍문사유(현직 임원의 횡령·배임혐의설) 미해소) | 주권매매거래정지기간변경              (풍문사유(현직 임원의 횡령·배임혐의설) 미해소),,주권매매거래정지기간변경              (풍문사유(현직 임원의 횡령·배임혐의설) 미해소)(-25) | 주권매매거래정지기간변경              (풍문사유(현직 임원의 횡령·배임혐의설) 미해소)(-25) | 주권매매거래정지기간변경              (풍문사유(현직 임원의 횡령·배임혐의설) 미해소)(-30) | 주권매매거래정지기간변경              (풍문 또는 보도 관련)(-30) | 조회공시요구(풍문또는보도)              (현직 임원의 횡령·배임혐의설)(-25),2026-09-18: [기재정정]소송등의제기ㆍ신청(경영권분쟁소송)              (이사회결의 효력정지 및 직무집행정지등 가처분) | 2026-09-18: 소송등의제기ㆍ신청(경영권분쟁소송)              (이사회결의 효력정지 및 직무집행정지등 가처분) | 2026-09-14: 주주명부폐쇄기간또는기준일설정               | 2026-09-14: 주주총회소집결의              (임시주주총회) | 2026-09-07: 주권매매거래정지기간변경              (풍문사유(현직 임원의 횡령·배임혐의설) 미해소),9
엔투텍,227950,-135,🚨 YES,[기재정정]주요사항보고서(전환사채권발행결정) | [기재정정]주요사항보고서(전환사채권발행결정) | [기재정정]주요사항보고서(전환사채권발행결정),,[기재정정]주요사항보고서(전환사채권발행결정)(-15) | [기재정정]주요사항보고서(전환사채권발행결정)(-15) | [기재정정]주요사항보고서(전환사채권발행결정)(-15) | [기재정정]주요사항보고서(전환사채권발행결정)(-15) | [기재정정]주요사항보고서(전환사채권발행결정)(-15),2026-09-11: [기재정정]주요사항보고서(전환사채권발행결정) | 2026-09-11: 주주총회소집공고 | 2026-09-11: [기재정정]주주총회소집결의               | 2026-09-11: [기재정정]주요사항보고서(전환사채권발행결정) | 2026-09-11: [기재정정]주요사항보고서(전환사채권발행결정),13
파이온엑스,900100,-135,🚨 YES,[기재정정]주요사항보고서(유상증자결정) | [기재정정]주요사항보고서(유상증자결정) | [기재정정]주요사항보고서(유상증자결정),,[기재정정]주요사항보고서(유상증자결정)(-15) | [기재정정]주요사항보고서(유상증자결정)(-15) | [기재정정]주요사항보고서(유상증자결정)(-15) | [기재정정]주요사항보고서(유상증자결정)(-15) | [기재정정]주요사항보고서(유상증자결정)(-15),2026-09-17: [기재정정]소액공모공시서류(지분증권) | 2026-09-17: [기재정정]주요사항보고서(유상증자결정) | 2026-09-17: [기재정정]주요사항보고서(유상증자결정) | 2026-09-16: [기재정정]소액공모공시서류(지분증권) | 2026-09-16: [기재정정]주요사항보고서(유상증자결정),14
엠젠솔루션,032790,-135,🚨 YES,주권매매거래정지해제              (풍문 등 조회결과 공시) | 주권매매거래정지기간변경              (풍문사유(채권자에 의한 파산신청설) 미해소) | 주권매매거래정지              (풍문 또는 보도 관련),,주권매매거래정지해제              (풍문 등 조회결과 공시)(-30) | 주권매매거래정지기간변경              (풍문사유(채권자에 의한 파산신청설) 미해소)(-30) | 주권매매거래정지              (풍문 또는 보도 관련)(-30) | [기재정정]주요사항보고서(유상증자결정)(-15) | 주요사항보고서(유상증자결정)(-15),2026-09-18: 소송등의판결ㆍ결정               | 2026-09-18: 주권매매거래정지해제              (풍문 등 조회결과 공시) | 2026-09-18: 파산신청기각              (취하) | 2026-09-18: 파산신청               | 2026-09-17: 주권매매거래정지기간변경              (풍문사유(채권자에 의한 파산신청설) 미해소),20
다보링크,340360,-130,🚨 YES,[기재정정]주요사항보고서(전환사채권발행결정) | [기재정정]주요사항보고서(전환사채권발행결정) | 주요사항보고서(유상증자결정),,[기재정정]최대주주변경을수반하는주식양수도계약체결              (-5) | [기재정정]주요사항보고서(전환사채권발행결정)(-15) | [기재정정]주요사항보고서(전환사채권발행결정)(-15) | 주요사항보고서(유상증자결정)(-15) | 최대주주변경을수반하는주식담보제공계약해제ㆍ취소등              (-5),2026-09-17: 주식등의대량보유상황보고서(일반) | 2026-09-17: [기재정정]주주총회소집공고 | 2026-09-17: [기재정정]주주총회소집결의               | 2026-09-17: [기재정정]최대주주변경을수반하는주식양수도계약체결               | 2026-09-15: [기재정정]주요사항보고서(전환사채권발행결정),24
사토시홀딩스,223310,-110,🚨 YES,[기재정정]주요사항보고서(유상증자결정) | 기타시장안내(관리종목지정우려종목)              (시가총액 200억원 미달) | [기재정정]주요사항보고서(유상증자결정),,[기재정정]주요사항보고서(유상증자결정)(-15) | 기타시장안내(관리종목지정우려종목)              (시가총액 200억원 미달)(-30) | [기재정정]주요사항보고서(유상증자결정)(-15) | 최대주주변경              (-5) | [기재정정]주요사항보고서(유상증자결정)(-15),2026-09-18: 주요사항보고서(자기전환사채만기전취득결정) | 2026-09-18: 주식등의대량보유상황보고서(약식) | 2026-09-18: [기재정정]주요사항보고서(유상증자결정) | 2026-09-17: 기타시장안내(관리종목지정우려종목)              (시가총액 200억원 미달) | 2026-09-16: 임원ㆍ주요주주특정증권등소유상황보고서,41
넥사다이내믹스,351320,-105,🚨 YES,[기재정정]주요사항보고서(유상증자결정) | 주요사항보고서(유상증자결정) | [기재정정]주요사항보고서(유상증자결정),단일판매ㆍ공급계약체결              (+5),최대주주변경              (-5) | [기재정정]주요사항보고서(유상증자결정)(-15) | 주요사항보고서(유상증자결정)(-15) | [기재정정]주요사항보고서(유상증자결정)(-15) | [기재정정]주요사항보고서(유상증자결정)(-15),2026-09-18: 주요사항보고서(자기전환사채만기전취득결정) | 2026-09-18: 단일판매ㆍ공급계약체결               | 2026-09-16: 주식등의대량보유상황보고서(약식) | 2026-09-15: 독립이사의선임ㆍ해임또는중도퇴임에관한신고 | 2026-09-15: 대표이사변경              ,34
아이큐어,175250,-100,🚨 YES,[기재정정]주요사항보고서(유상증자결정) | 주권매매거래정지해제              (상장유지 결정) | [기재정정]주요사항보고서(유상증자결정),,최대주주변경을수반하는주식담보제공계약체결              (-5) | [기재정정]최대주주변경              (-5) | [기재정정]주요사항보고서(유상증자결정)(-15) | 주권매매거래정지해제              (상장유지 결정)(-30) | 최대주주변경을수반하는주식담보제공계약해제ㆍ취소등              (-5),2026-09-18: [기재정정]반기보고서 (2026.06) | 2026-09-15: 임원ㆍ주요주주특정증권등소유상황보고서 | 2026-09-10: 임원ㆍ주요주주특정증권등소유상황보고서 | 2026-09-09: 임원ㆍ주요주주특정증권등소유상황보고서 | 2026-09-09: 임원ㆍ주요주주특정증권등소유상황보고서,24
서진시스템,178320,-100,🚨 YES,[기재정정]주요사항보고서(전환사채권발행결정) | [기재정정]주요사항보고서(전환사채권발행결정) | 주요사항보고서(전환사채권발행결정),,[기재정정]최대주주변경을수반하는주식담보제공계약체결              (-5) | [기재정정]주요사항보고서(전환사채권발행결정)(-15) | [기재정정]주요사항보고서(전환사채권발행결정)(-15) | [기재정정]최대주주변경을수반하는주식담보제공계약체결              (-5) | 주요사항보고서(전환사채권발행결정)(-15),2026-09-18: [기재정정]타인에대한채무보증결정               | 2026-09-18: [기재정정]타인에대한채무보증결정               | 2026-09-14: [기재정정]최대주주변경을수반하는주식담보제공계약체결               | 2026-09-07: 주식등의대량보유상황보고서(일반) | 2026-09-04: 증권발행결과(자율공시)              (제42회차 CB),19
아티스트컴퍼니,321820,-100,🚨 YES,[기재정정]횡령ㆍ배임혐의발생               | [기재정정]횡령ㆍ배임혐의발생               | 횡령ㆍ배임혐의발생              ,,[기재정정]횡령ㆍ배임혐의발생              (-25) | [기재정정]횡령ㆍ배임혐의발생              (-25) | 횡령ㆍ배임혐의발생              (-25) | 횡령ㆍ배임혐의발생              (-25),2026-09-17: [기재정정]횡령ㆍ배임혐의발생               | 2026-09-17: 횡령ㆍ배임혐의발생               | 2026-09-16: [기재정정]주요사항보고서(영업양도결정) | 2026-09-02: 임시주주총회결과               | 2026-08-26: [첨부정정]주요사항보고서(타법인주식및출자증권양도결정),8
한국첨단소재,062970,-100,🚨 YES,주요사항보고서(전환사채권발행결정) | 주요사항보고서(전환사채권발행결정) | 주권매매거래정지해제              (우회상장 미해당),,주요사항보고서(전환사채권발행결정)(-15) | 주요사항보고서(전환사채권발행결정)(-15) | [기재정정]최대주주변경              (-5) | 주권매매거래정지해제              (우회상장 미해당)(-30) | 최대주주변경              (-5),2026-09-17: 주식등의대량보유상황보고서(약식) | 2026-09-17: 임원ㆍ주요주주특정증권등소유상황보고서 | 2026-09-17: 주식등의대량보유상황보고서(일반) | 2026-09-11: 타법인주식및출자증권취득결정               | 2026-09-11: [기재정정]전환가액의조정              ,26
프리티,006490,-95,🚨 YES,주요사항보고서(감자결정) | 매매거래정지및정지해제(중요내용공시)               | [기재정정]주요사항보고서(유상증자결정),,주요사항보고서(감자결정)(-20) | 매매거래정지및정지해제(중요내용공시)              (-30) | [기재정정]주요사항보고서(유상증자결정)(-15) | [기재정정]주요사항보고서(전환사채권발행결정)(-15) | [기재정정]주요사항보고서(유상증자결정)(-15),2026-09-17: 의결권대리행사권유참고서류 | 2026-09-17: 주주총회소집공고 | 2026-09-17: 주주총회소집결의               | 2026-09-17: [기재정정]주주총회소집결의               | 2026-09-17: 주요사항보고서(감자결정),11
광진실업,026910,-95,🚨 YES,[기재정정]주요사항보고서(유상증자결정) | [기재정정]주요사항보고서(유상증자결정) | 주요사항보고서(유상증자결정),,[기재정정]주요사항보고서(유상증자결정)(-15) | [기재정정]주요사항보고서(유상증자결정)(-15) | 주요사항보고서(유상증자결정)(-15) | [기재정정]최대주주변경을수반하는주식담보제공계약체결              (-5) | [기재정정]주요사항보고서(유상증자결정)(-15),2026-09-17: 주식등의대량보유상황보고서(약식) | 2026-09-17: 소액공모공시서류(지분증권) | 2026-09-17: [기재정정]주요사항보고서(유상증자결정) | 2026-09-16: [기재정정]주요사항보고서(유상증자결정) | 2026-09-15: 주요사항보고서(유상증자결정),16
KS인더스트리,101000,-90,🚨 YES,주요사항보고서(전환사채권발행결정) | 주요사항보고서(유상증자결정) | 기타시장안내(관리종목지정우려종목)              (시가총액 200억원 미달),,"주요사항보고서(전환사채권발행결정)(-15) | 주요사항보고서(유상증자결정)(-15) | 기타시장안내(관리종목지정우려종목)              (시가총액 200억원 미달)(-30) | 기타시장안내(관리종목지정우려종목)              (주가 1,000원 미달)(-30)",2026-09-17: [기재정정]주주총회소집결의              (임시주주총회) | 2026-09-14: 소송등의판결ㆍ결정(일정금액이상의청구)               | 2026-09-14: [기재정정]주주총회소집결의              (임시주주총회) | 2026-09-14: 주요사항보고서(전환사채권발행결정) | 2026-09-11: 주요사항보고서(유상증자결정),14
우성머티리얼스,011300,-90,🚨 YES,[기재정정]주요사항보고서(유상증자결정) | [기재정정]주요사항보고서(유상증자결정) | [기재정정]주요사항보고서(유상증자결정),,[기재정정]주요사항보고서(유상증자결정)(-15) | [기재정정]주요사항보고서(유상증자결정)(-15) | [기재정정]주요사항보고서(유상증자결정)(-15) | [기재정정]주요사항보고서(유상증자결정)(-15) | [기재정정]주요사항보고서(유상증자결정)(-15),2026-09-18: [기재정정]주요사항보고서(유상증자결정) | 2026-09-18: [기재정정]주요사항보고서(유상증자결정) | 2026-09-18: [기재정정]주요사항보고서(유상증자결정) | 2026-09-17: 주요사항보고서(자기전환사채만기전취득결정) | 2026-09-16: [기재정정]주요사항보고서(유상증자결정),13
서울전자통신,027040,-90,🚨 YES,[기재정정]주요사항보고서(유상증자결정) | [기재정정]주요사항보고서(유상증자결정) | [기재정정]주요사항보고서(유상증자결정),,[기재정정]주요사항보고서(유상증자결정)(-15) | [기재정정]주요사항보고서(유상증자결정)(-15) | [기재정정]주요사항보고서(유상증자결정)(-15) | [기재정정]주요사항보고서(유상증자결정)(-15) | [기재정정]주요사항보고서(유상증자결정)(-15),2026-09-17: [기재정정]주요사항보고서(유상증자결정) | 2026-09-17: [기재정정]소액공모공시서류(지분증권) | 2026-09-16: 주주총회소집결의              (임시주주총회) | 2026-09-16: 주주명부폐쇄기간또는기준일설정               | 2026-09-08: [기재정정]소액공모공시서류(지분증권),13
젠큐릭스,229000,-90,🚨 YES,주권매매거래정지기간변경              (상장적격성 실질심사 대상(사유발생)) | 주권매매거래정지              (풍문 또는 보도 관련) | [첨부정정]주요사항보고서(전환사채권발행결정),,주권매매거래정지기간변경              (상장적격성 실질심사 대상(사유발생))(-30) | 주권매매거래정지              (풍문 또는 보도 관련)(-30) | [첨부정정]주요사항보고서(전환사채권발행결정)(-15) | 주요사항보고서(전환사채권발행결정)(-15),2026-09-18: 임원ㆍ주요주주특정증권등소유상황보고서 | 2026-09-18: 임원ㆍ주요주주특정증권등소유상황보고서 | 2026-09-18: [기재정정]주요사항보고서(영업정지) | 2026-09-16: 기타시장안내              (상장적격성 실질심사 대상결정 기한 안내) | 2026-09-15: 기타시장안내              (상장적격성 실질심사 관련),17
코다코,046070,-85,🚨 YES,주권매매거래정지해제              (상장폐지에 따른 정리매매 개시) | [기재정정]주요사항보고서(감자결정) | [기재정정]주요사항보고서(유상증자결정),,주권매매거래정지해제              (상장폐지에 따른 정리매매 개시)(-30) | [기재정정]주요사항보고서(감자결정)(-20) | [기재정정]주요사항보고서(유상증자결정)(-15) | [기재정정]주요사항보고서(감자결정)(-20),2026-09-08: 주권매매거래정지해제              (상장폐지에 따른 정리매매 개시) | 2026-09-08: 기타시장안내              (상장폐지결정 등 효력정지 가처분 신청 기각에 따른 정리매매절차 재개) | 2026-09-03: [기재정정]주요사항보고서(감자결정) | 2026-09-03: [기재정정]주요사항보고서(유상증자결정) | 2026-08-26: [기재정정]감자완료              ,6
삼보산업,009620,-80,🚨 YES,"[기재정정]주요사항보고서(유상증자결정) | 주권매매거래정지해제              (액면병합 주권 변경상장) | 주권매매거래정지              (주식의 병합, 분할 등 전자등록 변경, 말소)",,"[기재정정]주요사항보고서(유상증자결정)(-15) | 주권매매거래정지해제              (액면병합 주권 변경상장)(-30) | [기재정정]최대주주변경을수반하는주식담보제공계약체결              (-5) | 주권매매거래정지              (주식의 병합, 분할 등 전자등록 변경, 말소)(-30)",2026-09-18: [기재정정]주요사항보고서(유상증자결정) | 2026-09-16: 주권매매거래정지해제              (액면병합 주권 변경상장) | 2026-09-08: [기재정정]최대주주변경을수반하는주식담보제공계약체결               | 2026-09-08: 주식등의대량보유상황보고서(일반) | 2026-09-08: 임원ㆍ주요주주특정증권등소유상황보고서,7
본느,226340,-80,🚨 YES,[기재정정]주요사항보고서(유상증자결정) | [첨부정정]주요사항보고서(유상증자결정) | [기재정정]주요사항보고서(유상증자결정),,[기재정정]주요사항보고서(유상증자결정)(-15) | [첨부정정]주요사항보고서(유상증자결정)(-15) | [기재정정]주요사항보고서(유상증자결정)(-15) | [기재정정]최대주주변경을수반하는주식양수도계약체결              (-5) | [기재정정]주요사항보고서(유상증자결정)(-15),2026-09-17: [기재정정]주요사항보고서(유상증자결정) | 2026-09-17: 임원ㆍ주요주주특정증권등소유상황보고서 | 2026-09-17: 주식등의대량보유상황보고서(일반) | 2026-09-16: 주식등의대량보유상황보고서(일반) | 2026-09-10: 대표이사변경              ,23
로지스몬,223220,-80,🚨 YES,[기재정정]주요사항보고서(유상증자결정) | [기재정정]주요사항보고서(유상증자결정) | [기재정정]주요사항보고서(유상증자결정),,최대주주변경              (-5) | [기재정정]주요사항보고서(유상증자결정)(-15) | [기재정정]주요사항보고서(유상증자결정)(-15) | [기재정정]주요사항보고서(유상증자결정)(-15) | [기재정정]주요사항보고서(유상증자결정)(-15),2026-09-17: 소송등의제기ㆍ신청(경영권분쟁소송)               | 2026-09-16: 소액공모실적보고서 | 2026-09-16: 최대주주변경               | 2026-09-16: 증권발행결과(자율공시)              (일반공모 유상증자) | 2026-09-16: 소송등의판결ㆍ결정              (신주발행금지가처분),25
케스피온,079190,-80,🚨 YES,[기재정정]주요사항보고서(유상증자결정) | [기재정정]주요사항보고서(유상증자결정) | [기재정정]주요사항보고서(유상증자결정),,[기재정정]주요사항보고서(유상증자결정)(-15) | 최대주주변경              (-5) | [기재정정]주요사항보고서(유상증자결정)(-15) | [기재정정]주요사항보고서(유상증자결정)(-15) | [기재정정]주요사항보고서(유상증자결정)(-15),2026-09-18: [기재정정]증권발행결과(자율공시)               | 2026-09-18: [기재정정]주요사항보고서(유상증자결정) | 2026-09-15: [기재정정]주식매수선택권부여에관한신고 | 2026-09-15: [기재정정]주식매수선택권부여에관한신고 | 2026-09-14: 최대주주변경              ,10
모아데이타,288980,-80,🚨 YES,[기재정정]주요사항보고서(유상증자결정) | [기재정정]주요사항보고서(유상증자결정) | [기재정정]주요사항보고서(유상증자결정),,[기재정정]주요사항보고서(유상증자결정)(-15) | [기재정정]주요사항보고서(유상증자결정)(-15) | [기재정정]최대주주변경을수반하는주식담보제공계약체결              (-5) | [기재정정]최대주주변경을수반하는주식담보제공계약체결              (-5) | [기재정정]최대주주변경을수반하는주식담보제공계약체결              (-5),2026-09-16: [기재정정]소액공모공시서류(지분증권) | 2026-09-16: [기재정정]주요사항보고서(유상증자결정) | 2026-09-11: [기재정정]주요사항보고서(자기전환사채만기전취득결정) | 2026-09-09: [기재정정]주요사항보고서(유상증자결정) | 2026-09-09: [기재정정]소액공모공시서류(지분증권),29
MSDI,123010,-75,🚨 YES,[기재정정]주요사항보고서(유상증자결정) | [기재정정]주요사항보고서(전환사채권발행결정) | [기재정정]주요사항보고서(전환사채권발행결정),,[기재정정]주요사항보고서(유상증자결정)(-15) | [기재정정]주요사항보고서(전환사채권발행결정)(-15) | [기재정정]주요사항보고서(전환사채권발행결정)(-15) | [기재정정]주요사항보고서(전환사채권발행결정)(-15) | [기재정정]주요사항보고서(유상증자결정)(-15),2026-09-18: [기재정정]주요사항보고서(유상증자결정) | 2026-09-11: 전환가액의조정               | 2026-09-09: 주식등의대량보유상황보고서(약식) | 2026-09-04: [기재정정]주요사항보고서(전환사채권발행결정) | 2026-09-04: 증권발행결과(자율공시)              ,8
베노티앤알,206400,-75,🚨 YES,[기재정정]주요사항보고서(감자결정) | 주요사항보고서(감자결정) | 주권매매거래정지              (자본감소),단일판매ㆍ공급계약체결              (+5),[기재정정]주요사항보고서(감자결정)(-20) | [기재정정]최대주주변경을수반하는주식양수도계약체결              (-5) | 주요사항보고서(감자결정)(-20) | 주권매매거래정지              (자본감소)(-30) | [기재정정]최대주주변경을수반하는주식양수도계약체결              (-5),2026-09-16: [기재정정]의결권대리행사권유참고서류 | 2026-09-16: [기재정정]주주총회소집공고 | 2026-09-16: 주식등의대량보유상황보고서(일반) | 2026-09-15: [기재정정]의결권대리행사권유참고서류 | 2026-09-15: 소송등의판결ㆍ결정              ,23
딥커머스,900110,-75,🚨 YES,"주권매매거래정지해제              (주식병합(무액면주식) 주권 변경상장) | [기재정정]주요사항보고서(유상증자결정) | 주권매매거래정지              (주식의 병합, 분할 등 전자등록 변경, 말소)",,"주권매매거래정지해제              (주식병합(무액면주식) 주권 변경상장)(-30) | [기재정정]주요사항보고서(유상증자결정)(-15) | 주권매매거래정지              (주식의 병합, 분할 등 전자등록 변경, 말소)(-30)",2026-09-17: 주권매매거래정지해제              (주식병합(무액면주식) 주권 변경상장) | 2026-09-04: 임원ㆍ주요주주특정증권등소유상황보고서 | 2026-09-04: 주식등의대량보유상황보고서(일반) | 2026-08-31: 반기보고서 (2026.06) | 2026-08-31: 증권발행결과(자율공시)              ,9
아리바이오LAB,261780,-65,🚨 YES,[기재정정]주요사항보고서(유상증자결정) | 주요사항보고서(유상증자결정) | 주요사항보고서(전환사채권발행결정),,[기재정정]주요사항보고서(유상증자결정)(-15) | 주요사항보고서(유상증자결정)(-15) | 주요사항보고서(전환사채권발행결정)(-15) | 주요사항보고서(전환사채권발행결정)(-15) | [기재정정]최대주주변경을수반하는주식담보제공계약체결              (-5),2026-09-16: [기재정정]주요사항보고서(유상증자결정) | 2026-09-16: 주식등의대량보유상황보고서(일반) | 2026-09-16: 주요사항보고서(유상증자결정) | 2026-09-14: 주요사항보고서(전환사채권발행결정) | 2026-09-09: 주요사항보고서(전환사채권발행결정),6
캔버스엔,210120,-60,🚨 YES,[기재정정]주요사항보고서(전환사채권발행결정) | [기재정정]주요사항보고서(전환사채권발행결정) | [기재정정]주요사항보고서(유상증자결정),,[기재정정]주요사항보고서(전환사채권발행결정)(-15) | [기재정정]주요사항보고서(전환사채권발행결정)(-15) | [기재정정]주요사항보고서(유상증자결정)(-15) | [기재정정]주요사항보고서(유상증자결정)(-15),2026-09-16: 임원ㆍ주요주주특정증권등소유상황보고서 | 2026-09-11: 불성실공시법인지정예고              (공시변경 3건) | 2026-09-11: 독립이사의선임ㆍ해임또는중도퇴임에관한신고 | 2026-09-11: 상호변경안내               | 2026-09-11: 임시주주총회결과              ,15
케이엠제약,225430,-60,🚨 YES,주권매매거래정지기간변경              (투자자 보호) | 주권매매거래정지              (상장폐지 사유발생),,주권매매거래정지기간변경              (투자자 보호)(-30) | 주권매매거래정지              (상장폐지 사유발생)(-30),2026-09-16: 주식등의대량보유상황보고서(일반) | 2026-09-16: 임원ㆍ주요주주특정증권등소유상황보고서 | 2026-09-16: 임원ㆍ주요주주특정증권등소유상황보고서 | 2026-09-15: 주권매매거래정지기간변경              (투자자 보호) | 2026-09-15: 기타시장안내              (정리매매 보류 관련),10
애드바이오텍,179530,-60,🚨 YES,[기재정정]주요사항보고서(전환사채권발행결정) | [기재정정]주요사항보고서(전환사채권발행결정) | [기재정정]주요사항보고서(전환사채권발행결정),,[기재정정]주요사항보고서(전환사채권발행결정)(-15) | [기재정정]주요사항보고서(전환사채권발행결정)(-15) | [기재정정]주요사항보고서(전환사채권발행결정)(-15) | [기재정정]주요사항보고서(전환사채권발행결정)(-15),2026-09-08: 전환청구권행사               | 2026-09-04: 전환청구권행사               | 2026-09-03: [기재정정]주요사항보고서(전환사채권발행결정) | 2026-09-03: [기재정정]주요사항보고서(전환사채권발행결정) | 2026-09-03: [기재정정]주요사항보고서(자기전환사채매도결정),9
이브이첨단소재,131400,-60,🚨 YES,"주요사항보고서(유상증자결정) | 주요사항보고서(유상증자결정) | 주권매매거래정지              (주식의 병합, 분할 등 전자등록 변경, 말소)",,"주요사항보고서(유상증자결정)(-15) | 주요사항보고서(유상증자결정)(-15) | 주권매매거래정지              (주식의 병합, 분할 등 전자등록 변경, 말소)(-30)","2026-09-14: 주요사항보고서(유상증자결정) | 2026-09-14: 주요사항보고서(유상증자결정) | 2026-09-11: [기재정정]주식매수선택권부여에관한신고 | 2026-09-04: 주권매매거래정지              (주식의 병합, 분할 등 전자등록 변경, 말소) | 2026-08-26: 임시주주총회결과              ",5
세림B&G,340440,-60,🚨 YES,"주권매매거래정지              (주식의 병합, 분할 등 전자등록 변경, 말소) | 기타시장안내(관리종목지정우려종목)              (주가 1,000원 미달)",,"주권매매거래정지              (주식의 병합, 분할 등 전자등록 변경, 말소)(-30) | 기타시장안내(관리종목지정우려종목)              (주가 1,000원 미달)(-30)","2026-09-04: 주권매매거래정지              (주식의 병합, 분할 등 전자등록 변경, 말소) | 2026-08-25: 기타시장안내(관리종목지정우려종목)              (주가 1,000원 미달)",2
비비안,002070,-60,🚨 YES,투자유의안내              (관리종목지정 우려 예고) | [기재정정]주요사항보고서(유상증자결정) | [기재정정]주요사항보고서(유상증자결정),,투자유의안내              (관리종목지정 우려 예고)(-30) | [기재정정]주요사항보고서(유상증자결정)(-15) | [기재정정]주요사항보고서(유상증자결정)(-15),2026-09-18: 주주총회소집결의               | 2026-09-18: 주주명부폐쇄기간또는기준일설정               | 2026-09-17: 전환가액ㆍ신주인수권행사가액ㆍ교환가액의조정(안내공시)               | 2026-09-09: 투자유의안내              (관리종목지정 우려 예고) | 2026-08-31: [기재정정]주요사항보고서(유상증자결정),13
유비온,084440,-60,🚨 YES,"주권매매거래정지해제              (액면병합 주권 변경상장) | 주권매매거래정지              (주식의 병합, 분할 등 전자등록 변경, 말소)",,"주권매매거래정지해제              (액면병합 주권 변경상장)(-30) | 주권매매거래정지              (주식의 병합, 분할 등 전자등록 변경, 말소)(-30)","2026-09-17: 주권매매거래정지해제              (액면병합 주권 변경상장) | 2026-09-16: 본점소재지변경               | 2026-09-15: 주주명부폐쇄기간또는기준일설정               | 2026-08-25: 주권매매거래정지              (주식의 병합, 분할 등 전자등록 변경, 말소)",4
골드앤에스,035290,-60,🚨 YES,주권매매거래정지기간변경              (투자자 보호) | 주권매매거래정지              (상장폐지 사유발생),,주권매매거래정지기간변경              (투자자 보호)(-30) | 주권매매거래정지              (상장폐지 사유발생)(-30),2026-09-17: 주권매매거래정지기간변경              (투자자 보호) | 2026-09-17: 기타시장안내              (정리매매 보류 관련) | 2026-09-17: 기타경영사항(자율공시)              (상장폐지결정 효력정지 가처분 신청) | 2026-09-16: 주권매매거래정지              (상장폐지 사유발생) | 2026-09-09: 기타시장안내              (시가총액 미달에 따른 상장폐지 우려 관련 안내),6
에넥스,011090,-60,🚨 YES,[기재정정]주요사항보고서(유상증자결정) | [기재정정]주요사항보고서(유상증자결정) | [기재정정]주요사항보고서(유상증자결정),,[기재정정]주요사항보고서(유상증자결정)(-15) | [기재정정]주요사항보고서(유상증자결정)(-15) | [기재정정]주요사항보고서(유상증자결정)(-15) | [기재정정]주요사항보고서(유상증자결정)(-15),2026-09-16: 주식등의대량보유상황보고서(일반) | 2026-09-15: 주주명부폐쇄기간또는기준일설정               | 2026-09-15: 주주총회소집결의               | 2026-09-15: 주식등의대량보유상황보고서(일반) | 2026-09-11: [기재정정]주요사항보고서(유상증자결정),23
육일씨엔에쓰,191410,-60,🚨 YES,[첨부정정]주요사항보고서(유상증자결정) | [기재정정]주요사항보고서(유상증자결정) | 주요사항보고서(유상증자결정),,[첨부정정]주요사항보고서(유상증자결정)(-15) | [기재정정]주요사항보고서(유상증자결정)(-15) | 주요사항보고서(유상증자결정)(-15) | 주요사항보고서(유상증자결정)(-15),2026-09-16: 기타시장안내              (시가총액 미달에 따른 상장폐지 우려 관련 안내) | 2026-09-16: 임원ㆍ주요주주특정증권등소유상황보고서 | 2026-09-16: 주주총회소집공고 | 2026-09-16: [기재정정]주주총회소집결의              (임시주주총회) | 2026-09-14: 주식등의대량보유상황보고서(약식),22
좋은사람들,033340,-60,🚨 YES,"주권매매거래정지기간변경              (주식의 병합, 분할 등 전자등록 변경, 말소) | 주권매매거래정지              (주식의 병합, 분할 등 전자등록 변경, 말소)",,"주권매매거래정지기간변경              (주식의 병합, 분할 등 전자등록 변경, 말소)(-30) | 주권매매거래정지              (주식의 병합, 분할 등 전자등록 변경, 말소)(-30)","2026-09-16: 주권매매거래정지기간변경              (주식의 병합, 분할 등 전자등록 변경, 말소) | 2026-09-11: 임원ㆍ주요주주특정증권등거래계획보고서 | 2026-09-08: 주권매매거래정지              (주식의 병합, 분할 등 전자등록 변경, 말소) | 2026-09-07: [기재정정]주식병합결정              ",4
에이프로젠,007460,-60,🚨 YES,[기재정정]주요사항보고서(유상증자결정)(자회사의 주요경영사항)               | [기재정정]주요사항보고서(전환사채권발행결정) | 주요사항보고서(유상증자결정)(자회사의 주요경영사항)              ,,[기재정정]주요사항보고서(유상증자결정)(자회사의 주요경영사항)              (-15) | [기재정정]주요사항보고서(전환사채권발행결정)(-15) | 주요사항보고서(유상증자결정)(자회사의 주요경영사항)              (-15) | 주요사항보고서(전환사채권발행결정)(-15),2026-09-18: [기재정정]타법인주식및출자증권취득결정(자회사의 주요경영사항)               | 2026-09-11: [기재정정]주요사항보고서(유상증자결정)(자회사의 주요경영사항)               | 2026-09-11: [기재정정]주요사항보고서(전환사채권발행결정) | 2026-09-09: 주식등의대량보유상황보고서(약식) | 2026-09-03: 주요사항보고서(유상증자결정)(자회사의 주요경영사항)              ,10
제일엠앤에스,412540,-60,🚨 YES,주권매매거래정지               | 주권매매거래정지해제              (상장폐지에 따른 정리매매 개시),,주권매매거래정지              (-30) | 주권매매거래정지해제              (상장폐지에 따른 정리매매 개시)(-30),2026-09-18: 주권매매거래정지               | 2026-09-18: 기타시장안내              (정리매매 보류 관련) | 2026-09-18: 기타경영사항(자율공시)              (상장폐지결정 등 효력정지 가처분 신청) | 2026-09-17: 주권매매거래정지해제              (상장폐지에 따른 정리매매 개시) | 2026-09-17: 기타시장안내              ((주)제일엠앤에스 기업심사위원회 심의·의결 결과 안내),8
진영,285800,-60,🚨 YES,기타시장안내(관리종목지정우려종목)              (시가총액 200억원 미달) | 주권매매거래정지해제              (액면병합 주권 변경상장),,기타시장안내(관리종목지정우려종목)              (시가총액 200억원 미달)(-30) | 주권매매거래정지해제              (액면병합 주권 변경상장)(-30),2026-09-15: 기타시장안내(관리종목지정우려종목)              (시가총액 200억원 미달) | 2026-09-10: 주권매매거래정지해제              (액면병합 주권 변경상장),2
네오오토,212560,-60,🚨 YES,주권매매거래정지해제              (우회상장 미해당) | 주권매매거래정지              (우회상장여부 및 요건충족확인),,주권매매거래정지해제              (우회상장 미해당)(-30) | 주권매매거래정지              (우회상장여부 및 요건충족확인)(-30),2026-09-16: 정정신고서제출요구( 2026.09.07. 제출 증권신고서(주식의포괄적교환ㆍ이전) ) | 2026-09-14: 기업설명회(IR)개최               | 2026-09-07: [기재정정]기업설명회(IR)개최               | 2026-09-07: [기재정정]기업설명회(IR)개최               | 2026-09-07: 기업설명회(IR)개최              ,11
주성코퍼레이션,109070,-60,🚨 YES,[기재정정]주요사항보고서(유상증자결정) | [기재정정]주요사항보고서(전환사채권발행결정) | [기재정정]주요사항보고서(유상증자결정),,[기재정정]주요사항보고서(유상증자결정)(-15) | [기재정정]주요사항보고서(전환사채권발행결정)(-15) | [기재정정]주요사항보고서(유상증자결정)(-15) | [기재정정]주요사항보고서(전환사채권발행결정)(-15),2026-09-18: 투자판단관련주요경영사항               | 2026-09-18: 유상증자또는주식관련사채등의발행결과(자율공시)               | 2026-09-17: 합병등종료보고서(영업양수도) | 2026-09-17: [기재정정]주요사항보고서(유상증자결정) | 2026-09-17: [기재정정]주요사항보고서(전환사채권발행결정),16
이스트에이드,239340,-60,🚨 YES,"주권매매거래정지해제              (액면병합 주권 변경상장) | 주권매매거래정지              (주식의 병합, 분할 등 전자등록 변경, 말소)",,"주권매매거래정지해제              (액면병합 주권 변경상장)(-30) | 주권매매거래정지              (주식의 병합, 분할 등 전자등록 변경, 말소)(-30)","2026-09-18: 주권매매거래정지해제              (액면병합 주권 변경상장) | 2026-08-31: 주주명부폐쇄기간또는기준일설정               | 2026-08-31: 주주총회소집결의              (임시주주총회) | 2026-08-25: 주식등의대량보유상황보고서(일반) | 2026-08-25: 주권매매거래정지              (주식의 병합, 분할 등 전자등록 변경, 말소)",5
삼영이엔씨,065570,-60,🚨 YES,주권매매거래정지               | 주권매매거래정지해제              (상장폐지에 따른 정리매매 개시),,주권매매거래정지              (-30) | 주권매매거래정지해제              (상장폐지에 따른 정리매매 개시)(-30),2026-09-18: 주권매매거래정지               | 2026-09-18: 기타시장안내              (정리매매 보류 관련) | 2026-09-18: 기타경영사항(자율공시)              (상장폐지결정 등 효력정지 가처분 신청의 건) | 2026-09-17: 주권매매거래정지해제              (상장폐지에 따른 정리매매 개시) | 2026-09-17: 기타시장안내              (기업심사위원회 심의·의결 결과 안내),8
엑시온그룹,069920,-60,🚨 YES,[기재정정]주요사항보고서(유상증자결정) | [기재정정]주요사항보고서(유상증자결정) | 주요사항보고서(유상증자결정),,[기재정정]주요사항보고서(유상증자결정)(-15) | [기재정정]주요사항보고서(유상증자결정)(-15) | 주요사항보고서(유상증자결정)(-15) | [기재정정]주요사항보고서(유상증자결정)(-15),2026-09-16: 주주명부폐쇄기간또는기준일설정               | 2026-09-16: 주주총회소집결의              (임시주주총회) | 2026-09-15: 기타시장안내              (시가총액 미달에 따른 상장폐지 우려 관련 안내) | 2026-09-10: 소액공모실적보고서 | 2026-09-10: 증권발행결과(자율공시)              (일반공모-소액공모),19
케이바이오랩스,038530,-60,🚨 YES,"주권매매거래정지해제              (액면병합 주권 변경상장) | 주권매매거래정지              (주식의 병합, 분할 등 전자등록 변경, 말소)",,"주권매매거래정지해제              (액면병합 주권 변경상장)(-30) | 주권매매거래정지              (주식의 병합, 분할 등 전자등록 변경, 말소)(-30)",2026-09-18: 주권매매거래정지해제              (액면병합 주권 변경상장) | 2026-09-04: 임원ㆍ주요주주특정증권등소유상황보고서 | 2026-09-04: 주식등의대량보유상황보고서(일반) | 2026-08-28: 임원ㆍ주요주주특정증권등소유상황보고서 | 2026-08-28: 주식등의대량보유상황보고서(일반),6
에스아이리소스,065420,-60,🚨 YES,주권매매거래정지기간변경              (액면병합 주권 변경상장) | 주권매매거래정지기간변경              (상장적격성 실질심사 대상(사유발생)),,주권매매거래정지기간변경              (액면병합 주권 변경상장)(-30) | 주권매매거래정지기간변경              (상장적격성 실질심사 대상(사유발생))(-30),2026-09-18: 기타시장안내              (실질심사 대상여부 결정을 위한 조사기간 연장 안내 ) | 2026-09-11: 의결권대리행사권유참고서류 | 2026-09-11: 주주총회소집공고 | 2026-09-10: [기재정정]주주총회소집결의              (임시주주총회) | 2026-08-31: 주권매매거래정지기간변경              (액면병합 주권 변경상장),9
신테카바이오,226330,-60,🚨 YES,[기재정정]주요사항보고서(유상증자결정) | [기재정정]주요사항보고서(유상증자결정) | [기재정정]주요사항보고서(유상증자결정),단일판매ㆍ공급계약체결              (+5),[기재정정]주요사항보고서(유상증자결정)(-15) | [기재정정]주요사항보고서(유상증자결정)(-15) | [기재정정]주요사항보고서(유상증자결정)(-15) | 주요사항보고서(유상증자결정)(-15) | [기재정정]최대주주변경을수반하는주식담보제공계약체결              (-5),2026-09-14: 주요사항보고서(자기전환사채만기전취득결정) | 2026-09-14: 주요사항보고서(자기전환사채만기전취득결정) | 2026-09-11: 단일판매ㆍ공급계약체결               | 2026-09-11: [기재정정]주주총회소집공고 | 2026-09-11: [기재정정]의결권대리행사권유참고서류,21
다원시스,068240,-60,🚨 YES,주권매매거래정지              (투자자 보호) | 주권매매거래정지해제              (상장폐지에 따른 정리매매 개시),,주권매매거래정지              (투자자 보호)(-30) | 주권매매거래정지해제              (상장폐지에 따른 정리매매 개시)(-30),2026-09-16: 기타시장안내              (정리매매 보류 관련) | 2026-09-16: 주권매매거래정지              (투자자 보호) | 2026-09-16: 기타경영사항(자율공시)              (상장폐지결정 효력정지 가처분 신청) | 2026-09-15: 주권매매거래정지해제              (상장폐지에 따른 정리매매 개시) | 2026-09-15: 기타시장안내              (코스닥시장위원회 개최 결과 및 상장폐지 결정),6
국영지앤엠,006050,-55,🚨 YES,기타시장안내(관리종목지정우려종목)              (시가총액 200억원 미달) | 주권매매거래정지해제              (액면병합 주권 변경상장),주요사항보고서(자기주식취득결정)(+5),기타시장안내(관리종목지정우려종목)              (시가총액 200억원 미달)(-30) | 주권매매거래정지해제              (액면병합 주권 변경상장)(-30),2026-09-15: 기타시장안내(관리종목지정우려종목)              (시가총액 200억원 미달) | 2026-09-10: 주요사항보고서(자기주식취득결정) | 2026-08-28: 주식등의대량보유상황보고서(일반) | 2026-08-28: 임원ㆍ주요주주특정증권등소유상황보고서 | 2026-08-28: 임원ㆍ주요주주특정증권등소유상황보고서,6
인콘,083640,-55,🚨 YES,주권매매거래정지해제              (액면병합 주권 변경상장) | [기재정정]주요사항보고서(전환사채권발행결정) | [기재정정]주요사항보고서(전환사채권발행결정),단일판매ㆍ공급계약체결              (+5),주권매매거래정지해제              (액면병합 주권 변경상장)(-30) | [기재정정]주요사항보고서(전환사채권발행결정)(-15) | [기재정정]주요사항보고서(전환사채권발행결정)(-15),2026-09-11: 주권매매거래정지해제              (액면병합 주권 변경상장) | 2026-09-09: [기재정정]주요사항보고서(전환사채권발행결정) | 2026-09-04: 임원ㆍ주요주주특정증권등소유상황보고서 | 2026-09-04: 임원ㆍ주요주주특정증권등소유상황보고서 | 2026-09-04: 주식등의대량보유상황보고서(일반),7
STX,011810,-50,🚨 YES,주요사항보고서(유상증자결정) | 주요사항보고서(감자결정) | 주요사항보고서(유상증자결정),,주요사항보고서(유상증자결정)(-15) | 주요사항보고서(감자결정)(-20) | 주요사항보고서(유상증자결정)(-15),2026-09-16: 주요사항보고서(유상증자결정) | 2026-09-16: 주요사항보고서(감자결정) | 2026-09-16: 주요사항보고서(유상증자결정) | 2026-09-16: 독립이사의선임ㆍ해임또는중도퇴임에관한신고 | 2026-09-16: [기재정정]투자판단관련주요경영사항              ,7
나우IB,293580,-50,🚨 YES,주요사항보고서(감자결정) | 주권매매거래정지              (자본감소),,주요사항보고서(감자결정)(-20) | 주권매매거래정지              (자본감소)(-30),2026-09-16: 임원ㆍ주요주주특정증권등소유상황보고서 | 2026-09-14: 주주총회소집결의              (임시주주총회) | 2026-09-14: 주주명부폐쇄기간또는기준일설정               | 2026-09-14: 주요사항보고서(감자결정) | 2026-09-14: 주권매매거래정지              (자본감소),5
AK홀딩스,006840,-50,🚨 YES,[기재정정]유상증자결정(종속회사의주요경영사항)               | 감자결정(종속회사의주요경영사항)               | [기재정정]유상증자결정(종속회사의주요경영사항)              ,,[기재정정]유상증자결정(종속회사의주요경영사항)              (-15) | 감자결정(종속회사의주요경영사항)              (-20) | [기재정정]유상증자결정(종속회사의주요경영사항)              (-15),2026-09-16: 특수관계인에대한담보제공 | 2026-09-16: 특수관계인에대한부동산임대 | 2026-09-16: 특수관계인으로부터부동산매수 | 2026-09-16: 동일인등출자계열회사와의상품ㆍ용역거래 | 2026-09-16: [기재정정]타법인주식및출자증권취득결정(자회사의 주요경영사항)              ,18
삼천리자전거,024950,-50,🚨 YES,횡령ㆍ배임혐의진행사항               | 횡령ㆍ배임혐의진행사항              ,,횡령ㆍ배임혐의진행사항              (-25) | 횡령ㆍ배임혐의진행사항              (-25),2026-09-15: 자기주식취득결과보고서 | 2026-09-15: 공개매수결과보고서 | 2026-08-27: 횡령ㆍ배임혐의진행사항              ,3
메디콕스,054180,-50,🚨 YES,횡령ㆍ배임혐의발생               | 횡령ㆍ배임혐의발생              ,,횡령ㆍ배임혐의발생              (-25) | 횡령ㆍ배임혐의발생              (-25),2026-09-17: 소송등의제기ㆍ신청(경영권분쟁소송)              (이사회결의 효력정지 및 직무집행정지등 가처분) | 2026-09-10: 대표이사변경               | 2026-09-07: 기타시장안내              (상장적격성 실질심사 사유추가 안내) | 2026-09-07: 횡령ㆍ배임혐의발생               | 2026-09-01: 기타시장안내              (개선계획 이행내역서 제출),7
퓨릿,445180,-50,🚨 YES,횡령ㆍ배임혐의진행사항               | 횡령ㆍ배임혐의진행사항              ,,횡령ㆍ배임혐의진행사항              (-25) | 횡령ㆍ배임혐의진행사항              (-25),2026-09-01: 주식등의대량보유상황보고서(약식) | 2026-08-31: 횡령ㆍ배임혐의진행사항               | 2026-08-26: 임원ㆍ주요주주특정증권등소유상황보고서,3
모아라이프플러스,142760,-50,🚨 YES,주요사항보고서(유상증자결정) | 주권매매거래정지해제              (액면병합 주권 변경상장),,주요사항보고서(유상증자결정)(-15) | 주권매매거래정지해제              (액면병합 주권 변경상장)(-30) | [기재정정]최대주주변경을수반하는주식담보제공계약체결              (-5),2026-09-16: 소액공모공시서류(지분증권) | 2026-09-16: 주요사항보고서(유상증자결정) | 2026-09-15: [기재정정]주주총회소집결의              (임시주주총회) | 2026-09-14: 전환가액의조정              (제12회차) | 2026-09-02: 임원ㆍ주요주주특정증권등소유상황보고서,10
나노씨엠에스,247660,-50,🚨 YES,[기재정정]주요사항보고서(유상증자결정) | 주요사항보고서(유상증자결정) | [기재정정]주요사항보고서(유상증자결정),,[기재정정]주요사항보고서(유상증자결정)(-15) | 주요사항보고서(유상증자결정)(-15) | [기재정정]주요사항보고서(유상증자결정)(-15) | 최대주주변경              (-5),2026-09-16: 임원ㆍ주요주주특정증권등거래계획보고서 | 2026-09-16: 주식등의대량보유상황보고서(일반) | 2026-09-16: 임원ㆍ주요주주특정증권등소유상황보고서 | 2026-09-15: 소액공모실적보고서 | 2026-09-15: 증권발행결과(자율공시)              (일반공모증자-소액공모),26
남양유업,003920,-50,🚨 YES,[기재정정]횡령ㆍ배임혐의발생               | [기재정정]횡령ㆍ배임혐의발생              ,,[기재정정]횡령ㆍ배임혐의발생              (-25) | [기재정정]횡령ㆍ배임혐의발생              (-25),2026-09-15: [기재정정]소송등의제기ㆍ신청(자율공시:일정금액미만의청구)               | 2026-09-08: [기재정정]횡령ㆍ배임혐의발생               | 2026-09-01: [기재정정]소송등의판결ㆍ결정(일정금액이상의청구)               | 2026-09-01: 소송등의제기ㆍ신청(자율공시:일정금액미만의청구)               | 2026-08-28: 소송등의판결ㆍ결정(일정금액이상의청구)              ,5
참좋은여행,094850,-50,🚨 YES,횡령ㆍ배임혐의진행사항               | 횡령ㆍ배임혐의진행사항              ,,횡령ㆍ배임혐의진행사항              (-25) | 횡령ㆍ배임혐의진행사항              (-25),2026-08-27: 횡령ㆍ배임혐의진행사항              ,1
헝셩그룹,900270,-45,🚨 YES,주요사항보고서(유상증자결정) | 주권매매거래정지해제              (주식병합(무액면주식) 주권 변경상장),,주요사항보고서(유상증자결정)(-15) | 주권매매거래정지해제              (주식병합(무액면주식) 주권 변경상장)(-30),2026-09-15: 전환청구권행사               | 2026-09-10: 주주총회소집공고 | 2026-09-10: 주요사항보고서(유상증자결정) | 2026-09-10: [기재정정]주주총회소집결의              (임시주주총회) | 2026-09-04: 임원ㆍ주요주주특정증권등소유상황보고서,11
이렘,009730,-45,🚨 YES,[기재정정]주요사항보고서(유상증자결정) | [기재정정]주요사항보고서(유상증자결정) | [기재정정]주요사항보고서(유상증자결정),,[기재정정]주요사항보고서(유상증자결정)(-15) | [기재정정]주요사항보고서(유상증자결정)(-15) | [기재정정]주요사항보고서(유상증자결정)(-15),2026-09-18: 임원ㆍ주요주주특정증권등거래계획보고서 | 2026-09-15: [기재정정]증권신고서(지분증권) | 2026-09-15: [기재정정]주요사항보고서(유상증자결정) | 2026-09-09: [기재정정]증권신고서(지분증권) | 2026-09-09: [기재정정]주요사항보고서(유상증자결정),12
CSA 코스믹,083660,-45,🚨 YES,주요사항보고서(전환사채권발행결정) | 주권매매거래정지해제              (액면분할 주권 변경상장),,주요사항보고서(전환사채권발행결정)(-15) | 주권매매거래정지해제              (액면분할 주권 변경상장)(-30),2026-09-18: 증권발행결과(자율공시)              (제6회차 CB) | 2026-09-10: 주요사항보고서(전환사채권발행결정) | 2026-09-10: 금전대여결정               | 2026-09-09: 타법인주식및출자증권취득결정               | 2026-09-03: 주식등의대량보유상황보고서(약식),9
볼빅,206950,-45,🚨 YES,[첨부정정]주요사항보고서(유상증자결정) | [기재정정]주요사항보고서(유상증자결정) | 주요사항보고서(유상증자결정),,[첨부정정]주요사항보고서(유상증자결정)(-15) | [기재정정]주요사항보고서(유상증자결정)(-15) | 주요사항보고서(유상증자결정)(-15),2026-09-18: 주식등의대량보유상황보고서(약식) | 2026-09-11: 증권발행결과(자율공시)              (제3자배정_상환전환우선주) | 2026-09-10: [첨부정정]주요사항보고서(유상증자결정) | 2026-09-08: [기재정정]주요사항보고서(유상증자결정) | 2026-09-02: 주요사항보고서(유상증자결정),5
아이오케이이엔엠,078860,-45,🚨 YES,기타시장안내(관리종목지정우려종목)              (시가총액 200억원 미달) | [기재정정]주요사항보고서(유상증자결정),,기타시장안내(관리종목지정우려종목)              (시가총액 200억원 미달)(-30) | [기재정정]주요사항보고서(유상증자결정)(-15),2026-09-15: 기타시장안내(관리종목지정우려종목)              (시가총액 200억원 미달) | 2026-09-10: 전환가액의조정              (제22회차) | 2026-09-04: [기재정정]주주총회소집결의               | 2026-08-31: [기재정정]주요사항보고서(유상증자결정),4
버킷스튜디오,066410,-45,🚨 YES,[기재정정]주요사항보고서(유상증자결정) | 주권매매거래정지기간변경              (개선기간 부여),,[기재정정]주요사항보고서(유상증자결정)(-15) | 주권매매거래정지기간변경              (개선기간 부여)(-30),2026-08-26: [기재정정]주요사항보고서(유상증자결정) | 2026-08-26: 기타주요경영사항              (제3자 배정 유상증자 결정 철회) | 2026-08-25: 상장적격성실질심사관련주요개선계획(자율공시)               | 2026-08-24: 주권매매거래정지기간변경              (개선기간 부여) | 2026-08-24: 기타시장안내              (코스닥시장위원회 심의·의결 결과 및 개선기간 부여 안내),5
핀텔,291810,-45,🚨 YES,[기재정정]주요사항보고서(유상증자결정) | [기재정정]주요사항보고서(유상증자결정) | 주요사항보고서(유상증자결정),,[기재정정]주요사항보고서(유상증자결정)(-15) | [기재정정]주요사항보고서(유상증자결정)(-15) | 주요사항보고서(유상증자결정)(-15),2026-09-17: [기재정정]주요사항보고서(유상증자결정) | 2026-09-14: 기타시장안내              (시가총액 미달에 따른 상장폐지 우려 관련 안내) | 2026-09-14: 주식등의대량보유상황보고서(일반) | 2026-09-14: 임원ㆍ주요주주특정증권등소유상황보고서 | 2026-09-14: 임원ㆍ주요주주특정증권등소유상황보고서,14
크라우드웍스,355390,-45,🚨 YES,주요사항보고서(유상증자결정) | 기타주요경영사항              (제3자배정 유상증자결정 철회) | [기재정정]주요사항보고서(유상증자결정),,주요사항보고서(유상증자결정)(-15) | 기타주요경영사항              (제3자배정 유상증자결정 철회)(-15) | [기재정정]주요사항보고서(유상증자결정)(-15),2026-09-18: 증권발행결과(자율공시)              (일반공모-소액공모) | 2026-09-18: 소액공모실적보고서 | 2026-09-15: 유상증자또는주식관련사채등의청약결과(자율공시)               | 2026-09-10: 소액공모공시서류(지분증권) | 2026-09-10: 주요사항보고서(유상증자결정),11
GMI벤처,019570,-45,🚨 YES,[기재정정]주요사항보고서(유상증자결정) | 주요사항보고서(유상증자결정) | 주요사항보고서(유상증자결정),,[기재정정]주요사항보고서(유상증자결정)(-15) | 주요사항보고서(유상증자결정)(-15) | 주요사항보고서(유상증자결정)(-15),2026-09-18: 전환가액의조정               | 2026-09-18: [기재정정]전환가액의조정               | 2026-09-17: 소액공모공시서류(지분증권) | 2026-09-17: [기재정정]주요사항보고서(유상증자결정) | 2026-09-16: 주요사항보고서(유상증자결정),8
엣지파운드리,105550,-45,🚨 YES,[기재정정]주요사항보고서(유상증자결정) | [기재정정]주요사항보고서(전환사채권발행결정) | [기재정정]주요사항보고서(유상증자결정),,[기재정정]주요사항보고서(유상증자결정)(-15) | [기재정정]주요사항보고서(전환사채권발행결정)(-15) | [기재정정]주요사항보고서(유상증자결정)(-15),2026-09-16: 전환가액의조정               | 2026-09-10: [기재정정]주요사항보고서(유상증자결정) | 2026-09-09: 정정신고서제출요구( 2026.08.27. 제출 증권신고서(지분증권) ) | 2026-09-03: 주식등의대량보유상황보고서(일반) | 2026-09-03: 임원ㆍ주요주주특정증권등소유상황보고서,9
E8,418620,-45,🚨 YES,[기재정정]주요사항보고서(유상증자결정) | 주요사항보고서(유상증자결정) | [기재정정]주요사항보고서(유상증자결정),[기재정정]단일판매ㆍ공급계약체결              (+5),최대주주변경              (-5) | [기재정정]주요사항보고서(유상증자결정)(-15) | 주요사항보고서(유상증자결정)(-15) | [기재정정]주요사항보고서(유상증자결정)(-15),2026-09-18: 소액공모실적보고서 | 2026-09-18: 증권발행결과(자율공시)              (일반공모증자-소액공모) | 2026-09-16: 유상증자또는주식관련사채등의청약결과(자율공시)               | 2026-09-15: 기타시장안내(최대주주의의무보유관련)               | 2026-09-15: 주요사항보고서(타법인주식및출자증권양수결정),16
오르비텍,046120,-45,🚨 YES,[기재정정]주요사항보고서(전환사채권발행결정) | [기재정정]주요사항보고서(전환사채권발행결정) | 주요사항보고서(전환사채권발행결정),,[기재정정]주요사항보고서(전환사채권발행결정)(-15) | [기재정정]주요사항보고서(전환사채권발행결정)(-15) | 주요사항보고서(전환사채권발행결정)(-15),2026-09-01: 증권발행결과(자율공시)               | 2026-08-27: [기재정정]주요사항보고서(전환사채권발행결정) | 2026-08-26: [기재정정]주요사항보고서(전환사채권발행결정) | 2026-08-24: 주요사항보고서(전환사채권발행결정),4
마이크로디지탈,305090,-40,🚨 YES,주권매매거래정지              (상장적격성 실질심사 대상 (사유발생)),,[기재정정]최대주주변경              (-5) | 주권매매거래정지              (상장적격성 실질심사 대상 (사유발생))(-30) | 최대주주변경              (-5),2026-09-17: [기재정정]최대주주변경               | 2026-09-17: 투자판단관련주요경영사항              (경영지배인 선임) | 2026-09-10: 주식등의대량보유상황보고서(약식) | 2026-09-04: 기타시장안내              (상장적격성 실질심사 대상결정 기한 안내) | 2026-09-03: 기타시장안내              (상장적격성 실질심사 관련),9
HLB테라퓨틱스,115450,-40,🚨 YES,[기재정정]주요사항보고서(유상증자결정) | [기재정정]주요사항보고서(전환사채권발행결정) | [기재정정]주요사항보고서(전환사채권발행결정),[기재정정]단일판매ㆍ공급계약체결              (+5),[기재정정]주요사항보고서(유상증자결정)(-15) | [기재정정]주요사항보고서(전환사채권발행결정)(-15) | [기재정정]주요사항보고서(전환사채권발행결정)(-15),2026-09-09: [기재정정]전환가액의조정               | 2026-09-04: 전환가액의조정               | 2026-09-04: 주식등의대량보유상황보고서(일반) | 2026-09-04: 임원ㆍ주요주주특정증권등소유상황보고서 | 2026-08-31: [기재정정]단일판매ㆍ공급계약체결              ,11
넥스턴앤롤코리아,089140,-35,🚨 YES,[기재정정]주요사항보고서(유상증자결정) | [기재정정]주요사항보고서(유상증자결정),,[기재정정]주요사항보고서(유상증자결정)(-15) | [기재정정]최대주주변경을수반하는주식담보제공계약체결              (-5) | [기재정정]주요사항보고서(유상증자결정)(-15),2026-09-04: 주식등의대량보유상황보고서(약식) | 2026-09-04: 주식등의대량보유상황보고서(약식) | 2026-08-28: 증권발행결과(자율공시)               | 2026-08-28: 증권발행결과(자율공시)               | 2026-08-28: [기재정정]주요사항보고서(유상증자결정),10
이오플로우,294090,-35,🚨 YES,[기재정정]주요사항보고서(유상증자결정) | [기재정정]주요사항보고서(전환사채권발행결정),,최대주주변경              (-5) | [기재정정]주요사항보고서(유상증자결정)(-15) | [기재정정]주요사항보고서(전환사채권발행결정)(-15),2026-09-18: 의결권대리행사권유참고서류 | 2026-09-18: [기재정정]주주총회소집공고 | 2026-09-16: 주주총회소집공고 | 2026-09-15: 기타시장안내              (최대주주의 의무보유 관련) | 2026-09-15: 최대주주변경              ,14
성호전자,043260,-35,🚨 YES,[기재정정]주요사항보고서(전환사채권발행결정) | 주요사항보고서(전환사채권발행결정),,[기재정정]주요사항보고서(전환사채권발행결정)(-15) | [기재정정]최대주주변경을수반하는주식담보제공계약체결              (-5) | 주요사항보고서(전환사채권발행결정)(-15),2026-09-18: 주요사항보고서(전환사채매수선택권행사자지정) | 2026-09-08: 증권발행결과(자율공시)               | 2026-09-08: [기재정정]주요사항보고서(전환사채권발행결정) | 2026-09-01: 임원ㆍ주요주주특정증권등소유상황보고서 | 2026-09-01: 주식등의대량보유상황보고서(일반),13
드림어스컴퍼니,060570,-35,🚨 YES,주권매매거래정지해제              (액면병합 주권 변경상장),,[기재정정]최대주주변경을수반하는주식담보제공계약체결              (-5) | 주권매매거래정지해제              (액면병합 주권 변경상장)(-30),2026-09-01: 주식등의대량보유상황보고서(일반) | 2026-08-25: [기재정정]최대주주변경을수반하는주식담보제공계약체결               | 2026-08-24: 주권매매거래정지해제              (액면병합 주권 변경상장),3
화일약품,061250,-35,🚨 YES,주요사항보고서(전환사채권발행결정) | 주요사항보고서(유상증자결정),,주요사항보고서(전환사채권발행결정)(-15) | 주요사항보고서(유상증자결정)(-15) | 최대주주변경을수반하는주식양수도계약체결              (-5),2026-09-18: 주식등의대량보유상황보고서(일반) | 2026-09-18: 주식등의대량보유상황보고서(일반) | 2026-09-15: 주요사항보고서(전환사채권발행결정) | 2026-09-15: 주요사항보고서(유상증자결정) | 2026-09-15: 주주명부폐쇄기간또는기준일설정              ,8
우성,006980,-34,🚨 YES,매매거래정지및정지해제(중요내용공시)              ,[첨부정정]주요사항보고서(회사합병결정)(+3) | 주요사항보고서(회사합병결정)(+3),주요사항보고서(자기주식처분결정)(-10) | 매매거래정지및정지해제(중요내용공시)              (-30),2026-09-14: 주식등의대량보유상황보고서(약식) | 2026-09-09: [첨부정정]주요사항보고서(회사합병결정) | 2026-09-04: 타인에대한채무보증결정               | 2026-09-04: 주주명부폐쇄기간또는기준일설정               | 2026-09-04: 주주총회소집결의              ,8
원익홀딩스,030530,-30,🚨 YES,유상증자결정(종속회사의주요경영사항)              ,,주요사항보고서(자기주식처분결정)(자회사의 주요경영사항)              (-10) | [기재정정]최대주주변경을수반하는주식담보제공계약체결              (-5) | 유상증자결정(종속회사의주요경영사항)              (-15),2026-09-15: 주요사항보고서(자기주식처분결정)(자회사의 주요경영사항)               | 2026-09-04: 주식등의대량보유상황보고서(일반) | 2026-08-31: 특수관계인에대한자금대여 | 2026-08-28: [기재정정]최대주주변경을수반하는주식담보제공계약체결               | 2026-08-28: 주요사항보고서(풋백옵션등계약체결결정),7
이노벡스,279060,-30,🚨 YES,주권매매거래정지해제              (상장폐지에 따른 정리매매 개시),,주권매매거래정지해제              (상장폐지에 따른 정리매매 개시)(-30),2026-09-07: 주권매매거래정지해제              (상장폐지에 따른 정리매매 개시),1
세화피앤씨,252500,-30,🚨 YES,주권매매거래정지해제              (액면병합 주권 변경상장),,주권매매거래정지해제              (액면병합 주권 변경상장)(-30),2026-09-07: 독립이사의선임ㆍ해임또는중도퇴임에관한신고 | 2026-09-07: 임시주주총회결과               | 2026-09-07: 주식등의대량보유상황보고서(일반) | 2026-09-07: 임원ㆍ주요주주특정증권등소유상황보고서 | 2026-09-07: 임원ㆍ주요주주특정증권등소유상황보고서,10
대양금속,009190,-30,🚨 YES,[기재정정]주요사항보고서(유상증자결정) | 주요사항보고서(유상증자결정),,[기재정정]주요사항보고서(유상증자결정)(-15) | 주요사항보고서(유상증자결정)(-15),2026-09-08: 전환가액ㆍ신주인수권행사가액ㆍ교환가액의조정(안내공시)               | 2026-09-08: 전환가액ㆍ신주인수권행사가액ㆍ교환가액의조정(안내공시)               | 2026-09-08: 전환가액ㆍ신주인수권행사가액ㆍ교환가액의조정(안내공시)               | 2026-09-08: [기재정정]주식매수선택권부여에관한신고 | 2026-09-07: 유상증자또는주식관련사채등의발행결과(자율공시)              ,15
한주에이알티,058450,-30,🚨 YES,기타시장안내(관리종목지정우려종목)              (시가총액 200억원 미달),,기타시장안내(관리종목지정우려종목)              (시가총액 200억원 미달)(-30),2026-09-17: 대표이사변경               | 2026-09-08: 주식등의대량보유상황보고서(약식) | 2026-09-04: 주주명부폐쇄기간또는기준일설정               | 2026-09-04: 주주총회소집결의              (임시주주총회) | 2026-09-02: 기타시장안내(관리종목지정우려종목)              (시가총액 200억원 미달),6
아이톡시,052770,-30,🚨 YES,주권매매거래정지기간변경              (상장적격성 실질심사 대상결정),,주권매매거래정지기간변경              (상장적격성 실질심사 대상결정)(-30),2026-09-01: 주권매매거래정지기간변경              (상장적격성 실질심사 대상결정) | 2026-09-01: 기타시장안내              (상장적격성 실질심사 대상 결정) | 2026-08-31: 기타시장안내              (공시위반제재금 미납에 따른 가중벌점 부과),3
스코넥,276040,-30,🚨 YES,주권매매거래정지기간변경              (상장적격성 실질심사 대상 결정),,주권매매거래정지기간변경              (상장적격성 실질심사 대상 결정)(-30),2026-09-17: 주권매매거래정지기간변경              (상장적격성 실질심사 대상 결정) | 2026-09-17: 기타시장안내              (상장적격성 실질심사 대상 결정) | 2026-09-17: 소송등의판결ㆍ결정              ((경영권 분쟁 소송)(임시총회소집허가)) | 2026-09-17: 소송등의판결ㆍ결정(일정금액이상의청구)               | 2026-09-17: 소송등의제기ㆍ신청(경영권분쟁소송)              (임시총회소집허가),8
애경케미칼,161000,-30,🚨 YES,[기재정정]유상증자결정(종속회사의주요경영사항)               | [기재정정]유상증자결정(종속회사의주요경영사항)              ,,[기재정정]유상증자결정(종속회사의주요경영사항)              (-15) | [기재정정]유상증자결정(종속회사의주요경영사항)              (-15),2026-09-16: [기재정정]타법인주식및출자증권취득결정               | 2026-09-16: [기재정정]유상증자결정(종속회사의주요경영사항)               | 2026-08-31: 대규모기업집단현황공시[분기별공시(개별회사용)] | 2026-08-31: [기재정정]타법인주식및출자증권취득결정               | 2026-08-31: [기재정정]유상증자결정(종속회사의주요경영사항)              ,5
수성웹툰,084180,-30,🚨 YES,주권매매거래정지              (상장폐지 사유발생),,주권매매거래정지              (상장폐지 사유발생)(-30),2026-09-16: 주권매매거래정지              (상장폐지 사유발생) | 2026-09-09: 기타시장안내              (시가총액 미달에 따른 상장폐지 우려 관련 안내) | 2026-09-08: 주식등의대량보유상황보고서(일반) | 2026-09-08: 임원ㆍ주요주주특정증권등소유상황보고서 | 2026-09-08: 임원ㆍ주요주주특정증권등소유상황보고서,7
한국캐피탈,023760,-30,🚨 YES,주권매매거래정지해제              (액면병합 주권 변경상장),,주권매매거래정지해제              (액면병합 주권 변경상장)(-30),2026-09-16: 효력발생안내( 2026.9.8. 제출 일괄신고서 ) | 2026-09-08: 일괄신고서 | 2026-09-08: [기재정정]일괄신고서 | 2026-09-07: 주요사항보고서(자본으로인정되는채무증권발행결정) | 2026-09-07: 증권발행실적보고서,10
파루,043200,-30,🚨 YES,주권매매거래정지해제              (액면병합 주권 변경상장),,주권매매거래정지해제              (액면병합 주권 변경상장)(-30),2026-08-26: 주권매매거래정지해제              (액면병합 주권 변경상장) | 2026-08-25: 임원ㆍ주요주주특정증권등거래계획보고서,2
더라미,032860,-30,🚨 YES,주권매매거래정지해제              (액면병합 주권 변경상장),,주권매매거래정지해제              (액면병합 주권 변경상장)(-30),2026-09-08: 주식등의대량보유상황보고서(일반) | 2026-09-08: 임원ㆍ주요주주특정증권등소유상황보고서 | 2026-09-08: 임원ㆍ주요주주특정증권등소유상황보고서 | 2026-08-28: 주권매매거래정지해제              (액면병합 주권 변경상장),4
에이루트,096690,-30,🚨 YES,[기재정정]주요사항보고서(유상증자결정) | [기재정정]주요사항보고서(유상증자결정),,[기재정정]주요사항보고서(유상증자결정)(-15) | [기재정정]주요사항보고서(유상증자결정)(-15),2026-09-18: 주식등의대량보유상황보고서(일반) | 2026-09-15: [기재정정]타법인주식및출자증권처분결정               | 2026-09-04: 타법인주식및출자증권처분결정               | 2026-08-27: [기재정정]주요사항보고서(유상증자결정) | 2026-08-27: [기재정정]주요사항보고서(유상증자결정),5
랩지노믹스,084650,-30,🚨 YES,"주권매매거래정지              (주식의 병합, 분할 등 전자등록 변경, 말소)",,"주권매매거래정지              (주식의 병합, 분할 등 전자등록 변경, 말소)(-30)","2026-08-27: 주권매매거래정지              (주식의 병합, 분할 등 전자등록 변경, 말소)",1
하이퍼코퍼레이션,065650,-30,🚨 YES,[기재정정]주요사항보고서(유상증자결정) | 기타주요경영사항              (유상증자결정(주주배정후 실권주 일반공모)철회),,[기재정정]주요사항보고서(유상증자결정)(-15) | 기타주요경영사항              (유상증자결정(주주배정후 실권주 일반공모)철회)(-15),2026-09-17: [기재정정]주주총회소집결의               | 2026-09-08: [기재정정]주주명부폐쇄기간또는기준일설정               | 2026-09-08: [기재정정]주주총회소집결의               | 2026-09-03: [기재정정]주주총회소집결의              (임시주주총회) | 2026-09-02: 주식등의대량보유상황보고서(일반),9
누보,332290,-30,🚨 YES,주권매매거래정지해제              (액면병합 주권 변경상장),,주권매매거래정지해제              (액면병합 주권 변경상장)(-30),2026-09-11: 주권매매거래정지해제              (액면병합 주권 변경상장) | 2026-09-10: 임원ㆍ주요주주특정증권등소유상황보고서 | 2026-09-10: 임원ㆍ주요주주특정증권등소유상황보고서 | 2026-09-10: 임원ㆍ주요주주특정증권등소유상황보고서 | 2026-09-10: 임원ㆍ주요주주특정증권등소유상황보고서,11
중앙첨단소재,051980,-30,🚨 YES,주권매매거래정지              (주식병합),단일판매ㆍ공급계약체결              (+5),[기재정정]최대주주변경을수반하는주식담보제공계약체결              (-5) | 주권매매거래정지              (주식병합)(-30),2026-09-18: [기재정정]최대주주변경을수반하는주식담보제공계약체결               | 2026-09-10: 단일판매ㆍ공급계약체결               | 2026-09-08: 주권매매거래정지              (주식병합),3
하이딥,365590,-30,🚨 YES,주권매매거래정지해제              (액면병합 주권 변경상장),,주권매매거래정지해제              (액면병합 주권 변경상장)(-30),2026-09-15: 주권매매거래정지해제              (액면병합 주권 변경상장) | 2026-09-10: 주식등의대량보유상황보고서(일반) | 2026-09-10: 임원ㆍ주요주주특정증권등소유상황보고서 | 2026-09-10: 임원ㆍ주요주주특정증권등소유상황보고서 | 2026-09-10: 임원ㆍ주요주주특정증권등소유상황보고서,14
아즈텍WB,032080,-30,🚨 YES,"주권매매거래정지              (주식의 병합, 분할 등 전자등록 변경, 말소)",,"주권매매거래정지              (주식의 병합, 분할 등 전자등록 변경, 말소)(-30)","2026-09-10: 주권매매거래정지              (주식의 병합, 분할 등 전자등록 변경, 말소) | 2026-09-08: 임원ㆍ주요주주특정증권등소유상황보고서 | 2026-09-08: 임원ㆍ주요주주특정증권등소유상황보고서 | 2026-08-31: 주식등의대량보유상황보고서(일반)",4
체리부로,066360,-30,🚨 YES,주권매매거래정지해제              (액면병합 주권 변경상장),,주권매매거래정지해제              (액면병합 주권 변경상장)(-30),2026-09-01: [기재정정]주주총회소집결의              (임시주주총회) | 2026-09-01: [기재정정]주주명부폐쇄기간또는기준일설정               | 2026-08-28: 주주총회소집결의              (임시주주총회) | 2026-08-28: 주주명부폐쇄기간또는기준일설정               | 2026-08-27: 주권매매거래정지해제              (액면병합 주권 변경상장),6
LK삼양,225190,-30,🚨 YES,"주권매매거래정지              (주식의 병합, 분할 등 전자등록 변경, 말소)",,"주권매매거래정지              (주식의 병합, 분할 등 전자등록 변경, 말소)(-30)","2026-09-07: [기재정정]주식매수선택권부여에관한신고 | 2026-09-07: [기재정정]주식매수선택권부여에관한신고 | 2026-08-31: 주권매매거래정지              (주식의 병합, 분할 등 전자등록 변경, 말소)",3
지니틱스,303030,-30,🚨 YES,기타시장안내(관리종목지정우려종목)              (시가총액 200억원 미달),,기타시장안내(관리종목지정우려종목)              (시가총액 200억원 미달)(-30),2026-09-02: [기재정정]타법인주식및출자증권취득결정(자율공시)               | 2026-08-26: 기타시장안내(관리종목지정우려종목)              (시가총액 200억원 미달) | 2026-08-25: 타법인주식및출자증권취득결정(자율공시)              ,3
멤레이비티,072770,-30,🚨 YES,"기타시장안내(관리종목지정우려종목)              (주가 1,000원 미달)",,"기타시장안내(관리종목지정우려종목)              (주가 1,000원 미달)(-30)",2026-09-18: 독립이사의선임ㆍ해임또는중도퇴임에관한신고 | 2026-09-18: 대표이사변경               | 2026-09-18: 임시주주총회결과               | 2026-09-03: 의결권대리행사권유참고서류 | 2026-09-03: 주주총회소집공고,8
모비데이즈,363260,-30,🚨 YES,주권매매거래정지해제              (액면병합 주권 변경상장),,주권매매거래정지해제              (액면병합 주권 변경상장)(-30),2026-09-18: 주식등의대량보유상황보고서(일반) | 2026-09-18: 임원ㆍ주요주주특정증권등소유상황보고서 | 2026-09-10: 주식등의대량보유상황보고서(일반) | 2026-09-10: 임원ㆍ주요주주특정증권등소유상황보고서 | 2026-09-07: 주권매매거래정지해제              (액면병합 주권 변경상장),5
에이비온,203400,-30,🚨 YES,"주권매매거래정지기간변경              (주식의 병합, 분할 등 전자등록 변경, 말소)",,"주권매매거래정지기간변경              (주식의 병합, 분할 등 전자등록 변경, 말소)(-30)","2026-09-11: 불성실공시법인지정예고              (공시불이행) | 2026-09-08: 주권매매거래정지기간변경              (주식의 병합, 분할 등 전자등록 변경, 말소) | 2026-09-07: 기타시장안내              (실질심사 대상여부 결정을 위한 조사기간 연장 안내)",3
인베니아,079950,-30,🚨 YES,기타시장안내(관리종목지정우려종목)              (시가총액 200억원 미달),,기타시장안내(관리종목지정우려종목)              (시가총액 200억원 미달)(-30),2026-09-11: 주식등의대량보유상황보고서(일반) | 2026-09-04: 기타시장안내(관리종목지정우려종목)              (시가총액 200억원 미달) | 2026-08-28: 불성실공시법인지정              (공시불이행),3
링크솔루션,474650,-30,🚨 YES,[기재정정]주요사항보고서(전환사채권발행결정) | [기재정정]주요사항보고서(전환사채권발행결정) | 주요사항보고서(전환사채권발행결정),단일판매ㆍ공급계약체결              (+5) | [기재정정]단일판매ㆍ공급계약체결(자율공시)              (+5) | 단일판매ㆍ공급계약체결(자율공시)              (+5),[기재정정]주요사항보고서(전환사채권발행결정)(-15) | [기재정정]주요사항보고서(전환사채권발행결정)(-15) | 주요사항보고서(전환사채권발행결정)(-15),2026-09-17: [기재정정]주요사항보고서(전환사채권발행결정) | 2026-09-16: [기재정정]주요사항보고서(전환사채권발행결정) | 2026-09-14: 주요사항보고서(전환사채권발행결정) | 2026-08-31: 단일판매ㆍ공급계약체결               | 2026-08-25: [기재정정]단일판매ㆍ공급계약체결(자율공시)              ,6
코이즈,121850,-30,🚨 YES,주권매매거래정지              (상장폐지 사유발생),,주권매매거래정지              (상장폐지 사유발생)(-30),2026-09-15: 임원ㆍ주요주주특정증권등소유상황보고서 | 2026-09-11: 주식등의대량보유상황보고서(일반) | 2026-09-01: 주권매매거래정지              (상장폐지 사유발생) | 2026-08-25: 기타시장안내              (시가총액 미달에 따른 상장폐지 우려 관련 안내),4
휴림에이텍,078590,-30,🚨 YES,[기재정정]주요사항보고서(유상증자결정) | [기재정정]주요사항보고서(유상증자결정),,[기재정정]주요사항보고서(유상증자결정)(-15) | [기재정정]주요사항보고서(유상증자결정)(-15),2026-09-17: [기재정정]주주총회소집결의              (임시주주총회) | 2026-09-11: 주식등의대량보유상황보고서(약식) | 2026-09-07: [기재정정]주요사항보고서(유상증자결정) | 2026-09-03: 정정신고서제출요구( 2026.08.21. 제출 증권신고서(지분증권) ) | 2026-08-27: [기재정정]주주총회소집결의              (임시주주총회),8
디젠스,113810,-30,🚨 YES,기타시장안내              ((관리종목지정우려종목)(시가총액 200억원 미달)),,기타시장안내              ((관리종목지정우려종목)(시가총액 200억원 미달))(-30),2026-09-07: 주식등의대량보유상황보고서(일반) | 2026-09-07: 임원ㆍ주요주주특정증권등소유상황보고서 | 2026-08-28: 기타시장안내              ((관리종목지정우려종목)(시가총액 200억원 미달)),3
에쎈테크,043340,-30,🚨 YES,"기타시장안내(관리종목지정우려종목)              (주가 1,000원 미달)",,"기타시장안내(관리종목지정우려종목)              (주가 1,000원 미달)(-30)","2026-09-16: 주주총회소집공고 | 2026-09-14: 기타시장안내(관리종목지정우려종목)              (주가 1,000원 미달) | 2026-08-25: 주주명부폐쇄기간또는기준일설정               | 2026-08-25: 주주총회소집결의              (임시주주총회) | 2026-08-25: 주식병합결정              ",5
코맥스,036690,-30,🚨 YES,주권매매거래정지기간변경              (개선기간 부여),,주권매매거래정지기간변경              (개선기간 부여)(-30),2026-08-28: 단기차입금증가결정(자율공시)               | 2026-08-28: 타법인주식및출자증권취득결정               | 2026-08-25: 상장적격성실질심사관련주요개선계획(자율공시)               | 2026-08-24: 주권매매거래정지기간변경              (개선기간 부여) | 2026-08-24: 기타시장안내              (코스닥시장위원회 심의·의결 결과 및 개선기간 부여 안내),5
코아시아씨엠,196450,-30,🚨 YES,주권매매거래정지해제              (액면병합 주권 변경상장),,주권매매거래정지해제              (액면병합 주권 변경상장)(-30),2026-09-14: 임원ㆍ주요주주특정증권등소유상황보고서 | 2026-09-14: 임원ㆍ주요주주특정증권등소유상황보고서 | 2026-09-14: 임원ㆍ주요주주특정증권등소유상황보고서 | 2026-09-14: 임원ㆍ주요주주특정증권등소유상황보고서 | 2026-09-14: 임원ㆍ주요주주특정증권등소유상황보고서,7
코스나인,082660,-30,🚨 YES,주권매매거래정지해제              (상장폐지에 따른 정리매매 개시),,주권매매거래정지해제              (상장폐지에 따른 정리매매 개시)(-30),2026-09-08: 주권매매거래정지해제              (상장폐지에 따른 정리매매 개시) | 2026-09-08: 기타시장안내              (상장폐지결정 등 효력정지 가처분 신청 기각에 따른 정리매매절차 재개) | 2026-08-25: [기재정정]주주총회소집결의               | 2026-08-25: [기재정정]주주명부폐쇄기간또는기준일설정              ,4
원풍물산,008290,-30,🚨 YES,주권매매거래정지              (상장폐지사유 발생),,주권매매거래정지              (상장폐지사유 발생)(-30),2026-09-08: 주권매매거래정지              (상장폐지사유 발생) | 2026-09-01: 기타시장안내              (시가총액 미달에 따른 상장폐지 우려 관련 안내) | 2026-08-25: 기타시장안내              (시가총액 미달에 따른 상장폐지 우려 관련 안내) | 2026-08-24: 임원ㆍ주요주주특정증권등소유상황보고서 | 2026-08-24: 주식등의대량보유상황보고서(일반),7
신라에스지,025870,-30,🚨 YES,주권매매거래정지              (상장폐지 사유발생),,주권매매거래정지              (상장폐지 사유발생)(-30),2026-09-14: 기타시장안내              (상장폐지 및 정리매매 절차 미진행) | 2026-09-14: 주권매매거래정지              (상장폐지 사유발생) | 2026-09-11: 기타경영사항(자율공시)              (코넥스시장 이전상장 결정) | 2026-09-07: 기타시장안내              (시가총액 미달에 따른 상장폐지 우려 관련 안내) | 2026-08-31: 기타시장안내              (시가총액 미달에 따른 상장폐지 우려 관련 안내),5
아틀라스링크,297570,-30,🚨 YES,주권매매거래정지해제              (액면병합 주권 변경상장),,주권매매거래정지해제              (액면병합 주권 변경상장)(-30),2026-09-11: 주권매매거래정지해제              (액면병합 주권 변경상장) | 2026-09-07: 임원ㆍ주요주주특정증권등소유상황보고서 | 2026-08-31: 임원ㆍ주요주주특정증권등소유상황보고서,3
앤씨앤,092600,-30,🚨 YES,[기재정정]주요사항보고서(유상증자결정) | 주요사항보고서(유상증자결정),,[기재정정]주요사항보고서(유상증자결정)(-15) | 주요사항보고서(유상증자결정)(-15),2026-09-18: [기재정정]주요사항보고서(유상증자결정) | 2026-09-16: 주요사항보고서(유상증자결정),2
제이케이시냅스,060230,-30,🚨 YES,[기재정정]주요사항보고서(전환사채권발행결정) | [기재정정]주요사항보고서(전환사채권발행결정),,[기재정정]주요사항보고서(전환사채권발행결정)(-15) | [기재정정]주요사항보고서(전환사채권발행결정)(-15),2026-09-17: 주주총회소집공고 | 2026-09-16: [기재정정]주주총회소집결의              (임시주주총회) | 2026-09-10: [기재정정]주요사항보고서(자기전환사채매도결정) | 2026-09-10: [기재정정]주요사항보고서(자기전환사채매도결정) | 2026-09-07: 전환가액의조정              (제30회차),9
대림제지,017650,-30,🚨 YES,"주권매매거래정지              (주식의 병합, 분할 등 전자등록 변경, 말소)",,"주권매매거래정지              (주식의 병합, 분할 등 전자등록 변경, 말소)(-30)","2026-09-15: 주권매매거래정지              (주식의 병합, 분할 등 전자등록 변경, 말소) | 2026-09-04: 임시주주총회결과              ",2
유엑스엔,337840,-30,🚨 YES,[기재정정]주요사항보고서(유상증자결정) | [기재정정]주요사항보고서(전환사채권발행결정),,[기재정정]주요사항보고서(유상증자결정)(-15) | [기재정정]주요사항보고서(전환사채권발행결정)(-15),2026-09-14: 불성실공시법인지정              (공시번복) | 2026-09-02: 불성실공시법인지정예고              (공시번복) | 2026-08-27: [기재정정]주요사항보고서(유상증자결정) | 2026-08-21: [기재정정]주요사항보고서(전환사채권발행결정),4
한국주강,025890,-30,🚨 YES,투자유의안내              (관리종목지정 우려 예고),,투자유의안내              (관리종목지정 우려 예고)(-30),2026-09-17: 투자유의안내              (관리종목지정 우려 예고) | 2026-09-15: 유형자산처분결정              ,2
미스터블루,207760,-30,🚨 YES,주권매매거래정지해제              (액면병합 주권 변경상장),,주권매매거래정지해제              (액면병합 주권 변경상장)(-30),2026-09-01: 주권매매거래정지해제              (액면병합 주권 변경상장),1
한국유니온제약,080720,-30,🚨 YES,주권매매거래정지기간변경              (투자자 보호),,주권매매거래정지기간변경              (투자자 보호)(-30),2026-09-16: [기재정정]주주총회소집결의               | 2026-09-01: 주주총회소집결의              (임시주주총회) | 2026-09-01: 주주명부폐쇄기간또는기준일설정               | 2026-08-31: 기타시장안내              (관리종목 지정 사유 일부 해제 관련 시장조치 미진행) | 2026-08-31: 회생절차종결결정              ,7
미트박스,475460,-30,🚨 YES,주권매매거래정지              (무상증자),,주권매매거래정지              (무상증자)(-30),2026-09-15: 권리락              (무상증자) | 2026-09-14: 주식등의대량보유상황보고서(약식) | 2026-09-03: 임원ㆍ주요주주특정증권등거래계획보고서 | 2026-09-02: 주주명부폐쇄기간또는기준일설정               | 2026-09-02: 주요사항보고서(무상증자결정),6
파인텍,131760,-30,🚨 YES,기타시장안내(관리종목지정우려종목)              (시가총액 200억원 미달),,기타시장안내(관리종목지정우려종목)              (시가총액 200억원 미달)(-30),2026-08-31: 기타시장안내(관리종목지정우려종목)              (시가총액 200억원 미달),1
노을,376930,-30,🚨 YES,주권매매거래정지해제              (액면병합 주권 변경상장),,주권매매거래정지해제              (액면병합 주권 변경상장)(-30),2026-09-10: 주식등의대량보유상황보고서(일반) | 2026-09-10: 임원ㆍ주요주주특정증권등소유상황보고서 | 2026-09-10: 임원ㆍ주요주주특정증권등소유상황보고서 | 2026-09-10: 임원ㆍ주요주주특정증권등소유상황보고서 | 2026-09-10: 임원ㆍ주요주주특정증권등소유상황보고서,10
아스트,067390,-30,🚨 YES,주권매매거래정지해제              (액면병합 주권 변경상장),,주권매매거래정지해제              (액면병합 주권 변경상장)(-30),2026-08-27: 주권매매거래정지해제              (액면병합 주권 변경상장),1
아이텍,119830,-30,🚨 YES,[기재정정]주요사항보고서(유상증자결정) | [기재정정]주요사항보고서(유상증자결정),,[기재정정]주요사항보고서(유상증자결정)(-15) | [기재정정]주요사항보고서(유상증자결정)(-15),2026-09-18: 전환사채(해외전환사채포함)발행후만기전사채취득               | 2026-09-11: 기타주요경영사항              (제3자배정 유상증자 결정 철회) | 2026-09-11: [기재정정]주요사항보고서(유상증자결정) | 2026-08-31: [기재정정]주요사항보고서(유상증자결정),4
옴니시스템,057540,-30,🚨 YES,"주권매매거래정지              (주식의 병합, 분할 등 전자등록 변경, 말소)",,"주권매매거래정지              (주식의 병합, 분할 등 전자등록 변경, 말소)(-30)","2026-09-18: 주권매매거래정지              (주식의 병합, 분할 등 전자등록 변경, 말소) | 2026-08-28: 임시주주총회결과               | 2026-08-21: 자기주식취득결과보고서",3
샤페론,378800,-30,🚨 YES,"주권매매거래정지              (주식의 병합, 분할 등 전자등록 변경, 말소)",,"주권매매거래정지              (주식의 병합, 분할 등 전자등록 변경, 말소)(-30)","2026-09-01: 주권매매거래정지              (주식의 병합, 분할 등 전자등록 변경, 말소)",1
그리드위즈,453450,-30,🚨 YES,주요사항보고서(전환사채권발행결정) | 주요사항보고서(전환사채권발행결정),,주요사항보고서(전환사채권발행결정)(-15) | 주요사항보고서(전환사채권발행결정)(-15),2026-09-08: 주식등의대량보유상황보고서(약식) | 2026-09-03: 주식등의대량보유상황보고서(약식) | 2026-09-01: 증권발행결과(자율공시)              (제2회차 CB) | 2026-09-01: 증권발행결과(자율공시)              (제1회차 CB) | 2026-08-24: 주요사항보고서(전환사채권발행결정),6
에이프로젠바이오로직스,003060,-30,🚨 YES,[기재정정]주요사항보고서(유상증자결정) | 주요사항보고서(유상증자결정),,[기재정정]주요사항보고서(유상증자결정)(-15) | 주요사항보고서(유상증자결정)(-15),2026-09-11: [기재정정]주요사항보고서(유상증자결정) | 2026-09-11: 주식등의대량보유상황보고서(일반) | 2026-09-03: 주요사항보고서(유상증자결정) | 2026-09-02: 임원ㆍ주요주주특정증권등소유상황보고서 | 2026-09-02: 주식등의대량보유상황보고서(일반),7
인산가,277410,-30,🚨 YES,[기재정정]주요사항보고서(유상증자결정) | [기재정정]주요사항보고서(유상증자결정),,[기재정정]주요사항보고서(유상증자결정)(-15) | [기재정정]주요사항보고서(유상증자결정)(-15),2026-09-18: [기재정정]주요사항보고서(유상증자결정) | 2026-09-17: [기재정정]주요사항보고서(유상증자결정) | 2026-09-08: 신주인수권행사가액의조정              ,3
엑스페릭스,317770,-30,🚨 YES,[기재정정]주요사항보고서(전환사채권발행결정) | [기재정정]주요사항보고서(전환사채권발행결정),,[기재정정]주요사항보고서(전환사채권발행결정)(-15) | [기재정정]주요사항보고서(전환사채권발행결정)(-15),2026-09-11: [기재정정]주요사항보고서(전환사채권발행결정) | 2026-09-11: [기재정정]주요사항보고서(전환사채권발행결정) | 2026-08-24: 전환가액의조정              (제4회차),3
SKAI,357880,-30,🚨 YES,[기재정정]주요사항보고서(유상증자결정) | 주요사항보고서(유상증자결정),,[기재정정]주요사항보고서(유상증자결정)(-15) | 주요사항보고서(유상증자결정)(-15),2026-09-17: 소액공모실적보고서 | 2026-09-17: 증권발행결과(자율공시)               | 2026-09-15: [기재정정]주요사항보고서(유상증자결정) | 2026-09-15: [기재정정]소액공모공시서류(지분증권) | 2026-09-15: 유상증자최종발행가액확정              ,7
우리엔터프라이즈,037400,-30,🚨 YES,주권매매거래정지해제              (액면병합 주권 변경상장),,주권매매거래정지해제              (액면병합 주권 변경상장)(-30),2026-09-04: 주권매매거래정지해제              (액면병합 주권 변경상장),1
엔비알모션,0004V0,-30,🚨 YES,[기재정정]주요사항보고서(전환사채권발행결정) | 주요사항보고서(전환사채권발행결정),,[기재정정]주요사항보고서(전환사채권발행결정)(-15) | 주요사항보고서(전환사채권발행결정)(-15),2026-09-15: [기재정정]주요사항보고서(전환사채권발행결정) | 2026-09-15: 임원ㆍ주요주주특정증권등소유상황보고서 | 2026-09-15: 주식등의대량보유상황보고서(일반) | 2026-09-15: 주식등의대량보유상황보고서(약식) | 2026-09-15: 임원ㆍ주요주주특정증권등소유상황보고서,8
비케이홀딩스,050090,-30,🚨 YES,주요사항보고서(유상증자결정) | 주요사항보고서(유상증자결정),,주요사항보고서(유상증자결정)(-15) | 주요사항보고서(유상증자결정)(-15),2026-09-18: 독립이사의선임ㆍ해임또는중도퇴임에관한신고 | 2026-09-18: 대표이사변경               | 2026-09-18: 임시주주총회결과               | 2026-09-18: [기재정정]주주총회소집결의              (임시주주총회) | 2026-09-18: 임원ㆍ주요주주특정증권등소유상황보고서,12
우리바이오,082850,-30,🚨 YES,주권매매거래정지해제              (액면병합 주권 변경상장),,주권매매거래정지해제              (액면병합 주권 변경상장)(-30),2026-09-04: 주권매매거래정지해제              (액면병합 주권 변경상장),1
다산솔루에타,154040,-30,🚨 YES,"주권매매거래정지              (주식의 병합, 분할 등 전자등록 변경, 말소)",,"주권매매거래정지              (주식의 병합, 분할 등 전자등록 변경, 말소)(-30)",2026-09-04: 임원ㆍ주요주주특정증권등소유상황보고서 | 2026-09-04: 주식등의대량보유상황보고서(일반) | 2026-09-04: 임원ㆍ주요주주특정증권등소유상황보고서 | 2026-08-28: 임원ㆍ주요주주특정증권등소유상황보고서 | 2026-08-28: 주식등의대량보유상황보고서(일반),8
베셀,177350,-30,🚨 YES,기타시장안내              ((관리종목지정우려종목)(시가총액 200억원 미달)),,기타시장안내              ((관리종목지정우려종목)(시가총액 200억원 미달))(-30),2026-09-09: 신탁계약해지결과보고서 | 2026-09-09: [기재정정]주요사항보고서(자기주식취득신탁계약해지결정) | 2026-09-09: 주요사항보고서(자기주식취득신탁계약해지결정) | 2026-08-31: 전환가액의조정              (제10회차) | 2026-08-28: 기타시장안내              ((관리종목지정우려종목)(시가총액 200억원 미달)),5
우듬지팜,403490,-30,🚨 YES,주권매매거래정지해제              (액면병합 주권 변경상장),,주권매매거래정지해제              (액면병합 주권 변경상장)(-30),2026-08-28: 신탁계약에의한취득상황보고서 | 2026-08-26: 주권매매거래정지해제              (액면병합 주권 변경상장),2
와이즈버즈,273060,-30,🚨 YES,주권매매거래정지해제              (액면병합 주권 변경상장),,주권매매거래정지해제              (액면병합 주권 변경상장)(-30),2026-09-09: 임원ㆍ주요주주특정증권등소유상황보고서 | 2026-09-09: 임원ㆍ주요주주특정증권등소유상황보고서 | 2026-09-09: 주식등의대량보유상황보고서(일반) | 2026-09-09: 임원ㆍ주요주주특정증권등소유상황보고서 | 2026-09-09: 임원ㆍ주요주주특정증권등소유상황보고서,12
시지메드텍,056090,-30,🚨 YES,"주권매매거래정지              (주식의 병합, 분할 등 전자등록 변경, 말소)",,"주권매매거래정지              (주식의 병합, 분할 등 전자등록 변경, 말소)(-30)","2026-09-11: 임원ㆍ주요주주특정증권등소유상황보고서 | 2026-09-11: 주식등의대량보유상황보고서(일반) | 2026-09-07: 주권매매거래정지              (주식의 병합, 분할 등 전자등록 변경, 말소)",3
바른손이앤에이,035620,-30,🚨 YES,[기재정정]주요사항보고서(유상증자결정) | 주요사항보고서(유상증자결정),,[기재정정]주요사항보고서(유상증자결정)(-15) | 주요사항보고서(유상증자결정)(-15),2026-09-15: 임원ㆍ주요주주특정증권등거래계획보고서 | 2026-09-15: [기재정정]주요사항보고서(유상증자결정) | 2026-09-15: 기타주요경영사항              (제3자 배정 유상증자 결정 철회) | 2026-09-09: 주요사항보고서(유상증자결정),4
시그네틱스,033170,-30,🚨 YES,주권매매거래정지해제              (액면병합 주권 변경상장),,주권매매거래정지해제              (액면병합 주권 변경상장)(-30),2026-09-09: 임원ㆍ주요주주특정증권등소유상황보고서 | 2026-09-09: 임원ㆍ주요주주특정증권등소유상황보고서 | 2026-09-07: 임원ㆍ주요주주특정증권등소유상황보고서 | 2026-08-31: 대규모기업집단현황공시[분기별공시(개별회사용)] | 2026-08-25: 주권매매거래정지해제              (액면병합 주권 변경상장),5
SDN,099220,-30,🚨 YES,주권매매거래정지해제              (액면병합 주권 변경상장),,주권매매거래정지해제              (액면병합 주권 변경상장)(-30),2026-09-17: 주권매매거래정지해제              (액면병합 주권 변경상장),1
신영해피투모로우제10호기업인수목적,472220,-30,🚨 YES,주권매매거래정지              (상장폐지 사유발생),,주권매매거래정지              (상장폐지 사유발생)(-30),2026-09-11: 주요사항보고서(해산사유발생) | 2026-09-03: 주식등의대량보유상황보고서(약식) | 2026-09-01: 기타경영사항(자율공시)              ((청산관련 주요사항 안내)) | 2026-08-31: 주권매매거래정지              (상장폐지 사유발생) | 2026-08-24: 기타시장안내              (주권 상장폐지 우려 예고),5
에스제이그룹,306040,-30,🚨 YES,기타시장안내(관리종목지정우려종목)              (시가총액 200억원 미달),,기타시장안내(관리종목지정우려종목)              (시가총액 200억원 미달)(-30),2026-09-08: 임원ㆍ주요주주특정증권등소유상황보고서 | 2026-09-08: 주식등의대량보유상황보고서(일반) | 2026-09-02: 임원ㆍ주요주주특정증권등소유상황보고서 | 2026-09-02: 주식등의대량보유상황보고서(일반) | 2026-08-27: 기타시장안내(관리종목지정우려종목)              (시가총액 200억원 미달),7
빌리언스,044480,-30,🚨 YES,주권매매거래정지해제              (액면병합 주권 변경상장),,주권매매거래정지해제              (액면병합 주권 변경상장)(-30),2026-09-14: 주주총회소집결의              (임시주주총회) | 2026-09-14: 대표이사변경               | 2026-09-14: 주주명부폐쇄기간또는기준일설정               | 2026-09-10: 주식등의대량보유상황보고서(약식) | 2026-09-07: 주권매매거래정지해제              (액면병합 주권 변경상장),7
한울앤제주,276730,-30,🚨 YES,[기재정정]주요사항보고서(전환사채권발행결정) | [기재정정]주요사항보고서(전환사채권발행결정),,[기재정정]주요사항보고서(전환사채권발행결정)(-15) | [기재정정]주요사항보고서(전환사채권발행결정)(-15),2026-09-04: [기재정정]주요사항보고서(타법인주식및출자증권양수결정) | 2026-09-04: [기재정정]주요사항보고서(전환사채권발행결정) | 2026-09-01: [기재정정]주요사항보고서(전환사채권발행결정),3
조이웍스앤코,309930,-30,🚨 YES,기타시장안내(관리종목지정우려종목)              (시가총액 200억원 미달),,기타시장안내(관리종목지정우려종목)              (시가총액 200억원 미달)(-30),2026-09-07: 기타시장안내(관리종목지정우려종목)              (시가총액 200억원 미달),1
해태제과식품,101530,-30,🚨 YES,매매거래정지및정지해제(풍문등조회공시)              ,,매매거래정지및정지해제(풍문등조회공시)              (-30),2026-09-17: [기재정정]기타시장안내              (상장적격성 실질심사 사유 발생) | 2026-09-17: [기재정정]기타시장안내              (상장적격성 실질심사 사유 발생) | 2026-09-17: 기타시장안내              (상장적격성 실질심사 사유 발생) | 2026-09-17: 회계처리기준위반에따른검찰고발등조치               | 2026-09-16: 조회공시요구(풍문또는보도)              ,6
탑선,180060,-30,🚨 YES,[첨부정정]주요사항보고서(전환사채권발행결정) | [기재정정]주요사항보고서(전환사채권발행결정),,[첨부정정]주요사항보고서(전환사채권발행결정)(-15) | [기재정정]주요사항보고서(전환사채권발행결정)(-15),2026-09-16: 기업설명회(IR)개최               | 2026-08-26: [첨부정정]주요사항보고서(전환사채권발행결정) | 2026-08-26: [기재정정]주요사항보고서(전환사채권발행결정) | 2026-08-21: 주식등의대량보유상황보고서(일반) | 2026-08-21: 주식등의대량보유상황보고서(일반),5
조아제약,034940,-30,🚨 YES,주권매매거래정지해제              (액면병합 주권 변경상장),,주권매매거래정지해제              (액면병합 주권 변경상장)(-30),2026-08-26: 주권매매거래정지해제              (액면병합 주권 변경상장),1
신라섬유,001000,-30,🚨 YES,주권매매거래정지해제              (액면병합 주권 변경상장),,주권매매거래정지해제              (액면병합 주권 변경상장)(-30),2026-09-15: 기타시장안내              (관리종목 지정사유 추가우려)(시가총액 200억원 미달) | 2026-09-10: 주권매매거래정지해제              (액면병합 주권 변경상장) | 2026-09-09: 임원ㆍ주요주주특정증권등소유상황보고서 | 2026-09-09: 임원ㆍ주요주주특정증권등소유상황보고서 | 2026-09-09: 임원ㆍ주요주주특정증권등소유상황보고서,5
자이글,234920,-30,🚨 YES,주권매매거래정지기간변경              (상장폐지 사유 발생),,주권매매거래정지기간변경              (상장폐지 사유 발생)(-30),2026-09-18: 주권매매거래정지기간변경              (상장폐지 사유 발생) | 2026-09-18: 기타시장안내              (기업심사위원회 개최 결과 안내) | 2026-08-21: 기타시장안내              (개선계획 이행내역서 제출),3
윙스풋,335870,-30,🚨 YES,주권매매거래정지해제              (액면병합 주권 변경상장),,주권매매거래정지해제              (액면병합 주권 변경상장)(-30),2026-09-08: 임원ㆍ주요주주특정증권등소유상황보고서 | 2026-09-03: 주식등의대량보유상황보고서(일반) | 2026-09-03: 임원ㆍ주요주주특정증권등소유상황보고서 | 2026-09-03: 임원ㆍ주요주주특정증권등소유상황보고서 | 2026-09-03: 임원ㆍ주요주주특정증권등소유상황보고서,7
하나32호스팩,475240,-30,🚨 YES,기타시장안내(관리종목지정우려종목)              ,,기타시장안내(관리종목지정우려종목)              (-30),2026-09-11: 기타시장안내(관리종목지정우려종목)              ,1
큐에이드,377460,-30,🚨 YES,주권매매거래정지기간변경              (상장폐지 사유 발생),,주권매매거래정지기간변경              (상장폐지 사유 발생)(-30),2026-09-18: 주권매매거래정지기간변경              (상장폐지 사유 발생) | 2026-09-18: 기타시장안내              (기업심사위원회 개최 결과 안내) | 2026-08-25: 기타시장안내              (개선계획 이행내역서 제출) | 2026-08-25: [기재정정]반기보고서 (2026.06) | 2026-08-21: [기재정정]타법인주식및출자증권취득결정              ,5
교보15호기업인수목적,465320,-30,🚨 YES,주권매매거래정지              (상장폐지 사유발생),,주권매매거래정지              (상장폐지 사유발생)(-30),2026-09-15: 주요사항보고서(해산사유발생) | 2026-09-11: 주식등의대량보유상황보고서(약식) | 2026-09-03: 기타경영사항(자율공시)              (청산 관련 주요사항 안내) | 2026-09-02: 주권매매거래정지              (상장폐지 사유발생) | 2026-08-27: 주식등의대량보유상황보고서(약식),6
에코글로우,159910,-30,🚨 YES,[기재정정]주요사항보고서(유상증자결정) | 주요사항보고서(유상증자결정),,[기재정정]주요사항보고서(유상증자결정)(-15) | 주요사항보고서(유상증자결정)(-15),2026-09-17: 주식등의대량보유상황보고서(일반) | 2026-09-17: 임원ㆍ주요주주특정증권등소유상황보고서 | 2026-09-17: 주요사항보고서(자기전환사채만기전취득결정) | 2026-09-17: [기재정정]주요사항보고서(유상증자결정) | 2026-08-26: 주요사항보고서(유상증자결정),6
LG생활건강,051900,-30,🚨 YES,[기재정정]유상증자결정(종속회사의주요경영사항)               | 유상증자결정(종속회사의주요경영사항)              ,,[기재정정]유상증자결정(종속회사의주요경영사항)              (-15) | 유상증자결정(종속회사의주요경영사항)              (-15),2026-09-01: [기재정정]유상증자결정(종속회사의주요경영사항)               | 2026-09-01: [기재정정]타법인주식및출자증권취득결정(종속회사의주요경영사항)               | 2026-09-01: [기재정정]타법인주식및출자증권처분결정(자율공시)(종속회사의주요경영사항)               | 2026-08-28: 대규모기업집단현황공시[분기별공시(개별회사용)] | 2026-08-24: 기업설명회(IR)개최(안내공시)              ,8
핑거스토리,417180,-30,🚨 YES,기타시장안내(관리종목지정우려종목)              (시가총액 200억원 미달),,기타시장안내(관리종목지정우려종목)              (시가총액 200억원 미달)(-30),2026-09-10: 기타시장안내(관리종목지정우려종목)              (시가총액 200억원 미달) | 2026-08-31: 임원ㆍ주요주주특정증권등소유상황보고서 | 2026-08-31: 주식등의대량보유상황보고서(일반) | 2026-08-25: 증권발행결과(자율공시)              ,4
프롬바이오,377220,-30,🚨 YES,기타시장안내(관리종목지정우려종목)              (시가총액 200억원 미달),,기타시장안내(관리종목지정우려종목)              (시가총액 200억원 미달)(-30),2026-09-18: 주식등의대량보유상황보고서(일반) | 2026-09-18: 임원ㆍ주요주주특정증권등소유상황보고서 | 2026-09-16: 기타시장안내(관리종목지정우려종목)              (시가총액 200억원 미달),3
캠시스,050110,-30,🚨 YES,"주권매매거래정지              (주식의 병합, 분할 등 전자등록 변경, 말소)",,"주권매매거래정지              (주식의 병합, 분할 등 전자등록 변경, 말소)(-30)","2026-09-08: 주권매매거래정지              (주식의 병합, 분할 등 전자등록 변경, 말소) | 2026-08-25: 전환가액의조정              ",2
덕신이피씨,090410,-30,🚨 YES,주권매매거래정지해제              (액면병합 주권 변경상장),,주권매매거래정지해제              (액면병합 주권 변경상장)(-30),2026-09-08: 임원ㆍ주요주주특정증권등소유상황보고서 | 2026-09-08: 주식등의대량보유상황보고서(일반) | 2026-08-31: 대표이사변경               | 2026-08-28: 주권매매거래정지해제              (액면병합 주권 변경상장),4
다산디엠씨,208860,-30,🚨 YES,"주권매매거래정지              (주식의 병합, 분할 등 전자등록 변경, 말소)",,"주권매매거래정지              (주식의 병합, 분할 등 전자등록 변경, 말소)(-30)","2026-09-09: 주식등의대량보유상황보고서(일반) | 2026-09-09: 임원ㆍ주요주주특정증권등소유상황보고서 | 2026-09-01: 임원ㆍ주요주주특정증권등소유상황보고서 | 2026-08-28: 주식등의대량보유상황보고서(일반) | 2026-08-28: 주권매매거래정지              (주식의 병합, 분할 등 전자등록 변경, 말소)",6
아이씨에이치,368600,-30,🚨 YES,"주권매매거래정지              (주식의 병합, 분할 등 전자등록 변경, 말소)",,"주권매매거래정지              (주식의 병합, 분할 등 전자등록 변경, 말소)(-30)","2026-09-16: [기재정정]주식매수선택권부여에관한신고 | 2026-09-16: 임원ㆍ주요주주특정증권등소유상황보고서 | 2026-09-16: 임원ㆍ주요주주특정증권등소유상황보고서 | 2026-09-09: 주권매매거래정지              (주식의 병합, 분할 등 전자등록 변경, 말소) | 2026-09-01: 임원ㆍ주요주주특정증권등소유상황보고서",7
모바일어플라이언스,087260,-30,🚨 YES,주권매매거래정지기간변경              (상장적격성 실질심사 대상 결정),,주권매매거래정지기간변경              (상장적격성 실질심사 대상 결정)(-30),2026-09-16: 주식병합결정               | 2026-09-16: [기재정정]주주총회소집결의              (임시주주총회) | 2026-09-10: 소송등의판결ㆍ결정(일정금액이상의청구)               | 2026-09-01: 주권매매거래정지기간변경              (상장적격성 실질심사 대상 결정) | 2026-09-01: 기타시장안내              ( 상장적격성 실질심사 대상 결정 ),6
코퍼스코리아,322780,-30,🚨 YES,기타시장안내(관리종목지정우려종목)              (시가총액 200억원 미달),,기타시장안내(관리종목지정우려종목)              (시가총액 200억원 미달)(-30),2026-09-18: 타법인주식및출자증권취득결정               | 2026-09-17: [기재정정]전환청구권행사              (제4회차) | 2026-09-10: 전환청구권행사              (제4회차) | 2026-09-04: 소송등의판결ㆍ결정              (전환사채발행금지 가처분 신청) | 2026-09-04: 소송등의판결ㆍ결정              (신주발행금지 가처분-항고),12
자비스,254120,-30,🚨 YES,"주권매매거래정지              (주식의 병합, 분할 등 전자등록 변경, 말소)",,"주권매매거래정지              (주식의 병합, 분할 등 전자등록 변경, 말소)(-30)","2026-09-18: 주권매매거래정지              (주식의 병합, 분할 등 전자등록 변경, 말소) | 2026-09-10: 주식등의대량보유상황보고서(일반) | 2026-09-10: 임원ㆍ주요주주특정증권등소유상황보고서 | 2026-09-10: 임시주주총회결과               | 2026-09-03: 임원ㆍ주요주주특정증권등소유상황보고서",8
경남제약,053950,-30,🚨 YES,[기재정정]주요사항보고서(유상증자결정) | [기재정정]주요사항보고서(유상증자결정),,[기재정정]주요사항보고서(유상증자결정)(-15) | [기재정정]주요사항보고서(유상증자결정)(-15),2026-09-18: [기재정정]주주명부폐쇄기간또는기준일설정               | 2026-09-18: [기재정정]주요사항보고서(유상증자결정) | 2026-09-16: 정정신고서제출요구( 2026.09.07. 제출 증권신고서(지분증권) ) | 2026-09-07: [정정제출요구][기재정정]증권신고서(지분증권) | 2026-09-07: [기재정정]주주명부폐쇄기간또는기준일설정              ,6
교보16호스팩,482520,-27,🚨 YES,주권매매거래정지              (SPAC 합병(예비심사청구대상)),주요사항보고서(회사합병결정)(+3),주권매매거래정지              (SPAC 합병(예비심사청구대상))(-30),2026-09-18: 주요사항보고서(회사합병결정) | 2026-09-18: 주권매매거래정지              (SPAC 합병(예비심사청구대상)) | 2026-09-01: 대표이사변경               | 2026-09-01: 기업인수목적회사의임원사임               | 2026-09-01: 임시주주총회결과              ,5
키움제11호스팩,489480,-27,🚨 YES,주권매매거래정지              (SPAC 합병(예비심사청구대상)),주요사항보고서(회사합병결정)(+3),주권매매거래정지              (SPAC 합병(예비심사청구대상))(-30),2026-09-10: 주요사항보고서(회사합병결정) | 2026-09-10: 주권매매거래정지              (SPAC 합병(예비심사청구대상)) | 2026-08-25: 주식등의대량보유상황보고서(약식),3
에어부산,298690,-27,🚨 YES,매매거래정지및정지해제(중요내용공시)              ,주요사항보고서(회사합병결정)(+3),매매거래정지및정지해제(중요내용공시)              (-30),2026-08-28: 대규모기업집단현황공시[분기별공시(개별회사용)] | 2026-08-21: 주주명부폐쇄기간또는기준일설정               | 2026-08-21: 주주총회소집결의               | 2026-08-21: 주요사항보고서(회사합병결정) | 2026-08-21: 매매거래정지및정지해제(중요내용공시)              ,5
진에어,272450,-27,🚨 YES,매매거래정지및정지해제(중요내용공시)              ,주요사항보고서(회사합병결정)(+3),매매거래정지및정지해제(중요내용공시)              (-30),2026-08-28: 대규모기업집단현황공시[분기별공시(개별회사용)] | 2026-08-21: 주주명부폐쇄기간또는기준일설정               | 2026-08-21: 주주총회소집결의               | 2026-08-21: 주요사항보고서(회사합병결정) | 2026-08-21: 매매거래정지및정지해제(중요내용공시)              ,5
젬백스,082270,-25,🚨 YES,[기재정정]주요사항보고서(유상증자결정),,주요사항보고서(자기주식처분결정)(-10) | [기재정정]주요사항보고서(유상증자결정)(-15),2026-09-18: 임원ㆍ주요주주특정증권등소유상황보고서 | 2026-09-18: 임원ㆍ주요주주특정증권등소유상황보고서 | 2026-09-18: 임원ㆍ주요주주특정증권등소유상황보고서 | 2026-09-18: 임원ㆍ주요주주특정증권등소유상황보고서 | 2026-09-18: 임원ㆍ주요주주특정증권등소유상황보고서,16
이엠앤아이,083470,-25,🚨 YES,[기재정정]주요사항보고서(유상증자결정),,[기재정정]주요사항보고서(유상증자결정)(-15) | [기재정정]최대주주변경을수반하는주식양수도계약체결              (-5) | [기재정정]최대주주변경을수반하는주식양수도계약체결              (-5),2026-09-18: 조회공시요구(현저한시황변동)에대한답변(미확정)               | 2026-09-16: [기재정정]주주총회소집결의              (임시주주총회) | 2026-09-16: [기재정정]주요사항보고서(유상증자결정) | 2026-09-16: [기재정정]최대주주변경을수반하는주식양수도계약체결               | 2026-09-07: 의결권대리행사권유참고서류,12
MH에탄올,023150,-25,🚨 YES,매매거래정지및정지해제(중요내용공시)              ,주식소각결정              (+5),매매거래정지및정지해제(중요내용공시)              (-30),2026-08-25: 주식소각결정               | 2026-08-25: 매매거래정지및정지해제(중요내용공시)              ,2
제이스로보틱스,090470,-25,🚨 YES,주권매매거래정지              (단일판매공급계약),단일판매ㆍ공급계약체결              (+5),주권매매거래정지              (단일판매공급계약)(-30),2026-09-02: 주권매매거래정지              (단일판매공급계약) | 2026-09-02: 단일판매ㆍ공급계약체결              ,2
유니슨,018000,-25,🚨 YES,주권매매거래정지              (단일판매공급계약),단일판매ㆍ공급계약체결              (+5),주권매매거래정지              (단일판매공급계약)(-30),2026-09-18: 의결권대리행사권유참고서류 | 2026-09-15: 주식등의대량보유상황보고서(약식) | 2026-09-08: 의결권대리행사권유참고서류 | 2026-09-08: 주주총회소집공고 | 2026-09-08: [기재정정]주주총회소집결의              (임시주주총회),13
나노실리칸첨단소재,286750,-25,🚨 YES,주권매매거래정지해제              (액면병합 주권 변경상장),[기재정정]단일판매ㆍ공급계약체결              (+5),주권매매거래정지해제              (액면병합 주권 변경상장)(-30),2026-09-15: [기재정정]기타경영사항(자율공시)              (제1회차 CB 취득후 재매각) | 2026-09-15: [기재정정]단일판매ㆍ공급계약체결               | 2026-09-08: 주식등의대량보유상황보고서(약식) | 2026-09-08: 임원ㆍ주요주주특정증권등소유상황보고서 | 2026-09-08: 임원ㆍ주요주주특정증권등소유상황보고서,13
코나아이,052400,-25,🚨 YES,주권매매거래정지              (무상증자),주식소각결정              (+5),주권매매거래정지              (무상증자)(-30),2026-09-14: 주주명부폐쇄기간또는기준일설정               | 2026-09-14: 주권매매거래정지              (무상증자) | 2026-09-14: 주요사항보고서(무상증자결정) | 2026-09-14: 주식소각결정               | 2026-08-31: 타법인주식및출자증권취득결정              ,5
리파인,377450,-25,OK,,,[기재정정]최대주주변경을수반하는주식담보제공계약체결              (-5) | 최대주주변경을수반하는주식담보제공계약체결              (-5) | 최대주주변경을수반하는주식담보제공계약해제ㆍ취소등              (-5) | [기재정정]최대주주변경을수반하는주식담보제공계약체결              (-5) | 최대주주변경을수반하는주식담보제공계약체결              (-5),2026-09-18: [기재정정]최대주주변경을수반하는주식담보제공계약체결               | 2026-09-18: 공개매수결과보고서 | 2026-09-01: 주식등의대량보유상황보고서(일반) | 2026-08-27: 최대주주변경을수반하는주식담보제공계약체결               | 2026-08-27: 최대주주변경을수반하는주식담보제공계약해제ㆍ취소등              ,7
키이스트,054780,-25,🚨 YES,주권매매거래정지              (단일판매공급계약),단일판매ㆍ공급계약체결              (+5),주권매매거래정지              (단일판매공급계약)(-30),2026-08-28: 대규모기업집단현황공시[분기별공시(개별회사용)] | 2026-08-26: 단일판매ㆍ공급계약체결               | 2026-08-26: 주권매매거래정지              (단일판매공급계약),3
대창솔루션,096350,-25,🚨 YES,주권매매거래정지              (단일판매공급계약),단일판매ㆍ공급계약체결              (+5),주권매매거래정지              (단일판매공급계약)(-30),2026-09-11: 임원ㆍ주요주주특정증권등소유상황보고서 | 2026-09-08: 투자판단관련주요경영사항              (특허권 취득(보론을 함유하는 스테인리스강 제조 방법)) | 2026-09-08: 종속회사등상장에관한찬성여부               | 2026-09-08: 종속회사등상장에대한주주영향평가등               | 2026-09-07: 임시주주총회결과              ,7
미디어젠,279600,-25,🚨 YES,기타시장안내(관리종목지정우려종목)              (시가총액 200억원 미달),[기재정정]단일판매ㆍ공급계약체결              (+5),기타시장안내(관리종목지정우려종목)              (시가총액 200억원 미달)(-30),2026-08-31: [기재정정]단일판매ㆍ공급계약체결               | 2026-08-28: 기타시장안내(관리종목지정우려종목)              (시가총액 200억원 미달),2
두산,000150,-25,🚨 YES,매매거래정지및정지해제(중요내용공시)              ,주식소각결정              (+5),매매거래정지및정지해제(중요내용공시)              (-30),2026-09-18: 주식등의대량보유상황보고서(일반) | 2026-09-17: 투자판단관련주요경영사항              (채무보증 제공의 건) | 2026-09-17: 투자판단관련주요경영사항              (증설 투자의 건) | 2026-09-17: 특수관계인에대한담보제공 | 2026-09-17: 주식소각결정              ,7
코아스,071950,-25,🚨 YES,투자유의안내              (관리종목지정 우려 예고),단일판매ㆍ공급계약체결              (+5),투자유의안내              (관리종목지정 우려 예고)(-30),2026-09-17: 주식등의대량보유상황보고서(약식) | 2026-09-15: 주주총회소집결의               | 2026-09-15: 주주명부폐쇄기간또는기준일설정               | 2026-09-11: 단일판매ㆍ공급계약체결               | 2026-09-10: 투자유의안내              (관리종목지정 우려 예고),10
디알텍,214680,-25,🚨 YES,주권매매거래정지해제              (액면병합 주권 변경상장),주식소각결정              (+5),주권매매거래정지해제              (액면병합 주권 변경상장)(-30),2026-09-10: 주식소각결정               | 2026-09-09: 주권매매거래정지해제              (액면병합 주권 변경상장),2
티웨이홀딩스,004870,-25,🚨 YES,투자유의안내              (관리종목지정 우려 예고),단일판매ㆍ공급계약체결              (+5),투자유의안내              (관리종목지정 우려 예고)(-30),2026-09-18: 타인에대한채무보증결정               | 2026-09-10: 투자유의안내              (관리종목지정 우려 예고) | 2026-09-10: 단일판매ㆍ공급계약체결               | 2026-08-31: 대규모기업집단현황공시[분기별공시(개별회사용)] | 2026-08-28: [기재정정]반기보고서 (2026.06),5
SK아이이테크놀로지,361610,-24,🚨 YES,매매거래정지및정지해제(중요내용공시)              ,[정정명령부과][첨부정정]주요사항보고서(회사합병결정)(+3) | 주요사항보고서(회사합병결정)(+3),매매거래정지및정지해제(중요내용공시)              (-30),2026-09-10: [기재정정]타법인주식및출자증권처분결정               | 2026-09-09: 기업설명회(IR)개최(안내공시)               | 2026-09-09: [기재정정]기업설명회(IR)개최(안내공시)               | 2026-09-04: 정정명령부과( 2026.08.26. 제출 주요사항보고서(회사합병 결정) ) | 2026-08-28: 대규모기업집단현황공시[분기별공시(개별회사용)],13
카카오,035720,-24,🚨 YES,매매거래정지및정지해제(중요내용공시)              ,[첨부정정]주요사항보고서(회사합병결정)(+3) | 주요사항보고서(회사합병결정)(+3),매매거래정지및정지해제(중요내용공시)              (-30),2026-09-18: 임원ㆍ주요주주특정증권등소유상황보고서 | 2026-09-18: 임원ㆍ주요주주특정증권등소유상황보고서 | 2026-09-18: 조회공시요구(풍문또는보도)에대한답변(미확정)               | 2026-09-09: 기업설명회(IR)개최(안내공시)               | 2026-08-26: 대규모기업집단현황공시[분기별공시(대표회사용)],13
CJ CGV,079160,-20,🚨 YES,감자결정(종속회사의주요경영사항)              ,,감자결정(종속회사의주요경영사항)              (-20),2026-09-18: 감자결정(종속회사의주요경영사항)               | 2026-09-17: 타인에대한채무보증결정               | 2026-09-17: 타인에대한채무보증결정               | 2026-09-16: 동일인등출자계열회사와의상품ㆍ용역거래 | 2026-09-16: 동일인등출자계열회사와의상품ㆍ용역거래,9
미투온,201490,-20,🚨 YES,주요사항보고서(유상증자결정),,최대주주변경을수반하는주식양수도계약체결              (-5) | 주요사항보고서(유상증자결정)(-15),2026-09-15: 주식등의대량보유상황보고서(일반) | 2026-09-15: 최대주주변경을수반하는주식양수도계약체결               | 2026-09-15: 주식등의대량보유상황보고서(일반) | 2026-09-15: 주요사항보고서(유상증자결정) | 2026-09-11: 주식등의대량보유상황보고서(일반),5
서한,011370,-20,🚨 YES,주권매매거래정지해제              (액면병합 주권 변경상장),단일판매ㆍ공급계약체결              (+5) | 단일판매ㆍ공급계약체결              (+5),주권매매거래정지해제              (액면병합 주권 변경상장)(-30),2026-09-08: 단일판매ㆍ공급계약체결               | 2026-08-31: 주권매매거래정지해제              (액면병합 주권 변경상장) | 2026-08-31: 단일판매ㆍ공급계약체결              ,3
제주항공,089590,-20,🚨 YES,감자결정(종속회사의주요경영사항)              ,,감자결정(종속회사의주요경영사항)              (-20),2026-09-15: 신규시설투자등               | 2026-09-15: 주요사항보고서(자본으로인정되는채무증권발행결정) | 2026-09-15: 특수관계인으로부터부동산임차 | 2026-09-15: 타법인주식및출자증권처분결정               | 2026-09-15: 감자결정(종속회사의주요경영사항)              ,8
샘표,007540,-20,🚨 YES,매매거래정지및정지해제(중요내용공시)              ,주식소각결정(자회사의 주요경영사항)              (+5) | 주식소각결정              (+5),매매거래정지및정지해제(중요내용공시)              (-30),2026-09-15: 주식소각결정(자회사의 주요경영사항)               | 2026-09-09: 주식소각결정               | 2026-09-09: 매매거래정지및정지해제(중요내용공시)              ,3
대성산업,128820,-20,🚨 YES,감자결정(종속회사의주요경영사항)              ,,감자결정(종속회사의주요경영사항)              (-20),2026-09-16: 감자결정(종속회사의주요경영사항)              ,1
노블엠앤비,106520,-20,🚨 YES,주요사항보고서(감자결정),,주요사항보고서(감자결정)(-20),2026-09-02: 주요사항보고서(감자결정),1
한울반도체,320000,-20,🚨 YES,[기재정정]주요사항보고서(유상증자결정),,[기재정정]최대주주변경을수반하는주식담보제공계약체결              (-5) | [기재정정]주요사항보고서(유상증자결정)(-15),2026-09-18: 임원ㆍ주요주주특정증권등거래계획보고서 | 2026-09-14: 주식등의대량보유상황보고서(일반) | 2026-09-10: [기재정정]증권신고서(지분증권) | 2026-09-07: [기재정정]최대주주변경을수반하는주식담보제공계약체결               | 2026-09-01: [기재정정]주요사항보고서(유상증자결정),7
아이비젼웍스,469750,-20,🚨 YES,"주권매매거래정지              (주식의 병합, 분할 등 전자등록 변경, 말소)",단일판매ㆍ공급계약체결              (+5) | [기재정정]단일판매ㆍ공급계약체결(자율공시)              (+5),"주권매매거래정지              (주식의 병합, 분할 등 전자등록 변경, 말소)(-30)",2026-09-16: 임원ㆍ주요주주특정증권등소유상황보고서 | 2026-09-14: 단일판매ㆍ공급계약체결               | 2026-09-11: 임원ㆍ주요주주특정증권등소유상황보고서 | 2026-09-11: 임원ㆍ주요주주특정증권등소유상황보고서 | 2026-09-11: 임원ㆍ주요주주특정증권등소유상황보고서,12
이마트,139480,-17,🚨 YES,감자결정(종속회사의주요경영사항)              ,영업(잠정)실적(공정공시)              (+3),감자결정(종속회사의주요경영사항)              (-20),2026-09-10: 영업(잠정)실적(공정공시)               | 2026-08-31: 대규모기업집단현황공시[분기별공시(개별회사용)] | 2026-08-28: 감자결정(종속회사의주요경영사항)              ,3
파인디앤씨,049120,-15,🚨 YES,주요사항보고서(유상증자결정),,주요사항보고서(유상증자결정)(-15),2026-09-16: 임원ㆍ주요주주특정증권등소유상황보고서 | 2026-09-16: 주식등의대량보유상황보고서(일반) | 2026-09-15: 전환가액의조정               | 2026-09-15: 증권발행결과(자율공시)               | 2026-09-09: 임원ㆍ주요주주특정증권등소유상황보고서,7
덴티스,261200,-15,OK,,,[기재정정]최대주주변경을수반하는주식담보제공계약체결              (-5) | [기재정정]최대주주변경을수반하는주식담보제공계약체결              (-5) | [기재정정]최대주주변경을수반하는주식담보제공계약체결              (-5),2026-09-16: 불성실공시법인지정예고              (공시불이행 3건) | 2026-09-16: 주식등의대량보유상황보고서(일반) | 2026-09-16: [기재정정]최대주주변경을수반하는주식담보제공계약체결               | 2026-09-07: 주식등의대량보유상황보고서(일반) | 2026-09-07: [기재정정]최대주주변경을수반하는주식담보제공계약체결              ,14
아티스트스튜디오,200350,-15,🚨 YES,주요사항보고서(유상증자결정),,주요사항보고서(유상증자결정)(-15),2026-09-11: 주요사항보고서(유상증자결정) | 2026-09-11: 주주명부폐쇄기간또는기준일설정               | 2026-09-10: 주주총회소집결의              (임시주주총회) | 2026-09-01: 임원ㆍ주요주주특정증권등소유상황보고서 | 2026-09-01: 주식등의대량보유상황보고서(일반),8
GRT,900290,-15,🚨 YES,[첨부정정]주요사항보고서(유상증자결정),,[첨부정정]주요사항보고서(유상증자결정)(-15),2026-09-03: [첨부정정]주요사항보고서(유상증자결정) | 2026-09-01: 타인에대한담보제공결정(자회사의 주요경영사항)               | 2026-09-01: 타인에대한채무보증결정(자회사의 주요경영사항)               | 2026-09-01: 타인에대한채무보증결정(자회사의 주요경영사항)               | 2026-09-01: 타인에대한채무보증결정(자회사의 주요경영사항)              ,5
오늘이엔엠,192410,-15,🚨 YES,주요사항보고서(유상증자결정),,주요사항보고서(유상증자결정)(-15),2026-09-11: 주요사항보고서(유상증자결정) | 2026-09-04: 전환사채(해외전환사채포함)발행후만기전사채취득              (제5회차) | 2026-08-31: [기재정정]벌금등의부과               | 2026-08-24: 기업설명회(IR)개최               | 2026-08-21: [기재정정]벌금등의부과              ,5
스타코링크,060240,-15,🚨 YES,[기재정정]주요사항보고서(유상증자결정),,[기재정정]주요사항보고서(유상증자결정)(-15),2026-08-26: [기재정정]주요사항보고서(유상증자결정),1
계양전기,012200,-15,🚨 YES,[기재정정]주요사항보고서(유상증자결정),,[기재정정]주요사항보고서(유상증자결정)(-15),2026-09-18: 최대주주등소유주식변동신고서               | 2026-09-18: [기재정정]주요사항보고서(유형자산양도결정) | 2026-09-18: 주요사항보고서(유형자산양도결정) | 2026-09-18: 주식등의대량보유상황보고서(일반) | 2026-09-18: 임원ㆍ주요주주특정증권등소유상황보고서,16
아이엘,307180,-15,🚨 YES,주요사항보고서(전환사채권발행결정),,주요사항보고서(전환사채권발행결정)(-15),2026-09-18: 증권발행결과(자율공시)               | 2026-09-18: [기재정정]타법인주식및출자증권취득결정               | 2026-09-10: 주요사항보고서(전환사채권발행결정) | 2026-09-10: 타법인주식및출자증권취득결정               | 2026-09-01: 주식매수선택권부여에관한신고,6
HLB제약,047920,-15,🚨 YES,[기재정정]주요사항보고서(유상증자결정),,[기재정정]주요사항보고서(유상증자결정)(-15),2026-09-18: 증권발행실적보고서 | 2026-09-18: 증권발행결과(자율공시)               | 2026-09-17: 유상증자또는주식관련사채등의청약결과(자율공시)               | 2026-09-15: [기재정정]유상증자또는주식관련사채등의청약결과(자율공시)               | 2026-09-14: 유상증자또는주식관련사채등의청약결과(자율공시)              ,18
엔젠바이오,354200,-15,🚨 YES,[기재정정]주요사항보고서(유상증자결정),,[기재정정]주요사항보고서(유상증자결정)(-15),2026-09-18: 전환사채(해외전환사채포함)발행후만기전사채취득               | 2026-09-17: 주식등의대량보유상황보고서(일반) | 2026-09-17: 증권발행실적보고서 | 2026-09-17: 증권발행결과(자율공시)               | 2026-09-16: 유상증자또는주식관련사채등의청약결과(자율공시)              ,11
덕성,004830,-15,🚨 YES,유상증자결정(종속회사의주요경영사항)              ,,유상증자결정(종속회사의주요경영사항)              (-15),2026-09-09: 타법인주식및출자증권취득결정               | 2026-09-09: 유상증자결정(종속회사의주요경영사항)               | 2026-08-28: [기재정정]타법인주식및출자증권취득결정              ,3
캐리,313760,-15,🚨 YES,[기재정정]주요사항보고서(유상증자결정),,[기재정정]주요사항보고서(유상증자결정)(-15),2026-09-15: 불성실공시법인지정예고              (공시번복) | 2026-09-07: 기타시장안내              (실질심사 대상여부 결정을 위한 조사기간 연장 안내) | 2026-08-27: [기재정정]주요사항보고서(유상증자결정) | 2026-08-27: 기타주요경영사항              (제3자배정 유상증자 결정 철회),4
툴젠,199800,-15,🚨 YES,[기재정정]주요사항보고서(유상증자결정),,[기재정정]주요사항보고서(유상증자결정)(-15),2026-09-18: 유상증자또는주식관련사채등의청약결과(자율공시)               | 2026-09-14: [기재정정]투자설명서 | 2026-09-14: [발행조건확정]증권신고서(지분증권) | 2026-09-14: [기재정정]주요사항보고서(유상증자결정) | 2026-09-14: 유상증자최종발행가액확정              ,12
삼부토건,001470,-15,🚨 YES,[기재정정]주요사항보고서(유상증자결정),,[기재정정]주요사항보고서(유상증자결정)(-15),2026-09-11: [기재정정]사업보고서 (2019.12) | 2026-09-11: [기재정정]감사보고서제출               | 2026-09-10: [기재정정]주요사항보고서(영업정지) | 2026-09-08: [기재정정]주요사항보고서(영업정지) | 2026-09-08: [기재정정]주요사항보고서(유상증자결정),12
에코프로,086520,-15,🚨 YES,[기재정정]유상증자결정(종속회사의주요경영사항)              ,,[기재정정]유상증자결정(종속회사의주요경영사항)              (-15),2026-09-17: [기재정정]반기보고서 (2026.06) | 2026-09-08: 주식등의대량보유상황보고서(일반) | 2026-09-02: [기재정정]유상증자결정(종속회사의주요경영사항)               | 2026-09-02: 주식등의대량보유상황보고서(일반) | 2026-08-27: 특수관계인에대한자금대여,7
알엔투테크놀로지,148250,-15,🚨 YES,[기재정정]주요사항보고서(유상증자결정),,[기재정정]주요사항보고서(유상증자결정)(-15),2026-09-16: 전환가액의조정              (제7회차) | 2026-09-10: 소송등의판결ㆍ결정              (경영권 분쟁 소송)(직무집행정지등 가처분)) | 2026-09-08: 주요사항보고서(자기전환사채만기전취득결정) | 2026-09-03: [기재정정]타법인주식및출자증권처분결정               | 2026-09-01: 소송등의판결ㆍ결정              (경영권 분쟁 소송)(임시총회소집허가),7
HLB이노베이션,024850,-15,🚨 YES,주요사항보고서(유상증자결정),,주요사항보고서(유상증자결정)(-15),2026-09-17: 주식등의대량보유상황보고서(일반) | 2026-09-08: 임원ㆍ주요주주특정증권등소유상황보고서 | 2026-09-08: 단기차입금감소결정(자율공시)               | 2026-09-07: 증권발행결과(자율공시)               | 2026-09-04: 합병등종료보고서(자산양수도),16
바이오비쥬,489460,-15,🚨 YES,주요사항보고서(전환사채권발행결정),,주요사항보고서(전환사채권발행결정)(-15),2026-09-18: 증권발행결과(자율공시)              (제1회차 CB) | 2026-09-10: 주요사항보고서(전환사채권발행결정),2
에코프로비엠,247540,-15,🚨 YES,[기재정정]주요사항보고서(유상증자결정),,[기재정정]주요사항보고서(유상증자결정)(-15),2026-09-21: 주식등의대량보유상황보고서(일반) | 2026-09-18: 임원ㆍ주요주주특정증권등소유상황보고서 | 2026-09-18: 임원ㆍ주요주주특정증권등소유상황보고서 | 2026-09-18: 임원ㆍ주요주주특정증권등소유상황보고서 | 2026-09-18: 임원ㆍ주요주주특정증권등소유상황보고서,31
넥써쓰,205500,-15,🚨 YES,주요사항보고서(유상증자결정),,주요사항보고서(유상증자결정)(-15),2026-09-18: 증권발행결과(자율공시)               | 2026-09-15: 주식등의대량보유상황보고서(일반) | 2026-09-10: 주요사항보고서(유상증자결정) | 2026-09-10: 주식등의대량보유상황보고서(일반),4
뷰노,338220,-15,🚨 YES,주요사항보고서(유상증자결정),,주요사항보고서(유상증자결정)(-15),2026-09-11: [기재정정]증권신고서(지분증권) | 2026-09-04: 주식등의대량보유상황보고서(일반) | 2026-09-04: 합병등종료보고서(자산양수도) | 2026-08-28: 증권신고서(지분증권) | 2026-08-28: 주요사항보고서(유상증자결정),6
다산네트웍스,039560,-15,🚨 YES,유상증자결정(종속회사의주요경영사항)              ,,유상증자결정(종속회사의주요경영사항)              (-15),2026-09-11: 유상증자결정(종속회사의주요경영사항)              ,1
삼성제약,001360,-15,🚨 YES,주요사항보고서(전환사채권발행결정),,주요사항보고서(전환사채권발행결정)(-15),2026-09-11: 유상증자또는주식관련사채등의발행결과(자율공시)               | 2026-09-02: 주요사항보고서(전환사채권발행결정) | 2026-08-25: 주식등의대량보유상황보고서(약식),3
상지건설,042940,-15,🚨 YES,[기재정정]주요사항보고서(유상증자결정),,[기재정정]주요사항보고서(유상증자결정)(-15),2026-09-04: [기재정정]증권신고서(지분증권) | 2026-09-04: [기재정정]주요사항보고서(유상증자결정),2
삼진식품,0013V0,-15,🚨 YES,주요사항보고서(신주인수권부사채권발행결정),,주요사항보고서(신주인수권부사채권발행결정)(-15),2026-09-16: 주요사항보고서(신주인수권부사채권발행결정) | 2026-08-26: 반기보고서 (2026.06),2
엠투엔,033310,-15,OK,,,[기재정정]최대주주변경을수반하는주식담보제공계약체결              (-5) | [기재정정]최대주주변경을수반하는주식담보제공계약체결              (-5) | [기재정정]최대주주변경을수반하는주식담보제공계약체결              (-5),2026-09-16: [기재정정]최대주주변경을수반하는주식담보제공계약체결               | 2026-09-15: 본점소재지변경               | 2026-09-14: 주식등의대량보유상황보고서(일반) | 2026-09-09: [기재정정]최대주주변경을수반하는주식담보제공계약체결               | 2026-09-07: [기재정정]최대주주변경을수반하는주식담보제공계약체결              ,6
진코스텍,250030,-15,🚨 YES,주요사항보고서(유상증자결정),,주요사항보고서(유상증자결정)(-15),2026-09-11: 투자설명서 | 2026-09-11: 효력발생안내( 2026.8.27. 제출 증권신고서(지분증권) ) | 2026-09-10: [기재정정]증권신고서(지분증권) | 2026-08-27: 주요사항보고서(유상증자결정) | 2026-08-27: 증권신고서(지분증권),5
네이처셀,007390,-15,🚨 YES,유상증자결정(종속회사의주요경영사항)              ,,유상증자결정(종속회사의주요경영사항)              (-15),2026-08-26: 타법인주식및출자증권취득결정               | 2026-08-26: 유상증자결정(종속회사의주요경영사항)              ,2
아이티센씨티에스,031820,-15,🚨 YES,주요사항보고서(전환사채권발행결정),,주요사항보고서(전환사채권발행결정)(-15),2026-09-16: 유상증자또는주식관련사채등의발행결과(자율공시)               | 2026-09-03: 주식등의대량보유상황보고서(일반) | 2026-09-03: 임원ㆍ주요주주특정증권등소유상황보고서 | 2026-08-31: 주요사항보고서(전환사채권발행결정),4
노드메이슨,317860,-15,🚨 YES,[기재정정]주요사항보고서(전환사채권발행결정),,[기재정정]주요사항보고서(전환사채권발행결정)(-15),2026-09-02: 임원ㆍ주요주주특정증권등소유상황보고서 | 2026-09-02: 전환가액의조정              (제1회차) | 2026-08-26: [기재정정]주요사항보고서(전환사채권발행결정),3
셀레믹스,331920,-15,🚨 YES,[기재정정]주요사항보고서(유상증자결정),,[기재정정]주요사항보고서(유상증자결정)(-15),2026-09-14: [기재정정]주요사항보고서(유상증자결정) | 2026-09-10: 주식등의대량보유상황보고서(일반) | 2026-09-10: 임원ㆍ주요주주특정증권등소유상황보고서 | 2026-09-03: 임원ㆍ주요주주특정증권등소유상황보고서 | 2026-09-02: 임원ㆍ주요주주특정증권등소유상황보고서,7
진원생명과학,011000,-15,🚨 YES,[기재정정]주요사항보고서(유상증자결정),,[기재정정]주요사항보고서(유상증자결정)(-15),2026-09-18: 주주명부폐쇄기간또는기준일설정               | 2026-09-18: 주주총회소집결의               | 2026-09-04: 불성실공시법인지정               | 2026-09-02: [기재정정]타인에대한채무보증결정               | 2026-08-31: 기타시장안내              (개선계획서 제출),6
시지트로닉스,429270,-15,🚨 YES,주요사항보고서(유상증자결정),,주요사항보고서(유상증자결정)(-15),2026-09-14: 소액공모실적보고서 | 2026-09-14: 증권발행결과(자율공시)              (일반공모증자-소액공모) | 2026-09-10: 유상증자또는주식관련사채등의청약결과(자율공시)               | 2026-09-07: 주식등의대량보유상황보고서(일반) | 2026-09-04: 소액공모공시서류(지분증권),6
퀀텀레일,070300,-15,🚨 YES,[기재정정]주요사항보고서(전환사채권발행결정),,[기재정정]주요사항보고서(전환사채권발행결정)(-15),2026-09-11: 금전대여결정              (대여기간 연장) | 2026-09-10: [기재정정]금전대여결정               | 2026-08-27: [기재정정]주요사항보고서(전환사채권발행결정),3
피노,033790,-15,🚨 YES,주요사항보고서(유상증자결정),,주요사항보고서(유상증자결정)(-15),2026-09-07: 증권발행결과(자율공시)              (제3자배정 유상증자) | 2026-08-28: 주요사항보고서(유상증자결정),2
HD건설기계,267270,-15,🚨 YES,유상증자결정(종속회사의주요경영사항)              ,,유상증자결정(종속회사의주요경영사항)              (-15),2026-08-31: 유상증자결정(종속회사의주요경영사항)               | 2026-08-28: 대규모기업집단현황공시[분기별공시(개별회사용)],2
SKC,011790,-15,🚨 YES,유상증자결정(종속회사의주요경영사항)              ,,유상증자결정(종속회사의주요경영사항)              (-15),2026-09-10: 타법인주식및출자증권취득결정(종속회사의주요경영사항)               | 2026-09-04: 타법인주식및출자증권취득결정               | 2026-08-27: 대규모기업집단현황공시[분기별공시(개별회사용)] | 2026-08-27: 임원ㆍ주요주주특정증권등소유상황보고서 | 2026-08-21: 유상증자결정(종속회사의주요경영사항)              ,5
KG에코솔루션,151860,-15,🚨 YES,주요사항보고서(전환사채권발행결정)(자회사의 주요경영사항)              ,,주요사항보고서(전환사채권발행결정)(자회사의 주요경영사항)              (-15),2026-08-27: [기재정정]주요사항보고서(타법인주식및출자증권양수결정)(자회사의 주요경영사항)               | 2026-08-27: 주요사항보고서(전환사채권발행결정)(자회사의 주요경영사항)               | 2026-08-27: [기재정정]타법인주식및출자증권취득결정(자회사의 주요경영사항)               | 2026-08-26: 대규모기업집단현황공시[분기별공시(개별회사용)],4
판타지오,032800,-15,🚨 YES,[기재정정]주요사항보고서(유상증자결정),,[기재정정]주요사항보고서(유상증자결정)(-15),2026-09-14: 주주총회소집공고 | 2026-09-14: 주주총회소집결의               | 2026-08-28: [기재정정]주요사항보고서(유상증자결정) | 2026-08-27: 정정신고서제출요구( 2026.08.12. 제출 증권신고서(지분증권) ),4
금호전기,001210,-15,🚨 YES,[기재정정]주요사항보고서(전환사채권발행결정),,[기재정정]주요사항보고서(전환사채권발행결정)(-15),2026-09-11: [기재정정]주요사항보고서(전환사채권발행결정) | 2026-09-08: 전환청구권ㆍ신주인수권ㆍ교환청구권행사               | 2026-09-03: 최대주주등소유주식변동신고서               | 2026-09-03: 주식등의대량보유상황보고서(일반) | 2026-09-03: 임원ㆍ주요주주특정증권등소유상황보고서,6
레이,228670,-15,OK,,,[기재정정]최대주주변경              (-5) | 최대주주변경              (-5) | [기재정정]최대주주변경을수반하는주식양수도계약체결              (-5),2026-09-18: 주식등의대량보유상황보고서(약식) | 2026-09-17: [기재정정]독립이사의선임ㆍ해임또는중도퇴임에관한신고 | 2026-09-17: 독립이사의선임ㆍ해임또는중도퇴임에관한신고 | 2026-09-16: [기재정정]최대주주변경               | 2026-09-16: 임시주주총회결과              ,9
아이에이,038880,-15,🚨 YES,[기재정정]주요사항보고서(유상증자결정),,[기재정정]주요사항보고서(유상증자결정)(-15),2026-09-18: 임원ㆍ주요주주특정증권등소유상황보고서 | 2026-09-15: [기재정정]증권신고서(지분증권) | 2026-09-14: [기재정정]주요사항보고서(유상증자결정) | 2026-09-11: 임원ㆍ주요주주특정증권등소유상황보고서 | 2026-09-04: 임원ㆍ주요주주특정증권등소유상황보고서,8
핑거,163730,-15,🚨 YES,주요사항보고서(전환사채권발행결정),,주요사항보고서(전환사채권발행결정)(-15),2026-09-18: 주식등의대량보유상황보고서(일반) | 2026-08-31: 타법인주식및출자증권취득결정(종속회사의주요경영사항)               | 2026-08-31: 증권발행결과(자율공시)               | 2026-08-28: 주식등의대량보유상황보고서(약식) | 2026-08-24: [기재정정]주요사항보고서(타법인주식및출자증권양수결정),8
큐브엔터,182360,-15,🚨 YES,[기재정정]주요사항보고서(유상증자결정),,[기재정정]주요사항보고서(유상증자결정)(-15),2026-08-31: [기재정정]주요사항보고서(유상증자결정),1
한중엔시에스,107640,-15,🚨 YES,유상증자결정(종속회사의주요경영사항)              ,,유상증자결정(종속회사의주요경영사항)              (-15),2026-09-17: 유상증자결정(종속회사의주요경영사항)               | 2026-09-16: 타법인주식및출자증권취득결정               | 2026-09-04: 기업설명회(IR)개최               | 2026-08-28: 기타경영사항(자율공시)              (소규모합병 승인 이사회 결의(주주총회 갈음) 결과 보고),4
삼성FN리츠,448730,-15,🚨 YES,주요사항보고서(유상증자결정),,주요사항보고서(유상증자결정)(-15),2026-09-18: 부동산투자회사자금차입               | 2026-09-10: 증권신고서(집합투자증권-회사형)(삼성에프엔위탁관리부동산투자회사주식회사) | 2026-09-16: 임원ㆍ주요주주특정증권등소유상황보고서 | 2026-09-11: 기타경영사항(자율공시)               | 2026-09-10: 임시주주총회결과              ,15
크로넥스,215570,-15,🚨 YES,[기재정정]주요사항보고서(전환사채권발행결정),,[기재정정]주요사항보고서(전환사채권발행결정)(-15),2026-09-11: [기재정정]주요사항보고서(전환사채권발행결정) | 2026-08-31: [기재정정]주식매수선택권부여에관한신고 | 2026-08-31: 전환가액의조정              (제5회차) | 2026-08-27: 임원ㆍ주요주주특정증권등소유상황보고서 | 2026-08-26: 임원ㆍ주요주주특정증권등소유상황보고서,5
큐리언트,115180,-15,🚨 YES,주요사항보고서(유상증자결정),,주요사항보고서(유상증자결정)(-15),2026-09-17: 정정신고서제출요구( 2026.09.04. 제출 증권신고서(지분증권) ) | 2026-09-07: 기업설명회(IR)개최               | 2026-09-04: 기업설명회(IR)개최               | 2026-09-04: [정정제출요구]증권신고서(지분증권) | 2026-09-04: 주요사항보고서(유상증자결정),5
테라사이언스,073640,-15,🚨 YES,[기재정정]주요사항보고서(유상증자결정),,[기재정정]주요사항보고서(유상증자결정)(-15),2026-09-17: [기재정정]주요사항보고서(타법인주식및출자증권양도결정) | 2026-09-17: [기재정정]주주총회소집결의              (임시주주총회) | 2026-09-17: [기재정정]주주명부폐쇄기간또는기준일설정               | 2026-09-02: [기재정정]타법인주식및출자증권처분결정(자율공시)               | 2026-09-02: [기재정정]타법인주식및출자증권처분결정              (철회),9
HLB글로벌,003580,-15,🚨 YES,주요사항보고서(전환사채권발행결정),,주요사항보고서(전환사채권발행결정)(-15),2026-09-18: 임원ㆍ주요주주특정증권등소유상황보고서 | 2026-09-18: 전환가액ㆍ신주인수권행사가액ㆍ교환가액의조정(안내공시)               | 2026-09-15: 전환가액ㆍ신주인수권행사가액ㆍ교환가액의조정(안내공시)               | 2026-09-14: 주요사항보고서(전환사채권발행결정),4
이노테나,333050,-15,🚨 YES,주요사항보고서(전환사채권발행결정),,주요사항보고서(전환사채권발행결정)(-15),2026-09-14: 주요사항보고서(전환사채권발행결정) | 2026-09-09: [기재정정]주요사항보고서(자기주식취득신탁계약체결결정) | 2026-09-09: 주요사항보고서(자기주식취득신탁계약체결결정),3
일월지엠엘,178780,-15,🚨 YES,주요사항보고서(유상증자결정),,주요사항보고서(유상증자결정)(-15),2026-09-17: 독립이사의선임ㆍ해임또는중도퇴임에관한신고 | 2026-09-01: 주식등의대량보유상황보고서(일반) | 2026-08-28: 주요사항보고서(유상증자결정),3
LIG디펜스앤에어로스페이스,079550,-15,🚨 YES,[기재정정]주요사항보고서(유상증자결정),,[기재정정]주요사항보고서(유상증자결정)(-15),2026-09-18: 동일인등출자계열회사와의상품ㆍ용역거래 | 2026-09-18: 동일인등출자계열회사와의상품ㆍ용역거래 | 2026-09-04: [기재정정]주요사항보고서(유상증자결정) | 2026-09-01: 임원ㆍ주요주주특정증권등소유상황보고서 | 2026-08-28: 주식등의대량보유상황보고서(일반),7
블루산업개발,006740,-15,🚨 YES,[기재정정]주요사항보고서(전환사채권발행결정),,[기재정정]주요사항보고서(전환사채권발행결정)(-15),2026-09-16: 주식등의대량보유상황보고서(일반) | 2026-09-07: [기재정정]주요사항보고서(전환사채권발행결정) | 2026-08-28: 투자유의안내              ,3
씨피시스템,413630,-15,🚨 YES,주요사항보고서(전환사채권발행결정),,주요사항보고서(전환사채권발행결정)(-15),2026-09-03: 증권발행결과(자율공시)              (제2회차 CB) | 2026-08-26: 주요사항보고서(전환사채권발행결정) | 2026-08-24: 주요사항보고서(유형자산양수결정),3
제이앤티씨,204270,-15,🚨 YES,유상증자결정(종속회사의주요경영사항)              ,,유상증자결정(종속회사의주요경영사항)              (-15),2026-09-10: 타법인주식및출자증권취득결정               | 2026-09-10: 유상증자결정(종속회사의주요경영사항)               | 2026-09-03: 주식등의대량보유상황보고서(일반),3
포스코인터내셔널,047050,-15,🚨 YES,유상증자결정(종속회사의주요경영사항)              ,,유상증자결정(종속회사의주요경영사항)              (-15),2026-09-14: 기업설명회(IR)개최(안내공시)               | 2026-09-14: 금전대여결정               | 2026-09-14: 타법인주식및출자증권취득결정               | 2026-09-14: 타인에대한채무보증결정               | 2026-09-14: 유상증자결정(종속회사의주요경영사항)              ,11
덕산하이메탈,077360,-15,🚨 YES,[기재정정]유상증자결정(종속회사의주요경영사항)              ,,[기재정정]유상증자결정(종속회사의주요경영사항)              (-15),2026-09-15: [기재정정]유상증자결정(종속회사의주요경영사항)              ,1
SK,034730,-14,OK,,[기재정정]주요사항보고서(회사합병결정)(자회사의 주요경영사항)              (+3) | 주요사항보고서(회사합병결정)(자회사의 주요경영사항)              (+3),주요사항보고서(자기주식처분결정)(자회사의 주요경영사항)              (-10) | 주요사항보고서(자기주식처분결정)(-10),2026-09-04: 최대주주등소유주식변동신고서               | 2026-08-28: 임원ㆍ주요주주특정증권등소유상황보고서 | 2026-08-28: 임원ㆍ주요주주특정증권등소유상황보고서 | 2026-08-28: 임원ㆍ주요주주특정증권등소유상황보고서 | 2026-08-28: 임원ㆍ주요주주특정증권등소유상황보고서,14
KG모빌리티,003620,-12,🚨 YES,주요사항보고서(전환사채권발행결정),영업(잠정)실적(공정공시)              (+3),주요사항보고서(전환사채권발행결정)(-15),2026-09-11: 유상증자또는주식관련사채등의발행결과(자율공시)               | 2026-09-01: 영업(잠정)실적(공정공시)               | 2026-08-27: 주요사항보고서(전환사채권발행결정) | 2026-08-26: 대규모기업집단현황공시[분기별공시(개별회사용)],4
덕산네오룩스,213420,-12,🚨 YES,유상증자결정(종속회사의주요경영사항)              ,[기재정정]유형자산취득결정(자율공시)              (+3),유상증자결정(종속회사의주요경영사항)              (-15),2026-09-15: [기재정정]유형자산취득결정(자율공시)               | 2026-09-09: 주식등의대량보유상황보고서(약식) | 2026-09-02: 타법인주식및출자증권취득결정               | 2026-09-02: 유상증자결정(종속회사의주요경영사항)               | 2026-08-27: [기재정정]타법인주식및출자증권취득결정(종속회사의주요경영사항)              ,5
에프에스티,036810,-10,OK,,,주요사항보고서(자기주식처분결정)(-10),2026-08-31: 임원ㆍ주요주주특정증권등거래계획보고서 | 2026-08-31: 임원ㆍ주요주주특정증권등거래계획보고서 | 2026-08-31: 임원ㆍ주요주주특정증권등거래계획보고서 | 2026-08-27: 자기주식처분결과보고서 | 2026-08-26: 주요사항보고서(자기주식처분결정),6
크레오에스지,040350,-10,OK,,,[기재정정]최대주주변경을수반하는주식담보제공계약체결              (-5) | [기재정정]최대주주변경을수반하는주식담보제공계약체결              (-5),2026-09-17: [기재정정]최대주주변경을수반하는주식담보제공계약체결               | 2026-09-11: 주식등의대량보유상황보고서(일반) | 2026-09-04: [기재정정]최대주주변경을수반하는주식담보제공계약체결               | 2026-08-31: 조회공시요구(현저한시황변동)에대한답변(중요정보없음)               | 2026-08-28: 대규모기업집단현황공시[분기별공시(개별회사용)],6
제놀루션,225220,-10,OK,,,주요사항보고서(자기주식처분결정)(-10),2026-09-18: 임원ㆍ주요주주특정증권등소유상황보고서 | 2026-09-18: 임원ㆍ주요주주특정증권등소유상황보고서 | 2026-09-08: 임원ㆍ주요주주특정증권등소유상황보고서 | 2026-09-01: 주식등의대량보유상황보고서(일반) | 2026-08-27: 임원ㆍ주요주주특정증권등소유상황보고서,11
SK텔레콤,017670,-10,OK,,,주요사항보고서(자기주식처분결정)(-10),2026-09-01: 최대주주등소유주식변동신고서               | 2026-09-01: 자기주식처분결과보고서 | 2026-09-01: 임원ㆍ주요주주특정증권등소유상황보고서 | 2026-09-01: 임원ㆍ주요주주특정증권등소유상황보고서 | 2026-09-01: 임원ㆍ주요주주특정증권등소유상황보고서,11
서부T&D,006730,-10,OK,,,[기재정정]최대주주변경을수반하는주식담보제공계약체결              (-5) | [기재정정]최대주주변경을수반하는주식담보제공계약체결              (-5),2026-09-18: 주식등의대량보유상황보고서(일반) | 2026-09-16: [기재정정]최대주주변경을수반하는주식담보제공계약체결               | 2026-09-04: 임원ㆍ주요주주특정증권등소유상황보고서 | 2026-09-04: 임원ㆍ주요주주특정증권등소유상황보고서 | 2026-08-28: 주식등의대량보유상황보고서(일반),9
SG,255220,-10,🚨 YES,[기재정정]주요사항보고서(유상증자결정),[기재정정]단일판매ㆍ공급계약체결              (+5),[기재정정]주요사항보고서(유상증자결정)(-15),2026-09-16: [기재정정]주식매수선택권부여에관한신고 | 2026-09-11: 증권발행실적보고서 | 2026-09-11: 증권발행결과(자율공시)               | 2026-09-10: 유상증자또는주식관련사채등의청약결과(자율공시)               | 2026-09-09: [기재정정]단일판매ㆍ공급계약체결              ,12
대명에너지,389260,-10,🚨 YES,유상증자결정(종속회사의주요경영사항)              ,단일판매ㆍ공급계약체결              (+5),유상증자결정(종속회사의주요경영사항)              (-15),2026-09-08: 단일판매ㆍ공급계약체결               | 2026-09-02: 타법인주식및출자증권취득결정               | 2026-09-02: 타인에대한담보제공결정               | 2026-09-02: 유상증자결정(종속회사의주요경영사항)              ,4
토니모리,214420,-10,OK,,,최대주주변경              (-5) | 최대주주등소유주식변동신고서(최대주주변경시)              (-5),2026-09-03: 주식등의대량보유상황보고서(일반) | 2026-09-03: 임원ㆍ주요주주특정증권등소유상황보고서 | 2026-09-03: 임원ㆍ주요주주특정증권등소유상황보고서 | 2026-09-03: 최대주주변경               | 2026-09-03: 최대주주등소유주식변동신고서(최대주주변경시)              ,5
농심,004370,-10,OK,,,[기재정정]주요사항보고서(자기주식처분결정)(-10),2026-09-03: [기재정정]자기주식처분결과보고서 | 2026-09-03: [기재정정]주요사항보고서(자기주식처분결정) | 2026-08-24: 대규모기업집단현황공시[분기별공시(대표회사용)],3
멕아이씨에스,058110,-10,🚨 YES,주요사항보고서(유상증자결정),주식소각결정              (+5),주요사항보고서(유상증자결정)(-15),2026-09-14: 주식소각결정               | 2026-09-14: 주요사항보고서(유상증자결정) | 2026-09-14: 주주총회소집결의              (임시주주총회) | 2026-09-14: 주주명부폐쇄기간또는기준일설정               | 2026-08-21: 임시주주총회결과              ,5
티와이홀딩스,363280,-10,🚨 YES,주요사항보고서(유상증자결정)(자회사의 주요경영사항)              ,[기재정정]단일판매ㆍ공급계약체결(자회사의 주요경영사항)              (+5),주요사항보고서(유상증자결정)(자회사의 주요경영사항)              (-15),2026-09-17: 해산사유발생(자회사의 주요경영사항)               | 2026-09-15: [기재정정]단일판매ㆍ공급계약체결(자회사의 주요경영사항)               | 2026-08-28: 대규모기업집단현황공시[분기별공시(대표회사용)] | 2026-08-27: 주요사항보고서(유상증자결정)(자회사의 주요경영사항)              ,4
에이전트AI,060900,-10,🚨 YES,[기재정정]주요사항보고서(유상증자결정),[기재정정]단일판매ㆍ공급계약체결              (+5),[기재정정]주요사항보고서(유상증자결정)(-15),2026-09-16: [기재정정]주주총회소집결의               | 2026-09-15: 불성실공시법인지정예고              (공시번복) | 2026-09-01: 기타시장안내(최대주주의의무보유관련)              (최대주주의 의무보유 이행 관련) | 2026-08-31: 철회신고서 | 2026-08-31: 기타주요경영사항              (유상증자 결정(주주배정후 실권주 일반공모) 철회),8
농심홀딩스,072710,-10,OK,,,[기재정정]주요사항보고서(자기주식처분결정)(자회사의 주요경영사항)              (-10),2026-09-03: [기재정정]주요사항보고서(자기주식처분결정)(자회사의 주요경영사항)               | 2026-08-24: 대규모기업집단현황공시[분기별공시(개별회사용)],2
써니전자,004770,-10,OK,,,최대주주등소유주식변동신고서(최대주주변경시)              (-5) | 최대주주변경              (-5),2026-09-11: 최대주주등소유주식변동신고서               | 2026-09-09: 주식등의대량보유상황보고서(일반) | 2026-09-02: 최대주주등소유주식변동신고서(최대주주변경시)               | 2026-09-01: 주식등의대량보유상황보고서(일반) | 2026-09-01: 최대주주변경              ,5
원익IPS,240810,-10,OK,,,주요사항보고서(자기주식처분결정)(-10),2026-09-17: 자기주식처분결과보고서 | 2026-09-15: 주요사항보고서(자기주식처분결정) | 2026-09-04: 독립이사의선임ㆍ해임또는중도퇴임에관한신고 | 2026-09-04: 임시주주총회결과               | 2026-08-28: 대규모기업집단현황공시[분기별공시(개별회사용)],5
나노신소재,121600,-10,OK,,,주요사항보고서(자기주식처분결정)(-10),2026-09-18: 주요사항보고서(자기주식처분결정) | 2026-09-09: 주식등의대량보유상황보고서(약식),2
지어소프트,051160,-10,🚨 YES,유상증자결정(종속회사의주요경영사항)              ,주식소각결정              (+5),유상증자결정(종속회사의주요경영사항)              (-15),2026-09-17: 유상증자결정(종속회사의주요경영사항)               | 2026-09-11: 임원ㆍ주요주주특정증권등소유상황보고서 | 2026-09-03: 임원ㆍ주요주주특정증권등소유상황보고서 | 2026-09-03: 주식소각결정               | 2026-08-24: 자기주식취득결과보고서,5
HPSP,403870,-10,OK,,,[기재정정]주요사항보고서(자기주식처분결정)(-10),2026-09-07: [기재정정]주요사항보고서(자기주식처분결정) | 2026-08-31: 주주명부폐쇄기간또는기준일설정               | 2026-08-31: 주주총회소집결의              (임시주주총회),3
SK디앤디,210980,-10,🚨 YES,[기재정정]주요사항보고서(유상증자결정),[기재정정]단일판매ㆍ공급계약체결              (+5),[기재정정]주요사항보고서(유상증자결정)(-15),2026-09-18: 임원ㆍ주요주주특정증권등소유상황보고서 | 2026-09-18: 기타경영사항(자율공시)               | 2026-09-10: [기재정정]타인에대한채무보증결정               | 2026-09-09: [기재정정]투자설명서 | 2026-09-09: [기재정정]증권신고서(지분증권),14
보령,003850,-10,OK,,,[기재정정]주요사항보고서(자기주식처분결정)(-10),2026-09-16: [첨부정정]주요사항보고서(회사분할결정) | 2026-09-15: [기재정정]자기주식처분결과보고서 | 2026-09-15: [기재정정]주요사항보고서(자기주식처분결정) | 2026-09-15: 주주명부폐쇄기간또는기준일설정               | 2026-09-15: 주주총회소집결의              ,8
티플랙스,081150,-10,OK,,,주요사항보고서(자기주식처분결정)(-10),2026-08-31: 자기주식처분결과보고서 | 2026-08-28: 주요사항보고서(자기주식처분결정),2
하이브,352820,-10,OK,,,주요사항보고서(자기주식처분결정)(-10),2026-09-04: 임원ㆍ주요주주특정증권등소유상황보고서 | 2026-08-27: 대규모기업집단현황공시[분기별공시(대표회사용)] | 2026-08-25: 주요사항보고서(자기주식처분결정),3
신화프리텍,095190,-10,🚨 YES,주요사항보고서(전환사채권발행결정),단일판매ㆍ공급계약체결              (+5),주요사항보고서(전환사채권발행결정)(-15),2026-09-15: 단일판매ㆍ공급계약체결               | 2026-09-14: 주식등의대량보유상황보고서(약식) | 2026-09-09: 증권발행결과(자율공시)               | 2026-09-01: 주요사항보고서(전환사채권발행결정),4
오이솔루션,138080,-10,OK,,,[기재정정]최대주주변경을수반하는주식담보제공계약체결              (-5) | [기재정정]최대주주변경을수반하는주식담보제공계약체결              (-5),2026-09-02: 주식등의대량보유상황보고서(일반) | 2026-09-02: 임원ㆍ주요주주특정증권등소유상황보고서 | 2026-08-31: [기재정정]최대주주변경을수반하는주식담보제공계약체결               | 2026-08-31: 독립이사의선임ㆍ해임또는중도퇴임에관한신고 | 2026-08-21: 주식등의대량보유상황보고서(일반),6
에이치와이티씨,148930,-10,OK,,,주요사항보고서(자기주식처분결정)(-10),2026-09-18: 주요사항보고서(자기주식처분결정) | 2026-09-11: 신탁계약에의한취득상황보고서,2
케이카,381970,-10,OK,,,최대주주등소유주식변동신고서(최대주주변경시)              (-5) | 최대주주변경              (-5),2026-09-17: 임원ㆍ주요주주특정증권등소유상황보고서 | 2026-09-17: 임원ㆍ주요주주특정증권등소유상황보고서 | 2026-09-16: 주식등의대량보유상황보고서(일반) | 2026-09-15: 임원ㆍ주요주주특정증권등소유상황보고서 | 2026-09-15: 최대주주등소유주식변동신고서              ,16
비투엔,307870,-10,OK,,,[기재정정]최대주주변경을수반하는주식양수도계약체결              (-5) | [기재정정]최대주주변경을수반하는주식양수도계약체결              (-5),2026-09-16: 타법인주식및출자증권취득결정               | 2026-09-14: [기재정정]최대주주변경을수반하는주식양수도계약체결               | 2026-09-11: [기재정정]최대주주변경을수반하는주식양수도계약체결               | 2026-08-28: [기재정정]주식병합결정              (철회) | 2026-08-28: 임시주주총회결과              ,7
디에스케이,109740,-5,OK,,,[기재정정]최대주주변경을수반하는주식양수도계약체결              (-5),2026-09-15: [기재정정]주주총회소집결의               | 2026-09-15: 주식등의대량보유상황보고서(일반) | 2026-09-09: [기재정정]최대주주변경을수반하는주식양수도계약체결              ,3
아바코,083930,-5,OK,,,최대주주변경              (-5),2026-08-27: 임원ㆍ주요주주특정증권등소유상황보고서 | 2026-08-27: 임원ㆍ주요주주특정증권등소유상황보고서 | 2026-08-26: 주식등의대량보유상황보고서(일반) | 2026-08-26: 주식등의대량보유상황보고서(일반) | 2026-08-21: 최대주주변경              ,5
파버나인,177830,-5,OK,,,[기재정정]최대주주변경을수반하는주식담보제공계약체결              (-5),2026-09-01: 주식등의대량보유상황보고서(일반) | 2026-09-01: [기재정정]최대주주변경을수반하는주식담보제공계약체결               | 2026-08-24: 신탁계약해지결과보고서,3
삼성바이오로직스,207940,-5,🚨 YES,주요사항보고서(유상증자결정),[기재정정]단일판매ㆍ공급계약체결              (+5) | 단일판매ㆍ공급계약체결              (+5),주요사항보고서(유상증자결정)(-15),2026-09-14: 투자설명서 | 2026-09-14: 효력발생안내( 2026.8.28. 제출 증권신고서(지분증권) ) | 2026-09-11: [기재정정]증권신고서(지분증권) | 2026-09-10: [기재정정]단일판매ㆍ공급계약체결               | 2026-09-10: 단일판매ㆍ공급계약체결              ,14
디티앤씨,187220,-5,OK,,,[기재정정]최대주주변경을수반하는주식담보제공계약체결              (-5),2026-09-04: 기업설명회(IR)개최               | 2026-08-27: 임원ㆍ주요주주특정증권등소유상황보고서 | 2026-08-27: 주식등의대량보유상황보고서(일반) | 2026-08-27: [기재정정]최대주주변경을수반하는주식담보제공계약체결              ,4
대동스틸,048470,-5,OK,,,[기재정정]최대주주변경              (-5),2026-09-18: 주식등의대량보유상황보고서(일반) | 2026-09-18: [기재정정]최대주주변경               | 2026-09-18: 임원ㆍ주요주주특정증권등소유상황보고서 | 2026-09-18: 임원ㆍ주요주주특정증권등소유상황보고서 | 2026-09-18: 임원ㆍ주요주주특정증권등소유상황보고서,9
푸드나무,290720,-5,OK,,,[기재정정]최대주주변경을수반하는주식담보제공계약체결              (-5),2026-09-11: 주식등의대량보유상황보고서(일반) | 2026-09-04: [기재정정]최대주주변경을수반하는주식담보제공계약체결               | 2026-09-02: [기재정정]주식등의대량보유상황보고서(일반),3
레뷰코퍼레이션,443250,-5,OK,,,최대주주변경              (-5),2026-09-16: 최대주주변경               | 2026-08-21: [기재정정]주요사항보고서(타법인주식및출자증권양수결정),2
미코,059090,-5,OK,,,[기재정정]최대주주변경을수반하는주식담보제공계약체결              (-5),2026-09-15: [기재정정]최대주주변경을수반하는주식담보제공계약체결               | 2026-09-11: [기재정정]타인에대한채무보증결정               | 2026-09-11: 임원ㆍ주요주주특정증권등소유상황보고서 | 2026-09-09: 주식등의대량보유상황보고서(일반) | 2026-09-03: 임원ㆍ주요주주특정증권등소유상황보고서,10
한국정보통신,025770,-5,OK,,,[기재정정]최대주주변경을수반하는주식담보제공계약체결              (-5),2026-09-11: 주식등의대량보유상황보고서(일반) | 2026-09-11: [기재정정]최대주주변경을수반하는주식담보제공계약체결              ,2
아우딘퓨쳐스,227610,-5,OK,,,[기재정정]최대주주변경을수반하는주식담보제공계약체결              (-5),2026-09-10: 주식등의대량보유상황보고서(약식) | 2026-08-28: 주식등의대량보유상황보고서(일반) | 2026-08-28: [기재정정]최대주주변경을수반하는주식담보제공계약체결              ,3
엔시트론,101400,-5,OK,,,최대주주변경              (-5),2026-09-09: 주식등의대량보유상황보고서(일반) | 2026-09-09: 임원ㆍ주요주주특정증권등소유상황보고서 | 2026-09-09: 주식등의대량보유상황보고서(일반) | 2026-09-03: 최대주주변경               | 2026-09-03: 증권발행결과(자율공시)              ,7
크레버스,096240,-5,OK,,,[기재정정]최대주주변경을수반하는주식담보제공계약체결              (-5),2026-09-14: 주식등의대량보유상황보고서(일반) | 2026-09-03: 주식등의대량보유상황보고서(일반) | 2026-09-03: 임원ㆍ주요주주특정증권등소유상황보고서 | 2026-09-03: [기재정정]최대주주변경을수반하는주식담보제공계약체결               | 2026-08-28: 주요사항보고서(유형자산양도결정),6
앱튼,270520,-5,OK,,,[기재정정]최대주주변경을수반하는주식담보제공계약체결              (-5),2026-09-18: [기재정정]타법인주식및출자증권취득결정               | 2026-09-14: 임시주주총회결과               | 2026-09-10: 주식등의대량보유상황보고서(약식) | 2026-09-10: 주식등의대량보유상황보고서(약식) | 2026-09-10: [기재정정]주식등의대량보유상황보고서(약식),13
제이스코홀딩스,023440,-5,OK,,,[기재정정]최대주주변경을수반하는주식담보제공계약체결              (-5),2026-09-14: 주식등의대량보유상황보고서(일반) | 2026-09-07: [기재정정]최대주주변경을수반하는주식담보제공계약체결               | 2026-08-26: 임시주주총회결과              ,3
와이지-원,019210,-5,OK,,,[기재정정]최대주주변경을수반하는주식담보제공계약체결              (-5),2026-09-08: 주식등의대량보유상황보고서(일반) | 2026-09-08: [기재정정]최대주주변경을수반하는주식담보제공계약체결               | 2026-08-31: 주식등의대량보유상황보고서(일반),3
유니트론텍,142210,-5,OK,,,[기재정정]최대주주변경을수반하는주식담보제공계약체결              (-5),2026-09-18: [기재정정]최대주주변경을수반하는주식담보제공계약체결              ,1
아나패스,123860,-5,OK,,,[기재정정]최대주주변경을수반하는주식담보제공계약체결              (-5),2026-09-15: 임원ㆍ주요주주특정증권등소유상황보고서 | 2026-09-15: 금전대여결정(자율공시)               | 2026-09-14: 주식등의대량보유상황보고서(일반) | 2026-09-14: [기재정정]최대주주변경을수반하는주식담보제공계약체결               | 2026-09-10: 금전대여결정              (대여기간 연장),7
듀오백,073190,-5,OK,,,[기재정정]최대주주변경              (-5),2026-09-18: [기재정정]최대주주변경               | 2026-09-09: 기타시장안내              (실질심사 대상여부 결정을 위한 조사기간 연장 안내) | 2026-09-07: 주주명부폐쇄기간또는기준일설정              ,3
벡트,457600,-5,OK,,,[기재정정]최대주주변경을수반하는주식양수도계약체결              (-5),2026-09-18: [기재정정]최대주주변경을수반하는주식양수도계약체결               | 2026-09-11: 주주총회소집공고 | 2026-09-11: [기재정정]주주총회소집결의              (임시주주총회) | 2026-09-10: 주주총회소집결의              (임시주주총회),4
경동제약,011040,-5,OK,,,[기재정정]최대주주변경을수반하는주식담보제공계약체결              (-5),2026-08-31: 주식등의대량보유상황보고서(일반) | 2026-08-27: [기재정정]최대주주변경을수반하는주식담보제공계약체결              ,2
오픈베이스,049480,-5,OK,,,최대주주변경              (-5),2026-09-02: 임원ㆍ주요주주특정증권등소유상황보고서 | 2026-09-02: 임원ㆍ주요주주특정증권등소유상황보고서 | 2026-09-02: 주식등의대량보유상황보고서(일반) | 2026-09-02: 주식등의대량보유상황보고서(일반) | 2026-09-01: 최대주주변경              ,5
삼성화재해상보험,000810,0,OK,,,,2026-09-18: 특수관계인에대한출자 | 2026-09-18: 특수관계인에대한출자 | 2026-09-18: 특수관계인과의수익증권거래 | 2026-09-10: 주식등의대량보유상황보고서(약식) | 2026-09-03: 풍문또는보도에대한해명(미확정)              ,7
동원수산,030720,0,OK,,,,2026-08-28: 주식등의대량보유상황보고서(일반) | 2026-08-28: 임원ㆍ주요주주특정증권등소유상황보고서 | 2026-08-28: 최대주주등소유주식변동신고서               | 2026-08-27: 기업가치제고계획(자율공시)               | 2026-08-21: 투자유의안내              ,5
휴마시스,205470,0,OK,,,,2026-09-15: [기재정정]주주총회소집결의              (임시주주총회) | 2026-09-11: 임원ㆍ주요주주특정증권등소유상황보고서 | 2026-09-11: 주식등의대량보유상황보고서(일반) | 2026-09-04: 주식등의대량보유상황보고서(일반) | 2026-09-04: 임원ㆍ주요주주특정증권등소유상황보고서,9
흥국에프엔비,189980,0,OK,,,,2026-09-09: 임원ㆍ주요주주특정증권등소유상황보고서 | 2026-09-02: 임원ㆍ주요주주특정증권등소유상황보고서 | 2026-08-26: 임원ㆍ주요주주특정증권등소유상황보고서,3
에스에너지,095910,0,OK,,,,2026-09-09: [기재정정]의결권대리행사권유참고서류 | 2026-09-08: 의결권대리행사권유참고서류 | 2026-09-08: 주주총회소집공고 | 2026-09-08: [기재정정]주주총회소집결의              (임시주주총회),4
스맥,099440,0,OK,,,,2026-09-14: 주식등의대량보유상황보고서(일반) | 2026-08-28: [기재정정]기타경영사항(자율공시)              (회계장부 등 열람등사 가처분 이의신청에 대한 원결정 인가 결정에 대한 즉시항고) | 2026-08-24: 기타경영사항(자율공시)              (회계장부 등 열람등사 가처분 이의신청에 대한 원결정 인가 결정에 대한 즉시항고),3
에이프릴바이오,397030,0,OK,,,,2026-09-18: 임원ㆍ주요주주특정증권등소유상황보고서 | 2026-09-17: 임원ㆍ주요주주특정증권등소유상황보고서 | 2026-09-09: 주식등의대량보유상황보고서(약식) | 2026-09-07: 주주총회소집공고 | 2026-09-07: [기재정정]주주총회소집결의              (임시주주총회),8
한솔케미칼,014680,0,OK,,,,2026-09-14: 주식등의대량보유상황보고서(약식) | 2026-09-09: 주식등의대량보유상황보고서(약식) | 2026-08-26: 대규모기업집단현황공시[분기별공시(개별회사용)],3
한울소재과학,091440,0,OK,,,,2026-09-10: 주식등의대량보유상황보고서(약식) | 2026-09-04: 신주인수권행사              (제1회차) | 2026-08-25: 전환청구권행사               | 2026-08-24: 전환청구권행사              (제7회차),4
큐로홀딩스,051780,0,OK,,,,2026-09-07: 주식등의대량보유상황보고서(일반) | 2026-08-28: 대규모기업집단현황공시[분기별공시(개별회사용)] | 2026-08-24: 임원ㆍ주요주주특정증권등소유상황보고서 | 2026-08-24: 주식등의대량보유상황보고서(일반),4
인디에프,014990,0,OK,,,,2026-08-31: 대규모기업집단현황공시[분기별공시(개별회사용)] | 2026-08-24: 주식등의대량보유상황보고서(일반) | 2026-08-24: 최대주주등소유주식변동신고서               | 2026-08-24: 임원ㆍ주요주주특정증권등소유상황보고서,4
사조씨푸드,014710,0,OK,,,,2026-09-04: 최대주주등소유주식변동신고서               | 2026-09-04: 임원ㆍ주요주주특정증권등소유상황보고서 | 2026-08-28: 대규모기업집단현황공시[분기별공시(개별회사용)],3
한샘,009240,0,OK,,,,2026-09-10: 신탁계약에의한취득상황보고서 | 2026-09-10: 주식등의대량보유상황보고서(일반) | 2026-09-10: 최대주주등소유주식변동신고서               | 2026-08-24: 임원ㆍ주요주주특정증권등소유상황보고서,4
BNK금융지주,138930,0,OK,,,,2026-09-14: 임원ㆍ주요주주특정증권등소유상황보고서 | 2026-09-09: 임원ㆍ주요주주특정증권등소유상황보고서 | 2026-09-03: 기업가치제고계획(자율공시)               | 2026-08-31: 증권발행실적보고서 | 2026-08-28: 투자설명서(일괄신고),6
이노뎁,303530,0,OK,,,,2026-09-17: 임원ㆍ주요주주특정증권등소유상황보고서 | 2026-09-17: 주식등의대량보유상황보고서(일반) | 2026-08-27: 주식등의대량보유상황보고서(일반),3
범양건영,002410,0,OK,,,,2026-09-18: [기재정정]회생절차개시결정               | 2026-09-07: 기타시장안내              (기업심사위원회 심의대상 결정) | 2026-08-31: 기타시장안내              (개선계획 이행여부 심의요청서 접수) | 2026-08-24: [기재정정]회생절차개시결정              ,4
티피씨글로벌,130740,0,OK,,,,2026-09-09: 신탁계약해지결과보고서 | 2026-09-09: 주요사항보고서(자기주식취득신탁계약해지결정) | 2026-09-04: 신탁계약에의한취득상황보고서,3
NAVER,035420,0,OK,,,,2026-09-17: 임원ㆍ주요주주특정증권등소유상황보고서 | 2026-09-17: 임원ㆍ주요주주특정증권등소유상황보고서 | 2026-09-17: 임원ㆍ주요주주특정증권등소유상황보고서 | 2026-09-17: 풍문또는보도에대한해명               | 2026-09-11: 임원ㆍ주요주주특정증권등소유상황보고서,7
KC그린홀딩스,009440,0,OK,,,,2026-09-14: [기재정정]타인에대한담보제공결정               | 2026-09-03: 타인에대한담보제공결정               | 2026-09-03: 주요사항보고서(타법인주식및출자증권양도결정) | 2026-08-21: [기재정정]주요사항보고서(채권은행등의관리절차개시),4
코오롱인더,120110,0,OK,,,,2026-09-17: 주요사항보고서(자본으로인정되는채무증권발행결정) | 2026-09-07: 주식등의대량보유상황보고서(일반) | 2026-08-31: 주식등의대량보유상황보고서(일반) | 2026-08-31: 최대주주등소유주식변동신고서               | 2026-08-26: 대규모기업집단현황공시[분기별공시(개별회사용)],5
KG이니시스,035600,0,OK,,,,2026-08-28: 대규모기업집단현황공시[분기별공시(개별회사용)] | 2026-08-28: [기재정정]특수관계인에대한출자 | 2026-08-28: [기재정정]타법인주식및출자증권취득결정(종속회사의주요경영사항)               | 2026-08-28: [첨부정정]기업가치제고계획(자율공시)               | 2026-08-27: [기재정정]타인에대한채무보증결정              ,9
테크윙,089030,0,OK,,,,2026-09-07: 주식등의대량보유상황보고서(약식) | 2026-08-31: [첨부정정]유형자산처분결정(자율공시)               | 2026-08-24: 주식등의대량보유상황보고서(일반),3
롯데케미칼,011170,0,OK,,,,2026-09-17: 타법인주식및출자증권취득결정               | 2026-09-17: 타인에대한채무보증결정               | 2026-09-17: 특수관계인에대한출자 | 2026-09-17: [기재정정]신규시설투자등(자율공시)               | 2026-09-02: [기재정정]타인에대한채무보증결정              ,9
삼성물산,028260,0,🚨 YES,유상증자결정(종속회사의주요경영사항)              ,[기재정정]단일판매ㆍ공급계약체결              (+5) | 단일판매ㆍ공급계약체결              (+5) | [기재정정]단일판매ㆍ공급계약체결              (+5),유상증자결정(종속회사의주요경영사항)              (-15),2026-09-18: [기재정정]단일판매ㆍ공급계약체결               | 2026-09-18: 기업설명회(IR)개최(안내공시)               | 2026-09-09: 기업설명회(IR)개최(안내공시)               | 2026-09-04: 기업설명회(IR)개최(안내공시)               | 2026-08-31: 단일판매ㆍ공급계약체결              ,11
롯데쇼핑,023530,0,OK,,,,2026-09-17: 주주명부폐쇄기간또는기준일설정               | 2026-09-17: 주주총회소집결의               | 2026-09-15: 주식등의대량보유상황보고서(일반) | 2026-09-11: 최대주주등소유주식변동신고서               | 2026-09-11: 임원ㆍ주요주주특정증권등소유상황보고서,11
디앤디파마텍,347850,0,OK,,,,2026-09-08: 임원ㆍ주요주주특정증권등소유상황보고서 | 2026-09-08: 임원ㆍ주요주주특정증권등소유상황보고서 | 2026-08-21: 투자판단관련주요경영사항(임상시험결과)              (대사이상지방간염 (MASH) 치료제 DD01의 미국 임상 제2상 임상시험결과보고서(CSR) 수령),3
신한지주,055550,0,OK,,,,2026-09-18: 증권발행실적보고서 | 2026-09-17: 투자설명서(일괄신고) | 2026-09-17: 일괄신고추가서류 | 2026-09-14: 증권발행실적보고서 | 2026-09-14: 투자설명서,15
케이옥션,102370,0,OK,,,,2026-09-10: 주주총회소집공고 | 2026-08-31: [기재정정]반기보고서 (2026.06) | 2026-08-26: 임원ㆍ주요주주특정증권등거래계획보고서 | 2026-08-21: 임원ㆍ주요주주특정증권등소유상황보고서,4
클로봇,466100,0,OK,,,,2026-09-09: 주식등의대량보유상황보고서(약식) | 2026-08-31: [기재정정]주요사항보고서(타법인주식및출자증권양수결정) | 2026-08-28: 주식등의대량보유상황보고서(일반) | 2026-08-28: 임원ㆍ주요주주특정증권등소유상황보고서 | 2026-08-28: 임원ㆍ주요주주특정증권등소유상황보고서,13
한양증권,001750,0,OK,,,,2026-09-15: [발행조건확정]증권신고서(채무증권) | 2026-09-15: [기재정정]증권신고서(채무증권) | 2026-09-09: 증권신고서(채무증권) | 2026-08-21: 유형자산처분결정(자율공시)              ,4
리메드,302550,0,OK,,,,2026-09-18: 주식등의대량보유상황보고서(일반) | 2026-09-09: 주식등의대량보유상황보고서(일반) | 2026-08-26: 주식등의대량보유상황보고서(일반),3
HLB생명과학,067630,0,OK,,,,2026-08-31: 전환사채(해외전환사채포함)발행후만기전사채취득              (제13회차) | 2026-08-28: 타법인주식및출자증권취득결정               | 2026-08-26: 타법인주식및출자증권처분결정              ,3
LG화학,051910,0,OK,,,,2026-09-04: 기업설명회(IR)개최(안내공시)               | 2026-08-31: 대규모기업집단현황공시[분기별공시(개별회사용)] | 2026-08-24: 풍문또는보도에대한해명(미확정)               | 2026-08-24: 조회공시요구(풍문또는보도)에대한답변(미확정)               | 2026-08-24: 기타안내사항(안내공시)              ,5
스모트로닉,066590,0,OK,,,,2026-09-18: 의결권대리행사권유참고서류 | 2026-09-18: 주주총회소집공고 | 2026-09-09: [기재정정]주식등의대량보유상황보고서(일반) | 2026-09-09: [기재정정]주식등의대량보유상황보고서(약식) | 2026-09-09: [기재정정]주식등의대량보유상황보고서(약식),23
케이티,030200,0,OK,,,,2026-09-11: 자기주식취득결과보고서 | 2026-09-09: 신탁계약해지결과보고서 | 2026-09-09: 주요사항보고서(자기주식취득신탁계약해지결정) | 2026-08-26: 대규모기업집단현황공시[분기별공시(대표회사용)],4
대원전선,006340,0,OK,,,,2026-09-17: 임원ㆍ주요주주특정증권등소유상황보고서 | 2026-09-17: 최대주주등소유주식변동신고서               | 2026-09-11: 임원ㆍ주요주주특정증권등소유상황보고서 | 2026-09-11: 최대주주등소유주식변동신고서               | 2026-09-03: 임원ㆍ주요주주특정증권등소유상황보고서,12
싸이토젠,217330,0,OK,,,,2026-09-02: 주식등의대량보유상황보고서(일반) | 2026-09-02: 임원ㆍ주요주주특정증권등소유상황보고서 | 2026-09-02: 주식등의대량보유상황보고서(일반) | 2026-08-31: 기타경영사항(자율공시)              (소규모합병 승인 이사회 결의(주주총회 갈음) 결과 보고) | 2026-08-27: 임원ㆍ주요주주특정증권등거래계획보고서,5
씨엑스아이,900120,0,OK,,,,2026-08-31: 임원ㆍ주요주주특정증권등소유상황보고서 | 2026-08-31: 주식등의대량보유상황보고서(약식) | 2026-08-31: 임원ㆍ주요주주특정증권등소유상황보고서 | 2026-08-31: 주식등의대량보유상황보고서(약식) | 2026-08-31: 임원ㆍ주요주주특정증권등소유상황보고서,9
코람코더원리츠,417310,0,OK,,,,2026-09-16: 임원ㆍ주요주주특정증권등소유상황보고서 | 2026-09-09: 임원ㆍ주요주주특정증권등소유상황보고서 | 2026-09-03: 임원ㆍ주요주주특정증권등소유상황보고서 | 2026-08-27: 임원ㆍ주요주주특정증권등소유상황보고서 | 2026-08-27: 부동산투자회사금전배당결정              ,7
알에프세미,096610,0,OK,,,,2026-09-14: 주식등의대량보유상황보고서(약식) | 2026-09-11: 주식등의대량보유상황보고서(약식) | 2026-09-11: 주식등의대량보유상황보고서(약식) | 2026-09-03: 임원ㆍ주요주주특정증권등소유상황보고서 | 2026-08-26: 주주총회소집공고,6
이월드,084680,0,OK,,,,2026-09-09: 최대주주등소유주식변동신고서               | 2026-09-09: [기재정정]임원ㆍ주요주주특정증권등소유상황보고서 | 2026-09-04: 임원ㆍ주요주주특정증권등소유상황보고서 | 2026-09-02: 대표이사(대표집행임원)변경(안내공시)               | 2026-08-27: 임시주주총회결과              ,6
동일산업,004890,0,OK,,,,2026-09-18: 주식등의대량보유상황보고서(일반) | 2026-09-18: 최대주주등소유주식변동신고서               | 2026-09-11: 임원ㆍ주요주주특정증권등거래계획보고서 | 2026-09-11: 임원ㆍ주요주주특정증권등거래계획보고서,4
티비에이치글로벌,084870,0,OK,,,,2026-09-15: 임원ㆍ주요주주특정증권등소유상황보고서 | 2026-09-15: 최대주주등소유주식변동신고서               | 2026-09-10: 기타경영사항(자율공시)               | 2026-09-07: 임원ㆍ주요주주특정증권등소유상황보고서 | 2026-09-07: 임원ㆍ주요주주특정증권등소유상황보고서,10
메카로,241770,0,OK,,,,2026-09-15: 주식등의대량보유상황보고서(일반) | 2026-09-08: 주식등의대량보유상황보고서(일반) | 2026-09-04: 임원ㆍ주요주주특정증권등소유상황보고서 | 2026-09-04: 주식등의대량보유상황보고서(일반),4
우리금융지주,316140,0,OK,,,,2026-09-16: 기업설명회(IR)개최(안내공시)               | 2026-09-04: 기업설명회(IR)개최(안내공시)               | 2026-09-02: 임원ㆍ주요주주특정증권등소유상황보고서 | 2026-09-02: 임원ㆍ주요주주특정증권등소유상황보고서 | 2026-09-02: 임원ㆍ주요주주특정증권등소유상황보고서,14
해성옵틱스,076610,0,OK,,,,2026-09-07: 주주총회소집결의              (임시주주총회) | 2026-09-07: 주주명부폐쇄기간또는기준일설정               | 2026-09-01: [기재정정]타인에대한채무보증결정               | 2026-08-28: 전환청구권행사              ,4
아세아텍,050860,0,OK,,,,2026-09-11: 사업보고서 (2026.06) | 2026-09-11: 감사보고서제출               | 2026-09-11: 의결권대리행사권유참고서류 | 2026-09-11: 주주총회소집공고 | 2026-09-04: 독립이사의선임ㆍ해임또는중도퇴임에관한신고,10
대구백화점,006370,0,OK,,,,2026-09-18: 주식등의대량보유상황보고서(일반) | 2026-08-31: [기재정정]주주총회소집결의               | 2026-08-26: 주식등의대량보유상황보고서(일반) | 2026-08-26: [기재정정]투자판단관련주요경영사항               | 2026-08-26: [기재정정]투자판단관련주요경영사항              ,7
동국알앤에스,075970,0,OK,,,,2026-09-18: 임원ㆍ주요주주특정증권등소유상황보고서 | 2026-09-16: 임원ㆍ주요주주특정증권등소유상황보고서 | 2026-09-07: 임원ㆍ주요주주특정증권등소유상황보고서 | 2026-09-03: 임원ㆍ주요주주특정증권등소유상황보고서 | 2026-09-01: 임원ㆍ주요주주특정증권등소유상황보고서,8
풍산홀딩스,005810,0,OK,,,,2026-09-15: 임원ㆍ주요주주특정증권등소유상황보고서 | 2026-09-15: 임원ㆍ주요주주특정증권등소유상황보고서 | 2026-09-15: 임원ㆍ주요주주특정증권등소유상황보고서 | 2026-09-15: 최대주주등소유주식변동신고서               | 2026-09-11: 자기주식취득결과보고서,5
산은캐피탈,008270,0,OK,,,,2026-09-16: 증권발행실적보고서 | 2026-09-15: 투자설명서(일괄신고) | 2026-09-15: 일괄신고추가서류 | 2026-08-24: 증권발행실적보고서 | 2026-08-21: 투자설명서(일괄신고),6
이노션,214320,0,OK,,,,2026-09-09: 주식등의대량보유상황보고서(약식) | 2026-09-01: 주식등의대량보유상황보고서(약식) | 2026-08-28: 대규모기업집단현황공시[분기별공시(개별회사용)],3
이수페타시스,007660,0,OK,,,,2026-09-07: 기업설명회(IR)개최(안내공시)               | 2026-09-04: 주식등의대량보유상황보고서(일반) | 2026-09-01: 주식등의대량보유상황보고서(약식),3
파인테크닉스,106240,0,OK,,,,2026-09-04: 전환가액의조정               | 2026-08-31: 전환사채(해외전환사채포함)발행후만기전사채취득               | 2026-08-21: [기재정정]주요사항보고서(자기전환사채매도결정),3
CJ,001040,0,OK,,,,2026-09-17: 타인에대한채무보증결정(자회사의 주요경영사항)               | 2026-09-17: 타인에대한채무보증결정(자회사의 주요경영사항)               | 2026-09-08: 타인에대한채무보증결정(자회사의 주요경영사항)               | 2026-09-02: 소송등의제기ㆍ신청(일정금액이상의청구)(자회사의 주요경영사항)               | 2026-08-28: 대규모기업집단현황공시[분기별공시(대표회사용)],5
한화생명,088350,0,OK,,,,2026-09-10: 기업설명회(IR)개최(안내공시)               | 2026-09-09: 기타경영사항(자율공시)               | 2026-08-31: [기재정정]반기보고서 (2026.06) | 2026-08-31: 대규모기업집단현황공시[분기별공시(개별회사용)],4
에임드바이오,0009K0,0,OK,,,,2026-09-18: 임원ㆍ주요주주특정증권등소유상황보고서 | 2026-09-02: [기재정정]투자판단관련주요경영사항(임상시험계획승인신청등결정)              (BI 4060107 (ODS025)의 제 1상 임상시험계획 승인) | 2026-08-21: [기재정정]투자판단관련주요경영사항(임상시험계획승인신청등결정)              (BI 4060107 (ODS025)의 제 1상 임상시험계획 승인),3
지투파워,388050,0,OK,,,,2026-09-10: 기업가치제고계획예고               | 2026-08-25: 기업설명회(IR)개최               | 2026-08-21: [기재정정]거래처와의거래중단              ,3
모델솔루션,417970,0,OK,,,,2026-09-03: 주주명부폐쇄기간또는기준일설정               | 2026-09-03: 주주총회소집결의              (임시주주총회) | 2026-08-28: 대규모기업집단현황공시[분기별공시(개별회사용)],3
지아이텍,382480,0,OK,,,,2026-09-15: 주식등의대량보유상황보고서(일반) | 2026-09-02: 임원ㆍ주요주주특정증권등소유상황보고서 | 2026-09-02: 임원ㆍ주요주주특정증권등소유상황보고서 | 2026-09-02: 임원ㆍ주요주주특정증권등소유상황보고서 | 2026-09-02: 임원ㆍ주요주주특정증권등소유상황보고서,7
엔비티,236810,0,OK,,,,2026-09-03: 임원ㆍ주요주주특정증권등소유상황보고서 | 2026-08-28: 임시주주총회결과               | 2026-08-26: 임원ㆍ주요주주특정증권등소유상황보고서,3
포커스에이아이,331380,0,OK,,,,2026-09-08: 주식등의대량보유상황보고서(약식) | 2026-08-21: [기재정정]임원ㆍ주요주주특정증권등소유상황보고서 | 2026-08-21: [기재정정]유형자산처분결정(자율공시)              ,3
제테마,216080,0,OK,,,,2026-09-15: 주식등의대량보유상황보고서(일반) | 2026-09-04: 주식등의대량보유상황보고서(일반) | 2026-09-04: 임원ㆍ주요주주특정증권등소유상황보고서 | 2026-09-04: 임원ㆍ주요주주특정증권등소유상황보고서 | 2026-09-01: 임원ㆍ주요주주특정증권등소유상황보고서,8
삼양사,145990,0,OK,,,,2026-09-17: [기재정정]벌금등의부과               | 2026-09-10: [기재정정]벌금등의부과               | 2026-08-31: [기재정정]벌금등의부과               | 2026-08-31: 대규모기업집단현황공시[분기별공시(개별회사용)],4
유니온머티리얼,047400,0,OK,,,,2026-09-16: 최대주주등소유주식변동신고서               | 2026-09-16: 주식등의대량보유상황보고서(일반) | 2026-09-16: 임원ㆍ주요주주특정증권등소유상황보고서 | 2026-08-26: 주주명부폐쇄기간또는기준일설정               | 2026-08-26: 주주총회소집결의              ,12
가온전선,000500,0,OK,,,,2026-09-11: 임원ㆍ주요주주특정증권등거래계획보고서 | 2026-08-31: 기업설명회(IR)개최(안내공시)               | 2026-08-31: 대규모기업집단현황공시[분기별공시(개별회사용)],3
우림피티에스,101170,0,OK,,,,2026-09-14: 의결권대리행사권유참고서류 | 2026-09-14: 주주총회소집공고 | 2026-09-02: 주식등의대량보유상황보고서(일반) | 2026-08-27: 주식등의대량보유상황보고서(일반),4
에스엠벡셀,010580,0,OK,,,,2026-09-15: 최대주주등소유주식변동신고서               | 2026-09-15: 주식등의대량보유상황보고서(일반) | 2026-09-15: 임원ㆍ주요주주특정증권등소유상황보고서 | 2026-09-07: 최대주주등소유주식변동신고서               | 2026-09-07: 주식등의대량보유상황보고서(일반),13
오에스피,368970,0,OK,,,,2026-09-16: 임원ㆍ주요주주특정증권등소유상황보고서 | 2026-09-08: 기타시장안내              (시가총액 미달에 따른 상장폐지 우려 관련 안내) | 2026-09-01: 기타시장안내              (시가총액 미달에 따른 상장폐지 우려 관련 안내) | 2026-09-01: 임원ㆍ주요주주특정증권등소유상황보고서 | 2026-09-01: 주식등의대량보유상황보고서(일반),5
비트맥스,377030,0,OK,,,,2026-09-14: 주주명부폐쇄기간또는기준일설정               | 2026-09-14: 주주총회소집결의              (임시주주총회) | 2026-09-10: 주식등의대량보유상황보고서(약식) | 2026-09-10: 본점소재지변경               | 2026-09-04: 전환가액의조정              ,5
진성티이씨,036890,0,OK,,,,2026-09-10: [기재정정]타인에대한채무보증결정               | 2026-08-27: [기재정정]타인에대한채무보증결정               | 2026-08-26: 임원ㆍ주요주주특정증권등소유상황보고서,3
ESR켄달스퀘어리츠,365550,0,OK,,,,2026-09-18: [기재정정]부동산투자회사자금차입               | 2026-09-18: [기재정정]부동산투자회사자금차입               | 2026-09-18: [기재정정]부동산투자회사자금차입               | 2026-09-16: 임원ㆍ주요주주특정증권등소유상황보고서 | 2026-09-09: 임원ㆍ주요주주특정증권등소유상황보고서,9
SK리츠,395400,0,OK,,,,2026-09-17: 정기주주총회결과               | 2026-09-16: [기재정정]부동산투자회사자금차입               | 2026-09-16: [발행조건확정]증권신고서(채무증권) | 2026-09-16: [기재정정]증권신고서(채무증권) | 2026-09-16: 임원ㆍ주요주주특정증권등소유상황보고서,18
핌스,347770,0,OK,,,,2026-09-04: [기재정정]주주명부폐쇄기간또는기준일설정               | 2026-09-04: [기재정정]주식병합결정               | 2026-09-04: [기재정정]주주총회소집결의              (임시주주총회) | 2026-09-02: 주주명부폐쇄기간또는기준일설정               | 2026-09-02: 주주총회소집결의              (임시주주총회),9
메리츠증권,008560,0,OK,,,,2026-09-18: 증권발행실적보고서 | 2026-09-18: 증권발행실적보고서 | 2026-09-18: 증권발행실적보고서 | 2026-09-18: 증권발행실적보고서 | 2026-09-18: 증권발행실적보고서,100
EDGC,245620,0,OK,,,,2026-08-28: 대표이사변경               | 2026-08-26: 회생절차종결신청               | 2026-08-26: [기재정정]회생계획인가              ,3
유틸렉스,263050,0,OK,,,,2026-08-31: [기재정정]대표이사변경               | 2026-08-28: 독립이사의선임ㆍ해임또는중도퇴임에관한신고 | 2026-08-28: 임시주주총회결과               | 2026-08-28: 대표이사변경              ,4
클래시스,214150,0,OK,,,,2026-09-15: 기업설명회(IR)개최               | 2026-09-09: 기업설명회(IR)개최               | 2026-09-03: 주식등의대량보유상황보고서(약식) | 2026-09-01: 기업설명회(IR)개최               | 2026-08-26: 기업설명회(IR)개최              ,5
한화리츠,451800,0,OK,,,,2026-09-16: 임원ㆍ주요주주특정증권등소유상황보고서 | 2026-09-14: 반기보고서 (2026.07) | 2026-09-09: 임원ㆍ주요주주특정증권등소유상황보고서 | 2026-09-04: 증권발행실적보고서 | 2026-09-04: 투자설명서,22
해치텍,0155E0,0,OK,,,,2026-09-01: 주식등의대량보유상황보고서(약식) | 2026-08-28: 반기보고서 (2026.06) | 2026-08-28: 임원ㆍ주요주주특정증권등소유상황보고서 | 2026-08-28: 임원ㆍ주요주주특정증권등소유상황보고서 | 2026-08-28: 주식등의대량보유상황보고서(일반),10
신세계푸드,031440,0,OK,,,,2026-09-15: 동일인등출자계열회사와의상품ㆍ용역거래 | 2026-09-15: 동일인등출자계열회사와의상품ㆍ용역거래변경 | 2026-08-31: 대규모기업집단현황공시[분기별공시(개별회사용)],3
윌비스,008600,0,OK,,,,2026-09-08: [기재정정]주요사항보고서(회생절차개시신청) | 2026-09-04: 주요사항보고서(회생절차개시신청) | 2026-08-31: 대출원리금연체사실발생               | 2026-08-31: 사채원리금미지급발생               | 2026-08-31: 주요사항보고서(채권은행등의관리절차중단),5
LX홀딩스,383800,0,OK,,,,2026-09-11: 최대주주등소유주식변동신고서               | 2026-09-11: 임원ㆍ주요주주특정증권등소유상황보고서 | 2026-09-11: 임원ㆍ주요주주특정증권등소유상황보고서 | 2026-09-11: 주식등의대량보유상황보고서(일반) | 2026-08-28: 대규모기업집단현황공시[분기별공시(대표회사용)],5
JW중외제약,001060,0,OK,,,,2026-09-18: [기재정정]벌금등의부과               | 2026-09-17: 주식등의대량보유상황보고서(일반) | 2026-09-17: 임원ㆍ주요주주특정증권등소유상황보고서 | 2026-09-17: 최대주주등소유주식변동신고서               | 2026-08-28: 투자판단관련주요경영사항              ,5
아진전자부품,009320,0,OK,,,,2026-09-08: 최대주주등소유주식변동신고서               | 2026-09-08: 임원ㆍ주요주주특정증권등소유상황보고서 | 2026-08-31: 대표이사(대표집행임원)변경(안내공시)               | 2026-08-27: 기타경영사항(자율공시)               | 2026-08-26: 최대주주등소유주식변동신고서              ,6
대신정보통신,020180,0,OK,,,,2026-09-16: 주식등의대량보유상황보고서(일반) | 2026-09-16: 임원ㆍ주요주주특정증권등소유상황보고서 | 2026-09-08: 임원ㆍ주요주주특정증권등소유상황보고서 | 2026-08-27: 임원ㆍ주요주주특정증권등소유상황보고서,4
브이엠,089970,0,OK,,,,2026-09-08: 중간(분기)배당을위한주주명부폐쇄(기준일)결정               | 2026-09-08: 임원ㆍ주요주주특정증권등소유상황보고서 | 2026-09-08: 임원ㆍ주요주주특정증권등소유상황보고서 | 2026-09-08: 임원ㆍ주요주주특정증권등소유상황보고서,4
SK이터닉스,475150,0,OK,,,,2026-09-02: [첨부정정]주요사항보고서(유형자산양도결정) | 2026-09-01: 금전대여결정               | 2026-09-01: [기재정정]주요사항보고서(유형자산양도결정) | 2026-08-27: 대규모기업집단현황공시[분기별공시(개별회사용)],4
에이치브이엠,295310,0,OK,,,,2026-09-15: 신규시설투자등               | 2026-09-01: 주식등의대량보유상황보고서(일반) | 2026-08-31: 주식매수선택권부여에관한신고 | 2026-08-31: [기재정정]주식매수선택권부여에관한신고,4
와이엠,007530,0,OK,,,,2026-09-17: 주주총회소집결의               | 2026-09-17: 주주명부폐쇄기간또는기준일설정               | 2026-09-17: 주요사항보고서(자기주식취득신탁계약체결결정) | 2026-09-16: 임원ㆍ주요주주특정증권등소유상황보고서 | 2026-08-25: 임원ㆍ주요주주특정증권등소유상황보고서,5
케이비증권,003450,0,OK,,,,2026-09-18: 투자설명서(일괄신고) | 2026-09-18: 일괄신고추가서류(파생결합증권-주가연계증권) | 2026-09-18: 증권발행실적보고서 | 2026-09-18: 증권발행실적보고서 | 2026-09-18: 증권발행실적보고서,100
빛과전자,069540,0,OK,,,,2026-09-17: 주식등의대량보유상황보고서(일반) | 2026-09-04: 임원ㆍ주요주주특정증권등소유상황보고서 | 2026-09-04: 주식등의대량보유상황보고서(일반) | 2026-08-26: 전환가액의조정              (제17회차),4
썸에이지,208640,0,OK,,,,"2026-09-18: 임시주주총회결과               | 2026-09-14: 기타시장안내              (관리종목 지정사유 추가우려)(주가 1,000원 미달) | 2026-09-04: 불성실공시법인지정예고              (공시번복) | 2026-09-03: 주주총회소집공고",4
일양약품,007570,0,OK,,,,2026-09-14: 임원ㆍ주요주주특정증권등소유상황보고서 | 2026-09-10: 불성실공시법인지정예고               | 2026-09-10: [기재정정]단일판매ㆍ공급계약해지               | 2026-09-09: 단일판매ㆍ공급계약해지               | 2026-08-21: 임원ㆍ주요주주특정증권등거래계획보고서,6
아이티센글로벌,124500,0,OK,,,,2026-09-11: [기재정정]타인에대한채무보증결정               | 2026-09-10: [기재정정]타인에대한채무보증결정               | 2026-08-28: [기재정정]타인에대한채무보증결정               | 2026-08-24: 기업설명회(IR)개최              ,4
태광산업,003240,0,OK,,,,2026-09-11: 풍문또는보도에대한해명               | 2026-09-07: 풍문또는보도에대한해명(미확정)               | 2026-09-01: 풍문또는보도에대한해명(미확정)               | 2026-08-27: 대규모기업집단현황공시[분기별공시(대표회사용)] | 2026-08-24: 기업설명회(IR)개최(안내공시)              ,5
유니크,011320,0,OK,,,,2026-09-18: 주식등의대량보유상황보고서(일반) | 2026-09-18: 임원ㆍ주요주주특정증권등소유상황보고서 | 2026-09-11: 임원ㆍ주요주주특정증권등소유상황보고서 | 2026-08-28: 임원ㆍ주요주주특정증권등소유상황보고서,4
부산은행,005280,0,OK,,,,2026-09-14: 증권발행실적보고서 | 2026-09-11: 투자설명서(일괄신고) | 2026-09-11: 일괄신고추가서류 | 2026-09-04: 증권발행실적보고서 | 2026-09-03: 투자설명서(일괄신고),9
쏘카,403550,0,OK,,,,2026-09-11: [기재정정]주식매수선택권부여에관한신고 | 2026-09-11: [기재정정]주식매수선택권부여에관한신고 | 2026-09-11: [기재정정]주식매수선택권부여에관한신고 | 2026-09-11: [기재정정]주식매수선택권부여에관한신고 | 2026-09-11: [기재정정]주식매수선택권부여에관한신고,6
대선조선,031990,0,OK,,,,2026-09-14: [기재정정]주요사항보고서(소송등의제기) | 2026-09-09: 주요사항보고서(소송등의제기) | 2026-09-09: 주요사항보고서(소송등의제기),3
원풍,008370,0,OK,,,,2026-09-15: [기재정정]현금ㆍ현물배당결정              (분기배당) | 2026-09-14: 현금ㆍ현물배당결정              (분기배당) | 2026-09-14: 중간(분기)배당을위한주주명부폐쇄(기준일)결정               | 2026-09-04: 주식등의대량보유상황보고서(일반),4
현대로템,064350,0,OK,,,,2026-09-16: 기업설명회(IR)개최(안내공시)               | 2026-08-28: 특수관계인으로부터기타유가증권매수 | 2026-08-28: 대규모기업집단현황공시[분기별공시(개별회사용)],3
링크드,193250,0,OK,,,,2026-08-28: 임원ㆍ주요주주특정증권등소유상황보고서 | 2026-08-28: 임원ㆍ주요주주특정증권등소유상황보고서 | 2026-08-28: 주식등의대량보유상황보고서(일반) | 2026-08-25: 주요사항보고서(전환사채매수선택권행사자지정),4
휴맥스,115160,0,OK,,,,2026-08-28: 임시주주총회결과               | 2026-08-27: 투자설명서 | 2026-08-27: 효력발생안내( 2026.8.14. 제출 증권신고서(합병) ) | 2026-08-25: [기재정정]타인에대한채무보증결정              ,4
더콘텐츠온,302920,0,OK,,,,2026-09-17: 기업설명회(IR)개최결과               | 2026-09-04: 기업설명회(IR)개최               | 2026-08-28: 주식등의대량보유상황보고서(약식) | 2026-08-28: 임원ㆍ주요주주특정증권등소유상황보고서 | 2026-08-28: 임원ㆍ주요주주특정증권등소유상황보고서,5
남선알미늄,008350,0,OK,,,,2026-09-04: 특수관계인으로부터받은담보 | 2026-09-04: 특수관계인으로부터자금차입 | 2026-09-01: 주식등의대량보유상황보고서(일반) | 2026-08-28: 대규모기업집단현황공시[분기별공시(개별회사용)] | 2026-08-26: 주식등의대량보유상황보고서(일반),5
대신밸런스제17호기업인수목적,471050,0,OK,,,,2026-09-01: 주식등의대량보유상황보고서(약식) | 2026-09-01: 주요사항보고서(해산사유발생) | 2026-08-27: 주식등의대량보유상황보고서(약식),3
아고스,175140,0,OK,,,,2026-09-01: 합병등종료보고서(합병) | 2026-08-31: 대표이사변경               | 2026-08-31: 독립이사의선임ㆍ해임또는중도퇴임에관한신고 | 2026-08-31: 임시주주총회결과              (제25기),4
우양피앤엘,002420,0,OK,,,,2026-09-18: 자산재평가실시결정(자율공시)               | 2026-09-11: 영업양수결정(종속회사의주요경영사항)               | 2026-09-08: 타법인주식및출자증권취득결정(자율공시)              ,3
JB금융지주,175330,0,OK,,,,2026-09-16: 증권발행실적보고서 | 2026-09-15: 투자설명서(일괄신고) | 2026-09-15: 일괄신고추가서류 | 2026-09-11: 기업설명회(IR)개최(안내공시)              ,4
롯데렌탈,089860,0,OK,,,,2026-09-15: [기재정정]타인에대한채무보증결정               | 2026-09-07: 주주명부폐쇄기간또는기준일설정               | 2026-09-07: 주주총회소집결의               | 2026-09-01: 대표이사(대표집행임원)변경(안내공시)               | 2026-08-28: 대규모기업집단현황공시[분기별공시(개별회사용)],5
동방,004140,0,OK,,,,2026-09-18: 임원ㆍ주요주주특정증권등소유상황보고서 | 2026-09-02: 주식등의대량보유상황보고서(약식) | 2026-08-28: 유상증자또는주식관련사채등의발행결과(자율공시)              ,3
현대백화점,069960,0,OK,,,,2026-09-15: 기업설명회(IR)개최(안내공시)               | 2026-08-31: 주식등의대량보유상황보고서(일반) | 2026-08-31: 기업설명회(IR)개최(안내공시)               | 2026-08-28: 대규모기업집단현황공시[분기별공시(개별회사용)] | 2026-08-25: 기업설명회(IR)개최(안내공시)              ,5
미스토홀딩스,081660,0,OK,,,,2026-09-14: 기업설명회(IR)개최(안내공시)               | 2026-09-14: 주식등의대량보유상황보고서(일반) | 2026-09-07: 기업설명회(IR)개최(안내공시)              ,3
지투지바이오,456160,0,OK,,,,2026-09-14: 전환주식의전환가액조정              (전환우선주) | 2026-09-14: 전환가액의조정              (제5회차) | 2026-08-27: 투자판단관련주요경영사항(임상시험결과)               | 2026-08-21: 주식등의대량보유상황보고서(일반),4
인스피언,465480,0,OK,,,,2026-09-02: 임원ㆍ주요주주특정증권등소유상황보고서 | 2026-09-01: 신탁계약해지결과보고서 | 2026-09-01: 주요사항보고서(자기주식취득신탁계약해지결정),3
이지스레지던스리츠,350520,0,OK,,,,2026-09-18: 정기주주총회결과               | 2026-09-11: [기재정정]사업보고서 (2026.06) | 2026-09-10: 사업보고서 (2026.06) | 2026-09-10: 감사보고서제출               | 2026-09-03: 의결권대리행사권유참고서류,8
SK네트웍스,001740,0,OK,,,,2026-09-01: 최대주주등소유주식변동신고서               | 2026-09-01: 임원ㆍ주요주주특정증권등소유상황보고서 | 2026-08-28: 대규모기업집단현황공시[분기별공시(개별회사용)],3
상보,027580,0,OK,,,,2026-09-17: 임원ㆍ주요주주특정증권등소유상황보고서 | 2026-09-03: 임원ㆍ주요주주특정증권등소유상황보고서 | 2026-09-02: 주식등의대량보유상황보고서(일반),3
탑코미디어,134580,0,OK,,,,2026-09-10: 임시주주총회결과               | 2026-09-10: 상호변경안내               | 2026-09-03: 주식등의대량보유상황보고서(일반) | 2026-09-03: 임원ㆍ주요주주특정증권등소유상황보고서 | 2026-09-03: 교환청구권행사              ,13
서울식품공업,004410,0,OK,,,,2026-09-15: 임원ㆍ주요주주특정증권등소유상황보고서 | 2026-09-07: 임원ㆍ주요주주특정증권등소유상황보고서 | 2026-09-07: 최대주주등소유주식변동신고서               | 2026-09-04: 임원ㆍ주요주주특정증권등소유상황보고서 | 2026-09-04: 주식등의대량보유상황보고서(일반),8
금양,001570,0,OK,,,,2026-09-18: [기재정정]주요사항보고서(회사분할결정) | 2026-09-11: [기재정정]주요사항보고서(회사분할결정) | 2026-09-09: [기재정정]주요사항보고서(회사분할결정) | 2026-09-09: 주주명부폐쇄기간또는기준일설정               | 2026-09-09: 주주총회소집결의              ,8
대림통상,006570,0,OK,,,,2026-09-09: 주식등의대량보유상황보고서(일반) | 2026-09-09: 임원ㆍ주요주주특정증권등소유상황보고서 | 2026-09-09: 임원ㆍ주요주주특정증권등소유상황보고서 | 2026-09-09: 최대주주등소유주식변동신고서               | 2026-09-04: 주식등의대량보유상황보고서(일반),6
에이비엘바이오,298380,0,OK,,,,2026-09-04: 주식등의대량보유상황보고서(일반) | 2026-08-31: [기재정정]주식매수선택권부여에관한신고 | 2026-08-26: 주식매수선택권부여에관한신고,3
타스컴,336040,0,OK,,,,2026-09-17: 기업설명회(IR)개최               | 2026-08-27: 임원ㆍ주요주주특정증권등소유상황보고서 | 2026-08-25: 임원ㆍ주요주주특정증권등소유상황보고서 | 2026-08-25: 주식등의대량보유상황보고서(일반) | 2026-08-24: 주식등의대량보유상황보고서(일반),5
롯데지주,004990,0,OK,,,,2026-09-17: 타법인주식및출자증권취득결정(자회사의 주요경영사항)               | 2026-09-17: 타인에대한채무보증결정(자회사의 주요경영사항)               | 2026-09-03: 증권발행실적보고서 | 2026-09-03: 투자설명서 | 2026-09-02: [발행조건확정]증권신고서(채무증권),13
본시스템즈,496320,0,OK,,,,2026-09-17: 기업설명회(IR)개최               | 2026-09-16: 임원ㆍ주요주주특정증권등소유상황보고서 | 2026-09-16: 임원ㆍ주요주주특정증권등소유상황보고서 | 2026-09-15: 주주총회소집공고 | 2026-09-09: [기재정정]주주총회소집결의              ,5
유진테크,084370,0,OK,,,,2026-09-18: 임원ㆍ주요주주특정증권등소유상황보고서 | 2026-09-09: 신규시설투자등               | 2026-08-27: 임원ㆍ주요주주특정증권등소유상황보고서 | 2026-08-27: 임원ㆍ주요주주특정증권등소유상황보고서,4
한국스탠다드차타드은행,000110,0,OK,,,,2026-09-14: 증권발행실적보고서 | 2026-09-11: 투자설명서(일괄신고) | 2026-09-11: 일괄신고추가서류 | 2026-09-11: 증권발행실적보고서 | 2026-09-11: 증권발행실적보고서,11
현대글로비스,086280,0,OK,,,,2026-09-08: 기업설명회(IR)개최(안내공시)               | 2026-08-28: 대규모기업집단현황공시[분기별공시(개별회사용)] | 2026-08-24: 기업설명회(IR)개최(안내공시)              ,3
아이로보틱스,066430,0,OK,,,,2026-09-15: 소송등의제기ㆍ신청(경영권분쟁소송)              (주주총회소집허가(재항고)) | 2026-09-07: 조회공시요구(현저한시황변동)에대한답변(중요정보없음)               | 2026-09-01: 소송등의판결ㆍ결정              (주주총회소집허가),3
큐렉소,060280,0,OK,,,,2026-09-17: 독립이사의선임ㆍ해임또는중도퇴임에관한신고 | 2026-09-17: 임시주주총회결과               | 2026-09-14: [기재정정]주주총회소집공고 | 2026-09-01: 기업설명회(IR)개최               | 2026-09-01: [기재정정]주주총회소집공고,6
원텍,336570,0,OK,,,,2026-09-16: 타법인주식및출자증권취득결정               | 2026-09-15: 타법인주식및출자증권취득결정               | 2026-09-09: 임원ㆍ주요주주특정증권등소유상황보고서,3
차바이오텍,085660,0,OK,,,,2026-09-17: 전환주식의전환가액조정              (상환전환우선주) | 2026-09-16: 신주인수권행사가액의조정               | 2026-09-14: 주식등의대량보유상황보고서(일반) | 2026-09-10: [기재정정]타인에대한담보제공결정               | 2026-09-03: 주식등의대량보유상황보고서(일반),5
케이티앤지,033780,0,OK,,,,2026-09-18: 소송등의판결ㆍ결정(자율공시:일정금액미만의청구)               | 2026-09-07: 주식등의대량보유상황보고서(약식) | 2026-08-27: 대규모기업집단현황공시[분기별공시(대표회사용)],3
DB증권,016610,0,OK,,,,2026-09-18: 증권발행실적보고서 | 2026-09-18: 증권발행실적보고서 | 2026-09-18: 증권발행실적보고서 | 2026-09-18: [기재정정]투자설명서(일괄신고) | 2026-09-18: [기재정정]일괄신고추가서류(기타파생결합사채),100
세븐브로이맥주,267080,0,OK,,,,2026-09-18: [기재정정]회생절차개시결정               | 2026-09-18: 주주총회소집공고 | 2026-09-15: 주주명부폐쇄기간또는기준일설정               | 2026-09-15: 주주총회소집결의              ,4
3S,060310,0,OK,,,,2026-09-17: 전환가액의조정               | 2026-09-14: 주주명부폐쇄기간또는기준일설정               | 2026-09-14: 주주총회소집결의              (임시주주총회) | 2026-09-14: 주식병합결정               | 2026-09-03: 임원ㆍ주요주주특정증권등소유상황보고서,5
DSR제강,069730,0,OK,,,,2026-09-17: 최대주주등소유주식변동신고서               | 2026-09-09: 최대주주등소유주식변동신고서               | 2026-09-01: 최대주주등소유주식변동신고서               | 2026-08-25: 최대주주등소유주식변동신고서              ,4
골프존홀딩스,121440,0,OK,,,,2026-09-15: 불성실공시법인지정              (공시불이행) | 2026-09-04: 공개매수결과보고서 | 2026-08-31: [기재정정]불성실공시법인지정예고              (공시불이행) | 2026-08-25: 공개매수에관한의견표명서 | 2026-08-24: [기재정정]불성실공시법인지정예고              (공시불이행),5
무학,033920,0,OK,,,,2026-09-15: [기재정정]기업지배구조보고서공시               | 2026-09-15: [기재정정]기업지배구조보고서공시               | 2026-09-15: [기재정정]기업지배구조보고서공시               | 2026-09-15: 주주명부폐쇄기간또는기준일설정               | 2026-08-28: 임원ㆍ주요주주특정증권등소유상황보고서,8
삼성SDI,006400,0,OK,,,,2026-09-09: 금전대여결정               | 2026-09-08: 최대주주등소유주식변동신고서               | 2026-09-04: 타인에대한담보제공결정               | 2026-09-04: 타인에대한채무보증결정               | 2026-08-31: 대규모기업집단현황공시[분기별공시(개별회사용)],8
디앤디플랫폼리츠,377190,0,OK,,,,2026-09-18: 주주총회소집결의               | 2026-09-18: 주주명부폐쇄기간또는기준일설정               | 2026-09-16: 임원ㆍ주요주주특정증권등소유상황보고서 | 2026-09-15: 주주명부폐쇄기간또는기준일설정               | 2026-09-09: 임원ㆍ주요주주특정증권등소유상황보고서,10
아이엠티,451220,0,OK,,,,2026-09-15: 임원ㆍ주요주주특정증권등소유상황보고서 | 2026-09-07: 주식등의대량보유상황보고서(약식) | 2026-08-31: 신주인수권부사채(해외신주인수권부사채포함)발행후만기전사채취득              (제4회차) | 2026-08-28: 증권발행결과(자율공시)              (제6회차 CB),4
리드코프,012700,0,OK,,,,2026-09-17: 주식등의대량보유상황보고서(일반) | 2026-09-07: 본점소재지변경               | 2026-08-25: 주식등의대량보유상황보고서(일반),3
케이탑리츠,145270,0,OK,,,,2026-09-17: 주식등의대량보유상황보고서(일반) | 2026-09-17: 최대주주등소유주식변동신고서               | 2026-09-10: 최대주주등소유주식변동신고서               | 2026-08-26: 최대주주등소유주식변동신고서              ,4
평화산업,090080,0,OK,,,,2026-09-01: 임원ㆍ주요주주특정증권등소유상황보고서 | 2026-09-01: 주식등의대량보유상황보고서(일반) | 2026-09-01: 최대주주등소유주식변동신고서               | 2026-08-25: 임원ㆍ주요주주특정증권등소유상황보고서 | 2026-08-25: 주식등의대량보유상황보고서(일반),6
현대그린푸드,453340,0,OK,,,,2026-08-31: 주식등의대량보유상황보고서(일반) | 2026-08-28: 대규모기업집단현황공시[분기별공시(개별회사용)] | 2026-08-25: 기업설명회(IR)개최(안내공시)              ,3
DKME,015590,0,OK,,,,2026-09-16: 임원ㆍ주요주주특정증권등소유상황보고서 | 2026-09-02: [기재정정]주식매수선택권부여에관한신고 | 2026-09-02: [기재정정]주식매수선택권부여에관한신고 | 2026-09-02: 소송등의제기ㆍ신청(경영권분쟁소송)              ,4
티엘엔지니어링,413300,0,OK,,,,2026-09-17: 기업설명회(IR)개최               | 2026-09-15: [기재정정]주요사항보고서(유형자산양도결정) | 2026-09-03: [기재정정]주요사항보고서(유형자산양도결정),3
바이오톡스텍,086040,0,OK,,,,2026-09-07: 임원ㆍ주요주주특정증권등소유상황보고서 | 2026-09-07: 주식등의대량보유상황보고서(일반) | 2026-09-01: 임원ㆍ주요주주특정증권등소유상황보고서 | 2026-09-01: 주식등의대량보유상황보고서(일반) | 2026-08-31: 임원ㆍ주요주주특정증권등소유상황보고서,8
교보증권,030610,0,OK,,,,2026-09-18: 증권발행실적보고서 | 2026-09-18: 증권발행실적보고서 | 2026-09-18: 증권발행실적보고서 | 2026-09-18: 증권발행실적보고서 | 2026-09-18: 증권발행실적보고서,100
GS,078930,0,OK,,,,2026-09-15: 기업설명회(IR)개최(안내공시)               | 2026-09-14: [기재정정]장래사업ㆍ경영계획(공정공시)               | 2026-09-14: 특수관계인에대한출자 | 2026-09-07: 최대주주등소유주식변동신고서               | 2026-09-01: 임원ㆍ주요주주특정증권등거래계획보고서,8
에스앤더블류,103230,0,OK,,,,2026-09-17: 주주명부폐쇄기간또는기준일설정               | 2026-09-17: 주주총회소집결의              (임시주주총회) | 2026-09-02: 주식등의대량보유상황보고서(일반) | 2026-09-02: 주식등의대량보유상황보고서(일반) | 2026-09-02: 주식등의대량보유상황보고서(일반),8
안지오랩,251280,0,OK,,,,2026-09-14: 임원ㆍ주요주주특정증권등소유상황보고서 | 2026-09-07: 임원ㆍ주요주주특정증권등소유상황보고서 | 2026-08-31: 임원ㆍ주요주주특정증권등소유상황보고서 | 2026-08-24: 임원ㆍ주요주주특정증권등소유상황보고서,4
한미글로벌,053690,0,OK,,,,2026-09-02: 최대주주등소유주식변동신고서               | 2026-09-02: 주식등의대량보유상황보고서(일반) | 2026-08-28: [기재정정]반기보고서 (2026.06),3
엘리비젼,276240,0,OK,,,,2026-09-11: [기재정정]주주총회소집결의               | 2026-08-26: 임원ㆍ주요주주특정증권등소유상황보고서 | 2026-08-26: 임원ㆍ주요주주특정증권등소유상황보고서 | 2026-08-26: 주식등의대량보유상황보고서(일반),4
아이디스,143160,0,OK,,,,2026-09-14: 주식등의대량보유상황보고서(일반) | 2026-09-14: 임원ㆍ주요주주특정증권등소유상황보고서 | 2026-09-08: 임원ㆍ주요주주특정증권등소유상황보고서 | 2026-08-31: 임원ㆍ주요주주특정증권등소유상황보고서,4
대동,000490,0,OK,,,,2026-08-26: 타법인주식및출자증권취득결정               | 2026-08-25: 최대주주등소유주식변동신고서               | 2026-08-25: 주식등의대량보유상황보고서(일반) | 2026-08-25: 타법인주식및출자증권취득결정               | 2026-08-25: 임원ㆍ주요주주특정증권등소유상황보고서,5
어보브반도체,102120,0,OK,,,,2026-08-25: 임원ㆍ주요주주특정증권등소유상황보고서 | 2026-08-25: 임원ㆍ주요주주특정증권등소유상황보고서 | 2026-08-25: 임원ㆍ주요주주특정증권등소유상황보고서 | 2026-08-25: 임원ㆍ주요주주특정증권등소유상황보고서 | 2026-08-25: 임원ㆍ주요주주특정증권등소유상황보고서,9
비큐AI,148780,0,OK,,,,2026-09-11: 임원ㆍ주요주주특정증권등소유상황보고서 | 2026-09-11: 주식등의대량보유상황보고서(일반) | 2026-09-07: 기업설명회(IR)개최               | 2026-08-25: [기재정정]주식등의대량보유상황보고서(일반) | 2026-08-25: 임원ㆍ주요주주특정증권등소유상황보고서,6
대원강업,000430,0,OK,,,,2026-09-16: 최대주주등소유주식변동신고서               | 2026-09-16: 임원ㆍ주요주주특정증권등소유상황보고서 | 2026-09-16: 주식등의대량보유상황보고서(일반) | 2026-08-28: 대규모기업집단현황공시[분기별공시(개별회사용)] | 2026-08-25: 기업설명회(IR)개최(안내공시)              ,5
ES큐브,050120,0,OK,,,,2026-08-27: 주식등의대량보유상황보고서(일반) | 2026-08-25: 임원ㆍ주요주주특정증권등소유상황보고서 | 2026-08-25: 임원ㆍ주요주주특정증권등소유상황보고서,3
미래에셋벤처투자,100790,0,OK,,,,2026-09-18: 임원ㆍ주요주주특정증권등소유상황보고서 | 2026-09-08: 임원ㆍ주요주주특정증권등소유상황보고서 | 2026-08-31: 대규모기업집단현황공시[분기별공시(개별회사용)] | 2026-08-26: 임원ㆍ주요주주특정증권등소유상황보고서 | 2026-08-25: 임원ㆍ주요주주특정증권등소유상황보고서,6
플레이위드,023770,0,OK,,,,2026-09-03: 임원ㆍ주요주주특정증권등소유상황보고서 | 2026-09-03: 임원ㆍ주요주주특정증권등소유상황보고서 | 2026-08-27: 주식등의대량보유상황보고서(일반) | 2026-08-27: 임원ㆍ주요주주특정증권등소유상황보고서,4
키다리스튜디오,020120,0,OK,,,,2026-09-10: 주식등의대량보유상황보고서(일반) | 2026-09-08: 최대주주등소유주식변동신고서               | 2026-09-03: 주식등의대량보유상황보고서(약식) | 2026-08-28: 대규모기업집단현황공시[분기별공시(개별회사용)],4
유진증권,001200,0,OK,,,,2026-09-18: 증권발행실적보고서 | 2026-09-17: [기재정정]투자설명서(일괄신고) | 2026-09-17: [기재정정]일괄신고추가서류(파생결합사채-주가연계파생결합사채) | 2026-09-17: 투자설명서(일괄신고) | 2026-09-17: 일괄신고추가서류(파생결합사채-주가연계파생결합사채),35
카카오게임즈,293490,0,OK,,,,2026-09-15: 타법인주식및출자증권취득결정               | 2026-08-25: 주식등의대량보유상황보고서(일반) | 2026-08-25: 임원ㆍ주요주주특정증권등소유상황보고서 | 2026-08-25: [기재정정]임원ㆍ주요주주특정증권등소유상황보고서 | 2026-08-24: 임원ㆍ주요주주특정증권등소유상황보고서,7
프레스티지바이오로직스,334970,0,OK,,,,2026-09-18: 사업보고서 (2026.06) | 2026-09-18: 감사보고서제출               | 2026-09-11: 주주총회소집공고 | 2026-09-11: 주주총회소집결의               | 2026-09-11: 주식병합결정              ,5
태림페이퍼,019300,0,OK,,,,2026-09-07: 특수관계인으로부터주식의취득 | 2026-09-07: 특수관계인에대한주식의처분 | 2026-08-31: 대규모기업집단현황공시[분기별공시(개별회사용)] | 2026-08-31: 특수관계인에대한자금대여,4
SH에너지화학,002360,0,OK,,,,2026-09-11: 기타경영사항(자율공시)               | 2026-08-28: 최대주주등소유주식변동신고서               | 2026-08-28: 임원ㆍ주요주주특정증권등소유상황보고서,3
한전KPS,051600,0,OK,,,,2026-09-17: 주주총회소집공고 | 2026-09-16: 주주총회소집결의               | 2026-09-03: 지속가능경영보고서등관련사항(자율공시)               | 2026-08-25: 기업설명회(IR)개최(안내공시)              ,4
SFA,056190,0,OK,,,,2026-09-17: 주식등의대량보유상황보고서(일반) | 2026-09-11: 임원ㆍ주요주주특정증권등소유상황보고서 | 2026-09-04: 기업설명회(IR)개최              ,3
FSN,214270,0,OK,,,,2026-09-18: 임원ㆍ주요주주특정증권등소유상황보고서 | 2026-09-18: 주식등의대량보유상황보고서(일반) | 2026-09-14: 임원ㆍ주요주주특정증권등소유상황보고서 | 2026-09-14: 임원ㆍ주요주주특정증권등소유상황보고서 | 2026-09-14: 임원ㆍ주요주주특정증권등소유상황보고서,10
NHN,181710,0,OK,,,,2026-09-08: 기업설명회(IR)개최(안내공시)               | 2026-09-01: 임원ㆍ주요주주특정증권등소유상황보고서 | 2026-08-28: 투자판단관련주요경영사항               | 2026-08-28: 타인에대한채무보증결정               | 2026-08-28: 타인에대한채무보증결정              ,5
팬스타엔터프라이즈,054300,0,OK,,,,2026-09-18: 전환청구권행사               | 2026-09-11: 주식등의대량보유상황보고서(일반) | 2026-09-01: 임원ㆍ주요주주특정증권등소유상황보고서 | 2026-09-01: 주식등의대량보유상황보고서(일반) | 2026-08-31: 타인에대한채무보증결정(자율공시)              ,5
유진로봇,056080,0,OK,,,,2026-09-17: 주식등의대량보유상황보고서(일반) | 2026-09-10: 주식등의대량보유상황보고서(약식) | 2026-08-21: 임원ㆍ주요주주특정증권등거래계획보고서,3
한빛레이저,452190,0,OK,,,,2026-09-14: 임원ㆍ주요주주특정증권등소유상황보고서 | 2026-09-14: 임원ㆍ주요주주특정증권등소유상황보고서 | 2026-09-14: 임원ㆍ주요주주특정증권등소유상황보고서,3
에이텍모빌리티,224110,0,OK,,,,2026-09-11: 신탁계약해지결과보고서 | 2026-08-25: 주식등의대량보유상황보고서(일반) | 2026-08-25: 임원ㆍ주요주주특정증권등소유상황보고서,3
소프트센,032680,0,OK,,,,2026-09-15: 주주명부폐쇄기간또는기준일설정               | 2026-09-15: 주주총회소집결의              (임시주주총회) | 2026-09-01: 전환사채(해외전환사채포함)발행후만기전사채취득              (제11회차),3
새빗켐,107600,0,OK,,,,2026-09-01: 주식등의대량보유상황보고서(일반) | 2026-09-01: 임원ㆍ주요주주특정증권등소유상황보고서 | 2026-09-01: [기재정정]주식등의대량보유상황보고서(일반) | 2026-09-01: [기재정정]주식등의대량보유상황보고서(일반) | 2026-09-01: [기재정정]주식등의대량보유상황보고서(일반),10
한화,000880,0,OK,,,,2026-09-10: 기업설명회(IR)개최(안내공시)               | 2026-09-09: [기재정정]중대재해발생(종속회사의주요경영사항)               | 2026-09-02: [기재정정]중대재해발생               | 2026-08-31: [기재정정]반기보고서 (2026.06) | 2026-08-31: 대규모기업집단현황공시[분기별공시(대표회사용)],5
로젠,033290,0,OK,,,,2026-09-18: 투자설명서 | 2026-09-18: 효력발생안내( 2026.9.8. 제출 증권신고서(합병) ) | 2026-09-09: 주식등의대량보유상황보고서(일반) | 2026-09-08: [첨부정정]증권신고서(합병) | 2026-09-08: [기재정정]증권신고서(합병),6
옵티코어,380540,0,OK,,,,2026-09-11: [기재정정]주요사항보고서(자기전환사채만기전취득결정) | 2026-09-10: 독립이사의선임ㆍ해임또는중도퇴임에관한신고 | 2026-09-10: 임시주주총회결과              (제11기) | 2026-08-31: [기재정정]주요사항보고서(자기전환사채만기전취득결정) | 2026-08-26: 의결권대리행사권유참고서류,7
동진쎄미켐,005290,0,OK,,,,2026-09-02: 신탁계약해지결과보고서 | 2026-08-31: 주요사항보고서(자기주식취득신탁계약해지결정) | 2026-08-24: 기업설명회(IR)개최              ,3
비씨엔씨,146320,0,OK,,,,2026-09-11: 주식등의대량보유상황보고서(일반) | 2026-09-11: 임원ㆍ주요주주특정증권등소유상황보고서 | 2026-09-11: 임원ㆍ주요주주특정증권등소유상황보고서,3
풍원정밀,371950,0,OK,,,,2026-09-01: 주식등의대량보유상황보고서(일반) | 2026-08-31: 단기차입금감소결정(자율공시)               | 2026-08-24: [기재정정]반기보고서 (2026.06) | 2026-08-24: 소액공모실적보고서 | 2026-08-24: 증권발행결과(자율공시)              ,6
이지스밸류플러스리츠,334890,0,OK,,,,2026-09-16: 임원ㆍ주요주주특정증권등소유상황보고서 | 2026-09-09: 임원ㆍ주요주주특정증권등소유상황보고서 | 2026-09-03: 임원ㆍ주요주주특정증권등소유상황보고서 | 2026-09-01: 임원ㆍ주요주주특정증권등소유상황보고서 | 2026-08-27: 임원ㆍ주요주주특정증권등소유상황보고서,6
원림,005820,0,OK,,,,2026-09-07: 기타경영사항(자율공시)              (특허권 취득) | 2026-08-24: 주식등의대량보유상황보고서(일반) | 2026-08-24: 임원ㆍ주요주주특정증권등소유상황보고서 | 2026-08-24: 최대주주등소유주식변동신고서              ,4
오가닉티코스메틱,900300,0,OK,,,,2026-09-15: 주식등의대량보유상황보고서(약식) | 2026-09-15: 주식등의대량보유상황보고서(약식) | 2026-09-15: 주식등의대량보유상황보고서(약식) | 2026-09-15: 주식등의대량보유상황보고서(일반) | 2026-09-14: 증권발행결과(자율공시)              (제3자배정 유상증자),7
팅크웨어,084730,0,OK,,,,2026-09-14: 주식등의대량보유상황보고서(일반) | 2026-09-14: 임원ㆍ주요주주특정증권등소유상황보고서 | 2026-08-31: 주식등의대량보유상황보고서(일반),3
조광피혁,004700,0,OK,,,,2026-09-14: 임원ㆍ주요주주특정증권등거래계획보고서 | 2026-09-14: 임원ㆍ주요주주특정증권등소유상황보고서 | 2026-09-14: [기재정정]주식등의대량보유상황보고서(약식) | 2026-09-14: [기재정정]주식등의대량보유상황보고서(약식),4
엠브레인,169330,0,OK,,,,2026-09-14: 주주총회소집공고 | 2026-09-04: 현금ㆍ현물배당결정               | 2026-09-04: 주주총회소집결의              ,3
케이씨티시,009070,0,OK,,,,2026-09-14: 특수관계인에대한담보제공 | 2026-09-14: 임원ㆍ주요주주특정증권등소유상황보고서 | 2026-09-14: 주식등의대량보유상황보고서(일반) | 2026-09-14: 타인에대한담보제공결정               | 2026-09-14: 최대주주등소유주식변동신고서              ,6
양지사,030960,0,OK,,,,2026-09-18: 정기주주총회결과               | 2026-09-10: 사업보고서 (2026.06) | 2026-09-03: 주주총회소집공고 | 2026-09-02: 감사보고서제출              ,4
효성오앤비,097870,0,OK,,,,2026-09-18: 사업보고서 (2026.06) | 2026-09-15: 감사보고서제출               | 2026-09-11: 의결권대리행사권유참고서류 | 2026-09-11: 주주총회소집공고,4
세원정공,021820,0,OK,,,,2026-09-15: 주주총회소집공고 | 2026-09-15: 주주총회소집결의               | 2026-09-15: 현금ㆍ현물배당결정               | 2026-09-01: 매출액또는손익구조30%(대규모법인은15%)이상변경              ,4
대영포장,014160,0,OK,,,,2026-09-14: 임원ㆍ주요주주특정증권등소유상황보고서 | 2026-09-03: 임시주주총회결과               | 2026-08-24: 최대주주등소유주식변동신고서               | 2026-08-24: 주식등의대량보유상황보고서(일반) | 2026-08-24: 임원ㆍ주요주주특정증권등소유상황보고서,5
제이알글로벌리츠,348950,0,OK,,,,2026-09-17: 기업설명회(IR)개최(안내공시)               | 2026-09-15: 의결권대리행사권유참고서류 | 2026-09-15: 주주총회소집공고 | 2026-09-14: [기재정정]주요사항보고서(회생절차개시신청) | 2026-09-09: 투자판단관련주요경영사항              ,7
비츠로시스,054220,0,OK,,[기재정정]단일판매ㆍ공급계약체결              (+5),최대주주변경을수반하는주식담보제공계약체결              (-5),2026-09-17: [기재정정]의결권대리행사권유참고서류 | 2026-09-17: [기재정정]주주총회소집공고 | 2026-09-17: [기재정정]주주총회소집결의              (임시주주총회) | 2026-09-10: 주식등의대량보유상황보고서(일반) | 2026-09-08: 의결권대리행사권유참고서류,16
이노진,344860,0,OK,,,,2026-08-25: 임원ㆍ주요주주특정증권등소유상황보고서 | 2026-08-24: 임원ㆍ주요주주특정증권등소유상황보고서 | 2026-08-24: 주식등의대량보유상황보고서(일반),3
신세계I&C,035510,0,OK,,,,2026-09-18: [기재정정]기업가치제고계획(자율공시)               | 2026-09-18: 수시공시의무관련사항(공정공시)               | 2026-09-18: 동일인등출자계열회사와의상품ㆍ용역거래 | 2026-08-31: [기재정정]유형자산처분결정               | 2026-08-31: 대규모기업집단현황공시[분기별공시(개별회사용)],5
화승코퍼레이션,013520,0,OK,,,,2026-09-15: 최대주주등소유주식변동신고서               | 2026-09-01: 주식등의대량보유상황보고서(일반) | 2026-09-01: 최대주주등소유주식변동신고서               | 2026-08-25: 최대주주등소유주식변동신고서              ,4
솔브레인홀딩스,036830,0,OK,,,,2026-09-16: 지주회사의자회사편입ㆍ탈퇴               | 2026-09-16: 해산사유발생(자회사의 주요경영사항)               | 2026-09-10: 주식등의대량보유상황보고서(일반) | 2026-09-01: 임원ㆍ주요주주특정증권등소유상황보고서 | 2026-09-01: 주식등의대량보유상황보고서(일반),5
코스맥스비티아이,044820,0,OK,,,,2026-09-16: 주식등의대량보유상황보고서(일반) | 2026-09-10: 주식등의대량보유상황보고서(약식) | 2026-09-10: 대표이사(대표집행임원)변경(안내공시)               | 2026-09-01: 금전대여결정(자회사의 주요경영사항)               | 2026-09-01: 단기차입금증가결정(자회사의 주요경영사항)              ,7
이엘피,063760,0,OK,,,,2026-09-15: 중간(분기)배당을위한주주명부폐쇄(기준일)결정               | 2026-08-25: 임원ㆍ주요주주특정증권등소유상황보고서 | 2026-08-25: 주식등의대량보유상황보고서(일반),3
현대코퍼레이션,011760,0,OK,,,,2026-09-16: [기재정정]타인에대한채무보증결정               | 2026-09-16: 타인에대한채무보증결정               | 2026-08-26: 타인에대한채무보증결정               | 2026-08-26: 타인에대한채무보증결정               | 2026-08-26: 타인에대한채무보증결정              ,6
컴투스엔,291230,0,OK,,,,2026-09-10: 임원ㆍ주요주주특정증권등소유상황보고서 | 2026-08-31: [기재정정]투자판단관련주요경영사항              (전환사채 인수계약 조건 일부 변경) | 2026-08-24: 투자판단관련주요경영사항              (전환사채 인수계약 조건 일부 변경),3
지엔코,065060,0,OK,,,,2026-09-08: 특수관계인으로부터자금차입 | 2026-09-08: 주식등의대량보유상황보고서(일반) | 2026-08-31: 주식등의대량보유상황보고서(일반) | 2026-08-28: 대규모기업집단현황공시[분기별공시(개별회사용)] | 2026-08-25: 특수관계인으로부터자금차입,5
알리코제약,260660,0,OK,,,,2026-09-11: [첨부추가]임시주주총회결과               | 2026-09-11: 독립이사의선임ㆍ해임또는중도퇴임에관한신고 | 2026-09-11: 대표이사변경               | 2026-08-27: 의결권대리행사권유참고서류 | 2026-08-27: 주주총회소집공고,5
NICE,034310,0,OK,,,,2026-09-11: 대표이사(대표집행임원)변경(안내공시)               | 2026-09-11: 주식등의대량보유상황보고서(일반) | 2026-09-04: 신탁계약해지결과보고서 | 2026-09-04: 주요사항보고서(자기주식취득신탁계약해지결정) | 2026-09-03: 주식등의대량보유상황보고서(일반),5
메드팩토,235980,0,OK,,,,"2026-09-18: [기재정정]투자판단관련주요경영사항(임상시험계획변경승인)              (재발성, 불응성 또는 진행성 골육종 환자 대상 백토서팁 단독 요법 제1/2상 임상시험계획(IND) 한국 식약처(MFDS) 변경승인) | 2026-09-18: [기재정정]투자판단관련주요경영사항(임상시험계획변경승인신청)              (재발성, 불응성 또는 진행성 골육종 환자 대상 백토서팁 단독 요법 제1/2상 임상시험계획(IND) 한국 식약처(MFDS) 변경승인신청) | 2026-09-18: 투자판단관련주요경영사항(임상시험계획변경승인신청)              (재발성, 불응성 또는 진행성 골육종 환자 대상 백토서팁 단독 요법 제1/2상 임상시험계획(IND) 미국 식품의약국(FDA) 변경승인신청) | 2026-09-15: 투자판단관련주요경영사항(임상시험계획변경승인)              (재발성, 불응성 또는 진행성 골육종 환자 대상 백토서팁 단독 요법 제1/2상 임상시험",4
오텍,067170,0,OK,,,,2026-09-01: 주식등의대량보유상황보고서(일반) | 2026-09-01: 임원ㆍ주요주주특정증권등소유상황보고서 | 2026-08-31: 타인에대한채무보증결정              ,3
와이엠티,251370,0,OK,,,,2026-09-04: 주식등의대량보유상황보고서(일반) | 2026-09-01: 소송등의제기ㆍ신청(일정금액이상의청구)               | 2026-08-31: 자기주식취득결과보고서 | 2026-08-27: 주식등의대량보유상황보고서(일반) | 2026-08-27: 임원ㆍ주요주주특정증권등소유상황보고서,5
한화머시너리앤서비스홀딩스,0220W0,0,OK,,,,2026-09-08: 의결권대리행사권유참고서류 | 2026-09-08: 주주총회소집공고 | 2026-09-01: [기재정정]주식등의대량보유상황보고서(일반) | 2026-08-28: 임원ㆍ주요주주특정증권등소유상황보고서 | 2026-08-28: 임원ㆍ주요주주특정증권등소유상황보고서,11
기도산업,282620,0,OK,,,,2026-08-28: [기재정정]반기보고서 (2026.06) | 2026-08-26: 반기보고서 (2026.06) | 2026-08-25: 임원ㆍ주요주주특정증권등소유상황보고서 | 2026-08-25: 주식등의대량보유상황보고서(일반),4
동원산업,006040,0,OK,,,,2026-09-07: [기재정정]현금ㆍ현물배당결정               | 2026-09-02: [기재정정]타인에대한채무보증결정               | 2026-08-28: 대규모기업집단현황공시[분기별공시(대표회사용)] | 2026-08-24: [기재정정]타인에대한채무보증결정              ,4
인바이츠바이오코아,216400,0,OK,,,,2026-09-18: 기업설명회(IR)개최               | 2026-08-28: 주식등의대량보유상황보고서(약식) | 2026-08-28: 주식등의대량보유상황보고서(약식) | 2026-08-25: 대표이사변경               | 2026-08-25: 불성실공시법인지정              (공시불이행),6
대호에이엘,069460,0,OK,,,,2026-09-01: [기재정정]독립이사의선임ㆍ해임또는중도퇴임에관한신고 | 2026-08-31: 소송등의판결ㆍ결정               | 2026-08-25: 독립이사의선임ㆍ해임또는중도퇴임에관한신고 | 2026-08-25: 대표이사(대표집행임원)변경(안내공시)               | 2026-08-25: 임시주주총회결과              ,6
한국콜마,161890,0,OK,,,,2026-09-15: 기업설명회(IR)개최(안내공시)               | 2026-09-10: 기업설명회(IR)개최(안내공시)               | 2026-09-09: 기업설명회(IR)개최(안내공시)               | 2026-09-08: 기업설명회(IR)개최(안내공시)               | 2026-09-07: 기업설명회(IR)개최(안내공시)              ,14
DB손해보험,005830,0,OK,,,,2026-09-01: 동일인등출자계열회사와의상품ㆍ용역거래 | 2026-09-01: 특수관계인과의수익증권거래 | 2026-09-01: 특수관계인과의수익증권거래 | 2026-09-01: 특수관계인에대한자금대여 | 2026-08-31: 대규모기업집단현황공시[분기별공시(개별회사용)],6
금비,008870,0,OK,,,,2026-09-15: 주주명부폐쇄기간또는기준일설정               | 2026-09-14: 임원ㆍ주요주주특정증권등소유상황보고서 | 2026-09-14: 최대주주등소유주식변동신고서               | 2026-09-04: 임원ㆍ주요주주특정증권등소유상황보고서 | 2026-09-04: 최대주주등소유주식변동신고서              ,7
아모레퍼시픽홀딩스,002790,0,OK,,,,2026-09-16: 최대주주등소유주식변동신고서               | 2026-09-16: 임원ㆍ주요주주특정증권등소유상황보고서 | 2026-09-09: 최대주주등소유주식변동신고서               | 2026-09-09: 임원ㆍ주요주주특정증권등소유상황보고서 | 2026-09-02: 최대주주등소유주식변동신고서              ,7
롯데리츠,330590,0,OK,,,,2026-09-16: 임원ㆍ주요주주특정증권등소유상황보고서 | 2026-09-14: [기재정정]부동산투자회사금전배당결정               | 2026-09-14: 부동산투자회사자금차입               | 2026-09-14: 의결권대리행사권유참고서류 | 2026-09-14: 주주총회소집공고,10
제이엔비,452160,0,OK,,,,2026-08-24: 임원ㆍ주요주주특정증권등소유상황보고서 | 2026-08-24: 주식등의대량보유상황보고서(일반) | 2026-08-24: 임원ㆍ주요주주특정증권등소유상황보고서,3
롯데에너지머티리얼즈,020150,0,OK,,,,2026-09-03: [기재정정]타법인주식및출자증권처분결정               | 2026-08-28: 기업설명회(IR)개최(안내공시)               | 2026-08-27: 대규모기업집단현황공시[분기별공시(개별회사용)] | 2026-08-21: 기업설명회(IR)개최(안내공시)               | 2026-08-21: 기업설명회(IR)개최(안내공시)              ,6
아모레퍼시픽,090430,0,OK,,,,2026-09-17: 임원ㆍ주요주주특정증권등소유상황보고서 | 2026-09-16: 기업설명회(IR)개최(안내공시)               | 2026-09-16: 최대주주등소유주식변동신고서               | 2026-09-16: 임원ㆍ주요주주특정증권등소유상황보고서 | 2026-09-16: 임원ㆍ주요주주특정증권등소유상황보고서,52
미래에셋증권,006800,0,OK,,,,2026-09-18: 임원ㆍ주요주주특정증권등소유상황보고서 | 2026-09-18: 증권발행실적보고서 | 2026-09-18: 증권발행실적보고서 | 2026-09-17: 풍문또는보도에대한해명               | 2026-09-17: 증권발행실적보고서,100
KSS해운,044450,0,OK,,,,2026-09-08: 임원ㆍ주요주주특정증권등소유상황보고서 | 2026-09-04: 임원ㆍ주요주주특정증권등소유상황보고서 | 2026-08-25: 기업설명회(IR)개최(안내공시)               | 2026-08-24: 주식등의대량보유상황보고서(약식) | 2026-08-21: 임원ㆍ주요주주특정증권등소유상황보고서,5
엠케이전자,033160,0,OK,,,,2026-09-16: 기업설명회(IR)개최               | 2026-09-09: 주식등의대량보유상황보고서(약식) | 2026-09-09: 기업설명회(IR)개최               | 2026-09-04: 주식등의대량보유상황보고서(일반) | 2026-08-21: 주식등의대량보유상황보고서(약식),5
대동금속,020400,0,OK,,,,2026-09-01: 주식등의대량보유상황보고서(일반) | 2026-09-01: 임원ㆍ주요주주특정증권등소유상황보고서 | 2026-08-26: [기재정정]타법인주식및출자증권취득결정               | 2026-08-26: 증권발행결과(자율공시)              ,4
태영건설,009410,0,🚨 YES,주요사항보고서(유상증자결정),[기재정정]단일판매ㆍ공급계약체결              (+5) | [기재정정]단일판매ㆍ공급계약체결              (+5) | [기재정정]단일판매ㆍ공급계약체결              (+5),주요사항보고서(유상증자결정)(-15),2026-09-15: [기재정정]단일판매ㆍ공급계약체결               | 2026-09-15: 기타안내사항(안내공시)               | 2026-09-15: [기재정정]단일판매ㆍ공급계약체결               | 2026-09-04: 유상증자또는주식관련사채등의발행결과(자율공시)               | 2026-08-28: [기재정정]단일판매ㆍ공급계약체결              ,7
고려아연,010130,0,OK,,,,2026-09-17: 주식등의대량보유상황보고서(일반) | 2026-09-17: 중대재해발생               | 2026-09-09: 독립이사의선임ㆍ해임또는중도퇴임에관한신고 | 2026-09-09: 임시주주총회결과               | 2026-09-07: 소송등의판결ㆍ결정              ,11
세방전지,004490,0,OK,,,,2026-09-14: 금전대여결정               | 2026-09-04: 임원ㆍ주요주주특정증권등소유상황보고서 | 2026-08-28: 타인에대한채무보증결정              ,3
사조오양,006090,0,OK,,,,2026-09-04: 최대주주등소유주식변동신고서               | 2026-09-04: 임원ㆍ주요주주특정증권등소유상황보고서 | 2026-09-04: 주식등의대량보유상황보고서(일반) | 2026-08-28: 대규모기업집단현황공시[분기별공시(개별회사용)],4
대한항공,003490,0,OK,,,,2026-09-16: 증권발행실적보고서 | 2026-09-16: 투자설명서 | 2026-09-15: [발행조건확정]증권신고서(채무증권) | 2026-09-10: [발행조건확정]증권신고서(채무증권) | 2026-09-10: [기재정정]증권신고서(채무증권),11
세종텔레콤,036630,0,OK,,,,2026-09-09: 주식등의대량보유상황보고서(일반) | 2026-09-09: 임원ㆍ주요주주특정증권등소유상황보고서 | 2026-08-31: 주식등의대량보유상황보고서(일반) | 2026-08-31: 임원ㆍ주요주주특정증권등소유상황보고서,4
우리금융캐피탈,033660,0,OK,,,,2026-09-10: 증권발행실적보고서 | 2026-09-09: 투자설명서(일괄신고) | 2026-09-09: 일괄신고추가서류 | 2026-08-26: 증권발행실적보고서 | 2026-08-25: 투자설명서(일괄신고),6
고영,098460,0,OK,,,,2026-09-14: 기업설명회(IR)개최               | 2026-09-08: 임원ㆍ주요주주특정증권등소유상황보고서 | 2026-09-08: 임원ㆍ주요주주특정증권등소유상황보고서 | 2026-09-08: 주식등의대량보유상황보고서(일반) | 2026-09-08: 주식등의대량보유상황보고서(약식),6
삼양홀딩스,000070,0,OK,,,,2026-09-17: [기재정정]벌금등의부과(자회사의 주요경영사항)               | 2026-09-10: [기재정정]벌금등의부과(자회사의 주요경영사항)               | 2026-08-31: [기재정정]벌금등의부과(자회사의 주요경영사항)               | 2026-08-31: 대규모기업집단현황공시[분기별공시(대표회사용)] | 2026-08-28: 주식등의대량보유상황보고서(일반),5
알테오젠,196170,0,OK,,,,2026-09-02: 투자판단관련주요경영사항              (재조합 인간 히알루로니다제 제품 ALT-B4 독점적 옵션·라이선스 계약 체결) | 2026-08-31: 투자판단관련주요경영사항              (ALT-B4 라이선스 계약 파트너사 MSD로부터 판매 마일스톤 수령 예정) | 2026-08-21: 신규시설투자등              ,3
교촌에프앤비,339770,0,OK,,,,2026-09-04: 임원ㆍ주요주주특정증권등소유상황보고서 | 2026-09-04: 임원ㆍ주요주주특정증권등소유상황보고서 | 2026-09-04: 임원ㆍ주요주주특정증권등소유상황보고서 | 2026-09-04: 임원ㆍ주요주주특정증권등소유상황보고서 | 2026-09-04: 임원ㆍ주요주주특정증권등소유상황보고서,19
삼양컴텍,484590,0,OK,,,,2026-09-15: 기업설명회(IR)개최               | 2026-09-14: 임원ㆍ주요주주특정증권등소유상황보고서 | 2026-09-14: 임원ㆍ주요주주특정증권등소유상황보고서 | 2026-09-14: 임원ㆍ주요주주특정증권등소유상황보고서 | 2026-09-14: 임원ㆍ주요주주특정증권등소유상황보고서,28
한화투자증권,003530,0,OK,,,,2026-09-18: 증권발행실적보고서 | 2026-09-18: 투자설명서(일괄신고) | 2026-09-18: 증권발행실적보고서 | 2026-09-18: 일괄신고추가서류(파생결합사채-주가연계파생결합사채) | 2026-09-18: 증권발행실적보고서,100
웰킵스하이텍,043590,0,OK,,,,2026-09-18: 임원ㆍ주요주주특정증권등소유상황보고서 | 2026-09-11: 임원ㆍ주요주주특정증권등소유상황보고서 | 2026-08-26: 주식등의대량보유상황보고서(일반),3
영흥,012160,0,OK,,,,2026-09-04: 합병등종료보고서(자산양수도) | 2026-09-04: 주식등의대량보유상황보고서(약식) | 2026-08-28: [기재정정]유형자산처분결정               | 2026-08-28: [기재정정]주요사항보고서(유형자산양도결정) | 2026-08-28: [기재정정]타인에대한담보제공결정              ,6
한국특강,007280,0,OK,,,,2026-09-14: 자산재평가실시결정(자율공시)               | 2026-09-01: 최대주주등소유주식변동신고서               | 2026-09-01: 주식등의대량보유상황보고서(일반),3
핸즈코퍼레이션,143210,0,OK,,,,2026-09-15: 주주총회소집공고 | 2026-09-02: [기재정정]반기보고서 (2026.06) | 2026-08-24: 주주명부폐쇄기간또는기준일설정               | 2026-08-24: 주주총회소집결의              ,4
덕산테코피아,317330,0,OK,,,,2026-09-11: 주주명부폐쇄기간또는기준일설정               | 2026-09-11: 주주총회소집결의              (임시주주총회) | 2026-09-07: 기업설명회(IR)개최               | 2026-09-07: 기업설명회(IR)개최               | 2026-09-07: 종속회사등상장에대한주주영향평가등              ,5
밸로프,331520,0,OK,,,,2026-09-16: 임원ㆍ주요주주특정증권등소유상황보고서 | 2026-09-08: 임원ㆍ주요주주특정증권등소유상황보고서 | 2026-09-01: 임원ㆍ주요주주특정증권등소유상황보고서 | 2026-08-25: 임원ㆍ주요주주특정증권등소유상황보고서,4
이엠텍,091120,0,OK,,,,2026-09-15: 주식등의대량보유상황보고서(일반) | 2026-09-14: 기업설명회(IR)개최               | 2026-09-09: 임원ㆍ주요주주특정증권등소유상황보고서 | 2026-08-26: 주식등의대량보유상황보고서(일반) | 2026-08-26: 임원ㆍ주요주주특정증권등소유상황보고서,5
다올투자증권,030210,0,OK,,,,2026-09-18: 풍문또는보도에대한해명(미확정)               | 2026-09-10: 소송등의제기ㆍ신청(일정금액이상의청구)               | 2026-09-01: 소송등의제기ㆍ신청(일정금액이상의청구)               | 2026-08-21: 소송등의판결ㆍ결정(일정금액이상의청구)              ,4
티케이지애강,022220,0,OK,,,,2026-09-15: 공개매수에관한의견표명서 | 2026-08-31: 공개매수설명서 | 2026-08-31: 공개매수신고서,3
디아이동일,001530,0,OK,,,,2026-09-15: 최대주주등소유주식변동신고서               | 2026-09-15: 주식등의대량보유상황보고서(일반) | 2026-09-15: 임원ㆍ주요주주특정증권등소유상황보고서 | 2026-09-04: 기업설명회(IR)개최(안내공시)               | 2026-08-26: 기업설명회(IR)개최(안내공시)              ,5
TCC스틸,002710,0,OK,,,,2026-09-03: 최대주주등소유주식변동신고서               | 2026-09-03: 임원ㆍ주요주주특정증권등소유상황보고서 | 2026-09-03: 주식등의대량보유상황보고서(일반),3
상상인증권,001290,0,OK,,,,2026-09-04: 풍문또는보도에대한해명(미확정)               | 2026-08-27: 임원ㆍ주요주주특정증권등소유상황보고서 | 2026-08-27: 임원ㆍ주요주주특정증권등소유상황보고서 | 2026-08-27: 주식등의대량보유상황보고서(일반) | 2026-08-27: 임원ㆍ주요주주특정증권등소유상황보고서,6
테라뷰,950250,0,OK,,,,2026-09-14: 기업설명회(IR)개최               | 2026-09-11: 조회공시요구(현저한시황변동)에대한답변(미확정)               | 2026-09-10: 조회공시요구(현저한시황변동)               | 2026-09-01: 임원ㆍ주요주주특정증권등소유상황보고서 | 2026-09-01: 주식등의대량보유상황보고서(일반),8
파크시스템스,140860,0,OK,,,,2026-09-04: 기업설명회(IR)개최               | 2026-09-03: 주식등의대량보유상황보고서(약식) | 2026-09-01: 기업설명회(IR)개최              ,3
이엔플러스,074610,0,OK,,,,2026-09-07: 주주명부폐쇄기간또는기준일설정               | 2026-09-07: 주주총회소집결의               | 2026-08-25: 소송등의판결ㆍ결정              ,3
한국앤컴퍼니,000240,0,OK,,,,2026-09-09: 주식등의대량보유상황보고서(일반) | 2026-09-04: 생산재개(자율공시)               | 2026-08-31: 대규모기업집단현황공시[분기별공시(대표회사용)] | 2026-08-25: 생산중단              ,4
영화금속,012280,0,OK,,,,2026-09-09: 임원ㆍ주요주주특정증권등거래계획보고서 | 2026-09-02: 임원ㆍ주요주주특정증권등소유상황보고서 | 2026-09-02: 최대주주등소유주식변동신고서               | 2026-09-02: 주식등의대량보유상황보고서(일반),4
삼성출판사,068290,0,OK,,,,2026-09-14: 임원ㆍ주요주주특정증권등소유상황보고서 | 2026-09-14: 임원ㆍ주요주주특정증권등소유상황보고서 | 2026-09-14: 주식등의대량보유상황보고서(일반) | 2026-09-14: 임원ㆍ주요주주특정증권등소유상황보고서 | 2026-09-11: 최대주주등소유주식변동신고서              ,6
영우디에스피,143540,0,OK,,,,2026-09-17: 주식등의대량보유상황보고서(약식) | 2026-08-21: 주식등의대량보유상황보고서(일반) | 2026-08-21: 임원ㆍ주요주주특정증권등소유상황보고서 | 2026-08-21: 임원ㆍ주요주주특정증권등소유상황보고서,4
TJ미디어,032540,0,OK,,,,2026-09-10: 주식등의대량보유상황보고서(일반) | 2026-09-08: 주주총회소집공고 | 2026-08-21: 주식등의대량보유상황보고서(일반),3
사조대림,003960,0,OK,,,,2026-09-04: 최대주주등소유주식변동신고서               | 2026-09-04: 임원ㆍ주요주주특정증권등소유상황보고서 | 2026-09-04: 임원ㆍ주요주주특정증권등소유상황보고서 | 2026-09-04: 주식등의대량보유상황보고서(일반) | 2026-08-28: 대규모기업집단현황공시[분기별공시(개별회사용)],7
꿈비,407400,0,OK,,,,2026-09-17: 주식등의대량보유상황보고서(일반) | 2026-09-16: 주주총회소집결의              (임시주주총회) | 2026-09-16: 주주명부폐쇄기간또는기준일설정               | 2026-09-04: 주식등의대량보유상황보고서(일반),4
에스에이티,060540,0,OK,,,,2026-09-16: 주식등의대량보유상황보고서(일반) | 2026-09-15: 임원ㆍ주요주주특정증권등소유상황보고서 | 2026-09-08: 주식등의대량보유상황보고서(일반) | 2026-09-07: 임원ㆍ주요주주특정증권등소유상황보고서,4
HS효성,487570,0,OK,,,,2026-09-15: 의결권대리행사권유참고서류 | 2026-09-15: 주주총회소집공고 | 2026-09-15: 최대주주등소유주식변동신고서               | 2026-09-15: [기재정정]주식등의대량보유상황보고서(일반) | 2026-09-15: [기재정정]주식등의대량보유상황보고서(일반),13
퀀타매트릭스,317690,0,OK,,,,2026-09-15: 임시주주총회결과               | 2026-09-15: 상호변경안내               | 2026-09-08: 전환사채(해외전환사채포함)발행후만기전사채취득               | 2026-08-31: 주주총회소집공고 | 2026-08-28: [기재정정]주주총회소집결의              (임시주주총회),5
신한은행,000010,0,OK,,,,2026-09-18: 증권발행실적보고서 | 2026-09-17: 투자설명서(일괄신고) | 2026-09-17: 일괄신고추가서류 | 2026-09-15: 발행사실보고서 | 2026-09-16: 증권발행실적보고서,29
KISCO홀딩스,001940,0,OK,,,,2026-09-09: 신탁계약해지결과보고서 | 2026-09-09: 주요사항보고서(자기주식취득신탁계약해지결정) | 2026-09-09: 주요사항보고서(자기주식취득신탁계약해지결정)(자회사의 주요경영사항)               | 2026-09-09: 신탁계약에의한취득상황보고서,4
KR모터스,000040,0,OK,,,,2026-09-10: 주식등의대량보유상황보고서(약식) | 2026-09-10: 주주명부폐쇄기간또는기준일설정               | 2026-09-10: 주주총회소집결의               | 2026-09-04: 주식등의대량보유상황보고서(일반) | 2026-09-04: 기타안내사항(안내공시)              ,10
금호에이치티,214330,0,OK,,,,2026-09-15: 타법인주식및출자증권처분결정               | 2026-09-03: 임원ㆍ주요주주특정증권등거래계획보고서 | 2026-08-28: 최대주주등소유주식변동신고서               | 2026-08-28: 임원ㆍ주요주주특정증권등소유상황보고서 | 2026-08-28: 주식등의대량보유상황보고서(일반),8
코미코,183300,0,OK,,,,2026-09-14: 주식등의대량보유상황보고서(일반) | 2026-09-14: 주식등의대량보유상황보고서(약식) | 2026-09-03: 주식등의대량보유상황보고서(일반) | 2026-08-28: 임원ㆍ주요주주특정증권등소유상황보고서 | 2026-08-28: 임원ㆍ주요주주특정증권등소유상황보고서,6
미래에셋글로벌리츠,396690,0,OK,,,,2026-09-16: 임원ㆍ주요주주특정증권등소유상황보고서 | 2026-09-14: 주주명부폐쇄기간또는기준일설정               | 2026-09-09: 임원ㆍ주요주주특정증권등소유상황보고서 | 2026-09-03: 임원ㆍ주요주주특정증권등소유상황보고서 | 2026-09-01: 주식등의대량보유상황보고서(약식),5
코웨이,021240,0,OK,,,,2026-09-18: 기업설명회(IR)개최(안내공시)               | 2026-09-10: 증권발행실적보고서 | 2026-09-10: 투자설명서 | 2026-09-09: [발행조건확정]증권신고서(채무증권) | 2026-09-09: [기재정정]증권신고서(채무증권),18
LG,003550,0,OK,,,,2026-09-14: 최대주주등소유주식변동신고서               | 2026-09-09: 기업설명회(IR)개최(안내공시)               | 2026-08-28: 대규모기업집단현황공시[분기별공시(대표회사용)] | 2026-08-27: 현금ㆍ현물배당결정               | 2026-08-27: 현금ㆍ현물배당을위한주주명부폐쇄(기준일)결정              ,5
코아스템켐온,166480,0,OK,,,,"2026-09-04: 교환청구권행사              (제2회, 3회, 4회차) | 2026-09-03: 임원ㆍ주요주주특정증권등소유상황보고서 | 2026-09-03: 주식등의대량보유상황보고서(일반)",3
세니젠,188260,0,OK,,,,2026-09-03: 기업설명회(IR)개최               | 2026-08-27: 기업설명회(IR)개최               | 2026-08-21: 주식등의대량보유상황보고서(일반),3
국제약품,002720,0,OK,,,,2026-09-04: 임원ㆍ주요주주특정증권등거래계획보고서 | 2026-09-04: 임원ㆍ주요주주특정증권등거래계획보고서 | 2026-08-24: 신규시설투자등              ,3
경남은행,192520,0,OK,,,,2026-09-07: 증권발행실적보고서 | 2026-09-04: 투자설명서(일괄신고) | 2026-09-04: 일괄신고추가서류,3
아로마티카,0015N0,0,OK,,,,2026-09-17: 기업설명회(IR)개최               | 2026-09-01: 주주명부폐쇄기간또는기준일설정               | 2026-08-31: 주주총회소집결의              (임시주주총회),3
현대지에프홀딩스,005440,0,OK,,,,2026-09-15: 기업설명회(IR)개최(안내공시)               | 2026-08-28: 대규모기업집단현황공시[분기별공시(대표회사용)] | 2026-08-25: 기업설명회(IR)개최(안내공시)              ,3
신영증권,001720,0,OK,,,,2026-09-16: 투자설명서(일괄신고) | 2026-09-16: [기재정정]일괄신고추가서류(파생결합사채-주가연계파생결합사채) | 2026-09-16: 일괄신고추가서류(파생결합사채-주가연계파생결합사채) | 2026-09-15: 투자설명서(일괄신고) | 2026-09-15: 일괄신고추가서류(파생결합증권-주가연계증권),45
오비고,352910,0,OK,,,,2026-08-31: 주식등의대량보유상황보고서(약식) | 2026-08-28: 임원ㆍ주요주주특정증권등소유상황보고서 | 2026-08-28: 주식등의대량보유상황보고서(일반),3
삼진엘앤디,054090,0,OK,,,,2026-09-18: 주요사항보고서(자기주식취득신탁계약해지결정) | 2026-09-14: 신탁계약에의한취득상황보고서 | 2026-09-07: 임원ㆍ주요주주특정증권등소유상황보고서 | 2026-09-01: 임원ㆍ주요주주특정증권등소유상황보고서 | 2026-08-31: [기재정정]반기보고서 (2026.06),5
도이치모터스,067990,0,OK,,,,2026-09-18: [기재정정]타인에대한채무보증결정               | 2026-08-28: [기재정정]타인에대한채무보증결정               | 2026-08-24: 주식등의대량보유상황보고서(일반),3
퓨쳐켐,220100,0,OK,,,,2026-09-16: 권리락              (무상증자) | 2026-09-16: 주식등의대량보유상황보고서(일반) | 2026-09-16: 임원ㆍ주요주주특정증권등소유상황보고서 | 2026-09-16: 임원ㆍ주요주주특정증권등소유상황보고서 | 2026-09-16: 임원ㆍ주요주주특정증권등소유상황보고서,19
코메론,049430,0,OK,,,,2026-09-08: [기재정정]분기보고서 (2025.09) | 2026-09-08: [기재정정]반기보고서 (2025.06) | 2026-09-04: 주요사항보고서(자기주식취득신탁계약체결결정) | 2026-08-25: 신탁계약해지결과보고서 | 2026-08-25: 신탁계약에의한취득상황보고서,6
아가방컴퍼니,013990,0,OK,,,,2026-09-07: 임시주주총회결과               | 2026-08-31: 임원ㆍ주요주주특정증권등거래계획보고서 | 2026-08-21: 의결권대리행사권유참고서류 | 2026-08-21: 주주총회소집공고,4
경동인베스트,012320,0,OK,,,,2026-09-17: 풍문또는보도에대한해명(미확정)               | 2026-09-14: 주주총회소집결의               | 2026-09-14: 주주명부폐쇄기간또는기준일설정              ,3
가온칩스,399720,0,OK,,,,2026-09-14: 주식등의대량보유상황보고서(일반) | 2026-09-03: 주요사항보고서(자기주식취득신탁계약체결결정) | 2026-08-26: 주식등의대량보유상황보고서(일반),3
동방메디컬,240550,0,OK,,,,2026-09-08: 기업설명회(IR)개최               | 2026-09-08: 기업설명회(IR)개최               | 2026-08-28: 대표이사변경               | 2026-08-28: 임시주주총회결과              ,4
DMS,068790,0,OK,,,,2026-09-17: 임원ㆍ주요주주특정증권등소유상황보고서 | 2026-09-17: 주식등의대량보유상황보고서(일반) | 2026-08-31: 주식등의대량보유상황보고서(일반) | 2026-08-31: 자기주식취득결과보고서 | 2026-08-31: 임원ㆍ주요주주특정증권등소유상황보고서,8
주연테크,044380,0,OK,,,,2026-09-18: 최대주주등소유주식변동신고서               | 2026-09-18: 임원ㆍ주요주주특정증권등소유상황보고서 | 2026-09-18: 주식등의대량보유상황보고서(일반) | 2026-09-16: 투자유의안내              (시가총액요건 미달로 인한 상장폐지 우려 예고) | 2026-09-09: 최대주주등소유주식변동신고서              ,13
프로이천,321260,0,OK,,,,2026-09-16: 임시주주총회결과               | 2026-09-03: [기재정정]주주총회소집공고 | 2026-09-02: [기재정정]주주총회소집공고 | 2026-08-28: 주주총회소집공고,4
유아이디,069330,0,OK,,,,2026-09-15: 임시주주총회결과               | 2026-08-27: 주주총회소집공고 | 2026-08-26: 주식등의대량보유상황보고서(일반),3
진도,088790,0,OK,,,,2026-09-01: 투자유의안내               | 2026-09-01: 주요사항보고서(자기주식취득신탁계약체결결정) | 2026-09-01: 임원ㆍ주요주주특정증권등거래계획보고서 | 2026-08-31: 주주총회소집공고 | 2026-08-31: 의결권대리행사권유참고서류,5
한미반도체,042700,0,OK,,,,2026-09-18: 기업설명회(IR)개최(안내공시)               | 2026-09-14: 기업설명회(IR)개최(안내공시)               | 2026-09-09: 임원ㆍ주요주주특정증권등거래계획보고서 | 2026-08-28: 기업설명회(IR)개최(안내공시)              ,4
LG유플러스,032640,0,OK,,,,2026-09-07: 기업설명회(IR)개최(안내공시)               | 2026-08-28: 대규모기업집단현황공시[분기별공시(개별회사용)] | 2026-08-28: 기업설명회(IR)개최(안내공시)              ,3
현대바이오,048410,0,OK,,,,2026-09-16: 주식등의대량보유상황보고서(일반) | 2026-09-16: 임원ㆍ주요주주특정증권등소유상황보고서 | 2026-09-08: 주식등의대량보유상황보고서(일반) | 2026-09-04: 투자판단관련주요경영사항(임상시험계획변경승인신청)              (전립선암 치료제 CPPCA07의 1상 임상시험계획 변경승인 신청),4
국민은행,060000,0,OK,,,,2026-09-18: 투자설명서(일괄신고) | 2026-09-18: 일괄신고추가서류 | 2026-09-18: 증권발행실적보고서 | 2026-09-17: 투자설명서(일괄신고) | 2026-09-17: 일괄신고추가서류,35
대현,016090,0,OK,,,,2026-08-31: 최대주주등소유주식변동신고서               | 2026-08-31: 임원ㆍ주요주주특정증권등소유상황보고서 | 2026-08-31: 임원ㆍ주요주주특정증권등소유상황보고서 | 2026-08-31: 주식등의대량보유상황보고서(일반),4
대성창투,027830,0,OK,,,,2026-08-28: 주주총회소집결의              (임시주주총회) | 2026-08-28: 주식병합결정               | 2026-08-28: 주주명부폐쇄기간또는기준일설정              ,3
신한서부티엔디리츠,404990,0,OK,,,,2026-09-16: 임원ㆍ주요주주특정증권등소유상황보고서 | 2026-09-09: 임원ㆍ주요주주특정증권등소유상황보고서 | 2026-09-08: 정기주주총회결과               | 2026-09-08: 주주명부폐쇄기간또는기준일설정               | 2026-09-03: 임원ㆍ주요주주특정증권등소유상황보고서,15
한독,002390,0,OK,,,,2026-09-17: 주식매수선택권부여에관한신고 | 2026-09-17: [기재정정]주식매수선택권부여에관한신고 | 2026-09-10: [기재정정]주식등의대량보유상황보고서(일반) | 2026-09-10: [기재정정]주식등의대량보유상황보고서(일반) | 2026-09-10: 주식등의대량보유상황보고서(일반),5
현대차증권,001500,0,OK,,,,2026-09-18: 특수관계인과의수익증권거래 | 2026-09-18: 증권발행실적보고서 | 2026-09-18: 증권발행실적보고서 | 2026-09-18: 증권발행실적보고서 | 2026-09-17: 투자설명서(일괄신고),80
삼성생명,032830,0,OK,,,,2026-09-07: 임원ㆍ주요주주특정증권등소유상황보고서 | 2026-09-03: 풍문또는보도에대한해명(미확정)               | 2026-08-31: 특수관계인과의수익증권거래 | 2026-08-31: 대규모기업집단현황공시[분기별공시(개별회사용)],4
삼성증권,016360,0,OK,,,,2026-09-18: 특수관계인에대한출자 | 2026-09-18: 투자설명서(일괄신고) | 2026-09-18: 일괄신고추가서류(파생결합사채-주가연계파생결합사채) | 2026-09-17: 투자설명서(일괄신고) | 2026-09-17: 일괄신고추가서류(파생결합사채-주가연계파생결합사채),49
콘텐트리중앙,036420,0,OK,,,,2026-09-18: [기재정정]기타경영사항(자율공시)(종속회사의주요경영사항)               | 2026-09-17: [기재정정]기타경영사항(자율공시)(종속회사의주요경영사항)               | 2026-09-14: 기타경영사항(자율공시)(종속회사의주요경영사항)               | 2026-08-28: 대규모기업집단현황공시[분기별공시(개별회사용)] | 2026-08-26: 풍문또는보도에대한해명(미확정)              ,5
BGF리테일,282330,0,OK,,,,2026-09-10: 최대주주등소유주식변동신고서               | 2026-09-10: 주식등의대량보유상황보고서(일반) | 2026-08-27: 대규모기업집단현황공시[분기별공시(개별회사용)],3
아이엠지티,456570,0,OK,,,,2026-09-17: 기업설명회(IR)개최               | 2026-09-04: [기재정정]주식매수선택권부여에관한신고 | 2026-09-04: [기재정정]주식매수선택권부여에관한신고 | 2026-09-04: 주식매수선택권부여에관한신고 | 2026-09-04: 주식매수선택권부여에관한신고,7
피플바이오,304840,0,OK,,,,2026-09-11: [기재정정]타인에대한담보제공결정               | 2026-09-11: 타인에대한담보제공결정               | 2026-08-25: [기재정정]타인에대한담보제공결정               | 2026-08-25: [기재정정]타인에대한담보제공결정               | 2026-08-24: [기재정정]주식병합결정              ,5
인피니트헬스케어,071200,0,OK,,,,2026-09-11: 수시공시의무관련사항(공정공시)              (주주가치 제고를 위한 배당 계획 안내) | 2026-09-02: [기재정정]중간(분기)배당을위한주주명부폐쇄(기준일)결정               | 2026-09-01: 주식등의대량보유상황보고서(약식) | 2026-08-31: [기재정정]소송등의제기ㆍ신청(경영권분쟁소송)              (주주총회결의무효확인 등(항소)) | 2026-08-31: 소송등의제기ㆍ신청(경영권분쟁소송)              (임시주주총회소집허가신청),6
GST,083450,0,OK,,,,2026-08-24: 임원ㆍ주요주주특정증권등소유상황보고서 | 2026-08-24: 임원ㆍ주요주주특정증권등소유상황보고서 | 2026-08-24: 임원ㆍ주요주주특정증권등소유상황보고서 | 2026-08-24: 임원ㆍ주요주주특정증권등소유상황보고서 | 2026-08-24: 임원ㆍ주요주주특정증권등소유상황보고서,6
동구바이오제약,006620,0,OK,,,,2026-09-15: 주식등의대량보유상황보고서(일반) | 2026-09-10: [기재정정]주요사항보고서(영업정지) | 2026-09-02: 주식등의대량보유상황보고서(일반),3
휴럼,353190,0,OK,,,,2026-09-01: 주식등의대량보유상황보고서(일반) | 2026-08-31: 자기주식취득결과보고서 | 2026-08-26: 주주명부폐쇄기간또는기준일설정               | 2026-08-26: 주주총회소집결의              (임시주주총회),4
대동고려삼,178600,0,OK,,,,2026-09-14: 주주총회소집공고 | 2026-08-31: 현금ㆍ현물배당결정               | 2026-08-31: 주주총회소집결의              ,3
유진기업,023410,0,OK,,,,2026-09-10: 해산사유발생(종속회사의주요경영사항)               | 2026-09-07: 타법인주식및출자증권처분결정(종속회사의주요경영사항)               | 2026-08-28: 대규모기업집단현황공시[분기별공시(대표회사용)],3
한국알콜,017890,0,OK,,,,2026-09-11: 임원ㆍ주요주주특정증권등소유상황보고서 | 2026-09-03: 임원ㆍ주요주주특정증권등소유상황보고서 | 2026-08-26: 주식등의대량보유상황보고서(약식),3
우리은행,000030,0,OK,,,,2026-09-18: 투자설명서(일괄신고) | 2026-09-18: 일괄신고추가서류 | 2026-09-18: 증권발행실적보고서 | 2026-09-17: 투자설명서(일괄신고) | 2026-09-17: 일괄신고추가서류,20
대교,019680,0,OK,,,,2026-08-27: 최대주주등소유주식변동신고서               | 2026-08-27: 임원ㆍ주요주주특정증권등소유상황보고서 | 2026-08-27: 임원ㆍ주요주주특정증권등소유상황보고서 | 2026-08-27: 임원ㆍ주요주주특정증권등소유상황보고서 | 2026-08-27: 임원ㆍ주요주주특정증권등소유상황보고서,14
포스코DX,022100,0,OK,,,,2026-09-07: 최대주주등소유주식변동신고서               | 2026-09-07: 임원ㆍ주요주주특정증권등소유상황보고서 | 2026-09-07: 주식등의대량보유상황보고서(일반) | 2026-08-28: 대규모기업집단현황공시[분기별공시(개별회사용)],4
코스맥스,192820,0,OK,,,,2026-09-18: 기업설명회(IR)개최(안내공시)               | 2026-09-16: 기업설명회(IR)개최(안내공시)               | 2026-09-09: 기업설명회(IR)개최(안내공시)               | 2026-09-07: 기업설명회(IR)개최(안내공시)               | 2026-09-03: 임원ㆍ주요주주특정증권등소유상황보고서,11
제주은행,006220,0,OK,,,,2026-09-16: [발행조건확정]증권신고서(채무증권) | 2026-09-16: [기재정정]증권신고서(채무증권) | 2026-09-16: [기재정정]주요사항보고서(상각형조건부자본증권발행결정) | 2026-09-11: 효력발생안내( 2026.9.3. 제출 일괄신고서 ) | 2026-09-10: 증권신고서(채무증권),7
종근당,185750,0,OK,,,,2026-08-31: 주식등의대량보유상황보고서(일반) | 2026-08-28: 임원ㆍ주요주주특정증권등거래계획보고서 | 2026-08-28: 임원ㆍ주요주주특정증권등거래계획보고서,3
코오롱티슈진,950160,0,OK,,,,2026-09-18: 주식등의대량보유상황보고서(일반) | 2026-09-18: 대표이사변경               | 2026-09-16: 소송등의제기ㆍ신청(일정금액이상의청구)               | 2026-09-15: [기재정정]소송등의제기ㆍ신청(일정금액이상의청구)              ,4
한국타이어앤테크놀로지,161390,0,OK,,,,2026-09-17: 동일인등출자계열회사와의상품ㆍ용역거래 | 2026-09-11: 주식등의대량보유상황보고서(일반) | 2026-08-31: 대규모기업집단현황공시[분기별공시(개별회사용)],3
대화제약,067080,0,OK,,,,2026-09-18: [기재정정]단일판매ㆍ공급계약해지               | 2026-09-14: 단일판매ㆍ공급계약해지               | 2026-09-07: 단일판매ㆍ공급계약해지              ,3
한솔테크닉스,004710,0,OK,,,,2026-09-07: 주식등의대량보유상황보고서(약식) | 2026-09-03: 주식등의대량보유상황보고서(약식) | 2026-08-26: 대규모기업집단현황공시[분기별공시(개별회사용)],3
에이치시티,072990,0,OK,,,,2026-09-14: 임원ㆍ주요주주특정증권등소유상황보고서 | 2026-08-31: 주식등의대량보유상황보고서(일반) | 2026-08-31: 임원ㆍ주요주주특정증권등소유상황보고서,3
미원상사,002840,0,OK,,,,2026-09-16: 주식등의대량보유상황보고서(일반) | 2026-09-16: 최대주주등소유주식변동신고서               | 2026-09-10: 임원ㆍ주요주주특정증권등소유상황보고서 | 2026-09-01: 자기주식취득결과보고서 | 2026-08-25: 임원ㆍ주요주주특정증권등소유상황보고서,5
스트라드비젼,475040,0,OK,,,,2026-08-26: 기업설명회(IR)개최               | 2026-08-25: 기업설명회(IR)개최               | 2026-08-25: 주주명부폐쇄기간또는기준일설정               | 2026-08-25: 주주총회소집결의              (임시주주총회) | 2026-08-25: 임원ㆍ주요주주특정증권등소유상황보고서,5
비트플래닛,049470,0,OK,,,,2026-09-11: [기재정정]합병등종료보고서(자산양수도) | 2026-09-09: 합병등종료보고서(자산양수도) | 2026-08-28: [기재정정]주요사항보고서(유형자산양수결정),3
매드업,0039P0,0,OK,,,,2026-09-14: 의결권대리행사권유참고서류 | 2026-09-14: 주주총회소집공고 | 2026-09-11: 기업설명회(IR)개최               | 2026-09-11: 임원ㆍ주요주주특정증권등소유상황보고서,4
만호제강,001080,0,OK,,,,2026-09-18: 정기주주총회결과               | 2026-09-10: 사업보고서 (2026.06) | 2026-09-10: 감사보고서제출               | 2026-09-03: 의결권대리행사권유참고서류 | 2026-09-03: 주주총회소집공고,8
NH투자증권,005940,0,OK,,,,2026-09-18: 증권발행실적보고서 | 2026-09-18: 증권발행실적보고서 | 2026-09-18: 증권발행실적보고서 | 2026-09-18: 증권발행실적보고서 | 2026-09-18: 증권발행실적보고서,93
신세계건설,034300,0,OK,,,,2026-09-18: 동일인등출자계열회사와의상품ㆍ용역거래 | 2026-09-18: 동일인등출자계열회사와의상품ㆍ용역거래변경 | 2026-08-31: 대규모기업집단현황공시[분기별공시(개별회사용)],3
토비스,051360,0,OK,,,,2026-09-03: 임원ㆍ주요주주특정증권등소유상황보고서 | 2026-09-03: 임원ㆍ주요주주특정증권등소유상황보고서 | 2026-09-03: 임원ㆍ주요주주특정증권등소유상황보고서 | 2026-09-03: 임원ㆍ주요주주특정증권등소유상황보고서,4
케이씨,029460,0,OK,,,,2026-08-31: 임원ㆍ주요주주특정증권등소유상황보고서 | 2026-08-31: 임원ㆍ주요주주특정증권등소유상황보고서 | 2026-08-31: 주식등의대량보유상황보고서(일반) | 2026-08-31: 주식등의대량보유상황보고서(일반) | 2026-08-31: 주식등의대량보유상황보고서(일반),6
크래프톤,259960,0,OK,,,,2026-09-11: 최대주주등소유주식변동신고서               | 2026-09-11: 주식등의대량보유상황보고서(일반) | 2026-09-11: 임원ㆍ주요주주특정증권등소유상황보고서 | 2026-09-09: 자기주식취득결과보고서 | 2026-08-31: 기업설명회(IR)개최(안내공시)              ,6
인성정보,033230,0,OK,,,,2026-09-08: [기재정정]타인에대한채무보증결정               | 2026-09-02: 주식등의대량보유상황보고서(일반) | 2026-09-02: 임원ㆍ주요주주특정증권등소유상황보고서 | 2026-08-26: 주식등의대량보유상황보고서(일반) | 2026-08-26: 임원ㆍ주요주주특정증권등소유상황보고서,6
졸스,018700,0,OK,,,,2026-09-10: 독립이사의선임ㆍ해임또는중도퇴임에관한신고 | 2026-09-10: 임시주주총회결과               | 2026-08-26: 주주총회소집공고 | 2026-08-26: 주주총회소집결의              (임시주주총회),4
한화비전,489790,0,OK,,,,2026-09-09: 기업설명회(IR)개최(안내공시)               | 2026-09-01: [기재정정]대규모기업집단현황공시[분기별공시(개별회사용)] | 2026-08-31: 대규모기업집단현황공시[분기별공시(개별회사용)] | 2026-08-31: 임원ㆍ주요주주특정증권등소유상황보고서,4
부국증권,001270,0,OK,,,,2026-09-18: 임원ㆍ주요주주특정증권등소유상황보고서 | 2026-09-18: 주식등의대량보유상황보고서(일반) | 2026-09-16: 주식등의대량보유상황보고서(일반) | 2026-09-11: 임원ㆍ주요주주특정증권등소유상황보고서 | 2026-09-11: 주식등의대량보유상황보고서(일반),13
월덱스,101160,0,OK,,,,2026-09-17: 임시주주총회결과               | 2026-08-25: 의결권대리행사권유참고서류 | 2026-08-25: 주주총회소집공고,3
케이뱅크,279570,0,OK,,,,2026-09-01: 기타안내사항(안내공시)               | 2026-08-31: 기업설명회(IR)개최(안내공시)               | 2026-08-28: 대규모기업집단현황공시[분기별공시(개별회사용)],3
신한카드,032710,0,OK,,,,2026-09-16: 증권발행실적보고서 | 2026-09-15: 투자설명서(일괄신고) | 2026-09-15: 일괄신고추가서류 | 2026-09-14: 증권발행실적보고서 | 2026-09-11: 투자설명서(일괄신고),18
이녹스첨단소재,272290,0,OK,,,,2026-09-02: 주식등의대량보유상황보고서(일반) | 2026-09-02: 임원ㆍ주요주주특정증권등소유상황보고서 | 2026-08-21: 주식등의대량보유상황보고서(일반),3
유안타증권,003470,0,OK,,,,2026-09-18: 증권발행실적보고서 | 2026-09-17: 증권발행실적보고서 | 2026-09-16: 투자설명서(일괄신고) | 2026-09-16: 일괄신고추가서류(파생결합증권-주가연계증권) | 2026-09-16: 투자설명서(일괄신고),51
에이팩트,200470,0,OK,,,,2026-09-17: 전환청구권행사               | 2026-08-26: 독립이사의선임ㆍ해임또는중도퇴임에관한신고 | 2026-08-25: 임시주주총회결과              ,3
에스디생명공학,217480,0,OK,,,,2026-09-03: 기타시장안내              (개선계획 이행내역서 제출) | 2026-08-27: 주주총회소집결의              (임시주주총회) | 2026-08-27: 주식병합결정               | 2026-08-27: 주주명부폐쇄기간또는기준일설정              ,4
국일신동,060480,0,OK,,,,2026-09-18: 임원ㆍ주요주주특정증권등소유상황보고서 | 2026-09-18: 주식등의대량보유상황보고서(일반) | 2026-09-11: 주식등의대량보유상황보고서(일반) | 2026-09-11: 임원ㆍ주요주주특정증권등소유상황보고서,4
한미사이언스,008930,0,OK,,,,2026-09-11: 임원ㆍ주요주주특정증권등소유상황보고서 | 2026-09-01: 최대주주등소유주식변동신고서               | 2026-09-01: 임원ㆍ주요주주특정증권등소유상황보고서 | 2026-09-01: 주식등의대량보유상황보고서(일반) | 2026-08-26: [기재정정]투자판단관련주요경영사항(자회사의 주요경영사항)              (급성골수성백혈병(AML) 치료 항암신약 HM43239 기술이전 계약 체결),8
인카금융서비스,211050,0,OK,,,,2026-08-31: 주식등의대량보유상황보고서(일반) | 2026-08-31: 임원ㆍ주요주주특정증권등소유상황보고서 | 2026-08-24: 임원ㆍ주요주주특정증권등소유상황보고서,3
SGC에너지,005090,0,OK,,,,2026-09-11: 타법인주식및출자증권취득결정               | 2026-09-09: 기업설명회(IR)개최(안내공시)               | 2026-08-28: 대규모기업집단현황공시[분기별공시(개별회사용)],3
포스코퓨처엠,003670,0,OK,,,,2026-09-07: 임원ㆍ주요주주특정증권등소유상황보고서 | 2026-09-02: 임원ㆍ주요주주특정증권등소유상황보고서 | 2026-09-02: [기재정정]반기보고서 (2026.06) | 2026-08-27: 대규모기업집단현황공시[분기별공시(개별회사용)] | 2026-08-25: [기재정정]타인에대한채무보증결정              ,6
KX하이텍,052900,0,OK,,,,2026-09-18: 임원ㆍ주요주주특정증권등소유상황보고서 | 2026-09-16: 주식등의대량보유상황보고서(일반) | 2026-09-08: 주식등의대량보유상황보고서(약식) | 2026-08-27: 증권발행결과(자율공시)              ,4
세아제강지주,003030,0,OK,,,,2026-08-28: 최대주주등소유주식변동신고서               | 2026-08-28: 임원ㆍ주요주주특정증권등소유상황보고서 | 2026-08-28: 대규모기업집단현황공시[분기별공시(개별회사용)],3
케이씨씨,002380,0,OK,,,,2026-09-17: 특수관계인에대한자산양도 | 2026-09-17: 동일인등출자계열회사와의상품ㆍ용역거래 | 2026-09-08: 주식등의대량보유상황보고서(일반) | 2026-08-31: 대규모기업집단현황공시[분기별공시(대표회사용)],4
이지케어텍,099750,0,OK,,,,2026-09-14: 독립이사의선임ㆍ해임또는중도퇴임에관한신고 | 2026-09-11: 임시주주총회결과               | 2026-08-27: 의결권대리행사권유참고서류 | 2026-08-27: 주주총회소집공고,4
포시에스,189690,0,OK,,,,2026-09-14: 사업보고서 (2026.06) | 2026-09-14: 감사보고서제출               | 2026-09-04: 의결권대리행사권유참고서류 | 2026-09-04: 주주총회소집공고 | 2026-09-04: 주주총회소집결의              (정기주주총회),6
한화손해보험,000370,0,OK,,,,2026-09-10: 기업설명회(IR)개최(안내공시)               | 2026-08-31: [기재정정]반기보고서 (2026.06) | 2026-08-31: 대규모기업집단현황공시[분기별공시(개별회사용)],3
서울평가정보,036120,0,OK,,,,2026-09-11: 신탁계약에의한취득상황보고서 | 2026-09-07: 주식등의대량보유상황보고서(일반) | 2026-09-04: 대표이사변경               | 2026-09-04: 임시주주총회결과              ,4
한스바이오메드,042520,0,OK,,,,2026-09-15: 주주명부폐쇄기간또는기준일설정               | 2026-09-03: 주식등의대량보유상황보고서(약식) | 2026-09-02: 주식등의대량보유상황보고서(약식),3
위세아이텍,065370,0,OK,,,,2026-09-14: 임원ㆍ주요주주특정증권등소유상황보고서 | 2026-08-28: 임원ㆍ주요주주특정증권등소유상황보고서 | 2026-08-27: 임원ㆍ주요주주특정증권등소유상황보고서 | 2026-08-24: 임원ㆍ주요주주특정증권등소유상황보고서,4
삼진제약,005500,0,OK,,,,2026-09-02: 임원ㆍ주요주주특정증권등소유상황보고서 | 2026-09-02: 주식등의대량보유상황보고서(일반) | 2026-08-25: 임원ㆍ주요주주특정증권등소유상황보고서 | 2026-08-25: 임원ㆍ주요주주특정증권등소유상황보고서 | 2026-08-25: 임원ㆍ주요주주특정증권등소유상황보고서,7
HLB제넥스,187420,0,OK,,,,2026-09-17: 주식등의대량보유상황보고서(일반) | 2026-09-17: 임원ㆍ주요주주특정증권등소유상황보고서 | 2026-09-14: 전환사채(해외전환사채포함)발행후만기전사채취득               | 2026-09-14: 전환가액의조정              ,4
오스코텍,039200,0,OK,,,,2026-09-18: [기재정정]주식등의대량보유상황보고서(일반) | 2026-09-17: 주식등의대량보유상황보고서(일반) | 2026-09-17: 주식등의대량보유상황보고서(약식) | 2026-09-04: 투자판단관련주요경영사항(임상시험결과)              (알츠하이머 치료 후보물질 ADELY01 임상 1a/1b상 임상시험결과보고서(CSR) 수령) | 2026-09-01: 주식등의대량보유상황보고서(일반),5
iM금융지주,139130,0,OK,,,,2026-09-11: 증권발행실적보고서 | 2026-09-11: 투자설명서 | 2026-09-09: 기업설명회(IR)개최(안내공시)               | 2026-09-07: [발행조건확정]증권신고서(채무증권) | 2026-09-07: [기재정정]주요사항보고서(상각형조건부자본증권발행결정),9
하나은행,004940,0,OK,,,,2026-09-17: 증권발행실적보고서 | 2026-09-16: 투자설명서(일괄신고) | 2026-09-16: 일괄신고추가서류 | 2026-09-16: 증권발행실적보고서 | 2026-09-15: 투자설명서(일괄신고),33
깨끗한나라,004540,0,OK,,,,2026-09-16: 주주총회소집결의               | 2026-09-16: 주주명부폐쇄기간또는기준일설정               | 2026-08-24: 투자유의안내              ,3
STX그린로지스,465770,0,OK,,,,2026-09-11: 풍문또는보도에대한해명(미확정)               | 2026-09-07: 유형자산처분결정               | 2026-08-31: 투자유의안내               | 2026-08-27: 소송등의제기ㆍ신청(일정금액이상의청구)              ,4
KB금융,105560,0,OK,,,,2026-09-15: 기업설명회(IR)개최(안내공시)               | 2026-09-15: 기업설명회(IR)개최(안내공시)               | 2026-09-14: 증권발행실적보고서 | 2026-09-11: 투자설명서(일괄신고) | 2026-09-11: 일괄신고추가서류,14
제이엠아이,033050,0,OK,,,,2026-09-18: 임시주주총회결과               | 2026-09-03: 주주총회소집공고 | 2026-09-02: 임시주주총회결과              ,3
삼성에스디에스,018260,0,OK,,,,2026-09-01: 기업설명회(IR)개최(안내공시)               | 2026-09-01: 기업설명회(IR)개최(안내공시)               | 2026-08-31: 대규모기업집단현황공시[분기별공시(개별회사용)] | 2026-08-26: 임원ㆍ주요주주특정증권등소유상황보고서,4
동국홀딩스,001230,0,OK,,,,2026-09-07: [기재정정]주식등의대량보유상황보고서(일반) | 2026-09-07: 최대주주등소유주식변동신고서               | 2026-09-07: 주식등의대량보유상황보고서(일반) | 2026-09-03: 타인에대한채무보증결정(자회사의 주요경영사항)               | 2026-08-28: 대규모기업집단현황공시[분기별공시(대표회사용)],5
케이비캐피탈,021960,0,OK,,,,2026-09-16: 증권발행실적보고서 | 2026-09-15: 투자설명서(일괄신고) | 2026-09-15: 일괄신고추가서류 | 2026-08-31: 증권발행실적보고서 | 2026-08-28: 투자설명서(일괄신고),6
태웅,044490,0,OK,,,,2026-09-09: [기재정정]주식등의대량보유상황보고서(일반) | 2026-09-09: 주식등의대량보유상황보고서(일반) | 2026-09-09: 임원ㆍ주요주주특정증권등소유상황보고서 | 2026-09-09: 임원ㆍ주요주주특정증권등소유상황보고서,4
풀무원,017810,0,OK,,,,2026-09-11: 주식등의대량보유상황보고서(일반) | 2026-08-28: [기재정정]주요사항보고서(자본으로인정되는채무증권발행결정) | 2026-08-26: 주요사항보고서(자본으로인정되는채무증권발행결정) | 2026-08-26: 주요사항보고서(자본으로인정되는채무증권발행결정),4
오브젠,417860,0,OK,,,,2026-09-11: 주식등의대량보유상황보고서(일반) | 2026-09-11: 임원ㆍ주요주주특정증권등소유상황보고서 | 2026-09-11: 임원ㆍ주요주주특정증권등소유상황보고서 | 2026-09-03: 임원ㆍ주요주주특정증권등소유상황보고서 | 2026-09-03: 임원ㆍ주요주주특정증권등소유상황보고서,6
엔켐,348370,0,OK,,,,2026-09-14: 임원ㆍ주요주주특정증권등소유상황보고서 | 2026-09-11: 타인에대한채무보증결정               | 2026-09-09: 주식등의대량보유상황보고서(약식) | 2026-08-31: [기재정정]타인에대한담보제공결정               | 2026-08-31: [기재정정]타인에대한채무보증결정              ,8
엔에이치스팩34호,0197V0,0,OK,,,,2026-09-17: 주식등의대량보유상황보고서(약식) | 2026-09-14: 주식등의대량보유상황보고서(약식) | 2026-09-11: 주식등의대량보유상황보고서(약식) | 2026-09-10: 주식등의대량보유상황보고서(일반) | 2026-09-04: 증권발행실적보고서,7
슈프리마,236200,0,OK,,,,2026-09-09: 본점소재지변경               | 2026-08-28: 기업설명회(IR)개최               | 2026-08-25: 임원ㆍ주요주주특정증권등소유상황보고서 | 2026-08-25: 임원ㆍ주요주주특정증권등소유상황보고서,4
호텔신라,008770,0,OK,,,,2026-09-11: 기업설명회(IR)개최(안내공시)               | 2026-09-08: 주식등의대량보유상황보고서(약식) | 2026-09-04: 최대주주등소유주식변동신고서               | 2026-08-31: 대규모기업집단현황공시[분기별공시(개별회사용)],4
인지디스플레,037330,0,OK,,,,2026-09-09: 본점소재지변경               | 2026-09-09: 임시주주총회결과               | 2026-08-25: [기재정정]주주총회소집공고 | 2026-08-25: [기재정정]주주총회소집결의              (임시주주총회) | 2026-08-25: [기재정정]주식병합결정              ,5
디모아,016670,0,OK,,,,2026-09-02: 주주명부폐쇄기간또는기준일설정               | 2026-09-02: 주주총회소집결의              (임시주주총회) | 2026-09-02: [기재정정]임시주주총회결과              ,3
씨씨에스,066790,0,OK,,,,2026-09-18: 투자판단관련주요경영사항              (소액주주에 의한 [일시 이사의 직무를 행할자의 선임에 관한 재판요청서] 즉시항고에 대한 결정) | 2026-09-15: 소송등의판결ㆍ결정              (이사지위확인 가처분) | 2026-09-10: 의결권대리행사권유참고서류 | 2026-09-08: 의결권대리행사권유참고서류 | 2026-09-08: 의결권대리행사권유참고서류,8
인제니아테라퓨틱스,950260,0,OK,,,,2026-08-25: [기재정정]임원ㆍ주요주주특정증권등소유상황보고서 | 2026-08-25: 임원ㆍ주요주주특정증권등소유상황보고서 | 2026-08-25: 임원ㆍ주요주주특정증권등소유상황보고서 | 2026-08-25: 임원ㆍ주요주주특정증권등소유상황보고서 | 2026-08-25: 임원ㆍ주요주주특정증권등소유상황보고서,8
신한투자증권,008670,0,OK,,,,2026-09-18: 증권발행실적보고서 | 2026-09-18: 증권발행실적보고서 | 2026-09-18: 증권발행실적보고서 | 2026-09-18: 증권발행실적보고서 | 2026-09-18: 증권발행실적보고서,100
온코크로스,382150,0,OK,,,,2026-09-18: 주요사항보고서(자기전환사채만기전취득결정) | 2026-09-09: 전환가액의조정              (제2회차) | 2026-09-01: 투자판단관련주요경영사항              (앱티스와 ADC 또는 BsADC 후보물질 공동연구 및 개발 계약 체결),3
지놈앤컴퍼니,314130,0,OK,,,,2026-08-21: 주식등의대량보유상황보고서(일반) | 2026-08-21: 주식매수선택권부여에관한신고 | 2026-08-21: 임시주주총회결과              ,3
스카이랩스,386380,0,OK,,,,2026-09-11: 주식등의대량보유상황보고서(일반) | 2026-09-11: 주식등의대량보유상황보고서(약식) | 2026-09-11: 임원ㆍ주요주주특정증권등소유상황보고서 | 2026-09-11: 임원ㆍ주요주주특정증권등소유상황보고서 | 2026-09-11: 임원ㆍ주요주주특정증권등소유상황보고서,10
한미약품,128940,0,OK,,,,2026-09-08: 기업설명회(IR)개최(안내공시)               | 2026-09-08: 최대주주등소유주식변동신고서               | 2026-09-08: 주식등의대량보유상황보고서(일반) | 2026-08-28: 최대주주등소유주식변동신고서               | 2026-08-26: [기재정정]투자판단관련주요경영사항              (급성골수성백혈병(AML) 치료 항암신약 HM43239 기술이전 계약 체결),6
POSCO홀딩스,005490,0,OK,,,,2026-09-03: 임원ㆍ주요주주특정증권등소유상황보고서 | 2026-09-03: 임원ㆍ주요주주특정증권등소유상황보고서 | 2026-09-02: [기재정정]자기주식처분결과보고서 | 2026-08-26: 대규모기업집단현황공시[분기별공시(대표회사용)],4
하나마이크론,067310,0,OK,,,,2026-09-01: 기업설명회(IR)개최               | 2026-08-27: 임원ㆍ주요주주특정증권등소유상황보고서 | 2026-08-27: 임원ㆍ주요주주특정증권등소유상황보고서 | 2026-08-25: 기업설명회(IR)개최              ,4
대웅제약,069620,0,OK,,,,2026-09-09: 독립이사의선임ㆍ해임또는중도퇴임에관한신고 | 2026-09-09: 임시주주총회결과               | 2026-09-04: 타인에대한채무보증결정               | 2026-09-02: 소송등의제기ㆍ신청(일정금액이상의청구)               | 2026-08-25: 의결권대리행사권유참고서류,7
한세엠케이,069640,0,OK,,,,2026-09-15: 최대주주등소유주식변동신고서               | 2026-09-07: 임원ㆍ주요주주특정증권등거래계획보고서 | 2026-09-07: 최대주주등소유주식변동신고서               | 2026-09-07: 임원ㆍ주요주주특정증권등소유상황보고서 | 2026-09-07: 임원ㆍ주요주주특정증권등소유상황보고서,11
심텍,222800,0,OK,,,,2026-09-04: 전환청구권행사               | 2026-09-01: 주식등의대량보유상황보고서(약식) | 2026-08-25: 신규시설투자등              ,3
유성기업,002920,0,OK,,,,2026-08-28: 임원ㆍ주요주주특정증권등소유상황보고서 | 2026-08-28: 임원ㆍ주요주주특정증권등소유상황보고서 | 2026-08-28: 주식등의대량보유상황보고서(일반) | 2026-08-28: 최대주주등소유주식변동신고서              ,4
전방,000950,0,OK,,,,2026-08-31: 최대주주등소유주식변동신고서               | 2026-08-31: 임원ㆍ주요주주특정증권등소유상황보고서 | 2026-08-25: 최대주주등소유주식변동신고서               | 2026-08-25: 주식등의대량보유상황보고서(일반) | 2026-08-25: 임원ㆍ주요주주특정증권등소유상황보고서,5
아이에스티이,212710,0,OK,,,,2026-09-01: 임원ㆍ주요주주특정증권등소유상황보고서 | 2026-08-27: 임원ㆍ주요주주특정증권등소유상황보고서 | 2026-08-21: 기업설명회(IR)개최              ,3
하나머티리얼즈,166090,0,OK,,,,2026-09-14: 주요사항보고서(타법인주식및출자증권양도결정) | 2026-09-14: 증권발행결과(자율공시)               | 2026-09-09: 주주명부폐쇄기간또는기준일설정               | 2026-09-09: 주주총회소집결의              (임시주주총회),4
SK증권,001510,0,OK,,,,2026-09-18: 증권발행실적보고서 | 2026-09-18: 증권발행실적보고서 | 2026-09-17: 투자설명서(일괄신고) | 2026-09-17: 일괄신고추가서류(기타파생결합사채) | 2026-09-11: 투자설명서(일괄신고),24
CJ대한통운,000120,0,OK,,,,2026-09-02: 기업설명회(IR)개최(안내공시)               | 2026-09-02: 기업설명회(IR)개최(안내공시)               | 2026-09-01: 임원ㆍ주요주주특정증권등소유상황보고서 | 2026-08-31: 대규모기업집단현황공시[분기별공시(개별회사용)],4
모티브링크,463480,0,OK,,,,2026-09-17: 타법인주식및출자증권취득결정               | 2026-09-17: 타법인주식및출자증권취득결정               | 2026-09-11: [기재정정]타법인주식및출자증권취득결정              ,3
선진뷰티사이언스,086710,0,OK,,,,2026-09-03: 자기주식취득결과보고서 | 2026-09-02: 소송등의판결ㆍ결정(일정금액이상의청구)               | 2026-08-27: [기재정정]반기보고서 (2026.06),3
혜인,003010,0,OK,,,,2026-08-24: 임원ㆍ주요주주특정증권등소유상황보고서 | 2026-08-24: 주식등의대량보유상황보고서(일반) | 2026-08-24: 최대주주등소유주식변동신고서              ,3
아미코젠,092040,0,OK,,,,2026-09-03: 불성실공시법인지정예고              (공시번복 2건) | 2026-09-03: 임원ㆍ주요주주특정증권등소유상황보고서 | 2026-08-31: [기재정정]주주명부폐쇄기간또는기준일설정               | 2026-08-31: [기재정정]주주총회소집결의              (임시주주총회),4
쎄트렉아이,099320,0,OK,,,,2026-09-11: 기업설명회(IR)개최               | 2026-08-26: 주주명부폐쇄기간또는기준일설정               | 2026-08-26: 주주총회소집결의              (임시주주총회),3
TS트릴리온,317240,0,OK,,,,2026-09-09: 전환가액의조정              (제4회차) | 2026-09-09: [기재정정]임원ㆍ주요주주특정증권등소유상황보고서 | 2026-09-09: 임원ㆍ주요주주특정증권등소유상황보고서 | 2026-09-02: [기재정정]주주총회소집결의              (임시주주총회) | 2026-09-01: 주식등의대량보유상황보고서(약식),5
씨아이테크,004920,0,OK,,,,2026-09-11: 임원ㆍ주요주주특정증권등소유상황보고서 | 2026-09-11: 임원ㆍ주요주주특정증권등소유상황보고서 | 2026-09-11: 임원ㆍ주요주주특정증권등소유상황보고서 | 2026-09-11: 임원ㆍ주요주주특정증권등소유상황보고서 | 2026-09-11: [기재정정]주식매수선택권부여에관한신고,12
한탑,002680,0,OK,,,,2026-09-18: [기재정정]벌금등의부과               | 2026-09-10: 임원ㆍ주요주주특정증권등거래계획보고서 | 2026-09-09: [기재정정]벌금등의부과               | 2026-09-08: 주식등의대량보유상황보고서(일반) | 2026-09-08: 임원ㆍ주요주주특정증권등소유상황보고서,6
HS효성첨단소재,298050,0,OK,,,,2026-09-11: 타인에대한채무보증결정               | 2026-09-11: 타인에대한채무보증결정               | 2026-09-07: 타인에대한채무보증결정               | 2026-09-07: 타인에대한채무보증결정               | 2026-09-04: 타인에대한채무보증결정              ,8
마니커,027740,0,OK,,,,2026-09-15: 최대주주등소유주식변동신고서               | 2026-09-15: 임원ㆍ주요주주특정증권등거래계획철회보고서 | 2026-09-15: 임원ㆍ주요주주특정증권등소유상황보고서 | 2026-09-15: 주식등의대량보유상황보고서(일반) | 2026-09-14: 최대주주등소유주식변동신고서              ,10
디와이에이,002880,0,OK,,,,2026-09-17: 주식등의대량보유상황보고서(일반) | 2026-09-17: 주식등의대량보유상황보고서(일반) | 2026-09-17: 주식등의대량보유상황보고서(일반) | 2026-09-17: 임원ㆍ주요주주특정증권등소유상황보고서 | 2026-09-17: 임원ㆍ주요주주특정증권등소유상황보고서,17
HS애드,035000,0,OK,,,,2026-09-16: 임원ㆍ주요주주특정증권등소유상황보고서 | 2026-09-15: 주식등의대량보유상황보고서(일반) | 2026-08-31: 대규모기업집단현황공시[분기별공시(개별회사용)],3
제노레이,122310,0,OK,,,,2026-09-16: 주식등의대량보유상황보고서(일반) | 2026-09-15: 중간(분기)배당을위한주주명부폐쇄(기준일)결정               | 2026-09-10: 임원ㆍ주요주주특정증권등소유상황보고서 | 2026-08-28: 임원ㆍ주요주주특정증권등소유상황보고서,4
아시아경제,127710,0,OK,,,,2026-09-15: 임원ㆍ주요주주특정증권등소유상황보고서 | 2026-09-15: 주식등의대량보유상황보고서(일반) | 2026-09-01: [기재정정]타법인주식및출자증권취득결정               | 2026-08-25: [기재정정]타법인주식및출자증권취득결정              ,4
지누스,013890,0,OK,,,,2026-09-04: [기재정정]유형자산처분결정(종속회사의주요경영사항)               | 2026-08-28: 대규모기업집단현황공시[분기별공시(개별회사용)] | 2026-08-28: [기재정정]유형자산처분결정(종속회사의주요경영사항)               | 2026-08-25: 기업설명회(IR)개최(안내공시)               | 2026-08-21: [기재정정]유형자산처분결정(종속회사의주요경영사항)              ,5
GS리테일,007070,0,OK,,,,2026-09-15: 기업설명회(IR)개최(안내공시)               | 2026-09-14: 임원ㆍ주요주주특정증권등소유상황보고서 | 2026-08-28: 대규모기업집단현황공시[분기별공시(개별회사용)],3
사조동아원,008040,0,OK,,,,2026-09-17: [기재정정]벌금등의부과               | 2026-09-09: [기재정정]벌금등의부과               | 2026-09-02: 최대주주등소유주식변동신고서               | 2026-09-02: 임원ㆍ주요주주특정증권등소유상황보고서 | 2026-09-02: 임원ㆍ주요주주특정증권등소유상황보고서,7
삼성카드,029780,0,OK,,,,2026-09-16: 증권발행실적보고서 | 2026-09-15: 투자설명서(일괄신고) | 2026-09-15: 일괄신고추가서류 | 2026-09-10: 증권발행실적보고서 | 2026-09-09: 투자설명서(일괄신고),14
아미노로직스,074430,0,OK,,,,2026-09-16: 임원ㆍ주요주주특정증권등소유상황보고서 | 2026-09-16: 임원ㆍ주요주주특정증권등소유상황보고서 | 2026-09-16: 임원ㆍ주요주주특정증권등소유상황보고서 | 2026-09-16: 주식등의대량보유상황보고서(일반) | 2026-09-15: [기재정정]전환청구권행사              ,8
아이티아이즈,372800,0,OK,,,,2026-09-11: 전환가액의조정               | 2026-09-02: 주식등의대량보유상황보고서(일반) | 2026-09-02: 임원ㆍ주요주주특정증권등소유상황보고서 | 2026-08-28: 주식등의대량보유상황보고서(일반),4
솔루엠,248070,0,OK,,,,2026-09-11: 주식등의대량보유상황보고서(일반) | 2026-08-28: 최대주주등소유주식변동신고서               | 2026-08-28: 주식등의대량보유상황보고서(일반) | 2026-08-28: 임원ㆍ주요주주특정증권등소유상황보고서,4
HLB,028300,0,OK,,,,2026-09-08: 전환사채(해외전환사채포함)발행후만기전사채취득               | 2026-09-07: 주식등의대량보유상황보고서(약식) | 2026-08-28: 전환가액의조정              ,3
니어스랩,417030,0,OK,,,,2026-09-02: 임원ㆍ주요주주특정증권등소유상황보고서 | 2026-08-28: [기재정정]주식등의대량보유상황보고서(일반) | 2026-08-28: [기재정정]임원ㆍ주요주주특정증권등소유상황보고서 | 2026-08-28: [기재정정]주식등의대량보유상황보고서(일반) | 2026-08-28: 임원ㆍ주요주주특정증권등소유상황보고서,8
시선AI,340810,0,OK,,,,2026-09-17: [기재정정]주요사항보고서(자기전환사채만기전취득결정) | 2026-09-14: [기재정정]자기전환사채매도결정              (4회차) | 2026-09-01: 주요사항보고서(자기전환사채만기전취득결정) | 2026-08-31: 전환가액의조정              ,4
미래에셋생명,085620,0,OK,,,,2026-09-09: 임원ㆍ주요주주특정증권등소유상황보고서 | 2026-09-03: 최대주주등소유주식변동신고서               | 2026-08-31: 대규모기업집단현황공시[분기별공시(개별회사용)] | 2026-08-31: [기재정정]반기보고서 (2026.06) | 2026-08-27: 최대주주등소유주식변동신고서              ,5
하이드로리튬,101670,0,OK,,,,2026-09-04: 의결권대리행사권유참고서류 | 2026-09-04: 주주총회소집공고 | 2026-09-04: 주주명부폐쇄기간또는기준일설정               | 2026-09-04: 주주총회소집결의              (임시주주총회) | 2026-09-04: 주식병합결정              ,5
KG케미칼,001390,0,OK,,,,2026-09-10: 자기주식처분결과보고서 | 2026-09-10: 최대주주등소유주식변동신고서               | 2026-09-10: 임원ㆍ주요주주특정증권등소유상황보고서 | 2026-09-10: 임원ㆍ주요주주특정증권등소유상황보고서 | 2026-09-10: 임원ㆍ주요주주특정증권등소유상황보고서,19
HLB바이오스텝,278650,0,OK,,,,2026-09-03: 주요사항보고서(자기전환사채만기전취득결정) | 2026-08-28: 주식등의대량보유상황보고서(일반) | 2026-08-27: 임원ㆍ주요주주특정증권등소유상황보고서,3
유티아이,179900,0,OK,,,,2026-09-08: 대표이사변경               | 2026-09-08: 금전대여결정               | 2026-09-07: [기재정정]주주총회소집결의              (임시주주총회) | 2026-09-07: 전환가액의조정              (제3회차) | 2026-08-24: [기재정정]주주총회소집결의              (임시주주총회),5
MDS스피어,009810,0,OK,,,,2026-09-10: 주요사항보고서(자기전환사채만기전취득결정) | 2026-09-04: 임원ㆍ주요주주특정증권등소유상황보고서 | 2026-09-04: 임원ㆍ주요주주특정증권등소유상황보고서 | 2026-09-04: 최대주주등소유주식변동신고서               | 2026-09-04: 주식등의대량보유상황보고서(일반),7
미래에셋맵스리츠,357250,0,OK,,,,2026-09-16: 임원ㆍ주요주주특정증권등소유상황보고서 | 2026-09-09: 임원ㆍ주요주주특정증권등소유상황보고서 | 2026-09-03: 임원ㆍ주요주주특정증권등소유상황보고서 | 2026-08-27: 정기주주총회결과              ,4
신원,009270,0,OK,,,,2026-09-11: 주식등의대량보유상황보고서(일반) | 2026-09-07: 자기주식취득결과보고서 | 2026-08-21: 주식등의대량보유상황보고서(일반),3
에스피지,058610,0,OK,,,,2026-09-18: 중간(분기)배당락               | 2026-09-07: 현금ㆍ현물배당결정              (중간배당) | 2026-09-07: 중간(분기)배당을위한주주명부폐쇄(기준일)결정              ,3
메리츠금융지주,138040,0,OK,,,,2026-09-04: 최대주주등소유주식변동신고서               | 2026-09-04: 주식등의대량보유상황보고서(일반) | 2026-08-28: 임원ㆍ주요주주특정증권등소유상황보고서 | 2026-08-28: 임원ㆍ주요주주특정증권등소유상황보고서 | 2026-08-28: 주요사항보고서(자기주식취득신탁계약체결결정),7
한국화장품제조,003350,0,OK,,,,2026-09-18: 전환청구권ㆍ신주인수권ㆍ교환청구권행사               | 2026-09-14: 전환청구권ㆍ신주인수권ㆍ교환청구권행사               | 2026-09-10: 주식등의대량보유상황보고서(약식) | 2026-08-28: 주식등의대량보유상황보고서(약식),4
동양,001520,0,OK,,,,2026-09-03: 임원ㆍ주요주주특정증권등소유상황보고서 | 2026-09-03: 임원ㆍ주요주주특정증권등소유상황보고서 | 2026-09-03: 임원ㆍ주요주주특정증권등소유상황보고서 | 2026-09-03: 임원ㆍ주요주주특정증권등소유상황보고서 | 2026-09-03: 임원ㆍ주요주주특정증권등소유상황보고서,14
DXVX,180400,0,OK,,,,2026-09-18: 의결권대리행사권유참고서류 | 2026-09-18: 주주총회소집공고 | 2026-09-17: 타인에대한채무보증결정               | 2026-09-17: 대표이사변경               | 2026-08-24: 주주명부폐쇄기간또는기준일설정              ,6
코람코라이프인프라리츠,357120,0,OK,,,,2026-09-17: [기재정정]부동산투자회사자금차입               | 2026-09-16: [기재정정]부동산투자회사부동산처분               | 2026-09-16: 임원ㆍ주요주주특정증권등소유상황보고서 | 2026-09-10: 주식등의대량보유상황보고서(약식) | 2026-09-09: 임원ㆍ주요주주특정증권등소유상황보고서,10
삼양패키징,272550,0,OK,,,,2026-09-04: 증권발행실적보고서 | 2026-09-04: 투자설명서 | 2026-09-03: [발행조건확정]증권신고서(채무증권) | 2026-08-31: [발행조건확정]증권신고서(채무증권) | 2026-08-31: [기재정정]증권신고서(채무증권),7
티앤알바이오팹,246710,0,OK,,,,2026-08-31: 반기보고서 (2026.06) | 2026-08-27: [첨부정정]사업보고서 (2025.12) | 2026-08-25: [기재정정]분기보고서 (2026.03) | 2026-08-25: [기재정정]파생상품거래손실발생               | 2026-08-25: [기재정정]사업보고서 (2025.12),6
DB,012030,0,OK,,,,2026-08-28: 주식등의대량보유상황보고서(일반) | 2026-08-28: 임원ㆍ주요주주특정증권등거래계획보고서 | 2026-08-27: 대규모기업집단현황공시[분기별공시(대표회사용)],3
제일기획,030000,0,OK,,,,2026-08-31: 대규모기업집단현황공시[분기별공시(개별회사용)] | 2026-08-28: 최대주주등소유주식변동신고서               | 2026-08-21: 기업설명회(IR)개최(안내공시)              ,3
뉴보텍,060260,0,OK,,,,2026-09-18: 주주총회소집공고 | 2026-09-17: [기재정정]신규시설투자등(자율공시)              (철회) | 2026-09-17: [기재정정]주주총회소집결의              (임시주주총회) | 2026-08-24: 신탁계약에의한취득상황보고서 | 2026-08-24: 신탁계약해지결과보고서,5
알에프텍,061040,0,OK,,,,2026-09-08: 의결권대리행사권유참고서류 | 2026-09-08: 주주총회소집공고 | 2026-09-08: [기재정정]주주총회소집결의              (임시주주총회) | 2026-08-27: 효력발생안내( 2026.8.14. 제출 증권신고서(합병) ) | 2026-08-25: [기재정정]투자설명서,7
한주라이트메탈,198940,0,OK,,,,2026-08-28: 주주총회소집결의              (임시주주총회) | 2026-08-28: 주주명부폐쇄기간또는기준일설정               | 2026-08-27: 전환가액의조정              ,3
한국철강,104700,0,OK,,,,2026-09-09: 신탁계약해지결과보고서 | 2026-09-09: 주요사항보고서(자기주식취득신탁계약해지결정) | 2026-09-09: 신탁계약에의한취득상황보고서 | 2026-08-26: 기타경영사항(자율공시)              ,4
더네이쳐홀딩스,298540,0,OK,,,,2026-09-16: 임원ㆍ주요주주특정증권등소유상황보고서 | 2026-09-01: 주식등의대량보유상황보고서(일반) | 2026-08-27: [기재정정]임원ㆍ주요주주특정증권등소유상황보고서 | 2026-08-24: 임원ㆍ주요주주특정증권등소유상황보고서 | 2026-08-24: 임원ㆍ주요주주특정증권등소유상황보고서,5
에스테크엠,0070X0,0,OK,,,,2026-09-11: [기재정정]주주총회소집결의               | 2026-08-28: 주주총회소집결의               | 2026-08-28: 주주명부폐쇄기간또는기준일설정              ,3
이노인스트루먼트,215790,0,OK,,,,2026-09-10: 임시주주총회결과               | 2026-08-27: [기재정정]주주총회소집공고 | 2026-08-27: 의결권대리행사권유참고서류 | 2026-08-26: 주주총회소집공고 | 2026-08-26: [기재정정]주식병합결정              ,5
국전,307750,0,OK,,,,2026-09-18: 주식등의대량보유상황보고서(일반) | 2026-09-03: 주식등의대량보유상황보고서(일반) | 2026-08-27: 신주인수권부사채(해외신주인수권부사채포함)발행후만기전사채취득               | 2026-08-24: 주식등의대량보유상황보고서(일반),4
기가레인,049080,0,OK,,,,2026-09-18: 독립이사의선임ㆍ해임또는중도퇴임에관한신고 | 2026-09-18: 임시주주총회결과               | 2026-09-01: 주주총회소집공고 | 2026-08-27: 의결권대리행사권유참고서류,4
트리니티항공,091810,0,OK,,,,2026-09-10: 기타안내사항(안내공시)               | 2026-09-09: 임원ㆍ주요주주특정증권등소유상황보고서 | 2026-09-09: 임원ㆍ주요주주특정증권등소유상황보고서 | 2026-09-09: 임원ㆍ주요주주특정증권등소유상황보고서 | 2026-09-09: 임원ㆍ주요주주특정증권등소유상황보고서,13
쿼드메디슨,464490,0,OK,,,,2026-09-14: 투자판단관련주요경영사항(임상시험계획승인신청)               | 2026-08-31: [기재정정]임원ㆍ주요주주특정증권등소유상황보고서 | 2026-08-31: 임원ㆍ주요주주특정증권등소유상황보고서 | 2026-08-31: 임원ㆍ주요주주특정증권등소유상황보고서,4
서울옥션,063170,0,OK,,,,2026-09-03: 주식등의대량보유상황보고서(일반) | 2026-09-03: 임원ㆍ주요주주특정증권등소유상황보고서 | 2026-08-28: 임원ㆍ주요주주특정증권등소유상황보고서 | 2026-08-25: 주식등의대량보유상황보고서(일반) | 2026-08-21: 임원ㆍ주요주주특정증권등소유상황보고서,5
페니트리움바이오,187660,0,OK,,,,2026-09-09: 주식등의대량보유상황보고서(일반) | 2026-09-09: [기재정정]주식등의대량보유상황보고서(일반) | 2026-09-04: 주식등의대량보유상황보고서(일반) | 2026-09-04: 임원ㆍ주요주주특정증권등소유상황보고서 | 2026-09-03: 투자판단관련주요경영사항(임상시험계획승인신청등결정)              (재발성 또는 불응성 진행성 고형암 임상 2a상 임상시험계획 숭인),7
NH올원리츠,400760,0,OK,,,,2026-09-14: 기타경영사항(자율공시)               | 2026-09-11: 사업보고서 (2026.06) | 2026-09-11: 감사보고서제출               | 2026-09-09: 주식등의대량보유상황보고서(약식) | 2026-09-08: 기타경영사항(자율공시)              ,10
SYTS,002170,0,OK,,,,2026-09-15: 신탁계약해지결과보고서 | 2026-09-14: 주요사항보고서(자기주식취득신탁계약해지결정) | 2026-09-14: 신탁계약에의한취득상황보고서 | 2026-08-31: 대규모기업집단현황공시[분기별공시(개별회사용)],4
엠엑스로보틱스,007820,0,OK,,,,2026-09-10: [기재정정]주주총회소집결의              (임시주주총회) | 2026-09-10: 주주총회소집공고 | 2026-08-27: 임원ㆍ주요주주특정증권등소유상황보고서 | 2026-08-27: 주식등의대량보유상황보고서(일반) | 2026-08-24: 증권발행결과(자율공시)              ,5
에스엠씨지,460870,0,OK,,,,2026-09-14: 임원ㆍ주요주주특정증권등소유상황보고서 | 2026-09-14: 주식등의대량보유상황보고서(일반) | 2026-09-09: 주식등의대량보유상황보고서(일반) | 2026-09-09: 임원ㆍ주요주주특정증권등소유상황보고서 | 2026-09-07: 임원ㆍ주요주주특정증권등소유상황보고서,9
티디에스팜,464280,0,OK,,,,2026-09-07: 임원ㆍ주요주주특정증권등거래계획보고서 | 2026-09-07: 임원ㆍ주요주주특정증권등거래계획보고서 | 2026-09-07: 임원ㆍ주요주주특정증권등거래계획보고서 | 2026-09-07: 임원ㆍ주요주주특정증권등거래계획보고서,4
가비아,079940,0,OK,,,,2026-09-18: 공개매수결과보고서 | 2026-09-17: 주식등의대량보유상황보고서(일반) | 2026-09-17: 독립이사의선임ㆍ해임또는중도퇴임에관한신고 | 2026-09-16: 소송등의제기ㆍ신청(경영권분쟁소송)              (의결권행사금지 가처분) | 2026-09-15: 공개매수에관한의견표명서,19
에이엘티,172670,0,OK,,,,2026-09-17: [기재정정]주식등의대량보유상황보고서(약식) | 2026-09-15: 주식등의대량보유상황보고서(약식) | 2026-09-14: 전환사채(해외전환사채포함)발행후만기전사채취득              (제7회차) | 2026-09-09: 임원ㆍ주요주주특정증권등소유상황보고서 | 2026-09-09: 주식등의대량보유상황보고서(일반),6
한국자산신탁,123890,0,OK,,,,2026-09-02: 기업설명회(IR)개최(안내공시)               | 2026-09-02: 기업가치제고계획(자율공시)               | 2026-08-28: 대규모기업집단현황공시[분기별공시(개별회사용)],3
미원홀딩스,107590,0,OK,,,,2026-09-18: 최대주주등소유주식변동신고서               | 2026-09-18: 주식등의대량보유상황보고서(일반) | 2026-09-07: 최대주주등소유주식변동신고서               | 2026-08-27: 최대주주등소유주식변동신고서               | 2026-08-27: 임원ㆍ주요주주특정증권등소유상황보고서,5
SK시그넷,260870,0,OK,,,,2026-09-01: 임원ㆍ주요주주특정증권등소유상황보고서 | 2026-09-01: 주식등의대량보유상황보고서(약식) | 2026-08-28: 임원ㆍ주요주주특정증권등소유상황보고서 | 2026-08-28: 주식등의대량보유상황보고서(일반) | 2026-08-28: 공개매수설명서,7
신라젠,215600,0,OK,,,,2026-09-15: 투자판단관련주요경영사항(임상시험계획승인신청)              (덱시부프로펜주(WS2405)의 제 1상 임상시험 계획 승인 신청) | 2026-09-03: [기재정정]주식매수선택권부여에관한신고 | 2026-09-03: [기재정정]주식매수선택권부여에관한신고,3
에코프로머티,450080,0,OK,,,,2026-09-16: 최대주주등소유주식변동신고서               | 2026-09-16: 주식등의대량보유상황보고서(일반) | 2026-09-16: 임원ㆍ주요주주특정증권등소유상황보고서 | 2026-09-09: 주식등의대량보유상황보고서(일반) | 2026-08-31: 대규모기업집단현황공시[분기별공시(개별회사용)],5
휴젤,145020,0,OK,,,,2026-09-14: 기업설명회(IR)개최               | 2026-09-09: 임원ㆍ주요주주특정증권등소유상황보고서 | 2026-09-07: 기업설명회(IR)개최               | 2026-08-31: 대규모기업집단현황공시[분기별공시(개별회사용)] | 2026-08-24: [기재정정]임시주주총회결과              ,8
오리엔트바이오,002630,0,OK,,,,2026-09-17: 임원ㆍ주요주주특정증권등소유상황보고서 | 2026-09-17: 임원ㆍ주요주주특정증권등소유상황보고서 | 2026-09-17: 임원ㆍ주요주주특정증권등소유상황보고서 | 2026-09-04: 주식등의대량보유상황보고서(일반) | 2026-09-04: 임원ㆍ주요주주특정증권등소유상황보고서,5
대한전선,001440,0,OK,,,,2026-09-16: [발행조건확정]증권신고서(채무증권) | 2026-09-16: [기재정정]증권신고서(채무증권) | 2026-09-10: 증권신고서(채무증권) | 2026-09-10: 동일인등출자계열회사와의상품ㆍ용역거래 | 2026-09-08: 기업설명회(IR)개최(안내공시)              ,6
효성화학,298000,0,OK,,,,2026-09-11: 타인에대한채무보증결정               | 2026-09-11: 타인에대한채무보증결정               | 2026-08-28: 대규모기업집단현황공시[분기별공시(개별회사용)],3
SK하이닉스,000660,0,OK,,,,2026-09-18: 조회공시요구(풍문또는보도)에대한답변(미확정)               | 2026-09-09: 조회공시요구(풍문또는보도)에대한답변(미확정)               | 2026-09-04: 풍문또는보도에대한해명(미확정)               | 2026-08-28: 대규모기업집단현황공시[분기별공시(개별회사용)] | 2026-08-21: [기재정정]임원ㆍ주요주주특정증권등소유상황보고서,16
한솔홀딩스,004150,0,OK,,,,2026-09-16: 최대주주등소유주식변동신고서               | 2026-09-16: 주식등의대량보유상황보고서(일반) | 2026-09-16: 임원ㆍ주요주주특정증권등소유상황보고서 | 2026-08-31: [기재정정]대규모기업집단현황공시[분기별공시(대표회사용)] | 2026-08-26: 대규모기업집단현황공시[분기별공시(대표회사용)],5
신한알파리츠,293940,0,OK,,,,2026-09-18: [기재정정]부동산투자회사자금차입               | 2026-09-18: 부동산투자회사자금차입               | 2026-09-16: 임원ㆍ주요주주특정증권등소유상황보고서 | 2026-09-14: 주주명부폐쇄기간또는기준일설정               | 2026-09-10: 기타경영사항(자율공시)              ,8
한진칼,180640,0,OK,,,,2026-08-28: [기재정정]타법인주식및출자증권취득결정(자회사의 주요경영사항)               | 2026-08-28: 대규모기업집단현황공시[분기별공시(대표회사용)] | 2026-08-21: 기타경영사항(자율공시)              ,3
INVENI,015360,0,OK,,,,2026-09-01: 임원ㆍ주요주주특정증권등소유상황보고서 | 2026-09-01: 주식등의대량보유상황보고서(일반) | 2026-09-01: 최대주주등소유주식변동신고서               | 2026-08-27: 대규모기업집단현황공시[분기별공시(개별회사용)] | 2026-08-26: 임원ㆍ주요주주특정증권등소유상황보고서,7
엘앤씨바이오,290650,0,OK,,,,2026-09-18: 주식등의대량보유상황보고서(일반) | 2026-09-18: 임원ㆍ주요주주특정증권등소유상황보고서 | 2026-09-10: 주식등의대량보유상황보고서(약식) | 2026-09-09: 주식등의대량보유상황보고서(일반) | 2026-09-02: 권리락              (유상증자),11
CJ ENM,035760,0,OK,,,,2026-09-17: 동일인등출자계열회사와의상품ㆍ용역거래 | 2026-09-17: 특수관계인에대한출자 | 2026-08-31: [기재정정]투자판단관련주요경영사항               | 2026-08-28: 대규모기업집단현황공시[분기별공시(개별회사용)] | 2026-08-21: 기업설명회(IR)개최              ,5
오름테라퓨틱,475830,0,OK,,,,2026-09-17: 투자판단관련주요경영사항              (Bristol Myers Squibb(BMS)의 BMS-986497(ORM-6151) 임상 중단에 따른 자산양수도 계약 종료) | 2026-09-10: 주주명부폐쇄기간또는기준일설정               | 2026-09-10: 주주총회소집결의              (임시주주총회) | 2026-08-31: 기업설명회(IR)개최              ,4
태웅로직스,124560,0,OK,,,,2026-09-16: 타법인주식및출자증권취득결정               | 2026-08-21: 타인에대한채무보증결정               | 2026-08-21: 타법인주식및출자증권취득결정(종속회사의주요경영사항)               | 2026-08-21: [기재정정]투자판단관련주요경영사항              ((주)이투마스 지분인수를 위한 양해각서(MOU)체결),4
올릭스,226950,0,OK,,,,"2026-09-16: 투자판단관련주요경영사항(임상시험계획승인신청)               | 2026-09-08: [기재정정]투자판단관련주요경영사항(임상시험계획승인신청)              (안드로겐성 탈모가 있는 건강한 남성을 대상으로 OLX72021의 안전성과 유효성을 평가하기 위한 다기관, 무작위 배정, 이중 눈가림, 위약 대조, 다중 상승 용량 제1b/2a상 임상시험 계획 승인신청) | 2026-09-01: 전환주식의전환청구권행사              (전환우선주) | 2026-09-01: 주식등의대량보유상황보고서(약식) | 2026-08-31: 전환주식의전환청구권행사              (전환우선주)",7
한화솔루션,009830,0,OK,,,,2026-09-16: [기재정정]타법인주식및출자증권처분결정(자율공시)               | 2026-09-11: 약관에의한금융거래시계열금융회사의거래상대방의공시 | 2026-09-10: 기업설명회(IR)개최(안내공시)               | 2026-09-09: [기재정정]중대재해발생               | 2026-09-08: 타법인주식및출자증권처분결정(자율공시)              ,10
달바글로벌,483650,0,OK,,,,2026-09-17: 주식등의대량보유상황보고서(약식) | 2026-09-09: 임원ㆍ주요주주특정증권등소유상황보고서 | 2026-09-09: 임원ㆍ주요주주특정증권등소유상황보고서 | 2026-08-28: 기업설명회(IR)개최(안내공시)               | 2026-08-26: 주식등의대량보유상황보고서(일반),8
유니드,014830,0,OK,,,,2026-09-09: 기업설명회(IR)개최(안내공시)               | 2026-08-28: 대규모기업집단현황공시[분기별공시(개별회사용)] | 2026-08-25: 주식등의대량보유상황보고서(일반),3
이리츠코크렙,088260,0,OK,,,,2026-09-16: 정기주주총회결과               | 2026-09-08: 사업보고서 (2026.06) | 2026-09-08: 감사보고서제출               | 2026-09-01: 의결권대리행사권유참고서류 | 2026-09-01: 주주총회소집공고,8
미원에스씨,268280,0,OK,,,,2026-09-16: 주식등의대량보유상황보고서(일반) | 2026-09-16: 최대주주등소유주식변동신고서               | 2026-09-11: 최대주주등소유주식변동신고서               | 2026-09-09: 최대주주등소유주식변동신고서               | 2026-09-08: 최대주주등소유주식변동신고서              ,13
프로티나,468530,0,OK,,,,2026-08-25: 임원ㆍ주요주주특정증권등소유상황보고서 | 2026-08-25: 임원ㆍ주요주주특정증권등소유상황보고서 | 2026-08-25: 임원ㆍ주요주주특정증권등소유상황보고서 | 2026-08-25: 임원ㆍ주요주주특정증권등소유상황보고서 | 2026-08-25: 임원ㆍ주요주주특정증권등소유상황보고서,7
플래티어,367000,0,OK,,,,2026-09-15: 기업설명회(IR)개최               | 2026-09-09: 임원ㆍ주요주주특정증권등소유상황보고서 | 2026-09-03: 기업설명회(IR)개최               | 2026-08-31: 임원ㆍ주요주주특정증권등소유상황보고서 | 2026-08-24: 기업설명회(IR)개최              ,5
이지스,261520,0,OK,,,,2026-09-04: 주식등의대량보유상황보고서(약식) | 2026-08-31: 주요사항보고서(자기주식취득신탁계약체결결정) | 2026-08-31: 임시주주총회결과              ,3
E1,017940,0,OK,,,,2026-09-16: 약관에의한금융거래시계열금융회사의거래상대방의공시 | 2026-08-27: 주식등의대량보유상황보고서(일반) | 2026-08-27: 대규모기업집단현황공시[분기별공시(개별회사용)],3
키움증권,039490,0,OK,,,,2026-09-18: 주요사항보고서(자본으로인정되는채무증권발행결정) | 2026-09-18: 증권발행실적보고서 | 2026-09-18: 투자설명서(일괄신고) | 2026-09-18: 증권발행실적보고서 | 2026-09-18: 일괄신고추가서류(파생결합사채-주가연계파생결합사채),100
카카오페이,377300,0,OK,,,,2026-09-18: 최대주주등소유주식변동신고서               | 2026-09-18: 임원ㆍ주요주주특정증권등소유상황보고서 | 2026-08-26: 대규모기업집단현황공시[분기별공시(개별회사용)] | 2026-08-21: 최대주주등소유주식변동신고서               | 2026-08-21: 임원ㆍ주요주주특정증권등소유상황보고서,5
신진에스엠,138070,0,OK,,,,2026-09-18: 주식등의대량보유상황보고서(일반) | 2026-09-17: 임원ㆍ주요주주특정증권등소유상황보고서 | 2026-09-17: 임원ㆍ주요주주특정증권등소유상황보고서 | 2026-09-11: 주식등의대량보유상황보고서(일반) | 2026-09-10: 임원ㆍ주요주주특정증권등소유상황보고서,6
바텍,043150,0,OK,,,,2026-09-09: 주식등의대량보유상황보고서(약식) | 2026-09-07: [기재정정]주식등의대량보유상황보고서(약식) | 2026-09-04: 주식등의대량보유상황보고서(약식),3
형지엘리트,093240,0,OK,,,,2026-09-18: 임원ㆍ주요주주특정증권등소유상황보고서 | 2026-09-18: 감사보고서제출               | 2026-09-11: 의결권대리행사권유참고서류 | 2026-09-11: 주주총회소집공고 | 2026-08-26: 투자유의안내              ,8
아이엠뱅크,005270,0,OK,,,,2026-09-16: 증권발행실적보고서 | 2026-09-15: 투자설명서(일괄신고) | 2026-09-15: 일괄신고추가서류,3
코리아나,027050,0,OK,,,,2026-09-15: 주식등의대량보유상황보고서(일반) | 2026-09-04: 주식등의대량보유상황보고서(일반) | 2026-09-04: 주식등의대량보유상황보고서(일반),3
삼영에스앤씨,361670,0,OK,,,,2026-09-15: 임원ㆍ주요주주특정증권등소유상황보고서 | 2026-09-11: 임원ㆍ주요주주특정증권등소유상황보고서 | 2026-09-10: 임원ㆍ주요주주특정증권등소유상황보고서 | 2026-09-02: 임원ㆍ주요주주특정증권등소유상황보고서 | 2026-08-26: 임원ㆍ주요주주특정증권등거래계획보고서,6
아이티엠반도체,084850,0,OK,,,,2026-09-17: 타인에대한채무보증결정               | 2026-09-03: 주식등의대량보유상황보고서(일반) | 2026-08-25: 주식등의대량보유상황보고서(일반),3
씨앤투스,352700,0,OK,,,,2026-09-15: 주식등의대량보유상황보고서(일반) | 2026-09-08: 주식등의대량보유상황보고서(일반) | 2026-09-02: 주식등의대량보유상황보고서(일반) | 2026-09-01: 합병등종료보고서(합병),4
보로노이,310210,0,OK,,,,2026-09-18: [기재정정]투자판단관련주요경영사항(임상시험계획변경승인신청)              (VRN110755의 제 1/2상 임상시험) | 2026-09-17: 기업설명회(IR)개최               | 2026-09-14: [기재정정]투자판단관련주요경영사항(임상시험계획변경승인)              (VRN110755의 제 1/2상 임상시험) | 2026-09-10: [기재정정]주식매수선택권부여에관한신고 | 2026-09-09: 주식매수선택권부여에관한신고,11
폰드그룹,472850,0,OK,,,,2026-09-15: 현금ㆍ현물배당결정              (분기배당) | 2026-09-15: 중간(분기)배당을위한주주명부폐쇄(기준일)결정               | 2026-09-11: 주식등의대량보유상황보고서(일반) | 2026-09-04: 신탁계약에의한취득상황보고서 | 2026-08-31: 대규모기업집단현황공시[분기별공시(개별회사용)],6
현대모비스,012330,0,OK,,,,2026-09-09: 기업설명회(IR)개최(안내공시)               | 2026-09-04: 기업설명회(IR)개최(안내공시)               | 2026-08-31: 기업설명회(IR)개최(안내공시)               | 2026-08-28: 기업설명회(IR)개최(안내공시)               | 2026-08-28: 대규모기업집단현황공시[분기별공시(개별회사용)],7
KG스틸,016380,0,OK,,,,2026-09-09: 최대주주등소유주식변동신고서               | 2026-08-31: 합병등종료보고서(자산양수도) | 2026-08-27: [기재정정]주요사항보고서(타법인주식및출자증권양수결정) | 2026-08-27: [기재정정]타법인주식및출자증권취득결정               | 2026-08-27: 대규모기업집단현황공시[분기별공시(개별회사용)],5
바이오포트,188040,0,OK,,,,2026-08-31: 주식등의대량보유상황보고서(일반) | 2026-08-31: 임원ㆍ주요주주특정증권등소유상황보고서 | 2026-08-24: 임원ㆍ주요주주특정증권등소유상황보고서 | 2026-08-24: 기업설명회(IR)개최              ,4
소프트캠프,258790,0,OK,,,,2026-09-15: [기재정정]타법인주식및출자증권취득결정(자율공시)               | 2026-08-28: 타법인주식및출자증권취득결정(자율공시)               | 2026-08-28: 타법인주식및출자증권취득결정              ,3
에스엔시스,0008Z0,0,OK,,,,2026-09-17: 기업설명회(IR)개최               | 2026-09-08: 주주총회소집결의              (임시주주총회) | 2026-09-08: 주주명부폐쇄기간또는기준일설정              ,3
태림포장,011280,0,OK,,,,2026-09-02: 특수관계인으로부터주식의취득 | 2026-09-02: 타법인주식및출자증권처분결정               | 2026-08-31: 대규모기업집단현황공시[분기별공시(개별회사용)],3
모다이노칩,080420,3,OK,,[기재정정]주요사항보고서(회사합병결정)(+3),,2026-09-14: [기재정정]주요사항보고서(회사합병결정) | 2026-08-31: 대규모기업집단현황공시[분기별공시(개별회사용)],2
GKL,114090,3,OK,,영업(잠정)실적(공정공시)              (+3),,2026-09-16: [기재정정]주주명부폐쇄기간또는기준일설정               | 2026-09-03: 영업(잠정)실적(공정공시)              ,2
실리콘투,257720,3,OK,,유형자산취득결정(자율공시)              (+3),,2026-09-18: 주식등의대량보유상황보고서(일반) | 2026-09-16: 주주총회소집공고 | 2026-09-15: 증권발행결과(자율공시)              (제3자배정-상환전환주식) | 2026-09-09: 유형자산취득결정(자율공시)               | 2026-09-08: 임원ㆍ주요주주특정증권등소유상황보고서,7
지역난방공사,071320,3,OK,,영업(잠정)실적(공정공시)              (+3),,2026-09-11: 의결권대리행사권유참고서류 | 2026-09-11: 주주총회소집공고 | 2026-09-10: 주주총회소집결의               | 2026-08-26: 영업(잠정)실적(공정공시)              ,4
아하,102950,3,OK,,[기재정정]주요사항보고서(회사합병결정)(+3),,2026-09-14: 기업설명회(IR)개최결과               | 2026-08-21: [기재정정]주요사항보고서(회사합병결정),2
새론오토모티브,075180,3,OK,,[기재정정]회사합병결정(종속회사의주요경영사항)              (+3),,2026-08-31: [기재정정]해산사유발생(종속회사의주요경영사항)               | 2026-08-31: [기재정정]회사합병결정(종속회사의주요경영사항)              ,2
해성디에스,195870,3,OK,,유형자산취득결정              (+3),,2026-09-18: 신규시설투자등               | 2026-09-18: 유형자산취득결정               | 2026-09-01: 기업설명회(IR)개최(안내공시)              ,3
오리온,271560,3,OK,,연결재무제표기준영업(잠정)실적(공정공시)              (+3),,2026-09-10: 연결재무제표기준영업(잠정)실적(공정공시)               | 2026-09-01: 주식등의대량보유상황보고서(약식) | 2026-08-31: 대규모기업집단현황공시[분기별공시(개별회사용)],3
한화갤러리아,452260,3,OK,,유형자산취득결정(종속회사의주요경영사항)              (+3),,2026-09-17: 특수관계인에대한자금대여 | 2026-09-17: 풍문또는보도에대한해명(미확정)               | 2026-08-31: 대규모기업집단현황공시[분기별공시(개별회사용)] | 2026-08-27: 유형자산취득결정(종속회사의주요경영사항)              ,4
휴온스,243070,3,OK,,[기재정정]주요사항보고서(회사합병결정)(+3),,2026-08-26: 기타주요경영사항              (회사합병 결정 및 임시주주총회 소집결의 철회) | 2026-08-26: [기재정정]주주총회소집결의              (임시주주총회-철회) | 2026-08-26: [기재정정]주요사항보고서(회사합병결정) | 2026-08-24: 기업설명회(IR)개최              ,4
해성산업,034810,3,OK,,유형자산취득결정(자회사의 주요경영사항)              (+3),,2026-09-18: 신규시설투자등(자회사의 주요경영사항)               | 2026-09-18: 유형자산취득결정(자회사의 주요경영사항)               | 2026-09-17: [기재정정]벌금등의부과(자회사의 주요경영사항)               | 2026-08-28: [기재정정]벌금등의부과(자회사의 주요경영사항)              ,4
광주신세계,037710,3,OK,,영업(잠정)실적(공정공시)              (+3),,2026-09-09: 영업(잠정)실적(공정공시)               | 2026-08-31: 대규모기업집단현황공시[분기별공시(개별회사용)],2
아시아나항공,020560,3,OK,,회사합병결정(종속회사의주요경영사항)              (+3),,2026-09-08: 주식등의대량보유상황보고서(일반) | 2026-08-31: 대규모기업집단현황공시[분기별공시(개별회사용)] | 2026-08-21: 기타경영사항(자율공시)               | 2026-08-21: 회사합병결정(종속회사의주요경영사항)              ,4
파라다이스,034230,3,OK,,연결재무제표기준영업(잠정)실적(공정공시)              (+3),,2026-09-02: 연결재무제표기준영업(잠정)실적(공정공시)               | 2026-08-28: 대규모기업집단현황공시[분기별공시(개별회사용)] | 2026-08-25: 주식등의대량보유상황보고서(일반),3
LG씨엔에스,064400,3,OK,,유형자산취득결정              (+3),,2026-09-16: 기업설명회(IR)개최(안내공시)               | 2026-09-11: 유형자산취득결정               | 2026-09-02: 기업설명회(IR)개최(안내공시)               | 2026-09-02: 기업설명회(IR)개최(안내공시)               | 2026-08-28: 대규모기업집단현황공시[분기별공시(개별회사용)],5
한국가스공사,036460,3,OK,,영업(잠정)실적(공정공시)              (+3),,2026-09-18: [기재정정]투자판단관련주요경영사항               | 2026-09-18: 투자판단관련주요경영사항               | 2026-09-18: 주주명부폐쇄기간또는기준일설정               | 2026-09-17: 임원ㆍ주요주주특정증권등소유상황보고서 | 2026-09-09: 영업(잠정)실적(공정공시)              ,10
신영와코루,005800,3,OK,,유형자산취득결정              (+3),,2026-09-14: 불성실공시법인지정예고               | 2026-09-14: 유형자산취득결정               | 2026-09-01: 임원ㆍ주요주주특정증권등거래계획보고서,3
원포유,122830,3,OK,,[첨부정정]주요사항보고서(회사합병결정)(+3),,2026-09-10: 기타주요경영사항(자율공시)              (소규모합병 승인 이사회 결의(주주총회 갈음) 결과 보고) | 2026-09-10: [첨부정정]주요사항보고서(회사합병결정) | 2026-09-01: 타법인주식및출자증권취득결정              ,3
심텍홀딩스,036710,3,OK,,[기재정정]회사합병결정(종속회사의주요경영사항)              (+3),,2026-09-11: 금전대여결정              (대여기간 연장) | 2026-08-31: [기재정정]회사합병결정(종속회사의주요경영사항)              ,2
롯데관광개발,032350,3,OK,,연결재무제표기준영업(잠정)실적(공정공시)              (+3),,2026-09-18: 주식등의대량보유상황보고서(일반) | 2026-09-17: 독립이사의선임ㆍ해임또는중도퇴임에관한신고 | 2026-09-17: 임시주주총회결과               | 2026-09-04: 주식등의대량보유상황보고서(일반) | 2026-09-02: 주주총회소집공고,11
휴온스글로벌,084110,3,OK,,[기재정정]주요사항보고서(회사합병결정)(자회사의 주요경영사항)              (철회)(+3),,2026-08-26: 기타주요경영사항              (임시주주총회 소집결의 철회) | 2026-08-26: [기재정정]수시공시의무관련사항(공정공시)              (주주가치 제고를 위한 현물배당 계획 안내-철회) | 2026-08-26: [기재정정]주주총회소집결의              (임시주주총회-철회) | 2026-08-26: [기재정정]주주총회소집공고 | 2026-08-26: 기타주요경영사항(자회사의 주요경영사항)              (회사합병 결정 및 임시주주총회 소집결의 철회),7
국일제지,078130,3,OK,,주요사항보고서(회사합병결정)(+3),,2026-09-18: 주주총회소집결의              (임시주주총회) | 2026-09-18: 주주명부폐쇄기간또는기준일설정               | 2026-09-18: 주요사항보고서(회사합병결정) | 2026-09-02: 대표이사변경               | 2026-09-02: 상호변경안내              ,7
에이플러스에셋,244920,3,OK,,유형자산취득결정(종속회사의주요경영사항)              (+3),,2026-09-08: 유형자산처분결정(종속회사의주요경영사항)               | 2026-09-08: 유형자산취득결정(종속회사의주요경영사항)              ,2
기아,000270,3,OK,,영업(잠정)실적(공정공시)              (+3),,2026-09-16: [기재정정]반기보고서 (2026.06) | 2026-09-14: 기업설명회(IR)개최(안내공시)               | 2026-09-11: 특수관계인으로부터기타유가증권매수 | 2026-09-10: 중대재해발생               | 2026-09-02: 기업설명회(IR)개최(안내공시)              ,9
SJG세종,033530,3,OK,,[첨부정정]주요사항보고서(회사합병결정)(+3),,2026-09-10: [기재정정]타인에대한채무보증결정               | 2026-08-24: [첨부정정]주요사항보고서(회사합병결정),2
신세계,004170,3,OK,,영업(잠정)실적(공정공시)              (+3),,2026-09-18: 기업설명회(IR)개최(안내공시)               | 2026-09-09: 영업(잠정)실적(공정공시)               | 2026-08-31: 주식등의대량보유상황보고서(일반) | 2026-08-31: 대규모기업집단현황공시[분기별공시(대표회사용)] | 2026-08-26: 기업설명회(IR)개최(안내공시)              ,6
부광약품,003000,3,OK,,유형자산취득결정              (+3),,2026-08-31: 출자법인회생절차및파산관련결정               | 2026-08-28: 대규모기업집단현황공시[분기별공시(개별회사용)] | 2026-08-26: 유형자산취득결정              ,3
KPX케미칼,025000,5,OK,,주식소각결정              (+5),,2026-09-10: 임원ㆍ주요주주특정증권등거래계획보고서 | 2026-08-28: 주식소각결정              ,2
KC코트렐,119650,5,OK,,[기재정정]단일판매ㆍ공급계약체결(자율공시)              (+5),,2026-08-21: [기재정정]단일판매ㆍ공급계약체결(자율공시)              ,1
EG,037370,5,OK,,단일판매ㆍ공급계약체결(자율공시)              (+5),,2026-09-08: 단일판매ㆍ공급계약체결(자율공시)              ,1
씨케이솔루션,480370,5,OK,,[기재정정]단일판매ㆍ공급계약체결              (+5),,2026-09-14: 기타경영사항(자율공시)(종속회사의주요경영사항)               | 2026-09-14: 기타경영사항(자율공시)(종속회사의주요경영사항)               | 2026-08-31: [기재정정]단일판매ㆍ공급계약체결              ,3
삼화네트웍스,046390,5,OK,,단일판매ㆍ공급계약체결              (+5),,2026-09-01: 단일판매ㆍ공급계약체결              ,1
한국항공우주,047810,5,OK,,[기재정정]단일판매ㆍ공급계약체결              (+5),,2026-09-10: 주식등의대량보유상황보고서(약식) | 2026-09-04: 기업설명회(IR)개최(안내공시)               | 2026-09-03: 주식등의대량보유상황보고서(약식) | 2026-08-31: [기재정정]단일판매ㆍ공급계약체결               | 2026-08-28: 대규모기업집단현황공시[분기별공시(대표회사용)],6
비츠로넥스텍,488900,5,OK,,단일판매ㆍ공급계약체결              (+5),,2026-09-15: 단일판매ㆍ공급계약체결              ,1
한국종합기술,023350,5,OK,,[기재정정]단일판매ㆍ공급계약체결              (+5),,2026-09-11: [기재정정]단일판매ㆍ공급계약체결              ,1
코닉오토메이션,391710,5,OK,,단일판매ㆍ공급계약체결              (+5),,2026-09-18: 주요사항보고서(유형자산양수결정) | 2026-09-11: 단일판매ㆍ공급계약체결              ,2
PN풍년,024940,5,OK,,주요사항보고서(자기주식취득결정)(+5),,2026-09-14: 임원ㆍ주요주주특정증권등소유상황보고서 | 2026-09-11: 임원ㆍ주요주주특정증권등소유상황보고서 | 2026-09-10: 주요사항보고서(자기주식취득결정),3
신송홀딩스,006880,5,OK,,주요사항보고서(자기주식취득결정)(+5),,2026-09-17: 주요사항보고서(자기주식취득결정) | 2026-09-16: 자기주식취득결과보고서,2
와이씨,232140,5,OK,,단일판매ㆍ공급계약체결              (+5),,2026-09-08: 기업설명회(IR)개최               | 2026-08-27: 단일판매ㆍ공급계약체결              ,2
금호석유화학,011780,5,OK,,주식소각결정              (+5),,2026-09-15: 신탁계약해지결과보고서 | 2026-09-15: 주식소각결정               | 2026-09-15: 주요사항보고서(자기주식취득신탁계약해지결정) | 2026-09-08: 기업설명회(IR)개최(안내공시)               | 2026-09-03: 최대주주등소유주식변동신고서              ,6
피엔티,137400,5,OK,,[기재정정]단일판매ㆍ공급계약체결              (+5),,2026-09-09: [기재정정]단일판매ㆍ공급계약체결               | 2026-09-02: 임원ㆍ주요주주특정증권등소유상황보고서 | 2026-09-01: 주식등의대량보유상황보고서(일반) | 2026-08-25: 기업설명회(IR)개최               | 2026-08-21: 자기주식취득결과보고서,5
에이디테크놀로지,200710,5,OK,,[기재정정]단일판매ㆍ공급계약체결              (+5),,2026-09-09: [기재정정]단일판매ㆍ공급계약체결              ,1
아이에스동서,010780,5,OK,,[기재정정]단일판매ㆍ공급계약체결              (+5),,2026-09-16: 주식등의대량보유상황보고서(일반) | 2026-09-14: [기재정정]기업설명회(IR)개최(안내공시)               | 2026-09-14: 기업설명회(IR)개최(안내공시)               | 2026-08-31: [기재정정]단일판매ㆍ공급계약체결               | 2026-08-28: 주식등의대량보유상황보고서(일반),7
우리로,046970,5,OK,,단일판매ㆍ공급계약체결              (+5),,2026-09-14: 단일판매ㆍ공급계약체결              ,1
RF머트리얼즈,327260,5,OK,,주식소각결정              (+5),,2026-09-17: 임원ㆍ주요주주특정증권등소유상황보고서 | 2026-09-08: 주식소각결정              ,2
한전기술,052690,5,OK,,단일판매ㆍ공급계약체결              (+5),,2026-09-15: 단일판매ㆍ공급계약체결               | 2026-09-07: 주주총회소집공고 | 2026-09-03: [기재정정]주주총회소집결의               | 2026-08-31: 주주총회소집결의              ,4
셀피글로벌,068940,5,OK,,[기재정정]단일판매ㆍ공급계약체결              (+5),,2026-09-11: 소송등의판결ㆍ결정              (직무집행정지 등 가처분) | 2026-09-10: [기재정정]단일판매ㆍ공급계약체결              ,2
비트컴퓨터,032850,5,OK,,주요사항보고서(자기주식취득결정)(+5),,2026-09-17: 주요사항보고서(자기주식취득결정) | 2026-09-01: 주식등의대량보유상황보고서(일반) | 2026-08-28: 자기주식취득결과보고서,3
예선테크,250930,5,OK,,주식소각결정              (+5),,2026-09-14: 주식등의대량보유상황보고서(일반) | 2026-09-09: 임원ㆍ주요주주특정증권등소유상황보고서 | 2026-09-03: 기업설명회(IR)개최               | 2026-08-31: 주식소각결정               | 2026-08-25: 기업설명회(IR)개최              ,8
인티큐브,070590,5,OK,,단일판매ㆍ공급계약체결              (+5),,2026-09-11: 단일판매ㆍ공급계약체결              ,1
SFA넥셀,222080,5,OK,,[기재정정]단일판매ㆍ공급계약체결              (+5),,2026-09-14: [기재정정]단일판매ㆍ공급계약체결              ,1
한화엔진,082740,5,OK,,단일판매ㆍ공급계약체결              (+5),,2026-08-31: 대규모기업집단현황공시[분기별공시(개별회사용)] | 2026-08-28: 단일판매ㆍ공급계약체결              ,2
저스템,417840,5,OK,,주요사항보고서(자기주식취득결정)(+5),,2026-09-11: 임원ㆍ주요주주특정증권등소유상황보고서 | 2026-09-11: 임원ㆍ주요주주특정증권등소유상황보고서 | 2026-09-11: 임원ㆍ주요주주특정증권등소유상황보고서 | 2026-09-11: 임원ㆍ주요주주특정증권등소유상황보고서 | 2026-09-11: 주식등의대량보유상황보고서(일반),7
네이블,153460,5,OK,,[기재정정]단일판매ㆍ공급계약체결              (+5),,2026-09-07: [기재정정]주식매수선택권부여에관한신고 | 2026-08-31: [기재정정]단일판매ㆍ공급계약체결              ,2
피엔티엠에스,257370,5,OK,,[기재정정]단일판매ㆍ공급계약체결(자율공시)              (+5),,2026-09-16: [기재정정]단일판매ㆍ공급계약체결(자율공시)               | 2026-09-10: 주식등의대량보유상황보고서(약식) | 2026-09-10: 임원ㆍ주요주주특정증권등소유상황보고서 | 2026-09-08: 주식등의대량보유상황보고서(약식) | 2026-09-07: 전환가액의조정              (제3회차),5
알톤,123750,5,OK,,[기재정정]단일판매ㆍ공급계약체결              (+5),,2026-08-28: [기재정정]단일판매ㆍ공급계약체결              ,1
뷰티스킨,406820,5,OK,,단일판매ㆍ공급계약체결              (+5),,2026-09-16: 단일판매ㆍ공급계약체결              ,1
에스트래픽,234300,5,OK,,[기재정정]단일판매ㆍ공급계약체결(자율공시)              (+5),,2026-09-16: 임시주주총회결과               | 2026-09-10: 임원ㆍ주요주주특정증권등소유상황보고서 | 2026-09-08: 임원ㆍ주요주주특정증권등소유상황보고서 | 2026-09-08: 임원ㆍ주요주주특정증권등소유상황보고서 | 2026-09-07: 임원ㆍ주요주주특정증권등소유상황보고서,10
크린앤사이언스,045520,5,OK,,주요사항보고서(자기주식취득결정)(+5),,2026-09-18: 임원ㆍ주요주주특정증권등소유상황보고서 | 2026-09-18: 임원ㆍ주요주주특정증권등소유상황보고서 | 2026-09-11: 임원ㆍ주요주주특정증권등소유상황보고서 | 2026-09-07: 주요사항보고서(자기주식취득결정),4
아센디오,012170,5,OK,,단일판매ㆍ공급계약체결              (+5),,2026-09-14: 주주명부폐쇄기간또는기준일설정               | 2026-09-14: 주주총회소집결의               | 2026-09-03: 단일판매ㆍ공급계약체결               | 2026-08-25: 독립이사의선임ㆍ해임또는중도퇴임에관한신고 | 2026-08-25: 임시주주총회결과              ,7
제너셈,217190,5,OK,,단일판매ㆍ공급계약체결              (+5),,2026-09-07: 단일판매ㆍ공급계약체결              ,1
이건홀딩스,039020,5,OK,,[기재정정]단일판매ㆍ공급계약체결(자회사의 주요경영사항)              (+5),,2026-09-10: [기재정정]단일판매ㆍ공급계약체결(자회사의 주요경영사항)               | 2026-08-24: 투자판단관련주요경영사항(자회사의 주요경영사항)               | 2026-08-24: 주요사항보고서(자기주식취득신탁계약체결결정)(자회사의 주요경영사항)              ,3
앱클론,174900,5,OK,,[기재정정]단일판매ㆍ공급계약체결(자율공시)              (+5),,2026-08-31: [기재정정]단일판매ㆍ공급계약체결(자율공시)              ,1
동일금속,109860,5,OK,,주식소각결정              (+5),,2026-09-18: 임원ㆍ주요주주특정증권등거래계획보고서 | 2026-09-04: 주식소각결정              ,2
엠앤씨솔루션,484870,5,OK,,단일판매ㆍ공급계약체결(자율공시)              (+5),,2026-09-01: [기재정정]수시공시의무관련사항(공정공시)               | 2026-09-01: [기재정정]주요사항보고서(자기주식취득신탁계약체결결정) | 2026-08-31: 수시공시의무관련사항(공정공시)              (주주가치 제고를 위한 주주환원정책 안내) | 2026-08-28: 주요사항보고서(자기주식취득신탁계약체결결정) | 2026-08-21: 단일판매ㆍ공급계약체결(자율공시)              ,5
코어라인소프트,384470,5,OK,,주식소각결정              (+5),,2026-08-21: 주식소각결정              ,1
마크로젠,038290,5,OK,,[기재정정]단일판매ㆍ공급계약체결              (+5),,2026-09-10: [기재정정]단일판매ㆍ공급계약체결              ,1
토마토시스템,393210,5,OK,,[기재정정]단일판매ㆍ공급계약체결              (+5),,2026-09-15: 임원ㆍ주요주주특정증권등소유상황보고서 | 2026-08-26: [기재정정]단일판매ㆍ공급계약체결               | 2026-08-24: 주식등의대량보유상황보고서(일반),3
서남,294630,5,OK,,단일판매ㆍ공급계약체결              (+5),,2026-09-04: 단일판매ㆍ공급계약체결              ,1
유진테크놀로지,240600,5,OK,,단일판매ㆍ공급계약체결              (+5),,2026-08-26: 단일판매ㆍ공급계약체결              ,1
케이지에이,455180,5,OK,,[기재정정]단일판매ㆍ공급계약체결(자율공시)              (+5),,2026-09-16: [기재정정]단일판매ㆍ공급계약체결(자율공시)              ,1
데이원컴퍼니,373160,5,OK,,주식소각결정              (+5),,2026-09-03: 주식소각결정               | 2026-09-03: 주요사항보고서(자기주식취득신탁계약해지결정) | 2026-09-03: 신탁계약해지결과보고서,3
지에프씨생명과학,388610,5,OK,,주식소각결정              (+5),,2026-09-17: 주주총회소집공고 | 2026-09-16: 임원ㆍ주요주주특정증권등소유상황보고서 | 2026-09-16: 주식등의대량보유상황보고서(일반) | 2026-09-09: 임원ㆍ주요주주특정증권등소유상황보고서 | 2026-09-09: 주식등의대량보유상황보고서(일반),13
싸이버원,356890,5,OK,,[기재정정]단일판매ㆍ공급계약체결(자율공시)              (+5),,2026-09-15: [기재정정]단일판매ㆍ공급계약체결(자율공시)              ,1
플리토,300080,5,OK,,[기재정정]단일판매ㆍ공급계약체결              (+5),,2026-09-02: [기재정정]단일판매ㆍ공급계약체결               | 2026-08-28: 임원ㆍ주요주주특정증권등소유상황보고서 | 2026-08-28: 임원ㆍ주요주주특정증권등소유상황보고서 | 2026-08-28: [기재정정]주식매수선택권부여에관한신고 | 2026-08-28: [기재정정]주식매수선택권부여에관한신고,5
제이에스링크,127120,5,OK,,[기재정정]단일판매ㆍ공급계약체결              (+5),,2026-09-10: [기재정정]단일판매ㆍ공급계약체결               | 2026-09-09: 대표이사변경               | 2026-08-31: 임원ㆍ주요주주특정증권등소유상황보고서 | 2026-08-31: [기재정정]타법인주식및출자증권취득결정               | 2026-08-25: 주식매수선택권행사              ,6
나인테크,267320,5,OK,,[기재정정]단일판매ㆍ공급계약체결              (+5),,2026-08-28: [기재정정]단일판매ㆍ공급계약체결              ,1
비츠로테크,042370,5,OK,,단일판매ㆍ공급계약체결(자회사의 주요경영사항)              (+5),,2026-09-15: 단일판매ㆍ공급계약체결(자회사의 주요경영사항)              ,1
선도전기,007610,5,OK,,[기재정정]단일판매ㆍ공급계약체결              (+5),,2026-08-31: [기재정정]단일판매ㆍ공급계약체결              ,1
우리기술,032820,5,OK,,[기재정정]단일판매ㆍ공급계약체결              (+5),,2026-08-21: [기재정정]단일판매ㆍ공급계약체결              ,1
이녹스,088390,5,OK,,[기재정정]단일판매ㆍ공급계약체결(자회사의 주요경영사항)              (+5),,2026-08-28: [기재정정]단일판매ㆍ공급계약체결(자회사의 주요경영사항)              ,1
에스티팜,237690,5,OK,,단일판매ㆍ공급계약체결              (+5),,2026-09-18: 단일판매ㆍ공급계약체결               | 2026-09-09: 기업설명회(IR)개최              ,2
남화토건,091590,5,OK,,[기재정정]단일판매ㆍ공급계약체결              (+5),,2026-08-24: [기재정정]단일판매ㆍ공급계약체결              ,1
젝시믹스,337930,5,OK,,주식소각결정              (+5),,2026-08-27: 신탁계약해지결과보고서 | 2026-08-27: 주식소각결정               | 2026-08-27: 주요사항보고서(자기주식취득신탁계약해지결정),3
에이치피오,357230,5,OK,,주식소각결정              (+5),,2026-08-24: 주식소각결정              ,1
프레스티지바이오파마,950210,5,OK,,[기재정정]단일판매ㆍ공급계약체결              (+5),,2026-09-14: 주주총회소집결의               | 2026-09-14: 주주총회소집공고 | 2026-09-01: 최대주주등소유주식변동신고서               | 2026-09-01: 임원ㆍ주요주주특정증권등소유상황보고서 | 2026-09-01: 주식등의대량보유상황보고서(일반),6
에스케이바이오팜,326030,5,OK,,단일판매ㆍ공급계약체결              (+5),,2026-09-17: 투자판단관련주요경영사항               | 2026-09-15: 최대주주등소유주식변동신고서               | 2026-09-15: 임원ㆍ주요주주특정증권등소유상황보고서 | 2026-09-15: 임원ㆍ주요주주특정증권등소유상황보고서 | 2026-09-14: 단일판매ㆍ공급계약체결              ,14
대신증권,003540,5,OK,,주식소각결정              (+5),,2026-09-18: 투자설명서(일괄신고) | 2026-09-18: 일괄신고추가서류(파생결합사채-주가연계파생결합사채) | 2026-09-17: 투자설명서(일괄신고) | 2026-09-17: 일괄신고추가서류(파생결합사채-주가연계파생결합사채) | 2026-09-17: 투자설명서(일괄신고),95
효성 ITX,094280,5,OK,,[기재정정]단일판매ㆍ공급계약체결              (+5),,2026-09-18: [기재정정]단일판매ㆍ공급계약체결               | 2026-09-15: 주주명부폐쇄기간또는기준일설정               | 2026-08-28: 대규모기업집단현황공시[분기별공시(개별회사용)],3
마음AI,377480,5,OK,,단일판매ㆍ공급계약체결              (+5),,2026-09-11: 단일판매ㆍ공급계약체결               | 2026-09-11: 단기차입금증가결정               | 2026-09-04: 전환주식의전환가액조정              (전환우선주) | 2026-09-02: 의결권대리행사권유참고서류 | 2026-09-02: 주주총회소집공고,6
기가비스,420770,5,OK,,단일판매ㆍ공급계약체결              (+5),,2026-09-15: 단일판매ㆍ공급계약체결              ,1
에스오에스랩,464080,5,OK,,단일판매ㆍ공급계약체결              (+5),,2026-09-02: 주식등의대량보유상황보고서(약식) | 2026-09-01: 단일판매ㆍ공급계약체결              ,2
일신석재,007110,5,OK,,단일판매ㆍ공급계약체결              (+5),,2026-09-02: 단일판매ㆍ공급계약체결               | 2026-08-26: 임원ㆍ주요주주특정증권등소유상황보고서 | 2026-08-25: 임원ㆍ주요주주특정증권등소유상황보고서 | 2026-08-25: 임원ㆍ주요주주특정증권등소유상황보고서,4
마키나락스,477850,5,OK,,단일판매ㆍ공급계약체결              (+5),,2026-08-26: 기업설명회(IR)개최               | 2026-08-26: 단일판매ㆍ공급계약체결              ,2
SOOP,067160,5,OK,,주식소각결정              (+5),,2026-09-10: 주식등의대량보유상황보고서(약식) | 2026-09-04: 주식소각결정               | 2026-09-04: 주요사항보고서(유형자산양수결정) | 2026-08-24: 기업설명회(IR)개최              ,4
한국전자홀딩스,006200,5,OK,,주식소각결정              (+5),,2026-09-16: 주식소각결정              ,1
에이텍,045660,5,OK,,단일판매ㆍ공급계약체결              (+5),,2026-09-02: 주식등의대량보유상황보고서(일반) | 2026-09-02: 임원ㆍ주요주주특정증권등소유상황보고서 | 2026-09-01: 단일판매ㆍ공급계약체결               | 2026-08-27: 임원ㆍ주요주주특정증권등소유상황보고서,4
덱스터,206560,5,OK,,[기재정정]단일판매ㆍ공급계약체결              (+5),,2026-09-18: [기재정정]단일판매ㆍ공급계약체결               | 2026-09-14: 주주총회소집결의               | 2026-09-14: 주식병합결정              (임시주주총회) | 2026-09-10: [기재정정]회계처리기준위반행위로인한증권선물위원회의검찰고발등               | 2026-09-03: 주주명부폐쇄기간또는기준일설정              ,5
리튬포어스,073570,5,OK,,주식소각결정              (+5),,2026-09-18: 임원ㆍ주요주주특정증권등소유상황보고서 | 2026-09-17: 주주총회소집공고 | 2026-09-17: [기재정정]주주총회소집결의              (임시주주총회) | 2026-09-03: 주식소각결정               | 2026-09-03: [기재정정]주주총회소집결의              (임시주주총회),5
코난테크놀로지,402030,5,OK,,[기재정정]단일판매ㆍ공급계약체결              (+5),,2026-09-14: 주주총회소집공고 | 2026-09-01: 임원ㆍ주요주주특정증권등소유상황보고서 | 2026-08-31: [기재정정]단일판매ㆍ공급계약체결              ,3
삼성전기,009150,5,OK,,단일판매ㆍ공급계약체결              (+5),,2026-09-07: 최대주주등소유주식변동신고서               | 2026-09-04: 임원ㆍ주요주주특정증권등소유상황보고서 | 2026-09-01: 단일판매ㆍ공급계약체결               | 2026-08-31: 대규모기업집단현황공시[분기별공시(개별회사용)],4
선익시스템,171090,5,OK,,[기재정정]단일판매ㆍ공급계약체결              (+5),,2026-09-15: [기재정정]단일판매ㆍ공급계약체결               | 2026-09-14: 기업설명회(IR)개최               | 2026-09-08: 기업설명회(IR)개최               | 2026-09-03: 기업설명회(IR)개최               | 2026-09-03: 기업설명회(IR)개최              ,6
샘표식품,248170,5,OK,,주식소각결정              (+5),,2026-09-15: 주식소각결정              ,1
엘앤에프,066970,5,OK,,단일판매ㆍ공급계약체결              (+5),,2026-09-17: 단일판매ㆍ공급계약체결               | 2026-09-08: 풍문또는보도에대한해명(미확정)               | 2026-09-07: 기업설명회(IR)개최(안내공시)               | 2026-08-26: 주식등의대량보유상황보고서(일반),4
에스비비테크,389500,5,OK,,단일판매ㆍ공급계약체결              (+5),,2026-08-24: 단일판매ㆍ공급계약체결              ,1
계룡건설산업,013580,5,OK,,단일판매ㆍ공급계약체결              (+5),,2026-09-17: 단일판매ㆍ공급계약체결               | 2026-09-14: 투자판단관련주요경영사항               | 2026-09-11: [기재정정]주요사항보고서(영업정지),3
프럼파스트,035200,5,OK,,주식소각결정              (+5),,2026-09-11: 주식소각결정               | 2026-09-04: 임원ㆍ주요주주특정증권등거래계획보고서 | 2026-09-02: 주식등의대량보유상황보고서(일반),3
자연과환경,043910,5,OK,,단일판매ㆍ공급계약체결              (+5),,2026-09-17: 주식등의대량보유상황보고서(일반) | 2026-09-10: 단일판매ㆍ공급계약체결               | 2026-08-27: 전환가액의조정              ,3
필에너지,378340,5,OK,,[기재정정]단일판매ㆍ공급계약체결              (+5),,2026-08-31: [기재정정]단일판매ㆍ공급계약체결              ,1
스튜디오드래곤,253450,5,OK,,단일판매ㆍ공급계약체결              (+5),,2026-09-18: 단일판매ㆍ공급계약체결               | 2026-09-08: 기업설명회(IR)개최               | 2026-08-31: 기업설명회(IR)개최               | 2026-08-31: 대규모기업집단현황공시[분기별공시(개별회사용)] | 2026-08-25: 기업설명회(IR)개최              ,5
카스,016920,5,OK,,주요사항보고서(자기주식취득결정)(+5),,2026-09-17: 자기주식취득결과보고서 | 2026-09-01: 주요사항보고서(자기주식취득결정) | 2026-08-26: 임원ㆍ주요주주특정증권등소유상황보고서,3
한화시스템,272210,5,OK,,단일판매ㆍ공급계약체결              (+5),,2026-09-18: 타인에대한채무보증결정               | 2026-09-18: 타법인주식및출자증권처분결정(종속회사의주요경영사항)               | 2026-09-18: 주식등의대량보유상황보고서(일반) | 2026-09-18: 동일인등출자계열회사와의상품ㆍ용역거래 | 2026-09-18: 대표이사(대표집행임원)변경(안내공시)              ,12
씨이랩,189330,5,OK,,단일판매ㆍ공급계약체결              (+5),,2026-09-03: 기업설명회(IR)개최               | 2026-09-03: 기업설명회(IR)개최               | 2026-08-26: 단일판매ㆍ공급계약체결              ,3
휴메딕스,200670,5,OK,,주식소각결정              (+5),,2026-09-10: 주식소각결정               | 2026-09-09: 신탁계약해지결과보고서 | 2026-09-09: 신탁계약에의한취득상황보고서,3
HD현대일렉트릭,267260,5,OK,,[기재정정]단일판매ㆍ공급계약체결              (+5),,2026-09-08: 독립이사의선임ㆍ해임또는중도퇴임에관한신고 | 2026-09-08: 임시주주총회결과               | 2026-08-27: 대규모기업집단현황공시[분기별공시(개별회사용)] | 2026-08-27: [기재정정]단일판매ㆍ공급계약체결              ,4
유바이오로직스,206650,5,OK,,주식소각결정              (+5),,2026-08-26: [기재정정]타법인주식및출자증권취득결정               | 2026-08-24: 신탁계약해지결과보고서 | 2026-08-21: 주식소각결정               | 2026-08-21: 주요사항보고서(자기주식취득신탁계약해지결정),4
엠오티,413390,5,OK,,주식소각결정              (+5),,2026-09-04: 주식소각결정               | 2026-09-04: 신탁계약해지결과보고서 | 2026-09-03: [기재정정]주요사항보고서(자기주식취득신탁계약해지결정) | 2026-09-03: 주요사항보고서(자기주식취득신탁계약해지결정),4
인포바인,115310,5,OK,,주식소각결정              (+5),,2026-09-18: 주식소각결정              ,1
동신건설,025950,5,OK,,[기재정정]단일판매ㆍ공급계약체결              (+5),,2026-08-21: [기재정정]단일판매ㆍ공급계약체결              ,1
인지컨트롤스,023800,5,OK,,단일판매ㆍ공급계약체결              (+5),,2026-08-25: [기재정정]타인에대한채무보증결정               | 2026-08-25: [기재정정]타인에대한채무보증결정               | 2026-08-21: 단일판매ㆍ공급계약체결               | 2026-08-21: 타법인주식및출자증권취득결정               | 2026-08-21: 금전대여결정              ,5
파두,440110,5,OK,,[기재정정]단일판매ㆍ공급계약체결              (+5),,2026-09-14: 주식등의대량보유상황보고서(약식) | 2026-09-11: [기재정정]단일판매ㆍ공급계약체결               | 2026-09-04: 기업설명회(IR)개최               | 2026-09-04: 기업설명회(IR)개최               | 2026-08-26: 주식등의대량보유상황보고서(약식),6
엑시콘,092870,5,OK,,[기재정정]단일판매ㆍ공급계약체결              (+5),,2026-09-04: [기재정정]단일판매ㆍ공급계약체결              ,1
센서뷰,321370,5,OK,,[기재정정]단일판매ㆍ공급계약체결              (+5),,2026-09-01: [기재정정]단일판매ㆍ공급계약체결               | 2026-08-31: 단기차입금감소결정(자율공시)               | 2026-08-28: 주식등의대량보유상황보고서(일반) | 2026-08-28: 임원ㆍ주요주주특정증권등소유상황보고서 | 2026-08-28: 임원ㆍ주요주주특정증권등소유상황보고서,12
코미팜,041960,5,OK,,[기재정정]단일판매ㆍ공급계약체결              (+5),,2026-09-10: [기재정정]단일판매ㆍ공급계약체결              ,1
시공테크,020710,5,OK,,단일판매ㆍ공급계약체결              (+5),,2026-08-24: 단일판매ㆍ공급계약체결              ,1
이노에이엑스,296640,5,OK,,[기재정정]단일판매ㆍ공급계약체결              (+5),,2026-09-16: [기재정정]단일판매ㆍ공급계약체결               | 2026-09-08: 중간(분기)배당을위한주주명부폐쇄(기준일)결정               | 2026-08-25: 임원ㆍ주요주주특정증권등소유상황보고서 | 2026-08-25: 임원ㆍ주요주주특정증권등소유상황보고서 | 2026-08-25: 임원ㆍ주요주주특정증권등소유상황보고서,6
라온텍,418420,5,OK,,단일판매ㆍ공급계약체결              (+5),,2026-09-04: 임원ㆍ주요주주특정증권등소유상황보고서 | 2026-09-04: 임원ㆍ주요주주특정증권등소유상황보고서 | 2026-09-04: 주식등의대량보유상황보고서(일반) | 2026-09-01: 단일판매ㆍ공급계약체결               | 2026-08-27: 임원ㆍ주요주주특정증권등거래계획보고서,7
DH오토넥스,000300,5,OK,,단일판매ㆍ공급계약체결              (+5),,2026-09-18: 단일판매ㆍ공급계약체결              ,1
태광,023160,5,OK,,주식소각결정              (+5),,2026-09-10: 주식소각결정               | 2026-09-01: 기업설명회(IR)개최               | 2026-09-01: 기업설명회(IR)개최              ,3
삼미금속,012210,5,OK,,[기재정정]단일판매ㆍ공급계약체결              (+5),,2026-09-11: 주식등의대량보유상황보고서(약식) | 2026-09-01: [기재정정]단일판매ㆍ공급계약체결              ,2
S-Oil,010950,5,OK,,단일판매ㆍ공급계약체결              (+5),,2026-09-14: 임원ㆍ주요주주특정증권등소유상황보고서 | 2026-09-10: 단일판매ㆍ공급계약체결               | 2026-08-28: 대규모기업집단현황공시[분기별공시(대표회사용)] | 2026-08-26: 임원ㆍ주요주주특정증권등소유상황보고서 | 2026-08-26: 임원ㆍ주요주주특정증권등소유상황보고서,5
도화엔지니어링,002150,5,OK,,[기재정정]단일판매ㆍ공급계약체결              (+5),,2026-09-18: [기재정정]단일판매ㆍ공급계약체결               | 2026-09-08: 중대재해발생              ,2
엑시큐어하이트론,019490,5,OK,,[기재정정]단일판매ㆍ공급계약체결              (+5),,2026-08-24: [기재정정]단일판매ㆍ공급계약체결              ,1
태원물산,001420,5,OK,,주요사항보고서(자기주식취득결정)(+5),,2026-09-01: 주요사항보고서(자기주식취득결정) | 2026-08-31: 자기주식취득결과보고서,2
성우테크론,045300,5,OK,,단일판매ㆍ공급계약체결              (+5),,2026-09-15: 독립이사의선임ㆍ해임또는중도퇴임에관한신고 | 2026-09-15: 임시주주총회결과               | 2026-09-10: 단일판매ㆍ공급계약체결               | 2026-08-31: 주주총회소집공고,4
SK오션플랜트,100090,5,OK,,단일판매ㆍ공급계약체결              (+5),,2026-09-07: 주식등의대량보유상황보고서(일반) | 2026-09-03: 주식등의대량보유상황보고서(일반) | 2026-08-31: 주식등의대량보유상황보고서(일반) | 2026-08-31: [기재정정]투자판단관련주요경영사항               | 2026-08-31: 단일판매ㆍ공급계약체결              ,7
진양화학,051630,5,OK,,주요사항보고서(자기주식취득결정)(+5),,2026-09-04: 주식등의대량보유상황보고서(일반) | 2026-09-04: 임원ㆍ주요주주특정증권등소유상황보고서 | 2026-09-04: 최대주주등소유주식변동신고서               | 2026-09-04: 임원ㆍ주요주주특정증권등소유상황보고서 | 2026-09-03: 최대주주등소유주식변동신고서              ,11
한양이엔지,045100,5,OK,,단일판매ㆍ공급계약체결              (+5),,2026-09-08: 주식등의대량보유상황보고서(약식) | 2026-09-07: 단일판매ㆍ공급계약체결              ,2
예스티,122640,5,OK,,단일판매ㆍ공급계약체결              (+5),,2026-08-25: 단일판매ㆍ공급계약체결              ,1
진양폴리우레탄,010640,5,OK,,주요사항보고서(자기주식취득결정)(+5),,2026-09-16: 임원ㆍ주요주주특정증권등소유상황보고서 | 2026-09-16: [기재정정]임원ㆍ주요주주특정증권등소유상황보고서 | 2026-08-31: [기재정정]주요사항보고서(유형자산양수결정) | 2026-08-27: 임원ㆍ주요주주특정증권등소유상황보고서 | 2026-08-27: 임원ㆍ주요주주특정증권등소유상황보고서,15
서희건설,035890,5,OK,,[기재정정]단일판매ㆍ공급계약체결              (+5),,2026-09-11: 기타경영사항(자율공시)              (손해배상 청구의 소에 대한 항소제기) | 2026-09-03: 소송등의판결ㆍ결정(일정금액이상의청구)               | 2026-08-26: [기재정정]단일판매ㆍ공급계약체결              ,3
씨유테크,376290,5,OK,,주식소각결정              (+5),,2026-09-18: 주식소각결정               | 2026-09-10: 신탁계약에의한취득상황보고서 | 2026-09-10: 신탁계약해지결과보고서 | 2026-09-07: 주요사항보고서(자기주식취득신탁계약해지결정),4
엘디티,096870,5,OK,,주식소각결정              (+5),,2026-09-16: 주식소각결정               | 2026-09-14: 자기주식취득결과보고서 | 2026-09-08: 소송등의판결ㆍ결정               | 2026-09-03: 의결권대리행사권유참고서류 | 2026-09-02: 의결권대리행사권유참고서류,7
한국씨티은행,016830,5,OK,,주요사항보고서(자기주식취득결정)(+5),,2026-08-28: 주요사항보고서(자기주식취득결정),1
HMM,011200,5,OK,,단일판매ㆍ공급계약체결              (+5),,2026-09-08: 단일판매ㆍ공급계약체결               | 2026-08-26: 대규모기업집단현황공시[분기별공시(대표회사용)],2
부방,014470,5,OK,,주식소각결정              (+5),,2026-09-17: 임원ㆍ주요주주특정증권등소유상황보고서 | 2026-09-02: 임원ㆍ주요주주특정증권등소유상황보고서 | 2026-09-02: 주식소각결정               | 2026-08-31: 타인에대한담보제공결정               | 2026-08-26: 임원ㆍ주요주주특정증권등소유상황보고서,5
유신,054930,5,OK,,[기재정정]단일판매ㆍ공급계약체결              (+5),,2026-08-31: [기재정정]단일판매ㆍ공급계약체결              ,1
CS,065770,5,OK,,단일판매ㆍ공급계약체결(자율공시)              (+5),,2026-08-28: 주요사항보고서(자기전환사채만기전취득결정) | 2026-08-21: 단일판매ㆍ공급계약체결(자율공시)              ,2
노타,486990,5,OK,,단일판매ㆍ공급계약체결              (+5),,2026-08-25: 단일판매ㆍ공급계약체결              ,1
엘에스일렉트릭,010120,5,OK,,단일판매ㆍ공급계약체결              (+5),,2026-08-27: 약관에의한금융거래시계열금융회사의거래상대방의공시 | 2026-08-27: 특수관계인에대한출자 | 2026-08-27: 대규모기업집단현황공시[분기별공시(개별회사용)] | 2026-08-24: 단일판매ㆍ공급계약체결              ,4
제노코,361390,5,OK,,[기재정정]단일판매ㆍ공급계약체결(자율공시)              (+5),,2026-09-09: 의결권대리행사권유참고서류 | 2026-09-09: 주주총회소집공고 | 2026-08-26: [기재정정]단일판매ㆍ공급계약체결(자율공시)              ,3
브이씨,365900,5,OK,,주식소각결정              (+5),,2026-09-14: 주식소각결정               | 2026-09-14: 주요사항보고서(자기주식취득신탁계약체결결정) | 2026-09-09: 주식등의대량보유상황보고서(일반) | 2026-09-09: 임원ㆍ주요주주특정증권등소유상황보고서,4
다우기술,023590,5,OK,,단일판매ㆍ공급계약체결              (+5),,2026-09-18: 기타경영사항(종속회사의주요경영사항)               | 2026-09-10: 단일판매ㆍ공급계약체결               | 2026-08-28: 대규모기업집단현황공시[분기별공시(개별회사용)],3
씨에스윈드,112610,5,OK,,단일판매ㆍ공급계약체결              (+5),,2026-09-14: 기업설명회(IR)개최(안내공시)               | 2026-09-07: 기업설명회(IR)개최(안내공시)               | 2026-09-07: 단일판매ㆍ공급계약체결               | 2026-08-21: 주식등의대량보유상황보고서(일반),4
우양에이치씨,101970,5,OK,,단일판매ㆍ공급계약체결              (+5),,2026-09-17: 신탁계약에의한취득상황보고서 | 2026-08-31: 단일판매ㆍ공급계약체결              ,2
아이퀘스트,262840,5,OK,,주식소각결정              (+5),,2026-09-09: 주식소각결정              ,1
엔시스,333620,5,OK,,[기재정정]단일판매ㆍ공급계약체결              (+5),,2026-09-11: 전환가액의조정               | 2026-08-24: [기재정정]단일판매ㆍ공급계약체결              ,2
서호전기,065710,5,OK,,단일판매ㆍ공급계약체결              (+5),,2026-08-28: 단일판매ㆍ공급계약체결              ,1
파라텍,033540,5,OK,,[기재정정]단일판매ㆍ공급계약체결              (+5),,2026-09-01: 임원ㆍ주요주주특정증권등소유상황보고서 | 2026-09-01: 임원ㆍ주요주주특정증권등소유상황보고서 | 2026-08-28: [기재정정]단일판매ㆍ공급계약체결               | 2026-08-25: 주식등의대량보유상황보고서(약식),4
삼성전자,005930,5,OK,,주요사항보고서(자기주식취득결정)(+5),,2026-09-18: 최대주주등소유주식변동신고서               | 2026-09-18: 임원ㆍ주요주주특정증권등소유상황보고서 | 2026-09-18: 임원ㆍ주요주주특정증권등소유상황보고서 | 2026-09-17: 임원ㆍ주요주주특정증권등소유상황보고서 | 2026-09-14: 임원ㆍ주요주주특정증권등소유상황보고서,19
쎄크,081180,5,OK,,단일판매ㆍ공급계약체결              (+5),,2026-09-15: 단일판매ㆍ공급계약체결               | 2026-08-25: 기타경영사항(자율공시)              (국책과제선정(세계 최고 능동형 선량분포 제어 방사선치료기 개발)),2
아이쓰리시스템,214430,5,OK,,[기재정정]단일판매ㆍ공급계약체결              (+5),,2026-08-28: [기재정정]단일판매ㆍ공급계약체결              ,1
엑셈,205100,5,OK,,주요사항보고서(자기주식취득결정)(+5),,2026-09-18: 주요사항보고서(자기주식취득결정) | 2026-09-16: 임원ㆍ주요주주특정증권등소유상황보고서 | 2026-09-16: 주식등의대량보유상황보고서(일반) | 2026-09-11: 임시주주총회결과               | 2026-09-07: 임원ㆍ주요주주특정증권등소유상황보고서,9
신도기연,290520,5,OK,,단일판매ㆍ공급계약체결              (+5),,2026-08-24: 단일판매ㆍ공급계약체결              ,1
웰크론한텍,076080,5,OK,,[기재정정]단일판매ㆍ공급계약체결              (+5),,2026-09-18: 소송등의판결ㆍ결정(일정금액이상의청구)               | 2026-09-08: [기재정정]단일판매ㆍ공급계약체결               | 2026-09-07: 임원ㆍ주요주주특정증권등소유상황보고서 | 2026-08-26: 주식등의대량보유상황보고서(일반) | 2026-08-26: 임원ㆍ주요주주특정증권등소유상황보고서,8
비나텍,126340,5,OK,,단일판매ㆍ공급계약체결              (+5),,2026-09-07: 단일판매ㆍ공급계약체결               | 2026-08-26: 주식등의대량보유상황보고서(일반) | 2026-08-25: 기업설명회(IR)개최               | 2026-08-24: 증권발행결과(자율공시)              ,4
LIG아큐버,073490,5,OK,,단일판매ㆍ공급계약체결              (+5),,2026-09-03: 단일판매ㆍ공급계약체결               | 2026-08-28: 대규모기업집단현황공시[분기별공시(개별회사용)],2
APS이노베이션,079810,5,OK,,단일판매ㆍ공급계약체결(자율공시)              (+5),,2026-09-14: 주식등의대량보유상황보고서(일반) | 2026-09-14: 임원ㆍ주요주주특정증권등소유상황보고서 | 2026-09-07: 주식등의대량보유상황보고서(일반) | 2026-09-07: 임원ㆍ주요주주특정증권등소유상황보고서 | 2026-09-04: 단일판매ㆍ공급계약체결(자율공시)              ,5
메타랩스,090370,6,OK,,[기재정정]회사합병결정(종속회사의주요경영사항)              (+3) | [기재정정]주요사항보고서(회사합병결정)(+3),,2026-08-28: [기재정정]회사합병결정(종속회사의주요경영사항)               | 2026-08-28: [기재정정]주요사항보고서(회사합병결정),2
BGF,027410,6,OK,,[첨부정정]주요사항보고서(회사합병결정)(자회사의 주요경영사항)              (소규모합병)(+3) | 주요사항보고서(회사합병결정)(자회사의 주요경영사항)              (소규모합병)(+3),,2026-09-10: 주식등의대량보유상황보고서(일반) | 2026-09-08: [첨부정정]주요사항보고서(회사합병결정)(자회사의 주요경영사항)              (소규모합병) | 2026-09-01: 주요사항보고서(회사합병결정)(자회사의 주요경영사항)              (소규모합병) | 2026-08-28: 주식등의대량보유상황보고서(일반) | 2026-08-26: 대규모기업집단현황공시[분기별공시(대표회사용)],5
SK이노베이션,096770,6,OK,,[기재정정]주요사항보고서(회사합병결정)(+3) | 주요사항보고서(회사합병결정)(+3),,2026-09-10: 동일인등출자계열회사와의상품ㆍ용역거래 | 2026-09-09: 기업설명회(IR)개최(안내공시)               | 2026-09-09: [기재정정]기업설명회(IR)개최(안내공시)               | 2026-09-04: 정정신고서제출요구( 2026.08.26. 제출 증권신고서(합병) ) | 2026-09-02: 기타안내사항(안내공시)              ,14
KX,122450,6,OK,,[기재정정]주요사항보고서(회사합병결정)(+3) | [기재정정]회사합병결정(종속회사의주요경영사항)              (+3),,2026-08-21: [기재정정]주요사항보고서(회사합병결정) | 2026-08-21: [기재정정]회사합병결정(종속회사의주요경영사항)              ,2
코스메카코리아,241710,6,OK,,[기재정정]주요사항보고서(회사합병결정)(+3) | 주요사항보고서(회사합병결정)(+3),,2026-09-18: [기재정정]주요사항보고서(회사합병결정) | 2026-09-16: 주식등의대량보유상황보고서(일반) | 2026-09-11: 주요사항보고서(회사합병결정) | 2026-09-09: 신규시설투자등               | 2026-09-02: 주식등의대량보유상황보고서(약식),8
SNT모티브,064960,6,OK,,[첨부정정]주요사항보고서(회사합병결정)(+3) | 주요사항보고서(회사합병결정)(+3),,2026-09-14: 주주명부폐쇄기간또는기준일설정               | 2026-09-04: [첨부정정]주요사항보고서(회사합병결정) | 2026-09-01: 주주명부폐쇄기간또는기준일설정               | 2026-09-01: 주요사항보고서(회사합병결정),4
휴비츠,065510,6,OK,,[첨부정정]주요사항보고서(회사합병결정)(+3) | 주요사항보고서(회사합병결정)(+3),,2026-09-08: 신탁계약에의한취득상황보고서 | 2026-08-26: [첨부정정]주요사항보고서(회사합병결정) | 2026-08-24: 주주명부폐쇄기간또는기준일설정               | 2026-08-24: 주요사항보고서(회사합병결정),4
바이오인프라,199730,6,OK,,[첨부정정]주요사항보고서(회사합병결정)(+3) | 주요사항보고서(회사합병결정)(+3),,2026-09-15: [첨부정정]주요사항보고서(회사합병결정) | 2026-09-08: 주주명부폐쇄기간또는기준일설정               | 2026-09-08: 주요사항보고서(회사합병결정),3
BGF에코머티리얼즈,126600,6,OK,,[첨부정정]주요사항보고서(회사합병결정)(+3) | 주요사항보고서(회사합병결정)(+3),,2026-09-08: [첨부정정]주요사항보고서(회사합병결정) | 2026-09-01: 주요사항보고서(회사합병결정) | 2026-08-27: 대규모기업집단현황공시[분기별공시(개별회사용)],3
현대자동차,005380,8,OK,,영업(잠정)실적(공정공시)              (+3) | 주식소각결정              (+5),,2026-09-18: 기업설명회(IR)개최(안내공시)               | 2026-09-14: 특수관계인으로부터기타유가증권매수 | 2026-09-03: 기업설명회(IR)개최(안내공시)               | 2026-09-03: 기업설명회(IR)개최(안내공시)               | 2026-09-02: 생산재개(자율공시)              ,13
아스플로,159010,8,OK,,유형자산취득결정(종속회사의주요경영사항)              (+3) | 단일판매ㆍ공급계약체결              (+5),,2026-09-10: 단기차입금증가결정               | 2026-09-10: 주주총회소집공고 | 2026-09-08: 유형자산취득결정(종속회사의주요경영사항)               | 2026-08-25: 단일판매ㆍ공급계약체결               | 2026-08-24: [첨부정정]주주총회소집결의              (임시주주총회),8
에이피알,278470,9,OK,,[첨부정정]주요사항보고서(회사합병결정)(+3) | 회사합병결정(종속회사의주요경영사항)              (+3) | 주요사항보고서(회사합병결정)(+3),,2026-09-16: [첨부정정]주요사항보고서(회사합병결정) | 2026-09-09: 주주명부폐쇄기간또는기준일설정               | 2026-09-09: 회사합병결정(종속회사의주요경영사항)               | 2026-09-09: 주요사항보고서(회사합병결정) | 2026-08-27: 기업설명회(IR)개최(안내공시)              ,5
SK가스,018670,9,OK,,[첨부정정]주요사항보고서(회사합병결정)(+3) | 회사합병결정(종속회사의주요경영사항)              (+3) | 주요사항보고서(회사합병결정)(+3),,2026-09-18: [기재정정]신규시설투자등               | 2026-09-18: 동일인등출자계열회사와의상품ㆍ용역거래변경 | 2026-09-18: 동일인등출자계열회사와의상품ㆍ용역거래변경 | 2026-08-27: 대규모기업집단현황공시[분기별공시(개별회사용)] | 2026-08-27: [첨부정정]주요사항보고서(회사합병결정),10
성광벤드,014620,10,OK,,[기재정정]단일판매ㆍ공급계약체결              (+5) | 단일판매ㆍ공급계약체결              (+5),,2026-08-24: [기재정정]단일판매ㆍ공급계약체결               | 2026-08-21: 단일판매ㆍ공급계약체결              ,2
인텔리안테크,189300,10,OK,,단일판매ㆍ공급계약체결              (+5) | [기재정정]단일판매ㆍ공급계약체결              (+5),,2026-09-11: 단일판매ㆍ공급계약체결               | 2026-08-31: [기재정정]단일판매ㆍ공급계약체결              ,2
하나금융지주,086790,10,OK,,[기재정정]주식소각결정              (+5) | [기재정정]주식소각결정              (+5),,2026-09-17: 기업설명회(IR)개최(안내공시)               | 2026-09-11: 증권발행실적보고서 | 2026-09-10: 투자설명서(일괄신고) | 2026-09-10: 일괄신고추가서류 | 2026-08-26: [기재정정]주식소각결정              ,8
한섬,020000,10,OK,,주식소각결정              (+5) | 주요사항보고서(자기주식취득결정)(+5),,2026-09-18: 주식소각결정               | 2026-09-18: 주요사항보고서(자기주식취득결정) | 2026-09-18: 수시공시의무관련사항(공정공시)               | 2026-09-17: 기업설명회(IR)개최(안내공시)               | 2026-09-09: 주식등의대량보유상황보고서(약식),7
유한양행,000100,10,OK,,단일판매ㆍ공급계약체결              (+5) | 단일판매ㆍ공급계약체결              (+5),,2026-09-15: 단일판매ㆍ공급계약체결               | 2026-09-09: 임원ㆍ주요주주특정증권등소유상황보고서 | 2026-09-08: 기업설명회(IR)개최(안내공시)               | 2026-09-01: 단일판매ㆍ공급계약체결               | 2026-08-25: 중대재해발생(종속회사의주요경영사항)              ,6
KPX홀딩스,092230,10,OK,,주식소각결정(자회사의 주요경영사항)              (+5) | 주식소각결정              (+5),,2026-08-28: 주식소각결정(자회사의 주요경영사항)               | 2026-08-28: 주식소각결정              ,2
일진파워,094820,10,OK,,[기재정정]단일판매ㆍ공급계약체결(자율공시)              (+5) | 단일판매ㆍ공급계약체결(자율공시)              (+5),,2026-09-02: [기재정정]단일판매ㆍ공급계약체결(자율공시)               | 2026-08-26: 단일판매ㆍ공급계약체결(자율공시)               | 2026-08-21: [기재정정]타법인주식및출자증권취득결정              ,3
쎄노텍,222420,10,OK,,[기재정정]주요사항보고서(자기주식취득결정)(+5) | 주요사항보고서(자기주식취득결정)(+5),,2026-09-09: [기재정정]주요사항보고서(자기주식취득결정) | 2026-09-09: 주요사항보고서(자기주식취득결정) | 2026-08-28: 전환사채(해외전환사채포함)발행후만기전사채취득              ,3
강원에너지,114190,10,OK,,[기재정정]단일판매ㆍ공급계약체결              (+5) | [기재정정]단일판매ㆍ공급계약체결              (+5),,2026-08-28: [기재정정]단일판매ㆍ공급계약체결               | 2026-08-28: [기재정정]단일판매ㆍ공급계약체결               | 2026-08-21: [기재정정]금전대여결정              (대여기간 연장),3
한화에어로스페이스,012450,10,OK,,단일판매ㆍ공급계약체결(자율공시)              (+5) | 단일판매ㆍ공급계약체결              (+5),,2026-09-18: 최대주주등소유주식변동신고서               | 2026-09-18: 대표이사(대표집행임원)변경(안내공시)               | 2026-09-18: 임시주주총회결과               | 2026-09-11: 단일판매ㆍ공급계약체결(자율공시)               | 2026-09-10: 풍문또는보도에대한해명(미확정)              ,13
세명전기,017510,10,OK,,[기재정정]단일판매ㆍ공급계약체결              (+5) | [기재정정]단일판매ㆍ공급계약체결              (+5),,2026-08-27: [기재정정]단일판매ㆍ공급계약체결               | 2026-08-25: [기재정정]단일판매ㆍ공급계약체결              ,2
세미파이브,490470,10,OK,,단일판매ㆍ공급계약체결              (+5) | [기재정정]단일판매ㆍ공급계약체결              (+5),,2026-09-09: 주식등의대량보유상황보고서(약식) | 2026-09-08: 단일판매ㆍ공급계약체결               | 2026-08-25: 임원ㆍ주요주주특정증권등소유상황보고서 | 2026-08-24: [기재정정]단일판매ㆍ공급계약체결              ,4
한국정밀기계,101680,10,OK,,단일판매ㆍ공급계약체결(자율공시)              (+5) | 단일판매ㆍ공급계약체결              (+5),,2026-09-18: 주주총회소집결의              (임시주주총회) | 2026-09-18: 주주명부폐쇄기간또는기준일설정               | 2026-09-17: 주식등의대량보유상황보고서(일반) | 2026-09-17: 임원ㆍ주요주주특정증권등소유상황보고서 | 2026-09-15: 임원ㆍ주요주주특정증권등소유상황보고서,17
고스트스튜디오,950190,10,OK,,[기재정정]주요사항보고서(자기주식취득결정)(+5) | 주요사항보고서(자기주식취득결정)(+5),,2026-09-01: [기재정정]주요사항보고서(자기주식취득결정) | 2026-08-28: 주요사항보고서(자기주식취득결정),2
코윈로보틱스,282880,10,OK,,[기재정정]단일판매ㆍ공급계약체결              (+5) | 단일판매ㆍ공급계약체결(자율공시)              (+5),,2026-09-11: [기재정정]단일판매ㆍ공급계약체결               | 2026-09-01: 상호변경안내               | 2026-09-01: 임시주주총회결과               | 2026-08-27: 단일판매ㆍ공급계약체결(자율공시)              ,4
우진아이엔에스,010400,10,OK,,[기재정정]단일판매ㆍ공급계약체결              (+5) | [기재정정]단일판매ㆍ공급계약체결              (+5),,2026-09-15: 주주총회소집공고 | 2026-09-07: 최대주주등소유주식변동신고서               | 2026-09-07: 임원ㆍ주요주주특정증권등소유상황보고서 | 2026-09-01: 타법인주식및출자증권처분결정               | 2026-08-31: 임원ㆍ주요주주특정증권등거래계획보고서,8
한텍,098070,10,OK,,[기재정정]단일판매ㆍ공급계약체결              (+5) | [기재정정]단일판매ㆍ공급계약체결              (+5),,2026-09-04: [기재정정]단일판매ㆍ공급계약체결               | 2026-08-21: [기재정정]단일판매ㆍ공급계약체결              ,2
신흥,004080,10,OK,,주요사항보고서(자기주식취득결정)(+5) | 주식소각결정              (+5),,2026-09-18: 주요사항보고서(자기주식취득결정) | 2026-09-11: 주식소각결정               | 2026-09-11: 최대주주등소유주식변동신고서               | 2026-09-07: 자기주식취득결과보고서 | 2026-09-02: 임원ㆍ주요주주특정증권등소유상황보고서,7
퀄리타스반도체,432720,10,OK,,[기재정정]단일판매ㆍ공급계약체결              (+5) | 단일판매ㆍ공급계약체결              (+5),,2026-09-15: [기재정정]단일판매ㆍ공급계약체결               | 2026-09-10: 단일판매ㆍ공급계약체결              ,2
LS,006260,10,OK,,[기재정정]단일판매ㆍ공급계약체결              (+5) | 단일판매ㆍ공급계약체결(자회사의 주요경영사항)              (+5),,2026-09-11: [기재정정]교환사채권발행결정               | 2026-09-11: 교환사채권발행결정(자회사의 주요경영사항)               | 2026-09-04: [기재정정]단일판매ㆍ공급계약체결               | 2026-08-28: 지속가능경영보고서등관련사항(자율공시)               | 2026-08-26: 대규모기업집단현황공시[분기별공시(대표회사용)],8
CG인바이츠,083790,10,OK,,[기재정정]단일판매ㆍ공급계약체결              (+5) | [기재정정]단일판매ㆍ공급계약체결              (+5),,2026-09-18: 타법인주식및출자증권취득결정               | 2026-09-15: 주주총회소집결의              (임시주주총회) | 2026-09-15: 주주총회소집공고 | 2026-09-10: [기재정정]단일판매ㆍ공급계약체결               | 2026-09-07: [기재정정]단일판매ㆍ공급계약체결              ,7
네오셈,253590,10,OK,,[기재정정]단일판매ㆍ공급계약체결(자율공시)              (+5) | [기재정정]단일판매ㆍ공급계약체결              (+5),,2026-08-31: 주식등의대량보유상황보고서(일반) | 2026-08-28: [기재정정]단일판매ㆍ공급계약체결(자율공시)               | 2026-08-28: [기재정정]단일판매ㆍ공급계약체결              ,3
이노메트리,302430,10,OK,,[기재정정]단일판매ㆍ공급계약체결              (+5) | 단일판매ㆍ공급계약체결              (+5),,2026-09-04: [기재정정]단일판매ㆍ공급계약체결               | 2026-08-27: 단일판매ㆍ공급계약체결               | 2026-08-24: 기업설명회(IR)개최              ,3
셀트리온,068270,10,OK,,주식소각결정              (+5) | 주요사항보고서(자기주식취득결정)(+5),,2026-09-16: 주식소각결정               | 2026-09-16: 자기주식취득결과보고서 | 2026-09-07: 투자판단관련주요경영사항              (CTP44(다잘렉스 바이오시밀러) 한국 임상 3상 시험계획 변경신청 승인) | 2026-09-07: 투자판단관련주요경영사항              (CTP51(키트루다 바이오시밀러) 미국 임상 3상 시험계획 변경신청 승인) | 2026-08-31: 주요사항보고서(자기주식취득결정),11
지에프아이,493330,10,OK,,[기재정정]단일판매ㆍ공급계약체결              (+5) | 단일판매ㆍ공급계약체결              (+5),,2026-09-10: 임원ㆍ주요주주특정증권등소유상황보고서 | 2026-09-10: 주식등의대량보유상황보고서(약식) | 2026-09-02: [기재정정]주식등의대량보유상황보고서(약식) | 2026-09-02: [기재정정]임원ㆍ주요주주특정증권등소유상황보고서 | 2026-09-02: [기재정정]주식등의대량보유상황보고서(약식),8
씨엔플러스,115530,10,OK,,[기재정정]단일판매ㆍ공급계약체결              (+5) | [기재정정]단일판매ㆍ공급계약체결              (+5),,2026-09-14: [기재정정]단일판매ㆍ공급계약체결               | 2026-08-31: [기재정정]단일판매ㆍ공급계약체결               | 2026-08-21: [기재정정]사업보고서 (2025.12),3
삼성E&A,028050,10,OK,,단일판매ㆍ공급계약체결              (+5) | [기재정정]단일판매ㆍ공급계약체결              (+5),,2026-09-11: 단일판매ㆍ공급계약체결               | 2026-09-08: 기업설명회(IR)개최(안내공시)               | 2026-09-07: [첨부정정]지속가능경영보고서등관련사항(자율공시)               | 2026-09-01: 최대주주등소유주식변동신고서               | 2026-08-31: [기재정정]단일판매ㆍ공급계약체결              ,7
금양그린파워,282720,10,OK,,[기재정정]단일판매ㆍ공급계약체결              (+5) | [기재정정]단일판매ㆍ공급계약체결              (+5),,2026-09-09: [기재정정]단일판매ㆍ공급계약체결               | 2026-09-08: 주식등의대량보유상황보고서(일반) | 2026-09-01: 자기주식처분결과보고서 | 2026-08-31: [기재정정]단일판매ㆍ공급계약체결              ,4
원일티엔아이,136150,10,OK,,[기재정정]단일판매ㆍ공급계약체결              (+5) | 단일판매ㆍ공급계약체결              (+5),,2026-08-28: [기재정정]단일판매ㆍ공급계약체결               | 2026-08-24: 단일판매ㆍ공급계약체결              ,2
SNT에너지,100840,10,OK,,주식소각결정              (+5) | 단일판매ㆍ공급계약체결              (+5),,2026-09-14: 주주명부폐쇄기간또는기준일설정               | 2026-09-02: 주식소각결정               | 2026-09-02: 단일판매ㆍ공급계약체결               | 2026-08-21: 기타경영사항(자율공시)(종속회사의주요경영사항)              ,4
나우로보틱스,459510,10,OK,,[기재정정]단일판매ㆍ공급계약체결(자율공시)              (+5) | 단일판매ㆍ공급계약체결              (+5),,2026-09-18: [기재정정]단일판매ㆍ공급계약체결(자율공시)               | 2026-09-14: 임원ㆍ주요주주특정증권등소유상황보고서 | 2026-09-08: [기재정정]반기보고서 (2026.06) | 2026-09-07: 단일판매ㆍ공급계약체결               | 2026-08-31: 파생상품거래손실발생              ,9
HEM파마,376270,10,OK,,[기재정정]단일판매ㆍ공급계약체결              (+5) | [기재정정]단일판매ㆍ공급계약체결              (+5),,2026-09-09: [기재정정]단일판매ㆍ공급계약체결               | 2026-09-04: [기재정정]단일판매ㆍ공급계약체결              ,2
삼일씨엔에스,004440,10,OK,,단일판매ㆍ공급계약체결              (+5) | [기재정정]단일판매ㆍ공급계약체결              (+5),,2026-09-15: 단일판매ㆍ공급계약체결               | 2026-08-28: [기재정정]단일판매ㆍ공급계약체결              ,2
대한해운,005880,10,OK,,단일판매ㆍ공급계약체결              (+5) | 단일판매ㆍ공급계약체결              (+5),,2026-09-11: 주식등의대량보유상황보고서(일반) | 2026-09-10: 단일판매ㆍ공급계약체결               | 2026-09-01: 단일판매ㆍ공급계약체결               | 2026-08-31: 지속가능경영보고서등관련사항(자율공시)               | 2026-08-26: 기업설명회(IR)개최(안내공시)              ,7
에코심플렉스,038870,10,OK,,[기재정정]단일판매ㆍ공급계약체결              (+5) | [기재정정]단일판매ㆍ공급계약체결              (+5),,2026-09-18: [기재정정]단일판매ㆍ공급계약체결               | 2026-09-14: [기재정정]단일판매ㆍ공급계약체결               | 2026-08-27: 주식등의대량보유상황보고서(일반) | 2026-08-26: 주식등의대량보유상황보고서(일반) | 2026-08-26: 임원ㆍ주요주주특정증권등소유상황보고서,6
글로본,019660,10,OK,,[기재정정]단일판매ㆍ공급계약체결              (+5) | 단일판매ㆍ공급계약체결              (+5),,2026-09-10: 주식등의대량보유상황보고서(약식) | 2026-08-25: [기재정정]단일판매ㆍ공급계약체결               | 2026-08-24: 단일판매ㆍ공급계약체결              ,3
빅텍,065450,10,OK,,[기재정정]단일판매ㆍ공급계약체결              (+5) | [기재정정]단일판매ㆍ공급계약체결              (+5),,2026-09-16: [기재정정]단일판매ㆍ공급계약체결               | 2026-09-10: [기재정정]단일판매ㆍ공급계약체결              ,2
일성건설,013360,10,OK,,[기재정정]단일판매ㆍ공급계약체결              (+5) | 단일판매ㆍ공급계약체결              (+5),,2026-09-11: [기재정정]단일판매ㆍ공급계약체결               | 2026-09-01: 단일판매ㆍ공급계약체결               | 2026-08-28: 합병등종료보고서(자산양수도),3
미래산업,025560,10,OK,,[기재정정]단일판매ㆍ공급계약체결              (+5) | [기재정정]단일판매ㆍ공급계약체결              (+5),,2026-09-11: [기재정정]단일판매ㆍ공급계약체결               | 2026-08-28: 주식등의대량보유상황보고서(일반) | 2026-08-28: [기재정정]단일판매ㆍ공급계약체결               | 2026-08-28: 타법인주식및출자증권처분결정               | 2026-08-21: 주식등의대량보유상황보고서(일반),5
아이씨디,040910,10,OK,,[기재정정]단일판매ㆍ공급계약체결(자율공시)              (+5) | [기재정정]단일판매ㆍ공급계약체결(자율공시)              (+5),,2026-09-07: [기재정정]단일판매ㆍ공급계약체결(자율공시)               | 2026-08-25: [기재정정]단일판매ㆍ공급계약체결(자율공시)              ,2
LS마린솔루션,060370,10,OK,,단일판매ㆍ공급계약체결              (+5) | [기재정정]단일판매ㆍ공급계약체결              (+5),,2026-09-18: 단일판매ㆍ공급계약체결               | 2026-09-07: 기업설명회(IR)개최               | 2026-08-31: [기재정정]단일판매ㆍ공급계약체결               | 2026-08-31: 대규모기업집단현황공시[분기별공시(개별회사용)] | 2026-08-26: 임원ㆍ주요주주특정증권등거래계획보고서,5
파이버프로,368770,10,OK,,[기재정정]단일판매ㆍ공급계약체결              (+5) | 단일판매ㆍ공급계약체결              (+5),,2026-09-01: [기재정정]단일판매ㆍ공급계약체결               | 2026-08-31: 단일판매ㆍ공급계약체결              ,2
지엔씨에너지,119850,10,OK,,단일판매ㆍ공급계약체결              (+5) | [기재정정]단일판매ㆍ공급계약체결              (+5),,2026-09-11: 단일판매ㆍ공급계약체결               | 2026-09-10: 주식등의대량보유상황보고서(약식) | 2026-09-04: 타법인주식및출자증권취득결정               | 2026-08-31: [기재정정]단일판매ㆍ공급계약체결              ,4
버넥트,438700,10,OK,,단일판매ㆍ공급계약체결              (+5) | 단일판매ㆍ공급계약체결              (+5),,2026-08-31: 단일판매ㆍ공급계약체결               | 2026-08-21: 단일판매ㆍ공급계약체결               | 2026-08-21: 주식등의대량보유상황보고서(약식),3
피델릭스,032580,10,OK,,단일판매ㆍ공급계약체결              (+5) | 단일판매ㆍ공급계약체결              (+5),,2026-09-10: 단일판매ㆍ공급계약체결               | 2026-08-27: 단일판매ㆍ공급계약체결              ,2
유디엠텍,389680,10,OK,,[기재정정]단일판매ㆍ공급계약체결              (+5) | [기재정정]단일판매ㆍ공급계약체결              (+5),,2026-09-11: [기재정정]불성실공시법인지정예고              (공시번복) | 2026-09-11: 주주총회소집공고 | 2026-09-11: [기재정정]주주총회소집결의              (임시주주총회) | 2026-09-11: [기재정정]단일판매ㆍ공급계약체결               | 2026-08-31: [기재정정]주주총회소집결의              (임시주주총회),6
에스지헬스케어,398120,10,OK,,[기재정정]단일판매ㆍ공급계약체결              (+5) | [기재정정]단일판매ㆍ공급계약체결              (+5),,2026-08-31: 반기보고서 (2026.06) | 2026-08-26: [기재정정]단일판매ㆍ공급계약체결               | 2026-08-26: [기재정정]단일판매ㆍ공급계약체결              ,3
동아쏘시오홀딩스,000640,10,OK,,단일판매ㆍ공급계약체결(자회사의 주요경영사항)              (+5) | 단일판매ㆍ공급계약체결(자회사의 주요경영사항)              (+5),,2026-09-18: 단일판매ㆍ공급계약체결(자회사의 주요경영사항)               | 2026-09-07: 의결권대리행사권유참고서류 | 2026-09-07: 주주총회소집공고 | 2026-09-04: [기재정정]타인에대한채무보증결정               | 2026-09-02: 임원ㆍ주요주주특정증권등소유상황보고서,9
HD현대중공업,329180,11,OK,,영업(잠정)실적(공정공시)              (+3) | 영업(잠정)실적(공정공시)              (+3) | 단일판매ㆍ공급계약체결              (+5),,2026-09-18: 조회공시요구(풍문또는보도)에대한답변(미확정)               | 2026-09-18: 풍문또는보도에대한해명(미확정)               | 2026-09-14: 영업(잠정)실적(공정공시)               | 2026-09-10: 신규시설투자등(자율공시)               | 2026-09-10: 신규시설투자등              ,12
까뮤이앤씨,013700,13,OK,,유형자산취득결정              (+3) | [기재정정]단일판매ㆍ공급계약체결              (+5) | 단일판매ㆍ공급계약체결              (+5),,2026-09-18: 주식등의대량보유상황보고서(일반) | 2026-09-16: 유형자산취득결정               | 2026-09-09: [기재정정]단일판매ㆍ공급계약체결               | 2026-09-04: 주식등의대량보유상황보고서(일반) | 2026-09-01: 최대주주등소유주식변동신고서              ,12
CNT85,056730,15,OK,,[기재정정]단일판매ㆍ공급계약체결(자율공시)              (+5) | [기재정정]단일판매ㆍ공급계약체결(자율공시)              (+5) | [기재정정]단일판매ㆍ공급계약체결(자율공시)              (+5),,2026-09-15: [기재정정]단일판매ㆍ공급계약체결(자율공시)               | 2026-09-11: [기재정정]단일판매ㆍ공급계약체결(자율공시)               | 2026-08-31: [기재정정]단일판매ㆍ공급계약체결(자율공시)              ,3
에코프로에이치엔,383310,15,OK,,단일판매ㆍ공급계약체결              (+5) | 단일판매ㆍ공급계약체결              (+5) | 단일판매ㆍ공급계약체결              (+5),,2026-09-17: 주식등의대량보유상황보고서(일반) | 2026-09-16: 기업설명회(IR)개최               | 2026-09-11: 단일판매ㆍ공급계약체결               | 2026-09-09: 임원ㆍ주요주주특정증권등소유상황보고서 | 2026-09-09: 주식등의대량보유상황보고서(일반),9
아시아나IDT,267850,15,OK,,단일판매ㆍ공급계약체결              (+5) | 단일판매ㆍ공급계약체결              (+5) | [기재정정]단일판매ㆍ공급계약체결              (+5),,2026-09-16: 단일판매ㆍ공급계약체결               | 2026-09-15: 단일판매ㆍ공급계약체결               | 2026-09-03: [기재정정]단일판매ㆍ공급계약체결               | 2026-08-28: 대규모기업집단현황공시[분기별공시(개별회사용)],4
수산인더스트리,126720,15,OK,,[기재정정]단일판매ㆍ공급계약체결              (+5) | [기재정정]단일판매ㆍ공급계약체결              (+5) | [기재정정]단일판매ㆍ공급계약체결              (+5),,2026-09-17: [기재정정]단일판매ㆍ공급계약체결               | 2026-09-01: [기재정정]단일판매ㆍ공급계약체결               | 2026-09-01: [기재정정]단일판매ㆍ공급계약체결              ,3
HJ중공업,097230,15,OK,,[기재정정]단일판매ㆍ공급계약체결              (+5) | [기재정정]단일판매ㆍ공급계약체결              (+5) | [기재정정]단일판매ㆍ공급계약체결              (+5),,2026-09-18: [기재정정]단일판매ㆍ공급계약체결               | 2026-09-11: [기재정정]단일판매ㆍ공급계약체결               | 2026-09-02: 임원ㆍ주요주주특정증권등소유상황보고서 | 2026-09-01: [기재정정]단일판매ㆍ공급계약체결              ,4
톱텍,108230,15,OK,,단일판매ㆍ공급계약체결              (+5) | 단일판매ㆍ공급계약체결              (+5) | 단일판매ㆍ공급계약체결              (+5),,2026-09-04: 단일판매ㆍ공급계약체결               | 2026-08-27: 단일판매ㆍ공급계약체결               | 2026-08-24: 단일판매ㆍ공급계약체결              ,3
다스코,058730,15,OK,,[기재정정]단일판매ㆍ공급계약체결(자율공시)              (+5) | [기재정정]단일판매ㆍ공급계약체결(자율공시)              (+5) | [기재정정]단일판매ㆍ공급계약체결(자율공시)              (+5),,2026-09-17: 임시주주총회결과               | 2026-09-15: [기재정정]단일판매ㆍ공급계약체결(자율공시)               | 2026-09-07: 전환가액ㆍ신주인수권행사가액ㆍ교환가액의조정(안내공시)               | 2026-09-04: 주식등의대량보유상황보고서(일반) | 2026-08-28: [기재정정]단일판매ㆍ공급계약체결(자율공시)              ,7
자이에스앤디,317400,15,OK,,[기재정정]단일판매ㆍ공급계약체결              (+5) | [기재정정]단일판매ㆍ공급계약체결              (+5) | 단일판매ㆍ공급계약체결              (+5),,2026-09-10: 투자판단관련주요경영사항               | 2026-09-08: [기재정정]단일판매ㆍ공급계약체결               | 2026-08-28: 대규모기업집단현황공시[분기별공시(개별회사용)] | 2026-08-28: 기업설명회(IR)개최(안내공시)               | 2026-08-28: [기재정정]단일판매ㆍ공급계약체결              ,6
남광토건,001260,15,OK,,[기재정정]단일판매ㆍ공급계약체결              (+5) | [기재정정]단일판매ㆍ공급계약체결              (+5) | [기재정정]단일판매ㆍ공급계약체결              (+5),,2026-09-18: [기재정정]단일판매ㆍ공급계약체결               | 2026-09-08: 단기차입금증가결정               | 2026-09-07: 투자판단관련주요경영사항               | 2026-09-07: 중대재해관련형사처벌사실확인               | 2026-09-07: [기재정정]단일판매ㆍ공급계약체결              ,9
세보엠이씨,011560,15,OK,,단일판매ㆍ공급계약체결              (+5) | 단일판매ㆍ공급계약체결(자율공시)              (+5) | [기재정정]단일판매ㆍ공급계약체결(자율공시)              (+5),,2026-09-14: 단일판매ㆍ공급계약체결               | 2026-09-04: 단일판매ㆍ공급계약체결(자율공시)               | 2026-08-27: [기재정정]단일판매ㆍ공급계약체결(자율공시)              ,3
한성크린텍,066980,15,OK,,[기재정정]단일판매ㆍ공급계약체결(자율공시)              (+5) | [기재정정]단일판매ㆍ공급계약체결              (+5) | [기재정정]단일판매ㆍ공급계약체결(자율공시)              (+5),,2026-09-01: [기재정정]단일판매ㆍ공급계약체결(자율공시)               | 2026-08-28: [기재정정]단일판매ㆍ공급계약체결               | 2026-08-27: [기재정정]단일판매ㆍ공급계약체결(자율공시)              ,3
HL홀딩스,060980,15,OK,,단일판매ㆍ공급계약체결(자회사의 주요경영사항)              (+5) | [기재정정]단일판매ㆍ공급계약체결(자회사의 주요경영사항)              (+5) | [기재정정]단일판매ㆍ공급계약체결(자회사의 주요경영사항)              (+5),,2026-09-18: [기재정정]타인에대한채무보증결정(자회사의 주요경영사항)               | 2026-09-02: 단일판매ㆍ공급계약체결(자회사의 주요경영사항)               | 2026-08-28: 대규모기업집단현황공시[분기별공시(대표회사용)] | 2026-08-27: [기재정정]단일판매ㆍ공급계약체결(자회사의 주요경영사항)               | 2026-08-24: [기재정정]단일판매ㆍ공급계약체결(자회사의 주요경영사항)              ,5
인텍플러스,064290,15,OK,,단일판매ㆍ공급계약체결(자율공시)              (+5) | [기재정정]단일판매ㆍ공급계약체결              (+5) | 단일판매ㆍ공급계약체결(자율공시)              (+5),,2026-09-16: 주식매수선택권부여에관한신고 | 2026-09-11: 주식등의대량보유상황보고서(약식) | 2026-09-09: 단일판매ㆍ공급계약체결(자율공시)               | 2026-09-01: [기재정정]단일판매ㆍ공급계약체결               | 2026-08-24: 주식등의대량보유상황보고서(일반),6
비에이치아이,083650,15,OK,,단일판매ㆍ공급계약체결              (+5) | [기재정정]단일판매ㆍ공급계약체결(자율공시)              (+5) | 단일판매ㆍ공급계약체결              (+5),,2026-09-16: 단일판매ㆍ공급계약체결               | 2026-09-10: [기재정정]단일판매ㆍ공급계약체결(자율공시)               | 2026-09-02: 단일판매ㆍ공급계약체결              ,3
우진,105840,15,OK,,[기재정정]단일판매ㆍ공급계약체결              (+5) | [기재정정]단일판매ㆍ공급계약체결(자율공시)              (+5) | 주식소각결정              (+5),,2026-09-17: [기재정정]단일판매ㆍ공급계약체결               | 2026-09-17: [기재정정]단일판매ㆍ공급계약체결(자율공시)               | 2026-09-17: 주식등의대량보유상황보고서(일반) | 2026-09-14: 주식소각결정               | 2026-08-26: 주식등의대량보유상황보고서(일반),5
특수건설,026150,15,OK,,[기재정정]단일판매ㆍ공급계약체결              (+5) | [기재정정]단일판매ㆍ공급계약체결              (+5) | [기재정정]단일판매ㆍ공급계약체결              (+5),,2026-09-18: [기재정정]단일판매ㆍ공급계약체결               | 2026-09-10: 주식등의대량보유상황보고서(약식) | 2026-09-10: [기재정정]단일판매ㆍ공급계약체결               | 2026-09-09: [기재정정]단일판매ㆍ공급계약체결               | 2026-08-31: 전환사채(해외전환사채포함)발행후만기전사채취득              ,6
금화피에스시,036190,15,OK,,[기재정정]단일판매ㆍ공급계약체결              (+5) | [기재정정]단일판매ㆍ공급계약체결              (+5) | 단일판매ㆍ공급계약체결(자율공시)              (+5),,2026-09-04: [기재정정]단일판매ㆍ공급계약체결               | 2026-08-31: [기재정정]단일판매ㆍ공급계약체결               | 2026-08-26: 단일판매ㆍ공급계약체결(자율공시)              ,3
티에스아이,277880,15,OK,,[기재정정]단일판매ㆍ공급계약체결              (+5) | 단일판매ㆍ공급계약체결(자율공시)              (+5) | [기재정정]단일판매ㆍ공급계약체결              (+5),,2026-09-15: [기재정정]주식매수선택권부여에관한신고 | 2026-09-10: [기재정정]단일판매ㆍ공급계약체결               | 2026-09-03: 단일판매ㆍ공급계약체결(자율공시)               | 2026-08-21: [기재정정]단일판매ㆍ공급계약체결              ,4
우원개발,046940,15,OK,,[기재정정]단일판매ㆍ공급계약체결              (+5) | [기재정정]단일판매ㆍ공급계약체결              (+5) | 단일판매ㆍ공급계약체결              (+5),,2026-09-17: [기재정정]금전대여결정               | 2026-09-07: [기재정정]단일판매ㆍ공급계약체결               | 2026-08-25: [기재정정]단일판매ㆍ공급계약체결               | 2026-08-25: 단일판매ㆍ공급계약체결              ,4
효성,004800,15,OK,,단일판매ㆍ공급계약체결(자회사의 주요경영사항)              (+5) | 단일판매ㆍ공급계약체결(자회사의 주요경영사항)              (+5) | [기재정정]단일판매ㆍ공급계약체결(자회사의 주요경영사항)              (+5),,2026-09-15: 단일판매ㆍ공급계약체결(자회사의 주요경영사항)               | 2026-09-15: 단일판매ㆍ공급계약체결(자회사의 주요경영사항)               | 2026-09-14: [기재정정]단일판매ㆍ공급계약체결(자회사의 주요경영사항)               | 2026-09-11: 최대주주등소유주식변동신고서               | 2026-09-11: 임원ㆍ주요주주특정증권등소유상황보고서,9
KCC건설,021320,15,OK,,[기재정정]단일판매ㆍ공급계약체결(자율공시)              (+5) | [기재정정]단일판매ㆍ공급계약체결              (+5) | [기재정정]단일판매ㆍ공급계약체결(자율공시)              (+5),,2026-09-16: [기재정정]단일판매ㆍ공급계약체결(자율공시)               | 2026-09-15: [기재정정]단일판매ㆍ공급계약체결               | 2026-09-14: [기재정정]타인에대한채무보증결정               | 2026-09-01: [기재정정]단일판매ㆍ공급계약체결(자율공시)               | 2026-08-31: 대규모기업집단현황공시[분기별공시(개별회사용)],6
한화오션,042660,15,OK,,단일판매ㆍ공급계약체결              (+5) | 단일판매ㆍ공급계약체결              (+5) | [기재정정]단일판매ㆍ공급계약체결              (+5),,2026-09-10: 기업설명회(IR)개최(안내공시)               | 2026-09-09: 투자판단관련주요경영사항               | 2026-09-03: 단일판매ㆍ공급계약체결               | 2026-09-03: 소송등의제기ㆍ신청(일정금액이상의청구)               | 2026-09-01: 단일판매ㆍ공급계약체결              ,9
효성중공업,298040,15,OK,,단일판매ㆍ공급계약체결              (+5) | 단일판매ㆍ공급계약체결              (+5) | [기재정정]단일판매ㆍ공급계약체결              (+5),,2026-09-18: 풍문또는보도에대한해명(미확정)               | 2026-09-15: 단일판매ㆍ공급계약체결               | 2026-09-15: 단일판매ㆍ공급계약체결               | 2026-09-14: [기재정정]단일판매ㆍ공급계약체결               | 2026-08-28: 대규모기업집단현황공시[분기별공시(개별회사용)],6
대아티아이,045390,15,OK,,[기재정정]단일판매ㆍ공급계약체결              (+5) | [기재정정]단일판매ㆍ공급계약체결              (+5) | [기재정정]단일판매ㆍ공급계약체결              (+5),,2026-09-14: [기재정정]단일판매ㆍ공급계약체결               | 2026-09-09: 대표이사변경               | 2026-08-28: [기재정정]단일판매ㆍ공급계약체결               | 2026-08-27: [기재정정]단일판매ㆍ공급계약체결              ,4
두산에너빌리티,034020,15,OK,,[기재정정]단일판매ㆍ공급계약체결              (+5) | 단일판매ㆍ공급계약체결              (+5) | 단일판매ㆍ공급계약체결              (+5),,2026-09-17: 풍문또는보도에대한해명               | 2026-09-08: 기업설명회(IR)개최(안내공시)               | 2026-09-01: [기재정정]단일판매ㆍ공급계약체결               | 2026-09-01: 단일판매ㆍ공급계약체결               | 2026-08-31: [기재정정]대규모기업집단현황공시[분기별공시(개별회사용)],9
SNT홀딩스,036530,16,OK,,[첨부정정]주요사항보고서(회사합병결정)(자회사의 주요경영사항)              (+3) | 주식소각결정(자회사의 주요경영사항)              (+5) | 단일판매ㆍ공급계약체결(자회사의 주요경영사항)              (+5) | 주요사항보고서(회사합병결정)(자회사의 주요경영사항)              (+3),,2026-09-14: 주주명부폐쇄기간또는기준일설정               | 2026-09-04: [첨부정정]주요사항보고서(회사합병결정)(자회사의 주요경영사항)               | 2026-09-02: 주식소각결정(자회사의 주요경영사항)               | 2026-09-02: 단일판매ㆍ공급계약체결(자회사의 주요경영사항)               | 2026-09-01: 주요사항보고서(회사합병결정)(자회사의 주요경영사항)              ,5
SK디스커버리,006120,16,OK,,[기재정정]단일판매ㆍ공급계약체결(자회사의 주요경영사항)              (+5) | [기재정정]단일판매ㆍ공급계약체결(자회사의 주요경영사항)              (+5) | [첨부정정]주요사항보고서(회사합병결정)(자회사의 주요경영사항)              (+3) | 주요사항보고서(회사합병결정)(자회사의 주요경영사항)              (+3),,2026-09-18: [기재정정]신규시설투자등(자회사의 주요경영사항)               | 2026-09-11: 지속가능경영보고서등관련사항(자율공시)               | 2026-09-11: [기재정정]단일판매ㆍ공급계약체결(자회사의 주요경영사항)               | 2026-09-07: 신탁계약해지결과보고서 | 2026-09-07: 주요사항보고서(자기주식취득신탁계약해지결정),14
한신공영,004960,20,OK,,단일판매ㆍ공급계약체결              (+5) | [기재정정]단일판매ㆍ공급계약체결              (+5) | [기재정정]단일판매ㆍ공급계약체결              (+5) | [기재정정]단일판매ㆍ공급계약체결              (+5),,2026-09-14: 투자판단관련주요경영사항               | 2026-08-31: 단일판매ㆍ공급계약체결               | 2026-08-28: [기재정정]단일판매ㆍ공급계약체결               | 2026-08-28: [기재정정]단일판매ㆍ공급계약체결               | 2026-08-25: [기재정정]단일판매ㆍ공급계약체결              ,5
HL D&I,014790,20,OK,,단일판매ㆍ공급계약체결              (+5) | [기재정정]단일판매ㆍ공급계약체결              (+5) | [기재정정]단일판매ㆍ공급계약체결(자율공시)              (+5) | [기재정정]단일판매ㆍ공급계약체결              (+5),,2026-09-18: [기재정정]타인에대한채무보증결정               | 2026-09-02: 단일판매ㆍ공급계약체결               | 2026-08-31: 대규모기업집단현황공시[분기별공시(개별회사용)] | 2026-08-27: [기재정정]단일판매ㆍ공급계약체결               | 2026-08-25: [기재정정]단일판매ㆍ공급계약체결(자율공시)              ,6
HS화성,002460,20,OK,,단일판매ㆍ공급계약체결              (+5) | [기재정정]단일판매ㆍ공급계약체결              (+5) | [기재정정]단일판매ㆍ공급계약체결              (+5) | [기재정정]단일판매ㆍ공급계약체결              (+5),,2026-09-09: 단일판매ㆍ공급계약체결               | 2026-09-03: [기재정정]단일판매ㆍ공급계약체결               | 2026-08-31: 투자판단관련주요경영사항               | 2026-08-31: [기재정정]단일판매ㆍ공급계약체결               | 2026-08-24: [기재정정]단일판매ㆍ공급계약체결              ,5
HD현대,267250,20,OK,,[기재정정]단일판매ㆍ공급계약체결(자회사의 주요경영사항)              (+5) | [기재정정]단일판매ㆍ공급계약체결(자회사의 주요경영사항)              (+5) | [기재정정]단일판매ㆍ공급계약체결(자회사의 주요경영사항)              (+5) | [기재정정]단일판매ㆍ공급계약체결(자회사의 주요경영사항)              (+5),,2026-09-11: 주식등의대량보유상황보고서(일반) | 2026-09-11: [기재정정]벌금등의부과(자회사의 주요경영사항)               | 2026-09-10: 타법인주식및출자증권취득결정(자회사의 주요경영사항)               | 2026-09-10: 타인에대한채무보증결정(자회사의 주요경영사항)               | 2026-09-10: 타인에대한채무보증결정(자회사의 주요경영사항)              ,18
세진티에스,067770,20,OK,,[기재정정]주요사항보고서(자기주식취득결정)(+5) | 주요사항보고서(자기주식취득결정)(+5) | [기재정정]주요사항보고서(자기주식취득결정)(+5) | 주요사항보고서(자기주식취득결정)(+5),,2026-09-16: 기타시장안내              (시가총액 미달에 따른 상장폐지 우려 관련 안내) | 2026-09-09: 기타시장안내              (시가총액 미달에 따른 상장폐지 우려 관련 안내) | 2026-08-31: [기재정정]주요사항보고서(자기주식취득결정) | 2026-08-31: 주요사항보고서(자기주식취득결정) | 2026-08-28: [기재정정]자기주식취득결과보고서,8
스피어,347700,20,OK,,[기재정정]단일판매ㆍ공급계약체결              (+5) | [기재정정]단일판매ㆍ공급계약체결              (+5) | [기재정정]단일판매ㆍ공급계약체결              (+5) | [기재정정]단일판매ㆍ공급계약체결              (+5),,2026-09-15: [기재정정]단일판매ㆍ공급계약체결               | 2026-09-11: [기재정정]단일판매ㆍ공급계약체결               | 2026-09-07: 임원ㆍ주요주주특정증권등소유상황보고서 | 2026-09-07: 임원ㆍ주요주주특정증권등소유상황보고서 | 2026-09-07: 기업설명회(IR)개최              ,9
진흥기업,002780,20,OK,,[기재정정]단일판매ㆍ공급계약체결              (+5) | 단일판매ㆍ공급계약체결              (+5) | [기재정정]단일판매ㆍ공급계약체결              (+5) | [기재정정]단일판매ㆍ공급계약체결              (+5),,2026-09-18: 풍문또는보도에대한해명(미확정)               | 2026-09-15: 종류주식의보통주식으로전환(안내공시)               | 2026-09-15: 종류주식의보통주식으로전환(안내공시)               | 2026-09-15: 현금ㆍ현물배당을위한주주명부폐쇄(기준일)결정               | 2026-09-14: [기재정정]단일판매ㆍ공급계약체결              ,12
HD현대마린엔진,071970,20,OK,,[기재정정]단일판매ㆍ공급계약체결              (+5) | 단일판매ㆍ공급계약체결              (+5) | 단일판매ㆍ공급계약체결              (+5) | 단일판매ㆍ공급계약체결              (+5),,2026-09-18: [기재정정]단일판매ㆍ공급계약체결               | 2026-08-31: 단일판매ㆍ공급계약체결               | 2026-08-31: 단일판매ㆍ공급계약체결               | 2026-08-27: 대규모기업집단현황공시[분기별공시(개별회사용)] | 2026-08-21: 단일판매ㆍ공급계약체결              ,5
삼성중공업,010140,20,OK,,단일판매ㆍ공급계약체결              (+5) | [기재정정]단일판매ㆍ공급계약체결              (+5) | [기재정정]단일판매ㆍ공급계약체결              (+5) | 단일판매ㆍ공급계약체결              (+5),,2026-09-14: 단일판매ㆍ공급계약체결               | 2026-09-11: [기재정정]단일판매ㆍ공급계약체결               | 2026-09-10: 최대주주등소유주식변동신고서               | 2026-08-31: [기재정정]단일판매ㆍ공급계약체결               | 2026-08-31: 대규모기업집단현황공시[분기별공시(개별회사용)],7
현대건설,000720,23,OK,,[기재정정]단일판매ㆍ공급계약체결              (+5) | [기재정정]단일판매ㆍ공급계약체결              (+5) | [기재정정]단일판매ㆍ공급계약체결              (+5) | [기재정정]단일판매ㆍ공급계약체결              (+5) | 회사합병결정(종속회사의주요경영사항)              (+3),,2026-09-18: 임원ㆍ주요주주특정증권등소유상황보고서 | 2026-09-14: [기재정정]단일판매ㆍ공급계약체결               | 2026-09-14: [기재정정]단일판매ㆍ공급계약체결               | 2026-09-11: 타인에대한채무보증결정               | 2026-09-11: 특수관계인에대한담보제공,21
두산퓨얼셀,336260,25,OK,,단일판매ㆍ공급계약체결              (+5) | [기재정정]단일판매ㆍ공급계약체결              (+5) | [기재정정]단일판매ㆍ공급계약체결              (+5) | [기재정정]단일판매ㆍ공급계약체결              (+5) | 단일판매ㆍ공급계약체결              (+5),,2026-09-15: 단일판매ㆍ공급계약체결               | 2026-09-14: [기재정정]단일판매ㆍ공급계약체결               | 2026-09-08: 기업설명회(IR)개최(안내공시)               | 2026-09-04: 기업설명회(IR)개최(안내공시)               | 2026-09-04: [기재정정]단일판매ㆍ공급계약체결              ,8
DL이앤씨,375500,25,OK,,[기재정정]단일판매ㆍ공급계약체결              (+5) | [기재정정]단일판매ㆍ공급계약체결              (+5) | [기재정정]단일판매ㆍ공급계약체결              (+5) | [기재정정]단일판매ㆍ공급계약체결              (+5) | 단일판매ㆍ공급계약체결              (+5),,2026-09-17: 중대재해발생(종속회사의주요경영사항)               | 2026-09-07: [기재정정]단일판매ㆍ공급계약체결               | 2026-09-03: 주식등의대량보유상황보고서(일반) | 2026-09-03: 최대주주등소유주식변동신고서               | 2026-09-01: 기업설명회(IR)개최(안내공시)              ,10
GS건설,006360,25,OK,,[기재정정]단일판매ㆍ공급계약체결              (+5) | [기재정정]단일판매ㆍ공급계약체결              (+5) | [기재정정]단일판매ㆍ공급계약체결              (+5) | 단일판매ㆍ공급계약체결              (+5) | 단일판매ㆍ공급계약체결              (+5),,2026-09-18: [기재정정]단일판매ㆍ공급계약체결               | 2026-09-18: [기재정정]단일판매ㆍ공급계약체결               | 2026-09-17: [기재정정]단일판매ㆍ공급계약체결               | 2026-09-10: 단일판매ㆍ공급계약체결               | 2026-09-10: 단일판매ㆍ공급계약체결              ,9
동부건설,005960,25,OK,,[기재정정]단일판매ㆍ공급계약체결              (+5) | 단일판매ㆍ공급계약체결              (+5) | 단일판매ㆍ공급계약체결              (+5) | [기재정정]단일판매ㆍ공급계약체결              (+5) | [기재정정]단일판매ㆍ공급계약체결              (+5),,2026-09-14: [기재정정]단일판매ㆍ공급계약체결               | 2026-09-11: 단일판매ㆍ공급계약체결               | 2026-09-09: 단일판매ㆍ공급계약체결               | 2026-09-03: [기재정정]금전대여결정               | 2026-08-24: [기재정정]단일판매ㆍ공급계약체결              ,6
DL,000210,25,OK,,[기재정정]단일판매ㆍ공급계약체결(자회사의 주요경영사항)              (+5) | [기재정정]단일판매ㆍ공급계약체결(자회사의 주요경영사항)              (+5) | [기재정정]단일판매ㆍ공급계약체결(자회사의 주요경영사항)              (+5) | [기재정정]단일판매ㆍ공급계약체결(자회사의 주요경영사항)              (+5) | 단일판매ㆍ공급계약체결(자회사의 주요경영사항)              (+5),,2026-09-07: [기재정정]단일판매ㆍ공급계약체결(자회사의 주요경영사항)               | 2026-09-01: 주식등의대량보유상황보고서(약식) | 2026-09-01: 임원ㆍ주요주주특정증권등소유상황보고서 | 2026-08-31: 대규모기업집단현황공시[분기별공시(대표회사용)] | 2026-08-27: [기재정정]단일판매ㆍ공급계약체결(자회사의 주요경영사항)              ,8
HDC,012630,30,OK,,단일판매ㆍ공급계약체결(자회사의 주요경영사항)              (+5) | 단일판매ㆍ공급계약체결(자회사의 주요경영사항)              (+5) | [기재정정]단일판매ㆍ공급계약체결(자회사의 주요경영사항)              (+5) | [기재정정]단일판매ㆍ공급계약체결(자회사의 주요경영사항)              (+5) | [기재정정]단일판매ㆍ공급계약체결(자회사의 주요경영사항)              (+5),,2026-09-18: 단일판매ㆍ공급계약체결(자회사의 주요경영사항)               | 2026-09-18: 타인에대한채무보증결정(자회사의 주요경영사항)               | 2026-09-15: 단일판매ㆍ공급계약체결(자회사의 주요경영사항)               | 2026-09-09: [기재정정]단일판매ㆍ공급계약체결(자회사의 주요경영사항)               | 2026-09-07: 불성실공시법인지정              ,12
한전산업,130660,30,OK,,[기재정정]단일판매ㆍ공급계약체결              (+5) | [기재정정]단일판매ㆍ공급계약체결              (+5) | [기재정정]단일판매ㆍ공급계약체결              (+5) | 단일판매ㆍ공급계약체결              (+5) | [기재정정]단일판매ㆍ공급계약체결              (+5),,2026-09-16: [기재정정]단일판매ㆍ공급계약체결               | 2026-09-16: [기재정정]단일판매ㆍ공급계약체결               | 2026-09-15: [기재정정]단일판매ㆍ공급계약체결               | 2026-08-26: 단일판매ㆍ공급계약체결               | 2026-08-24: [기재정정]단일판매ㆍ공급계약체결              ,6
코오롱,002020,30,OK,,[기재정정]단일판매ㆍ공급계약체결(자회사의 주요경영사항)              (+5) | 단일판매ㆍ공급계약체결(자회사의 주요경영사항)              (+5) | [기재정정]단일판매ㆍ공급계약체결(자회사의 주요경영사항)              (+5) | [기재정정]단일판매ㆍ공급계약체결(자회사의 주요경영사항)              (+5) | [기재정정]단일판매ㆍ공급계약체결(자회사의 주요경영사항)              (+5),[기재정정]주요사항보고서(자기주식처분결정)(자회사의 주요경영사항)              (-10),2026-09-18: 주식등의대량보유상황보고서(일반) | 2026-09-18: [기재정정]소송등의제기ㆍ신청(일정금액이상의청구)(자회사의 주요경영사항)               | 2026-09-15: [기재정정]단일판매ㆍ공급계약체결(자회사의 주요경영사항)               | 2026-09-11: 주식등의대량보유상황보고서(일반) | 2026-09-08: 단일판매ㆍ공급계약체결(자회사의 주요경영사항)              ,16
동아지질,028100,30,OK,,[기재정정]단일판매ㆍ공급계약체결              (+5) | [기재정정]단일판매ㆍ공급계약체결              (+5) | [기재정정]단일판매ㆍ공급계약체결              (+5) | [기재정정]단일판매ㆍ공급계약체결              (+5) | [기재정정]단일판매ㆍ공급계약체결              (+5),,2026-09-09: 소송등의제기ㆍ신청(일정금액이상의청구)               | 2026-09-01: [기재정정]단일판매ㆍ공급계약체결               | 2026-08-31: [기재정정]단일판매ㆍ공급계약체결               | 2026-08-31: [기재정정]단일판매ㆍ공급계약체결               | 2026-08-28: [기재정정]단일판매ㆍ공급계약체결              ,7
IPARK현대산업개발,294870,30,OK,,단일판매ㆍ공급계약체결              (+5) | 단일판매ㆍ공급계약체결              (+5) | [기재정정]단일판매ㆍ공급계약체결              (+5) | [기재정정]단일판매ㆍ공급계약체결              (+5) | [기재정정]단일판매ㆍ공급계약체결              (+5),,2026-09-18: 단일판매ㆍ공급계약체결               | 2026-09-18: 타인에대한채무보증결정               | 2026-09-15: 단일판매ㆍ공급계약체결               | 2026-09-09: [기재정정]단일판매ㆍ공급계약체결               | 2026-09-07: 불성실공시법인지정              ,11
삼호개발,010960,35,OK,,[기재정정]단일판매ㆍ공급계약체결              (+5) | [기재정정]단일판매ㆍ공급계약체결              (+5) | 단일판매ㆍ공급계약체결              (+5) | [기재정정]단일판매ㆍ공급계약체결(자율공시)              (+5) | [기재정정]단일판매ㆍ공급계약체결              (+5),,2026-09-09: [기재정정]단일판매ㆍ공급계약체결               | 2026-09-08: [기재정정]단일판매ㆍ공급계약체결               | 2026-09-03: 단일판매ㆍ공급계약체결               | 2026-08-31: [기재정정]단일판매ㆍ공급계약체결(자율공시)               | 2026-08-31: [기재정정]단일판매ㆍ공급계약체결              ,7
금호건설,002990,35,OK,,[기재정정]단일판매ㆍ공급계약체결              (+5) | [기재정정]단일판매ㆍ공급계약체결              (+5) | [기재정정]단일판매ㆍ공급계약체결              (+5) | [기재정정]단일판매ㆍ공급계약체결              (+5) | [기재정정]단일판매ㆍ공급계약체결              (+5),,2026-09-18: 투자판단관련주요경영사항               | 2026-09-15: [기재정정]단일판매ㆍ공급계약체결               | 2026-09-11: [기재정정]단일판매ㆍ공급계약체결               | 2026-09-08: [기재정정]단일판매ㆍ공급계약체결               | 2026-09-03: [기재정정]단일판매ㆍ공급계약체결              ,9
코오롱글로벌,003070,35,OK,,[기재정정]단일판매ㆍ공급계약체결              (+5) | [기재정정]단일판매ㆍ공급계약체결(자율공시)              (+5) | 단일판매ㆍ공급계약체결              (+5) | [기재정정]단일판매ㆍ공급계약체결              (+5) | [기재정정]단일판매ㆍ공급계약체결              (+5),[기재정정]주요사항보고서(자기주식처분결정)(-10),2026-09-18: [기재정정]소송등의제기ㆍ신청(일정금액이상의청구)               | 2026-09-15: [기재정정]단일판매ㆍ공급계약체결               | 2026-09-10: [기재정정]단일판매ㆍ공급계약체결(자율공시)               | 2026-09-08: 단일판매ㆍ공급계약체결               | 2026-09-04: [기재정정]단일판매ㆍ공급계약체결              ,16
HD한국조선해양,009540,37,OK,,영업(잠정)실적(공정공시)              (+3) | 영업(잠정)실적(공정공시)(자회사의 주요경영사항)              (+3) | [기재정정]단일판매ㆍ공급계약체결(자회사의 주요경영사항)              (+5) | [기재정정]단일판매ㆍ공급계약체결(자회사의 주요경영사항)              (+5) | 영업(잠정)실적(공정공시)              (+3),,2026-09-17: 풍문또는보도에대한해명(미확정)               | 2026-09-14: 영업(잠정)실적(공정공시)               | 2026-09-14: 영업(잠정)실적(공정공시)(자회사의 주요경영사항)               | 2026-09-10: 신규시설투자등(자회사의 주요경영사항)               | 2026-09-08: [기재정정]단일판매ㆍ공급계약체결(자회사의 주요경영사항)              ,16
대우건설,047040,50,OK,,단일판매ㆍ공급계약체결              (+5) | 단일판매ㆍ공급계약체결              (+5) | 주식소각결정              (+5) | [기재정정]단일판매ㆍ공급계약체결              (+5) | 단일판매ㆍ공급계약체결              (+5),,2026-09-18: 단일판매ㆍ공급계약체결               | 2026-09-17: 단일판매ㆍ공급계약체결               | 2026-09-14: 타인에대한채무보증결정               | 2026-09-10: 의결권대리행사권유참고서류 | 2026-09-10: 주주총회소집공고,16
