종목명,종목코드,DART점수,Tier1발동,Tier1,호재내역,악재내역,최근공시,공시건수
CSA 코스믹,083660,-172,🚨 YES,"주권매매거래정지              (주식의 병합, 분할 등 전자등록 변경, 말소) | [기재정정]주요사항보고서(유상증자결정) | [기재정정]주요사항보고서(감자결정)",[기재정정]주식분할결정              (+3),"주권매매거래정지              (주식의 병합, 분할 등 전자등록 변경, 말소)(-30) | [기재정정]주요사항보고서(유상증자결정)(-15) | [기재정정]주요사항보고서(감자결정)(-20) | [기재정정]주요사항보고서(감자결정)(-20) | [기재정정]주요사항보고서(유상증자결정)(-15)","2026-07-08: 주권매매거래정지              (주식의 병합, 분할 등 전자등록 변경, 말소) | 2026-07-03: [기재정정]주요사항보고서(유상증자결정) | 2026-07-01: 주주명부폐쇄기간또는기준일설정               | 2026-07-01: 주주총회소집결의              (임시주주총회) | 2026-07-01: [기재정정]주요사항보고서(감자결정)",16
알엔티엑스,123010,-170,🚨 YES,[기재정정]주요사항보고서(전환사채권발행결정) | [기재정정]주요사항보고서(전환사채권발행결정) | [기재정정]주요사항보고서(유상증자결정),,"[기재정정]주요사항보고서(전환사채권발행결정)(-15) | [기재정정]주요사항보고서(전환사채권발행결정)(-15) | [기재정정]주요사항보고서(유상증자결정)(-15) | [기재정정]주요사항보고서(유상증자결정)(-15) | 주권매매거래정지              (주식의 병합, 분할 등 전자등록 변경, 말소)(-30)","2026-07-08: [기재정정]주요사항보고서(전환사채권발행결정) | 2026-07-08: [기재정정]주요사항보고서(전환사채권발행결정) | 2026-07-08: [기재정정]주요사항보고서(유상증자결정) | 2026-07-08: [기재정정]주요사항보고서(유상증자결정) | 2026-07-01: 주권매매거래정지              (주식의 병합, 분할 등 전자등록 변경, 말소)",20
블루산업개발,006740,-165,🚨 YES,주요사항보고서(전환사채권발행결정) | [기재정정]주요사항보고서(유상증자결정) | [기재정정]주요사항보고서(유상증자결정),,주요사항보고서(전환사채권발행결정)(-15) | [기재정정]주요사항보고서(유상증자결정)(-15) | [기재정정]주요사항보고서(유상증자결정)(-15) | [기재정정]주요사항보고서(유상증자결정)(-15) | [기재정정]주요사항보고서(유상증자결정)(-15),2026-07-08: 주요사항보고서(전환사채권발행결정) | 2026-07-08: [기재정정]주요사항보고서(유상증자결정) | 2026-07-08: [기재정정]주요사항보고서(유상증자결정) | 2026-07-08: [기재정정]주요사항보고서(유상증자결정) | 2026-07-07: [기재정정]의결권대리행사권유참고서류,30
한국유니온제약,080720,-150,🚨 YES,[기재정정]주요사항보고서(감자결정) | [기재정정]주요사항보고서(유상증자결정) | [기재정정]주요사항보고서(유상증자결정),,[기재정정]주요사항보고서(감자결정)(-20) | [기재정정]주요사항보고서(유상증자결정)(-15) | [기재정정]주요사항보고서(유상증자결정)(-15) | [기재정정]주요사항보고서(유상증자결정)(-15) | [기재정정]주요사항보고서(감자결정)(-20),2026-07-08: [기재정정]주요사항보고서(감자결정) | 2026-07-08: [기재정정]주요사항보고서(유상증자결정) | 2026-07-08: [기재정정]주요사항보고서(유상증자결정) | 2026-07-06: 주주총회소집공고 | 2026-07-01: 감자완료              ,16
에이프로젠,007460,-135,🚨 YES,[기재정정]주요사항보고서(유상증자결정)(자회사의 주요경영사항)              (제3자배정) | [기재정정]주요사항보고서(유상증자결정)(자회사의 주요경영사항)              (제3자배정) | [기재정정]주요사항보고서(전환사채권발행결정)(자회사의 주요경영사항)              ,,[기재정정]주요사항보고서(유상증자결정)(자회사의 주요경영사항)              (제3자배정)(-15) | [기재정정]주요사항보고서(유상증자결정)(자회사의 주요경영사항)              (제3자배정)(-15) | [기재정정]주요사항보고서(전환사채권발행결정)(자회사의 주요경영사항)              (-15) | 주요사항보고서(전환사채권발행결정)(자회사의 주요경영사항)              (제11회차)(-15) | 주요사항보고서(전환사채권발행결정)(자회사의 주요경영사항)              (제10회차)(-15),2026-07-07: [기재정정]주요사항보고서(유상증자결정)(자회사의 주요경영사항)              (제3자배정) | 2026-07-02: 타법인주식및출자증권취득결정(자회사의 주요경영사항)               | 2026-07-01: 주식등의대량보유상황보고서(약식) | 2026-06-29: [기재정정]주요사항보고서(유상증자결정)(자회사의 주요경영사항)              (제3자배정) | 2026-06-29: [기재정정]주요사항보고서(전환사채권발행결정)(자회사의 주요경영사항)              ,15
알파AI,043100,-120,🚨 YES,주권매매거래정지기간변경              (회생절차 개시결정) | [기재정정]주요사항보고서(전환사채권발행결정) | [기재정정]주요사항보고서(전환사채권발행결정),,주권매매거래정지기간변경              (회생절차 개시결정)(-30) | [기재정정]주요사항보고서(전환사채권발행결정)(-15) | [기재정정]주요사항보고서(전환사채권발행결정)(-15) | [기재정정]주요사항보고서(전환사채권발행결정)(-15) | [기재정정]주요사항보고서(전환사채권발행결정)(-15),2026-07-03: 주권매매거래정지기간변경              (회생절차 개시결정) | 2026-07-03: 회생절차개시결정               | 2026-06-30: [기재정정]타법인주식및출자증권취득결정               | 2026-06-30: [기재정정]주요사항보고서(전환사채권발행결정) | 2026-06-30: [기재정정]주요사항보고서(전환사채권발행결정),18
제이에스링크,127120,-120,🚨 YES,주요사항보고서(유상증자결정) | [기재정정]주요사항보고서(전환사채권발행결정) | [기재정정]주요사항보고서(전환사채권발행결정),,주요사항보고서(유상증자결정)(-15) | [기재정정]주요사항보고서(전환사채권발행결정)(-15) | [기재정정]주요사항보고서(전환사채권발행결정)(-15) | [기재정정]주요사항보고서(전환사채권발행결정)(-15) | [기재정정]주요사항보고서(전환사채권발행결정)(-15),2026-07-07: 기업설명회(IR)개최               | 2026-07-07: 주요사항보고서(유상증자결정) | 2026-07-01: 주식등의대량보유상황보고서(약식) | 2026-06-29: 주식등의대량보유상황보고서(일반) | 2026-06-29: 임원ㆍ주요주주특정증권등소유상황보고서,15
플루토스,019570,-105,🚨 YES,"주권매매거래정지              (주식의 병합, 분할 등 전자등록 변경, 말소) | 주권매매거래정지해제              (감자 주권 변경상장) | 주권매매거래정지              (주식의 병합, 분할 등 전자등록 변경, 말소)",,"주권매매거래정지              (주식의 병합, 분할 등 전자등록 변경, 말소)(-30) | 주권매매거래정지해제              (감자 주권 변경상장)(-30) | 주권매매거래정지              (주식의 병합, 분할 등 전자등록 변경, 말소)(-30) | 주요사항보고서(전환사채권발행결정)(-15)","2026-07-07: 전환사채(해외전환사채포함)발행후만기전사채취득               | 2026-07-06: 주권매매거래정지              (주식의 병합, 분할 등 전자등록 변경, 말소) | 2026-07-03: 주권매매거래정지해제              (감자 주권 변경상장) | 2026-07-01: 전환사채(해외전환사채포함)발행후만기전사채취득               | 2026-06-25: 주식등의대량보유상황보고서(약식)",11
앱튼,270520,-90,🚨 YES,[기재정정]주요사항보고서(유상증자결정) | [기재정정]주요사항보고서(유상증자결정) | 주요사항보고서(전환사채권발행결정),,[기재정정]주요사항보고서(유상증자결정)(-15) | [기재정정]주요사항보고서(유상증자결정)(-15) | 주요사항보고서(전환사채권발행결정)(-15) | 주요사항보고서(전환사채권발행결정)(-15) | 주요사항보고서(유상증자결정)(-15),2026-07-07: 주식등의대량보유상황보고서(약식) | 2026-07-07: [기재정정]주요사항보고서(유상증자결정) | 2026-07-06: 주식등의대량보유상황보고서(약식) | 2026-07-03: 주식등의대량보유상황보고서(약식) | 2026-07-02: 타법인주식및출자증권취득결정              ,13
우성머티리얼스,011300,-90,🚨 YES,[첨부정정]주요사항보고서(유상증자결정) | [첨부정정]주요사항보고서(유상증자결정) | [첨부정정]주요사항보고서(유상증자결정),,[첨부정정]주요사항보고서(유상증자결정)(-15) | [첨부정정]주요사항보고서(유상증자결정)(-15) | [첨부정정]주요사항보고서(유상증자결정)(-15) | [기재정정]주요사항보고서(유상증자결정)(-15) | [기재정정]주요사항보고서(유상증자결정)(-15),2026-06-18: [첨부정정]주요사항보고서(유상증자결정) | 2026-06-18: [첨부정정]주요사항보고서(유상증자결정) | 2026-06-18: [첨부정정]주요사항보고서(유상증자결정) | 2026-06-18: [기재정정]주요사항보고서(유상증자결정) | 2026-06-18: [기재정정]주요사항보고서(유상증자결정),7
케이지에이,455180,-90,🚨 YES,[기재정정]주요사항보고서(유상증자결정) | [기재정정]주요사항보고서(유상증자결정) | [기재정정]주요사항보고서(유상증자결정),,[기재정정]주요사항보고서(유상증자결정)(-15) | [기재정정]주요사항보고서(유상증자결정)(-15) | [기재정정]주요사항보고서(유상증자결정)(-15) | [기재정정]주요사항보고서(유상증자결정)(-15) | [기재정정]주요사항보고서(유상증자결정)(-15),2026-07-06: [기재정정]소액공모공시서류(지분증권) | 2026-07-06: [기재정정]주요사항보고서(유상증자결정) | 2026-07-02: [기재정정]소액공모공시서류(지분증권) | 2026-07-02: [기재정정]주요사항보고서(유상증자결정) | 2026-07-02: [기재정정]유상증자최종발행가액확정              (제3자배정-소액공모),20
오에스피,368970,-85,🚨 YES,기타시장안내(관리종목지정우려종목)              (시가총액 200억원 미달) | [기재정정]주요사항보고서(유상증자결정) | [기재정정]주요사항보고서(유상증자결정),주요사항보고서(자기주식취득결정)(+5),기타시장안내(관리종목지정우려종목)              (시가총액 200억원 미달)(-30) | [기재정정]주요사항보고서(유상증자결정)(-15) | [기재정정]주요사항보고서(유상증자결정)(-15) | 주요사항보고서(유상증자결정)(-15) | [첨부추가]주요사항보고서(유상증자결정)(-15),2026-07-08: 주요사항보고서(자기주식취득결정) | 2026-07-07: 증권발행결과(자율공시)              (제3자배정 유상증자) | 2026-07-02: 기타시장안내(관리종목지정우려종목)              (시가총액 200억원 미달) | 2026-06-30: [기재정정]주요사항보고서(유상증자결정) | 2026-06-29: [기재정정]주요사항보고서(유상증자결정),11
엑시온그룹,069920,-80,🚨 YES,[기재정정]주요사항보고서(유상증자결정) | [기재정정]주요사항보고서(유상증자결정) | 기타시장안내(관리종목지정우려종목)              (시가총액 150억원 미달),,[기재정정]주요사항보고서(유상증자결정)(-15) | [기재정정]최대주주변경을수반하는주식양수도계약체결              (-5) | [기재정정]주요사항보고서(유상증자결정)(-15) | 기타시장안내(관리종목지정우려종목)              (시가총액 150억원 미달)(-30) | 주요사항보고서(유상증자결정)(-15),2026-07-03: 임원ㆍ주요주주특정증권등소유상황보고서 | 2026-07-03: [기재정정]주요사항보고서(유상증자결정) | 2026-06-30: [기재정정]최대주주변경을수반하는주식양수도계약체결               | 2026-06-30: 임원ㆍ주요주주특정증권등소유상황보고서 | 2026-06-30: 임원ㆍ주요주주특정증권등소유상황보고서,15
광진실업,026910,-80,🚨 YES,주요사항보고서(전환사채권발행결정) | 주요사항보고서(전환사채권발행결정) | 주요사항보고서(유상증자결정),,최대주주변경을수반하는주식양수도계약체결              (-5) | 주요사항보고서(전환사채권발행결정)(-15) | 주요사항보고서(전환사채권발행결정)(-15) | 주요사항보고서(유상증자결정)(-15) | 주요사항보고서(유상증자결정)(-15),2026-07-02: 최대주주변경을수반하는주식양수도계약체결               | 2026-07-02: 주요사항보고서(전환사채권발행결정) | 2026-07-02: 주요사항보고서(전환사채권발행결정) | 2026-07-02: 주주명부폐쇄기간또는기준일설정               | 2026-07-02: 주주총회소집결의              (임시주주총회),19
에이루트,096690,-75,🚨 YES,[기재정정]주요사항보고서(전환사채권발행결정) | [기재정정]주요사항보고서(전환사채권발행결정) | 주요사항보고서(유상증자결정),,[기재정정]주요사항보고서(전환사채권발행결정)(-15) | [기재정정]주요사항보고서(전환사채권발행결정)(-15) | 주요사항보고서(유상증자결정)(-15) | 주요사항보고서(유상증자결정)(-15) | [기재정정]주요사항보고서(전환사채권발행결정)(-15),2026-07-06: 임원ㆍ주요주주특정증권등소유상황보고서 | 2026-07-06: 임원ㆍ주요주주특정증권등소유상황보고서 | 2026-07-02: 임원ㆍ주요주주특정증권등소유상황보고서 | 2026-07-02: 주식등의대량보유상황보고서(일반) | 2026-07-02: 임원ㆍ주요주주특정증권등소유상황보고서,22
파이온엑스,900100,-75,🚨 YES,[기재정정]주요사항보고서(전환사채권발행결정) | 주권매매거래정지해제              (액면병합 주권 변경상장) | [기재정정]주요사항보고서(전환사채권발행결정),,[기재정정]주요사항보고서(전환사채권발행결정)(-15) | 주권매매거래정지해제              (액면병합 주권 변경상장)(-30) | [기재정정]주요사항보고서(전환사채권발행결정)(-15) | [첨부정정]주요사항보고서(전환사채권발행결정)(-15),2026-07-03: [기재정정]주요사항보고서(전환사채권발행결정) | 2026-06-26: 기타경영사항(자율공시)              (조회공시 요구(현저한 시황변동)에 대한 답변(확정)) | 2026-06-22: 주권매매거래정지해제              (액면병합 주권 변경상장) | 2026-06-19: 임원ㆍ주요주주특정증권등소유상황보고서 | 2026-06-19: 주식등의대량보유상황보고서(일반),9
썸에이지,208640,-75,🚨 YES,[기재정정]주요사항보고서(유상증자결정) | [기재정정]주요사항보고서(유상증자결정) | 주권매매거래정지해제              (감자 주권 변경상장),,[기재정정]주요사항보고서(유상증자결정)(-15) | [기재정정]주요사항보고서(유상증자결정)(-15) | 주권매매거래정지해제              (감자 주권 변경상장)(-30) | [기재정정]주요사항보고서(유상증자결정)(-15),2026-07-01: [기재정정]주요사항보고서(유상증자결정) | 2026-06-29: 권리락              (유상증자) | 2026-06-29: 투자설명서 | 2026-06-29: [발행조건확정]증권신고서(지분증권) | 2026-06-29: [기재정정]주요사항보고서(유상증자결정),16
엔젠바이오,354200,-75,🚨 YES,"주권매매거래정지해제              (감자 주권 변경상장) | [기재정정]주요사항보고서(유상증자결정) | 주권매매거래정지              (주식의 병합, 분할 등 전자등록 변경, 말소)",,"주권매매거래정지해제              (감자 주권 변경상장)(-30) | [기재정정]주요사항보고서(유상증자결정)(-15) | 주권매매거래정지              (주식의 병합, 분할 등 전자등록 변경, 말소)(-30)",2026-07-08: 주권매매거래정지해제              (감자 주권 변경상장) | 2026-07-02: [기재정정]증권신고서(지분증권) | 2026-07-02: [기재정정]주요사항보고서(유상증자결정) | 2026-06-29: 감자완료               | 2026-06-26: 주식등의대량보유상황보고서(일반),9
청보,013720,-70,🚨 YES,"주권매매거래정지              (주식의 병합, 분할 등 전자등록 변경, 말소) | [기재정정]주요사항보고서(감자결정) | [기재정정]주요사항보고서(감자결정)",,"주권매매거래정지              (주식의 병합, 분할 등 전자등록 변경, 말소)(-30) | [기재정정]주요사항보고서(감자결정)(-20) | [기재정정]주요사항보고서(감자결정)(-20)","2026-07-08: [기재정정]조회공시요구(현저한시황변동)에대한답변(미확정)               | 2026-07-07: 주권매매거래정지              (주식의 병합, 분할 등 전자등록 변경, 말소) | 2026-07-06: [기재정정]주요사항보고서(감자결정) | 2026-07-03: [기재정정]주요사항보고서(감자결정) | 2026-06-30: [기재정정]주요사항보고서(자기전환사채매도결정)",16
모바일어플라이언스,087260,-70,🚨 YES,[기재정정]주요사항보고서(전환사채권발행결정) | 조회공시요구(풍문또는보도)              (대표 등 주요 경영진 횡령·배임 피소설) | 조회공시요구(풍문또는보도)              (대표 등 주요 경영진 횡령·배임 피소설),,[기재정정]주요사항보고서(전환사채권발행결정)(-15) | [기재정정]최대주주변경              (-5) | 조회공시요구(풍문또는보도)              (대표 등 주요 경영진 횡령·배임 피소설)(-25) | 조회공시요구(풍문또는보도)              (대표 등 주요 경영진 횡령·배임 피소설)(-25),2026-07-08: 조회공시요구(풍문또는보도)에대한답변(미확정)               | 2026-07-06: 소송등의판결ㆍ결정               | 2026-07-06: 소송등의판결ㆍ결정               | 2026-06-30: 불성실공시법인지정예고              (공시불이행 8건) | 2026-06-30: 사외이사의선임ㆍ해임또는중도퇴임에관한신고,28
DH오토웨어,025440,-65,🚨 YES,"주권매매거래정지해제              (액면병합 주권 변경상장) | 주권매매거래정지              (주식의 병합, 분할 등 전자등록 변경, 말소)",,"주권매매거래정지해제              (액면병합 주권 변경상장)(-30) | 최대주주변경을수반하는주식담보제공계약해제ㆍ취소등              (-5) | 주권매매거래정지              (주식의 병합, 분할 등 전자등록 변경, 말소)(-30)",2026-07-02: 주권매매거래정지해제              (액면병합 주권 변경상장) | 2026-07-01: 주식등의대량보유상황보고서(일반) | 2026-06-29: 최대주주변경을수반하는주식담보제공계약해제ㆍ취소등               | 2026-06-25: 기업설명회(IR)개최               | 2026-06-24: 임원ㆍ주요주주특정증권등소유상황보고서,10
이렘,009730,-65,🚨 YES,"[기재정정]주요사항보고서(감자결정) | [기재정정]주요사항보고서(유상증자결정) | 주권매매거래정지              (주식의 병합, 분할 등 전자등록 변경, 말소)",,"[기재정정]주요사항보고서(감자결정)(-20) | [기재정정]주요사항보고서(유상증자결정)(-15) | 주권매매거래정지              (주식의 병합, 분할 등 전자등록 변경, 말소)(-30)",2026-07-06: [기재정정]감자완료               | 2026-07-06: [기재정정]주요사항보고서(감자결정) | 2026-06-26: 전환사채(해외전환사채포함)발행후만기전사채취득              (제22회차) | 2026-06-26: [기재정정]주요사항보고서(유상증자결정) | 2026-06-25: 감자완료              ,7
삼부토건,001470,-60,🚨 YES,주요사항보고서(유상증자결정) | 주요사항보고서(감자결정) | 주요사항보고서(유상증자결정),[기재정정]단일판매ㆍ공급계약체결              (+5) | [기재정정]단일판매ㆍ공급계약체결              (+5) | [기재정정]단일판매ㆍ공급계약체결              (+5) | [기재정정]단일판매ㆍ공급계약체결              (+5),최대주주변경              (-5) | 최대주주등소유주식변동신고서(최대주주변경시)              (-5) | 주요사항보고서(유상증자결정)(-15) | 주요사항보고서(감자결정)(-20) | 주요사항보고서(유상증자결정)(-15),2026-07-06: 최대주주변경               | 2026-07-06: 최대주주등소유주식변동신고서(최대주주변경시)               | 2026-07-02: [기재정정]단일판매ㆍ공급계약체결               | 2026-06-30: [기재정정]단일판매ㆍ공급계약체결               | 2026-06-30: [기재정정]단일판매ㆍ공급계약체결              ,13
인크레더블버즈,064090,-60,🚨 YES,주권매매거래정지              (투자자 보호) | 주권매매거래정지해제              (상장폐지에 따른 정리매매 개시),,주권매매거래정지              (투자자 보호)(-30) | 주권매매거래정지해제              (상장폐지에 따른 정리매매 개시)(-30),2026-07-03: 기타시장안내              (정리매매 보류 관련) | 2026-07-03: 주권매매거래정지              (투자자 보호) | 2026-07-03: 기타경영사항(자율공시)              (상장폐지효력 정지 가처분 신청) | 2026-07-02: 주권매매거래정지해제              (상장폐지에 따른 정리매매 개시) | 2026-07-02: 기타시장안내              (코스닥시장위원회 개최 결과 및 상장폐지 결정 안내),6
테라사이언스,073640,-60,🚨 YES,[기재정정]주요사항보고서(유상증자결정) | 주요사항보고서(유상증자결정) | [기재정정]주요사항보고서(유상증자결정),,[기재정정]주요사항보고서(유상증자결정)(-15) | 주요사항보고서(유상증자결정)(-15) | [기재정정]주요사항보고서(유상증자결정)(-15) | [기재정정]주요사항보고서(유상증자결정)(-15),2026-07-02: [기재정정]주요사항보고서(유상증자결정) | 2026-06-29: [기재정정]주주총회소집결의               | 2026-06-29: [기재정정]주주명부폐쇄기간또는기준일설정               | 2026-06-26: 증권발행결과(자율공시)              (제3자배정) | 2026-06-18: 주요사항보고서(유상증자결정),10
오가닉티코스메틱,900300,-60,🚨 YES,[기재정정]주요사항보고서(유상증자결정) | 주요사항보고서(유상증자결정) | 주권매매거래정지해제              (주식병합(무액면주식) 주권 변경상장),,[기재정정]주요사항보고서(유상증자결정)(-15) | 주요사항보고서(유상증자결정)(-15) | 주권매매거래정지해제              (주식병합(무액면주식) 주권 변경상장)(-30),2026-07-08: 주식등의대량보유상황보고서(약식) | 2026-07-08: 주식등의대량보유상황보고서(약식) | 2026-07-08: 주식등의대량보유상황보고서(약식) | 2026-07-02: 주식등의대량보유상황보고서(일반) | 2026-07-02: 증권발행결과(자율공시)              (제3자배정 유상증자),9
현대사료,016790,-60,🚨 YES,주권매매거래정지              (투자자 보호) | 주권매매거래정지해제              (상장폐지에 따른 정리매매 개시),,주권매매거래정지              (투자자 보호)(-30) | 주권매매거래정지해제              (상장폐지에 따른 정리매매 개시)(-30),2026-07-07: 임원ㆍ주요주주특정증권등소유상황보고서 | 2026-07-02: [기재정정]타인에대한채무보증결정               | 2026-06-30: 사외이사의선임ㆍ해임또는중도퇴임에관한신고 | 2026-06-30: 대표이사변경               | 2026-06-30: 임시주주총회결과              ,13
티에스넥스젠,043220,-60,🚨 YES,주권매매거래정지              (투자자 보호) | 주권매매거래정지해제              (상장폐지에 따른 정리매매 개시),,주권매매거래정지              (투자자 보호)(-30) | 주권매매거래정지해제              (상장폐지에 따른 정리매매 개시)(-30),2026-06-22: [기재정정]전환청구권행사              (제12회차) | 2026-06-09: 주권매매거래정지              (투자자 보호) | 2026-06-09: 기타시장안내              (정리매매 보류 관련) | 2026-06-09: 기타경영사항(자율공시)              (상장폐지결정 효력정지 가처분 신청) | 2026-06-08: 주권매매거래정지해제              (상장폐지에 따른 정리매매 개시),6
셀레스트라,352770,-60,🚨 YES,주권매매거래정지              (투자자 보호) | 주권매매거래정지해제              (상장폐지에 따른 정리매매 개시),,주권매매거래정지              (투자자 보호)(-30) | 주권매매거래정지해제              (상장폐지에 따른 정리매매 개시)(-30),2026-06-11: [기재정정]회생절차개시결정               | 2026-06-09: 주권매매거래정지              (투자자 보호) | 2026-06-09: 기타시장안내              (정리매매 보류 관련) | 2026-06-09: 기타경영사항(자율공시)              (상장폐지결정등 효력정지 가처분 신청) | 2026-06-08: 주권매매거래정지해제              (상장폐지에 따른 정리매매 개시),6
유틸렉스,263050,-60,🚨 YES,주권매매거래정지              (투자자 보호) | 주권매매거래정지해제              (상장폐지에 따른 정리매매 개시),,주권매매거래정지              (투자자 보호)(-30) | 주권매매거래정지해제              (상장폐지에 따른 정리매매 개시)(-30),2026-07-03: 주권매매거래정지              (투자자 보호) | 2026-07-03: 기타시장안내              (정리매매 보류 관련) | 2026-07-03: 기타경영사항(자율공시)              (상장폐지결정 효력정지 등 가처분 신청) | 2026-07-02: 주권매매거래정지해제              (상장폐지에 따른 정리매매 개시) | 2026-07-02: 기타시장안내              (코스닥시장위원회 개최 결과 및 상장폐지 결정 안내),9
씨엑스아이,900120,-60,🚨 YES,주요사항보고서(유상증자결정) | 주권매매거래정지해제              (감자 주권 변경상장 등) | [기재정정]주요사항보고서(유상증자결정),,주요사항보고서(유상증자결정)(-15) | 주권매매거래정지해제              (감자 주권 변경상장 등)(-30) | [기재정정]주요사항보고서(유상증자결정)(-15),2026-07-02: 주주명부폐쇄기간또는기준일설정               | 2026-07-02: 주주총회소집결의              (임시주주총회) | 2026-07-01: 주요사항보고서(유상증자결정) | 2026-06-23: 주권매매거래정지해제              (감자 주권 변경상장 등) | 2026-06-17: 임원ㆍ주요주주특정증권등소유상황보고서,12
코퍼스코리아,322780,-60,🚨 YES,[기재정정]주요사항보고서(유상증자결정) | [기재정정]주요사항보고서(유상증자결정) | 주요사항보고서(전환사채권발행결정),,[기재정정]주요사항보고서(유상증자결정)(-15) | [기재정정]주요사항보고서(유상증자결정)(-15) | 주요사항보고서(전환사채권발행결정)(-15) | 주요사항보고서(유상증자결정)(-15),2026-07-07: [기재정정]경영권변경등에관한계약체결               | 2026-07-07: [기재정정]주요사항보고서(유상증자결정) | 2026-07-06: 주요사항보고서(소송등의제기) | 2026-07-03: 주식등의대량보유상황보고서(일반) | 2026-07-02: [기재정정]경영권변경등에관한계약체결              ,15
세종메디칼,258830,-60,🚨 YES,주권매매거래정지              (투자자 보호) | 주권매매거래정지해제              (상장폐지에 따른 정리매매 개시),,주권매매거래정지              (투자자 보호)(-30) | 주권매매거래정지해제              (상장폐지에 따른 정리매매 개시)(-30),2026-06-30: 대표이사변경               | 2026-06-30: 임시주주총회결과               | 2026-06-15: 주주총회소집공고 | 2026-06-15: [기재정정]주주총회소집결의              (임시주주총회) | 2026-06-12: [기재정정]불성실공시법인지정예고              (공시번복),10
제이케이시냅스,060230,-60,🚨 YES,"주권매매거래정지해제              (액면병합 주권 변경상장) | 주권매매거래정지              (주식의 병합, 분할 등 전자등록 변경, 말소)",,"주권매매거래정지해제              (액면병합 주권 변경상장)(-30) | 주권매매거래정지              (주식의 병합, 분할 등 전자등록 변경, 말소)(-30)",2026-07-08: 주식등의대량보유상황보고서(약식) | 2026-07-08: 전환사채(해외전환사채포함)발행후만기전사채취득              (제31회차) | 2026-07-03: 주권매매거래정지해제              (액면병합 주권 변경상장) | 2026-07-03: [기재정정]주식병합결정               | 2026-06-25: [기재정정]주요사항보고서(자기전환사채매도결정),8
씨씨에스,066790,-60,🚨 YES,주권매매거래정지기간변경              (개선기간 부여) | [기재정정]주요사항보고서(감자결정),,주권매매거래정지기간변경              (개선기간 부여)(-30) | [기재정정]최대주주변경을수반하는주식양수도계약체결              (-5) | [기재정정]주요사항보고서(감자결정)(-20) | [기재정정]최대주주변경을수반하는주식양수도계약체결              (-5),2026-07-08: 주권매매거래정지기간변경              (개선기간 부여) | 2026-07-08: 기타시장안내              (코스닥시장위원회 심의·의결 결과 및 개선기간 부여 안내) | 2026-07-07: 소송등의판결ㆍ결정              (임시주주총회 개최금지 가처분) | 2026-06-29: 사외이사의선임ㆍ해임또는중도퇴임에관한신고 | 2026-06-29: 대표이사변경              ,29
한울앤제주,276730,-57,🚨 YES,[기재정정]주요사항보고서(전환사채권발행결정) | [기재정정]주요사항보고서(전환사채권발행결정) | [기재정정]주요사항보고서(유상증자결정),주식분할결정              (+3),[기재정정]주요사항보고서(전환사채권발행결정)(-15) | [기재정정]주요사항보고서(전환사채권발행결정)(-15) | [기재정정]주요사항보고서(유상증자결정)(-15) | [기재정정]주요사항보고서(유상증자결정)(-15),2026-07-06: [기재정정]주요사항보고서(전환사채권발행결정) | 2026-07-02: [기재정정]주주총회소집결의              (임시주주총회) | 2026-07-01: [기재정정]주요사항보고서(전환사채권발행결정) | 2026-07-01: [기재정정]주요사항보고서(유상증자결정) | 2026-07-01: 주요사항보고서(타법인주식및출자증권양수결정),15
대진첨단소재,393970,-57,🚨 YES,[기재정정]주요사항보고서(전환사채권발행결정) | [첨부정정]주요사항보고서(전환사채권발행결정) | 주권매매거래정지기간변경              (상장폐지 사유 발생),[기재정정]주요사항보고서(회사합병결정)(+3),[기재정정]주요사항보고서(전환사채권발행결정)(-15) | [첨부정정]주요사항보고서(전환사채권발행결정)(-15) | 주권매매거래정지기간변경              (상장폐지 사유 발생)(-30),2026-07-01: 기타시장안내              (상장폐지 관련 이의신청서 접수) | 2026-07-01: [기재정정]주요사항보고서(회사합병결정) | 2026-07-01: [기재정정]주주총회소집공고 | 2026-07-01: [기재정정]주주총회소집결의              (임시주주총회) | 2026-06-19: [기재정정]주요사항보고서(전환사채권발행결정),10
다보링크,340360,-55,🚨 YES,[기재정정]주요사항보고서(유상증자결정) | [기재정정]주요사항보고서(유상증자결정),,[기재정정]최대주주변경을수반하는주식담보제공계약체결              (-5) | [기재정정]주요사항보고서(유상증자결정)(-15) | [기재정정]최대주주변경을수반하는주식담보제공계약체결              (-5) | [기재정정]주요사항보고서(유상증자결정)(-15) | [기재정정]최대주주변경을수반하는주식담보제공계약체결              (-5),2026-07-08: 주식등의대량보유상황보고서(약식) | 2026-07-06: 임원ㆍ주요주주특정증권등소유상황보고서 | 2026-07-06: 주주총회소집공고 | 2026-07-06: [기재정정]최대주주변경을수반하는주식담보제공계약체결               | 2026-07-06: 주식등의대량보유상황보고서(일반),22
차AI헬스케어,025620,-55,🚨 YES,[기재정정]주요사항보고서(전환사채권발행결정) | [기재정정]주요사항보고서(전환사채권발행결정) | [기재정정]주요사항보고서(전환사채권발행결정),단일판매ㆍ공급계약체결              (+5),[기재정정]주요사항보고서(전환사채권발행결정)(-15) | [기재정정]주요사항보고서(전환사채권발행결정)(-15) | [기재정정]주요사항보고서(전환사채권발행결정)(-15) | [기재정정]주요사항보고서(전환사채권발행결정)(-15),2026-07-08: 주식등의대량보유상황보고서(일반) | 2026-06-25: 기타안내사항(안내공시)               | 2026-06-22: 단일판매ㆍ공급계약체결               | 2026-06-19: 유상증자또는주식관련사채등의발행결과(자율공시)               | 2026-06-19: 유상증자또는주식관련사채등의발행결과(자율공시)              ,13
인바이오,352940,-50,🚨 YES,횡령ㆍ배임사실확인               | 횡령ㆍ배임사실확인              ,,횡령ㆍ배임사실확인              (-25) | 횡령ㆍ배임사실확인              (-25),2026-07-07: 임원ㆍ주요주주특정증권등소유상황보고서 | 2026-06-30: 임원ㆍ주요주주특정증권등소유상황보고서 | 2026-06-30: [기재정정]본점소재지변경               | 2026-06-30: [기재정정]임시주주총회결과               | 2026-06-30: 임원ㆍ주요주주특정증권등소유상황보고서,11
휴엠앤씨,263920,-50,🚨 YES,횡령ㆍ배임혐의진행사항               | 횡령ㆍ배임혐의진행사항              ,,횡령ㆍ배임혐의진행사항              (-25) | 횡령ㆍ배임혐의진행사항              (-25),2026-07-03: 횡령ㆍ배임혐의진행사항               | 2026-06-11: 주요사항보고서(자기주식취득신탁계약체결결정),2
오리엔트바이오,002630,-50,🚨 YES,주요사항보고서(감자결정) | 매매거래정지및정지해제(중요내용공시)              ,,주요사항보고서(감자결정)(-20) | 매매거래정지및정지해제(중요내용공시)              (-30),2026-07-08: 주식등의대량보유상황보고서(일반) | 2026-06-29: 사외이사의선임ㆍ해임또는중도퇴임에관한신고 | 2026-06-29: 정기주주총회결과               | 2026-06-24: [기재정정]임원ㆍ주요주주특정증권등거래계획보고서 | 2026-06-23: 임원ㆍ주요주주특정증권등거래계획보고서,18
국일제지,078130,-50,🚨 YES,횡령ㆍ배임혐의진행사항               | 횡령ㆍ배임혐의진행사항              ,,횡령ㆍ배임혐의진행사항              (-25) | 횡령ㆍ배임혐의진행사항              (-25),2026-07-08: 주주총회소집결의              (임시주주총회) | 2026-07-08: 주주명부폐쇄기간또는기준일설정               | 2026-06-22: 횡령ㆍ배임혐의진행사항              ,3
알에프세미,096610,-50,🚨 YES,횡령ㆍ배임혐의발생               | 횡령ㆍ배임혐의발생              ,,횡령ㆍ배임혐의발생              (-25) | 횡령ㆍ배임혐의발생              (-25),2026-06-19: 기타시장안내              (상장적격성 실질심사 사유 추가 관련 절차 미진행) | 2026-06-19: 횡령ㆍ배임혐의발생              ,2
메디콕스,054180,-50,🚨 YES,횡령ㆍ배임혐의진행사항               | 횡령ㆍ배임혐의진행사항              ,,횡령ㆍ배임혐의진행사항              (-25) | 횡령ㆍ배임혐의진행사항              (-25),2026-06-30: 횡령ㆍ배임혐의진행사항              ,1
프리티,006490,-50,🚨 YES,[기재정정]주요사항보고서(유상증자결정) | [기재정정]주요사항보고서(전환사채권발행결정) | [기재정정]주요사항보고서(유상증자결정),,최대주주등소유주식변동신고서(최대주주변경시)              (-5) | [기재정정]주요사항보고서(유상증자결정)(-15) | [기재정정]주요사항보고서(전환사채권발행결정)(-15) | [기재정정]주요사항보고서(유상증자결정)(-15),2026-06-29: 임원ㆍ주요주주특정증권등소유상황보고서 | 2026-06-25: 최대주주등소유주식변동신고서               | 2026-06-24: 최대주주등소유주식변동신고서               | 2026-06-24: 최대주주등소유주식변동신고서(최대주주변경시)               | 2026-06-23: [기재정정]주주총회소집결의              ,11
동성제약,002210,-50,🚨 YES,횡령ㆍ배임혐의발생               | 횡령ㆍ배임혐의발생              ,,횡령ㆍ배임혐의발생              (-25) | 횡령ㆍ배임혐의발생              (-25),2026-06-23: 기타시장안내              (기업심사위원회 속행 결정 안내) | 2026-06-23: 불성실공시법인지정예고               | 2026-06-23: 횡령ㆍ배임혐의발생              ,3
KS인더스트리,101000,-50,🚨 YES,주권매매거래정지              (자본감소) | 주요사항보고서(감자결정),,주권매매거래정지              (자본감소)(-30) | 주요사항보고서(감자결정)(-20),2026-06-25: 의결권대리행사권유참고서류 | 2026-06-24: 주주총회소집공고 | 2026-06-24: [기재정정]주주총회소집결의              (임시주주총회) | 2026-06-24: 주권매매거래정지              (자본감소) | 2026-06-24: 주요사항보고서(감자결정),7
원익머트리얼즈,104830,-50,🚨 YES,횡령ㆍ배임혐의진행사항               | 횡령ㆍ배임혐의진행사항              ,,횡령ㆍ배임혐의진행사항              (-25) | 횡령ㆍ배임혐의진행사항              (-25),2026-07-02: 횡령ㆍ배임혐의진행사항              ,1
셀레믹스,331920,-45,🚨 YES,주요사항보고서(유상증자결정) | [기재정정]주요사항보고서(유상증자결정) | [기재정정]주요사항보고서(유상증자결정),,주요사항보고서(유상증자결정)(-15) | [기재정정]주요사항보고서(유상증자결정)(-15) | [기재정정]주요사항보고서(유상증자결정)(-15),2026-07-07: 주식등의대량보유상황보고서(일반) | 2026-07-07: 임원ㆍ주요주주특정증권등소유상황보고서 | 2026-06-26: 주주총회소집공고 | 2026-06-26: [기재정정]주주총회소집결의              (임시주주총회) | 2026-06-24: 주요사항보고서(유상증자결정),12
푸드나무,290720,-45,🚨 YES,주요사항보고서(유상증자결정) | 주요사항보고서(유상증자결정),,주요사항보고서(유상증자결정)(-15) | 주요사항보고서(유상증자결정)(-15) | [기재정정]최대주주변경              (-5) | 최대주주변경을수반하는주식담보제공계약체결              (-5) | 최대주주변경              (-5),2026-07-07: 주요사항보고서(유상증자결정) | 2026-07-02: 주요사항보고서(유상증자결정) | 2026-06-24: 전환가액의조정              (제3회차) | 2026-06-17: [기재정정]최대주주변경               | 2026-06-16: 주식등의대량보유상황보고서(일반),10
이엔플러스,074610,-45,🚨 YES,[기재정정]주요사항보고서(전환사채권발행결정) | [기재정정]주요사항보고서(전환사채권발행결정) | [기재정정]주요사항보고서(유상증자결정),,[기재정정]주요사항보고서(전환사채권발행결정)(-15) | [기재정정]주요사항보고서(전환사채권발행결정)(-15) | [기재정정]주요사항보고서(유상증자결정)(-15),2026-07-07: 주식등의대량보유상황보고서(약식) | 2026-07-03: [기재정정]주요사항보고서(전환사채권발행결정) | 2026-07-03: 불성실공시법인지정               | 2026-06-26: [기재정정]주요사항보고서(전환사채권발행결정) | 2026-06-19: 소송등의제기ㆍ신청(경영권분쟁소송)              ,10
네오이뮨텍,950220,-45,🚨 YES,주요사항보고서(유상증자결정) | 주권매매거래정지해제              (액면병합 주권 변경상장),,주요사항보고서(유상증자결정)(-15) | 주권매매거래정지해제              (액면병합 주권 변경상장)(-30),2026-06-30: 전환가액의조정              (제1회차 CB) | 2026-06-18: 증권발행결과(자율공시)              (제3자배정 유상증자) | 2026-06-10: 주요사항보고서(유상증자결정) | 2026-06-09: 주권매매거래정지해제              (액면병합 주권 변경상장),4
수성웹툰,084180,-45,🚨 YES,기타시장안내(관리종목지정우려종목)              (시가총액 200억원 미달) | [기재정정]주요사항보고서(유상증자결정),,기타시장안내(관리종목지정우려종목)              (시가총액 200억원 미달)(-30) | [기재정정]주요사항보고서(유상증자결정)(-15),2026-07-07: 주주총회소집공고 | 2026-07-07: [기재정정]주주총회소집결의              (임시주주총회) | 2026-07-03: 기타시장안내(관리종목지정우려종목)              (시가총액 200억원 미달) | 2026-06-12: [기재정정]주요사항보고서(유상증자결정) | 2026-06-12: 주주명부폐쇄기간또는기준일설정              ,6
에이프릴바이오,397030,-45,🚨 YES,주요사항보고서(유상증자결정) | 주요사항보고서(유상증자결정) | 주요사항보고서(유상증자결정),,주요사항보고서(유상증자결정)(-15) | 주요사항보고서(유상증자결정)(-15) | 주요사항보고서(유상증자결정)(-15),2026-07-01: 주식등의대량보유상황보고서(일반) | 2026-06-25: [기재정정]경영권변경등에관한계약체결               | 2026-06-25: 조회공시요구(풍문또는보도)에대한답변(부인)               | 2026-06-25: 경영권변경등에관한계약체결               | 2026-06-25: 주요사항보고서(유상증자결정),9
딥커머스,900110,-45,🚨 YES,주요사항보고서(유상증자결정) | 주권매매거래정지해제              (주식병합(무액면주식) 주권 변경상장),,주요사항보고서(유상증자결정)(-15) | 주권매매거래정지해제              (주식병합(무액면주식) 주권 변경상장)(-30),2026-07-02: 주요사항보고서(유상증자결정) | 2026-06-26: 주주총회소집결의              (임시주주총회) | 2026-06-26: 주주명부폐쇄기간또는기준일설정               | 2026-06-26: 주식병합결정               | 2026-06-16: [기재정정]주주총회소집공고,10
케이피엠테크,042040,-45,🚨 YES,주요사항보고서(유상증자결정) | 주권매매거래정지해제              (감자 주권 변경상장),,주요사항보고서(유상증자결정)(-15) | 주권매매거래정지해제              (감자 주권 변경상장)(-30),2026-07-06: 타법인주식및출자증권취득결정               | 2026-07-03: 주요사항보고서(유상증자결정) | 2026-06-26: 임원ㆍ주요주주특정증권등소유상황보고서 | 2026-06-26: 주식등의대량보유상황보고서(일반) | 2026-06-23: 주권매매거래정지해제              (감자 주권 변경상장),6
하이퍼코퍼레이션,065650,-45,🚨 YES,[기재정정]주요사항보고서(유상증자결정) | 주권매매거래정지해제              (액면병합 주권 변경상장),,[기재정정]주요사항보고서(유상증자결정)(-15) | 주권매매거래정지해제              (액면병합 주권 변경상장)(-30),2026-07-01: [기재정정]주주총회소집결의               | 2026-06-30: 금전대여결정               | 2026-06-12: [기재정정]주요사항보고서(유상증자결정) | 2026-06-12: 본점소재지변경               | 2026-06-08: 주권매매거래정지해제              (액면병합 주권 변경상장),5
제테마,216080,-45,🚨 YES,[첨부정정]주요사항보고서(전환사채권발행결정) | 주요사항보고서(유상증자결정) | 주요사항보고서(전환사채권발행결정),,[첨부정정]주요사항보고서(전환사채권발행결정)(-15) | 주요사항보고서(유상증자결정)(-15) | 주요사항보고서(전환사채권발행결정)(-15),2026-07-07: [첨부정정]주요사항보고서(전환사채권발행결정) | 2026-07-03: 주식등의대량보유상황보고서(일반) | 2026-07-03: 임원ㆍ주요주주특정증권등소유상황보고서 | 2026-07-02: 투자판단관련주요경영사항              (제테마더톡신주 100단위(클로스트리디움 보툴리눔독소 A형)의 태국 (TFDA) 품목허가 획득) | 2026-07-02: [기재정정]임원ㆍ주요주주특정증권등소유상황보고서,15
올릭스,226950,-45,🚨 YES,[기재정정]주요사항보고서(유상증자결정) | 주요사항보고서(유상증자결정) | [기재정정]주요사항보고서(유상증자결정),,[기재정정]주요사항보고서(유상증자결정)(-15) | 주요사항보고서(유상증자결정)(-15) | [기재정정]주요사항보고서(유상증자결정)(-15),2026-07-08: 증권발행결과(자율공시)               | 2026-07-08: [기재정정]주요사항보고서(유상증자결정) | 2026-07-07: 주식등의대량보유상황보고서(약식) | 2026-06-29: 주요사항보고서(유상증자결정) | 2026-06-29: 증권발행결과(자율공시)              ,7
에이프로젠바이오로직스,003060,-45,🚨 YES,[기재정정]주요사항보고서(전환사채권발행결정) | [기재정정]주요사항보고서(전환사채권발행결정) | [기재정정]주요사항보고서(전환사채권발행결정),,[기재정정]주요사항보고서(전환사채권발행결정)(-15) | [기재정정]주요사항보고서(전환사채권발행결정)(-15) | [기재정정]주요사항보고서(전환사채권발행결정)(-15),2026-07-07: 주식등의대량보유상황보고서(일반) | 2026-07-01: 유상증자또는주식관련사채등의발행결과(자율공시)               | 2026-06-29: [기재정정]주요사항보고서(전환사채권발행결정) | 2026-06-24: 주식등의대량보유상황보고서(약식) | 2026-06-24: [기재정정]주요사항보고서(전환사채권발행결정),7
모아데이타,288980,-45,🚨 YES,[첨부정정]주요사항보고서(전환사채권발행결정) | [기재정정]주요사항보고서(전환사채권발행결정),,[기재정정]최대주주변경을수반하는주식담보제공계약체결              (-5) | [기재정정]최대주주변경을수반하는주식담보제공계약체결              (-5) | [첨부정정]주요사항보고서(전환사채권발행결정)(-15) | [기재정정]주요사항보고서(전환사채권발행결정)(-15) | [기재정정]최대주주변경을수반하는주식담보제공계약체결              (-5),2026-07-08: 주식등의대량보유상황보고서(일반) | 2026-07-07: [기재정정]최대주주변경을수반하는주식담보제공계약체결               | 2026-07-07: [기재정정]주요사항보고서(자기전환사채매도결정) | 2026-07-06: 주주총회소집공고 | 2026-07-06: [기재정정]주주총회소집결의              (임시주주총회),27
넥써쓰,205500,-45,🚨 YES,[첨부정정]주요사항보고서(전환사채권발행결정) | 주요사항보고서(유상증자결정) | 주요사항보고서(전환사채권발행결정),,[첨부정정]주요사항보고서(전환사채권발행결정)(-15) | 주요사항보고서(유상증자결정)(-15) | 주요사항보고서(전환사채권발행결정)(-15),2026-07-03: 주식등의대량보유상황보고서(약식) | 2026-07-01: 주식등의대량보유상황보고서(일반) | 2026-07-01: 임원ㆍ주요주주특정증권등소유상황보고서 | 2026-06-29: 합병등종료보고서(자산양수도) | 2026-06-29: 임원ㆍ주요주주특정증권등소유상황보고서,12
삼보산업,009620,-45,🚨 YES,기타시장안내(관리종목지정우려종목)              (시가총액 150억원 미달) | 주요사항보고서(유상증자결정),,기타시장안내(관리종목지정우려종목)              (시가총액 150억원 미달)(-30) | 주요사항보고서(유상증자결정)(-15),2026-07-06: 전환가액의조정              (제4회차) | 2026-06-23: 주식등의대량보유상황보고서(일반) | 2026-06-16: 기타시장안내(관리종목지정우려종목)              (시가총액 150억원 미달) | 2026-06-15: 주주명부폐쇄기간또는기준일설정               | 2026-06-15: 주주총회소집결의              ,7
아이오케이이엔엠,078860,-45,🚨 YES,주요사항보고서(유상증자결정) | [기재정정]주요사항보고서(유상증자결정) | [기재정정]주요사항보고서(유상증자결정),,주요사항보고서(유상증자결정)(-15) | [기재정정]주요사항보고서(유상증자결정)(-15) | [기재정정]주요사항보고서(유상증자결정)(-15),2026-06-25: 주요사항보고서(유상증자결정) | 2026-06-18: [기재정정]주주명부폐쇄기간또는기준일설정               | 2026-06-18: [기재정정]주주총회소집결의               | 2026-06-18: [기재정정]소액공모실적보고서 | 2026-06-18: [기재정정]소액공모공시서류(지분증권),11
한창,005110,-45,🚨 YES,[기재정정]주요사항보고서(전환사채권발행결정) | [기재정정]주요사항보고서(전환사채권발행결정) | [기재정정]주요사항보고서(유상증자결정),,[기재정정]주요사항보고서(전환사채권발행결정)(-15) | [기재정정]주요사항보고서(전환사채권발행결정)(-15) | [기재정정]주요사항보고서(유상증자결정)(-15),2026-07-03: 벌금등의부과               | 2026-06-30: 소송등의판결ㆍ결정(일정금액이상의청구)               | 2026-06-30: [기재정정]주요사항보고서(전환사채권발행결정) | 2026-06-30: [기재정정]주요사항보고서(전환사채권발행결정) | 2026-06-30: [기재정정]주요사항보고서(유상증자결정),8
에이팩트,200470,-45,🚨 YES,[기재정정]주요사항보고서(전환사채권발행결정),,[기재정정]주요사항보고서(전환사채권발행결정)(-15) | 최대주주변경을수반하는주식담보제공계약체결              (-5) | 최대주주변경              (-5) | [기재정정]최대주주변경을수반하는주식양수도계약체결              (-5) | [기재정정]최대주주변경을수반하는주식양수도계약체결              (-5),2026-06-29: 주식등의대량보유상황보고서(일반) | 2026-06-29: 주식등의대량보유상황보고서(일반) | 2026-06-26: 임원ㆍ주요주주특정증권등소유상황보고서 | 2026-06-26: 임원ㆍ주요주주특정증권등소유상황보고서 | 2026-06-26: [기재정정]주요사항보고서(전환사채권발행결정),13
퓨쳐메디신,341170,-45,🚨 YES,기타주요경영사항              (유상증자결정(제3자배정) 철회) | [기재정정]주요사항보고서(유상증자결정) | [기재정정]주요사항보고서(유상증자결정),,기타주요경영사항              (유상증자결정(제3자배정) 철회)(-15) | [기재정정]주요사항보고서(유상증자결정)(-15) | [기재정정]주요사항보고서(유상증자결정)(-15),2026-07-03: 기타주요경영사항              (유상증자결정(제3자배정) 철회) | 2026-07-03: [기재정정]주요사항보고서(유상증자결정) | 2026-07-03: [기재정정]주요사항보고서(유상증자결정) | 2026-06-23: 기업설명회(IR)개최결과              ,4
비트맥스,377030,-45,🚨 YES,[기재정정]주요사항보고서(유상증자결정) | 주요사항보고서(유상증자결정) | [기재정정]주요사항보고서(유상증자결정),,[기재정정]주요사항보고서(유상증자결정)(-15) | 주요사항보고서(유상증자결정)(-15) | [기재정정]주요사항보고서(유상증자결정)(-15),2026-07-07: 주식등의대량보유상황보고서(약식) | 2026-07-07: 주식등의대량보유상황보고서(약식) | 2026-07-07: [기재정정]주요사항보고서(유상증자결정) | 2026-07-07: 주요사항보고서(자기전환사채만기전취득결정) | 2026-06-29: 증권발행결과(자율공시)              (제3자배정 유상증자),9
비비안,002070,-45,🚨 YES,[기재정정]주요사항보고서(유상증자결정) | 주요사항보고서(유상증자결정) | 주요사항보고서(유상증자결정),,[기재정정]주요사항보고서(유상증자결정)(-15) | 주요사항보고서(유상증자결정)(-15) | 주요사항보고서(유상증자결정)(-15),2026-06-29: [기재정정]주요사항보고서(유상증자결정) | 2026-06-22: 주요사항보고서(유상증자결정) | 2026-06-19: 주요사항보고서(유상증자결정) | 2026-06-18: [기재정정]주주총회소집결의               | 2026-06-17: 전환가액ㆍ신주인수권행사가액ㆍ교환가액의조정(안내공시)              ,5
텔콘RF제약,200230,-45,🚨 YES,주요사항보고서(유상증자결정) | 주권매매거래정지해제              (감자 주권 변경상장),,주요사항보고서(유상증자결정)(-15) | 주권매매거래정지해제              (감자 주권 변경상장)(-30),2026-07-06: 주요사항보고서(유상증자결정) | 2026-07-03: 타법인주식및출자증권취득결정               | 2026-06-30: 임원ㆍ주요주주특정증권등소유상황보고서 | 2026-06-30: 주식등의대량보유상황보고서(일반) | 2026-06-25: 주권매매거래정지해제              (감자 주권 변경상장),7
캔버스엔,210120,-45,🚨 YES,[기재정정]주요사항보고서(유상증자결정) | [기재정정]주요사항보고서(전환사채권발행결정) | [기재정정]주요사항보고서(전환사채권발행결정),,[기재정정]주요사항보고서(유상증자결정)(-15) | [기재정정]주요사항보고서(전환사채권발행결정)(-15) | [기재정정]주요사항보고서(전환사채권발행결정)(-15),2026-07-07: [기재정정]주식병합결정               | 2026-07-03: [기재정정]주주총회소집결의              (임시주주총회) | 2026-06-30: [기재정정]주요사항보고서(유상증자결정) | 2026-06-29: [기재정정]주식병합결정               | 2026-06-19: [기재정정]주요사항보고서(전환사채권발행결정),6
광명전기,017040,-40,🚨 YES,[기재정정]주요사항보고서(감자결정) | [기재정정]주요사항보고서(감자결정),,[기재정정]주요사항보고서(감자결정)(-20) | [기재정정]주요사항보고서(감자결정)(-20),2026-07-07: [기재정정]주요사항보고서(회생절차개시신청) | 2026-07-01: [기재정정]주요사항보고서(감자결정) | 2026-07-01: [기재정정]주주총회소집공고 | 2026-07-01: [기재정정]주주총회소집결의               | 2026-06-29: 임원ㆍ주요주주특정증권등소유상황보고서,8
부스타,008470,-40,🚨 YES,주권매매거래정지              (무상증자),,주권매매거래정지              (무상증자)(-30) | 주요사항보고서(자기주식처분결정)(-10),2026-07-07: 주주명부폐쇄기간또는기준일설정               | 2026-07-07: 주권매매거래정지              (무상증자) | 2026-07-07: 주요사항보고서(무상증자결정) | 2026-06-24: 자기주식처분결과보고서 | 2026-06-24: 임원ㆍ주요주주특정증권등소유상황보고서,12
예선테크,250930,-40,🚨 YES,"주권매매거래정지              (주식의 병합, 분할 등 전자등록 변경, 말소)",,"주권매매거래정지              (주식의 병합, 분할 등 전자등록 변경, 말소)(-30) | 주요사항보고서(자기주식처분결정)(-10)","2026-06-25: 자기주식처분결과보고서 | 2026-06-25: 주권매매거래정지              (주식의 병합, 분할 등 전자등록 변경, 말소) | 2026-06-23: 주요사항보고서(자기주식처분결정) | 2026-06-17: 임시주주총회결과              ",4
케스피온,079190,-40,🚨 YES,"주권매매거래정지              (주식의 병합, 분할 등 전자등록 변경, 말소)",,"주요사항보고서(자기주식처분결정)(-10) | 주권매매거래정지              (주식의 병합, 분할 등 전자등록 변경, 말소)(-30)",2026-07-08: 주식등의대량보유상황보고서(일반) | 2026-07-08: 임원ㆍ주요주주특정증권등소유상황보고서 | 2026-07-08: 감자완료               | 2026-07-02: 주요사항보고서(자기주식처분결정) | 2026-07-02: [기재정정]주식매수선택권부여에관한신고,9
제이스코홀딩스,023440,-40,🚨 YES,주요사항보고서(전환사채권발행결정) | [기재정정]주요사항보고서(전환사채권발행결정),,[기재정정]최대주주변경을수반하는주식담보제공계약체결              (-5) | 주요사항보고서(전환사채권발행결정)(-15) | [기재정정]주요사항보고서(전환사채권발행결정)(-15) | [기재정정]최대주주변경을수반하는주식담보제공계약체결              (-5),2026-07-07: 주식등의대량보유상황보고서(일반) | 2026-07-07: [기재정정]최대주주변경을수반하는주식담보제공계약체결               | 2026-07-06: 주요사항보고서(전환사채권발행결정) | 2026-06-30: [기재정정]주주총회소집결의              (임시주주총회) | 2026-06-22: [기재정정]주요사항보고서(전환사채권발행결정),8
인콘,083640,-35,🚨 YES,주요사항보고서(유상증자결정) | [기재정정]주요사항보고서(전환사채권발행결정),,최대주주변경              (-5) | 주요사항보고서(유상증자결정)(-15) | [기재정정]주요사항보고서(전환사채권발행결정)(-15),2026-07-03: 임원ㆍ주요주주특정증권등소유상황보고서 | 2026-07-03: 임원ㆍ주요주주특정증권등소유상황보고서 | 2026-07-03: 주식등의대량보유상황보고서(일반) | 2026-07-02: 최대주주변경               | 2026-07-02: 증권발행결과(자율공시)              ,9
모아라이프플러스,142760,-35,🚨 YES,[기재정정]주요사항보고서(전환사채권발행결정) | [첨부정정]주요사항보고서(전환사채권발행결정),,[기재정정]최대주주변경을수반하는주식담보제공계약체결              (-5) | [기재정정]주요사항보고서(전환사채권발행결정)(-15) | [첨부정정]주요사항보고서(전환사채권발행결정)(-15),2026-07-07: [기재정정]최대주주변경을수반하는주식담보제공계약체결               | 2026-07-07: [기재정정]주주총회소집공고 | 2026-07-07: [기재정정]주식병합결정               | 2026-07-07: [기재정정]주주총회소집결의              (임시주주총회) | 2026-07-01: 전환사채(해외전환사채포함)발행후만기전사채취득              ,13
에이전트AI,060900,-35,🚨 YES,[기재정정]주요사항보고서(전환사채권발행결정) | 주요사항보고서(전환사채권발행결정) | [기재정정]주요사항보고서(유상증자결정),[기재정정]단일판매ㆍ공급계약체결              (+5) | 단일판매ㆍ공급계약체결              (+5),[기재정정]주요사항보고서(전환사채권발행결정)(-15) | 주요사항보고서(전환사채권발행결정)(-15) | [기재정정]주요사항보고서(유상증자결정)(-15),2026-07-06: 주식등의대량보유상황보고서(약식) | 2026-07-03: 주주명부폐쇄기간또는기준일설정               | 2026-07-03: 주주총회소집결의              (임시주주총회) | 2026-06-30: [기재정정]단일판매ㆍ공급계약체결               | 2026-06-29: 단일판매ㆍ공급계약체결              ,13
아리바이오LAB,261780,-35,🚨 YES,[첨부정정]주요사항보고서(전환사채권발행결정) | [기재정정]주요사항보고서(유상증자결정),,[첨부정정]주요사항보고서(전환사채권발행결정)(-15) | [기재정정]주요사항보고서(유상증자결정)(-15) | 최대주주변경을수반하는주식담보제공계약체결              (-5),2026-06-30: [기재정정]주식매수선택권부여에관한신고 | 2026-06-30: [기재정정]주식매수선택권부여에관한신고 | 2026-06-30: 전환가액의조정               | 2026-06-30: 증권발행결과(자율공시)               | 2026-06-22: 주주명부폐쇄기간또는기준일설정              ,10
한울반도체,320000,-35,🚨 YES,[기재정정]주요사항보고서(유상증자결정) | [기재정정]주요사항보고서(유상증자결정),,[기재정정]주요사항보고서(유상증자결정)(-15) | [기재정정]주요사항보고서(유상증자결정)(-15) | [기재정정]최대주주변경을수반하는주식담보제공계약체결              (-5),2026-07-03: 기업설명회(IR)개최               | 2026-07-01: [기재정정]주주총회소집결의              (임시주주총회) | 2026-06-29: [기재정정]주요사항보고서(유상증자결정) | 2026-06-26: 정정신고서제출요구( 2026.06.15. 제출 증권신고서(지분증권) ) | 2026-06-24: 주식등의대량보유상황보고서(일반),14
케이엠제약,225430,-30,🚨 YES,기타시장안내(관리종목지정우려종목)              (시가총액 200억원 미달),,기타시장안내(관리종목지정우려종목)              (시가총액 200억원 미달)(-30),2026-07-08: 주식등의대량보유상황보고서(일반) | 2026-07-08: 임원ㆍ주요주주특정증권등소유상황보고서 | 2026-07-01: 기타시장안내(관리종목지정우려종목)              (시가총액 200억원 미달) | 2026-07-01: 주식등의대량보유상황보고서(일반) | 2026-07-01: 임원ㆍ주요주주특정증권등소유상황보고서,12
아크솔루션스,203690,-30,🚨 YES,주권매매거래정지해제              (상장폐지에 따른 정리매매 개시),,주권매매거래정지해제              (상장폐지에 따른 정리매매 개시)(-30),2026-07-08: 주식등의대량보유상황보고서(약식) | 2026-06-25: 주권매매거래정지해제              (상장폐지에 따른 정리매매 개시) | 2026-06-25: 기타시장안내              (상장폐지결정 효력정지 가처분 신청 기각에 따른 정리매매절차 재개) | 2026-06-24: 타법인주식및출자증권취득결정               | 2026-06-24: [기재정정]주주총회소집결의              (임시주주총회),5
엔피엑스,222160,-30,🚨 YES,주권매매거래정지해제              (상장폐지에 따른 정리매매 개시),,주권매매거래정지해제              (상장폐지에 따른 정리매매 개시)(-30),2026-07-08: 주식등의대량보유상황보고서(일반) | 2026-07-08: 임원ㆍ주요주주특정증권등소유상황보고서 | 2026-06-24: 주권매매거래정지해제              (상장폐지에 따른 정리매매 개시) | 2026-06-24: 기타시장안내              (상장폐지결정 등 효력정지 가처분 신청 기각에 따른 정리매매절차 재개) | 2026-06-15: [기재정정]주주총회소집결의              (임시주주총회),6
컬러레이,900310,-30,🚨 YES,주권매매거래정지해제              (주식병합(무액면주식) 주권 변경상장),,주권매매거래정지해제              (주식병합(무액면주식) 주권 변경상장)(-30),2026-07-02: 주식등의대량보유상황보고서(일반) | 2026-07-02: 임원ㆍ주요주주특정증권등소유상황보고서 | 2026-06-09: 주권매매거래정지해제              (주식병합(무액면주식) 주권 변경상장),3
제이에스코퍼레이션,194370,-30,🚨 YES,주요사항보고서(전환사채권발행결정) | 주요사항보고서(전환사채권발행결정),,주요사항보고서(전환사채권발행결정)(-15) | 주요사항보고서(전환사채권발행결정)(-15),2026-07-06: 유상증자또는주식관련사채등의발행결과(자율공시)               | 2026-07-06: 유상증자또는주식관련사채등의발행결과(자율공시)               | 2026-06-26: 현금ㆍ현물배당결정               | 2026-06-26: 주요사항보고서(자본으로인정되는채무증권발행결정) | 2026-06-26: 주요사항보고서(전환사채권발행결정),8
디모아,016670,-30,🚨 YES,기타주요경영사항              (유상증자결정(주주배정후 실권주 일반공모)철회) | [기재정정]주요사항보고서(유상증자결정),,기타주요경영사항              (유상증자결정(주주배정후 실권주 일반공모)철회)(-15) | [기재정정]주요사항보고서(유상증자결정)(-15),2026-06-25: 철회신고서 | 2026-06-25: 기타주요경영사항              (유상증자결정(주주배정후 실권주 일반공모)철회) | 2026-06-25: [기재정정]주요사항보고서(유상증자결정) | 2026-06-22: [기재정정]주주명부폐쇄기간또는기준일설정               | 2026-06-22: [기재정정]주주총회소집결의              ,5
크리스탈신소재,900250,-30,🚨 YES,주권매매거래정지해제              (액면병합 주권 변경상장),,주권매매거래정지해제              (액면병합 주권 변경상장)(-30),2026-06-30: [기재정정]외국지주회사의자회사편입ㆍ탈퇴               | 2026-06-30: [기재정정]타법인주식및출자증권취득결정(자율공시)(자회사의 주요경영사항)               | 2026-06-22: 주권매매거래정지해제              (액면병합 주권 변경상장) | 2026-06-09: 임원ㆍ주요주주특정증권등소유상황보고서,4
에코마케팅,230360,-30,🚨 YES,"주권매매거래정지              (주식의 병합, 분할 등 전자등록 변경, 말소)",,"주권매매거래정지              (주식의 병합, 분할 등 전자등록 변경, 말소)(-30)","2026-06-15: 임원ㆍ주요주주특정증권등소유상황보고서 | 2026-06-15: 주식등의대량보유상황보고서(일반) | 2026-06-15: 합병등종료보고서(주식의포괄적교환ㆍ이전) | 2026-06-08: 주권매매거래정지              (주식의 병합, 분할 등 전자등록 변경, 말소)",4
아미코젠,092040,-30,🚨 YES,[기재정정]주요사항보고서(유상증자결정) | 주요사항보고서(유상증자결정),,[기재정정]주요사항보고서(유상증자결정)(-15) | 주요사항보고서(유상증자결정)(-15),2026-06-30: [기재정정]신규시설투자등               | 2026-06-29: 경영권변경등에관한계약체결               | 2026-06-25: 주주명부폐쇄기간또는기준일설정               | 2026-06-25: 주주총회소집결의              (임시주주총회) | 2026-06-23: [기재정정]주요사항보고서(유상증자결정),6
디젠스,113810,-30,🚨 YES,"주권매매거래정지              (주식의 병합, 분할 등 전자등록 변경, 말소)",,"주권매매거래정지              (주식의 병합, 분할 등 전자등록 변경, 말소)(-30)","2026-07-08: 임원ㆍ주요주주특정증권등소유상황보고서 | 2026-07-08: 임원ㆍ주요주주특정증권등소유상황보고서 | 2026-07-08: 임원ㆍ주요주주특정증권등소유상황보고서 | 2026-07-03: 임원ㆍ주요주주특정증권등소유상황보고서 | 2026-06-30: 주권매매거래정지              (주식의 병합, 분할 등 전자등록 변경, 말소)",7
씨엔알리서치,359090,-30,🚨 YES,주권매매거래정지해제              (액면병합 주권 변경상장),,주권매매거래정지해제              (액면병합 주권 변경상장)(-30),2026-06-29: 주권매매거래정지해제              (액면병합 주권 변경상장) | 2026-06-17: 주식등의대량보유상황보고서(일반) | 2026-06-17: 임원ㆍ주요주주특정증권등소유상황보고서 | 2026-06-17: 임원ㆍ주요주주특정증권등소유상황보고서 | 2026-06-17: 임원ㆍ주요주주특정증권등소유상황보고서,9
이엠티,232530,-30,🚨 YES,주권매매거래정지              (사업보고서 미제출),,주권매매거래정지              (사업보고서 미제출)(-30),2026-07-03: [첨부추가]기업설명회(IR)개최결과               | 2026-06-30: 주권매매거래정지              (사업보고서 미제출) | 2026-06-30: 기타시장안내               | 2026-06-30: 정기주주총회결과               | 2026-06-22: 기타주요경영사항(자율공시)              (감사보고서 제출 지연),12
엠앤씨솔루션,484870,-30,🚨 YES,매매거래정지및정지해제(중요내용공시)              ,,매매거래정지및정지해제(중요내용공시)              (-30),2026-07-01: 주식등의대량보유상황보고서(약식) | 2026-06-29: 지속가능경영보고서등관련사항(자율공시)               | 2026-06-22: [첨부정정]의결권대리행사권유참고서류 | 2026-06-22: [기재정정]의결권대리행사권유참고서류 | 2026-06-22: [기재정정]주주총회소집공고,12
메이슨캐피탈,021880,-30,🚨 YES,주권매매거래정지해제              (감자 및 액면병합 주권 변경상장),,주권매매거래정지해제              (감자 및 액면병합 주권 변경상장)(-30),2026-07-06: 주권매매거래정지해제              (감자 및 액면병합 주권 변경상장) | 2026-06-26: 사외이사의선임ㆍ해임또는중도퇴임에관한신고 | 2026-06-26: 결산기변경안내               | 2026-06-26: 정기주주총회결과               | 2026-06-17: 사업보고서 (2026.03),12
SK하이닉스,000660,-30,🚨 YES,[기재정정]주요사항보고서(유상증자결정) | 주요사항보고서(유상증자결정),,[기재정정]주요사항보고서(유상증자결정)(-15) | 주요사항보고서(유상증자결정)(-15),2026-07-06: [기재정정]증권신고서(지분증권) | 2026-07-06: [기재정정]주요사항보고서(유상증자결정) | 2026-07-06: [기재정정]증권예탁증권(DR)발행결정               | 2026-07-01: 임원ㆍ주요주주특정증권등소유상황보고서 | 2026-07-01: 임원ㆍ주요주주특정증권등소유상황보고서,25
대동고려삼,178600,-30,🚨 YES,[기재정정]주요사항보고서(유상증자결정) | 주요사항보고서(유상증자결정),,[기재정정]주요사항보고서(유상증자결정)(-15) | 주요사항보고서(유상증자결정)(-15),2026-07-08: [기재정정]주요사항보고서(유상증자결정) | 2026-07-03: 배당락               | 2026-07-02: 주요사항보고서(유상증자결정) | 2026-06-22: 현금ㆍ현물배당을위한주주명부폐쇄(기준일)결정               | 2026-06-22: 주주명부폐쇄기간또는기준일설정              ,6
에스아이리소스,065420,-30,🚨 YES,주권매매거래정지              (조회공시 신고시한 위반),,주권매매거래정지              (조회공시 신고시한 위반)(-30),2026-07-08: [기재정정]불성실공시법인지정예고              (공시불이행) | 2026-06-15: 불성실공시법인지정예고              (공시불이행) | 2026-06-12: 주권매매거래정지              (조회공시 신고시한 위반) | 2026-06-12: 조회공시요구(풍문또는보도)              (주주총회효력정지 가처분 및 직무집행정지 가처분 결정설) | 2026-06-10: 소송등의제기ㆍ신청(일정금액이상의청구)              ,5
웨이버스,336060,-30,🚨 YES,"주권매매거래정지              (주식의 병합, 분할 등 전자등록 변경, 말소)",,"주권매매거래정지              (주식의 병합, 분할 등 전자등록 변경, 말소)(-30)","2026-07-08: 주권매매거래정지              (주식의 병합, 분할 등 전자등록 변경, 말소) | 2026-07-07: 주식등의대량보유상황보고서(일반) | 2026-06-29: 임시주주총회결과               | 2026-06-29: 주식등의대량보유상황보고서(일반) | 2026-06-12: 주주총회소집공고",6
펨토바이오메드,327610,-30,🚨 YES,주권매매거래정지기간변경              (지정자문인 계약해지),,주권매매거래정지기간변경              (지정자문인 계약해지)(-30),2026-06-26: 주권매매거래정지기간변경              (지정자문인 계약해지) | 2026-06-26: 기타시장안내              (지정자문인 계약해지) | 2026-06-26: 지정자문인선임계약의해지              ,3
인산가,277410,-30,🚨 YES,"주권매매거래정지              (주식의 병합, 분할 등 전자등록 변경, 말소)",,"주권매매거래정지              (주식의 병합, 분할 등 전자등록 변경, 말소)(-30)",2026-07-07: 임원ㆍ주요주주특정증권등소유상황보고서 | 2026-07-07: 임원ㆍ주요주주특정증권등소유상황보고서 | 2026-07-07: 임원ㆍ주요주주특정증권등소유상황보고서 | 2026-07-07: [기재정정]사업보고서 (2025.12) | 2026-06-30: [기재정정]신규시설투자등              ,6
넥스틸,092790,-30,🚨 YES,[기재정정]주요사항보고서(전환사채권발행결정) | 주요사항보고서(전환사채권발행결정),,[기재정정]주요사항보고서(전환사채권발행결정)(-15) | 주요사항보고서(전환사채권발행결정)(-15),2026-07-02: 주식등의대량보유상황보고서(약식) | 2026-06-30: 유상증자또는주식관련사채등의발행결과(자율공시)               | 2026-06-29: [기재정정]주요사항보고서(전환사채권발행결정) | 2026-06-22: 주요사항보고서(전환사채권발행결정),4
이오플로우,294090,-30,🚨 YES,주권매매거래정지기간변경              (상장적격성 실질심사 대상 결정),,주권매매거래정지기간변경              (상장적격성 실질심사 대상 결정)(-30),2026-06-30: 주권매매거래정지기간변경              (상장적격성 실질심사 대상 결정) | 2026-06-30: 기타시장안내              (상장적격성 실질심사 대상 결정) | 2026-06-23: 소송등의판결ㆍ결정              (영업비밀보호법(“DTSA”)에 따른 영업비밀 침해 및 특허 침해 소송) | 2026-06-10: 증권발행결과(자율공시)              (제5회차 CB) | 2026-06-09: 기타시장안내              (실질심사 대상여부 결정을 위한 조사기간 연장 안내),5
TS인베스트먼트,246690,-30,🚨 YES,주권매매거래정지해제              (액면병합 주권 변경상장),,주권매매거래정지해제              (액면병합 주권 변경상장)(-30),2026-07-07: 임원ㆍ주요주주특정증권등소유상황보고서 | 2026-07-07: 임원ㆍ주요주주특정증권등소유상황보고서 | 2026-07-07: 임원ㆍ주요주주특정증권등소유상황보고서 | 2026-06-29: 주권매매거래정지해제              (액면병합 주권 변경상장) | 2026-06-09: 전환가액의조정              ,5
한탑,002680,-30,🚨 YES,"주권매매거래정지              (주식의 병합, 분할 등 전자등록 변경, 말소)",,"주권매매거래정지              (주식의 병합, 분할 등 전자등록 변경, 말소)(-30)","2026-07-07: 주식등의대량보유상황보고서(일반) | 2026-07-07: 임원ㆍ주요주주특정증권등소유상황보고서 | 2026-07-07: 임원ㆍ주요주주특정증권등소유상황보고서 | 2026-07-07: 임원ㆍ주요주주특정증권등소유상황보고서 | 2026-06-16: 주권매매거래정지              (주식의 병합, 분할 등 전자등록 변경, 말소)",5
글로벌에스엠,900070,-30,🚨 YES,주권매매거래정지해제              (액면병합 주권 변경상장),,주권매매거래정지해제              (액면병합 주권 변경상장)(-30),2026-07-01: 임원ㆍ주요주주특정증권등소유상황보고서 | 2026-07-01: 임원ㆍ주요주주특정증권등소유상황보고서 | 2026-07-01: 임원ㆍ주요주주특정증권등소유상황보고서 | 2026-07-01: 임원ㆍ주요주주특정증권등소유상황보고서 | 2026-06-17: 주식등의대량보유상황보고서(일반),6
큐리오시스,494120,-30,🚨 YES,주권매매거래정지              (무상증자),,주권매매거래정지              (무상증자)(-30),2026-07-07: 주식등의대량보유상황보고서(약식) | 2026-06-29: 주주명부폐쇄기간또는기준일설정               | 2026-06-29: 주요사항보고서(무상증자결정) | 2026-06-29: 주권매매거래정지              (무상증자) | 2026-06-09: 임원ㆍ주요주주특정증권등소유상황보고서,5
듀오백,073190,-30,🚨 YES,기타시장안내              (관리종목지정우려종목)(시가총액 150억원 미달),,기타시장안내              (관리종목지정우려종목)(시가총액 150억원 미달)(-30),2026-06-18: 주식등의대량보유상황보고서(약식) | 2026-06-16: 조회공시요구(현저한시황변동)에대한답변(중요정보없음)               | 2026-06-15: 조회공시요구(현저한시황변동)               | 2026-06-10: 기타시장안내              (관리종목지정우려종목)(시가총액 150억원 미달),4
애드바이오텍,179530,-30,🚨 YES,주요사항보고서(전환사채권발행결정) | [기재정정]주요사항보고서(전환사채권발행결정),,주요사항보고서(전환사채권발행결정)(-15) | [기재정정]주요사항보고서(전환사채권발행결정)(-15),2026-07-03: 합병등종료보고서(자산양수도) | 2026-07-03: 주요사항보고서(타법인주식및출자증권양수결정) | 2026-07-03: [기재정정]주요사항보고서(자기전환사채매도결정) | 2026-06-26: 주요사항보고서(전환사채권발행결정) | 2026-06-26: [기재정정]주요사항보고서(전환사채권발행결정),12
버킷스튜디오,066410,-30,🚨 YES,주권매매거래정지기간변경              (상장폐지 사유 발생),,주권매매거래정지기간변경              (상장폐지 사유 발생)(-30),2026-07-08: 주권매매거래정지기간변경              (상장폐지 사유 발생) | 2026-07-08: 기타시장안내              (코스닥시장위원회 개최 결과 등 안내) | 2026-06-30: 사외이사의선임ㆍ해임또는중도퇴임에관한신고 | 2026-06-30: 임시주주총회결과               | 2026-06-15: 기타시장안내              (상장적격성 실질심사 사유추가 안내),12
파라택시스코리아,288330,-30,🚨 YES,주권매매거래정지기간변경              (상장폐지 사유 발생),,주권매매거래정지기간변경              (상장폐지 사유 발생)(-30),2026-07-01: 주권매매거래정지기간변경              (상장폐지 사유 발생) | 2026-07-01: 기타시장안내              (기업심사위원회 개최 결과 안내) | 2026-06-22: 투자판단관련주요경영사항              (특발성 폐섬유증 등 섬유증 치료제 후보물질의 기술도입 옵션 계약 해지특발성 폐섬유증 등 섬유증 치료제 후보물질의 기술도입 옵션 계약 해지) | 2026-06-08: 기타시장안내              (개선계획서 제출),4
리가켐바이오,141080,-30,🚨 YES,주요사항보고서(유상증자결정) | 주요사항보고서(전환사채권발행결정),,주요사항보고서(유상증자결정)(-15) | 주요사항보고서(전환사채권발행결정)(-15),2026-06-30: 기업설명회(IR)개최               | 2026-06-26: 주요사항보고서(유상증자결정) | 2026-06-26: 주요사항보고서(전환사채권발행결정),3
아난티,025980,-30,🚨 YES,[첨부정정]주요사항보고서(전환사채권발행결정) | 주요사항보고서(전환사채권발행결정),,[첨부정정]주요사항보고서(전환사채권발행결정)(-15) | 주요사항보고서(전환사채권발행결정)(-15),2026-07-08: [첨부정정]주요사항보고서(전환사채권발행결정) | 2026-07-06: 주요사항보고서(전환사채권발행결정),2
한화솔루션,009830,-30,🚨 YES,유상증자결정(종속회사의주요경영사항)               | [기재정정]주요사항보고서(유상증자결정),,유상증자결정(종속회사의주요경영사항)              (-15) | [기재정정]주요사항보고서(유상증자결정)(-15),2026-07-08: 기업설명회(IR)개최(안내공시)               | 2026-07-03: 임원ㆍ주요주주특정증권등소유상황보고서 | 2026-07-03: 임원ㆍ주요주주특정증권등소유상황보고서 | 2026-07-03: 임원ㆍ주요주주특정증권등소유상황보고서 | 2026-07-03: 임원ㆍ주요주주특정증권등소유상황보고서,84
사토시홀딩스,223310,-30,🚨 YES,[기재정정]주요사항보고서(전환사채권발행결정) | 주요사항보고서(전환사채권발행결정),,[기재정정]주요사항보고서(전환사채권발행결정)(-15) | 주요사항보고서(전환사채권발행결정)(-15),2026-07-07: 주식등의대량보유상황보고서(약식) | 2026-06-30: 증권발행결과(자율공시)              (제13회차 CB) | 2026-06-25: 주요사항보고서(자기전환사채만기전취득결정) | 2026-06-24: [기재정정]타인에대한채무보증결정               | 2026-06-22: [기재정정]주요사항보고서(전환사채권발행결정),7
웰킵스하이텍,043590,-30,🚨 YES,기타시장안내(관리종목지정우려종목)              (시가총액 200억원 미달),,기타시장안내(관리종목지정우려종목)              (시가총액 200억원 미달)(-30),2026-07-06: 기타시장안내(관리종목지정우려종목)              (시가총액 200억원 미달) | 2026-06-26: [기재정정]사업보고서 (2025.12) | 2026-06-09: 임원ㆍ주요주주특정증권등소유상황보고서 | 2026-06-09: [기재정정]임원ㆍ주요주주특정증권등거래계획보고서 | 2026-06-09: [기재정정]임원ㆍ주요주주특정증권등소유상황보고서,5
다이나믹솔루션,290660,-30,🚨 YES,주권매매거래정지해제              (액면병합 주권 변경상장),,주권매매거래정지해제              (액면병합 주권 변경상장)(-30),2026-07-01: 임원ㆍ주요주주특정증권등소유상황보고서 | 2026-06-29: [기재정정]주식매수선택권부여에관한신고 | 2026-06-24: 주권매매거래정지해제              (액면병합 주권 변경상장) | 2026-06-18: [기재정정]주식병합결정               | 2026-06-16: 주식등의대량보유상황보고서(약식),14
알지노믹스,476830,-30,🚨 YES,주권매매거래정지              (무상증자),,주권매매거래정지              (무상증자)(-30),2026-07-01: 주식등의대량보유상황보고서(약식) | 2026-06-30: 기업설명회(IR)개최               | 2026-06-26: 권리락              (무상증자) | 2026-06-19: 임원ㆍ주요주주특정증권등소유상황보고서 | 2026-06-15: 주주명부폐쇄기간또는기준일설정              ,8
가온전선,000500,-30,🚨 YES,매매거래정지및정지해제(중요내용공시)              ,,매매거래정지및정지해제(중요내용공시)              (-30),2026-07-08: 계열금융회사를거래상대방으로한단기금융상품거래의분기별공시 | 2026-06-16: 동일인등출자계열회사와의상품ㆍ용역거래변경 | 2026-06-16: 동일인등출자계열회사와의상품ㆍ용역거래변경 | 2026-06-16: 동일인등출자계열회사와의상품ㆍ용역거래 | 2026-06-16: 타인에대한채무보증결정              ,7
에이에프더블류,312610,-30,🚨 YES,기타시장안내(관리종목지정우려종목)              (시가총액 200억원 미달),,기타시장안내(관리종목지정우려종목)              (시가총액 200억원 미달)(-30),2026-07-08: 기타시장안내(관리종목지정우려종목)              (시가총액 200억원 미달) | 2026-07-02: 조회공시요구(현저한시황변동)에대한답변(중요정보없음)               | 2026-07-01: 조회공시요구(현저한시황변동)              ,3
아나패스,123860,-30,🚨 YES,주요사항보고서(전환사채권발행결정),,[기재정정]최대주주변경을수반하는주식담보제공계약체결              (-5) | [기재정정]최대주주변경을수반하는주식담보제공계약체결              (-5) | 주요사항보고서(전환사채권발행결정)(-15) | [기재정정]최대주주변경을수반하는주식담보제공계약체결              (-5),2026-07-08: 타인에대한담보제공결정               | 2026-07-02: 주식등의대량보유상황보고서(일반) | 2026-07-01: 임원ㆍ주요주주특정증권등소유상황보고서 | 2026-07-01: 임원ㆍ주요주주특정증권등소유상황보고서 | 2026-06-30: [기재정정]최대주주변경을수반하는주식담보제공계약체결              ,14
위지윅스튜디오,299900,-30,🚨 YES,"주권매매거래정지              (주식의 병합, 분할 등 전자등록 변경, 말소)",,"주권매매거래정지              (주식의 병합, 분할 등 전자등록 변경, 말소)(-30)","2026-07-07: 주권매매거래정지              (주식의 병합, 분할 등 전자등록 변경, 말소) | 2026-06-12: 임시주주총회결과              ",2
SK시그넷,260870,-30,🚨 YES,[기재정정]주요사항보고서(유상증자결정) | 주요사항보고서(유상증자결정),,[기재정정]주요사항보고서(유상증자결정)(-15) | 주요사항보고서(유상증자결정)(-15),2026-07-02: 임원ㆍ주요주주특정증권등소유상황보고서 | 2026-07-02: 주식등의대량보유상황보고서(일반) | 2026-06-29: 증권발행결과(자율공시)              (제3자배정 유상증자_우선주) | 2026-06-26: 기업설명회(IR)개최결과               | 2026-06-24: [기재정정]주요사항보고서(유상증자결정),8
풍전약품,298060,-30,🚨 YES,주요사항보고서(전환사채권발행결정) | 주요사항보고서(유상증자결정),,주요사항보고서(전환사채권발행결정)(-15) | 주요사항보고서(유상증자결정)(-15),2026-07-06: 임원ㆍ주요주주특정증권등소유상황보고서 | 2026-07-06: 주식등의대량보유상황보고서(일반) | 2026-06-30: 증권발행결과(자율공시)              (제3자배정) | 2026-06-18: 증권발행결과(자율공시)              (제3회차 CB) | 2026-06-16: 임원ㆍ주요주주특정증권등소유상황보고서,8
신라에스지,025870,-30,🚨 YES,기타시장안내(관리종목지정우려종목)              (시가총액 200억원 미달),,기타시장안내(관리종목지정우려종목)              (시가총액 200억원 미달)(-30),2026-07-01: 기타시장안내(관리종목지정우려종목)              (시가총액 200억원 미달) | 2026-06-16: 기업가치제고계획(자율공시)              (2026년 신라에스지(주) 기업가치제고 계획),2
포니링크,064800,-30,🚨 YES,[기재정정]주요사항보고서(전환사채권발행결정) | [기재정정]주요사항보고서(전환사채권발행결정),,[기재정정]주요사항보고서(전환사채권발행결정)(-15) | [기재정정]주요사항보고서(전환사채권발행결정)(-15),2026-06-22: 주식등의대량보유상황보고서(일반) | 2026-06-16: 증권발행결과(자율공시)               | 2026-06-16: [기재정정]주요사항보고서(전환사채권발행결정) | 2026-06-10: 기업설명회(IR)개최               | 2026-06-10: 주식등의대량보유상황보고서(일반),13
핑거스토리,417180,-30,🚨 YES,[기재정정]주요사항보고서(유상증자결정) | 주요사항보고서(유상증자결정),,[기재정정]주요사항보고서(유상증자결정)(-15) | 주요사항보고서(유상증자결정)(-15),2026-06-30: [기재정정]주요사항보고서(유상증자결정) | 2026-06-22: 임원ㆍ주요주주특정증권등거래계획보고서 | 2026-06-22: 주요사항보고서(유상증자결정) | 2026-06-18: 전환가액의조정              (제4회차),4
비큐AI,148780,-30,🚨 YES,"주권매매거래정지              (주식의 병합, 분할 등 전자등록 변경, 말소)",,"주권매매거래정지              (주식의 병합, 분할 등 전자등록 변경, 말소)(-30)","2026-07-08: 주권매매거래정지              (주식의 병합, 분할 등 전자등록 변경, 말소) | 2026-07-07: 임원ㆍ주요주주특정증권등거래계획보고서 | 2026-07-07: 임원ㆍ주요주주특정증권등소유상황보고서 | 2026-07-07: 주식등의대량보유상황보고서(일반) | 2026-06-29: 임시주주총회결과              ",8
코아스,071950,-30,🚨 YES,[기재정정]주요사항보고서(유상증자결정) | [기재정정]주요사항보고서(전환사채권발행결정),,[기재정정]주요사항보고서(유상증자결정)(-15) | [기재정정]주요사항보고서(전환사채권발행결정)(-15),2026-06-25: [기재정정]주요사항보고서(자기전환사채매도결정) | 2026-06-25: [기재정정]주요사항보고서(자기신주인수권부사채매도결정) | 2026-06-25: [기재정정]주요사항보고서(유상증자결정) | 2026-06-25: [기재정정]주요사항보고서(전환사채권발행결정) | 2026-06-24: 기타경영사항(자율공시)              ,8
티비씨,033830,-30,🚨 YES,주권매매거래정지해제              (액면병합 주권 변경상장),,주권매매거래정지해제              (액면병합 주권 변경상장)(-30),2026-07-02: 주권매매거래정지해제              (액면병합 주권 변경상장) | 2026-06-29: [기재정정]주식병합결정              ,2
비케이홀딩스,050090,-30,🚨 YES,기타시장안내(관리종목지정우려종목)              (시가총액 150억원 미달),,기타시장안내(관리종목지정우려종목)              (시가총액 150억원 미달)(-30),2026-06-16: 기타시장안내(관리종목지정우려종목)              (시가총액 150억원 미달),1
소노스퀘어,007720,-30,🚨 YES,"주권매매거래정지              (주식의 병합, 분할 등 전자등록 변경, 말소)",,"주권매매거래정지              (주식의 병합, 분할 등 전자등록 변경, 말소)(-30)","2026-06-30: 동일인등출자계열회사와의상품ㆍ용역거래 | 2026-06-30: 감자완료               | 2026-06-26: 임원ㆍ주요주주특정증권등소유상황보고서 | 2026-06-26: 임원ㆍ주요주주특정증권등소유상황보고서 | 2026-06-12: 주권매매거래정지              (주식의 병합, 분할 등 전자등록 변경, 말소)",5
동일기연,032960,-30,🚨 YES,"주권매매거래정지              (주식의 병합, 분할 등 전자등록 변경, 말소)",,"주권매매거래정지              (주식의 병합, 분할 등 전자등록 변경, 말소)(-30)","2026-06-19: 주권매매거래정지              (주식의 병합, 분할 등 전자등록 변경, 말소) | 2026-06-11: 임시주주총회결과              ",2
메타케어,118000,-30,🚨 YES,[기재정정]주요사항보고서(유상증자결정) | 주요사항보고서(유상증자결정),,[기재정정]주요사항보고서(유상증자결정)(-15) | 주요사항보고서(유상증자결정)(-15),2026-07-08: 기타안내사항(안내공시)               | 2026-06-29: 주식등의대량보유상황보고서(일반) | 2026-06-29: 임원ㆍ주요주주특정증권등소유상황보고서 | 2026-06-29: 타법인주식및출자증권취득결정               | 2026-06-29: [기재정정]주요사항보고서(유상증자결정),8
유니켐,011330,-30,🚨 YES,[기재정정]주요사항보고서(유상증자결정) | 주요사항보고서(유상증자결정),,[기재정정]주요사항보고서(유상증자결정)(-15) | 주요사항보고서(유상증자결정)(-15),2026-06-23: 임원ㆍ주요주주특정증권등소유상황보고서 | 2026-06-22: 임원ㆍ주요주주특정증권등소유상황보고서 | 2026-06-22: 임원ㆍ주요주주특정증권등소유상황보고서 | 2026-06-22: 임원ㆍ주요주주특정증권등소유상황보고서 | 2026-06-22: 임원ㆍ주요주주특정증권등소유상황보고서,15
토비스,051360,-30,🚨 YES,"주권매매거래정지              (주식의 병합, 분할 등 전자등록 변경, 말소)",,"주권매매거래정지              (주식의 병합, 분할 등 전자등록 변경, 말소)(-30)",2026-07-08: 임원ㆍ주요주주특정증권등소유상황보고서 | 2026-07-08: 임원ㆍ주요주주특정증권등소유상황보고서 | 2026-07-08: 주식등의대량보유상황보고서(일반) | 2026-07-01: 증권발행실적보고서(합병등) | 2026-07-01: 대표이사변경              ,13
기가레인,049080,-30,🚨 YES,주권매매거래정지해제              (액면병합 주권 변경상장),,주권매매거래정지해제              (액면병합 주권 변경상장)(-30),2026-06-26: 주권매매거래정지해제              (액면병합 주권 변경상장),1
루트K,195990,-30,🚨 YES,"주권매매거래정지              (주식의 병합, 분할 등 전자등록 변경, 말소)",,"주권매매거래정지              (주식의 병합, 분할 등 전자등록 변경, 말소)(-30)","2026-07-07: 주권매매거래정지              (주식의 병합, 분할 등 전자등록 변경, 말소) | 2026-06-12: 사외이사의선임ㆍ해임또는중도퇴임에관한신고 | 2026-06-12: 상호변경안내               | 2026-06-12: 임시주주총회결과              ",4
손오공,066910,-30,🚨 YES,주권매매거래정지해제              (액면병합 주권 변경상장),,주권매매거래정지해제              (액면병합 주권 변경상장)(-30),2026-07-01: 기타경영사항(자율공시)              (소규모합병 승인 이사회 결의(주주총회 갈음) 결과 보고) | 2026-06-29: [기재정정]주요사항보고서(자기전환사채매도결정) | 2026-06-23: 주요사항보고서(자기전환사채매도결정) | 2026-06-23: 주요사항보고서(자기전환사채만기전취득결정) | 2026-06-08: 주권매매거래정지해제              (액면병합 주권 변경상장),5
원풍물산,008290,-30,🚨 YES,기타시장안내(관리종목지정우려종목)              (시가총액 150억원 미달),,기타시장안내(관리종목지정우려종목)              (시가총액 150억원 미달)(-30),2026-06-25: 기타시장안내(관리종목지정우려종목)              (시가총액 150억원 미달) | 2026-06-10: 임원ㆍ주요주주특정증권등소유상황보고서,2
금호전기,001210,-30,🚨 YES,[기재정정]주요사항보고서(전환사채권발행결정) | [기재정정]주요사항보고서(유상증자결정),,[기재정정]주요사항보고서(전환사채권발행결정)(-15) | [기재정정]주요사항보고서(유상증자결정)(-15),2026-07-08: 최대주주등소유주식변동신고서               | 2026-07-08: 주식등의대량보유상황보고서(일반) | 2026-07-08: 임원ㆍ주요주주특정증권등소유상황보고서 | 2026-07-02: 임시주주총회결과               | 2026-06-30: [기재정정]주요사항보고서(전환사채권발행결정),8
한국비티비,219750,-30,🚨 YES,주권매매거래정지해제              (액면병합 주권 변경상장),,주권매매거래정지해제              (액면병합 주권 변경상장)(-30),2026-07-06: 임원ㆍ주요주주특정증권등소유상황보고서 | 2026-07-06: 임원ㆍ주요주주특정증권등소유상황보고서 | 2026-07-06: 주식등의대량보유상황보고서(일반) | 2026-06-24: 주권매매거래정지해제              (액면병합 주권 변경상장),4
지슨,446840,-30,🚨 YES,"주권매매거래정지              (주식의 병합, 분할 등 전자등록 변경, 말소)",,"주권매매거래정지              (주식의 병합, 분할 등 전자등록 변경, 말소)(-30)",2026-07-08: 주식등의대량보유상황보고서(약식) | 2026-07-07: 주식등의대량보유상황보고서(일반) | 2026-07-07: 임원ㆍ주요주주특정증권등소유상황보고서 | 2026-07-07: 임원ㆍ주요주주특정증권등소유상황보고서 | 2026-07-07: 임원ㆍ주요주주특정증권등소유상황보고서,22
헝셩그룹,900270,-30,🚨 YES,[기재정정]주요사항보고서(유상증자결정) | 주요사항보고서(유상증자결정),,[기재정정]주요사항보고서(유상증자결정)(-15) | 주요사항보고서(유상증자결정)(-15),2026-07-08: 임시주주총회결과               | 2026-06-24: [기재정정]주주총회소집공고 | 2026-06-24: [기재정정]주요사항보고서(유상증자결정) | 2026-06-24: [기재정정]주식병합결정               | 2026-06-24: [첨부정정]주주총회소집결의              (임시주주총회),8
골드앤에스,035290,-30,🚨 YES,기타시장안내(관리종목지정우려종목)              (시가총액 200억원 미달),,기타시장안내(관리종목지정우려종목)              (시가총액 200억원 미달)(-30),2026-07-03: 기타시장안내(관리종목지정우려종목)              (시가총액 200억원 미달),1
소프트센,032680,-30,🚨 YES,기타시장안내(관리종목지정우려종목)              (소프트센 1우선주(거래량 미달)),,기타시장안내(관리종목지정우려종목)              (소프트센 1우선주(거래량 미달))(-30),2026-07-07: 기타시장안내              (소프트센 1우선주 관리종목 지정사유 추가 우려)(시가총액 20억원 미달) | 2026-07-06: 주식등의대량보유상황보고서(일반) | 2026-07-06: 임원ㆍ주요주주특정증권등소유상황보고서 | 2026-06-23: 기타시장안내(관리종목지정우려종목)              (소프트센 1우선주(거래량 미달)),4
SK스퀘어,402340,-30,🚨 YES,[기재정정]주요사항보고서(유상증자결정)(자회사의 주요경영사항)               | 주요사항보고서(유상증자결정)(자회사의 주요경영사항)              ,,[기재정정]주요사항보고서(유상증자결정)(자회사의 주요경영사항)              (-15) | 주요사항보고서(유상증자결정)(자회사의 주요경영사항)              (-15),2026-07-06: [기재정정]주요사항보고서(유상증자결정)(자회사의 주요경영사항)               | 2026-07-06: [기재정정]증권예탁증권(DR)발행결정(자회사의 주요경영사항)               | 2026-06-30: 자기주식취득결과보고서 | 2026-06-30: 지속가능경영보고서등관련사항(자율공시)               | 2026-06-29: 지주회사의자회사탈퇴              ,11
셀피글로벌,068940,-30,🚨 YES,주권매매거래정지기간변경              (투자자보호),,주권매매거래정지기간변경              (투자자보호)(-30),2026-06-30: 소송등의판결ㆍ결정              (신주발행금지가처분) | 2026-06-08: 주권매매거래정지기간변경              (투자자보호) | 2026-06-08: 기타시장안내              (정리매매 보류 관련) | 2026-06-08: 기타경영사항(자율공시)              (상장폐지결정 등 효력정지가처분신청 인용결정),4
경남제약,053950,-30,🚨 YES,주요사항보고서(유상증자결정) | [기재정정]주요사항보고서(유상증자결정),,주요사항보고서(유상증자결정)(-15) | [기재정정]주요사항보고서(유상증자결정)(-15),2026-07-08: 임원ㆍ주요주주특정증권등소유상황보고서 | 2026-07-08: 주식등의대량보유상황보고서(일반) | 2026-07-07: 타법인주식및출자증권취득결정               | 2026-07-03: [기재정정]주식등의대량보유상황보고서(일반) | 2026-07-03: 임원ㆍ주요주주특정증권등소유상황보고서,15
하나30호스팩,469880,-30,🚨 YES,기타시장안내(관리종목지정우려종목)              ,,기타시장안내(관리종목지정우려종목)              (-30),2026-06-10: 기타시장안내(관리종목지정우려종목)              ,1
코오롱모빌리티그룹,450140,-30,🚨 YES,유상증자결정 | 유상증자결정,,유상증자결정(-15) | 유상증자결정(-15),2026-06-17: 유상증자결정 | 2026-06-17: 유상증자결정,2
KNN,058400,-30,🚨 YES,"주권매매거래정지              (주식의 병합, 분할 등 전자등록 변경, 말소)",,"주권매매거래정지              (주식의 병합, 분할 등 전자등록 변경, 말소)(-30)","2026-06-30: 주권매매거래정지              (주식의 병합, 분할 등 전자등록 변경, 말소)",1
노브메타파마,229500,-30,🚨 YES,[기재정정]주요사항보고서(유상증자결정) | 주요사항보고서(유상증자결정),,[기재정정]주요사항보고서(유상증자결정)(-15) | 주요사항보고서(유상증자결정)(-15),2026-07-03: 기업설명회(IR)개최결과               | 2026-06-25: 증권발행결과(자율공시)               | 2026-06-25: [기재정정]주요사항보고서(유상증자결정) | 2026-06-18: 기업설명회(IR)개최               | 2026-06-17: 주요사항보고서(유상증자결정),5
큐라티스,348080,-30,🚨 YES,"주권매매거래정지              (주식의 병합, 분할 등 전자등록 변경, 말소)",,"주권매매거래정지              (주식의 병합, 분할 등 전자등록 변경, 말소)(-30)","2026-06-26: 주권매매거래정지              (주식의 병합, 분할 등 전자등록 변경, 말소)",1
드래곤플라이,030350,-30,🚨 YES,주권매매거래정지기간변경              (개선기간 부여),,주권매매거래정지기간변경              (개선기간 부여)(-30),2026-06-25: 상장적격성실질심사관련주요개선계획(자율공시)               | 2026-06-24: 주권매매거래정지기간변경              (개선기간 부여) | 2026-06-24: 기타시장안내              (기업심사위원회 심의·의결 결과 및 개선기간 부여 안내),3
로지스몬,223220,-30,🚨 YES,[기재정정]주요사항보고서(유상증자결정) | [기재정정]주요사항보고서(유상증자결정),,[기재정정]주요사항보고서(유상증자결정)(-15) | [기재정정]주요사항보고서(유상증자결정)(-15),2026-07-02: 소송등의판결ㆍ결정               | 2026-06-29: 대표이사변경               | 2026-06-25: 소송등의제기ㆍ신청(경영권분쟁소송)               | 2026-06-24: 대표이사변경               | 2026-06-22: 소송등의판결ㆍ결정              ,11
아이엠,101390,-30,🚨 YES,주권매매거래정지해제              (상장폐지에 따른 정리매매 개시),,주권매매거래정지해제              (상장폐지에 따른 정리매매 개시)(-30),2026-07-02: 임원ㆍ주요주주특정증권등소유상황보고서 | 2026-07-02: 주식등의대량보유상황보고서(약식) | 2026-06-18: 주권매매거래정지해제              (상장폐지에 따른 정리매매 개시) | 2026-06-18: 기타시장안내              (상장폐지결정 효력정지 가처분 신청 기각에 따른 정리매매절차 재개),4
프로브잇,227100,-30,🚨 YES,주권매매거래정지해제              (상장폐지에 따른 정리매매 재개),,주권매매거래정지해제              (상장폐지에 따른 정리매매 재개)(-30),2026-06-19: 기타경영사항(자율공시)              (상장폐지결정효력정지가처분 기각 결정에 대한 즉시항고장 제출) | 2026-06-18: 기타시장안내              (상장폐지결정등 효력정지 가처분 신청 기각에 따른 정리매매절차 재개) | 2026-06-18: 주권매매거래정지해제              (상장폐지에 따른 정리매매 재개) | 2026-06-09: 연결감사보고서 (2025.12) | 2026-06-09: 감사보고서 (2025.12),5
DGI,099520,-30,🚨 YES,주권매매거래정지기간변경              (개선기간 부여),,주권매매거래정지기간변경              (개선기간 부여)(-30),2026-06-30: 상장적격성실질심사관련주요개선계획(자율공시)               | 2026-06-29: 주권매매거래정지기간변경              (개선기간 부여) | 2026-06-29: 기타시장안내              (코스닥시장위원회 심의·의결 결과 및 개선기간 부여 안내),3
세방전지,004490,-30,🚨 YES,유상증자결정(종속회사의주요경영사항)               | 유상증자결정(종속회사의주요경영사항)              ,,유상증자결정(종속회사의주요경영사항)              (-15) | 유상증자결정(종속회사의주요경영사항)              (-15),2026-07-06: 공정거래자율준수프로그램운영현황(안내공시)               | 2026-07-01: 주식등의대량보유상황보고서(약식) | 2026-06-23: 지속가능경영보고서등관련사항(자율공시)               | 2026-06-15: 타법인주식및출자증권취득결정(종속회사의주요경영사항)               | 2026-06-15: 유상증자결정(종속회사의주요경영사항)              ,9
아이에이,038880,-30,🚨 YES,주권매매거래정지해제              (감자 주권 변경상장),,주권매매거래정지해제              (감자 주권 변경상장)(-30),2026-07-08: 임원ㆍ주요주주특정증권등소유상황보고서 | 2026-07-08: 임원ㆍ주요주주특정증권등소유상황보고서 | 2026-07-07: 임원ㆍ주요주주특정증권등소유상황보고서 | 2026-06-23: 주권매매거래정지해제              (감자 주권 변경상장) | 2026-06-23: 감자완료              ,5
페니트리움바이오,187660,-30,🚨 YES,[기재정정]주요사항보고서(유상증자결정) | [기재정정]주요사항보고서(유상증자결정),,[기재정정]주요사항보고서(유상증자결정)(-15) | [기재정정]주요사항보고서(유상증자결정)(-15),2026-07-07: [기재정정]기업설명회(IR)개최               | 2026-07-03: 기업설명회(IR)개최               | 2026-06-26: 권리락              (유상증자) | 2026-06-26: 투자설명서 | 2026-06-26: [발행조건확정]증권신고서(지분증권),12
노블엠앤비,106520,-30,🚨 YES,주권매매거래정지해제              (상장폐지에 따른 정리매매 개시),,주권매매거래정지해제              (상장폐지에 따른 정리매매 개시)(-30),2026-06-18: 주권매매거래정지해제              (상장폐지에 따른 정리매매 개시) | 2026-06-18: 기타시장안내              (상장폐지결정 등 효력정지 가처분 신청 기각에 따른 정리매매절차 재개),2
바이온,032980,-30,🚨 YES,주권매매거래정지해제              (상장폐지에 따른 정리매매 개시),,주권매매거래정지해제              (상장폐지에 따른 정리매매 개시)(-30),2026-06-18: 주권매매거래정지해제              (상장폐지에 따른 정리매매 개시) | 2026-06-18: 기타시장안내              (상장폐지결정 등 효력정지 가처분 신청 기각결정에 따른 정리매매절차 재개),2
비트플래닛,049470,-30,🚨 YES,[첨부정정]주요사항보고서(전환사채권발행결정) | [기재정정]주요사항보고서(전환사채권발행결정),,[첨부정정]주요사항보고서(전환사채권발행결정)(-15) | [기재정정]주요사항보고서(전환사채권발행결정)(-15),2026-07-06: [기재정정]주요사항보고서(유형자산양수결정) | 2026-07-03: 본점소재지변경               | 2026-06-29: [기재정정]주요사항보고서(유형자산양수결정) | 2026-06-24: 주식등의대량보유상황보고서(약식) | 2026-06-19: 증권발행결과(자율공시)              (제17회차 CB),8
IBKS제25호스팩,0099X0,-27,🚨 YES,주권매매거래정지              (SPAC 합병(예비심사청구대상)),주요사항보고서(회사합병결정)(+3),주권매매거래정지              (SPAC 합병(예비심사청구대상))(-30),2026-06-30: 주요사항보고서(회사합병결정) | 2026-06-30: 주권매매거래정지              (SPAC 합병(예비심사청구대상)) | 2026-06-25: 주식등의대량보유상황보고서(약식),3
IBKS제24호스팩,469480,-27,🚨 YES,주권매매거래정지              (SPAC 합병(예비심사청구대상)),주요사항보고서(회사합병결정)(+3),주권매매거래정지              (SPAC 합병(예비심사청구대상))(-30),2026-06-19: 주요사항보고서(회사합병결정) | 2026-06-19: 주권매매거래정지              (SPAC 합병(예비심사청구대상)),2
남성,004270,-27,🚨 YES,매매거래정지및정지해제(중요내용공시)              ,유형자산취득결정              (+3),매매거래정지및정지해제(중요내용공시)              (-30),2026-07-06: 주주명부폐쇄기간또는기준일설정               | 2026-07-06: 주요사항보고서(무상증자결정) | 2026-07-06: 매매거래정지및정지해제(중요내용공시)               | 2026-06-25: 유형자산취득결정               | 2026-06-25: 타법인주식및출자증권처분결정              ,5
중앙첨단소재,051980,-25,🚨 YES,[첨부정정]주요사항보고서(전환사채권발행결정) | [첨부정정]주요사항보고서(전환사채권발행결정),단일판매ㆍ공급계약체결              (+5),[첨부정정]주요사항보고서(전환사채권발행결정)(-15) | [첨부정정]주요사항보고서(전환사채권발행결정)(-15),2026-07-07: [첨부정정]주요사항보고서(전환사채권발행결정) | 2026-07-02: 주주명부폐쇄기간또는기준일설정               | 2026-07-02: 주주총회소집결의              (임시주주총회) | 2026-06-22: [첨부정정]주요사항보고서(전환사채권발행결정) | 2026-06-09: 단일판매ㆍ공급계약체결              ,6
넥사다이내믹스,351320,-25,🚨 YES,[기재정정]주요사항보고서(전환사채권발행결정) | [기재정정]주요사항보고서(전환사채권발행결정),[기재정정]단일판매ㆍ공급계약체결              (+5),[기재정정]주요사항보고서(전환사채권발행결정)(-15) | [기재정정]주요사항보고서(전환사채권발행결정)(-15),2026-06-29: [기재정정]단일판매ㆍ공급계약체결               | 2026-06-25: [기재정정]주주총회소집결의              (임시주주총회) | 2026-06-17: [기재정정]주요사항보고서(전환사채권발행결정) | 2026-06-17: [기재정정]주요사항보고서(전환사채권발행결정) | 2026-06-12: 주요사항보고서(소송등의제기),5
데이타솔루션,263800,-25,🚨 YES,주권매매거래정지              (단일판매공급계약),단일판매ㆍ공급계약체결              (+5),주권매매거래정지              (단일판매공급계약)(-30),2026-07-07: 단일판매ㆍ공급계약체결               | 2026-07-07: 주권매매거래정지              (단일판매공급계약),2
만호제강,001080,-25,🚨 YES,매매거래정지및정지해제(중요내용공시)              ,주식소각결정              (+5),매매거래정지및정지해제(중요내용공시)              (-30),2026-07-08: 회계처리기준위반에따른임원의해임권고조치               | 2026-07-02: 풍문또는보도에대한해명(미확정)               | 2026-07-02: 주식소각결정               | 2026-07-02: 매매거래정지및정지해제(중요내용공시)               | 2026-07-01: 임원ㆍ주요주주특정증권등소유상황보고서,15
크라우드웍스,355390,-25,🚨 YES,[첨부정정]주요사항보고서(전환사채권발행결정) | 주요사항보고서(전환사채권발행결정),단일판매ㆍ공급계약체결              (+5),[첨부정정]주요사항보고서(전환사채권발행결정)(-15) | 주요사항보고서(전환사채권발행결정)(-15),2026-07-07: [첨부정정]주요사항보고서(전환사채권발행결정) | 2026-07-03: 주요사항보고서(전환사채권발행결정) | 2026-07-03: 단일판매ㆍ공급계약체결               | 2026-07-02: [기재정정]의결권대리행사권유참고서류 | 2026-07-02: [기재정정]주주총회소집공고,11
에코볼트,097780,-24,🚨 YES,주권매매거래정지해제              (감자 및 액면분할 주권 변경상장),[기재정정]주요사항보고서(회사합병결정)(+3) | [기재정정]주요사항보고서(회사합병결정)(+3),주권매매거래정지해제              (감자 및 액면분할 주권 변경상장)(-30),2026-06-24: [기재정정]주요사항보고서(회사합병결정) | 2026-06-16: 임시주주총회결과               | 2026-06-11: [기재정정]주요사항보고서(회사합병결정) | 2026-06-11: 주권매매거래정지해제              (감자 및 액면분할 주권 변경상장),4
유진스팩10호,468760,-21,🚨 YES,주권매매거래정지              (SPAC 합병(예비심사청구대상)),[기재정정]주요사항보고서(회사합병결정)(+3) | [첨부정정]주요사항보고서(회사합병결정)(+3) | 주요사항보고서(회사합병결정)(+3),주권매매거래정지              (SPAC 합병(예비심사청구대상))(-30),2026-07-02: [기재정정]주요사항보고서(회사합병결정) | 2026-07-01: [첨부정정]주요사항보고서(회사합병결정) | 2026-06-30: 주요사항보고서(회사합병결정) | 2026-06-30: 주권매매거래정지              (SPAC 합병(예비심사청구대상)),4
알체라,347860,-20,🚨 YES,[기재정정]주요사항보고서(유상증자결정) | [기재정정]주요사항보고서(유상증자결정),[기재정정]단일판매ㆍ공급계약체결              (+5) | [기재정정]단일판매ㆍ공급계약체결              (+5),[기재정정]주요사항보고서(유상증자결정)(-15) | [기재정정]주요사항보고서(유상증자결정)(-15),2026-06-25: 임원ㆍ주요주주특정증권등소유상황보고서 | 2026-06-24: 주식등의대량보유상황보고서(일반) | 2026-06-12: [기재정정]주요사항보고서(유상증자결정) | 2026-06-11: [기재정정]주요사항보고서(유상증자결정) | 2026-06-10: [기재정정]단일판매ㆍ공급계약체결              ,8
KBI메탈,024840,-20,🚨 YES,주요사항보고서(전환사채권발행결정),,최대주주변경              (-5) | 주요사항보고서(전환사채권발행결정)(-15),2026-07-03: 주식등의대량보유상황보고서(일반) | 2026-07-03: 임원ㆍ주요주주특정증권등소유상황보고서 | 2026-06-30: 최대주주변경               | 2026-06-30: 전환청구권행사               | 2026-06-29: 주식등의대량보유상황보고서(일반),10
금호에이치티,214330,-20,🚨 YES,[기재정정]주요사항보고서(감자결정),,[기재정정]주요사항보고서(감자결정)(-20),2026-07-02: 임원ㆍ주요주주특정증권등거래계획보고서 | 2026-06-22: [기재정정]주요사항보고서(감자결정) | 2026-06-11: 최대주주등소유주식변동신고서               | 2026-06-11: 주식등의대량보유상황보고서(일반) | 2026-06-11: 임원ㆍ주요주주특정증권등소유상황보고서,8
다이나믹디자인,145210,-20,🚨 YES,[기재정정]주요사항보고서(감자결정),,[기재정정]주요사항보고서(감자결정)(-20),2026-07-01: 임원ㆍ주요주주특정증권등소유상황보고서 | 2026-07-01: 주식등의대량보유상황보고서(일반) | 2026-07-01: 전환가액ㆍ신주인수권행사가액ㆍ교환가액의조정(안내공시)               | 2026-06-15: 임시주주총회결과               | 2026-06-10: [기재정정]주요사항보고서(감자결정),5
엑스큐어,070300,-20,🚨 YES,[기재정정]주요사항보고서(전환사채권발행결정),,[기재정정]주요사항보고서(전환사채권발행결정)(-15) | [기재정정]최대주주변경을수반하는주식담보제공계약체결              (-5),2026-07-08: [기재정정]주요사항보고서(전환사채권발행결정) | 2026-07-07: 의결권대리행사권유참고서류 | 2026-07-07: 주주총회소집공고 | 2026-07-07: [기재정정]주주총회소집결의              (임시주주총회) | 2026-07-06: 전환가액의조정              ,12
센서뷰,321370,-20,🚨 YES,[기재정정]주요사항보고서(유상증자결정) | [기재정정]주요사항보고서(유상증자결정),단일판매ㆍ공급계약체결(자율공시)              (+5) | [기재정정]단일판매ㆍ공급계약체결              (+5),[기재정정]주요사항보고서(유상증자결정)(-15) | [기재정정]주요사항보고서(유상증자결정)(-15),2026-07-08: 임원ㆍ주요주주특정증권등거래계획보고서 | 2026-07-06: 권리락              (유상증자) | 2026-07-06: [기재정정]주요사항보고서(유상증자결정) | 2026-07-06: 투자설명서 | 2026-07-06: [발행조건확정]증권신고서(지분증권),13
AJ네트웍스,095570,-20,🚨 YES,감자결정(종속회사의주요경영사항)              ,,감자결정(종속회사의주요경영사항)              (-20),2026-06-17: 주식등의대량보유상황보고서(일반) | 2026-06-16: 타법인주식및출자증권처분결정               | 2026-06-16: 감자결정(종속회사의주요경영사항)               | 2026-06-09: 주식등의대량보유상황보고서(일반),4
씨이랩,189330,-20,🚨 YES,주권매매거래정지              (단일판매공급계약),단일판매ㆍ공급계약체결              (+5) | 단일판매ㆍ공급계약체결              (+5),주권매매거래정지              (단일판매공급계약)(-30),2026-07-07: 단일판매ㆍ공급계약체결               | 2026-07-07: 주권매매거래정지              (단일판매공급계약) | 2026-06-09: 단일판매ㆍ공급계약체결              ,3
핸즈코퍼레이션,143210,-20,🚨 YES,주요사항보고서(유상증자결정) | 주요사항보고서(유상증자결정),[기재정정]단일판매ㆍ공급계약체결              (+5) | [기재정정]단일판매ㆍ공급계약체결              (+5),주요사항보고서(유상증자결정)(-15) | 주요사항보고서(유상증자결정)(-15),2026-07-07: 기타시장안내              (개선계획서 제출) | 2026-07-01: [기재정정]단일판매ㆍ공급계약체결               | 2026-07-01: [기재정정]단일판매ㆍ공급계약체결               | 2026-06-29: 임원ㆍ주요주주특정증권등소유상황보고서 | 2026-06-29: 임원ㆍ주요주주특정증권등소유상황보고서,18
호텔신라,008770,-20,OK,,,[첨부정정]주요사항보고서(자기주식처분결정)(-10) | [기재정정]주요사항보고서(자기주식처분결정)(-10),2026-07-08: 주식등의대량보유상황보고서(약식) | 2026-07-07: [첨부정정]주요사항보고서(자기주식처분결정) | 2026-07-06: [기재정정]주요사항보고서(자기주식처분결정) | 2026-07-03: 최대주주등소유주식변동신고서               | 2026-07-01: 주식등의대량보유상황보고서(약식),8
엠투엔,033310,-20,OK,,,[기재정정]최대주주변경을수반하는주식담보제공계약체결              (-5) | [기재정정]최대주주변경을수반하는주식담보제공계약체결              (-5) | [기재정정]최대주주변경을수반하는주식담보제공계약체결              (-5) | [기재정정]최대주주변경을수반하는주식담보제공계약체결              (-5),2026-06-30: 주식등의대량보유상황보고서(일반) | 2026-06-26: [기재정정]최대주주변경을수반하는주식담보제공계약체결               | 2026-06-23: [기재정정]최대주주변경을수반하는주식담보제공계약체결               | 2026-06-19: 주식등의대량보유상황보고서(일반) | 2026-06-16: [기재정정]최대주주변경을수반하는주식담보제공계약체결              ,7
상지건설,042940,-20,🚨 YES,[기재정정]주요사항보고서(유상증자결정) | [기재정정]주요사항보고서(유상증자결정),[기재정정]단일판매ㆍ공급계약체결              (+5) | [기재정정]단일판매ㆍ공급계약체결              (+5),[기재정정]주요사항보고서(유상증자결정)(-15) | [기재정정]주요사항보고서(유상증자결정)(-15),2026-07-02: [기재정정]증권신고서(지분증권) | 2026-06-25: [기재정정]주요사항보고서(유상증자결정) | 2026-06-24: [기재정정]단일판매ㆍ공급계약체결               | 2026-06-19: [기재정정]주요사항보고서(유상증자결정) | 2026-06-19: 정정신고서제출요구( 2026.06.05. 제출 증권신고서(지분증권) ),6
베노티앤알,206400,-20,🚨 YES,주요사항보고서(유상증자결정),,주요사항보고서(유상증자결정)(-15) | 최대주주변경을수반하는주식양수도계약체결              (-5),2026-07-03: 주주명부폐쇄기간또는기준일설정               | 2026-07-03: 주요사항보고서(유상증자결정) | 2026-07-03: 최대주주변경을수반하는주식양수도계약체결               | 2026-07-03: 주주총회소집결의              (임시주주총회) | 2026-07-01: 주식등의대량보유상황보고서(일반),5
토박스코리아,215480,-20,🚨 YES,주요사항보고서(유상증자결정),,최대주주변경을수반하는주식양수도계약체결              (-5) | 주요사항보고서(유상증자결정)(-15),2026-07-08: 주요사항보고서(소송등의제기) | 2026-07-08: 임원ㆍ주요주주특정증권등소유상황보고서 | 2026-07-08: 주식등의대량보유상황보고서(일반) | 2026-07-08: 주주명부폐쇄기간또는기준일설정               | 2026-07-08: 주주총회소집결의              (임시주주총회),10
프로젠,296160,-15,🚨 YES,주요사항보고서(전환사채권발행결정),,주요사항보고서(전환사채권발행결정)(-15),2026-07-02: 주요사항보고서(전환사채권발행결정) | 2026-07-02: [기재정정]주식매수선택권부여에관한신고 | 2026-07-02: [기재정정]주식매수선택권부여에관한신고 | 2026-07-02: [기재정정]주식매수선택권부여에관한신고 | 2026-06-25: 전환가액의조정              (제8회차),6
엣지파운드리,105550,-15,🚨 YES,[기재정정]주요사항보고서(전환사채권발행결정),,[기재정정]주요사항보고서(전환사채권발행결정)(-15),2026-07-07: 주식등의대량보유상황보고서(일반) | 2026-07-07: 임원ㆍ주요주주특정증권등소유상황보고서 | 2026-06-23: 주식등의대량보유상황보고서(약식) | 2026-06-19: 임시주주총회결과               | 2026-06-18: 전환사채(해외전환사채포함)발행후만기전사채취득              ,7
삼일제약,000520,-15,🚨 YES,주요사항보고서(전환사채권발행결정),,주요사항보고서(전환사채권발행결정)(-15),2026-07-01: 임원ㆍ주요주주특정증권등소유상황보고서 | 2026-06-19: 유상증자또는주식관련사채등의발행결과(자율공시)               | 2026-06-11: 임원ㆍ주요주주특정증권등소유상황보고서 | 2026-06-11: 주요사항보고서(전환사채권발행결정) | 2026-06-08: 최대주주등소유주식변동신고서              ,5
디와이디,219550,-15,🚨 YES,[기재정정]주요사항보고서(유상증자결정),,[기재정정]주요사항보고서(유상증자결정)(-15),2026-06-26: [기재정정]주요사항보고서(유상증자결정) | 2026-06-09: [기재정정]주요사항보고서(유형자산양수결정),2
계양전기,012200,-15,🚨 YES,[기재정정]주요사항보고서(유상증자결정),,[기재정정]주요사항보고서(유상증자결정)(-15),2026-06-26: 투자설명서 | 2026-06-26: 효력발생안내( 2026.6.11. 제출 증권신고서(지분증권) ) | 2026-06-25: [기재정정]증권신고서(지분증권) | 2026-06-11: [기재정정]증권신고서(지분증권) | 2026-06-11: [기재정정]주요사항보고서(유상증자결정),5
큐브엔터,182360,-15,🚨 YES,주요사항보고서(유상증자결정),,주요사항보고서(유상증자결정)(-15),2026-06-30: 대표이사변경               | 2026-06-25: 주식등의대량보유상황보고서(일반) | 2026-06-12: 주요사항보고서(유상증자결정),3
성호전자,043260,-15,OK,,,[기재정정]최대주주변경을수반하는주식담보제공계약체결              (-5) | [기재정정]최대주주변경을수반하는주식담보제공계약체결              (-5) | 최대주주변경을수반하는주식담보제공계약체결              (-5),2026-07-08: [기재정정]최대주주변경을수반하는주식담보제공계약체결               | 2026-07-06: 임원ㆍ주요주주특정증권등소유상황보고서 | 2026-07-06: 기타경영사항(자율공시)              (자기사채(제13회차 전환사채) 소각 결정) | 2026-07-03: [기재정정]주식등의대량보유상황보고서(일반) | 2026-07-03: 합병등종료보고서(합병),18
세아제강지주,003030,-15,🚨 YES,유상증자결정(종속회사의주요경영사항)              ,,유상증자결정(종속회사의주요경영사항)              (-15),2026-07-03: 현금ㆍ현물배당결정(자회사의 주요경영사항)               | 2026-07-01: 주식등의대량보유상황보고서(약식) | 2026-06-30: 지속가능경영보고서등관련사항(자율공시)               | 2026-06-10: 타법인주식및출자증권취득결정(자회사의 주요경영사항)               | 2026-06-10: 유상증자결정(종속회사의주요경영사항)              ,5
비스토스,419540,-15,🚨 YES,주요사항보고서(유상증자결정),,주요사항보고서(유상증자결정)(-15),2026-07-06: 주요사항보고서(자기전환사채만기전취득결정) | 2026-06-22: 주식등의대량보유상황보고서(일반) | 2026-06-22: 임원ㆍ주요주주특정증권등소유상황보고서 | 2026-06-18: 증권발행결과(자율공시)              (제3자배정 유상증자) | 2026-06-12: 임원ㆍ주요주주특정증권등소유상황보고서,8
넥스트아이,137940,-15,🚨 YES,주요사항보고서(유상증자결정),,주요사항보고서(유상증자결정)(-15),2026-07-03: [기재정정]사업보고서 (2025.12) | 2026-06-30: 주요사항보고서(유상증자결정),2
세니젠,188260,-15,🚨 YES,[기재정정]주요사항보고서(유상증자결정),,[기재정정]주요사항보고서(유상증자결정)(-15),2026-07-06: 증권발행결과(자율공시)              (제3자배정 유상증자) | 2026-06-25: 임원ㆍ주요주주특정증권등소유상황보고서 | 2026-06-22: [기재정정]주요사항보고서(유상증자결정) | 2026-06-15: 주주명부폐쇄기간또는기준일설정               | 2026-06-15: 주주총회소집결의              (임시주주총회),6
아이티엠반도체,084850,-15,🚨 YES,유상증자결정(종속회사의주요경영사항)              ,,유상증자결정(종속회사의주요경영사항)              (-15),2026-07-07: 임원ㆍ주요주주특정증권등소유상황보고서 | 2026-07-03: 주식등의대량보유상황보고서(일반) | 2026-06-22: 타법인주식및출자증권취득결정               | 2026-06-22: 타인에대한채무보증결정               | 2026-06-22: 유상증자결정(종속회사의주요경영사항)              ,8
엑시큐어하이트론,019490,-15,🚨 YES,[기재정정]주요사항보고서(전환사채권발행결정),,[기재정정]주요사항보고서(전환사채권발행결정)(-15),2026-06-30: [기재정정]주요사항보고서(전환사채권발행결정) | 2026-06-26: [기재정정]주요사항보고서(타법인주식및출자증권양도결정) | 2026-06-24: [기재정정]주요사항보고서(타법인주식및출자증권양도결정),3
블루엠텍,439580,-15,🚨 YES,주요사항보고서(신주인수권부사채권발행결정),,주요사항보고서(신주인수권부사채권발행결정)(-15),2026-07-07: [기재정정]주식등의대량보유상황보고서(약식) | 2026-07-07: 주식등의대량보유상황보고서(약식) | 2026-06-26: 주요사항보고서(신주인수권부사채권발행결정) | 2026-06-18: 주식등의대량보유상황보고서(일반),4
진원생명과학,011000,-15,🚨 YES,[기재정정]유상증자결정(종속회사의주요경영사항)              ,,[기재정정]유상증자결정(종속회사의주요경영사항)              (-15),2026-06-29: 임원ㆍ주요주주특정증권등소유상황보고서 | 2026-06-29: 전환가액ㆍ신주인수권행사가액ㆍ교환가액의조정(안내공시)               | 2026-06-29: 주식등의대량보유상황보고서(일반) | 2026-06-29: 최대주주등소유주식변동신고서               | 2026-06-18: [기재정정]조회공시요구(풍문또는보도)에대한답변(부인)              ,12
현대바이오,048410,-15,🚨 YES,주요사항보고서(전환사채권발행결정),,주요사항보고서(전환사채권발행결정)(-15),2026-06-30: 주식등의대량보유상황보고서(일반) | 2026-06-23: 주요사항보고서(전환사채매수선택권행사자지정) | 2026-06-23: 증권발행결과(자율공시)               | 2026-06-19: 주식등의대량보유상황보고서(일반) | 2026-06-15: 주요사항보고서(전환사채권발행결정),6
필에너지,378340,-15,🚨 YES,주권매매거래정지              (단일판매공급계약),[기재정정]단일판매ㆍ공급계약체결              (+5) | 단일판매ㆍ공급계약체결              (+5) | [기재정정]단일판매ㆍ공급계약체결              (+5),주권매매거래정지              (단일판매공급계약)(-30),2026-07-02: 임원ㆍ주요주주특정증권등소유상황보고서 | 2026-07-02: 임원ㆍ주요주주특정증권등소유상황보고서 | 2026-07-01: [기재정정]단일판매ㆍ공급계약체결               | 2026-07-01: 단일판매ㆍ공급계약체결               | 2026-07-01: 주권매매거래정지              (단일판매공급계약),6
디와이덕양,024900,-15,🚨 YES,유상증자결정(종속회사의주요경영사항)              ,,유상증자결정(종속회사의주요경영사항)              (-15),2026-06-16: 주식등의대량보유상황보고서(일반) | 2026-06-16: 최대주주등소유주식변동신고서               | 2026-06-10: 타법인주식및출자증권취득결정               | 2026-06-10: 유상증자결정(종속회사의주요경영사항)              ,4
CS,065770,-15,🚨 YES,주요사항보고서(유상증자결정),,주요사항보고서(유상증자결정)(-15),2026-07-07: 주요사항보고서(유상증자결정) | 2026-07-02: [기재정정]주요사항보고서(타법인주식및출자증권양수결정) | 2026-07-02: 단기차입금증가결정               | 2026-06-24: 주식등의대량보유상황보고서(일반) | 2026-06-24: 임원ㆍ주요주주특정증권등소유상황보고서,5
윙입푸드,900340,-15,🚨 YES,주요사항보고서(유상증자결정),,주요사항보고서(유상증자결정)(-15),2026-06-29: 주요사항보고서(유상증자결정) | 2026-06-29: 주주명부폐쇄기간또는기준일설정               | 2026-06-29: 주주총회소집결의              (임시주주총회) | 2026-06-17: 해외증권거래소등에신고한주요공시사항의국내신고               | 2026-06-10: 임원ㆍ주요주주특정증권등소유상황보고서,7
한화,000880,-15,🚨 YES,[기재정정]유상증자결정(종속회사의주요경영사항)              ,,[기재정정]유상증자결정(종속회사의주요경영사항)              (-15),2026-06-30: 지속가능경영보고서등관련사항(자율공시)               | 2026-06-30: 주주총회소집공고 | 2026-06-25: 의결권대리행사권유참고서류 | 2026-06-24: 특수관계인에대한부동산매도 | 2026-06-12: [기재정정]유상증자결정(종속회사의주요경영사항)              ,7
스타코링크,060240,-15,🚨 YES,[기재정정]주요사항보고서(유상증자결정),,[기재정정]주요사항보고서(유상증자결정)(-15),2026-06-25: [기재정정]주요사항보고서(유상증자결정),1
이노진,344860,-15,🚨 YES,주요사항보고서(유상증자결정),,주요사항보고서(유상증자결정)(-15),2026-06-30: 주주총회소집결의              (임시주주총회) | 2026-06-30: 주주명부폐쇄기간또는기준일설정               | 2026-06-30: 경영권변경등에관한계약체결               | 2026-06-30: 주요사항보고서(유상증자결정) | 2026-06-25: 자기주식취득결과보고서,5
알엔투테크놀로지,148250,-15,🚨 YES,주요사항보고서(유상증자결정),,주요사항보고서(유상증자결정)(-15),2026-07-06: 사외이사의선임ㆍ해임또는중도퇴임에관한신고 | 2026-07-01: 대표이사변경               | 2026-06-30: 주요사항보고서(유상증자결정) | 2026-06-29: [기재정정]주주총회소집결의              (임시주주총회) | 2026-06-29: [기재정정]주주총회소집결의              (임시주주총회),15
롯데지주,004990,-15,🚨 YES,유상증자결정(종속회사의주요경영사항)              ,,유상증자결정(종속회사의주요경영사항)              (-15),2026-07-06: 유상증자결정(종속회사의주요경영사항)               | 2026-07-03: 주식등의대량보유상황보고서(일반) | 2026-06-30: 지속가능경영보고서등관련사항(자율공시)               | 2026-06-15: [기재정정]신규시설투자등(자회사의 주요경영사항)               | 2026-06-11: 현금ㆍ현물배당을위한주주명부폐쇄(기준일)결정(자회사의 주요경영사항)              ,7
뉴온,123840,-15,🚨 YES,주요사항보고서(유상증자결정),,주요사항보고서(유상증자결정)(-15),2026-07-06: 주요사항보고서(유상증자결정),1
트리니티항공,091810,-15,🚨 YES,주요사항보고서(유상증자결정),,주요사항보고서(유상증자결정)(-15),2026-07-08: 최대주주등소유주식변동신고서               | 2026-07-08: 임원ㆍ주요주주특정증권등소유상황보고서 | 2026-07-08: 임원ㆍ주요주주특정증권등소유상황보고서 | 2026-07-03: 주식등의대량보유상황보고서(일반) | 2026-07-03: [기재정정]주식병합결정              ,19
HLB제약,047920,-15,🚨 YES,[기재정정]주요사항보고서(유상증자결정),,[기재정정]주요사항보고서(유상증자결정)(-15),2026-07-03: 투자설명서 | 2026-07-03: 효력발생안내( 2026.6.18. 제출 증권신고서(지분증권) ) | 2026-07-02: [기재정정]증권신고서(지분증권) | 2026-06-18: [기재정정]증권신고서(지분증권) | 2026-06-18: [기재정정]주요사항보고서(유상증자결정),5
뉴인텍,012340,-15,🚨 YES,[기재정정]주요사항보고서(유상증자결정),,[기재정정]주요사항보고서(유상증자결정)(-15),2026-07-07: 주식등의대량보유상황보고서(일반) | 2026-07-06: 임원ㆍ주요주주특정증권등소유상황보고서 | 2026-07-03: 전환사채(해외전환사채포함)발행후만기전사채취득              (제16회차) | 2026-06-30: 증권발행실적보고서 | 2026-06-30: 증권발행결과(자율공시)              (주주배정후 실권주 일반공모),15
앤로보틱스,138360,-15,🚨 YES,[기재정정]주요사항보고서(유상증자결정),,[기재정정]주요사항보고서(유상증자결정)(-15),2026-07-03: 주식등의대량보유상황보고서(약식) | 2026-07-03: [기재정정]주식등의대량보유상황보고서(약식) | 2026-07-03: [기재정정]주식등의대량보유상황보고서(약식) | 2026-07-03: [기재정정]주식등의대량보유상황보고서(약식) | 2026-07-02: 주식등의대량보유상황보고서(일반),9
솔브레인홀딩스,036830,-15,🚨 YES,주요사항보고서(전환사채권발행결정),,주요사항보고서(전환사채권발행결정)(-15),2026-06-30: 증권발행결과(자율공시)               | 2026-06-29: 지속가능경영보고서등관련사항(자율공시)               | 2026-06-15: 주요사항보고서(전환사채권발행결정),3
레몬,294140,-15,🚨 YES,주요사항보고서(유상증자결정),,주요사항보고서(유상증자결정)(-15),2026-07-03: 증권발행결과(자율공시)              (제3자배정 유상증자) | 2026-06-25: 주요사항보고서(유상증자결정),2
금양,001570,-15,🚨 YES,[기재정정]주요사항보고서(유상증자결정),,[기재정정]주요사항보고서(유상증자결정)(-15),2026-06-30: [기재정정]주요사항보고서(유상증자결정) | 2026-06-30: [기재정정]신규시설투자등               | 2026-06-30: [기재정정]신규시설투자등               | 2026-06-30: [기재정정]신규시설투자등               | 2026-06-24: [기재정정]타법인주식및출자증권취득결정              ,6
CMG제약,058820,-15,🚨 YES,주요사항보고서(전환사채권발행결정),,주요사항보고서(전환사채권발행결정)(-15),2026-07-07: 증권발행결과(자율공시)               | 2026-07-07: 주식등의대량보유상황보고서(약식) | 2026-06-30: 주요사항보고서(전환사채권발행결정) | 2026-06-19: 단일판매ㆍ공급계약해지              ,4
콘텐트리중앙,036420,-15,🚨 YES,[기재정정]주요사항보고서(전환사채권발행결정),,[기재정정]주요사항보고서(전환사채권발행결정)(-15),2026-07-01: 풍문또는보도에대한해명(자회사의 주요경영사항)               | 2026-06-30: [기재정정]타법인주식및출자증권취득결정               | 2026-06-30: [기재정정]자기전환사채만기전취득결정               | 2026-06-30: [기재정정]주요사항보고서(전환사채권발행결정) | 2026-06-30: [기재정정]회생절차개시신청(종속회사의주요경영사항)              ,12
윈하이텍,192390,-15,🚨 YES,주요사항보고서(유상증자결정),,주요사항보고서(유상증자결정)(-15),2026-07-07: 주요사항보고서(유상증자결정),1
앤디포스,238090,-15,🚨 YES,주요사항보고서(전환사채권발행결정),,주요사항보고서(전환사채권발행결정)(-15),2026-06-25: 증권발행결과(자율공시)               | 2026-06-17: 주요사항보고서(전환사채권발행결정),2
KB스타리츠,432320,-15,🚨 YES,유상증자결정(종속회사의주요경영사항)              ,,유상증자결정(종속회사의주요경영사항)              (-15),2026-07-03: 임원ㆍ주요주주특정증권등소유상황보고서 | 2026-06-18: 주식등의대량보유상황보고서(약식) | 2026-06-15: 반기보고서 (2026.04) | 2026-06-08: 타법인주식및출자증권취득결정               | 2026-06-08: 유상증자결정(종속회사의주요경영사항)              ,5
차바이오텍,085660,-15,🚨 YES,유상증자결정(종속회사의주요경영사항)              ,,유상증자결정(종속회사의주요경영사항)              (-15),2026-07-03: 주식등의대량보유상황보고서(일반) | 2026-07-01: 임원ㆍ주요주주특정증권등소유상황보고서 | 2026-06-26: [기재정정]타법인주식및출자증권취득결정               | 2026-06-26: 자기교환사채만기전취득결정              (제10회차) | 2026-06-26: 타인에대한담보제공결정              ,11
KC산업,112190,-15,🚨 YES,주요사항보고서(유상증자결정),,주요사항보고서(유상증자결정)(-15),2026-06-30: 주요사항보고서(유상증자결정) | 2026-06-29: 임시주주총회결과               | 2026-06-19: [기재정정]사업보고서 (2025.12) | 2026-06-12: 주주총회소집공고 | 2026-06-10: [기재정정]주주총회소집결의              ,5
비엘팜텍,065170,-15,🚨 YES,[기재정정]주요사항보고서(전환사채권발행결정),,[기재정정]주요사항보고서(전환사채권발행결정)(-15),2026-06-15: [기재정정]주요사항보고서(전환사채권발행결정),1
SG,255220,-15,🚨 YES,주요사항보고서(유상증자결정),,주요사항보고서(유상증자결정)(-15),2026-07-08: 주식등의대량보유상황보고서(일반) | 2026-06-30: [기재정정]증권신고서(지분증권) | 2026-06-25: 주식등의대량보유상황보고서(일반) | 2026-06-18: 증권신고서(지분증권) | 2026-06-18: 주요사항보고서(유상증자결정),5
하이딥,365590,-15,🚨 YES,주요사항보고서(유상증자결정),,주요사항보고서(유상증자결정)(-15),2026-06-30: 주주총회소집결의              (임시주주총회) | 2026-06-30: 주주명부폐쇄기간또는기준일설정               | 2026-06-30: 주식병합결정               | 2026-06-30: [기재정정]주식매수선택권부여에관한신고 | 2026-06-30: [기재정정]주식매수선택권부여에관한신고,16
대원전선,006340,-15,🚨 YES,주요사항보고서(전환사채권발행결정),,주요사항보고서(전환사채권발행결정)(-15),2026-06-30: 임원ㆍ주요주주특정증권등소유상황보고서 | 2026-06-30: 임원ㆍ주요주주특정증권등소유상황보고서 | 2026-06-30: 최대주주등소유주식변동신고서               | 2026-06-25: 임원ㆍ주요주주특정증권등소유상황보고서 | 2026-06-25: 최대주주등소유주식변동신고서              ,7
킵스파마,256940,-15,🚨 YES,[기재정정]주요사항보고서(전환사채권발행결정),,[기재정정]주요사항보고서(전환사채권발행결정)(-15),2026-07-06: [기재정정]주요사항보고서(전환사채권발행결정),1
피엠티,147760,-15,🚨 YES,[기재정정]주요사항보고서(유상증자결정),,[기재정정]주요사항보고서(유상증자결정)(-15),2026-07-06: [기재정정]임원ㆍ주요주주특정증권등소유상황보고서 | 2026-07-06: 주식등의대량보유상황보고서(일반) | 2026-07-06: 임원ㆍ주요주주특정증권등소유상황보고서 | 2026-07-03: 임원ㆍ주요주주특정증권등소유상황보고서 | 2026-07-01: 주식등의대량보유상황보고서(약식),12
SK아이이테크놀로지,361610,-15,🚨 YES,유상증자결정(종속회사의주요경영사항)              ,,유상증자결정(종속회사의주요경영사항)              (-15),2026-06-26: 유상증자결정(종속회사의주요경영사항)               | 2026-06-26: [기재정정]타법인주식및출자증권취득결정              ,2
메타랩스,090370,-15,🚨 YES,주요사항보고서(유상증자결정),,주요사항보고서(유상증자결정)(-15),2026-06-29: 타법인주식및출자증권취득결정(자율공시)(종속회사의주요경영사항)               | 2026-06-24: 주식등의대량보유상황보고서(일반) | 2026-06-17: 최대주주등소유주식변동신고서               | 2026-06-17: 유상증자또는주식관련사채등의발행결과(자율공시)               | 2026-06-09: 타법인주식및출자증권취득결정(자율공시)              ,6
옵트론텍,082210,-15,🚨 YES,유상증자결정(종속회사의주요경영사항)              ,,유상증자결정(종속회사의주요경영사항)              (-15),2026-07-06: [기재정정]주주총회소집공고 | 2026-07-03: 주주총회소집공고 | 2026-07-03: [기재정정]주주총회소집결의              (임시주주총회) | 2026-06-30: 전환가액의조정              (제16회차) | 2026-06-30: 주식등의대량보유상황보고서(일반),11
엠젠솔루션,032790,-15,🚨 YES,[기재정정]주요사항보고서(전환사채권발행결정),,[기재정정]주요사항보고서(전환사채권발행결정)(-15),2026-07-01: 주식등의대량보유상황보고서(일반) | 2026-06-30: 주요사항보고서(자기전환사채만기전취득결정) | 2026-06-29: 주식등의대량보유상황보고서(일반) | 2026-06-15: 대표이사변경               | 2026-06-15: [기재정정]주요사항보고서(자기전환사채매도결정),7
클래시스,214150,-15,OK,,,최대주주변경을수반하는주식담보제공계약체결              (-5) | 최대주주변경을수반하는주식담보제공계약체결              (-5) | 최대주주변경을수반하는주식담보제공계약체결              (-5),2026-06-26: 최대주주변경을수반하는주식담보제공계약체결               | 2026-06-26: 최대주주변경을수반하는주식담보제공계약체결               | 2026-06-26: 최대주주변경을수반하는주식담보제공계약체결               | 2026-06-24: 기업설명회(IR)개최               | 2026-06-16: 기업설명회(IR)개최              ,6
툴젠,199800,-15,🚨 YES,[기재정정]주요사항보고서(유상증자결정),,[기재정정]주요사항보고서(유상증자결정)(-15),2026-07-08: 주식등의대량보유상황보고서(일반) | 2026-07-08: 임원ㆍ주요주주특정증권등소유상황보고서 | 2026-07-06: [기재정정]증권신고서(지분증권) | 2026-07-02: 정정신고서제출요구( 2026.06.22. 제출 증권신고서(지분증권) ) | 2026-07-01: 기업설명회(IR)개최              ,8
세종텔레콤,036630,-15,🚨 YES,주요사항보고서(유상증자결정),,주요사항보고서(유상증자결정)(-15),2026-07-06: 주요사항보고서(유상증자결정) | 2026-06-29: [기재정정]타인에대한채무보증결정               | 2026-06-12: 임원ㆍ주요주주특정증권등거래계획철회보고서 | 2026-06-12: 임원ㆍ주요주주특정증권등소유상황보고서 | 2026-06-12: 주식등의대량보유상황보고서(일반),5
대양금속,009190,-15,🚨 YES,[기재정정]주요사항보고서(유상증자결정),,[기재정정]주요사항보고서(유상증자결정)(-15),2026-07-07: [기재정정]주주총회소집결의               | 2026-06-23: [기재정정]주주총회소집결의               | 2026-06-11: [기재정정]주요사항보고서(유상증자결정) | 2026-06-09: 주식등의대량보유상황보고서(일반),4
LIG디펜스앤에어로스페이스,079550,-15,🚨 YES,주요사항보고서(유상증자결정),,주요사항보고서(유상증자결정)(-15),2026-07-02: 임원ㆍ주요주주특정증권등소유상황보고서 | 2026-06-29: 지속가능경영보고서등관련사항(자율공시)               | 2026-06-26: 주요사항보고서(유상증자결정) | 2026-06-25: 공정거래자율준수프로그램운영현황(안내공시)               | 2026-06-25: 동일인등출자계열회사와의상품ㆍ용역거래,6
쏘카,403550,-15,🚨 YES,[기재정정]유상증자결정(종속회사의주요경영사항)              ,,[기재정정]유상증자결정(종속회사의주요경영사항)              (-15),2026-06-29: [기재정정]유상증자결정(종속회사의주요경영사항)               | 2026-06-29: 최대주주등소유주식변동신고서               | 2026-06-29: 임원ㆍ주요주주특정증권등소유상황보고서 | 2026-06-29: 주식등의대량보유상황보고서(일반) | 2026-06-11: [기재정정]주식매수선택권부여에관한신고,11
형지I&C,011080,-15,🚨 YES,[기재정정]주요사항보고서(유상증자결정),,[기재정정]주요사항보고서(유상증자결정)(-15),2026-07-07: [기재정정]투자설명서 | 2026-07-07: [발행조건확정]증권신고서(지분증권) | 2026-07-07: 유상증자최종발행가액확정               | 2026-07-07: [기재정정]주요사항보고서(유상증자결정) | 2026-06-30: 임원ㆍ주요주주특정증권등소유상황보고서,7
케이비증권,003450,-15,🚨 YES,주요사항보고서(유상증자결정),,주요사항보고서(유상증자결정)(-15),2026-07-08: 투자설명서(일괄신고) | 2026-07-08: 일괄신고추가서류(파생결합증권-주가연계증권) | 2026-07-08: 투자설명서(일괄신고) | 2026-07-08: 일괄신고추가서류(파생결합사채-주가연계파생결합사채) | 2026-07-07: 투자설명서(일괄신고),100
크로넥스,215570,-15,🚨 YES,주요사항보고서(유상증자결정),,주요사항보고서(유상증자결정)(-15),2026-07-08: [기재정정]주주총회소집결의               | 2026-07-06: 주주명부폐쇄기간또는기준일설정               | 2026-07-06: 주주총회소집결의               | 2026-07-06: 증권발행결과(자율공시)              (제3자배정 유상증자) | 2026-06-29: 기업설명회(IR)개최결과              ,9
오픈놀,440320,-15,🚨 YES,주요사항보고서(전환사채권발행결정),,주요사항보고서(전환사채권발행결정)(-15),2026-06-30: 주식등의대량보유상황보고서(일반) | 2026-06-29: 증권발행결과(자율공시)              (제2회차 CB) | 2026-06-29: 주식등의대량보유상황보고서(약식) | 2026-06-23: 주식등의대량보유상황보고서(약식) | 2026-06-19: 주요사항보고서(전환사채권발행결정),7
핑거,163730,-15,🚨 YES,[기재정정]주요사항보고서(신주인수권부사채권발행결정),,[기재정정]주요사항보고서(신주인수권부사채권발행결정)(-15),2026-06-30: [기재정정]주요사항보고서(신주인수권부사채권발행결정) | 2026-06-30: 임원ㆍ주요주주특정증권등소유상황보고서 | 2026-06-30: 임원ㆍ주요주주특정증권등소유상황보고서 | 2026-06-24: 사외이사의선임ㆍ해임또는중도퇴임에관한신고 | 2026-06-24: 주식매수선택권부여에관한신고,15
휴림에이텍,078590,-15,🚨 YES,[기재정정]주요사항보고서(유상증자결정),,[기재정정]주요사항보고서(유상증자결정)(-15),2026-06-30: 주주총회소집공고 | 2026-06-26: 임원ㆍ주요주주특정증권등거래계획철회보고서 | 2026-06-26: [기재정정]증권신고서(지분증권) | 2026-06-19: [기재정정]주요사항보고서(유상증자결정) | 2026-06-10: 주식등의대량보유상황보고서(일반),6
플리토,300080,-15,🚨 YES,주권매매거래정지              (단일판매공급계약),[기재정정]단일판매ㆍ공급계약체결              (+5) | [기재정정]단일판매ㆍ공급계약체결              (+5) | [기재정정]단일판매ㆍ공급계약체결              (+5),주권매매거래정지              (단일판매공급계약)(-30),2026-06-29: [기재정정]단일판매ㆍ공급계약체결               | 2026-06-29: [기재정정]단일판매ㆍ공급계약체결               | 2026-06-29: 주권매매거래정지              (단일판매공급계약) | 2026-06-26: [기재정정]단일판매ㆍ공급계약체결              ,4
디알텍,214680,-15,🚨 YES,주요사항보고서(전환사채권발행결정),,주요사항보고서(전환사채권발행결정)(-15),2026-07-03: 전환사채(해외전환사채포함)발행후만기전사채취득               | 2026-06-30: 주식등의대량보유상황보고서(일반) | 2026-06-24: 주주명부폐쇄기간또는기준일설정               | 2026-06-24: 주주총회소집결의               | 2026-06-24: 주식병합결정              ,8
KB금융,105560,-15,🚨 YES,유상증자결정(자회사의 주요경영사항)              ,,유상증자결정(자회사의 주요경영사항)              (-15),2026-07-02: 증권발행실적보고서 | 2026-07-01: 투자설명서(일괄신고) | 2026-07-01: 일괄신고추가서류 | 2026-06-30: 지속가능경영보고서등관련사항(자율공시)               | 2026-06-26: 유상증자결정(자회사의 주요경영사항)              ,16
한양증권,001750,-15,🚨 YES,주요사항보고서(유상증자결정),,주요사항보고서(유상증자결정)(-15),2026-07-08: 소송등의판결ㆍ결정               | 2026-07-06: 주요사항보고서(소송등의제기) | 2026-07-03: 임원ㆍ주요주주특정증권등소유상황보고서 | 2026-06-26: 임원ㆍ주요주주특정증권등소유상황보고서 | 2026-06-26: 임원ㆍ주요주주특정증권등소유상황보고서,6
에코프로,086520,-15,🚨 YES,유상증자결정(종속회사의주요경영사항)              ,,유상증자결정(종속회사의주요경영사항)              (-15),2026-07-03: 주식등의대량보유상황보고서(일반) | 2026-07-01: 특수관계인에대한출자 | 2026-06-30: 타법인주식및출자증권취득결정               | 2026-06-30: 유상증자결정(종속회사의주요경영사항)               | 2026-06-24: [기재정정]타법인주식및출자증권취득결정              ,7
제이앤티씨,204270,-15,🚨 YES,유상증자결정(종속회사의주요경영사항)              ,,유상증자결정(종속회사의주요경영사항)              (-15),2026-07-02: 주식등의대량보유상황보고서(일반) | 2026-06-30: [기재정정]신규시설투자등(자율공시)               | 2026-06-29: 주식등의대량보유상황보고서(일반) | 2026-06-15: 유상증자결정(종속회사의주요경영사항)               | 2026-06-15: 타법인주식및출자증권취득결정              ,6
인트론바이오,048530,-15,🚨 YES,주요사항보고서(전환사채권발행결정),,주요사항보고서(전환사채권발행결정)(-15),2026-07-03: 주식등의대량보유상황보고서(일반) | 2026-06-30: 주요사항보고서(전환사채권발행결정) | 2026-06-15: 임원ㆍ주요주주특정증권등소유상황보고서,3
아이엠티,451220,-15,🚨 YES,유상증자결정(종속회사의주요경영사항)              ,,유상증자결정(종속회사의주요경영사항)              (-15),2026-06-18: 임원ㆍ주요주주특정증권등소유상황보고서 | 2026-06-10: 유상증자결정(종속회사의주요경영사항)              ,2
나인테크,267320,-15,🚨 YES,[기재정정]주요사항보고서(전환사채권발행결정),,[기재정정]주요사항보고서(전환사채권발행결정)(-15),2026-06-24: [기재정정]주요사항보고서(전환사채권발행결정) | 2026-06-24: [기재정정]주요사항보고서(자본으로인정되는채무증권발행결정),2
아센디오,012170,-15,🚨 YES,주요사항보고서(유상증자결정),,주요사항보고서(유상증자결정)(-15),2026-07-08: [기재정정]주주총회소집공고 | 2026-07-08: [기재정정]주식병합결정               | 2026-07-08: [기재정정]주주총회소집결의               | 2026-07-08: [기재정정]주주총회소집공고 | 2026-07-07: [기재정정]주식병합결정              ,12
디에스엠,104040,-15,🚨 YES,주요사항보고서(전환사채권발행결정),,주요사항보고서(전환사채권발행결정)(-15),2026-07-03: 임원ㆍ주요주주특정증권등소유상황보고서 | 2026-06-29: 증권발행결과(자율공시)               | 2026-06-29: 주식등의대량보유상황보고서(약식) | 2026-06-19: 주요사항보고서(전환사채권발행결정) | 2026-06-09: 임원ㆍ주요주주특정증권등소유상황보고서,7
에코프로비엠,247540,-15,🚨 YES,주요사항보고서(유상증자결정),,주요사항보고서(유상증자결정)(-15),2026-07-08: 주식등의대량보유상황보고서(일반) | 2026-07-02: 기업설명회(IR)개최               | 2026-07-01: 특수관계인의유상증자참여 | 2026-06-30: 증권신고서(지분증권) | 2026-06-30: 주주명부폐쇄기간또는기준일설정              ,12
이원컴포텍,088290,-15,🚨 YES,[기재정정]주요사항보고서(유상증자결정),,[기재정정]주요사항보고서(유상증자결정)(-15),2026-07-06: 단기차입금증가결정              (2025년) | 2026-06-26: [기재정정]사업보고서 (2025.12) | 2026-06-22: [기재정정]주요사항보고서(유상증자결정),3
케이바이오랩스,038530,-15,🚨 YES,주요사항보고서(유상증자결정),,주요사항보고서(유상증자결정)(-15),2026-07-06: 주요사항보고서(유상증자결정) | 2026-07-02: 임원ㆍ주요주주특정증권등거래계획보고서 | 2026-06-29: 주주명부폐쇄기간또는기준일설정               | 2026-06-29: 주주총회소집결의              ,4
오리엔트정공,065500,-15,🚨 YES,주요사항보고서(유상증자결정),,주요사항보고서(유상증자결정)(-15),2026-07-08: 증권발행결과(자율공시)               | 2026-06-23: 주요사항보고서(유상증자결정),2
LB세미콘,061970,-15,🚨 YES,[기재정정]주요사항보고서(유상증자결정),,[기재정정]주요사항보고서(유상증자결정)(-15),2026-07-06: 임원ㆍ주요주주특정증권등소유상황보고서 | 2026-07-06: 임원ㆍ주요주주특정증권등소유상황보고서 | 2026-07-06: 임원ㆍ주요주주특정증권등소유상황보고서 | 2026-07-06: 임원ㆍ주요주주특정증권등소유상황보고서 | 2026-06-19: 임원ㆍ주요주주특정증권등거래계획보고서,16
형지글로벌,308100,-15,🚨 YES,주요사항보고서(유상증자결정),,주요사항보고서(유상증자결정)(-15),2026-07-08: 증권발행결과(자율공시)               | 2026-07-06: 임원ㆍ주요주주특정증권등소유상황보고서 | 2026-06-30: 임원ㆍ주요주주특정증권등소유상황보고서 | 2026-06-30: 주요사항보고서(유상증자결정),4
서울전자통신,027040,-15,🚨 YES,주요사항보고서(유상증자결정),,주요사항보고서(유상증자결정)(-15),2026-07-01: [기재정정]주주총회소집결의              (임시주주총회) | 2026-07-01: 주주총회소집공고 | 2026-07-01: [기재정정]주주총회소집결의              (임시주주총회) | 2026-06-16: [기재정정]주주총회소집결의              (임시주주총회) | 2026-06-08: 주요사항보고서(유상증자결정),5
하나기술,299030,-15,🚨 YES,주권매매거래정지              (단일판매공급계약),[기재정정]단일판매ㆍ공급계약체결              (+5) | [기재정정]단일판매ㆍ공급계약체결              (+5) | 단일판매ㆍ공급계약체결              (+5),주권매매거래정지              (단일판매공급계약)(-30),2026-06-30: 주식등의대량보유상황보고서(일반) | 2026-06-29: [기재정정]단일판매ㆍ공급계약체결               | 2026-06-29: [기재정정]단일판매ㆍ공급계약체결               | 2026-06-09: 단일판매ㆍ공급계약체결               | 2026-06-09: 주권매매거래정지              (단일판매공급계약),5
아이텍,119830,-15,🚨 YES,[기재정정]주요사항보고서(유상증자결정),,[기재정정]주요사항보고서(유상증자결정)(-15),2026-06-10: [기재정정]주요사항보고서(유상증자결정),1
삼양사,145990,-15,🚨 YES,유상증자결정(종속회사의주요경영사항)              ,,유상증자결정(종속회사의주요경영사항)              (-15),2026-07-07: 벌금등의부과               | 2026-06-30: [기재정정]벌금등의부과               | 2026-06-25: 지속가능경영보고서등관련사항(자율공시)               | 2026-06-18: 타인에대한채무보증결정               | 2026-06-18: 유상증자결정(종속회사의주요경영사항)              ,7
아이큐어,175250,-15,🚨 YES,주요사항보고서(유상증자결정),,주요사항보고서(유상증자결정)(-15),2026-07-02: [기재정정]수시공시의무관련사항(공정공시)              (도네페질 패치제 (제품명 : 도네시브 패치)의 라이센스 이전 계약해지) | 2026-07-01: [기재정정]수시공시의무관련사항(공정공시)              (도네페질 패치제 (제품명 : 도네시브 패치)의 라이센스 이전 계약해지) | 2026-06-29: 주주총회소집결의              (임시주주총회) | 2026-06-29: 주주명부폐쇄기간또는기준일설정               | 2026-06-29: 주요사항보고서(유상증자결정),6
포커스에이아이,331380,-15,🚨 YES,[기재정정]주요사항보고서(유상증자결정),,[기재정정]주요사항보고서(유상증자결정)(-15),2026-06-30: 주식등의대량보유상황보고서(일반) | 2026-06-29: [기재정정]유형자산처분결정(자율공시)               | 2026-06-29: [기재정정]주식매수선택권부여에관한신고 | 2026-06-26: 임시주주총회결과               | 2026-06-12: 유형자산처분결정(자율공시)              ,9
제이스로보틱스,090470,-10,OK,,,주요사항보고서(자기주식처분결정)(-10),2026-06-22: 단기차입금증가결정               | 2026-06-16: 임원ㆍ주요주주특정증권등소유상황보고서 | 2026-06-16: 임원ㆍ주요주주특정증권등소유상황보고서 | 2026-06-16: 임원ㆍ주요주주특정증권등소유상황보고서 | 2026-06-16: 임원ㆍ주요주주특정증권등소유상황보고서,19
SG글로벌,001380,-10,OK,,,최대주주변경              (-5) | 최대주주등소유주식변동신고서(최대주주변경시)              (-5),2026-06-30: 최대주주변경               | 2026-06-30: 최대주주등소유주식변동신고서(최대주주변경시)               | 2026-06-30: 임원ㆍ주요주주특정증권등소유상황보고서 | 2026-06-30: 주식등의대량보유상황보고서(일반),4
라이콤,388790,-10,🚨 YES,주요사항보고서(전환사채권발행결정),단일판매ㆍ공급계약체결              (+5),주요사항보고서(전환사채권발행결정)(-15),2026-07-08: 주요사항보고서(전환사채권발행결정) | 2026-06-09: 단일판매ㆍ공급계약체결              ,2
TP,007980,-10,OK,,,주요사항보고서(자기주식처분결정)(-10),2026-07-07: 임원ㆍ주요주주특정증권등소유상황보고서 | 2026-07-07: 임원ㆍ주요주주특정증권등소유상황보고서 | 2026-07-07: 임원ㆍ주요주주특정증권등소유상황보고서 | 2026-07-07: 임원ㆍ주요주주특정증권등소유상황보고서 | 2026-07-07: 임원ㆍ주요주주특정증권등소유상황보고서,14
휴젤,145020,-10,OK,,,최대주주변경을수반하는주식담보제공계약체결              (-5) | 최대주주변경을수반하는주식담보제공계약해제ㆍ취소등              (-5),2026-07-02: [기재정정]주식등의대량보유상황보고서(일반) | 2026-07-02: [기재정정]주식등의대량보유상황보고서(일반) | 2026-07-02: [기재정정]주식등의대량보유상황보고서(일반) | 2026-06-24: 주식등의대량보유상황보고서(일반) | 2026-06-17: 최대주주변경을수반하는주식담보제공계약체결              ,6
에스제이그룹,306040,-10,OK,,,주요사항보고서(자기주식처분결정)(-10),2026-06-16: 자기주식처분결과보고서 | 2026-06-10: 주요사항보고서(자기주식처분결정),2
클로봇,466100,-10,🚨 YES,[기재정정]주요사항보고서(유상증자결정),단일판매ㆍ공급계약체결(자율공시)              (+5),[기재정정]주요사항보고서(유상증자결정)(-15),2026-07-03: 권리락              (유상증자) | 2026-07-03: 유상증자1차발행가액결정               | 2026-07-03: 투자설명서 | 2026-07-03: [발행조건확정]증권신고서(지분증권) | 2026-07-03: [기재정정]주요사항보고서(유상증자결정),13
젬백스,082270,-10,OK,,,[기재정정]최대주주변경을수반하는주식담보제공계약체결              (-5) | [기재정정]최대주주변경을수반하는주식담보제공계약체결              (-5),2026-06-19: [기재정정]최대주주변경을수반하는주식담보제공계약체결               | 2026-06-19: 임원ㆍ주요주주특정증권등소유상황보고서 | 2026-06-17: 주식등의대량보유상황보고서(일반) | 2026-06-15: [기재정정]최대주주변경을수반하는주식담보제공계약체결               | 2026-06-10: 기업설명회(IR)개최              ,5
아우딘퓨쳐스,227610,-10,🚨 YES,[기재정정]주요사항보고서(전환사채권발행결정),[기재정정]단일판매ㆍ공급계약체결(자율공시)              (+5),[기재정정]주요사항보고서(전환사채권발행결정)(-15),2026-06-30: [기재정정]단일판매ㆍ공급계약체결(자율공시)               | 2026-06-08: [기재정정]주요사항보고서(전환사채권발행결정),2
HEM파마,376270,-10,🚨 YES,[기재정정]주요사항보고서(전환사채권발행결정),단일판매ㆍ공급계약체결              (+5),[기재정정]주요사항보고서(전환사채권발행결정)(-15),2026-06-24: 단일판매ㆍ공급계약체결               | 2026-06-22: 임원ㆍ주요주주특정증권등소유상황보고서 | 2026-06-22: 주식등의대량보유상황보고서(일반) | 2026-06-19: [기재정정]주요사항보고서(전환사채권발행결정) | 2026-06-19: 타법인주식및출자증권취득결정              ,6
경인전자,009140,-10,OK,,,최대주주변경              (-5) | 최대주주등소유주식변동신고서(최대주주변경시)              (-5),2026-06-30: 임원ㆍ주요주주특정증권등소유상황보고서 | 2026-06-19: 주요사항보고서(유형자산양수결정) | 2026-06-18: 주식등의대량보유상황보고서(일반) | 2026-06-18: 임원ㆍ주요주주특정증권등소유상황보고서 | 2026-06-18: 주식등의대량보유상황보고서(일반),11
신테카바이오,226330,-10,OK,,,[기재정정]최대주주변경을수반하는주식담보제공계약체결              (-5) | [기재정정]최대주주변경을수반하는주식담보제공계약체결              (-5),2026-07-06: [기재정정]주식등의대량보유상황보고서(일반) | 2026-07-06: [기재정정]임원ㆍ주요주주특정증권등소유상황보고서 | 2026-07-03: 임원ㆍ주요주주특정증권등소유상황보고서 | 2026-07-02: 임원ㆍ주요주주특정증권등소유상황보고서 | 2026-07-02: 주식등의대량보유상황보고서(일반),9
HPSP,403870,-10,OK,,,주요사항보고서(자기주식처분결정)(-10),2026-07-06: 주식등의대량보유상황보고서(약식) | 2026-07-02: 주식등의대량보유상황보고서(약식) | 2026-06-30: 자기주식처분결과보고서 | 2026-06-25: 사외이사의선임ㆍ해임또는중도퇴임에관한신고 | 2026-06-25: 주요사항보고서(자기주식처분결정),10
시선AI,340810,-10,🚨 YES,주요사항보고서(유상증자결정),단일판매ㆍ공급계약체결              (+5),주요사항보고서(유상증자결정)(-15),2026-07-03: 주요사항보고서(유상증자결정) | 2026-06-29: 타인에대한채무보증결정               | 2026-06-10: 단일판매ㆍ공급계약체결              ,3
케이씨에스,115500,-10,OK,,,주요사항보고서(자기주식처분결정)(-10),2026-06-26: 임원ㆍ주요주주특정증권등소유상황보고서 | 2026-06-25: 주요사항보고서(자기주식처분결정),2
케이탑리츠,145270,-10,OK,,,최대주주변경              (-5) | 최대주주등소유주식변동신고서(최대주주변경시)              (-5),2026-07-03: 최대주주등소유주식변동신고서               | 2026-06-26: 최대주주등소유주식변동신고서               | 2026-06-18: 최대주주등소유주식변동신고서               | 2026-06-11: 최대주주등소유주식변동신고서               | 2026-06-10: 임원ㆍ주요주주특정증권등소유상황보고서,8
엑스페릭스,317770,-10,🚨 YES,[기재정정]주요사항보고서(전환사채권발행결정),[기재정정]단일판매ㆍ공급계약체결              (+5),[기재정정]주요사항보고서(전환사채권발행결정)(-15),2026-07-01: [기재정정]단일판매ㆍ공급계약체결               | 2026-06-29: [기재정정]주요사항보고서(전환사채권발행결정) | 2026-06-22: [기재정정]주권관련사채권의처분결정               | 2026-06-22: [기재정정]타법인주식및출자증권처분결정              ,4
서부T&D,006730,-10,OK,,주식소각결정              (+5),[기재정정]최대주주변경을수반하는주식담보제공계약체결              (-5) | [기재정정]최대주주변경을수반하는주식담보제공계약체결              (-5) | [기재정정]최대주주변경을수반하는주식담보제공계약체결              (-5),2026-07-06: [기재정정]최대주주변경을수반하는주식담보제공계약체결               | 2026-06-25: 주식등의대량보유상황보고서(일반) | 2026-06-18: [기재정정]최대주주변경을수반하는주식담보제공계약체결               | 2026-06-10: 주식소각결정               | 2026-06-08: [기재정정]최대주주변경을수반하는주식담보제공계약체결              ,5
비투엔,307870,-10,OK,,,[기재정정]최대주주변경을수반하는주식양수도계약체결              (-5) | [기재정정]최대주주변경을수반하는주식양수도계약체결              (-5),"2026-07-06: 임시주주총회결과               | 2026-06-30: 전환가액의조정              (제6회차) | 2026-06-25: 주식등의대량보유상황보고서(일반) | 2026-06-24: [기재정정]최대주주변경을수반하는주식양수도계약체결               | 2026-06-22: 기타주요경영사항              (자기 전환사채(제3,4,5회차) 매도결정 철회)",14
판타지오,032800,-10,🚨 YES,주요사항보고서(유상증자결정),단일판매ㆍ공급계약체결              (+5),주요사항보고서(유상증자결정)(-15),2026-07-06: 증권신고서(지분증권) | 2026-07-06: 주요사항보고서(유상증자결정) | 2026-06-30: 단일판매ㆍ공급계약체결               | 2026-06-18: 전환가액의조정              (제7회차) | 2026-06-15: 주주명부폐쇄기간또는기준일설정              ,6
링네트,042500,-10,OK,,,주요사항보고서(자기주식처분결정)(-10),2026-06-30: 주식등의대량보유상황보고서(일반) | 2026-06-30: 자기주식처분결과보고서 | 2026-06-29: 주요사항보고서(자기주식처분결정),3
디에스케이,109740,-10,OK,,,[기재정정]최대주주변경을수반하는주식양수도계약체결              (-5) | [기재정정]최대주주변경을수반하는주식양수도계약체결              (-5),2026-07-06: 주식등의대량보유상황보고서(일반) | 2026-06-29: [기재정정]주주총회소집결의               | 2026-06-29: [기재정정]최대주주변경을수반하는주식양수도계약체결               | 2026-06-18: 주식등의대량보유상황보고서(일반) | 2026-06-15: 주주총회소집공고,7
하이젠알앤엠,160190,-10,OK,,,주요사항보고서(자기주식처분결정)(-10),2026-07-06: 주요사항보고서(자기주식처분결정) | 2026-06-23: [기재정정]임시주주총회결과               | 2026-06-23: [기재정정]신규시설투자등               | 2026-06-23: 임시주주총회결과               | 2026-06-17: [기재정정]사업보고서 (2025.12),7
RF머트리얼즈,327260,-10,🚨 YES,[기재정정]주요사항보고서(유상증자결정),단일판매ㆍ공급계약체결              (+5),[기재정정]주요사항보고서(유상증자결정)(-15),2026-07-02: 주식등의대량보유상황보고서(일반) | 2026-07-02: 임원ㆍ주요주주특정증권등소유상황보고서 | 2026-07-02: 임원ㆍ주요주주특정증권등소유상황보고서 | 2026-07-01: 주식등의대량보유상황보고서(약식) | 2026-06-30: 단일판매ㆍ공급계약체결              ,19
유티아이,179900,-10,🚨 YES,주요사항보고서(전환사채권발행결정),주요사항보고서(자기주식취득결정)(+5),주요사항보고서(전환사채권발행결정)(-15),2026-07-08: 금전대여결정              (대여금 연장) | 2026-07-08: 주요사항보고서(전환사채권발행결정) | 2026-07-07: 임원ㆍ주요주주특정증권등거래계획보고서 | 2026-07-07: 주요사항보고서(자기주식취득결정) | 2026-06-29: 전환사채(해외전환사채포함)발행후만기전사채취득              (제2회차),8
인텔리안테크,189300,-10,OK,,,주요사항보고서(자기주식처분결정)(-10),2026-07-08: 주요사항보고서(자기주식처분결정) | 2026-06-26: 주식등의대량보유상황보고서(일반),2
레이,228670,-10,OK,,,[기재정정]최대주주변경을수반하는주식담보제공계약체결              (-5) | [기재정정]최대주주변경을수반하는주식담보제공계약체결              (-5),2026-07-06: [기재정정]최대주주변경을수반하는주식담보제공계약체결               | 2026-06-29: 전환사채(해외전환사채포함)발행후만기전사채취득               | 2026-06-26: [기재정정]최대주주변경을수반하는주식담보제공계약체결               | 2026-06-16: 임원ㆍ주요주주특정증권등소유상황보고서 | 2026-06-09: 임원ㆍ주요주주특정증권등소유상황보고서,10
노브랜드,145170,-10,OK,,,자기주식처분결정              (-10),2026-07-01: 주식등의대량보유상황보고서(약식) | 2026-06-25: 주주총회소집공고 | 2026-06-25: 자기주식처분결과보고서 | 2026-06-24: 자기주식처분결정              ,4
이엠텍,091120,-10,OK,,,최대주주변경을수반하는주식담보제공계약해제ㆍ취소등              (-5) | [기재정정]최대주주변경을수반하는주식담보제공계약체결              (-5),2026-07-08: 임원ㆍ주요주주특정증권등소유상황보고서 | 2026-07-06: 임원ㆍ주요주주특정증권등소유상황보고서 | 2026-06-23: 기타경영사항(자율공시)              (소규모합병 승인 이사회 결의(주주총회 갈음) 결과 보고) | 2026-06-17: 주식등의대량보유상황보고서(일반) | 2026-06-10: 최대주주변경을수반하는주식담보제공계약해제ㆍ취소등              ,9
SG세계물산,004060,-10,OK,,,최대주주변경              (-5) | 최대주주등소유주식변동신고서(최대주주변경시)              (-5),2026-06-30: 최대주주변경               | 2026-06-30: 임원ㆍ주요주주특정증권등소유상황보고서 | 2026-06-30: 최대주주등소유주식변동신고서(최대주주변경시)               | 2026-06-30: 주식등의대량보유상황보고서(일반),4
프레스티지바이오로직스,334970,-10,🚨 YES,[기재정정]주요사항보고서(전환사채권발행결정),단일판매ㆍ공급계약체결              (+5),[기재정정]주요사항보고서(전환사채권발행결정)(-15),2026-06-30: 임원ㆍ주요주주특정증권등소유상황보고서 | 2026-06-22: 전환가액의조정               | 2026-06-22: [기재정정]주요사항보고서(전환사채권발행결정) | 2026-06-15: 주주명부폐쇄기간또는기준일설정               | 2026-06-10: 단일판매ㆍ공급계약체결              ,5
두올,016740,-10,OK,,,주요사항보고서(자기주식처분결정)(-10),2026-07-08: 주요사항보고서(자기주식처분결정) | 2026-07-08: [기재정정]주주총회소집결의               | 2026-06-30: 임시주주총회결과               | 2026-06-23: 주주명부폐쇄기간또는기준일설정               | 2026-06-23: 주주총회소집결의              ,6
얼라인드,238120,-10,OK,,,[기재정정]주요사항보고서(자기주식처분결정)(-10),2026-06-30: [기재정정]주요사항보고서(자기주식처분결정) | 2026-06-26: 임원ㆍ주요주주특정증권등소유상황보고서,2
지씨셀,144510,-10,OK,,,주요사항보고서(자기주식처분결정)(-10),2026-06-30: 주요사항보고서(자기주식처분결정) | 2026-06-11: 투자판단관련주요경영사항(임상시험계획변경승인신청)              (GCC2005의 국내 제 1상 임상시험계획 변경승인 신청),2
위메이드,112040,-10,OK,,,[기재정정]최대주주변경을수반하는주식양수도계약체결              (-5) | 최대주주변경을수반하는주식양수도계약체결              (-5),2026-07-06: 주식등의대량보유상황보고서(일반) | 2026-07-06: 주식등의대량보유상황보고서(일반) | 2026-06-30: [기재정정]최대주주변경을수반하는주식양수도계약체결               | 2026-06-30: 최대주주변경을수반하는주식양수도계약체결               | 2026-06-29: 지속가능경영보고서등관련사항(자율공시)              ,6
나노실리칸첨단소재,286750,-10,🚨 YES,[기재정정]주요사항보고서(전환사채권발행결정),[기재정정]단일판매ㆍ공급계약체결              (+5),[기재정정]주요사항보고서(전환사채권발행결정)(-15),2026-07-03: 임시주주총회결과               | 2026-07-03: [기재정정]주요사항보고서(전환사채권발행결정) | 2026-06-24: [기재정정]단일판매ㆍ공급계약체결               | 2026-06-17: 의결권대리행사권유참고서류 | 2026-06-17: 주주총회소집공고,5
넵튠,217270,-10,OK,,,주요사항보고서(자기주식처분결정)(-10),2026-07-01: 자기주식처분결과보고서 | 2026-06-23: 주요사항보고서(자기주식처분결정) | 2026-06-23: [기재정정]주식매수선택권부여에관한신고 | 2026-06-23: [기재정정]주식매수선택권부여에관한신고,4
아스타,246720,-10,OK,,,[기재정정]최대주주변경을수반하는주식담보제공계약체결              (-5) | [기재정정]최대주주변경을수반하는주식양수도계약체결              (-5),2026-06-23: [기재정정]주식등의대량보유상황보고서(일반) | 2026-06-23: 주식등의대량보유상황보고서(일반) | 2026-06-23: [기재정정]최대주주변경을수반하는주식담보제공계약체결               | 2026-06-23: [기재정정]최대주주변경을수반하는주식양수도계약체결              ,4
유진테크,084370,-10,OK,,,주요사항보고서(자기주식처분결정)(-10),2026-07-06: 주요사항보고서(자기주식처분결정) | 2026-07-06: 임원ㆍ주요주주특정증권등소유상황보고서 | 2026-07-06: 임원ㆍ주요주주특정증권등소유상황보고서 | 2026-07-06: 임원ㆍ주요주주특정증권등소유상황보고서 | 2026-07-06: 임원ㆍ주요주주특정증권등소유상황보고서,14
팸텍,271830,-10,🚨 YES,주요사항보고서(전환사채권발행결정),단일판매ㆍ공급계약체결(자율공시)              (+5),주요사항보고서(전환사채권발행결정)(-15),2026-07-08: 주식등의대량보유상황보고서(약식) | 2026-07-03: 주식등의대량보유상황보고서(약식) | 2026-07-02: 주요사항보고서(전환사채권발행결정) | 2026-06-08: 단일판매ㆍ공급계약체결(자율공시)              ,4
유니슨,018000,-10,🚨 YES,[기재정정]주요사항보고서(전환사채권발행결정),[기재정정]단일판매ㆍ공급계약체결              (+5),[기재정정]주요사항보고서(전환사채권발행결정)(-15),2026-07-08: 전환가액의조정              (제18회차) | 2026-06-29: [기재정정]단일판매ㆍ공급계약체결               | 2026-06-15: 주식등의대량보유상황보고서(약식) | 2026-06-09: [기재정정]주요사항보고서(전환사채권발행결정) | 2026-06-08: 증권발행결과(자율공시)              (제18회차 CB),5
케이옥션,102370,-10,🚨 YES,[기재정정]주요사항보고서(전환사채권발행결정),주요사항보고서(자기주식취득결정)(+5),[기재정정]주요사항보고서(전환사채권발행결정)(-15),2026-07-08: 주식등의대량보유상황보고서(일반) | 2026-07-08: 임원ㆍ주요주주특정증권등소유상황보고서 | 2026-07-06: 주식등의대량보유상황보고서(일반) | 2026-07-03: 임원ㆍ주요주주특정증권등소유상황보고서 | 2026-07-02: 주요사항보고서(자기주식취득결정),6
스코넥,276040,-10,🚨 YES,[기재정정]주요사항보고서(유상증자결정),[기재정정]단일판매ㆍ공급계약체결              (+5),[기재정정]주요사항보고서(유상증자결정)(-15),2026-06-30: [기재정정]단일판매ㆍ공급계약체결               | 2026-06-29: [기재정정]주요사항보고서(유형자산양수결정) | 2026-06-26: [기재정정]주요사항보고서(유상증자결정) | 2026-06-10: 전환가액의조정              (제6회차),4
삼성전자,005930,-7,OK,,연결재무제표기준영업(잠정)실적(공정공시)              (+3),주요사항보고서(자기주식처분결정)(-10),2026-07-07: 주요사항보고서(자기주식처분결정) | 2026-07-07: 기업설명회(IR)개최(안내공시)               | 2026-07-07: 연결재무제표기준영업(잠정)실적(공정공시)               | 2026-07-06: 최대주주등소유주식변동신고서               | 2026-07-01: 임원ㆍ주요주주특정증권등소유상황보고서,21
이마트,139480,-7,OK,,영업(잠정)실적(공정공시)              (+3),[기재정정]주요사항보고서(자기주식처분결정)(-10),2026-06-30: 지속가능경영보고서등관련사항(자율공시)               | 2026-06-15: 기업설명회(IR)개최(안내공시)               | 2026-06-11: 영업(잠정)실적(공정공시)               | 2026-06-11: 타법인주식및출자증권취득결정               | 2026-06-08: [기재정정]주요사항보고서(자기주식처분결정),5
크레오에스지,040350,-5,OK,,,최대주주변경을수반하는주식담보제공계약체결              (-5),2026-07-06: 전환청구권행사              (제22회차) | 2026-06-19: 주식등의대량보유상황보고서(일반) | 2026-06-12: 최대주주변경을수반하는주식담보제공계약체결               | 2026-06-11: 주식등의대량보유상황보고서(일반) | 2026-06-09: 조회공시요구(현저한시황변동)에대한답변(미확정)              ,6
케이엠,083550,-5,OK,,,최대주주변경              (-5),2026-07-08: 임원ㆍ주요주주특정증권등소유상황보고서 | 2026-07-08: 임원ㆍ주요주주특정증권등소유상황보고서 | 2026-07-08: 최대주주변경               | 2026-06-09: 임원ㆍ주요주주특정증권등소유상황보고서 | 2026-06-08: 임원ㆍ주요주주특정증권등거래계획보고서,6
아진산업,013310,-5,OK,,,[기재정정]최대주주변경을수반하는주식담보제공계약체결              (-5),2026-07-06: [기재정정]최대주주변경을수반하는주식담보제공계약체결               | 2026-07-06: 주식등의대량보유상황보고서(일반) | 2026-06-29: [기재정정]타인에대한채무보증결정               | 2026-06-26: [기재정정]타인에대한채무보증결정               | 2026-06-22: 주식등의대량보유상황보고서(일반),5
코스텍시스템,169670,-5,OK,,,[기재정정]최대주주변경              (-5),2026-07-03: 주주총회소집공고 | 2026-06-25: 기업설명회(IR)개최결과               | 2026-06-24: 주식등의대량보유상황보고서(일반) | 2026-06-16: [기재정정]최대주주변경               | 2026-06-10: 주주총회소집결의              ,6
코난테크놀로지,402030,-5,OK,,,[기재정정]최대주주변경을수반하는주식담보제공계약체결              (-5),2026-06-30: [기재정정]최대주주변경을수반하는주식담보제공계약체결               | 2026-06-30: 주식등의대량보유상황보고서(일반),2
미코,059090,-5,OK,,,최대주주변경을수반하는주식담보제공계약체결              (-5),2026-07-02: 합병등종료보고서(합병) | 2026-07-01: 지주회사의자회사편입ㆍ탈퇴               | 2026-06-25: 주식등의대량보유상황보고서(일반) | 2026-06-23: 최대주주변경을수반하는주식담보제공계약체결               | 2026-06-09: 교환가액의조정              (제15회차),5
모티브링크,463480,-5,OK,,,최대주주변경을수반하는주식양수도계약체결              (-5),2026-07-02: 최대주주변경을수반하는주식양수도계약체결               | 2026-06-15: 임원ㆍ주요주주특정증권등거래계획보고서 | 2026-06-15: 임원ㆍ주요주주특정증권등거래계획보고서,3
AP위성,211270,-5,🚨 YES,주요사항보고서(전환사채권발행결정),[기재정정]단일판매ㆍ공급계약체결              (+5) | 단일판매ㆍ공급계약체결              (+5),주요사항보고서(전환사채권발행결정)(-15),2026-07-06: 증권발행결과(자율공시)               | 2026-07-02: [기재정정]단일판매ㆍ공급계약체결               | 2026-06-26: 주요사항보고서(전환사채권발행결정) | 2026-06-25: 단일판매ㆍ공급계약체결              ,4
현대건설,000720,-5,🚨 YES,주요사항보고서(전환사채권발행결정),단일판매ㆍ공급계약체결              (+5) | 단일판매ㆍ공급계약체결              (+5),주요사항보고서(전환사채권발행결정)(-15),2026-07-07: 유상증자또는주식관련사채등의발행결과(자율공시)               | 2026-07-02: 임원ㆍ주요주주특정증권등소유상황보고서 | 2026-07-01: 주식등의대량보유상황보고서(약식) | 2026-06-30: 임원ㆍ주요주주특정증권등소유상황보고서 | 2026-06-29: [기재정정]중대재해발생              ,16
한국정보통신,025770,-5,OK,,,[기재정정]최대주주변경을수반하는주식담보제공계약체결              (-5),2026-07-01: 주식등의대량보유상황보고서(일반) | 2026-07-01: 임원ㆍ주요주주특정증권등소유상황보고서 | 2026-07-01: 주요사항보고서(자기주식취득신탁계약체결결정) | 2026-07-01: 신탁계약해지결과보고서 | 2026-07-01: 주요사항보고서(자기주식취득신탁계약해지결정),8
아틀라스링크,297570,-5,OK,,,[기재정정]최대주주변경을수반하는주식양수도계약체결              (-5),2026-07-01: 사외이사의선임ㆍ해임또는중도퇴임에관한신고 | 2026-06-26: 주주명부폐쇄기간또는기준일설정               | 2026-06-26: 주주총회소집결의              (임시주주총회) | 2026-06-16: 주식등의대량보유상황보고서(일반) | 2026-06-16: 주식등의대량보유상황보고서(일반),24
우진아이엔에스,010400,-5,OK,,[기재정정]단일판매ㆍ공급계약체결              (+5) | 단일판매ㆍ공급계약체결              (+5) | 단일판매ㆍ공급계약체결              (+5),[기재정정]주요사항보고서(자기주식처분결정)(-10) | [기재정정]주요사항보고서(자기주식처분결정)(-10),2026-07-03: 자기주식처분결과보고서 | 2026-07-02: [기재정정]단일판매ㆍ공급계약체결               | 2026-07-01: [기재정정]주요사항보고서(자기주식처분결정) | 2026-07-01: 기타경영사항(자율공시)              ([국책과제 주관기관 선정]) | 2026-06-29: 소송등의제기ㆍ신청(경영권분쟁소송)              ,9
성원에너텍,340930,-5,OK,,,최대주주변경을수반하는주식양수도계약해제ㆍ취소등              (-5),2026-06-26: 최대주주변경을수반하는주식양수도계약해제ㆍ취소등               | 2026-06-23: [기재정정]사업보고서 (2025.12),2
와이지-원,019210,-5,OK,,,[기재정정]최대주주변경을수반하는주식담보제공계약체결              (-5),2026-06-22: [기재정정]최대주주변경을수반하는주식담보제공계약체결               | 2026-06-22: 주식등의대량보유상황보고서(일반),2
대양전기공업,108380,-5,OK,,[기재정정]단일판매ㆍ공급계약체결              (+5),주요사항보고서(자기주식처분결정)(-10),2026-07-02: 임원ㆍ주요주주특정증권등소유상황보고서 | 2026-06-30: [기재정정]단일판매ㆍ공급계약체결               | 2026-06-26: 자기주식처분결과보고서 | 2026-06-25: 주요사항보고서(자기주식처분결정) | 2026-06-17: 타법인주식및출자증권취득결정              ,5
한솔케미칼,014680,-5,OK,,주식소각결정              (+5),최대주주변경              (-5) | 최대주주등소유주식변동신고서(최대주주변경시)              (-5),2026-07-02: 임원ㆍ주요주주특정증권등소유상황보고서 | 2026-07-01: 최대주주변경               | 2026-07-01: 최대주주등소유주식변동신고서(최대주주변경시)               | 2026-07-01: 주식등의대량보유상황보고서(약식) | 2026-06-19: 주식소각결정              ,6
대신증권,003540,-5,OK,,주식소각결정              (+5),주요사항보고서(자기주식처분결정)(-10),2026-07-08: 투자설명서(일괄신고) | 2026-07-08: 투자설명서(일괄신고) | 2026-07-08: 일괄신고추가서류(파생결합사채-주가연계파생결합사채) | 2026-07-08: 일괄신고추가서류(기타파생결합사채) | 2026-07-08: 투자설명서(일괄신고),74
카카오게임즈,293490,-5,OK,,주식소각결정              (+5),최대주주변경을수반하는주식담보제공계약체결              (-5) | 최대주주변경              (-5),2026-07-08: 수시공시의무관련사항(공정공시)               | 2026-07-08: 주식소각결정               | 2026-07-08: 주주명부폐쇄기간또는기준일설정               | 2026-06-26: 지속가능경영보고서등관련사항(자율공시)               | 2026-06-25: 임원ㆍ주요주주특정증권등소유상황보고서,16
파버나인,177830,-5,OK,,,[기재정정]최대주주변경을수반하는주식담보제공계약체결              (-5),2026-07-03: 주식등의대량보유상황보고서(일반) | 2026-07-03: [기재정정]최대주주변경을수반하는주식담보제공계약체결               | 2026-06-19: 주식등의대량보유상황보고서(약식) | 2026-06-15: 전환가액의조정              ,4
EDGC,245620,-5,OK,,,[기재정정]최대주주변경              (-5),2026-06-30: 대표이사변경               | 2026-06-30: 임시주주총회결과               | 2026-06-30: 사외이사의선임ㆍ해임또는중도퇴임에관한신고 | 2026-06-29: [기재정정]최대주주변경               | 2026-06-29: [기재정정]주주총회소집공고,7
대성하이텍,129920,-5,OK,,,[기재정정]최대주주변경을수반하는주식담보제공계약체결              (-5),2026-07-06: [기재정정]최대주주변경을수반하는주식담보제공계약체결               | 2026-06-22: [기재정정]임원ㆍ주요주주특정증권등소유상황보고서 | 2026-06-22: 임원ㆍ주요주주특정증권등소유상황보고서 | 2026-06-22: 주식등의대량보유상황보고서(일반) | 2026-06-18: 전환가액의조정              (제6회차),7
에이비온,203400,-5,OK,,,최대주주변경을수반하는주식담보제공계약체결              (-5),2026-07-06: 임원ㆍ주요주주특정증권등소유상황보고서 | 2026-07-03: 최대주주변경을수반하는주식담보제공계약체결               | 2026-07-02: 주주총회소집결의              (임시주주총회) | 2026-07-02: 주주명부폐쇄기간또는기준일설정               | 2026-07-02: 주식병합결정              ,10
비츠로테크,042370,-5,OK,,주식소각결정(자회사의 주요경영사항)              (+5),주요사항보고서(자기주식처분결정)(자회사의 주요경영사항)              (-10),2026-06-30: 주식소각결정(자회사의 주요경영사항)               | 2026-06-25: 주요사항보고서(자기주식처분결정)(자회사의 주요경영사항)              ,2
하나머티리얼즈,166090,-5,OK,,,[기재정정]최대주주변경을수반하는주식담보제공계약체결              (-5),2026-06-23: 주식등의대량보유상황보고서(일반) | 2026-06-22: [기재정정]최대주주변경을수반하는주식담보제공계약체결              ,2
파인테크닉스,106240,-5,OK,,,[기재정정]최대주주변경을수반하는주식양수도계약체결              (-5),2026-07-06: 전환사채(해외전환사채포함)발행후만기전사채취득               | 2026-06-29: 전환사채(해외전환사채포함)발행후만기전사채취득               | 2026-06-15: [기재정정]최대주주변경을수반하는주식양수도계약체결              ,3
LK삼양,225190,-5,OK,,,[기재정정]최대주주변경을수반하는주식담보제공계약체결              (-5),2026-07-08: 주식등의대량보유상황보고서(일반) | 2026-07-07: 주주명부폐쇄기간또는기준일설정               | 2026-07-07: 주주총회소집결의              (임시주주총회) | 2026-07-07: 주식병합결정               | 2026-07-06: [기재정정]최대주주변경을수반하는주식담보제공계약체결              ,5
이지스밸류플러스리츠,334890,-5,OK,,,최대주주변경              (-5),2026-07-07: 임원ㆍ주요주주특정증권등소유상황보고서 | 2026-07-02: 임원ㆍ주요주주특정증권등소유상황보고서 | 2026-07-01: 주식등의대량보유상황보고서(약식) | 2026-06-30: 임원ㆍ주요주주특정증권등소유상황보고서 | 2026-06-25: 임원ㆍ주요주주특정증권등소유상황보고서,14
비츠로셀,082920,-5,OK,,주식소각결정              (+5),주요사항보고서(자기주식처분결정)(-10),2026-07-06: 임원ㆍ주요주주특정증권등소유상황보고서 | 2026-07-06: 임원ㆍ주요주주특정증권등소유상황보고서 | 2026-07-06: 임원ㆍ주요주주특정증권등소유상황보고서 | 2026-07-06: 임원ㆍ주요주주특정증권등소유상황보고서 | 2026-07-06: 임원ㆍ주요주주특정증권등소유상황보고서,12
경동제약,011040,-5,OK,,,[기재정정]최대주주변경을수반하는주식담보제공계약체결              (-5),2026-07-06: [기재정정]최대주주변경을수반하는주식담보제공계약체결               | 2026-06-09: 임원ㆍ주요주주특정증권등소유상황보고서,2
LSK아이로봇,091970,-5,OK,,,최대주주변경을수반하는주식담보제공계약해제ㆍ취소등              (-5),2026-07-08: 주식등의대량보유상황보고서(약식) | 2026-07-07: 전환사채(해외전환사채포함)발행후만기전사채취득               | 2026-07-06: 전환가액의조정               | 2026-06-19: 임원ㆍ주요주주특정증권등소유상황보고서 | 2026-06-19: 임원ㆍ주요주주특정증권등소유상황보고서,8
인터로조,119610,-5,OK,,,[기재정정]최대주주변경을수반하는주식담보제공계약체결              (-5),2026-06-26: [기재정정]최대주주변경을수반하는주식담보제공계약체결               | 2026-06-26: 임원ㆍ주요주주특정증권등소유상황보고서 | 2026-06-15: [기재정정]사업보고서 (2025.12) | 2026-06-15: 임원ㆍ주요주주특정증권등소유상황보고서,4
골프존홀딩스,121440,-2,OK,,유형자산취득결정(자회사의 주요경영사항)              (+3),최대주주변경을수반하는주식담보제공계약체결              (-5),2026-07-03: 유형자산취득결정(자회사의 주요경영사항)               | 2026-07-02: 주식등의대량보유상황보고서(일반) | 2026-06-30: 최대주주변경을수반하는주식담보제공계약체결               | 2026-06-29: 공개매수설명서 | 2026-06-29: 공개매수신고서,5
E1,017940,0,OK,,,,2026-07-01: 계열금융회사를거래상대방으로한단기금융상품거래의분기별공시 | 2026-06-19: 지속가능경영보고서등관련사항(자율공시)               | 2026-06-12: 약관에의한금융거래시계열금융회사의거래상대방의공시 | 2026-06-11: 임원ㆍ주요주주특정증권등거래계획보고서 | 2026-06-11: 임원ㆍ주요주주특정증권등거래계획보고서,8
AK홀딩스,006840,0,OK,,,,2026-06-23: 지주회사의자회사탈퇴               | 2026-06-15: 특수관계인에대한주식의처분 | 2026-06-15: 특수관계인에대한자금대여 | 2026-06-15: 특수관계인에대한담보제공 | 2026-06-15: 타법인주식및출자증권처분결정              ,10
한국특강,007280,0,OK,,,,2026-07-01: 최대주주등소유주식변동신고서               | 2026-07-01: 주식등의대량보유상황보고서(일반) | 2026-06-24: 임원ㆍ주요주주특정증권등거래계획보고서 | 2026-06-24: 임원ㆍ주요주주특정증권등거래계획보고서,4
노루페인트,090350,0,OK,,,,2026-06-30: 최대주주등소유주식변동신고서               | 2026-06-26: 최대주주등소유주식변동신고서               | 2026-06-24: 최대주주등소유주식변동신고서              ,3
덕산테코피아,317330,0,OK,,,,2026-06-30: 임시주주총회결과               | 2026-06-30: 임원ㆍ주요주주특정증권등소유상황보고서 | 2026-06-15: 의결권대리행사권유참고서류 | 2026-06-15: 주주총회소집공고,4
이퓨쳐,134060,0,OK,,,,2026-06-24: 주요사항보고서(자기주식취득신탁계약체결결정) | 2026-06-24: 신탁계약해지결과보고서 | 2026-06-24: 주요사항보고서(자기주식취득신탁계약해지결정),3
에코프로머티,450080,0,OK,,,,2026-07-07: 주식등의대량보유상황보고서(일반) | 2026-07-01: 주식등의대량보유상황보고서(약식) | 2026-06-25: 최대주주등소유주식변동신고서               | 2026-06-25: 주식등의대량보유상황보고서(일반) | 2026-06-24: 임원ㆍ주요주주특정증권등소유상황보고서,6
파마리서치,214450,0,OK,,,,2026-06-26: 기업설명회(IR)개최               | 2026-06-12: 지속가능경영보고서등관련사항(자율공시)               | 2026-06-09: 기업설명회(IR)개최              ,3
플레이디,237820,0,OK,,,,2026-06-10: [기재정정]주식등의대량보유상황보고서(일반) | 2026-06-09: 주식등의대량보유상황보고서(일반) | 2026-06-09: 임원ㆍ주요주주특정증권등소유상황보고서,3
대동전자,008110,0,OK,,,,2026-06-25: [기재정정]주주총회소집공고 | 2026-06-25: 사업보고서 (2026.03) | 2026-06-10: 주주총회소집공고,3
CG인바이츠,083790,0,OK,,,,2026-07-06: 임원ㆍ주요주주특정증권등소유상황보고서 | 2026-07-01: [기재정정]주식등의대량보유상황보고서(일반) | 2026-07-01: 주식등의대량보유상황보고서(일반) | 2026-06-29: 주식매수선택권부여에관한신고 | 2026-06-29: 사외이사의선임ㆍ해임또는중도퇴임에관한신고,13
위지트,036090,0,OK,,,,2026-06-18: 주식등의대량보유상황보고서(일반) | 2026-06-18: 임원ㆍ주요주주특정증권등소유상황보고서 | 2026-06-10: 증권발행결과(자율공시)               | 2026-06-08: 임원ㆍ주요주주특정증권등소유상황보고서 | 2026-06-08: 임원ㆍ주요주주특정증권등소유상황보고서,7
콜마홀딩스,024720,0,OK,,,,2026-07-08: 최대주주등소유주식변동신고서               | 2026-07-08: 주식등의대량보유상황보고서(일반) | 2026-07-07: 최대주주등소유주식변동신고서               | 2026-07-07: 주식등의대량보유상황보고서(일반) | 2026-07-06: 공정거래자율준수프로그램운영현황(안내공시)              ,9
롤링스톤,214610,0,OK,,,,2026-06-30: 임시주주총회결과               | 2026-06-30: 사외이사의선임ㆍ해임또는중도퇴임에관한신고 | 2026-06-19: [첨부정정]금전대여결정              (대여기간 연장) | 2026-06-17: 주식등의대량보유상황보고서(약식) | 2026-06-16: [기재정정]주주총회소집공고,7
프로티나,468530,0,OK,,,,2026-07-07: 기업설명회(IR)개최               | 2026-06-17: 기타경영사항(자율공시)              ([국책과제 선정] 국가신약개발재단(KDDF) 과제 협약 체결 완료) | 2026-06-12: 주식매수선택권부여에관한신고,3
미래에셋글로벌리츠,396690,0,OK,,,,2026-07-08: [기재정정]부동산투자회사자금차입               | 2026-07-03: 불성실공시법인지정               | 2026-06-24: 부동산투자회사자금차입               | 2026-06-24: 정기주주총회결과               | 2026-06-23: [기재정정]주주총회소집공고,12
한글과컴퓨터,030520,0,OK,,,,2026-07-07: 임원ㆍ주요주주특정증권등소유상황보고서 | 2026-07-07: 주식등의대량보유상황보고서(일반) | 2026-07-02: 임원ㆍ주요주주특정증권등소유상황보고서 | 2026-07-02: 주식등의대량보유상황보고서(일반) | 2026-07-02: 상호변경안내              ,15
디와이,013570,0,OK,,,,2026-07-03: 계열회사변경(자율공시)               | 2026-07-03: 지주회사의자회사탈퇴               | 2026-07-03: 합병등종료보고서(합병) | 2026-07-02: 대표이사(대표집행임원)변경(안내공시)               | 2026-06-17: 최대주주등소유주식변동신고서              ,5
오텍,067170,0,OK,,,,2026-06-30: 신주인수권행사              (제13회차) | 2026-06-25: 주식등의대량보유상황보고서(일반) | 2026-06-25: 임원ㆍ주요주주특정증권등소유상황보고서 | 2026-06-25: 임원ㆍ주요주주특정증권등소유상황보고서 | 2026-06-17: 주식등의대량보유상황보고서(일반),10
티엠씨,217590,0,OK,,,,2026-07-01: 기업설명회(IR)개최(안내공시)               | 2026-06-23: 임원ㆍ주요주주특정증권등소유상황보고서 | 2026-06-23: 주식등의대량보유상황보고서(약식) | 2026-06-19: 기업설명회(IR)개최(안내공시)               | 2026-06-10: 기타안내사항(안내공시)              ,5
셀리드,299660,0,OK,,,,2026-07-07: 타인에대한담보제공결정               | 2026-07-07: [기재정정]주식매수선택권부여에관한신고 | 2026-07-07: [기재정정]주식매수선택권부여에관한신고 | 2026-07-01: 임원ㆍ주요주주특정증권등소유상황보고서 | 2026-06-30: 임원ㆍ주요주주특정증권등소유상황보고서,7
KBG,318000,0,OK,,,,2026-07-07: 임원ㆍ주요주주특정증권등소유상황보고서 | 2026-06-30: 임원ㆍ주요주주특정증권등소유상황보고서 | 2026-06-23: 임원ㆍ주요주주특정증권등소유상황보고서 | 2026-06-23: 임원ㆍ주요주주특정증권등소유상황보고서 | 2026-06-16: 임원ㆍ주요주주특정증권등소유상황보고서,6
현대엘리베이터,017800,0,OK,,,,2026-07-03: 주식등의대량보유상황보고서(일반) | 2026-07-03: 임원ㆍ주요주주특정증권등소유상황보고서 | 2026-06-30: 지속가능경영보고서등관련사항(자율공시)               | 2026-06-26: 임원ㆍ주요주주특정증권등소유상황보고서 | 2026-06-12: 최대주주등소유주식변동신고서              ,6
일월지엠엘,178780,0,OK,,,,2026-07-07: [기재정정]사업보고서 (2025.12) | 2026-07-06: 주주명부폐쇄기간또는기준일설정               | 2026-07-06: 주주총회소집결의              (임시주주총회) | 2026-06-23: 주식등의대량보유상황보고서(일반) | 2026-06-23: 임원ㆍ주요주주특정증권등소유상황보고서,7
티웨이홀딩스,004870,0,OK,,,,2026-07-08: 최대주주등소유주식변동신고서               | 2026-06-19: 임시주주총회결과               | 2026-06-15: 주식등의대량보유상황보고서(일반),3
삼성출판사,068290,0,OK,,,,2026-06-30: 임원ㆍ주요주주특정증권등소유상황보고서 | 2026-06-30: 최대주주등소유주식변동신고서               | 2026-06-26: 임원ㆍ주요주주특정증권등소유상황보고서 | 2026-06-26: 최대주주등소유주식변동신고서              ,4
사조대림,003960,0,OK,,,,2026-07-03: 최대주주등소유주식변동신고서               | 2026-07-03: 임원ㆍ주요주주특정증권등소유상황보고서 | 2026-06-26: 동일인등출자계열회사와의상품ㆍ용역거래 | 2026-06-25: 최대주주등소유주식변동신고서               | 2026-06-25: 임원ㆍ주요주주특정증권등소유상황보고서,7
이씨에스,067010,0,OK,,,,2026-06-22: 기업가치제고계획(자율공시)              (2026년 (주)이씨에스텔레콤 기업가치 제고 계획) | 2026-06-19: 정기주주총회결과               | 2026-06-15: [기재정정]수시공시의무관련사항(공정공시)              (2026년 사업연도 주주환원 정책 안내) | 2026-06-15: 수시공시의무관련사항(공정공시)              (2026년 사업연도 주주환원 정책 안내) | 2026-06-11: 사업보고서 (2026.03),6
엔솔바이오사이언스,140610,0,OK,,,,2026-07-03: 기업설명회(IR)개최결과               | 2026-06-30: 지정자문인선임계약의변경               | 2026-06-19: 증권발행결과(자율공시)              (제3자배정 유상증자) | 2026-06-18: 기업설명회(IR)개최              ,4
에넥스,011090,0,OK,,,,2026-06-30: 주식등의대량보유상황보고서(일반) | 2026-06-30: 최대주주등소유주식변동신고서               | 2026-06-19: 임원ㆍ주요주주특정증권등거래계획보고서 | 2026-06-19: 임원ㆍ주요주주특정증권등소유상황보고서 | 2026-06-19: 임원ㆍ주요주주특정증권등소유상황보고서,14
동운아나텍,094170,0,OK,,,,2026-06-24: 주식등의대량보유상황보고서(일반) | 2026-06-24: 임원ㆍ주요주주특정증권등소유상황보고서 | 2026-06-18: 임원ㆍ주요주주특정증권등소유상황보고서,3
코미코,183300,0,OK,,,,2026-06-30: 의결권대리행사권유참고서류 | 2026-06-30: 주주총회소집공고 | 2026-06-22: 주식등의대량보유상황보고서(일반) | 2026-06-10: 임원ㆍ주요주주특정증권등소유상황보고서 | 2026-06-09: 주식등의대량보유상황보고서(일반),5
티에프이,425420,0,OK,,,,2026-06-29: 임시주주총회결과               | 2026-06-16: [기재정정]신규시설투자등               | 2026-06-12: 주주총회소집공고,3
대원강업,000430,0,OK,,,,2026-07-03: 최대주주등소유주식변동신고서               | 2026-07-03: 임원ㆍ주요주주특정증권등소유상황보고서 | 2026-07-03: 주식등의대량보유상황보고서(일반) | 2026-06-24: 최대주주등소유주식변동신고서               | 2026-06-24: 임원ㆍ주요주주특정증권등소유상황보고서,9
상상인,038540,0,OK,,,,2026-07-02: [기재정정]사업보고서 (2025.12) | 2026-06-16: 주요사항보고서(자기주식취득신탁계약체결결정) | 2026-06-11: 신탁계약해지결과보고서 | 2026-06-11: 주요사항보고서(자기주식취득신탁계약해지결정),4
바이오스마트,038460,0,OK,,,,2026-07-08: 주식등의대량보유상황보고서(일반) | 2026-07-08: 임원ㆍ주요주주특정증권등소유상황보고서 | 2026-07-08: 임원ㆍ주요주주특정증권등소유상황보고서,3
YTN,040300,0,OK,,,,2026-06-26: 사외이사의선임ㆍ해임또는중도퇴임에관한신고 | 2026-06-26: 임시주주총회결과               | 2026-06-11: 주주총회소집공고 | 2026-06-10: [기재정정]주주총회소집결의              (임시주주총회),4
엔알비,475230,0,OK,,,,2026-06-26: 임원ㆍ주요주주특정증권등소유상황보고서 | 2026-06-25: 임원ㆍ주요주주특정증권등소유상황보고서 | 2026-06-19: 임원ㆍ주요주주특정증권등소유상황보고서 | 2026-06-19: 임원ㆍ주요주주특정증권등소유상황보고서 | 2026-06-19: 임원ㆍ주요주주특정증권등소유상황보고서,10
윌비스,008600,0,OK,,,,2026-07-02: [기재정정]사업보고서 (2025.12) | 2026-07-02: 임원ㆍ주요주주특정증권등소유상황보고서 | 2026-07-02: 임원ㆍ주요주주특정증권등소유상황보고서 | 2026-07-02: 임원ㆍ주요주주특정증권등소유상황보고서 | 2026-07-02: 최대주주등소유주식변동신고서              ,5
이화공영,001840,0,OK,,,,2026-06-24: 의결권대리행사권유참고서류 | 2026-06-24: 주주총회소집공고 | 2026-06-23: [기재정정]주주총회소집결의              (임시주주총회) | 2026-06-15: 기타시장안내              (상장폐지 관련 이의신청서 접수),4
고려아연,010130,0,OK,,,,2026-07-08: 풍문또는보도에대한해명               | 2026-06-30: [기재정정]신규시설투자등(자율공시)               | 2026-06-30: 지속가능경영보고서등관련사항(자율공시)               | 2026-06-29: 동일인등출자계열회사와의상품ㆍ용역거래변경 | 2026-06-24: [기재정정]회계처리기준위반에따른임원의해임권고조치              ,9
한화투자증권,003530,0,OK,,,,2026-07-08: 투자설명서(일괄신고) | 2026-07-08: 일괄신고추가서류(파생결합사채-주가연계파생결합사채) | 2026-07-08: 투자설명서(일괄신고) | 2026-07-08: 일괄신고추가서류(파생결합사채-주가연계파생결합사채) | 2026-07-08: 투자설명서(일괄신고),100
노루홀딩스,000320,0,OK,,,,2026-07-03: 임원ㆍ주요주주특정증권등소유상황보고서 | 2026-07-03: 임원ㆍ주요주주특정증권등소유상황보고서 | 2026-07-03: 주식등의대량보유상황보고서(일반) | 2026-07-03: 최대주주등소유주식변동신고서              ,4
영흥,012160,0,OK,,,,2026-06-22: 주식등의대량보유상황보고서(약식) | 2026-06-19: 타인에대한채무보증결정               | 2026-06-16: 임원ㆍ주요주주특정증권등소유상황보고서 | 2026-06-16: 주식등의대량보유상황보고서(일반) | 2026-06-16: 임원ㆍ주요주주특정증권등소유상황보고서,9
하나투어,039130,0,OK,,,,2026-07-07: 주주명부폐쇄기간또는기준일설정               | 2026-07-07: 주주총회소집결의               | 2026-07-01: 지속가능경영보고서등관련사항(자율공시)               | 2026-07-01: 주식등의대량보유상황보고서(약식),4
더코디,224060,0,OK,,,,2026-07-08: [기재정정]주주총회소집결의              (임시주주총회) | 2026-07-08: [기재정정]주주명부폐쇄기간또는기준일설정               | 2026-07-01: 주식등의대량보유상황보고서(일반) | 2026-06-26: [기재정정]주요사항보고서(자기전환사채매도결정) | 2026-06-22: 전환가액의조정              (제8회차),5
NC,036570,0,OK,,,,2026-07-02: 임원ㆍ주요주주특정증권등소유상황보고서 | 2026-07-01: 주식등의대량보유상황보고서(약식) | 2026-06-24: 지속가능경영보고서등관련사항(자율공시)               | 2026-06-10: 기업설명회(IR)개최(안내공시)               | 2026-06-10: 최대주주등소유주식변동신고서              ,6
피노,033790,0,OK,,,,2026-06-16: 합병등종료보고서(자산양수도) | 2026-06-12: [기재정정]주요사항보고서(타법인주식및출자증권양수결정) | 2026-06-12: [첨부정정]주요사항보고서(타법인주식및출자증권양수결정) | 2026-06-10: 주주명부폐쇄기간또는기준일설정               | 2026-06-10: 주주총회소집결의              (임시주주총회),6
파미셀,005690,0,OK,,,,2026-06-19: 임원ㆍ주요주주특정증권등소유상황보고서 | 2026-06-19: 임원ㆍ주요주주특정증권등소유상황보고서 | 2026-06-19: 임원ㆍ주요주주특정증권등소유상황보고서 | 2026-06-19: 임원ㆍ주요주주특정증권등소유상황보고서 | 2026-06-19: 임원ㆍ주요주주특정증권등소유상황보고서,8
에이텍,045660,0,OK,,,,2026-07-02: 임원ㆍ주요주주특정증권등거래계획보고서 | 2026-06-29: 주식등의대량보유상황보고서(일반) | 2026-06-26: 임원ㆍ주요주주특정증권등거래계획보고서 | 2026-06-26: 임원ㆍ주요주주특정증권등소유상황보고서 | 2026-06-24: 임원ㆍ주요주주특정증권등소유상황보고서,7
LX홀딩스,383800,0,OK,,,,2026-07-02: 주식등의대량보유상황보고서(약식) | 2026-06-30: 지속가능경영보고서등관련사항(자율공시)               | 2026-06-30: [기재정정]신규시설투자등(자회사의 주요경영사항)               | 2026-06-26: 단기차입금증가결정(자회사의 주요경영사항)              ,4
삼익THK,004380,0,OK,,,,2026-07-07: 최대주주등소유주식변동신고서               | 2026-07-07: [기재정정]최대주주등소유주식변동신고서               | 2026-06-26: 최대주주등소유주식변동신고서              ,3
큐캐피탈,016600,0,OK,,,,2026-06-26: 주식등의대량보유상황보고서(일반) | 2026-06-26: 임원ㆍ주요주주특정증권등소유상황보고서 | 2026-06-26: 임원ㆍ주요주주특정증권등소유상황보고서 | 2026-06-26: 임원ㆍ주요주주특정증권등소유상황보고서 | 2026-06-26: 임원ㆍ주요주주특정증권등소유상황보고서,12
에이엘티,172670,0,OK,,,,2026-07-06: 임원ㆍ주요주주특정증권등소유상황보고서 | 2026-07-06: 주식등의대량보유상황보고서(일반) | 2026-07-02: 주식등의대량보유상황보고서(일반) | 2026-06-22: 임원ㆍ주요주주특정증권등소유상황보고서 | 2026-06-22: 주식등의대량보유상황보고서(일반),5
넷마블,251270,0,OK,,,,2026-06-30: 지속가능경영보고서등관련사항(자율공시)               | 2026-06-25: 신탁계약해지결과보고서 | 2026-06-25: 주요사항보고서(자기주식취득신탁계약해지결정) | 2026-06-25: 신탁계약에의한취득상황보고서,4
녹십자홀딩스,005250,0,OK,,,,2026-06-15: 주식등의대량보유상황보고서(일반) | 2026-06-15: 임원ㆍ주요주주특정증권등소유상황보고서 | 2026-06-15: 최대주주등소유주식변동신고서              ,3
코웨이,021240,0,OK,,,,2026-07-07: 주식등의대량보유상황보고서(일반) | 2026-07-07: 기업설명회(IR)개최(안내공시)               | 2026-06-30: 지속가능경영보고서등관련사항(자율공시)               | 2026-06-26: 최대주주등소유주식변동신고서               | 2026-06-26: 임원ㆍ주요주주특정증권등소유상황보고서,5
리노공업,058470,0,OK,,,,2026-07-08: 주식등의대량보유상황보고서(약식) | 2026-07-01: 주식등의대량보유상황보고서(약식) | 2026-06-16: 임원ㆍ주요주주특정증권등소유상황보고서 | 2026-06-15: 주식등의대량보유상황보고서(일반),4
석경에이티,357550,0,OK,,,,2026-07-06: 임원ㆍ주요주주특정증권등소유상황보고서 | 2026-07-06: 임원ㆍ주요주주특정증권등소유상황보고서 | 2026-06-29: 주요사항보고서(자기주식취득신탁계약체결결정) | 2026-06-22: 주식등의대량보유상황보고서(일반) | 2026-06-22: 임원ㆍ주요주주특정증권등소유상황보고서,5
한국금융지주,071050,0,OK,,,,2026-07-02: 증권발행실적보고서 | 2026-07-02: 임원ㆍ주요주주특정증권등소유상황보고서 | 2026-07-02: 투자설명서 | 2026-07-01: [발행조건확정]증권신고서(채무증권) | 2026-06-30: 지속가능경영보고서등관련사항(자율공시)              ,10
LG,003550,0,OK,,,,2026-07-03: 주식등의대량보유상황보고서(일반) | 2026-07-01: 주식등의대량보유상황보고서(약식) | 2026-06-30: 투자판단관련주요경영사항(자회사의 주요경영사항)              (제미다파엠서방정 국내 품목허가 신청) | 2026-06-22: 기업설명회(IR)개최(안내공시)              ,4
세진티에스,067770,0,OK,,,,2026-07-01: 주요사항보고서(자기주식취득신탁계약체결결정) | 2026-06-29: [기재정정]사업보고서 (2025.12) | 2026-06-24: 주주명부폐쇄기간또는기준일설정               | 2026-06-24: 주주총회소집결의              ,4
제주항공,089590,0,OK,,,,2026-06-30: [기재정정]영업양도결정(자율공시)(종속회사의주요경영사항)               | 2026-06-29: 주식등의대량보유상황보고서(일반) | 2026-06-11: 주식등의대량보유상황보고서(일반) | 2026-06-09: [기재정정]신규시설투자등              ,4
드림씨아이에스,223250,0,OK,,,,2026-06-26: 임원ㆍ주요주주특정증권등소유상황보고서 | 2026-06-26: 임원ㆍ주요주주특정증권등소유상황보고서 | 2026-06-17: 기업설명회(IR)개최              ,3
티엘엔지니어링,413300,0,OK,,,,2026-07-03: 기업설명회(IR)개최결과               | 2026-06-22: 기업설명회(IR)개최결과               | 2026-06-19: 기업설명회(IR)개최               | 2026-06-09: 기업설명회(IR)개최              ,4
교보증권,030610,0,OK,,,,2026-07-08: 투자설명서(일괄신고) | 2026-07-08: 일괄신고추가서류(파생결합사채-주가연계파생결합사채) | 2026-07-08: 투자설명서(일괄신고) | 2026-07-08: 증권발행실적보고서 | 2026-07-08: 일괄신고추가서류(파생결합사채-주가연계파생결합사채),100
아이티센글로벌,124500,0,OK,,,,2026-06-25: [기재정정]타인에대한채무보증결정               | 2026-06-17: 기업설명회(IR)개최               | 2026-06-11: [기재정정]타인에대한채무보증결정              ,3
이큐셀,160600,0,OK,,,,2026-07-03: [기재정정]분기보고서 (2026.03) | 2026-07-03: [기재정정]사업보고서 (2025.12) | 2026-07-03: [기재정정]분기보고서 (2025.09) | 2026-07-03: [기재정정]반기보고서 (2025.06),4
핀텔,291810,0,OK,,,,2026-07-06: 조회공시요구(현저한시황변동)에대한답변(중요정보없음)               | 2026-06-17: 조회공시요구(현저한시황변동)에대한답변(미확정)               | 2026-06-09: [기재정정]조회공시요구(현저한시황변동)에대한답변(미확정)               | 2026-06-09: 조회공시요구(현저한시황변동)에대한답변(미확정)               | 2026-06-08: 조회공시요구(현저한시황변동)              ,5
보원케미칼,0010F0,0,OK,,,,2026-06-30: [기재정정]사업보고서 (2025.12) | 2026-06-16: 주식등의대량보유상황보고서(약식) | 2026-06-16: [기재정정]사업보고서 (2025.12),3
이노션,214320,0,OK,,,,2026-07-01: 주식등의대량보유상황보고서(약식) | 2026-06-11: 주식등의대량보유상황보고서(약식) | 2026-06-09: 주식등의대량보유상황보고서(약식),3
더핑크퐁컴퍼니,403850,0,OK,,,,2026-07-01: 임원ㆍ주요주주특정증권등소유상황보고서 | 2026-07-01: 주식등의대량보유상황보고서(일반) | 2026-06-09: 임원ㆍ주요주주특정증권등소유상황보고서 | 2026-06-09: 주식등의대량보유상황보고서(일반),4
압타머사이언스,291650,0,OK,,,,2026-07-08: 상호변경안내               | 2026-07-08: 임시주주총회결과               | 2026-06-23: [기재정정]주주총회소집공고 | 2026-06-23: [기재정정]주주총회소집결의               | 2026-06-23: 주식병합결정              ,7
효성화학,298000,0,OK,,,,2026-06-30: 타인에대한채무보증결정               | 2026-06-18: [기재정정]타법인주식및출자증권취득결정               | 2026-06-12: 기타경영사항(자율공시)               | 2026-06-12: 기타시장안내              (유가증권시장 기업심사위원회 심의결과 및 상장유지 결정 안내) | 2026-06-08: [기재정정]타법인주식및출자증권취득결정              ,5
롯데하이마트,071840,0,OK,,,,2026-06-29: 지속가능경영보고서등관련사항(자율공시)               | 2026-06-25: 주주명부폐쇄기간또는기준일설정               | 2026-06-25: 주주총회소집결의              ,3
앱토크롬,109960,0,OK,,,,"2026-06-29: [기재정정]주권관련사채권의취득결정               | 2026-06-26: [기재정정]주요사항보고서(주권관련사채권양도결정) | 2026-06-26: [기재정정]투자판단관련주요경영사항              ((주)에이프로젠의 AP096, Adalimumab Biosimilar 개발을 위한 투자금 분담 계약 체결) | 2026-06-23: [기재정정]주권관련사채권의취득결정               | 2026-06-19: [기재정정]주권관련사채권의취득결정              ",7
리더스코스메틱,016100,0,OK,,,,2026-07-08: 주식등의대량보유상황보고서(일반) | 2026-07-08: 임원ㆍ주요주주특정증권등소유상황보고서 | 2026-07-03: 주식등의대량보유상황보고서(일반) | 2026-07-03: [기재정정]주식등의대량보유상황보고서(일반) | 2026-07-03: 임원ㆍ주요주주특정증권등소유상황보고서,10
엘브이엠씨,900140,0,OK,,,,2026-07-07: 주식등의대량보유상황보고서(일반) | 2026-06-09: 조회공시요구(풍문또는보도)에대한답변(부인)               | 2026-06-08: 전환가액ㆍ신주인수권행사가액ㆍ교환가액의조정(안내공시)              ,3
태광산업,003240,0,OK,,,,2026-06-30: 공정거래자율준수프로그램운영현황(안내공시)               | 2026-06-30: 기업설명회(IR)개최(안내공시)               | 2026-06-30: 특수관계인에대한자금대여 | 2026-06-30: 기업가치제고계획(자율공시)               | 2026-06-30: [기재정정]특수관계인과의수익증권거래,8
유니크,011320,0,OK,,,,2026-07-06: 현금ㆍ현물배당결정              (분기배당) | 2026-07-06: 사외이사의선임ㆍ해임또는중도퇴임에관한신고 | 2026-07-06: 임시주주총회결과               | 2026-07-03: 임원ㆍ주요주주특정증권등소유상황보고서 | 2026-06-19: 주주총회소집공고,10
TYM,002900,0,OK,,,,2026-07-01: 임원ㆍ주요주주특정증권등소유상황보고서 | 2026-06-16: 임원ㆍ주요주주특정증권등소유상황보고서 | 2026-06-11: 임원ㆍ주요주주특정증권등소유상황보고서,3
부산은행,005280,0,OK,,,,2026-07-02: 증권발행실적보고서 | 2026-07-01: 투자설명서(일괄신고) | 2026-07-01: 일괄신고추가서류 | 2026-06-18: 증권발행실적보고서 | 2026-06-17: 투자설명서(일괄신고),9
페이퍼코리아,001020,0,OK,,,,2026-06-30: 사외이사의선임ㆍ해임또는중도퇴임에관한신고 | 2026-06-30: 임시주주총회결과               | 2026-06-15: 주주총회소집공고,3
교촌에프앤비,339770,0,OK,,,,2026-06-12: 최대주주등소유주식변동신고서               | 2026-06-12: 임원ㆍ주요주주특정증권등소유상황보고서 | 2026-06-12: 주식등의대량보유상황보고서(일반) | 2026-06-09: 기업설명회(IR)개최(안내공시)              ,4
앤씨앤,092600,0,OK,,,,2026-06-12: 임원ㆍ주요주주특정증권등소유상황보고서 | 2026-06-10: 주식등의대량보유상황보고서(일반) | 2026-06-10: 임원ㆍ주요주주특정증권등소유상황보고서,3
풍산홀딩스,005810,0,OK,,,,2026-06-17: 자기주식취득결과보고서 | 2026-06-11: 임원ㆍ주요주주특정증권등소유상황보고서 | 2026-06-11: 최대주주등소유주식변동신고서              ,3
녹십자,006280,0,OK,,,,2026-07-01: 최대주주등소유주식변동신고서               | 2026-07-01: 주식등의대량보유상황보고서(약식) | 2026-06-22: 최대주주등소유주식변동신고서               | 2026-06-22: 임원ㆍ주요주주특정증권등소유상황보고서,4
삼립,005610,0,OK,,,,2026-06-30: 불성실공시법인지정               | 2026-06-26: 중대재해발생               | 2026-06-25: 임원ㆍ주요주주특정증권등소유상황보고서 | 2026-06-25: 최대주주등소유주식변동신고서               | 2026-06-18: 불성실공시법인지정예고              ,9
라온시큐어,042510,0,OK,,,,2026-07-08: 주요사항보고서(자기주식취득신탁계약체결결정) | 2026-06-29: 임원ㆍ주요주주특정증권등소유상황보고서 | 2026-06-24: 임원ㆍ주요주주특정증권등소유상황보고서,3
KG에코솔루션,151860,0,OK,,,,2026-06-29: [기재정정]주요사항보고서(타법인주식및출자증권양수결정)(자회사의 주요경영사항)               | 2026-06-29: [기재정정]타법인주식및출자증권취득결정(자회사의 주요경영사항)               | 2026-06-22: 투자판단관련주요경영사항               | 2026-06-11: 수시공시의무관련사항(공정공시)               | 2026-06-09: 풍문또는보도에대한해명(미확정)              ,5
애경산업,018250,0,OK,,,,2026-06-18: 특수관계인과의보험거래 | 2026-06-18: 지속가능경영보고서등관련사항(자율공시)               | 2026-06-15: 합병등종료보고서(합병),3
GS글로벌,001250,0,OK,,,,2026-06-17: [기재정정]타인에대한채무보증결정               | 2026-06-17: 특수관계인으로부터받은담보 | 2026-06-12: 타인에대한채무보증결정              ,3
네패스,033640,0,OK,,,,2026-07-07: 기업설명회(IR)개최               | 2026-06-30: 주식등의대량보유상황보고서(일반) | 2026-06-15: 임원ㆍ주요주주특정증권등소유상황보고서 | 2026-06-08: 임원ㆍ주요주주특정증권등소유상황보고서,4
에스켐,475660,0,OK,,,,2026-06-30: 임원ㆍ주요주주특정증권등소유상황보고서 | 2026-06-30: 임원ㆍ주요주주특정증권등소유상황보고서 | 2026-06-29: 임원ㆍ주요주주특정증권등소유상황보고서 | 2026-06-25: 임원ㆍ주요주주특정증권등소유상황보고서 | 2026-06-19: 임원ㆍ주요주주특정증권등소유상황보고서,6
삼천리,004690,0,OK,,,,2026-07-08: 주식등의대량보유상황보고서(약식) | 2026-06-30: 임원ㆍ주요주주특정증권등소유상황보고서 | 2026-06-29: 최대주주등소유주식변동신고서               | 2026-06-26: 임원ㆍ주요주주특정증권등소유상황보고서 | 2026-06-26: 임원ㆍ주요주주특정증권등소유상황보고서,6
한국비엔씨,256840,0,OK,,,,2026-06-29: 주식등의대량보유상황보고서(일반) | 2026-06-29: 임원ㆍ주요주주특정증권등소유상황보고서 | 2026-06-26: 기타경영사항(자율공시)              (의약품 회수·폐기 및 잠정 제조중지 등 명령 취소 소송 상고심 판결),3
롯데리츠,330590,0,OK,,,,2026-07-02: 임원ㆍ주요주주특정증권등소유상황보고서 | 2026-06-30: 부동산투자회사자산보관위탁계약변경               | 2026-06-30: 부동산투자회사자산보관위탁계약변경               | 2026-06-25: 임원ㆍ주요주주특정증권등소유상황보고서 | 2026-06-18: 임원ㆍ주요주주특정증권등소유상황보고서,7
티사이언티픽,057680,0,OK,,,,2026-06-17: 주식등의대량보유상황보고서(일반) | 2026-06-17: 임원ㆍ주요주주특정증권등소유상황보고서 | 2026-06-12: 증권발행결과(자율공시)              ,3
체시스,033250,0,OK,,,,2026-07-06: 임원ㆍ주요주주특정증권등소유상황보고서 | 2026-07-06: 최대주주등소유주식변동신고서               | 2026-07-02: 최대주주등소유주식변동신고서               | 2026-07-01: [기재정정]임원ㆍ주요주주특정증권등소유상황보고서 | 2026-06-30: 임원ㆍ주요주주특정증권등소유상황보고서,18
SKC,011790,0,OK,,,,2026-07-01: 주식등의대량보유상황보고서(약식) | 2026-06-30: 지속가능경영보고서등관련사항(자율공시)               | 2026-06-10: [기재정정]사업보고서 (2025.12) | 2026-06-09: 주식등의대량보유상황보고서(일반) | 2026-06-09: 주식등의대량보유상황보고서(일반),5
동화기업,025900,0,OK,,,,2026-06-29: 주식등의대량보유상황보고서(일반) | 2026-06-08: 주식등의대량보유상황보고서(일반) | 2026-06-08: [기재정정]사업보고서 (2025.12) | 2026-06-08: [기재정정]분기보고서 (2025.09),4
롯데에너지머티리얼즈,020150,0,OK,,,,2026-07-06: [기재정정]타법인주식및출자증권처분결정               | 2026-07-01: 주식등의대량보유상황보고서(약식) | 2026-06-15: 기업설명회(IR)개최(안내공시)              ,3
아모레퍼시픽,090430,0,OK,,,,2026-07-06: 임원ㆍ주요주주특정증권등소유상황보고서 | 2026-07-06: 임원ㆍ주요주주특정증권등소유상황보고서 | 2026-06-19: 기업설명회(IR)개최(안내공시)              ,3
세림B&G,340440,0,OK,,,,2026-07-07: [기재정정]주주총회소집결의              (임시주주총회) | 2026-07-07: 주식병합결정               | 2026-07-01: 주주총회소집결의              (임시주주총회) | 2026-07-01: 주주명부폐쇄기간또는기준일설정              ,4
나무기술,242040,0,OK,,,,2026-06-30: 상호변경안내               | 2026-06-30: 임시주주총회결과               | 2026-06-16: 의결권대리행사권유참고서류 | 2026-06-12: 주주총회소집공고 | 2026-06-10: [첨부정정]주주총회소집결의              ,5
크레버스,096240,0,OK,,주식소각결정              (+5),[기재정정]최대주주변경을수반하는주식담보제공계약체결              (-5),2026-07-08: 현금ㆍ현물배당결정              (중간배당) | 2026-07-02: 임원ㆍ주요주주특정증권등소유상황보고서 | 2026-06-26: 주식등의대량보유상황보고서(일반) | 2026-06-22: 주식소각결정               | 2026-06-22: 임시주주총회결과              ,9
인베니아,079950,0,OK,,단일판매ㆍ공급계약체결              (+5),최대주주변경을수반하는주식담보제공계약해제ㆍ취소등              (-5),2026-07-08: 임원ㆍ주요주주특정증권등소유상황보고서 | 2026-07-07: 임원ㆍ주요주주특정증권등소유상황보고서 | 2026-07-06: 주식등의대량보유상황보고서(일반) | 2026-07-06: 임원ㆍ주요주주특정증권등소유상황보고서 | 2026-07-03: [기재정정]사업보고서 (2025.12),10
KSS해운,044450,0,OK,,,,2026-07-07: 임원ㆍ주요주주특정증권등소유상황보고서 | 2026-06-24: 임원ㆍ주요주주특정증권등소유상황보고서 | 2026-06-08: 주식등의대량보유상황보고서(약식) | 2026-06-08: 임원ㆍ주요주주특정증권등소유상황보고서,4
엠케이전자,033160,0,OK,,,,2026-07-08: 주식등의대량보유상황보고서(일반) | 2026-07-01: 주식등의대량보유상황보고서(약식) | 2026-06-29: 기업설명회(IR)개최               | 2026-06-26: 주식등의대량보유상황보고서(일반) | 2026-06-19: 타법인주식및출자증권처분결정              ,7
씨티케이,260930,0,OK,,,,2026-06-12: 주식등의대량보유상황보고서(일반) | 2026-06-12: 임원ㆍ주요주주특정증권등소유상황보고서 | 2026-06-08: 임원ㆍ주요주주특정증권등소유상황보고서,3
코리아나,027050,0,OK,,,,2026-06-26: 주식등의대량보유상황보고서(일반) | 2026-06-25: 임시주주총회결과               | 2026-06-16: 주식등의대량보유상황보고서(일반),3
오토앤,353590,0,OK,,,,2026-06-29: 전환가액의조정               | 2026-06-18: 임원ㆍ주요주주특정증권등소유상황보고서 | 2026-06-08: 임원ㆍ주요주주특정증권등소유상황보고서,3
케이뱅크,279570,0,OK,,,,2026-07-08: 계열금융회사의약관에의한금융거래-[예ㆍ적금] | 2026-07-01: 주식등의대량보유상황보고서(약식) | 2026-06-11: 기업설명회(IR)개최(안내공시)              ,3
뉴보텍,060260,0,OK,,,,2026-06-12: [기재정정]대표이사변경               | 2026-06-09: 임원ㆍ주요주주특정증권등소유상황보고서 | 2026-06-09: 주식등의대량보유상황보고서(일반) | 2026-06-08: [기재정정]주요사항보고서(자기주식취득신탁계약체결결정) | 2026-06-08: 유동성공급계약의체결              ,7
EMB,278990,0,OK,,,,2026-07-08: 사외이사의선임ㆍ해임또는중도퇴임에관한신고 | 2026-07-07: 임시주주총회결과               | 2026-06-22: 주주총회소집공고,3
KG스틸,016380,0,OK,,,,2026-07-08: 주식등의대량보유상황보고서(일반) | 2026-06-29: [기재정정]주요사항보고서(타법인주식및출자증권양수결정) | 2026-06-29: [기재정정]타법인주식및출자증권취득결정               | 2026-06-29: [기재정정]유형자산처분결정               | 2026-06-16: 최대주주등소유주식변동신고서              ,25
세아제강,306200,0,OK,,,,2026-07-01: 주식등의대량보유상황보고서(약식) | 2026-06-30: 지속가능경영보고서등관련사항(자율공시)               | 2026-06-25: 증권발행실적보고서 | 2026-06-25: 투자설명서 | 2026-06-24: [발행조건확정]증권신고서(채무증권),10
폰드그룹,472850,0,OK,,,,2026-07-07: [기재정정]현금ㆍ현물배당결정              (분기배당) | 2026-06-26: 주식등의대량보유상황보고서(일반) | 2026-06-19: 주식등의대량보유상황보고서(일반) | 2026-06-12: 현금ㆍ현물배당결정              (분기배당) | 2026-06-12: 중간(분기)배당을위한주주명부폐쇄(기준일)결정              ,6
보로노이,310210,0,OK,,,,2026-07-08: [기재정정]투자판단관련주요경영사항(임상시험계획변경승인신청)              (VRN110755의 제 1/2상 임상시험) | 2026-07-06: 기업설명회(IR)개최               | 2026-07-03: 임원ㆍ주요주주특정증권등소유상황보고서 | 2026-07-03: 임원ㆍ주요주주특정증권등소유상황보고서 | 2026-07-03: 임원ㆍ주요주주특정증권등소유상황보고서,19
금비,008870,0,OK,,,,2026-07-06: 임원ㆍ주요주주특정증권등소유상황보고서 | 2026-07-06: 최대주주등소유주식변동신고서               | 2026-06-29: 임원ㆍ주요주주특정증권등소유상황보고서 | 2026-06-29: 최대주주등소유주식변동신고서               | 2026-06-25: 임원ㆍ주요주주특정증권등소유상황보고서,8
삼영에스앤씨,361670,0,OK,,,,2026-06-30: 주식등의대량보유상황보고서(일반) | 2026-06-30: 임원ㆍ주요주주특정증권등소유상황보고서 | 2026-06-29: [기재정정]사업보고서 (2025.12) | 2026-06-25: 주주총회소집공고 | 2026-06-24: 임원ㆍ주요주주특정증권등소유상황보고서,7
한주라이트메탈,198940,0,OK,,,,2026-06-30: 전환청구권행사              (제7회차) | 2026-06-29: 임원ㆍ주요주주특정증권등소유상황보고서 | 2026-06-29: 임원ㆍ주요주주특정증권등소유상황보고서 | 2026-06-29: 임원ㆍ주요주주특정증권등소유상황보고서 | 2026-06-29: 임원ㆍ주요주주특정증권등소유상황보고서,13
유라클,088340,0,OK,,,,2026-07-03: 임원ㆍ주요주주특정증권등소유상황보고서 | 2026-07-02: 주식등의대량보유상황보고서(일반) | 2026-06-30: 임원ㆍ주요주주특정증권등소유상황보고서 | 2026-06-30: 임원ㆍ주요주주특정증권등소유상황보고서 | 2026-06-29: 주식등의대량보유상황보고서(일반),8
케어젠,214370,0,OK,,,,"2026-07-08: 주식등의대량보유상황보고서(일반) | 2026-07-03: 현금ㆍ현물배당결정              (중간배당) | 2026-06-29: 불성실공시법인지정              (공시번복 1건, 공시변경 1건) | 2026-06-17: 불성실공시법인지정예고              (공시번복 1건, 공시변경 1건) | 2026-06-12: 중간(분기)배당을위한주주명부폐쇄(기준일)결정              ",5
아이엠뱅크,005270,0,OK,,,,2026-07-07: 증권발행실적보고서 | 2026-07-06: 투자설명서(일괄신고) | 2026-07-06: 일괄신고추가서류 | 2026-06-29: 증권발행실적보고서 | 2026-06-26: 투자설명서(일괄신고),9
프롬바이오,377220,0,OK,,,,2026-07-06: 임시주주총회결과               | 2026-07-02: [기재정정]임원ㆍ주요주주특정증권등소유상황보고서 | 2026-07-01: 임원ㆍ주요주주특정증권등소유상황보고서 | 2026-06-19: 주주총회소집공고 | 2026-06-11: 단기차입금증가결정              ,6
사조산업,007160,0,OK,,,,2026-07-02: 임원ㆍ주요주주특정증권등소유상황보고서 | 2026-06-26: 동일인등출자계열회사와의상품ㆍ용역거래 | 2026-06-08: 주식등의대량보유상황보고서(일반),3
PS일렉트로닉스,332570,0,OK,,,,2026-07-07: [기재정정]주요사항보고서(자기주식취득신탁계약체결결정) | 2026-07-07: 임원ㆍ주요주주특정증권등소유상황보고서 | 2026-07-07: 주식등의대량보유상황보고서(일반) | 2026-07-06: 주요사항보고서(자기주식취득신탁계약체결결정) | 2026-07-06: 자기주식취득신탁계약체결결정              ,12
그래디언트,035080,0,OK,,,,2026-06-29: 수시공시의무관련사항(공정공시)               | 2026-06-22: [기재정정]임원ㆍ주요주주특정증권등소유상황보고서 | 2026-06-11: 신탁계약해지결과보고서 | 2026-06-11: 신탁계약에의한취득상황보고서,4
해성에어로보틱스,059270,0,OK,,,,2026-06-30: 주요사항보고서(소송등의제기) | 2026-06-30: 소송등의제기ㆍ신청(경영권분쟁소송)              (주주총회결의 무효 등의 소) | 2026-06-26: 소송등의제기ㆍ신청(경영권분쟁소송)               | 2026-06-11: 주요사항보고서(전환사채매수선택권행사자지정),4
사조오양,006090,0,OK,,,,2026-06-08: 최대주주등소유주식변동신고서               | 2026-06-08: 임원ㆍ주요주주특정증권등소유상황보고서 | 2026-06-08: 주식등의대량보유상황보고서(일반),3
한성크린텍,066980,0,🚨 YES,[기재정정]주요사항보고서(전환사채권발행결정),[기재정정]단일판매ㆍ공급계약체결(자율공시)              (+5) | 단일판매ㆍ공급계약체결              (+5) | [기재정정]단일판매ㆍ공급계약체결(자율공시)              (+5),[기재정정]주요사항보고서(전환사채권발행결정)(-15),2026-06-30: 전환청구권행사               | 2026-06-26: [기재정정]단일판매ㆍ공급계약체결(자율공시)               | 2026-06-17: 단일판매ㆍ공급계약체결               | 2026-06-15: 증권발행결과(자율공시)               | 2026-06-11: [기재정정]단일판매ㆍ공급계약체결(자율공시)              ,6
국전,307750,0,OK,,,,2026-07-01: 주식등의대량보유상황보고서(일반) | 2026-06-22: 주식등의대량보유상황보고서(일반) | 2026-06-08: 주식등의대량보유상황보고서(일반),3
크래프톤,259960,0,OK,,,,2026-07-08: 기업설명회(IR)개최(안내공시)               | 2026-07-08: 결산실적공시예고(안내공시)               | 2026-07-01: 소송등의판결ㆍ결정(일정금액이상의청구)               | 2026-06-30: 기업설명회(IR)개최(안내공시)               | 2026-06-30: [기재정정]타법인주식및출자증권취득결정              ,19
화승엔터프라이즈,241590,0,OK,,,,2026-06-30: 불성실공시법인지정               | 2026-06-22: [기재정정]불성실공시법인지정예고               | 2026-06-18: 불성실공시법인지정예고              ,3
영화금속,012280,0,OK,,,,2026-06-23: 주요사항보고서(자기주식취득신탁계약체결결정) | 2026-06-17: [기재정정]주주총회소집결의               | 2026-06-17: [기재정정]주식병합결정               | 2026-06-17: 주주명부폐쇄기간또는기준일설정               | 2026-06-17: 주주총회소집결의              ,6
KPX홀딩스,092230,0,OK,,,,2026-07-06: 현금ㆍ현물배당을위한주주명부폐쇄(기준일)결정(자회사의 주요경영사항)               | 2026-07-06: 현금ㆍ현물배당결정(자회사의 주요경영사항)               | 2026-07-03: 현금ㆍ현물배당결정(자회사의 주요경영사항)               | 2026-07-03: 현금ㆍ현물배당을위한주주명부폐쇄(기준일)결정(자회사의 주요경영사항)               | 2026-07-03: 현금ㆍ현물배당결정              ,6
코람코라이프인프라리츠,357120,0,OK,,,,2026-07-02: 임원ㆍ주요주주특정증권등소유상황보고서 | 2026-07-01: 주식등의대량보유상황보고서(약식) | 2026-06-25: 임원ㆍ주요주주특정증권등소유상황보고서 | 2026-06-19: [기재정정]부동산투자회사부동산처분               | 2026-06-18: 임원ㆍ주요주주특정증권등소유상황보고서,7
대신밸런스제20호스팩,0134X0,0,OK,,,,2026-06-26: 임원ㆍ주요주주특정증권등소유상황보고서 | 2026-06-26: 주식등의대량보유상황보고서(일반) | 2026-06-09: 임원ㆍ주요주주특정증권등소유상황보고서 | 2026-06-09: 주식등의대량보유상황보고서(일반),4
바이오인프라생명과학,266470,0,OK,,,,2026-06-18: [기재정정]주주총회소집결의               | 2026-06-16: 주주총회소집결의               | 2026-06-16: 주주명부폐쇄기간또는기준일설정              ,3
엔지켐생명과학,183490,0,OK,,,,2026-07-08: 소송등의제기ㆍ신청(경영권분쟁소송)              (회계장부열람및등사 가처분) | 2026-07-08: 소송등의제기ㆍ신청(경영권분쟁소송)              (주주명부열람등사가처분) | 2026-07-08: 소송등의제기ㆍ신청(경영권분쟁소송)              (임시주주총회개최금지 가처분) | 2026-07-07: [기재정정]의결권대리행사권유참고서류 | 2026-07-06: 의결권대리행사권유참고서류,12
이수스페셜티케미컬,457190,0,OK,,,,2026-07-07: 단기차입금증가결정               | 2026-07-01: 주식등의대량보유상황보고서(약식) | 2026-06-16: [기재정정]신규시설투자등               | 2026-06-08: 주식등의대량보유상황보고서(일반),4
나우로보틱스,459510,0,OK,,,,2026-06-30: 합병등종료보고서(자산양수도) | 2026-06-30: [기재정정]주요사항보고서(타법인주식및출자증권양수결정) | 2026-06-30: 합병등종료보고서(합병) | 2026-06-29: [기재정정]신규시설투자등               | 2026-06-23: 기업설명회(IR)개최              ,6
BYC,001460,0,OK,,,,2026-06-30: 임원ㆍ주요주주특정증권등소유상황보고서 | 2026-06-30: 최대주주등소유주식변동신고서               | 2026-06-30: 임원ㆍ주요주주특정증권등소유상황보고서 | 2026-06-11: [기재정정]주식등의대량보유상황보고서(일반) | 2026-06-11: [기재정정]주식등의대량보유상황보고서(일반),9
큐에이드,377460,0,OK,,,,2026-07-02: 타법인주식및출자증권취득결정               | 2026-06-30: 주주총회소집공고 | 2026-06-30: 주주총회소집결의              ,3
이리츠코크렙,088260,0,OK,,,,2026-07-01: 주식등의대량보유상황보고서(약식) | 2026-06-25: 임원ㆍ주요주주특정증권등소유상황보고서 | 2026-06-18: 임원ㆍ주요주주특정증권등소유상황보고서 | 2026-06-12: 주주명부폐쇄기간또는기준일설정               | 2026-06-11: 임원ㆍ주요주주특정증권등소유상황보고서,7
캐스텍코리아,071850,0,OK,,,,2026-07-03: [기재정정]소송등의판결ㆍ결정              (주주총회결의무효확인 등) | 2026-07-03: 소송등의제기ㆍ신청(경영권분쟁소송)              (주주총회결의취소) | 2026-06-18: 소송등의판결ㆍ결정              (주주총회결의무효확인 등) | 2026-06-16: 소송등의제기ㆍ신청(경영권분쟁소송)              (주주총회결의무효확인 등),4
SAMG엔터,419530,0,OK,,,,2026-06-11: 임원ㆍ주요주주특정증권등소유상황보고서 | 2026-06-11: 주식등의대량보유상황보고서(일반) | 2026-06-10: 임원ㆍ주요주주특정증권등소유상황보고서 | 2026-06-10: 임원ㆍ주요주주특정증권등소유상황보고서,4
덕신이피씨,090410,0,OK,,,,2026-07-03: 주식등의대량보유상황보고서(일반) | 2026-06-30: 주주총회소집공고 | 2026-06-15: 주주총회소집결의              (임시주주총회) | 2026-06-15: 주식병합결정               | 2026-06-15: 주주명부폐쇄기간또는기준일설정              ,5
INVENI,015360,0,OK,,,,2026-07-07: 임원ㆍ주요주주특정증권등소유상황보고서 | 2026-07-07: 주식등의대량보유상황보고서(일반) | 2026-07-07: 최대주주등소유주식변동신고서               | 2026-06-30: 임원ㆍ주요주주특정증권등소유상황보고서 | 2026-06-30: 주식등의대량보유상황보고서(일반),10
삼지전자,037460,0,OK,,,,2026-07-06: 주요사항보고서(자기주식취득신탁계약체결결정) | 2026-07-02: 신탁계약해지결과보고서 | 2026-06-10: 주식등의대량보유상황보고서(약식),3
에스앤에스텍,101490,0,OK,,,,2026-07-06: 주식등의대량보유상황보고서(약식) | 2026-07-03: 타법인주식및출자증권취득결정(종속회사의주요경영사항)               | 2026-07-01: 주식등의대량보유상황보고서(약식),3
티앤알바이오팹,246710,0,OK,,,,2026-07-03: 주식등의대량보유상황보고서(일반) | 2026-06-30: 임원ㆍ주요주주특정증권등소유상황보고서 | 2026-06-30: 주식등의대량보유상황보고서(일반) | 2026-06-18: 주식등의대량보유상황보고서(일반) | 2026-06-11: 임원ㆍ주요주주특정증권등거래계획보고서,6
피스피스스튜디오,0117P0,0,OK,,,,2026-06-15: 임원ㆍ주요주주특정증권등소유상황보고서 | 2026-06-15: 임원ㆍ주요주주특정증권등소유상황보고서 | 2026-06-15: 임원ㆍ주요주주특정증권등소유상황보고서 | 2026-06-15: 주식등의대량보유상황보고서(일반) | 2026-06-08: 주식등의대량보유상황보고서(약식),5
선광,003100,0,OK,,,,2026-07-07: 주식등의대량보유상황보고서(일반) | 2026-07-02: 임원ㆍ주요주주특정증권등소유상황보고서 | 2026-06-23: [기재정정]신규시설투자등               | 2026-06-22: 임원ㆍ주요주주특정증권등거래계획보고서 | 2026-06-22: 임원ㆍ주요주주특정증권등소유상황보고서,5
HLB바이오스텝,278650,0,OK,,,,2026-07-01: 임원ㆍ주요주주특정증권등소유상황보고서 | 2026-06-23: 불성실공시법인미지정              (공시번복) | 2026-06-11: 임원ㆍ주요주주특정증권등소유상황보고서 | 2026-06-10: 임원ㆍ주요주주특정증권등소유상황보고서 | 2026-06-09: 주식등의대량보유상황보고서(일반),6
화성밸브,039610,0,OK,,,,2026-06-26: 주식등의대량보유상황보고서(일반) | 2026-06-26: 임원ㆍ주요주주특정증권등소유상황보고서 | 2026-06-09: 주식등의대량보유상황보고서(일반) | 2026-06-09: 임원ㆍ주요주주특정증권등소유상황보고서,4
SYTS,002170,0,OK,,,,2026-06-25: 의결권대리행사권유참고서류 | 2026-06-25: 주주총회소집공고 | 2026-06-12: 주요사항보고서(자기주식취득신탁계약체결결정),3
NH올원리츠,400760,0,OK,,,,2026-07-08: 기타경영사항(자율공시)               | 2026-07-01: [기재정정]부동산투자회사부동산임대               | 2026-06-29: 부동산투자회사부동산임대               | 2026-06-12: 현금ㆍ현물배당을위한주주명부폐쇄(기준일)결정               | 2026-06-12: 주주명부폐쇄기간또는기준일설정              ,6
우리엔터프라이즈,037400,0,OK,,,,2026-07-06: 주식등의대량보유상황보고서(일반) | 2026-06-30: 의결권대리행사권유참고서류 | 2026-06-30: 주주총회소집공고 | 2026-06-08: 주주명부폐쇄기간또는기준일설정               | 2026-06-08: 주주총회소집결의              (임시주주총회),6
파인메딕스,387570,0,OK,,,,2026-06-26: [기재정정]사업보고서 (2025.12) | 2026-06-26: 주식등의대량보유상황보고서(약식) | 2026-06-26: 주식등의대량보유상황보고서(약식),3
다산솔루에타,154040,0,OK,,,,2026-07-07: 임원ㆍ주요주주특정증권등거래계획보고서 | 2026-06-30: 주식등의대량보유상황보고서(일반) | 2026-06-23: 임원ㆍ주요주주특정증권등소유상황보고서 | 2026-06-19: [기재정정]주식등의대량보유상황보고서(일반) | 2026-06-18: 임원ㆍ주요주주특정증권등소유상황보고서,7
더네이쳐홀딩스,298540,0,OK,,,,2026-07-07: 임원ㆍ주요주주특정증권등소유상황보고서 | 2026-07-07: 장래사업ㆍ경영계획(공정공시)               | 2026-06-17: 주식등의대량보유상황보고서(약식) | 2026-06-15: 주식등의대량보유상황보고서(일반) | 2026-06-15: 임원ㆍ주요주주특정증권등소유상황보고서,8
DB하이텍,000990,0,OK,,,,2026-07-02: 임원ㆍ주요주주특정증권등소유상황보고서 | 2026-07-01: 주식등의대량보유상황보고서(약식) | 2026-07-01: 주식등의대량보유상황보고서(약식) | 2026-06-30: 지속가능경영보고서등관련사항(자율공시)               | 2026-06-25: 임원ㆍ주요주주특정증권등소유상황보고서,7
코맥스,036690,0,OK,,,,2026-07-02: 합병등종료보고서(합병) | 2026-07-01: 기타시장안내              (개선계획 이행내역서 제출) | 2026-06-11: 기타시장안내              (개선기간 종료에 따른 상장폐지 여부 결정 안내),3
GS,078930,0,OK,,,,2026-07-06: 장래사업ㆍ경영계획(공정공시)               | 2026-07-03: 최대주주등소유주식변동신고서               | 2026-06-25: 최대주주등소유주식변동신고서               | 2026-06-25: 주식등의대량보유상황보고서(일반) | 2026-06-23: 타인에대한채무보증결정(자회사의 주요경영사항)              ,7
상상인증권,001290,0,OK,,,,2026-06-30: 주주명부폐쇄기간또는기준일설정               | 2026-06-30: 주주총회소집결의               | 2026-06-30: 주식병합결정               | 2026-06-30: [첨부정정]지속가능경영보고서등관련사항(자율공시)               | 2026-06-30: 지속가능경영보고서등관련사항(자율공시)              ,6
원익큐브,014190,0,OK,,,,2026-06-30: 임원ㆍ주요주주특정증권등소유상황보고서 | 2026-06-30: 임원ㆍ주요주주특정증권등소유상황보고서 | 2026-06-11: 임원ㆍ주요주주특정증권등소유상황보고서 | 2026-06-11: 임원ㆍ주요주주특정증권등소유상황보고서 | 2026-06-08: 임원ㆍ주요주주특정증권등소유상황보고서,5
솔루엠,248070,0,OK,,,,2026-06-30: 최대주주등소유주식변동신고서               | 2026-06-30: 주식등의대량보유상황보고서(일반) | 2026-06-30: 임원ㆍ주요주주특정증권등소유상황보고서 | 2026-06-29: 타법인주식및출자증권취득결정(자율공시)(종속회사의주요경영사항)               | 2026-06-29: 지속가능경영보고서등관련사항(자율공시)              ,11
케어랩스,263700,0,OK,,,,2026-07-01: 임원ㆍ주요주주특정증권등소유상황보고서 | 2026-06-15: 주식등의대량보유상황보고서(일반) | 2026-06-15: 임원ㆍ주요주주특정증권등소유상황보고서,3
삼진엘앤디,054090,0,OK,,,,2026-06-11: [기재정정]주요사항보고서(자기주식취득신탁계약체결결정) | 2026-06-10: [기재정정]주요사항보고서(자기주식취득신탁계약체결결정) | 2026-06-09: 주요사항보고서(자기주식취득신탁계약체결결정),3
도이치모터스,067990,0,OK,,,,2026-07-01: 임원ㆍ주요주주특정증권등소유상황보고서 | 2026-07-01: 주식등의대량보유상황보고서(일반) | 2026-06-23: [기재정정]타인에대한채무보증결정              ,3
S-Oil,010950,0,OK,,,,2026-07-03: 임원ㆍ주요주주특정증권등소유상황보고서 | 2026-06-30: [기재정정]신규시설투자등               | 2026-06-29: 지속가능경영보고서등관련사항(자율공시)              ,3
신한은행,000010,0,OK,,,,2026-07-08: 투자설명서(일괄신고) | 2026-07-08: 일괄신고추가서류 | 2026-07-08: 투자설명서(일괄신고) | 2026-07-08: 일괄신고추가서류 | 2026-06-26: 증권발행실적보고서,31
지엠비코리아,013870,0,OK,,,,2026-07-02: 최대주주등소유주식변동신고서               | 2026-07-02: 임원ㆍ주요주주특정증권등소유상황보고서 | 2026-06-26: 최대주주등소유주식변동신고서               | 2026-06-26: 임원ㆍ주요주주특정증권등소유상황보고서 | 2026-06-09: 최대주주등소유주식변동신고서              ,7
LG화학,051910,0,OK,,,,2026-06-30: 투자판단관련주요경영사항              (제미다파엠서방정 국내 품목허가 신청) | 2026-06-30: 지속가능경영보고서등관련사항(자율공시)               | 2026-06-26: 기업설명회(IR)개최(안내공시)               | 2026-06-11: [기재정정]임원ㆍ주요주주특정증권등소유상황보고서 | 2026-06-11: 임원ㆍ주요주주특정증권등소유상황보고서,5
디앤디파마텍,347850,0,OK,,,,2026-06-22: 전환청구권행사              (제1회차) | 2026-06-15: 주요사항보고서(자기전환사채만기전취득결정) | 2026-06-11: 주식등의대량보유상황보고서(일반) | 2026-06-10: 기업설명회(IR)개최               | 2026-06-09: 임원ㆍ주요주주특정증권등소유상황보고서,7
율촌화학,008730,0,OK,,,,2026-07-01: 주식등의대량보유상황보고서(약식) | 2026-06-29: 주식등의대량보유상황보고서(일반) | 2026-06-29: 사외이사의선임ㆍ해임또는중도퇴임에관한신고 | 2026-06-19: 최대주주등소유주식변동신고서              ,4
코아시아씨엠,196450,0,OK,,,,2026-07-08: 임원ㆍ주요주주특정증권등소유상황보고서 | 2026-07-08: 임원ㆍ주요주주특정증권등소유상황보고서 | 2026-07-08: 임원ㆍ주요주주특정증권등소유상황보고서 | 2026-07-08: 임원ㆍ주요주주특정증권등소유상황보고서 | 2026-07-08: 주식등의대량보유상황보고서(일반),14
코오롱인더,120110,0,OK,,,,2026-07-02: 임원ㆍ주요주주특정증권등소유상황보고서 | 2026-07-01: 주식등의대량보유상황보고서(약식) | 2026-06-30: 지속가능경영보고서등관련사항(자율공시)               | 2026-06-11: 주식등의대량보유상황보고서(약식) | 2026-06-10: 조회공시요구(풍문또는보도)에대한답변(미확정)              ,5
아이윈,090150,0,OK,,,,2026-07-03: 임원ㆍ주요주주특정증권등소유상황보고서 | 2026-07-03: 주식등의대량보유상황보고서(일반) | 2026-06-23: 임시주주총회결과               | 2026-06-19: 임원ㆍ주요주주특정증권등소유상황보고서 | 2026-06-17: 주식등의대량보유상황보고서(일반),8
SK오션플랜트,100090,0,OK,,,,2026-07-01: 주식등의대량보유상황보고서(약식) | 2026-06-30: [기재정정]투자판단관련주요경영사항               | 2026-06-10: 주식등의대량보유상황보고서(일반),3
글로벌텍스프리,204620,0,OK,,,,2026-07-01: 주식등의대량보유상황보고서(약식) | 2026-06-16: 주식등의대량보유상황보고서(일반) | 2026-06-16: 임원ㆍ주요주주특정증권등소유상황보고서 | 2026-06-08: 주식등의대량보유상황보고서(일반) | 2026-06-08: 임원ㆍ주요주주특정증권등소유상황보고서,5
하이트진로,000080,0,OK,,,,2026-07-08: 지속가능경영보고서등관련사항(자율공시)               | 2026-06-29: 동일인등출자계열회사와의상품ㆍ용역거래 | 2026-06-29: 동일인등출자계열회사와의상품ㆍ용역거래 | 2026-06-10: 임원ㆍ주요주주특정증권등소유상황보고서 | 2026-06-08: 최대주주등소유주식변동신고서              ,9
리메드,302550,0,OK,,,,2026-06-26: [기재정정]사업보고서 (2025.12) | 2026-06-24: 주식등의대량보유상황보고서(일반) | 2026-06-10: 주식등의대량보유상황보고서(일반),3
HLB생명과학,067630,0,OK,,,,2026-07-01: 주식등의대량보유상황보고서(일반) | 2026-07-01: 임원ㆍ주요주주특정증권등소유상황보고서 | 2026-07-01: 임원ㆍ주요주주특정증권등소유상황보고서 | 2026-07-01: 임원ㆍ주요주주특정증권등소유상황보고서 | 2026-07-01: 임원ㆍ주요주주특정증권등소유상황보고서,7
농심,004370,0,OK,,,,2026-07-03: 임원ㆍ주요주주특정증권등소유상황보고서 | 2026-07-02: 주식등의대량보유상황보고서(일반) | 2026-06-30: 임원ㆍ주요주주특정증권등소유상황보고서 | 2026-06-30: 동일인등출자계열회사와의상품ㆍ용역거래 | 2026-06-30: 동일인등출자계열회사와의상품ㆍ용역거래변경,8
더테크놀로지,043090,0,OK,,,,2026-07-07: [기재정정]사업보고서 (2022.12) | 2026-07-07: [기재정정]사업보고서 (2021.12) | 2026-06-26: [기재정정]사업보고서 (2025.12) | 2026-06-18: [기재정정]회계처리기준위반행위로인한증권선물위원회의검찰고발등              ,4
스모트로닉,066590,0,OK,,,,2026-07-08: 주식등의대량보유상황보고서(일반) | 2026-07-08: 임원ㆍ주요주주특정증권등소유상황보고서 | 2026-07-02: 타법인주식및출자증권처분결정              ,3
케이티,030200,0,OK,,,,2026-07-06: 장래사업ㆍ경영계획(공정공시)               | 2026-06-29: 지속가능경영보고서등관련사항(자율공시)               | 2026-06-26: 조회공시요구(풍문또는보도)에대한답변(미확정)               | 2026-06-25: 조회공시요구(풍문또는보도)               | 2026-06-22: 주식등의대량보유상황보고서(약식),7
아이컴포넌트,059100,0,OK,,,,2026-06-29: 임시주주총회결과               | 2026-06-11: 주주총회소집공고 | 2026-06-09: 신규시설투자등              ,3
SK리츠,395400,0,OK,,,,2026-07-02: 임원ㆍ주요주주특정증권등소유상황보고서 | 2026-07-02: 부동산투자회사자금차입               | 2026-06-25: 임원ㆍ주요주주특정증권등소유상황보고서 | 2026-06-18: 정기주주총회결과               | 2026-06-18: 기타경영사항(자율공시)              ,11
두산밥캣,241560,0,OK,,,,2026-07-01: 지주회사의자회사탈퇴               | 2026-07-01: 주식등의대량보유상황보고서(약식) | 2026-06-30: 지속가능경영보고서등관련사항(자율공시)              ,3
와이엠씨,155650,0,OK,,,,2026-06-29: 주식등의대량보유상황보고서(일반) | 2026-06-26: 임원ㆍ주요주주특정증권등소유상황보고서 | 2026-06-25: 임원ㆍ주요주주특정증권등소유상황보고서,3
삼일,032280,0,OK,,,,2026-07-08: 임원ㆍ주요주주특정증권등소유상황보고서 | 2026-07-08: 주식등의대량보유상황보고서(일반) | 2026-07-03: 임원ㆍ주요주주특정증권등소유상황보고서 | 2026-06-09: 주식등의대량보유상황보고서(일반),4
대구백화점,006370,0,OK,,,,2026-06-26: 단기차입금증가결정               | 2026-06-18: [기재정정]타인에대한담보제공결정               | 2026-06-11: 조회공시요구(현저한시황변동)에대한답변(미확정)              ,3
큐라클,365270,0,OK,,,,2026-06-10: 임원ㆍ주요주주특정증권등소유상황보고서 | 2026-06-10: 임원ㆍ주요주주특정증권등소유상황보고서 | 2026-06-10: 임원ㆍ주요주주특정증권등소유상황보고서 | 2026-06-10: 임원ㆍ주요주주특정증권등소유상황보고서 | 2026-06-10: 임원ㆍ주요주주특정증권등소유상황보고서,6
우림피티에스,101170,0,OK,,,,2026-07-07: 주식등의대량보유상황보고서(일반) | 2026-07-07: [기재정정]주식등의대량보유상황보고서(일반) | 2026-07-07: [기재정정]주식등의대량보유상황보고서(일반) | 2026-07-06: [기재정정]주식등의대량보유상황보고서(일반) | 2026-07-06: [기재정정]주식등의대량보유상황보고서(일반),12
유엔젤,072130,0,OK,,,,2026-06-23: 주식등의대량보유상황보고서(약식) | 2026-06-09: 주식등의대량보유상황보고서(약식) | 2026-06-09: 소송등의판결ㆍ결정              ,3
유니퀘스트,077500,0,OK,,,,2026-06-26: 임원ㆍ주요주주특정증권등소유상황보고서 | 2026-06-26: 주식등의대량보유상황보고서(일반) | 2026-06-26: 최대주주등소유주식변동신고서              ,3
파인엠텍,441270,0,OK,,,,2026-07-01: 주식등의대량보유상황보고서(약식) | 2026-06-29: 전환주식의전환가액조정              (전환우선주) | 2026-06-11: 임원ㆍ주요주주특정증권등소유상황보고서,3
풍산,103140,0,OK,,,,2026-07-01: 주식등의대량보유상황보고서(약식) | 2026-06-10: 임원ㆍ주요주주특정증권등소유상황보고서 | 2026-06-10: 최대주주등소유주식변동신고서              ,3
모보,051810,0,OK,,,,2026-06-30: 동일인등출자계열회사와의상품ㆍ용역거래 | 2026-06-30: 동일인등출자계열회사와의상품ㆍ용역거래 | 2026-06-30: 동일인등출자계열회사와의상품ㆍ용역거래,3
진성티이씨,036890,0,OK,,,,2026-07-06: 주식등의대량보유상황보고서(약식) | 2026-07-02: 임원ㆍ주요주주특정증권등소유상황보고서 | 2026-07-01: 주식등의대량보유상황보고서(약식) | 2026-06-23: 임원ㆍ주요주주특정증권등소유상황보고서,4
ESR켄달스퀘어리츠,365550,0,OK,,,,2026-07-02: 임원ㆍ주요주주특정증권등소유상황보고서 | 2026-07-01: 주식등의대량보유상황보고서(약식) | 2026-06-25: 임원ㆍ주요주주특정증권등소유상황보고서 | 2026-06-18: 임원ㆍ주요주주특정증권등소유상황보고서 | 2026-06-11: 임원ㆍ주요주주특정증권등소유상황보고서,5
성신양회,004980,0,OK,,,,2026-07-02: 주식등의대량보유상황보고서(일반) | 2026-06-26: 지속가능경영보고서등관련사항(자율공시)               | 2026-06-16: 임원ㆍ주요주주특정증권등소유상황보고서 | 2026-06-16: 주식등의대량보유상황보고서(일반),4
신한지주,055550,0,OK,,,,2026-07-08: 기업설명회(IR)개최(안내공시)               | 2026-06-30: 지속가능경영보고서등관련사항(자율공시)               | 2026-06-29: 풍문또는보도에대한해명(미확정)               | 2026-06-26: 증권발행실적보고서 | 2026-06-25: 투자설명서(일괄신고),13
에임드바이오,0009K0,0,OK,,,,2026-07-01: 주주총회소집공고 | 2026-06-30: 기업설명회(IR)개최               | 2026-06-26: 투자판단관련주요경영사항              (ODS025 기술이전계약 관련 마일스톤 기술료 수령) | 2026-06-26: 투자판단관련주요경영사항(임상시험계획승인신청등결정)              (BI 4060107 (ODS025)의 제 1상 임상시험계획 승인) | 2026-06-16: [기재정정]투자판단관련주요경영사항(임상시험계획승인신청)              (BI 4060107 (ODS025)의 제 1상 임상시험계획 승인 신청),5
코람코더원리츠,417310,0,OK,,,,2026-07-08: 주식등의대량보유상황보고서(약식) | 2026-07-02: 임원ㆍ주요주주특정증권등소유상황보고서 | 2026-07-02: 주식등의대량보유상황보고서(약식) | 2026-06-25: 임원ㆍ주요주주특정증권등소유상황보고서 | 2026-06-18: 임원ㆍ주요주주특정증권등소유상황보고서,11
에스엠벡셀,010580,0,OK,,,,2026-07-02: 최대주주등소유주식변동신고서               | 2026-07-02: 주식등의대량보유상황보고서(일반) | 2026-07-02: 임원ㆍ주요주주특정증권등소유상황보고서 | 2026-06-25: 최대주주등소유주식변동신고서               | 2026-06-25: 주식등의대량보유상황보고서(일반),12
한국토지신탁,034830,0,OK,,,,2026-07-03: 주식등의대량보유상황보고서(일반) | 2026-07-01: 임원ㆍ주요주주특정증권등소유상황보고서 | 2026-06-30: [기재정정]투자판단관련주요경영사항               | 2026-06-18: 주식등의대량보유상황보고서(일반),4
메가터치,446540,0,OK,,,,2026-06-30: 임원ㆍ주요주주특정증권등소유상황보고서 | 2026-06-30: 주요사항보고서(유형자산양수결정) | 2026-06-23: 임원ㆍ주요주주특정증권등소유상황보고서 | 2026-06-15: 임원ㆍ주요주주특정증권등소유상황보고서,4
더존비즈온,012510,0,OK,,,,2026-07-01: 최대주주등소유주식변동신고서               | 2026-06-30: 임원ㆍ주요주주특정증권등소유상황보고서 | 2026-06-30: 주식등의대량보유상황보고서(일반) | 2026-06-30: 합병등종료보고서(주식의포괄적교환ㆍ이전) | 2026-06-30: 지속가능경영보고서등관련사항(자율공시)              ,9
전진건설로봇,079900,0,OK,,,,2026-07-03: 임원ㆍ주요주주특정증권등소유상황보고서 | 2026-06-26: [기재정정]주주총회소집결의               | 2026-06-23: 임원ㆍ주요주주특정증권등소유상황보고서 | 2026-06-18: 최대주주등소유주식변동신고서               | 2026-06-10: 주주명부폐쇄기간또는기준일설정              ,6
에치에프알,230240,0,OK,,,,2026-07-03: [기재정정]타법인주식및출자증권처분결정               | 2026-06-19: 주주명부폐쇄기간또는기준일설정               | 2026-06-19: 주주총회소집결의              (임시주주총회) | 2026-06-15: [기재정정]타법인주식및출자증권처분결정              ,4
서한,011370,0,OK,,,,2026-07-03: [첨부정정]사업보고서 (2025.12) | 2026-07-03: [기재정정]사업보고서 (2025.12) | 2026-06-26: [기재정정]금전대여결정               | 2026-06-22: 주주총회소집결의              (임시주주총회) | 2026-06-22: 주주명부폐쇄기간또는기준일설정              ,6
롯데케미칼,011170,0,OK,,,,2026-07-01: [첨부정정]지속가능경영보고서등관련사항(자율공시)               | 2026-07-01: 풍문또는보도에대한해명(미확정)               | 2026-06-26: 지속가능경영보고서등관련사항(자율공시)               | 2026-06-23: 정보보호현황(자율공시)              ,4
동서,026960,0,OK,,,,2026-06-15: 임원ㆍ주요주주특정증권등거래계획보고서 | 2026-06-12: 최대주주등소유주식변동신고서               | 2026-06-12: 임원ㆍ주요주주특정증권등소유상황보고서,3
롯데쇼핑,023530,0,OK,,,,2026-07-03: 주식등의대량보유상황보고서(일반) | 2026-07-02: 임원ㆍ주요주주특정증권등소유상황보고서 | 2026-07-01: 풍문또는보도에대한해명               | 2026-07-01: 주식등의대량보유상황보고서(약식) | 2026-06-29: 지속가능경영보고서등관련사항(자율공시)              ,11
이삭엔지니어링,351330,0,OK,,,,2026-07-03: 주식등의대량보유상황보고서(일반) | 2026-06-25: 주식등의대량보유상황보고서(일반) | 2026-06-24: 임원ㆍ주요주주특정증권등소유상황보고서 | 2026-06-18: 주식등의대량보유상황보고서(일반) | 2026-06-11: 주식등의대량보유상황보고서(일반),5
보락,002760,0,OK,,,,2026-07-06: 주요사항보고서(자기주식취득신탁계약체결결정) | 2026-06-11: 임원ㆍ주요주주특정증권등소유상황보고서 | 2026-06-11: 최대주주등소유주식변동신고서               | 2026-06-09: 최대주주등소유주식변동신고서              ,4
금강철강,053260,0,OK,,,,2026-07-08: 소송등의판결ㆍ결정               | 2026-07-08: 임시주주총회결과               | 2026-06-23: 주주총회소집공고 | 2026-06-09: 소송등의판결ㆍ결정              ,4
성광벤드,014620,0,OK,,,,2026-07-08: 임원ㆍ주요주주특정증권등소유상황보고서 | 2026-07-08: [기재정정]사업보고서 (2025.12) | 2026-07-03: 주식등의대량보유상황보고서(약식) | 2026-06-26: 주식등의대량보유상황보고서(일반) | 2026-06-24: 임원ㆍ주요주주특정증권등소유상황보고서,9
세동,053060,0,OK,,,,2026-07-06: 임원ㆍ주요주주특정증권등소유상황보고서 | 2026-07-06: 임원ㆍ주요주주특정증권등소유상황보고서 | 2026-07-06: 주식등의대량보유상황보고서(일반) | 2026-07-01: 임원ㆍ주요주주특정증권등소유상황보고서 | 2026-07-01: 임원ㆍ주요주주특정증권등소유상황보고서,8
러셀,217500,0,OK,,,,2026-06-29: 임시주주총회결과               | 2026-06-11: 의결권대리행사권유참고서류 | 2026-06-10: 주주총회소집공고,3
엔비티,236810,0,OK,,,,2026-07-06: 영업실적등에대한전망(공정공시)               | 2026-07-06: 주주총회소집결의               | 2026-07-06: 주주명부폐쇄기간또는기준일설정              ,3
와이랩,432430,0,OK,,,,2026-07-07: 임원ㆍ주요주주특정증권등소유상황보고서 | 2026-07-07: 임원ㆍ주요주주특정증권등소유상황보고서 | 2026-07-07: [기재정정]주식등의대량보유상황보고서(일반) | 2026-07-06: 임시주주총회결과               | 2026-06-30: 주식등의대량보유상황보고서(일반),6
레인보우로보틱스,277810,0,OK,,,,2026-07-03: 사외이사의선임ㆍ해임또는중도퇴임에관한신고 | 2026-07-03: 임시주주총회결과               | 2026-06-18: 주주총회소집공고,3
우정바이오,215380,0,OK,,,,2026-07-08: 본점소재지변경               | 2026-07-08: 상호변경안내               | 2026-07-08: 임시주주총회결과               | 2026-06-23: 의결권대리행사권유참고서류 | 2026-06-23: 주주총회소집공고,7
매드업,0039P0,0,OK,,,,2026-07-08: 현금ㆍ현물배당결정              (분기배당) | 2026-07-08: 중간(분기)배당을위한주주명부폐쇄(기준일)결정               | 2026-07-08: 임원ㆍ주요주주특정증권등소유상황보고서 | 2026-07-08: 주식등의대량보유상황보고서(약식) | 2026-07-08: 주식등의대량보유상황보고서(일반),15
KG케미칼,001390,0,OK,,,,2026-06-29: [기재정정]타법인주식및출자증권취득결정(종속회사의주요경영사항)               | 2026-06-29: 최대주주등소유주식변동신고서               | 2026-06-29: 임원ㆍ주요주주특정증권등소유상황보고서 | 2026-06-29: 주식등의대량보유상황보고서(일반) | 2026-06-26: 주주총회소집결의              ,9
코리아에셋투자증권,190650,0,OK,,,,2026-07-01: 배당락               | 2026-07-01: 사외이사의선임ㆍ해임또는중도퇴임에관한신고 | 2026-07-01: 기업가치제고계획(자율공시)               | 2026-06-30: [기재정정]정기주주총회결과               | 2026-06-30: 대표이사변경              ,14
NH투자증권,005940,0,OK,,,,2026-07-08: 증권발행실적보고서 | 2026-07-08: 투자설명서(일괄신고) | 2026-07-08: 일괄신고추가서류(파생결합사채-주가연계파생결합사채) | 2026-07-07: 투자설명서(일괄신고) | 2026-07-07: 일괄신고추가서류(파생결합증권-주가연계증권),100
일정실업,008500,0,OK,,,,2026-06-30: 주식등의대량보유상황보고서(일반) | 2026-06-19: 임원ㆍ주요주주특정증권등소유상황보고서 | 2026-06-19: 주식등의대량보유상황보고서(일반) | 2026-06-19: [기재정정]주식등의대량보유상황보고서(일반) | 2026-06-19: 최대주주등소유주식변동신고서              ,7
나인앤컴퍼니,366030,0,OK,,,,2026-07-02: 주식등의대량보유상황보고서(약식) | 2026-06-15: 금전대여결정               | 2026-06-08: 임원ㆍ주요주주특정증권등거래계획보고서 | 2026-06-08: 주식등의대량보유상황보고서(일반),4
삼화콘덴서공업,001820,0,OK,,,,2026-07-01: 주식등의대량보유상황보고서(약식) | 2026-06-23: 주식등의대량보유상황보고서(일반) | 2026-06-23: 최대주주등소유주식변동신고서              ,3
일화모직공업,001590,0,OK,,,,2026-07-02: 반기보고서 (2026.05) | 2026-06-30: [기재정정]사업보고서 (2025.11) | 2026-06-15: [기재정정]사업보고서 (2025.11) | 2026-06-15: [기재정정]사업보고서 (2025.11),4
한국제16호스팩,0164H0,0,OK,,,,2026-07-07: 주식등의대량보유상황보고서(일반) | 2026-07-07: 임원ㆍ주요주주특정증권등소유상황보고서 | 2026-07-07: 주식등의대량보유상황보고서(약식) | 2026-07-01: 임원ㆍ주요주주특정증권등소유상황보고서 | 2026-07-01: 주식등의대량보유상황보고서(일반),10
GRT,900290,0,OK,,,,2026-07-07: 주식등의대량보유상황보고서(일반) | 2026-07-07: 주식등의대량보유상황보고서(일반) | 2026-06-15: 주주명부폐쇄기간또는기준일설정               | 2026-06-12: 주식등의대량보유상황보고서(일반) | 2026-06-08: 외국지주회사의자회사편입ㆍ탈퇴              ,5
대호에이엘,069460,0,OK,,,,2026-07-07: 기타시장안내              (상장폐지 이의신청서 제출) | 2026-07-06: 소송등의제기ㆍ신청(경영권분쟁소송)               | 2026-07-06: [기재정정]주주총회소집결의               | 2026-07-01: [기재정정]대출원리금연체사실발생               | 2026-06-30: 대출원리금연체사실발생              ,16
코스모로보틱스,439960,0,OK,,,,2026-06-30: 대표이사변경               | 2026-06-23: 주식등의대량보유상황보고서(약식) | 2026-06-18: 임원ㆍ주요주주특정증권등소유상황보고서 | 2026-06-18: 주식등의대량보유상황보고서(약식) | 2026-06-18: 임원ㆍ주요주주특정증권등소유상황보고서,7
스맥,099440,0,OK,,,,2026-07-02: 임원ㆍ주요주주특정증권등소유상황보고서 | 2026-06-24: 임원ㆍ주요주주특정증권등소유상황보고서 | 2026-06-16: 임원ㆍ주요주주특정증권등소유상황보고서 | 2026-06-10: 주식등의대량보유상황보고서(일반),4
대상홀딩스,084690,0,OK,,,,2026-07-07: 벌금등의부과(자회사의 주요경영사항)               | 2026-07-02: 단기차입금증가결정(자회사의 주요경영사항)               | 2026-06-26: [기재정정]주주명부폐쇄기간또는기준일설정               | 2026-06-19: 주주명부폐쇄기간또는기준일설정               | 2026-06-10: 주식등의대량보유상황보고서(약식),5
한국화장품제조,003350,0,OK,,,,2026-06-24: 최대주주등소유주식변동신고서               | 2026-06-24: 임원ㆍ주요주주특정증권등소유상황보고서 | 2026-06-24: 임원ㆍ주요주주특정증권등소유상황보고서 | 2026-06-24: 임원ㆍ주요주주특정증권등소유상황보고서 | 2026-06-24: 임원ㆍ주요주주특정증권등소유상황보고서,6
천보,278280,0,OK,,,,2026-07-03: 임원ㆍ주요주주특정증권등소유상황보고서 | 2026-07-03: 주식등의대량보유상황보고서(일반) | 2026-06-29: 전환가액의조정               | 2026-06-26: 주식등의대량보유상황보고서(일반) | 2026-06-22: 임원ㆍ주요주주특정증권등소유상황보고서,8
LS,006260,0,OK,,,,2026-07-06: 계열금융회사를거래상대방으로한단기금융상품거래의분기별공시 | 2026-07-02: 임원ㆍ주요주주특정증권등소유상황보고서 | 2026-06-23: [기재정정]타법인주식및출자증권취득결정(자회사의 주요경영사항)              ,3
STX,011810,0,OK,,,,2026-07-02: [기재정정]투자판단관련주요경영사항               | 2026-06-30: 기타시장안내              (개선계획 이행 여부 심의 요청) | 2026-06-26: [기재정정]투자판단관련주요경영사항               | 2026-06-26: [기재정정]투자판단관련주요경영사항               | 2026-06-22: 기타시장안내              (개선기간 종료 및 향후 절차 안내),5
메리츠금융지주,138040,0,OK,,,,2026-06-30: 신탁계약에의한취득상황보고서 | 2026-06-26: 임원ㆍ주요주주특정증권등소유상황보고서 | 2026-06-26: 임원ㆍ주요주주특정증권등소유상황보고서 | 2026-06-26: 기타경영사항(종속회사의주요경영사항)               | 2026-06-12: 지속가능경영보고서등관련사항(자율공시)              ,9
슈프리마에이치큐,094840,0,OK,,,,2026-07-08: 의결권대리행사권유참고서류 | 2026-07-07: 현금ㆍ현물배당결정              (분기배당) | 2026-07-07: [기재정정]주주총회소집결의              (임시주주총회) | 2026-06-09: 주주총회소집결의              (임시주주총회) | 2026-06-09: 주주명부폐쇄기간또는기준일설정              ,5
싸이토젠,217330,0,OK,,,,2026-06-26: 주식등의대량보유상황보고서(일반) | 2026-06-26: 임원ㆍ주요주주특정증권등소유상황보고서 | 2026-06-26: 주식등의대량보유상황보고서(일반) | 2026-06-09: [기재정정]주식매수선택권부여에관한신고 | 2026-06-09: 주주총회소집결의              (임시주주총회),6
인디에프,014990,0,OK,,,,2026-07-03: 최대주주등소유주식변동신고서               | 2026-07-03: 임원ㆍ주요주주특정증권등소유상황보고서 | 2026-06-29: 주식등의대량보유상황보고서(일반) | 2026-06-29: 임원ㆍ주요주주특정증권등소유상황보고서 | 2026-06-24: 임원ㆍ주요주주특정증권등소유상황보고서,8
동원수산,030720,0,OK,,,,2026-06-22: 임원ㆍ주요주주특정증권등거래계획보고서 | 2026-06-22: 임원ㆍ주요주주특정증권등거래계획보고서 | 2026-06-18: 타인에대한채무보증결정              ,3
HLB,028300,0,OK,,,,2026-07-08: 기업설명회(IR)개최               | 2026-06-30: 기타시장안내(약명및영문명)              (영문상호) | 2026-06-29: 기업설명회(IR)개최               | 2026-06-23: 기업설명회(IR)개최               | 2026-06-18: 기업설명회(IR)개최              ,7
지엘팜텍,204840,0,OK,,,,2026-07-06: 임시주주총회결과               | 2026-06-29: 기타경영사항(자율공시)              (소규모합병 승인 이사회 결의 결과 보고) | 2026-06-19: 의결권대리행사권유참고서류 | 2026-06-19: 주주총회소집공고,4
한울소재과학,091440,0,OK,,,,2026-07-01: [기재정정]주주총회소집결의               | 2026-06-10: [기재정정]주식등의대량보유상황보고서(약식) | 2026-06-10: 주식등의대량보유상황보고서(약식) | 2026-06-10: 주식등의대량보유상황보고서(약식),4
제주반도체,080220,0,OK,,,,2026-07-07: [기재정정]의결권대리행사권유참고서류 | 2026-07-07: [기재정정]주주총회소집공고 | 2026-07-07: [기재정정]주주총회소집결의              (임시주주총회),3
한미약품,128940,0,OK,,,,2026-07-02: 임원ㆍ주요주주특정증권등소유상황보고서 | 2026-06-11: 기업설명회(IR)개최(안내공시)               | 2026-06-10: 지속가능경영보고서등관련사항(자율공시)               | 2026-06-10: 임원ㆍ주요주주특정증권등소유상황보고서,4
에스에이엠티,031330,0,OK,,,,2026-07-02: 타인에대한채무보증결정               | 2026-06-30: 타인에대한채무보증결정               | 2026-06-26: 타인에대한채무보증결정               | 2026-06-25: 타인에대한채무보증결정               | 2026-06-24: 타인에대한채무보증결정              ,6
플랜티넷,075130,0,OK,,,,2026-07-02: [기재정정]주주총회소집결의              (임시주주총회) | 2026-06-18: 주주총회소집결의              (임시주주총회) | 2026-06-18: 주주명부폐쇄기간또는기준일설정              ,3
신원,009270,0,OK,,,,2026-07-01: [기재정정]자기주식취득결과보고서 | 2026-07-01: 자기주식취득결과보고서 | 2026-06-26: 주식등의대량보유상황보고서(일반) | 2026-06-10: 주식등의대량보유상황보고서(일반),4
비덴트,121800,0,OK,,,,2026-06-30: 사외이사의선임ㆍ해임또는중도퇴임에관한신고 | 2026-06-30: 대표이사변경               | 2026-06-30: 임시주주총회결과               | 2026-06-24: 기타시장안내              (상장폐지 관련 이의신청서 접수) | 2026-06-15: 주주총회소집공고,6
코리아써키트,007810,0,OK,,,,2026-07-07: 임원ㆍ주요주주특정증권등소유상황보고서 | 2026-07-02: 임원ㆍ주요주주특정증권등소유상황보고서 | 2026-07-01: 주식등의대량보유상황보고서(약식) | 2026-07-01: 주식등의대량보유상황보고서(약식) | 2026-06-23: 임원ㆍ주요주주특정증권등소유상황보고서,6
힘스,238490,0,OK,,,,2026-07-07: 임원ㆍ주요주주특정증권등소유상황보고서 | 2026-07-02: 임원ㆍ주요주주특정증권등소유상황보고서 | 2026-06-26: [기재정정]사업보고서 (2025.12) | 2026-06-26: [기재정정]사업보고서 (2025.12) | 2026-06-22: 주식등의대량보유상황보고서(일반),6
슈피겐코리아,192440,0,OK,,,,2026-06-25: 임원ㆍ주요주주특정증권등거래계획보고서 | 2026-06-25: 임원ㆍ주요주주특정증권등소유상황보고서 | 2026-06-17: 임원ㆍ주요주주특정증권등소유상황보고서 | 2026-06-11: 임원ㆍ주요주주특정증권등소유상황보고서,4
삼익악기,002450,0,OK,,,,2026-06-19: 주식등의대량보유상황보고서(일반) | 2026-06-09: 최대주주등소유주식변동신고서               | 2026-06-09: 임원ㆍ주요주주특정증권등소유상황보고서 | 2026-06-08: 주식등의대량보유상황보고서(일반),4
CJ,001040,0,OK,,,,2026-07-08: 타인에대한채무보증결정(자회사의 주요경영사항)               | 2026-07-02: 임원ㆍ주요주주특정증권등소유상황보고서 | 2026-06-22: 타인에대한채무보증결정(자회사의 주요경영사항)              ,3
한화생명,088350,0,OK,,,,2026-07-03: 임원ㆍ주요주주특정증권등소유상황보고서 | 2026-06-30: 임원ㆍ주요주주특정증권등소유상황보고서 | 2026-06-30: 조회공시요구(풍문또는보도)에대한답변(미확정)               | 2026-06-30: 지속가능경영보고서등관련사항(자율공시)               | 2026-06-30: 조회공시요구(풍문또는보도)              ,10
케이씨씨글라스,344820,0,OK,,,,2026-07-06: 주식등의대량보유상황보고서(일반) | 2026-06-23: 주식등의대량보유상황보고서(일반) | 2026-06-09: 임원ㆍ주요주주특정증권등소유상황보고서,3
HD건설기계,267270,0,OK,,,,2026-07-03: [첨부정정]지속가능경영보고서등관련사항(자율공시)               | 2026-07-02: 임원ㆍ주요주주특정증권등소유상황보고서 | 2026-06-29: 기업설명회(IR)개최(안내공시)              ,3
HL만도,204320,0,OK,,,,2026-07-02: 임원ㆍ주요주주특정증권등소유상황보고서 | 2026-07-01: 주식등의대량보유상황보고서(약식) | 2026-06-17: 지속가능경영보고서등관련사항(자율공시)              ,3
아이로보틱스,066430,0,OK,,,,2026-07-08: 조회공시요구(현저한시황변동)에대한답변(미확정)               | 2026-07-07: 소송등의제기ㆍ신청(경영권분쟁소송)              (주주총회 개최금지 가처분) | 2026-06-26: [기재정정]의결권대리행사권유참고서류 | 2026-06-26: [기재정정]주주총회소집공고 | 2026-06-26: [기재정정]주주총회소집결의              (임시주주총회),10
인터지스,129260,0,OK,,,,2026-06-08: 최대주주등소유주식변동신고서               | 2026-06-08: 임원ㆍ주요주주특정증권등소유상황보고서 | 2026-06-08: 주식등의대량보유상황보고서(일반),3
엑스플러스,373200,0,OK,,,,2026-06-29: 불성실공시법인지정              (공시불이행) | 2026-06-22: [기재정정]주식등의대량보유상황보고서(일반) | 2026-06-22: 주식등의대량보유상황보고서(일반) | 2026-06-22: 임원ㆍ주요주주특정증권등거래계획보고서 | 2026-06-15: [기재정정]주요사항보고서(전환사채매수선택권행사자지정),7
LG디스플레이,034220,0,OK,,,,2026-07-03: 임원ㆍ주요주주특정증권등소유상황보고서 | 2026-07-01: 결산실적공시예고(안내공시)               | 2026-07-01: 기업설명회(IR)개최(안내공시)               | 2026-06-30: 지속가능경영보고서등관련사항(자율공시)               | 2026-06-09: 주식등의대량보유상황보고서(약식),5
우리이앤엘하루틴,153490,0,OK,,,,2026-06-30: 의결권대리행사권유참고서류 | 2026-06-30: 주주총회소집공고 | 2026-06-26: 자기주식취득결과보고서 | 2026-06-08: 주주명부폐쇄기간또는기준일설정               | 2026-06-08: 주주총회소집결의              (임시주주총회),6
원익피앤이,217820,0,OK,,,,2026-06-30: 임원ㆍ주요주주특정증권등소유상황보고서 | 2026-06-30: 임원ㆍ주요주주특정증권등소유상황보고서 | 2026-06-30: 임원ㆍ주요주주특정증권등소유상황보고서 | 2026-06-16: 임원ㆍ주요주주특정증권등소유상황보고서 | 2026-06-16: 임원ㆍ주요주주특정증권등소유상황보고서,6
삼성SDI,006400,0,OK,,,,2026-07-03: 장래사업ㆍ경영계획(공정공시)               | 2026-07-02: 장래사업ㆍ경영계획(공정공시)               | 2026-07-01: 주식등의대량보유상황보고서(약식) | 2026-06-30: 금전대여결정               | 2026-06-30: 지속가능경영보고서등관련사항(자율공시)              ,6
부국철강,026940,0,OK,,,,2026-07-03: 최대주주등소유주식변동신고서               | 2026-06-24: 조회공시요구(현저한시황변동)에대한답변(중요공시대상없음)               | 2026-06-23: 조회공시요구(현저한시황변동)              ,3
금호석유화학,011780,0,OK,,,,2026-07-03: 임원ㆍ주요주주특정증권등소유상황보고서 | 2026-07-03: 임원ㆍ주요주주특정증권등소유상황보고서 | 2026-07-02: 최대주주등소유주식변동신고서               | 2026-07-02: 임원ㆍ주요주주특정증권등소유상황보고서 | 2026-07-02: 임원ㆍ주요주주특정증권등소유상황보고서,12
이엘피,063760,0,OK,,,,2026-07-02: 임원ㆍ주요주주특정증권등소유상황보고서 | 2026-07-02: 주식등의대량보유상황보고서(일반) | 2026-06-26: 임원ㆍ주요주주특정증권등소유상황보고서 | 2026-06-26: 주식등의대량보유상황보고서(일반) | 2026-06-15: 중간(분기)배당을위한주주명부폐쇄(기준일)결정              ,9
한국콜마,161890,0,OK,,,,2026-07-06: 최대주주등소유주식변동신고서               | 2026-07-06: 임원ㆍ주요주주특정증권등소유상황보고서 | 2026-07-06: 기업설명회(IR)개최(안내공시)               | 2026-07-02: 임원ㆍ주요주주특정증권등소유상황보고서 | 2026-07-01: 풍문또는보도에대한해명(미확정)              ,10
DB손해보험,005830,0,OK,,,,2026-06-29: [기재정정]주요사항보고서(자본으로인정되는채무증권발행결정) | 2026-06-24: 최대주주등소유주식변동신고서               | 2026-06-24: 주식등의대량보유상황보고서(일반) | 2026-06-18: 특수관계인에대한증여 | 2026-06-18: 특수관계인과의예ㆍ적금거래,12
코메론,049430,0,OK,,,,2026-06-15: 주요사항보고서(자기주식취득신탁계약체결결정) | 2026-06-11: [기재정정]신탁계약해지결과보고서 | 2026-06-10: 주요사항보고서(자기주식취득신탁계약해지결정) | 2026-06-10: [기재정정]신탁계약해지결과보고서 | 2026-06-10: 신탁계약해지결과보고서,6
성우전자,081580,0,OK,,,,2026-07-01: 주식등의대량보유상황보고서(약식) | 2026-06-22: 전환사채(해외전환사채포함)발행후만기전사채취득               | 2026-06-16: 불성실공시법인미지정              (지정유예) | 2026-06-09: 주식등의대량보유상황보고서(약식),4
아즈텍WB,032080,0,OK,,,,2026-07-08: 주주총회소집결의              (임시주주총회) | 2026-07-08: 주식병합결정               | 2026-07-08: 주주명부폐쇄기간또는기준일설정               | 2026-07-06: 임원ㆍ주요주주특정증권등소유상황보고서 | 2026-07-06: 임원ㆍ주요주주특정증권등소유상황보고서,12
코이즈,121850,0,OK,,,,2026-06-15: 기업설명회(IR)개최               | 2026-06-09: 주식등의대량보유상황보고서(약식) | 2026-06-09: 주식등의대량보유상황보고서(약식),3
남양유업,003920,0,OK,,,,2026-06-30: 임원ㆍ주요주주특정증권등소유상황보고서 | 2026-06-22: 임원ㆍ주요주주특정증권등소유상황보고서 | 2026-06-12: 신탁계약에의한취득상황보고서 | 2026-06-12: 임원ㆍ주요주주특정증권등소유상황보고서,4
퓨쳐켐,220100,0,OK,,,,2026-06-30: 투자설명서 | 2026-06-30: 효력발생안내( 2026.6.15. 제출 증권신고서(지분증권) ) | 2026-06-22: 임원ㆍ주요주주특정증권등거래계획보고서 | 2026-06-22: 임원ㆍ주요주주특정증권등거래계획보고서 | 2026-06-15: [기재정정]증권신고서(지분증권),9
강원랜드,035250,0,OK,,,,2026-06-30: 임원ㆍ주요주주특정증권등소유상황보고서 | 2026-06-25: 주주명부폐쇄기간또는기준일설정               | 2026-06-15: 기업설명회(IR)개최(안내공시)               | 2026-06-09: 임원ㆍ주요주주특정증권등소유상황보고서,4
광주은행,192530,0,OK,,,,2026-07-02: 증권발행실적보고서 | 2026-07-01: 투자설명서(일괄신고) | 2026-07-01: 일괄신고추가서류 | 2026-06-30: 증권발행실적보고서 | 2026-06-29: 투자설명서(일괄신고),9
케이티앤지,033780,0,OK,,,,2026-07-03: 주식등의대량보유상황보고서(약식) | 2026-06-29: 지속가능경영보고서등관련사항(자율공시)               | 2026-06-10: 주식등의대량보유상황보고서(약식) | 2026-06-09: 주식등의대량보유상황보고서(약식),4
우듬지팜,403490,0,OK,,,,2026-07-02: [기재정정]주식병합결정               | 2026-06-24: 주주총회소집공고 | 2026-06-15: 주식등의대량보유상황보고서(일반),3
DB증권,016610,0,OK,,,,2026-07-08: 투자설명서(일괄신고) | 2026-07-08: 일괄신고추가서류(파생결합사채-주가연계파생결합사채) | 2026-07-08: 투자설명서(일괄신고) | 2026-07-08: 투자설명서(일괄신고) | 2026-07-08: 일괄신고추가서류(파생결합사채-주가연계파생결합사채),60
베셀,177350,0,OK,,,,2026-06-23: 임시주주총회결과               | 2026-06-23: [기재정정]전환사채(해외전환사채포함)발행후만기전사채취득              (제7회차) | 2026-06-23: 주요사항보고서(자기주식취득신탁계약체결결정) | 2026-06-16: [기재정정]주식병합결정               | 2026-06-08: 의결권대리행사권유참고서류,8
에코앤드림,101360,0,OK,,,,2026-06-29: 지속가능경영보고서등관련사항(자율공시)               | 2026-06-26: 기업설명회(IR)개최               | 2026-06-11: 풍문또는보도에대한해명(미확정)              ,3
아세아,002030,0,OK,,,,2026-06-30: 지속가능경영보고서등관련사항(자율공시)               | 2026-06-15: 주식등의대량보유상황보고서(약식) | 2026-06-10: 주식등의대량보유상황보고서(약식) | 2026-06-10: 주식등의대량보유상황보고서(약식) | 2026-06-10: 주요사항보고서(자기주식취득신탁계약체결결정),5
유한양행,000100,0,OK,,,,2026-07-02: 임원ㆍ주요주주특정증권등소유상황보고서 | 2026-06-30: 지속가능경영보고서등관련사항(자율공시)               | 2026-06-30: 임원ㆍ주요주주특정증권등소유상황보고서 | 2026-06-25: 임원ㆍ주요주주특정증권등소유상황보고서 | 2026-06-15: 임원ㆍ주요주주특정증권등소유상황보고서,6
대한유화,006650,0,OK,,,,2026-07-02: 임원ㆍ주요주주특정증권등소유상황보고서 | 2026-07-02: 지속가능경영보고서등관련사항(자율공시)               | 2026-07-01: 주식등의대량보유상황보고서(약식) | 2026-06-10: 임원ㆍ주요주주특정증권등소유상황보고서,4
나노신소재,121600,0,OK,,,,2026-07-08: 주식등의대량보유상황보고서(약식) | 2026-06-22: 신주인수권부사채(해외신주인수권부사채포함)발행후만기전사채취득               | 2026-06-12: 임원ㆍ주요주주특정증권등소유상황보고서,3
대창단조,015230,0,OK,,,,2026-06-26: 최대주주등소유주식변동신고서               | 2026-06-26: 임원ㆍ주요주주특정증권등소유상황보고서 | 2026-06-22: 최대주주등소유주식변동신고서               | 2026-06-22: 임원ㆍ주요주주특정증권등소유상황보고서 | 2026-06-08: 임원ㆍ주요주주특정증권등거래계획보고서,5
유진증권,001200,0,OK,,,,2026-07-08: 투자설명서(일괄신고) | 2026-07-08: 일괄신고추가서류(파생결합사채-주가연계파생결합사채) | 2026-07-08: 투자설명서(일괄신고) | 2026-07-08: 일괄신고추가서류(파생결합증권-주가연계증권) | 2026-07-03: 증권발행실적보고서,30
액토즈소프트,052790,0,OK,,,,2026-06-12: 소송등의판결ㆍ결정(일정금액이상의청구)               | 2026-06-12: 소송등의판결ㆍ결정(일정금액이상의청구)               | 2026-06-12: 소송등의판결ㆍ결정(일정금액이상의청구)              ,3
삼목에스폼,018310,0,OK,,,,2026-06-30: 임원ㆍ주요주주특정증권등소유상황보고서 | 2026-06-15: 임원ㆍ주요주주특정증권등소유상황보고서 | 2026-06-15: 주식등의대량보유상황보고서(일반) | 2026-06-10: 공개매수결과보고서,4
파인디앤씨,049120,0,OK,,,,2026-06-30: 주요사항보고서(자기전환사채만기전취득결정) | 2026-06-16: 공개매수설명서 | 2026-06-16: 공개매수신고서,3
네오오토,212560,0,OK,,,,2026-06-18: 임원ㆍ주요주주특정증권등소유상황보고서 | 2026-06-18: 주식등의대량보유상황보고서(일반) | 2026-06-11: 전환청구권행사               | 2026-06-11: 임원ㆍ주요주주특정증권등소유상황보고서 | 2026-06-11: 주식등의대량보유상황보고서(일반),5
빛과전자,069540,0,OK,,,,2026-06-19: 기타경영사항(자율공시)               | 2026-06-12: 전환청구권행사              (제13회차) | 2026-06-09: 주식등의대량보유상황보고서(약식),3
조이웍스앤코,309930,0,OK,,,,2026-07-08: 조회공시요구(현저한시황변동)               | 2026-07-03: 의결권대리행사권유참고서류 | 2026-07-03: 주주총회소집공고 | 2026-07-03: [기재정정]주주총회소집결의               | 2026-06-29: [기재정정]사업보고서 (2025.12),11
드림어스컴퍼니,060570,0,OK,,,,2026-06-30: 사외이사의선임ㆍ해임또는중도퇴임에관한신고 | 2026-06-30: 임시주주총회결과               | 2026-06-18: 주식등의대량보유상황보고서(일반) | 2026-06-18: 임원ㆍ주요주주특정증권등소유상황보고서 | 2026-06-15: 의결권대리행사권유참고서류,7
엔젯,419080,0,OK,,,,2026-07-02: 임원ㆍ주요주주특정증권등소유상황보고서 | 2026-07-01: [기재정정]주식등의대량보유상황보고서(일반) | 2026-07-01: 주식등의대량보유상황보고서(일반) | 2026-06-30: 임원ㆍ주요주주특정증권등소유상황보고서 | 2026-06-17: 주식매수선택권행사              ,8
멕아이씨에스,058110,0,OK,,,,2026-07-08: 기업설명회(IR)개최               | 2026-07-08: 기업설명회(IR)개최               | 2026-06-24: 주주총회소집결의              (임시주주총회) | 2026-06-24: 주주명부폐쇄기간또는기준일설정               | 2026-06-16: 임원ㆍ주요주주특정증권등소유상황보고서,7
아이엠비디엑스,461030,0,OK,,,,2026-07-07: 임원ㆍ주요주주특정증권등소유상황보고서 | 2026-06-30: 임원ㆍ주요주주특정증권등소유상황보고서 | 2026-06-30: 임원ㆍ주요주주특정증권등소유상황보고서 | 2026-06-29: 임원ㆍ주요주주특정증권등소유상황보고서 | 2026-06-18: [기재정정]임원ㆍ주요주주특정증권등소유상황보고서,6
미스터블루,207760,0,OK,,,,2026-07-03: 임시주주총회결과               | 2026-06-16: 의결권대리행사권유참고서류 | 2026-06-16: 주주총회소집공고,3
매일유업,267980,0,OK,,,,2026-07-07: 의결권대리행사권유참고서류 | 2026-07-07: 주주총회소집공고 | 2026-07-01: 대표이사변경              ,3
피제이메탈,128660,0,OK,,,,2026-07-01: 임원ㆍ주요주주특정증권등소유상황보고서 | 2026-07-01: 대표이사변경               | 2026-07-01: 임시주주총회결과               | 2026-06-16: 주주총회소집공고,4
HLB이노베이션,024850,0,OK,,,,2026-07-08: 기업설명회(IR)개최               | 2026-07-07: 주식등의대량보유상황보고서(일반) | 2026-07-01: 대표이사변경               | 2026-06-29: [기재정정]사업보고서 (2025.12) | 2026-06-25: [기재정정]타법인주식및출자증권취득결정              ,9
휴니드테크놀러지스,005870,0,OK,,,,2026-07-01: 대표이사(대표집행임원)변경(안내공시)               | 2026-07-01: 임시주주총회결과               | 2026-06-16: 의결권대리행사권유참고서류 | 2026-06-16: 주주총회소집공고 | 2026-06-08: [첨부정정]기업지배구조보고서공시              ,5
레몬헬스케어,365660,0,OK,,,,2026-06-29: 증권발행실적보고서 | 2026-06-23: [기재정정]투자설명서 | 2026-06-23: [발행조건확정]증권신고서(지분증권) | 2026-06-18: 투자설명서 | 2026-06-12: [기재정정]증권신고서(지분증권),5
아톤,158430,0,OK,,,,2026-06-24: 금전대여결정              (대여기간 연장) | 2026-06-16: 사외이사의선임ㆍ해임또는중도퇴임에관한신고 | 2026-06-12: 주주총회소집결의              (임시주주총회) | 2026-06-12: 주주명부폐쇄기간또는기준일설정              ,4
와이바이오로직스,338840,0,OK,,,,2026-07-03: 대표이사변경               | 2026-07-03: [기재정정]주식매수선택권부여에관한신고 | 2026-07-03: 임시주주총회결과               | 2026-07-01: 임원ㆍ주요주주특정증권등소유상황보고서 | 2026-07-01: 주식등의대량보유상황보고서(일반),10
스트라드비젼,475040,0,OK,,,,2026-07-08: 임원ㆍ주요주주특정증권등소유상황보고서 | 2026-07-08: 임원ㆍ주요주주특정증권등소유상황보고서 | 2026-07-08: 임원ㆍ주요주주특정증권등소유상황보고서 | 2026-07-08: 주식등의대량보유상황보고서(약식) | 2026-07-06: 임원ㆍ주요주주특정증권등소유상황보고서,17
한국카본,017960,0,OK,,,,2026-07-06: 주식등의대량보유상황보고서(일반) | 2026-07-01: 주식등의대량보유상황보고서(약식) | 2026-06-25: 주식등의대량보유상황보고서(일반),3
LX인터내셔널,001120,0,OK,,,,2026-06-30: 지속가능경영보고서등관련사항(자율공시)               | 2026-06-26: 임원ㆍ주요주주특정증권등소유상황보고서 | 2026-06-08: 기업설명회(IR)개최(안내공시)              ,3
키스트론,475430,0,OK,,,,2026-07-08: 임원ㆍ주요주주특정증권등거래계획보고서 | 2026-07-08: 임원ㆍ주요주주특정증권등거래계획보고서 | 2026-07-08: 임원ㆍ주요주주특정증권등거래계획보고서 | 2026-06-26: 임원ㆍ주요주주특정증권등거래계획보고서 | 2026-06-26: 임원ㆍ주요주주특정증권등거래계획보고서,8
동방,004140,0,OK,,,,2026-06-29: 최대주주등소유주식변동신고서               | 2026-06-29: 임원ㆍ주요주주특정증권등소유상황보고서 | 2026-06-25: 임원ㆍ주요주주특정증권등소유상황보고서,3
대원,007680,0,OK,,,,2026-07-07: 임원ㆍ주요주주특정증권등소유상황보고서 | 2026-07-07: 주식등의대량보유상황보고서(일반) | 2026-06-11: 임원ㆍ주요주주특정증권등소유상황보고서,3
대림통상,006570,0,OK,,,,2026-06-29: 주식등의대량보유상황보고서(일반) | 2026-06-29: 임원ㆍ주요주주특정증권등소유상황보고서 | 2026-06-29: 최대주주등소유주식변동신고서               | 2026-06-26: 주식등의대량보유상황보고서(일반) | 2026-06-26: 임원ㆍ주요주주특정증권등소유상황보고서,33
에이비엘바이오,298380,0,OK,,,,2026-07-06: 주식등의대량보유상황보고서(일반) | 2026-07-02: 기업설명회(IR)개최               | 2026-07-02: 기업설명회(IR)개최               | 2026-07-02: 기업설명회(IR)개최               | 2026-06-09: [기재정정]투자판단관련주요경영사항(임상시험계획변경승인신청)              (이중항체 면역항암제 ABL503의 제1상 임상시험계획 (IND) 변경승인 신청),5
본시스템즈,496320,0,OK,,,,2026-06-18: 임원ㆍ주요주주특정증권등소유상황보고서 | 2026-06-18: 임원ㆍ주요주주특정증권등소유상황보고서 | 2026-06-18: 주식등의대량보유상황보고서(약식) | 2026-06-10: 기업설명회(IR)개최결과               | 2026-06-10: 증권발행결과(자율공시)              ,5
3S,060310,0,OK,,,,2026-06-30: 임원ㆍ주요주주특정증권등소유상황보고서 | 2026-06-30: 주식등의대량보유상황보고서(일반) | 2026-06-25: 정기주주총회결과               | 2026-06-23: 임원ㆍ주요주주특정증권등소유상황보고서 | 2026-06-17: 사업보고서 (2026.03),10
대덕전자,353200,0,OK,,,,2026-07-02: 임원ㆍ주요주주특정증권등소유상황보고서 | 2026-06-18: 최대주주등소유주식변동신고서               | 2026-06-18: 임원ㆍ주요주주특정증권등소유상황보고서 | 2026-06-18: 주식등의대량보유상황보고서(일반),4
SK가스,018670,0,OK,,,,2026-06-29: [기재정정]타법인주식및출자증권처분결정(종속회사의주요경영사항)               | 2026-06-22: 동일인등출자계열회사와의상품ㆍ용역거래변경 | 2026-06-22: 동일인등출자계열회사와의상품ㆍ용역거래변경 | 2026-06-22: 동일인등출자계열회사와의상품ㆍ용역거래변경,4
네오티스,085910,0,OK,,,,2026-07-01: 주식등의대량보유상황보고서(약식) | 2026-06-29: [기재정정]사업보고서 (2025.12) | 2026-06-25: 임원ㆍ주요주주특정증권등소유상황보고서,3
피에이치에이,043370,0,OK,,,,2026-06-29: 주식등의대량보유상황보고서(약식) | 2026-06-11: 주식등의대량보유상황보고서(일반) | 2026-06-11: 임원ㆍ주요주주특정증권등소유상황보고서 | 2026-06-11: 임원ㆍ주요주주특정증권등소유상황보고서,4
디와이에이,002880,0,OK,,,,2026-07-08: 주식등의대량보유상황보고서(일반) | 2026-07-08: 임원ㆍ주요주주특정증권등소유상황보고서 | 2026-07-08: 최대주주등소유주식변동신고서               | 2026-07-07: 소송등의판결ㆍ결정(일정금액이상의청구)               | 2026-07-06: 최대주주등소유주식변동신고서              ,20
GC메디아이,032620,0,OK,,,,2026-06-10: 기업설명회(IR)개최               | 2026-06-10: 임원ㆍ주요주주특정증권등소유상황보고서 | 2026-06-10: 주식등의대량보유상황보고서(일반),3
다산네트웍스,039560,0,OK,,,,2026-06-30: 주식등의대량보유상황보고서(일반) | 2026-06-19: 임시주주총회결과               | 2026-06-12: [기재정정]분기보고서 (2026.03) | 2026-06-10: 의결권대리행사권유에관한의견표명서 | 2026-06-08: 의결권대리행사권유참고서류,5
지에프아이,493330,0,OK,,,,2026-06-16: 전환청구권행사              (제1회차) | 2026-06-10: 임원ㆍ주요주주특정증권등소유상황보고서 | 2026-06-10: 주식등의대량보유상황보고서(약식),3
뉴엔AI,463020,0,OK,,,,2026-07-06: 주식매수선택권행사               | 2026-06-19: 주식등의대량보유상황보고서(약식) | 2026-06-19: 기업설명회(IR)개최              ,3
제우스,079370,0,OK,,,,2026-07-07: 임원ㆍ주요주주특정증권등소유상황보고서 | 2026-06-30: 임원ㆍ주요주주특정증권등소유상황보고서 | 2026-06-26: 임원ㆍ주요주주특정증권등소유상황보고서 | 2026-06-26: 임원ㆍ주요주주특정증권등소유상황보고서 | 2026-06-19: 임원ㆍ주요주주특정증권등소유상황보고서,6
카카오뱅크,323410,0,OK,,,,2026-07-02: 기업설명회(IR)개최(안내공시)               | 2026-07-02: 결산실적공시예고(안내공시)               | 2026-06-29: 지속가능경영보고서등관련사항(자율공시)               | 2026-06-26: 기업설명회(IR)개최(안내공시)               | 2026-06-25: 타법인주식및출자증권취득결정(자율공시)              ,5
DSR제강,069730,0,OK,,,,2026-07-01: 최대주주등소유주식변동신고서               | 2026-06-26: 최대주주등소유주식변동신고서               | 2026-06-11: 최대주주등소유주식변동신고서              ,3
에이아이코리아,364950,0,OK,,,,2026-07-06: 주요사항보고서(자기주식취득신탁계약체결결정) | 2026-06-16: 기업설명회(IR)개최               | 2026-06-11: 주식등의대량보유상황보고서(일반),3
전북은행,006350,0,OK,,,,2026-06-18: 증권발행실적보고서 | 2026-06-17: 투자설명서(일괄신고) | 2026-06-17: 일괄신고추가서류 | 2026-06-11: 증권발행실적보고서 | 2026-06-10: 투자설명서(일괄신고),8
스틱인베스트먼트,026890,0,OK,,,,2026-07-08: 임원ㆍ주요주주특정증권등소유상황보고서 | 2026-07-08: 주요사항보고서(자기주식취득신탁계약체결결정) | 2026-07-01: 임원ㆍ주요주주특정증권등소유상황보고서 | 2026-06-30: 임원ㆍ주요주주특정증권등소유상황보고서 | 2026-06-29: [기재정정]타법인주식및출자증권취득결정              ,10
한국스탠다드차타드은행,000110,0,OK,,,,2026-06-18: 증권발행실적보고서 | 2026-06-18: 투자설명서(일괄신고) | 2026-06-17: 일괄신고추가서류,3
블랙야크아이앤씨,478560,0,OK,,,,2026-06-26: 타인에대한채무보증결정               | 2026-06-26: 임시주주총회결과               | 2026-06-18: [기재정정]소송등의판결ㆍ결정(일정금액이상의청구)               | 2026-06-17: 소송등의판결ㆍ결정(일정금액이상의청구)               | 2026-06-17: 금전대여결정              ,6
미스토홀딩스,081660,0,OK,,,,2026-07-01: [기재정정]지속가능경영보고서등관련사항(자율공시)               | 2026-06-26: 지속가능경영보고서등관련사항(자율공시)               | 2026-06-17: 주식등의대량보유상황보고서(일반) | 2026-06-10: 주식등의대량보유상황보고서(일반) | 2026-06-09: 기업설명회(IR)개최(안내공시)              ,6
솔브레인,357780,0,OK,,,,2026-07-01: 주식등의대량보유상황보고서(약식) | 2026-07-01: 주식등의대량보유상황보고서(약식) | 2026-06-29: 지속가능경영보고서등관련사항(자율공시)               | 2026-06-09: 주식등의대량보유상황보고서(약식),4
이지스레지던스리츠,350520,0,OK,,,,2026-06-23: [기재정정]부동산투자회사자금차입               | 2026-06-17: 부동산투자회사자금차입               | 2026-06-16: 주주명부폐쇄기간또는기준일설정               | 2026-06-15: 임시주주총회결과               | 2026-06-10: 주식등의대량보유상황보고서(약식),7
삼성카드,029780,0,OK,,,,2026-07-02: 증권발행실적보고서 | 2026-07-01: 투자설명서(일괄신고) | 2026-07-01: 일괄신고추가서류 | 2026-06-26: 특수관계인과의수익증권거래 | 2026-06-26: 지속가능경영보고서등관련사항(자율공시)              ,16
다산디엠씨,208860,0,OK,,,,2026-07-07: 임원ㆍ주요주주특정증권등거래계획보고서 | 2026-07-07: 임원ㆍ주요주주특정증권등소유상황보고서 | 2026-07-07: 주식등의대량보유상황보고서(일반) | 2026-06-30: 임원ㆍ주요주주특정증권등소유상황보고서,4
엔바이오니아,317870,0,OK,,,,2026-07-08: 주식등의대량보유상황보고서(일반) | 2026-07-02: [기재정정]전환가액의조정               | 2026-07-02: 전환가액의조정               | 2026-06-30: [기재정정]신규시설투자등              ,4
온타이드,005320,0,OK,,,,2026-06-29: 임원ㆍ주요주주특정증권등소유상황보고서 | 2026-06-29: 주식등의대량보유상황보고서(일반) | 2026-06-29: 최대주주등소유주식변동신고서               | 2026-06-23: 임원ㆍ주요주주특정증권등소유상황보고서 | 2026-06-23: 주식등의대량보유상황보고서(일반),11
루트락,253610,0,OK,,,,2026-07-02: 전환가액의조정              (제4회차) | 2026-06-26: 기업설명회(IR)개최결과               | 2026-06-22: 전환가액의조정              (제3회차),3
리센스메디컬,394420,0,OK,,,,2026-06-30: 임원ㆍ주요주주특정증권등소유상황보고서 | 2026-06-23: 기업설명회(IR)개최               | 2026-06-09: 주식등의대량보유상황보고서(약식),3
꿈비,407400,0,OK,,,,2026-07-07: 주식등의대량보유상황보고서(일반) | 2026-07-07: 임원ㆍ주요주주특정증권등소유상황보고서 | 2026-06-26: 타법인주식및출자증권취득결정               | 2026-06-18: 주식등의대량보유상황보고서(일반) | 2026-06-10: 주식등의대량보유상황보고서(일반),5
피에스케이,319660,0,OK,,,,2026-07-08: 주식등의대량보유상황보고서(약식) | 2026-07-06: 주식등의대량보유상황보고서(일반) | 2026-07-06: 임원ㆍ주요주주특정증권등소유상황보고서 | 2026-07-01: 주식등의대량보유상황보고서(약식),4
한국앤컴퍼니,000240,0,OK,,,,2026-06-30: 지속가능경영보고서등관련사항(자율공시)               | 2026-06-25: 소송등의제기ㆍ신청(경영권분쟁소송)               | 2026-06-17: 주식등의대량보유상황보고서(일반),3
GS리테일,007070,0,OK,,,,2026-07-07: 임원ㆍ주요주주특정증권등소유상황보고서 | 2026-07-01: 주식등의대량보유상황보고서(약식) | 2026-06-30: 지속가능경영보고서등관련사항(자율공시)              ,3
사조동아원,008040,0,OK,,,,2026-07-07: 의결권대리행사권유참고서류 | 2026-07-07: 주주총회소집공고 | 2026-06-22: 주주총회소집결의               | 2026-06-22: 주주명부폐쇄기간또는기준일설정               | 2026-06-22: 주식병합결정              ,5
SH에너지화학,002360,0,OK,,,,2026-06-30: 최대주주등소유주식변동신고서               | 2026-06-26: 최대주주등소유주식변동신고서               | 2026-06-26: 임원ㆍ주요주주특정증권등소유상황보고서 | 2026-06-17: 대표이사(대표집행임원)변경(안내공시)               | 2026-06-17: 최대주주등소유주식변동신고서              ,8
종근당홀딩스,001630,0,OK,,,,2026-07-01: 증권발행실적보고서 | 2026-07-01: 투자설명서 | 2026-06-30: [발행조건확정]증권신고서(채무증권) | 2026-06-30: 지속가능경영보고서등관련사항(자율공시)               | 2026-06-25: [발행조건확정]증권신고서(채무증권),11
미래에셋생명,085620,0,OK,,,,2026-06-30: 지속가능경영보고서등관련사항(자율공시)               | 2026-06-26: [기재정정]특수관계인과의수익증권거래 | 2026-06-26: 특수관계인과의수익증권거래 | 2026-06-26: 특수관계인과의수익증권거래 | 2026-06-26: 특수관계인과의수익증권거래,11
아이지넷,462980,0,OK,,,,2026-07-07: 주식등의대량보유상황보고서(일반) | 2026-07-07: 임원ㆍ주요주주특정증권등소유상황보고서 | 2026-07-07: 임원ㆍ주요주주특정증권등소유상황보고서 | 2026-07-07: 임원ㆍ주요주주특정증권등소유상황보고서 | 2026-07-07: 임원ㆍ주요주주특정증권등소유상황보고서,7
메디앙스,014100,0,OK,,,,2026-06-30: 주식등의대량보유상황보고서(일반) | 2026-06-22: 주식등의대량보유상황보고서(일반) | 2026-06-15: 주식등의대량보유상황보고서(일반),3
삼성FN리츠,448730,0,OK,,,,2026-07-07: 주요사항보고서(유형자산양수결정) | 2026-07-07: 주주총회소집결의               | 2026-07-07: 부동산투자회사자산보관위탁계약변경               | 2026-07-07: 부동산투자회사금전배당결정               | 2026-07-07: 부동산투자회사부동산임대              ,18
삼성에스디에스,018260,0,OK,,,,2026-07-08: 임원ㆍ주요주주특정증권등소유상황보고서 | 2026-07-08: 임원ㆍ주요주주특정증권등소유상황보고서 | 2026-07-07: 주식등의대량보유상황보고서(일반) | 2026-07-07: 임원ㆍ주요주주특정증권등소유상황보고서 | 2026-07-07: 임원ㆍ주요주주특정증권등소유상황보고서,46
신라섬유,001000,0,OK,,,,2026-06-26: 주주명부폐쇄기간또는기준일설정               | 2026-06-26: 주주총회소집결의              (임시주주총회) | 2026-06-26: 주식병합결정              ,3
동국홀딩스,001230,0,OK,,,,2026-06-24: 임시주주총회결과               | 2026-06-09: 의결권대리행사권유참고서류 | 2026-06-09: 주주총회소집공고,3
케이비캐피탈,021960,0,OK,,,,2026-06-29: 증권발행실적보고서 | 2026-06-26: 투자설명서(일괄신고) | 2026-06-26: 일괄신고추가서류 | 2026-06-18: 일괄신고서 | 2026-06-18: 증권발행실적보고서,7
아주스틸,139990,0,OK,,,,2026-07-02: 주요사항보고서(자기신주인수권부사채만기전취득결정) | 2026-06-25: 단기차입금증가결정               | 2026-06-12: 임원ㆍ주요주주특정증권등소유상황보고서 | 2026-06-11: 전환가액ㆍ신주인수권행사가액ㆍ교환가액의조정(안내공시)              ,4
엔피씨,004250,0,OK,,,,2026-07-03: 임원ㆍ주요주주특정증권등소유상황보고서 | 2026-07-03: 최대주주등소유주식변동신고서               | 2026-06-09: 최대주주등소유주식변동신고서              ,3
케이엔알시스템,199430,0,OK,,,,2026-07-03: 임원ㆍ주요주주특정증권등소유상황보고서 | 2026-06-19: 임원ㆍ주요주주특정증권등소유상황보고서 | 2026-06-18: 임원ㆍ주요주주특정증권등소유상황보고서 | 2026-06-18: 임원ㆍ주요주주특정증권등소유상황보고서,4
콜마비앤에이치,200130,0,OK,,,,2026-06-29: 주식등의대량보유상황보고서(일반) | 2026-06-26: 지속가능경영보고서등관련사항(자율공시)               | 2026-06-25: 임원ㆍ주요주주특정증권등소유상황보고서 | 2026-06-19: 주식등의대량보유상황보고서(일반) | 2026-06-12: 주식등의대량보유상황보고서(일반),5
HLB파나진,046210,0,OK,,,,2026-06-30: 주식등의대량보유상황보고서(일반) | 2026-06-30: 임원ㆍ주요주주특정증권등소유상황보고서 | 2026-06-30: 임원ㆍ주요주주특정증권등소유상황보고서 | 2026-06-18: 임원ㆍ주요주주특정증권등소유상황보고서 | 2026-06-18: 임원ㆍ주요주주특정증권등소유상황보고서,12
모다이노칩,080420,0,OK,,,,2026-06-24: 주식등의대량보유상황보고서(일반) | 2026-06-16: 주식등의대량보유상황보고서(일반) | 2026-06-10: 주식등의대량보유상황보고서(일반),3
풀무원,017810,0,OK,,,,2026-06-26: 기타경영사항(종속회사의주요경영사항)               | 2026-06-24: 최대주주등소유주식변동신고서               | 2026-06-24: 주식등의대량보유상황보고서(일반) | 2026-06-24: 임원ㆍ주요주주특정증권등소유상황보고서 | 2026-06-22: 사외이사의선임ㆍ해임또는중도퇴임에관한신고,11
APS,054620,0,OK,,,,2026-07-07: 타법인주식및출자증권취득결정               | 2026-07-06: 임원ㆍ주요주주특정증권등소유상황보고서 | 2026-06-10: 임원ㆍ주요주주특정증권등소유상황보고서,3
현대해상,001450,0,OK,,,,2026-07-01: 주식등의대량보유상황보고서(약식) | 2026-06-30: 특수관계인과의수익증권거래 | 2026-06-25: 특수관계인에대한증여,3
HLB제넥스,187420,0,OK,,,,2026-07-06: 임원ㆍ주요주주특정증권등거래계획보고서 | 2026-07-02: 임원ㆍ주요주주특정증권등소유상황보고서 | 2026-06-29: 주식등의대량보유상황보고서(일반) | 2026-06-23: 임원ㆍ주요주주특정증권등소유상황보고서 | 2026-06-18: 주식등의대량보유상황보고서(일반),10
하나은행,004940,0,OK,,,,2026-07-06: 증권발행실적보고서 | 2026-07-03: 투자설명서(일괄신고) | 2026-07-03: 일괄신고추가서류 | 2026-06-15: 증권발행실적보고서 | 2026-06-15: 증권발행실적보고서,12
휴온스글로벌,084110,0,OK,,,,2026-06-26: [기재정정]타인에대한채무보증결정(자회사의 주요경영사항)               | 2026-06-26: 지속가능경영보고서등관련사항(자율공시)               | 2026-06-22: [기재정정]의결권대리행사권유참고서류 | 2026-06-22: [기재정정]주주총회소집공고 | 2026-06-22: [기재정정]주주총회소집결의              (임시주주총회),9
JW홀딩스,096760,0,OK,,,,2026-07-03: 주식등의대량보유상황보고서(일반) | 2026-07-03: 최대주주등소유주식변동신고서               | 2026-06-30: 투자판단관련주요경영사항              ,3
STX그린로지스,465770,0,OK,,,,2026-07-08: [기재정정]유형자산처분결정               | 2026-07-07: [기재정정]유형자산처분결정               | 2026-06-30: [기재정정]유형자산처분결정               | 2026-06-25: 소송등의판결ㆍ결정(일정금액이상의청구)               | 2026-06-12: 풍문또는보도에대한해명(미확정)              ,5
한스바이오메드,042520,0,OK,,,,2026-07-02: 주식등의대량보유상황보고서(약식) | 2026-07-01: 주식등의대량보유상황보고서(약식) | 2026-06-09: 주식등의대량보유상황보고서(약식),3
메타바이오메드,059210,0,OK,,,,2026-07-03: 자기주식취득결과보고서 | 2026-06-30: [기재정정]현금ㆍ현물배당결정               | 2026-06-29: [기재정정]사업보고서 (2025.12) | 2026-06-25: 현금ㆍ현물배당결정               | 2026-06-15: 중간(분기)배당을위한주주명부폐쇄(기준일)결정              ,10
미트박스,475460,0,OK,,,,2026-06-29: 주식등의대량보유상황보고서(약식) | 2026-06-19: 임원ㆍ주요주주특정증권등소유상황보고서 | 2026-06-18: 타법인주식및출자증권취득결정               | 2026-06-12: 기업설명회(IR)개최               | 2026-06-11: 임원ㆍ주요주주특정증권등소유상황보고서,5
덴티움,145720,0,OK,,,,2026-07-02: 신탁계약에의한취득상황보고서 | 2026-07-01: 주식등의대량보유상황보고서(약식) | 2026-06-16: 소송등의제기ㆍ신청(경영권분쟁소송)               | 2026-06-10: 소송등의제기ㆍ신청(경영권분쟁소송)              ,4
화인베스틸,133820,0,OK,,,,2026-06-12: 최대주주등소유주식변동신고서               | 2026-06-12: 주식등의대량보유상황보고서(일반) | 2026-06-08: 신규시설투자등              ,3
진양산업,003780,0,OK,,,,2026-07-06: 현금ㆍ현물배당결정               | 2026-07-06: 현금ㆍ현물배당을위한주주명부폐쇄(기준일)결정               | 2026-06-15: 기타경영사항(자율공시)              ,3
제이케이리버스톤자기관리부동산투자회사,204210,0,OK,,,,2026-06-18: 주식등의대량보유상황보고서(약식) | 2026-06-15: 주식등의대량보유상황보고서(약식) | 2026-06-10: 임원ㆍ주요주주특정증권등소유상황보고서 | 2026-06-10: 주식등의대량보유상황보고서(약식),4
에스케이브로드밴드,033630,0,OK,,,,2026-06-12: 증권발행실적보고서 | 2026-06-12: 투자설명서 | 2026-06-11: [발행조건확정]증권신고서(채무증권) | 2026-06-08: [발행조건확정]증권신고서(채무증권) | 2026-06-08: [기재정정]증권신고서(채무증권),5
인벤티지랩,389470,0,OK,,,,2026-06-29: 임원ㆍ주요주주특정증권등소유상황보고서 | 2026-06-22: 전환사채(해외전환사채포함)발행후만기전사채취득              (제2회차) | 2026-06-16: 임원ㆍ주요주주특정증권등소유상황보고서 | 2026-06-15: 주요사항보고서(자기전환사채만기전취득결정) | 2026-06-08: 주식등의대량보유상황보고서(일반),5
한국미라클피플사,331660,0,OK,,,,2026-07-07: 기업설명회(IR)개최               | 2026-07-03: 기업설명회(IR)개최결과               | 2026-06-26: [기재정정]주식매수선택권부여에관한신고 | 2026-06-18: 기업설명회(IR)개최               | 2026-06-15: 기업설명회(IR)개최결과              ,5
한국캐피탈,023760,0,OK,,,,2026-06-30: [첨부정정]일괄신고서 | 2026-06-30: 임시주주총회결과               | 2026-06-22: 증권발행실적보고서 | 2026-06-19: 투자설명서(일괄신고) | 2026-06-19: 일괄신고추가서류,10
조이시티,067000,0,OK,,,,2026-07-07: 임원ㆍ주요주주특정증권등소유상황보고서 | 2026-07-02: 주식등의대량보유상황보고서(약식) | 2026-07-01: 주식등의대량보유상황보고서(일반) | 2026-06-24: 기업설명회(IR)개최               | 2026-06-22: 주식등의대량보유상황보고서(일반),7
진영,285800,0,OK,,,,2026-06-29: 주주명부폐쇄기간또는기준일설정               | 2026-06-29: 주주총회소집결의              (임시주주총회) | 2026-06-29: 주식병합결정              ,3
캐리,313760,0,OK,,,,2026-07-03: 주요사항보고서(소송등의제기) | 2026-06-30: [기재정정]주요사항보고서(유형자산양수결정) | 2026-06-22: 타인에대한담보제공결정               | 2026-06-22: 타인에대한채무보증결정              ,4
아모텍,052710,0,OK,,,,2026-07-02: 주식등의대량보유상황보고서(일반) | 2026-07-01: 주식등의대량보유상황보고서(약식) | 2026-06-24: 권리락              (유상증자) | 2026-06-24: 투자설명서 | 2026-06-24: [발행조건확정]증권신고서(지분증권),9
씨아이테크,004920,0,OK,,,,2026-07-01: 주주명부폐쇄기간또는기준일설정               | 2026-07-01: 주주총회소집결의               | 2026-06-19: 주식등의대량보유상황보고서(일반) | 2026-06-19: 자기주식취득결과보고서 | 2026-06-15: 임원ㆍ주요주주특정증권등소유상황보고서,7
모아텍,033200,0,OK,,,,2026-06-25: 정기주주총회결과               | 2026-06-16: 사업보고서 (2026.03) | 2026-06-16: 감사보고서제출               | 2026-06-09: 주주총회소집공고,4
대상,001680,0,OK,,,,2026-07-07: 벌금등의부과               | 2026-07-02: 임원ㆍ주요주주특정증권등소유상황보고서 | 2026-07-01: 주식등의대량보유상황보고서(약식) | 2026-06-26: [기재정정]주주명부폐쇄기간또는기준일설정               | 2026-06-19: 주주명부폐쇄기간또는기준일설정              ,5
대한제당,001790,0,OK,,,,2026-07-06: 주요사항보고서(자기주식취득신탁계약체결결정) | 2026-06-30: [기재정정]벌금등의부과               | 2026-06-30: [기재정정]벌금등의부과               | 2026-06-10: 임원ㆍ주요주주특정증권등소유상황보고서 | 2026-06-10: 임원ㆍ주요주주특정증권등소유상황보고서,9
한중엔시에스,107640,0,OK,,,,2026-07-01: 임원ㆍ주요주주특정증권등소유상황보고서 | 2026-06-30: 임원ㆍ주요주주특정증권등소유상황보고서 | 2026-06-30: 주식등의대량보유상황보고서(일반) | 2026-06-30: 주주총회소집공고 | 2026-06-22: 주식등의대량보유상황보고서(일반),5
퀀타매트릭스,317690,0,OK,,,,2026-06-23: 대표이사변경               | 2026-06-15: 기업설명회(IR)개최               | 2026-06-08: 전환사채(해외전환사채포함)발행후만기전사채취득              ,3
세아홀딩스,058650,0,OK,,,,2026-07-06: 주식등의대량보유상황보고서(일반) | 2026-06-26: 현금ㆍ현물배당결정(자회사의 주요경영사항)               | 2026-06-26: 현금ㆍ현물배당을위한주주명부폐쇄(기준일)결정(자회사의 주요경영사항)               | 2026-06-10: 임원ㆍ주요주주특정증권등소유상황보고서 | 2026-06-10: 주식등의대량보유상황보고서(일반),8
포스코퓨처엠,003670,0,OK,,,,2026-07-08: 임원ㆍ주요주주특정증권등소유상황보고서 | 2026-07-08: 임원ㆍ주요주주특정증권등소유상황보고서 | 2026-07-08: 임원ㆍ주요주주특정증권등소유상황보고서 | 2026-06-30: 임원ㆍ주요주주특정증권등소유상황보고서 | 2026-06-24: 지속가능경영보고서등관련사항(자율공시)              ,8
삼화네트웍스,046390,0,OK,,,,2026-06-18: 주요사항보고서(자기주식취득신탁계약체결결정) | 2026-06-17: 신탁계약해지결과보고서 | 2026-06-17: 주요사항보고서(자기주식취득신탁계약해지결정) | 2026-06-08: 임원ㆍ주요주주특정증권등소유상황보고서 | 2026-06-08: 임원ㆍ주요주주특정증권등소유상황보고서,8
월덱스,101160,0,OK,,,,2026-06-29: 임시주주총회결과               | 2026-06-17: 기업설명회(IR)개최               | 2026-06-17: 기업가치제고계획(자율공시)               | 2026-06-12: 의결권대리행사권유참고서류 | 2026-06-12: 의결권대리행사권유참고서류,8
FSN,214270,0,OK,,,,2026-06-29: 임원ㆍ주요주주특정증권등소유상황보고서 | 2026-06-29: 임원ㆍ주요주주특정증권등소유상황보고서 | 2026-06-29: 임원ㆍ주요주주특정증권등소유상황보고서 | 2026-06-29: 주식등의대량보유상황보고서(일반) | 2026-06-25: 주식등의대량보유상황보고서(약식),10
SK이터닉스,475150,0,OK,,,,2026-07-01: 주식등의대량보유상황보고서(약식) | 2026-06-30: [기재정정]투자판단관련주요경영사항               | 2026-06-30: [첨부정정]주요사항보고서(유형자산양도결정) | 2026-06-24: [기재정정]주요사항보고서(유형자산양도결정),4
차이커뮤니케이션,351870,0,OK,,,,2026-06-30: 임원ㆍ주요주주특정증권등거래계획보고서 | 2026-06-30: 임원ㆍ주요주주특정증권등거래계획보고서 | 2026-06-30: 임원ㆍ주요주주특정증권등거래계획보고서 | 2026-06-30: 임원ㆍ주요주주특정증권등거래계획보고서 | 2026-06-30: [기재정정]주식매수선택권부여에관한신고,12
라온피플,300120,0,OK,,,,2026-06-29: 임시주주총회결과               | 2026-06-24: 주식등의대량보유상황보고서(일반) | 2026-06-12: 주주총회소집공고,3
마스턴프리미어리츠,357430,0,OK,,,,2026-07-08: 주식등의대량보유상황보고서(약식) | 2026-06-26: 정기주주총회결과               | 2026-06-18: 사업보고서 (2026.03) | 2026-06-18: 감사보고서제출               | 2026-06-12: 기타경영사항(자율공시)              ,8
포시에스,189690,0,OK,,,,2026-07-02: 임원ㆍ주요주주특정증권등소유상황보고서 | 2026-07-02: 주식등의대량보유상황보고서(일반) | 2026-06-25: 기업가치제고계획(자율공시)              (2026년 (주)포시에스의 기업가치 제고 계획) | 2026-06-15: 주주명부폐쇄기간또는기준일설정              ,4
이스트소프트,047560,0,OK,,,,2026-07-03: 주주명부폐쇄기간또는기준일설정               | 2026-07-03: 주주총회소집결의              (임시주주총회) | 2026-06-25: 주요사항보고서(자기주식취득신탁계약체결결정),3
SK,034730,0,OK,,,,2026-07-07: 최대주주등소유주식변동신고서               | 2026-07-02: 중대재해발생(자회사의 주요경영사항)               | 2026-06-29: 타법인주식및출자증권취득결정(자회사의 주요경영사항)               | 2026-06-25: 투자판단관련주요경영사항(자회사의 주요경영사항)               | 2026-06-25: [기재정정]금전대여결정(자회사의 주요경영사항)              ,11
한솔홀딩스,004150,0,OK,,,,2026-06-16: [기재정정]주요사항보고서(타법인주식및출자증권양수결정)(자회사의 주요경영사항)               | 2026-06-16: 최대주주등소유주식변동신고서               | 2026-06-16: 주식등의대량보유상황보고서(일반) | 2026-06-16: 임원ㆍ주요주주특정증권등소유상황보고서 | 2026-06-12: [기재정정]벌금등의부과(자회사의 주요경영사항)              ,7
엔피케이,048830,0,OK,,,,2026-06-30: 임원ㆍ주요주주특정증권등소유상황보고서 | 2026-06-24: 주식등의대량보유상황보고서(일반) | 2026-06-24: 임원ㆍ주요주주특정증권등소유상황보고서 | 2026-06-12: 임원ㆍ주요주주특정증권등소유상황보고서 | 2026-06-12: 임원ㆍ주요주주특정증권등소유상황보고서,6
아스트,067390,0,OK,,,,2026-07-08: [기재정정]분기보고서 (2026.03) | 2026-07-07: [기재정정]분기보고서 (2026.03) | 2026-06-24: 주주총회소집공고,3
메리츠증권,008560,0,OK,,,,2026-07-08: 증권발행실적보고서 | 2026-07-08: 투자설명서(일괄신고) | 2026-07-08: 일괄신고추가서류(파생결합증권-상장지수증권) | 2026-07-08: 투자설명서(일괄신고) | 2026-07-08: 일괄신고추가서류(파생결합증권-주가연계증권),87
동국제강,460860,0,OK,,,,2026-07-01: 주식등의대량보유상황보고서(약식) | 2026-06-30: 지속가능경영보고서등관련사항(자율공시)               | 2026-06-12: 주주명부폐쇄기간또는기준일설정              ,3
노을,376930,0,OK,,,,2026-07-03: [기재정정]의결권대리행사권유참고서류 | 2026-07-03: [기재정정]주주총회소집공고 | 2026-06-29: 임원ㆍ주요주주특정증권등소유상황보고서 | 2026-06-29: 임원ㆍ주요주주특정증권등소유상황보고서 | 2026-06-29: 주식등의대량보유상황보고서(일반),12
대신정보통신,020180,0,OK,,,,2026-06-26: 사외이사의선임ㆍ해임또는중도퇴임에관한신고 | 2026-06-26: 정기주주총회결과               | 2026-06-18: 사업보고서 (2026.03) | 2026-06-18: 현금ㆍ현물배당결정               | 2026-06-17: 감사보고서제출              ,6
시프트업,462870,0,OK,,,,2026-06-30: 최대주주등소유주식변동신고서               | 2026-06-30: 임원ㆍ주요주주특정증권등소유상황보고서 | 2026-06-30: 주식등의대량보유상황보고서(일반) | 2026-06-12: 신탁계약에의한취득상황보고서,4
SFA넥셀,222080,0,OK,,,,2026-06-29: 정보보호현황(자율공시)               | 2026-06-11: 상호변경안내               | 2026-06-11: 임시주주총회결과              ,3
동국씨엠,460850,0,OK,,,,2026-06-30: 지속가능경영보고서등관련사항(자율공시)               | 2026-06-25: 타인에대한채무보증결정(자율공시)               | 2026-06-25: 타인에대한채무보증결정(자율공시)              ,3
딥노이드,315640,0,OK,,,,2026-07-03: 주식등의대량보유상황보고서(약식) | 2026-06-22: 주식등의대량보유상황보고서(약식) | 2026-06-22: 임원ㆍ주요주주특정증권등소유상황보고서,3
AP시스템,265520,0,OK,,,,2026-07-01: 기업설명회(IR)개최               | 2026-06-11: 신탁계약에의한취득상황보고서 | 2026-06-08: 기업설명회(IR)개최              ,3
에이텀,355690,0,OK,,,,2026-07-06: 주주명부폐쇄기간또는기준일설정               | 2026-07-06: 주주총회소집결의              (임시주주총회) | 2026-06-29: 전환가액의조정              (제4회차) | 2026-06-24: [기재정정]주식등의대량보유상황보고서(약식),4
피엔에이치테크,239890,0,OK,,,,2026-07-02: 임원ㆍ주요주주특정증권등소유상황보고서 | 2026-06-10: 주식등의대량보유상황보고서(일반) | 2026-06-10: 임원ㆍ주요주주특정증권등소유상황보고서,3
제노레이,122310,0,OK,,,,2026-07-01: 현금ㆍ현물배당결정              (분기배당) | 2026-07-01: 임원ㆍ주요주주특정증권등소유상황보고서 | 2026-06-29: 임원ㆍ주요주주특정증권등소유상황보고서 | 2026-06-18: 주식등의대량보유상황보고서(일반) | 2026-06-15: 중간(분기)배당을위한주주명부폐쇄(기준일)결정              ,7
루멘스,038060,0,OK,,,,2026-07-06: 주주총회소집결의              (임시주주총회) | 2026-07-06: 주식병합결정               | 2026-07-06: 주주명부폐쇄기간또는기준일설정              ,3
쓰리에이로직스,177900,0,OK,,,,2026-06-08: 임원ㆍ주요주주특정증권등소유상황보고서 | 2026-06-08: 임원ㆍ주요주주특정증권등소유상황보고서 | 2026-06-08: 임원ㆍ주요주주특정증권등소유상황보고서 | 2026-06-08: 임원ㆍ주요주주특정증권등소유상황보고서,4
져스텍,153890,0,OK,,,,2026-07-06: 주식등의대량보유상황보고서(약식) | 2026-07-03: 분기보고서 (2026.03) | 2026-07-03: 임원ㆍ주요주주특정증권등소유상황보고서 | 2026-07-03: 임원ㆍ주요주주특정증권등소유상황보고서 | 2026-07-03: 임원ㆍ주요주주특정증권등소유상황보고서,12
오성첨단소재,052420,0,OK,,,,2026-07-02: 주요사항보고서(자기주식취득신탁계약체결결정) | 2026-06-26: 대표이사변경               | 2026-06-26: 임시주주총회결과               | 2026-06-18: 타법인주식및출자증권취득결정               | 2026-06-18: [기재정정]주요사항보고서(타법인주식및출자증권양도결정),7
이노벡스,279060,0,OK,,,,2026-07-02: [기재정정]회생절차개시결정               | 2026-06-26: 본점소재지변경               | 2026-06-26: 임시주주총회결과               | 2026-06-10: 주주총회소집공고,4
롯데칠성음료,005300,0,OK,,,,2026-07-03: 주식등의대량보유상황보고서(약식) | 2026-06-29: 지속가능경영보고서등관련사항(자율공시)               | 2026-06-18: 공정거래자율준수프로그램운영현황(안내공시)               | 2026-06-18: [기재정정]유형자산처분결정               | 2026-06-18: [기재정정]특수관계인에대한부동산매도,6
명문제약,017180,0,OK,,,,2026-07-02: 임원ㆍ주요주주특정증권등소유상황보고서 | 2026-07-02: 임원ㆍ주요주주특정증권등소유상황보고서 | 2026-06-11: 임원ㆍ주요주주특정증권등소유상황보고서,3
코다코,046070,0,OK,,,,2026-06-15: 감자완료               | 2026-06-10: 임원ㆍ주요주주특정증권등소유상황보고서 | 2026-06-10: 주식등의대량보유상황보고서(일반),3
랩지노믹스,084650,0,OK,,,,2026-06-29: 주식병합결정               | 2026-06-29: 주주총회소집결의               | 2026-06-29: 주주명부폐쇄기간또는기준일설정               | 2026-06-16: 임원ㆍ주요주주특정증권등소유상황보고서 | 2026-06-12: 주식등의대량보유상황보고서(일반),5
팬스타엔터프라이즈,054300,0,OK,,,,2026-07-02: 임원ㆍ주요주주특정증권등거래계획보고서 | 2026-07-02: 임원ㆍ주요주주특정증권등소유상황보고서 | 2026-06-12: 주식등의대량보유상황보고서(일반),3
엘컴텍,037950,0,OK,,,,2026-07-07: 임원ㆍ주요주주특정증권등소유상황보고서 | 2026-06-29: 주식등의대량보유상황보고서(일반) | 2026-06-29: 임원ㆍ주요주주특정증권등소유상황보고서 | 2026-06-09: 임원ㆍ주요주주특정증권등소유상황보고서,4
이지트로닉스,377330,0,OK,,,,2026-06-22: 대표이사변경               | 2026-06-22: 임시주주총회결과               | 2026-06-22: 사외이사의선임ㆍ해임또는중도퇴임에관한신고,3
피앤씨테크,237750,0,OK,,,,2026-07-06: 소송등의판결ㆍ결정               | 2026-06-30: 대표이사변경               | 2026-06-30: 합병등종료보고서(합병) | 2026-06-26: 소송등의제기ㆍ신청(경영권분쟁소송)              (간접강제) | 2026-06-16: 임원ㆍ주요주주특정증권등소유상황보고서,8
컴투스,078340,0,OK,,,,2026-06-30: 지속가능경영보고서등관련사항(자율공시)               | 2026-06-19: 기업설명회(IR)개최               | 2026-06-15: 임원ㆍ주요주주특정증권등소유상황보고서,3
하나34호스팩,484130,0,OK,,,,2026-07-02: [기재정정]주주명부폐쇄기간또는기준일설정               | 2026-07-02: 주주명부폐쇄기간또는기준일설정               | 2026-07-02: 기업인수목적회사의임원선임결정               | 2026-07-02: 주주총회소집결의              (임시주주총회) | 2026-06-23: 주식등의대량보유상황보고서(약식),5
희림,037440,0,OK,,,,2026-07-03: 주식등의대량보유상황보고서(일반) | 2026-07-02: 임원ㆍ주요주주특정증권등소유상황보고서 | 2026-07-02: 주식등의대량보유상황보고서(일반),3
한국전력공사,015760,0,OK,,,,2026-07-07: 사외이사의선임ㆍ해임또는중도퇴임에관한신고 | 2026-06-29: 기타경영사항(자율공시)(종속회사의주요경영사항)               | 2026-06-24: 중대재해발생(종속회사의주요경영사항)               | 2026-06-23: 소송등의판결ㆍ결정(일정금액이상의청구)               | 2026-06-18: 임원ㆍ주요주주특정증권등소유상황보고서,8
나라엠앤디,051490,0,OK,,,,2026-07-07: 임원ㆍ주요주주특정증권등소유상황보고서 | 2026-06-29: 임원ㆍ주요주주특정증권등소유상황보고서 | 2026-06-23: 주식등의대량보유상황보고서(일반) | 2026-06-23: 임원ㆍ주요주주특정증권등소유상황보고서,4
국민은행,060000,0,OK,,,,2026-06-22: 증권발행실적보고서 | 2026-06-19: 투자설명서(일괄신고) | 2026-06-19: 일괄신고추가서류 | 2026-06-18: 증권발행실적보고서 | 2026-06-17: 투자설명서(일괄신고),15
인카금융서비스,211050,0,OK,,,,2026-06-22: 주식등의대량보유상황보고서(약식) | 2026-06-09: [기재정정]주요사항보고서(자기주식취득신탁계약체결결정) | 2026-06-08: 주요사항보고서(자기주식취득신탁계약체결결정),3
팜스코,036580,0,OK,,,,2026-07-07: 주식등의대량보유상황보고서(약식) | 2026-06-29: 타인에대한채무보증결정               | 2026-06-29: 동일인등출자계열회사와의상품ㆍ용역거래 | 2026-06-08: 주식등의대량보유상황보고서(일반),4
HD현대일렉트릭,267260,0,OK,,,,2026-07-07: 임원ㆍ주요주주특정증권등소유상황보고서 | 2026-07-06: [기재정정]연결재무제표기준영업실적등에대한전망(공정공시)               | 2026-07-02: 투자판단관련주요경영사항               | 2026-07-01: 최대주주등소유주식변동신고서               | 2026-06-29: [기재정정]타인에대한채무보증결정              ,9
신한카드,032710,0,OK,,,,2026-07-02: 증권발행실적보고서 | 2026-07-01: 투자설명서(일괄신고) | 2026-07-01: 일괄신고추가서류 | 2026-06-26: 증권발행실적보고서 | 2026-06-25: 투자설명서(일괄신고),12
케이씨씨,002380,0,OK,,,,2026-07-01: 주식등의대량보유상황보고서(약식) | 2026-06-29: 지속가능경영보고서등관련사항(자율공시)               | 2026-06-16: 기타경영사항(자율공시)              (배당기준일 안내) | 2026-06-08: 주식등의대량보유상황보고서(일반),4
이지케어텍,099750,0,OK,,,,2026-06-25: 정기주주총회결과               | 2026-06-17: 사업보고서 (2026.03) | 2026-06-17: 감사보고서제출               | 2026-06-10: 의결권대리행사권유참고서류 | 2026-06-10: 주주총회소집공고,5
에어부산,298690,0,OK,,,,2026-06-17: 임원ㆍ주요주주특정증권등소유상황보고서 | 2026-06-15: 최대주주등소유주식변동신고서               | 2026-06-15: 전환청구권ㆍ신주인수권ㆍ교환청구권행사              ,3
형지엘리트,093240,0,OK,,,,2026-07-06: 주주총회소집결의               | 2026-07-06: 주주명부폐쇄기간또는기준일설정               | 2026-07-06: 주식병합결정              ,3
세원정공,021820,0,OK,,,,2026-07-07: 타인에대한담보제공결정(자율공시)               | 2026-06-26: 주주총회소집공고 | 2026-06-26: 주주총회소집결의               | 2026-06-15: 주주명부폐쇄기간또는기준일설정              ,4
케이이엠텍,106080,0,OK,,,,2026-07-07: 사외이사의선임ㆍ해임또는중도퇴임에관한신고 | 2026-06-29: 본점소재지변경               | 2026-06-10: [기재정정]주주총회소집결의              (임시주주총회),3
동원금속,018500,0,OK,,,,2026-06-29: 정기주주총회결과               | 2026-06-29: 대표이사(대표집행임원)변경(안내공시)               | 2026-06-24: [기재정정]주주총회소집공고 | 2026-06-24: [첨부정정]사업보고서 (2026.03) | 2026-06-24: 주식등의대량보유상황보고서(일반),19
아이톡시,052770,0,OK,,,,2026-07-06: 본점소재지변경               | 2026-06-30: 불성실공시법인지정예고              (공시번복 3건) | 2026-06-10: [기재정정]본점소재지변경               | 2026-06-10: 본점소재지변경              ,4
화승코퍼레이션,013520,0,OK,,,,2026-07-07: 최대주주등소유주식변동신고서               | 2026-07-06: 타인에대한채무보증결정               | 2026-07-06: 타인에대한채무보증결정               | 2026-06-30: 지속가능경영보고서등관련사항(자율공시)               | 2026-06-30: 주식등의대량보유상황보고서(일반),8
코스메카코리아,241710,0,OK,,,,2026-07-02: 임원ㆍ주요주주특정증권등소유상황보고서 | 2026-07-01: 주식등의대량보유상황보고서(약식) | 2026-06-10: 기업설명회(IR)개최              ,3
엠로,058970,0,OK,,,,2026-07-08: [기재정정]주식매수선택권부여에관한신고 | 2026-07-08: [기재정정]주식매수선택권부여에관한신고 | 2026-07-08: 임원ㆍ주요주주특정증권등소유상황보고서 | 2026-07-08: 대표이사변경               | 2026-07-08: 임시주주총회결과              ,11
진매트릭스,109820,0,OK,,,,2026-07-02: 임원ㆍ주요주주특정증권등소유상황보고서 | 2026-07-02: 임원ㆍ주요주주특정증권등소유상황보고서 | 2026-07-02: 임원ㆍ주요주주특정증권등소유상황보고서,3
제일파마홀딩스,002620,0,OK,,,,2026-06-23: 임원ㆍ주요주주특정증권등소유상황보고서 | 2026-06-23: 임원ㆍ주요주주특정증권등소유상황보고서 | 2026-06-16: 주식등의대량보유상황보고서(일반),3
수프로,185190,0,OK,,,,2026-06-26: 정기주주총회결과               | 2026-06-17: 사업보고서 (2026.03) | 2026-06-17: 감사보고서제출               | 2026-06-11: 주주총회소집공고 | 2026-06-11: 주주총회소집결의              ,5
비씨엔씨,146320,0,OK,,,,2026-07-08: 합병등종료보고서(합병) | 2026-06-22: 주식등의대량보유상황보고서(일반) | 2026-06-15: [기재정정]신규시설투자등               | 2026-06-11: 주식등의대량보유상황보고서(일반),4
메가스터디교육,215200,0,OK,,,,2026-07-08: 주식등의대량보유상황보고서(약식) | 2026-07-01: 주요사항보고서(자기주식취득신탁계약체결결정) | 2026-07-01: 현금ㆍ현물배당결정              (분기배당) | 2026-06-15: 중간(분기)배당을위한주주명부폐쇄(기준일)결정              ,4
제이알글로벌리츠,348950,0,OK,,,,2026-07-06: 기업설명회(IR)개최(안내공시)               | 2026-07-06: 주주총회소집결의               | 2026-06-15: [기재정정]주요사항보고서(회생절차개시신청) | 2026-06-15: 주주명부폐쇄기간또는기준일설정              ,4
SV인베스트먼트,289080,0,OK,,,,2026-06-30: 주식등의대량보유상황보고서(일반) | 2026-06-29: [기재정정]기업가치제고계획(자율공시)              (2026년 에스브이인베스트먼트(주) 기업가치 제고 계획) | 2026-06-29: 기업가치제고계획(자율공시)              (2026년 에스브이인베스트먼트(주) 기업가치 제고 계획) | 2026-06-26: 정기주주총회결과               | 2026-06-18: 감사보고서제출              ,11
하이즈항공,221840,0,OK,,,,2026-07-01: 주식등의대량보유상황보고서(일반) | 2026-07-01: 임원ㆍ주요주주특정증권등소유상황보고서 | 2026-06-26: 소송등의판결ㆍ결정              (회계장부 등 열람등사 신청),3
더블유게임즈,192080,0,OK,,,,2026-07-03: 주식등의대량보유상황보고서(일반) | 2026-07-03: 최대주주등소유주식변동신고서               | 2026-07-01: 주식등의대량보유상황보고서(약식),3
슈프리마,236200,0,OK,,,,2026-07-08: 의결권대리행사권유참고서류 | 2026-07-07: [기재정정]주주총회소집결의              (임시주주총회) | 2026-07-07: 현금ㆍ현물배당결정              (분기배당) | 2026-06-09: 주주명부폐쇄기간또는기준일설정               | 2026-06-09: 주주총회소집결의              (임시주주총회),5
전진바이오팜,110020,0,OK,,,,2026-06-19: 임원ㆍ주요주주특정증권등거래계획보고서 | 2026-06-15: 임원ㆍ주요주주특정증권등소유상황보고서 | 2026-06-15: 주식등의대량보유상황보고서(일반),3
풍원정밀,371950,0,OK,,,,2026-06-26: 주식등의대량보유상황보고서(약식) | 2026-06-25: 임원ㆍ주요주주특정증권등소유상황보고서 | 2026-06-10: 자산재평가결과(자율공시)               | 2026-06-10: [기재정정]자산재평가실시결정(자율공시)               | 2026-06-08: [기재정정]임원ㆍ주요주주특정증권등소유상황보고서,6
알비더블유,361570,0,OK,,,,2026-06-30: 연결재무제표기준영업실적등에대한전망(공정공시)               | 2026-06-30: 주주명부폐쇄기간또는기준일설정               | 2026-06-30: 주주총회소집결의              (임시주주총회) | 2026-06-15: 타인에대한채무보증결정              ,4
웰크론,065950,0,OK,,,,2026-07-08: 임원ㆍ주요주주특정증권등소유상황보고서 | 2026-06-30: 주식등의대량보유상황보고서(일반) | 2026-06-30: 임원ㆍ주요주주특정증권등소유상황보고서 | 2026-06-26: 임원ㆍ주요주주특정증권등소유상황보고서 | 2026-06-17: 주식등의대량보유상황보고서(일반),8
갤럭시아에스엠,011420,0,OK,,,,2026-07-02: 최대주주등소유주식변동신고서               | 2026-07-02: 주식등의대량보유상황보고서(일반) | 2026-06-25: 최대주주등소유주식변동신고서               | 2026-06-25: 주식등의대량보유상황보고서(일반),4
티디에스팜,464280,0,OK,,,,2026-06-30: 주주총회소집공고 | 2026-06-29: [기재정정]사업보고서 (2025.12) | 2026-06-29: [기재정정]사업보고서 (2025.12) | 2026-06-29: [기재정정]주주총회소집결의              (임시주주총회) | 2026-06-24: 임원ㆍ주요주주특정증권등소유상황보고서,7
제일엠앤에스,412540,0,OK,,,,2026-07-02: [기재정정]기타경영사항(자율공시)              (관계인집회 기일 결정) | 2026-06-18: 기타경영사항(자율공시)              (관계인집회 기일 결정) | 2026-06-15: [기재정정]사업보고서 (2024.12) | 2026-06-15: [기재정정]사업보고서 (2025.12),4
현대홈쇼핑,057050,0,OK,,,,2026-07-08: 주식등의대량보유상황보고서(약식) | 2026-06-30: 임원ㆍ주요주주특정증권등소유상황보고서 | 2026-06-30: 임원ㆍ주요주주특정증권등소유상황보고서 | 2026-06-30: 최대주주등소유주식변동신고서               | 2026-06-30: 주식등의대량보유상황보고서(일반),7
SK증권,001510,0,OK,,,,2026-07-03: 투자설명서(일괄신고) | 2026-07-03: 일괄신고추가서류(파생결합사채-주가연계파생결합사채) | 2026-07-03: 증권발행실적보고서 | 2026-07-02: 투자설명서(일괄신고) | 2026-07-02: 일괄신고추가서류(파생결합사채-주가연계파생결합사채),21
CJ대한통운,000120,0,OK,,,,2026-06-24: 임원ㆍ주요주주특정증권등소유상황보고서 | 2026-06-24: 임원ㆍ주요주주특정증권등소유상황보고서 | 2026-06-22: [기재정정]투자판단관련주요경영사항               | 2026-06-12: 기업설명회(IR)개최(안내공시)              ,4
아진전자부품,009320,0,OK,,,,2026-07-02: 최대주주등소유주식변동신고서               | 2026-07-01: 주식등의대량보유상황보고서(일반) | 2026-06-24: 주식등의대량보유상황보고서(일반) | 2026-06-15: 임원ㆍ주요주주특정증권등거래계획보고서 | 2026-06-12: 최대주주등소유주식변동신고서              ,7
에스엠씨지,460870,0,OK,,,,2026-07-07: 임원ㆍ주요주주특정증권등소유상황보고서 | 2026-07-07: 주식등의대량보유상황보고서(일반) | 2026-06-30: 임원ㆍ주요주주특정증권등소유상황보고서,3
우리바이오,082850,0,OK,,,,2026-06-30: 의결권대리행사권유참고서류 | 2026-06-30: 주주총회소집공고 | 2026-06-08: 주주명부폐쇄기간또는기준일설정               | 2026-06-08: 주주총회소집결의               | 2026-06-08: 주식병합결정              ,5
바이브컴퍼니,301300,0,OK,,,,2026-07-02: 조회공시요구(현저한시황변동)에대한답변(미확정)               | 2026-07-01: 조회공시요구(현저한시황변동)               | 2026-06-30: 주주총회소집결의              (임시주주총회) | 2026-06-30: 주주명부폐쇄기간또는기준일설정               | 2026-06-08: 전환사채(해외전환사채포함)발행후만기전사채취득              ,5
오름테라퓨틱,475830,0,OK,,,,2026-07-06: 기업설명회(IR)개최               | 2026-06-29: [기재정정]기업설명회(IR)개최               | 2026-06-29: 기업설명회(IR)개최               | 2026-06-29: 주식매수선택권부여에관한신고 | 2026-06-19: 사외이사의선임ㆍ해임또는중도퇴임에관한신고,9
엘앤씨바이오,290650,0,OK,,,,2026-06-23: 주식등의대량보유상황보고서(일반) | 2026-06-12: [기재정정]감사보고서제출               | 2026-06-10: 주식등의대량보유상황보고서(약식),3
딜리,131180,0,OK,,,,2026-07-01: 임원ㆍ주요주주특정증권등소유상황보고서 | 2026-07-01: 임원ㆍ주요주주특정증권등소유상황보고서 | 2026-07-01: 임원ㆍ주요주주특정증권등소유상황보고서 | 2026-07-01: 임원ㆍ주요주주특정증권등소유상황보고서 | 2026-07-01: 임원ㆍ주요주주특정증권등소유상황보고서,5
프레스티지바이오파마,950210,0,OK,,,,2026-07-01: 최대주주등소유주식변동신고서               | 2026-07-01: 주식등의대량보유상황보고서(일반) | 2026-07-01: 임원ㆍ주요주주특정증권등소유상황보고서 | 2026-06-15: 기타경영사항(자율공시)              ,4
인바이오젠,101140,0,OK,,,,2026-06-30: 사외이사의선임ㆍ해임또는중도퇴임에관한신고 | 2026-06-30: 임시주주총회결과               | 2026-06-15: 주주총회소집공고 | 2026-06-15: [기재정정]주주총회소집결의              ,4
시알홀딩스,000480,0,OK,,,,2026-07-07: 현금ㆍ현물배당결정               | 2026-07-07: 현금ㆍ현물배당을위한주주명부폐쇄(기준일)결정               | 2026-06-30: 현금ㆍ현물배당결정(자회사의 주요경영사항)               | 2026-06-30: 현금ㆍ현물배당을위한주주명부폐쇄(기준일)결정(자회사의 주요경영사항)              ,4
SGA솔루션즈,184230,0,OK,,,,2026-06-30: 합병등종료보고서(합병) | 2026-06-22: 주식등의대량보유상황보고서(일반) | 2026-06-10: 주식등의대량보유상황보고서(약식),3
에이프로,262260,0,OK,,,,2026-06-30: 의결권대리행사권유참고서류 | 2026-06-30: 주주총회소집공고 | 2026-06-11: [기재정정]주요사항보고서(유형자산양수결정),3
신한알파리츠,293940,0,OK,,,,2026-07-02: 임원ㆍ주요주주특정증권등소유상황보고서 | 2026-06-25: 임원ㆍ주요주주특정증권등소유상황보고서 | 2026-06-18: 임원ㆍ주요주주특정증권등소유상황보고서 | 2026-06-12: 기타경영사항(자율공시)               | 2026-06-11: 임원ㆍ주요주주특정증권등소유상황보고서,6
신한투자증권,008670,0,OK,,,,2026-07-08: 증권발행실적보고서 | 2026-07-08: [첨부추가]일괄신고추가서류(파생결합사채-주가연계파생결합사채) | 2026-07-08: 투자설명서(일괄신고) | 2026-07-07: 투자설명서(일괄신고) | 2026-07-07: 일괄신고추가서류(파생결합사채-주가연계파생결합사채),100
오스테오닉,226400,0,OK,,,,2026-06-26: [기재정정]사업보고서 (2025.12) | 2026-06-26: 임시주주총회결과               | 2026-06-08: 주식등의대량보유상황보고서(약식),3
셀루메드,049180,0,OK,,,,2026-06-30: [기재정정]투자판단관련주요경영사항              (집행판결 청구소송 합의 변경의 건) | 2026-06-25: [기재정정]주주총회소집결의              (임시주주총회) | 2026-06-18: [기재정정]주주총회소집결의              (임시주주총회) | 2026-06-11: [기재정정]주주총회소집결의              (임시주주총회),4
엔켐,348370,0,OK,,,,2026-07-08: 전환사채(해외전환사채포함)발행후만기전사채취득              (제13회차) | 2026-07-07: 주식등의대량보유상황보고서(일반) | 2026-06-30: [기재정정]타인에대한담보제공결정               | 2026-06-30: [기재정정]타인에대한채무보증결정               | 2026-06-30: [기재정정]타법인주식및출자증권취득결정              ,9
DH오토리드,290120,0,OK,,,,2026-06-18: 금전대여결정               | 2026-06-10: 임원ㆍ주요주주특정증권등소유상황보고서 | 2026-06-09: 주식등의대량보유상황보고서(일반) | 2026-06-08: 전환사채(해외전환사채포함)발행후만기전사채취득              ,4
캠시스,050110,0,OK,,,,2026-07-01: 주주총회소집결의              (임시주주총회) | 2026-07-01: 주주명부폐쇄기간또는기준일설정               | 2026-07-01: 주식병합결정              ,3
현대모비스,012330,0,OK,,,,2026-07-07: 기업설명회(IR)개최(안내공시)               | 2026-06-26: 지속가능경영보고서등관련사항(자율공시)               | 2026-06-22: 기업설명회(IR)개최(안내공시)               | 2026-06-19: 기업설명회(IR)개최(안내공시)               | 2026-06-15: 기업설명회(IR)개최(안내공시)              ,7
진양폴리우레탄,010640,0,OK,,,,2026-07-06: 현금ㆍ현물배당결정               | 2026-07-06: 현금ㆍ현물배당을위한주주명부폐쇄(기준일)결정               | 2026-06-15: 기타경영사항(자율공시)              ,3
신진에스엠,138070,0,OK,,,,2026-07-06: 임원ㆍ주요주주특정증권등소유상황보고서 | 2026-07-06: 임원ㆍ주요주주특정증권등소유상황보고서 | 2026-06-15: 신규시설투자등              ,3
하이브,352820,0,OK,,,,2026-06-30: 동일인등출자계열회사와의상품ㆍ용역거래변경 | 2026-06-30: 동일인등출자계열회사와의상품ㆍ용역거래변경 | 2026-06-30: 지속가능경영보고서등관련사항(자율공시)              ,3
이엔셀,456070,0,OK,,,,2026-06-25: 임원ㆍ주요주주특정증권등소유상황보고서 | 2026-06-24: 임원ㆍ주요주주특정증권등소유상황보고서 | 2026-06-24: 임원ㆍ주요주주특정증권등소유상황보고서 | 2026-06-24: 임원ㆍ주요주주특정증권등소유상황보고서,4
셀바이오휴먼텍,318160,0,OK,,,,2026-06-12: 주식등의대량보유상황보고서(일반) | 2026-06-10: 주요사항보고서(자기주식취득신탁계약체결결정) | 2026-06-09: 신탁계약해지결과보고서 | 2026-06-09: 주요사항보고서(자기주식취득신탁계약해지결정),4
지란지교시큐리티,208350,0,OK,,,,2026-07-06: 임원ㆍ주요주주특정증권등소유상황보고서 | 2026-07-06: 주식등의대량보유상황보고서(일반) | 2026-06-24: 신탁계약에의한취득상황보고서,3
국도화학,007690,0,OK,,,,2026-07-01: 주식등의대량보유상황보고서(약식) | 2026-07-01: 임원ㆍ주요주주특정증권등소유상황보고서 | 2026-06-16: 임원ㆍ주요주주특정증권등소유상황보고서 | 2026-06-16: 최대주주등소유주식변동신고서               | 2026-06-11: 최대주주등소유주식변동신고서              ,5
CJ CGV,079160,0,OK,,,,2026-07-08: 타인에대한채무보증결정               | 2026-06-25: 동일인등출자계열회사와의상품ㆍ용역거래 | 2026-06-23: 조회공시요구(풍문또는보도)에대한답변(미확정)               | 2026-06-23: 조회공시요구(풍문또는보도)               | 2026-06-22: 타인에대한채무보증결정              ,5
SFA,056190,0,OK,,,,2026-06-22: 기타시장안내(약명및영문명)              (한글약명) | 2026-06-15: 중간(분기)배당을위한주주명부폐쇄(기준일)결정               | 2026-06-10: [기재정정]사업보고서 (2025.12),3
에스투더블유,488280,0,OK,,,,2026-07-06: 주주총회소집결의               | 2026-07-06: 주주명부폐쇄기간또는기준일설정               | 2026-06-29: [기재정정]타법인주식및출자증권취득결정(자율공시)               | 2026-06-23: 임원ㆍ주요주주특정증권등소유상황보고서 | 2026-06-18: 본점소재지변경              ,5
웅진,016880,0,OK,,,,2026-06-30: 동일인등출자계열회사와의상품ㆍ용역거래 | 2026-06-19: 파산선고(자회사의 주요경영사항)               | 2026-06-15: 투자판단관련주요경영사항              ,3
씨엠티엑스,388210,0,OK,,,,2026-07-07: 의결권대리행사권유참고서류 | 2026-07-07: 주주총회소집공고 | 2026-07-01: 주식등의대량보유상황보고서(약식) | 2026-07-01: 기업설명회(IR)개최               | 2026-06-19: 기업설명회(IR)개최              ,7
웰크론한텍,076080,0,OK,,,,2026-07-08: 임원ㆍ주요주주특정증권등소유상황보고서 | 2026-07-07: 임원ㆍ주요주주특정증권등거래계획보고서 | 2026-07-07: 임원ㆍ주요주주특정증권등소유상황보고서 | 2026-07-02: 임원ㆍ주요주주특정증권등소유상황보고서 | 2026-07-02: 임원ㆍ주요주주특정증권등소유상황보고서,14
린드먼아시아,277070,0,OK,,,,2026-07-02: 신탁계약해지결과보고서 | 2026-07-01: 주요사항보고서(자기주식취득신탁계약해지결정) | 2026-07-01: 신탁계약에의한취득상황보고서,3
대한광통신,010170,0,OK,,,,2026-07-03: 임원ㆍ주요주주특정증권등소유상황보고서 | 2026-07-03: 임원ㆍ주요주주특정증권등소유상황보고서 | 2026-07-03: 주식등의대량보유상황보고서(일반) | 2026-06-25: 임원ㆍ주요주주특정증권등소유상황보고서 | 2026-06-25: 주식등의대량보유상황보고서(일반),6
에이플러스에셋,244920,0,OK,,,,2026-07-02: 주식등의대량보유상황보고서(일반) | 2026-06-26: 임원ㆍ주요주주특정증권등소유상황보고서 | 2026-06-08: 최대주주등소유주식변동신고서               | 2026-06-08: 주식등의대량보유상황보고서(일반),4
POSCO홀딩스,005490,0,OK,,,,2026-07-08: 임원ㆍ주요주주특정증권등소유상황보고서 | 2026-07-02: 장래사업ㆍ경영계획(공정공시)               | 2026-06-30: 조회공시요구(풍문또는보도)에대한답변(미확정)               | 2026-06-26: 지속가능경영보고서등관련사항(자율공시)               | 2026-06-24: 불성실공시법인미지정              (지정유예),10
카카오,035720,0,OK,,,,2026-07-03: 임원ㆍ주요주주특정증권등소유상황보고서 | 2026-07-01: 주식등의대량보유상황보고서(약식) | 2026-06-24: 지속가능경영보고서등관련사항(자율공시)               | 2026-06-19: 임원ㆍ주요주주특정증권등소유상황보고서 | 2026-06-15: 기업설명회(IR)개최(안내공시)              ,6
세경하이테크,148150,0,OK,,,,2026-07-03: 임원ㆍ주요주주특정증권등소유상황보고서 | 2026-07-03: 주식등의대량보유상황보고서(일반) | 2026-06-30: 전환주식의전환가액조정              (상환전환우선주) | 2026-06-12: 임원ㆍ주요주주특정증권등소유상황보고서,4
넥스턴앤롤코리아,089140,0,OK,,,,2026-06-30: 주식등의대량보유상황보고서(약식) | 2026-06-24: 합병등종료보고서(자산양수도) | 2026-06-24: [기재정정]주요사항보고서(유형자산양도결정) | 2026-06-16: 주요사항보고서(자기전환사채만기전취득결정),4
엔케이,085310,0,OK,,,,2026-07-02: 임원ㆍ주요주주특정증권등소유상황보고서 | 2026-06-26: 임원ㆍ주요주주특정증권등소유상황보고서 | 2026-06-17: 임원ㆍ주요주주특정증권등소유상황보고서 | 2026-06-12: 임원ㆍ주요주주특정증권등소유상황보고서,4
현대위아,011210,0,OK,,,,2026-07-01: 주식등의대량보유상황보고서(약식) | 2026-06-30: 임원ㆍ주요주주특정증권등소유상황보고서 | 2026-06-30: 지속가능경영보고서등관련사항(자율공시)              ,3
DH오토넥스,000300,0,OK,,,,2026-06-19: [기재정정]분기보고서 (2026.03) | 2026-06-19: [기재정정]사업보고서 (2024.12) | 2026-06-15: [기재정정]주주총회소집결의               | 2026-06-15: 주주명부폐쇄기간또는기준일설정               | 2026-06-15: 주주총회소집결의              ,7
OCI,456040,0,OK,,,,2026-07-02: 기업설명회(IR)개최(안내공시)               | 2026-07-01: 주식등의대량보유상황보고서(약식) | 2026-06-29: [기재정정]타법인주식및출자증권취득결정               | 2026-06-26: 정보보호현황(자율공시)               | 2026-06-25: 타법인주식및출자증권취득결정              ,6
로아앤코홀딩스,204630,0,OK,,,,2026-06-30: [기재정정]분기보고서 (2026.03) | 2026-06-30: [기재정정]사업보고서 (2025.12) | 2026-06-08: [기재정정]주요사항보고서(타법인주식및출자증권양수결정),3
아이오바이오,447690,0,OK,,,,2026-07-08: 임원ㆍ주요주주특정증권등소유상황보고서 | 2026-07-08: 주식등의대량보유상황보고서(약식) | 2026-06-09: 임원ㆍ주요주주특정증권등소유상황보고서,3
로젠,033290,0,OK,,,,2026-06-25: 주식등의대량보유상황보고서(일반) | 2026-06-17: 주식등의대량보유상황보고서(일반) | 2026-06-10: 주식등의대량보유상황보고서(일반),3
한국첨단소재,062970,0,OK,,,,2026-06-17: [기재정정]임시주주총회결과               | 2026-06-17: 임시주주총회결과               | 2026-06-17: 주식등의대량보유상황보고서(일반) | 2026-06-10: 증권발행결과(자율공시)              ,4
에이치엔에스하이텍,044990,0,OK,,,,2026-06-26: 임원ㆍ주요주주특정증권등소유상황보고서 | 2026-06-26: 주식등의대량보유상황보고서(일반) | 2026-06-16: 임원ㆍ주요주주특정증권등소유상황보고서 | 2026-06-15: 주식등의대량보유상황보고서(일반),4
SK이노베이션,096770,0,OK,,,,2026-06-30: 특수관계인으로부터부동산임차 | 2026-06-30: 지속가능경영보고서등관련사항(자율공시)               | 2026-06-25: [기재정정]금전대여결정(자회사의 주요경영사항)               | 2026-06-25: 특수관계인에대한자산양도 | 2026-06-25: 특수관계인에대한자산양도,8
코어라인소프트,384470,0,OK,,,,2026-07-06: 전환사채(해외전환사채포함)발행후만기전사채취득              (제2회차) | 2026-06-25: 임원ㆍ주요주주특정증권등소유상황보고서 | 2026-06-23: 투자판단관련주요경영사항              ([국책과제 선정] CT기반 폐질환 인공지능 진단보조 소프트웨어 의료기기 2종의 안전성 및 유효성 검증을 위한 임상시험 및 미국 FDA 인허가 획득),3
KTis,058860,0,OK,,,,2026-06-30: 지속가능경영보고서등관련사항(자율공시)               | 2026-06-18: 임원ㆍ주요주주특정증권등소유상황보고서 | 2026-06-10: 임원ㆍ주요주주특정증권등소유상황보고서 | 2026-06-10: 임원ㆍ주요주주특정증권등소유상황보고서 | 2026-06-10: 임원ㆍ주요주주특정증권등소유상황보고서,8
케이티스카이라이프,053210,0,OK,,,,2026-06-17: 증권발행실적보고서 | 2026-06-17: 투자설명서 | 2026-06-16: [발행조건확정]증권신고서(채무증권) | 2026-06-11: [발행조건확정]증권신고서(채무증권) | 2026-06-11: [기재정정]증권신고서(채무증권),5
대신밸류리츠,0030R0,0,OK,,,,2026-07-01: 자본잠식50%이상또는매출액50억원미만사실발생               | 2026-06-22: 임원ㆍ주요주주특정증권등소유상황보고서 | 2026-06-11: 임원ㆍ주요주주특정증권등소유상황보고서,3
LG생활건강,051900,0,OK,,,,2026-06-30: 지속가능경영보고서등관련사항(자율공시)               | 2026-06-18: 풍문또는보도에대한해명(미확정)               | 2026-06-11: 기업설명회(IR)개최(안내공시)              ,3
에쓰씨엔지니어링,023960,0,OK,,,,2026-07-07: 임원ㆍ주요주주특정증권등거래계획보고서 | 2026-06-24: 전환가액ㆍ신주인수권행사가액ㆍ교환가액의조정(안내공시)               | 2026-06-24: 전환가액ㆍ신주인수권행사가액ㆍ교환가액의조정(안내공시)              ,3
인터엠,017250,0,OK,,,,2026-07-02: 주식등의대량보유상황보고서(일반) | 2026-07-02: 임원ㆍ주요주주특정증권등소유상황보고서 | 2026-06-22: 자기주식취득결과보고서 | 2026-06-09: 임원ㆍ주요주주특정증권등소유상황보고서,4
윙스풋,335870,0,OK,,,,2026-07-08: 주식병합결정               | 2026-07-08: 주주총회소집공고 | 2026-07-08: [기재정정]주주총회소집결의               | 2026-06-23: 임원ㆍ주요주주특정증권등거래계획보고서 | 2026-06-10: 주주명부폐쇄기간또는기준일설정              ,7
비보존 제약,082800,0,OK,,,,2026-07-01: [기재정정]주식등의대량보유상황보고서(일반) | 2026-06-30: 주식등의대량보유상황보고서(일반) | 2026-06-19: 주식등의대량보유상황보고서(일반),3
삼성공조,006660,0,OK,,,,2026-06-25: 임원ㆍ주요주주특정증권등소유상황보고서 | 2026-06-25: 최대주주등소유주식변동신고서               | 2026-06-08: [기재정정]사업보고서 (2025.12),3
큐로홀딩스,051780,0,OK,,,,2026-06-12: 특수관계인으로부터자금차입 | 2026-06-09: 주식등의대량보유상황보고서(약식) | 2026-06-09: 임원ㆍ주요주주특정증권등소유상황보고서 | 2026-06-09: 임원ㆍ주요주주특정증권등소유상황보고서,4
삼양홀딩스,000070,0,OK,,,,2026-07-07: 벌금등의부과(자회사의 주요경영사항)               | 2026-06-30: [기재정정]벌금등의부과(자회사의 주요경영사항)               | 2026-06-25: 지속가능경영보고서등관련사항(자율공시)               | 2026-06-18: 타인에대한채무보증결정(자회사의 주요경영사항)               | 2026-06-18: 타법인주식및출자증권취득결정(자회사의 주요경영사항)              ,5
디어유,376300,0,OK,,,,2026-07-02: 주식등의대량보유상황보고서(일반) | 2026-07-02: 주식등의대량보유상황보고서(일반) | 2026-06-29: 주식등의대량보유상황보고서(일반) | 2026-06-25: 임원ㆍ주요주주특정증권등거래계획보고서,4
멤레이비티,072770,0,OK,,,,2026-07-07: [기재정정]타인에대한채무보증결정               | 2026-06-08: 주주명부폐쇄기간또는기준일설정               | 2026-06-08: 주주총회소집결의              (임시주주총회),3
삼익제약,014950,0,OK,,,,2026-07-06: 주식등의대량보유상황보고서(일반) | 2026-07-06: 임원ㆍ주요주주특정증권등소유상황보고서 | 2026-07-03: 임시주주총회결과               | 2026-06-25: 주식등의대량보유상황보고서(약식) | 2026-06-18: 주주총회소집공고,7
KG이니시스,035600,0,OK,,,,2026-06-30: [기재정정]타법인주식및출자증권취득결정(종속회사의주요경영사항)               | 2026-06-29: 주식등의대량보유상황보고서(일반) | 2026-06-29: 임원ㆍ주요주주특정증권등소유상황보고서 | 2026-06-25: 특수관계인에대한출자 | 2026-06-25: 특수관계인과의내부거래,11
조일알미늄,018470,0,OK,,,,2026-07-08: 최대주주등소유주식변동신고서               | 2026-07-08: 주식등의대량보유상황보고서(일반) | 2026-07-01: 주주명부폐쇄기간또는기준일설정               | 2026-07-01: 주주총회소집결의               | 2026-07-01: 주식병합결정              ,5
에스케이바이오팜,326030,0,OK,,,,2026-06-29: 단기차입금증가결정               | 2026-06-22: 투자판단관련주요경영사항              (Insilico Medicine과의 공동연구개발 파트너십 계약 체결) | 2026-06-19: 지속가능경영보고서등관련사항(자율공시)              ,3
하나제약,293480,0,OK,,,,2026-07-03: [기재정정]불성실공시법인지정               | 2026-07-03: 불성실공시법인지정               | 2026-06-11: 불성실공시법인지정예고               | 2026-06-11: 타법인주식및출자증권처분결정              ,4
테크윙,089030,0,OK,,,,2026-07-08: 주식등의대량보유상황보고서(약식) | 2026-07-02: 주식등의대량보유상황보고서(약식) | 2026-06-23: [기재정정]사업보고서 (2025.12) | 2026-06-18: 주식등의대량보유상황보고서(약식) | 2026-06-18: 기업설명회(IR)개최              ,5
샤페론,378800,0,OK,,,,2026-07-07: [기재정정]주식병합결정               | 2026-06-30: 주식등의대량보유상황보고서(일반) | 2026-06-29: 주주명부폐쇄기간또는기준일설정               | 2026-06-29: 주주총회소집결의              (임시주주총회) | 2026-06-29: 주식병합결정              ,8
KC그린홀딩스,009440,0,OK,,,,2026-07-01: [기재정정]사업보고서 (2025.12) | 2026-07-01: [기재정정]주요사항보고서(채권은행등의관리절차개시)(자회사의 주요경영사항)               | 2026-06-26: [기재정정]투자판단관련주요경영사항(자회사의 주요경영사항)               | 2026-06-17: [기재정정]투자판단관련주요경영사항(자회사의 주요경영사항)               | 2026-06-17: 투자판단관련주요경영사항(자회사의 주요경영사항)              ,5
삼성화재해상보험,000810,0,OK,,,,2026-06-30: 지속가능경영보고서등관련사항(자율공시)               | 2026-06-26: 특수관계인과의수익증권거래 | 2026-06-26: 특수관계인과의수익증권거래 | 2026-06-26: 특수관계인과의수익증권거래 | 2026-06-26: 특수관계인과의수익증권거래,7
사조씨푸드,014710,0,OK,,,,2026-06-26: 동일인등출자계열회사와의상품ㆍ용역거래 | 2026-06-25: 최대주주등소유주식변동신고서               | 2026-06-25: 임원ㆍ주요주주특정증권등소유상황보고서,3
한샘,009240,0,OK,,,,2026-07-01: 주식등의대량보유상황보고서(약식) | 2026-07-01: 현금ㆍ현물배당결정               | 2026-06-30: 지속가능경영보고서등관련사항(자율공시)               | 2026-06-09: 현금ㆍ현물배당을위한주주명부폐쇄(기준일)결정               | 2026-06-09: 주요사항보고서(자기주식취득신탁계약체결결정),6
BNK금융지주,138930,0,OK,,,,2026-07-01: 주식등의대량보유상황보고서(약식) | 2026-06-30: 지속가능경영보고서등관련사항(자율공시)               | 2026-06-26: 증권발행실적보고서 | 2026-06-25: 단기차입금증가결정(자회사의 주요경영사항)               | 2026-06-25: 투자설명서(일괄신고),8
유니테크노,241690,0,OK,,,,2026-07-06: 전환가액의조정               | 2026-07-06: 신주인수권행사가액의조정               | 2026-06-12: 중간(분기)배당을위한주주명부폐쇄(기준일)결정              ,3
NAVER,035420,0,OK,,,,2026-07-06: [기재정정]주식교환ㆍ이전결정(종속회사의주요경영사항)               | 2026-07-01: 주식등의대량보유상황보고서(약식) | 2026-06-26: 임원ㆍ주요주주특정증권등소유상황보고서 | 2026-06-25: 지속가능경영보고서등관련사항(자율공시)               | 2026-06-18: 풍문또는보도에대한해명(미확정)              ,18
HC보광산업,225530,0,OK,,,,2026-07-08: [기재정정]주식등의대량보유상황보고서(일반) | 2026-07-08: [기재정정]주식등의대량보유상황보고서(일반) | 2026-07-08: [기재정정]주식등의대량보유상황보고서(일반) | 2026-07-08: [기재정정]주식등의대량보유상황보고서(일반) | 2026-06-29: 주식등의대량보유상황보고서(일반),8
HC홈센타,060560,0,OK,,,,2026-07-07: 임원ㆍ주요주주특정증권등소유상황보고서 | 2026-07-03: 주식등의대량보유상황보고서(일반) | 2026-06-30: 임원ㆍ주요주주특정증권등소유상황보고서 | 2026-06-24: 주식등의대량보유상황보고서(약식) | 2026-06-22: 임원ㆍ주요주주특정증권등소유상황보고서,9
세미티에스,0017J0,0,OK,,,,2026-06-17: [기재정정]주식등의대량보유상황보고서(약식) | 2026-06-17: 임원ㆍ주요주주특정증권등소유상황보고서 | 2026-06-17: 주식등의대량보유상황보고서(일반) | 2026-06-17: 주식등의대량보유상황보고서(약식) | 2026-06-12: 분기보고서 (2026.03),5
디에이치엑스컴퍼니,031860,0,OK,,,,2026-07-08: 조회공시요구(현저한시황변동)에대한답변(미확정)               | 2026-07-07: 임시주주총회결과               | 2026-06-19: [기재정정]의결권대리행사권유참고서류 | 2026-06-19: [기재정정]주주총회소집공고 | 2026-06-19: 주요사항보고서(자기전환사채만기전취득결정),15
SK텔레콤,017670,0,OK,,,,2026-06-30: 지속가능경영보고서등관련사항(자율공시)               | 2026-06-29: 타법인주식및출자증권취득결정               | 2026-06-29: 장래사업ㆍ경영계획(공정공시)               | 2026-06-26: 동일인등출자계열회사와의상품ㆍ용역거래변경 | 2026-06-26: 특수관계인과의내부거래,8
참엔지니어링,009310,0,OK,,,,2026-06-24: 임시주주총회결과               | 2026-06-23: 기타시장안내              (상장폐지 이의신청서 제출) | 2026-06-09: 의결권대리행사권유참고서류 | 2026-06-09: 주주총회소집공고 | 2026-06-09: [기재정정]주주총회소집결의              ,5
OCI홀딩스,010060,0,OK,,,,2026-07-02: 임원ㆍ주요주주특정증권등소유상황보고서 | 2026-07-02: 기업설명회(IR)개최(안내공시)               | 2026-07-02: 임원ㆍ주요주주특정증권등소유상황보고서 | 2026-06-29: [기재정정]타법인주식및출자증권취득결정(자회사의 주요경영사항)               | 2026-06-29: [기재정정]특수관계인에대한주식의처분,13
기업은행,024110,0,OK,,,,2026-06-25: 주요사항보고서(상각형조건부자본증권발행결정) | 2026-06-25: 지속가능경영보고서등관련사항(자율공시)               | 2026-06-09: 기업설명회(IR)개최(안내공시)               | 2026-06-09: 기업설명회(IR)개최(안내공시)              ,4
문배철강,008420,0,OK,,,,2026-06-15: 주식등의대량보유상황보고서(일반) | 2026-06-15: 임원ㆍ주요주주특정증권등소유상황보고서 | 2026-06-15: 최대주주등소유주식변동신고서               | 2026-06-12: 현금ㆍ현물배당을위한주주명부폐쇄(기준일)결정               | 2026-06-12: 임원ㆍ주요주주특정증권등소유상황보고서,6
한화손해보험,000370,0,OK,,,,2026-07-01: 임원ㆍ주요주주특정증권등소유상황보고서 | 2026-07-01: 임원ㆍ주요주주특정증권등소유상황보고서 | 2026-07-01: 임원ㆍ주요주주특정증권등소유상황보고서 | 2026-07-01: 임원ㆍ주요주주특정증권등소유상황보고서 | 2026-06-26: 지속가능경영보고서등관련사항(자율공시)              ,14
폴라리스오피스,041020,0,OK,,,,2026-07-03: 주식등의대량보유상황보고서(일반) | 2026-07-03: 임원ㆍ주요주주특정증권등소유상황보고서 | 2026-07-03: 임원ㆍ주요주주특정증권등소유상황보고서 | 2026-06-22: 주식등의대량보유상황보고서(일반) | 2026-06-10: 기업설명회(IR)개최              ,5
ES큐브,050120,0,OK,,,,2026-07-01: [기재정정]사업보고서 (2025.12) | 2026-06-22: 주식등의대량보유상황보고서(일반) | 2026-06-18: 임원ㆍ주요주주특정증권등소유상황보고서,3
메리츠제2호스팩,0165X0,0,OK,,,,2026-06-25: 주식등의대량보유상황보고서(약식) | 2026-06-25: 임원ㆍ주요주주특정증권등소유상황보고서 | 2026-06-25: 주식등의대량보유상황보고서(일반) | 2026-06-12: 증권발행실적보고서 | 2026-06-08: [기재정정]투자설명서,8
비츠로시스,054220,0,OK,,,,2026-07-03: 주식등의대량보유상황보고서(약식) | 2026-06-30: 주요사항보고서(자기전환사채매도결정) | 2026-06-30: 주요사항보고서(자기전환사채매도결정) | 2026-06-16: 대표이사변경              ,4
한올바이오파마,009420,0,OK,,,,2026-07-02: 임원ㆍ주요주주특정증권등소유상황보고서 | 2026-07-01: 주식등의대량보유상황보고서(약식) | 2026-06-30: 지속가능경영보고서등관련사항(자율공시)              ,3
우진비앤지,018620,0,OK,,,,2026-07-06: 주식등의대량보유상황보고서(일반) | 2026-06-22: 임원ㆍ주요주주특정증권등소유상황보고서 | 2026-06-22: 임원ㆍ주요주주특정증권등소유상황보고서 | 2026-06-11: 권리락              (무상증자) | 2026-06-10: 대표이사변경              ,10
플레이위드,023770,0,OK,,,,2026-07-03: 임원ㆍ주요주주특정증권등거래계획보고서 | 2026-07-03: 주식등의대량보유상황보고서(일반) | 2026-07-03: 임원ㆍ주요주주특정증권등소유상황보고서 | 2026-07-03: 임원ㆍ주요주주특정증권등소유상황보고서 | 2026-06-26: 전환사채(해외전환사채포함)발행후만기전사채취득              ,10
키다리스튜디오,020120,0,OK,,,,2026-06-24: 주요사항보고서(자기주식취득신탁계약체결결정) | 2026-06-24: 신탁계약해지결과보고서 | 2026-06-24: 주요사항보고서(자기주식취득신탁계약해지결정),3
하나금융지주,086790,0,OK,,,,2026-07-02: 기업설명회(IR)개최(안내공시)               | 2026-06-30: 지속가능경영보고서등관련사항(자율공시)               | 2026-06-30: 임원ㆍ주요주주특정증권등소유상황보고서 | 2026-06-26: 증권발행실적보고서 | 2026-06-25: 투자설명서(일괄신고),9
노랑풍선,104620,0,OK,,,,2026-07-07: [기재정정]주식매수선택권부여에관한신고 | 2026-06-23: 임시주주총회결과               | 2026-06-08: 주주총회소집공고,3
에이자기관리부동산투자회사,140910,0,OK,,,,2026-06-17: 주식등의대량보유상황보고서(약식) | 2026-06-16: 주식등의대량보유상황보고서(일반) | 2026-06-16: 임원ㆍ주요주주특정증권등소유상황보고서 | 2026-06-15: 주식등의대량보유상황보고서(약식),4
대한과학,131220,0,OK,,,,2026-06-30: 주식등의대량보유상황보고서(일반) | 2026-06-30: 임원ㆍ주요주주특정증권등소유상황보고서 | 2026-06-30: 임원ㆍ주요주주특정증권등소유상황보고서,3
마녀공장,439090,0,OK,,,,2026-06-24: 주요사항보고서(자기주식취득신탁계약체결결정) | 2026-06-24: 신탁계약해지결과보고서 | 2026-06-24: 주요사항보고서(자기주식취득신탁계약해지결정),3
카카오페이,377300,0,OK,,,,2026-06-29: 지속가능경영보고서등관련사항(자율공시)               | 2026-06-23: 타법인주식및출자증권취득결정               | 2026-06-19: 기업설명회(IR)개최(안내공시)              ,3
부국증권,001270,0,OK,,,,2026-07-08: 주식등의대량보유상황보고서(일반) | 2026-07-03: 주식등의대량보유상황보고서(일반) | 2026-06-30: 자산재평가결과(자율공시)               | 2026-06-30: 주식등의대량보유상황보고서(일반) | 2026-06-23: 주식등의대량보유상황보고서(일반),8
한주에이알티,058450,0,OK,,,,2026-06-30: [기재정정]주주총회소집결의              (임시주주총회) | 2026-06-29: 임원ㆍ주요주주특정증권등거래계획철회보고서 | 2026-06-15: [기재정정]주주총회소집결의              (임시주주총회),3
한화리츠,451800,0,OK,,,,2026-07-08: 의결권대리행사권유참고서류 | 2026-07-08: 주주총회소집공고 | 2026-07-06: 부동산투자회사부동산임대               | 2026-07-02: 임원ㆍ주요주주특정증권등소유상황보고서 | 2026-06-30: 주주총회소집결의              ,11
씨앤지하이테크,264660,0,OK,,단일판매ㆍ공급계약체결              (+5),[기재정정]최대주주변경을수반하는주식담보제공계약체결              (-5),2026-07-06: 주식등의대량보유상황보고서(일반) | 2026-07-06: [기재정정]사업보고서 (2025.12) | 2026-06-30: [기재정정]최대주주변경을수반하는주식담보제공계약체결               | 2026-06-29: 단일판매ㆍ공급계약체결               | 2026-06-26: 주식등의대량보유상황보고서(일반),5
진코스텍,250030,0,OK,,,,2026-07-06: 기타주요경영사항(자율공시)              (코스닥시장 상장을 위한 상장예비심사 신청) | 2026-07-06: 이전상장결정               | 2026-07-03: 기업설명회(IR)개최결과               | 2026-06-19: 기업설명회(IR)개최              ,4
티비에이치글로벌,084870,0,OK,,,,2026-07-03: 임원ㆍ주요주주특정증권등소유상황보고서 | 2026-07-03: 임원ㆍ주요주주특정증권등소유상황보고서 | 2026-07-03: 최대주주등소유주식변동신고서               | 2026-06-22: 임원ㆍ주요주주특정증권등소유상황보고서 | 2026-06-22: 임원ㆍ주요주주특정증권등소유상황보고서,10
이상네트웍스,080010,0,OK,,,,2026-06-25: 불성실공시법인지정예고              (공시변경) | 2026-06-16: 주식등의대량보유상황보고서(약식) | 2026-06-16: 임원ㆍ주요주주특정증권등소유상황보고서,3
케이엔제이,272110,0,OK,,,,2026-06-29: [기재정정]신규시설투자등               | 2026-06-10: 주식등의대량보유상황보고서(약식) | 2026-06-09: 기업설명회(IR)개최              ,3
엠씨넥스,097520,0,OK,,,,2026-06-30: 자기주식취득결과보고서 | 2026-06-11: 최대주주등소유주식변동신고서               | 2026-06-11: 주식등의대량보유상황보고서(일반) | 2026-06-11: 임원ㆍ주요주주특정증권등소유상황보고서,4
진양홀딩스,100250,0,OK,,,,2026-07-06: 현금ㆍ현물배당결정               | 2026-07-06: 현금ㆍ현물배당을위한주주명부폐쇄(기준일)결정               | 2026-06-15: 기타경영사항(자율공시)              ,3
모비데이즈,363260,0,OK,,,,2026-07-08: 주식등의대량보유상황보고서(일반) | 2026-06-26: 주주총회소집결의               | 2026-06-26: 주주명부폐쇄기간또는기준일설정               | 2026-06-26: 주식병합결정               | 2026-06-17: 주식등의대량보유상황보고서(일반),7
파수AI,150900,0,OK,,,,2026-07-03: [기재정정]사업보고서 (2025.12) | 2026-06-26: 주요사항보고서(자기주식취득신탁계약체결결정) | 2026-06-16: 임원ㆍ주요주주특정증권등소유상황보고서,3
루켄테크놀러지스,162120,0,OK,,,,2026-07-03: 기업설명회(IR)개최결과               | 2026-06-18: 기업설명회(IR)개최               | 2026-06-16: 기업설명회(IR)개최결과               | 2026-06-16: 조회공시요구(풍문또는보도)에대한답변(미확정)               | 2026-06-15: 조회공시요구(풍문또는보도)              (코스닥시장 이전상장 추진설),5
애경케미칼,161000,0,OK,,,,2026-06-30: 주식등의대량보유상황보고서(일반) | 2026-06-30: 지속가능경영보고서등관련사항(자율공시)               | 2026-06-29: 주주총회소집결의               | 2026-06-29: 주주명부폐쇄기간또는기준일설정               | 2026-06-11: 주식등의대량보유상황보고서(일반),6
대동스틸,048470,0,OK,,,,2026-06-17: 주식등의대량보유상황보고서(일반) | 2026-06-17: 주식등의대량보유상황보고서(일반) | 2026-06-17: 주식등의대량보유상황보고서(일반) | 2026-06-17: 임원ㆍ주요주주특정증권등소유상황보고서 | 2026-06-17: 임원ㆍ주요주주특정증권등소유상황보고서,7
삼성에피스홀딩스,0126Z0,0,OK,,,,2026-07-06: 최대주주등소유주식변동신고서               | 2026-06-29: 투자판단관련주요경영사항(자회사의 주요경영사항)              (SB27(Keytruda 바이오시밀러) 제3상 임상시험 1차 유효성 분석 결과 발표) | 2026-06-08: 최대주주등소유주식변동신고서              ,3
아이엘,307180,0,OK,,,,2026-07-02: 주식등의대량보유상황보고서(일반) | 2026-07-02: 타법인주식및출자증권취득결정               | 2026-06-29: 주주명부폐쇄기간또는기준일설정               | 2026-06-29: 주주총회소집결의              (임시주주총회) | 2026-06-29: 주식등의대량보유상황보고서(일반),7
페스카로,0015S0,0,OK,,,,2026-06-24: 주주명부폐쇄기간또는기준일설정               | 2026-06-24: 주주총회소집결의              (임시주주총회) | 2026-06-10: [기재정정]임원ㆍ주요주주특정증권등소유상황보고서 | 2026-06-10: [기재정정]임원ㆍ주요주주특정증권등소유상황보고서 | 2026-06-10: [기재정정]임원ㆍ주요주주특정증권등소유상황보고서,11
키움증권,039490,0,OK,,,,2026-07-08: 증권신고서(채무증권) | 2026-07-08: 투자설명서(일괄신고) | 2026-07-08: 일괄신고추가서류(파생결합증권-주가연계증권) | 2026-07-08: 투자설명서(일괄신고) | 2026-07-08: 일괄신고추가서류(파생결합사채-주가연계파생결합사채),100
태림포장,011280,0,OK,,,,2026-06-19: 동일인등출자계열회사와의상품ㆍ용역거래변경 | 2026-06-18: 임원ㆍ주요주주특정증권등소유상황보고서 | 2026-06-16: 최대주주등소유주식변동신고서               | 2026-06-15: 최대주주등소유주식변동신고서               | 2026-06-12: 임원ㆍ주요주주특정증권등소유상황보고서,8
소프트캠프,258790,0,OK,,,,2026-07-06: 타법인주식및출자증권처분결정               | 2026-06-26: [기재정정]사업보고서 (2025.12) | 2026-06-11: 임원ㆍ주요주주특정증권등거래계획보고서,3
ISC,095340,0,OK,,,,2026-07-06: 주식등의대량보유상황보고서(약식) | 2026-07-03: 기업설명회(IR)개최               | 2026-07-03: 기업설명회(IR)개최               | 2026-07-01: 주식등의대량보유상황보고서(약식),4
종근당,185750,0,OK,,,,2026-07-01: 주식등의대량보유상황보고서(약식) | 2026-06-30: 지속가능경영보고서등관련사항(자율공시)               | 2026-06-26: 주식등의대량보유상황보고서(약식) | 2026-06-24: 주식등의대량보유상황보고서(일반) | 2026-06-11: 신규시설투자등              ,6
현대지에프홀딩스,005440,0,OK,,,,2026-07-01: 주식등의대량보유상황보고서(약식) | 2026-06-30: 임원ㆍ주요주주특정증권등소유상황보고서 | 2026-06-30: 임원ㆍ주요주주특정증권등소유상황보고서 | 2026-06-30: 임원ㆍ주요주주특정증권등소유상황보고서 | 2026-06-30: 주식등의대량보유상황보고서(일반),6
대원화성,024890,0,OK,,,,2026-07-02: [기재정정]사업보고서 (2025.12) | 2026-07-01: 주주총회소집공고 | 2026-06-23: [기재정정]주식등의대량보유상황보고서(약식) | 2026-06-23: 주식등의대량보유상황보고서(약식) | 2026-06-18: 자산재평가결과(자율공시)              ,5
한국석유공업,004090,0,OK,,,,2026-06-10: [기재정정]주식등의대량보유상황보고서(일반) | 2026-06-10: 기업설명회(IR)개최(안내공시)               | 2026-06-10: 주식등의대량보유상황보고서(일반),3
영풍,000670,0,OK,,,,2026-07-08: [기재정정]대규모기업집단현황공시[연1회공시및1/4분기용(대표회사)] | 2026-07-03: 주식등의대량보유상황보고서(일반) | 2026-06-29: 지속가능경영보고서등관련사항(자율공시)               | 2026-06-26: 임원ㆍ주요주주특정증권등소유상황보고서 | 2026-06-24: [기재정정]회계처리기준위반에따른임원의해임권고조치              ,6
성일하이텍,365340,0,OK,,,,2026-07-08: 주주총회소집공고 | 2026-06-19: 주식등의대량보유상황보고서(일반) | 2026-06-08: 주주명부폐쇄기간또는기준일설정               | 2026-06-08: 주주총회소집결의              (임시주주총회),4
지오엘리먼트,311320,0,OK,,,,2026-07-02: [기재정정]주식매수선택권부여에관한신고 | 2026-07-02: 현금ㆍ현물배당결정               | 2026-06-16: 중간(분기)배당을위한주주명부폐쇄(기준일)결정               | 2026-06-16: [기재정정]현금ㆍ현물배당을위한주주명부폐쇄(기준일)결정              ,4
코스맥스,192820,0,OK,,,,2026-07-02: 임원ㆍ주요주주특정증권등소유상황보고서 | 2026-07-01: 주식등의대량보유상황보고서(약식) | 2026-06-29: 타인에대한채무보증결정               | 2026-06-25: 주식등의대량보유상황보고서(약식) | 2026-06-23: 기업설명회(IR)개최(안내공시)              ,7
코스맥스비티아이,044820,0,OK,,,,2026-06-29: 타인에대한채무보증결정(자회사의 주요경영사항)               | 2026-06-26: 타인에대한담보제공결정               | 2026-06-26: 주식등의대량보유상황보고서(일반) | 2026-06-26: 타인에대한담보제공결정              ,4
대동기어,008830,0,OK,,,,2026-07-08: 주식등의대량보유상황보고서(일반) | 2026-07-08: 임원ㆍ주요주주특정증권등소유상황보고서 | 2026-07-06: 기업설명회(IR)개최               | 2026-07-02: 임원ㆍ주요주주특정증권등소유상황보고서 | 2026-06-22: 조회공시요구(현저한시황변동)에대한답변(중요정보없음)              ,12
HK이노엔,195940,0,OK,,,,2026-07-02: 기업설명회(IR)개최               | 2026-07-02: 주주총회소집결의              (임시주주총회) | 2026-07-02: 주주명부폐쇄기간또는기준일설정               | 2026-07-01: 주식등의대량보유상황보고서(약식) | 2026-06-30: 지속가능경영보고서등관련사항(자율공시)              ,5
삼천당제약,000250,0,OK,,,,2026-06-30: 사외이사의선임ㆍ해임또는중도퇴임에관한신고 | 2026-06-30: 임시주주총회결과               | 2026-06-12: 주주총회소집공고 | 2026-06-10: 기업설명회(IR)개최              ,4
인바이츠바이오코아,216400,0,OK,,,,2026-06-22: 기업설명회(IR)개최결과               | 2026-06-12: [기재정정]사업보고서 (2025.12) | 2026-06-09: 기업설명회(IR)개최              ,3
코오롱티슈진,950160,0,OK,,,,2026-07-03: 소송등의판결ㆍ결정(일정금액이상의청구)               | 2026-07-01: [기재정정]소송등의제기ㆍ신청(일정금액이상의청구)               | 2026-06-23: [기재정정]소송등의제기ㆍ신청(일정금액이상의청구)              ,3
한국타이어앤테크놀로지,161390,0,OK,,,,2026-06-30: 지속가능경영보고서등관련사항(자율공시)               | 2026-06-25: 동일인등출자계열회사와의상품ㆍ용역거래 | 2026-06-09: 주식등의대량보유상황보고서(일반) | 2026-06-08: 주식등의대량보유상황보고서(약식),4
바스칸바이오제약,354390,0,OK,,,,2026-07-03: 기업설명회(IR)개최결과               | 2026-06-18: 기업설명회(IR)개최               | 2026-06-10: 기업설명회(IR)개최결과              ,3
조아제약,034940,0,OK,,,,2026-07-06: 임시주주총회결과               | 2026-06-24: 조회공시요구(현저한시황변동)에대한답변(중요정보없음)               | 2026-06-23: 조회공시요구(현저한시황변동)               | 2026-06-19: 의결권대리행사권유참고서류 | 2026-06-19: 주주총회소집공고,5
대화제약,067080,0,OK,,,,2026-07-02: 임원ㆍ주요주주특정증권등소유상황보고서 | 2026-06-12: 임원ㆍ주요주주특정증권등소유상황보고서 | 2026-06-11: [기재정정]타인에대한담보제공결정               | 2026-06-11: [기재정정]타인에대한담보제공결정               | 2026-06-11: [기재정정]타인에대한채무보증결정              ,6
지아이이노베이션,358570,0,OK,,,,"2026-07-06: 주식등의대량보유상황보고서(일반) | 2026-07-06: 임원ㆍ주요주주특정증권등소유상황보고서 | 2026-06-30: [기재정정]투자판단관련주요경영사항(임상시험계획승인신청등결정)              (전이성 거세저항성 전립선암 환자를 대상으로 GI102와 pasritamig 병용 요법의 항암 활성, 안전성 및 내약성을 평가하기 위한 제1b/2상 임상시험계획 승인) | 2026-06-08: 투자판단관련주요경영사항(임상시험계획변경승인신청)              (진행성 또는 전이성 고형암 시험대상자를 대상으로 GI108 단일 요법의 안전성, 내약성, 약동학 및 치료효과를 평가하기 위한 제1/2a상 임상시험 계획 변경승인신청) | 2026-06-08: 주식등의대량보유상황보고서(일반)",5
케이카,381970,0,OK,,,,2026-07-08: 주주명부폐쇄기간또는기준일설정               | 2026-07-08: 사외이사의선임ㆍ해임또는중도퇴임에관한신고 | 2026-07-07: 임시주주총회결과               | 2026-07-01: 주식등의대량보유상황보고서(일반) | 2026-06-29: [기재정정]투자판단관련주요경영사항              ,11
아주IB투자,027360,0,OK,,,,2026-06-17: 임원ㆍ주요주주특정증권등소유상황보고서 | 2026-06-17: 주식등의대량보유상황보고서(일반) | 2026-06-10: 임원ㆍ주요주주특정증권등소유상황보고서 | 2026-06-10: 주식등의대량보유상황보고서(일반),4
현대백화점,069960,0,OK,,,,2026-07-03: 최대주주등소유주식변동신고서               | 2026-07-03: 임원ㆍ주요주주특정증권등소유상황보고서 | 2026-07-03: 주식등의대량보유상황보고서(일반) | 2026-07-02: 임원ㆍ주요주주특정증권등소유상황보고서 | 2026-06-30: 지속가능경영보고서등관련사항(자율공시)              ,13
한국맥널티,222980,0,OK,,,,2026-07-07: 임원ㆍ주요주주특정증권등소유상황보고서 | 2026-07-07: [기재정정]임원ㆍ주요주주특정증권등소유상황보고서 | 2026-07-06: 임원ㆍ주요주주특정증권등소유상황보고서,3
디앤디플랫폼리츠,377190,0,OK,,,,2026-07-02: 임원ㆍ주요주주특정증권등소유상황보고서 | 2026-07-01: 주식등의대량보유상황보고서(약식) | 2026-06-29: 부동산투자회사자금차입               | 2026-06-25: 임원ㆍ주요주주특정증권등소유상황보고서 | 2026-06-18: 임원ㆍ주요주주특정증권등소유상황보고서,8
리드코프,012700,0,OK,,,,2026-07-03: 주식등의대량보유상황보고서(일반) | 2026-06-26: 주식등의대량보유상황보고서(일반) | 2026-06-19: 주식등의대량보유상황보고서(일반) | 2026-06-12: 주식등의대량보유상황보고서(일반) | 2026-06-12: 임원ㆍ주요주주특정증권등소유상황보고서,7
아이센스,099190,0,OK,,,,2026-06-30: 임원ㆍ주요주주특정증권등소유상황보고서 | 2026-06-24: 임원ㆍ주요주주특정증권등소유상황보고서 | 2026-06-09: 임원ㆍ주요주주특정증권등소유상황보고서,3
코스맥스엔비티,222040,0,OK,,,,2026-07-06: 주식등의대량보유상황보고서(일반) | 2026-07-02: 임원ㆍ주요주주특정증권등소유상황보고서 | 2026-07-02: 임원ㆍ주요주주특정증권등소유상황보고서 | 2026-06-30: 합병등종료보고서(합병),4
동구바이오제약,006620,0,OK,,,,2026-07-07: 주식등의대량보유상황보고서(일반) | 2026-06-29: 주식등의대량보유상황보고서(일반) | 2026-06-25: [기재정정]사업보고서 (2025.12) | 2026-06-11: 주식등의대량보유상황보고서(일반),4
대한약품,023910,0,OK,,,,2026-06-30: 임원ㆍ주요주주특정증권등소유상황보고서 | 2026-06-22: 임원ㆍ주요주주특정증권등소유상황보고서 | 2026-06-12: 임원ㆍ주요주주특정증권등소유상황보고서,3
SK디스커버리,006120,0,OK,,,,2026-06-30: [기재정정]타법인주식및출자증권처분결정               | 2026-06-22: [기재정정]타법인주식및출자증권취득결정(자회사의 주요경영사항)               | 2026-06-17: 주식등의대량보유상황보고서(일반) | 2026-06-12: [기재정정]타인에대한채무보증결정(자회사의 주요경영사항)               | 2026-06-08: 신탁계약에의한취득상황보고서,5
에스엘,005850,0,OK,,,,2026-07-01: 주식등의대량보유상황보고서(약식) | 2026-06-25: [첨부정정]지속가능경영보고서등관련사항(자율공시)               | 2026-06-18: 지속가능경영보고서등관련사항(자율공시)              ,3
동원산업,006040,0,OK,,,,2026-07-01: 주식등의대량보유상황보고서(약식) | 2026-06-30: 불성실공시법인미지정              (지정유예) | 2026-06-30: 지속가능경영보고서등관련사항(자율공시)               | 2026-06-18: 불성실공시법인지정예고              ,4
온코닉테라퓨틱스,476060,0,OK,,,,2026-07-03: 임원ㆍ주요주주특정증권등소유상황보고서 | 2026-07-02: 투자판단관련주요경영사항(임상시험계획변경승인)              (자큐보정(JP1366)의 미란성 위식도역류질환 치료 후 유지요법에 대한 제3상 임상시험계획승인(변경승인)) | 2026-06-12: 임원ㆍ주요주주특정증권등소유상황보고서 | 2026-06-10: [기재정정]투자판단관련주요경영사항(임상시험계획변경승인신청)              (자큐보정(JP1366)(자스타프라잔시트르산염) 기반 삼제요법의 헬리코박터 파일로리 양성 환자 대상 유효성 및 안전성 평가를 위한 제3상 임상시험계획승인(변경승인) 신청),4
영원무역,111770,0,OK,,,,2026-07-02: 임원ㆍ주요주주특정증권등소유상황보고서 | 2026-06-30: 지속가능경영보고서등관련사항(자율공시)               | 2026-06-09: 타인에대한채무보증결정              ,3
동아쏘시오홀딩스,000640,0,OK,,,,2026-07-07: 임원ㆍ주요주주특정증권등소유상황보고서 | 2026-07-02: 임원ㆍ주요주주특정증권등소유상황보고서 | 2026-06-30: [기재정정]유형자산처분결정(종속회사의주요경영사항)               | 2026-06-18: 정보보호현황(자율공시)               | 2026-06-18: 지속가능경영보고서등관련사항(자율공시)              ,5
우리은행,000030,0,OK,,,,2026-07-08: 투자설명서(일괄신고) | 2026-07-08: 일괄신고추가서류 | 2026-07-07: 증권발행실적보고서 | 2026-07-06: 투자설명서(일괄신고) | 2026-07-06: 일괄신고추가서류,14
한솔테크닉스,004710,0,OK,,,,2026-07-08: 주식등의대량보유상황보고서(약식) | 2026-06-26: 임원ㆍ주요주주특정증권등소유상황보고서 | 2026-06-22: 임원ㆍ주요주주특정증권등소유상황보고서 | 2026-06-22: 임원ㆍ주요주주특정증권등소유상황보고서 | 2026-06-22: 임원ㆍ주요주주특정증권등소유상황보고서,12
메디쎄이,200580,0,OK,,,,2026-07-03: 기업설명회(IR)개최결과               | 2026-06-18: 기업설명회(IR)개최               | 2026-06-16: 기타주요경영사항(자율공시)              (NeckTune™ 3D SA Cervical Cage 미국 FDA 510(k) 인증 취득),3
기신정기,092440,0,OK,,,,2026-06-22: 사외이사의선임ㆍ해임또는중도퇴임에관한신고 | 2026-06-19: 정기주주총회결과               | 2026-06-11: 사업보고서 (2026.03) | 2026-06-10: 감사보고서제출              ,4
KR모터스,000040,0,OK,,,,2026-07-08: 전환가액ㆍ신주인수권행사가액ㆍ교환가액의조정(안내공시)               | 2026-06-19: 임시주주총회결과               | 2026-06-09: 조회공시요구(풍문또는보도)에대한답변(부인)              ,3
미창석유공업,003650,0,OK,,,,2026-06-30: 주식등의대량보유상황보고서(일반) | 2026-06-23: 주식등의대량보유상황보고서(일반) | 2026-06-18: 주식등의대량보유상황보고서(일반) | 2026-06-09: 주식등의대량보유상황보고서(일반),4
두산,000150,0,OK,,,,2026-06-30: 지속가능경영보고서등관련사항(자율공시)               | 2026-06-23: 특수관계인과의내부거래 | 2026-06-23: 특수관계인에대한출자 | 2026-06-15: 풍문또는보도에대한해명(미확정)              ,4
한화갤러리아,452260,0,OK,,,,2026-06-30: [첨부정정]주요사항보고서(유형자산양수결정) | 2026-06-26: 특수관계인에대한자금대여 | 2026-06-26: [기재정정]특수관계인에대한출자 | 2026-06-26: 주요사항보고서(유형자산양수결정) | 2026-06-24: 투자판단관련주요경영사항              ,6
드림텍,192650,0,OK,,,,2026-06-29: 지속가능경영보고서등관련사항(자율공시)               | 2026-06-22: 주식매수선택권부여에관한신고 | 2026-06-16: 신규시설투자등(자율공시)              ,3
마키나락스,477850,0,OK,,,,2026-07-07: 조회공시요구(현저한시황변동)에대한답변(미확정)               | 2026-07-06: 조회공시요구(현저한시황변동)               | 2026-06-19: 임원ㆍ주요주주특정증권등소유상황보고서 | 2026-06-18: 주식등의대량보유상황보고서(일반),4
신영증권,001720,0,OK,,,,2026-07-03: 투자설명서(일괄신고) | 2026-07-03: 일괄신고추가서류(파생결합증권-주가연계증권) | 2026-07-02: 투자설명서(일괄신고) | 2026-07-02: 투자설명서(일괄신고) | 2026-07-02: 투자설명서(일괄신고),36
아이스크림미디어,461300,0,OK,,,,2026-07-06: 주식등의대량보유상황보고서(일반) | 2026-06-12: 주식등의대량보유상황보고서(일반) | 2026-06-12: 중간(분기)배당을위한주주명부폐쇄(기준일)결정               | 2026-06-10: 주식등의대량보유상황보고서(일반),4
제놀루션,225220,0,OK,,,,2026-07-01: 주식등의대량보유상황보고서(일반) | 2026-07-01: 임원ㆍ주요주주특정증권등거래계획보고서 | 2026-06-30: 임원ㆍ주요주주특정증권등소유상황보고서 | 2026-06-30: 임원ㆍ주요주주특정증권등소유상황보고서 | 2026-06-11: 임원ㆍ주요주주특정증권등소유상황보고서,6
삼영엠텍,054540,0,OK,,,,2026-06-29: 신주인수권행사가액의조정               | 2026-06-29: 전환가액의조정               | 2026-06-26: 주식등의대량보유상황보고서(일반),3
LX세미콘,108320,0,OK,,,,2026-07-01: 주식등의대량보유상황보고서(약식) | 2026-06-30: 지속가능경영보고서등관련사항(자율공시)               | 2026-06-18: 주식등의대량보유상황보고서(약식),3
시지메드텍,056090,0,OK,,,,2026-06-30: 주주총회소집결의              (임시주주총회) | 2026-06-30: 주주명부폐쇄기간또는기준일설정               | 2026-06-30: 주식병합결정              ,3
시디즈,134790,0,OK,,,,2026-07-06: 최대주주등소유주식변동신고서               | 2026-07-02: 최대주주등소유주식변동신고서               | 2026-07-01: 최대주주등소유주식변동신고서               | 2026-06-30: 최대주주등소유주식변동신고서               | 2026-06-29: 최대주주등소유주식변동신고서              ,5
오스템,031510,0,OK,,,,2026-06-29: 주식등의대량보유상황보고서(일반) | 2026-06-29: 임원ㆍ주요주주특정증권등소유상황보고서 | 2026-06-24: 주요사항보고서(자기주식취득신탁계약체결결정),3
NH프라임리츠,338100,0,OK,,,,2026-07-08: 기타경영사항(자율공시)               | 2026-07-07: 매출액또는손익구조30%(대규모법인은15%)이상변경               | 2026-06-09: 기타경영사항(자율공시)               | 2026-06-08: 주식등의대량보유상황보고서(약식),4
피플바이오,304840,0,OK,,,,2026-07-07: [기재정정]의결권대리행사권유참고서류 | 2026-07-03: 의결권대리행사권유참고서류 | 2026-07-03: 주주총회소집공고 | 2026-07-03: [기재정정]주주총회소집결의              (임시주주총회) | 2026-06-30: [기재정정]타인에대한담보제공결정              ,11
유안타증권,003470,0,OK,,,,2026-07-08: 최대주주등소유주식변동신고서               | 2026-07-08: 투자설명서(일괄신고) | 2026-07-08: 일괄신고추가서류(파생결합사채-주가연계파생결합사채) | 2026-07-07: 최대주주등소유주식변동신고서               | 2026-07-06: 최대주주등소유주식변동신고서              ,81
신풍,002870,0,OK,,,,2026-07-06: 주식등의대량보유상황보고서(일반) | 2026-07-06: 주주총회소집공고 | 2026-06-19: 조회공시요구(현저한시황변동)에대한답변(미확정)               | 2026-06-10: 주주명부폐쇄기간또는기준일설정               | 2026-06-10: 주주총회소집결의              ,5
플래스크,041590,0,OK,,,,2026-06-15: 사외이사의선임ㆍ해임또는중도퇴임에관한신고 | 2026-06-15: 임시주주총회결과               | 2026-06-08: [기재정정]주권관련사채권의취득결정              ,3
이녹스첨단소재,272290,0,OK,,,,2026-06-26: 주식등의대량보유상황보고서(일반) | 2026-06-26: 임원ㆍ주요주주특정증권등소유상황보고서 | 2026-06-17: 임원ㆍ주요주주특정증권등소유상황보고서,3
솔트웨어,328380,0,OK,,,,2026-06-30: 임원ㆍ주요주주특정증권등소유상황보고서 | 2026-06-12: 임원ㆍ주요주주특정증권등소유상황보고서 | 2026-06-11: 임원ㆍ주요주주특정증권등소유상황보고서 | 2026-06-10: 임원ㆍ주요주주특정증권등소유상황보고서 | 2026-06-10: 임원ㆍ주요주주특정증권등소유상황보고서,7
시너지이노베이션,048870,0,OK,,,,2026-06-30: [기재정정]주요사항보고서(타법인주식및출자증권양도결정) | 2026-06-23: 전환사채(해외전환사채포함)발행후만기전사채취득               | 2026-06-22: 전환사채(해외전환사채포함)발행후만기전사채취득               | 2026-06-15: [기재정정]주요사항보고서(타법인주식및출자증권양도결정),4
포스코DX,022100,0,OK,,,,2026-07-01: 임원ㆍ주요주주특정증권등소유상황보고서 | 2026-07-01: 최대주주등소유주식변동신고서               | 2026-07-01: 주식등의대량보유상황보고서(약식) | 2026-06-26: 임원ㆍ주요주주특정증권등소유상황보고서 | 2026-06-23: 지속가능경영보고서등관련사항(자율공시)              ,8
KPX케미칼,025000,0,OK,,,,2026-07-03: 현금ㆍ현물배당결정               | 2026-07-03: 현금ㆍ현물배당을위한주주명부폐쇄(기준일)결정               | 2026-06-30: 사외이사의선임ㆍ해임또는중도퇴임에관한신고,3
스튜디오삼익,415380,0,OK,,,,2026-07-02: 주요사항보고서(자기주식취득신탁계약체결결정) | 2026-07-01: 임원ㆍ주요주주특정증권등소유상황보고서 | 2026-06-17: 임원ㆍ주요주주특정증권등소유상황보고서,3
우리금융캐피탈,033660,0,OK,,,,2026-07-08: 투자설명서(일괄신고) | 2026-07-08: 일괄신고추가서류 | 2026-06-30: 증권발행실적보고서 | 2026-06-29: 투자설명서(일괄신고) | 2026-06-29: 일괄신고추가서류,17
NH농우바이오,054050,0,OK,,,,2026-06-24: 약관에의한금융거래시계열금융회사의거래상대방의공시 | 2026-06-10: 임원ㆍ주요주주특정증권등소유상황보고서 | 2026-06-08: [기재정정]분기보고서 (2026.03),3
녹십자엠에스,142280,0,OK,,,,2026-07-01: 주식등의대량보유상황보고서(일반) | 2026-06-30: 임원ㆍ주요주주특정증권등소유상황보고서 | 2026-06-30: 임원ㆍ주요주주특정증권등소유상황보고서 | 2026-06-15: 임원ㆍ주요주주특정증권등소유상황보고서,4
티엘비,356860,0,OK,,,,2026-07-08: 유상증자또는주식관련사채등의청약결과(자율공시)               | 2026-07-03: 임원ㆍ주요주주특정증권등소유상황보고서 | 2026-07-03: 주주명부폐쇄기간또는기준일설정               | 2026-07-02: 유상증자최종발행가액확정               | 2026-07-02: [기재정정]주요사항보고서(유무상증자결정),26
롯데렌탈,089860,0,OK,,,,2026-07-06: 기업설명회(IR)개최(안내공시)               | 2026-07-01: 풍문또는보도에대한해명(미확정)               | 2026-06-30: 지속가능경영보고서등관련사항(자율공시)               | 2026-06-22: 타인에대한채무보증결정(자율공시)               | 2026-06-22: 타인에대한채무보증결정              ,7
BGF리테일,282330,0,OK,,,,2026-06-30: 지속가능경영보고서등관련사항(자율공시)               | 2026-06-23: 최대주주등소유주식변동신고서               | 2026-06-23: 주식등의대량보유상황보고서(일반) | 2026-06-10: 기업설명회(IR)개최(안내공시)              ,4
삼성생명,032830,0,OK,,,,2026-06-30: 지속가능경영보고서등관련사항(자율공시)               | 2026-06-30: 특수관계인과의수익증권거래 | 2026-06-30: 특수관계인에대한부동산임대 | 2026-06-30: 특수관계인과의수익증권거래 | 2026-06-30: 특수관계인과의수익증권거래,6
BGF,027410,0,OK,,,,2026-06-17: 최대주주등소유주식변동신고서               | 2026-06-17: 주식등의대량보유상황보고서(일반) | 2026-06-10: 기업설명회(IR)개최(안내공시)              ,3
한미사이언스,008930,0,OK,,,,2026-07-07: 주식등의대량보유상황보고서(일반) | 2026-07-07: 임원ㆍ주요주주특정증권등거래계획보고서 | 2026-07-07: 최대주주등소유주식변동신고서               | 2026-07-03: 임원ㆍ주요주주특정증권등소유상황보고서 | 2026-07-02: 주식등의대량보유상황보고서(일반),17
LG이노텍,011070,0,OK,,,,2026-07-03: 임원ㆍ주요주주특정증권등소유상황보고서 | 2026-07-01: 주식등의대량보유상황보고서(약식) | 2026-07-01: 결산실적공시예고(안내공시)               | 2026-06-30: 지속가능경영보고서등관련사항(자율공시)               | 2026-06-29: 임원ㆍ주요주주특정증권등소유상황보고서,6
삼성증권,016360,0,OK,,,,2026-07-08: 투자설명서(일괄신고) | 2026-07-08: 일괄신고추가서류(파생결합증권-주가연계증권) | 2026-07-08: 투자설명서(일괄신고) | 2026-07-08: [기재정정]투자설명서(일괄신고) | 2026-07-08: 투자설명서(일괄신고),92
현대차증권,001500,0,OK,,,,2026-07-07: 투자설명서(일괄신고) | 2026-07-07: 일괄신고추가서류(파생결합사채-주가연계파생결합사채) | 2026-07-07: 투자설명서(일괄신고) | 2026-07-07: 투자설명서(일괄신고) | 2026-07-07: 증권발행실적보고서,80
신한서부티엔디리츠,404990,0,OK,,,,2026-07-02: 임원ㆍ주요주주특정증권등소유상황보고서 | 2026-07-02: 주식등의대량보유상황보고서(약식) | 2026-06-25: 임원ㆍ주요주주특정증권등소유상황보고서 | 2026-06-18: 임원ㆍ주요주주특정증권등소유상황보고서 | 2026-06-11: 전환청구권ㆍ신주인수권ㆍ교환청구권행사              ,7
KG모빌리티,003620,3,OK,,영업(잠정)실적(공정공시)              (+3),,2026-07-01: 영업(잠정)실적(공정공시)               | 2026-06-30: 지속가능경영보고서등관련사항(자율공시)               | 2026-06-24: 풍문또는보도에대한해명(미확정)               | 2026-06-11: 수시공시의무관련사항(공정공시)               | 2026-06-10: 최대주주등소유주식변동신고서              ,7
한진칼,180640,3,OK,,[기재정정]주요사항보고서(회사합병결정)(자회사의 주요경영사항)              (+3),,2026-06-26: [기재정정]주요사항보고서(회사합병결정)(자회사의 주요경영사항)              ,1
신세계,004170,3,OK,,영업(잠정)실적(공정공시)              (+3),,2026-07-02: 임원ㆍ주요주주특정증권등소유상황보고서 | 2026-06-16: 기업설명회(IR)개최(안내공시)               | 2026-06-11: 동일인등출자계열회사와의상품ㆍ용역거래 | 2026-06-11: 특수관계인에대한출자 | 2026-06-11: 타법인주식및출자증권취득결정              ,6
한화시스템,272210,3,OK,,유형자산취득결정              (+3),,2026-07-08: 타법인주식및출자증권취득결정               | 2026-07-03: 장래사업ㆍ경영계획(공정공시)               | 2026-06-29: 지속가능경영보고서등관련사항(자율공시)               | 2026-06-24: 특수관계인으로부터부동산매수 | 2026-06-24: 유형자산취득결정              ,7
LG에너지솔루션,373220,3,OK,,연결재무제표기준영업(잠정)실적(공정공시)              (+3),,2026-07-07: 기업설명회(IR)개최(안내공시)               | 2026-07-07: 연결재무제표기준영업(잠정)실적(공정공시)               | 2026-06-29: 지속가능경영보고서등관련사항(자율공시)               | 2026-06-12: 임원ㆍ주요주주특정증권등소유상황보고서 | 2026-06-11: 임원ㆍ주요주주특정증권등소유상황보고서,5
지역난방공사,071320,3,OK,,영업(잠정)실적(공정공시)              (+3),,2026-07-08: 의결권대리행사권유참고서류 | 2026-07-08: 주주총회소집공고 | 2026-07-08: 효력발생안내( 2026.6.30. 제출 일괄신고서 ) | 2026-06-30: [기재정정]신규시설투자등               | 2026-06-30: 사외이사의선임ㆍ해임또는중도퇴임에관한신고,14
파라다이스,034230,3,OK,,연결재무제표기준영업(잠정)실적(공정공시)              (+3),,2026-07-02: 연결재무제표기준영업(잠정)실적(공정공시)               | 2026-07-02: 임원ㆍ주요주주특정증권등소유상황보고서 | 2026-06-30: 금전대여결정               | 2026-06-30: 불성실공시법인지정               | 2026-06-26: 지속가능경영보고서등관련사항(자율공시)              ,8
기산텔레콤,035460,3,OK,,[기재정정]유형자산취득결정              (+3),,2026-06-30: [기재정정]유형자산취득결정              ,1
롯데관광개발,032350,3,OK,,연결재무제표기준영업(잠정)실적(공정공시)              (+3),,2026-07-03: 주식등의대량보유상황보고서(일반) | 2026-07-01: 연결재무제표기준영업(잠정)실적(공정공시)               | 2026-07-01: 주식등의대량보유상황보고서(약식) | 2026-06-30: 지속가능경영보고서등관련사항(자율공시)               | 2026-06-19: 임원ㆍ주요주주특정증권등소유상황보고서,9
한국가스공사,036460,3,OK,,영업(잠정)실적(공정공시)              (+3),,2026-07-08: 의결권대리행사권유참고서류 | 2026-07-08: 주주총회소집공고 | 2026-07-07: 주주총회소집결의               | 2026-06-11: 영업(잠정)실적(공정공시)              ,4
기아,000270,3,OK,,영업(잠정)실적(공정공시)              (+3),,2026-07-08: 대표이사(대표집행임원)변경(안내공시)               | 2026-07-08: 임시주주총회결과               | 2026-07-01: 지속가능경영보고서등관련사항(자율공시)               | 2026-07-01: 영업(잠정)실적(공정공시)               | 2026-06-22: 임원ㆍ주요주주특정증권등소유상황보고서,9
심텍홀딩스,036710,3,OK,,회사합병결정(종속회사의주요경영사항)              (+3),,2026-07-01: 교환청구권행사               | 2026-06-30: 회사합병결정(종속회사의주요경영사항)               | 2026-06-23: [기재정정]주권관련사채권의취득결정               | 2026-06-22: [기재정정]주권관련사채권의취득결정              ,4
셀트리온,068270,3,OK,,연결재무제표기준영업(잠정)실적(공정공시)              (+3),,2026-07-07: 임원ㆍ주요주주특정증권등소유상황보고서 | 2026-07-06: 투자판단관련주요경영사항              (CTP51(키트루다 바이오시밀러) 미국 임상 3상 시험계획 변경신청) | 2026-07-03: 임원ㆍ주요주주특정증권등소유상황보고서 | 2026-07-03: 임원ㆍ주요주주특정증권등소유상황보고서 | 2026-07-03: 임원ㆍ주요주주특정증권등소유상황보고서,65
GKL,114090,3,OK,,영업(잠정)실적(공정공시)              (+3),,2026-07-06: 사외이사의선임ㆍ해임또는중도퇴임에관한신고 | 2026-07-06: 임시주주총회결과               | 2026-07-02: 영업(잠정)실적(공정공시)               | 2026-06-17: 주주총회소집공고 | 2026-06-17: 주주총회소집결의              ,7
아시아나항공,020560,3,OK,,[기재정정]주요사항보고서(회사합병결정)(+3),,2026-07-06: 정정명령부과( 2026.06.26. 제출 주요사항보고서(회사합병 결정) ) | 2026-06-26: [기재정정]주요사항보고서(회사합병결정) | 2026-06-15: 단기차입금증가결정               | 2026-06-15: 타법인주식및출자증권취득결정               | 2026-06-10: 기업설명회(IR)개최(안내공시)              ,5
우리넷,115440,3,OK,,회사합병결정(종속회사의주요경영사항)              (+3),,2026-07-02: 임원ㆍ주요주주특정증권등소유상황보고서 | 2026-06-12: 회사합병결정(종속회사의주요경영사항)              ,2
소룩스,290690,3,OK,,[기재정정]주요사항보고서(회사합병결정)(+3),,2026-07-02: 정정신고서제출요구( 2026.06.23. 제출 증권신고서(합병) ) | 2026-06-29: 상호변경안내               | 2026-06-29: 임시주주총회결과               | 2026-06-29: 임원ㆍ주요주주특정증권등소유상황보고서 | 2026-06-29: 주식등의대량보유상황보고서(일반),13
광주신세계,037710,3,OK,,영업(잠정)실적(공정공시)              (+3),,2026-06-09: 영업(잠정)실적(공정공시)              ,1
이비테크,208850,3,OK,,[기재정정]유형자산취득결정              (+3),,2026-06-25: 기업설명회(IR)개최결과               | 2026-06-09: [기재정정]유형자산취득결정               | 2026-06-09: 기업설명회(IR)개최              ,3
한진,002320,3,OK,,연결재무제표기준영업(잠정)실적(공정공시)              (+3),,2026-07-08: 연결재무제표기준영업(잠정)실적(공정공시)               | 2026-07-07: 타인에대한채무보증결정               | 2026-07-07: [기재정정]타법인주식및출자증권취득결정               | 2026-07-07: 특수관계인에대한출자,4
휴먼테크놀로지,175140,3,OK,,[기재정정]주요사항보고서(회사합병결정)(+3),,2026-06-30: 상호변경안내               | 2026-06-30: 임시주주총회결과               | 2026-06-15: 의결권대리행사권유참고서류 | 2026-06-15: 주주총회소집공고 | 2026-06-09: [기재정정]주요사항보고서(회사합병결정),5
율촌,146060,3,OK,,[기재정정]유형자산취득결정(종속회사의주요경영사항)              (+3),,2026-07-07: 주요사항보고서(자기주식취득신탁계약체결결정) | 2026-06-30: [기재정정]유형자산취득결정(종속회사의주요경영사항)               | 2026-06-16: [기재정정]대표이사변경               | 2026-06-15: 대표이사변경               | 2026-06-15: 임시주주총회결과              ,5
현대자동차,005380,3,OK,,영업(잠정)실적(공정공시)              (+3),,2026-07-03: 풍문또는보도에대한해명(미확정)               | 2026-07-01: 영업(잠정)실적(공정공시)               | 2026-06-30: 지속가능경영보고서등관련사항(자율공시)               | 2026-06-18: 기업설명회(IR)개최(안내공시)               | 2026-06-10: 특수관계인으로부터기타유가증권매수,6
덕산네오룩스,213420,3,OK,,[기재정정]유형자산취득결정(자율공시)              (+3),,2026-07-06: [기재정정]타법인주식및출자증권취득결정(종속회사의주요경영사항)               | 2026-07-01: 주식등의대량보유상황보고서(약식) | 2026-06-22: [기재정정]유형자산취득결정(자율공시)               | 2026-06-09: 주식등의대량보유상황보고서(약식),4
NHN,181710,3,OK,,주요사항보고서(회사합병결정)(+3),,2026-07-08: 주주명부폐쇄기간또는기준일설정               | 2026-07-08: 주요사항보고서(회사합병결정) | 2026-07-01: 주식등의대량보유상황보고서(약식) | 2026-07-01: 지속가능경영보고서등관련사항(자율공시)              ,4
LG전자,066570,3,OK,,연결재무제표기준영업(잠정)실적(공정공시)              (+3),,2026-07-07: 기업설명회(IR)개최(안내공시)               | 2026-07-07: 연결재무제표기준영업(잠정)실적(공정공시)               | 2026-07-06: [기재정정]사업보고서 (2025.12) | 2026-06-30: 지속가능경영보고서등관련사항(자율공시)               | 2026-06-11: 임원ㆍ주요주주특정증권등소유상황보고서,5
한일홀딩스,003300,3,OK,,유형자산취득결정              (+3),,2026-07-08: 유형자산취득결정               | 2026-06-30: 지속가능경영보고서등관련사항(자율공시)               | 2026-06-29: 최대주주등소유주식변동신고서               | 2026-06-29: 임원ㆍ주요주주특정증권등소유상황보고서 | 2026-06-26: [기재정정]유형자산처분결정(자회사의 주요경영사항)              ,8
에스티아이,039440,5,OK,,단일판매ㆍ공급계약체결              (+5),,2026-07-02: 단일판매ㆍ공급계약체결               | 2026-07-01: 주식등의대량보유상황보고서(약식) | 2026-06-18: 타인에대한채무보증결정              ,3
핌스,347770,5,OK,,[기재정정]주요사항보고서(자기주식취득결정)(+5) | 주요사항보고서(자기주식취득결정)(+5),[기재정정]최대주주변경을수반하는주식담보제공계약체결              (-5),2026-07-07: [기재정정]주요사항보고서(자기주식취득결정) | 2026-07-07: 주요사항보고서(자기주식취득결정) | 2026-07-07: 주식등의대량보유상황보고서(일반) | 2026-07-06: [기재정정]최대주주변경을수반하는주식담보제공계약체결               | 2026-06-30: 자산재평가결과(자율공시)              ,6
가온칩스,399720,5,OK,,단일판매ㆍ공급계약체결              (+5),,2026-07-08: 임원ㆍ주요주주특정증권등소유상황보고서 | 2026-07-07: 주식매수선택권행사               | 2026-06-11: 단일판매ㆍ공급계약체결               | 2026-06-10: 주식등의대량보유상황보고서(약식),4
아세아시멘트,183190,5,OK,,주식소각결정              (+5),,2026-06-30: 지속가능경영보고서등관련사항(자율공시)               | 2026-06-10: 주식소각결정              ,2
대한해운,005880,5,OK,,[기재정정]단일판매ㆍ공급계약체결              (+5),,2026-07-06: 대표이사(대표집행임원)변경(안내공시)               | 2026-07-06: 임시주주총회결과               | 2026-07-06: 주식등의대량보유상황보고서(일반) | 2026-06-19: [기재정정]단일판매ㆍ공급계약체결               | 2026-06-18: 의결권대리행사권유참고서류,7
한국정밀기계,101680,5,OK,,단일판매ㆍ공급계약체결              (+5),,2026-06-26: 단일판매ㆍ공급계약체결               | 2026-06-09: 임원ㆍ주요주주특정증권등소유상황보고서,2
우진,105840,5,OK,,단일판매ㆍ공급계약체결              (+5),,2026-06-17: 단일판매ㆍ공급계약체결               | 2026-06-16: 주식등의대량보유상황보고서(일반) | 2026-06-11: 기업설명회(IR)개최(안내공시)               | 2026-06-08: 현금ㆍ현물배당결정               | 2026-06-08: 현금ㆍ현물배당을위한주주명부폐쇄(기준일)결정              ,5
삼성전기,009150,5,OK,,단일판매ㆍ공급계약체결              (+5),,2026-07-06: 최대주주등소유주식변동신고서               | 2026-07-03: 장래사업ㆍ경영계획(공정공시)               | 2026-07-02: 타법인주식및출자증권취득결정               | 2026-07-02: 장래사업ㆍ경영계획(공정공시)               | 2026-07-01: 주식등의대량보유상황보고서(약식),8
미원상사,002840,5,OK,,주식소각결정              (+5),,2026-07-08: 주식소각결정               | 2026-07-08: 최대주주등소유주식변동신고서               | 2026-07-02: 임원ㆍ주요주주특정증권등소유상황보고서 | 2026-06-30: 임원ㆍ주요주주특정증권등소유상황보고서 | 2026-06-30: 임원ㆍ주요주주특정증권등소유상황보고서,10
원텍,336570,5,OK,,주식소각결정              (+5),,2026-06-23: [기재정정]주주명부폐쇄기간또는기준일설정               | 2026-06-23: [기재정정]주주총회소집결의              (임시주주총회) | 2026-06-22: 임원ㆍ주요주주특정증권등소유상황보고서 | 2026-06-22: 주주명부폐쇄기간또는기준일설정               | 2026-06-22: 주요사항보고서(자기주식취득신탁계약체결결정),8
마음AI,377480,5,OK,,단일판매ㆍ공급계약체결              (+5),,2026-07-03: 사외이사의선임ㆍ해임또는중도퇴임에관한신고 | 2026-06-19: 단일판매ㆍ공급계약체결              ,2
보성파워텍,006910,5,OK,,[기재정정]단일판매ㆍ공급계약체결              (+5),,2026-07-02: 주식등의대량보유상황보고서(일반) | 2026-06-30: [기재정정]단일판매ㆍ공급계약체결              ,2
미래컴퍼니,049950,5,OK,,[기재정정]단일판매ㆍ공급계약체결(자율공시)              (+5),,2026-07-06: [기재정정]단일판매ㆍ공급계약체결(자율공시)              ,1
성도이엔지,037350,5,OK,,[기재정정]단일판매ㆍ공급계약체결              (+5),,2026-06-29: [기재정정]단일판매ㆍ공급계약체결              ,1
에스피소프트,443670,5,OK,,주식소각결정              (+5),,2026-06-17: 임원ㆍ주요주주특정증권등소유상황보고서 | 2026-06-11: 주식소각결정              ,2
포바이포,389140,5,OK,,[기재정정]단일판매ㆍ공급계약체결(자율공시)              (+5),,2026-06-30: [기재정정]단일판매ㆍ공급계약체결(자율공시)              ,1
시공테크,020710,5,OK,,단일판매ㆍ공급계약체결(자율공시)              (+5),,2026-06-24: 단일판매ㆍ공급계약체결(자율공시)              ,1
와이즈버즈,273060,5,OK,,[기재정정]주식소각결정              (+5),,2026-07-03: 주주총회소집공고 | 2026-07-03: [기재정정]주주총회소집결의              (임시주주총회) | 2026-06-30: [기재정정]주식병합결정               | 2026-06-30: [기재정정]주식소각결정               | 2026-06-30: 주요사항보고서(자기주식취득신탁계약해지결정),5
아시아나IDT,267850,5,OK,,[기재정정]단일판매ㆍ공급계약체결              (+5),,2026-06-25: [기재정정]단일판매ㆍ공급계약체결              ,1
액스비스,0011A0,5,OK,,[기재정정]단일판매ㆍ공급계약체결              (+5),,2026-07-02: 주식등의대량보유상황보고서(일반) | 2026-06-09: [기재정정]단일판매ㆍ공급계약체결              ,2
한화에어로스페이스,012450,5,OK,,[기재정정]단일판매ㆍ공급계약체결              (+5),,2026-07-08: [기재정정]타법인주식및출자증권취득결정               | 2026-07-03: 장래사업ㆍ경영계획(공정공시)               | 2026-06-30: [기재정정]단일판매ㆍ공급계약체결               | 2026-06-30: 지속가능경영보고서등관련사항(자율공시)               | 2026-06-24: 동일인등출자계열회사와의상품ㆍ용역거래,9
신도기연,290520,5,OK,,주식소각결정              (+5),,2026-06-12: 주식소각결정              ,1
하림지주,003380,5,OK,,단일판매ㆍ공급계약체결(자회사의 주요경영사항)              (+5),,2026-06-29: 신규시설투자등(자회사의 주요경영사항)               | 2026-06-26: [기재정정]신규시설투자등(자회사의 주요경영사항)               | 2026-06-26: 주식등의대량보유상황보고서(일반) | 2026-06-26: 임원ㆍ주요주주특정증권등소유상황보고서 | 2026-06-19: 단일판매ㆍ공급계약체결(자회사의 주요경영사항)              ,5
비아트론,141000,5,OK,,[기재정정]단일판매ㆍ공급계약체결              (+5),,2026-06-12: [기재정정]사업보고서 (2025.12) | 2026-06-09: [기재정정]단일판매ㆍ공급계약체결              ,2
아크릴,0007C0,5,OK,,단일판매ㆍ공급계약체결(자율공시)              (+5),,2026-07-02: 임원ㆍ주요주주특정증권등소유상황보고서 | 2026-07-01: 단일판매ㆍ공급계약체결(자율공시)               | 2026-06-25: 임원ㆍ주요주주특정증권등소유상황보고서,3
센코,347000,5,OK,,[기재정정]단일판매ㆍ공급계약체결(자율공시)              (+5),,2026-07-02: 주식등의대량보유상황보고서(일반) | 2026-07-02: 임원ㆍ주요주주특정증권등소유상황보고서 | 2026-06-22: [기재정정]단일판매ㆍ공급계약체결(자율공시)              ,3
서진시스템,178320,5,OK,,단일판매ㆍ공급계약체결(자율공시)              (+5) | 단일판매ㆍ공급계약체결(자율공시)              (+5),최대주주변경을수반하는주식담보제공계약해제ㆍ취소등              (-5),2026-07-08: 단일판매ㆍ공급계약체결(자율공시)               | 2026-07-01: 단일판매ㆍ공급계약체결(자율공시)               | 2026-06-29: 주식등의대량보유상황보고서(일반) | 2026-06-25: [기재정정]분기보고서 (2026.03) | 2026-06-18: 주식등의대량보유상황보고서(약식),8
파인텍,131760,5,OK,,단일판매ㆍ공급계약체결              (+5),,2026-06-25: 단일판매ㆍ공급계약체결              ,1
SUN&L,002820,5,OK,,주식소각결정              (+5),,2026-07-07: 주식소각결정               | 2026-06-29: 기업가치제고계획(자율공시)              ,2
HL홀딩스,060980,5,OK,,단일판매ㆍ공급계약체결(자회사의 주요경영사항)              (+5),,2026-07-01: 주식등의대량보유상황보고서(약식) | 2026-07-01: 단일판매ㆍ공급계약체결(자회사의 주요경영사항)               | 2026-06-30: [기재정정]현금ㆍ현물배당결정               | 2026-06-18: 투자판단관련주요경영사항(자회사의 주요경영사항)              ,4
코디,080530,5,OK,,[첨부추가]주식소각결정              (+5),,2026-07-02: 의결권대리행사권유참고서류 | 2026-07-02: 주주총회소집공고 | 2026-06-19: [첨부추가]주식소각결정               | 2026-06-15: 임원ㆍ주요주주특정증권등소유상황보고서 | 2026-06-12: 재해발생              ,9
E8,418620,5,OK,,[기재정정]단일판매ㆍ공급계약체결              (+5),,2026-07-03: [기재정정]타인에대한담보제공결정               | 2026-07-02: 임원ㆍ주요주주특정증권등소유상황보고서 | 2026-06-25: [기재정정]단일판매ㆍ공급계약체결               | 2026-06-22: 임원ㆍ주요주주특정증권등소유상황보고서 | 2026-06-22: 임원ㆍ주요주주특정증권등소유상황보고서,11
채비,0011T0,5,OK,,단일판매ㆍ공급계약체결              (+5),,2026-06-23: 단일판매ㆍ공급계약체결              ,1
SIMPAC,009160,5,OK,,주요사항보고서(자기주식취득결정)(+5),,2026-06-29: 주요사항보고서(자기주식취득결정),1
유일로보틱스,388720,5,OK,,단일판매ㆍ공급계약체결              (+5),,2026-06-17: 단일판매ㆍ공급계약체결              ,1
HLB테라퓨틱스,115450,5,OK,,[기재정정]단일판매ㆍ공급계약체결              (+5),,2026-07-02: 임원ㆍ주요주주특정증권등소유상황보고서 | 2026-06-30: [기재정정]단일판매ㆍ공급계약체결               | 2026-06-29: 주식등의대량보유상황보고서(일반) | 2026-06-10: 임원ㆍ주요주주특정증권등소유상황보고서 | 2026-06-09: 주식등의대량보유상황보고서(일반),5
에코글로우,159910,5,OK,,[기재정정]단일판매ㆍ공급계약체결              (+5),,2026-07-06: 주식등의대량보유상황보고서(일반) | 2026-07-06: 임원ㆍ주요주주특정증권등소유상황보고서 | 2026-07-01: 주요사항보고서(자기전환사채만기전취득결정) | 2026-06-29: [기재정정]단일판매ㆍ공급계약체결               | 2026-06-26: 주식등의대량보유상황보고서(일반),13
스마트레이더시스템,424960,5,OK,,단일판매ㆍ공급계약체결(자회사의 주요경영사항)              (+5),,2026-06-25: 임원ㆍ주요주주특정증권등소유상황보고서 | 2026-06-25: 단일판매ㆍ공급계약체결(자회사의 주요경영사항)               | 2026-06-12: 주식등의대량보유상황보고서(일반),3
DXVX,180400,5,OK,,[기재정정]단일판매ㆍ공급계약체결              (+5),,2026-06-26: 주식등의대량보유상황보고서(일반) | 2026-06-26: 임원ㆍ주요주주특정증권등소유상황보고서 | 2026-06-19: [기재정정]단일판매ㆍ공급계약체결               | 2026-06-08: 임원ㆍ주요주주특정증권등소유상황보고서 | 2026-06-08: 임원ㆍ주요주주특정증권등소유상황보고서,5
일양약품,007570,5,OK,,[기재정정]단일판매ㆍ공급계약체결              (+5),,2026-06-30: 임원ㆍ주요주주특정증권등거래계획보고서 | 2026-06-30: 임원ㆍ주요주주특정증권등거래계획보고서 | 2026-06-30: [기재정정]타법인주식및출자증권취득결정               | 2026-06-30: [기재정정]단일판매ㆍ공급계약체결              ,4
우리금융지주,316140,5,OK,,[기재정정]주식소각결정              (+5),,2026-07-08: 투자설명서(일괄신고) | 2026-07-08: 일괄신고추가서류 | 2026-07-06: [기재정정]증권신고서(주식의포괄적교환ㆍ이전) | 2026-07-03: [첨부정정]증권신고서(주식의포괄적교환ㆍ이전) | 2026-07-03: [첨부정정]증권신고서(주식의포괄적교환ㆍ이전),17
한국종합기술,023350,5,OK,,[기재정정]단일판매ㆍ공급계약체결              (+5),,2026-06-30: 최대주주등소유주식변동신고서               | 2026-06-30: 주식등의대량보유상황보고서(일반) | 2026-06-10: [기재정정]단일판매ㆍ공급계약체결              ,3
라온텍,418420,5,OK,,단일판매ㆍ공급계약체결              (+5),,2026-07-06: 단일판매ㆍ공급계약체결               | 2026-06-15: 임원ㆍ주요주주특정증권등소유상황보고서 | 2026-06-15: 임원ㆍ주요주주특정증권등소유상황보고서 | 2026-06-15: 임원ㆍ주요주주특정증권등소유상황보고서 | 2026-06-15: 임원ㆍ주요주주특정증권등소유상황보고서,6
도화엔지니어링,002150,5,OK,,[기재정정]단일판매ㆍ공급계약체결              (+5),,2026-06-30: [기재정정]단일판매ㆍ공급계약체결               | 2026-06-08: 최대주주등소유주식변동신고서               | 2026-06-08: 임원ㆍ주요주주특정증권등소유상황보고서,3
한세예스24홀딩스,016450,5,OK,,주식소각결정(자회사의 주요경영사항)              (+5),,2026-07-01: 주식소각결정(자회사의 주요경영사항)               | 2026-06-30: 지속가능경영보고서등관련사항(자율공시)               | 2026-06-22: 주식등의대량보유상황보고서(일반),3
세보엠이씨,011560,5,OK,,[기재정정]단일판매ㆍ공급계약체결              (+5),,2026-06-30: [기재정정]단일판매ㆍ공급계약체결              ,1
동남합성,023450,5,OK,,주요사항보고서(자기주식취득결정)(+5),,2026-07-08: 주요사항보고서(자기주식취득결정) | 2026-07-08: 현금ㆍ현물배당결정               | 2026-07-08: 현금ㆍ현물배당을위한주주명부폐쇄(기준일)결정               | 2026-07-07: 자기주식취득결과보고서 | 2026-06-11: 최대주주등소유주식변동신고서              ,5
엑사이엔씨,054940,5,OK,,단일판매ㆍ공급계약체결              (+5),,2026-07-08: 임시주주총회결과               | 2026-07-07: 단일판매ㆍ공급계약체결               | 2026-06-23: 임원ㆍ주요주주특정증권등소유상황보고서 | 2026-06-23: [기재정정]주주총회소집공고 | 2026-06-23: 의결권대리행사권유참고서류,6
피씨디렉트,051380,5,OK,,주요사항보고서(자기주식취득결정)(+5),,2026-06-19: 임원ㆍ주요주주특정증권등소유상황보고서 | 2026-06-15: 주요사항보고서(자기주식취득결정),2
달바글로벌,483650,5,OK,,[기재정정]단일판매ㆍ공급계약체결              (+5),,2026-07-06: 기업설명회(IR)개최(안내공시)               | 2026-07-06: 기업설명회(IR)개최(안내공시)               | 2026-07-02: 임원ㆍ주요주주특정증권등소유상황보고서 | 2026-07-01: 주식등의대량보유상황보고서(약식) | 2026-06-30: [기재정정]단일판매ㆍ공급계약체결              ,13
탑머티리얼,360070,5,OK,,[기재정정]단일판매ㆍ공급계약체결              (+5),,2026-06-29: [기재정정]단일판매ㆍ공급계약체결              ,1
밸로프,331520,5,OK,,주식소각결정              (+5),,2026-07-03: 신탁계약해지결과보고서 | 2026-06-29: 임원ㆍ주요주주특정증권등소유상황보고서 | 2026-06-29: 주식소각결정               | 2026-06-29: 주요사항보고서(자기주식취득신탁계약해지결정),4
재영솔루텍,049630,5,OK,,주식소각결정              (+5),,2026-06-19: 주식소각결정              ,1
신흥,004080,5,OK,,주식소각결정              (+5),,2026-06-30: 임원ㆍ주요주주특정증권등소유상황보고서 | 2026-06-30: 주식등의대량보유상황보고서(일반) | 2026-06-30: 임원ㆍ주요주주특정증권등소유상황보고서 | 2026-06-30: 최대주주등소유주식변동신고서               | 2026-06-15: 현금ㆍ현물배당을위한주주명부폐쇄(기준일)결정              ,7
아이티아이즈,372800,5,OK,,[기재정정]단일판매ㆍ공급계약체결              (+5),,2026-07-07: 주식등의대량보유상황보고서(일반) | 2026-07-07: 임원ㆍ주요주주특정증권등소유상황보고서 | 2026-07-06: 임원ㆍ주요주주특정증권등소유상황보고서 | 2026-07-03: 임원ㆍ주요주주특정증권등소유상황보고서 | 2026-07-03: 주식등의대량보유상황보고서(일반),14
배럴,267790,5,OK,,주요사항보고서(자기주식취득결정)(+5),,2026-06-15: 주요사항보고서(자기주식취득결정),1
SNT홀딩스,036530,5,OK,,[기재정정]단일판매ㆍ공급계약체결(자회사의 주요경영사항)              (+5),,2026-06-15: 주주명부폐쇄기간또는기준일설정               | 2026-06-08: [기재정정]단일판매ㆍ공급계약체결(자회사의 주요경영사항)              ,2
NE능률,053290,5,OK,,주요사항보고서(자기주식취득결정)(+5),,2026-07-08: 주요사항보고서(자기주식취득결정),1
에스원,012750,5,OK,,단일판매ㆍ공급계약체결              (+5),,2026-06-15: 단일판매ㆍ공급계약체결              ,1
플래티어,367000,5,OK,,단일판매ㆍ공급계약체결(자율공시)              (+5),,2026-07-08: 임원ㆍ주요주주특정증권등소유상황보고서 | 2026-07-03: 임원ㆍ주요주주특정증권등소유상황보고서 | 2026-07-01: 임원ㆍ주요주주특정증권등소유상황보고서 | 2026-06-11: 임원ㆍ주요주주특정증권등소유상황보고서 | 2026-06-09: 단일판매ㆍ공급계약체결(자율공시)              ,5
티이엠씨씨엔에스,241790,5,OK,,단일판매ㆍ공급계약체결              (+5),,2026-06-30: 임원ㆍ주요주주특정증권등소유상황보고서 | 2026-06-26: 단일판매ㆍ공급계약체결               | 2026-06-16: 임원ㆍ주요주주특정증권등소유상황보고서,3
서울옥션,063170,5,OK,,[기재정정]단일판매ㆍ공급계약체결              (+5),,2026-07-06: 교환사채(해외교환사채포함)발행후만기전사채취득               | 2026-06-29: [기재정정]단일판매ㆍ공급계약체결               | 2026-06-11: 주식등의대량보유상황보고서(일반),3
미원홀딩스,107590,5,OK,,주요사항보고서(자기주식취득결정)(자회사의 주요경영사항)              (+5),,2026-07-08: 주요사항보고서(자기주식취득결정)(자회사의 주요경영사항)               | 2026-07-08: 현금ㆍ현물배당결정(자회사의 주요경영사항)               | 2026-07-08: 현금ㆍ현물배당을위한주주명부폐쇄(기준일)결정(자회사의 주요경영사항)               | 2026-07-07: 대표이사변경(자회사의 주요경영사항)               | 2026-06-15: 최대주주등소유주식변동신고서              ,6
HB솔루션,297890,5,OK,,단일판매ㆍ공급계약체결              (+5),,2026-07-08: 사외이사의선임ㆍ해임또는중도퇴임에관한신고 | 2026-07-08: 임시주주총회결과               | 2026-07-07: 단일판매ㆍ공급계약체결               | 2026-06-24: 임원ㆍ주요주주특정증권등소유상황보고서 | 2026-06-23: 의결권대리행사권유참고서류,6
그린생명과학,114450,5,OK,,[기재정정]단일판매ㆍ공급계약체결              (+5),,2026-06-30: [기재정정]단일판매ㆍ공급계약체결               | 2026-06-22: 임원ㆍ주요주주특정증권등거래계획보고서,2
누리플렉스,040160,5,OK,,주식소각결정              (+5),,2026-06-24: 주식소각결정               | 2026-06-23: 주식등의대량보유상황보고서(일반),2
뉴로핏,380550,5,OK,,단일판매ㆍ공급계약체결              (+5),,2026-06-10: 단일판매ㆍ공급계약체결              ,1
유비온,084440,5,OK,,단일판매ㆍ공급계약체결(자율공시)              (+5),,2026-07-06: 주요사항보고서(자기주식취득신탁계약체결결정) | 2026-07-02: 임원ㆍ주요주주특정증권등소유상황보고서 | 2026-07-02: 신탁계약해지결과보고서 | 2026-07-01: 주요사항보고서(자기주식취득신탁계약해지결정) | 2026-06-22: 기업설명회(IR)개최              ,9
피엔티엠에스,257370,5,OK,,[기재정정]단일판매ㆍ공급계약체결              (+5),,2026-06-19: [기재정정]단일판매ㆍ공급계약체결              ,1
서전기전,189860,5,OK,,[기재정정]단일판매ㆍ공급계약체결              (+5),,2026-06-30: [기재정정]단일판매ㆍ공급계약체결              ,1
보령,003850,5,OK,,주요사항보고서(자기주식취득결정)(+5),,2026-06-22: 주식등의대량보유상황보고서(일반) | 2026-06-12: 주요사항보고서(자기주식취득결정) | 2026-06-10: 주식등의대량보유상황보고서(일반),3
케이피에프,024880,5,OK,,[기재정정]주식소각결정              (+5),,2026-06-23: 기업설명회(IR)개최               | 2026-06-19: [기재정정]주식소각결정               | 2026-06-19: 자기주식취득결과보고서,3
테라뷰,950250,5,OK,,단일판매ㆍ공급계약체결              (+5),,2026-06-30: 단일판매ㆍ공급계약체결               | 2026-06-16: 주식등의대량보유상황보고서(일반) | 2026-06-08: 임시주주총회결과              ,3
아이에스동서,010780,5,OK,,[기재정정]단일판매ㆍ공급계약체결              (+5),,2026-07-02: 주식등의대량보유상황보고서(일반) | 2026-06-30: [기재정정]단일판매ㆍ공급계약체결               | 2026-06-19: 주식등의대량보유상황보고서(일반) | 2026-06-12: 주식등의대량보유상황보고서(일반),4
SNT에너지,100840,5,OK,,[기재정정]단일판매ㆍ공급계약체결              (+5),,2026-07-01: 주식등의대량보유상황보고서(약식) | 2026-06-15: 주주명부폐쇄기간또는기준일설정               | 2026-06-08: [기재정정]단일판매ㆍ공급계약체결              ,3
민테크,452200,5,OK,,단일판매ㆍ공급계약체결              (+5),,2026-07-02: 단일판매ㆍ공급계약체결               | 2026-06-16: 임원ㆍ주요주주특정증권등소유상황보고서,2
핸디소프트,220180,5,OK,,[기재정정]단일판매ㆍ공급계약체결              (+5),,2026-06-30: 주주총회소집공고 | 2026-06-25: [기재정정]단일판매ㆍ공급계약체결              ,2
피엔티,137400,5,OK,,[기재정정]단일판매ㆍ공급계약체결              (+5),,2026-06-30: [기재정정]단일판매ㆍ공급계약체결               | 2026-06-26: 타인에대한채무보증결정              ,2
SJG세종,033530,5,OK,,주식소각결정              (+5),,2026-06-30: 주식소각결정               | 2026-06-29: 임시주주총회결과               | 2026-06-12: 주주총회소집공고,3
대아티아이,045390,5,OK,,[기재정정]단일판매ㆍ공급계약체결              (+5),,2026-06-26: [기재정정]단일판매ㆍ공급계약체결               | 2026-06-24: 합병등종료보고서(자산양수도) | 2026-06-24: [기재정정]주요사항보고서(유형자산양도결정) | 2026-06-15: 신탁계약에의한취득상황보고서,4
에스프리즘,288620,5,OK,,단일판매ㆍ공급계약체결              (+5),,2026-06-22: [기재정정]금전대여결정               | 2026-06-18: 소송등의제기ㆍ신청(일정금액이상의청구)               | 2026-06-16: 단일판매ㆍ공급계약체결               | 2026-06-16: 타인에대한담보제공결정              ,4
나라스페이스테크놀로지,478340,5,OK,,단일판매ㆍ공급계약체결              (+5),,2026-06-22: [기재정정]주식등의대량보유상황보고서(일반) | 2026-06-19: 단일판매ㆍ공급계약체결              ,2
LG씨엔에스,064400,5,OK,,단일판매ㆍ공급계약체결              (+5),,2026-07-07: 단일판매ㆍ공급계약체결               | 2026-07-01: 주식등의대량보유상황보고서(약식) | 2026-06-15: 기업설명회(IR)개최(안내공시)               | 2026-06-12: 임원ㆍ주요주주특정증권등소유상황보고서,4
저스템,417840,5,OK,,주요사항보고서(자기주식취득결정)(+5),,2026-06-29: 자기주식취득결과보고서 | 2026-06-25: 임원ㆍ주요주주특정증권등소유상황보고서 | 2026-06-25: 주식등의대량보유상황보고서(일반) | 2026-06-24: 주요사항보고서(자기주식취득결정) | 2026-06-22: 기업설명회(IR)개최              ,9
비트컴퓨터,032850,5,OK,,주요사항보고서(자기주식취득결정)(+5),,2026-07-01: 임원ㆍ주요주주특정증권등소유상황보고서 | 2026-06-22: 주요사항보고서(자기주식취득결정) | 2026-06-22: 자기주식취득결과보고서 | 2026-06-12: 임원ㆍ주요주주특정증권등소유상황보고서,4
뉴로메카,348340,5,OK,,[기재정정]단일판매ㆍ공급계약체결              (+5),,2026-07-07: 임원ㆍ주요주주특정증권등소유상황보고서 | 2026-07-07: 임원ㆍ주요주주특정증권등소유상황보고서 | 2026-07-07: 임원ㆍ주요주주특정증권등소유상황보고서 | 2026-07-07: 임원ㆍ주요주주특정증권등소유상황보고서 | 2026-07-07: 임원ㆍ주요주주특정증권등소유상황보고서,17
대동금속,020400,5,OK,,주식소각결정              (+5),,2026-07-07: [기재정정]신탁계약에의한취득상황보고서 | 2026-07-07: 주식소각결정               | 2026-07-06: 신탁계약에의한취득상황보고서 | 2026-07-06: 신탁계약해지결과보고서 | 2026-07-06: 주요사항보고서(자기주식취득신탁계약해지결정),6
SK디앤디,210980,5,OK,,단일판매ㆍ공급계약체결              (+5),,2026-07-02: 주식등의대량보유상황보고서(일반) | 2026-07-01: [기재정정]주주총회소집결의               | 2026-06-30: 단일판매ㆍ공급계약체결               | 2026-06-30: 지속가능경영보고서등관련사항(자율공시)               | 2026-06-26: 주식등의대량보유상황보고서(일반),11
뉴트리,270870,5,OK,,주식소각결정              (+5),,2026-06-09: 주요사항보고서(자기주식취득신탁계약체결결정) | 2026-06-09: 주식소각결정              ,2
동양이엔피,079960,5,OK,,주식소각결정              (+5),,2026-06-22: 주식소각결정               | 2026-06-18: [첨부정정]기업가치제고계획(자율공시)               | 2026-06-18: 기업가치제고계획(자율공시)               | 2026-06-15: 타법인주식및출자증권취득결정              ,4
팬젠,222110,5,OK,,단일판매ㆍ공급계약체결              (+5),,2026-06-22: 단일판매ㆍ공급계약체결              ,1
산일전기,062040,5,OK,,단일판매ㆍ공급계약체결              (+5),,2026-07-01: 주식등의대량보유상황보고서(약식) | 2026-06-22: 단일판매ㆍ공급계약체결              ,2
아티스트스튜디오,200350,5,OK,,단일판매ㆍ공급계약체결              (+5),,2026-06-30: 단일판매ㆍ공급계약체결               | 2026-06-29: 주권관련사채권의취득결정              ,2
대동,000490,5,OK,,단일판매ㆍ공급계약체결              (+5),,2026-07-07: 단일판매ㆍ공급계약체결               | 2026-06-29: 지속가능경영보고서등관련사항(자율공시)               | 2026-06-18: 최대주주등소유주식변동신고서               | 2026-06-18: 주식등의대량보유상황보고서(일반) | 2026-06-18: 임원ㆍ주요주주특정증권등소유상황보고서,11
뉴키즈온,462310,5,OK,,주식소각결정              (+5),,2026-06-30: 주식소각결정              ,1
엘디티,096870,5,OK,,주요사항보고서(자기주식취득결정)(+5),,2026-07-03: 임원ㆍ주요주주특정증권등소유상황보고서 | 2026-06-30: 임원ㆍ주요주주특정증권등소유상황보고서 | 2026-06-26: 기업설명회(IR)개최               | 2026-06-19: 주요사항보고서(자기주식취득결정),4
쓰리빌리언,394800,5,OK,,단일판매ㆍ공급계약체결(자율공시)              (+5),,2026-06-15: 단일판매ㆍ공급계약체결(자율공시)              ,1
동우팜투테이블,088910,5,OK,,주식소각결정              (+5),,2026-07-01: 주식소각결정              ,1
네이블,153460,5,OK,,단일판매ㆍ공급계약체결              (+5),,2026-07-06: 임원ㆍ주요주주특정증권등소유상황보고서 | 2026-07-06: 임원ㆍ주요주주특정증권등소유상황보고서 | 2026-06-15: 단일판매ㆍ공급계약체결              ,3
에스와이스틸텍,365330,5,OK,,단일판매ㆍ공급계약체결              (+5),,2026-07-01: 단일판매ㆍ공급계약체결               | 2026-06-24: 주식등의대량보유상황보고서(일반),2
유성티엔에스,024800,5,OK,,주식소각결정              (+5),,2026-07-03: 주식소각결정               | 2026-06-11: 주식등의대량보유상황보고서(약식),2
프럼파스트,035200,5,OK,,주식소각결정              (+5),,2026-06-24: 주요사항보고서(자기주식취득신탁계약체결결정) | 2026-06-18: 주식소각결정              ,2
자연과환경,043910,5,OK,,[기재정정]단일판매ㆍ공급계약체결              (+5),,2026-07-08: 주식등의대량보유상황보고서(일반) | 2026-06-26: [기재정정]단일판매ㆍ공급계약체결               | 2026-06-18: 임원ㆍ주요주주특정증권등소유상황보고서 | 2026-06-11: 주식등의대량보유상황보고서(일반) | 2026-06-11: 임원ㆍ주요주주특정증권등소유상황보고서,5
아이패밀리에스씨,114840,5,OK,,주식소각결정              (+5),,2026-06-11: 신탁계약해지결과보고서 | 2026-06-11: 주식소각결정               | 2026-06-11: 주요사항보고서(자기주식취득신탁계약해지결정),3
펨트론,168360,5,OK,,단일판매ㆍ공급계약체결(자율공시)              (+5),,2026-06-23: 단일판매ㆍ공급계약체결(자율공시)               | 2026-06-15: 전환청구권행사              (제1회차) | 2026-06-09: 기업설명회(IR)개최              ,3
케일럼,258610,5,OK,,[기재정정]단일판매ㆍ공급계약체결              (+5),,2026-06-26: [기재정정]단일판매ㆍ공급계약체결              ,1
에스엔시스,0008Z0,5,OK,,단일판매ㆍ공급계약체결(자율공시)              (+5),,2026-07-08: 임원ㆍ주요주주특정증권등소유상황보고서 | 2026-06-10: 단일판매ㆍ공급계약체결(자율공시)               | 2026-06-09: 임원ㆍ주요주주특정증권등소유상황보고서,3
현대오토에버,307950,5,OK,,[기재정정]단일판매ㆍ공급계약체결              (+5),,2026-06-30: [기재정정]단일판매ㆍ공급계약체결               | 2026-06-30: 지속가능경영보고서등관련사항(자율공시)              ,2
파이버프로,368770,5,OK,,[기재정정]단일판매ㆍ공급계약체결              (+5),,2026-06-23: [기재정정]단일판매ㆍ공급계약체결              ,1
하이로닉,149980,5,OK,,[첨부추가]주식소각결정              (+5),,2026-06-09: [첨부추가]주식소각결정               | 2026-06-09: 중간(분기)배당을위한주주명부폐쇄(기준일)결정               | 2026-06-09: 주식매수선택권부여에관한신고 | 2026-06-08: 임시주주총회결과              ,4
엠에프씨,432980,5,OK,,주요사항보고서(자기주식취득결정)(+5),,2026-06-15: 주요사항보고서(자기주식취득결정) | 2026-06-10: 주식등의대량보유상황보고서(일반) | 2026-06-10: 임원ㆍ주요주주특정증권등소유상황보고서,3
와이어블,065530,5,OK,,[기재정정]단일판매ㆍ공급계약체결              (+5),,2026-06-11: [기재정정]단일판매ㆍ공급계약체결              ,1
제룡산업,147830,5,OK,,[기재정정]단일판매ㆍ공급계약체결              (+5),,2026-06-22: [기재정정]단일판매ㆍ공급계약체결              ,1
탑선,180060,5,OK,,[기재정정]단일판매ㆍ공급계약체결(자율공시)              (+5),,2026-07-08: [기재정정]단일판매ㆍ공급계약체결(자율공시)               | 2026-06-11: 기업설명회(IR)개최결과              ,2
동신건설,025950,5,OK,,단일판매ㆍ공급계약체결              (+5),,2026-07-01: 단일판매ㆍ공급계약체결              ,1
브이엠,089970,5,OK,,단일판매ㆍ공급계약체결              (+5),,2026-07-01: 주식등의대량보유상황보고서(약식) | 2026-06-23: 전환주식의전환청구권행사              (상환전환우선주) | 2026-06-23: 단일판매ㆍ공급계약체결               | 2026-06-16: 주식등의대량보유상황보고서(약식) | 2026-06-11: 주식등의대량보유상황보고서(약식),5
빅텍,065450,5,OK,,[기재정정]단일판매ㆍ공급계약체결              (+5),,2026-07-03: 주식등의대량보유상황보고서(약식) | 2026-06-16: [기재정정]단일판매ㆍ공급계약체결              ,2
에스비비테크,389500,5,OK,,[기재정정]단일판매ㆍ공급계약체결              (+5),,2026-07-06: 기업설명회(IR)개최               | 2026-06-30: [기재정정]단일판매ㆍ공급계약체결              ,2
엔시스,333620,5,OK,,[기재정정]단일판매ㆍ공급계약체결              (+5),,2026-06-30: [기재정정]단일판매ㆍ공급계약체결               | 2026-06-30: 단일판매ㆍ공급계약해지              ,2
씨에스윈드,112610,5,OK,,단일판매ㆍ공급계약체결              (+5),,2026-07-07: 단일판매ㆍ공급계약체결               | 2026-07-01: 주식등의대량보유상황보고서(약식),2
심텍,222800,5,OK,,주요사항보고서(자기주식취득결정)(+5),,2026-07-08: 임원ㆍ주요주주특정증권등소유상황보고서 | 2026-07-07: 주식등의대량보유상황보고서(약식) | 2026-07-01: 주식등의대량보유상황보고서(약식) | 2026-06-25: 임원ㆍ주요주주특정증권등소유상황보고서 | 2026-06-25: 주식등의대량보유상황보고서(일반),9
RFHIC,218410,5,OK,,[기재정정]단일판매ㆍ공급계약체결              (+5),,2026-07-02: 주주총회소집결의              (임시주주총회) | 2026-07-02: 주주명부폐쇄기간또는기준일설정               | 2026-07-01: 주식등의대량보유상황보고서(약식) | 2026-06-19: [기재정정]단일판매ㆍ공급계약체결              ,4
이수앱지스,086890,5,OK,,[기재정정]단일판매ㆍ공급계약체결              (+5),,2026-06-23: 전환가액의조정               | 2026-06-17: [기재정정]단일판매ㆍ공급계약체결               | 2026-06-16: 임원ㆍ주요주주특정증권등거래계획보고서 | 2026-06-16: 임원ㆍ주요주주특정증권등거래계획보고서,4
SK바이오사이언스,302440,5,OK,,단일판매ㆍ공급계약체결              (+5),,2026-06-23: 단일판매ㆍ공급계약체결               | 2026-06-16: 자기주식취득결과보고서,2
RF시스템즈,474610,5,OK,,단일판매ㆍ공급계약체결              (+5),,2026-06-30: 임원ㆍ주요주주특정증권등거래계획보고서 | 2026-06-26: 임원ㆍ주요주주특정증권등소유상황보고서 | 2026-06-26: 임원ㆍ주요주주특정증권등소유상황보고서 | 2026-06-16: 임원ㆍ주요주주특정증권등소유상황보고서 | 2026-06-16: 임원ㆍ주요주주특정증권등소유상황보고서,6
이노에이엑스,296640,5,OK,,단일판매ㆍ공급계약체결              (+5),,2026-06-22: 주요사항보고서(타법인주식및출자증권양도결정) | 2026-06-22: 단일판매ㆍ공급계약체결               | 2026-06-18: 임시주주총회결과              ,3
특수건설,026150,5,OK,,단일판매ㆍ공급계약체결              (+5),,2026-06-26: 단일판매ㆍ공급계약체결               | 2026-06-11: 본점소재지변경              ,2
이노시뮬레이션,274400,5,OK,,[기재정정]단일판매ㆍ공급계약체결(자율공시)              (+5),,2026-07-06: [기재정정]단일판매ㆍ공급계약체결(자율공시)              ,1
네오셈,253590,5,OK,,단일판매ㆍ공급계약체결              (+5),,2026-07-08: 단일판매ㆍ공급계약체결              ,1
덱스터,206560,5,OK,,[기재정정]단일판매ㆍ공급계약체결(자율공시)              (+5),,2026-06-09: [기재정정]단일판매ㆍ공급계약체결(자율공시)              ,1
오르비텍,046120,5,OK,,단일판매ㆍ공급계약체결(자율공시)              (+5),,2026-06-18: 단일판매ㆍ공급계약체결(자율공시)               | 2026-06-15: [기재정정]타법인주식및출자증권처분결정              ,2
한세엠케이,069640,5,OK,,주식소각결정              (+5),,2026-07-06: 임원ㆍ주요주주특정증권등거래계획보고서 | 2026-07-01: 주식소각결정               | 2026-06-24: [기재정정]임원ㆍ주요주주특정증권등거래계획보고서 | 2026-06-24: 임원ㆍ주요주주특정증권등거래계획보고서 | 2026-06-15: 임원ㆍ주요주주특정증권등거래계획보고서,6
태원물산,001420,5,OK,,주요사항보고서(자기주식취득결정)(+5),,2026-07-03: 소송등의제기ㆍ신청(경영권분쟁소송)               | 2026-06-22: 주요사항보고서(자기주식취득결정),2
유진로봇,056080,5,OK,,[기재정정]단일판매ㆍ공급계약체결              (+5),,2026-06-30: [기재정정]단일판매ㆍ공급계약체결               | 2026-06-26: 임원ㆍ주요주주특정증권등소유상황보고서 | 2026-06-23: 주식등의대량보유상황보고서(일반),3
옴니시스템,057540,5,OK,,주요사항보고서(자기주식취득결정)(+5),,2026-06-12: 임원ㆍ주요주주특정증권등거래계획보고서 | 2026-06-12: 주요사항보고서(자기주식취득결정),2
신송홀딩스,006880,5,OK,,주요사항보고서(자기주식취득결정)(+5),,2026-07-06: [기재정정]타인에대한채무보증결정               | 2026-07-06: 타인에대한채무보증결정               | 2026-07-06: 주요사항보고서(자기주식취득결정) | 2026-06-09: 타인에대한채무보증결정(자회사의 주요경영사항)              ,4
코나아이,052400,5,OK,,주요사항보고서(자기주식취득결정)(+5),,2026-07-01: 주식등의대량보유상황보고서(약식) | 2026-07-01: 현금ㆍ현물배당결정              (분기배당) | 2026-07-01: 중간(분기)배당을위한주주명부폐쇄(기준일)결정               | 2026-06-26: 주요사항보고서(자기주식취득결정) | 2026-06-15: 자기주식취득결과보고서,5
프리엠스,053160,5,OK,,주요사항보고서(자기주식취득결정)(+5),,2026-06-15: 주요사항보고서(자기주식취득결정) | 2026-06-11: 자기주식취득결과보고서,2
KC코트렐,119650,5,OK,,단일판매ㆍ공급계약체결(자율공시)              (+5),,2026-07-07: 단일판매ㆍ공급계약체결(자율공시)               | 2026-07-01: [기재정정]주요사항보고서(채권은행등의관리절차개시) | 2026-06-16: 상장적격성실질심사관련주요개선계획(자율공시)               | 2026-06-16: 기타시장안내              (개선기간 부여 결정) | 2026-06-09: 기타안내사항(안내공시)              ,5
포스코인터내셔널,047050,5,OK,,단일판매ㆍ공급계약체결              (+5),,2026-06-30: 지속가능경영보고서등관련사항(자율공시)               | 2026-06-11: 단일판매ㆍ공급계약체결               | 2026-06-10: 기업설명회(IR)개최(안내공시)              ,3
코셈,360350,5,OK,,주식소각결정              (+5),,2026-06-30: 임원ㆍ주요주주특정증권등소유상황보고서 | 2026-06-30: 주식등의대량보유상황보고서(일반) | 2026-06-16: 주식소각결정              ,3
유니테스트,086390,5,OK,,단일판매ㆍ공급계약체결              (+5),,2026-06-12: 단일판매ㆍ공급계약체결              ,1
디지캡,197140,5,OK,,단일판매ㆍ공급계약체결              (+5),,2026-06-10: 주요사항보고서(자기주식취득신탁계약체결결정) | 2026-06-09: 증권발행결과(자율공시)               | 2026-06-08: 단일판매ㆍ공급계약체결              ,3
드림인사이트,362990,5,OK,,주요사항보고서(자기주식취득결정)(+5),,2026-06-25: 주요사항보고서(자기주식취득결정),1
서희건설,035890,5,OK,,주식소각결정              (+5),,2026-07-03: 주식소각결정               | 2026-06-25: [기재정정]타인에대한채무보증결정              ,2
대교,019680,5,OK,,주식소각결정              (+5),,2026-07-01: 주주총회소집결의               | 2026-07-01: 주주명부폐쇄기간또는기준일설정               | 2026-07-01: 주식병합결정               | 2026-07-01: 주식소각결정               | 2026-06-09: [기재정정]분기보고서 (2026.03),6
한국알콜,017890,5,OK,,주식소각결정              (+5),,2026-07-07: 임원ㆍ주요주주특정증권등소유상황보고서 | 2026-07-01: 주식등의대량보유상황보고서(약식) | 2026-06-30: 의결권대리행사권유참고서류 | 2026-06-30: 주주총회소집공고 | 2026-06-29: 임원ㆍ주요주주특정증권등소유상황보고서,9
코데즈컴바인,047770,5,OK,,[첨부추가]주식소각결정              (+5),,2026-06-10: [첨부추가]주식소각결정              ,1
알티캐스트,085810,5,OK,,주식소각결정              (+5),,2026-07-08: 주식등의대량보유상황보고서(약식) | 2026-07-06: 주식등의대량보유상황보고서(약식) | 2026-06-30: [기재정정]사업보고서 (2025.12) | 2026-06-22: 주식소각결정               | 2026-06-22: 전환청구권행사              ,5
아로마티카,0015N0,5,OK,,주식소각결정              (+5),,2026-06-12: 주식소각결정              ,1
대웅제약,069620,5,OK,,단일판매ㆍ공급계약체결              (+5),,2026-07-07: 임원ㆍ주요주주특정증권등소유상황보고서 | 2026-06-30: [기재정정]신규시설투자등               | 2026-06-30: 지속가능경영보고서등관련사항(자율공시)               | 2026-06-26: 단일판매ㆍ공급계약체결               | 2026-06-23: 투자판단관련주요경영사항              (펙수클루정(Fexuclue)의 적응증 추가 3상 임상시험계획(IND) 승인(위궤양의 치료 요법)),5
피에스텍,002230,5,OK,,주식소각결정              (+5),,2026-06-18: 주식소각결정               | 2026-06-12: 현금ㆍ현물배당결정              (분기배당) | 2026-06-12: 중간(분기)배당을위한주주명부폐쇄(기준일)결정              ,3
누보,332290,5,OK,,[기재정정]단일판매ㆍ공급계약체결              (+5),,2026-07-08: [기재정정]주식병합결정               | 2026-07-08: [기재정정]주주총회소집결의               | 2026-07-01: 기업설명회(IR)개최               | 2026-06-29: 주주총회소집결의               | 2026-06-29: 주식병합결정              ,8
신세계I&C,035510,5,OK,,단일판매ㆍ공급계약체결              (+5),,2026-06-29: 지속가능경영보고서등관련사항(자율공시)               | 2026-06-25: 단일판매ㆍ공급계약체결               | 2026-06-19: 동일인등출자계열회사와의상품ㆍ용역거래,3
하이비젼시스템,126700,5,OK,,[기재정정]단일판매ㆍ공급계약체결              (+5),,2026-06-15: [기재정정]단일판매ㆍ공급계약체결              ,1
유신,054930,5,OK,,[기재정정]단일판매ㆍ공급계약체결(자율공시)              (+5),,2026-06-26: [기재정정]단일판매ㆍ공급계약체결(자율공시)              ,1
인탑스,049070,5,OK,,주식소각결정              (+5),,2026-06-18: 대표이사변경               | 2026-06-15: 주요사항보고서(자기주식취득신탁계약체결결정) | 2026-06-15: 주식소각결정               | 2026-06-15: 중간(분기)배당을위한주주명부폐쇄(기준일)결정              ,4
그린광학,0015G0,5,OK,,단일판매ㆍ공급계약체결              (+5),,2026-06-30: 단일판매ㆍ공급계약체결              ,1
한창제지,009460,5,OK,,주요사항보고서(자기주식취득결정)(+5),,2026-07-01: 임원ㆍ주요주주특정증권등소유상황보고서 | 2026-06-24: 임원ㆍ주요주주특정증권등소유상황보고서 | 2026-06-22: 임원ㆍ주요주주특정증권등소유상황보고서 | 2026-06-17: 임원ㆍ주요주주특정증권등거래계획보고서 | 2026-06-17: 임원ㆍ주요주주특정증권등거래계획철회보고서,9
백산,035150,5,OK,,주식소각결정              (+5),,2026-06-23: 주식소각결정               | 2026-06-22: 자기주식취득결과보고서,2
유진테크놀로지,240600,5,OK,,단일판매ㆍ공급계약체결(자율공시)              (+5),,2026-06-23: 기업설명회(IR)개최               | 2026-06-18: 단일판매ㆍ공급계약체결(자율공시)              ,2
유유제약,000220,5,OK,,주식소각결정              (+5),,2026-07-01: 주식등의대량보유상황보고서(일반) | 2026-06-16: 임원ㆍ주요주주특정증권등소유상황보고서 | 2026-06-08: 주식소각결정              ,3
포스코엠텍,009520,5,OK,,단일판매ㆍ공급계약체결              (+5),,2026-07-02: 단일판매ㆍ공급계약체결              ,1
지앤비에스 에코,382800,5,OK,,단일판매ㆍ공급계약체결              (+5),,2026-07-06: 현금ㆍ현물배당결정               | 2026-06-29: 주식등의대량보유상황보고서(약식) | 2026-06-09: 단일판매ㆍ공급계약체결              ,3
에이디테크놀로지,200710,5,OK,,[기재정정]단일판매ㆍ공급계약체결              (+5),,2026-06-30: [기재정정]단일판매ㆍ공급계약체결              ,1
파커스,065690,5,OK,,주식소각결정              (+5),,2026-07-08: 타법인주식및출자증권취득결정(자율공시)               | 2026-07-08: 주식소각결정               | 2026-06-09: 주식등의대량보유상황보고서(일반),3
한익스프레스,014130,5,OK,,주식소각결정              (+5),,2026-07-02: 주식소각결정               | 2026-06-26: 주식등의대량보유상황보고서(일반) | 2026-06-26: 임원ㆍ주요주주특정증권등소유상황보고서 | 2026-06-26: 최대주주등소유주식변동신고서               | 2026-06-09: 임원ㆍ주요주주특정증권등소유상황보고서,6
MH에탄올,023150,5,OK,,주요사항보고서(자기주식취득결정)(+5),,2026-06-25: 주요사항보고서(자기주식취득결정) | 2026-06-22: 자기주식취득결과보고서 | 2026-06-10: 임원ㆍ주요주주특정증권등소유상황보고서,3
팬오션,028670,5,OK,,단일판매ㆍ공급계약체결              (+5),,2026-06-29: 신규시설투자등               | 2026-06-29: 동일인등출자계열회사와의상품ㆍ용역거래 | 2026-06-25: 최대주주등소유주식변동신고서               | 2026-06-24: 주식등의대량보유상황보고서(일반) | 2026-06-24: 임원ㆍ주요주주특정증권등소유상황보고서,11
바이오비쥬,489460,5,OK,,주식소각결정              (+5),,2026-07-02: 주식소각결정               | 2026-07-01: 자기주식취득결과보고서,2
에스에이티,060540,5,OK,,주식소각결정              (+5),,2026-06-15: 주식소각결정               | 2026-06-08: 임원ㆍ주요주주특정증권등소유상황보고서,2
유바이오로직스,206650,5,OK,,단일판매ㆍ공급계약체결              (+5),,2026-07-06: 임원ㆍ주요주주특정증권등소유상황보고서 | 2026-07-02: 신탁계약에의한취득상황보고서 | 2026-06-30: 기업설명회(IR)개최               | 2026-06-16: 단일판매ㆍ공급계약체결              ,4
SDN,099220,5,OK,,주식소각결정              (+5),,2026-06-24: 주주명부폐쇄기간또는기준일설정               | 2026-06-24: 주주총회소집결의              (임시주주총회) | 2026-06-24: 주식병합결정               | 2026-06-24: 임원ㆍ주요주주특정증권등소유상황보고서 | 2026-06-24: 주식등의대량보유상황보고서(일반),10
쇼박스,086980,5,OK,,주식소각결정              (+5),,2026-06-30: [기재정정]단일판매ㆍ공급계약해지               | 2026-06-19: 주식소각결정              ,2
야스,255440,5,OK,,단일판매ㆍ공급계약체결              (+5),,2026-07-07: 주식등의대량보유상황보고서(일반) | 2026-06-29: 주식등의대량보유상황보고서(일반) | 2026-06-23: 주식등의대량보유상황보고서(일반) | 2026-06-15: 단일판매ㆍ공급계약체결               | 2026-06-10: 주식등의대량보유상황보고서(일반),6
서호전기,065710,5,OK,,단일판매ㆍ공급계약체결              (+5),,2026-06-24: 단일판매ㆍ공급계약체결               | 2026-06-10: 중간(분기)배당을위한주주명부폐쇄(기준일)결정              ,2
삼기에너지솔루션즈,419050,5,OK,,주요사항보고서(자기주식취득결정)(+5),,2026-07-08: 주요사항보고서(자기주식취득결정) | 2026-06-23: 타인에대한채무보증결정               | 2026-06-17: 타인에대한채무보증결정              ,3
펄어비스,263750,5,OK,,주식소각결정              (+5),,2026-06-30: 지속가능경영보고서등관련사항(자율공시)               | 2026-06-30: 주식등의대량보유상황보고서(일반) | 2026-06-25: 기업설명회(IR)개최               | 2026-06-25: 해산사유발생(종속회사의주요경영사항)               | 2026-06-09: 주요사항보고서(자기주식취득신탁계약체결결정),7
이노스페이스,462350,5,OK,,[기재정정]단일판매ㆍ공급계약체결              (+5),,2026-07-06: 주식매수선택권부여에관한신고 | 2026-07-02: [기재정정]단일판매ㆍ공급계약체결               | 2026-06-19: 임원ㆍ주요주주특정증권등소유상황보고서 | 2026-06-19: 임원ㆍ주요주주특정증권등소유상황보고서 | 2026-06-19: 임원ㆍ주요주주특정증권등소유상황보고서,16
iM금융지주,139130,5,OK,,[기재정정]주식소각결정              (+5),,2026-06-30: 지속가능경영보고서등관련사항(자율공시)               | 2026-06-30: 임원ㆍ주요주주특정증권등소유상황보고서 | 2026-06-23: 신탁계약해지결과보고서 | 2026-06-23: [기재정정]주식소각결정               | 2026-06-23: 주요사항보고서(자기주식취득신탁계약해지결정),7
에스오에스랩,464080,5,OK,,단일판매ㆍ공급계약체결              (+5),,2026-06-16: 단일판매ㆍ공급계약체결              ,1
미디어젠,279600,5,OK,,[기재정정]단일판매ㆍ공급계약체결              (+5),,2026-07-01: [기재정정]주식매수선택권부여에관한신고 | 2026-06-18: [기재정정]단일판매ㆍ공급계약체결              ,2
디케이락,105740,5,OK,,[기재정정]단일판매ㆍ공급계약체결              (+5),,2026-07-06: 임원ㆍ주요주주특정증권등거래계획보고서 | 2026-07-06: 임원ㆍ주요주주특정증권등거래계획보고서 | 2026-06-26: 임원ㆍ주요주주특정증권등소유상황보고서 | 2026-06-26: 주식등의대량보유상황보고서(일반) | 2026-06-25: [기재정정]단일판매ㆍ공급계약체결              ,5
HMM,011200,5,OK,,단일판매ㆍ공급계약체결              (+5),,2026-06-26: 단일판매ㆍ공급계약체결               | 2026-06-24: 신규시설투자등              ,2
선진뷰티사이언스,086710,5,OK,,주요사항보고서(자기주식취득결정)(+5),,2026-07-03: 임원ㆍ주요주주특정증권등소유상황보고서 | 2026-06-30: 기타주요경영사항              (회사분할결정 철회) | 2026-06-30: [기재정정]주요사항보고서(회사분할결정) | 2026-06-30: 주요사항보고서(자기주식취득결정) | 2026-06-12: 임원ㆍ주요주주특정증권등소유상황보고서,7
아이빔테크놀로지,460470,5,OK,,단일판매ㆍ공급계약체결              (+5),,2026-07-03: 임원ㆍ주요주주특정증권등소유상황보고서 | 2026-06-15: 단일판매ㆍ공급계약체결              ,2
티엑스알로보틱스,484810,5,OK,,단일판매ㆍ공급계약체결              (+5),,2026-07-02: 단일판매ㆍ공급계약체결              ,1
남해화학,025860,5,OK,,[기재정정]단일판매ㆍ공급계약체결              (+5),,2026-06-19: 특수관계인과의내부거래 | 2026-06-09: [기재정정]단일판매ㆍ공급계약체결              ,2
아이에스티이,212710,5,OK,,[기재정정]단일판매ㆍ공급계약체결              (+5),,2026-06-26: [기재정정]단일판매ㆍ공급계약체결               | 2026-06-12: 임원ㆍ주요주주특정증권등소유상황보고서 | 2026-06-12: 임원ㆍ주요주주특정증권등소유상황보고서 | 2026-06-12: 임원ㆍ주요주주특정증권등소유상황보고서 | 2026-06-12: 임원ㆍ주요주주특정증권등소유상황보고서,7
뱅크웨어글로벌,199480,5,OK,,단일판매ㆍ공급계약체결(자율공시)              (+5),,2026-06-15: 단일판매ㆍ공급계약체결(자율공시)              ,1
한전기술,052690,5,OK,,[기재정정]단일판매ㆍ공급계약체결              (+5),,2026-07-02: [기재정정]단일판매ㆍ공급계약체결               | 2026-07-02: 임원ㆍ주요주주특정증권등소유상황보고서 | 2026-06-29: 기타경영사항(자율공시)              (중대재해 발생 제외 판정 및 종결 알림) | 2026-06-23: 중대재해발생               | 2026-06-08: 주주명부폐쇄기간또는기준일설정              ,5
대웅,003090,5,OK,,단일판매ㆍ공급계약체결(자회사의 주요경영사항)              (+5),,2026-06-30: [기재정정]신규시설투자등(자회사의 주요경영사항)               | 2026-06-26: 단일판매ㆍ공급계약체결(자회사의 주요경영사항)               | 2026-06-23: 투자판단관련주요경영사항(자회사의 주요경영사항)              (펙수클루정(Fexuclue)의 적응증 추가 3상 임상시험계획(IND) 승인(위궤양의 치료 요법)),3
에이스토리,241840,5,OK,,단일판매ㆍ공급계약체결              (+5),,2026-06-16: 단일판매ㆍ공급계약체결              ,1
웹젠,069080,5,OK,,주요사항보고서(자기주식취득결정)(+5),,2026-07-08: 자기주식취득결과보고서 | 2026-06-10: 주요사항보고서(자기주식취득결정),2
삼성물산,028260,5,OK,,[기재정정]단일판매ㆍ공급계약체결              (+5),,2026-06-30: [기재정정]단일판매ㆍ공급계약체결               | 2026-06-29: 최대주주등소유주식변동신고서               | 2026-06-26: 특수관계인으로부터부동산매수 | 2026-06-23: 기업설명회(IR)개최(안내공시)               | 2026-06-15: 기업설명회(IR)개최(안내공시)              ,5
한국전자인증,041460,5,OK,,주식소각결정              (+5),,2026-06-11: 주요사항보고서(자기주식취득신탁계약체결결정) | 2026-06-11: 주식소각결정              ,2
티쓰리,204610,5,OK,,주요사항보고서(자기주식취득결정)(+5),,2026-06-25: 주요사항보고서(자기주식취득결정) | 2026-06-19: 기업설명회(IR)개최               | 2026-06-12: 기업설명회(IR)개최               | 2026-06-08: 기업설명회(IR)개최              ,4
풍강,093380,5,OK,,주요사항보고서(자기주식취득결정)(+5),,2026-07-01: 주요사항보고서(자기주식취득결정) | 2026-07-01: 주식등의대량보유상황보고서(일반),2
KH바텍,060720,5,OK,,주요사항보고서(자기주식취득결정)(+5),,2026-06-24: 수시공시의무관련사항(공정공시)               | 2026-06-24: 주요사항보고서(자기주식취득결정) | 2026-06-12: 타인에대한채무보증결정              ,3
위너스일렉,479960,5,OK,,[기재정정]단일판매ㆍ공급계약체결              (+5),,2026-06-18: [기재정정]단일판매ㆍ공급계약체결              ,1
JB금융지주,175330,5,OK,,[기재정정]주식소각결정              (+5),,2026-07-08: [기재정정]투자설명서(일괄신고) | 2026-07-08: [기재정정]일괄신고추가서류 | 2026-07-08: 투자설명서(일괄신고) | 2026-07-08: 일괄신고추가서류 | 2026-06-30: 지속가능경영보고서등관련사항(자율공시)              ,15
플레이그램,009810,5,OK,,단일판매ㆍ공급계약체결              (+5),,2026-07-06: 최대주주등소유주식변동신고서               | 2026-07-06: 주식등의대량보유상황보고서(일반) | 2026-06-23: 임원ㆍ주요주주특정증권등소유상황보고서 | 2026-06-23: 주식등의대량보유상황보고서(일반) | 2026-06-23: 최대주주등소유주식변동신고서              ,9
쎄크,081180,5,OK,,단일판매ㆍ공급계약체결(자율공시)              (+5),,2026-07-06: 투자판단관련주요경영사항              (국책과제선정(플래시 방사선 1초 암치료기 전략연구사업)) | 2026-07-06: 주식등의대량보유상황보고서(일반) | 2026-06-09: 단일판매ㆍ공급계약체결(자율공시)              ,3
인포바인,115310,5,OK,,주식소각결정              (+5),,2026-07-03: 임원ㆍ주요주주특정증권등소유상황보고서 | 2026-07-03: 임원ㆍ주요주주특정증권등소유상황보고서 | 2026-07-03: 주식등의대량보유상황보고서(일반) | 2026-06-22: 주식소각결정              ,4
에스에너지,095910,5,OK,,주식소각결정              (+5),,2026-07-06: 주식소각결정              ,1
주연테크,044380,5,OK,,단일판매ㆍ공급계약체결(자율공시)              (+5),,2026-07-07: 의결권대리행사권유참고서류 | 2026-07-07: 주주총회소집공고 | 2026-06-18: 단일판매ㆍ공급계약체결(자율공시)               | 2026-06-10: 주주명부폐쇄기간또는기준일설정               | 2026-06-10: 주주총회소집결의              ,5
이미지스,115610,5,OK,,단일판매ㆍ공급계약체결              (+5),,2026-07-07: [기재정정]사업보고서 (2025.12) | 2026-06-19: 영업실적등에대한전망(공정공시)               | 2026-06-08: 단일판매ㆍ공급계약체결              ,3
대한항공,003490,6,OK,,[기재정정]회사합병결정(종속회사의주요경영사항)              (+3) | [기재정정]주요사항보고서(회사합병결정)(+3),,2026-07-06: 정정신고서제출요구( 2026.06.25. 제출 증권신고서(합병) ) | 2026-07-01: 주식등의대량보유상황보고서(약식) | 2026-06-26: 임원ㆍ주요주주특정증권등소유상황보고서 | 2026-06-26: [기재정정]회사합병결정(종속회사의주요경영사항)               | 2026-06-26: [기재정정]주요사항보고서(회사합병결정),12
네오위즈홀딩스,042420,6,OK,,[첨부정정]주요사항보고서(회사합병결정)(자회사의 주요경영사항)              (+3) | 주요사항보고서(회사합병결정)(자회사의 주요경영사항)              (소규모합병)(+3),,2026-06-12: [첨부정정]주요사항보고서(회사합병결정)(자회사의 주요경영사항)               | 2026-06-11: 주요사항보고서(회사합병결정)(자회사의 주요경영사항)              (소규모합병),2
세기상사,002420,6,OK,,[기재정정]주요사항보고서(회사합병결정)(+3) | [기재정정]주요사항보고서(회사합병결정)(+3),,2026-07-07: 임시주주총회결과               | 2026-06-23: [기재정정]주요사항보고서(회사합병결정) | 2026-06-22: 주주총회소집공고 | 2026-06-17: [기재정정]주요사항보고서(회사합병결정) | 2026-06-17: [기재정정]주주총회소집결의              ,5
KX,122450,6,OK,,주요사항보고서(회사합병결정)(+3) | 회사합병결정(종속회사의주요경영사항)              (+3),,2026-06-17: 주주명부폐쇄기간또는기준일설정               | 2026-06-17: 주요사항보고서(회사합병결정) | 2026-06-17: 회사합병결정(종속회사의주요경영사항)               | 2026-06-17: 해산사유발생(종속회사의주요경영사항)              ,4
네오위즈,095660,6,OK,,[첨부정정]주요사항보고서(회사합병결정)(+3) | 주요사항보고서(회사합병결정)(+3),,2026-06-17: 임원ㆍ주요주주특정증권등소유상황보고서 | 2026-06-12: [첨부정정]주요사항보고서(회사합병결정) | 2026-06-11: 주요사항보고서(회사합병결정) | 2026-06-08: 수시공시의무관련사항(공정공시)              (대표이사 변경(내정)에 관한 사항),4
휴맥스,115160,8,OK,,주식소각결정              (+5) | 주요사항보고서(회사합병결정)(+3),,2026-07-01: 증권신고서(합병) | 2026-06-30: 주주총회소집결의              (임시주주총회) | 2026-06-30: 주식소각결정               | 2026-06-30: 주요사항보고서(회사합병결정) | 2026-06-30: 주주명부폐쇄기간또는기준일설정              ,5
한미반도체,042700,8,OK,,[기재정정]유형자산취득결정              (+3) | 단일판매ㆍ공급계약체결              (+5),,2026-07-02: 임원ㆍ주요주주특정증권등거래계획보고서 | 2026-07-01: 주식등의대량보유상황보고서(약식) | 2026-06-30: [기재정정]유형자산취득결정               | 2026-06-22: 기업설명회(IR)개최(안내공시)               | 2026-06-16: 임원ㆍ주요주주특정증권등소유상황보고서,8
휴맥스홀딩스,028080,8,OK,,주식소각결정              (+5) | 주요사항보고서(회사합병결정)(+3),,2026-06-30: 주주총회소집결의              (임시주주총회) | 2026-06-30: 주식소각결정               | 2026-07-01: 주요사항보고서(회사합병결정) | 2026-06-30: 주주명부폐쇄기간또는기준일설정              ,4
오리온,271560,8,OK,,주식소각결정              (+5) | 연결재무제표기준영업(잠정)실적(공정공시)              (+3),,2026-07-06: 현금ㆍ현물배당을위한주주명부폐쇄(기준일)결정               | 2026-07-06: 현금ㆍ현물배당결정               | 2026-06-30: 기업가치제고계획(자율공시)              (2025년 이행현황) | 2026-06-26: 주권관련사채권의취득결정(자율공시)(종속회사의주요경영사항)               | 2026-06-26: 타법인주식및출자증권취득결정(자율공시)(종속회사의주요경영사항)              ,8
씨앤투스,352700,9,OK,,[첨부정정]주요사항보고서(회사합병결정)(+3) | 주요사항보고서(회사합병결정)(+3) | 회사합병결정(종속회사의주요경영사항)              (+3),,2026-07-02: 임원ㆍ주요주주특정증권등소유상황보고서 | 2026-07-02: 주식등의대량보유상황보고서(일반) | 2026-06-29: [첨부정정]주요사항보고서(회사합병결정) | 2026-06-26: 주주명부폐쇄기간또는기준일설정               | 2026-06-26: 주요사항보고서(회사합병결정),9
알에프텍,061040,9,OK,,[첨부정정]주요사항보고서(회사합병결정)(+3) | [기재정정]주요사항보고서(회사합병결정)(+3) | [기재정정]주요사항보고서(회사합병결정)(+3),,2026-07-02: 정정신고서제출요구( 2026.06.24. 제출 증권신고서(합병) ) | 2026-06-25: [첨부정정]주요사항보고서(회사합병결정) | 2026-06-24: [기재정정]주요사항보고서(회사합병결정) | 2026-06-24: [첨부정정]증권신고서(합병) | 2026-06-24: [첨부정정]증권신고서(합병),7
젠큐릭스,229000,9,OK,,[첨부정정]주요사항보고서(회사합병결정)(+3) | [첨부정정]주요사항보고서(회사합병결정)(+3) | 주요사항보고서(회사합병결정)(+3),,2026-06-30: [기재정정]합병등종료보고서(자산양수도) | 2026-06-30: [기재정정]주요사항보고서(타법인주식및출자증권양도결정) | 2026-06-26: [첨부정정]주요사항보고서(회사합병결정) | 2026-06-26: [첨부정정]주요사항보고서(회사합병결정) | 2026-06-25: 주주명부폐쇄기간또는기준일설정              ,7
앱클론,174900,10,OK,,[기재정정]단일판매ㆍ공급계약체결              (+5) | [기재정정]단일판매ㆍ공급계약체결(자율공시)              (+5),,2026-07-07: [기재정정]단일판매ㆍ공급계약체결               | 2026-06-30: [기재정정]단일판매ㆍ공급계약체결(자율공시)              ,2
이노메트리,302430,10,OK,,단일판매ㆍ공급계약체결              (+5) | [기재정정]단일판매ㆍ공급계약체결              (+5),,2026-06-22: 기업설명회(IR)개최               | 2026-06-12: 단일판매ㆍ공급계약체결               | 2026-06-10: [기재정정]단일판매ㆍ공급계약체결              ,3
워트,396470,10,OK,,단일판매ㆍ공급계약체결(자율공시)              (+5) | 단일판매ㆍ공급계약체결(자율공시)              (+5),,2026-06-26: 단일판매ㆍ공급계약체결(자율공시)               | 2026-06-24: 단일판매ㆍ공급계약체결(자율공시)              ,2
유디엠텍,389680,10,OK,,단일판매ㆍ공급계약체결(자율공시)              (+5) | 단일판매ㆍ공급계약체결              (+5),,2026-06-18: 단일판매ㆍ공급계약체결(자율공시)               | 2026-06-10: 단일판매ㆍ공급계약체결              ,2
신일전자,002700,10,OK,,주요사항보고서(자기주식취득결정)(+5) | 주식소각결정              (+5),,2026-06-17: 주요사항보고서(자기주식취득결정) | 2026-06-17: 주식소각결정              ,2
다원시스,068240,10,OK,,[기재정정]단일판매ㆍ공급계약체결              (+5) | [기재정정]단일판매ㆍ공급계약체결              (+5),,"2026-07-07: [기재정정]단일판매ㆍ공급계약체결               | 2026-06-30: [기재정정]단일판매ㆍ공급계약체결               | 2026-06-29: 불성실공시법인지정              (공시번복 6건, 공시불이행 1건, 공시변경 1건) | 2026-06-26: 기타시장안내              (개선계획서 제출) | 2026-06-17: 사채원리금미지급발생              ",5
효성중공업,298040,10,OK,,단일판매ㆍ공급계약체결              (+5) | [기재정정]단일판매ㆍ공급계약체결              (+5),,2026-07-02: 임원ㆍ주요주주특정증권등소유상황보고서 | 2026-07-02: 투자판단관련주요경영사항               | 2026-07-01: 주식등의대량보유상황보고서(약식) | 2026-06-25: 지속가능경영보고서등관련사항(자율공시)               | 2026-06-23: 단일판매ㆍ공급계약체결              ,10
HD현대,267250,10,OK,,[기재정정]단일판매ㆍ공급계약체결(자회사의 주요경영사항)              (+5) | 단일판매ㆍ공급계약체결(자회사의 주요경영사항)              (+5),,2026-06-30: [기재정정]단일판매ㆍ공급계약체결(자회사의 주요경영사항)               | 2026-06-29: 단일판매ㆍ공급계약체결(자회사의 주요경영사항)               | 2026-06-26: 생산중단(자회사의 주요경영사항)               | 2026-06-23: 중대재해발생(종속회사의주요경영사항)               | 2026-06-23: 중대재해발생(자회사의 주요경영사항)              ,6
엠오티,413390,10,OK,,[기재정정]단일판매ㆍ공급계약체결              (+5) | [기재정정]단일판매ㆍ공급계약체결              (+5),,2026-07-06: [기재정정]단일판매ㆍ공급계약체결               | 2026-07-06: [기재정정]단일판매ㆍ공급계약체결               | 2026-06-29: 주요사항보고서(자기주식취득신탁계약체결결정) | 2026-06-15: [기재정정]사업보고서 (2025.12),4
다원넥스뷰,323350,10,OK,,단일판매ㆍ공급계약체결              (+5) | [기재정정]단일판매ㆍ공급계약체결              (+5),,2026-07-07: 단일판매ㆍ공급계약체결               | 2026-07-01: [기재정정]단일판매ㆍ공급계약체결              ,2
신원종합개발,017000,10,OK,,[기재정정]단일판매ㆍ공급계약체결              (+5) | [기재정정]단일판매ㆍ공급계약체결(자율공시)              (+5),,2026-07-03: [기재정정]단일판매ㆍ공급계약체결               | 2026-06-11: [기재정정]단일판매ㆍ공급계약체결(자율공시)              ,2
엑셈,205100,10,OK,,주요사항보고서(자기주식취득결정)(+5) | 주요사항보고서(자기주식취득결정)(+5),,2026-07-06: 주요사항보고서(자기주식취득결정) | 2026-07-03: [기재정정]거래처와의거래중단               | 2026-07-03: 자기주식취득결과보고서 | 2026-07-02: 주식등의대량보유상황보고서(약식) | 2026-06-29: 주식등의대량보유상황보고서(일반),11
코윈테크,282880,10,OK,,[기재정정]단일판매ㆍ공급계약체결              (+5) | [기재정정]단일판매ㆍ공급계약체결              (+5),,2026-06-24: 주요사항보고서(자기주식취득신탁계약체결결정) | 2026-06-22: [기재정정]단일판매ㆍ공급계약체결               | 2026-06-22: [기재정정]단일판매ㆍ공급계약체결              ,3
닷밀,464580,10,OK,,[기재정정]단일판매ㆍ공급계약체결(자율공시)              (+5) | [기재정정]단일판매ㆍ공급계약체결              (+5),,2026-06-30: 임원ㆍ주요주주특정증권등거래계획보고서 | 2026-06-30: [기재정정]단일판매ㆍ공급계약체결(자율공시)               | 2026-06-29: [기재정정]단일판매ㆍ공급계약체결              ,3
코오롱,002020,10,OK,,[기재정정]단일판매ㆍ공급계약체결(자회사의 주요경영사항)              (+5) | [기재정정]단일판매ㆍ공급계약체결(자회사의 주요경영사항)              (+5) | [기재정정]단일판매ㆍ공급계약체결(자회사의 주요경영사항)              (+5) | 단일판매ㆍ공급계약체결(자회사의 주요경영사항)              (+5),주요사항보고서(자기주식처분결정)(자회사의 주요경영사항)              (-10),2026-07-01: [기재정정]단일판매ㆍ공급계약체결(자회사의 주요경영사항)               | 2026-06-30: 주요사항보고서(자기주식처분결정)(자회사의 주요경영사항)               | 2026-06-29: [기재정정]단일판매ㆍ공급계약체결(자회사의 주요경영사항)               | 2026-06-23: [기재정정]단일판매ㆍ공급계약체결(자회사의 주요경영사항)               | 2026-06-17: 단일판매ㆍ공급계약체결(자회사의 주요경영사항)              ,6
제너셈,217190,10,OK,,[기재정정]단일판매ㆍ공급계약체결(자율공시)              (+5) | 단일판매ㆍ공급계약체결              (+5),,2026-06-19: [기재정정]단일판매ㆍ공급계약체결(자율공시)               | 2026-06-19: 임시주주총회결과               | 2026-06-15: 단일판매ㆍ공급계약체결              ,3
텔코웨어,078000,10,OK,,단일판매ㆍ공급계약체결              (+5) | 단일판매ㆍ공급계약체결              (+5),,2026-06-23: 단일판매ㆍ공급계약체결               | 2026-06-23: 단일판매ㆍ공급계약체결              ,2
태성,323280,10,OK,,단일판매ㆍ공급계약체결              (+5) | 단일판매ㆍ공급계약체결              (+5),,2026-07-08: 단일판매ㆍ공급계약체결               | 2026-07-07: 주식등의대량보유상황보고서(일반) | 2026-07-01: 주주총회소집공고 | 2026-06-19: [기재정정]주주총회소집결의              (임시주주총회) | 2026-06-09: 주식등의대량보유상황보고서(일반),6
아이비젼웍스,469750,10,OK,,[기재정정]단일판매ㆍ공급계약체결              (+5) | 단일판매ㆍ공급계약체결              (+5),,2026-07-01: 주주명부폐쇄기간또는기준일설정               | 2026-07-01: 주식병합결정               | 2026-07-01: 주주총회소집결의              (임시주주총회) | 2026-06-30: [기재정정]단일판매ㆍ공급계약체결               | 2026-06-08: 단일판매ㆍ공급계약체결              ,5
HL D&I,014790,10,OK,,단일판매ㆍ공급계약체결              (+5) | [기재정정]단일판매ㆍ공급계약체결(자율공시)              (+5),,2026-07-07: 임원ㆍ주요주주특정증권등소유상황보고서 | 2026-07-01: 단일판매ㆍ공급계약체결               | 2026-06-26: 지속가능경영보고서등관련사항(자율공시)               | 2026-06-18: 투자판단관련주요경영사항               | 2026-06-12: [기재정정]단일판매ㆍ공급계약체결(자율공시)              ,5
에너토크,019990,10,OK,,[기재정정]단일판매ㆍ공급계약체결              (+5) | 단일판매ㆍ공급계약체결(자율공시)              (+5),,2026-07-02: [기재정정]주식매수선택권부여에관한신고 | 2026-07-02: 임원ㆍ주요주주특정증권등소유상황보고서 | 2026-06-17: [기재정정]단일판매ㆍ공급계약체결               | 2026-06-16: 단일판매ㆍ공급계약체결(자율공시)               | 2026-06-15: 임원ㆍ주요주주특정증권등소유상황보고서,7
나래나노텍,137080,10,OK,,주식소각결정              (+5) | 주요사항보고서(자기주식취득결정)(+5),,2026-06-16: 주식소각결정               | 2026-06-16: 주요사항보고서(자기주식취득결정) | 2026-06-09: 임원ㆍ주요주주특정증권등소유상황보고서,3
에스지헬스케어,398120,10,OK,,[기재정정]단일판매ㆍ공급계약체결(자율공시)              (+5) | [기재정정]단일판매ㆍ공급계약체결              (+5),,2026-07-08: [기재정정]임원ㆍ주요주주특정증권등소유상황보고서 | 2026-06-25: [기재정정]단일판매ㆍ공급계약체결(자율공시)               | 2026-06-25: [기재정정]단일판매ㆍ공급계약체결              ,3
메디톡스,086900,10,OK,,[기재정정]주식소각결정              (상환전환우선주)(+5) | 주요사항보고서(자기주식취득결정)(+5),,2026-07-07: 임원ㆍ주요주주특정증권등소유상황보고서 | 2026-06-30: [기재정정]주식소각결정              (상환전환우선주) | 2026-06-26: 주식등의대량보유상황보고서(일반) | 2026-06-26: 임원ㆍ주요주주특정증권등소유상황보고서 | 2026-06-17: 자기주식취득결과보고서,6
우양에이치씨,101970,10,OK,,[기재정정]단일판매ㆍ공급계약체결              (+5) | 단일판매ㆍ공급계약체결              (+5),,2026-07-07: [기재정정]단일판매ㆍ공급계약체결               | 2026-06-17: 주요사항보고서(자기주식취득신탁계약체결결정) | 2026-06-12: 단일판매ㆍ공급계약체결              ,3
삼현,437730,10,OK,,[기재정정]단일판매ㆍ공급계약체결(자율공시)              (+5) | [기재정정]단일판매ㆍ공급계약체결(자율공시)              (+5),,2026-07-07: 기업설명회(IR)개최               | 2026-07-07: [기재정정]단일판매ㆍ공급계약체결(자율공시)               | 2026-07-07: [기재정정]단일판매ㆍ공급계약체결(자율공시)               | 2026-06-30: 주주총회소집공고 | 2026-06-26: 임원ㆍ주요주주특정증권등소유상황보고서,7
케이쓰리아이,431190,10,OK,,[기재정정]단일판매ㆍ공급계약체결(자율공시)              (+5) | 단일판매ㆍ공급계약체결(자율공시)              (+5),,2026-07-08: 임원ㆍ주요주주특정증권등소유상황보고서 | 2026-07-02: [기재정정]단일판매ㆍ공급계약체결(자율공시)               | 2026-07-01: 임원ㆍ주요주주특정증권등소유상황보고서 | 2026-07-01: 임원ㆍ주요주주특정증권등소유상황보고서 | 2026-06-25: 단일판매ㆍ공급계약체결(자율공시)              ,5
두산퓨얼셀,336260,10,OK,,단일판매ㆍ공급계약체결              (+5) | 단일판매ㆍ공급계약체결              (+5),,2026-07-01: 단일판매ㆍ공급계약체결               | 2026-06-30: 단일판매ㆍ공급계약체결               | 2026-06-30: 지속가능경영보고서등관련사항(자율공시)              ,3
두산에너빌리티,034020,10,OK,,[기재정정]단일판매ㆍ공급계약체결(자율공시)              (+5) | 단일판매ㆍ공급계약체결              (+5),,2026-07-02: 주식등의대량보유상황보고서(일반) | 2026-07-02: 기업설명회(IR)개최(안내공시)               | 2026-06-30: [기재정정]단일판매ㆍ공급계약체결(자율공시)               | 2026-06-30: 지속가능경영보고서등관련사항(자율공시)               | 2026-06-26: 기업설명회(IR)개최(안내공시)              ,8
마이크로디지탈,305090,10,OK,,[기재정정]단일판매ㆍ공급계약체결              (+5) | [기재정정]단일판매ㆍ공급계약체결              (+5),,2026-07-03: 주식등의대량보유상황보고서(일반) | 2026-06-16: [기재정정]단일판매ㆍ공급계약체결               | 2026-06-10: 임원ㆍ주요주주특정증권등소유상황보고서 | 2026-06-10: 주식등의대량보유상황보고서(일반) | 2026-06-09: [기재정정]단일판매ㆍ공급계약체결              ,5
에이텍모빌리티,224110,10,OK,,단일판매ㆍ공급계약체결              (+5) | 단일판매ㆍ공급계약체결              (+5),,2026-07-01: 단일판매ㆍ공급계약체결               | 2026-06-26: 임원ㆍ주요주주특정증권등거래계획보고서 | 2026-06-26: 주식등의대량보유상황보고서(일반) | 2026-06-12: 주식등의대량보유상황보고서(일반) | 2026-06-11: 주요사항보고서(자기주식취득신탁계약체결결정),6
와이즈넛,096250,10,OK,,주식소각결정              (+5) | 주요사항보고서(자기주식취득결정)(+5),,2026-07-07: 주식소각결정               | 2026-07-07: 자기주식취득결과보고서 | 2026-07-02: 주식등의대량보유상황보고서(약식) | 2026-06-17: 주요사항보고서(자기주식취득결정),4
한화오션,042660,10,OK,,[기재정정]단일판매ㆍ공급계약체결              (+5) | 단일판매ㆍ공급계약체결              (+5),,2026-07-02: 투자판단관련주요경영사항               | 2026-06-30: 지속가능경영보고서등관련사항(자율공시)               | 2026-06-29: [기재정정]타인에대한채무보증결정               | 2026-06-29: [기재정정]타인에대한담보제공결정               | 2026-06-23: 주식등의대량보유상황보고서(약식),9
오리온홀딩스,001800,10,OK,,주식소각결정(자회사의 주요경영사항)              (+5) | 주식소각결정              (+5),,2026-07-06: 현금ㆍ현물배당을위한주주명부폐쇄(기준일)결정(자회사의 주요경영사항)               | 2026-07-06: 현금ㆍ현물배당결정(자회사의 주요경영사항)               | 2026-07-06: 현금ㆍ현물배당을위한주주명부폐쇄(기준일)결정               | 2026-07-06: 현금ㆍ현물배당결정               | 2026-06-26: 주권관련사채권의취득결정(자율공시)(종속회사의주요경영사항)              ,8
신성이엔지,011930,10,OK,,[기재정정]단일판매ㆍ공급계약체결(자율공시)              (+5) | [기재정정]단일판매ㆍ공급계약체결(자율공시)              (+5),,2026-07-07: [기재정정]단일판매ㆍ공급계약체결(자율공시)               | 2026-07-07: 최대주주등소유주식변동신고서               | 2026-07-07: 임원ㆍ주요주주특정증권등소유상황보고서 | 2026-07-01: 최대주주등소유주식변동신고서               | 2026-07-01: 임원ㆍ주요주주특정증권등소유상황보고서,17
에이치브이엠,295310,10,OK,,단일판매ㆍ공급계약체결              (+5) | 단일판매ㆍ공급계약체결              (+5),,2026-07-02: 주식등의대량보유상황보고서(약식) | 2026-06-25: 단일판매ㆍ공급계약체결               | 2026-06-19: 단일판매ㆍ공급계약체결               | 2026-06-18: 단기차입금증가결정              ,4
제이티,089790,10,OK,,[기재정정]단일판매ㆍ공급계약체결              (+5) | 단일판매ㆍ공급계약체결              (+5),,2026-07-02: [기재정정]단일판매ㆍ공급계약체결               | 2026-07-02: 단일판매ㆍ공급계약체결              ,2
파라텍,033540,10,OK,,단일판매ㆍ공급계약체결              (+5) | 단일판매ㆍ공급계약체결              (+5),,2026-07-03: 단일판매ㆍ공급계약체결               | 2026-07-01: 단일판매ㆍ공급계약체결               | 2026-06-26: 임시주주총회결과               | 2026-06-09: 의결권대리행사권유참고서류 | 2026-06-09: 주주총회소집공고,5
비나텍,126340,10,OK,,단일판매ㆍ공급계약체결              (+5) | 단일판매ㆍ공급계약체결              (+5),,2026-07-06: 단일판매ㆍ공급계약체결               | 2026-07-02: [기재정정]사업보고서 (2025.12) | 2026-07-01: 주식등의대량보유상황보고서(약식) | 2026-06-30: 단일판매ㆍ공급계약체결               | 2026-06-17: 타법인주식및출자증권취득결정              ,5
DKME,015590,10,OK,,단일판매ㆍ공급계약체결(자율공시)              (+5) | 단일판매ㆍ공급계약체결              (+5),,2026-07-02: 주식등의대량보유상황보고서(약식) | 2026-06-16: 단일판매ㆍ공급계약체결(자율공시)               | 2026-06-12: 소송등의판결ㆍ결정               | 2026-06-11: 단일판매ㆍ공급계약체결              ,4
영우디에스피,143540,10,OK,,단일판매ㆍ공급계약체결(자율공시)              (+5) | 단일판매ㆍ공급계약체결(자율공시)              (+5),,2026-06-25: 단일판매ㆍ공급계약체결(자율공시)               | 2026-06-24: 단일판매ㆍ공급계약체결(자율공시)               | 2026-06-19: 주식등의대량보유상황보고서(일반),3
삼성E&A,028050,10,OK,,단일판매ㆍ공급계약체결              (+5) | 단일판매ㆍ공급계약체결              (+5),,2026-07-01: 최대주주등소유주식변동신고서               | 2026-07-01: 주식등의대량보유상황보고서(약식) | 2026-07-01: 단일판매ㆍ공급계약체결               | 2026-07-01: 단일판매ㆍ공급계약체결               | 2026-06-30: 지속가능경영보고서등관련사항(자율공시)              ,5
팅크웨어,084730,10,OK,,주식소각결정              (상환전환우선주)(+5) | 주요사항보고서(자기주식취득결정)(+5),,2026-06-22: 주식등의대량보유상황보고서(일반) | 2026-06-17: 자기주식취득결과보고서 | 2026-06-17: 임원ㆍ주요주주특정증권등소유상황보고서 | 2026-06-08: 주식소각결정              (상환전환우선주) | 2026-06-08: 주요사항보고서(자기주식취득결정),5
HS화성,002460,10,OK,,[기재정정]단일판매ㆍ공급계약체결              (+5) | [기재정정]단일판매ㆍ공급계약체결              (+5),,2026-07-02: [기재정정]단일판매ㆍ공급계약체결               | 2026-06-30: [기재정정]단일판매ㆍ공급계약체결              ,2
와이씨,232140,10,OK,,[기재정정]단일판매ㆍ공급계약체결              (+5) | [기재정정]단일판매ㆍ공급계약체결              (+5),,2026-06-29: [기재정정]단일판매ㆍ공급계약체결               | 2026-06-29: [기재정정]단일판매ㆍ공급계약체결              ,2
다스코,058730,10,OK,,단일판매ㆍ공급계약체결              (+5) | 단일판매ㆍ공급계약체결              (+5) | [기재정정]단일판매ㆍ공급계약체결(자율공시)              (+5) | [기재정정]단일판매ㆍ공급계약체결              (+5),주요사항보고서(자기주식처분결정)(-10),2026-07-08: 단일판매ㆍ공급계약체결               | 2026-07-08: 단일판매ㆍ공급계약체결               | 2026-07-03: 자기주식처분결과보고서 | 2026-07-02: 최대주주등소유주식변동신고서               | 2026-07-03: 주요사항보고서(자기주식처분결정),11
수산인더스트리,126720,10,OK,,[기재정정]단일판매ㆍ공급계약체결              (+5) | [기재정정]단일판매ㆍ공급계약체결              (+5),,2026-06-25: [기재정정]단일판매ㆍ공급계약체결               | 2026-06-22: [기재정정]단일판매ㆍ공급계약체결              ,2
코스모화학,005420,10,OK,,[기재정정]단일판매ㆍ공급계약체결(자율공시)              (+5) | 단일판매ㆍ공급계약체결(자율공시)              (+5),,2026-06-30: 주식등의대량보유상황보고서(일반) | 2026-06-15: 주식등의대량보유상황보고서(일반) | 2026-06-15: 임원ㆍ주요주주특정증권등소유상황보고서 | 2026-06-15: 최대주주등소유주식변동신고서               | 2026-06-09: [기재정정]단일판매ㆍ공급계약체결(자율공시)              ,6
DMS,068790,10,OK,,단일판매ㆍ공급계약체결              (+5) | 단일판매ㆍ공급계약체결              (+5),,2026-07-06: 단일판매ㆍ공급계약체결               | 2026-06-29: 단일판매ㆍ공급계약체결               | 2026-06-25: [기재정정]금전대여결정              ,3
세명전기,017510,10,OK,,[기재정정]단일판매ㆍ공급계약체결              (+5) | [기재정정]단일판매ㆍ공급계약체결              (+5),,2026-06-30: [기재정정]단일판매ㆍ공급계약체결               | 2026-06-24: [기재정정]단일판매ㆍ공급계약체결              ,2
케이엔에스,432470,10,OK,,[기재정정]단일판매ㆍ공급계약체결              (+5) | [기재정정]단일판매ㆍ공급계약체결              (+5),,2026-06-30: [기재정정]단일판매ㆍ공급계약체결               | 2026-06-30: [기재정정]단일판매ㆍ공급계약체결               | 2026-06-26: 임원ㆍ주요주주특정증권등거래계획보고서 | 2026-06-26: 임원ㆍ주요주주특정증권등소유상황보고서,4
미래에셋증권,006800,10,OK,,[기재정정]주요사항보고서(자기주식취득결정)(+5) | 주요사항보고서(자기주식취득결정)(+5),,2026-07-08: 증권발행실적보고서 | 2026-07-08: 증권발행실적보고서 | 2026-07-08: 증권발행실적보고서 | 2026-07-08: 자기주식취득결과보고서 | 2026-07-08: 투자설명서(일괄신고),100
자람테크놀로지,389020,10,OK,,[기재정정]단일판매ㆍ공급계약체결              (+5) | 단일판매ㆍ공급계약체결              (+5),,2026-06-30: [기재정정]단일판매ㆍ공급계약체결               | 2026-06-29: 단일판매ㆍ공급계약체결              ,2
씨메스로보틱스,475400,10,OK,,단일판매ㆍ공급계약체결              (+5) | 단일판매ㆍ공급계약체결              (+5),,2026-06-24: 단일판매ㆍ공급계약체결               | 2026-06-17: [기재정정]사업보고서 (2025.12) | 2026-06-15: 단일판매ㆍ공급계약체결               | 2026-06-08: 임원ㆍ주요주주특정증권등소유상황보고서 | 2026-06-08: 임원ㆍ주요주주특정증권등소유상황보고서,9
GS건설,006360,10,OK,,단일판매ㆍ공급계약체결              (+5) | [기재정정]단일판매ㆍ공급계약체결              (+5),,2026-07-01: [기재정정]분기보고서 (2026.03) | 2026-07-01: [기재정정]사업보고서 (2025.12) | 2026-07-01: [기재정정]분기보고서 (2025.09) | 2026-07-01: [기재정정]반기보고서 (2025.06) | 2026-07-01: [기재정정]분기보고서 (2025.03),14
인스웨이브,450520,10,OK,,[기재정정]단일판매ㆍ공급계약체결              (+5) | [기재정정]단일판매ㆍ공급계약체결              (+5),,2026-06-16: [기재정정]단일판매ㆍ공급계약체결               | 2026-06-09: [기재정정]단일판매ㆍ공급계약체결              ,2
아이씨디,040910,10,OK,,단일판매ㆍ공급계약체결              (+5) | 단일판매ㆍ공급계약체결              (+5),,2026-07-08: 단일판매ㆍ공급계약체결               | 2026-07-08: 임원ㆍ주요주주특정증권등소유상황보고서 | 2026-07-01: 임원ㆍ주요주주특정증권등소유상황보고서 | 2026-06-15: 단일판매ㆍ공급계약체결              ,4
신화프리텍,095190,10,OK,,[기재정정]단일판매ㆍ공급계약체결(자율공시)              (+5) | [기재정정]단일판매ㆍ공급계약체결(자율공시)              (+5),,2026-06-30: [기재정정]단일판매ㆍ공급계약체결(자율공시)               | 2026-06-30: [기재정정]단일판매ㆍ공급계약체결(자율공시)               | 2026-06-16: 전환가액의조정              ,3
HD현대마린엔진,071970,10,OK,,단일판매ㆍ공급계약체결              (+5) | 단일판매ㆍ공급계약체결              (+5),,2026-07-01: 주식등의대량보유상황보고서(약식) | 2026-06-18: 단일판매ㆍ공급계약체결               | 2026-06-12: 단일판매ㆍ공급계약체결              ,3
청담글로벌,362320,10,OK,,주식소각결정              (+5) | 주요사항보고서(자기주식취득결정)(+5),,2026-07-07: 주식등의대량보유상황보고서(일반) | 2026-07-07: 임원ㆍ주요주주특정증권등소유상황보고서 | 2026-07-06: 주식소각결정               | 2026-07-03: 자기주식취득결과보고서 | 2026-07-02: 주식등의대량보유상황보고서(일반),7
중앙백신,072020,10,OK,,단일판매ㆍ공급계약체결              (+5) | 주식소각결정              (+5),,2026-07-08: 단일판매ㆍ공급계약체결               | 2026-06-25: 주식소각결정               | 2026-06-15: 주식등의대량보유상황보고서(일반) | 2026-06-15: 임원ㆍ주요주주특정증권등소유상황보고서,4
옵티코어,380540,10,OK,,[기재정정]단일판매ㆍ공급계약체결              (+5) | [기재정정]단일판매ㆍ공급계약체결              (+5),,2026-07-07: [기재정정]단일판매ㆍ공급계약체결               | 2026-06-30: 주요사항보고서(자기전환사채만기전취득결정) | 2026-06-12: [기재정정]단일판매ㆍ공급계약체결              ,3
아이크래프트,052460,10,OK,,단일판매ㆍ공급계약체결              (+5) | 단일판매ㆍ공급계약체결              (+5),,2026-07-06: 단일판매ㆍ공급계약체결               | 2026-06-18: 단일판매ㆍ공급계약체결              ,2
그린플러스,186230,10,OK,,[기재정정]단일판매ㆍ공급계약체결(자율공시)              (+5) | [기재정정]단일판매ㆍ공급계약체결              (+5),,2026-07-03: [기재정정]단일판매ㆍ공급계약체결(자율공시)               | 2026-07-02: [기재정정]사업보고서 (2025.12) | 2026-06-26: [기재정정]단일판매ㆍ공급계약체결              ,3
CNT85,056730,10,OK,,[기재정정]단일판매ㆍ공급계약체결              (+5) | [기재정정]단일판매ㆍ공급계약체결(자율공시)              (+5),,2026-06-30: [기재정정]단일판매ㆍ공급계약체결               | 2026-06-19: 사외이사의선임ㆍ해임또는중도퇴임에관한신고 | 2026-06-19: [기재정정]단일판매ㆍ공급계약체결(자율공시)               | 2026-06-19: 임시주주총회결과              ,4
DL,000210,10,OK,,단일판매ㆍ공급계약체결(자회사의 주요경영사항)              (+5) | 단일판매ㆍ공급계약체결(자회사의 주요경영사항)              (+5),,2026-07-06: 단일판매ㆍ공급계약체결(자회사의 주요경영사항)               | 2026-07-02: 단일판매ㆍ공급계약체결(자회사의 주요경영사항)               | 2026-06-29: 투자판단관련주요경영사항(자회사의 주요경영사항)               | 2026-06-26: [기재정정]벌금등의부과(자회사의 주요경영사항)               | 2026-06-23: 타인에대한채무보증결정(자회사의 주요경영사항)              ,7
감성코퍼레이션,036620,10,OK,,주요사항보고서(자기주식취득결정)(+5) | 주식소각결정              (+5),,2026-07-08: 자기주식취득결과보고서 | 2026-07-07: 주식등의대량보유상황보고서(일반) | 2026-06-24: [기재정정]주요사항보고서(회사분할결정) | 2026-06-23: 주요사항보고서(자기주식취득결정) | 2026-06-15: 주식소각결정              ,5
키이스트,054780,10,OK,,[기재정정]단일판매ㆍ공급계약체결              (+5) | 단일판매ㆍ공급계약체결              (+5),,2026-07-03: 주식등의대량보유상황보고서(약식) | 2026-06-25: 전환사채(해외전환사채포함)발행후만기전사채취득               | 2026-06-24: 소송등의판결ㆍ결정(일정금액이상의청구)               | 2026-06-15: [기재정정]단일판매ㆍ공급계약체결               | 2026-06-10: 단일판매ㆍ공급계약체결              ,5
정원엔시스,045510,10,OK,,[기재정정]주식소각결정              (+5) | 주식소각결정              (+5),,2026-06-22: 소송등의판결ㆍ결정              (주주총회결의무효확인등) | 2026-06-22: [기재정정]주식소각결정               | 2026-06-22: 주식소각결정              ,3
코오롱글로벌,003070,10,OK,,[기재정정]단일판매ㆍ공급계약체결              (+5) | [기재정정]단일판매ㆍ공급계약체결              (+5) | [기재정정]단일판매ㆍ공급계약체결              (+5) | 단일판매ㆍ공급계약체결              (+5),주요사항보고서(자기주식처분결정)(-10),2026-07-07: 최대주주등소유주식변동신고서               | 2026-07-01: [기재정정]단일판매ㆍ공급계약체결               | 2026-06-30: 지속가능경영보고서등관련사항(자율공시)               | 2026-06-30: 주요사항보고서(자기주식처분결정) | 2026-06-29: [기재정정]단일판매ㆍ공급계약체결              ,11
한국항공우주,047810,10,OK,,[기재정정]단일판매ㆍ공급계약체결              (+5) | [기재정정]단일판매ㆍ공급계약체결              (+5),,2026-07-08: 주식등의대량보유상황보고서(일반) | 2026-07-01: 주식등의대량보유상황보고서(일반) | 2026-06-30: [기재정정]단일판매ㆍ공급계약체결               | 2026-06-29: 지속가능경영보고서등관련사항(자율공시)               | 2026-06-24: 주식등의대량보유상황보고서(일반),8
금화피에스시,036190,10,OK,,[기재정정]단일판매ㆍ공급계약체결              (+5) | [기재정정]단일판매ㆍ공급계약체결              (+5),,2026-06-30: [기재정정]단일판매ㆍ공급계약체결               | 2026-06-30: [기재정정]사업보고서 (2025.12) | 2026-06-29: [기재정정]단일판매ㆍ공급계약체결              ,3
선익시스템,171090,10,OK,,[기재정정]단일판매ㆍ공급계약체결(자율공시)              (+5) | [기재정정]단일판매ㆍ공급계약체결              (+5),,2026-07-06: 주식등의대량보유상황보고서(일반) | 2026-07-06: 임원ㆍ주요주주특정증권등소유상황보고서 | 2026-06-24: [기재정정]신규시설투자등               | 2026-06-23: 기업설명회(IR)개최               | 2026-06-23: 기업설명회(IR)개최              ,9
에스트래픽,234300,11,OK,,[첨부정정]주요사항보고서(회사합병결정)(+3) | 주요사항보고서(회사합병결정)(+3) | [기재정정]단일판매ㆍ공급계약체결              (+5),,2026-07-08: 임원ㆍ주요주주특정증권등소유상황보고서 | 2026-07-01: [첨부정정]주요사항보고서(회사합병결정) | 2026-06-30: 주주명부폐쇄기간또는기준일설정               | 2026-06-30: 주요사항보고서(회사합병결정) | 2026-06-30: 임원ㆍ주요주주특정증권등소유상황보고서,6
대한전선,001440,13,OK,,[기재정정]유형자산취득결정              (+3) | 단일판매ㆍ공급계약체결              (+5) | 단일판매ㆍ공급계약체결              (+5),,2026-07-06: [기재정정]유형자산취득결정               | 2026-06-17: 단일판매ㆍ공급계약체결               | 2026-06-11: 동일인등출자계열회사와의상품ㆍ용역거래 | 2026-06-08: 단일판매ㆍ공급계약체결              ,4
자이에스앤디,317400,15,OK,,단일판매ㆍ공급계약체결              (+5) | 단일판매ㆍ공급계약체결              (+5) | 단일판매ㆍ공급계약체결              (+5),,2026-07-02: 단일판매ㆍ공급계약체결               | 2026-06-30: [기재정정]사업보고서 (2025.12) | 2026-06-30: 단일판매ㆍ공급계약체결               | 2026-06-25: 주요사항보고서(유형자산양도결정) | 2026-06-09: 단일판매ㆍ공급계약체결              ,5
씨케이솔루션,480370,15,OK,,[기재정정]단일판매ㆍ공급계약체결              (+5) | [기재정정]단일판매ㆍ공급계약체결              (+5) | 단일판매ㆍ공급계약체결(자율공시)              (+5),,2026-06-30: 주주총회소집공고 | 2026-06-29: [기재정정]단일판매ㆍ공급계약체결               | 2026-06-24: [기재정정]단일판매ㆍ공급계약체결               | 2026-06-08: 단일판매ㆍ공급계약체결(자율공시)              ,4
현대로템,064350,15,OK,,[기재정정]단일판매ㆍ공급계약체결              (+5) | 단일판매ㆍ공급계약체결              (+5) | 단일판매ㆍ공급계약체결              (+5),,2026-07-03: [기재정정]단일판매ㆍ공급계약체결               | 2026-06-30: 지속가능경영보고서등관련사항(자율공시)               | 2026-06-30: 정보보호현황(자율공시)               | 2026-06-25: 단일판매ㆍ공급계약체결               | 2026-06-19: 단일판매ㆍ공급계약체결              ,46
카스,016920,15,OK,,주요사항보고서(자기주식취득결정)(+5) | [기재정정]주요사항보고서(자기주식취득결정)(+5) | 주요사항보고서(자기주식취득결정)(+5),,2026-07-01: 주요사항보고서(자기주식취득결정) | 2026-07-01: 자기주식취득결과보고서 | 2026-06-10: [기재정정]주요사항보고서(자기주식취득결정) | 2026-06-10: 주요사항보고서(자기주식취득결정),4
삼일씨엔에스,004440,15,OK,,단일판매ㆍ공급계약체결              (+5) | [기재정정]단일판매ㆍ공급계약체결              (+5) | [기재정정]단일판매ㆍ공급계약체결              (+5),,2026-07-07: 사외이사의선임ㆍ해임또는중도퇴임에관한신고 | 2026-07-07: 단일판매ㆍ공급계약체결               | 2026-06-30: 대표이사(대표집행임원)변경(안내공시)               | 2026-06-24: 주주명부폐쇄기간또는기준일설정               | 2026-06-18: [기재정정]단일판매ㆍ공급계약체결              ,6
효성,004800,15,OK,,단일판매ㆍ공급계약체결(자회사의 주요경영사항)              (+5) | 단일판매ㆍ공급계약체결(자회사의 주요경영사항)              (+5) | [기재정정]단일판매ㆍ공급계약체결(자회사의 주요경영사항)              (+5),,2026-07-02: 투자판단관련주요경영사항(자회사의 주요경영사항)               | 2026-06-29: 단일판매ㆍ공급계약체결(자회사의 주요경영사항)               | 2026-06-29: 지속가능경영보고서등관련사항(자율공시)               | 2026-06-23: 단일판매ㆍ공급계약체결(자회사의 주요경영사항)               | 2026-06-23: 투자판단관련주요경영사항(자회사의 주요경영사항)              ,6
삼성바이오로직스,207940,15,OK,,[기재정정]단일판매ㆍ공급계약체결              (+5) | [기재정정]단일판매ㆍ공급계약체결              (+5) | [기재정정]단일판매ㆍ공급계약체결              (+5),,2026-07-06: 최대주주등소유주식변동신고서               | 2026-06-22: [기재정정]단일판매ㆍ공급계약체결               | 2026-06-17: [기재정정]단일판매ㆍ공급계약체결               | 2026-06-09: [기재정정]단일판매ㆍ공급계약체결              ,4
진흥기업,002780,15,OK,,단일판매ㆍ공급계약체결              (+5) | 단일판매ㆍ공급계약체결              (+5) | 단일판매ㆍ공급계약체결              (+5),,2026-07-06: 투자판단관련주요경영사항               | 2026-07-02: 단일판매ㆍ공급계약체결               | 2026-06-30: 단일판매ㆍ공급계약체결               | 2026-06-23: 투자판단관련주요경영사항               | 2026-06-23: 주주명부폐쇄기간또는기준일설정              ,8
SGC E&C,016250,15,OK,,[기재정정]단일판매ㆍ공급계약체결              (+5) | [기재정정]단일판매ㆍ공급계약체결              (+5) | [기재정정]단일판매ㆍ공급계약체결(자율공시)              (+5),,2026-07-06: [기재정정]주요사항보고서(영업정지) | 2026-06-19: [기재정정]단일판매ㆍ공급계약체결               | 2026-06-19: [기재정정]단일판매ㆍ공급계약체결               | 2026-06-15: [기재정정]단일판매ㆍ공급계약체결(자율공시)              ,4
동양,001520,15,OK,,[기재정정]단일판매ㆍ공급계약체결              (+5) | 단일판매ㆍ공급계약체결              (+5) | [기재정정]단일판매ㆍ공급계약체결(자율공시)              (+5),,2026-07-07: 지속가능경영보고서등관련사항(자율공시)               | 2026-06-30: [기재정정]단일판매ㆍ공급계약체결               | 2026-06-30: 임원ㆍ주요주주특정증권등소유상황보고서 | 2026-06-30: 임원ㆍ주요주주특정증권등소유상황보고서 | 2026-06-30: 임원ㆍ주요주주특정증권등소유상황보고서,22
원일티엔아이,136150,15,OK,,단일판매ㆍ공급계약체결              (+5) | [기재정정]단일판매ㆍ공급계약체결              (+5) | 단일판매ㆍ공급계약체결              (+5),,2026-07-08: 사외이사의선임ㆍ해임또는중도퇴임에관한신고 | 2026-07-08: 임시주주총회결과               | 2026-06-23: 주주총회소집공고 | 2026-06-22: [기재정정]소송등의제기ㆍ신청(일정금액이상의청구)               | 2026-06-22: 단일판매ㆍ공급계약체결              ,7
티와이홀딩스,363280,15,OK,,단일판매ㆍ공급계약체결(자회사의 주요경영사항)              (+5) | [기재정정]단일판매ㆍ공급계약체결(자회사의 주요경영사항)              (+5) | 단일판매ㆍ공급계약체결(자회사의 주요경영사항)              (+5),,2026-07-02: 단일판매ㆍ공급계약체결(자회사의 주요경영사항)               | 2026-07-01: 투자판단관련주요경영사항(자회사의 주요경영사항)               | 2026-06-23: [기재정정]단일판매ㆍ공급계약체결(자회사의 주요경영사항)               | 2026-06-23: 단일판매ㆍ공급계약체결(자회사의 주요경영사항)              ,4
국영지앤엠,006050,15,OK,,[기재정정]단일판매ㆍ공급계약체결(자율공시)              (+5) | 단일판매ㆍ공급계약체결(자율공시)              (+5) | 단일판매ㆍ공급계약체결(자율공시)              (+5),,2026-06-29: [기재정정]단일판매ㆍ공급계약체결(자율공시)               | 2026-06-29: 단일판매ㆍ공급계약체결(자율공시)               | 2026-06-23: 단일판매ㆍ공급계약체결(자율공시)               | 2026-06-12: 주주명부폐쇄기간또는기준일설정               | 2026-06-12: 주주총회소집결의              (임시주주총회),6
에이직랜드,445090,15,OK,,[기재정정]단일판매ㆍ공급계약체결              (+5) | 단일판매ㆍ공급계약체결              (+5) | [기재정정]단일판매ㆍ공급계약체결              (+5),,2026-06-30: [기재정정]단일판매ㆍ공급계약체결               | 2026-06-29: 단일판매ㆍ공급계약체결               | 2026-06-26: [기재정정]단일판매ㆍ공급계약체결               | 2026-06-10: 기업설명회(IR)개최              ,4
남화토건,091590,15,OK,,[기재정정]단일판매ㆍ공급계약체결              (+5) | [기재정정]단일판매ㆍ공급계약체결              (+5) | [기재정정]단일판매ㆍ공급계약체결              (+5),,2026-07-07: [기재정정]단일판매ㆍ공급계약체결               | 2026-07-01: 타인에대한채무보증결정               | 2026-06-24: [기재정정]단일판매ㆍ공급계약체결               | 2026-06-18: 사외이사의선임ㆍ해임또는중도퇴임에관한신고 | 2026-06-15: [기재정정]단일판매ㆍ공급계약체결              ,6
KCC건설,021320,15,OK,,단일판매ㆍ공급계약체결              (+5) | [기재정정]단일판매ㆍ공급계약체결(자율공시)              (+5) | 단일판매ㆍ공급계약체결              (+5),,2026-07-02: 단일판매ㆍ공급계약체결               | 2026-06-25: [기재정정]단일판매ㆍ공급계약체결(자율공시)               | 2026-06-22: 중대재해발생               | 2026-06-12: [기재정정]중대재해발생               | 2026-06-12: 단일판매ㆍ공급계약체결              ,6
HDC,012630,15,OK,,단일판매ㆍ공급계약체결(자회사의 주요경영사항)              (+5) | [기재정정]단일판매ㆍ공급계약체결(자회사의 주요경영사항)              (+5) | 단일판매ㆍ공급계약체결(자회사의 주요경영사항)              (+5),,2026-07-02: 최대주주등소유주식변동신고서               | 2026-07-02: 주식등의대량보유상황보고서(일반) | 2026-06-29: 단일판매ㆍ공급계약체결(자회사의 주요경영사항)               | 2026-06-26: 최대주주등소유주식변동신고서               | 2026-06-26: 주식등의대량보유상황보고서(일반),18
동원개발,013120,15,OK,,단일판매ㆍ공급계약체결              (+5) | 단일판매ㆍ공급계약체결              (+5) | 단일판매ㆍ공급계약체결              (+5),,2026-06-22: 주식등의대량보유상황보고서(일반) | 2026-06-08: 단일판매ㆍ공급계약체결               | 2026-06-08: 단일판매ㆍ공급계약체결               | 2026-06-08: 단일판매ㆍ공급계약체결              ,4
IPARK현대산업개발,294870,15,OK,,단일판매ㆍ공급계약체결              (+5) | [기재정정]단일판매ㆍ공급계약체결              (+5) | 단일판매ㆍ공급계약체결              (+5),,2026-07-02: 임원ㆍ주요주주특정증권등소유상황보고서 | 2026-07-01: 주식등의대량보유상황보고서(약식) | 2026-06-29: 단일판매ㆍ공급계약체결               | 2026-06-29: [첨부정정]지속가능경영보고서등관련사항(자율공시)               | 2026-06-29: 지속가능경영보고서등관련사항(자율공시)              ,8
동성화인텍,033500,15,OK,,단일판매ㆍ공급계약체결(자율공시)              (+5) | 단일판매ㆍ공급계약체결(자율공시)              (+5) | 단일판매ㆍ공급계약체결              (+5),,2026-06-30: 단일판매ㆍ공급계약체결(자율공시)               | 2026-06-30: 단일판매ㆍ공급계약체결(자율공시)               | 2026-06-25: 단일판매ㆍ공급계약체결              ,3
엠엑스로보틱스,007820,15,OK,,단일판매ㆍ공급계약체결              (+5) | [기재정정]단일판매ㆍ공급계약체결              (+5) | [기재정정]단일판매ㆍ공급계약체결              (+5),,2026-07-02: 단일판매ㆍ공급계약체결               | 2026-06-23: [기재정정]단일판매ㆍ공급계약체결               | 2026-06-22: [기재정정]단일판매ㆍ공급계약체결              ,3
파두,440110,15,🚨 YES,[기재정정]주요사항보고서(전환사채권발행결정),[기재정정]단일판매ㆍ공급계약체결              (+5) | [기재정정]단일판매ㆍ공급계약체결              (+5) | [기재정정]단일판매ㆍ공급계약체결              (+5) | [기재정정]단일판매ㆍ공급계약체결              (+5) | [기재정정]단일판매ㆍ공급계약체결              (+5),[기재정정]주요사항보고서(전환사채권발행결정)(-15),2026-06-30: [기재정정]주요사항보고서(전환사채권발행결정) | 2026-06-26: [기재정정]단일판매ㆍ공급계약체결               | 2026-06-26: [기재정정]단일판매ㆍ공급계약체결               | 2026-06-25: [기재정정]단일판매ㆍ공급계약체결               | 2026-06-23: 임원ㆍ주요주주특정증권등소유상황보고서,12
일성건설,013360,15,OK,,[기재정정]단일판매ㆍ공급계약체결              (+5) | 단일판매ㆍ공급계약체결              (+5) | [기재정정]단일판매ㆍ공급계약체결              (+5),,2026-07-08: [기재정정]단일판매ㆍ공급계약체결               | 2026-07-06: 단일판매ㆍ공급계약체결               | 2026-06-18: [기재정정]단일판매ㆍ공급계약체결              ,3
DL이앤씨,375500,15,OK,,단일판매ㆍ공급계약체결              (+5) | 단일판매ㆍ공급계약체결              (+5) | [기재정정]단일판매ㆍ공급계약체결              (+5),,2026-07-06: 단일판매ㆍ공급계약체결               | 2026-07-02: 단일판매ㆍ공급계약체결               | 2026-07-02: 임원ㆍ주요주주특정증권등소유상황보고서 | 2026-07-01: 주식등의대량보유상황보고서(약식) | 2026-06-30: 지속가능경영보고서등관련사항(자율공시)              ,12
태영건설,009410,15,OK,,단일판매ㆍ공급계약체결              (+5) | [기재정정]단일판매ㆍ공급계약체결              (+5) | 단일판매ㆍ공급계약체결              (+5),,2026-07-02: 단일판매ㆍ공급계약체결               | 2026-07-01: 투자판단관련주요경영사항               | 2026-06-30: 지속가능경영보고서등관련사항(자율공시)               | 2026-06-23: [기재정정]단일판매ㆍ공급계약체결               | 2026-06-23: 단일판매ㆍ공급계약체결              ,5
솔디펜스,215090,15,OK,,단일판매ㆍ공급계약체결(자율공시)              (+5) | [기재정정]단일판매ㆍ공급계약체결              (+5) | [기재정정]단일판매ㆍ공급계약체결              (+5),,2026-06-26: 단일판매ㆍ공급계약체결(자율공시)               | 2026-06-26: [기재정정]단일판매ㆍ공급계약체결               | 2026-06-24: [기재정정]단일판매ㆍ공급계약체결              ,3
기가비스,420770,15,OK,,단일판매ㆍ공급계약체결              (+5) | 단일판매ㆍ공급계약체결              (+5) | 단일판매ㆍ공급계약체결              (+5),,2026-07-08: 임원ㆍ주요주주특정증권등소유상황보고서 | 2026-07-07: 단일판매ㆍ공급계약체결               | 2026-07-06: 단일판매ㆍ공급계약체결               | 2026-07-02: 임원ㆍ주요주주특정증권등소유상황보고서 | 2026-06-29: 임원ㆍ주요주주특정증권등소유상황보고서,11
한화엔진,082740,15,OK,,[기재정정]단일판매ㆍ공급계약체결              (+5) | 단일판매ㆍ공급계약체결              (+5) | 단일판매ㆍ공급계약체결              (+5),,2026-07-08: [기재정정]단일판매ㆍ공급계약체결               | 2026-06-30: 단일판매ㆍ공급계약체결               | 2026-06-26: 단일판매ㆍ공급계약체결               | 2026-06-10: 풍문또는보도에대한해명              ,4
대명에너지,389260,15,OK,,단일판매ㆍ공급계약체결              (+5) | [기재정정]단일판매ㆍ공급계약체결              (+5) | [기재정정]단일판매ㆍ공급계약체결              (+5),,2026-07-03: 주식등의대량보유상황보고서(일반) | 2026-06-29: 단일판매ㆍ공급계약체결               | 2026-06-29: [기재정정]단일판매ㆍ공급계약체결               | 2026-06-29: [기재정정]단일판매ㆍ공급계약체결               | 2026-06-23: 기업설명회(IR)개최              ,5
금양그린파워,282720,15,OK,,단일판매ㆍ공급계약체결              (+5) | [기재정정]단일판매ㆍ공급계약체결              (+5) | [기재정정]단일판매ㆍ공급계약체결              (+5),,2026-07-07: 주식등의대량보유상황보고서(일반) | 2026-07-02: 단일판매ㆍ공급계약체결               | 2026-06-29: [기재정정]단일판매ㆍ공급계약체결               | 2026-06-26: [기재정정]단일판매ㆍ공급계약체결               | 2026-06-23: 주식등의대량보유상황보고서(일반),5
HD현대중공업,329180,18,OK,,단일판매ㆍ공급계약체결(자율공시)              (+5) | 단일판매ㆍ공급계약체결              (+5) | 영업(잠정)실적(공정공시)              (+3) | 단일판매ㆍ공급계약체결(자율공시)              (+5),,2026-07-01: 지속가능경영보고서등관련사항(자율공시)               | 2026-07-01: 단일판매ㆍ공급계약체결(자율공시)               | 2026-07-01: 단일판매ㆍ공급계약체결               | 2026-06-26: 유형자산처분결정               | 2026-06-19: 풍문또는보도에대한해명(미확정)              ,7
한신공영,004960,20,OK,,[기재정정]단일판매ㆍ공급계약체결              (+5) | 단일판매ㆍ공급계약체결              (+5) | [기재정정]단일판매ㆍ공급계약체결              (+5) | [기재정정]단일판매ㆍ공급계약체결              (+5),,2026-07-03: [기재정정]단일판매ㆍ공급계약체결               | 2026-06-30: 단일판매ㆍ공급계약체결               | 2026-06-24: [기재정정]단일판매ㆍ공급계약체결               | 2026-06-17: 투자판단관련주요경영사항               | 2026-06-12: [기재정정]단일판매ㆍ공급계약체결              ,6
인텍플러스,064290,20,OK,,단일판매ㆍ공급계약체결(자율공시)              (+5) | 단일판매ㆍ공급계약체결              (+5) | 단일판매ㆍ공급계약체결              (+5) | 단일판매ㆍ공급계약체결(자율공시)              (+5),,2026-07-06: 전환가액의조정               | 2026-07-03: 교환청구권행사               | 2026-07-02: 단일판매ㆍ공급계약체결(자율공시)               | 2026-07-02: 단일판매ㆍ공급계약체결               | 2026-07-01: 주식등의대량보유상황보고서(약식),8
디바이스,187870,20,OK,,단일판매ㆍ공급계약체결              (+5) | 단일판매ㆍ공급계약체결(자율공시)              (+5) | 단일판매ㆍ공급계약체결              (+5) | [기재정정]단일판매ㆍ공급계약체결(자율공시)              (+5),,2026-07-07: 단일판매ㆍ공급계약체결               | 2026-07-06: 단일판매ㆍ공급계약체결(자율공시)               | 2026-07-02: 단일판매ㆍ공급계약체결               | 2026-07-01: 주식등의대량보유상황보고서(약식) | 2026-06-30: [기재정정]주식매수선택권부여에관한신고,8
엠게임,058630,20,OK,,주식소각결정              (+5) | [기재정정]주요사항보고서(자기주식취득결정)(+5) | [기재정정]주요사항보고서(자기주식취득결정)(+5) | 주요사항보고서(자기주식취득결정)(+5),,2026-07-03: 현금ㆍ현물배당결정              (분기배당) | 2026-07-01: 주식소각결정               | 2026-06-29: [기재정정]주요사항보고서(자기주식취득결정) | 2026-06-26: [기재정정]주요사항보고서(자기주식취득결정) | 2026-06-26: 주요사항보고서(자기주식취득결정),11
금호건설,002990,20,OK,,[기재정정]단일판매ㆍ공급계약체결              (+5) | [기재정정]단일판매ㆍ공급계약체결              (+5) | 단일판매ㆍ공급계약체결              (+5) | [기재정정]단일판매ㆍ공급계약체결              (+5),,2026-07-02: [기재정정]단일판매ㆍ공급계약체결               | 2026-06-26: 타인에대한채무보증결정               | 2026-06-26: 주요사항보고서(자본으로인정되는채무증권발행결정) | 2026-06-25: [기재정정]단일판매ㆍ공급계약체결               | 2026-06-15: 단일판매ㆍ공급계약체결              ,6
지엔씨에너지,119850,20,OK,,단일판매ㆍ공급계약체결              (+5) | [기재정정]단일판매ㆍ공급계약체결              (+5) | [기재정정]단일판매ㆍ공급계약체결              (+5) | 단일판매ㆍ공급계약체결              (+5),,2026-07-02: 단일판매ㆍ공급계약체결               | 2026-06-30: [기재정정]단일판매ㆍ공급계약체결               | 2026-06-25: 임원ㆍ주요주주특정증권등소유상황보고서 | 2026-06-22: [기재정정]단일판매ㆍ공급계약체결               | 2026-06-10: 단일판매ㆍ공급계약체결              ,5
레이저쎌,412350,20,OK,,단일판매ㆍ공급계약체결              (+5) | 단일판매ㆍ공급계약체결              (+5) | [기재정정]단일판매ㆍ공급계약체결              (+5) | [기재정정]단일판매ㆍ공급계약체결              (+5),,2026-07-07: 단일판매ㆍ공급계약체결               | 2026-07-01: 단일판매ㆍ공급계약체결               | 2026-06-30: [기재정정]단일판매ㆍ공급계약체결               | 2026-06-24: 기업설명회(IR)개최               | 2026-06-09: [기재정정]단일판매ㆍ공급계약체결              ,5
디아이,003160,20,OK,,단일판매ㆍ공급계약체결(자율공시)              (+5) | 단일판매ㆍ공급계약체결              (+5) | 단일판매ㆍ공급계약체결(자율공시)              (+5) | 단일판매ㆍ공급계약체결              (+5),,2026-07-02: 단일판매ㆍ공급계약체결(자율공시)               | 2026-06-17: 단일판매ㆍ공급계약체결               | 2026-06-10: 단일판매ㆍ공급계약체결(자율공시)               | 2026-06-10: 단일판매ㆍ공급계약체결              ,4
까뮤이앤씨,013700,20,OK,,단일판매ㆍ공급계약체결              (+5) | [기재정정]단일판매ㆍ공급계약체결              (+5) | [기재정정]단일판매ㆍ공급계약체결              (+5) | [기재정정]단일판매ㆍ공급계약체결              (+5),,2026-07-07: 단일판매ㆍ공급계약체결               | 2026-07-06: [기재정정]단일판매ㆍ공급계약체결               | 2026-06-30: [기재정정]금전대여결정               | 2026-06-30: [기재정정]채무인수결정               | 2026-06-26: [기재정정]단일판매ㆍ공급계약체결              ,6
HD한국조선해양,009540,21,OK,,단일판매ㆍ공급계약체결(자회사의 주요경영사항)              (+5) | [기재정정]단일판매ㆍ공급계약체결(자회사의 주요경영사항)              (+5) | 단일판매ㆍ공급계약체결(자회사의 주요경영사항)              (+5) | 영업(잠정)실적(공정공시)              (+3) | 영업(잠정)실적(공정공시)(자회사의 주요경영사항)              (+3),,2026-07-01: 지속가능경영보고서등관련사항(자율공시)               | 2026-07-01: 단일판매ㆍ공급계약체결(자회사의 주요경영사항)               | 2026-06-30: [기재정정]단일판매ㆍ공급계약체결(자회사의 주요경영사항)               | 2026-06-29: 단일판매ㆍ공급계약체결(자회사의 주요경영사항)               | 2026-06-26: 유형자산처분결정(자회사의 주요경영사항)              ,10
우원개발,046940,25,OK,,[기재정정]단일판매ㆍ공급계약체결(자율공시)              (+5) | [기재정정]단일판매ㆍ공급계약체결              (+5) | [기재정정]단일판매ㆍ공급계약체결              (+5) | [기재정정]단일판매ㆍ공급계약체결              (+5) | [기재정정]단일판매ㆍ공급계약체결              (+5),,2026-06-26: [기재정정]단일판매ㆍ공급계약체결(자율공시)               | 2026-06-26: [기재정정]단일판매ㆍ공급계약체결               | 2026-06-26: [기재정정]단일판매ㆍ공급계약체결               | 2026-06-25: [기재정정]단일판매ㆍ공급계약체결               | 2026-06-15: [기재정정]단일판매ㆍ공급계약체결              ,5
남광토건,001260,25,OK,,[기재정정]단일판매ㆍ공급계약체결              (+5) | 단일판매ㆍ공급계약체결              (+5) | [기재정정]단일판매ㆍ공급계약체결              (+5) | [기재정정]단일판매ㆍ공급계약체결              (+5) | [기재정정]단일판매ㆍ공급계약체결              (+5),,2026-07-07: [기재정정]단일판매ㆍ공급계약체결               | 2026-06-26: 단일판매ㆍ공급계약체결               | 2026-06-24: [기재정정]단일판매ㆍ공급계약체결               | 2026-06-23: [기재정정]단일판매ㆍ공급계약체결               | 2026-06-18: 주주명부폐쇄기간또는기준일설정              ,8
동아지질,028100,25,OK,,[기재정정]단일판매ㆍ공급계약체결              (+5) | [기재정정]단일판매ㆍ공급계약체결              (+5) | [기재정정]단일판매ㆍ공급계약체결              (+5) | [기재정정]단일판매ㆍ공급계약체결              (+5) | [기재정정]단일판매ㆍ공급계약체결              (+5),,2026-06-30: [기재정정]단일판매ㆍ공급계약체결               | 2026-06-30: [기재정정]단일판매ㆍ공급계약체결               | 2026-06-30: [기재정정]단일판매ㆍ공급계약체결               | 2026-06-30: [기재정정]단일판매ㆍ공급계약체결               | 2026-06-25: [기재정정]단일판매ㆍ공급계약체결              ,8
계룡건설산업,013580,25,OK,,[기재정정]단일판매ㆍ공급계약체결              (+5) | [기재정정]단일판매ㆍ공급계약체결              (+5) | 단일판매ㆍ공급계약체결              (+5) | [기재정정]단일판매ㆍ공급계약체결              (+5) | [기재정정]단일판매ㆍ공급계약체결              (+5),,2026-07-03: 투자판단관련주요경영사항               | 2026-07-02: [기재정정]단일판매ㆍ공급계약체결               | 2026-06-30: [기재정정]단일판매ㆍ공급계약체결               | 2026-06-29: [기재정정]타인에대한채무보증결정               | 2026-06-26: [기재정정]타인에대한채무보증결정              ,12
노머스,473980,25,OK,,주식소각결정              (+5) | [기재정정]주식소각결정              (+5) | [기재정정]주식소각결정              (+5) | 주식소각결정              (+5) | 주요사항보고서(자기주식취득결정)(+5),,2026-07-08: [기재정정]신탁계약해지결과보고서 | 2026-07-08: 주식소각결정               | 2026-07-08: 신탁계약해지결과보고서 | 2026-07-08: 주요사항보고서(자기주식취득신탁계약해지결정) | 2026-07-08: 신탁계약에의한취득상황보고서,14
대우건설,047040,25,OK,,단일판매ㆍ공급계약체결              (+5) | [기재정정]단일판매ㆍ공급계약체결              (+5) | [기재정정]단일판매ㆍ공급계약체결              (+5) | 단일판매ㆍ공급계약체결              (+5) | [기재정정]단일판매ㆍ공급계약체결              (+5),,2026-07-08: 단일판매ㆍ공급계약체결               | 2026-07-07: [기재정정]단일판매ㆍ공급계약체결               | 2026-06-25: [기재정정]단일판매ㆍ공급계약체결               | 2026-06-25: 단일판매ㆍ공급계약체결               | 2026-06-25: 타인에대한채무보증결정              ,9
삼성중공업,010140,25,OK,,단일판매ㆍ공급계약체결              (+5) | 단일판매ㆍ공급계약체결              (+5) | [기재정정]단일판매ㆍ공급계약체결              (+5) | 단일판매ㆍ공급계약체결              (+5) | 단일판매ㆍ공급계약체결              (+5),,2026-07-08: [기재정정]임원ㆍ주요주주특정증권등소유상황보고서 | 2026-07-08: 단일판매ㆍ공급계약체결               | 2026-07-07: 임원ㆍ주요주주특정증권등소유상황보고서 | 2026-07-07: 임원ㆍ주요주주특정증권등소유상황보고서 | 2026-07-07: 최대주주등소유주식변동신고서              ,22
미래산업,025560,28,OK,,[기재정정]단일판매ㆍ공급계약체결              (+5) | [기재정정]단일판매ㆍ공급계약체결              (+5) | 유형자산취득결정              (+3) | 단일판매ㆍ공급계약체결              (+5) | [기재정정]단일판매ㆍ공급계약체결              (+5),,2026-06-30: [기재정정]단일판매ㆍ공급계약체결               | 2026-06-30: [기재정정]단일판매ㆍ공급계약체결               | 2026-06-29: 유형자산취득결정               | 2026-06-24: 임시주주총회결과               | 2026-06-23: 단일판매ㆍ공급계약체결              ,8
티에스아이,277880,30,OK,,[기재정정]단일판매ㆍ공급계약체결              (+5) | [기재정정]단일판매ㆍ공급계약체결              (+5) | [기재정정]단일판매ㆍ공급계약체결              (+5) | [기재정정]단일판매ㆍ공급계약체결              (+5) | [기재정정]단일판매ㆍ공급계약체결              (+5),,2026-07-01: 임원ㆍ주요주주특정증권등소유상황보고서 | 2026-06-30: [기재정정]단일판매ㆍ공급계약체결               | 2026-06-29: [기재정정]단일판매ㆍ공급계약체결               | 2026-06-29: [기재정정]단일판매ㆍ공급계약체결               | 2026-06-26: [기재정정]단일판매ㆍ공급계약체결              ,12
HJ중공업,097230,30,OK,,[기재정정]단일판매ㆍ공급계약체결              (+5) | 단일판매ㆍ공급계약체결              (+5) | [기재정정]단일판매ㆍ공급계약체결              (+5) | [기재정정]단일판매ㆍ공급계약체결              (+5) | [기재정정]단일판매ㆍ공급계약체결              (+5),,2026-07-07: 주식등의대량보유상황보고서(일반) | 2026-07-06: 금전대여결정               | 2026-07-06: [기재정정]단일판매ㆍ공급계약체결               | 2026-07-03: 투자판단관련주요경영사항               | 2026-06-30: 단일판매ㆍ공급계약체결              ,10
동부건설,005960,40,OK,,단일판매ㆍ공급계약체결              (+5) | 단일판매ㆍ공급계약체결              (+5) | 단일판매ㆍ공급계약체결              (+5) | [기재정정]단일판매ㆍ공급계약체결              (+5) | [기재정정]단일판매ㆍ공급계약체결              (+5),,2026-07-02: 단일판매ㆍ공급계약체결               | 2026-06-30: 단일판매ㆍ공급계약체결               | 2026-06-30: 단일판매ㆍ공급계약체결               | 2026-06-26: [기재정정]단일판매ㆍ공급계약체결               | 2026-06-26: [기재정정]단일판매ㆍ공급계약체결              ,12
삼호개발,010960,50,OK,,[기재정정]단일판매ㆍ공급계약체결              (+5) | [기재정정]단일판매ㆍ공급계약체결              (+5) | [기재정정]단일판매ㆍ공급계약체결              (+5) | [기재정정]단일판매ㆍ공급계약체결              (+5) | [기재정정]단일판매ㆍ공급계약체결              (+5),,2026-07-07: 임원ㆍ주요주주특정증권등소유상황보고서 | 2026-07-07: 최대주주등소유주식변동신고서               | 2026-07-07: 주식등의대량보유상황보고서(일반) | 2026-07-06: [기재정정]단일판매ㆍ공급계약체결               | 2026-07-02: 전환청구권ㆍ신주인수권ㆍ교환청구권행사              ,14
한전산업,130660,60,OK,,[기재정정]단일판매ㆍ공급계약체결              (+5) | [기재정정]단일판매ㆍ공급계약체결              (+5) | [기재정정]단일판매ㆍ공급계약체결              (+5) | [기재정정]단일판매ㆍ공급계약체결(자율공시)              (+5) | [기재정정]단일판매ㆍ공급계약체결              (+5),,2026-07-08: [기재정정]단일판매ㆍ공급계약체결               | 2026-07-07: 사외이사의선임ㆍ해임또는중도퇴임에관한신고 | 2026-07-07: 임시주주총회결과               | 2026-07-02: 사외이사의선임ㆍ해임또는중도퇴임에관한신고 | 2026-06-29: [기재정정]단일판매ㆍ공급계약체결              ,16
스피어,347700,70,🚨 YES,유상증자결정(종속회사의주요경영사항)              ,[기재정정]단일판매ㆍ공급계약체결              (+5) | [기재정정]단일판매ㆍ공급계약체결              (+5) | [기재정정]단일판매ㆍ공급계약체결              (+5) | [기재정정]단일판매ㆍ공급계약체결              (+5) | [기재정정]단일판매ㆍ공급계약체결              (+5),유상증자결정(종속회사의주요경영사항)              (-15),2026-07-08: [기재정정]단일판매ㆍ공급계약체결               | 2026-07-07: [기재정정]단일판매ㆍ공급계약체결               | 2026-07-06: [기재정정]단일판매ㆍ공급계약체결               | 2026-06-30: [기재정정]타인에대한채무보증결정               | 2026-06-30: [기재정정]타인에대한채무보증결정              ,22
