종목명,종목코드,DART점수,Tier1발동,Tier1,호재내역,악재내역,최근공시,공시건수
블루산업개발,006740,-210,🚨 YES,[기재정정]주요사항보고서(전환사채권발행결정) | [기재정정]주요사항보고서(전환사채권발행결정) | [기재정정]주요사항보고서(전환사채권발행결정),,[기재정정]주요사항보고서(전환사채권발행결정)(-15) | [기재정정]주요사항보고서(전환사채권발행결정)(-15) | [기재정정]주요사항보고서(전환사채권발행결정)(-15) | [기재정정]주요사항보고서(전환사채권발행결정)(-15) | [기재정정]주요사항보고서(유상증자결정)(-15),2026-06-01: 기업지배구조보고서공시               | 2026-05-29: 단기차입금증가결정               | 2026-05-29: [기재정정]주식매수선택권부여에관한신고 | 2026-05-26: 주식등의대량보유상황보고서(일반) | 2026-05-26: 주식등의대량보유상황보고서(약식),26
알엔티엑스,123010,-145,🚨 YES,[기재정정]주요사항보고서(유상증자결정) | [기재정정]주요사항보고서(유상증자결정) | [기재정정]주요사항보고서(전환사채권발행결정),,최대주주변경              (-5) | [기재정정]최대주주변경을수반하는주식양수도계약체결              (-5) | [기재정정]주요사항보고서(유상증자결정)(-15) | [기재정정]주요사항보고서(유상증자결정)(-15) | [기재정정]주요사항보고서(전환사채권발행결정)(-15),2026-06-02: 임원ㆍ주요주주특정증권등소유상황보고서 | 2026-06-02: 주식등의대량보유상황보고서(일반) | 2026-06-02: [기재정정]주요사항보고서(자기전환사채매도결정) | 2026-06-01: 주주명부폐쇄기간또는기준일설정               | 2026-06-01: 주주총회소집결의              (임시주주총회),32
아이톡시,052770,-120,🚨 YES,기타주요경영사항              (제3자배정 유상증자결정 철회) | [기재정정]주요사항보고서(유상증자결정) | [기재정정]주요사항보고서(유상증자결정),,기타주요경영사항              (제3자배정 유상증자결정 철회)(-15) | [기재정정]주요사항보고서(유상증자결정)(-15) | [기재정정]주요사항보고서(유상증자결정)(-15) | 기타주요경영사항              (소액공모 제3자배정 유상증자결정 철회)(-15) | [기재정정]주요사항보고서(유상증자결정)(-15),2026-06-01: 기타주요경영사항              (제3자배정 유상증자결정 철회) | 2026-06-01: [기재정정]주요사항보고서(유상증자결정) | 2026-05-26: [기재정정]소송등의제기ㆍ신청(일정금액이상의청구)               | 2026-05-22: 소송등의제기ㆍ신청(일정금액이상의청구)               | 2026-05-15: 소액공모실적보고서,15
플루토스,019570,-110,🚨 YES,[기재정정]주요사항보고서(감자결정) | [기재정정]주요사항보고서(전환사채권발행결정) | 주요사항보고서(전환사채권발행결정),,[기재정정]주요사항보고서(감자결정)(-20) | [기재정정]주요사항보고서(전환사채권발행결정)(-15) | 주요사항보고서(전환사채권발행결정)(-15) | [기재정정]주요사항보고서(감자결정)(-20) | [기재정정]주요사항보고서(감자결정)(-20),2026-06-02: 대표이사변경               | 2026-06-01: [기재정정]주식병합결정               | 2026-06-01: 상호변경안내               | 2026-06-01: 임시주주총회결과               | 2026-05-29: 증권발행결과(자율공시)              ,27
파이온엑스,900100,-105,🚨 YES,"[기재정정]주요사항보고서(전환사채권발행결정) | 주권매매거래정지              (주식의 병합, 분할 등 전자등록 변경, 말소) | [첨부정정]주요사항보고서(전환사채권발행결정)",,"[기재정정]주요사항보고서(전환사채권발행결정)(-15) | 주권매매거래정지              (주식의 병합, 분할 등 전자등록 변경, 말소)(-30) | [첨부정정]주요사항보고서(전환사채권발행결정)(-15) | [기재정정]주요사항보고서(전환사채권발행결정)(-15) | [첨부정정]주요사항보고서(전환사채권발행결정)(-15)","2026-05-29: 분기보고서 (2026.03) | 2026-05-28: [기재정정]주요사항보고서(전환사채권발행결정) | 2026-05-26: 주권매매거래정지              (주식의 병합, 분할 등 전자등록 변경, 말소) | 2026-05-26: [첨부정정]주요사항보고서(전환사채권발행결정) | 2026-05-14: [기재정정]주요사항보고서(전환사채권발행결정)",10
엠젠솔루션,032790,-105,🚨 YES,[기재정정]주요사항보고서(전환사채권발행결정) | [기재정정]주요사항보고서(전환사채권발행결정) | 주권매매거래정지해제              (액면병합 주권 변경상장),,[기재정정]주요사항보고서(전환사채권발행결정)(-15) | [기재정정]주요사항보고서(전환사채권발행결정)(-15) | 주권매매거래정지해제              (액면병합 주권 변경상장)(-30) | [첨부정정]주요사항보고서(전환사채권발행결정)(-15) | [기재정정]주요사항보고서(전환사채권발행결정)(-15),2026-06-01: [기재정정]주요사항보고서(전환사채권발행결정) | 2026-05-28: [기재정정]주요사항보고서(자기전환사채매도결정) | 2026-05-28: [기재정정]주요사항보고서(전환사채권발행결정) | 2026-05-26: 주권매매거래정지해제              (액면병합 주권 변경상장) | 2026-05-22: [첨부정정]주요사항보고서(전환사채권발행결정),11
EDGC,245620,-100,🚨 YES,[기재정정]주요사항보고서(유상증자결정) | [기재정정]주요사항보고서(감자결정) | [기재정정]주요사항보고서(유상증자결정),,[기재정정]주요사항보고서(유상증자결정)(-15) | [기재정정]주요사항보고서(감자결정)(-20) | [기재정정]주요사항보고서(유상증자결정)(-15) | [기재정정]주요사항보고서(유상증자결정)(-15) | [기재정정]주요사항보고서(감자결정)(-20),2026-05-26: [기재정정]주요사항보고서(유상증자결정) | 2026-05-26: [기재정정]주요사항보고서(감자결정) | 2026-05-26: [기재정정]주요사항보고서(유상증자결정) | 2026-05-22: [기재정정]주요사항보고서(유상증자결정) | 2026-05-22: [기재정정]주요사항보고서(감자결정),18
한국앤컴퍼니,000240,-97,🚨 YES,횡령ㆍ배임사실확인(자회사의 주요경영사항)               | 횡령ㆍ배임사실확인(자회사의 주요경영사항)               | 횡령ㆍ배임사실확인              ,연결재무제표기준영업(잠정)실적(공정공시)              (+3),횡령ㆍ배임사실확인(자회사의 주요경영사항)              (-25) | 횡령ㆍ배임사실확인(자회사의 주요경영사항)              (-25) | 횡령ㆍ배임사실확인              (-25) | 횡령ㆍ배임사실확인              (-25),2026-06-01: 대규모기업집단현황공시[연1회(동일인용)] | 2026-06-01: 대규모기업집단현황공시[연1회공시및1/4분기용(대표회사)] | 2026-06-01: 기업지배구조보고서공시               | 2026-05-15: 분기보고서 (2026.03) | 2026-05-14: 특수관계인에대한출자,10
소룩스,290690,-97,🚨 YES,[기재정정]주요사항보고서(전환사채권발행결정) | [첨부정정]주요사항보고서(전환사채권발행결정) | [기재정정]주요사항보고서(전환사채권발행결정),[기재정정]주요사항보고서(회사합병결정)(+3) | 단일판매ㆍ공급계약체결              (+5),[기재정정]주요사항보고서(전환사채권발행결정)(-15) | [첨부정정]주요사항보고서(전환사채권발행결정)(-15) | [기재정정]주요사항보고서(전환사채권발행결정)(-15) | [기재정정]주요사항보고서(전환사채권발행결정)(-15) | [기재정정]주요사항보고서(전환사채권발행결정)(-15),2026-06-02: 주요사항보고서(자기전환사채매도결정) | 2026-06-02: 전환청구권행사              (제3회차 CB) | 2026-05-29: 주요사항보고서(자기전환사채만기전취득결정) | 2026-05-29: 주요사항보고서(자기전환사채만기전취득결정) | 2026-05-29: [기재정정]주요사항보고서(전환사채권발행결정),24
한국유니온제약,080720,-90,🚨 YES,주권매매거래정지기간변경              (투자자 보호) | 주요사항보고서(유상증자결정) | 주요사항보고서(감자결정),,최대주주변경              (-5) | 주권매매거래정지기간변경              (투자자 보호)(-30) | 최대주주변경              (-5) | 주요사항보고서(유상증자결정)(-15) | 주요사항보고서(감자결정)(-20),2026-05-27: 최대주주변경               | 2026-05-27: 증권발행결과(자율공시)              (제3자배정 유상증자) | 2026-05-26: 임원ㆍ주요주주특정증권등소유상황보고서 | 2026-05-26: 주식등의대량보유상황보고서(약식) | 2026-05-20: 기타시장안내              (상장폐지 절차 관련 안내),13
다이나믹솔루션,290660,-90,🚨 YES,"주권매매거래정지              (주식의 병합, 분할 등 전자등록 변경, 말소) | [기재정정]주요사항보고서(전환사채권발행결정) | [기재정정]주요사항보고서(전환사채권발행결정)",,"주권매매거래정지              (주식의 병합, 분할 등 전자등록 변경, 말소)(-30) | [기재정정]주요사항보고서(전환사채권발행결정)(-15) | [기재정정]주요사항보고서(전환사채권발행결정)(-15) | 주요사항보고서(전환사채권발행결정)(-15) | [기재정정]주요사항보고서(전환사채권발행결정)(-15)","2026-06-01: 주권매매거래정지              (주식의 병합, 분할 등 전자등록 변경, 말소) | 2026-05-27: [기재정정]주요사항보고서(전환사채권발행결정) | 2026-05-27: [기재정정]주식병합결정               | 2026-05-22: [기재정정]전환청구권행사               | 2026-05-21: 증권발행결과(자율공시)              ",11
비트플래닛,049470,-90,🚨 YES,[기재정정]주요사항보고서(전환사채권발행결정) | [기재정정]주요사항보고서(전환사채권발행결정) | 주권매매거래정지해제              (액면병합 주권 변경상장),,[기재정정]주요사항보고서(전환사채권발행결정)(-15) | [기재정정]주요사항보고서(전환사채권발행결정)(-15) | 주권매매거래정지해제              (액면병합 주권 변경상장)(-30) | 주요사항보고서(전환사채권발행결정)(-15) | 주요사항보고서(전환사채권발행결정)(-15),2026-05-21: [기재정정]주요사항보고서(전환사채권발행결정) | 2026-05-21: [기재정정]주요사항보고서(전환사채권발행결정) | 2026-05-15: 분기보고서 (2026.03) | 2026-05-14: 주권매매거래정지해제              (액면병합 주권 변경상장) | 2026-05-14: 주요사항보고서(전환사채권발행결정),8
CS,065770,-90,🚨 YES,[기재정정]주요사항보고서(전환사채권발행결정) | [첨부정정]주요사항보고서(전환사채권발행결정) | [첨부정정]주요사항보고서(전환사채권발행결정),,[기재정정]주요사항보고서(전환사채권발행결정)(-15) | [첨부정정]주요사항보고서(전환사채권발행결정)(-15) | [첨부정정]주요사항보고서(전환사채권발행결정)(-15) | 주요사항보고서(전환사채권발행결정)(-15) | 주권매매거래정지해제              (액면병합 주권 변경상장)(-30),2026-06-01: 대표이사변경               | 2026-05-29: 증권발행결과(자율공시)               | 2026-05-28: [기재정정]주요사항보고서(전환사채권발행결정) | 2026-05-26: [첨부정정]주요사항보고서(전환사채권발행결정) | 2026-05-22: [첨부정정]주요사항보고서(전환사채권발행결정),16
인크레더블버즈,064090,-80,🚨 YES,횡령ㆍ배임혐의발생               | 횡령ㆍ배임혐의발생               | 주권매매거래정지기간변경              (상장폐지 사유 발생),,횡령ㆍ배임혐의발생              (-25) | 횡령ㆍ배임혐의발생              (-25) | 주권매매거래정지기간변경              (상장폐지 사유 발생)(-30),2026-05-27: 본점소재지변경               | 2026-05-26: 기타시장안내              (상장적격성 실질심사 사유추가 안내) | 2026-05-26: 횡령ㆍ배임혐의발생               | 2026-05-18: 주권매매거래정지기간변경              (상장폐지 사유 발생) | 2026-05-18: 기타시장안내              (기업심사위원회 개최 결과 안내),13
한울반도체,320000,-80,🚨 YES,[기재정정]주요사항보고서(유상증자결정) | [기재정정]주요사항보고서(유상증자결정) | [기재정정]주요사항보고서(유상증자결정),,[기재정정]주요사항보고서(유상증자결정)(-15) | [기재정정]주요사항보고서(유상증자결정)(-15) | [기재정정]주요사항보고서(유상증자결정)(-15) | [기재정정]최대주주변경을수반하는주식담보제공계약체결              (-5) | 주권매매거래정지해제              (액면병합 주권 변경상장)(-30),"2026-06-02: [기재정정]주요사항보고서(유상증자결정) | 2026-06-01: 전환가액의조정              (제3회차,제4회차) | 2026-05-29: 정정신고서제출요구( 2026.05.15. 제출 증권신고서(지분증권) ) | 2026-05-29: 임원ㆍ주요주주특정증권등소유상황보고서 | 2026-05-29: 임원ㆍ주요주주특정증권등소유상황보고서",18
앱튼,270520,-75,🚨 YES,[기재정정]주요사항보고서(유상증자결정) | [기재정정]주요사항보고서(전환사채권발행결정) | [기재정정]주요사항보고서(전환사채권발행결정),,[기재정정]주요사항보고서(유상증자결정)(-15) | [기재정정]주요사항보고서(전환사채권발행결정)(-15) | [기재정정]주요사항보고서(전환사채권발행결정)(-15) | 주권매매거래정지해제              (액면병합 주권 변경상장)(-30),"2026-05-28: 임원ㆍ주요주주특정증권등소유상황보고서 | 2026-05-28: 주식등의대량보유상황보고서(일반) | 2026-05-20: 전환가액의조정              (제6회차, 제7회차) | 2026-05-20: 증권발행결과(자율공시)               | 2026-05-15: [기재정정]주요사항보고서(유상증자결정)",13
에이프로젠,007460,-75,🚨 YES,[기재정정]주요사항보고서(전환사채권발행결정)(자회사의 주요경영사항)               | 주요사항보고서(전환사채권발행결정)(자회사의 주요경영사항)               | 주요사항보고서(전환사채권발행결정)(자회사의 주요경영사항)              ,,[기재정정]주요사항보고서(전환사채권발행결정)(자회사의 주요경영사항)              (-15) | 주요사항보고서(전환사채권발행결정)(자회사의 주요경영사항)              (-15) | 주요사항보고서(전환사채권발행결정)(자회사의 주요경영사항)              (-15) | 주요사항보고서(전환사채권발행결정)(-15) | [기재정정]주요사항보고서(유상증자결정)(자회사의 주요경영사항)              (제3자배정)(-15),2026-06-02: [기재정정]주요사항보고서(전환사채권발행결정)(자회사의 주요경영사항)               | 2026-06-01: 기업지배구조보고서공시               | 2026-05-29: 주식등의대량보유상황보고서(일반) | 2026-05-29: 유상증자또는주식관련사채등의발행결과(자율공시)               | 2026-05-26: 주요사항보고서(전환사채권발행결정)(자회사의 주요경영사항)              ,21
코이즈,121850,-72,🚨 YES,[첨부정정]주요사항보고서(전환사채권발행결정) | 기타시장안내(관리종목지정우려종목)              (시가총액 150억원 미달) | [기재정정]주요사항보고서(전환사채권발행결정),유형자산취득결정(종속회사의주요경영사항)              (+3),[첨부정정]주요사항보고서(전환사채권발행결정)(-15) | 기타시장안내(관리종목지정우려종목)              (시가총액 150억원 미달)(-30) | [기재정정]주요사항보고서(전환사채권발행결정)(-15) | 주요사항보고서(전환사채권발행결정)(-15),2026-06-01: 증권발행결과(자율공시)              (제3회차 CB) | 2026-05-28: [첨부정정]주요사항보고서(전환사채권발행결정) | 2026-05-27: 기타시장안내(관리종목지정우려종목)              (시가총액 150억원 미달) | 2026-05-26: [기재정정]주요사항보고서(전환사채권발행결정) | 2026-05-22: 주요사항보고서(전환사채권발행결정),8
우진비앤지,018620,-65,🚨 YES,주권매매거래정지              (무상증자) | 주권매매거래정지해제              (액면병합 주권 변경상장),,주권매매거래정지              (무상증자)(-30) | 주권매매거래정지해제              (액면병합 주권 변경상장)(-30) | [기재정정]최대주주변경을수반하는주식담보제공계약체결              (-5),2026-05-29: 주주명부폐쇄기간또는기준일설정               | 2026-05-29: 주요사항보고서(무상증자결정) | 2026-05-29: 주권매매거래정지              (무상증자) | 2026-05-28: 주식등의대량보유상황보고서(일반) | 2026-05-20: 주권매매거래정지해제              (액면병합 주권 변경상장),10
에코글로우,159910,-65,🚨 YES,[기재정정]주요사항보고서(전환사채권발행결정) | 주요사항보고서(전환사채권발행결정) | 주권매매거래정지해제              (액면병합 주권 변경상장),,[기재정정]최대주주변경을수반하는주식담보제공계약체결              (-5) | [기재정정]주요사항보고서(전환사채권발행결정)(-15) | 주요사항보고서(전환사채권발행결정)(-15) | 주권매매거래정지해제              (액면병합 주권 변경상장)(-30),2026-06-01: 주식등의대량보유상황보고서(일반) | 2026-06-01: 주식등의대량보유상황보고서(약식) | 2026-05-27: 주식등의대량보유상황보고서(일반) | 2026-05-27: [기재정정]최대주주변경을수반하는주식담보제공계약체결               | 2026-05-22: 합병등종료보고서(자산양수도),23
다보링크,340360,-65,🚨 YES,[기재정정]주요사항보고서(유상증자결정) | [기재정정]주요사항보고서(유상증자결정) | 주요사항보고서(유상증자결정),,[기재정정]주요사항보고서(유상증자결정)(-15) | [기재정정]주요사항보고서(유상증자결정)(-15) | 주요사항보고서(유상증자결정)(-15) | [기재정정]주요사항보고서(유상증자결정)(-15) | [기재정정]최대주주변경을수반하는주식양수도계약체결              (-5),2026-05-29: [기재정정]주요사항보고서(유상증자결정) | 2026-05-29: [기재정정]소액공모공시서류(지분증권) | 2026-05-29: [기재정정]주요사항보고서(유상증자결정) | 2026-05-28: 주요사항보고서(유상증자결정) | 2026-05-15: 분기보고서 (2026.03),11
에코볼트,097780,-60,🚨 YES,"주권매매거래정지기간변경              (주식의 병합, 분할 등 전자등록 변경, 말소) | 주권매매거래정지              (주식의 병합, 분할 등 전자등록 변경, 말소)",,"주권매매거래정지기간변경              (주식의 병합, 분할 등 전자등록 변경, 말소)(-30) | 주권매매거래정지              (주식의 병합, 분할 등 전자등록 변경, 말소)(-30)",2026-06-01: 주식등의대량보유상황보고서(일반) | 2026-06-01: 임원ㆍ주요주주특정증권등소유상황보고서 | 2026-06-01: 주주총회소집공고 | 2026-06-01: [기재정정]주주총회소집결의              (임시주주총회) | 2026-06-01: 임원ㆍ주요주주특정증권등소유상황보고서,19
큐캐피탈,016600,-60,🚨 YES,주권매매거래정지해제              (액면병합 주권 변경상장) | 주권매매거래정지기간변경              (감자 주권 변경상장),,주권매매거래정지해제              (액면병합 주권 변경상장)(-30) | 주권매매거래정지기간변경              (감자 주권 변경상장)(-30),2026-06-02: [기재정정]대규모기업집단현황공시[연1회공시및1/4분기용(대표회사)] | 2026-06-01: [기재정정]대규모기업집단현황공시[연1회공시및1/4분기용(대표회사)] | 2026-06-01: 대규모기업집단현황공시[연1회(동일인용)] | 2026-06-01: 대규모기업집단현황공시[연1회공시및1/4분기용(대표회사)] | 2026-05-28: 주권매매거래정지해제              (액면병합 주권 변경상장),19
옵트론텍,082210,-60,🚨 YES,[기재정정]주요사항보고서(전환사채권발행결정) | [기재정정]주요사항보고서(전환사채권발행결정) | 주요사항보고서(전환사채권발행결정),,[기재정정]주요사항보고서(전환사채권발행결정)(-15) | [기재정정]주요사항보고서(전환사채권발행결정)(-15) | 주요사항보고서(전환사채권발행결정)(-15) | 주요사항보고서(전환사채권발행결정)(-15),2026-06-02: 주식등의대량보유상황보고서(일반) | 2026-06-02: 임원ㆍ주요주주특정증권등소유상황보고서 | 2026-06-01: 전환사채(해외전환사채포함)발행후만기전사채취득              (제15회차) | 2026-05-29: 주식등의대량보유상황보고서(일반) | 2026-05-29: 증권발행결과(자율공시)              (제19회차 CB),11
푸드나무,290720,-60,🚨 YES,[기재정정]주요사항보고서(유상증자결정) | [기재정정]주요사항보고서(유상증자결정) | [기재정정]주요사항보고서(유상증자결정),,[기재정정]주요사항보고서(유상증자결정)(-15) | [기재정정]주요사항보고서(유상증자결정)(-15) | [기재정정]주요사항보고서(유상증자결정)(-15) | 주요사항보고서(유상증자결정)(-15),2026-05-26: [기재정정]주요사항보고서(유상증자결정) | 2026-05-21: 대표이사변경               | 2026-05-18: 소액공모실적보고서 | 2026-05-18: 증권발행결과(자율공시)              (제3자배정 유상증자) | 2026-05-15: 임원ㆍ주요주주특정증권등거래계획철회보고서,12
지엔코,065060,-60,🚨 YES,[기재정정]주요사항보고서(유상증자결정) | 주요사항보고서(유상증자결정) | 주권매매거래정지해제              (액면병합 주권 변경상장),,[기재정정]주요사항보고서(유상증자결정)(-15) | 주요사항보고서(유상증자결정)(-15) | 주권매매거래정지해제              (액면병합 주권 변경상장)(-30),2026-06-02: [기재정정]대규모기업집단현황공시[연1회공시및1/4분기용(개별회사)] | 2026-06-01: 대규모기업집단현황공시[연1회공시및1/4분기용(개별회사)] | 2026-05-22: 임원ㆍ주요주주특정증권등소유상황보고서 | 2026-05-22: 주식등의대량보유상황보고서(일반) | 2026-05-15: 분기보고서 (2026.03),9
엣지파운드리,105550,-60,🚨 YES,[기재정정]주요사항보고서(전환사채권발행결정) | 주요사항보고서(전환사채권발행결정) | [기재정정]주요사항보고서(유상증자결정),,[기재정정]주요사항보고서(전환사채권발행결정)(-15) | 주요사항보고서(전환사채권발행결정)(-15) | [기재정정]주요사항보고서(유상증자결정)(-15) | 주요사항보고서(유상증자결정)(-15),2026-06-01: [기재정정]주요사항보고서(전환사채권발행결정) | 2026-05-27: 주요사항보고서(전환사채권발행결정) | 2026-05-15: 분기보고서 (2026.03) | 2026-05-14: [기재정정]주요사항보고서(유상증자결정) | 2026-05-14: [기재정정]주식병합결정              ,9
졸스,018700,-60,🚨 YES,[첨부정정]주요사항보고서(유상증자결정) | 주요사항보고서(유상증자결정) | 주권매매거래정지해제              (감자 주권 변경상장),,[첨부정정]주요사항보고서(유상증자결정)(-15) | 주요사항보고서(유상증자결정)(-15) | 주권매매거래정지해제              (감자 주권 변경상장)(-30),2026-05-29: 전환가액의조정              (제35회차) | 2026-05-20: 임원ㆍ주요주주특정증권등소유상황보고서 | 2026-05-20: 대표이사변경               | 2026-05-19: [첨부정정]주요사항보고서(유상증자결정) | 2026-05-19: 임원ㆍ주요주주특정증권등소유상황보고서,9
플래스크,041590,-60,🚨 YES,주권매매거래정지              (투자자 보호) | 주권매매거래정지해제              (상장폐지에 따른 정리매매 개시),,주권매매거래정지              (투자자 보호)(-30) | 주권매매거래정지해제              (상장폐지에 따른 정리매매 개시)(-30),2026-05-29: 주권관련사채권의취득결정               | 2026-05-27: 의결권대리행사권유참고서류 | 2026-05-27: 주주총회소집공고 | 2026-05-27: [기재정정]주주총회소집결의              (임시주주총회) | 2026-05-20: 기타시장안내              (정리매매 보류 관련),16
엑스플러스,373200,-60,🚨 YES,[첨부정정]주요사항보고서(유상증자결정) | [기재정정]주요사항보고서(유상증자결정) | 주권매매거래정지해제              (액면병합 주권 변경상장),,[첨부정정]주요사항보고서(유상증자결정)(-15) | [기재정정]주요사항보고서(유상증자결정)(-15) | 주권매매거래정지해제              (액면병합 주권 변경상장)(-30),2026-06-02: [기재정정]주요사항보고서(자기전환사채매도결정) | 2026-06-02: [기재정정]기타경영사항(자율공시)              (제2회차 CB 취득후 재매각) | 2026-06-02: [기재정정]기타경영사항(자율공시)              (제3회차 BW 취득후 재매각) | 2026-05-28: [첨부정정]주요사항보고서(유상증자결정) | 2026-05-27: 금전대여결정              ,14
골드앤에스,035290,-60,🚨 YES,"주권매매거래정지해제              (액면병합 주권 변경상장) | 주권매매거래정지              (주식의 병합, 분할 등 전자등록 변경, 말소)",,"주권매매거래정지해제              (액면병합 주권 변경상장)(-30) | 주권매매거래정지              (주식의 병합, 분할 등 전자등록 변경, 말소)(-30)","2026-05-28: 주권매매거래정지해제              (액면병합 주권 변경상장) | 2026-05-15: 분기보고서 (2026.03) | 2026-05-08: 주권매매거래정지              (주식의 병합, 분할 등 전자등록 변경, 말소) | 2026-05-06: [기재정정]주식병합결정              ",4
딥커머스,900110,-60,🚨 YES,"주권매매거래정지              (주식의 병합, 분할 등 전자등록 변경, 말소) | [기재정정]주권매매거래정지              ",,"주권매매거래정지              (주식의 병합, 분할 등 전자등록 변경, 말소)(-30) | [기재정정]주권매매거래정지              (-30)","2026-06-01: 분기보고서 (2026.03) | 2026-05-21: [기재정정]주식매수선택권부여에관한신고 | 2026-05-14: 주권매매거래정지              (주식의 병합, 분할 등 전자등록 변경, 말소) | 2026-05-06: [기재정정]주권매매거래정지               | 2026-05-06: [기재정정]주식병합결정              ",5
더코디,224060,-60,🚨 YES,[기재정정]주요사항보고서(유상증자결정) | [기재정정]주요사항보고서(전환사채권발행결정) | [기재정정]주요사항보고서(유상증자결정),,[기재정정]주요사항보고서(유상증자결정)(-15) | [기재정정]주요사항보고서(전환사채권발행결정)(-15) | [기재정정]주요사항보고서(유상증자결정)(-15) | [기재정정]주요사항보고서(전환사채권발행결정)(-15),2026-06-01: 전환가액의조정              (제9회차) | 2026-05-29: [기재정정]주요사항보고서(유상증자결정) | 2026-05-20: [기재정정]주요사항보고서(전환사채권발행결정) | 2026-05-19: [기재정정]주요사항보고서(유상증자결정) | 2026-05-18: [기재정정]주요사항보고서(전환사채권발행결정),8
광진실업,026910,-60,🚨 YES,[기재정정]주요사항보고서(유상증자결정) | [기재정정]주요사항보고서(유상증자결정) | 주요사항보고서(유상증자결정),,[기재정정]주요사항보고서(유상증자결정)(-15) | [기재정정]주요사항보고서(유상증자결정)(-15) | 주요사항보고서(유상증자결정)(-15) | 주요사항보고서(유상증자결정)(-15),2026-06-01: [기재정정]증권발행결과(자율공시)              (제3자배정 유상증자) | 2026-06-01: 증권발행결과(자율공시)              (제3자배정 유상증자) | 2026-05-22: [기재정정]주요사항보고서(유상증자결정) | 2026-05-19: [기재정정]주요사항보고서(유상증자결정) | 2026-05-14: 분기보고서 (2026.03),10
캔버스엔,210120,-60,🚨 YES,[기재정정]주요사항보고서(전환사채권발행결정) | [기재정정]주요사항보고서(전환사채권발행결정) | [기재정정]주요사항보고서(전환사채권발행결정),,[기재정정]주요사항보고서(전환사채권발행결정)(-15) | [기재정정]주요사항보고서(전환사채권발행결정)(-15) | [기재정정]주요사항보고서(전환사채권발행결정)(-15) | [기재정정]주요사항보고서(유상증자결정)(-15),2026-06-02: 주주명부폐쇄기간또는기준일설정               | 2026-06-02: 주주총회소집결의              (임시주주총회) | 2026-05-20: [기재정정]주요사항보고서(전환사채권발행결정) | 2026-05-20: [기재정정]주요사항보고서(전환사채권발행결정) | 2026-05-18: 사외이사의선임ㆍ해임또는중도퇴임에관한신고,17
젬백스,082270,-60,🚨 YES,주요사항보고서(전환사채권발행결정) | [기재정정]주요사항보고서(유상증자결정),,[기재정정]최대주주변경을수반하는주식담보제공계약체결              (-5) | [기재정정]최대주주변경을수반하는주식담보제공계약체결              (-5) | 주요사항보고서(전환사채권발행결정)(-15) | [기재정정]주요사항보고서(유상증자결정)(-15) | [기재정정]최대주주변경을수반하는주식담보제공계약체결              (-5),2026-06-02: [기재정정]최대주주변경을수반하는주식담보제공계약체결               | 2026-06-01: [기재정정]최대주주변경을수반하는주식담보제공계약체결               | 2026-06-01: 증권발행결과(자율공시)               | 2026-05-22: 주요사항보고서(전환사채권발행결정) | 2026-05-22: [기재정정]주요사항보고서(유상증자결정),15
유일에너테크,340930,-60,🚨 YES,주권매매거래정지기간변경              (회생절차 개시결정) | 주권매매거래정지기간변경              (개선기간 부여),,주권매매거래정지기간변경              (회생절차 개시결정)(-30) | 주권매매거래정지기간변경              (개선기간 부여)(-30),2026-06-01: 임원ㆍ주요주주특정증권등소유상황보고서 | 2026-05-15: 분기보고서 (2026.03) | 2026-05-11: 주권매매거래정지기간변경              (회생절차 개시결정) | 2026-05-11: 주요사항보고서(부도발생) | 2026-05-11: 회생절차개시결정              ,7
휴림에이텍,078590,-60,🚨 YES,주권매매거래정지해제              (감자 주권 변경상장) | [기재정정]주요사항보고서(유상증자결정) | [기재정정]주요사항보고서(유상증자결정),,주권매매거래정지해제              (감자 주권 변경상장)(-30) | [기재정정]주요사항보고서(유상증자결정)(-15) | [기재정정]주요사항보고서(유상증자결정)(-15),2026-05-26: 주권매매거래정지해제              (감자 주권 변경상장) | 2026-05-21: [기재정정]주요사항보고서(유상증자결정) | 2026-05-14: 분기보고서 (2026.03) | 2026-05-14: [기재정정]주요사항보고서(유상증자결정) | 2026-05-13: 정정신고서제출요구( 2026.04.27. 제출 증권신고서(지분증권) ),6
소프트센,032680,-60,🚨 YES,기타시장안내              (소프트센 1우선주 관리종목지정 우려예고) | 주권매매거래정지해제              (액면병합 주권 변경상장),,기타시장안내              (소프트센 1우선주 관리종목지정 우려예고)(-30) | 주권매매거래정지해제              (액면병합 주권 변경상장)(-30),2026-06-01: 기타시장안내              (소프트센 1우선주 관리종목지정 우려예고) | 2026-05-28: 임원ㆍ주요주주특정증권등거래계획보고서 | 2026-05-22: 주권매매거래정지해제              (액면병합 주권 변경상장) | 2026-05-15: 분기보고서 (2026.03) | 2026-05-13: 주식등의대량보유상황보고서(일반),9
씨엔플러스,115530,-60,🚨 YES,주권매매거래정지해제              (액면병합 주권 변경상장) | [기재정정]주요사항보고서(전환사채권발행결정) | [기재정정]주요사항보고서(전환사채권발행결정),,주권매매거래정지해제              (액면병합 주권 변경상장)(-30) | [기재정정]주요사항보고서(전환사채권발행결정)(-15) | [기재정정]주요사항보고서(전환사채권발행결정)(-15),2026-05-22: 주권매매거래정지해제              (액면병합 주권 변경상장) | 2026-05-18: 전환가액의조정              (제8회차) | 2026-05-18: 전환가액의조정              (제7회차) | 2026-05-15: 분기보고서 (2026.03) | 2026-05-06: [기재정정]주요사항보고서(전환사채권발행결정),6
탑선,180060,-55,🚨 YES,[첨부정정]주요사항보고서(유상증자결정) | [기재정정]주요사항보고서(유상증자결정) | [첨부정정]주요사항보고서(전환사채권발행결정),[기재정정]단일판매ㆍ공급계약체결(자율공시)              (+5),[첨부정정]주요사항보고서(유상증자결정)(-15) | [기재정정]주요사항보고서(유상증자결정)(-15) | [첨부정정]주요사항보고서(전환사채권발행결정)(-15) | [기재정정]주요사항보고서(전환사채권발행결정)(-15),2026-05-27: [첨부정정]주요사항보고서(유상증자결정) | 2026-05-27: [기재정정]주요사항보고서(유상증자결정) | 2026-05-22: 임원ㆍ주요주주특정증권등거래계획철회보고서 | 2026-05-21: [기재정정]단일판매ㆍ공급계약체결(자율공시)               | 2026-05-21: 기업설명회(IR)개최              ,7
씨씨에스,066790,-50,🚨 YES,[기재정정]주요사항보고서(감자결정) | [기재정정]주요사항보고서(감자결정),,[기재정정]주요사항보고서(감자결정)(-20) | [기재정정]최대주주변경을수반하는주식양수도계약체결              (-5) | [기재정정]주요사항보고서(감자결정)(-20) | [기재정정]최대주주변경을수반하는주식양수도계약체결              (-5),2026-06-01: 소송등의제기ㆍ신청(경영권분쟁소송)              (임시주주총회 개최금지 가처분) | 2026-05-29: 투자판단관련주요경영사항              (소액주주에 의한 [일시 이사의 직무를 행할자의 선임에 관한 재판요청서] 기각결정에 대한 즉시항고장 접수) | 2026-05-29: 소송등의제기ㆍ신청(경영권분쟁소송)              (직무대행자선임 가처분) | 2026-05-29: 소송등의제기ㆍ신청(경영권분쟁소송)              (주주총회결의 집행금지 가처분) | 2026-05-28: [기재정정]의결권대리행사권유참고서류,38
케스피온,079190,-50,🚨 YES,주요사항보고서(감자결정) | 주권매매거래정지              (자본감소),,주요사항보고서(감자결정)(-20) | 주권매매거래정지              (자본감소)(-30),2026-05-28: 의결권대리행사권유참고서류 | 2026-05-28: 주주총회소집공고 | 2026-05-28: [기재정정]주주총회소집결의              (임시주주총회) | 2026-05-28: 주요사항보고서(감자결정) | 2026-05-28: 주권매매거래정지              (자본감소),6
태광산업,003240,-50,🚨 YES,횡령ㆍ배임혐의발생               | 횡령ㆍ배임혐의발생              ,,횡령ㆍ배임혐의발생              (-25) | 횡령ㆍ배임혐의발생              (-25),2026-06-02: 풍문또는보도에대한해명(미확정)               | 2026-06-01: [기재정정]대규모기업집단현황공시[연1회공시및1/4분기용(대표회사)] | 2026-06-01: 대규모기업집단현황공시[연1회공시및1/4분기용(대표회사)] | 2026-05-29: 기업지배구조보고서공시               | 2026-05-29: 대규모기업집단현황공시[연1회(동일인용)],14
BNK금융지주,138930,-50,🚨 YES,횡령ㆍ배임사실확인(자회사의 주요경영사항)               | 횡령ㆍ배임사실확인(자회사의 주요경영사항)              ,,횡령ㆍ배임사실확인(자회사의 주요경영사항)              (-25) | 횡령ㆍ배임사실확인(자회사의 주요경영사항)              (-25),2026-06-02: 횡령ㆍ배임사실확인(자회사의 주요경영사항)               | 2026-05-28: 증권발행실적보고서 | 2026-05-28: [기재정정]상각형조건부자본증권발행결정(자회사의 주요경영사항)               | 2026-05-28: 임원ㆍ주요주주특정증권등소유상황보고서 | 2026-05-28: 임원ㆍ주요주주특정증권등소유상황보고서,22
아리바이오LAB,261780,-50,🚨 YES,[기재정정]주요사항보고서(유상증자결정) | [기재정정]주요사항보고서(전환사채권발행결정) | 주요사항보고서(전환사채권발행결정),,최대주주변경을수반하는주식담보제공계약해제ㆍ취소등              (-5) | [기재정정]주요사항보고서(유상증자결정)(-15) | [기재정정]주요사항보고서(전환사채권발행결정)(-15) | 주요사항보고서(전환사채권발행결정)(-15),2026-06-01: 최대주주변경을수반하는주식담보제공계약해제ㆍ취소등               | 2026-05-29: [기재정정]주요사항보고서(유상증자결정) | 2026-05-28: [기재정정]주요사항보고서(전환사채권발행결정) | 2026-05-15: 분기보고서 (2026.03) | 2026-05-15: 투자판단관련주요경영사항              (경영지배인 선임의 건),13
대호에이엘,069460,-50,🚨 YES,횡령ㆍ배임혐의발생               | 횡령ㆍ배임혐의발생              ,,횡령ㆍ배임혐의발생              (-25) | 횡령ㆍ배임혐의발생              (-25),2026-06-02: [기재정정]주식등의대량보유상황보고서(일반) | 2026-06-02: 주식등의대량보유상황보고서(일반) | 2026-06-02: 소송등의제기ㆍ신청(경영권분쟁소송)               | 2026-06-01: 기업지배구조보고서공시               | 2026-05-29: [기재정정]의결권대리행사권유참고서류,18
비큐AI,148780,-50,🚨 YES,주요사항보고서(감자결정) | 주권매매거래정지              (자본감소),,주요사항보고서(감자결정)(-20) | 주권매매거래정지              (자본감소)(-30),2026-05-27: 임원ㆍ주요주주특정증권등소유상황보고서 | 2026-05-27: 주식등의대량보유상황보고서(일반) | 2026-05-26: [기재정정]주주총회소집결의              (임시주주총회) | 2026-05-26: 임원ㆍ주요주주특정증권등소유상황보고서 | 2026-05-26: 주식등의대량보유상황보고서(일반),11
휴온스,243070,-48,🚨 YES,주권매매거래정지해제              (우회상장 미해당) | 주권매매거래정지              (우회상장여부 및 요건충족확인),[기재정정]주요사항보고서(회사합병결정)(+3) | [기재정정]주요사항보고서(회사합병결정)(+3) | 주요사항보고서(회사합병결정)(+3) | 연결재무제표기준영업(잠정)실적(공정공시)              (+3),주권매매거래정지해제              (우회상장 미해당)(-30) | 주권매매거래정지              (우회상장여부 및 요건충족확인)(-30),2026-05-28: [기재정정]주주총회소집결의              (임시주주총회) | 2026-05-28: [기재정정]주요사항보고서(회사합병결정) | 2026-05-27: [기재정정]주요사항보고서(회사합병결정) | 2026-05-22: 기타경영사항(자율공시)              (소규모합병 승인 이사회 결의(주주총회 갈음) 결과 보고) | 2026-05-18: 주권매매거래정지해제              (우회상장 미해당),15
포니링크,064800,-45,🚨 YES,주요사항보고서(전환사채권발행결정) | 주권매매거래정지해제              (액면병합 주권 변경상장),,주요사항보고서(전환사채권발행결정)(-15) | 주권매매거래정지해제              (액면병합 주권 변경상장)(-30),2026-05-29: 주요사항보고서(전환사채권발행결정) | 2026-05-29: 전환사채(해외전환사채포함)발행후만기전사채취득               | 2026-05-18: 주권매매거래정지해제              (액면병합 주권 변경상장) | 2026-05-15: 분기보고서 (2026.03) | 2026-05-14: [기재정정]금전대여결정              ,5
위지트,036090,-45,🚨 YES,주요사항보고서(유상증자결정) | 주권매매거래정지해제              (감자 주권 변경상장),,주요사항보고서(유상증자결정)(-15) | 주권매매거래정지해제              (감자 주권 변경상장)(-30),2026-06-02: 주요사항보고서(유상증자결정) | 2026-05-18: 주권매매거래정지해제              (감자 주권 변경상장) | 2026-05-15: 분기보고서 (2026.03) | 2026-05-08: 임원ㆍ주요주주특정증권등소유상황보고서 | 2026-05-06: 감자완료              ,6
사토시홀딩스,223310,-45,🚨 YES,주권매매거래정지해제              (액면병합 주권 변경상장) | [기재정정]주요사항보고서(전환사채권발행결정),,주권매매거래정지해제              (액면병합 주권 변경상장)(-30) | [기재정정]주요사항보고서(전환사채권발행결정)(-15),2026-06-02: 타법인주식및출자증권처분결정               | 2026-05-29: 주식등의대량보유상황보고서(약식) | 2026-05-26: 전환가액의조정              (제9회차) | 2026-05-21: 주식등의대량보유상황보고서(약식) | 2026-05-15: 분기보고서 (2026.03),7
쏘카,403550,-45,🚨 YES,[기재정정]주요사항보고서(유상증자결정) | 유상증자결정(종속회사의주요경영사항)               | 유상증자결정(종속회사의주요경영사항)              ,,[기재정정]주요사항보고서(유상증자결정)(-15) | 유상증자결정(종속회사의주요경영사항)              (-15) | 유상증자결정(종속회사의주요경영사항)              (-15),2026-05-29: 기업지배구조보고서공시               | 2026-05-27: 임원ㆍ주요주주특정증권등소유상황보고서 | 2026-05-27: 주식등의대량보유상황보고서(약식) | 2026-05-19: 의결권대리행사권유참고서류 | 2026-05-19: 주주총회소집공고,19
에이루트,096690,-45,🚨 YES,주요사항보고서(전환사채권발행결정) | 주권매매거래정지해제              (감자 주권 변경상장),,주요사항보고서(전환사채권발행결정)(-15) | 주권매매거래정지해제              (감자 주권 변경상장)(-30),2026-06-01: 임원ㆍ주요주주특정증권등소유상황보고서 | 2026-05-27: 주식등의대량보유상황보고서(일반) | 2026-05-27: 임원ㆍ주요주주특정증권등소유상황보고서 | 2026-05-27: 임원ㆍ주요주주특정증권등소유상황보고서 | 2026-05-26: 임원ㆍ주요주주특정증권등소유상황보고서,14
한화솔루션,009830,-45,🚨 YES,[기재정정]주요사항보고서(유상증자결정) | [기재정정]주요사항보고서(유상증자결정) | [기재정정]주요사항보고서(유상증자결정),,[기재정정]주요사항보고서(유상증자결정)(-15) | [기재정정]주요사항보고서(유상증자결정)(-15) | [기재정정]주요사항보고서(유상증자결정)(-15),2026-06-01: 기업지배구조보고서공시               | 2026-05-29: 대규모기업집단현황공시[연1회공시및1/4분기용(개별회사)] | 2026-05-26: [기재정정]주주명부폐쇄기간또는기준일설정               | 2026-05-26: [기재정정]증권신고서(지분증권) | 2026-05-26: [기재정정]주요사항보고서(유상증자결정),16
알체라,347860,-45,🚨 YES,주요사항보고서(전환사채권발행결정) | 주요사항보고서(유상증자결정) | 주요사항보고서(유상증자결정),,주요사항보고서(전환사채권발행결정)(-15) | 주요사항보고서(유상증자결정)(-15) | 주요사항보고서(유상증자결정)(-15),2026-05-26: 소송등의판결ㆍ결정(일정금액이상의청구)              (약정금 청구 소송) | 2026-05-21: 증권발행결과(자율공시)              (제4회차 CB) | 2026-05-21: 증권발행결과(자율공시)              (제3자배정 유상증자-전환우선주) | 2026-05-21: 증권발행결과(자율공시)              (제3자배정 유상증자) | 2026-05-15: 분기보고서 (2026.03),11
오에스피,368970,-45,🚨 YES,주권매매거래정지해제              (액면병합 주권 변경상장) | 주요사항보고서(유상증자결정),,주권매매거래정지해제              (액면병합 주권 변경상장)(-30) | 주요사항보고서(유상증자결정)(-15),2026-06-02: 소액공모실적보고서 | 2026-06-02: 증권발행결과(자율공시)              (제3자배정 유상증자) | 2026-05-28: 소액공모공시서류(지분증권) | 2026-05-27: 주권매매거래정지해제              (액면병합 주권 변경상장) | 2026-05-22: 주요사항보고서(유상증자결정),9
GRT,900290,-45,🚨 YES,[기재정정]주요사항보고서(유상증자결정) | [기재정정]주요사항보고서(유상증자결정) | [기재정정]주요사항보고서(유상증자결정),,[기재정정]주요사항보고서(유상증자결정)(-15) | [기재정정]주요사항보고서(유상증자결정)(-15) | [기재정정]주요사항보고서(유상증자결정)(-15),2026-06-01: 분기보고서 (2026.03) | 2026-05-28: [기재정정]주요사항보고서(유상증자결정) | 2026-05-20: [기재정정]주요사항보고서(유상증자결정) | 2026-05-06: [기재정정]주요사항보고서(유상증자결정),4
모바일어플라이언스,087260,-45,🚨 YES,[기재정정]주요사항보고서(유상증자결정) | [기재정정]주요사항보고서(유상증자결정),,[기재정정]주요사항보고서(유상증자결정)(-15) | [기재정정]주요사항보고서(유상증자결정)(-15) | 최대주주변경을수반하는주식담보제공계약해제ㆍ취소등              (-5) | 최대주주변경              (-5) | 최대주주변경을수반하는주식담보제공계약체결              (-5),2026-06-01: [기재정정]주요사항보고서(유상증자결정) | 2026-06-01: 사외이사의선임ㆍ해임또는중도퇴임에관한신고 | 2026-05-28: [기재정정]주요사항보고서(유상증자결정) | 2026-05-26: 소송등의제기ㆍ신청(경영권분쟁소송)               | 2026-05-21: 주식등의대량보유상황보고서(일반),16
TS트릴리온,317240,-45,🚨 YES,주요사항보고서(전환사채권발행결정) | 주권매매거래정지해제              (액면병합 주권 변경상장),,주요사항보고서(전환사채권발행결정)(-15) | 주권매매거래정지해제              (액면병합 주권 변경상장)(-30),2026-05-27: 임원ㆍ주요주주특정증권등소유상황보고서 | 2026-05-26: 임원ㆍ주요주주특정증권등소유상황보고서 | 2026-05-15: 증권발행결과(자율공시)              (제4회차 CB) | 2026-05-15: 분기보고서 (2026.03) | 2026-05-08: 임원ㆍ주요주주특정증권등소유상황보고서,10
큐로홀딩스,051780,-45,🚨 YES,[기재정정]주요사항보고서(유상증자결정) | 주권매매거래정지해제              (액면병합 주권 변경상장),,[기재정정]주요사항보고서(유상증자결정)(-15) | 주권매매거래정지해제              (액면병합 주권 변경상장)(-30),2026-06-01: [기재정정]대규모기업집단현황공시[연1회공시및1/4분기용(개별회사)] | 2026-06-01: 대규모기업집단현황공시[연1회공시및1/4분기용(개별회사)] | 2026-05-15: 분기보고서 (2026.03) | 2026-05-12: 전환청구권행사               | 2026-05-08: [기재정정]증권발행결과(자율공시)              ,9
에이전트AI,060900,-45,🚨 YES,[기재정정]주요사항보고서(유상증자결정) | [기재정정]주요사항보고서(유상증자결정) | [기재정정]주요사항보고서(유상증자결정),,[기재정정]주요사항보고서(유상증자결정)(-15) | [기재정정]주요사항보고서(유상증자결정)(-15) | [기재정정]주요사항보고서(유상증자결정)(-15),2026-05-29: [기재정정]주요사항보고서(자기전환사채매도결정) | 2026-05-21: [기재정정]증권신고서(지분증권) | 2026-05-21: [기재정정]주요사항보고서(유상증자결정) | 2026-05-20: [기재정정]주요사항보고서(유상증자결정) | 2026-05-15: 분기보고서 (2026.03),8
서울전자통신,027040,-45,🚨 YES,주권매매거래정지해제              (액면병합 주권 변경상장),,최대주주변경을수반하는주식담보제공계약체결              (-5) | 최대주주변경              (-5) | 주권매매거래정지해제              (액면병합 주권 변경상장)(-30) | 최대주주변경을수반하는주식양수도계약체결              (-5),2026-05-29: 임원ㆍ주요주주특정증권등소유상황보고서 | 2026-05-29: 주식등의대량보유상황보고서(약식) | 2026-05-29: 임원ㆍ주요주주특정증권등소유상황보고서 | 2026-05-29: 주식등의대량보유상황보고서(약식) | 2026-05-29: 임원ㆍ주요주주특정증권등소유상황보고서,18
엑시온그룹,069920,-45,🚨 YES,기타주요경영사항              (유상증자결정(제3자배정) 철회) | [기재정정]주요사항보고서(유상증자결정) | [기재정정]주요사항보고서(유상증자결정),,기타주요경영사항              (유상증자결정(제3자배정) 철회)(-15) | [기재정정]주요사항보고서(유상증자결정)(-15) | [기재정정]주요사항보고서(유상증자결정)(-15),2026-05-29: [기재정정]주요사항보고서(유형자산양수결정) | 2026-05-21: [기재정정]주주총회소집공고 | 2026-05-21: [기재정정]주주총회소집결의              (임시주주총회) | 2026-05-20: [기재정정]타인에대한채무보증결정               | 2026-05-15: 분기보고서 (2026.03),10
해성에어로보틱스,059270,-45,🚨 YES,[기재정정]주요사항보고서(전환사채권발행결정) | [첨부정정]주요사항보고서(전환사채권발행결정) | 주요사항보고서(전환사채권발행결정),,[기재정정]주요사항보고서(전환사채권발행결정)(-15) | [첨부정정]주요사항보고서(전환사채권발행결정)(-15) | 주요사항보고서(전환사채권발행결정)(-15),2026-05-27: 증권발행결과(자율공시)              (제3회차 CB) | 2026-05-22: [기재정정]주요사항보고서(전환사채권발행결정) | 2026-05-20: [첨부정정]주요사항보고서(전환사채권발행결정) | 2026-05-19: 주요사항보고서(전환사채권발행결정) | 2026-05-14: 분기보고서 (2026.03),5
셀피글로벌,068940,-45,🚨 YES,[기재정정]주요사항보고서(전환사채권발행결정) | [기재정정]주요사항보고서(전환사채권발행결정) | [기재정정]주요사항보고서(유상증자결정),,[기재정정]주요사항보고서(전환사채권발행결정)(-15) | [기재정정]주요사항보고서(전환사채권발행결정)(-15) | [기재정정]주요사항보고서(유상증자결정)(-15),2026-05-29: [기재정정]주요사항보고서(전환사채권발행결정) | 2026-05-29: [기재정정]주요사항보고서(전환사채권발행결정) | 2026-05-26: 소송등의제기ㆍ신청(경영권분쟁소송)              (직무집행정지 등 가처분) | 2026-05-15: 분기보고서 (2026.03) | 2026-05-08: [기재정정]주요사항보고서(유상증자결정),6
한울앤제주,276730,-45,🚨 YES,주요사항보고서(유상증자결정) | 주요사항보고서(전환사채권발행결정) | 주요사항보고서(전환사채권발행결정),,주요사항보고서(유상증자결정)(-15) | 주요사항보고서(전환사채권발행결정)(-15) | 주요사항보고서(전환사채권발행결정)(-15),2026-05-28: 주식등의대량보유상황보고서(일반) | 2026-05-28: [기재정정]주주총회소집결의              (임시주주총회) | 2026-05-15: 주식등의대량보유상황보고서(일반) | 2026-05-14: 주식등의대량보유상황보고서(약식) | 2026-05-13: 주식등의대량보유상황보고서(약식),12
이오플로우,294090,-45,🚨 YES,주권매매거래정지기간변경              (상장적격성 실질심사 대상(사유발생)) | [기재정정]주요사항보고서(전환사채권발행결정),,주권매매거래정지기간변경              (상장적격성 실질심사 대상(사유발생))(-30) | [기재정정]주요사항보고서(전환사채권발행결정)(-15),2026-05-29: 소송등의판결ㆍ결정              (영업비밀보호법(“DTSA”)에 따른 영업비밀) | 2026-05-28: 임원ㆍ주요주주특정증권등소유상황보고서 | 2026-05-27: 임원ㆍ주요주주특정증권등소유상황보고서 | 2026-05-22: [기재정정]주식매수선택권부여에관한신고 | 2026-05-22: 주식매수선택권부여에관한신고,14
인콘,083640,-45,🚨 YES,주요사항보고서(전환사채권발행결정) | 주권매매거래정지해제              (액면병합 주권 변경상장),,주요사항보고서(전환사채권발행결정)(-15) | 주권매매거래정지해제              (액면병합 주권 변경상장)(-30),2026-05-15: 분기보고서 (2026.03) | 2026-05-14: 주요사항보고서(전환사채권발행결정) | 2026-05-08: 주권매매거래정지해제              (액면병합 주권 변경상장) | 2026-05-06: 주요사항보고서(유형자산양수결정),4
애드바이오텍,179530,-45,🚨 YES,주요사항보고서(전환사채권발행결정) | [기재정정]주요사항보고서(유상증자결정) | [기재정정]주요사항보고서(유상증자결정),,주요사항보고서(전환사채권발행결정)(-15) | [기재정정]주요사항보고서(유상증자결정)(-15) | [기재정정]주요사항보고서(유상증자결정)(-15),2026-05-28: 주요사항보고서(전환사채권발행결정) | 2026-05-27: [기재정정]주요사항보고서(유상증자결정) | 2026-05-22: 주식등의대량보유상황보고서(약식) | 2026-05-21: 의결권대리행사권유참고서류 | 2026-05-21: 주주총회소집공고,11
에이프로젠바이오로직스,003060,-45,🚨 YES,[기재정정]주요사항보고서(전환사채권발행결정) | 주요사항보고서(전환사채권발행결정) | 주요사항보고서(전환사채권발행결정),,[기재정정]주요사항보고서(전환사채권발행결정)(-15) | 주요사항보고서(전환사채권발행결정)(-15) | 주요사항보고서(전환사채권발행결정)(-15),2026-06-02: [기재정정]주요사항보고서(전환사채권발행결정) | 2026-06-01: 기업지배구조보고서공시               | 2026-05-29: 유상증자또는주식관련사채등의발행결과(자율공시)               | 2026-05-26: 주요사항보고서(전환사채권발행결정) | 2026-05-22: 주식등의대량보유상황보고서(약식),15
경남제약,053950,-45,🚨 YES,주요사항보고서(유상증자결정) | 주권매매거래정지해제              (액면병합 주권 변경상장),,주요사항보고서(유상증자결정)(-15) | 주권매매거래정지해제              (액면병합 주권 변경상장)(-30),2026-05-26: 임시주주총회결과               | 2026-05-21: 증권신고서(지분증권) | 2026-05-21: 주요사항보고서(유상증자결정) | 2026-05-21: 주주명부폐쇄기간또는기준일설정               | 2026-05-21: 주식등의대량보유상황보고서(일반),10
HLB생명과학,067630,-45,🚨 YES,주요사항보고서(전환사채권발행결정) | 주권매매거래정지              (중요한 영업정지),,주요사항보고서(전환사채권발행결정)(-15) | 주권매매거래정지              (중요한 영업정지)(-30),2026-05-29: 전환사채(해외전환사채포함)발행후만기전사채취득              (제13회차) | 2026-05-28: 주요사항보고서(전환사채권발행결정) | 2026-05-21: 교환가액의조정              (제16회차) | 2026-05-15: 주권매매거래정지              (중요한 영업정지) | 2026-05-15: 주요사항보고서(영업정지),6
한국타이어앤테크놀로지,161390,-44,🚨 YES,횡령ㆍ배임사실확인               | 횡령ㆍ배임사실확인              ,회사합병결정(종속회사의주요경영사항)              (+3) | 연결재무제표기준영업(잠정)실적(공정공시)              (+3),횡령ㆍ배임사실확인              (-25) | 횡령ㆍ배임사실확인              (-25),2026-06-01: 기업지배구조보고서공시               | 2026-06-01: 대규모기업집단현황공시[연1회공시및1/4분기용(개별회사)] | 2026-05-15: 분기보고서 (2026.03) | 2026-05-13: 회사합병결정(종속회사의주요경영사항)               | 2026-05-08: 횡령ㆍ배임사실확인              ,7
유티아이,179900,-42,🚨 YES,[기재정정]주요사항보고서(전환사채권발행결정) | [기재정정]주요사항보고서(전환사채권발행결정) | 주요사항보고서(전환사채권발행결정),[기재정정]유형자산취득결정(종속회사의주요경영사항)              (+3),[기재정정]주요사항보고서(전환사채권발행결정)(-15) | [기재정정]주요사항보고서(전환사채권발행결정)(-15) | 주요사항보고서(전환사채권발행결정)(-15),2026-06-01: 전환사채(해외전환사채포함)발행후만기전사채취득              (제1회차) | 2026-06-01: [기재정정]주요사항보고서(전환사채권발행결정) | 2026-05-29: 증권발행결과(자율공시)              (제6회차 CB) | 2026-05-29: 전환사채(해외전환사채포함)발행후만기전사채취득              (제1회사) | 2026-05-28: [기재정정]주식등의대량보유상황보고서(일반),13
스코넥,276040,-40,🚨 YES,[기재정정]주요사항보고서(유상증자결정) | 주권매매거래정지기간변경              (파산신청),[기재정정]단일판매ㆍ공급계약체결              (+5),[기재정정]주요사항보고서(유상증자결정)(-15) | 주권매매거래정지기간변경              (파산신청)(-30),2026-05-29: [기재정정]단일판매ㆍ공급계약체결               | 2026-05-28: [기재정정]주요사항보고서(유상증자결정) | 2026-05-27: 사외이사의선임ㆍ해임또는중도퇴임에관한신고 | 2026-05-18: 분기보고서 (2026.03) | 2026-05-11: 주권매매거래정지기간변경              (파산신청),6
동성제약,002210,-40,🚨 YES,[기재정정]주요사항보고서(감자결정) | [기재정정]주요사항보고서(감자결정),,[기재정정]주요사항보고서(감자결정)(-20) | [기재정정]주요사항보고서(감자결정)(-20),2026-06-01: [첨부추가]기업지배구조보고서공시               | 2026-06-01: 대규모기업집단현황공시[연1회공시및1/4분기용(개별회사)] | 2026-05-22: 기타시장안내              (개선계획 이행 여부 심의 요청) | 2026-05-20: 기타안내사항(안내공시)               | 2026-05-15: [기재정정]주주명부폐쇄기간또는기준일설정              ,18
크레오에스지,040350,-40,🚨 YES,주권매매거래정지해제              (액면병합 주권 변경상장) | 주요사항보고서(전환사채권발행결정),단일판매ㆍ공급계약체결              (+5),주권매매거래정지해제              (액면병합 주권 변경상장)(-30) | 주요사항보고서(전환사채권발행결정)(-15),2026-06-01: 대규모기업집단현황공시[연1회공시및1/4분기용(개별회사)] | 2026-05-22: 단일판매ㆍ공급계약체결               | 2026-05-18: 증권발행결과(자율공시)              (제24회차 CB) | 2026-05-15: 분기보고서 (2026.03) | 2026-05-11: 주권매매거래정지해제              (액면병합 주권 변경상장),8
모아데이타,288980,-40,🚨 YES,[기재정정]주요사항보고서(전환사채권발행결정) | [기재정정]주요사항보고서(전환사채권발행결정),,[기재정정]주요사항보고서(전환사채권발행결정)(-15) | [기재정정]주요사항보고서(전환사채권발행결정)(-15) | [기재정정]최대주주변경을수반하는주식담보제공계약체결              (-5) | [기재정정]최대주주변경을수반하는주식담보제공계약체결              (-5),2026-06-01: [기재정정]주주총회소집결의              (임시주주총회) | 2026-06-01: 주식병합결정               | 2026-05-29: [기재정정]주요사항보고서(전환사채권발행결정) | 2026-05-27: [기재정정]주요사항보고서(전환사채권발행결정) | 2026-05-20: 주식등의대량보유상황보고서(일반),16
한화,000880,-37,🚨 YES,[기재정정]유상증자결정(종속회사의주요경영사항)               | [기재정정]유상증자결정(종속회사의주요경영사항)               | [기재정정]유상증자결정(종속회사의주요경영사항)              ,주식소각결정              (+5) | 영업(잠정)실적(공정공시)              (+3),[기재정정]유상증자결정(종속회사의주요경영사항)              (-15) | [기재정정]유상증자결정(종속회사의주요경영사항)              (-15) | [기재정정]유상증자결정(종속회사의주요경영사항)              (-15),2026-06-02: 특수관계인에대한출자 | 2026-06-02: [기재정정]증권신고서(분할) | 2026-06-02: 중대재해발생(종속회사의주요경영사항)               | 2026-06-01: 임원ㆍ주요주주특정증권등소유상황보고서 | 2026-06-01: 기업지배구조보고서공시              ,24
엑스페릭스,317770,-36,🚨 YES,[기재정정]주요사항보고서(전환사채권발행결정) | 주요사항보고서(전환사채권발행결정) | 주요사항보고서(전환사채권발행결정),[첨부추가]주요사항보고서(회사합병결정)(+3) | [기재정정]주요사항보고서(회사합병결정)(+3) | [첨부정정]주요사항보고서(회사합병결정)(+3),[기재정정]주요사항보고서(전환사채권발행결정)(-15) | 주요사항보고서(전환사채권발행결정)(-15) | 주요사항보고서(전환사채권발행결정)(-15),2026-05-29: [기재정정]주요사항보고서(전환사채권발행결정) | 2026-05-28: 신주인수권부사채(해외신주인수권부사채포함)발행후만기전사채취득              (제2회차) | 2026-05-26: 전환가액의조정              (제4회차) | 2026-05-20: [기재정정]타법인주식및출자증권처분결정               | 2026-05-20: 주권관련사채권의처분결정              ,16
핑거,163730,-35,🚨 YES,[기재정정]주요사항보고서(전환사채권발행결정) | [기재정정]주요사항보고서(신주인수권부사채권발행결정),,최대주주변경              (-5) | [기재정정]주요사항보고서(전환사채권발행결정)(-15) | [기재정정]주요사항보고서(신주인수권부사채권발행결정)(-15),2026-06-01: 주식등의대량보유상황보고서(일반) | 2026-05-29: 임원ㆍ주요주주특정증권등소유상황보고서 | 2026-05-28: 주식등의대량보유상황보고서(약식) | 2026-05-26: 주식등의대량보유상황보고서(약식) | 2026-05-26: 임원ㆍ주요주주특정증권등소유상황보고서,21
동양,001520,-35,🚨 YES,매매거래정지및정지해제(중요내용공시)               | 주요사항보고서(유상증자결정),주식소각결정              (+5) | [기재정정]단일판매ㆍ공급계약체결(자율공시)              (+5),매매거래정지및정지해제(중요내용공시)              (-30) | 주요사항보고서(유상증자결정)(-15),2026-06-02: 임원ㆍ주요주주특정증권등소유상황보고서 | 2026-06-02: 임원ㆍ주요주주특정증권등소유상황보고서 | 2026-06-02: [기재정정]주식병합결정               | 2026-06-02: 타인에대한채무보증결정               | 2026-06-02: 주주총회소집결의              ,22
진원생명과학,011000,-35,🚨 YES,[기재정정]주요사항보고서(감자결정) | [기재정정]유상증자결정(종속회사의주요경영사항)              ,,[기재정정]주요사항보고서(감자결정)(-20) | [기재정정]유상증자결정(종속회사의주요경영사항)              (-15),2026-06-01: 기업지배구조보고서공시               | 2026-06-01: [첨부정정]의결권대리행사권유참고서류 | 2026-05-29: [기재정정]주요사항보고서(자기전환사채매도결정) | 2026-05-26: [기재정정]주요사항보고서(감자결정) | 2026-05-26: [기재정정]주주총회소집결의              ,12
다이나믹디자인,145210,-35,🚨 YES,주요사항보고서(감자결정) | [기재정정]주요사항보고서(유상증자결정),,주요사항보고서(감자결정)(-20) | [기재정정]주요사항보고서(유상증자결정)(-15),2026-05-29: 기업지배구조보고서공시               | 2026-05-21: 타법인주식및출자증권취득결정               | 2026-05-14: 분기보고서 (2026.03) | 2026-05-06: 주주총회소집공고 | 2026-05-06: 주주총회소집결의              ,8
휴마시스,205470,-35,🚨 YES,주권매매거래정지해제              (액면병합 주권 변경상장),,최대주주변경              (-5) | 주권매매거래정지해제              (액면병합 주권 변경상장)(-30),2026-05-29: 임원ㆍ주요주주특정증권등소유상황보고서 | 2026-05-29: 주식등의대량보유상황보고서(일반) | 2026-05-22: 임원ㆍ주요주주특정증권등소유상황보고서 | 2026-05-22: 주식등의대량보유상황보고서(일반) | 2026-05-18: 최대주주변경              ,9
코다코,046070,-35,🚨 YES,주요사항보고서(감자결정) | 주요사항보고서(유상증자결정),,주요사항보고서(감자결정)(-20) | 주요사항보고서(유상증자결정)(-15),2026-06-01: 사외이사의선임ㆍ해임또는중도퇴임에관한신고 | 2026-05-21: 증권발행결과(자율공시)               | 2026-05-20: 주요사항보고서(감자결정) | 2026-05-20: 주요사항보고서(유상증자결정) | 2026-05-20: 회생계획인가              ,6
포인트엔지니어링,256630,-30,🚨 YES,주권매매거래정지해제              (액면병합 주권 변경상장),,주권매매거래정지해제              (액면병합 주권 변경상장)(-30),2026-05-26: 주식등의대량보유상황보고서(일반) | 2026-05-26: 임원ㆍ주요주주특정증권등소유상황보고서 | 2026-05-15: 주권매매거래정지해제              (액면병합 주권 변경상장) | 2026-05-14: 분기보고서 (2026.03),4
원풍물산,008290,-30,🚨 YES,주권매매거래정지해제              (액면병합 주권 변경상장),,주권매매거래정지해제              (액면병합 주권 변경상장)(-30),2026-05-15: 분기보고서 (2026.03) | 2026-05-11: 주권매매거래정지해제              (액면병합 주권 변경상장),2
카카오게임즈,293490,-30,🚨 YES,[기재정정]주요사항보고서(전환사채권발행결정) | [기재정정]주요사항보고서(유상증자결정),,[기재정정]주요사항보고서(전환사채권발행결정)(-15) | [기재정정]주요사항보고서(유상증자결정)(-15),2026-06-01: 대규모기업집단현황공시[연1회공시및1/4분기용(개별회사)] | 2026-05-29: [기재정정]주요사항보고서(전환사채권발행결정) | 2026-05-29: [기재정정]주요사항보고서(유상증자결정) | 2026-05-20: 교환사채(해외교환사채포함)발행후만기전사채취득               | 2026-05-15: 분기보고서 (2026.03),6
대산F&B,065150,-30,🚨 YES,주권매매거래정지기간변경              (액면병합 주권 변경상장),,주권매매거래정지기간변경              (액면병합 주권 변경상장)(-30),2026-06-02: 기타시장안내              (개선기간 종료에 따른 상장폐지 여부 결정 안내 ) | 2026-05-26: 주권매매거래정지기간변경              (액면병합 주권 변경상장) | 2026-05-15: 분기보고서 (2026.03) | 2026-05-08: 임원ㆍ주요주주특정증권등소유상황보고서,4
케이이엠텍,106080,-30,🚨 YES,주권매매거래정지기간변경              (개선기간 부여),,주권매매거래정지기간변경              (개선기간 부여)(-30),2026-05-27: [기재정정]주주총회소집결의              (임시주주총회) | 2026-05-15: 분기보고서 (2026.03) | 2026-05-12: 주권매매거래정지기간변경              (개선기간 부여) | 2026-05-12: 기타시장안내              (상장폐지 관련 이의신청서 접수 및 개선기간 부여) | 2026-05-11: 주식등의대량보유상황보고서(약식),6
포커스에이아이,331380,-30,🚨 YES,주요사항보고서(유상증자결정) | [기재정정]주요사항보고서(유상증자결정),,주요사항보고서(유상증자결정)(-15) | [기재정정]주요사항보고서(유상증자결정)(-15),2026-05-27: 주요사항보고서(유상증자결정) | 2026-05-21: [기재정정]주요사항보고서(유상증자결정) | 2026-05-19: 주식등의대량보유상황보고서(일반) | 2026-05-15: 분기보고서 (2026.03) | 2026-05-12: 주식매수선택권부여에관한신고,8
폴라리스세원,234100,-30,🚨 YES,주권매매거래정지해제              (액면병합 주권 변경상장),,주권매매거래정지해제              (액면병합 주권 변경상장)(-30),2026-05-29: 주식등의대량보유상황보고서(일반) | 2026-05-29: 임원ㆍ주요주주특정증권등소유상황보고서 | 2026-05-22: 주권매매거래정지해제              (액면병합 주권 변경상장) | 2026-05-15: 분기보고서 (2026.03),4
패션플랫폼,225590,-30,🚨 YES,주권매매거래정지해제              (액면병합 주권 변경상장),,주권매매거래정지해제              (액면병합 주권 변경상장)(-30),2026-05-20: 주권매매거래정지해제              (액면병합 주권 변경상장) | 2026-05-15: 분기보고서 (2026.03),2
윈팩,097800,-30,🚨 YES,주권매매거래정지해제              (액면병합 주권 변경상장),,주권매매거래정지해제              (액면병합 주권 변경상장)(-30),2026-05-15: 주권매매거래정지해제              (액면병합 주권 변경상장) | 2026-05-15: 분기보고서 (2026.03),2
TS인베스트먼트,246690,-30,🚨 YES,"주권매매거래정지              (주식의 병합, 분할 등 전자등록 변경, 말소)",,"주권매매거래정지              (주식의 병합, 분할 등 전자등록 변경, 말소)(-30)","2026-06-01: 주권매매거래정지              (주식의 병합, 분할 등 전자등록 변경, 말소) | 2026-06-01: 임원ㆍ주요주주특정증권등소유상황보고서 | 2026-06-01: 주식등의대량보유상황보고서(일반) | 2026-05-26: [기재정정]주식병합결정               | 2026-05-22: 사외이사의선임ㆍ해임또는중도퇴임에관한신고",12
나노캠텍,091970,-30,🚨 YES,주권매매거래정지해제              (액면병합 주권 변경상장),,주권매매거래정지해제              (액면병합 주권 변경상장)(-30),2026-05-29: 사외이사의선임ㆍ해임또는중도퇴임에관한신고 | 2026-05-29: 상호변경안내               | 2026-05-29: 임시주주총회결과               | 2026-05-26: 임원ㆍ주요주주특정증권등소유상황보고서 | 2026-05-26: 임원ㆍ주요주주특정증권등소유상황보고서,15
케이엠제약,225430,-30,🚨 YES,주권매매거래정지해제              (액면병합 주권 변경상장),,주권매매거래정지해제              (액면병합 주권 변경상장)(-30),2026-06-01: 임원ㆍ주요주주특정증권등소유상황보고서 | 2026-06-01: 임원ㆍ주요주주특정증권등소유상황보고서 | 2026-05-29: [기재정정]분기보고서 (2026.03) | 2026-05-18: 주권매매거래정지해제              (액면병합 주권 변경상장) | 2026-05-15: 분기보고서 (2026.03),11
유틸렉스,263050,-30,🚨 YES,주권매매거래정지기간변경              (상장폐지 사유 발생),,주권매매거래정지기간변경              (상장폐지 사유 발생)(-30),2026-05-18: 주권매매거래정지기간변경              (상장폐지 사유 발생) | 2026-05-18: 기타시장안내              (기업심사위원회 개최 결과 안내) | 2026-05-14: 분기보고서 (2026.03),3
씨엑스아이,900120,-30,🚨 YES,"주권매매거래정지              (주식의 병합, 분할 등 전자등록 변경, 말소)",,"주권매매거래정지              (주식의 병합, 분할 등 전자등록 변경, 말소)(-30)","2026-06-02: 사외이사의선임ㆍ해임또는중도퇴임에관한신고 | 2026-06-01: 분기보고서 (2026.03) | 2026-05-21: [기재정정]주식매수선택권부여에관한신고 | 2026-05-21: [기재정정]주식매수선택권부여에관한신고 | 2026-05-07: 주권매매거래정지              (주식의 병합, 분할 등 전자등록 변경, 말소)",5
MDS테크,086960,-30,🚨 YES,주권매매거래정지해제              (액면병합 주권 변경상장),,주권매매거래정지해제              (액면병합 주권 변경상장)(-30),2026-05-21: 전환청구권행사               | 2026-05-15: 분기보고서 (2026.03) | 2026-05-08: 임원ㆍ주요주주특정증권등소유상황보고서 | 2026-05-07: 주권매매거래정지해제              (액면병합 주권 변경상장),4
아우딘퓨쳐스,227610,-30,🚨 YES,주권매매거래정지해제              (액면병합 주권 변경상장),,주권매매거래정지해제              (액면병합 주권 변경상장)(-30),2026-05-27: 주권매매거래정지해제              (액면병합 주권 변경상장) | 2026-05-18: 전환청구권행사              (제3회차) | 2026-05-15: 분기보고서 (2026.03),3
앤씨앤,092600,-30,🚨 YES,주권매매거래정지해제              (액면병합 주권 변경상장),,주권매매거래정지해제              (액면병합 주권 변경상장)(-30),2026-05-15: 분기보고서 (2026.03) | 2026-05-14: 주권매매거래정지해제              (액면병합 주권 변경상장),2
엔시트론,101400,-30,🚨 YES,주권매매거래정지해제              (감자 및 액면병합 주권 변경상장),,주권매매거래정지해제              (감자 및 액면병합 주권 변경상장)(-30),2026-05-15: 분기보고서 (2026.03) | 2026-05-14: 주주명부폐쇄기간또는기준일설정               | 2026-05-14: 주주총회소집결의               | 2026-05-12: 주권매매거래정지해제              (감자 및 액면병합 주권 변경상장) | 2026-05-08: 임원ㆍ주요주주특정증권등소유상황보고서,9
RF머트리얼즈,327260,-30,🚨 YES,[기재정정]주요사항보고서(유상증자결정) | [기재정정]주요사항보고서(유상증자결정),,[기재정정]주요사항보고서(유상증자결정)(-15) | [기재정정]주요사항보고서(유상증자결정)(-15),2026-06-01: 임원ㆍ주요주주특정증권등소유상황보고서 | 2026-06-01: 임원ㆍ주요주주특정증권등소유상황보고서 | 2026-06-01: 임원ㆍ주요주주특정증권등소유상황보고서 | 2026-06-01: 임원ㆍ주요주주특정증권등소유상황보고서 | 2026-06-01: 임원ㆍ주요주주특정증권등소유상황보고서,18
씨엔알리서치,359090,-30,🚨 YES,"주권매매거래정지              (주식의 병합, 분할 등 전자등록 변경, 말소)",,"주권매매거래정지              (주식의 병합, 분할 등 전자등록 변경, 말소)(-30)","2026-06-02: 주권매매거래정지              (주식의 병합, 분할 등 전자등록 변경, 말소) | 2026-05-14: 분기보고서 (2026.03) | 2026-05-07: 임시주주총회결과               | 2026-05-06: 불성실공시법인지정              (공시불이행 1건, 공시변경 1건)",4
링크드,193250,-30,🚨 YES,주권매매거래정지해제              (액면병합 주권 변경상장),,주권매매거래정지해제              (액면병합 주권 변경상장)(-30),2026-05-22: 임원ㆍ주요주주특정증권등소유상황보고서 | 2026-05-22: 임원ㆍ주요주주특정증권등소유상황보고서 | 2026-05-22: 임원ㆍ주요주주특정증권등소유상황보고서 | 2026-05-22: 임원ㆍ주요주주특정증권등소유상황보고서 | 2026-05-22: 임원ㆍ주요주주특정증권등소유상황보고서,8
퓨쳐켐,220100,-30,🚨 YES,주권매매거래정지              (무상증자),,주권매매거래정지              (무상증자)(-30),2026-05-29: 증권신고서(지분증권) | 2026-05-29: 주요사항보고서(유무상증자결정) | 2026-05-29: 주권매매거래정지              (무상증자) | 2026-05-14: 분기보고서 (2026.03) | 2026-05-04: 투자판단관련주요경영사항              (프로스타뷰주사액([18F]플로라스타민) 식품의약품안전처 신약 허가),5
지니틱스,303030,-30,🚨 YES,주권매매거래정지해제              (액면병합 주권 변경상장),,주권매매거래정지해제              (액면병합 주권 변경상장)(-30),2026-05-15: 분기보고서 (2026.03) | 2026-05-06: 주권매매거래정지해제              (액면병합 주권 변경상장),2
동일스틸럭스,023790,-30,🚨 YES,주권매매거래정지해제              (액면병합 주권 변경상장),,주권매매거래정지해제              (액면병합 주권 변경상장)(-30),2026-05-26: 임원ㆍ주요주주특정증권등소유상황보고서 | 2026-05-26: 임원ㆍ주요주주특정증권등소유상황보고서 | 2026-05-26: 임원ㆍ주요주주특정증권등소유상황보고서 | 2026-05-26: 주식등의대량보유상황보고서(일반) | 2026-05-22: 주권매매거래정지해제              (액면병합 주권 변경상장),6
휴림로봇,090710,-30,🚨 YES,[기재정정]주요사항보고서(유상증자결정) | 주요사항보고서(유상증자결정),,[기재정정]주요사항보고서(유상증자결정)(-15) | 주요사항보고서(유상증자결정)(-15),2026-06-02: 유상증자또는주식관련사채등의청약결과(자율공시)              (일반공모증자-소액공모) | 2026-05-28: 유상증자최종발행가액확정              (일반공모증자-소액공모) | 2026-05-28: 소액공모공시서류(지분증권) | 2026-05-28: [기재정정]주요사항보고서(유상증자결정) | 2026-05-26: 주요사항보고서(유상증자결정),7
상보,027580,-30,🚨 YES,주권매매거래정지해제              (액면병합 주권 변경상장),,주권매매거래정지해제              (액면병합 주권 변경상장)(-30),2026-05-27: 주식등의대량보유상황보고서(일반) | 2026-05-18: 주권매매거래정지해제              (액면병합 주권 변경상장) | 2026-05-14: 분기보고서 (2026.03) | 2026-05-07: 임원ㆍ주요주주특정증권등소유상황보고서 | 2026-05-07: 임원ㆍ주요주주특정증권등소유상황보고서,11
이화공영,001840,-30,🚨 YES,주권매매거래정지기간변경              (상장폐지 사유 발생),,주권매매거래정지기간변경              (상장폐지 사유 발생)(-30),2026-05-29: 주주명부폐쇄기간또는기준일설정               | 2026-05-29: 주주총회소집결의               | 2026-05-29: 사외이사의선임ㆍ해임또는중도퇴임에관한신고 | 2026-05-21: 주권매매거래정지기간변경              (상장폐지 사유 발생) | 2026-05-21: 기타시장안내              (기업심사위원회 개최 결과 안내),6
국일제지,078130,-30,🚨 YES,주권매매거래정지해제              (액면병합 주권 변경상장),,주권매매거래정지해제              (액면병합 주권 변경상장)(-30),2026-06-01: 대규모기업집단현황공시[연1회공시및1/4분기용(개별회사)] | 2026-05-19: 주권매매거래정지해제              (액면병합 주권 변경상장) | 2026-05-15: 분기보고서 (2026.03) | 2026-05-08: 주식등의대량보유상황보고서(일반) | 2026-05-08: 임원ㆍ주요주주특정증권등소유상황보고서,5
셀레믹스,331920,-30,🚨 YES,[기재정정]주요사항보고서(유상증자결정) | [기재정정]주요사항보고서(유상증자결정),,[기재정정]주요사항보고서(유상증자결정)(-15) | [기재정정]주요사항보고서(유상증자결정)(-15),2026-05-29: 증권발행결과(자율공시)               | 2026-05-29: [기재정정]주주총회소집결의              (임시주주총회) | 2026-05-28: 주주명부폐쇄기간또는기준일설정               | 2026-05-28: 주주총회소집결의              (임시주주총회) | 2026-05-21: [기재정정]주요사항보고서(유상증자결정),12
한국비티비,219750,-30,🚨 YES,"주권매매거래정지              (주식의 병합, 분할 등 전자등록 변경, 말소)",,"주권매매거래정지              (주식의 병합, 분할 등 전자등록 변경, 말소)(-30)","2026-06-01: 주권매매거래정지              (주식의 병합, 분할 등 전자등록 변경, 말소) | 2026-05-19: 임시주주총회결과               | 2026-05-15: 분기보고서 (2026.03)",3
파인텍,131760,-30,🚨 YES,주권매매거래정지해제              (액면병합 주권 변경상장),,주권매매거래정지해제              (액면병합 주권 변경상장)(-30),2026-06-02: 임원ㆍ주요주주특정증권등소유상황보고서 | 2026-06-02: 임원ㆍ주요주주특정증권등소유상황보고서 | 2026-06-02: 임원ㆍ주요주주특정증권등소유상황보고서 | 2026-06-02: 임원ㆍ주요주주특정증권등소유상황보고서 | 2026-06-02: 임원ㆍ주요주주특정증권등소유상황보고서,9
드래곤플라이,030350,-30,🚨 YES,주권매매거래정지기간변경              (상장적격성 실질심사 대상 결정),,주권매매거래정지기간변경              (상장적격성 실질심사 대상 결정)(-30),2026-05-28: 기타시장안내              (개선계획서 제출) | 2026-05-15: 분기보고서 (2026.03) | 2026-05-06: 주권매매거래정지기간변경              (상장적격성 실질심사 대상 결정) | 2026-05-06: 기타시장안내              (상장적격성 실질심사 대상 결정),4
에프엔씨엔터,173940,-30,🚨 YES,[기재정정]주요사항보고서(전환사채권발행결정) | [기재정정]주요사항보고서(전환사채권발행결정),,[기재정정]주요사항보고서(전환사채권발행결정)(-15) | [기재정정]주요사항보고서(전환사채권발행결정)(-15),2026-05-22: 주식등의대량보유상황보고서(약식) | 2026-05-19: 증권발행결과(자율공시)               | 2026-05-14: 분기보고서 (2026.03) | 2026-05-11: 주식등의대량보유상황보고서(일반) | 2026-05-11: [기재정정]주요사항보고서(전환사채권발행결정),6
이엔플러스,074610,-30,🚨 YES,[기재정정]주요사항보고서(전환사채권발행결정) | 주요사항보고서(전환사채권발행결정),,[기재정정]주요사항보고서(전환사채권발행결정)(-15) | 주요사항보고서(전환사채권발행결정)(-15),2026-05-29: 기업지배구조보고서공시               | 2026-05-29: 주식등의대량보유상황보고서(약식) | 2026-05-28: [기재정정]주요사항보고서(전환사채권발행결정) | 2026-05-22: 주요사항보고서(전환사채권발행결정) | 2026-05-21: 소송등의제기ㆍ신청(일정금액이상의청구)              ,8
HLB바이오스텝,278650,-30,🚨 YES,주권매매거래정지해제              (액면병합 주권 변경상장),,주권매매거래정지해제              (액면병합 주권 변경상장)(-30),2026-05-29: 임원ㆍ주요주주특정증권등소유상황보고서 | 2026-05-28: 불성실공시법인지정예고              (공시번복) | 2026-05-28: 임원ㆍ주요주주특정증권등소유상황보고서 | 2026-05-15: 주권매매거래정지해제              (액면병합 주권 변경상장) | 2026-05-15: 분기보고서 (2026.03),15
에이치엠씨아이비제6호기업인수목적,462020,-30,🚨 YES,주권매매거래정지              (상장폐지 사유발생),,주권매매거래정지              (상장폐지 사유발생)(-30),2026-05-28: 주식등의대량보유상황보고서(약식) | 2026-05-19: 주요사항보고서(해산사유발생) | 2026-05-15: 분기보고서 (2026.03) | 2026-05-07: 기타경영사항(자율공시)              (청산 관련 주요사항 안내) | 2026-05-06: 주권매매거래정지              (상장폐지 사유발생),5
아이퀘스트,262840,-30,🚨 YES,주권매매거래정지해제              (액면병합 주권 변경상장),,주권매매거래정지해제              (액면병합 주권 변경상장)(-30),2026-05-07: 분기보고서 (2026.03) | 2026-05-06: 주권매매거래정지해제              (액면병합 주권 변경상장),2
비스토스,419540,-30,🚨 YES,주권매매거래정지해제              (액면병합 주권 변경상장),,주권매매거래정지해제              (액면병합 주권 변경상장)(-30),2026-05-22: 주권매매거래정지해제              (액면병합 주권 변경상장) | 2026-05-14: 분기보고서 (2026.03),2
셀레스트라,352770,-30,🚨 YES,주권매매거래정지기간변경              (상장적격성 실질심사 대상(사유발생)),,주권매매거래정지기간변경              (상장적격성 실질심사 대상(사유발생))(-30),2026-05-18: 기타시장안내              (상장적격성 실질심사 대상결정 기한 안내 ) | 2026-05-15: 기타시장안내              (상장적격성 실질심사 관련) | 2026-05-15: 주권매매거래정지기간변경              (상장적격성 실질심사 대상(사유발생)) | 2026-05-15: 반기또는분기매출액미달사실발생               | 2026-05-15: 분기보고서 (2026.03),7
씨유메디칼,115480,-30,🚨 YES,주권매매거래정지해제              (액면병합 주권 변경상장),,주권매매거래정지해제              (액면병합 주권 변경상장)(-30),2026-05-19: 주권매매거래정지해제              (액면병합 주권 변경상장) | 2026-05-15: 분기보고서 (2026.03),2
한주라이트메탈,198940,-30,🚨 YES,주권매매거래정지해제              (액면병합 주권 변경상장),,주권매매거래정지해제              (액면병합 주권 변경상장)(-30),2026-06-01: [기재정정]금전대여결정               | 2026-05-20: 단기차입금증가결정               | 2026-05-20: 주권매매거래정지해제              (액면병합 주권 변경상장) | 2026-05-15: 분기보고서 (2026.03) | 2026-05-06: 주식등의대량보유상황보고서(일반),6
다산솔루에타,154040,-30,🚨 YES,[기재정정]주요사항보고서(유상증자결정) | 주요사항보고서(유상증자결정),,[기재정정]주요사항보고서(유상증자결정)(-15) | 주요사항보고서(유상증자결정)(-15),2026-06-02: 주식등의대량보유상황보고서(일반) | 2026-06-01: [기재정정]주요사항보고서(유상증자결정) | 2026-06-01: 주요사항보고서(유상증자결정) | 2026-05-29: 임원ㆍ주요주주특정증권등거래계획보고서 | 2026-05-29: 임원ㆍ주요주주특정증권등거래계획보고서,6
테크트랜스,258050,-30,🚨 YES,주권매매거래정지기간변경              (개선기간 부여),,주권매매거래정지기간변경              (개선기간 부여)(-30),2026-05-06: 주권매매거래정지기간변경              (개선기간 부여) | 2026-05-06: 기타시장안내              (상장폐지 관련 이의신청서 접수 및 개선기간 부여),2
SG&G,040610,-30,🚨 YES,주권매매거래정지해제              (액면병합 주권 변경상장),,주권매매거래정지해제              (액면병합 주권 변경상장)(-30),2026-05-18: 주권매매거래정지해제              (액면병합 주권 변경상장) | 2026-05-15: 분기보고서 (2026.03),2
이노테나,333050,-30,🚨 YES,주권매매거래정지해제              (액면병합 주권 변경상장),,주권매매거래정지해제              (액면병합 주권 변경상장)(-30),2026-05-20: 임원ㆍ주요주주특정증권등소유상황보고서 | 2026-05-20: 임원ㆍ주요주주특정증권등소유상황보고서 | 2026-05-20: 임원ㆍ주요주주특정증권등소유상황보고서 | 2026-05-19: 주권매매거래정지해제              (액면병합 주권 변경상장) | 2026-05-18: [기재정정]현금ㆍ현물배당결정              ,8
CNT85,056730,-30,🚨 YES,주권매매거래정지해제              (액면병합 주권 변경상장),,주권매매거래정지해제              (액면병합 주권 변경상장)(-30),2026-05-15: 분기보고서 (2026.03) | 2026-05-15: 주권매매거래정지해제              (액면병합 주권 변경상장) | 2026-05-12: 주주명부폐쇄기간또는기준일설정               | 2026-05-12: 주주총회소집결의              (임시주주총회) | 2026-05-08: 임원ㆍ주요주주특정증권등소유상황보고서,7
TCC스틸,002710,-30,🚨 YES,[첨부정정]주요사항보고서(전환사채권발행결정) | 주요사항보고서(전환사채권발행결정),,[첨부정정]주요사항보고서(전환사채권발행결정)(-15) | 주요사항보고서(전환사채권발행결정)(-15),2026-06-01: 기업지배구조보고서공시               | 2026-05-20: 유상증자또는주식관련사채등의발행결과(자율공시)               | 2026-05-15: 분기보고서 (2026.03) | 2026-05-14: [첨부정정]주요사항보고서(전환사채권발행결정) | 2026-05-12: 주요사항보고서(전환사채권발행결정),5
코퍼스코리아,322780,-30,🚨 YES,주권매매거래정지해제              (액면병합 주권 변경상장),,주권매매거래정지해제              (액면병합 주권 변경상장)(-30),2026-06-02: 주식등의대량보유상황보고서(약식) | 2026-06-01: 임원ㆍ주요주주특정증권등소유상황보고서 | 2026-06-01: 임원ㆍ주요주주특정증권등소유상황보고서 | 2026-05-26: 주권매매거래정지해제              (액면병합 주권 변경상장) | 2026-05-22: 주식등의대량보유상황보고서(약식),9
빌리언스,044480,-30,🚨 YES,주권매매거래정지해제              (액면병합 주권 변경상장),,주권매매거래정지해제              (액면병합 주권 변경상장)(-30),2026-05-27: [기재정정]타법인주식및출자증권취득결정               | 2026-05-27: 타법인주식및출자증권취득결정               | 2026-05-18: 임원ㆍ주요주주특정증권등소유상황보고서 | 2026-05-18: 주식등의대량보유상황보고서(일반) | 2026-05-15: 분기보고서 (2026.03),9
풍전약품,298060,-30,🚨 YES,주권매매거래정지해제              (액면병합 주권 변경상장),,주권매매거래정지해제              (액면병합 주권 변경상장)(-30),2026-05-18: 주권매매거래정지해제              (액면병합 주권 변경상장) | 2026-05-14: 분기보고서 (2026.03) | 2026-05-06: [기재정정]주주총회소집결의               | 2026-05-04: 임원ㆍ주요주주특정증권등소유상황보고서 | 2026-05-04: 주식등의대량보유상황보고서(약식),8
텔콘RF제약,200230,-30,🚨 YES,"주권매매거래정지              (주식의 병합, 분할 등 전자등록 변경, 말소)",,"주권매매거래정지              (주식의 병합, 분할 등 전자등록 변경, 말소)(-30)","2026-05-29: 주권매매거래정지              (주식의 병합, 분할 등 전자등록 변경, 말소) | 2026-05-27: 주요사항보고서(자기전환사채만기전취득결정) | 2026-05-21: 임시주주총회결과               | 2026-05-15: 분기보고서 (2026.03) | 2026-05-15: 타인에대한채무보증결정              ",5
코디,080530,-30,🚨 YES,주권매매거래정지해제              (액면병합 주권 변경상장),,주권매매거래정지해제              (액면병합 주권 변경상장)(-30),2026-05-21: 임원ㆍ주요주주특정증권등소유상황보고서 | 2026-05-15: 주권매매거래정지해제              (액면병합 주권 변경상장) | 2026-05-07: 분기보고서 (2026.03) | 2026-05-07: 임원ㆍ주요주주특정증권등소유상황보고서 | 2026-05-07: 임원ㆍ주요주주특정증권등소유상황보고서,5
앱토크롬,109960,-30,🚨 YES,주권매매거래정지해제              (감자 주권 변경상장),,주권매매거래정지해제              (감자 주권 변경상장)(-30),2026-06-02: [기재정정]주권관련사채권의취득결정               | 2026-05-27: 주권매매거래정지해제              (감자 주권 변경상장) | 2026-05-26: 주권관련사채권의취득결정               | 2026-05-22: 기타시장안내              (앱토크롬 6WR 신주인수권 행사기간 만료 및 상장폐지 예고) | 2026-05-21: 임원ㆍ주요주주특정증권등거래계획보고서,14
에쎈테크,043340,-30,🚨 YES,주권매매거래정지해제              (액면병합 주권 변경상장),,주권매매거래정지해제              (액면병합 주권 변경상장)(-30),2026-05-19: 단기차입금증가결정               | 2026-05-18: 주권매매거래정지해제              (액면병합 주권 변경상장) | 2026-05-15: 분기보고서 (2026.03),3
알에프텍,061040,-30,🚨 YES,주권매매거래정지해제              (액면병합 주권 변경상장),,주권매매거래정지해제              (액면병합 주권 변경상장)(-30),2026-05-27: 주권매매거래정지해제              (액면병합 주권 변경상장) | 2026-05-14: 분기보고서 (2026.03) | 2026-05-06: [기재정정]주주총회소집결의              (임시주주총회) | 2026-05-06: [기재정정]주주명부폐쇄기간또는기준일설정              ,4
네오이뮨텍,950220,-30,🚨 YES,"주권매매거래정지              (주식의 병합, 분할 등 전자등록 변경, 말소)",,"주권매매거래정지              (주식의 병합, 분할 등 전자등록 변경, 말소)(-30)","2026-05-15: 분기보고서 (2026.03) | 2026-05-14: 임원ㆍ주요주주특정증권등소유상황보고서 | 2026-05-12: 주권매매거래정지              (주식의 병합, 분할 등 전자등록 변경, 말소)",3
파인디앤씨,049120,-30,🚨 YES,주권매매거래정지해제              (액면병합 주권 변경상장),,주권매매거래정지해제              (액면병합 주권 변경상장)(-30),2026-05-15: 분기보고서 (2026.03) | 2026-05-08: 임원ㆍ주요주주특정증권등소유상황보고서 | 2026-05-08: 임원ㆍ주요주주특정증권등소유상황보고서 | 2026-05-08: 임원ㆍ주요주주특정증권등소유상황보고서 | 2026-05-08: 임원ㆍ주요주주특정증권등소유상황보고서,13
웰킵스하이텍,043590,-30,🚨 YES,주권매매거래정지해제              (액면병합 주권 변경상장),,주권매매거래정지해제              (액면병합 주권 변경상장)(-30),2026-05-29: 임원ㆍ주요주주특정증권등거래계획보고서 | 2026-05-29: 임원ㆍ주요주주특정증권등소유상황보고서 | 2026-05-26: [기재정정]타법인주식및출자증권취득결정               | 2026-05-21: 주권매매거래정지해제              (액면병합 주권 변경상장) | 2026-05-15: 분기보고서 (2026.03),5
에스아이리소스,065420,-30,🚨 YES,[기재정정]주요사항보고서(유상증자결정) | 주요사항보고서(유상증자결정),,[기재정정]주요사항보고서(유상증자결정)(-15) | 주요사항보고서(유상증자결정)(-15),2026-05-28: [기재정정]주식병합결정              (주식병합결정(정정)) | 2026-05-28: 소송등의판결ㆍ결정               | 2026-05-26: 소송등의판결ㆍ결정(일정금액이상의청구)               | 2026-05-26: 소송등의판결ㆍ결정               | 2026-05-19: 기업가치제고계획(자율공시)              ,15
파라택시스코리아,288330,-30,🚨 YES,주권매매거래정지기간변경              (상장적격성 실질심사 대상 결정),,주권매매거래정지기간변경              (상장적격성 실질심사 대상 결정)(-30),2026-05-21: 주권매매거래정지기간변경              (상장적격성 실질심사 대상 결정) | 2026-05-21: 기타시장안내              (상장적격성 실질심사 대상 결정) | 2026-05-15: 분기보고서 (2026.03),3
테라사이언스,073640,-30,🚨 YES,[기재정정]주요사항보고서(유상증자결정) | [기재정정]주요사항보고서(유상증자결정),,[기재정정]주요사항보고서(유상증자결정)(-15) | [기재정정]주요사항보고서(유상증자결정)(-15),2026-05-29: [기재정정]주주명부폐쇄기간또는기준일설정               | 2026-05-29: [기재정정]주주총회소집결의              (임시주주총회) | 2026-05-29: [기재정정]주요사항보고서(유상증자결정) | 2026-05-20: [기재정정]주주총회소집결의               | 2026-05-20: [기재정정]주주명부폐쇄기간또는기준일설정              ,12
블랙야크아이앤씨,478560,-30,🚨 YES,[기재정정]주요사항보고서(전환사채권발행결정) | 주요사항보고서(전환사채권발행결정),,[기재정정]주요사항보고서(전환사채권발행결정)(-15) | 주요사항보고서(전환사채권발행결정)(-15),2026-05-22: 분기보고서 (2026.03) | 2026-05-21: 증권발행결과(자율공시)              (제2회차 CB) | 2026-05-14: [기재정정]주주명부폐쇄기간또는기준일설정               | 2026-05-14: 주주총회소집결의              (임시주주총회) | 2026-05-14: [기재정정]주요사항보고서(전환사채권발행결정),6
위즈코프,038620,-30,🚨 YES,주권매매거래정지해제              (액면병합 주권 변경상장),,주권매매거래정지해제              (액면병합 주권 변경상장)(-30),2026-05-15: 분기보고서 (2026.03) | 2026-05-08: 임원ㆍ주요주주특정증권등소유상황보고서 | 2026-05-08: 임원ㆍ주요주주특정증권등소유상황보고서 | 2026-05-06: 주권매매거래정지해제              (액면병합 주권 변경상장),4
벨로크,424760,-30,🚨 YES,주권매매거래정지해제              (액면병합 주권 변경상장),,주권매매거래정지해제              (액면병합 주권 변경상장)(-30),2026-05-26: 주식등의대량보유상황보고서(일반) | 2026-05-22: 임원ㆍ주요주주특정증권등소유상황보고서 | 2026-05-21: 조회공시요구(현저한시황변동)에대한답변(미확정)               | 2026-05-21: 임원ㆍ주요주주특정증권등소유상황보고서 | 2026-05-19: 주권매매거래정지해제              (액면병합 주권 변경상장),17
비츠로시스,054220,-30,🚨 YES,주권매매거래정지해제              (액면병합 주권 변경상장),,주권매매거래정지해제              (액면병합 주권 변경상장)(-30),2026-05-26: 사외이사의선임ㆍ해임또는중도퇴임에관한신고 | 2026-05-26: 임시주주총회결과               | 2026-05-15: 주권매매거래정지해제              (액면병합 주권 변경상장) | 2026-05-15: 분기보고서 (2026.03) | 2026-05-15: [기재정정]주식등의대량보유상황보고서(약식),12
아퓨어스,149300,-30,🚨 YES,주권매매거래정지해제              (상장폐지에 따른 정리매매 개시),,주권매매거래정지해제              (상장폐지에 따른 정리매매 개시)(-30),2026-05-07: 주권매매거래정지해제              (상장폐지에 따른 정리매매 개시) | 2026-05-07: 기타시장안내              (상장폐지 절차 진행 안내),2
DGI,099520,-30,🚨 YES,주권매매거래정지기간변경              (상장폐지사유 발생),,주권매매거래정지기간변경              (상장폐지사유 발생)(-30),2026-05-29: 기타시장안내              (상장폐지 관련 이의신청서 접수) | 2026-05-15: 분기보고서 (2026.03) | 2026-05-11: 주권매매거래정지기간변경              (상장폐지사유 발생) | 2026-05-11: 기타시장안내              (코스닥시장위원회 심의·의결결과 등 안내),4
KB제27호스팩,464680,-30,🚨 YES,주권매매거래정지              (상장폐지 사유발생),,주권매매거래정지              (상장폐지 사유발생)(-30),2026-06-02: 주식등의대량보유상황보고서(약식) | 2026-05-27: 기타경영사항(자율공시)              (청산관련 주요사항 안내) | 2026-05-26: 주권매매거래정지              (상장폐지 사유발생) | 2026-05-19: 기타시장안내              (주권 상장폐지 우려 예고) | 2026-05-11: 분기보고서 (2026.03),5
유아이디,069330,-30,🚨 YES,[기재정정]주요사항보고서(유상증자결정) | [기재정정]주요사항보고서(유상증자결정),,[기재정정]주요사항보고서(유상증자결정)(-15) | [기재정정]주요사항보고서(유상증자결정)(-15),2026-05-18: [기재정정]증권발행결과(자율공시)               | 2026-05-18: [기재정정]증권발행결과(자율공시)               | 2026-05-18: [기재정정]주요사항보고서(유상증자결정) | 2026-05-18: [기재정정]주요사항보고서(유상증자결정) | 2026-05-15: 분기보고서 (2026.03),8
SBI인베스트먼트,019550,-30,🚨 YES,주권매매거래정지해제              (액면병합 주권 변경상장),,주권매매거래정지해제              (액면병합 주권 변경상장)(-30),2026-05-28: 주권매매거래정지해제              (액면병합 주권 변경상장) | 2026-05-15: 분기보고서 (2026.03) | 2026-05-08: 임원ㆍ주요주주특정증권등소유상황보고서,3
에스코넥,096630,-30,🚨 YES,주권매매거래정지해제              (액면병합 주권 변경상장),,주권매매거래정지해제              (액면병합 주권 변경상장)(-30),2026-05-15: 분기보고서 (2026.03) | 2026-05-13: 임원ㆍ주요주주특정증권등소유상황보고서 | 2026-05-11: 임원ㆍ주요주주특정증권등소유상황보고서 | 2026-05-04: 주권매매거래정지해제              (액면병합 주권 변경상장),4
솔트웨어,328380,-30,🚨 YES,주권매매거래정지해제              (액면병합 주권 변경상장),,주권매매거래정지해제              (액면병합 주권 변경상장)(-30),2026-05-28: 주요사항보고서(자기주식취득신탁계약체결결정) | 2026-05-14: 분기보고서 (2026.03) | 2026-05-11: 주권매매거래정지해제              (액면병합 주권 변경상장),3
본느,226340,-30,🚨 YES,주권매매거래정지해제              (액면병합 주권 변경상장),,주권매매거래정지해제              (액면병합 주권 변경상장)(-30),2026-05-26: 주권매매거래정지해제              (액면병합 주권 변경상장) | 2026-05-15: [기재정정]주식병합결정               | 2026-05-15: 분기보고서 (2026.03),3
한솔테크닉스,004710,-30,🚨 YES,[기재정정]주요사항보고서(유상증자결정) | [기재정정]주요사항보고서(유상증자결정),,[기재정정]주요사항보고서(유상증자결정)(-15) | [기재정정]주요사항보고서(유상증자결정)(-15),2026-06-01: 주식등의대량보유상황보고서(약식) | 2026-06-01: 기업지배구조보고서공시               | 2026-05-29: 투자설명서 | 2026-05-29: 효력발생안내( 2026.5.13. 제출 증권신고서(지분증권) ) | 2026-05-27: 대규모기업집단현황공시[연1회공시및1/4분기용(개별회사)],15
크리스탈신소재,900250,-30,🚨 YES,"주권매매거래정지              (주식의 병합, 분할 등 전자등록 변경, 말소)",,"주권매매거래정지              (주식의 병합, 분할 등 전자등록 변경, 말소)(-30)","2026-06-01: 분기보고서 (2026.03) | 2026-05-26: 주권매매거래정지              (주식의 병합, 분할 등 전자등록 변경, 말소) | 2026-05-19: 외국지주회사의자회사편입ㆍ탈퇴               | 2026-05-19: 타법인주식및출자증권취득결정(자율공시)(자회사의 주요경영사항)              ",4
이원컴포텍,088290,-30,🚨 YES,주권매매거래정지해제              (액면병합 주권 변경상장),,주권매매거래정지해제              (액면병합 주권 변경상장)(-30),2026-05-27: 주권매매거래정지해제              (액면병합 주권 변경상장) | 2026-05-15: 분기보고서 (2026.03) | 2026-05-06: 임원ㆍ주요주주특정증권등소유상황보고서 | 2026-05-06: 전환가액의조정              (제10회차),4
비유테크놀러지,230980,-30,🚨 YES,주권매매거래정지해제              (상장폐지에 따른 정리매매 개시),,주권매매거래정지해제              (상장폐지에 따른 정리매매 개시)(-30),2026-05-21: 주권매매거래정지해제              (상장폐지에 따른 정리매매 개시) | 2026-05-21: 기타시장안내              (상장폐지결정 효력정지 등 가처분 신청 기각에 따른 정리매매절차 재개) | 2026-05-15: 기타시장안내              (상장적격성 실질심사 사유 추가 관련 절차 미진행) | 2026-05-15: 반기또는분기매출액미달사실발생               | 2026-05-15: 분기보고서 (2026.03),5
케이피엠테크,042040,-30,🚨 YES,"주권매매거래정지              (주식의 병합, 분할 등 전자등록 변경, 말소)",,"주권매매거래정지              (주식의 병합, 분할 등 전자등록 변경, 말소)(-30)","2026-05-27: 전환사채(해외전환사채포함)발행후만기전사채취득               | 2026-05-26: 주권매매거래정지              (주식의 병합, 분할 등 전자등록 변경, 말소) | 2026-05-15: 분기보고서 (2026.03) | 2026-05-15: 단기차입금증가결정               | 2026-05-15: 임시주주총회결과              ",5
윙입푸드,900340,-30,🚨 YES,주권매매거래정지해제              (주식병합(무액면주식) 주권 변경상장),,주권매매거래정지해제              (주식병합(무액면주식) 주권 변경상장)(-30),2026-06-01: 주권매매거래정지해제              (주식병합(무액면주식) 주권 변경상장) | 2026-05-29: 분기보고서 (2026.03),2
엔투텍,227950,-30,🚨 YES,주권매매거래정지해제              (액면병합 주권 변경상장),,주권매매거래정지해제              (액면병합 주권 변경상장)(-30),2026-05-27: 주권매매거래정지해제              (액면병합 주권 변경상장) | 2026-05-22: [기재정정]주식병합결정               | 2026-05-21: 주권관련사채권의취득결정(자율공시)               | 2026-05-18: 임원ㆍ주요주주특정증권등소유상황보고서 | 2026-05-18: 임원ㆍ주요주주특정증권등소유상황보고서,11
딜리,131180,-30,🚨 YES,주권매매거래정지해제              (액면병합 주권 변경상장),,주권매매거래정지해제              (액면병합 주권 변경상장)(-30),2026-05-15: 주권매매거래정지해제              (액면병합 주권 변경상장) | 2026-05-15: 분기보고서 (2026.03),2
삼영이엔씨,065570,-30,🚨 YES,주권매매거래정지기간변경              (개선기간 부여),,주권매매거래정지기간변경              (개선기간 부여)(-30),2026-06-02: 기타시장안내              (기업심사위원회 개최기한 연장안내) | 2026-05-27: 주권매매거래정지기간변경              (개선기간 부여) | 2026-05-27: 기타시장안내              (코스닥시장위원회 심의·의결 결과 및 개선기간 부여 안내) | 2026-05-20: 투자판단관련주요경영사항              (회생회사 삼영이엔씨(주) M&A를 위한 투자계약 체결) | 2026-05-20: 소송등의판결ㆍ결정              (공개매각절차 진행금지가처분),8
파라텍,033540,-30,🚨 YES,[기재정정]주요사항보고서(전환사채권발행결정) | [첨부정정]주요사항보고서(전환사채권발행결정),,[기재정정]주요사항보고서(전환사채권발행결정)(-15) | [첨부정정]주요사항보고서(전환사채권발행결정)(-15),2026-06-02: 임원ㆍ주요주주특정증권등소유상황보고서 | 2026-06-02: 임원ㆍ주요주주특정증권등소유상황보고서 | 2026-06-01: 주식등의대량보유상황보고서(일반) | 2026-06-01: 임원ㆍ주요주주특정증권등소유상황보고서 | 2026-06-01: 임원ㆍ주요주주특정증권등소유상황보고서,12
비덴트,121800,-30,🚨 YES,주권매매거래정지기간변경              (상장폐지사유 발생),,주권매매거래정지기간변경              (상장폐지사유 발생)(-30),2026-06-02: 주권매매거래정지기간변경              (상장폐지사유 발생) | 2026-06-02: 기타시장안내              (코스닥시장위원회 심의·의결 결과 등 안내) | 2026-05-21: [기재정정]주주총회소집결의              (임시주주총회) | 2026-05-15: 분기보고서 (2026.03),4
지아이에스,306620,-30,🚨 YES,[첨부정정]주요사항보고서(전환사채권발행결정) | 주요사항보고서(전환사채권발행결정),,[첨부정정]주요사항보고서(전환사채권발행결정)(-15) | 주요사항보고서(전환사채권발행결정)(-15),2026-05-29: 신탁계약해지결과보고서 | 2026-05-26: 교환청구권행사              (제1회차) | 2026-05-26: 주요사항보고서(자기주식취득신탁계약해지결정) | 2026-05-22: [첨부정정]주요사항보고서(전환사채권발행결정) | 2026-05-15: 증권발행결과(자율공시)              (제9회차 CB),9
대양금속,009190,-30,🚨 YES,[기재정정]주요사항보고서(유상증자결정) | 주요사항보고서(유상증자결정),,[기재정정]주요사항보고서(유상증자결정)(-15) | 주요사항보고서(유상증자결정)(-15),2026-06-01: 기업지배구조보고서공시               | 2026-05-18: [기재정정]주식매수선택권부여에관한신고 | 2026-05-18: 전환가액ㆍ신주인수권행사가액ㆍ교환가액의조정(안내공시)               | 2026-05-18: 전환가액ㆍ신주인수권행사가액ㆍ교환가액의조정(안내공시)               | 2026-05-15: 소액공모실적보고서,14
유니포인트,121060,-30,🚨 YES,주권매매거래정지해제              (감자 주권 변경상장),,주권매매거래정지해제              (감자 주권 변경상장)(-30),2026-05-15: 주권매매거래정지해제              (감자 주권 변경상장) | 2026-05-13: 기업설명회(IR)개최결과               | 2026-05-08: 감자완료              ,3
컬러레이,900310,-30,🚨 YES,"주권매매거래정지              (주식의 병합, 분할 등 전자등록 변경, 말소)",,"주권매매거래정지              (주식의 병합, 분할 등 전자등록 변경, 말소)(-30)","2026-05-29: 분기보고서 (2026.03) | 2026-05-12: 주권매매거래정지              (주식의 병합, 분할 등 전자등록 변경, 말소) | 2026-05-04: 사외이사의선임ㆍ해임또는중도퇴임에관한신고",3
디에스엠,104040,-30,🚨 YES,주권매매거래정지해제              (액면병합 주권 변경상장),,주권매매거래정지해제              (액면병합 주권 변경상장)(-30),2026-05-15: 주권매매거래정지해제              (액면병합 주권 변경상장) | 2026-05-14: 분기보고서 (2026.03) | 2026-05-13: 기업설명회(IR)개최              ,3
금호전기,001210,-30,🚨 YES,[기재정정]주요사항보고서(전환사채권발행결정) | [기재정정]주요사항보고서(유상증자결정),,[기재정정]주요사항보고서(전환사채권발행결정)(-15) | [기재정정]주요사항보고서(유상증자결정)(-15),2026-05-29: 기업지배구조보고서공시               | 2026-05-22: [기재정정]주요사항보고서(전환사채권발행결정) | 2026-05-22: [기재정정]주요사항보고서(유상증자결정) | 2026-05-22: 주주명부폐쇄기간또는기준일설정               | 2026-05-22: 주주총회소집결의              ,9
엘컴텍,037950,-30,🚨 YES,주권매매거래정지해제              (감자 주권 변경상장),,주권매매거래정지해제              (감자 주권 변경상장)(-30),2026-05-21: 임원ㆍ주요주주특정증권등거래계획보고서 | 2026-05-21: 임원ㆍ주요주주특정증권등소유상황보고서 | 2026-05-15: 분기보고서 (2026.03) | 2026-05-08: 임원ㆍ주요주주특정증권등소유상황보고서 | 2026-05-08: 임원ㆍ주요주주특정증권등소유상황보고서,7
오성첨단소재,052420,-30,🚨 YES,주권매매거래정지해제              (액면병합 주권 변경상장),,주권매매거래정지해제              (액면병합 주권 변경상장)(-30),2026-05-27: 주권매매거래정지해제              (액면병합 주권 변경상장) | 2026-05-26: 전환가액의조정              (제26회차) | 2026-05-19: 주식등의대량보유상황보고서(일반) | 2026-05-19: 임원ㆍ주요주주특정증권등소유상황보고서 | 2026-05-19: 임원ㆍ주요주주특정증권등소유상황보고서,10
펨토바이오메드,327610,-30,🚨 YES,주권매매거래정지기간변경              (개선기간 부여),,주권매매거래정지기간변경              (개선기간 부여)(-30),2026-05-06: 주권매매거래정지기간변경              (개선기간 부여) | 2026-05-06: 기타시장안내              (상장폐지 관련 이의신청서 접수 및 개선기간 부여),2
아이오케이이엔엠,078860,-30,🚨 YES,[기재정정]주요사항보고서(유상증자결정) | 주요사항보고서(유상증자결정),,[기재정정]주요사항보고서(유상증자결정)(-15) | 주요사항보고서(유상증자결정)(-15),2026-06-01: [기재정정]주주총회소집결의               | 2026-05-18: 소액공모실적보고서 | 2026-05-18: 증권발행결과(자율공시)              (제3자배정 유상증자-소액공모) | 2026-05-15: 분기보고서 (2026.03) | 2026-05-14: [기재정정]주주총회소집결의              ,12
솔루믹스,238500,-30,🚨 YES,주권매매거래정지기간변경              (액면병합 주권 변경상장),,주권매매거래정지기간변경              (액면병합 주권 변경상장)(-30),2026-06-02: 기타시장안내              (상장공시위원회 속개 결정 안내) | 2026-05-06: 기타시장안내              (개선계획 이행내역서 제출에 따른 안내) | 2026-05-04: 주권매매거래정지기간변경              (액면병합 주권 변경상장),3
SK,034730,-30,🚨 YES,[기재정정]감자결정(종속회사의주요경영사항)              ,,[기재정정]감자결정(종속회사의주요경영사항)              (-20) | 주요사항보고서(자기주식처분결정)(-10),2026-06-01: 기업지배구조보고서공시               | 2026-05-29: 대규모기업집단현황공시[연1회(동일인용)] | 2026-05-29: 대규모기업집단현황공시[연1회공시및1/4분기용(대표회사)] | 2026-05-28: [기재정정]타법인주식및출자증권취득결정(자회사의 주요경영사항)               | 2026-05-28: [기재정정]타법인주식및출자증권처분결정(자회사의 주요경영사항)              ,28
형지I&C,011080,-30,🚨 YES,[기재정정]주요사항보고서(유상증자결정) | [기재정정]주요사항보고서(유상증자결정),,[기재정정]주요사항보고서(유상증자결정)(-15) | [기재정정]주요사항보고서(유상증자결정)(-15),2026-06-02: 권리락              (유상증자) | 2026-06-02: 투자설명서 | 2026-06-02: [발행조건확정]증권신고서(지분증권) | 2026-06-02: [기재정정]주요사항보고서(유상증자결정) | 2026-06-02: 유상증자1차발행가액결정              ,16
팡스카이,266350,-30,🚨 YES,주권매매거래정지해제              (상장폐지에 따른 정리매매 개시),,주권매매거래정지해제              (상장폐지에 따른 정리매매 개시)(-30),2026-06-02: 주권매매거래정지해제              (상장폐지에 따른 정리매매 개시) | 2026-06-02: 기타시장안내              (코넥스시장 상장공시위원회 심의 결과 등 안내 ) | 2026-05-04: 기타시장안내              (개선계획 이행내역서 제출에 따른 안내),3
티에스넥스젠,043220,-30,🚨 YES,주권매매거래정지기간변경              (회생절차 개시신청),,주권매매거래정지기간변경              (회생절차 개시신청)(-30),2026-05-22: 기타시장안내              (개선계획서 제출) | 2026-05-20: 주권매매거래정지기간변경              (회생절차 개시신청) | 2026-05-20: 주요사항보고서(회생절차개시신청) | 2026-05-15: 분기보고서 (2026.03) | 2026-05-12: 기타시장안내              (개선계획 이행내역서 제출에 따른 안내),6
넥스트아이,137940,-30,🚨 YES,주권매매거래정지해제              (액면병합 주권 변경상장),,주권매매거래정지해제              (액면병합 주권 변경상장)(-30),2026-05-26: 주권매매거래정지해제              (액면병합 주권 변경상장) | 2026-05-15: 분기보고서 (2026.03),2
멤레이비티,072770,-30,🚨 YES,주권매매거래정지해제              (액면병합 주권 변경상장),,주권매매거래정지해제              (액면병합 주권 변경상장)(-30),2026-05-21: 주권매매거래정지해제              (액면병합 주권 변경상장) | 2026-05-15: 분기보고서 (2026.03) | 2026-05-13: [기재정정]주식병합결정               | 2026-05-08: 주식등의대량보유상황보고서(약식),4
핑거스토리,417180,-30,🚨 YES,주권매매거래정지해제              (액면병합 주권 변경상장),,주권매매거래정지해제              (액면병합 주권 변경상장)(-30),2026-05-19: 주권매매거래정지해제              (액면병합 주권 변경상장) | 2026-05-15: 분기보고서 (2026.03),2
리튬포어스,073570,-30,🚨 YES,주권매매거래정지해제              (감자 주권 변경상장),,주권매매거래정지해제              (감자 주권 변경상장)(-30),2026-05-26: 금전대여결정              (대여기간 연장) | 2026-05-15: 분기보고서 (2026.03) | 2026-05-15: 주권매매거래정지해제              (감자 주권 변경상장) | 2026-05-07: 감자완료              ,4
인스코비,006490,-30,🚨 YES,[기재정정]주요사항보고서(유상증자결정) | [기재정정]주요사항보고서(유상증자결정),,[기재정정]주요사항보고서(유상증자결정)(-15) | [기재정정]주요사항보고서(유상증자결정)(-15),2026-06-01: 기업지배구조보고서공시               | 2026-05-26: 투자판단관련주요경영사항               | 2026-05-26: 대표이사(대표집행임원)변경(안내공시)               | 2026-05-26: 임시주주총회결과               | 2026-05-19: [기재정정]주요사항보고서(유상증자결정),12
소프트캠프,258790,-30,🚨 YES,주권매매거래정지해제              (액면병합 주권 변경상장),,주권매매거래정지해제              (액면병합 주권 변경상장)(-30),2026-05-27: 주권매매거래정지해제              (액면병합 주권 변경상장) | 2026-05-13: 분기보고서 (2026.03) | 2026-05-04: 기타시장안내(약명및영문명)              (영문상호),3
오션인더블유,052300,-30,🚨 YES,주권매매거래정지해제              (감자 및 액면분할 주권 변경상장),,주권매매거래정지해제              (감자 및 액면분할 주권 변경상장)(-30),2026-05-19: 주권매매거래정지해제              (감자 및 액면분할 주권 변경상장) | 2026-05-15: 분기보고서 (2026.03) | 2026-05-11: 감자완료               | 2026-05-08: 임원ㆍ주요주주특정증권등소유상황보고서,4
아이엘,307180,-30,🚨 YES,주요사항보고서(전환사채권발행결정) | [기재정정]주요사항보고서(유상증자결정),,주요사항보고서(전환사채권발행결정)(-15) | [기재정정]주요사항보고서(유상증자결정)(-15),2026-05-29: 주요사항보고서(전환사채권발행결정) | 2026-05-27: 주식등의대량보유상황보고서(일반) | 2026-05-13: 분기보고서 (2026.03) | 2026-05-06: 증권발행결과(자율공시)               | 2026-05-06: [기재정정]주요사항보고서(유상증자결정),5
대진첨단소재,393970,-30,🚨 YES,[기재정정]주요사항보고서(전환사채권발행결정) | [첨부정정]주요사항보고서(전환사채권발행결정),,[기재정정]주요사항보고서(전환사채권발행결정)(-15) | [첨부정정]주요사항보고서(전환사채권발행결정)(-15),2026-05-29: 기타경영사항(자율공시)              (소규모합병 승인 이사회 결의(주주총회 갈음) 결과보고) | 2026-05-28: 주주총회소집공고 | 2026-05-20: [기재정정]주주총회소집결의              (임시주주총회) | 2026-05-20: [기재정정]주요사항보고서(전환사채권발행결정) | 2026-05-15: 분기보고서 (2026.03),8
메이슨캐피탈,021880,-30,🚨 YES,"주권매매거래정지              (주식의 병합, 분할 등 전자등록 변경, 말소)",,"주권매매거래정지              (주식의 병합, 분할 등 전자등록 변경, 말소)(-30)","2026-06-02: 주권매매거래정지              (주식의 병합, 분할 등 전자등록 변경, 말소) | 2026-05-27: 매출액또는손익구조30%(대규모법인은15%)이상변동               | 2026-05-14: 임원ㆍ주요주주특정증권등소유상황보고서 | 2026-05-14: 임원ㆍ주요주주특정증권등소유상황보고서 | 2026-05-13: 임원ㆍ주요주주특정증권등소유상황보고서",7
뉴온,123840,-30,🚨 YES,주권매매거래정지해제              (감자 주권 변경상장),,주권매매거래정지해제              (감자 주권 변경상장)(-30),2026-05-15: 분기보고서 (2026.03) | 2026-05-08: 임원ㆍ주요주주특정증권등소유상황보고서 | 2026-05-08: 주식등의대량보유상황보고서(일반) | 2026-05-04: 주권매매거래정지해제              (감자 주권 변경상장),4
세기상사,002420,-27,🚨 YES,매매거래정지및정지해제(중요내용공시)              ,주요사항보고서(회사합병결정)(+3),매매거래정지및정지해제(중요내용공시)              (-30),2026-05-29: 기업지배구조보고서공시               | 2026-05-21: 주주명부폐쇄기간또는기준일설정               | 2026-05-21: 주주총회소집결의               | 2026-05-21: 주요사항보고서(회사합병결정) | 2026-05-21: 매매거래정지및정지해제(중요내용공시)              ,7
케이바이오랩스,038530,-27,🚨 YES,주권매매거래정지해제              (액면병합 주권 변경상장),유형자산취득결정(종속회사의주요경영사항)              (+3),주권매매거래정지해제              (액면병합 주권 변경상장)(-30),2026-05-15: [기재정정]분기보고서 (2026.03) | 2026-05-15: 분기보고서 (2026.03) | 2026-05-11: 주권매매거래정지해제              (액면병합 주권 변경상장) | 2026-05-06: 유형자산취득결정(종속회사의주요경영사항)              ,4
엔에이치스팩29호,451700,-27,🚨 YES,주권매매거래정지              (SPAC 소멸합병),[기재정정]주요사항보고서(회사합병결정)(+3),주권매매거래정지              (SPAC 소멸합병)(-30),2026-06-01: 주식등의대량보유상황보고서(일반) | 2026-05-13: 분기보고서 (2026.03) | 2026-05-13: 주권매매거래정지              (SPAC 소멸합병) | 2026-05-12: [기재정정]주요사항보고서(회사합병결정),4
코스리거글로벌,043710,-27,🚨 YES,주권매매거래정지해제              (액면병합 주권 변경상장),연결재무제표기준영업(잠정)실적(공정공시)              (+3),주권매매거래정지해제              (액면병합 주권 변경상장)(-30),2026-05-15: 분기보고서 (2026.03) | 2026-05-06: 주권매매거래정지해제              (액면병합 주권 변경상장) | 2026-05-04: 연결재무제표기준영업(잠정)실적(공정공시)              ,3
조이웍스앤코,309930,-27,🚨 YES,주권매매거래정지해제              (액면병합 주권 변경상장),영업(잠정)실적(공정공시)              (+3),주권매매거래정지해제              (액면병합 주권 변경상장)(-30),2026-06-01: 임원ㆍ주요주주특정증권등소유상황보고서 | 2026-06-01: 임원ㆍ주요주주특정증권등소유상황보고서 | 2026-06-01: 임원ㆍ주요주주특정증권등소유상황보고서 | 2026-05-26: 기타경영사항(자율공시)              (자기사채(제2회 전환사채) 소각 및 말소 결정) | 2026-05-26: 전환사채(해외전환사채포함)발행후만기전사채취득              ,14
코미코,183300,-27,🚨 YES,주권매매거래정지              (무상증자),주식분할결정              (+3),주권매매거래정지              (무상증자)(-30),2026-05-22: 권리락              (무상증자) | 2026-05-22: [기재정정]주요사항보고서(무상증자결정) | 2026-05-18: [기재정정]타인에대한채무보증결정               | 2026-05-18: [기재정정]타인에대한채무보증결정               | 2026-05-15: 분기보고서 (2026.03),12
디비금융스팩12호,477760,-27,🚨 YES,주권매매거래정지해제              (합병결정 철회),[기재정정]주요사항보고서(회사합병결정)(+3),주권매매거래정지해제              (합병결정 철회)(-30),2026-05-26: 주권매매거래정지해제              (합병결정 철회) | 2026-05-26: 기업인수목적회사관련합병취소ㆍ부인사실발생               | 2026-05-26: [기재정정]주요사항보고서(회사합병결정) | 2026-05-15: 분기보고서 (2026.03),4
SGA솔루션즈,184230,-27,🚨 YES,주권매매거래정지해제              (액면병합 주권 변경상장),[기재정정]주요사항보고서(회사합병결정)(+3),주권매매거래정지해제              (액면병합 주권 변경상장)(-30),2026-05-26: 기타경영사항(자율공시)              (소규모합병 승인 이사회 결의(주주총회 갈음) 결과보고) | 2026-05-15: 주식등의대량보유상황보고서(약식) | 2026-05-15: 주요사항보고서(자기전환사채매도결정) | 2026-05-15: 주권매매거래정지해제              (액면병합 주권 변경상장) | 2026-05-15: 분기보고서 (2026.03),11
그린리소스,402490,-27,🚨 YES,주요사항보고서(신주인수권부사채권발행결정) | 주요사항보고서(전환사채권발행결정),[기재정정]유형자산취득결정(종속회사의주요경영사항)              (+3),주요사항보고서(신주인수권부사채권발행결정)(-15) | 주요사항보고서(전환사채권발행결정)(-15),2026-06-02: 주요사항보고서(신주인수권부사채권발행결정) | 2026-06-02: 주요사항보고서(전환사채권발행결정) | 2026-06-01: [기재정정]유형자산취득결정(종속회사의주요경영사항)               | 2026-05-14: 분기보고서 (2026.03),4
파크시스템스,140860,-25,🚨 YES,주요사항보고서(신주인수권부사채권발행결정),,주요사항보고서(신주인수권부사채권발행결정)(-15) | 주요사항보고서(자기주식처분결정)(-10),2026-05-29: 주식등의대량보유상황보고서(약식) | 2026-05-21: 주요사항보고서(신주인수권부사채권발행결정) | 2026-05-21: 주요사항보고서(자본으로인정되는채무증권발행결정) | 2026-05-19: 기업설명회(IR)개최               | 2026-05-15: 기업가치제고계획(자율공시)              ,10
한솔홀딩스,004150,-25,🚨 YES,[기재정정]주요사항보고서(유상증자결정)(자회사의 주요경영사항)               | [기재정정]주요사항보고서(유상증자결정)(자회사의 주요경영사항)              ,주요사항보고서(자기주식취득결정)(+5),[기재정정]주요사항보고서(유상증자결정)(자회사의 주요경영사항)              (-15) | [기재정정]주요사항보고서(유상증자결정)(자회사의 주요경영사항)              (-15),2026-05-29: [기재정정]대규모기업집단현황공시[연1회공시및1/4분기용(대표회사)] | 2026-05-29: 기업지배구조보고서공시               | 2026-05-27: 대규모기업집단현황공시[연1회공시및1/4분기용(대표회사)] | 2026-05-27: 대규모기업집단현황공시[연1회(동일인용)] | 2026-05-20: [기재정정]주요사항보고서(유상증자결정)(자회사의 주요경영사항)              ,11
카티스,140430,-25,🚨 YES,주권매매거래정지해제              (액면병합 주권 변경상장),단일판매ㆍ공급계약체결              (+5),주권매매거래정지해제              (액면병합 주권 변경상장)(-30),2026-05-28: 단일판매ㆍ공급계약체결               | 2026-05-27: 주권매매거래정지해제              (액면병합 주권 변경상장) | 2026-05-15: 분기보고서 (2026.03) | 2026-05-14: 주식등의대량보유상황보고서(일반) | 2026-05-14: 임원ㆍ주요주주특정증권등소유상황보고서,9
나우코스,257990,-25,🚨 YES,"주권매매거래정지              (주식의 병합, 분할 등 전자등록 변경, 말소)",주식소각결정              (+5),"주권매매거래정지              (주식의 병합, 분할 등 전자등록 변경, 말소)(-30)","2026-05-22: 임원ㆍ주요주주특정증권등소유상황보고서 | 2026-05-22: 주식등의대량보유상황보고서(일반) | 2026-05-18: 합병등종료보고서(주식의포괄적교환ㆍ이전) | 2026-05-11: [기재정정]주요사항보고서(주식교환ㆍ이전결정) | 2026-05-11: 주권매매거래정지              (주식의 병합, 분할 등 전자등록 변경, 말소)",6
제이에스링크,127120,-25,🚨 YES,주요사항보고서(전환사채권발행결정) | 주요사항보고서(전환사채권발행결정),단일판매ㆍ공급계약체결              (+5),주요사항보고서(전환사채권발행결정)(-15) | 주요사항보고서(전환사채권발행결정)(-15),2026-05-15: 분기보고서 (2026.03) | 2026-05-13: 단일판매ㆍ공급계약체결               | 2026-05-13: 주요사항보고서(전환사채권발행결정) | 2026-05-13: 주요사항보고서(전환사채권발행결정) | 2026-05-07: [기재정정]타법인주식및출자증권취득결정              ,5
방림,003610,-25,🚨 YES,매매거래정지및정지해제(중요내용공시)              ,주식소각결정              (+5),매매거래정지및정지해제(중요내용공시)              (-30),2026-05-29: 기업지배구조보고서공시               | 2026-05-15: 반기보고서 (2026.03) | 2026-05-06: 주식소각결정               | 2026-05-06: 매매거래정지및정지해제(중요내용공시)               | 2026-05-06: 수시공시의무관련사항(공정공시)              ,5
옵티코어,380540,-25,🚨 YES,주권매매거래정지기간변경              (액면병합 주권 변경상장),단일판매ㆍ공급계약체결              (+5),주권매매거래정지기간변경              (액면병합 주권 변경상장)(-30),2026-06-02: 주식등의대량보유상황보고서(약식) | 2026-05-27: 주요사항보고서(자기전환사채만기전취득결정) | 2026-05-21: 주권매매거래정지기간변경              (액면병합 주권 변경상장) | 2026-05-19: 단일판매ㆍ공급계약체결               | 2026-05-15: 분기보고서 (2026.03),14
오가닉티코스메틱,900300,-25,🚨 YES,"주권매매거래정지              (주식의 병합, 분할 등 전자등록 변경, 말소)",단일판매ㆍ공급계약체결(자회사의 주요경영사항)              (+5),"주권매매거래정지              (주식의 병합, 분할 등 전자등록 변경, 말소)(-30)","2026-06-01: 분기보고서 (2026.03) | 2026-05-20: 주권매매거래정지              (주식의 병합, 분할 등 전자등록 변경, 말소) | 2026-05-06: 단일판매ㆍ공급계약체결(자회사의 주요경영사항)              ",3
네오티스,085910,-25,🚨 YES,[기재정정]주요사항보고서(유상증자결정) | 주요사항보고서(유상증자결정),[첨부추가]주식소각결정              (+5),[기재정정]주요사항보고서(유상증자결정)(-15) | 주요사항보고서(유상증자결정)(-15),2026-05-12: [첨부추가]주식소각결정               | 2026-05-21: 임원ㆍ주요주주특정증권등소유상황보고서 | 2026-05-15: 분기보고서 (2026.03) | 2026-05-14: 주식등의대량보유상황보고서(약식) | 2026-05-13: [기재정정]주요사항보고서(유상증자결정),7
유디엠텍,389680,-25,🚨 YES,주권매매거래정지해제              (액면병합 주권 변경상장),[기재정정]단일판매ㆍ공급계약체결              (+5),주권매매거래정지해제              (액면병합 주권 변경상장)(-30),2026-05-29: [기재정정]단일판매ㆍ공급계약체결               | 2026-05-15: 분기보고서 (2026.03) | 2026-05-11: 주권매매거래정지해제              (액면병합 주권 변경상장),3
삼화네트웍스,046390,-25,🚨 YES,주권매매거래정지해제              (액면병합 주권 변경상장),[기재정정]단일판매ㆍ공급계약체결              (+5),주권매매거래정지해제              (액면병합 주권 변경상장)(-30),2026-05-29: [기재정정]단일판매ㆍ공급계약체결               | 2026-05-29: [기재정정]주식매수선택권부여에관한신고 | 2026-05-27: 주식등의대량보유상황보고서(일반) | 2026-05-22: 주권매매거래정지해제              (액면병합 주권 변경상장) | 2026-05-15: 분기보고서 (2026.03),6
미래에셋비전스팩7호,482680,-24,🚨 YES,주권매매거래정지              (SPAC 합병(예비심사청구대상)),[첨부정정]주요사항보고서(회사합병결정)(+3) | 주요사항보고서(회사합병결정)(+3),주권매매거래정지              (SPAC 합병(예비심사청구대상))(-30),2026-05-14: 분기보고서 (2026.03) | 2026-05-13: [첨부정정]주요사항보고서(회사합병결정) | 2026-05-12: 주권매매거래정지              (SPAC 합병(예비심사청구대상)) | 2026-05-12: 주요사항보고서(회사합병결정),4
아시아나항공,020560,-24,🚨 YES,매매거래정지및정지해제(중요내용공시)              ,[첨부정정]주요사항보고서(회사합병결정)(+3) | 주요사항보고서(회사합병결정)(+3),매매거래정지및정지해제(중요내용공시)              (-30),2026-06-01: 기업지배구조보고서공시               | 2026-05-29: 대규모기업집단현황공시[연1회공시및1/4분기용(개별회사)] | 2026-05-14: 분기보고서 (2026.03) | 2026-05-14: [첨부정정]주요사항보고서(회사합병결정) | 2026-05-13: 주주명부폐쇄기간또는기준일설정              ,9
공구우먼,366030,-20,OK,,,최대주주변경을수반하는주식담보제공계약체결              (-5) | 최대주주변경              (-5) | [기재정정]최대주주변경을수반하는주식양수도계약체결              (-5) | [기재정정]최대주주변경을수반하는주식양수도계약체결              (-5),2026-06-02: 임원ㆍ주요주주특정증권등소유상황보고서 | 2026-06-02: 주식등의대량보유상황보고서(일반) | 2026-06-01: 최대주주변경을수반하는주식담보제공계약체결               | 2026-06-01: 최대주주변경               | 2026-05-21: [기재정정]주식등의대량보유상황보고서(일반),15
디에이테크놀로지,196490,-20,🚨 YES,[첨부정정]주요사항보고서(유상증자결정),,최대주주변경              (-5) | [첨부정정]주요사항보고서(유상증자결정)(-15),2026-06-02: 주식등의대량보유상황보고서(약식) | 2026-05-15: 분기보고서 (2026.03) | 2026-05-14: 주식등의대량보유상황보고서(약식) | 2026-05-14: 주식등의대량보유상황보고서(일반) | 2026-05-14: 임원ㆍ주요주주특정증권등소유상황보고서,10
자연과환경,043910,-20,🚨 YES,주권매매거래정지해제              (액면병합 주권 변경상장),단일판매ㆍ공급계약체결              (+5) | 단일판매ㆍ공급계약체결              (+5),주권매매거래정지해제              (액면병합 주권 변경상장)(-30),2026-05-28: 단일판매ㆍ공급계약체결               | 2026-05-27: 임원ㆍ주요주주특정증권등소유상황보고서 | 2026-05-27: 임원ㆍ주요주주특정증권등소유상황보고서 | 2026-05-22: 투자판단관련주요경영사항              (석문국가산단 B-6 민간참여 공모사업 중 PC공사 낙찰) | 2026-05-19: 주권매매거래정지해제              (액면병합 주권 변경상장),9
웰바이오텍,010600,-20,🚨 YES,[기재정정]주요사항보고서(감자결정),,[기재정정]주요사항보고서(감자결정)(-20),2026-05-20: [기재정정]주요사항보고서(감자결정) | 2026-05-15: 분기보고서 (2026.03),2
레이,228670,-20,🚨 YES,[첨부정정]주요사항보고서(전환사채권발행결정),,[기재정정]최대주주변경을수반하는주식담보제공계약체결              (-5) | [첨부정정]주요사항보고서(전환사채권발행결정)(-15),2026-06-02: [기재정정]주식등의대량보유상황보고서(일반) | 2026-06-02: 주식등의대량보유상황보고서(일반) | 2026-05-29: 사외이사의선임ㆍ해임또는중도퇴임에관한신고 | 2026-05-28: 소송등의판결ㆍ결정               | 2026-05-28: 임시주주총회결과              ,19
큐라티스,348080,-20,🚨 YES,[기재정정]주요사항보고서(감자결정),,[기재정정]주요사항보고서(감자결정)(-20),2026-06-01: 임시주주총회결과               | 2026-05-15: 주주총회소집공고 | 2026-05-14: 분기보고서 (2026.03) | 2026-05-06: [기재정정]주요사항보고서(감자결정),4
삼천리자전거,024950,-20,🚨 YES,[기재정정]주요사항보고서(감자결정),,[기재정정]주요사항보고서(감자결정)(-20),2026-05-13: 분기보고서 (2026.03) | 2026-05-06: 감자완료               | 2026-05-06: [기재정정]주요사항보고서(감자결정),3
세니젠,188260,-20,🚨 YES,[기재정정]주요사항보고서(유상증자결정),,최대주주변경              (-5) | [기재정정]주요사항보고서(유상증자결정)(-15),2026-05-20: 주식등의대량보유상황보고서(일반) | 2026-05-20: 임원ㆍ주요주주특정증권등소유상황보고서 | 2026-05-15: [기재정정]분기보고서 (2026.03) | 2026-05-14: 분기보고서 (2026.03) | 2026-05-14: 주식등의대량보유상황보고서(약식),9
코칩,126730,-20,OK,,,[기재정정]주요사항보고서(자기주식처분결정)(-10) | [기재정정]주요사항보고서(자기주식처분결정)(-10),2026-06-02: [기재정정]주요사항보고서(자기주식처분결정) | 2026-05-29: [기재정정]주요사항보고서(자기주식처분결정) | 2026-05-29: 임시주주총회결과               | 2026-05-21: 신탁계약해지결과보고서 | 2026-05-13: 주주총회소집공고,5
중앙첨단소재,051980,-20,🚨 YES,[첨부정정]주요사항보고서(전환사채권발행결정),,[기재정정]최대주주변경을수반하는주식담보제공계약체결              (-5) | [첨부정정]주요사항보고서(전환사채권발행결정)(-15),2026-05-29: [기재정정]최대주주변경을수반하는주식담보제공계약체결               | 2026-05-15: 분기보고서 (2026.03) | 2026-05-11: [첨부정정]주요사항보고서(전환사채권발행결정),3
판타지오,032800,-20,🚨 YES,주요사항보고서(유상증자결정),,최대주주변경              (-5) | 주요사항보고서(유상증자결정)(-15),2026-05-26: 주식등의대량보유상황보고서(약식) | 2026-05-26: 전환사채(해외전환사채포함)발행후만기전사채취득              (제7회차) | 2026-05-22: 임원ㆍ주요주주특정증권등소유상황보고서 | 2026-05-22: 주식등의대량보유상황보고서(일반) | 2026-05-22: 임원ㆍ주요주주특정증권등소유상황보고서,13
DKME,015590,-20,OK,,,최대주주등소유주식변동신고서(최대주주변경시)              (-5) | 최대주주변경              (-5) | 최대주주등소유주식변동신고서(최대주주변경시)              (-5) | 최대주주변경              (-5),2026-06-02: 주식등의대량보유상황보고서(일반) | 2026-06-02: 소송등의판결ㆍ결정               | 2026-06-01: 소송등의판결ㆍ결정               | 2026-05-29: 기업지배구조보고서공시               | 2026-05-28: [기재정정]사업보고서 (2025.12),30
엔피,291230,-17,🚨 YES,[기재정정]주요사항보고서(감자결정),[기재정정]주요사항보고서(회사합병결정)(+3),[기재정정]주요사항보고서(감자결정)(-20),2026-05-29: [기재정정]주주총회소집공고 | 2026-05-28: 의결권대리행사권유참고서류 | 2026-05-28: 주주총회소집공고 | 2026-05-28: 투자설명서 | 2026-05-28: 효력발생안내( 2026.5.15. 제출 증권신고서(합병) ),15
현대홈쇼핑,057050,-17,🚨 YES,[기재정정]주요사항보고서(감자결정),연결재무제표기준영업(잠정)실적(공정공시)              (+3),[기재정정]주요사항보고서(감자결정)(-20),2026-05-29: 기업지배구조보고서공시               | 2026-05-29: 대규모기업집단현황공시[연1회공시및1/4분기용(개별회사)] | 2026-05-22: [기재정정]주요사항보고서(감자결정) | 2026-05-22: [기재정정]주요사항보고서(주식교환ㆍ이전결정) | 2026-05-15: 분기보고서 (2026.03),8
SKC,011790,-15,🚨 YES,[기재정정]주요사항보고서(유상증자결정),,[기재정정]주요사항보고서(유상증자결정)(-15),2026-06-02: [기재정정]주식등의대량보유상황보고서(일반) | 2026-06-01: 전환청구권ㆍ신주인수권ㆍ교환청구권행사               | 2026-06-01: 기업지배구조보고서공시               | 2026-06-01: 주식등의대량보유상황보고서(일반) | 2026-05-29: 주식등의대량보유상황보고서(일반),37
멜파스,096640,-15,🚨 YES,주요사항보고서(유상증자결정),,주요사항보고서(유상증자결정)(-15),2026-05-27: 주요사항보고서(유상증자결정) | 2026-05-15: 분기보고서 (2026.03),2
아이티센글로벌,124500,-15,🚨 YES,[기재정정]주요사항보고서(전환사채권발행결정),,[기재정정]주요사항보고서(전환사채권발행결정)(-15),2026-05-29: [기재정정]타인에대한채무보증결정               | 2026-05-20: 기업설명회(IR)개최               | 2026-05-14: 분기보고서 (2026.03) | 2026-05-14: [기재정정]타인에대한채무보증결정               | 2026-05-08: 증권발행결과(자율공시)              ,6
비투엔,307870,-15,OK,,,[기재정정]최대주주변경을수반하는주식양수도계약체결              (-5) | [기재정정]최대주주변경을수반하는주식양수도계약체결              (-5) | [기재정정]최대주주변경을수반하는주식양수도계약체결              (-5),2026-05-29: 주주총회소집공고 | 2026-05-29: [기재정정]주주총회소집결의               | 2026-05-28: [기재정정]최대주주변경을수반하는주식양수도계약체결               | 2026-05-26: 주식등의대량보유상황보고서(일반) | 2026-05-22: [기재정정]주요사항보고서(자기전환사채매도결정),12
앤로보틱스,138360,-15,🚨 YES,[기재정정]주요사항보고서(유상증자결정),,[기재정정]주요사항보고서(유상증자결정)(-15),2026-05-29: [기재정정]주요사항보고서(유상증자결정) | 2026-05-15: 분기보고서 (2026.03) | 2026-05-15: 기타경영사항(자율공시)              (소규모합병 승인 이사회 결의(주주총회 갈음) 결과 보고),3
비케이홀딩스,050090,-15,🚨 YES,주요사항보고서(유상증자결정),,주요사항보고서(유상증자결정)(-15),2026-06-01: 주식등의대량보유상황보고서(일반) | 2026-06-01: 임원ㆍ주요주주특정증권등소유상황보고서 | 2026-05-28: 증권발행결과(자율공시)              (제3자배정 유상증자) | 2026-05-20: 주요사항보고서(유상증자결정) | 2026-05-14: 분기보고서 (2026.03),5
현대엘리베이터,017800,-15,🚨 YES,[기재정정]유상증자결정(종속회사의주요경영사항)              ,,[기재정정]유상증자결정(종속회사의주요경영사항)              (-15),2026-06-02: [기재정정]타법인주식및출자증권취득결정               | 2026-06-02: [기재정정]유상증자결정(종속회사의주요경영사항)               | 2026-05-29: 최대주주등소유주식변동신고서               | 2026-05-29: 기업지배구조보고서공시               | 2026-05-26: [기재정정]주식등의대량보유상황보고서(일반),12
디모아,016670,-15,🚨 YES,[기재정정]주요사항보고서(유상증자결정),,[기재정정]주요사항보고서(유상증자결정)(-15),2026-05-27: [기재정정]주요사항보고서(유상증자결정) | 2026-05-22: [기재정정]주주총회소집결의               | 2026-05-13: 분기보고서 (2026.03) | 2026-05-12: 정정신고서제출요구( 2026.04.24. 제출 증권신고서(지분증권) ),4
천보,278280,-15,🚨 YES,전환사채권발행결정(자회사의 주요경영사항)              ,,전환사채권발행결정(자회사의 주요경영사항)              (-15),2026-05-29: 증권발행결과(자율공시)(자회사의 주요경영사항)               | 2026-05-22: 전환사채권발행결정(자회사의 주요경영사항)               | 2026-05-15: 분기보고서 (2026.03),3
상지건설,042940,-15,🚨 YES,주요사항보고서(유상증자결정),,주요사항보고서(유상증자결정)(-15),2026-06-01: 정정신고서제출요구( 2026.05.15. 제출 증권신고서(지분증권) ) | 2026-05-15: [정정제출요구]증권신고서(지분증권) | 2026-05-13: 분기보고서 (2026.03) | 2026-05-08: 주요사항보고서(유상증자결정),4
배럴,267790,-15,🚨 YES,[기재정정]주요사항보고서(전환사채권발행결정),,[기재정정]주요사항보고서(전환사채권발행결정)(-15),2026-05-22: [기재정정]주요사항보고서(전환사채권발행결정) | 2026-05-14: 분기보고서 (2026.03),2
일지테크,019540,-15,🚨 YES,유상증자결정(종속회사의주요경영사항)              ,,유상증자결정(종속회사의주요경영사항)              (-15),2026-05-27: 타법인주식및출자증권취득결정               | 2026-05-27: 유상증자결정(종속회사의주요경영사항)               | 2026-05-15: 분기보고서 (2026.03),3
코아스,071950,-15,🚨 YES,[기재정정]주요사항보고서(전환사채권발행결정),,[기재정정]주요사항보고서(전환사채권발행결정)(-15),2026-05-29: 기업지배구조보고서공시               | 2026-05-28: 생산중단               | 2026-05-28: [기재정정]주요사항보고서(전환사채권발행결정) | 2026-05-14: [기재정정]타법인주식및출자증권취득결정               | 2026-05-14: [기재정정]투자판단관련주요경영사항              ,8
세방전지,004490,-15,🚨 YES,유상증자결정(종속회사의주요경영사항)              ,,유상증자결정(종속회사의주요경영사항)              (-15),2026-06-02: 유상증자결정(종속회사의주요경영사항)               | 2026-05-29: 기업지배구조보고서공시               | 2026-05-15: 기업설명회(IR)개최(안내공시)               | 2026-05-15: 분기보고서 (2026.03),4
싸이토젠,217330,-15,🚨 YES,주요사항보고서(전환사채권발행결정),,주요사항보고서(전환사채권발행결정)(-15),2026-05-26: 증권발행결과(자율공시)              (제7회차 CB) | 2026-05-20: 임원ㆍ주요주주특정증권등거래계획보고서 | 2026-05-18: 주요사항보고서(전환사채권발행결정) | 2026-05-15: [기재정정]분기보고서 (2026.03) | 2026-05-14: 분기보고서 (2026.03),5
파인엠텍,441270,-15,🚨 YES,주요사항보고서(전환사채권발행결정),,주요사항보고서(전환사채권발행결정)(-15),2026-05-29: 증권발행결과(자율공시)              (제10회차 CB) | 2026-05-21: 주요사항보고서(전환사채권발행결정) | 2026-05-21: 주식등의대량보유상황보고서(일반) | 2026-05-15: 분기보고서 (2026.03) | 2026-05-13: 주식등의대량보유상황보고서(일반),6
HLB이노베이션,024850,-15,🚨 YES,주요사항보고서(전환사채권발행결정),,주요사항보고서(전환사채권발행결정)(-15),2026-06-01: [기재정정]사업보고서 (2025.12) | 2026-05-29: 기업설명회(IR)개최               | 2026-05-21: 기업설명회(IR)개최               | 2026-05-15: 분기보고서 (2026.03) | 2026-05-15: 증권발행결과(자율공시)              ,14
한국카본,017960,-15,🚨 YES,[기재정정]주요사항보고서(감자결정),단일판매ㆍ공급계약체결              (+5),[기재정정]주요사항보고서(감자결정)(-20),2026-05-29: 기업지배구조보고서공시               | 2026-05-21: 단일판매ㆍ공급계약체결               | 2026-05-19: 임원ㆍ주요주주특정증권등소유상황보고서 | 2026-05-14: 분기보고서 (2026.03) | 2026-05-13: [기재정정]주요사항보고서(감자결정),5
본시스템즈,496320,-15,🚨 YES,주요사항보고서(유상증자결정),,주요사항보고서(유상증자결정)(-15),2026-06-01: 주요사항보고서(유상증자결정) | 2026-05-21: 기업설명회(IR)개최               | 2026-05-11: 소송등의판결ㆍ결정(일정금액이상의청구)              ,3
서진시스템,178320,-15,OK,,단일판매ㆍ공급계약체결              (+5),[기재정정]최대주주변경을수반하는주식담보제공계약체결              (-5) | [기재정정]최대주주변경을수반하는주식담보제공계약체결              (-5) | [기재정정]최대주주변경을수반하는주식담보제공계약체결              (-5) | [기재정정]최대주주변경을수반하는주식담보제공계약체결              (-5),2026-06-02: 주식등의대량보유상황보고서(일반) | 2026-06-02: [기재정정]최대주주변경을수반하는주식담보제공계약체결               | 2026-05-29: [기재정정]최대주주변경을수반하는주식담보제공계약체결               | 2026-05-22: 주식등의대량보유상황보고서(일반) | 2026-05-21: [기재정정]최대주주변경을수반하는주식담보제공계약체결              ,17
디와이디,219550,-15,🚨 YES,[기재정정]주요사항보고서(유상증자결정),,[기재정정]주요사항보고서(유상증자결정)(-15),2026-06-01: 전환가액의조정              (제7회차) | 2026-05-28: [기재정정]주요사항보고서(유상증자결정) | 2026-05-22: 신주인수권부사채(해외신주인수권부사채포함)발행후만기전사채취득              (제3회차) | 2026-05-15: 분기보고서 (2026.03) | 2026-05-08: 주식등의대량보유상황보고서(약식),5
상신이디피,091580,-15,🚨 YES,[기재정정]주요사항보고서(전환사채권발행결정),,[기재정정]주요사항보고서(전환사채권발행결정)(-15),2026-06-02: [기재정정]사업보고서 (2025.12) | 2026-05-15: 분기보고서 (2026.03) | 2026-05-15: [기재정정]사업보고서 (2025.12) | 2026-05-08: 증권발행결과(자율공시)               | 2026-05-08: 임원ㆍ주요주주특정증권등소유상황보고서,6
아센디오,012170,-15,🚨 YES,주요사항보고서(유상증자결정),,주요사항보고서(유상증자결정)(-15),2026-06-02: 최대주주등소유주식변동신고서               | 2026-06-01: 기업지배구조보고서공시               | 2026-05-22: 임원ㆍ주요주주특정증권등소유상황보고서 | 2026-05-22: 주식등의대량보유상황보고서(일반) | 2026-05-18: 주주명부폐쇄기간또는기준일설정              ,11
모아라이프플러스,142760,-15,🚨 YES,[기재정정]주요사항보고서(전환사채권발행결정),,[기재정정]주요사항보고서(전환사채권발행결정)(-15),2026-06-01: 주식병합결정               | 2026-06-01: [기재정정]주주총회소집결의              (임시주주총회) | 2026-05-29: 전환사채(해외전환사채포함)발행후만기전사채취득               | 2026-05-18: 주주명부폐쇄기간또는기준일설정               | 2026-05-18: 주주총회소집결의              (임시주주총회),8
에이럭스,475580,-15,🚨 YES,[기재정정]유상증자결정(종속회사의주요경영사항)              ,,[기재정정]유상증자결정(종속회사의주요경영사항)              (-15),2026-06-02: 타법인주식및출자증권취득결정(종속회사의주요경영사항)               | 2026-05-29: [기재정정]유상증자결정(종속회사의주요경영사항)               | 2026-05-29: [기재정정]타법인주식및출자증권취득결정               | 2026-05-29: [기재정정]타법인주식및출자증권처분결정               | 2026-05-26: 타법인주식및출자증권취득결정(자율공시)              ,7
올릭스,226950,-15,🚨 YES,주요사항보고서(유상증자결정),,주요사항보고서(유상증자결정)(-15),2026-06-01: 주요사항보고서(유상증자결정) | 2026-06-01: 주주명부폐쇄기간또는기준일설정               | 2026-06-01: 주식등의대량보유상황보고서(일반) | 2026-06-01: 임원ㆍ주요주주특정증권등소유상황보고서 | 2026-06-01: 임원ㆍ주요주주특정증권등소유상황보고서,7
로지스몬,223220,-15,🚨 YES,[기재정정]주요사항보고서(유상증자결정),,[기재정정]주요사항보고서(유상증자결정)(-15),2026-06-02: 기업설명회(IR)개최               | 2026-05-22: [기재정정]주요사항보고서(유상증자결정) | 2026-05-21: 소송등의제기ㆍ신청(경영권분쟁소송)               | 2026-05-21: 주요사항보고서(소송등의제기) | 2026-05-06: [기재정정]주주명부폐쇄기간또는기준일설정              ,6
KBG,318000,-15,🚨 YES,[첨부정정]주요사항보고서(전환사채권발행결정),,[첨부정정]주요사항보고서(전환사채권발행결정)(-15),2026-05-18: 임시주주총회결과               | 2026-05-15: 분기보고서 (2026.03) | 2026-05-13: [첨부정정]주요사항보고서(전환사채권발행결정),3
레이크머티리얼즈,281740,-15,🚨 YES,주요사항보고서(전환사채권발행결정),,주요사항보고서(전환사채권발행결정)(-15),2026-05-21: 증권발행결과(자율공시)               | 2026-05-15: 분기보고서 (2026.03) | 2026-05-13: 주요사항보고서(전환사채권발행결정) | 2026-05-12: 임원ㆍ주요주주특정증권등소유상황보고서,4
지앤비에스 에코,382800,-15,🚨 YES,[첨부정정]주요사항보고서(전환사채권발행결정),,[첨부정정]주요사항보고서(전환사채권발행결정)(-15),2026-05-29: 중간(분기)배당을위한주주명부폐쇄(기준일)결정               | 2026-05-19: 주식등의대량보유상황보고서(일반) | 2026-05-19: 임원ㆍ주요주주특정증권등소유상황보고서 | 2026-05-04: [첨부정정]주요사항보고서(전환사채권발행결정),4
베셀,177350,-15,🚨 YES,[기재정정]주요사항보고서(전환사채권발행결정),,[기재정정]주요사항보고서(전환사채권발행결정)(-15),2026-05-20: 자기주식처분결과보고서 | 2026-05-15: 분기보고서 (2026.03) | 2026-05-15: [기재정정]주요사항보고서(전환사채권발행결정) | 2026-05-14: 전환가액의조정              (제7회차) | 2026-05-12: 주요사항보고서(자기전환사채매도결정),7
썸에이지,208640,-15,🚨 YES,[기재정정]주요사항보고서(유상증자결정),,[기재정정]주요사항보고서(유상증자결정)(-15),2026-05-26: 임시주주총회결과               | 2026-05-22: [기재정정]증권신고서(지분증권) | 2026-05-22: [기재정정]주요사항보고서(유상증자결정) | 2026-05-15: 정정신고서제출요구( 2026.04.30. 제출 증권신고서(지분증권) ) | 2026-05-15: 분기보고서 (2026.03),6
비비안,002070,-15,🚨 YES,주요사항보고서(전환사채권발행결정),,주요사항보고서(전환사채권발행결정)(-15),2026-06-01: 기업지배구조보고서공시               | 2026-05-28: 유상증자또는주식관련사채등의발행결과(자율공시)               | 2026-05-20: [기재정정]임원ㆍ주요주주특정증권등소유상황보고서 | 2026-05-20: [기재정정]주식등의대량보유상황보고서(일반) | 2026-05-20: 주요사항보고서(전환사채권발행결정),12
이뮨온시아,424870,-15,🚨 YES,[기재정정]주요사항보고서(유상증자결정),,[기재정정]주요사항보고서(유상증자결정)(-15),2026-05-28: 임원ㆍ주요주주특정증권등소유상황보고서 | 2026-05-27: 주식등의대량보유상황보고서(일반) | 2026-05-27: 임원ㆍ주요주주특정증권등소유상황보고서 | 2026-05-21: 증권발행실적보고서 | 2026-05-21: 증권발행결과(자율공시)              ,12
아이텍,119830,-15,🚨 YES,[기재정정]주요사항보고서(유상증자결정),,[기재정정]주요사항보고서(유상증자결정)(-15),2026-05-26: 주식등의대량보유상황보고서(약식) | 2026-05-15: 분기보고서 (2026.03) | 2026-05-14: [기재정정]주요사항보고서(유상증자결정),3
블리츠웨이엔터테인먼트,369370,-15,🚨 YES,유상증자결정(종속회사의주요경영사항)              ,,유상증자결정(종속회사의주요경영사항)              (-15),2026-05-21: 유상증자결정(종속회사의주요경영사항)               | 2026-05-15: 분기보고서 (2026.03) | 2026-05-08: 주주총회소집결의              (임시주주총회) | 2026-05-08: 주주명부폐쇄기간또는기준일설정               | 2026-05-08: 주식병합결정              ,5
타이거일렉,219130,-15,🚨 YES,주요사항보고서(전환사채권발행결정),,주요사항보고서(전환사채권발행결정)(-15),2026-05-20: 증권발행결과(자율공시)               | 2026-05-15: 분기보고서 (2026.03) | 2026-05-12: 주요사항보고서(전환사채권발행결정),3
하이퍼코퍼레이션,065650,-15,🚨 YES,주요사항보고서(유상증자결정),,주요사항보고서(유상증자결정)(-15),2026-05-28: 정정신고서제출요구( 2026.05.13. 제출 증권신고서(지분증권) ) | 2026-05-14: 임원ㆍ주요주주특정증권등소유상황보고서 | 2026-05-13: [정정제출요구]증권신고서(지분증권) | 2026-05-13: 임원ㆍ주요주주특정증권등소유상황보고서 | 2026-05-13: 주식등의대량보유상황보고서(일반),16
대성하이텍,129920,-15,🚨 YES,주요사항보고서(전환사채권발행결정),,주요사항보고서(전환사채권발행결정)(-15),2026-05-27: 주식등의대량보유상황보고서(일반) | 2026-05-22: 주식등의대량보유상황보고서(약식) | 2026-05-19: 증권발행결과(자율공시)              (제7회차 CB) | 2026-05-15: 분기보고서 (2026.03) | 2026-05-11: 주식등의대량보유상황보고서(약식),6
NH투자증권,005940,-15,🚨 YES,주요사항보고서(유상증자결정),,주요사항보고서(유상증자결정)(-15),2026-06-02: 주요사항보고서(유상증자결정) | 2026-06-02: 투자설명서(일괄신고) | 2026-06-02: 일괄신고추가서류(파생결합사채-주가연계파생결합사채) | 2026-06-01: 투자설명서(일괄신고) | 2026-06-01: 일괄신고추가서류(파생결합증권-주가연계증권),95
엔젯,419080,-15,🚨 YES,주요사항보고서(신주인수권부사채권발행결정),,주요사항보고서(신주인수권부사채권발행결정)(-15),2026-06-01: [기재정정]분기보고서 (2026.03) | 2026-05-29: 분기보고서 (2026.03) | 2026-05-28: 증권발행결과(자율공시)              (제2회차 BW) | 2026-05-28: 주식등의대량보유상황보고서(약식) | 2026-05-26: 주식등의대량보유상황보고서(약식),6
유진로봇,056080,-15,🚨 YES,주요사항보고서(유상증자결정),,주요사항보고서(유상증자결정)(-15),2026-05-29: 증권발행결과(자율공시)               | 2026-05-22: 임원ㆍ주요주주특정증권등소유상황보고서 | 2026-05-22: 임원ㆍ주요주주특정증권등거래계획보고서 | 2026-05-15: 주요사항보고서(유상증자결정) | 2026-05-14: 분기보고서 (2026.03),5
비트맥스,377030,-15,🚨 YES,주요사항보고서(전환사채권발행결정),,주요사항보고서(전환사채권발행결정)(-15),2026-05-27: 주요사항보고서(전환사채권발행결정) | 2026-05-15: 분기보고서 (2026.03) | 2026-05-14: 주식등의대량보유상황보고서(약식) | 2026-05-13: 주식등의대량보유상황보고서(약식) | 2026-05-13: 주식등의대량보유상황보고서(약식),11
한국파마,032300,-15,🚨 YES,주요사항보고서(전환사채권발행결정),,주요사항보고서(전환사채권발행결정)(-15),2026-05-28: 주식등의대량보유상황보고서(일반) | 2026-05-28: 전환사채(해외전환사채포함)발행후만기전사채취득               | 2026-05-28: 증권발행결과(자율공시)               | 2026-05-20: 주요사항보고서(전환사채권발행결정) | 2026-05-15: 주식등의대량보유상황보고서(일반),6
해성옵틱스,076610,-15,🚨 YES,주요사항보고서(유상증자결정),,주요사항보고서(유상증자결정)(-15),2026-06-01: 주요사항보고서(유상증자결정) | 2026-05-27: 전환가액의조정               | 2026-05-21: 전환청구권행사               | 2026-05-15: [기재정정]전환청구권행사               | 2026-05-15: [기재정정]분기보고서 (2026.03),9
계양전기,012200,-15,🚨 YES,주요사항보고서(유상증자결정),,주요사항보고서(유상증자결정)(-15),2026-06-02: [기재정정]기업지배구조보고서공시               | 2026-06-01: 기업지배구조보고서공시               | 2026-05-27: 정정신고서제출요구( 2026.05.13. 제출 증권신고서(지분증권) ) | 2026-05-19: 타인에대한채무보증결정               | 2026-05-13: [정정제출요구]증권신고서(지분증권),8
LB세미콘,061970,-15,🚨 YES,주요사항보고서(유상증자결정),,주요사항보고서(유상증자결정)(-15),2026-06-01: [기재정정]증권신고서(지분증권) | 2026-05-18: 주식등의대량보유상황보고서(일반) | 2026-05-15: 증권신고서(지분증권) | 2026-05-15: [첨부추가]분기보고서 (2026.03) | 2026-05-15: 주요사항보고서(유상증자결정),5
페니트리움바이오,187660,-15,🚨 YES,[기재정정]주요사항보고서(유상증자결정),,[기재정정]주요사항보고서(유상증자결정)(-15),2026-05-27: [기재정정]증권신고서(지분증권) | 2026-05-27: [기재정정]주요사항보고서(유상증자결정) | 2026-05-18: 정정신고서제출요구( 2026.04.30. 제출 증권신고서(지분증권) ) | 2026-05-15: 분기보고서 (2026.03) | 2026-05-13: 투자판단관련주요경영사항(임상시험계획변경승인신청)              ((불응성/재발성 고형암 대상 펨브롤리주맙과 PenetriumTM 병용요법 1상 임상시험계획 변경승인 신청)),5
HLB제약,047920,-15,🚨 YES,주요사항보고서(유상증자결정),,주요사항보고서(유상증자결정)(-15),2026-05-27: 정정신고서제출요구( 2026.05.13. 제출 증권신고서(지분증권) ) | 2026-05-22: 사외이사의선임ㆍ해임또는중도퇴임에관한신고 | 2026-05-13: [정정제출요구]증권신고서(지분증권) | 2026-05-13: 주요사항보고서(유상증자결정) | 2026-05-13: 분기보고서 (2026.03),5
툴젠,199800,-15,🚨 YES,주요사항보고서(유상증자결정),,주요사항보고서(유상증자결정)(-15),2026-06-01: 정정신고서제출요구( 2026.05.15. 제출 증권신고서(지분증권) ) | 2026-05-15: [정정제출요구]증권신고서(지분증권) | 2026-05-15: 주요사항보고서(유상증자결정) | 2026-05-14: 분기보고서 (2026.03) | 2026-05-04: 임원ㆍ주요주주특정증권등소유상황보고서,5
비에프랩스,139050,-15,🚨 YES,[기재정정]주요사항보고서(유상증자결정),,[기재정정]주요사항보고서(유상증자결정)(-15),2026-05-20: [기재정정]주요사항보고서(유상증자결정) | 2026-05-18: 임원ㆍ주요주주특정증권등소유상황보고서 | 2026-05-18: 주식등의대량보유상황보고서(일반) | 2026-05-15: 분기보고서 (2026.03),4
넥스턴앤롤코리아,089140,-15,🚨 YES,주요사항보고서(유상증자결정),,주요사항보고서(유상증자결정)(-15),2026-05-29: 주요사항보고서(유상증자결정) | 2026-05-29: [기재정정]주요사항보고서(유형자산양도결정) | 2026-05-15: 분기보고서 (2026.03) | 2026-05-06: 주식등의대량보유상황보고서(일반) | 2026-05-06: 주식등의대량보유상황보고서(약식),5
고영,098460,-15,OK,,주식소각결정              (+5),[기재정정]주요사항보고서(자기주식처분결정)(-10) | 주요사항보고서(자기주식처분결정)(-10),2026-05-28: 기업설명회(IR)개최               | 2026-05-15: 분기보고서 (2026.03) | 2026-05-14: 기업설명회(IR)개최               | 2026-05-14: [기재정정]주요사항보고서(자기주식처분결정) | 2026-05-13: 주식소각결정              ,6
파버나인,177830,-15,OK,,[기재정정]주식소각결정              (+5) | 주식소각결정              (+5),[기재정정]최대주주변경을수반하는주식담보제공계약체결              (-5) | [기재정정]최대주주변경을수반하는주식담보제공계약체결              (-5) | [기재정정]최대주주변경을수반하는주식담보제공계약체결              (-5) | [기재정정]최대주주변경을수반하는주식담보제공계약체결              (-5) | [기재정정]최대주주변경을수반하는주식담보제공계약체결              (-5),2026-06-02: 주식등의대량보유상황보고서(일반) | 2026-06-02: [기재정정]최대주주변경을수반하는주식담보제공계약체결               | 2026-05-29: [기재정정]최대주주변경을수반하는주식담보제공계약체결               | 2026-05-29: 주식등의대량보유상황보고서(일반) | 2026-05-26: 신탁계약에의한취득상황보고서,16
이노스페이스,462350,-15,🚨 YES,[기재정정]주요사항보고서(유상증자결정),,[기재정정]주요사항보고서(유상증자결정)(-15),2026-06-01: 유상증자최종발행가액확정              (주주배정후 실권주 일반공모) | 2026-06-01: [기재정정]투자설명서 | 2026-06-01: [발행조건확정]증권신고서(지분증권) | 2026-06-01: [기재정정]주요사항보고서(유상증자결정) | 2026-05-27: 전환주식의전환청구권행사              (전환우선주),26
피플바이오,304840,-15,🚨 YES,[기재정정]주요사항보고서(유상증자결정),,[기재정정]주요사항보고서(유상증자결정)(-15),2026-05-19: 본점소재지변경               | 2026-05-15: 분기보고서 (2026.03) | 2026-05-12: 대표이사변경               | 2026-05-12: 임시주주총회결과               | 2026-05-06: [기재정정]주요사항보고서(유상증자결정),5
삼미금속,012210,-15,🚨 YES,주요사항보고서(전환사채권발행결정),,주요사항보고서(전환사채권발행결정)(-15),2026-06-02: 임원ㆍ주요주주특정증권등거래계획보고서 | 2026-06-01: 주요사항보고서(전환사채권발행결정) | 2026-05-14: 분기보고서 (2026.03),3
머큐리,100590,-15,🚨 YES,주요사항보고서(전환사채권발행결정),,주요사항보고서(전환사채권발행결정)(-15),2026-05-21: 증권발행결과(자율공시)               | 2026-05-15: 분기보고서 (2026.03) | 2026-05-13: 주요사항보고서(전환사채권발행결정),3
크레버스,096240,-15,OK,,,[기재정정]최대주주변경을수반하는주식담보제공계약체결              (-5) | [기재정정]최대주주변경을수반하는주식담보제공계약체결              (-5) | [기재정정]최대주주변경을수반하는주식담보제공계약체결              (-5),2026-05-29: 주식등의대량보유상황보고서(일반) | 2026-05-29: [기재정정]최대주주변경을수반하는주식담보제공계약체결               | 2026-05-28: [기재정정]최대주주변경을수반하는주식담보제공계약체결               | 2026-05-22: [기재정정]최대주주변경을수반하는주식담보제공계약체결               | 2026-05-22: 임원ㆍ주요주주특정증권등소유상황보고서,16
율촌,146060,-15,🚨 YES,주요사항보고서(전환사채권발행결정),,주요사항보고서(전환사채권발행결정)(-15),2026-06-02: 주식등의대량보유상황보고서(약식) | 2026-06-01: 증권발행결과(자율공시)              (제7회차 CB) | 2026-05-29: 주주총회소집공고 | 2026-05-22: 주요사항보고서(전환사채권발행결정) | 2026-05-15: 분기보고서 (2026.03),5
에이팩트,200470,-15,🚨 YES,주요사항보고서(전환사채권발행결정),,주요사항보고서(전환사채권발행결정)(-15),2026-05-29: 주요사항보고서(전환사채권발행결정) | 2026-05-20: 주식등의대량보유상황보고서(일반) | 2026-05-15: 분기보고서 (2026.03),3
디에이치엑스컴퍼니,031860,-15,🚨 YES,[기재정정]주요사항보고서(전환사채권발행결정),,[기재정정]주요사항보고서(전환사채권발행결정)(-15),2026-05-22: 주주명부폐쇄기간또는기준일설정               | 2026-05-22: 주주총회소집결의              (임시주주총회) | 2026-05-22: 주식병합결정               | 2026-05-15: 분기보고서 (2026.03) | 2026-05-08: [기재정정]주요사항보고서(전환사채권발행결정),6
한국첨단소재,062970,-15,🚨 YES,주요사항보고서(전환사채권발행결정),,주요사항보고서(전환사채권발행결정)(-15),2026-06-02: 타법인주식및출자증권취득결정               | 2026-06-01: 의결권대리행사권유참고서류 | 2026-06-01: 주주총회소집공고 | 2026-05-22: 주요사항보고서(전환사채권발행결정) | 2026-05-15: 분기보고서 (2026.03),8
디와이씨,310870,-15,🚨 YES,주요사항보고서(유상증자결정),,주요사항보고서(유상증자결정)(-15),2026-05-29: 주식등의대량보유상황보고서(약식) | 2026-05-26: 주요사항보고서(유상증자결정) | 2026-05-15: 분기보고서 (2026.03),3
랩지노믹스,084650,-15,🚨 YES,주요사항보고서(전환사채권발행결정),,주요사항보고서(전환사채권발행결정)(-15),2026-05-28: 주식등의대량보유상황보고서(일반) | 2026-05-27: [기재정정]임원ㆍ주요주주특정증권등소유상황보고서 | 2026-05-27: 임원ㆍ주요주주특정증권등소유상황보고서 | 2026-05-26: 주식등의대량보유상황보고서(일반) | 2026-05-20: 증권발행결과(자율공시)              ,8
오텍,067170,-15,🚨 YES,[기재정정]주요사항보고서(신주인수권부사채권발행결정),,[기재정정]주요사항보고서(신주인수권부사채권발행결정)(-15),2026-05-28: 신주인수권행사              (제13회차) | 2026-05-22: 주식등의대량보유상황보고서(일반) | 2026-05-22: 임원ㆍ주요주주특정증권등소유상황보고서 | 2026-05-22: 임원ㆍ주요주주특정증권등소유상황보고서 | 2026-05-21: [기재정정]주요사항보고서(신주인수권부사채권발행결정),15
원텍,336570,-15,🚨 YES,주요사항보고서(전환사채권발행결정),,주요사항보고서(전환사채권발행결정)(-15),2026-05-22: 증권발행결과(자율공시)               | 2026-05-20: [기재정정]분기보고서 (2026.03) | 2026-05-14: 주요사항보고서(전환사채권발행결정) | 2026-05-13: 신탁계약해지결과보고서 | 2026-05-13: 분기보고서 (2026.03),7
금호타이어,073240,-15,🚨 YES,유상증자결정(종속회사의주요경영사항)              ,,유상증자결정(종속회사의주요경영사항)              (-15),2026-05-29: 기업지배구조보고서공시               | 2026-05-14: 분기보고서 (2026.03) | 2026-05-14: 타법인주식및출자증권취득결정               | 2026-05-14: 유상증자결정(종속회사의주요경영사항)               | 2026-05-14: [기재정정]타인에대한채무보증결정              ,5
엑스큐어,070300,-15,🚨 YES,[기재정정]주요사항보고서(전환사채권발행결정),,[기재정정]주요사항보고서(전환사채권발행결정)(-15),2026-05-29: 소속부변경               | 2026-05-29: [기재정정]주요사항보고서(타법인주식및출자증권양도결정) | 2026-05-15: 분기보고서 (2026.03) | 2026-05-12: 금전대여결정              (대여기간 연장) | 2026-05-12: [기재정정]주요사항보고서(전환사채권발행결정),11
SK이노베이션,096770,-14,🚨 YES,[기재정정]감자결정(종속회사의주요경영사항)              ,[첨부정정]연결재무제표기준영업(잠정)실적(공정공시)              (+3) | 연결재무제표기준영업(잠정)실적(공정공시)              (+3),[기재정정]감자결정(종속회사의주요경영사항)              (-20),2026-05-29: 대규모기업집단현황공시[연1회공시및1/4분기용(개별회사)] | 2026-05-28: [기재정정]타법인주식및출자증권취득결정(자회사의 주요경영사항)               | 2026-05-28: [기재정정]타법인주식및출자증권처분결정(자회사의 주요경영사항)               | 2026-05-22: 기업지배구조보고서공시               | 2026-05-21: [기재정정]감자결정(종속회사의주요경영사항)              ,18
롯데렌탈,089860,-12,🚨 YES,[기재정정]주요사항보고서(유상증자결정),연결재무제표기준영업(잠정)실적(공정공시)              (+3),[기재정정]주요사항보고서(유상증자결정)(-15),2026-05-29: 대규모기업집단현황공시[연1회공시및1/4분기용(개별회사)] | 2026-05-29: 기업지배구조보고서공시               | 2026-05-26: 주식등의대량보유상황보고서(일반) | 2026-05-26: 주식등의대량보유상황보고서(약식) | 2026-05-21: [기재정정]주요사항보고서(유상증자결정),11
넥써쓰,205500,-12,🚨 YES,[기재정정]주요사항보고서(유상증자결정),연결재무제표기준영업(잠정)실적(공정공시)              (+3),[기재정정]주요사항보고서(유상증자결정)(-15),2026-05-29: 주식등의대량보유상황보고서(일반) | 2026-05-14: 분기보고서 (2026.03) | 2026-05-14: [기재정정]주요사항보고서(유상증자결정) | 2026-05-07: 주식매수선택권부여에관한신고 | 2026-05-07: [기재정정]주식매수선택권부여에관한신고,9
JW신약,067290,-12,🚨 YES,주요사항보고서(전환사채권발행결정),영업(잠정)실적(공정공시)              (+3),주요사항보고서(전환사채권발행결정)(-15),2026-05-22: 증권발행결과(자율공시)               | 2026-05-22: 증권발행결과(자율공시)               | 2026-05-22: 전환사채(해외전환사채포함)발행후만기전사채취득               | 2026-05-21: 주요사항보고서(전환사채권발행결정) | 2026-05-21: 주요사항보고서(자본으로인정되는채무증권발행결정),8
현대지에프홀딩스,005440,-12,🚨 YES,[기재정정]주요사항보고서(감자결정)(자회사의 주요경영사항)              ,연결재무제표기준영업(잠정)실적(공정공시)              (+3) | 주요사항보고서(자기주식취득결정)(자회사의 주요경영사항)              (+5),[기재정정]주요사항보고서(감자결정)(자회사의 주요경영사항)              (-20),2026-05-29: 대규모기업집단현황공시[연1회(동일인용)] | 2026-05-29: 대규모기업집단현황공시[연1회공시및1/4분기용(대표회사)] | 2026-05-29: 기업지배구조보고서공시               | 2026-05-22: [기재정정]주요사항보고서(감자결정)(자회사의 주요경영사항)               | 2026-05-22: [기재정정]주요사항보고서(주식교환ㆍ이전결정)(자회사의 주요경영사항)              ,14
더블유씨피,393890,-12,🚨 YES,[기재정정]주요사항보고서(전환사채권발행결정),연결재무제표기준영업(잠정)실적(공정공시)              (+3),[기재정정]주요사항보고서(전환사채권발행결정)(-15),2026-05-15: 분기보고서 (2026.03) | 2026-05-11: [기재정정]주요사항보고서(전환사채권발행결정) | 2026-05-11: 주식등의대량보유상황보고서(일반) | 2026-05-11: 연결재무제표기준영업(잠정)실적(공정공시)               | 2026-05-06: 증권발행결과(자율공시)              (제6회차 CB),5
뉴인텍,012340,-12,🚨 YES,[기재정정]주요사항보고서(유상증자결정),연결재무제표기준영업(잠정)실적(공정공시)              (+3),[기재정정]주요사항보고서(유상증자결정)(-15),2026-05-20: [기재정정]증권신고서(지분증권) | 2026-05-15: 분기보고서 (2026.03) | 2026-05-14: 권리락              (유상증자) | 2026-05-14: 투자설명서 | 2026-05-14: [발행조건확정]증권신고서(지분증권),8
지구홀딩스,221800,-12,🚨 YES,[기재정정]주요사항보고서(유상증자결정),연결재무제표기준영업(잠정)실적(공정공시)              (+3),[기재정정]주요사항보고서(유상증자결정)(-15),2026-05-28: 분기보고서 (2026.03) | 2026-05-26: 주주총회소집공고 | 2026-05-26: [기재정정]주주총회소집결의               | 2026-05-22: [기재정정]주요사항보고서(유상증자결정) | 2026-05-22: 타법인주식및출자증권취득결정              ,11
DS단석,017860,-10,🚨 YES,주요사항보고서(전환사채권발행결정),[기재정정]단일판매ㆍ공급계약체결              (+5),주요사항보고서(전환사채권발행결정)(-15),2026-06-02: 임원ㆍ주요주주특정증권등소유상황보고서 | 2026-06-02: 주식등의대량보유상황보고서(일반) | 2026-06-02: 최대주주등소유주식변동신고서               | 2026-06-01: 기업지배구조보고서공시               | 2026-05-29: [기재정정]단일판매ㆍ공급계약체결              ,12
고려제약,014570,-10,OK,,,주요사항보고서(자기주식처분결정)(-10),2026-05-19: 자기주식처분결과보고서 | 2026-05-18: 주요사항보고서(자기주식처분결정) | 2026-05-15: 분기보고서 (2026.03),3
코스맥스비티아이,044820,-10,OK,,,[기재정정]최대주주변경              (-5) | 최대주주변경              (-5),2026-06-01: 기업지배구조보고서공시               | 2026-05-28: 임원ㆍ주요주주특정증권등소유상황보고서 | 2026-05-28: [기재정정]최대주주변경               | 2026-05-28: 주식등의대량보유상황보고서(일반) | 2026-05-27: 최대주주변경              ,10
KG스틸,016380,-10,OK,,,주요사항보고서(자기주식처분결정)(-10),2026-06-02: 기업설명회(IR)개최(안내공시)               | 2026-06-02: 합병등종료보고서(합병) | 2026-06-02: 합병등종료보고서(합병) | 2026-06-02: 주요사항보고서(자기주식처분결정) | 2026-05-29: [첨부추가]기업지배구조보고서공시              ,8
티플랙스,081150,-10,OK,,,주요사항보고서(자기주식처분결정)(-10),2026-05-29: 자기주식처분결과보고서 | 2026-05-27: 주요사항보고서(자기주식처분결정) | 2026-05-15: 분기보고서 (2026.03) | 2026-05-13: 주식등의대량보유상황보고서(일반) | 2026-05-13: 임원ㆍ주요주주특정증권등소유상황보고서,6
에스넷,038680,-10,OK,,,주요사항보고서(자기주식처분결정)(-10),2026-05-19: 임원ㆍ주요주주특정증권등소유상황보고서 | 2026-05-19: 임원ㆍ주요주주특정증권등소유상황보고서 | 2026-05-19: 임원ㆍ주요주주특정증권등소유상황보고서 | 2026-05-19: 임원ㆍ주요주주특정증권등소유상황보고서 | 2026-05-19: 임원ㆍ주요주주특정증권등소유상황보고서,8
대양전기공업,108380,-10,OK,,,주요사항보고서(자기주식처분결정)(-10),2026-05-18: 임원ㆍ주요주주특정증권등소유상황보고서 | 2026-05-18: 임원ㆍ주요주주특정증권등소유상황보고서 | 2026-05-18: 임원ㆍ주요주주특정증권등소유상황보고서 | 2026-05-18: 임원ㆍ주요주주특정증권등소유상황보고서 | 2026-05-18: 임원ㆍ주요주주특정증권등소유상황보고서,8
애경케미칼,161000,-10,OK,,,주요사항보고서(자기주식처분결정)(-10),2026-06-01: 주식등의대량보유상황보고서(일반) | 2026-06-01: [기재정정]주식매수선택권부여에관한신고 | 2026-06-01: [기재정정]주식매수선택권부여에관한신고 | 2026-06-01: [기재정정]주식매수선택권부여에관한신고 | 2026-06-01: [기재정정]주식매수선택권부여에관한신고,12
HPSP,403870,-10,OK,,,주요사항보고서(자기주식처분결정)(-10),2026-05-29: 자기주식처분결과보고서 | 2026-05-26: 임원ㆍ주요주주특정증권등소유상황보고서 | 2026-05-22: 임원ㆍ주요주주특정증권등소유상황보고서 | 2026-05-15: 분기보고서 (2026.03) | 2026-05-13: 주요사항보고서(자기주식처분결정),10
아이패밀리에스씨,114840,-10,OK,,,주요사항보고서(자기주식처분결정)(-10),2026-05-27: 임원ㆍ주요주주특정증권등소유상황보고서 | 2026-05-27: 임원ㆍ주요주주특정증권등소유상황보고서 | 2026-05-27: 임원ㆍ주요주주특정증권등소유상황보고서 | 2026-05-27: 자기주식처분결과보고서 | 2026-05-21: 주요사항보고서(자기주식처분결정),8
HB테크놀러지,078150,-10,OK,,,주요사항보고서(자기주식처분결정)(-10),2026-05-27: 임원ㆍ주요주주특정증권등소유상황보고서 | 2026-05-27: 주요사항보고서(자기주식처분결정) | 2026-05-15: 분기보고서 (2026.03),3
SK스퀘어,402340,-10,OK,,,주요사항보고서(자기주식처분결정)(자회사의 주요경영사항)              (-10),2026-05-29: 기업지배구조보고서공시               | 2026-05-29: 대규모기업집단현황공시[연1회공시및1/4분기용(개별회사)] | 2026-05-14: 분기보고서 (2026.03) | 2026-05-13: 자기주식처분결과보고서 | 2026-05-13: 임원ㆍ주요주주특정증권등소유상황보고서,10
인텔리안테크,189300,-10,OK,,,주요사항보고서(자기주식처분결정)(-10),2026-05-15: 자기주식처분결과보고서 | 2026-05-15: 임원ㆍ주요주주특정증권등소유상황보고서 | 2026-05-15: 주식등의대량보유상황보고서(일반) | 2026-05-14: 분기보고서 (2026.03) | 2026-05-08: 주요사항보고서(자기주식처분결정),5
엠투엔,033310,-10,OK,,,[기재정정]최대주주변경을수반하는주식담보제공계약체결              (-5) | [기재정정]최대주주변경을수반하는주식담보제공계약체결              (-5),2026-05-27: 주식등의대량보유상황보고서(일반) | 2026-05-20: 주식등의대량보유상황보고서(일반) | 2026-05-15: [기재정정]최대주주변경을수반하는주식담보제공계약체결               | 2026-05-15: 분기보고서 (2026.03) | 2026-05-12: 주식등의대량보유상황보고서(일반),7
피엠티,147760,-10,🚨 YES,[기재정정]주요사항보고서(유상증자결정),단일판매ㆍ공급계약체결              (+5),[기재정정]주요사항보고서(유상증자결정)(-15),2026-05-27: 주식등의대량보유상황보고서(약식) | 2026-05-20: 단일판매ㆍ공급계약체결               | 2026-05-18: [기재정정]증권신고서(지분증권) | 2026-05-12: 권리락              (유상증자) | 2026-05-12: 투자설명서,9
유니슨,018000,-10,🚨 YES,주요사항보고서(전환사채권발행결정),[기재정정]단일판매ㆍ공급계약체결              (+5),주요사항보고서(전환사채권발행결정)(-15),2026-06-02: 주식등의대량보유상황보고서(일반) | 2026-06-02: 임원ㆍ주요주주특정증권등소유상황보고서 | 2026-05-29: 주요사항보고서(전환사채권발행결정) | 2026-05-27: [기재정정]단일판매ㆍ공급계약체결               | 2026-05-26: 전환가액의조정              (제17회차),10
한국정보통신,025770,-10,OK,,,주요사항보고서(자기주식처분결정)(-10),2026-06-02: 주요사항보고서(자기주식처분결정) | 2026-05-13: 분기보고서 (2026.03),2
AK홀딩스,006840,-10,OK,,,주요사항보고서(자기주식처분결정)(자회사의 주요경영사항)              (-10),2026-06-01: [기재정정]대규모기업집단현황공시[연1회공시및1/4분기용(대표회사)] | 2026-05-29: 기업지배구조보고서공시               | 2026-05-29: 대규모기업집단현황공시[연1회(동일인용)] | 2026-05-29: 대규모기업집단현황공시[연1회공시및1/4분기용(대표회사)] | 2026-05-15: 분기보고서 (2026.03),7
어보브반도체,102120,-10,OK,,,주요사항보고서(자기주식처분결정)(-10),2026-05-15: 분기보고서 (2026.03) | 2026-05-13: 자기주식처분결과보고서 | 2026-05-08: 주요사항보고서(자기주식처분결정) | 2026-05-06: 자기주식처분결과보고서,4
슈피겐코리아,192440,-10,OK,,,주요사항보고서(자기주식처분결정)(-10),2026-05-27: 임원ㆍ주요주주특정증권등소유상황보고서 | 2026-05-20: 임원ㆍ주요주주특정증권등소유상황보고서 | 2026-05-19: 자기주식처분결과보고서 | 2026-05-18: 주식등의대량보유상황보고서(일반) | 2026-05-15: 주식등의대량보유상황보고서(일반),8
나노신소재,121600,-10,OK,,,주요사항보고서(자기주식처분결정)(-10),2026-06-02: 임시주주총회결과               | 2026-06-02: 주요사항보고서(자기주식처분결정) | 2026-05-26: 임원ㆍ주요주주특정증권등소유상황보고서 | 2026-05-15: 주주총회소집공고 | 2026-05-15: 의결권대리행사권유참고서류,6
하나머티리얼즈,166090,-10,OK,,,[기재정정]최대주주변경을수반하는주식담보제공계약체결              (-5) | [기재정정]최대주주변경을수반하는주식담보제공계약체결              (-5),2026-06-01: 주식등의대량보유상황보고서(약식) | 2026-05-29: 주식등의대량보유상황보고서(일반) | 2026-05-29: 임원ㆍ주요주주특정증권등소유상황보고서 | 2026-05-19: 주식등의대량보유상황보고서(일반) | 2026-05-18: [기재정정]최대주주변경을수반하는주식담보제공계약체결              ,9
큐렉소,060280,-10,🚨 YES,[첨부정정]주요사항보고서(전환사채권발행결정),단일판매ㆍ공급계약체결              (+5),[첨부정정]주요사항보고서(전환사채권발행결정)(-15),2026-05-22: [기재정정]기업설명회(IR)개최               | 2026-05-21: 기업설명회(IR)개최               | 2026-05-20: 단일판매ㆍ공급계약체결               | 2026-05-20: [첨부정정]주요사항보고서(전환사채권발행결정) | 2026-05-13: 분기보고서 (2026.03),5
리드코프,012700,-10,OK,,,주요사항보고서(자기주식처분결정)(-10),2026-05-26: 주식등의대량보유상황보고서(일반) | 2026-05-15: 분기보고서 (2026.03) | 2026-05-13: 주식등의대량보유상황보고서(일반) | 2026-05-06: 임원ㆍ주요주주특정증권등거래계획보고서 | 2026-05-06: 주요사항보고서(자기주식처분결정),5
지노믹트리,228760,-10,OK,,,주요사항보고서(자기주식처분결정)(-10),2026-05-22: 임원ㆍ주요주주특정증권등소유상황보고서 | 2026-05-22: 임원ㆍ주요주주특정증권등소유상황보고서 | 2026-05-22: 임원ㆍ주요주주특정증권등소유상황보고서 | 2026-05-22: 임원ㆍ주요주주특정증권등소유상황보고서 | 2026-05-22: 자기주식처분결과보고서,7
SK하이닉스,000660,-10,OK,,,주요사항보고서(자기주식처분결정)(-10),2026-05-29: 기업지배구조보고서공시               | 2026-05-29: 대규모기업집단현황공시[연1회공시및1/4분기용(개별회사)] | 2026-05-29: [기재정정]특수관계인과의내부거래 | 2026-05-15: 임원ㆍ주요주주특정증권등소유상황보고서 | 2026-05-15: 분기보고서 (2026.03),17
빛과전자,069540,-9,🚨 YES,주요사항보고서(전환사채권발행결정),[첨부정정]주요사항보고서(회사합병결정)(+3) | 주요사항보고서(회사합병결정)(+3),주요사항보고서(전환사채권발행결정)(-15),2026-06-02: [기재정정]전환청구권행사               | 2026-06-01: [기재정정]임시주주총회결과               | 2026-06-01: 사외이사의선임ㆍ해임또는중도퇴임에관한신고 | 2026-06-01: 임시주주총회결과               | 2026-05-26: 증권발행결과(자율공시)              (제17회차),19
이마트,139480,-9,🚨 YES,유상증자결정(종속회사의주요경영사항)              ,영업(잠정)실적(공정공시)              (+3) | 연결재무제표기준영업(잠정)실적(공정공시)              (+3),유상증자결정(종속회사의주요경영사항)              (-15),2026-06-01: 대규모기업집단현황공시[연1회공시및1/4분기용(개별회사)] | 2026-05-29: 기업지배구조보고서공시               | 2026-05-21: [기재정정]주요사항보고서(주식교환ㆍ이전결정) | 2026-05-21: [첨부정정]증권신고서(주식의포괄적교환ㆍ이전) | 2026-05-21: [기재정정]증권신고서(주식의포괄적교환ㆍ이전),15
씨젠,096530,-7,OK,,연결재무제표기준영업(잠정)실적(공정공시)              (+3),주요사항보고서(자기주식처분결정)(-10),2026-05-21: 자기주식처분결과보고서 | 2026-05-15: 분기보고서 (2026.03) | 2026-05-15: [기재정정]사업보고서 (2024.12) | 2026-05-08: 연결재무제표기준영업(잠정)실적(공정공시)               | 2026-05-06: 중간(분기)배당을위한주주명부폐쇄(기준일)결정              ,8
다우데이타,032190,-7,OK,,회사합병결정(종속회사의주요경영사항)              (+3),[기재정정]최대주주변경을수반하는주식담보제공계약체결              (-5) | [기재정정]최대주주변경을수반하는주식담보제공계약체결              (-5),2026-06-02: 회사합병결정(종속회사의주요경영사항)               | 2026-06-01: 대규모기업집단현황공시[연1회(동일인용)] | 2026-06-01: 대규모기업집단현황공시[연1회공시및1/4분기용(개별회사)] | 2026-05-27: 주식등의대량보유상황보고서(일반) | 2026-05-27: [기재정정]최대주주변경을수반하는주식담보제공계약체결              ,7
디지털대성,068930,-7,OK,,연결재무제표기준영업(잠정)실적(공정공시)              (+3),주요사항보고서(자기주식처분결정)(-10),2026-05-29: 주요사항보고서(자기주식처분결정) | 2026-05-29: 타법인주식및출자증권취득결정               | 2026-05-18: [기재정정]타법인주식및출자증권처분결정               | 2026-05-15: 분기보고서 (2026.03) | 2026-05-07: 연결재무제표기준영업(잠정)실적(공정공시)              ,5
인바디,041830,-7,OK,,연결재무제표기준영업(잠정)실적(공정공시)              (+3),주요사항보고서(자기주식처분결정)(-10),2026-05-28: 임원ㆍ주요주주특정증권등소유상황보고서 | 2026-05-28: 자기주식처분결과보고서 | 2026-05-20: 주요사항보고서(자기주식처분결정) | 2026-05-14: 분기보고서 (2026.03) | 2026-05-07: 연결재무제표기준영업(잠정)실적(공정공시)              ,5
손오공,066910,-6,🚨 YES,주요사항보고서(유상증자결정),[첨부정정]주요사항보고서(회사합병결정)(+3) | 회사합병결정(종속회사의주요경영사항)              (+3) | 주요사항보고서(회사합병결정)(+3),주요사항보고서(유상증자결정)(-15),2026-06-02: [첨부정정]주요사항보고서(회사합병결정) | 2026-06-01: 해산사유발생(종속회사의주요경영사항)               | 2026-06-01: 회사합병결정(종속회사의주요경영사항)               | 2026-06-01: 주주명부폐쇄기간또는기준일설정               | 2026-06-01: 주요사항보고서(회사합병결정),11
얼라인드,238120,-5,OK,,주식소각결정              (+5),주요사항보고서(자기주식처분결정)(-10),2026-05-29: 주식소각결정               | 2026-05-29: 주요사항보고서(자기주식처분결정) | 2026-05-15: 분기보고서 (2026.03),3
유한양행,000100,-5,🚨 YES,[기재정정]유상증자결정(종속회사의주요경영사항)              ,단일판매ㆍ공급계약체결              (+5) | 단일판매ㆍ공급계약체결              (+5),[기재정정]유상증자결정(종속회사의주요경영사항)              (-15),2026-06-01: 기업지배구조보고서공시               | 2026-06-01: 임원ㆍ주요주주특정증권등소유상황보고서 | 2026-05-27: 임원ㆍ주요주주특정증권등소유상황보고서 | 2026-05-20: 기업설명회(IR)개최(안내공시)               | 2026-05-20: 단일판매ㆍ공급계약체결              ,15
아이씨디,040910,-5,🚨 YES,주요사항보고서(신주인수권부사채권발행결정),[기재정정]단일판매ㆍ공급계약체결              (+5) | [기재정정]단일판매ㆍ공급계약체결(자율공시)              (+5),주요사항보고서(신주인수권부사채권발행결정)(-15),2026-06-02: [기재정정]단일판매ㆍ공급계약체결               | 2026-06-02: [기재정정]단일판매ㆍ공급계약체결(자율공시)               | 2026-05-19: 증권발행결과(자율공시)              (제6회차 BW) | 2026-05-15: 분기보고서 (2026.03) | 2026-05-11: 주요사항보고서(신주인수권부사채권발행결정),6
엠에스오토텍,123040,-5,OK,,,최대주주변경을수반하는주식담보제공계약체결              (-5),2026-05-22: 증권발행결과(자율공시)               | 2026-05-19: 주식등의대량보유상황보고서(일반) | 2026-05-15: 분기보고서 (2026.03) | 2026-05-14: 최대주주변경을수반하는주식담보제공계약체결               | 2026-05-14: 금전대여결정              ,6
오이솔루션,138080,-5,OK,,,[기재정정]최대주주변경을수반하는주식담보제공계약체결              (-5),2026-05-22: 주식등의대량보유상황보고서(일반) | 2026-05-22: [기재정정]최대주주변경을수반하는주식담보제공계약체결               | 2026-05-19: 임원ㆍ주요주주특정증권등소유상황보고서 | 2026-05-15: 주식등의대량보유상황보고서(일반) | 2026-05-15: 임원ㆍ주요주주특정증권등소유상황보고서,7
와이지-원,019210,-5,OK,,,[기재정정]최대주주변경을수반하는주식담보제공계약체결              (-5),2026-06-01: 주식등의대량보유상황보고서(일반) | 2026-05-29: [기재정정]최대주주변경을수반하는주식담보제공계약체결               | 2026-05-15: 분기보고서 (2026.03),3
금양그린파워,282720,-5,OK,,단일판매ㆍ공급계약체결              (+5),주요사항보고서(자기주식처분결정)(-10),2026-05-28: 주요사항보고서(자기주식처분결정) | 2026-05-27: 임시주주총회결과               | 2026-05-15: 분기보고서 (2026.03) | 2026-05-12: 주주총회소집공고 | 2026-05-08: 임원ㆍ주요주주특정증권등소유상황보고서,8
SY동아,041930,-5,OK,,,최대주주변경을수반하는주식담보제공계약체결              (-5),2026-05-14: 분기보고서 (2026.03) | 2026-05-04: 주식등의대량보유상황보고서(일반) | 2026-05-04: 최대주주변경을수반하는주식담보제공계약체결              ,3
신한알파리츠,293940,-5,OK,,,최대주주변경              (-5),2026-06-01: 기업지배구조보고서공시               | 2026-05-28: 임원ㆍ주요주주특정증권등소유상황보고서 | 2026-05-28: 사업보고서 (2026.03) | 2026-05-28: 감사보고서제출               | 2026-05-22: 의결권대리행사권유참고서류,13
대동스틸,048470,-5,OK,,,최대주주변경              (-5),2026-06-01: 최대주주변경               | 2026-06-01: 대표이사변경               | 2026-05-29: 주식등의대량보유상황보고서(일반) | 2026-05-27: 임원ㆍ주요주주특정증권등소유상황보고서 | 2026-05-27: 임원ㆍ주요주주특정증권등소유상황보고서,6
서부T&D,006730,-5,OK,,,[기재정정]최대주주변경을수반하는주식담보제공계약체결              (-5),2026-05-19: 기업설명회(IR)개최               | 2026-05-15: 분기보고서 (2026.03) | 2026-05-15: 주식등의대량보유상황보고서(일반) | 2026-05-11: [기재정정]최대주주변경을수반하는주식담보제공계약체결              ,4
제이스코홀딩스,023440,-5,OK,,,[기재정정]최대주주변경을수반하는주식담보제공계약체결              (-5),2026-05-29: 사외이사의선임ㆍ해임또는중도퇴임에관한신고 | 2026-05-15: 분기보고서 (2026.03) | 2026-05-11: 주식등의대량보유상황보고서(일반) | 2026-05-08: 주주총회소집결의              (임시주주총회) | 2026-05-08: 주주명부폐쇄기간또는기준일설정              ,6
KG에코솔루션,151860,-4,OK,,영업(잠정)실적(공정공시)              (+3) | 연결재무제표기준영업(잠정)실적(공정공시)              (+3),주요사항보고서(자기주식처분결정)(자회사의 주요경영사항)              (-10),2026-06-02: 기업설명회(IR)개최               | 2026-06-02: 주요사항보고서(자기주식처분결정)(자회사의 주요경영사항)               | 2026-05-29: 대규모기업집단현황공시[연1회공시및1/4분기용(개별회사)] | 2026-05-15: 분기보고서 (2026.03) | 2026-05-14: 임원ㆍ주요주주특정증권등소유상황보고서,8
평화산업,090080,0,OK,,,,2026-06-01: 기업지배구조보고서공시               | 2026-05-29: 임원ㆍ주요주주특정증권등소유상황보고서 | 2026-05-29: 최대주주등소유주식변동신고서               | 2026-05-21: 임원ㆍ주요주주특정증권등소유상황보고서 | 2026-05-15: [기재정정]분기보고서 (2026.03),8
하나금융지주,086790,0,OK,,,,2026-06-02: 임원ㆍ주요주주특정증권등소유상황보고서 | 2026-05-29: 증권발행실적보고서 | 2026-05-29: 투자설명서 | 2026-05-22: [발행조건확정]증권신고서(채무증권) | 2026-05-22: [기재정정]증권신고서(채무증권),15
하나36호스팩,0101C0,0,OK,,,,2026-05-15: 분기보고서 (2026.03) | 2026-05-07: 주식등의대량보유상황보고서(약식) | 2026-05-06: 주식등의대량보유상황보고서(약식),3
LG씨엔에스,064400,0,OK,,,,2026-06-02: 기업설명회(IR)개최(안내공시)               | 2026-06-01: 기업설명회(IR)개최(안내공시)               | 2026-06-01: 대규모기업집단현황공시[연1회공시및1/4분기용(개별회사)] | 2026-06-01: 기업지배구조보고서공시               | 2026-05-15: 분기보고서 (2026.03),8
알로이스,297570,0,OK,,,,2026-05-29: 의결권대리행사권유참고서류 | 2026-05-27: 의결권대리행사권유참고서류 | 2026-05-27: 주주총회소집공고 | 2026-05-27: [기재정정]주주총회소집결의              (임시주주총회) | 2026-05-22: 소송등의제기ㆍ신청(경영권분쟁소송)              (임시의장 선임 가처분),9
효성오앤비,097870,0,OK,,,,2026-06-02: 의결권대리행사권유참고서류 | 2026-06-02: 주주총회소집공고 | 2026-05-15: 주식등의대량보유상황보고서(일반) | 2026-05-15: 임원ㆍ주요주주특정증권등소유상황보고서 | 2026-05-15: 분기보고서 (2026.03),6
한국전자홀딩스,006200,0,OK,,,,2026-05-29: 기업지배구조보고서공시               | 2026-05-14: 분기보고서 (2026.03) | 2026-05-11: 전환가액ㆍ신주인수권행사가액ㆍ교환가액의조정(안내공시)               | 2026-05-07: 임원ㆍ주요주주특정증권등소유상황보고서 | 2026-05-06: 임원ㆍ주요주주특정증권등소유상황보고서,5
안트로젠,065660,0,OK,,,,2026-05-15: [기재정정]사업보고서 (2025.12) | 2026-05-15: [기재정정]분기보고서 (2026.03) | 2026-05-15: 분기보고서 (2026.03),3
풍원정밀,371950,0,OK,,,,2026-06-01: 주요사항보고서(전환사채매수선택권행사자지정) | 2026-05-29: 주식등의대량보유상황보고서(일반) | 2026-05-15: 분기보고서 (2026.03),3
명신산업,009900,0,OK,,,,2026-05-29: 기업지배구조보고서공시               | 2026-05-26: 주식등의대량보유상황보고서(일반) | 2026-05-19: 주식등의대량보유상황보고서(일반) | 2026-05-14: 임원ㆍ주요주주특정증권등거래계획보고서 | 2026-05-14: 분기보고서 (2026.03),5
라파스,214260,0,OK,,,,2026-06-02: 임원ㆍ주요주주특정증권등소유상황보고서 | 2026-05-28: [기재정정]투자판단관련주요경영사항(임상시험계획승인신청)              (알레르기비염 면역치료제 DF19001의 임상 2b/3상 임상시험계획(IND) 승인 신청) | 2026-05-22: 투자판단관련주요경영사항(임상시험계획승인신청)              (알레르기비염 면역치료제 DF19001의 임상 2b/3상 임상시험계획(IND) 승인 신청) | 2026-05-15: 분기보고서 (2026.03) | 2026-05-12: 주식등의대량보유상황보고서(일반),6
셀리드,299660,0,OK,,,,2026-05-22: 사외이사의선임ㆍ해임또는중도퇴임에관한신고 | 2026-05-22: 임시주주총회결과               | 2026-05-20: 임원ㆍ주요주주특정증권등소유상황보고서 | 2026-05-15: 분기보고서 (2026.03) | 2026-05-08: 투자판단관련주요경영사항              (COVID-19 예방 백신 AdCLD-CoV19-1 LP.8.1의 제2상 임상시험 계획 승인(IND) 신청 반려),6
일진홀딩스,015860,0,OK,,,,2026-05-29: 기업지배구조보고서공시               | 2026-05-18: 타인에대한담보제공결정               | 2026-05-15: [기재정정]타법인주식및출자증권처분결정               | 2026-05-15: 분기보고서 (2026.03) | 2026-05-12: 주식등의대량보유상황보고서(일반),5
티로보틱스,117730,0,OK,,,,2026-05-26: 신주인수권행사가액의조정               | 2026-05-15: 분기보고서 (2026.03) | 2026-05-08: 주식등의대량보유상황보고서(일반),3
세코닉스,053450,0,OK,,,,2026-05-19: 의결권대리행사권유참고서류 | 2026-05-19: 주주총회소집공고 | 2026-05-15: 분기보고서 (2026.03) | 2026-05-13: 주주총회소집결의              (임시주주총회),4
세동,053060,0,OK,,,,2026-05-27: 임원ㆍ주요주주특정증권등거래계획보고서 | 2026-05-27: 임원ㆍ주요주주특정증권등거래계획보고서 | 2026-05-15: 분기보고서 (2026.03) | 2026-05-12: 소송등의제기ㆍ신청(경영권분쟁소송)              (임시주주총회소집허가) | 2026-05-06: 소송등의제기ㆍ신청(경영권분쟁소송)              (회계장부 열람ㆍ등사 가처분신청),5
아세아시멘트,183190,0,OK,,,,2026-06-01: 기업지배구조보고서공시               | 2026-05-15: 분기보고서 (2026.03) | 2026-05-08: 주식등의대량보유상황보고서(약식),3
핀텔,291810,0,OK,,,,2026-05-29: 임원ㆍ주요주주특정증권등소유상황보고서 | 2026-05-29: 주식등의대량보유상황보고서(일반) | 2026-05-14: 분기보고서 (2026.03) | 2026-05-13: 불성실공시법인지정예고              (공시번복 4건),4
현대제철,004020,0,OK,,,,2026-06-01: 기업지배구조보고서공시               | 2026-05-29: 대규모기업집단현황공시[연1회공시및1/4분기용(개별회사)] | 2026-05-21: [기재정정]타법인주식및출자증권취득결정               | 2026-05-15: 분기보고서 (2026.03),4
디앤디플랫폼리츠,377190,0,OK,,,,2026-06-02: 감사보고서제출               | 2026-06-02: 사업보고서 (2026.03) | 2026-06-01: 기업지배구조보고서공시               | 2026-05-28: 임원ㆍ주요주주특정증권등소유상황보고서 | 2026-05-26: [기재정정]부동산투자회사자금차입              ,12
KB제33호스팩,0072Z0,0,OK,,,,2026-05-29: 임원ㆍ주요주주특정증권등소유상황보고서 | 2026-05-19: 임원ㆍ주요주주특정증권등소유상황보고서 | 2026-05-13: 분기보고서 (2026.03),3
CJ 바이오사이언스,311690,0,OK,,,,2026-06-01: 대규모기업집단현황공시[연1회공시및1/4분기용(개별회사)] | 2026-05-15: 분기보고서 (2026.03) | 2026-05-12: 투자판단관련주요경영사항(임상시험계획자진취하등)              ,3
대원강업,000430,0,OK,,,,2026-05-29: 대규모기업집단현황공시[연1회공시및1/4분기용(개별회사)] | 2026-05-29: 기업지배구조보고서공시               | 2026-05-14: 분기보고서 (2026.03) | 2026-05-08: 임원ㆍ주요주주특정증권등거래계획보고서,4
버킷스튜디오,066410,0,OK,,,,2026-05-21: [기재정정]주주총회소집결의              (임시주주총회) | 2026-05-19: 불성실공시법인지정예고              (공시번복) | 2026-05-15: 분기보고서 (2026.03) | 2026-05-11: 기타시장안내              ((주)버킷스튜디오 개선계획 이행내역서 제출),4
뉴로메카,348340,0,OK,,,,2026-06-02: [기재정정]증권신고서(지분증권) | 2026-06-02: [기재정정]주요사항보고서(유무상증자결정) | 2026-05-28: 정정신고서제출요구( 2026.05.14. 제출 증권신고서(지분증권) ) | 2026-05-26: 임원ㆍ주요주주특정증권등소유상황보고서 | 2026-05-26: 임원ㆍ주요주주특정증권등소유상황보고서,12
신라교역,004970,0,OK,,,,2026-06-01: 기업지배구조보고서공시               | 2026-05-15: [기재정정]사업보고서 (2025.12) | 2026-05-15: 분기보고서 (2026.03),3
피에스케이홀딩스,031980,0,OK,,,,2026-05-15: 분기보고서 (2026.03) | 2026-05-14: 주식등의대량보유상황보고서(일반) | 2026-05-11: 기업설명회(IR)개최              ,3
현대글로비스,086280,0,OK,,,,2026-05-29: 대규모기업집단현황공시[연1회공시및1/4분기용(개별회사)] | 2026-05-29: 기업지배구조보고서공시               | 2026-05-21: [기재정정]타법인주식및출자증권취득결정               | 2026-05-20: 타법인주식및출자증권취득결정               | 2026-05-18: 기업설명회(IR)개최(안내공시)              ,9
티엘비,356860,0,OK,,,,2026-05-28: 권리락              (유상증자) | 2026-05-28: [기재정정]주요사항보고서(유무상증자결정) | 2026-05-28: 투자설명서 | 2026-05-28: [발행조건확정]증권신고서(지분증권) | 2026-05-28: 유상증자1차발행가액결정              ,11
저스템,417840,0,OK,,,,2026-05-27: 주식등의대량보유상황보고서(일반) | 2026-05-27: 임원ㆍ주요주주특정증권등소유상황보고서 | 2026-05-27: 임원ㆍ주요주주특정증권등소유상황보고서 | 2026-05-27: 임원ㆍ주요주주특정증권등소유상황보고서 | 2026-05-27: 임원ㆍ주요주주특정증권등소유상황보고서,12
기가비스,420770,0,OK,,,,2026-05-22: 임원ㆍ주요주주특정증권등소유상황보고서 | 2026-05-15: 분기보고서 (2026.03) | 2026-05-14: 임원ㆍ주요주주특정증권등소유상황보고서 | 2026-05-14: 임원ㆍ주요주주특정증권등소유상황보고서 | 2026-05-07: 임원ㆍ주요주주특정증권등소유상황보고서,5
에코프로에이치엔,383310,0,OK,,,,2026-06-01: 대규모기업집단현황공시[연1회공시및1/4분기용(개별회사)] | 2026-05-15: 분기보고서 (2026.03) | 2026-05-12: 기업설명회(IR)개최              ,3
동국제강,460860,0,OK,,,,2026-06-01: 대규모기업집단현황공시[연1회공시및1/4분기용(개별회사)] | 2026-05-29: 기업지배구조보고서공시               | 2026-05-15: 분기보고서 (2026.03) | 2026-05-07: 주식등의대량보유상황보고서(약식),4
브이엠,089970,0,OK,,,,2026-06-02: 주식등의대량보유상황보고서(약식) | 2026-05-27: 임원ㆍ주요주주특정증권등소유상황보고서 | 2026-05-15: 분기보고서 (2026.03),3
SK이터닉스,475150,0,OK,,,,2026-05-29: 대규모기업집단현황공시[연1회공시및1/4분기용(개별회사)] | 2026-05-29: 투자판단관련주요경영사항               | 2026-05-29: 기업지배구조보고서공시               | 2026-05-14: 기업설명회(IR)개최(안내공시)               | 2026-05-14: 분기보고서 (2026.03),5
사람인,143240,0,OK,,,,2026-06-01: 대규모기업집단현황공시[연1회공시및1/4분기용(개별회사)] | 2026-05-28: [기재정정]타법인주식및출자증권취득결정               | 2026-05-14: 분기보고서 (2026.03),3
삼영무역,002810,0,OK,,,,2026-05-29: 기업지배구조보고서공시               | 2026-05-27: 최대주주등소유주식변동신고서               | 2026-05-19: 최대주주등소유주식변동신고서               | 2026-05-15: 분기보고서 (2026.03),4
인바이오젠,101140,0,OK,,,,2026-05-28: 기업지배구조보고서공시               | 2026-05-21: [기재정정]주주총회소집결의               | 2026-05-15: 분기보고서 (2026.03),3
에이프로,262260,0,OK,,,,2026-05-29: 주식등의대량보유상황보고서(약식) | 2026-05-15: 분기보고서 (2026.03) | 2026-05-08: 전환청구권행사              ,3
디오,039840,0,OK,,,,2026-05-18: 임원ㆍ주요주주특정증권등소유상황보고서 | 2026-05-18: 임원ㆍ주요주주특정증권등소유상황보고서 | 2026-05-18: 자기주식처분결과보고서 | 2026-05-13: 분기보고서 (2026.03),4
아이진,185490,0,OK,,,,2026-05-15: 분기보고서 (2026.03) | 2026-05-15: 주식등의대량보유상황보고서(일반) | 2026-05-07: 주식등의대량보유상황보고서(일반),3
효성 ITX,094280,0,OK,,,,2026-06-01: 기업지배구조보고서공시               | 2026-06-01: 대규모기업집단현황공시[연1회공시및1/4분기용(개별회사)] | 2026-05-15: 분기보고서 (2026.03) | 2026-05-11: 사외이사의선임ㆍ해임또는중도퇴임에관한신고,4
예림당,036000,0,OK,,,,2026-05-29: 중간(분기)배당을위한주주명부폐쇄(기준일)결정               | 2026-05-20: 금전대여결정               | 2026-05-15: 분기보고서 (2026.03),3
아주IB투자,027360,0,OK,,,,2026-06-02: 임원ㆍ주요주주특정증권등소유상황보고서 | 2026-06-02: 주식등의대량보유상황보고서(일반) | 2026-05-15: 분기보고서 (2026.03),3
세아베스틸지주,001430,0,OK,,,,2026-06-01: 기업지배구조보고서공시               | 2026-05-29: 대규모기업집단현황공시[연1회공시및1/4분기용(개별회사)] | 2026-05-15: 분기보고서 (2026.03),3
HD현대에너지솔루션,322000,0,OK,,,,2026-06-01: [기재정정]대규모기업집단현황공시[연1회공시및1/4분기용(개별회사)] | 2026-05-29: 기업지배구조보고서공시               | 2026-05-29: 대규모기업집단현황공시[연1회공시및1/4분기용(개별회사)] | 2026-05-15: 분기보고서 (2026.03),4
금양,001570,0,OK,,,,2026-05-29: 기업지배구조보고서공시               | 2026-05-21: 기타경영사항(자율공시)              (상장폐지결정 효력정지 가처분 신청) | 2026-05-20: 기타시장안내              (상장·공시위원회 결과) | 2026-05-15: 분기보고서 (2026.03),4
한솔아이원스,114810,0,OK,,,,2026-05-27: 대규모기업집단현황공시[연1회공시및1/4분기용(개별회사)] | 2026-05-13: 분기보고서 (2026.03) | 2026-05-12: 주식등의대량보유상황보고서(일반) | 2026-05-12: [기재정정]주식매수선택권부여에관한신고 | 2026-05-12: [기재정정]주식매수선택권부여에관한신고,9
CJ,001040,0,OK,,,,2026-06-01: [기재정정]대규모기업집단현황공시[연1회공시및1/4분기용(대표회사)] | 2026-06-01: 기업지배구조보고서공시               | 2026-06-01: 대규모기업집단현황공시[연1회(동일인용)] | 2026-06-01: 대규모기업집단현황공시[연1회공시및1/4분기용(대표회사)] | 2026-05-29: 단기차입금증가결정(자회사의 주요경영사항)              ,9
뉴키즈온,462310,0,OK,,,,2026-05-28: 주요사항보고서(자기주식취득신탁계약체결결정) | 2026-05-27: 신탁계약해지결과보고서 | 2026-05-27: 주요사항보고서(자기주식취득신탁계약해지결정) | 2026-05-15: 분기보고서 (2026.03),4
새빗켐,107600,0,OK,,,,2026-05-15: [기재정정]분기보고서 (2026.03) | 2026-05-15: [기재정정]분기보고서 (2026.03) | 2026-05-15: 분기보고서 (2026.03),3
만호제강,001080,0,OK,,,,2026-06-01: 기업지배구조보고서공시               | 2026-05-15: 타법인주식및출자증권취득결정(자율공시)               | 2026-05-14: 타법인주식및출자증권처분결정               | 2026-05-14: 분기보고서 (2026.03) | 2026-05-11: 전환청구권ㆍ신주인수권ㆍ교환청구권행사              ,6
아이오바이오,447690,0,OK,,,,2026-05-29: 기업설명회(IR)개최결과               | 2026-05-04: [기재정정]사업보고서 (2025.12) | 2026-05-04: [기재정정]사업보고서 (2025.12),3
에이비온,203400,0,OK,,,,2026-05-26: 주식등의대량보유상황보고서(약식) | 2026-05-22: 주식등의대량보유상황보고서(일반) | 2026-05-22: 임원ㆍ주요주주특정증권등소유상황보고서 | 2026-05-15: 분기보고서 (2026.03),4
DH오토웨어,025440,0,OK,,,,2026-06-01: 사외이사의선임ㆍ해임또는중도퇴임에관한신고 | 2026-06-01: 임시주주총회결과               | 2026-05-26: 임원ㆍ주요주주특정증권등소유상황보고서 | 2026-05-15: 주주총회소집공고 | 2026-05-15: 분기보고서 (2026.03),6
에이치엔에스하이텍,044990,0,OK,,,,2026-05-28: 임원ㆍ주요주주특정증권등소유상황보고서 | 2026-05-21: 임원ㆍ주요주주특정증권등소유상황보고서 | 2026-05-20: 임원ㆍ주요주주특정증권등소유상황보고서,3
앱코,129890,0,OK,,,,2026-05-29: 임시주주총회결과               | 2026-05-14: 주주총회소집공고 | 2026-05-14: 분기보고서 (2026.03),3
NICE평가정보,030190,0,OK,,,,2026-05-28: 기업지배구조보고서공시               | 2026-05-22: [기재정정]기타경영사항(자율공시)(종속회사의주요경영사항)               | 2026-05-22: 기타경영사항(자율공시)(종속회사의주요경영사항)               | 2026-05-15: 기업설명회(IR)개최(안내공시)               | 2026-05-14: 분기보고서 (2026.03),5
흥아해운,003280,0,OK,,,,2026-06-01: 신규시설투자등               | 2026-06-01: [기재정정]대규모기업집단현황공시[연1회공시및1/4분기용(개별회사)] | 2026-06-01: 기업지배구조보고서공시               | 2026-06-01: 대규모기업집단현황공시[연1회공시및1/4분기용(개별회사)] | 2026-05-15: 분기보고서 (2026.03),5
가온전선,000500,0,OK,,,,2026-06-01: 최대주주등소유주식변동신고서               | 2026-06-01: 임원ㆍ주요주주특정증권등소유상황보고서 | 2026-06-01: 대규모기업집단현황공시[연1회공시및1/4분기용(개별회사)] | 2026-05-29: 기업지배구조보고서공시               | 2026-05-28: 최대주주등소유주식변동신고서              ,20
삼보산업,009620,0,OK,,,,2026-05-15: 분기보고서 (2026.03) | 2026-05-11: 주식등의대량보유상황보고서(일반) | 2026-05-11: 임원ㆍ주요주주특정증권등소유상황보고서,3
이스타코,015020,0,OK,,,,2026-05-29: 기업지배구조보고서공시               | 2026-05-15: 분기보고서 (2026.03) | 2026-05-12: [기재정정]주식병합결정               | 2026-05-12: 주주명부폐쇄기간또는기준일설정               | 2026-05-12: 주주총회소집결의              ,5
아스트,067390,0,OK,,,,2026-06-01: [기재정정]주식병합결정               | 2026-06-01: 전환청구권행사              (제10회차) | 2026-05-28: 주주명부폐쇄기간또는기준일설정               | 2026-05-28: 주주총회소집결의              (임시주주총회) | 2026-05-28: 주식병합결정              ,6
메리츠증권,008560,0,OK,,,,2026-06-02: 증권발행실적보고서 | 2026-06-02: 투자설명서(일괄신고) | 2026-06-02: 투자설명서(일괄신고) | 2026-06-02: 일괄신고추가서류(파생결합사채-주가연계파생결합사채) | 2026-06-02: 일괄신고추가서류(파생결합증권-주가연계증권),100
태웅로직스,124560,0,OK,,,,2026-05-15: [기재정정]분기보고서 (2026.03) | 2026-05-15: 분기보고서 (2026.03) | 2026-05-11: 주식등의대량보유상황보고서(약식) | 2026-05-07: 주식등의대량보유상황보고서(일반),4
신성델타테크,065350,0,OK,,,,2026-05-20: 주식등의대량보유상황보고서(일반) | 2026-05-20: [기재정정]타인에대한채무보증결정               | 2026-05-15: 분기보고서 (2026.03),3
폴라리스AI,039980,0,OK,,,,2026-05-15: 분기보고서 (2026.03) | 2026-05-06: 주식등의대량보유상황보고서(일반) | 2026-05-06: 임원ㆍ주요주주특정증권등소유상황보고서 | 2026-05-06: 임원ㆍ주요주주특정증권등소유상황보고서,4
자이언트스텝,289220,0,OK,,,,2026-05-15: [기재정정]주식매수선택권부여에관한신고 | 2026-05-15: [기재정정]주식매수선택권부여에관한신고 | 2026-05-15: 분기보고서 (2026.03),3
AJ네트웍스,095570,0,OK,,,,2026-05-29: 주식등의대량보유상황보고서(일반) | 2026-05-29: 최대주주등소유주식변동신고서               | 2026-05-29: 기업지배구조보고서공시               | 2026-05-18: 주식등의대량보유상황보고서(일반) | 2026-05-15: 분기보고서 (2026.03),5
아이티센피엔에스,232830,0,OK,,,,2026-05-14: 분기보고서 (2026.03) | 2026-05-11: 주식등의대량보유상황보고서(약식) | 2026-05-04: 증권발행결과(자율공시)              (제4회차 CB),3
HDC현대EP,089470,0,OK,,,,2026-06-01: 대규모기업집단현황공시[연1회공시및1/4분기용(개별회사)] | 2026-05-29: 기업지배구조보고서공시               | 2026-05-15: 분기보고서 (2026.03),3
에임드바이오,0009K0,0,OK,,,,2026-05-27: 투자판단관련주요경영사항(임상시험계획승인신청)               | 2026-05-15: [기재정정]분기보고서 (2026.03) | 2026-05-15: 분기보고서 (2026.03) | 2026-05-06: 투자판단관련주요경영사항              (ODS025 기술이전계약 관련 연구개발비 수령),4
우림피티에스,101170,0,OK,,,,2026-05-26: 주식등의대량보유상황보고서(일반) | 2026-05-26: 임시주주총회결과               | 2026-05-20: 주식등의대량보유상황보고서(일반) | 2026-05-15: 분기보고서 (2026.03) | 2026-05-11: 주식등의대량보유상황보고서(일반),7
에스엠벡셀,010580,0,OK,,,,2026-06-01: 대규모기업집단현황공시[연1회공시및1/4분기용(개별회사)] | 2026-05-29: 최대주주등소유주식변동신고서               | 2026-05-29: 주식등의대량보유상황보고서(일반) | 2026-05-29: 기업지배구조보고서공시               | 2026-05-22: 최대주주등소유주식변동신고서              ,13
HDC랩스,039570,0,OK,,,,2026-06-01: 대규모기업집단현황공시[연1회공시및1/4분기용(개별회사)] | 2026-06-01: 기업지배구조보고서공시               | 2026-05-15: 분기보고서 (2026.03),3
한화에어로스페이스,012450,0,OK,,,,2026-06-02: 생산중단               | 2026-06-02: 중대재해발생               | 2026-05-29: 기업지배구조보고서공시               | 2026-05-29: 대규모기업집단현황공시[연1회공시및1/4분기용(개별회사)] | 2026-05-27: [기재정정]신규시설투자등              ,10
이수페타시스,007660,0,OK,,,,2026-06-01: 기업지배구조보고서공시               | 2026-05-27: 주식등의대량보유상황보고서(일반) | 2026-05-22: 임원ㆍ주요주주특정증권등소유상황보고서 | 2026-05-20: 기업설명회(IR)개최(안내공시)               | 2026-05-15: 분기보고서 (2026.03),6
오로스테크놀로지,322310,0,OK,,,,2026-05-22: 임원ㆍ주요주주특정증권등소유상황보고서 | 2026-05-15: 분기보고서 (2026.03) | 2026-05-07: 임원ㆍ주요주주특정증권등소유상황보고서 | 2026-05-07: 임원ㆍ주요주주특정증권등소유상황보고서 | 2026-05-07: 임원ㆍ주요주주특정증권등소유상황보고서,5
파인테크닉스,106240,0,OK,,,,2026-05-18: 전환청구권행사               | 2026-05-15: 분기보고서 (2026.03) | 2026-05-06: 전환청구권행사              ,3
삼익악기,002450,0,OK,,,,2026-06-01: 기업지배구조보고서공시               | 2026-05-28: 임원ㆍ주요주주특정증권등소유상황보고서 | 2026-05-28: 최대주주등소유주식변동신고서               | 2026-05-26: 주식등의대량보유상황보고서(일반) | 2026-05-19: 최대주주등소유주식변동신고서              ,7
DH오토리드,290120,0,OK,,,,2026-05-15: 분기보고서 (2026.03) | 2026-05-08: 주식등의대량보유상황보고서(일반) | 2026-05-08: 주식등의대량보유상황보고서(약식),3
삼양바이오팜,0120G0,0,OK,,,,2026-06-01: 기업지배구조보고서공시               | 2026-06-01: 대규모기업집단현황공시[연1회공시및1/4분기용(개별회사)] | 2026-05-15: 분기보고서 (2026.03),3
SP삼화,000390,0,OK,,,,2026-06-01: 기업지배구조보고서공시               | 2026-05-29: 주식등의대량보유상황보고서(일반) | 2026-05-15: 분기보고서 (2026.03),3
유비온,084440,0,OK,,,,2026-05-15: 반기보고서 (2026.03) | 2026-05-12: 주식등의대량보유상황보고서(일반) | 2026-05-12: 임원ㆍ주요주주특정증권등소유상황보고서 | 2026-05-12: 임원ㆍ주요주주특정증권등소유상황보고서,4
대동,000490,0,OK,,,,2026-06-01: 기업지배구조보고서공시               | 2026-05-22: [기재정정]타법인주식및출자증권취득결정               | 2026-05-15: 기업설명회(IR)개최(안내공시)               | 2026-05-15: 분기보고서 (2026.03) | 2026-05-07: 기업가치제고계획(자율공시)              ,5
딥노이드,315640,0,OK,,,,2026-05-21: 의결권대리행사권유참고서류 | 2026-05-21: 주주총회소집공고 | 2026-05-15: 분기보고서 (2026.03),3
두올,016740,0,OK,,,,2026-06-01: 기업지배구조보고서공시               | 2026-05-22: 주주명부폐쇄기간또는기준일설정               | 2026-05-22: 주주총회소집결의               | 2026-05-14: 분기보고서 (2026.03) | 2026-05-04: [기재정정]주식등의대량보유상황보고서(일반),5
현대모비스,012330,0,OK,,,,2026-06-01: 기업지배구조보고서공시               | 2026-05-29: 대규모기업집단현황공시[연1회공시및1/4분기용(개별회사)] | 2026-05-27: 기업설명회(IR)개최(안내공시)               | 2026-05-22: 기업설명회(IR)개최(안내공시)               | 2026-05-21: [기재정정]타법인주식및출자증권취득결정(자율공시)              ,9
호전실업,111110,0,OK,,,,2026-05-29: 기업지배구조보고서공시               | 2026-05-18: 타인에대한채무보증결정               | 2026-05-15: [기재정정]분기보고서 (2026.03) | 2026-05-15: 분기보고서 (2026.03) | 2026-05-06: 주식등의대량보유상황보고서(일반),5
팜스코,036580,0,OK,,,,2026-05-29: 기업지배구조보고서공시               | 2026-05-29: 대규모기업집단현황공시[연1회공시및1/4분기용(개별회사)] | 2026-05-26: 단기차입금증가결정               | 2026-05-13: 분기보고서 (2026.03),4
삼진,032750,0,OK,,,,2026-05-15: 분기보고서 (2026.03) | 2026-05-08: 임원ㆍ주요주주특정증권등소유상황보고서 | 2026-05-07: 주식등의대량보유상황보고서(일반) | 2026-05-07: 임원ㆍ주요주주특정증권등소유상황보고서,4
사조씨푸드,014710,0,OK,,,,2026-06-01: 기업지배구조보고서공시               | 2026-05-29: 대규모기업집단현황공시[연1회공시및1/4분기용(개별회사)] | 2026-05-15: 분기보고서 (2026.03),3
롯데손해보험,000400,0,OK,,,,2026-05-29: [기재정정]분기보고서 (2026.03) | 2026-05-28: 기타경영사항(자율공시)               | 2026-05-15: 분기보고서 (2026.03) | 2026-05-04: 기타경영사항(자율공시)              ,4
큐로셀,372320,0,OK,,,,2026-06-02: 임원ㆍ주요주주특정증권등소유상황보고서 | 2026-05-28: 주식등의대량보유상황보고서(일반) | 2026-05-27: 주식매수선택권부여에관한신고 | 2026-05-22: 투자판단관련주요경영사항(임상시험계획변경승인신청)               | 2026-05-15: 임원ㆍ주요주주특정증권등소유상황보고서,7
덕산하이메탈,077360,0,OK,,,,2026-05-29: [기재정정]임시주주총회결과               | 2026-05-29: 임시주주총회결과               | 2026-05-15: 분기보고서 (2026.03) | 2026-05-13: 의결권대리행사권유참고서류 | 2026-05-13: 주주총회소집공고,6
KC코트렐,119650,0,OK,,,,2026-05-29: 기업지배구조보고서공시               | 2026-05-19: 기타시장안내              (개선계획서 제출) | 2026-05-15: 분기보고서 (2026.03),3
지투파워,388050,0,OK,,,,2026-05-29: [기재정정]사업보고서 (2025.12) | 2026-05-18: 기업설명회(IR)개최               | 2026-05-14: 분기보고서 (2026.03),3
삼양사,145990,0,OK,,,,2026-06-01: 기업지배구조보고서공시               | 2026-06-01: 대규모기업집단현황공시[연1회공시및1/4분기용(개별회사)] | 2026-05-29: 타법인주식및출자증권취득결정(종속회사의주요경영사항)               | 2026-05-20: 벌금등의부과               | 2026-05-15: 동일인등출자계열회사와의상품ㆍ용역거래변경,7
농심홀딩스,072710,0,OK,,,,2026-05-29: 기업지배구조보고서공시               | 2026-05-29: 대규모기업집단현황공시[연1회공시및1/4분기용(개별회사)] | 2026-05-15: 분기보고서 (2026.03),3
휴비스,079980,0,OK,,,,2026-06-02: [기재정정]사업보고서 (2025.12) | 2026-06-01: 기업지배구조보고서공시               | 2026-05-15: 분기보고서 (2026.03),3
성호전자,043260,0,OK,,,,2026-06-01: 주식등의대량보유상황보고서(일반) | 2026-05-26: 주식등의대량보유상황보고서(일반) | 2026-05-26: 임원ㆍ주요주주특정증권등소유상황보고서 | 2026-05-20: 주식등의대량보유상황보고서(일반) | 2026-05-15: 분기보고서 (2026.03),7
제일약품,271980,0,OK,,,,2026-06-01: 기업지배구조보고서공시               | 2026-05-18: [기재정정]분기보고서 (2026.03) | 2026-05-15: 분기보고서 (2026.03),3
옵투스제약,131030,0,OK,,,,2026-05-29: 불성실공시법인미지정              (지정유예) | 2026-05-15: 분기보고서 (2026.03) | 2026-05-14: 불성실공시법인지정예고              (공시변경),3
신한카드,032710,0,OK,,,,2026-05-27: 일괄신고서 | 2026-05-26: [기재정정]일괄신고서 | 2026-05-22: 증권발행실적보고서 | 2026-05-21: 투자설명서(일괄신고) | 2026-05-21: 일괄신고추가서류,10
세아제강지주,003030,0,OK,,,,2026-06-01: 기업지배구조보고서공시               | 2026-05-29: 대규모기업집단현황공시[연1회공시및1/4분기용(개별회사)] | 2026-05-15: 분기보고서 (2026.03),3
에어부산,298690,0,OK,,,,2026-06-02: 풍문또는보도에대한해명(미확정)               | 2026-05-29: 기업지배구조보고서공시               | 2026-05-29: 대규모기업집단현황공시[연1회공시및1/4분기용(개별회사)] | 2026-05-13: 분기보고서 (2026.03) | 2026-05-08: 주식등의대량보유상황보고서(약식),5
삼성바이오로직스,207940,0,OK,,,,2026-06-01: 지속가능경영보고서등관련사항(자율공시)               | 2026-06-01: 최대주주등소유주식변동신고서               | 2026-06-01: 특수관계인에대한출자 | 2026-06-01: 기업지배구조보고서공시               | 2026-06-01: 대규모기업집단현황공시[연1회공시및1/4분기용(개별회사)],9
국민은행,060000,0,OK,,,,2026-06-02: 투자설명서(일괄신고) | 2026-06-02: 일괄신고추가서류 | 2026-05-26: 증권발행실적보고서 | 2026-05-22: 투자설명서(일괄신고) | 2026-05-22: 일괄신고추가서류,19
엔시스,333620,0,OK,,,,2026-05-20: 주식등의대량보유상황보고서(일반) | 2026-05-20: 임원ㆍ주요주주특정증권등소유상황보고서 | 2026-05-18: 임시주주총회결과               | 2026-05-15: 분기보고서 (2026.03),4
인카금융서비스,211050,0,OK,,,,2026-05-15: 주식등의대량보유상황보고서(일반) | 2026-05-15: 임원ㆍ주요주주특정증권등소유상황보고서 | 2026-05-15: 분기보고서 (2026.03) | 2026-05-08: 임원ㆍ주요주주특정증권등소유상황보고서 | 2026-05-08: 합병등종료보고서(합병),8
삼일제약,000520,0,OK,,,,2026-06-02: 최대주주등소유주식변동신고서               | 2026-06-01: 임원ㆍ주요주주특정증권등소유상황보고서 | 2026-06-01: 임원ㆍ주요주주특정증권등소유상황보고서 | 2026-05-29: 기업지배구조보고서공시               | 2026-05-22: 최대주주등소유주식변동신고서              ,10
포스코인터내셔널,047050,0,OK,,,,2026-05-29: 기업지배구조보고서공시               | 2026-05-29: [기재정정]대규모기업집단현황공시[연1회공시및1/4분기용(개별회사)] | 2026-05-29: [기재정정]대규모기업집단현황공시[연1회공시및1/4분기용(개별회사)] | 2026-05-29: 대규모기업집단현황공시[연1회공시및1/4분기용(개별회사)] | 2026-05-21: 기업설명회(IR)개최(안내공시)              ,6
이삭엔지니어링,351330,0,OK,,,,2026-05-29: 임시주주총회결과               | 2026-05-19: 주식등의대량보유상황보고서(일반) | 2026-05-15: 분기보고서 (2026.03) | 2026-05-13: 주주총회소집공고,4
금비,008870,0,OK,,,,2026-06-01: 기업지배구조보고서공시               | 2026-05-15: 반기보고서 (2026.03) | 2026-05-13: 현금ㆍ현물배당결정              ,3
팬스타엔터프라이즈,054300,0,OK,,,,2026-05-15: 분기보고서 (2026.03) | 2026-05-04: 임원ㆍ주요주주특정증권등소유상황보고서 | 2026-05-04: 임원ㆍ주요주주특정증권등소유상황보고서 | 2026-05-04: 임원ㆍ주요주주특정증권등소유상황보고서 | 2026-05-04: 주식등의대량보유상황보고서(일반),5
LG에너지솔루션,373220,0,OK,,,,2026-06-02: 임원ㆍ주요주주특정증권등소유상황보고서 | 2026-06-01: 대규모기업집단현황공시[연1회공시및1/4분기용(개별회사)] | 2026-06-01: 기업지배구조보고서공시               | 2026-05-26: [기재정정]유형자산처분결정(종속회사의주요경영사항)               | 2026-05-19: 임원ㆍ주요주주특정증권등소유상황보고서,6
바이온,032980,0,OK,,,,2026-05-15: 기타시장안내              (상장적격성 실질심사 사유 추가 관련 절차 미진행) | 2026-05-15: 반기또는분기매출액미달사실발생               | 2026-05-15: 분기보고서 (2026.03),3
제테마,216080,0,OK,,,,2026-05-29: 투자판단관련주요경영사항(임상시험결과)              (제테마더톡신주100단위(JTM201) 중국 임상 3상 1단계 결과 ) | 2026-05-28: 임원ㆍ주요주주특정증권등소유상황보고서 | 2026-05-15: 분기보고서 (2026.03) | 2026-05-13: [기재정정]주식매수선택권부여에관한신고 | 2026-05-08: 주식등의대량보유상황보고서(약식),6
신세계푸드,031440,0,OK,,,,2026-06-01: 대규모기업집단현황공시[연1회공시및1/4분기용(개별회사)] | 2026-05-29: 기업지배구조보고서공시               | 2026-05-21: [기재정정]주주총회소집결의               | 2026-05-21: [기재정정]주요사항보고서(주식교환ㆍ이전결정) | 2026-05-14: 분기보고서 (2026.03),5
한국토지신탁,034830,0,OK,,,,2026-05-29: 기업지배구조보고서공시               | 2026-05-28: 기업설명회(IR)개최(안내공시)               | 2026-05-27: 임원ㆍ주요주주특정증권등소유상황보고서 | 2026-05-15: 분기보고서 (2026.03),4
명인제약,317450,0,OK,,,,2026-06-01: 기업지배구조보고서공시               | 2026-05-14: 분기보고서 (2026.03) | 2026-05-08: 임원ㆍ주요주주특정증권등소유상황보고서 | 2026-05-08: 임원ㆍ주요주주특정증권등소유상황보고서 | 2026-05-08: 임원ㆍ주요주주특정증권등소유상황보고서,7
메가터치,446540,0,OK,,,,2026-06-02: 임원ㆍ주요주주특정증권등소유상황보고서 | 2026-05-18: 임원ㆍ주요주주특정증권등소유상황보고서 | 2026-05-18: 임원ㆍ주요주주특정증권등소유상황보고서 | 2026-05-18: 임원ㆍ주요주주특정증권등소유상황보고서 | 2026-05-18: 임원ㆍ주요주주특정증권등소유상황보고서,6
동일산업,004890,0,OK,,,,2026-06-01: [첨부추가]기업지배구조보고서공시               | 2026-06-01: [기재정정]기업지배구조보고서공시               | 2026-05-15: 분기보고서 (2026.03),3
제이씨케미칼,137950,0,OK,,,,2026-05-26: 기업설명회(IR)개최               | 2026-05-15: 분기보고서 (2026.03) | 2026-05-07: 임원ㆍ주요주주특정증권등소유상황보고서,3
더존비즈온,012510,0,OK,,,,2026-05-29: 최대주주등소유주식변동신고서               | 2026-05-29: 기업지배구조보고서공시               | 2026-05-29: [기재정정]장래사업ㆍ경영계획(공정공시)               | 2026-05-29: [기재정정]타법인주식및출자증권취득결정               | 2026-05-28: 기타경영사항(자율공시)              ,15
삼성전자,005930,0,OK,,,,2026-06-02: [기재정정]임원ㆍ주요주주특정증권등소유상황보고서 | 2026-06-02: 임원ㆍ주요주주특정증권등소유상황보고서 | 2026-06-01: 대규모기업집단현황공시[연1회(동일인용)] | 2026-06-01: 기업지배구조보고서공시               | 2026-06-01: 대규모기업집단현황공시[연1회공시및1/4분기용(대표회사)],21
클로봇,466100,0,OK,,,,2026-05-19: [기재정정]증권신고서(지분증권) | 2026-05-15: 분기보고서 (2026.03) | 2026-05-11: [기재정정]투자판단관련주요경영사항              (타법인 인수 추진을 위한 Binding Offer 제출 관련 이사회의결) | 2026-05-08: 주식등의대량보유상황보고서(일반) | 2026-05-07: 투자판단관련주요경영사항              (타법인 인수 추진을 위한 Binding Offer 제출 관련 이사회의결),6
케이지에이,455180,0,OK,,,,2026-05-15: 분기보고서 (2026.03) | 2026-05-15: 합병등종료보고서(자산양수도) | 2026-05-15: [기재정정]주요사항보고서(유형자산양도결정),3
범양건영,002410,0,OK,,,,2026-06-01: 기업지배구조보고서공시               | 2026-05-29: [기재정정]회생절차개시결정               | 2026-05-21: 기타시장안내              (개선기간 부여) | 2026-05-15: 분기보고서 (2026.03),4
NAVER,035420,0,OK,,,,2026-06-01: 기업설명회(IR)개최(안내공시)               | 2026-06-01: [기재정정]대규모기업집단현황공시[연1회공시및1/4분기용(대표회사)] | 2026-05-29: 기업지배구조보고서공시               | 2026-05-28: 대규모기업집단현황공시[연1회공시및1/4분기용(대표회사)] | 2026-05-28: 대규모기업집단현황공시[연1회(동일인용)],13
플리토,300080,0,OK,,,,2026-06-02: 주식매수선택권부여에관한신고 | 2026-05-15: 분기보고서 (2026.03) | 2026-05-07: [기재정정]주식매수선택권부여에관한신고,3
비보존 제약,082800,0,OK,,,,2026-05-26: 주식등의대량보유상황보고서(일반) | 2026-05-15: 분기보고서 (2026.03) | 2026-05-07: 임원ㆍ주요주주특정증권등소유상황보고서,3
브레인즈컴퍼니,099390,0,OK,,,,2026-05-21: 임원ㆍ주요주주특정증권등소유상황보고서 | 2026-05-21: 주식등의대량보유상황보고서(일반) | 2026-05-15: 분기보고서 (2026.03),3
컨텍,451760,0,OK,,,,2026-05-26: 전환청구권행사              (제1회차) | 2026-05-14: 분기보고서 (2026.03) | 2026-05-12: 전환청구권행사              (제1회차),3
켐트로닉스,089010,0,OK,,,,2026-05-18: 타인에대한채무보증결정               | 2026-05-15: 분기보고서 (2026.03) | 2026-05-12: 주식등의대량보유상황보고서(일반),3
SGC에너지,005090,0,OK,,,,2026-06-01: 기업설명회(IR)개최(안내공시)               | 2026-05-29: 기업지배구조보고서공시               | 2026-05-29: 대규모기업집단현황공시[연1회공시및1/4분기용(개별회사)] | 2026-05-15: 분기보고서 (2026.03) | 2026-05-06: 타인에대한채무보증결정              ,5
우성머티리얼스,011300,0,OK,,,,2026-06-01: 전환가액ㆍ신주인수권행사가액ㆍ교환가액의조정(안내공시)               | 2026-05-29: 임원ㆍ주요주주특정증권등소유상황보고서 | 2026-05-29: 기업지배구조보고서공시               | 2026-05-29: 주식등의대량보유상황보고서(일반) | 2026-05-29: 주식등의대량보유상황보고서(일반),7
금강철강,053260,0,OK,,,,2026-05-21: 주주명부폐쇄기간또는기준일설정               | 2026-05-21: 주주총회소집결의              (임시주주총회) | 2026-05-15: 분기보고서 (2026.03),3
전방,000950,0,OK,,,,2026-06-02: [기재정정]사업보고서 (2024.12) | 2026-06-02: [기재정정]사업보고서 (2023.12) | 2026-06-02: [기재정정]사업보고서 (2022.12) | 2026-06-02: [기재정정]감사보고서제출               | 2026-06-01: 기업지배구조보고서공시              ,6
케이씨티시,009070,0,OK,,,,2026-05-29: 기업지배구조보고서공시               | 2026-05-29: 대규모기업집단현황공시[연1회공시및1/4분기용(개별회사)] | 2026-05-15: 분기보고서 (2026.03),3
세원정공,021820,0,OK,,,,2026-06-01: 기업지배구조보고서공시               | 2026-05-22: 주주명부폐쇄기간또는기준일설정               | 2026-05-15: 분기보고서 (2026.03),3
제이알글로벌리츠,348950,0,OK,,,,2026-05-29: 기업지배구조보고서공시               | 2026-05-19: 주주명부폐쇄기간또는기준일설정               | 2026-05-15: 반기검토의견부적정또는의견거절               | 2026-05-15: [기재정정]주요사항보고서(회생절차개시신청) | 2026-05-15: 반기보고서 (2026.03),6
SV인베스트먼트,289080,0,OK,,,,2026-05-20: 주식등의대량보유상황보고서(약식) | 2026-05-14: 현금ㆍ현물배당결정               | 2026-05-14: 매출액또는손익구조30%(대규모법인은15%)이상변동               | 2026-05-14: [기재정정]주식등의대량보유상황보고서(약식) | 2026-05-08: 주식등의대량보유상황보고서(일반),6
하이즈항공,221840,0,OK,,,,2026-05-14: 분기보고서 (2026.03) | 2026-05-13: 의결권대리행사권유참고서류 | 2026-05-13: 주주총회소집공고,3
SK증권,001510,0,OK,,,,2026-05-29: 투자설명서(일괄신고) | 2026-05-29: 지속가능경영보고서등관련사항(자율공시)               | 2026-05-29: 일괄신고추가서류(파생결합사채-주가연계파생결합사채) | 2026-05-29: 증권발행실적보고서 | 2026-05-29: 증권발행실적보고서,22
SNT다이내믹스,003570,0,OK,,,,2026-05-29: 기업지배구조보고서공시               | 2026-05-12: 분기보고서 (2026.03) | 2026-05-12: [기재정정]현금ㆍ현물배당결정               | 2026-05-12: 현금ㆍ현물배당결정               | 2026-05-08: 주식등의대량보유상황보고서(약식),5
노브랜드,145170,0,OK,,,,2026-05-28: 주주명부폐쇄기간또는기준일설정               | 2026-05-28: 주주총회소집결의              (임시주주총회) | 2026-05-15: 분기보고서 (2026.03),3
HLB펩,196300,0,OK,,,,2026-05-29: 주식등의대량보유상황보고서(일반) | 2026-05-20: 임원ㆍ주요주주특정증권등소유상황보고서 | 2026-05-15: 분기보고서 (2026.03),3
에스케이브로드밴드,033630,0,OK,,,,2026-06-01: 증권신고서(채무증권) | 2026-05-29: 대규모기업집단현황공시[연1회공시및1/4분기용(개별회사)] | 2026-05-15: 분기보고서 (2026.03) | 2026-05-15: 동일인등출자계열회사와의상품ㆍ용역거래변경,4
인벤티지랩,389470,0,OK,,,,2026-06-01: 분기보고서 (2026.03) | 2026-05-08: 임원ㆍ주요주주특정증권등소유상황보고서 | 2026-05-08: 임원ㆍ주요주주특정증권등소유상황보고서 | 2026-05-08: 임원ㆍ주요주주특정증권등소유상황보고서,4
광무,029480,0,OK,,,,2026-05-29: 주권관련사채권의취득결정               | 2026-05-14: 분기보고서 (2026.03) | 2026-05-04: [기재정정]사업보고서 (2025.12),3
제이피아이헬스케어,0010V0,0,OK,,,,2026-05-18: [기재정정]분기보고서 (2026.03) | 2026-05-13: 분기보고서 (2026.03) | 2026-05-07: 임원ㆍ주요주주특정증권등소유상황보고서,3
누보,332290,0,OK,,,,2026-05-27: 전환가액의조정               | 2026-05-14: 분기보고서 (2026.03) | 2026-05-12: 기업설명회(IR)개최              ,3
부산산업,011390,0,OK,,,,2026-06-01: 기업지배구조보고서공시 | 2026-05-29: 임시주주총회결과               | 2026-05-29: 대표이사(대표집행임원)변경(안내공시)               | 2026-05-15: 분기보고서 (2026.03) | 2026-05-14: 주주총회소집공고,5
와이즈넛,096250,0,OK,,,,2026-05-29: 기업설명회(IR)개최               | 2026-05-29: 주식등의대량보유상황보고서(일반) | 2026-05-29: 임원ㆍ주요주주특정증권등소유상황보고서 | 2026-05-27: 임시주주총회결과               | 2026-05-15: 분기보고서 (2026.03),7
웰크론한텍,076080,0,OK,,,,2026-05-27: 주식등의대량보유상황보고서(일반) | 2026-05-27: 임원ㆍ주요주주특정증권등소유상황보고서 | 2026-05-27: 임원ㆍ주요주주특정증권등소유상황보고서 | 2026-05-18: 주식등의대량보유상황보고서(일반) | 2026-05-18: 임원ㆍ주요주주특정증권등소유상황보고서,8
에프앤가이드,064850,0,OK,,,,2026-05-22: 임원ㆍ주요주주특정증권등소유상황보고서 | 2026-05-13: 주식등의대량보유상황보고서(일반) | 2026-05-11: 분기보고서 (2026.03) | 2026-05-04: 주식등의대량보유상황보고서(약식),4
초록뱀미디어,047820,0,OK,,,,2026-06-01: 대규모기업집단현황공시[연1회공시및1/4분기용(개별회사)] | 2026-05-19: 주식등의대량보유상황보고서(일반) | 2026-05-19: 임원ㆍ주요주주특정증권등소유상황보고서 | 2026-05-19: [기재정정]주식등의대량보유상황보고서(일반) | 2026-05-15: 분기보고서 (2026.03),9
SGC E&C,016250,0,OK,,,,2026-05-29: 대규모기업집단현황공시[연1회공시및1/4분기용(개별회사)] | 2026-05-29: 타인에대한채무보증결정               | 2026-05-14: 분기보고서 (2026.03) | 2026-05-06: 타인에대한채무보증결정              ,4
오로라,039830,0,OK,,,,2026-05-21: 주식등의대량보유상황보고서(약식) | 2026-05-15: 분기보고서 (2026.03) | 2026-05-11: 주식등의대량보유상황보고서(약식),3
코스나인,082660,0,OK,,,,2026-05-27: [기재정정]주주총회소집결의               | 2026-05-27: [기재정정]주주명부폐쇄기간또는기준일설정               | 2026-05-15: 기타시장안내              (상장적격성 실질심사 사유 추가 관련 절차 미진행) | 2026-05-15: 분기보고서 (2026.03),4
와이랩,432430,0,OK,,,,2026-05-20: 주주명부폐쇄기간또는기준일설정               | 2026-05-20: 주주총회소집결의              (임시주주총회) | 2026-05-15: 분기보고서 (2026.03) | 2026-05-15: 주식등의대량보유상황보고서(일반),4
그리드위즈,453450,0,OK,,,,2026-05-28: 임원ㆍ주요주주특정증권등소유상황보고서 | 2026-05-26: 기업설명회(IR)개최               | 2026-05-15: 분기보고서 (2026.03),3
엠브레인,169330,0,OK,,,,2026-05-26: 현금ㆍ현물배당을위한주주명부폐쇄(기준일)결정               | 2026-05-19: 주식등의대량보유상황보고서(일반) | 2026-05-15: 분기보고서 (2026.03) | 2026-05-07: 주식등의대량보유상황보고서(일반),4
선진뷰티사이언스,086710,0,OK,,,,2026-05-26: 주주총회소집공고 | 2026-05-15: 분기보고서 (2026.03) | 2026-05-07: 주주명부폐쇄기간또는기준일설정               | 2026-05-07: 주주총회소집결의              (임시주주총회) | 2026-05-07: 주요사항보고서(회사분할결정),5
에코캡,128540,0,OK,,,,2026-05-15: 분기보고서 (2026.03) | 2026-05-14: 임원ㆍ주요주주특정증권등소유상황보고서 | 2026-05-14: 주식등의대량보유상황보고서(약식),3
피제이메탈,128660,0,OK,,,,2026-05-22: [기재정정]주주총회소집결의              (임시주주총회) | 2026-05-22: 주주명부폐쇄기간또는기준일설정               | 2026-05-22: 주주총회소집결의              (임시주주총회) | 2026-05-15: 분기보고서 (2026.03),4
하나마이크론,067310,0,OK,,,,2026-06-02: 임원ㆍ주요주주특정증권등소유상황보고서 | 2026-06-02: 주식등의대량보유상황보고서(일반) | 2026-06-02: 임원ㆍ주요주주특정증권등소유상황보고서 | 2026-06-02: 임원ㆍ주요주주특정증권등소유상황보고서 | 2026-05-29: [기재정정]소송등의판결ㆍ결정              (주주총회결의취소),11
한세엠케이,069640,0,OK,,,,2026-05-29: 기업지배구조보고서공시               | 2026-05-26: 주주총회소집공고 | 2026-05-15: 분기보고서 (2026.03) | 2026-05-08: [기재정정]주주총회소집결의               | 2026-05-07: 최대주주등소유주식변동신고서              ,12
평화홀딩스,010770,0,OK,,,,2026-06-01: 기업지배구조보고서공시               | 2026-05-15: [기재정정]분기보고서 (2026.03) | 2026-05-15: 분기보고서 (2026.03),3
알톤,123750,0,OK,,,,2026-06-01: 임원ㆍ주요주주특정증권등거래계획보고서 | 2026-05-15: 분기보고서 (2026.03) | 2026-05-11: 주식등의대량보유상황보고서(일반) | 2026-05-11: 임원ㆍ주요주주특정증권등소유상황보고서,4
대웅,003090,0,OK,,,,2026-06-01: 기업지배구조보고서공시               | 2026-05-26: 투자판단관련주요경영사항(자회사의 주요경영사항)              (엔블로젬(Envlozem)의 국내 품목허가 신청) | 2026-05-26: 투자판단관련주요경영사항(자회사의 주요경영사항)              (엔블로정(Envlo) 0.3mg 멕시코 품목허가 승인) | 2026-05-21: 투자판단관련주요경영사항(자회사의 주요경영사항)              (비만치료용 세마글루타이드(4주 장기지속형 주사제) 기술도입 계약 체결) | 2026-05-20: [기재정정]투자판단관련주요경영사항(자회사의 주요경영사항)              (mRNA 기반 Epigenetic Reprogramming of Aging (ERA) 기술이전 계약 지위 승계),8
제일엠앤에스,412540,0,OK,,,,2026-06-02: [기재정정]감사보고서제출              (2024사업연도) | 2026-05-15: 분기보고서 (2026.03) | 2026-05-07: 투자판단관련주요경영사항              (M&A 관련 최종인수예정자 확정 허가 결정) | 2026-05-04: 기타시장안내              (개선계획 이행내역서 제출에 따른 안내),4
효성중공업,298040,0,OK,,,,2026-06-02: 사외이사의선임ㆍ해임또는중도퇴임에관한신고 | 2026-06-02: 임시주주총회결과               | 2026-06-01: 임원ㆍ주요주주특정증권등소유상황보고서 | 2026-05-29: 대규모기업집단현황공시[연1회공시및1/4분기용(개별회사)] | 2026-05-29: 기업지배구조보고서공시              ,11
아모그린텍,125210,0,OK,,,,2026-05-26: 의결권대리행사권유참고서류 | 2026-05-26: 주주총회소집공고 | 2026-05-15: 분기보고서 (2026.03),3
로보스타,090360,0,OK,,,,2026-06-01: 주식등의대량보유상황보고서(약식) | 2026-06-01: 대규모기업집단현황공시[연1회공시및1/4분기용(개별회사)] | 2026-05-27: 주식등의대량보유상황보고서(약식) | 2026-05-15: 분기보고서 (2026.03),4
롯데정밀화학,004000,0,OK,,,,2026-05-29: 대규모기업집단현황공시[연1회공시및1/4분기용(개별회사)] | 2026-05-29: 기업지배구조보고서공시               | 2026-05-15: 분기보고서 (2026.03) | 2026-05-07: 최대주주등소유주식변동신고서              ,4
POSCO홀딩스,005490,0,OK,,,,2026-06-01: [기재정정]대규모기업집단현황공시[연1회공시및1/4분기용(대표회사)] | 2026-05-29: 기업지배구조보고서공시               | 2026-05-28: 대규모기업집단현황공시[연1회(동일인용)] | 2026-05-28: 해외증권거래소등에신고한주요공시사항의국내신고               | 2026-05-27: 대규모기업집단현황공시[연1회공시및1/4분기용(대표회사)],14
아이씨에이치,368600,0,OK,,,,2026-05-26: 전환청구권행사              (제4회차) | 2026-05-26: 임원ㆍ주요주주특정증권등소유상황보고서 | 2026-05-18: 주식등의대량보유상황보고서(일반) | 2026-05-18: 임원ㆍ주요주주특정증권등소유상황보고서 | 2026-05-18: 임원ㆍ주요주주특정증권등소유상황보고서,11
한스바이오메드,042520,0,OK,,,,2026-05-14: 반기보고서 (2026.03) | 2026-05-08: 기업설명회(IR)개최               | 2026-05-04: 주식등의대량보유상황보고서(약식),3
아이씨티케이,456010,0,OK,,,,2026-06-02: 전환청구권행사              (제5회차) | 2026-05-26: 전환청구권행사              (제5회차) | 2026-05-15: 분기보고서 (2026.03),3
아시아나IDT,267850,0,OK,,,,2026-05-29: 대규모기업집단현황공시[연1회공시및1/4분기용(개별회사)] | 2026-05-29: 기업지배구조보고서공시               | 2026-05-13: 분기보고서 (2026.03) | 2026-05-12: 중대재해발생              ,4
부스타,008470,0,OK,,,,2026-06-01: 임원ㆍ주요주주특정증권등소유상황보고서 | 2026-05-14: 분기보고서 (2026.03) | 2026-05-11: 주식등의대량보유상황보고서(약식),3
갤럭시아머니트리,094480,0,OK,,,,2026-06-01: 대규모기업집단현황공시[연1회공시및1/4분기용(개별회사)] | 2026-05-29: [기재정정]타인에대한채무보증결정               | 2026-05-15: 분기보고서 (2026.03),3
미스터블루,207760,0,OK,,,,2026-05-20: 주주명부폐쇄기간또는기준일설정               | 2026-05-20: 주주총회소집결의              (임시주주총회) | 2026-05-20: 주식병합결정               | 2026-05-15: 분기보고서 (2026.03) | 2026-05-13: 전환사채(해외전환사채포함)발행후만기전사채취득              ,5
LF,093050,0,OK,,,,2026-06-02: 기업설명회(IR)개최(안내공시)               | 2026-06-01: [기재정정]사업보고서 (2025.12) | 2026-06-01: 기업지배구조보고서공시               | 2026-05-18: 주식등의대량보유상황보고서(일반) | 2026-05-15: 분기보고서 (2026.03),6
풍산,103140,0,OK,,,,2026-06-01: 기업지배구조보고서공시               | 2026-05-15: 분기보고서 (2026.03) | 2026-05-14: 풍문또는보도에대한해명               | 2026-05-12: 최대주주등소유주식변동신고서              ,4
호텔신라,008770,0,OK,,,,2026-06-01: 최대주주등소유주식변동신고서               | 2026-06-01: 기업지배구조보고서공시               | 2026-06-01: 기업설명회(IR)개최(안내공시)               | 2026-06-01: 대규모기업집단현황공시[연1회공시및1/4분기용(개별회사)] | 2026-05-27: 주식등의대량보유상황보고서(약식),9
범한퓨얼셀,382900,0,OK,,,,2026-05-20: 주식등의대량보유상황보고서(일반) | 2026-05-15: 분기보고서 (2026.03) | 2026-05-15: 임원ㆍ주요주주특정증권등소유상황보고서,3
KS인더스트리,101000,0,OK,,,,2026-05-21: 주주명부폐쇄기간또는기준일설정               | 2026-05-21: 주주총회소집결의              (임시주주총회) | 2026-05-15: 분기보고서 (2026.03),3
디와이,013570,0,OK,,,,2026-05-29: 기업지배구조보고서공시               | 2026-05-27: 최대주주등소유주식변동신고서               | 2026-05-27: 주식등의대량보유상황보고서(일반) | 2026-05-14: 분기보고서 (2026.03),4
진양제약,007370,0,OK,,,,2026-05-26: 전환가액의조정               | 2026-05-18: 주식등의대량보유상황보고서(일반) | 2026-05-18: 임원ㆍ주요주주특정증권등소유상황보고서 | 2026-05-15: 분기보고서 (2026.03),4
SB성보,003080,0,OK,,,,2026-06-01: 기업지배구조보고서공시               | 2026-05-15: 분기보고서 (2026.03) | 2026-05-06: 주식등의대량보유상황보고서(일반),3
아이비젼웍스,469750,0,OK,,,,2026-05-22: [기재정정]분기보고서 (2026.03) | 2026-05-22: [기재정정]사업보고서 (2025.12) | 2026-05-15: 분기보고서 (2026.03),3
오늘이엔엠,192410,0,OK,,,,2026-05-21: 소송등의판결ㆍ결정              (전환사채주식전환 및 주권상장금지등-취하) | 2026-05-21: 주요사항보고서(소송등의제기) | 2026-05-15: 분기보고서 (2026.03) | 2026-05-07: 기업설명회(IR)개최               | 2026-05-04: 전환가액의조정              (제5회차),5
오스코텍,039200,0,OK,,,,2026-06-01: 투자판단관련주요경영사항              (SYK 저해제 후보물질 세비도플레닙(SKIO703) 기술수출 계약 체결) | 2026-05-29: 주식등의대량보유상황보고서(약식) | 2026-05-22: 투자판단관련주요경영사항(임상시험계획승인신청등결정)              (SKIO703의 약물 제형 변경을 위한 임상 1상 IND 승인) | 2026-05-22: 주식등의대량보유상황보고서(약식) | 2026-05-14: 분기보고서 (2026.03),8
iM금융지주,139130,0,OK,,,,2026-06-02: 임원ㆍ주요주주특정증권등소유상황보고서 | 2026-05-27: 신탁계약에의한취득상황보고서 | 2026-05-26: 기업설명회(IR)개최(안내공시)               | 2026-05-26: 기업설명회(IR)개최(안내공시)               | 2026-05-21: 임원ㆍ주요주주특정증권등소유상황보고서,11
뉴파워프라즈마,144960,0,OK,,,,2026-05-29: 교환청구권행사              (제1회차) | 2026-05-15: 분기보고서 (2026.03) | 2026-05-13: 교환청구권행사              (제1회차),3
대림바스,005750,0,OK,,,,2026-06-02: [기재정정]기업지배구조보고서공시               | 2026-06-02: [기재정정]기업지배구조보고서공시               | 2026-06-01: 기업지배구조보고서공시               | 2026-05-15: 분기보고서 (2026.03),4
하나은행,004940,0,OK,,,,2026-05-29: 증권발행실적보고서 | 2026-05-28: 투자설명서(일괄신고) | 2026-05-28: 일괄신고추가서류 | 2026-05-26: 증권발행실적보고서 | 2026-05-22: 투자설명서(일괄신고),20
포인트모바일,318020,0,OK,,,,2026-06-01: 주식등의대량보유상황보고서(일반) | 2026-06-01: 임원ㆍ주요주주특정증권등소유상황보고서 | 2026-05-27: 주식등의대량보유상황보고서(일반) | 2026-05-08: 분기보고서 (2026.03) | 2026-05-07: 임원ㆍ주요주주특정증권등소유상황보고서,12
동국씨엠,460850,0,OK,,,,2026-06-01: 대규모기업집단현황공시[연1회공시및1/4분기용(개별회사)] | 2026-05-29: 기업지배구조보고서공시               | 2026-05-15: 분기보고서 (2026.03) | 2026-05-13: 타인에대한채무보증결정               | 2026-05-13: 타인에대한채무보증결정              ,6
대한뉴팜,054670,0,OK,,,,2026-05-29: 주식등의대량보유상황보고서(일반) | 2026-05-29: 임원ㆍ주요주주특정증권등소유상황보고서 | 2026-05-26: 임원ㆍ주요주주특정증권등소유상황보고서 | 2026-05-19: 주식등의대량보유상황보고서(일반) | 2026-05-13: 분기보고서 (2026.03),5
KB발해인프라,415640,0,OK,,,,2026-05-11: 주식등의대량보유상황보고서(약식) | 2026-05-07: 주식등의대량보유상황보고서(약식) | 2026-05-04: 주식등의대량보유상황보고서(약식),3
신세계건설,034300,0,OK,,,,2026-06-01: 대규모기업집단현황공시[연1회공시및1/4분기용(개별회사)] | 2026-05-15: 동일인등출자계열회사와의상품ㆍ용역거래변경 | 2026-05-14: 특수관계인으로부터자산양수 | 2026-05-14: 특수관계인의유상증자참여 | 2026-05-14: 특수관계인의유상증자참여,5
폴라리스우노,114630,0,OK,,,,2026-05-15: 분기보고서 (2026.03) | 2026-05-06: 주식등의대량보유상황보고서(일반) | 2026-05-06: 임원ㆍ주요주주특정증권등소유상황보고서 | 2026-05-06: 임원ㆍ주요주주특정증권등소유상황보고서 | 2026-05-06: 임원ㆍ주요주주특정증권등소유상황보고서,13
넥스트바이오메디컬,389650,0,OK,,,,2026-05-26: 임원ㆍ주요주주특정증권등소유상황보고서 | 2026-05-15: 분기보고서 (2026.03) | 2026-05-07: 임원ㆍ주요주주특정증권등소유상황보고서,3
에이플러스에셋,244920,0,OK,,,,2026-06-01: 기업지배구조보고서공시               | 2026-05-22: 최대주주등소유주식변동신고서               | 2026-05-15: 분기보고서 (2026.03),3
옵티팜,153710,0,OK,,,,2026-05-29: 임원ㆍ주요주주특정증권등소유상황보고서 | 2026-05-20: 기업설명회(IR)개최               | 2026-05-15: 분기보고서 (2026.03),3
알리코제약,260660,0,OK,,,,2026-05-26: 임원ㆍ주요주주특정증권등소유상황보고서 | 2026-05-26: 임원ㆍ주요주주특정증권등소유상황보고서 | 2026-05-26: 주식등의대량보유상황보고서(일반) | 2026-05-15: 분기보고서 (2026.03),4
풀무원,017810,0,OK,,,,2026-05-29: 기업지배구조보고서공시               | 2026-05-29: 최대주주등소유주식변동신고서               | 2026-05-29: 주식등의대량보유상황보고서(일반) | 2026-05-29: 임원ㆍ주요주주특정증권등소유상황보고서 | 2026-05-15: 분기보고서 (2026.03),5
에스오에스랩,464080,0,OK,,,,2026-05-22: 임원ㆍ주요주주특정증권등소유상황보고서 | 2026-05-22: 주식등의대량보유상황보고서(일반) | 2026-05-21: 임원ㆍ주요주주특정증권등소유상황보고서 | 2026-05-21: 주식등의대량보유상황보고서(일반) | 2026-05-15: 분기보고서 (2026.03),7
에스티팜,237690,0,OK,,,,2026-06-02: [기재정정]사업보고서 (2025.12) | 2026-05-15: 분기보고서 (2026.03) | 2026-05-14: 기업설명회(IR)개최              ,3
APS,054620,0,OK,,,,2026-05-15: 분기보고서 (2026.03) | 2026-05-08: 임원ㆍ주요주주특정증권등소유상황보고서 | 2026-05-08: 임원ㆍ주요주주특정증권등소유상황보고서 | 2026-05-08: 임원ㆍ주요주주특정증권등소유상황보고서 | 2026-05-07: 주식등의대량보유상황보고서(일반),7
KB금융,105560,0,OK,,,,2026-06-01: 임원ㆍ주요주주특정증권등소유상황보고서 | 2026-05-26: 증권발행실적보고서 | 2026-05-22: 투자설명서(일괄신고) | 2026-05-22: 일괄신고추가서류 | 2026-05-20: 기타안내사항(안내공시)              ,17
에스에스알,275630,0,OK,,,,2026-06-01: 임원ㆍ주요주주특정증권등소유상황보고서 | 2026-06-01: 주식등의대량보유상황보고서(일반) | 2026-05-21: 임원ㆍ주요주주특정증권등소유상황보고서 | 2026-05-21: 주식등의대량보유상황보고서(일반) | 2026-05-18: 임원ㆍ주요주주특정증권등소유상황보고서,11
에코프로,086520,0,OK,,,,2026-05-29: 대규모기업집단현황공시[연1회(동일인용)] | 2026-05-29: 대규모기업집단현황공시[연1회공시및1/4분기용(대표회사)] | 2026-05-27: 주식등의대량보유상황보고서(일반) | 2026-05-19: 주식등의대량보유상황보고서(일반) | 2026-05-15: 분기보고서 (2026.03),7
신한투자증권,008670,0,OK,,,,2026-06-02: 증권발행실적보고서 | 2026-06-02: 투자설명서(일괄신고) | 2026-06-02: 일괄신고추가서류(파생결합사채-주가연계파생결합사채) | 2026-06-01: 투자설명서(일괄신고) | 2026-06-01: 일괄신고추가서류(파생결합사채-주가연계파생결합사채),100
오스테오닉,226400,0,OK,,,,2026-05-29: 의결권대리행사권유참고서류 | 2026-05-29: 주주총회소집공고 | 2026-05-29: [첨부정정]주주총회소집결의              (임시주주총회) | 2026-05-29: [첨부정정]주주총회소집결의              (임시주주총회) | 2026-05-14: 분기보고서 (2026.03),7
셀루메드,049180,0,OK,,,,2026-05-28: [기재정정]소송등의제기ㆍ신청(일정금액이상의청구)               | 2026-05-15: 소송등의제기ㆍ신청(일정금액이상의청구)              (지급명령) | 2026-05-15: [기재정정]금전대여결정               | 2026-05-15: 분기보고서 (2026.03),4
유진테크놀로지,240600,0,OK,,,,2026-05-21: 임시주주총회결과               | 2026-05-15: 분기보고서 (2026.03) | 2026-05-06: 주주총회소집공고,3
엔켐,348370,0,OK,,,,2026-05-29: [기재정정]타법인주식및출자증권처분결정               | 2026-05-20: 불성실공시법인지정              (공시불이행) | 2026-05-15: 분기보고서 (2026.03),3
웨이비스,289930,0,OK,,,,2026-06-02: 임원ㆍ주요주주특정증권등소유상황보고서 | 2026-06-02: 주식등의대량보유상황보고서(일반) | 2026-05-26: 주식등의대량보유상황보고서(약식) | 2026-05-15: [기재정정]임원ㆍ주요주주특정증권등소유상황보고서 | 2026-05-15: 임원ㆍ주요주주특정증권등소유상황보고서,12
지놈앤컴퍼니,314130,0,OK,,,,2026-05-29: 임원ㆍ주요주주특정증권등소유상황보고서 | 2026-05-29: 임원ㆍ주요주주특정증권등소유상황보고서 | 2026-05-29: 주식등의대량보유상황보고서(일반) | 2026-05-27: 주식등의대량보유상황보고서(약식) | 2026-05-27: 주식등의대량보유상황보고서(약식),17
HLB제넥스,187420,0,OK,,,,2026-06-02: 주식등의대량보유상황보고서(일반) | 2026-05-26: 주식등의대량보유상황보고서(일반) | 2026-05-20: 임원ㆍ주요주주특정증권등소유상황보고서 | 2026-05-14: 분기보고서 (2026.03),4
동인기연,111380,0,OK,,,,2026-06-01: 기업지배구조보고서공시               | 2026-05-15: [기재정정]분기보고서 (2026.03) | 2026-05-15: 분기보고서 (2026.03),3
KC그린홀딩스,009440,0,OK,,,,2026-06-01: 기업지배구조보고서공시               | 2026-05-26: 기타경영사항(자율공시)               | 2026-05-22: 주식등의대량보유상황보고서(약식) | 2026-05-20: 기타시장안내              (상장·공시위원회 결과) | 2026-05-15: 분기보고서 (2026.03),9
한화리츠,451800,0,OK,,,,2026-06-01: 부동산투자회사자산보관위탁계약변경               | 2026-06-01: 부동산투자회사자산보관위탁계약체결               | 2026-05-29: 대규모기업집단현황공시[연1회공시및1/4분기용(개별회사)] | 2026-05-29: 기업지배구조보고서공시               | 2026-05-28: 임원ㆍ주요주주특정증권등소유상황보고서,20
우리넷,115440,0,OK,,,,2026-05-20: 주식등의대량보유상황보고서(일반) | 2026-05-15: [기재정정]분기보고서 (2026.03) | 2026-05-15: 분기보고서 (2026.03),3
코스텍시스,355150,0,OK,,,,2026-05-28: 주식등의대량보유상황보고서(약식) | 2026-05-15: 분기보고서 (2026.03) | 2026-05-14: 임원ㆍ주요주주특정증권등소유상황보고서,3
이상네트웍스,080010,0,OK,,,,2026-05-27: 신탁계약해지결과보고서 | 2026-05-26: 주요사항보고서(자기주식취득신탁계약해지결정) | 2026-05-15: 분기보고서 (2026.03),3
경인양행,012610,0,OK,,,,2026-06-02: 주식등의대량보유상황보고서(일반) | 2026-06-02: 최대주주등소유주식변동신고서               | 2026-05-29: 기업지배구조보고서공시               | 2026-05-21: 주식등의대량보유상황보고서(일반) | 2026-05-21: 최대주주등소유주식변동신고서              ,6
케이엔제이,272110,0,OK,,,,2026-05-28: 주요사항보고서(유형자산양수결정) | 2026-05-11: 분기보고서 (2026.03) | 2026-05-08: 주식등의대량보유상황보고서(일반),3
메카로,241770,0,OK,,,,2026-06-02: 주식등의대량보유상황보고서(일반) | 2026-05-19: 주식등의대량보유상황보고서(일반) | 2026-05-13: 분기보고서 (2026.03),3
HB인베스트먼트,440290,0,OK,,,,2026-05-14: 분기보고서 (2026.03) | 2026-05-11: [기재정정]기업가치제고계획(자율공시)              (2026년 기업가치 제고 계획) | 2026-05-08: 기업가치제고계획(자율공시)              (2026년 기업가치 제고 계획),3
프럼파스트,035200,0,OK,,,,2026-05-29: 주식등의대량보유상황보고서(일반) | 2026-05-29: 임원ㆍ주요주주특정증권등소유상황보고서 | 2026-05-15: 분기보고서 (2026.03),3
솔브레인홀딩스,036830,0,OK,,,,2026-05-28: 주식등의대량보유상황보고서(일반) | 2026-05-15: 분기보고서 (2026.03) | 2026-05-06: 주식등의대량보유상황보고서(일반),3
케이엠,083550,0,OK,,,,2026-05-15: 분기보고서 (2026.03) | 2026-05-11: 주식등의대량보유상황보고서(일반) | 2026-05-11: 임원ㆍ주요주주특정증권등소유상황보고서 | 2026-05-11: 임원ㆍ주요주주특정증권등소유상황보고서 | 2026-05-11: 임원ㆍ주요주주특정증권등소유상황보고서,10
엔피씨,004250,0,OK,,,,2026-06-01: 기업지배구조보고서공시               | 2026-05-27: 주식등의대량보유상황보고서(일반) | 2026-05-15: 분기보고서 (2026.03) | 2026-05-12: 주식등의대량보유상황보고서(일반),4
STX그린로지스,465770,0,OK,,,,2026-06-01: 기업지배구조보고서공시               | 2026-05-27: 타인에대한담보제공결정               | 2026-05-27: 유형자산처분결정               | 2026-05-15: 불성실공시법인지정               | 2026-05-15: 분기보고서 (2026.03),6
휴먼테크놀로지,175140,0,OK,,,,2026-05-15: 분기보고서 (2026.03) | 2026-05-15: 주주명부폐쇄기간또는기준일설정               | 2026-05-15: 주주총회소집결의               | 2026-05-06: 기타경영사항(자율공시)              (소규모합병 승인 이사회 결의(주주총회 갈음) 결과 보고),4
아가방컴퍼니,013990,0,OK,,,,2026-05-15: 분기보고서 (2026.03) | 2026-05-08: 주요사항보고서(자기주식취득신탁계약체결결정) | 2026-05-08: 신탁계약해지결과보고서 | 2026-05-08: 주요사항보고서(자기주식취득신탁계약해지결정),4
원익홀딩스,030530,0,OK,,,,2026-05-29: 대규모기업집단현황공시[연1회(동일인용)] | 2026-05-29: 대규모기업집단현황공시[연1회공시및1/4분기용(대표회사)] | 2026-05-15: 분기보고서 (2026.03) | 2026-05-11: 주식등의대량보유상황보고서(일반),4
삼성FN리츠,448730,0,OK,,,,2026-06-01: [기재정정]대규모기업집단현황공시[연1회공시및1/4분기용(개별회사)] | 2026-06-01: 대규모기업집단현황공시[연1회공시및1/4분기용(개별회사)] | 2026-05-29: 기업지배구조보고서공시               | 2026-05-28: 임원ㆍ주요주주특정증권등소유상황보고서 | 2026-05-27: 기업설명회(IR)개최(안내공시)              ,11
삼양엔씨켐,482630,0,OK,,,,2026-06-01: 대규모기업집단현황공시[연1회공시및1/4분기용(개별회사)] | 2026-05-27: 임원ㆍ주요주주특정증권등소유상황보고서 | 2026-05-18: 기업설명회(IR)개최               | 2026-05-18: 임원ㆍ주요주주특정증권등소유상황보고서 | 2026-05-18: 임원ㆍ주요주주특정증권등소유상황보고서,7
남해화학,025860,0,OK,,,,2026-06-01: 기업지배구조보고서공시               | 2026-06-01: 대규모기업집단현황공시[연1회공시및1/4분기용(개별회사)] | 2026-05-29: 약관에의한금융거래시계열금융회사의거래상대방의공시 | 2026-05-29: 단기차입금증가결정               | 2026-05-29: 특수관계인으로부터자금차입,6
삼성에스디에스,018260,0,OK,,,,2026-06-01: 기업지배구조보고서공시               | 2026-06-01: 대규모기업집단현황공시[연1회공시및1/4분기용(개별회사)] | 2026-05-28: 임원ㆍ주요주주특정증권등소유상황보고서 | 2026-05-27: 임원ㆍ주요주주특정증권등소유상황보고서 | 2026-05-15: 동일인등출자계열회사와의상품ㆍ용역거래변경,8
동국홀딩스,001230,0,OK,,,,2026-06-01: 대규모기업집단현황공시[연1회(동일인용)] | 2026-06-01: 대규모기업집단현황공시[연1회공시및1/4분기용(대표회사)] | 2026-05-29: 기업지배구조보고서공시               | 2026-05-15: 임원ㆍ주요주주특정증권등소유상황보고서 | 2026-05-15: 임원ㆍ주요주주특정증권등소유상황보고서,12
케이비캐피탈,021960,0,OK,,,,2026-05-27: 증권발행실적보고서 | 2026-05-26: 투자설명서(일괄신고) | 2026-05-26: 일괄신고추가서류 | 2026-05-15: [기재정정]일괄신고서 | 2026-05-15: 분기보고서 (2026.03),8
아주스틸,139990,0,OK,,,,2026-06-01: 기업지배구조보고서공시               | 2026-06-01: 대규모기업집단현황공시[연1회공시및1/4분기용(개별회사)] | 2026-05-15: 분기보고서 (2026.03) | 2026-05-13: 타인에대한채무보증결정               | 2026-05-07: 금전대여결정              ,5
미트박스,475460,0,OK,,,,2026-06-01: 임원ㆍ주요주주특정증권등소유상황보고서 | 2026-06-01: 임원ㆍ주요주주특정증권등소유상황보고서 | 2026-06-01: 임원ㆍ주요주주특정증권등소유상황보고서 | 2026-06-01: 임원ㆍ주요주주특정증권등소유상황보고서 | 2026-06-01: 임원ㆍ주요주주특정증권등소유상황보고서,13
두산로보틱스,454910,0,OK,,,,2026-06-01: 기업지배구조보고서공시               | 2026-05-29: 대규모기업집단현황공시[연1회공시및1/4분기용(개별회사)] | 2026-05-15: 분기보고서 (2026.03) | 2026-05-11: 기업설명회(IR)개최(안내공시)               | 2026-05-06: 기업설명회(IR)개최(안내공시)              ,5
아시아경제,127710,0,OK,,,,2026-05-15: 분기보고서 (2026.03) | 2026-05-13: 임원ㆍ주요주주특정증권등소유상황보고서 | 2026-05-04: 임원ㆍ주요주주특정증권등소유상황보고서,3
사조동아원,008040,0,OK,,,,2026-06-01: 기업지배구조보고서공시               | 2026-05-29: 대규모기업집단현황공시[연1회공시및1/4분기용(개별회사)] | 2026-05-20: 벌금등의부과               | 2026-05-15: 분기보고서 (2026.03),4
삼진제약,005500,0,OK,,,,2026-06-02: 주식등의대량보유상황보고서(일반) | 2026-06-01: 기업지배구조보고서공시               | 2026-05-28: [기재정정]주식등의대량보유상황보고서(약식) | 2026-05-22: 주식등의대량보유상황보고서(약식) | 2026-05-21: 임원ㆍ주요주주특정증권등소유상황보고서,7
테이팩스,055490,0,OK,,,,2026-06-01: 기업지배구조보고서공시               | 2026-05-29: 기업가치제고계획(자율공시)               | 2026-05-27: 대규모기업집단현황공시[연1회공시및1/4분기용(개별회사)] | 2026-05-18: 임원ㆍ주요주주특정증권등소유상황보고서 | 2026-05-18: 임원ㆍ주요주주특정증권등소유상황보고서,7
와토스코리아,079000,0,OK,,,,2026-05-15: 분기보고서 (2026.03) | 2026-05-11: 신탁계약해지결과보고서 | 2026-05-11: 자기주식취득결과보고서,3
서희건설,035890,0,OK,,,,2026-06-01: [기재정정]타인에대한채무보증결정               | 2026-05-21: 타인에대한채무보증결정               | 2026-05-15: 분기보고서 (2026.03),3
롯데이노베이트,286940,0,OK,,,,2026-06-01: 기업지배구조보고서공시               | 2026-05-29: 대규모기업집단현황공시[연1회공시및1/4분기용(개별회사)] | 2026-05-14: 분기보고서 (2026.03),3
브이원텍,251630,0,OK,,,,2026-05-15: 분기보고서 (2026.03) | 2026-05-11: 주식등의대량보유상황보고서(일반) | 2026-05-11: 임원ㆍ주요주주특정증권등소유상황보고서,3
종근당홀딩스,001630,0,OK,,,,2026-06-01: 기업지배구조보고서공시               | 2026-05-28: 최대주주등소유주식변동신고서               | 2026-05-28: 주식등의대량보유상황보고서(일반) | 2026-05-15: 분기보고서 (2026.03) | 2026-05-14: 투자판단관련주요경영사항(자회사의 주요경영사항)              (고혈압 치료제로 개발중인 CKD339의 식약처(MFDS) 제3상 임상시험 계획 승인 신청),5
레인보우로보틱스,277810,0,OK,,,,2026-05-21: 주주명부폐쇄기간또는기준일설정               | 2026-05-20: 주주총회소집결의              (임시주주총회) | 2026-05-15: 분기보고서 (2026.03),3
HLB,028300,0,OK,,,,2026-05-29: 주식등의대량보유상황보고서(약식) | 2026-05-29: 기업설명회(IR)개최               | 2026-05-18: 주식매수선택권부여에관한신고 | 2026-05-15: 분기보고서 (2026.03),4
프로젠,296160,0,OK,,,,2026-06-01: 기업설명회(IR)개최               | 2026-05-14: 임원ㆍ주요주주특정증권등소유상황보고서 | 2026-05-13: 임원ㆍ주요주주특정증권등소유상황보고서 | 2026-05-11: [기재정정]주식매수선택권부여에관한신고 | 2026-05-11: [기재정정]주식매수선택권부여에관한신고,6
원일티엔아이,136150,0,OK,,,,2026-05-27: 주주명부폐쇄기간또는기준일설정               | 2026-05-27: 주주총회소집결의              (임시주주총회) | 2026-05-15: 분기보고서 (2026.03) | 2026-05-08: 주식등의대량보유상황보고서(일반),4
제주반도체,080220,0,OK,,,,2026-06-02: 의결권대리행사권유참고서류 | 2026-06-02: 주주총회소집공고 | 2026-06-02: [첨부정정]주주총회소집결의               | 2026-05-22: 임원ㆍ주요주주특정증권등소유상황보고서 | 2026-05-22: 임원ㆍ주요주주특정증권등소유상황보고서,17
에이치피오,357230,0,OK,,,,2026-06-01: 자기주식취득결과보고서 | 2026-05-21: 기업설명회(IR)개최               | 2026-05-18: 주식등의대량보유상황보고서(일반) | 2026-05-15: 분기보고서 (2026.03) | 2026-05-12: 주식등의대량보유상황보고서(일반),5
우정바이오,215380,0,OK,,,,2026-06-01: 대규모기업집단현황공시[연1회공시및1/4분기용(개별회사)] | 2026-05-29: 주주총회소집결의               | 2026-05-29: 주주명부폐쇄기간또는기준일설정               | 2026-05-15: 분기보고서 (2026.03),4
인텍플러스,064290,0,OK,,,,2026-06-02: 주식등의대량보유상황보고서(일반) | 2026-05-15: 분기보고서 (2026.03) | 2026-05-15: 주식등의대량보유상황보고서(일반) | 2026-05-14: 소속부변경               | 2026-05-11: 주식매수선택권부여에관한신고,6
디티앤씨알오,383930,0,OK,,,,2026-05-18: [기재정정]분기보고서 (2026.03) | 2026-05-15: [기재정정]분기보고서 (2026.03) | 2026-05-15: 분기보고서 (2026.03),3
인디에프,014990,0,OK,,,,2026-06-01: 대규모기업집단현황공시[연1회공시및1/4분기용(개별회사)] | 2026-05-29: 기업지배구조보고서공시               | 2026-05-22: 임시주주총회결과               | 2026-05-15: 분기보고서 (2026.03) | 2026-05-07: 의결권대리행사권유참고서류,6
킵스파마,256940,0,OK,,,,2026-06-02: 기업설명회(IR)개최               | 2026-05-15: 분기보고서 (2026.03) | 2026-05-14: 임원ㆍ주요주주특정증권등소유상황보고서 | 2026-05-14: 주식등의대량보유상황보고서(일반),4
시큐레터,418250,0,OK,,,,2026-05-26: 기타시장안내              (개선계획 이행내역서 제출) | 2026-05-14: 분기보고서 (2026.03) | 2026-05-11: 주식등의대량보유상황보고서(약식) | 2026-05-11: 단기차입금감소결정(자율공시)               | 2026-05-08: 증권발행결과(자율공시)              (제1회차 CB),5
에이텀,355690,0,OK,,,,"2026-05-27: 전환가액의조정              (제5회차, 제6회차) | 2026-05-15: 분기보고서 (2026.03) | 2026-05-12: 주식등의대량보유상황보고서(일반) | 2026-05-12: 임원ㆍ주요주주특정증권등소유상황보고서",4
제노레이,122310,0,OK,,,,2026-05-27: 주식등의대량보유상황보고서(일반) | 2026-05-15: 분기보고서 (2026.03) | 2026-05-07: 기업설명회(IR)개최              ,3
쇼박스,086980,0,OK,,,,2026-06-02: [기재정정]대규모기업집단현황공시[연1회공시및1/4분기용(개별회사)] | 2026-06-01: 대규모기업집단현황공시[연1회공시및1/4분기용(개별회사)] | 2026-05-15: 분기보고서 (2026.03),3
한국쉘석유,002960,0,OK,,,,2026-05-29: 기업지배구조보고서공시               | 2026-05-15: [기재정정]분기보고서 (2026.03) | 2026-05-15: 분기보고서 (2026.03),3
우성,006980,0,OK,,,,2026-05-29: 기업지배구조보고서공시               | 2026-05-15: 분기보고서 (2026.03) | 2026-05-12: 최대주주등소유주식변동신고서              ,3
이지홀딩스,035810,0,OK,,,,2026-05-28: 임원ㆍ주요주주특정증권등소유상황보고서 | 2026-05-28: 주식등의대량보유상황보고서(일반) | 2026-05-15: 분기보고서 (2026.03),3
삼성카드,029780,0,OK,,,,2026-06-01: 대규모기업집단현황공시[연1회공시및1/4분기용(개별회사)] | 2026-05-28: 증권발행실적보고서 | 2026-05-27: 투자설명서(일괄신고) | 2026-05-27: 일괄신고추가서류 | 2026-05-27: 특수관계인과의수익증권거래,16
KT밀리의서재,418470,0,OK,,,,2026-05-29: 주식등의대량보유상황보고서(일반) | 2026-05-28: 임원ㆍ주요주주특정증권등소유상황보고서 | 2026-05-22: 대표이사변경               | 2026-05-22: 임시주주총회결과               | 2026-05-14: 분기보고서 (2026.03),8
다산디엠씨,208860,0,OK,,,,2026-05-15: 분기보고서 (2026.03) | 2026-05-15: 주식등의대량보유상황보고서(일반) | 2026-05-06: 단기차입금증가결정              ,3
엔바이오니아,317870,0,OK,,,,2026-05-22: 본점소재지변경               | 2026-05-22: 신규시설투자등               | 2026-05-14: 분기보고서 (2026.03) | 2026-05-07: 주식등의대량보유상황보고서(일반),4
HMM,011200,0,OK,,,,2026-06-01: 기업지배구조보고서공시               | 2026-06-01: 대규모기업집단현황공시[연1회공시및1/4분기용(대표회사)] | 2026-06-01: 대규모기업집단현황공시[연1회(동일인용)] | 2026-05-13: 분기보고서 (2026.03) | 2026-05-08: 임시주주총회결과              ,5
퓨쳐메디신,341170,0,OK,,,,2026-05-18: 기업설명회(IR)개최               | 2026-05-12: 대표이사변경               | 2026-05-12: 임시주주총회결과              ,3
온타이드,005320,0,OK,,,,2026-06-02: 주식등의대량보유상황보고서(일반) | 2026-05-29: 최대주주등소유주식변동신고서               | 2026-05-27: 기업지배구조보고서공시               | 2026-05-27: [기재정정]최대주주등소유주식변동신고서               | 2026-05-27: 최대주주등소유주식변동신고서              ,6
엠아이큐브솔루션,373170,0,OK,,,,2026-06-02: 주주명부폐쇄기간또는기준일설정               | 2026-06-02: 주주총회소집결의              (임시주주총회) | 2026-05-26: 주식매수선택권부여에관한신고 | 2026-05-15: 분기보고서 (2026.03),4
피에스케이,319660,0,OK,,,,2026-05-22: 주식등의대량보유상황보고서(일반) | 2026-05-19: 주식등의대량보유상황보고서(일반) | 2026-05-19: 임원ㆍ주요주주특정증권등소유상황보고서 | 2026-05-15: 분기보고서 (2026.03) | 2026-05-14: 주식등의대량보유상황보고서(일반),9
쓰리에이로직스,177900,0,OK,,,,2026-05-27: [기재정정]영업실적등에대한전망(공정공시)               | 2026-05-27: 기업설명회(IR)개최               | 2026-05-27: 영업실적등에대한전망(공정공시)               | 2026-05-14: 분기보고서 (2026.03) | 2026-05-07: 임시주주총회결과              ,5
HS효성첨단소재,298050,0,OK,,,,2026-06-02: 타인에대한채무보증결정               | 2026-06-02: 타인에대한채무보증결정               | 2026-06-01: 대규모기업집단현황공시[연1회공시및1/4분기용(개별회사)] | 2026-05-29: 기업지배구조보고서공시               | 2026-05-28: 최대주주등소유주식변동신고서              ,12
디아이티,110990,0,OK,,,,2026-05-15: 분기보고서 (2026.03) | 2026-05-08: 임원ㆍ주요주주특정증권등소유상황보고서 | 2026-05-04: 임원ㆍ주요주주특정증권등소유상황보고서,3
우리은행,000030,0,OK,,,,2026-06-02: 투자설명서(일괄신고) | 2026-06-02: 일괄신고추가서류 | 2026-06-01: 증권발행실적보고서 | 2026-05-29: 투자설명서(일괄신고) | 2026-05-29: 일괄신고추가서류,23
아미코젠,092040,0,OK,,,,2026-05-14: 분기보고서 (2026.03) | 2026-05-04: 주식등의대량보유상황보고서(일반) | 2026-05-04: 임원ㆍ주요주주특정증권등소유상황보고서,3
조흥,002600,0,OK,,,,2026-06-01: 기업지배구조보고서공시               | 2026-05-29: [기재정정]타법인주식및출자증권취득결정               | 2026-05-14: 분기보고서 (2026.03),3
캐리,313760,0,OK,,,,2026-06-01: [기재정정]파산신청기각               | 2026-05-21: 단기차입금감소결정(자율공시)               | 2026-05-21: 파산신청기각               | 2026-05-15: 분기보고서 (2026.03),4
아모텍,052710,0,OK,,,,2026-05-22: 증권신고서(지분증권) | 2026-05-22: 주요사항보고서(유무상증자결정) | 2026-05-15: 분기보고서 (2026.03) | 2026-05-14: 의결권대리행사권유참고서류 | 2026-05-14: 주주총회소집공고,5
신한글로벌액티브리츠,481850,0,OK,,,,2026-06-01: 기업지배구조보고서공시               | 2026-05-27: 기업설명회(IR)개최(안내공시)               | 2026-05-21: 정기주주총회결과               | 2026-05-18: 수시공시의무관련사항(공정공시)               | 2026-05-13: 사업보고서 (2026.02),9
한국가구,004590,0,OK,,,,2026-05-15: 분기보고서 (2026.03) | 2026-05-08: 임원ㆍ주요주주특정증권등소유상황보고서 | 2026-05-08: 임원ㆍ주요주주특정증권등소유상황보고서 | 2026-05-08: 주식등의대량보유상황보고서(일반),4
해성디에스,195870,0,OK,,,,2026-05-29: 기업지배구조보고서공시               | 2026-05-29: 임원ㆍ주요주주특정증권등소유상황보고서 | 2026-05-27: 임원ㆍ주요주주특정증권등소유상황보고서 | 2026-05-18: 기업설명회(IR)개최(안내공시)               | 2026-05-15: 분기보고서 (2026.03),5
마니커,027740,0,OK,,,,2026-05-29: 기업지배구조보고서공시               | 2026-05-28: 최대주주등소유주식변동신고서               | 2026-05-28: 임원ㆍ주요주주특정증권등소유상황보고서 | 2026-05-28: 주식등의대량보유상황보고서(일반) | 2026-05-27: 단기차입금증가결정              ,7
포스코퓨처엠,003670,0,OK,,,,2026-05-29: 기업지배구조보고서공시               | 2026-05-28: 대규모기업집단현황공시[연1회공시및1/4분기용(개별회사)] | 2026-05-15: 분기보고서 (2026.03) | 2026-05-12: 최대주주등소유주식변동신고서              ,4
포스코스틸리온,058430,0,OK,,,,2026-05-29: 기업지배구조보고서공시               | 2026-05-28: 대규모기업집단현황공시[연1회공시및1/4분기용(개별회사)] | 2026-05-14: 분기보고서 (2026.03) | 2026-05-06: 최대주주등소유주식변동신고서               | 2026-05-06: 임원ㆍ주요주주특정증권등소유상황보고서,7
와이제이링크,209640,0,OK,,,,2026-06-02: 주식등의대량보유상황보고서(일반) | 2026-05-14: 분기보고서 (2026.03) | 2026-05-07: 증권발행결과(자율공시)              (제6회차 CB),3
LS에코에너지,229640,0,OK,,,,2026-06-01: 대규모기업집단현황공시[연1회공시및1/4분기용(개별회사)] | 2026-05-29: 기업지배구조보고서공시               | 2026-05-15: 분기보고서 (2026.03) | 2026-05-08: 최대주주등소유주식변동신고서               | 2026-05-08: 임원ㆍ주요주주특정증권등소유상황보고서,5
우리금융지주,316140,0,OK,,,,2026-05-29: 증권발행실적보고서 | 2026-05-28: 투자설명서(일괄신고) | 2026-05-28: 일괄신고추가서류 | 2026-05-26: 정정신고서제출요구( 2026.05.14. 제출 증권신고서(주식의포괄적교환ㆍ이전) ) | 2026-05-22: 증권발행실적보고서,18
제이에스코퍼레이션,194370,0,OK,,,,2026-05-28: 타인에대한채무보증결정(자율공시)               | 2026-05-28: 타인에대한채무보증결정(자율공시)               | 2026-05-28: 기업지배구조보고서공시               | 2026-05-15: 분기보고서 (2026.03),4
코리아써키트,007810,0,OK,,,,2026-06-01: 기업지배구조보고서공시               | 2026-06-01: 대규모기업집단현황공시[연1회공시및1/4분기용(개별회사)] | 2026-05-15: 분기보고서 (2026.03),3
제일테크노스,038010,0,OK,,,,2026-05-29: 주주총회소집결의              (임시주주총회) | 2026-05-29: 주주명부폐쇄기간또는기준일설정               | 2026-05-15: 분기보고서 (2026.03),3
혜인,003010,0,OK,,,,2026-05-29: [기재정정]기업지배구조보고서공시               | 2026-05-29: [첨부추가]기업지배구조보고서공시               | 2026-05-15: 분기보고서 (2026.03),3
NEW,160550,0,OK,,,,2026-05-15: 분기보고서 (2026.03) | 2026-05-07: 주식등의대량보유상황보고서(약식) | 2026-05-06: [기재정정]전환가액의조정               | 2026-05-06: 전환가액의조정              ,4
큐브엔터,182360,0,OK,,,,2026-05-29: 주식등의대량보유상황보고서(일반) | 2026-05-15: 분기보고서 (2026.03) | 2026-05-13: 전환가액의조정               | 2026-05-12: 주식등의대량보유상황보고서(일반),4
이구산업,025820,0,OK,,,,2026-06-01: 기업지배구조보고서공시               | 2026-05-15: 분기보고서 (2026.03) | 2026-05-13: 단기차입금증가결정              ,3
삼양식품,003230,0,OK,,,,2026-06-01: 임원ㆍ주요주주특정증권등소유상황보고서 | 2026-06-01: 주식등의대량보유상황보고서(약식) | 2026-05-29: 기업지배구조보고서공시               | 2026-05-15: 기업설명회(IR)개최(안내공시)               | 2026-05-15: 주식등의대량보유상황보고서(일반),7
아이비김영,339950,0,OK,,,,2026-05-14: 분기보고서 (2026.03) | 2026-05-08: 주식등의대량보유상황보고서(일반) | 2026-05-04: [기재정정]주식매수선택권부여에관한신고,3
서호전기,065710,0,OK,,,,2026-05-28: 임시주주총회결과               | 2026-05-15: 분기보고서 (2026.03) | 2026-05-08: 의결권대리행사권유참고서류 | 2026-05-08: 주주총회소집공고 | 2026-05-07: 주주총회소집결의              (임시주주총회),5
유화증권,003460,0,OK,,,,2026-06-01: 기업지배구조보고서공시               | 2026-05-15: [기재정정]분기보고서 (2026.03) | 2026-05-15: 분기보고서 (2026.03),3
한탑,002680,0,OK,,,,2026-05-21: 임시주주총회결과               | 2026-05-20: [기재정정]의결권대리행사권유참고서류 | 2026-05-20: [기재정정]주주총회소집공고 | 2026-05-20: [첨부정정]주식병합결정               | 2026-05-20: [기재정정]주식병합결정              ,9
대한제당,001790,0,OK,,,,2026-05-29: 기업지배구조보고서공시               | 2026-05-15: 분기보고서 (2026.03) | 2026-05-12: [기재정정]벌금등의부과               | 2026-05-12: 기업가치제고계획(자율공시)              ,4
한중엔시에스,107640,0,OK,,,,2026-06-02: 주주총회소집결의              (임시주주총회) | 2026-06-02: 주주명부폐쇄기간또는기준일설정               | 2026-05-21: 주식등의대량보유상황보고서(일반) | 2026-05-14: 분기보고서 (2026.03) | 2026-05-08: 주식등의대량보유상황보고서(약식),5
한국미라클피플사,331660,0,OK,,,,2026-06-01: 기업설명회(IR)개최               | 2026-05-12: 임원ㆍ주요주주특정증권등소유상황보고서 | 2026-05-12: 주식등의대량보유상황보고서(일반) | 2026-05-12: [기재정정]주식등의대량보유상황보고서(일반) | 2026-05-12: 임원ㆍ주요주주특정증권등소유상황보고서,7
인팩,023810,0,OK,,,,2026-06-01: 기업지배구조보고서공시               | 2026-05-29: 금전대여결정               | 2026-05-15: [기재정정]타인에대한채무보증결정               | 2026-05-15: [기재정정]타인에대한채무보증결정               | 2026-05-15: 타인에대한채무보증결정              ,7
피에이치에이,043370,0,OK,,,,2026-05-15: 분기보고서 (2026.03) | 2026-05-11: 임원ㆍ주요주주특정증권등거래계획보고서 | 2026-05-11: 임원ㆍ주요주주특정증권등거래계획보고서,3
지니언스,263860,0,OK,,,,2026-05-27: 주식등의대량보유상황보고서(일반) | 2026-05-15: 분기보고서 (2026.03) | 2026-05-11: 기업설명회(IR)개최              ,3
한울소재과학,091440,0,OK,,,,2026-05-28: [기재정정]주주총회소집결의               | 2026-05-21: [기재정정]신주인수권행사               | 2026-05-15: 분기보고서 (2026.03) | 2026-05-11: 신주인수권행사              (제1회차) | 2026-05-11: [기재정정]타법인주식및출자증권취득결정(자율공시)(종속회사의주요경영사항)              ,7
가온칩스,399720,0,OK,,,,2026-05-28: 주식등의대량보유상황보고서(일반) | 2026-05-15: 분기보고서 (2026.03) | 2026-05-06: 주식등의대량보유상황보고서(일반) | 2026-05-06: 임원ㆍ주요주주특정증권등소유상황보고서 | 2026-05-06: 임원ㆍ주요주주특정증권등소유상황보고서,5
상아프론테크,089980,0,OK,,,,2026-05-15: 분기보고서 (2026.03) | 2026-05-14: 주식등의대량보유상황보고서(약식) | 2026-05-11: 전환사채(해외전환사채포함)발행후만기전사채취득               | 2026-05-07: 증권발행결과(자율공시)              ,4
헝셩그룹,900270,0,OK,,,,2026-06-01: 분기보고서 (2026.03) | 2026-06-01: 주주총회소집결의              (임시주주총회) | 2026-06-01: 주식병합결정               | 2026-06-01: 주주명부폐쇄기간또는기준일설정               | 2026-05-26: 전환가액의조정              (제4회차),5
영화테크,265560,0,OK,,,,2026-05-15: 분기보고서 (2026.03) | 2026-05-13: [기재정정]증권발행결과(자율공시)               | 2026-05-13: 증권발행결과(자율공시)              ,3
진성티이씨,036890,0,OK,,,,2026-05-19: 교환청구권행사               | 2026-05-15: 분기보고서 (2026.03) | 2026-05-08: 교환청구권행사              ,3
ESR켄달스퀘어리츠,365550,0,OK,,,,2026-05-29: 기업지배구조보고서공시               | 2026-05-28: 임원ㆍ주요주주특정증권등소유상황보고서 | 2026-05-27: 기업설명회(IR)개최(안내공시)               | 2026-05-21: 임원ㆍ주요주주특정증권등소유상황보고서 | 2026-05-15: 주주명부폐쇄기간또는기준일설정              ,9
에스제이그룹,306040,0,OK,,,,2026-05-28: 임시주주총회결과               | 2026-05-14: 분기보고서 (2026.03) | 2026-05-13: 주주총회소집공고 | 2026-05-13: [기재정정]주주총회소집결의              (임시주주총회),4
성신양회,004980,0,OK,,,,2026-05-28: 기업지배구조보고서공시               | 2026-05-15: 분기보고서 (2026.03) | 2026-05-11: 주식등의대량보유상황보고서(약식),3
오리온홀딩스,001800,0,OK,,,,2026-06-01: [기재정정]대규모기업집단현황공시[연1회공시및1/4분기용(대표회사)] | 2026-06-01: 기업지배구조보고서공시               | 2026-06-01: 대규모기업집단현황공시[연1회공시및1/4분기용(대표회사)] | 2026-06-01: 대규모기업집단현황공시[연1회(동일인용)] | 2026-05-19: 특수관계인에대한부동산임대,6
아이컴포넌트,059100,0,OK,,,,2026-05-22: 임원ㆍ주요주주특정증권등소유상황보고서 | 2026-05-14: 주주총회소집결의              (임시주주총회) | 2026-05-14: 주주명부폐쇄기간또는기준일설정               | 2026-05-11: 분기보고서 (2026.03),4
두산밥캣,241560,0,OK,,,,2026-05-29: 대규모기업집단현황공시[연1회공시및1/4분기용(개별회사)] | 2026-05-28: 기업지배구조보고서공시               | 2026-05-21: 해산사유발생(자회사의 주요경영사항)               | 2026-05-14: 분기보고서 (2026.03) | 2026-05-08: 주식등의대량보유상황보고서(약식),5
파워넷,037030,0,OK,,,,2026-05-27: 주주총회소집결의              (임시주주총회) | 2026-05-27: 주주명부폐쇄기간또는기준일설정               | 2026-05-15: 분기보고서 (2026.03),3
휴메딕스,200670,0,OK,,,,2026-06-02: 기업설명회(IR)개최               | 2026-05-15: 분기보고서 (2026.03) | 2026-05-12: 현금ㆍ현물배당결정               | 2026-05-12: 중간(분기)배당을위한주주명부폐쇄(기준일)결정              ,4
휴스틸,005010,0,OK,,,,2026-06-02: [기재정정]사업보고서 (2025.12) | 2026-05-29: 기업지배구조보고서공시               | 2026-05-15: 분기보고서 (2026.03),3
GST,083450,0,OK,,,,2026-05-21: 임원ㆍ주요주주특정증권등소유상황보고서 | 2026-05-21: 주식등의대량보유상황보고서(일반) | 2026-05-18: 임시주주총회결과               | 2026-05-11: 주식등의대량보유상황보고서(약식) | 2026-05-11: 분기보고서 (2026.03),5
동구바이오제약,006620,0,OK,,,,2026-05-26: 주식등의대량보유상황보고서(일반) | 2026-05-15: 분기보고서 (2026.03) | 2026-05-13: 주식등의대량보유상황보고서(일반),3
대한약품,023910,0,OK,,,,2026-05-28: 주식등의대량보유상황보고서(일반) | 2026-05-28: 임원ㆍ주요주주특정증권등소유상황보고서 | 2026-05-22: 임원ㆍ주요주주특정증권등소유상황보고서 | 2026-05-15: 분기보고서 (2026.03),4
코오롱티슈진,950160,0,OK,,,,2026-05-15: 파생상품거래손실발생               | 2026-05-15: 임원ㆍ주요주주특정증권등소유상황보고서 | 2026-05-15: 분기보고서 (2026.03),3
SK디스커버리,006120,0,OK,,,,2026-05-29: 대규모기업집단현황공시[연1회공시및1/4분기용(개별회사)] | 2026-05-29: 기업지배구조보고서공시               | 2026-05-29: [기재정정]타법인주식및출자증권처분결정(자회사의 주요경영사항)               | 2026-05-29: [기재정정]주요사항보고서(타법인주식및출자증권양도결정)(자회사의 주요경영사항)               | 2026-05-22: [기재정정]타인에대한채무보증결정(자회사의 주요경영사항)              ,9
에스엘,005850,0,OK,,,,2026-06-01: 기업지배구조보고서공시               | 2026-05-15: [기재정정]분기보고서 (2026.03) | 2026-05-15: 분기보고서 (2026.03),3
유진기업,023410,0,OK,,,,2026-05-29: 대규모기업집단현황공시[연1회(동일인용)] | 2026-05-29: 대규모기업집단현황공시[연1회공시및1/4분기용(대표회사)] | 2026-05-15: 분기보고서 (2026.03),3
한국알콜,017890,0,OK,,,,2026-05-14: 기업설명회(IR)개최               | 2026-05-14: 분기보고서 (2026.03) | 2026-05-12: 주식등의대량보유상황보고서(약식),3
온코닉테라퓨틱스,476060,0,OK,,,,2026-06-02: 투자판단관련주요경영사항(임상시험계획변경승인)              (자큐보구강붕해정(JLP-2302)의 비위관투여 시 약동학 및 안전성 비교 평가를 위한 제1상 임상시험계획승인(변경승인)) | 2026-06-01: 투자판단관련주요경영사항(임상시험계획변경승인신청)              (자큐보정(JP-1366)(자스타프라잔시트르산염) 기반 삼제요법의 헬리코박터 파일로리 양성 환자 대상 유효성 및 안전성 평가를 위한 제3상 임상시험계획승인(변경승인) 신청) | 2026-05-11: 투자판단관련주요경영사항(임상시험계획변경승인신청)              (자큐보구강붕해정(JLP2302)(자스타프라잔시트르산염)의 비위관투여 시 약동학 및 안전성 비교평가를 위한 제1상 임상시험계획승인(변경승인)신청) | 2026-05-11: 분기보고서 (2026.03) | 2026-05-06: 임원ㆍ주요주주특정증권등소유상황보고서,5
샘표식품,248170,0,OK,,,,2026-05-29: 기업지배구조보고서공시               | 2026-05-15: 분기보고서 (2026.03) | 2026-05-15: [기재정정]사업보고서 (2025.12),3
선진,136490,0,OK,,,,2026-05-29: 기업지배구조보고서공시               | 2026-05-29: 대규모기업집단현황공시[연1회공시및1/4분기용(개별회사)] | 2026-05-13: 분기보고서 (2026.03) | 2026-05-07: 주식등의대량보유상황보고서(일반),4
한국맥널티,222980,0,OK,,,,2026-05-19: 자산재평가결과(자율공시)               | 2026-05-15: 분기보고서 (2026.03) | 2026-05-14: 자산재평가실시결정(자율공시)              ,3
하이젠알앤엠,160190,0,OK,,,,2026-06-02: 주식등의대량보유상황보고서(일반) | 2026-06-01: 주식등의대량보유상황보고서(일반) | 2026-06-01: 임원ㆍ주요주주특정증권등소유상황보고서 | 2026-05-29: 임원ㆍ주요주주특정증권등거래계획철회보고서 | 2026-05-22: 주식등의대량보유상황보고서(일반),10
진양홀딩스,100250,0,OK,,,,2026-06-01: 기업지배구조보고서공시               | 2026-05-15: [기재정정]분기보고서 (2026.03) | 2026-05-15: 분기보고서 (2026.03),3
한독,002390,0,OK,,,,2026-06-02: 최대주주등소유주식변동신고서               | 2026-06-01: 기업지배구조보고서공시               | 2026-06-01: 최대주주등소유주식변동신고서               | 2026-05-19: 임원ㆍ주요주주특정증권등소유상황보고서 | 2026-05-14: 분기보고서 (2026.03),8
유나이티드,033270,0,OK,,,,2026-06-02: 주식등의대량보유상황보고서(일반) | 2026-06-02: 최대주주등소유주식변동신고서               | 2026-05-29: 기업지배구조보고서공시               | 2026-05-29: 소송등의판결ㆍ결정(일정금액이상의청구)               | 2026-05-14: 분기보고서 (2026.03),5
신신제약,002800,0,OK,,,,2026-05-22: 투자판단관련주요경영사항(임상시험계획자진취하등)              (불면증 환자의 단기치료제 SS262의 제1상 임상시험 조기종료) | 2026-05-22: 투자판단관련주요경영사항(임상시험계획자진취하등)              (과민성 방광 치료제 UIP620의 제3상 임상시험 조기종료) | 2026-05-15: 분기보고서 (2026.03),3
삼성제약,001360,0,OK,,,,2026-06-01: 기업지배구조보고서공시               | 2026-05-15: 분기보고서 (2026.03) | 2026-05-08: 소송등의판결ㆍ결정(일정금액이상의청구)              ,3
부광약품,003000,0,OK,,,,2026-06-02: 투자판단관련주요경영사항              ((라투다정의 추가 적응증 3상 임상시험계획(IND) 승인) | 2026-06-01: 기업지배구조보고서공시               | 2026-05-29: 대규모기업집단현황공시[연1회공시및1/4분기용(개별회사)] | 2026-05-14: 분기보고서 (2026.03) | 2026-05-13: [기재정정]타법인주식및출자증권취득결정              ,5
동원개발,013120,0,OK,,,,2026-05-15: 분기보고서 (2026.03) | 2026-05-13: 임원ㆍ주요주주특정증권등소유상황보고서 | 2026-05-13: 주식등의대량보유상황보고서(일반) | 2026-05-06: 임원ㆍ주요주주특정증권등소유상황보고서 | 2026-05-06: 주식등의대량보유상황보고서(일반),5
대한광통신,010170,0,OK,,,,2026-05-22: 임원ㆍ주요주주특정증권등거래계획보고서 | 2026-05-22: 임원ㆍ주요주주특정증권등거래계획보고서 | 2026-05-15: 분기보고서 (2026.03),3
한화갤러리아,452260,0,OK,,,,2026-06-01: 기업지배구조보고서공시               | 2026-05-29: 대규모기업집단현황공시[연1회공시및1/4분기용(개별회사)] | 2026-05-14: [기재정정]분기보고서 (2026.03) | 2026-05-14: 분기보고서 (2026.03),4
지오엘리먼트,311320,0,OK,,,,"2026-06-01: 주식매수선택권부여에관한신고 | 2026-06-01: 사외이사의선임ㆍ해임또는중도퇴임에관한신고 | 2026-06-01: 임시주주총회결과               | 2026-05-13: [기재정정]주주총회소집결의               | 2026-05-13: 수시공시의무관련사항(공정공시)              (2026년(제22기) 사업연도 중간배당(분기배당, 현금배당) 계획)",9
모두투어,080160,0,OK,,,,2026-05-28: 임원ㆍ주요주주특정증권등소유상황보고서 | 2026-05-28: 임원ㆍ주요주주특정증권등소유상황보고서 | 2026-05-28: 임원ㆍ주요주주특정증권등소유상황보고서 | 2026-05-28: 임원ㆍ주요주주특정증권등소유상황보고서 | 2026-05-15: 분기보고서 (2026.03),5
와이씨켐,112290,0,OK,,,,2026-05-15: 분기보고서 (2026.03) | 2026-05-07: 임원ㆍ주요주주특정증권등소유상황보고서 | 2026-05-07: 임원ㆍ주요주주특정증권등소유상황보고서,3
롯데리츠,330590,0,OK,,,,2026-05-29: 기업지배구조보고서공시               | 2026-05-29: 대규모기업집단현황공시[연1회공시및1/4분기용(개별회사)] | 2026-05-28: 임원ㆍ주요주주특정증권등소유상황보고서 | 2026-05-21: 임원ㆍ주요주주특정증권등소유상황보고서 | 2026-05-14: 임원ㆍ주요주주특정증권등소유상황보고서,8
한솔로지스틱스,009180,0,OK,,,,2026-05-29: 기업지배구조보고서공시               | 2026-05-27: 대규모기업집단현황공시[연1회공시및1/4분기용(개별회사)] | 2026-05-14: 분기보고서 (2026.03) | 2026-05-06: 현금ㆍ현물배당결정               | 2026-05-06: 현금ㆍ현물배당을위한주주명부폐쇄(기준일)결정              ,5
SCL사이언스,246960,0,OK,,,,2026-05-27: 임원ㆍ주요주주특정증권등소유상황보고서 | 2026-05-15: [기재정정]사업보고서 (2025.12) | 2026-05-15: 분기보고서 (2026.03) | 2026-05-07: 주식등의대량보유상황보고서(일반),4
기신정기,092440,0,OK,,,,2026-06-01: 주주총회소집공고 | 2026-05-29: 기업지배구조보고서공시               | 2026-05-21: 주주총회소집결의               | 2026-05-21: 현금ㆍ현물배당결정               | 2026-05-12: 매출액또는손익구조30%(대규모법인은15%)이상변경              ,5
한창제지,009460,0,OK,,,,2026-06-02: 임원ㆍ주요주주특정증권등거래계획보고서 | 2026-06-02: 임원ㆍ주요주주특정증권등거래계획철회보고서 | 2026-05-29: 기업지배구조보고서공시               | 2026-05-27: 주식등의대량보유상황보고서(일반) | 2026-05-18: 임원ㆍ주요주주특정증권등거래계획보고서,12
알티캐스트,085810,0,OK,,,,2026-05-15: 분기보고서 (2026.03) | 2026-05-07: 임원ㆍ주요주주특정증권등소유상황보고서 | 2026-05-07: 주식등의대량보유상황보고서(약식) | 2026-05-07: 임원ㆍ주요주주특정증권등소유상황보고서 | 2026-05-07: 주식등의대량보유상황보고서(일반),5
이엠티,232530,0,OK,,,,2026-06-01: 기업설명회(IR)개최               | 2026-05-29: 주주총회소집결의               | 2026-05-29: 주주총회소집결의              ,3
이니텍,053350,0,OK,,,,2026-05-29: [기재정정]주주총회소집결의              (임시주주총회) | 2026-05-19: 불성실공시법인미지정              (지정유예) | 2026-05-15: 분기보고서 (2026.03),3
HS효성,487570,0,OK,,,,2026-06-02: 타인에대한채무보증결정(자회사의 주요경영사항)               | 2026-06-02: 타인에대한채무보증결정(자회사의 주요경영사항)               | 2026-05-29: 대규모기업집단현황공시[연1회공시및1/4분기용(개별회사)] | 2026-05-29: 기업지배구조보고서공시               | 2026-05-28: 최대주주등소유주식변동신고서              ,10
올리패스,244460,0,OK,,,,2026-06-01: [기재정정]투자판단관련주요경영사항              (신약 공동연구개발 연구개발비 수령) | 2026-06-01: [기재정정]투자판단관련주요경영사항              (신약 공동연구개발 연구개발비 수령) | 2026-06-01: [기재정정]투자판단관련주요경영사항              (신약 공동연구개발 연구개발비 수령) | 2026-06-01: [기재정정]투자판단관련주요경영사항              (OliPass PNA 플랫폼 기술 기반 희귀질환 치료제 및 면역항암제 관련 치료제 개발을 위한 Vanda 제약과 신약 공동연구개발 계약 체결) | 2026-05-15: 분기보고서 (2026.03),10
한국캐피탈,023760,0,OK,,,,2026-05-27: 증권발행실적보고서 | 2026-05-26: 투자설명서(일괄신고) | 2026-05-26: 일괄신고추가서류 | 2026-05-22: 주주총회소집결의              (임시주주총회) | 2026-05-22: 주주명부폐쇄기간또는기준일설정              ,13
에코프로비엠,247540,0,OK,,,,2026-06-02: 기업설명회(IR)개최               | 2026-05-29: 대규모기업집단현황공시[연1회공시및1/4분기용(개별회사)] | 2026-05-26: 기업설명회(IR)개최               | 2026-05-21: 기업설명회(IR)개최               | 2026-05-20: 주식등의대량보유상황보고서(일반),7
더라미,032860,0,OK,,,,2026-06-01: 주주명부폐쇄기간또는기준일설정               | 2026-06-01: 주주총회소집결의              (임시주주총회) | 2026-06-01: 주식병합결정               | 2026-05-15: 분기보고서 (2026.03),4
한솔홈데코,025750,0,OK,,,,2026-06-01: 기업지배구조보고서공시               | 2026-05-27: 대규모기업집단현황공시[연1회공시및1/4분기용(개별회사)] | 2026-05-21: 주식등의대량보유상황보고서(일반) | 2026-05-19: [기재정정]지급수단별ㆍ지급기간별지급금액및분쟁조정기구에관한사항 | 2026-05-18: 최대주주등소유주식변동신고서              ,8
SNT모티브,064960,0,OK,,,,2026-05-29: 기업지배구조보고서공시               | 2026-05-12: 분기보고서 (2026.03) | 2026-05-12: 현금ㆍ현물배당결정              ,3
대동기어,008830,0,OK,,,,2026-05-28: 임원ㆍ주요주주특정증권등거래계획보고서 | 2026-05-22: [기재정정]증권신고서(지분증권) | 2026-05-22: [기재정정]증권신고서(지분증권) | 2026-05-21: 정정신고서제출요구( 2026.05.08. 제출 증권신고서(지분증권) ) | 2026-05-15: 기업설명회(IR)개최              ,9
제주은행,006220,0,OK,,,,2026-05-26: 증권발행실적보고서 | 2026-05-22: 투자설명서(일괄신고) | 2026-05-22: 일괄신고추가서류 | 2026-05-22: 임원ㆍ주요주주특정증권등소유상황보고서 | 2026-05-20: 기타안내사항(안내공시)              ,10
조아제약,034940,0,OK,,,,2026-05-22: 주주명부폐쇄기간또는기준일설정               | 2026-05-22: 주주총회소집결의               | 2026-05-22: 주식병합결정               | 2026-05-15: 분기보고서 (2026.03),4
바이넥스,053030,0,OK,,,,2026-05-22: 임원ㆍ주요주주특정증권등소유상황보고서 | 2026-05-22: 주식등의대량보유상황보고서(일반) | 2026-05-15: 분기보고서 (2026.03) | 2026-05-07: 주식등의대량보유상황보고서(약식),4
대화제약,067080,0,OK,,,,2026-05-28: 임원ㆍ주요주주특정증권등소유상황보고서 | 2026-05-28: 임원ㆍ주요주주특정증권등소유상황보고서 | 2026-05-15: 분기보고서 (2026.03) | 2026-05-14: 임원ㆍ주요주주특정증권등소유상황보고서 | 2026-05-13: 투자판단관련주요경영사항              (리포락셀액(파클리탁셀)의 품목허가사항 변경허가 승인(유방암 신규 적응증 추가 허가 승인)),5
환인제약,016580,0,OK,,,,2026-05-29: 기업지배구조보고서공시               | 2026-05-13: 분기보고서 (2026.03) | 2026-05-11: 주식등의대량보유상황보고서(일반),3
플레이그램,009810,0,OK,,,,2026-06-01: 기업지배구조보고서공시               | 2026-05-15: 분기보고서 (2026.03) | 2026-05-08: 임원ㆍ주요주주특정증권등소유상황보고서 | 2026-05-08: 임원ㆍ주요주주특정증권등소유상황보고서 | 2026-05-08: [기재정정]전환가액ㆍ신주인수권행사가액ㆍ교환가액의조정(안내공시)              ,7
에이비프로바이오,195990,0,OK,,,,2026-05-27: [기재정정]의결권대리행사권유참고서류 | 2026-05-27: [기재정정]주주총회소집공고 | 2026-05-27: [기재정정]주주총회소집결의              (임시주주총회) | 2026-05-27: [기재정정]주식병합결정               | 2026-05-20: 의결권대리행사권유참고서류,9
네오리진,094860,0,OK,,,,2026-05-29: 기타주요경영사항              (타법인 주식 및 출자증권 취득결정 철회) | 2026-05-29: [기재정정]타법인주식및출자증권취득결정              (철회) | 2026-05-21: 기타시장안내(최대주주의의무보유관련)              (최대주주의 의무보유 이행 관련) | 2026-05-18: 금전대여결정               | 2026-05-15: 분기보고서 (2026.03),6
스맥,099440,0,OK,,,,2026-05-20: 주식등의대량보유상황보고서(일반) | 2026-05-15: 분기보고서 (2026.03) | 2026-05-11: 주식등의대량보유상황보고서(일반),3
HK이노엔,195940,0,OK,,,,2026-06-01: 대규모기업집단현황공시[연1회공시및1/4분기용(개별회사)] | 2026-05-21: 신규시설투자등               | 2026-05-14: 분기보고서 (2026.03) | 2026-05-13: 투자판단관련주요경영사항(임상시험계획승인신청등결정)              (경증에서 중등증 아토피 피부염 치료 후보물질 IN-115314 임상 1b상 임상시험계획(IND)  미국 식품의약국(FDA) 승인),4
종근당,185750,0,OK,,,,2026-06-01: 주식등의대량보유상황보고서(약식) | 2026-06-01: 기업지배구조보고서공시               | 2026-05-15: 분기보고서 (2026.03) | 2026-05-14: 투자판단관련주요경영사항              (고혈압 치료제로 개발중인 CKD339의 식약처(MFDS) 제3상 임상시험 계획 승인 신청),4
LG이노텍,011070,0,OK,,,,2026-06-01: 대규모기업집단현황공시[연1회공시및1/4분기용(개별회사)] | 2026-06-01: 기업지배구조보고서공시               | 2026-05-15: [기재정정]분기보고서 (2026.03) | 2026-05-14: 분기보고서 (2026.03) | 2026-05-11: 기업설명회(IR)개최(안내공시)              ,5
아남전자,008700,0,OK,,,,2026-05-29: 기업지배구조보고서공시               | 2026-05-28: 주요사항보고서(자기주식취득신탁계약체결결정) | 2026-05-15: 분기보고서 (2026.03),3
삼현,437730,0,OK,,,,2026-05-29: 주주명부폐쇄기간또는기준일설정               | 2026-05-29: 주주총회소집결의              (임시주주총회) | 2026-05-15: 분기보고서 (2026.03),3
바른손이앤에이,035620,0,OK,,,,2026-06-01: [기재정정]주식등의대량보유상황보고서(일반) | 2026-06-01: 주식등의대량보유상황보고서(일반) | 2026-05-20: 임원ㆍ주요주주특정증권등소유상황보고서 | 2026-05-15: 분기보고서 (2026.03),4
시그네틱스,033170,0,OK,,,,2026-06-01: 대규모기업집단현황공시[연1회공시및1/4분기용(개별회사)] | 2026-05-26: 주주명부폐쇄기간또는기준일설정               | 2026-05-26: 주주총회소집결의              (임시주주총회) | 2026-05-26: 주식병합결정               | 2026-05-15: 분기보고서 (2026.03),5
영풍,000670,0,OK,,,,2026-06-01: 대규모기업집단현황공시[연1회(동일인용)] | 2026-06-01: 대규모기업집단현황공시[연1회공시및1/4분기용(대표회사)] | 2026-05-29: 기업지배구조보고서공시               | 2026-05-27: 임원ㆍ주요주주특정증권등소유상황보고서 | 2026-05-27: 임원ㆍ주요주주특정증권등소유상황보고서,8
케이쓰리아이,431190,0,OK,,,,2026-05-27: [기재정정]주식매수선택권부여에관한신고 | 2026-05-27: [기재정정]주식매수선택권부여에관한신고 | 2026-05-15: 분기보고서 (2026.03),3
성일하이텍,365340,0,OK,,,,2026-06-02: [기재정정]사업보고서 (2025.12) | 2026-05-18: 기업설명회(IR)개최               | 2026-05-15: 파생상품거래손실발생               | 2026-05-15: [첨부정정]금전대여결정               | 2026-05-15: 분기보고서 (2026.03),12
에너토크,019990,0,OK,,,,2026-05-22: 임원ㆍ주요주주특정증권등소유상황보고서 | 2026-05-14: 분기보고서 (2026.03) | 2026-05-08: [기재정정]주식매수선택권부여에관한신고,3
하이트진로홀딩스,000140,0,OK,,,,2026-06-01: 대규모기업집단현황공시[연1회(동일인용)] | 2026-06-01: 대규모기업집단현황공시[연1회공시및1/4분기용(대표회사)] | 2026-06-01: 기업지배구조보고서공시               | 2026-05-15: 분기보고서 (2026.03),4
신한서부티엔디리츠,404990,0,OK,,,,2026-06-01: 기업지배구조보고서공시               | 2026-05-28: 임원ㆍ주요주주특정증권등소유상황보고서 | 2026-05-21: 임원ㆍ주요주주특정증권등소유상황보고서 | 2026-05-20: 기업설명회(IR)개최(안내공시)               | 2026-05-15: 반기보고서 (2026.03),8
에어레인,163280,0,OK,,,,2026-06-01: 주식등의대량보유상황보고서(일반) | 2026-06-01: 임원ㆍ주요주주특정증권등소유상황보고서 | 2026-06-01: 임원ㆍ주요주주특정증권등소유상황보고서 | 2026-05-29: [기재정정]주요사항보고서(유형자산양도결정) | 2026-05-15: 분기보고서 (2026.03),5
현대차증권,001500,0,OK,,,,2026-06-02: 투자설명서(일괄신고) | 2026-06-02: 일괄신고추가서류(기타파생결합사채) | 2026-06-02: 투자설명서(일괄신고) | 2026-06-02: 투자설명서(일괄신고) | 2026-06-02: 투자설명서(일괄신고),36
시너지이노베이션,048870,0,OK,,,,2026-05-21: 주식등의대량보유상황보고서(일반) | 2026-05-20: 기업설명회(IR)개최               | 2026-05-15: 분기보고서 (2026.03),3
누리플렉스,040160,0,OK,,,,2026-05-15: 분기보고서 (2026.03) | 2026-05-13: 주식등의대량보유상황보고서(일반) | 2026-05-13: 임원ㆍ주요주주특정증권등소유상황보고서,3
서울도시가스,017390,0,OK,,,,2026-05-29: 기업지배구조보고서공시               | 2026-05-15: 최대주주등소유주식변동신고서               | 2026-05-15: 분기보고서 (2026.03),3
현대비앤지스틸,004560,0,OK,,,,2026-06-01: 기업지배구조보고서공시               | 2026-05-29: 대규모기업집단현황공시[연1회공시및1/4분기용(개별회사)] | 2026-05-15: 분기보고서 (2026.03),3
서원,021050,0,OK,,,,2026-06-01: [기재정정]사업보고서 (2025.12) | 2026-06-01: 기업지배구조보고서공시               | 2026-05-15: 분기보고서 (2026.03),3
토니모리,214420,0,OK,,,,2026-05-29: 기업지배구조보고서공시               | 2026-05-19: [기재정정]분기보고서 (2026.03) | 2026-05-15: 분기보고서 (2026.03),3
아이윈,090150,0,OK,,,,2026-05-26: 전환사채(해외전환사채포함)발행후만기전사채취득               | 2026-05-15: 분기보고서 (2026.03) | 2026-05-14: 단기차입금증가결정               | 2026-05-13: [기재정정]주주총회소집결의              (임시주주총회) | 2026-05-13: 주식병합결정              ,9
세진중공업,075580,0,OK,,,,2026-05-29: 기업지배구조보고서공시               | 2026-05-18: [기재정정]분기보고서 (2026.03) | 2026-05-15: 분기보고서 (2026.03),3
카나프테라퓨틱스,0082N0,0,OK,,,,2026-05-28: 주식매수선택권부여에관한신고 | 2026-05-22: 임원ㆍ주요주주특정증권등소유상황보고서 | 2026-05-22: 임원ㆍ주요주주특정증권등소유상황보고서 | 2026-05-22: 임원ㆍ주요주주특정증권등소유상황보고서 | 2026-05-13: 분기보고서 (2026.03),5
주연테크,044380,0,OK,,,,2026-06-01: 기업지배구조보고서공시               | 2026-05-15: 최대주주등소유주식변동신고서               | 2026-05-15: 임원ㆍ주요주주특정증권등소유상황보고서 | 2026-05-15: 임원ㆍ주요주주특정증권등소유상황보고서 | 2026-05-15: 임원ㆍ주요주주특정증권등소유상황보고서,7
글로벌텍스프리,204620,0,OK,,,,2026-05-27: 주식등의대량보유상황보고서(약식) | 2026-05-19: 기업설명회(IR)개최               | 2026-05-15: 분기보고서 (2026.03),3
인포바인,115310,0,OK,,,,2026-05-19: 수시공시의무관련사항(공정공시)              (주주가치 제고를 위한 자기주식 소각 예고) | 2026-05-15: 분기보고서 (2026.03) | 2026-05-07: 소속부변경              ,3
하이트진로,000080,0,OK,,,,2026-05-29: [기재정정]임원ㆍ주요주주특정증권등소유상황보고서 | 2026-05-29: 임원ㆍ주요주주특정증권등소유상황보고서 | 2026-05-29: 임원ㆍ주요주주특정증권등소유상황보고서 | 2026-05-29: 대규모기업집단현황공시[연1회공시및1/4분기용(개별회사)] | 2026-05-28: 기업지배구조보고서공시              ,26
체시스,033250,0,OK,,,,2026-06-01: 기업지배구조보고서공시               | 2026-05-15: 분기보고서 (2026.03) | 2026-05-08: 임원ㆍ주요주주특정증권등거래계획보고서,3
대성산업,128820,0,OK,,,,2026-06-01: 기업지배구조보고서공시               | 2026-05-15: 분기보고서 (2026.03) | 2026-05-13: 임원ㆍ주요주주특정증권등소유상황보고서 | 2026-05-13: 임원ㆍ주요주주특정증권등소유상황보고서 | 2026-05-13: 임원ㆍ주요주주특정증권등소유상황보고서,17
토비스,051360,0,OK,,,,2026-06-02: 사외이사의선임ㆍ해임또는중도퇴임에관한신고 | 2026-06-02: 임시주주총회결과               | 2026-05-12: 투자설명서 | 2026-05-12: 효력발생안내( 2026.4.28. 제출 증권신고서(분할) ) | 2026-05-11: 주식등의대량보유상황보고서(약식),11
씨큐브,101240,0,OK,,,,2026-06-02: 주식등의대량보유상황보고서(일반) | 2026-06-02: 임원ㆍ주요주주특정증권등소유상황보고서 | 2026-05-28: 주주총회소집결의              (임시주주총회) | 2026-05-28: 주주명부폐쇄기간또는기준일설정               | 2026-05-15: 전환사채(해외전환사채포함)발행후만기전사채취득              ,6
STX엔진,077970,0,OK,,,,2026-06-01: 기업지배구조보고서공시               | 2026-05-15: 분기보고서 (2026.03) | 2026-05-06: [기재정정]정기주주총회결과              ,3
동화기업,025900,0,OK,,,,2026-06-01: 증권발행실적보고서 | 2026-06-01: 투자설명서 | 2026-05-26: [발행조건확정]증권신고서(채무증권) | 2026-05-26: [기재정정]증권신고서(채무증권) | 2026-05-19: 증권신고서(채무증권),7
지니너스,389030,0,OK,,,,2026-05-29: [기재정정]주식등의대량보유상황보고서(약식) | 2026-05-29: 전환청구권행사               | 2026-05-29: 임원ㆍ주요주주특정증권등소유상황보고서 | 2026-05-29: 임원ㆍ주요주주특정증권등소유상황보고서 | 2026-05-29: 임원ㆍ주요주주특정증권등소유상황보고서,11
아모레퍼시픽,090430,0,OK,,,,2026-06-02: 기업설명회(IR)개최(안내공시)               | 2026-06-01: 대규모기업집단현황공시[연1회공시및1/4분기용(개별회사)] | 2026-05-28: 기업지배구조보고서공시               | 2026-05-28: 기업설명회(IR)개최(안내공시)               | 2026-05-26: 기업설명회(IR)개최(안내공시)              ,10
NICE,034310,0,OK,,,,2026-06-02: 타법인주식및출자증권취득결정(종속회사의주요경영사항)               | 2026-06-02: 타법인주식및출자증권처분결정               | 2026-05-28: 주식등의대량보유상황보고서(일반) | 2026-05-28: 기업지배구조보고서공시               | 2026-05-15: 분기보고서 (2026.03),5
한국제13호스팩,464440,0,OK,,,,2026-05-29: 기타시장안내              (주권 상장폐지 우려 예고) | 2026-05-18: 주식등의대량보유상황보고서(약식) | 2026-05-15: 분기보고서 (2026.03) | 2026-05-12: 주식등의대량보유상황보고서(약식),4
효성,004800,0,OK,,,,2026-06-01: [기재정정]대규모기업집단현황공시[연1회공시및1/4분기용(대표회사)] | 2026-05-29: 대규모기업집단현황공시[연1회(동일인용)] | 2026-05-29: 대규모기업집단현황공시[연1회공시및1/4분기용(대표회사)] | 2026-05-29: 기업지배구조보고서공시               | 2026-05-21: [기재정정]타인에대한채무보증결정              ,8
코셈,360350,0,OK,,,,2026-05-29: 신탁계약에의한취득상황보고서 | 2026-05-20: 불성실공시법인미지정              (공시불이행) | 2026-05-15: 임원ㆍ주요주주특정증권등소유상황보고서 | 2026-05-15: 분기보고서 (2026.03),4
티에스이,131290,0,OK,,,,2026-05-15: 분기보고서 (2026.03) | 2026-05-11: 주식등의대량보유상황보고서(일반) | 2026-05-11: 임원ㆍ주요주주특정증권등소유상황보고서,3
자화전자,033240,0,OK,,,,2026-05-28: 기업지배구조보고서공시               | 2026-05-15: 전환청구권ㆍ신주인수권ㆍ교환청구권행사               | 2026-05-13: 분기보고서 (2026.03),3
LX세미콘,108320,0,OK,,,,2026-06-01: 기업지배구조보고서공시               | 2026-05-29: 대규모기업집단현황공시[연1회공시및1/4분기용(개별회사)] | 2026-05-15: 분기보고서 (2026.03),3
고려제강,002240,0,OK,,,,2026-05-29: 기업지배구조보고서공시               | 2026-05-15: 분기보고서 (2026.03) | 2026-05-14: 최대주주등소유주식변동신고서               | 2026-05-14: 임원ㆍ주요주주특정증권등소유상황보고서 | 2026-05-14: 임원ㆍ주요주주특정증권등소유상황보고서,5
OCI,456040,0,OK,,,,2026-05-29: 지속가능경영보고서등관련사항(자율공시)               | 2026-05-29: 기업지배구조보고서공시               | 2026-05-29: 대규모기업집단현황공시[연1회공시및1/4분기용(개별회사)] | 2026-05-14: 분기보고서 (2026.03) | 2026-05-12: 신탁계약에의한취득상황보고서,6
이렘,009730,0,OK,,,,2026-05-26: 불성실공시법인지정              (공시불이행) | 2026-05-21: 주주총회소집공고 | 2026-05-15: 분기보고서 (2026.03),3
오비고,352910,0,OK,,,,2026-05-29: 임원ㆍ주요주주특정증권등소유상황보고서 | 2026-05-29: 주식등의대량보유상황보고서(일반) | 2026-05-21: 임원ㆍ주요주주특정증권등소유상황보고서 | 2026-05-21: 주식등의대량보유상황보고서(일반) | 2026-05-15: 분기보고서 (2026.03),7
일정실업,008500,0,OK,,,,2026-06-02: 투자유의안내               | 2026-06-01: 기업가치제고계획예고(안내공시)               | 2026-05-29: 기업지배구조보고서공시               | 2026-05-15: 최대주주등소유주식변동신고서               | 2026-05-15: [기재정정]주식등의대량보유상황보고서(일반),8
KR모터스,000040,0,OK,,,,2026-06-01: 기업지배구조보고서공시               | 2026-05-15: 분기보고서 (2026.03) | 2026-05-11: 주주명부폐쇄기간또는기준일설정               | 2026-05-11: 주주총회소집결의               | 2026-05-11: 주식병합결정              ,5
국제약품,002720,0,OK,,,,2026-06-01: 기업지배구조보고서공시               | 2026-05-29: 임원ㆍ주요주주특정증권등소유상황보고서 | 2026-05-29: 주식등의대량보유상황보고서(일반) | 2026-05-27: 임원ㆍ주요주주특정증권등소유상황보고서 | 2026-05-20: [기재정정]타인에대한채무보증결정              ,6
덕양에너젠,0001A0,0,OK,,,,2026-06-01: 전환청구권행사              (제2회차) | 2026-05-15: 기타경영사항(자율공시)              (상장주관사의 신주인수권 행사결과) | 2026-05-14: 분기보고서 (2026.03) | 2026-05-11: 합병등종료보고서(자산양수도) | 2026-05-11: [기재정정]주요사항보고서(타법인주식및출자증권양수결정),6
미창석유공업,003650,0,OK,,,,2026-05-28: 기업지배구조보고서공시               | 2026-05-15: 분기보고서 (2026.03) | 2026-05-11: 주식등의대량보유상황보고서(약식),3
경남은행,192520,0,OK,,,,2026-05-28: [발행조건확정]증권신고서(채무증권) | 2026-05-28: [기재정정]증권신고서(채무증권) | 2026-05-28: [기재정정]주요사항보고서(상각형조건부자본증권발행결정) | 2026-05-22: 증권신고서(채무증권) | 2026-05-22: [기재정정]주요사항보고서(상각형조건부자본증권발행결정),7
두산,000150,0,OK,,,,2026-05-29: 대규모기업집단현황공시[연1회(동일인용)] | 2026-05-29: 대규모기업집단현황공시[연1회공시및1/4분기용(대표회사)] | 2026-05-29: 기업지배구조보고서공시               | 2026-05-15: 분기보고서 (2026.03) | 2026-05-14: 임원ㆍ주요주주특정증권등소유상황보고서,6
로킷헬스케어,376900,0,OK,,,,2026-05-21: 임원ㆍ주요주주특정증권등소유상황보고서 | 2026-05-21: 임원ㆍ주요주주특정증권등소유상황보고서 | 2026-05-21: 임원ㆍ주요주주특정증권등소유상황보고서 | 2026-05-21: 임원ㆍ주요주주특정증권등소유상황보고서 | 2026-05-21: 임원ㆍ주요주주특정증권등소유상황보고서,10
엠에프씨,432980,0,OK,,,,2026-05-27: 임원ㆍ주요주주특정증권등소유상황보고서 | 2026-05-27: 주식등의대량보유상황보고서(일반) | 2026-05-27: 임원ㆍ주요주주특정증권등소유상황보고서 | 2026-05-15: 분기보고서 (2026.03),4
디티앤씨,187220,0,OK,,,,2026-05-26: 신규시설투자등               | 2026-05-26: 임원ㆍ주요주주특정증권등소유상황보고서 | 2026-05-26: 주식등의대량보유상황보고서(일반) | 2026-05-22: 주식등의대량보유상황보고서(약식) | 2026-05-15: 분기보고서 (2026.03),7
한국주철관공업,000970,0,OK,,,,2026-06-02: 임원ㆍ주요주주특정증권등소유상황보고서 | 2026-06-01: 기업지배구조보고서공시               | 2026-05-26: 임원ㆍ주요주주특정증권등소유상황보고서 | 2026-05-19: 임원ㆍ주요주주특정증권등소유상황보고서 | 2026-05-15: 분기보고서 (2026.03),6
티사이언티픽,057680,0,OK,,,,2026-06-01: 전환가액의조정               | 2026-05-15: 분기보고서 (2026.03) | 2026-05-08: 임원ㆍ주요주주특정증권등소유상황보고서 | 2026-05-08: 임원ㆍ주요주주특정증권등소유상황보고서 | 2026-05-08: 임원ㆍ주요주주특정증권등소유상황보고서,7
미원화학,134380,0,OK,,,,2026-05-29: 기업지배구조보고서공시               | 2026-05-18: 임원ㆍ주요주주특정증권등소유상황보고서 | 2026-05-08: 분기보고서 (2026.03) | 2026-05-06: 임원ㆍ주요주주특정증권등소유상황보고서 | 2026-05-06: [기재정정]임원ㆍ주요주주특정증권등소유상황보고서,5
신테카바이오,226330,0,OK,,[기재정정]단일판매ㆍ공급계약체결              (+5),최대주주변경을수반하는주식담보제공계약체결              (-5),2026-05-29: 주식등의대량보유상황보고서(일반) | 2026-05-28: 최대주주변경을수반하는주식담보제공계약체결               | 2026-05-28: [기재정정]단일판매ㆍ공급계약체결               | 2026-05-18: 임원ㆍ주요주주특정증권등소유상황보고서 | 2026-05-18: 주식등의대량보유상황보고서(일반),8
씨티케이,260930,0,OK,,,,2026-05-21: 기업설명회(IR)개최               | 2026-05-15: 분기보고서 (2026.03) | 2026-05-15: 임원ㆍ주요주주특정증권등소유상황보고서 | 2026-05-15: 주식등의대량보유상황보고서(일반),4
뉴로핏,380550,0,OK,,,,2026-06-01: 임원ㆍ주요주주특정증권등소유상황보고서 | 2026-06-01: 임원ㆍ주요주주특정증권등소유상황보고서 | 2026-06-01: 주식등의대량보유상황보고서(일반) | 2026-05-15: 분기보고서 (2026.03),4
아이엠지티,456570,0,OK,,,,2026-05-22: 기업설명회(IR)개최결과               | 2026-05-21: [기재정정]타법인주식및출자증권취득결정               | 2026-05-07: 타법인주식및출자증권취득결정               | 2026-05-07: 기업설명회(IR)개최              ,4
마키나락스,477850,0,OK,,,,2026-05-29: 주식매수선택권행사               | 2026-05-28: 임원ㆍ주요주주특정증권등소유상황보고서 | 2026-05-28: 임원ㆍ주요주주특정증권등소유상황보고서 | 2026-05-28: 분기보고서 (2026.03) | 2026-05-27: 임원ㆍ주요주주특정증권등소유상황보고서,14
세나테크놀로지,061090,0,OK,,,,2026-05-20: 기업설명회(IR)개최               | 2026-05-20: 임원ㆍ주요주주특정증권등소유상황보고서 | 2026-05-14: 분기보고서 (2026.03),3
THE E&M,089230,0,OK,,,,2026-06-02: [기재정정]주요사항보고서(자기전환사채매도결정) | 2026-05-28: 전환청구권행사              (제21회차) | 2026-05-26: 주식등의대량보유상황보고서(일반) | 2026-05-26: [기재정정]주요사항보고서(자기전환사채매도결정) | 2026-05-18: 주요사항보고서(자기전환사채매도결정),10
엔젠바이오,354200,0,OK,,,,2026-06-02: 정정신고서제출요구( 2026.05.19. 제출 증권신고서(지분증권) ) | 2026-05-22: 의결권대리행사권유참고서류 | 2026-05-22: 주주총회소집공고 | 2026-05-19: [정정제출요구]증권신고서(지분증권) | 2026-05-15: 분기보고서 (2026.03),5
에이치와이티씨,148930,0,OK,,,,2026-06-01: 임원ㆍ주요주주특정증권등소유상황보고서 | 2026-05-27: 임원ㆍ주요주주특정증권등소유상황보고서 | 2026-05-15: 분기보고서 (2026.03),3
소노스퀘어,007720,0,OK,,,,2026-06-01: 대규모기업집단현황공시[연1회공시및1/4분기용(개별회사)] | 2026-05-15: 분기보고서 (2026.03) | 2026-05-15: 임시주주총회결과              ,3
HC보광산업,225530,0,OK,,,,2026-06-02: 주식등의대량보유상황보고서(일반) | 2026-05-27: 전환사채(해외전환사채포함)발행후만기전사채취득               | 2026-05-15: 분기보고서 (2026.03) | 2026-05-08: 주식등의대량보유상황보고서(일반),4
HC홈센타,060560,0,OK,,,,2026-05-28: 주식등의대량보유상황보고서(일반) | 2026-05-19: 주식등의대량보유상황보고서(일반) | 2026-05-15: 분기보고서 (2026.03) | 2026-05-12: 임원ㆍ주요주주특정증권등소유상황보고서 | 2026-05-11: 임원ㆍ주요주주특정증권등소유상황보고서,9
티비씨,033830,0,OK,,,,2026-05-28: 임시주주총회결과               | 2026-05-27: 임원ㆍ주요주주특정증권등소유상황보고서 | 2026-05-27: 임원ㆍ주요주주특정증권등소유상황보고서 | 2026-05-26: 임원ㆍ주요주주특정증권등소유상황보고서 | 2026-05-13: 의결권대리행사권유참고서류,7
오아,342870,0,OK,,,,2026-05-22: [기재정정]타법인주식및출자증권취득결정               | 2026-05-21: 주주총회소집공고 | 2026-05-15: 분기보고서 (2026.03),3
엔케이,085310,0,OK,,,,2026-06-01: 기업지배구조보고서공시               | 2026-05-15: [기재정정]주식병합결정               | 2026-05-15: 분기보고서 (2026.03),3
DH오토넥스,000300,0,OK,,,,2026-06-01: 기업지배구조보고서공시               | 2026-05-19: 기타시장안내              ((주)디에이치오토넥스 상장적격성 실질심사 결과 안내) | 2026-05-15: 분기보고서 (2026.03),3
KSS해운,044450,0,OK,,,,2026-06-01: 기업지배구조보고서공시               | 2026-05-21: 임원ㆍ주요주주특정증권등소유상황보고서 | 2026-05-15: 분기보고서 (2026.03) | 2026-05-06: 임원ㆍ주요주주특정증권등소유상황보고서,4
엠케이전자,033160,0,OK,,,,2026-06-01: 주식등의대량보유상황보고서(약식) | 2026-05-22: 교환청구권행사               | 2026-05-15: 주식등의대량보유상황보고서(일반) | 2026-05-15: 분기보고서 (2026.03) | 2026-05-08: [첨부정정]사업보고서 (2025.12),7
이엠앤아이,083470,0,OK,,,,2026-05-29: 조회공시요구(현저한시황변동)에대한답변(미확정)               | 2026-05-20: 사외이사의선임ㆍ해임또는중도퇴임에관한신고 | 2026-05-20: 임시주주총회결과               | 2026-05-15: 분기보고서 (2026.03) | 2026-05-04: 의결권대리행사권유참고서류,8
위너스일렉,479960,0,OK,,,,2026-06-02: 주식등의대량보유상황보고서(일반) | 2026-05-29: 임원ㆍ주요주주특정증권등소유상황보고서 | 2026-05-29: 임원ㆍ주요주주특정증권등소유상황보고서 | 2026-05-29: 임원ㆍ주요주주특정증권등소유상황보고서 | 2026-05-29: 임원ㆍ주요주주특정증권등소유상황보고서,7
디앤디파마텍,347850,0,OK,,,,2026-06-02: 기업설명회(IR)개최               | 2026-05-27: [기재정정]투자판단관련주요경영사항(임상시험결과)              (대사이상지방간염 (MASH) 치료제 DD01의 미국 임상 제2상 Topline data 수령) | 2026-05-18: 사외이사의선임ㆍ해임또는중도퇴임에관한신고 | 2026-05-15: 임원ㆍ주요주주특정증권등소유상황보고서 | 2026-05-15: 분기보고서 (2026.03),5
한양증권,001750,0,OK,,,,2026-06-01: 기업지배구조보고서공시               | 2026-05-21: 임원ㆍ주요주주특정증권등소유상황보고서 | 2026-05-15: 분기보고서 (2026.03),3
보해양조,000890,0,OK,,,,2026-06-02: 최대주주등소유주식변동신고서               | 2026-06-02: 임원ㆍ주요주주특정증권등소유상황보고서 | 2026-06-01: 기업지배구조보고서공시               | 2026-05-15: 분기보고서 (2026.03) | 2026-05-08: 임원ㆍ주요주주특정증권등소유상황보고서,9
리메드,302550,0,OK,,,,2026-05-28: 주식등의대량보유상황보고서(일반) | 2026-05-20: 주요사항보고서(자기주식취득신탁계약체결결정) | 2026-05-20: 신탁계약해지결과보고서 | 2026-05-20: 주요사항보고서(자기주식취득신탁계약해지결정) | 2026-05-14: 분기보고서 (2026.03),7
LG화학,051910,0,OK,,,,2026-06-01: 대규모기업집단현황공시[연1회공시및1/4분기용(개별회사)] | 2026-05-29: 기업지배구조보고서공시               | 2026-05-29: 기업설명회(IR)개최(안내공시)               | 2026-05-26: 기업설명회(IR)개최(안내공시)               | 2026-05-26: [기재정정]유형자산처분결정(종속회사의주요경영사항)              ,9
넥스틸,092790,0,OK,,,,2026-05-29: 기업지배구조보고서공시               | 2026-05-28: 최대주주등소유주식변동신고서               | 2026-05-28: 임원ㆍ주요주주특정증권등소유상황보고서 | 2026-05-27: 투자판단관련주요경영사항               | 2026-05-14: 분기보고서 (2026.03),6
더테크놀로지,043090,0,OK,,,,2026-05-15: 분기보고서 (2026.03) | 2026-05-07: 기타시장안내              (상장적격성 실질심사 사유 추가 관련 절차 미진행) | 2026-05-07: 회계처리기준위반행위로인한증권선물위원회의검찰고발등              ,3
스모트로닉,066590,0,OK,,,,2026-05-29: 임원ㆍ주요주주특정증권등거래계획보고서 | 2026-05-15: 분기보고서 (2026.03) | 2026-05-04: [기재정정]주식등의대량보유상황보고서(일반),3
대원전선,006340,0,OK,,,,2026-06-02: 주식등의대량보유상황보고서(약식) | 2026-05-27: 기업지배구조보고서공시               | 2026-05-11: 주식등의대량보유상황보고서(약식) | 2026-05-08: 분기보고서 (2026.03),4
남성,004270,0,OK,,,,2026-05-29: 기업지배구조보고서공시               | 2026-05-15: 분기보고서 (2026.03) | 2026-05-06: 임원ㆍ주요주주특정증권등소유상황보고서 | 2026-05-06: 임원ㆍ주요주주특정증권등소유상황보고서,4
티와이홀딩스,363280,0,OK,,,,2026-06-01: 기업지배구조보고서공시               | 2026-06-01: [기재정정]대규모기업집단현황공시[연1회공시및1/4분기용(대표회사)] | 2026-05-28: 대규모기업집단현황공시[연1회공시및1/4분기용(대표회사)] | 2026-05-28: 대규모기업집단현황공시[연1회(동일인용)] | 2026-05-15: 분기보고서 (2026.03),5
한진,002320,0,OK,,,,2026-05-29: 기업지배구조보고서공시               | 2026-05-29: 대규모기업집단현황공시[연1회공시및1/4분기용(개별회사)] | 2026-05-15: 분기보고서 (2026.03),3
THE CUBE&,013720,0,OK,,,,2026-05-28: [기재정정]주주총회소집공고 | 2026-05-28: 주주총회소집공고 | 2026-05-13: 중대재해관련형사처벌사실확인               | 2026-05-13: 분기보고서 (2026.03) | 2026-05-11: 임원ㆍ주요주주특정증권등소유상황보고서,6
신화프리텍,095190,0,OK,,,,2026-05-21: 주식등의대량보유상황보고서(일반) | 2026-05-18: 주식등의대량보유상황보고서(일반) | 2026-05-15: 분기보고서 (2026.03),3
크리스에프앤씨,110790,0,OK,,,,2026-05-19: 교환사채(해외교환사채포함)발행후만기전사채취득               | 2026-05-15: 분기보고서 (2026.03) | 2026-05-14: [기재정정]타인에대한채무보증결정               | 2026-05-06: 타법인주식및출자증권취득결정              ,4
삼성에피스홀딩스,0126Z0,0,OK,,,,2026-06-01: [기재정정]대규모기업집단현황공시[연1회공시및1/4분기용(개별회사)] | 2026-06-01: 대규모기업집단현황공시[연1회공시및1/4분기용(개별회사)] | 2026-06-01: 기업지배구조보고서공시               | 2026-05-28: 단기차입금증가결정(자회사의 주요경영사항)               | 2026-05-15: 분기보고서 (2026.03),9
청담글로벌,362320,0,OK,,,,2026-05-15: 분기보고서 (2026.03) | 2026-05-14: 주식등의대량보유상황보고서(일반) | 2026-05-06: [기재정정]주식등의대량보유상황보고서(일반) | 2026-05-06: 주식등의대량보유상황보고서(일반),4
현대위아,011210,0,OK,,,,2026-05-29: 대규모기업집단현황공시[연1회공시및1/4분기용(개별회사)] | 2026-05-29: 기업지배구조보고서공시               | 2026-05-15: 풍문또는보도에대한해명(미확정)               | 2026-05-14: 분기보고서 (2026.03),4
알파AI,043100,0,OK,,,,2026-05-15: 분기보고서 (2026.03) | 2026-05-13: 주주명부폐쇄기간또는기준일설정               | 2026-05-13: 주주총회소집결의              (임시주주총회),3
LG생활건강,051900,0,OK,,,,2026-06-01: 대규모기업집단현황공시[연1회공시및1/4분기용(개별회사)] | 2026-05-29: 기업지배구조보고서공시               | 2026-05-19: 풍문또는보도에대한해명               | 2026-05-15: 분기보고서 (2026.03),4
우양,103840,0,OK,,,,2026-05-15: 분기보고서 (2026.03) | 2026-05-12: 임원ㆍ주요주주특정증권등소유상황보고서 | 2026-05-08: 임원ㆍ주요주주특정증권등소유상황보고서 | 2026-05-07: 임원ㆍ주요주주특정증권등소유상황보고서 | 2026-05-07: 임원ㆍ주요주주특정증권등소유상황보고서,5
한라캐스트,125490,0,OK,,,,2026-05-26: 기업설명회(IR)개최               | 2026-05-20: 기업설명회(IR)개최               | 2026-05-14: 분기보고서 (2026.03),3
IPARK현대산업개발,294870,0,OK,,,,2026-06-01: 기업지배구조보고서공시               | 2026-05-29: 대규모기업집단현황공시[연1회공시및1/4분기용(개별회사)] | 2026-05-26: 단일판매ㆍ공급계약해지               | 2026-05-26: 특수관계인으로부터부동산매수 | 2026-05-19: 임원ㆍ주요주주특정증권등소유상황보고서,8
수성웹툰,084180,0,OK,,,,2026-06-02: 주식등의대량보유상황보고서(일반) | 2026-05-26: 전환사채(해외전환사채포함)발행후만기전사채취득              (제24회차) | 2026-05-15: 분기보고서 (2026.03) | 2026-05-15: 주식등의대량보유상황보고서(일반) | 2026-05-11: 주식등의대량보유상황보고서(약식),7
대한해운,005880,0,OK,,,,2026-06-02: [기재정정]기업지배구조보고서공시               | 2026-06-01: 대규모기업집단현황공시[연1회(동일인용)] | 2026-06-01: [기재정정]대규모기업집단현황공시[연1회공시및1/4분기용(대표회사)] | 2026-06-01: 기업지배구조보고서공시               | 2026-06-01: [기재정정]대규모기업집단현황공시[연1회공시및1/4분기용(대표회사)],17
나무기술,242040,0,OK,,,,2026-05-14: 주주총회소집결의              (임시주주총회) | 2026-05-14: 주주명부폐쇄기간또는기준일설정               | 2026-05-14: 분기보고서 (2026.03),3
엘엠에스,073110,0,OK,,,,2026-05-15: 분기보고서 (2026.03) | 2026-05-13: 단기차입금증가결정               | 2026-05-11: 주식등의대량보유상황보고서(일반),3
SK디앤디,210980,0,OK,,,,2026-05-29: 대규모기업집단현황공시[연1회공시및1/4분기용(개별회사)] | 2026-05-29: 기업지배구조보고서공시               | 2026-05-20: [기재정정]타인에대한채무보증결정               | 2026-05-20: [기재정정]타인에대한채무보증결정               | 2026-05-20: 타인에대한채무보증결정              ,6
웅진,016880,0,OK,,,,2026-06-01: 기업지배구조보고서공시               | 2026-06-01: [기재정정]대규모기업집단현황공시[연1회공시및1/4분기용(대표회사)] | 2026-05-29: 대규모기업집단현황공시[연1회(동일인용)] | 2026-05-29: 대규모기업집단현황공시[연1회공시및1/4분기용(대표회사)] | 2026-05-15: 분기보고서 (2026.03),6
인성정보,033230,0,OK,,,,2026-05-28: 타인에대한채무보증결정               | 2026-05-15: 분기보고서 (2026.03) | 2026-05-14: [기재정정]주식매수선택권부여에관한신고 | 2026-05-14: [기재정정]주식매수선택권부여에관한신고 | 2026-05-14: [기재정정]주식매수선택권부여에관한신고,10
신영증권,001720,0,OK,,,,2026-06-02: 투자설명서(일괄신고) | 2026-06-02: 일괄신고추가서류(파생결합증권-주가연계증권) | 2026-06-01: 최대주주등소유주식변동신고서               | 2026-06-01: 임원ㆍ주요주주특정증권등소유상황보고서 | 2026-06-01: 증권발행실적보고서,68
신대양제지,016590,0,OK,,,,2026-06-01: [첨부추가]기업지배구조보고서공시               | 2026-05-26: 주식등의대량보유상황보고서(일반) | 2026-05-15: 분기보고서 (2026.03),3
페스카로,0015S0,0,OK,,,,2026-05-27: 기업설명회(IR)개최               | 2026-05-14: [기재정정]분기보고서 (2026.03) | 2026-05-12: 분기보고서 (2026.03) | 2026-05-11: 기업설명회(IR)개최              ,4
하이드로리튬,101670,0,OK,,,,2026-06-02: 소송등의제기ㆍ신청(일정금액이상의청구)               | 2026-05-15: 분기보고서 (2026.03) | 2026-05-06: [기재정정]의결권대리행사권유참고서류 | 2026-05-06: [기재정정]주주총회소집공고 | 2026-05-06: [기재정정]주주총회소집결의              (임시주주총회),5
EMB,278990,0,OK,,,,2026-05-29: [첨부추가]주주명부폐쇄기간또는기준일설정               | 2026-05-29: 주주총회소집결의               | 2026-05-26: [기재정정]타법인주식및출자증권처분결정               | 2026-05-22: 전환가액의조정               | 2026-05-19: 기업설명회(IR)개최결과              ,5
대동금속,020400,0,OK,,,,2026-05-15: 기업설명회(IR)개최               | 2026-05-15: 분기보고서 (2026.03) | 2026-05-07: 기업가치제고계획(자율공시)              ,3
DN오토모티브,007340,0,OK,,,,2026-06-01: [기재정정]대규모기업집단현황공시[연1회공시및1/4분기용(대표회사)] | 2026-05-29: 대규모기업집단현황공시[연1회(동일인용)] | 2026-05-29: 대규모기업집단현황공시[연1회공시및1/4분기용(대표회사)] | 2026-05-29: 기업지배구조보고서공시               | 2026-05-27: 주식등의대량보유상황보고서(일반),9
이수화학,005950,0,OK,,,,2026-06-02: 주식등의대량보유상황보고서(일반) | 2026-05-29: 기업지배구조보고서공시               | 2026-05-27: [기재정정]주식등의대량보유상황보고서(일반) | 2026-05-27: 주식등의대량보유상황보고서(일반) | 2026-05-21: 임원ㆍ주요주주특정증권등소유상황보고서,8
쓰리빌리언,394800,0,OK,,,,2026-05-26: 임원ㆍ주요주주특정증권등소유상황보고서 | 2026-05-26: 임원ㆍ주요주주특정증권등소유상황보고서 | 2026-05-26: 임원ㆍ주요주주특정증권등소유상황보고서 | 2026-05-26: 임원ㆍ주요주주특정증권등소유상황보고서 | 2026-05-26: 주식등의대량보유상황보고서(일반),8
코어라인소프트,384470,0,OK,,,,2026-05-21: [기재정정]타인에대한담보제공결정               | 2026-05-21: [기재정정]주식매수선택권부여에관한신고 | 2026-05-21: [기재정정]주식매수선택권부여에관한신고 | 2026-05-21: [기재정정]주식매수선택권부여에관한신고 | 2026-05-14: 분기보고서 (2026.03),6
티케이케미칼,104480,0,OK,,,,2026-06-01: [기재정정]대규모기업집단현황공시[연1회공시및1/4분기용(개별회사)] | 2026-05-29: 대규모기업집단현황공시[연1회공시및1/4분기용(개별회사)] | 2026-05-21: 주식등의대량보유상황보고서(일반) | 2026-05-14: 주식등의대량보유상황보고서(일반) | 2026-05-14: 분기보고서 (2026.03),5
한화비전,489790,0,OK,,,,2026-06-01: 기업지배구조보고서공시               | 2026-05-29: 대규모기업집단현황공시[연1회공시및1/4분기용(개별회사)] | 2026-05-26: 기업설명회(IR)개최(안내공시)               | 2026-05-26: 기업설명회(IR)개최(안내공시)               | 2026-05-13: 분기보고서 (2026.03),5
마이크로디지탈,305090,0,OK,,,,2026-06-02: 주식등의대량보유상황보고서(일반) | 2026-05-29: 분기보고서 (2026.03) | 2026-05-08: 주식등의대량보유상황보고서(일반),3
대신밸류리츠,0030R0,0,OK,,,,2026-06-02: 임원ㆍ주요주주특정증권등소유상황보고서 | 2026-05-29: 기업지배구조보고서공시               | 2026-05-22: 임원ㆍ주요주주특정증권등소유상황보고서 | 2026-05-15: 정기주주총회결과               | 2026-05-15: 임원ㆍ주요주주특정증권등소유상황보고서,8
파수AI,150900,0,OK,,,,2026-05-15: 주식등의대량보유상황보고서(일반) | 2026-05-14: 분기보고서 (2026.03) | 2026-05-04: 기타시장안내(약명및영문명)              (한글약명),3
한주에이알티,058450,0,OK,,,,2026-05-15: 분기보고서 (2026.03) | 2026-05-14: 사외이사의선임ㆍ해임또는중도퇴임에관한신고 | 2026-05-08: 임원ㆍ주요주주특정증권등소유상황보고서 | 2026-05-07: 단기차입금감소결정(자율공시)               | 2026-05-07: 대표이사변경              ,6
일성건설,013360,0,OK,,,,2026-06-01: 기업지배구조보고서공시               | 2026-05-26: 주요사항보고서(유형자산양도결정) | 2026-05-15: 분기보고서 (2026.03),3
한국무브넥스,010100,0,OK,,,,2026-05-29: 기업지배구조보고서공시               | 2026-05-15: 분기보고서 (2026.03) | 2026-05-12: 최대주주등소유주식변동신고서              ,3
신한은행,000010,0,OK,,,,2026-06-02: 투자설명서(일괄신고) | 2026-06-02: 일괄신고추가서류 | 2026-06-01: 증권신고서(채무증권) | 2026-05-26: 증권발행실적보고서 | 2026-05-22: 투자설명서(일괄신고),35
지엠비코리아,013870,0,OK,,,,2026-05-29: 기업지배구조보고서공시               | 2026-05-22: 최대주주등소유주식변동신고서               | 2026-05-22: 임원ㆍ주요주주특정증권등소유상황보고서 | 2026-05-15: 분기보고서 (2026.03),4
BYC,001460,0,OK,,,,2026-05-29: 기업지배구조보고서공시               | 2026-05-26: 최대주주등소유주식변동신고서               | 2026-05-26: 임원ㆍ주요주주특정증권등소유상황보고서 | 2026-05-18: 임원ㆍ주요주주특정증권등소유상황보고서 | 2026-05-18: 최대주주등소유주식변동신고서              ,8
크래프톤,259960,0,OK,,,,2026-06-02: 자기주식처분결과보고서 | 2026-06-01: 대규모기업집단현황공시[연1회(동일인용)] | 2026-06-01: 기업지배구조보고서공시               | 2026-06-01: [기재정정]대규모기업집단현황공시[연1회공시및1/4분기용(대표회사)] | 2026-06-01: 대규모기업집단현황공시[연1회공시및1/4분기용(대표회사)],14
조선선재,120030,0,OK,,,,2026-05-29: 기업지배구조보고서공시               | 2026-05-18: [기재정정]사업보고서 (2025.12) | 2026-05-15: 분기보고서 (2026.03),3
에스에이엠티,031330,0,OK,,,,2026-05-28: 주식등의대량보유상황보고서(일반) | 2026-05-27: 금전대여결정               | 2026-05-20: 임원ㆍ주요주주특정증권등소유상황보고서 | 2026-05-15: 분기보고서 (2026.03),4
아세아제지,002310,0,OK,,,,2026-06-01: 기업지배구조보고서공시               | 2026-05-15: 분기보고서 (2026.03) | 2026-05-15: 주요사항보고서(자기주식취득신탁계약체결결정),3
그리티,204020,0,OK,,,,2026-05-26: 임원ㆍ주요주주특정증권등소유상황보고서 | 2026-05-26: 주식등의대량보유상황보고서(일반) | 2026-05-18: 임원ㆍ주요주주특정증권등소유상황보고서 | 2026-05-15: 분기보고서 (2026.03) | 2026-05-12: 주식등의대량보유상황보고서(일반),5
일신방직,003200,0,OK,,,,2026-05-29: [기재정정]타법인주식및출자증권처분결정               | 2026-05-27: 기업지배구조보고서공시               | 2026-05-15: 분기보고서 (2026.03) | 2026-05-14: [기재정정]타법인주식및출자증권취득결정(자율공시)               | 2026-05-06: [기재정정]타법인주식및출자증권처분결정              ,5
SH에너지화학,002360,0,OK,,,,2026-06-01: 기업지배구조보고서공시               | 2026-05-22: 신탁계약해지결과보고서 | 2026-05-15: 분기보고서 (2026.03) | 2026-05-13: 주요사항보고서(자기주식취득신탁계약해지결정),4
피씨엘,241820,0,OK,,,,2026-05-15: 기타시장안내              (관리종목 지정사유 추가 관련 시장조치사항 안내) | 2026-05-12: 기타시장안내              (회생절차 개시신청 관련 시장안내) | 2026-05-12: 주요사항보고서(회생절차개시신청),3
대원화성,024890,0,OK,,,,2026-06-02: 주주총회소집결의               | 2026-06-01: 기업지배구조보고서공시               | 2026-05-29: 단기차입금증가결정               | 2026-05-27: 최대주주등소유주식변동신고서               | 2026-05-15: 분기보고서 (2026.03),11
삼익제약,014950,0,OK,,,,2026-05-27: 주주총회소집결의              (임시주주총회) | 2026-05-27: 주주명부폐쇄기간또는기준일설정               | 2026-05-19: 임원ㆍ주요주주특정증권등소유상황보고서 | 2026-05-15: 분기보고서 (2026.03) | 2026-05-06: 기업가치제고계획(자율공시)              (2026년 삼익제약(주) 기업가치 제고 계획),5
지에스엔텍,037640,0,OK,,,,2026-06-01: 대규모기업집단현황공시[연1회공시및1/4분기용(개별회사)] | 2026-05-14: 분기보고서 (2026.03) | 2026-05-14: 동일인등출자계열회사와의상품ㆍ용역거래변경,3
오건에코텍,212310,0,OK,,,,2026-06-02: 기타시장안내              (상장공시위원회 속개 결정 안내) | 2026-05-11: 소송등의판결ㆍ결정(일정금액이상의청구)               | 2026-05-04: 기타시장안내              (개선계획 이행내역서 제출에 따른 안내),3
세종텔레콤,036630,0,OK,,,,2026-05-15: 분기보고서 (2026.03) | 2026-05-08: 임원ㆍ주요주주특정증권등거래계획보고서 | 2026-05-07: 기업가치제고계획(자율공시)              (2026년 세종텔레콤(주) 기업가치 제고 계획),3
삼영엠텍,054540,0,OK,,,,2026-05-14: 분기보고서 (2026.03) | 2026-05-04: [기재정정]타인에대한채무보증결정               | 2026-05-04: 주식등의대량보유상황보고서(일반),3
코스모로보틱스,439960,0,OK,,,,2026-06-02: 임원ㆍ주요주주특정증권등소유상황보고서 | 2026-06-01: 분기보고서 (2026.03) | 2026-05-18: 임원ㆍ주요주주특정증권등소유상황보고서 | 2026-05-18: 임원ㆍ주요주주특정증권등소유상황보고서 | 2026-05-18: 임원ㆍ주요주주특정증권등소유상황보고서,17
NH농우바이오,054050,0,OK,,,,2026-06-01: 기업설명회(IR)개최               | 2026-06-01: 대규모기업집단현황공시[연1회공시및1/4분기용(개별회사)] | 2026-06-01: 기업설명회(IR)개최               | 2026-05-14: 분기보고서 (2026.03) | 2026-05-06: 기타시장안내(약명및영문명)              ,5
우리금융캐피탈,033660,0,OK,,,,2026-05-28: 증권발행실적보고서 | 2026-05-27: 투자설명서(일괄신고) | 2026-05-27: [기재정정]일괄신고추가서류 | 2026-05-27: 일괄신고추가서류 | 2026-05-15: [기재정정]일괄신고서,9
NH프라임리츠,338100,0,OK,,,,2026-05-29: 기업지배구조보고서공시               | 2026-05-15: 주주명부폐쇄기간또는기준일설정               | 2026-05-08: 기타경영사항(자율공시)              ,3
신한제18호스팩,0129K0,0,OK,,,,2026-05-14: 분기보고서 (2026.03) | 2026-05-07: 주식등의대량보유상황보고서(약식) | 2026-05-04: 임원ㆍ주요주주특정증권등소유상황보고서 | 2026-05-04: 주식등의대량보유상황보고서(일반),4
한일시멘트,300720,0,OK,,,,2026-06-01: 기업지배구조보고서공시               | 2026-05-22: 주식등의대량보유상황보고서(일반) | 2026-05-15: 분기보고서 (2026.03),3
프로텍,053610,0,OK,,,,2026-05-21: 주식등의대량보유상황보고서(약식) | 2026-05-14: 분기보고서 (2026.03) | 2026-05-07: 주식등의대량보유상황보고서(일반) | 2026-05-04: 감자완료              ,4
현대오토에버,307950,0,OK,,,,2026-06-01: 기업지배구조보고서공시               | 2026-05-29: 대규모기업집단현황공시[연1회공시및1/4분기용(개별회사)] | 2026-05-18: 기업설명회(IR)개최(안내공시)               | 2026-05-15: 분기보고서 (2026.03),4
에스엔시스,0008Z0,0,OK,,,,2026-05-19: 임원ㆍ주요주주특정증권등소유상황보고서 | 2026-05-19: 주식등의대량보유상황보고서(일반) | 2026-05-15: 분기보고서 (2026.03),3
태림포장,011280,0,OK,,,,2026-06-01: 대규모기업집단현황공시[연1회공시및1/4분기용(개별회사)] | 2026-05-29: 기업지배구조보고서공시               | 2026-05-15: 분기보고서 (2026.03),3
한선엔지니어링,452280,0,OK,,,,2026-06-01: 임원ㆍ주요주주특정증권등거래계획보고서 | 2026-05-14: [기재정정]분기보고서 (2026.03) | 2026-05-12: 파생상품거래손실발생               | 2026-05-12: 주요사항보고서(자기전환사채만기전취득결정) | 2026-05-12: 분기보고서 (2026.03),7
세화피앤씨,252500,0,OK,,,,2026-06-02: [기재정정]분기보고서 (2026.03) | 2026-06-01: 분기보고서 (2026.03) | 2026-05-22: 주주명부폐쇄기간또는기준일설정               | 2026-05-22: 주주총회소집결의              (임시주주총회) | 2026-05-22: 주식병합결정              ,5
한창,005110,0,OK,,,,2026-06-01: 기업지배구조보고서공시               | 2026-05-20: 주식등의대량보유상황보고서(일반) | 2026-05-19: 소송등의제기ㆍ신청(일정금액이상의청구)               | 2026-05-15: 분기보고서 (2026.03) | 2026-05-06: 기타시장안내              (회계처리기준 위반행위 관련 상장적격성 실질심사 절차 미진행 안내),7
부국증권,001270,0,OK,,,,2026-06-01: 주식등의대량보유상황보고서(일반) | 2026-05-29: 기업지배구조보고서공시               | 2026-05-28: 주식등의대량보유상황보고서(일반) | 2026-05-21: 임원ㆍ주요주주특정증권등소유상황보고서 | 2026-05-20: 주식등의대량보유상황보고서(일반),8
대한화섬,003830,0,OK,,,,2026-06-01: 대규모기업집단현황공시[연1회공시및1/4분기용(개별회사)] | 2026-05-29: 기업지배구조보고서공시               | 2026-05-15: 분기보고서 (2026.03) | 2026-05-15: 동일인등출자계열회사와의상품ㆍ용역거래,4
월덱스,101160,0,OK,,,,2026-05-15: 분기보고서 (2026.03) | 2026-05-14: 주주명부폐쇄기간또는기준일설정               | 2026-05-14: 주주총회소집결의              (임시주주총회),3
오토앤,353590,0,OK,,,,2026-06-02: 임원ㆍ주요주주특정증권등소유상황보고서 | 2026-06-01: 주식등의대량보유상황보고서(약식) | 2026-05-15: 분기보고서 (2026.03),3
메타케어,118000,0,OK,,,,2026-05-29: 기업지배구조보고서공시               | 2026-05-26: 전환가액ㆍ신주인수권행사가액ㆍ교환가액의조정(안내공시)               | 2026-05-15: 분기보고서 (2026.03) | 2026-05-07: 주식등의대량보유상황보고서(일반) | 2026-05-07: 임원ㆍ주요주주특정증권등소유상황보고서,5
현대사료,016790,0,OK,,,,2026-06-02: 주식등의대량보유상황보고서(일반) | 2026-06-01: [기재정정]투자판단관련주요경영사항              (주식가압류해제) | 2026-06-01: [기재정정]투자판단관련주요경영사항              (주식가압류해제신청) | 2026-05-15: 분기보고서 (2026.03) | 2026-05-12: 기타시장안내              (개선계획 이행내역서 제출),5
코리아나,027050,0,OK,,,,2026-05-27: 임원ㆍ주요주주특정증권등소유상황보고서 | 2026-05-19: 임원ㆍ주요주주특정증권등소유상황보고서 | 2026-05-18: 의결권대리행사권유참고서류 | 2026-05-18: 주주총회소집공고 | 2026-05-15: 분기보고서 (2026.03),6
유라클,088340,0,OK,,,,2026-05-22: 임원ㆍ주요주주특정증권등소유상황보고서 | 2026-05-22: 임원ㆍ주요주주특정증권등소유상황보고서 | 2026-05-22: 임원ㆍ주요주주특정증권등소유상황보고서 | 2026-05-21: 주식등의대량보유상황보고서(일반) | 2026-05-20: 주식등의대량보유상황보고서(일반),6
케어젠,214370,0,OK,,,,2026-05-29: 단일판매ㆍ공급계약해지(자율공시)               | 2026-05-29: 단일판매ㆍ공급계약해지               | 2026-05-27: 임원ㆍ주요주주특정증권등소유상황보고서 | 2026-05-21: 주식등의대량보유상황보고서(일반) | 2026-05-13: 분기보고서 (2026.03),5
대성미생물,036480,0,OK,,,,2026-06-02: 임원ㆍ주요주주특정증권등소유상황보고서 | 2026-06-01: 임원ㆍ주요주주특정증권등소유상황보고서 | 2026-06-01: 임원ㆍ주요주주특정증권등소유상황보고서 | 2026-05-29: 임원ㆍ주요주주특정증권등소유상황보고서 | 2026-05-29: 임원ㆍ주요주주특정증권등소유상황보고서,13
아이엠뱅크,005270,0,OK,,,,2026-05-15: [기재정정]일괄신고서 | 2026-05-15: 분기보고서 (2026.03) | 2026-05-07: 증권발행실적보고서 | 2026-05-06: 투자설명서(일괄신고) | 2026-05-06: 일괄신고추가서류,5
프롬바이오,377220,0,OK,,,,2026-05-28: 주주명부폐쇄기간또는기준일설정               | 2026-05-28: 주주총회소집결의              (임시주주총회) | 2026-05-28: 주식병합결정               | 2026-05-15: 분기보고서 (2026.03),4
사조산업,007160,0,OK,,,,2026-06-01: [기재정정]대규모기업집단현황공시[연1회공시및1/4분기용(대표회사)] | 2026-06-01: 기업지배구조보고서공시               | 2026-05-29: 대규모기업집단현황공시[연1회(동일인용)] | 2026-05-29: 대규모기업집단현황공시[연1회공시및1/4분기용(대표회사)] | 2026-05-15: 분기보고서 (2026.03),5
솔루스첨단소재,336370,0,OK,,,,2026-05-29: 기업지배구조보고서공시               | 2026-05-28: 타인에대한채무보증결정               | 2026-05-21: [기재정정]타법인주식및출자증권취득결정               | 2026-05-14: 분기보고서 (2026.03),4
바이오다인,314930,0,OK,,,,2026-05-15: 주식등의대량보유상황보고서(일반) | 2026-05-15: 기업설명회(IR)개최               | 2026-05-15: 분기보고서 (2026.03),3
LX하우시스,108670,0,OK,,,,2026-06-01: 기업지배구조보고서공시               | 2026-05-29: 대규모기업집단현황공시[연1회공시및1/4분기용(개별회사)] | 2026-05-22: [기재정정]타인에대한채무보증결정               | 2026-05-14: 분기보고서 (2026.03),4
예선테크,250930,0,OK,,,,2026-06-02: 주주총회소집공고 | 2026-05-15: 분기보고서 (2026.03) | 2026-05-13: [기재정정]주주총회소집결의              (임시주주총회) | 2026-05-13: [기재정정]주식병합결정               | 2026-05-07: 주주총회소집결의              (임시주주총회),7
삼영전자공업,005680,0,OK,,,,2026-06-02: 소송등의제기ㆍ신청(경영권분쟁소송)               | 2026-05-29: 기업지배구조보고서공시               | 2026-05-15: 분기보고서 (2026.03),3
질경이,233990,0,OK,,,,2026-05-28: 임원ㆍ주요주주특정증권등거래계획보고서 | 2026-05-28: 임원ㆍ주요주주특정증권등거래계획철회보고서 | 2026-05-08: 기업설명회(IR)개최              ,3
하이로닉,149980,0,OK,,,,2026-05-29: [기재정정]주주총회소집공고 | 2026-05-06: 주식매수선택권부여에관한신고 | 2026-05-06: 주주총회소집공고 | 2026-05-06: 주주명부폐쇄기간또는기준일설정               | 2026-05-06: 주주총회소집결의              (임시주주총회),6
노랑풍선,104620,0,OK,,,,2026-05-15: 분기보고서 (2026.03) | 2026-05-12: 주주명부폐쇄기간또는기준일설정               | 2026-05-12: 주주총회소집결의              ,3
SJG세종,033530,0,OK,,,,2026-06-01: 기업지배구조보고서공시               | 2026-05-21: 주주명부폐쇄기간또는기준일설정               | 2026-05-21: 주주총회소집결의               | 2026-05-15: 분기보고서 (2026.03),4
삼천리,004690,0,OK,,,,2026-05-29: [기재정정]대규모기업집단현황공시[연1회공시및1/4분기용(대표회사)] | 2026-05-29: 기업지배구조보고서공시               | 2026-05-28: 임원ㆍ주요주주특정증권등소유상황보고서 | 2026-05-28: 대규모기업집단현황공시[연1회(동일인용)] | 2026-05-28: 증권발행실적보고서,12
남화산업,111710,0,OK,,,,2026-05-29: 주식등의대량보유상황보고서(일반) | 2026-05-29: 임원ㆍ주요주주특정증권등소유상황보고서 | 2026-05-15: 분기보고서 (2026.03),3
세아제강,306200,0,OK,,,,2026-06-01: 기업지배구조보고서공시               | 2026-05-29: 대규모기업집단현황공시[연1회공시및1/4분기용(개별회사)] | 2026-05-15: 동일인등출자계열회사와의상품ㆍ용역거래변경 | 2026-05-15: 분기보고서 (2026.03),4
폰드그룹,472850,0,OK,,,,2026-06-01: 대규모기업집단현황공시[연1회공시및1/4분기용(개별회사)] | 2026-06-01: 주요사항보고서(자기주식취득신탁계약체결결정) | 2026-05-15: 분기보고서 (2026.03),3
보로노이,310210,0,OK,,,,2026-06-02: 기업설명회(IR)개최               | 2026-05-27: [기재정정]투자판단관련주요경영사항(임상시험계획변경승인)              (VRN110755의 제 1/2상 임상시험) | 2026-05-27: 주식등의대량보유상황보고서(일반) | 2026-05-26: [기재정정]투자판단관련주요경영사항(임상시험계획변경승인신청)              (VRN110755의 제 1/2상 임상시험) | 2026-05-15: 분기보고서 (2026.03),7
아이티엠반도체,084850,0,OK,,,,2026-05-28: 주식등의대량보유상황보고서(일반) | 2026-05-21: 주식등의대량보유상황보고서(일반) | 2026-05-18: 타인에대한채무보증결정               | 2026-05-15: 분기보고서 (2026.03) | 2026-05-12: 주식등의대량보유상황보고서(일반),5
삼영에스앤씨,361670,0,OK,,,,2026-06-02: 주주총회소집결의              (임시주주총회) | 2026-06-02: 주주명부폐쇄기간또는기준일설정               | 2026-05-28: 임원ㆍ주요주주특정증권등소유상황보고서 | 2026-05-28: 임원ㆍ주요주주특정증권등소유상황보고서 | 2026-05-18: 임원ㆍ주요주주특정증권등소유상황보고서,7
폴레드,487580,0,OK,,,,2026-06-01: 주식등의대량보유상황보고서(약식) | 2026-05-20: [기재정정]주식등의대량보유상황보고서(약식) | 2026-05-20: 주식등의대량보유상황보고서(약식) | 2026-05-20: 임원ㆍ주요주주특정증권등소유상황보고서 | 2026-05-20: 임원ㆍ주요주주특정증권등소유상황보고서,13
알엔투테크놀로지,148250,0,OK,,,,2026-05-29: 임원ㆍ주요주주특정증권등소유상황보고서 | 2026-05-29: [기재정정]주주총회소집결의              (임시주주총회) | 2026-05-29: 주식등의대량보유상황보고서(일반) | 2026-05-29: [기재정정]주요사항보고서(타법인주식및출자증권양도결정) | 2026-05-22: [기재정정]사외이사의선임ㆍ해임또는중도퇴임에관한신고,11
SYTS,002170,0,OK,,,,2026-06-01: 대규모기업집단현황공시[연1회공시및1/4분기용(개별회사)] | 2026-06-01: 기업지배구조보고서공시               | 2026-05-22: 주주명부폐쇄기간또는기준일설정               | 2026-05-22: 주주총회소집결의               | 2026-05-15: 주식등의대량보유상황보고서(일반),7
NH올원리츠,400760,0,OK,,,,2026-05-29: 기타경영사항(자율공시)               | 2026-05-29: 기업지배구조보고서공시               | 2026-05-27: 기업설명회(IR)개최(안내공시)               | 2026-05-27: 부동산투자회사부동산임대               | 2026-05-15: 반기보고서 (2026.03),8
HD현대마린솔루션,443060,0,OK,,,,2026-05-29: 대규모기업집단현황공시[연1회공시및1/4분기용(개별회사)] | 2026-05-29: 기업지배구조보고서공시               | 2026-05-15: [기재정정]분기보고서 (2026.03) | 2026-05-15: 분기보고서 (2026.03) | 2026-05-15: 동일인등출자계열회사와의상품ㆍ용역거래변경,5
멀티캠퍼스,067280,0,OK,,,,2026-06-01: 대규모기업집단현황공시[연1회공시및1/4분기용(개별회사)] | 2026-05-29: 임원ㆍ주요주주특정증권등소유상황보고서 | 2026-05-15: 분기보고서 (2026.03),3
금강공업,014280,0,OK,,,,2026-06-01: 주요사항보고서(교환사채권발행결정) | 2026-05-29: 기업지배구조보고서공시               | 2026-05-15: 분기보고서 (2026.03),3
성우전자,081580,0,OK,,,,2026-06-02: [기재정정]주요사항보고서(전환사채매수선택권행사자지정) | 2026-05-21: 불성실공시법인지정예고              (공시번복) | 2026-05-21: 전환사채(해외전환사채포함)발행후만기전사채취득               | 2026-05-18: 임원ㆍ주요주주특정증권등소유상황보고서 | 2026-05-18: 주식등의대량보유상황보고서(일반),8
대덕전자,353200,0,OK,,,,2026-06-02: 주식등의대량보유상황보고서(약식) | 2026-05-29: 기업지배구조보고서공시               | 2026-05-14: 분기보고서 (2026.03) | 2026-05-11: 신규시설투자등              ,4
디아이씨,092200,0,OK,,,,2026-06-01: 기업지배구조보고서공시               | 2026-05-28: 주식등의대량보유상황보고서(일반) | 2026-05-28: 최대주주등소유주식변동신고서               | 2026-05-14: 분기보고서 (2026.03) | 2026-05-08: 최대주주등소유주식변동신고서              ,5
SK가스,018670,0,OK,,,,2026-05-29: 기업지배구조보고서공시               | 2026-05-29: [기재정정]주요사항보고서(타법인주식및출자증권양도결정) | 2026-05-29: 대규모기업집단현황공시[연1회공시및1/4분기용(개별회사)] | 2026-05-22: [기재정정]타인에대한채무보증결정               | 2026-05-22: 타인에대한채무보증결정              ,17
인산가,277410,0,OK,,,,2026-05-20: 임시주주총회결과               | 2026-05-15: 분기보고서 (2026.03) | 2026-05-08: 주식등의대량보유상황보고서(약식) | 2026-05-08: 신주인수권부사채(해외신주인수권부사채포함)발행후만기전사채취득               | 2026-05-06: 주식등의대량보유상황보고서(약식),8
오가노이드사이언스,476040,0,OK,,,,2026-06-02: 투자판단관련주요경영사항              (오가노이드 기반 재생치료제 및 약물 스크리닝 플랫폼 관련 기술도입 계약 체결) | 2026-05-15: 분기보고서 (2026.03) | 2026-05-07: 증권발행결과(자율공시)              (제1회차CB) | 2026-05-07: 증권발행결과(자율공시)              (제3자배정유상증자),4
삼성물산,028260,0,OK,,,,2026-06-02: 기업설명회(IR)개최(안내공시)               | 2026-06-02: 임원ㆍ주요주주특정증권등소유상황보고서 | 2026-06-01: [기재정정]대규모기업집단현황공시[연1회공시및1/4분기용(개별회사)] | 2026-06-01: 특수관계인에대한출자 | 2026-06-01: 대규모기업집단현황공시[연1회공시및1/4분기용(개별회사)],16
동서,026960,0,OK,,,,2026-05-29: 기업지배구조보고서공시               | 2026-05-15: 최대주주등소유주식변동신고서               | 2026-05-14: 분기보고서 (2026.03) | 2026-05-06: 임원ㆍ주요주주특정증권등거래계획보고서,4
농심,004370,0,OK,,,,2026-06-01: [기재정정]대규모기업집단현황공시[연1회공시및1/4분기용(대표회사)] | 2026-06-01: 동일인등출자계열회사와의상품ㆍ용역거래변경 | 2026-05-29: [기재정정]기업지배구조보고서공시               | 2026-05-29: 기업지배구조보고서공시               | 2026-05-28: 대규모기업집단현황공시[연1회(동일인용)],8
피앤씨테크,237750,0,OK,,,,2026-06-01: 소송등의판결ㆍ결정               | 2026-05-27: 기타경영사항(자율공시)              (소규모합병 승인 이사회결의(주주총회 갈음)결과 보고) | 2026-05-21: 단기차입금증가결정               | 2026-05-15: 분기보고서 (2026.03),4
KPX홀딩스,092230,0,OK,,,,2026-05-29: 기업지배구조보고서공시               | 2026-05-28: 최대주주등소유주식변동신고서               | 2026-05-15: 분기보고서 (2026.03),3
카스,016920,0,OK,,,,2026-05-21: 임원ㆍ주요주주특정증권등소유상황보고서 | 2026-05-15: 주식등의대량보유상황보고서(일반) | 2026-05-15: 임원ㆍ주요주주특정증권등소유상황보고서 | 2026-05-15: 분기보고서 (2026.03),4
삼성출판사,068290,0,OK,,,,2026-06-01: 주요사항보고서(자기주식취득신탁계약체결결정) | 2026-05-29: 기업지배구조보고서공시               | 2026-05-15: 분기보고서 (2026.03) | 2026-05-14: 임원ㆍ주요주주특정증권등소유상황보고서 | 2026-05-14: 최대주주등소유주식변동신고서              ,5
TJ미디어,032540,0,OK,,,,2026-05-26: 임원ㆍ주요주주특정증권등소유상황보고서 | 2026-05-26: 임원ㆍ주요주주특정증권등소유상황보고서 | 2026-05-26: 주식등의대량보유상황보고서(일반) | 2026-05-26: 주식등의대량보유상황보고서(일반) | 2026-05-15: 분기보고서 (2026.03),5
나노,187790,0,OK,,,,2026-05-27: 단기차입금증가결정               | 2026-05-14: 분기보고서 (2026.03) | 2026-05-06: 기업설명회(IR)개최              ,3
사조대림,003960,0,OK,,,,2026-06-01: 기업지배구조보고서공시               | 2026-05-29: 대규모기업집단현황공시[연1회공시및1/4분기용(개별회사)] | 2026-05-15: 분기보고서 (2026.03),3
루닛,328130,0,OK,,,,2026-06-01: 전환사채(해외전환사채포함)발행후만기전사채취득              (제2회차) | 2026-06-01: [기재정정]전환사채(해외전환사채포함)발행후만기전사채취득              (제1회차) | 2026-05-29: 지속가능경영보고서등관련사항(자율공시)               | 2026-05-12: 분기보고서 (2026.03) | 2026-05-08: 주식등의대량보유상황보고서(일반),34
한국수출포장공업,002200,0,OK,,,,2026-06-01: 기업지배구조보고서공시               | 2026-05-15: 분기보고서 (2026.03) | 2026-05-07: 임시주주총회결과              ,3
이씨에스,067010,0,OK,,,,2026-05-21: [기재정정]주주총회소집결의               | 2026-05-21: 현금ㆍ현물배당결정               | 2026-05-21: 주주총회소집결의               | 2026-05-21: 매출액또는손익구조30%(대규모법인은15%)이상변동              ,4
인바이오,352940,0,OK,,,,2026-06-02: 주주총회소집공고 | 2026-06-01: [기재정정]주주총회소집결의              (임시주주총회) | 2026-05-14: 분기보고서 (2026.03) | 2026-05-07: 주주명부폐쇄기간또는기준일설정               | 2026-05-07: 주주총회소집결의              (임시주주총회),5
기가레인,049080,0,OK,,,,2026-05-27: 주식등의대량보유상황보고서(일반) | 2026-05-27: 임원ㆍ주요주주특정증권등소유상황보고서 | 2026-05-15: 분기보고서 (2026.03) | 2026-05-11: 임시주주총회결과               | 2026-05-08: [기재정정]주식병합결정              ,6
깨끗한나라,004540,0,OK,,,,2026-05-29: 기업지배구조보고서공시               | 2026-05-21: [기재정정]신규시설투자등               | 2026-05-15: 분기보고서 (2026.03),3
PS일렉트로닉스,332570,0,OK,,,,2026-05-15: 주식등의대량보유상황보고서(일반) | 2026-05-14: 분기보고서 (2026.03) | 2026-05-04: 증권발행결과(자율공시)               | 2026-05-04: 증권발행결과(자율공시)               | 2026-05-04: 증권발행결과(자율공시)              ,8
산일전기,062040,0,OK,,,,2026-05-28: 기업지배구조보고서공시               | 2026-05-15: 분기보고서 (2026.03) | 2026-05-12: 임원ㆍ주요주주특정증권등소유상황보고서,3
삼원강재,023000,0,OK,,,,2026-06-01: [기재정정]대규모기업집단현황공시[연1회공시및1/4분기용(개별회사)] | 2026-05-29: [기재정정]기업지배구조보고서공시               | 2026-05-29: 기업지배구조보고서공시               | 2026-05-29: 대규모기업집단현황공시[연1회공시및1/4분기용(개별회사)] | 2026-05-15: 분기보고서 (2026.03),5
LS증권,078020,0,OK,,,,2026-06-01: [기재정정]대규모기업집단현황공시[연1회공시및1/4분기용(개별회사)] | 2026-06-01: 대규모기업집단현황공시[연1회공시및1/4분기용(개별회사)] | 2026-05-14: 분기보고서 (2026.03) | 2026-05-06: 소송등의판결ㆍ결정(자율공시:일정금액미만의청구)               | 2026-05-06: 소송등의판결ㆍ결정(자율공시:일정금액미만의청구)              ,8
이수스페셜티케미컬,457190,0,OK,,,,2026-05-29: 기업지배구조보고서공시               | 2026-05-15: 분기보고서 (2026.03) | 2026-05-12: 기업설명회(IR)개최(안내공시)               | 2026-05-12: 기업설명회(IR)개최(안내공시)               | 2026-05-12: 기업설명회(IR)개최(안내공시)              ,5
국전,307750,0,OK,,,,2026-05-28: 주식등의대량보유상황보고서(일반) | 2026-05-27: 신주인수권행사가액의조정               | 2026-05-15: 분기보고서 (2026.03) | 2026-05-12: 주식등의대량보유상황보고서(일반) | 2026-05-07: 주식등의대량보유상황보고서(약식),5
아크솔루션스,203690,0,OK,,,,2026-05-15: 분기보고서 (2026.03) | 2026-05-06: 주주명부폐쇄기간또는기준일설정               | 2026-05-06: 주주총회소집결의              (임시주주총회),3
코오롱생명과학,102940,0,OK,,,,2026-05-29: 대규모기업집단현황공시[연1회공시및1/4분기용(개별회사)] | 2026-05-18: 특수관계인에대한출자 | 2026-05-15: [첨부추가]분기보고서 (2026.03),3
LS티라유텍,322180,0,OK,,,,2026-05-28: 전환주식의전환청구권행사              (상환전환우선주) | 2026-05-28: 임원ㆍ주요주주특정증권등소유상황보고서 | 2026-05-28: 주식등의대량보유상황보고서(일반) | 2026-05-15: 분기보고서 (2026.03) | 2026-05-11: 감자완료              ,5
아티스트스튜디오,200350,0,OK,,,,2026-06-02: 임원ㆍ주요주주특정증권등거래계획보고서 | 2026-06-02: 임원ㆍ주요주주특정증권등거래계획보고서 | 2026-06-02: 주식등의대량보유상황보고서(일반) | 2026-05-15: 분기보고서 (2026.03) | 2026-05-06: 주요사항보고서(소송등의제기),5
삼양홀딩스,000070,0,OK,,,,2026-06-01: 기업지배구조보고서공시               | 2026-06-01: 대규모기업집단현황공시[연1회(동일인용)] | 2026-06-01: 대규모기업집단현황공시[연1회공시및1/4분기용(대표회사)] | 2026-05-20: 벌금등의부과(자회사의 주요경영사항)               | 2026-05-15: 분기보고서 (2026.03),6
대덕,008060,0,OK,,,,2026-05-29: 기업지배구조보고서공시               | 2026-05-15: 분기보고서 (2026.03) | 2026-05-11: 신규시설투자등(자회사의 주요경영사항)              ,3
SFA반도체,036540,0,OK,,,,2026-05-26: 임원ㆍ주요주주특정증권등소유상황보고서 | 2026-05-15: 분기보고서 (2026.03) | 2026-05-12: 금전대여결정              ,3
에스와이스틸텍,365330,0,OK,,,,2026-05-20: 임원ㆍ주요주주특정증권등소유상황보고서 | 2026-05-20: 주식등의대량보유상황보고서(일반) | 2026-05-15: 분기보고서 (2026.03),3
동양건설산업,005900,0,OK,,,,2026-06-02: [기재정정]대규모기업집단현황공시[연1회공시및1/4분기용(개별회사)] | 2026-06-01: 대규모기업집단현황공시[연1회공시및1/4분기용(개별회사)] | 2026-05-15: 분기보고서 (2026.03),3
에스투더블유,488280,0,OK,,,,2026-05-29: [기재정정]타법인주식및출자증권취득결정(자율공시)               | 2026-05-14: 분기보고서 (2026.03) | 2026-05-14: 기업설명회(IR)개최               | 2026-05-07: 주식등의대량보유상황보고서(일반) | 2026-05-06: 임원ㆍ주요주주특정증권등소유상황보고서,5
에스테크엠,0070X0,0,OK,,,,2026-05-29: 기업설명회(IR)개최               | 2026-05-20: 임원ㆍ주요주주특정증권등소유상황보고서 | 2026-05-20: 주식등의대량보유상황보고서(약식) | 2026-05-20: 임원ㆍ주요주주특정증권등소유상황보고서 | 2026-05-20: 주식등의대량보유상황보고서(약식),8
제이스로보틱스,090470,0,OK,,,,2026-05-29: 불성실공시법인미지정              (지정유예) | 2026-05-22: 의결권대리행사권유참고서류 | 2026-05-22: 주주총회소집공고 | 2026-05-15: 분기보고서 (2026.03) | 2026-05-13: [기재정정]주주총회소집결의              (임시주주총회),6
서울옥션,063170,0,OK,,,,2026-05-21: 주식등의대량보유상황보고서(일반) | 2026-05-14: 임원ㆍ주요주주특정증권등소유상황보고서 | 2026-05-14: 분기보고서 (2026.03),3
화승엔터프라이즈,241590,0,OK,,,,2026-06-01: 기업지배구조보고서공시               | 2026-05-20: [기재정정]분기보고서 (2026.03) | 2026-05-14: 분기보고서 (2026.03),3
TP,007980,0,OK,,,,2026-06-01: 기업지배구조보고서공시               | 2026-05-14: 분기보고서 (2026.03) | 2026-05-12: 신탁계약해지결과보고서 | 2026-05-12: 주요사항보고서(자기주식취득신탁계약해지결정),4
엔지켐생명과학,183490,0,OK,,,,2026-06-01: 주식등의대량보유상황보고서(일반) | 2026-05-28: 주식등의대량보유상황보고서(일반) | 2026-05-26: [기재정정]주요사항보고서(자기주식취득신탁계약체결결정) | 2026-05-13: 분기보고서 (2026.03) | 2026-05-08: 주식등의대량보유상황보고서(일반),6
이노에이엑스,296640,0,OK,,,,2026-06-02: 주주총회소집공고 | 2026-05-15: 분기보고서 (2026.03) | 2026-05-13: [기재정정]주주총회소집결의              ,3
제이에스티나,026040,0,OK,,,,2026-05-26: [기재정정]주식등의대량보유상황보고서(약식) | 2026-05-22: 주식등의대량보유상황보고서(약식) | 2026-05-15: 분기보고서 (2026.03),3
모나미,005360,0,OK,,,,2026-06-01: 기업지배구조보고서공시               | 2026-05-15: 주식등의대량보유상황보고서(일반) | 2026-05-15: 분기보고서 (2026.03),3
핸즈코퍼레이션,143210,0,OK,,,,2026-06-01: 기업지배구조보고서공시               | 2026-05-26: 기타시장안내               | 2026-05-26: [기재정정]사업보고서 (2025.12) | 2026-05-26: [기재정정]감사보고서제출               | 2026-05-26: [기재정정]사업보고서 (2025.12),8
더블유에스아이,299170,0,OK,,,,2026-06-02: [기재정정]주식등의대량보유상황보고서(일반) | 2026-05-29: 주식등의대량보유상황보고서(일반) | 2026-05-15: 분기보고서 (2026.03),3
덕산테코피아,317330,0,OK,,,,2026-05-15: 주주총회소집결의              (임시주주총회) | 2026-05-15: 주주명부폐쇄기간또는기준일설정               | 2026-05-08: 분기보고서 (2026.03) | 2026-05-06: 주식등의대량보유상황보고서(일반),4
페이퍼코리아,001020,0,OK,,,,2026-06-01: 기업지배구조보고서공시               | 2026-06-01: [기재정정]주주총회소집결의               | 2026-05-20: [기재정정]주식병합결정               | 2026-05-15: 분기보고서 (2026.03) | 2026-05-13: 주주총회소집결의              ,9
밸로프,331520,0,OK,,,,2026-05-26: 주식등의대량보유상황보고서(약식) | 2026-05-13: 분기보고서 (2026.03) | 2026-05-11: 임원ㆍ주요주주특정증권등소유상황보고서 | 2026-05-06: 주요사항보고서(자기주식취득신탁계약체결결정),4
삼양컴텍,484590,0,OK,,,,2026-05-27: 기업설명회(IR)개최               | 2026-05-22: 기업설명회(IR)개최               | 2026-05-15: 분기보고서 (2026.03),3
노루홀딩스,000320,0,OK,,,,2026-06-01: 기업지배구조보고서공시               | 2026-05-15: 분기보고서 (2026.03) | 2026-05-08: 임원ㆍ주요주주특정증권등소유상황보고서 | 2026-05-08: 주식등의대량보유상황보고서(일반) | 2026-05-08: 최대주주등소유주식변동신고서              ,5
현대코퍼레이션,011760,0,OK,,,,2026-06-01: 최대주주등소유주식변동신고서               | 2026-06-01: 주식등의대량보유상황보고서(일반) | 2026-06-01: 임원ㆍ주요주주특정증권등소유상황보고서 | 2026-05-29: 기업지배구조보고서공시               | 2026-05-15: 분기보고서 (2026.03),5
우리산업,215360,0,OK,,,,2026-05-29: 타인에대한채무보증결정               | 2026-05-29: [기재정정]금전대여결정               | 2026-05-15: 분기보고서 (2026.03),3
메지온,140410,0,OK,,,,2026-05-22: 주요사항보고서(자기전환사채만기전취득결정) | 2026-05-22: 주요사항보고서(자기전환사채만기전취득결정) | 2026-05-21: 소송등의제기ㆍ신청(일정금액이상의청구)               | 2026-05-15: 분기보고서 (2026.03) | 2026-05-12: 증권발행결과(자율공시)              (제6회차 CB),5
벽산,007210,0,OK,,,,2026-06-01: 기업지배구조보고서공시               | 2026-05-22: 주식등의대량보유상황보고서(일반) | 2026-05-15: 분기보고서 (2026.03),3
한화시스템,272210,0,OK,,,,2026-05-29: 기업지배구조보고서공시               | 2026-05-29: 특수관계인과의수익증권거래 | 2026-05-29: 대규모기업집단현황공시[연1회공시및1/4분기용(개별회사)] | 2026-05-13: 분기보고서 (2026.03) | 2026-05-13: [기재정정]사업보고서 (2025.12),7
일월지엠엘,178780,0,OK,,,,2026-05-26: 주식등의대량보유상황보고서(일반) | 2026-05-26: 임원ㆍ주요주주특정증권등소유상황보고서 | 2026-05-14: 분기보고서 (2026.03) | 2026-05-12: 주식등의대량보유상황보고서(일반) | 2026-05-12: 임원ㆍ주요주주특정증권등소유상황보고서,5
뉴프렉스,085670,0,OK,,,,2026-05-15: 분기보고서 (2026.03) | 2026-05-14: 임시주주총회결과               | 2026-05-14: 대표이사변경              ,3
SAMG엔터,419530,0,OK,,,,2026-05-27: 주식매수선택권행사               | 2026-05-15: 기업설명회(IR)개최               | 2026-05-15: 분기보고서 (2026.03),3
채비,0011T0,0,OK,,,,2026-05-15: 분기보고서 (2026.03) | 2026-05-07: 임원ㆍ주요주주특정증권등소유상황보고서 | 2026-05-07: 임원ㆍ주요주주특정증권등소유상황보고서 | 2026-05-07: 임원ㆍ주요주주특정증권등소유상황보고서 | 2026-05-07: 임원ㆍ주요주주특정증권등소유상황보고서,17
더네이쳐홀딩스,298540,0,OK,,,,2026-06-01: 주식등의대량보유상황보고서(일반) | 2026-06-01: 임원ㆍ주요주주특정증권등소유상황보고서 | 2026-05-22: [기재정정]주권관련사채권의취득결정               | 2026-05-20: 주식등의대량보유상황보고서(일반) | 2026-05-19: 임원ㆍ주요주주특정증권등소유상황보고서,9
유니온,000910,0,OK,,,,2026-06-01: 주식등의대량보유상황보고서(일반) | 2026-06-01: 임원ㆍ주요주주특정증권등소유상황보고서 | 2026-06-01: 최대주주등소유주식변동신고서               | 2026-06-01: 기업지배구조보고서공시               | 2026-05-15: 분기보고서 (2026.03),5
엑시큐어하이트론,019490,0,OK,,,,2026-06-02: 기업지배구조보고서공시               | 2026-05-21: 대표이사(대표집행임원)변경(안내공시)               | 2026-05-21: 임시주주총회결과               | 2026-05-15: 분기보고서 (2026.03) | 2026-05-06: 의결권대리행사권유참고서류,6
보령,003850,0,OK,,,,2026-06-01: 지속가능경영보고서등관련사항(자율공시)               | 2026-06-01: [기재정정]투자판단관련주요경영사항              (유방암 치료제 탁소텔(Taxotere)의 글로벌 비즈니스 인수 계약의 건) | 2026-05-29: 기업지배구조보고서공시               | 2026-05-14: 분기보고서 (2026.03) | 2026-05-06: 임원ㆍ주요주주특정증권등소유상황보고서,7
SNT에너지,100840,0,OK,,,,2026-05-29: 기업지배구조보고서공시               | 2026-05-14: 대표이사(대표집행임원)변경(안내공시)               | 2026-05-12: 분기보고서 (2026.03) | 2026-05-12: 현금ㆍ현물배당결정              ,4
한국정보인증,053300,0,OK,,,,2026-06-01: 대규모기업집단현황공시[연1회공시및1/4분기용(개별회사)] | 2026-05-14: 분기보고서 (2026.03) | 2026-05-04: 감자완료              ,3
효성티앤씨,298020,0,OK,,,,2026-06-01: 임원ㆍ주요주주특정증권등소유상황보고서 | 2026-06-01: 주식등의대량보유상황보고서(약식) | 2026-05-29: 기업지배구조보고서공시               | 2026-05-29: 대규모기업집단현황공시[연1회공시및1/4분기용(개별회사)] | 2026-05-14: [기재정정]분기보고서 (2026.03),7
삼양패키징,272550,0,OK,,,,2026-06-01: 기업지배구조보고서공시               | 2026-06-01: 대규모기업집단현황공시[연1회공시및1/4분기용(개별회사)] | 2026-05-15: 분기보고서 (2026.03),3
한솔제지,213500,0,OK,,,,2026-05-29: 기업지배구조보고서공시               | 2026-05-27: 대규모기업집단현황공시[연1회공시및1/4분기용(개별회사)] | 2026-05-14: 분기보고서 (2026.03),3
LG전자,066570,0,OK,,,,2026-06-01: 대규모기업집단현황공시[연1회공시및1/4분기용(개별회사)] | 2026-05-29: 기업지배구조보고서공시               | 2026-05-28: 증권발행실적보고서 | 2026-05-28: 투자설명서 | 2026-05-27: [발행조건확정]증권신고서(채무증권),13
오픈놀,440320,0,OK,,,,2026-05-19: [기재정정]기업설명회(IR)개최               | 2026-05-18: 기업설명회(IR)개최               | 2026-05-13: 분기보고서 (2026.03),3
케이씨피드,025880,0,OK,,,,2026-05-27: 신규시설투자등               | 2026-05-21: 임원ㆍ주요주주특정증권등소유상황보고서 | 2026-05-14: 분기보고서 (2026.03),3
INVENI,015360,0,OK,,,,2026-06-02: 임원ㆍ주요주주특정증권등소유상황보고서 | 2026-06-02: 주식등의대량보유상황보고서(일반) | 2026-06-02: 최대주주등소유주식변동신고서               | 2026-06-01: 대규모기업집단현황공시[연1회공시및1/4분기용(개별회사)] | 2026-05-29: 기업지배구조보고서공시              ,9
케이피항공산업,288180,0,OK,,,,2026-05-26: 주식등의대량보유상황보고서(약식) | 2026-05-26: 주식등의대량보유상황보고서(일반) | 2026-05-26: 임원ㆍ주요주주특정증권등소유상황보고서 | 2026-05-26: 임원ㆍ주요주주특정증권등소유상황보고서 | 2026-05-26: 임원ㆍ주요주주특정증권등소유상황보고서,16
금호에이치티,214330,0,OK,,,,2026-06-01: 기업지배구조보고서공시               | 2026-05-28: 최대주주등소유주식변동신고서               | 2026-05-28: 임원ㆍ주요주주특정증권등소유상황보고서 | 2026-05-14: 분기보고서 (2026.03),4
현우산업,092300,0,OK,,,,2026-05-21: 주식등의대량보유상황보고서(약식) | 2026-05-12: 분기보고서 (2026.03) | 2026-05-06: 임원ㆍ주요주주특정증권등소유상황보고서 | 2026-05-06: 전환청구권행사              ,4
티에프이,425420,0,OK,,,,2026-05-19: 기업설명회(IR)개최               | 2026-05-15: 분기보고서 (2026.03) | 2026-05-13: 주주명부폐쇄기간또는기준일설정               | 2026-05-13: 주주총회소집결의               | 2026-05-11: 기업설명회(IR)개최              ,5
YG PLUS,037270,0,OK,,,,2026-05-29: 기업지배구조보고서공시               | 2026-05-19: 투자판단관련주요경영사항               | 2026-05-15: 분기보고서 (2026.03) | 2026-05-11: [기재정정]주권관련사채권의취득결정              ,4
SIMPAC,009160,0,OK,,,,2026-06-02: 임원ㆍ주요주주특정증권등소유상황보고서 | 2026-06-01: 기업지배구조보고서공시               | 2026-05-29: 임원ㆍ주요주주특정증권등소유상황보고서 | 2026-05-27: 임원ㆍ주요주주특정증권등소유상황보고서 | 2026-05-15: 분기보고서 (2026.03),9
우리산업홀딩스,072470,0,OK,,,,2026-05-29: 타인에대한채무보증결정(자회사의 주요경영사항)               | 2026-05-29: [기재정정]금전대여결정(자회사의 주요경영사항)               | 2026-05-15: 분기보고서 (2026.03),3
한국선재,025550,0,OK,,,,2026-06-01: 타법인주식및출자증권처분결정               | 2026-05-15: 분기보고서 (2026.03) | 2026-05-12: 주식등의대량보유상황보고서(약식),3
엔에이치기업인수목적30호,466910,0,OK,,,,2026-05-11: 주식등의대량보유상황보고서(약식) | 2026-05-08: 주식등의대량보유상황보고서(약식) | 2026-05-08: 임원ㆍ주요주주특정증권등소유상황보고서 | 2026-05-08: 주식등의대량보유상황보고서(일반) | 2026-05-07: 주식등의대량보유상황보고서(일반),5
JK리버스톤리츠,204210,0,OK,,,,2026-05-29: 기업지배구조보고서공시               | 2026-05-29: 부동산투자회사자산보관위탁계약체결               | 2026-05-28: [기재정정]주주총회소집결의               | 2026-05-27: 기타시장안내              (상장폐지결정 효력정지 가처분 신청 기각결정에 따른 정리매매절차 재개) | 2026-05-07: 분기보고서 (2026.03),5
모나용평,070960,0,OK,,,,2026-05-29: 기업지배구조보고서공시               | 2026-05-26: 기타경영사항(자율공시)               | 2026-05-15: 분기보고서 (2026.03),3
제일기획,030000,0,OK,,,,2026-06-01: 기업지배구조보고서공시               | 2026-06-01: 대규모기업집단현황공시[연1회공시및1/4분기용(개별회사)] | 2026-05-29: 최대주주등소유주식변동신고서               | 2026-05-15: 분기보고서 (2026.03) | 2026-05-08: 최대주주등소유주식변동신고서              ,5
코스모신소재,005070,0,OK,,,,2026-06-02: [기재정정]분기보고서 (2026.03) | 2026-06-02: [기재정정]사업보고서 (2025.12) | 2026-05-29: 기업지배구조보고서공시               | 2026-05-22: 주식등의대량보유상황보고서(일반) | 2026-05-15: 분기보고서 (2026.03),6
엘브이엠씨,900140,0,OK,,,,2026-06-01: 기업지배구조보고서공시               | 2026-06-01: [기재정정]분기보고서 (2026.03) | 2026-05-28: 분기보고서 (2026.03) | 2026-05-28: 기업설명회(IR)개최(안내공시)               | 2026-05-08: 주식등의대량보유상황보고서(일반),5
LX인터내셔널,001120,0,OK,,,,2026-05-29: 대규모기업집단현황공시[연1회공시및1/4분기용(개별회사)] | 2026-05-29: 기업지배구조보고서공시               | 2026-05-15: 분기보고서 (2026.03),3
오리엔트바이오,002630,0,OK,,,,2026-06-01: 기업지배구조보고서공시               | 2026-05-15: 매출액또는손익구조30%(대규모법인은15%)이상변경               | 2026-05-07: 임시주주총회결과              ,3
YTN,040300,0,OK,,,,2026-05-29: 대규모기업집단현황공시[연1회공시및1/4분기용(개별회사)] | 2026-05-27: [기재정정]주주총회소집결의              (임시주주총회) | 2026-05-15: 분기보고서 (2026.03),3
블루엠텍,439580,0,OK,,,,2026-05-29: 임원ㆍ주요주주특정증권등소유상황보고서 | 2026-05-29: 주식등의대량보유상황보고서(일반) | 2026-05-15: 분기보고서 (2026.03),3
사조오양,006090,0,OK,,,,2026-06-01: 기업지배구조보고서공시               | 2026-05-29: 최대주주등소유주식변동신고서               | 2026-05-29: 임원ㆍ주요주주특정증권등소유상황보고서 | 2026-05-29: 대규모기업집단현황공시[연1회공시및1/4분기용(개별회사)] | 2026-05-18: 최대주주등소유주식변동신고서              ,9
서연,007860,0,OK,,,,2026-06-01: 기업지배구조보고서공시               | 2026-05-21: 최대주주등소유주식변동신고서               | 2026-05-21: 주식등의대량보유상황보고서(일반) | 2026-05-21: 임원ㆍ주요주주특정증권등소유상황보고서 | 2026-05-15: 분기보고서 (2026.03),6
ISC,095340,0,OK,,,,2026-06-02: 주식등의대량보유상황보고서(약식) | 2026-05-29: 대규모기업집단현황공시[연1회공시및1/4분기용(개별회사)] | 2026-05-18: [기재정정]지급수단별ㆍ지급기간별지급금액및분쟁조정기구에관한사항 | 2026-05-15: 분기보고서 (2026.03) | 2026-05-06: 기업설명회(IR)개최              ,5
한올바이오파마,009420,0,OK,,,,2026-06-01: 기업지배구조보고서공시               | 2026-05-28: 기업설명회(IR)개최(안내공시)               | 2026-05-20: [기재정정]투자판단관련주요경영사항               | 2026-05-15: 분기보고서 (2026.03) | 2026-05-06: 자기주식처분결과보고서,9
태영건설,009410,0,OK,,,,2026-05-29: 대규모기업집단현황공시[연1회공시및1/4분기용(개별회사)] | 2026-05-29: 기업지배구조보고서공시               | 2026-05-27: 기타안내사항(안내공시)               | 2026-05-15: 분기보고서 (2026.03),4
엘디티,096870,0,OK,,,,2026-05-27: 주요사항보고서(소송등의제기) | 2026-05-26: 소송등의제기ㆍ신청(경영권분쟁소송)              (주주총회소집허가) | 2026-05-15: 분기보고서 (2026.03),3
참엔지니어링,009310,0,OK,,,,2026-06-01: 기타시장안내              (상장적격성 실질심사 결과 안내) | 2026-06-01: 기업지배구조보고서공시               | 2026-05-15: 분기보고서 (2026.03) | 2026-05-08: 주주명부폐쇄기간또는기준일설정               | 2026-05-08: 주주총회소집결의              ,5
OCI홀딩스,010060,0,OK,,,,2026-06-01: 기업지배구조보고서공시               | 2026-05-29: 지속가능경영보고서등관련사항(자율공시)               | 2026-05-29: 대규모기업집단현황공시[연1회(동일인용)] | 2026-05-29: 대규모기업집단현황공시[연1회공시및1/4분기용(대표회사)] | 2026-05-29: 주식등의대량보유상황보고서(일반),10
엔알비,475230,0,OK,,,,2026-05-18: [기재정정]분기보고서 (2026.03) | 2026-05-15: [기재정정]분기보고서 (2026.03) | 2026-05-15: 분기보고서 (2026.03),3
미원에스씨,268280,0,OK,,,,2026-05-29: 최대주주등소유주식변동신고서               | 2026-05-29: 기업지배구조보고서공시               | 2026-05-15: 분기보고서 (2026.03) | 2026-05-14: 최대주주등소유주식변동신고서               | 2026-05-14: 주식등의대량보유상황보고서(일반),8
이리츠코크렙,088260,0,OK,,,,2026-06-02: 주식등의대량보유상황보고서(일반) | 2026-06-01: 주식등의대량보유상황보고서(약식) | 2026-05-29: 기업지배구조보고서공시               | 2026-05-29: 대규모기업집단현황공시[연1회공시및1/4분기용(개별회사)] | 2026-05-28: 임원ㆍ주요주주특정증권등소유상황보고서,10
티씨케이,064760,0,OK,,,,2026-05-15: 기업설명회(IR)개최               | 2026-05-15: 분기보고서 (2026.03) | 2026-05-07: 주식등의대량보유상황보고서(약식) | 2026-05-04: 기업가치제고계획(자율공시)              (2025년 이행현황),4
SNT홀딩스,036530,0,OK,,,,2026-05-29: 기업지배구조보고서공시               | 2026-05-12: [기재정정]현금ㆍ현물배당결정(자회사의 주요경영사항)               | 2026-05-12: 분기보고서 (2026.03) | 2026-05-12: 현금ㆍ현물배당결정(자회사의 주요경영사항)               | 2026-05-12: 현금ㆍ현물배당결정(자회사의 주요경영사항)              ,7
E1,017940,0,OK,,,,2026-06-02: 최대주주등소유주식변동신고서               | 2026-06-02: 주식등의대량보유상황보고서(일반) | 2026-06-01: 풍문또는보도에대한해명               | 2026-06-01: 대규모기업집단현황공시[연1회공시및1/4분기용(개별회사)] | 2026-05-29: 기업지배구조보고서공시              ,10
이지스,261520,0,OK,,,,2026-05-15: [기재정정]분기보고서 (2026.03) | 2026-05-15: 기업설명회(IR)개최               | 2026-05-15: 분기보고서 (2026.03),3
엘앤에프,066970,0,OK,,,,2026-06-01: 기업지배구조보고서공시               | 2026-05-27: 주식등의대량보유상황보고서(일반) | 2026-05-27: 금전대여결정               | 2026-05-15: 분기보고서 (2026.03) | 2026-05-14: 임원ㆍ주요주주특정증권등소유상황보고서,6
롯데지주,004990,0,OK,,,,2026-06-02: 금전대여결정(자회사의 주요경영사항)               | 2026-06-02: 타인에대한채무보증결정(자회사의 주요경영사항)               | 2026-06-01: [기재정정]대규모기업집단현황공시[연1회공시및1/4분기용(대표회사)] | 2026-06-01: 대규모기업집단현황공시[연1회(동일인용)] | 2026-05-29: 기업지배구조보고서공시              ,11
카이노스메드,284620,0,OK,,,,2026-05-29: [기재정정]단일판매ㆍ공급계약해지               | 2026-05-29: 단일판매ㆍ공급계약해지               | 2026-05-15: 분기보고서 (2026.03),3
유진테크,084370,0,OK,,,,2026-05-13: 분기보고서 (2026.03) | 2026-05-07: 주식등의대량보유상황보고서(약식) | 2026-05-06: 임원ㆍ주요주주특정증권등소유상황보고서 | 2026-05-06: 자기주식처분결과보고서,4
전북은행,006350,0,OK,,,,2026-05-15: [기재정정]일괄신고서 | 2026-05-15: 분기보고서 (2026.03) | 2026-05-11: 증권발행실적보고서 | 2026-05-08: 투자설명서(일괄신고) | 2026-05-08: 일괄신고추가서류,5
이월드,084680,0,OK,,,,2026-05-29: 기업지배구조보고서공시               | 2026-05-29: 대규모기업집단현황공시[연1회공시및1/4분기용(개별회사)] | 2026-05-15: 분기보고서 (2026.03),3
율촌화학,008730,0,OK,,,,2026-05-29: 대규모기업집단현황공시[연1회공시및1/4분기용(개별회사)] | 2026-05-29: 기업지배구조보고서공시               | 2026-05-15: 분기보고서 (2026.03),3
코아시아씨엠,196450,0,OK,,,,2026-05-19: 주주명부폐쇄기간또는기준일설정               | 2026-05-19: 주주총회소집결의              (임시주주총회) | 2026-05-14: 분기보고서 (2026.03),3
리브스메드,491000,0,OK,,,,2026-05-15: 분기보고서 (2026.03) | 2026-05-13: [첨부정정]주요사항보고서(유형자산양수결정) | 2026-05-13: 주요사항보고서(유형자산양수결정),3
신한지주,055550,0,OK,,,,2026-06-01: [기재정정]상각형조건부자본증권발행결정(자회사의 주요경영사항)               | 2026-05-28: 기업설명회(IR)개최(안내공시)               | 2026-05-15: 최대주주등소유주식변동신고서               | 2026-05-15: [기재정정]일괄신고서 | 2026-05-15: 분기보고서 (2026.03),13
지슨,446840,0,OK,,,,2026-05-28: 임시주주총회결과               | 2026-05-15: 분기보고서 (2026.03) | 2026-05-13: 주주총회소집공고,3
케이옥션,102370,0,OK,,,,2026-05-29: 임원ㆍ주요주주특정증권등거래계획보고서 | 2026-05-29: 임원ㆍ주요주주특정증권등소유상황보고서 | 2026-05-29: 주식등의대량보유상황보고서(일반) | 2026-05-27: 임원ㆍ주요주주특정증권등소유상황보고서 | 2026-05-27: 임원ㆍ주요주주특정증권등소유상황보고서,10
서울식품공업,004410,0,OK,,,,2026-05-28: 기업지배구조보고서공시               | 2026-05-19: 임원ㆍ주요주주특정증권등소유상황보고서 | 2026-05-19: 임원ㆍ주요주주특정증권등소유상황보고서 | 2026-05-19: 임원ㆍ주요주주특정증권등소유상황보고서 | 2026-05-19: 임원ㆍ주요주주특정증권등소유상황보고서,8
SBS,034120,0,OK,,,,2026-05-29: 주식등의대량보유상황보고서(일반) | 2026-05-29: 기업지배구조보고서공시               | 2026-05-29: 대규모기업집단현황공시[연1회공시및1/4분기용(개별회사)] | 2026-05-15: 분기보고서 (2026.03),4
더핑크퐁컴퍼니,403850,0,OK,,,,2026-05-26: 임원ㆍ주요주주특정증권등소유상황보고서 | 2026-05-26: 주식등의대량보유상황보고서(일반) | 2026-05-15: 분기보고서 (2026.03),3
압타머사이언스,291650,0,OK,,,,2026-05-21: 주주명부폐쇄기간또는기준일설정               | 2026-05-21: 주주총회소집결의              (임시주주총회) | 2026-05-15: 분기보고서 (2026.03),3
아이파크영창,001890,0,OK,,,,2026-05-29: 대규모기업집단현황공시[연1회공시및1/4분기용(개별회사)] | 2026-05-18: 회생절차개시결정 | 2026-05-15: 분기보고서 (2026.03),3
일양약품,007570,0,OK,,,,2026-06-01: 기업지배구조보고서공시               | 2026-05-28: 임원ㆍ주요주주특정증권등소유상황보고서 | 2026-05-28: 임원ㆍ주요주주특정증권등소유상황보고서 | 2026-05-15: 분기보고서 (2026.03) | 2026-05-14: 타법인주식및출자증권취득결정              ,5
DXVX,180400,0,OK,,,,2026-05-15: 분기보고서 (2026.03) | 2026-05-13: 임원ㆍ주요주주특정증권등소유상황보고서 | 2026-05-13: 주식등의대량보유상황보고서(일반),3
효성화학,298000,0,OK,,,,2026-05-29: 대규모기업집단현황공시[연1회공시및1/4분기용(개별회사)] | 2026-05-29: 기업지배구조보고서공시               | 2026-05-21: 주요사항보고서(자본으로인정되는채무증권발행결정) | 2026-05-21: 임원ㆍ주요주주특정증권등소유상황보고서 | 2026-05-21: 주식등의대량보유상황보고서(일반),9
유니드,014830,0,OK,,,,2026-05-29: 기업지배구조보고서공시               | 2026-05-29: 대규모기업집단현황공시[연1회공시및1/4분기용(개별회사)] | 2026-05-27: 주식등의대량보유상황보고서(일반) | 2026-05-22: 임원ㆍ주요주주특정증권등소유상황보고서 | 2026-05-22: 임원ㆍ주요주주특정증권등소유상황보고서,8
에스원,012750,0,OK,,,,2026-06-01: 대규모기업집단현황공시[연1회공시및1/4분기용(개별회사)] | 2026-06-01: 기업지배구조보고서공시               | 2026-05-15: 분기보고서 (2026.03) | 2026-05-15: 동일인등출자계열회사와의상품ㆍ용역거래변경 | 2026-05-11: 기업설명회(IR)개최(안내공시)              ,7
캐스텍코리아,071850,0,OK,,,,2026-05-27: 주식등의대량보유상황보고서(일반) | 2026-05-22: 소송등의판결ㆍ결정              (주주총회결의무효확인 등) | 2026-05-15: 분기보고서 (2026.03) | 2026-05-12: 기타경영사항(자율공시)              (주주총회결의취소 소송판결에 대한 상고제기),4
이지트로닉스,377330,0,OK,,,,2026-05-15: 분기보고서 (2026.03) | 2026-05-11: 주주총회소집결의              (임시주주총회) | 2026-05-11: 주주명부폐쇄기간또는기준일설정              ,3
이엘씨,041520,0,OK,,,,2026-05-22: [기재정정]주식등의대량보유상황보고서(일반) | 2026-05-22: 주식등의대량보유상황보고서(일반) | 2026-05-22: 임원ㆍ주요주주특정증권등소유상황보고서 | 2026-05-14: 분기보고서 (2026.03),4
노바렉스,194700,0,OK,,,,2026-05-15: 주식등의대량보유상황보고서(일반) | 2026-05-15: 임원ㆍ주요주주특정증권등소유상황보고서 | 2026-05-15: 분기보고서 (2026.03),3
HB솔루션,297890,0,OK,,,,2026-05-21: 주주명부폐쇄기간또는기준일설정               | 2026-05-21: 주주총회소집결의              (임시주주총회) | 2026-05-15: 분기보고서 (2026.03),3
한국자산신탁,123890,0,OK,,,,2026-06-01: 대규모기업집단현황공시[연1회공시및1/4분기용(개별회사)] | 2026-05-29: 기업지배구조보고서공시               | 2026-05-15: 분기보고서 (2026.03),3
CG인바이츠,083790,0,OK,,,,2026-05-29: 불성실공시법인지정예고              (공시변경) | 2026-05-18: 임원ㆍ주요주주특정증권등소유상황보고서 | 2026-05-14: 주주명부폐쇄기간또는기준일설정               | 2026-05-14: 분기보고서 (2026.03) | 2026-05-13: 임원ㆍ주요주주특정증권등소유상황보고서,6
다올투자증권,030210,0,OK,,,,2026-05-19: 임원ㆍ주요주주특정증권등소유상황보고서 | 2026-05-19: 주식등의대량보유상황보고서(일반) | 2026-05-19: 최대주주등소유주식변동신고서               | 2026-05-15: 분기보고서 (2026.03) | 2026-05-04: [기재정정]소송등의제기ㆍ신청(일정금액이상의청구)              ,5
아모레퍼시픽홀딩스,002790,0,OK,,,,2026-06-01: 대규모기업집단현황공시[연1회공시및1/4분기용(대표회사)] | 2026-06-01: 대규모기업집단현황공시[연1회(동일인용)] | 2026-05-28: 기업지배구조보고서공시               | 2026-05-15: 분기보고서 (2026.03) | 2026-05-04: 자기주식처분결과보고서,5
푸른저축은행,007330,0,OK,,,,2026-05-29: 대규모기업집단현황공시[연1회공시및1/4분기용(개별회사)] | 2026-05-26: 임원ㆍ주요주주특정증권등소유상황보고서 | 2026-05-15: 분기보고서 (2026.03),3
체리부로,066360,0,OK,,,,2026-05-21: 주주총회소집결의              (임시주주총회) | 2026-05-21: 주주명부폐쇄기간또는기준일설정               | 2026-05-21: 주식병합결정               | 2026-05-14: 분기보고서 (2026.03),4
에이텍모빌리티,224110,0,OK,,,,2026-05-26: 임원ㆍ주요주주특정증권등소유상황보고서 | 2026-05-19: 주식등의대량보유상황보고서(일반) | 2026-05-19: 임원ㆍ주요주주특정증권등소유상황보고서 | 2026-05-15: 분기보고서 (2026.03),4
아이에이,038880,0,OK,,,,2026-05-26: 임시주주총회결과               | 2026-05-15: 분기보고서 (2026.03) | 2026-05-11: 의결권대리행사권유참고서류 | 2026-05-11: 임원ㆍ주요주주특정증권등소유상황보고서 | 2026-05-11: 임원ㆍ주요주주특정증권등소유상황보고서,6
크라우드웍스,355390,0,OK,,,,"2026-05-21: [기재정정]주주총회소집결의              (임시주주총회) | 2026-05-15: 분기보고서 (2026.03) | 2026-05-06: 투자판단관련주요경영사항              (국책과제 선정 (피지컬 AI 모델 학습을 위한 월드 파운데이션 모델 기술개발,  과학기술정보통신부) | 2026-05-06: 소액공모실적보고서 | 2026-05-06: 증권발행결과(자율공시)              (제3자배정-소액공모)",5
한글과컴퓨터,030520,0,OK,,,,2026-06-02: 임원ㆍ주요주주특정증권등소유상황보고서 | 2026-06-02: 임원ㆍ주요주주특정증권등소유상황보고서 | 2026-05-18: 주식매수선택권부여에관한신고 | 2026-05-18: 기업설명회(IR)개최               | 2026-05-18: 주주총회소집결의              (임시주주총회),8
엑사이엔씨,054940,0,OK,,,,2026-06-01: 주주총회소집결의              (임시주주총회) | 2026-06-01: 주식병합결정               | 2026-06-01: 주주명부폐쇄기간또는기준일설정               | 2026-05-14: 분기보고서 (2026.03),4
플라즈맵,405000,0,OK,,,,2026-06-02: 임원ㆍ주요주주특정증권등소유상황보고서 | 2026-06-02: 주식등의대량보유상황보고서(일반) | 2026-05-15: 분기보고서 (2026.03),3
스마트레이더시스템,424960,0,OK,,,,2026-05-18: 전환사채(해외전환사채포함)발행후만기전사채취득              (제1회차) | 2026-05-14: 분기보고서 (2026.03) | 2026-05-13: 임원ㆍ주요주주특정증권등소유상황보고서 | 2026-05-13: 임원ㆍ주요주주특정증권등소유상황보고서 | 2026-05-13: 주식등의대량보유상황보고서(일반),6
코리아에프티,123410,0,OK,,,,2026-05-27: 기업설명회(IR)개최               | 2026-05-21: 주요사항보고서(자기주식취득신탁계약체결결정) | 2026-05-19: 임원ㆍ주요주주특정증권등소유상황보고서 | 2026-05-15: 분기보고서 (2026.03),4
퀄리타스반도체,432720,0,OK,,,,2026-05-15: 분기보고서 (2026.03) | 2026-05-08: 임원ㆍ주요주주특정증권등소유상황보고서 | 2026-05-08: 임원ㆍ주요주주특정증권등소유상황보고서 | 2026-05-08: 주식등의대량보유상황보고서(일반),4
이퓨쳐,134060,0,OK,,,,2026-06-02: 주요사항보고서(자기주식취득신탁계약체결결정) | 2026-05-27: 주식등의대량보유상황보고서(일반) | 2026-05-27: 임원ㆍ주요주주특정증권등소유상황보고서 | 2026-05-15: 분기보고서 (2026.03),4
엔비알모션,0004V0,0,OK,,,,2026-05-27: [기재정정]기업설명회(IR)개최               | 2026-05-26: 기업설명회(IR)개최               | 2026-05-14: 분기보고서 (2026.03) | 2026-05-14: [기재정정]사업보고서 (2025.12) | 2026-05-06: 기업설명회(IR)개최              ,5
에코프로머티,450080,0,OK,,,,2026-05-29: 기업지배구조보고서공시               | 2026-05-29: 대규모기업집단현황공시[연1회공시및1/4분기용(개별회사)] | 2026-05-15: 분기보고서 (2026.03) | 2026-05-13: 기타안내사항(안내공시)               | 2026-05-08: 임원ㆍ주요주주특정증권등거래계획보고서,11
지에프씨생명과학,388610,0,OK,,,,2026-05-22: 주식등의대량보유상황보고서(일반) | 2026-05-22: 임원ㆍ주요주주특정증권등소유상황보고서 | 2026-05-20: 기업설명회(IR)개최               | 2026-05-13: 분기보고서 (2026.03),4
비나텍,126340,0,OK,,,,2026-05-27: 주식등의대량보유상황보고서(일반) | 2026-05-27: [기재정정]임원ㆍ주요주주특정증권등소유상황보고서 | 2026-05-27: [기재정정]임원ㆍ주요주주특정증권등소유상황보고서 | 2026-05-26: 임원ㆍ주요주주특정증권등소유상황보고서 | 2026-05-26: 임원ㆍ주요주주특정증권등소유상황보고서,9
파루,043200,0,OK,,,,2026-06-02: 주주총회소집결의               | 2026-06-02: 주식병합결정               | 2026-06-02: 주주명부폐쇄기간또는기준일설정               | 2026-05-15: 분기보고서 (2026.03),4
한일단조,024740,0,OK,,,,2026-05-20: 주식등의대량보유상황보고서(일반) | 2026-05-15: 분기보고서 (2026.03) | 2026-05-15: [기재정정]사업보고서 (2025.12),3
우리기술투자,041190,0,OK,,,,2026-05-22: 주식등의대량보유상황보고서(일반) | 2026-05-15: 분기보고서 (2026.03) | 2026-05-04: 주식등의대량보유상황보고서(일반),3
드림씨아이에스,223250,0,OK,,,,2026-05-27: 임원ㆍ주요주주특정증권등소유상황보고서 | 2026-05-27: 임원ㆍ주요주주특정증권등소유상황보고서 | 2026-05-26: 임원ㆍ주요주주특정증권등소유상황보고서 | 2026-05-14: 분기보고서 (2026.03),4
신흥,004080,0,OK,,,,2026-05-29: 기업지배구조보고서공시               | 2026-05-29: 임원ㆍ주요주주특정증권등소유상황보고서 | 2026-05-29: 임원ㆍ주요주주특정증권등소유상황보고서 | 2026-05-29: 임원ㆍ주요주주특정증권등소유상황보고서 | 2026-05-29: 임원ㆍ주요주주특정증권등소유상황보고서,10
미코,059090,0,OK,,,,2026-06-02: 주식등의대량보유상황보고서(약식) | 2026-05-15: 분기보고서 (2026.03) | 2026-05-07: 기업설명회(IR)개최               | 2026-05-06: 주식등의대량보유상황보고서(약식),4
부산은행,005280,0,OK,,,,2026-06-02: 투자설명서(일괄신고) | 2026-06-02: 일괄신고추가서류 | 2026-05-26: 효력발생안내( 2026.5.15. 제출 일괄신고서 ) | 2026-05-15: 일괄신고서 | 2026-05-15: 분기보고서 (2026.03),12
큐리오시스,494120,0,OK,,,,2026-05-15: 분기보고서 (2026.03) | 2026-05-14: 기업설명회(IR)개최               | 2026-05-12: 임원ㆍ주요주주특정증권등소유상황보고서 | 2026-05-12: 임원ㆍ주요주주특정증권등소유상황보고서 | 2026-05-12: 임원ㆍ주요주주특정증권등소유상황보고서,5
유니켐,011330,0,OK,,,,2026-06-01: 대표이사(대표집행임원)변경(안내공시)               | 2026-05-29: 기업지배구조보고서공시               | 2026-05-26: 주식등의대량보유상황보고서(일반) | 2026-05-15: 분기보고서 (2026.03) | 2026-05-14: 임시주주총회결과              ,6
미래에셋글로벌리츠,396690,0,OK,,,,2026-05-29: 주주총회소집결의               | 2026-05-29: 부동산투자회사금전배당결정               | 2026-05-29: 기업지배구조보고서공시               | 2026-05-14: 임원ㆍ주요주주특정증권등소유상황보고서 | 2026-05-08: 임원ㆍ주요주주특정증권등소유상황보고서,6
기산텔레콤,035460,0,OK,,,,2026-05-15: 임원ㆍ주요주주특정증권등소유상황보고서 | 2026-05-15: 임원ㆍ주요주주특정증권등소유상황보고서 | 2026-05-15: 임원ㆍ주요주주특정증권등소유상황보고서 | 2026-05-15: 임원ㆍ주요주주특정증권등소유상황보고서 | 2026-05-15: 임원ㆍ주요주주특정증권등소유상황보고서,10
한국제지,027970,0,OK,,,,2026-05-29: 기업지배구조보고서공시               | 2026-05-29: 주주총회소집공고 | 2026-05-29: 주주총회소집결의               | 2026-05-29: 주주명부폐쇄기간또는기준일설정               | 2026-05-29: 주식병합결정              ,6
동원시스템즈,014820,0,OK,,,,2026-06-01: 대규모기업집단현황공시[연1회공시및1/4분기용(개별회사)] | 2026-05-29: 기업지배구조보고서공시               | 2026-05-14: 분기보고서 (2026.03) | 2026-05-14: [기재정정]사업보고서 (2025.12),4
아이엠,101390,0,OK,,,,2026-05-15: 기타시장안내              (상장적격성 실질심사 사유 추가 관련 절차 미진행) | 2026-05-15: 반기또는분기매출액미달사실발생               | 2026-05-15: 분기보고서 (2026.03),3
에이블씨엔씨,078520,0,OK,,,,2026-05-29: 기업지배구조보고서공시               | 2026-05-13: 현금ㆍ현물배당을위한주주명부폐쇄(기준일)결정               | 2026-05-13: 분기보고서 (2026.03) | 2026-05-12: 풍문또는보도에대한해명               | 2026-05-12: 신탁계약에의한취득상황보고서,5
EG,037370,0,OK,,,,2026-05-29: 임시주주총회결과               | 2026-05-26: 주식등의대량보유상황보고서(일반) | 2026-05-14: 분기보고서 (2026.03) | 2026-05-13: 의결권대리행사권유참고서류 | 2026-05-13: 주주총회소집공고,5
아이큐어,175250,0,OK,,,,2026-05-22: 투자판단관련주요경영사항(임상시험계획자진취하등)              (도네페질패취의 미국 FDA 제1상 임상시험계획 자진취하) | 2026-05-15: [기재정정]분기보고서 (2026.03) | 2026-05-15: 분기보고서 (2026.03) | 2026-05-07: [기재정정]사업보고서 (2025.12),4
삼립,005610,0,OK,,,,2026-05-29: 기업지배구조보고서공시               | 2026-05-29: 주식등의대량보유상황보고서(일반) | 2026-05-21: 임원ㆍ주요주주특정증권등소유상황보고서 | 2026-05-21: 임원ㆍ주요주주특정증권등소유상황보고서 | 2026-05-15: 분기보고서 (2026.03),6
녹십자홀딩스,005250,0,OK,,,,2026-06-01: 기업지배구조보고서공시               | 2026-05-27: [기재정정]타법인주식및출자증권처분결정(종속회사의주요경영사항)               | 2026-05-27: 타법인주식및출자증권처분결정(종속회사의주요경영사항)               | 2026-05-15: 분기보고서 (2026.03),4
대한제분,001130,0,OK,,,,2026-05-29: 기업지배구조보고서공시               | 2026-05-20: [기재정정]벌금등의부과               | 2026-05-20: [기재정정]벌금등의부과               | 2026-05-20: 벌금등의부과               | 2026-05-15: 분기보고서 (2026.03),12
삼목에스폼,018310,0,OK,,,,2026-05-18: 공개매수설명서 | 2026-05-18: 공개매수신고서 | 2026-05-15: 분기보고서 (2026.03),3
에스디시스템,121890,0,OK,,,,2026-06-02: [기재정정]주주총회소집결의              (임시주주총회) | 2026-05-18: [기재정정]분기보고서 (2026.03) | 2026-05-13: 분기보고서 (2026.03) | 2026-05-06: 임원ㆍ주요주주특정증권등소유상황보고서,4
부국철강,026940,0,OK,,,,2026-06-01: 기업지배구조보고서공시               | 2026-05-15: 분기보고서 (2026.03) | 2026-05-08: 주식등의대량보유상황보고서(일반) | 2026-05-08: 최대주주등소유주식변동신고서              ,4
이랜시스,264850,0,OK,,,,2026-05-15: 분기보고서 (2026.03) | 2026-05-13: [기재정정]주식등의대량보유상황보고서(일반) | 2026-05-12: 주식등의대량보유상황보고서(일반),3
솔브레인,357780,0,OK,,,,2026-05-28: 주식등의대량보유상황보고서(일반) | 2026-05-15: 분기보고서 (2026.03) | 2026-05-06: 주식등의대량보유상황보고서(일반),3
지투지바이오,456160,0,OK,,,,2026-05-22: [기재정정]임원ㆍ주요주주특정증권등소유상황보고서 | 2026-05-21: 임원ㆍ주요주주특정증권등소유상황보고서 | 2026-05-21: 임원ㆍ주요주주특정증권등소유상황보고서 | 2026-05-21: 임원ㆍ주요주주특정증권등소유상황보고서 | 2026-05-15: 분기보고서 (2026.03),5
이지스레지던스리츠,350520,0,OK,,,,2026-06-01: 기업지배구조보고서공시               | 2026-05-29: 의결권대리행사권유참고서류 | 2026-05-29: 주주총회소집공고 | 2026-05-29: 주주총회소집결의               | 2026-05-15: 반기보고서 (2026.03),7
솔트룩스,304100,0,OK,,,,2026-06-01: 임시주주총회결과               | 2026-05-14: 분기보고서 (2026.03) | 2026-05-12: [기재정정]의결권대리행사권유참고서류 | 2026-05-12: [기재정정]주주총회소집공고,4
대림통상,006570,0,OK,,,,2026-06-01: 기업지배구조보고서공시               | 2026-05-27: 주식등의대량보유상황보고서(일반) | 2026-05-21: 임원ㆍ주요주주특정증권등소유상황보고서 | 2026-05-21: 임원ㆍ주요주주특정증권등소유상황보고서 | 2026-05-21: 임원ㆍ주요주주특정증권등소유상황보고서,8
흥국화재,000540,0,OK,,,,2026-06-01: 대규모기업집단현황공시[연1회공시및1/4분기용(개별회사)] | 2026-05-29: [기재정정]분기보고서 (2026.03) | 2026-05-27: [기재정정]대규모기업집단현황공시[분기별공시(개별회사용)] | 2026-05-27: [기재정정]대규모기업집단현황공시[분기별공시(개별회사용)] | 2026-05-15: 분기보고서 (2026.03),5
씨티알모빌리티,308170,0,OK,,,,2026-06-02: 주주총회소집공고 | 2026-05-29: 기업지배구조보고서공시               | 2026-05-14: 분기보고서 (2026.03) | 2026-05-06: 주주명부폐쇄기간또는기준일설정               | 2026-05-06: 주주총회소집결의              ,5
솔루엠,248070,0,OK,,,,2026-06-01: 최대주주등소유주식변동신고서               | 2026-06-01: 주식등의대량보유상황보고서(일반) | 2026-06-01: 임원ㆍ주요주주특정증권등소유상황보고서 | 2026-05-27: 기업지배구조보고서공시               | 2026-05-22: 주식등의대량보유상황보고서(일반),14
빅솔론,093190,0,OK,,,,2026-05-22: 주식등의대량보유상황보고서(일반) | 2026-05-22: 임원ㆍ주요주주특정증권등소유상황보고서 | 2026-05-15: 임원ㆍ주요주주특정증권등소유상황보고서 | 2026-05-14: 분기보고서 (2026.03) | 2026-05-08: 임원ㆍ주요주주특정증권등소유상황보고서,5
송원산업,004430,0,OK,,,,2026-06-02: [기재정정]사업보고서 (2025.12) | 2026-05-29: 기업지배구조보고서공시               | 2026-05-13: 분기보고서 (2026.03),3
자비스,254120,0,OK,,,,2026-05-29: 주식매수선택권부여에관한신고 | 2026-05-29: 주식매수선택권부여에관한신고 | 2026-05-22: [기재정정]주식매수선택권부여에관한신고 | 2026-05-22: [기재정정]주식매수선택권부여에관한신고 | 2026-05-22: [기재정정]주식매수선택권부여에관한신고,8
에스티아이,039440,0,OK,,,,2026-05-28: 주식등의대량보유상황보고서(일반) | 2026-05-20: 임원ㆍ주요주주특정증권등소유상황보고서 | 2026-05-15: 분기보고서 (2026.03) | 2026-05-04: 주식등의대량보유상황보고서(약식),4
큐라클,365270,0,OK,,,,2026-05-28: 전환가액의조정              (제1회차) | 2026-05-15: 분기보고서 (2026.03) | 2026-05-11: 투자판단관련주요경영사항              (이중항체 MT103 기술이전 계약 체결),3
코람코더원리츠,417310,0,OK,,,,2026-06-01: 기업지배구조보고서공시               | 2026-05-29: 정기주주총회결과               | 2026-05-28: 임원ㆍ주요주주특정증권등소유상황보고서 | 2026-05-21: 사업보고서 (2026.02) | 2026-05-21: 임원ㆍ주요주주특정증권등소유상황보고서,16
대상홀딩스,084690,0,OK,,,,2026-06-01: 기업지배구조보고서공시               | 2026-05-18: 단기차입금증가결정(자회사의 주요경영사항)               | 2026-05-15: 분기보고서 (2026.03) | 2026-05-12: 주식등의대량보유상황보고서(약식),4
한국화장품제조,003350,0,OK,,,,2026-06-01: 기업지배구조보고서공시               | 2026-05-22: 주식등의대량보유상황보고서(약식) | 2026-05-14: 분기보고서 (2026.03),3
디티씨,066670,0,OK,,,,2026-05-14: 분기보고서 (2026.03) | 2026-05-14: 주식등의대량보유상황보고서(일반) | 2026-05-14: 임원ㆍ주요주주특정증권등소유상황보고서,3
에이텍,045660,0,OK,,,,2026-05-28: 주식등의대량보유상황보고서(일반) | 2026-05-15: 분기보고서 (2026.03) | 2026-05-15: 임원ㆍ주요주주특정증권등거래계획보고서 | 2026-05-15: 임원ㆍ주요주주특정증권등소유상황보고서 | 2026-05-11: 임원ㆍ주요주주특정증권등소유상황보고서,5
광명전기,017040,0,OK,,,,2026-06-02: 소송등의판결ㆍ결정               | 2026-05-29: 소송등의판결ㆍ결정               | 2026-05-29: 기업지배구조보고서공시               | 2026-05-29: [기재정정]주주총회소집공고 | 2026-05-29: [기재정정]주주총회소집결의              ,13
KBI메탈,024840,0,OK,,,,2026-05-28: 불성실공시법인지정예고              (공시불이행) | 2026-05-22: 임원ㆍ주요주주특정증권등거래계획보고서 | 2026-05-21: 전환청구권행사               | 2026-05-21: 주식등의대량보유상황보고서(일반) | 2026-05-15: 분기보고서 (2026.03),8
SOOP,067160,0,OK,,,,2026-05-15: 분기보고서 (2026.03) | 2026-05-12: 기업설명회(IR)개최               | 2026-05-08: 주식등의대량보유상황보고서(약식),3
삼익THK,004380,0,OK,,,,2026-06-02: 최대주주등소유주식변동신고서               | 2026-06-02: 임원ㆍ주요주주특정증권등소유상황보고서 | 2026-06-01: 기업지배구조보고서공시               | 2026-05-26: 최대주주등소유주식변동신고서               | 2026-05-15: 최대주주등소유주식변동신고서              ,9
차바이오텍,085660,0,OK,,,,2026-05-22: 임원ㆍ주요주주특정증권등소유상황보고서 | 2026-05-18: [기재정정]주식매수선택권부여에관한신고 | 2026-05-15: 분기보고서 (2026.03) | 2026-05-06: 주식등의대량보유상황보고서(일반),4
강원랜드,035250,0,OK,,,,2026-06-01: 기업지배구조보고서공시               | 2026-05-15: 기업설명회(IR)개최(안내공시)               | 2026-05-15: 분기보고서 (2026.03),3
광주은행,192530,0,OK,,,,2026-05-26: 증권발행실적보고서 | 2026-05-22: 투자설명서(일괄신고) | 2026-05-22: 일괄신고추가서류 | 2026-05-15: [기재정정]일괄신고서 | 2026-05-15: 분기보고서 (2026.03),5
우듬지팜,403490,0,OK,,,,2026-05-28: 임원ㆍ주요주주특정증권등소유상황보고서 | 2026-05-27: 주주명부폐쇄기간또는기준일설정               | 2026-05-27: 주주총회소집결의              (임시주주총회) | 2026-05-27: 주식병합결정               | 2026-05-26: 주요사항보고서(자기주식취득신탁계약체결결정),7
DB증권,016610,0,OK,,,,2026-06-01: 증권발행실적보고서 | 2026-06-01: 증권발행실적보고서 | 2026-05-29: 증권발행실적보고서 | 2026-05-29: 증권발행실적보고서 | 2026-05-29: 증권발행실적보고서,58
모비릭스,348030,0,OK,,,,2026-06-01: [기재정정]주식매수선택권부여에관한신고 | 2026-06-01: [기재정정]주식매수선택권부여에관한신고 | 2026-06-01: 주주총회소집결의               | 2026-06-01: 주주명부폐쇄기간또는기준일설정               | 2026-05-15: 분기보고서 (2026.03),5
리가켐바이오,141080,0,OK,,,,2026-06-01: 대규모기업집단현황공시[연1회공시및1/4분기용(개별회사)] | 2026-05-15: 분기보고서 (2026.03) | 2026-05-14: [기재정정]기업설명회(IR)개최               | 2026-05-14: 기업설명회(IR)개최               | 2026-05-14: 투자판단관련주요경영사항(임상시험계획승인신청등결정)              (CLDN18.2 항체-약물 접합체 (ADC) LCB02A의 제 1/2상 임상시험의 미국 임상시험계획(IND) 승인),5
휴맥스,115160,0,OK,,,,2026-05-14: 분기보고서 (2026.03) | 2026-05-13: 주식등의대량보유상황보고서(일반) | 2026-05-12: [기재정정]주식매수선택권부여에관한신고 | 2026-05-12: [기재정정]주식매수선택권부여에관한신고 | 2026-05-11: 전환가액의조정              ,8
KC산업,112190,0,OK,,,,2026-05-21: 주주명부폐쇄기간또는기준일설정               | 2026-05-21: 주주총회소집결의               | 2026-05-14: 기업설명회(IR)개최결과              ,3
KB스타리츠,432320,0,OK,,,,2026-06-02: 주식등의대량보유상황보고서(약식) | 2026-06-01: 기업지배구조보고서공시               | 2026-05-18: [기재정정]부동산투자회사자금차입               | 2026-05-12: [기재정정]사업보고서 (2026.01) | 2026-05-12: [첨부정정]감사보고서제출              ,8
감성코퍼레이션,036620,0,OK,,,,2026-05-27: 임원ㆍ주요주주특정증권등소유상황보고서 | 2026-05-20: 의결권대리행사권유참고서류 | 2026-05-20: 주주총회소집공고 | 2026-05-13: 분기보고서 (2026.03) | 2026-05-08: 주식등의대량보유상황보고서(일반),5
한세예스24홀딩스,016450,0,OK,,,,2026-05-29: 기업지배구조보고서공시               | 2026-05-15: 분기보고서 (2026.03) | 2026-05-13: 증권대여결정(자회사의 주요경영사항)              ,3
대주전자재료,078600,0,OK,,,,2026-06-01: 전환청구권행사               | 2026-06-01: 전환청구권행사               | 2026-05-29: 주식등의대량보유상황보고서(약식) | 2026-05-18: [기재정정]파생상품거래손실발생               | 2026-05-15: 파생상품거래손실발생              ,10
교보증권,030610,0,OK,,,,2026-06-02: 투자설명서(일괄신고) | 2026-06-02: 일괄신고추가서류(파생결합사채-주가연계파생결합사채) | 2026-06-01: 주요사항보고서(소송등의제기) | 2026-06-01: 증권발행실적보고서 | 2026-06-01: 증권발행실적보고서,100
에이리츠,140910,0,OK,,,,2026-05-26: 기업지배구조보고서공시               | 2026-05-22: 기타시장안내              (상장폐지결정 효력정지 가처분 신청 기각결정에 따른 정리매매절차 재개) | 2026-05-15: 분기보고서 (2026.03) | 2026-05-07: 부동산투자회사자금차입              ,4
남선알미늄,008350,0,OK,,,,2026-05-29: 대규모기업집단현황공시[연1회공시및1/4분기용(개별회사)] | 2026-05-28: 주식등의대량보유상황보고서(일반) | 2026-05-28: 기업지배구조보고서공시               | 2026-05-15: 분기보고서 (2026.03) | 2026-05-06: 주식등의대량보유상황보고서(일반),5
티웨이홀딩스,004870,0,OK,,,,2026-06-01: 대규모기업집단현황공시[연1회공시및1/4분기용(개별회사)] | 2026-06-01: 기업지배구조보고서공시               | 2026-06-01: 대규모기업집단현황공시[연1회공시및1/4분기용(개별회사)] | 2026-05-15: 분기보고서 (2026.03),4
하이딥,365590,0,OK,,,,2026-05-29: 임원ㆍ주요주주특정증권등소유상황보고서 | 2026-05-15: 분기보고서 (2026.03) | 2026-05-07: 임원ㆍ주요주주특정증권등소유상황보고서 | 2026-05-07: 임원ㆍ주요주주특정증권등소유상황보고서 | 2026-05-07: 임원ㆍ주요주주특정증권등소유상황보고서,5
JB금융지주,175330,0,OK,,,,2026-05-21: 기업설명회(IR)개최(안내공시)               | 2026-05-19: 기업설명회(IR)개최(안내공시)               | 2026-05-15: [기재정정]일괄신고서 | 2026-05-15: 분기보고서 (2026.03) | 2026-05-11: 신탁계약에의한취득상황보고서,9
우신시스템,017370,0,OK,,,,2026-05-29: 주식등의대량보유상황보고서(일반) | 2026-05-29: 기업지배구조보고서공시               | 2026-05-15: 분기보고서 (2026.03) | 2026-05-07: 주식등의대량보유상황보고서(일반),4
한미글로벌,053690,0,OK,,,,2026-05-29: 기업지배구조보고서공시               | 2026-05-29: 최대주주등소유주식변동신고서               | 2026-05-29: 주식등의대량보유상황보고서(일반) | 2026-05-27: 타인에대한채무보증결정               | 2026-05-15: 분기보고서 (2026.03),5
엘티씨,170920,0,OK,,,,2026-05-29: 임원ㆍ주요주주특정증권등소유상황보고서 | 2026-05-29: 주식등의대량보유상황보고서(일반) | 2026-05-14: 주식등의대량보유상황보고서(일반) | 2026-05-14: 분기보고서 (2026.03),4
아즈텍WB,032080,0,OK,,,,2026-05-22: 임시주주총회결과               | 2026-05-19: 임원ㆍ주요주주특정증권등소유상황보고서 | 2026-05-19: 임원ㆍ주요주주특정증권등소유상황보고서 | 2026-05-15: 분기보고서 (2026.03),4
토모큐브,475960,0,OK,,,,2026-05-28: 주식등의대량보유상황보고서(일반) | 2026-05-15: 기업설명회(IR)개최               | 2026-05-14: 분기보고서 (2026.03),3
삼성SDI,006400,0,OK,,,,2026-06-01: 기업지배구조보고서공시               | 2026-06-01: 대규모기업집단현황공시[연1회공시및1/4분기용(개별회사)] | 2026-05-15: 분기보고서 (2026.03) | 2026-05-11: 최대주주등소유주식변동신고서              ,4
케이비증권,003450,0,OK,,,,2026-06-02: 증권신고서(채무증권) | 2026-06-02: 투자설명서(일괄신고) | 2026-06-02: 일괄신고추가서류(기타파생결합증권) | 2026-06-02: 증권발행실적보고서 | 2026-06-01: 투자설명서(일괄신고),59
유니드비티플러스,446070,0,OK,,,,2026-05-29: 대규모기업집단현황공시[연1회공시및1/4분기용(개별회사)] | 2026-05-29: 기업지배구조보고서공시               | 2026-05-19: 주식등의대량보유상황보고서(일반) | 2026-05-15: 임원ㆍ주요주주특정증권등소유상황보고서 | 2026-05-15: 임원ㆍ주요주주특정증권등소유상황보고서,7
동양생명,082640,0,OK,,,,2026-05-29: [기재정정]분기보고서 (2026.03) | 2026-05-26: 정정명령부과( 2026.05.14. 제출 주요사항보고서(주식교환ㆍ이전 결정) ) | 2026-05-15: 분기보고서 (2026.03) | 2026-05-14: [정정명령부과][기재정정]주요사항보고서(주식교환ㆍ이전결정) | 2026-05-13: 최대주주등소유주식변동신고서              ,5
LG디스플레이,034220,0,OK,,,,2026-06-02: [기재정정]타인에대한채무보증결정               | 2026-06-01: 주식등의대량보유상황보고서(약식) | 2026-06-01: 대규모기업집단현황공시[연1회공시및1/4분기용(개별회사)] | 2026-05-28: 기업지배구조보고서공시               | 2026-05-28: 해외증권거래소등에신고한주요공시사항의국내신고              ,7
남양유업,003920,0,OK,,,,2026-06-01: 기업지배구조보고서공시               | 2026-05-26: 임원ㆍ주요주주특정증권등소유상황보고서 | 2026-05-15: 분기보고서 (2026.03) | 2026-05-15: 임원ㆍ주요주주특정증권등소유상황보고서 | 2026-05-07: 임원ㆍ주요주주특정증권등소유상황보고서,5
E8,418620,0,OK,,,,2026-06-01: 임원ㆍ주요주주특정증권등소유상황보고서 | 2026-05-18: 기업설명회(IR)개최               | 2026-05-15: 분기보고서 (2026.03) | 2026-05-11: 임원ㆍ주요주주특정증권등소유상황보고서,4
케이뱅크,279570,0,OK,,,,2026-06-01: 기타안내사항(안내공시)               | 2026-05-29: 대규모기업집단현황공시[연1회공시및1/4분기용(개별회사)] | 2026-05-15: 분기보고서 (2026.03),3
유진증권,001200,0,OK,,,,2026-06-02: 증권발행실적보고서 | 2026-05-29: 대규모기업집단현황공시[연1회공시및1/4분기용(개별회사)] | 2026-05-29: 증권발행실적보고서 | 2026-05-27: 투자설명서(일괄신고) | 2026-05-27: 일괄신고추가서류(파생결합증권-주가연계증권),17
신송홀딩스,006880,0,OK,,,,2026-06-01: 기업지배구조보고서공시               | 2026-05-19: 최대주주등소유주식변동신고서               | 2026-05-11: 분기보고서 (2026.03),3
엠디바이스,226590,0,OK,,,,2026-05-26: 임원ㆍ주요주주특정증권등소유상황보고서 | 2026-05-19: 단기차입금증가결정               | 2026-05-15: 파생상품거래손실발생               | 2026-05-14: 분기보고서 (2026.03) | 2026-05-12: [기재정정]주식등의대량보유상황보고서(약식),6
그래피,318060,0,OK,,,,2026-05-20: 의결권대리행사권유참고서류 | 2026-05-20: 주주총회소집공고 | 2026-05-14: 분기보고서 (2026.03) | 2026-05-08: 조회공시요구(풍문또는보도)에대한답변(미확정)              (타법인 인수설에 대한 조회공시 답변) | 2026-05-07: 조회공시요구(풍문또는보도)              (타법인 인수설),5
지에프아이,493330,0,OK,,,,2026-05-14: 분기보고서 (2026.03) | 2026-05-08: 임원ㆍ주요주주특정증권등소유상황보고서 | 2026-05-08: 주식등의대량보유상황보고서(약식),3
크로넥스,215570,0,OK,,,,2026-06-02: 지정자문인선임계약의변경               | 2026-05-29: 전환가액의조정              (제5회차) | 2026-05-04: [기재정정]사업보고서 (2025.12),3
필옵틱스,161580,0,OK,,,,2026-05-28: 주식등의대량보유상황보고서(일반) | 2026-05-22: 임원ㆍ주요주주특정증권등소유상황보고서 | 2026-05-22: [기재정정]신규시설투자등(자회사의 주요경영사항)               | 2026-05-14: 분기보고서 (2026.03) | 2026-05-11: 기업설명회(IR)개최              ,5
3S,060310,0,OK,,,,2026-06-02: [기재정정]주주총회소집결의               | 2026-05-27: 주주총회소집결의               | 2026-05-27: 매출액또는손익구조30%(대규모법인은15%)이상변동              ,3
DSR제강,069730,0,OK,,,,2026-06-01: 기업지배구조보고서공시               | 2026-05-21: 최대주주등소유주식변동신고서               | 2026-05-15: 최대주주등소유주식변동신고서               | 2026-05-15: 분기보고서 (2026.03),4
드림어스컴퍼니,060570,0,OK,,,,2026-05-29: 임원ㆍ주요주주특정증권등소유상황보고서 | 2026-05-19: 주식병합결정               | 2026-05-19: 주주총회소집결의               | 2026-05-19: 주주명부폐쇄기간또는기준일설정               | 2026-05-14: 분기보고서 (2026.03),8
루미르,474170,0,OK,,,,2026-06-02: 기업설명회(IR)개최               | 2026-05-29: 증권발행결과(자율공시)              (제2회차 CB) | 2026-05-15: 주식등의대량보유상황보고서(약식) | 2026-05-15: 분기보고서 (2026.03) | 2026-05-08: 증권발행결과(자율공시)              (제1회차 CB),5
멕아이씨에스,058110,0,OK,,,,2026-05-18: 임시주주총회결과               | 2026-05-13: 분기보고서 (2026.03) | 2026-05-06: [기재정정]주주총회소집공고 | 2026-05-06: [첨부정정]의결권대리행사권유참고서류,4
프로이천,321260,0,OK,,,,2026-05-29: 주주총회소집결의              (임시주주총회) | 2026-05-29: 주주명부폐쇄기간또는기준일설정               | 2026-05-15: 분기보고서 (2026.03),3
에코마케팅,230360,0,OK,,,,2026-05-21: 주식등의대량보유상황보고서(일반) | 2026-05-19: 불성실공시법인미지정              (지정유예) | 2026-05-15: 분기보고서 (2026.03) | 2026-05-12: 임시주주총회결과               | 2026-05-07: 주식등의대량보유상황보고서(일반),6
경농,002100,0,OK,,,,2026-05-28: 기업지배구조보고서공시               | 2026-05-18: 주식등의대량보유상황보고서(일반) | 2026-05-18: 임원ㆍ주요주주특정증권등소유상황보고서 | 2026-05-15: 분기보고서 (2026.03),4
제이케이시냅스,060230,0,OK,,,,2026-05-21: 의결권대리행사권유참고서류 | 2026-05-21: 주주총회소집공고 | 2026-05-15: 분기보고서 (2026.03) | 2026-05-08: [기재정정]주주총회소집결의              (임시주주총회) | 2026-05-07: 파산신청기각              ,5
원익큐브,014190,0,OK,,,,2026-05-29: 대규모기업집단현황공시[연1회공시및1/4분기용(개별회사)] | 2026-05-27: 임원ㆍ주요주주특정증권등소유상황보고서 | 2026-05-15: 분기보고서 (2026.03),3
LS네트웍스,000680,0,OK,,,,2026-06-01: 기업지배구조보고서공시               | 2026-06-01: 대규모기업집단현황공시[연1회공시및1/4분기용(개별회사)] | 2026-05-15: 분기보고서 (2026.03) | 2026-05-08: 약관에의한금융거래시계열금융회사의거래상대방의공시,4
이노테크,469610,0,OK,,,,2026-06-02: 신규시설투자등               | 2026-05-20: 분기보고서 (2026.03) | 2026-05-08: 주식등의대량보유상황보고서(약식),3
한세실업,105630,0,OK,,,,2026-05-28: 기업지배구조보고서공시               | 2026-05-15: 분기보고서 (2026.03) | 2026-05-13: 증권대여결정              ,3
화승인더스트리,006060,0,OK,,,,2026-06-01: 기업지배구조보고서공시               | 2026-05-14: 분기보고서 (2026.03) | 2026-05-13: 타인에대한채무보증결정              ,3
모나리자,012690,0,OK,,,,2026-06-01: 기업지배구조보고서공시               | 2026-05-15: 분기보고서 (2026.03) | 2026-05-15: [기재정정]사업보고서 (2025.12),3
라온로보틱스,232680,0,OK,,,,2026-05-27: 임원ㆍ주요주주특정증권등소유상황보고서 | 2026-05-22: 전환청구권행사               | 2026-05-19: 임원ㆍ주요주주특정증권등소유상황보고서 | 2026-05-14: 분기보고서 (2026.03),4
아이로보틱스,066430,0,OK,,,,2026-06-02: [기재정정]주식등의대량보유상황보고서(약식) | 2026-06-02: 주식등의대량보유상황보고서(약식) | 2026-05-21: 주식등의대량보유상황보고서(일반) | 2026-05-20: 불성실공시법인지정              (공시번복) | 2026-05-15: 분기보고서 (2026.03),9
인터지스,129260,0,OK,,,,2026-06-02: [기재정정]대규모기업집단현황공시[연1회공시및1/4분기용(개별회사)] | 2026-06-01: 대규모기업집단현황공시[연1회공시및1/4분기용(개별회사)] | 2026-05-29: 기업지배구조보고서공시               | 2026-05-27: 최대주주등소유주식변동신고서               | 2026-05-27: 주식등의대량보유상황보고서(일반),7
휴맥스홀딩스,028080,0,OK,,,,2026-05-21: [기재정정]주식등의대량보유상황보고서(약식) | 2026-05-21: 주식등의대량보유상황보고서(약식) | 2026-05-20: 전환청구권행사               | 2026-05-18: 전환가액의조정               | 2026-05-14: 분기보고서 (2026.03),6
한농화성,011500,0,OK,,,,2026-05-29: [기재정정]신규시설투자등               | 2026-05-28: 기업지배구조보고서공시               | 2026-05-14: 분기보고서 (2026.03),3
티이엠씨,425040,0,OK,,,,2026-05-27: 전환청구권행사              (제1회차) | 2026-05-22: 타법인주식및출자증권취득결정               | 2026-05-15: 분기보고서 (2026.03) | 2026-05-07: 임원ㆍ주요주주특정증권등소유상황보고서 | 2026-05-07: 임원ㆍ주요주주특정증권등소유상황보고서,7
대한유화,006650,0,OK,,,,2026-05-29: 기업지배구조보고서공시               | 2026-05-19: 최대주주등소유주식변동신고서               | 2026-05-15: 분기보고서 (2026.03),3
한국내화,010040,0,OK,,,,2026-06-01: 기업지배구조보고서공시               | 2026-05-20: 최대주주등소유주식변동신고서               | 2026-05-15: 분기보고서 (2026.03),3
대창단조,015230,0,OK,,,,2026-06-01: 최대주주등소유주식변동신고서               | 2026-06-01: 임원ㆍ주요주주특정증권등소유상황보고서 | 2026-05-29: 기업지배구조보고서공시               | 2026-05-14: 분기보고서 (2026.03) | 2026-05-13: 최대주주등소유주식변동신고서              ,6
제룡전기,033100,0,OK,,,,2026-06-02: 주식등의대량보유상황보고서(약식) | 2026-06-02: [기재정정]사업보고서 (2025.12) | 2026-05-13: 분기보고서 (2026.03),3
러셀,217500,0,OK,,,,2026-05-15: 분기보고서 (2026.03) | 2026-05-15: 주주총회소집결의              (임시주주총회) | 2026-05-15: 주주명부폐쇄기간또는기준일설정              ,3
갤럭시아에스엠,011420,0,OK,,,,2026-06-02: 주요사항보고서(타법인주식및출자증권양수결정) | 2026-06-01: 기업지배구조보고서공시               | 2026-06-01: 대규모기업집단현황공시[연1회공시및1/4분기용(개별회사)] | 2026-05-26: 사외이사의선임ㆍ해임또는중도퇴임에관한신고 | 2026-05-21: [기재정정]지급수단별ㆍ지급기간별지급금액및분쟁조정기구에관한사항,6
아스플로,159010,0,OK,,,,2026-05-11: 분기보고서 (2026.03) | 2026-05-07: 기업설명회(IR)개최               | 2026-05-06: 주식등의대량보유상황보고서(일반) | 2026-05-04: 임원ㆍ주요주주특정증권등소유상황보고서,4
이지스밸류플러스리츠,334890,0,OK,,,,2026-05-29: 기업지배구조보고서공시               | 2026-05-29: 정기주주총회결과               | 2026-05-28: 임원ㆍ주요주주특정증권등소유상황보고서 | 2026-05-21: 부동산투자회사자금차입               | 2026-05-21: 사업보고서 (2026.02),17
알비더블유,361570,0,OK,,,,2026-05-28: 타인에대한채무보증결정               | 2026-05-20: 임원ㆍ주요주주특정증권등소유상황보고서 | 2026-05-15: 분기보고서 (2026.03) | 2026-05-12: 임원ㆍ주요주주특정증권등소유상황보고서 | 2026-05-12: 주식등의대량보유상황보고서(일반),5
원림,005820,0,OK,,,,2026-06-01: 기업지배구조보고서공시               | 2026-05-27: 주주명부폐쇄기간또는기준일설정               | 2026-05-27: 주주총회소집결의               | 2026-05-15: 분기보고서 (2026.03),4
제일파마홀딩스,002620,0,OK,,,,2026-06-01: 기업지배구조보고서공시               | 2026-05-18: [기재정정]분기보고서 (2026.03) | 2026-05-15: 분기보고서 (2026.03),3
디와이에이,002880,0,OK,,,,2026-06-01: 기업지배구조보고서공시               | 2026-05-21: 신규시설투자등               | 2026-05-21: 주주명부폐쇄기간또는기준일설정               | 2026-05-21: 주주총회소집결의               | 2026-05-14: 분기보고서 (2026.03),5
다산네트웍스,039560,0,OK,,,,2026-06-02: 주식등의대량보유상황보고서(일반) | 2026-06-02: 기업설명회(IR)개최               | 2026-05-29: 기업설명회(IR)개최               | 2026-05-26: 주식등의대량보유상황보고서(일반) | 2026-05-22: 주주총회소집공고,8
마크로젠,038290,0,OK,,,,2026-05-29: 주식등의대량보유상황보고서(일반) | 2026-05-28: 기업설명회(IR)개최               | 2026-05-15: 분기보고서 (2026.03) | 2026-05-14: 주식등의대량보유상황보고서(일반),4
영흥,012160,0,OK,,,,2026-06-01: 기업지배구조보고서공시               | 2026-05-15: 분기보고서 (2026.03) | 2026-05-12: 임시주주총회결과              ,3
수산세보틱스,017550,0,OK,,,,2026-05-29: 기업지배구조보고서공시               | 2026-05-15: 분기보고서 (2026.03) | 2026-05-07: 금전대여결정              ,3
팜젠사이언스,004720,0,OK,,,,2026-06-01: 기업지배구조보고서공시               | 2026-05-15: 분기보고서 (2026.03) | 2026-05-15: [기재정정]사업보고서 (2025.12) | 2026-05-12: 임원ㆍ주요주주특정증권등소유상황보고서 | 2026-05-12: 주식등의대량보유상황보고서(일반),7
대창,012800,0,OK,,,,2026-05-29: 기업지배구조보고서공시               | 2026-05-15: 분기보고서 (2026.03) | 2026-05-13: 전환청구권ㆍ신주인수권ㆍ교환청구권행사              ,3
선광,003100,0,OK,,,,2026-06-02: 임원ㆍ주요주주특정증권등거래계획보고서 | 2026-05-29: [기재정정]사업보고서 (2025.12) | 2026-05-15: 분기보고서 (2026.03) | 2026-05-13: 임원ㆍ주요주주특정증권등거래계획보고서 | 2026-05-04: 주식등의대량보유상황보고서(일반),5
상상인증권,001290,0,OK,,,,2026-05-29: 기업지배구조보고서공시               | 2026-05-20: 주식등의대량보유상황보고서(일반) | 2026-05-15: 분기보고서 (2026.03),3
케이비아이동국실업,001620,0,OK,,,,2026-05-29: 기업지배구조보고서공시               | 2026-05-21: 임원ㆍ주요주주특정증권등소유상황보고서 | 2026-05-19: 최대주주등소유주식변동신고서               | 2026-05-19: 임원ㆍ주요주주특정증권등소유상황보고서 | 2026-05-19: 임원ㆍ주요주주특정증권등소유상황보고서,8
라온피플,300120,0,OK,,,,2026-05-19: [첨부정정]주주총회소집결의              (임시주주총회) | 2026-05-19: [첨부정정]주식병합결정               | 2026-05-19: 주주총회소집결의              (임시주주총회) | 2026-05-19: 주식병합결정               | 2026-05-19: 주주명부폐쇄기간또는기준일설정              ,6
원포유,122830,0,OK,,,,2026-06-01: 기업설명회(IR)개최               | 2026-05-29: 임원ㆍ주요주주특정증권등소유상황보고서 | 2026-05-29: 주식등의대량보유상황보고서(일반),3
마스턴프리미어리츠,357430,0,OK,,,,2026-06-01: 기업지배구조보고서공시               | 2026-05-26: 기업설명회(IR)개최(안내공시)               | 2026-05-14: 부동산투자회사금전배당결정               | 2026-05-14: 자본잠식50%이상또는매출액50억원미만사실발생               | 2026-05-12: [첨부정정]기타경영사항(자율공시)              ,6
하나제약,293480,0,OK,,,,2026-06-02: 최대주주등소유주식변동신고서               | 2026-06-02: 임원ㆍ주요주주특정증권등소유상황보고서 | 2026-06-02: 임원ㆍ주요주주특정증권등소유상황보고서 | 2026-06-01: 기업지배구조보고서공시               | 2026-05-15: 분기보고서 (2026.03),5
와이바이오로직스,338840,0,OK,,,,2026-05-27: 주주명부폐쇄기간또는기준일설정               | 2026-05-27: 주주총회소집결의              (임시주주총회) | 2026-05-19: 임시주주총회결과               | 2026-05-15: 분기보고서 (2026.03),4
프리시젼바이오,335810,0,OK,,,,2026-05-15: 전환사채(해외전환사채포함)발행후만기전사채취득               | 2026-05-14: 분기보고서 (2026.03) | 2026-05-08: 전환사채(해외전환사채포함)발행후만기전사채취득              ,3
HD건설기계,267270,0,OK,,,,2026-06-02: [기재정정]분기보고서 (2026.03) | 2026-06-02: [기재정정]사업보고서 (2025.12) | 2026-06-01: 지속가능경영보고서등관련사항(자율공시)               | 2026-05-29: 기업지배구조보고서공시               | 2026-05-29: 대규모기업집단현황공시[연1회공시및1/4분기용(개별회사)],9
HL만도,204320,0,OK,,,,2026-06-01: 기업지배구조보고서공시               | 2026-06-01: 임원ㆍ주요주주특정증권등소유상황보고서 | 2026-05-29: 대규모기업집단현황공시[연1회공시및1/4분기용(개별회사)] | 2026-05-15: 분기보고서 (2026.03),4
웨이브일렉트로,095270,0,OK,,,,2026-05-22: [기재정정]주식등의대량보유상황보고서(일반) | 2026-05-19: 의결권대리행사권유참고서류 | 2026-05-19: 주주총회소집공고 | 2026-05-19: [기재정정]주주총회소집결의              (임시주주총회) | 2026-05-15: 분기보고서 (2026.03),5
나노엔텍,039860,0,OK,,,,2026-05-29: 사외이사의선임ㆍ해임또는중도퇴임에관한신고 | 2026-05-29: 임시주주총회결과               | 2026-05-15: 분기보고서 (2026.03) | 2026-05-14: 주주총회소집공고,4
인지컨트롤스,023800,0,OK,,,,2026-05-29: 기업지배구조보고서공시               | 2026-05-28: [기재정정]타인에대한채무보증결정               | 2026-05-20: [기재정정]타인에대한채무보증결정               | 2026-05-20: 타인에대한채무보증결정               | 2026-05-15: 분기보고서 (2026.03),5
풍산홀딩스,005810,0,OK,,,,2026-06-01: 기업지배구조보고서공시               | 2026-05-28: 주식등의대량보유상황보고서(약식) | 2026-05-15: 분기보고서 (2026.03) | 2026-05-13: 임원ㆍ주요주주특정증권등소유상황보고서 | 2026-05-12: 최대주주등소유주식변동신고서              ,5
일신바이오,068330,0,OK,,,,2026-06-02: 임원ㆍ주요주주특정증권등소유상황보고서 | 2026-05-18: 임원ㆍ주요주주특정증권등소유상황보고서 | 2026-05-14: 분기보고서 (2026.03),3
보원케미칼,0010F0,0,OK,,,,2026-06-02: 임원ㆍ주요주주특정증권등소유상황보고서 | 2026-05-14: 분기보고서 (2026.03) | 2026-05-12: 주식등의대량보유상황보고서(약식) | 2026-05-08: 주식등의대량보유상황보고서(약식),4
산은캐피탈,008270,0,OK,,,,2026-05-27: 증권발행실적보고서 | 2026-05-26: 투자설명서(일괄신고) | 2026-05-26: 일괄신고추가서류 | 2026-05-15: [기재정정]일괄신고서 | 2026-05-15: 분기보고서 (2026.03),8
엠로,058970,0,OK,,,,2026-05-29: 주주총회소집결의              (임시주주총회) | 2026-05-29: 주주명부폐쇄기간또는기준일설정               | 2026-05-29: [기재정정]주식매수선택권부여에관한신고 | 2026-05-29: [기재정정]주식매수선택권부여에관한신고 | 2026-05-22: 기업설명회(IR)개최              ,6
액트로,290740,0,OK,,,,2026-05-15: 임원ㆍ주요주주특정증권등소유상황보고서 | 2026-05-14: 주식등의대량보유상황보고서(일반) | 2026-05-14: 분기보고서 (2026.03),3
BGF에코머티리얼즈,126600,3,OK,,연결재무제표기준영업(잠정)실적(공정공시)              (+3),,2026-05-29: 대규모기업집단현황공시[연1회공시및1/4분기용(개별회사)] | 2026-05-15: 분기보고서 (2026.03) | 2026-05-07: 연결재무제표기준영업(잠정)실적(공정공시)              ,3
키다리스튜디오,020120,3,OK,,연결재무제표기준영업(잠정)실적(공정공시)              (+3),,2026-06-01: 대규모기업집단현황공시[연1회공시및1/4분기용(개별회사)] | 2026-05-29: 기업지배구조보고서공시               | 2026-05-15: 분기보고서 (2026.03) | 2026-05-13: 연결재무제표기준영업(잠정)실적(공정공시)              ,4
위메이드,112040,3,OK,,연결재무제표기준영업(잠정)실적(공정공시)              (+3),,2026-05-15: 분기보고서 (2026.03) | 2026-05-12: [기재정정]주식매수선택권부여에관한신고 | 2026-05-12: 연결재무제표기준영업(잠정)실적(공정공시)              ,3
케이카,381970,3,OK,,영업(잠정)실적(공정공시)              (+3),,2026-06-01: 기업지배구조보고서공시               | 2026-05-15: 분기보고서 (2026.03) | 2026-05-14: 주주명부폐쇄기간또는기준일설정               | 2026-05-14: 현금ㆍ현물배당을위한주주명부폐쇄(기준일)결정               | 2026-05-14: 현금ㆍ현물배당결정              ,6
성광벤드,014620,3,OK,,연결재무제표기준영업(잠정)실적(공정공시)              (+3),,2026-05-29: 임원ㆍ주요주주특정증권등소유상황보고서 | 2026-05-18: 임원ㆍ주요주주특정증권등거래계획보고서 | 2026-05-18: 주식등의대량보유상황보고서(약식) | 2026-05-18: 기업설명회(IR)개최               | 2026-05-15: 분기보고서 (2026.03),7
카페24,042000,3,OK,,연결재무제표기준영업(잠정)실적(공정공시)              (+3),,2026-05-28: 주식등의대량보유상황보고서(일반) | 2026-05-14: 분기보고서 (2026.03) | 2026-05-11: 주식등의대량보유상황보고서(일반) | 2026-05-07: 주요사항보고서(자기주식취득신탁계약체결결정) | 2026-05-07: 연결재무제표기준영업(잠정)실적(공정공시)              ,5
뷰웍스,100120,3,OK,,연결재무제표기준영업(잠정)실적(공정공시)              (+3),,2026-05-15: 분기보고서 (2026.03) | 2026-05-04: 연결재무제표기준영업(잠정)실적(공정공시)              ,2
SK아이이테크놀로지,361610,3,OK,,연결재무제표기준영업(잠정)실적(공정공시)              (+3),,2026-05-29: 대규모기업집단현황공시[연1회공시및1/4분기용(개별회사)] | 2026-05-27: 타법인주식및출자증권처분결정               | 2026-05-27: 생산중단               | 2026-05-27: 타법인주식및출자증권취득결정               | 2026-05-15: 분기보고서 (2026.03),8
인터로조,119610,3,OK,,연결재무제표기준영업(잠정)실적(공정공시)              (+3),,2026-05-26: 신탁계약해지결과보고서 | 2026-05-22: 주요사항보고서(자기주식취득신탁계약해지결정) | 2026-05-20: 임원ㆍ주요주주특정증권등소유상황보고서 | 2026-05-15: 분기보고서 (2026.03) | 2026-05-07: 연결재무제표기준영업(잠정)실적(공정공시)              ,5
네오위즈,095660,3,OK,,연결재무제표기준영업(잠정)실적(공정공시)              (+3),,2026-05-26: 기업설명회(IR)개최               | 2026-05-20: 주식등의대량보유상황보고서(일반) | 2026-05-15: 분기보고서 (2026.03) | 2026-05-11: 연결재무제표기준영업(잠정)실적(공정공시)              ,4
바이오노트,377740,3,OK,,연결재무제표기준영업(잠정)실적(공정공시)              (+3),,2026-05-29: 기업지배구조보고서공시               | 2026-05-29: 임원ㆍ주요주주특정증권등소유상황보고서 | 2026-05-14: 분기보고서 (2026.03) | 2026-05-13: 연결재무제표기준영업(잠정)실적(공정공시)              ,4
펌텍코리아,251970,3,OK,,연결재무제표기준영업(잠정)실적(공정공시)              (+3),,2026-05-15: 기업설명회(IR)개최               | 2026-05-15: 분기보고서 (2026.03) | 2026-05-08: 연결재무제표기준영업(잠정)실적(공정공시)               | 2026-05-06: 결산실적공시예고              ,4
SK네트웍스,001740,3,OK,,연결재무제표기준영업(잠정)실적(공정공시)              (+3),,2026-05-29: 최대주주등소유주식변동신고서               | 2026-05-29: 임원ㆍ주요주주특정증권등소유상황보고서 | 2026-05-29: 기업지배구조보고서공시               | 2026-05-29: 대규모기업집단현황공시[연1회공시및1/4분기용(개별회사)] | 2026-05-22: [기재정정]타법인주식및출자증권취득결정(자율공시)              ,12
KG파이낸셜,046440,3,OK,,연결재무제표기준영업(잠정)실적(공정공시)              (+3),,2026-06-02: 기업설명회(IR)개최               | 2026-05-29: 대규모기업집단현황공시[연1회공시및1/4분기용(개별회사)] | 2026-05-14: 기업설명회(IR)개최               | 2026-05-14: 분기보고서 (2026.03) | 2026-05-14: 임원ㆍ주요주주특정증권등소유상황보고서,6
코텍,052330,3,OK,,연결재무제표기준영업(잠정)실적(공정공시)              (+3),,2026-05-15: 분기보고서 (2026.03) | 2026-05-12: 주식등의대량보유상황보고서(일반) | 2026-05-12: 임원ㆍ주요주주특정증권등소유상황보고서 | 2026-05-08: 연결재무제표기준영업(잠정)실적(공정공시)              ,4
LIG디펜스앤에어로스페이스,079550,3,OK,,연결재무제표기준영업(잠정)실적(공정공시)              (+3),,2026-06-01: [기재정정]대규모기업집단현황공시[연1회공시및1/4분기용(개별회사)] | 2026-06-01: 임원ㆍ주요주주특정증권등소유상황보고서 | 2026-05-29: 대규모기업집단현황공시[연1회공시및1/4분기용(개별회사)] | 2026-05-29: 기업지배구조보고서공시               | 2026-05-22: 기업설명회(IR)개최(안내공시)              ,9
케이티앤지,033780,3,OK,,연결재무제표기준영업(잠정)실적(공정공시)              (+3),,2026-05-29: 대규모기업집단현황공시[연1회(동일인용)] | 2026-05-29: [기재정정]대규모기업집단현황공시[연1회공시및1/4분기용(대표회사)] | 2026-05-29: 기업지배구조보고서공시               | 2026-05-28: 대규모기업집단현황공시[연1회공시및1/4분기용(대표회사)] | 2026-05-27: 주식등의대량보유상황보고서(약식),11
티쓰리,204610,3,OK,,연결재무제표기준영업(잠정)실적(공정공시)              (+3),,2026-05-22: [기재정정]현금ㆍ현물배당결정              (분기배당) | 2026-05-22: 자기주식취득결과보고서 | 2026-05-15: 분기보고서 (2026.03) | 2026-05-08: 연결재무제표기준영업(잠정)실적(공정공시)              ,4
시노펙스,025320,3,OK,,[첨부정정]주요사항보고서(회사합병결정)(+3),,2026-05-15: 분기보고서 (2026.03) | 2026-05-13: [첨부정정]주요사항보고서(회사합병결정) | 2026-05-08: 기업설명회(IR)개최              ,3
웹젠,069080,3,OK,,연결재무제표기준영업(잠정)실적(공정공시)              (+3),,2026-05-15: 분기보고서 (2026.03) | 2026-05-12: 연결재무제표기준영업(잠정)실적(공정공시)               | 2026-05-04: 감자완료              ,3
LX홀딩스,383800,3,OK,,연결재무제표기준영업(잠정)실적(공정공시)              (+3),,2026-06-01: 기업지배구조보고서공시               | 2026-05-29: 대규모기업집단현황공시[연1회(동일인용)] | 2026-05-29: 대규모기업집단현황공시[연1회공시및1/4분기용(대표회사)] | 2026-05-22: [기재정정]타인에대한채무보증결정(자회사의 주요경영사항)               | 2026-05-15: 분기보고서 (2026.03),7
JW중외제약,001060,3,OK,,영업(잠정)실적(공정공시)              (+3),,2026-06-01: 기업지배구조보고서공시               | 2026-05-15: 분기보고서 (2026.03) | 2026-05-12: 영업(잠정)실적(공정공시)              ,3
컴투스홀딩스,063080,3,OK,,연결재무제표기준영업(잠정)실적(공정공시)              (+3),,2026-05-29: 타법인주식및출자증권처분결정               | 2026-05-21: 기업설명회(IR)개최               | 2026-05-15: 분기보고서 (2026.03) | 2026-05-13: 연결재무제표기준영업(잠정)실적(공정공시)              ,4
코렌텍,104540,3,OK,,연결재무제표기준영업(잠정)실적(공정공시)              (+3),,2026-05-28: 임원ㆍ주요주주특정증권등소유상황보고서 | 2026-05-27: 주식등의대량보유상황보고서(일반) | 2026-05-26: 전환주식의전환청구권행사              (상환전환우선주) | 2026-05-15: 분기보고서 (2026.03) | 2026-05-08: 연결재무제표기준영업(잠정)실적(공정공시)              ,5
녹십자,006280,3,OK,,연결재무제표기준영업(잠정)실적(공정공시)              (+3),,2026-06-01: 기업지배구조보고서공시               | 2026-05-27: 주요사항보고서(타법인주식및출자증권양도결정) | 2026-05-15: 분기보고서 (2026.03) | 2026-05-11: 최대주주등소유주식변동신고서               | 2026-05-08: 연결재무제표기준영업(잠정)실적(공정공시)              ,6
GC메디아이,032620,3,OK,,연결재무제표기준영업(잠정)실적(공정공시)              (+3),,2026-05-20: 임원ㆍ주요주주특정증권등소유상황보고서 | 2026-05-20: 주식등의대량보유상황보고서(일반) | 2026-05-19: 기업설명회(IR)개최               | 2026-05-15: 분기보고서 (2026.03) | 2026-05-11: 연결재무제표기준영업실적등에대한전망(공정공시)              ,7
KT나스미디어,089600,3,OK,,영업(잠정)실적(공정공시)              (+3),,2026-05-29: 대규모기업집단현황공시[연1회공시및1/4분기용(개별회사)] | 2026-05-22: 임시주주총회결과               | 2026-05-15: 분기보고서 (2026.03) | 2026-05-13: 신탁계약에의한취득상황보고서 | 2026-05-07: 의결권대리행사권유참고서류,8
금호석유화학,011780,3,OK,,연결재무제표기준영업(잠정)실적(공정공시)              (+3),,2026-06-01: 임원ㆍ주요주주특정증권등소유상황보고서 | 2026-06-01: 임원ㆍ주요주주특정증권등소유상황보고서 | 2026-06-01: 기업지배구조보고서공시               | 2026-05-29: 대규모기업집단현황공시[연1회공시및1/4분기용(대표회사)] | 2026-05-29: 대규모기업집단현황공시[연1회(동일인용)],11
한섬,020000,3,OK,,연결재무제표기준영업(잠정)실적(공정공시)              (+3),,2026-05-29: 기업지배구조보고서공시               | 2026-05-29: 대규모기업집단현황공시[연1회공시및1/4분기용(개별회사)] | 2026-05-15: 분기보고서 (2026.03) | 2026-05-13: 기업설명회(IR)개최(안내공시)               | 2026-05-07: 기업가치제고계획(자율공시)              (2025년 이행현황),6
인스피언,465480,3,OK,,영업(잠정)실적(공정공시)              (+3),,2026-05-15: 신탁계약에의한취득상황보고서 | 2026-05-14: 영업(잠정)실적(공정공시)               | 2026-05-14: 분기보고서 (2026.03),3
하나투어,039130,3,OK,,연결재무제표기준영업(잠정)실적(공정공시)              (+3),,2026-06-01: 기업지배구조보고서공시               | 2026-05-20: 풍문또는보도에대한해명               | 2026-05-15: 임원ㆍ주요주주특정증권등소유상황보고서 | 2026-05-15: 분기보고서 (2026.03) | 2026-05-13: 연결재무제표기준영업(잠정)실적(공정공시)              ,6
코웨이,021240,3,OK,,연결재무제표기준영업(잠정)실적(공정공시)              (+3),,2026-06-01: 기업지배구조보고서공시               | 2026-05-29: 대규모기업집단현황공시[연1회공시및1/4분기용(개별회사)] | 2026-05-28: 최대주주등소유주식변동신고서               | 2026-05-28: 임원ㆍ주요주주특정증권등소유상황보고서 | 2026-05-28: 임원ㆍ주요주주특정증권등소유상황보고서,18
리노공업,058470,3,OK,,영업(잠정)실적(공정공시)              (+3),,2026-05-14: 분기보고서 (2026.03) | 2026-05-06: 영업(잠정)실적(공정공시)               | 2026-05-04: 주식등의대량보유상황보고서(약식),3
제주항공,089590,3,OK,,영업(잠정)실적(공정공시)              (+3),,2026-06-01: 기업지배구조보고서공시               | 2026-05-29: 대규모기업집단현황공시[연1회공시및1/4분기용(개별회사)] | 2026-05-29: 주식등의대량보유상황보고서(일반) | 2026-05-22: 최대주주등소유주식변동신고서               | 2026-05-21: 주식등의대량보유상황보고서(일반),11
에이엘티,172670,3,OK,,유형자산취득결정(자율공시)              (+3),,2026-05-15: 분기보고서 (2026.03) | 2026-05-11: 유형자산취득결정(자율공시)               | 2026-05-04: 주식등의대량보유상황보고서(일반),3
TYM,002900,3,OK,,연결재무제표기준영업(잠정)실적(공정공시)              (+3),,2026-05-29: 기업지배구조보고서공시               | 2026-05-19: 임원ㆍ주요주주특정증권등소유상황보고서 | 2026-05-14: 분기보고서 (2026.03) | 2026-05-12: 사외이사의선임ㆍ해임또는중도퇴임에관한신고 | 2026-05-11: 연결재무제표기준영업(잠정)실적(공정공시)              ,5
대한전선,001440,3,OK,,유형자산취득결정              (+3),,2026-05-28: 기업지배구조보고서공시               | 2026-05-28: 대규모기업집단현황공시[연1회공시및1/4분기용(개별회사)] | 2026-05-15: 분기보고서 (2026.03) | 2026-05-13: 유형자산취득결정               | 2026-05-13: 주식등의대량보유상황보고서(약식),5
GS글로벌,001250,3,OK,,연결재무제표기준영업(잠정)실적(공정공시)              (+3),,2026-06-01: 대규모기업집단현황공시[연1회공시및1/4분기용(개별회사)] | 2026-05-29: 기업지배구조보고서공시               | 2026-05-14: 분기보고서 (2026.03) | 2026-05-12: 특수관계인에대한주식의처분 | 2026-05-12: 연결재무제표기준영업(잠정)실적(공정공시)              ,5
휴젤,145020,3,OK,,연결재무제표기준영업(잠정)실적(공정공시)              (+3),,2026-06-01: 대규모기업집단현황공시[연1회공시및1/4분기용(개별회사)] | 2026-05-15: 분기보고서 (2026.03) | 2026-05-13: 주식등의대량보유상황보고서(약식) | 2026-05-07: 주식매수선택권부여에관한신고 | 2026-05-07: 주주명부폐쇄기간또는기준일설정              ,9
아이마켓코리아,122900,3,OK,,연결재무제표기준영업(잠정)실적(공정공시)              (+3),,2026-06-01: 기업지배구조보고서공시               | 2026-05-27: 기업설명회(IR)개최(안내공시)               | 2026-05-15: 분기보고서 (2026.03) | 2026-05-06: [기재정정]금전대여결정              ((대여기간 연장)) | 2026-05-06: 연결재무제표기준영업(잠정)실적(공정공시)              ,6
파마리서치,214450,3,OK,,연결재무제표기준영업(잠정)실적(공정공시)              (+3),,2026-05-15: 분기보고서 (2026.03) | 2026-05-08: 연결재무제표기준영업(잠정)실적(공정공시)               | 2026-05-06: 기업설명회(IR)개최              ,3
NE능률,053290,3,OK,,영업(잠정)실적(공정공시)              (+3),,2026-05-15: 분기보고서 (2026.03) | 2026-05-13: 영업(잠정)실적(공정공시)              ,2
롯데하이마트,071840,3,OK,,영업(잠정)실적(공정공시)              (+3),,2026-05-29: 기업지배구조보고서공시               | 2026-05-29: 대규모기업집단현황공시[연1회공시및1/4분기용(개별회사)] | 2026-05-15: 분기보고서 (2026.03) | 2026-05-07: 기업설명회(IR)개최(안내공시)               | 2026-05-07: 영업(잠정)실적(공정공시)              ,5
DB손해보험,005830,3,OK,,영업(잠정)실적(공정공시)              (+3),,2026-06-02: [발행조건확정]증권신고서(채무증권) | 2026-06-02: [기재정정]증권신고서(채무증권) | 2026-06-01: 대규모기업집단현황공시[연1회공시및1/4분기용(개별회사)] | 2026-05-27: 증권신고서(채무증권) | 2026-05-22: [기재정정]타법인주식및출자증권취득결정              ,12
티케이지휴켐스,069260,3,OK,,연결재무제표기준영업(잠정)실적(공정공시)              (+3),,2026-05-29: 기업지배구조보고서공시               | 2026-05-15: 분기보고서 (2026.03) | 2026-05-08: 기업설명회(IR)개최(안내공시)               | 2026-05-08: 연결재무제표기준영업(잠정)실적(공정공시)              ,4
일동홀딩스,000230,3,OK,,연결재무제표기준영업(잠정)실적(공정공시)              (+3),,2026-05-29: 기업지배구조보고서공시               | 2026-05-21: 주식등의대량보유상황보고서(일반) | 2026-05-15: 분기보고서 (2026.03) | 2026-05-13: 연결재무제표기준영업(잠정)실적(공정공시)               | 2026-05-11: 결산실적공시예고(안내공시)              ,5
애경산업,018250,3,OK,,연결재무제표기준영업(잠정)실적(공정공시)              (+3),,2026-06-01: 대규모기업집단현황공시[연1회공시및1/4분기용(개별회사)] | 2026-05-29: 기업지배구조보고서공시               | 2026-05-20: [기재정정]주식등의대량보유상황보고서(일반) | 2026-05-15: 분기보고서 (2026.03) | 2026-05-11: 연결재무제표기준영업(잠정)실적(공정공시)              ,6
HDC,012630,3,OK,,연결재무제표기준영업(잠정)실적(공정공시)              (+3),,2026-06-01: 최대주주등소유주식변동신고서               | 2026-06-01: 주식등의대량보유상황보고서(일반) | 2026-06-01: 기업지배구조보고서공시               | 2026-05-29: 대규모기업집단현황공시[연1회(동일인용)] | 2026-05-29: 대규모기업집단현황공시[연1회공시및1/4분기용(대표회사)],16
아이쓰리시스템,214430,3,OK,,영업(잠정)실적(공정공시)              (+3),,2026-05-13: [기재정정]분기보고서 (2026.03) | 2026-05-13: 분기보고서 (2026.03) | 2026-05-07: 영업(잠정)실적(공정공시)              ,3
헥토이노베이션,214180,3,OK,,연결재무제표기준영업(잠정)실적(공정공시)              (+3),,2026-05-15: 분기보고서 (2026.03) | 2026-05-08: 연결재무제표기준영업(잠정)실적(공정공시)              ,2
텔레칩스,054450,3,OK,,연결재무제표기준영업(잠정)실적(공정공시)              (+3),,2026-05-22: 임원ㆍ주요주주특정증권등소유상황보고서 | 2026-05-15: 분기보고서 (2026.03) | 2026-05-12: 임원ㆍ주요주주특정증권등소유상황보고서 | 2026-05-12: 임원ㆍ주요주주특정증권등소유상황보고서 | 2026-05-12: 임원ㆍ주요주주특정증권등소유상황보고서,7
레드캡투어,038390,3,OK,,연결재무제표기준영업(잠정)실적(공정공시)              (+3),,2026-05-15: 분기보고서 (2026.03) | 2026-05-12: 기업설명회(IR)개최               | 2026-05-07: 연결재무제표기준영업(잠정)실적(공정공시)               | 2026-05-06: 기업설명회(IR)개최              ,4
현대에버다임,041440,3,OK,,연결재무제표기준영업(잠정)실적(공정공시)              (+3),,2026-05-29: 대규모기업집단현황공시[연1회공시및1/4분기용(개별회사)] | 2026-05-15: 분기보고서 (2026.03) | 2026-05-06: 연결재무제표기준영업(잠정)실적(공정공시)               | 2026-05-04: 기업설명회(IR)개최               | 2026-05-04: 결산실적공시예고              ,5
셀트리온,068270,3,🚨 YES,[기재정정]유상증자결정(종속회사의주요경영사항)              ,주요사항보고서(자기주식취득결정)(+5) | [기재정정]주식소각결정              (+5) | 주식소각결정              (+5) | 연결재무제표기준영업(잠정)실적(공정공시)              (+3),[기재정정]유상증자결정(종속회사의주요경영사항)              (-15),2026-06-01: 대규모기업집단현황공시[연1회공시및1/4분기용(개별회사)] | 2026-05-29: 기업지배구조보고서공시               | 2026-05-29: 임원ㆍ주요주주특정증권등소유상황보고서 | 2026-05-28: 투자판단관련주요경영사항              (CTP6 SC(허쥬마 피하주사 제형) 한국 품목허가 신청) | 2026-05-21: 주요사항보고서(자기주식취득결정),16
에스앤에스텍,101490,3,OK,,연결재무제표기준영업(잠정)실적(공정공시)              (+3),,2026-05-14: 분기보고서 (2026.03) | 2026-05-06: 기업설명회(IR)개최               | 2026-05-06: 연결재무제표기준영업(잠정)실적(공정공시)              ,3
DB,012030,3,OK,,연결재무제표기준영업(잠정)실적(공정공시)              (+3),,2026-06-01: 기업지배구조보고서공시               | 2026-05-29: 대규모기업집단현황공시[연1회공시및1/4분기용(대표회사)] | 2026-05-29: 대규모기업집단현황공시[연1회(동일인용)] | 2026-05-22: 최대주주등소유주식변동신고서               | 2026-05-22: 주식등의대량보유상황보고서(일반),7
달바글로벌,483650,3,OK,,연결재무제표기준영업(잠정)실적(공정공시)              (+3),,2026-06-02: 임시주주총회결과               | 2026-06-02: 주식매수선택권부여에관한신고 | 2026-06-01: 기업지배구조보고서공시               | 2026-05-29: 주식등의대량보유상황보고서(일반) | 2026-05-28: 임원ㆍ주요주주특정증권등소유상황보고서,11
녹십자웰빙,234690,3,OK,,연결재무제표기준영업(잠정)실적(공정공시)              (+3),,2026-05-15: 파생상품거래손실발생               | 2026-05-15: 분기보고서 (2026.03) | 2026-05-07: 연결재무제표기준영업(잠정)실적(공정공시)              ,3
DB하이텍,000990,3,OK,,연결재무제표기준영업(잠정)실적(공정공시)              (+3),,2026-06-01: 기업지배구조보고서공시               | 2026-06-01: [기재정정]사업보고서 (2025.12) | 2026-05-29: 영업정지(종속회사의주요경영사항)               | 2026-05-29: 대규모기업집단현황공시[연1회공시및1/4분기용(개별회사)] | 2026-05-28: 임원ㆍ주요주주특정증권등소유상황보고서,14
PKC,001340,3,OK,,[기재정정]유형자산취득결정              (+3),,2026-06-01: 전환가액ㆍ신주인수권행사가액ㆍ교환가액의조정(안내공시)               | 2026-06-01: 기업지배구조보고서공시               | 2026-05-28: [기재정정]유형자산취득결정               | 2026-05-20: [기재정정]분기보고서 (2026.03) | 2026-05-15: 분기보고서 (2026.03),8
롯데웰푸드,280360,3,OK,,연결재무제표기준영업(잠정)실적(공정공시)              (+3),,2026-05-29: 대규모기업집단현황공시[연1회공시및1/4분기용(개별회사)] | 2026-05-29: 기업지배구조보고서공시               | 2026-05-20: 기업설명회(IR)개최(안내공시)               | 2026-05-14: [첨부추가]분기보고서 (2026.03) | 2026-05-08: 기업설명회(IR)개최(안내공시)              ,7
교촌에프앤비,339770,3,OK,,연결재무제표기준영업(잠정)실적(공정공시)              (+3),,2026-05-29: 기업지배구조보고서공시               | 2026-05-14: 현금ㆍ현물배당을위한주주명부폐쇄(기준일)결정               | 2026-05-14: 분기보고서 (2026.03) | 2026-05-14: 현금ㆍ현물배당결정               | 2026-05-12: 연결재무제표기준영업(잠정)실적(공정공시)              ,5
디어유,376300,3,OK,,연결재무제표기준영업(잠정)실적(공정공시)              (+3),,2026-05-29: 대규모기업집단현황공시[연1회공시및1/4분기용(개별회사)] | 2026-05-15: 분기보고서 (2026.03) | 2026-05-06: 기업설명회(IR)개최               | 2026-05-06: 연결재무제표기준영업(잠정)실적(공정공시)              ,4
알테오젠,196170,3,OK,,연결재무제표기준영업(잠정)실적(공정공시)              (+3),,"2026-05-15: 분기보고서 (2026.03) | 2026-05-15: 투자판단관련주요경영사항              (아이젠피주(ALT-L9, 아일리아 바이오시밀러) 식약처 품목허가 승인) | 2026-05-08: 연결재무제표기준영업(잠정)실적(공정공시)              ",3
신세계인터내셔날,031430,3,OK,,연결재무제표기준영업(잠정)실적(공정공시)              (+3),,2026-06-01: 기업지배구조보고서공시               | 2026-06-01: 대규모기업집단현황공시[연1회공시및1/4분기용(개별회사)] | 2026-05-18: 기업설명회(IR)개최(안내공시)               | 2026-05-15: 분기보고서 (2026.03) | 2026-05-12: 연결재무제표기준영업(잠정)실적(공정공시)              ,6
CJ제일제당,097950,3,OK,,연결재무제표기준영업(잠정)실적(공정공시)              (+3),,2026-06-01: 기업지배구조보고서공시               | 2026-06-01: 대규모기업집단현황공시[연1회공시및1/4분기용(개별회사)] | 2026-05-15: 분기보고서 (2026.03) | 2026-05-12: 연결재무제표기준영업(잠정)실적(공정공시)               | 2026-05-11: 동일인등출자계열회사와의상품ㆍ용역거래,10
위메이드맥스,101730,3,OK,,연결재무제표기준영업(잠정)실적(공정공시)              (+3),,2026-05-15: 분기보고서 (2026.03) | 2026-05-12: 연결재무제표기준영업(잠정)실적(공정공시)               | 2026-05-04: 주식등의대량보유상황보고서(일반),3
영화금속,012280,3,OK,,영업(잠정)실적(공정공시)              (+3),,2026-06-01: 기업지배구조보고서공시               | 2026-05-27: 주요사항보고서(자기전환사채만기전취득결정) | 2026-05-15: 분기보고서 (2026.03) | 2026-05-14: 신탁계약에의한취득상황보고서 | 2026-05-06: 영업(잠정)실적(공정공시)              ,5
코스모화학,005420,3,OK,,영업(잠정)실적(공정공시)              (+3),,2026-06-02: [기재정정]분기보고서 (2026.03) | 2026-06-02: [기재정정]사업보고서 (2025.12) | 2026-06-02: [기재정정]분기보고서 (2026.03) | 2026-06-02: [기재정정]사업보고서 (2025.12) | 2026-05-29: 기업지배구조보고서공시              ,8
트리니티항공,091810,3,OK,,영업(잠정)실적(공정공시)              (+3),,2026-06-01: 대규모기업집단현황공시[연1회공시및1/4분기용(개별회사)] | 2026-06-01: 기업지배구조보고서공시               | 2026-06-01: 불성실공시법인지정               | 2026-05-18: 불성실공시법인지정예고               | 2026-05-15: 단기차입금증가결정              ,7
현대리바트,079430,3,OK,,연결재무제표기준영업(잠정)실적(공정공시)              (+3),,2026-05-29: 기업지배구조보고서공시               | 2026-05-29: 대규모기업집단현황공시[연1회공시및1/4분기용(개별회사)] | 2026-05-15: 분기보고서 (2026.03) | 2026-05-11: 기업설명회(IR)개최(안내공시)               | 2026-05-08: 연결재무제표기준영업(잠정)실적(공정공시)              ,5
비엠티,086670,3,OK,,연결재무제표기준영업(잠정)실적(공정공시)              (+3),,2026-05-29: 주식등의대량보유상황보고서(일반) | 2026-05-29: 임원ㆍ주요주주특정증권등소유상황보고서 | 2026-05-18: 주식등의대량보유상황보고서(일반) | 2026-05-15: 분기보고서 (2026.03) | 2026-05-11: 연결재무제표기준영업(잠정)실적(공정공시)              ,8
LG헬로비전,037560,3,OK,,연결재무제표기준영업(잠정)실적(공정공시)              (+3),,2026-06-01: 대규모기업집단현황공시[연1회공시및1/4분기용(개별회사)] | 2026-05-29: 기업지배구조보고서공시               | 2026-05-15: 분기보고서 (2026.03) | 2026-05-07: 연결재무제표기준영업(잠정)실적(공정공시)               | 2026-05-04: 증권발행실적보고서,6
중앙백신,072020,3,OK,,영업(잠정)실적(공정공시)              (+3),,2026-05-15: 분기보고서 (2026.03) | 2026-05-06: 영업(잠정)실적(공정공시)              ,2
원익머트리얼즈,104830,3,OK,,연결재무제표기준영업(잠정)실적(공정공시)              (+3),,2026-06-02: 지속가능경영보고서등관련사항(자율공시)               | 2026-05-29: 대규모기업집단현황공시[연1회공시및1/4분기용(개별회사)] | 2026-05-14: 분기보고서 (2026.03) | 2026-05-07: 연결재무제표기준영업(잠정)실적(공정공시)              ,4
롯데케미칼,011170,3,OK,,연결재무제표기준영업(잠정)실적(공정공시)              (+3),,2026-06-02: 금전대여결정               | 2026-06-02: 타인에대한채무보증결정               | 2026-06-02: 합병등종료보고서(분할) | 2026-06-02: 특수관계인에대한자금대여 | 2026-06-02: 특수관계인에대한담보제공,11
롯데쇼핑,023530,3,OK,,연결재무제표기준영업(잠정)실적(공정공시)              (+3),,2026-05-29: 대규모기업집단현황공시[연1회공시및1/4분기용(개별회사)] | 2026-05-29: 기업지배구조보고서공시               | 2026-05-28: 증권신고서(채무증권) | 2026-05-15: 분기보고서 (2026.03) | 2026-05-11: 연결재무제표기준영업(잠정)실적(공정공시)              ,8
대신증권,003540,3,OK,,연결재무제표기준영업(잠정)실적(공정공시)              (+3),,2026-06-02: 투자설명서(일괄신고) | 2026-06-02: 일괄신고추가서류(파생결합사채-주가연계파생결합사채) | 2026-06-02: 증권발행실적보고서 | 2026-06-01: 투자설명서(일괄신고) | 2026-06-01: 일괄신고추가서류(기타파생결합사채),66
카카오뱅크,323410,3,OK,,영업(잠정)실적(공정공시)              (+3),,2026-05-29: 대규모기업집단현황공시[연1회공시및1/4분기용(개별회사)] | 2026-05-15: 분기보고서 (2026.03) | 2026-05-14: 기업설명회(IR)개최(안내공시)               | 2026-05-08: [기재정정]임원ㆍ주요주주특정증권등소유상황보고서 | 2026-05-06: 영업(잠정)실적(공정공시)              ,6
NHN벅스,104200,3,OK,,영업(잠정)실적(공정공시)              (+3),,"2026-05-15: 분기보고서 (2026.03) | 2026-05-13: 불성실공시법인지정              (공시번복 1건, 공시불이행 1건) | 2026-05-12: 영업(잠정)실적(공정공시)              ",3
마녀공장,439090,3,OK,,연결재무제표기준영업(잠정)실적(공정공시)              (+3),,2026-06-02: 주요사항보고서(자기주식취득신탁계약체결결정) | 2026-06-02: 신탁계약해지결과보고서 | 2026-06-02: 주요사항보고서(자기주식취득신탁계약해지결정) | 2026-05-15: 분기보고서 (2026.03) | 2026-05-08: 연결재무제표기준영업(잠정)실적(공정공시)              ,5
클래시스,214150,3,OK,,연결재무제표기준영업(잠정)실적(공정공시)              (+3),,2026-05-28: 기업설명회(IR)개최               | 2026-05-26: 지속가능경영보고서등관련사항(자율공시)               | 2026-05-19: 기업설명회(IR)개최               | 2026-05-18: 기업설명회(IR)개최               | 2026-05-15: [기재정정]주식매수선택권부여에관한신고,9
녹십자엠에스,142280,3,OK,,연결재무제표기준영업(잠정)실적(공정공시)              (+3),,2026-05-21: 신주인수권행사               | 2026-05-20: 신주인수권행사               | 2026-05-15: 분기보고서 (2026.03) | 2026-05-07: 연결재무제표기준영업(잠정)실적(공정공시)               | 2026-05-06: 기타시장안내(약명및영문명)              (영문상호),5
S-Oil,010950,3,OK,,연결재무제표기준영업(잠정)실적(공정공시)              (+3),,2026-06-01: [기재정정]대규모기업집단현황공시[연1회공시및1/4분기용(대표회사)] | 2026-05-26: 대규모기업집단현황공시[연1회공시및1/4분기용(대표회사)] | 2026-05-26: 대규모기업집단현황공시[연1회(동일인용)] | 2026-05-15: 분기보고서 (2026.03) | 2026-05-12: 기업지배구조보고서공시              ,6
네오팜,092730,3,OK,,영업(잠정)실적(공정공시)              (+3),,2026-05-14: 분기보고서 (2026.03) | 2026-05-08: 기업설명회(IR)개최               | 2026-05-08: 영업(잠정)실적(공정공시)               | 2026-05-06: 주식등의대량보유상황보고서(일반) | 2026-05-06: 임원ㆍ주요주주특정증권등소유상황보고서,5
잉글우드랩,950140,3,OK,,연결재무제표기준영업(잠정)실적(공정공시)              (+3),,2026-05-11: 분기보고서 (2026.03) | 2026-05-08: 기업설명회(IR)개최               | 2026-05-08: 연결재무제표기준영업(잠정)실적(공정공시)              ,3
에스피지,058610,3,OK,,연결재무제표기준영업(잠정)실적(공정공시)              (+3),,2026-05-14: 분기보고서 (2026.03) | 2026-05-13: 연결재무제표기준영업(잠정)실적(공정공시)               | 2026-05-11: 기업설명회(IR)개최              ,3
케이엔더블유,105330,3,OK,,연결재무제표기준영업(잠정)실적(공정공시)              (+3),,2026-05-29: 대규모기업집단현황공시[연1회공시및1/4분기용(개별회사)] | 2026-05-15: 분기보고서 (2026.03) | 2026-05-07: 연결재무제표기준영업(잠정)실적(공정공시)              ,3
도이치모터스,067990,3,OK,,회사합병결정(종속회사의주요경영사항)              (+3),,2026-05-15: 분기보고서 (2026.03) | 2026-05-14: 회사합병결정(종속회사의주요경영사항)               | 2026-05-08: 주식등의대량보유상황보고서(일반),3
KTis,058860,3,OK,,영업(잠정)실적(공정공시)              (+3),,2026-06-01: 기업지배구조보고서공시               | 2026-05-29: 대규모기업집단현황공시[연1회공시및1/4분기용(개별회사)] | 2026-05-27: 최대주주등소유주식변동신고서               | 2026-05-27: 대표이사(대표집행임원)변경(안내공시)               | 2026-05-27: 임시주주총회결과              ,9
미래에셋증권,006800,3,OK,,연결재무제표기준영업(잠정)실적(공정공시)              (+3),,2026-06-02: 투자설명서(일괄신고) | 2026-06-02: 일괄신고추가서류(파생결합사채-주가연계파생결합사채) | 2026-06-02: 특수관계인과의수익증권거래 | 2026-06-02: 투자설명서(일괄신고) | 2026-06-02: 일괄신고추가서류(파생결합사채-주가연계파생결합사채),100
다우기술,023590,3,OK,,주요사항보고서(회사합병결정)(+3),,2026-06-02: 주주명부폐쇄기간또는기준일설정               | 2026-06-02: 주요사항보고서(회사합병결정) | 2026-06-01: 기업지배구조보고서공시               | 2026-06-01: 대규모기업집단현황공시[연1회공시및1/4분기용(개별회사)] | 2026-05-15: 분기보고서 (2026.03),6
심텍홀딩스,036710,3,OK,,연결재무제표기준영업(잠정)실적(공정공시)              (+3),,2026-05-14: 분기보고서 (2026.03) | 2026-05-06: 연결재무제표기준영업(잠정)실적(공정공시)              ,2
BGF,027410,3,OK,,연결재무제표기준영업(잠정)실적(공정공시)              (+3),,2026-05-29: 기업지배구조보고서공시               | 2026-05-29: [기재정정]대규모기업집단현황공시[연1회공시및1/4분기용(대표회사)] | 2026-05-28: 대규모기업집단현황공시[연1회공시및1/4분기용(대표회사)] | 2026-05-28: 대규모기업집단현황공시[연1회(동일인용)] | 2026-05-15: 분기보고서 (2026.03),7
BGF리테일,282330,3,OK,,연결재무제표기준영업(잠정)실적(공정공시)              (+3),,2026-05-29: 최대주주등소유주식변동신고서               | 2026-05-29: 주식등의대량보유상황보고서(일반) | 2026-05-29: 대규모기업집단현황공시[연1회공시및1/4분기용(개별회사)] | 2026-05-29: 기업지배구조보고서공시               | 2026-05-15: 분기보고서 (2026.03),8
GS피앤엘,499790,3,OK,,연결재무제표기준영업(잠정)실적(공정공시)              (+3),,2026-06-01: 대규모기업집단현황공시[연1회공시및1/4분기용(개별회사)] | 2026-06-01: 기업지배구조보고서공시               | 2026-05-15: 분기보고서 (2026.03) | 2026-05-06: 연결재무제표기준영업(잠정)실적(공정공시)              ,4
샘씨엔에스,252990,3,OK,,영업(잠정)실적(공정공시)              (+3),,2026-05-21: 기업설명회(IR)개최               | 2026-05-15: 분기보고서 (2026.03) | 2026-05-06: 영업(잠정)실적(공정공시)              ,3
일동제약,249420,3,OK,,연결재무제표기준영업(잠정)실적(공정공시)              (+3),,2026-05-29: 기업지배구조보고서공시               | 2026-05-15: 분기보고서 (2026.03) | 2026-05-13: 연결재무제표기준영업(잠정)실적(공정공시)               | 2026-05-11: 결산실적공시예고(안내공시)              ,4
쎌바이오텍,049960,3,OK,,연결재무제표기준영업(잠정)실적(공정공시)              (+3),,2026-05-15: 분기보고서 (2026.03) | 2026-05-08: 연결재무제표기준영업(잠정)실적(공정공시)              ,2
아로마티카,0015N0,3,OK,,연결재무제표기준영업(잠정)실적(공정공시)              (+3),,2026-05-15: 분기보고서 (2026.03) | 2026-05-08: 연결재무제표기준영업(잠정)실적(공정공시)              ,2
롯데에너지머티리얼즈,020150,3,OK,,연결재무제표기준영업(잠정)실적(공정공시)              (+3),,2026-05-29: 대규모기업집단현황공시[연1회공시및1/4분기용(개별회사)] | 2026-05-29: 기업지배구조보고서공시               | 2026-05-22: 타법인주식및출자증권처분결정               | 2026-05-22: 타인에대한채무보증결정               | 2026-05-15: 분기보고서 (2026.03),6
아비코전자,036010,3,OK,,연결재무제표기준영업(잠정)실적(공정공시)              (+3),,2026-05-20: 타법인주식및출자증권취득결정(자율공시)               | 2026-05-15: 분기보고서 (2026.03) | 2026-05-08: 연결재무제표기준영업(잠정)실적(공정공시)              ,3
현대이지웰,090850,3,OK,,연결재무제표기준영업(잠정)실적(공정공시)              (+3),,2026-05-29: 대규모기업집단현황공시[연1회공시및1/4분기용(개별회사)] | 2026-05-28: 주식등의대량보유상황보고서(약식) | 2026-05-15: 분기보고서 (2026.03) | 2026-05-15: 기업설명회(IR)개최               | 2026-05-06: 특수관계인으로부터주식의취득,8
코오롱인더,120110,3,OK,,연결재무제표기준영업(잠정)실적(공정공시)              (+3),,2026-06-01: 주식등의대량보유상황보고서(약식) | 2026-06-01: 대규모기업집단현황공시[연1회공시및1/4분기용(개별회사)] | 2026-06-01: 기업지배구조보고서공시               | 2026-05-18: 최대주주등소유주식변동신고서               | 2026-05-15: 분기보고서 (2026.03),12
진에어,272450,3,OK,,영업(잠정)실적(공정공시)              (+3),,2026-06-02: 풍문또는보도에대한해명(미확정)               | 2026-05-29: 기업지배구조보고서공시               | 2026-05-29: 대규모기업집단현황공시[연1회공시및1/4분기용(개별회사)] | 2026-05-15: 분기보고서 (2026.03) | 2026-05-12: 기업설명회(IR)개최(안내공시)              ,7
SK오션플랜트,100090,3,OK,,연결재무제표기준영업(잠정)실적(공정공시)              (+3),,2026-05-29: 기업지배구조보고서공시               | 2026-05-29: 대규모기업집단현황공시[연1회공시및1/4분기용(개별회사)] | 2026-05-15: 분기보고서 (2026.03) | 2026-05-12: 주식등의대량보유상황보고서(일반) | 2026-05-12: 연결재무제표기준영업(잠정)실적(공정공시)              ,8
이녹스첨단소재,272290,3,OK,,연결재무제표기준영업(잠정)실적(공정공시)              (+3),,2026-05-15: 분기보고서 (2026.03) | 2026-05-06: 연결재무제표기준영업(잠정)실적(공정공시)              ,2
삼성생명,032830,3,OK,,연결재무제표기준영업(잠정)실적(공정공시)              (+3),,2026-06-02: 특수관계인과의수익증권거래 | 2026-06-01: 대규모기업집단현황공시[연1회공시및1/4분기용(개별회사)] | 2026-05-22: 주식등의대량보유상황보고서(일반) | 2026-05-15: 분기보고서 (2026.03) | 2026-05-14: 연결재무제표기준영업(잠정)실적(공정공시)              ,6
삼성증권,016360,3,OK,,연결재무제표기준영업(잠정)실적(공정공시)              (+3),,2026-06-02: 투자설명서(일괄신고) | 2026-06-02: 일괄신고추가서류(파생결합증권-주가연계증권) | 2026-06-01: 대규모기업집단현황공시[연1회공시및1/4분기용(개별회사)] | 2026-05-29: 투자설명서(일괄신고) | 2026-05-29: 일괄신고추가서류(파생결합사채-주가연계파생결합사채),49
데브시스터즈,194480,3,OK,,연결재무제표기준영업(잠정)실적(공정공시)              (+3),,2026-05-15: 분기보고서 (2026.03) | 2026-05-11: 연결재무제표기준영업(잠정)실적(공정공시)              ,2
콘텐트리중앙,036420,3,OK,,연결재무제표기준영업(잠정)실적(공정공시)              (+3),,2026-05-29: 기업지배구조보고서공시               | 2026-05-29: 대규모기업집단현황공시[연1회공시및1/4분기용(개별회사)] | 2026-05-26: 금전대여결정               | 2026-05-15: 분기보고서 (2026.03) | 2026-05-12: [기재정정]타법인주식및출자증권취득결정              ,6
한국석유공업,004090,3,OK,,연결재무제표기준영업(잠정)실적(공정공시)              (+3),,2026-06-01: 기업지배구조보고서공시               | 2026-05-15: 분기보고서 (2026.03) | 2026-05-11: 연결재무제표기준영업(잠정)실적(공정공시)              ,3
코스맥스,192820,3,OK,,연결재무제표기준영업(잠정)실적(공정공시)              (+3),,2026-06-01: 기업지배구조보고서공시               | 2026-05-20: [기재정정]타인에대한채무보증결정               | 2026-05-19: 신규시설투자등               | 2026-05-19: 타인에대한채무보증결정               | 2026-05-19: 기업설명회(IR)개최(안내공시)              ,8
서울반도체,046890,3,OK,,[기재정정]연결재무제표기준영업(잠정)실적(공정공시)              (+3),,2026-06-02: 의결권대리행사권유참고서류 | 2026-06-02: 주주총회소집공고 | 2026-05-15: 분기보고서 (2026.03) | 2026-05-12: 주주총회소집결의              (임시주주총회) | 2026-05-12: 주주명부폐쇄기간또는기준일설정              ,8
새론오토모티브,075180,3,OK,,[기재정정]회사합병결정(종속회사의주요경영사항)              (+3),,2026-05-29: [기재정정]해산사유발생(종속회사의주요경영사항)               | 2026-05-29: [기재정정]회사합병결정(종속회사의주요경영사항)               | 2026-05-27: 기업지배구조보고서공시               | 2026-05-13: 분기보고서 (2026.03),4
셀트리온제약,068760,3,OK,,영업(잠정)실적(공정공시)              (+3),,2026-06-01: 대규모기업집단현황공시[연1회공시및1/4분기용(개별회사)] | 2026-05-15: 분기보고서 (2026.03) | 2026-05-06: 영업(잠정)실적(공정공시)              ,3
영진약품,003520,3,OK,,영업(잠정)실적(공정공시)              (+3),,2026-06-01: 대규모기업집단현황공시[연1회공시및1/4분기용(개별회사)] | 2026-05-28: 기업지배구조보고서공시               | 2026-05-15: 분기보고서 (2026.03) | 2026-05-06: 영업(잠정)실적(공정공시)              ,4
서울바이오시스,092190,3,OK,,[기재정정]연결재무제표기준영업(잠정)실적(공정공시)              (+3),,2026-05-15: 분기보고서 (2026.03) | 2026-05-11: 연결재무제표기준영업실적등에대한전망(공정공시)               | 2026-05-11: [기재정정]연결재무제표기준영업(잠정)실적(공정공시)               | 2026-05-08: 기업설명회(IR)개최              ,4
한화손해보험,000370,3,OK,,영업(잠정)실적(공정공시)              (+3),,2026-05-29: 대규모기업집단현황공시[연1회공시및1/4분기용(개별회사)] | 2026-05-29: [기재정정]분기보고서 (2026.03) | 2026-05-21: 임원ㆍ주요주주특정증권등소유상황보고서 | 2026-05-21: 임원ㆍ주요주주특정증권등소유상황보고서 | 2026-05-21: 임원ㆍ주요주주특정증권등소유상황보고서,8
가온그룹,078890,3,OK,,연결재무제표기준영업(잠정)실적(공정공시)              (+3),,2026-05-15: 분기보고서 (2026.03) | 2026-05-12: 타인에대한채무보증결정               | 2026-05-07: 연결재무제표기준영업(잠정)실적(공정공시)              ,3
코스맥스엔비티,222040,3,OK,,연결재무제표기준영업(잠정)실적(공정공시)              (+3),,2026-05-15: 분기보고서 (2026.03) | 2026-05-12: 기타경영사항(자율공시)               | 2026-05-11: 임원ㆍ주요주주특정증권등소유상황보고서 | 2026-05-07: 연결재무제표기준영업(잠정)실적(공정공시)              ,4
경동나비엔,009450,3,OK,,연결재무제표기준영업(잠정)실적(공정공시)              (+3),,2026-06-01: 기업지배구조보고서공시               | 2026-05-18: [기재정정]분기보고서 (2026.03) | 2026-05-15: 분기보고서 (2026.03) | 2026-05-13: 연결재무제표기준영업(잠정)실적(공정공시)              ,4
오리온,271560,3,OK,,연결재무제표기준영업(잠정)실적(공정공시)              (+3),,2026-06-01: 기업지배구조보고서공시               | 2026-06-01: 대규모기업집단현황공시[연1회공시및1/4분기용(개별회사)] | 2026-05-19: 특수관계인으로부터부동산임차 | 2026-05-15: 연결재무제표기준영업(잠정)실적(공정공시)               | 2026-05-15: 분기보고서 (2026.03),5
키이스트,054780,3,OK,,영업(잠정)실적(공정공시)              (+3),,2026-05-29: 대규모기업집단현황공시[연1회공시및1/4분기용(개별회사)] | 2026-05-15: 분기보고서 (2026.03) | 2026-05-04: 영업(잠정)실적(공정공시)              ,3
애니플러스,310200,3,OK,,[기재정정]주요사항보고서(회사합병결정)(+3),,2026-05-26: [기재정정]주요사항보고서(회사합병결정) | 2026-05-15: 분기보고서 (2026.03) | 2026-05-08: 임원ㆍ주요주주특정증권등소유상황보고서 | 2026-05-08: 임원ㆍ주요주주특정증권등소유상황보고서 | 2026-05-08: 임원ㆍ주요주주특정증권등소유상황보고서,6
SK리츠,395400,3,OK,,영업(잠정)실적(공정공시)              (+3),,2026-06-02: 특수관계인에대한부동산임대 | 2026-06-02: 의결권대리행사권유참고서류 | 2026-06-02: 주주총회소집공고 | 2026-06-02: 주식등의대량보유상황보고서(약식) | 2026-06-02: 주주총회소집결의              ,18
옵티시스,109080,3,OK,,영업(잠정)실적(공정공시)              (+3),,2026-05-15: 분기보고서 (2026.03) | 2026-05-14: 영업(잠정)실적(공정공시)              ,2
KG케미칼,001390,3,OK,,연결재무제표기준영업(잠정)실적(공정공시)              (+3),,2026-06-02: 기업설명회(IR)개최(안내공시)               | 2026-06-01: 기업지배구조보고서공시               | 2026-05-29: 대규모기업집단현황공시[연1회공시및1/4분기용(대표회사)] | 2026-05-29: 대규모기업집단현황공시[연1회(동일인용)] | 2026-05-15: 분기보고서 (2026.03),7
JYP Ent.,035900,3,OK,,연결재무제표기준영업(잠정)실적(공정공시)              (+3),,2026-05-15: 분기보고서 (2026.03) | 2026-05-14: 연결재무제표기준영업(잠정)실적(공정공시)               | 2026-05-07: 기업설명회(IR)개최               | 2026-05-07: 결산실적공시예고              ,4
레이언스,228850,3,OK,,연결재무제표기준영업(잠정)실적(공정공시)              (+3),,2026-06-01: 대표이사변경               | 2026-05-19: 기업설명회(IR)개최               | 2026-05-15: 분기보고서 (2026.03) | 2026-05-12: 연결재무제표기준영업(잠정)실적(공정공시)               | 2026-05-07: 결산실적공시예고              ,5
한라IMS,092460,3,OK,,연결재무제표기준영업(잠정)실적(공정공시)              (+3),,2026-05-18: 주식등의대량보유상황보고서(약식) | 2026-05-14: 분기보고서 (2026.03) | 2026-05-08: 연결재무제표기준영업(잠정)실적(공정공시)              ,3
와이지엔터테인먼트,122870,3,OK,,연결재무제표기준영업(잠정)실적(공정공시)              (+3),,2026-05-15: 분기보고서 (2026.03) | 2026-05-08: 연결재무제표기준영업(잠정)실적(공정공시)              ,2
대교,019680,3,OK,,연결재무제표기준영업(잠정)실적(공정공시)              (+3),,2026-06-01: 최대주주등소유주식변동신고서               | 2026-06-01: 주식등의대량보유상황보고서(일반) | 2026-05-29: 기업지배구조보고서공시               | 2026-05-28: 임원ㆍ주요주주특정증권등소유상황보고서 | 2026-05-28: 자기주식처분결과보고서,7
조이시티,067000,3,OK,,연결재무제표기준영업(잠정)실적(공정공시)              (+3),,2026-05-15: 분기보고서 (2026.03) | 2026-05-06: 연결재무제표기준영업(잠정)실적(공정공시)              ,2
HS애드,035000,3,OK,,연결재무제표기준영업(잠정)실적(공정공시)              (+3),,2026-06-01: 대규모기업집단현황공시[연1회공시및1/4분기용(개별회사)] | 2026-05-29: 기업지배구조보고서공시               | 2026-05-28: 주식등의대량보유상황보고서(일반) | 2026-05-26: 임원ㆍ주요주주특정증권등소유상황보고서 | 2026-05-14: 동일인등출자계열회사와의상품ㆍ용역거래변경,7
한국공항,005430,3,OK,,연결재무제표기준영업(잠정)실적(공정공시)              (+3),,2026-06-01: 기업지배구조보고서공시               | 2026-05-29: 대규모기업집단현황공시[연1회공시및1/4분기용(개별회사)] | 2026-05-15: 분기보고서 (2026.03) | 2026-05-14: 연결재무제표기준영업(잠정)실적(공정공시)              ,4
웅진씽크빅,095720,3,OK,,연결재무제표기준영업(잠정)실적(공정공시)              (+3),,2026-06-02: 주식등의대량보유상황보고서(일반) | 2026-06-01: 기업지배구조보고서공시               | 2026-05-29: 대규모기업집단현황공시[연1회공시및1/4분기용(개별회사)] | 2026-05-15: 분기보고서 (2026.03) | 2026-05-13: 연결재무제표기준영업(잠정)실적(공정공시)              ,5
동원수산,030720,3,OK,,연결재무제표기준영업(잠정)실적(공정공시)              (+3),,2026-05-28: 기업지배구조보고서공시               | 2026-05-19: 임원ㆍ주요주주특정증권등소유상황보고서 | 2026-05-14: 분기보고서 (2026.03) | 2026-05-12: 연결재무제표기준영업(잠정)실적(공정공시)               | 2026-05-07: 주식등의대량보유상황보고서(일반),5
클리오,237880,3,OK,,연결재무제표기준영업(잠정)실적(공정공시)              (+3),,2026-05-13: 분기보고서 (2026.03) | 2026-05-11: 연결재무제표기준영업(잠정)실적(공정공시)               | 2026-05-06: 결산실적공시예고              ,3
흥국에프엔비,189980,3,OK,,연결재무제표기준영업(잠정)실적(공정공시)              (+3),,2026-05-15: 분기보고서 (2026.03) | 2026-05-08: 연결재무제표기준영업(잠정)실적(공정공시)              ,2
KT지니뮤직,043610,3,OK,,연결재무제표기준영업(잠정)실적(공정공시)              (+3),,2026-05-29: 대규모기업집단현황공시[연1회공시및1/4분기용(개별회사)] | 2026-05-15: 분기보고서 (2026.03) | 2026-05-12: 연결재무제표기준영업(잠정)실적(공정공시)              ,3
미투온,201490,3,OK,,연결재무제표기준영업(잠정)실적(공정공시)              (+3),,2026-05-22: 임원ㆍ주요주주특정증권등소유상황보고서 | 2026-05-22: 임원ㆍ주요주주특정증권등소유상황보고서 | 2026-05-22: 주식등의대량보유상황보고서(일반) | 2026-05-19: 주식등의대량보유상황보고서(약식) | 2026-05-18: 기타경영사항(자율공시)              (자기사채 (제3회 전환사채) 소각 결정의 건),10
덴티움,145720,3,OK,,연결재무제표기준영업(잠정)실적(공정공시)              (+3),,2026-05-29: 기업지배구조보고서공시               | 2026-05-15: 분기보고서 (2026.03) | 2026-05-12: 연결재무제표기준영업(잠정)실적(공정공시)               | 2026-05-06: 기업설명회(IR)개최(안내공시)               | 2026-05-06: 결산실적공시예고(안내공시)              ,5
지누스,013890,3,OK,,연결재무제표기준영업(잠정)실적(공정공시)              (+3),,2026-05-29: 기업지배구조보고서공시               | 2026-05-29: 대규모기업집단현황공시[연1회공시및1/4분기용(개별회사)] | 2026-05-22: 유형자산처분결정(종속회사의주요경영사항)               | 2026-05-15: 분기보고서 (2026.03) | 2026-05-08: 타인에대한채무보증결정              ,7
GS리테일,007070,3,OK,,연결재무제표기준영업(잠정)실적(공정공시)              (+3),,2026-06-01: 대규모기업집단현황공시[연1회공시및1/4분기용(개별회사)] | 2026-05-29: 기업지배구조보고서공시               | 2026-05-15: 분기보고서 (2026.03) | 2026-05-11: 동일인등출자계열회사와의상품ㆍ용역거래변경 | 2026-05-07: 기업설명회(IR)개최(안내공시)              ,6
원익QnC,074600,3,OK,,연결재무제표기준영업(잠정)실적(공정공시)              (+3),,2026-05-29: 대규모기업집단현황공시[연1회공시및1/4분기용(개별회사)] | 2026-05-15: 분기보고서 (2026.03) | 2026-05-11: 연결재무제표기준영업(잠정)실적(공정공시)              ,3
티비에이치글로벌,084870,3,OK,,연결재무제표기준영업(잠정)실적(공정공시)              (+3),,2026-06-01: 기업지배구조보고서공시               | 2026-05-22: 신탁계약에의한취득상황보고서 | 2026-05-15: 임원ㆍ주요주주특정증권등소유상황보고서 | 2026-05-15: 주식등의대량보유상황보고서(일반) | 2026-05-15: 최대주주등소유주식변동신고서              ,7
펄어비스,263750,3,OK,,연결재무제표기준영업(잠정)실적(공정공시)              (+3),,2026-05-26: 기업설명회(IR)개최               | 2026-05-15: 분기보고서 (2026.03) | 2026-05-12: [첨부정정]연결재무제표기준영업실적등에대한전망(공정공시)               | 2026-05-12: 연결재무제표기준영업실적등에대한전망(공정공시)               | 2026-05-12: 연결재무제표기준영업(잠정)실적(공정공시)              ,6
화인베스틸,133820,3,OK,,영업(잠정)실적(공정공시)              (+3),,2026-06-01: 기업지배구조보고서공시               | 2026-05-29: 타인에대한채무보증결정               | 2026-05-15: 분기보고서 (2026.03) | 2026-05-04: 영업(잠정)실적(공정공시)              ,4
현대해상,001450,3,OK,,영업(잠정)실적(공정공시)              (+3),,2026-05-29: 대규모기업집단현황공시[연1회(동일인용)] | 2026-05-29: 대규모기업집단현황공시[연1회공시및1/4분기용(대표회사)] | 2026-05-26: 특수관계인과의수익증권거래 | 2026-05-15: 분기보고서 (2026.03) | 2026-05-15: 영업(잠정)실적(공정공시)              ,7
신세계I&C,035510,3,OK,,연결재무제표기준영업(잠정)실적(공정공시)              (+3),,2026-06-01: 대규모기업집단현황공시[연1회공시및1/4분기용(개별회사)] | 2026-05-29: 기업지배구조보고서공시               | 2026-05-29: [기재정정]유형자산처분결정               | 2026-05-15: 분기보고서 (2026.03) | 2026-05-14: 동일인등출자계열회사와의상품ㆍ용역거래변경,6
KZ정밀,036560,3,OK,,영업(잠정)실적(공정공시)              (+3),,2026-06-01: 대규모기업집단현황공시[연1회공시및1/4분기용(개별회사)] | 2026-05-15: 분기보고서 (2026.03) | 2026-05-07: 영업(잠정)실적(공정공시)              ,3
코리안리,003690,3,OK,,영업(잠정)실적(공정공시)              (+3),,2026-05-29: [기재정정]분기보고서 (2026.03) | 2026-05-15: 분기보고서 (2026.03) | 2026-05-15: 영업(잠정)실적(공정공시)              ,3
SG세계물산,004060,3,OK,,연결재무제표기준영업(잠정)실적(공정공시)              (+3),,2026-05-29: 기업지배구조보고서공시               | 2026-05-15: 분기보고서 (2026.03) | 2026-05-08: 연결재무제표기준영업(잠정)실적(공정공시)              ,3
모델솔루션,417970,3,OK,,영업(잠정)실적(공정공시)              (+3),,2026-06-01: 대규모기업집단현황공시[연1회공시및1/4분기용(개별회사)] | 2026-05-15: 분기보고서 (2026.03) | 2026-05-07: 영업(잠정)실적(공정공시)               | 2026-05-04: 결산실적공시예고              ,4
CJ대한통운,000120,3,OK,,연결재무제표기준영업(잠정)실적(공정공시)              (+3),,2026-06-01: 기업지배구조보고서공시               | 2026-06-01: 대규모기업집단현황공시[연1회공시및1/4분기용(개별회사)] | 2026-06-01: 주식등의대량보유상황보고서(약식) | 2026-05-20: 기업설명회(IR)개최(안내공시)               | 2026-05-15: 분기보고서 (2026.03),11
셀바이오휴먼텍,318160,3,OK,,[기재정정]유형자산취득결정(자율공시)              (+3),,2026-05-20: 임원ㆍ주요주주특정증권등소유상황보고서 | 2026-05-20: [기재정정]임원ㆍ주요주주특정증권등소유상황보고서 | 2026-05-15: [기재정정]유형자산취득결정(자율공시)               | 2026-05-14: 분기보고서 (2026.03) | 2026-05-07: 감자완료              ,5
심텍,222800,3,OK,,연결재무제표기준영업(잠정)실적(공정공시)              (+3),,2026-06-01: 임원ㆍ주요주주특정증권등소유상황보고서 | 2026-05-14: 분기보고서 (2026.03) | 2026-05-06: 기업설명회(IR)개최               | 2026-05-06: 연결재무제표기준영업(잠정)실적(공정공시)              ,4
한미반도체,042700,3,OK,,연결재무제표기준영업(잠정)실적(공정공시)              (+3),,2026-06-01: 기업지배구조보고서공시               | 2026-06-01: 기업설명회(IR)개최(안내공시)               | 2026-05-19: 임원ㆍ주요주주특정증권등거래계획보고서 | 2026-05-15: 분기보고서 (2026.03) | 2026-05-15: 기업설명회(IR)개최(안내공시)              ,7
대웅제약,069620,3,OK,,영업(잠정)실적(공정공시)              (+3),,2026-06-01: 기업지배구조보고서공시               | 2026-05-26: 투자판단관련주요경영사항              (엔블로젬(Envlozem)의 국내 품목허가 신청) | 2026-05-26: 투자판단관련주요경영사항              (엔블로정(Envlo) 0.3mg 멕시코 품목허가 승인) | 2026-05-21: 투자판단관련주요경영사항              (비만치료용 세마글루타이드(4주 장기지속형 주사제) 기술도입 계약 체결) | 2026-05-20: [기재정정]투자판단관련주요경영사항              (mRNA 기반 Epigenetic Reprogramming of Aging (ERA) 기술이전 계약 지위 승계),9
한전기술,052690,3,OK,,연결재무제표기준영업(잠정)실적(공정공시)              (+3),,2026-05-29: 사외이사의선임ㆍ해임또는중도퇴임에관한신고 | 2026-05-28: 임시주주총회결과               | 2026-05-19: 임시주주총회결과               | 2026-05-15: 분기보고서 (2026.03) | 2026-05-15: 기업지배구조보고서공시              ,9
콜마비앤에이치,200130,3,OK,,연결재무제표기준영업(잠정)실적(공정공시)              (+3),,2026-06-01: 대규모기업집단현황공시[연1회공시및1/4분기용(개별회사)] | 2026-05-21: 임원ㆍ주요주주특정증권등소유상황보고서 | 2026-05-14: 분기보고서 (2026.03) | 2026-05-12: 공정거래자율준수프로그램운영현황               | 2026-05-12: 연결재무제표기준영업(잠정)실적(공정공시)              ,6
모다이노칩,080420,3,OK,,[기재정정]주요사항보고서(회사합병결정)(+3),,2026-06-01: 대규모기업집단현황공시[연1회공시및1/4분기용(개별회사)] | 2026-05-29: [기재정정]사업보고서 (2025.12) | 2026-05-15: 분기보고서 (2026.03) | 2026-05-11: [기재정정]주주총회소집결의               | 2026-05-11: [기재정정]주주명부폐쇄기간또는기준일설정              ,8
실리콘투,257720,3,OK,,연결재무제표기준영업(잠정)실적(공정공시)              (+3),,2026-05-15: 기업설명회(IR)개최               | 2026-05-15: 분기보고서 (2026.03) | 2026-05-12: 연결재무제표기준영업(잠정)실적(공정공시)               | 2026-05-11: [기재정정]전환주식의전환청구권행사               | 2026-05-11: 결산실적공시예고              ,6
씨엠티엑스,388210,3,OK,,연결재무제표기준영업(잠정)실적(공정공시)              (+3),,2026-05-15: 분기보고서 (2026.03) | 2026-05-11: 연결재무제표기준영업(잠정)실적(공정공시)              ,2
CJ CGV,079160,3,OK,,연결재무제표기준영업(잠정)실적(공정공시)              (+3),,2026-06-01: 기업지배구조보고서공시               | 2026-06-01: 대규모기업집단현황공시[연1회공시및1/4분기용(개별회사)] | 2026-05-29: 단기차입금증가결정               | 2026-05-15: 분기보고서 (2026.03) | 2026-05-14: 기업설명회(IR)개최(안내공시)              ,7
롯데칠성음료,005300,3,OK,,연결재무제표기준영업(잠정)실적(공정공시)              (+3),,2026-06-01: 기업지배구조보고서공시               | 2026-05-29: 대규모기업집단현황공시[연1회공시및1/4분기용(개별회사)] | 2026-05-14: 분기보고서 (2026.03) | 2026-05-12: 기업설명회(IR)개최(안내공시)               | 2026-05-06: 기업설명회(IR)개최(안내공시)              ,6
SM C&C,048550,3,OK,,연결재무제표기준영업(잠정)실적(공정공시)              (+3),,2026-05-29: 대규모기업집단현황공시[연1회공시및1/4분기용(개별회사)] | 2026-05-14: 분기보고서 (2026.03) | 2026-05-04: 연결재무제표기준영업(잠정)실적(공정공시)              ,3
SK바이오사이언스,302440,3,OK,,연결재무제표기준영업(잠정)실적(공정공시)              (+3),,2026-05-29: 기업지배구조보고서공시               | 2026-05-29: 대규모기업집단현황공시[연1회공시및1/4분기용(개별회사)] | 2026-05-13: 분기보고서 (2026.03) | 2026-05-06: 기업설명회(IR)개최(안내공시)               | 2026-05-06: 연결재무제표기준영업(잠정)실적(공정공시)              ,5
바디텍메드,206640,3,OK,,연결재무제표기준영업(잠정)실적(공정공시)              (+3),,2026-05-15: 분기보고서 (2026.03) | 2026-05-08: 연결재무제표기준영업(잠정)실적(공정공시)              ,2
씨앤씨인터내셔널,352480,3,OK,,연결재무제표기준영업(잠정)실적(공정공시)              (+3),,2026-05-26: 주요사항보고서(자기주식취득신탁계약체결결정) | 2026-05-15: 분기보고서 (2026.03) | 2026-05-11: 연결재무제표기준영업(잠정)실적(공정공시)               | 2026-05-08: 기업설명회(IR)개최              ,4
지씨셀,144510,3,OK,,연결재무제표기준영업(잠정)실적(공정공시)              (+3),,2026-05-15: 분기보고서 (2026.03) | 2026-05-07: 연결재무제표기준영업(잠정)실적(공정공시)              ,2
케이씨씨,002380,3,OK,,연결재무제표기준영업(잠정)실적(공정공시)              (+3),,2026-05-29: 대규모기업집단현황공시[연1회공시및1/4분기용(대표회사)] | 2026-05-29: 대규모기업집단현황공시[연1회(동일인용)] | 2026-05-29: 기업지배구조보고서공시               | 2026-05-22: 임원ㆍ주요주주특정증권등소유상황보고서 | 2026-05-15: 분기보고서 (2026.03),8
한국전력공사,015760,3,OK,,연결재무제표기준영업(잠정)실적(공정공시)              (+3),,2026-06-02: 주주총회소집공고 | 2026-06-02: 주주총회소집결의               | 2026-06-01: 주식등의대량보유상황보고서(약식) | 2026-06-01: 기업지배구조보고서공시               | 2026-05-22: [기재정정]소송등의제기ㆍ신청(일정금액이상의청구)              ,14
한온시스템,018880,3,OK,,회사합병결정(종속회사의주요경영사항)              (+3),,2026-05-29: 기업설명회(IR)개최(안내공시)               | 2026-05-29: 기업지배구조보고서공시               | 2026-05-29: 대규모기업집단현황공시[연1회공시및1/4분기용(개별회사)] | 2026-05-14: 분기보고서 (2026.03) | 2026-05-12: 회사합병결정(종속회사의주요경영사항)              ,5
메디톡스,086900,3,OK,,연결재무제표기준영업(잠정)실적(공정공시)              (+3),,2026-05-15: 분기보고서 (2026.03) | 2026-05-12: 연결재무제표기준영업(잠정)실적(공정공시)              ,2
씨에스윈드,112610,3,OK,,연결재무제표기준영업(잠정)실적(공정공시)              (+3),,2026-06-01: 임원ㆍ주요주주특정증권등소유상황보고서 | 2026-05-29: 기업지배구조보고서공시               | 2026-05-22: 기업설명회(IR)개최(안내공시)               | 2026-05-22: 최대주주등소유주식변동신고서               | 2026-05-22: 주식등의대량보유상황보고서(일반),12
바텍,043150,3,OK,,연결재무제표기준영업(잠정)실적(공정공시)              (+3),,2026-05-19: 기업설명회(IR)개최               | 2026-05-15: 분기보고서 (2026.03) | 2026-05-12: 연결재무제표기준영업(잠정)실적(공정공시)               | 2026-05-07: 결산실적공시예고              ,4
이수앱지스,086890,3,OK,,영업(잠정)실적(공정공시)              (+3),,2026-05-15: 분기보고서 (2026.03) | 2026-05-07: 영업(잠정)실적(공정공시)              ,2
동진쎄미켐,005290,3,OK,,연결재무제표기준영업(잠정)실적(공정공시)              (+3),,2026-05-29: 주식등의대량보유상황보고서(약식) | 2026-05-21: 기업설명회(IR)개최               | 2026-05-15: 분기보고서 (2026.03) | 2026-05-07: 연결재무제표기준영업(잠정)실적(공정공시)               | 2026-05-04: 주식등의대량보유상황보고서(약식),5
메가스터디교육,215200,3,OK,,연결재무제표기준영업(잠정)실적(공정공시)              (+3),,2026-05-15: 분기보고서 (2026.03) | 2026-05-08: 연결재무제표기준영업(잠정)실적(공정공시)              ,2
KG이니시스,035600,3,OK,,연결재무제표기준영업(잠정)실적(공정공시)              (+3),,2026-06-02: 기업설명회(IR)개최               | 2026-05-29: 대규모기업집단현황공시[연1회공시및1/4분기용(개별회사)] | 2026-05-14: 분기보고서 (2026.03) | 2026-05-07: 타인에대한채무보증결정               | 2026-05-07: 기업설명회(IR)개최              ,6
원익IPS,240810,3,OK,,연결재무제표기준영업(잠정)실적(공정공시)              (+3),,2026-06-02: 주식등의대량보유상황보고서(약식) | 2026-05-29: 대규모기업집단현황공시[연1회공시및1/4분기용(개별회사)] | 2026-05-15: 주식등의대량보유상황보고서(일반) | 2026-05-15: 분기보고서 (2026.03) | 2026-05-08: 연결재무제표기준영업(잠정)실적(공정공시)              ,5
화천기계,010660,3,OK,,영업(잠정)실적(공정공시)              (+3),,2026-06-01: 기업지배구조보고서공시               | 2026-05-15: 분기보고서 (2026.03) | 2026-05-08: 영업(잠정)실적(공정공시)              ,3
삼성화재해상보험,000810,3,OK,,연결재무제표기준영업(잠정)실적(공정공시)              (+3),,2026-06-01: 대규모기업집단현황공시[연1회공시및1/4분기용(개별회사)] | 2026-05-29: 주식등의대량보유상황보고서(약식) | 2026-05-15: 분기보고서 (2026.03) | 2026-05-14: 연결재무제표기준영업(잠정)실적(공정공시)               | 2026-05-06: 주식등의대량보유상황보고서(약식),6
에이유브랜즈,481070,3,OK,,연결재무제표기준영업(잠정)실적(공정공시)              (+3),,2026-05-15: 분기보고서 (2026.03) | 2026-05-13: 연결재무제표기준영업실적등에대한전망(공정공시)               | 2026-05-13: 연결재무제표기준영업(잠정)실적(공정공시)               | 2026-05-12: 임원ㆍ주요주주특정증권등소유상황보고서 | 2026-05-12: 임원ㆍ주요주주특정증권등소유상황보고서,5
아진전자부품,009320,3,OK,,영업(잠정)실적(공정공시)              (+3),,2026-05-29: 기업지배구조보고서공시               | 2026-05-28: 임원ㆍ주요주주특정증권등소유상황보고서 | 2026-05-15: 분기보고서 (2026.03) | 2026-05-08: 영업(잠정)실적(공정공시)              ,4
CJ씨푸드,011150,3,OK,,연결재무제표기준영업(잠정)실적(공정공시)              (+3),,2026-06-01: 대규모기업집단현황공시[연1회공시및1/4분기용(개별회사)] | 2026-06-01: 기업지배구조보고서공시               | 2026-05-15: 분기보고서 (2026.03) | 2026-05-12: 연결재무제표기준영업(잠정)실적(공정공시)              ,4
덕산네오룩스,213420,3,OK,,연결재무제표기준영업(잠정)실적(공정공시)              (+3),,2026-05-27: 타법인주식및출자증권취득결정(종속회사의주요경영사항)               | 2026-05-15: 분기보고서 (2026.03) | 2026-05-14: 기업설명회(IR)개최               | 2026-05-12: 연결재무제표기준영업(잠정)실적(공정공시)              ,4
JW생명과학,234080,3,OK,,영업(잠정)실적(공정공시)              (+3),,2026-06-01: 기업지배구조보고서공시               | 2026-05-15: 분기보고서 (2026.03) | 2026-05-13: 영업(잠정)실적(공정공시)              ,3
JW홀딩스,096760,3,OK,,영업(잠정)실적(공정공시)              (+3),,2026-06-01: 기업지배구조보고서공시               | 2026-05-15: 분기보고서 (2026.03) | 2026-05-12: 영업(잠정)실적(공정공시)              ,3
한전KPS,051600,3,OK,,연결재무제표기준영업(잠정)실적(공정공시)              (+3),,2026-06-02: 풍문또는보도에대한해명(미확정)               | 2026-05-29: 기업지배구조보고서공시               | 2026-05-19: 기업설명회(IR)개최(안내공시)               | 2026-05-15: [기재정정]분기보고서 (2026.03) | 2026-05-15: 분기보고서 (2026.03),8
로젠,033290,3,OK,,[기재정정]주요사항보고서(회사합병결정)(+3),,2026-06-01: 주식등의대량보유상황보고서(일반) | 2026-06-01: 대규모기업집단현황공시[연1회공시및1/4분기용(개별회사)] | 2026-05-22: [기재정정]주주총회소집결의              (임시주주총회) | 2026-05-14: 분기보고서 (2026.03) | 2026-05-11: [기재정정]주요사항보고서(회사합병결정),9
시프트업,462870,3,OK,,연결재무제표기준영업(잠정)실적(공정공시)              (+3),,2026-05-29: 기업지배구조보고서공시               | 2026-05-14: 분기보고서 (2026.03) | 2026-05-11: 연결재무제표기준영업(잠정)실적(공정공시)              ,3
하이록코리아,013030,3,OK,,연결재무제표기준영업(잠정)실적(공정공시)              (+3),,2026-05-21: 기업설명회(IR)개최               | 2026-05-15: 분기보고서 (2026.03) | 2026-05-12: 주식등의대량보유상황보고서(일반) | 2026-05-08: 연결재무제표기준영업(잠정)실적(공정공시)              ,4
교보16호스팩,482520,3,OK,,[기재정정]주요사항보고서(회사합병결정)(+3),,2026-05-15: 분기보고서 (2026.03) | 2026-05-11: [기재정정]주요사항보고서(회사합병결정),2
현대공업,170030,3,OK,,연결재무제표기준영업(잠정)실적(공정공시)              (+3),,2026-05-12: 분기보고서 (2026.03) | 2026-05-07: 연결재무제표기준영업(잠정)실적(공정공시)              ,2
비에이치,090460,3,OK,,연결재무제표기준영업(잠정)실적(공정공시)              (+3),,2026-05-29: 기업지배구조보고서공시               | 2026-05-28: 임원ㆍ주요주주특정증권등소유상황보고서 | 2026-05-28: 주식등의대량보유상황보고서(일반) | 2026-05-28: 최대주주등소유주식변동신고서               | 2026-05-15: 분기보고서 (2026.03),6
에이피알,278470,3,OK,,연결재무제표기준영업(잠정)실적(공정공시)              (+3),,2026-06-01: 기업설명회(IR)개최(안내공시)               | 2026-05-29: 기업지배구조보고서공시               | 2026-05-15: 분기보고서 (2026.03) | 2026-05-15: 최대주주등소유주식변동신고서               | 2026-05-15: 임원ㆍ주요주주특정증권등소유상황보고서,6
CJ프레시웨이,051500,3,OK,,연결재무제표기준영업(잠정)실적(공정공시)              (+3),,2026-06-01: 주식등의대량보유상황보고서(약식) | 2026-06-01: 대규모기업집단현황공시[연1회공시및1/4분기용(개별회사)] | 2026-05-18: 임원ㆍ주요주주특정증권등소유상황보고서 | 2026-05-15: 분기보고서 (2026.03) | 2026-05-08: 기업설명회(IR)개최              ,10
케이씨씨글라스,344820,3,OK,,연결재무제표기준영업(잠정)실적(공정공시)              (+3),,2026-05-29: 대규모기업집단현황공시[연1회공시및1/4분기용(개별회사)] | 2026-05-29: 기업지배구조보고서공시               | 2026-05-15: 분기보고서 (2026.03) | 2026-05-07: 연결재무제표기준영업(잠정)실적(공정공시)              ,4
이노션,214320,3,OK,,연결재무제표기준영업(잠정)실적(공정공시)              (+3),,2026-06-01: 기업지배구조보고서공시               | 2026-05-29: 대규모기업집단현황공시[연1회공시및1/4분기용(개별회사)] | 2026-05-15: 분기보고서 (2026.03) | 2026-05-08: 연결재무제표기준영업(잠정)실적(공정공시)              ,4
넷마블,251270,3,OK,,연결재무제표기준영업(잠정)실적(공정공시)              (+3),,2026-06-01: 기업지배구조보고서공시               | 2026-05-29: 대규모기업집단현황공시[연1회공시및1/4분기용(대표회사)] | 2026-05-29: 대규모기업집단현황공시[연1회(동일인용)] | 2026-05-27: 효력발생안내( 2026.5.14. 제출 증권신고서(주식의포괄적교환ㆍ이전) ) | 2026-05-18: 최대주주등소유주식변동신고서              ,10
교보15호스팩,465320,3,OK,,[기재정정]주요사항보고서(회사합병결정)(+3),,2026-05-15: 분기보고서 (2026.03) | 2026-05-11: [기재정정]주요사항보고서(회사합병결정),2
현대백화점,069960,3,OK,,연결재무제표기준영업(잠정)실적(공정공시)              (+3),,2026-05-29: 대규모기업집단현황공시[연1회공시및1/4분기용(개별회사)] | 2026-05-29: 주식등의대량보유상황보고서(약식) | 2026-05-29: 기업지배구조보고서공시               | 2026-05-22: 기업설명회(IR)개최(안내공시)               | 2026-05-15: 분기보고서 (2026.03),13
메쎄이상,408920,3,OK,,연결재무제표기준영업(잠정)실적(공정공시)              (+3),,2026-05-15: 분기보고서 (2026.03) | 2026-05-11: 연결재무제표기준영업(잠정)실적(공정공시)               | 2026-05-06: 기업설명회(IR)개최               | 2026-05-06: 결산실적공시예고              ,4
현대퓨처넷,126560,3,OK,,연결재무제표기준영업(잠정)실적(공정공시)              (+3),,2026-05-29: 기업지배구조보고서공시               | 2026-05-29: 대규모기업집단현황공시[연1회공시및1/4분기용(개별회사)] | 2026-05-15: 분기보고서 (2026.03) | 2026-05-06: 기업설명회(IR)개최(안내공시)               | 2026-05-06: 기업가치제고계획(자율공시)              (2025년 이행현황),6
코람코라이프인프라리츠,357120,3,OK,,유형자산취득결정(종속회사의주요경영사항)              (+3),,2026-06-01: [기재정정]부동산투자회사부동산처분               | 2026-06-01: 기업지배구조보고서공시               | 2026-05-28: 임원ㆍ주요주주특정증권등소유상황보고서 | 2026-05-21: 임원ㆍ주요주주특정증권등소유상황보고서 | 2026-05-15: 부동산투자회사자금차입              ,16
아바코,083930,3,OK,,영업(잠정)실적(공정공시)              (+3),,2026-05-13: 분기보고서 (2026.03) | 2026-05-04: 영업(잠정)실적(공정공시)              ,2
코스메카코리아,241710,3,OK,,연결재무제표기준영업(잠정)실적(공정공시)              (+3),,2026-05-15: 분기보고서 (2026.03) | 2026-05-15: [첨부정정]사업보고서 (2025.12) | 2026-05-08: 연결재무제표기준영업(잠정)실적(공정공시)               | 2026-05-08: 기업설명회(IR)개최              ,4
HL홀딩스,060980,5,OK,,[기재정정]단일판매ㆍ공급계약체결(자회사의 주요경영사항)              (+5),,2026-06-01: 기업지배구조보고서공시               | 2026-05-29: [기재정정]단일판매ㆍ공급계약체결(자회사의 주요경영사항)               | 2026-05-29: 타인에대한채무보증결정(자회사의 주요경영사항)               | 2026-05-29: 대규모기업집단현황공시[연1회(동일인용)] | 2026-05-29: 대규모기업집단현황공시[연1회공시및1/4분기용(대표회사)],17
와이씨,232140,5,OK,,단일판매ㆍ공급계약체결              (+5),,2026-06-01: 단일판매ㆍ공급계약체결               | 2026-05-15: 분기보고서 (2026.03),2
넥사다이내믹스,351320,5,OK,,단일판매ㆍ공급계약체결              (+5),,2026-06-02: 주주명부폐쇄기간또는기준일설정               | 2026-06-02: 주주총회소집결의              (임시주주총회) | 2026-05-18: 단일판매ㆍ공급계약체결               | 2026-05-15: 분기보고서 (2026.03) | 2026-05-15: 주식등의대량보유상황보고서(약식),7
아우토크립트,331740,5,OK,,단일판매ㆍ공급계약체결              (+5),,2026-05-20: 의결권대리행사권유참고서류 | 2026-05-20: 주주총회소집공고 | 2026-05-18: 단일판매ㆍ공급계약체결               | 2026-05-15: 분기보고서 (2026.03),4
한국정밀기계,101680,5,OK,,단일판매ㆍ공급계약체결              (+5),,2026-05-15: 분기보고서 (2026.03) | 2026-05-12: 단일판매ㆍ공급계약체결              ,2
삼성전기,009150,5,OK,,단일판매ㆍ공급계약체결              (+5),,2026-06-01: 기업지배구조보고서공시               | 2026-06-01: 대규모기업집단현황공시[연1회공시및1/4분기용(개별회사)] | 2026-06-01: 최대주주등소유주식변동신고서               | 2026-05-20: 단일판매ㆍ공급계약체결               | 2026-05-15: 분기보고서 (2026.03),6
유니퀘스트,077500,5,OK,,단일판매ㆍ공급계약체결              (+5),,2026-06-01: 기업지배구조보고서공시               | 2026-05-15: 분기보고서 (2026.03) | 2026-05-04: 단일판매ㆍ공급계약체결              ,3
이노진,344860,5,OK,,주요사항보고서(자기주식취득결정)(+5),,2026-05-19: 주요사항보고서(자기주식취득결정) | 2026-05-14: 분기보고서 (2026.03),2
성우테크론,045300,5,OK,,[기재정정]단일판매ㆍ공급계약체결              (+5),,2026-05-28: [기재정정]단일판매ㆍ공급계약체결               | 2026-05-15: 분기보고서 (2026.03),2
한미약품,128940,5,OK,,단일판매ㆍ공급계약체결              (+5),,2026-06-01: 임원ㆍ주요주주특정증권등소유상황보고서 | 2026-06-01: 기업지배구조보고서공시               | 2026-06-01: 투자판단관련주요경영사항              (소네페글루타이드 (Sonefpeglutide; LAPS GLP2 agonist; HM15912) 기술이전 계약 체결) | 2026-05-29: 투자판단관련주요경영사항              (HCP18034 개발을 위한 식약처(MFDS) 제3상 임상시험 계획 승인) | 2026-05-22: 임원ㆍ주요주주특정증권등소유상황보고서,7
한솔케미칼,014680,5,OK,,[기재정정]주요사항보고서(자기주식취득결정)(+5) | 주식소각결정              (+5) | 주요사항보고서(자기주식취득결정)(+5),주요사항보고서(자기주식처분결정)(-10),2026-06-02: 임원ㆍ주요주주특정증권등소유상황보고서 | 2026-05-29: 기업지배구조보고서공시               | 2026-05-27: 자기주식처분결과보고서 | 2026-05-27: 대규모기업집단현황공시[연1회공시및1/4분기용(개별회사)] | 2026-05-22: 임원ㆍ주요주주특정증권등소유상황보고서,12
에이직랜드,445090,5,OK,,[기재정정]단일판매ㆍ공급계약체결              (+5),,2026-06-02: 주식등의대량보유상황보고서(일반) | 2026-05-26: 기업설명회(IR)개최               | 2026-05-15: 분기보고서 (2026.03) | 2026-05-14: [기재정정]단일판매ㆍ공급계약체결              ,4
바이브컴퍼니,301300,5,OK,,단일판매ㆍ공급계약체결(자율공시)              (+5),,2026-05-20: 단일판매ㆍ공급계약체결(자율공시)               | 2026-05-13: 분기보고서 (2026.03),2
하이브,352820,5,OK,,주요사항보고서(자기주식취득결정)(+5),,2026-06-01: 주식등의대량보유상황보고서(일반) | 2026-05-29: 기업지배구조보고서공시               | 2026-05-28: 대규모기업집단현황공시[연1회(동일인용)] | 2026-05-28: 대규모기업집단현황공시[연1회공시및1/4분기용(대표회사)] | 2026-05-21: 특수관계인으로부터수증,11
사피엔반도체,452430,5,OK,,[기재정정]단일판매ㆍ공급계약체결              (+5),,2026-05-27: [기재정정]단일판매ㆍ공급계약체결               | 2026-05-14: 분기보고서 (2026.03) | 2026-05-12: 임원ㆍ주요주주특정증권등소유상황보고서,3
미원상사,002840,5,OK,,주요사항보고서(자기주식취득결정)(+5),,2026-06-02: 주요사항보고서(자기주식취득결정) | 2026-06-01: 자기주식취득결과보고서 | 2026-06-01: 기업지배구조보고서공시               | 2026-05-28: 임원ㆍ주요주주특정증권등소유상황보고서 | 2026-05-28: 최대주주등소유주식변동신고서              ,8
쎄크,081180,5,OK,,단일판매ㆍ공급계약체결              (+5),,2026-05-20: 기업설명회(IR)개최               | 2026-05-15: 분기보고서 (2026.03) | 2026-05-13: 단일판매ㆍ공급계약체결              ,3
테크윙,089030,5,OK,,단일판매ㆍ공급계약체결(자율공시)              (+5),,2026-06-02: 주식등의대량보유상황보고서(약식) | 2026-05-21: 기업설명회(IR)개최               | 2026-05-19: 단일판매ㆍ공급계약체결(자율공시)               | 2026-05-15: 유형자산처분결정(자율공시)               | 2026-05-15: 분기보고서 (2026.03),5
노타,486990,5,OK,,단일판매ㆍ공급계약체결              (+5),,2026-05-15: 분기보고서 (2026.03) | 2026-05-06: 단일판매ㆍ공급계약체결              ,2
CSA 코스믹,083660,5,OK,,[기재정정]단일판매ㆍ공급계약체결              (+5),,2026-05-15: 소송등의판결ㆍ결정               | 2026-05-15: 불성실공시법인지정예고              (공시변경) | 2026-05-15: 분기보고서 (2026.03) | 2026-05-06: [기재정정]단일판매ㆍ공급계약체결              ,4
삼일기업공사,002290,5,OK,,[기재정정]단일판매ㆍ공급계약체결              (+5),,2026-05-20: [기재정정]단일판매ㆍ공급계약체결               | 2026-05-15: 분기보고서 (2026.03),2
노루페인트,090350,5,OK,,단일판매ㆍ공급계약체결              (+5),,2026-06-01: 기업지배구조보고서공시               | 2026-05-15: 분기보고서 (2026.03) | 2026-05-15: 단일판매ㆍ공급계약체결              ,3
서한,011370,5,OK,,단일판매ㆍ공급계약체결              (+5),,2026-05-26: 단일판매ㆍ공급계약체결               | 2026-05-15: 분기보고서 (2026.03),2
그린생명과학,114450,5,OK,,단일판매ㆍ공급계약체결              (+5),,2026-05-15: 분기보고서 (2026.03) | 2026-05-13: 단일판매ㆍ공급계약체결              ,2
비츠로셀,082920,5,OK,,단일판매ㆍ공급계약체결(자율공시)              (+5),,2026-05-26: 단일판매ㆍ공급계약체결(자율공시)               | 2026-05-14: 소송등의제기ㆍ신청(일정금액이상의청구)               | 2026-05-12: 분기보고서 (2026.03),3
센코,347000,5,OK,,[기재정정]단일판매ㆍ공급계약체결(자율공시)              (+5),,2026-05-19: [기재정정]단일판매ㆍ공급계약체결(자율공시)               | 2026-05-14: 분기보고서 (2026.03),2
이엘피,063760,5,OK,,단일판매ㆍ공급계약체결              (+5),,2026-05-15: 분기보고서 (2026.03) | 2026-05-15: 현금ㆍ현물배당결정              (분기배당) | 2026-05-08: 단일판매ㆍ공급계약체결              ,3
트레스,102210,5,OK,,주요사항보고서(자기주식취득결정)(+5),,2026-05-15: 분기보고서 (2026.03) | 2026-05-06: 주요사항보고서(자기주식취득결정),2
대원,007680,5,OK,,주식소각결정              (+5),,2026-05-28: 주식소각결정               | 2026-05-15: 분기보고서 (2026.03),2
미스토홀딩스,081660,5,OK,,주요사항보고서(자기주식취득결정)(+5),,2026-05-27: 주식등의대량보유상황보고서(일반) | 2026-05-27: 기업지배구조보고서공시               | 2026-05-19: 최대주주등소유주식변동신고서               | 2026-05-15: 분기보고서 (2026.03) | 2026-05-13: 주요사항보고서(자기주식취득결정),8
시공테크,020710,5,OK,,[기재정정]단일판매ㆍ공급계약체결(자율공시)              (+5),,2026-05-29: [기재정정]단일판매ㆍ공급계약체결(자율공시)               | 2026-05-15: 분기보고서 (2026.03),2
한국특강,007280,5,OK,,[기재정정]주식소각결정              (+5),,2026-06-01: 기업지배구조보고서공시               | 2026-05-21: [기재정정]주식소각결정               | 2026-05-15: 분기보고서 (2026.03),3
하이스틸,071090,5,OK,,단일판매ㆍ공급계약체결              (+5),,2026-05-29: 기업지배구조보고서공시               | 2026-05-20: 단일판매ㆍ공급계약체결               | 2026-05-15: 분기보고서 (2026.03),3
포바이포,389140,5,OK,,[기재정정]단일판매ㆍ공급계약체결(자율공시)              (+5),,2026-06-02: [기재정정]단일판매ㆍ공급계약체결(자율공시)               | 2026-05-13: 분기보고서 (2026.03),2
와이즈버즈,273060,5,OK,,주식소각결정              (+5),,2026-06-01: 대규모기업집단현황공시[연1회공시및1/4분기용(개별회사)] | 2026-05-28: 전환사채(해외전환사채포함)발행후만기전사채취득               | 2026-05-14: 주식병합결정               | 2026-05-14: 주식소각결정               | 2026-05-14: 주요사항보고서(자기주식취득신탁계약체결결정),6
우리이앤엘하루틴,153490,5,OK,,주요사항보고서(자기주식취득결정)(+5),,2026-05-26: 주요사항보고서(자기주식취득결정) | 2026-05-15: 분기보고서 (2026.03),2
엠게임,058630,5,OK,,주요사항보고서(자기주식취득결정)(+5),,2026-05-15: 분기보고서 (2026.03) | 2026-05-14: 주요사항보고서(자기주식취득결정),2
SKAI,357880,5,OK,,[기재정정]단일판매ㆍ공급계약체결(자율공시)              (+5),,2026-05-22: [기재정정]분기보고서 (2026.03) | 2026-05-22: [기재정정]전환청구권행사               | 2026-05-20: 전환청구권행사               | 2026-05-15: 파생상품거래손실발생               | 2026-05-15: 분기보고서 (2026.03),6
HD현대일렉트릭,267260,5,OK,,단일판매ㆍ공급계약체결              (+5),,2026-05-29: 기업지배구조보고서공시               | 2026-05-29: 대규모기업집단현황공시[연1회공시및1/4분기용(개별회사)] | 2026-05-29: 최대주주등소유주식변동신고서               | 2026-05-15: 분기보고서 (2026.03) | 2026-05-15: [기재정정]지급수단별ㆍ지급기간별지급금액및분쟁조정기구에관한사항,10
글로본,019660,5,OK,,단일판매ㆍ공급계약체결              (+5),,2026-05-26: 단일판매ㆍ공급계약체결               | 2026-05-15: 분기보고서 (2026.03),2
아이에스동서,010780,5,OK,,단일판매ㆍ공급계약체결              (+5),,2026-06-02: 주식등의대량보유상황보고서(일반) | 2026-06-01: 기업지배구조보고서공시               | 2026-05-29: 대규모기업집단현황공시[연1회공시및1/4분기용(개별회사)] | 2026-05-15: 주식등의대량보유상황보고서(일반) | 2026-05-13: 기업설명회(IR)개최(안내공시)              ,9
에스지헬스케어,398120,5,OK,,[기재정정]단일판매ㆍ공급계약체결              (+5),,2026-06-01: 분기보고서 (2026.03) | 2026-05-26: [기재정정]단일판매ㆍ공급계약체결              ,2
비아트론,141000,5,OK,,단일판매ㆍ공급계약체결              (+5),,2026-05-19: 단일판매ㆍ공급계약체결               | 2026-05-15: 분기보고서 (2026.03),2
우양에이치씨,101970,5,OK,,[기재정정]단일판매ㆍ공급계약체결              (+5),,2026-06-02: [기재정정]단일판매ㆍ공급계약체결               | 2026-05-14: 분기보고서 (2026.03),2
케이엔솔,053080,5,OK,,[기재정정]단일판매ㆍ공급계약체결              (+5),,2026-05-15: 분기보고서 (2026.03) | 2026-05-06: [기재정정]단일판매ㆍ공급계약체결              ,2
토마토시스템,393210,5,OK,,[기재정정]단일판매ㆍ공급계약체결              (+5),,2026-05-20: [기재정정]단일판매ㆍ공급계약체결               | 2026-05-13: 분기보고서 (2026.03),2
알파칩스,117670,5,OK,,[기재정정]단일판매ㆍ공급계약체결              (+5),,2026-05-15: [기재정정]단일판매ㆍ공급계약체결               | 2026-05-13: 분기보고서 (2026.03) | 2026-05-13: [기재정정]주식매수선택권부여에관한신고,3
일진전기,103590,5,OK,,단일판매ㆍ공급계약체결              (+5),,2026-05-29: 임원ㆍ주요주주특정증권등소유상황보고서 | 2026-05-29: 기업지배구조보고서공시               | 2026-05-20: 최대주주등소유주식변동신고서               | 2026-05-20: 주식등의대량보유상황보고서(일반) | 2026-05-15: 분기보고서 (2026.03),6
주성코퍼레이션,109070,5,OK,,[기재정정]단일판매ㆍ공급계약체결              (+5),,2026-05-29: 기업지배구조보고서공시               | 2026-05-20: [기재정정]단일판매ㆍ공급계약체결               | 2026-05-14: 분기보고서 (2026.03),3
엘에스일렉트릭,010120,5,OK,,[기재정정]단일판매ㆍ공급계약체결              (+5),,2026-06-01: 대규모기업집단현황공시[연1회공시및1/4분기용(개별회사)] | 2026-05-29: 기업지배구조보고서공시               | 2026-05-22: 지속가능경영보고서등관련사항(자율공시)               | 2026-05-22: 최대주주등소유주식변동신고서               | 2026-05-22: 임원ㆍ주요주주특정증권등소유상황보고서,13
하이비젼시스템,126700,5,OK,,단일판매ㆍ공급계약체결              (+5),,2026-05-15: 분기보고서 (2026.03) | 2026-05-11: 단일판매ㆍ공급계약체결              ,2
디와이피엔에프,104460,5,OK,,[기재정정]단일판매ㆍ공급계약체결              (+5),,2026-06-02: [기재정정]단일판매ㆍ공급계약체결               | 2026-05-15: 분기보고서 (2026.03),2
현대로템,064350,5,OK,,[기재정정]단일판매ㆍ공급계약체결              (+5),,2026-05-29: 대규모기업집단현황공시[연1회공시및1/4분기용(개별회사)] | 2026-05-28: [기재정정]단일판매ㆍ공급계약체결               | 2026-05-28: 기업지배구조보고서공시               | 2026-05-21: [기재정정]타법인주식및출자증권취득결정               | 2026-05-15: 분기보고서 (2026.03),9
펨트론,168360,5,OK,,[기재정정]단일판매ㆍ공급계약체결              (+5),,2026-05-29: 사외이사의선임ㆍ해임또는중도퇴임에관한신고 | 2026-05-29: 임시주주총회결과               | 2026-05-29: 주식등의대량보유상황보고서(약식) | 2026-05-15: 분기보고서 (2026.03) | 2026-05-15: [기재정정]단일판매ㆍ공급계약체결              ,6
인스웨이브,450520,5,OK,,단일판매ㆍ공급계약체결              (+5),,2026-06-02: 단일판매ㆍ공급계약체결               | 2026-05-15: 분기보고서 (2026.03),2
이노뎁,303530,5,OK,,단일판매ㆍ공급계약체결              (+5),,2026-06-01: 단일판매ㆍ공급계약체결               | 2026-05-22: 주식등의대량보유상황보고서(일반) | 2026-05-21: 임원ㆍ주요주주특정증권등소유상황보고서 | 2026-05-15: 분기보고서 (2026.03),4
대아티아이,045390,5,OK,,[기재정정]단일판매ㆍ공급계약체결              (+5),,2026-05-21: [기재정정]단일판매ㆍ공급계약체결               | 2026-05-15: 주요사항보고서(유형자산양도결정) | 2026-05-14: 분기보고서 (2026.03),3
아이티아이즈,372800,5,OK,,[기재정정]단일판매ㆍ공급계약체결              (+5),,2026-06-02: [기재정정]단일판매ㆍ공급계약체결               | 2026-05-20: [기재정정]임원ㆍ주요주주특정증권등소유상황보고서 | 2026-05-18: 임원ㆍ주요주주특정증권등소유상황보고서 | 2026-05-18: 주식등의대량보유상황보고서(일반) | 2026-05-15: 분기보고서 (2026.03),5
한신공영,004960,5,OK,,[기재정정]단일판매ㆍ공급계약체결              (+5),,2026-06-01: 기업지배구조보고서공시               | 2026-05-15: 분기보고서 (2026.03) | 2026-05-08: [기재정정]단일판매ㆍ공급계약체결              ,3
HS화성,002460,5,OK,,[기재정정]단일판매ㆍ공급계약체결              (+5),,2026-06-01: [기재정정]단일판매ㆍ공급계약체결               | 2026-06-01: 기업지배구조보고서공시               | 2026-06-01: [기재정정]타인에대한채무보증결정               | 2026-05-15: 분기보고서 (2026.03),4
KBI동양철관,008970,5,OK,,단일판매ㆍ공급계약체결              (+5),,2026-06-01: 기업지배구조보고서공시               | 2026-05-19: 주식등의대량보유상황보고서(일반) | 2026-05-15: 분기보고서 (2026.03) | 2026-05-15: 단일판매ㆍ공급계약체결              ,4
JTC,950170,5,OK,,주식소각결정              (+5),,2026-05-28: 사업보고서 (2026.02) | 2026-05-28: 정기주주총회결과               | 2026-05-20: 감사보고서제출               | 2026-05-20: [기재정정]코스닥시장상장외국법인외부감사인선임ㆍ해임신고서               | 2026-05-20: 주식소각결정              ,6
나노실리칸첨단소재,286750,5,OK,,[기재정정]단일판매ㆍ공급계약체결              (+5),,2026-06-02: 주요사항보고서(자기전환사채매도결정) | 2026-06-02: 전환사채(해외전환사채포함)발행후만기전사채취득              (제1회차 CB) | 2026-05-18: 주주명부폐쇄기간또는기준일설정               | 2026-05-18: 주식병합결정               | 2026-05-18: 주주총회소집결의              (임시주주총회),7
LS,006260,5,OK,,[기재정정]단일판매ㆍ공급계약체결(자회사의 주요경영사항)              (+5),,2026-06-01: [기재정정]대규모기업집단현황공시[연1회공시및1/4분기용(대표회사)] | 2026-06-01: 대규모기업집단현황공시[연1회(동일인용)] | 2026-06-01: 기업지배구조보고서공시               | 2026-06-01: 대규모기업집단현황공시[연1회공시및1/4분기용(대표회사)] | 2026-05-29: 대규모기업집단현황공시[연1회(동일인용)],14
AP위성,211270,5,OK,,단일판매ㆍ공급계약체결              (+5),,2026-05-14: 분기보고서 (2026.03) | 2026-05-04: 단일판매ㆍ공급계약체결              ,2
쿼드메디슨,464490,5,OK,,단일판매ㆍ공급계약체결              (+5),,2026-05-22: 기업설명회(IR)개최               | 2026-05-15: 분기보고서 (2026.03) | 2026-05-15: 단일판매ㆍ공급계약체결              ,3
한양이엔지,045100,5,OK,,단일판매ㆍ공급계약체결              (+5),,2026-05-26: 단일판매ㆍ공급계약체결               | 2026-05-14: 분기보고서 (2026.03),2
팬엔터테인먼트,068050,5,OK,,[기재정정]단일판매ㆍ공급계약체결              (+5),,2026-06-02: [기재정정]단일판매ㆍ공급계약체결               | 2026-05-15: 분기보고서 (2026.03) | 2026-05-11: 교환사채(해외교환사채포함)발행후만기전사채취득              ,3
이엔셀,456070,5,OK,,[기재정정]단일판매ㆍ공급계약체결              (+5),,2026-06-02: 기업설명회(IR)개최               | 2026-06-01: [기재정정]단일판매ㆍ공급계약체결               | 2026-05-20: 임원ㆍ주요주주특정증권등소유상황보고서 | 2026-05-15: 분기보고서 (2026.03),4
센서뷰,321370,5,OK,,단일판매ㆍ공급계약체결              (+5),,2026-06-01: 정정신고서제출요구( 2026.05.18. 제출 증권신고서(지분증권) ) | 2026-05-26: 단일판매ㆍ공급계약체결               | 2026-05-18: [정정제출요구][기재정정]증권신고서(지분증권) | 2026-05-18: 기업설명회(IR)개최               | 2026-05-14: 분기보고서 (2026.03),6
프레스티지바이오로직스,334970,5,OK,,단일판매ㆍ공급계약체결              (+5),,2026-05-15: 분기보고서 (2026.03) | 2026-05-15: 단일판매ㆍ공급계약체결              ,2
대한조선,439260,5,OK,,단일판매ㆍ공급계약체결              (+5),,2026-06-01: 기업지배구조보고서공시               | 2026-06-01: 단일판매ㆍ공급계약체결               | 2026-05-15: 분기보고서 (2026.03) | 2026-05-06: 기업설명회(IR)개최(안내공시)              ,4
세미파이브,490470,5,OK,,단일판매ㆍ공급계약체결              (+5),,2026-05-20: 단일판매ㆍ공급계약체결               | 2026-05-15: 분기보고서 (2026.03) | 2026-05-14: 기업설명회(IR)개최               | 2026-05-13: 임원ㆍ주요주주특정증권등소유상황보고서,4
휴비츠,065510,5,OK,,주식소각결정              (+5),,2026-06-02: 주요사항보고서(자기주식취득신탁계약해지결정) | 2026-05-14: 주식소각결정               | 2026-05-14: 분기보고서 (2026.03),3
솔디펜스,215090,5,OK,,[기재정정]단일판매ㆍ공급계약체결              (+5),,2026-05-15: 분기보고서 (2026.03) | 2026-05-12: [기재정정]단일판매ㆍ공급계약체결               | 2026-05-08: 주식등의대량보유상황보고서(약식),3
지엔씨에너지,119850,5,OK,,[기재정정]단일판매ㆍ공급계약체결              (+5),,2026-06-01: [기재정정]단일판매ㆍ공급계약체결               | 2026-05-21: 임원ㆍ주요주주특정증권등소유상황보고서 | 2026-05-15: 분기보고서 (2026.03) | 2026-05-15: 주식등의대량보유상황보고서(약식),4
베노티앤알,206400,5,OK,,단일판매ㆍ공급계약체결              (+5),,2026-05-20: 단일판매ㆍ공급계약체결               | 2026-05-15: 분기보고서 (2026.03) | 2026-05-06: 불성실공시법인미지정              (지정유예),3
티에스아이,277880,5,OK,,[기재정정]단일판매ㆍ공급계약체결              (+5),,2026-05-20: [기재정정]단일판매ㆍ공급계약체결               | 2026-05-19: 임원ㆍ주요주주특정증권등소유상황보고서 | 2026-05-14: 임원ㆍ주요주주특정증권등소유상황보고서 | 2026-05-14: 임원ㆍ주요주주특정증권등소유상황보고서 | 2026-05-12: 분기보고서 (2026.03),8
씨아이에스,222080,5,OK,,[기재정정]단일판매ㆍ공급계약체결              (+5),,2026-05-29: 주식등의대량보유상황보고서(약식) | 2026-05-22: 주주총회소집결의              (임시주주총회) | 2026-05-22: 주주총회소집공고 | 2026-05-19: [기재정정]단일판매ㆍ공급계약체결               | 2026-05-12: 분기보고서 (2026.03),5
엘케이켐,489500,5,OK,,단일판매ㆍ공급계약체결              (+5),,2026-05-19: 임원ㆍ주요주주특정증권등소유상황보고서 | 2026-05-15: 분기보고서 (2026.03) | 2026-05-14: 단일판매ㆍ공급계약체결              ,3
차AI헬스케어,025620,5,OK,,[기재정정]단일판매ㆍ공급계약체결              (+5),,2026-05-28: 기업지배구조보고서공시               | 2026-05-15: [기재정정]단일판매ㆍ공급계약체결               | 2026-05-12: 분기보고서 (2026.03),3
현대건설,000720,5,OK,,[기재정정]단일판매ㆍ공급계약체결              (+5),,2026-06-02: 기업설명회(IR)개최(안내공시)               | 2026-06-01: 기업지배구조보고서공시               | 2026-06-01: 투자판단관련주요경영사항               | 2026-05-29: 대규모기업집단현황공시[연1회공시및1/4분기용(개별회사)] | 2026-05-26: 투자판단관련주요경영사항              ,24
삼현철강,017480,5,OK,,주식소각결정              (+5),,2026-05-21: 주식등의대량보유상황보고서(일반) | 2026-05-15: 분기보고서 (2026.03) | 2026-05-12: 주식소각결정              ,3
에넥스,011090,5,OK,,주식소각결정              (+5),,2026-05-29: 기업지배구조보고서공시               | 2026-05-28: 주식소각결정               | 2026-05-28: [기재정정]분기보고서 (2026.03) | 2026-05-15: 분기보고서 (2026.03) | 2026-05-07: 임원ㆍ주요주주특정증권등소유상황보고서,10
하림지주,003380,5,OK,,단일판매ㆍ공급계약체결(자회사의 주요경영사항)              (+5),,2026-06-01: [기재정정]대규모기업집단현황공시[연1회공시및1/4분기용(대표회사)] | 2026-05-29: 대규모기업집단현황공시[연1회공시및1/4분기용(대표회사)] | 2026-05-29: 대규모기업집단현황공시[연1회(동일인용)] | 2026-05-28: 임원ㆍ주요주주특정증권등소유상황보고서 | 2026-05-27: 주식등의대량보유상황보고서(일반),9
나인테크,267320,5,OK,,단일판매ㆍ공급계약체결              (+5),,2026-06-02: 단일판매ㆍ공급계약체결               | 2026-05-14: 분기보고서 (2026.03),2
앱클론,174900,5,OK,,단일판매ㆍ공급계약체결(자율공시)              (+5),,2026-05-21: 단일판매ㆍ공급계약체결(자율공시)               | 2026-05-15: 분기보고서 (2026.03) | 2026-05-07: 주식등의대량보유상황보고서(일반) | 2026-05-07: 임원ㆍ주요주주특정증권등소유상황보고서 | 2026-05-07: 임원ㆍ주요주주특정증권등소유상황보고서,5
에이스토리,241840,5,OK,,단일판매ㆍ공급계약체결              (+5),,2026-05-28: 단일판매ㆍ공급계약체결               | 2026-05-15: 분기보고서 (2026.03),2
플래티어,367000,5,OK,,단일판매ㆍ공급계약체결(자율공시)              (+5),,2026-06-01: 단일판매ㆍ공급계약체결(자율공시)               | 2026-05-29: 임원ㆍ주요주주특정증권등소유상황보고서 | 2026-05-29: 임원ㆍ주요주주특정증권등소유상황보고서 | 2026-05-15: 분기보고서 (2026.03) | 2026-05-14: 임원ㆍ주요주주특정증권등소유상황보고서,5
일진파워,094820,5,OK,,[기재정정]단일판매ㆍ공급계약체결(자율공시)              (+5),,2026-06-01: 임원ㆍ주요주주특정증권등소유상황보고서 | 2026-05-20: [기재정정]단일판매ㆍ공급계약체결(자율공시)               | 2026-05-13: 분기보고서 (2026.03),3
엑시콘,092870,5,OK,,단일판매ㆍ공급계약체결              (+5),,2026-05-18: 기업설명회(IR)개최               | 2026-05-15: 분기보고서 (2026.03) | 2026-05-06: 단일판매ㆍ공급계약체결              ,3
씨피시스템,413630,5,OK,,주식소각결정              (+5),,2026-05-29: 주식소각결정               | 2026-05-15: 분기보고서 (2026.03),2
백산,035150,5,OK,,주요사항보고서(자기주식취득결정)(+5),,2026-06-01: 기업지배구조보고서공시               | 2026-05-13: 주요사항보고서(자기주식취득결정) | 2026-05-12: 분기보고서 (2026.03),3
유비쿼스홀딩스,078070,5,OK,,주식소각결정              (+5),,2026-05-15: 분기보고서 (2026.03) | 2026-05-13: 주식소각결정              ,2
한일홀딩스,003300,5,OK,,주식소각결정              (+5),,2026-06-01: 기업지배구조보고서공시               | 2026-05-15: 분기보고서 (2026.03) | 2026-05-13: 주식소각결정              ,3
유바이오로직스,206650,5,OK,,단일판매ㆍ공급계약체결(자율공시)              (+5),,2026-05-29: 기업설명회(IR)개최               | 2026-05-19: 단일판매ㆍ공급계약체결(자율공시)               | 2026-05-14: 분기보고서 (2026.03),3
세아홀딩스,058650,5,OK,,주요사항보고서(자기주식취득결정)(+5),,2026-06-01: 기업지배구조보고서공시               | 2026-05-29: 대규모기업집단현황공시[연1회공시및1/4분기용(대표회사)] | 2026-05-29: 대규모기업집단현황공시[연1회(동일인용)] | 2026-05-20: 공개매수에관한의견표명서 | 2026-05-20: 공개매수설명서,8
제이엠아이,033050,5,OK,,주식소각결정              (+5),,2026-05-28: 주식등의대량보유상황보고서(일반) | 2026-05-18: 주식소각결정               | 2026-05-14: 분기보고서 (2026.03) | 2026-05-08: 임원ㆍ주요주주특정증권등소유상황보고서,4
다원시스,068240,5,OK,,[기재정정]단일판매ㆍ공급계약체결              (+5),,2026-05-29: [기재정정]단일판매ㆍ공급계약체결               | 2026-05-26: 거래처와의거래중단               | 2026-05-15: 분기보고서 (2026.03) | 2026-05-13: 기타시장안내              (실질심사 대상여부 결정을 위한 조사기간 연장 안내) | 2026-05-13: [기재정정]주식등의대량보유상황보고서(일반),8
다원넥스뷰,323350,5,OK,,단일판매ㆍ공급계약체결              (+5),,2026-05-15: 주식등의대량보유상황보고서(일반) | 2026-05-14: 분기보고서 (2026.03) | 2026-05-14: [기재정정]주식등의대량보유상황보고서(약식) | 2026-05-14: 주식등의대량보유상황보고서(약식) | 2026-05-13: [기재정정]주식등의대량보유상황보고서(일반),7
유니테스트,086390,5,OK,,단일판매ㆍ공급계약체결              (+5),,2026-05-15: 분기보고서 (2026.03) | 2026-05-12: 단일판매ㆍ공급계약체결              ,2
포스코DX,022100,5,OK,,[기재정정]단일판매ㆍ공급계약체결              (+5),,2026-05-29: 기업지배구조보고서공시               | 2026-05-28: 대규모기업집단현황공시[연1회공시및1/4분기용(개별회사)] | 2026-05-15: 분기보고서 (2026.03) | 2026-05-11: [기재정정]단일판매ㆍ공급계약체결              ,4
한미사이언스,008930,5,OK,,단일판매ㆍ공급계약체결(자회사의 주요경영사항)              (+5),,2026-06-02: 주식등의대량보유상황보고서(일반) | 2026-06-01: 기업지배구조보고서공시               | 2026-06-01: 투자판단관련주요경영사항(자회사의 주요경영사항)              (소네페글루타이드 (Sonefpeglutide; LAPS GLP2 agonist; HM15912) 기술이전 계약 체결) | 2026-05-29: 투자판단관련주요경영사항(자회사의 주요경영사항)              (HCP18034 개발을 위한 식약처(MFDS) 제3상 임상시험 계획 승인) | 2026-05-21: 단일판매ㆍ공급계약체결(자회사의 주요경영사항)              ,6
씨아이테크,004920,5,OK,,주요사항보고서(자기주식취득결정)(+5),,2026-06-01: 주요사항보고서(자기주식취득결정) | 2026-05-29: 기업지배구조보고서공시               | 2026-05-26: 임원ㆍ주요주주특정증권등거래계획보고서 | 2026-05-15: 분기보고서 (2026.03) | 2026-05-15: 증권대여결정              ,5
인터엠,017250,5,OK,,주요사항보고서(자기주식취득결정)(+5),,2026-05-18: 주요사항보고서(자기주식취득결정) | 2026-05-15: 반기보고서 (2026.03),2
라피치,403360,5,OK,,단일판매ㆍ공급계약체결(자율공시)              (+5),,2026-06-01: 기업설명회(IR)개최결과               | 2026-05-27: 단일판매ㆍ공급계약체결(자율공시)              ,2
RF시스템즈,474610,5,OK,,주식소각결정              (+5),,2026-06-01: 주식소각결정               | 2026-05-28: 주식등의대량보유상황보고서(일반) | 2026-05-28: 임원ㆍ주요주주특정증권등소유상황보고서 | 2026-05-28: 임원ㆍ주요주주특정증권등소유상황보고서 | 2026-05-22: 주식매수선택권행사              ,6
삼부토건,001470,5,OK,,[기재정정]단일판매ㆍ공급계약체결              (+5),,2026-06-01: 기업지배구조보고서공시               | 2026-05-29: [기재정정]단일판매ㆍ공급계약체결               | 2026-05-26: 투자판단관련주요경영사항               | 2026-05-21: 기타시장안내              (개선기간 부여) | 2026-05-18: [기재정정]분기보고서 (2026.03),6
에쓰씨엔지니어링,023960,5,OK,,단일판매ㆍ공급계약체결              (+5),,2026-06-01: 기업지배구조보고서공시               | 2026-05-29: 대규모기업집단현황공시[연1회공시및1/4분기용(개별회사)] | 2026-05-15: 분기보고서 (2026.03) | 2026-05-07: 단일판매ㆍ공급계약체결              ,4
야스,255440,5,OK,,단일판매ㆍ공급계약체결              (+5),,2026-05-26: 단일판매ㆍ공급계약체결               | 2026-05-22: 주식등의대량보유상황보고서(일반) | 2026-05-15: 분기보고서 (2026.03) | 2026-05-06: 주식등의대량보유상황보고서(일반),4
엠오티,413390,5,OK,,단일판매ㆍ공급계약체결              (+5),,2026-05-18: 단일판매ㆍ공급계약체결               | 2026-05-15: 분기보고서 (2026.03),2
DMS,068790,5,OK,,[기재정정]단일판매ㆍ공급계약체결(자율공시)              (+5),,2026-06-01: [기재정정]단일판매ㆍ공급계약체결(자율공시)               | 2026-05-28: [기재정정]금전대여결정               | 2026-05-18: [기재정정]자기주식취득결과보고서 | 2026-05-15: 분기보고서 (2026.03),4
푸른로보틱스,094940,5,OK,,단일판매ㆍ공급계약체결              (+5),,2026-05-19: 단일판매ㆍ공급계약체결               | 2026-05-15: 분기보고서 (2026.03),2
산돌,419120,5,OK,,[기재정정]주식소각결정              (+5),,2026-05-18: [기재정정]주식소각결정               | 2026-05-15: 분기보고서 (2026.03) | 2026-05-13: [기재정정]현금ㆍ현물배당결정               | 2026-05-08: 자기주식취득결과보고서,4
테스,095610,5,OK,,단일판매ㆍ공급계약체결(자율공시)              (+5),,2026-05-21: 단일판매ㆍ공급계약체결(자율공시)               | 2026-05-18: 기업설명회(IR)개최               | 2026-05-13: 분기보고서 (2026.03),3
오픈엣지테크놀로지,394280,5,OK,,[기재정정]단일판매ㆍ공급계약체결              (+5),,2026-06-01: 기업설명회(IR)개최               | 2026-05-27: [기재정정]단일판매ㆍ공급계약체결               | 2026-05-15: 기업설명회(IR)개최               | 2026-05-15: 기업설명회(IR)개최               | 2026-05-15: [기재정정]주식매수선택권부여에관한신고,8
이노메트리,302430,5,OK,,단일판매ㆍ공급계약체결              (+5),,2026-06-01: 단일판매ㆍ공급계약체결               | 2026-05-14: 분기보고서 (2026.03) | 2026-05-11: 기업설명회(IR)개최              ,3
신원,009270,5,OK,,주요사항보고서(자기주식취득결정)(+5),,2026-06-01: 기업지배구조보고서공시               | 2026-05-28: 주요사항보고서(자기주식취득결정) | 2026-05-15: [기재정정]분기보고서 (2026.03) | 2026-05-15: 분기보고서 (2026.03) | 2026-05-12: 주식등의대량보유상황보고서(일반),5
에코심플렉스,038870,5,OK,,[기재정정]단일판매ㆍ공급계약체결              (+5),,2026-05-14: 분기보고서 (2026.03) | 2026-05-08: [기재정정]단일판매ㆍ공급계약체결               | 2026-05-07: 임시주주총회결과              ,3
인지소프트,100030,5,OK,,주요사항보고서(자기주식취득결정)(+5),,2026-05-29: 임원ㆍ주요주주특정증권등소유상황보고서 | 2026-05-14: 분기보고서 (2026.03) | 2026-05-06: 주요사항보고서(자기주식취득결정) | 2026-05-04: 신탁계약해지결과보고서,4
필에너지,378340,5,OK,,단일판매ㆍ공급계약체결              (+5),,2026-05-22: [기재정정]신규시설투자등               | 2026-05-14: 분기보고서 (2026.03) | 2026-05-13: 단일판매ㆍ공급계약체결               | 2026-05-11: 기업설명회(IR)개최               | 2026-05-08: 임원ㆍ주요주주특정증권등소유상황보고서,5
바이오포트,188040,5,OK,,주요사항보고서(자기주식취득결정)(+5),,2026-06-01: 주요사항보고서(자기주식취득결정) | 2026-05-15: 분기보고서 (2026.03),2
다스코,058730,5,OK,,[기재정정]단일판매ㆍ공급계약체결              (+5),,2026-06-02: 최대주주등소유주식변동신고서               | 2026-06-01: 기업지배구조보고서공시               | 2026-05-19: [기재정정]단일판매ㆍ공급계약체결               | 2026-05-18: 신탁계약해지결과보고서 | 2026-05-18: 주요사항보고서(자기주식취득신탁계약해지결정),6
지아이이노베이션,358570,5,OK,,주식소각결정              (+5),,"2026-05-29: [기재정정]투자판단관련주요경영사항(임상시험계획승인신청등결정)              (전이성 거세저항성 전립선암 환자를 대상으로 GI102와 pasritamig 병용 요법의 항암 활성, 안전성 및 내약성을 평가하기 위한 제1b/2상 임상시험계획 승인) | 2026-05-28: [기재정정]투자판단관련주요경영사항(임상시험계획승인신청)              (전이성 거세저항성 전립선암 환자를 대상으로 GI102와 pasritamig 병용 요법의 항암 활성, 안전성 및 내약성을 평가하기 위한 제 1b/2상 임상시험계획 승인 신청) | 2026-05-15: 분기보고서 (2026.03) | 2026-05-13: 주식소각결정               | 2026-05-13: [기재정정]주식매수선택권부여에관한신고",5
우리기술,032820,5,OK,,단일판매ㆍ공급계약체결              (+5),,2026-05-18: 단일판매ㆍ공급계약체결               | 2026-05-15: 분기보고서 (2026.03),2
한화엔진,082740,5,OK,,단일판매ㆍ공급계약체결              (+5),,2026-05-29: 대규모기업집단현황공시[연1회공시및1/4분기용(개별회사)] | 2026-05-29: [첨부추가]기업지배구조보고서공시               | 2026-05-19: 임원ㆍ주요주주특정증권등소유상황보고서 | 2026-05-14: 분기보고서 (2026.03) | 2026-05-13: 단일판매ㆍ공급계약체결              ,7
오상헬스케어,036220,5,OK,,단일판매ㆍ공급계약체결(자율공시)              (+5),,2026-05-15: 분기보고서 (2026.03) | 2026-05-13: 단일판매ㆍ공급계약체결(자율공시)               | 2026-05-12: 임원ㆍ주요주주특정증권등소유상황보고서 | 2026-05-12: 임원ㆍ주요주주특정증권등소유상황보고서 | 2026-05-12: 자기주식처분결과보고서,5
파이버프로,368770,5,OK,,[기재정정]단일판매ㆍ공급계약체결              (+5),,2026-05-27: 주식등의대량보유상황보고서(일반) | 2026-05-15: [기재정정]단일판매ㆍ공급계약체결               | 2026-05-13: [기재정정]주식매수선택권부여에관한신고 | 2026-05-12: 주식매수선택권부여에관한신고 | 2026-05-12: 임시주주총회결과              ,6
자이에스앤디,317400,5,OK,,[기재정정]단일판매ㆍ공급계약체결              (+5),,2026-06-01: 기업지배구조보고서공시               | 2026-06-01: [기재정정]대규모기업집단현황공시[연1회공시및1/4분기용(개별회사)] | 2026-06-01: 대규모기업집단현황공시[연1회공시및1/4분기용(개별회사)] | 2026-05-15: 분기보고서 (2026.03) | 2026-05-07: [기재정정]단일판매ㆍ공급계약체결              ,5
인화정공,101930,5,OK,,주식소각결정              (+5),,2026-05-27: 임원ㆍ주요주주특정증권등소유상황보고서 | 2026-05-22: 주식소각결정               | 2026-05-22: 신탁계약해지결과보고서 | 2026-05-22: 주요사항보고서(자기주식취득신탁계약해지결정) | 2026-05-15: 분기보고서 (2026.03),5
에스프리즘,288620,5,OK,,단일판매ㆍ공급계약체결              (+5),,2026-06-01: 금전대여결정               | 2026-05-15: 분기보고서 (2026.03) | 2026-05-14: 단일판매ㆍ공급계약체결              ,3
나라스페이스테크놀로지,478340,5,OK,,단일판매ㆍ공급계약체결              (+5),,2026-05-28: 임원ㆍ주요주주특정증권등소유상황보고서 | 2026-05-28: 임원ㆍ주요주주특정증권등소유상황보고서 | 2026-05-28: 단일판매ㆍ공급계약체결               | 2026-05-28: [기재정정]임원ㆍ주요주주특정증권등소유상황보고서 | 2026-05-28: [기재정정]임원ㆍ주요주주특정증권등소유상황보고서,10
제이티,089790,5,OK,,단일판매ㆍ공급계약체결              (+5),,2026-05-22: 주식매수선택권부여에관한신고 | 2026-05-19: 단일판매ㆍ공급계약체결               | 2026-05-15: 분기보고서 (2026.03) | 2026-05-04: 주식매수선택권부여에관한신고,4
씨이랩,189330,5,OK,,[기재정정]단일판매ㆍ공급계약체결              (+5),,2026-05-29: [기재정정]단일판매ㆍ공급계약체결               | 2026-05-14: 기업설명회(IR)개최               | 2026-05-13: 분기보고서 (2026.03),3
아이빔테크놀로지,460470,5,OK,,단일판매ㆍ공급계약체결              (+5),,2026-05-26: 단일판매ㆍ공급계약체결               | 2026-05-14: 분기보고서 (2026.03),2
MH에탄올,023150,5,OK,,주요사항보고서(자기주식취득결정)(+5),,2026-06-01: 주요사항보고서(자기주식취득결정) | 2026-06-01: 주식등의대량보유상황보고서(일반) | 2026-06-01: 기업지배구조보고서공시               | 2026-05-15: 분기보고서 (2026.03),4
선도전기,007610,5,OK,,[기재정정]단일판매ㆍ공급계약체결              (+5),,2026-06-01: 기업지배구조보고서공시               | 2026-05-27: [기재정정]단일판매ㆍ공급계약체결               | 2026-05-15: 최대주주등소유주식변동신고서               | 2026-05-15: 주식등의대량보유상황보고서(일반) | 2026-05-13: 분기보고서 (2026.03),5
유안타증권,003470,5,OK,,주식소각결정              (+5),,2026-06-02: 투자설명서(일괄신고) | 2026-06-02: 일괄신고추가서류(파생결합사채-주가연계파생결합사채) | 2026-06-02: 투자설명서(일괄신고) | 2026-06-02: 일괄신고추가서류(파생결합증권-주가연계증권) | 2026-06-01: 임원ㆍ주요주주특정증권등소유상황보고서,29
오스템,031510,5,OK,,주식소각결정              (+5),,2026-05-26: 주식소각결정               | 2026-05-15: 분기보고서 (2026.03),2
휴럼,353190,5,OK,,주요사항보고서(자기주식취득결정)(+5),,2026-06-01: 주요사항보고서(자기주식취득결정) | 2026-05-15: 임원ㆍ주요주주특정증권등거래계획보고서 | 2026-05-15: 분기보고서 (2026.03) | 2026-05-11: 임원ㆍ주요주주특정증권등소유상황보고서 | 2026-05-11: 임원ㆍ주요주주특정증권등소유상황보고서,6
두산퓨얼셀,336260,5,OK,,[기재정정]단일판매ㆍ공급계약체결              (+5),,2026-05-29: 기업지배구조보고서공시               | 2026-05-29: 대규모기업집단현황공시[연1회공시및1/4분기용(개별회사)] | 2026-05-21: [기재정정]단일판매ㆍ공급계약체결               | 2026-05-14: 분기보고서 (2026.03) | 2026-05-12: 자기주식처분결과보고서,5
제이엔케이글로벌,126880,5,OK,,단일판매ㆍ공급계약체결              (+5),,2026-06-02: 주식등의대량보유상황보고서(일반) | 2026-06-02: 임원ㆍ주요주주특정증권등소유상황보고서 | 2026-05-21: 단일판매ㆍ공급계약체결               | 2026-05-15: 분기보고서 (2026.03),4
드림텍,192650,5,OK,,주식소각결정              (+5),,2026-06-01: 기업지배구조보고서공시               | 2026-05-19: 주식소각결정               | 2026-05-15: 분기보고서 (2026.03),3
바이오비쥬,489460,5,OK,,주요사항보고서(자기주식취득결정)(+5),,2026-06-01: 주요사항보고서(자기주식취득결정) | 2026-05-20: 기업설명회(IR)개최               | 2026-05-14: 분기보고서 (2026.03),3
에이치브이엠,295310,5,OK,,[기재정정]단일판매ㆍ공급계약체결              (+5),,2026-06-01: 주식등의대량보유상황보고서(약식) | 2026-05-28: 임원ㆍ주요주주특정증권등소유상황보고서 | 2026-05-15: 분기보고서 (2026.03) | 2026-05-14: [기재정정]단일판매ㆍ공급계약체결              ,4
영원무역홀딩스,009970,5,OK,,주식소각결정              (+5),,2026-06-01: 기업지배구조보고서공시               | 2026-05-21: 투자판단관련주요경영사항               | 2026-05-15: 분기보고서 (2026.03) | 2026-05-12: 주식소각결정               | 2026-05-12: [기재정정]수시공시의무관련사항(공정공시)              ,5
케일럼,258610,5,OK,,[기재정정]단일판매ㆍ공급계약체결              (+5),,2026-05-27: [기재정정]단일판매ㆍ공급계약체결               | 2026-05-15: 분기보고서 (2026.03),2
HEM파마,376270,5,OK,,단일판매ㆍ공급계약체결              (+5),,2026-05-22: 기업설명회(IR)개최               | 2026-05-14: 단일판매ㆍ공급계약체결               | 2026-05-11: 분기보고서 (2026.03) | 2026-05-08: 기업설명회(IR)개최              ,4
특수건설,026150,5,OK,,[기재정정]단일판매ㆍ공급계약체결              (+5),,2026-06-01: 전환사채(해외전환사채포함)발행후만기전사채취득               | 2026-05-29: [기재정정]단일판매ㆍ공급계약체결               | 2026-05-15: 분기보고서 (2026.03) | 2026-05-15: [기재정정]사업보고서 (2025.12),4
액스비스,0011A0,5,OK,,단일판매ㆍ공급계약체결              (+5),,2026-05-26: 신규시설투자등               | 2026-05-21: 기타경영사항(자율공시)              (국책과제 선정(산업통상자원부 주관 Multi-junction 기반 고출력 표면발광 레이저(VCSEL)을 활용한 고효율 배터리 전극 건조 시스템 개발)) | 2026-05-20: 단일판매ㆍ공급계약체결               | 2026-05-14: 분기보고서 (2026.03),4
아이티센엔텍,010280,5,OK,,단일판매ㆍ공급계약체결(자율공시)              (+5),,2026-05-27: 단일판매ㆍ공급계약체결(자율공시)               | 2026-05-14: 분기보고서 (2026.03),2
노을,376930,5,OK,,[기재정정]단일판매ㆍ공급계약체결              (+5),,2026-06-02: 주주명부폐쇄기간또는기준일설정               | 2026-06-02: 주주총회소집결의               | 2026-06-02: 주식병합결정               | 2026-05-22: 임원ㆍ주요주주특정증권등소유상황보고서 | 2026-05-18: 기업설명회(IR)개최              ,12
SG,255220,5,OK,,[기재정정]단일판매ㆍ공급계약체결              (+5),,2026-05-22: [기재정정]단일판매ㆍ공급계약체결               | 2026-05-15: 분기보고서 (2026.03),2
미래아이앤지,007120,5,OK,,주식소각결정              (+5),,2026-06-01: 기업지배구조보고서공시               | 2026-05-29: 주식소각결정               | 2026-05-26: 사외이사의선임ㆍ해임또는중도퇴임에관한신고 | 2026-05-26: 임시주주총회결과               | 2026-05-22: 주권관련사채권의처분결정              ,8
미래에셋벤처투자,100790,5,OK,,주식소각결정              (+5),,2026-06-01: 대규모기업집단현황공시[연1회공시및1/4분기용(개별회사)] | 2026-05-27: 주식소각결정               | 2026-05-22: 임원ㆍ주요주주특정증권등소유상황보고서 | 2026-05-15: 분기보고서 (2026.03) | 2026-05-08: 특수관계인과의수익증권거래,5
보성파워텍,006910,5,OK,,[기재정정]단일판매ㆍ공급계약체결              (+5),,2026-05-15: 분기보고서 (2026.03) | 2026-05-07: [기재정정]단일판매ㆍ공급계약체결              ,2
우진플라임,049800,5,OK,,[기재정정]단일판매ㆍ공급계약체결              (+5),,2026-05-28: 기업지배구조보고서공시               | 2026-05-28: [기재정정]단일판매ㆍ공급계약체결               | 2026-05-15: 분기보고서 (2026.03),3
대한방직,001070,5,OK,,주식소각결정              (+5),,2026-06-01: 기업지배구조보고서공시               | 2026-05-28: 주식소각결정               | 2026-05-15: 분기보고서 (2026.03),3
우진,105840,5,OK,,[기재정정]단일판매ㆍ공급계약체결              (+5),,2026-05-29: 기업지배구조보고서공시               | 2026-05-28: [기재정정]단일판매ㆍ공급계약체결               | 2026-05-27: 주식등의대량보유상황보고서(일반) | 2026-05-27: 임원ㆍ주요주주특정증권등소유상황보고서 | 2026-05-18: 기업설명회(IR)개최(안내공시)              ,7
태광,023160,6,OK,,연결재무제표기준영업(잠정)실적(공정공시)              (+3) | 영업(잠정)실적(공정공시)              (+3),,2026-05-22: 기업설명회(IR)개최               | 2026-05-22: 기업설명회(IR)개최               | 2026-05-15: 분기보고서 (2026.03) | 2026-05-13: 기업설명회(IR)개최               | 2026-05-08: 연결재무제표기준영업(잠정)실적(공정공시)              ,6
케이티,030200,6,OK,,연결재무제표기준영업(잠정)실적(공정공시)              (+3) | 영업(잠정)실적(공정공시)              (+3),,2026-05-29: 임원ㆍ주요주주특정증권등소유상황보고서 | 2026-05-29: 기업지배구조보고서공시               | 2026-05-29: [기재정정]대규모기업집단현황공시[연1회공시및1/4분기용(대표회사)] | 2026-05-28: 대규모기업집단현황공시[연1회(동일인용)] | 2026-05-28: 대규모기업집단현황공시[연1회공시및1/4분기용(대표회사)],60
엘앤씨바이오,290650,6,OK,,영업(잠정)실적(공정공시)              (+3) | 연결재무제표기준영업(잠정)실적(공정공시)              (+3),,2026-05-29: 사외이사의선임ㆍ해임또는중도퇴임에관한신고 | 2026-05-15: 분기보고서 (2026.03) | 2026-05-11: 영업(잠정)실적(공정공시)               | 2026-05-11: 연결재무제표기준영업(잠정)실적(공정공시)              ,4
한진칼,180640,6,OK,,[첨부정정]주요사항보고서(회사합병결정)(자회사의 주요경영사항)              (+3) | 주요사항보고서(회사합병결정)(자회사의 주요경영사항)              (+3),,2026-05-29: [기재정정]타법인주식및출자증권취득결정(자회사의 주요경영사항)               | 2026-05-29: 기업지배구조보고서공시               | 2026-05-28: 대규모기업집단현황공시[연1회공시및1/4분기용(대표회사)] | 2026-05-28: 대규모기업집단현황공시[연1회(동일인용)] | 2026-05-15: 분기보고서 (2026.03),8
케이아이엔엑스,093320,6,OK,,영업(잠정)실적(공정공시)              (+3) | 연결재무제표기준영업(잠정)실적(공정공시)              (+3),,2026-05-26: 임원ㆍ주요주주특정증권등소유상황보고서 | 2026-05-15: 분기보고서 (2026.03) | 2026-05-15: 임원ㆍ주요주주특정증권등소유상황보고서 | 2026-05-12: 영업(잠정)실적(공정공시)               | 2026-05-12: 연결재무제표기준영업(잠정)실적(공정공시)              ,6
한국콜마,161890,6,OK,,연결재무제표기준영업(잠정)실적(공정공시)              (+3) | 영업(잠정)실적(공정공시)              (+3),,2026-06-01: 대규모기업집단현황공시[연1회공시및1/4분기용(개별회사)] | 2026-05-29: 기업지배구조보고서공시               | 2026-05-28: 최대주주등소유주식변동신고서               | 2026-05-27: 기업설명회(IR)개최(안내공시)               | 2026-05-22: 투자판단관련주요경영사항              ,13
NHN KCP,060250,6,OK,,영업(잠정)실적(공정공시)              (+3) | 연결재무제표기준영업(잠정)실적(공정공시)              (+3),,2026-05-19: 기업설명회(IR)개최               | 2026-05-15: 분기보고서 (2026.03) | 2026-05-12: 영업(잠정)실적(공정공시)               | 2026-05-12: 연결재무제표기준영업(잠정)실적(공정공시)              ,4
신세계,004170,6,OK,,영업(잠정)실적(공정공시)              (+3) | 연결재무제표기준영업(잠정)실적(공정공시)              (+3),,2026-06-01: 증권발행실적보고서 | 2026-06-01: 대규모기업집단현황공시[연1회공시및1/4분기용(대표회사)] | 2026-06-01: 대규모기업집단현황공시[연1회(동일인용)] | 2026-06-01: 투자설명서 | 2026-05-29: [발행조건확정]증권신고서(채무증권),15
광주신세계,037710,6,OK,,영업(잠정)실적(공정공시)              (+3) | 영업(잠정)실적(공정공시)              (+3),,2026-06-01: 대규모기업집단현황공시[연1회공시및1/4분기용(개별회사)] | 2026-05-29: 기업지배구조보고서공시               | 2026-05-15: 분기보고서 (2026.03) | 2026-05-13: 현금ㆍ현물배당결정               | 2026-05-13: 현금ㆍ현물배당을위한주주명부폐쇄(기준일)결정              ,7
미래에셋생명,085620,6,OK,,연결재무제표기준영업(잠정)실적(공정공시)              (+3) | 영업(잠정)실적(공정공시)              (+3),,2026-06-02: 최대주주등소유주식변동신고서               | 2026-06-01: 대규모기업집단현황공시[연1회공시및1/4분기용(개별회사)] | 2026-06-01: 특수관계인에대한출자 | 2026-06-01: 특수관계인과의수익증권거래 | 2026-05-29: 임원ㆍ주요주주특정증권등소유상황보고서,15
꿈비,407400,6,OK,,[첨부정정]주요사항보고서(회사합병결정)(+3) | 주요사항보고서(회사합병결정)(+3),,2026-05-29: 주식등의대량보유상황보고서(일반) | 2026-05-19: [첨부정정]주요사항보고서(회사합병결정) | 2026-05-18: 주주명부폐쇄기간또는기준일설정               | 2026-05-18: 주요사항보고서(회사합병결정) | 2026-05-15: 분기보고서 (2026.03),5
LG유플러스,032640,6,OK,,연결재무제표기준영업(잠정)실적(공정공시)              (+3) | 영업(잠정)실적(공정공시)              (+3),,2026-06-01: 대규모기업집단현황공시[연1회공시및1/4분기용(개별회사)] | 2026-05-29: 기업지배구조보고서공시               | 2026-05-20: 기업설명회(IR)개최(안내공시)               | 2026-05-15: 분기보고서 (2026.03) | 2026-05-08: 기업설명회(IR)개최(안내공시)              ,8
아이크래프트,052460,6,OK,,연결재무제표기준영업(잠정)실적(공정공시)              (+3) | 영업(잠정)실적(공정공시)              (+3),,2026-05-15: 분기보고서 (2026.03) | 2026-05-11: 연결재무제표기준영업(잠정)실적(공정공시)               | 2026-05-11: 영업(잠정)실적(공정공시)              ,3
피에스텍,002230,6,OK,,[기재정정]유형자산취득결정(종속회사의주요경영사항)              (+3) | 유형자산취득결정(종속회사의주요경영사항)              (+3),,2026-05-28: [기재정정]유형자산취득결정(종속회사의주요경영사항)               | 2026-05-22: 유형자산취득결정(종속회사의주요경영사항)               | 2026-05-22: 타법인주식및출자증권취득결정(자율공시)               | 2026-05-15: 분기보고서 (2026.03),4
헥토파이낸셜,234340,6,OK,,연결재무제표기준영업(잠정)실적(공정공시)              (+3) | 영업(잠정)실적(공정공시)              (+3),,2026-05-15: 분기보고서 (2026.03) | 2026-05-07: 기업설명회(IR)개최               | 2026-05-07: 연결재무제표기준영업(잠정)실적(공정공시)               | 2026-05-07: 영업(잠정)실적(공정공시)              ,4
카카오,035720,6,OK,,영업(잠정)실적(공정공시)              (+3) | 연결재무제표기준영업(잠정)실적(공정공시)              (+3),,2026-06-01: [기재정정]대규모기업집단현황공시[연1회공시및1/4분기용(대표회사)] | 2026-05-28: 기업지배구조보고서공시               | 2026-05-28: 임원ㆍ주요주주특정증권등소유상황보고서 | 2026-05-28: 대규모기업집단현황공시[연1회(동일인용)] | 2026-05-28: 대규모기업집단현황공시[연1회공시및1/4분기용(대표회사)],62
SK케미칼,285130,6,OK,,영업(잠정)실적(공정공시)              (+3) | 연결재무제표기준영업(잠정)실적(공정공시)              (+3),,2026-05-29: 기업지배구조보고서공시               | 2026-05-29: 대규모기업집단현황공시[연1회공시및1/4분기용(개별회사)] | 2026-05-29: [기재정정]타법인주식및출자증권처분결정               | 2026-05-21: 임원ㆍ주요주주특정증권등소유상황보고서 | 2026-05-13: 분기보고서 (2026.03),9
모니터랩,434480,6,OK,,[첨부정정]주요사항보고서(회사합병결정)(+3) | 주요사항보고서(회사합병결정)(+3),,2026-05-19: [첨부정정]주요사항보고서(회사합병결정) | 2026-05-18: 주요사항보고서(회사합병결정) | 2026-05-13: 분기보고서 (2026.03),3
고려아연,010130,6,OK,,영업(잠정)실적(공정공시)              (+3) | 연결재무제표기준영업(잠정)실적(공정공시)              (+3),,2026-06-01: [기재정정]사업보고서 (2025.12) | 2026-06-01: 기업지배구조보고서공시               | 2026-06-01: 사외이사의선임ㆍ해임또는중도퇴임에관한신고 | 2026-06-01: 대규모기업집단현황공시[연1회공시및1/4분기용(개별회사)] | 2026-05-29: [기재정정]장래사업ㆍ경영계획(공정공시)              ,14
롯데관광개발,032350,6,OK,,연결재무제표기준영업(잠정)실적(공정공시)              (+3) | 연결재무제표기준영업(잠정)실적(공정공시)              (+3),,2026-06-01: 연결재무제표기준영업(잠정)실적(공정공시)               | 2026-05-29: 기업지배구조보고서공시               | 2026-05-22: 임원ㆍ주요주주특정증권등소유상황보고서 | 2026-05-14: 임원ㆍ주요주주특정증권등소유상황보고서 | 2026-05-14: 분기보고서 (2026.03),7
한화투자증권,003530,6,OK,,영업(잠정)실적(공정공시)              (+3) | 연결재무제표기준영업(잠정)실적(공정공시)              (+3),,2026-06-02: 증권발행실적보고서 | 2026-06-01: 증권발행실적보고서 | 2026-06-01: 증권발행실적보고서 | 2026-05-29: 증권발행실적보고서 | 2026-05-29: 투자설명서(일괄신고),94
KG모빌리티,003620,6,OK,,영업(잠정)실적(공정공시)              (+3) | 영업(잠정)실적(공정공시)              (+3),,2026-06-01: 영업(잠정)실적(공정공시)               | 2026-06-01: 기업지배구조보고서공시               | 2026-05-29: 대규모기업집단현황공시[연1회공시및1/4분기용(개별회사)] | 2026-05-28: 최대주주등소유주식변동신고서               | 2026-05-15: 분기보고서 (2026.03),6
성창기업지주,000180,6,OK,,[첨부정정]주요사항보고서(회사합병결정)(+3) | 주요사항보고서(회사합병결정)(+3),,2026-05-29: 기업지배구조보고서공시               | 2026-05-21: [첨부정정]주요사항보고서(회사합병결정) | 2026-05-20: 주주명부폐쇄기간또는기준일설정               | 2026-05-20: 주요사항보고서(회사합병결정) | 2026-05-15: 분기보고서 (2026.03),5
대창솔루션,096350,6,OK,,연결재무제표기준영업(잠정)실적(공정공시)              (+3) | 영업(잠정)실적(공정공시)              (+3),,2026-05-13: 분기보고서 (2026.03) | 2026-05-06: 연결재무제표기준영업(잠정)실적(공정공시)               | 2026-05-06: 영업(잠정)실적(공정공시)              ,3
한국가스공사,036460,6,OK,,영업(잠정)실적(공정공시)              (+3) | 연결재무제표기준영업(잠정)실적(공정공시)              (+3),,2026-05-29: 기업지배구조보고서공시               | 2026-05-27: 사외이사의선임ㆍ해임또는중도퇴임에관한신고 | 2026-05-26: 임시주주총회결과               | 2026-05-15: 분기보고서 (2026.03) | 2026-05-14: 영업(잠정)실적(공정공시)              ,12
더블유게임즈,192080,6,OK,,연결재무제표기준영업(잠정)실적(공정공시)              (+3) | 영업(잠정)실적(공정공시)              (+3),,2026-05-29: 기업지배구조보고서공시               | 2026-05-18: [기재정정]금전대여결정(자율공시)              (기존 대여금 만기 연장) | 2026-05-18: [기재정정]금전대여결정(자율공시)              (기존 대여금 만기 연장) | 2026-05-18: 기업설명회(IR)개최(안내공시)               | 2026-05-15: 분기보고서 (2026.03),7
GKL,114090,6,OK,,연결재무제표기준영업(잠정)실적(공정공시)              (+3) | 영업(잠정)실적(공정공시)              (+3),,2026-06-01: 임시주주총회결과               | 2026-05-29: 기업지배구조보고서공시               | 2026-05-15: 주주총회소집공고 | 2026-05-15: 분기보고서 (2026.03) | 2026-05-13: 주주명부폐쇄기간또는기준일설정              ,9
한국금융지주,071050,6,OK,,연결재무제표기준영업(잠정)실적(공정공시)(자회사의 주요경영사항)              (+3) | 연결재무제표기준영업(잠정)실적(공정공시)              (+3),,2026-05-20: [기재정정]타법인주식및출자증권취득결정(자회사의 주요경영사항)               | 2026-05-18: 기업설명회(IR)개최(안내공시)               | 2026-05-15: 분기보고서 (2026.03) | 2026-05-14: 기업설명회(IR)개최(안내공시)               | 2026-05-14: 연결재무제표기준영업(잠정)실적(공정공시)(자회사의 주요경영사항)              ,7
가비아,079940,6,OK,,연결재무제표기준영업(잠정)실적(공정공시)              (+3) | 영업(잠정)실적(공정공시)              (+3),,2026-05-27: 기업설명회(IR)개최               | 2026-05-15: 분기보고서 (2026.03) | 2026-05-13: 연결재무제표기준영업(잠정)실적(공정공시)               | 2026-05-13: 영업(잠정)실적(공정공시)              ,4
콜마홀딩스,024720,6,OK,,연결재무제표기준영업(잠정)실적(공정공시)              (+3) | 영업(잠정)실적(공정공시)              (+3),,2026-06-01: 대규모기업집단현황공시[연1회(동일인용)] | 2026-06-01: 기업지배구조보고서공시               | 2026-06-01: 대규모기업집단현황공시[연1회공시및1/4분기용(대표회사)] | 2026-05-22: 투자판단관련주요경영사항(자회사의 주요경영사항)               | 2026-05-14: 분기보고서 (2026.03),8
위지윅스튜디오,299900,6,OK,,[기재정정]주요사항보고서(회사합병결정)(+3) | 회사합병결정(종속회사의주요경영사항)              (+3),,2026-05-28: 의결권대리행사권유참고서류 | 2026-05-28: 주주총회소집공고 | 2026-05-14: [기재정정]주주명부폐쇄기간또는기준일설정               | 2026-05-14: [기재정정]주주총회소집결의              (임시주주총회) | 2026-05-14: [기재정정]주요사항보고서(회사합병결정),8
SK텔레콤,017670,6,OK,,연결재무제표기준영업(잠정)실적(공정공시)              (+3) | 영업(잠정)실적(공정공시)              (+3),,2026-05-29: 합병등종료보고서(주식의포괄적교환ㆍ이전) | 2026-05-29: 대규모기업집단현황공시[연1회공시및1/4분기용(개별회사)] | 2026-05-29: 기업지배구조보고서공시               | 2026-05-18: 임원ㆍ주요주주특정증권등소유상황보고서 | 2026-05-18: 임원ㆍ주요주주특정증권등소유상황보고서,58
기아,000270,6,OK,,영업(잠정)실적(공정공시)              (+3) | 영업(잠정)실적(공정공시)              (+3),,2026-06-02: 기업설명회(IR)개최(안내공시)               | 2026-06-01: 영업(잠정)실적(공정공시)               | 2026-05-29: 대규모기업집단현황공시[연1회공시및1/4분기용(개별회사)] | 2026-05-29: 기업지배구조보고서공시               | 2026-05-21: [기재정정]타법인주식및출자증권취득결정              ,63
한화생명,088350,6,OK,,연결재무제표기준영업(잠정)실적(공정공시)              (+3) | 영업(잠정)실적(공정공시)              (+3),,2026-05-29: [기재정정]분기보고서 (2026.03) | 2026-05-29: 대규모기업집단현황공시[연1회공시및1/4분기용(개별회사)] | 2026-05-14: 분기보고서 (2026.03) | 2026-05-12: 연결재무제표기준영업(잠정)실적(공정공시)               | 2026-05-12: 영업(잠정)실적(공정공시)              ,5
에스엠,041510,6,OK,,연결재무제표기준영업(잠정)실적(공정공시)              (+3) | 영업(잠정)실적(공정공시)              (+3),,2026-05-29: 대규모기업집단현황공시[연1회공시및1/4분기용(개별회사)] | 2026-05-15: 분기보고서 (2026.03) | 2026-05-06: 연결재무제표기준영업(잠정)실적(공정공시)               | 2026-05-06: 영업(잠정)실적(공정공시)               | 2026-05-06: 기업설명회(IR)개최              ,6
동원산업,006040,6,OK,,영업(잠정)실적(공정공시)              (+3) | 연결재무제표기준영업(잠정)실적(공정공시)              (+3),,2026-06-02: 특수관계인에대한담보제공 | 2026-06-02: 최대주주등소유주식변동신고서               | 2026-06-02: 주식등의대량보유상황보고서(일반) | 2026-06-01: [기재정정]대규모기업집단현황공시[연1회공시및1/4분기용(대표회사)] | 2026-06-01: 대규모기업집단현황공시[연1회(동일인용)],14
스튜디오드래곤,253450,6,OK,,연결재무제표기준영업(잠정)실적(공정공시)              (+3) | [기재정정]주요사항보고서(회사합병결정)(+3),,2026-06-01: 대규모기업집단현황공시[연1회공시및1/4분기용(개별회사)] | 2026-05-15: 분기보고서 (2026.03) | 2026-05-07: 연결재무제표기준영업(잠정)실적(공정공시)               | 2026-05-06: 기업설명회(IR)개최               | 2026-05-04: [기재정정]주요사항보고서(회사합병결정),5
지역난방공사,071320,6,OK,,영업(잠정)실적(공정공시)              (+3) | 연결재무제표기준영업(잠정)실적(공정공시)              (+3),,2026-05-29: 기업지배구조보고서공시               | 2026-05-22: 영업(잠정)실적(공정공시)               | 2026-05-22: 사외이사의선임ㆍ해임또는중도퇴임에관한신고 | 2026-05-22: 임시주주총회결과               | 2026-05-13: [기재정정]분기보고서 (2026.03),13
현대자동차,005380,6,OK,,영업(잠정)실적(공정공시)              (+3) | 영업(잠정)실적(공정공시)              (+3),,2026-06-01: [기재정정]대규모기업집단현황공시[연1회공시및1/4분기용(대표회사)] | 2026-06-01: 기업지배구조보고서공시               | 2026-06-01: 영업(잠정)실적(공정공시)               | 2026-05-29: 기업가치제고계획(자율공시)              (2025년 이행현황) | 2026-05-29: 특수관계인으로부터기타유가증권매수,15
케이티스카이라이프,053210,6,OK,,연결재무제표기준영업(잠정)실적(공정공시)              (+3) | 영업(잠정)실적(공정공시)              (+3),,2026-06-02: 주식등의대량보유상황보고서(일반) | 2026-06-01: 최대주주등소유주식변동신고서               | 2026-06-01: 임원ㆍ주요주주특정증권등소유상황보고서 | 2026-06-01: 기업지배구조보고서공시               | 2026-05-29: 대규모기업집단현황공시[연1회공시및1/4분기용(개별회사)],12
KTcs,058850,6,OK,,영업(잠정)실적(공정공시)              (+3) | 연결재무제표기준영업(잠정)실적(공정공시)              (+3),,2026-06-02: 임원ㆍ주요주주특정증권등소유상황보고서 | 2026-06-02: 임원ㆍ주요주주특정증권등소유상황보고서 | 2026-06-02: 임원ㆍ주요주주특정증권등소유상황보고서 | 2026-05-29: 대규모기업집단현황공시[연1회공시및1/4분기용(개별회사)] | 2026-05-27: 대표이사(대표집행임원)변경(안내공시)              ,13
하림,136480,6,OK,,영업(잠정)실적(공정공시)              (+3) | 연결재무제표기준영업(잠정)실적(공정공시)              (+3),,2026-05-29: 대규모기업집단현황공시[연1회공시및1/4분기용(개별회사)] | 2026-05-13: 분기보고서 (2026.03) | 2026-05-07: 주식등의대량보유상황보고서(일반) | 2026-05-07: 영업(잠정)실적(공정공시)               | 2026-05-07: 연결재무제표기준영업(잠정)실적(공정공시)              ,5
인크로스,216050,6,OK,,연결재무제표기준영업(잠정)실적(공정공시)              (+3) | 영업(잠정)실적(공정공시)              (+3),,2026-05-29: 대규모기업집단현황공시[연1회공시및1/4분기용(개별회사)] | 2026-05-15: 분기보고서 (2026.03) | 2026-05-12: 연결재무제표기준영업(잠정)실적(공정공시)               | 2026-05-12: 영업(잠정)실적(공정공시)              ,4
카카오페이,377300,6,OK,,연결재무제표기준영업(잠정)실적(공정공시)              (+3) | 영업(잠정)실적(공정공시)              (+3),,2026-05-29: 대규모기업집단현황공시[연1회공시및1/4분기용(개별회사)] | 2026-05-28: 기업지배구조보고서공시               | 2026-05-19: 기업설명회(IR)개최(안내공시)               | 2026-05-14: 분기보고서 (2026.03) | 2026-05-08: 임원ㆍ주요주주특정증권등소유상황보고서,11
케이티알파,036030,8,OK,,주식소각결정              (+5) | 영업(잠정)실적(공정공시)              (+3),,2026-05-29: 대규모기업집단현황공시[연1회공시및1/4분기용(개별회사)] | 2026-05-28: 주식소각결정               | 2026-05-28: 임시주주총회결과               | 2026-05-15: 분기보고서 (2026.03) | 2026-05-13: 의결권대리행사권유참고서류,8
에스케이바이오팜,326030,8,OK,,단일판매ㆍ공급계약체결              (+5) | 연결재무제표기준영업(잠정)실적(공정공시)              (+3),,2026-06-01: 기업지배구조보고서공시               | 2026-05-29: 대규모기업집단현황공시[연1회공시및1/4분기용(개별회사)] | 2026-05-27: 단일판매ㆍ공급계약체결               | 2026-05-26: 기업설명회(IR)개최(안내공시)               | 2026-05-19: 기업설명회(IR)개최(안내공시)              ,8
나이스정보통신,036800,8,OK,,주식소각결정              (+5) | 주식분할결정              (+3),,2026-06-02: 주요사항보고서(자기주식취득신탁계약체결결정) | 2026-06-02: 타법인주식및출자증권취득결정               | 2026-06-02: 주주총회소집결의              (임시주주총회) | 2026-06-02: 주식소각결정               | 2026-06-02: 주식분할결정              ,7
GS,078930,8,OK,,연결재무제표기준영업(잠정)실적(공정공시)              (+3) | 주식소각결정              (+5),,2026-06-01: 대규모기업집단현황공시[연1회(동일인용)] | 2026-06-01: 대규모기업집단현황공시[연1회(동일인용)] | 2026-06-01: 대규모기업집단현황공시[연1회공시및1/4분기용(대표회사)] | 2026-05-29: 기업지배구조보고서공시               | 2026-05-15: 분기보고서 (2026.03),9
NC,036570,8,OK,,[기재정정]단일판매ㆍ공급계약체결              (+5) | 연결재무제표기준영업(잠정)실적(공정공시)              (+3),,2026-06-01: 기업지배구조보고서공시               | 2026-05-29: [기재정정]단일판매ㆍ공급계약체결               | 2026-05-15: 분기보고서 (2026.03) | 2026-05-14: 임원ㆍ주요주주특정증권등소유상황보고서 | 2026-05-13: 연결재무제표기준영업(잠정)실적(공정공시)              ,6
엠앤씨솔루션,484870,8,OK,,단일판매ㆍ공급계약체결(자율공시)              (+5) | 영업(잠정)실적(공정공시)              (+3),,2026-06-02: 기업설명회(IR)개최(안내공시)               | 2026-06-01: 단일판매ㆍ공급계약체결(자율공시)               | 2026-05-29: 기업지배구조보고서공시               | 2026-05-15: 분기보고서 (2026.03) | 2026-05-12: 주주명부폐쇄기간또는기준일설정              ,9
고스트스튜디오,950190,8,OK,,주요사항보고서(자기주식취득결정)(+5) | 연결재무제표기준영업(잠정)실적(공정공시)              (+3),,2026-05-29: 주요사항보고서(자기주식취득결정) | 2026-05-15: 분기보고서 (2026.03) | 2026-05-14: 연결재무제표기준영업(잠정)실적(공정공시)              ,3
한국항공우주,047810,8,OK,,[기재정정]단일판매ㆍ공급계약체결              (+5) | 연결재무제표기준영업(잠정)실적(공정공시)              (+3),,2026-06-01: 기업지배구조보고서공시               | 2026-05-29: 대규모기업집단현황공시[연1회(동일인용)] | 2026-05-29: 대규모기업집단현황공시[연1회공시및1/4분기용(대표회사)] | 2026-05-29: 주식등의대량보유상황보고서(일반) | 2026-05-26: 주식등의대량보유상황보고서(일반),10
LG,003550,8,OK,,주식소각결정              (+5) | 연결재무제표기준영업(잠정)실적(공정공시)              (+3),,2026-06-01: 대규모기업집단현황공시[연1회(동일인용)] | 2026-06-01: 기업지배구조보고서공시               | 2026-06-01: 대규모기업집단현황공시[연1회(동일인용)] | 2026-06-01: 대규모기업집단현황공시[연1회공시및1/4분기용(대표회사)] | 2026-05-22: 주식소각결정              ,7
위메이드플레이,123420,8,OK,,주식소각결정              (+5) | 연결재무제표기준영업(잠정)실적(공정공시)              (+3),,2026-05-20: [기재정정]주식매수선택권부여에관한신고 | 2026-05-20: [기재정정]주식매수선택권부여에관한신고 | 2026-05-20: [기재정정]주식매수선택권부여에관한신고 | 2026-05-15: 분기보고서 (2026.03) | 2026-05-13: [기재정정]주식매수선택권부여에관한신고,8
AP시스템,265520,8,OK,,[기재정정]단일판매ㆍ공급계약체결              (+5) | 연결재무제표기준영업(잠정)실적(공정공시)              (+3),,2026-05-20: [기재정정]단일판매ㆍ공급계약체결               | 2026-05-15: 분기보고서 (2026.03) | 2026-05-08: 연결재무제표기준영업(잠정)실적(공정공시)              ,3
팬오션,028670,8,OK,,단일판매ㆍ공급계약체결              (+5) | 연결재무제표기준영업(잠정)실적(공정공시)              (+3),,2026-06-01: 기업지배구조보고서공시               | 2026-06-01: 대규모기업집단현황공시[연1회공시및1/4분기용(개별회사)] | 2026-05-22: 최대주주등소유주식변동신고서               | 2026-05-21: 주식등의대량보유상황보고서(일반) | 2026-05-14: 신규시설투자등              ,9
HL D&I,014790,8,OK,,[기재정정]단일판매ㆍ공급계약체결              (+5) | 연결재무제표기준영업(잠정)실적(공정공시)              (+3),,2026-05-29: 대규모기업집단현황공시[연1회공시및1/4분기용(개별회사)] | 2026-05-29: 기업지배구조보고서공시               | 2026-05-29: [기재정정]단일판매ㆍ공급계약체결               | 2026-05-29: 타인에대한채무보증결정               | 2026-05-29: 기업가치제고계획(자율공시)              ,8
현대그린푸드,453340,8,OK,,주요사항보고서(자기주식취득결정)(+5) | 연결재무제표기준영업(잠정)실적(공정공시)              (+3),,2026-05-29: 기업지배구조보고서공시               | 2026-05-29: 대규모기업집단현황공시[연1회공시및1/4분기용(개별회사)] | 2026-05-15: 분기보고서 (2026.03) | 2026-05-06: 주요사항보고서(자기주식취득결정) | 2026-05-06: 기업가치제고계획(자율공시)              (2025년 이행현황),6
파라다이스,034230,9,OK,,연결재무제표기준영업(잠정)실적(공정공시)              (+3) | 연결재무제표기준영업(잠정)실적(공정공시)              (+3) | 연결재무제표기준영업(잠정)실적(공정공시)              (+3),,2026-06-02: 연결재무제표기준영업(잠정)실적(공정공시)               | 2026-06-02: 주식등의대량보유상황보고서(일반) | 2026-06-01: 기업지배구조보고서공시               | 2026-05-29: 대규모기업집단현황공시[연1회공시및1/4분기용(개별회사)] | 2026-05-15: 분기보고서 (2026.03),8
대한항공,003490,9,OK,,[첨부정정]주요사항보고서(회사합병결정)(+3) | 회사합병결정(종속회사의주요경영사항)              (+3) | 주요사항보고서(회사합병결정)(+3),,2026-06-01: [기재정정]대규모기업집단현황공시[연1회공시및1/4분기용(개별회사)] | 2026-05-29: 증권신고서(채무증권) | 2026-05-29: 대규모기업집단현황공시[연1회공시및1/4분기용(개별회사)] | 2026-05-29: [기재정정]타법인주식및출자증권취득결정               | 2026-05-29: 기업지배구조보고서공시              ,12
이엠텍,091120,9,OK,,[첨부정정]주요사항보고서(회사합병결정)(+3) | [첨부정정]주요사항보고서(회사합병결정)(+3) | 주요사항보고서(회사합병결정)(+3),,2026-06-02: 임원ㆍ주요주주특정증권등소유상황보고서 | 2026-05-27: [첨부정정]주요사항보고서(회사합병결정) | 2026-05-26: [첨부정정]주요사항보고서(회사합병결정) | 2026-05-22: 주주명부폐쇄기간또는기준일설정               | 2026-05-22: 주요사항보고서(회사합병결정),6
메리츠금융지주,138040,9,OK,,연결재무제표기준영업(잠정)실적(공정공시)              (+3) | 영업(잠정)실적(공정공시)(자회사의 주요경영사항)              (+3) | 연결재무제표기준영업(잠정)실적(공정공시)(자회사의 주요경영사항)              (+3),,2026-05-29: 임원ㆍ주요주주특정증권등소유상황보고서 | 2026-05-29: 임원ㆍ주요주주특정증권등소유상황보고서 | 2026-05-29: [기재정정]분기보고서 (2026.03) | 2026-05-15: 분기보고서 (2026.03) | 2026-05-14: 기업가치제고계획(자율공시)              (2026년 1분기 이행현황),8
한샘,009240,9,OK,,연결재무제표기준영업(잠정)실적(공정공시)              (+3) | [기재정정]주요사항보고서(회사합병결정)(+3) | 주요사항보고서(회사합병결정)(+3),,2026-05-28: 기업지배구조보고서공시               | 2026-05-21: 임원ㆍ주요주주특정증권등소유상황보고서 | 2026-05-14: 분기보고서 (2026.03) | 2026-05-11: 연결재무제표기준영업(잠정)실적(공정공시)               | 2026-05-11: [기재정정]주요사항보고서(회사합병결정),7
휴온스글로벌,084110,9,OK,,[기재정정]주요사항보고서(회사합병결정)(자회사의 주요경영사항)              (+3) | [기재정정]주요사항보고서(회사합병결정)(자회사의 주요경영사항)              (+3) | 주요사항보고서(회사합병결정)(자회사의 주요경영사항)              (+3),,2026-05-28: 주주총회소집결의              (임시주주총회) | 2026-05-28: [기재정정]주요사항보고서(회사합병결정)(자회사의 주요경영사항)               | 2026-05-28: 기업설명회(IR)개최               | 2026-05-28: 주주명부폐쇄기간또는기준일설정               | 2026-05-27: [기재정정]주요사항보고서(회사합병결정)(자회사의 주요경영사항)              ,14
CJ ENM,035760,9,OK,,연결재무제표기준영업(잠정)실적(공정공시)              (+3) | [기재정정]회사합병결정(종속회사의주요경영사항)              (+3) | [기재정정]회사합병결정(종속회사의주요경영사항)              (+3),,2026-06-01: 대규모기업집단현황공시[연1회공시및1/4분기용(개별회사)] | 2026-05-15: 분기보고서 (2026.03) | 2026-05-07: 특수관계인에대한출자 | 2026-05-07: 기업설명회(IR)개최               | 2026-05-07: 기업설명회(IR)개최              ,8
컴투스,078340,9,OK,,[기재정정]회사합병결정(종속회사의주요경영사항)              (+3) | 영업(잠정)실적(공정공시)              (+3) | 연결재무제표기준영업(잠정)실적(공정공시)              (+3),,2026-05-20: 임원ㆍ주요주주특정증권등소유상황보고서 | 2026-05-15: 분기보고서 (2026.03) | 2026-05-14: [기재정정]회사합병결정(종속회사의주요경영사항)               | 2026-05-13: 영업(잠정)실적(공정공시)               | 2026-05-13: 연결재무제표기준영업(잠정)실적(공정공시)              ,7
지엘팜텍,204840,9,OK,,[첨부정정]주요사항보고서(회사합병결정)(+3) | [첨부정정]주요사항보고서(회사합병결정)(+3) | 주요사항보고서(회사합병결정)(+3),,2026-06-01: [첨부정정]주요사항보고서(회사합병결정) | 2026-05-28: [첨부정정]주요사항보고서(회사합병결정) | 2026-05-28: 주주명부폐쇄기간또는기준일설정               | 2026-05-28: 주요사항보고서(회사합병결정) | 2026-05-19: 주주명부폐쇄기간또는기준일설정              ,8
한국정보공학,039740,10,OK,,단일판매ㆍ공급계약체결              (+5) | 단일판매ㆍ공급계약체결              (+5),,2026-05-26: 단일판매ㆍ공급계약체결               | 2026-05-26: 단일판매ㆍ공급계약체결               | 2026-05-15: 분기보고서 (2026.03),3
에프엔에스테크,083500,10,OK,,주식소각결정              (+5) | 단일판매ㆍ공급계약체결(자율공시)              (+5),,2026-06-02: 주식등의대량보유상황보고서(일반) | 2026-05-19: 주식소각결정               | 2026-05-18: 주식등의대량보유상황보고서(약식) | 2026-05-13: 분기보고서 (2026.03) | 2026-05-07: 단일판매ㆍ공급계약체결(자율공시)              ,5
대신정보통신,020180,10,OK,,[기재정정]단일판매ㆍ공급계약체결              (+5) | [기재정정]단일판매ㆍ공급계약체결              (+5),,2026-05-29: 주주총회소집결의               | 2026-05-29: 매출액또는손익구조30%(대규모법인은15%)이상변동               | 2026-05-29: 주식병합결정               | 2026-05-26: 임원ㆍ주요주주특정증권등소유상황보고서 | 2026-05-26: 임원ㆍ주요주주특정증권등소유상황보고서,11
쎄트렉아이,099320,10,OK,,[기재정정]단일판매ㆍ공급계약체결              (+5) | [기재정정]단일판매ㆍ공급계약체결              (+5),,2026-05-21: [기재정정]단일판매ㆍ공급계약체결               | 2026-05-14: [기재정정]단일판매ㆍ공급계약체결               | 2026-05-13: 분기보고서 (2026.03) | 2026-05-11: 임원ㆍ주요주주특정증권등소유상황보고서,4
예스티,122640,10,OK,,단일판매ㆍ공급계약체결              (+5) | 단일판매ㆍ공급계약체결(자율공시)              (+5),,2026-06-01: 단일판매ㆍ공급계약체결               | 2026-05-26: 단일판매ㆍ공급계약체결(자율공시)               | 2026-05-14: 분기보고서 (2026.03),3
탑머티리얼,360070,10,OK,,[기재정정]단일판매ㆍ공급계약체결              (+5) | 단일판매ㆍ공급계약체결              (+5),,2026-05-29: [기재정정]단일판매ㆍ공급계약체결               | 2026-05-15: 단일판매ㆍ공급계약체결               | 2026-05-15: 분기보고서 (2026.03) | 2026-05-12: 임원ㆍ주요주주특정증권등소유상황보고서,4
진흥기업,002780,10,OK,,단일판매ㆍ공급계약체결              (+5) | 단일판매ㆍ공급계약체결              (+5),,2026-06-01: 대규모기업집단현황공시[연1회공시및1/4분기용(개별회사)] | 2026-06-01: 기업지배구조보고서공시               | 2026-05-18: 단일판매ㆍ공급계약체결               | 2026-05-14: 분기보고서 (2026.03) | 2026-05-06: 단일판매ㆍ공급계약체결              ,5
LS마린솔루션,060370,10,OK,,[기재정정]단일판매ㆍ공급계약체결              (+5) | [기재정정]단일판매ㆍ공급계약체결              (+5),,2026-06-01: 대규모기업집단현황공시[연1회공시및1/4분기용(개별회사)] | 2026-05-19: [기재정정]단일판매ㆍ공급계약체결               | 2026-05-15: [기재정정]분기보고서 (2026.03) | 2026-05-15: 분기보고서 (2026.03) | 2026-05-11: [기재정정]단일판매ㆍ공급계약체결              ,5
삼호개발,010960,10,OK,,[기재정정]단일판매ㆍ공급계약체결              (+5) | [기재정정]단일판매ㆍ공급계약체결              (+5),,2026-06-01: 기업지배구조보고서공시               | 2026-05-28: [기재정정]단일판매ㆍ공급계약체결               | 2026-05-15: 분기보고서 (2026.03) | 2026-05-06: [기재정정]단일판매ㆍ공급계약체결              ,4
휴니드테크놀러지스,005870,10,OK,,단일판매ㆍ공급계약체결              (+5) | 단일판매ㆍ공급계약체결              (+5),,2026-05-29: 기업지배구조보고서공시               | 2026-05-29: 단일판매ㆍ공급계약체결               | 2026-05-19: 단일판매ㆍ공급계약체결               | 2026-05-15: 주주명부폐쇄기간또는기준일설정               | 2026-05-15: 주주총회소집결의              ,6
대우건설,047040,10,OK,,단일판매ㆍ공급계약체결              (+5) | 단일판매ㆍ공급계약체결              (+5),,2026-06-02: 풍문또는보도에대한해명(미확정)               | 2026-05-29: 기업지배구조보고서공시               | 2026-05-29: 대규모기업집단현황공시[연1회공시및1/4분기용(개별회사)] | 2026-05-29: 단일판매ㆍ공급계약체결               | 2026-05-22: 단일판매ㆍ공급계약체결              ,10
에스켐,475660,10,OK,,[기재정정]주요사항보고서(자기주식취득결정)(+5) | 주요사항보고서(자기주식취득결정)(+5),,2026-05-29: [기재정정]주요사항보고서(자기주식취득결정) | 2026-05-29: 주요사항보고서(자기주식취득결정) | 2026-05-28: 임원ㆍ주요주주특정증권등소유상황보고서 | 2026-05-14: 분기보고서 (2026.03) | 2026-05-14: 임원ㆍ주요주주특정증권등소유상황보고서,5
까뮤이앤씨,013700,10,OK,,[기재정정]단일판매ㆍ공급계약체결              (+5) | [기재정정]단일판매ㆍ공급계약체결              (+5),,2026-05-29: 기업지배구조보고서공시               | 2026-05-28: [기재정정]단일판매ㆍ공급계약체결               | 2026-05-15: 최대주주등소유주식변동신고서               | 2026-05-15: 주식등의대량보유상황보고서(일반) | 2026-05-15: 임원ㆍ주요주주특정증권등소유상황보고서,7
한성크린텍,066980,10,🚨 YES,주요사항보고서(전환사채권발행결정),[기재정정]단일판매ㆍ공급계약체결(자율공시)              (+5) | [기재정정]단일판매ㆍ공급계약체결(자율공시)              (+5) | 단일판매ㆍ공급계약체결(자율공시)              (+5) | 단일판매ㆍ공급계약체결(자율공시)              (+5) | [기재정정]단일판매ㆍ공급계약체결(자율공시)              (+5),주요사항보고서(전환사채권발행결정)(-15),2026-06-02: [기재정정]단일판매ㆍ공급계약체결(자율공시)               | 2026-05-29: 주요사항보고서(전환사채권발행결정) | 2026-05-27: [기재정정]단일판매ㆍ공급계약체결(자율공시)               | 2026-05-18: 단일판매ㆍ공급계약체결(자율공시)               | 2026-05-18: 단일판매ㆍ공급계약체결(자율공시)              ,7
미원홀딩스,107590,10,OK,,[기재정정]주요사항보고서(자기주식취득결정)(자회사의 주요경영사항)              (+5) | 주요사항보고서(자기주식취득결정)(자회사의 주요경영사항)              (+5),,2026-06-01: 기업지배구조보고서공시               | 2026-05-29: 최대주주등소유주식변동신고서               | 2026-05-21: 최대주주등소유주식변동신고서               | 2026-05-18: 최대주주등소유주식변동신고서               | 2026-05-18: 임원ㆍ주요주주특정증권등소유상황보고서,9
메타바이오메드,059210,10,OK,,[기재정정]주요사항보고서(자기주식취득결정)(+5) | 주요사항보고서(자기주식취득결정)(+5),,2026-05-22: 임원ㆍ주요주주특정증권등소유상황보고서 | 2026-05-15: [기재정정]분기보고서 (2026.03) | 2026-05-15: 분기보고서 (2026.03) | 2026-05-14: [기재정정]주요사항보고서(자기주식취득결정) | 2026-05-14: 주요사항보고서(자기주식취득결정),6
위세아이텍,065370,10,OK,,[기재정정]단일판매ㆍ공급계약체결              (+5) | 단일판매ㆍ공급계약체결              (+5),,2026-05-29: 임원ㆍ주요주주특정증권등소유상황보고서 | 2026-05-15: 분기보고서 (2026.03) | 2026-05-13: 주식등의대량보유상황보고서(일반) | 2026-05-08: [기재정정]단일판매ㆍ공급계약체결               | 2026-05-04: 단일판매ㆍ공급계약체결              ,5
나우로보틱스,459510,10,OK,,단일판매ㆍ공급계약체결(자율공시)              (+5) | [기재정정]단일판매ㆍ공급계약체결              (+5),,2026-06-01: 분기보고서 (2026.03) | 2026-05-29: [기재정정]주식매수선택권부여에관한신고 | 2026-05-29: 기타경영사항(자율공시)              (소규모합병 승인 이사회 결의(주주총회 갈음) 결과보고) | 2026-05-21: 주식등의대량보유상황보고서(일반) | 2026-05-21: 임원ㆍ주요주주특정증권등소유상황보고서,9
키움증권,039490,10,OK,,주식소각결정              (+5) | 주요사항보고서(자기주식취득결정)(+5),,2026-06-02: 투자설명서(일괄신고) | 2026-06-02: 일괄신고추가서류(파생결합사채-주가연계파생결합사채) | 2026-06-02: 투자설명서(일괄신고) | 2026-06-02: 투자설명서(일괄신고) | 2026-06-02: 투자설명서(일괄신고),100
에코아이,448280,10,OK,,단일판매ㆍ공급계약체결              (+5) | 단일판매ㆍ공급계약체결              (+5),,2026-05-27: 단일판매ㆍ공급계약체결               | 2026-05-14: 분기보고서 (2026.03) | 2026-05-06: 단일판매ㆍ공급계약체결              ,3
하나기술,299030,10,OK,,[기재정정]단일판매ㆍ공급계약체결              (+5) | [기재정정]단일판매ㆍ공급계약체결              (+5),,2026-05-15: 분기보고서 (2026.03) | 2026-05-12: [기재정정]단일판매ㆍ공급계약체결               | 2026-05-12: [기재정정]단일판매ㆍ공급계약체결               | 2026-05-07: 주식등의대량보유상황보고서(일반) | 2026-05-04: 단일판매ㆍ공급계약해지              ,5
도화엔지니어링,002150,10,OK,,[기재정정]단일판매ㆍ공급계약체결              (+5) | [기재정정]단일판매ㆍ공급계약체결              (+5),,2026-05-29: [기재정정]타인에대한채무보증결정               | 2026-05-29: [기재정정]단일판매ㆍ공급계약체결               | 2026-05-28: 기업지배구조보고서공시               | 2026-05-26: 최대주주등소유주식변동신고서               | 2026-05-26: 임원ㆍ주요주주특정증권등소유상황보고서,9
태성,323280,10,OK,,단일판매ㆍ공급계약체결              (+5) | 단일판매ㆍ공급계약체결              (+5),,2026-06-02: 단일판매ㆍ공급계약체결               | 2026-05-19: 단일판매ㆍ공급계약체결               | 2026-05-15: 분기보고서 (2026.03),3
힘스,238490,10,OK,,[기재정정]단일판매ㆍ공급계약체결              (+5) | 단일판매ㆍ공급계약체결(자율공시)              (+5),,2026-05-19: [기재정정]단일판매ㆍ공급계약체결               | 2026-05-18: 단일판매ㆍ공급계약체결(자율공시)               | 2026-05-14: 분기보고서 (2026.03),3
유니크,011320,10,OK,,[기재정정]주요사항보고서(자기주식취득결정)(+5) | 주요사항보고서(자기주식취득결정)(+5),,2026-05-29: 임원ㆍ주요주주특정증권등소유상황보고서 | 2026-05-22: 주주명부폐쇄기간또는기준일설정               | 2026-05-22: 임원ㆍ주요주주특정증권등소유상황보고서 | 2026-05-22: 임원ㆍ주요주주특정증권등소유상황보고서 | 2026-05-15: 분기보고서 (2026.03),13
파미셀,005690,10,OK,,단일판매ㆍ공급계약체결              (+5) | 단일판매ㆍ공급계약체결              (+5),,2026-06-01: 기업지배구조보고서공시               | 2026-05-27: 단일판매ㆍ공급계약체결               | 2026-05-12: 분기보고서 (2026.03) | 2026-05-12: [기재정정]주식매수선택권부여에관한신고 | 2026-05-08: 단일판매ㆍ공급계약체결              ,5
세보엠이씨,011560,10,OK,,단일판매ㆍ공급계약체결(자율공시)              (+5) | [기재정정]단일판매ㆍ공급계약체결(자율공시)              (+5),,2026-05-15: 분기보고서 (2026.03) | 2026-05-14: 단일판매ㆍ공급계약체결(자율공시)               | 2026-05-07: [기재정정]단일판매ㆍ공급계약체결(자율공시)              ,3
삼성E&A,028050,10,OK,,단일판매ㆍ공급계약체결(자율공시)              (+5) | [기재정정]단일판매ㆍ공급계약체결              (+5),,2026-06-01: 최대주주등소유주식변동신고서               | 2026-06-01: 단일판매ㆍ공급계약체결(자율공시)               | 2026-06-01: 기업지배구조보고서공시               | 2026-06-01: 대규모기업집단현황공시[연1회공시및1/4분기용(개별회사)] | 2026-05-26: [기재정정]투자판단관련주요경영사항              ,13
윤성에프앤씨,372170,10,OK,,[기재정정]단일판매ㆍ공급계약체결              (+5) | 단일판매ㆍ공급계약체결              (+5),,2026-05-15: 분기보고서 (2026.03) | 2026-05-15: [기재정정]단일판매ㆍ공급계약체결               | 2026-05-13: 단일판매ㆍ공급계약체결              ,3
동남합성,023450,10,OK,,[기재정정]주요사항보고서(자기주식취득결정)(+5) | 주요사항보고서(자기주식취득결정)(+5),,2026-06-01: 기업지배구조보고서공시               | 2026-05-22: 최대주주등소유주식변동신고서               | 2026-05-15: 분기보고서 (2026.03) | 2026-05-08: 최대주주등소유주식변동신고서               | 2026-05-04: [기재정정]주요사항보고서(자기주식취득결정),6
에스비비테크,389500,10,OK,,[기재정정]단일판매ㆍ공급계약체결              (+5) | 단일판매ㆍ공급계약체결              (+5),,2026-05-29: [기재정정]단일판매ㆍ공급계약체결               | 2026-05-19: 단일판매ㆍ공급계약체결               | 2026-05-14: 분기보고서 (2026.03),3
강원에너지,114190,10,OK,,[기재정정]단일판매ㆍ공급계약체결              (+5) | [기재정정]단일판매ㆍ공급계약체결              (+5),,2026-05-29: [기재정정]단일판매ㆍ공급계약체결               | 2026-05-29: [기재정정]단일판매ㆍ공급계약체결               | 2026-05-21: 주식등의대량보유상황보고서(일반) | 2026-05-15: 분기보고서 (2026.03),4
씨메스로보틱스,475400,10,OK,,단일판매ㆍ공급계약체결              (+5) | 단일판매ㆍ공급계약체결              (+5),,2026-05-14: 분기보고서 (2026.03) | 2026-05-11: 단일판매ㆍ공급계약체결               | 2026-05-07: 단일판매ㆍ공급계약체결              ,3
레이저쎌,412350,10,OK,,[기재정정]단일판매ㆍ공급계약체결              (+5) | 단일판매ㆍ공급계약체결              (+5),,2026-05-29: [기재정정]단일판매ㆍ공급계약체결               | 2026-05-27: 단일판매ㆍ공급계약체결               | 2026-05-22: 전환청구권행사               | 2026-05-15: 분기보고서 (2026.03) | 2026-05-08: 주식등의대량보유상황보고서(약식),5
한전산업,130660,10,OK,,[기재정정]단일판매ㆍ공급계약체결              (+5) | [기재정정]단일판매ㆍ공급계약체결              (+5),,2026-05-28: 기업지배구조보고서공시               | 2026-05-28: [기재정정]단일판매ㆍ공급계약체결               | 2026-05-28: [기재정정]단일판매ㆍ공급계약체결               | 2026-05-21: 주주명부폐쇄기간또는기준일설정               | 2026-05-21: 주주총회소집결의              ,6
쎄노텍,222420,10,OK,,단일판매ㆍ공급계약체결              (+5) | 단일판매ㆍ공급계약체결              (+5),,2026-05-26: 단일판매ㆍ공급계약체결               | 2026-05-13: 단일판매ㆍ공급계약체결               | 2026-05-08: 분기보고서 (2026.03),3
동신건설,025950,10,OK,,[기재정정]단일판매ㆍ공급계약체결              (+5) | [기재정정]단일판매ㆍ공급계약체결              (+5),,2026-05-15: 분기보고서 (2026.03) | 2026-05-06: [기재정정]단일판매ㆍ공급계약체결               | 2026-05-04: 기업가치제고계획(자율공시)              (2026년 동신건설(주) 기업가치 제고 계획) | 2026-05-04: [기재정정]단일판매ㆍ공급계약체결              ,4
두산에너빌리티,034020,10,OK,,단일판매ㆍ공급계약체결              (+5) | 단일판매ㆍ공급계약체결              (+5),,2026-06-01: 단일판매ㆍ공급계약체결               | 2026-06-01: 기업지배구조보고서공시               | 2026-05-29: 대규모기업집단현황공시[연1회공시및1/4분기용(개별회사)] | 2026-05-27: 주식등의대량보유상황보고서(일반) | 2026-05-22: 기업설명회(IR)개최(안내공시)              ,10
제너셈,217190,10,OK,,[기재정정]단일판매ㆍ공급계약체결(자율공시)              (+5) | [기재정정]단일판매ㆍ공급계약체결(자율공시)              (+5),,2026-05-29: 기업설명회(IR)개최               | 2026-05-29: 의결권대리행사권유참고서류 | 2026-05-29: 주주총회소집공고 | 2026-05-29: [기재정정]주주총회소집결의              (임시주주총회) | 2026-05-14: 분기보고서 (2026.03),11
엑셈,205100,10,OK,,[기재정정]주요사항보고서(자기주식취득결정)(+5) | 주요사항보고서(자기주식취득결정)(+5),,2026-06-02: 주식등의대량보유상황보고서(일반) | 2026-05-29: [기재정정]주요사항보고서(자기주식취득결정) | 2026-05-29: 주요사항보고서(자기주식취득결정) | 2026-05-27: 임원ㆍ주요주주특정증권등소유상황보고서 | 2026-05-14: 분기보고서 (2026.03),5
더즌,462860,11,OK,,연결재무제표기준영업(잠정)실적(공정공시)              (+3) | 영업(잠정)실적(공정공시)              (+3) | 주식소각결정              (+5),,2026-05-18: 자기주식취득결과보고서 | 2026-05-15: 분기보고서 (2026.03) | 2026-05-08: 연결재무제표기준영업(잠정)실적(공정공시)               | 2026-05-08: 영업(잠정)실적(공정공시)               | 2026-05-04: 주식소각결정              ,5
디바이스,187870,11,OK,,단일판매ㆍ공급계약체결              (+5) | [첨부정정]주요사항보고서(회사합병결정)(+3) | 주요사항보고서(회사합병결정)(+3),,2026-06-02: 주식등의대량보유상황보고서(약식) | 2026-05-27: 단일판매ㆍ공급계약체결               | 2026-05-22: 주식등의대량보유상황보고서(일반) | 2026-05-22: 임원ㆍ주요주주특정증권등소유상황보고서 | 2026-05-22: 임원ㆍ주요주주특정증권등소유상황보고서,17
HD현대마린엔진,071970,13,OK,,단일판매ㆍ공급계약체결              (+5) | 단일판매ㆍ공급계약체결              (+5) | 연결재무제표기준영업(잠정)실적(공정공시)              (+3),,2026-05-29: 기업지배구조보고서공시               | 2026-05-29: 대규모기업집단현황공시[연1회공시및1/4분기용(개별회사)] | 2026-05-29: 단일판매ㆍ공급계약체결               | 2026-05-28: 단일판매ㆍ공급계약체결               | 2026-05-19: [기재정정]분기보고서 (2026.03),7
엠씨넥스,097520,13,OK,,[기재정정]주요사항보고서(자기주식취득결정)(+5) | 주요사항보고서(자기주식취득결정)(+5) | 연결재무제표기준영업(잠정)실적(공정공시)              (+3),,2026-06-02: [기재정정]주요사항보고서(자기주식취득결정) | 2026-06-02: 주요사항보고서(자기주식취득결정) | 2026-05-29: 기업지배구조보고서공시               | 2026-05-20: 최대주주등소유주식변동신고서               | 2026-05-20: 주식등의대량보유상황보고서(일반),17
케이피에프,024880,13,OK,,주식소각결정              (+5) | 주요사항보고서(자기주식취득결정)(+5) | 연결재무제표기준영업(잠정)실적(공정공시)              (+3),,2026-05-20: 주식소각결정               | 2026-05-20: 주요사항보고서(자기주식취득결정) | 2026-05-15: 타인에대한채무보증결정               | 2026-05-13: 분기보고서 (2026.03) | 2026-05-06: 연결재무제표기준영업(잠정)실적(공정공시)              ,5
동부건설,005960,15,OK,,[기재정정]단일판매ㆍ공급계약체결              (+5) | 단일판매ㆍ공급계약체결              (+5) | [기재정정]단일판매ㆍ공급계약체결              (+5),,2026-06-02: [기재정정]단일판매ㆍ공급계약체결               | 2026-06-01: 기업지배구조보고서공시               | 2026-05-29: 단일판매ㆍ공급계약체결               | 2026-05-20: 주식등의대량보유상황보고서(일반) | 2026-05-19: [기재정정]단일판매ㆍ공급계약체결              ,7
비에이치아이,083650,15,OK,,단일판매ㆍ공급계약체결              (+5) | [기재정정]단일판매ㆍ공급계약체결              (+5) | 단일판매ㆍ공급계약체결(자율공시)              (+5),,2026-06-01: 단일판매ㆍ공급계약체결               | 2026-05-27: [기재정정]단일판매ㆍ공급계약체결               | 2026-05-26: 단일판매ㆍ공급계약체결(자율공시)               | 2026-05-15: 파생상품거래손실발생               | 2026-05-15: 분기보고서 (2026.03),5
KCC건설,021320,15,OK,,단일판매ㆍ공급계약체결(자율공시)              (+5) | [기재정정]단일판매ㆍ공급계약체결(자율공시)              (+5) | 단일판매ㆍ공급계약체결(자율공시)              (+5),,2026-06-01: 중대재해발생               | 2026-05-29: 단일판매ㆍ공급계약체결(자율공시)               | 2026-05-29: 타인에대한채무보증결정               | 2026-05-29: 대규모기업집단현황공시[연1회공시및1/4분기용(개별회사)] | 2026-05-15: 분기보고서 (2026.03),7
웨이버스,336060,15,OK,,[기재정정]단일판매ㆍ공급계약체결              (+5) | 단일판매ㆍ공급계약체결              (+5) | 단일판매ㆍ공급계약체결(자율공시)              (+5),,2026-06-02: 임원ㆍ주요주주특정증권등소유상황보고서 | 2026-05-27: [기재정정]단일판매ㆍ공급계약체결               | 2026-05-27: 단일판매ㆍ공급계약체결               | 2026-05-26: 주식등의대량보유상황보고서(일반) | 2026-05-22: 단일판매ㆍ공급계약체결(자율공시)              ,11
씨케이솔루션,480370,15,OK,,[기재정정]단일판매ㆍ공급계약체결              (+5) | [기재정정]단일판매ㆍ공급계약체결              (+5) | 단일판매ㆍ공급계약체결              (+5),,2026-06-01: [기재정정]단일판매ㆍ공급계약체결               | 2026-05-28: 기업지배구조보고서공시               | 2026-05-20: [기재정정]단일판매ㆍ공급계약체결               | 2026-05-15: 분기보고서 (2026.03) | 2026-05-06: 단일판매ㆍ공급계약체결              ,5
금호건설,002990,15,OK,,단일판매ㆍ공급계약체결              (+5) | [기재정정]단일판매ㆍ공급계약체결              (+5) | [기재정정]단일판매ㆍ공급계약체결              (+5),,2026-05-29: 기업지배구조보고서공시               | 2026-05-29: 단일판매ㆍ공급계약체결               | 2026-05-22: 투자판단관련주요경영사항               | 2026-05-21: [기재정정]단일판매ㆍ공급계약체결               | 2026-05-18: [기재정정]단일판매ㆍ공급계약체결              ,7
동아지질,028100,15,OK,,[기재정정]단일판매ㆍ공급계약체결              (+5) | [기재정정]단일판매ㆍ공급계약체결              (+5) | [기재정정]단일판매ㆍ공급계약체결              (+5),,2026-05-29: [기재정정]단일판매ㆍ공급계약체결               | 2026-05-29: 기업지배구조보고서공시               | 2026-05-18: [기재정정]단일판매ㆍ공급계약체결               | 2026-05-15: 분기보고서 (2026.03) | 2026-05-08: [기재정정]단일판매ㆍ공급계약체결              ,5
GS건설,006360,15,OK,,[기재정정]단일판매ㆍ공급계약체결              (+5) | 단일판매ㆍ공급계약체결              (+5) | [기재정정]단일판매ㆍ공급계약체결              (+5),,2026-06-01: 투자판단관련주요경영사항               | 2026-06-01: 대규모기업집단현황공시[연1회공시및1/4분기용(개별회사)] | 2026-06-01: 투자판단관련주요경영사항               | 2026-06-01: 투자판단관련주요경영사항               | 2026-06-01: 기업지배구조보고서공시              ,12
남광토건,001260,15,OK,,[기재정정]단일판매ㆍ공급계약체결              (+5) | [기재정정]단일판매ㆍ공급계약체결              (+5) | [기재정정]단일판매ㆍ공급계약체결              (+5),,2026-06-01: 기업지배구조보고서공시               | 2026-05-29: [기재정정]단일판매ㆍ공급계약체결               | 2026-05-20: 타인에대한채무보증결정               | 2026-05-15: 분기보고서 (2026.03) | 2026-05-13: [기재정정]단일판매ㆍ공급계약체결              ,6
비트컴퓨터,032850,15,OK,,[기재정정]주요사항보고서(자기주식취득결정)(+5) | 주요사항보고서(자기주식취득결정)(+5) | 주요사항보고서(자기주식취득결정)(+5),,2026-05-29: [기재정정]주요사항보고서(자기주식취득결정) | 2026-05-29: 주요사항보고서(자기주식취득결정) | 2026-05-29: 자기주식취득결과보고서 | 2026-05-22: 임원ㆍ주요주주특정증권등소유상황보고서 | 2026-05-22: 임원ㆍ주요주주특정증권등소유상황보고서,8
선익시스템,171090,15,OK,,[기재정정]단일판매ㆍ공급계약체결              (+5) | 단일판매ㆍ공급계약체결              (+5) | [기재정정]단일판매ㆍ공급계약체결(자율공시)              (+5),,2026-06-01: [기재정정]단일판매ㆍ공급계약체결               | 2026-05-26: 단일판매ㆍ공급계약체결               | 2026-05-18: 기업설명회(IR)개최               | 2026-05-15: 파생상품거래손실발생               | 2026-05-15: 분기보고서 (2026.03),7
우진아이엔에스,010400,15,OK,,[기재정정]단일판매ㆍ공급계약체결              (+5) | 단일판매ㆍ공급계약체결              (+5) | [기재정정]단일판매ㆍ공급계약체결              (+5),,2026-06-01: [기재정정]단일판매ㆍ공급계약체결               | 2026-05-29: 기업지배구조보고서공시               | 2026-05-27: 주주총회소집공고 | 2026-05-26: 단일판매ㆍ공급계약체결               | 2026-05-22: [기재정정]단일판매ㆍ공급계약체결              ,6
한국종합기술,023350,15,OK,,[기재정정]단일판매ㆍ공급계약체결              (+5) | [기재정정]단일판매ㆍ공급계약체결              (+5) | [기재정정]단일판매ㆍ공급계약체결              (+5),,2026-06-01: 기업지배구조보고서공시               | 2026-05-21: [기재정정]단일판매ㆍ공급계약체결               | 2026-05-19: [기재정정]단일판매ㆍ공급계약체결               | 2026-05-15: 분기보고서 (2026.03) | 2026-05-08: [기재정정]단일판매ㆍ공급계약체결              ,5
NHN,181710,16,OK,,연결재무제표기준영업(잠정)실적(공정공시)              (+3) | 영업(잠정)실적(공정공시)              (+3) | 주식소각결정              (+5) | 주요사항보고서(자기주식취득결정)(+5),,2026-06-01: 기업지배구조보고서공시               | 2026-05-15: 분기보고서 (2026.03) | 2026-05-15: 기업설명회(IR)개최(안내공시)               | 2026-05-15: 기업설명회(IR)개최(안내공시)               | 2026-05-15: 기업설명회(IR)개최(안내공시)              ,11
HD현대,267250,16,OK,,단일판매ㆍ공급계약체결(자회사의 주요경영사항)              (+5) | 연결재무제표기준영업(잠정)실적(공정공시)              (+3) | 연결재무제표기준영업(잠정)실적(공정공시)(자회사의 주요경영사항)              (+3) | 단일판매ㆍ공급계약체결(자회사의 주요경영사항)              (+5),,2026-06-01: 기업지배구조보고서공시               | 2026-06-01: 대규모기업집단현황공시[연1회공시및1/4분기용(개별회사)] | 2026-06-01: 대규모기업집단현황공시[연1회(동일인용)] | 2026-05-21: 단일판매ㆍ공급계약체결(자회사의 주요경영사항)               | 2026-05-15: 분기보고서 (2026.03),11
신성이엔지,011930,18,OK,,주식소각결정              (+5) | [기재정정]주식소각결정              (+5) | 단일판매ㆍ공급계약체결(자율공시)              (+5) | 연결재무제표기준영업(잠정)실적(공정공시)              (+3),,2026-05-28: 기업지배구조보고서공시               | 2026-05-26: 주식등의대량보유상황보고서(약식) | 2026-05-19: 최대주주등소유주식변동신고서               | 2026-05-18: 주식소각결정               | 2026-05-18: [기재정정]주식소각결정              ,11
신원종합개발,017000,20,OK,,[기재정정]단일판매ㆍ공급계약체결(자율공시)              (+5) | [기재정정]단일판매ㆍ공급계약체결              (+5) | [기재정정]단일판매ㆍ공급계약체결              (+5) | [기재정정]단일판매ㆍ공급계약체결              (+5),,2026-06-02: [기재정정]단일판매ㆍ공급계약체결(자율공시)               | 2026-05-29: [기재정정]타인에대한채무보증결정               | 2026-05-15: 분기보고서 (2026.03) | 2026-05-13: [기재정정]단일판매ㆍ공급계약체결               | 2026-05-13: [기재정정]단일판매ㆍ공급계약체결              ,6
코오롱,002020,20,OK,,단일판매ㆍ공급계약체결(자회사의 주요경영사항)              (+5) | [기재정정]단일판매ㆍ공급계약체결(자회사의 주요경영사항)              (+5) | 단일판매ㆍ공급계약체결(자회사의 주요경영사항)              (+5) | [기재정정]단일판매ㆍ공급계약체결(자회사의 주요경영사항)              (+5),,2026-06-01: 기업지배구조보고서공시               | 2026-06-01: 대규모기업집단현황공시[연1회(동일인용)] | 2026-05-29: 대규모기업집단현황공시[연1회공시및1/4분기용(대표회사)] | 2026-05-22: 단일판매ㆍ공급계약체결(자회사의 주요경영사항)               | 2026-05-19: [기재정정]단일판매ㆍ공급계약체결(자회사의 주요경영사항)              ,13
네오셈,253590,20,OK,,단일판매ㆍ공급계약체결              (+5) | 단일판매ㆍ공급계약체결              (+5) | [기재정정]단일판매ㆍ공급계약체결(자율공시)              (+5) | 단일판매ㆍ공급계약체결              (+5),,2026-05-28: 단일판매ㆍ공급계약체결               | 2026-05-27: 단일판매ㆍ공급계약체결               | 2026-05-15: 분기보고서 (2026.03) | 2026-05-08: [기재정정]단일판매ㆍ공급계약체결(자율공시)               | 2026-05-06: 단일판매ㆍ공급계약체결              ,5
빅텍,065450,23,OK,,[기재정정]단일판매ㆍ공급계약체결(자율공시)              (+5) | [기재정정]단일판매ㆍ공급계약체결              (+5) | [기재정정]단일판매ㆍ공급계약체결              (+5) | [기재정정]단일판매ㆍ공급계약체결              (+5) | 연결재무제표기준영업(잠정)실적(공정공시)              (+3),,2026-06-01: [기재정정]단일판매ㆍ공급계약체결(자율공시)               | 2026-06-01: [기재정정]단일판매ㆍ공급계약체결               | 2026-06-01: [기재정정]단일판매ㆍ공급계약체결               | 2026-05-28: 주식등의대량보유상황보고서(약식) | 2026-05-26: [기재정정]단일판매ㆍ공급계약체결              ,8
코오롱글로벌,003070,23,OK,,단일판매ㆍ공급계약체결              (+5) | [기재정정]단일판매ㆍ공급계약체결              (+5) | 단일판매ㆍ공급계약체결              (+5) | 연결재무제표기준영업(잠정)실적(공정공시)              (+3) | [기재정정]단일판매ㆍ공급계약체결              (+5),,2026-06-01: 기업지배구조보고서공시               | 2026-06-01: 대규모기업집단현황공시[연1회공시및1/4분기용(개별회사)] | 2026-05-27: 풍문또는보도에대한해명(미확정)               | 2026-05-22: 단일판매ㆍ공급계약체결               | 2026-05-19: [기재정정]단일판매ㆍ공급계약체결              ,12
한화오션,042660,25,OK,,단일판매ㆍ공급계약체결              (+5) | [기재정정]단일판매ㆍ공급계약체결              (+5) | [기재정정]단일판매ㆍ공급계약체결              (+5) | 단일판매ㆍ공급계약체결              (+5) | 단일판매ㆍ공급계약체결              (+5),,2026-05-29: 기업지배구조보고서공시               | 2026-05-29: 대규모기업집단현황공시[연1회공시및1/4분기용(개별회사)] | 2026-05-29: 단일판매ㆍ공급계약체결               | 2026-05-28: [기재정정]단일판매ㆍ공급계약체결               | 2026-05-18: [기재정정]단일판매ㆍ공급계약체결              ,10
DL이앤씨,375500,25,OK,,단일판매ㆍ공급계약체결              (+5) | 단일판매ㆍ공급계약체결              (+5) | [기재정정]단일판매ㆍ공급계약체결              (+5) | [기재정정]단일판매ㆍ공급계약체결              (+5) | [기재정정]단일판매ㆍ공급계약체결              (+5),,2026-06-01: 기업지배구조보고서공시               | 2026-05-29: 대규모기업집단현황공시[연1회공시및1/4분기용(개별회사)] | 2026-05-29: 투자판단관련주요경영사항               | 2026-05-28: 단일판매ㆍ공급계약체결               | 2026-05-26: 중대재해발생              ,11
계룡건설산업,013580,25,OK,,[기재정정]단일판매ㆍ공급계약체결              (+5) | [기재정정]단일판매ㆍ공급계약체결              (+5) | 단일판매ㆍ공급계약체결              (+5) | [기재정정]단일판매ㆍ공급계약체결              (+5) | 단일판매ㆍ공급계약체결              (+5),,2026-06-01: [기재정정]단일판매ㆍ공급계약체결               | 2026-06-01: [기재정정]단일판매ㆍ공급계약체결               | 2026-05-29: 기업지배구조보고서공시               | 2026-05-29: 타인에대한채무보증결정               | 2026-05-26: 단일판매ㆍ공급계약체결              ,10
HJ중공업,097230,25,OK,,[기재정정]단일판매ㆍ공급계약체결              (+5) | [기재정정]단일판매ㆍ공급계약체결              (+5) | 단일판매ㆍ공급계약체결              (+5) | [기재정정]단일판매ㆍ공급계약체결              (+5) | [기재정정]단일판매ㆍ공급계약체결              (+5),,2026-06-01: [기재정정]단일판매ㆍ공급계약체결               | 2026-05-29: [기재정정]단일판매ㆍ공급계약체결               | 2026-05-29: 기업지배구조보고서공시               | 2026-05-20: 단일판매ㆍ공급계약체결               | 2026-05-18: [기재정정]단일판매ㆍ공급계약체결              ,7
DL,000210,28,OK,,단일판매ㆍ공급계약체결(자회사의 주요경영사항)              (+5) | 단일판매ㆍ공급계약체결(자회사의 주요경영사항)              (+5) | [기재정정]단일판매ㆍ공급계약체결(자회사의 주요경영사항)              (+5) | [기재정정]단일판매ㆍ공급계약체결(자회사의 주요경영사항)              (+5) | [기재정정]단일판매ㆍ공급계약체결(자회사의 주요경영사항)              (+5),,2026-05-29: 투자판단관련주요경영사항(자회사의 주요경영사항)               | 2026-05-29: 기업지배구조보고서공시               | 2026-05-29: 대규모기업집단현황공시[연1회(동일인용)] | 2026-05-29: 대규모기업집단현황공시[연1회공시및1/4분기용(대표회사)] | 2026-05-28: 단일판매ㆍ공급계약체결(자회사의 주요경영사항)              ,12
미래산업,025560,28,OK,,단일판매ㆍ공급계약체결              (+5) | 단일판매ㆍ공급계약체결              (+5) | 단일판매ㆍ공급계약체결              (+5) | 단일판매ㆍ공급계약체결              (+5) | 단일판매ㆍ공급계약체결              (+5),,2026-06-01: 단일판매ㆍ공급계약체결               | 2026-05-29: 기업지배구조보고서공시               | 2026-05-27: 단일판매ㆍ공급계약체결               | 2026-05-27: [기재정정]임원ㆍ주요주주특정증권등소유상황보고서 | 2026-05-26: 임원ㆍ주요주주특정증권등소유상황보고서,12
파두,440110,30,OK,,[기재정정]단일판매ㆍ공급계약체결              (+5) | [기재정정]단일판매ㆍ공급계약체결              (+5) | 단일판매ㆍ공급계약체결              (+5) | 단일판매ㆍ공급계약체결              (+5) | 단일판매ㆍ공급계약체결              (+5),,2026-06-02: 임원ㆍ주요주주특정증권등소유상황보고서 | 2026-05-29: [기재정정]단일판매ㆍ공급계약체결               | 2026-05-29: [기재정정]단일판매ㆍ공급계약체결               | 2026-05-29: 임원ㆍ주요주주특정증권등소유상황보고서 | 2026-05-29: 단일판매ㆍ공급계약체결              ,12
HD현대중공업,329180,34,OK,,단일판매ㆍ공급계약체결              (+5) | 영업(잠정)실적(공정공시)              (+3) | 단일판매ㆍ공급계약체결              (+5) | 단일판매ㆍ공급계약체결(자율공시)              (+5) | 단일판매ㆍ공급계약체결              (+5),,2026-06-01: 기업지배구조보고서공시               | 2026-06-01: 단일판매ㆍ공급계약체결               | 2026-05-29: 대규모기업집단현황공시[연1회공시및1/4분기용(개별회사)] | 2026-05-22: 풍문또는보도에대한해명(미확정)               | 2026-05-20: 영업(잠정)실적(공정공시)              ,13
삼성중공업,010140,35,OK,,단일판매ㆍ공급계약체결              (+5) | 단일판매ㆍ공급계약체결              (+5) | 단일판매ㆍ공급계약체결              (+5) | 단일판매ㆍ공급계약체결              (+5) | 단일판매ㆍ공급계약체결              (+5),,2026-06-02: 최대주주등소유주식변동신고서               | 2026-06-02: 단일판매ㆍ공급계약체결               | 2026-06-01: 기업지배구조보고서공시               | 2026-06-01: 대규모기업집단현황공시[연1회공시및1/4분기용(개별회사)] | 2026-05-27: 단일판매ㆍ공급계약체결              ,14
우원개발,046940,35,OK,,[기재정정]단일판매ㆍ공급계약체결              (+5) | [기재정정]단일판매ㆍ공급계약체결              (+5) | [기재정정]단일판매ㆍ공급계약체결              (+5) | [기재정정]단일판매ㆍ공급계약체결              (+5) | [기재정정]단일판매ㆍ공급계약체결              (+5),,2026-05-29: [기재정정]단일판매ㆍ공급계약체결               | 2026-05-27: [기재정정]단일판매ㆍ공급계약체결               | 2026-05-27: [기재정정]단일판매ㆍ공급계약체결               | 2026-05-27: [기재정정]단일판매ㆍ공급계약체결               | 2026-05-21: [기재정정]단일판매ㆍ공급계약체결              ,9
스피어,347700,35,🚨 YES,유상증자결정(종속회사의주요경영사항)              ,[기재정정]단일판매ㆍ공급계약체결              (+5) | [기재정정]단일판매ㆍ공급계약체결              (+5) | [기재정정]단일판매ㆍ공급계약체결              (+5) | [기재정정]단일판매ㆍ공급계약체결              (+5) | [기재정정]단일판매ㆍ공급계약체결              (+5),유상증자결정(종속회사의주요경영사항)              (-15),2026-06-01: [기재정정]단일판매ㆍ공급계약체결               | 2026-06-01: [기재정정]단일판매ㆍ공급계약체결               | 2026-06-01: [기재정정]단일판매ㆍ공급계약체결               | 2026-05-26: [기재정정]단일판매ㆍ공급계약체결               | 2026-05-22: 전환청구권행사              ,20
HD한국조선해양,009540,45,OK,,단일판매ㆍ공급계약체결(자회사의 주요경영사항)              (+5) | 단일판매ㆍ공급계약체결(자회사의 주요경영사항)              (+5) | 영업(잠정)실적(공정공시)              (+3) | 영업(잠정)실적(공정공시)(자회사의 주요경영사항)              (+3) | 단일판매ㆍ공급계약체결(자회사의 주요경영사항)              (+5),,2026-06-01: [기재정정]대규모기업집단현황공시[연1회공시및1/4분기용(대표회사)] | 2026-06-01: 기업지배구조보고서공시               | 2026-06-01: 단일판매ㆍ공급계약체결(자회사의 주요경영사항)               | 2026-05-29: 대규모기업집단현황공시[연1회공시및1/4분기용(대표회사)] | 2026-05-21: 단일판매ㆍ공급계약체결(자회사의 주요경영사항)              ,16
