종목명,종목코드,DART점수,Tier1발동,Tier1,호재내역,악재내역,최근공시,공시건수
한국유니온제약,080720,-240,🚨 YES,[기재정정]주요사항보고서(유상증자결정) | [기재정정]주요사항보고서(감자결정) | [기재정정]주요사항보고서(유상증자결정),,[기재정정]주요사항보고서(유상증자결정)(-15) | [기재정정]주요사항보고서(감자결정)(-20) | [기재정정]주요사항보고서(유상증자결정)(-15) | [기재정정]주요사항보고서(감자결정)(-20) | [기재정정]주요사항보고서(유상증자결정)(-15),2026-08-11: [기재정정]주요사항보고서(유상증자결정) | 2026-08-11: [기재정정]주요사항보고서(감자결정) | 2026-08-11: [기재정정]주요사항보고서(유상증자결정) | 2026-08-04: [기재정정]주요사항보고서(감자결정) | 2026-07-29: [기재정정]주요사항보고서(유상증자결정),20
블루산업개발,006740,-150,🚨 YES,[기재정정]주요사항보고서(전환사채권발행결정) | [기재정정]주요사항보고서(유상증자결정) | [기재정정]주요사항보고서(유상증자결정),,[기재정정]주요사항보고서(전환사채권발행결정)(-15) | [기재정정]주요사항보고서(유상증자결정)(-15) | [기재정정]주요사항보고서(유상증자결정)(-15) | [기재정정]주요사항보고서(유상증자결정)(-15) | [기재정정]주요사항보고서(유상증자결정)(-15),2026-08-10: 최대주주등소유주식변동신고서               | 2026-08-10: 유상증자또는주식관련사채등의발행결과(자율공시)               | 2026-08-07: [기재정정]주식매수선택권부여에관한신고 | 2026-08-07: [기재정정]주요사항보고서(전환사채권발행결정) | 2026-08-07: [기재정정]주요사항보고서(유상증자결정),18
알엔티엑스,123010,-135,🚨 YES,[기재정정]주요사항보고서(전환사채권발행결정) | [기재정정]주요사항보고서(유상증자결정) | 주권매매거래정지해제              (액면병합 주권 변경상장),,[기재정정]주요사항보고서(전환사채권발행결정)(-15) | [기재정정]주요사항보고서(유상증자결정)(-15) | 주권매매거래정지해제              (액면병합 주권 변경상장)(-30) | [기재정정]주요사항보고서(유상증자결정)(-15) | [기재정정]주요사항보고서(유상증자결정)(-15),2026-08-11: [기재정정]주요사항보고서(전환사채권발행결정) | 2026-08-07: [기재정정]주식매수선택권부여에관한신고 | 2026-08-03: [기재정정]주식매수선택권부여에관한신고 | 2026-08-03: 임시주주총회결과               | 2026-08-03: 상호변경안내              ,25
CSA 코스믹,083660,-135,🚨 YES,"[기재정정]주요사항보고서(유상증자결정) | [기재정정]주요사항보고서(유상증자결정) | 주권매매거래정지              (주식의 병합, 분할 등 전자등록 변경, 말소)",,"[기재정정]주요사항보고서(유상증자결정)(-15) | [기재정정]주요사항보고서(유상증자결정)(-15) | 주권매매거래정지              (주식의 병합, 분할 등 전자등록 변경, 말소)(-30) | 주권매매거래정지해제              (감자 주권 변경상장)(-30) | [기재정정]주요사항보고서(전환사채권발행결정)(-15)","2026-08-11: [기재정정]주요사항보고서(유상증자결정) | 2026-08-11: [기재정정]주요사항보고서(유상증자결정) | 2026-08-06: 주권매매거래정지              (주식의 병합, 분할 등 전자등록 변경, 말소) | 2026-07-30: 주권매매거래정지해제              (감자 주권 변경상장) | 2026-07-20: 감자완료              ",9
에스아이리소스,065420,-135,🚨 YES,"주권매매거래정지              (주식의 병합, 분할 등 전자등록 변경, 말소) | [기재정정]주요사항보고서(유상증자결정) | [기재정정]주요사항보고서(유상증자결정)",[기재정정]단일판매ㆍ공급계약체결              (+5),"주권매매거래정지              (주식의 병합, 분할 등 전자등록 변경, 말소)(-30) | [기재정정]주요사항보고서(유상증자결정)(-15) | [기재정정]주요사항보고서(유상증자결정)(-15) | 투자판단관련주요경영사항              (대표이사 및 사내이사에 대한 횡령·배임 고소 접수)(-25) | 투자판단관련주요경영사항              (대표이사 및 사내이사에 대한 횡령·배임 고소 접수)(-25)",2026-08-11: 주요사항보고서(소송등의제기) | 2026-08-10: 소송등의제기ㆍ신청(일정금액이상의청구)               | 2026-08-10: [기재정정]주식병합결정              (주식병합결정(정정)) | 2026-08-07: [기재정정]불성실공시법인지정예고              (공시불이행 5건) | 2026-08-07: [기재정정]주주총회소집결의              (임시주주총회),19
모아라이프플러스,142760,-130,🚨 YES,"기타시장안내(관리종목지정우려종목)              (시가총액 200억원 미달) | 기타시장안내(관리종목지정우려종목)              (주가 1,000원 미달) | 주권매매거래정지              (주식의 병합, 분할 등 전자등록 변경, 말소)",,"[기재정정]최대주주변경을수반하는주식담보제공계약체결              (-5) | [기재정정]최대주주변경을수반하는주식담보제공계약체결              (-5) | 기타시장안내(관리종목지정우려종목)              (시가총액 200억원 미달)(-30) | 기타시장안내(관리종목지정우려종목)              (주가 1,000원 미달)(-30) | 주권매매거래정지              (주식의 병합, 분할 등 전자등록 변경, 말소)(-30)",2026-08-12: 주주명부폐쇄기간또는기준일설정               | 2026-08-12: 주주총회소집결의              (임시주주총회) | 2026-08-07: [기재정정]최대주주변경을수반하는주식담보제공계약체결               | 2026-08-07: [기재정정]최대주주변경을수반하는주식담보제공계약체결               | 2026-08-07: 주식등의대량보유상황보고서(일반),15
덕신이피씨,090410,-120,🚨 YES,"기타시장안내(관리종목지정우려종목)              (주가 1,000원 미달) | 주권매매거래정지              (주식의 병합, 분할 등 전자등록 변경, 말소) | [기재정정]주권매매거래정지              ",,"기타시장안내(관리종목지정우려종목)              (주가 1,000원 미달)(-30) | 주권매매거래정지              (주식의 병합, 분할 등 전자등록 변경, 말소)(-30) | [기재정정]주권매매거래정지              (-30) | 주권매매거래정지              (주식의 병합, 분할 등 전자등록 변경, 말소)(-30)","2026-08-07: 기타시장안내(관리종목지정우려종목)              (주가 1,000원 미달) | 2026-08-07: 주권매매거래정지              (주식의 병합, 분할 등 전자등록 변경, 말소) | 2026-07-28: 임시주주총회결과               | 2026-07-27: [기재정정]주권매매거래정지               | 2026-07-27: [기재정정]주주총회소집공고",7
다보링크,340360,-120,🚨 YES,"기타시장안내(관리종목지정우려종목)              (주가 1,000원 미달) | [기재정정]주요사항보고서(유상증자결정) | [기재정정]주요사항보고서(전환사채권발행결정)",단일판매ㆍ공급계약체결              (+5),"기타시장안내(관리종목지정우려종목)              (주가 1,000원 미달)(-30) | [기재정정]주요사항보고서(유상증자결정)(-15) | [기재정정]주요사항보고서(전환사채권발행결정)(-15) | [기재정정]최대주주변경을수반하는주식양수도계약체결              (-5) | [기재정정]주요사항보고서(유상증자결정)(-15)","2026-08-10: 단일판매ㆍ공급계약체결               | 2026-08-06: 기타시장안내(관리종목지정우려종목)              (주가 1,000원 미달) | 2026-08-05: 임원ㆍ주요주주특정증권등소유상황보고서 | 2026-08-05: 주식등의대량보유상황보고서(일반) | 2026-08-05: [기재정정]주주총회소집결의              (임시주주총회)",21
에이전트AI,060900,-95,🚨 YES,기타시장안내(관리종목지정우려종목)              (시가총액 200억원 미달) | [기재정정]주요사항보고서(유상증자결정) | 주요사항보고서(유상증자결정),,최대주주변경              (-5) | 기타시장안내(관리종목지정우려종목)              (시가총액 200억원 미달)(-30) | [기재정정]주요사항보고서(유상증자결정)(-15) | 주요사항보고서(유상증자결정)(-15) | [기재정정]주요사항보고서(유상증자결정)(-15),2026-08-12: 기타시장안내(최대주주의의무보유관련)               | 2026-08-12: 최대주주변경               | 2026-08-12: 증권발행결과(자율공시)               | 2026-08-12: 주요사항보고서(자기전환사채만기전취득결정) | 2026-08-11: 주요사항보고서(자기전환사채만기전취득결정),18
이렘,009730,-95,🚨 YES,[기재정정]주요사항보고서(유상증자결정) | 주요사항보고서(전환사채권발행결정) | [기재정정]주요사항보고서(유상증자결정),,[기재정정]주요사항보고서(유상증자결정)(-15) | 주요사항보고서(전환사채권발행결정)(-15) | [기재정정]주요사항보고서(유상증자결정)(-15) | 주권매매거래정지해제              (감자 주권 변경상장)(-30) | [기재정정]주요사항보고서(감자결정)(-20),2026-08-11: [기재정정]주요사항보고서(유상증자결정) | 2026-08-07: 타법인주식및출자증권취득결정(자율공시)               | 2026-08-07: 주요사항보고서(전환사채권발행결정) | 2026-07-22: [기재정정]주요사항보고서(유상증자결정) | 2026-07-21: 정정신고서제출요구( 2026.07.09. 제출 증권신고서(지분증권) ),8
우리엔터프라이즈,037400,-90,🚨 YES,"주권매매거래정지              (주식의 병합, 분할 등 전자등록 변경, 말소) | 기타시장안내(관리종목지정우려종목)              (시가총액 200억원 미달) | 기타시장안내(관리종목지정우려종목)              (주가 1,000원 미달)",,"주권매매거래정지              (주식의 병합, 분할 등 전자등록 변경, 말소)(-30) | 기타시장안내(관리종목지정우려종목)              (시가총액 200억원 미달)(-30) | 기타시장안내(관리종목지정우려종목)              (주가 1,000원 미달)(-30)","2026-08-11: 주권매매거래정지              (주식의 병합, 분할 등 전자등록 변경, 말소) | 2026-08-05: 기타시장안내(관리종목지정우려종목)              (시가총액 200억원 미달) | 2026-08-05: 기타시장안내(관리종목지정우려종목)              (주가 1,000원 미달) | 2026-07-15: 임시주주총회결과              ",4
더코디,224060,-90,🚨 YES,[기재정정]주요사항보고서(유상증자결정) | [기재정정]주요사항보고서(유상증자결정) | [기재정정]주요사항보고서(전환사채권발행결정),,[기재정정]주요사항보고서(유상증자결정)(-15) | [기재정정]주요사항보고서(유상증자결정)(-15) | [기재정정]주요사항보고서(전환사채권발행결정)(-15) | [기재정정]주요사항보고서(유상증자결정)(-15) | [기재정정]주요사항보고서(유상증자결정)(-15),2026-08-12: [기재정정]주주총회소집결의              (임시주주총회) | 2026-08-06: [기재정정]주요사항보고서(자기전환사채매도결정) | 2026-07-27: [기재정정]주요사항보고서(유상증자결정) | 2026-07-23: [기재정정]주요사항보고서(유상증자결정) | 2026-07-20: [기재정정]주요사항보고서(전환사채권발행결정),9
광진실업,026910,-85,🚨 YES,[기재정정]주요사항보고서(유상증자결정) | [기재정정]주요사항보고서(전환사채권발행결정) | [기재정정]주요사항보고서(전환사채권발행결정),,[기재정정]주요사항보고서(유상증자결정)(-15) | [기재정정]최대주주변경을수반하는주식양수도계약체결              (-5) | [기재정정]주요사항보고서(전환사채권발행결정)(-15) | [기재정정]주요사항보고서(전환사채권발행결정)(-15) | [기재정정]주요사항보고서(유상증자결정)(-15),2026-08-12: [기재정정]주요사항보고서(유상증자결정) | 2026-08-12: [기재정정]최대주주변경을수반하는주식양수도계약체결               | 2026-08-12: 반기보고서 (2026.06) | 2026-07-31: [기재정정]주주총회소집결의              (임시주주총회) | 2026-07-31: [기재정정]주요사항보고서(전환사채권발행결정),9
티엔엔터테인먼트,131100,-80,🚨 YES,"주권매매거래정지              (주식의 병합, 분할 등 전자등록 변경, 말소) | 횡령ㆍ배임혐의발생               | 횡령ㆍ배임혐의발생              ",,"주권매매거래정지              (주식의 병합, 분할 등 전자등록 변경, 말소)(-30) | 횡령ㆍ배임혐의발생              (-25) | 횡령ㆍ배임혐의발생              (-25)","2026-08-04: 대표이사변경               | 2026-07-27: 주권매매거래정지              (주식의 병합, 분할 등 전자등록 변경, 말소) | 2026-07-24: 횡령ㆍ배임혐의발생               | 2026-07-16: 임시주주총회결과              ",4
모바일어플라이언스,087260,-80,🚨 YES,횡령ㆍ배임혐의발생               | 횡령ㆍ배임혐의발생               | 주권매매거래정지              (상장적격성 실질심사 대상 (사유발생)),,횡령ㆍ배임혐의발생              (-25) | 횡령ㆍ배임혐의발생              (-25) | 주권매매거래정지              (상장적격성 실질심사 대상 (사유발생))(-30),2026-08-12: 소송등의판결ㆍ결정               | 2026-08-10: 기타시장안내              ( 실질심사 대상여부 결정을 위한 조사기간 연장 안내 ) | 2026-08-07: 소송등의제기ㆍ신청(경영권분쟁소송)              (주주명부열람등사 가처분신청) | 2026-08-05: 의결권대리행사권유참고서류 | 2026-08-03: 의결권대리행사권유참고서류,14
삼부토건,001470,-80,🚨 YES,[기재정정]주요사항보고서(유상증자결정) | [기재정정]주요사항보고서(감자결정) | [기재정정]주요사항보고서(유상증자결정),,[기재정정]주요사항보고서(유상증자결정)(-15) | [기재정정]주요사항보고서(감자결정)(-20) | [기재정정]주요사항보고서(유상증자결정)(-15) | [기재정정]주요사항보고서(감자결정)(-20) | 최대주주등소유주식변동신고서(최대주주변경시)              (-5),2026-08-07: [기재정정]주요사항보고서(유상증자결정) | 2026-08-07: [기재정정]주요사항보고서(감자결정) | 2026-08-07: [기재정정]주요사항보고서(유상증자결정) | 2026-08-07: [기재정정]주요사항보고서(감자결정) | 2026-07-30: 임원ㆍ주요주주특정증권등소유상황보고서,11
제이케이시냅스,060230,-80,🚨 YES,[기재정정]주요사항보고서(전환사채권발행결정) | [기재정정]주요사항보고서(전환사채권발행결정) | 기타시장안내(관리종목지정우려종목)              (시가총액 200억원 미달),,[기재정정]주요사항보고서(전환사채권발행결정)(-15) | [기재정정]주요사항보고서(전환사채권발행결정)(-15) | 기타시장안내(관리종목지정우려종목)              (시가총액 200억원 미달)(-30) | 최대주주변경              (-5) | 주요사항보고서(유상증자결정)(-15),2026-08-11: [기재정정]주요사항보고서(전환사채권발행결정) | 2026-08-11: [기재정정]주요사항보고서(전환사채권발행결정) | 2026-08-11: 전환청구권행사              (제25회차) | 2026-08-11: 주요사항보고서(자기전환사채매도결정) | 2026-08-10: 기타시장안내(관리종목지정우려종목)              (시가총액 200억원 미달),20
서한,011370,-80,🚨 YES,"[첨부정정]주요사항보고서(신주인수권부사채권발행결정) | 주권매매거래정지              (주식의 병합, 분할 등 전자등록 변경, 말소) | 기타시장안내(관리종목지정우려종목)              (주가 1,000원 미달)",[기재정정]단일판매ㆍ공급계약체결              (+5) | [기재정정]단일판매ㆍ공급계약체결              (+5),"[첨부정정]주요사항보고서(신주인수권부사채권발행결정)(-15) | 주권매매거래정지              (주식의 병합, 분할 등 전자등록 변경, 말소)(-30) | 기타시장안내(관리종목지정우려종목)              (주가 1,000원 미달)(-30) | [첨부정정]주요사항보고서(신주인수권부사채권발행결정)(-15)","2026-08-11: 주식등의대량보유상황보고서(일반) | 2026-08-11: 임원ㆍ주요주주특정증권등소유상황보고서 | 2026-08-11: [첨부정정]주요사항보고서(신주인수권부사채권발행결정) | 2026-08-07: 주권매매거래정지              (주식의 병합, 분할 등 전자등록 변경, 말소) | 2026-08-05: 기타시장안내(관리종목지정우려종목)              (주가 1,000원 미달)",10
대진첨단소재,393970,-75,🚨 YES,주권매매거래정지              (투자자 보호) | 주권매매거래정지해제              (상장폐지에 따른 정리매매 개시) | [기재정정]주요사항보고서(전환사채권발행결정),,주권매매거래정지              (투자자 보호)(-30) | 주권매매거래정지해제              (상장폐지에 따른 정리매매 개시)(-30) | [기재정정]주요사항보고서(전환사채권발행결정)(-15),2026-07-30: 주권매매거래정지              (투자자 보호) | 2026-07-30: 기타시장안내              (정리매매 보류 관련) | 2026-07-30: 기타경영사항(자율공시)              (상장폐지결정 등 효력정지 가처분 신청) | 2026-07-29: 주권매매거래정지해제              (상장폐지에 따른 정리매매 개시) | 2026-07-29: 기타시장안내              (코스닥시장위원회 개최 결과 및 상장폐지 결정 안내),11
비비안,002070,-75,🚨 YES,[기재정정]주요사항보고서(유상증자결정) | [기재정정]주요사항보고서(유상증자결정) | 매매거래정지및정지해제(중요내용공시)              ,,[기재정정]주요사항보고서(유상증자결정)(-15) | [기재정정]주요사항보고서(유상증자결정)(-15) | 매매거래정지및정지해제(중요내용공시)              (-30) | [기재정정]주요사항보고서(유상증자결정)(-15),2026-08-12: [기재정정]주요사항보고서(무상증자결정) | 2026-08-06: 전환가액ㆍ신주인수권행사가액ㆍ교환가액의조정(안내공시)               | 2026-07-30: 임시주주총회결과               | 2026-07-30: [기재정정]주요사항보고서(유상증자결정) | 2026-07-30: [기재정정]주요사항보고서(유상증자결정),10
파라텍,033540,-75,🚨 YES,"[기재정정]주요사항보고서(전환사채권발행결정) | 주권매매거래정지              (주식의 병합, 분할 등 전자등록 변경, 말소) | [기재정정]주요사항보고서(전환사채권발행결정)",,"[기재정정]주요사항보고서(전환사채권발행결정)(-15) | 주권매매거래정지              (주식의 병합, 분할 등 전자등록 변경, 말소)(-30) | [기재정정]주요사항보고서(전환사채권발행결정)(-15) | [기재정정]주요사항보고서(전환사채권발행결정)(-15)","2026-07-29: 주식등의대량보유상황보고서(일반) | 2026-07-29: 임원ㆍ주요주주특정증권등소유상황보고서 | 2026-07-28: [기재정정]주요사항보고서(전환사채권발행결정) | 2026-07-22: 임원ㆍ주요주주특정증권등소유상황보고서 | 2026-07-21: 주권매매거래정지              (주식의 병합, 분할 등 전자등록 변경, 말소)",8
에이프로젠,007460,-75,🚨 YES,주요사항보고서(전환사채권발행결정) | 주요사항보고서(전환사채권발행결정) | [기재정정]주요사항보고서(전환사채권발행결정)(자회사의 주요경영사항)              (제11회차),,주요사항보고서(전환사채권발행결정)(-15) | 주요사항보고서(전환사채권발행결정)(-15) | [기재정정]주요사항보고서(전환사채권발행결정)(자회사의 주요경영사항)              (제11회차)(-15) | 주요사항보고서(유상증자결정)(자회사의 주요경영사항)              (-15) | 주요사항보고서(전환사채권발행결정)(-15),2026-08-10: 주요사항보고서(전환사채권발행결정) | 2026-08-10: 주요사항보고서(전환사채권발행결정) | 2026-08-07: 주식등의대량보유상황보고서(약식) | 2026-08-07: 주식등의대량보유상황보고서(일반) | 2026-07-31: 주식등의대량보유상황보고서(일반),12
엣지파운드리,105550,-75,🚨 YES,"주권매매거래정지해제              (액면병합 주권 변경상장) | [기재정정]주요사항보고서(유상증자결정) | 주권매매거래정지              (주식의 병합, 분할 등 전자등록 변경, 말소)",,"주권매매거래정지해제              (액면병합 주권 변경상장)(-30) | [기재정정]주요사항보고서(유상증자결정)(-15) | 주권매매거래정지              (주식의 병합, 분할 등 전자등록 변경, 말소)(-30)",2026-08-11: 주권매매거래정지해제              (액면병합 주권 변경상장) | 2026-08-10: 임원ㆍ주요주주특정증권등소유상황보고서 | 2026-08-10: 임원ㆍ주요주주특정증권등소유상황보고서 | 2026-08-10: 임원ㆍ주요주주특정증권등소유상황보고서 | 2026-07-31: 정정신고서제출요구( 2026.07.16. 제출 증권신고서(지분증권) ),9
썸에이지,208640,-75,🚨 YES,[기재정정]주요사항보고서(유상증자결정) | 기타주요경영사항              (유상증자결정(주주배정 후 실권주 일반공모) 철회) | [기재정정]주요사항보고서(유상증자결정),,[기재정정]주요사항보고서(유상증자결정)(-15) | 기타주요경영사항              (유상증자결정(주주배정 후 실권주 일반공모) 철회)(-15) | [기재정정]주요사항보고서(유상증자결정)(-15) | 기타시장안내(관리종목지정우려종목)              (시가총액 200억원 미달)(-30),2026-08-12: 주주명부폐쇄기간또는기준일설정               | 2026-08-12: 주주총회소집결의              (임시주주총회) | 2026-08-10: 주식등의대량보유상황보고서(일반) | 2026-08-10: 임원ㆍ주요주주특정증권등소유상황보고서 | 2026-08-05: 철회신고서,15
한국첨단소재,062970,-75,🚨 YES,"주권매매거래정지해제              (액면병합 주권 변경상장) | 주요사항보고서(전환사채권발행결정) | 주권매매거래정지              (주식의 병합, 분할 등 전자등록 변경, 말소)",,"주권매매거래정지해제              (액면병합 주권 변경상장)(-30) | 주요사항보고서(전환사채권발행결정)(-15) | 주권매매거래정지              (주식의 병합, 분할 등 전자등록 변경, 말소)(-30)",2026-08-06: 주권매매거래정지해제              (액면병합 주권 변경상장) | 2026-08-05: [기재정정]증권발행결과(자율공시)               | 2026-08-04: 증권발행결과(자율공시)               | 2026-07-27: 주요사항보고서(자기전환사채만기전취득결정) | 2026-07-28: 주요사항보고서(전환사채권발행결정),7
윙입푸드,900340,-75,🚨 YES,기타시장안내(관리종목지정우려종목)              (시가총액 200억원 미달) | [기재정정]주요사항보고서(유상증자결정) | [기재정정]주요사항보고서(유상증자결정),,기타시장안내(관리종목지정우려종목)              (시가총액 200억원 미달)(-30) | [기재정정]주요사항보고서(유상증자결정)(-15) | [기재정정]주요사항보고서(유상증자결정)(-15) | [기재정정]주요사항보고서(유상증자결정)(-15),2026-08-06: 증권발행결과(자율공시)               | 2026-08-06: 임시주주총회결과               | 2026-08-06: 주식등의대량보유상황보고서(일반) | 2026-08-06: 임원ㆍ주요주주특정증권등소유상황보고서 | 2026-08-06: 임원ㆍ주요주주특정증권등거래계획보고서,11
캔버스엔,210120,-75,🚨 YES,[기재정정]주요사항보고서(유상증자결정) | [기재정정]주요사항보고서(유상증자결정) | [기재정정]주요사항보고서(유상증자결정),,[기재정정]주요사항보고서(유상증자결정)(-15) | [기재정정]주요사항보고서(유상증자결정)(-15) | [기재정정]주요사항보고서(유상증자결정)(-15) | [기재정정]주요사항보고서(전환사채권발행결정)(-15) | [기재정정]주요사항보고서(전환사채권발행결정)(-15),2026-08-12: [기재정정]주요사항보고서(유상증자결정) | 2026-08-11: [기재정정]주주총회소집결의              (임시주주총회) | 2026-08-11: [첨부정정]주식병합결정               | 2026-08-11: [기재정정]주식병합결정               | 2026-08-11: 소송등의판결ㆍ결정              (주주총회결의 부존재확인 등 청구의 소-취하),15
시선AI,340810,-75,🚨 YES,[기재정정]주요사항보고서(유상증자결정) | [기재정정]주요사항보고서(유상증자결정) | [기재정정]주요사항보고서(유상증자결정),,[기재정정]주요사항보고서(유상증자결정)(-15) | [기재정정]주요사항보고서(유상증자결정)(-15) | [기재정정]주요사항보고서(유상증자결정)(-15) | [기재정정]주요사항보고서(유상증자결정)(-15) | [기재정정]주요사항보고서(유상증자결정)(-15),2026-08-11: 자기전환사채매도결정              (제4회차) | 2026-08-10: [기재정정]유상증자최종발행가액확정               | 2026-08-10: [기재정정]주요사항보고서(유상증자결정) | 2026-08-10: [기재정정]소액공모공시서류(지분증권) | 2026-07-28: [기재정정]주요사항보고서(유상증자결정),12
뉴인텍,012340,-72,🚨 YES,"기타시장안내(관리종목지정우려종목)              (주가 1,000원 미달) | 기타시장안내(관리종목지정우려종목)              (시가총액 200억원 미달) | 주요사항보고서(유상증자결정)",연결재무제표기준영업(잠정)실적(공정공시)              (+3),"기타시장안내(관리종목지정우려종목)              (주가 1,000원 미달)(-30) | 기타시장안내(관리종목지정우려종목)              (시가총액 200억원 미달)(-30) | 주요사항보고서(유상증자결정)(-15)","2026-08-10: 주식등의대량보유상황보고서(일반) | 2026-08-10: 임원ㆍ주요주주특정증권등소유상황보고서 | 2026-08-05: 기타시장안내(관리종목지정우려종목)              (주가 1,000원 미달) | 2026-08-05: 연결재무제표기준영업(잠정)실적(공정공시)               | 2026-08-03: 기타시장안내(관리종목지정우려종목)              (시가총액 200억원 미달)",9
E8,418620,-70,🚨 YES,"주요사항보고서(유상증자결정) | 기타시장안내(관리종목지정우려종목)              (시가총액 200억원 미달) | 기타시장안내(관리종목지정우려종목)              (주가 1,000원 미달)",[기재정정]단일판매ㆍ공급계약체결              (+5),"주요사항보고서(유상증자결정)(-15) | 기타시장안내(관리종목지정우려종목)              (시가총액 200억원 미달)(-30) | 기타시장안내(관리종목지정우려종목)              (주가 1,000원 미달)(-30)","2026-08-07: 주요사항보고서(유상증자결정) | 2026-08-05: 기타시장안내(관리종목지정우려종목)              (시가총액 200억원 미달) | 2026-08-05: 기타시장안내(관리종목지정우려종목)              (주가 1,000원 미달) | 2026-08-04: 기업가치제고계획(자율공시)              (2026년 E8 기업가치 제고 계획) | 2026-07-31: [기재정정]단일판매ㆍ공급계약체결              ",7
한울앤제주,276730,-69,🚨 YES,"[기재정정]주요사항보고서(유상증자결정) | 주권매매거래정지              (주식의 병합, 분할 등 전자등록 변경, 말소) | [기재정정]주요사항보고서(전환사채권발행결정)",[기재정정]주식분할결정              (+3) | [기재정정]주식분할결정              (+3),"[기재정정]주요사항보고서(유상증자결정)(-15) | 주권매매거래정지              (주식의 병합, 분할 등 전자등록 변경, 말소)(-30) | [기재정정]주요사항보고서(전환사채권발행결정)(-15) | [기재정정]주요사항보고서(전환사채권발행결정)(-15)",2026-08-12: 전환청구권행사              (제10회차) | 2026-08-10: 주식등의대량보유상황보고서(약식) | 2026-08-10: 주식등의대량보유상황보고서(약식) | 2026-08-10: 주식등의대량보유상황보고서(약식) | 2026-08-10: 주식등의대량보유상황보고서(일반),36
엑시온그룹,069920,-65,🚨 YES,[기재정정]주요사항보고서(유상증자결정) | 주요사항보고서(유상증자결정) | [기재정정]주요사항보고서(유상증자결정),,[기재정정]주요사항보고서(유상증자결정)(-15) | 주요사항보고서(유상증자결정)(-15) | [기재정정]주요사항보고서(유상증자결정)(-15) | 주요사항보고서(유상증자결정)(-15) | 최대주주변경              (-5),2026-08-10: [기재정정]주요사항보고서(유형자산양수결정) | 2026-08-06: 소액공모실적보고서 | 2026-08-06: 증권발행결과(자율공시)              (일반공모-소액공모) | 2026-08-05: 유상증자또는주식관련사채등의청약결과(자율공시)              (일반공모-소액공모) | 2026-07-30: 소액공모공시서류(지분증권),19
엔피,291230,-65,🚨 YES,"주권매매거래정지해제              (액면병합 주권 변경상장) | 주권매매거래정지              (주식의 병합, 분할 등 전자등록 변경, 말소)",,"주권매매거래정지해제              (액면병합 주권 변경상장)(-30) | 주권매매거래정지              (주식의 병합, 분할 등 전자등록 변경, 말소)(-30) | 최대주주변경              (-5)",2026-08-12: 반기보고서 (2026.06) | 2026-08-12: [기재정정]주식병합결정               | 2026-08-11: 주권매매거래정지해제              (액면병합 주권 변경상장) | 2026-08-10: [기재정정]임시주주총회결과               | 2026-07-24: 감자완료              ,15
본느,226340,-65,🚨 YES,[기재정정]주요사항보고서(유상증자결정) | 주요사항보고서(전환사채권발행결정) | 주요사항보고서(전환사채권발행결정),,[기재정정]주요사항보고서(유상증자결정)(-15) | 주요사항보고서(전환사채권발행결정)(-15) | 주요사항보고서(전환사채권발행결정)(-15) | 주요사항보고서(유상증자결정)(-15) | 최대주주변경을수반하는주식양수도계약체결              (-5),2026-08-06: [기재정정]소액공모공시서류(지분증권) | 2026-08-06: [기재정정]소액공모공시서류(지분증권) | 2026-08-06: [기재정정]주요사항보고서(유상증자결정) | 2026-08-04: 소액공모공시서류(지분증권) | 2026-08-03: 주요사항보고서(전환사채권발행결정),13
헝셩그룹,900270,-65,🚨 YES,[기재정정]주요사항보고서(유상증자결정) | [기재정정]주요사항보고서(유상증자결정) | 주권매매거래정지              (주식병합),,[기재정정]주요사항보고서(유상증자결정)(-15) | 최대주주변경              (-5) | [기재정정]주요사항보고서(유상증자결정)(-15) | 주권매매거래정지              (주식병합)(-30),2026-08-12: [기재정정]주요사항보고서(유상증자결정) | 2026-08-11: 임원ㆍ주요주주특정증권등소유상황보고서 | 2026-08-11: 임원ㆍ주요주주특정증권등소유상황보고서 | 2026-08-11: 임원ㆍ주요주주특정증권등소유상황보고서 | 2026-08-11: 주식등의대량보유상황보고서(일반),9
유니켐,011330,-62,🚨 YES,횡령ㆍ배임혐의발생               | 횡령ㆍ배임혐의발생               | [기재정정]주요사항보고서(유상증자결정),회사합병결정(자율공시)(종속회사의주요경영사항)              (+3),횡령ㆍ배임혐의발생              (-25) | 횡령ㆍ배임혐의발생              (-25) | [기재정정]주요사항보고서(유상증자결정)(-15),2026-08-06: [기재정정]타법인주식및출자증권취득결정               | 2026-08-05: 타법인주식및출자증권취득결정               | 2026-08-05: 회사합병결정(자율공시)(종속회사의주요경영사항)               | 2026-08-04: 임원ㆍ주요주주특정증권등소유상황보고서 | 2026-07-30: 임원ㆍ주요주주특정증권등소유상황보고서,10
졸스,018700,-62,🚨 YES,기타시장안내(관리종목지정우려종목)              (시가총액 200억원 미달) | 주요사항보고서(전환사채권발행결정) | [기재정정]주요사항보고서(유상증자결정),연결재무제표기준영업(잠정)실적(공정공시)              (+3),최대주주변경              (-5) | 기타시장안내(관리종목지정우려종목)              (시가총액 200억원 미달)(-30) | 주요사항보고서(전환사채권발행결정)(-15) | [기재정정]주요사항보고서(유상증자결정)(-15),2026-08-04: 임원ㆍ주요주주특정증권등소유상황보고서 | 2026-08-04: 주식등의대량보유상황보고서(일반) | 2026-08-04: 주식등의대량보유상황보고서(일반) | 2026-07-29: 증권발행결과(자율공시)              (제37회차 CB) | 2026-07-28: 최대주주변경              ,11
진원생명과학,011000,-60,🚨 YES,[기재정정]주요사항보고서(유상증자결정) | 주요사항보고서(유상증자결정) | 매매거래정지및정지해제(풍문등조회공시)              ,,[기재정정]주요사항보고서(유상증자결정)(-15) | 주요사항보고서(유상증자결정)(-15) | 매매거래정지및정지해제(풍문등조회공시)              (-30),2026-08-10: [기재정정]주요사항보고서(유상증자결정) | 2026-08-07: 기타시장안내              (기업심사위원회 심의대상 결정) | 2026-08-06: 기타경영사항(자율공시)               | 2026-08-06: 대표이사(대표집행임원)변경(안내공시)               | 2026-08-04: 불성실공시법인지정예고              ,13
KS인더스트리,101000,-60,🚨 YES,"주권매매거래정지해제              (감자 주권 변경상장) | 주권매매거래정지              (주식의 병합, 분할 등 전자등록 변경, 말소)",,"주권매매거래정지해제              (감자 주권 변경상장)(-30) | 주권매매거래정지              (주식의 병합, 분할 등 전자등록 변경, 말소)(-30)",2026-08-12: 주권매매거래정지해제              (감자 주권 변경상장) | 2026-08-12: [기재정정]금전대여결정               | 2026-08-03: 감자완료               | 2026-07-29: 주주명부폐쇄기간또는기준일설정               | 2026-07-29: 주주총회소집결의              ,6
이마트,139480,-60,🚨 YES,횡령ㆍ배임사실확인               | 횡령ㆍ배임사실확인              ,,[기재정정]주요사항보고서(자기주식처분결정)(-10) | 횡령ㆍ배임사실확인              (-25) | 횡령ㆍ배임사실확인              (-25),2026-08-06: 결산실적공시예고(안내공시)               | 2026-07-23: 자기주식처분결과보고서 | 2026-07-23: 증권발행실적보고서(합병등) | 2026-07-16: [기재정정]주요사항보고서(주식교환ㆍ이전결정) | 2026-07-16: [기재정정]주요사항보고서(자기주식처분결정),6
츌립앤사이언스,291650,-60,🚨 YES,"주권매매거래정지해제              (액면병합 주권 변경상장) | 주권매매거래정지              (주식의 병합, 분할 등 전자등록 변경, 말소)",,"주권매매거래정지해제              (액면병합 주권 변경상장)(-30) | 주권매매거래정지              (주식의 병합, 분할 등 전자등록 변경, 말소)(-30)","2026-08-11: 주권매매거래정지해제              (액면병합 주권 변경상장) | 2026-07-16: 주권매매거래정지              (주식의 병합, 분할 등 전자등록 변경, 말소)",2
우듬지팜,403490,-60,🚨 YES,"기타시장안내(관리종목지정우려종목)              (주가 1,000원 미달) | 주권매매거래정지              (주식의 병합, 분할 등 전자등록 변경, 말소)",,"기타시장안내(관리종목지정우려종목)              (주가 1,000원 미달)(-30) | 주권매매거래정지              (주식의 병합, 분할 등 전자등록 변경, 말소)(-30)","2026-08-05: 기타시장안내(관리종목지정우려종목)              (주가 1,000원 미달) | 2026-08-03: 주권매매거래정지              (주식의 병합, 분할 등 전자등록 변경, 말소)",2
블리츠웨이엔터테인먼트,369370,-60,🚨 YES,"주권매매거래정지해제              (액면병합 주권 변경상장) | 주권매매거래정지              (주식의 병합, 분할 등 전자등록 변경, 말소)",,"주권매매거래정지해제              (액면병합 주권 변경상장)(-30) | 주권매매거래정지              (주식의 병합, 분할 등 전자등록 변경, 말소)(-30)","2026-08-06: 주권매매거래정지해제              (액면병합 주권 변경상장) | 2026-07-14: 주권매매거래정지              (주식의 병합, 분할 등 전자등록 변경, 말소)",2
예선테크,250930,-60,🚨 YES,기타시장안내(관리종목지정우려종목)              (시가총액 200억원 미달) | 주권매매거래정지해제              (액면병합 주권 변경상장),,기타시장안내(관리종목지정우려종목)              (시가총액 200억원 미달)(-30) | 주권매매거래정지해제              (액면병합 주권 변경상장)(-30),2026-07-23: 기타시장안내(관리종목지정우려종목)              (시가총액 200억원 미달) | 2026-07-22: 주권매매거래정지해제              (액면병합 주권 변경상장),2
아스트,067390,-60,🚨 YES,"기타시장안내(관리종목지정우려종목)              (주가 1,000원 미달) | 주권매매거래정지              (주식의 병합, 분할 등 전자등록 변경, 말소)",,"기타시장안내(관리종목지정우려종목)              (주가 1,000원 미달)(-30) | 주권매매거래정지              (주식의 병합, 분할 등 전자등록 변경, 말소)(-30)","2026-08-05: 기타시장안내(관리종목지정우려종목)              (주가 1,000원 미달) | 2026-08-04: 주권매매거래정지              (주식의 병합, 분할 등 전자등록 변경, 말소)",2
유엑스엔,337840,-60,🚨 YES,주요사항보고서(유상증자결정) | [기재정정]주요사항보고서(전환사채권발행결정) | [기재정정]주요사항보고서(전환사채권발행결정),,주요사항보고서(유상증자결정)(-15) | [기재정정]주요사항보고서(전환사채권발행결정)(-15) | [기재정정]주요사항보고서(전환사채권발행결정)(-15) | 주요사항보고서(전환사채권발행결정)(-15),2026-08-12: 증권발행결과(자율공시)               | 2026-08-04: 주요사항보고서(유상증자결정) | 2026-07-27: [기재정정]주요사항보고서(전환사채권발행결정) | 2026-07-27: [기재정정]주요사항보고서(전환사채권발행결정) | 2026-07-16: 주요사항보고서(전환사채권발행결정),7
한양증권,001750,-60,🚨 YES,[기재정정]주요사항보고서(유상증자결정) | [첨부정정]주요사항보고서(유상증자결정) | [기재정정]주요사항보고서(유상증자결정),,[기재정정]주요사항보고서(유상증자결정)(-15) | [첨부정정]주요사항보고서(유상증자결정)(-15) | [기재정정]주요사항보고서(유상증자결정)(-15) | [첨부정정]주요사항보고서(유상증자결정)(-15),2026-07-27: 임원ㆍ주요주주특정증권등소유상황보고서 | 2026-07-16: [기재정정]주요사항보고서(유상증자결정) | 2026-07-16: [첨부정정]주요사항보고서(유상증자결정) | 2026-07-16: 최대주주등소유주식변동신고서               | 2026-07-16: 주식등의대량보유상황보고서(일반),9
엑사이엔씨,054940,-60,🚨 YES,"주권매매거래정지해제              (액면병합 주권 변경상장) | 주권매매거래정지              (주식의 병합, 분할 등 전자등록 변경, 말소)",,"주권매매거래정지해제              (액면병합 주권 변경상장)(-30) | 주권매매거래정지              (주식의 병합, 분할 등 전자등록 변경, 말소)(-30)",2026-08-11: 주권매매거래정지해제              (액면병합 주권 변경상장) | 2026-08-10: 임원ㆍ주요주주특정증권등소유상황보고서 | 2026-08-10: 임원ㆍ주요주주특정증권등소유상황보고서 | 2026-08-10: 임원ㆍ주요주주특정증권등소유상황보고서 | 2026-08-10: 임원ㆍ주요주주특정증권등소유상황보고서,9
체리부로,066360,-60,🚨 YES,"기타시장안내(관리종목지정우려종목)              (주가 1,000원 미달) | 주권매매거래정지              (주식의 병합, 분할 등 전자등록 변경, 말소)",,"기타시장안내(관리종목지정우려종목)              (주가 1,000원 미달)(-30) | 주권매매거래정지              (주식의 병합, 분할 등 전자등록 변경, 말소)(-30)","2026-08-05: 기타시장안내(관리종목지정우려종목)              (주가 1,000원 미달) | 2026-08-03: 주권매매거래정지              (주식의 병합, 분할 등 전자등록 변경, 말소) | 2026-07-15: 회사분할결정(종속회사의주요경영사항)              ",3
프롬바이오,377220,-60,🚨 YES,"주권매매거래정지해제              (액면병합 주권 변경상장) | 주권매매거래정지              (주식의 병합, 분할 등 전자등록 변경, 말소)",,"주권매매거래정지해제              (액면병합 주권 변경상장)(-30) | 주권매매거래정지              (주식의 병합, 분할 등 전자등록 변경, 말소)(-30)","2026-08-07: 주권매매거래정지해제              (액면병합 주권 변경상장) | 2026-07-14: 주권매매거래정지              (주식의 병합, 분할 등 전자등록 변경, 말소)",2
세화피앤씨,252500,-60,🚨 YES,"기타시장안내(관리종목지정우려종목)              (주가 1,000원 미달) | 주권매매거래정지              (주식의 병합, 분할 등 전자등록 변경, 말소)",,"기타시장안내(관리종목지정우려종목)              (주가 1,000원 미달)(-30) | 주권매매거래정지              (주식의 병합, 분할 등 전자등록 변경, 말소)(-30)","2026-08-05: 기타시장안내(관리종목지정우려종목)              (주가 1,000원 미달) | 2026-08-05: 주권매매거래정지              (주식의 병합, 분할 등 전자등록 변경, 말소) | 2026-07-20: 주주명부폐쇄기간또는기준일설정               | 2026-07-20: 주주총회소집결의              (임시주주총회)",4
형지글로벌,308100,-60,🚨 YES,"기타시장안내(관리종목지정우려종목)              (시가총액 200억원 미달) | 기타시장안내(관리종목지정우려종목)              (주가 1,000원 미달)",,"기타시장안내(관리종목지정우려종목)              (시가총액 200억원 미달)(-30) | 기타시장안내(관리종목지정우려종목)              (주가 1,000원 미달)(-30)","2026-08-05: 기타시장안내(관리종목지정우려종목)              (시가총액 200억원 미달) | 2026-08-05: 기타시장안내(관리종목지정우려종목)              (주가 1,000원 미달) | 2026-07-31: 임원ㆍ주요주주특정증권등소유상황보고서 | 2026-07-15: 전환가액의조정              ",4
대양금속,009190,-60,🚨 YES,[기재정정]주요사항보고서(전환사채권발행결정) | [기재정정]주요사항보고서(전환사채권발행결정) | [기재정정]주요사항보고서(유상증자결정),,[기재정정]주요사항보고서(전환사채권발행결정)(-15) | [기재정정]주요사항보고서(전환사채권발행결정)(-15) | [기재정정]주요사항보고서(유상증자결정)(-15) | 주요사항보고서(전환사채권발행결정)(-15),2026-08-12: [기재정정]주주총회소집공고 | 2026-08-12: 주식등의대량보유상황보고서(일반) | 2026-08-12: 임원ㆍ주요주주특정증권등소유상황보고서 | 2026-08-11: 의결권대리행사권유참고서류 | 2026-08-11: 주주총회소집공고,16
덱스터,206560,-60,🚨 YES,주권매매거래정지기간변경              (상장적격성 실질심사 대상(사유발생)) | 주권매매거래정지              (풍문 또는 보도 관련),,주권매매거래정지기간변경              (상장적격성 실질심사 대상(사유발생))(-30) | 주권매매거래정지              (풍문 또는 보도 관련)(-30),2026-07-29: [기재정정]회계처리기준위반행위로인한증권선물위원회의검찰고발등               | 2026-07-23: 기타시장안내              (상장적격성 실질심사 대상결정 기한 안내) | 2026-07-23: 기타시장안내              (상장적격성 실질심사 관련 안내) | 2026-07-23: 주권매매거래정지기간변경              (상장적격성 실질심사 대상(사유발생)) | 2026-07-23: 회계처리기준위반행위로인한증권선물위원회의검찰고발등              ,7
딥커머스,900110,-60,🚨 YES,기타시장안내(관리종목지정우려종목)              (시가총액 200억원 미달) | 주요사항보고서(유상증자결정) | [기재정정]주요사항보고서(유상증자결정),,기타시장안내(관리종목지정우려종목)              (시가총액 200억원 미달)(-30) | 주요사항보고서(유상증자결정)(-15) | [기재정정]주요사항보고서(유상증자결정)(-15),2026-08-12: 임시주주총회결과               | 2026-08-05: [기재정정]주주총회소집공고 | 2026-07-31: 임원ㆍ주요주주특정증권등소유상황보고서 | 2026-07-31: 주식등의대량보유상황보고서(일반) | 2026-07-29: 기타시장안내(관리종목지정우려종목)              (시가총액 200억원 미달),17
푸드나무,290720,-60,🚨 YES,[기재정정]주요사항보고서(유상증자결정) | [기재정정]주요사항보고서(유상증자결정) | [기재정정]주요사항보고서(유상증자결정),,[기재정정]주요사항보고서(유상증자결정)(-15) | [기재정정]주요사항보고서(유상증자결정)(-15) | [기재정정]주요사항보고서(유상증자결정)(-15) | [기재정정]주요사항보고서(유상증자결정)(-15),2026-08-04: [기재정정]주요사항보고서(유상증자결정) | 2026-07-29: [기재정정]주요사항보고서(유상증자결정) | 2026-07-29: [기재정정]주요사항보고서(유상증자결정) | 2026-07-28: 주식등의대량보유상황보고서(일반) | 2026-07-21: 증권발행결과(자율공시)              (제3자배정 유상증자),7
더라미,032860,-60,🚨 YES,"기타시장안내(관리종목지정우려종목)              (주가 1,000원 미달) | 주권매매거래정지              (주식의 병합, 분할 등 전자등록 변경, 말소)",,"기타시장안내(관리종목지정우려종목)              (주가 1,000원 미달)(-30) | 주권매매거래정지              (주식의 병합, 분할 등 전자등록 변경, 말소)(-30)","2026-08-05: 기타시장안내(관리종목지정우려종목)              (주가 1,000원 미달) | 2026-08-04: 주권매매거래정지              (주식의 병합, 분할 등 전자등록 변경, 말소)",2
리가켐바이오,141080,-60,🚨 YES,[기재정정]주요사항보고서(전환사채권발행결정) | [기재정정]주요사항보고서(유상증자결정) | [기재정정]주요사항보고서(전환사채권발행결정),,[기재정정]주요사항보고서(전환사채권발행결정)(-15) | [기재정정]주요사항보고서(유상증자결정)(-15) | [기재정정]주요사항보고서(전환사채권발행결정)(-15) | [기재정정]주요사항보고서(유상증자결정)(-15),2026-08-07: 투자판단관련주요경영사항              (LNCB74(B7H4-ADC) 단독 개발 및 기술이전 권리 확보) | 2026-08-04: 주식등의대량보유상황보고서(일반) | 2026-08-04: 임원ㆍ주요주주특정증권등소유상황보고서 | 2026-08-04: 주식등의대량보유상황보고서(일반) | 2026-07-31: 주식등의대량보유상황보고서(약식),13
빛과전자,069540,-60,🚨 YES,[기재정정]주요사항보고서(전환사채권발행결정) | [기재정정]주요사항보고서(전환사채권발행결정) | [기재정정]주요사항보고서(전환사채권발행결정),,[기재정정]주요사항보고서(전환사채권발행결정)(-15) | [기재정정]주요사항보고서(전환사채권발행결정)(-15) | [기재정정]주요사항보고서(전환사채권발행결정)(-15) | 주요사항보고서(전환사채권발행결정)(-15),2026-08-11: 주식등의대량보유상황보고서(약식) | 2026-08-11: [기재정정]주주총회소집결의               | 2026-08-05: 증권발행결과(자율공시)              (제18회차 CB) | 2026-08-05: 주요사항보고서(자기전환사채만기전취득결정) | 2026-07-29: [기재정정]주요사항보고서(전환사채권발행결정),9
케스피온,079190,-60,🚨 YES,기타시장안내(관리종목지정우려종목)              (시가총액 200억원 미달) | 주권매매거래정지해제              (감자 주권 변경상장),,기타시장안내(관리종목지정우려종목)              (시가총액 200억원 미달)(-30) | 주권매매거래정지해제              (감자 주권 변경상장)(-30),2026-08-11: 기타시장안내(관리종목지정우려종목)              (시가총액 200억원 미달) | 2026-08-05: 임원ㆍ주요주주특정증권등소유상황보고서 | 2026-08-05: 임원ㆍ주요주주특정증권등소유상황보고서 | 2026-08-05: 임원ㆍ주요주주특정증권등소유상황보고서 | 2026-08-05: 임원ㆍ주요주주특정증권등소유상황보고서,17
지엘팜텍,204840,-60,🚨 YES,"주권매매거래정지해제              (액면병합 주권 변경상장) | 주권매매거래정지              (주식의 병합, 분할 등 전자등록 변경, 말소)",,"주권매매거래정지해제              (액면병합 주권 변경상장)(-30) | 주권매매거래정지              (주식의 병합, 분할 등 전자등록 변경, 말소)(-30)",2026-08-10: 주권매매거래정지해제              (액면병합 주권 변경상장) | 2026-08-06: 주식등의대량보유상황보고서(일반) | 2026-08-06: 임원ㆍ주요주주특정증권등소유상황보고서 | 2026-07-31: 합병등종료보고서(합병) | 2026-07-29: 주식등의대량보유상황보고서(일반),7
드림라인,035430,-60,🚨 YES,[기재정정]주요사항보고서(유상증자결정) | [기재정정]주요사항보고서(유상증자결정) | [기재정정]주요사항보고서(유상증자결정),,[기재정정]주요사항보고서(유상증자결정)(-15) | [기재정정]주요사항보고서(유상증자결정)(-15) | [기재정정]주요사항보고서(유상증자결정)(-15) | [기재정정]주요사항보고서(유상증자결정)(-15),2026-08-06: [기재정정]주요사항보고서(유상증자결정) | 2026-08-06: [기재정정]주요사항보고서(유상증자결정) | 2026-07-30: [기재정정]주요사항보고서(유상증자결정) | 2026-07-30: [기재정정]주요사항보고서(유상증자결정),4
국영지앤엠,006050,-60,🚨 YES,"기타시장안내(관리종목지정우려종목)              (주가 1,000원 미달) | 주권매매거래정지              (주식의 병합, 분할 등 전자등록 변경, 말소)",,"기타시장안내(관리종목지정우려종목)              (주가 1,000원 미달)(-30) | 주권매매거래정지              (주식의 병합, 분할 등 전자등록 변경, 말소)(-30)","2026-08-05: 기타시장안내(관리종목지정우려종목)              (주가 1,000원 미달) | 2026-08-04: 주권매매거래정지              (주식의 병합, 분할 등 전자등록 변경, 말소) | 2026-07-29: 임원ㆍ주요주주특정증권등소유상황보고서 | 2026-07-29: 주식등의대량보유상황보고서(일반) | 2026-07-24: 임시주주총회결과              ",9
유진테크놀로지,240600,-57,🚨 YES,기타시장안내(관리종목지정우려종목)              (시가총액 200억원 미달) | 주권매매거래정지              (무상증자),연결재무제표기준영업(잠정)실적(공정공시)              (+3),기타시장안내(관리종목지정우려종목)              (시가총액 200억원 미달)(-30) | 주권매매거래정지              (무상증자)(-30),2026-08-05: 임원ㆍ주요주주특정증권등소유상황보고서 | 2026-08-04: 임원ㆍ주요주주특정증권등소유상황보고서 | 2026-08-04: 임원ㆍ주요주주특정증권등소유상황보고서 | 2026-07-28: 기타시장안내(관리종목지정우려종목)              (시가총액 200억원 미달) | 2026-07-28: 권리락              (무상증자),9
이노진,344860,-55,🚨 YES,주요사항보고서(유상증자결정) | 기타시장안내(관리종목지정우려종목)              (시가총액 200억원 미달) | [기재정정]주요사항보고서(유상증자결정),주요사항보고서(자기주식취득결정)(+5),주요사항보고서(유상증자결정)(-15) | 기타시장안내(관리종목지정우려종목)              (시가총액 200억원 미달)(-30) | [기재정정]주요사항보고서(유상증자결정)(-15),2026-08-11: [기재정정]주식등의대량보유상황보고서(일반) | 2026-08-11: 주요사항보고서(자기주식취득결정) | 2026-08-07: 주요사항보고서(유상증자결정) | 2026-08-07: 독립이사의선임ㆍ해임또는중도퇴임에관한신고 | 2026-08-07: 대표이사변경              ,13
상지건설,042940,-55,🚨 YES,[기재정정]주요사항보고서(유상증자결정) | [첨부정정]주요사항보고서(유상증자결정) | [기재정정]주요사항보고서(유상증자결정),단일판매ㆍ공급계약체결              (+5),[기재정정]주요사항보고서(유상증자결정)(-15) | [첨부정정]주요사항보고서(유상증자결정)(-15) | [기재정정]주요사항보고서(유상증자결정)(-15) | [기재정정]주요사항보고서(유상증자결정)(-15),2026-08-07: [기재정정]주요사항보고서(유상증자결정) | 2026-08-07: [첨부정정]주요사항보고서(유상증자결정) | 2026-07-31: 정정신고서제출요구( 2026.07.24. 제출 증권신고서(지분증권) ) | 2026-07-28: 단일판매ㆍ공급계약체결               | 2026-07-24: [정정제출요구][기재정정]증권신고서(지분증권),8
벡트,457600,-50,🚨 YES,[기재정정]주요사항보고서(유상증자결정) | [기재정정]주요사항보고서(유상증자결정) | 주요사항보고서(유상증자결정),,[기재정정]주요사항보고서(유상증자결정)(-15) | 최대주주변경을수반하는주식양수도계약체결              (-5) | [기재정정]주요사항보고서(유상증자결정)(-15) | 주요사항보고서(유상증자결정)(-15),2026-08-07: [기재정정]주요사항보고서(유상증자결정) | 2026-08-06: 주주명부폐쇄기간또는기준일설정               | 2026-08-06: 최대주주변경을수반하는주식양수도계약체결               | 2026-07-22: [기재정정]주요사항보고서(유상증자결정) | 2026-07-16: 주요사항보고서(유상증자결정),5
삼영이엔씨,065570,-50,🚨 YES,횡령ㆍ배임혐의진행사항               | 횡령ㆍ배임혐의진행사항              ,,횡령ㆍ배임혐의진행사항              (-25) | 횡령ㆍ배임혐의진행사항              (-25),2026-07-13: 횡령ㆍ배임혐의진행사항              ,1
이브이첨단소재,131400,-50,🚨 YES,주요사항보고서(감자결정) | 주권매매거래정지              (자본감소),,주요사항보고서(감자결정)(-20) | 주권매매거래정지              (자본감소)(-30),2026-08-07: 의결권대리행사권유참고서류 | 2026-08-07: 주주총회소집공고 | 2026-07-13: 주주명부폐쇄기간또는기준일설정               | 2026-07-13: 주주총회소집결의              (임시주주총회) | 2026-07-13: 주요사항보고서(감자결정),6
제이스코홀딩스,023440,-50,🚨 YES,주요사항보고서(전환사채권발행결정) | [기재정정]주요사항보고서(전환사채권발행결정) | [기재정정]주요사항보고서(전환사채권발행결정),,[기재정정]최대주주변경을수반하는주식담보제공계약체결              (-5) | 주요사항보고서(전환사채권발행결정)(-15) | [기재정정]주요사항보고서(전환사채권발행결정)(-15) | [기재정정]주요사항보고서(전환사채권발행결정)(-15),2026-08-11: 주주총회소집공고 | 2026-08-11: [기재정정]주주총회소집결의              (임시주주총회) | 2026-08-07: [기재정정]최대주주변경을수반하는주식담보제공계약체결               | 2026-07-22: 증권발행결과(자율공시)              (제6회차 CB) | 2026-07-22: 증권발행결과(자율공시)              (제5회차 CB),8
삼보산업,009620,-45,🚨 YES,[기재정정]주요사항보고서(유상증자결정) | 기타시장안내(관리종목지정우려종목)              (시가총액 200억원 미달),,[기재정정]주요사항보고서(유상증자결정)(-15) | 기타시장안내(관리종목지정우려종목)              (시가총액 200억원 미달)(-30),2026-08-10: [기재정정]주요사항보고서(유상증자결정) | 2026-07-31: 주식등의대량보유상황보고서(일반) | 2026-07-31: 임원ㆍ주요주주특정증권등소유상황보고서 | 2026-07-31: 조회공시요구(현저한시황변동)에대한답변(중요정보없음)               | 2026-07-30: 조회공시요구(현저한시황변동)              ,7
한주에이알티,058450,-45,🚨 YES,[기재정정]주요사항보고서(유상증자결정) | 주요사항보고서(유상증자결정) | 주요사항보고서(유상증자결정),,[기재정정]주요사항보고서(유상증자결정)(-15) | 주요사항보고서(유상증자결정)(-15) | 주요사항보고서(유상증자결정)(-15),2026-08-10: 반기보고서 (2026.06) | 2026-08-07: 주식등의대량보유상황보고서(일반) | 2026-08-07: 임원ㆍ주요주주특정증권등소유상황보고서 | 2026-08-07: 소액공모실적보고서 | 2026-08-07: 증권발행결과(자율공시)              (일반공모증자-소액공모),16
아이오케이이엔엠,078860,-45,🚨 YES,기타시장안내(관리종목지정우려종목)              (시가총액 200억원 미달) | [기재정정]주요사항보고서(유상증자결정),,기타시장안내(관리종목지정우려종목)              (시가총액 200억원 미달)(-30) | [기재정정]주요사항보고서(유상증자결정)(-15),2026-08-07: 전환가액의조정              (제21회차) | 2026-08-06: [기재정정]주주총회소집결의               | 2026-08-05: 기타시장안내(관리종목지정우려종목)              (시가총액 200억원 미달) | 2026-07-29: [기재정정]주요사항보고서(유상증자결정),4
코아스,071950,-45,🚨 YES,[기재정정]주요사항보고서(전환사채권발행결정) | [기재정정]주요사항보고서(유상증자결정) | [기재정정]주요사항보고서(유상증자결정),,[기재정정]주요사항보고서(전환사채권발행결정)(-15) | [기재정정]주요사항보고서(유상증자결정)(-15) | [기재정정]주요사항보고서(유상증자결정)(-15),2026-08-12: 반기보고서 (2026.06) | 2026-08-11: 주식등의대량보유상황보고서(약식) | 2026-08-10: [기재정정]주주총회소집결의               | 2026-07-29: 주식등의대량보유상황보고서(약식) | 2026-07-29: 소송등의판결ㆍ결정(자율공시:일정금액미만의청구)              ,13
디와이디,219550,-45,🚨 YES,[기재정정]주요사항보고서(유상증자결정) | [기재정정]주요사항보고서(유상증자결정) | [기재정정]주요사항보고서(유상증자결정),,[기재정정]주요사항보고서(유상증자결정)(-15) | [기재정정]주요사항보고서(유상증자결정)(-15) | [기재정정]주요사항보고서(유상증자결정)(-15),2026-08-11: 신주인수권부사채(해외신주인수권부사채포함)발행후만기전사채취득               | 2026-08-07: 임원ㆍ주요주주특정증권등소유상황보고서 | 2026-08-07: 주식등의대량보유상황보고서(일반) | 2026-07-31: [기재정정]주요사항보고서(유상증자결정) | 2026-07-31: 증권발행결과(자율공시)              (제3자배정 유상증자),7
조이웍스앤코,309930,-45,🚨 YES,기타시장안내(관리종목지정우려종목)              (시가총액 200억원 미달) | [기재정정]주요사항보고서(전환사채권발행결정),,기타시장안내(관리종목지정우려종목)              (시가총액 200억원 미달)(-30) | [기재정정]주요사항보고서(전환사채권발행결정)(-15),2026-08-10: 주식등의대량보유상황보고서(약식) | 2026-08-10: 주요사항보고서(자기전환사채만기전취득결정) | 2026-08-07: 임원ㆍ주요주주특정증권등소유상황보고서 | 2026-08-03: 주주명부폐쇄기간또는기준일설정               | 2026-08-03: 주주총회소집결의              (임시주주총회),12
아미코젠,092040,-45,🚨 YES,[기재정정]주요사항보고서(유상증자결정) | [기재정정]주요사항보고서(유상증자결정) | [기재정정]주요사항보고서(유상증자결정),,[기재정정]주요사항보고서(유상증자결정)(-15) | [기재정정]주요사항보고서(유상증자결정)(-15) | [기재정정]주요사항보고서(유상증자결정)(-15),2026-08-10: 임원ㆍ주요주주특정증권등소유상황보고서 | 2026-08-07: [기재정정]주주총회소집결의              (임시주주총회) | 2026-08-07: [기재정정]주주명부폐쇄기간또는기준일설정               | 2026-08-04: [기재정정]경영권변경등에관한계약체결               | 2026-08-04: [기재정정]주요사항보고서(유상증자결정),8
에이텀,355690,-45,🚨 YES,[기재정정]유상증자결정(종속회사의주요경영사항)               | [기재정정]유상증자결정(종속회사의주요경영사항)               | 유상증자결정(종속회사의주요경영사항)              ,,[기재정정]유상증자결정(종속회사의주요경영사항)              (-15) | [기재정정]유상증자결정(종속회사의주요경영사항)              (-15) | 유상증자결정(종속회사의주요경영사항)              (-15),2026-08-04: 주주총회소집공고 | 2026-08-04: 의결권대리행사권유참고서류 | 2026-08-04: [기재정정]주주총회소집결의              (임시주주총회) | 2026-07-31: [기재정정]타법인주식및출자증권취득결정               | 2026-07-31: [기재정정]유상증자결정(종속회사의주요경영사항)              ,11
대동금속,020400,-45,🚨 YES,기타시장안내              (관리종목지정우려종목)(시가총액 200억원 미달) | 주요사항보고서(유상증자결정),,기타시장안내              (관리종목지정우려종목)(시가총액 200억원 미달)(-30) | 주요사항보고서(유상증자결정)(-15),2026-08-12: 기타시장안내              (관리종목지정우려종목)(시가총액 200억원 미달) | 2026-08-12: 타법인주식및출자증권취득결정               | 2026-08-12: 주요사항보고서(유상증자결정),3
파이온엑스,900100,-45,🚨 YES,기타시장안내(관리종목지정우려종목)              (시가총액 200억원 미달) | [기재정정]주요사항보고서(전환사채권발행결정),,기타시장안내(관리종목지정우려종목)              (시가총액 200억원 미달)(-30) | [기재정정]주요사항보고서(전환사채권발행결정)(-15),2026-08-12: [기재정정]주주명부폐쇄기간또는기준일설정               | 2026-08-12: [기재정정]주주총회소집결의              (임시주주총회) | 2026-07-29: 조회공시요구(현저한시황변동)에대한답변(미확정)               | 2026-07-28: 기타시장안내(관리종목지정우려종목)              (시가총액 200억원 미달) | 2026-07-28: 조회공시요구(현저한시황변동)              ,8
HLB테라퓨틱스,115450,-45,🚨 YES,주요사항보고서(유상증자결정) | [기재정정]주요사항보고서(전환사채권발행결정) | [기재정정]주요사항보고서(전환사채권발행결정),,주요사항보고서(유상증자결정)(-15) | [기재정정]주요사항보고서(전환사채권발행결정)(-15) | [기재정정]주요사항보고서(전환사채권발행결정)(-15),2026-08-07: 주요사항보고서(자기전환사채만기전취득결정) | 2026-08-07: 주요사항보고서(유상증자결정) | 2026-08-07: [기재정정]주요사항보고서(전환사채권발행결정) | 2026-08-07: [기재정정]주요사항보고서(전환사채권발행결정) | 2026-08-06: 전환사채(해외전환사채포함)발행후만기전사채취득              ,7
성원에너텍,340930,-45,🚨 YES,[기재정정]주요사항보고서(유상증자결정) | [기재정정]주요사항보고서(유상증자결정) | [기재정정]주요사항보고서(유상증자결정),,[기재정정]주요사항보고서(유상증자결정)(-15) | [기재정정]주요사항보고서(유상증자결정)(-15) | [기재정정]주요사항보고서(유상증자결정)(-15),2026-08-11: 주식등의대량보유상황보고서(일반) | 2026-08-04: [기재정정]소액공모공시서류(지분증권) | 2026-08-04: [기재정정]주주총회소집결의               | 2026-08-04: 기타주요경영사항              (임시주주총회) | 2026-08-04: [기재정정]주요사항보고서(유상증자결정),10
판타지오,032800,-45,🚨 YES,[기재정정]주요사항보고서(유상증자결정) | [기재정정]주요사항보고서(유상증자결정) | 주요사항보고서(유상증자결정),,[기재정정]주요사항보고서(유상증자결정)(-15) | [기재정정]주요사항보고서(유상증자결정)(-15) | 주요사항보고서(유상증자결정)(-15),2026-08-12: [기재정정]증권신고서(지분증권) | 2026-08-11: [기재정정]주요사항보고서(유상증자결정) | 2026-08-07: 임원ㆍ주요주주특정증권등소유상황보고서 | 2026-08-07: 주식등의대량보유상황보고서(일반) | 2026-08-05: 증권발행결과(자율공시)              ,11
씨엑스아이,900120,-40,🚨 YES,기타시장안내(관리종목지정우려종목)              (시가총액 200억원 미달) | 주요사항보고서(유상증자결정),단일판매ㆍ공급계약체결(자회사의 주요경영사항)              (+5),기타시장안내(관리종목지정우려종목)              (시가총액 200억원 미달)(-30) | 주요사항보고서(유상증자결정)(-15),2026-08-11: 독립이사의선임ㆍ해임또는중도퇴임에관한신고 | 2026-08-11: 임시주주총회결과               | 2026-08-07: [기재정정]주주총회소집공고 | 2026-08-07: [첨부정정]주주총회소집결의               | 2026-07-27: 기타시장안내(관리종목지정우려종목)              (시가총액 200억원 미달),19
에이프릴바이오,397030,-40,🚨 YES,[기재정정]주요사항보고서(유상증자결정) | [기재정정]주요사항보고서(유상증자결정),,최대주주변경을수반하는주식담보제공계약체결              (-5) | 최대주주변경              (-5) | [기재정정]주요사항보고서(유상증자결정)(-15) | [기재정정]주요사항보고서(유상증자결정)(-15),2026-08-11: 주주총회소집결의              (임시주주총회) | 2026-08-11: 주주명부폐쇄기간또는기준일설정               | 2026-07-29: 임원ㆍ주요주주특정증권등소유상황보고서 | 2026-07-24: 최대주주변경을수반하는주식담보제공계약체결               | 2026-07-24: 임원ㆍ주요주주특정증권등소유상황보고서,14
광명전기,017040,-40,🚨 YES,[첨부정정]주요사항보고서(감자결정) | [기재정정]주요사항보고서(감자결정),,[첨부정정]주요사항보고서(감자결정)(-20) | [기재정정]주요사항보고서(감자결정)(-20),2026-07-16: [첨부정정]주요사항보고서(감자결정) | 2026-07-16: [기재정정]주요사항보고서(감자결정) | 2026-07-16: 임시주주총회결과              ,3
상보,027580,-40,🚨 YES,기타시장안내(관리종목지정우려종목)              (시가총액 200억원 미달),,최대주주변경              (-5) | 기타시장안내(관리종목지정우려종목)              (시가총액 200억원 미달)(-30) | 최대주주변경을수반하는주식양수도계약체결              (-5),2026-08-11: 임원ㆍ주요주주특정증권등거래계획보고서 | 2026-08-07: 임원ㆍ주요주주특정증권등소유상황보고서 | 2026-08-07: 주식등의대량보유상황보고서(일반) | 2026-08-07: 임원ㆍ주요주주특정증권등소유상황보고서 | 2026-08-07: 주식등의대량보유상황보고서(일반),10
주성코퍼레이션,109070,-35,🚨 YES,[기재정정]주요사항보고서(유상증자결정) | [기재정정]주요사항보고서(전환사채권발행결정),,최대주주등소유주식변동신고서(최대주주변경시)              (-5) | [기재정정]주요사항보고서(유상증자결정)(-15) | [기재정정]주요사항보고서(전환사채권발행결정)(-15),2026-08-11: 최대주주등소유주식변동신고서               | 2026-08-10: 임원ㆍ주요주주특정증권등소유상황보고서 | 2026-08-10: 최대주주등소유주식변동신고서(최대주주변경시)               | 2026-08-07: 임시주주총회결과               | 2026-08-07: 주식등의대량보유상황보고서(일반),12
신한글로벌액티브리츠,481850,-35,🚨 YES,감자결정(종속회사의주요경영사항)               | 유상증자결정(종속회사의주요경영사항)              ,,감자결정(종속회사의주요경영사항)              (-20) | 유상증자결정(종속회사의주요경영사항)              (-15),2026-08-07: 기타경영사항(자율공시)               | 2026-08-03: 타법인주식및출자증권처분결정               | 2026-08-03: 감자결정(종속회사의주요경영사항)               | 2026-07-24: 유상증자결정(종속회사의주요경영사항)               | 2026-07-15: 반기보고서 (2026.05),5
모아데이타,288980,-35,🚨 YES,"기타시장안내(관리종목지정우려종목)              (주가 1,000원 미달)",,"기타시장안내(관리종목지정우려종목)              (주가 1,000원 미달)(-30) | [기재정정]최대주주변경을수반하는주식담보제공계약체결              (-5)","2026-08-12: 기타시장안내(관리종목지정우려종목)              (주가 1,000원 미달) | 2026-08-12: [기재정정]주요사항보고서(자기전환사채만기전취득결정) | 2026-08-10: [기재정정]주식병합결정               | 2026-08-10: [기재정정]주주총회소집공고 | 2026-08-07: [기재정정]주주총회소집공고",24
에스트래픽,234300,-35,🚨 YES,주권매매거래정지              (영업양수도),,주권매매거래정지              (영업양수도)(-30) | [기재정정]최대주주변경을수반하는주식담보제공계약체결              (-5),2026-08-06: 주주명부폐쇄기간또는기준일설정               | 2026-08-06: 주주총회소집결의              (임시주주총회) | 2026-08-06: 주권매매거래정지              (영업양수도) | 2026-08-06: 주요사항보고서(영업양수결정) | 2026-07-28: 임원ㆍ주요주주특정증권등소유상황보고서,10
대선조선,031990,-35,🚨 YES,주요사항보고서(유상증자결정) | 주요사항보고서(감자결정),,주요사항보고서(유상증자결정)(-15) | 주요사항보고서(감자결정)(-20),2026-07-31: 주요사항보고서(유상증자결정) | 2026-07-31: 주요사항보고서(감자결정),2
한울반도체,320000,-35,🚨 YES,[기재정정]주요사항보고서(유상증자결정) | [기재정정]주요사항보고서(유상증자결정),,[기재정정]최대주주변경을수반하는주식담보제공계약체결              (-5) | [기재정정]주요사항보고서(유상증자결정)(-15) | [기재정정]주요사항보고서(유상증자결정)(-15),2026-08-12: [기재정정]최대주주변경을수반하는주식담보제공계약체결               | 2026-08-12: 임시주주총회결과               | 2026-08-10: 주식등의대량보유상황보고서(약식) | 2026-08-04: 기업설명회(IR)개최               | 2026-08-03: [기재정정]주요사항보고서(유상증자결정),13
루멘스,038060,-35,🚨 YES,"기타시장안내(관리종목지정우려종목)              (주가 1,000원 미달)",,"최대주주변경을수반하는주식양수도계약체결              (-5) | 기타시장안내(관리종목지정우려종목)              (주가 1,000원 미달)(-30)","2026-08-12: [기재정정]주식등의대량보유상황보고서(일반) | 2026-08-12: 주식등의대량보유상황보고서(일반) | 2026-08-12: 최대주주변경을수반하는주식양수도계약체결               | 2026-08-05: 기타시장안내(관리종목지정우려종목)              (주가 1,000원 미달) | 2026-07-31: [기재정정]주식병합결정              ",6
노을,376930,-30,🚨 YES,"기타시장안내(관리종목지정우려종목)              (주가 1,000원 미달)",,"기타시장안내(관리종목지정우려종목)              (주가 1,000원 미달)(-30)","2026-08-05: 기타시장안내(관리종목지정우려종목)              (주가 1,000원 미달) | 2026-07-29: 주식등의대량보유상황보고서(일반) | 2026-07-29: 임원ㆍ주요주주특정증권등소유상황보고서 | 2026-07-21: 임시주주총회결과              ",4
퓨쳐메디신,341170,-30,🚨 YES,주권매매거래정지              (지정자문인 선임계약 해지),,주권매매거래정지              (지정자문인 선임계약 해지)(-30),2026-08-12: 기타시장안내              (지정자문인 선임계약 해지에 따른 상장폐지절차 안내) | 2026-08-12: 주권매매거래정지              (지정자문인 선임계약 해지) | 2026-08-12: 지정자문인선임계약의해지               | 2026-07-28: 불성실공시법인지정              (공시번복 2건),4
CMG제약,058820,-30,🚨 YES,"기타시장안내(관리종목지정우려종목)              (주가 1,000원 미달)",,"기타시장안내(관리종목지정우려종목)              (주가 1,000원 미달)(-30)","2026-08-07: [기재정정]주식등의대량보유상황보고서(약식) | 2026-08-05: 기타시장안내(관리종목지정우려종목)              (주가 1,000원 미달) | 2026-07-22: 주주명부폐쇄기간또는기준일설정               | 2026-07-22: 주주총회소집결의              (임시주주총회) | 2026-07-22: 주식병합결정              ",6
이노벡스,279060,-30,🚨 YES,주권매매거래정지기간변경              (지정자문인 계약해지),,주권매매거래정지기간변경              (지정자문인 계약해지)(-30),2026-07-23: 주권매매거래정지기간변경              (지정자문인 계약해지) | 2026-07-23: 기타시장안내              (지정자문인 계약해지) | 2026-07-23: 지정자문인선임계약의해지              ,3
청보,013720,-30,🚨 YES,주권매매거래정지해제              (감자 주권 변경상장),,주권매매거래정지해제              (감자 주권 변경상장)(-30),2026-08-12: 반기보고서 (2026.06) | 2026-07-23: 주권매매거래정지해제              (감자 주권 변경상장) | 2026-07-16: 감자완료              ,3
디젠스,113810,-30,🚨 YES,주권매매거래정지해제              (액면병합 주권 변경상장),,주권매매거래정지해제              (액면병합 주권 변경상장)(-30),2026-08-06: 임원ㆍ주요주주특정증권등거래계획보고서 | 2026-08-05: 임원ㆍ주요주주특정증권등소유상황보고서 | 2026-07-31: 임원ㆍ주요주주특정증권등거래계획보고서 | 2026-07-27: 주권매매거래정지해제              (액면병합 주권 변경상장) | 2026-07-27: 자산재평가결과(자율공시)              ,6
핑거스토리,417180,-30,🚨 YES,기타시장안내(관리종목지정우려종목)              (시가총액 200억원 미달),,기타시장안내(관리종목지정우려종목)              (시가총액 200억원 미달)(-30),2026-08-10: 임원ㆍ주요주주특정증권등소유상황보고서 | 2026-08-10: 주식등의대량보유상황보고서(일반) | 2026-08-03: 임원ㆍ주요주주특정증권등소유상황보고서 | 2026-07-29: 기타시장안내(관리종목지정우려종목)              (시가총액 200억원 미달) | 2026-07-27: 임원ㆍ주요주주특정증권등소유상황보고서,7
아이큐어,175250,-30,🚨 YES,[기재정정]주요사항보고서(유상증자결정) | [기재정정]주요사항보고서(유상증자결정),,[기재정정]주요사항보고서(유상증자결정)(-15) | [기재정정]주요사항보고서(유상증자결정)(-15),2026-08-12: [기재정정]주요사항보고서(유상증자결정) | 2026-08-05: [기재정정]주요사항보고서(유상증자결정) | 2026-08-04: 기타시장안내              (개선계획 이행내역서 제출) | 2026-08-04: [기재정정]의결권대리행사권유참고서류 | 2026-08-04: [기재정정]주주총회소집공고,11
형지I&C,011080,-30,🚨 YES,기타시장안내(관리종목지정우려종목)              (시가총액 200억원 미달),,기타시장안내(관리종목지정우려종목)              (시가총액 200억원 미달)(-30),2026-07-28: 임원ㆍ주요주주특정증권등소유상황보고서 | 2026-07-28: 임원ㆍ주요주주특정증권등소유상황보고서 | 2026-07-28: 임원ㆍ주요주주특정증권등소유상황보고서 | 2026-07-27: 기타시장안내(관리종목지정우려종목)              (시가총액 200억원 미달) | 2026-07-20: 증권발행실적보고서,8
대신정보통신,020180,-30,🚨 YES,주권매매거래정지              (주식병합),,주권매매거래정지              (주식병합)(-30),2026-08-11: 임원ㆍ주요주주특정증권등소유상황보고서 | 2026-08-10: 임원ㆍ주요주주특정증권등소유상황보고서 | 2026-08-10: 임원ㆍ주요주주특정증권등소유상황보고서 | 2026-08-10: 임원ㆍ주요주주특정증권등소유상황보고서 | 2026-08-10: 임원ㆍ주요주주특정증권등소유상황보고서,9
국일신동,060480,-30,🚨 YES,기타시장안내(관리종목지정우려종목)              (시가총액 200억원 미달),,기타시장안내(관리종목지정우려종목)              (시가총액 200억원 미달)(-30),2026-08-11: 임원ㆍ주요주주특정증권등거래계획보고서 | 2026-08-05: 기타시장안내(관리종목지정우려종목)              (시가총액 200억원 미달),2
와이즈버즈,273060,-30,🚨 YES,"기타시장안내(관리종목지정우려종목)              (주가 1,000원 미달)",,"기타시장안내(관리종목지정우려종목)              (주가 1,000원 미달)(-30)","2026-08-12: 지급수단별ㆍ지급기간별지급금액및분쟁조정기구에관한사항 | 2026-08-07: 반기보고서 (2026.06) | 2026-08-05: 기타시장안내(관리종목지정우려종목)              (주가 1,000원 미달) | 2026-07-30: [기재정정]대규모기업집단현황공시[연1회공시및1/4분기용(개별회사)] | 2026-07-20: 임시주주총회결과              ",6
오에스피,368970,-30,🚨 YES,[기재정정]주요사항보고서(유상증자결정) | 주요사항보고서(유상증자결정),,[기재정정]주요사항보고서(유상증자결정)(-15) | 주요사항보고서(유상증자결정)(-15),2026-08-12: 증권발행결과(자율공시)              (제3자배정 유상증자) | 2026-08-10: 주식등의대량보유상황보고서(약식) | 2026-08-07: 주식등의대량보유상황보고서(약식) | 2026-08-04: [기재정정]주요사항보고서(유상증자결정) | 2026-08-03: 기업가치제고계획(자율공시)              (2026년 오에스피 기업가치 제고 계획),20
탑선,180060,-30,🚨 YES,[첨부정정]주요사항보고서(유상증자결정) | [기재정정]주요사항보고서(유상증자결정),,[첨부정정]주요사항보고서(유상증자결정)(-15) | [기재정정]주요사항보고서(유상증자결정)(-15),2026-08-10: 주식등의대량보유상황보고서(일반) | 2026-08-10: 임원ㆍ주요주주특정증권등소유상황보고서 | 2026-08-05: 주식등의대량보유상황보고서(일반) | 2026-08-05: 임원ㆍ주요주주특정증권등소유상황보고서 | 2026-08-03: 주식등의대량보유상황보고서(일반),10
원풍물산,008290,-30,🚨 YES,"기타시장안내              (관리종목지정사유 추가우려)(주가 1,000원 미달)",,"기타시장안내              (관리종목지정사유 추가우려)(주가 1,000원 미달)(-30)","2026-08-05: 기타시장안내              (관리종목지정사유 추가우려)(주가 1,000원 미달)",1
대산F&B,065150,-30,🚨 YES,주권매매거래정지해제              (상장유지 결정),,주권매매거래정지해제              (상장유지 결정)(-30),2026-07-21: 소속부변경               | 2026-07-21: 주권매매거래정지해제              (상장유지 결정) | 2026-07-21: 기타시장안내              (기업심사위원회 심의·의결 결과 및 상장유지 결정 안내),3
포커스에이아이,331380,-30,🚨 YES,[기재정정]주요사항보고서(유상증자결정) | [기재정정]주요사항보고서(유상증자결정),,[기재정정]주요사항보고서(유상증자결정)(-15) | [기재정정]주요사항보고서(유상증자결정)(-15),2026-08-05: 주식등의대량보유상황보고서(약식) | 2026-07-22: [기재정정]주요사항보고서(유상증자결정) | 2026-07-22: [기재정정]주요사항보고서(유상증자결정) | 2026-07-20: [기재정정]임원ㆍ주요주주특정증권등소유상황보고서 | 2026-07-14: 임원ㆍ주요주주특정증권등소유상황보고서,5
아이스크림에듀,289010,-30,🚨 YES,기타시장안내(관리종목지정우려종목)              (시가총액 200억원 미달),,기타시장안내(관리종목지정우려종목)              (시가총액 200억원 미달)(-30),"2026-08-05: 기타시장안내              (관리종목 지정사유 추가우려)(주가 1,000원 미달) | 2026-08-05: 주요사항보고서(자기전환사채만기전취득결정) | 2026-08-04: 주식등의대량보유상황보고서(약식) | 2026-07-27: 기타시장안내(관리종목지정우려종목)              (시가총액 200억원 미달)",4
디에이치엑스컴퍼니,031860,-30,🚨 YES,"주권매매거래정지기간변경              (주식의 병합, 분할 등 전자등록 변경, 말소)",,"주권매매거래정지기간변경              (주식의 병합, 분할 등 전자등록 변경, 말소)(-30)","2026-08-07: 조회공시요구(현저한시황변동)에대한답변(미확정)               | 2026-08-04: 불성실공시법인지정              (공시번복) | 2026-08-03: 투자판단관련주요경영사항              (경영지배인 선임의 건) | 2026-08-03: 대표이사변경               | 2026-07-15: 주권매매거래정지기간변경              (주식의 병합, 분할 등 전자등록 변경, 말소)",5
로지스몬,223220,-30,🚨 YES,[기재정정]주요사항보고서(유상증자결정) | 주요사항보고서(유상증자결정),,[기재정정]주요사항보고서(유상증자결정)(-15) | 주요사항보고서(유상증자결정)(-15),2026-08-05: 소액공모실적보고서 | 2026-08-05: 증권발행결과(자율공시)              (일반공모-소액공모) | 2026-08-04: 소송등의판결ㆍ결정              (신주발행금지가처분) | 2026-08-04: 유상증자또는주식관련사채등의청약결과(자율공시)              (일반공모-소액공모) | 2026-08-04: [기재정정]소액공모공시서류(지분증권),12
삼천리,004690,-30,🚨 YES,[기재정정]유상증자결정(종속회사의주요경영사항)               | 유상증자결정(종속회사의주요경영사항)              ,,[기재정정]유상증자결정(종속회사의주요경영사항)              (-15) | 유상증자결정(종속회사의주요경영사항)              (-15),2026-08-12: 지급수단별ㆍ지급기간별지급금액및분쟁조정기구에관한사항 | 2026-08-10: 특수관계인에대한출자 | 2026-07-24: 타법인주식및출자증권취득결정               | 2026-07-24: 특수관계인에대한출자 | 2026-07-16: [기재정정]유상증자결정(종속회사의주요경영사항)              ,6
티케이지애강,022220,-30,🚨 YES,"기타시장안내(관리종목지정우려종목)              (주가 1,000원 미달)",,"기타시장안내(관리종목지정우려종목)              (주가 1,000원 미달)(-30)","2026-08-05: 기타시장안내(관리종목지정우려종목)              (주가 1,000원 미달)",1
우리바이오,082850,-30,🚨 YES,"주권매매거래정지              (주식의 병합, 분할 등 전자등록 변경, 말소)",,"주권매매거래정지              (주식의 병합, 분할 등 전자등록 변경, 말소)(-30)","2026-08-11: 주권매매거래정지              (주식의 병합, 분할 등 전자등록 변경, 말소) | 2026-07-15: 임시주주총회결과              ",2
더테크놀로지,043090,-30,🚨 YES,주권매매거래정지해제              (상장폐지에 따른 정리매매 개시),,주권매매거래정지해제              (상장폐지에 따른 정리매매 개시)(-30),2026-08-07: 임원ㆍ주요주주특정증권등소유상황보고서 | 2026-08-07: 주식등의대량보유상황보고서(약식) | 2026-08-07: 임원ㆍ주요주주특정증권등소유상황보고서 | 2026-08-07: 주식등의대량보유상황보고서(약식) | 2026-07-28: 주권매매거래정지해제              (상장폐지에 따른 정리매매 개시),7
스코넥,276040,-30,🚨 YES,주권매매거래정지기간변경              (상장적격성 실질심사 대상(사유발생)),[기재정정]단일판매ㆍ공급계약체결              (+5),주권매매거래정지기간변경              (상장적격성 실질심사 대상(사유발생))(-30) | 최대주주변경              (-5),2026-08-12: 불성실공시법인지정              (공시번복) | 2026-08-06: 기타시장안내              (상장적격성 실질심사 대상결정 기한 안내) | 2026-08-05: 기타시장안내              (상장적격성 실질심사 관련 안내) | 2026-08-05: 주권매매거래정지기간변경              (상장적격성 실질심사 대상(사유발생)) | 2026-08-05: 최대주주변경              ,8
씨씨에스,066790,-30,🚨 YES,주권매매거래정지기간변경              (감자 주권 변경상장),,주권매매거래정지기간변경              (감자 주권 변경상장)(-30),2026-08-07: 투자판단관련주요경영사항              (소액주주들에 의한 [일시 이사의 직무를 행할자의 선임에 관한 재판요청서] 즉시항고에 대한 결정) | 2026-08-07: 기타경영사항(자율공시)              (방송미디어통신위원회의 최대주주 등에 대한 시정명령 처분관련 시정명령 취소 상고장 제출) | 2026-08-07: 반기보고서 (2026.06) | 2026-07-30: 주권매매거래정지기간변경              (감자 주권 변경상장) | 2026-07-29: 기타경영사항(자율공시)              (최대주주의 특별현금화명령 재항고에 대한 결정),16
패션플랫폼,225590,-30,🚨 YES,기타시장안내(관리종목지정우려종목)              (시가총액 200억원 미달),,기타시장안내(관리종목지정우려종목)              (시가총액 200억원 미달)(-30),2026-08-05: 기타시장안내(관리종목지정우려종목)              (시가총액 200억원 미달),1
일신바이오,068330,-30,🚨 YES,"기타시장안내(관리종목지정우려종목)              (주가 1,000원 미달)",,"기타시장안내(관리종목지정우려종목)              (주가 1,000원 미달)(-30)","2026-08-11: 기타시장안내(관리종목지정우려종목)              (주가 1,000원 미달)",1
미스터블루,207760,-30,🚨 YES,"주권매매거래정지              (주식의 병합, 분할 등 전자등록 변경, 말소)",,"주권매매거래정지              (주식의 병합, 분할 등 전자등록 변경, 말소)(-30)","2026-08-05: 주식등의대량보유상황보고서(일반) | 2026-08-05: 임원ㆍ주요주주특정증권등소유상황보고서 | 2026-08-05: 임원ㆍ주요주주특정증권등소유상황보고서 | 2026-08-05: 임원ㆍ주요주주특정증권등소유상황보고서 | 2026-07-29: 주권매매거래정지              (주식의 병합, 분할 등 전자등록 변경, 말소)",5
루트K,195990,-30,🚨 YES,주권매매거래정지해제              (액면병합 주권 변경상장),,주권매매거래정지해제              (액면병합 주권 변경상장)(-30),2026-07-29: 주권매매거래정지해제              (액면병합 주권 변경상장),1
LK삼양,225190,-30,🚨 YES,"기타시장안내(관리종목지정우려종목)              (주가 1,000원 미달)",,"기타시장안내(관리종목지정우려종목)              (주가 1,000원 미달)(-30)","2026-08-05: 기타시장안내(관리종목지정우려종목)              (주가 1,000원 미달) | 2026-08-05: 주주총회소집공고",2
애드바이오텍,179530,-30,🚨 YES,[기재정정]주요사항보고서(전환사채권발행결정) | [기재정정]주요사항보고서(전환사채권발행결정),,[기재정정]주요사항보고서(전환사채권발행결정)(-15) | [기재정정]주요사항보고서(전환사채권발행결정)(-15),2026-08-12: 독립이사의선임ㆍ해임또는중도퇴임에관한신고 | 2026-08-11: 임시주주총회결과               | 2026-07-30: [기재정정]주요사항보고서(자기전환사채매도결정) | 2026-07-27: 의결권대리행사권유참고서류 | 2026-07-27: 주주총회소집공고,8
티앤엘,340570,-30,🚨 YES,주권매매거래정지              (무상증자),,주권매매거래정지              (무상증자)(-30),2026-08-10: 임원ㆍ주요주주특정증권등소유상황보고서 | 2026-08-10: 임원ㆍ주요주주특정증권등소유상황보고서 | 2026-08-10: 임원ㆍ주요주주특정증권등소유상황보고서 | 2026-08-10: 임원ㆍ주요주주특정증권등소유상황보고서 | 2026-08-10: 임원ㆍ주요주주특정증권등소유상황보고서,12
대호특수강,021040,-30,🚨 YES,"기타시장안내(관리종목지정우려종목)              (주가 1,000원 미달)",,"기타시장안내(관리종목지정우려종목)              (주가 1,000원 미달)(-30)","2026-08-05: 기타시장안내(관리종목지정우려종목)              (주가 1,000원 미달)",1
서울전자통신,027040,-30,🚨 YES,주요사항보고서(유상증자결정) | [기재정정]주요사항보고서(유상증자결정),,주요사항보고서(유상증자결정)(-15) | [기재정정]주요사항보고서(유상증자결정)(-15),2026-08-07: 소액공모공시서류(지분증권) | 2026-08-07: 주요사항보고서(유상증자결정) | 2026-07-29: [기재정정]주요사항보고서(유상증자결정) | 2026-07-20: 임원ㆍ주요주주특정증권등소유상황보고서 | 2026-07-16: 독립이사의선임ㆍ해임또는중도퇴임에관한신고,8
젬백스,082270,-30,OK,,,[기재정정]최대주주변경을수반하는주식담보제공계약체결              (-5) | [기재정정]최대주주변경을수반하는주식담보제공계약체결              (-5) | [기재정정]최대주주변경을수반하는주식담보제공계약체결              (-5) | [기재정정]최대주주변경을수반하는주식담보제공계약체결              (-5) | [기재정정]최대주주변경을수반하는주식담보제공계약체결              (-5),2026-08-12: [기재정정]최대주주변경을수반하는주식담보제공계약체결               | 2026-07-31: 주식등의대량보유상황보고서(일반) | 2026-07-30: [기재정정]최대주주변경을수반하는주식담보제공계약체결               | 2026-07-28: [기재정정]최대주주변경을수반하는주식담보제공계약체결               | 2026-07-24: [기재정정]최대주주변경을수반하는주식담보제공계약체결              ,8
쎄노텍,222420,-30,🚨 YES,"기타시장안내(관리종목지정우려종목)              (주가 1,000원 미달)",,"기타시장안내(관리종목지정우려종목)              (주가 1,000원 미달)(-30)","2026-08-06: 기타시장안내(관리종목지정우려종목)              (주가 1,000원 미달) | 2026-07-31: 반기보고서 (2026.06)",2
시스웍,269620,-30,🚨 YES,주권매매거래정지해제              (상장폐지에 따른 정리매매 개시),,주권매매거래정지해제              (상장폐지에 따른 정리매매 개시)(-30),2026-08-11: 주권매매거래정지해제              (상장폐지에 따른 정리매매 개시) | 2026-08-11: 기타시장안내              (상장폐지결정 등 효력정지 가처분 신청 기각에 따른 정리매매절차 재개) | 2026-08-07: [기재정정]회생절차개시결정              ,3
한탑,002680,-30,🚨 YES,기타시장안내(관리종목지정우려종목)              (시가총액 200억원 미달),,기타시장안내(관리종목지정우려종목)              (시가총액 200억원 미달)(-30),2026-08-11: 임원ㆍ주요주주특정증권등거래계획보고서 | 2026-08-10: [기재정정]임원ㆍ주요주주특정증권등소유상황보고서 | 2026-08-10: [기재정정]임원ㆍ주요주주특정증권등소유상황보고서 | 2026-08-10: [기재정정]주식등의대량보유상황보고서(일반) | 2026-08-05: 기타시장안내(관리종목지정우려종목)              (시가총액 200억원 미달),6
SDN,099220,-30,🚨 YES,"기타시장안내(관리종목지정우려종목)              (주가 1,000원 미달)",,"기타시장안내(관리종목지정우려종목)              (주가 1,000원 미달)(-30)","2026-08-06: 임시주주총회결과               | 2026-08-05: 기타시장안내(관리종목지정우려종목)              (주가 1,000원 미달) | 2026-07-21: [기재정정]주주총회소집결의              (임시주주총회) | 2026-07-21: 의결권대리행사권유참고서류 | 2026-07-21: 주주총회소집공고",5
베셀,177350,-30,🚨 YES,"주권매매거래정지              (주식의 병합, 분할 등 전자등록 변경, 말소)",,"주권매매거래정지              (주식의 병합, 분할 등 전자등록 변경, 말소)(-30)","2026-07-21: 주권매매거래정지              (주식의 병합, 분할 등 전자등록 변경, 말소)",1
케이에이치필룩스,033180,-30,🚨 YES,[기재정정]주요사항보고서(유상증자결정) | [기재정정]주요사항보고서(유상증자결정),,[기재정정]주요사항보고서(유상증자결정)(-15) | [기재정정]주요사항보고서(유상증자결정)(-15),2026-07-31: [기재정정]사업보고서 (2025.12) | 2026-07-20: [기재정정]주요사항보고서(유상증자결정) | 2026-07-20: [기재정정]주요사항보고서(유상증자결정),3
파루,043200,-30,🚨 YES,"주권매매거래정지              (주식의 병합, 분할 등 전자등록 변경, 말소)",,"주권매매거래정지              (주식의 병합, 분할 등 전자등록 변경, 말소)(-30)","2026-07-30: 주권매매거래정지              (주식의 병합, 분할 등 전자등록 변경, 말소) | 2026-07-16: 임시주주총회결과              ",2
에스앤더블류,103230,-30,🚨 YES,기타시장안내(관리종목지정우려종목)              (시가총액 200억원 미달),,기타시장안내(관리종목지정우려종목)              (시가총액 200억원 미달)(-30),2026-08-05: 기타시장안내(관리종목지정우려종목)              (시가총액 200억원 미달) | 2026-07-29: 임원ㆍ주요주주특정증권등거래계획보고서 | 2026-07-29: 임원ㆍ주요주주특정증권등거래계획보고서 | 2026-07-29: 임원ㆍ주요주주특정증권등거래계획보고서 | 2026-07-28: [기재정정]임시주주총회결과              ,6
신라섬유,001000,-30,🚨 YES,"기타시장안내(관리종목지정우려종목)              (주가 1,000원 미달)",,"기타시장안내(관리종목지정우려종목)              (주가 1,000원 미달)(-30)","2026-08-11: 기타시장안내(관리종목지정우려종목)              (주가 1,000원 미달) | 2026-08-10: 주식등의대량보유상황보고서(약식) | 2026-08-07: 임시주주총회결과               | 2026-07-23: 주주총회소집공고",4
아이윈,090150,-30,🚨 YES,"주권매매거래정지              (주식의 병합, 분할 등 전자등록 변경, 말소)",,"주권매매거래정지              (주식의 병합, 분할 등 전자등록 변경, 말소)(-30)",2026-08-10: 임원ㆍ주요주주특정증권등소유상황보고서 | 2026-08-10: 임원ㆍ주요주주특정증권등소유상황보고서 | 2026-07-27: 주식등의대량보유상황보고서(일반) | 2026-07-27: 임원ㆍ주요주주특정증권등소유상황보고서 | 2026-07-24: 전환가액의조정              ,8
한국캐피탈,023760,-30,🚨 YES,"주권매매거래정지              (주식의 병합, 분할 등 전자등록 변경, 말소)",,"주권매매거래정지              (주식의 병합, 분할 등 전자등록 변경, 말소)(-30)",2026-08-12: [기재정정]주식병합결정               | 2026-08-07: 증권발행실적보고서 | 2026-08-06: 투자설명서(일괄신고) | 2026-08-06: 일괄신고추가서류 | 2026-07-30: 증권발행실적보고서,12
인지디스플레,037330,-30,🚨 YES,"기타시장안내(관리종목지정우려종목)              (주가 1,000원 미달)",,"기타시장안내(관리종목지정우려종목)              (주가 1,000원 미달)(-30)","2026-08-06: 기타시장안내(관리종목지정우려종목)              (주가 1,000원 미달) | 2026-07-28: 주주총회소집결의              (임시주주총회) | 2026-07-28: 주주명부폐쇄기간또는기준일설정               | 2026-07-28: 주식병합결정              ",4
툴젠,199800,-30,🚨 YES,[기재정정]주요사항보고서(유상증자결정) | [기재정정]주요사항보고서(유상증자결정),,[기재정정]주요사항보고서(유상증자결정)(-15) | [기재정정]주요사항보고서(유상증자결정)(-15),2026-08-06: 권리락              (유상증자) | 2026-08-06: [기재정정]주요사항보고서(유상증자결정) | 2026-08-06: 유상증자1차발행가액결정               | 2026-08-06: 투자설명서 | 2026-08-06: [발행조건확정]증권신고서(지분증권),12
이스트에이드,239340,-30,🚨 YES,"기타시장안내(관리종목지정우려종목)              (주가 1,000원 미달)",,"기타시장안내(관리종목지정우려종목)              (주가 1,000원 미달)(-30)","2026-08-11: 임원ㆍ주요주주특정증권등소유상황보고서 | 2026-08-05: 기타시장안내(관리종목지정우려종목)              (주가 1,000원 미달) | 2026-07-29: 임시주주총회결과               | 2026-07-23: [기재정정]임원ㆍ주요주주특정증권등소유상황보고서 | 2026-07-23: 임원ㆍ주요주주특정증권등소유상황보고서",8
엔젠바이오,354200,-30,🚨 YES,[기재정정]주요사항보고서(유상증자결정) | [기재정정]주요사항보고서(유상증자결정),,[기재정정]주요사항보고서(유상증자결정)(-15) | [기재정정]주요사항보고서(유상증자결정)(-15),2026-08-07: 임원ㆍ주요주주특정증권등소유상황보고서 | 2026-07-29: 주식등의대량보유상황보고서(일반) | 2026-07-29: 임원ㆍ주요주주특정증권등소유상황보고서 | 2026-07-20: 권리락              (유상증자) | 2026-07-20: 투자설명서,11
윙스풋,335870,-30,🚨 YES,"주권매매거래정지              (주식의 병합, 분할 등 전자등록 변경, 말소)",,"주권매매거래정지              (주식의 병합, 분할 등 전자등록 변경, 말소)(-30)","2026-08-04: 주권매매거래정지              (주식의 병합, 분할 등 전자등록 변경, 말소) | 2026-07-23: 임원ㆍ주요주주특정증권등거래계획철회보고서 | 2026-07-23: 임시주주총회결과               | 2026-07-23: 독립이사의선임ㆍ해임또는중도퇴임에관한신고",4
크린앤사이언스,045520,-30,🚨 YES,기타시장안내(관리종목지정우려종목)              (시가총액 200억원 미달),,기타시장안내(관리종목지정우려종목)              (시가총액 200억원 미달)(-30),2026-08-12: 반기보고서 (2026.06) | 2026-08-11: 임원ㆍ주요주주특정증권등거래계획보고서 | 2026-08-11: 주식등의대량보유상황보고서(일반) | 2026-08-11: 임원ㆍ주요주주특정증권등소유상황보고서 | 2026-08-07: 기타시장안내(관리종목지정우려종목)              (시가총액 200억원 미달),6
KNN,058400,-30,🚨 YES,주권매매거래정지해제              (액면병합 주권 변경상장),,주권매매거래정지해제              (액면병합 주권 변경상장)(-30),2026-08-10: 반기보고서 (2026.06) | 2026-08-07: 임원ㆍ주요주주특정증권등소유상황보고서 | 2026-08-07: 임원ㆍ주요주주특정증권등소유상황보고서 | 2026-08-07: 임원ㆍ주요주주특정증권등소유상황보고서 | 2026-08-07: 임원ㆍ주요주주특정증권등소유상황보고서,6
하나30호기업인수목적,469880,-30,🚨 YES,주권매매거래정지              (상장폐지 사유발생),,주권매매거래정지              (상장폐지 사유발생)(-30),2026-08-12: 반기보고서 (2026.06) | 2026-07-31: 주요사항보고서(해산사유발생) | 2026-07-31: 주식등의대량보유상황보고서(약식) | 2026-07-21: 기타경영사항(자율공시)              (하나30호기업인수목적(주) 청산 관련 주요사항 안내) | 2026-07-20: 주권매매거래정지              (상장폐지 사유발생),5
GMI벤처,019570,-30,🚨 YES,주권매매거래정지해제              (액면병합 주권 변경상장),,주권매매거래정지해제              (액면병합 주권 변경상장)(-30),2026-07-31: 주식등의대량보유상황보고서(약식) | 2026-07-30: 주권매매거래정지해제              (액면병합 주권 변경상장),2
빌리언스,044480,-30,🚨 YES,"주권매매거래정지              (주식의 병합, 분할 등 전자등록 변경, 말소)",,"주권매매거래정지              (주식의 병합, 분할 등 전자등록 변경, 말소)(-30)","2026-08-11: 주권매매거래정지              (주식의 병합, 분할 등 전자등록 변경, 말소) | 2026-07-31: 임시주주총회결과               | 2026-07-16: 주주총회소집공고 | 2026-07-16: [기재정정]주주총회소집결의              (임시주주총회) | 2026-07-16: 주식병합결정              ",5
아티스트컴퍼니,321820,-30,🚨 YES,주권매매거래정지              (영업양수도),,주권매매거래정지              (영업양수도)(-30),2026-07-22: 주주명부폐쇄기간또는기준일설정               | 2026-07-22: 주주총회소집결의              (임시주주총회) | 2026-07-22: 주요사항보고서(영업양도결정) | 2026-07-22: 주권매매거래정지              (영업양수도) | 2026-07-15: 주식등의대량보유상황보고서(일반),9
비케이홀딩스,050090,-30,🚨 YES,기타시장안내(관리종목지정우려종목)              (시가총액 200억원 미달),,기타시장안내(관리종목지정우려종목)              (시가총액 200억원 미달)(-30),"2026-08-12: 주주명부폐쇄기간또는기준일설정               | 2026-08-12: 주주총회소집결의              (임시주주총회) | 2026-08-12: 주식병합결정               | 2026-08-05: 기타시장안내              (관리종목 지정사유 추가우려)(주가 1,000원 미달) | 2026-07-27: 기타시장안내(관리종목지정우려종목)              (시가총액 200억원 미달)",5
웨이버스,336060,-30,🚨 YES,주권매매거래정지해제              (액면병합 주권 변경상장),,주권매매거래정지해제              (액면병합 주권 변경상장)(-30),2026-08-07: 임원ㆍ주요주주특정증권등소유상황보고서 | 2026-08-07: 임원ㆍ주요주주특정증권등소유상황보고서 | 2026-08-07: 임원ㆍ주요주주특정증권등소유상황보고서 | 2026-08-07: 임원ㆍ주요주주특정증권등소유상황보고서 | 2026-08-07: 임원ㆍ주요주주특정증권등소유상황보고서,9
바른손이앤에이,035620,-30,🚨 YES,기타시장안내(관리종목지정우려종목)              (시가총액 200억원 미달),,기타시장안내(관리종목지정우려종목)              (시가총액 200억원 미달)(-30),"2026-08-05: 기타시장안내              (관리종목 지정사유 추가우려)(주가 1,000원 미달) | 2026-07-29: 기타시장안내(관리종목지정우려종목)              (시가총액 200억원 미달)",2
신영스팩10호,472220,-30,🚨 YES,기타시장안내(관리종목지정우려종목)              ,,기타시장안내(관리종목지정우려종목)              (-30),2026-08-10: 반기보고서 (2026.06) | 2026-07-31: 기업인수목적회사의예치ㆍ신탁계약내용변경               | 2026-07-22: 기타시장안내(관리종목지정우려종목)              ,3
시큐레터,418250,-30,🚨 YES,주권매매거래정지기간변경              (개선기간 부여),,주권매매거래정지기간변경              (개선기간 부여)(-30),2026-07-23: 상장적격성실질심사관련주요개선계획(자율공시)               | 2026-07-22: 주권매매거래정지기간변경              (개선기간 부여) | 2026-07-22: 기타시장안내              (코스닥시장위원회 심의·의결 결과 및 개선기간 부여 안내),3
우리이앤엘하루틴,153490,-30,🚨 YES,"주권매매거래정지              (주식의 병합, 분할 등 전자등록 변경, 말소)",,"주권매매거래정지              (주식의 병합, 분할 등 전자등록 변경, 말소)(-30)","2026-07-24: 주권매매거래정지              (주식의 병합, 분할 등 전자등록 변경, 말소) | 2026-07-15: 임시주주총회결과              ",2
동아지질,028100,-30,🚨 YES,[기재정정]매매거래정지및정지해제(중요내용공시)               | 매매거래정지및정지해제(중요내용공시)              ,단일판매ㆍ공급계약체결              (+5) | [기재정정]단일판매ㆍ공급계약체결(자율공시)              (+5) | [기재정정]단일판매ㆍ공급계약체결              (+5) | [기재정정]단일판매ㆍ공급계약체결              (+5) | [기재정정]단일판매ㆍ공급계약체결              (+5),[기재정정]매매거래정지및정지해제(중요내용공시)              (-30) | 매매거래정지및정지해제(중요내용공시)              (-30),2026-08-06: 단일판매ㆍ공급계약체결               | 2026-08-06: [기재정정]단일판매ㆍ공급계약체결(자율공시)               | 2026-08-03: [기재정정]단일판매ㆍ공급계약체결               | 2026-07-30: [기재정정]단일판매ㆍ공급계약체결               | 2026-07-27: [기재정정]단일판매ㆍ공급계약체결              ,13
케이에이치미래물산,111870,-30,🚨 YES,[기재정정]주요사항보고서(유상증자결정) | [기재정정]주요사항보고서(유상증자결정),,[기재정정]주요사항보고서(유상증자결정)(-15) | [기재정정]주요사항보고서(유상증자결정)(-15),2026-07-27: [기재정정]주요사항보고서(유상증자결정) | 2026-07-27: [기재정정]주요사항보고서(유상증자결정) | 2026-07-22: [기재정정]사업보고서 (2025.12),3
나이스정보통신,036800,-30,🚨 YES,주권매매거래정지              (주식분할),,주권매매거래정지              (주식분할)(-30),2026-08-07: 임원ㆍ주요주주특정증권등소유상황보고서 | 2026-08-07: 임원ㆍ주요주주특정증권등소유상황보고서 | 2026-08-07: 임원ㆍ주요주주특정증권등소유상황보고서 | 2026-08-07: 주식등의대량보유상황보고서(일반) | 2026-08-07: [기재정정]주식매수선택권부여에관한신고,8
아이톡시,052770,-30,🚨 YES,주권매매거래정지기간변경              (상장적격성 실질심사 대상(사유발생)),,주권매매거래정지기간변경              (상장적격성 실질심사 대상(사유발생))(-30),2026-08-10: 기타시장안내              (실질심사 대상여부 결정을 위한 조사기간 연장 안내) | 2026-07-21: 기타시장안내              (상장적격성 실질심사 대상결정 기한 안내) | 2026-07-20: 기타시장안내              (상장적격성 실질심사 관련안내) | 2026-07-20: 주권매매거래정지기간변경              (상장적격성 실질심사 대상(사유발생)) | 2026-07-20: 불성실공시법인지정              (공시번복 3건),5
나노실리칸첨단소재,286750,-30,🚨 YES,"주권매매거래정지              (주식의 병합, 분할 등 전자등록 변경, 말소)",,"주권매매거래정지              (주식의 병합, 분할 등 전자등록 변경, 말소)(-30)","2026-08-11: 주식등의대량보유상황보고서(약식) | 2026-07-31: 주권매매거래정지              (주식의 병합, 분할 등 전자등록 변경, 말소) | 2026-07-21: 전환가액의조정              (제2회차)",3
에쎈테크,043340,-30,🚨 YES,"기타시장안내(관리종목지정우려종목)              (주가 1,000원 미달)",,"기타시장안내(관리종목지정우려종목)              (주가 1,000원 미달)(-30)","2026-08-10: 주식등의대량보유상황보고서(일반) | 2026-08-05: 기타시장안내(관리종목지정우려종목)              (주가 1,000원 미달) | 2026-07-28: 주식등의대량보유상황보고서(일반)",3
조아제약,034940,-30,🚨 YES,"주권매매거래정지              (주식의 병합, 분할 등 전자등록 변경, 말소)",,"주권매매거래정지              (주식의 병합, 분할 등 전자등록 변경, 말소)(-30)","2026-07-31: 주권매매거래정지              (주식의 병합, 분할 등 전자등록 변경, 말소)",1
비덴트,121800,-30,🚨 YES,주권매매거래정지기간변경              (개선기간 부여),,주권매매거래정지기간변경              (개선기간 부여)(-30),2026-07-23: 상장적격성실질심사관련주요개선계획(자율공시)               | 2026-07-22: 주권매매거래정지기간변경              (개선기간 부여) | 2026-07-22: 기타시장안내              (코스닥시장위원회 심의·의결 결과 및 개선기간 부여 안내),3
샤페론,378800,-30,🚨 YES,"기타시장안내(관리종목지정우려종목)              (주가 1,000원 미달)",,"기타시장안내(관리종목지정우려종목)              (주가 1,000원 미달)(-30)","2026-08-12: 반기보고서 (2026.06) | 2026-08-11: 주요사항보고서(자기전환사채만기전취득결정) | 2026-08-06: 임시주주총회결과               | 2026-08-05: 기타시장안내(관리종목지정우려종목)              (주가 1,000원 미달) | 2026-07-30: 불성실공시법인미지정              (지정유예)",7
펨토바이오메드,327610,-30,🚨 YES,주권매매거래정지해제              (상장폐지에 따른 정리매매 개시),,주권매매거래정지해제              (상장폐지에 따른 정리매매 개시)(-30),2026-08-11: 주권매매거래정지해제              (상장폐지에 따른 정리매매 개시),1
에이비온,203400,-30,🚨 YES,"기타시장안내(관리종목지정우려종목)              (주가 1,000원 미달)",,"기타시장안내(관리종목지정우려종목)              (주가 1,000원 미달)(-30)","2026-08-11: 임원ㆍ주요주주특정증권등소유상황보고서 | 2026-08-05: 기타시장안내(관리종목지정우려종목)              (주가 1,000원 미달) | 2026-08-05: 주식등의대량보유상황보고서(일반) | 2026-08-05: 임원ㆍ주요주주특정증권등소유상황보고서 | 2026-08-05: 임원ㆍ주요주주특정증권등소유상황보고서",8
에이루트,096690,-30,🚨 YES,[기재정정]주요사항보고서(유상증자결정) | [기재정정]주요사항보고서(유상증자결정),,[기재정정]주요사항보고서(유상증자결정)(-15) | [기재정정]주요사항보고서(유상증자결정)(-15),2026-08-10: 임원ㆍ주요주주특정증권등소유상황보고서 | 2026-08-05: 임원ㆍ주요주주특정증권등소유상황보고서 | 2026-08-03: 임원ㆍ주요주주특정증권등소유상황보고서 | 2026-07-28: 주식등의대량보유상황보고서(일반) | 2026-07-28: 임원ㆍ주요주주특정증권등소유상황보고서,9
드림어스컴퍼니,060570,-30,🚨 YES,"주권매매거래정지              (주식의 병합, 분할 등 전자등록 변경, 말소)",,"주권매매거래정지              (주식의 병합, 분할 등 전자등록 변경, 말소)(-30)",2026-08-11: 임원ㆍ주요주주특정증권등소유상황보고서 | 2026-08-11: 임원ㆍ주요주주특정증권등소유상황보고서 | 2026-08-11: 임원ㆍ주요주주특정증권등소유상황보고서 | 2026-08-11: 임원ㆍ주요주주특정증권등소유상황보고서 | 2026-08-11: 임원ㆍ주요주주특정증권등소유상황보고서,9
좋은사람들,033340,-30,🚨 YES,"기타시장안내(관리종목지정우려종목)              (주가 1,000원 미달)",,"기타시장안내(관리종목지정우려종목)              (주가 1,000원 미달)(-30)","2026-08-05: 기타시장안내(관리종목지정우려종목)              (주가 1,000원 미달) | 2026-08-05: 주주총회소집공고 | 2026-08-04: [기재정정]주주총회소집결의              (임시주주총회)",3
다원시스,068240,-30,🚨 YES,주권매매거래정지기간변경              (상장폐지 사유 발생),,주권매매거래정지기간변경              (상장폐지 사유 발생)(-30),2026-08-11: 단일판매ㆍ공급계약해지               | 2026-08-07: 기타시장안내              (공시위반제재금 미납에 따른 가중벌점 부과) | 2026-07-28: [기재정정]거래처와의거래중단               | 2026-07-27: 주권매매거래정지기간변경              (상장폐지 사유 발생) | 2026-07-27: 기타시장안내              (기업심사위원회 개최 결과 안내),6
LB세미콘,061970,-30,🚨 YES,[기재정정]주요사항보고서(유상증자결정) | [기재정정]주요사항보고서(유상증자결정),,[기재정정]주요사항보고서(유상증자결정)(-15) | [기재정정]주요사항보고서(유상증자결정)(-15),2026-08-11: 증권발행결과(자율공시)               | 2026-08-11: 증권발행실적보고서 | 2026-08-10: 유상증자또는주식관련사채등의청약결과(자율공시)               | 2026-08-07: 주식등의대량보유상황보고서(일반) | 2026-08-05: 유상증자또는주식관련사채등의청약결과(자율공시)              ,18
시그네틱스,033170,-30,🚨 YES,"주권매매거래정지              (주식의 병합, 분할 등 전자등록 변경, 말소)",,"주권매매거래정지              (주식의 병합, 분할 등 전자등록 변경, 말소)(-30)","2026-07-31: 주권매매거래정지              (주식의 병합, 분할 등 전자등록 변경, 말소)",1
랩지노믹스,084650,-30,🚨 YES,"기타시장안내(관리종목지정우려종목)              (주가 1,000원 미달)",,"기타시장안내(관리종목지정우려종목)              (주가 1,000원 미달)(-30)","2026-08-10: [기재정정]의결권대리행사권유참고서류 | 2026-08-10: [기재정정]주주총회소집공고 | 2026-08-05: 기타시장안내(관리종목지정우려종목)              (주가 1,000원 미달) | 2026-07-24: 의결권대리행사권유참고서류 | 2026-07-24: 주주총회소집공고",7
제이에스링크,127120,-30,🚨 YES,[기재정정]주요사항보고서(유상증자결정) | [기재정정]주요사항보고서(유상증자결정),,[기재정정]주요사항보고서(유상증자결정)(-15) | [기재정정]주요사항보고서(유상증자결정)(-15),2026-08-04: 주식등의대량보유상황보고서(일반) | 2026-08-03: 주식등의대량보유상황보고서(일반) | 2026-07-31: 주식등의대량보유상황보고서(일반) | 2026-07-30: 주식등의대량보유상황보고서(일반) | 2026-07-29: 증권발행결과(자율공시)              (제3자배정 유상증자),7
큐라티스,348080,-30,🚨 YES,주권매매거래정지해제              (감자 주권 변경상장),,주권매매거래정지해제              (감자 주권 변경상장)(-30),2026-08-10: 임원ㆍ주요주주특정증권등소유상황보고서 | 2026-08-10: 주식등의대량보유상황보고서(일반) | 2026-08-10: 임원ㆍ주요주주특정증권등소유상황보고서 | 2026-08-10: 임원ㆍ주요주주특정증권등소유상황보고서 | 2026-08-07: 조회공시요구(현저한시황변동)에대한답변(중요정보없음)              ,7
아이비케이에스제23호기업인수목적,467930,-30,🚨 YES,주권매매거래정지              (상장폐지 사유발생),,주권매매거래정지              (상장폐지 사유발생)(-30),2026-07-28: 주요사항보고서(해산사유발생) | 2026-07-15: 기타경영사항(자율공시)              (청산 관련 주요사항 안내) | 2026-07-14: 주권매매거래정지              (상장폐지 사유발생),3
다산솔루에타,154040,-30,🚨 YES,"기타시장안내(관리종목지정우려종목)              (주가 1,000원 미달)",,"기타시장안내(관리종목지정우려종목)              (주가 1,000원 미달)(-30)","2026-08-12: 임원ㆍ주요주주특정증권등소유상황보고서 | 2026-08-12: 주식등의대량보유상황보고서(일반) | 2026-08-12: 임원ㆍ주요주주특정증권등소유상황보고서 | 2026-08-05: 기타시장안내(관리종목지정우려종목)              (주가 1,000원 미달) | 2026-08-04: 주주총회소집공고",6
이노인스트루먼트,215790,-30,🚨 YES,"기타시장안내(관리종목지정우려종목)              (주가 1,000원 미달)",,"기타시장안내(관리종목지정우려종목)              (주가 1,000원 미달)(-30)","2026-08-05: 기타시장안내(관리종목지정우려종목)              (주가 1,000원 미달) | 2026-07-31: 주주총회소집결의              (임시주주총회) | 2026-07-31: 주주명부폐쇄기간또는기준일설정               | 2026-07-31: 주식병합결정              ",4
알테오젠,196170,-27,🚨 YES,주권매매거래정지              (무상증자),연결재무제표기준영업(잠정)실적(공정공시)              (+3),주권매매거래정지              (무상증자)(-30),2026-08-07: 주식등의대량보유상황보고서(약식) | 2026-08-07: 연결재무제표기준영업(잠정)실적(공정공시)               | 2026-08-05: 투자판단관련주요경영사항              (재조합 인간 히알루로니다제 제품 ALTB4 독점적 라이선스 계약 체결) | 2026-08-04: 권리락              (무상증자) | 2026-07-20: [기재정정]주요사항보고서(무상증자결정),9
세방전지,004490,-27,🚨 YES,[기재정정]유상증자결정(종속회사의주요경영사항)               | [기재정정]유상증자결정(종속회사의주요경영사항)              ,영업(잠정)실적(공정공시)              (+3),[기재정정]유상증자결정(종속회사의주요경영사항)              (-15) | [기재정정]유상증자결정(종속회사의주요경영사항)              (-15),2026-08-04: 영업(잠정)실적(공정공시)               | 2026-08-04: 기업설명회(IR)개최(안내공시)               | 2026-07-29: 최대주주등소유주식변동신고서               | 2026-07-27: [기재정정]유상증자결정(종속회사의주요경영사항)               | 2026-07-27: [기재정정]타법인주식및출자증권취득결정(종속회사의주요경영사항)              ,7
라온피플,300120,-27,🚨 YES,"주권매매거래정지              (주식의 병합, 분할 등 전자등록 변경, 말소)",영업(잠정)실적(공정공시)              (+3),"주권매매거래정지              (주식의 병합, 분할 등 전자등록 변경, 말소)(-30)","2026-08-06: 임원ㆍ주요주주특정증권등소유상황보고서 | 2026-08-06: 임원ㆍ주요주주특정증권등소유상황보고서 | 2026-08-06: 임원ㆍ주요주주특정증권등소유상황보고서 | 2026-07-27: 영업(잠정)실적(공정공시)               | 2026-07-24: 주권매매거래정지              (주식의 병합, 분할 등 전자등록 변경, 말소)",5
코미코,183300,-27,🚨 YES,"주권매매거래정지              (주식의 병합, 분할 등 전자등록 변경, 말소)",[기재정정]주식분할결정              (+3),"주권매매거래정지              (주식의 병합, 분할 등 전자등록 변경, 말소)(-30)","2026-08-06: 임원ㆍ주요주주특정증권등소유상황보고서 | 2026-08-06: 주식등의대량보유상황보고서(일반) | 2026-07-24: 주권매매거래정지              (주식의 병합, 분할 등 전자등록 변경, 말소) | 2026-07-20: 주식등의대량보유상황보고서(약식) | 2026-07-16: [기재정정]주식분할결정              ",7
한미사이언스,008930,-27,OK,,연결재무제표기준영업(잠정)실적(공정공시)              (+3),주요사항보고서(자기주식처분결정)(-10) | 주요사항보고서(자기주식처분결정)(자회사의 주요경영사항)              (-10) | 주요사항보고서(자기주식처분결정)(자회사의 주요경영사항)              (-10),2026-08-12: 최대주주등소유주식변동신고서               | 2026-08-12: 임원ㆍ주요주주특정증권등소유상황보고서 | 2026-08-12: 주식등의대량보유상황보고서(일반) | 2026-08-11: 주식등의대량보유상황보고서(일반) | 2026-08-11: 임원ㆍ주요주주특정증권등소유상황보고서,29
피플바이오,304840,-27,🚨 YES,"주권매매거래정지              (주식의 병합, 분할 등 전자등록 변경, 말소)",연결재무제표기준영업(잠정)실적(공정공시)              (+3),"주권매매거래정지              (주식의 병합, 분할 등 전자등록 변경, 말소)(-30)",2026-08-05: [기재정정]타인에대한담보제공결정               | 2026-08-05: [기재정정]타인에대한담보제공결정               | 2026-07-31: 타인에대한담보제공결정               | 2026-07-31: 타인에대한담보제공결정               | 2026-07-31: [기재정정]주요사항보고서(유형자산양수결정),9
그래피,318060,-27,🚨 YES,주요사항보고서(전환사채권발행결정) | 주요사항보고서(유상증자결정),연결재무제표기준영업(잠정)실적(공정공시)              (+3),주요사항보고서(전환사채권발행결정)(-15) | 주요사항보고서(유상증자결정)(-15),2026-08-11: [첨부정정]주요사항보고서(타법인주식및출자증권양수결정) | 2026-08-10: 주요사항보고서(타법인주식및출자증권양수결정) | 2026-07-31: 조회공시요구(풍문또는보도)에대한답변(미확정)               | 2026-07-24: 연결재무제표기준영업(잠정)실적(공정공시)               | 2026-07-21: 증권발행결과(자율공시)              (제6회차 CB),8
제이엠아이,033050,-27,🚨 YES,"기타시장안내(관리종목지정우려종목)              (주가 1,000원 미달)",연결재무제표기준영업(잠정)실적(공정공시)              (+3),"기타시장안내(관리종목지정우려종목)              (주가 1,000원 미달)(-30)",2026-08-12: 주주총회소집결의              (임시주주총회) | 2026-08-12: 주식병합결정               | 2026-08-12: 주주명부폐쇄기간또는기준일설정               | 2026-08-11: 임원ㆍ주요주주특정증권등소유상황보고서 | 2026-08-10: 주식등의대량보유상황보고서(일반),10
바이오인프라,199730,-27,🚨 YES,기타시장안내(관리종목지정우려종목)              (시가총액 200억원 미달),영업(잠정)실적(공정공시)              (+3),기타시장안내(관리종목지정우려종목)              (시가총액 200억원 미달)(-30),2026-08-12: 반기보고서 (2026.06) | 2026-08-04: [기재정정]주식매수선택권부여에관한신고 | 2026-07-24: 영업(잠정)실적(공정공시)               | 2026-07-23: 기타시장안내(관리종목지정우려종목)              (시가총액 200억원 미달),4
한화플러스제5호스팩,498390,-27,🚨 YES,주권매매거래정지              (SPAC 합병(예비심사청구대상)),주요사항보고서(회사합병결정)(+3),주권매매거래정지              (SPAC 합병(예비심사청구대상))(-30),2026-07-27: 주요사항보고서(회사합병결정) | 2026-07-27: 주권매매거래정지              (SPAC 합병(예비심사청구대상)),2
지슨,446840,-27,🚨 YES,주권매매거래정지해제              (액면병합 주권 변경상장),영업(잠정)실적(공정공시)              (+3),주권매매거래정지해제              (액면병합 주권 변경상장)(-30),2026-08-12: 반기보고서 (2026.06) | 2026-08-10: 임원ㆍ주요주주특정증권등소유상황보고서 | 2026-08-07: 독립이사의선임ㆍ해임또는중도퇴임에관한신고 | 2026-08-04: 임원ㆍ주요주주특정증권등소유상황보고서 | 2026-08-04: 임원ㆍ주요주주특정증권등소유상황보고서,8
성호전자,043260,-25,🚨 YES,주요사항보고서(전환사채권발행결정),,주요사항보고서(전환사채권발행결정)(-15) | [기재정정]최대주주변경을수반하는주식담보제공계약체결              (-5) | [기재정정]최대주주변경을수반하는주식담보제공계약체결              (-5),2026-08-11: [기재정정]기타경영사항(자율공시)              (제14회차 신주인수권부사채 만기전 취득 후 재매각) | 2026-08-11: [기재정정]타법인주식및출자증권취득결정(종속회사의주요경영사항)               | 2026-08-06: 주요사항보고서(전환사채권발행결정) | 2026-08-04: 주식등의대량보유상황보고서(약식) | 2026-07-31: [기재정정]최대주주변경을수반하는주식담보제공계약체결              ,19
셀피글로벌,068940,-25,🚨 YES,[기재정정]주요사항보고서(유상증자결정) | [기재정정]주요사항보고서(전환사채권발행결정),단일판매ㆍ공급계약체결(자율공시)              (+5),[기재정정]주요사항보고서(유상증자결정)(-15) | [기재정정]주요사항보고서(전환사채권발행결정)(-15),2026-08-07: [기재정정]주요사항보고서(유상증자결정) | 2026-07-31: [기재정정]주요사항보고서(전환사채권발행결정) | 2026-07-21: 단일판매ㆍ공급계약체결(자율공시)              ,3
휴림에이텍,078590,-25,🚨 YES,[기재정정]주요사항보고서(유상증자결정) | [기재정정]주요사항보고서(유상증자결정),주식소각결정              (+5),[기재정정]주요사항보고서(유상증자결정)(-15) | [기재정정]주요사항보고서(유상증자결정)(-15),2026-08-12: 주식소각결정               | 2026-08-04: [기재정정]주요사항보고서(유상증자결정) | 2026-07-30: 주주명부폐쇄기간또는기준일설정               | 2026-07-30: 주주총회소집결의              (임시주주총회) | 2026-07-30: 전환가액의조정              (제16회차),7
베노티앤알,206400,-25,🚨 YES,기타시장안내(관리종목지정우려종목)              (주가 1000원 미달),단일판매ㆍ공급계약체결              (+5),기타시장안내(관리종목지정우려종목)              (주가 1000원 미달)(-30),2026-08-12: 기타시장안내(관리종목지정우려종목)              (주가 1000원 미달) | 2026-07-30: 단일판매ㆍ공급계약체결              ,2
씨이랩,189330,-25,🚨 YES,주권매매거래정지              (단일판매공급계약),단일판매ㆍ공급계약체결              (+5),주권매매거래정지              (단일판매공급계약)(-30),2026-08-04: 단일판매ㆍ공급계약체결               | 2026-08-04: 주권매매거래정지              (단일판매공급계약) | 2026-07-29: 선급금지급결정               | 2026-07-29: 선급금지급결정               | 2026-07-29: 선급금지급결정              ,6
씨엔플러스,115530,-25,🚨 YES,[기재정정]주요사항보고서(전환사채권발행결정) | [기재정정]주요사항보고서(전환사채권발행결정),단일판매ㆍ공급계약체결(자율공시)              (+5),[기재정정]주요사항보고서(전환사채권발행결정)(-15) | [기재정정]주요사항보고서(전환사채권발행결정)(-15),2026-08-11: 단일판매ㆍ공급계약체결(자율공시)               | 2026-08-07: 주식등의대량보유상황보고서(일반) | 2026-08-07: 임원ㆍ주요주주특정증권등소유상황보고서 | 2026-08-07: 주식등의대량보유상황보고서(일반) | 2026-08-07: 임원ㆍ주요주주특정증권등소유상황보고서,10
핀텔,291810,-25,🚨 YES,기타시장안내(관리종목지정우려종목)              (시가총액 200억원 미달),단일판매ㆍ공급계약체결              (+5),기타시장안내(관리종목지정우려종목)              (시가총액 200억원 미달)(-30),2026-08-12: 반기보고서 (2026.06) | 2026-07-30: 단일판매ㆍ공급계약체결               | 2026-07-23: 임원ㆍ주요주주특정증권등거래계획철회보고서 | 2026-07-20: 임원ㆍ주요주주특정증권등거래계획보고서 | 2026-07-15: 기타시장안내(관리종목지정우려종목)              (시가총액 200억원 미달),5
유티아이,179900,-25,🚨 YES,[기재정정]주요사항보고서(유상증자결정) | 주요사항보고서(유상증자결정),[기재정정]주요사항보고서(자기주식취득결정)(+5),[기재정정]주요사항보고서(유상증자결정)(-15) | 주요사항보고서(유상증자결정)(-15),2026-08-12: 유상증자또는주식관련사채등의청약결과(자율공시)              (일반공모증자-소액공모) | 2026-08-11: [기재정정]주주총회소집결의              (임시주주총회) | 2026-08-10: [기재정정]소액공모공시서류(지분증권) | 2026-08-10: 임원ㆍ주요주주특정증권등소유상황보고서 | 2026-08-10: 주식등의대량보유상황보고서(일반),16
에스에너지,095910,-25,🚨 YES,"기타시장안내(관리종목지정우려종목)              (주가 1,000원 미달)",[기재정정]주식소각결정              (+5),"기타시장안내(관리종목지정우려종목)              (주가 1,000원 미달)(-30)","2026-08-05: 기타시장안내(관리종목지정우려종목)              (주가 1,000원 미달) | 2026-07-20: [기재정정]주식소각결정              ",2
신세계푸드,031440,-25,🚨 YES,매매거래정지및정지해제(중요내용공시)              ,주식소각결정              (+5),매매거래정지및정지해제(중요내용공시)              (-30),2026-07-23: 임원ㆍ주요주주특정증권등소유상황보고서 | 2026-07-23: 주식등의대량보유상황보고서(일반) | 2026-07-23: 임원ㆍ주요주주특정증권등소유상황보고서 | 2026-07-23: 최대주주등소유주식변동신고서               | 2026-07-23: 합병등종료보고서(주식의포괄적교환ㆍ이전),8
이화공영,001840,-25,🚨 YES,주권매매거래정지기간변경              (개선기간 부여),[기재정정]단일판매ㆍ공급계약체결              (+5),주권매매거래정지기간변경              (개선기간 부여)(-30),2026-07-14: 상장적격성실질심사관련주요개선계획(자율공시)               | 2026-07-13: 주권매매거래정지기간변경              (개선기간 부여) | 2026-07-13: 기타시장안내              (코스닥시장위원회 심의·의결 결과 및 개선기간 부여 안내) | 2026-07-13: [기재정정]단일판매ㆍ공급계약체결              ,4
옴니시스템,057540,-25,🚨 YES,"기타시장안내(관리종목지정우려종목)              (주가 1,000원 미달)",주요사항보고서(자기주식취득결정)(+5),"기타시장안내(관리종목지정우려종목)              (주가 1,000원 미달)(-30)","2026-08-05: 기타시장안내(관리종목지정우려종목)              (주가 1,000원 미달) | 2026-07-31: 주식등의대량보유상황보고서(일반) | 2026-07-31: 임원ㆍ주요주주특정증권등소유상황보고서 | 2026-07-27: 주식등의대량보유상황보고서(일반) | 2026-07-27: 임원ㆍ주요주주특정증권등소유상황보고서",12
유디엠텍,389680,-25,🚨 YES,기타시장안내(관리종목지정우려종목)              (시가총액 200억원 미달),단일판매ㆍ공급계약체결              (+5),기타시장안내(관리종목지정우려종목)              (시가총액 200억원 미달)(-30),2026-07-31: 기타시장안내(관리종목지정우려종목)              (시가총액 200억원 미달) | 2026-07-22: 단일판매ㆍ공급계약체결               | 2026-07-20: 단일판매ㆍ공급계약해지              ,3
비큐AI,148780,-25,🚨 YES,주권매매거래정지해제              (감자 주권 변경상장),단일판매ㆍ공급계약체결(자율공시)              (+5),주권매매거래정지해제              (감자 주권 변경상장)(-30),2026-08-11: 반기보고서 (2026.06) | 2026-08-06: 단일판매ㆍ공급계약체결(자율공시)               | 2026-08-04: [기재정정]기업설명회(IR)개최               | 2026-07-31: 기업설명회(IR)개최               | 2026-07-30: 주권매매거래정지해제              (감자 주권 변경상장),9
아센디오,012170,-25,🚨 YES,[기재정정]주요사항보고서(유상증자결정),,최대주주등소유주식변동신고서(최대주주변경시)              (-5) | 최대주주변경              (-5) | [기재정정]주요사항보고서(유상증자결정)(-15),2026-08-10: [기재정정]주주총회소집공고 | 2026-08-10: [기재정정]주주총회소집결의               | 2026-08-10: 최대주주등소유주식변동신고서(최대주주변경시)               | 2026-08-10: 최대주주변경               | 2026-08-10: 유상증자또는주식관련사채등의발행결과(자율공시)              ,14
에코글로우,159910,-25,🚨 YES,주요사항보고서(전환사채권발행결정),,[기재정정]최대주주변경을수반하는주식담보제공계약체결              (-5) | [기재정정]최대주주변경을수반하는주식담보제공계약체결              (-5) | 주요사항보고서(전환사채권발행결정)(-15),2026-07-31: 주식등의대량보유상황보고서(일반) | 2026-07-31: [기재정정]최대주주변경을수반하는주식담보제공계약체결               | 2026-07-29: 증권발행결과(자율공시)              (제18회차 CB) | 2026-07-28: 주식등의대량보유상황보고서(일반) | 2026-07-28: 임원ㆍ주요주주특정증권등소유상황보고서,12
앤씨앤,092600,-24,🚨 YES,기타시장안내(관리종목지정우려종목)              (시가총액 200억원 미달),[기재정정]연결재무제표기준영업(잠정)실적(공정공시)              (+3) | 연결재무제표기준영업(잠정)실적(공정공시)              (+3),기타시장안내(관리종목지정우려종목)              (시가총액 200억원 미달)(-30),2026-08-12: [기재정정]연결재무제표기준영업(잠정)실적(공정공시)               | 2026-07-28: 연결재무제표기준영업(잠정)실적(공정공시)               | 2026-07-23: 기타시장안내(관리종목지정우려종목)              (시가총액 200억원 미달),3
교보15호스팩,465320,-24,🚨 YES,주권매매거래정지해제              (합병결정 철회),[기재정정]주요사항보고서(회사합병결정)(+3) | [기재정정]주요사항보고서(회사합병결정)(+3),주권매매거래정지해제              (합병결정 철회)(-30),2026-07-31: 주권매매거래정지해제              (합병결정 철회) | 2026-07-31: [기재정정]주요사항보고서(회사합병결정) | 2026-07-31: 기업인수목적회사관련합병취소ㆍ부인사실발생               | 2026-07-14: [기재정정]주요사항보고서(회사합병결정),4
엘앤씨바이오,290650,-24,🚨 YES,주권매매거래정지              (무상증자),연결재무제표기준영업(잠정)실적(공정공시)              (+3) | 영업(잠정)실적(공정공시)              (+3),주권매매거래정지              (무상증자)(-30),2026-08-12: 임원ㆍ주요주주특정증권등소유상황보고서 | 2026-08-11: 임원ㆍ주요주주특정증권등거래계획보고서 | 2026-08-11: 파생상품거래손실발생               | 2026-08-11: 연결재무제표기준영업(잠정)실적(공정공시)               | 2026-08-11: 영업(잠정)실적(공정공시)              ,8
나노씨엠에스,247660,-22,🚨 YES,기타시장안내(관리종목지정우려종목)              (시가총액 200억원 미달),영업(잠정)실적(공정공시)              (+3) | 단일판매ㆍ공급계약체결              (+5),기타시장안내(관리종목지정우려종목)              (시가총액 200억원 미달)(-30),2026-08-12: 전환사채(해외전환사채포함)발행후만기전사채취득              (제2회차) | 2026-08-12: 주식등의대량보유상황보고서(일반) | 2026-08-10: 주주명부폐쇄기간또는기준일설정               | 2026-08-10: 주주총회소집결의              (임시주주총회) | 2026-08-06: 임원ㆍ주요주주특정증권등소유상황보고서,13
모비데이즈,363260,-22,🚨 YES,"기타시장안내(관리종목지정우려종목)              (주가 1,000원 미달)",주요사항보고서(자기주식취득결정)(+5) | 연결재무제표기준영업(잠정)실적(공정공시)              (+3),"기타시장안내(관리종목지정우려종목)              (주가 1,000원 미달)(-30)",2026-08-12: 반기보고서 (2026.06) | 2026-08-10: 주요사항보고서(자기주식취득신탁계약체결결정) | 2026-08-10: 자기주식취득결과보고서 | 2026-08-10: 임원ㆍ주요주주특정증권등소유상황보고서 | 2026-08-10: 주식등의대량보유상황보고서(일반),15
누보,332290,-22,🚨 YES,"기타시장안내(관리종목지정우려종목)              (주가 1,000원 미달)",주식소각결정              (+5) | 연결재무제표기준영업(잠정)실적(공정공시)              (+3),"기타시장안내(관리종목지정우려종목)              (주가 1,000원 미달)(-30)","2026-08-12: 기업설명회(IR)개최               | 2026-08-07: 임시주주총회결과               | 2026-08-05: 기타시장안내(관리종목지정우려종목)              (주가 1,000원 미달) | 2026-08-05: 임원ㆍ주요주주특정증권등소유상황보고서 | 2026-08-05: 임원ㆍ주요주주특정증권등소유상황보고서",16
아진산업,013310,-20,🚨 YES,유상증자결정(종속회사의주요경영사항)              ,,최대주주변경을수반하는주식담보제공계약해제ㆍ취소등              (-5) | 유상증자결정(종속회사의주요경영사항)              (-15),2026-08-10: 주식등의대량보유상황보고서(일반) | 2026-07-31: 최대주주변경을수반하는주식담보제공계약해제ㆍ취소등               | 2026-07-31: 주식등의대량보유상황보고서(일반) | 2026-07-29: [기재정정]신규시설투자등               | 2026-07-28: 타법인주식및출자증권취득결정              ,8
다이나믹디자인,145210,-20,🚨 YES,[기재정정]주요사항보고서(감자결정),,[기재정정]주요사항보고서(감자결정)(-20),2026-07-16: [기재정정]주요사항보고서(감자결정),1
유니슨,018000,-20,🚨 YES,"기타시장안내(관리종목지정우려종목)              (주가 1,000원 미달)",단일판매ㆍ공급계약체결              (+5) | [기재정정]단일판매ㆍ공급계약체결              (+5),"기타시장안내(관리종목지정우려종목)              (주가 1,000원 미달)(-30)","2026-08-10: 전환가액의조정              (제18회차) | 2026-08-10: 단일판매ㆍ공급계약체결               | 2026-08-07: 기타시장안내(관리종목지정우려종목)              (주가 1,000원 미달) | 2026-08-07: [기재정정]주주총회소집결의              (임시주주총회) | 2026-08-07: [기재정정]주주명부폐쇄기간또는기준일설정              ",12
코세스,089890,-20,🚨 YES,주권매매거래정지              (단일판매공급계약),[기재정정]단일판매ㆍ공급계약체결              (+5) | 단일판매ㆍ공급계약체결              (+5),주권매매거래정지              (단일판매공급계약)(-30),2026-08-06: [기재정정]단일판매ㆍ공급계약체결               | 2026-07-13: 단일판매ㆍ공급계약체결               | 2026-07-13: 주권매매거래정지              (단일판매공급계약),3
대교,019680,-20,OK,,,[기재정정]주요사항보고서(자기주식처분결정)(-10) | 주요사항보고서(자기주식처분결정)(-10),2026-08-12: 임원ㆍ주요주주특정증권등소유상황보고서 | 2026-08-11: 최대주주등소유주식변동신고서               | 2026-08-11: 주식등의대량보유상황보고서(일반) | 2026-08-11: 임원ㆍ주요주주특정증권등소유상황보고서 | 2026-08-10: 자기주식처분결과보고서,10
스트라드비젼,475040,-20,🚨 YES,주권매매거래정지              (단일판매공급계약),단일판매ㆍ공급계약체결              (+5) | 단일판매ㆍ공급계약체결              (+5),주권매매거래정지              (단일판매공급계약)(-30),2026-08-12: [기재정정]주식매수선택권행사               | 2026-08-11: 주식매수선택권행사               | 2026-07-31: 임원ㆍ주요주주특정증권등소유상황보고서 | 2026-07-31: 임원ㆍ주요주주특정증권등소유상황보고서 | 2026-07-28: 단일판매ㆍ공급계약체결              ,10
대구백화점,006370,-20,OK,,,주요사항보고서(자기주식처분결정)(-10) | 주요사항보고서(자기주식처분결정)(-10),2026-08-11: [기재정정]투자판단관련주요경영사항               | 2026-08-11: [기재정정]주주총회소집결의               | 2026-07-20: 주식등의대량보유상황보고서(일반) | 2026-07-20: 자기주식처분결과보고서 | 2026-07-20: 자기주식처분결과보고서,10
수성웹툰,084180,-20,🚨 YES,[기재정정]주요사항보고서(유상증자결정),,[기재정정]최대주주변경을수반하는주식담보제공계약체결              (-5) | [기재정정]주요사항보고서(유상증자결정)(-15),"2026-08-12: 불성실공시법인지정예고              (공시번복) | 2026-08-10: 주식등의대량보유상황보고서(약식) | 2026-08-06: [기재정정]최대주주변경을수반하는주식담보제공계약체결               | 2026-08-05: 기타시장안내              (관리종목 지정사유 추가우려)(주가 1,000원 미달) | 2026-07-22: 독립이사의선임ㆍ해임또는중도퇴임에관한신고",14
제이엔케이글로벌,126880,-20,🚨 YES,주권매매거래정지              (단일판매공급계약),단일판매ㆍ공급계약체결              (+5) | 주식소각결정              (+5),주권매매거래정지              (단일판매공급계약)(-30),2026-08-11: 단일판매ㆍ공급계약체결               | 2026-08-11: 주권매매거래정지              (단일판매공급계약) | 2026-07-22: 주식소각결정              ,3
인바디,041830,-17,OK,,연결재무제표기준영업(잠정)실적(공정공시)              (+3),[기재정정]주요사항보고서(자기주식처분결정)(-10) | 주요사항보고서(자기주식처분결정)(-10),2026-08-12: 주식등의대량보유상황보고서(약식) | 2026-08-06: [기재정정]주요사항보고서(자기주식처분결정) | 2026-08-06: 주요사항보고서(자기주식처분결정) | 2026-08-06: 연결재무제표기준영업(잠정)실적(공정공시)               | 2026-08-03: 주식등의대량보유상황보고서(일반),5
토박스코리아,215480,-17,🚨 YES,[기재정정]주요사항보고서(유상증자결정),연결재무제표기준영업(잠정)실적(공정공시)              (+3),최대주주변경              (-5) | [기재정정]주요사항보고서(유상증자결정)(-15),2026-08-10: 소송등의판결ㆍ결정               | 2026-08-07: 기업가치제고계획예고               | 2026-08-05: 의결권대리행사권유참고서류 | 2026-08-05: 연결재무제표기준영업(잠정)실적(공정공시)               | 2026-07-30: 소송등의제기ㆍ신청(경영권분쟁소송)              (의결권행사금지 가처분),14
아모레퍼시픽홀딩스,002790,-17,OK,,연결재무제표기준영업(잠정)실적(공정공시)              (+3),주요사항보고서(자기주식처분결정)(자회사의 주요경영사항)              (-10) | 주요사항보고서(자기주식처분결정)(-10),2026-08-03: 자기주식처분결과보고서 | 2026-07-30: 주요사항보고서(자기주식처분결정)(자회사의 주요경영사항)               | 2026-07-30: 주요사항보고서(자기주식처분결정) | 2026-07-30: 연결재무제표기준영업(잠정)실적(공정공시)               | 2026-07-23: 결산실적공시예고(안내공시)              ,5
두산건설,011160,-15,🚨 YES,주요사항보고서(전환사채권발행결정),,주요사항보고서(전환사채권발행결정)(-15),2026-07-21: 특수관계인에대한사모사채발행의결 | 2026-07-21: 주요사항보고서(전환사채권발행결정),2
인산가,277410,-15,🚨 YES,주요사항보고서(유상증자결정),,주요사항보고서(유상증자결정)(-15),2026-08-10: 신주인수권부사채(해외신주인수권부사채포함)발행후만기전사채취득               | 2026-07-30: 주식등의대량보유상황보고서(약식) | 2026-07-29: 주식등의대량보유상황보고서(일반) | 2026-07-23: 신주인수권부사채(해외신주인수권부사채포함)발행후만기전사채취득               | 2026-07-22: 주요사항보고서(유상증자결정),5
우성머티리얼스,011300,-15,🚨 YES,주요사항보고서(유상증자결정),,주요사항보고서(유상증자결정)(-15),2026-08-05: 전환가액ㆍ신주인수권행사가액ㆍ교환가액의조정(안내공시)               | 2026-08-05: 전환가액ㆍ신주인수권행사가액ㆍ교환가액의조정(안내공시)               | 2026-08-05: 전환가액ㆍ신주인수권행사가액ㆍ교환가액의조정(안내공시)               | 2026-07-24: 유상증자또는주식관련사채등의발행결과(자율공시)               | 2026-07-24: 소액공모실적보고서,7
유한코스메틱,069110,-15,🚨 YES,주요사항보고서(유상증자결정),,주요사항보고서(유상증자결정)(-15),2026-07-22: 주요사항보고서(유상증자결정),1
크로넥스,215570,-15,🚨 YES,[기재정정]주요사항보고서(유상증자결정),,[기재정정]주요사항보고서(유상증자결정)(-15),2026-08-06: [기재정정]주요사항보고서(유상증자결정) | 2026-08-05: 임시주주총회결과               | 2026-07-31: 주식등의대량보유상황보고서(일반) | 2026-07-23: 주식등의대량보유상황보고서(약식) | 2026-07-21: 주주총회소집공고,5
인콘,083640,-15,🚨 YES,[기재정정]주요사항보고서(전환사채권발행결정),,[기재정정]주요사항보고서(전환사채권발행결정)(-15),2026-08-07: 임시주주총회결과               | 2026-08-06: [기재정정]주요사항보고서(전환사채권발행결정) | 2026-07-28: 투자판단관련주요경영사항              (인천국제공항공사 IoT기반 탑승교 시설관리 고도화 사업 우선협상대상자 선정) | 2026-07-23: 주주총회소집공고 | 2026-07-16: 주식병합결정              ,6
케이지에이,455180,-15,🚨 YES,[기재정정]주요사항보고서(유상증자결정),,[기재정정]주요사항보고서(유상증자결정)(-15),2026-07-28: 주식등의대량보유상황보고서(약식) | 2026-07-20: 소액공모실적보고서 | 2026-07-20: 증권발행결과(자율공시)              (제3자배정 유상증자-소액공모) | 2026-07-15: [기재정정]소액공모공시서류(지분증권) | 2026-07-15: [기재정정]소액공모공시서류(지분증권),7
케이에이치건설,226360,-15,🚨 YES,[기재정정]주요사항보고서(유상증자결정),,[기재정정]주요사항보고서(유상증자결정)(-15),2026-07-22: [기재정정]주요사항보고서(유상증자결정),1
에이프로젠바이오로직스,003060,-15,🚨 YES,주요사항보고서(유상증자결정),,주요사항보고서(유상증자결정)(-15),2026-08-11: 주식등의대량보유상황보고서(일반) | 2026-08-07: 주식등의대량보유상황보고서(일반) | 2026-07-31: 최대주주등소유주식변동신고서               | 2026-07-31: 임원ㆍ주요주주특정증권등소유상황보고서 | 2026-07-31: 주식등의대량보유상황보고서(일반),9
클로봇,466100,-15,🚨 YES,[기재정정]주요사항보고서(유상증자결정),,[기재정정]주요사항보고서(유상증자결정)(-15),2026-08-11: [기재정정]투자설명서 | 2026-08-11: [발행조건확정]증권신고서(지분증권) | 2026-08-11: 유상증자최종발행가액확정               | 2026-08-11: [기재정정]주요사항보고서(유상증자결정) | 2026-08-10: 주식등의대량보유상황보고서(약식),19
HEM파마,376270,-15,🚨 YES,주요사항보고서(전환사채권발행결정),,주요사항보고서(전환사채권발행결정)(-15),2026-08-06: 주요사항보고서(전환사채권발행결정) | 2026-07-29: [기재정정]사업보고서 (2025.12) | 2026-07-13: 임원ㆍ주요주주특정증권등소유상황보고서 | 2026-07-13: 주식등의대량보유상황보고서(일반),4
아리바이오LAB,261780,-15,🚨 YES,주요사항보고서(유상증자결정),,주요사항보고서(유상증자결정)(-15),2026-08-07: 주식등의대량보유상황보고서(일반) | 2026-08-05: 임시주주총회결과               | 2026-07-31: [기재정정]주식매수선택권부여에관한신고 | 2026-07-31: [기재정정]주식매수선택권부여에관한신고 | 2026-07-31: 증권발행결과(자율공시)              ,9
APS,054620,-15,🚨 YES,주요사항보고서(전환사채권발행결정),,주요사항보고서(전환사채권발행결정)(-15),2026-08-05: 주요사항보고서(전환사채권발행결정) | 2026-08-05: 주식등의대량보유상황보고서(일반) | 2026-08-05: 임원ㆍ주요주주특정증권등소유상황보고서 | 2026-08-05: 임원ㆍ주요주주특정증권등소유상황보고서 | 2026-07-16: 주식등의대량보유상황보고서(일반),5
바이오솔루션,086820,-15,🚨 YES,[기재정정]주요사항보고서(전환사채권발행결정),,[기재정정]주요사항보고서(전환사채권발행결정)(-15),2026-08-06: [기재정정]주요사항보고서(전환사채권발행결정) | 2026-07-14: 투자판단관련주요경영사항(임상시험계획승인신청등결정)              (동종 연골세포 스페로이드(스페로큐어)의 제1/2a상 임상시험계획 승인),2
에넥스,011090,-15,🚨 YES,주요사항보고서(유상증자결정),,주요사항보고서(유상증자결정)(-15),2026-08-06: 주식등의대량보유상황보고서(일반) | 2026-07-31: 주식등의대량보유상황보고서(일반) | 2026-07-30: 투자판단관련주요경영사항               | 2026-07-21: 주요사항보고서(유상증자결정) | 2026-07-21: 주주명부폐쇄기간또는기준일설정              ,6
핑거,163730,-15,🚨 YES,주요사항보고서(유상증자결정),,주요사항보고서(유상증자결정)(-15),2026-08-06: 주요사항보고서(유상증자결정) | 2026-08-06: 주요사항보고서(타법인주식및출자증권양수결정) | 2026-07-27: 주식등의대량보유상황보고서(일반) | 2026-07-16: 주식등의대량보유상황보고서(일반) | 2026-07-16: 주식등의대량보유상황보고서(일반),5
엠투엔,033310,-15,OK,,,[기재정정]최대주주변경을수반하는주식담보제공계약체결              (-5) | [기재정정]최대주주변경을수반하는주식담보제공계약체결              (-5) | [기재정정]최대주주변경을수반하는주식담보제공계약체결              (-5),2026-08-10: [기재정정]최대주주변경을수반하는주식담보제공계약체결               | 2026-08-10: 주식등의대량보유상황보고서(일반) | 2026-08-03: [기재정정]최대주주변경을수반하는주식담보제공계약체결               | 2026-07-27: 주식등의대량보유상황보고서(일반) | 2026-07-20: [기재정정]최대주주변경을수반하는주식담보제공계약체결              ,5
큐로홀딩스,051780,-15,🚨 YES,주요사항보고서(유상증자결정),,주요사항보고서(유상증자결정)(-15),2026-08-07: 주요사항보고서(유상증자결정) | 2026-08-05: 특수관계인으로부터자금차입 | 2026-07-31: 주식등의대량보유상황보고서(일반) | 2026-07-31: 임원ㆍ주요주주특정증권등소유상황보고서 | 2026-07-15: 주식등의대량보유상황보고서(일반),6
모트렉스,118990,-15,🚨 YES,유상증자결정(종속회사의주요경영사항)              ,,유상증자결정(종속회사의주요경영사항)              (-15),2026-07-31: 타법인주식및출자증권취득결정(종속회사의주요경영사항)               | 2026-07-31: 유상증자결정(종속회사의주요경영사항)               | 2026-07-29: 타법인주식및출자증권취득결정              ,3
팸텍,271830,-15,🚨 YES,[기재정정]주요사항보고서(전환사채권발행결정),,[기재정정]주요사항보고서(전환사채권발행결정)(-15),2026-07-30: [기재정정]주요사항보고서(전환사채권발행결정),1
SK디앤디,210980,-15,🚨 YES,주요사항보고서(유상증자결정),,주요사항보고서(유상증자결정)(-15),2026-08-12: 임원ㆍ주요주주특정증권등소유상황보고서 | 2026-08-12: 주식등의대량보유상황보고서(일반) | 2026-08-11: 임원ㆍ주요주주특정증권등소유상황보고서 | 2026-08-11: 주식등의대량보유상황보고서(일반) | 2026-08-11: [기재정정]투자판단관련주요경영사항              ,24
넥스트칩,396270,-15,🚨 YES,주요사항보고서(전환사채권발행결정),,주요사항보고서(전환사채권발행결정)(-15),2026-07-22: 증권발행결과(자율공시)              (제2회차 CB) | 2026-07-14: 주요사항보고서(전환사채권발행결정),2
이오플로우,294090,-15,🚨 YES,주요사항보고서(유상증자결정),,주요사항보고서(유상증자결정)(-15),2026-07-30: 소송등의제기ㆍ신청(일정금액이상의청구)              (영업비밀 침해 및 특허 침해 소송) | 2026-07-29: 주요사항보고서(유상증자결정) | 2026-07-22: 기타시장안내              (개선계획서 제출),3
HLB제약,047920,-15,🚨 YES,[기재정정]주요사항보고서(유상증자결정),,[기재정정]주요사항보고서(유상증자결정)(-15),2026-08-03: 권리락              (유상증자) | 2026-08-03: [기재정정]투자설명서 | 2026-08-03: [발행조건확정]증권신고서(지분증권) | 2026-08-03: [기재정정]주요사항보고서(유상증자결정) | 2026-08-03: [기재정정]유상증자1차발행가액결정              ,11
플라즈맵,405000,-15,🚨 YES,주요사항보고서(유상증자결정),,주요사항보고서(유상증자결정)(-15),2026-07-31: 주식등의대량보유상황보고서(일반) | 2026-07-31: 임원ㆍ주요주주특정증권등소유상황보고서 | 2026-07-31: 증권발행결과(자율공시)              (제3자배정) | 2026-07-30: 주식등의대량보유상황보고서(일반) | 2026-07-24: 주식등의대량보유상황보고서(약식),8
하이퍼코퍼레이션,065650,-15,🚨 YES,[기재정정]주요사항보고서(유상증자결정),,[기재정정]주요사항보고서(유상증자결정)(-15),2026-08-04: [기재정정]주요사항보고서(유상증자결정) | 2026-08-03: [기재정정]주주총회소집결의               | 2026-08-03: 주식등의대량보유상황보고서(일반) | 2026-07-27: 주요사항보고서(자기전환사채만기전취득결정) | 2026-07-27: 합병등종료보고서(자산양수도),8
네이처셀,007390,-15,🚨 YES,주요사항보고서(전환사채권발행결정),,주요사항보고서(전환사채권발행결정)(-15),2026-08-07: 증권발행결과(자율공시)               | 2026-08-03: 주식매수선택권부여에관한신고 | 2026-07-31: 기타경영사항(자율공시)              (조인트스템 품목허가 반려처분 취소소송 관련 피고 항소 제기) | 2026-07-22: 주요사항보고서(전환사채권발행결정),4
케이알엠,093640,-15,🚨 YES,[첨부정정]주요사항보고서(전환사채권발행결정),,[첨부정정]주요사항보고서(전환사채권발행결정)(-15),2026-07-14: [첨부정정]주요사항보고서(전환사채권발행결정),1
선광,003100,-15,OK,,,[기재정정]최대주주변경              (-5) | 최대주주변경              (-5) | [기재정정]최대주주변경을수반하는주식양수도계약체결              (-5),2026-07-31: 주식등의대량보유상황보고서(일반) | 2026-07-31: 임원ㆍ주요주주특정증권등소유상황보고서 | 2026-07-30: [기재정정]주식등의대량보유상황보고서(일반) | 2026-07-30: 임원ㆍ주요주주특정증권등소유상황보고서 | 2026-07-30: 임원ㆍ주요주주특정증권등소유상황보고서,13
레이,228670,-15,OK,,,최대주주변경을수반하는주식담보제공계약해제ㆍ취소등              (-5) | [기재정정]최대주주변경을수반하는주식양수도계약체결              (-5) | 최대주주변경을수반하는주식양수도계약체결              (-5),2026-08-11: 최대주주변경을수반하는주식담보제공계약해제ㆍ취소등               | 2026-08-10: [기재정정]최대주주변경을수반하는주식양수도계약체결               | 2026-08-10: 최대주주변경을수반하는주식양수도계약체결               | 2026-08-05: 주식등의대량보유상황보고서(일반) | 2026-08-04: 주주명부폐쇄기간또는기준일설정              ,7
아이에이치큐,003560,-15,🚨 YES,[기재정정]주요사항보고서(유상증자결정),,[기재정정]주요사항보고서(유상증자결정)(-15),2026-07-22: [기재정정]주요사항보고서(유상증자결정),1
노머스,473980,-15,🚨 YES,주요사항보고서(전환사채권발행결정),,주요사항보고서(전환사채권발행결정)(-15),2026-08-10: 주식등의대량보유상황보고서(약식) | 2026-08-03: 신탁계약해지결과보고서 | 2026-08-03: 증권발행결과(자율공시)              (제3회차CB) | 2026-07-31: 신탁계약에의한취득상황보고서 | 2026-07-31: 주요사항보고서(자기주식취득신탁계약해지결정),7
CS,065770,-15,🚨 YES,[기재정정]주요사항보고서(유상증자결정),,[기재정정]주요사항보고서(유상증자결정)(-15),2026-07-22: [기재정정]증권발행결과(자율공시)               | 2026-07-22: [기재정정]주요사항보고서(유상증자결정) | 2026-07-21: 주식등의대량보유상황보고서(일반) | 2026-07-21: 임원ㆍ주요주주특정증권등소유상황보고서 | 2026-07-21: 임원ㆍ주요주주특정증권등소유상황보고서,10
플레이그램,009810,-15,🚨 YES,주요사항보고서(유상증자결정),,주요사항보고서(유상증자결정)(-15),2026-07-31: 임시주주총회결과               | 2026-07-28: 주요사항보고서(유상증자결정) | 2026-07-21: 소액공모실적보고서 | 2026-07-21: 유상증자또는주식관련사채등의발행결과(자율공시)               | 2026-07-15: 주주총회소집공고,6
라피치,403360,-15,🚨 YES,주요사항보고서(유상증자결정),,주요사항보고서(유상증자결정)(-15),2026-07-24: 증권발행결과(자율공시)               | 2026-07-21: [기재정정]주식등의대량보유상황보고서(약식) | 2026-07-20: 주식등의대량보유상황보고서(약식) | 2026-07-14: 주요사항보고서(유상증자결정),4
풀무원,017810,-15,🚨 YES,주요사항보고서(유상증자결정),,주요사항보고서(유상증자결정)(-15),2026-08-11: 최대주주등소유주식변동신고서               | 2026-08-11: 주식등의대량보유상황보고서(일반) | 2026-08-11: 임원ㆍ주요주주특정증권등소유상황보고서 | 2026-08-11: 임원ㆍ주요주주특정증권등소유상황보고서 | 2026-07-29: 주요사항보고서(유상증자결정),6
한국피아이엠,448900,-15,🚨 YES,[기재정정]주요사항보고서(전환사채권발행결정),,[기재정정]주요사항보고서(전환사채권발행결정)(-15),2026-07-27: 주식등의대량보유상황보고서(약식) | 2026-07-20: 증권발행결과(자율공시)              (제3회차 CB) | 2026-07-14: [기재정정]주요사항보고서(전환사채권발행결정),3
신스틸,162300,-15,🚨 YES,유상증자결정(종속회사의주요경영사항)              ,,유상증자결정(종속회사의주요경영사항)              (-15),2026-07-24: 유상증자결정(종속회사의주요경영사항)               | 2026-07-23: 타법인주식및출자증권취득결정               | 2026-07-21: 금전대여결정              ,3
코스리거글로벌,043710,-15,🚨 YES,[기재정정]주요사항보고서(전환사채권발행결정),,[기재정정]주요사항보고서(전환사채권발행결정)(-15),2026-08-05: 임원ㆍ주요주주특정증권등소유상황보고서 | 2026-08-05: 주식등의대량보유상황보고서(일반) | 2026-08-04: 주요사항보고서(자기전환사채만기전취득결정) | 2026-07-31: [기재정정]주요사항보고서(전환사채권발행결정) | 2026-07-29: [기재정정]임원ㆍ주요주주특정증권등소유상황보고서,7
진영,285800,-15,🚨 YES,주요사항보고서(유상증자결정),,주요사항보고서(유상증자결정)(-15),2026-08-07: 임시주주총회결과               | 2026-08-04: [기재정정]주식병합결정               | 2026-08-04: [기재정정]주식병합결정               | 2026-07-29: 주식등의대량보유상황보고서(일반) | 2026-07-24: 증권발행결과(자율공시)              ,7
손오공,066910,-15,🚨 YES,[기재정정]주요사항보고서(유상증자결정),,[기재정정]주요사항보고서(유상증자결정)(-15),2026-08-10: 주식등의대량보유상황보고서(약식) | 2026-08-05: 합병등종료보고서(합병) | 2026-07-23: 임원ㆍ주요주주특정증권등소유상황보고서 | 2026-07-23: 주식등의대량보유상황보고서(일반) | 2026-07-23: 주요사항보고서(자기전환사채만기전취득결정),9
계양전기,012200,-15,🚨 YES,[기재정정]주요사항보고서(유상증자결정),,[기재정정]주요사항보고서(유상증자결정)(-15),2026-07-24: [기재정정]투자설명서 | 2026-07-24: [발행조건확정]증권신고서(지분증권) | 2026-07-24: [기재정정]주요사항보고서(유상증자결정) | 2026-07-24: 유상증자신주발행가액(안내공시)              ,4
HLB,028300,-15,🚨 YES,주요사항보고서(전환사채권발행결정),,주요사항보고서(전환사채권발행결정)(-15),2026-08-05: 주요사항보고서(전환사채권발행결정) | 2026-08-04: 주식등의대량보유상황보고서(약식) | 2026-07-27: 지속가능경영보고서등관련사항(자율공시)               | 2026-07-16: 주식등의대량보유상황보고서(일반) | 2026-07-16: 전환가액의조정              ,6
드림시큐리티,203650,-15,🚨 YES,주요사항보고서(전환사채권발행결정),,주요사항보고서(전환사채권발행결정)(-15),2026-07-30: 증권발행결과(자율공시)               | 2026-07-22: 주요사항보고서(전환사채권발행결정),2
에이팸,073070,-15,🚨 YES,유상증자결정,,유상증자결정(-15),2026-07-13: 유상증자결정,1
SKAI,357880,-15,🚨 YES,주요사항보고서(전환사채권발행결정),,주요사항보고서(전환사채권발행결정)(-15),2026-07-30: 증권발행결과(자율공시)               | 2026-07-29: 전환청구권행사               | 2026-07-22: 주요사항보고서(전환사채권발행결정),3
SK,034730,-15,🚨 YES,주요사항보고서(전환사채권발행결정),,주요사항보고서(전환사채권발행결정)(-15),2026-08-12: 지주회사의자회사탈퇴(자회사의 주요경영사항)               | 2026-08-03: 주요사항보고서(전환사채권발행결정) | 2026-08-03: 현금ㆍ현물배당결정               | 2026-08-03: 현금ㆍ현물배당을위한주주명부폐쇄(기준일)결정               | 2026-07-31: 타법인주식및출자증권처분결정              ,14
그린리소스,402490,-15,🚨 YES,유상증자결정(종속회사의주요경영사항)              ,,유상증자결정(종속회사의주요경영사항)              (-15),2026-07-30: 타인에대한담보제공결정               | 2026-07-30: 유상증자결정(종속회사의주요경영사항)              ,2
앱튼,270520,-15,🚨 YES,[기재정정]주요사항보고서(전환사채권발행결정),,[기재정정]주요사항보고서(전환사채권발행결정)(-15),2026-08-07: 주식등의대량보유상황보고서(약식) | 2026-08-03: 주식등의대량보유상황보고서(약식) | 2026-07-31: 주식등의대량보유상황보고서(약식) | 2026-07-31: 주식등의대량보유상황보고서(약식) | 2026-07-31: 주식등의대량보유상황보고서(일반),16
크라우드웍스,355390,-15,🚨 YES,[기재정정]주요사항보고서(전환사채권발행결정),,[기재정정]주요사항보고서(전환사채권발행결정)(-15),2026-08-12: [기재정정]경영권변경등에관한계약체결               | 2026-08-10: 임원ㆍ주요주주특정증권등소유상황보고서 | 2026-08-10: 주식등의대량보유상황보고서(일반) | 2026-08-06: 주요사항보고서(타법인주식및출자증권양수결정) | 2026-08-05: 독립이사의선임ㆍ해임또는중도퇴임에관한신고,11
테라사이언스,073640,-15,🚨 YES,[기재정정]주요사항보고서(유상증자결정),,[기재정정]주요사항보고서(유상증자결정)(-15),2026-08-11: [기재정정]주요사항보고서(회생절차개시신청) | 2026-08-07: [기재정정]주주총회소집결의               | 2026-08-07: [기재정정]주주명부폐쇄기간또는기준일설정               | 2026-07-30: [기재정정]주요사항보고서(유상증자결정) | 2026-07-24: [기재정정]타법인주식및출자증권처분결정              ,11
신한알파리츠,293940,-15,🚨 YES,유상증자결정(자율공시)(종속회사의주요경영사항)              ,,유상증자결정(자율공시)(종속회사의주요경영사항)              (-15),2026-08-12: 기타경영사항(자율공시)               | 2026-08-06: 임원ㆍ주요주주특정증권등소유상황보고서 | 2026-08-04: 주식등의대량보유상황보고서(약식) | 2026-07-30: 임원ㆍ주요주주특정증권등소유상황보고서 | 2026-07-30: 기타경영사항(자율공시)              ,10
코퍼스코리아,322780,-15,🚨 YES,[기재정정]주요사항보고서(유상증자결정),,[기재정정]주요사항보고서(유상증자결정)(-15),2026-08-11: [기재정정]주요사항보고서(유상증자결정) | 2026-08-11: [기재정정]경영권변경등에관한계약체결               | 2026-08-04: 주식등의대량보유상황보고서(약식) | 2026-07-30: 의결권대리행사권유참고서류 | 2026-07-30: 주주총회소집공고,12
아이에이,038880,-15,🚨 YES,[첨부추가]주요사항보고서(전환사채권발행결정),,[첨부추가]주요사항보고서(전환사채권발행결정)(-15),2026-08-06: 임원ㆍ주요주주특정증권등소유상황보고서 | 2026-07-21: 증권발행결과(자율공시)              (제9회차 CB) | 2026-07-21: 주식등의대량보유상황보고서(약식) | 2026-07-21: 주식등의대량보유상황보고서(약식) | 2026-07-20: 임원ㆍ주요주주특정증권등소유상황보고서,6
아이티엠반도체,084850,-15,🚨 YES,주요사항보고서(전환사채권발행결정),,주요사항보고서(전환사채권발행결정)(-15),2026-08-11: [기재정정]타인에대한채무보증결정               | 2026-08-10: 임원ㆍ주요주주특정증권등소유상황보고서 | 2026-08-05: 타인에대한채무보증결정               | 2026-07-31: 임원ㆍ주요주주특정증권등소유상황보고서 | 2026-07-30: 증권발행결과(자율공시)              ,9
페니트리움바이오,187660,-15,🚨 YES,[기재정정]주요사항보고서(유상증자결정),,[기재정정]주요사항보고서(유상증자결정)(-15),2026-08-12: [기재정정]유상증자또는주식관련사채등의청약결과(자율공시)               | 2026-08-11: 유상증자또는주식관련사채등의청약결과(자율공시)               | 2026-08-07: 유상증자또는주식관련사채등의청약결과(자율공시)               | 2026-08-06: 주식등의대량보유상황보고서(일반) | 2026-08-04: 투자판단관련주요경영사항(임상시험계획승인신청)              (재발성 또는 불응성 진행성 고형암 임상 2a상 IND신청),10
엠엑스온,347890,-15,🚨 YES,유상증자결정(자율공시)(종속회사의주요경영사항)              ,,유상증자결정(자율공시)(종속회사의주요경영사항)              (-15),2026-08-10: 타법인주식및출자증권취득결정(자율공시)               | 2026-08-10: 유상증자결정(자율공시)(종속회사의주요경영사항)              ,2
레이저쎌,412350,-15,🚨 YES,[기재정정]주요사항보고서(전환사채권발행결정),,[기재정정]주요사항보고서(전환사채권발행결정)(-15),2026-07-27: 기업설명회(IR)개최               | 2026-07-20: [기재정정]주요사항보고서(전환사채권발행결정),2
비스토스,419540,-15,🚨 YES,[기재정정]주요사항보고서(전환사채권발행결정),,[기재정정]주요사항보고서(전환사채권발행결정)(-15),2026-08-10: 주식등의대량보유상황보고서(약식) | 2026-07-31: [기재정정]주요사항보고서(전환사채권발행결정) | 2026-07-16: 기타경영사항(자율공시)              (제2회 무기명식 이권부 무보증 전환사채 소각(말소) 결정의 건),3
GRT,900290,-15,🚨 YES,[기재정정]주요사항보고서(유상증자결정),,[기재정정]주요사항보고서(유상증자결정)(-15),2026-08-04: 증권발행결과(자율공시)              (제3자배정 유상증자) | 2026-07-21: [기재정정]주요사항보고서(유상증자결정) | 2026-07-15: 기업설명회(IR)개최              ,3
코스맥스엔비티,222040,-12,🚨 YES,유상증자결정(종속회사의주요경영사항)              ,연결재무제표기준영업(잠정)실적(공정공시)              (+3),유상증자결정(종속회사의주요경영사항)              (-15),2026-08-07: 연결재무제표기준영업(잠정)실적(공정공시)               | 2026-07-28: 유형자산처분결정(종속회사의주요경영사항)               | 2026-07-15: 유상증자결정(종속회사의주요경영사항)               | 2026-07-15: 타법인주식및출자증권취득결정              ,4
한화,000880,-12,🚨 YES,[기재정정]유상증자결정(종속회사의주요경영사항)              ,영업(잠정)실적(공정공시)              (+3),[기재정정]유상증자결정(종속회사의주요경영사항)              (-15),2026-08-04: 특수관계인에대한담보제공 | 2026-08-04: 특수관계인으로부터받은담보 | 2026-08-04: 영업(잠정)실적(공정공시)               | 2026-08-04: 임원ㆍ주요주주특정증권등소유상황보고서 | 2026-08-03: 임원ㆍ주요주주특정증권등소유상황보고서,37
쏘카,403550,-12,🚨 YES,유상증자결정(종속회사의주요경영사항)              ,연결재무제표기준영업(잠정)실적(공정공시)              (+3),유상증자결정(종속회사의주요경영사항)              (-15),2026-08-11: 연결재무제표기준영업(잠정)실적(공정공시)               | 2026-08-11: [기재정정]주식매수선택권부여에관한신고 | 2026-08-11: [기재정정]주식매수선택권부여에관한신고 | 2026-08-11: [기재정정]주식매수선택권부여에관한신고 | 2026-08-11: [기재정정]주식매수선택권부여에관한신고,21
덕산하이메탈,077360,-12,🚨 YES,유상증자결정(종속회사의주요경영사항)              ,연결재무제표기준영업(잠정)실적(공정공시)              (+3),유상증자결정(종속회사의주요경영사항)              (-15),2026-08-06: 기업설명회(IR)개최               | 2026-08-06: 연결재무제표기준영업(잠정)실적(공정공시)               | 2026-07-24: 유상증자결정(종속회사의주요경영사항)              ,3
토비스,051360,-12,🚨 YES,주권매매거래정지해제              (감자 주권 변경상장),[기재정정]주요사항보고서(자기주식취득결정)(+5) | 주식소각결정              (+5) | 주요사항보고서(자기주식취득결정)(+5) | 연결재무제표기준영업(잠정)실적(공정공시)              (+3),주권매매거래정지해제              (감자 주권 변경상장)(-30),2026-07-31: [기재정정]주요사항보고서(자기주식취득결정) | 2026-07-31: 주식등의대량보유상황보고서(약식) | 2026-07-29: 주식소각결정               | 2026-07-29: 주요사항보고서(자기주식취득결정) | 2026-07-29: 연결재무제표기준영업(잠정)실적(공정공시)              ,7
덴티스,261200,-12,🚨 YES,주요사항보고서(전환사채권발행결정),연결재무제표기준영업(잠정)실적(공정공시)              (+3),주요사항보고서(전환사채권발행결정)(-15),2026-08-12: 주요사항보고서(전환사채권발행결정) | 2026-08-11: 연결재무제표기준영업(잠정)실적(공정공시)               | 2026-08-07: 임원ㆍ주요주주특정증권등소유상황보고서 | 2026-08-07: 주식등의대량보유상황보고서(일반) | 2026-07-31: 주식등의대량보유상황보고서(일반),8
주연테크,044380,-12,🚨 YES,주요사항보고서(유상증자결정),영업(잠정)실적(공정공시)              (+3),주요사항보고서(유상증자결정)(-15),2026-07-31: 최대주주등소유주식변동신고서               | 2026-07-31: 임원ㆍ주요주주특정증권등소유상황보고서 | 2026-07-31: 주식등의대량보유상황보고서(일반) | 2026-07-29: 유상증자또는주식관련사채등의발행결과(자율공시)               | 2026-07-27: 대표이사(대표집행임원)변경(안내공시)              ,9
아진전자부품,009320,-10,OK,,,최대주주등소유주식변동신고서(최대주주변경시)              (-5) | 최대주주변경              (-5),2026-08-10: 주식등의대량보유상황보고서(약식) | 2026-08-10: 임원ㆍ주요주주특정증권등소유상황보고서 | 2026-08-10: 최대주주등소유주식변동신고서               | 2026-08-04: 임원ㆍ주요주주특정증권등소유상황보고서 | 2026-07-24: 최대주주등소유주식변동신고서(최대주주변경시)              ,8
금강철강,053260,-10,OK,,,주요사항보고서(자기주식처분결정)(-10),2026-08-07: 소송등의제기ㆍ신청(경영권분쟁소송)              (직무집행정지가처분) | 2026-07-31: 대표이사변경               | 2026-07-29: 자기주식처분결과보고서 | 2026-07-23: 주요사항보고서(자기주식처분결정),4
두올,016740,-10,OK,,,최대주주등소유주식변동신고서(최대주주변경시)              (-5) | 최대주주변경              (-5),2026-07-31: 임원ㆍ주요주주특정증권등소유상황보고서 | 2026-07-31: 임원ㆍ주요주주특정증권등소유상황보고서 | 2026-07-31: 주식등의대량보유상황보고서(일반) | 2026-07-31: 임원ㆍ주요주주특정증권등소유상황보고서 | 2026-07-31: 임원ㆍ주요주주특정증권등소유상황보고서,15
지에프씨생명과학,388610,-10,OK,,,주요사항보고서(자기주식처분결정)(-10),2026-08-11: 임원ㆍ주요주주특정증권등소유상황보고서 | 2026-08-11: 주식등의대량보유상황보고서(일반) | 2026-08-06: 임원ㆍ주요주주특정증권등소유상황보고서 | 2026-08-06: 주식등의대량보유상황보고서(일반) | 2026-07-31: 임원ㆍ주요주주특정증권등소유상황보고서,15
케이엠제약,225430,-10,🚨 YES,주요사항보고서(유상증자결정),주요사항보고서(자기주식취득결정)(+5),주요사항보고서(유상증자결정)(-15),2026-07-30: [기재정정]임원ㆍ주요주주특정증권등소유상황보고서 | 2026-07-30: 주식등의대량보유상황보고서(일반) | 2026-07-30: 임원ㆍ주요주주특정증권등소유상황보고서 | 2026-07-30: 임원ㆍ주요주주특정증권등소유상황보고서 | 2026-07-27: 주요사항보고서(자기주식취득결정),9
현대무벡스,319400,-10,OK,,,주요사항보고서(자기주식처분결정)(-10),2026-08-06: 주요사항보고서(자기주식처분결정) | 2026-07-24: 임원ㆍ주요주주특정증권등거래계획철회보고서,2
SK이터닉스,475150,-10,OK,,,최대주주등소유주식변동신고서(최대주주변경시)              (-5) | 최대주주변경              (-5),2026-08-12: 지속가능경영보고서등관련사항(자율공시)               | 2026-08-11: 임원ㆍ주요주주특정증권등소유상황보고서 | 2026-08-11: 최대주주등소유주식변동신고서(최대주주변경시)               | 2026-08-11: 최대주주변경               | 2026-08-11: 주식등의대량보유상황보고서(일반),14
슈피겐코리아,192440,-10,OK,,,주요사항보고서(자기주식처분결정)(-10),2026-08-10: 임원ㆍ주요주주특정증권등소유상황보고서 | 2026-08-04: 자기주식처분결과보고서 | 2026-07-21: 주요사항보고서(자기주식처분결정),3
프로이천,321260,-10,OK,,,주요사항보고서(자기주식처분결정)(-10),2026-07-31: 주주총회소집결의              (임시주주총회) | 2026-07-31: 주주명부폐쇄기간또는기준일설정               | 2026-07-21: 임원ㆍ주요주주특정증권등소유상황보고서 | 2026-07-20: 주식등의대량보유상황보고서(일반) | 2026-07-14: 주요사항보고서(자기주식처분결정),7
한화갤러리아,452260,-10,OK,,,최대주주등소유주식변동신고서(최대주주변경시)              (-5) | 최대주주변경              (-5),2026-08-10: 최대주주등소유주식변동신고서(최대주주변경시)               | 2026-08-10: 임원ㆍ주요주주특정증권등소유상황보고서 | 2026-08-10: 주식등의대량보유상황보고서(일반) | 2026-08-10: 주식등의대량보유상황보고서(일반) | 2026-08-10: 임원ㆍ주요주주특정증권등소유상황보고서,9
센서뷰,321370,-10,🚨 YES,[기재정정]주요사항보고서(유상증자결정),단일판매ㆍ공급계약체결(자율공시)              (+5),[기재정정]주요사항보고서(유상증자결정)(-15),2026-08-11: [기재정정]주요사항보고서(유상증자결정) | 2026-08-11: [기재정정]투자설명서 | 2026-08-11: [발행조건확정]증권신고서(지분증권) | 2026-08-11: 유상증자최종발행가액확정              (주주배정후 실권주 일반공모) | 2026-08-07: 단일판매ㆍ공급계약체결(자율공시)              ,21
조광페인트,004910,-10,OK,,,[기재정정]주요사항보고서(자기주식처분결정)(-10),2026-07-27: [기재정정]자기주식처분결과보고서 | 2026-07-27: [기재정정]주요사항보고서(자기주식처분결정) | 2026-07-27: 자기교환사채만기전취득결정              ,3
원텍,336570,-10,OK,,,주요사항보고서(자기주식처분결정)(-10),2026-08-12: 자기주식처분결과보고서 | 2026-08-04: 주요사항보고서(자기주식처분결정) | 2026-07-31: 임시주주총회결과               | 2026-07-16: 신탁계약해지결과보고서 | 2026-07-16: 주주총회소집공고,6
엠엑스로보틱스,007820,-10,🚨 YES,주요사항보고서(유상증자결정),[기재정정]단일판매ㆍ공급계약체결              (+5),주요사항보고서(유상증자결정)(-15),2026-08-07: 주주총회소집결의              (임시주주총회) | 2026-08-07: 주주명부폐쇄기간또는기준일설정               | 2026-08-10: 주요사항보고서(유상증자결정) | 2026-07-20: 타인에대한담보제공결정               | 2026-07-20: 타인에대한채무보증결정              ,6
디에스케이,109740,-10,OK,,,[기재정정]최대주주변경을수반하는주식양수도계약체결              (-5) | [기재정정]최대주주변경을수반하는주식양수도계약체결              (-5),2026-08-11: 주식등의대량보유상황보고서(일반) | 2026-08-04: [기재정정]최대주주변경을수반하는주식양수도계약체결               | 2026-08-04: 주식등의대량보유상황보고서(일반) | 2026-07-29: [기재정정]주주총회소집결의              (임시주주총회) | 2026-07-29: [기재정정]최대주주변경을수반하는주식양수도계약체결              ,9
아이에스동서,010780,-10,🚨 YES,매매거래정지및정지해제(풍문등조회공시)              ,[기재정정]단일판매ㆍ공급계약체결              (+5) | 단일판매ㆍ공급계약체결              (+5) | [기재정정]단일판매ㆍ공급계약체결              (+5) | 단일판매ㆍ공급계약체결              (+5),매매거래정지및정지해제(풍문등조회공시)              (-30),2026-08-12: 조회공시요구(풍문또는보도)               | 2026-08-12: 매매거래정지및정지해제(풍문등조회공시)               | 2026-08-12: 기업설명회(IR)개최(안내공시)               | 2026-08-12: 기업설명회(IR)개최(안내공시)               | 2026-08-12: 반기보고서 (2026.06),13
파버나인,177830,-10,OK,,,[기재정정]최대주주변경을수반하는주식담보제공계약체결              (-5) | [기재정정]최대주주변경을수반하는주식담보제공계약체결              (-5),2026-08-12: 주식등의대량보유상황보고서(일반) | 2026-08-12: [기재정정]최대주주변경을수반하는주식담보제공계약체결               | 2026-07-21: 금전대여결정              (금정대여결정) | 2026-07-16: 자산재평가결과(자율공시)               | 2026-07-13: 주식등의대량보유상황보고서(일반),6
화승인더스트리,006060,-10,OK,,,최대주주변경              (-5) | 최대주주등소유주식변동신고서(최대주주변경시)              (-5),2026-08-11: [기재정정]투자판단관련주요경영사항               | 2026-08-03: 임원ㆍ주요주주특정증권등소유상황보고서 | 2026-08-03: 임원ㆍ주요주주특정증권등소유상황보고서 | 2026-08-03: 주식등의대량보유상황보고서(일반) | 2026-08-03: 주식등의대량보유상황보고서(일반),10
모티브링크,463480,-10,OK,,,최대주주변경              (-5) | [기재정정]최대주주변경을수반하는주식양수도계약체결              (-5),2026-07-22: 임원ㆍ주요주주특정증권등소유상황보고서 | 2026-07-22: 주식등의대량보유상황보고서(일반) | 2026-07-22: 임원ㆍ주요주주특정증권등소유상황보고서 | 2026-07-22: 임원ㆍ주요주주특정증권등소유상황보고서 | 2026-07-22: 주식등의대량보유상황보고서(일반),9
서부T&D,006730,-10,OK,,,[기재정정]최대주주변경을수반하는주식담보제공계약체결              (-5) | [기재정정]최대주주변경을수반하는주식담보제공계약체결              (-5),2026-07-31: 주식등의대량보유상황보고서(일반) | 2026-07-30: [기재정정]최대주주변경을수반하는주식담보제공계약체결               | 2026-07-27: [기재정정]최대주주변경을수반하는주식담보제공계약체결               | 2026-07-21: 기업설명회(IR)개최               | 2026-07-13: 주식등의대량보유상황보고서(일반),5
삼기에너지솔루션즈,419050,-10,OK,,,주요사항보고서(자기주식처분결정)(-10),2026-07-24: 임원ㆍ주요주주특정증권등소유상황보고서 | 2026-07-24: 자기주식처분결과보고서 | 2026-07-20: 주요사항보고서(자기주식처분결정) | 2026-07-16: 자기주식취득결과보고서,4
넥스턴앤롤코리아,089140,-10,OK,,,[기재정정]최대주주변경을수반하는주식담보제공계약체결              (-5) | [기재정정]최대주주변경을수반하는주식담보제공계약체결              (-5),2026-08-12: [기재정정]타법인주식및출자증권취득결정               | 2026-08-12: 타법인주식및출자증권취득결정               | 2026-08-10: 주식등의대량보유상황보고서(약식) | 2026-07-31: 주식등의대량보유상황보고서(일반) | 2026-07-30: [기재정정]최대주주변경을수반하는주식담보제공계약체결              ,7
오스코텍,039200,-10,OK,,,최대주주변경을수반하는주식담보제공계약체결              (-5) | [기재정정]최대주주변경              (-5),2026-07-23: 최대주주변경을수반하는주식담보제공계약체결               | 2026-07-23: [기재정정]최대주주변경               | 2026-07-23: 주식등의대량보유상황보고서(일반),3
크레버스,096240,-10,OK,,,[기재정정]최대주주변경을수반하는주식담보제공계약체결              (-5) | [기재정정]최대주주변경을수반하는주식담보제공계약체결              (-5),2026-08-07: 임원ㆍ주요주주특정증권등소유상황보고서 | 2026-07-31: 주식등의대량보유상황보고서(일반) | 2026-07-24: [기재정정]최대주주변경을수반하는주식담보제공계약체결               | 2026-07-23: 주식등의대량보유상황보고서(일반) | 2026-07-23: 임원ㆍ주요주주특정증권등소유상황보고서,7
HPSP,403870,-10,OK,,,주요사항보고서(자기주식처분결정)(-10),2026-08-07: 주요사항보고서(자기주식처분결정) | 2026-08-07: [기재정정]주식매수선택권부여에관한신고 | 2026-08-03: 임원ㆍ주요주주특정증권등소유상황보고서 | 2026-08-03: 주식등의대량보유상황보고서(약식),4
에치에프알,230240,-10,OK,,,주요사항보고서(자기주식처분결정)(-10),2026-08-05: 임원ㆍ주요주주특정증권등소유상황보고서 | 2026-08-05: 임원ㆍ주요주주특정증권등소유상황보고서 | 2026-08-05: 주식등의대량보유상황보고서(일반) | 2026-08-03: 자기주식처분결과보고서 | 2026-07-31: 주요사항보고서(자기주식처분결정),7
휴맥스홀딩스,028080,-10,🚨 YES,기타시장안내(관리종목지정우려종목)              (시가총액 200억원 미달),[기재정정]주요사항보고서(회사합병결정)(+3) | 주식소각결정              (+5) | [기재정정]주요사항보고서(회사합병결정)(+3) | [기재정정]주요사항보고서(회사합병결정)(+3) | [기재정정]주요사항보고서(회사합병결정)(+3),기타시장안내(관리종목지정우려종목)              (시가총액 200억원 미달)(-30),2026-08-11: [기재정정]의결권대리행사권유참고서류 | 2026-08-11: [기재정정]주주총회소집공고 | 2026-08-11: [기재정정]주요사항보고서(회사합병결정) | 2026-08-11: 주식소각결정               | 2026-08-07: 임원ㆍ주요주주특정증권등소유상황보고서,16
일양약품,007570,-10,OK,,,최대주주변경              (-5) | 최대주주등소유주식변동신고서(최대주주변경시)              (-5),2026-07-30: 최대주주변경               | 2026-07-30: 주식등의대량보유상황보고서(일반) | 2026-07-30: 임원ㆍ주요주주특정증권등소유상황보고서 | 2026-07-30: 임원ㆍ주요주주특정증권등소유상황보고서 | 2026-07-30: 최대주주등소유주식변동신고서(최대주주변경시)              ,5
우리기술,032820,-10,🚨 YES,주요사항보고서(전환사채권발행결정),[기재정정]단일판매ㆍ공급계약체결              (+5),주요사항보고서(전환사채권발행결정)(-15),2026-08-11: 주식등의대량보유상황보고서(약식) | 2026-08-05: 주요사항보고서(전환사채권발행결정) | 2026-07-27: [기재정정]단일판매ㆍ공급계약체결              ,3
HLB글로벌,003580,-9,🚨 YES,주요사항보고서(전환사채권발행결정),[첨부정정]주요사항보고서(회사합병결정)(+3) | 주요사항보고서(회사합병결정)(+3),주요사항보고서(전환사채권발행결정)(-15),2026-08-10: [첨부정정]주요사항보고서(회사합병결정) | 2026-08-07: 주주명부폐쇄기간또는기준일설정               | 2026-08-07: 주요사항보고서(회사합병결정) | 2026-08-07: 금전대여결정              (연장) | 2026-08-06: 주요사항보고서(전환사채권발행결정),6
LS에코에너지,229640,-9,🚨 YES,주요사항보고서(전환사채권발행결정),[기재정정]연결재무제표기준영업(잠정)실적(공정공시)              (+3) | 연결재무제표기준영업(잠정)실적(공정공시)              (+3),주요사항보고서(전환사채권발행결정)(-15),2026-08-05: [기재정정]연결재무제표기준영업(잠정)실적(공정공시)               | 2026-08-05: 연결재무제표기준영업(잠정)실적(공정공시)               | 2026-08-04: 유상증자또는주식관련사채등의발행결과(자율공시)               | 2026-07-27: 주권관련사채권의취득결정               | 2026-07-27: 주요사항보고서(전환사채권발행결정),7
KG에코솔루션,151860,-9,🚨 YES,주요사항보고서(전환사채권발행결정)(자회사의 주요경영사항)              ,연결재무제표기준영업(잠정)실적(공정공시)              (+3) | 영업(잠정)실적(공정공시)              (+3),주요사항보고서(전환사채권발행결정)(자회사의 주요경영사항)              (-15),2026-08-11: 연결재무제표기준영업(잠정)실적(공정공시)               | 2026-08-11: 영업(잠정)실적(공정공시)               | 2026-08-06: 기업설명회(IR)개최               | 2026-08-03: 주요사항보고서(전환사채권발행결정)(자회사의 주요경영사항)               | 2026-07-31: 타인에대한담보제공결정(자회사의 주요경영사항)              ,7
KG모빌리티,003620,-9,🚨 YES,주요사항보고서(전환사채권발행결정),영업(잠정)실적(공정공시)              (+3) | 영업(잠정)실적(공정공시)              (+3),주요사항보고서(전환사채권발행결정)(-15),2026-08-11: 유상증자또는주식관련사채등의발행결과(자율공시)               | 2026-08-03: 영업(잠정)실적(공정공시)               | 2026-08-03: 주요사항보고서(전환사채권발행결정) | 2026-07-28: 단기차입금증가결정               | 2026-07-28: 영업(잠정)실적(공정공시)              ,7
고려아연,010130,-9,🚨 YES,유상증자결정(종속회사의주요경영사항)              ,연결재무제표기준영업(잠정)실적(공정공시)              (+3) | 영업(잠정)실적(공정공시)              (+3),유상증자결정(종속회사의주요경영사항)              (-15),2026-08-12: 의결권대리행사권유참고서류 | 2026-08-11: 의결권대리행사권유참고서류 | 2026-08-11: 주주총회소집공고 | 2026-08-07: 소송등의판결ㆍ결정               | 2026-08-06: 주식등의대량보유상황보고서(일반),19
한화솔루션,009830,-7,🚨 YES,[기재정정]주요사항보고서(유상증자결정),주식소각결정              (+5) | 연결재무제표기준영업(잠정)실적(공정공시)              (+3),[기재정정]주요사항보고서(유상증자결정)(-15),2026-08-03: 임원ㆍ주요주주특정증권등소유상황보고서 | 2026-08-03: 임원ㆍ주요주주특정증권등소유상황보고서 | 2026-08-03: 임원ㆍ주요주주특정증권등소유상황보고서 | 2026-08-03: 임원ㆍ주요주주특정증권등소유상황보고서 | 2026-08-03: 임원ㆍ주요주주특정증권등소유상황보고서,82
RFHIC,218410,-7,OK,,연결재무제표기준영업(잠정)실적(공정공시)              (+3),주요사항보고서(자기주식처분결정)(-10),2026-08-11: 주요사항보고서(자기주식처분결정) | 2026-08-11: 임시주주총회결과               | 2026-07-27: 주주총회소집공고 | 2026-07-27: 연결재무제표기준영업(잠정)실적(공정공시)               | 2026-07-21: 주식등의대량보유상황보고서(약식),5
SK하이닉스,000660,-7,OK,,연결재무제표기준영업(잠정)실적(공정공시)              (+3),주요사항보고서(자기주식처분결정)(-10),2026-08-12: 지급수단별ㆍ지급기간별지급금액및분쟁조정기구에관한사항 | 2026-08-10: 조회공시요구(풍문또는보도)에대한답변(미확정)               | 2026-08-10: 조회공시요구(풍문또는보도)               | 2026-08-07: 주요사항보고서(자기주식처분결정) | 2026-08-07: 신규시설투자등              ,23
교촌에프앤비,339770,-7,OK,,연결재무제표기준영업(잠정)실적(공정공시)              (+3),주요사항보고서(자기주식처분결정)(-10),2026-08-10: 주요사항보고서(자기주식처분결정) | 2026-08-10: 현금ㆍ현물배당을위한주주명부폐쇄(기준일)결정               | 2026-08-10: 현금ㆍ현물배당결정               | 2026-08-07: 연결재무제표기준영업(잠정)실적(공정공시)               | 2026-07-16: 신탁계약해지결과보고서,6
엘에스일렉트릭,010120,-7,OK,,연결재무제표기준영업(잠정)실적(공정공시)              (+3),주요사항보고서(자기주식처분결정)(-10),2026-08-04: 최대주주등소유주식변동신고서               | 2026-08-04: 임원ㆍ주요주주특정증권등소유상황보고서 | 2026-07-23: 기업설명회(IR)개최(안내공시)               | 2026-07-23: 기업설명회(IR)개최(안내공시)               | 2026-07-23: 연결재무제표기준영업(잠정)실적(공정공시)              ,8
휴젤,145020,-7,OK,,연결재무제표기준영업(잠정)실적(공정공시)              (+3),주요사항보고서(자기주식처분결정)(-10),2026-08-07: 임원ㆍ주요주주특정증권등소유상황보고서 | 2026-08-07: 기업설명회(IR)개최               | 2026-08-06: 의결권대리행사권유참고서류 | 2026-08-06: 주주총회소집공고 | 2026-08-06: 풍문또는보도에대한해명(미확정)              ,17
유나이티드,033270,-7,OK,,영업(잠정)실적(공정공시)              (+3),최대주주변경              (-5) | 최대주주등소유주식변동신고서(최대주주변경시)              (-5),2026-08-11: 최대주주변경               | 2026-08-11: 주식등의대량보유상황보고서(일반) | 2026-08-11: 임원ㆍ주요주주특정증권등소유상황보고서 | 2026-08-11: 임원ㆍ주요주주특정증권등소유상황보고서 | 2026-08-11: 최대주주등소유주식변동신고서(최대주주변경시)              ,6
아모레퍼시픽,090430,-7,OK,,연결재무제표기준영업(잠정)실적(공정공시)              (+3),주요사항보고서(자기주식처분결정)(-10),2026-08-10: 최대주주등소유주식변동신고서               | 2026-08-10: 주식등의대량보유상황보고서(일반) | 2026-07-30: 주요사항보고서(자기주식처분결정) | 2026-07-30: 연결재무제표기준영업(잠정)실적(공정공시)               | 2026-07-23: 결산실적공시예고(안내공시)              ,8
세기상사,002420,-7,OK,,[기재정정]주요사항보고서(회사합병결정)(+3),최대주주변경              (-5) | 최대주주등소유주식변동신고서(최대주주변경시)              (-5),2026-08-10: 최대주주변경               | 2026-08-10: 최대주주등소유주식변동신고서(최대주주변경시)               | 2026-08-10: 합병등종료보고서(합병) | 2026-07-28: 기타경영사항(자율공시)               | 2026-07-13: [기재정정]주요사항보고서(회사합병결정),5
위메이드,112040,-7,OK,,연결재무제표기준영업(잠정)실적(공정공시)              (+3),주요사항보고서(자기주식처분결정)(-10),2026-08-12: [기재정정]주식매수선택권부여에관한신고 | 2026-08-12: 연결재무제표기준영업(잠정)실적(공정공시)               | 2026-07-21: 주요사항보고서(자기주식처분결정) | 2026-07-20: 주식등의대량보유상황보고서(일반) | 2026-07-16: 결산실적공시예고              ,5
한미약품,128940,-7,OK,,연결재무제표기준영업(잠정)실적(공정공시)              (+3),주요사항보고서(자기주식처분결정)(-10),2026-08-12: 주식등의대량보유상황보고서(일반) | 2026-08-11: 최대주주등소유주식변동신고서               | 2026-08-11: 임원ㆍ주요주주특정증권등소유상황보고서 | 2026-08-11: 임원ㆍ주요주주특정증권등소유상황보고서 | 2026-08-11: 임원ㆍ주요주주특정증권등소유상황보고서,34
한화비전,489790,-7,OK,,연결재무제표기준영업(잠정)실적(공정공시)              (+3),최대주주등소유주식변동신고서(최대주주변경시)              (-5) | 최대주주변경              (-5),2026-08-10: 최대주주등소유주식변동신고서(최대주주변경시)               | 2026-08-10: 임원ㆍ주요주주특정증권등소유상황보고서 | 2026-08-10: 주식등의대량보유상황보고서(일반) | 2026-08-10: 주식등의대량보유상황보고서(일반) | 2026-08-10: 임원ㆍ주요주주특정증권등소유상황보고서,10
제이브이엠,054950,-7,OK,,연결재무제표기준영업(잠정)실적(공정공시)              (+3),주요사항보고서(자기주식처분결정)(-10),2026-07-30: 연결재무제표기준영업(잠정)실적(공정공시)               | 2026-07-30: 기업설명회(IR)개최               | 2026-07-29: 임원ㆍ주요주주특정증권등소유상황보고서 | 2026-07-29: 임원ㆍ주요주주특정증권등소유상황보고서 | 2026-07-29: 임원ㆍ주요주주특정증권등소유상황보고서,11
SK스퀘어,402340,-5,OK,,주식소각결정              (+5),주요사항보고서(자기주식처분결정)(자회사의 주요경영사항)              (-10),2026-08-12: 주식등의대량보유상황보고서(약식) | 2026-08-07: 주요사항보고서(자기주식처분결정)(자회사의 주요경영사항)               | 2026-08-07: 신규시설투자등(자회사의 주요경영사항)               | 2026-08-07: 신규시설투자등(자회사의 주요경영사항)               | 2026-08-07: 현금ㆍ현물배당을위한주주명부폐쇄(기준일)결정(자회사의 주요경영사항)              ,10
스모트로닉,066590,-5,OK,,,최대주주변경을수반하는주식양수도계약체결              (-5),2026-08-06: 임원ㆍ주요주주특정증권등소유상황보고서 | 2026-07-29: 임원ㆍ주요주주특정증권등소유상황보고서 | 2026-07-28: [기재정정]사업보고서 (2025.12) | 2026-07-28: 임원ㆍ주요주주특정증권등소유상황보고서 | 2026-07-21: 주식등의대량보유상황보고서(일반),8
아나패스,123860,-5,OK,,,[기재정정]최대주주변경을수반하는주식담보제공계약체결              (-5),2026-08-12: [기재정정]최대주주변경을수반하는주식담보제공계약체결               | 2026-08-12: 임원ㆍ주요주주특정증권등소유상황보고서 | 2026-08-05: 임원ㆍ주요주주특정증권등소유상황보고서 | 2026-07-31: 임원ㆍ주요주주특정증권등소유상황보고서 | 2026-07-31: 임원ㆍ주요주주특정증권등소유상황보고서,13
크레오에스지,040350,-5,OK,,,[기재정정]최대주주변경을수반하는주식담보제공계약체결              (-5),2026-08-07: 조회공시요구(현저한시황변동)에대한답변(미확정)               | 2026-08-04: 주식등의대량보유상황보고서(일반) | 2026-07-28: [기재정정]최대주주변경을수반하는주식담보제공계약체결               | 2026-07-15: 주식등의대량보유상황보고서(일반),4
키스트론,475430,-5,OK,,,최대주주변경              (-5),2026-08-11: 주식등의대량보유상황보고서(일반) | 2026-08-11: 임원ㆍ주요주주특정증권등소유상황보고서 | 2026-08-11: 임원ㆍ주요주주특정증권등소유상황보고서 | 2026-08-11: 임원ㆍ주요주주특정증권등소유상황보고서 | 2026-08-11: 임원ㆍ주요주주특정증권등소유상황보고서,8
서진시스템,178320,-5,OK,,[기재정정]단일판매ㆍ공급계약체결              (+5) | 단일판매ㆍ공급계약체결(자율공시)              (+5),[기재정정]최대주주변경을수반하는주식담보제공계약체결              (-5) | [기재정정]최대주주변경을수반하는주식담보제공계약체결              (-5) | [기재정정]최대주주변경을수반하는주식담보제공계약체결              (-5),2026-08-12: [기재정정]타인에대한채무보증결정               | 2026-08-07: 주식등의대량보유상황보고서(일반) | 2026-08-07: [기재정정]최대주주변경을수반하는주식담보제공계약체결               | 2026-08-07: [기재정정]단일판매ㆍ공급계약체결               | 2026-08-05: [기재정정]타인에대한채무보증결정              ,10
한국정보통신,025770,-5,OK,,,[기재정정]최대주주변경을수반하는주식담보제공계약체결              (-5),2026-07-16: 주식등의대량보유상황보고서(일반) | 2026-07-16: [기재정정]최대주주변경을수반하는주식담보제공계약체결              ,2
한양디지텍,078350,-5,OK,,,최대주주변경              (-5),2026-08-06: 타인에대한채무보증결정               | 2026-07-30: 임원ㆍ주요주주특정증권등소유상황보고서 | 2026-07-28: 주식등의대량보유상황보고서(일반) | 2026-07-24: 임원ㆍ주요주주특정증권등소유상황보고서 | 2026-07-24: 임원ㆍ주요주주특정증권등소유상황보고서,8
신테카바이오,226330,-5,OK,,,[기재정정]최대주주변경을수반하는주식담보제공계약체결              (-5),2026-08-04: 임원ㆍ주요주주특정증권등소유상황보고서 | 2026-07-29: 임원ㆍ주요주주특정증권등소유상황보고서 | 2026-07-29: 주식등의대량보유상황보고서(일반) | 2026-07-28: [기재정정]최대주주변경을수반하는주식담보제공계약체결               | 2026-07-23: [기재정정]주주총회소집결의              (임시주주총회),10
케이엔제이,272110,-5,OK,,,최대주주변경을수반하는주식담보제공계약해제ㆍ취소등              (-5),2026-08-11: 최대주주변경을수반하는주식담보제공계약해제ㆍ취소등               | 2026-08-11: 주식등의대량보유상황보고서(일반) | 2026-08-06: 주식등의대량보유상황보고서(일반),3
텔콘RF제약,200230,-5,OK,,,최대주주변경              (-5),2026-07-31: 전환가액의조정               | 2026-07-27: 기타시장안내(최대주주의의무보유관련)              (최대주주의 의무보유 이행 관련) | 2026-07-24: 전환가액의조정               | 2026-07-16: 주식등의대량보유상황보고서(일반) | 2026-07-16: 임원ㆍ주요주주특정증권등소유상황보고서,11
이엠앤아이,083470,-5,OK,,,최대주주변경을수반하는주식양수도계약체결              (-5),2026-08-12: 임원ㆍ주요주주특정증권등소유상황보고서 | 2026-08-07: 최대주주변경을수반하는주식양수도계약체결               | 2026-07-24: 조회공시요구(현저한시황변동)에대한답변(미확정)               | 2026-07-23: 주주총회소집결의              (임시주주총회) | 2026-07-23: 주주명부폐쇄기간또는기준일설정              ,5
인카금융서비스,211050,-5,OK,,,최대주주변경을수반하는주식담보제공계약체결              (-5),2026-08-11: 신탁계약해지결과보고서 | 2026-08-11: 임원ㆍ주요주주특정증권등소유상황보고서 | 2026-08-10: 주요사항보고서(자기주식취득신탁계약해지결정) | 2026-08-04: 주식등의대량보유상황보고서(일반) | 2026-08-04: 주식등의대량보유상황보고서(일반),8
LS,006260,-5,OK,,[기재정정]단일판매ㆍ공급계약체결              (+5),주요사항보고서(자기주식처분결정)(자회사의 주요경영사항)              (-10),2026-08-12: [기재정정]단일판매ㆍ공급계약체결               | 2026-08-05: 풍문또는보도에대한해명(미확정)(자회사의 주요경영사항)               | 2026-07-22: 단기차입금증가결정(자회사의 주요경영사항)               | 2026-07-15: 주요사항보고서(자기주식처분결정)(자회사의 주요경영사항)              ,4
SG,255220,-5,🚨 YES,[기재정정]주요사항보고서(유상증자결정),단일판매ㆍ공급계약체결              (+5) | [기재정정]단일판매ㆍ공급계약체결              (+5),[기재정정]주요사항보고서(유상증자결정)(-15),2026-08-10: 기업설명회(IR)개최               | 2026-08-03: 단일판매ㆍ공급계약체결               | 2026-07-31: [기재정정]단일판매ㆍ공급계약체결               | 2026-07-20: 권리락              (유상증자) | 2026-07-20: [기재정정]투자설명서,10
대성하이텍,129920,-5,OK,,,[기재정정]최대주주변경을수반하는주식담보제공계약체결              (-5),2026-07-29: 임원ㆍ주요주주특정증권등소유상황보고서 | 2026-07-13: 주식등의대량보유상황보고서(일반) | 2026-07-13: [기재정정]최대주주변경을수반하는주식담보제공계약체결              ,3
해성에어로보틱스,059270,-5,OK,,,[기재정정]최대주주변경을수반하는주식담보제공계약체결              (-5),2026-08-05: 임원ㆍ주요주주특정증권등소유상황보고서 | 2026-07-31: 임원ㆍ주요주주특정증권등소유상황보고서 | 2026-07-27: [기재정정]최대주주변경을수반하는주식담보제공계약체결               | 2026-07-27: 파산신청              ,4
그린생명과학,114450,-5,OK,,,최대주주변경              (-5),2026-07-31: 임원ㆍ주요주주특정증권등소유상황보고서 | 2026-07-30: 신규시설투자등               | 2026-07-29: 주식등의대량보유상황보고서(일반) | 2026-07-22: 최대주주변경              ,4
하나머티리얼즈,166090,-5,OK,,,[기재정정]최대주주변경을수반하는주식담보제공계약체결              (-5),2026-08-12: 신규시설투자등               | 2026-08-05: 주식등의대량보유상황보고서(일반) | 2026-08-04: [기재정정]최대주주변경을수반하는주식담보제공계약체결               | 2026-08-04: 주요사항보고서(교환사채권발행결정) | 2026-08-04: [기재정정]타인에대한채무보증결정              ,5
비투엔,307870,-5,OK,,,[기재정정]최대주주변경을수반하는주식양수도계약체결              (-5),2026-07-30: 임원ㆍ주요주주특정증권등소유상황보고서 | 2026-07-28: 독립이사의선임ㆍ해임또는중도퇴임에관한신고 | 2026-07-22: 독립이사의선임ㆍ해임또는중도퇴임에관한신고 | 2026-07-21: 주식등의대량보유상황보고서(일반) | 2026-07-20: 주주명부폐쇄기간또는기준일설정              ,8
NAVER,035420,-4,🚨 YES,주요사항보고서(유상증자결정),영업(잠정)실적(공정공시)              (+3) | 연결재무제표기준영업(잠정)실적(공정공시)              (+3) | 주식소각결정              (+5),주요사항보고서(유상증자결정)(-15),2026-08-12: 지급수단별ㆍ지급기간별지급금액및분쟁조정기구에관한사항 | 2026-08-10: 주식등의대량보유상황보고서(약식) | 2026-08-07: 임원ㆍ주요주주특정증권등소유상황보고서 | 2026-08-07: 영업(잠정)실적(공정공시)               | 2026-08-07: 연결재무제표기준영업(잠정)실적(공정공시)              ,23
현대자동차,005380,-4,OK,,영업(잠정)실적(공정공시)              (+3) | 연결재무제표기준영업(잠정)실적(공정공시)              (+3),주요사항보고서(자기주식처분결정)(-10),2026-08-12: 특수관계인으로부터기타유가증권매수 | 2026-08-06: 임원ㆍ주요주주특정증권등소유상황보고서 | 2026-08-05: 임원ㆍ주요주주특정증권등소유상황보고서 | 2026-08-05: 임원ㆍ주요주주특정증권등소유상황보고서 | 2026-08-05: 임원ㆍ주요주주특정증권등소유상황보고서,21
씨젠,096530,-2,OK,,주식소각결정              (+5) | 연결재무제표기준영업(잠정)실적(공정공시)              (+3),주요사항보고서(자기주식처분결정)(-10),2026-08-12: 주식소각결정               | 2026-08-12: 현금ㆍ현물배당결정              (분기배당) | 2026-08-12: 주요사항보고서(자기주식처분결정) | 2026-08-12: 중간(분기)배당을위한주주명부폐쇄(기준일)결정               | 2026-08-07: 연결재무제표기준영업(잠정)실적(공정공시)              ,6
LX홀딩스,383800,-2,OK,,연결재무제표기준영업(잠정)실적(공정공시)              (+3) | 단일판매ㆍ공급계약체결(자회사의 주요경영사항)              (+5),최대주주변경              (-5) | 최대주주등소유주식변동신고서(최대주주변경시)              (-5),2026-08-12: 임원ㆍ주요주주특정증권등거래계획보고서 | 2026-08-12: 임원ㆍ주요주주특정증권등거래계획보고서 | 2026-08-12: 타인에대한담보제공결정(자회사의 주요경영사항)               | 2026-08-12: 금전대여결정(자회사의 주요경영사항)               | 2026-08-12: [기재정정]타인에대한담보제공결정(자회사의 주요경영사항)              ,14
엔켐,348370,-2,OK,,회사합병결정(종속회사의주요경영사항)              (+3),[기재정정]최대주주변경을수반하는주식담보제공계약체결              (-5),2026-08-11: [기재정정]최대주주변경을수반하는주식담보제공계약체결               | 2026-08-05: 전환가액의조정              (제15회차) | 2026-08-04: 사채권자집회소집               | 2026-07-31: 전환사채(해외전환사채포함)발행후만기전사채취득              (제13회차) | 2026-07-24: [기재정정]주요사항보고서(자기전환사채매도결정),10
감성코퍼레이션,036620,0,OK,,,,2026-08-07: 주식등의대량보유상황보고서(일반) | 2026-07-27: 임원ㆍ주요주주특정증권등소유상황보고서 | 2026-07-22: 임원ㆍ주요주주특정증권등소유상황보고서,3
HC보광산업,225530,0,OK,,,,2026-08-05: 주식등의대량보유상황보고서(일반) | 2026-07-27: 주식등의대량보유상황보고서(일반) | 2026-07-16: 임원ㆍ주요주주특정증권등소유상황보고서,3
인선이엔티,060150,0,OK,,,,2026-08-12: 반기보고서 (2026.06) | 2026-08-12: 지급수단별ㆍ지급기간별지급금액및분쟁조정기구에관한사항 | 2026-08-05: 본점소재지변경               | 2026-07-29: 주식등의대량보유상황보고서(일반),4
에이팩트,200470,0,OK,,,,2026-08-12: [기재정정]전환청구권행사               | 2026-08-12: [기재정정]전환청구권행사               | 2026-08-10: 의결권대리행사권유참고서류 | 2026-08-10: 주주총회소집공고 | 2026-07-24: 전환청구권행사              ,8
리튬포어스,073570,0,OK,,,,2026-08-05: 주주명부폐쇄기간또는기준일설정               | 2026-08-05: 주주총회소집결의              (임시주주총회) | 2026-07-21: 금전대여결정(자율공시)              (대여기간 연장),3
엘리비젼,276240,0,OK,,,,2026-08-12: 주주명부폐쇄기간또는기준일설정               | 2026-08-12: 주주총회소집결의               | 2026-08-12: 주요사항보고서(주식교환ㆍ이전결정),3
에스티오,098660,0,OK,,,,2026-08-12: 수시공시의무관련사항(공정공시)              (주주가치 제고를 위한 배당 등 주주환원 정책 안내) | 2026-08-05: 주요사항보고서(자기주식취득신탁계약체결결정) | 2026-07-31: 신탁계약해지결과보고서 | 2026-07-30: 주요사항보고서(자기주식취득신탁계약해지결정),4
하이딥,365590,0,OK,,,,2026-08-07: 임시주주총회결과               | 2026-07-23: 임원ㆍ주요주주특정증권등소유상황보고서 | 2026-07-23: 주식등의대량보유상황보고서(일반) | 2026-07-23: 주주총회소집공고 | 2026-07-15: 주식등의대량보유상황보고서(일반),6
코이즈,121850,0,OK,,,,2026-08-04: [기재정정]주주명부폐쇄기간또는기준일설정               | 2026-08-04: [기재정정]주주총회소집결의              (임시주주총회) | 2026-07-15: 주주명부폐쇄기간또는기준일설정               | 2026-07-15: 주주총회소집결의              (임시주주총회) | 2026-07-15: [기재정정]사업보고서 (2025.12),5
교보증권,030610,0,OK,,,,2026-08-12: 소송등의판결ㆍ결정               | 2026-08-12: 의결권대리행사권유참고서류 | 2026-08-12: 주주총회소집공고 | 2026-08-12: 증권발행실적보고서 | 2026-08-12: 증권발행실적보고서,100
디지아이,043360,0,OK,,,,2026-07-28: 임원ㆍ주요주주특정증권등소유상황보고서 | 2026-07-28: 임원ㆍ주요주주특정증권등소유상황보고서 | 2026-07-28: 임원ㆍ주요주주특정증권등소유상황보고서 | 2026-07-28: 임원ㆍ주요주주특정증권등소유상황보고서 | 2026-07-28: 임원ㆍ주요주주특정증권등소유상황보고서,10
대주전자재료,078600,0,OK,,,,2026-08-11: 임원ㆍ주요주주특정증권등소유상황보고서 | 2026-08-07: 주식등의대량보유상황보고서(약식) | 2026-07-29: [기재정정]주식매수선택권부여에관한신고,3
대륙제관,004780,0,OK,,,,2026-08-11: 신탁계약해지결과보고서 | 2026-08-11: 주요사항보고서(자기주식취득신탁계약해지결정) | 2026-08-11: 신탁계약에의한취득상황보고서 | 2026-07-28: 불성실공시법인미지정              (지정유예) | 2026-07-15: 불성실공시법인지정예고              (공시불이행),5
바이오톡스텍,086040,0,OK,,,,2026-08-06: 임원ㆍ주요주주특정증권등소유상황보고서 | 2026-08-06: 주식등의대량보유상황보고서(일반) | 2026-08-03: 임원ㆍ주요주주특정증권등소유상황보고서 | 2026-08-03: 주식등의대량보유상황보고서(일반) | 2026-07-29: 임원ㆍ주요주주특정증권등소유상황보고서,6
퓨쳐켐,220100,0,OK,,,,2026-07-14: 권리락              (유상증자) | 2026-07-14: [기재정정]투자설명서 | 2026-07-14: [발행조건확정]증권신고서(지분증권) | 2026-07-14: [기재정정]주요사항보고서(유무상증자결정) | 2026-07-14: 유상증자1차발행가액결정              ,5
디알텍,214680,0,OK,,,,2026-08-06: 임시주주총회결과               | 2026-08-04: 주식등의대량보유상황보고서(일반) | 2026-07-16: 의결권대리행사권유참고서류 | 2026-07-16: 주주총회소집공고 | 2026-07-15: 임원ㆍ주요주주특정증권등소유상황보고서,6
유안타증권,003470,0,OK,,,,2026-08-12: 최대주주등소유주식변동신고서               | 2026-08-11: 최대주주등소유주식변동신고서               | 2026-08-10: 임원ㆍ주요주주특정증권등소유상황보고서 | 2026-08-10: 최대주주등소유주식변동신고서               | 2026-08-07: 최대주주등소유주식변동신고서              ,61
신풍,002870,0,OK,,,,2026-08-04: [기재정정]현금ㆍ현물배당결정               | 2026-07-21: 현금ㆍ현물배당을위한주주명부폐쇄(기준일)결정               | 2026-07-21: 현금ㆍ현물배당결정               | 2026-07-21: 임시주주총회결과              ,4
엠에프씨,432980,0,OK,,,,2026-08-06: 자기주식취득결과보고서 | 2026-08-05: 임원ㆍ주요주주특정증권등소유상황보고서 | 2026-07-29: 임원ㆍ주요주주특정증권등소유상황보고서 | 2026-07-15: 임원ㆍ주요주주특정증권등소유상황보고서,4
강스템바이오텍,217730,0,OK,,,,2026-07-28: 기업설명회(IR)개최               | 2026-07-28: 투자판단관련주요경영사항(임상시험결과)              (퓨어스템-오에이 키트 주(FURESTEM-OA Kit Inj.)(OSCA) 제2a상 임상시험 Topline data 수령) | 2026-07-15: 투자판단관련주요경영사항              (기술도입 계약 체결),3
아비코전자,036010,0,OK,,,,2026-08-06: [기재정정]주식등의대량보유상황보고서(일반) | 2026-08-05: 임원ㆍ주요주주특정증권등소유상황보고서 | 2026-08-05: 임원ㆍ주요주주특정증권등소유상황보고서 | 2026-08-05: 주식등의대량보유상황보고서(일반),4
아이엠지티,456570,0,OK,,,,2026-08-10: 주주총회소집공고 | 2026-07-16: 주주명부폐쇄기간또는기준일설정               | 2026-07-16: 주주총회소집결의              ,3
로킷헬스케어,376900,0,OK,,,,2026-07-31: [기재정정]사업보고서 (2025.12) | 2026-07-28: [기재정정]해외증권시장주권등상장결정(종속회사의주요경영사항)              (철회) | 2026-07-23: 전환청구권행사              (제9회차),3
미래에셋벤처투자,100790,0,OK,,,,2026-08-12: 반기보고서 (2026.06) | 2026-08-10: 임원ㆍ주요주주특정증권등소유상황보고서 | 2026-07-28: 특수관계인과의수익증권거래 | 2026-07-28: 특수관계인과의수익증권거래 | 2026-07-24: 임원ㆍ주요주주특정증권등소유상황보고서,5
동일기연,032960,0,OK,,,,2026-08-12: 주주총회소집공고 | 2026-08-10: 반기보고서 (2026.06) | 2026-08-07: 기타시장안내              (단기과열종목 지정 해제) | 2026-08-07: 소속부변경               | 2026-08-05: [기재정정]사업보고서 (2025.12),10
슈어소프트테크,298830,0,OK,,,,2026-07-30: 전환가액의조정               | 2026-07-27: 주식등의대량보유상황보고서(일반) | 2026-07-24: 임원ㆍ주요주주특정증권등소유상황보고서,3
대원강업,000430,0,OK,,,,2026-08-07: 임원ㆍ주요주주특정증권등거래계획보고서 | 2026-08-06: 기업가치제고계획(자율공시)               | 2026-08-06: [기재정정]수시공시의무관련사항(공정공시)              ,3
셀리드,299660,0,OK,,,,2026-08-06: [기재정정]소송등의제기ㆍ신청(일정금액이상의청구)               | 2026-08-05: 소송등의판결ㆍ결정(일정금액이상의청구)               | 2026-07-14: 임원ㆍ주요주주특정증권등소유상황보고서,3
대신밸류리츠,0030R0,0,OK,,,,2026-08-10: 임원ㆍ주요주주특정증권등소유상황보고서 | 2026-08-05: 사업보고서 (2026.05) | 2026-08-05: 감사보고서제출               | 2026-07-29: 현금ㆍ현물배당을위한주주명부폐쇄(기준일)결정               | 2026-07-29: 부동산투자회사금전배당결정              ,8
이화산업,000760,0,OK,,,,2026-07-13: 주식등의대량보유상황보고서(일반) | 2026-07-13: 주식등의대량보유상황보고서(일반) | 2026-07-13: 임원ㆍ주요주주특정증권등소유상황보고서 | 2026-07-13: 임원ㆍ주요주주특정증권등소유상황보고서 | 2026-07-13: 임원ㆍ주요주주특정증권등소유상황보고서,10
아이엘,307180,0,OK,,,,2026-08-12: 반기보고서 (2026.06) | 2026-08-04: 주주총회소집공고 | 2026-08-04: [기재정정]주주총회소집결의              (임시주주총회) | 2026-07-21: 주식등의대량보유상황보고서(일반),4
청담글로벌,362320,0,OK,,,,2026-08-03: 주식등의대량보유상황보고서(일반) | 2026-08-03: 주식등의대량보유상황보고서(일반) | 2026-07-21: 임원ㆍ주요주주특정증권등소유상황보고서,3
레메디,387690,0,OK,,,,2026-07-20: 주식등의대량보유상황보고서(일반) | 2026-07-16: 임원ㆍ주요주주특정증권등소유상황보고서 | 2026-07-16: 임원ㆍ주요주주특정증권등소유상황보고서 | 2026-07-15: 임원ㆍ주요주주특정증권등소유상황보고서 | 2026-07-15: 임원ㆍ주요주주특정증권등소유상황보고서,6
코닉오토메이션,391710,0,OK,,,,2026-08-05: 주식등의대량보유상황보고서(일반) | 2026-08-05: 임원ㆍ주요주주특정증권등소유상황보고서 | 2026-08-03: 임원ㆍ주요주주특정증권등소유상황보고서 | 2026-08-03: 임원ㆍ주요주주특정증권등소유상황보고서 | 2026-07-30: 임원ㆍ주요주주특정증권등소유상황보고서,12
윌비스,008600,0,OK,,,,2026-08-12: 최대주주등소유주식변동신고서               | 2026-08-12: [기재정정]분기보고서 (2026.03) | 2026-08-10: 대표이사(대표집행임원)변경(안내공시)               | 2026-07-27: [기재정정]주요사항보고서(채권은행등의관리절차개시),4
아이텍,119830,0,OK,,,,2026-08-11: 전환가액의조정               | 2026-07-31: 주요사항보고서(자기전환사채만기전취득결정) | 2026-07-30: 주식등의대량보유상황보고서(일반) | 2026-07-27: 주식등의대량보유상황보고서(일반) | 2026-07-15: 주식등의대량보유상황보고서(일반),7
성창기업지주,000180,0,OK,,,,2026-08-03: 주식등의대량보유상황보고서(일반) | 2026-08-03: 최대주주등소유주식변동신고서               | 2026-07-29: 합병등종료보고서(합병),3
유진증권,001200,0,OK,,,,2026-08-07: 증권발행실적보고서 | 2026-08-07: 증권발행실적보고서 | 2026-08-07: 증권발행실적보고서 | 2026-08-05: 투자설명서(일괄신고) | 2026-08-05: 일괄신고추가서류(파생결합사채-주가연계파생결합사채),25
케이피티유,054410,0,OK,,,,2026-08-07: 임원ㆍ주요주주특정증권등소유상황보고서 | 2026-08-07: 주식등의대량보유상황보고서(일반) | 2026-08-06: 공개매수결과보고서 | 2026-07-15: 공개매수설명서 | 2026-07-15: 공개매수신고서,5
하이텍팜,106190,0,OK,,,,2026-08-12: 주식등의대량보유상황보고서(일반) | 2026-08-12: 임원ㆍ주요주주특정증권등소유상황보고서 | 2026-08-12: 임원ㆍ주요주주특정증권등소유상황보고서,3
KB스타리츠,432320,0,OK,,,,2026-08-11: [기재정정]부동산투자회사자금차입               | 2026-08-11: 부동산투자회사자금차입               | 2026-08-11: 부동산투자회사자금차입              ,3
KC산업,112190,0,OK,,,,2026-07-23: 임원ㆍ주요주주특정증권등소유상황보고서 | 2026-07-22: 주식등의대량보유상황보고서(일반) | 2026-07-22: 임원ㆍ주요주주특정증권등소유상황보고서 | 2026-07-22: 주식등의대량보유상황보고서(일반) | 2026-07-14: 증권발행결과(자율공시)              (제3자배정 유상증자),5
바이오스마트,038460,0,OK,,,,2026-08-12: 주식등의대량보유상황보고서(일반) | 2026-07-30: 임원ㆍ주요주주특정증권등소유상황보고서 | 2026-07-24: 임원ㆍ주요주주특정증권등소유상황보고서 | 2026-07-15: 임원ㆍ주요주주특정증권등소유상황보고서 | 2026-07-15: 임원ㆍ주요주주특정증권등소유상황보고서,5
티케이케미칼,104480,0,OK,,,,2026-08-11: 주식등의대량보유상황보고서(일반) | 2026-08-06: 주식등의대량보유상황보고서(일반) | 2026-07-21: 주식등의대량보유상황보고서(일반),3
대창단조,015230,0,OK,,,,2026-07-14: 주식등의대량보유상황보고서(일반) | 2026-07-14: 주식등의대량보유상황보고서(일반) | 2026-07-14: 임원ㆍ주요주주특정증권등소유상황보고서 | 2026-07-14: 임원ㆍ주요주주특정증권등소유상황보고서 | 2026-07-14: 임원ㆍ주요주주특정증권등소유상황보고서,5
DKME,015590,0,OK,,,,2026-07-29: 소송등의판결ㆍ결정               | 2026-07-29: 소송등의제기ㆍ신청(경영권분쟁소송)               | 2026-07-16: 독립이사의선임ㆍ해임또는중도퇴임에관한신고 | 2026-07-16: 소송등의판결ㆍ결정              ,4
오텍,067170,0,OK,,,,2026-08-05: 주식등의대량보유상황보고서(일반) | 2026-08-05: 임원ㆍ주요주주특정증권등소유상황보고서 | 2026-08-05: 임원ㆍ주요주주특정증권등소유상황보고서 | 2026-07-31: 임원ㆍ주요주주특정증권등소유상황보고서 | 2026-07-29: 주식등의대량보유상황보고서(일반),6
메드팩토,235980,0,OK,,,,"2026-08-07: 투자판단관련주요경영사항(임상시험계획변경승인신청)              (재발성, 불응성 또는 진행성 골육종 환자 대상 백토서팁 단독 요법 제1/2상 임상시험계획(IND) 한국 식약처(MFDS) 변경승인신청) | 2026-07-24: [기재정정]주식매수선택권부여에관한신고 | 2026-07-23: 주식매수선택권부여에관한신고 | 2026-07-15: 투자판단관련주요경영사항(임상시험계획승인신청)              (MP2021 호주 임상1상 시험 계획 승인신청)",4
아틀라스링크,297570,0,OK,,,,2026-08-11: 주요사항보고서(유형자산양수결정) | 2026-08-11: 주요사항보고서(타법인주식및출자증권양수결정) | 2026-08-07: 독립이사의선임ㆍ해임또는중도퇴임에관한신고 | 2026-08-07: 임시주주총회결과               | 2026-07-30: [기재정정]타인에대한채무보증결정(자율공시)              ,13
나노솔루션,238540,0,OK,,,,2026-08-03: 주식등의대량보유상황보고서(일반) | 2026-08-03: 주식등의대량보유상황보고서(일반) | 2026-08-03: 임원ㆍ주요주주특정증권등소유상황보고서 | 2026-08-03: 임원ㆍ주요주주특정증권등소유상황보고서 | 2026-07-29: [기재정정]임원ㆍ주요주주특정증권등소유상황보고서,8
퀀텀레일,070300,0,OK,,,,2026-07-31: [기재정정]주요사항보고서(타법인주식및출자증권양도결정) | 2026-07-22: 본점소재지변경               | 2026-07-22: 상호변경안내               | 2026-07-22: 임시주주총회결과               | 2026-07-14: [기재정정]주주총회소집공고,5
세나테크놀로지,061090,0,OK,,,,2026-08-12: 소속부변경               | 2026-08-11: [기재정정]연결재무제표기준영업실적등에대한전망(공정공시)               | 2026-07-31: 주식매수선택권부여에관한신고 | 2026-07-20: 기업설명회(IR)개최               | 2026-07-14: 기업설명회(IR)개최              ,5
아즈텍WB,032080,0,OK,,,,2026-08-12: 임원ㆍ주요주주특정증권등소유상황보고서 | 2026-08-12: 임원ㆍ주요주주특정증권등소유상황보고서 | 2026-08-05: 주식등의대량보유상황보고서(일반) | 2026-07-31: 임원ㆍ주요주주특정증권등소유상황보고서 | 2026-07-31: 임원ㆍ주요주주특정증권등소유상황보고서,9
DB증권,016610,0,OK,,,,2026-08-12: 증권발행실적보고서 | 2026-08-12: 임원ㆍ주요주주특정증권등소유상황보고서 | 2026-08-12: 임원ㆍ주요주주특정증권등소유상황보고서 | 2026-08-12: 임원ㆍ주요주주특정증권등소유상황보고서 | 2026-08-12: 임원ㆍ주요주주특정증권등소유상황보고서,73
광주은행,192530,0,OK,,,,2026-07-24: 증권발행실적보고서 | 2026-07-23: 투자설명서(일괄신고) | 2026-07-23: 일괄신고추가서류,3
우진비앤지,018620,0,OK,,,,2026-07-31: 임원ㆍ주요주주특정증권등소유상황보고서 | 2026-07-31: 주식등의대량보유상황보고서(일반) | 2026-07-15: 임원ㆍ주요주주특정증권등소유상황보고서 | 2026-07-15: 주식등의대량보유상황보고서(일반),4
신한은행,000010,0,OK,,,,2026-08-12: 증권발행실적보고서 | 2026-08-11: 투자설명서(일괄신고) | 2026-08-11: 일괄신고추가서류 | 2026-08-10: 증권발행실적보고서 | 2026-08-07: 투자설명서(일괄신고),27
세니젠,188260,0,OK,,,,2026-07-31: 임원ㆍ주요주주특정증권등소유상황보고서 | 2026-07-30: 독립이사의선임ㆍ해임또는중도퇴임에관한신고 | 2026-07-30: 기술성장기업의정관변경을통한사업목적추가ㆍ변경               | 2026-07-30: 임시주주총회결과              ,4
탑코미디어,134580,0,OK,,,,2026-08-05: [첨부정정]주주총회소집결의               | 2026-08-04: 주주명부폐쇄기간또는기준일설정               | 2026-08-04: 주주총회소집결의              (임시주주총회) | 2026-07-24: 임원ㆍ주요주주특정증권등소유상황보고서 | 2026-07-24: 임원ㆍ주요주주특정증권등소유상황보고서,5
디와이에이,002880,0,OK,,,,2026-08-11: 임시주주총회결과               | 2026-08-11: [기재정정]주식병합결정               | 2026-08-11: 기업가치제고계획예고(안내공시)               | 2026-07-22: 의결권대리행사권유참고서류 | 2026-07-22: 주주총회소집공고,9
SK네트웍스,001740,0,OK,,,,2026-08-06: 기업설명회(IR)개최(안내공시)               | 2026-08-06: 결산실적공시예고(안내공시)               | 2026-07-23: 주식등의대량보유상황보고서(일반) | 2026-07-23: 최대주주등소유주식변동신고서              ,4
멕아이씨에스,058110,0,OK,,,,2026-08-11: 반기보고서 (2026.06) | 2026-08-04: 주식등의대량보유상황보고서(일반) | 2026-07-28: [기재정정]주주총회소집공고 | 2026-07-28: [기재정정]의결권대리행사권유참고서류 | 2026-07-28: 의결권대리행사권유참고서류,8
인바이츠바이오코아,216400,0,OK,,,,2026-08-10: 주식등의대량보유상황보고서(약식) | 2026-08-10: 불성실공시법인지정예고              (공시불이행) | 2026-08-06: 주주총회소집공고 | 2026-08-06: 주주총회소집결의               | 2026-07-30: 임원ㆍ주요주주특정증권등소유상황보고서,8
코칩,126730,0,OK,,,,2026-08-04: [기재정정]자기주식처분결과보고서 | 2026-08-03: 임원ㆍ주요주주특정증권등소유상황보고서 | 2026-07-29: 자기주식처분결과보고서 | 2026-07-20: [기재정정]임원ㆍ주요주주특정증권등소유상황보고서 | 2026-07-16: 임원ㆍ주요주주특정증권등소유상황보고서,5
영풍,000670,0,OK,,,,2026-08-05: [기재정정]회계처리기준위반에따른임원의해임권고조치               | 2026-07-15: [기재정정]회계처리기준위반에따른임원의해임권고조치               | 2026-07-14: 임원ㆍ주요주주특정증권등소유상황보고서,3
엑스플러스,373200,0,OK,,,,2026-08-07: 주식등의대량보유상황보고서(일반) | 2026-07-31: 임원ㆍ주요주주특정증권등거래계획철회보고서 | 2026-07-30: [기재정정]기타경영사항(자율공시)              (제2회차 CB 취득후 재매각) | 2026-07-30: [기재정정]기타경영사항(자율공시)              (제3회차 BW 취득후 재매각) | 2026-07-30: [기재정정]주요사항보고서(자기전환사채매도결정),9
금호전기,001210,0,OK,,,,2026-07-27: 전환가액ㆍ신주인수권행사가액ㆍ교환가액의조정(안내공시)               | 2026-07-23: 주식등의대량보유상황보고서(일반) | 2026-07-23: 임원ㆍ주요주주특정증권등소유상황보고서 | 2026-07-23: 임원ㆍ주요주주특정증권등소유상황보고서 | 2026-07-23: 임원ㆍ주요주주특정증권등소유상황보고서,15
에스프리즘,288620,0,OK,,,,2026-08-12: 타인에대한담보제공결정               | 2026-08-05: 주식등의대량보유상황보고서(약식) | 2026-07-24: 전환가액의조정              ,3
플레이위드,023770,0,OK,,,,2026-08-07: 주식등의대량보유상황보고서(일반) | 2026-08-07: 임원ㆍ주요주주특정증권등소유상황보고서 | 2026-08-07: 임원ㆍ주요주주특정증권등소유상황보고서 | 2026-07-24: 주식등의대량보유상황보고서(일반) | 2026-07-24: 임원ㆍ주요주주특정증권등소유상황보고서,6
제이아이테크,417500,0,OK,,,,2026-08-10: 반기보고서 (2026.06) | 2026-07-13: 임원ㆍ주요주주특정증권등소유상황보고서 | 2026-07-13: 주식등의대량보유상황보고서(일반),3
DN오토모티브,007340,0,OK,,,,2026-08-10: 기업설명회(IR)개최(안내공시)               | 2026-08-03: 주식등의대량보유상황보고서(일반) | 2026-07-15: 현금ㆍ현물배당결정               | 2026-07-15: 현금ㆍ현물배당을위한주주명부폐쇄(기준일)결정              ,4
삼진엘앤디,054090,0,OK,,,,2026-08-07: 임원ㆍ주요주주특정증권등소유상황보고서 | 2026-08-07: 주식등의대량보유상황보고서(일반) | 2026-08-06: 임원ㆍ주요주주특정증권등소유상황보고서 | 2026-07-29: 임원ㆍ주요주주특정증권등소유상황보고서,4
다우기술,023590,0,OK,,,,2026-08-12: 지급수단별ㆍ지급기간별지급금액및분쟁조정기구에관한사항 | 2026-08-12: [기재정정]특수관계인과의수익증권거래 | 2026-08-12: 합병등종료보고서(합병) | 2026-07-20: 주식등의대량보유상황보고서(일반) | 2026-07-13: 계열금융회사를거래상대방으로한단기금융상품거래의분기별공시,5
엠케이전자,033160,0,OK,,,,2026-08-03: 주식등의대량보유상황보고서(약식) | 2026-07-31: 주식등의대량보유상황보고서(일반) | 2026-07-24: 주식등의대량보유상황보고서(일반),3
인베니아,079950,0,OK,,,,2026-08-06: [기재정정]불성실공시법인지정예고              (공시불이행) | 2026-08-06: 주식등의대량보유상황보고서(약식) | 2026-07-27: 주식등의대량보유상황보고서(일반) | 2026-07-27: 임원ㆍ주요주주특정증권등소유상황보고서 | 2026-07-27: 임원ㆍ주요주주특정증권등소유상황보고서,11
대한약품,023910,0,OK,,,,2026-08-07: 임원ㆍ주요주주특정증권등소유상황보고서 | 2026-08-06: 주식등의대량보유상황보고서(약식) | 2026-07-24: 임원ㆍ주요주주특정증권등소유상황보고서 | 2026-07-16: 임원ㆍ주요주주특정증권등소유상황보고서,4
동구바이오제약,006620,0,OK,,,,2026-08-12: 반기보고서 (2026.06) | 2026-08-04: 주식등의대량보유상황보고서(일반) | 2026-07-27: 주식등의대량보유상황보고서(일반) | 2026-07-22: 주요사항보고서(자기주식취득신탁계약체결결정) | 2026-07-15: 주식등의대량보유상황보고서(일반),5
GST,083450,0,OK,,,,2026-07-28: 주요사항보고서(자기주식취득신탁계약체결결정) | 2026-07-24: 임원ㆍ주요주주특정증권등소유상황보고서 | 2026-07-24: 주식등의대량보유상황보고서(일반),3
한창제지,009460,0,OK,,,,2026-08-12: [기재정정]소송등의제기ㆍ신청(경영권분쟁소송)               | 2026-08-07: 주식등의대량보유상황보고서(약식) | 2026-08-06: [기재정정]소송등의제기ㆍ신청(경영권분쟁소송)               | 2026-08-04: 주식등의대량보유상황보고서(일반) | 2026-08-04: 임원ㆍ주요주주특정증권등소유상황보고서,10
진도,088790,0,OK,,,,2026-08-07: 주주총회소집결의               | 2026-08-07: 주주명부폐쇄기간또는기준일설정               | 2026-08-03: 소송등의제기ㆍ신청(경영권분쟁소송)              ,3
백산,035150,0,OK,,,,2026-08-12: 최대주주등소유주식변동신고서               | 2026-08-12: 주식등의대량보유상황보고서(일반) | 2026-08-12: 임원ㆍ주요주주특정증권등소유상황보고서 | 2026-07-31: 임원ㆍ주요주주특정증권등소유상황보고서,4
닷밀,464580,0,OK,,,,2026-08-12: 임원ㆍ주요주주특정증권등소유상황보고서 | 2026-08-12: 주식등의대량보유상황보고서(일반) | 2026-08-07: 임원ㆍ주요주주특정증권등소유상황보고서 | 2026-08-07: 주식등의대량보유상황보고서(일반) | 2026-08-05: 임원ㆍ주요주주특정증권등소유상황보고서,10
아이로보틱스,066430,0,OK,,,,2026-08-07: 조회공시요구(현저한시황변동)에대한답변(미확정)               | 2026-07-21: 소송등의제기ㆍ신청(경영권분쟁소송)              (주주총회결의 취소 등의 소) | 2026-07-20: 임원ㆍ주요주주특정증권등소유상황보고서 | 2026-07-13: 독립이사의선임ㆍ해임또는중도퇴임에관한신고 | 2026-07-13: 임시주주총회결과              ,5
현대엘리베이터,017800,0,OK,,,,2026-08-06: 생산재개(자율공시)               | 2026-08-03: 생산중단               | 2026-07-24: [기재정정]타법인주식및출자증권처분결정               | 2026-07-13: 최대주주등소유주식변동신고서               | 2026-07-13: 주식등의대량보유상황보고서(일반),35
금호에이치티,214330,0,OK,,,,2026-07-29: [기재정정]임원ㆍ주요주주특정증권등거래계획보고서 | 2026-07-28: 최대주주등소유주식변동신고서               | 2026-07-28: [기재정정]주식등의대량보유상황보고서(일반) | 2026-07-28: [기재정정]주식등의대량보유상황보고서(일반) | 2026-07-28: [기재정정]주식등의대량보유상황보고서(일반),6
유아이디,069330,0,OK,,,,2026-08-03: 주주명부폐쇄기간또는기준일설정               | 2026-07-30: 주주총회소집결의              (임시주주총회) | 2026-07-29: 주식등의대량보유상황보고서(일반) | 2026-07-28: [기재정정]주식등의대량보유상황보고서(일반) | 2026-07-15: 주식등의대량보유상황보고서(일반),5
신한서부티엔디리츠,404990,0,OK,,,,2026-08-06: 임원ㆍ주요주주특정증권등소유상황보고서 | 2026-07-30: 임원ㆍ주요주주특정증권등소유상황보고서 | 2026-07-30: 기타경영사항(자율공시)               | 2026-07-27: 매출액또는손익구조30%(대규모법인은15%)이상변경               | 2026-07-27: 부동산투자회사금전배당결정              ,9
유니드비티플러스,446070,0,OK,,,,2026-08-12: [기재정정]타법인주식및출자증권취득결정               | 2026-08-06: [기재정정]재해발생(자율공시)               | 2026-08-03: 생산중단               | 2026-08-03: 재해발생(자율공시)              ,4
케이비증권,003450,0,OK,,,,2026-08-12: 일괄신고서(파생결합사채-주가연계파생결합사채) | 2026-08-12: 일괄신고서(기타파생결합사채) | 2026-08-11: 투자설명서(일괄신고) | 2026-08-11: 일괄신고추가서류(기타파생결합사채) | 2026-08-10: 증권발행실적보고서,94
큐리언트,115180,0,OK,,,,2026-08-05: 주식등의대량보유상황보고서(일반) | 2026-08-04: 주식등의대량보유상황보고서(일반) | 2026-07-30: 임원ㆍ주요주주특정증권등소유상황보고서 | 2026-07-27: 주식등의대량보유상황보고서(일반) | 2026-07-24: 주식등의대량보유상황보고서(일반),5
광동헬스바이오,086220,0,OK,,,,2026-07-21: 주식등의대량보유상황보고서(약식) | 2026-07-13: 임원ㆍ주요주주특정증권등소유상황보고서 | 2026-07-13: 주식등의대량보유상황보고서(일반),3
신한제16호스팩,496070,0,OK,,,,2026-08-03: 주주명부폐쇄기간또는기준일설정               | 2026-08-03: 기업인수목적회사의임원선임결정               | 2026-08-03: 주주총회소집결의              (임시주주총회),3
무학,033920,0,OK,,,,2026-07-22: 주식등의대량보유상황보고서(일반) | 2026-07-22: 현금ㆍ현물배당결정               | 2026-07-22: 최대주주등소유주식변동신고서              ,3
대성창투,027830,0,OK,,,,2026-08-03: 주식등의대량보유상황보고서(일반) | 2026-08-03: 임원ㆍ주요주주특정증권등소유상황보고서 | 2026-08-03: 임원ㆍ주요주주특정증권등소유상황보고서 | 2026-07-22: 임원ㆍ주요주주특정증권등소유상황보고서,4
시지메드텍,056090,0,OK,,,,2026-08-11: 임시주주총회결과               | 2026-08-04: 임원ㆍ주요주주특정증권등거래계획보고서 | 2026-07-27: 주주총회소집공고,3
시디즈,134790,0,OK,,,,2026-07-28: 최대주주등소유주식변동신고서               | 2026-07-27: 최대주주등소유주식변동신고서               | 2026-07-21: 최대주주등소유주식변동신고서               | 2026-07-20: 최대주주등소유주식변동신고서               | 2026-07-15: 최대주주등소유주식변동신고서              ,6
아이티센글로벌,124500,0,OK,,,,2026-08-10: 전환가액의조정              (제16회차) | 2026-08-06: [기재정정]타인에대한채무보증결정               | 2026-07-31: 임원ㆍ주요주주특정증권등소유상황보고서 | 2026-07-23: [기재정정]타인에대한채무보증결정              ,4
APS이노베이션,079810,0,OK,,,,2026-08-12: 반기보고서 (2026.06) | 2026-08-05: 주요사항보고서(타법인주식및출자증권양수결정) | 2026-07-13: 임원ㆍ주요주주특정증권등거래계획보고서,3
제우스,079370,0,OK,,,,2026-08-06: 임원ㆍ주요주주특정증권등소유상황보고서 | 2026-08-06: 임원ㆍ주요주주특정증권등소유상황보고서 | 2026-07-14: 임원ㆍ주요주주특정증권등소유상황보고서,3
지에프아이,493330,0,OK,,,,2026-08-10: 주식등의대량보유상황보고서(약식) | 2026-08-10: 임원ㆍ주요주주특정증권등소유상황보고서 | 2026-07-27: 임원ㆍ주요주주특정증권등소유상황보고서 | 2026-07-27: 임원ㆍ주요주주특정증권등소유상황보고서 | 2026-07-21: 주식매수선택권행사              ,5
베뉴지,019010,0,OK,,,,2026-08-05: 임원ㆍ주요주주특정증권등거래계획보고서 | 2026-08-03: 주식등의대량보유상황보고서(일반) | 2026-07-24: 증권발행결과(자율공시)               | 2026-07-20: [기재정정]주요사항보고서(교환사채권발행결정) | 2026-07-16: 주요사항보고서(교환사채권발행결정),5
아남전자,008700,0,OK,,,,2026-08-11: 반기보고서 (2026.06) | 2026-07-23: 주요사항보고서(자기주식취득신탁계약체결결정) | 2026-07-23: 주요사항보고서(자기주식취득신탁계약해지결정) | 2026-07-23: 신탁계약해지결과보고서,4
삼성생명,032830,0,OK,,,,2026-07-27: 기업설명회(IR)개최(안내공시)               | 2026-07-24: 특수관계인으로부터주식의취득 | 2026-07-24: 특수관계인으로부터주식의취득 | 2026-07-24: 주식등의대량보유상황보고서(일반) | 2026-07-24: 특수관계인과의수익증권거래,11
에어레인,163280,0,OK,,,,2026-08-07: 주식등의대량보유상황보고서(일반) | 2026-08-07: 임원ㆍ주요주주특정증권등소유상황보고서 | 2026-08-03: 주식등의대량보유상황보고서(일반) | 2026-08-03: 임원ㆍ주요주주특정증권등소유상황보고서 | 2026-07-27: 주주명부폐쇄기간또는기준일설정              ,6
루닛,328130,0,OK,,,,2026-08-11: 반기보고서 (2026.06) | 2026-08-06: [기재정정]주식매수선택권부여에관한신고 | 2026-08-06: [기재정정]주식매수선택권부여에관한신고 | 2026-08-06: [기재정정]주식매수선택권부여에관한신고 | 2026-08-06: [기재정정]주식매수선택권부여에관한신고,6
사조대림,003960,0,OK,,,,2026-07-30: 임원ㆍ주요주주특정증권등거래계획보고서 | 2026-07-30: 최대주주등소유주식변동신고서               | 2026-07-30: 임원ㆍ주요주주특정증권등소유상황보고서 | 2026-07-24: 최대주주등소유주식변동신고서               | 2026-07-24: 임원ㆍ주요주주특정증권등소유상황보고서,8
영우디에스피,143540,0,OK,,,,2026-08-07: 주식등의대량보유상황보고서(일반) | 2026-08-07: 임원ㆍ주요주주특정증권등소유상황보고서 | 2026-08-07: 임원ㆍ주요주주특정증권등소유상황보고서 | 2026-08-07: 임원ㆍ주요주주특정증권등소유상황보고서 | 2026-07-31: 주식등의대량보유상황보고서(일반),15
삼성출판사,068290,0,OK,,,,2026-08-11: 임원ㆍ주요주주특정증권등거래계획보고서 | 2026-08-11: 임원ㆍ주요주주특정증권등거래계획보고서 | 2026-07-31: 임원ㆍ주요주주특정증권등소유상황보고서 | 2026-07-31: 최대주주등소유주식변동신고서               | 2026-07-16: 임원ㆍ주요주주특정증권등소유상황보고서,8
KPX홀딩스,092230,0,OK,,,,2026-07-16: [기재정정]유형자산처분결정(자회사의 주요경영사항)               | 2026-07-16: 현금ㆍ현물배당결정(자회사의 주요경영사항)               | 2026-07-15: 현금ㆍ현물배당결정(자회사의 주요경영사항)               | 2026-07-15: 현금ㆍ현물배당결정(자회사의 주요경영사항)              ,4
피씨디렉트,051380,0,OK,,,,2026-08-05: 임원ㆍ주요주주특정증권등소유상황보고서 | 2026-08-05: 임원ㆍ주요주주특정증권등소유상황보고서 | 2026-08-05: 임원ㆍ주요주주특정증권등소유상황보고서 | 2026-08-05: 임원ㆍ주요주주특정증권등소유상황보고서 | 2026-08-05: 임원ㆍ주요주주특정증권등소유상황보고서,5
그린케미칼,083420,0,OK,,,,2026-07-30: 신규시설투자등               | 2026-07-23: 현금ㆍ현물배당결정               | 2026-07-23: 현금ㆍ현물배당을위한주주명부폐쇄(기준일)결정              ,3
미래에셋맵스리츠,357250,0,OK,,,,2026-08-07: 감사보고서제출               | 2026-08-07: 의결권대리행사권유참고서류 | 2026-08-07: 주주총회소집공고 | 2026-08-05: 주주총회소집결의               | 2026-07-23: 임원ㆍ주요주주특정증권등소유상황보고서,8
플랜티넷,075130,0,OK,,,,2026-07-30: 임시주주총회결과               | 2026-07-30: 현금ㆍ현물배당결정               | 2026-07-30: 중간(분기)배당을위한주주명부폐쇄(기준일)결정               | 2026-07-14: 주주총회소집공고,4
현대사료,016790,0,OK,,,,2026-08-06: 소송등의제기ㆍ신청(경영권분쟁소송)               | 2026-08-05: 주주명부폐쇄기간또는기준일설정               | 2026-08-05: 주주총회소집결의              (임시주주총회),3
만호제강,001080,0,OK,,,,2026-08-06: 임원ㆍ주요주주특정증권등소유상황보고서 | 2026-07-31: 풍문또는보도에대한해명(미확정)               | 2026-07-16: [기재정정]회계처리기준위반에따른임원의해임권고조치              ,3
세종메디칼,258830,0,OK,,,,2026-08-05: 주주명부폐쇄기간또는기준일설정               | 2026-08-05: 주주총회소집결의              (임시주주총회) | 2026-07-31: 주식등의대량보유상황보고서(일반) | 2026-07-16: 타인에대한담보제공결정              ,4
코스모로보틱스,439960,0,OK,,,,2026-07-29: 임원ㆍ주요주주특정증권등소유상황보고서 | 2026-07-29: 임원ㆍ주요주주특정증권등소유상황보고서 | 2026-07-29: 임원ㆍ주요주주특정증권등소유상황보고서 | 2026-07-29: 임원ㆍ주요주주특정증권등소유상황보고서 | 2026-07-29: 임원ㆍ주요주주특정증권등소유상황보고서,5
잉크테크,049550,0,OK,,,,2026-08-12: 반기보고서 (2026.06) | 2026-08-04: 임원ㆍ주요주주특정증권등소유상황보고서 | 2026-07-31: 주식등의대량보유상황보고서(약식) | 2026-07-31: 임원ㆍ주요주주특정증권등소유상황보고서 | 2026-07-23: 주식등의대량보유상황보고서(일반),6
미래에셋생명,085620,0,OK,,,,2026-08-12: 기업설명회(IR)개최(안내공시)               | 2026-08-10: 최대주주등소유주식변동신고서               | 2026-08-07: 임원ㆍ주요주주특정증권등소유상황보고서 | 2026-08-05: 기업설명회(IR)개최(안내공시)               | 2026-07-29: [첨부정정]지속가능경영보고서등관련사항(자율공시)              ,10
태성,323280,0,OK,,,,2026-08-12: 반기보고서 (2026.06) | 2026-07-16: 본점소재지변경               | 2026-07-16: 임시주주총회결과              ,3
웹스,196700,0,OK,,,,2026-07-28: 주식등의대량보유상황보고서(일반) | 2026-07-28: 임원ㆍ주요주주특정증권등소유상황보고서 | 2026-07-28: 임원ㆍ주요주주특정증권등소유상황보고서 | 2026-07-13: 주요사항보고서(자기주식취득신탁계약체결결정),4
에프엔씨엔터,173940,0,OK,,,,2026-07-30: 임원ㆍ주요주주특정증권등소유상황보고서 | 2026-07-21: [기재정정]사업보고서 (2025.12) | 2026-07-21: [기재정정]주식매수선택권부여에관한신고 | 2026-07-21: [기재정정]사업보고서 (2025.12) | 2026-07-20: 임원ㆍ주요주주특정증권등소유상황보고서,5
세아제강,306200,0,OK,,,,2026-08-06: 최대주주등소유주식변동신고서               | 2026-08-06: 임원ㆍ주요주주특정증권등소유상황보고서 | 2026-08-04: 지급수단별ㆍ지급기간별지급금액및분쟁조정기구에관한사항 | 2026-07-23: 최대주주등소유주식변동신고서               | 2026-07-23: 임원ㆍ주요주주특정증권등소유상황보고서,5
HLB바이오스텝,278650,0,OK,,,,2026-07-22: 주식등의대량보유상황보고서(일반) | 2026-07-21: 주요사항보고서(자기전환사채만기전취득결정) | 2026-07-21: 임원ㆍ주요주주특정증권등소유상황보고서 | 2026-07-14: 주요사항보고서(자기전환사채만기전취득결정),4
E1,017940,0,OK,,,,2026-08-12: 지급수단별ㆍ지급기간별지급금액및분쟁조정기구에관한사항 | 2026-07-13: 최대주주등소유주식변동신고서               | 2026-07-13: 주식등의대량보유상황보고서(일반) | 2026-07-13: 임원ㆍ주요주주특정증권등소유상황보고서 | 2026-07-13: 임원ㆍ주요주주특정증권등소유상황보고서,6
CG인바이츠,083790,0,OK,,,,2026-07-23: 임원ㆍ주요주주특정증권등소유상황보고서 | 2026-07-23: 임원ㆍ주요주주특정증권등소유상황보고서 | 2026-07-13: 소송등의제기ㆍ신청(일정금액이상의청구)              (약정금),3
한국자산신탁,123890,0,OK,,,,2026-08-12: 지급수단별ㆍ지급기간별지급금액및분쟁조정기구에관한사항 | 2026-07-31: [기재정정]소송등의제기ㆍ신청(일정금액이상의청구)               | 2026-07-30: 소송등의제기ㆍ신청(일정금액이상의청구)              ,3
HB테크놀러지,078150,0,OK,,,,2026-07-15: 주식등의대량보유상황보고서(일반) | 2026-07-15: 임원ㆍ주요주주특정증권등소유상황보고서 | 2026-07-15: 임원ㆍ주요주주특정증권등소유상황보고서 | 2026-07-13: 전환청구권행사              ,4
LS증권,078020,0,OK,,,,2026-07-31: 소송등의판결ㆍ결정(자율공시:일정금액미만의청구)               | 2026-07-21: 소송등의판결ㆍ결정(자율공시:일정금액미만의청구)               | 2026-07-15: 소송등의판결ㆍ결정(자율공시:일정금액미만의청구)               | 2026-07-15: 소송등의판결ㆍ결정(자율공시:일정금액미만의청구)               | 2026-07-15: 소송등의판결ㆍ결정(자율공시:일정금액미만의청구)              ,6
트리니티항공,091810,0,OK,,,,2026-08-11: 전환가액ㆍ신주인수권행사가액ㆍ교환가액의조정(안내공시)               | 2026-08-11: 전환가액ㆍ신주인수권행사가액ㆍ교환가액의조정(안내공시)               | 2026-08-10: 지급수단별ㆍ지급기간별지급금액및분쟁조정기구에관한사항 | 2026-08-05: 투자유의안내               | 2026-07-31: [기재정정]신규시설투자등              ,6
씨케이솔루션,480370,0,OK,,,,2026-07-21: 최대주주등소유주식변동신고서               | 2026-07-21: 임원ㆍ주요주주특정증권등소유상황보고서 | 2026-07-21: 임원ㆍ주요주주특정증권등소유상황보고서 | 2026-07-16: 임시주주총회결과               | 2026-07-16: 독립이사의선임ㆍ해임또는중도퇴임에관한신고,5
슈프리마에이치큐,094840,0,OK,,,,2026-08-11: 임시주주총회결과               | 2026-07-22: 신탁계약에의한취득상황보고서 | 2026-07-13: 주주총회소집공고,3
코람코더원리츠,417310,0,OK,,,,2026-08-12: 감사보고서제출               | 2026-08-12: 주주명부폐쇄기간또는기준일설정               | 2026-08-06: 임원ㆍ주요주주특정증권등소유상황보고서 | 2026-08-06: 의결권대리행사권유참고서류 | 2026-08-06: 주주총회소집공고,11
티쓰리,204610,0,OK,,,,2026-08-10: 주식등의대량보유상황보고서(약식) | 2026-07-31: 현금ㆍ현물배당결정              (분기배당) | 2026-07-31: 중간(분기)배당을위한주주명부폐쇄(기준일)결정              ,3
자비스,254120,0,OK,,,,2026-08-11: 주식등의대량보유상황보고서(일반) | 2026-08-03: 기업설명회(IR)개최               | 2026-07-29: 주주총회소집결의              (임시주주총회) | 2026-07-29: 주주명부폐쇄기간또는기준일설정               | 2026-07-29: 주식병합결정              ,6
브이씨,365900,0,OK,,,,2026-08-10: 주식등의대량보유상황보고서(일반) | 2026-08-10: 임원ㆍ주요주주특정증권등소유상황보고서 | 2026-08-03: 주식등의대량보유상황보고서(일반) | 2026-08-03: 임원ㆍ주요주주특정증권등소유상황보고서 | 2026-07-22: 주식등의대량보유상황보고서(일반),8
오픈놀,440320,0,OK,,,,2026-08-12: 반기보고서 (2026.06) | 2026-08-12: [기재정정]분기보고서 (2026.03) | 2026-08-12: [기재정정]사업보고서 (2025.12) | 2026-08-12: [기재정정]분기보고서 (2025.09) | 2026-08-12: [기재정정]의결권대리행사권유참고서류,8
링네트,042500,0,OK,,,,2026-08-03: 주식등의대량보유상황보고서(일반) | 2026-08-03: 임원ㆍ주요주주특정증권등소유상황보고서 | 2026-08-03: 주식등의대량보유상황보고서(일반) | 2026-07-31: 주식등의대량보유상황보고서(일반) | 2026-07-31: 임원ㆍ주요주주특정증권등소유상황보고서,36
DH오토넥스,000300,0,OK,,,,2026-07-24: 독립이사의선임ㆍ해임또는중도퇴임에관한신고 | 2026-07-24: 임시주주총회결과               | 2026-07-24: 대표이사(대표집행임원)변경(안내공시)              ,3
케이이엠텍,106080,0,OK,,,,2026-07-31: 주식등의대량보유상황보고서(약식) | 2026-07-30: [기재정정]주주총회소집결의              (임시주주총회) | 2026-07-23: [기재정정]주주총회소집결의              (임시주주총회) | 2026-07-15: [기재정정]주주총회소집결의              (임시주주총회),4
대호에이엘,069460,0,OK,,,,2026-08-12: 의결권대리행사권유참고서류 | 2026-08-11: 소송등의판결ㆍ결정               | 2026-08-10: 소송등의판결ㆍ결정               | 2026-08-10: 의결권대리행사권유참고서류 | 2026-08-10: 의결권대리행사권유참고서류,21
나인앤컴퍼니,366030,0,OK,,,,2026-08-12: 주식등의대량보유상황보고서(약식) | 2026-08-11: 주식등의대량보유상황보고서(약식) | 2026-07-16: 타법인주식및출자증권취득결정(자율공시)              ,3
한일홀딩스,003300,0,OK,,,,2026-08-07: [기재정정]유형자산처분결정(자회사의 주요경영사항)               | 2026-07-13: 최대주주등소유주식변동신고서               | 2026-07-13: 임원ㆍ주요주주특정증권등소유상황보고서,3
애드포러스,397810,0,OK,,,,2026-08-07: 주요사항보고서(자기주식취득신탁계약체결결정) | 2026-08-04: 임원ㆍ주요주주특정증권등소유상황보고서 | 2026-08-04: 임원ㆍ주요주주특정증권등소유상황보고서 | 2026-08-04: 임원ㆍ주요주주특정증권등소유상황보고서 | 2026-08-04: 주식등의대량보유상황보고서(일반),9
더네이쳐홀딩스,298540,0,OK,,,,2026-08-11: 임원ㆍ주요주주특정증권등소유상황보고서 | 2026-07-31: 독립이사의선임ㆍ해임또는중도퇴임에관한신고 | 2026-07-24: 주식등의대량보유상황보고서(약식) | 2026-07-23: 주식등의대량보유상황보고서(일반) | 2026-07-23: 임원ㆍ주요주주특정증권등소유상황보고서,5
큐에이드,377460,0,OK,,,,2026-08-03: 기타시장안내              (개선기간 종료에 따른 상장폐지 여부 결정 안내) | 2026-07-15: 독립이사의선임ㆍ해임또는중도퇴임에관한신고 | 2026-07-15: 임시주주총회결과              ,3
국전,307750,0,OK,,,,2026-07-24: 임원ㆍ주요주주특정증권등소유상황보고서 | 2026-07-24: 주식등의대량보유상황보고서(일반) | 2026-07-21: 주식등의대량보유상황보고서(일반),3
이수스페셜티케미컬,457190,0,OK,,,,2026-08-10: 기업설명회(IR)개최(안내공시)               | 2026-07-28: 기업설명회(IR)개최(안내공시)               | 2026-07-24: 주식등의대량보유상황보고서(일반) | 2026-07-14: 주식등의대량보유상황보고서(일반),4
엔지켐생명과학,183490,0,OK,,,,2026-07-27: 주식등의대량보유상황보고서(일반) | 2026-07-27: 임원ㆍ주요주주특정증권등소유상황보고서 | 2026-07-23: 독립이사의선임ㆍ해임또는중도퇴임에관한신고 | 2026-07-23: 임시주주총회결과               | 2026-07-23: [기재정정]소송등의판결ㆍ결정              (경영권 분쟁 소송)(검사인 선임),13
코람코라이프인프라리츠,357120,0,OK,,,,2026-08-11: [첨부정정]의결권대리행사권유참고서류 | 2026-08-10: 의결권대리행사권유참고서류 | 2026-08-10: 주주총회소집공고 | 2026-08-06: 임원ㆍ주요주주특정증권등소유상황보고서 | 2026-07-31: 현금ㆍ현물배당을위한주주명부폐쇄(기준일)결정              ,14
ESR켄달스퀘어리츠,365550,0,OK,,,,2026-08-10: 의결권대리행사권유참고서류 | 2026-08-10: 주주총회소집공고 | 2026-08-07: 주주총회소집결의               | 2026-08-06: 임원ㆍ주요주주특정증권등소유상황보고서 | 2026-07-30: 임원ㆍ주요주주특정증권등소유상황보고서,9
하나기술,299030,0,OK,,,,2026-08-04: 주식등의대량보유상황보고서(일반) | 2026-07-30: 전환사채(해외전환사채포함)발행후만기전사채취득              (제3회차) | 2026-07-23: 주식등의대량보유상황보고서(일반),3
제일파마홀딩스,002620,0,OK,,,,2026-07-15: 임원ㆍ주요주주특정증권등소유상황보고서 | 2026-07-15: 임원ㆍ주요주주특정증권등소유상황보고서 | 2026-07-15: 주식등의대량보유상황보고서(일반),3
팅크웨어,084730,0,OK,,,,2026-08-03: 임원ㆍ주요주주특정증권등거래계획보고서 | 2026-07-23: 주식등의대량보유상황보고서(일반) | 2026-07-23: 임원ㆍ주요주주특정증권등소유상황보고서 | 2026-07-16: 주식등의대량보유상황보고서(일반) | 2026-07-16: 임원ㆍ주요주주특정증권등소유상황보고서,5
진매트릭스,109820,0,OK,,,,2026-08-12: 반기보고서 (2026.06) | 2026-07-23: 임원ㆍ주요주주특정증권등소유상황보고서 | 2026-07-20: 임원ㆍ주요주주특정증권등소유상황보고서,3
다이나믹솔루션,290660,0,OK,,,,2026-07-23: 주주총회소집결의              (임시주주총회) | 2026-07-23: 주주명부폐쇄기간또는기준일설정               | 2026-07-13: 임원ㆍ주요주주특정증권등소유상황보고서,3
달바글로벌,483650,0,OK,,,,2026-08-04: 임원ㆍ주요주주특정증권등소유상황보고서 | 2026-08-04: 임원ㆍ주요주주특정증권등소유상황보고서 | 2026-08-04: 임원ㆍ주요주주특정증권등소유상황보고서 | 2026-07-31: [기재정정]타법인주식및출자증권취득결정(자율공시)               | 2026-07-30: 결산실적공시예고(안내공시)              ,13
코오롱모빌리티그룹,450140,0,OK,,,,2026-08-11: [기재정정]특수관계인에대한담보제공 | 2026-07-31: 특수관계인에대한담보제공 | 2026-07-31: 특수관계인으로부터자금차입 | 2026-07-24: 지급수단별ㆍ지급기간별지급금액및분쟁조정기구에관한사항,4
일월지엠엘,178780,0,OK,,,,2026-08-04: 의결권대리행사권유참고서류 | 2026-08-04: 주주총회소집공고 | 2026-08-04: [기재정정]주주총회소집결의               | 2026-07-31: 주식등의대량보유상황보고서(일반),4
사토시홀딩스,223310,0,OK,,,,2026-08-12: 주요사항보고서(자기전환사채만기전취득결정) | 2026-08-11: 주식등의대량보유상황보고서(약식) | 2026-08-04: 주요사항보고서(자기전환사채매도결정) | 2026-08-04: 주요사항보고서(자기전환사채만기전취득결정) | 2026-07-31: 기업설명회(IR)개최              ,12
엘브이엠씨,900140,0,OK,,,,2026-08-07: 주식등의대량보유상황보고서(일반) | 2026-07-24: 주식등의대량보유상황보고서(일반) | 2026-07-20: 지주회사의자회사탈퇴              ,3
경동도시가스,267290,0,OK,,,,2026-08-05: 의결권대리행사권유참고서류 | 2026-08-05: 주주총회소집공고 | 2026-07-14: 주주명부폐쇄기간또는기준일설정               | 2026-07-14: 주주총회소집결의              ,4
NH올원리츠,400760,0,OK,,,,2026-08-12: [기재정정]부동산투자회사자금차입               | 2026-08-07: 기타경영사항(자율공시)               | 2026-07-30: 유형자산처분결정(종속회사의주요경영사항)               | 2026-07-22: [기재정정]부동산투자회사부동산임대              ,4
에이치엘지노믹스,0156T0,0,OK,,,,2026-08-12: 신규시설투자등               | 2026-07-30: 임원ㆍ주요주주특정증권등소유상황보고서 | 2026-07-30: 주식등의대량보유상황보고서(일반) | 2026-07-16: 증권발행실적보고서,4
네오티스,085910,0,OK,,,,2026-08-03: 주식등의대량보유상황보고서(약식) | 2026-07-30: 주식등의대량보유상황보고서(일반) | 2026-07-30: 임원ㆍ주요주주특정증권등소유상황보고서,3
디아이씨,092200,0,OK,,,,2026-07-13: 최대주주등소유주식변동신고서               | 2026-07-13: 임원ㆍ주요주주특정증권등소유상황보고서 | 2026-07-13: 주식등의대량보유상황보고서(일반),3
DB손해보험,005830,0,OK,,,,2026-08-12: 지급수단별ㆍ지급기간별지급금액및분쟁조정기구에관한사항 | 2026-08-05: 기업설명회(IR)개최(안내공시)               | 2026-08-04: 주식등의대량보유상황보고서(약식) | 2026-07-30: 지속가능경영보고서등관련사항(자율공시)               | 2026-07-13: 계열금융회사의약관에의한금융거래-[유가증권-수익증권],5
한화리츠,451800,0,OK,,,,2026-08-10: 부동산투자회사부동산임대               | 2026-08-10: 부동산투자회사부동산임대               | 2026-08-10: 부동산투자회사부동산임대               | 2026-08-10: 부동산투자회사부동산임대               | 2026-08-06: 임원ㆍ주요주주특정증권등소유상황보고서,16
대동스틸,048470,0,OK,,,,2026-07-29: 임원ㆍ주요주주특정증권등거래계획보고서 | 2026-07-29: 임원ㆍ주요주주특정증권등거래계획보고서 | 2026-07-29: 임원ㆍ주요주주특정증권등거래계획보고서,3
애경케미칼,161000,0,OK,,,,2026-08-12: 지급수단별ㆍ지급기간별지급금액및분쟁조정기구에관한사항 | 2026-08-03: 주식등의대량보유상황보고서(일반) | 2026-07-30: 주주총회소집공고 | 2026-07-27: 주식등의대량보유상황보고서(일반) | 2026-07-20: 주식등의대량보유상황보고서(일반),5
크리스에프앤씨,110790,0,OK,,,,2026-08-12: 금전대여결정               | 2026-07-31: 교환사채(해외교환사채포함)발행후만기전사채취득               | 2026-07-31: 전환사채(해외전환사채포함)발행후만기전사채취득              ,3
중앙에너비스,000440,0,OK,,,,2026-07-30: [첨부정정]사업보고서 (2025.12) | 2026-07-30: [첨부정정]사업보고서 (2025.12) | 2026-07-30: [기재정정]사업보고서 (2025.12),3
뉴온,123840,0,OK,,,,2026-08-07: 주식등의대량보유상황보고서(일반) | 2026-07-16: 임원ㆍ주요주주특정증권등소유상황보고서 | 2026-07-16: 주식등의대량보유상황보고서(일반) | 2026-07-14: 주권관련사채권의취득결정(자율공시)               | 2026-07-14: 주권관련사채권의취득결정              ,6
모비릭스,348030,0,OK,,,,2026-07-22: 임원ㆍ주요주주특정증권등소유상황보고서 | 2026-07-22: 주식등의대량보유상황보고서(일반) | 2026-07-22: 독립이사의선임ㆍ해임또는중도퇴임에관한신고 | 2026-07-22: 임시주주총회결과              ,4
오리온홀딩스,001800,0,OK,,,,2026-07-16: [기재정정]주권관련사채권의취득결정(자율공시)(종속회사의주요경영사항)               | 2026-07-16: [기재정정]주권관련사채권의취득결정(자율공시)(종속회사의주요경영사항)               | 2026-07-16: [기재정정]타법인주식및출자증권취득결정(자율공시)(종속회사의주요경영사항)               | 2026-07-13: 주식등의대량보유상황보고서(일반),4
코디,080530,0,OK,,,,2026-08-10: 신주인수권부사채(해외신주인수권부사채포함)발행후만기전사채취득               | 2026-08-10: 신주인수권부사채(해외신주인수권부사채포함)발행후만기전사채취득               | 2026-07-20: 대표이사변경               | 2026-07-20: 임시주주총회결과              ,4
젝시믹스,337930,0,OK,,,,2026-07-31: 전환사채(해외전환사채포함)발행후만기전사채취득               | 2026-07-16: [기재정정]중간(분기)배당을위한주주명부폐쇄(기준일)결정               | 2026-07-15: 중간(분기)배당을위한주주명부폐쇄(기준일)결정               | 2026-07-15: 전환사채(해외전환사채포함)발행후만기전사채취득              (제1회차) | 2026-07-15: 현금ㆍ현물배당결정              (분기배당),5
아가방컴퍼니,013990,0,OK,,,,2026-08-10: 신탁계약에의한취득상황보고서 | 2026-08-07: 임원ㆍ주요주주특정증권등소유상황보고서 | 2026-07-31: 주식등의대량보유상황보고서(일반) | 2026-07-31: 임원ㆍ주요주주특정증권등소유상황보고서 | 2026-07-29: 주주총회소집결의              (임시주주총회),8
미원상사,002840,0,OK,,,,2026-08-06: 임원ㆍ주요주주특정증권등소유상황보고서 | 2026-07-22: 임원ㆍ주요주주특정증권등소유상황보고서 | 2026-07-13: 임원ㆍ주요주주특정증권등소유상황보고서,3
와이바이오로직스,338840,0,OK,,,,2026-08-05: 주식등의대량보유상황보고서(일반) | 2026-08-05: 임원ㆍ주요주주특정증권등소유상황보고서 | 2026-08-03: 임원ㆍ주요주주특정증권등소유상황보고서 | 2026-07-23: 주식등의대량보유상황보고서(일반) | 2026-07-23: 임원ㆍ주요주주특정증권등소유상황보고서,5
메지온,140410,0,OK,,,,2026-08-06: 임원ㆍ주요주주특정증권등소유상황보고서 | 2026-08-06: 임원ㆍ주요주주특정증권등소유상황보고서 | 2026-08-06: 임원ㆍ주요주주특정증권등소유상황보고서 | 2026-07-28: 임원ㆍ주요주주특정증권등소유상황보고서 | 2026-07-21: 임원ㆍ주요주주특정증권등소유상황보고서,6
위즈코프,038620,0,OK,,,,2026-07-28: 주식등의대량보유상황보고서(일반) | 2026-07-28: 임원ㆍ주요주주특정증권등소유상황보고서 | 2026-07-20: 주식등의대량보유상황보고서(일반) | 2026-07-20: 임원ㆍ주요주주특정증권등소유상황보고서,4
비츠로셀,082920,0,OK,,,,2026-08-12: 반기보고서 (2026.06) | 2026-08-03: 임원ㆍ주요주주특정증권등소유상황보고서 | 2026-07-20: 주식등의대량보유상황보고서(약식) | 2026-07-16: 임원ㆍ주요주주특정증권등소유상황보고서 | 2026-07-14: 주식등의대량보유상황보고서(약식),5
DSR,155660,0,OK,,,,2026-08-12: 최대주주등소유주식변동신고서               | 2026-08-12: 임원ㆍ주요주주특정증권등소유상황보고서 | 2026-08-07: 최대주주등소유주식변동신고서              ,3
유니테크노,241690,0,OK,,,,2026-08-03: 주식등의대량보유상황보고서(일반) | 2026-07-27: 주식등의대량보유상황보고서(일반) | 2026-07-27: 연결재무제표기준영업실적등에대한전망(공정공시)               | 2026-07-14: 기업설명회(IR)개최              ,4
메디콕스,054180,0,OK,,,,2026-08-10: 기타시장안내              (개선기간 종료에 따른 상장폐지 여부 결정 안내) | 2026-07-16: 타인에대한채무보증결정               | 2026-07-16: 타인에대한담보제공결정              ,3
유니크,011320,0,OK,,,,2026-08-07: 임원ㆍ주요주주특정증권등소유상황보고서 | 2026-07-31: 임원ㆍ주요주주특정증권등소유상황보고서 | 2026-07-31: 임원ㆍ주요주주특정증권등소유상황보고서 | 2026-07-24: 임원ㆍ주요주주특정증권등소유상황보고서 | 2026-07-24: 임원ㆍ주요주주특정증권등소유상황보고서,8
미코,059090,0,OK,,,,2026-08-10: 주식등의대량보유상황보고서(일반) | 2026-08-05: 임원ㆍ주요주주특정증권등소유상황보고서 | 2026-07-28: 임원ㆍ주요주주특정증권등소유상황보고서 | 2026-07-27: 주식등의대량보유상황보고서(약식) | 2026-07-20: 임원ㆍ주요주주특정증권등소유상황보고서,6
신흥,004080,0,OK,,,,2026-08-10: 임원ㆍ주요주주특정증권등소유상황보고서 | 2026-08-10: 임원ㆍ주요주주특정증권등소유상황보고서 | 2026-07-31: 최대주주등소유주식변동신고서               | 2026-07-31: 임원ㆍ주요주주특정증권등소유상황보고서 | 2026-07-31: 임원ㆍ주요주주특정증권등소유상황보고서,9
씨유메디칼,115480,0,OK,,,,2026-08-10: 주식등의대량보유상황보고서(약식) | 2026-07-24: [기재정정]사업보고서 (2025.12) | 2026-07-13: 주식등의대량보유상황보고서(일반),3
알파칩스,117670,0,OK,,,,2026-08-12: 반기보고서 (2026.06) | 2026-07-27: 주식매수선택권부여에관한신고 | 2026-07-27: [기재정정]주식매수선택권부여에관한신고 | 2026-07-27: 임시주주총회결과              ,4
한국정밀기계,101680,0,OK,,,,2026-07-31: 임원ㆍ주요주주특정증권등소유상황보고서 | 2026-07-29: 임원ㆍ주요주주특정증권등소유상황보고서 | 2026-07-21: 주식등의대량보유상황보고서(일반) | 2026-07-21: 임원ㆍ주요주주특정증권등소유상황보고서,4
파인엠텍,441270,0,OK,,,,2026-08-12: [기재정정]주식매수선택권부여에관한신고 | 2026-08-12: [기재정정]주식매수선택권부여에관한신고 | 2026-07-28: 주식등의대량보유상황보고서(일반) | 2026-07-28: 임원ㆍ주요주주특정증권등소유상황보고서,4
DXVX,180400,0,OK,,,,2026-08-07: 임원ㆍ주요주주특정증권등소유상황보고서 | 2026-08-05: 본점소재지변경               | 2026-07-16: 임원ㆍ주요주주특정증권등소유상황보고서,3
벨로크,424760,0,OK,,,,2026-07-31: 주주총회소집결의              (임시주주총회) | 2026-07-27: 주주명부폐쇄기간또는기준일설정               | 2026-07-16: 조회공시요구(현저한시황변동)에대한답변(미확정)              ,3
노바렉스,194700,0,OK,,,,2026-08-10: 주식등의대량보유상황보고서(약식) | 2026-08-04: 임원ㆍ주요주주특정증권등소유상황보고서 | 2026-07-29: [기재정정]신규시설투자등              ,3
스페코,013810,0,OK,,[기재정정]단일판매ㆍ공급계약체결              (+5),최대주주변경              (-5),2026-07-27: [기재정정]단일판매ㆍ공급계약체결               | 2026-07-15: 최대주주변경               | 2026-07-15: 주식등의대량보유상황보고서(일반) | 2026-07-15: 임원ㆍ주요주주특정증권등소유상황보고서 | 2026-07-15: 주식등의대량보유상황보고서(일반),7
토마토시스템,393210,0,OK,,,,2026-08-12: 반기보고서 (2026.06) | 2026-08-04: 임원ㆍ주요주주특정증권등소유상황보고서 | 2026-07-30: 임원ㆍ주요주주특정증권등소유상황보고서 | 2026-07-28: 임원ㆍ주요주주특정증권등거래계획보고서 | 2026-07-27: 임원ㆍ주요주주특정증권등소유상황보고서,5
아이엠뱅크,005270,0,OK,,,,2026-07-31: 증권발행실적보고서 | 2026-07-30: 투자설명서(일괄신고) | 2026-07-30: 일괄신고추가서류,3
유라클,088340,0,OK,,,,2026-08-03: 주식등의대량보유상황보고서(일반) | 2026-08-03: 임원ㆍ주요주주특정증권등소유상황보고서 | 2026-08-03: 임원ㆍ주요주주특정증권등소유상황보고서 | 2026-08-03: 임원ㆍ주요주주특정증권등소유상황보고서 | 2026-08-03: 임원ㆍ주요주주특정증권등소유상황보고서,5
삼영에스앤씨,361670,0,OK,,,,2026-08-10: 주식등의대량보유상황보고서(일반) | 2026-08-10: 임원ㆍ주요주주특정증권등소유상황보고서 | 2026-08-10: 임원ㆍ주요주주특정증권등소유상황보고서 | 2026-08-04: 임원ㆍ주요주주특정증권등소유상황보고서 | 2026-08-04: 임원ㆍ주요주주특정증권등소유상황보고서,8
쿠콘,294570,0,OK,,,,2026-08-12: 기업설명회(IR)개최               | 2026-08-05: 주요사항보고서(자기주식취득신탁계약체결결정) | 2026-07-30: 기업설명회(IR)개최               | 2026-07-20: 기업설명회(IR)개최              ,4
보로노이,310210,0,OK,,,,2026-08-07: [기재정정]투자판단관련주요경영사항(임상시험계획변경승인신청)              (VRN110755의 제 1/2상 임상시험) | 2026-07-31: [기재정정]투자판단관련주요경영사항(임상시험계획변경승인)              (VRN110755의 제 1/2상 임상시험) | 2026-07-30: [첨부정정]주요사항보고서(전환사채매수선택권행사자지정) | 2026-07-30: [기재정정]주요사항보고서(전환사채매수선택권행사자지정),4
오리엔트바이오,002630,0,OK,,,,2026-08-03: 임시주주총회결과               | 2026-07-23: 주식등의대량보유상황보고서(일반) | 2026-07-16: 주주총회소집공고,3
대화제약,067080,0,OK,,,,2026-08-07: 반기보고서 (2026.06) | 2026-08-05: 현금ㆍ현물배당결정              (분기배당) | 2026-07-30: 임원ㆍ주요주주특정증권등소유상황보고서 | 2026-07-22: 주식등의대량보유상황보고서(일반),4
큐리오시스,494120,0,OK,,,,2026-08-10: 임원ㆍ주요주주특정증권등소유상황보고서 | 2026-08-10: 임원ㆍ주요주주특정증권등소유상황보고서 | 2026-08-04: 반기보고서 (2026.06) | 2026-07-31: 기업설명회(IR)개최               | 2026-07-21: 임원ㆍ주요주주특정증권등소유상황보고서,19
부산은행,005280,0,OK,,,,2026-08-12: 투자설명서(일괄신고) | 2026-08-12: 일괄신고추가서류 | 2026-08-06: 증권발행실적보고서 | 2026-08-05: 투자설명서(일괄신고) | 2026-08-05: 일괄신고추가서류,14
오토앤,353590,0,OK,,,,2026-08-12: 임원ㆍ주요주주특정증권등소유상황보고서 | 2026-08-04: 임원ㆍ주요주주특정증권등소유상황보고서 | 2026-07-27: 임원ㆍ주요주주특정증권등소유상황보고서 | 2026-07-27: 임원ㆍ주요주주특정증권등소유상황보고서 | 2026-07-15: 임원ㆍ주요주주특정증권등소유상황보고서,5
월덱스,101160,0,OK,,,,2026-07-31: 주주명부폐쇄기간또는기준일설정               | 2026-07-31: 주주총회소집결의              (임시주주총회) | 2026-07-27: 주요사항보고서(자기주식취득신탁계약체결결정) | 2026-07-13: [기재정정]기업가치제고계획(자율공시)              ,4
부국증권,001270,0,OK,,,,2026-08-12: 주식등의대량보유상황보고서(일반) | 2026-08-07: 임원ㆍ주요주주특정증권등소유상황보고서 | 2026-07-31: 임원ㆍ주요주주특정증권등소유상황보고서 | 2026-07-31: 주식등의대량보유상황보고서(일반) | 2026-07-30: [기재정정]주식등의대량보유상황보고서(일반),13
하이로닉,149980,0,OK,,,,2026-08-11: 주식매수선택권부여에관한신고 | 2026-08-04: 임원ㆍ주요주주특정증권등소유상황보고서 | 2026-07-16: 현금ㆍ현물배당결정               | 2026-07-16: 주식매수선택권부여에관한신고 | 2026-07-16: [기재정정]사업보고서 (2025.12),5
미원홀딩스,107590,0,OK,,,,2026-08-07: 최대주주등소유주식변동신고서               | 2026-08-07: 임원ㆍ주요주주특정증권등소유상황보고서 | 2026-07-22: [기재정정]현금ㆍ현물배당결정(자회사의 주요경영사항)              ,3
바이오인프라생명과학,266470,0,OK,,,,2026-07-30: 본점소재지변경               | 2026-07-30: 임시주주총회결과               | 2026-07-14: 주주총회소집공고,3
HLB이노베이션,024850,0,OK,,,,2026-07-22: 임원ㆍ주요주주특정증권등소유상황보고서 | 2026-07-22: 주식등의대량보유상황보고서(일반) | 2026-07-21: 전환가액의조정              ,3
알엔투테크놀로지,148250,0,OK,,,,2026-08-12: 소송등의제기ㆍ신청(경영권분쟁소송)              (직무집행정지등 가처분) | 2026-08-03: 소송등의제기ㆍ신청(경영권분쟁소송)              (임시총회소집허가) | 2026-08-03: 타법인주식및출자증권처분결정               | 2026-07-24: 불성실공시법인지정예고              (공시불이행) | 2026-07-23: 주식등의대량보유상황보고서(일반),8
매일유업,267980,0,OK,,,,2026-08-10: 중대재해발생               | 2026-07-22: 독립이사의선임ㆍ해임또는중도퇴임에관한신고 | 2026-07-22: 임시주주총회결과              ,3
경인전자,009140,0,OK,,,,2026-08-11: 주주총회소집공고 | 2026-08-10: [기재정정]주주총회소집결의               | 2026-07-16: 주주명부폐쇄기간또는기준일설정               | 2026-07-16: 주주총회소집결의              ,4
한세엠케이,069640,0,OK,,,,2026-08-12: 최대주주등소유주식변동신고서               | 2026-08-12: 임원ㆍ주요주주특정증권등소유상황보고서 | 2026-08-12: 임원ㆍ주요주주특정증권등소유상황보고서 | 2026-08-12: 임원ㆍ주요주주특정증권등소유상황보고서 | 2026-08-06: 최대주주등소유주식변동신고서              ,17
메리츠증권,008560,0,OK,,,,2026-08-12: 증권발행실적보고서 | 2026-08-12: 증권발행실적보고서 | 2026-08-07: 증권발행실적보고서 | 2026-08-07: 증권발행실적보고서 | 2026-08-05: 투자설명서(일괄신고),75
교보16호스팩,482520,0,OK,,,,2026-08-10: 기업인수목적회사의예치ㆍ신탁계약내용변경               | 2026-07-15: 기업인수목적회사의임원선임결정               | 2026-07-15: 주주명부폐쇄기간또는기준일설정               | 2026-07-15: 주주총회소집결의              (임시주주총회),4
엔피케이,048830,0,OK,,,,2026-07-27: 임원ㆍ주요주주특정증권등소유상황보고서 | 2026-07-22: 임원ㆍ주요주주특정증권등소유상황보고서 | 2026-07-22: 임원ㆍ주요주주특정증권등소유상황보고서 | 2026-07-16: 임원ㆍ주요주주특정증권등소유상황보고서 | 2026-07-15: 주요사항보고서(자기주식취득신탁계약체결결정),6
옵트론텍,082210,0,OK,,,,2026-07-21: 주식등의대량보유상황보고서(일반) | 2026-07-21: 임원ㆍ주요주주특정증권등소유상황보고서 | 2026-07-20: 독립이사의선임ㆍ해임또는중도퇴임에관한신고 | 2026-07-20: 임시주주총회결과               | 2026-07-16: 타인에대한채무보증결정              ,9
에스엠벡셀,010580,0,OK,,,,2026-08-04: 최대주주등소유주식변동신고서               | 2026-08-04: 주식등의대량보유상황보고서(일반) | 2026-08-04: 임원ㆍ주요주주특정증권등소유상황보고서 | 2026-07-29: 최대주주등소유주식변동신고서               | 2026-07-29: 주식등의대량보유상황보고서(일반),13
우림피티에스,101170,0,OK,,,,2026-08-03: 주식등의대량보유상황보고서(일반) | 2026-07-30: 주식등의대량보유상황보고서(일반) | 2026-07-24: 주식등의대량보유상황보고서(일반),3
에임드바이오,0009K0,0,OK,,,,2026-08-12: 반기보고서 (2026.06) | 2026-08-10: [기재정정]투자판단관련주요경영사항(임상시험계획승인신청)              (BI 4060107 (ODS025)의 제 1상 임상시험계획 승인 신청) | 2026-07-22: [기재정정]투자판단관련주요경영사항(임상시험계획승인신청)              (BI 4060107 (ODS025)의 제 1상 임상시험계획 승인 신청) | 2026-07-16: 독립이사의선임ㆍ해임또는중도퇴임에관한신고 | 2026-07-16: 임시주주총회결과              ,6
AJ네트웍스,095570,0,OK,,,,2026-07-31: 최대주주등소유주식변동신고서               | 2026-07-31: 주식등의대량보유상황보고서(일반) | 2026-07-21: 현금ㆍ현물배당결정               | 2026-07-21: 현금ㆍ현물배당을위한주주명부폐쇄(기준일)결정              ,4
아시아나IDT,267850,0,OK,,,,2026-08-12: 반기보고서 (2026.06) | 2026-08-12: 지급수단별ㆍ지급기간별지급금액및분쟁조정기구에관한사항 | 2026-07-24: [기재정정]중대재해발생              ,3
골프존홀딩스,121440,0,OK,,,,2026-08-12: 주식등의대량보유상황보고서(일반) | 2026-08-10: 출자법인의회생절차및파산절차관련사실등발생               | 2026-08-10: 공개매수설명서 | 2026-08-10: 공개매수신고서 | 2026-08-07: 공개매수결과보고서,8
한양이엔지,045100,0,OK,,,,2026-07-28: [기재정정]주식등의대량보유상황보고서(일반) | 2026-07-28: 주식등의대량보유상황보고서(일반) | 2026-07-16: 임원ㆍ주요주주특정증권등소유상황보고서 | 2026-07-16: 임원ㆍ주요주주특정증권등소유상황보고서 | 2026-07-16: 주식등의대량보유상황보고서(일반),6
SK증권,001510,0,OK,,,,2026-08-12: 투자설명서(일괄신고) | 2026-08-12: 일괄신고추가서류(파생결합사채-주가연계파생결합사채) | 2026-08-07: 증권발행실적보고서 | 2026-08-06: 투자설명서(일괄신고) | 2026-08-06: 일괄신고추가서류(파생결합사채-주가연계파생결합사채),21
알톤,123750,0,OK,,,,2026-07-30: 주식등의대량보유상황보고서(일반) | 2026-07-30: 임원ㆍ주요주주특정증권등소유상황보고서 | 2026-07-22: 주식등의대량보유상황보고서(일반) | 2026-07-22: 임원ㆍ주요주주특정증권등소유상황보고서,4
브이엠,089970,0,OK,,,,2026-08-05: 주식등의대량보유상황보고서(약식) | 2026-07-16: 주식등의대량보유상황보고서(약식) | 2026-07-16: 주식등의대량보유상황보고서(일반) | 2026-07-16: 임원ㆍ주요주주특정증권등소유상황보고서,4
아이씨에이치,368600,0,OK,,,,2026-08-05: 주식등의대량보유상황보고서(일반) | 2026-08-04: 임원ㆍ주요주주특정증권등소유상황보고서 | 2026-08-04: 임원ㆍ주요주주특정증권등소유상황보고서 | 2026-07-22: 주주총회소집결의              (임시주주총회) | 2026-07-22: 주주명부폐쇄기간또는기준일설정              ,8
지투파워,388050,0,OK,,,,2026-07-31: [기재정정]사업보고서 (2025.12) | 2026-07-23: 신탁계약해지결과보고서 | 2026-07-22: 주요사항보고서(자기주식취득신탁계약해지결정),3
엘앤케이바이오,156100,0,OK,,,,2026-08-11: 주식등의대량보유상황보고서(일반) | 2026-08-03: 주식등의대량보유상황보고서(일반) | 2026-08-03: 임원ㆍ주요주주특정증권등소유상황보고서 | 2026-07-28: 전환가액의조정               | 2026-07-22: 기업설명회(IR)개최              ,6
이수페타시스,007660,0,OK,,,,2026-08-10: 기업설명회(IR)개최(안내공시)               | 2026-08-06: 주식등의대량보유상황보고서(일반) | 2026-07-15: 주식등의대량보유상황보고서(약식),3
산은캐피탈,008270,0,OK,,,,2026-08-07: 증권발행실적보고서 | 2026-08-06: 투자설명서(일괄신고) | 2026-08-06: 일괄신고추가서류 | 2026-07-24: 증권발행실적보고서 | 2026-07-23: 투자설명서(일괄신고),10
희림,037440,0,OK,,,,2026-08-03: 임원ㆍ주요주주특정증권등소유상황보고서 | 2026-08-03: 주식등의대량보유상황보고서(일반) | 2026-07-31: [기재정정]사업보고서 (2025.12) | 2026-07-31: [첨부정정]사업보고서 (2025.12) | 2026-07-23: 임원ㆍ주요주주특정증권등소유상황보고서,6
애니메디솔루션,390110,0,OK,,,,2026-08-06: [기재정정]임원ㆍ주요주주특정증권등소유상황보고서 | 2026-08-05: 주식등의대량보유상황보고서(약식) | 2026-08-04: 임원ㆍ주요주주특정증권등소유상황보고서 | 2026-08-03: 임원ㆍ주요주주특정증권등소유상황보고서,4
아이티센씨티에스,031820,0,OK,,,,2026-07-13: 타인에대한채무보증결정               | 2026-07-13: 지속가능경영보고서등관련사항(자율공시)               | 2026-07-13: 타인에대한채무보증결정              ,3
멤레이비티,072770,0,OK,,,,2026-08-11: [기재정정]주주총회소집결의              (임시주주총회) | 2026-08-11: 투자판단관련주요경영사항              (경영지배인 사임) | 2026-07-14: 독립이사의선임ㆍ해임또는중도퇴임에관한신고 | 2026-07-14: [기재정정]사업보고서 (2025.12) | 2026-07-14: [기재정정]주주총회소집결의              (임시주주총회),5
세미파이브,490470,0,OK,,,,2026-07-31: 임원ㆍ주요주주특정증권등소유상황보고서 | 2026-07-28: 임원ㆍ주요주주특정증권등소유상황보고서 | 2026-07-23: 임원ㆍ주요주주특정증권등소유상황보고서,3
나래나노텍,137080,0,OK,,,,2026-07-22: 주식등의대량보유상황보고서(일반) | 2026-07-22: 임원ㆍ주요주주특정증권등소유상황보고서 | 2026-07-22: 자기주식취득결과보고서,3
지아이이노베이션,358570,0,OK,,,,2026-08-10: 임원ㆍ주요주주특정증권등소유상황보고서 | 2026-08-10: 임원ㆍ주요주주특정증권등소유상황보고서 | 2026-08-10: 임원ㆍ주요주주특정증권등소유상황보고서 | 2026-08-10: 임원ㆍ주요주주특정증권등소유상황보고서 | 2026-08-10: 임원ㆍ주요주주특정증권등소유상황보고서,10
NH프라임리츠,338100,0,OK,,,,2026-08-12: [기재정정]사업보고서 (2026.05) | 2026-08-11: 사업보고서 (2026.05) | 2026-08-11: 감사보고서제출               | 2026-08-07: 기타경영사항(자율공시)               | 2026-08-06: [기재정정]의결권대리행사권유참고서류,10
신영증권,001720,0,OK,,,,2026-08-10: [기재정정]일괄신고서(기타파생결합사채) | 2026-08-10: [기재정정]일괄신고서(파생결합사채-주가연계파생결합사채) | 2026-08-10: [기재정정]일괄신고서(기타파생결합증권) | 2026-08-10: [기재정정]일괄신고서(파생결합증권-주가연계증권) | 2026-08-10: 분기보고서 (2026.06),51
삼천당제약,000250,0,OK,,,,"2026-08-05: [기재정정]투자판단관련주요경영사항(임상시험계획승인신청등결정)              (제1형 당뇨병 환자를 대상으로 정상혈당 클램프 조건 및 식이 섭취 후, 경구용 인슐린 SCD0503과 피하 투여 인슐린 간의 상대적 생체이용률, 상대적 생물학적 효력 및 음식 영향 평가를 위한 임상시험) | 2026-08-05: [기재정정]투자판단관련주요경영사항(임상시험계획승인신청)              (제1형 당뇨병 환자를 대상으로 정상혈당 클램프 조건 및 식이 섭취 후, 경구용 인슐린 SCD0503과 피하 투여 인슐린 간의 상대적 생체이용률, 상대적 생물학적 효력 및 음식 영향 평가를 위한 임상시험) | 2026-07-23: 주식등의대량보유상황보고서(일반)",3
프로젠,296160,0,OK,,,,2026-07-20: 주식등의대량보유상황보고서(일반) | 2026-07-20: 임원ㆍ주요주주특정증권등소유상황보고서 | 2026-07-16: 임원ㆍ주요주주특정증권등소유상황보고서 | 2026-07-16: 임원ㆍ주요주주특정증권등소유상황보고서 | 2026-07-16: 임원ㆍ주요주주특정증권등소유상황보고서,10
한울소재과학,091440,0,OK,,,,2026-08-12: 독립이사의선임ㆍ해임또는중도퇴임에관한신고 | 2026-08-12: 임시주주총회결과               | 2026-08-12: [기재정정]주식등의대량보유상황보고서(약식) | 2026-08-10: 주식등의대량보유상황보고서(약식) | 2026-08-10: 주식등의대량보유상황보고서(약식),9
신한투자증권,008670,0,OK,,,,2026-08-12: 증권발행실적보고서 | 2026-08-12: 투자설명서(일괄신고) | 2026-08-12: 일괄신고추가서류(파생결합사채-주가연계파생결합사채) | 2026-08-11: 투자설명서(일괄신고) | 2026-08-11: 일괄신고추가서류(파생결합사채-주가연계파생결합사채),100
엠브레인,169330,0,OK,,,,2026-07-29: 주식등의대량보유상황보고서(일반) | 2026-07-28: [기재정정]주식등의대량보유상황보고서(일반) | 2026-07-28: [기재정정]주식등의대량보유상황보고서(일반),3
알리코제약,260660,0,OK,,,,2026-08-07: 주식등의대량보유상황보고서(약식) | 2026-08-07: 전환가액의조정               | 2026-08-05: 주주명부폐쇄기간또는기준일설정               | 2026-08-05: 주주총회소집결의              (임시주주총회),4
경남은행,192520,0,OK,,,,2026-07-23: 증권발행실적보고서 | 2026-07-22: 투자설명서(일괄신고) | 2026-07-22: 일괄신고추가서류 | 2026-07-13: 증권발행실적보고서,4
우리금융캐피탈,033660,0,OK,,,,2026-08-06: 증권발행실적보고서 | 2026-08-05: 투자설명서(일괄신고) | 2026-08-05: 일괄신고추가서류 | 2026-07-22: 증권발행실적보고서 | 2026-07-21: 투자설명서(일괄신고),6
세종텔레콤,036630,0,OK,,,,2026-07-24: 주식등의대량보유상황보고서(일반) | 2026-07-24: 임원ㆍ주요주주특정증권등소유상황보고서 | 2026-07-22: 임원ㆍ주요주주특정증권등거래계획보고서 | 2026-07-16: 증권발행결과(자율공시)              ,4
제놀루션,225220,0,OK,,,,2026-08-12: 임원ㆍ주요주주특정증권등소유상황보고서 | 2026-08-04: 주식등의대량보유상황보고서(일반) | 2026-08-04: 임원ㆍ주요주주특정증권등소유상황보고서 | 2026-07-22: 임원ㆍ주요주주특정증권등소유상황보고서,4
지에스엔텍,037640,0,OK,,,,2026-08-12: 지급수단별ㆍ지급기간별지급금액및분쟁조정기구에관한사항 | 2026-07-16: 증권발행실적보고서 | 2026-07-16: 투자설명서 | 2026-07-15: [발행조건확정]증권신고서(채무증권),4
동신건설,025950,0,OK,,,,2026-08-12: [기재정정]사업보고서 (2024.12) | 2026-08-12: [기재정정]사업보고서 (2025.12) | 2026-08-12: [기재정정]분기보고서 (2026.03),3
아이스크림미디어,461300,0,OK,,,,2026-08-07: 주요사항보고서(자기주식취득신탁계약체결결정) | 2026-08-07: 현금ㆍ현물배당결정              (중간 배당) | 2026-07-29: [기재정정]주식매수선택권부여에관한신고 | 2026-07-16: 임원ㆍ주요주주특정증권등소유상황보고서,4
디오,039840,0,OK,,,,2026-08-11: 주주총회소집공고 | 2026-07-16: 주주총회소집결의              (임시주주총회) | 2026-07-16: 주주명부폐쇄기간또는기준일설정              ,3
와이엠,007530,0,OK,,,,2026-08-04: 임원ㆍ주요주주특정증권등소유상황보고서 | 2026-07-24: 주식등의대량보유상황보고서(일반) | 2026-07-24: 임원ㆍ주요주주특정증권등소유상황보고서,3
마스턴프리미어리츠,357430,0,OK,,,,2026-08-11: 기타경영사항(자율공시)               | 2026-07-31: 유형자산처분결정(종속회사의주요경영사항)               | 2026-07-14: 기타경영사항(자율공시)              ,3
피엠티,147760,0,OK,,,,2026-07-23: 임원ㆍ주요주주특정증권등소유상황보고서 | 2026-07-14: 임원ㆍ주요주주특정증권등소유상황보고서 | 2026-07-14: 임원ㆍ주요주주특정증권등소유상황보고서 | 2026-07-14: 임원ㆍ주요주주특정증권등소유상황보고서,4
제테마,216080,0,OK,,,,2026-08-11: 투자판단관련주요경영사항              (제테마더톡신주100단위(JTM201) 중국 품목허가 신청) | 2026-08-10: 주식등의대량보유상황보고서(약식) | 2026-08-04: 임원ㆍ주요주주특정증권등소유상황보고서,3
그리드위즈,453450,0,OK,,,,2026-08-11: 주식등의대량보유상황보고서(일반) | 2026-08-03: 주식등의대량보유상황보고서(일반) | 2026-07-15: 신규시설투자등(자율공시)              ,3
코스나인,082660,0,OK,,,,2026-07-28: [기재정정]주주총회소집결의              (임시주주총회) | 2026-07-21: [기재정정]주주총회소집결의               | 2026-07-21: [기재정정]주주명부폐쇄기간또는기준일설정              ,3
에이플러스에셋,244920,0,OK,,,,2026-08-05: 임원ㆍ주요주주특정증권등소유상황보고서 | 2026-08-05: 최대주주등소유주식변동신고서               | 2026-07-31: 최대주주등소유주식변동신고서               | 2026-07-29: 최대주주등소유주식변동신고서               | 2026-07-14: 주요사항보고서(자기주식취득신탁계약체결결정),5
아이비젼웍스,469750,0,OK,,,,2026-08-12: 임원ㆍ주요주주특정증권등소유상황보고서 | 2026-08-07: 주식등의대량보유상황보고서(일반) | 2026-08-07: 임원ㆍ주요주주특정증권등소유상황보고서 | 2026-08-07: 임시주주총회결과               | 2026-08-04: [기재정정]주식등의대량보유상황보고서(일반),8
지놈앤컴퍼니,314130,0,OK,,,,2026-08-06: 의결권대리행사권유참고서류 | 2026-08-06: 주주총회소집공고 | 2026-08-06: [기재정정]주주총회소집결의               | 2026-07-20: 기타경영사항(자율공시)              (전환우선주의 보통주 전환청구) | 2026-07-14: 기타경영사항(자율공시)              (전환우선주의 보통주 전환청구),6
구영테크,053270,0,OK,,,,2026-07-15: 주식등의대량보유상황보고서(일반) | 2026-07-15: 임원ㆍ주요주주특정증권등소유상황보고서 | 2026-07-15: 임원ㆍ주요주주특정증권등소유상황보고서,3
에이치브이엠,295310,0,OK,,,,2026-08-11: 전환청구권행사               | 2026-08-11: 주식등의대량보유상황보고서(일반) | 2026-08-11: 임원ㆍ주요주주특정증권등소유상황보고서 | 2026-07-31: 주식등의대량보유상황보고서(일반),4
차이커뮤니케이션,351870,0,OK,,,,2026-07-31: [기재정정]주식매수선택권부여에관한신고 | 2026-07-30: 주식등의대량보유상황보고서(일반) | 2026-07-30: 임원ㆍ주요주주특정증권등소유상황보고서 | 2026-07-30: 임원ㆍ주요주주특정증권등소유상황보고서 | 2026-07-30: 임원ㆍ주요주주특정증권등소유상황보고서,10
제이알글로벌리츠,348950,0,OK,,,,2026-08-12: 임원ㆍ주요주주특정증권등소유상황보고서 | 2026-08-10: 임원ㆍ주요주주특정증권등거래계획보고서 | 2026-08-10: 임원ㆍ주요주주특정증권등소유상황보고서 | 2026-08-04: 임시주주총회결과               | 2026-07-29: 기업설명회(IR)개최(안내공시)              ,14
신한제15호스팩,487830,0,OK,,,,2026-08-03: 기업인수목적회사의임원선임결정               | 2026-08-03: 주주명부폐쇄기간또는기준일설정               | 2026-08-03: 주주총회소집결의              (임시주주총회),3
명문제약,017180,0,OK,,,,2026-08-12: 임원ㆍ주요주주특정증권등소유상황보고서 | 2026-08-05: 임원ㆍ주요주주특정증권등소유상황보고서 | 2026-08-05: 임원ㆍ주요주주특정증권등소유상황보고서,3
세아제강지주,003030,0,OK,,,,2026-08-04: 지급수단별ㆍ지급기간별지급금액및분쟁조정기구에관한사항 | 2026-07-23: 최대주주등소유주식변동신고서               | 2026-07-23: 임원ㆍ주요주주특정증권등소유상황보고서,3
신한카드,032710,0,OK,,,,2026-08-06: 증권발행실적보고서 | 2026-08-05: 투자설명서(일괄신고) | 2026-08-05: 일괄신고추가서류 | 2026-07-28: 증권발행실적보고서 | 2026-07-27: 투자설명서(일괄신고),12
픽셀플러스,087600,0,OK,,,,2026-08-12: 주식매수선택권부여에관한신고 | 2026-07-27: 주식등의대량보유상황보고서(일반) | 2026-07-27: 임원ㆍ주요주주특정증권등소유상황보고서,3
갤럭시아에스엠,011420,0,OK,,,,2026-08-05: 주식등의대량보유상황보고서(일반) | 2026-08-05: 최대주주등소유주식변동신고서               | 2026-07-30: 최대주주등소유주식변동신고서               | 2026-07-23: 최대주주등소유주식변동신고서               | 2026-07-22: [기재정정]최대주주등소유주식변동신고서              ,7
오가닉티코스메틱,900300,0,OK,,,,2026-07-30: 전환가액의조정              (제7회차) | 2026-07-28: 주주총회소집결의              (임시주주총회) | 2026-07-28: 주주명부폐쇄기간또는기준일설정              ,3
세동,053060,0,OK,,,,2026-07-14: 임원ㆍ주요주주특정증권등소유상황보고서 | 2026-07-14: 임원ㆍ주요주주특정증권등소유상황보고서 | 2026-07-14: 주식등의대량보유상황보고서(일반),3
아스플로,159010,0,OK,,,,2026-08-04: 임원ㆍ주요주주특정증권등소유상황보고서 | 2026-08-03: 주식등의대량보유상황보고서(약식) | 2026-07-24: 주식등의대량보유상황보고서(약식),3
풍원정밀,371950,0,OK,,,,2026-08-05: 주식등의대량보유상황보고서(일반) | 2026-07-30: 단기차입금증가결정               | 2026-07-16: 전환주식의전환가액조정              (전환우선주) | 2026-07-16: 전환가액의조정              ,4
전진바이오팜,110020,0,OK,,,,2026-08-11: 임원ㆍ주요주주특정증권등소유상황보고서 | 2026-08-11: 주식등의대량보유상황보고서(일반) | 2026-07-28: 임원ㆍ주요주주특정증권등소유상황보고서 | 2026-07-28: 주식등의대량보유상황보고서(일반),4
금비,008870,0,OK,,,,2026-08-05: 임원ㆍ주요주주특정증권등소유상황보고서 | 2026-08-05: 최대주주등소유주식변동신고서               | 2026-07-30: 임원ㆍ주요주주특정증권등소유상황보고서 | 2026-07-30: 최대주주등소유주식변동신고서               | 2026-07-21: 임원ㆍ주요주주특정증권등소유상황보고서,6
나인테크,267320,0,OK,,,,2026-07-23: 주식등의대량보유상황보고서(일반) | 2026-07-23: [기재정정]사업보고서 (2025.12) | 2026-07-16: 전환가액의조정              ,3
상상인증권,001290,0,OK,,,,2026-08-10: [기재정정]주식병합결정               | 2026-08-07: 임시주주총회결과               | 2026-08-06: 풍문또는보도에대한해명(미확정)               | 2026-08-05: 투자유의안내               | 2026-07-23: 의결권대리행사권유참고서류,6
대영포장,014160,0,OK,,,,2026-08-05: 투자유의안내               | 2026-07-27: 주주명부폐쇄기간또는기준일설정               | 2026-07-27: 주주총회소집결의               | 2026-07-27: 주식병합결정               | 2026-07-20: 임원ㆍ주요주주특정증권등거래계획보고서,5
전방,000950,0,OK,,,,2026-08-11: 최대주주등소유주식변동신고서               | 2026-08-11: 임원ㆍ주요주주특정증권등소유상황보고서 | 2026-08-05: 최대주주등소유주식변동신고서               | 2026-08-05: 주식등의대량보유상황보고서(일반),4
NEW,160550,0,OK,,,,2026-08-12: 의결권대리행사권유참고서류 | 2026-08-12: 주주총회소집공고 | 2026-07-20: 주주명부폐쇄기간또는기준일설정               | 2026-07-20: 주주총회소집결의              (임시주주총회),4
화승코퍼레이션,013520,0,OK,,,,2026-08-04: 주식등의대량보유상황보고서(일반) | 2026-08-04: 최대주주등소유주식변동신고서               | 2026-07-28: 최대주주등소유주식변동신고서               | 2026-07-21: 주식등의대량보유상황보고서(일반) | 2026-07-21: 최대주주등소유주식변동신고서              ,6
로보티즈,108490,0,OK,,,,2026-08-10: 임원ㆍ주요주주특정증권등소유상황보고서 | 2026-08-06: 임원ㆍ주요주주특정증권등거래계획보고서 | 2026-07-14: 임원ㆍ주요주주특정증권등소유상황보고서,3
웰크론,065950,0,OK,,,,2026-08-10: 임원ㆍ주요주주특정증권등소유상황보고서 | 2026-08-07: 임원ㆍ주요주주특정증권등소유상황보고서 | 2026-08-07: 임원ㆍ주요주주특정증권등거래계획보고서 | 2026-08-04: 주식등의대량보유상황보고서(일반) | 2026-08-04: 임원ㆍ주요주주특정증권등소유상황보고서,5
알비더블유,361570,0,OK,,,,2026-08-11: 임시주주총회결과               | 2026-07-27: 주주총회소집공고 | 2026-07-24: 임원ㆍ주요주주특정증권등소유상황보고서,3
이지스밸류플러스리츠,334890,0,OK,,,,2026-08-06: 임원ㆍ주요주주특정증권등소유상황보고서 | 2026-08-05: 임원ㆍ주요주주특정증권등소유상황보고서 | 2026-07-31: [기재정정]부동산투자회사자금차입               | 2026-07-30: 임원ㆍ주요주주특정증권등소유상황보고서 | 2026-07-28: 임원ㆍ주요주주특정증권등소유상황보고서,10
디모아,016670,0,OK,,,,2026-08-07: 전환가액의조정               | 2026-08-05: 주주총회소집공고 | 2026-08-05: [기재정정]주주총회소집결의              (임시주주총회),3
아톤,158430,0,OK,,,,2026-07-27: 주식등의대량보유상황보고서(일반) | 2026-07-27: 임원ㆍ주요주주특정증권등소유상황보고서 | 2026-07-27: 임원ㆍ주요주주특정증권등소유상황보고서 | 2026-07-27: 임원ㆍ주요주주특정증권등소유상황보고서 | 2026-07-27: 대표이사변경              ,7
네오뷰,0218L0,0,OK,,,,2026-08-03: 주식등의대량보유상황보고서(일반) | 2026-08-03: [기재정정]임원ㆍ주요주주특정증권등소유상황보고서 | 2026-08-03: 임원ㆍ주요주주특정증권등소유상황보고서 | 2026-08-03: 임원ㆍ주요주주특정증권등소유상황보고서 | 2026-08-03: 임원ㆍ주요주주특정증권등소유상황보고서,12
프리티,006490,0,OK,,,,2026-08-11: 주주명부폐쇄기간또는기준일설정               | 2026-08-11: 주주총회소집결의               | 2026-07-28: 독립이사의선임ㆍ해임또는중도퇴임에관한신고 | 2026-07-28: 임시주주총회결과               | 2026-07-27: 임원ㆍ주요주주특정증권등소유상황보고서,8
AK홀딩스,006840,0,OK,,,,2026-08-12: 지급수단별ㆍ지급기간별지급금액및분쟁조정기구에관한사항 | 2026-08-11: 특수관계인에대한자금대여 | 2026-08-11: 금전대여결정              ,3
프레스티지바이오파마,950210,0,OK,,,,2026-08-11: 최대주주등소유주식변동신고서               | 2026-08-11: 임원ㆍ주요주주특정증권등소유상황보고서 | 2026-08-11: 주식등의대량보유상황보고서(일반) | 2026-08-04: [기재정정]임원ㆍ주요주주특정증권등소유상황보고서 | 2026-08-04: 최대주주등소유주식변동신고서              ,14
사조오양,006090,0,OK,,,,2026-07-30: 임원ㆍ주요주주특정증권등거래계획보고서 | 2026-07-16: [기재정정]최대주주등소유주식변동신고서               | 2026-07-15: 최대주주등소유주식변동신고서               | 2026-07-15: 주식등의대량보유상황보고서(일반),4
중앙첨단소재,051980,0,OK,,,,2026-08-12: 임시주주총회결과               | 2026-08-04: [기재정정]의결권대리행사권유참고서류 | 2026-07-28: 의결권대리행사권유참고서류 | 2026-07-28: 주주총회소집공고 | 2026-07-27: 주식병합결정              ,6
바이브컴퍼니,301300,0,OK,,,,2026-08-06: 임시주주총회결과               | 2026-07-31: 조회공시요구(현저한시황변동)에대한답변(미확정)               | 2026-07-28: 주식등의대량보유상황보고서(약식) | 2026-07-22: 주주총회소집공고 | 2026-07-22: [기재정정]주주총회소집결의              (임시주주총회),6
올릭스,226950,0,OK,,,,2026-08-12: [기재정정]주식매수선택권부여에관한신고 | 2026-08-12: [기재정정]주식매수선택권부여에관한신고 | 2026-08-12: [기재정정]주식매수선택권부여에관한신고 | 2026-08-10: 주식등의대량보유상황보고서(약식) | 2026-08-04: [기재정정]투자판단관련주요경영사항              (중추신경계 전달체 기술평가 및 기술도입 옵션 계약 체결),13
에스엠씨지,460870,0,OK,,,,2026-08-10: 반기보고서 (2026.06) | 2026-07-28: 임원ㆍ주요주주특정증권등거래계획보고서 | 2026-07-28: 임원ㆍ주요주주특정증권등소유상황보고서 | 2026-07-28: 주식등의대량보유상황보고서(일반) | 2026-07-27: 임원ㆍ주요주주특정증권등소유상황보고서,14
큐로셀,372320,0,OK,,,,2026-07-24: 임원ㆍ주요주주특정증권등소유상황보고서 | 2026-07-23: 주식등의대량보유상황보고서(일반) | 2026-07-22: 주식등의대량보유상황보고서(일반),3
신진에스엠,138070,0,OK,,,,2026-08-12: 반기보고서 (2026.06) | 2026-08-11: 임원ㆍ주요주주특정증권등소유상황보고서 | 2026-08-11: 주식등의대량보유상황보고서(일반) | 2026-08-04: 임원ㆍ주요주주특정증권등소유상황보고서 | 2026-08-04: 임원ㆍ주요주주특정증권등소유상황보고서,14
지니틱스,303030,0,OK,,,,2026-08-10: 임시주주총회결과               | 2026-07-24: 주주총회소집공고 | 2026-07-15: [기재정정]주주총회소집결의              (임시주주총회),3
밸로프,331520,0,OK,,,,2026-08-10: 신탁계약에의한취득상황보고서 | 2026-08-10: 반기보고서 (2026.06) | 2026-08-06: 주식등의대량보유상황보고서(일반) | 2026-08-05: 임원ㆍ주요주주특정증권등소유상황보고서 | 2026-07-14: 임원ㆍ주요주주특정증권등소유상황보고서,5
핸즈코퍼레이션,143210,0,OK,,,,2026-08-03: 상장적격성실질심사관련주요개선계획(자율공시)               | 2026-08-03: 기타시장안내              (개선기간 부여 결정) | 2026-07-31: [기재정정]사업보고서 (2025.12),3
대창솔루션,096350,0,OK,,,,2026-08-11: [기재정정]의결권대리행사권유참고서류 | 2026-08-11: [기재정정]주주총회소집공고 | 2026-08-11: 기업설명회(IR)개최               | 2026-08-07: 의결권대리행사권유참고서류 | 2026-08-07: 주주총회소집공고,9
한국특강,007280,0,OK,,,,2026-07-29: 최대주주등소유주식변동신고서               | 2026-07-29: 주식등의대량보유상황보고서(일반) | 2026-07-29: 임원ㆍ주요주주특정증권등소유상황보고서 | 2026-07-29: 임원ㆍ주요주주특정증권등소유상황보고서 | 2026-07-29: 임원ㆍ주요주주특정증권등소유상황보고서,5
코오롱티슈진,950160,0,OK,,,,2026-08-07: 주식등의대량보유상황보고서(일반) | 2026-08-06: 임원ㆍ주요주주특정증권등소유상황보고서 | 2026-07-31: 주식등의대량보유상황보고서(일반) | 2026-07-28: 주식등의대량보유상황보고서(일반) | 2026-07-27: 임원ㆍ주요주주특정증권등소유상황보고서,8
영흥,012160,0,OK,,,,2026-08-07: 주식등의대량보유상황보고서(일반) | 2026-08-07: 최대주주등소유주식변동신고서               | 2026-08-07: 임원ㆍ주요주주특정증권등소유상황보고서 | 2026-07-22: 주식등의대량보유상황보고서(일반) | 2026-07-22: 최대주주등소유주식변동신고서              ,11
웰킵스하이텍,043590,0,OK,,,,2026-08-05: 임원ㆍ주요주주특정증권등거래계획보고서 | 2026-07-16: 임원ㆍ주요주주특정증권등소유상황보고서 | 2026-07-14: 주식등의대량보유상황보고서(일반) | 2026-07-13: 조회공시요구(현저한시황변동)에대한답변(중요정보없음)              ,4
세중,039310,0,OK,,,,2026-08-05: 주식등의대량보유상황보고서(일반) | 2026-08-05: 임원ㆍ주요주주특정증권등소유상황보고서 | 2026-08-05: 임원ㆍ주요주주특정증권등소유상황보고서 | 2026-07-30: 주식등의대량보유상황보고서(일반) | 2026-07-29: 임원ㆍ주요주주특정증권등소유상황보고서,12
국민은행,060000,0,OK,,,,2026-08-06: 증권발행실적보고서 | 2026-08-05: 투자설명서(일괄신고) | 2026-08-05: 일괄신고추가서류 | 2026-07-27: 증권발행실적보고서 | 2026-07-24: 투자설명서(일괄신고),18
까뮤이앤씨,013700,0,OK,,,,2026-07-24: 최대주주등소유주식변동신고서               | 2026-07-24: 주식등의대량보유상황보고서(일반) | 2026-07-21: 주식등의대량보유상황보고서(일반) | 2026-07-13: [기재정정]금전대여결정               | 2026-07-13: [기재정정]타인에대한담보제공결정              ,6
HRS,036640,0,OK,,,,2026-08-10: [기재정정]타인에대한담보제공결정               | 2026-08-10: 합병등종료보고서(자산양수도) | 2026-08-10: 주요사항보고서(유형자산양도결정) | 2026-08-10: [기재정정]주요사항보고서(유형자산양수결정),4
한국제지,027970,0,OK,,,,2026-07-30: 주식등의대량보유상황보고서(일반) | 2026-07-30: 임원ㆍ주요주주특정증권등소유상황보고서 | 2026-07-29: 최대주주등소유주식변동신고서               | 2026-07-21: [기재정정]벌금등의부과               | 2026-07-14: 임시주주총회결과              ,5
형지엘리트,093240,0,OK,,,,2026-08-05: 투자유의안내               | 2026-07-30: 의결권대리행사권유참고서류 | 2026-07-30: 주주총회소집공고,3
투비소프트,079970,0,OK,,,,2026-08-03: 임원ㆍ주요주주특정증권등소유상황보고서 | 2026-07-28: 임원ㆍ주요주주특정증권등소유상황보고서 | 2026-07-23: [기재정정]임원ㆍ주요주주특정증권등소유상황보고서 | 2026-07-22: 임원ㆍ주요주주특정증권등소유상황보고서 | 2026-07-13: 임원ㆍ주요주주특정증권등소유상황보고서,5
솔루엠,248070,0,OK,,,,2026-08-05: [기재정정]타법인주식및출자증권취득결정(자율공시)(종속회사의주요경영사항)               | 2026-08-04: 최대주주등소유주식변동신고서               | 2026-08-04: 주식등의대량보유상황보고서(일반) | 2026-08-04: 임원ㆍ주요주주특정증권등소유상황보고서 | 2026-07-21: 최대주주등소유주식변동신고서              ,10
테라뷰,950250,0,OK,,,,2026-08-05: 주주총회소집공고 | 2026-08-05: 주주총회소집결의               | 2026-08-05: 매출액또는손익구조30%(대규모법인은15%)이상변동              ,3
한빛소프트,047080,0,OK,,,,2026-08-12: 임원ㆍ주요주주특정증권등소유상황보고서 | 2026-07-29: 임원ㆍ주요주주특정증권등소유상황보고서 | 2026-07-27: 임원ㆍ주요주주특정증권등소유상황보고서 | 2026-07-14: 임원ㆍ주요주주특정증권등소유상황보고서,4
소프트센,032680,0,OK,,,,2026-08-10: 주식등의대량보유상황보고서(약식) | 2026-08-07: 증권발행결과(자율공시)              (제3자배정 유상증자) | 2026-07-31: 전환사채(해외전환사채포함)발행후만기전사채취득              (제11회차) | 2026-07-28: 주식등의대량보유상황보고서(일반) | 2026-07-28: 임원ㆍ주요주주특정증권등소유상황보고서,10
아모텍,052710,0,OK,,,,2026-08-12: 권리락              (무상증자) | 2026-08-11: 증권발행실적보고서 | 2026-08-11: 증권발행결과(자율공시)               | 2026-08-10: 유상증자또는주식관련사채등의청약결과(자율공시)               | 2026-08-05: 유상증자또는주식관련사채등의청약결과(자율공시)              ,17
인피니트헬스케어,071200,0,OK,,,,2026-07-30: 주식등의대량보유상황보고서(약식) | 2026-07-28: 소송등의제기ㆍ신청(경영권분쟁소송)              (주주총회결의무효확인 등(항소)) | 2026-07-27: 소송등의판결ㆍ결정              (경영권 분쟁 소송)(주주총회결의무효확인 등) | 2026-07-20: 주식등의대량보유상황보고서(일반),4
우리은행,000030,0,OK,,,,2026-08-06: 증권발행실적보고서 | 2026-08-05: 투자설명서(일괄신고) | 2026-08-05: 일괄신고추가서류 | 2026-07-30: 증권발행실적보고서 | 2026-07-29: 투자설명서(일괄신고),12
도화엔지니어링,002150,0,OK,,,,2026-08-11: 타법인주식및출자증권처분결정(자율공시)(종속회사의주요경영사항)               | 2026-08-11: 타법인주식및출자증권처분결정(자율공시)(종속회사의주요경영사항)               | 2026-07-29: 임원ㆍ주요주주특정증권등소유상황보고서,3
팬스타엔터프라이즈,054300,0,OK,,,,2026-08-10: 임원ㆍ주요주주특정증권등소유상황보고서 | 2026-07-27: 전환가액의조정               | 2026-07-20: 주식등의대량보유상황보고서(일반),3
일성아이에스,003120,0,OK,,,,2026-07-23: 주식등의대량보유상황보고서(일반) | 2026-07-23: 최대주주등소유주식변동신고서               | 2026-07-14: 유형자산처분결정              ,3
SFA,056190,0,OK,,,,2026-08-12: 현금ㆍ현물배당결정              (분기배당) | 2026-08-12: 반기보고서 (2026.06) | 2026-08-04: 임원ㆍ주요주주특정증권등소유상황보고서 | 2026-08-04: 임원ㆍ주요주주특정증권등소유상황보고서 | 2026-08-04: 기업설명회(IR)개최              ,6
뉴키즈온,462310,0,OK,,,,2026-08-07: 주요사항보고서(자기주식취득신탁계약체결결정) | 2026-08-06: 주요사항보고서(자기주식취득신탁계약해지결정) | 2026-08-06: 신탁계약해지결과보고서,3
진양홀딩스,100250,0,OK,,,,2026-07-16: [기재정정]유형자산처분결정(자회사의 주요경영사항)               | 2026-07-15: 현금ㆍ현물배당결정(자회사의 주요경영사항)               | 2026-07-15: 현금ㆍ현물배당결정(자회사의 주요경영사항)              ,3
애니플러스,310200,0,OK,,,,2026-08-06: 단기차입금증가결정               | 2026-07-31: 주요사항보고서(타법인주식및출자증권양수결정) | 2026-07-28: 주식등의대량보유상황보고서(일반) | 2026-07-22: 전환사채(해외전환사채포함)발행후만기전사채취득              ,4
제이피아이헬스케어,0010V0,0,OK,,,,2026-07-27: 임원ㆍ주요주주특정증권등소유상황보고서 | 2026-07-20: 주요사항보고서(자기주식취득신탁계약체결결정) | 2026-07-15: 임원ㆍ주요주주특정증권등소유상황보고서,3
씨티알모빌리티,308170,0,OK,,,,2026-07-31: 임원ㆍ주요주주특정증권등소유상황보고서 | 2026-07-31: 최대주주등소유주식변동신고서               | 2026-07-24: 임원ㆍ주요주주특정증권등소유상황보고서 | 2026-07-24: 최대주주등소유주식변동신고서              ,4
에스투더블유,488280,0,OK,,,,2026-08-04: 임원ㆍ주요주주특정증권등소유상황보고서 | 2026-08-04: 주주총회소집공고 | 2026-07-29: 임원ㆍ주요주주특정증권등소유상황보고서 | 2026-07-29: [기재정정]주식등의대량보유상황보고서(일반) | 2026-07-16: 임원ㆍ주요주주특정증권등소유상황보고서,7
동방,004140,0,OK,,,,2026-07-27: 임원ㆍ주요주주특정증권등소유상황보고서 | 2026-07-24: 최대주주등소유주식변동신고서               | 2026-07-24: 임원ㆍ주요주주특정증권등소유상황보고서,3
아모그린텍,125210,0,OK,,,,2026-08-11: 임원ㆍ주요주주특정증권등거래계획철회보고서 | 2026-08-10: 주식등의대량보유상황보고서(일반) | 2026-07-24: 주식등의대량보유상황보고서(일반),3
피코그램,376180,0,OK,,,,2026-08-11: 주식등의대량보유상황보고서(일반) | 2026-08-11: 임원ㆍ주요주주특정증권등소유상황보고서 | 2026-08-04: 전환사채(해외전환사채포함)발행후만기전사채취득              ,3
비보존 제약,082800,0,OK,,,,2026-08-12: [기재정정]사업보고서 (2025.12) | 2026-08-07: 주식등의대량보유상황보고서(일반) | 2026-08-07: 임원ㆍ주요주주특정증권등소유상황보고서 | 2026-07-31: 전환사채(해외전환사채포함)발행후만기전사채취득              ,4
이노뎁,303530,0,OK,,,,2026-07-31: 임원ㆍ주요주주특정증권등소유상황보고서 | 2026-07-31: [기재정정]임원ㆍ주요주주특정증권등소유상황보고서 | 2026-07-30: 임원ㆍ주요주주특정증권등소유상황보고서 | 2026-07-30: 주식등의대량보유상황보고서(일반),4
삼성화재해상보험,000810,0,OK,,,,2026-07-31: 기업설명회(IR)개최(안내공시)               | 2026-07-14: 계열금융회사의약관에의한금융거래-[유가증권-수익증권] | 2026-07-14: 계열금융회사의약관에의한금융거래-[유가증권-채권] | 2026-07-14: 계열금융회사의약관에의한금융거래-[보험],4
HLB파나진,046210,0,OK,,,,2026-07-29: 임원ㆍ주요주주특정증권등소유상황보고서 | 2026-07-22: 주식등의대량보유상황보고서(일반) | 2026-07-16: 임원ㆍ주요주주특정증권등소유상황보고서 | 2026-07-16: 임원ㆍ주요주주특정증권등소유상황보고서,4
동성제약,002210,0,OK,,,,2026-07-29: 기타경영사항(자율공시)               | 2026-07-29: 기타시장안내              (유가증권시장 상장공시위원회 심의결과 및 상장유지 결정 안내) | 2026-07-15: 기타시장안내              (상장적격성 실질심사 사유 추가 관련 안내) | 2026-07-15: 불성실공시법인지정              ,4
동부건설,005960,0,OK,,,,2026-08-07: 투자판단관련주요경영사항               | 2026-07-23: 투자판단관련주요경영사항               | 2026-07-22: 투자판단관련주요경영사항               | 2026-07-21: 투자판단관련주요경영사항              ,4
코아시아씨엠,196450,0,OK,,,,2026-08-12: 반기보고서 (2026.06) | 2026-08-06: 임시주주총회결과               | 2026-07-30: [기재정정]주주총회소집공고 | 2026-07-30: [기재정정]주식병합결정               | 2026-07-22: 주주총회소집공고,5
농심,004370,0,OK,,,,2026-07-28: 기업가치제고계획(자율공시)              (2026년) | 2026-07-23: 임원ㆍ주요주주특정증권등소유상황보고서 | 2026-07-22: [기재정정]대규모기업집단현황공시[연1회공시및1/4분기용(대표회사)] | 2026-07-20: 임원ㆍ주요주주특정증권등소유상황보고서,4
동서,026960,0,OK,,,,2026-07-31: 주식등의대량보유상황보고서(일반) | 2026-07-31: 최대주주등소유주식변동신고서               | 2026-07-31: 임원ㆍ주요주주특정증권등소유상황보고서 | 2026-07-21: 현금ㆍ현물배당결정               | 2026-07-21: 현금ㆍ현물배당을위한주주명부폐쇄(기준일)결정              ,5
와이제이링크,209640,0,OK,,,,2026-07-16: 신탁계약해지결과보고서 | 2026-07-16: 주요사항보고서(자기주식취득신탁계약해지결정) | 2026-07-16: 현금ㆍ현물배당결정              (중간배당),3
LSK아이로봇,091970,0,OK,,,,2026-08-10: 주식등의대량보유상황보고서(약식) | 2026-08-06: 주식등의대량보유상황보고서(일반) | 2026-07-16: 주식등의대량보유상황보고서(일반) | 2026-07-14: 주식등의대량보유상황보고서(약식) | 2026-07-14: 주식등의대량보유상황보고서(약식),6
셀레믹스,331920,0,OK,,,,2026-07-21: 주식등의대량보유상황보고서(일반) | 2026-07-16: 임원ㆍ주요주주특정증권등소유상황보고서 | 2026-07-14: 임원ㆍ주요주주특정증권등소유상황보고서 | 2026-07-13: 독립이사의선임ㆍ해임또는중도퇴임에관한신고 | 2026-07-13: 임시주주총회결과              ,5
딜리셔스,483350,0,OK,,,,2026-08-06: 증권발행실적보고서 | 2026-07-31: [발행조건확정]증권신고서(지분증권) | 2026-07-31: [기재정정]투자설명서 | 2026-07-31: [첨부정정]증권신고서(지분증권) | 2026-07-16: 투자설명서,6
엘엠에스,073110,0,OK,,,,2026-08-04: 임시주주총회결과               | 2026-07-20: 의결권대리행사권유참고서류 | 2026-07-20: 주주총회소집공고,3
옵티코어,380540,0,OK,,,,2026-08-05: 주요사항보고서(자기전환사채만기전취득결정) | 2026-07-27: 주주명부폐쇄기간또는기준일설정               | 2026-07-27: 주주총회소집결의              ,3
이스트소프트,047560,0,OK,,,,2026-08-11: 독립이사의선임ㆍ해임또는중도퇴임에관한신고 | 2026-08-11: 임시주주총회결과               | 2026-07-27: 의결권대리행사권유참고서류 | 2026-07-27: 주주총회소집공고,4
유비온,084440,0,OK,,,,2026-07-29: 임시주주총회결과               | 2026-07-21: 기업설명회(IR)개최               | 2026-07-13: 주주총회소집공고,3
에이치엔에스하이텍,044990,0,OK,,,,2026-08-03: 반기보고서 (2026.06) | 2026-07-30: 임원ㆍ주요주주특정증권등소유상황보고서 | 2026-07-28: 임원ㆍ주요주주특정증권등소유상황보고서 | 2026-07-24: 임원ㆍ주요주주특정증권등소유상황보고서 | 2026-07-20: 임원ㆍ주요주주특정증권등소유상황보고서,6
육일씨엔에쓰,191410,0,OK,,,,2026-08-05: [기재정정]주요사항보고서(타법인주식및출자증권양수결정) | 2026-08-05: 전환사채(해외전환사채포함)발행후만기전사채취득              (제3회차) | 2026-07-23: 합병등종료보고서(자산양수도) | 2026-07-14: 임원ㆍ주요주주특정증권등거래계획보고서 | 2026-07-14: 주식등의대량보유상황보고서(일반),6
케이엔에스,432470,0,OK,,,,2026-08-12: 반기보고서 (2026.06) | 2026-08-07: 주식등의대량보유상황보고서(일반) | 2026-08-07: 임원ㆍ주요주주특정증권등소유상황보고서,3
미원화학,134380,0,OK,,,,2026-07-27: 최대주주등소유주식변동신고서               | 2026-07-24: [기재정정]최대주주등소유주식변동신고서               | 2026-07-13: 임원ㆍ주요주주특정증권등소유상황보고서,3
롯데리츠,330590,0,OK,,,,2026-08-06: 임원ㆍ주요주주특정증권등소유상황보고서 | 2026-08-06: [기재정정]부동산투자회사자금차입               | 2026-08-06: 증권신고서(채무증권) | 2026-08-04: [기재정정]부동산투자회사자금차입               | 2026-08-04: 주식등의대량보유상황보고서(약식),12
삼영,003720,0,OK,,,,2026-08-10: 주요사항보고서(유형자산양수결정) | 2026-08-03: 최대주주등소유주식변동신고서               | 2026-08-03: 주식등의대량보유상황보고서(일반),3
하이젠알앤엠,160190,0,OK,,,,2026-08-07: [기재정정]분기보고서 (2026.03) | 2026-08-04: 소속부변경               | 2026-08-04: [기재정정]감사보고서제출               | 2026-08-04: [기재정정]사업보고서 (2025.12),4
한국맥널티,222980,0,OK,,,,2026-08-03: 임원ㆍ주요주주특정증권등소유상황보고서 | 2026-08-03: 임원ㆍ주요주주특정증권등소유상황보고서 | 2026-07-31: 주요사항보고서(유형자산양수결정) | 2026-07-28: 임원ㆍ주요주주특정증권등소유상황보고서 | 2026-07-24: 임원ㆍ주요주주특정증권등소유상황보고서,8
삼환기업,000360,0,OK,,,,2026-08-12: 지급수단별ㆍ지급기간별지급금액및분쟁조정기구에관한사항 | 2026-08-04: 특수관계인으로부터받은담보 | 2026-08-04: 특수관계인으로부터자금차입,3
이지스레지던스리츠,350520,0,OK,,,,2026-08-06: 매출액또는손익구조30%(대규모법인은15%)이상변경               | 2026-07-20: [기재정정]부동산투자회사자금차입               | 2026-07-20: [기재정정]부동산투자회사자금차입              ,3
솔브레인,357780,0,OK,,,,2026-08-10: 주식등의대량보유상황보고서(일반) | 2026-07-31: 주요사항보고서(자기주식취득신탁계약체결결정) | 2026-07-27: 주식등의대량보유상황보고서(일반),3
유틸렉스,263050,0,OK,,,,2026-08-12: 의결권대리행사권유참고서류 | 2026-08-12: 주주총회소집공고 | 2026-07-16: 주주명부폐쇄기간또는기준일설정               | 2026-07-16: 주주총회소집결의              (임시주주총회),4
서울평가정보,036120,0,OK,,,,2026-08-06: 금전대여결정               | 2026-07-27: 임원ㆍ주요주주특정증권등소유상황보고서 | 2026-07-24: 주주총회소집결의              (임시주주총회) | 2026-07-24: 주주명부폐쇄기간또는기준일설정              ,4
이월드,084680,0,OK,,,,2026-08-12: 주주총회소집공고 | 2026-08-11: 투자유의안내               | 2026-07-31: 주식등의대량보유상황보고서(일반) | 2026-07-16: 주주명부폐쇄기간또는기준일설정               | 2026-07-16: 주주총회소집결의              ,6
전북은행,006350,0,OK,,,,2026-08-06: 증권발행실적보고서 | 2026-08-05: 투자설명서(일괄신고) | 2026-08-05: 일괄신고추가서류 | 2026-07-24: 증권발행실적보고서 | 2026-07-24: 증권발행실적보고서,9
유진테크,084370,0,OK,,,,2026-08-07: 임원ㆍ주요주주특정증권등소유상황보고서 | 2026-08-07: 임원ㆍ주요주주특정증권등소유상황보고서 | 2026-08-04: 임원ㆍ주요주주특정증권등소유상황보고서 | 2026-08-04: 임원ㆍ주요주주특정증권등소유상황보고서 | 2026-07-28: 임원ㆍ주요주주특정증권등소유상황보고서,10
한국알콜,017890,0,OK,,,,2026-08-11: 임원ㆍ주요주주특정증권등소유상황보고서 | 2026-08-03: 임원ㆍ주요주주특정증권등소유상황보고서 | 2026-07-28: 주식등의대량보유상황보고서(약식) | 2026-07-27: 임원ㆍ주요주주특정증권등소유상황보고서 | 2026-07-24: 임원ㆍ주요주주특정증권등소유상황보고서,8
아이즈비전,031310,0,OK,,,,2026-08-07: 임원ㆍ주요주주특정증권등소유상황보고서 | 2026-08-07: 주식등의대량보유상황보고서(일반) | 2026-07-13: 전환사채(해외전환사채포함)발행후만기전사채취득              ,3
씨아이테크,004920,0,OK,,,,2026-08-10: 임시주주총회결과               | 2026-07-24: 의결권대리행사권유참고서류 | 2026-07-24: 주주총회소집공고 | 2026-07-24: [기재정정]주주총회소집결의               | 2026-07-24: 주식병합결정              ,5
롯데지주,004990,0,OK,,,,2026-08-05: 최대주주등소유주식변동신고서               | 2026-08-03: 주식등의대량보유상황보고서(일반) | 2026-07-27: 특수관계인에대한출자 | 2026-07-22: 투자판단관련주요경영사항(자회사의 주요경영사항)              ,4
에이비엘바이오,298380,0,OK,,,,2026-08-11: 반기보고서 (2026.06) | 2026-08-04: 주식등의대량보유상황보고서(일반) | 2026-07-28: [기재정정]투자판단관련주요경영사항(임상시험계획변경승인)              (이중항체 면역항암제 ABL503의 제1상 임상시험계획 (IND) 변경승인) | 2026-07-16: 주식등의대량보유상황보고서(일반),4
엔에이치스팩31호,481890,0,OK,,,,2026-08-06: 반기보고서 (2026.06) | 2026-07-27: 기업인수목적회사의예치ㆍ신탁계약내용변경               | 2026-07-23: 기업인수목적회사의예치ㆍ신탁계약내용변경              ,3
일진디스플,020760,0,OK,,,,2026-08-05: 임원ㆍ주요주주특정증권등소유상황보고서 | 2026-08-04: 주식등의대량보유상황보고서(일반) | 2026-07-14: 전환청구권ㆍ신주인수권ㆍ교환청구권행사              ,3
케이비캐피탈,021960,0,OK,,,,2026-07-24: 증권발행실적보고서 | 2026-07-23: 투자설명서(일괄신고) | 2026-07-23: 일괄신고추가서류,3
동국홀딩스,001230,0,OK,,,,2026-08-06: 현금ㆍ현물배당결정(자회사의 주요경영사항)               | 2026-07-30: 특수관계인과의수익증권거래 | 2026-07-30: 주식등의대량보유상황보고서(일반) | 2026-07-16: 중대재해관련형사처벌사실확인(자회사의 주요경영사항)              ,4
티엑스알로보틱스,484810,0,OK,,,,2026-08-11: 반기보고서 (2026.06) | 2026-07-20: 주식등의대량보유상황보고서(일반) | 2026-07-20: 임원ㆍ주요주주특정증권등소유상황보고서 | 2026-07-20: 임원ㆍ주요주주특정증권등소유상황보고서 | 2026-07-20: 임원ㆍ주요주주특정증권등소유상황보고서,12
삼성FN리츠,448730,0,OK,,,,2026-08-06: 임원ㆍ주요주주특정증권등소유상황보고서 | 2026-08-04: 주식등의대량보유상황보고서(약식) | 2026-07-31: [첨부정정]주요사항보고서(유형자산양수결정) | 2026-07-30: 임원ㆍ주요주주특정증권등소유상황보고서 | 2026-07-29: [기재정정]주요사항보고서(유형자산양수결정),13
STX그린로지스,465770,0,OK,,,,2026-08-07: 타인에대한채무보증결정               | 2026-08-07: 타인에대한담보제공결정               | 2026-07-30: [기재정정]타인에대한담보제공결정               | 2026-07-29: 소송등의제기ㆍ신청(일정금액이상의청구)               | 2026-07-20: 투자유의안내              ,6
이노스페이스,462350,0,OK,,,,2026-07-31: [기재정정]분기보고서 (2026.03) | 2026-07-31: [기재정정]사업보고서 (2025.12) | 2026-07-31: [기재정정]분기보고서 (2025.09) | 2026-07-31: [기재정정]반기보고서 (2025.06) | 2026-07-31: [기재정정]분기보고서 (2025.03),13
하나은행,004940,0,OK,,,,2026-08-10: 증권발행실적보고서 | 2026-08-07: 투자설명서(일괄신고) | 2026-08-07: 일괄신고추가서류 | 2026-07-30: [기재정정]일괄신고서 | 2026-07-30: 일괄신고서,7
뉴파워프라즈마,144960,0,OK,,,,2026-08-10: 주식등의대량보유상황보고서(약식) | 2026-08-06: 임원ㆍ주요주주특정증권등소유상황보고서 | 2026-07-23: 임원ㆍ주요주주특정증권등소유상황보고서,3
HLB제넥스,187420,0,OK,,,,2026-08-06: 주식등의대량보유상황보고서(일반) | 2026-08-06: 임원ㆍ주요주주특정증권등소유상황보고서 | 2026-07-29: 임원ㆍ주요주주특정증권등소유상황보고서 | 2026-07-22: 주식등의대량보유상황보고서(일반) | 2026-07-20: 임원ㆍ주요주주특정증권등소유상황보고서,7
삼진제약,005500,0,OK,,,,2026-08-10: 임원ㆍ주요주주특정증권등소유상황보고서 | 2026-08-10: 임원ㆍ주요주주특정증권등소유상황보고서 | 2026-08-10: 임원ㆍ주요주주특정증권등소유상황보고서 | 2026-08-10: 주식등의대량보유상황보고서(일반) | 2026-08-10: 최대주주등소유주식변동신고서              ,10
에스에스알,275630,0,OK,,,,2026-08-10: 임원ㆍ주요주주특정증권등소유상황보고서 | 2026-08-10: 주식등의대량보유상황보고서(일반) | 2026-08-03: 임원ㆍ주요주주특정증권등소유상황보고서 | 2026-08-03: 주식등의대량보유상황보고서(일반) | 2026-07-27: 임원ㆍ주요주주특정증권등소유상황보고서,10
젠큐릭스,229000,0,OK,,,,2026-07-28: 주주총회소집결의              (임시주주총회) | 2026-07-28: 주주명부폐쇄기간또는기준일설정               | 2026-07-28: 기타경영사항(자율공시)              (소규모합병 승인 이사회 결의(주주총회 갈음) 결과보고) | 2026-07-14: 주식등의대량보유상황보고서(일반),4
케이바이오랩스,038530,0,OK,,,,2026-08-12: 임시주주총회결과               | 2026-08-07: 임원ㆍ주요주주특정증권등소유상황보고서 | 2026-08-07: 주식등의대량보유상황보고서(일반) | 2026-07-28: 주주총회소집공고 | 2026-07-16: [기재정정]주주총회소집결의              (임시주주총회),9
서울보증보험,031210,0,OK,,,,2026-08-11: 현금ㆍ현물배당을위한주주명부폐쇄(기준일)결정               | 2026-08-11: 현금ㆍ현물배당결정               | 2026-08-11: 기업가치제고계획(자율공시)               | 2026-08-04: 기업설명회(IR)개최(안내공시)              ,4
제이앤티씨,204270,0,OK,,,,2026-08-06: 주식등의대량보유상황보고서(일반) | 2026-07-31: [기재정정]신규시설투자등(자율공시)               | 2026-07-31: [기재정정]신규시설투자등(자율공시)              ,3
아스테라시스,450950,0,OK,,,,2026-08-03: 주식등의대량보유상황보고서(일반) | 2026-07-31: 주식등의대량보유상황보고서(일반) | 2026-07-16: 주식등의대량보유상황보고서(일반) | 2026-07-14: 기업설명회(IR)개최              ,4
메이슨캐피탈,021880,0,OK,,,,2026-08-10: 임원ㆍ주요주주특정증권등소유상황보고서 | 2026-08-10: 분기보고서 (2026.06) | 2026-07-31: 임원ㆍ주요주주특정증권등소유상황보고서 | 2026-07-21: 임원ㆍ주요주주특정증권등소유상황보고서,4
져스텍,153890,0,OK,,,,2026-08-04: 임원ㆍ주요주주특정증권등소유상황보고서 | 2026-08-04: 임원ㆍ주요주주특정증권등소유상황보고서 | 2026-08-04: 임원ㆍ주요주주특정증권등소유상황보고서 | 2026-08-04: 임원ㆍ주요주주특정증권등소유상황보고서 | 2026-08-04: 임원ㆍ주요주주특정증권등소유상황보고서,8
케이카,381970,0,OK,,,,2026-08-07: 주식등의대량보유상황보고서(일반) | 2026-08-07: 주식등의대량보유상황보고서(일반) | 2026-07-30: 의결권대리행사권유참고서류 | 2026-07-30: 주주총회소집공고 | 2026-07-30: 주주총회소집결의              ,5
코난테크놀로지,402030,0,OK,,,,2026-08-12: 주주명부폐쇄기간또는기준일설정               | 2026-08-12: 주주총회소집결의              (임시주주총회) | 2026-07-30: 임원ㆍ주요주주특정증권등소유상황보고서 | 2026-07-30: 임원ㆍ주요주주특정증권등소유상황보고서,4
케이탑리츠,145270,0,OK,,,,2026-08-12: 반기보고서 (2026.06) | 2026-08-07: 최대주주등소유주식변동신고서               | 2026-08-04: 부동산투자회사자금차입               | 2026-08-04: 부동산투자회사자금차입               | 2026-07-31: 최대주주등소유주식변동신고서              ,9
영원무역,111770,0,OK,,,,2026-08-11: [기재정정]수시공시의무관련사항(공정공시)               | 2026-08-11: 기업가치제고계획(자율공시)              (2025년 이행현황) | 2026-08-11: 현금ㆍ현물배당을위한주주명부폐쇄(기준일)결정               | 2026-08-11: 현금ㆍ현물배당결정               | 2026-07-31: 기업가치제고계획예고(안내공시)              ,5
듀오백,073190,0,OK,,,,2026-08-11: 반기보고서 (2026.06) | 2026-08-06: 임원ㆍ주요주주특정증권등소유상황보고서 | 2026-08-04: 임원ㆍ주요주주특정증권등소유상황보고서 | 2026-07-14: 주식등의대량보유상황보고서(약식),4
디앤디플랫폼리츠,377190,0,OK,,,,2026-08-06: 임원ㆍ주요주주특정증권등소유상황보고서 | 2026-08-05: 기업설명회(IR)개최(안내공시)               | 2026-07-30: 임원ㆍ주요주주특정증권등소유상황보고서 | 2026-07-27: 주주총회소집결의               | 2026-07-27: 주주명부폐쇄기간또는기준일설정              ,8
대원화성,024890,0,OK,,,,2026-08-05: 투자유의안내               | 2026-07-16: 임시주주총회결과               | 2026-07-16: 독립이사의선임ㆍ해임또는중도퇴임에관한신고,3
대원전선,006340,0,OK,,,,2026-08-12: 반기보고서 (2026.06) | 2026-07-31: 주식등의대량보유상황보고서(일반) | 2026-07-31: 임원ㆍ주요주주특정증권등소유상황보고서 | 2026-07-31: 임원ㆍ주요주주특정증권등소유상황보고서 | 2026-07-31: 임원ㆍ주요주주특정증권등소유상황보고서,8
디에스엠,104040,0,OK,,,,2026-08-12: 주식등의대량보유상황보고서(약식) | 2026-08-11: [기재정정]주식등의대량보유상황보고서(약식) | 2026-08-11: 주식등의대량보유상황보고서(약식) | 2026-08-07: 전환사채(해외전환사채포함)발행후만기전사채취득              ,4
조일알미늄,018470,0,OK,,,,2026-08-07: 임시주주총회결과               | 2026-07-27: 기업가치제고계획(자율공시)               | 2026-07-27: 주요사항보고서(자기주식취득신탁계약체결결정) | 2026-07-23: 주주총회소집공고 | 2026-07-21: 최대주주등소유주식변동신고서              ,12
엑스페릭스,317770,0,OK,,,,2026-08-07: 주식등의대량보유상황보고서(일반) | 2026-08-03: 임원ㆍ주요주주특정증권등소유상황보고서 | 2026-08-03: 임원ㆍ주요주주특정증권등소유상황보고서 | 2026-08-03: 임원ㆍ주요주주특정증권등소유상황보고서 | 2026-07-30: [기재정정]타법인주식및출자증권처분결정              ,10
뷰티스킨,406820,0,OK,,,,2026-08-04: 주식등의대량보유상황보고서(약식) | 2026-07-30: 주식등의대량보유상황보고서(약식) | 2026-07-27: 전환가액의조정              (제7회차),3
이루온,065440,0,OK,,,,2026-08-06: 임원ㆍ주요주주특정증권등소유상황보고서 | 2026-08-06: 주식등의대량보유상황보고서(일반) | 2026-07-22: 임원ㆍ주요주주특정증권등소유상황보고서 | 2026-07-22: 주식등의대량보유상황보고서(일반),4
에스에이티,060540,0,OK,,,,2026-07-30: 주식등의대량보유상황보고서(일반) | 2026-07-30: 임원ㆍ주요주주특정증권등거래계획보고서 | 2026-07-30: 임원ㆍ주요주주특정증권등소유상황보고서 | 2026-07-14: 임원ㆍ주요주주특정증권등소유상황보고서,4
케이피엠테크,042040,0,OK,,,,2026-07-16: 임원ㆍ주요주주특정증권등소유상황보고서 | 2026-07-16: 주식등의대량보유상황보고서(일반) | 2026-07-16: 전환가액의조정               | 2026-07-13: 증권발행결과(자율공시)              ,4
사조동아원,008040,0,OK,,,,2026-08-05: 투자유의안내               | 2026-07-29: 임시주주총회결과               | 2026-07-14: [기재정정]벌금등의부과              ,3
아시아경제,127710,0,OK,,,,2026-08-10: 주식등의대량보유상황보고서(약식) | 2026-08-06: 주식등의대량보유상황보고서(약식) | 2026-08-05: 임원ㆍ주요주주특정증권등소유상황보고서,3
토탈소프트,045340,0,OK,,,,2026-08-07: 주요사항보고서(자기주식취득신탁계약체결결정) | 2026-08-03: 신탁계약해지결과보고서 | 2026-08-03: 주요사항보고서(자기주식취득신탁계약해지결정),3
온코크로스,382150,0,OK,,,,2026-07-30: [기재정정]주식매수선택권부여에관한신고 | 2026-07-30: [기재정정]주식매수선택권부여에관한신고 | 2026-07-30: 투자판단관련주요경영사항              (디지털 바이오뱅킹 구축을 위한 단백체 분석 용역 위탁계약 체결) | 2026-07-20: [기재정정]분기보고서 (2026.03) | 2026-07-16: [기재정정]사업보고서 (2025.12),5
오브젠,417860,0,OK,,,,2026-07-31: 임원ㆍ주요주주특정증권등거래계획보고서 | 2026-07-31: 임원ㆍ주요주주특정증권등거래계획보고서 | 2026-07-13: 신주인수권행사가액의조정              (제2회차),3
꿈비,407400,0,OK,,,,2026-08-05: 합병등종료보고서(합병) | 2026-08-04: 주식등의대량보유상황보고서(일반) | 2026-08-04: 임원ㆍ주요주주특정증권등소유상황보고서 | 2026-08-04: 임원ㆍ주요주주특정증권등소유상황보고서 | 2026-07-30: 소송등의제기ㆍ신청(경영권분쟁소송)              (의결권행사금지 가처분),8
HMM,011200,0,OK,,,,2026-08-11: 지급수단별ㆍ지급기간별지급금액및분쟁조정기구에관한사항 | 2026-08-07: 풍문또는보도에대한해명(미확정)               | 2026-07-24: 장래사업ㆍ경영계획(공정공시)              ,3
KT밀리의서재,418470,0,OK,,,,2026-08-12: 반기보고서 (2026.06) | 2026-08-10: 주식등의대량보유상황보고서(일반) | 2026-08-10: 임원ㆍ주요주주특정증권등소유상황보고서 | 2026-08-04: 기업설명회(IR)개최              ,4
삼양식품,003230,0,OK,,,,2026-08-12: 현금ㆍ현물배당을위한주주명부폐쇄(기준일)결정               | 2026-08-12: 현금ㆍ현물배당결정               | 2026-08-03: 임원ㆍ주요주주특정증권등소유상황보고서,3
이원컴포텍,088290,0,OK,,,,2026-08-12: 불성실공시법인지정              (공시불이행) | 2026-07-24: 불성실공시법인지정예고              (공시불이행) | 2026-07-14: 주식등의대량보유상황보고서(일반),3
스튜디오삼익,415380,0,OK,,,,2026-07-30: 임원ㆍ주요주주특정증권등소유상황보고서 | 2026-07-28: [기재정정]현금ㆍ현물배당결정              (분기배당) | 2026-07-28: 현금ㆍ현물배당결정              (분기배당) | 2026-07-28: 중간(분기)배당을위한주주명부폐쇄(기준일)결정              ,4
뉴로메카,348340,0,OK,,,,2026-08-10: 임원ㆍ주요주주특정증권등소유상황보고서 | 2026-08-10: 임원ㆍ주요주주특정증권등소유상황보고서 | 2026-08-10: 임원ㆍ주요주주특정증권등소유상황보고서 | 2026-08-10: 임원ㆍ주요주주특정증권등소유상황보고서 | 2026-08-10: 주식등의대량보유상황보고서(약식),24
동양,001520,0,OK,,,,2026-08-05: 임원ㆍ주요주주특정증권등소유상황보고서 | 2026-08-05: 임원ㆍ주요주주특정증권등소유상황보고서 | 2026-08-04: 임원ㆍ주요주주특정증권등소유상황보고서 | 2026-08-04: 임원ㆍ주요주주특정증권등소유상황보고서 | 2026-08-04: 임원ㆍ주요주주특정증권등소유상황보고서,27
동일제강,002690,0,OK,,,,2026-07-23: 최대주주등소유주식변동신고서               | 2026-07-22: 주식등의대량보유상황보고서(일반) | 2026-07-22: 임원ㆍ주요주주특정증권등소유상황보고서 | 2026-07-22: 공개매수결과보고서,4
한솔홈데코,025750,0,OK,,,,2026-07-28: 독립이사의선임ㆍ해임또는중도퇴임에관한신고 | 2026-07-28: 임시주주총회결과               | 2026-07-13: 의결권대리행사권유참고서류 | 2026-07-13: 주주총회소집공고,4
한진,002320,0,OK,,,,2026-07-27: 최대주주등소유주식변동신고서               | 2026-07-24: 전환가액ㆍ신주인수권행사가액ㆍ교환가액의조정(안내공시)               | 2026-07-23: 증권발행실적보고서 | 2026-07-23: 투자설명서 | 2026-07-22: [발행조건확정]증권신고서(채무증권),8
전진건설로봇,079900,0,OK,,,,2026-07-31: 독립이사의선임ㆍ해임또는중도퇴임에관한신고 | 2026-07-31: 임시주주총회결과               | 2026-07-21: 현금ㆍ현물배당을위한주주명부폐쇄(기준일)결정               | 2026-07-21: 현금ㆍ현물배당결정              ,4
케이티,030200,1,OK,,연결재무제표기준영업(잠정)실적(공정공시)              (+3) | 영업(잠정)실적(공정공시)              (+3) | 주요사항보고서(자기주식취득결정)(+5),주요사항보고서(자기주식처분결정)(-10),2026-08-12: 기업가치제고계획(자율공시)               | 2026-08-12: 연결재무제표기준영업(잠정)실적(공정공시)               | 2026-08-12: 영업(잠정)실적(공정공시)               | 2026-07-30: 주식등의대량보유상황보고서(약식) | 2026-07-24: 임원ㆍ주요주주특정증권등소유상황보고서,31
가비아,079940,1,OK,,연결재무제표기준영업(잠정)실적(공정공시)              (+3) | 영업(잠정)실적(공정공시)              (+3),최대주주변경을수반하는주식양수도계약체결              (-5),2026-08-12: 연결재무제표기준영업(잠정)실적(공정공시)               | 2026-08-12: 영업(잠정)실적(공정공시)               | 2026-07-24: [기재정정]공개매수설명서 | 2026-07-24: [기재정정]공개매수신고서 | 2026-07-24: [기재정정]주식등의대량보유상황보고서(일반),10
SGC E&C,016250,3,OK,,연결재무제표기준영업(잠정)실적(공정공시)              (+3),,2026-07-31: [기재정정]주요사항보고서(영업정지) | 2026-07-23: 연결재무제표기준영업(잠정)실적(공정공시)              ,2
JW생명과학,234080,3,OK,,영업(잠정)실적(공정공시)              (+3),,2026-08-12: 영업(잠정)실적(공정공시)              ,1
CJ씨푸드,011150,3,OK,,영업(잠정)실적(공정공시)              (+3),,2026-08-12: 지급수단별ㆍ지급기간별지급금액및분쟁조정기구에관한사항 | 2026-08-11: 영업(잠정)실적(공정공시)               | 2026-08-06: 주주총회소집공고 | 2026-07-14: 주주명부폐쇄기간또는기준일설정               | 2026-07-14: 주주총회소집결의              ,5
에어부산,298690,3,OK,,영업(잠정)실적(공정공시)              (+3),,2026-07-28: 주식등의대량보유상황보고서(약식) | 2026-07-27: 단기차입금증가결정               | 2026-07-27: 영업(잠정)실적(공정공시)              ,3
케이피에프,024880,3,OK,,연결재무제표기준영업(잠정)실적(공정공시)              (+3),,2026-08-06: 연결재무제표기준영업(잠정)실적(공정공시)               | 2026-07-28: 결산실적공시예고              ,2
한국전력공사,015760,3,OK,,연결재무제표기준영업(잠정)실적(공정공시)              (+3),,2026-08-12: 연결재무제표기준영업(잠정)실적(공정공시)               | 2026-08-07: 기업설명회(IR)개최(안내공시)               | 2026-08-07: 결산실적공시예고(안내공시)              ,3
케이씨씨,002380,3,OK,,연결재무제표기준영업(잠정)실적(공정공시)              (+3),,2026-08-05: 연결재무제표기준영업(잠정)실적(공정공시)               | 2026-07-31: 주식등의대량보유상황보고서(약식) | 2026-07-30: 증권발행실적보고서 | 2026-07-30: 투자설명서 | 2026-07-29: [발행조건확정]증권신고서(채무증권),12
지씨셀,144510,3,OK,,연결재무제표기준영업(잠정)실적(공정공시)              (+3),,2026-07-30: 연결재무제표기준영업(잠정)실적(공정공시)               | 2026-07-27: 임원ㆍ주요주주특정증권등소유상황보고서 | 2026-07-24: 임원ㆍ주요주주특정증권등소유상황보고서 | 2026-07-24: 임원ㆍ주요주주특정증권등소유상황보고서 | 2026-07-24: 임원ㆍ주요주주특정증권등소유상황보고서,10
롯데웰푸드,280360,3,OK,,연결재무제표기준영업(잠정)실적(공정공시)              (+3),,2026-08-07: 기업설명회(IR)개최(안내공시)               | 2026-08-07: 연결재무제표기준영업(잠정)실적(공정공시)               | 2026-07-31: 기업설명회(IR)개최(안내공시)              ,3
골드앤에스,035290,3,OK,,영업(잠정)실적(공정공시)              (+3),,2026-08-05: 영업(잠정)실적(공정공시)              ,1
SGC에너지,005090,3,OK,,연결재무제표기준영업(잠정)실적(공정공시)              (+3),,2026-07-31: [기재정정]영업정지(종속회사의주요경영사항)               | 2026-07-24: 기업설명회(IR)개최(안내공시)               | 2026-07-24: 기업설명회(IR)개최(안내공시)               | 2026-07-23: 연결재무제표기준영업(잠정)실적(공정공시)               | 2026-07-16: 기업설명회(IR)개최(안내공시)              ,5
씨에스윈드,112610,3,OK,,연결재무제표기준영업(잠정)실적(공정공시)              (+3),,2026-08-10: 타인에대한채무보증결정               | 2026-08-10: [기재정정]타인에대한채무보증결정               | 2026-08-10: 타인에대한채무보증결정               | 2026-08-10: [기재정정]타인에대한채무보증결정               | 2026-08-10: 타인에대한채무보증결정              ,13
메디톡스,086900,3,OK,,연결재무제표기준영업(잠정)실적(공정공시)              (+3),,2026-08-10: 연결재무제표기준영업(잠정)실적(공정공시)               | 2026-08-03: 임원ㆍ주요주주특정증권등소유상황보고서 | 2026-07-30: 임원ㆍ주요주주특정증권등소유상황보고서,3
삼성바이오로직스,207940,3,OK,,연결재무제표기준영업(잠정)실적(공정공시)              (+3),,2026-08-06: 임원ㆍ주요주주특정증권등소유상황보고서 | 2026-08-03: 최대주주등소유주식변동신고서               | 2026-07-31: 주식등의대량보유상황보고서(약식) | 2026-07-23: 연결재무제표기준영업(잠정)실적(공정공시)               | 2026-07-20: [첨부추가]주요사항보고서(타법인주식및출자증권양수결정),5
바텍,043150,3,OK,,연결재무제표기준영업(잠정)실적(공정공시)              (+3),,2026-08-11: 연결재무제표기준영업(잠정)실적(공정공시)               | 2026-08-06: 결산실적공시예고              ,2
SM C&C,048550,3,OK,,연결재무제표기준영업(잠정)실적(공정공시)              (+3),,2026-08-04: 연결재무제표기준영업(잠정)실적(공정공시)              ,1
한화에어로스페이스,012450,3,OK,,연결재무제표기준영업(잠정)실적(공정공시)              (+3),,2026-08-11: 동일인등출자계열회사와의상품ㆍ용역거래변경 | 2026-08-11: 풍문또는보도에대한해명(미확정)               | 2026-08-07: 주주명부폐쇄기간또는기준일설정               | 2026-08-07: 주주총회소집결의               | 2026-08-03: 단일판매ㆍ공급계약해지              ,13
이노션,214320,3,OK,,연결재무제표기준영업(잠정)실적(공정공시)              (+3),,2026-08-05: 연결재무제표기준영업(잠정)실적(공정공시)               | 2026-07-30: 결산실적공시예고(안내공시)               | 2026-07-14: 지속가능경영보고서등관련사항(자율공시)              ,3
동일스틸럭스,023790,3,OK,,영업(잠정)실적(공정공시)              (+3),,2026-07-31: 타법인주식및출자증권처분결정               | 2026-07-21: 영업(잠정)실적(공정공시)               | 2026-07-20: 조회공시요구(현저한시황변동)에대한답변(미확정)               | 2026-07-16: 조회공시요구(현저한시황변동)              ,4
롯데칠성음료,005300,3,OK,,연결재무제표기준영업(잠정)실적(공정공시)              (+3),,2026-08-12: 지급수단별ㆍ지급기간별지급금액및분쟁조정기구에관한사항 | 2026-08-05: 연결재무제표기준영업(잠정)실적(공정공시)               | 2026-08-04: 기업설명회(IR)개최(안내공시)               | 2026-07-31: 최대주주등소유주식변동신고서               | 2026-07-20: 기업설명회(IR)개최(안내공시)              ,6
CJ CGV,079160,3,OK,,연결재무제표기준영업(잠정)실적(공정공시)              (+3),,2026-08-07: 연결재무제표기준영업(잠정)실적(공정공시)               | 2026-08-06: 주식등의대량보유상황보고서(약식) | 2026-07-31: 기업설명회(IR)개최(안내공시)               | 2026-07-31: 결산실적공시예고(안내공시)               | 2026-07-22: 조회공시요구(풍문또는보도)에대한답변(미확정)              ,5
한미반도체,042700,3,OK,,연결재무제표기준영업(잠정)실적(공정공시)              (+3),,2026-08-10: 기타경영사항(자율공시)               | 2026-07-30: 임원ㆍ주요주주특정증권등소유상황보고서 | 2026-07-20: 기업가치제고계획(자율공시)               | 2026-07-15: 기업설명회(IR)개최(안내공시)               | 2026-07-14: 연결재무제표기준영업(잠정)실적(공정공시)              ,5
국도화학,007690,3,OK,,연결재무제표기준영업(잠정)실적(공정공시)              (+3),,2026-07-27: 기업설명회(IR)개최(안내공시)               | 2026-07-23: 연결재무제표기준영업(잠정)실적(공정공시)              ,2
심텍,222800,3,OK,,연결재무제표기준영업(잠정)실적(공정공시)              (+3),,2026-08-11: 전환청구권행사               | 2026-08-05: 기업설명회(IR)개최               | 2026-08-05: 연결재무제표기준영업실적등에대한전망(공정공시)               | 2026-08-05: 연결재무제표기준영업(잠정)실적(공정공시)              ,4
CJ대한통운,000120,3,OK,,연결재무제표기준영업(잠정)실적(공정공시)              (+3),,2026-08-11: 연결재무제표기준영업(잠정)실적(공정공시)               | 2026-07-29: 결산실적공시예고(안내공시)               | 2026-07-29: 기업설명회(IR)개최(안내공시)              ,3
HDC현대EP,089470,3,OK,,연결재무제표기준영업(잠정)실적(공정공시)              (+3),,2026-08-06: 특수관계인에대한자금대여 | 2026-07-28: 연결재무제표기준영업(잠정)실적(공정공시)               | 2026-07-23: 결산실적공시예고(안내공시)              ,3
RF머트리얼즈,327260,3,OK,,연결재무제표기준영업(잠정)실적(공정공시)              (+3),,2026-08-06: 주식등의대량보유상황보고서(약식) | 2026-07-29: 주식등의대량보유상황보고서(일반) | 2026-07-29: 주식등의대량보유상황보고서(일반) | 2026-07-29: 임원ㆍ주요주주특정증권등소유상황보고서 | 2026-07-29: 임원ㆍ주요주주특정증권등소유상황보고서,12
HL만도,204320,3,OK,,연결재무제표기준영업(잠정)실적(공정공시)              (+3),,2026-07-30: 연결재무제표기준영업(잠정)실적(공정공시)               | 2026-07-28: [기재정정]기업설명회(IR)개최(안내공시)               | 2026-07-28: 기업설명회(IR)개최(안내공시)               | 2026-07-28: 기업설명회(IR)개최(안내공시)               | 2026-07-22: 중대재해발생              ,5
코텍,052330,3,OK,,연결재무제표기준영업(잠정)실적(공정공시)              (+3),,2026-08-07: 연결재무제표기준영업(잠정)실적(공정공시)              ,1
디어유,376300,3,OK,,연결재무제표기준영업(잠정)실적(공정공시)              (+3),,2026-08-04: 연결재무제표기준영업(잠정)실적(공정공시)               | 2026-08-04: 기업설명회(IR)개최               | 2026-08-03: 주식등의대량보유상황보고서(일반) | 2026-08-03: 임원ㆍ주요주주특정증권등소유상황보고서 | 2026-08-03: 주식등의대량보유상황보고서(일반),5
고영,098460,3,OK,,연결재무제표기준영업(잠정)실적(공정공시)              (+3),,2026-08-06: 신규시설투자등(자율공시)               | 2026-08-04: 주식등의대량보유상황보고서(일반) | 2026-07-28: 연결재무제표기준영업(잠정)실적(공정공시)               | 2026-07-23: 주식등의대량보유상황보고서(일반) | 2026-07-21: 기업설명회(IR)개최              ,6
경보제약,214390,3,OK,,영업(잠정)실적(공정공시)              (+3),,2026-07-31: 영업(잠정)실적(공정공시)              ,1
케이씨,029460,3,OK,,연결재무제표기준영업(잠정)실적(공정공시)              (+3),,2026-08-06: 연결재무제표기준영업(잠정)실적(공정공시)               | 2026-07-31: 주식등의대량보유상황보고서(일반) | 2026-07-24: 임원ㆍ주요주주특정증권등거래계획보고서 | 2026-07-24: 임원ㆍ주요주주특정증권등거래계획보고서 | 2026-07-14: 최대주주등소유주식변동신고서              ,6
CJ ENM,035760,3,OK,,연결재무제표기준영업(잠정)실적(공정공시)              (+3),,2026-08-06: 특수관계인에대한자금대여 | 2026-08-06: 기업설명회(IR)개최               | 2026-08-06: 투자판단관련주요경영사항               | 2026-08-06: 연결재무제표기준영업(잠정)실적(공정공시)              ,4
일동홀딩스,000230,3,OK,,연결재무제표기준영업(잠정)실적(공정공시)              (+3),,2026-07-30: 연결재무제표기준영업(잠정)실적(공정공시)               | 2026-07-28: 결산실적공시예고(안내공시)               | 2026-07-16: 주식등의대량보유상황보고서(일반),3
블루엠텍,439580,3,OK,,연결재무제표기준영업(잠정)실적(공정공시)              (+3),,2026-08-05: 주식등의대량보유상황보고서(약식) | 2026-07-27: 연결재무제표기준영업(잠정)실적(공정공시)               | 2026-07-15: 신주인수권부사채(해외신주인수권부사채포함)발행후만기전사채취득              (제3회차) | 2026-07-14: 주식등의대량보유상황보고서(약식) | 2026-07-13: 주식등의대량보유상황보고서(약식),5
기업은행,024110,3,OK,,연결재무제표기준영업(잠정)실적(공정공시)              (+3),,2026-07-27: 연결재무제표기준영업(잠정)실적(공정공시)               | 2026-07-21: 임원ㆍ주요주주특정증권등소유상황보고서 | 2026-07-20: 결산실적공시예고(안내공시)               | 2026-07-13: 현금ㆍ현물배당결정              ,4
엘디티,096870,3,OK,,영업(잠정)실적(공정공시)              (+3),,2026-08-12: 소송등의제기ㆍ신청(경영권분쟁소송)              (주주명부열람등사가처분) | 2026-07-29: 영업(잠정)실적(공정공시)               | 2026-07-29: 임원ㆍ주요주주특정증권등소유상황보고서 | 2026-07-23: 임원ㆍ주요주주특정증권등소유상황보고서 | 2026-07-21: [기재정정]주주총회소집결의              (임시주주총회),13
대한유화,006650,3,OK,,연결재무제표기준영업(잠정)실적(공정공시)              (+3),,2026-08-10: 임원ㆍ주요주주특정증권등소유상황보고서 | 2026-07-30: 연결재무제표기준영업(잠정)실적(공정공시)              ,2
칩스앤미디어,094360,3,OK,,연결재무제표기준영업(잠정)실적(공정공시)              (+3),,2026-07-28: 연결재무제표기준영업(잠정)실적(공정공시)               | 2026-07-23: 기업설명회(IR)개최              ,2
인터로조,119610,3,OK,,연결재무제표기준영업(잠정)실적(공정공시)              (+3),,2026-08-07: 연결재무제표기준영업(잠정)실적(공정공시)               | 2026-07-29: 기업설명회(IR)개최               | 2026-07-29: 결산실적공시예고               | 2026-07-28: 임원ㆍ주요주주특정증권등소유상황보고서 | 2026-07-20: 임원ㆍ주요주주특정증권등소유상황보고서,5
넥써쓰,205500,3,OK,,연결재무제표기준영업(잠정)실적(공정공시)              (+3),,2026-08-04: 주식매수선택권부여에관한신고 | 2026-08-04: [기재정정]주식매수선택권부여에관한신고 | 2026-08-04: [기재정정]주식매수선택권부여에관한신고 | 2026-08-04: [기재정정]주식매수선택권부여에관한신고 | 2026-08-04: [기재정정]주식매수선택권부여에관한신고,14
케이씨씨글라스,344820,3,OK,,연결재무제표기준영업(잠정)실적(공정공시)              (+3),,2026-08-05: 연결재무제표기준영업(잠정)실적(공정공시)               | 2026-07-24: 풍문또는보도에대한해명(미확정)              ,2
GS,078930,3,OK,,연결재무제표기준영업(잠정)실적(공정공시)              (+3),,2026-08-12: 최대주주등소유주식변동신고서               | 2026-08-12: 임원ㆍ주요주주특정증권등소유상황보고서 | 2026-08-11: 연결재무제표기준영업(잠정)실적(공정공시)               | 2026-08-07: 기업가치제고계획(자율공시)              (2025년 이행현황) | 2026-08-04: 최대주주등소유주식변동신고서              ,12
현대바이오랜드,052260,3,OK,,연결재무제표기준영업(잠정)실적(공정공시)              (+3),,2026-08-03: 연결재무제표기준영업(잠정)실적(공정공시)               | 2026-07-28: 결산실적공시예고              ,2
제주항공,089590,3,OK,,영업(잠정)실적(공정공시)              (+3),,2026-08-07: 지속가능경영보고서등관련사항(자율공시)               | 2026-08-04: 영업(잠정)실적(공정공시)               | 2026-08-03: 주식등의대량보유상황보고서(일반) | 2026-07-30: 결산실적공시예고(안내공시)               | 2026-07-27: 주식등의대량보유상황보고서(일반),5
한올바이오파마,009420,3,OK,,연결재무제표기준영업(잠정)실적(공정공시)              (+3),,2026-07-31: 기업설명회(IR)개최(안내공시)               | 2026-07-29: 연결재무제표기준영업(잠정)실적(공정공시)               | 2026-07-22: [기재정정]투자판단관련주요경영사항               | 2026-07-22: 투자판단관련주요경영사항              ,4
하이브,352820,3,OK,,연결재무제표기준영업(잠정)실적(공정공시)              (+3),,2026-08-12: 지급수단별ㆍ지급기간별지급금액및분쟁조정기구에관한사항 | 2026-07-28: 연결재무제표기준영업(잠정)실적(공정공시)               | 2026-07-13: 기업설명회(IR)개최(안내공시)              ,3
주성엔지니어링,036930,3,OK,,연결재무제표기준영업(잠정)실적(공정공시)              (+3),,2026-08-03: 주식등의대량보유상황보고서(약식) | 2026-07-29: 연결재무제표기준영업(잠정)실적(공정공시)              ,2
GS글로벌,001250,3,OK,,연결재무제표기준영업(잠정)실적(공정공시)              (+3),,2026-08-12: 타인에대한채무보증결정               | 2026-08-12: 타인에대한채무보증결정               | 2026-08-12: 연결재무제표기준영업(잠정)실적(공정공시)               | 2026-08-03: 동일인등출자계열회사와의상품ㆍ용역거래변경 | 2026-08-03: 동일인등출자계열회사와의상품ㆍ용역거래변경,8
애경산업,018250,3,OK,,연결재무제표기준영업(잠정)실적(공정공시)              (+3),,2026-08-12: 연결재무제표기준영업(잠정)실적(공정공시)               | 2026-08-05: 결산실적공시예고(안내공시)              ,2
SKC,011790,3,OK,,연결재무제표기준영업(잠정)실적(공정공시)              (+3),,2026-08-11: 풍문또는보도에대한해명(미확정)               | 2026-07-27: 연결재무제표기준영업(잠정)실적(공정공시)               | 2026-07-20: 기업설명회(IR)개최(안내공시)               | 2026-07-20: 기업설명회(IR)개최(안내공시)               | 2026-07-20: 결산실적공시예고(안내공시)              ,5
캠시스,050110,3,OK,,연결재무제표기준영업(잠정)실적(공정공시)              (+3),,2026-07-27: 임원ㆍ주요주주특정증권등소유상황보고서 | 2026-07-20: 의결권대리행사권유참고서류 | 2026-07-20: 주주총회소집공고 | 2026-07-14: 연결재무제표기준영업(잠정)실적(공정공시)              ,4
메가스터디교육,215200,3,OK,,연결재무제표기준영업(잠정)실적(공정공시)              (+3),,2026-08-10: 임원ㆍ주요주주특정증권등소유상황보고서 | 2026-08-07: 연결재무제표기준영업(잠정)실적(공정공시)              ,2
포스코인터내셔널,047050,3,OK,,연결재무제표기준영업(잠정)실적(공정공시)              (+3),,2026-08-07: 임원ㆍ주요주주특정증권등거래계획보고서 | 2026-08-07: 지급수단별ㆍ지급기간별지급금액및분쟁조정기구에관한사항 | 2026-07-31: 현금ㆍ현물배당을위한주주명부폐쇄(기준일)결정               | 2026-07-31: 현금ㆍ현물배당결정               | 2026-07-30: 연결재무제표기준영업(잠정)실적(공정공시)              ,8
엑셀세라퓨틱스,373110,3,OK,,연결재무제표기준영업(잠정)실적(공정공시)              (+3),,2026-08-06: 연결재무제표기준영업(잠정)실적(공정공시)              ,1
F&F,383220,3,OK,,연결재무제표기준영업(잠정)실적(공정공시)              (+3),,2026-07-31: 연결재무제표기준영업(잠정)실적(공정공시)               | 2026-07-23: 결산실적공시예고(안내공시)               | 2026-07-15: 풍문또는보도에대한해명(미확정)              ,3
동국씨엠,460850,3,OK,,영업(잠정)실적(공정공시)              (+3),,2026-07-24: 영업(잠정)실적(공정공시)               | 2026-07-23: [기재정정]특수관계인과의수익증권거래 | 2026-07-22: 특수관계인과의수익증권거래,3
진에어,272450,3,OK,,영업(잠정)실적(공정공시)              (+3),,2026-08-07: 특수관계인과의리스거래 | 2026-08-07: 신규시설투자등               | 2026-08-07: 기업설명회(IR)개최(안내공시)               | 2026-08-07: 기업설명회(IR)개최(안내공시)               | 2026-08-07: 영업(잠정)실적(공정공시)              ,5
코오롱인더,120110,3,OK,,연결재무제표기준영업(잠정)실적(공정공시)              (+3),,2026-08-07: 지급수단별ㆍ지급기간별지급금액및분쟁조정기구에관한사항 | 2026-08-07: 연결재무제표기준영업(잠정)실적(공정공시)               | 2026-08-06: 현금ㆍ현물배당결정               | 2026-08-06: 현금ㆍ현물배당을위한주주명부폐쇄(기준일)결정               | 2026-08-06: [기재정정]기업가치제고계획(자율공시)              ,12
멀티캠퍼스,067280,3,OK,,연결재무제표기준영업(잠정)실적(공정공시)              (+3),,2026-07-23: 연결재무제표기준영업(잠정)실적(공정공시)              ,1
지니언스,263860,3,OK,,연결재무제표기준영업(잠정)실적(공정공시)              (+3),,2026-08-04: 연결재무제표기준영업(잠정)실적(공정공시)              ,1
휴온스글로벌,084110,3,OK,,[기재정정]주요사항보고서(회사합병결정)(자회사의 주요경영사항)              (+3),,2026-08-11: 현금ㆍ현물배당결정(자회사의 주요경영사항)              (분기배당) | 2026-08-11: 현금ㆍ현물배당결정              (분기배당) | 2026-08-11: 중간(분기)배당을위한주주명부폐쇄(기준일)결정(자회사의 주요경영사항)               | 2026-08-11: 중간(분기)배당을위한주주명부폐쇄(기준일)결정               | 2026-08-04: [기재정정]주요사항보고서(회사합병결정)(자회사의 주요경영사항)              ,5
펄어비스,263750,3,OK,,연결재무제표기준영업(잠정)실적(공정공시)              (+3),,2026-08-11: 연결재무제표기준영업실적등에대한전망(공정공시)               | 2026-08-11: 연결재무제표기준영업(잠정)실적(공정공시)               | 2026-07-16: 결산실적공시예고              ,3
에코프로,086520,3,OK,,연결재무제표기준영업(잠정)실적(공정공시)              (+3),,2026-08-07: 주식등의대량보유상황보고서(일반) | 2026-08-04: 연결재무제표기준영업(잠정)실적(공정공시)               | 2026-07-31: 주식등의대량보유상황보고서(일반) | 2026-07-21: 주식등의대량보유상황보고서(약식) | 2026-07-13: 주식등의대량보유상황보고서(일반),7
에스티팜,237690,3,OK,,연결재무제표기준영업(잠정)실적(공정공시)              (+3),,2026-08-11: 전환사채(해외전환사채포함)발행후만기전사채취득               | 2026-07-31: 임원ㆍ주요주주특정증권등소유상황보고서 | 2026-07-27: 기업설명회(IR)개최               | 2026-07-27: 연결재무제표기준영업(잠정)실적(공정공시)               | 2026-07-23: 기업설명회(IR)개최              ,7
화인베스틸,133820,3,OK,,영업(잠정)실적(공정공시)              (+3),,2026-07-21: 영업(잠정)실적(공정공시)              ,1
두산로보틱스,454910,3,OK,,연결재무제표기준영업(잠정)실적(공정공시)              (+3),,2026-07-15: [첨부추가]기업설명회(IR)개최(안내공시)               | 2026-07-24: 연결재무제표기준영업(잠정)실적(공정공시)               | 2026-07-15: 결산실적공시예고(안내공시)              ,3
덴티움,145720,3,OK,,연결재무제표기준영업(잠정)실적(공정공시)              (+3),,2026-08-12: 소송등의판결ㆍ결정               | 2026-08-11: 연결재무제표기준영업(잠정)실적(공정공시)              ,2
네오위즈,095660,3,OK,,연결재무제표기준영업(잠정)실적(공정공시)              (+3),,2026-08-12: 주요사항보고서(자기주식취득신탁계약체결결정) | 2026-08-12: 대표이사변경               | 2026-08-12: 연결재무제표기준영업(잠정)실적(공정공시)               | 2026-07-28: 결산실적공시예고              ,4
남성,004270,3,OK,,연결재무제표기준영업(잠정)실적(공정공시)              (+3),,2026-08-05: 투자유의안내               | 2026-08-05: 연결재무제표기준영업(잠정)실적(공정공시)               | 2026-07-31: [기재정정]주요사항보고서(무상증자결정) | 2026-07-22: 임원ㆍ주요주주특정증권등소유상황보고서 | 2026-07-22: 임원ㆍ주요주주특정증권등소유상황보고서,7
삼성에스디에스,018260,3,OK,,연결재무제표기준영업(잠정)실적(공정공시)              (+3),,2026-07-30: 기업설명회(IR)개최(안내공시)               | 2026-07-30: 기업설명회(IR)개최(안내공시)               | 2026-07-30: 연결재무제표기준영업(잠정)실적(공정공시)               | 2026-07-28: [기재정정]특수관계인과의보험거래 | 2026-07-28: [기재정정]특수관계인과의보험거래,16
KT지니뮤직,043610,3,OK,,연결재무제표기준영업(잠정)실적(공정공시)              (+3),,2026-08-12: 연결재무제표기준영업(잠정)실적(공정공시)               | 2026-07-23: 주주총회소집결의              (임시주주총회) | 2026-07-23: 주주명부폐쇄기간또는기준일설정               | 2026-07-23: 주식병합결정              ,4
삼성카드,029780,3,OK,,연결재무제표기준영업(잠정)실적(공정공시)              (+3),,2026-07-28: 특수관계인과의수익증권거래 | 2026-07-27: 연결재무제표기준영업(잠정)실적(공정공시)               | 2026-07-24: 특수관계인과의보험거래 | 2026-07-23: 증권발행실적보고서 | 2026-07-22: 투자설명서(일괄신고),13
GS리테일,007070,3,OK,,연결재무제표기준영업(잠정)실적(공정공시)              (+3),,2026-08-10: 임원ㆍ주요주주특정증권등소유상황보고서 | 2026-08-07: 기업가치제고계획(자율공시)               | 2026-08-07: 기업설명회(IR)개최(안내공시)               | 2026-08-07: 연결재무제표기준영업(잠정)실적(공정공시)               | 2026-07-29: 결산실적공시예고(안내공시)              ,5
지누스,013890,3,OK,,연결재무제표기준영업(잠정)실적(공정공시)              (+3),,2026-08-04: 연결재무제표기준영업(잠정)실적(공정공시)               | 2026-08-03: 주식등의대량보유상황보고서(약식) | 2026-07-21: 기업설명회(IR)개최(안내공시)               | 2026-07-21: 결산실적공시예고(안내공시)              ,4
HS애드,035000,3,OK,,연결재무제표기준영업(잠정)실적(공정공시)              (+3),,2026-08-12: 연결재무제표기준영업(잠정)실적(공정공시)               | 2026-08-12: 현금ㆍ현물배당결정               | 2026-08-12: 현금ㆍ현물배당을위한주주명부폐쇄(기준일)결정               | 2026-08-10: 임원ㆍ주요주주특정증권등거래계획보고서 | 2026-07-29: 임원ㆍ주요주주특정증권등소유상황보고서,9
AP시스템,265520,3,OK,,연결재무제표기준영업(잠정)실적(공정공시)              (+3),,2026-08-07: 연결재무제표기준영업(잠정)실적(공정공시)               | 2026-07-16: 주식등의대량보유상황보고서(일반),2
롯데쇼핑,023530,3,OK,,연결재무제표기준영업(잠정)실적(공정공시)              (+3),,2026-08-07: 연결재무제표기준영업(잠정)실적(공정공시)               | 2026-08-03: 기업설명회(IR)개최(안내공시)               | 2026-08-03: 최대주주등소유주식변동신고서               | 2026-08-03: 주식등의대량보유상황보고서(일반) | 2026-07-24: 결산실적공시예고(안내공시)              ,7
롯데케미칼,011170,3,OK,,연결재무제표기준영업(잠정)실적(공정공시)              (+3),,2026-08-07: 최대주주등소유주식변동신고서               | 2026-08-07: 연결재무제표기준영업(잠정)실적(공정공시)               | 2026-08-05: 결산실적공시예고(안내공시)               | 2026-07-30: 증권발행실적보고서 | 2026-07-30: 투자설명서,13
해성디에스,195870,3,OK,,연결재무제표기준영업(잠정)실적(공정공시)              (+3),,2026-08-06: 주식등의대량보유상황보고서(약식) | 2026-08-03: 기업설명회(IR)개최(안내공시)               | 2026-07-29: 연결재무제표기준영업(잠정)실적(공정공시)              ,3
HS효성첨단소재,298050,3,OK,,연결재무제표기준영업(잠정)실적(공정공시)              (+3),,2026-07-30: 기업설명회(IR)개최(안내공시)               | 2026-07-30: 연결재무제표기준영업(잠정)실적(공정공시)               | 2026-07-29: 타인에대한채무보증결정              ,3
와이지엔터테인먼트,122870,3,OK,,연결재무제표기준영업(잠정)실적(공정공시)              (+3),,2026-08-07: [기재정정]주식매수선택권부여에관한신고 | 2026-08-07: 연결재무제표기준영업(잠정)실적(공정공시)               | 2026-07-21: 주식등의대량보유상황보고서(일반),3
엔비티,236810,3,OK,,연결재무제표기준영업(잠정)실적(공정공시)              (+3),,2026-08-12: 임원ㆍ주요주주특정증권등소유상황보고서 | 2026-08-05: 임원ㆍ주요주주특정증권등소유상황보고서 | 2026-07-29: 연결재무제표기준영업(잠정)실적(공정공시)               | 2026-07-24: [기재정정]주주총회소집결의              (임시주주총회) | 2026-07-16: 주식등의대량보유상황보고서(일반),6
세아메카닉스,396300,3,OK,,영업(잠정)실적(공정공시)              (+3),,2026-08-05: 주주총회소집공고 | 2026-07-28: 영업(잠정)실적(공정공시)               | 2026-07-14: 임원ㆍ주요주주특정증권등소유상황보고서 | 2026-07-13: 주주총회소집결의              (임시주주총회) | 2026-07-13: 주주명부폐쇄기간또는기준일설정              ,5
종근당바이오,063160,3,OK,,영업(잠정)실적(공정공시)              (+3),,2026-07-31: 영업(잠정)실적(공정공시)              ,1
대웅제약,069620,3,OK,,영업(잠정)실적(공정공시)              (+3),,2026-07-29: 영업(잠정)실적(공정공시)               | 2026-07-28: 주주총회소집결의               | 2026-07-28: 주주명부폐쇄기간또는기준일설정              ,3
진시스템,363250,3,OK,,유형자산취득결정(종속회사의주요경영사항)              (+3),,2026-08-07: 유형자산취득결정(종속회사의주요경영사항)               | 2026-07-31: [기재정정]주요사항보고서(타법인주식및출자증권양수결정) | 2026-07-30: 주요사항보고서(타법인주식및출자증권양수결정),3
제이씨케미칼,137950,3,OK,,연결재무제표기준영업(잠정)실적(공정공시)              (+3),,2026-08-06: [기재정정]신규시설투자등               | 2026-08-06: 연결재무제표기준영업(잠정)실적(공정공시)              ,2
넥센타이어,002350,3,OK,,연결재무제표기준영업(잠정)실적(공정공시)              (+3),,2026-07-30: 기업설명회(IR)개최(안내공시)               | 2026-07-29: 연결재무제표기준영업(잠정)실적(공정공시)               | 2026-07-15: 기업설명회(IR)개최(안내공시)               | 2026-07-13: 타인에대한채무보증결정              ,4
명인제약,317450,3,OK,,영업(잠정)실적(공정공시)              (+3),,2026-08-06: [기재정정]현금ㆍ현물배당결정               | 2026-07-31: 영업(잠정)실적(공정공시)               | 2026-07-28: 현금ㆍ현물배당결정               | 2026-07-28: 현금ㆍ현물배당을위한주주명부폐쇄(기준일)결정              ,4
덕산네오룩스,213420,3,OK,,연결재무제표기준영업(잠정)실적(공정공시)              (+3),,2026-08-06: 기업설명회(IR)개최               | 2026-08-06: 연결재무제표기준영업(잠정)실적(공정공시)               | 2026-07-16: 주식등의대량보유상황보고서(일반) | 2026-07-16: 임원ㆍ주요주주특정증권등소유상황보고서,4
HDC랩스,039570,3,OK,,연결재무제표기준영업(잠정)실적(공정공시)              (+3),,2026-07-27: 연결재무제표기준영업(잠정)실적(공정공시)               | 2026-07-15: 결산실적공시예고(안내공시)              ,2
호텔신라,008770,3,OK,,연결재무제표기준영업(잠정)실적(공정공시)              (+3),,2026-08-05: 기업설명회(IR)개최(안내공시)               | 2026-08-03: 최대주주등소유주식변동신고서               | 2026-07-31: 연결재무제표기준영업(잠정)실적(공정공시)               | 2026-07-27: 결산실적공시예고(안내공시)              ,4
동원수산,030720,3,OK,,연결재무제표기준영업(잠정)실적(공정공시)              (+3),,2026-08-05: 연결재무제표기준영업(잠정)실적(공정공시)              ,1
인디에프,014990,3,OK,,연결재무제표기준영업(잠정)실적(공정공시)              (+3),,2026-07-24: 연결재무제표기준영업(잠정)실적(공정공시)              ,1
씨앤씨인터내셔널,352480,3,OK,,연결재무제표기준영업(잠정)실적(공정공시)              (+3),,2026-08-12: 주요사항보고서(자기주식취득신탁계약체결결정) | 2026-08-10: 연결재무제표기준영업(잠정)실적(공정공시)               | 2026-08-07: 기업설명회(IR)개최               | 2026-08-07: 신탁계약해지결과보고서 | 2026-08-06: 주요사항보고서(자기주식취득신탁계약해지결정),5
신세계인터내셔날,031430,3,OK,,연결재무제표기준영업(잠정)실적(공정공시)              (+3),,2026-08-11: 연결재무제표기준영업(잠정)실적(공정공시)               | 2026-08-04: 결산실적공시예고(안내공시)              ,2
모델솔루션,417970,3,OK,,영업(잠정)실적(공정공시)              (+3),,2026-08-06: 영업(잠정)실적(공정공시)               | 2026-08-03: 결산실적공시예고              ,2
롯데정밀화학,004000,3,OK,,연결재무제표기준영업(잠정)실적(공정공시)              (+3),,2026-07-30: 연결재무제표기준영업(잠정)실적(공정공시)               | 2026-07-30: 최대주주등소유주식변동신고서               | 2026-07-20: 결산실적공시예고(안내공시)              ,3
KZ정밀,036560,3,OK,,영업(잠정)실적(공정공시)              (+3),,2026-08-06: 영업(잠정)실적(공정공시)              ,1
신세계I&C,035510,3,OK,,연결재무제표기준영업(잠정)실적(공정공시)              (+3),,2026-08-07: 연결재무제표기준영업(잠정)실적(공정공시)              ,1
하츠,066130,3,OK,,영업(잠정)실적(공정공시)              (+3),,2026-07-31: 영업(잠정)실적(공정공시)              ,1
현대코퍼레이션,011760,3,OK,,연결재무제표기준영업(잠정)실적(공정공시)              (+3),,2026-07-29: 연결재무제표기준영업(잠정)실적(공정공시)               | 2026-07-20: 타인에대한채무보증결정              ,2
한섬,020000,3,OK,,연결재무제표기준영업(잠정)실적(공정공시)              (+3),,2026-08-11: 기업설명회(IR)개최(안내공시)               | 2026-08-03: 연결재무제표기준영업(잠정)실적(공정공시)               | 2026-07-30: 결산실적공시예고(안내공시)               | 2026-07-13: 임원ㆍ주요주주특정증권등소유상황보고서,4
더블유씨피,393890,3,OK,,연결재무제표기준영업(잠정)실적(공정공시)              (+3),,2026-08-07: 기업설명회(IR)개최               | 2026-08-07: 연결재무제표기준영업(잠정)실적(공정공시)               | 2026-08-03: 결산실적공시예고              ,3
디지털대성,068930,3,OK,,연결재무제표기준영업(잠정)실적(공정공시)              (+3),,2026-08-03: 연결재무제표기준영업(잠정)실적(공정공시)               | 2026-07-30: 수시공시의무관련사항(공정공시)              ,2
펌텍코리아,251970,3,OK,,연결재무제표기준영업(잠정)실적(공정공시)              (+3),,2026-08-11: 연결재무제표기준영업(잠정)실적(공정공시)               | 2026-08-06: 결산실적공시예고              ,2
바이오노트,377740,3,OK,,연결재무제표기준영업(잠정)실적(공정공시)              (+3),,2026-08-06: 연결재무제표기준영업(잠정)실적(공정공시)              ,1
나노신소재,121600,3,OK,,연결재무제표기준영업(잠정)실적(공정공시)              (+3),,2026-08-10: 주식등의대량보유상황보고서(일반) | 2026-08-07: 연결재무제표기준영업(잠정)실적(공정공시)               | 2026-08-05: 임원ㆍ주요주주특정증권등소유상황보고서 | 2026-08-05: 임원ㆍ주요주주특정증권등소유상황보고서 | 2026-08-05: 자기주식처분결과보고서,5
코나아이,052400,3,OK,,연결재무제표기준영업(잠정)실적(공정공시)              (+3),,2026-08-10: 임원ㆍ주요주주특정증권등소유상황보고서 | 2026-08-05: 임원ㆍ주요주주특정증권등소유상황보고서 | 2026-08-04: 임원ㆍ주요주주특정증권등소유상황보고서 | 2026-08-03: 주식등의대량보유상황보고서(일반) | 2026-07-28: 임원ㆍ주요주주특정증권등소유상황보고서,10
한전KPS,051600,3,OK,,연결재무제표기준영업(잠정)실적(공정공시)              (+3),,2026-08-12: 주주명부폐쇄기간또는기준일설정               | 2026-08-10: 연결재무제표기준영업(잠정)실적(공정공시)               | 2026-08-07: 풍문또는보도에대한해명(미확정)               | 2026-08-05: 기업설명회(IR)개최(안내공시)               | 2026-08-05: 결산실적공시예고(안내공시)              ,5
대동,000490,3,OK,,연결재무제표기준영업(잠정)실적(공정공시)              (+3),,2026-08-10: 연결재무제표기준영업(잠정)실적(공정공시)               | 2026-07-15: [기재정정]타법인주식및출자증권취득결정               | 2026-07-15: [기재정정]유무상증자결정(종속회사의주요경영사항)              ,3
동진쎄미켐,005290,3,OK,,연결재무제표기준영업(잠정)실적(공정공시)              (+3),,2026-08-06: 연결재무제표기준영업(잠정)실적(공정공시)               | 2026-07-31: 주요사항보고서(자기주식취득신탁계약체결결정),2
시프트업,462870,3,OK,,연결재무제표기준영업(잠정)실적(공정공시)              (+3),,2026-08-11: 연결재무제표기준영업(잠정)실적(공정공시)               | 2026-07-20: 결산실적공시예고(안내공시)               | 2026-07-20: 기업설명회(IR)개최(안내공시)               | 2026-07-20: 기업설명회(IR)개최(안내공시)              ,4
큐리옥스바이오시스템즈,445680,3,OK,,연결재무제표기준영업(잠정)실적(공정공시)              (+3),,2026-08-12: [기재정정]주식매수선택권부여에관한신고 | 2026-08-11: 주식매수선택권부여에관한신고 | 2026-08-10: 임원ㆍ주요주주특정증권등소유상황보고서 | 2026-08-10: 주식등의대량보유상황보고서(일반) | 2026-08-07: 임원ㆍ주요주주특정증권등소유상황보고서,6
롯데에너지머티리얼즈,020150,3,OK,,연결재무제표기준영업(잠정)실적(공정공시)              (+3),,2026-08-12: [기재정정]타인에대한채무보증결정               | 2026-08-06: 연결재무제표기준영업(잠정)실적(공정공시)               | 2026-08-03: 최대주주등소유주식변동신고서               | 2026-07-27: 기업설명회(IR)개최(안내공시)               | 2026-07-23: 기업설명회(IR)개최(안내공시)              ,6
가온그룹,078890,3,OK,,연결재무제표기준영업(잠정)실적(공정공시)              (+3),,2026-07-31: 연결재무제표기준영업(잠정)실적(공정공시)               | 2026-07-29: 타인에대한채무보증결정              ,2
넥스트아이,137940,3,OK,,연결재무제표기준영업(잠정)실적(공정공시)              (+3),,2026-07-31: 연결재무제표기준영업(잠정)실적(공정공시)              ,1
NI스틸,008260,3,OK,,영업(잠정)실적(공정공시)              (+3),,2026-07-27: 영업(잠정)실적(공정공시)               | 2026-07-20: [기재정정]현금ㆍ현물배당결정               | 2026-07-20: 현금ㆍ현물배당결정              ,3
파트론,091700,3,OK,,연결재무제표기준영업(잠정)실적(공정공시)              (+3),,2026-07-30: 연결재무제표기준영업(잠정)실적(공정공시)              ,1
카카오게임즈,293490,3,OK,,연결재무제표기준영업(잠정)실적(공정공시)              (+3),,2026-08-07: 주주총회소집공고 | 2026-08-07: 주주총회소집결의               | 2026-08-05: 연결재무제표기준영업(잠정)실적(공정공시)               | 2026-07-22: 기업설명회(IR)개최               | 2026-07-22: 결산실적공시예고              ,5
엘컴텍,037950,3,OK,,연결재무제표기준영업(잠정)실적(공정공시)              (+3),,2026-07-29: 연결재무제표기준영업(잠정)실적(공정공시)               | 2026-07-22: 임원ㆍ주요주주특정증권등소유상황보고서 | 2026-07-15: 임원ㆍ주요주주특정증권등소유상황보고서,3
LG에너지솔루션,373220,3,OK,,[기재정정]연결재무제표기준영업(잠정)실적(공정공시)              (+3),,2026-08-12: 풍문또는보도에대한해명(미확정)               | 2026-07-30: [기재정정]연결재무제표기준영업(잠정)실적(공정공시)               | 2026-07-28: 임원ㆍ주요주주특정증권등소유상황보고서 | 2026-07-24: 임원ㆍ주요주주특정증권등소유상황보고서,4
씨티케이,260930,3,OK,,연결재무제표기준영업(잠정)실적(공정공시)              (+3),,2026-08-10: 연결재무제표기준영업(잠정)실적(공정공시)               | 2026-07-13: 주식등의대량보유상황보고서(일반),2
케이프,064820,3,OK,,[첨부추가]주요사항보고서(회사합병결정)(+3),,2026-08-10: [기재정정]사업보고서 (2025.12) | 2026-07-15: [첨부추가]주요사항보고서(회사합병결정) | 2026-07-15: 주주명부폐쇄기간또는기준일설정              ,3
키이스트,054780,3,OK,,영업(잠정)실적(공정공시)              (+3),,2026-08-04: 영업(잠정)실적(공정공시)              ,1
포스뱅크,105760,3,OK,,연결재무제표기준영업(잠정)실적(공정공시)              (+3),,2026-08-10: 연결재무제표기준영업(잠정)실적(공정공시)              ,1
메카로,241770,3,OK,,연결재무제표기준영업(잠정)실적(공정공시)              (+3),,2026-08-05: 주식등의대량보유상황보고서(일반) | 2026-07-31: 합병등종료보고서(자산양수도) | 2026-07-15: 주요사항보고서(타법인주식및출자증권양수결정) | 2026-07-14: 연결재무제표기준영업(잠정)실적(공정공시)              ,4
코스텍시스,355150,3,OK,,영업(잠정)실적(공정공시)              (+3),,2026-07-28: 영업(잠정)실적(공정공시)              ,1
티비에이치글로벌,084870,3,OK,,연결재무제표기준영업(잠정)실적(공정공시)              (+3),,2026-08-07: 연결재무제표기준영업(잠정)실적(공정공시)               | 2026-07-30: 임원ㆍ주요주주특정증권등소유상황보고서 | 2026-07-30: 최대주주등소유주식변동신고서               | 2026-07-28: 임원ㆍ주요주주특정증권등소유상황보고서 | 2026-07-28: 최대주주등소유주식변동신고서              ,9
SK바이오사이언스,302440,3,OK,,연결재무제표기준영업(잠정)실적(공정공시)              (+3),,2026-08-10: 기업설명회(IR)개최(안내공시)               | 2026-08-10: 연결재무제표기준영업(잠정)실적(공정공시)               | 2026-07-29: 기업설명회(IR)개최(안내공시)              ,3
이수앱지스,086890,3,OK,,영업(잠정)실적(공정공시)              (+3),,2026-08-10: 기업설명회(IR)개최               | 2026-08-06: 영업(잠정)실적(공정공시)               | 2026-07-23: [기재정정]주식등의대량보유상황보고서(일반) | 2026-07-22: 임원ㆍ주요주주특정증권등소유상황보고서 | 2026-07-22: 임원ㆍ주요주주특정증권등소유상황보고서,6
위메이드플레이,123420,3,OK,,연결재무제표기준영업(잠정)실적(공정공시)              (+3),,2026-08-12: 연결재무제표기준영업(잠정)실적(공정공시)               | 2026-07-31: 결산실적공시예고              ,2
컴투스,078340,3,OK,,연결재무제표기준영업(잠정)실적(공정공시)              (+3),,2026-08-12: 기업설명회(IR)개최               | 2026-08-12: 연결재무제표기준영업(잠정)실적(공정공시)               | 2026-08-06: 주식등의대량보유상황보고서(일반) | 2026-07-22: 결산실적공시예고              ,4
원익QnC,074600,3,OK,,연결재무제표기준영업(잠정)실적(공정공시)              (+3),,2026-08-12: 연결재무제표기준영업(잠정)실적(공정공시)              ,1
한샘,009240,3,OK,,연결재무제표기준영업(잠정)실적(공정공시)              (+3),,2026-08-10: 연결재무제표기준영업(잠정)실적(공정공시)               | 2026-08-03: 합병등종료보고서(합병) | 2026-07-14: 임원ㆍ주요주주특정증권등소유상황보고서 | 2026-07-13: 임원ㆍ주요주주특정증권등소유상황보고서,4
화천기계,010660,3,OK,,영업(잠정)실적(공정공시)              (+3),,2026-08-11: 영업(잠정)실적(공정공시)              ,1
코스모화학,005420,3,OK,,영업(잠정)실적(공정공시)              (+3),,2026-07-30: 영업(잠정)실적(공정공시)              ,1
성광벤드,014620,3,OK,,연결재무제표기준영업(잠정)실적(공정공시)              (+3),,2026-08-10: 연결재무제표기준영업(잠정)실적(공정공시)               | 2026-07-28: 주식등의대량보유상황보고서(일반) | 2026-07-22: 주식등의대량보유상황보고서(약식) | 2026-07-20: 임원ㆍ주요주주특정증권등소유상황보고서 | 2026-07-20: 주식등의대량보유상황보고서(약식),7
바디텍메드,206640,3,OK,,연결재무제표기준영업(잠정)실적(공정공시)              (+3),,2026-07-30: 연결재무제표기준영업(잠정)실적(공정공시)               | 2026-07-27: [기재정정]사업보고서 (2025.12) | 2026-07-27: 주요사항보고서(자기주식취득신탁계약체결결정),3
비씨엔씨,146320,3,OK,,영업(잠정)실적(공정공시)              (+3),,2026-08-07: 임원ㆍ주요주주특정증권등거래계획보고서 | 2026-07-27: 영업(잠정)실적(공정공시)              ,2
롯데하이마트,071840,3,OK,,영업(잠정)실적(공정공시)              (+3),,2026-08-04: 기업설명회(IR)개최(안내공시)               | 2026-08-04: 영업(잠정)실적(공정공시)               | 2026-07-31: 결산실적공시예고(안내공시)               | 2026-07-31: 최대주주등소유주식변동신고서               | 2026-07-31: 대표이사(대표집행임원)변경(안내공시)              ,9
보락,002760,3,OK,,영업(잠정)실적(공정공시)              (+3),,2026-07-29: 영업(잠정)실적(공정공시)               | 2026-07-20: [기재정정]분기보고서 (2025.09),2
JYP Ent.,035900,3,OK,,연결재무제표기준영업(잠정)실적(공정공시)              (+3),,2026-08-12: 연결재무제표기준영업(잠정)실적(공정공시)               | 2026-08-05: 기업설명회(IR)개최               | 2026-08-05: 결산실적공시예고               | 2026-07-31: [첨부정정]지속가능경영보고서등관련사항(자율공시)              ,4
슈프리마,236200,3,OK,,연결재무제표기준영업(잠정)실적(공정공시)              (+3),,2026-08-11: 독립이사의선임ㆍ해임또는중도퇴임에관한신고 | 2026-08-11: 임시주주총회결과               | 2026-08-07: 주식등의대량보유상황보고서(약식) | 2026-07-30: 연결재무제표기준영업(잠정)실적(공정공시)               | 2026-07-22: 신탁계약에의한취득상황보고서,6
제이에스코퍼레이션,194370,3,OK,,연결재무제표기준영업(잠정)실적(공정공시)              (+3),,2026-08-03: 연결재무제표기준영업(잠정)실적(공정공시)               | 2026-07-16: 주식등의대량보유상황보고서(약식),2
SNT모티브,064960,3,OK,,연결재무제표기준영업(잠정)실적(공정공시)              (+3),,2026-08-12: 반기보고서 (2026.06) | 2026-08-12: 현금ㆍ현물배당결정               | 2026-07-31: 연결재무제표기준영업(잠정)실적(공정공시)              ,3
LX하우시스,108670,3,OK,,연결재무제표기준영업(잠정)실적(공정공시)              (+3),,2026-07-30: 연결재무제표기준영업(잠정)실적(공정공시)               | 2026-07-27: 결산실적공시예고(안내공시)              ,2
HD현대마린솔루션,443060,3,OK,,연결재무제표기준영업(잠정)실적(공정공시)              (+3),,2026-08-05: 임원ㆍ주요주주특정증권등소유상황보고서 | 2026-08-05: 주식등의대량보유상황보고서(약식) | 2026-08-05: 주식등의대량보유상황보고서(약식) | 2026-08-05: 최대주주등소유주식변동신고서               | 2026-07-27: 현금ㆍ현물배당결정              ,8
보령,003850,3,OK,,연결재무제표기준영업(잠정)실적(공정공시)              (+3),,2026-08-06: 연결재무제표기준영업(잠정)실적(공정공시)              ,1
DB하이텍,000990,3,OK,,연결재무제표기준영업(잠정)실적(공정공시)              (+3),,2026-08-05: 연결재무제표기준영업(잠정)실적(공정공시)               | 2026-08-03: 주식등의대량보유상황보고서(약식) | 2026-07-31: 기업설명회(IR)개최(안내공시)              ,3
원익IPS,240810,3,OK,,연결재무제표기준영업(잠정)실적(공정공시)              (+3),,2026-08-06: 연결재무제표기준영업(잠정)실적(공정공시)               | 2026-08-03: 주식등의대량보유상황보고서(약식) | 2026-07-30: 결산실적공시예고               | 2026-07-24: 주주총회소집결의               | 2026-07-24: 주주명부폐쇄기간또는기준일설정              ,6
LG전자,066570,3,OK,,[기재정정]연결재무제표기준영업(잠정)실적(공정공시)              (+3),,2026-08-06: 중대재해발생(종속회사의주요경영사항)               | 2026-07-30: [기재정정]연결재무제표기준영업(잠정)실적(공정공시)               | 2026-07-29: 주요사항보고서(자기주식취득신탁계약해지결정) | 2026-07-29: 신탁계약해지결과보고서 | 2026-07-29: 현금ㆍ현물배당을위한주주명부폐쇄(기준일)결정              ,7
레이크머티리얼즈,281740,3,OK,,연결재무제표기준영업(잠정)실적(공정공시)              (+3),,2026-08-11: 연결재무제표기준영업(잠정)실적(공정공시)              ,1
아바코,083930,3,OK,,영업(잠정)실적(공정공시)              (+3),,2026-08-07: 영업(잠정)실적(공정공시)               | 2026-07-21: 임원ㆍ주요주주특정증권등거래계획보고서 | 2026-07-21: 임원ㆍ주요주주특정증권등거래계획보고서,3
코스메카코리아,241710,3,OK,,연결재무제표기준영업(잠정)실적(공정공시)              (+3),,2026-08-11: 기업설명회(IR)개최               | 2026-08-10: 연결재무제표기준영업(잠정)실적(공정공시)               | 2026-08-04: 주식등의대량보유상황보고서(약식) | 2026-08-03: 결산실적공시예고               | 2026-07-23: 지속가능경영보고서등관련사항(자율공시)              ,5
뷰웍스,100120,3,OK,,연결재무제표기준영업(잠정)실적(공정공시)              (+3),,2026-08-03: 연결재무제표기준영업(잠정)실적(공정공시)              ,1
영화금속,012280,3,OK,,영업(잠정)실적(공정공시)              (+3),,2026-08-12: 주요사항보고서(자기주식취득신탁계약해지결정) | 2026-08-12: 신탁계약해지결과보고서 | 2026-08-05: 투자유의안내               | 2026-07-29: 임시주주총회결과               | 2026-07-28: 영업(잠정)실적(공정공시)              ,7
잉글우드랩,950140,3,OK,,연결재무제표기준영업(잠정)실적(공정공시)              (+3),,2026-08-11: 반기보고서 (2026.06) | 2026-08-11: 기업설명회(IR)개최               | 2026-08-10: 연결재무제표기준영업(잠정)실적(공정공시)               | 2026-08-03: 결산실적공시예고              ,4
네오팜,092730,3,OK,,영업(잠정)실적(공정공시)              (+3),,2026-08-07: 영업(잠정)실적(공정공시)              ,1
S-Oil,010950,3,OK,,연결재무제표기준영업(잠정)실적(공정공시)              (+3),,2026-08-11: [기재정정]현금ㆍ현물배당결정               | 2026-08-10: 현금ㆍ현물배당결정               | 2026-08-10: 현금ㆍ현물배당을위한주주명부폐쇄(기준일)결정               | 2026-08-03: 연결재무제표기준영업(잠정)실적(공정공시)               | 2026-07-30: [첨부정정]지속가능경영보고서등관련사항(자율공시)              ,7
로젠,033290,3,OK,,[기재정정]주요사항보고서(회사합병결정)(+3),,2026-08-12: 주식등의대량보유상황보고서(일반) | 2026-08-11: 지급수단별ㆍ지급기간별지급금액및분쟁조정기구에관한사항 | 2026-07-30: [기재정정]주요사항보고서(회사합병결정) | 2026-07-30: [기재정정]주주총회소집결의              (임시주주총회) | 2026-07-30: [기재정정]주주명부폐쇄기간또는기준일설정              ,11
키다리스튜디오,020120,3,OK,,연결재무제표기준영업(잠정)실적(공정공시)              (+3),,2026-08-11: 연결재무제표기준영업(잠정)실적(공정공시)              ,1
도이치모터스,067990,3,OK,,연결재무제표기준영업(잠정)실적(공정공시)              (+3),,2026-08-10: 주식등의대량보유상황보고서(일반) | 2026-07-31: [기재정정]타인에대한채무보증결정               | 2026-07-31: [기재정정]타인에대한채무보증결정               | 2026-07-31: [기재정정]타인에대한채무보증결정               | 2026-07-27: 연결재무제표기준영업(잠정)실적(공정공시)              ,6
다우데이타,032190,3,OK,,[기재정정]회사합병결정(종속회사의주요경영사항)              (+3),,2026-08-11: [기재정정]회사합병결정(종속회사의주요경영사항)               | 2026-08-10: 지급수단별ㆍ지급기간별지급금액및분쟁조정기구에관한사항,2
광동제약,009290,3,OK,,연결재무제표기준영업(잠정)실적(공정공시)              (+3),,2026-08-12: 연결재무제표기준영업(잠정)실적(공정공시)               | 2026-07-31: 결산실적공시예고(안내공시)               | 2026-07-22: 주식등의대량보유상황보고서(일반),3
레드캡투어,038390,3,OK,,연결재무제표기준영업(잠정)실적(공정공시)              (+3),,2026-08-12: 기업설명회(IR)개최               | 2026-08-06: 연결재무제표기준영업(잠정)실적(공정공시)               | 2026-08-03: 기업설명회(IR)개최               | 2026-07-27: 결산실적공시예고              ,4
텔레칩스,054450,3,OK,,연결재무제표기준영업(잠정)실적(공정공시)              (+3),,2026-08-06: 연결재무제표기준영업(잠정)실적(공정공시)              ,1
아이쓰리시스템,214430,3,OK,,영업(잠정)실적(공정공시)              (+3),,2026-08-04: 영업(잠정)실적(공정공시)              ,1
디와이씨,310870,3,OK,,연결재무제표기준영업(잠정)실적(공정공시)              (+3),,2026-08-04: 연결재무제표기준영업(잠정)실적(공정공시)              ,1
HD현대에너지솔루션,322000,3,OK,,연결재무제표기준영업(잠정)실적(공정공시)              (+3),,2026-07-24: 연결재무제표기준영업(잠정)실적(공정공시)              ,1
세아베스틸지주,001430,3,OK,,연결재무제표기준영업(잠정)실적(공정공시)              (+3),,2026-07-31: 지속가능경영보고서등관련사항(자율공시)               | 2026-07-30: 기업설명회(IR)개최(안내공시)               | 2026-07-30: 연결재무제표기준영업(잠정)실적(공정공시)              ,3
아이센스,099190,3,OK,,연결재무제표기준영업(잠정)실적(공정공시)              (+3),,2026-07-30: 전환사채(해외전환사채포함)발행후만기전사채취득               | 2026-07-27: 연결재무제표기준영업(잠정)실적(공정공시)               | 2026-07-21: 임원ㆍ주요주주특정증권등소유상황보고서,3
프로티아,303360,3,OK,,영업(잠정)실적(공정공시)              (+3),,2026-08-12: 반기보고서 (2026.06) | 2026-07-15: 영업(잠정)실적(공정공시)              ,2
샘씨엔에스,252990,3,OK,,영업(잠정)실적(공정공시)              (+3),,2026-08-05: 영업(잠정)실적(공정공시)               | 2026-08-03: 임원ㆍ주요주주특정증권등소유상황보고서,2
RF시스템즈,474610,3,OK,,영업(잠정)실적(공정공시)              (+3),,2026-08-11: 임원ㆍ주요주주특정증권등소유상황보고서 | 2026-08-03: 임원ㆍ주요주주특정증권등소유상황보고서 | 2026-07-27: 영업(잠정)실적(공정공시)               | 2026-07-13: 임원ㆍ주요주주특정증권등소유상황보고서,4
메쥬,0088M0,3,OK,,영업(잠정)실적(공정공시)              (+3),,2026-07-29: 영업(잠정)실적(공정공시)              ,1
케이엔더블유,105330,3,OK,,연결재무제표기준영업(잠정)실적(공정공시)              (+3),,2026-08-06: 연결재무제표기준영업(잠정)실적(공정공시)               | 2026-07-24: [기재정정]대규모기업집단현황공시[연1회공시및1/4분기용(개별회사)] | 2026-07-22: 임원ㆍ주요주주특정증권등소유상황보고서 | 2026-07-22: 주식등의대량보유상황보고서(일반) | 2026-07-20: 전환가액의조정              ,5
넷마블,251270,3,OK,,연결재무제표기준영업(잠정)실적(공정공시)              (+3),,2026-08-07: 최대주주등소유주식변동신고서               | 2026-08-07: [기재정정]증권발행실적보고서(합병등) | 2026-08-05: 특수관계인에대한출자 | 2026-08-05: 연결재무제표기준영업(잠정)실적(공정공시)               | 2026-07-31: 임원ㆍ주요주주특정증권등소유상황보고서,12
아로마티카,0015N0,3,OK,,연결재무제표기준영업(잠정)실적(공정공시)              (+3),,2026-08-06: 기업설명회(IR)개최               | 2026-08-05: 연결재무제표기준영업(잠정)실적(공정공시)              ,2
두산,000150,3,OK,,연결재무제표기준영업(잠정)실적(공정공시)              (+3),,2026-08-03: [첨부정정]주요사항보고서(타법인주식및출자증권양수결정) | 2026-07-31: 주요사항보고서(타법인주식및출자증권양수결정) | 2026-07-27: 연결재무제표기준영업(잠정)실적(공정공시)               | 2026-07-23: 현금ㆍ현물배당을위한주주명부폐쇄(기준일)결정               | 2026-07-23: 현금ㆍ현물배당결정              ,8
파라택시스이더리움,290560,3,OK,,[기재정정]주요사항보고서(회사합병결정)(+3),,2026-08-05: 독립이사의선임ㆍ해임또는중도퇴임에관한신고 | 2026-08-04: 임시주주총회결과               | 2026-07-20: 주주명부폐쇄기간또는기준일설정               | 2026-07-20: 주주총회소집결의              (임시주주총회) | 2026-07-20: [기재정정]주요사항보고서(회사합병결정),7
녹십자엠에스,142280,3,OK,,연결재무제표기준영업(잠정)실적(공정공시)              (+3),,2026-08-07: 주식등의대량보유상황보고서(약식) | 2026-07-31: 연결재무제표기준영업(잠정)실적(공정공시)               | 2026-07-20: 신주인수권행사가액의조정              ,3
일동제약,249420,3,OK,,연결재무제표기준영업(잠정)실적(공정공시)              (+3),,2026-07-30: 연결재무제표기준영업(잠정)실적(공정공시)               | 2026-07-30: 공정거래자율준수프로그램운영현황(안내공시)               | 2026-07-28: 결산실적공시예고(안내공시)              ,3
CJ프레시웨이,051500,3,OK,,연결재무제표기준영업(잠정)실적(공정공시)              (+3),,2026-08-06: 기업설명회(IR)개최               | 2026-08-06: 동일인등출자계열회사와의상품ㆍ용역거래 | 2026-08-06: 동일인등출자계열회사와의상품ㆍ용역거래 | 2026-08-06: 동일인등출자계열회사와의상품ㆍ용역거래 | 2026-08-06: 동일인등출자계열회사와의상품ㆍ용역거래,8
원포유,122830,3,OK,,[첨부추가]주요사항보고서(회사합병결정)(+3),,2026-08-06: [첨부추가]주요사항보고서(회사합병결정) | 2026-08-06: 주주명부폐쇄기간또는기준일설정              ,2
에이피알,278470,3,OK,,연결재무제표기준영업(잠정)실적(공정공시)              (+3),,2026-08-06: 주식등의대량보유상황보고서(약식) | 2026-08-05: 연결재무제표기준영업(잠정)실적(공정공시)               | 2026-07-27: 기업설명회(IR)개최(안내공시)               | 2026-07-27: 기업설명회(IR)개최(안내공시)               | 2026-07-27: 결산실적공시예고(안내공시)              ,8
한솔아이원스,114810,3,OK,,연결재무제표기준영업(잠정)실적(공정공시)              (+3),,2026-08-10: 신규시설투자등               | 2026-07-24: [기재정정]특수관계인에대한자금대여 | 2026-07-23: 연결재무제표기준영업(잠정)실적(공정공시)              ,3
동국제강,460860,3,OK,,영업(잠정)실적(공정공시)              (+3),,2026-08-06: 현금ㆍ현물배당결정               | 2026-07-24: 영업(잠정)실적(공정공시)               | 2026-07-22: 특수관계인과의수익증권거래,3
진흥기업,002780,3,OK,,영업(잠정)실적(공정공시)              (+3),,2026-08-12: 투자판단관련주요경영사항               | 2026-08-11: 투자유의안내               | 2026-08-07: 투자유의안내               | 2026-07-31: 임시주주총회결과               | 2026-07-31: 투자유의안내              ,8
JW홀딩스,096760,3,OK,,영업(잠정)실적(공정공시)              (+3),,2026-08-11: 영업(잠정)실적(공정공시)               | 2026-07-31: 주식등의대량보유상황보고서(일반) | 2026-07-22: 주식등의대량보유상황보고서(일반),3
ISC,095340,3,OK,,연결재무제표기준영업(잠정)실적(공정공시)              (+3),,2026-08-03: 주식등의대량보유상황보고서(약식) | 2026-07-27: 연결재무제표기준영업(잠정)실적(공정공시)               | 2026-07-23: 주식등의대량보유상황보고서(약식),3
PI첨단소재,178920,3,OK,,영업(잠정)실적(공정공시)              (+3),,2026-07-31: 임원ㆍ주요주주특정증권등소유상황보고서 | 2026-07-28: 영업(잠정)실적(공정공시)               | 2026-07-27: 주주총회소집결의               | 2026-07-27: 주주명부폐쇄기간또는기준일설정               | 2026-07-24: 기업설명회(IR)개최(안내공시)              ,7
롯데이노베이트,286940,3,OK,,연결재무제표기준영업(잠정)실적(공정공시)              (+3),,2026-07-30: 기업설명회(IR)개최(안내공시)               | 2026-07-30: 연결재무제표기준영업(잠정)실적(공정공시)              ,2
웅진씽크빅,095720,3,OK,,연결재무제표기준영업(잠정)실적(공정공시)              (+3),,2026-08-10: 연결재무제표기준영업(잠정)실적(공정공시)              ,1
씨엠티엑스,388210,3,OK,,연결재무제표기준영업(잠정)실적(공정공시)              (+3),,2026-08-03: 연결재무제표기준영업(잠정)실적(공정공시)               | 2026-07-22: 임시주주총회결과              ,2
실리콘투,257720,3,OK,,연결재무제표기준영업(잠정)실적(공정공시)              (+3),,2026-08-12: 연결재무제표기준영업(잠정)실적(공정공시)               | 2026-08-11: 기업설명회(IR)개최               | 2026-08-10: 결산실적공시예고              ,3
KG이니시스,035600,3,OK,,연결재무제표기준영업(잠정)실적(공정공시)              (+3),,2026-08-05: 연결재무제표기준영업(잠정)실적(공정공시)               | 2026-08-04: 주식등의대량보유상황보고서(일반) | 2026-07-30: 기업설명회(IR)개최              ,3
가온전선,000500,3,OK,,연결재무제표기준영업(잠정)실적(공정공시)              (+3),,2026-08-12: 약관에의한금융거래시계열금융회사의거래상대방의공시 | 2026-08-12: 동일인등출자계열회사와의상품ㆍ용역거래 | 2026-08-12: 동일인등출자계열회사와의상품ㆍ용역거래 | 2026-08-12: 동일인등출자계열회사와의상품ㆍ용역거래 | 2026-08-12: 동일인등출자계열회사와의상품ㆍ용역거래,15
HS효성,487570,3,OK,,연결재무제표기준영업(잠정)실적(공정공시)              (+3),,2026-07-30: 연결재무제표기준영업(잠정)실적(공정공시)               | 2026-07-29: 타인에대한채무보증결정(자회사의 주요경영사항)              ,2
디케이락,105740,3,OK,,연결재무제표기준영업(잠정)실적(공정공시)              (+3),,2026-08-12: 임원ㆍ주요주주특정증권등소유상황보고서 | 2026-08-12: 임원ㆍ주요주주특정증권등소유상황보고서 | 2026-08-12: 주식등의대량보유상황보고서(일반) | 2026-08-12: 연결재무제표기준영업(잠정)실적(공정공시)              ,4
SH에너지화학,002360,3,OK,,연결재무제표기준영업(잠정)실적(공정공시)              (+3),,2026-08-12: 최대주주등소유주식변동신고서               | 2026-08-12: 임원ㆍ주요주주특정증권등소유상황보고서 | 2026-08-10: 연결재무제표기준영업(잠정)실적(공정공시)               | 2026-08-06: 최대주주등소유주식변동신고서               | 2026-08-06: 임원ㆍ주요주주특정증권등소유상황보고서,9
SNT다이내믹스,003570,3,OK,,연결재무제표기준영업(잠정)실적(공정공시)              (+3),,2026-08-12: 반기보고서 (2026.06) | 2026-08-12: 현금ㆍ현물배당결정               | 2026-07-31: 연결재무제표기준영업(잠정)실적(공정공시)              ,3
모다이노칩,080420,3,OK,,[기재정정]주요사항보고서(회사합병결정)(+3),,2026-08-11: 지급수단별ㆍ지급기간별지급금액및분쟁조정기구에관한사항 | 2026-08-07: 주식등의대량보유상황보고서(일반) | 2026-08-07: 임원ㆍ주요주주특정증권등소유상황보고서 | 2026-07-30: [기재정정]주주총회소집결의               | 2026-07-30: [기재정정]주요사항보고서(회사합병결정),8
하이록코리아,013030,3,OK,,연결재무제표기준영업(잠정)실적(공정공시)              (+3),,2026-08-12: 주식등의대량보유상황보고서(약식) | 2026-08-10: 연결재무제표기준영업(잠정)실적(공정공시)              ,2
롯데렌탈,089860,3,OK,,연결재무제표기준영업(잠정)실적(공정공시)              (+3),,2026-08-11: 투자판단관련주요경영사항               | 2026-08-11: 주식등의대량보유상황보고서(일반) | 2026-08-05: 연결재무제표기준영업(잠정)실적(공정공시)               | 2026-08-03: 최대주주등소유주식변동신고서               | 2026-07-31: 풍문또는보도에대한해명(미확정)              ,8
흥국에프엔비,189980,3,OK,,연결재무제표기준영업(잠정)실적(공정공시)              (+3),,2026-08-11: 임원ㆍ주요주주특정증권등소유상황보고서 | 2026-08-07: 연결재무제표기준영업(잠정)실적(공정공시)               | 2026-08-06: 임원ㆍ주요주주특정증권등소유상황보고서 | 2026-07-29: 임원ㆍ주요주주특정증권등소유상황보고서 | 2026-07-21: 임원ㆍ주요주주특정증권등소유상황보고서,7
BGF에코머티리얼즈,126600,3,OK,,연결재무제표기준영업(잠정)실적(공정공시)              (+3),,2026-08-10: 주식등의대량보유상황보고서(일반) | 2026-08-06: 연결재무제표기준영업(잠정)실적(공정공시)              ,2
티엘비,356860,3,OK,,연결재무제표기준영업(잠정)실적(공정공시)              (+3),,2026-08-12: 기업설명회(IR)개최               | 2026-08-06: 현금ㆍ현물배당결정              (중간배당) | 2026-08-06: 주요사항보고서(자기주식취득신탁계약체결결정) | 2026-08-06: 중간(분기)배당을위한주주명부폐쇄(기준일)결정               | 2026-08-05: 임원ㆍ주요주주특정증권등소유상황보고서,33
현대글로비스,086280,3,OK,,연결재무제표기준영업(잠정)실적(공정공시)              (+3),,2026-07-23: 연결재무제표기준영업(잠정)실적(공정공시)               | 2026-07-23: 약관에의한금융거래시계열금융회사의거래상대방의공시 | 2026-07-23: 공정거래자율준수프로그램운영현황(안내공시)               | 2026-07-16: 기업설명회(IR)개최(안내공시)               | 2026-07-16: 기업설명회(IR)개최(안내공시)              ,5
메쎄이상,408920,3,OK,,연결재무제표기준영업(잠정)실적(공정공시)              (+3),,2026-08-07: 연결재무제표기준영업(잠정)실적(공정공시)               | 2026-07-31: 기업설명회(IR)개최               | 2026-07-31: 결산실적공시예고              ,3
현대백화점,069960,3,OK,,연결재무제표기준영업(잠정)실적(공정공시)              (+3),,2026-08-05: 기업설명회(IR)개최(안내공시)               | 2026-08-05: 현금ㆍ현물배당결정               | 2026-08-05: 현금ㆍ현물배당을위한주주명부폐쇄(기준일)결정               | 2026-08-05: 연결재무제표기준영업(잠정)실적(공정공시)               | 2026-07-29: 기업설명회(IR)개최(안내공시)              ,7
비에이치,090460,3,OK,,연결재무제표기준영업(잠정)실적(공정공시)              (+3),,2026-08-11: 주식등의대량보유상황보고서(약식) | 2026-08-04: 연결재무제표기준영업(잠정)실적(공정공시)              ,2
쎌바이오텍,049960,3,OK,,연결재무제표기준영업(잠정)실적(공정공시)              (+3),,2026-08-07: 연결재무제표기준영업(잠정)실적(공정공시)              ,1
한국앤컴퍼니,000240,3,OK,,연결재무제표기준영업(잠정)실적(공정공시)              (+3),,2026-08-12: 연결재무제표기준영업(잠정)실적(공정공시)               | 2026-08-10: 현금ㆍ현물배당결정(자회사의 주요경영사항)               | 2026-08-10: 현금ㆍ현물배당을위한주주명부폐쇄(기준일)결정(자회사의 주요경영사항)               | 2026-08-06: 현금ㆍ현물배당결정               | 2026-08-06: 현금ㆍ현물배당을위한주주명부폐쇄(기준일)결정              ,6
에코프로비엠,247540,3,OK,,연결재무제표기준영업(잠정)실적(공정공시)              (+3),,2026-08-07: [기재정정]증권신고서(지분증권) | 2026-08-04: 주식등의대량보유상황보고서(일반) | 2026-07-31: 기업설명회(IR)개최               | 2026-07-31: 연결재무제표기준영업(잠정)실적(공정공시)               | 2026-07-24: [기재정정]증권신고서(지분증권),6
코웨이,021240,3,OK,,연결재무제표기준영업(잠정)실적(공정공시)              (+3),,2026-08-10: 기업설명회(IR)개최(안내공시)               | 2026-08-07: 현금ㆍ현물배당결정               | 2026-08-07: 현금ㆍ현물배당을위한주주명부폐쇄(기준일)결정               | 2026-08-07: 연결재무제표기준영업(잠정)실적(공정공시)               | 2026-07-31: 결산실적공시예고(안내공시)              ,5
하나투어,039130,3,OK,,연결재무제표기준영업(잠정)실적(공정공시)              (+3),,2026-08-05: 연결재무제표기준영업(잠정)실적(공정공시)               | 2026-08-03: 의결권대리행사권유참고서류 | 2026-08-03: 주주총회소집공고 | 2026-07-29: 결산실적공시예고(안내공시)               | 2026-07-16: [첨부정정]지속가능경영보고서등관련사항(자율공시)              ,5
기산텔레콤,035460,3,OK,,[기재정정]유형자산취득결정              (+3),,2026-07-31: [기재정정]유형자산취득결정              ,1
셀트리온,068270,3,OK,,[기재정정]연결재무제표기준영업(잠정)실적(공정공시)              (+3),,2026-08-03: 주식등의대량보유상황보고서(약식) | 2026-08-03: 투자판단관련주요경영사항              (CTP44(다잘렉스 바이오시밀러) 한국 임상 3상 시험계획 변경신청) | 2026-07-31: 임원ㆍ주요주주특정증권등소유상황보고서 | 2026-07-31: 임원ㆍ주요주주특정증권등소유상황보고서 | 2026-07-31: 임원ㆍ주요주주특정증권등소유상황보고서,17
대동기어,008830,3,OK,,영업(잠정)실적(공정공시)              (+3),,2026-08-10: 영업(잠정)실적(공정공시)               | 2026-08-05: 주식등의대량보유상황보고서(일반) | 2026-08-05: 임원ㆍ주요주주특정증권등소유상황보고서 | 2026-07-31: 권리락              (무상증자) | 2026-07-28: 증권발행실적보고서,12
포스코엠텍,009520,3,OK,,영업(잠정)실적(공정공시)              (+3),,2026-07-31: 지급수단별ㆍ지급기간별지급금액및분쟁조정기구에관한사항 | 2026-07-30: 영업(잠정)실적(공정공시)              ,2
파수AI,150900,3,OK,,연결재무제표기준영업(잠정)실적(공정공시)              (+3),,2026-08-12: 주식등의대량보유상황보고서(일반) | 2026-07-31: 연결재무제표기준영업(잠정)실적(공정공시)              ,2
소프트캠프,258790,3,OK,,연결재무제표기준영업(잠정)실적(공정공시)              (+3),,2026-08-12: 주식등의대량보유상황보고서(일반) | 2026-08-12: 임원ㆍ주요주주특정증권등소유상황보고서 | 2026-08-10: 주식등의대량보유상황보고서(일반) | 2026-08-10: 임원ㆍ주요주주특정증권등소유상황보고서 | 2026-08-03: 주식등의대량보유상황보고서(일반),10
태광,023160,3,OK,,연결재무제표기준영업(잠정)실적(공정공시)              (+3),,2026-08-12: 기업설명회(IR)개최               | 2026-08-12: 기업설명회(IR)개최               | 2026-08-11: 연결재무제표기준영업(잠정)실적(공정공시)               | 2026-08-04: 임원ㆍ주요주주특정증권등소유상황보고서 | 2026-08-04: 주식등의대량보유상황보고서(일반),7
코스맥스,192820,3,OK,,연결재무제표기준영업(잠정)실적(공정공시)              (+3),,2026-08-11: 연결재무제표기준영업(잠정)실적(공정공시)               | 2026-08-05: 주식등의대량보유상황보고서(약식) | 2026-08-05: 주식등의대량보유상황보고서(약식),3
키움증권,039490,3,OK,,연결재무제표기준영업(잠정)실적(공정공시)              (+3),,2026-08-12: 증권발행실적보고서 | 2026-08-12: 투자설명서(일괄신고) | 2026-08-12: 일괄신고추가서류(파생결합증권-상장지수증권) | 2026-08-11: 지급수단별ㆍ지급기간별지급금액및분쟁조정기구에관한사항 | 2026-08-10: 증권발행실적보고서,100
현대에버다임,041440,3,OK,,연결재무제표기준영업(잠정)실적(공정공시)              (+3),,2026-07-30: 연결재무제표기준영업(잠정)실적(공정공시)               | 2026-07-29: 기업설명회(IR)개최               | 2026-07-29: 결산실적공시예고              ,3
제주은행,006220,3,OK,,연결재무제표기준영업(잠정)실적(공정공시)              (+3),,2026-07-22: 연결재무제표기준영업(잠정)실적(공정공시)               | 2026-07-21: 불성실공시법인지정               | 2026-07-15: 결산실적공시예고(안내공시)              ,3
LG디스플레이,034220,3,OK,,연결재무제표기준영업(잠정)실적(공정공시)              (+3),,2026-08-05: 임원ㆍ주요주주특정증권등소유상황보고서 | 2026-07-28: [기재정정]영업양도결정(종속회사의주요경영사항)               | 2026-07-24: 임원ㆍ주요주주특정증권등소유상황보고서 | 2026-07-23: 기업설명회(IR)개최(안내공시)               | 2026-07-22: 연결재무제표기준영업(잠정)실적(공정공시)              ,5
SUN&L,002820,3,OK,,영업(잠정)실적(공정공시)              (+3),,2026-08-07: 최대주주등소유주식변동신고서               | 2026-08-07: 주식등의대량보유상황보고서(일반) | 2026-08-07: 임원ㆍ주요주주특정증권등소유상황보고서 | 2026-08-05: 투자유의안내               | 2026-07-30: 영업(잠정)실적(공정공시)              ,6
NHN벅스,104200,3,OK,,영업(잠정)실적(공정공시)              (+3),,2026-08-11: 영업(잠정)실적(공정공시)              ,1
대한전선,001440,3,OK,,연결재무제표기준영업(잠정)실적(공정공시)              (+3),,2026-08-05: 동일인등출자계열회사와의상품ㆍ용역거래변경 | 2026-07-30: [기재정정]파생상품거래손실발생               | 2026-07-30: 파생상품거래손실발생               | 2026-07-30: 연결재무제표기준영업(잠정)실적(공정공시)               | 2026-07-23: 기업설명회(IR)개최(안내공시)              ,6
유니드,014830,3,OK,,연결재무제표기준영업(잠정)실적(공정공시)              (+3),,2026-08-12: 지급수단별ㆍ지급기간별지급금액및분쟁조정기구에관한사항 | 2026-07-22: 기업설명회(IR)개최(안내공시)               | 2026-07-22: 연결재무제표기준영업(잠정)실적(공정공시)              ,3
에스원,012750,3,OK,,연결재무제표기준영업(잠정)실적(공정공시)              (+3),,2026-08-03: 기업설명회(IR)개최(안내공시)               | 2026-07-31: [기재정정]특수관계인과의보험거래 | 2026-07-31: [기재정정]특수관계인과의보험거래 | 2026-07-31: 연결재무제표기준영업(잠정)실적(공정공시)               | 2026-07-27: 결산실적공시예고(안내공시)              ,5
데브시스터즈,194480,3,OK,,연결재무제표기준영업(잠정)실적(공정공시)              (+3),,2026-08-10: 임원ㆍ주요주주특정증권등소유상황보고서 | 2026-08-07: 연결재무제표기준영업(잠정)실적(공정공시)               | 2026-07-31: 기업설명회(IR)개최               | 2026-07-31: 결산실적공시예고              ,4
두산밥캣,241560,3,OK,,연결재무제표기준영업(잠정)실적(공정공시)              (+3),,2026-08-06: 주식등의대량보유상황보고서(약식) | 2026-08-05: 지주회사의자회사탈퇴               | 2026-07-24: 주식등의대량보유상황보고서(일반) | 2026-07-24: 감사보고서제출(자회사의 주요경영사항)               | 2026-07-23: 현금ㆍ현물배당을위한주주명부폐쇄(기준일)결정              ,8
한국항공우주,047810,3,OK,,연결재무제표기준영업(잠정)실적(공정공시)              (+3),,2026-08-10: 주식등의대량보유상황보고서(일반) | 2026-07-29: 연결재무제표기준영업(잠정)실적(공정공시)               | 2026-07-27: 주식등의대량보유상황보고서(약식) | 2026-07-27: 주식등의대량보유상황보고서(일반) | 2026-07-21: 기업설명회(IR)개최(안내공시)              ,10
클래시스,214150,3,OK,,연결재무제표기준영업(잠정)실적(공정공시)              (+3),,2026-08-12: 불성실공시법인미지정              (공시불이행) | 2026-08-12: [기재정정]연결재무제표기준영업실적등에대한전망(공정공시)               | 2026-08-12: 연결재무제표기준영업(잠정)실적(공정공시)               | 2026-08-07: 주식등의대량보유상황보고서(약식) | 2026-08-06: 기업설명회(IR)개최              ,10
SK리츠,395400,3,OK,,영업(잠정)실적(공정공시)              (+3),,2026-08-06: 임원ㆍ주요주주특정증권등소유상황보고서 | 2026-08-06: 기타경영사항(자율공시)               | 2026-08-05: 부동산투자회사금전배당결정               | 2026-08-05: 영업(잠정)실적(공정공시)               | 2026-08-05: 매출액또는손익구조30%(대규모법인은15%)이상변경              ,9
제일기획,030000,3,OK,,연결재무제표기준영업(잠정)실적(공정공시)              (+3),,2026-07-31: 최대주주등소유주식변동신고서               | 2026-07-30: 기업설명회(IR)개최(안내공시)               | 2026-07-24: 연결재무제표기준영업(잠정)실적(공정공시)               | 2026-07-21: 지속가능경영보고서등관련사항(자율공시)               | 2026-07-15: 기업설명회(IR)개최(안내공시)              ,6
에스앤에스텍,101490,3,OK,,연결재무제표기준영업(잠정)실적(공정공시)              (+3),,2026-08-11: 기업설명회(IR)개최               | 2026-08-03: 연결재무제표기준영업(잠정)실적(공정공시)              ,2
DB,012030,3,OK,,연결재무제표기준영업(잠정)실적(공정공시)              (+3),,2026-08-07: 연결재무제표기준영업(잠정)실적(공정공시)              ,1
레이언스,228850,3,OK,,연결재무제표기준영업(잠정)실적(공정공시)              (+3),,2026-08-11: 연결재무제표기준영업(잠정)실적(공정공시)               | 2026-08-06: 결산실적공시예고              ,2
인바이오,352940,3,OK,,[기재정정]유형자산취득결정              (+3),,2026-08-12: 주주총회소집결의              (임시주주총회) | 2026-08-12: 주주명부폐쇄기간또는기준일설정               | 2026-08-10: 임원ㆍ주요주주특정증권등소유상황보고서 | 2026-07-31: [기재정정]유형자산취득결정               | 2026-07-30: 임원ㆍ주요주주특정증권등소유상황보고서,8
삼성증권,016360,3,OK,,연결재무제표기준영업(잠정)실적(공정공시)              (+3),,2026-08-12: 증권발행실적보고서 | 2026-08-10: 증권발행실적보고서 | 2026-08-10: 증권발행실적보고서 | 2026-08-07: 증권발행실적보고서 | 2026-08-07: 증권발행실적보고서,82
와이엠씨,155650,3,OK,,연결재무제표기준영업(잠정)실적(공정공시)              (+3),,2026-08-05: 연결재무제표기준영업(잠정)실적(공정공시)              ,1
현대리바트,079430,3,OK,,연결재무제표기준영업(잠정)실적(공정공시)              (+3),,2026-08-10: 기업설명회(IR)개최(안내공시)               | 2026-08-04: 공정거래자율준수프로그램운영현황(안내공시)               | 2026-08-04: 연결재무제표기준영업(잠정)실적(공정공시)               | 2026-07-29: 결산실적공시예고(안내공시)              ,4
비엠티,086670,3,OK,,연결재무제표기준영업(잠정)실적(공정공시)              (+3),,2026-08-10: 연결재무제표기준영업(잠정)실적(공정공시)              ,1
LG헬로비전,037560,3,OK,,연결재무제표기준영업(잠정)실적(공정공시)              (+3),,2026-08-06: 연결재무제표기준영업(잠정)실적(공정공시)               | 2026-07-30: 결산실적공시예고(안내공시)              ,2
바이오포트,188040,3,OK,,연결재무제표기준영업(잠정)실적(공정공시)              (+3),,2026-07-27: 수시공시의무관련사항(공정공시)               | 2026-07-27: 연결재무제표기준영업(잠정)실적(공정공시)               | 2026-07-16: 주식등의대량보유상황보고서(일반) | 2026-07-16: 임원ㆍ주요주주특정증권등소유상황보고서 | 2026-07-16: 임원ㆍ주요주주특정증권등소유상황보고서,8
롯데관광개발,032350,3,OK,,연결재무제표기준영업(잠정)실적(공정공시)              (+3),,2026-08-10: 주식등의대량보유상황보고서(약식) | 2026-08-03: 연결재무제표기준영업(잠정)실적(공정공시)               | 2026-08-03: 주요사항보고서(자기전환사채만기전취득결정) | 2026-07-27: 주주명부폐쇄기간또는기준일설정               | 2026-07-24: 주식등의대량보유상황보고서(일반),7
중앙백신,072020,3,OK,,영업(잠정)실적(공정공시)              (+3),,2026-08-06: 임원ㆍ주요주주특정증권등소유상황보고서 | 2026-08-05: 영업(잠정)실적(공정공시)              ,2
BGF,027410,3,OK,,연결재무제표기준영업(잠정)실적(공정공시)              (+3),,2026-08-10: 주식등의대량보유상황보고서(일반) | 2026-08-07: 지급수단별ㆍ지급기간별지급금액및분쟁조정기구에관한사항 | 2026-08-06: 연결재무제표기준영업(잠정)실적(공정공시)               | 2026-08-05: 기업설명회(IR)개최(안내공시)               | 2026-07-30: 결산실적공시예고(안내공시)              ,8
현대이지웰,090850,3,OK,,연결재무제표기준영업(잠정)실적(공정공시)              (+3),,2026-08-04: 연결재무제표기준영업(잠정)실적(공정공시)               | 2026-07-28: 결산실적공시예고              ,2
파마리서치,214450,3,OK,,연결재무제표기준영업(잠정)실적(공정공시)              (+3),,2026-08-07: 연결재무제표기준영업(잠정)실적(공정공시)               | 2026-08-06: 기업설명회(IR)개최               | 2026-07-14: 결산실적공시예고              ,3
케이티앤지,033780,3,OK,,연결재무제표기준영업(잠정)실적(공정공시)              (+3),,2026-08-06: 현금ㆍ현물배당결정               | 2026-08-06: 연결재무제표기준영업(잠정)실적(공정공시)               | 2026-08-06: 현금ㆍ현물배당을위한주주명부폐쇄(기준일)결정               | 2026-08-05: 주식등의대량보유상황보고서(일반) | 2026-07-23: 기업설명회(IR)개최(안내공시)              ,5
사조산업,007160,3,OK,,유형자산취득결정(종속회사의주요경영사항)              (+3),,2026-08-12: 유형자산취득결정(종속회사의주요경영사항)               | 2026-08-06: 임원ㆍ주요주주특정증권등소유상황보고서,2
현대로템,064350,3,OK,,연결재무제표기준영업(잠정)실적(공정공시)              (+3),,2026-08-03: 주식등의대량보유상황보고서(약식) | 2026-07-28: 투자판단관련주요경영사항               | 2026-07-27: 기업설명회(IR)개최(안내공시)               | 2026-07-24: 연결재무제표기준영업(잠정)실적(공정공시)               | 2026-07-24: 공정거래자율준수프로그램운영현황(안내공시)              ,6
GS피앤엘,499790,3,OK,,연결재무제표기준영업(잠정)실적(공정공시)              (+3),,2026-08-04: 연결재무제표기준영업(잠정)실적(공정공시)               | 2026-07-29: 결산실적공시예고(안내공시)              ,2
JW신약,067290,3,OK,,영업(잠정)실적(공정공시)              (+3),,2026-08-12: 영업(잠정)실적(공정공시)              ,1
BGF리테일,282330,3,OK,,연결재무제표기준영업(잠정)실적(공정공시)              (+3),,2026-08-12: 기업설명회(IR)개최(안내공시)               | 2026-08-10: 주식등의대량보유상황보고서(일반) | 2026-08-06: 연결재무제표기준영업(잠정)실적(공정공시)               | 2026-08-05: 기업설명회(IR)개최(안내공시)               | 2026-07-30: 결산실적공시예고(안내공시)              ,6
골프존,215000,3,OK,,연결재무제표기준영업(잠정)실적(공정공시)              (+3),,2026-07-31: 연결재무제표기준영업(잠정)실적(공정공시)              ,1
OCI,456040,3,OK,,연결재무제표기준영업(잠정)실적(공정공시)              (+3),,2026-08-11: 신탁계약해지결과보고서 | 2026-08-10: 주요사항보고서(자기주식취득신탁계약해지결정) | 2026-07-22: 연결재무제표기준영업(잠정)실적(공정공시)               | 2026-07-16: [기재정정]타법인주식및출자증권취득결정              ,4
빅텍,065450,3,OK,,연결재무제표기준영업(잠정)실적(공정공시)              (+3),,2026-08-07: 연결재무제표기준영업(잠정)실적(공정공시)               | 2026-08-04: 주식등의대량보유상황보고서(약식) | 2026-07-29: 임원ㆍ주요주주특정증권등소유상황보고서 | 2026-07-20: 전환사채(해외전환사채포함)발행후만기전사채취득              ,4
현대위아,011210,3,OK,,연결재무제표기준영업(잠정)실적(공정공시)              (+3),,2026-07-24: 약관에의한금융거래시계열금융회사의거래상대방의공시 | 2026-07-24: 공정거래자율준수프로그램운영현황(안내공시)               | 2026-07-24: 연결재무제표기준영업(잠정)실적(공정공시)               | 2026-07-20: 기업설명회(IR)개최(안내공시)               | 2026-07-20: 기업설명회(IR)개최(안내공시)              ,5
마녀공장,439090,3,OK,,연결재무제표기준영업(잠정)실적(공정공시)              (+3),,2026-08-12: 연결재무제표기준영업(잠정)실적(공정공시)               | 2026-08-12: 신탁계약해지결과보고서 | 2026-08-12: 주요사항보고서(자기주식취득신탁계약해지결정),3
SK이노베이션,096770,3,OK,,연결재무제표기준영업(잠정)실적(공정공시)              (+3),,2026-08-12: 지주회사의자회사탈퇴               | 2026-08-10: 지급수단별ㆍ지급기간별지급금액및분쟁조정기구에관한사항 | 2026-07-31: 특수관계인에대한자산양도 | 2026-07-31: 특수관계인에대한출자 | 2026-07-30: 파생상품거래손실발생              ,8
아이마켓코리아,122900,3,OK,,연결재무제표기준영업(잠정)실적(공정공시)              (+3),,2026-08-06: 현금ㆍ현물배당결정               | 2026-08-06: 연결재무제표기준영업(잠정)실적(공정공시)              ,2
케이뱅크,279570,3,OK,,영업(잠정)실적(공정공시)              (+3),,2026-07-30: 기업설명회(IR)개최(안내공시)               | 2026-07-30: 영업(잠정)실적(공정공시)               | 2026-07-15: 기업설명회(IR)개최(안내공시)               | 2026-07-15: 결산실적공시예고(안내공시)              ,4
LX세미콘,108320,3,OK,,연결재무제표기준영업(잠정)실적(공정공시)              (+3),,2026-07-31: 임원ㆍ주요주주특정증권등소유상황보고서 | 2026-07-24: 연결재무제표기준영업(잠정)실적(공정공시)               | 2026-07-15: 기업설명회(IR)개최(안내공시)               | 2026-07-15: 결산실적공시예고(안내공시)              ,4
LG이노텍,011070,3,OK,,연결재무제표기준영업(잠정)실적(공정공시)              (+3),,2026-08-06: 중대재해발생               | 2026-07-30: 기업설명회(IR)개최(안내공시)               | 2026-07-30: 임원ㆍ주요주주특정증권등소유상황보고서 | 2026-07-27: 연결재무제표기준영업(잠정)실적(공정공시)               | 2026-07-24: 최대주주등소유주식변동신고서              ,9
LS마린솔루션,060370,3,OK,,연결재무제표기준영업(잠정)실적(공정공시)              (+3),,2026-08-05: 연결재무제표기준영업(잠정)실적(공정공시)              ,1
현대차증권,001500,3,OK,,연결재무제표기준영업(잠정)실적(공정공시)              (+3),,2026-08-10: 투자설명서(일괄신고) | 2026-08-10: 일괄신고추가서류(파생결합사채-주가연계파생결합사채) | 2026-08-10: 증권발행실적보고서 | 2026-08-07: 증권발행실적보고서 | 2026-08-05: 주식등의대량보유상황보고서(일반),73
동양생명,082640,3,OK,,연결재무제표기준영업(잠정)실적(공정공시)              (+3),,2026-08-11: 최대주주등소유주식변동신고서               | 2026-08-11: 합병등종료보고서(주식의포괄적교환ㆍ이전) | 2026-08-04: 기타경영사항(자율공시)               | 2026-07-27: 연결재무제표기준영업(잠정)실적(공정공시)               | 2026-07-24: 임시주주총회결과              ,7
파라택시스코리아,288330,3,OK,,[기재정정]주요사항보고서(회사합병결정)(+3),,2026-08-04: 임시주주총회결과               | 2026-08-04: 독립이사의선임ㆍ해임또는중도퇴임에관한신고 | 2026-07-22: 기타시장안내              (상장폐지 관련 이의신청서 접수) | 2026-07-20: 주주총회소집결의              (임시주주총회) | 2026-07-21: [기재정정]주요사항보고서(회사합병결정),8
강원랜드,035250,3,OK,,연결재무제표기준영업(잠정)실적(공정공시)              (+3),,2026-08-11: 의결권대리행사권유참고서류 | 2026-08-11: [기재정정]주주명부폐쇄기간또는기준일설정               | 2026-08-11: 주주총회소집공고 | 2026-08-11: 주주총회소집결의               | 2026-08-04: 지속가능경영보고서등관련사항(자율공시)              ,7
효성화학,298000,3,OK,,연결재무제표기준영업(잠정)실적(공정공시)              (+3),,2026-08-06: 최대주주등소유주식변동신고서               | 2026-08-06: 임원ㆍ주요주주특정증권등소유상황보고서 | 2026-08-06: 주식등의대량보유상황보고서(일반) | 2026-07-31: 기업설명회(IR)개최(안내공시)               | 2026-07-31: 연결재무제표기준영업(잠정)실적(공정공시)              ,11
삼성SDI,006400,3,OK,,연결재무제표기준영업(잠정)실적(공정공시)              (+3),,2026-08-11: 투자판단관련주요경영사항               | 2026-08-11: 최대주주등소유주식변동신고서               | 2026-07-30: 연결재무제표기준영업(잠정)실적(공정공시)               | 2026-07-24: 임원ㆍ주요주주특정증권등소유상황보고서 | 2026-07-22: 임원ㆍ주요주주특정증권등소유상황보고서,6
티케이지휴켐스,069260,3,OK,,연결재무제표기준영업(잠정)실적(공정공시)              (+3),,2026-08-07: 기업설명회(IR)개최(안내공시)               | 2026-08-07: 연결재무제표기준영업(잠정)실적(공정공시)               | 2026-07-23: [기재정정]타법인주식및출자증권취득결정              ,3
대신증권,003540,3,OK,,연결재무제표기준영업(잠정)실적(공정공시)              (+3),,2026-08-12: 증권발행실적보고서 | 2026-08-12: 증권발행실적보고서 | 2026-08-12: 증권발행실적보고서 | 2026-08-12: 증권발행실적보고서 | 2026-08-11: 연결재무제표기준영업(잠정)실적(공정공시)              ,82
폰드그룹,472850,3,OK,,연결재무제표기준영업(잠정)실적(공정공시)              (+3),,2026-08-03: 연결재무제표기준영업(잠정)실적(공정공시)               | 2026-07-30: 주식등의대량보유상황보고서(일반) | 2026-07-24: 주식등의대량보유상황보고서(일반) | 2026-07-16: 주식등의대량보유상황보고서(일반) | 2026-07-13: 신탁계약해지결과보고서,5
티플랙스,081150,3,OK,,영업(잠정)실적(공정공시)              (+3),,2026-08-05: 영업(잠정)실적(공정공시)               | 2026-07-31: 자기주식처분결과보고서,2
카카오뱅크,323410,3,OK,,영업(잠정)실적(공정공시)              (+3),,2026-08-05: 기업설명회(IR)개최(안내공시)               | 2026-08-05: 영업(잠정)실적(공정공시)               | 2026-07-29: [기재정정]주식매수선택권부여에관한신고 | 2026-07-14: 계열금융회사의약관에의한금융거래-[유가증권-채권],4
이녹스첨단소재,272290,3,OK,,연결재무제표기준영업(잠정)실적(공정공시)              (+3),,2026-08-07: 임원ㆍ주요주주특정증권등소유상황보고서 | 2026-08-04: 연결재무제표기준영업(잠정)실적(공정공시)              ,2
현대비앤지스틸,004560,3,OK,,연결재무제표기준영업(잠정)실적(공정공시)              (+3),,2026-08-03: 연결재무제표기준영업(잠정)실적(공정공시)               | 2026-07-21: 지속가능경영보고서등관련사항(자율공시)               | 2026-07-21: 공정거래자율준수프로그램운영현황(안내공시)              ,3
에코프로머티,450080,3,OK,,연결재무제표기준영업(잠정)실적(공정공시)              (+3),,2026-08-04: 연결재무제표기준영업(잠정)실적(공정공시)               | 2026-07-31: 주식등의대량보유상황보고서(일반) | 2026-07-13: 결산실적공시예고(안내공시)               | 2026-07-13: 기업설명회(IR)개최(안내공시)              ,4
배럴,267790,3,OK,,연결재무제표기준영업(잠정)실적(공정공시)              (+3),,2026-08-07: 연결재무제표기준영업(잠정)실적(공정공시)              ,1
두산에너빌리티,034020,3,OK,,연결재무제표기준영업(잠정)실적(공정공시)              (+3),,2026-08-07: 풍문또는보도에대한해명(미확정)               | 2026-07-31: 주식등의대량보유상황보고서(약식) | 2026-07-27: 연결재무제표기준영업(잠정)실적(공정공시)               | 2026-07-24: 특수관계인에대한출자 | 2026-07-24: 기업설명회(IR)개최(안내공시)              ,7
LG생활건강,051900,3,OK,,연결재무제표기준영업(잠정)실적(공정공시)              (+3),,2026-07-29: 현금ㆍ현물배당을위한주주명부폐쇄(기준일)결정               | 2026-07-29: 현금ㆍ현물배당결정               | 2026-07-29: 연결재무제표기준영업(잠정)실적(공정공시)               | 2026-07-15: 결산실적공시예고(안내공시)               | 2026-07-15: 기업설명회(IR)개최(안내공시)              ,5
효성티앤씨,298020,3,OK,,연결재무제표기준영업(잠정)실적(공정공시)              (+3),,2026-08-03: 임원ㆍ주요주주특정증권등소유상황보고서 | 2026-07-31: 기업설명회(IR)개최(안내공시)               | 2026-07-31: 연결재무제표기준영업(잠정)실적(공정공시)              ,3
동아에스티,170900,3,OK,,영업(잠정)실적(공정공시)              (+3),,2026-07-28: 기업설명회(IR)개최(안내공시)               | 2026-07-27: 영업(잠정)실적(공정공시)               | 2026-07-23: 기업설명회(IR)개최(안내공시)               | 2026-07-23: 결산실적공시예고(안내공시)              ,4
경동나비엔,009450,3,OK,,연결재무제표기준영업(잠정)실적(공정공시)              (+3),,2026-08-11: 연결재무제표기준영업(잠정)실적(공정공시)               | 2026-07-23: [기재정정]신규시설투자등              ,2
삼양패키징,272550,3,OK,,연결재무제표기준영업(잠정)실적(공정공시)              (+3),,2026-08-04: 연결재무제표기준영업(잠정)실적(공정공시)              ,1
피제이메탈,128660,3,OK,,연결재무제표기준영업(잠정)실적(공정공시)              (+3),,2026-08-11: 연결재무제표기준영업(잠정)실적(공정공시)              ,1
헥토파이낸셜,234340,3,OK,,연결재무제표기준영업(잠정)실적(공정공시)              (+3),,2026-08-07: 주식등의대량보유상황보고서(일반) | 2026-08-06: 연결재무제표기준영업(잠정)실적(공정공시)              ,2
오리온,271560,3,OK,,연결재무제표기준영업(잠정)실적(공정공시)              (+3),,2026-08-07: 연결재무제표기준영업(잠정)실적(공정공시)               | 2026-07-16: [기재정정]주권관련사채권의취득결정(자율공시)(종속회사의주요경영사항)               | 2026-07-16: [기재정정]타법인주식및출자증권취득결정(자율공시)(종속회사의주요경영사항)               | 2026-07-15: 기업설명회(IR)개최(안내공시)               | 2026-07-13: 주식등의대량보유상황보고서(일반),5
한라IMS,092460,3,OK,,연결재무제표기준영업(잠정)실적(공정공시)              (+3),,2026-08-10: 주식등의대량보유상황보고서(약식) | 2026-07-31: 연결재무제표기준영업(잠정)실적(공정공시)              ,2
한솔로지스틱스,009180,3,OK,,연결재무제표기준영업(잠정)실적(공정공시)              (+3),,2026-07-29: 연결재무제표기준영업(잠정)실적(공정공시)              ,1
세이브존I&C,067830,3,OK,,영업(잠정)실적(공정공시)              (+3),,2026-08-12: 영업(잠정)실적(공정공시)              ,1
한컴라이프케어,372910,3,OK,,연결재무제표기준영업(잠정)실적(공정공시)              (+3),,2026-07-30: 연결재무제표기준영업(잠정)실적(공정공시)              ,1
부광약품,003000,3,OK,,연결재무제표기준영업(잠정)실적(공정공시)              (+3),,2026-07-21: 연결재무제표기준영업(잠정)실적(공정공시)               | 2026-07-15: 기업설명회(IR)개최(안내공시)              ,2
송원산업,004430,3,OK,,연결재무제표기준영업(잠정)실적(공정공시)              (+3),,2026-07-29: 연결재무제표기준영업(잠정)실적(공정공시)              ,1
벽산,007210,3,OK,,영업(잠정)실적(공정공시)              (+3),,2026-07-30: 영업(잠정)실적(공정공시)              ,1
KTis,058860,3,OK,,영업(잠정)실적(공정공시)              (+3),,2026-08-12: 영업(잠정)실적(공정공시)               | 2026-07-30: 임원ㆍ주요주주특정증권등소유상황보고서 | 2026-07-30: 임원ㆍ주요주주특정증권등소유상황보고서,3
케이티알파,036030,3,OK,,영업(잠정)실적(공정공시)              (+3),,2026-08-12: 영업(잠정)실적(공정공시)              ,1
쇼박스,086980,3,OK,,연결재무제표기준영업(잠정)실적(공정공시)              (+3),,2026-08-06: 연결재무제표기준영업(잠정)실적(공정공시)               | 2026-07-31: 결산실적공시예고              ,2
한국공항,005430,3,OK,,연결재무제표기준영업(잠정)실적(공정공시)              (+3),,2026-08-10: 연결재무제표기준영업(잠정)실적(공정공시)               | 2026-07-29: 주식등의대량보유상황보고서(약식),2
엘앤에프,066970,3,OK,,연결재무제표기준영업(잠정)실적(공정공시)              (+3),,2026-08-06: 연결재무제표기준영업(잠정)실적(공정공시)               | 2026-08-05: 주식등의대량보유상황보고서(일반) | 2026-07-28: 기업설명회(IR)개최(안내공시)               | 2026-07-22: 최대주주등소유주식변동신고서               | 2026-07-22: 주식등의대량보유상황보고서(일반),5
아리바이오홀딩스,290690,3,OK,,[기재정정]주요사항보고서(회사합병결정)(+3),,2026-08-10: 주식등의대량보유상황보고서(일반) | 2026-07-31: 주요사항보고서(자기전환사채만기전취득결정) | 2026-07-16: [기재정정]주요사항보고서(회사합병결정) | 2026-07-16: [기재정정]주주명부폐쇄기간또는기준일설정               | 2026-07-16: [기재정정]주주총회소집결의              (임시주주총회),6
녹십자,006280,3,OK,,연결재무제표기준영업(잠정)실적(공정공시)              (+3),,2026-08-07: 임원ㆍ주요주주특정증권등소유상황보고서 | 2026-07-31: 공정거래자율준수프로그램운영현황(안내공시)               | 2026-07-31: 연결재무제표기준영업(잠정)실적(공정공시)               | 2026-07-16: 신규시설투자등              ,4
에코마케팅,230360,3,OK,,주요사항보고서(회사합병결정)(+3),,2026-07-20: 주요사항보고서(주식교환ㆍ이전결정) | 2026-07-20: 주요사항보고서(회사합병결정),2
카페24,042000,3,OK,,연결재무제표기준영업(잠정)실적(공정공시)              (+3),,2026-08-06: 주식등의대량보유상황보고서(일반) | 2026-08-06: 연결재무제표기준영업(잠정)실적(공정공시)               | 2026-07-23: 주식등의대량보유상황보고서(일반),3
LX인터내셔널,001120,3,OK,,연결재무제표기준영업(잠정)실적(공정공시)              (+3),,2026-08-12: 특수관계인에대한담보제공 | 2026-08-12: 특수관계인에대한자금대여 | 2026-08-12: 특수관계인에대한담보제공 | 2026-08-12: 특수관계인에대한자금대여 | 2026-08-12: 타인에대한담보제공결정              ,11
유유제약,000220,3,OK,,[기재정정]유형자산취득결정(종속회사의주요경영사항)              (+3),,2026-07-31: [기재정정]유형자산취득결정(종속회사의주요경영사항)               | 2026-07-21: 주식등의대량보유상황보고서(일반),2
CJ제일제당,097950,3,OK,,연결재무제표기준영업(잠정)실적(공정공시)              (+3),,2026-08-11: 연결재무제표기준영업(잠정)실적(공정공시)               | 2026-08-10: 동일인등출자계열회사와의상품ㆍ용역거래 | 2026-08-10: 동일인등출자계열회사와의상품ㆍ용역거래변경 | 2026-08-10: 현금ㆍ현물배당결정               | 2026-08-10: 현금ㆍ현물배당을위한주주명부폐쇄(기준일)결정              ,8
위메이드맥스,101730,3,OK,,연결재무제표기준영업(잠정)실적(공정공시)              (+3),,2026-08-12: 연결재무제표기준영업(잠정)실적(공정공시)               | 2026-08-12: 기업설명회(IR)개최               | 2026-07-16: 결산실적공시예고              ,3
티앤알바이오팹,246710,3,OK,,연결재무제표기준영업(잠정)실적(공정공시)              (+3),,2026-08-04: 임원ㆍ주요주주특정증권등소유상황보고서 | 2026-08-04: 임원ㆍ주요주주특정증권등소유상황보고서 | 2026-08-04: 임원ㆍ주요주주특정증권등소유상황보고서 | 2026-08-04: 주식등의대량보유상황보고서(일반) | 2026-07-14: 연결재무제표기준영업(잠정)실적(공정공시)              ,9
코스모신소재,005070,3,OK,,영업(잠정)실적(공정공시)              (+3),,2026-07-22: 영업(잠정)실적(공정공시)               | 2026-07-21: 주식등의대량보유상황보고서(일반) | 2026-07-21: 주식등의대량보유상황보고서(일반),3
코렌텍,104540,3,OK,,연결재무제표기준영업(잠정)실적(공정공시)              (+3),,2026-07-24: 연결재무제표기준영업(잠정)실적(공정공시)              ,1
조이시티,067000,3,OK,,연결재무제표기준영업(잠정)실적(공정공시)              (+3),,2026-08-07: 임원ㆍ주요주주특정증권등소유상황보고서 | 2026-08-04: 연결재무제표기준영업(잠정)실적(공정공시)               | 2026-07-31: 임원ㆍ주요주주특정증권등소유상황보고서 | 2026-07-24: 임원ㆍ주요주주특정증권등소유상황보고서 | 2026-07-24: 주식등의대량보유상황보고서(일반),5
스튜디오드래곤,253450,3,OK,,연결재무제표기준영업(잠정)실적(공정공시)              (+3),,2026-08-06: 연결재무제표기준영업(잠정)실적(공정공시)               | 2026-08-03: 기업설명회(IR)개최              ,2
대한제강,084010,3,OK,,연결재무제표기준영업(잠정)실적(공정공시)              (+3),,2026-07-31: 연결재무제표기준영업(잠정)실적(공정공시)              ,1
GC메디아이,032620,3,OK,,연결재무제표기준영업(잠정)실적(공정공시)              (+3),,2026-08-10: 연결재무제표기준영업(잠정)실적(공정공시)               | 2026-08-05: 주식등의대량보유상황보고서(일반),2
원익머트리얼즈,104830,3,OK,,연결재무제표기준영업(잠정)실적(공정공시)              (+3),,2026-08-07: 연결재무제표기준영업(잠정)실적(공정공시)              ,1
대덕전자,353200,3,OK,,연결재무제표기준영업(잠정)실적(공정공시)              (+3),,2026-07-31: 연결재무제표기준영업(잠정)실적(공정공시)               | 2026-07-20: 신규시설투자등               | 2026-07-20: 주식등의대량보유상황보고서(약식) | 2026-07-16: 기업설명회(IR)개최(안내공시)               | 2026-07-16: 결산실적공시예고(안내공시)              ,6
티씨케이,064760,3,OK,,영업(잠정)실적(공정공시)              (+3),,2026-08-07: 영업(잠정)실적(공정공시)              ,1
에스피지,058610,3,OK,,연결재무제표기준영업(잠정)실적(공정공시)              (+3),,2026-08-12: 연결재무제표기준영업(잠정)실적(공정공시)              ,1
SOOP,067160,3,OK,,연결재무제표기준영업(잠정)실적(공정공시)              (+3),,2026-07-31: 연결재무제표기준영업(잠정)실적(공정공시)               | 2026-07-16: 기업설명회(IR)개최              ,2
SK가스,018670,3,OK,,연결재무제표기준영업(잠정)실적(공정공시)              (+3),,2026-08-12: [기재정정]현금ㆍ현물배당결정               | 2026-07-31: 기업설명회(IR)개최(안내공시)               | 2026-07-31: 연결재무제표기준영업(잠정)실적(공정공시)               | 2026-07-15: 현금ㆍ현물배당을위한주주명부폐쇄(기준일)결정               | 2026-07-15: 현금ㆍ현물배당결정              ,6
하림,136480,3,OK,,연결재무제표기준영업(잠정)실적(공정공시)              (+3),,2026-08-12: 반기보고서 (2026.06) | 2026-08-07: 연결재무제표기준영업(잠정)실적(공정공시)              ,2
HK이노엔,195940,3,OK,,영업(잠정)실적(공정공시)              (+3),,2026-08-12: 독립이사의선임ㆍ해임또는중도퇴임에관한신고 | 2026-08-12: 임시주주총회결과               | 2026-07-29: 기업설명회(IR)개최               | 2026-07-29: 기업설명회(IR)개최               | 2026-07-29: 영업(잠정)실적(공정공시)              ,8
종근당,185750,3,OK,,영업(잠정)실적(공정공시)              (+3),,2026-07-31: 영업(잠정)실적(공정공시)               | 2026-07-27: 투자판단관련주요경영사항              (고혈압 치료제로 개발중인 CKD339의 식약처(MFDS) 제3상 임상시험 계획 승인) | 2026-07-22: 공정거래자율준수프로그램운영현황(안내공시)               | 2026-07-16: 주식등의대량보유상황보고서(일반),4
NH투자증권,005940,3,OK,,연결재무제표기준영업(잠정)실적(공정공시)              (+3),,2026-08-12: 증권발행실적보고서 | 2026-08-11: 증권발행실적보고서 | 2026-08-11: 투자설명서(일괄신고) | 2026-08-11: 일괄신고추가서류(파생결합사채-주가연계파생결합사채) | 2026-08-10: 증권발행실적보고서,100
JW중외제약,001060,3,OK,,영업(잠정)실적(공정공시)              (+3),,2026-08-11: 투자판단관련주요경영사항               | 2026-08-11: 공정거래자율준수프로그램운영현황(안내공시)               | 2026-08-11: 영업(잠정)실적(공정공시)               | 2026-08-10: 종류주식의보통주식으로전환(안내공시)              ,4
매드업,0039P0,3,OK,,연결재무제표기준영업(잠정)실적(공정공시)              (+3),,2026-08-12: 자기주식취득결과보고서 | 2026-07-29: 연결재무제표기준영업(잠정)실적(공정공시)               | 2026-07-24: 결산실적공시예고              ,3
에프앤가이드,064850,3,OK,,연결재무제표기준영업(잠정)실적(공정공시)              (+3),,2026-08-10: 반기보고서 (2026.06) | 2026-08-05: 임원ㆍ주요주주특정증권등소유상황보고서 | 2026-07-21: 연결재무제표기준영업(잠정)실적(공정공시)              ,3
웹젠,069080,3,OK,,연결재무제표기준영업(잠정)실적(공정공시)              (+3),,2026-08-06: 연결재무제표기준영업(잠정)실적(공정공시)               | 2026-08-06: 현금ㆍ현물배당결정              (분기배당) | 2026-08-06: 중간(분기)배당을위한주주명부폐쇄(기준일)결정               | 2026-07-24: 결산실적공시예고               | 2026-07-24: 임원ㆍ주요주주특정증권등소유상황보고서,7
SG세계물산,004060,3,OK,,연결재무제표기준영업(잠정)실적(공정공시)              (+3),,2026-08-07: 연결재무제표기준영업(잠정)실적(공정공시)              ,1
한국타이어앤테크놀로지,161390,3,OK,,연결재무제표기준영업(잠정)실적(공정공시)              (+3),,2026-08-11: 연결재무제표기준영업(잠정)실적(공정공시)               | 2026-08-10: 현금ㆍ현물배당결정               | 2026-08-10: 현금ㆍ현물배당을위한주주명부폐쇄(기준일)결정               | 2026-07-20: 기업설명회(IR)개최(안내공시)              ,4
한독,002390,3,OK,,영업(잠정)실적(공정공시)              (+3),,2026-07-30: 영업(잠정)실적(공정공시)               | 2026-07-20: 주식등의대량보유상황보고서(일반) | 2026-07-20: 최대주주등소유주식변동신고서               | 2026-07-20: 주식등의대량보유상황보고서(일반) | 2026-07-20: 최대주주등소유주식변동신고서              ,6
환인제약,016580,3,OK,,연결재무제표기준영업(잠정)실적(공정공시)              (+3),,2026-07-29: 연결재무제표기준영업(잠정)실적(공정공시)              ,1
셀트리온제약,068760,3,OK,,영업(잠정)실적(공정공시)              (+3),,2026-08-04: 영업(잠정)실적(공정공시)              ,1
금호타이어,073240,3,OK,,연결재무제표기준영업(잠정)실적(공정공시)              (+3),,2026-07-30: 연결재무제표기준영업(잠정)실적(공정공시)               | 2026-07-27: 기업설명회(IR)개최(안내공시)               | 2026-07-27: 결산실적공시예고(안내공시)               | 2026-07-22: 주주총회소집결의               | 2026-07-22: 주주명부폐쇄기간또는기준일설정              ,5
라온로보틱스,232680,3,OK,,영업(잠정)실적(공정공시)              (+3),,2026-07-31: 영업(잠정)실적(공정공시)              ,1
한화손해보험,000370,3,OK,,영업(잠정)실적(공정공시)              (+3),,2026-08-12: 영업(잠정)실적(공정공시)               | 2026-08-10: [기재정정]수시공시의무관련사항(공정공시)               | 2026-08-07: 임원ㆍ주요주주특정증권등소유상황보고서 | 2026-08-07: 임원ㆍ주요주주특정증권등소유상황보고서 | 2026-07-31: 임원ㆍ주요주주특정증권등소유상황보고서,13
SK아이이테크놀로지,361610,3,OK,,연결재무제표기준영업(잠정)실적(공정공시)              (+3),,2026-08-10: 지급수단별ㆍ지급기간별지급금액및분쟁조정기구에관한사항 | 2026-07-30: 연결재무제표기준영업(잠정)실적(공정공시)               | 2026-07-15: 기업설명회(IR)개최(안내공시)              ,3
TYM,002900,3,OK,,연결재무제표기준영업(잠정)실적(공정공시)              (+3),,2026-08-12: 현금ㆍ현물배당결정               | 2026-08-12: 현금ㆍ현물배당을위한주주명부폐쇄(기준일)결정               | 2026-08-12: 임원ㆍ주요주주특정증권등소유상황보고서 | 2026-08-06: 연결재무제표기준영업(잠정)실적(공정공시)              ,4
컴투스홀딩스,063080,3,OK,,연결재무제표기준영업(잠정)실적(공정공시)              (+3),,2026-08-12: 연결재무제표기준영업(잠정)실적(공정공시)               | 2026-07-22: 결산실적공시예고              ,2
에코심플렉스,038870,5,OK,,[기재정정]단일판매ㆍ공급계약체결              (+5),,2026-07-31: [기재정정]단일판매ㆍ공급계약체결               | 2026-07-20: 임원ㆍ주요주주특정증권등거래계획보고서 | 2026-07-20: 임원ㆍ주요주주특정증권등거래계획보고서,3
일신석재,007110,5,OK,,단일판매ㆍ공급계약체결              (+5),,2026-08-12: 반기보고서 (2026.06) | 2026-08-05: 투자유의안내               | 2026-08-05: 임원ㆍ주요주주특정증권등소유상황보고서 | 2026-08-05: 주주총회소집공고 | 2026-07-30: 단일판매ㆍ공급계약체결              ,8
비츠로넥스텍,488900,5,OK,,단일판매ㆍ공급계약체결              (+5),,2026-08-06: 단일판매ㆍ공급계약체결               | 2026-07-14: [기재정정]사업보고서 (2025.12),2
윈하이텍,192390,5,OK,,단일판매ㆍ공급계약체결              (+5),,2026-07-28: 임원ㆍ주요주주특정증권등소유상황보고서 | 2026-07-28: 주식등의대량보유상황보고서(일반) | 2026-07-27: 단일판매ㆍ공급계약체결               | 2026-07-27: 증권발행결과(자율공시)              ,4
오픈엣지테크놀로지,394280,5,OK,,[기재정정]단일판매ㆍ공급계약체결              (+5),,2026-08-05: 주식등의대량보유상황보고서(일반) | 2026-08-05: 임원ㆍ주요주주특정증권등소유상황보고서 | 2026-08-05: 임원ㆍ주요주주특정증권등소유상황보고서 | 2026-07-29: [기재정정]단일판매ㆍ공급계약체결               | 2026-07-14: [기재정정]주식등의대량보유상황보고서(일반),7
리드코프,012700,5,OK,,주식소각결정              (+5),,2026-07-30: 주식등의대량보유상황보고서(일반) | 2026-07-28: 주식소각결정              ,2
웹케시,053580,5,OK,,단일판매ㆍ공급계약체결              (+5),,2026-07-21: 단일판매ㆍ공급계약체결              ,1
에프알텍,073540,5,OK,,단일판매ㆍ공급계약체결              (+5),,2026-08-06: 단일판매ㆍ공급계약체결               | 2026-07-14: 임원ㆍ주요주주특정증권등거래계획보고서 | 2026-07-14: 임원ㆍ주요주주특정증권등소유상황보고서,3
비츠로시스,054220,5,OK,,[기재정정]단일판매ㆍ공급계약체결              (+5),,2026-08-12: 반기보고서 (2026.06) | 2026-08-10: 단일판매ㆍ공급계약해지               | 2026-08-05: 주주명부폐쇄기간또는기준일설정               | 2026-08-05: 주주총회소집결의              (임시주주총회) | 2026-07-30: [기재정정]주요사항보고서(자기전환사채매도결정),7
에스넷,038680,5,OK,,단일판매ㆍ공급계약체결(자율공시)              (+5),,2026-07-21: 단일판매ㆍ공급계약체결(자율공시)              ,1
하림지주,003380,5,OK,,[기재정정]단일판매ㆍ공급계약체결(자회사의 주요경영사항)              (+5),,2026-08-04: 주식등의대량보유상황보고서(일반) | 2026-07-31: [기재정정]단일판매ㆍ공급계약체결(자회사의 주요경영사항)              ,2
로지시스,067730,5,OK,,단일판매ㆍ공급계약체결(자율공시)              (+5),,2026-07-31: 단일판매ㆍ공급계약체결(자율공시)              ,1
티엠씨,217590,5,OK,,단일판매ㆍ공급계약체결              (+5),,2026-08-06: 단일판매ㆍ공급계약체결              ,1
NICE평가정보,030190,5,OK,,주식소각결정              (+5),,2026-07-15: 주요사항보고서(자기주식취득신탁계약체결결정) | 2026-07-15: 주식소각결정               | 2026-07-15: 신탁계약해지결과보고서 | 2026-07-15: 주요사항보고서(자기주식취득신탁계약해지결정),4
에이텍모빌리티,224110,5,OK,,[기재정정]단일판매ㆍ공급계약체결              (+5),,2026-08-05: 임원ㆍ주요주주특정증권등소유상황보고서 | 2026-07-30: [기재정정]단일판매ㆍ공급계약체결              ,2
INVENI,015360,5,OK,,주식소각결정              (+5),,2026-08-11: 반기보고서 (2026.06) | 2026-08-10: 주식소각결정               | 2026-08-10: 임원ㆍ주요주주특정증권등소유상황보고서 | 2026-08-10: 주식등의대량보유상황보고서(일반) | 2026-08-10: 최대주주등소유주식변동신고서              ,5
DMS,068790,5,OK,,주요사항보고서(자기주식취득결정)(+5),,2026-08-12: [기재정정]주주총회소집결의              (임시주주총회) | 2026-07-21: 주주명부폐쇄기간또는기준일설정               | 2026-07-21: 주주총회소집결의              (임시주주총회) | 2026-07-21: 기업설명회(IR)개최               | 2026-07-20: 주요사항보고서(자기주식취득결정),7
큐브엔터,182360,5,OK,,주식소각결정              (+5),,2026-08-07: 주식등의대량보유상황보고서(일반) | 2026-07-23: 주식소각결정              ,2
대한방직,001070,5,OK,,[기재정정]주식소각결정              (+5),,2026-07-22: 주요사항보고서(자기주식취득신탁계약체결결정) | 2026-07-22: [기재정정]주식소각결정              ,2
심플랫폼,444530,5,OK,,단일판매ㆍ공급계약체결              (+5),,2026-08-03: 단일판매ㆍ공급계약체결               | 2026-07-20: 임원ㆍ주요주주특정증권등소유상황보고서,2
KSS해운,044450,5,OK,,주식소각결정              (+5),,2026-08-07: 임원ㆍ주요주주특정증권등소유상황보고서 | 2026-07-30: 주식소각결정               | 2026-07-21: 임원ㆍ주요주주특정증권등소유상황보고서,3
비트플래닛,049470,5,OK,,단일판매ㆍ공급계약체결              (+5),,2026-08-07: [기재정정]주요사항보고서(유형자산양수결정) | 2026-07-24: [기재정정]주요사항보고서(유형자산양수결정) | 2026-07-20: 단일판매ㆍ공급계약체결              ,3
인지소프트,100030,5,OK,,주요사항보고서(자기주식취득결정)(+5),,2026-08-03: 주요사항보고서(자기주식취득결정),1
한국종합기술,023350,5,OK,,[기재정정]단일판매ㆍ공급계약체결              (+5),,2026-07-24: [기재정정]단일판매ㆍ공급계약체결              ,1
우주일렉트로,065680,5,OK,,주식소각결정              (+5),,2026-08-07: 주식소각결정              ,1
우원개발,046940,5,OK,,[기재정정]단일판매ㆍ공급계약체결              (+5),,2026-07-24: [기재정정]단일판매ㆍ공급계약체결              ,1
에스티아이,039440,5,OK,,단일판매ㆍ공급계약체결(자율공시)              (+5),,2026-07-28: 단일판매ㆍ공급계약체결(자율공시)              ,1
다스코,058730,5,OK,,단일판매ㆍ공급계약체결              (+5),,2026-08-12: 단일판매ㆍ공급계약체결               | 2026-08-06: [기재정정]투자판단관련주요경영사항               | 2026-07-31: 주주총회소집결의               | 2026-07-31: 주주명부폐쇄기간또는기준일설정               | 2026-07-31: [기재정정]사업보고서 (2025.12),5
삼일,032280,5,OK,,주요사항보고서(자기주식취득결정)(+5),,2026-07-20: 주요사항보고서(자기주식취득결정),1
보성파워텍,006910,5,OK,,[기재정정]단일판매ㆍ공급계약체결              (+5),,2026-07-29: [기재정정]단일판매ㆍ공급계약체결              ,1
한국정보인증,053300,5,OK,,주식소각결정              (+5),,2026-08-12: 주식소각결정               | 2026-08-12: 주요사항보고서(자기주식취득신탁계약해지결정) | 2026-08-12: 신탁계약해지결과보고서,3
엑시큐어하이트론,019490,5,OK,,[기재정정]단일판매ㆍ공급계약체결              (+5),,2026-08-11: [기재정정]단일판매ㆍ공급계약체결              ,1
이노메트리,302430,5,OK,,[기재정정]단일판매ㆍ공급계약체결              (+5),,2026-07-30: [기재정정]단일판매ㆍ공급계약체결               | 2026-07-15: 신탁계약에의한취득상황보고서,2
데이타솔루션,263800,5,OK,,[기재정정]단일판매ㆍ공급계약체결              (+5),,2026-07-21: 임원ㆍ주요주주특정증권등소유상황보고서 | 2026-07-13: 임원ㆍ주요주주특정증권등소유상황보고서 | 2026-07-13: [기재정정]단일판매ㆍ공급계약체결              ,3
서남,294630,5,OK,,단일판매ㆍ공급계약체결              (+5),,2026-07-14: 단일판매ㆍ공급계약체결              ,1
지어소프트,051160,5,OK,,주요사항보고서(자기주식취득결정)(+5),,2026-08-12: 임원ㆍ주요주주특정증권등소유상황보고서 | 2026-08-04: 주요사항보고서(자기주식취득결정) | 2026-08-04: 임원ㆍ주요주주특정증권등소유상황보고서 | 2026-07-27: 임원ㆍ주요주주특정증권등소유상황보고서 | 2026-07-16: 임원ㆍ주요주주특정증권등소유상황보고서,5
LG,003550,5,OK,,주식소각결정(자회사의 주요경영사항)              (+5),,2026-08-11: 기업설명회(IR)개최(안내공시)               | 2026-08-11: 기업설명회(IR)개최(안내공시)               | 2026-08-11: 지급수단별ㆍ지급기간별지급금액및분쟁조정기구에관한사항 | 2026-07-30: 주식소각결정(자회사의 주요경영사항)               | 2026-07-29: 신규시설투자등(자회사의 주요경영사항)              ,13
부방,014470,5,OK,,주식소각결정              (+5),,2026-08-10: 주식등의대량보유상황보고서(일반) | 2026-08-10: 임원ㆍ주요주주특정증권등소유상황보고서 | 2026-08-04: 주식등의대량보유상황보고서(일반) | 2026-08-04: 임원ㆍ주요주주특정증권등소유상황보고서 | 2026-08-04: 주식소각결정              ,8
파이버프로,368770,5,OK,,단일판매ㆍ공급계약체결              (+5),,2026-07-23: 단일판매ㆍ공급계약체결              ,1
HB솔루션,297890,5,OK,,단일판매ㆍ공급계약체결              (+5),,2026-07-23: 단일판매ㆍ공급계약체결              ,1
퀄리타스반도체,432720,5,OK,,단일판매ㆍ공급계약체결              (+5),,2026-07-23: 단일판매ㆍ공급계약체결              ,1
자람테크놀로지,389020,5,OK,,단일판매ㆍ공급계약체결              (+5),,2026-08-03: 기타경영사항(자율공시)              (자기사채(제1회 무기명식 이권부 무보증 사모 전환사채)소각 결정의 건) | 2026-07-31: 전환사채(해외전환사채포함)발행후만기전사채취득               | 2026-07-13: 단일판매ㆍ공급계약체결              ,3
사피엔반도체,452430,5,OK,,단일판매ㆍ공급계약체결              (+5),,2026-08-12: 반기보고서 (2026.06) | 2026-08-04: 단일판매ㆍ공급계약체결              ,2
프레스티지바이오로직스,334970,5,OK,,[기재정정]단일판매ㆍ공급계약체결              (+5),,2026-07-31: [기재정정]단일판매ㆍ공급계약체결              ,1
서희건설,035890,5,OK,,[기재정정]단일판매ㆍ공급계약체결              (+5),,2026-07-28: [기재정정]단일판매ㆍ공급계약체결              ,1
일진전기,103590,5,OK,,[기재정정]단일판매ㆍ공급계약체결              (+5),,2026-08-11: 반기보고서 (2026.06) | 2026-07-30: [기재정정]단일판매ㆍ공급계약체결              ,2
비나텍,126340,5,OK,,단일판매ㆍ공급계약체결              (+5),,2026-08-11: 타법인주식및출자증권취득결정               | 2026-08-06: 주식등의대량보유상황보고서(일반) | 2026-07-28: 주식등의대량보유상황보고서(일반) | 2026-07-22: 단기차입금증가결정               | 2026-07-13: 단일판매ㆍ공급계약체결              ,5
플래티어,367000,5,OK,,단일판매ㆍ공급계약체결              (+5),,2026-08-05: 임원ㆍ주요주주특정증권등소유상황보고서 | 2026-07-29: 임원ㆍ주요주주특정증권등소유상황보고서 | 2026-07-22: 단일판매ㆍ공급계약체결               | 2026-07-21: 임원ㆍ주요주주특정증권등소유상황보고서,4
펨트론,168360,5,OK,,[기재정정]단일판매ㆍ공급계약체결              (+5),,2026-07-15: [기재정정]단일판매ㆍ공급계약체결              ,1
싸이버원,356890,5,OK,,[기재정정]단일판매ㆍ공급계약체결              (+5),,2026-07-31: [기재정정]단일판매ㆍ공급계약체결              ,1
와이투솔루션,011690,5,OK,,주식소각결정              (+5),,2026-08-10: 주식소각결정              ,1
인탑스,049070,5,OK,,주식소각결정              (+5),,2026-07-31: 현금ㆍ현물배당결정              (중간배당) | 2026-07-31: 주식소각결정               | 2026-07-31: 신탁계약해지결과보고서 | 2026-07-31: 주요사항보고서(자기주식취득신탁계약해지결정),4
엑셈,205100,5,OK,,주식소각결정              (+5),,2026-08-03: 주식병합결정               | 2026-08-03: 주주총회소집결의              (임시주주총회) | 2026-08-03: 주주명부폐쇄기간또는기준일설정               | 2026-07-30: 주식등의대량보유상황보고서(일반) | 2026-07-27: 임시주주총회결과              ,8
그린광학,0015G0,5,OK,,단일판매ㆍ공급계약체결              (+5),,2026-08-06: 단일판매ㆍ공급계약체결              ,1
그래디언트,035080,5,OK,,주식소각결정              (+5),,2026-08-10: 주식소각결정               | 2026-08-10: 주요사항보고서(자기주식취득신탁계약체결결정),2
PS일렉트로닉스,332570,5,OK,,단일판매ㆍ공급계약체결              (+5),,2026-08-11: 신탁계약해지결과보고서 | 2026-08-11: 주요사항보고서(자기주식취득신탁계약해지결정) | 2026-07-24: 주식등의대량보유상황보고서(일반) | 2026-07-22: 단일판매ㆍ공급계약체결              ,4
기가레인,049080,5,OK,,단일판매ㆍ공급계약체결(자율공시)              (+5),,2026-07-28: 주주명부폐쇄기간또는기준일설정               | 2026-07-28: 주주총회소집결의               | 2026-07-16: 단일판매ㆍ공급계약체결(자율공시)               | 2026-07-14: 조회공시요구(현저한시황변동)에대한답변(미확정)               | 2026-07-13: 조회공시요구(현저한시황변동)              ,5
바이넥스,053030,5,OK,,[기재정정]단일판매ㆍ공급계약체결              (+5),,2026-07-31: 주식등의대량보유상황보고서(일반) | 2026-07-28: [기재정정]단일판매ㆍ공급계약체결               | 2026-07-24: 주식등의대량보유상황보고서(일반),3
글로본,019660,5,OK,,단일판매ㆍ공급계약체결              (+5),,2026-08-04: 주식등의대량보유상황보고서(약식) | 2026-07-15: 타인에대한담보제공결정               | 2026-07-15: 단일판매ㆍ공급계약체결              ,3
이지케어텍,099750,5,OK,,단일판매ㆍ공급계약체결              (+5),,2026-08-07: 분기보고서 (2026.06) | 2026-07-30: 단일판매ㆍ공급계약체결               | 2026-07-23: 주주총회소집결의              (임시주주총회) | 2026-07-23: 주주명부폐쇄기간또는기준일설정               | 2026-07-14: 임원ㆍ주요주주특정증권등소유상황보고서,6
케이엔알시스템,199430,5,OK,,[기재정정]단일판매ㆍ공급계약체결              (+5),,2026-07-31: [기재정정]단일판매ㆍ공급계약체결              ,1
비츠로테크,042370,5,OK,,단일판매ㆍ공급계약체결(자회사의 주요경영사항)              (+5),,2026-08-06: 단일판매ㆍ공급계약체결(자회사의 주요경영사항)              ,1
엔젯,419080,5,OK,,단일판매ㆍ공급계약체결              (+5),,2026-07-24: 단일판매ㆍ공급계약체결               | 2026-07-21: 임원ㆍ주요주주특정증권등소유상황보고서,2
빙그레,005180,5,OK,,주식소각결정              (+5),,2026-08-11: 주식소각결정               | 2026-08-11: 공정거래자율준수프로그램운영현황(안내공시)              ,2
비아트론,141000,5,OK,,[기재정정]단일판매ㆍ공급계약체결              (+5),,2026-07-30: [기재정정]단일판매ㆍ공급계약체결              ,1
유진로봇,056080,5,OK,,단일판매ㆍ공급계약체결              (+5),,2026-08-11: 단일판매ㆍ공급계약체결               | 2026-07-24: 임원ㆍ주요주주특정증권등소유상황보고서 | 2026-07-16: 주식등의대량보유상황보고서(일반),3
브리지텍,064480,5,OK,,단일판매ㆍ공급계약체결(자율공시)              (+5),,2026-08-12: 반기보고서 (2026.06) | 2026-07-28: 단일판매ㆍ공급계약체결(자율공시)              ,2
성우테크론,045300,5,OK,,[기재정정]단일판매ㆍ공급계약체결              (+5),,2026-08-06: 주주총회소집결의              (임시주주총회) | 2026-08-06: 주주명부폐쇄기간또는기준일설정               | 2026-07-29: [기재정정]단일판매ㆍ공급계약체결              ,3
엠앤씨솔루션,484870,5,OK,,단일판매ㆍ공급계약체결              (+5),,2026-08-11: 풍문또는보도에대한해명(미확정)               | 2026-08-10: 주식등의대량보유상황보고서(약식) | 2026-07-23: 단일판매ㆍ공급계약체결               | 2026-07-14: 독립이사의선임ㆍ해임또는중도퇴임에관한신고 | 2026-07-14: 임시주주총회결과              ,5
세미티에스,0017J0,5,OK,,단일판매ㆍ공급계약체결              (+5),,2026-08-12: 단일판매ㆍ공급계약체결               | 2026-08-11: 반기보고서 (2026.06),2
오늘이엔엠,192410,5,OK,,단일판매ㆍ공급계약체결              (+5),,2026-08-10: 단일판매ㆍ공급계약체결              ,1
머큐리,100590,5,OK,,단일판매ㆍ공급계약체결              (+5),,2026-07-23: 단일판매ㆍ공급계약체결              ,1
스맥,099440,5,OK,,단일판매ㆍ공급계약체결(자율공시)              (+5),,2026-07-27: 주식등의대량보유상황보고서(일반) | 2026-07-23: 임원ㆍ주요주주특정증권등소유상황보고서 | 2026-07-14: 단일판매ㆍ공급계약체결(자율공시)               | 2026-07-13: 임원ㆍ주요주주특정증권등소유상황보고서,4
SCL사이언스,246960,5,OK,,단일판매ㆍ공급계약체결              (+5),,2026-08-10: 단일판매ㆍ공급계약체결               | 2026-08-06: 임원ㆍ주요주주특정증권등소유상황보고서 | 2026-08-06: [기재정정]임원ㆍ주요주주특정증권등소유상황보고서,3
포바이포,389140,5,OK,,[기재정정]단일판매ㆍ공급계약체결(자율공시)              (+5),,2026-07-27: [기재정정]단일판매ㆍ공급계약체결(자율공시)              ,1
트윔,290090,5,OK,,단일판매ㆍ공급계약체결              (+5),,2026-07-20: 단일판매ㆍ공급계약체결              ,1
위세아이텍,065370,5,OK,,[기재정정]단일판매ㆍ공급계약체결              (+5),,2026-08-06: [기재정정]단일판매ㆍ공급계약체결              ,1
링크제니시스,219420,5,OK,,단일판매ㆍ공급계약체결(자율공시)              (+5),,2026-07-15: 단일판매ㆍ공급계약체결(자율공시)              ,1
파인테크닉스,106240,5,OK,,단일판매ㆍ공급계약체결(자율공시)              (+5),,2026-08-05: 의결권대리행사권유참고서류 | 2026-08-05: 주주총회소집공고 | 2026-08-04: 전환청구권행사               | 2026-08-04: 전환사채(해외전환사채포함)발행후만기전사채취득               | 2026-07-31: [기재정정]주주총회소집결의              (임시주주총회),9
뱅크웨어글로벌,199480,5,OK,,단일판매ㆍ공급계약체결              (+5),,2026-08-11: 단일판매ㆍ공급계약체결               | 2026-08-05: 임원ㆍ주요주주특정증권등소유상황보고서 | 2026-07-15: [기재정정]주식매수선택권부여에관한신고,3
범한퓨얼셀,382900,5,OK,,단일판매ㆍ공급계약체결              (+5),,2026-07-20: 단일판매ㆍ공급계약체결              ,1
케이쓰리아이,431190,5,OK,,[기재정정]단일판매ㆍ공급계약체결(자율공시)              (+5),,2026-07-20: [기재정정]단일판매ㆍ공급계약체결(자율공시)              ,1
웰크론한텍,076080,5,OK,,단일판매ㆍ공급계약체결              (+5),,2026-08-12: 임원ㆍ주요주주특정증권등소유상황보고서 | 2026-08-12: 임원ㆍ주요주주특정증권등소유상황보고서 | 2026-08-04: 단일판매ㆍ공급계약체결               | 2026-07-20: 임원ㆍ주요주주특정증권등소유상황보고서,4
디와이피엔에프,104460,5,OK,,[기재정정]단일판매ㆍ공급계약체결              (+5),,2026-07-30: [기재정정]단일판매ㆍ공급계약체결              ,1
원익,032940,5,OK,,주식소각결정              (+5),,2026-07-23: 주식소각결정              ,1
넥사다이내믹스,351320,5,OK,,[기재정정]단일판매ㆍ공급계약체결              (+5),,2026-08-07: 유형자산처분결정(종속회사의주요경영사항)               | 2026-08-04: [기재정정]단일판매ㆍ공급계약체결               | 2026-07-23: [기재정정]주주총회소집결의              (임시주주총회),3
인지컨트롤스,023800,5,OK,,단일판매ㆍ공급계약체결              (+5),,2026-08-12: 단일판매ㆍ공급계약체결               | 2026-07-16: [기재정정]타인에대한채무보증결정              ,2
파미셀,005690,5,OK,,단일판매ㆍ공급계약체결              (+5),,2026-08-12: 반기보고서 (2026.06) | 2026-08-07: 단일판매ㆍ공급계약체결               | 2026-07-28: [기재정정]신규시설투자등              ,3
송우인포텍,0203K0,5,OK,,단일판매ㆍ공급계약체결(자율공시)              (+5),,2026-08-10: 주요사항보고서(유형자산양수결정) | 2026-08-05: 단일판매ㆍ공급계약체결(자율공시)               | 2026-07-27: 사업보고서 (2025.12) | 2026-07-23: 임원ㆍ주요주주특정증권등소유상황보고서 | 2026-07-23: 임원ㆍ주요주주특정증권등소유상황보고서,6
에스지헬스케어,398120,5,OK,,[기재정정]단일판매ㆍ공급계약체결(자율공시)              (+5),,2026-07-24: [기재정정]단일판매ㆍ공급계약체결(자율공시)              ,1
아이앤씨,052860,5,OK,,단일판매ㆍ공급계약체결              (+5),,2026-07-13: 단일판매ㆍ공급계약체결              ,1
와이솔,122990,5,OK,,[기재정정]주식소각결정              (+5),,2026-08-12: 신탁계약해지결과보고서 | 2026-08-11: 임원ㆍ주요주주특정증권등거래계획보고서 | 2026-08-11: [기재정정]주식소각결정               | 2026-08-11: 주요사항보고서(자기주식취득신탁계약해지결정),4
한국주강,025890,5,OK,,단일판매ㆍ공급계약체결              (+5),,2026-08-12: 최대주주등소유주식변동신고서               | 2026-08-12: 임원ㆍ주요주주특정증권등소유상황보고서 | 2026-08-12: 주식등의대량보유상황보고서(일반) | 2026-08-11: 최대주주등소유주식변동신고서               | 2026-08-11: 임원ㆍ주요주주특정증권등소유상황보고서,11
유니테스트,086390,5,OK,,단일판매ㆍ공급계약체결              (+5),,2026-07-23: 단일판매ㆍ공급계약체결              ,1
탑머티리얼,360070,5,OK,,단일판매ㆍ공급계약체결              (+5),,2026-07-13: 단일판매ㆍ공급계약체결              ,1
에스비비테크,389500,5,OK,,[기재정정]단일판매ㆍ공급계약체결              (+5),,2026-07-28: [기재정정]단일판매ㆍ공급계약체결              ,1
한진칼,180640,5,OK,,주식소각결정(자회사의 주요경영사항)              (+5),,2026-08-12: 주식소각결정(자회사의 주요경영사항)               | 2026-08-11: 주식등의대량보유상황보고서(일반) | 2026-08-11: 임원ㆍ주요주주특정증권등소유상황보고서 | 2026-07-30: [기재정정]타법인주식및출자증권취득결정(자회사의 주요경영사항)               | 2026-07-14: 중대재해발생(자회사의 주요경영사항)              ,5
한익스프레스,014130,5,OK,,주요사항보고서(자기주식취득결정)(+5),,2026-07-16: 주요사항보고서(자기주식취득결정),1
태영건설,009410,5,OK,,단일판매ㆍ공급계약체결              (+5),,2026-07-16: 특수관계인과의내부거래 | 2026-07-16: 단일판매ㆍ공급계약체결              ,2
한국카본,017960,5,OK,,[기재정정]단일판매ㆍ공급계약체결              (+5),,2026-07-23: [기재정정]단일판매ㆍ공급계약체결              ,1
디바이스,187870,5,OK,,단일판매ㆍ공급계약체결              (+5),,2026-08-05: 임원ㆍ주요주주특정증권등소유상황보고서 | 2026-08-05: 임원ㆍ주요주주특정증권등소유상황보고서 | 2026-08-05: 임원ㆍ주요주주특정증권등소유상황보고서 | 2026-08-05: 임원ㆍ주요주주특정증권등소유상황보고서 | 2026-08-05: 임원ㆍ주요주주특정증권등소유상황보고서,13
에스제이그룹,306040,5,OK,,주식소각결정              (+5),,2026-07-15: 임원ㆍ주요주주특정증권등거래계획보고서 | 2026-07-15: 주식소각결정              ,2
디앤디파마텍,347850,5,OK,,[기재정정]단일판매ㆍ공급계약체결              (+5),,2026-07-14: [기재정정]단일판매ㆍ공급계약체결              ,1
태웅로직스,124560,5,OK,,주식소각결정              (상환전환우선주)(+5),,2026-08-12: 주식소각결정              (상환전환우선주) | 2026-08-10: 자기주식취득결과보고서 | 2026-08-03: 주식등의대량보유상황보고서(일반) | 2026-07-15: 주식등의대량보유상황보고서(일반),4
시공테크,020710,5,OK,,[기재정정]단일판매ㆍ공급계약체결              (+5),,2026-07-13: [기재정정]단일판매ㆍ공급계약체결              ,1
SK디스커버리,006120,5,OK,,자기주식취득결정(자회사의 주요경영사항)              (+5),,2026-08-12: [기재정정]현금ㆍ현물배당결정(자회사의 주요경영사항)               | 2026-08-11: 지주회사의자회사탈퇴               | 2026-08-11: [기재정정]타법인주식및출자증권처분결정               | 2026-08-11: [기재정정]타법인주식및출자증권처분결정(자율공시)               | 2026-08-05: [기재정정]타법인주식및출자증권처분결정(자율공시)              ,18
휴니드테크놀러지스,005870,5,OK,,[기재정정]단일판매ㆍ공급계약체결              (+5),,2026-07-28: 주식등의대량보유상황보고서(일반) | 2026-07-23: 주식등의대량보유상황보고서(일반) | 2026-07-22: [기재정정]단일판매ㆍ공급계약체결               | 2026-07-16: 주식등의대량보유상황보고서(일반),4
파인텍,131760,5,OK,,단일판매ㆍ공급계약체결              (+5),,2026-08-04: 주식등의대량보유상황보고서(일반) | 2026-08-04: 임원ㆍ주요주주특정증권등소유상황보고서 | 2026-07-24: 단일판매ㆍ공급계약체결              ,3
삼화네트웍스,046390,5,OK,,[기재정정]단일판매ㆍ공급계약체결              (+5),,2026-08-04: [기재정정]단일판매ㆍ공급계약체결               | 2026-08-03: 주식등의대량보유상황보고서(일반),2
SGA솔루션즈,184230,5,OK,,주식소각결정              (+5),,2026-08-12: 주식소각결정               | 2026-08-05: 주식등의대량보유상황보고서(일반) | 2026-07-31: [기재정정]주식등의대량보유상황보고서(약식) | 2026-07-30: 주식등의대량보유상황보고서(약식) | 2026-07-29: 전환가액의조정              ,5
에이프로,262260,5,OK,,[기재정정]단일판매ㆍ공급계약체결              (+5),,2026-07-31: [기재정정]사업보고서 (2025.12) | 2026-07-31: [기재정정]단일판매ㆍ공급계약체결               | 2026-07-15: 임시주주총회결과              ,3
대덕,008060,5,OK,,[기재정정]주식소각결정(자회사의 주요경영사항)              (+5),,2026-08-12: 임원ㆍ주요주주특정증권등소유상황보고서 | 2026-08-11: [기재정정]주식소각결정(자회사의 주요경영사항)               | 2026-08-11: 주요사항보고서(자기주식취득신탁계약해지결정)(자회사의 주요경영사항)               | 2026-07-20: 신규시설투자등(자회사의 주요경영사항)              ,4
디알젬,263690,5,OK,,단일판매ㆍ공급계약체결              (+5),,2026-07-22: 단일판매ㆍ공급계약체결              ,1
엑시콘,092870,5,OK,,[기재정정]단일판매ㆍ공급계약체결              (+5),,2026-08-04: 임원ㆍ주요주주특정증권등소유상황보고서 | 2026-08-04: 주식등의대량보유상황보고서(일반) | 2026-07-27: [기재정정]단일판매ㆍ공급계약체결              ,3
세진티에스,067770,5,OK,,주요사항보고서(자기주식취득결정)(+5),,2026-08-10: 임시주주총회결과               | 2026-07-31: 주요사항보고서(자기주식취득결정) | 2026-07-31: 신탁계약해지결과보고서 | 2026-07-31: 주요사항보고서(자기주식취득신탁계약해지결정) | 2026-07-22: 주주총회소집공고,5
리메드,302550,5,OK,,[첨부추가]주식소각결정              (+5),,2026-08-12: 반기보고서 (2026.06) | 2026-07-23: [첨부추가]주식소각결정               | 2026-08-04: 주요사항보고서(자기주식취득신탁계약체결결정) | 2026-08-03: 주요사항보고서(자기주식취득신탁계약해지결정) | 2026-08-03: 신탁계약해지결과보고서,6
남양유업,003920,5,OK,,주식소각결정              (+5),,2026-07-31: 임원ㆍ주요주주특정증권등소유상황보고서 | 2026-07-15: 주식소각결정               | 2026-07-15: 최대주주등소유주식변동신고서               | 2026-07-13: 신탁계약해지결과보고서 | 2026-07-13: 주요사항보고서(자기주식취득신탁계약해지결정),5
드림씨아이에스,223250,5,OK,,[기재정정]단일판매ㆍ공급계약체결              (+5),,2026-08-11: [기재정정]단일판매ㆍ공급계약체결              ,1
데이터스트림즈,199150,5,OK,,단일판매ㆍ공급계약체결(자율공시)              (+5),,2026-08-11: 단일판매ㆍ공급계약체결(자율공시)              ,1
핌스,347770,5,OK,,주식소각결정              (+5),,2026-07-23: 주식소각결정               | 2026-07-22: 자기주식취득결과보고서,2
인터엠,017250,5,OK,,주요사항보고서(자기주식취득결정)(+5),,2026-07-20: 주요사항보고서(자기주식취득결정) | 2026-07-16: 임원ㆍ주요주주특정증권등소유상황보고서,2
티와이홀딩스,363280,5,OK,,단일판매ㆍ공급계약체결(자회사의 주요경영사항)              (+5),,2026-08-10: 지급수단별ㆍ지급기간별지급금액및분쟁조정기구에관한사항 | 2026-07-16: 단일판매ㆍ공급계약체결(자회사의 주요경영사항)              ,2
에이럭스,475580,5,OK,,단일판매ㆍ공급계약체결              (+5),,2026-07-31: [기재정정]타법인주식및출자증권취득결정               | 2026-07-31: [기재정정]타법인주식및출자증권처분결정               | 2026-07-30: 단일판매ㆍ공급계약체결              ,3
미스토홀딩스,081660,5,OK,,주요사항보고서(자기주식취득결정)(+5),,2026-08-12: 주요사항보고서(자기주식취득결정) | 2026-08-11: 기업설명회(IR)개최(안내공시)               | 2026-08-11: 자기주식취득결과보고서 | 2026-07-28: 주식등의대량보유상황보고서(일반),4
NHN,181710,6,OK,,연결재무제표기준영업(잠정)실적(공정공시)              (+3) | 영업(잠정)실적(공정공시)              (+3),,2026-08-11: 기업설명회(IR)개최(안내공시)               | 2026-08-11: 기업설명회(IR)개최(안내공시)               | 2026-08-11: 연결재무제표기준영업(잠정)실적(공정공시)               | 2026-08-11: 영업(잠정)실적(공정공시)               | 2026-08-07: 주식등의대량보유상황보고서(일반),9
삼성전자,005930,6,OK,,[기재정정]연결재무제표기준영업(잠정)실적(공정공시)              (+3) | 연결재무제표기준영업(잠정)실적(공정공시)              (+3),,2026-08-11: 임원ㆍ주요주주특정증권등소유상황보고서 | 2026-08-11: 임원ㆍ주요주주특정증권등소유상황보고서 | 2026-08-10: 임원ㆍ주요주주특정증권등소유상황보고서 | 2026-08-10: 임원ㆍ주요주주특정증권등소유상황보고서 | 2026-08-10: 임원ㆍ주요주주특정증권등소유상황보고서,100
에스폴리텍,050760,6,OK,,영업(잠정)실적(공정공시)              (+3) | 연결재무제표기준영업(잠정)실적(공정공시)              (+3),,2026-07-28: 영업(잠정)실적(공정공시)               | 2026-07-28: 연결재무제표기준영업(잠정)실적(공정공시)              ,2
녹십자웰빙,234690,6,OK,,[기재정정]연결재무제표기준영업(잠정)실적(공정공시)              (+3) | 연결재무제표기준영업(잠정)실적(공정공시)              (+3),,2026-07-31: [기재정정]연결재무제표기준영업(잠정)실적(공정공시)               | 2026-07-31: 연결재무제표기준영업(잠정)실적(공정공시)               | 2026-07-13: 공정거래자율준수프로그램운영현황              ,3
기아,000270,6,OK,,영업(잠정)실적(공정공시)              (+3) | 연결재무제표기준영업(잠정)실적(공정공시)              (+3),,2026-08-12: 특수관계인으로부터기타유가증권매수 | 2026-08-10: 기업설명회(IR)개최(안내공시)               | 2026-08-03: 영업(잠정)실적(공정공시)               | 2026-07-30: 기업설명회(IR)개최(안내공시)               | 2026-07-29: 특수관계인으로부터기타유가증권매수,11
POSCO홀딩스,005490,6,OK,,영업(잠정)실적(공정공시)(자회사의 주요경영사항)              (+3) | 연결재무제표기준영업(잠정)실적(공정공시)              (+3),,2026-08-07: 타법인주식및출자증권처분결정(자율공시)               | 2026-08-07: 타법인주식및출자증권처분결정               | 2026-08-07: 전환가액ㆍ신주인수권행사가액ㆍ교환가액의조정(안내공시)               | 2026-08-07: 현금ㆍ현물배당결정               | 2026-08-07: 현금ㆍ현물배당을위한주주명부폐쇄(기준일)결정              ,12
콜마바이오텍,215380,6,OK,,[기재정정]주요사항보고서(회사합병결정)(+3) | 주요사항보고서(회사합병결정)(+3),,2026-07-21: [기재정정]주요사항보고서(회사합병결정) | 2026-07-20: 주요사항보고서(회사합병결정),2
카카오,035720,6,OK,,연결재무제표기준영업(잠정)실적(공정공시)              (+3) | 영업(잠정)실적(공정공시)              (+3),,2026-08-06: 연결재무제표기준영업(잠정)실적(공정공시)               | 2026-08-06: 영업(잠정)실적(공정공시)               | 2026-08-03: 주식등의대량보유상황보고서(약식) | 2026-07-27: 기업설명회(IR)개최(안내공시)               | 2026-07-16: 기업설명회(IR)개최(안내공시)              ,7
산일전기,062040,6,OK,,연결재무제표기준영업(잠정)실적(공정공시)              (+3) | 영업(잠정)실적(공정공시)              (+3),,2026-08-07: 연결재무제표기준영업(잠정)실적(공정공시)               | 2026-08-07: 영업(잠정)실적(공정공시)               | 2026-07-29: 주식등의대량보유상황보고서(일반) | 2026-07-29: 임원ㆍ주요주주특정증권등소유상황보고서 | 2026-07-29: 최대주주등소유주식변동신고서              ,6
윈스테크넷,136540,6,OK,,영업(잠정)실적(공정공시)              (+3) | 연결재무제표기준영업(잠정)실적(공정공시)              (+3),,2026-07-30: 영업(잠정)실적(공정공시)               | 2026-07-30: 연결재무제표기준영업(잠정)실적(공정공시)              ,2
한국콜마,161890,6,OK,,연결재무제표기준영업(잠정)실적(공정공시)              (+3) | 영업(잠정)실적(공정공시)              (+3),,2026-08-12: 연결재무제표기준영업(잠정)실적(공정공시)               | 2026-08-12: 영업(잠정)실적(공정공시)               | 2026-07-30: 기업설명회(IR)개최(안내공시)               | 2026-07-30: 결산실적공시예고(안내공시)               | 2026-07-27: 최대주주등소유주식변동신고서              ,5
야스,255440,6,OK,,연결재무제표기준영업(잠정)실적(공정공시)              (+3) | 영업(잠정)실적(공정공시)              (+3),,2026-08-11: 임원ㆍ주요주주특정증권등소유상황보고서 | 2026-08-11: 주식등의대량보유상황보고서(일반) | 2026-08-04: 임원ㆍ주요주주특정증권등소유상황보고서 | 2026-08-04: 주식등의대량보유상황보고서(일반) | 2026-07-31: 단기차입금증가결정              ,8
포스코스틸리온,058430,6,OK,,연결재무제표기준영업(잠정)실적(공정공시)              (+3) | 영업(잠정)실적(공정공시)              (+3),,2026-07-30: 지급수단별ㆍ지급기간별지급금액및분쟁조정기구에관한사항 | 2026-07-30: 연결재무제표기준영업(잠정)실적(공정공시)               | 2026-07-30: 영업(잠정)실적(공정공시)               | 2026-07-23: 기업설명회(IR)개최(안내공시)              ,4
한컴,030520,6,OK,,연결재무제표기준영업(잠정)실적(공정공시)              (+3) | 영업(잠정)실적(공정공시)              (+3),,2026-08-04: 기업가치제고계획예고               | 2026-07-30: 연결재무제표기준영업(잠정)실적(공정공시)               | 2026-07-30: 영업(잠정)실적(공정공시)               | 2026-07-13: 주식등의대량보유상황보고서(일반),4
인크로스,216050,6,OK,,연결재무제표기준영업(잠정)실적(공정공시)              (+3) | 영업(잠정)실적(공정공시)              (+3),,2026-08-07: 연결재무제표기준영업(잠정)실적(공정공시)               | 2026-08-07: 영업(잠정)실적(공정공시)              ,2
더블유게임즈,192080,6,OK,,연결재무제표기준영업(잠정)실적(공정공시)              (+3) | 영업(잠정)실적(공정공시)              (+3),,2026-08-12: 연결재무제표기준영업(잠정)실적(공정공시)               | 2026-08-12: 영업(잠정)실적(공정공시)               | 2026-07-31: 기업설명회(IR)개최(안내공시)               | 2026-07-31: 결산실적공시예고(안내공시)               | 2026-07-24: [기재정정]사업보고서 (2025.12),5
한솔제지,213500,6,OK,,연결재무제표기준영업(잠정)실적(공정공시)              (+3) | 영업(잠정)실적(공정공시)              (+3),,2026-08-05: 현금ㆍ현물배당결정               | 2026-08-05: 현금ㆍ현물배당을위한주주명부폐쇄(기준일)결정               | 2026-07-30: 연결재무제표기준영업(잠정)실적(공정공시)               | 2026-07-30: 영업(잠정)실적(공정공시)              ,4
한국가스공사,036460,6,OK,,영업(잠정)실적(공정공시)              (+3) | 연결재무제표기준영업(잠정)실적(공정공시)              (+3),,2026-08-11: 의결권대리행사권유참고서류 | 2026-08-11: 주주총회소집공고 | 2026-08-10: 영업(잠정)실적(공정공시)               | 2026-08-07: 주주총회소집결의               | 2026-08-07: 연결재무제표기준영업(잠정)실적(공정공시)              ,9
한중엔시에스,107640,6,OK,,[기재정정]주요사항보고서(회사합병결정)(+3) | 주요사항보고서(회사합병결정)(+3),,2026-08-04: 주식등의대량보유상황보고서(일반) | 2026-08-04: 임원ㆍ주요주주특정증권등소유상황보고서 | 2026-07-31: 임원ㆍ주요주주특정증권등소유상황보고서 | 2026-07-30: 임원ㆍ주요주주특정증권등소유상황보고서 | 2026-07-30: 주식등의대량보유상황보고서(일반),16
풍산,103140,6,OK,,연결재무제표기준영업(잠정)실적(공정공시)              (+3) | 영업(잠정)실적(공정공시)              (+3),,2026-08-12: 임원ㆍ주요주주특정증권등소유상황보고서 | 2026-08-12: 최대주주등소유주식변동신고서               | 2026-07-31: 연결재무제표기준영업(잠정)실적(공정공시)               | 2026-07-31: 영업(잠정)실적(공정공시)               | 2026-07-28: 기업설명회(IR)개최(안내공시)              ,5
싸이토젠,217330,6,OK,,[첨부정정]주요사항보고서(회사합병결정)(+3) | 주요사항보고서(회사합병결정)(+3),,2026-08-10: 주식매수선택권부여에관한신고 | 2026-08-10: 임시주주총회결과               | 2026-07-30: [첨부정정]주요사항보고서(회사합병결정) | 2026-07-30: 주주명부폐쇄기간또는기준일설정               | 2026-07-29: 주요사항보고서(회사합병결정),6
광주신세계,037710,6,OK,,영업(잠정)실적(공정공시)              (+3) | 영업(잠정)실적(공정공시)              (+3),,2026-08-11: 영업(잠정)실적(공정공시)               | 2026-08-11: 영업(잠정)실적(공정공시)              ,2
심텍홀딩스,036710,6,OK,,연결재무제표기준영업(잠정)실적(공정공시)              (+3) | [기재정정]회사합병결정(종속회사의주요경영사항)              (+3),,2026-08-07: 연결재무제표기준영업(잠정)실적(공정공시)               | 2026-07-15: [기재정정]회사합병결정(종속회사의주요경영사항)              ,2
TS트릴리온,317240,6,OK,,연결재무제표기준영업(잠정)실적(공정공시)              (+3) | 영업(잠정)실적(공정공시)              (+3),,2026-08-12: [기재정정]주주총회소집결의               | 2026-08-12: 연결재무제표기준영업(잠정)실적(공정공시)               | 2026-08-04: 영업(잠정)실적(공정공시)               | 2026-07-27: 임원ㆍ주요주주특정증권등소유상황보고서 | 2026-07-20: 주주명부폐쇄기간또는기준일설정              ,6
NHN KCP,060250,6,OK,,영업(잠정)실적(공정공시)              (+3) | 연결재무제표기준영업(잠정)실적(공정공시)              (+3),,2026-08-11: 영업(잠정)실적(공정공시)               | 2026-08-11: 연결재무제표기준영업(잠정)실적(공정공시)              ,2
헥토이노베이션,214180,6,OK,,[기재정정]연결재무제표기준영업(잠정)실적(공정공시)              (+3) | 연결재무제표기준영업(잠정)실적(공정공시)              (+3),,2026-08-07: [기재정정]연결재무제표기준영업(잠정)실적(공정공시)               | 2026-08-07: 연결재무제표기준영업(잠정)실적(공정공시)              ,2
KG스틸,016380,6,OK,,연결재무제표기준영업(잠정)실적(공정공시)              (+3) | 영업(잠정)실적(공정공시)              (+3),,2026-07-31: 타인에대한담보제공결정               | 2026-07-31: [기재정정]주요사항보고서(타법인주식및출자증권양수결정) | 2026-07-29: 연결재무제표기준영업(잠정)실적(공정공시)               | 2026-07-29: 영업(잠정)실적(공정공시)               | 2026-07-24: 기업설명회(IR)개최(안내공시)              ,5
SK텔레콤,017670,6,OK,,연결재무제표기준영업(잠정)실적(공정공시)              (+3) | 영업(잠정)실적(공정공시)              (+3),,2026-08-07: 풍문또는보도에대한해명(미확정)               | 2026-08-05: 연결재무제표기준영업(잠정)실적(공정공시)               | 2026-08-05: 영업(잠정)실적(공정공시)               | 2026-08-03: 주식등의대량보유상황보고서(약식) | 2026-08-03: 임원ㆍ주요주주특정증권등소유상황보고서,13
한화투자증권,003530,6,OK,,영업(잠정)실적(공정공시)              (+3) | 연결재무제표기준영업(잠정)실적(공정공시)              (+3),,2026-08-12: 증권발행실적보고서 | 2026-08-12: 증권발행실적보고서 | 2026-08-12: 증권발행실적보고서 | 2026-08-12: 증권발행실적보고서 | 2026-08-12: 증권발행실적보고서,100
플레이디,237820,6,OK,,영업(잠정)실적(공정공시)              (+3) | 연결재무제표기준영업(잠정)실적(공정공시)              (+3),,2026-07-27: 영업(잠정)실적(공정공시)               | 2026-07-27: 연결재무제표기준영업(잠정)실적(공정공시)              ,2
평화산업,090080,6,OK,,연결재무제표기준영업(잠정)실적(공정공시)              (+3) | 영업(잠정)실적(공정공시)              (+3),,2026-08-10: 임원ㆍ주요주주특정증권등소유상황보고서 | 2026-08-10: 주식등의대량보유상황보고서(일반) | 2026-08-10: 최대주주등소유주식변동신고서               | 2026-07-31: 임원ㆍ주요주주특정증권등소유상황보고서 | 2026-07-31: 주식등의대량보유상황보고서(일반),16
동원산업,006040,6,OK,,영업(잠정)실적(공정공시)              (+3) | 연결재무제표기준영업(잠정)실적(공정공시)              (+3),,2026-08-12: 타인에대한채무보증결정               | 2026-08-12: 현금ㆍ현물배당결정               | 2026-08-12: 현금ㆍ현물배당을위한주주명부폐쇄(기준일)결정               | 2026-08-12: 영업(잠정)실적(공정공시)               | 2026-08-12: 연결재무제표기준영업(잠정)실적(공정공시)              ,12
아시아나항공,020560,6,OK,,[첨부정정]주요사항보고서(회사합병결정)(+3) | [기재정정]주요사항보고서(회사합병결정)(+3),,2026-08-12: 임시주주총회결과               | 2026-07-28: 의결권대리행사권유참고서류 | 2026-07-28: 주주총회소집공고 | 2026-07-24: [기재정정]중대재해발생(종속회사의주요경영사항)               | 2026-07-14: [첨부정정]주요사항보고서(회사합병결정),6
안랩,053800,6,OK,,연결재무제표기준영업(잠정)실적(공정공시)              (+3) | 영업(잠정)실적(공정공시)              (+3),,2026-08-07: 주식등의대량보유상황보고서(일반) | 2026-08-07: 임원ㆍ주요주주특정증권등소유상황보고서 | 2026-08-05: 주식등의대량보유상황보고서(약식) | 2026-07-29: 임원ㆍ주요주주특정증권등소유상황보고서 | 2026-07-29: 연결재무제표기준영업(잠정)실적(공정공시)              ,7
GKL,114090,6,OK,,연결재무제표기준영업(잠정)실적(공정공시)              (+3) | 영업(잠정)실적(공정공시)              (+3),,2026-08-11: 신규시설투자등               | 2026-08-11: 연결재무제표기준영업(잠정)실적(공정공시)               | 2026-08-11: 현금ㆍ현물배당을위한주주명부폐쇄(기준일)결정               | 2026-08-11: 현금ㆍ현물배당결정               | 2026-08-04: 영업(잠정)실적(공정공시)              ,6
한화생명,088350,6,OK,,연결재무제표기준영업(잠정)실적(공정공시)              (+3) | 영업(잠정)실적(공정공시)              (+3),,2026-08-12: 연결재무제표기준영업(잠정)실적(공정공시)               | 2026-08-12: 영업(잠정)실적(공정공시)               | 2026-07-30: 조회공시요구(풍문또는보도)에대한답변(미확정)               | 2026-07-28: 기업설명회(IR)개최(안내공시)               | 2026-07-14: [기재정정]계열금융회사의약관에의한금융거래-[유가증권-수익증권],9
케이아이엔엑스,093320,6,OK,,영업(잠정)실적(공정공시)              (+3) | 연결재무제표기준영업(잠정)실적(공정공시)              (+3),,2026-08-12: 영업(잠정)실적(공정공시)               | 2026-08-12: 연결재무제표기준영업(잠정)실적(공정공시)               | 2026-07-22: 임원ㆍ주요주주특정증권등소유상황보고서 | 2026-07-16: 주식등의대량보유상황보고서(약식) | 2026-07-13: 임원ㆍ주요주주특정증권등소유상황보고서,5
S&K폴리텍,091340,6,OK,,[기재정정]주요사항보고서(회사합병결정)(+3) | [첨부추가]주요사항보고서(회사합병결정)(+3),,2026-07-31: [기재정정]주요사항보고서(회사합병결정) | 2026-07-13: [첨부추가]주요사항보고서(회사합병결정) | 2026-07-15: 주주명부폐쇄기간또는기준일설정              ,3
카카오페이,377300,6,OK,,연결재무제표기준영업(잠정)실적(공정공시)              (+3) | 영업(잠정)실적(공정공시)              (+3),,2026-08-04: 연결재무제표기준영업(잠정)실적(공정공시)               | 2026-08-04: 영업(잠정)실적(공정공시)               | 2026-08-03: [기재정정]주식매수선택권부여에관한신고 | 2026-08-03: [기재정정]주식매수선택권부여에관한신고 | 2026-07-20: 기업설명회(IR)개최(안내공시)              ,7
현대제철,004020,6,OK,,연결재무제표기준영업(잠정)실적(공정공시)              (+3) | 영업(잠정)실적(공정공시)              (+3),,2026-08-03: 연결재무제표기준영업(잠정)실적(공정공시)               | 2026-08-03: 영업(잠정)실적(공정공시)               | 2026-07-31: 지속가능경영보고서등관련사항(자율공시)               | 2026-07-24: 공정거래자율준수프로그램운영현황(안내공시)               | 2026-07-24: 약관에의한금융거래시계열금융회사의거래상대방의공시,8
메타케어,118000,6,OK,,[첨부정정]주요사항보고서(회사합병결정)(+3) | 주요사항보고서(회사합병결정)(+3),,2026-07-29: [첨부정정]주요사항보고서(회사합병결정) | 2026-07-28: 주주명부폐쇄기간또는기준일설정               | 2026-07-28: 주요사항보고서(회사합병결정) | 2026-07-27: 전환가액ㆍ신주인수권행사가액ㆍ교환가액의조정(안내공시)              ,4
동원시스템즈,014820,6,OK,,영업(잠정)실적(공정공시)              (+3) | 연결재무제표기준영업(잠정)실적(공정공시)              (+3),,2026-08-12: 지급수단별ㆍ지급기간별지급금액및분쟁조정기구에관한사항 | 2026-08-12: 현금ㆍ현물배당을위한주주명부폐쇄(기준일)결정               | 2026-08-12: 현금ㆍ현물배당결정               | 2026-07-31: 영업(잠정)실적(공정공시)               | 2026-07-31: 연결재무제표기준영업(잠정)실적(공정공시)              ,6
휴맥스,115160,6,OK,,[기재정정]주요사항보고서(회사합병결정)(+3) | [기재정정]주요사항보고서(회사합병결정)(+3),,2026-08-12: 주요사항보고서(자기전환사채만기전취득결정) | 2026-08-11: [기재정정]의결권대리행사권유참고서류 | 2026-08-11: [기재정정]주주총회소집공고 | 2026-08-11: [기재정정]증권신고서(합병) | 2026-08-11: [기재정정]주요사항보고서(회사합병결정),12
한국금융지주,071050,6,OK,,연결재무제표기준영업(잠정)실적(공정공시)              (+3) | 연결재무제표기준영업(잠정)실적(공정공시)(자회사의 주요경영사항)              (+3),,2026-08-06: 연결재무제표기준영업(잠정)실적(공정공시)               | 2026-08-06: 연결재무제표기준영업(잠정)실적(공정공시)(자회사의 주요경영사항)               | 2026-08-03: 결산실적공시예고(안내공시)               | 2026-07-28: 풍문또는보도에대한해명(미확정)               | 2026-07-16: [기재정정]타법인주식및출자증권취득결정(자회사의 주요경영사항)              ,5
삼성에피스홀딩스,0126Z0,6,OK,,연결재무제표기준영업(잠정)실적(공정공시)              (+3) | 연결재무제표기준영업(잠정)실적(공정공시)(자회사의 주요경영사항)              (+3),,2026-08-10: 투자판단관련주요경영사항(자회사의 주요경영사항)              (SB27주(펨브롤리주맙 바이오시밀러) 한국 품목허가 신청) | 2026-08-04: 최대주주등소유주식변동신고서               | 2026-08-04: 임원ㆍ주요주주특정증권등소유상황보고서 | 2026-08-04: 임원ㆍ주요주주특정증권등소유상황보고서 | 2026-07-24: 연결재무제표기준영업(잠정)실적(공정공시)              ,7
동원모빌리티,018500,6,OK,,영업(잠정)실적(공정공시)              (+3) | 연결재무제표기준영업(잠정)실적(공정공시)              (+3),,2026-08-11: 영업(잠정)실적(공정공시)               | 2026-08-11: 연결재무제표기준영업(잠정)실적(공정공시)               | 2026-07-13: 불성실공시법인지정              ,3
서울반도체,046890,6,OK,,[기재정정]연결재무제표기준영업(잠정)실적(공정공시)              (+3) | 연결재무제표기준영업(잠정)실적(공정공시)              (+3),,2026-08-11: 연결재무제표기준영업실적등에대한전망(공정공시)               | 2026-08-11: [기재정정]연결재무제표기준영업(잠정)실적(공정공시)               | 2026-08-07: 기업설명회(IR)개최               | 2026-07-13: 연결재무제표기준영업(잠정)실적(공정공시)              ,4
서울바이오시스,092190,6,OK,,[기재정정]연결재무제표기준영업(잠정)실적(공정공시)              (+3) | 연결재무제표기준영업(잠정)실적(공정공시)              (+3),,2026-08-10: 연결재무제표기준영업실적등에대한전망(공정공시)               | 2026-08-10: [기재정정]연결재무제표기준영업(잠정)실적(공정공시)               | 2026-08-07: 기업설명회(IR)개최               | 2026-07-13: 연결재무제표기준영업(잠정)실적(공정공시)              ,4
LG유플러스,032640,6,OK,,연결재무제표기준영업(잠정)실적(공정공시)              (+3) | 영업(잠정)실적(공정공시)              (+3),,2026-08-06: 연결재무제표기준영업(잠정)실적(공정공시)               | 2026-08-06: 영업(잠정)실적(공정공시)               | 2026-08-03: 기업설명회(IR)개최(안내공시)               | 2026-07-29: 신규시설투자등               | 2026-07-29: 기업설명회(IR)개최(안내공시)              ,8
콜마홀딩스,024720,6,OK,,연결재무제표기준영업(잠정)실적(공정공시)              (+3) | 영업(잠정)실적(공정공시)              (+3),,2026-08-12: 현금ㆍ현물배당을위한주주명부폐쇄(기준일)결정(자회사의 주요경영사항)               | 2026-08-10: 연결재무제표기준영업(잠정)실적(공정공시)               | 2026-08-10: 영업(잠정)실적(공정공시)               | 2026-07-31: 지속가능경영보고서등관련사항(자율공시)               | 2026-07-28: 주식등의대량보유상황보고서(일반),9
휴온스,243070,6,OK,,연결재무제표기준영업(잠정)실적(공정공시)              (+3) | [기재정정]주요사항보고서(회사합병결정)(+3),,2026-08-11: 현금ㆍ현물배당결정              (분기배당) | 2026-08-11: 중간(분기)배당을위한주주명부폐쇄(기준일)결정               | 2026-08-11: 연결재무제표기준영업(잠정)실적(공정공시)               | 2026-08-04: [기재정정]주주총회소집결의              (임시주주총회) | 2026-08-04: [기재정정]주요사항보고서(회사합병결정),6
지역난방공사,071320,6,OK,,연결재무제표기준영업(잠정)실적(공정공시)              (+3) | 영업(잠정)실적(공정공시)              (+3),,2026-08-10: 연결재무제표기준영업(잠정)실적(공정공시)               | 2026-08-06: 기업설명회(IR)개최(안내공시)               | 2026-08-06: 결산실적공시예고(안내공시)               | 2026-07-28: 증권발행실적보고서 | 2026-07-27: 영업(잠정)실적(공정공시)              ,10
KTcs,058850,6,OK,,영업(잠정)실적(공정공시)              (+3) | 연결재무제표기준영업(잠정)실적(공정공시)              (+3),,2026-08-12: 지급수단별ㆍ지급기간별지급금액및분쟁조정기구에관한사항 | 2026-08-07: 영업(잠정)실적(공정공시)               | 2026-08-07: 연결재무제표기준영업(잠정)실적(공정공시)              ,3
삼영무역,002810,6,OK,,[첨부정정]주요사항보고서(회사합병결정)(+3) | 주요사항보고서(회사합병결정)(+3),,2026-07-20: [첨부정정]주요사항보고서(회사합병결정) | 2026-07-16: 주주명부폐쇄기간또는기준일설정               | 2026-07-16: 주요사항보고서(회사합병결정),3
에스엠,041510,6,OK,,연결재무제표기준영업(잠정)실적(공정공시)              (+3) | 영업(잠정)실적(공정공시)              (+3),,2026-08-05: 연결재무제표기준영업(잠정)실적(공정공시)               | 2026-08-05: 영업(잠정)실적(공정공시)               | 2026-07-23: 기업설명회(IR)개최               | 2026-07-23: 결산실적공시예고              ,4
OCI홀딩스,010060,6,OK,,연결재무제표기준영업(잠정)실적(공정공시)              (+3) | [기재정정]유형자산취득결정(종속회사의주요경영사항)              (+3),,2026-08-11: 신탁계약해지결과보고서 | 2026-08-10: 주요사항보고서(자기주식취득신탁계약해지결정)(자회사의 주요경영사항)               | 2026-08-10: 주요사항보고서(자기주식취득신탁계약해지결정) | 2026-07-28: 최대주주등소유주식변동신고서               | 2026-07-23: [기재정정]대규모기업집단현황공시[연1회공시및1/4분기용(대표회사)],10
파라다이스,034230,6,OK,,연결재무제표기준영업(잠정)실적(공정공시)              (+3) | 연결재무제표기준영업(잠정)실적(공정공시)              (+3),,2026-08-07: 연결재무제표기준영업(잠정)실적(공정공시)               | 2026-08-04: 연결재무제표기준영업(잠정)실적(공정공시)               | 2026-07-24: 최대주주등소유주식변동신고서               | 2026-07-24: 임원ㆍ주요주주특정증권등소유상황보고서 | 2026-07-23: 임원ㆍ주요주주특정증권등소유상황보고서,6
더즌,462860,6,OK,,연결재무제표기준영업(잠정)실적(공정공시)              (+3) | 영업(잠정)실적(공정공시)              (+3),,2026-08-07: 연결재무제표기준영업(잠정)실적(공정공시)               | 2026-08-07: 영업(잠정)실적(공정공시)              ,2
신세계,004170,6,OK,,영업(잠정)실적(공정공시)              (+3) | 연결재무제표기준영업(잠정)실적(공정공시)              (+3),,2026-08-12: 지급수단별ㆍ지급기간별지급금액및분쟁조정기구에관한사항 | 2026-08-11: 기업설명회(IR)개최(안내공시)               | 2026-08-11: 동일인등출자계열회사와의상품ㆍ용역거래 | 2026-08-11: 영업(잠정)실적(공정공시)               | 2026-08-11: 연결재무제표기준영업(잠정)실적(공정공시)              ,9
삼성전기,009150,8,OK,,연결재무제표기준영업(잠정)실적(공정공시)              (+3) | 단일판매ㆍ공급계약체결              (+5),,2026-08-12: 임원ㆍ주요주주특정증권등소유상황보고서 | 2026-08-03: 최대주주등소유주식변동신고서               | 2026-07-30: 연결재무제표기준영업(잠정)실적(공정공시)               | 2026-07-23: 단일판매ㆍ공급계약체결              ,4
효성 ITX,094280,8,OK,,연결재무제표기준영업(잠정)실적(공정공시)              (+3) | 단일판매ㆍ공급계약체결              (+5),,2026-07-31: 현금ㆍ현물배당결정               | 2026-07-31: 연결재무제표기준영업(잠정)실적(공정공시)               | 2026-07-21: 단일판매ㆍ공급계약체결              ,3
NC,036570,8,OK,,[기재정정]단일판매ㆍ공급계약체결              (+5) | 연결재무제표기준영업(잠정)실적(공정공시)              (+3),,2026-08-12: [기재정정]단일판매ㆍ공급계약체결               | 2026-08-11: 금전대여결정               | 2026-08-11: 연결재무제표기준영업(잠정)실적(공정공시)               | 2026-08-06: 기업설명회(IR)개최(안내공시)               | 2026-07-22: 기업설명회(IR)개최(안내공시)              ,5
디아이,003160,8,OK,,연결재무제표기준영업(잠정)실적(공정공시)              (+3) | [기재정정]단일판매ㆍ공급계약체결(자율공시)              (+5),,2026-08-07: 기타경영사항(자율공시)(종속회사의주요경영사항)               | 2026-08-03: 연결재무제표기준영업(잠정)실적(공정공시)               | 2026-07-30: [기재정정]단일판매ㆍ공급계약체결(자율공시)              ,3
LG화학,051910,8,OK,,연결재무제표기준영업(잠정)실적(공정공시)              (+3) | 주식소각결정              (+5),,2026-08-07: 주식등의대량보유상황보고서(일반) | 2026-08-05: 최대주주등소유주식변동신고서               | 2026-08-05: 임원ㆍ주요주주특정증권등소유상황보고서 | 2026-08-03: 주식등의대량보유상황보고서(약식) | 2026-07-31: 기업설명회(IR)개최(안내공시)              ,7
한화시스템,272210,8,OK,,[기재정정]단일판매ㆍ공급계약체결              (+5) | 연결재무제표기준영업(잠정)실적(공정공시)              (+3),,2026-08-10: [기재정정]타법인주식및출자증권취득결정               | 2026-08-10: 동일인등출자계열회사와의상품ㆍ용역거래변경 | 2026-08-04: 주주명부폐쇄기간또는기준일설정               | 2026-08-04: 주주총회소집결의               | 2026-07-28: [기재정정]단일판매ㆍ공급계약체결              ,9
유한양행,000100,8,OK,,영업(잠정)실적(공정공시)              (+3) | 주식소각결정              (+5),,2026-08-10: 주식등의대량보유상황보고서(약식) | 2026-07-31: 임원ㆍ주요주주특정증권등소유상황보고서 | 2026-07-30: 영업(잠정)실적(공정공시)               | 2026-07-29: 기업설명회(IR)개최(안내공시)               | 2026-07-23: 주식소각결정              ,5
에코프로에이치엔,383310,8,OK,,연결재무제표기준영업(잠정)실적(공정공시)              (+3) | 단일판매ㆍ공급계약체결              (+5),,2026-08-04: 연결재무제표기준영업(잠정)실적(공정공시)               | 2026-07-29: 주식등의대량보유상황보고서(일반) | 2026-07-27: 단일판매ㆍ공급계약체결               | 2026-07-13: 기업설명회(IR)개최               | 2026-07-13: 결산실적공시예고              ,5
쎄트렉아이,099320,8,OK,,연결재무제표기준영업(잠정)실적(공정공시)              (+3) | 단일판매ㆍ공급계약체결              (+5),,2026-07-29: 연결재무제표기준영업(잠정)실적(공정공시)               | 2026-07-24: 단일판매ㆍ공급계약체결              ,2
KG케미칼,001390,8,OK,,연결재무제표기준영업(잠정)실적(공정공시)              (+3) | 주식소각결정              (+5),,2026-08-12: 연결재무제표기준영업(잠정)실적(공정공시)               | 2026-08-10: 임시주주총회결과               | 2026-08-07: 최대주주등소유주식변동신고서               | 2026-08-07: 임원ㆍ주요주주특정증권등소유상황보고서 | 2026-08-06: 기업설명회(IR)개최(안내공시)              ,10
한화엔진,082740,8,OK,,연결재무제표기준영업(잠정)실적(공정공시)              (+3) | 주요사항보고서(자기주식취득결정)(+5),,2026-08-10: 임원ㆍ주요주주특정증권등소유상황보고서 | 2026-08-03: 임원ㆍ주요주주특정증권등소유상황보고서 | 2026-08-03: 자기주식취득결과보고서 | 2026-07-31: 연결재무제표기준영업(잠정)실적(공정공시)               | 2026-07-31: 임원ㆍ주요주주특정증권등소유상황보고서,7
효성중공업,298040,8,OK,,연결재무제표기준영업(잠정)실적(공정공시)              (+3) | [기재정정]단일판매ㆍ공급계약체결              (+5),,2026-08-03: 임원ㆍ주요주주특정증권등소유상황보고서 | 2026-07-31: 동일인등출자계열회사와의상품ㆍ용역거래변경 | 2026-07-31: 동일인등출자계열회사와의상품ㆍ용역거래변경 | 2026-07-31: 채무인수결정               | 2026-07-31: 기업설명회(IR)개최(안내공시)              ,9
한전기술,052690,8,OK,,연결재무제표기준영업(잠정)실적(공정공시)              (+3) | [기재정정]단일판매ㆍ공급계약체결              (+5),,2026-08-07: 연결재무제표기준영업(잠정)실적(공정공시)               | 2026-08-07: 풍문또는보도에대한해명(미확정)               | 2026-07-27: [기재정정]단일판매ㆍ공급계약체결               | 2026-07-13: 주주명부폐쇄기간또는기준일설정              ,4
HD건설기계,267270,8,OK,,[기재정정]주식소각결정              (+5) | 연결재무제표기준영업(잠정)실적(공정공시)              (+3),,2026-08-11: 신탁계약해지결과보고서 | 2026-08-10: 주요사항보고서(자기주식취득신탁계약해지결정) | 2026-07-29: [기재정정]주식소각결정               | 2026-07-29: 연결재무제표기준영업(잠정)실적(공정공시)               | 2026-07-22: 기업설명회(IR)개최(안내공시)              ,6
SNT홀딩스,036530,8,OK,,연결재무제표기준영업(잠정)실적(공정공시)              (+3) | 단일판매ㆍ공급계약체결(자회사의 주요경영사항)              (+5),,2026-08-12: 반기보고서 (2026.06) | 2026-08-12: 현금ㆍ현물배당결정(자회사의 주요경영사항)               | 2026-08-12: 현금ㆍ현물배당결정(자회사의 주요경영사항)               | 2026-08-12: 현금ㆍ현물배당결정(자회사의 주요경영사항)               | 2026-08-12: 현금ㆍ현물배당결정              ,9
FSN,214270,8,OK,,주식소각결정              (+5) | 연결재무제표기준영업(잠정)실적(공정공시)              (+3),,2026-08-06: 임원ㆍ주요주주특정증권등소유상황보고서 | 2026-08-06: 주식등의대량보유상황보고서(일반) | 2026-08-04: 임원ㆍ주요주주특정증권등소유상황보고서 | 2026-08-04: 주식등의대량보유상황보고서(일반) | 2026-07-30: 주식소각결정              ,10
콜마비앤에이치,200130,8,OK,,주식소각결정              (+5) | 영업(잠정)실적(공정공시)              (+3),,2026-08-12: 타법인주식및출자증권취득결정               | 2026-08-12: 주식소각결정               | 2026-08-12: 현금ㆍ현물배당을위한주주명부폐쇄(기준일)결정               | 2026-08-12: 현금ㆍ현물배당결정               | 2026-07-30: 영업(잠정)실적(공정공시)              ,6
대한조선,439260,8,OK,,연결재무제표기준영업(잠정)실적(공정공시)              (+3) | 단일판매ㆍ공급계약체결              (+5),,2026-08-11: 임원ㆍ주요주주특정증권등소유상황보고서 | 2026-08-11: 임원ㆍ주요주주특정증권등소유상황보고서 | 2026-08-11: 임원ㆍ주요주주특정증권등소유상황보고서 | 2026-08-11: 임원ㆍ주요주주특정증권등소유상황보고서 | 2026-07-30: 연결재무제표기준영업(잠정)실적(공정공시)              ,9
케이씨텍,281820,8,OK,,단일판매ㆍ공급계약체결              (+5) | 연결재무제표기준영업(잠정)실적(공정공시)              (+3),,2026-08-12: 단일판매ㆍ공급계약체결               | 2026-08-05: 연결재무제표기준영업(잠정)실적(공정공시)              ,2
에스케이바이오팜,326030,8,OK,,연결재무제표기준영업(잠정)실적(공정공시)              (+3) | 단일판매ㆍ공급계약체결              (+5),,2026-08-05: 연결재무제표기준영업(잠정)실적(공정공시)               | 2026-08-03: 기업설명회(IR)개최(안내공시)               | 2026-07-28: 단일판매ㆍ공급계약체결              ,3
효성,004800,8,OK,,연결재무제표기준영업(잠정)실적(공정공시)              (+3) | [기재정정]단일판매ㆍ공급계약체결(자회사의 주요경영사항)              (+5),,2026-08-11: 주식등의대량보유상황보고서(일반) | 2026-08-04: 임원ㆍ주요주주특정증권등거래계획보고서 | 2026-07-31: 기업설명회(IR)개최(안내공시)               | 2026-07-31: 연결재무제표기준영업(잠정)실적(공정공시)               | 2026-07-31: 특수관계인과의내부거래,8
HD현대일렉트릭,267260,8,OK,,[기재정정]단일판매ㆍ공급계약체결              (+5) | 연결재무제표기준영업(잠정)실적(공정공시)              (+3),,2026-08-10: 주식등의대량보유상황보고서(약식) | 2026-08-10: 의결권대리행사권유참고서류 | 2026-08-10: 주주총회소집공고 | 2026-07-31: [기재정정]단일판매ㆍ공급계약체결               | 2026-07-28: 임원ㆍ주요주주특정증권등소유상황보고서,13
포스코DX,022100,8,OK,,연결재무제표기준영업(잠정)실적(공정공시)              (+3) | [기재정정]단일판매ㆍ공급계약체결              (+5),,2026-08-07: 임원ㆍ주요주주특정증권등거래계획보고서 | 2026-08-06: 임원ㆍ주요주주특정증권등소유상황보고서 | 2026-07-30: 지급수단별ㆍ지급기간별지급금액및분쟁조정기구에관한사항 | 2026-07-30: 연결재무제표기준영업(잠정)실적(공정공시)               | 2026-07-28: [기재정정]단일판매ㆍ공급계약체결              ,7
팬오션,028670,8,OK,,[기재정정]단일판매ㆍ공급계약체결              (+5) | 연결재무제표기준영업(잠정)실적(공정공시)              (+3),,2026-08-12: 반기보고서 (2026.06) | 2026-07-31: 지속가능경영보고서등관련사항(자율공시)               | 2026-07-31: [기재정정]단일판매ㆍ공급계약체결               | 2026-07-31: 연결재무제표기준영업(잠정)실적(공정공시)               | 2026-07-27: 기업설명회(IR)개최(안내공시)              ,6
KG파이낸셜,046440,8,OK,,주식소각결정              (+5) | 연결재무제표기준영업(잠정)실적(공정공시)              (+3),,2026-08-05: 주식소각결정               | 2026-08-05: 기업가치제고계획(자율공시)              (2026년 KG파이낸셜 기업가치제고계획 ) | 2026-08-05: 연결재무제표기준영업(잠정)실적(공정공시)               | 2026-07-31: 기업설명회(IR)개최              ,4
KT나스미디어,089600,8,OK,,주식소각결정              (+5) | 영업(잠정)실적(공정공시)              (+3),,2026-08-07: 신탁계약해지결과보고서 | 2026-08-06: 주식소각결정               | 2026-08-06: 주요사항보고서(자기주식취득신탁계약해지결정) | 2026-08-06: 영업(잠정)실적(공정공시)              ,4
미래에셋증권,006800,8,OK,,연결재무제표기준영업(잠정)실적(공정공시)              (+3) | 주식소각결정              (+5),,2026-08-12: 일괄신고서(파생결합사채-주가연계파생결합사채) | 2026-08-12: 기업설명회(IR)개최(안내공시)               | 2026-08-12: 연결재무제표기준영업(잠정)실적(공정공시)               | 2026-08-11: 증권발행실적보고서 | 2026-08-11: 증권발행실적보고서,100
현대퓨처넷,126560,8,OK,,주요사항보고서(자기주식취득결정)(+5) | 연결재무제표기준영업(잠정)실적(공정공시)              (+3),,2026-08-03: 주요사항보고서(자기주식취득결정) | 2026-08-03: 연결재무제표기준영업(잠정)실적(공정공시)               | 2026-07-27: 결산실적공시예고(안내공시)              ,3
한온시스템,018880,8,OK,,주식소각결정              (+5) | 연결재무제표기준영업(잠정)실적(공정공시)              (+3),,2026-08-12: 풍문또는보도에대한해명(미확정)               | 2026-08-05: 최대주주등소유주식변동신고서               | 2026-07-31: 주식소각결정               | 2026-07-31: 연결재무제표기준영업(잠정)실적(공정공시)               | 2026-07-21: 최대주주등소유주식변동신고서              ,7
솔루스첨단소재,336370,8,OK,,주식소각결정              (+5) | 연결재무제표기준영업(잠정)실적(공정공시)              (+3),,2026-08-07: 타인에대한채무보증결정               | 2026-07-24: 주식소각결정               | 2026-07-24: 연결재무제표기준영업(잠정)실적(공정공시)               | 2026-07-23: 기업설명회(IR)개최(안내공시)               | 2026-07-23: 기업설명회(IR)개최(안내공시)              ,5
현대모비스,012330,8,OK,,연결재무제표기준영업(잠정)실적(공정공시)              (+3) | [기재정정]주식소각결정              (+5),,2026-08-07: 기업설명회(IR)개최(안내공시)               | 2026-07-24: 특수관계인에대한출자 | 2026-07-24: 특수관계인으로부터기타유가증권매수 | 2026-07-24: 기업설명회(IR)개최(안내공시)               | 2026-07-24: 연결재무제표기준영업(잠정)실적(공정공시)              ,12
DS단석,017860,8,OK,,주식소각결정              (+5) | 연결재무제표기준영업(잠정)실적(공정공시)              (+3),,2026-08-12: 주식소각결정               | 2026-07-28: 연결재무제표기준영업(잠정)실적(공정공시)              ,2
영진약품,003520,8,OK,,[기재정정]단일판매ㆍ공급계약체결              (+5) | 영업(잠정)실적(공정공시)              (+3),,2026-08-12: [기재정정]단일판매ㆍ공급계약체결               | 2026-07-31: 영업(잠정)실적(공정공시)               | 2026-07-24: [기재정정]신규시설투자등              ,3
금호석유화학,011780,9,OK,,[첨부정정]주요사항보고서(회사합병결정)(+3) | 주요사항보고서(회사합병결정)(+3) | 연결재무제표기준영업(잠정)실적(공정공시)              (+3),,2026-08-12: [첨부정정]주요사항보고서(회사합병결정) | 2026-08-10: 주요사항보고서(회사합병결정) | 2026-08-07: 기업설명회(IR)개최(안내공시)               | 2026-08-07: 연결재무제표기준영업(잠정)실적(공정공시)               | 2026-08-06: 최대주주등소유주식변동신고서              ,16
동아쏘시오홀딩스,000640,9,OK,,[첨부정정]주요사항보고서(회사합병결정)(+3) | 연결재무제표기준영업(잠정)실적(공정공시)              (+3) | 주요사항보고서(회사합병결정)(+3),,2026-07-27: [첨부정정]주요사항보고서(회사합병결정) | 2026-07-27: 기업설명회(IR)개최(안내공시)               | 2026-07-27: 연결재무제표기준영업(잠정)실적(공정공시)               | 2026-07-23: 주주명부폐쇄기간또는기준일설정               | 2026-07-23: 주요사항보고서(회사합병결정),10
듀켐바이오,176750,9,OK,,[첨부정정]주요사항보고서(회사합병결정)(+3) | [첨부정정]주요사항보고서(회사합병결정)(+3) | 주요사항보고서(회사합병결정)(+3),,2026-07-23: [첨부정정]주요사항보고서(회사합병결정) | 2026-07-23: [첨부정정]주요사항보고서(회사합병결정) | 2026-07-22: 주주명부폐쇄기간또는기준일설정               | 2026-07-22: 주요사항보고서(회사합병결정),4
에코볼트,097780,9,OK,,[기재정정]주요사항보고서(회사합병결정)(+3) | [기재정정]주요사항보고서(회사합병결정)(+3) | [기재정정]주요사항보고서(회사합병결정)(+3),,2026-08-04: [기재정정]주요사항보고서(회사합병결정) | 2026-08-04: [기재정정]주주총회소집결의              (임시주주총회) | 2026-07-28: [기재정정]주요사항보고서(회사합병결정) | 2026-07-24: [기재정정]주주총회소집결의              (임시주주총회) | 2026-07-24: [기재정정]주요사항보고서(회사합병결정),5
알에프텍,061040,9,OK,,[기재정정]주요사항보고서(회사합병결정)(+3) | [기재정정]주요사항보고서(회사합병결정)(+3) | [기재정정]주요사항보고서(회사합병결정)(+3),,2026-08-04: [첨부정정]증권신고서(합병) | 2026-08-04: [기재정정]증권신고서(합병) | 2026-08-04: [기재정정]주주총회소집결의              (임시주주총회) | 2026-08-04: [기재정정]주요사항보고서(회사합병결정) | 2026-07-28: [기재정정]주요사항보고서(회사합병결정),15
메리츠금융지주,138040,9,OK,,연결재무제표기준영업(잠정)실적(공정공시)              (+3) | 영업(잠정)실적(공정공시)(자회사의 주요경영사항)              (+3) | 연결재무제표기준영업(잠정)실적(공정공시)(자회사의 주요경영사항)              (+3),,2026-08-12: 기업가치제고계획(자율공시)              (2026년 2분기 이행현황) | 2026-08-12: 연결재무제표기준영업(잠정)실적(공정공시)               | 2026-08-12: 영업(잠정)실적(공정공시)(자회사의 주요경영사항)               | 2026-08-12: 연결재무제표기준영업(잠정)실적(공정공시)(자회사의 주요경영사항)               | 2026-08-07: 임원ㆍ주요주주특정증권등소유상황보고서,18
피델릭스,032580,10,OK,,단일판매ㆍ공급계약체결              (+5) | 단일판매ㆍ공급계약체결              (+5),,2026-08-12: 반기보고서 (2026.06) | 2026-08-03: 단일판매ㆍ공급계약체결               | 2026-07-22: 단일판매ㆍ공급계약체결              ,3
동성화인텍,033500,10,OK,,[기재정정]단일판매ㆍ공급계약체결              (+5) | [기재정정]단일판매ㆍ공급계약체결              (+5),,2026-07-23: [기재정정]단일판매ㆍ공급계약체결               | 2026-07-23: [기재정정]단일판매ㆍ공급계약체결              ,2
남화토건,091590,10,OK,,[기재정정]단일판매ㆍ공급계약체결              (+5) | [기재정정]단일판매ㆍ공급계약체결              (+5),,2026-08-06: 주식등의대량보유상황보고서(일반) | 2026-08-04: [기재정정]단일판매ㆍ공급계약체결               | 2026-07-14: [기재정정]단일판매ㆍ공급계약체결              ,3
STX엔진,077970,10,OK,,[기재정정]단일판매ㆍ공급계약체결              (+5) | 단일판매ㆍ공급계약체결              (+5),,2026-08-10: [기재정정]단일판매ㆍ공급계약체결               | 2026-07-28: 단일판매ㆍ공급계약체결              ,2
알체라,347860,10,OK,,[기재정정]단일판매ㆍ공급계약체결              (+5) | 단일판매ㆍ공급계약체결              (+5),,2026-08-05: [기재정정]단일판매ㆍ공급계약체결               | 2026-07-20: 주요사항보고서(자기전환사채만기전취득결정) | 2026-07-15: 단일판매ㆍ공급계약체결              ,3
이노에이엑스,296640,10,OK,,[기재정정]단일판매ㆍ공급계약체결              (+5) | [기재정정]단일판매ㆍ공급계약체결              (+5),,2026-08-06: [기재정정]단일판매ㆍ공급계약체결               | 2026-07-16: 타법인주식및출자증권취득결정               | 2026-07-15: 합병등종료보고서(자산양수도) | 2026-07-15: [기재정정]단일판매ㆍ공급계약체결              ,4
비트컴퓨터,032850,10,OK,,주요사항보고서(자기주식취득결정)(+5) | [기재정정]단일판매ㆍ공급계약체결              (+5),,2026-08-05: 임원ㆍ주요주주특정증권등소유상황보고서 | 2026-07-29: 주요사항보고서(자기주식취득결정) | 2026-07-23: [기재정정]단일판매ㆍ공급계약체결               | 2026-07-20: 자기주식취득결과보고서 | 2026-07-13: 임원ㆍ주요주주특정증권등소유상황보고서,5
자연과환경,043910,10,OK,,단일판매ㆍ공급계약체결(자율공시)              (+5) | 단일판매ㆍ공급계약체결(자율공시)              (+5),,2026-07-29: 주식등의대량보유상황보고서(일반) | 2026-07-22: 단일판매ㆍ공급계약체결(자율공시)               | 2026-07-15: 단일판매ㆍ공급계약체결(자율공시)              ,3
금양그린파워,282720,10,OK,,[기재정정]단일판매ㆍ공급계약체결              (+5) | [기재정정]단일판매ㆍ공급계약체결              (+5),,2026-08-07: 임원ㆍ주요주주특정증권등소유상황보고서 | 2026-08-07: 주식등의대량보유상황보고서(일반) | 2026-08-06: [기재정정]단일판매ㆍ공급계약체결               | 2026-07-27: [기재정정]단일판매ㆍ공급계약체결              ,4
우양에이치씨,101970,10,OK,,단일판매ㆍ공급계약체결              (+5) | 단일판매ㆍ공급계약체결              (+5),,2026-07-27: 단일판매ㆍ공급계약체결               | 2026-07-24: 단일판매ㆍ공급계약체결              ,2
에이직랜드,445090,10,OK,,[기재정정]단일판매ㆍ공급계약체결              (+5) | [기재정정]단일판매ㆍ공급계약체결              (+5),,2026-07-31: [기재정정]단일판매ㆍ공급계약체결               | 2026-07-30: [기재정정]단일판매ㆍ공급계약체결              ,2
한성크린텍,066980,10,OK,,[기재정정]단일판매ㆍ공급계약체결(자율공시)              (+5) | [기재정정]단일판매ㆍ공급계약체결(자율공시)              (+5),,2026-08-07: 주식등의대량보유상황보고서(일반) | 2026-08-07: 임원ㆍ주요주주특정증권등거래계획철회보고서 | 2026-07-28: [기재정정]단일판매ㆍ공급계약체결(자율공시)               | 2026-07-27: [기재정정]단일판매ㆍ공급계약체결(자율공시)               | 2026-07-24: 임원ㆍ주요주주특정증권등소유상황보고서,7
대아티아이,045390,10,OK,,[기재정정]단일판매ㆍ공급계약체결              (+5) | [기재정정]단일판매ㆍ공급계약체결              (+5),,2026-07-30: [기재정정]단일판매ㆍ공급계약체결               | 2026-07-23: [기재정정]단일판매ㆍ공급계약체결              ,2
세보엠이씨,011560,10,OK,,[기재정정]단일판매ㆍ공급계약체결(자율공시)              (+5) | [기재정정]단일판매ㆍ공급계약체결(자율공시)              (+5),,2026-08-10: [기재정정]단일판매ㆍ공급계약체결(자율공시)               | 2026-07-29: [기재정정]단일판매ㆍ공급계약체결(자율공시)               | 2026-07-29: 신탁계약에의한취득상황보고서,3
KC코트렐,119650,10,OK,,[기재정정]단일판매ㆍ공급계약체결(자율공시)              (+5) | 단일판매ㆍ공급계약체결(자율공시)              (+5),,2026-08-07: [기재정정]단일판매ㆍ공급계약체결(자율공시)               | 2026-07-22: 단일판매ㆍ공급계약체결(자율공시)              ,2
강원에너지,114190,10,OK,,[기재정정]단일판매ㆍ공급계약체결              (+5) | [기재정정]단일판매ㆍ공급계약체결              (+5),,2026-07-29: [기재정정]단일판매ㆍ공급계약체결               | 2026-07-29: [기재정정]단일판매ㆍ공급계약체결              ,2
액스비스,0011A0,10,OK,,[기재정정]단일판매ㆍ공급계약체결              (+5) | 단일판매ㆍ공급계약체결              (+5),,2026-07-29: 기타경영사항(자율공시)              (국책과제 선정(레이저 가공 공정의 고신뢰 품질관리를 위한 실시간 센서신호 처리 기반 온디바이스 AI플랫폼 개발 및 글로벌 사업화)) | 2026-07-22: [기재정정]단일판매ㆍ공급계약체결               | 2026-07-15: 단일판매ㆍ공급계약체결              ,3
신송홀딩스,006880,10,OK,,[기재정정]주요사항보고서(자기주식취득결정)(+5) | 주요사항보고서(자기주식취득결정)(+5),,2026-07-31: [기재정정]주요사항보고서(자기주식취득결정) | 2026-07-31: 주요사항보고서(자기주식취득결정) | 2026-07-30: 자기주식취득결과보고서,3
티에스아이,277880,10,OK,,[기재정정]단일판매ㆍ공급계약체결              (+5) | [기재정정]단일판매ㆍ공급계약체결              (+5),,2026-07-31: [기재정정]단일판매ㆍ공급계약체결               | 2026-07-24: 임원ㆍ주요주주특정증권등소유상황보고서 | 2026-07-14: [기재정정]단일판매ㆍ공급계약체결              ,3
HL홀딩스,060980,10,OK,,[기재정정]단일판매ㆍ공급계약체결(자회사의 주요경영사항)              (+5) | 단일판매ㆍ공급계약체결(자회사의 주요경영사항)              (+5),,2026-08-10: 기업설명회(IR)개최(안내공시)               | 2026-08-05: 주식등의대량보유상황보고서(약식) | 2026-08-05: [기재정정]단일판매ㆍ공급계약체결(자회사의 주요경영사항)               | 2026-07-30: 타인에대한채무보증결정(자회사의 주요경영사항)               | 2026-07-23: [첨부추가]지속가능경영보고서등관련사항(자율공시)              ,7
워트,396470,10,OK,,[기재정정]단일판매ㆍ공급계약체결(자율공시)              (+5) | [기재정정]단일판매ㆍ공급계약체결(자율공시)              (+5),,2026-08-07: 반기보고서 (2026.06) | 2026-07-31: [기재정정]단일판매ㆍ공급계약체결(자율공시)               | 2026-07-31: [기재정정]단일판매ㆍ공급계약체결(자율공시)               | 2026-07-30: 현금ㆍ현물배당결정              (중간배당) | 2026-07-30: 중간(분기)배당을위한주주명부폐쇄(기준일)결정              ,5
아이씨디,040910,10,OK,,[기재정정]단일판매ㆍ공급계약체결              (+5) | 단일판매ㆍ공급계약체결(자율공시)              (+5),,2026-08-11: 주식등의대량보유상황보고서(약식) | 2026-07-31: [기재정정]단일판매ㆍ공급계약체결               | 2026-07-30: 임원ㆍ주요주주특정증권등소유상황보고서 | 2026-07-23: 임원ㆍ주요주주특정증권등소유상황보고서 | 2026-07-23: 임원ㆍ주요주주특정증권등소유상황보고서,7
일성건설,013360,10,OK,,단일판매ㆍ공급계약체결              (+5) | [기재정정]단일판매ㆍ공급계약체결              (+5),,2026-08-10: 단일판매ㆍ공급계약체결               | 2026-07-22: [기재정정]단일판매ㆍ공급계약체결               | 2026-07-14: 타인에대한채무보증결정              ,3
HS화성,002460,10,OK,,[기재정정]단일판매ㆍ공급계약체결              (+5) | 단일판매ㆍ공급계약체결              (+5),,2026-07-21: [기재정정]단일판매ㆍ공급계약체결               | 2026-07-15: 단일판매ㆍ공급계약체결              ,2
금화피에스시,036190,10,OK,,[기재정정]단일판매ㆍ공급계약체결              (+5) | [기재정정]단일판매ㆍ공급계약체결              (+5),,2026-08-07: [기재정정]단일판매ㆍ공급계약체결               | 2026-07-13: [기재정정]단일판매ㆍ공급계약체결              ,2
에쓰씨엔지니어링,023960,10,OK,,주식소각결정              (+5) | [기재정정]단일판매ㆍ공급계약체결              (+5),,2026-08-07: 주식소각결정               | 2026-08-07: [기재정정]단일판매ㆍ공급계약체결               | 2026-08-07: 임원ㆍ주요주주특정증권등소유상황보고서 | 2026-07-31: 임원ㆍ주요주주특정증권등소유상황보고서 | 2026-07-24: 임원ㆍ주요주주특정증권등소유상황보고서,5
아이티아이즈,372800,10,OK,,단일판매ㆍ공급계약체결              (+5) | 단일판매ㆍ공급계약체결              (+5),,2026-08-04: 임원ㆍ주요주주특정증권등소유상황보고서 | 2026-07-28: 단일판매ㆍ공급계약체결               | 2026-07-23: 임원ㆍ주요주주특정증권등소유상황보고서 | 2026-07-20: 주식등의대량보유상황보고서(일반) | 2026-07-16: 주요사항보고서(자기전환사채만기전취득결정),8
모비스,250060,10,OK,,단일판매ㆍ공급계약체결(자율공시)              (+5) | 단일판매ㆍ공급계약체결(자율공시)              (+5),,2026-08-07: 단일판매ㆍ공급계약체결(자율공시)               | 2026-07-20: 단일판매ㆍ공급계약체결(자율공시)              ,2
이노시뮬레이션,274400,10,OK,,단일판매ㆍ공급계약체결(자율공시)              (+5) | 단일판매ㆍ공급계약체결(자율공시)              (+5),,2026-08-03: 단일판매ㆍ공급계약체결(자율공시)               | 2026-07-29: 임원ㆍ주요주주특정증권등소유상황보고서 | 2026-07-29: 임원ㆍ주요주주특정증권등소유상황보고서 | 2026-07-29: 임원ㆍ주요주주특정증권등소유상황보고서 | 2026-07-29: 임원ㆍ주요주주특정증권등소유상황보고서,7
트레스,102210,10,OK,,[기재정정]주요사항보고서(자기주식취득결정)(+5) | 주요사항보고서(자기주식취득결정)(+5),,2026-07-31: [기재정정]주요사항보고서(자기주식취득결정) | 2026-07-30: 주요사항보고서(자기주식취득결정),2
아크릴,0007C0,10,OK,,단일판매ㆍ공급계약체결              (+5) | 단일판매ㆍ공급계약체결(자율공시)              (+5),,2026-07-28: 단일판매ㆍ공급계약체결               | 2026-07-27: 임원ㆍ주요주주특정증권등소유상황보고서 | 2026-07-27: 주식등의대량보유상황보고서(일반) | 2026-07-22: 단일판매ㆍ공급계약체결(자율공시)              ,4
유바이오로직스,206650,10,OK,,[기재정정]단일판매ㆍ공급계약체결(자율공시)              (+5) | 단일판매ㆍ공급계약체결(자율공시)              (+5),,"2026-07-27: 투자판단관련주요경영사항(임상시험결과)              (호흡기세포융합바이러스 (Respiratory Syncytial Virus,RSV) 예방 백신 (EuRSV, 유알에스브이)의 제1상 국내 임상시험 결과) | 2026-07-16: [기재정정]단일판매ㆍ공급계약체결(자율공시)               | 2026-07-14: 단일판매ㆍ공급계약체결(자율공시)              ",3
정원엔시스,045510,10,OK,,[기재정정]주요사항보고서(자기주식취득결정)(+5) | 주요사항보고서(자기주식취득결정)(+5),,2026-08-10: 임원ㆍ주요주주특정증권등소유상황보고서 | 2026-08-03: [기재정정]임원ㆍ주요주주특정증권등소유상황보고서 | 2026-08-03: [기재정정]임원ㆍ주요주주특정증권등소유상황보고서 | 2026-08-03: 주식매수선택권부여에관한신고 | 2026-08-03: 임원ㆍ주요주주특정증권등소유상황보고서,7
예스티,122640,10,OK,,[기재정정]단일판매ㆍ공급계약체결              (+5) | 단일판매ㆍ공급계약체결              (+5),,2026-08-12: [기재정정]단일판매ㆍ공급계약체결               | 2026-08-03: 임원ㆍ주요주주특정증권등소유상황보고서 | 2026-08-03: 임원ㆍ주요주주특정증권등소유상황보고서 | 2026-08-03: 임원ㆍ주요주주특정증권등소유상황보고서 | 2026-08-03: 임원ㆍ주요주주특정증권등소유상황보고서,8
피앤에스로보틱스,460940,10,OK,,단일판매ㆍ공급계약체결              (+5) | 단일판매ㆍ공급계약체결              (+5),,2026-08-03: 임원ㆍ주요주주특정증권등소유상황보고서 | 2026-07-30: 단일판매ㆍ공급계약체결               | 2026-07-27: 단일판매ㆍ공급계약체결              ,3
대한항공,003490,11,OK,,주식소각결정              (+5) | [기재정정]회사합병결정(종속회사의주요경영사항)              (+3) | 영업(잠정)실적(공정공시)              (+3),,2026-08-12: 특수관계인과의내부거래 | 2026-08-12: 주식소각결정               | 2026-08-12: 기타경영사항(자율공시)               | 2026-07-30: [기재정정]타법인주식및출자증권취득결정               | 2026-07-24: [기재정정]중대재해발생(종속회사의주요경영사항)              ,12
우리금융지주,316140,11,OK,,주식소각결정              (+5) | 연결재무제표기준영업(잠정)실적(공정공시)(자회사의 주요경영사항)              (+3) | 연결재무제표기준영업(잠정)실적(공정공시)              (+3),,2026-08-11: 증권발행실적보고서(합병등) | 2026-08-07: [발행조건확정]증권신고서(채무증권) | 2026-08-07: [기재정정]증권신고서(채무증권) | 2026-08-07: [기재정정]주요사항보고서(상각형조건부자본증권발행결정) | 2026-08-03: 증권신고서(채무증권),17
풍산홀딩스,005810,11,OK,,연결재무제표기준영업(잠정)실적(공정공시)              (+3) | 영업(잠정)실적(공정공시)              (+3) | 주요사항보고서(자기주식취득결정)(+5),,2026-08-12: 최대주주등소유주식변동신고서               | 2026-07-31: 연결재무제표기준영업(잠정)실적(공정공시)               | 2026-07-31: 영업(잠정)실적(공정공시)               | 2026-07-28: 기업설명회(IR)개최(안내공시)               | 2026-07-23: 주요사항보고서(자기주식취득결정),7
HD현대,267250,11,OK,,연결재무제표기준영업(잠정)실적(공정공시)              (+3) | 연결재무제표기준영업(잠정)실적(공정공시)(자회사의 주요경영사항)              (+3) | 단일판매ㆍ공급계약체결(자회사의 주요경영사항)              (+5),,2026-08-07: 주식등의대량보유상황보고서(일반) | 2026-08-04: 임원ㆍ주요주주특정증권등거래계획보고서 | 2026-08-04: 임원ㆍ주요주주특정증권등거래계획보고서 | 2026-07-31: 연결재무제표기준영업(잠정)실적(공정공시)               | 2026-07-31: 연결재무제표기준영업(잠정)실적(공정공시)(자회사의 주요경영사항)              ,15
메타랩스,090370,12,OK,,[첨부정정]주요사항보고서(회사합병결정)(+3) | 회사합병결정(종속회사의주요경영사항)              (+3) | 주요사항보고서(회사합병결정)(+3) | 회사합병결정(종속회사의주요경영사항)              (+3),,2026-08-07: 임원ㆍ주요주주특정증권등소유상황보고서 | 2026-08-04: [첨부정정]주요사항보고서(회사합병결정) | 2026-08-03: 회사합병결정(종속회사의주요경영사항)               | 2026-08-03: 주주명부폐쇄기간또는기준일설정               | 2026-08-03: 주요사항보고서(회사합병결정),6
DL,000210,13,OK,,[기재정정]단일판매ㆍ공급계약체결(자회사의 주요경영사항)              (+5) | 연결재무제표기준영업(잠정)실적(공정공시)              (+3) | [기재정정]단일판매ㆍ공급계약체결(자회사의 주요경영사항)              (+5),,2026-08-11: [기재정정]단일판매ㆍ공급계약체결(자회사의 주요경영사항)               | 2026-08-03: 연결재무제표기준영업(잠정)실적(공정공시)               | 2026-07-31: [기재정정]단일판매ㆍ공급계약해지(자회사의 주요경영사항)               | 2026-07-31: 기업설명회(IR)개최(안내공시)               | 2026-07-30: 주요사항보고서(자기주식취득신탁계약체결결정)(자회사의 주요경영사항)              ,10
삼성중공업,010140,13,OK,,단일판매ㆍ공급계약체결              (+5) | [기재정정]단일판매ㆍ공급계약체결              (+5) | 연결재무제표기준영업(잠정)실적(공정공시)              (+3),,2026-08-05: 임원ㆍ주요주주특정증권등소유상황보고서 | 2026-08-04: 임원ㆍ주요주주특정증권등소유상황보고서 | 2026-08-03: 최대주주등소유주식변동신고서               | 2026-08-03: 단일판매ㆍ공급계약체결               | 2026-07-31: 임원ㆍ주요주주특정증권등소유상황보고서,16
HL D&I,014790,13,OK,,연결재무제표기준영업(잠정)실적(공정공시)              (+3) | [기재정정]단일판매ㆍ공급계약체결              (+5) | 단일판매ㆍ공급계약체결              (+5),,2026-08-11: 연결재무제표기준영업(잠정)실적(공정공시)               | 2026-08-06: 결산실적공시예고(안내공시)               | 2026-08-05: [기재정정]단일판매ㆍ공급계약체결               | 2026-07-30: 타인에대한채무보증결정               | 2026-07-22: 단일판매ㆍ공급계약체결              ,5
현대그린푸드,453340,13,OK,,연결재무제표기준영업(잠정)실적(공정공시)              (+3) | 주식소각결정              (+5) | 주요사항보고서(자기주식취득결정)(+5),,2026-08-04: 연결재무제표기준영업(잠정)실적(공정공시)               | 2026-08-04: 주식소각결정               | 2026-08-04: 주요사항보고서(자기주식취득결정) | 2026-08-04: 현금ㆍ현물배당결정               | 2026-08-04: 현금ㆍ현물배당을위한주주명부폐쇄(기준일)결정              ,7
LG씨엔에스,064400,13,OK,,연결재무제표기준영업(잠정)실적(공정공시)              (+3) | [기재정정]단일판매ㆍ공급계약체결              (+5) | [기재정정]단일판매ㆍ공급계약체결              (+5),,2026-08-12: 동일인등출자계열회사와의상품ㆍ용역거래변경 | 2026-08-12: 지급수단별ㆍ지급기간별지급금액및분쟁조정기구에관한사항 | 2026-08-10: 투자판단관련주요경영사항               | 2026-08-05: 현금ㆍ현물배당을위한주주명부폐쇄(기준일)결정               | 2026-08-05: 현금ㆍ현물배당결정              ,11
SNT에너지,100840,13,OK,,단일판매ㆍ공급계약체결(자율공시)              (+5) | 연결재무제표기준영업(잠정)실적(공정공시)              (+3) | 단일판매ㆍ공급계약체결              (+5),,2026-08-12: 반기보고서 (2026.06) | 2026-08-12: 현금ㆍ현물배당결정               | 2026-08-04: 최대주주등소유주식변동신고서               | 2026-08-04: 임원ㆍ주요주주특정증권등소유상황보고서 | 2026-08-04: 주식등의대량보유상황보고서(일반),8
삼성E&A,028050,13,OK,,[기재정정]단일판매ㆍ공급계약체결              (+5) | [기재정정]단일판매ㆍ공급계약체결              (+5) | 연결재무제표기준영업(잠정)실적(공정공시)              (+3),,2026-08-07: 기업설명회(IR)개최(안내공시)               | 2026-08-03: 최대주주등소유주식변동신고서               | 2026-07-28: [기재정정]단일판매ㆍ공급계약체결               | 2026-07-28: [기재정정]투자판단관련주요경영사항               | 2026-07-28: 기업설명회(IR)개최(안내공시)              ,9
HD현대마린엔진,071970,13,OK,,단일판매ㆍ공급계약체결              (+5) | 연결재무제표기준영업(잠정)실적(공정공시)              (+3) | [기재정정]단일판매ㆍ공급계약체결              (+5),,2026-07-31: 단일판매ㆍ공급계약체결               | 2026-07-28: 연결재무제표기준영업(잠정)실적(공정공시)               | 2026-07-15: [기재정정]단일판매ㆍ공급계약체결              ,3
크래프톤,259960,13,OK,,주요사항보고서(자기주식취득결정)(+5) | 주식소각결정              (+5) | 연결재무제표기준영업(잠정)실적(공정공시)              (+3),,2026-08-10: 최대주주등소유주식변동신고서               | 2026-08-10: 주식등의대량보유상황보고서(일반) | 2026-07-29: 주요사항보고서(자기주식취득결정) | 2026-07-29: 주식소각결정               | 2026-07-29: 연결재무제표기준영업(잠정)실적(공정공시)              ,6
자이에스앤디,317400,13,OK,,단일판매ㆍ공급계약체결              (+5) | 연결재무제표기준영업(잠정)실적(공정공시)              (+3) | 단일판매ㆍ공급계약체결              (+5),,2026-08-10: 단일판매ㆍ공급계약체결               | 2026-07-29: 기업설명회(IR)개최(안내공시)               | 2026-07-29: 연결재무제표기준영업(잠정)실적(공정공시)               | 2026-07-23: 결산실적공시예고(안내공시)               | 2026-07-16: 단일판매ㆍ공급계약체결              ,5
엠씨넥스,097520,13,OK,,[기재정정]주요사항보고서(자기주식취득결정)(+5) | 주요사항보고서(자기주식취득결정)(+5) | 연결재무제표기준영업(잠정)실적(공정공시)              (+3),,2026-08-07: [기재정정]주요사항보고서(자기주식취득결정) | 2026-08-07: 주요사항보고서(자기주식취득결정) | 2026-08-07: 연결재무제표기준영업(잠정)실적(공정공시)              ,3
SK오션플랜트,100090,13,OK,,연결재무제표기준영업(잠정)실적(공정공시)              (+3) | 단일판매ㆍ공급계약체결              (+5) | 단일판매ㆍ공급계약체결              (+5),,2026-08-12: 기업설명회(IR)개최(안내공시)               | 2026-08-12: 연결재무제표기준영업(잠정)실적(공정공시)               | 2026-08-04: 주식등의대량보유상황보고서(일반) | 2026-07-31: [기재정정]투자판단관련주요경영사항               | 2026-07-31: 단일판매ㆍ공급계약체결              ,6
피엔티,137400,15,OK,,[기재정정]주요사항보고서(자기주식취득결정)(+5) | 주요사항보고서(자기주식취득결정)(+5) | [기재정정]단일판매ㆍ공급계약체결              (+5),,2026-08-12: 자기주식취득결과보고서 | 2026-08-12: 반기보고서 (2026.06) | 2026-07-29: [기재정정]주요사항보고서(자기주식취득결정) | 2026-07-29: 주요사항보고서(자기주식취득결정) | 2026-07-22: [기재정정]단일판매ㆍ공급계약체결              ,5
앱클론,174900,15,OK,,단일판매ㆍ공급계약체결              (+5) | [기재정정]단일판매ㆍ공급계약체결(자율공시)              (+5) | [기재정정]단일판매ㆍ공급계약체결              (+5),,2026-08-07: 임원ㆍ주요주주특정증권등소유상황보고서 | 2026-08-04: 단일판매ㆍ공급계약체결               | 2026-07-31: [기재정정]단일판매ㆍ공급계약체결(자율공시)               | 2026-07-22: [기재정정]단일판매ㆍ공급계약체결              ,4
한솔홀딩스,004150,15,OK,,[기재정정]주식소각결정(자회사의 주요경영사항)              (+5) | 주식소각결정(자회사의 주요경영사항)              (+5) | 주요사항보고서(자기주식취득결정)(자회사의 주요경영사항)              (+5),,2026-08-05: 현금ㆍ현물배당결정(자회사의 주요경영사항)               | 2026-08-05: 현금ㆍ현물배당을위한주주명부폐쇄(기준일)결정(자회사의 주요경영사항)               | 2026-07-27: [기재정정]주식소각결정(자회사의 주요경영사항)               | 2026-07-24: 최대주주등소유주식변동신고서               | 2026-07-24: 주식등의대량보유상황보고서(일반),8
엠아이큐브솔루션,373170,15,OK,,단일판매ㆍ공급계약체결(자율공시)              (+5) | 단일판매ㆍ공급계약체결              (+5) | 단일판매ㆍ공급계약체결(자율공시)              (+5),,2026-08-03: 단일판매ㆍ공급계약체결(자율공시)               | 2026-08-03: 단일판매ㆍ공급계약체결               | 2026-07-22: 주식등의대량보유상황보고서(약식) | 2026-07-22: 주식등의대량보유상황보고서(일반) | 2026-07-14: 대표이사변경              ,7
카스,016920,15,OK,,주요사항보고서(자기주식취득결정)(+5) | 주요사항보고서(자기주식취득결정)(+5) | 주식소각결정              (+5),,2026-08-03: 주요사항보고서(자기주식취득결정) | 2026-08-03: 자기주식취득결과보고서 | 2026-07-16: 주요사항보고서(자기주식취득결정) | 2026-07-16: 자기주식취득결과보고서 | 2026-07-13: 주식소각결정              ,5
힘스,238490,15,OK,,[기재정정]단일판매ㆍ공급계약체결              (+5) | [기재정정]단일판매ㆍ공급계약체결              (+5) | 단일판매ㆍ공급계약체결              (+5),,2026-08-07: 주식등의대량보유상황보고서(일반) | 2026-08-07: 임원ㆍ주요주주특정증권등소유상황보고서 | 2026-07-31: 주식등의대량보유상황보고서(일반) | 2026-07-31: 임원ㆍ주요주주특정증권등소유상황보고서 | 2026-07-29: [기재정정]단일판매ㆍ공급계약체결              ,7
삼일씨엔에스,004440,15,OK,,[기재정정]단일판매ㆍ공급계약체결              (+5) | [기재정정]단일판매ㆍ공급계약체결              (+5) | [기재정정]단일판매ㆍ공급계약체결              (+5),,2026-08-12: [기재정정]단일판매ㆍ공급계약체결               | 2026-08-07: 최대주주등소유주식변동신고서               | 2026-08-04: 대표이사(대표집행임원)변경(안내공시)               | 2026-08-04: 임시주주총회결과               | 2026-07-29: [기재정정]단일판매ㆍ공급계약체결              ,8
한신공영,004960,15,OK,,[기재정정]단일판매ㆍ공급계약체결              (+5) | [기재정정]단일판매ㆍ공급계약체결              (+5) | [기재정정]단일판매ㆍ공급계약체결              (+5),,2026-08-11: [기재정정]단일판매ㆍ공급계약체결               | 2026-08-10: 주식등의대량보유상황보고서(약식) | 2026-07-31: [기재정정]단일판매ㆍ공급계약체결               | 2026-07-30: 투자판단관련주요경영사항               | 2026-07-29: [기재정정]단일판매ㆍ공급계약체결              ,6
한텍,098070,15,OK,,단일판매ㆍ공급계약체결              (+5) | 단일판매ㆍ공급계약체결              (+5) | [기재정정]단일판매ㆍ공급계약체결              (+5),,2026-08-04: 단일판매ㆍ공급계약체결               | 2026-07-24: 임원ㆍ주요주주특정증권등소유상황보고서 | 2026-07-24: 단일판매ㆍ공급계약체결               | 2026-07-20: [기재정정]단일판매ㆍ공급계약체결              ,4
씨메스로보틱스,475400,15,OK,,단일판매ㆍ공급계약체결              (+5) | [기재정정]단일판매ㆍ공급계약체결              (+5) | 단일판매ㆍ공급계약체결              (+5),,2026-08-12: 단일판매ㆍ공급계약체결               | 2026-08-07: 주식매수선택권부여에관한신고 | 2026-07-27: [기재정정]단일판매ㆍ공급계약체결               | 2026-07-14: 단일판매ㆍ공급계약체결              ,4
KR모터스,000040,15,OK,,[첨부정정]주요사항보고서(회사합병결정)(+3) | [첨부정정]주요사항보고서(회사합병결정)(+3) | 회사합병결정(종속회사의주요경영사항)              (+3) | 주요사항보고서(회사합병결정)(+3) | 주요사항보고서(회사합병결정)(+3),,2026-07-29: [첨부정정]주요사항보고서(회사합병결정) | 2026-07-29: [첨부정정]주요사항보고서(회사합병결정) | 2026-07-27: 주주명부폐쇄기간또는기준일설정               | 2026-07-27: 회사합병결정(종속회사의주요경영사항)               | 2026-07-27: 주요사항보고서(회사합병결정),7
위드텍,348350,15,OK,,단일판매ㆍ공급계약체결              (+5) | 주식소각결정              (+5) | 주요사항보고서(자기주식취득결정)(+5),,2026-08-12: 단일판매ㆍ공급계약체결               | 2026-07-27: 주식소각결정               | 2026-07-14: 현금ㆍ현물배당결정              (중간배당) | 2026-07-14: 중간(분기)배당을위한주주명부폐쇄(기준일)결정               | 2026-07-14: [기재정정]현금ㆍ현물배당을위한주주명부폐쇄(기준일)결정              ,7
수산인더스트리,126720,15,OK,,[기재정정]단일판매ㆍ공급계약체결              (+5) | [기재정정]단일판매ㆍ공급계약체결              (+5) | [기재정정]단일판매ㆍ공급계약체결              (+5),,2026-08-07: [기재정정]단일판매ㆍ공급계약체결               | 2026-07-29: [기재정정]단일판매ㆍ공급계약체결               | 2026-07-24: [기재정정]단일판매ㆍ공급계약체결              ,3
우진아이엔에스,010400,15,OK,,단일판매ㆍ공급계약체결              (+5) | 단일판매ㆍ공급계약체결              (+5) | [기재정정]단일판매ㆍ공급계약체결              (+5),,2026-08-03: 단일판매ㆍ공급계약체결               | 2026-07-24: 소송등의판결ㆍ결정               | 2026-07-24: 단일판매ㆍ공급계약체결               | 2026-07-23: [기재정정]단일판매ㆍ공급계약체결               | 2026-07-16: 기업가치제고계획예고(안내공시)              ,5
KCC건설,021320,15,OK,,[기재정정]단일판매ㆍ공급계약체결(자율공시)              (+5) | [기재정정]단일판매ㆍ공급계약체결              (+5) | [기재정정]단일판매ㆍ공급계약체결(자율공시)              (+5),,2026-08-12: [기재정정]중대재해발생               | 2026-08-11: [기재정정]단일판매ㆍ공급계약체결(자율공시)               | 2026-08-11: 지급수단별ㆍ지급기간별지급금액및분쟁조정기구에관한사항 | 2026-08-03: [기재정정]단일판매ㆍ공급계약체결               | 2026-07-28: [기재정정]단일판매ㆍ공급계약체결(자율공시)              ,5
포스코퓨처엠,003670,16,OK,,연결재무제표기준영업(잠정)실적(공정공시)              (+3) | 영업(잠정)실적(공정공시)              (+3) | 단일판매ㆍ공급계약체결              (+5) | 단일판매ㆍ공급계약체결              (+5),,2026-07-30: 연결재무제표기준영업(잠정)실적(공정공시)               | 2026-07-30: 영업(잠정)실적(공정공시)               | 2026-07-29: 지급수단별ㆍ지급기간별지급금액및분쟁조정기구에관한사항 | 2026-07-16: 단일판매ㆍ공급계약체결               | 2026-07-16: 단일판매ㆍ공급계약체결              ,7
아이크래프트,052460,16,OK,,연결재무제표기준영업(잠정)실적(공정공시)              (+3) | 영업(잠정)실적(공정공시)              (+3) | 단일판매ㆍ공급계약체결              (+5) | 단일판매ㆍ공급계약체결              (+5),,2026-08-10: 수시공시의무관련사항(공정공시)              (주주가치 제고를 위한 주주환원정책 안내) | 2026-08-10: 연결재무제표기준영업(잠정)실적(공정공시)               | 2026-08-10: 영업(잠정)실적(공정공시)               | 2026-07-24: 단일판매ㆍ공급계약체결               | 2026-07-21: 단일판매ㆍ공급계약체결              ,6
JB금융지주,175330,17,OK,,주식소각결정              (+5) | 연결재무제표기준영업(잠정)실적(공정공시)(자회사의 주요경영사항)              (+3) | 연결재무제표기준영업(잠정)실적(공정공시)(자회사의 주요경영사항)              (+3) | 연결재무제표기준영업(잠정)실적(공정공시)(자회사의 주요경영사항)              (+3) | 연결재무제표기준영업(잠정)실적(공정공시)              (+3),,2026-08-12: 투자설명서(일괄신고) | 2026-08-12: 일괄신고추가서류 | 2026-08-07: 주식등의대량보유상황보고서(약식) | 2026-07-28: 기타안내사항(안내공시)               | 2026-07-23: 금전대여결정(자회사의 주요경영사항)              ,17
BNK금융지주,138930,17,OK,,연결재무제표기준영업(잠정)실적(공정공시)              (+3) | 연결재무제표기준영업(잠정)실적(공정공시)(자회사의 주요경영사항)              (+3) | 연결재무제표기준영업(잠정)실적(공정공시)(자회사의 주요경영사항)              (+3) | 연결재무제표기준영업(잠정)실적(공정공시)(자회사의 주요경영사항)              (+3) | [기재정정]주식소각결정              (+5),,2026-08-06: 주식등의대량보유상황보고서(약식) | 2026-08-06: 주식등의대량보유상황보고서(약식) | 2026-07-31: 증권발행실적보고서 | 2026-07-30: 투자설명서(일괄신고) | 2026-07-30: 일괄신고추가서류,19
현대건설,000720,18,OK,,[기재정정]단일판매ㆍ공급계약체결              (+5) | [기재정정]단일판매ㆍ공급계약체결              (+5) | 연결재무제표기준영업(잠정)실적(공정공시)              (+3) | [기재정정]단일판매ㆍ공급계약체결(자율공시)              (+5),,2026-08-11: 풍문또는보도에대한해명(미확정)               | 2026-08-06: 주식등의대량보유상황보고서(약식) | 2026-08-04: [기재정정]단일판매ㆍ공급계약체결               | 2026-08-04: 임원ㆍ주요주주특정증권등소유상황보고서 | 2026-08-04: [기재정정]단일판매ㆍ공급계약체결              ,19
테크윙,089030,18,OK,,단일판매ㆍ공급계약체결(자율공시)              (+5) | [기재정정]단일판매ㆍ공급계약체결(자율공시)              (+5) | 단일판매ㆍ공급계약체결(자율공시)              (+5) | 연결재무제표기준영업(잠정)실적(공정공시)              (+3),,2026-08-10: 단일판매ㆍ공급계약체결(자율공시)               | 2026-08-04: [기재정정]단일판매ㆍ공급계약체결(자율공시)               | 2026-07-31: 주식등의대량보유상황보고서(약식) | 2026-07-20: 단일판매ㆍ공급계약체결(자율공시)               | 2026-07-13: 연결재무제표기준영업(잠정)실적(공정공시)              ,5
신성이엔지,011930,18,OK,,연결재무제표기준영업(잠정)실적(공정공시)              (+3) | [기재정정]단일판매ㆍ공급계약체결(자율공시)              (+5) | 단일판매ㆍ공급계약체결(자율공시)              (+5) | 단일판매ㆍ공급계약체결(자율공시)              (+5),,2026-08-07: 연결재무제표기준영업(잠정)실적(공정공시)               | 2026-08-07: 기업가치제고계획(자율공시)              (기업가치 제고 계획(자율공시)(2026년)) | 2026-08-07: 주식등의대량보유상황보고서(약식) | 2026-08-04: 기업설명회(IR)개최(안내공시)               | 2026-08-03: 최대주주등소유주식변동신고서              ,12
현대지에프홀딩스,005440,18,OK,,연결재무제표기준영업(잠정)실적(공정공시)              (+3) | 주요사항보고서(자기주식취득결정)(+5) | 주식소각결정(자회사의 주요경영사항)              (+5) | 주요사항보고서(자기주식취득결정)(자회사의 주요경영사항)              (+5),,2026-08-07: 기업설명회(IR)개최(안내공시)               | 2026-08-07: 연결재무제표기준영업(잠정)실적(공정공시)               | 2026-08-07: 현금ㆍ현물배당을위한주주명부폐쇄(기준일)결정               | 2026-08-07: 현금ㆍ현물배당결정              (중간배당) | 2026-08-07: 주요사항보고서(자기주식취득결정),14
LIG디펜스앤에어로스페이스,079550,18,OK,,연결재무제표기준영업(잠정)실적(공정공시)              (+3) | [기재정정]단일판매ㆍ공급계약체결              (+5) | [기재정정]단일판매ㆍ공급계약체결              (+5) | 단일판매ㆍ공급계약체결              (+5),,2026-08-06: 연결재무제표기준영업(잠정)실적(공정공시)               | 2026-07-29: [기재정정]단일판매ㆍ공급계약체결               | 2026-07-29: [기재정정]단일판매ㆍ공급계약체결               | 2026-07-29: 기업설명회(IR)개최(안내공시)               | 2026-07-29: 기업설명회(IR)개최(안내공시)              ,7
한솔테크닉스,004710,18,OK,,[기재정정]주식소각결정              (+5) | 연결재무제표기준영업(잠정)실적(공정공시)              (+3) | 주식소각결정              (+5) | 주요사항보고서(자기주식취득결정)(+5),,2026-08-06: 주식등의대량보유상황보고서(약식) | 2026-07-29: 주식등의대량보유상황보고서(일반) | 2026-07-29: 임원ㆍ주요주주특정증권등소유상황보고서 | 2026-07-28: 자기주식취득결과보고서 | 2026-07-27: [기재정정]주식소각결정              ,23
한화오션,042660,18,OK,,단일판매ㆍ공급계약체결              (+5) | 단일판매ㆍ공급계약체결              (+5) | 연결재무제표기준영업(잠정)실적(공정공시)              (+3) | 단일판매ㆍ공급계약체결              (+5),,2026-08-12: 반기보고서 (2026.06) | 2026-08-07: 풍문또는보도에대한해명(미확정)               | 2026-08-03: 단일판매ㆍ공급계약체결               | 2026-07-31: 단일판매ㆍ공급계약체결               | 2026-07-27: 공정거래자율준수프로그램운영현황(안내공시)              ,13
삼성물산,028260,18,OK,,[기재정정]단일판매ㆍ공급계약체결              (+5) | 연결재무제표기준영업(잠정)실적(공정공시)              (+3) | [기재정정]단일판매ㆍ공급계약체결              (+5) | [기재정정]단일판매ㆍ공급계약체결              (+5),,2026-08-10: 기업설명회(IR)개최(안내공시)               | 2026-08-07: [기재정정]단일판매ㆍ공급계약체결               | 2026-07-29: 연결재무제표기준영업(잠정)실적(공정공시)               | 2026-07-28: [기재정정]단일판매ㆍ공급계약체결               | 2026-07-27: 최대주주등소유주식변동신고서              ,9
DL이앤씨,375500,18,OK,,[기재정정]단일판매ㆍ공급계약체결              (+5) | 연결재무제표기준영업(잠정)실적(공정공시)              (+3) | [기재정정]단일판매ㆍ공급계약체결              (+5) | [기재정정]단일판매ㆍ공급계약체결              (+5),,2026-08-11: [기재정정]단일판매ㆍ공급계약체결               | 2026-07-31: [기재정정]단일판매ㆍ공급계약해지               | 2026-07-30: 기업설명회(IR)개최(안내공시)               | 2026-07-30: 연결재무제표기준영업(잠정)실적(공정공시)               | 2026-07-30: 주요사항보고서(자기주식취득신탁계약체결결정),10
iM금융지주,139130,19,OK,,주식소각결정              (+5) | 주식소각결정              (+5) | 연결재무제표기준영업(잠정)실적(공정공시)              (+3) | 연결재무제표기준영업(잠정)실적(공정공시)(자회사의 주요경영사항)              (+3) | 연결재무제표기준영업(잠정)실적(공정공시)(자회사의 주요경영사항)              (+3),,2026-08-12: 금전대여결정(자회사의 주요경영사항)              (iM뱅크) | 2026-08-11: 지주회사의자회사탈퇴               | 2026-08-04: [기재정정]일괄신고서 | 2026-07-27: 기업설명회(IR)개최(안내공시)               | 2026-07-27: 주요사항보고서(상각형조건부자본증권발행결정),16
HD현대중공업,329180,19,OK,,단일판매ㆍ공급계약체결              (+5) | 영업(잠정)실적(공정공시)              (+3) | 연결재무제표기준영업(잠정)실적(공정공시)              (+3) | 영업(잠정)실적(공정공시)              (+3) | [기재정정]단일판매ㆍ공급계약체결(자율공시)              (+5),,2026-08-10: 단일판매ㆍ공급계약체결               | 2026-07-31: 동일인등출자계열회사와의상품ㆍ용역거래변경 | 2026-07-31: 지급수단별ㆍ지급기간별지급금액및분쟁조정기구에관한사항 | 2026-07-29: 현금ㆍ현물배당결정               | 2026-07-29: 현금ㆍ현물배당을위한주주명부폐쇄(기준일)결정              ,14
기가비스,420770,20,OK,,단일판매ㆍ공급계약체결              (+5) | 단일판매ㆍ공급계약체결              (+5) | 단일판매ㆍ공급계약체결              (+5) | 단일판매ㆍ공급계약체결              (+5),,2026-08-11: 단일판매ㆍ공급계약체결               | 2026-07-30: 단일판매ㆍ공급계약체결               | 2026-07-29: 임원ㆍ주요주주특정증권등소유상황보고서 | 2026-07-29: 단일판매ㆍ공급계약체결               | 2026-07-24: 단일판매ㆍ공급계약체결              ,5
코오롱,002020,20,OK,,단일판매ㆍ공급계약체결(자회사의 주요경영사항)              (+5) | [기재정정]단일판매ㆍ공급계약체결(자회사의 주요경영사항)              (+5) | 단일판매ㆍ공급계약체결(자회사의 주요경영사항)              (+5) | 단일판매ㆍ공급계약체결(자회사의 주요경영사항)              (+5),,2026-08-12: 타인에대한채무보증결정(자회사의 주요경영사항)               | 2026-08-11: 단일판매ㆍ공급계약체결(자회사의 주요경영사항)               | 2026-08-11: 현금ㆍ현물배당을위한주주명부폐쇄(기준일)결정(자회사의 주요경영사항)               | 2026-08-11: 현금ㆍ현물배당결정(자회사의 주요경영사항)               | 2026-08-06: 타인에대한채무보증결정(자회사의 주요경영사항)              ,16
미래산업,025560,20,OK,,단일판매ㆍ공급계약체결              (+5) | 단일판매ㆍ공급계약체결              (+5) | [기재정정]단일판매ㆍ공급계약체결              (+5) | [기재정정]단일판매ㆍ공급계약체결              (+5),,2026-08-03: 임원ㆍ주요주주특정증권등소유상황보고서 | 2026-08-03: 주식등의대량보유상황보고서(약식) | 2026-07-30: 단일판매ㆍ공급계약체결               | 2026-07-29: 단일판매ㆍ공급계약체결               | 2026-07-27: 유상증자또는주식관련사채등의발행결과(자율공시)              ,7
남광토건,001260,20,OK,,[기재정정]단일판매ㆍ공급계약체결              (+5) | [기재정정]단일판매ㆍ공급계약체결              (+5) | [기재정정]단일판매ㆍ공급계약체결              (+5) | [기재정정]단일판매ㆍ공급계약체결              (+5),,2026-08-07: 투자판단관련주요경영사항               | 2026-08-05: [기재정정]단일판매ㆍ공급계약체결               | 2026-08-03: 투자판단관련주요경영사항               | 2026-07-31: [기재정정]단일판매ㆍ공급계약체결               | 2026-07-29: [기재정정]단일판매ㆍ공급계약체결              ,9
신한지주,055550,22,OK,,주식소각결정              (+5) | 주요사항보고서(자기주식취득결정)(+5) | 연결재무제표기준영업(잠정)실적(공정공시)(자회사의 주요경영사항)              (+3) | 연결재무제표기준영업(잠정)실적(공정공시)(자회사의 주요경영사항)              (+3) | 연결재무제표기준영업(잠정)실적(공정공시)(자회사의 주요경영사항)              (+3),,2026-08-11: 주식등의대량보유상황보고서(약식) | 2026-08-11: 최대주주등소유주식변동신고서               | 2026-08-07: 증권발행실적보고서 | 2026-08-06: 투자설명서(일괄신고) | 2026-08-06: 일괄신고추가서류,19
파두,440110,23,OK,,단일판매ㆍ공급계약체결              (+5) | [기재정정]단일판매ㆍ공급계약체결              (+5) | 단일판매ㆍ공급계약체결              (+5) | 연결재무제표기준영업(잠정)실적(공정공시)              (+3) | [기재정정]단일판매ㆍ공급계약체결              (+5),,2026-08-12: 단일판매ㆍ공급계약체결               | 2026-08-12: 단기차입금증가결정               | 2026-08-07: [기재정정]단일판매ㆍ공급계약체결               | 2026-07-31: 파생상품거래손실발생               | 2026-07-30: 단일판매ㆍ공급계약체결              ,8
코오롱글로벌,003070,23,OK,,단일판매ㆍ공급계약체결              (+5) | 연결재무제표기준영업(잠정)실적(공정공시)              (+3) | [기재정정]단일판매ㆍ공급계약체결              (+5) | 단일판매ㆍ공급계약체결              (+5) | 단일판매ㆍ공급계약체결              (+5),,2026-08-12: 타인에대한채무보증결정               | 2026-08-11: 단일판매ㆍ공급계약체결               | 2026-08-11: 현금ㆍ현물배당을위한주주명부폐쇄(기준일)결정               | 2026-08-11: 현금ㆍ현물배당결정               | 2026-08-11: 수시공시의무관련사항(공정공시)              ,15
하나금융지주,086790,24,OK,,주식소각결정              (+5) | 연결재무제표기준영업(잠정)실적(공정공시)(자회사의 주요경영사항)              (+3) | 연결재무제표기준영업(잠정)실적(공정공시)(자회사의 주요경영사항)              (+3) | 연결재무제표기준영업(잠정)실적(공정공시)              (+3) | 주요사항보고서(자기주식취득결정)(+5),,2026-08-11: 단기차입금증가결정(자회사의 주요경영사항)               | 2026-08-07: 임원ㆍ주요주주특정증권등소유상황보고서 | 2026-07-24: 주요사항보고서(상각형조건부자본증권발행결정) | 2026-07-24: 타법인주식및출자증권취득결정(자율공시)               | 2026-07-24: 주식소각결정              ,23
KB금융,105560,24,OK,,주식소각결정              (+5) | 연결재무제표기준영업(잠정)실적(공정공시)              (+3) | 연결재무제표기준영업(잠정)실적(공정공시)(자회사의 주요경영사항)              (+3) | 연결재무제표기준영업(잠정)실적(공정공시)(자회사의 주요경영사항)              (+3) | [기재정정]주식소각결정              (+5),,2026-07-30: 증권발행실적보고서 | 2026-07-29: 투자설명서(일괄신고) | 2026-07-29: 일괄신고추가서류 | 2026-07-23: 주요사항보고서(상각형조건부자본증권발행결정) | 2026-07-23: 주식소각결정              ,15
한전산업,130660,25,OK,,[기재정정]단일판매ㆍ공급계약체결(자율공시)              (+5) | [기재정정]단일판매ㆍ공급계약체결(자율공시)              (+5) | [기재정정]단일판매ㆍ공급계약체결              (+5) | [기재정정]단일판매ㆍ공급계약체결              (+5) | [기재정정]단일판매ㆍ공급계약체결              (+5),,2026-08-10: [기재정정]단일판매ㆍ공급계약체결(자율공시)               | 2026-08-10: [기재정정]단일판매ㆍ공급계약체결(자율공시)               | 2026-07-28: [기재정정]단일판매ㆍ공급계약체결               | 2026-07-28: [기재정정]단일판매ㆍ공급계약체결               | 2026-07-23: [기재정정]단일판매ㆍ공급계약체결              ,5
HJ중공업,097230,25,OK,,[기재정정]단일판매ㆍ공급계약체결              (+5) | [기재정정]단일판매ㆍ공급계약체결              (+5) | [기재정정]단일판매ㆍ공급계약체결              (+5) | [기재정정]단일판매ㆍ공급계약체결              (+5) | [기재정정]단일판매ㆍ공급계약체결              (+5),,2026-08-12: 반기보고서 (2026.06) | 2026-08-12: 투자판단관련주요경영사항               | 2026-08-11: [기재정정]단일판매ㆍ공급계약체결               | 2026-08-11: [기재정정]단일판매ㆍ공급계약체결               | 2026-08-07: 투자판단관련주요경영사항              ,11
HD한국조선해양,009540,25,OK,,단일판매ㆍ공급계약체결(자회사의 주요경영사항)              (+5) | 영업(잠정)실적(공정공시)              (+3) | 연결재무제표기준영업(잠정)실적(공정공시)              (+3) | 영업(잠정)실적(공정공시)(자회사의 주요경영사항)              (+3) | 영업(잠정)실적(공정공시)              (+3),,2026-08-10: 단일판매ㆍ공급계약체결(자회사의 주요경영사항)               | 2026-07-29: 특수관계인에대한출자 | 2026-07-29: 전환가액ㆍ신주인수권행사가액ㆍ교환가액의조정(안내공시)               | 2026-07-29: 현금ㆍ현물배당결정(자회사의 주요경영사항)               | 2026-07-29: 공정거래자율준수프로그램운영현황(안내공시)              ,21
금호건설,002990,25,OK,,[기재정정]단일판매ㆍ공급계약체결              (+5) | 단일판매ㆍ공급계약체결              (+5) | 단일판매ㆍ공급계약체결              (+5) | [기재정정]단일판매ㆍ공급계약체결              (+5) | [기재정정]단일판매ㆍ공급계약체결              (+5),,2026-08-10: 기업설명회(IR)개최(안내공시)               | 2026-08-04: [기재정정]단일판매ㆍ공급계약체결               | 2026-08-04: 단일판매ㆍ공급계약체결               | 2026-08-04: 단일판매ㆍ공급계약체결               | 2026-07-30: [기재정정]단일판매ㆍ공급계약체결              ,9
삼호개발,010960,25,OK,,[기재정정]단일판매ㆍ공급계약체결              (+5) | [기재정정]단일판매ㆍ공급계약체결              (+5) | [기재정정]단일판매ㆍ공급계약체결              (+5) | [기재정정]단일판매ㆍ공급계약체결              (+5) | [기재정정]단일판매ㆍ공급계약체결              (+5),,2026-08-11: [기재정정]단일판매ㆍ공급계약체결               | 2026-07-31: [기재정정]단일판매ㆍ공급계약체결               | 2026-07-28: [기재정정]단일판매ㆍ공급계약체결               | 2026-07-22: [기재정정]단일판매ㆍ공급계약체결               | 2026-07-13: [기재정정]단일판매ㆍ공급계약체결              ,5
HDC,012630,28,OK,,단일판매ㆍ공급계약체결(자회사의 주요경영사항)              (+5) | 단일판매ㆍ공급계약체결(자회사의 주요경영사항)              (+5) | [기재정정]단일판매ㆍ공급계약체결(자회사의 주요경영사항)              (+5) | 연결재무제표기준영업(잠정)실적(공정공시)              (+3) | [기재정정]단일판매ㆍ공급계약체결(자회사의 주요경영사항)              (+5),,2026-08-12: 불성실공시법인지정예고               | 2026-08-11: 중대재해발생(자회사의 주요경영사항)               | 2026-08-10: 단일판매ㆍ공급계약체결(자회사의 주요경영사항)               | 2026-08-07: 단일판매ㆍ공급계약체결(자회사의 주요경영사항)               | 2026-08-07: [기재정정]단일판매ㆍ공급계약체결(자회사의 주요경영사항)              ,20
GS건설,006360,28,OK,,단일판매ㆍ공급계약체결              (+5) | 연결재무제표기준영업(잠정)실적(공정공시)              (+3) | [기재정정]단일판매ㆍ공급계약체결              (+5) | [기재정정]단일판매ㆍ공급계약체결              (+5) | [기재정정]단일판매ㆍ공급계약체결              (+5),,2026-08-10: 임원ㆍ주요주주특정증권등소유상황보고서 | 2026-08-07: 단일판매ㆍ공급계약체결               | 2026-08-04: 기업설명회(IR)개최(안내공시)               | 2026-07-31: [기재정정]투자판단관련주요경영사항               | 2026-07-29: 연결재무제표기준영업(잠정)실적(공정공시)              ,14
두산퓨얼셀,336260,28,OK,,단일판매ㆍ공급계약체결              (+5) | 단일판매ㆍ공급계약체결              (+5) | 단일판매ㆍ공급계약체결              (+5) | 단일판매ㆍ공급계약체결              (+5) | 단일판매ㆍ공급계약체결              (+5),,2026-08-12: 단일판매ㆍ공급계약체결               | 2026-08-12: 단일판매ㆍ공급계약체결               | 2026-08-12: 단일판매ㆍ공급계약체결               | 2026-08-12: 단일판매ㆍ공급계약체결               | 2026-08-05: 단일판매ㆍ공급계약체결              ,8
IPARK현대산업개발,294870,28,OK,,단일판매ㆍ공급계약체결              (+5) | 단일판매ㆍ공급계약체결              (+5) | [기재정정]단일판매ㆍ공급계약체결              (+5) | [기재정정]단일판매ㆍ공급계약체결              (+5) | 주요사항보고서(자기주식취득결정)(+5),,2026-08-12: 불성실공시법인지정예고               | 2026-08-11: 중대재해발생               | 2026-08-10: 단일판매ㆍ공급계약체결               | 2026-08-07: 단일판매ㆍ공급계약체결               | 2026-08-07: [기재정정]단일판매ㆍ공급계약체결              ,15
비에이치아이,083650,30,OK,,[기재정정]단일판매ㆍ공급계약체결              (+5) | [기재정정]단일판매ㆍ공급계약체결(자율공시)              (+5) | 단일판매ㆍ공급계약체결(자율공시)              (+5) | [기재정정]단일판매ㆍ공급계약체결              (+5) | [기재정정]단일판매ㆍ공급계약체결              (+5),,2026-08-07: [기재정정]단일판매ㆍ공급계약체결               | 2026-07-27: [기재정정]단일판매ㆍ공급계약체결(자율공시)               | 2026-07-27: 단일판매ㆍ공급계약체결(자율공시)               | 2026-07-23: [기재정정]단일판매ㆍ공급계약체결               | 2026-07-16: 주식등의대량보유상황보고서(일반),7
지엔씨에너지,119850,30,OK,,단일판매ㆍ공급계약체결              (+5) | 단일판매ㆍ공급계약체결              (+5) | [기재정정]단일판매ㆍ공급계약체결              (+5) | 단일판매ㆍ공급계약체결              (+5) | [기재정정]단일판매ㆍ공급계약체결              (+5),,2026-08-05: [기재정정]자기주식처분결과보고서 | 2026-08-04: 주식등의대량보유상황보고서(약식) | 2026-08-04: 단일판매ㆍ공급계약체결               | 2026-08-03: 주식등의대량보유상황보고서(약식) | 2026-08-03: 단일판매ㆍ공급계약체결              ,10
현대오토에버,307950,33,OK,,[기재정정]단일판매ㆍ공급계약체결              (+5) | [기재정정]단일판매ㆍ공급계약체결              (+5) | [기재정정]단일판매ㆍ공급계약체결              (+5) | 연결재무제표기준영업(잠정)실적(공정공시)              (+3) | 단일판매ㆍ공급계약체결              (+5),,2026-08-05: [기재정정]단일판매ㆍ공급계약체결               | 2026-08-05: [기재정정]단일판매ㆍ공급계약체결               | 2026-07-31: [기재정정]단일판매ㆍ공급계약체결               | 2026-07-29: 공정거래자율준수프로그램운영현황(안내공시)               | 2026-07-29: 기업설명회(IR)개최(안내공시)              ,11
스피어,347700,35,🚨 YES,유상증자결정(종속회사의주요경영사항)              ,[기재정정]단일판매ㆍ공급계약체결              (+5) | [기재정정]단일판매ㆍ공급계약체결              (+5) | [기재정정]단일판매ㆍ공급계약체결              (+5) | [기재정정]단일판매ㆍ공급계약체결              (+5) | [기재정정]단일판매ㆍ공급계약체결              (+5),유상증자결정(종속회사의주요경영사항)              (-15),2026-08-11: [기재정정]단일판매ㆍ공급계약체결               | 2026-08-11: [기재정정]단일판매ㆍ공급계약체결               | 2026-08-11: [기재정정]단일판매ㆍ공급계약체결               | 2026-08-10: 본점소재지변경               | 2026-08-10: 유상증자결정(종속회사의주요경영사항)              ,14
대우건설,047040,38,OK,,[기재정정]단일판매ㆍ공급계약체결              (+5) | 단일판매ㆍ공급계약체결              (+5) | 연결재무제표기준영업(잠정)실적(공정공시)              (+3) | [기재정정]단일판매ㆍ공급계약체결              (+5) | 단일판매ㆍ공급계약체결              (+5),,2026-08-11: 타인에대한채무보증결정               | 2026-08-10: 타인에대한채무보증결정               | 2026-08-07: [기재정정]단일판매ㆍ공급계약체결               | 2026-08-07: 투자판단관련주요경영사항               | 2026-08-07: 기타경영사항(자율공시)              ,20
계룡건설산업,013580,40,OK,,단일판매ㆍ공급계약체결              (+5) | [기재정정]단일판매ㆍ공급계약체결              (+5) | [기재정정]단일판매ㆍ공급계약체결              (+5) | [기재정정]단일판매ㆍ공급계약체결              (+5) | [기재정정]단일판매ㆍ공급계약체결              (+5),,2026-08-12: 단일판매ㆍ공급계약체결               | 2026-08-10: [기재정정]단일판매ㆍ공급계약체결               | 2026-08-05: [기재정정]단일판매ㆍ공급계약체결               | 2026-08-04: [기재정정]단일판매ㆍ공급계약체결               | 2026-07-30: 투자판단관련주요경영사항              ,11
