종목명,종목코드,DART점수,Tier1발동,Tier1,호재내역,악재내역,최근공시,공시건수
블루산업개발,006740,-210,🚨 YES,[기재정정]주요사항보고서(전환사채권발행결정) | [기재정정]주요사항보고서(전환사채권발행결정) | [기재정정]주요사항보고서(전환사채권발행결정),,[기재정정]주요사항보고서(전환사채권발행결정)(-15) | [기재정정]주요사항보고서(전환사채권발행결정)(-15) | [기재정정]주요사항보고서(전환사채권발행결정)(-15) | [기재정정]주요사항보고서(전환사채권발행결정)(-15) | [기재정정]주요사항보고서(유상증자결정)(-15),2026-05-26: 주식등의대량보유상황보고서(일반) | 2026-05-26: 주식등의대량보유상황보고서(약식) | 2026-05-20: [기재정정]주요사항보고서(전환사채권발행결정) | 2026-05-19: 주식등의대량보유상황보고서(일반) | 2026-05-18: 유상증자또는주식관련사채등의발행결과(자율공시)              ,24
아이톡시,052770,-165,🚨 YES,[기재정정]주요사항보고서(유상증자결정) | 기타주요경영사항              (소액공모 제3자배정 유상증자결정 철회) | [기재정정]주요사항보고서(유상증자결정),,[기재정정]주요사항보고서(유상증자결정)(-15) | 기타주요경영사항              (소액공모 제3자배정 유상증자결정 철회)(-15) | [기재정정]주요사항보고서(유상증자결정)(-15) | [기재정정]주요사항보고서(유상증자결정)(-15) | [기재정정]주요사항보고서(유상증자결정)(-15),2026-05-26: [기재정정]소송등의제기ㆍ신청(일정금액이상의청구)               | 2026-05-22: 소송등의제기ㆍ신청(일정금액이상의청구)               | 2026-05-15: 소액공모실적보고서 | 2026-05-15: [기재정정]소액공모공시서류(지분증권) | 2026-05-15: [기재정정]주요사항보고서(유상증자결정),20
알엔티엑스,123010,-155,🚨 YES,[기재정정]주요사항보고서(유상증자결정) | [기재정정]주요사항보고서(유상증자결정) | [기재정정]주요사항보고서(전환사채권발행결정),,[기재정정]주요사항보고서(유상증자결정)(-15) | [기재정정]주요사항보고서(유상증자결정)(-15) | [기재정정]주요사항보고서(전환사채권발행결정)(-15) | [기재정정]주요사항보고서(유상증자결정)(-15) | [기재정정]주요사항보고서(전환사채권발행결정)(-15),2026-05-26: [기재정정]주요사항보고서(유상증자결정) | 2026-05-21: [기재정정]소액공모공시서류(지분증권) | 2026-05-21: [기재정정]주요사항보고서(유상증자결정) | 2026-05-19: 의결권대리행사권유참고서류 | 2026-05-19: 소액공모실적보고서,26
인크레더블버즈,064090,-110,🚨 YES,횡령ㆍ배임혐의발생               | 횡령ㆍ배임혐의발생               | 주권매매거래정지기간변경              (상장폐지 사유 발생),,횡령ㆍ배임혐의발생              (-25) | 횡령ㆍ배임혐의발생              (-25) | 주권매매거래정지기간변경              (상장폐지 사유 발생)(-30) | 주권매매거래정지기간변경              (개선기간 부여)(-30),2026-05-27: 본점소재지변경               | 2026-05-26: 기타시장안내              (상장적격성 실질심사 사유추가 안내) | 2026-05-26: 횡령ㆍ배임혐의발생               | 2026-05-18: 주권매매거래정지기간변경              (상장폐지 사유 발생) | 2026-05-18: 기타시장안내              (기업심사위원회 개최 결과 안내),15
에이프로젠,007460,-105,🚨 YES,주요사항보고서(전환사채권발행결정)(자회사의 주요경영사항)               | 주요사항보고서(전환사채권발행결정)(자회사의 주요경영사항)               | 주요사항보고서(전환사채권발행결정),,주요사항보고서(전환사채권발행결정)(자회사의 주요경영사항)              (-15) | 주요사항보고서(전환사채권발행결정)(자회사의 주요경영사항)              (-15) | 주요사항보고서(전환사채권발행결정)(-15) | [기재정정]주요사항보고서(유상증자결정)(자회사의 주요경영사항)              (제3자배정)(-15) | [기재정정]주요사항보고서(유상증자결정)(자회사의 주요경영사항)              (제3자배정)(-15),2026-05-26: 주요사항보고서(전환사채권발행결정)(자회사의 주요경영사항)               | 2026-05-22: 주식등의대량보유상황보고서(일반) | 2026-05-21: 주요사항보고서(전환사채권발행결정)(자회사의 주요경영사항)               | 2026-05-21: 주요사항보고서(전환사채권발행결정) | 2026-05-15: [기재정정]주요사항보고서(유상증자결정)(자회사의 주요경영사항)              (제3자배정),21
엠젠솔루션,032790,-105,🚨 YES,주권매매거래정지해제              (액면병합 주권 변경상장) | [첨부정정]주요사항보고서(전환사채권발행결정) | [기재정정]주요사항보고서(전환사채권발행결정),,"주권매매거래정지해제              (액면병합 주권 변경상장)(-30) | [첨부정정]주요사항보고서(전환사채권발행결정)(-15) | [기재정정]주요사항보고서(전환사채권발행결정)(-15) | [기재정정]주요사항보고서(전환사채권발행결정)(-15) | 주권매매거래정지              (주식의 병합, 분할 등 전자등록 변경, 말소)(-30)",2026-05-26: 주권매매거래정지해제              (액면병합 주권 변경상장) | 2026-05-22: [첨부정정]주요사항보고서(전환사채권발행결정) | 2026-05-15: 분기보고서 (2026.03) | 2026-05-11: 전환가액의조정              (제25회차) | 2026-05-08: [기재정정]주요사항보고서(전환사채권발행결정),9
파이온엑스,900100,-105,🚨 YES,"주권매매거래정지              (주식의 병합, 분할 등 전자등록 변경, 말소) | [첨부정정]주요사항보고서(전환사채권발행결정) | [기재정정]주요사항보고서(전환사채권발행결정)",,"주권매매거래정지              (주식의 병합, 분할 등 전자등록 변경, 말소)(-30) | [첨부정정]주요사항보고서(전환사채권발행결정)(-15) | [기재정정]주요사항보고서(전환사채권발행결정)(-15) | [첨부정정]주요사항보고서(전환사채권발행결정)(-15) | [기재정정]주요사항보고서(전환사채권발행결정)(-15)","2026-05-26: 주권매매거래정지              (주식의 병합, 분할 등 전자등록 변경, 말소) | 2026-05-26: [첨부정정]주요사항보고서(전환사채권발행결정) | 2026-05-14: [기재정정]주요사항보고서(전환사채권발행결정) | 2026-05-13: [첨부정정]주요사항보고서(전환사채권발행결정) | 2026-05-13: 주주명부폐쇄기간또는기준일설정              ",13
EDGC,245620,-100,🚨 YES,[기재정정]주요사항보고서(유상증자결정) | [기재정정]주요사항보고서(감자결정) | [기재정정]주요사항보고서(유상증자결정),,[기재정정]주요사항보고서(유상증자결정)(-15) | [기재정정]주요사항보고서(감자결정)(-20) | [기재정정]주요사항보고서(유상증자결정)(-15) | [기재정정]주요사항보고서(유상증자결정)(-15) | [기재정정]주요사항보고서(감자결정)(-20),2026-05-26: [기재정정]주요사항보고서(유상증자결정) | 2026-05-26: [기재정정]주요사항보고서(감자결정) | 2026-05-26: [기재정정]주요사항보고서(유상증자결정) | 2026-05-22: [기재정정]주요사항보고서(유상증자결정) | 2026-05-22: [기재정정]주요사항보고서(감자결정),18
한국앤컴퍼니,000240,-97,🚨 YES,횡령ㆍ배임사실확인(자회사의 주요경영사항)               | 횡령ㆍ배임사실확인(자회사의 주요경영사항)               | 횡령ㆍ배임사실확인              ,연결재무제표기준영업(잠정)실적(공정공시)              (+3),횡령ㆍ배임사실확인(자회사의 주요경영사항)              (-25) | 횡령ㆍ배임사실확인(자회사의 주요경영사항)              (-25) | 횡령ㆍ배임사실확인              (-25) | 횡령ㆍ배임사실확인              (-25),2026-05-15: 분기보고서 (2026.03) | 2026-05-14: 특수관계인에대한출자 | 2026-05-13: 연결재무제표기준영업(잠정)실적(공정공시)               | 2026-05-08: 횡령ㆍ배임사실확인(자회사의 주요경영사항)               | 2026-05-08: 횡령ㆍ배임사실확인              ,7
엑시온그룹,069920,-95,🚨 YES,기타주요경영사항              (유상증자결정(제3자배정) 철회) | [기재정정]주요사항보고서(유상증자결정) | [기재정정]주요사항보고서(유상증자결정),,기타주요경영사항              (유상증자결정(제3자배정) 철회)(-15) | [기재정정]주요사항보고서(유상증자결정)(-15) | [기재정정]주요사항보고서(유상증자결정)(-15) | 주권매매거래정지해제              (감자 주권 변경상장)(-30) | [기재정정]최대주주변경을수반하는주식양수도계약체결              (-5),2026-05-21: [기재정정]주주총회소집공고 | 2026-05-21: [기재정정]주주총회소집결의              (임시주주총회) | 2026-05-20: [기재정정]타인에대한채무보증결정               | 2026-05-15: 분기보고서 (2026.03) | 2026-05-12: 기타주요경영사항              (유상증자결정(제3자배정) 철회),13
에코볼트,097780,-90,🚨 YES,"주권매매거래정지기간변경              (주식의 병합, 분할 등 전자등록 변경, 말소) | 주권매매거래정지              (주식의 병합, 분할 등 전자등록 변경, 말소) | 주권매매거래정지해제              (감자 주권 변경상장)",,"주권매매거래정지기간변경              (주식의 병합, 분할 등 전자등록 변경, 말소)(-30) | 주권매매거래정지              (주식의 병합, 분할 등 전자등록 변경, 말소)(-30) | 주권매매거래정지해제              (감자 주권 변경상장)(-30)","2026-05-27: 감자완료               | 2026-05-20: 주식등의대량보유상황보고서(일반) | 2026-05-20: 임원ㆍ주요주주특정증권등소유상황보고서 | 2026-05-19: 주권매매거래정지기간변경              (주식의 병합, 분할 등 전자등록 변경, 말소) | 2026-05-19: 임원ㆍ주요주주특정증권등소유상황보고서",19
한국유니온제약,080720,-90,🚨 YES,주권매매거래정지기간변경              (투자자 보호) | 주요사항보고서(유상증자결정) | 주요사항보고서(감자결정),,최대주주변경              (-5) | 주권매매거래정지기간변경              (투자자 보호)(-30) | 최대주주변경              (-5) | 주요사항보고서(유상증자결정)(-15) | 주요사항보고서(감자결정)(-20),2026-05-27: 최대주주변경               | 2026-05-27: 증권발행결과(자율공시)              (제3자배정 유상증자) | 2026-05-26: 임원ㆍ주요주주특정증권등소유상황보고서 | 2026-05-26: 주식등의대량보유상황보고서(약식) | 2026-05-20: 기타시장안내              (상장폐지 절차 관련 안내),13
딥커머스,900110,-90,🚨 YES,"주권매매거래정지              (주식의 병합, 분할 등 전자등록 변경, 말소) | [기재정정]주권매매거래정지               | 주권매매거래정지              (주식의 병합, 분할 등 전자등록 변경, 말소)",,"주권매매거래정지              (주식의 병합, 분할 등 전자등록 변경, 말소)(-30) | [기재정정]주권매매거래정지              (-30) | 주권매매거래정지              (주식의 병합, 분할 등 전자등록 변경, 말소)(-30)","2026-05-21: [기재정정]주식매수선택권부여에관한신고 | 2026-05-14: 주권매매거래정지              (주식의 병합, 분할 등 전자등록 변경, 말소) | 2026-05-06: [기재정정]주권매매거래정지               | 2026-05-06: [기재정정]주식병합결정               | 2026-04-30: 주권매매거래정지              (주식의 병합, 분할 등 전자등록 변경, 말소)",6
앱토크롬,109960,-90,🚨 YES,주권매매거래정지해제              (감자 주권 변경상장) | [기재정정]주요사항보고서(유상증자결정) | 주요사항보고서(유상증자결정),,"주권매매거래정지해제              (감자 주권 변경상장)(-30) | [기재정정]주요사항보고서(유상증자결정)(-15) | 주요사항보고서(유상증자결정)(-15) | 주권매매거래정지              (주식의 병합, 분할 등 전자등록 변경, 말소)(-30)",2026-05-27: 주권매매거래정지해제              (감자 주권 변경상장) | 2026-05-26: 주권관련사채권의취득결정               | 2026-05-22: 기타시장안내              (앱토크롬 6WR 신주인수권 행사기간 만료 및 상장폐지 예고) | 2026-05-21: 임원ㆍ주요주주특정증권등거래계획보고서 | 2026-05-21: 임원ㆍ주요주주특정증권등거래계획보고서,17
씨엔플러스,115530,-90,🚨 YES,주권매매거래정지해제              (액면병합 주권 변경상장) | [기재정정]주요사항보고서(전환사채권발행결정) | [기재정정]주요사항보고서(전환사채권발행결정),,"주권매매거래정지해제              (액면병합 주권 변경상장)(-30) | [기재정정]주요사항보고서(전환사채권발행결정)(-15) | [기재정정]주요사항보고서(전환사채권발행결정)(-15) | 주권매매거래정지              (주식의 병합, 분할 등 전자등록 변경, 말소)(-30)",2026-05-22: 주권매매거래정지해제              (액면병합 주권 변경상장) | 2026-05-18: 전환가액의조정              (제8회차) | 2026-05-18: 전환가액의조정              (제7회차) | 2026-05-15: 분기보고서 (2026.03) | 2026-05-06: [기재정정]주요사항보고서(전환사채권발행결정),7
플루토스,019570,-90,🚨 YES,[기재정정]주요사항보고서(전환사채권발행결정) | 주요사항보고서(전환사채권발행결정) | [기재정정]주요사항보고서(감자결정),,[기재정정]주요사항보고서(전환사채권발행결정)(-15) | 주요사항보고서(전환사채권발행결정)(-15) | [기재정정]주요사항보고서(감자결정)(-20) | [기재정정]주요사항보고서(감자결정)(-20) | [기재정정]주요사항보고서(감자결정)(-20),2026-05-27: [기재정정]주요사항보고서(전환사채권발행결정) | 2026-05-21: 주요사항보고서(전환사채권발행결정) | 2026-05-21: 전환청구권행사               | 2026-05-20: 주식등의대량보유상황보고서(약식) | 2026-05-20: [기재정정]주식병합결정              ,28
진원생명과학,011000,-85,🚨 YES,[기재정정]주요사항보고서(감자결정) | [기재정정]유상증자결정(종속회사의주요경영사항)               | [기재정정]유상증자결정(종속회사의주요경영사항)              ,,[기재정정]주요사항보고서(감자결정)(-20) | [기재정정]유상증자결정(종속회사의주요경영사항)              (-15) | [기재정정]유상증자결정(종속회사의주요경영사항)              (-15) | [기재정정]주요사항보고서(감자결정)(-20) | [기재정정]주요사항보고서(전환사채권발행결정)(-15),2026-05-26: [기재정정]주요사항보고서(감자결정) | 2026-05-26: [기재정정]주주총회소집결의               | 2026-05-26: [기재정정]의결권대리행사권유참고서류 | 2026-05-26: [기재정정]주주총회소집공고 | 2026-05-15: 분기보고서 (2026.03),18
젬백스,082270,-85,🚨 YES,주요사항보고서(전환사채권발행결정) | [기재정정]주요사항보고서(유상증자결정) | 주요사항보고서(전환사채권발행결정),,주요사항보고서(전환사채권발행결정)(-15) | [기재정정]주요사항보고서(유상증자결정)(-15) | [기재정정]최대주주변경을수반하는주식담보제공계약체결              (-5) | [기재정정]최대주주변경을수반하는주식담보제공계약체결              (-5) | [기재정정]최대주주변경을수반하는주식담보제공계약체결              (-5),2026-05-22: 주요사항보고서(전환사채권발행결정) | 2026-05-22: [기재정정]주요사항보고서(유상증자결정) | 2026-05-22: [기재정정]최대주주변경을수반하는주식담보제공계약체결               | 2026-05-21: 주식등의대량보유상황보고서(일반) | 2026-05-19: [기재정정]최대주주변경을수반하는주식담보제공계약체결              ,17
졸스,018700,-80,🚨 YES,[첨부정정]주요사항보고서(유상증자결정) | 주요사항보고서(유상증자결정) | 주권매매거래정지해제              (감자 주권 변경상장),,[첨부정정]주요사항보고서(유상증자결정)(-15) | 주요사항보고서(유상증자결정)(-15) | 주권매매거래정지해제              (감자 주권 변경상장)(-30) | [기재정정]주요사항보고서(감자결정)(-20),2026-05-20: 임원ㆍ주요주주특정증권등소유상황보고서 | 2026-05-20: 대표이사변경               | 2026-05-19: [첨부정정]주요사항보고서(유상증자결정) | 2026-05-19: 임원ㆍ주요주주특정증권등소유상황보고서 | 2026-05-18: 주요사항보고서(유상증자결정),10
에이전트AI,060900,-75,🚨 YES,[기재정정]주요사항보고서(유상증자결정) | [기재정정]주요사항보고서(유상증자결정) | [기재정정]주요사항보고서(유상증자결정),,[기재정정]주요사항보고서(유상증자결정)(-15) | [기재정정]주요사항보고서(유상증자결정)(-15) | [기재정정]주요사항보고서(유상증자결정)(-15) | 주권매매거래정지해제              (감자 주권 변경상장)(-30),2026-05-21: [기재정정]증권신고서(지분증권) | 2026-05-21: [기재정정]주요사항보고서(유상증자결정) | 2026-05-20: [기재정정]주요사항보고서(유상증자결정) | 2026-05-15: 분기보고서 (2026.03) | 2026-05-12: 소송등의판결ㆍ결정              (신주발행금지가처분),8
CS,065770,-75,🚨 YES,[첨부정정]주요사항보고서(전환사채권발행결정) | [첨부정정]주요사항보고서(전환사채권발행결정) | 주요사항보고서(전환사채권발행결정),,[첨부정정]주요사항보고서(전환사채권발행결정)(-15) | [첨부정정]주요사항보고서(전환사채권발행결정)(-15) | 주요사항보고서(전환사채권발행결정)(-15) | 주권매매거래정지해제              (액면병합 주권 변경상장)(-30),2026-05-26: [첨부정정]주요사항보고서(전환사채권발행결정) | 2026-05-22: [첨부정정]주요사항보고서(전환사채권발행결정) | 2026-05-21: 주요사항보고서(전환사채권발행결정) | 2026-05-20: 주권매매거래정지해제              (액면병합 주권 변경상장) | 2026-05-15: 분기보고서 (2026.03),15
비트맥스,377030,-75,🚨 YES,주요사항보고서(전환사채권발행결정) | 주요사항보고서(유상증자결정) | 주요사항보고서(전환사채권발행결정),,주요사항보고서(전환사채권발행결정)(-15) | 주요사항보고서(유상증자결정)(-15) | 주요사항보고서(전환사채권발행결정)(-15) | 주권매매거래정지해제              (감자 주권 변경상장)(-30),2026-05-27: 주요사항보고서(전환사채권발행결정) | 2026-05-15: 분기보고서 (2026.03) | 2026-05-14: 주식등의대량보유상황보고서(약식) | 2026-05-13: 주식등의대량보유상황보고서(약식) | 2026-05-13: 주식등의대량보유상황보고서(약식),15
한울앤제주,276730,-75,🚨 YES,주요사항보고서(유상증자결정) | 주요사항보고서(전환사채권발행결정) | 주요사항보고서(전환사채권발행결정),,주요사항보고서(유상증자결정)(-15) | 주요사항보고서(전환사채권발행결정)(-15) | 주요사항보고서(전환사채권발행결정)(-15) | 주권매매거래정지해제              (감자 주권 변경상장)(-30),2026-05-15: 주식등의대량보유상황보고서(일반) | 2026-05-14: 주식등의대량보유상황보고서(약식) | 2026-05-13: 주식등의대량보유상황보고서(약식) | 2026-05-12: 주식등의대량보유상황보고서(약식) | 2026-05-11: 주식등의대량보유상황보고서(일반),16
휴림에이텍,078590,-75,🚨 YES,주권매매거래정지해제              (감자 주권 변경상장) | [기재정정]주요사항보고서(유상증자결정) | [기재정정]주요사항보고서(유상증자결정),,주권매매거래정지해제              (감자 주권 변경상장)(-30) | [기재정정]주요사항보고서(유상증자결정)(-15) | [기재정정]주요사항보고서(유상증자결정)(-15) | [기재정정]주요사항보고서(유상증자결정)(-15),2026-05-26: 주권매매거래정지해제              (감자 주권 변경상장) | 2026-05-21: [기재정정]주요사항보고서(유상증자결정) | 2026-05-14: 분기보고서 (2026.03) | 2026-05-14: [기재정정]주요사항보고서(유상증자결정) | 2026-05-13: 정정신고서제출요구( 2026.04.27. 제출 증권신고서(지분증권) ),11
앱튼,270520,-75,🚨 YES,[기재정정]주요사항보고서(유상증자결정) | [기재정정]주요사항보고서(전환사채권발행결정) | [기재정정]주요사항보고서(전환사채권발행결정),,[기재정정]주요사항보고서(유상증자결정)(-15) | [기재정정]주요사항보고서(전환사채권발행결정)(-15) | [기재정정]주요사항보고서(전환사채권발행결정)(-15) | 주권매매거래정지해제              (액면병합 주권 변경상장)(-30),"2026-05-20: 전환가액의조정              (제6회차, 제7회차) | 2026-05-20: 증권발행결과(자율공시)               | 2026-05-15: [기재정정]주요사항보고서(유상증자결정) | 2026-05-15: [기재정정]주요사항보고서(전환사채권발행결정) | 2026-05-14: 분기보고서 (2026.03)",12
오에스피,368970,-75,🚨 YES,"주권매매거래정지해제              (액면병합 주권 변경상장) | 주요사항보고서(유상증자결정) | 주권매매거래정지              (주식의 병합, 분할 등 전자등록 변경, 말소)",,"주권매매거래정지해제              (액면병합 주권 변경상장)(-30) | 주요사항보고서(유상증자결정)(-15) | 주권매매거래정지              (주식의 병합, 분할 등 전자등록 변경, 말소)(-30)",2026-05-27: 주권매매거래정지해제              (액면병합 주권 변경상장) | 2026-05-22: 주요사항보고서(유상증자결정) | 2026-05-14: 분기보고서 (2026.03) | 2026-05-13: 임원ㆍ주요주주특정증권등소유상황보고서 | 2026-05-12: 주식등의대량보유상황보고서(일반),7
유아이디,069330,-75,🚨 YES,[기재정정]주요사항보고서(유상증자결정) | [기재정정]주요사항보고서(유상증자결정) | 주요사항보고서(유상증자결정),,[기재정정]주요사항보고서(유상증자결정)(-15) | [기재정정]주요사항보고서(유상증자결정)(-15) | 주요사항보고서(유상증자결정)(-15) | [기재정정]주요사항보고서(유상증자결정)(-15) | 주요사항보고서(유상증자결정)(-15),2026-05-18: [기재정정]증권발행결과(자율공시)               | 2026-05-18: [기재정정]증권발행결과(자율공시)               | 2026-05-18: [기재정정]주요사항보고서(유상증자결정) | 2026-05-18: [기재정정]주요사항보고서(유상증자결정) | 2026-05-15: 분기보고서 (2026.03),13
우성머티리얼스,011300,-75,🚨 YES,[기재정정]주요사항보고서(신주인수권부사채권발행결정) | [기재정정]주요사항보고서(유상증자결정) | [기재정정]주요사항보고서(유상증자결정),,[기재정정]주요사항보고서(신주인수권부사채권발행결정)(-15) | [기재정정]주요사항보고서(유상증자결정)(-15) | [기재정정]주요사항보고서(유상증자결정)(-15) | [기재정정]주요사항보고서(유상증자결정)(-15) | [기재정정]주요사항보고서(유상증자결정)(-15),2026-05-27: 주식등의대량보유상황보고서(약식) | 2026-05-15: 분기보고서 (2026.03) | 2026-04-30: [기재정정]주요사항보고서(타법인주식및출자증권양수결정) | 2026-04-29: [기재정정]주요사항보고서(신주인수권부사채권발행결정) | 2026-04-29: [기재정정]주요사항보고서(유상증자결정),8
소룩스,290690,-72,🚨 YES,[기재정정]주요사항보고서(전환사채권발행결정) | [기재정정]주요사항보고서(전환사채권발행결정) | [기재정정]주요사항보고서(전환사채권발행결정),[기재정정]주요사항보고서(회사합병결정)(+3),[기재정정]주요사항보고서(전환사채권발행결정)(-15) | [기재정정]주요사항보고서(전환사채권발행결정)(-15) | [기재정정]주요사항보고서(전환사채권발행결정)(-15) | 주요사항보고서(전환사채권발행결정)(-15) | 주요사항보고서(전환사채권발행결정)(-15),2026-05-21: [기재정정]주요사항보고서(전환사채권발행결정) | 2026-05-21: [기재정정]주주총회소집결의               | 2026-05-19: 주주명부폐쇄기간또는기준일설정               | 2026-05-19: 주주총회소집결의              (임시주주총회) | 2026-05-18: [기재정정]주요사항보고서(전환사채권발행결정),14
에코글로우,159910,-70,🚨 YES,[기재정정]주요사항보고서(전환사채권발행결정) | 주요사항보고서(전환사채권발행결정) | 주권매매거래정지해제              (액면병합 주권 변경상장),,[기재정정]최대주주변경을수반하는주식담보제공계약체결              (-5) | [기재정정]주요사항보고서(전환사채권발행결정)(-15) | 주요사항보고서(전환사채권발행결정)(-15) | 주권매매거래정지해제              (액면병합 주권 변경상장)(-30) | [기재정정]최대주주변경을수반하는주식담보제공계약체결              (-5),2026-05-27: 주식등의대량보유상황보고서(일반) | 2026-05-27: [기재정정]최대주주변경을수반하는주식담보제공계약체결               | 2026-05-22: 합병등종료보고서(자산양수도) | 2026-05-22: 주요사항보고서(전환사채매수선택권행사자지정) | 2026-05-22: 증권발행결과(자율공시)              (제17회차 CB),22
엔젠바이오,354200,-65,🚨 YES,주요사항보고서(유상증자결정) | 주요사항보고서(감자결정) | 주권매매거래정지              (자본감소),,주요사항보고서(유상증자결정)(-15) | 주요사항보고서(감자결정)(-20) | 주권매매거래정지              (자본감소)(-30),2026-05-22: 의결권대리행사권유참고서류 | 2026-05-22: 주주총회소집공고 | 2026-05-19: 증권신고서(지분증권) | 2026-05-15: 분기보고서 (2026.03) | 2026-04-27: 주요사항보고서(유상증자결정),9
한울반도체,320000,-65,🚨 YES,[기재정정]주요사항보고서(유상증자결정) | [기재정정]주요사항보고서(유상증자결정) | 주권매매거래정지해제              (액면병합 주권 변경상장),,[기재정정]주요사항보고서(유상증자결정)(-15) | [기재정정]주요사항보고서(유상증자결정)(-15) | [기재정정]최대주주변경을수반하는주식담보제공계약체결              (-5) | 주권매매거래정지해제              (액면병합 주권 변경상장)(-30),2026-05-21: 임원ㆍ주요주주특정증권등거래계획보고서 | 2026-05-15: [기재정정]증권신고서(지분증권) | 2026-05-15: [기재정정]주요사항보고서(유상증자결정) | 2026-05-15: [기재정정]주요사항보고서(유상증자결정) | 2026-05-13: 주식등의대량보유상황보고서(약식),15
코퍼스코리아,322780,-60,🚨 YES,"주권매매거래정지해제              (액면병합 주권 변경상장) | 주권매매거래정지              (주식의 병합, 분할 등 전자등록 변경, 말소)",,"주권매매거래정지해제              (액면병합 주권 변경상장)(-30) | 주권매매거래정지              (주식의 병합, 분할 등 전자등록 변경, 말소)(-30)",2026-05-26: 주권매매거래정지해제              (액면병합 주권 변경상장) | 2026-05-22: 주식등의대량보유상황보고서(약식) | 2026-05-22: 전환사채(해외전환사채포함)발행후만기전사채취득              (제4회차) | 2026-05-19: [기재정정]주식매수선택권부여에관한신고 | 2026-05-19: [기재정정]주식매수선택권부여에관한신고,7
다이나믹솔루션,290660,-60,🚨 YES,[기재정정]주요사항보고서(전환사채권발행결정) | [기재정정]주요사항보고서(전환사채권발행결정) | 주요사항보고서(전환사채권발행결정),,[기재정정]주요사항보고서(전환사채권발행결정)(-15) | [기재정정]주요사항보고서(전환사채권발행결정)(-15) | 주요사항보고서(전환사채권발행결정)(-15) | [기재정정]주요사항보고서(전환사채권발행결정)(-15),2026-05-27: [기재정정]주요사항보고서(전환사채권발행결정) | 2026-05-27: [기재정정]주식병합결정               | 2026-05-22: [기재정정]전환청구권행사               | 2026-05-21: 증권발행결과(자율공시)               | 2026-05-19: [기재정정]주요사항보고서(전환사채권발행결정),10
넥스트아이,137940,-60,🚨 YES,"주권매매거래정지해제              (액면병합 주권 변경상장) | 주권매매거래정지              (주식의 병합, 분할 등 전자등록 변경, 말소)",,"주권매매거래정지해제              (액면병합 주권 변경상장)(-30) | 주권매매거래정지              (주식의 병합, 분할 등 전자등록 변경, 말소)(-30)","2026-05-26: 주권매매거래정지해제              (액면병합 주권 변경상장) | 2026-05-15: 분기보고서 (2026.03) | 2026-04-28: 주권매매거래정지              (주식의 병합, 분할 등 전자등록 변경, 말소)",3
소프트캠프,258790,-60,🚨 YES,"주권매매거래정지해제              (액면병합 주권 변경상장) | 주권매매거래정지              (주식의 병합, 분할 등 전자등록 변경, 말소)",,"주권매매거래정지해제              (액면병합 주권 변경상장)(-30) | 주권매매거래정지              (주식의 병합, 분할 등 전자등록 변경, 말소)(-30)","2026-05-27: 주권매매거래정지해제              (액면병합 주권 변경상장) | 2026-05-13: 분기보고서 (2026.03) | 2026-05-04: 기타시장안내(약명및영문명)              (영문상호) | 2026-04-28: 주권매매거래정지              (주식의 병합, 분할 등 전자등록 변경, 말소)",4
나노캠텍,091970,-60,🚨 YES,"주권매매거래정지해제              (액면병합 주권 변경상장) | 주권매매거래정지              (주식의 병합, 분할 등 전자등록 변경, 말소)",,"주권매매거래정지해제              (액면병합 주권 변경상장)(-30) | 주권매매거래정지              (주식의 병합, 분할 등 전자등록 변경, 말소)(-30)",2026-05-26: 임원ㆍ주요주주특정증권등소유상황보고서 | 2026-05-26: 임원ㆍ주요주주특정증권등소유상황보고서 | 2026-05-26: 임원ㆍ주요주주특정증권등소유상황보고서 | 2026-05-26: 임원ㆍ주요주주특정증권등소유상황보고서 | 2026-05-26: 임원ㆍ주요주주특정증권등소유상황보고서,16
티에스넥스젠,043220,-60,🚨 YES,주권매매거래정지기간변경              (회생절차 개시신청) | 주권매매거래정지기간변경              (상장적격성 실질심사 대상 결정),,주권매매거래정지기간변경              (회생절차 개시신청)(-30) | 주권매매거래정지기간변경              (상장적격성 실질심사 대상 결정)(-30),2026-05-22: 기타시장안내              (개선계획서 제출) | 2026-05-20: 주권매매거래정지기간변경              (회생절차 개시신청) | 2026-05-20: 주요사항보고서(회생절차개시신청) | 2026-05-15: 분기보고서 (2026.03) | 2026-05-12: 기타시장안내              (개선계획 이행내역서 제출에 따른 안내),11
오션인더블유,052300,-60,🚨 YES,"주권매매거래정지해제              (감자 및 액면분할 주권 변경상장) | 주권매매거래정지기간변경              (주식의 병합, 분할 등 전자등록 변경, 말소)",,"주권매매거래정지해제              (감자 및 액면분할 주권 변경상장)(-30) | 주권매매거래정지기간변경              (주식의 병합, 분할 등 전자등록 변경, 말소)(-30)","2026-05-19: 주권매매거래정지해제              (감자 및 액면분할 주권 변경상장) | 2026-05-15: 분기보고서 (2026.03) | 2026-05-11: 감자완료               | 2026-05-08: 임원ㆍ주요주주특정증권등소유상황보고서 | 2026-04-27: 주권매매거래정지기간변경              (주식의 병합, 분할 등 전자등록 변경, 말소)",5
플래스크,041590,-60,🚨 YES,주권매매거래정지              (투자자 보호) | 주권매매거래정지해제              (상장폐지에 따른 정리매매 개시),,주권매매거래정지              (투자자 보호)(-30) | 주권매매거래정지해제              (상장폐지에 따른 정리매매 개시)(-30),2026-05-27: 의결권대리행사권유참고서류 | 2026-05-27: 주주총회소집공고 | 2026-05-27: [기재정정]주주총회소집결의              (임시주주총회) | 2026-05-20: 기타시장안내              (정리매매 보류 관련) | 2026-05-20: 주권매매거래정지              (투자자 보호),17
옵트론텍,082210,-60,🚨 YES,[기재정정]주요사항보고서(전환사채권발행결정) | [기재정정]주요사항보고서(전환사채권발행결정) | 주요사항보고서(전환사채권발행결정),,[기재정정]주요사항보고서(전환사채권발행결정)(-15) | [기재정정]주요사항보고서(전환사채권발행결정)(-15) | 주요사항보고서(전환사채권발행결정)(-15) | 주요사항보고서(전환사채권발행결정)(-15),2026-05-27: 증권발행결과(자율공시)              (제18회차 CB) | 2026-05-14: 분기보고서 (2026.03) | 2026-05-13: [기재정정]주요사항보고서(전환사채권발행결정) | 2026-05-13: [기재정정]주요사항보고서(전환사채권발행결정) | 2026-05-11: 주요사항보고서(전환사채권발행결정),6
알에프텍,061040,-60,🚨 YES,"주권매매거래정지해제              (액면병합 주권 변경상장) | 주권매매거래정지              (주식의 병합, 분할 등 전자등록 변경, 말소)",,"주권매매거래정지해제              (액면병합 주권 변경상장)(-30) | 주권매매거래정지              (주식의 병합, 분할 등 전자등록 변경, 말소)(-30)",2026-05-27: 주권매매거래정지해제              (액면병합 주권 변경상장) | 2026-05-14: 분기보고서 (2026.03) | 2026-05-06: [기재정정]주주총회소집결의              (임시주주총회) | 2026-05-06: [기재정정]주주명부폐쇄기간또는기준일설정               | 2026-04-30: 정정신고서제출요구( 2026.04.22. 제출 증권신고서(합병) ),7
푸드나무,290720,-60,🚨 YES,[기재정정]주요사항보고서(유상증자결정) | [기재정정]주요사항보고서(유상증자결정) | [기재정정]주요사항보고서(유상증자결정),,[기재정정]주요사항보고서(유상증자결정)(-15) | [기재정정]주요사항보고서(유상증자결정)(-15) | [기재정정]주요사항보고서(유상증자결정)(-15) | 주요사항보고서(유상증자결정)(-15),2026-05-26: [기재정정]주요사항보고서(유상증자결정) | 2026-05-21: 대표이사변경               | 2026-05-18: 소액공모실적보고서 | 2026-05-18: 증권발행결과(자율공시)              (제3자배정 유상증자) | 2026-05-15: 임원ㆍ주요주주특정증권등거래계획철회보고서,12
케이이엠텍,106080,-60,🚨 YES,주권매매거래정지기간변경              (개선기간 부여) | [기재정정]주요사항보고서(유상증자결정) | [기재정정]주요사항보고서(유상증자결정),,주권매매거래정지기간변경              (개선기간 부여)(-30) | [기재정정]주요사항보고서(유상증자결정)(-15) | [기재정정]주요사항보고서(유상증자결정)(-15),2026-05-27: [기재정정]주주총회소집결의              (임시주주총회) | 2026-05-15: 분기보고서 (2026.03) | 2026-05-12: 주권매매거래정지기간변경              (개선기간 부여) | 2026-05-12: 기타시장안내              (상장폐지 관련 이의신청서 접수 및 개선기간 부여) | 2026-05-11: 주식등의대량보유상황보고서(약식),11
지엔코,065060,-60,🚨 YES,[기재정정]주요사항보고서(유상증자결정) | 주요사항보고서(유상증자결정) | 주권매매거래정지해제              (액면병합 주권 변경상장),,[기재정정]주요사항보고서(유상증자결정)(-15) | 주요사항보고서(유상증자결정)(-15) | 주권매매거래정지해제              (액면병합 주권 변경상장)(-30),2026-05-22: 임원ㆍ주요주주특정증권등소유상황보고서 | 2026-05-22: 주식등의대량보유상황보고서(일반) | 2026-05-15: 분기보고서 (2026.03) | 2026-05-15: 증권발행결과(자율공시)               | 2026-05-11: [기재정정]주요사항보고서(유상증자결정),7
유일에너테크,340930,-60,🚨 YES,주권매매거래정지기간변경              (회생절차 개시결정) | 주권매매거래정지기간변경              (개선기간 부여),,주권매매거래정지기간변경              (회생절차 개시결정)(-30) | 주권매매거래정지기간변경              (개선기간 부여)(-30),2026-05-15: 분기보고서 (2026.03) | 2026-05-11: 주권매매거래정지기간변경              (회생절차 개시결정) | 2026-05-11: 주요사항보고서(부도발생) | 2026-05-11: 회생절차개시결정               | 2026-05-04: 주권매매거래정지기간변경              (개선기간 부여),7
쏘카,403550,-60,🚨 YES,[기재정정]주요사항보고서(유상증자결정) | 유상증자결정(종속회사의주요경영사항)               | 유상증자결정(종속회사의주요경영사항)              ,,[기재정정]주요사항보고서(유상증자결정)(-15) | 유상증자결정(종속회사의주요경영사항)              (-15) | 유상증자결정(종속회사의주요경영사항)              (-15) | 주요사항보고서(유상증자결정)(-15),2026-05-27: 임원ㆍ주요주주특정증권등소유상황보고서 | 2026-05-27: 주식등의대량보유상황보고서(약식) | 2026-05-19: 의결권대리행사권유참고서류 | 2026-05-19: 주주총회소집공고 | 2026-05-19: [기재정정]주요사항보고서(유상증자결정),22
웰킵스하이텍,043590,-60,🚨 YES,"주권매매거래정지해제              (액면병합 주권 변경상장) | 주권매매거래정지              (주식의 병합, 분할 등 전자등록 변경, 말소)",,"주권매매거래정지해제              (액면병합 주권 변경상장)(-30) | 주권매매거래정지              (주식의 병합, 분할 등 전자등록 변경, 말소)(-30)","2026-05-26: [기재정정]타법인주식및출자증권취득결정               | 2026-05-21: 주권매매거래정지해제              (액면병합 주권 변경상장) | 2026-05-15: 분기보고서 (2026.03) | 2026-04-30: 주권매매거래정지              (주식의 병합, 분할 등 전자등록 변경, 말소)",4
엑스플러스,373200,-60,🚨 YES,[기재정정]주요사항보고서(유상증자결정) | 주권매매거래정지해제              (액면병합 주권 변경상장) | [기재정정]주요사항보고서(유상증자결정),,[기재정정]주요사항보고서(유상증자결정)(-15) | 주권매매거래정지해제              (액면병합 주권 변경상장)(-30) | [기재정정]주요사항보고서(유상증자결정)(-15),2026-05-27: 금전대여결정               | 2026-05-27: [기재정정]주요사항보고서(유상증자결정) | 2026-05-26: 전환가액의조정              (제5회차) | 2026-05-22: 주식등의대량보유상황보고서(일반) | 2026-05-20: 주권매매거래정지해제              (액면병합 주권 변경상장),17
큐캐피탈,016600,-60,🚨 YES,"주권매매거래정지기간변경              (감자 주권 변경상장) | 주권매매거래정지기간변경              (주식의 병합, 분할 등 전자등록 변경, 말소)",,"주권매매거래정지기간변경              (감자 주권 변경상장)(-30) | 주권매매거래정지기간변경              (주식의 병합, 분할 등 전자등록 변경, 말소)(-30)",2026-05-26: 주권매매거래정지기간변경              (감자 주권 변경상장) | 2026-05-15: 분기보고서 (2026.03) | 2026-05-14: 주식등의대량보유상황보고서(일반) | 2026-05-14: 임원ㆍ주요주주특정증권등소유상황보고서 | 2026-05-14: 임원ㆍ주요주주특정증권등소유상황보고서,27
인스코비,006490,-60,🚨 YES,[기재정정]주요사항보고서(유상증자결정) | [기재정정]주요사항보고서(유상증자결정) | [기재정정]주요사항보고서(전환사채권발행결정),,[기재정정]주요사항보고서(유상증자결정)(-15) | [기재정정]주요사항보고서(유상증자결정)(-15) | [기재정정]주요사항보고서(전환사채권발행결정)(-15) | 주요사항보고서(유상증자결정)(-15),2026-05-26: 투자판단관련주요경영사항               | 2026-05-26: 대표이사(대표집행임원)변경(안내공시)               | 2026-05-26: 임시주주총회결과               | 2026-05-19: [기재정정]주요사항보고서(유상증자결정) | 2026-05-15: 분기보고서 (2026.03),13
본느,226340,-60,🚨 YES,"주권매매거래정지해제              (액면병합 주권 변경상장) | 주권매매거래정지              (주식의 병합, 분할 등 전자등록 변경, 말소)",,"주권매매거래정지해제              (액면병합 주권 변경상장)(-30) | 주권매매거래정지              (주식의 병합, 분할 등 전자등록 변경, 말소)(-30)","2026-05-26: 주권매매거래정지해제              (액면병합 주권 변경상장) | 2026-05-15: [기재정정]주식병합결정               | 2026-05-15: 분기보고서 (2026.03) | 2026-04-30: 소속부변경               | 2026-04-28: 주권매매거래정지              (주식의 병합, 분할 등 전자등록 변경, 말소)",5
삼화네트웍스,046390,-60,🚨 YES,"주권매매거래정지해제              (액면병합 주권 변경상장) | 주권매매거래정지              (주식의 병합, 분할 등 전자등록 변경, 말소)",,"주권매매거래정지해제              (액면병합 주권 변경상장)(-30) | 주권매매거래정지              (주식의 병합, 분할 등 전자등록 변경, 말소)(-30)","2026-05-27: 주식등의대량보유상황보고서(일반) | 2026-05-22: 주권매매거래정지해제              (액면병합 주권 변경상장) | 2026-05-15: 분기보고서 (2026.03) | 2026-05-12: 주식등의대량보유상황보고서(일반) | 2026-04-27: 주권매매거래정지              (주식의 병합, 분할 등 전자등록 변경, 말소)",5
아이오케이이엔엠,078860,-60,🚨 YES,[기재정정]주요사항보고서(유상증자결정) | 주요사항보고서(유상증자결정) | 주권매매거래정지해제              (감자 주권 변경상장),,[기재정정]주요사항보고서(유상증자결정)(-15) | 주요사항보고서(유상증자결정)(-15) | 주권매매거래정지해제              (감자 주권 변경상장)(-30),2026-05-18: 소액공모실적보고서 | 2026-05-18: 증권발행결과(자율공시)              (제3자배정 유상증자-소액공모) | 2026-05-15: 분기보고서 (2026.03) | 2026-05-14: [기재정정]주주총회소집결의               | 2026-05-08: 소액공모공시서류(지분증권),13
엔투텍,227950,-60,🚨 YES,"주권매매거래정지해제              (액면병합 주권 변경상장) | 주권매매거래정지              (주식의 병합, 분할 등 전자등록 변경, 말소)",,"주권매매거래정지해제              (액면병합 주권 변경상장)(-30) | 주권매매거래정지              (주식의 병합, 분할 등 전자등록 변경, 말소)(-30)",2026-05-27: 주권매매거래정지해제              (액면병합 주권 변경상장) | 2026-05-22: [기재정정]주식병합결정               | 2026-05-21: 주권관련사채권의취득결정(자율공시)               | 2026-05-18: 임원ㆍ주요주주특정증권등소유상황보고서 | 2026-05-18: 임원ㆍ주요주주특정증권등소유상황보고서,14
케이피엠테크,042040,-60,🚨 YES,"주권매매거래정지              (주식의 병합, 분할 등 전자등록 변경, 말소) | 주권매매거래정지해제              (액면병합 주권 변경상장)",,"주권매매거래정지              (주식의 병합, 분할 등 전자등록 변경, 말소)(-30) | 주권매매거래정지해제              (액면병합 주권 변경상장)(-30)","2026-05-27: 전환사채(해외전환사채포함)발행후만기전사채취득               | 2026-05-26: 주권매매거래정지              (주식의 병합, 분할 등 전자등록 변경, 말소) | 2026-05-15: 분기보고서 (2026.03) | 2026-05-15: 단기차입금증가결정               | 2026-05-15: 임시주주총회결과              ",9
아우딘퓨쳐스,227610,-60,🚨 YES,"주권매매거래정지해제              (액면병합 주권 변경상장) | 주권매매거래정지              (주식의 병합, 분할 등 전자등록 변경, 말소)",,"주권매매거래정지해제              (액면병합 주권 변경상장)(-30) | 주권매매거래정지              (주식의 병합, 분할 등 전자등록 변경, 말소)(-30)","2026-05-27: 주권매매거래정지해제              (액면병합 주권 변경상장) | 2026-05-18: 전환청구권행사              (제3회차) | 2026-05-15: 분기보고서 (2026.03) | 2026-04-30: 소속부변경               | 2026-04-28: 주권매매거래정지              (주식의 병합, 분할 등 전자등록 변경, 말소)",5
이원컴포텍,088290,-60,🚨 YES,"주권매매거래정지해제              (액면병합 주권 변경상장) | 주권매매거래정지              (주식의 병합, 분할 등 전자등록 변경, 말소)",,"주권매매거래정지해제              (액면병합 주권 변경상장)(-30) | 주권매매거래정지              (주식의 병합, 분할 등 전자등록 변경, 말소)(-30)","2026-05-27: 주권매매거래정지해제              (액면병합 주권 변경상장) | 2026-05-15: 분기보고서 (2026.03) | 2026-05-06: 임원ㆍ주요주주특정증권등소유상황보고서 | 2026-05-06: 전환가액의조정              (제10회차) | 2026-04-28: 주권매매거래정지              (주식의 병합, 분할 등 전자등록 변경, 말소)",5
소프트센,032680,-60,🚨 YES,"주권매매거래정지해제              (액면병합 주권 변경상장) | 주권매매거래정지              (주식의 병합, 분할 등 전자등록 변경, 말소)",,"주권매매거래정지해제              (액면병합 주권 변경상장)(-30) | 주권매매거래정지              (주식의 병합, 분할 등 전자등록 변경, 말소)(-30)",2026-05-22: 주권매매거래정지해제              (액면병합 주권 변경상장) | 2026-05-15: 분기보고서 (2026.03) | 2026-05-13: 주식등의대량보유상황보고서(일반) | 2026-05-13: 임원ㆍ주요주주특정증권등소유상황보고서 | 2026-05-06: 임원ㆍ주요주주특정증권등소유상황보고서,10
카티스,140430,-60,🚨 YES,"주권매매거래정지해제              (액면병합 주권 변경상장) | 주권매매거래정지              (주식의 병합, 분할 등 전자등록 변경, 말소)",,"주권매매거래정지해제              (액면병합 주권 변경상장)(-30) | 주권매매거래정지              (주식의 병합, 분할 등 전자등록 변경, 말소)(-30)",2026-05-27: 주권매매거래정지해제              (액면병합 주권 변경상장) | 2026-05-15: 분기보고서 (2026.03) | 2026-05-14: 주식등의대량보유상황보고서(일반) | 2026-05-14: 임원ㆍ주요주주특정증권등소유상황보고서 | 2026-05-14: 임원ㆍ주요주주특정증권등소유상황보고서,10
오성첨단소재,052420,-60,🚨 YES,"주권매매거래정지해제              (액면병합 주권 변경상장) | 주권매매거래정지              (주식의 병합, 분할 등 전자등록 변경, 말소)",,"주권매매거래정지해제              (액면병합 주권 변경상장)(-30) | 주권매매거래정지              (주식의 병합, 분할 등 전자등록 변경, 말소)(-30)",2026-05-27: 주권매매거래정지해제              (액면병합 주권 변경상장) | 2026-05-26: 전환가액의조정              (제26회차) | 2026-05-19: 주식등의대량보유상황보고서(일반) | 2026-05-19: 임원ㆍ주요주주특정증권등소유상황보고서 | 2026-05-19: 임원ㆍ주요주주특정증권등소유상황보고서,11
동성제약,002210,-60,🚨 YES,[기재정정]주요사항보고서(감자결정) | [기재정정]주요사항보고서(감자결정) | [기재정정]주요사항보고서(감자결정),,[기재정정]주요사항보고서(감자결정)(-20) | [기재정정]주요사항보고서(감자결정)(-20) | [기재정정]주요사항보고서(감자결정)(-20),2026-05-22: 기타시장안내              (개선계획 이행 여부 심의 요청) | 2026-05-20: 기타안내사항(안내공시)               | 2026-05-15: [기재정정]주주명부폐쇄기간또는기준일설정               | 2026-05-15: [기재정정]주주총회소집결의               | 2026-05-15: 회생절차종결결정              ,19
광진실업,026910,-60,🚨 YES,[기재정정]주요사항보고서(유상증자결정) | [기재정정]주요사항보고서(유상증자결정) | 주요사항보고서(유상증자결정),,[기재정정]주요사항보고서(유상증자결정)(-15) | [기재정정]주요사항보고서(유상증자결정)(-15) | 주요사항보고서(유상증자결정)(-15) | 주요사항보고서(유상증자결정)(-15),2026-05-22: [기재정정]주요사항보고서(유상증자결정) | 2026-05-19: [기재정정]주요사항보고서(유상증자결정) | 2026-05-14: 분기보고서 (2026.03) | 2026-05-07: 소액공모공시서류(지분증권) | 2026-05-07: 주주명부폐쇄기간또는기준일설정              ,8
캔버스엔,210120,-60,🚨 YES,[기재정정]주요사항보고서(전환사채권발행결정) | [기재정정]주요사항보고서(전환사채권발행결정) | [기재정정]주요사항보고서(전환사채권발행결정),,[기재정정]주요사항보고서(전환사채권발행결정)(-15) | [기재정정]주요사항보고서(전환사채권발행결정)(-15) | [기재정정]주요사항보고서(전환사채권발행결정)(-15) | [기재정정]주요사항보고서(유상증자결정)(-15),2026-05-20: [기재정정]주요사항보고서(전환사채권발행결정) | 2026-05-20: [기재정정]주요사항보고서(전환사채권발행결정) | 2026-05-18: 사외이사의선임ㆍ해임또는중도퇴임에관한신고 | 2026-05-18: [기재정정]분기보고서 (2026.03) | 2026-05-15: 대표이사변경              ,16
비스토스,419540,-60,🚨 YES,"주권매매거래정지해제              (액면병합 주권 변경상장) | 주권매매거래정지              (주식의 병합, 분할 등 전자등록 변경, 말소)",,"주권매매거래정지해제              (액면병합 주권 변경상장)(-30) | 주권매매거래정지              (주식의 병합, 분할 등 전자등록 변경, 말소)(-30)","2026-05-22: 주권매매거래정지해제              (액면병합 주권 변경상장) | 2026-05-14: 분기보고서 (2026.03) | 2026-04-27: 주권매매거래정지              (주식의 병합, 분할 등 전자등록 변경, 말소)",3
조이웍스앤코,309930,-57,🚨 YES,"주권매매거래정지해제              (액면병합 주권 변경상장) | 주권매매거래정지              (주식의 병합, 분할 등 전자등록 변경, 말소)",영업(잠정)실적(공정공시)              (+3),"주권매매거래정지해제              (액면병합 주권 변경상장)(-30) | 주권매매거래정지              (주식의 병합, 분할 등 전자등록 변경, 말소)(-30)",2026-05-26: 기타경영사항(자율공시)              (자기사채(제2회 전환사채) 소각 및 말소 결정) | 2026-05-26: 전환사채(해외전환사채포함)발행후만기전사채취득               | 2026-05-26: 주권매매거래정지해제              (액면병합 주권 변경상장) | 2026-05-15: 분기보고서 (2026.03) | 2026-05-14: 임원ㆍ주요주주특정증권등소유상황보고서,12
뉴인텍,012340,-57,🚨 YES,[기재정정]주요사항보고서(유상증자결정) | 주권매매거래정지해제              (감자 주권 변경상장) | [기재정정]주요사항보고서(유상증자결정),연결재무제표기준영업(잠정)실적(공정공시)              (+3),[기재정정]주요사항보고서(유상증자결정)(-15) | 주권매매거래정지해제              (감자 주권 변경상장)(-30) | [기재정정]주요사항보고서(유상증자결정)(-15),2026-05-20: [기재정정]증권신고서(지분증권) | 2026-05-15: 분기보고서 (2026.03) | 2026-05-14: 권리락              (유상증자) | 2026-05-14: 투자설명서 | 2026-05-14: [발행조건확정]증권신고서(지분증권),13
SGA솔루션즈,184230,-57,🚨 YES,"주권매매거래정지해제              (액면병합 주권 변경상장) | 주권매매거래정지              (주식의 병합, 분할 등 전자등록 변경, 말소)",[기재정정]주요사항보고서(회사합병결정)(+3),"주권매매거래정지해제              (액면병합 주권 변경상장)(-30) | 주권매매거래정지              (주식의 병합, 분할 등 전자등록 변경, 말소)(-30)",2026-05-26: 기타경영사항(자율공시)              (소규모합병 승인 이사회 결의(주주총회 갈음) 결과보고) | 2026-05-15: 주식등의대량보유상황보고서(약식) | 2026-05-15: 주요사항보고서(자기전환사채매도결정) | 2026-05-15: 주권매매거래정지해제              (액면병합 주권 변경상장) | 2026-05-15: 분기보고서 (2026.03),12
탑선,180060,-55,🚨 YES,[첨부정정]주요사항보고서(유상증자결정) | [기재정정]주요사항보고서(유상증자결정) | [첨부정정]주요사항보고서(전환사채권발행결정),[기재정정]단일판매ㆍ공급계약체결(자율공시)              (+5),[첨부정정]주요사항보고서(유상증자결정)(-15) | [기재정정]주요사항보고서(유상증자결정)(-15) | [첨부정정]주요사항보고서(전환사채권발행결정)(-15) | [기재정정]주요사항보고서(전환사채권발행결정)(-15),2026-05-27: [첨부정정]주요사항보고서(유상증자결정) | 2026-05-27: [기재정정]주요사항보고서(유상증자결정) | 2026-05-22: 임원ㆍ주요주주특정증권등거래계획철회보고서 | 2026-05-21: [기재정정]단일판매ㆍ공급계약체결(자율공시)               | 2026-05-21: 기업설명회(IR)개최              ,11
해성에어로보틱스,059270,-55,🚨 YES,[기재정정]주요사항보고서(전환사채권발행결정) | [첨부정정]주요사항보고서(전환사채권발행결정) | 주요사항보고서(전환사채권발행결정),,[기재정정]주요사항보고서(전환사채권발행결정)(-15) | [첨부정정]주요사항보고서(전환사채권발행결정)(-15) | 주요사항보고서(전환사채권발행결정)(-15) | 최대주주변경을수반하는주식담보제공계약해제ㆍ취소등              (-5) | 최대주주변경을수반하는주식담보제공계약체결              (-5),2026-05-27: 증권발행결과(자율공시)              (제3회차 CB) | 2026-05-22: [기재정정]주요사항보고서(전환사채권발행결정) | 2026-05-20: [첨부정정]주요사항보고서(전환사채권발행결정) | 2026-05-19: 주요사항보고서(전환사채권발행결정) | 2026-05-14: 분기보고서 (2026.03),7
씨씨에스,066790,-55,🚨 YES,[기재정정]주요사항보고서(감자결정) | [기재정정]주요사항보고서(감자결정),,[기재정정]주요사항보고서(감자결정)(-20) | [기재정정]최대주주변경을수반하는주식양수도계약체결              (-5) | [기재정정]주요사항보고서(감자결정)(-20) | [기재정정]최대주주변경을수반하는주식양수도계약체결              (-5) | [기재정정]최대주주변경을수반하는주식양수도계약체결              (-5),2026-05-22: 소송등의판결ㆍ결정              (경영권 분쟁 소송)(주주총회결의 집행금지 가처분) | 2026-05-22: 투자판단관련주요경영사항              (소액주주에 의한 [일시 이사의 직무를 행할 자의 선임에 관한 재판요청서] 신청에 대한 결정) | 2026-05-22: 소송등의판결ㆍ결정              (경영권 분쟁 소송)(임시주주총회 개최금지 가처분) | 2026-05-22: 소송등의판결ㆍ결정              (경영권 분쟁 소송)(임시주주총회 개최금지 가처분) | 2026-05-22: 소송등의판결ㆍ결정              (경영권 분쟁 소송)(직무집행정지 및 대행자선임 가처분),47
대진첨단소재,393970,-54,🚨 YES,[기재정정]주요사항보고서(전환사채권발행결정) | [첨부정정]주요사항보고서(전환사채권발행결정) | 주권매매거래정지기간변경              (개선기간 부여),[첨부정정]주요사항보고서(회사합병결정)(+3) | 주요사항보고서(회사합병결정)(+3),[기재정정]주요사항보고서(전환사채권발행결정)(-15) | [첨부정정]주요사항보고서(전환사채권발행결정)(-15) | 주권매매거래정지기간변경              (개선기간 부여)(-30),2026-05-20: [기재정정]주주총회소집결의              (임시주주총회) | 2026-05-20: [기재정정]주요사항보고서(전환사채권발행결정) | 2026-05-15: 분기보고서 (2026.03) | 2026-05-15: [첨부정정]주요사항보고서(전환사채권발행결정) | 2026-05-12: 기타시장안내              (개선계획서 제출),13
코이즈,121850,-52,🚨 YES,기타시장안내(관리종목지정우려종목)              (시가총액 150억원 미달) | [기재정정]주요사항보고서(전환사채권발행결정) | 주요사항보고서(전환사채권발행결정),유형자산취득결정(종속회사의주요경영사항)              (+3) | [기재정정]단일판매ㆍ공급계약체결(자율공시)              (+5),기타시장안내(관리종목지정우려종목)              (시가총액 150억원 미달)(-30) | [기재정정]주요사항보고서(전환사채권발행결정)(-15) | 주요사항보고서(전환사채권발행결정)(-15),2026-05-27: 기타시장안내(관리종목지정우려종목)              (시가총액 150억원 미달) | 2026-05-26: [기재정정]주요사항보고서(전환사채권발행결정) | 2026-05-22: 주요사항보고서(전환사채권발행결정) | 2026-05-21: 유형자산취득결정(종속회사의주요경영사항)               | 2026-05-21: 주요사항보고서(타법인주식및출자증권양수결정),8
휴온스,243070,-51,🚨 YES,주권매매거래정지해제              (우회상장 미해당) | 주권매매거래정지              (우회상장여부 및 요건충족확인),[기재정정]주요사항보고서(회사합병결정)(+3) | 주요사항보고서(회사합병결정)(+3) | 연결재무제표기준영업(잠정)실적(공정공시)              (+3),주권매매거래정지해제              (우회상장 미해당)(-30) | 주권매매거래정지              (우회상장여부 및 요건충족확인)(-30),2026-05-27: [기재정정]주요사항보고서(회사합병결정) | 2026-05-22: 기타경영사항(자율공시)              (소규모합병 승인 이사회 결의(주주총회 갈음) 결과 보고) | 2026-05-18: 주권매매거래정지해제              (우회상장 미해당) | 2026-05-18: 주주총회소집결의              (임시주주총회) | 2026-05-18: 주주명부폐쇄기간또는기준일설정              ,15
삼영이엔씨,065570,-50,🚨 YES,횡령ㆍ배임혐의진행사항               | 횡령ㆍ배임혐의진행사항              ,,횡령ㆍ배임혐의진행사항              (-25) | 횡령ㆍ배임혐의진행사항              (-25),2026-05-20: 투자판단관련주요경영사항              (회생회사 삼영이엔씨(주) M&A를 위한 투자계약 체결) | 2026-05-20: 소송등의판결ㆍ결정              (공개매각절차 진행금지가처분) | 2026-05-15: 분기보고서 (2026.03) | 2026-05-11: [기재정정]회생절차개시결정               | 2026-05-04: 기타시장안내              (개선계획 이행내역서 제출에 따른 안내),7
비큐AI,148780,-50,🚨 YES,주요사항보고서(감자결정) | 주권매매거래정지              (자본감소),,주요사항보고서(감자결정)(-20) | 주권매매거래정지              (자본감소)(-30),2026-05-27: 임원ㆍ주요주주특정증권등소유상황보고서 | 2026-05-27: 주식등의대량보유상황보고서(일반) | 2026-05-26: [기재정정]주주총회소집결의              (임시주주총회) | 2026-05-26: 임원ㆍ주요주주특정증권등소유상황보고서 | 2026-05-26: 주식등의대량보유상황보고서(일반),11
태광산업,003240,-50,🚨 YES,횡령ㆍ배임혐의발생               | 횡령ㆍ배임혐의발생              ,,횡령ㆍ배임혐의발생              (-25) | 횡령ㆍ배임혐의발생              (-25),2026-05-27: [기재정정]대규모기업집단현황공시[분기별공시(대표회사용)] | 2026-05-20: 기업설명회(IR)개최(안내공시)               | 2026-05-20: [기재정정]신규시설투자등(자율공시)               | 2026-05-20: [기재정정]신규시설투자등(자율공시)               | 2026-05-15: 분기보고서 (2026.03),9
대호에이엘,069460,-50,🚨 YES,횡령ㆍ배임혐의발생               | 횡령ㆍ배임혐의발생              ,,횡령ㆍ배임혐의발생              (-25) | 횡령ㆍ배임혐의발생              (-25),2026-05-27: [기재정정]주주총회소집결의               | 2026-05-27: 의결권대리행사권유참고서류 | 2026-05-27: 주주총회소집공고 | 2026-05-20: [기재정정]주주총회소집결의               | 2026-05-19: 소송등의판결ㆍ결정              ,14
판타지오,032800,-50,🚨 YES,주요사항보고서(유상증자결정) | 주권매매거래정지해제              (감자 주권 변경상장),,최대주주변경              (-5) | 주요사항보고서(유상증자결정)(-15) | 주권매매거래정지해제              (감자 주권 변경상장)(-30),2026-05-26: 주식등의대량보유상황보고서(약식) | 2026-05-26: 전환사채(해외전환사채포함)발행후만기전사채취득              (제7회차) | 2026-05-22: 임원ㆍ주요주주특정증권등소유상황보고서 | 2026-05-22: 주식등의대량보유상황보고서(일반) | 2026-05-22: 임원ㆍ주요주주특정증권등소유상황보고서,16
옵티코어,380540,-50,🚨 YES,"주권매매거래정지기간변경              (액면병합 주권 변경상장) | 주권매매거래정지기간변경              (주식의 병합, 분할 등 전자등록 변경, 말소)",단일판매ㆍ공급계약체결              (+5) | [기재정정]단일판매ㆍ공급계약체결              (+5),"주권매매거래정지기간변경              (액면병합 주권 변경상장)(-30) | 주권매매거래정지기간변경              (주식의 병합, 분할 등 전자등록 변경, 말소)(-30)",2026-05-27: 주요사항보고서(자기전환사채만기전취득결정) | 2026-05-21: 주권매매거래정지기간변경              (액면병합 주권 변경상장) | 2026-05-19: 단일판매ㆍ공급계약체결               | 2026-05-15: 분기보고서 (2026.03) | 2026-05-14: 임원ㆍ주요주주특정증권등소유상황보고서,15
HLB이노베이션,024850,-45,🚨 YES,주요사항보고서(전환사채권발행결정) | 주권매매거래정지해제              (액면병합 주권 변경상장),,주요사항보고서(전환사채권발행결정)(-15) | 주권매매거래정지해제              (액면병합 주권 변경상장)(-30),2026-05-21: 기업설명회(IR)개최               | 2026-05-15: 분기보고서 (2026.03) | 2026-05-15: 증권발행결과(자율공시)               | 2026-05-15: 임원ㆍ주요주주특정증권등소유상황보고서 | 2026-05-15: 주식등의대량보유상황보고서(일반),14
이오플로우,294090,-45,🚨 YES,주권매매거래정지기간변경              (상장적격성 실질심사 대상(사유발생)) | [기재정정]주요사항보고서(전환사채권발행결정),,주권매매거래정지기간변경              (상장적격성 실질심사 대상(사유발생))(-30) | [기재정정]주요사항보고서(전환사채권발행결정)(-15),2026-05-27: 임원ㆍ주요주주특정증권등소유상황보고서 | 2026-05-22: [기재정정]주식매수선택권부여에관한신고 | 2026-05-22: 주식매수선택권부여에관한신고 | 2026-05-18: 임원ㆍ주요주주특정증권등소유상황보고서 | 2026-05-15: 기타시장안내              (상장적격성 실질심사 대상결정 기한 안내),13
하이퍼코퍼레이션,065650,-45,🚨 YES,"주요사항보고서(유상증자결정) | 주권매매거래정지              (주식의 병합, 분할 등 전자등록 변경, 말소)",,"주요사항보고서(유상증자결정)(-15) | 주권매매거래정지              (주식의 병합, 분할 등 전자등록 변경, 말소)(-30)",2026-05-14: 임원ㆍ주요주주특정증권등소유상황보고서 | 2026-05-13: 증권신고서(지분증권) | 2026-05-13: 임원ㆍ주요주주특정증권등소유상황보고서 | 2026-05-13: 주식등의대량보유상황보고서(일반) | 2026-05-13: 주요사항보고서(유상증자결정),16
손오공,066910,-45,🚨 YES,"주요사항보고서(유상증자결정) | 주권매매거래정지              (주식의 병합, 분할 등 전자등록 변경, 말소)",,"주요사항보고서(유상증자결정)(-15) | 주권매매거래정지              (주식의 병합, 분할 등 전자등록 변경, 말소)(-30)","2026-05-22: 주요사항보고서(유상증자결정) | 2026-05-20: 주식등의대량보유상황보고서(일반) | 2026-05-18: [기재정정]주식병합결정               | 2026-05-15: 분기보고서 (2026.03) | 2026-04-28: 주권매매거래정지              (주식의 병합, 분할 등 전자등록 변경, 말소)",5
에스아이리소스,065420,-45,🚨 YES,[기재정정]주요사항보고서(유상증자결정) | 주요사항보고서(유상증자결정) | [기재정정]주요사항보고서(유상증자결정),,[기재정정]주요사항보고서(유상증자결정)(-15) | 주요사항보고서(유상증자결정)(-15) | [기재정정]주요사항보고서(유상증자결정)(-15),2026-05-26: 소송등의판결ㆍ결정(일정금액이상의청구)               | 2026-05-26: 소송등의판결ㆍ결정               | 2026-05-19: 기업가치제고계획(자율공시)               | 2026-05-18: 소송등의제기ㆍ신청(경영권분쟁소송)              (직무집행정지 가처분) | 2026-05-18: [기재정정]주주명부폐쇄기간또는기준일설정              ,15
에이루트,096690,-45,🚨 YES,주요사항보고서(전환사채권발행결정) | 주권매매거래정지해제              (감자 주권 변경상장),,주요사항보고서(전환사채권발행결정)(-15) | 주권매매거래정지해제              (감자 주권 변경상장)(-30),2026-05-27: 주식등의대량보유상황보고서(일반) | 2026-05-27: 임원ㆍ주요주주특정증권등소유상황보고서 | 2026-05-27: 임원ㆍ주요주주특정증권등소유상황보고서 | 2026-05-26: 임원ㆍ주요주주특정증권등소유상황보고서 | 2026-05-26: 임원ㆍ주요주주특정증권등소유상황보고서,15
셀레믹스,331920,-45,🚨 YES,[기재정정]주요사항보고서(유상증자결정) | [기재정정]주요사항보고서(유상증자결정) | [기재정정]주요사항보고서(전환사채권발행결정),,[기재정정]주요사항보고서(유상증자결정)(-15) | [기재정정]주요사항보고서(유상증자결정)(-15) | [기재정정]주요사항보고서(전환사채권발행결정)(-15),2026-05-21: [기재정정]주요사항보고서(유상증자결정) | 2026-05-15: 분기보고서 (2026.03) | 2026-05-12: [기재정정]주요사항보고서(유상증자결정) | 2026-05-08: 주식등의대량보유상황보고서(약식) | 2026-05-07: 임원ㆍ주요주주특정증권등소유상황보고서,14
경남제약,053950,-45,🚨 YES,주요사항보고서(유상증자결정) | 주권매매거래정지해제              (액면병합 주권 변경상장),,주요사항보고서(유상증자결정)(-15) | 주권매매거래정지해제              (액면병합 주권 변경상장)(-30),2026-05-26: 임시주주총회결과               | 2026-05-21: 증권신고서(지분증권) | 2026-05-21: 주요사항보고서(유상증자결정) | 2026-05-21: 주주명부폐쇄기간또는기준일설정               | 2026-05-21: 주식등의대량보유상황보고서(일반),10
알체라,347860,-45,🚨 YES,주요사항보고서(전환사채권발행결정) | 주요사항보고서(유상증자결정) | 주요사항보고서(유상증자결정),,주요사항보고서(전환사채권발행결정)(-15) | 주요사항보고서(유상증자결정)(-15) | 주요사항보고서(유상증자결정)(-15),2026-05-26: 소송등의판결ㆍ결정(일정금액이상의청구)              (약정금 청구 소송) | 2026-05-21: 증권발행결과(자율공시)              (제4회차 CB) | 2026-05-21: 증권발행결과(자율공시)              (제3자배정 유상증자-전환우선주) | 2026-05-21: 증권발행결과(자율공시)              (제3자배정 유상증자) | 2026-05-15: 분기보고서 (2026.03),12
형지I&C,011080,-45,🚨 YES,[기재정정]주요사항보고서(유상증자결정) | 주권매매거래정지해제              (감자 주권 변경상장),,[기재정정]주요사항보고서(유상증자결정)(-15) | 주권매매거래정지해제              (감자 주권 변경상장)(-30),2026-05-21: 임원ㆍ주요주주특정증권등거래계획보고서 | 2026-05-21: 임원ㆍ주요주주특정증권등거래계획보고서 | 2026-05-21: 임원ㆍ주요주주특정증권등거래계획보고서 | 2026-05-21: 임원ㆍ주요주주특정증권등거래계획철회보고서 | 2026-05-21: 임원ㆍ주요주주특정증권등거래계획철회보고서,14
TS트릴리온,317240,-45,🚨 YES,주요사항보고서(전환사채권발행결정) | 주권매매거래정지해제              (액면병합 주권 변경상장),,주요사항보고서(전환사채권발행결정)(-15) | 주권매매거래정지해제              (액면병합 주권 변경상장)(-30),2026-05-27: 임원ㆍ주요주주특정증권등소유상황보고서 | 2026-05-26: 임원ㆍ주요주주특정증권등소유상황보고서 | 2026-05-15: 증권발행결과(자율공시)              (제4회차 CB) | 2026-05-15: 분기보고서 (2026.03) | 2026-05-08: 임원ㆍ주요주주특정증권등소유상황보고서,10
멤레이비티,072770,-45,🚨 YES,주권매매거래정지해제              (액면병합 주권 변경상장) | [첨부정정]주요사항보고서(전환사채권발행결정),,주권매매거래정지해제              (액면병합 주권 변경상장)(-30) | [첨부정정]주요사항보고서(전환사채권발행결정)(-15),2026-05-21: 주권매매거래정지해제              (액면병합 주권 변경상장) | 2026-05-15: 분기보고서 (2026.03) | 2026-05-13: [기재정정]주식병합결정               | 2026-05-08: 주식등의대량보유상황보고서(약식) | 2026-04-29: 증권발행결과(자율공시)              (제13회차 CB),6
모바일어플라이언스,087260,-45,🚨 YES,[기재정정]주요사항보고서(전환사채권발행결정) | [기재정정]주요사항보고서(유상증자결정),,최대주주변경을수반하는주식담보제공계약해제ㆍ취소등              (-5) | 최대주주변경              (-5) | 최대주주변경을수반하는주식담보제공계약체결              (-5) | [기재정정]주요사항보고서(전환사채권발행결정)(-15) | [기재정정]주요사항보고서(유상증자결정)(-15),2026-05-26: 소송등의제기ㆍ신청(경영권분쟁소송)               | 2026-05-21: 주식등의대량보유상황보고서(일반) | 2026-05-21: 주식등의대량보유상황보고서(일반) | 2026-05-21: 임원ㆍ주요주주특정증권등소유상황보고서 | 2026-05-21: 주식등의대량보유상황보고서(일반),15
큐로홀딩스,051780,-45,🚨 YES,[기재정정]주요사항보고서(유상증자결정) | 주권매매거래정지해제              (액면병합 주권 변경상장),,[기재정정]주요사항보고서(유상증자결정)(-15) | 주권매매거래정지해제              (액면병합 주권 변경상장)(-30),2026-05-15: 분기보고서 (2026.03) | 2026-05-12: 전환청구권행사               | 2026-05-08: [기재정정]증권발행결과(자율공시)               | 2026-05-08: [기재정정]소액공모실적보고서 | 2026-05-08: [기재정정]주요사항보고서(유상증자결정),9
더코디,224060,-45,🚨 YES,[기재정정]주요사항보고서(전환사채권발행결정) | [기재정정]주요사항보고서(유상증자결정) | [기재정정]주요사항보고서(전환사채권발행결정),,[기재정정]주요사항보고서(전환사채권발행결정)(-15) | [기재정정]주요사항보고서(유상증자결정)(-15) | [기재정정]주요사항보고서(전환사채권발행결정)(-15),2026-05-20: [기재정정]주요사항보고서(전환사채권발행결정) | 2026-05-19: [기재정정]주요사항보고서(유상증자결정) | 2026-05-18: [기재정정]주요사항보고서(전환사채권발행결정) | 2026-05-15: 분기보고서 (2026.03) | 2026-05-11: [기재정정]주주총회소집결의              (임시주주총회),7
사토시홀딩스,223310,-45,🚨 YES,주권매매거래정지해제              (액면병합 주권 변경상장) | [기재정정]주요사항보고서(전환사채권발행결정),,주권매매거래정지해제              (액면병합 주권 변경상장)(-30) | [기재정정]주요사항보고서(전환사채권발행결정)(-15),2026-05-26: 전환가액의조정              (제9회차) | 2026-05-21: 주식등의대량보유상황보고서(약식) | 2026-05-15: 분기보고서 (2026.03) | 2026-05-14: 주권매매거래정지해제              (액면병합 주권 변경상장) | 2026-05-07: [기재정정]주요사항보고서(전환사채권발행결정),9
인콘,083640,-45,🚨 YES,주요사항보고서(전환사채권발행결정) | 주권매매거래정지해제              (액면병합 주권 변경상장),,주요사항보고서(전환사채권발행결정)(-15) | 주권매매거래정지해제              (액면병합 주권 변경상장)(-30),2026-05-15: 분기보고서 (2026.03) | 2026-05-14: 주요사항보고서(전환사채권발행결정) | 2026-05-08: 주권매매거래정지해제              (액면병합 주권 변경상장) | 2026-05-06: 주요사항보고서(유형자산양수결정),4
한국타이어앤테크놀로지,161390,-44,🚨 YES,횡령ㆍ배임사실확인               | 횡령ㆍ배임사실확인              ,회사합병결정(종속회사의주요경영사항)              (+3) | 연결재무제표기준영업(잠정)실적(공정공시)              (+3),횡령ㆍ배임사실확인              (-25) | 횡령ㆍ배임사실확인              (-25),2026-05-15: 분기보고서 (2026.03) | 2026-05-13: 회사합병결정(종속회사의주요경영사항)               | 2026-05-08: 횡령ㆍ배임사실확인               | 2026-05-08: 연결재무제표기준영업(잠정)실적(공정공시)               | 2026-05-08: 풍문또는보도에대한해명(미확정)              ,5
한화솔루션,009830,-42,🚨 YES,[기재정정]주요사항보고서(유상증자결정) | [기재정정]주요사항보고서(유상증자결정) | [기재정정]주요사항보고서(유상증자결정),연결재무제표기준영업(잠정)실적(공정공시)              (+3),[기재정정]주요사항보고서(유상증자결정)(-15) | [기재정정]주요사항보고서(유상증자결정)(-15) | [기재정정]주요사항보고서(유상증자결정)(-15),2026-05-26: [기재정정]주주명부폐쇄기간또는기준일설정               | 2026-05-26: [기재정정]증권신고서(지분증권) | 2026-05-26: [기재정정]주요사항보고서(유상증자결정) | 2026-05-22: 풍문또는보도에대한해명(미확정)               | 2026-05-20: [기재정정]타인에대한채무보증결정              ,19
웰바이오텍,010600,-40,🚨 YES,[기재정정]주요사항보고서(감자결정) | [기재정정]주요사항보고서(감자결정),,[기재정정]주요사항보고서(감자결정)(-20) | [기재정정]주요사항보고서(감자결정)(-20),2026-05-20: [기재정정]주요사항보고서(감자결정) | 2026-05-15: 분기보고서 (2026.03) | 2026-04-30: [기재정정]주요사항보고서(감자결정),3
엣지파운드리,105550,-40,🚨 YES,주요사항보고서(전환사채권발행결정) | [기재정정]주요사항보고서(유상증자결정) | 주요사항보고서(유상증자결정),[기재정정]단일판매ㆍ공급계약체결              (+5),주요사항보고서(전환사채권발행결정)(-15) | [기재정정]주요사항보고서(유상증자결정)(-15) | 주요사항보고서(유상증자결정)(-15),2026-05-27: 주요사항보고서(전환사채권발행결정) | 2026-05-15: 분기보고서 (2026.03) | 2026-05-14: [기재정정]주요사항보고서(유상증자결정) | 2026-05-14: [기재정정]주식병합결정               | 2026-05-06: 주요사항보고서(유상증자결정),9
SK,034730,-40,🚨 YES,[기재정정]감자결정(종속회사의주요경영사항)              ,,[기재정정]감자결정(종속회사의주요경영사항)              (-20) | 주요사항보고서(자기주식처분결정)(-10) | 주요사항보고서(자기주식처분결정)(자회사의 주요경영사항)              (-10),2026-05-21: [기재정정]감자결정(종속회사의주요경영사항)               | 2026-05-21: [기재정정]유형자산처분결정(종속회사의주요경영사항)               | 2026-05-21: [기재정정]타인에대한채무보증결정(자회사의 주요경영사항)               | 2026-05-21: [기재정정]타인에대한채무보증결정(자회사의 주요경영사항)               | 2026-05-21: [기재정정]투자판단관련주요경영사항(자회사의 주요경영사항)              ,33
크레오에스지,040350,-40,🚨 YES,주권매매거래정지해제              (액면병합 주권 변경상장) | 주요사항보고서(전환사채권발행결정),단일판매ㆍ공급계약체결              (+5),주권매매거래정지해제              (액면병합 주권 변경상장)(-30) | 주요사항보고서(전환사채권발행결정)(-15),2026-05-22: 단일판매ㆍ공급계약체결               | 2026-05-18: 증권발행결과(자율공시)              (제24회차 CB) | 2026-05-15: 분기보고서 (2026.03) | 2026-05-11: 주권매매거래정지해제              (액면병합 주권 변경상장) | 2026-05-08: 주요사항보고서(전환사채권발행결정),8
모아데이타,288980,-40,🚨 YES,[기재정정]주요사항보고서(전환사채권발행결정) | [기재정정]주요사항보고서(전환사채권발행결정),,[기재정정]주요사항보고서(전환사채권발행결정)(-15) | [기재정정]최대주주변경을수반하는주식담보제공계약체결              (-5) | [기재정정]최대주주변경을수반하는주식담보제공계약체결              (-5) | [기재정정]주요사항보고서(전환사채권발행결정)(-15),2026-05-27: [기재정정]주요사항보고서(전환사채권발행결정) | 2026-05-20: 주식등의대량보유상황보고서(일반) | 2026-05-20: [기재정정]최대주주변경을수반하는주식담보제공계약체결               | 2026-05-18: 신주인수권행사가액의조정               | 2026-05-15: [기재정정]기타경영사항(자율공시)              (제8회 신주인수권부사채(BW) 취득 후 재매각),14
한화,000880,-37,🚨 YES,[기재정정]유상증자결정(종속회사의주요경영사항)               | [기재정정]유상증자결정(종속회사의주요경영사항)               | [기재정정]유상증자결정(종속회사의주요경영사항)              ,주식소각결정              (+5) | 영업(잠정)실적(공정공시)              (+3),[기재정정]유상증자결정(종속회사의주요경영사항)              (-15) | [기재정정]유상증자결정(종속회사의주요경영사항)              (-15) | [기재정정]유상증자결정(종속회사의주요경영사항)              (-15),2026-05-26: [기재정정]증권신고서(분할) | 2026-05-26: [기재정정]유상증자결정(종속회사의주요경영사항)               | 2026-05-18: 특수관계인으로부터받은담보 | 2026-05-18: 특수관계인에대한담보제공 | 2026-05-14: 증권신고서(분할),16
서울전자통신,027040,-35,🚨 YES,주권매매거래정지해제              (액면병합 주권 변경상장),,주권매매거래정지해제              (액면병합 주권 변경상장)(-30) | 최대주주변경을수반하는주식양수도계약체결              (-5),2026-05-27: 주권매매거래정지해제              (액면병합 주권 변경상장) | 2026-05-22: 임원ㆍ주요주주특정증권등소유상황보고서 | 2026-05-21: 주식등의대량보유상황보고서(일반) | 2026-05-21: 임원ㆍ주요주주특정증권등소유상황보고서 | 2026-05-21: 주주명부폐쇄기간또는기준일설정              ,8
우진비앤지,018620,-35,🚨 YES,주권매매거래정지해제              (액면병합 주권 변경상장),,주권매매거래정지해제              (액면병합 주권 변경상장)(-30) | [기재정정]최대주주변경을수반하는주식담보제공계약체결              (-5),2026-05-20: 주권매매거래정지해제              (액면병합 주권 변경상장) | 2026-05-20: [기재정정]최대주주변경을수반하는주식담보제공계약체결               | 2026-05-14: 분기보고서 (2026.03) | 2026-05-11: 임원ㆍ주요주주특정증권등소유상황보고서 | 2026-05-11: 임원ㆍ주요주주특정증권등소유상황보고서,7
씨유메디칼,115480,-35,🚨 YES,주권매매거래정지해제              (액면병합 주권 변경상장),,주권매매거래정지해제              (액면병합 주권 변경상장)(-30) | 최대주주인명목회사·조합등의최대주주변경              (-5),2026-05-19: 주권매매거래정지해제              (액면병합 주권 변경상장) | 2026-05-15: 분기보고서 (2026.03) | 2026-04-30: 최대주주인명목회사·조합등의최대주주변경              ,3
핑거,163730,-35,🚨 YES,[기재정정]주요사항보고서(전환사채권발행결정) | [기재정정]주요사항보고서(신주인수권부사채권발행결정),,최대주주변경              (-5) | [기재정정]주요사항보고서(전환사채권발행결정)(-15) | [기재정정]주요사항보고서(신주인수권부사채권발행결정)(-15),2026-05-26: 주식등의대량보유상황보고서(약식) | 2026-05-26: 임원ㆍ주요주주특정증권등소유상황보고서 | 2026-05-26: 주식등의대량보유상황보고서(일반) | 2026-05-26: [기재정정]주식등의대량보유상황보고서(일반) | 2026-05-26: [기재정정]주주총회소집결의              (임시주주총회),21
다이나믹디자인,145210,-35,🚨 YES,주요사항보고서(감자결정) | [기재정정]주요사항보고서(유상증자결정),,주요사항보고서(감자결정)(-20) | [기재정정]주요사항보고서(유상증자결정)(-15),2026-05-21: 타법인주식및출자증권취득결정               | 2026-05-14: 분기보고서 (2026.03) | 2026-05-06: 주주총회소집공고 | 2026-05-06: 주주총회소집결의               | 2026-05-06: 주요사항보고서(감자결정),8
디에이테크놀로지,196490,-35,🚨 YES,[첨부정정]주요사항보고서(유상증자결정) | 주요사항보고서(유상증자결정),,최대주주변경              (-5) | [첨부정정]주요사항보고서(유상증자결정)(-15) | 주요사항보고서(유상증자결정)(-15),2026-05-15: 분기보고서 (2026.03) | 2026-05-14: 주식등의대량보유상황보고서(약식) | 2026-05-14: 주식등의대량보유상황보고서(일반) | 2026-05-14: 임원ㆍ주요주주특정증권등소유상황보고서 | 2026-05-13: 임원ㆍ주요주주특정증권등소유상황보고서,11
휴마시스,205470,-35,🚨 YES,주권매매거래정지해제              (액면병합 주권 변경상장),,최대주주변경              (-5) | 주권매매거래정지해제              (액면병합 주권 변경상장)(-30),2026-05-22: 임원ㆍ주요주주특정증권등소유상황보고서 | 2026-05-22: 주식등의대량보유상황보고서(일반) | 2026-05-18: 최대주주변경               | 2026-05-15: 임원ㆍ주요주주특정증권등소유상황보고서 | 2026-05-15: 주식등의대량보유상황보고서(일반),8
코다코,046070,-35,🚨 YES,주요사항보고서(감자결정) | 주요사항보고서(유상증자결정),,주요사항보고서(감자결정)(-20) | 주요사항보고서(유상증자결정)(-15),2026-05-21: 증권발행결과(자율공시)               | 2026-05-20: 주요사항보고서(감자결정) | 2026-05-20: 주요사항보고서(유상증자결정) | 2026-05-20: 회생계획인가               | 2026-05-15: 분기보고서 (2026.03),5
GRT,900290,-30,🚨 YES,[기재정정]주요사항보고서(유상증자결정) | [기재정정]주요사항보고서(유상증자결정),,[기재정정]주요사항보고서(유상증자결정)(-15) | [기재정정]주요사항보고서(유상증자결정)(-15),2026-05-20: [기재정정]주요사항보고서(유상증자결정) | 2026-05-06: [기재정정]주요사항보고서(유상증자결정) | 2026-04-29: 임원ㆍ주요주주특정증권등소유상황보고서 | 2026-04-29: 주식등의대량보유상황보고서(일반),4
크리스탈신소재,900250,-30,🚨 YES,"주권매매거래정지              (주식의 병합, 분할 등 전자등록 변경, 말소)",,"주권매매거래정지              (주식의 병합, 분할 등 전자등록 변경, 말소)(-30)","2026-05-26: 주권매매거래정지              (주식의 병합, 분할 등 전자등록 변경, 말소) | 2026-05-19: 외국지주회사의자회사편입ㆍ탈퇴               | 2026-05-19: 타법인주식및출자증권취득결정(자율공시)(자회사의 주요경영사항)               | 2026-04-28: 정기주주총회결과              ",4
컬러레이,900310,-30,🚨 YES,"주권매매거래정지              (주식의 병합, 분할 등 전자등록 변경, 말소)",,"주권매매거래정지              (주식의 병합, 분할 등 전자등록 변경, 말소)(-30)","2026-05-12: 주권매매거래정지              (주식의 병합, 분할 등 전자등록 변경, 말소) | 2026-05-04: 사외이사의선임ㆍ해임또는중도퇴임에관한신고 | 2026-04-30: 정기주주총회결과              ",3
엑스큐어,070300,-30,🚨 YES,[기재정정]주요사항보고서(전환사채권발행결정) | [기재정정]주요사항보고서(유상증자결정),,[기재정정]주요사항보고서(전환사채권발행결정)(-15) | [기재정정]주요사항보고서(유상증자결정)(-15),2026-05-15: 분기보고서 (2026.03) | 2026-05-12: 금전대여결정              (대여기간 연장) | 2026-05-12: [기재정정]주요사항보고서(전환사채권발행결정) | 2026-05-12: 전환청구권행사               | 2026-05-11: 전환청구권행사              ,11
유니포인트,121060,-30,🚨 YES,주권매매거래정지해제              (감자 주권 변경상장),,주권매매거래정지해제              (감자 주권 변경상장)(-30),2026-05-15: 주권매매거래정지해제              (감자 주권 변경상장) | 2026-05-13: 기업설명회(IR)개최결과               | 2026-05-08: 감자완료              ,3
이미지스,115610,-30,🚨 YES,주권매매거래정지해제              (액면병합 주권 변경상장),,주권매매거래정지해제              (액면병합 주권 변경상장)(-30),2026-05-15: 분기보고서 (2026.03) | 2026-04-29: 주권매매거래정지해제              (액면병합 주권 변경상장),2
윈팩,097800,-30,🚨 YES,주권매매거래정지해제              (액면병합 주권 변경상장),,주권매매거래정지해제              (액면병합 주권 변경상장)(-30),2026-05-15: 주권매매거래정지해제              (액면병합 주권 변경상장) | 2026-05-15: 분기보고서 (2026.03),2
폴라리스AI,039980,-30,🚨 YES,주권매매거래정지해제              (액면병합 주권 변경상장),,주권매매거래정지해제              (액면병합 주권 변경상장)(-30),2026-05-15: 분기보고서 (2026.03) | 2026-05-06: 주식등의대량보유상황보고서(일반) | 2026-05-06: 임원ㆍ주요주주특정증권등소유상황보고서 | 2026-05-06: 임원ㆍ주요주주특정증권등소유상황보고서 | 2026-04-28: 주권매매거래정지해제              (액면병합 주권 변경상장),5
케이엠제약,225430,-30,🚨 YES,주권매매거래정지해제              (액면병합 주권 변경상장),,주권매매거래정지해제              (액면병합 주권 변경상장)(-30),2026-05-18: 주권매매거래정지해제              (액면병합 주권 변경상장) | 2026-05-15: 분기보고서 (2026.03) | 2026-05-08: [기재정정]주식병합결정               | 2026-05-07: [기재정정]주식병합결정               | 2026-05-06: 주주총회소집결의              (임시주주총회),8
포커스에이아이,331380,-30,🚨 YES,주요사항보고서(유상증자결정) | [기재정정]주요사항보고서(유상증자결정),,주요사항보고서(유상증자결정)(-15) | [기재정정]주요사항보고서(유상증자결정)(-15),2026-05-27: 주요사항보고서(유상증자결정) | 2026-05-21: [기재정정]주요사항보고서(유상증자결정) | 2026-05-19: 주식등의대량보유상황보고서(일반) | 2026-05-15: 분기보고서 (2026.03) | 2026-05-12: 주식매수선택권부여에관한신고,8
원풍물산,008290,-30,🚨 YES,주권매매거래정지해제              (액면병합 주권 변경상장),,주권매매거래정지해제              (액면병합 주권 변경상장)(-30),2026-05-15: 분기보고서 (2026.03) | 2026-05-11: 주권매매거래정지해제              (액면병합 주권 변경상장),2
폴라리스세원,234100,-30,🚨 YES,주권매매거래정지해제              (액면병합 주권 변경상장),,주권매매거래정지해제              (액면병합 주권 변경상장)(-30),2026-05-22: 주권매매거래정지해제              (액면병합 주권 변경상장) | 2026-05-15: 분기보고서 (2026.03),2
폴라리스우노,114630,-30,🚨 YES,주권매매거래정지해제              (액면병합 주권 변경상장),,주권매매거래정지해제              (액면병합 주권 변경상장)(-30),2026-05-15: 분기보고서 (2026.03) | 2026-05-06: 주식등의대량보유상황보고서(일반) | 2026-05-06: 임원ㆍ주요주주특정증권등소유상황보고서 | 2026-05-06: 임원ㆍ주요주주특정증권등소유상황보고서 | 2026-05-06: 임원ㆍ주요주주특정증권등소유상황보고서,14
상신이디피,091580,-30,🚨 YES,[기재정정]주요사항보고서(전환사채권발행결정) | 주요사항보고서(전환사채권발행결정),,[기재정정]주요사항보고서(전환사채권발행결정)(-15) | 주요사항보고서(전환사채권발행결정)(-15),2026-05-15: 분기보고서 (2026.03) | 2026-05-15: [기재정정]사업보고서 (2025.12) | 2026-05-08: 증권발행결과(자율공시)               | 2026-05-08: 임원ㆍ주요주주특정증권등소유상황보고서 | 2026-05-06: [기재정정]주요사항보고서(전환사채권발행결정),6
파인디앤씨,049120,-30,🚨 YES,주권매매거래정지해제              (액면병합 주권 변경상장),,주권매매거래정지해제              (액면병합 주권 변경상장)(-30),2026-05-15: 분기보고서 (2026.03) | 2026-05-08: 임원ㆍ주요주주특정증권등소유상황보고서 | 2026-05-08: 임원ㆍ주요주주특정증권등소유상황보고서 | 2026-05-08: 임원ㆍ주요주주특정증권등소유상황보고서 | 2026-05-08: 임원ㆍ주요주주특정증권등소유상황보고서,14
로지스몬,223220,-30,🚨 YES,[기재정정]주요사항보고서(유상증자결정) | [기재정정]주요사항보고서(유상증자결정),,[기재정정]주요사항보고서(유상증자결정)(-15) | [기재정정]주요사항보고서(유상증자결정)(-15),2026-05-22: [기재정정]주요사항보고서(유상증자결정) | 2026-05-21: 소송등의제기ㆍ신청(경영권분쟁소송)               | 2026-05-21: 주요사항보고서(소송등의제기) | 2026-05-06: [기재정정]주주명부폐쇄기간또는기준일설정               | 2026-05-06: [기재정정]주주총회소집결의              ,6
파라텍,033540,-30,🚨 YES,[기재정정]주요사항보고서(전환사채권발행결정) | [첨부정정]주요사항보고서(전환사채권발행결정),,[기재정정]주요사항보고서(전환사채권발행결정)(-15) | [첨부정정]주요사항보고서(전환사채권발행결정)(-15),2026-05-26: 임원ㆍ주요주주특정증권등거래계획보고서 | 2026-05-20: [기재정정]주요사항보고서(전환사채권발행결정) | 2026-05-18: [첨부정정]주요사항보고서(전환사채권발행결정) | 2026-05-15: 분기보고서 (2026.03) | 2026-05-13: 주주명부폐쇄기간또는기준일설정              ,7
HLB생명과학,067630,-30,🚨 YES,주권매매거래정지              (중요한 영업정지),,주권매매거래정지              (중요한 영업정지)(-30),2026-05-21: 교환가액의조정              (제16회차) | 2026-05-15: 주권매매거래정지              (중요한 영업정지) | 2026-05-15: 주요사항보고서(영업정지) | 2026-05-15: 분기보고서 (2026.03),4
드래곤플라이,030350,-30,🚨 YES,주권매매거래정지기간변경              (상장적격성 실질심사 대상 결정),,주권매매거래정지기간변경              (상장적격성 실질심사 대상 결정)(-30),2026-05-15: 분기보고서 (2026.03) | 2026-05-06: 주권매매거래정지기간변경              (상장적격성 실질심사 대상 결정) | 2026-05-06: 기타시장안내              (상장적격성 실질심사 대상 결정),3
파인텍,131760,-30,🚨 YES,주권매매거래정지해제              (액면병합 주권 변경상장),,주권매매거래정지해제              (액면병합 주권 변경상장)(-30),2026-05-21: 주권매매거래정지해제              (액면병합 주권 변경상장) | 2026-05-14: 분기보고서 (2026.03),2
블랙야크아이앤씨,478560,-30,🚨 YES,[기재정정]주요사항보고서(전환사채권발행결정) | 주요사항보고서(전환사채권발행결정),,[기재정정]주요사항보고서(전환사채권발행결정)(-15) | 주요사항보고서(전환사채권발행결정)(-15),2026-05-22: 분기보고서 (2026.03) | 2026-05-21: 증권발행결과(자율공시)              (제2회차 CB) | 2026-05-14: [기재정정]주주명부폐쇄기간또는기준일설정               | 2026-05-14: 주주총회소집결의              (임시주주총회) | 2026-05-14: [기재정정]주요사항보고서(전환사채권발행결정),6
딜리,131180,-30,🚨 YES,주권매매거래정지해제              (액면병합 주권 변경상장),,주권매매거래정지해제              (액면병합 주권 변경상장)(-30),2026-05-15: 주권매매거래정지해제              (액면병합 주권 변경상장) | 2026-05-15: 분기보고서 (2026.03),2
유틸렉스,263050,-30,🚨 YES,주권매매거래정지기간변경              (상장폐지 사유 발생),,주권매매거래정지기간변경              (상장폐지 사유 발생)(-30),2026-05-18: 주권매매거래정지기간변경              (상장폐지 사유 발생) | 2026-05-18: 기타시장안내              (기업심사위원회 개최 결과 안내) | 2026-05-14: 분기보고서 (2026.03),3
국일제지,078130,-30,🚨 YES,주권매매거래정지해제              (액면병합 주권 변경상장),,주권매매거래정지해제              (액면병합 주권 변경상장)(-30),2026-05-19: 주권매매거래정지해제              (액면병합 주권 변경상장) | 2026-05-15: 분기보고서 (2026.03) | 2026-05-08: 주식등의대량보유상황보고서(일반) | 2026-05-08: 임원ㆍ주요주주특정증권등소유상황보고서,4
한국미라클피플사,331660,-30,🚨 YES,주권매매거래정지해제              (액면분할 주권 변경상장),,주권매매거래정지해제              (액면분할 주권 변경상장)(-30),2026-05-12: 임원ㆍ주요주주특정증권등소유상황보고서 | 2026-05-12: 주식등의대량보유상황보고서(일반) | 2026-05-12: [기재정정]주식등의대량보유상황보고서(일반) | 2026-05-12: 임원ㆍ주요주주특정증권등소유상황보고서 | 2026-05-11: 임원ㆍ주요주주특정증권등소유상황보고서,7
MDS테크,086960,-30,🚨 YES,주권매매거래정지해제              (액면병합 주권 변경상장),,주권매매거래정지해제              (액면병합 주권 변경상장)(-30),2026-05-21: 전환청구권행사               | 2026-05-15: 분기보고서 (2026.03) | 2026-05-08: 임원ㆍ주요주주특정증권등소유상황보고서 | 2026-05-07: 주권매매거래정지해제              (액면병합 주권 변경상장) | 2026-04-30: 소속부변경              ,5
비유테크놀러지,230980,-30,🚨 YES,주권매매거래정지해제              (상장폐지에 따른 정리매매 개시),,주권매매거래정지해제              (상장폐지에 따른 정리매매 개시)(-30),2026-05-21: 주권매매거래정지해제              (상장폐지에 따른 정리매매 개시) | 2026-05-21: 기타시장안내              (상장폐지결정 효력정지 등 가처분 신청 기각에 따른 정리매매절차 재개) | 2026-05-15: 기타시장안내              (상장적격성 실질심사 사유 추가 관련 절차 미진행) | 2026-05-15: 반기또는분기매출액미달사실발생               | 2026-05-15: 분기보고서 (2026.03),7
루미르,474170,-30,🚨 YES,주요사항보고서(전환사채권발행결정) | 주요사항보고서(전환사채권발행결정),,주요사항보고서(전환사채권발행결정)(-15) | 주요사항보고서(전환사채권발행결정)(-15),2026-05-15: 주식등의대량보유상황보고서(약식) | 2026-05-15: 분기보고서 (2026.03) | 2026-05-08: 증권발행결과(자율공시)              (제1회차 CB) | 2026-04-30: 주요사항보고서(전환사채권발행결정) | 2026-04-30: 주요사항보고서(전환사채권발행결정),7
에이비프로바이오,195990,-30,🚨 YES,[기재정정]주요사항보고서(전환사채권발행결정) | [기재정정]주요사항보고서(전환사채권발행결정),,[기재정정]주요사항보고서(전환사채권발행결정)(-15) | [기재정정]주요사항보고서(전환사채권발행결정)(-15),2026-05-27: [기재정정]의결권대리행사권유참고서류 | 2026-05-27: [기재정정]주주총회소집공고 | 2026-05-27: [기재정정]주주총회소집결의              (임시주주총회) | 2026-05-27: [기재정정]주식병합결정               | 2026-05-20: 의결권대리행사권유참고서류,12
인포바인,115310,-30,🚨 YES,주권매매거래정지해제              (액면분할 주권 변경상장),,주권매매거래정지해제              (액면분할 주권 변경상장)(-30),2026-05-19: 수시공시의무관련사항(공정공시)              (주주가치 제고를 위한 자기주식 소각 예고) | 2026-05-15: 분기보고서 (2026.03) | 2026-05-07: 소속부변경               | 2026-04-27: 주권매매거래정지해제              (액면분할 주권 변경상장),4
에이프로젠바이오로직스,003060,-30,🚨 YES,주요사항보고서(전환사채권발행결정) | 주요사항보고서(전환사채권발행결정),,주요사항보고서(전환사채권발행결정)(-15) | 주요사항보고서(전환사채권발행결정)(-15),2026-05-26: 주요사항보고서(전환사채권발행결정) | 2026-05-22: 주식등의대량보유상황보고서(약식) | 2026-05-22: 주식등의대량보유상황보고서(일반) | 2026-05-21: 주요사항보고서(전환사채권발행결정) | 2026-05-14: 분기보고서 (2026.03),16
더테크놀로지,043090,-30,🚨 YES,주권매매거래정지기간변경              (감자 주권 변경상장),,주권매매거래정지기간변경              (감자 주권 변경상장)(-30),2026-05-15: 분기보고서 (2026.03) | 2026-05-07: 기타시장안내              (상장적격성 실질심사 사유 추가 관련 절차 미진행) | 2026-05-07: 회계처리기준위반행위로인한증권선물위원회의검찰고발등               | 2026-04-27: 주권매매거래정지기간변경              (감자 주권 변경상장),4
동일스틸럭스,023790,-30,🚨 YES,주권매매거래정지해제              (액면병합 주권 변경상장),,주권매매거래정지해제              (액면병합 주권 변경상장)(-30),2026-05-26: 임원ㆍ주요주주특정증권등소유상황보고서 | 2026-05-26: 임원ㆍ주요주주특정증권등소유상황보고서 | 2026-05-26: 임원ㆍ주요주주특정증권등소유상황보고서 | 2026-05-26: 주식등의대량보유상황보고서(일반) | 2026-05-22: 주권매매거래정지해제              (액면병합 주권 변경상장),6
패션플랫폼,225590,-30,🚨 YES,주권매매거래정지해제              (액면병합 주권 변경상장),,주권매매거래정지해제              (액면병합 주권 변경상장)(-30),2026-05-20: 주권매매거래정지해제              (액면병합 주권 변경상장) | 2026-05-15: 분기보고서 (2026.03),2
앤씨앤,092600,-30,🚨 YES,주권매매거래정지해제              (액면병합 주권 변경상장),,주권매매거래정지해제              (액면병합 주권 변경상장)(-30),2026-05-15: 분기보고서 (2026.03) | 2026-05-14: 주권매매거래정지해제              (액면병합 주권 변경상장),2
풍전약품,298060,-30,🚨 YES,주권매매거래정지해제              (액면병합 주권 변경상장),,주권매매거래정지해제              (액면병합 주권 변경상장)(-30),2026-05-18: 주권매매거래정지해제              (액면병합 주권 변경상장) | 2026-05-14: 분기보고서 (2026.03) | 2026-05-06: [기재정정]주주총회소집결의               | 2026-05-04: 임원ㆍ주요주주특정증권등소유상황보고서 | 2026-05-04: 주식등의대량보유상황보고서(약식),9
상보,027580,-30,🚨 YES,주권매매거래정지해제              (액면병합 주권 변경상장),,주권매매거래정지해제              (액면병합 주권 변경상장)(-30),2026-05-27: 주식등의대량보유상황보고서(일반) | 2026-05-18: 주권매매거래정지해제              (액면병합 주권 변경상장) | 2026-05-14: 분기보고서 (2026.03) | 2026-05-07: 임원ㆍ주요주주특정증권등소유상황보고서 | 2026-05-07: 임원ㆍ주요주주특정증권등소유상황보고서,11
휴맥스홀딩스,028080,-30,🚨 YES,주권매매거래정지해제              (액면병합 주권 변경상장),,주권매매거래정지해제              (액면병합 주권 변경상장)(-30),2026-05-21: [기재정정]주식등의대량보유상황보고서(약식) | 2026-05-21: 주식등의대량보유상황보고서(약식) | 2026-05-20: 전환청구권행사               | 2026-05-18: 전환가액의조정               | 2026-05-14: 분기보고서 (2026.03),8
엔시트론,101400,-30,🚨 YES,주권매매거래정지해제              (감자 및 액면병합 주권 변경상장),,주권매매거래정지해제              (감자 및 액면병합 주권 변경상장)(-30),2026-05-15: 분기보고서 (2026.03) | 2026-05-14: 주주명부폐쇄기간또는기준일설정               | 2026-05-14: 주주총회소집결의               | 2026-05-12: 주권매매거래정지해제              (감자 및 액면병합 주권 변경상장) | 2026-05-08: 임원ㆍ주요주주특정증권등소유상황보고서,9
위즈코프,038620,-30,🚨 YES,주권매매거래정지해제              (액면병합 주권 변경상장),,주권매매거래정지해제              (액면병합 주권 변경상장)(-30),2026-05-15: 분기보고서 (2026.03) | 2026-05-08: 임원ㆍ주요주주특정증권등소유상황보고서 | 2026-05-08: 임원ㆍ주요주주특정증권등소유상황보고서 | 2026-05-06: 주권매매거래정지해제              (액면병합 주권 변경상장),4
지니틱스,303030,-30,🚨 YES,주권매매거래정지해제              (액면병합 주권 변경상장),,주권매매거래정지해제              (액면병합 주권 변경상장)(-30),2026-05-15: 분기보고서 (2026.03) | 2026-05-06: 주권매매거래정지해제              (액면병합 주권 변경상장),2
코디,080530,-30,🚨 YES,주권매매거래정지해제              (액면병합 주권 변경상장),,주권매매거래정지해제              (액면병합 주권 변경상장)(-30),2026-05-21: 임원ㆍ주요주주특정증권등소유상황보고서 | 2026-05-15: 주권매매거래정지해제              (액면병합 주권 변경상장) | 2026-05-07: 분기보고서 (2026.03) | 2026-05-07: 임원ㆍ주요주주특정증권등소유상황보고서 | 2026-05-07: 임원ㆍ주요주주특정증권등소유상황보고서,5
파라택시스코리아,288330,-30,🚨 YES,주권매매거래정지기간변경              (상장적격성 실질심사 대상 결정),,주권매매거래정지기간변경              (상장적격성 실질심사 대상 결정)(-30),2026-05-21: 주권매매거래정지기간변경              (상장적격성 실질심사 대상 결정) | 2026-05-21: 기타시장안내              (상장적격성 실질심사 대상 결정) | 2026-05-15: 분기보고서 (2026.03) | 2026-04-28: 기타시장안내              (실질심사 대상여부 결정을 위한 조사기간 연장 안내),4
오가노이드사이언스,476040,-30,🚨 YES,주요사항보고서(유상증자결정) | 주요사항보고서(전환사채권발행결정),,주요사항보고서(유상증자결정)(-15) | 주요사항보고서(전환사채권발행결정)(-15),2026-05-15: 분기보고서 (2026.03) | 2026-05-07: 증권발행결과(자율공시)              (제1회차CB) | 2026-05-07: 증권발행결과(자율공시)              (제3자배정유상증자) | 2026-04-30: 주요사항보고서(유상증자결정) | 2026-04-29: 주요사항보고서(전환사채권발행결정),5
HLB바이오스텝,278650,-30,🚨 YES,주권매매거래정지해제              (액면병합 주권 변경상장),,주권매매거래정지해제              (액면병합 주권 변경상장)(-30),2026-05-15: 주권매매거래정지해제              (액면병합 주권 변경상장) | 2026-05-15: 분기보고서 (2026.03) | 2026-05-11: 주식등의대량보유상황보고서(일반) | 2026-05-11: 임원ㆍ주요주주특정증권등소유상황보고서 | 2026-05-08: 임원ㆍ주요주주특정증권등소유상황보고서,13
셀레스트라,352770,-30,🚨 YES,주권매매거래정지기간변경              (상장적격성 실질심사 대상(사유발생)),,주권매매거래정지기간변경              (상장적격성 실질심사 대상(사유발생))(-30),2026-05-18: 기타시장안내              (상장적격성 실질심사 대상결정 기한 안내 ) | 2026-05-15: 기타시장안내              (상장적격성 실질심사 관련) | 2026-05-15: 주권매매거래정지기간변경              (상장적격성 실질심사 대상(사유발생)) | 2026-05-15: 반기또는분기매출액미달사실발생               | 2026-05-15: 분기보고서 (2026.03),8
벨로크,424760,-30,🚨 YES,주권매매거래정지해제              (액면병합 주권 변경상장),,주권매매거래정지해제              (액면병합 주권 변경상장)(-30),2026-05-26: 주식등의대량보유상황보고서(일반) | 2026-05-22: 임원ㆍ주요주주특정증권등소유상황보고서 | 2026-05-21: 조회공시요구(현저한시황변동)에대한답변(미확정)               | 2026-05-21: 임원ㆍ주요주주특정증권등소유상황보고서 | 2026-05-19: 주권매매거래정지해제              (액면병합 주권 변경상장),17
네오이뮨텍,950220,-30,🚨 YES,"주권매매거래정지              (주식의 병합, 분할 등 전자등록 변경, 말소)",,"주권매매거래정지              (주식의 병합, 분할 등 전자등록 변경, 말소)(-30)","2026-05-15: 분기보고서 (2026.03) | 2026-05-14: 임원ㆍ주요주주특정증권등소유상황보고서 | 2026-05-12: 주권매매거래정지              (주식의 병합, 분할 등 전자등록 변경, 말소)",3
아퓨어스,149300,-30,🚨 YES,주권매매거래정지해제              (상장폐지에 따른 정리매매 개시),,주권매매거래정지해제              (상장폐지에 따른 정리매매 개시)(-30),2026-05-07: 주권매매거래정지해제              (상장폐지에 따른 정리매매 개시) | 2026-05-07: 기타시장안내              (상장폐지 절차 진행 안내),2
비츠로시스,054220,-30,🚨 YES,주권매매거래정지해제              (액면병합 주권 변경상장),,주권매매거래정지해제              (액면병합 주권 변경상장)(-30),2026-05-26: 사외이사의선임ㆍ해임또는중도퇴임에관한신고 | 2026-05-26: 임시주주총회결과               | 2026-05-15: 주권매매거래정지해제              (액면병합 주권 변경상장) | 2026-05-15: 분기보고서 (2026.03) | 2026-05-15: [기재정정]주식등의대량보유상황보고서(약식),15
HC홈센타,060560,-30,🚨 YES,주권매매거래정지해제              (액면병합 주권 변경상장),,주권매매거래정지해제              (액면병합 주권 변경상장)(-30),2026-05-19: 주식등의대량보유상황보고서(일반) | 2026-05-15: 분기보고서 (2026.03) | 2026-05-12: 임원ㆍ주요주주특정증권등소유상황보고서 | 2026-05-11: 임원ㆍ주요주주특정증권등소유상황보고서 | 2026-05-11: 임원ㆍ주요주주특정증권등소유상황보고서,9
비에프랩스,139050,-30,🚨 YES,[기재정정]주요사항보고서(유상증자결정) | [기재정정]주요사항보고서(유상증자결정),,[기재정정]주요사항보고서(유상증자결정)(-15) | [기재정정]주요사항보고서(유상증자결정)(-15),2026-05-20: [기재정정]주요사항보고서(유상증자결정) | 2026-05-18: 임원ㆍ주요주주특정증권등소유상황보고서 | 2026-05-18: 주식등의대량보유상황보고서(일반) | 2026-05-15: 분기보고서 (2026.03) | 2026-04-30: [기재정정]주요사항보고서(유상증자결정),5
바른손이앤에이,035620,-30,🚨 YES,주권매매거래정지해제              (감자 주권 변경상장),,주권매매거래정지해제              (감자 주권 변경상장)(-30),2026-05-20: 임원ㆍ주요주주특정증권등소유상황보고서 | 2026-05-15: 분기보고서 (2026.03) | 2026-04-29: 주권매매거래정지해제              (감자 주권 변경상장),3
휴럼,353190,-30,🚨 YES,주권매매거래정지해제              (액면병합 주권 변경상장),,주권매매거래정지해제              (액면병합 주권 변경상장)(-30),2026-05-15: 임원ㆍ주요주주특정증권등거래계획보고서 | 2026-05-15: 분기보고서 (2026.03) | 2026-05-11: 임원ㆍ주요주주특정증권등소유상황보고서 | 2026-05-11: 임원ㆍ주요주주특정증권등소유상황보고서 | 2026-05-11: 임원ㆍ주요주주특정증권등소유상황보고서,6
윙입푸드,900340,-30,🚨 YES,"주권매매거래정지              (주식의 병합, 분할 등 전자등록 변경, 말소)",,"주권매매거래정지              (주식의 병합, 분할 등 전자등록 변경, 말소)(-30)","2026-04-29: 주권매매거래정지              (주식의 병합, 분할 등 전자등록 변경, 말소) | 2026-04-29: 사업보고서 (2025.12)",2
아이티센글로벌,124500,-30,🚨 YES,[기재정정]주요사항보고서(전환사채권발행결정) | 주요사항보고서(전환사채권발행결정),,[기재정정]주요사항보고서(전환사채권발행결정)(-15) | 주요사항보고서(전환사채권발행결정)(-15),2026-05-20: 기업설명회(IR)개최               | 2026-05-14: 분기보고서 (2026.03) | 2026-05-14: [기재정정]타인에대한채무보증결정               | 2026-05-08: 증권발행결과(자율공시)               | 2026-05-08: [기재정정]주요사항보고서(전환사채권발행결정),8
링크드,193250,-30,🚨 YES,주권매매거래정지해제              (액면병합 주권 변경상장),,주권매매거래정지해제              (액면병합 주권 변경상장)(-30),2026-05-22: 임원ㆍ주요주주특정증권등소유상황보고서 | 2026-05-22: 임원ㆍ주요주주특정증권등소유상황보고서 | 2026-05-22: 임원ㆍ주요주주특정증권등소유상황보고서 | 2026-05-22: 임원ㆍ주요주주특정증권등소유상황보고서 | 2026-05-22: 임원ㆍ주요주주특정증권등소유상황보고서,8
휴맥스,115160,-30,🚨 YES,주권매매거래정지해제              (액면병합 주권 변경상장),,주권매매거래정지해제              (액면병합 주권 변경상장)(-30),2026-05-14: 분기보고서 (2026.03) | 2026-05-13: 주식등의대량보유상황보고서(일반) | 2026-05-12: [기재정정]주식매수선택권부여에관한신고 | 2026-05-12: [기재정정]주식매수선택권부여에관한신고 | 2026-05-11: 전환가액의조정              ,9
포니링크,064800,-30,🚨 YES,주권매매거래정지해제              (액면병합 주권 변경상장),,주권매매거래정지해제              (액면병합 주권 변경상장)(-30),2026-05-18: 주권매매거래정지해제              (액면병합 주권 변경상장) | 2026-05-15: 분기보고서 (2026.03) | 2026-05-14: [기재정정]금전대여결정              ,3
퓨쳐메디신,341170,-30,🚨 YES,[기재정정]주요사항보고서(유상증자결정) | [기재정정]주요사항보고서(유상증자결정),,[기재정정]주요사항보고서(유상증자결정)(-15) | [기재정정]주요사항보고서(유상증자결정)(-15),2026-05-18: 기업설명회(IR)개최               | 2026-05-12: 대표이사변경               | 2026-05-12: 임시주주총회결과               | 2026-04-30: [기재정정]주요사항보고서(유상증자결정) | 2026-04-30: [기재정정]주요사항보고서(유상증자결정),6
화일약품,061250,-30,🚨 YES,주권매매거래정지해제              (액면병합 주권 변경상장),,주권매매거래정지해제              (액면병합 주권 변경상장)(-30),2026-05-15: 분기보고서 (2026.03) | 2026-04-30: 소속부변경               | 2026-04-30: 주권매매거래정지해제              (액면병합 주권 변경상장),3
펨토바이오메드,327610,-30,🚨 YES,주권매매거래정지기간변경              (개선기간 부여),,주권매매거래정지기간변경              (개선기간 부여)(-30),2026-05-06: 주권매매거래정지기간변경              (개선기간 부여) | 2026-05-06: 기타시장안내              (상장폐지 관련 이의신청서 접수 및 개선기간 부여),2
솔루믹스,238500,-30,🚨 YES,주권매매거래정지기간변경              (액면병합 주권 변경상장),,주권매매거래정지기간변경              (액면병합 주권 변경상장)(-30),2026-05-06: 기타시장안내              (개선계획 이행내역서 제출에 따른 안내) | 2026-05-04: 주권매매거래정지기간변경              (액면병합 주권 변경상장),2
빌리언스,044480,-30,🚨 YES,주권매매거래정지해제              (액면병합 주권 변경상장),,주권매매거래정지해제              (액면병합 주권 변경상장)(-30),2026-05-27: [기재정정]타법인주식및출자증권취득결정               | 2026-05-27: 타법인주식및출자증권취득결정               | 2026-05-18: 임원ㆍ주요주주특정증권등소유상황보고서 | 2026-05-18: 주식등의대량보유상황보고서(일반) | 2026-05-15: 분기보고서 (2026.03),9
리튬포어스,073570,-30,🚨 YES,주권매매거래정지해제              (감자 주권 변경상장),,주권매매거래정지해제              (감자 주권 변경상장)(-30),2026-05-26: 금전대여결정              (대여기간 연장) | 2026-05-15: 분기보고서 (2026.03) | 2026-05-15: 주권매매거래정지해제              (감자 주권 변경상장) | 2026-05-07: 감자완료              ,4
이노테나,333050,-30,🚨 YES,주권매매거래정지해제              (액면병합 주권 변경상장),,주권매매거래정지해제              (액면병합 주권 변경상장)(-30),2026-05-20: 임원ㆍ주요주주특정증권등소유상황보고서 | 2026-05-20: 임원ㆍ주요주주특정증권등소유상황보고서 | 2026-05-20: 임원ㆍ주요주주특정증권등소유상황보고서 | 2026-05-19: 주권매매거래정지해제              (액면병합 주권 변경상장) | 2026-05-18: [기재정정]현금ㆍ현물배당결정              ,8
SG&G,040610,-30,🚨 YES,주권매매거래정지해제              (액면병합 주권 변경상장),,주권매매거래정지해제              (액면병합 주권 변경상장)(-30),2026-05-18: 주권매매거래정지해제              (액면병합 주권 변경상장) | 2026-05-15: 분기보고서 (2026.03) | 2026-04-30: 주식등의대량보유상황보고서(일반) | 2026-04-30: 임원ㆍ주요주주특정증권등소유상황보고서 | 2026-04-30: 임원ㆍ주요주주특정증권등소유상황보고서,6
핑거스토리,417180,-30,🚨 YES,주권매매거래정지해제              (액면병합 주권 변경상장),,주권매매거래정지해제              (액면병합 주권 변경상장)(-30),2026-05-19: 주권매매거래정지해제              (액면병합 주권 변경상장) | 2026-05-15: 분기보고서 (2026.03) | 2026-04-29: 임원ㆍ주요주주특정증권등소유상황보고서 | 2026-04-29: 임원ㆍ주요주주특정증권등소유상황보고서 | 2026-04-29: 임원ㆍ주요주주특정증권등소유상황보고서,7
아이퀘스트,262840,-30,🚨 YES,주권매매거래정지해제              (액면병합 주권 변경상장),,주권매매거래정지해제              (액면병합 주권 변경상장)(-30),2026-05-07: 분기보고서 (2026.03) | 2026-05-06: 주권매매거래정지해제              (액면병합 주권 변경상장),2
에이치엠씨아이비제6호기업인수목적,462020,-30,🚨 YES,주권매매거래정지              (상장폐지 사유발생),,주권매매거래정지              (상장폐지 사유발생)(-30),2026-05-19: 주요사항보고서(해산사유발생) | 2026-05-15: 분기보고서 (2026.03) | 2026-05-07: 기타경영사항(자율공시)              (청산 관련 주요사항 안내) | 2026-05-06: 주권매매거래정지              (상장폐지 사유발생) | 2026-04-27: 기타시장안내              (주권 상장폐지 우려 예고),5
티사이언티픽,057680,-30,🚨 YES,주권매매거래정지해제              (감자 주권 변경상장),,주권매매거래정지해제              (감자 주권 변경상장)(-30),2026-05-15: 분기보고서 (2026.03) | 2026-05-08: 임원ㆍ주요주주특정증권등소유상황보고서 | 2026-05-08: 임원ㆍ주요주주특정증권등소유상황보고서 | 2026-05-08: 임원ㆍ주요주주특정증권등소유상황보고서 | 2026-05-08: 임원ㆍ주요주주특정증권등소유상황보고서,7
와이씨켐,112290,-30,🚨 YES,주권매매거래정지해제              (액면분할 주권 변경상장),,주권매매거래정지해제              (액면분할 주권 변경상장)(-30),2026-05-15: 분기보고서 (2026.03) | 2026-05-07: 임원ㆍ주요주주특정증권등소유상황보고서 | 2026-05-07: 임원ㆍ주요주주특정증권등소유상황보고서 | 2026-04-28: 주권매매거래정지해제              (액면분할 주권 변경상장),4
한주라이트메탈,198940,-30,🚨 YES,주권매매거래정지해제              (액면병합 주권 변경상장),,주권매매거래정지해제              (액면병합 주권 변경상장)(-30),2026-05-20: 단기차입금증가결정               | 2026-05-20: 주권매매거래정지해제              (액면병합 주권 변경상장) | 2026-05-15: 분기보고서 (2026.03) | 2026-05-06: 주식등의대량보유상황보고서(일반) | 2026-05-06: 임원ㆍ주요주주특정증권등소유상황보고서,10
엑시큐어하이트론,019490,-30,🚨 YES,[기재정정]주요사항보고서(유상증자결정) | [기재정정]주요사항보고서(유상증자결정),,[기재정정]주요사항보고서(유상증자결정)(-15) | [기재정정]주요사항보고서(유상증자결정)(-15),2026-05-21: 대표이사(대표집행임원)변경(안내공시)               | 2026-05-21: 임시주주총회결과               | 2026-05-15: 분기보고서 (2026.03) | 2026-05-06: 의결권대리행사권유참고서류 | 2026-05-06: 주주총회소집공고,8
상아프론테크,089980,-30,🚨 YES,[기재정정]주요사항보고서(전환사채권발행결정) | 주요사항보고서(전환사채권발행결정),,[기재정정]주요사항보고서(전환사채권발행결정)(-15) | 주요사항보고서(전환사채권발행결정)(-15),2026-05-15: 분기보고서 (2026.03) | 2026-05-14: 주식등의대량보유상황보고서(약식) | 2026-05-11: 전환사채(해외전환사채포함)발행후만기전사채취득               | 2026-05-07: 증권발행결과(자율공시)               | 2026-04-29: [기재정정]주요사항보고서(전환사채권발행결정),6
에스코넥,096630,-30,🚨 YES,주권매매거래정지해제              (액면병합 주권 변경상장),,주권매매거래정지해제              (액면병합 주권 변경상장)(-30),2026-05-15: 분기보고서 (2026.03) | 2026-05-13: 임원ㆍ주요주주특정증권등소유상황보고서 | 2026-05-11: 임원ㆍ주요주주특정증권등소유상황보고서 | 2026-05-04: 주권매매거래정지해제              (액면병합 주권 변경상장) | 2026-04-30: 소속부변경              ,5
에프엔씨엔터,173940,-30,🚨 YES,[기재정정]주요사항보고서(전환사채권발행결정) | [기재정정]주요사항보고서(전환사채권발행결정),,[기재정정]주요사항보고서(전환사채권발행결정)(-15) | [기재정정]주요사항보고서(전환사채권발행결정)(-15),2026-05-22: 주식등의대량보유상황보고서(약식) | 2026-05-19: 증권발행결과(자율공시)               | 2026-05-14: 분기보고서 (2026.03) | 2026-05-11: 주식등의대량보유상황보고서(일반) | 2026-05-11: [기재정정]주요사항보고서(전환사채권발행결정),6
알파AI,043100,-30,🚨 YES,[기재정정]주요사항보고서(전환사채권발행결정) | [기재정정]주요사항보고서(전환사채권발행결정),,[기재정정]주요사항보고서(전환사채권발행결정)(-15) | [기재정정]주요사항보고서(전환사채권발행결정)(-15),2026-05-15: 분기보고서 (2026.03) | 2026-05-13: 주주명부폐쇄기간또는기준일설정               | 2026-05-13: 주주총회소집결의              (임시주주총회) | 2026-04-27: [기재정정]타법인주식및출자증권취득결정               | 2026-04-28: [기재정정]주요사항보고서(전환사채권발행결정),6
위지트,036090,-30,🚨 YES,주권매매거래정지해제              (감자 주권 변경상장),,주권매매거래정지해제              (감자 주권 변경상장)(-30),2026-05-18: 주권매매거래정지해제              (감자 주권 변경상장) | 2026-05-15: 분기보고서 (2026.03) | 2026-05-08: 임원ㆍ주요주주특정증권등소유상황보고서 | 2026-05-06: 감자완료               | 2026-05-04: 전환가액의조정              ,6
KB제27호스팩,464680,-30,🚨 YES,주권매매거래정지              (상장폐지 사유발생),,주권매매거래정지              (상장폐지 사유발생)(-30),2026-05-27: 기타경영사항(자율공시)              (청산관련 주요사항 안내) | 2026-05-26: 주권매매거래정지              (상장폐지 사유발생) | 2026-05-19: 기타시장안내              (주권 상장폐지 우려 예고) | 2026-05-11: 분기보고서 (2026.03),4
골드앤에스,035290,-30,🚨 YES,"주권매매거래정지              (주식의 병합, 분할 등 전자등록 변경, 말소)",,"주권매매거래정지              (주식의 병합, 분할 등 전자등록 변경, 말소)(-30)","2026-05-15: 분기보고서 (2026.03) | 2026-05-08: 주권매매거래정지              (주식의 병합, 분할 등 전자등록 변경, 말소) | 2026-05-06: [기재정정]주식병합결정               | 2026-04-30: 임시주주총회결과              ",4
재영솔루텍,049630,-30,🚨 YES,주권매매거래정지해제              (액면병합 주권 변경상장),,주권매매거래정지해제              (액면병합 주권 변경상장)(-30),2026-05-11: 분기보고서 (2026.03) | 2026-05-08: 금전대여결정(자율공시)              (대여기간 연장) | 2026-04-30: 소속부변경               | 2026-04-29: 주권매매거래정지해제              (액면병합 주권 변경상장),4
솔트웨어,328380,-30,🚨 YES,주권매매거래정지해제              (액면병합 주권 변경상장),,주권매매거래정지해제              (액면병합 주권 변경상장)(-30),2026-05-14: 분기보고서 (2026.03) | 2026-05-11: 주권매매거래정지해제              (액면병합 주권 변경상장),2
이화공영,001840,-30,🚨 YES,주권매매거래정지기간변경              (상장폐지 사유 발생),,주권매매거래정지기간변경              (상장폐지 사유 발생)(-30),2026-05-21: 주권매매거래정지기간변경              (상장폐지 사유 발생) | 2026-05-21: 기타시장안내              (기업심사위원회 개최 결과 안내) | 2026-05-15: 분기보고서 (2026.03),3
씨엑스아이,900120,-30,🚨 YES,"주권매매거래정지              (주식의 병합, 분할 등 전자등록 변경, 말소)",,"주권매매거래정지              (주식의 병합, 분할 등 전자등록 변경, 말소)(-30)","2026-05-21: [기재정정]주식매수선택권부여에관한신고 | 2026-05-21: [기재정정]주식매수선택권부여에관한신고 | 2026-05-07: 주권매매거래정지              (주식의 병합, 분할 등 전자등록 변경, 말소)",3
뉴온,123840,-30,🚨 YES,주권매매거래정지해제              (감자 주권 변경상장),,주권매매거래정지해제              (감자 주권 변경상장)(-30),2026-05-15: 분기보고서 (2026.03) | 2026-05-08: 임원ㆍ주요주주특정증권등소유상황보고서 | 2026-05-08: 주식등의대량보유상황보고서(일반) | 2026-05-04: 주권매매거래정지해제              (감자 주권 변경상장),4
밸로프,331520,-30,🚨 YES,주권매매거래정지해제              (액면병합 주권 변경상장),,주권매매거래정지해제              (액면병합 주권 변경상장)(-30),2026-05-26: 주식등의대량보유상황보고서(약식) | 2026-05-13: 분기보고서 (2026.03) | 2026-05-11: 임원ㆍ주요주주특정증권등소유상황보고서 | 2026-05-06: 주요사항보고서(자기주식취득신탁계약체결결정) | 2026-04-29: 주권매매거래정지해제              (액면병합 주권 변경상장),5
타이드,346010,-30,🚨 YES,주권매매거래정지기간변경              (개선기간 부여),,주권매매거래정지기간변경              (개선기간 부여)(-30),2026-04-27: 주권매매거래정지기간변경              (개선기간 부여) | 2026-04-27: 기타시장안내              (상장폐지 관련 이의신청서 접수 및 개선기간 부여),2
에쎈테크,043340,-30,🚨 YES,주권매매거래정지해제              (액면병합 주권 변경상장),,주권매매거래정지해제              (액면병합 주권 변경상장)(-30),2026-05-19: 단기차입금증가결정               | 2026-05-18: 주권매매거래정지해제              (액면병합 주권 변경상장) | 2026-05-15: 분기보고서 (2026.03),3
TCC스틸,002710,-30,🚨 YES,[첨부정정]주요사항보고서(전환사채권발행결정) | 주요사항보고서(전환사채권발행결정),,[첨부정정]주요사항보고서(전환사채권발행결정)(-15) | 주요사항보고서(전환사채권발행결정)(-15),2026-05-20: 유상증자또는주식관련사채등의발행결과(자율공시)               | 2026-05-15: 분기보고서 (2026.03) | 2026-05-14: [첨부정정]주요사항보고서(전환사채권발행결정) | 2026-05-12: 주요사항보고서(전환사채권발행결정),4
한국제13호스팩,464440,-30,🚨 YES,기타시장안내(관리종목지정우려종목)              ,,기타시장안내(관리종목지정우려종목)              (-30),2026-05-18: 주식등의대량보유상황보고서(약식) | 2026-05-15: 분기보고서 (2026.03) | 2026-05-12: 주식등의대량보유상황보고서(약식) | 2026-04-28: 기타시장안내(관리종목지정우려종목)              ,4
창대정밀,368030,-30,🚨 YES,주권매매거래정지해제              (상장폐지에 따른 정리매매 개시),,주권매매거래정지해제              (상장폐지에 따른 정리매매 개시)(-30),2026-05-06: [기재정정]사채원리금미지급발생               | 2026-04-30: [기재정정]사업보고서 (2025.12) | 2026-04-30: [기재정정]감사보고서제출               | 2026-04-29: 주권매매거래정지해제              (상장폐지에 따른 정리매매 개시) | 2026-04-29: 기타시장안내              (상장폐지 절차 진행 안내),7
셀피글로벌,068940,-30,🚨 YES,[기재정정]주요사항보고서(유상증자결정) | 주요사항보고서(전환사채권발행결정),,[기재정정]주요사항보고서(유상증자결정)(-15) | 주요사항보고서(전환사채권발행결정)(-15),2026-05-26: 소송등의제기ㆍ신청(경영권분쟁소송)              (직무집행정지 등 가처분) | 2026-05-15: 분기보고서 (2026.03) | 2026-05-08: [기재정정]주요사항보고서(유상증자결정) | 2026-05-06: 주요사항보고서(소송등의제기) | 2026-04-30: 주요사항보고서(전환사채권발행결정),5
테크트랜스,258050,-30,🚨 YES,주권매매거래정지기간변경              (개선기간 부여),,주권매매거래정지기간변경              (개선기간 부여)(-30),2026-05-06: 주권매매거래정지기간변경              (개선기간 부여) | 2026-05-06: 기타시장안내              (상장폐지 관련 이의신청서 접수 및 개선기간 부여),2
페니트리움바이오,187660,-30,🚨 YES,[기재정정]주요사항보고서(유상증자결정) | 주요사항보고서(유상증자결정),,[기재정정]주요사항보고서(유상증자결정)(-15) | 주요사항보고서(유상증자결정)(-15),2026-05-27: [기재정정]증권신고서(지분증권) | 2026-05-27: [기재정정]주요사항보고서(유상증자결정) | 2026-05-18: 정정신고서제출요구( 2026.04.30. 제출 증권신고서(지분증권) ) | 2026-05-15: 분기보고서 (2026.03) | 2026-05-13: 투자판단관련주요경영사항(임상시험계획변경승인신청)              ((불응성/재발성 고형암 대상 펨브롤리주맙과 PenetriumTM 병용요법 1상 임상시험계획 변경승인 신청)),7
하이로닉,149980,-30,🚨 YES,주권매매거래정지해제              (상장적격성 실질심사 대상 제외 결정),,주권매매거래정지해제              (상장적격성 실질심사 대상 제외 결정)(-30),2026-05-06: 주식매수선택권부여에관한신고 | 2026-05-06: 주주총회소집공고 | 2026-05-06: 주주명부폐쇄기간또는기준일설정               | 2026-05-06: 주주총회소집결의              (임시주주총회) | 2026-05-06: 분기보고서 (2026.03),7
팬스타엔터프라이즈,054300,-30,🚨 YES,주권매매거래정지해제              (액면병합 주권 변경상장),,주권매매거래정지해제              (액면병합 주권 변경상장)(-30),2026-05-15: 분기보고서 (2026.03) | 2026-05-04: 임원ㆍ주요주주특정증권등소유상황보고서 | 2026-05-04: 임원ㆍ주요주주특정증권등소유상황보고서 | 2026-05-04: 임원ㆍ주요주주특정증권등소유상황보고서 | 2026-05-04: 주식등의대량보유상황보고서(일반),6
금호전기,001210,-30,🚨 YES,[기재정정]주요사항보고서(전환사채권발행결정) | [기재정정]주요사항보고서(유상증자결정),,[기재정정]주요사항보고서(전환사채권발행결정)(-15) | [기재정정]주요사항보고서(유상증자결정)(-15),2026-05-22: [기재정정]주요사항보고서(전환사채권발행결정) | 2026-05-22: [기재정정]주요사항보고서(유상증자결정) | 2026-05-22: 주주명부폐쇄기간또는기준일설정               | 2026-05-22: 주주총회소집결의               | 2026-05-22: 주식병합결정              ,10
지아이에스,306620,-30,🚨 YES,[첨부정정]주요사항보고서(전환사채권발행결정) | 주요사항보고서(전환사채권발행결정),,[첨부정정]주요사항보고서(전환사채권발행결정)(-15) | 주요사항보고서(전환사채권발행결정)(-15),2026-05-26: 교환청구권행사              (제1회차) | 2026-05-26: 주요사항보고서(자기주식취득신탁계약해지결정) | 2026-05-22: [첨부정정]주요사항보고서(전환사채권발행결정) | 2026-05-15: 증권발행결과(자율공시)              (제9회차 CB) | 2026-05-14: [기재정정]분기보고서 (2026.03),8
대양금속,009190,-30,🚨 YES,[기재정정]주요사항보고서(유상증자결정) | 주요사항보고서(유상증자결정),,[기재정정]주요사항보고서(유상증자결정)(-15) | 주요사항보고서(유상증자결정)(-15),2026-05-18: [기재정정]주식매수선택권부여에관한신고 | 2026-05-18: 전환가액ㆍ신주인수권행사가액ㆍ교환가액의조정(안내공시)               | 2026-05-18: 전환가액ㆍ신주인수권행사가액ㆍ교환가액의조정(안내공시)               | 2026-05-15: 소액공모실적보고서 | 2026-05-15: 유상증자또는주식관련사채등의발행결과(자율공시)              ,15
디에스엠,104040,-30,🚨 YES,주권매매거래정지해제              (액면병합 주권 변경상장),,주권매매거래정지해제              (액면병합 주권 변경상장)(-30),2026-05-15: 주권매매거래정지해제              (액면병합 주권 변경상장) | 2026-05-14: 분기보고서 (2026.03) | 2026-05-13: 기업설명회(IR)개최              ,3
애드바이오텍,179530,-30,🚨 YES,[기재정정]주요사항보고서(유상증자결정) | [기재정정]주요사항보고서(유상증자결정),,[기재정정]주요사항보고서(유상증자결정)(-15) | [기재정정]주요사항보고서(유상증자결정)(-15),2026-05-27: [기재정정]주요사항보고서(유상증자결정) | 2026-05-22: 주식등의대량보유상황보고서(약식) | 2026-05-21: 의결권대리행사권유참고서류 | 2026-05-21: 주주총회소집공고 | 2026-05-21: [기재정정]주주총회소집결의              (임시주주총회),10
대산F&B,065150,-30,🚨 YES,주권매매거래정지기간변경              (액면병합 주권 변경상장),,주권매매거래정지기간변경              (액면병합 주권 변경상장)(-30),2026-05-26: 주권매매거래정지기간변경              (액면병합 주권 변경상장) | 2026-05-15: 분기보고서 (2026.03) | 2026-05-08: 임원ㆍ주요주주특정증권등소유상황보고서 | 2026-04-30: 합병등종료보고서(자산양수도),4
서희건설,035890,-30,🚨 YES,주권매매거래정지해제              (상장유지 결정),,주권매매거래정지해제              (상장유지 결정)(-30),2026-05-21: 타인에대한채무보증결정               | 2026-05-15: 분기보고서 (2026.03) | 2026-04-30: 소속부변경               | 2026-04-30: 주권매매거래정지해제              (상장유지 결정) | 2026-04-30: 기타시장안내              (기업심사위원회 심의·의결 결과 및 상장유지 결정 안내),5
포인트엔지니어링,256630,-30,🚨 YES,주권매매거래정지해제              (액면병합 주권 변경상장),,주권매매거래정지해제              (액면병합 주권 변경상장)(-30),2026-05-26: 주식등의대량보유상황보고서(일반) | 2026-05-26: 임원ㆍ주요주주특정증권등소유상황보고서 | 2026-05-15: 주권매매거래정지해제              (액면병합 주권 변경상장) | 2026-05-14: 분기보고서 (2026.03) | 2026-04-29: 임원ㆍ주요주주특정증권등소유상황보고서,10
RF머트리얼즈,327260,-27,🚨 YES,[기재정정]주요사항보고서(유상증자결정) | [기재정정]주요사항보고서(유상증자결정),연결재무제표기준영업(잠정)실적(공정공시)              (+3),[기재정정]주요사항보고서(유상증자결정)(-15) | [기재정정]주요사항보고서(유상증자결정)(-15),2026-05-27: [기재정정]투자설명서 | 2026-05-27: [기재정정]증권신고서(지분증권) | 2026-05-19: [기재정정]투자설명서 | 2026-05-19: [기재정정]증권신고서(지분증권) | 2026-05-15: 분기보고서 (2026.03),13
디비금융스팩12호,477760,-27,🚨 YES,주권매매거래정지해제              (합병결정 철회),[기재정정]주요사항보고서(회사합병결정)(+3),주권매매거래정지해제              (합병결정 철회)(-30),2026-05-26: 주권매매거래정지해제              (합병결정 철회) | 2026-05-26: 기업인수목적회사관련합병취소ㆍ부인사실발생               | 2026-05-26: [기재정정]주요사항보고서(회사합병결정) | 2026-05-15: 분기보고서 (2026.03),4
솔루스첨단소재,336370,-27,🚨 YES,유상증자결정(종속회사의주요경영사항)               | 유상증자결정(종속회사의주요경영사항)              ,연결재무제표기준영업(잠정)실적(공정공시)              (+3),유상증자결정(종속회사의주요경영사항)              (-15) | 유상증자결정(종속회사의주요경영사항)              (-15),2026-05-21: [기재정정]타법인주식및출자증권취득결정               | 2026-05-14: 분기보고서 (2026.03) | 2026-04-29: 타인에대한채무보증결정               | 2026-04-29: 유상증자결정(종속회사의주요경영사항)               | 2026-04-29: 타법인주식및출자증권취득결정(자율공시)(종속회사의주요경영사항)              ,12
케이바이오랩스,038530,-27,🚨 YES,주권매매거래정지해제              (액면병합 주권 변경상장),유형자산취득결정(종속회사의주요경영사항)              (+3),주권매매거래정지해제              (액면병합 주권 변경상장)(-30),2026-05-15: [기재정정]분기보고서 (2026.03) | 2026-05-15: 분기보고서 (2026.03) | 2026-05-11: 주권매매거래정지해제              (액면병합 주권 변경상장) | 2026-05-06: 유형자산취득결정(종속회사의주요경영사항)              ,4
엘컴텍,037950,-27,🚨 YES,주권매매거래정지해제              (감자 주권 변경상장),연결재무제표기준영업(잠정)실적(공정공시)              (+3),주권매매거래정지해제              (감자 주권 변경상장)(-30),2026-05-21: 임원ㆍ주요주주특정증권등거래계획보고서 | 2026-05-21: 임원ㆍ주요주주특정증권등소유상황보고서 | 2026-05-15: 분기보고서 (2026.03) | 2026-05-08: 임원ㆍ주요주주특정증권등소유상황보고서 | 2026-05-08: 임원ㆍ주요주주특정증권등소유상황보고서,8
더블유씨피,393890,-27,🚨 YES,[기재정정]주요사항보고서(전환사채권발행결정) | [기재정정]주요사항보고서(전환사채권발행결정),연결재무제표기준영업(잠정)실적(공정공시)              (+3),[기재정정]주요사항보고서(전환사채권발행결정)(-15) | [기재정정]주요사항보고서(전환사채권발행결정)(-15),2026-05-15: 분기보고서 (2026.03) | 2026-05-11: [기재정정]주요사항보고서(전환사채권발행결정) | 2026-05-11: 주식등의대량보유상황보고서(일반) | 2026-05-11: 연결재무제표기준영업(잠정)실적(공정공시)               | 2026-05-06: 증권발행결과(자율공시)              (제6회차 CB),8
유티아이,179900,-27,🚨 YES,[기재정정]주요사항보고서(전환사채권발행결정) | 주요사항보고서(전환사채권발행결정),[기재정정]유형자산취득결정(종속회사의주요경영사항)              (+3),[기재정정]주요사항보고서(전환사채권발행결정)(-15) | 주요사항보고서(전환사채권발행결정)(-15),2026-05-26: [기재정정]주요사항보고서(전환사채권발행결정) | 2026-05-22: 전환사채(해외전환사채포함)발행후만기전사채취득              (제1회차) | 2026-05-21: 주요사항보고서(전환사채권발행결정) | 2026-05-20: 사외이사의선임ㆍ해임또는중도퇴임에관한신고 | 2026-05-15: 분기보고서 (2026.03),7
세기상사,002420,-27,🚨 YES,매매거래정지및정지해제(중요내용공시)              ,주요사항보고서(회사합병결정)(+3),매매거래정지및정지해제(중요내용공시)              (-30),2026-05-21: 주주명부폐쇄기간또는기준일설정               | 2026-05-21: 주주총회소집결의               | 2026-05-21: 주요사항보고서(회사합병결정) | 2026-05-21: 매매거래정지및정지해제(중요내용공시)               | 2026-05-15: 분기보고서 (2026.03),6
한솔테크닉스,004710,-27,🚨 YES,[기재정정]주요사항보고서(유상증자결정) | [기재정정]주요사항보고서(유상증자결정),연결재무제표기준영업(잠정)실적(공정공시)              (+3),[기재정정]주요사항보고서(유상증자결정)(-15) | [기재정정]주요사항보고서(유상증자결정)(-15),2026-05-27: 대규모기업집단현황공시[연1회공시및1/4분기용(개별회사)] | 2026-05-21: 주식등의대량보유상황보고서(약식) | 2026-05-21: [기재정정]증권신고서(지분증권) | 2026-05-21: 주식등의대량보유상황보고서(일반) | 2026-05-21: 임원ㆍ주요주주특정증권등소유상황보고서,13
코미코,183300,-27,🚨 YES,주권매매거래정지              (무상증자),주식분할결정              (+3),주권매매거래정지              (무상증자)(-30),2026-05-22: 권리락              (무상증자) | 2026-05-22: [기재정정]주요사항보고서(무상증자결정) | 2026-05-18: [기재정정]타인에대한채무보증결정               | 2026-05-18: [기재정정]타인에대한채무보증결정               | 2026-05-15: 분기보고서 (2026.03),14
지구홀딩스,221800,-27,🚨 YES,[기재정정]주요사항보고서(유상증자결정) | 주요사항보고서(유상증자결정),연결재무제표기준영업(잠정)실적(공정공시)              (+3),[기재정정]주요사항보고서(유상증자결정)(-15) | 주요사항보고서(유상증자결정)(-15),2026-05-26: 주주총회소집공고 | 2026-05-26: [기재정정]주주총회소집결의               | 2026-05-22: [기재정정]주요사항보고서(유상증자결정) | 2026-05-22: 타법인주식및출자증권취득결정               | 2026-05-15: 주식등의대량보유상황보고서(일반),14
JW중외제약,001060,-27,🚨 YES,매매거래정지및정지해제(중요내용공시)              ,영업(잠정)실적(공정공시)              (+3),매매거래정지및정지해제(중요내용공시)              (-30),2026-05-15: 분기보고서 (2026.03) | 2026-05-12: 영업(잠정)실적(공정공시)               | 2026-04-30: 주요사항보고서(영업정지) | 2026-04-30: 매매거래정지및정지해제(중요내용공시)              ,4
엔에이치스팩29호,451700,-27,🚨 YES,주권매매거래정지              (SPAC 소멸합병),[기재정정]주요사항보고서(회사합병결정)(+3),주권매매거래정지              (SPAC 소멸합병)(-30),2026-05-13: 분기보고서 (2026.03) | 2026-05-13: 주권매매거래정지              (SPAC 소멸합병) | 2026-05-12: [기재정정]주요사항보고서(회사합병결정),3
코스리거글로벌,043710,-27,🚨 YES,주권매매거래정지해제              (액면병합 주권 변경상장),연결재무제표기준영업(잠정)실적(공정공시)              (+3),주권매매거래정지해제              (액면병합 주권 변경상장)(-30),2026-05-15: 분기보고서 (2026.03) | 2026-05-06: 주권매매거래정지해제              (액면병합 주권 변경상장) | 2026-05-04: 연결재무제표기준영업(잠정)실적(공정공시)              ,3
케스피온,079190,-27,🚨 YES,주권매매거래정지해제              (액면병합 주권 변경상장),[첨부정정]주요사항보고서(회사합병결정)(+3),주권매매거래정지해제              (액면병합 주권 변경상장)(-30),2026-05-15: 분기보고서 (2026.03) | 2026-04-30: [첨부정정]주요사항보고서(회사합병결정) | 2026-04-30: 주권매매거래정지해제              (액면병합 주권 변경상장) | 2026-04-30: 주주명부폐쇄기간또는기준일설정               | 2026-04-30: 주주총회소집결의              ,5
자연과환경,043910,-25,🚨 YES,주권매매거래정지해제              (액면병합 주권 변경상장),단일판매ㆍ공급계약체결              (+5),주권매매거래정지해제              (액면병합 주권 변경상장)(-30),2026-05-27: 임원ㆍ주요주주특정증권등소유상황보고서 | 2026-05-27: 임원ㆍ주요주주특정증권등소유상황보고서 | 2026-05-22: 투자판단관련주요경영사항              (석문국가산단 B-6 민간참여 공모사업 중 PC공사 낙찰) | 2026-05-19: 주권매매거래정지해제              (액면병합 주권 변경상장) | 2026-05-18: 영업실적등에대한전망(공정공시)              ,10
유디엠텍,389680,-25,🚨 YES,주권매매거래정지해제              (액면병합 주권 변경상장),[기재정정]단일판매ㆍ공급계약체결              (+5),주권매매거래정지해제              (액면병합 주권 변경상장)(-30),2026-05-15: 분기보고서 (2026.03) | 2026-05-11: 주권매매거래정지해제              (액면병합 주권 변경상장) | 2026-04-30: 임원ㆍ주요주주특정증권등소유상황보고서 | 2026-04-30: 임원ㆍ주요주주특정증권등소유상황보고서 | 2026-04-30: [기재정정]단일판매ㆍ공급계약체결              ,5
아이티센엔텍,010280,-25,🚨 YES,주권매매거래정지해제              (액면병합 주권 변경상장),단일판매ㆍ공급계약체결(자율공시)              (+5),주권매매거래정지해제              (액면병합 주권 변경상장)(-30),2026-05-27: 단일판매ㆍ공급계약체결(자율공시)               | 2026-05-14: 분기보고서 (2026.03) | 2026-04-30: 소속부변경               | 2026-04-29: 주권매매거래정지해제              (액면병합 주권 변경상장),4
나우코스,257990,-25,🚨 YES,"주권매매거래정지              (주식의 병합, 분할 등 전자등록 변경, 말소)",주식소각결정              (+5),"주권매매거래정지              (주식의 병합, 분할 등 전자등록 변경, 말소)(-30)","2026-05-22: 임원ㆍ주요주주특정증권등소유상황보고서 | 2026-05-22: 주식등의대량보유상황보고서(일반) | 2026-05-18: 합병등종료보고서(주식의포괄적교환ㆍ이전) | 2026-05-11: [기재정정]주요사항보고서(주식교환ㆍ이전결정) | 2026-05-11: 주권매매거래정지              (주식의 병합, 분할 등 전자등록 변경, 말소)",6
차백신연구소,261780,-25,🚨 YES,주요사항보고서(전환사채권발행결정),,주요사항보고서(전환사채권발행결정)(-15) | 최대주주변경을수반하는주식담보제공계약체결              (-5) | 최대주주변경              (-5),2026-05-15: 분기보고서 (2026.03) | 2026-05-15: 투자판단관련주요경영사항              (경영지배인 선임의 건) | 2026-05-15: 주요사항보고서(전환사채권발행결정) | 2026-05-11: 주식등의대량보유상황보고서(일반) | 2026-05-11: 주식등의대량보유상황보고서(약식),15
네오티스,085910,-25,🚨 YES,[기재정정]주요사항보고서(유상증자결정) | 주요사항보고서(유상증자결정),[첨부추가]주식소각결정              (+5),[기재정정]주요사항보고서(유상증자결정)(-15) | 주요사항보고서(유상증자결정)(-15),2026-05-12: [첨부추가]주식소각결정               | 2026-05-21: 임원ㆍ주요주주특정증권등소유상황보고서 | 2026-05-15: 분기보고서 (2026.03) | 2026-05-14: 주식등의대량보유상황보고서(약식) | 2026-05-13: [기재정정]주요사항보고서(유상증자결정),7
CNT85,056730,-25,🚨 YES,주권매매거래정지해제              (액면병합 주권 변경상장),[기재정정]단일판매ㆍ공급계약체결              (+5),주권매매거래정지해제              (액면병합 주권 변경상장)(-30),2026-05-15: 분기보고서 (2026.03) | 2026-05-15: 주권매매거래정지해제              (액면병합 주권 변경상장) | 2026-05-12: 주주명부폐쇄기간또는기준일설정               | 2026-05-12: 주주총회소집결의              (임시주주총회) | 2026-05-08: 임원ㆍ주요주주특정증권등소유상황보고서,9
파크시스템스,140860,-25,🚨 YES,주요사항보고서(신주인수권부사채권발행결정),,주요사항보고서(신주인수권부사채권발행결정)(-15) | 주요사항보고서(자기주식처분결정)(-10),2026-05-21: 주요사항보고서(신주인수권부사채권발행결정) | 2026-05-21: 주요사항보고서(자본으로인정되는채무증권발행결정) | 2026-05-19: 기업설명회(IR)개최               | 2026-05-15: 기업가치제고계획(자율공시)               | 2026-05-15: 기업설명회(IR)개최              ,10
애경케미칼,161000,-25,🚨 YES,유상증자결정(종속회사의주요경영사항)              ,,주요사항보고서(자기주식처분결정)(-10) | 유상증자결정(종속회사의주요경영사항)              (-15),2026-05-27: 기업지배구조보고서공시               | 2026-05-15: 분기보고서 (2026.03) | 2026-05-06: 주요사항보고서(자기주식처분결정) | 2026-04-30: [기재정정]신규시설투자등               | 2026-04-28: 주식등의대량보유상황보고서(일반),7
오가닉티코스메틱,900300,-25,🚨 YES,"주권매매거래정지              (주식의 병합, 분할 등 전자등록 변경, 말소)",단일판매ㆍ공급계약체결(자회사의 주요경영사항)              (+5),"주권매매거래정지              (주식의 병합, 분할 등 전자등록 변경, 말소)(-30)","2026-05-20: 주권매매거래정지              (주식의 병합, 분할 등 전자등록 변경, 말소) | 2026-05-06: 단일판매ㆍ공급계약체결(자회사의 주요경영사항)               | 2026-04-30: 사업보고서 (2025.12) | 2026-04-30: 정기주주총회결과              ",4
대명에너지,389260,-25,🚨 YES,주권매매거래정지              (단일판매공급계약),단일판매ㆍ공급계약체결              (+5),주권매매거래정지              (단일판매공급계약)(-30),2026-05-14: 분기보고서 (2026.03) | 2026-04-27: 단일판매ㆍ공급계약체결               | 2026-04-27: 주권매매거래정지              (단일판매공급계약),3
넥사다이내믹스,351320,-25,🚨 YES,[기재정정]주요사항보고서(전환사채권발행결정) | [기재정정]주요사항보고서(전환사채권발행결정),단일판매ㆍ공급계약체결              (+5),[기재정정]주요사항보고서(전환사채권발행결정)(-15) | [기재정정]주요사항보고서(전환사채권발행결정)(-15),2026-05-18: 단일판매ㆍ공급계약체결               | 2026-05-15: 분기보고서 (2026.03) | 2026-05-15: 주식등의대량보유상황보고서(약식) | 2026-05-08: 증권발행결과(자율공시)               | 2026-05-04: 시설외투자등              ,11
시큐레터,418250,-25,🚨 YES,주요사항보고서(전환사채권발행결정) | [기재정정]주요사항보고서(유상증자결정),[기재정정]단일판매ㆍ공급계약체결              (+5),주요사항보고서(전환사채권발행결정)(-15) | [기재정정]주요사항보고서(유상증자결정)(-15),2026-05-26: 기타시장안내              (개선계획 이행내역서 제출) | 2026-05-14: 분기보고서 (2026.03) | 2026-05-11: 주식등의대량보유상황보고서(약식) | 2026-05-11: 단기차입금감소결정(자율공시)               | 2026-05-08: 증권발행결과(자율공시)              (제1회차 CB),10
스코넥,276040,-25,🚨 YES,주권매매거래정지기간변경              (파산신청),[기재정정]단일판매ㆍ공급계약체결              (+5),주권매매거래정지기간변경              (파산신청)(-30),2026-05-27: 사외이사의선임ㆍ해임또는중도퇴임에관한신고 | 2026-05-18: 분기보고서 (2026.03) | 2026-05-11: 주권매매거래정지기간변경              (파산신청) | 2026-05-11: 파산신청               | 2026-04-30: [기재정정]단일판매ㆍ공급계약체결              ,5
한솔홀딩스,004150,-25,🚨 YES,[기재정정]주요사항보고서(유상증자결정)(자회사의 주요경영사항)               | [기재정정]주요사항보고서(유상증자결정)(자회사의 주요경영사항)              ,주요사항보고서(자기주식취득결정)(+5),[기재정정]주요사항보고서(유상증자결정)(자회사의 주요경영사항)              (-15) | [기재정정]주요사항보고서(유상증자결정)(자회사의 주요경영사항)              (-15),2026-05-27: 대규모기업집단현황공시[연1회공시및1/4분기용(대표회사)] | 2026-05-27: 대규모기업집단현황공시[연1회(동일인용)] | 2026-05-20: [기재정정]주요사항보고서(유상증자결정)(자회사의 주요경영사항)               | 2026-05-20: [기재정정]주요사항보고서(유상증자결정)(자회사의 주요경영사항)               | 2026-05-15: 최대주주등소유주식변동신고서              ,9
제이에스링크,127120,-25,🚨 YES,주요사항보고서(전환사채권발행결정) | 주요사항보고서(전환사채권발행결정),단일판매ㆍ공급계약체결              (+5),주요사항보고서(전환사채권발행결정)(-15) | 주요사항보고서(전환사채권발행결정)(-15),2026-05-15: 분기보고서 (2026.03) | 2026-05-13: 단일판매ㆍ공급계약체결               | 2026-05-13: 주요사항보고서(전환사채권발행결정) | 2026-05-13: 주요사항보고서(전환사채권발행결정) | 2026-05-07: [기재정정]타법인주식및출자증권취득결정              ,5
인화정공,101930,-25,🚨 YES,주권매매거래정지해제              (액면분할 주권 변경상장),주식소각결정              (+5),주권매매거래정지해제              (액면분할 주권 변경상장)(-30),2026-05-27: 임원ㆍ주요주주특정증권등소유상황보고서 | 2026-05-22: 주식소각결정               | 2026-05-22: 신탁계약해지결과보고서 | 2026-05-22: 주요사항보고서(자기주식취득신탁계약해지결정) | 2026-05-15: 분기보고서 (2026.03),6
방림,003610,-25,🚨 YES,매매거래정지및정지해제(중요내용공시)              ,주식소각결정              (+5),매매거래정지및정지해제(중요내용공시)              (-30),2026-05-15: 반기보고서 (2026.03) | 2026-05-06: 주식소각결정               | 2026-05-06: 매매거래정지및정지해제(중요내용공시)               | 2026-05-06: 수시공시의무관련사항(공정공시)              ,4
센서뷰,321370,-25,🚨 YES,주권매매거래정지해제              (감자 주권 변경상장),단일판매ㆍ공급계약체결              (+5),주권매매거래정지해제              (감자 주권 변경상장)(-30),2026-05-26: 단일판매ㆍ공급계약체결               | 2026-05-18: [기재정정]증권신고서(지분증권) | 2026-05-18: 기업설명회(IR)개최               | 2026-05-14: 분기보고서 (2026.03) | 2026-05-07: 정정신고서제출요구( 2026.04.22. 제출 증권신고서(지분증권) ),7
AK홀딩스,006840,-25,🚨 YES,유상증자결정(종속회사의주요경영사항)              ,,주요사항보고서(자기주식처분결정)(자회사의 주요경영사항)              (-10) | 유상증자결정(종속회사의주요경영사항)              (-15),2026-05-15: 분기보고서 (2026.03) | 2026-05-13: 유형자산처분결정(자회사의 주요경영사항)               | 2026-05-06: 주요사항보고서(자기주식처분결정)(자회사의 주요경영사항)               | 2026-04-30: [기재정정]신규시설투자등(자회사의 주요경영사항)               | 2026-04-27: 타법인주식및출자증권취득결정(자회사의 주요경영사항)              ,6
아시아나항공,020560,-24,🚨 YES,매매거래정지및정지해제(중요내용공시)              ,[첨부정정]주요사항보고서(회사합병결정)(+3) | 주요사항보고서(회사합병결정)(+3),매매거래정지및정지해제(중요내용공시)              (-30),2026-05-14: 분기보고서 (2026.03) | 2026-05-14: [첨부정정]주요사항보고서(회사합병결정) | 2026-05-13: 주주명부폐쇄기간또는기준일설정               | 2026-05-13: 주주총회소집결의               | 2026-05-13: 주요사항보고서(회사합병결정),7
미래에셋비전스팩7호,482680,-24,🚨 YES,주권매매거래정지              (SPAC 합병(예비심사청구대상)),[첨부정정]주요사항보고서(회사합병결정)(+3) | 주요사항보고서(회사합병결정)(+3),주권매매거래정지              (SPAC 합병(예비심사청구대상))(-30),2026-05-14: 분기보고서 (2026.03) | 2026-05-13: [첨부정정]주요사항보고서(회사합병결정) | 2026-05-12: 주권매매거래정지              (SPAC 합병(예비심사청구대상)) | 2026-05-12: 주요사항보고서(회사합병결정),4
엑스페릭스,317770,-21,🚨 YES,주요사항보고서(전환사채권발행결정) | 주요사항보고서(전환사채권발행결정),[첨부추가]주요사항보고서(회사합병결정)(+3) | [기재정정]주요사항보고서(회사합병결정)(+3) | [첨부정정]주요사항보고서(회사합병결정)(+3),주요사항보고서(전환사채권발행결정)(-15) | 주요사항보고서(전환사채권발행결정)(-15),2026-05-26: 전환가액의조정              (제4회차) | 2026-05-20: [기재정정]타법인주식및출자증권처분결정               | 2026-05-20: 주권관련사채권의처분결정               | 2026-05-18: [첨부추가]주요사항보고서(회사합병결정) | 2026-05-19: [기재정정]주요사항보고서(회사합병결정),14
다보링크,340360,-20,🚨 YES,[기재정정]주요사항보고서(유상증자결정),,[기재정정]주요사항보고서(유상증자결정)(-15) | [기재정정]최대주주변경을수반하는주식양수도계약체결              (-5),2026-05-15: 분기보고서 (2026.03) | 2026-05-15: 주주명부폐쇄기간또는기준일설정               | 2026-05-15: 주주총회소집결의               | 2026-05-08: 주식등의대량보유상황보고서(일반) | 2026-05-08: [기재정정]주요사항보고서(유상증자결정),7
큐라티스,348080,-20,🚨 YES,[기재정정]주요사항보고서(감자결정),,[기재정정]주요사항보고서(감자결정)(-20),2026-05-15: 주주총회소집공고 | 2026-05-14: 분기보고서 (2026.03) | 2026-05-06: [기재정정]주요사항보고서(감자결정) | 2026-04-30: 소속부변경              ,4
DKME,015590,-20,OK,,,최대주주등소유주식변동신고서(최대주주변경시)              (-5) | 최대주주변경              (-5) | 최대주주등소유주식변동신고서(최대주주변경시)              (-5) | 최대주주변경              (-5),2026-05-20: 최대주주등소유주식변동신고서(최대주주변경시)               | 2026-05-20: 최대주주변경               | 2026-05-20: 임원ㆍ주요주주특정증권등소유상황보고서 | 2026-05-20: 주식등의대량보유상황보고서(일반) | 2026-05-18: [기재정정]주식등의대량보유상황보고서(일반),29
어보브반도체,102120,-20,OK,,,주요사항보고서(자기주식처분결정)(-10) | 주요사항보고서(자기주식처분결정)(-10),2026-05-15: 분기보고서 (2026.03) | 2026-05-13: 자기주식처분결과보고서 | 2026-05-08: 주요사항보고서(자기주식처분결정) | 2026-05-06: 자기주식처분결과보고서 | 2026-04-30: 주요사항보고서(자기주식처분결정),5
삼천리자전거,024950,-20,🚨 YES,[기재정정]주요사항보고서(감자결정),,[기재정정]주요사항보고서(감자결정)(-20),2026-05-13: 분기보고서 (2026.03) | 2026-05-06: 감자완료               | 2026-05-06: [기재정정]주요사항보고서(감자결정),3
세니젠,188260,-20,🚨 YES,[기재정정]주요사항보고서(유상증자결정),,최대주주변경              (-5) | [기재정정]주요사항보고서(유상증자결정)(-15),2026-05-20: 주식등의대량보유상황보고서(일반) | 2026-05-20: 임원ㆍ주요주주특정증권등소유상황보고서 | 2026-05-15: [기재정정]분기보고서 (2026.03) | 2026-05-14: 분기보고서 (2026.03) | 2026-05-14: 주식등의대량보유상황보고서(약식),9
롯데지주,004990,-20,🚨 YES,[기재정정]주요사항보고서(감자결정)(자회사의 주요경영사항)              ,,[기재정정]주요사항보고서(감자결정)(자회사의 주요경영사항)              (-20),2026-05-26: [기재정정]생산중단(자회사의 주요경영사항)               | 2026-05-15: 분기보고서 (2026.03) | 2026-05-13: 기업설명회(IR)개최(안내공시)               | 2026-05-08: 최대주주등소유주식변동신고서               | 2026-05-08: 주식등의대량보유상황보고서(일반),6
SK스퀘어,402340,-20,OK,,,주요사항보고서(자기주식처분결정)(자회사의 주요경영사항)              (-10) | 주요사항보고서(자기주식처분결정)(-10),2026-05-14: 분기보고서 (2026.03) | 2026-05-13: 자기주식처분결과보고서 | 2026-05-13: 임원ㆍ주요주주특정증권등소유상황보고서 | 2026-05-13: 임원ㆍ주요주주특정증권등소유상황보고서 | 2026-05-13: 임원ㆍ주요주주특정증권등소유상황보고서,12
DGI,099520,-20,🚨 YES,주권매매거래정지기간변경              (상장폐지사유 발생),[기재정정]단일판매ㆍ공급계약체결              (+5) | [기재정정]단일판매ㆍ공급계약체결              (+5),주권매매거래정지기간변경              (상장폐지사유 발생)(-30),2026-05-15: 분기보고서 (2026.03) | 2026-05-11: 주권매매거래정지기간변경              (상장폐지사유 발생) | 2026-05-11: 기타시장안내              (코스닥시장위원회 심의·의결결과 등 안내) | 2026-04-30: [기재정정]단일판매ㆍ공급계약체결               | 2026-04-30: [기재정정]단일판매ㆍ공급계약체결              ,5
레이,228670,-20,🚨 YES,[첨부정정]주요사항보고서(전환사채권발행결정),,[기재정정]최대주주변경을수반하는주식담보제공계약체결              (-5) | [첨부정정]주요사항보고서(전환사채권발행결정)(-15),2026-05-26: 소송등의제기ㆍ신청(경영권분쟁소송)              (검사인 선임) | 2026-05-26: [기재정정]최대주주변경을수반하는주식담보제공계약체결               | 2026-05-18: [기재정정]의결권대리행사권유참고서류 | 2026-05-18: 주식등의대량보유상황보고서(약식) | 2026-05-15: [기재정정]의결권대리행사권유참고서류,14
엔피,291230,-17,🚨 YES,[기재정정]주요사항보고서(감자결정),[기재정정]주요사항보고서(회사합병결정)(+3),[기재정정]주요사항보고서(감자결정)(-20),2026-05-27: [기재정정]증권신고서(합병) | 2026-05-15: [기재정정]증권신고서(합병) | 2026-05-15: [기재정정]주주총회소집결의              (임시주주총회) | 2026-05-14: [기재정정]주주총회소집결의               | 2026-05-14: [기재정정]주요사항보고서(감자결정),12
삼성물산,028260,-17,🚨 YES,[기재정정]주요사항보고서(감자결정),연결재무제표기준영업(잠정)실적(공정공시)              (+3),[기재정정]주요사항보고서(감자결정)(-20),2026-05-26: 최대주주등소유주식변동신고서               | 2026-05-26: 투자판단관련주요경영사항               | 2026-05-22: 주식등의대량보유상황보고서(일반) | 2026-05-22: 기업설명회(IR)개최(안내공시)               | 2026-05-18: 기업설명회(IR)개최(안내공시)              ,14
현대홈쇼핑,057050,-17,🚨 YES,[기재정정]주요사항보고서(감자결정),연결재무제표기준영업(잠정)실적(공정공시)              (+3),[기재정정]주요사항보고서(감자결정)(-20),2026-05-22: [기재정정]주요사항보고서(감자결정) | 2026-05-22: [기재정정]주요사항보고서(주식교환ㆍ이전결정) | 2026-05-15: 분기보고서 (2026.03) | 2026-05-08: 타인에대한채무보증결정(자회사의 주요경영사항)               | 2026-05-06: 연결재무제표기준영업(잠정)실적(공정공시)              ,7
롯데웰푸드,280360,-17,🚨 YES,[기재정정]주요사항보고서(감자결정),연결재무제표기준영업(잠정)실적(공정공시)              (+3),[기재정정]주요사항보고서(감자결정)(-20),2026-05-20: 기업설명회(IR)개최(안내공시)               | 2026-05-14: [첨부추가]분기보고서 (2026.03) | 2026-05-08: 기업설명회(IR)개최(안내공시)               | 2026-05-08: 연결재무제표기준영업(잠정)실적(공정공시)               | 2026-05-04: 기업설명회(IR)개최(안내공시)              ,6
아모레퍼시픽홀딩스,002790,-17,OK,,연결재무제표기준영업(잠정)실적(공정공시)              (+3),주요사항보고서(자기주식처분결정)(자회사의 주요경영사항)              (-10) | 주요사항보고서(자기주식처분결정)(-10),2026-05-15: 분기보고서 (2026.03) | 2026-05-04: 자기주식처분결과보고서 | 2026-04-29: 주요사항보고서(자기주식처분결정)(자회사의 주요경영사항)               | 2026-04-29: 주요사항보고서(자기주식처분결정) | 2026-04-29: 연결재무제표기준영업(잠정)실적(공정공시)              ,5
KBG,318000,-15,🚨 YES,[첨부정정]주요사항보고서(전환사채권발행결정),,[첨부정정]주요사항보고서(전환사채권발행결정)(-15),2026-05-18: 임시주주총회결과               | 2026-05-15: 분기보고서 (2026.03) | 2026-05-13: [첨부정정]주요사항보고서(전환사채권발행결정) | 2026-04-30: 주주총회소집공고 | 2026-04-29: 주주총회소집결의              (임시주주총회),5
엠투엔,033310,-15,OK,,,[기재정정]최대주주변경을수반하는주식담보제공계약체결              (-5) | [기재정정]최대주주변경을수반하는주식담보제공계약체결              (-5) | [기재정정]최대주주변경을수반하는주식담보제공계약체결              (-5),2026-05-27: 주식등의대량보유상황보고서(일반) | 2026-05-20: 주식등의대량보유상황보고서(일반) | 2026-05-15: [기재정정]최대주주변경을수반하는주식담보제공계약체결               | 2026-05-15: 분기보고서 (2026.03) | 2026-05-12: 주식등의대량보유상황보고서(일반),9
쌍방울,102280,-15,🚨 YES,[기재정정]주요사항보고서(전환사채권발행결정),,[기재정정]주요사항보고서(전환사채권발행결정)(-15),2026-05-15: 분기보고서 (2026.03) | 2026-04-27: [기재정정]주요사항보고서(주권관련사채권양수결정) | 2026-04-27: [기재정정]주요사항보고서(전환사채권발행결정),3
한국첨단소재,062970,-15,🚨 YES,주요사항보고서(전환사채권발행결정),,주요사항보고서(전환사채권발행결정)(-15),2026-05-22: 주요사항보고서(전환사채권발행결정) | 2026-05-15: 분기보고서 (2026.03) | 2026-05-11: [기재정정]주식병합결정               | 2026-05-11: 주주총회소집결의              (임시주주총회) | 2026-05-11: 주주명부폐쇄기간또는기준일설정              ,6
중앙첨단소재,051980,-15,🚨 YES,[첨부정정]주요사항보고서(전환사채권발행결정),,[첨부정정]주요사항보고서(전환사채권발행결정)(-15),2026-05-15: 분기보고서 (2026.03) | 2026-05-11: [첨부정정]주요사항보고서(전환사채권발행결정),2
에이럭스,475580,-15,🚨 YES,유상증자결정(종속회사의주요경영사항)              ,,유상증자결정(종속회사의주요경영사항)              (-15),2026-05-26: 타법인주식및출자증권취득결정(자율공시)               | 2026-05-18: [기재정정]분기보고서 (2026.03) | 2026-05-15: 분기보고서 (2026.03) | 2026-04-27: 유상증자결정(종속회사의주요경영사항)               | 2026-04-27: 타법인주식및출자증권취득결정              ,6
랩지노믹스,084650,-15,🚨 YES,주요사항보고서(전환사채권발행결정),,주요사항보고서(전환사채권발행결정)(-15),2026-05-27: [기재정정]임원ㆍ주요주주특정증권등소유상황보고서 | 2026-05-27: 임원ㆍ주요주주특정증권등소유상황보고서 | 2026-05-26: 주식등의대량보유상황보고서(일반) | 2026-05-20: 증권발행결과(자율공시)               | 2026-05-18: 전환사채(해외전환사채포함)발행후만기전사채취득              ,8
오션스바이오,332190,-15,🚨 YES,[기재정정]주요사항보고서(유상증자결정),,[기재정정]주요사항보고서(유상증자결정)(-15),2026-04-29: [기재정정]주요사항보고서(유상증자결정),1
크라우드웍스,355390,-15,🚨 YES,주요사항보고서(유상증자결정),,주요사항보고서(유상증자결정)(-15),"2026-05-21: [기재정정]주주총회소집결의              (임시주주총회) | 2026-05-15: 분기보고서 (2026.03) | 2026-05-06: 투자판단관련주요경영사항              (국책과제 선정 (피지컬 AI 모델 학습을 위한 월드 파운데이션 모델 기술개발,  과학기술정보통신부) | 2026-05-06: 소액공모실적보고서 | 2026-05-06: 증권발행결과(자율공시)              (제3자배정-소액공모)",7
배럴,267790,-15,🚨 YES,[기재정정]주요사항보고서(전환사채권발행결정),,[기재정정]주요사항보고서(전환사채권발행결정)(-15),2026-05-22: [기재정정]주요사항보고서(전환사채권발행결정) | 2026-05-14: 분기보고서 (2026.03) | 2026-04-30: 소속부변경              ,3
일지테크,019540,-15,🚨 YES,유상증자결정(종속회사의주요경영사항)              ,,유상증자결정(종속회사의주요경영사항)              (-15),2026-05-27: 타법인주식및출자증권취득결정               | 2026-05-27: 유상증자결정(종속회사의주요경영사항)               | 2026-05-15: 분기보고서 (2026.03),3
THE E&M,089230,-15,🚨 YES,[기재정정]주요사항보고서(전환사채권발행결정),,[기재정정]주요사항보고서(전환사채권발행결정)(-15),2026-05-26: 주식등의대량보유상황보고서(일반) | 2026-05-26: [기재정정]주요사항보고서(자기전환사채매도결정) | 2026-05-18: 주요사항보고서(자기전환사채매도결정) | 2026-05-18: 주요사항보고서(자기전환사채만기전취득결정) | 2026-05-15: 파생상품거래손실발생              ,11
머큐리,100590,-15,🚨 YES,주요사항보고서(전환사채권발행결정),,주요사항보고서(전환사채권발행결정)(-15),2026-05-21: 증권발행결과(자율공시)               | 2026-05-15: 분기보고서 (2026.03) | 2026-05-13: 주요사항보고서(전환사채권발행결정),3
나무기술,242040,-15,🚨 YES,[기재정정]주요사항보고서(신주인수권부사채권발행결정),,[기재정정]주요사항보고서(신주인수권부사채권발행결정)(-15),2026-05-14: 주주총회소집결의              (임시주주총회) | 2026-05-14: 주주명부폐쇄기간또는기준일설정               | 2026-05-14: 분기보고서 (2026.03) | 2026-04-30: [기재정정]주요사항보고서(신주인수권부사채권발행결정) | 2026-04-29: 증권발행결과(자율공시)              ,5
디모아,016670,-15,🚨 YES,[기재정정]주요사항보고서(유상증자결정),,[기재정정]주요사항보고서(유상증자결정)(-15),2026-05-27: [기재정정]주요사항보고서(유상증자결정) | 2026-05-22: [기재정정]주주총회소집결의               | 2026-05-13: 분기보고서 (2026.03) | 2026-05-12: 정정신고서제출요구( 2026.04.24. 제출 증권신고서(지분증권) ),4
코아스,071950,-15,🚨 YES,[기재정정]주요사항보고서(전환사채권발행결정),,[기재정정]주요사항보고서(전환사채권발행결정)(-15),2026-05-14: [기재정정]타법인주식및출자증권취득결정               | 2026-05-14: [기재정정]투자판단관련주요경영사항               | 2026-05-13: 분기보고서 (2026.03) | 2026-05-07: [기재정정]타법인주식및출자증권취득결정               | 2026-05-06: 타법인주식및출자증권취득결정              ,6
대성하이텍,129920,-15,🚨 YES,주요사항보고서(전환사채권발행결정),,주요사항보고서(전환사채권발행결정)(-15),2026-05-27: 주식등의대량보유상황보고서(일반) | 2026-05-22: 주식등의대량보유상황보고서(약식) | 2026-05-19: 증권발행결과(자율공시)              (제7회차 CB) | 2026-05-15: 분기보고서 (2026.03) | 2026-05-11: 주식등의대량보유상황보고서(약식),10
블리츠웨이엔터테인먼트,369370,-15,🚨 YES,유상증자결정(종속회사의주요경영사항)              ,,유상증자결정(종속회사의주요경영사항)              (-15),2026-05-21: 유상증자결정(종속회사의주요경영사항)               | 2026-05-15: 분기보고서 (2026.03) | 2026-05-08: 주주총회소집결의              (임시주주총회) | 2026-05-08: 주주명부폐쇄기간또는기준일설정               | 2026-05-08: 주식병합결정              ,7
율촌,146060,-15,🚨 YES,주요사항보고서(전환사채권발행결정),,주요사항보고서(전환사채권발행결정)(-15),2026-05-22: 주요사항보고서(전환사채권발행결정) | 2026-05-15: 분기보고서 (2026.03),2
대동고려삼,178600,-15,🚨 YES,[기재정정]주요사항보고서(유상증자결정),,[기재정정]주요사항보고서(유상증자결정)(-15),2026-05-19: 기업설명회(IR)개최               | 2026-04-30: 증권발행결과(자율공시)              (제3자배정 유상증자_우선주) | 2026-04-27: [기재정정]주요사항보고서(유상증자결정),3
성일하이텍,365340,-15,🚨 YES,주요사항보고서(유상증자결정),,주요사항보고서(유상증자결정)(-15),2026-05-18: 기업설명회(IR)개최               | 2026-05-15: 파생상품거래손실발생               | 2026-05-15: [첨부정정]금전대여결정               | 2026-05-15: 분기보고서 (2026.03) | 2026-05-14: 주식등의대량보유상황보고서(일반),12
툴젠,199800,-15,🚨 YES,주요사항보고서(유상증자결정),,주요사항보고서(유상증자결정)(-15),2026-05-15: 증권신고서(지분증권) | 2026-05-15: 주요사항보고서(유상증자결정) | 2026-05-14: 분기보고서 (2026.03) | 2026-05-04: 임원ㆍ주요주주특정증권등소유상황보고서,4
천보,278280,-15,🚨 YES,전환사채권발행결정(자회사의 주요경영사항)              ,,전환사채권발행결정(자회사의 주요경영사항)              (-15),2026-05-22: 전환사채권발행결정(자회사의 주요경영사항)               | 2026-05-15: 분기보고서 (2026.03) | 2026-04-29: 전환청구권행사               | 2026-04-29: [기재정정]전환청구권행사              ,4
고영,098460,-15,OK,,주식소각결정              (+5),[기재정정]주요사항보고서(자기주식처분결정)(-10) | 주요사항보고서(자기주식처분결정)(-10),2026-05-15: 분기보고서 (2026.03) | 2026-05-14: 기업설명회(IR)개최               | 2026-05-14: [기재정정]주요사항보고서(자기주식처분결정) | 2026-05-13: 주식소각결정               | 2026-05-13: 주요사항보고서(자기주식처분결정),7
상지건설,042940,-15,🚨 YES,주요사항보고서(유상증자결정),,주요사항보고서(유상증자결정)(-15),2026-05-15: 증권신고서(지분증권) | 2026-05-13: 분기보고서 (2026.03) | 2026-05-08: 주요사항보고서(유상증자결정),3
이엔플러스,074610,-15,🚨 YES,주요사항보고서(전환사채권발행결정),,주요사항보고서(전환사채권발행결정)(-15),2026-05-22: 주요사항보고서(전환사채권발행결정) | 2026-05-21: 소송등의제기ㆍ신청(일정금액이상의청구)               | 2026-05-15: 분기보고서 (2026.03) | 2026-05-13: 소송등의판결ㆍ결정(일정금액이상의청구)               | 2026-05-13: 기타시장안내              (개선계획서 제출),5
파인엠텍,441270,-15,🚨 YES,주요사항보고서(전환사채권발행결정),,주요사항보고서(전환사채권발행결정)(-15),2026-05-21: 주요사항보고서(전환사채권발행결정) | 2026-05-21: 주식등의대량보유상황보고서(일반) | 2026-05-15: 분기보고서 (2026.03) | 2026-05-13: 주식등의대량보유상황보고서(일반) | 2026-05-13: 임원ㆍ주요주주특정증권등소유상황보고서,7
영화테크,265560,-15,🚨 YES,주요사항보고서(유상증자결정),,주요사항보고서(유상증자결정)(-15),2026-05-15: 분기보고서 (2026.03) | 2026-05-13: [기재정정]증권발행결과(자율공시)               | 2026-05-13: 증권발행결과(자율공시)               | 2026-04-28: 주요사항보고서(유상증자결정),4
아이엘,307180,-15,🚨 YES,[기재정정]주요사항보고서(유상증자결정),,[기재정정]주요사항보고서(유상증자결정)(-15),2026-05-27: 주식등의대량보유상황보고서(일반) | 2026-05-13: 분기보고서 (2026.03) | 2026-05-06: 증권발행결과(자율공시)               | 2026-05-06: [기재정정]주요사항보고서(유상증자결정),4
HLB제약,047920,-15,🚨 YES,주요사항보고서(유상증자결정),,주요사항보고서(유상증자결정)(-15),2026-05-22: 사외이사의선임ㆍ해임또는중도퇴임에관한신고 | 2026-05-13: 증권신고서(지분증권) | 2026-05-13: 주요사항보고서(유상증자결정) | 2026-05-13: 분기보고서 (2026.03),4
아이씨디,040910,-15,🚨 YES,주요사항보고서(신주인수권부사채권발행결정),,주요사항보고서(신주인수권부사채권발행결정)(-15),2026-05-19: 증권발행결과(자율공시)              (제6회차 BW) | 2026-05-15: 분기보고서 (2026.03) | 2026-05-11: 주요사항보고서(신주인수권부사채권발행결정) | 2026-05-07: 대표이사변경              ,4
디에이치엑스컴퍼니,031860,-15,🚨 YES,[기재정정]주요사항보고서(전환사채권발행결정),,[기재정정]주요사항보고서(전환사채권발행결정)(-15),2026-05-22: 주주명부폐쇄기간또는기준일설정               | 2026-05-22: 주주총회소집결의              (임시주주총회) | 2026-05-22: 주식병합결정               | 2026-05-15: 분기보고서 (2026.03) | 2026-05-08: [기재정정]주요사항보고서(전환사채권발행결정),6
멜파스,096640,-15,🚨 YES,주요사항보고서(유상증자결정),,주요사항보고서(유상증자결정)(-15),2026-05-27: 주요사항보고서(유상증자결정) | 2026-05-15: 분기보고서 (2026.03),2
캐리,313760,-15,🚨 YES,[기재정정]주요사항보고서(유상증자결정),,[기재정정]주요사항보고서(유상증자결정)(-15),2026-05-21: 단기차입금감소결정(자율공시)               | 2026-05-21: 파산신청기각               | 2026-05-15: 분기보고서 (2026.03) | 2026-04-29: [기재정정]주요사항보고서(유상증자결정),4
지앤비에스 에코,382800,-15,🚨 YES,[첨부정정]주요사항보고서(전환사채권발행결정),,[첨부정정]주요사항보고서(전환사채권발행결정)(-15),2026-05-19: 주식등의대량보유상황보고서(일반) | 2026-05-19: 임원ㆍ주요주주특정증권등소유상황보고서 | 2026-05-04: [첨부정정]주요사항보고서(전환사채권발행결정) | 2026-04-29: 분기보고서 (2026.03),4
하나머티리얼즈,166090,-15,OK,,,[기재정정]최대주주변경을수반하는주식담보제공계약체결              (-5) | [기재정정]최대주주변경을수반하는주식담보제공계약체결              (-5) | [기재정정]최대주주변경을수반하는주식담보제공계약체결              (-5),2026-05-19: 주식등의대량보유상황보고서(일반) | 2026-05-18: [기재정정]최대주주변경을수반하는주식담보제공계약체결               | 2026-05-14: 분기보고서 (2026.03) | 2026-05-06: 주식등의대량보유상황보고서(일반) | 2026-05-06: 주식등의대량보유상황보고서(약식),8
유진로봇,056080,-15,🚨 YES,주요사항보고서(유상증자결정),,주요사항보고서(유상증자결정)(-15),2026-05-22: 임원ㆍ주요주주특정증권등소유상황보고서 | 2026-05-22: 임원ㆍ주요주주특정증권등거래계획보고서 | 2026-05-15: 주요사항보고서(유상증자결정) | 2026-05-14: 분기보고서 (2026.03),4
휴림로봇,090710,-15,🚨 YES,주요사항보고서(유상증자결정),,주요사항보고서(유상증자결정)(-15),2026-05-26: 주요사항보고서(유상증자결정) | 2026-05-15: [기재정정]분기보고서 (2026.03) | 2026-05-15: 분기보고서 (2026.03),3
엔젯,419080,-15,🚨 YES,주요사항보고서(신주인수권부사채권발행결정),,주요사항보고서(신주인수권부사채권발행결정)(-15),2026-05-26: 주식등의대량보유상황보고서(약식) | 2026-05-20: 주요사항보고서(신주인수권부사채권발행결정),2
비비안,002070,-15,🚨 YES,주요사항보고서(전환사채권발행결정),,주요사항보고서(전환사채권발행결정)(-15),2026-05-20: [기재정정]임원ㆍ주요주주특정증권등소유상황보고서 | 2026-05-20: [기재정정]주식등의대량보유상황보고서(일반) | 2026-05-20: 주요사항보고서(전환사채권발행결정) | 2026-05-15: 분기보고서 (2026.03) | 2026-05-08: 주주명부폐쇄기간또는기준일설정              ,14
싸이토젠,217330,-15,🚨 YES,주요사항보고서(전환사채권발행결정),,주요사항보고서(전환사채권발행결정)(-15),2026-05-26: 증권발행결과(자율공시)              (제7회차 CB) | 2026-05-20: 임원ㆍ주요주주특정증권등거래계획보고서 | 2026-05-18: 주요사항보고서(전환사채권발행결정) | 2026-05-15: [기재정정]분기보고서 (2026.03) | 2026-05-14: 분기보고서 (2026.03),5
오텍,067170,-15,🚨 YES,[기재정정]주요사항보고서(신주인수권부사채권발행결정),,[기재정정]주요사항보고서(신주인수권부사채권발행결정)(-15),2026-05-22: 주식등의대량보유상황보고서(일반) | 2026-05-22: 임원ㆍ주요주주특정증권등소유상황보고서 | 2026-05-22: 임원ㆍ주요주주특정증권등소유상황보고서 | 2026-05-21: [기재정정]주요사항보고서(신주인수권부사채권발행결정) | 2026-05-19: 신주인수권행사              (제13회차),17
모아라이프플러스,142760,-15,🚨 YES,[기재정정]주요사항보고서(전환사채권발행결정),,[기재정정]주요사항보고서(전환사채권발행결정)(-15),2026-05-18: 주주명부폐쇄기간또는기준일설정               | 2026-05-18: 주주총회소집결의              (임시주주총회) | 2026-05-15: [기재정정]주요사항보고서(주권관련사채권양도결정) | 2026-05-15: 분기보고서 (2026.03) | 2026-05-13: [기재정정]주요사항보고서(전환사채권발행결정),5
원텍,336570,-15,🚨 YES,주요사항보고서(전환사채권발행결정),,주요사항보고서(전환사채권발행결정)(-15),2026-05-22: 증권발행결과(자율공시)               | 2026-05-20: [기재정정]분기보고서 (2026.03) | 2026-05-14: 주요사항보고서(전환사채권발행결정) | 2026-05-13: 신탁계약해지결과보고서 | 2026-05-13: 분기보고서 (2026.03),8
메가터치,446540,-15,🚨 YES,[기재정정]주요사항보고서(유상증자결정),,[기재정정]주요사항보고서(유상증자결정)(-15),2026-05-18: 임원ㆍ주요주주특정증권등소유상황보고서 | 2026-05-18: 임원ㆍ주요주주특정증권등소유상황보고서 | 2026-05-18: 임원ㆍ주요주주특정증권등소유상황보고서 | 2026-05-18: 임원ㆍ주요주주특정증권등소유상황보고서 | 2026-05-15: 분기보고서 (2026.03),11
테라사이언스,073640,-15,🚨 YES,[기재정정]주요사항보고서(유상증자결정),,[기재정정]주요사항보고서(유상증자결정)(-15),2026-05-20: [기재정정]주주총회소집결의               | 2026-05-20: [기재정정]주주명부폐쇄기간또는기준일설정               | 2026-05-20: [기재정정]주요사항보고서(유상증자결정) | 2026-05-15: 분기보고서 (2026.03) | 2026-05-08: [기재정정]타법인주식및출자증권처분결정(자율공시)              ,9
타이거일렉,219130,-15,🚨 YES,주요사항보고서(전환사채권발행결정),,주요사항보고서(전환사채권발행결정)(-15),2026-05-20: 증권발행결과(자율공시)               | 2026-05-15: 분기보고서 (2026.03) | 2026-05-12: 주요사항보고서(전환사채권발행결정) | 2026-04-30: 소속부변경              ,4
계양전기,012200,-15,🚨 YES,주요사항보고서(유상증자결정),,주요사항보고서(유상증자결정)(-15),2026-05-27: 정정신고서제출요구( 2026.05.13. 제출 증권신고서(지분증권) ) | 2026-05-19: 타인에대한채무보증결정               | 2026-05-13: [정정제출요구]증권신고서(지분증권) | 2026-05-13: 분기보고서 (2026.03) | 2026-05-08: 단기차입금증가결정              ,6
레이크머티리얼즈,281740,-15,🚨 YES,주요사항보고서(전환사채권발행결정),,주요사항보고서(전환사채권발행결정)(-15),2026-05-21: 증권발행결과(자율공시)               | 2026-05-15: 분기보고서 (2026.03) | 2026-05-13: 주요사항보고서(전환사채권발행결정) | 2026-05-12: 임원ㆍ주요주주특정증권등소유상황보고서,4
베셀,177350,-15,🚨 YES,[기재정정]주요사항보고서(전환사채권발행결정),,[기재정정]주요사항보고서(전환사채권발행결정)(-15),2026-05-20: 자기주식처분결과보고서 | 2026-05-15: 분기보고서 (2026.03) | 2026-05-15: [기재정정]주요사항보고서(전환사채권발행결정) | 2026-05-14: 전환가액의조정              (제7회차) | 2026-05-12: 주요사항보고서(자기전환사채매도결정),8
디와이씨,310870,-15,🚨 YES,주요사항보고서(유상증자결정),,주요사항보고서(유상증자결정)(-15),2026-05-26: 주요사항보고서(유상증자결정) | 2026-05-15: 분기보고서 (2026.03) | 2026-04-28: 주식등의대량보유상황보고서(약식),3
아이텍,119830,-15,🚨 YES,[기재정정]주요사항보고서(유상증자결정),,[기재정정]주요사항보고서(유상증자결정)(-15),2026-05-26: 주식등의대량보유상황보고서(약식) | 2026-05-15: 분기보고서 (2026.03) | 2026-05-14: [기재정정]주요사항보고서(유상증자결정),3
LB세미콘,061970,-15,🚨 YES,주요사항보고서(유상증자결정),,주요사항보고서(유상증자결정)(-15),2026-05-18: 주식등의대량보유상황보고서(일반) | 2026-05-15: 증권신고서(지분증권) | 2026-05-15: [첨부추가]분기보고서 (2026.03) | 2026-05-15: 주요사항보고서(유상증자결정),4
메지온,140410,-15,🚨 YES,주요사항보고서(전환사채권발행결정),,주요사항보고서(전환사채권발행결정)(-15),2026-05-22: 주요사항보고서(자기전환사채만기전취득결정) | 2026-05-22: 주요사항보고서(자기전환사채만기전취득결정) | 2026-05-21: 소송등의제기ㆍ신청(일정금액이상의청구)               | 2026-05-15: 분기보고서 (2026.03) | 2026-05-12: 증권발행결과(자율공시)              (제6회차 CB),6
한국카본,017960,-15,🚨 YES,[기재정정]주요사항보고서(감자결정),단일판매ㆍ공급계약체결              (+5),[기재정정]주요사항보고서(감자결정)(-20),2026-05-21: 단일판매ㆍ공급계약체결               | 2026-05-19: 임원ㆍ주요주주특정증권등소유상황보고서 | 2026-05-14: 분기보고서 (2026.03) | 2026-05-13: [기재정정]주요사항보고서(감자결정),4
한국파마,032300,-15,🚨 YES,주요사항보고서(전환사채권발행결정),,주요사항보고서(전환사채권발행결정)(-15),2026-05-20: 주요사항보고서(전환사채권발행결정) | 2026-05-15: 주식등의대량보유상황보고서(일반) | 2026-05-15: 분기보고서 (2026.03),3
썸에이지,208640,-15,🚨 YES,[기재정정]주요사항보고서(유상증자결정),,[기재정정]주요사항보고서(유상증자결정)(-15),2026-05-26: 임시주주총회결과               | 2026-05-22: [기재정정]증권신고서(지분증권) | 2026-05-22: [기재정정]주요사항보고서(유상증자결정) | 2026-05-15: 정정신고서제출요구( 2026.04.30. 제출 증권신고서(지분증권) ) | 2026-05-15: 분기보고서 (2026.03),7
우리이앤엘하루틴,153490,-15,🚨 YES,감자결정(자율공시)(종속회사의주요경영사항)              ,주요사항보고서(자기주식취득결정)(+5),감자결정(자율공시)(종속회사의주요경영사항)              (-20),2026-05-26: 주요사항보고서(자기주식취득결정) | 2026-05-15: 분기보고서 (2026.03) | 2026-04-29: 감자결정(자율공시)(종속회사의주요경영사항)              ,3
피플바이오,304840,-15,🚨 YES,[기재정정]주요사항보고서(유상증자결정),,[기재정정]주요사항보고서(유상증자결정)(-15),2026-05-19: 본점소재지변경               | 2026-05-15: 분기보고서 (2026.03) | 2026-05-12: 대표이사변경               | 2026-05-12: 임시주주총회결과               | 2026-05-06: [기재정정]주요사항보고서(유상증자결정),9
아센디오,012170,-15,🚨 YES,주요사항보고서(유상증자결정),,주요사항보고서(유상증자결정)(-15),2026-05-22: 임원ㆍ주요주주특정증권등소유상황보고서 | 2026-05-22: 주식등의대량보유상황보고서(일반) | 2026-05-18: 주주명부폐쇄기간또는기준일설정               | 2026-05-18: 주주총회소집결의               | 2026-05-18: 소액공모실적보고서,9
비케이홀딩스,050090,-15,🚨 YES,주요사항보고서(유상증자결정),,주요사항보고서(유상증자결정)(-15),2026-05-20: 주요사항보고서(유상증자결정) | 2026-05-14: 분기보고서 (2026.03),2
이뮨온시아,424870,-15,🚨 YES,[기재정정]주요사항보고서(유상증자결정),,[기재정정]주요사항보고서(유상증자결정)(-15),2026-05-27: 주식등의대량보유상황보고서(일반) | 2026-05-27: 임원ㆍ주요주주특정증권등소유상황보고서 | 2026-05-21: 증권발행실적보고서 | 2026-05-21: 증권발행결과(자율공시)               | 2026-05-15: [기재정정]분기보고서 (2026.03),13
SK이노베이션,096770,-14,🚨 YES,[기재정정]감자결정(종속회사의주요경영사항)              ,[첨부정정]연결재무제표기준영업(잠정)실적(공정공시)              (+3) | 연결재무제표기준영업(잠정)실적(공정공시)              (+3),[기재정정]감자결정(종속회사의주요경영사항)              (-20),2026-05-22: 기업지배구조보고서공시               | 2026-05-21: [기재정정]감자결정(종속회사의주요경영사항)               | 2026-05-21: [기재정정]유형자산처분결정(종속회사의주요경영사항)               | 2026-05-21: [기재정정]타인에대한채무보증결정(자회사의 주요경영사항)               | 2026-05-21: [기재정정]타인에대한채무보증결정              ,19
한화비전,489790,-12,🚨 YES,유상증자결정(종속회사의주요경영사항)              ,연결재무제표기준영업(잠정)실적(공정공시)              (+3),유상증자결정(종속회사의주요경영사항)              (-15),2026-05-26: 기업설명회(IR)개최(안내공시)               | 2026-05-26: 기업설명회(IR)개최(안내공시)               | 2026-05-13: 분기보고서 (2026.03) | 2026-04-29: 특수관계인에대한출자 | 2026-04-29: 연결재무제표기준영업(잠정)실적(공정공시)              ,8
JW신약,067290,-12,🚨 YES,주요사항보고서(전환사채권발행결정),영업(잠정)실적(공정공시)              (+3),주요사항보고서(전환사채권발행결정)(-15),2026-05-22: 증권발행결과(자율공시)               | 2026-05-22: 증권발행결과(자율공시)               | 2026-05-22: 전환사채(해외전환사채포함)발행후만기전사채취득               | 2026-05-21: 주요사항보고서(전환사채권발행결정) | 2026-05-21: 주요사항보고서(자본으로인정되는채무증권발행결정),8
앤로보틱스,138360,-12,🚨 YES,[기재정정]주요사항보고서(유상증자결정),[첨부정정]주요사항보고서(회사합병결정)(+3),[기재정정]주요사항보고서(유상증자결정)(-15),2026-05-15: 분기보고서 (2026.03) | 2026-05-15: 기타경영사항(자율공시)              (소규모합병 승인 이사회 결의(주주총회 갈음) 결과 보고) | 2026-04-30: 소속부변경               | 2026-04-28: [첨부정정]주요사항보고서(회사합병결정) | 2026-04-27: [기재정정]주요사항보고서(유상증자결정),5
롯데렌탈,089860,-12,🚨 YES,[기재정정]주요사항보고서(유상증자결정),연결재무제표기준영업(잠정)실적(공정공시)              (+3),[기재정정]주요사항보고서(유상증자결정)(-15),2026-05-26: 주식등의대량보유상황보고서(일반) | 2026-05-26: 주식등의대량보유상황보고서(약식) | 2026-05-21: [기재정정]주요사항보고서(유상증자결정) | 2026-05-19: 주식등의대량보유상황보고서(일반) | 2026-05-18: [기재정정]투자판단관련주요경영사항              ,10
현대지에프홀딩스,005440,-12,🚨 YES,[기재정정]주요사항보고서(감자결정)(자회사의 주요경영사항)              ,연결재무제표기준영업(잠정)실적(공정공시)              (+3) | 주요사항보고서(자기주식취득결정)(자회사의 주요경영사항)              (+5),[기재정정]주요사항보고서(감자결정)(자회사의 주요경영사항)              (-20),2026-05-22: [기재정정]주요사항보고서(감자결정)(자회사의 주요경영사항)               | 2026-05-22: [기재정정]주요사항보고서(주식교환ㆍ이전결정)(자회사의 주요경영사항)               | 2026-05-22: [기재정정]주요사항보고서(주식교환ㆍ이전결정) | 2026-05-15: 분기보고서 (2026.03) | 2026-05-08: 타인에대한채무보증결정(자회사의 주요경영사항)              ,13
DS단석,017860,-12,🚨 YES,주요사항보고서(전환사채권발행결정),연결재무제표기준영업(잠정)실적(공정공시)              (+3),주요사항보고서(전환사채권발행결정)(-15),2026-05-26: 주요사항보고서(유형자산양도결정) | 2026-05-22: 타법인주식및출자증권취득결정               | 2026-05-20: 주요사항보고서(전환사채권발행결정) | 2026-05-19: 기업설명회(IR)개최(안내공시)               | 2026-05-15: 분기보고서 (2026.03),6
SK아이이테크놀로지,361610,-12,🚨 YES,유상증자결정(종속회사의주요경영사항)              ,연결재무제표기준영업(잠정)실적(공정공시)              (+3),유상증자결정(종속회사의주요경영사항)              (-15),2026-05-27: 타법인주식및출자증권처분결정               | 2026-05-27: 생산중단               | 2026-05-27: 타법인주식및출자증권취득결정               | 2026-05-15: 분기보고서 (2026.03) | 2026-05-13: 연결재무제표기준영업(잠정)실적(공정공시)              ,9
금호타이어,073240,-12,🚨 YES,유상증자결정(종속회사의주요경영사항)              ,연결재무제표기준영업(잠정)실적(공정공시)              (+3),유상증자결정(종속회사의주요경영사항)              (-15),2026-05-14: 분기보고서 (2026.03) | 2026-05-14: 타법인주식및출자증권취득결정               | 2026-05-14: 유상증자결정(종속회사의주요경영사항)               | 2026-05-14: [기재정정]타인에대한채무보증결정               | 2026-04-28: 연결재무제표기준영업(잠정)실적(공정공시)              ,5
SKC,011790,-12,🚨 YES,[기재정정]주요사항보고서(유상증자결정),연결재무제표기준영업(잠정)실적(공정공시)              (+3),[기재정정]주요사항보고서(유상증자결정)(-15),2026-05-26: [기재정정]전환청구권ㆍ신주인수권ㆍ교환청구권행사               | 2026-05-26: 전환청구권ㆍ신주인수권ㆍ교환청구권행사               | 2026-05-22: 임원ㆍ주요주주특정증권등소유상황보고서 | 2026-05-22: 임원ㆍ주요주주특정증권등소유상황보고서 | 2026-05-22: 풍문또는보도에대한해명(미확정)(자회사의 주요경영사항)              ,32
콘텐트리중앙,036420,-12,🚨 YES,[기재정정]주요사항보고서(전환사채권발행결정),연결재무제표기준영업(잠정)실적(공정공시)              (+3),[기재정정]주요사항보고서(전환사채권발행결정)(-15),2026-05-26: 금전대여결정               | 2026-05-15: 분기보고서 (2026.03) | 2026-05-12: [기재정정]타법인주식및출자증권취득결정               | 2026-05-07: 연결재무제표기준영업(잠정)실적(공정공시)               | 2026-04-30: [기재정정]타법인주식및출자증권취득결정              ,7
대양전기공업,108380,-10,OK,,,주요사항보고서(자기주식처분결정)(-10),2026-05-18: 임원ㆍ주요주주특정증권등소유상황보고서 | 2026-05-18: 임원ㆍ주요주주특정증권등소유상황보고서 | 2026-05-18: 임원ㆍ주요주주특정증권등소유상황보고서 | 2026-05-18: 임원ㆍ주요주주특정증권등소유상황보고서 | 2026-05-18: 임원ㆍ주요주주특정증권등소유상황보고서,8
인텔리안테크,189300,-10,OK,,,주요사항보고서(자기주식처분결정)(-10),2026-05-15: 자기주식처분결과보고서 | 2026-05-15: 임원ㆍ주요주주특정증권등소유상황보고서 | 2026-05-15: 주식등의대량보유상황보고서(일반) | 2026-05-14: 분기보고서 (2026.03) | 2026-05-08: 주요사항보고서(자기주식처분결정),5
파버나인,177830,-10,OK,,[기재정정]주식소각결정              (+5) | 주식소각결정              (+5),[기재정정]최대주주변경을수반하는주식담보제공계약체결              (-5) | [기재정정]최대주주변경을수반하는주식담보제공계약체결              (-5) | [기재정정]최대주주변경을수반하는주식담보제공계약체결              (-5) | [기재정정]최대주주변경을수반하는주식담보제공계약체결              (-5),2026-05-26: 신탁계약에의한취득상황보고서 | 2026-05-19: [기재정정]최대주주변경을수반하는주식담보제공계약체결               | 2026-05-19: [기재정정]주식소각결정               | 2026-05-19: 주식소각결정               | 2026-05-15: 주식등의대량보유상황보고서(약식),15
리드코프,012700,-10,OK,,,주요사항보고서(자기주식처분결정)(-10),2026-05-26: 주식등의대량보유상황보고서(일반) | 2026-05-15: 분기보고서 (2026.03) | 2026-05-13: 주식등의대량보유상황보고서(일반) | 2026-05-06: 임원ㆍ주요주주특정증권등거래계획보고서 | 2026-05-06: 주요사항보고서(자기주식처분결정),6
SK증권,001510,-10,OK,,,주요사항보고서(자기주식처분결정)(-10),2026-05-22: 투자설명서(일괄신고) | 2026-05-22: 일괄신고추가서류(파생결합사채-주가연계파생결합사채) | 2026-05-22: 증권발행실적보고서 | 2026-05-21: 투자설명서(일괄신고) | 2026-05-21: 일괄신고추가서류(파생결합사채-주가연계파생결합사채),23
유진테크,084370,-10,OK,,,주요사항보고서(자기주식처분결정)(-10),2026-05-13: 분기보고서 (2026.03) | 2026-05-07: 주식등의대량보유상황보고서(약식) | 2026-05-06: 임원ㆍ주요주주특정증권등소유상황보고서 | 2026-05-06: 자기주식처분결과보고서 | 2026-04-29: 주요사항보고서(자기주식처분결정),6
디오,039840,-10,OK,,,주요사항보고서(자기주식처분결정)(-10),2026-05-18: 임원ㆍ주요주주특정증권등소유상황보고서 | 2026-05-18: 임원ㆍ주요주주특정증권등소유상황보고서 | 2026-05-18: 자기주식처분결과보고서 | 2026-05-13: 분기보고서 (2026.03) | 2026-04-30: 주요사항보고서(자기주식처분결정),5
티플랙스,081150,-10,OK,,,주요사항보고서(자기주식처분결정)(-10),2026-05-27: 주요사항보고서(자기주식처분결정) | 2026-05-15: 분기보고서 (2026.03) | 2026-05-13: 주식등의대량보유상황보고서(일반) | 2026-05-13: 임원ㆍ주요주주특정증권등소유상황보고서 | 2026-05-08: 임원ㆍ주요주주특정증권등소유상황보고서,7
HB테크놀러지,078150,-10,OK,,,주요사항보고서(자기주식처분결정)(-10),2026-05-27: 임원ㆍ주요주주특정증권등소유상황보고서 | 2026-05-27: 주요사항보고서(자기주식처분결정) | 2026-05-15: 분기보고서 (2026.03),3
SK하이닉스,000660,-10,OK,,,주요사항보고서(자기주식처분결정)(-10),2026-05-15: 임원ㆍ주요주주특정증권등소유상황보고서 | 2026-05-15: 분기보고서 (2026.03) | 2026-05-13: 주요사항보고서(자기주식처분결정) | 2026-05-08: 임원ㆍ주요주주특정증권등소유상황보고서 | 2026-05-07: 자기주식처분결과보고서,17
티엘아이,062860,-10,OK,,,주요사항보고서(자기주식처분결정)(-10),2026-05-15: 분기보고서 (2026.03) | 2026-04-28: 주요사항보고서(자기주식처분결정),2
조광페인트,004910,-10,OK,,,[기재정정]주요사항보고서(자기주식처분결정)(-10),2026-05-15: 분기보고서 (2026.03) | 2026-04-27: [기재정정]주요사항보고서(자기주식처분결정) | 2026-04-27: 자기교환사채만기전취득결정              ,3
HPSP,403870,-10,OK,,,주요사항보고서(자기주식처분결정)(-10),2026-05-26: 임원ㆍ주요주주특정증권등소유상황보고서 | 2026-05-22: 임원ㆍ주요주주특정증권등소유상황보고서 | 2026-05-15: 분기보고서 (2026.03) | 2026-05-13: 주요사항보고서(자기주식처분결정) | 2026-05-13: 주주명부폐쇄기간또는기준일설정              ,10
공구우먼,366030,-10,OK,,,[기재정정]최대주주변경을수반하는주식양수도계약체결              (-5) | [기재정정]최대주주변경을수반하는주식양수도계약체결              (-5),2026-05-21: [기재정정]주식등의대량보유상황보고서(일반) | 2026-05-20: [기재정정]주식등의대량보유상황보고서(일반) | 2026-05-20: [기재정정]주주총회소집공고 | 2026-05-20: [기재정정]주주총회소집결의              (임시주주총회) | 2026-05-19: [기재정정]최대주주변경을수반하는주식양수도계약체결              ,13
피엠티,147760,-10,🚨 YES,[기재정정]주요사항보고서(유상증자결정),단일판매ㆍ공급계약체결              (+5),[기재정정]주요사항보고서(유상증자결정)(-15),2026-05-27: 주식등의대량보유상황보고서(약식) | 2026-05-20: 단일판매ㆍ공급계약체결               | 2026-05-18: [기재정정]증권신고서(지분증권) | 2026-05-12: 권리락              (유상증자) | 2026-05-12: 투자설명서,9
제이씨케미칼,137950,-10,OK,,,주요사항보고서(자기주식처분결정)(-10),2026-05-26: 기업설명회(IR)개최               | 2026-05-15: 분기보고서 (2026.03) | 2026-05-07: 임원ㆍ주요주주특정증권등소유상황보고서 | 2026-04-30: 자기주식처분결과보고서 | 2026-04-28: 주요사항보고서(자기주식처분결정),5
동양,001520,-10,🚨 YES,주요사항보고서(유상증자결정),[기재정정]단일판매ㆍ공급계약체결              (+5),주요사항보고서(유상증자결정)(-15),2026-05-21: 임원ㆍ주요주주특정증권등소유상황보고서 | 2026-05-21: 수시공시의무관련사항(공정공시)               | 2026-05-20: 유상증자또는주식관련사채등의발행결과(자율공시)               | 2026-05-18: 주식등의대량보유상황보고서(일반) | 2026-05-18: 임원ㆍ주요주주특정증권등소유상황보고서,13
지노믹트리,228760,-10,OK,,,주요사항보고서(자기주식처분결정)(-10),2026-05-22: 임원ㆍ주요주주특정증권등소유상황보고서 | 2026-05-22: 임원ㆍ주요주주특정증권등소유상황보고서 | 2026-05-22: 임원ㆍ주요주주특정증권등소유상황보고서 | 2026-05-22: 임원ㆍ주요주주특정증권등소유상황보고서 | 2026-05-22: 자기주식처분결과보고서,7
아이패밀리에스씨,114840,-10,OK,,,주요사항보고서(자기주식처분결정)(-10),2026-05-27: 임원ㆍ주요주주특정증권등소유상황보고서 | 2026-05-27: 임원ㆍ주요주주특정증권등소유상황보고서 | 2026-05-27: 임원ㆍ주요주주특정증권등소유상황보고서 | 2026-05-27: 자기주식처분결과보고서 | 2026-05-21: 주요사항보고서(자기주식처분결정),10
에스넷,038680,-10,OK,,,주요사항보고서(자기주식처분결정)(-10),2026-05-19: 임원ㆍ주요주주특정증권등소유상황보고서 | 2026-05-19: 임원ㆍ주요주주특정증권등소유상황보고서 | 2026-05-19: 임원ㆍ주요주주특정증권등소유상황보고서 | 2026-05-19: 임원ㆍ주요주주특정증권등소유상황보고서 | 2026-05-19: 임원ㆍ주요주주특정증권등소유상황보고서,8
삼영엠텍,054540,-10,OK,,,최대주주변경을수반하는주식담보제공계약체결              (-5) | 최대주주변경을수반하는주식담보제공계약해제ㆍ취소등              (-5),2026-05-14: 분기보고서 (2026.03) | 2026-05-04: [기재정정]타인에대한채무보증결정               | 2026-05-04: 주식등의대량보유상황보고서(일반) | 2026-04-30: 소속부변경               | 2026-04-30: 최대주주변경을수반하는주식담보제공계약체결              ,7
비투엔,307870,-10,OK,,,[기재정정]최대주주변경을수반하는주식양수도계약체결              (-5) | [기재정정]최대주주변경을수반하는주식양수도계약체결              (-5),2026-05-26: 주식등의대량보유상황보고서(일반) | 2026-05-22: [기재정정]주요사항보고서(자기전환사채매도결정) | 2026-05-22: [기재정정]주요사항보고서(자기전환사채매도결정) | 2026-05-22: [기재정정]주요사항보고서(자기전환사채매도결정) | 2026-05-20: [기재정정]최대주주변경을수반하는주식양수도계약체결              ,10
고려제약,014570,-10,OK,,,주요사항보고서(자기주식처분결정)(-10),2026-05-19: 자기주식처분결과보고서 | 2026-05-18: 주요사항보고서(자기주식처분결정) | 2026-05-15: 분기보고서 (2026.03) | 2026-04-30: 소속부변경              ,4
다우데이타,032190,-10,OK,,,[기재정정]최대주주변경을수반하는주식담보제공계약체결              (-5) | [기재정정]최대주주변경을수반하는주식담보제공계약체결              (-5),2026-05-27: 주식등의대량보유상황보고서(일반) | 2026-05-27: [기재정정]최대주주변경을수반하는주식담보제공계약체결               | 2026-05-26: [기재정정]최대주주변경을수반하는주식담보제공계약체결               | 2026-05-15: 분기보고서 (2026.03) | 2026-04-30: 특수관계인에대한담보제공,5
슈피겐코리아,192440,-10,OK,,,주요사항보고서(자기주식처분결정)(-10),2026-05-27: 임원ㆍ주요주주특정증권등소유상황보고서 | 2026-05-20: 임원ㆍ주요주주특정증권등소유상황보고서 | 2026-05-19: 자기주식처분결과보고서 | 2026-05-18: 주식등의대량보유상황보고서(일반) | 2026-05-15: 주식등의대량보유상황보고서(일반),8
아이씨에이치,368600,-10,OK,,,주요사항보고서(자기주식처분결정)(-10),2026-05-26: 전환청구권행사              (제4회차) | 2026-05-26: 임원ㆍ주요주주특정증권등소유상황보고서 | 2026-05-18: 주식등의대량보유상황보고서(일반) | 2026-05-18: 임원ㆍ주요주주특정증권등소유상황보고서 | 2026-05-18: 임원ㆍ주요주주특정증권등소유상황보고서,12
큐렉소,060280,-10,🚨 YES,[첨부정정]주요사항보고서(전환사채권발행결정),단일판매ㆍ공급계약체결              (+5),[첨부정정]주요사항보고서(전환사채권발행결정)(-15),2026-05-22: [기재정정]기업설명회(IR)개최               | 2026-05-21: 기업설명회(IR)개최               | 2026-05-20: 단일판매ㆍ공급계약체결               | 2026-05-20: [첨부정정]주요사항보고서(전환사채권발행결정) | 2026-05-13: 분기보고서 (2026.03),6
이마트,139480,-9,🚨 YES,유상증자결정(종속회사의주요경영사항)              ,영업(잠정)실적(공정공시)              (+3) | 연결재무제표기준영업(잠정)실적(공정공시)              (+3),유상증자결정(종속회사의주요경영사항)              (-15),2026-05-21: [기재정정]주요사항보고서(주식교환ㆍ이전결정) | 2026-05-21: [첨부정정]증권신고서(주식의포괄적교환ㆍ이전) | 2026-05-21: [기재정정]증권신고서(주식의포괄적교환ㆍ이전) | 2026-05-14: 특수관계인에대한자산양도 | 2026-05-14: 특수관계인에대한출자,14
인바디,041830,-7,OK,,연결재무제표기준영업(잠정)실적(공정공시)              (+3),주요사항보고서(자기주식처분결정)(-10),2026-05-20: 주요사항보고서(자기주식처분결정) | 2026-05-14: 분기보고서 (2026.03) | 2026-05-07: 연결재무제표기준영업(잠정)실적(공정공시)               | 2026-04-28: 주식등의대량보유상황보고서(일반) | 2026-04-28: 주식등의대량보유상황보고서(약식),5
대교,019680,-7,OK,,연결재무제표기준영업(잠정)실적(공정공시)              (+3),주요사항보고서(자기주식처분결정)(-10),2026-05-15: 분기보고서 (2026.03) | 2026-05-07: 연결재무제표기준영업(잠정)실적(공정공시)               | 2026-04-27: 임원ㆍ주요주주특정증권등거래계획보고서 | 2026-04-27: 주요사항보고서(자기주식처분결정),4
씨젠,096530,-7,OK,,연결재무제표기준영업(잠정)실적(공정공시)              (+3),주요사항보고서(자기주식처분결정)(-10),2026-05-21: 자기주식처분결과보고서 | 2026-05-15: 분기보고서 (2026.03) | 2026-05-15: [기재정정]사업보고서 (2024.12) | 2026-05-08: 연결재무제표기준영업(잠정)실적(공정공시)               | 2026-05-06: 중간(분기)배당을위한주주명부폐쇄(기준일)결정              ,10
아모레퍼시픽,090430,-7,OK,,연결재무제표기준영업(잠정)실적(공정공시)              (+3),주요사항보고서(자기주식처분결정)(-10),2026-05-26: 기업설명회(IR)개최(안내공시)               | 2026-05-22: 주식등의대량보유상황보고서(일반) | 2026-05-15: 동일인등출자계열회사와의상품ㆍ용역거래변경 | 2026-05-15: 분기보고서 (2026.03) | 2026-05-08: 기업설명회(IR)개최(안내공시)              ,8
한올바이오파마,009420,-7,OK,,연결재무제표기준영업(잠정)실적(공정공시)              (+3),주요사항보고서(자기주식처분결정)(-10),2026-05-20: [기재정정]투자판단관련주요경영사항               | 2026-05-15: 분기보고서 (2026.03) | 2026-05-06: 자기주식처분결과보고서 | 2026-05-06: 임원ㆍ주요주주특정증권등소유상황보고서 | 2026-05-06: 임원ㆍ주요주주특정증권등소유상황보고서,9
SK네트웍스,001740,-7,OK,,연결재무제표기준영업(잠정)실적(공정공시)              (+3),주요사항보고서(자기주식처분결정)(-10),2026-05-22: [기재정정]타법인주식및출자증권취득결정(자율공시)               | 2026-05-15: 분기보고서 (2026.03) | 2026-05-13: 연결재무제표기준영업(잠정)실적(공정공시)               | 2026-05-07: 기업설명회(IR)개최(안내공시)               | 2026-05-07: 결산실적공시예고(안내공시)              ,17
빛과전자,069540,-6,🚨 YES,주요사항보고서(전환사채권발행결정),[첨부정정]주요사항보고서(회사합병결정)(+3) | 주요사항보고서(회사합병결정)(+3) | [기재정정]유형자산취득결정(자율공시)(종속회사의주요경영사항)              (+3),주요사항보고서(전환사채권발행결정)(-15),2026-05-26: 증권발행결과(자율공시)              (제17회차) | 2026-05-22: 전환청구권행사              (제13회차) | 2026-05-21: 전환청구권행사              (제13회차) | 2026-05-21: [첨부정정]주요사항보고서(회사합병결정) | 2026-05-20: 주주명부폐쇄기간또는기준일설정              ,19
알로이스,297570,-5,OK,,,최대주주변경을수반하는주식양수도계약체결              (-5),2026-05-27: 의결권대리행사권유참고서류 | 2026-05-27: 주주총회소집공고 | 2026-05-27: [기재정정]주주총회소집결의              (임시주주총회) | 2026-05-22: 소송등의제기ㆍ신청(경영권분쟁소송)              (임시의장 선임 가처분) | 2026-05-18: 소송등의제기ㆍ신청(경영권분쟁소송)              (주주총회소집허가),14
제이스코홀딩스,023440,-5,OK,,,[기재정정]최대주주변경을수반하는주식담보제공계약체결              (-5),2026-05-15: 분기보고서 (2026.03) | 2026-05-11: 주식등의대량보유상황보고서(일반) | 2026-05-08: 주주총회소집결의              (임시주주총회) | 2026-05-08: 주주명부폐쇄기간또는기준일설정               | 2026-05-04: [기재정정]최대주주변경을수반하는주식담보제공계약체결              ,5
크레버스,096240,-5,OK,,,[기재정정]최대주주변경을수반하는주식담보제공계약체결              (-5),2026-05-22: [기재정정]최대주주변경을수반하는주식담보제공계약체결               | 2026-05-22: 임원ㆍ주요주주특정증권등소유상황보고서 | 2026-05-21: 주식등의대량보유상황보고서(일반) | 2026-05-21: 임원ㆍ주요주주특정증권등소유상황보고서 | 2026-05-21: 임원ㆍ주요주주특정증권등소유상황보고서,13
디티앤씨,187220,-5,OK,,,[기재정정]최대주주변경을수반하는주식담보제공계약체결              (-5),2026-05-26: 신규시설투자등               | 2026-05-26: 임원ㆍ주요주주특정증권등소유상황보고서 | 2026-05-26: 주식등의대량보유상황보고서(일반) | 2026-05-22: 주식등의대량보유상황보고서(약식) | 2026-05-15: 분기보고서 (2026.03),8
넥스턴앤롤코리아,089140,-5,OK,,,[기재정정]최대주주변경을수반하는주식담보제공계약체결              (-5),2026-05-15: 분기보고서 (2026.03) | 2026-05-06: 주식등의대량보유상황보고서(일반) | 2026-05-06: 주식등의대량보유상황보고서(약식) | 2026-04-30: [기재정정]최대주주변경을수반하는주식담보제공계약체결              ,4
코스맥스비티아이,044820,-5,OK,,,최대주주변경              (-5),2026-05-27: 최대주주변경               | 2026-05-20: [기재정정]타인에대한채무보증결정(자회사의 주요경영사항)               | 2026-05-19: 신규시설투자등(자회사의 주요경영사항)               | 2026-05-19: 타인에대한채무보증결정(자회사의 주요경영사항)               | 2026-05-14: 분기보고서 (2026.03),7
씨앤지하이테크,264660,-5,OK,,,[기재정정]최대주주변경을수반하는주식담보제공계약체결              (-5),2026-05-15: 분기보고서 (2026.03) | 2026-05-11: 교환청구권행사               | 2026-04-27: [기재정정]최대주주변경을수반하는주식담보제공계약체결               | 2026-04-27: 주식등의대량보유상황보고서(일반),4
오이솔루션,138080,-5,OK,,,[기재정정]최대주주변경을수반하는주식담보제공계약체결              (-5),2026-05-22: 주식등의대량보유상황보고서(일반) | 2026-05-22: [기재정정]최대주주변경을수반하는주식담보제공계약체결               | 2026-05-19: 임원ㆍ주요주주특정증권등소유상황보고서 | 2026-05-15: 주식등의대량보유상황보고서(일반) | 2026-05-15: 임원ㆍ주요주주특정증권등소유상황보고서,8
수성웹툰,084180,-5,OK,,,[기재정정]최대주주변경을수반하는주식담보제공계약체결              (-5),2026-05-26: 전환사채(해외전환사채포함)발행후만기전사채취득              (제24회차) | 2026-05-15: 분기보고서 (2026.03) | 2026-05-15: 주식등의대량보유상황보고서(일반) | 2026-05-11: 주식등의대량보유상황보고서(약식) | 2026-05-11: 주식등의대량보유상황보고서(일반),9
코난테크놀로지,402030,-5,OK,,,[기재정정]최대주주변경을수반하는주식담보제공계약체결              (-5),2026-05-15: 분기보고서 (2026.03) | 2026-05-12: 임원ㆍ주요주주특정증권등소유상황보고서 | 2026-04-30: [기재정정]최대주주변경을수반하는주식담보제공계약체결               | 2026-04-30: 주식등의대량보유상황보고서(일반),4
SY동아,041930,-5,OK,,,최대주주변경을수반하는주식담보제공계약체결              (-5),2026-05-14: 분기보고서 (2026.03) | 2026-05-04: 주식등의대량보유상황보고서(일반) | 2026-05-04: 최대주주변경을수반하는주식담보제공계약체결              ,3
서부T&D,006730,-5,OK,,,[기재정정]최대주주변경을수반하는주식담보제공계약체결              (-5),2026-05-19: 기업설명회(IR)개최               | 2026-05-15: 분기보고서 (2026.03) | 2026-05-15: 주식등의대량보유상황보고서(일반) | 2026-05-11: [기재정정]최대주주변경을수반하는주식담보제공계약체결              ,4
신한알파리츠,293940,-5,OK,,,최대주주변경              (-5),2026-05-22: 의결권대리행사권유참고서류 | 2026-05-22: 주주총회소집공고 | 2026-05-22: 주주총회소집결의               | 2026-05-21: 임원ㆍ주요주주특정증권등소유상황보고서 | 2026-05-14: 임원ㆍ주요주주특정증권등소유상황보고서,12
원익홀딩스,030530,-5,OK,,,[기재정정]최대주주변경을수반하는주식담보제공계약체결              (-5),2026-05-15: 분기보고서 (2026.03) | 2026-05-11: 주식등의대량보유상황보고서(일반) | 2026-04-30: [기재정정]최대주주변경을수반하는주식담보제공계약체결              ,3
삼표시멘트,038500,-5,OK,,,[기재정정]최대주주변경을수반하는주식담보제공계약체결              (-5),2026-05-15: 분기보고서 (2026.03) | 2026-04-30: 주식등의대량보유상황보고서(일반) | 2026-04-30: 동일인등출자계열회사와의상품ㆍ용역거래변경 | 2026-04-29: [기재정정]최대주주변경을수반하는주식담보제공계약체결              ,4
엠에스오토텍,123040,-5,OK,,,최대주주변경을수반하는주식담보제공계약체결              (-5),2026-05-22: 증권발행결과(자율공시)               | 2026-05-19: 주식등의대량보유상황보고서(일반) | 2026-05-15: 분기보고서 (2026.03) | 2026-05-14: 최대주주변경을수반하는주식담보제공계약체결               | 2026-05-14: 금전대여결정              ,7
SK텔레콤,017670,-4,OK,,연결재무제표기준영업(잠정)실적(공정공시)              (+3) | 영업(잠정)실적(공정공시)              (+3),주요사항보고서(자기주식처분결정)(-10),2026-05-18: 임원ㆍ주요주주특정증권등소유상황보고서 | 2026-05-18: 임원ㆍ주요주주특정증권등소유상황보고서 | 2026-05-18: 임원ㆍ주요주주특정증권등소유상황보고서 | 2026-05-18: 임원ㆍ주요주주특정증권등소유상황보고서 | 2026-05-18: 임원ㆍ주요주주특정증권등소유상황보고서,65
유한양행,000100,-2,🚨 YES,[기재정정]유상증자결정(종속회사의주요경영사항)              ,단일판매ㆍ공급계약체결              (+5) | 단일판매ㆍ공급계약체결              (+5) | 영업(잠정)실적(공정공시)              (+3),[기재정정]유상증자결정(종속회사의주요경영사항)              (-15),2026-05-27: 임원ㆍ주요주주특정증권등소유상황보고서 | 2026-05-20: 기업설명회(IR)개최(안내공시)               | 2026-05-20: 단일판매ㆍ공급계약체결               | 2026-05-15: 분기보고서 (2026.03) | 2026-05-14: 기타경영사항(자율공시)              ,18
크래프톤,259960,-2,OK,,연결재무제표기준영업(잠정)실적(공정공시)              (+3) | 주요사항보고서(자기주식취득결정)(+5),주요사항보고서(자기주식처분결정)(-10),2026-05-27: 임원ㆍ주요주주특정증권등소유상황보고서 | 2026-05-27: 최대주주등소유주식변동신고서               | 2026-05-27: 주식등의대량보유상황보고서(일반) | 2026-05-15: 분기보고서 (2026.03) | 2026-05-15: [기재정정]사업보고서 (2025.12),16
넥써쓰,205500,-2,🚨 YES,[기재정정]주요사항보고서(유상증자결정),연결재무제표기준영업(잠정)실적(공정공시)              (+3) | [기재정정]단일판매ㆍ공급계약체결              (+5) | [기재정정]단일판매ㆍ공급계약체결              (+5),[기재정정]주요사항보고서(유상증자결정)(-15),2026-05-14: 분기보고서 (2026.03) | 2026-05-14: [기재정정]주요사항보고서(유상증자결정) | 2026-05-07: 주식매수선택권부여에관한신고 | 2026-05-07: [기재정정]주식매수선택권부여에관한신고 | 2026-05-07: [기재정정]주식매수선택권부여에관한신고,10
프리시젼바이오,335810,0,OK,,,,2026-05-15: 전환사채(해외전환사채포함)발행후만기전사채취득               | 2026-05-14: 분기보고서 (2026.03) | 2026-05-08: 전환사채(해외전환사채포함)발행후만기전사채취득              ,3
원림,005820,0,OK,,,,2026-05-27: 주주명부폐쇄기간또는기준일설정               | 2026-05-27: 주주총회소집결의               | 2026-05-15: 분기보고서 (2026.03),3
알비더블유,361570,0,OK,,,,2026-05-20: 임원ㆍ주요주주특정증권등소유상황보고서 | 2026-05-15: 분기보고서 (2026.03) | 2026-05-12: 임원ㆍ주요주주특정증권등소유상황보고서 | 2026-05-12: 주식등의대량보유상황보고서(일반),4
이지스밸류플러스리츠,334890,0,OK,,,,2026-05-21: 부동산투자회사자금차입               | 2026-05-21: 사업보고서 (2026.02) | 2026-05-21: 임원ㆍ주요주주특정증권등소유상황보고서 | 2026-05-21: 감사보고서제출               | 2026-05-14: 임원ㆍ주요주주특정증권등소유상황보고서,15
아스플로,159010,0,OK,,,,2026-05-11: 분기보고서 (2026.03) | 2026-05-07: 기업설명회(IR)개최               | 2026-05-06: 주식등의대량보유상황보고서(일반) | 2026-05-04: 임원ㆍ주요주주특정증권등소유상황보고서,4
안트로젠,065660,0,OK,,,,2026-05-15: [기재정정]사업보고서 (2025.12) | 2026-05-15: [기재정정]분기보고서 (2026.03) | 2026-05-15: 분기보고서 (2026.03),3
한국전자홀딩스,006200,0,OK,,,,2026-05-14: 분기보고서 (2026.03) | 2026-05-11: 전환가액ㆍ신주인수권행사가액ㆍ교환가액의조정(안내공시)               | 2026-05-07: 임원ㆍ주요주주특정증권등소유상황보고서 | 2026-05-06: 임원ㆍ주요주주특정증권등소유상황보고서 | 2026-04-30: [기재정정]주식매수선택권부여에관한신고,7
효성오앤비,097870,0,OK,,,,2026-05-15: 주식등의대량보유상황보고서(일반) | 2026-05-15: 임원ㆍ주요주주특정증권등소유상황보고서 | 2026-05-15: 분기보고서 (2026.03) | 2026-05-06: 주식등의대량보유상황보고서(일반) | 2026-04-30: 주주명부폐쇄기간또는기준일설정              ,6
이삭엔지니어링,351330,0,OK,,,,2026-05-19: 주식등의대량보유상황보고서(일반) | 2026-05-15: 분기보고서 (2026.03) | 2026-05-13: 주주총회소집공고,3
새빗켐,107600,0,OK,,,,2026-05-15: [기재정정]분기보고서 (2026.03) | 2026-05-15: [기재정정]분기보고서 (2026.03) | 2026-05-15: 분기보고서 (2026.03) | 2026-04-29: 임원ㆍ주요주주특정증권등소유상황보고서 | 2026-04-28: 주식등의대량보유상황보고서(일반),5
우진,105840,0,OK,,,,2026-05-27: 주식등의대량보유상황보고서(일반) | 2026-05-27: 임원ㆍ주요주주특정증권등소유상황보고서 | 2026-05-18: 기업설명회(IR)개최(안내공시)               | 2026-05-15: 분기보고서 (2026.03) | 2026-05-06: 기업설명회(IR)개최(안내공시)              ,5
갤럭시아에스엠,011420,0,OK,,,,2026-05-26: 사외이사의선임ㆍ해임또는중도퇴임에관한신고 | 2026-05-21: [기재정정]지급수단별ㆍ지급기간별지급금액및분쟁조정기구에관한사항 | 2026-05-15: 분기보고서 (2026.03),3
러셀,217500,0,OK,,,,2026-05-15: 분기보고서 (2026.03) | 2026-05-15: 주주총회소집결의              (임시주주총회) | 2026-05-15: 주주명부폐쇄기간또는기준일설정              ,3
세동,053060,0,OK,,,,2026-05-27: 임원ㆍ주요주주특정증권등거래계획보고서 | 2026-05-27: 임원ㆍ주요주주특정증권등거래계획보고서 | 2026-05-15: 분기보고서 (2026.03) | 2026-05-12: 소송등의제기ㆍ신청(경영권분쟁소송)              (임시주주총회소집허가) | 2026-05-06: 소송등의제기ㆍ신청(경영권분쟁소송)              (회계장부 열람ㆍ등사 가처분신청),5
세코닉스,053450,0,OK,,,,2026-05-19: 의결권대리행사권유참고서류 | 2026-05-19: 주주총회소집공고 | 2026-05-15: 분기보고서 (2026.03) | 2026-05-13: 주주총회소집결의              (임시주주총회),4
티로보틱스,117730,0,OK,,,,2026-05-26: 신주인수권행사가액의조정               | 2026-05-15: 분기보고서 (2026.03) | 2026-05-08: 주식등의대량보유상황보고서(일반),3
한국비엔씨,256840,0,OK,,,,2026-05-15: 분기보고서 (2026.03) | 2026-04-30: 소속부변경               | 2026-04-27: 기타시장안내(약명및영문명)              ,3
하나36호스팩,0101C0,0,OK,,,,2026-05-15: 분기보고서 (2026.03) | 2026-05-07: 주식등의대량보유상황보고서(약식) | 2026-05-06: 주식등의대량보유상황보고서(약식),3
하나금융지주,086790,0,OK,,,,2026-05-22: [발행조건확정]증권신고서(채무증권) | 2026-05-22: [기재정정]증권신고서(채무증권) | 2026-05-22: [기재정정]주요사항보고서(상각형조건부자본증권발행결정) | 2026-05-19: 기업설명회(IR)개최(안내공시)               | 2026-05-18: 증권신고서(채무증권),15
NICE평가정보,030190,0,OK,,,,2026-05-22: [기재정정]기타경영사항(자율공시)(종속회사의주요경영사항)               | 2026-05-22: 기타경영사항(자율공시)(종속회사의주요경영사항)               | 2026-05-15: 기업설명회(IR)개최(안내공시)               | 2026-05-14: 분기보고서 (2026.03) | 2026-04-29: 기업가치제고계획(자율공시)              ,6
유비온,084440,0,OK,,,,2026-05-15: 반기보고서 (2026.03) | 2026-05-12: 주식등의대량보유상황보고서(일반) | 2026-05-12: 임원ㆍ주요주주특정증권등소유상황보고서 | 2026-05-12: 임원ㆍ주요주주특정증권등소유상황보고서,4
에이치엔에스하이텍,044990,0,OK,,,,2026-05-21: 임원ㆍ주요주주특정증권등소유상황보고서 | 2026-05-20: 임원ㆍ주요주주특정증권등소유상황보고서 | 2026-04-30: 분기보고서 (2026.03),3
DH오토웨어,025440,0,OK,,,,2026-05-26: 임원ㆍ주요주주특정증권등소유상황보고서 | 2026-05-15: 주주총회소집공고 | 2026-05-15: 분기보고서 (2026.03) | 2026-05-13: [기재정정]주주총회소집결의              (임시주주총회),4
에이비온,203400,0,OK,,,,2026-05-26: 주식등의대량보유상황보고서(약식) | 2026-05-22: 주식등의대량보유상황보고서(일반) | 2026-05-22: 임원ㆍ주요주주특정증권등소유상황보고서 | 2026-05-15: 분기보고서 (2026.03) | 2026-04-29: 임원ㆍ주요주주특정증권등소유상황보고서,6
태웅로직스,124560,0,OK,,,,2026-05-15: [기재정정]분기보고서 (2026.03) | 2026-05-15: 분기보고서 (2026.03) | 2026-05-11: 주식등의대량보유상황보고서(약식) | 2026-05-07: 주식등의대량보유상황보고서(일반) | 2026-04-30: 증권발행결과(자율공시)              ,5
덕산하이메탈,077360,0,OK,,,,2026-05-15: 분기보고서 (2026.03) | 2026-05-13: 의결권대리행사권유참고서류 | 2026-05-13: 주주총회소집공고 | 2026-05-13: 기업설명회(IR)개최               | 2026-04-30: 소속부변경              ,5
토박스코리아,215480,0,OK,,,,2026-05-14: 임시주주총회결과               | 2026-05-13: 분기보고서 (2026.03) | 2026-04-29: 주주총회소집공고,3
큐로셀,372320,0,OK,,,,2026-05-27: 주식매수선택권부여에관한신고 | 2026-05-22: 투자판단관련주요경영사항(임상시험계획변경승인신청)               | 2026-05-15: 임원ㆍ주요주주특정증권등소유상황보고서 | 2026-05-14: 분기보고서 (2026.03) | 2026-05-07: 주식등의대량보유상황보고서(약식),8
아이진,185490,0,OK,,,,2026-05-15: 분기보고서 (2026.03) | 2026-05-15: 주식등의대량보유상황보고서(일반) | 2026-05-07: 주식등의대량보유상황보고서(일반),3
삼영무역,002810,0,OK,,,,2026-05-27: 최대주주등소유주식변동신고서               | 2026-05-19: 최대주주등소유주식변동신고서               | 2026-05-15: 분기보고서 (2026.03),3
셀리드,299660,0,OK,,,,2026-05-22: 사외이사의선임ㆍ해임또는중도퇴임에관한신고 | 2026-05-22: 임시주주총회결과               | 2026-05-20: 임원ㆍ주요주주특정증권등소유상황보고서 | 2026-05-15: 분기보고서 (2026.03) | 2026-05-08: 투자판단관련주요경영사항              (COVID-19 예방 백신 AdCLD-CoV19-1 LP.8.1의 제2상 임상시험 계획 승인(IND) 신청 반려),10
액트로,290740,0,OK,,,,2026-05-15: 임원ㆍ주요주주특정증권등소유상황보고서 | 2026-05-14: 주식등의대량보유상황보고서(일반) | 2026-05-14: 분기보고서 (2026.03),3
엔바이오니아,317870,0,OK,,,,2026-05-22: 본점소재지변경               | 2026-05-22: 신규시설투자등               | 2026-05-14: 분기보고서 (2026.03) | 2026-05-07: 주식등의대량보유상황보고서(일반),4
다산디엠씨,208860,0,OK,,,,2026-05-15: 분기보고서 (2026.03) | 2026-05-15: 주식등의대량보유상황보고서(일반) | 2026-05-06: 단기차입금증가결정               | 2026-04-30: 소속부변경               | 2026-04-28: 주식등의대량보유상황보고서(일반),5
한빛레이저,452190,0,OK,,,,2026-05-15: 기업설명회(IR)개최               | 2026-05-15: 분기보고서 (2026.03) | 2026-04-29: 투자판단관련주요경영사항              (국책과제 선정(마이크로파 라디오미터 준광학 안테나시스템 및 저잡음수신기 개발)),3
브이원텍,251630,0,OK,,,,2026-05-15: 분기보고서 (2026.03) | 2026-05-11: 주식등의대량보유상황보고서(일반) | 2026-05-11: 임원ㆍ주요주주특정증권등소유상황보고서 | 2026-04-27: 주식등의대량보유상황보고서(일반) | 2026-04-27: 임원ㆍ주요주주특정증권등소유상황보고서,5
누보,332290,0,OK,,,,2026-05-27: 전환가액의조정               | 2026-05-14: 분기보고서 (2026.03) | 2026-05-12: 기업설명회(IR)개최              ,3
와이즈넛,096250,0,OK,,,,2026-05-27: 임시주주총회결과               | 2026-05-15: 분기보고서 (2026.03) | 2026-05-12: 의결권대리행사권유참고서류 | 2026-05-12: 주주총회소집공고,4
호전실업,111110,0,OK,,,,2026-05-18: 타인에대한채무보증결정               | 2026-05-15: [기재정정]분기보고서 (2026.03) | 2026-05-15: 분기보고서 (2026.03) | 2026-05-06: 주식등의대량보유상황보고서(일반),4
현대모비스,012330,0,OK,,,,2026-05-27: 기업설명회(IR)개최(안내공시)               | 2026-05-22: 기업설명회(IR)개최(안내공시)               | 2026-05-21: [기재정정]타법인주식및출자증권취득결정(자율공시)               | 2026-05-21: 기업설명회(IR)개최(안내공시)               | 2026-05-18: 기업설명회(IR)개최(안내공시)              ,7
두올,016740,0,OK,,,,2026-05-22: 주주명부폐쇄기간또는기준일설정               | 2026-05-22: 주주총회소집결의               | 2026-05-14: 분기보고서 (2026.03) | 2026-05-04: [기재정정]주식등의대량보유상황보고서(일반) | 2026-04-30: 주식등의대량보유상황보고서(일반),10
삼일제약,000520,0,OK,,,,2026-05-22: 최대주주등소유주식변동신고서               | 2026-05-22: 임원ㆍ주요주주특정증권등소유상황보고서 | 2026-05-20: 최대주주등소유주식변동신고서               | 2026-05-15: 분기보고서 (2026.03) | 2026-05-06: 임원ㆍ주요주주특정증권등소유상황보고서,7
녹원씨엔아이,065560,0,OK,,,,2026-05-26: 주요사항보고서(회사분할결정) | 2026-05-14: 분기보고서 (2026.03) | 2026-04-27: 주요사항보고서(타법인주식및출자증권양수결정),3
금강철강,053260,0,OK,,,,2026-05-21: 주주명부폐쇄기간또는기준일설정               | 2026-05-21: 주주총회소집결의              (임시주주총회) | 2026-05-15: 분기보고서 (2026.03),3
경방,000050,0,OK,,,,2026-05-15: 분기보고서 (2026.03) | 2026-04-28: 최대주주등소유주식변동신고서               | 2026-04-28: 주식등의대량보유상황보고서(일반),3
큐브엔터,182360,0,OK,,,,2026-05-15: 분기보고서 (2026.03) | 2026-05-13: 전환가액의조정               | 2026-05-12: 주식등의대량보유상황보고서(일반) | 2026-04-30: 주식등의대량보유상황보고서(일반),4
NEW,160550,0,OK,,,,2026-05-15: 분기보고서 (2026.03) | 2026-05-07: 주식등의대량보유상황보고서(약식) | 2026-05-06: [기재정정]전환가액의조정               | 2026-05-06: 전환가액의조정              ,4
제이피아이헬스케어,0010V0,0,OK,,,,2026-05-18: [기재정정]분기보고서 (2026.03) | 2026-05-13: 분기보고서 (2026.03) | 2026-05-07: 임원ㆍ주요주주특정증권등소유상황보고서,3
삼양식품,003230,0,OK,,,,2026-05-15: 기업설명회(IR)개최(안내공시)               | 2026-05-15: 주식등의대량보유상황보고서(일반) | 2026-05-13: 분기보고서 (2026.03) | 2026-05-06: 임원ㆍ주요주주특정증권등소유상황보고서,4
인벤티지랩,389470,0,OK,,,,2026-05-08: 임원ㆍ주요주주특정증권등소유상황보고서 | 2026-05-08: 임원ㆍ주요주주특정증권등소유상황보고서 | 2026-05-08: 임원ㆍ주요주주특정증권등소유상황보고서,3
미래나노텍,095500,0,OK,,,,2026-05-20: 주식등의대량보유상황보고서(일반) | 2026-05-15: 분기보고서 (2026.03) | 2026-04-27: 주식등의대량보유상황보고서(일반),3
한국캐피탈,023760,0,OK,,,,2026-05-27: 증권발행실적보고서 | 2026-05-26: 투자설명서(일괄신고) | 2026-05-26: 일괄신고추가서류 | 2026-05-22: 주주총회소집결의              (임시주주총회) | 2026-05-22: 주주명부폐쇄기간또는기준일설정              ,14
올리패스,244460,0,OK,,,,2026-05-15: 분기보고서 (2026.03) | 2026-05-15: 기타시장안내              (상장적격성 실질심사 사유 추가 관련 절차 미진행) | 2026-05-15: 반기또는분기매출액미달사실발생               | 2026-05-12: 기타경영사항(자율공시)               | 2026-05-07: 기타시장안내              (회생절차 개시신청 관련 시장안내),10
이니텍,053350,0,OK,,,,2026-05-19: 불성실공시법인미지정              (지정유예) | 2026-05-15: 분기보고서 (2026.03) | 2026-04-30: 주주명부폐쇄기간또는기준일설정               | 2026-04-30: 주주총회소집결의              (임시주주총회),4
와토스코리아,079000,0,OK,,,,2026-05-15: 분기보고서 (2026.03) | 2026-05-11: 신탁계약해지결과보고서 | 2026-05-11: 자기주식취득결과보고서,3
미디어젠,279600,0,OK,,,,2026-05-14: 분기보고서 (2026.03) | 2026-05-13: 주식등의대량보유상황보고서(일반) | 2026-04-30: 소속부변경              ,3
명문제약,017180,0,OK,,,,2026-05-15: 분기보고서 (2026.03) | 2026-04-30: 임원ㆍ주요주주특정증권등소유상황보고서 | 2026-04-30: 주식등의대량보유상황보고서(일반) | 2026-04-30: 임원ㆍ주요주주특정증권등소유상황보고서 | 2026-04-30: 임원ㆍ주요주주특정증권등소유상황보고서,11
신한카드,032710,0,OK,,,,2026-05-27: 일괄신고서 | 2026-05-26: [기재정정]일괄신고서 | 2026-05-22: 증권발행실적보고서 | 2026-05-21: 투자설명서(일괄신고) | 2026-05-21: 일괄신고추가서류,10
제일약품,271980,0,OK,,,,2026-05-18: [기재정정]분기보고서 (2026.03) | 2026-05-15: 분기보고서 (2026.03) | 2026-04-30: 주식등의대량보유상황보고서(일반),3
네오위즈홀딩스,042420,0,OK,,,,2026-05-18: 주요사항보고서(자기주식취득신탁계약체결결정) | 2026-05-15: 분기보고서 (2026.03) | 2026-04-30: 소속부변경              ,3
신원,009270,0,OK,,,,2026-05-15: [기재정정]분기보고서 (2026.03) | 2026-05-15: 분기보고서 (2026.03) | 2026-05-12: 주식등의대량보유상황보고서(일반),3
SH에너지화학,002360,0,OK,,,,2026-05-22: 신탁계약해지결과보고서 | 2026-05-15: 분기보고서 (2026.03) | 2026-05-13: 주요사항보고서(자기주식취득신탁계약해지결정) | 2026-04-30: 최대주주등소유주식변동신고서               | 2026-04-29: 자기주식취득결과보고서,5
다원시스,068240,0,OK,,,,2026-05-26: 거래처와의거래중단               | 2026-05-15: 분기보고서 (2026.03) | 2026-05-13: 기타시장안내              (실질심사 대상여부 결정을 위한 조사기간 연장 안내) | 2026-05-13: [기재정정]주식등의대량보유상황보고서(일반) | 2026-05-13: [기재정정]주식등의대량보유상황보고서(일반),7
온타이드,005320,0,OK,,,,2026-05-27: 기업지배구조보고서공시               | 2026-05-27: [기재정정]최대주주등소유주식변동신고서               | 2026-05-27: 최대주주등소유주식변동신고서               | 2026-05-15: 분기보고서 (2026.03),4
국제약품,002720,0,OK,,,,2026-05-27: 임원ㆍ주요주주특정증권등소유상황보고서 | 2026-05-20: [기재정정]타인에대한채무보증결정               | 2026-05-15: 분기보고서 (2026.03),3
KR모터스,000040,0,OK,,,,2026-05-15: 분기보고서 (2026.03) | 2026-05-11: 주주명부폐쇄기간또는기준일설정               | 2026-05-11: 주주총회소집결의               | 2026-05-11: 주식병합결정              ,4
일정실업,008500,0,OK,,,,2026-05-15: 최대주주등소유주식변동신고서               | 2026-05-15: [기재정정]주식등의대량보유상황보고서(일반) | 2026-05-14: 분기보고서 (2026.03) | 2026-05-12: 최대주주등소유주식변동신고서               | 2026-05-12: 주식등의대량보유상황보고서(일반),6
바이오플러스,099430,0,OK,,,,2026-05-27: 기업설명회(IR)개최               | 2026-05-14: 분기보고서 (2026.03) | 2026-04-30: 전환가액의조정               | 2026-04-28: 사외이사의선임ㆍ해임또는중도퇴임에관한신고,4
일신방직,003200,0,OK,,,,2026-05-27: 기업지배구조보고서공시               | 2026-05-15: 분기보고서 (2026.03) | 2026-05-14: [기재정정]타법인주식및출자증권취득결정(자율공시)               | 2026-05-06: [기재정정]타법인주식및출자증권처분결정              ,4
그리티,204020,0,OK,,,,2026-05-26: 임원ㆍ주요주주특정증권등소유상황보고서 | 2026-05-26: 주식등의대량보유상황보고서(일반) | 2026-05-18: 임원ㆍ주요주주특정증권등소유상황보고서 | 2026-05-15: 분기보고서 (2026.03) | 2026-05-12: 주식등의대량보유상황보고서(일반),5
초록뱀미디어,047820,0,OK,,,,2026-05-19: 주식등의대량보유상황보고서(일반) | 2026-05-19: 임원ㆍ주요주주특정증권등소유상황보고서 | 2026-05-19: [기재정정]주식등의대량보유상황보고서(일반) | 2026-05-15: 분기보고서 (2026.03) | 2026-05-12: 주식등의대량보유상황보고서(일반),10
에프앤가이드,064850,0,OK,,,,2026-05-22: 임원ㆍ주요주주특정증권등소유상황보고서 | 2026-05-13: 주식등의대량보유상황보고서(일반) | 2026-05-11: 분기보고서 (2026.03) | 2026-05-04: 주식등의대량보유상황보고서(약식),4
웰크론한텍,076080,0,OK,,,,2026-05-27: 주식등의대량보유상황보고서(일반) | 2026-05-27: 임원ㆍ주요주주특정증권등소유상황보고서 | 2026-05-27: 임원ㆍ주요주주특정증권등소유상황보고서 | 2026-05-18: 주식등의대량보유상황보고서(일반) | 2026-05-18: 임원ㆍ주요주주특정증권등소유상황보고서,10
케이사인,192250,0,OK,,,,2026-05-14: 분기보고서 (2026.03) | 2026-04-30: 의결권대리행사권유참고서류 | 2026-04-30: 주주총회소집공고 | 2026-04-27: 신탁계약에의한취득상황보고서,4
켐트로닉스,089010,0,OK,,,,2026-05-18: 타인에대한채무보증결정               | 2026-05-15: 분기보고서 (2026.03) | 2026-05-12: 주식등의대량보유상황보고서(일반),3
이노벡스,279060,0,OK,,,,2026-05-15: 주주명부폐쇄기간또는기준일설정               | 2026-05-15: 주주총회소집결의               | 2026-04-30: [기재정정]회생절차개시결정              ,3
인카금융서비스,211050,0,OK,,,,2026-05-15: 주식등의대량보유상황보고서(일반) | 2026-05-15: 임원ㆍ주요주주특정증권등소유상황보고서 | 2026-05-15: 분기보고서 (2026.03) | 2026-05-08: 임원ㆍ주요주주특정증권등소유상황보고서 | 2026-05-08: 합병등종료보고서(합병),8
국민은행,060000,0,OK,,,,2026-05-26: 증권발행실적보고서 | 2026-05-22: 투자설명서(일괄신고) | 2026-05-22: 일괄신고추가서류 | 2026-05-15: [기재정정]일괄신고서(파생결합증권-금적립계좌) | 2026-05-15: [기재정정]투자설명서(일괄신고),18
KT밀리의서재,418470,0,OK,,,,2026-05-22: 대표이사변경               | 2026-05-22: 임시주주총회결과               | 2026-05-14: 분기보고서 (2026.03) | 2026-05-08: 기업설명회(IR)개최               | 2026-05-07: 의결권대리행사권유참고서류,7
아이비김영,339950,0,OK,,,,2026-05-14: 분기보고서 (2026.03) | 2026-05-08: 주식등의대량보유상황보고서(일반) | 2026-05-04: [기재정정]주식매수선택권부여에관한신고 | 2026-04-30: 소속부변경               | 2026-04-28: 기타경영사항(자율공시)              (소규모합병 승인 이사회 결의(주주총회 갈음) 결과 보고),5
세화피앤씨,252500,0,OK,,,,2026-05-22: 주주명부폐쇄기간또는기준일설정               | 2026-05-22: 주주총회소집결의              (임시주주총회) | 2026-05-22: 주식병합결정              ,3
프로텍,053610,0,OK,,,,2026-05-21: 주식등의대량보유상황보고서(약식) | 2026-05-14: 분기보고서 (2026.03) | 2026-05-07: 주식등의대량보유상황보고서(일반) | 2026-05-04: 감자완료              ,4
STX,011810,0,OK,,,,2026-05-15: 분기보고서 (2026.03) | 2026-04-30: 최대주주등소유주식변동신고서               | 2026-04-30: 임원ㆍ주요주주특정증권등소유상황보고서 | 2026-04-30: 주식등의대량보유상황보고서(일반) | 2026-04-29: 단일판매ㆍ공급계약해지              ,6
아이스크림미디어,461300,0,OK,,,,2026-05-15: 분기보고서 (2026.03) | 2026-04-30: 소속부변경               | 2026-04-27: 기업설명회(IR)개최              ,3
디앤디플랫폼리츠,377190,0,OK,,,,2026-05-26: [기재정정]부동산투자회사자금차입               | 2026-05-21: 임원ㆍ주요주주특정증권등소유상황보고서 | 2026-05-20: 의결권대리행사권유참고서류 | 2026-05-20: 주주총회소집공고 | 2026-05-20: 부동산투자회사자금차입              ,9
위드텍,348350,0,OK,,,,2026-05-15: 분기보고서 (2026.03) | 2026-05-08: 주식등의대량보유상황보고서(일반) | 2026-04-30: 소속부변경              ,3
이스타코,015020,0,OK,,,,2026-05-15: 분기보고서 (2026.03) | 2026-05-12: [기재정정]주식병합결정               | 2026-05-12: 주주명부폐쇄기간또는기준일설정               | 2026-05-12: 주주총회소집결의               | 2026-04-28: 기타시장안내              (개선기간 부여),5
삼보산업,009620,0,OK,,,,2026-05-15: 분기보고서 (2026.03) | 2026-05-11: 주식등의대량보유상황보고서(일반) | 2026-05-11: 임원ㆍ주요주주특정증권등소유상황보고서 | 2026-04-29: 증권발행결과(자율공시)              (제3자배정 유상증자),4
와이바이오로직스,338840,0,OK,,,,2026-05-27: 주주명부폐쇄기간또는기준일설정               | 2026-05-27: 주주총회소집결의              (임시주주총회) | 2026-05-19: 임시주주총회결과               | 2026-05-15: 분기보고서 (2026.03),4
마스턴프리미어리츠,357430,0,OK,,,,2026-05-26: 기업설명회(IR)개최(안내공시)               | 2026-05-14: 부동산투자회사금전배당결정               | 2026-05-14: 자본잠식50%이상또는매출액50억원미만사실발생               | 2026-05-12: [첨부정정]기타경영사항(자율공시)               | 2026-05-12: 기타경영사항(자율공시)              ,5
삼성바이오로직스,207940,0,OK,,,,2026-05-20: 임원ㆍ주요주주특정증권등소유상황보고서 | 2026-05-15: 분기보고서 (2026.03) | 2026-05-15: [기재정정]사업보고서 (2025.12) | 2026-05-04: 최대주주등소유주식변동신고서              ,4
피에스케이,319660,0,OK,,,,2026-05-22: 주식등의대량보유상황보고서(일반) | 2026-05-19: 주식등의대량보유상황보고서(일반) | 2026-05-19: 임원ㆍ주요주주특정증권등소유상황보고서 | 2026-05-15: 분기보고서 (2026.03) | 2026-05-14: 주식등의대량보유상황보고서(일반),10
피씨엘,241820,0,OK,,,,2026-05-15: 기타시장안내              (관리종목 지정사유 추가 관련 시장조치사항 안내) | 2026-05-12: 기타시장안내              (회생절차 개시신청 관련 시장안내) | 2026-05-12: 주요사항보고서(회생절차개시신청),3
알티캐스트,085810,0,OK,,,,2026-05-15: 분기보고서 (2026.03) | 2026-05-07: 임원ㆍ주요주주특정증권등소유상황보고서 | 2026-05-07: 주식등의대량보유상황보고서(약식) | 2026-05-07: 임원ㆍ주요주주특정증권등소유상황보고서 | 2026-05-07: 주식등의대량보유상황보고서(일반),5
경남은행,192520,0,OK,,,,2026-05-22: 증권신고서(채무증권) | 2026-05-22: [기재정정]주요사항보고서(상각형조건부자본증권발행결정) | 2026-05-15: [기재정정]일괄신고서 | 2026-05-15: 분기보고서 (2026.03),4
덕양에너젠,0001A0,0,OK,,,,2026-05-15: 기타경영사항(자율공시)              (상장주관사의 신주인수권 행사결과) | 2026-05-14: 분기보고서 (2026.03) | 2026-05-11: 합병등종료보고서(자산양수도) | 2026-05-11: [기재정정]주요사항보고서(타법인주식및출자증권양수결정) | 2026-05-11: [기재정정]타법인주식및출자증권취득결정              ,10
나래나노텍,137080,0,OK,,,,2026-05-18: 자기주식취득결과보고서 | 2026-05-15: 분기보고서 (2026.03) | 2026-04-30: 소속부변경              ,3
신한제18호스팩,0129K0,0,OK,,,,2026-05-14: 분기보고서 (2026.03) | 2026-05-07: 주식등의대량보유상황보고서(약식) | 2026-05-04: 임원ㆍ주요주주특정증권등소유상황보고서 | 2026-05-04: 주식등의대량보유상황보고서(일반) | 2026-04-30: 임원ㆍ주요주주특정증권등소유상황보고서,6
우리금융캐피탈,033660,0,OK,,,,2026-05-27: 투자설명서(일괄신고) | 2026-05-27: [기재정정]일괄신고추가서류 | 2026-05-27: 일괄신고추가서류 | 2026-05-15: [기재정정]일괄신고서 | 2026-05-15: 분기보고서 (2026.03),11
코스모로보틱스,439960,0,OK,,,,2026-05-18: 임원ㆍ주요주주특정증권등소유상황보고서 | 2026-05-18: 임원ㆍ주요주주특정증권등소유상황보고서 | 2026-05-18: 임원ㆍ주요주주특정증권등소유상황보고서 | 2026-05-18: 임원ㆍ주요주주특정증권등소유상황보고서 | 2026-05-18: 임원ㆍ주요주주특정증권등소유상황보고서,16
세종텔레콤,036630,0,OK,,,,2026-05-15: 분기보고서 (2026.03) | 2026-05-08: 임원ㆍ주요주주특정증권등거래계획보고서 | 2026-05-07: 기업가치제고계획(자율공시)              (2026년 세종텔레콤(주) 기업가치 제고 계획) | 2026-04-30: 소속부변경              ,4
오건에코텍,212310,0,OK,,,,2026-05-11: 소송등의판결ㆍ결정(일정금액이상의청구)               | 2026-05-04: 기타시장안내              (개선계획 이행내역서 제출에 따른 안내) | 2026-04-29: [기재정정]사업보고서 (2025.12) | 2026-04-29: [기재정정]감사보고서제출              ,4
오비고,352910,0,OK,,,,2026-05-21: 임원ㆍ주요주주특정증권등소유상황보고서 | 2026-05-21: 주식등의대량보유상황보고서(일반) | 2026-05-15: 분기보고서 (2026.03) | 2026-05-14: 임원ㆍ주요주주특정증권등소유상황보고서 | 2026-05-14: 주식등의대량보유상황보고서(일반),5
대상홀딩스,084690,0,OK,,,,2026-05-18: 단기차입금증가결정(자회사의 주요경영사항)               | 2026-05-15: 분기보고서 (2026.03) | 2026-05-12: 주식등의대량보유상황보고서(약식),3
하나마이크론,067310,0,OK,,,,2026-05-21: 주식등의대량보유상황보고서(일반) | 2026-05-20: [기재정정]소송등의판결ㆍ결정              (주주총회결의취소) | 2026-05-20: 기업설명회(IR)개최               | 2026-05-14: 기업가치제고계획(자율공시)              (2025년 이행현황) | 2026-05-14: 주식매수선택권부여에관한신고,6
피제이메탈,128660,0,OK,,,,2026-05-22: [기재정정]주주총회소집결의              (임시주주총회) | 2026-05-22: 주주명부폐쇄기간또는기준일설정               | 2026-05-22: 주주총회소집결의              (임시주주총회) | 2026-05-15: 분기보고서 (2026.03) | 2026-04-30: 소속부변경              ,5
에코캡,128540,0,OK,,,,2026-05-15: 분기보고서 (2026.03) | 2026-05-14: 임원ㆍ주요주주특정증권등소유상황보고서 | 2026-05-14: 주식등의대량보유상황보고서(약식),3
선진뷰티사이언스,086710,0,OK,,,,2026-05-26: 주주총회소집공고 | 2026-05-15: 분기보고서 (2026.03) | 2026-05-07: 주주명부폐쇄기간또는기준일설정               | 2026-05-07: 주주총회소집결의              (임시주주총회) | 2026-05-07: 주요사항보고서(회사분할결정),6
평화산업,090080,0,OK,,,,2026-05-21: 임원ㆍ주요주주특정증권등소유상황보고서 | 2026-05-15: [기재정정]분기보고서 (2026.03) | 2026-05-15: 분기보고서 (2026.03) | 2026-05-11: 최대주주등소유주식변동신고서               | 2026-05-06: 임원ㆍ주요주주특정증권등소유상황보고서,6
서플러스글로벌,140070,0,OK,,,,2026-05-15: 분기보고서 (2026.03) | 2026-05-13: 임시주주총회결과               | 2026-04-30: 소속부변경               | 2026-04-28: 의결권대리행사권유참고서류 | 2026-04-28: 주주총회소집공고,5
에스에이엠티,031330,0,OK,,,,2026-05-27: 금전대여결정               | 2026-05-20: 임원ㆍ주요주주특정증권등소유상황보고서 | 2026-05-15: 분기보고서 (2026.03) | 2026-04-30: 타인에대한채무보증결정              ,4
에프에스티,036810,0,OK,,,,2026-05-14: 분기보고서 (2026.03) | 2026-04-30: 소속부변경               | 2026-04-28: 임원ㆍ주요주주특정증권등소유상황보고서 | 2026-04-28: 임원ㆍ주요주주특정증권등소유상황보고서 | 2026-04-28: 주식등의대량보유상황보고서(일반),5
빅솔론,093190,0,OK,,,,2026-05-22: 주식등의대량보유상황보고서(일반) | 2026-05-22: 임원ㆍ주요주주특정증권등소유상황보고서 | 2026-05-15: 임원ㆍ주요주주특정증권등소유상황보고서 | 2026-05-14: 분기보고서 (2026.03) | 2026-05-08: 임원ㆍ주요주주특정증권등소유상황보고서,5
파워넷,037030,0,OK,,,,2026-05-27: 주주총회소집결의              (임시주주총회) | 2026-05-27: 주주명부폐쇄기간또는기준일설정               | 2026-05-15: 분기보고서 (2026.03),3
아이컴포넌트,059100,0,OK,,,,2026-05-22: 임원ㆍ주요주주특정증권등소유상황보고서 | 2026-05-14: 주주총회소집결의              (임시주주총회) | 2026-05-14: 주주명부폐쇄기간또는기준일설정               | 2026-05-11: 분기보고서 (2026.03),4
에스제이그룹,306040,0,OK,,,,2026-05-14: 분기보고서 (2026.03) | 2026-05-13: 주주총회소집공고 | 2026-05-13: [기재정정]주주총회소집결의              (임시주주총회) | 2026-04-30: 소속부변경              ,4
ESR켄달스퀘어리츠,365550,0,OK,,,,2026-05-27: 기업설명회(IR)개최(안내공시)               | 2026-05-21: 임원ㆍ주요주주특정증권등소유상황보고서 | 2026-05-15: 주주명부폐쇄기간또는기준일설정               | 2026-05-14: 임원ㆍ주요주주특정증권등소유상황보고서 | 2026-05-11: [기재정정]기타경영사항(자율공시)(종속회사의주요경영사항)              ,11
KB발해인프라,415640,0,OK,,,,2026-05-11: 주식등의대량보유상황보고서(약식) | 2026-05-07: 주식등의대량보유상황보고서(약식) | 2026-05-04: 주식등의대량보유상황보고서(약식),3
대한뉴팜,054670,0,OK,,,,2026-05-26: 임원ㆍ주요주주특정증권등소유상황보고서 | 2026-05-19: 주식등의대량보유상황보고서(일반) | 2026-05-13: 분기보고서 (2026.03),3
동국씨엠,460850,0,OK,,,,2026-05-15: 분기보고서 (2026.03) | 2026-05-13: 타인에대한채무보증결정               | 2026-05-13: 타인에대한채무보증결정               | 2026-05-07: 주식등의대량보유상황보고서(약식),4
효성중공업,298040,0,OK,,,,2026-05-18: 의결권대리행사권유참고서류 | 2026-05-18: 주주총회소집공고 | 2026-05-14: 분기보고서 (2026.03) | 2026-05-14: 동일인등출자계열회사와의상품ㆍ용역거래변경 | 2026-05-11: 투자판단관련주요경영사항              ,6
대웅,003090,0,OK,,,,2026-05-26: 투자판단관련주요경영사항(자회사의 주요경영사항)              (엔블로젬(Envlozem)의 국내 품목허가 신청) | 2026-05-26: 투자판단관련주요경영사항(자회사의 주요경영사항)              (엔블로정(Envlo) 0.3mg 멕시코 품목허가 승인) | 2026-05-21: 투자판단관련주요경영사항(자회사의 주요경영사항)              (비만치료용 세마글루타이드(4주 장기지속형 주사제) 기술도입 계약 체결) | 2026-05-20: [기재정정]투자판단관련주요경영사항(자회사의 주요경영사항)              (mRNA 기반 Epigenetic Reprogramming of Aging (ERA) 기술이전 계약 지위 승계) | 2026-05-15: 분기보고서 (2026.03),8
알톤,123750,0,OK,,,,2026-05-15: 분기보고서 (2026.03) | 2026-05-11: 주식등의대량보유상황보고서(일반) | 2026-05-11: 임원ㆍ주요주주특정증권등소유상황보고서,3
평화홀딩스,010770,0,OK,,,,2026-05-15: [기재정정]분기보고서 (2026.03) | 2026-05-15: 분기보고서 (2026.03) | 2026-04-30: 타인에대한채무보증결정(자회사의 주요경영사항)              ,3
한세엠케이,069640,0,OK,,,,2026-05-26: 주주총회소집공고 | 2026-05-15: 분기보고서 (2026.03) | 2026-05-08: [기재정정]주주총회소집결의               | 2026-05-07: 최대주주등소유주식변동신고서               | 2026-05-07: 임원ㆍ주요주주특정증권등소유상황보고서,14
이렘,009730,0,OK,,,,2026-05-26: 불성실공시법인지정              (공시불이행) | 2026-05-21: 주주총회소집공고 | 2026-05-15: 분기보고서 (2026.03) | 2026-04-30: 불성실공시법인지정예고              (공시불이행) | 2026-04-29: [기재정정]사업보고서 (2021.12),5
대원화성,024890,0,OK,,,,2026-05-27: 최대주주등소유주식변동신고서               | 2026-05-15: 분기보고서 (2026.03) | 2026-05-07: 임원ㆍ주요주주특정증권등소유상황보고서 | 2026-05-07: 임원ㆍ주요주주특정증권등소유상황보고서 | 2026-05-07: 주식등의대량보유상황보고서(일반),9
삼천당제약,000250,0,OK,,,,2026-05-15: 분기보고서 (2026.03) | 2026-04-27: 주주명부폐쇄기간또는기준일설정               | 2026-04-27: 사외이사의선임ㆍ해임또는중도퇴임에관한신고 | 2026-04-27: 주주총회소집결의              (임시주주총회),4
삼양홀딩스,000070,0,OK,,,,2026-05-20: 벌금등의부과(자회사의 주요경영사항)               | 2026-05-15: 분기보고서 (2026.03) | 2026-05-12: [기재정정]벌금등의부과(자회사의 주요경영사항)               | 2026-04-30: [기재정정]벌금등의부과(자회사의 주요경영사항)               | 2026-04-30: [기재정정]벌금등의부과(자회사의 주요경영사항)              ,5
아이에이,038880,0,OK,,,,2026-05-26: 임시주주총회결과               | 2026-05-15: 분기보고서 (2026.03) | 2026-05-11: 의결권대리행사권유참고서류 | 2026-05-11: 임원ㆍ주요주주특정증권등소유상황보고서 | 2026-05-11: 임원ㆍ주요주주특정증권등소유상황보고서,6
에이텍모빌리티,224110,0,OK,,,,2026-05-26: 임원ㆍ주요주주특정증권등소유상황보고서 | 2026-05-19: 주식등의대량보유상황보고서(일반) | 2026-05-19: 임원ㆍ주요주주특정증권등소유상황보고서 | 2026-05-15: 분기보고서 (2026.03),4
체리부로,066360,0,OK,,,,2026-05-21: 주주총회소집결의              (임시주주총회) | 2026-05-21: 주주명부폐쇄기간또는기준일설정               | 2026-05-21: 주식병합결정               | 2026-05-14: 분기보고서 (2026.03),4
오스테오닉,226400,0,OK,,,,2026-05-14: 분기보고서 (2026.03) | 2026-05-06: 주주명부폐쇄기간또는기준일설정               | 2026-05-06: 주주총회소집결의              (임시주주총회),3
신한투자증권,008670,0,OK,,,,2026-05-27: 투자설명서(일괄신고) | 2026-05-27: 일괄신고추가서류(파생결합증권-주가연계증권) | 2026-05-27: 투자설명서(일괄신고) | 2026-05-27: 일괄신고추가서류(파생결합사채-주가연계파생결합사채) | 2026-05-27: 투자설명서(일괄신고),100
엠브레인,169330,0,OK,,,,2026-05-26: 현금ㆍ현물배당을위한주주명부폐쇄(기준일)결정               | 2026-05-19: 주식등의대량보유상황보고서(일반) | 2026-05-15: 분기보고서 (2026.03) | 2026-05-07: 주식등의대량보유상황보고서(일반),4
아이씨티케이,456010,0,OK,,,,2026-05-26: 전환청구권행사              (제5회차) | 2026-05-15: 분기보고서 (2026.03) | 2026-04-29: 임원ㆍ주요주주특정증권등소유상황보고서 | 2026-04-29: 임원ㆍ주요주주특정증권등소유상황보고서 | 2026-04-29: 임원ㆍ주요주주특정증권등소유상황보고서,9
한스바이오메드,042520,0,OK,,,,2026-05-14: 반기보고서 (2026.03) | 2026-05-08: 기업설명회(IR)개최               | 2026-05-04: 주식등의대량보유상황보고서(약식),3
알리코제약,260660,0,OK,,,,2026-05-26: 임원ㆍ주요주주특정증권등소유상황보고서 | 2026-05-26: 임원ㆍ주요주주특정증권등소유상황보고서 | 2026-05-26: 주식등의대량보유상황보고서(일반) | 2026-05-15: 분기보고서 (2026.03),4
에이플러스에셋,244920,0,OK,,,,2026-05-22: 최대주주등소유주식변동신고서               | 2026-05-15: 분기보고서 (2026.03) | 2026-04-30: 임원ㆍ주요주주특정증권등소유상황보고서 | 2026-04-30: 최대주주등소유주식변동신고서               | 2026-04-30: 주식등의대량보유상황보고서(일반),5
넥스트바이오메디컬,389650,0,OK,,,,2026-05-26: 임원ㆍ주요주주특정증권등소유상황보고서 | 2026-05-15: 분기보고서 (2026.03) | 2026-05-07: 임원ㆍ주요주주특정증권등소유상황보고서,3
신세계건설,034300,0,OK,,,,2026-05-15: 동일인등출자계열회사와의상품ㆍ용역거래변경 | 2026-05-14: 특수관계인으로부터자산양수 | 2026-05-14: 특수관계인의유상증자참여 | 2026-05-14: 특수관계인의유상증자참여,4
코람코더원리츠,417310,0,OK,,,,2026-05-21: 사업보고서 (2026.02) | 2026-05-21: 임원ㆍ주요주주특정증권등소유상황보고서 | 2026-05-20: 감사보고서제출               | 2026-05-14: 의결권대리행사권유참고서류 | 2026-05-14: 주주총회소집공고,14
에스티아이,039440,0,OK,,,,2026-05-20: 임원ㆍ주요주주특정증권등소유상황보고서 | 2026-05-15: 분기보고서 (2026.03) | 2026-05-04: 주식등의대량보유상황보고서(약식),3
자비스,254120,0,OK,,,,2026-05-22: [기재정정]주식매수선택권부여에관한신고 | 2026-05-22: [기재정정]주식매수선택권부여에관한신고 | 2026-05-22: [기재정정]주식매수선택권부여에관한신고 | 2026-05-18: 임원ㆍ주요주주특정증권등소유상황보고서 | 2026-05-18: 주식등의대량보유상황보고서(일반),7
오스코텍,039200,0,OK,,,,2026-05-22: 투자판단관련주요경영사항(임상시험계획승인신청등결정)              (SKIO703의 약물 제형 변경을 위한 임상 1상 IND 승인) | 2026-05-22: 주식등의대량보유상황보고서(약식) | 2026-05-14: 분기보고서 (2026.03) | 2026-05-14: 기업설명회(IR)개최               | 2026-05-14: 투자판단관련주요경영사항              (유한양행의 얀센바이오테크 기술이전 마일스톤 분배),6
HLB제넥스,187420,0,OK,,,,2026-05-26: 주식등의대량보유상황보고서(일반) | 2026-05-20: 임원ㆍ주요주주특정증권등소유상황보고서 | 2026-05-14: 분기보고서 (2026.03) | 2026-04-28: 전환청구권행사              ,4
테이팩스,055490,0,OK,,,,2026-05-27: 대규모기업집단현황공시[연1회공시및1/4분기용(개별회사)] | 2026-05-18: 임원ㆍ주요주주특정증권등소유상황보고서 | 2026-05-18: 임원ㆍ주요주주특정증권등소유상황보고서 | 2026-05-18: 최대주주등소유주식변동신고서               | 2026-05-13: 분기보고서 (2026.03),5
오늘이엔엠,192410,0,OK,,,,2026-05-21: 소송등의판결ㆍ결정              (전환사채주식전환 및 주권상장금지등-취하) | 2026-05-21: 주요사항보고서(소송등의제기) | 2026-05-15: 분기보고서 (2026.03) | 2026-05-07: 기업설명회(IR)개최               | 2026-05-04: 전환가액의조정              (제5회차),6
아이비젼웍스,469750,0,OK,,,,2026-05-22: [기재정정]분기보고서 (2026.03) | 2026-05-22: [기재정정]사업보고서 (2025.12) | 2026-05-15: 분기보고서 (2026.03),3
지놈앤컴퍼니,314130,0,OK,,,,2026-05-27: 주식등의대량보유상황보고서(약식) | 2026-05-27: 주식등의대량보유상황보고서(약식) | 2026-05-15: 분기보고서 (2026.03) | 2026-05-14: [기재정정]주식매수선택권부여에관한신고 | 2026-05-14: [기재정정]주식매수선택권부여에관한신고,16
웨이비스,289930,0,OK,,,,2026-05-26: 주식등의대량보유상황보고서(약식) | 2026-05-15: [기재정정]임원ㆍ주요주주특정증권등소유상황보고서 | 2026-05-15: 임원ㆍ주요주주특정증권등소유상황보고서 | 2026-05-15: 주식등의대량보유상황보고서(일반) | 2026-05-12: 임원ㆍ주요주주특정증권등소유상황보고서,10
엔켐,348370,0,OK,,,,2026-05-20: 불성실공시법인지정              (공시불이행) | 2026-05-15: 분기보고서 (2026.03) | 2026-04-30: [기재정정]타인에대한채무보증결정               | 2026-04-30: [기재정정]타법인주식및출자증권취득결정               | 2026-04-30: [기재정정]타인에대한담보제공결정              ,9
유진테크놀로지,240600,0,OK,,,,2026-05-21: 임시주주총회결과               | 2026-05-15: 분기보고서 (2026.03) | 2026-05-06: 주주총회소집공고 | 2026-04-30: 소속부변경              ,4
셀루메드,049180,0,OK,,,,2026-05-15: 소송등의제기ㆍ신청(일정금액이상의청구)              (지급명령) | 2026-05-15: [기재정정]금전대여결정               | 2026-05-15: 분기보고서 (2026.03) | 2026-04-30: [기재정정]금전대여결정              ,4
삼익제약,014950,0,OK,,,,2026-05-27: 주주총회소집결의              (임시주주총회) | 2026-05-27: 주주명부폐쇄기간또는기준일설정               | 2026-05-19: 임원ㆍ주요주주특정증권등소유상황보고서 | 2026-05-15: 분기보고서 (2026.03) | 2026-05-06: 기업가치제고계획(자율공시)              (2026년 삼익제약(주) 기업가치 제고 계획),5
강원에너지,114190,0,OK,,,,2026-05-21: 주식등의대량보유상황보고서(일반) | 2026-05-15: 분기보고서 (2026.03) | 2026-04-30: 소속부변경              ,3
에스투더블유,488280,0,OK,,,,2026-05-14: 분기보고서 (2026.03) | 2026-05-14: 기업설명회(IR)개최               | 2026-05-07: 주식등의대량보유상황보고서(일반) | 2026-05-06: 임원ㆍ주요주주특정증권등소유상황보고서 | 2026-04-29: 임원ㆍ주요주주특정증권등소유상황보고서,7
에스와이스틸텍,365330,0,OK,,,,2026-05-20: 임원ㆍ주요주주특정증권등소유상황보고서 | 2026-05-20: 주식등의대량보유상황보고서(일반) | 2026-05-15: 분기보고서 (2026.03) | 2026-04-30: 소속부변경              ,4
SFA반도체,036540,0,OK,,,,2026-05-26: 임원ㆍ주요주주특정증권등소유상황보고서 | 2026-05-15: 분기보고서 (2026.03) | 2026-05-12: 금전대여결정               | 2026-04-30: 소속부변경              ,4
에스에프에이,056190,0,OK,,,,2026-05-15: 기업설명회(IR)개최               | 2026-05-15: 분기보고서 (2026.03) | 2026-04-27: [기재정정]사업보고서 (2025.12),3
서연,007860,0,OK,,,,2026-05-21: 최대주주등소유주식변동신고서               | 2026-05-21: 주식등의대량보유상황보고서(일반) | 2026-05-21: 임원ㆍ주요주주특정증권등소유상황보고서 | 2026-05-15: 분기보고서 (2026.03) | 2026-05-15: 지주회사의자회사편입              ,5
사조오양,006090,0,OK,,,,2026-05-18: 최대주주등소유주식변동신고서               | 2026-05-18: 임원ㆍ주요주주특정증권등소유상황보고서 | 2026-05-15: 분기보고서 (2026.03) | 2026-05-07: 최대주주등소유주식변동신고서               | 2026-05-07: 임원ㆍ주요주주특정증권등소유상황보고서,5
파이오링크,170790,0,OK,,,,2026-05-13: 분기보고서 (2026.03) | 2026-04-30: 임원ㆍ주요주주특정증권등소유상황보고서 | 2026-04-30: 임원ㆍ주요주주특정증권등소유상황보고서 | 2026-04-30: 임원ㆍ주요주주특정증권등소유상황보고서 | 2026-04-30: 임원ㆍ주요주주특정증권등소유상황보고서,26
에스에스알,275630,0,OK,,,,2026-05-21: 임원ㆍ주요주주특정증권등소유상황보고서 | 2026-05-21: 주식등의대량보유상황보고서(일반) | 2026-05-18: 임원ㆍ주요주주특정증권등소유상황보고서 | 2026-05-18: 주식등의대량보유상황보고서(일반) | 2026-05-14: 분기보고서 (2026.03),12
KB금융,105560,0,OK,,,,2026-05-26: 증권발행실적보고서 | 2026-05-22: 투자설명서(일괄신고) | 2026-05-22: 일괄신고추가서류 | 2026-05-20: 기타안내사항(안내공시)               | 2026-05-20: 기업설명회(IR)개최(안내공시)              ,19
APS,054620,0,OK,,,,2026-05-15: 분기보고서 (2026.03) | 2026-05-08: 임원ㆍ주요주주특정증권등소유상황보고서 | 2026-05-08: 임원ㆍ주요주주특정증권등소유상황보고서 | 2026-05-08: 임원ㆍ주요주주특정증권등소유상황보고서 | 2026-05-07: 주식등의대량보유상황보고서(일반),8
에스오에스랩,464080,0,OK,,,,2026-05-22: 임원ㆍ주요주주특정증권등소유상황보고서 | 2026-05-22: 주식등의대량보유상황보고서(일반) | 2026-05-21: 임원ㆍ주요주주특정증권등소유상황보고서 | 2026-05-21: 주식등의대량보유상황보고서(일반) | 2026-05-15: 분기보고서 (2026.03),7
수젠텍,253840,0,OK,,,,2026-05-27: 주식매수선택권부여에관한신고 | 2026-05-15: 분기보고서 (2026.03) | 2026-04-30: 소속부변경              ,3
레이저옵텍,199550,0,OK,,,,2026-05-15: 분기보고서 (2026.03) | 2026-04-29: 주식등의대량보유상황보고서(일반) | 2026-04-29: 임원ㆍ주요주주특정증권등소유상황보고서,3
STX그린로지스,465770,0,OK,,,,2026-05-27: 타인에대한담보제공결정               | 2026-05-27: 유형자산처분결정               | 2026-05-15: 불성실공시법인지정               | 2026-05-15: 분기보고서 (2026.03) | 2026-05-15: 풍문또는보도에대한해명(미확정)              ,6
엔피씨,004250,0,OK,,,,2026-05-27: 주식등의대량보유상황보고서(일반) | 2026-05-15: 분기보고서 (2026.03) | 2026-05-12: 주식등의대량보유상황보고서(일반),3
케이엠,083550,0,OK,,,,2026-05-15: 분기보고서 (2026.03) | 2026-05-11: 주식등의대량보유상황보고서(일반) | 2026-05-11: 임원ㆍ주요주주특정증권등소유상황보고서 | 2026-05-11: 임원ㆍ주요주주특정증권등소유상황보고서 | 2026-05-11: 임원ㆍ주요주주특정증권등소유상황보고서,10
이노스페이스,462350,0,OK,,,,2026-05-27: 전환주식의전환청구권행사              (전환우선주) | 2026-05-22: 임원ㆍ주요주주특정증권등소유상황보고서 | 2026-05-22: 임원ㆍ주요주주특정증권등소유상황보고서 | 2026-05-22: 임원ㆍ주요주주특정증권등소유상황보고서 | 2026-05-22: 주식등의대량보유상황보고서(일반),22
솔브레인홀딩스,036830,0,OK,,,,2026-05-15: 분기보고서 (2026.03) | 2026-05-06: 주식등의대량보유상황보고서(일반) | 2026-04-29: 금전대여결정              ,3
포인트모바일,318020,0,OK,,,,2026-05-27: 주식등의대량보유상황보고서(일반) | 2026-05-08: 분기보고서 (2026.03) | 2026-05-07: 임원ㆍ주요주주특정증권등소유상황보고서 | 2026-05-07: 임원ㆍ주요주주특정증권등소유상황보고서 | 2026-05-07: 임원ㆍ주요주주특정증권등소유상황보고서,10
하나은행,004940,0,OK,,,,2026-05-26: 증권발행실적보고서 | 2026-05-22: 투자설명서(일괄신고) | 2026-05-22: 일괄신고추가서류 | 2026-05-22: 증권발행실적보고서 | 2026-05-21: 투자설명서(일괄신고),26
이노테크,469610,0,OK,,,,2026-05-20: 분기보고서 (2026.03) | 2026-05-08: 주식등의대량보유상황보고서(약식) | 2026-04-30: 주식등의대량보유상황보고서(약식),3
선광,003100,0,OK,,,,2026-05-15: 분기보고서 (2026.03) | 2026-05-13: 임원ㆍ주요주주특정증권등거래계획보고서 | 2026-05-04: 주식등의대량보유상황보고서(일반),3
티케이지애강,022220,0,OK,,,,2026-05-15: 분기보고서 (2026.03) | 2026-04-29: 임원ㆍ주요주주특정증권등소유상황보고서 | 2026-04-29: 주식등의대량보유상황보고서(일반) | 2026-04-29: 공개매수결과보고서,4
다올투자증권,030210,0,OK,,,,2026-05-19: 임원ㆍ주요주주특정증권등소유상황보고서 | 2026-05-19: 주식등의대량보유상황보고서(일반) | 2026-05-19: 최대주주등소유주식변동신고서               | 2026-05-15: 분기보고서 (2026.03) | 2026-05-04: [기재정정]소송등의제기ㆍ신청(일정금액이상의청구)              ,5
아이엠,101390,0,OK,,,,2026-05-15: 기타시장안내              (상장적격성 실질심사 사유 추가 관련 절차 미진행) | 2026-05-15: 반기또는분기매출액미달사실발생               | 2026-05-15: 분기보고서 (2026.03) | 2026-04-27: 소송등의제기ㆍ신청(경영권분쟁소송)              (주주총회결의 취소의 소),4
라이콤,388790,0,OK,,,,2026-05-22: 기업설명회(IR)개최               | 2026-05-15: 분기보고서 (2026.03) | 2026-04-29: 임원ㆍ주요주주특정증권등소유상황보고서 | 2026-04-27: 주식등의대량보유상황보고서(일반),4
진성티이씨,036890,0,OK,,,,2026-05-19: 교환청구권행사               | 2026-05-15: 분기보고서 (2026.03) | 2026-05-08: 교환청구권행사              ,3
헝셩그룹,900270,0,OK,,,,2026-05-26: 전환가액의조정              (제4회차) | 2026-04-30: 전환가액의조정              (제3회차) | 2026-04-30: 정기주주총회결과               | 2026-04-30: 사업보고서 (2025.12),4
버킷스튜디오,066410,0,OK,,,,2026-05-21: [기재정정]주주총회소집결의              (임시주주총회) | 2026-05-19: 불성실공시법인지정예고              (공시번복) | 2026-05-15: 분기보고서 (2026.03) | 2026-05-11: 기타시장안내              ((주)버킷스튜디오 개선계획 이행내역서 제출) | 2026-04-30: 기타경영사항(자율공시)              ((주)버킷스튜디오 최대주주 변경 재추진),5
마이크로컨텍솔,098120,0,OK,,,,2026-05-22: [기재정정]분기보고서 (2026.03) | 2026-05-14: 분기보고서 (2026.03) | 2026-04-30: 소속부변경              ,3
아주IB투자,027360,0,OK,,,,2026-05-15: 분기보고서 (2026.03) | 2026-04-30: 소속부변경               | 2026-04-28: 임원ㆍ주요주주특정증권등소유상황보고서 | 2026-04-28: 임원ㆍ주요주주특정증권등소유상황보고서 | 2026-04-28: 임원ㆍ주요주주특정증권등소유상황보고서,8
명신산업,009900,0,OK,,,,2026-05-26: 주식등의대량보유상황보고서(일반) | 2026-05-19: 주식등의대량보유상황보고서(일반) | 2026-05-14: 임원ㆍ주요주주특정증권등거래계획보고서 | 2026-05-14: 분기보고서 (2026.03),4
삼진제약,005500,0,OK,,,,2026-05-22: 주식등의대량보유상황보고서(약식) | 2026-05-21: 임원ㆍ주요주주특정증권등소유상황보고서 | 2026-05-21: 임원ㆍ주요주주특정증권등소유상황보고서 | 2026-05-15: 분기보고서 (2026.03),4
LS티라유텍,322180,0,OK,,,,2026-05-15: 분기보고서 (2026.03) | 2026-05-11: 감자완료               | 2026-04-28: 주요사항보고서(타법인주식및출자증권양도결정),3
OCI홀딩스,010060,0,OK,,,,2026-05-22: 최대주주등소유주식변동신고서               | 2026-05-20: [기재정정]타인에대한채무보증결정               | 2026-05-14: 분기보고서 (2026.03) | 2026-05-13: 신탁계약에의한취득상황보고서 | 2026-05-11: 최대주주등소유주식변동신고서              ,6
엘디티,096870,0,OK,,,,2026-05-27: 주요사항보고서(소송등의제기) | 2026-05-26: 소송등의제기ㆍ신청(경영권분쟁소송)              (주주총회소집허가) | 2026-05-15: 분기보고서 (2026.03),3
케이비캐피탈,021960,0,OK,,,,2026-05-27: 증권발행실적보고서 | 2026-05-26: 투자설명서(일괄신고) | 2026-05-26: 일괄신고추가서류 | 2026-05-15: [기재정정]일괄신고서 | 2026-05-15: 분기보고서 (2026.03),8
동국홀딩스,001230,0,OK,,,,2026-05-15: 임원ㆍ주요주주특정증권등소유상황보고서 | 2026-05-15: 임원ㆍ주요주주특정증권등소유상황보고서 | 2026-05-15: 임원ㆍ주요주주특정증권등소유상황보고서 | 2026-05-15: 최대주주등소유주식변동신고서               | 2026-05-15: 분기보고서 (2026.03),9
대동스틸,048470,0,OK,,,,2026-05-27: 임원ㆍ주요주주특정증권등소유상황보고서 | 2026-05-27: 임원ㆍ주요주주특정증권등소유상황보고서 | 2026-05-15: 분기보고서 (2026.03),3
삼성에스디에스,018260,0,OK,,,,2026-05-27: 임원ㆍ주요주주특정증권등소유상황보고서 | 2026-05-15: 동일인등출자계열회사와의상품ㆍ용역거래변경 | 2026-05-15: 분기보고서 (2026.03) | 2026-05-04: 주식등의대량보유상황보고서(일반) | 2026-05-04: 임원ㆍ주요주주특정증권등소유상황보고서,8
삼양엔씨켐,482630,0,OK,,,,2026-05-27: 임원ㆍ주요주주특정증권등소유상황보고서 | 2026-05-18: 기업설명회(IR)개최               | 2026-05-18: 임원ㆍ주요주주특정증권등소유상황보고서 | 2026-05-18: 임원ㆍ주요주주특정증권등소유상황보고서 | 2026-05-14: 기업설명회(IR)개최              ,7
삼성FN리츠,448730,0,OK,,,,2026-05-27: 기업설명회(IR)개최(안내공시)               | 2026-05-21: 임원ㆍ주요주주특정증권등소유상황보고서 | 2026-05-20: 부동산투자회사부동산임대               | 2026-05-14: 임원ㆍ주요주주특정증권등소유상황보고서 | 2026-05-08: 기타경영사항(자율공시)              ,8
한국가구,004590,0,OK,,,,2026-05-15: 분기보고서 (2026.03) | 2026-05-08: 임원ㆍ주요주주특정증권등소유상황보고서 | 2026-05-08: 임원ㆍ주요주주특정증권등소유상황보고서 | 2026-05-08: 주식등의대량보유상황보고서(일반),4
신라교역,004970,0,OK,,,,2026-05-15: [기재정정]사업보고서 (2025.12) | 2026-05-15: 분기보고서 (2026.03) | 2026-04-30: 주식등의대량보유상황보고서(일반) | 2026-04-29: 최대주주등소유주식변동신고서              ,4
뉴로메카,348340,0,OK,,,,2026-05-26: 임원ㆍ주요주주특정증권등소유상황보고서 | 2026-05-26: 임원ㆍ주요주주특정증권등소유상황보고서 | 2026-05-26: 임원ㆍ주요주주특정증권등소유상황보고서 | 2026-05-21: 주식등의대량보유상황보고서(약식) | 2026-05-14: [기재정정]증권신고서(지분증권),9
가온칩스,399720,0,OK,,,,2026-05-15: 분기보고서 (2026.03) | 2026-05-06: 주식등의대량보유상황보고서(일반) | 2026-05-06: 임원ㆍ주요주주특정증권등소유상황보고서 | 2026-05-06: 임원ㆍ주요주주특정증권등소유상황보고서 | 2026-04-30: 소속부변경              ,5
호텔신라,008770,0,OK,,,,2026-05-27: 주식등의대량보유상황보고서(약식) | 2026-05-26: 기업설명회(IR)개최(안내공시)               | 2026-05-15: 분기보고서 (2026.03) | 2026-05-12: 타인에대한채무보증결정               | 2026-05-04: 주식등의대량보유상황보고서(일반),8
LF,093050,0,OK,,,,2026-05-18: 주식등의대량보유상황보고서(일반) | 2026-05-15: 분기보고서 (2026.03) | 2026-05-11: 주식등의대량보유상황보고서(약식),3
미스터블루,207760,0,OK,,,,2026-05-20: 주주명부폐쇄기간또는기준일설정               | 2026-05-20: 주주총회소집결의              (임시주주총회) | 2026-05-20: 주식병합결정               | 2026-05-15: 분기보고서 (2026.03) | 2026-05-13: 전환사채(해외전환사채포함)발행후만기전사채취득              ,5
마크로젠,038290,0,OK,,,,2026-05-15: 분기보고서 (2026.03) | 2026-05-14: 주식등의대량보유상황보고서(일반) | 2026-04-27: 주식등의대량보유상황보고서(일반),3
노루홀딩스,000320,0,OK,,,,2026-05-15: 분기보고서 (2026.03) | 2026-05-08: 임원ㆍ주요주주특정증권등소유상황보고서 | 2026-05-08: 주식등의대량보유상황보고서(일반) | 2026-05-08: 최대주주등소유주식변동신고서              ,4
삼양컴텍,484590,0,OK,,,,2026-05-27: 기업설명회(IR)개최               | 2026-05-22: 기업설명회(IR)개최               | 2026-05-15: 분기보고서 (2026.03) | 2026-04-30: 소속부변경              ,4
솔루엠,248070,0,OK,,,,2026-05-27: 기업지배구조보고서공시               | 2026-05-22: 주식등의대량보유상황보고서(일반) | 2026-05-15: 최대주주등소유주식변동신고서               | 2026-05-15: 주식등의대량보유상황보고서(일반) | 2026-05-15: 임원ㆍ주요주주특정증권등소유상황보고서,11
페이퍼코리아,001020,0,OK,,,,2026-05-20: [기재정정]주식병합결정               | 2026-05-15: 분기보고서 (2026.03) | 2026-05-13: 주주총회소집결의               | 2026-05-13: 주주명부폐쇄기간또는기준일설정               | 2026-05-08: 임원ㆍ주요주주특정증권등소유상황보고서,7
덕산테코피아,317330,0,OK,,,,2026-05-15: 주주총회소집결의              (임시주주총회) | 2026-05-15: 주주명부폐쇄기간또는기준일설정               | 2026-05-08: 분기보고서 (2026.03) | 2026-05-06: 주식등의대량보유상황보고서(일반),4
핸즈코퍼레이션,143210,0,OK,,,,2026-05-26: 기타시장안내               | 2026-05-26: [기재정정]사업보고서 (2025.12) | 2026-05-26: [기재정정]감사보고서제출               | 2026-05-26: [기재정정]사업보고서 (2025.12) | 2026-05-20: 주주총회소집공고,9
팜젠사이언스,004720,0,OK,,,,2026-05-15: 분기보고서 (2026.03) | 2026-05-15: [기재정정]사업보고서 (2025.12) | 2026-05-12: 임원ㆍ주요주주특정증권등소유상황보고서 | 2026-05-12: 주식등의대량보유상황보고서(일반) | 2026-05-12: 최대주주등소유주식변동신고서              ,6
영흥,012160,0,OK,,,,2026-05-15: 분기보고서 (2026.03) | 2026-05-12: 임시주주총회결과               | 2026-04-27: 의결권대리행사권유참고서류 | 2026-04-27: 주주총회소집공고,4
피에이치에이,043370,0,OK,,,,2026-05-15: 분기보고서 (2026.03) | 2026-05-11: 임원ㆍ주요주주특정증권등거래계획보고서 | 2026-05-11: 임원ㆍ주요주주특정증권등거래계획보고서,3
마니커,027740,0,OK,,,,2026-05-27: 단기차입금증가결정               | 2026-05-15: 분기보고서 (2026.03) | 2026-05-07: 최대주주등소유주식변동신고서              ,3
에이디테크놀로지,200710,0,OK,,,,2026-05-26: 기업설명회(IR)개최               | 2026-05-15: 분기보고서 (2026.03) | 2026-04-29: 증권발행결과(자율공시)              ,3
삼성카드,029780,0,OK,,,,2026-05-27: 투자설명서(일괄신고) | 2026-05-27: 일괄신고추가서류 | 2026-05-27: 특수관계인과의수익증권거래 | 2026-05-22: 증권발행실적보고서 | 2026-05-21: 투자설명서(일괄신고),18
에이스테크,088800,0,OK,,,,2026-05-15: 분기보고서 (2026.03) | 2026-04-30: 주식등의대량보유상황보고서(일반) | 2026-04-29: [기재정정]주식등의대량보유상황보고서(일반) | 2026-04-29: [기재정정]주식등의대량보유상황보고서(일반) | 2026-04-29: 주식등의대량보유상황보고서(일반),6
아시아경제,127710,0,OK,,,,2026-05-15: 분기보고서 (2026.03) | 2026-05-13: 임원ㆍ주요주주특정증권등소유상황보고서 | 2026-05-04: 임원ㆍ주요주주특정증권등소유상황보고서,3
제노레이,122310,0,OK,,,,2026-05-27: 주식등의대량보유상황보고서(일반) | 2026-05-15: 분기보고서 (2026.03) | 2026-05-07: 기업설명회(IR)개최              ,3
아스테라시스,450950,0,OK,,,,2026-05-15: 분기보고서 (2026.03) | 2026-05-15: 주식등의대량보유상황보고서(일반) | 2026-04-30: 주식등의대량보유상황보고서(일반),3
미트박스,475460,0,OK,,,,2026-05-27: 임원ㆍ주요주주특정증권등소유상황보고서 | 2026-05-15: 임원ㆍ주요주주특정증권등소유상황보고서 | 2026-05-15: 임원ㆍ주요주주특정증권등소유상황보고서 | 2026-05-14: 분기보고서 (2026.03) | 2026-05-08: 주식등의대량보유상황보고서(약식),7
아주스틸,139990,0,OK,,,,2026-05-15: 분기보고서 (2026.03) | 2026-05-13: 타인에대한채무보증결정               | 2026-05-07: 금전대여결정               | 2026-04-28: 전환청구권ㆍ신주인수권ㆍ교환청구권행사              ( 전환청구권·신주인수권·교환청구권 행사 ),4
씨아이테크,004920,0,OK,,,,2026-05-26: 임원ㆍ주요주주특정증권등거래계획보고서 | 2026-05-15: 분기보고서 (2026.03) | 2026-05-15: 증권대여결정              ,3
서호전기,065710,0,OK,,,,2026-05-15: 분기보고서 (2026.03) | 2026-05-08: 의결권대리행사권유참고서류 | 2026-05-08: 주주총회소집공고 | 2026-05-07: 주주총회소집결의              (임시주주총회) | 2026-04-30: 소속부변경              ,5
신한글로벌액티브리츠,481850,0,OK,,,,2026-05-27: 기업설명회(IR)개최(안내공시)               | 2026-05-21: 정기주주총회결과               | 2026-05-18: 수시공시의무관련사항(공정공시)               | 2026-05-13: 사업보고서 (2026.02) | 2026-05-13: 감사보고서제출              ,8
신스틸,162300,0,OK,,,,2026-05-14: 분기보고서 (2026.03) | 2026-05-13: 주식등의대량보유상황보고서(일반) | 2026-04-30: 전환사채(해외전환사채포함)발행후만기전사채취득              (제2회차),3
에이텀,355690,0,OK,,,,"2026-05-27: 전환가액의조정              (제5회차, 제6회차) | 2026-05-15: 분기보고서 (2026.03) | 2026-05-12: 주식등의대량보유상황보고서(일반) | 2026-05-12: 임원ㆍ주요주주특정증권등소유상황보고서 | 2026-04-30: 증권발행실적보고서",6
LS에코에너지,229640,0,OK,,,,2026-05-15: 분기보고서 (2026.03) | 2026-05-08: 최대주주등소유주식변동신고서               | 2026-05-08: 임원ㆍ주요주주특정증권등소유상황보고서,3
한국피아이엠,448900,0,OK,,,,2026-05-15: 분기보고서 (2026.03) | 2026-04-28: 임원ㆍ주요주주특정증권등소유상황보고서 | 2026-04-28: 임원ㆍ주요주주특정증권등소유상황보고서 | 2026-04-28: [기재정정]주식등의대량보유상황보고서(일반) | 2026-04-28: 임원ㆍ주요주주특정증권등소유상황보고서,7
와이제이링크,209640,0,OK,,,,2026-05-14: 분기보고서 (2026.03) | 2026-05-07: 증권발행결과(자율공시)              (제6회차 CB) | 2026-04-30: 주식등의대량보유상황보고서(일반),3
SK가스,018670,0,OK,,,,2026-05-22: [기재정정]타인에대한채무보증결정               | 2026-05-22: 타인에대한채무보증결정               | 2026-05-20: 임원ㆍ주요주주특정증권등소유상황보고서 | 2026-05-18: [기재정정]타인에대한채무보증결정               | 2026-05-15: 분기보고서 (2026.03),14
성우전자,081580,0,OK,,,,2026-05-21: 불성실공시법인지정예고              (공시번복) | 2026-05-21: 전환사채(해외전환사채포함)발행후만기전사채취득               | 2026-05-18: 임원ㆍ주요주주특정증권등소유상황보고서 | 2026-05-18: 주식등의대량보유상황보고서(일반) | 2026-05-14: 분기보고서 (2026.03),7
인탑스,049070,0,OK,,,,2026-05-15: 분기보고서 (2026.03) | 2026-05-13: 임원ㆍ주요주주특정증권등소유상황보고서 | 2026-04-29: 임원ㆍ주요주주특정증권등소유상황보고서,3
보원케미칼,0010F0,0,OK,,,,2026-05-14: 분기보고서 (2026.03) | 2026-05-12: 주식등의대량보유상황보고서(약식) | 2026-05-08: 주식등의대량보유상황보고서(약식) | 2026-04-27: 주식등의대량보유상황보고서(약식),4
인지컨트롤스,023800,0,OK,,,,2026-05-20: [기재정정]타인에대한채무보증결정               | 2026-05-20: 타인에대한채무보증결정               | 2026-05-15: 분기보고서 (2026.03),3
미래아이앤지,007120,0,OK,,,,2026-05-26: 사외이사의선임ㆍ해임또는중도퇴임에관한신고 | 2026-05-26: 임시주주총회결과               | 2026-05-22: 주권관련사채권의처분결정               | 2026-05-15: 분기보고서 (2026.03) | 2026-05-11: 주주총회소집공고,6
웨이브일렉트로,095270,0,OK,,,,2026-05-22: [기재정정]주식등의대량보유상황보고서(일반) | 2026-05-19: 의결권대리행사권유참고서류 | 2026-05-19: 주주총회소집공고 | 2026-05-19: [기재정정]주주총회소집결의              (임시주주총회) | 2026-05-15: 분기보고서 (2026.03),5
윌비스,008600,0,OK,,,,2026-05-15: 분기보고서 (2026.03) | 2026-04-29: 주요사항보고서(채권은행등의관리절차개시) | 2026-04-28: 기타시장안내              (개선기간 부여),3
우리은행,000030,0,OK,,,,2026-05-22: 증권발행실적보고서 | 2026-05-21: 투자설명서(일괄신고) | 2026-05-21: 일괄신고추가서류 | 2026-05-15: [기재정정]일괄신고서(파생결합증권-금적립계좌) | 2026-05-15: [기재정정]일괄신고서(파생결합증권-금적립계좌),18
디아이티,110990,0,OK,,,,2026-05-15: 분기보고서 (2026.03) | 2026-05-08: 임원ㆍ주요주주특정증권등소유상황보고서 | 2026-05-04: 임원ㆍ주요주주특정증권등소유상황보고서,3
유비벨록스,089850,0,OK,,,,2026-05-14: 분기보고서 (2026.03) | 2026-04-28: 주식등의대량보유상황보고서(일반) | 2026-04-28: 임원ㆍ주요주주특정증권등소유상황보고서 | 2026-04-28: 임원ㆍ주요주주특정증권등소유상황보고서 | 2026-04-28: 임원ㆍ주요주주특정증권등소유상황보고서,8
쓰리에이로직스,177900,0,OK,,,,2026-05-27: [기재정정]영업실적등에대한전망(공정공시)               | 2026-05-27: 기업설명회(IR)개최               | 2026-05-27: 영업실적등에대한전망(공정공시)               | 2026-05-14: 분기보고서 (2026.03) | 2026-05-07: 임시주주총회결과              ,5
한중엔시에스,107640,0,OK,,,,2026-05-21: 주식등의대량보유상황보고서(일반) | 2026-05-14: 분기보고서 (2026.03) | 2026-05-08: 주식등의대량보유상황보고서(약식),3
대한제당,001790,0,OK,,,,2026-05-15: 분기보고서 (2026.03) | 2026-05-12: [기재정정]벌금등의부과               | 2026-05-12: 기업가치제고계획(자율공시)               | 2026-04-30: [기재정정]벌금등의부과              ,4
한탑,002680,0,OK,,,,2026-05-21: 임시주주총회결과               | 2026-05-20: [기재정정]의결권대리행사권유참고서류 | 2026-05-20: [기재정정]주주총회소집공고 | 2026-05-20: [첨부정정]주식병합결정               | 2026-05-20: [기재정정]주식병합결정              ,9
글로벌에스엠,900070,0,OK,,,,2026-04-30: 주식등의대량보유상황보고서(일반) | 2026-04-30: 임원ㆍ주요주주특정증권등소유상황보고서 | 2026-04-30: 사업보고서 (2025.12),3
NH투자증권,005940,0,OK,,,,2026-05-26: 투자설명서(일괄신고) | 2026-05-26: 일괄신고추가서류(파생결합사채-주가연계파생결합사채) | 2026-05-22: 투자설명서(일괄신고) | 2026-05-22: 일괄신고추가서류(파생결합증권-주가연계증권) | 2026-05-22: 투자설명서(일괄신고),94
바이온,032980,0,OK,,,,2026-05-15: 기타시장안내              (상장적격성 실질심사 사유 추가 관련 절차 미진행) | 2026-05-15: 반기또는분기매출액미달사실발생               | 2026-05-15: 분기보고서 (2026.03),3
CJ,001040,0,OK,,,,2026-05-15: 분기보고서 (2026.03) | 2026-05-11: 현금ㆍ현물배당결정(자회사의 주요경영사항)               | 2026-05-11: 현금ㆍ현물배당을위한주주명부폐쇄(기준일)결정(자회사의 주요경영사항)               | 2026-05-08: [기재정정]금전대여결정(자회사의 주요경영사항)              ,4
삼익악기,002450,0,OK,,,,2026-05-26: 주식등의대량보유상황보고서(일반) | 2026-05-19: 최대주주등소유주식변동신고서               | 2026-05-15: 분기보고서 (2026.03) | 2026-05-15: 주식등의대량보유상황보고서(일반) | 2026-04-27: 타인에대한채무보증결정              ,6
파인테크닉스,106240,0,OK,,,,2026-05-18: 전환청구권행사               | 2026-05-15: 분기보고서 (2026.03) | 2026-05-06: 전환청구권행사               | 2026-04-30: 소속부변경               | 2026-04-30: 풍문또는보도에대한해명(미확정)              ,7
오로스테크놀로지,322310,0,OK,,,,2026-05-22: 임원ㆍ주요주주특정증권등소유상황보고서 | 2026-05-15: 분기보고서 (2026.03) | 2026-05-07: 임원ㆍ주요주주특정증권등소유상황보고서 | 2026-05-07: 임원ㆍ주요주주특정증권등소유상황보고서 | 2026-05-07: 임원ㆍ주요주주특정증권등소유상황보고서,7
이수페타시스,007660,0,OK,,,,2026-05-27: 주식등의대량보유상황보고서(일반) | 2026-05-22: 임원ㆍ주요주주특정증권등소유상황보고서 | 2026-05-20: 기업설명회(IR)개최(안내공시)               | 2026-05-15: 분기보고서 (2026.03) | 2026-05-12: 임원ㆍ주요주주특정증권등소유상황보고서,6
우성,006980,0,OK,,,,2026-05-15: 분기보고서 (2026.03) | 2026-05-12: 최대주주등소유주식변동신고서               | 2026-04-28: 최대주주등소유주식변동신고서              ,3
비덴트,121800,0,OK,,,,2026-05-21: [기재정정]주주총회소집결의              (임시주주총회) | 2026-05-15: 분기보고서 (2026.03) | 2026-04-30: 기타시장안내              (개선계획 이행내역서 제출),3
저스템,417840,0,OK,,,,2026-05-27: 주식등의대량보유상황보고서(일반) | 2026-05-27: 임원ㆍ주요주주특정증권등소유상황보고서 | 2026-05-27: 임원ㆍ주요주주특정증권등소유상황보고서 | 2026-05-27: 임원ㆍ주요주주특정증권등소유상황보고서 | 2026-05-27: 임원ㆍ주요주주특정증권등소유상황보고서,13
티엘비,356860,0,OK,,,,2026-05-21: 임원ㆍ주요주주특정증권등소유상황보고서 | 2026-05-15: 임원ㆍ주요주주특정증권등거래계획보고서 | 2026-05-15: 기업설명회(IR)개최               | 2026-05-12: [기재정정]증권신고서(지분증권) | 2026-05-12: 분기보고서 (2026.03),5
현대글로비스,086280,0,OK,,,,2026-05-21: [기재정정]타법인주식및출자증권취득결정               | 2026-05-20: 타법인주식및출자증권취득결정               | 2026-05-18: 기업설명회(IR)개최(안내공시)               | 2026-05-15: 분기보고서 (2026.03) | 2026-05-15: 기업설명회(IR)개최(안내공시)              ,7
피에스케이홀딩스,031980,0,OK,,,,2026-05-15: 분기보고서 (2026.03) | 2026-05-14: 주식등의대량보유상황보고서(일반) | 2026-05-11: 기업설명회(IR)개최               | 2026-04-30: 기업가치제고계획(자율공시)              ((2025년 이행현황)),4
아미코젠,092040,0,OK,,,,2026-05-14: 분기보고서 (2026.03) | 2026-05-04: 주식등의대량보유상황보고서(일반) | 2026-05-04: 임원ㆍ주요주주특정증권등소유상황보고서 | 2026-04-30: [기재정정]사업보고서 (2025.12) | 2026-04-30: [기재정정]사업보고서 (2025.12),12
산은캐피탈,008270,0,OK,,,,2026-05-27: 증권발행실적보고서 | 2026-05-26: 투자설명서(일괄신고) | 2026-05-26: 일괄신고추가서류 | 2026-05-15: [기재정정]일괄신고서 | 2026-05-15: 분기보고서 (2026.03),11
신세계푸드,031440,0,OK,,,,2026-05-21: [기재정정]주주총회소집결의               | 2026-05-21: [기재정정]주요사항보고서(주식교환ㆍ이전결정) | 2026-05-14: 분기보고서 (2026.03) | 2026-04-30: 기업설명회(IR)개최(안내공시)              ,4
HL홀딩스,060980,0,OK,,,,2026-05-27: 임원ㆍ주요주주특정증권등소유상황보고서 | 2026-05-20: 임원ㆍ주요주주특정증권등소유상황보고서 | 2026-05-15: 분기보고서 (2026.03) | 2026-05-14: 최대주주등소유주식변동신고서               | 2026-05-14: 주식등의대량보유상황보고서(일반),12
에스엠벡셀,010580,0,OK,,,,2026-05-22: 최대주주등소유주식변동신고서               | 2026-05-22: 주식등의대량보유상황보고서(일반) | 2026-05-19: 최대주주등소유주식변동신고서               | 2026-05-19: 주식등의대량보유상황보고서(일반) | 2026-05-15: 분기보고서 (2026.03),9
우림피티에스,101170,0,OK,,,,2026-05-26: 주식등의대량보유상황보고서(일반) | 2026-05-26: 임시주주총회결과               | 2026-05-20: 주식등의대량보유상황보고서(일반) | 2026-05-15: 분기보고서 (2026.03) | 2026-05-11: 주식등의대량보유상황보고서(일반),8
에임드바이오,0009K0,0,OK,,,,2026-05-27: 투자판단관련주요경영사항(임상시험계획승인신청)               | 2026-05-15: [기재정정]분기보고서 (2026.03) | 2026-05-15: 분기보고서 (2026.03) | 2026-05-06: 투자판단관련주요경영사항              (ODS025 기술이전계약 관련 연구개발비 수령),4
아이티센피엔에스,232830,0,OK,,,,2026-05-14: 분기보고서 (2026.03) | 2026-05-11: 주식등의대량보유상황보고서(약식) | 2026-05-04: 증권발행결과(자율공시)              (제4회차 CB) | 2026-04-30: [기재정정]타법인주식및출자증권취득결정              ,4
AJ네트웍스,095570,0,OK,,,,2026-05-18: 주식등의대량보유상황보고서(일반) | 2026-05-15: 분기보고서 (2026.03) | 2026-04-27: 최대주주등소유주식변동신고서               | 2026-04-27: 주식등의대량보유상황보고서(일반) | 2026-04-27: 임원ㆍ주요주주특정증권등소유상황보고서,6
자이언트스텝,289220,0,OK,,,,2026-05-15: [기재정정]주식매수선택권부여에관한신고 | 2026-05-15: [기재정정]주식매수선택권부여에관한신고 | 2026-05-15: 분기보고서 (2026.03),3
삼양사,145990,0,OK,,,,2026-05-20: 벌금등의부과               | 2026-05-15: 동일인등출자계열회사와의상품ㆍ용역거래변경 | 2026-05-15: 분기보고서 (2026.03) | 2026-05-12: [기재정정]벌금등의부과               | 2026-04-30: [기재정정]벌금등의부과              ,6
디와이,013570,0,OK,,,,2026-05-27: 최대주주등소유주식변동신고서               | 2026-05-27: 주식등의대량보유상황보고서(일반) | 2026-05-14: 분기보고서 (2026.03) | 2026-04-27: 기업가치제고계획(자율공시)              (2026년),4
KS인더스트리,101000,0,OK,,,,2026-05-21: 주주명부폐쇄기간또는기준일설정               | 2026-05-21: 주주총회소집결의              (임시주주총회) | 2026-05-15: 분기보고서 (2026.03),3
하이젠알앤엠,160190,0,OK,,,,2026-05-22: 주식등의대량보유상황보고서(일반) | 2026-05-21: 주식등의대량보유상황보고서(일반) | 2026-05-21: 임원ㆍ주요주주특정증권등소유상황보고서 | 2026-05-15: 분기보고서 (2026.03) | 2026-05-11: 주주명부폐쇄기간또는기준일설정              ,6
한국맥널티,222980,0,OK,,,,2026-05-19: 자산재평가결과(자율공시)               | 2026-05-15: 분기보고서 (2026.03) | 2026-05-14: 자산재평가실시결정(자율공시)              ,3
온코닉테라퓨틱스,476060,0,OK,,,,2026-05-11: 투자판단관련주요경영사항(임상시험계획변경승인신청)              (자큐보구강붕해정(JLP2302)(자스타프라잔시트르산염)의 비위관투여 시 약동학 및 안전성 비교평가를 위한 제1상 임상시험계획승인(변경승인)신청) | 2026-05-11: 분기보고서 (2026.03) | 2026-05-06: 임원ㆍ주요주주특정증권등소유상황보고서,3
한국알콜,017890,0,OK,,,,2026-05-14: 기업설명회(IR)개최               | 2026-05-14: 분기보고서 (2026.03) | 2026-05-12: 주식등의대량보유상황보고서(약식),3
SK디스커버리,006120,0,OK,,,,2026-05-22: [기재정정]타인에대한채무보증결정(자회사의 주요경영사항)               | 2026-05-22: 타인에대한채무보증결정(자회사의 주요경영사항)               | 2026-05-18: [기재정정]타인에대한채무보증결정(자회사의 주요경영사항)               | 2026-05-15: 분기보고서 (2026.03) | 2026-05-13: 사외이사의선임ㆍ해임또는중도퇴임에관한신고,6
동구바이오제약,006620,0,OK,,,,2026-05-26: 주식등의대량보유상황보고서(일반) | 2026-05-15: 분기보고서 (2026.03) | 2026-05-13: 주식등의대량보유상황보고서(일반),3
이랜시스,264850,0,OK,,,,2026-05-15: 분기보고서 (2026.03) | 2026-05-13: [기재정정]주식등의대량보유상황보고서(일반) | 2026-05-12: 주식등의대량보유상황보고서(일반),3
부국철강,026940,0,OK,,,,2026-05-15: 분기보고서 (2026.03) | 2026-05-08: 주식등의대량보유상황보고서(일반) | 2026-05-08: 최대주주등소유주식변동신고서              ,3
에스디시스템,121890,0,OK,,,,2026-05-18: [기재정정]분기보고서 (2026.03) | 2026-05-13: 분기보고서 (2026.03) | 2026-05-06: 임원ㆍ주요주주특정증권등소유상황보고서,3
삼목에스폼,018310,0,OK,,,,2026-05-18: 공개매수설명서 | 2026-05-18: 공개매수신고서 | 2026-05-15: 분기보고서 (2026.03),3
지투파워,388050,0,OK,,,,2026-05-18: 기업설명회(IR)개최               | 2026-05-14: 분기보고서 (2026.03) | 2026-04-30: 소속부변경              ,3
케이지에이,455180,0,OK,,,,2026-05-15: 분기보고서 (2026.03) | 2026-05-15: 합병등종료보고서(자산양수도) | 2026-05-15: [기재정정]주요사항보고서(유형자산양도결정) | 2026-04-30: 주요사항보고서(유형자산양도결정),4
클로봇,466100,0,OK,,,,2026-05-19: [기재정정]증권신고서(지분증권) | 2026-05-15: 분기보고서 (2026.03) | 2026-05-11: [기재정정]투자판단관련주요경영사항              (타법인 인수 추진을 위한 Binding Offer 제출 관련 이사회의결) | 2026-05-08: 주식등의대량보유상황보고서(일반) | 2026-05-07: 투자판단관련주요경영사항              (타법인 인수 추진을 위한 Binding Offer 제출 관련 이사회의결),6
기가비스,420770,0,OK,,,,2026-05-22: 임원ㆍ주요주주특정증권등소유상황보고서 | 2026-05-15: 분기보고서 (2026.03) | 2026-05-14: 임원ㆍ주요주주특정증권등소유상황보고서 | 2026-05-14: 임원ㆍ주요주주특정증권등소유상황보고서 | 2026-05-07: 임원ㆍ주요주주특정증권등소유상황보고서,6
휴메딕스,200670,0,OK,,,,2026-05-15: 분기보고서 (2026.03) | 2026-05-12: 현금ㆍ현물배당결정               | 2026-05-12: 중간(분기)배당을위한주주명부폐쇄(기준일)결정               | 2026-04-27: 주식등의대량보유상황보고서(일반) | 2026-04-27: 임원ㆍ주요주주특정증권등소유상황보고서,5
한창제지,009460,0,OK,,,,2026-05-27: 주식등의대량보유상황보고서(일반) | 2026-05-18: 임원ㆍ주요주주특정증권등거래계획보고서 | 2026-05-15: 분기보고서 (2026.03) | 2026-05-07: 임원ㆍ주요주주특정증권등소유상황보고서 | 2026-05-07: 임원ㆍ주요주주특정증권등소유상황보고서,10
기신정기,092440,0,OK,,,,2026-05-21: 주주총회소집결의               | 2026-05-21: 현금ㆍ현물배당결정               | 2026-05-12: 매출액또는손익구조30%(대규모법인은15%)이상변경              ,3
하스,450330,0,OK,,,,2026-05-14: 분기보고서 (2026.03) | 2026-05-04: 신탁계약해지결과보고서 | 2026-04-30: 주요사항보고서(자기주식취득신탁계약해지결정),3
SCL사이언스,246960,0,OK,,,,2026-05-27: 임원ㆍ주요주주특정증권등소유상황보고서 | 2026-05-15: [기재정정]사업보고서 (2025.12) | 2026-05-15: 분기보고서 (2026.03) | 2026-05-07: 주식등의대량보유상황보고서(일반),4
부광약품,003000,0,OK,,,,2026-05-14: 분기보고서 (2026.03) | 2026-05-13: [기재정정]타법인주식및출자증권취득결정               | 2026-04-27: 타법인주식및출자증권취득결정              ,3
신신제약,002800,0,OK,,,,2026-05-22: 투자판단관련주요경영사항(임상시험계획자진취하등)              (불면증 환자의 단기치료제 SS262의 제1상 임상시험 조기종료) | 2026-05-22: 투자판단관련주요경영사항(임상시험계획자진취하등)              (과민성 방광 치료제 UIP620의 제3상 임상시험 조기종료) | 2026-05-15: 분기보고서 (2026.03) | 2026-04-30: 소속부변경              ,4
명인제약,317450,0,OK,,,,2026-05-14: 분기보고서 (2026.03) | 2026-05-08: 임원ㆍ주요주주특정증권등소유상황보고서 | 2026-05-08: 임원ㆍ주요주주특정증권등소유상황보고서 | 2026-05-08: 임원ㆍ주요주주특정증권등소유상황보고서 | 2026-05-08: 주식등의대량보유상황보고서(일반),6
한국토지신탁,034830,0,OK,,,,2026-05-27: 임원ㆍ주요주주특정증권등소유상황보고서 | 2026-05-15: 분기보고서 (2026.03) | 2026-04-30: 주식등의대량보유상황보고서(일반),3
한국비티비,219750,0,OK,,,,2026-05-19: 임시주주총회결과               | 2026-05-15: 분기보고서 (2026.03) | 2026-04-29: [기재정정]주주총회소집공고 | 2026-04-29: 주주총회소집공고,4
디와이디,219550,0,OK,,,,2026-05-22: 신주인수권부사채(해외신주인수권부사채포함)발행후만기전사채취득              (제3회차) | 2026-05-15: 분기보고서 (2026.03) | 2026-05-08: 주식등의대량보유상황보고서(약식) | 2026-04-30: [기재정정]사업보고서 (2025.12) | 2026-04-30: [기재정정]감사보고서제출              ,5
제테마,216080,0,OK,,,,2026-05-15: 분기보고서 (2026.03) | 2026-05-13: [기재정정]주식매수선택권부여에관한신고 | 2026-05-08: 주식등의대량보유상황보고서(약식) | 2026-05-08: 주식등의대량보유상황보고서(일반) | 2026-04-30: 소속부변경              ,5
레인보우로보틱스,277810,0,OK,,,,2026-05-21: 주주명부폐쇄기간또는기준일설정               | 2026-05-20: 주주총회소집결의              (임시주주총회) | 2026-05-15: 분기보고서 (2026.03),3
그리드위즈,453450,0,OK,,,,2026-05-26: 기업설명회(IR)개최               | 2026-05-15: 분기보고서 (2026.03) | 2026-04-30: 소속부변경              ,3
코스나인,082660,0,OK,,,,2026-05-27: [기재정정]주주총회소집결의               | 2026-05-27: [기재정정]주주명부폐쇄기간또는기준일설정               | 2026-05-15: 기타시장안내              (상장적격성 실질심사 사유 추가 관련 절차 미진행) | 2026-05-15: 분기보고서 (2026.03) | 2026-04-30: [기재정정]주주총회소집결의              ,6
진양제약,007370,0,OK,,,,2026-05-26: 전환가액의조정               | 2026-05-18: 주식등의대량보유상황보고서(일반) | 2026-05-18: 임원ㆍ주요주주특정증권등소유상황보고서 | 2026-05-15: 분기보고서 (2026.03),4
FSN,214270,0,OK,,,,2026-05-15: 주식등의대량보유상황보고서(일반) | 2026-05-14: 분기보고서 (2026.03) | 2026-04-29: 주식등의대량보유상황보고서(일반),3
에이치피오,357230,0,OK,,,,2026-05-21: 기업설명회(IR)개최               | 2026-05-18: 주식등의대량보유상황보고서(일반) | 2026-05-15: 분기보고서 (2026.03) | 2026-05-12: 주식등의대량보유상황보고서(일반),4
디와이파워,210540,0,OK,,,,2026-05-14: 분기보고서 (2026.03) | 2026-04-27: 주식등의대량보유상황보고서(일반) | 2026-04-27: 임원ㆍ주요주주특정증권등소유상황보고서 | 2026-04-27: 최대주주등소유주식변동신고서              ,4
대한광통신,010170,0,OK,,,,2026-05-22: 임원ㆍ주요주주특정증권등거래계획보고서 | 2026-05-22: 임원ㆍ주요주주특정증권등거래계획보고서 | 2026-05-15: 분기보고서 (2026.03),3
동원개발,013120,0,OK,,,,2026-05-15: 분기보고서 (2026.03) | 2026-05-13: 임원ㆍ주요주주특정증권등소유상황보고서 | 2026-05-13: 주식등의대량보유상황보고서(일반) | 2026-05-06: 임원ㆍ주요주주특정증권등소유상황보고서 | 2026-05-06: 주식등의대량보유상황보고서(일반),5
케이쓰리아이,431190,0,OK,,,,2026-05-27: [기재정정]주식매수선택권부여에관한신고 | 2026-05-27: [기재정정]주식매수선택권부여에관한신고 | 2026-05-15: 분기보고서 (2026.03),3
영풍,000670,0,OK,,,,2026-05-27: 임원ㆍ주요주주특정증권등소유상황보고서 | 2026-05-27: 임원ㆍ주요주주특정증권등소유상황보고서 | 2026-05-27: 주식등의대량보유상황보고서(일반) | 2026-05-15: 분기보고서 (2026.03) | 2026-05-15: 특수관계인에대한채권매도,6
시그네틱스,033170,0,OK,,,,2026-05-26: 주주명부폐쇄기간또는기준일설정               | 2026-05-26: 주주총회소집결의              (임시주주총회) | 2026-05-26: 주식병합결정               | 2026-05-15: 분기보고서 (2026.03),4
대화제약,067080,0,OK,,,,2026-05-15: 분기보고서 (2026.03) | 2026-05-14: 임원ㆍ주요주주특정증권등소유상황보고서 | 2026-05-13: 투자판단관련주요경영사항              (리포락셀액(파클리탁셀)의 품목허가사항 변경허가 승인(유방암 신규 적응증 추가 허가 승인)),3
바이넥스,053030,0,OK,,,,2026-05-22: 임원ㆍ주요주주특정증권등소유상황보고서 | 2026-05-22: 주식등의대량보유상황보고서(일반) | 2026-05-15: 분기보고서 (2026.03) | 2026-05-07: 주식등의대량보유상황보고서(약식),4
조아제약,034940,0,OK,,,,2026-05-22: 주주명부폐쇄기간또는기준일설정               | 2026-05-22: 주주총회소집결의               | 2026-05-22: 주식병합결정               | 2026-05-15: 분기보고서 (2026.03),4
코오롱티슈진,950160,0,OK,,,,2026-05-15: 파생상품거래손실발생               | 2026-05-15: 임원ㆍ주요주주특정증권등소유상황보고서 | 2026-05-15: 분기보고서 (2026.03),3
코칩,126730,0,OK,,,,2026-05-21: 신탁계약해지결과보고서 | 2026-05-13: 주주총회소집공고 | 2026-04-30: 분기보고서 (2026.03) | 2026-04-27: [기재정정]주주총회소집결의              (임시주주총회),4
제주은행,006220,0,OK,,,,2026-05-26: 증권발행실적보고서 | 2026-05-22: 투자설명서(일괄신고) | 2026-05-22: 일괄신고추가서류 | 2026-05-22: 임원ㆍ주요주주특정증권등소유상황보고서 | 2026-05-20: 기타안내사항(안내공시)              ,11
대동기어,008830,0,OK,,,,2026-05-22: [기재정정]증권신고서(지분증권) | 2026-05-22: [기재정정]증권신고서(지분증권) | 2026-05-21: 정정신고서제출요구( 2026.05.08. 제출 증권신고서(지분증권) ) | 2026-05-15: 기업설명회(IR)개최               | 2026-05-15: 분기보고서 (2026.03),8
GST,083450,0,OK,,,,2026-05-21: 임원ㆍ주요주주특정증권등소유상황보고서 | 2026-05-21: 주식등의대량보유상황보고서(일반) | 2026-05-18: 임시주주총회결과               | 2026-05-11: 주식등의대량보유상황보고서(약식) | 2026-05-11: 분기보고서 (2026.03),9
프로젠,296160,0,OK,,,,2026-05-14: 임원ㆍ주요주주특정증권등소유상황보고서 | 2026-05-13: 임원ㆍ주요주주특정증권등소유상황보고서 | 2026-05-11: [기재정정]주식매수선택권부여에관한신고 | 2026-05-11: [기재정정]주식매수선택권부여에관한신고 | 2026-05-07: 임원ㆍ주요주주특정증권등거래계획철회보고서,5
한울소재과학,091440,0,OK,,,,2026-05-21: [기재정정]신주인수권행사               | 2026-05-15: 분기보고서 (2026.03) | 2026-05-11: 신주인수권행사              (제1회차) | 2026-05-11: [기재정정]타법인주식및출자증권취득결정(자율공시)(종속회사의주요경영사항)               | 2026-05-08: 주식등의대량보유상황보고서(약식),9
지엘팜텍,204840,0,OK,,,,2026-05-19: 주주명부폐쇄기간또는기준일설정               | 2026-05-19: 주주총회소집결의              (임시주주총회) | 2026-05-19: 주식병합결정               | 2026-05-13: 분기보고서 (2026.03),4
지니언스,263860,0,OK,,,,2026-05-27: 주식등의대량보유상황보고서(일반) | 2026-05-15: 분기보고서 (2026.03) | 2026-05-11: 기업설명회(IR)개최              ,3
신한서부티엔디리츠,404990,0,OK,,,,2026-05-21: 임원ㆍ주요주주특정증권등소유상황보고서 | 2026-05-20: 기업설명회(IR)개최(안내공시)               | 2026-05-15: 반기보고서 (2026.03) | 2026-05-14: 임원ㆍ주요주주특정증권등소유상황보고서 | 2026-05-08: 임원ㆍ주요주주특정증권등소유상황보고서,8
고려제강,002240,0,OK,,,,2026-05-15: 분기보고서 (2026.03) | 2026-05-14: 최대주주등소유주식변동신고서               | 2026-05-14: 임원ㆍ주요주주특정증권등소유상황보고서 | 2026-05-14: 임원ㆍ주요주주특정증권등소유상황보고서,4
대성창투,027830,0,OK,,,,2026-05-15: 분기보고서 (2026.03) | 2026-05-04: 사외이사의선임ㆍ해임또는중도퇴임에관한신고 | 2026-04-30: 소속부변경              ,3
SBI인베스트먼트,019550,0,OK,,,,2026-05-15: 분기보고서 (2026.03) | 2026-05-08: 임원ㆍ주요주주특정증권등소유상황보고서 | 2026-04-30: 소속부변경              ,3
KEC,092220,0,OK,,,,2026-05-14: 분기보고서 (2026.03) | 2026-04-30: 최대주주등소유주식변동신고서               | 2026-04-30: [기재정정]주식매수선택권부여에관한신고 | 2026-04-30: [기재정정]주식매수선택권부여에관한신고 | 2026-04-30: 임원ㆍ주요주주특정증권등소유상황보고서,7
지오엘리먼트,311320,0,OK,,,,"2026-05-13: [기재정정]주주총회소집결의               | 2026-05-13: 수시공시의무관련사항(공정공시)              (2026년(제22기) 사업연도 중간배당(분기배당, 현금배당) 계획) | 2026-05-13: 현금ㆍ현물배당을위한주주명부폐쇄(기준일)결정               | 2026-05-13: 주주총회소집공고 | 2026-05-13: 주주총회소집결의              ",6
TS인베스트먼트,246690,0,OK,,,,2026-05-26: [기재정정]주식병합결정               | 2026-05-22: 사외이사의선임ㆍ해임또는중도퇴임에관한신고 | 2026-05-22: 임시주주총회결과               | 2026-05-14: 분기보고서 (2026.03) | 2026-05-11: 전환청구권행사              ,10
휴먼테크놀로지,175140,0,OK,,,,2026-05-15: 분기보고서 (2026.03) | 2026-05-15: 주주명부폐쇄기간또는기준일설정               | 2026-05-15: 주주총회소집결의               | 2026-05-06: 기타경영사항(자율공시)              (소규모합병 승인 이사회 결의(주주총회 갈음) 결과 보고),4
킵스파마,256940,0,OK,,,,2026-05-15: 분기보고서 (2026.03) | 2026-05-14: 임원ㆍ주요주주특정증권등소유상황보고서 | 2026-05-14: 주식등의대량보유상황보고서(일반),3
인디에프,014990,0,OK,,,,2026-05-22: 임시주주총회결과               | 2026-05-15: 분기보고서 (2026.03) | 2026-05-07: 의결권대리행사권유참고서류 | 2026-05-07: 주주총회소집공고,4
디티앤씨알오,383930,0,OK,,,,2026-05-18: [기재정정]분기보고서 (2026.03) | 2026-05-15: [기재정정]분기보고서 (2026.03) | 2026-05-15: 분기보고서 (2026.03),3
인텍플러스,064290,0,OK,,,,2026-05-15: 분기보고서 (2026.03) | 2026-05-15: 주식등의대량보유상황보고서(일반) | 2026-05-14: 소속부변경               | 2026-05-11: 주식매수선택권부여에관한신고 | 2026-05-04: 주식등의대량보유상황보고서(약식),6
네오리진,094860,0,OK,,,,2026-05-21: 기타시장안내(최대주주의의무보유관련)              (최대주주의 의무보유 이행 관련) | 2026-05-18: 금전대여결정               | 2026-05-15: 분기보고서 (2026.03) | 2026-05-04: 타법인주식및출자증권취득결정               | 2026-04-29: 임원ㆍ주요주주특정증권등소유상황보고서,6
플레이그램,009810,0,OK,,,,2026-05-15: 분기보고서 (2026.03) | 2026-05-08: 임원ㆍ주요주주특정증권등소유상황보고서 | 2026-05-08: 임원ㆍ주요주주특정증권등소유상황보고서 | 2026-05-08: [기재정정]전환가액ㆍ신주인수권행사가액ㆍ교환가액의조정(안내공시)               | 2026-05-08: 최대주주등소유주식변동신고서              ,6
하이트진로,000080,0,OK,,,,2026-05-22: 주식등의대량보유상황보고서(일반) | 2026-05-22: 최대주주등소유주식변동신고서               | 2026-05-22: 임원ㆍ주요주주특정증권등소유상황보고서 | 2026-05-22: 임원ㆍ주요주주특정증권등소유상황보고서 | 2026-05-22: 임원ㆍ주요주주특정증권등소유상황보고서,21
글로벌텍스프리,204620,0,OK,,,,2026-05-27: 주식등의대량보유상황보고서(약식) | 2026-05-19: 기업설명회(IR)개최               | 2026-05-15: 분기보고서 (2026.03) | 2026-04-30: 소속부변경              ,4
주연테크,044380,0,OK,,,,2026-05-15: 최대주주등소유주식변동신고서               | 2026-05-15: 임원ㆍ주요주주특정증권등소유상황보고서 | 2026-05-15: 임원ㆍ주요주주특정증권등소유상황보고서 | 2026-05-15: 임원ㆍ주요주주특정증권등소유상황보고서 | 2026-05-15: 주식등의대량보유상황보고서(일반),6
카나프테라퓨틱스,0082N0,0,OK,,,,2026-05-22: 임원ㆍ주요주주특정증권등소유상황보고서 | 2026-05-22: 임원ㆍ주요주주특정증권등소유상황보고서 | 2026-05-22: 임원ㆍ주요주주특정증권등소유상황보고서 | 2026-05-13: 분기보고서 (2026.03),4
아이윈,090150,0,OK,,,,2026-05-26: 전환사채(해외전환사채포함)발행후만기전사채취득               | 2026-05-15: 분기보고서 (2026.03) | 2026-05-14: 단기차입금증가결정               | 2026-05-13: [기재정정]주주총회소집결의              (임시주주총회) | 2026-05-13: 주식병합결정              ,10
삼진,032750,0,OK,,,,2026-05-15: 분기보고서 (2026.03) | 2026-05-08: 임원ㆍ주요주주특정증권등소유상황보고서 | 2026-05-07: 주식등의대량보유상황보고서(일반) | 2026-05-07: 임원ㆍ주요주주특정증권등소유상황보고서,4
미원상사,002840,0,OK,,,,2026-05-21: 임원ㆍ주요주주특정증권등소유상황보고서 | 2026-05-15: 분기보고서 (2026.03) | 2026-05-13: 임원ㆍ주요주주특정증권등소유상황보고서 | 2026-04-28: 임원ㆍ주요주주특정증권등소유상황보고서,4
자람테크놀로지,389020,0,OK,,,,2026-05-15: 분기보고서 (2026.03) | 2026-04-30: 전환가액의조정              (제1회차) | 2026-04-29: 전환청구권행사              (제1회차) | 2026-04-28: 주식등의대량보유상황보고서(약식),4
가온전선,000500,0,OK,,,,2026-05-26: 최대주주등소유주식변동신고서               | 2026-05-26: 임원ㆍ주요주주특정증권등소유상황보고서 | 2026-05-18: 최대주주등소유주식변동신고서               | 2026-05-18: 임원ㆍ주요주주특정증권등소유상황보고서 | 2026-05-15: 최대주주등소유주식변동신고서              ,15
유진증권,001200,0,OK,,,,2026-05-27: 투자설명서(일괄신고) | 2026-05-27: 일괄신고추가서류(파생결합증권-주가연계증권) | 2026-05-21: 투자설명서(일괄신고) | 2026-05-21: 투자설명서(일괄신고) | 2026-05-21: 일괄신고추가서류(파생결합사채-주가연계파생결합사채),16
대창단조,015230,0,OK,,,,2026-05-14: 분기보고서 (2026.03) | 2026-05-13: 최대주주등소유주식변동신고서               | 2026-05-13: 임원ㆍ주요주주특정증권등소유상황보고서,3
나노신소재,121600,0,OK,,,,2026-05-26: 임원ㆍ주요주주특정증권등소유상황보고서 | 2026-05-15: 주주총회소집공고 | 2026-05-15: 의결권대리행사권유참고서류 | 2026-05-14: 분기보고서 (2026.03) | 2026-04-30: 임원ㆍ주요주주특정증권등소유상황보고서,6
씨엔알리서치,359090,0,OK,,,,"2026-05-14: 분기보고서 (2026.03) | 2026-05-07: 임시주주총회결과               | 2026-05-06: 불성실공시법인지정              (공시불이행 1건, 공시변경 1건) | 2026-04-30: 소속부변경              ",4
원일티엔아이,136150,0,OK,,,,2026-05-27: 주주명부폐쇄기간또는기준일설정               | 2026-05-27: 주주총회소집결의              (임시주주총회) | 2026-05-15: 분기보고서 (2026.03) | 2026-05-08: 주식등의대량보유상황보고서(일반),4
신테카바이오,226330,0,OK,,,,2026-05-18: 임원ㆍ주요주주특정증권등소유상황보고서 | 2026-05-18: 주식등의대량보유상황보고서(일반) | 2026-05-15: 주식매수선택권부여에관한신고 | 2026-05-15: 분기보고서 (2026.03) | 2026-05-08: 전환사채(해외전환사채포함)발행후만기전사채취득              ,5
남성,004270,0,OK,,,,2026-05-15: 분기보고서 (2026.03) | 2026-05-06: 임원ㆍ주요주주특정증권등소유상황보고서 | 2026-05-06: 임원ㆍ주요주주특정증권등소유상황보고서,3
대원전선,006340,0,OK,,,,2026-05-27: 기업지배구조보고서공시               | 2026-05-11: 주식등의대량보유상황보고서(약식) | 2026-05-08: 분기보고서 (2026.03),3
스모트로닉,066590,0,OK,,,,2026-05-15: 분기보고서 (2026.03) | 2026-05-04: [기재정정]주식등의대량보유상황보고서(일반) | 2026-04-30: 주식등의대량보유상황보고서(일반) | 2026-04-30: 임원ㆍ주요주주특정증권등소유상황보고서,4
넥스틸,092790,0,OK,,,,2026-05-27: 투자판단관련주요경영사항               | 2026-05-14: 분기보고서 (2026.03) | 2026-05-07: 단기차입금증가결정               | 2026-04-29: 최대주주등소유주식변동신고서              ,4
리메드,302550,0,OK,,,,2026-05-20: 주요사항보고서(자기주식취득신탁계약체결결정) | 2026-05-20: 신탁계약해지결과보고서 | 2026-05-20: 주요사항보고서(자기주식취득신탁계약해지결정) | 2026-05-14: 분기보고서 (2026.03) | 2026-05-13: 신탁계약에의한취득상황보고서,7
로킷헬스케어,376900,0,OK,,,,2026-05-21: 임원ㆍ주요주주특정증권등소유상황보고서 | 2026-05-21: 임원ㆍ주요주주특정증권등소유상황보고서 | 2026-05-21: 임원ㆍ주요주주특정증권등소유상황보고서 | 2026-05-21: 임원ㆍ주요주주특정증권등소유상황보고서 | 2026-05-21: 임원ㆍ주요주주특정증권등소유상황보고서,10
티에스이,131290,0,OK,,,,2026-05-15: 분기보고서 (2026.03) | 2026-05-11: 주식등의대량보유상황보고서(일반) | 2026-05-11: 임원ㆍ주요주주특정증권등소유상황보고서 | 2026-04-30: 임원ㆍ주요주주특정증권등소유상황보고서,4
코셈,360350,0,OK,,,,2026-05-20: 불성실공시법인미지정              (공시불이행) | 2026-05-15: 임원ㆍ주요주주특정증권등소유상황보고서 | 2026-05-15: 분기보고서 (2026.03),3
효성,004800,0,OK,,,,2026-05-21: [기재정정]타인에대한채무보증결정               | 2026-05-14: 분기보고서 (2026.03) | 2026-05-11: 투자판단관련주요경영사항(자회사의 주요경영사항)               | 2026-05-08: 중대재해발생(자회사의 주요경영사항)               | 2026-04-27: 타인에대한채무보증결정(자회사의 주요경영사항)              ,5
에너토크,019990,0,OK,,,,2026-05-22: 임원ㆍ주요주주특정증권등소유상황보고서 | 2026-05-14: 분기보고서 (2026.03) | 2026-05-08: [기재정정]주식매수선택권부여에관한신고,3
한국주철관공업,000970,0,OK,,,,2026-05-26: 임원ㆍ주요주주특정증권등소유상황보고서 | 2026-05-19: 임원ㆍ주요주주특정증권등소유상황보고서 | 2026-05-15: 분기보고서 (2026.03) | 2026-05-13: 임원ㆍ주요주주특정증권등소유상황보고서 | 2026-04-28: 임원ㆍ주요주주특정증권등소유상황보고서,5
엠에프씨,432980,0,OK,,,,2026-05-27: 임원ㆍ주요주주특정증권등소유상황보고서 | 2026-05-27: 주식등의대량보유상황보고서(일반) | 2026-05-27: 임원ㆍ주요주주특정증권등소유상황보고서 | 2026-05-15: 분기보고서 (2026.03),4
이엠앤아이,083470,0,OK,,,,2026-05-20: 사외이사의선임ㆍ해임또는중도퇴임에관한신고 | 2026-05-20: 임시주주총회결과               | 2026-05-15: 분기보고서 (2026.03) | 2026-05-04: 의결권대리행사권유참고서류 | 2026-05-04: 주주총회소집공고,8
두산테스나,131970,0,OK,,,,2026-05-15: 분기보고서 (2026.03) | 2026-04-28: [기재정정]주요사항보고서(유형자산양수결정) | 2026-04-28: 주요사항보고서(유형자산양수결정) | 2026-04-28: [기재정정]신규시설투자등              ,4
스맥,099440,0,OK,,,,2026-05-20: 주식등의대량보유상황보고서(일반) | 2026-05-15: 분기보고서 (2026.03) | 2026-05-11: 주식등의대량보유상황보고서(일반) | 2026-04-30: 소속부변경              ,4
NPX,222160,0,OK,,,,2026-05-15: 분기보고서 (2026.03) | 2026-04-30: [기재정정]주주총회소집결의              (임시주주총회) | 2026-04-30: [기재정정]주주명부폐쇄기간또는기준일설정              ,3
티이엠씨,425040,0,OK,,,,2026-05-27: 전환청구권행사              (제1회차) | 2026-05-22: 타법인주식및출자증권취득결정               | 2026-05-15: 분기보고서 (2026.03) | 2026-05-07: 임원ㆍ주요주주특정증권등소유상황보고서 | 2026-05-07: 임원ㆍ주요주주특정증권등소유상황보고서,9
현대위아,011210,0,OK,,,,2026-05-15: 풍문또는보도에대한해명(미확정)               | 2026-05-14: 분기보고서 (2026.03) | 2026-04-27: 약관에의한금융거래시계열금융회사의거래상대방의공시,3
엔케이,085310,0,OK,,,,2026-05-15: [기재정정]주식병합결정               | 2026-05-15: 분기보고서 (2026.03) | 2026-04-29: 임원ㆍ주요주주특정증권등소유상황보고서,3
오아,342870,0,OK,,,,2026-05-22: [기재정정]타법인주식및출자증권취득결정               | 2026-05-21: 주주총회소집공고 | 2026-05-15: 분기보고서 (2026.03) | 2026-04-30: [기재정정]타법인주식및출자증권취득결정              ,4
티비씨,033830,0,OK,,,,2026-05-27: 임원ㆍ주요주주특정증권등소유상황보고서 | 2026-05-27: 임원ㆍ주요주주특정증권등소유상황보고서 | 2026-05-26: 임원ㆍ주요주주특정증권등소유상황보고서 | 2026-05-13: 의결권대리행사권유참고서류 | 2026-05-13: 주주총회소집공고,6
HC보광산업,225530,0,OK,,,,2026-05-27: 전환사채(해외전환사채포함)발행후만기전사채취득               | 2026-05-15: 분기보고서 (2026.03) | 2026-05-08: 주식등의대량보유상황보고서(일반),3
소노스퀘어,007720,0,OK,,,,2026-05-15: 분기보고서 (2026.03) | 2026-05-15: 임시주주총회결과               | 2026-04-30: 주주총회소집공고 | 2026-04-30: [기재정정]주주총회소집결의              (임시주주총회),4
삼부토건,001470,0,OK,,,,2026-05-26: 투자판단관련주요경영사항               | 2026-05-21: 기타시장안내              (개선기간 부여) | 2026-05-18: [기재정정]분기보고서 (2026.03) | 2026-05-15: 분기보고서 (2026.03) | 2026-04-30: [기재정정]회생절차개시결정              ,5
퓨릿,445180,0,OK,,,,2026-05-14: 기업설명회(IR)개최               | 2026-05-14: 분기보고서 (2026.03) | 2026-04-30: 소속부변경              ,3
누리플렉스,040160,0,OK,,,,2026-05-15: 분기보고서 (2026.03) | 2026-05-13: 주식등의대량보유상황보고서(일반) | 2026-05-13: 임원ㆍ주요주주특정증권등소유상황보고서,3
시너지이노베이션,048870,0,OK,,,,2026-05-21: 주식등의대량보유상황보고서(일반) | 2026-05-20: 기업설명회(IR)개최               | 2026-05-15: 분기보고서 (2026.03) | 2026-04-30: 소속부변경              ,4
마키나락스,477850,0,OK,,,,2026-05-27: 임원ㆍ주요주주특정증권등소유상황보고서 | 2026-05-27: 임원ㆍ주요주주특정증권등소유상황보고서 | 2026-05-27: 임원ㆍ주요주주특정증권등소유상황보고서 | 2026-05-27: 임원ㆍ주요주주특정증권등소유상황보고서 | 2026-05-27: 주식등의대량보유상황보고서(일반),10
아이엠지티,456570,0,OK,,,,2026-05-22: 기업설명회(IR)개최결과               | 2026-05-21: [기재정정]타법인주식및출자증권취득결정               | 2026-05-07: 타법인주식및출자증권취득결정               | 2026-05-07: 기업설명회(IR)개최              ,4
제주반도체,080220,0,OK,,,,2026-05-22: 임원ㆍ주요주주특정증권등소유상황보고서 | 2026-05-22: 임원ㆍ주요주주특정증권등소유상황보고서 | 2026-05-22: 주식등의대량보유상황보고서(일반) | 2026-05-21: [기재정정]주요사항보고서(신주인수권부사채매수선택권행사자지정) | 2026-05-21: [기재정정]주요사항보고서(전환사채매수선택권행사자지정),16
인산가,277410,0,OK,,,,2026-05-20: 임시주주총회결과               | 2026-05-15: 분기보고서 (2026.03) | 2026-05-08: 주식등의대량보유상황보고서(약식) | 2026-05-08: 신주인수권부사채(해외신주인수권부사채포함)발행후만기전사채취득               | 2026-05-06: 주식등의대량보유상황보고서(약식),10
대한제분,001130,0,OK,,,,2026-05-20: [기재정정]벌금등의부과               | 2026-05-20: [기재정정]벌금등의부과               | 2026-05-20: 벌금등의부과               | 2026-05-15: 분기보고서 (2026.03) | 2026-05-13: 기업가치제고계획예고(안내공시)              ,12
KC그린홀딩스,009440,0,OK,,,,2026-05-26: 기타경영사항(자율공시)               | 2026-05-22: 주식등의대량보유상황보고서(약식) | 2026-05-20: 기타시장안내              (상장·공시위원회 결과) | 2026-05-15: 분기보고서 (2026.03) | 2026-05-13: [기재정정]투자판단관련주요경영사항(자회사의 주요경영사항)              ,8
아모그린텍,125210,0,OK,,,,2026-05-26: 의결권대리행사권유참고서류 | 2026-05-26: 주주총회소집공고 | 2026-05-15: 분기보고서 (2026.03) | 2026-04-29: 임원ㆍ주요주주특정증권등소유상황보고서,4
컨텍,451760,0,OK,,,,2026-05-26: 전환청구권행사              (제1회차) | 2026-05-14: 분기보고서 (2026.03) | 2026-05-12: 전환청구권행사              (제1회차) | 2026-04-28: [기재정정]주식등의대량보유상황보고서(일반),4
브레인즈컴퍼니,099390,0,OK,,,,2026-05-21: 임원ㆍ주요주주특정증권등소유상황보고서 | 2026-05-21: 주식등의대량보유상황보고서(일반) | 2026-05-15: 분기보고서 (2026.03),3
비보존 제약,082800,0,OK,,,,2026-05-26: 주식등의대량보유상황보고서(일반) | 2026-05-15: 분기보고서 (2026.03) | 2026-05-07: 임원ㆍ주요주주특정증권등소유상황보고서 | 2026-04-30: 전환사채(해외전환사채포함)발행후만기전사채취득              (제15회차),4
이노뎁,303530,0,OK,,,,2026-05-22: 주식등의대량보유상황보고서(일반) | 2026-05-21: 임원ㆍ주요주주특정증권등소유상황보고서 | 2026-05-15: 분기보고서 (2026.03),3
탑런토탈솔루션,336680,0,OK,,,,2026-05-26: [기재정정]타인에대한채무보증결정               | 2026-05-15: 분기보고서 (2026.03) | 2026-04-27: [기재정정]타인에대한채무보증결정               | 2026-04-27: [기재정정]타인에대한채무보증결정              ,4
OCI,456040,0,OK,,,,2026-05-14: 분기보고서 (2026.03) | 2026-05-12: 신탁계약에의한취득상황보고서 | 2026-05-11: 최대주주등소유주식변동신고서              ,3
보해양조,000890,0,OK,,,,2026-05-15: 분기보고서 (2026.03) | 2026-05-08: 임원ㆍ주요주주특정증권등소유상황보고서 | 2026-05-08: 임원ㆍ주요주주특정증권등소유상황보고서 | 2026-05-08: 임원ㆍ주요주주특정증권등소유상황보고서 | 2026-05-08: 임원ㆍ주요주주특정증권등소유상황보고서,6
코아시아씨엠,196450,0,OK,,,,2026-05-19: 주주명부폐쇄기간또는기준일설정               | 2026-05-19: 주주총회소집결의              (임시주주총회) | 2026-05-14: 분기보고서 (2026.03),3
디앤디파마텍,347850,0,OK,,,,2026-05-27: [기재정정]투자판단관련주요경영사항(임상시험결과)              (대사이상지방간염 (MASH) 치료제 DD01의 미국 임상 제2상 Topline data 수령) | 2026-05-18: 사외이사의선임ㆍ해임또는중도퇴임에관한신고 | 2026-05-15: 임원ㆍ주요주주특정증권등소유상황보고서 | 2026-05-15: 분기보고서 (2026.03) | 2026-04-30: 증권발행결과(자율공시)              (제2회차 CB),5
이노에이엑스,296640,0,OK,,,,2026-05-15: 분기보고서 (2026.03) | 2026-05-13: [기재정정]주주총회소집결의               | 2026-04-30: 주주명부폐쇄기간또는기준일설정               | 2026-04-30: 주주총회소집결의              (임시주주총회),4
바이오다인,314930,0,OK,,,,2026-05-15: 주식등의대량보유상황보고서(일반) | 2026-05-15: 기업설명회(IR)개최               | 2026-05-15: 분기보고서 (2026.03),3
농심,004370,0,OK,,,,2026-05-15: 분기보고서 (2026.03) | 2026-05-08: 동일인등출자계열회사와의상품ㆍ용역거래변경 | 2026-04-30: [기재정정]신규시설투자등               | 2026-04-27: 임원ㆍ주요주주특정증권등소유상황보고서,4
동서,026960,0,OK,,,,2026-05-15: 최대주주등소유주식변동신고서               | 2026-05-14: 분기보고서 (2026.03) | 2026-05-06: 임원ㆍ주요주주특정증권등거래계획보고서,3
코어라인소프트,384470,0,OK,,,,2026-05-21: [기재정정]타인에대한담보제공결정               | 2026-05-21: [기재정정]주식매수선택권부여에관한신고 | 2026-05-21: [기재정정]주식매수선택권부여에관한신고 | 2026-05-21: [기재정정]주식매수선택권부여에관한신고 | 2026-05-14: 분기보고서 (2026.03),6
쓰리빌리언,394800,0,OK,,,,2026-05-26: 임원ㆍ주요주주특정증권등소유상황보고서 | 2026-05-26: 임원ㆍ주요주주특정증권등소유상황보고서 | 2026-05-26: 임원ㆍ주요주주특정증권등소유상황보고서 | 2026-05-26: 임원ㆍ주요주주특정증권등소유상황보고서 | 2026-05-26: 주식등의대량보유상황보고서(일반),8
하이드로리튬,101670,0,OK,,,,2026-05-15: 분기보고서 (2026.03) | 2026-05-06: [기재정정]의결권대리행사권유참고서류 | 2026-05-06: [기재정정]주주총회소집공고 | 2026-05-06: [기재정정]주주총회소집결의              (임시주주총회) | 2026-04-30: 임원ㆍ주요주주특정증권등소유상황보고서,7
세나테크놀로지,061090,0,OK,,,,2026-05-20: 기업설명회(IR)개최               | 2026-05-20: 임원ㆍ주요주주특정증권등소유상황보고서 | 2026-05-14: 분기보고서 (2026.03),3
대한해운,005880,0,OK,,,,2026-05-26: 주주명부폐쇄기간또는기준일설정               | 2026-05-26: 주주총회소집결의               | 2026-05-26: 최대주주등소유주식변동신고서               | 2026-05-26: 주식등의대량보유상황보고서(일반) | 2026-05-15: 기업설명회(IR)개최(안내공시)              ,7
한라캐스트,125490,0,OK,,,,2026-05-26: 기업설명회(IR)개최               | 2026-05-20: 기업설명회(IR)개최               | 2026-05-14: 분기보고서 (2026.03),3
한화리츠,451800,0,OK,,,,2026-05-22: [기재정정]부동산투자회사부동산임대               | 2026-05-22: 부동산투자회사부동산임대               | 2026-05-21: 임원ㆍ주요주주특정증권등소유상황보고서 | 2026-05-19: [첨부추가]주요사항보고서(유형자산양수결정) | 2026-05-19: 부동산투자회사부동산임대              ,19
아즈텍WB,032080,0,OK,,,,2026-05-22: 임시주주총회결과               | 2026-05-19: 임원ㆍ주요주주특정증권등소유상황보고서 | 2026-05-19: 임원ㆍ주요주주특정증권등소유상황보고서 | 2026-05-15: 분기보고서 (2026.03) | 2026-04-29: 주주총회소집공고,5
지앤이헬스케어,299480,0,OK,,,,2026-05-06: 기업설명회(IR)개최               | 2026-04-29: [첨부정정]사업보고서 (2025.12) | 2026-04-29: [기재정정]사업보고서 (2025.12) | 2026-04-29: [기재정정]감사보고서제출               | 2026-04-29: [기재정정]사업보고서 (2025.12),6
에스티오,098660,0,OK,,,,2026-05-15: 분기보고서 (2026.03) | 2026-05-14: 임시주주총회결과               | 2026-04-28: 주주총회소집공고 | 2026-04-28: [기재정정]주주총회소집결의              (임시주주총회),4
JB금융지주,175330,0,OK,,,,2026-05-21: 기업설명회(IR)개최(안내공시)               | 2026-05-19: 기업설명회(IR)개최(안내공시)               | 2026-05-15: [기재정정]일괄신고서 | 2026-05-15: 분기보고서 (2026.03) | 2026-05-11: 신탁계약에의한취득상황보고서,9
하이딥,365590,0,OK,,,,2026-05-15: 분기보고서 (2026.03) | 2026-05-07: 임원ㆍ주요주주특정증권등소유상황보고서 | 2026-05-07: 임원ㆍ주요주주특정증권등소유상황보고서 | 2026-05-07: 임원ㆍ주요주주특정증권등소유상황보고서,4
교보증권,030610,0,OK,,,,2026-05-27: 투자설명서(일괄신고) | 2026-05-27: 일괄신고추가서류(파생결합사채-주가연계파생결합사채) | 2026-05-27: 투자설명서(일괄신고) | 2026-05-27: 일괄신고추가서류(파생결합사채-주가연계파생결합사채) | 2026-05-26: 투자설명서(일괄신고),100
흥국화재,000540,0,OK,,,,2026-05-27: [기재정정]대규모기업집단현황공시[분기별공시(개별회사용)] | 2026-05-27: [기재정정]대규모기업집단현황공시[분기별공시(개별회사용)] | 2026-05-15: 분기보고서 (2026.03),3
대림통상,006570,0,OK,,,,2026-05-27: 주식등의대량보유상황보고서(일반) | 2026-05-21: 임원ㆍ주요주주특정증권등소유상황보고서 | 2026-05-21: 임원ㆍ주요주주특정증권등소유상황보고서 | 2026-05-21: 임원ㆍ주요주주특정증권등소유상황보고서 | 2026-05-21: 최대주주등소유주식변동신고서              ,7
제이에스티나,026040,0,OK,,,,2026-05-26: [기재정정]주식등의대량보유상황보고서(약식) | 2026-05-22: 주식등의대량보유상황보고서(약식) | 2026-05-15: 분기보고서 (2026.03),3
이상네트웍스,080010,0,OK,,,,2026-05-27: 신탁계약해지결과보고서 | 2026-05-26: 주요사항보고서(자기주식취득신탁계약해지결정) | 2026-05-15: 분기보고서 (2026.03),3
우리넷,115440,0,OK,,,,2026-05-20: 주식등의대량보유상황보고서(일반) | 2026-05-15: [기재정정]분기보고서 (2026.03) | 2026-05-15: 분기보고서 (2026.03),3
우양,103840,0,OK,,,,2026-05-15: 분기보고서 (2026.03) | 2026-05-12: 임원ㆍ주요주주특정증권등소유상황보고서 | 2026-05-08: 임원ㆍ주요주주특정증권등소유상황보고서 | 2026-05-07: 임원ㆍ주요주주특정증권등소유상황보고서 | 2026-05-07: 임원ㆍ주요주주특정증권등소유상황보고서,9
THE CUBE&,013720,0,OK,,,,2026-05-13: 중대재해관련형사처벌사실확인               | 2026-05-13: 분기보고서 (2026.03) | 2026-05-11: 임원ㆍ주요주주특정증권등소유상황보고서 | 2026-05-06: 임원ㆍ주요주주특정증권등소유상황보고서,4
대신밸류리츠,0030R0,0,OK,,,,2026-05-22: 임원ㆍ주요주주특정증권등소유상황보고서 | 2026-05-15: 정기주주총회결과               | 2026-05-15: 임원ㆍ주요주주특정증권등소유상황보고서 | 2026-05-14: 주주명부폐쇄기간또는기준일설정               | 2026-05-07: 사업보고서 (2026.02),11
티케이케미칼,104480,0,OK,,,,2026-05-21: 주식등의대량보유상황보고서(일반) | 2026-05-14: 주식등의대량보유상황보고서(일반) | 2026-05-14: 분기보고서 (2026.03) | 2026-04-30: 소속부변경              ,4
서울식품공업,004410,0,OK,,,,2026-05-19: 임원ㆍ주요주주특정증권등소유상황보고서 | 2026-05-19: 임원ㆍ주요주주특정증권등소유상황보고서 | 2026-05-19: 임원ㆍ주요주주특정증권등소유상황보고서 | 2026-05-19: 임원ㆍ주요주주특정증권등소유상황보고서 | 2026-05-19: 주식등의대량보유상황보고서(일반),8
케이옥션,102370,0,OK,,,,2026-05-27: 임원ㆍ주요주주특정증권등소유상황보고서 | 2026-05-27: 임원ㆍ주요주주특정증권등소유상황보고서 | 2026-05-26: 임원ㆍ주요주주특정증권등소유상황보고서 | 2026-05-26: 주식등의대량보유상황보고서(일반) | 2026-05-18: 임원ㆍ주요주주특정증권등소유상황보고서,8
지슨,446840,0,OK,,,,2026-05-15: 분기보고서 (2026.03) | 2026-05-13: 주주총회소집공고 | 2026-04-27: 기타경영사항(자율공시)              ((국책과제 선정(과학기술정보통신부 주관 국산연구장비 기술경쟁력강화사업(R&D)협약체결)),3
신한지주,055550,0,OK,,,,2026-05-15: 최대주주등소유주식변동신고서               | 2026-05-15: [기재정정]일괄신고서 | 2026-05-15: 분기보고서 (2026.03) | 2026-05-14: 기업설명회(IR)개최(안내공시)               | 2026-05-12: 임원ㆍ주요주주특정증권등소유상황보고서,11
리브스메드,491000,0,OK,,,,2026-05-15: 분기보고서 (2026.03) | 2026-05-13: [첨부정정]주요사항보고서(유형자산양수결정) | 2026-05-13: 주요사항보고서(유형자산양수결정),3
한전산업,130660,0,OK,,,,2026-05-21: 주주명부폐쇄기간또는기준일설정               | 2026-05-21: 주주총회소집결의               | 2026-05-13: 분기보고서 (2026.03),3
전북은행,006350,0,OK,,,,2026-05-15: [기재정정]일괄신고서 | 2026-05-15: 분기보고서 (2026.03) | 2026-05-11: 증권발행실적보고서 | 2026-05-08: 투자설명서(일괄신고) | 2026-05-08: 일괄신고추가서류,6
본시스템즈,496320,0,OK,,,,2026-05-21: 기업설명회(IR)개최               | 2026-05-11: 소송등의판결ㆍ결정(일정금액이상의청구)               | 2026-04-29: [기재정정]주요사항보고서(유형자산양수결정),3
엠디바이스,226590,0,OK,,,,2026-05-26: 임원ㆍ주요주주특정증권등소유상황보고서 | 2026-05-19: 단기차입금증가결정               | 2026-05-15: 파생상품거래손실발생               | 2026-05-14: 분기보고서 (2026.03) | 2026-05-12: [기재정정]주식등의대량보유상황보고서(약식),6
타스컴,336040,0,OK,,,,2026-05-08: 임원ㆍ주요주주특정증권등소유상황보고서 | 2026-04-30: 주식등의대량보유상황보고서(약식) | 2026-04-30: 임원ㆍ주요주주특정증권등소유상황보고서,3
감성코퍼레이션,036620,0,OK,,,,2026-05-27: 임원ㆍ주요주주특정증권등소유상황보고서 | 2026-05-20: 의결권대리행사권유참고서류 | 2026-05-20: 주주총회소집공고 | 2026-05-13: 분기보고서 (2026.03) | 2026-05-08: 주식등의대량보유상황보고서(일반),5
드림씨아이에스,223250,0,OK,,,,2026-05-27: 임원ㆍ주요주주특정증권등소유상황보고서 | 2026-05-27: 임원ㆍ주요주주특정증권등소유상황보고서 | 2026-05-26: 임원ㆍ주요주주특정증권등소유상황보고서 | 2026-05-14: 분기보고서 (2026.03) | 2026-04-30: 소속부변경              ,5
메타케어,118000,0,OK,,,,2026-05-26: 전환가액ㆍ신주인수권행사가액ㆍ교환가액의조정(안내공시)               | 2026-05-15: 분기보고서 (2026.03) | 2026-05-07: 주식등의대량보유상황보고서(일반) | 2026-05-07: 임원ㆍ주요주주특정증권등소유상황보고서 | 2026-04-28: 전환가액ㆍ신주인수권행사가액ㆍ교환가액의조정(안내공시)              ,5
메디콕스,054180,0,OK,,,,2026-05-15: 분기보고서 (2026.03) | 2026-05-13: 임시주주총회결과               | 2026-04-29: 주주총회소집공고 | 2026-04-28: 주주총회소집결의              (임시주주총회),4
페스카로,0015S0,0,OK,,,,2026-05-27: 기업설명회(IR)개최               | 2026-05-14: [기재정정]분기보고서 (2026.03) | 2026-05-12: 분기보고서 (2026.03) | 2026-05-11: 기업설명회(IR)개최               | 2026-04-28: 임원ㆍ주요주주특정증권등소유상황보고서,5
신영증권,001720,0,OK,,,,2026-05-27: 주주총회소집결의               | 2026-05-27: 현금ㆍ현물배당결정               | 2026-05-27: 증권발행실적보고서 | 2026-05-27: 증권발행실적보고서 | 2026-05-27: 투자설명서(일괄신고),74
인성정보,033230,0,OK,,,,2026-05-15: 분기보고서 (2026.03) | 2026-05-14: [기재정정]주식매수선택권부여에관한신고 | 2026-05-14: [기재정정]주식매수선택권부여에관한신고 | 2026-05-14: [기재정정]주식매수선택권부여에관한신고 | 2026-05-14: [기재정정]주식매수선택권부여에관한신고,9
청담글로벌,362320,0,OK,,,,2026-05-15: 분기보고서 (2026.03) | 2026-05-14: 주식등의대량보유상황보고서(일반) | 2026-05-06: [기재정정]주식등의대량보유상황보고서(일반) | 2026-05-06: 주식등의대량보유상황보고서(일반),4
삼성에피스홀딩스,0126Z0,0,OK,,,,2026-05-15: 분기보고서 (2026.03) | 2026-05-15: [기재정정]감사보고서제출(자회사의 주요경영사항)               | 2026-05-15: [기재정정]사업보고서 (2025.12) | 2026-05-15: [기재정정]감사보고서제출               | 2026-05-11: 최대주주등소유주식변동신고서              ,5
크리스에프앤씨,110790,0,OK,,,,2026-05-19: 교환사채(해외교환사채포함)발행후만기전사채취득               | 2026-05-15: 분기보고서 (2026.03) | 2026-05-14: [기재정정]타인에대한채무보증결정               | 2026-05-06: 타법인주식및출자증권취득결정               | 2026-04-30: 임원ㆍ주요주주특정증권등소유상황보고서,10
신화프리텍,095190,0,OK,,,,2026-05-21: 주식등의대량보유상황보고서(일반) | 2026-05-18: 주식등의대량보유상황보고서(일반) | 2026-05-15: 분기보고서 (2026.03),3
알에프세미,096610,0,OK,,,,2026-05-26: 투자판단관련주요경영사항              (대표이사 구속 관련) | 2026-04-27: [기재정정]분기보고서 (2026.03) | 2026-04-27: 분기보고서 (2026.03),3
HB인베스트먼트,440290,0,OK,,,,2026-05-14: 분기보고서 (2026.03) | 2026-05-11: [기재정정]기업가치제고계획(자율공시)              (2026년 기업가치 제고 계획) | 2026-05-08: 기업가치제고계획(자율공시)              (2026년 기업가치 제고 계획),3
메카로,241770,0,OK,,,,2026-05-19: 주식등의대량보유상황보고서(일반) | 2026-05-13: 분기보고서 (2026.03) | 2026-04-28: 임원ㆍ주요주주특정증권등소유상황보고서 | 2026-04-28: 주식등의대량보유상황보고서(일반),4
케이엔제이,272110,0,OK,,,,2026-05-11: 분기보고서 (2026.03) | 2026-05-08: 주식등의대량보유상황보고서(일반) | 2026-04-28: 자기주식처분결과보고서,3
경인양행,012610,0,OK,,,,2026-05-21: 주식등의대량보유상황보고서(일반) | 2026-05-21: 최대주주등소유주식변동신고서               | 2026-05-15: 분기보고서 (2026.03),3
해성옵틱스,076610,0,OK,,,,2026-05-27: 전환가액의조정               | 2026-05-21: 전환청구권행사               | 2026-05-15: [기재정정]전환청구권행사               | 2026-05-15: [기재정정]분기보고서 (2026.03) | 2026-05-14: 분기보고서 (2026.03),8
동성화인텍,033500,0,OK,,,,2026-05-14: 분기보고서 (2026.03) | 2026-05-08: 임원ㆍ주요주주특정증권등소유상황보고서 | 2026-04-30: 자기주식처분결과보고서,3
우리금융지주,316140,0,OK,,,,2026-05-26: 정정신고서제출요구( 2026.05.14. 제출 증권신고서(주식의포괄적교환ㆍ이전) ) | 2026-05-22: 증권발행실적보고서 | 2026-05-21: 기업설명회(IR)개최(안내공시)               | 2026-05-21: 투자설명서(일괄신고) | 2026-05-21: 일괄신고추가서류,17
인팩,023810,0,OK,,,,2026-05-15: [기재정정]타인에대한채무보증결정               | 2026-05-15: [기재정정]타인에대한채무보증결정               | 2026-05-15: 타인에대한채무보증결정               | 2026-05-15: 타인에대한채무보증결정               | 2026-05-15: 분기보고서 (2026.03),5
한주에이알티,058450,0,OK,,,,2026-05-15: 분기보고서 (2026.03) | 2026-05-14: 사외이사의선임ㆍ해임또는중도퇴임에관한신고 | 2026-05-08: 임원ㆍ주요주주특정증권등소유상황보고서 | 2026-05-07: 단기차입금감소결정(자율공시)               | 2026-05-07: 대표이사변경              ,10
파수AI,150900,0,OK,,,,2026-05-15: 주식등의대량보유상황보고서(일반) | 2026-05-14: 분기보고서 (2026.03) | 2026-05-04: 기타시장안내(약명및영문명)              (한글약명) | 2026-04-30: 임원ㆍ주요주주특정증권등소유상황보고서 | 2026-04-29: 주식등의대량보유상황보고서(약식),5
한선엔지니어링,452280,0,OK,,,,2026-05-14: [기재정정]분기보고서 (2026.03) | 2026-05-12: 파생상품거래손실발생               | 2026-05-12: 주요사항보고서(자기전환사채만기전취득결정) | 2026-05-12: 분기보고서 (2026.03) | 2026-05-08: 주식등의대량보유상황보고서(약식),8
EMB,278990,0,OK,,,,2026-05-26: [기재정정]타법인주식및출자증권처분결정               | 2026-05-22: 전환가액의조정               | 2026-05-19: 기업설명회(IR)개최결과              ,3
서진시스템,178320,0,OK,,단일판매ㆍ공급계약체결              (+5) | 단일판매ㆍ공급계약체결              (+5),[기재정정]최대주주변경을수반하는주식담보제공계약체결              (-5) | [기재정정]최대주주변경을수반하는주식담보제공계약체결              (-5),2026-05-22: 주식등의대량보유상황보고서(일반) | 2026-05-21: [기재정정]최대주주변경을수반하는주식담보제공계약체결               | 2026-05-18: 단일판매ㆍ공급계약체결               | 2026-05-15: 분기보고서 (2026.03) | 2026-05-12: 임원ㆍ주요주주특정증권등거래계획보고서,17
멕아이씨에스,058110,0,OK,,,,2026-05-18: 임시주주총회결과               | 2026-05-13: 분기보고서 (2026.03) | 2026-05-06: [기재정정]주주총회소집공고 | 2026-05-06: [첨부정정]의결권대리행사권유참고서류 | 2026-04-29: [기재정정]의결권대리행사권유참고서류,10
드림어스컴퍼니,060570,0,OK,,,,2026-05-19: 주식병합결정               | 2026-05-19: 주주총회소집결의               | 2026-05-19: 주주명부폐쇄기간또는기준일설정               | 2026-05-14: 분기보고서 (2026.03) | 2026-05-11: 주식등의대량보유상황보고서(일반),7
솔트룩스,304100,0,OK,,,,2026-05-14: 분기보고서 (2026.03) | 2026-05-12: [기재정정]의결권대리행사권유참고서류 | 2026-05-12: [기재정정]주주총회소집공고 | 2026-04-30: 의결권대리행사권유참고서류 | 2026-04-30: 주주총회소집공고,5
이지스레지던스리츠,350520,0,OK,,,,2026-05-15: 반기보고서 (2026.03) | 2026-05-08: 주식등의대량보유상황보고서(약식) | 2026-05-08: 임원ㆍ주요주주특정증권등소유상황보고서,3
지투지바이오,456160,0,OK,,,,2026-05-22: [기재정정]임원ㆍ주요주주특정증권등소유상황보고서 | 2026-05-21: 임원ㆍ주요주주특정증권등소유상황보고서 | 2026-05-21: 임원ㆍ주요주주특정증권등소유상황보고서 | 2026-05-21: 임원ㆍ주요주주특정증권등소유상황보고서 | 2026-05-15: 분기보고서 (2026.03),5
대주전자재료,078600,0,OK,,,,2026-05-18: [기재정정]파생상품거래손실발생               | 2026-05-15: 파생상품거래손실발생               | 2026-05-15: 주요사항보고서(제3자의전환사채매수선택권행사) | 2026-05-15: 주요사항보고서(제3자의전환사채매수선택권행사) | 2026-05-14: 주요사항보고서(전환사채매수선택권행사자지정),12
한세예스24홀딩스,016450,0,OK,,,,2026-05-15: 분기보고서 (2026.03) | 2026-05-13: 증권대여결정(자회사의 주요경영사항)               | 2026-04-28: 주식등의대량보유상황보고서(일반),3
월덱스,101160,0,OK,,,,2026-05-15: 분기보고서 (2026.03) | 2026-05-14: 주주명부폐쇄기간또는기준일설정               | 2026-05-14: 주주총회소집결의              (임시주주총회),3
제닉,123330,0,OK,,,,2026-05-14: 분기보고서 (2026.03) | 2026-05-04: 주식등의대량보유상황보고서(약식) | 2026-04-30: 소속부변경              ,3
부국증권,001270,0,OK,,,,2026-05-21: 임원ㆍ주요주주특정증권등소유상황보고서 | 2026-05-20: 주식등의대량보유상황보고서(일반) | 2026-05-15: 주식등의대량보유상황보고서(일반) | 2026-05-15: 분기보고서 (2026.03) | 2026-05-13: 주식등의대량보유상황보고서(일반),7
한창,005110,0,OK,,,,2026-05-20: 주식등의대량보유상황보고서(일반) | 2026-05-19: 소송등의제기ㆍ신청(일정금액이상의청구)               | 2026-05-15: 분기보고서 (2026.03) | 2026-05-06: 기타시장안내              (회계처리기준 위반행위 관련 상장적격성 실질심사 절차 미진행 안내) | 2026-05-06: 회계처리기준위반에따른검찰고발등조치              ,6
노랑풍선,104620,0,OK,,,,2026-05-15: 분기보고서 (2026.03) | 2026-05-12: 주주명부폐쇄기간또는기준일설정               | 2026-05-12: 주주총회소집결의              ,3
예선테크,250930,0,OK,,,,2026-05-15: 분기보고서 (2026.03) | 2026-05-13: [기재정정]주주총회소집결의              (임시주주총회) | 2026-05-13: [기재정정]주식병합결정               | 2026-05-07: 주주총회소집결의              (임시주주총회) | 2026-05-07: 주주명부폐쇄기간또는기준일설정              ,6
대성산업,128820,0,OK,,,,2026-05-15: 분기보고서 (2026.03) | 2026-05-13: 임원ㆍ주요주주특정증권등소유상황보고서 | 2026-05-13: 임원ㆍ주요주주특정증권등소유상황보고서 | 2026-05-13: 임원ㆍ주요주주특정증권등소유상황보고서 | 2026-05-13: 임원ㆍ주요주주특정증권등소유상황보고서,17
미원화학,134380,0,OK,,,,2026-05-18: 임원ㆍ주요주주특정증권등소유상황보고서 | 2026-05-08: 분기보고서 (2026.03) | 2026-05-06: 임원ㆍ주요주주특정증권등소유상황보고서 | 2026-05-06: [기재정정]임원ㆍ주요주주특정증권등소유상황보고서 | 2026-04-27: [기재정정]최대주주등소유주식변동신고서              ,5
롯데리츠,330590,0,OK,,,,2026-05-21: 임원ㆍ주요주주특정증권등소유상황보고서 | 2026-05-14: 임원ㆍ주요주주특정증권등소유상황보고서 | 2026-05-14: 반기보고서 (2026.03) | 2026-05-08: 임원ㆍ주요주주특정증권등소유상황보고서 | 2026-05-04: 주식등의대량보유상황보고서(약식),6
우리기술투자,041190,0,OK,,,,2026-05-22: 주식등의대량보유상황보고서(일반) | 2026-05-15: 분기보고서 (2026.03) | 2026-05-04: 주식등의대량보유상황보고서(일반) | 2026-04-30: 소속부변경               | 2026-04-29: 주식등의대량보유상황보고서(일반),5
한일단조,024740,0,OK,,,,2026-05-20: 주식등의대량보유상황보고서(일반) | 2026-05-15: 분기보고서 (2026.03) | 2026-05-15: [기재정정]사업보고서 (2025.12),3
비나텍,126340,0,OK,,,,2026-05-27: 주식등의대량보유상황보고서(일반) | 2026-05-27: [기재정정]임원ㆍ주요주주특정증권등소유상황보고서 | 2026-05-27: [기재정정]임원ㆍ주요주주특정증권등소유상황보고서 | 2026-05-26: 임원ㆍ주요주주특정증권등소유상황보고서 | 2026-05-26: 임원ㆍ주요주주특정증권등소유상황보고서,9
텔콘RF제약,200230,0,OK,,,,2026-05-27: 주요사항보고서(자기전환사채만기전취득결정) | 2026-05-21: 임시주주총회결과               | 2026-05-15: 분기보고서 (2026.03) | 2026-05-15: 타인에대한채무보증결정               | 2026-04-29: 의결권대리행사권유참고서류,6
모나리자,012690,0,OK,,,,2026-05-15: 분기보고서 (2026.03) | 2026-05-15: [기재정정]사업보고서 (2025.12) | 2026-04-30: [기재정정]정기주주총회결과              ,3
다산네트웍스,039560,0,OK,,,,2026-05-26: 주식등의대량보유상황보고서(일반) | 2026-05-22: 주주총회소집공고 | 2026-05-19: 의결권대리행사권유참고서류 | 2026-05-15: 분기보고서 (2026.03) | 2026-05-06: 주식등의대량보유상황보고서(일반),7
유일로보틱스,388720,0,OK,,,,2026-05-15: 분기보고서 (2026.03) | 2026-05-08: 임원ㆍ주요주주특정증권등소유상황보고서 | 2026-04-30: 주식등의대량보유상황보고서(일반),3
코리아나,027050,0,OK,,,,2026-05-27: 임원ㆍ주요주주특정증권등소유상황보고서 | 2026-05-19: 임원ㆍ주요주주특정증권등소유상황보고서 | 2026-05-18: 의결권대리행사권유참고서류 | 2026-05-18: 주주총회소집공고 | 2026-05-15: 분기보고서 (2026.03),6
삼영에스앤씨,361670,0,OK,,,,2026-05-18: 임원ㆍ주요주주특정증권등소유상황보고서 | 2026-05-18: 임원ㆍ주요주주특정증권등소유상황보고서 | 2026-05-12: 분기보고서 (2026.03),3
아이티엠반도체,084850,0,OK,,,,2026-05-21: 주식등의대량보유상황보고서(일반) | 2026-05-18: 타인에대한채무보증결정               | 2026-05-15: 분기보고서 (2026.03) | 2026-05-12: 주식등의대량보유상황보고서(일반) | 2026-04-30: [기재정정]주식매수선택권부여에관한신고,6
씨앤투스,352700,0,OK,,,,2026-05-15: 분기보고서 (2026.03) | 2026-04-30: 소속부변경               | 2026-04-27: 주식등의대량보유상황보고서(일반),3
보로노이,310210,0,OK,,,,2026-05-27: [기재정정]투자판단관련주요경영사항(임상시험계획변경승인)              (VRN110755의 제 1/2상 임상시험) | 2026-05-27: 주식등의대량보유상황보고서(일반) | 2026-05-26: [기재정정]투자판단관련주요경영사항(임상시험계획변경승인신청)              (VRN110755의 제 1/2상 임상시험) | 2026-05-15: 분기보고서 (2026.03) | 2026-05-13: 기업설명회(IR)개최              ,6
디와이에이,002880,0,OK,,,,2026-05-21: 신규시설투자등               | 2026-05-21: 주주명부폐쇄기간또는기준일설정               | 2026-05-21: 주주총회소집결의               | 2026-05-14: 분기보고서 (2026.03) | 2026-04-28: 신규시설투자등              ,5
제이케이시냅스,060230,0,OK,,,,2026-05-21: 의결권대리행사권유참고서류 | 2026-05-21: 주주총회소집공고 | 2026-05-15: 분기보고서 (2026.03) | 2026-05-08: [기재정정]주주총회소집결의              (임시주주총회) | 2026-05-07: 파산신청기각              ,9
경농,002100,0,OK,,,,2026-05-18: 주식등의대량보유상황보고서(일반) | 2026-05-18: 임원ㆍ주요주주특정증권등소유상황보고서 | 2026-05-15: 분기보고서 (2026.03),3
에코마케팅,230360,0,OK,,,,2026-05-21: 주식등의대량보유상황보고서(일반) | 2026-05-19: 불성실공시법인미지정              (지정유예) | 2026-05-15: 분기보고서 (2026.03) | 2026-05-12: 임시주주총회결과               | 2026-05-07: 주식등의대량보유상황보고서(일반),8
인터지스,129260,0,OK,,,,2026-05-27: 최대주주등소유주식변동신고서               | 2026-05-27: 주식등의대량보유상황보고서(일반) | 2026-05-27: 임원ㆍ주요주주특정증권등소유상황보고서 | 2026-05-15: 분기보고서 (2026.03),4
아이로보틱스,066430,0,OK,,,,2026-05-21: 주식등의대량보유상황보고서(일반) | 2026-05-20: 불성실공시법인지정              (공시번복) | 2026-05-15: 분기보고서 (2026.03) | 2026-05-12: [기재정정]주주총회소집공고 | 2026-05-12: [기재정정]의결권대리행사권유참고서류,10
E8,418620,0,OK,,,,2026-05-18: 기업설명회(IR)개최               | 2026-05-15: 분기보고서 (2026.03) | 2026-05-11: 임원ㆍ주요주주특정증권등소유상황보고서,3
DSR제강,069730,0,OK,,,,2026-05-21: 최대주주등소유주식변동신고서               | 2026-05-15: 최대주주등소유주식변동신고서               | 2026-05-15: 분기보고서 (2026.03) | 2026-04-30: 최대주주등소유주식변동신고서              ,4
신성에스티,416180,0,OK,,,,2026-05-15: 분기보고서 (2026.03) | 2026-05-07: [기재정정]금전대여결정               | 2026-04-30: [기재정정]금전대여결정               | 2026-04-28: [기재정정]기업가치제고계획(자율공시)               | 2026-04-27: 기업가치제고계획(자율공시)              ,5
필옵틱스,161580,0,OK,,,,2026-05-22: 임원ㆍ주요주주특정증권등소유상황보고서 | 2026-05-22: [기재정정]신규시설투자등(자회사의 주요경영사항)               | 2026-05-14: 분기보고서 (2026.03) | 2026-05-11: 기업설명회(IR)개최              ,4
크로넥스,215570,0,OK,,,,2026-05-04: [기재정정]사업보고서 (2025.12) | 2026-04-30: [기재정정]사업보고서 (2025.12) | 2026-04-30: [기재정정]감사보고서제출               | 2026-04-30: [기재정정]감사보고서제출              ,4
유니드비티플러스,446070,0,OK,,,,2026-05-19: 주식등의대량보유상황보고서(일반) | 2026-05-15: 임원ㆍ주요주주특정증권등소유상황보고서 | 2026-05-15: 임원ㆍ주요주주특정증권등소유상황보고서 | 2026-05-15: 최대주주등소유주식변동신고서               | 2026-05-15: 분기보고서 (2026.03),5
케이비증권,003450,0,OK,,,,2026-05-27: 증권발행실적보고서 | 2026-05-26: 투자설명서(일괄신고) | 2026-05-26: 일괄신고추가서류(파생결합증권-상장지수증권) | 2026-05-26: 투자설명서(일괄신고) | 2026-05-26: 일괄신고추가서류(기타파생결합증권),55
큐리언트,115180,0,OK,,,,2026-05-21: [기재정정]주식매수선택권행사               | 2026-05-15: 분기보고서 (2026.03) | 2026-04-30: 임원ㆍ주요주주특정증권등소유상황보고서 | 2026-04-30: 임원ㆍ주요주주특정증권등소유상황보고서 | 2026-04-30: 임원ㆍ주요주주특정증권등소유상황보고서,7
한글과컴퓨터,030520,0,OK,,,,2026-05-18: 주식매수선택권부여에관한신고 | 2026-05-18: 기업설명회(IR)개최               | 2026-05-18: 주주총회소집결의              (임시주주총회) | 2026-05-18: 주주명부폐쇄기간또는기준일설정               | 2026-05-13: 분기보고서 (2026.03),7
미래에셋글로벌리츠,396690,0,OK,,,,2026-05-14: 임원ㆍ주요주주특정증권등소유상황보고서 | 2026-05-08: 임원ㆍ주요주주특정증권등소유상황보고서 | 2026-05-08: 주식등의대량보유상황보고서(약식),3
상상인,038540,0,OK,,,,2026-05-20: 주식등의대량보유상황보고서(일반) | 2026-05-15: 분기보고서 (2026.03) | 2026-04-30: [기재정정]타법인주식및출자증권처분결정              ,3
SIMPAC,009160,0,OK,,,,2026-05-27: 임원ㆍ주요주주특정증권등소유상황보고서 | 2026-05-15: 분기보고서 (2026.03) | 2026-05-15: 임원ㆍ주요주주특정증권등소유상황보고서 | 2026-05-14: 임원ㆍ주요주주특정증권등소유상황보고서 | 2026-05-13: 임원ㆍ주요주주특정증권등소유상황보고서,7
HD현대마린솔루션,443060,0,OK,,,,2026-05-15: [기재정정]분기보고서 (2026.03) | 2026-05-15: 분기보고서 (2026.03) | 2026-05-15: 동일인등출자계열회사와의상품ㆍ용역거래변경,3
삼천리,004690,0,OK,,,,2026-05-27: [발행조건확정]증권신고서(채무증권) | 2026-05-21: [발행조건확정]증권신고서(채무증권) | 2026-05-21: [기재정정]증권신고서(채무증권) | 2026-05-15: 증권신고서(채무증권) | 2026-05-14: 분기보고서 (2026.03),6
SJG세종,033530,0,OK,,,,2026-05-21: 주주명부폐쇄기간또는기준일설정               | 2026-05-21: 주주총회소집결의               | 2026-05-15: 분기보고서 (2026.03),3
LS증권,078020,0,OK,,,,2026-05-14: 분기보고서 (2026.03) | 2026-05-06: 소송등의판결ㆍ결정(자율공시:일정금액미만의청구)               | 2026-05-06: 소송등의판결ㆍ결정(자율공시:일정금액미만의청구)               | 2026-05-06: 소송등의판결ㆍ결정(자율공시:일정금액미만의청구)               | 2026-05-06: 소송등의판결ㆍ결정(자율공시:일정금액미만의청구)              ,6
그래디언트,035080,0,OK,,,,2026-05-27: 임원ㆍ주요주주특정증권등소유상황보고서 | 2026-05-15: 분기보고서 (2026.03) | 2026-04-30: 타법인주식및출자증권처분결정              ,3
아이엠뱅크,005270,0,OK,,,,2026-05-15: [기재정정]일괄신고서 | 2026-05-15: 분기보고서 (2026.03) | 2026-05-07: 증권발행실적보고서 | 2026-05-06: 투자설명서(일괄신고) | 2026-05-06: 일괄신고추가서류,5
민테크,452200,0,OK,,,,2026-05-15: 분기보고서 (2026.03) | 2026-05-14: 주식등의대량보유상황보고서(약식) | 2026-04-27: 임원ㆍ주요주주특정증권등소유상황보고서,3
대성미생물,036480,0,OK,,,,2026-05-26: 임원ㆍ주요주주특정증권등소유상황보고서 | 2026-05-22: 임원ㆍ주요주주특정증권등소유상황보고서 | 2026-05-22: 임원ㆍ주요주주특정증권등소유상황보고서 | 2026-05-21: 임원ㆍ주요주주특정증권등소유상황보고서 | 2026-05-15: 임원ㆍ주요주주특정증권등소유상황보고서,6
유라클,088340,0,OK,,,,2026-05-22: 임원ㆍ주요주주특정증권등소유상황보고서 | 2026-05-22: 임원ㆍ주요주주특정증권등소유상황보고서 | 2026-05-22: 임원ㆍ주요주주특정증권등소유상황보고서 | 2026-05-21: 주식등의대량보유상황보고서(일반) | 2026-05-20: 주식등의대량보유상황보고서(일반),6
티에프이,425420,0,OK,,,,2026-05-19: 기업설명회(IR)개최               | 2026-05-15: 분기보고서 (2026.03) | 2026-05-13: 주주명부폐쇄기간또는기준일설정               | 2026-05-13: 주주총회소집결의               | 2026-05-11: 기업설명회(IR)개최              ,6
에넥스,011090,0,OK,,,,2026-05-15: 분기보고서 (2026.03) | 2026-05-07: 임원ㆍ주요주주특정증권등소유상황보고서 | 2026-05-07: 임원ㆍ주요주주특정증권등소유상황보고서 | 2026-05-07: 임원ㆍ주요주주특정증권등소유상황보고서 | 2026-05-07: 임원ㆍ주요주주특정증권등소유상황보고서,7
DB증권,016610,0,OK,,,,2026-05-22: 임원ㆍ주요주주특정증권등소유상황보고서 | 2026-05-22: 임원ㆍ주요주주특정증권등소유상황보고서 | 2026-05-22: 임원ㆍ주요주주특정증권등소유상황보고서 | 2026-05-22: 투자설명서(일괄신고) | 2026-05-22: 투자설명서(일괄신고),45
우듬지팜,403490,0,OK,,,,2026-05-27: 주주명부폐쇄기간또는기준일설정               | 2026-05-27: 주주총회소집결의              (임시주주총회) | 2026-05-27: 주식병합결정               | 2026-05-26: 주요사항보고서(자기주식취득신탁계약체결결정) | 2026-05-15: [기재정정]분기보고서 (2026.03),6
광주은행,192530,0,OK,,,,2026-05-26: 증권발행실적보고서 | 2026-05-22: 투자설명서(일괄신고) | 2026-05-22: 일괄신고추가서류 | 2026-05-15: [기재정정]일괄신고서 | 2026-05-15: 분기보고서 (2026.03),8
차바이오텍,085660,0,OK,,,,2026-05-22: 임원ㆍ주요주주특정증권등소유상황보고서 | 2026-05-18: [기재정정]주식매수선택권부여에관한신고 | 2026-05-15: 분기보고서 (2026.03) | 2026-05-06: 주식등의대량보유상황보고서(일반) | 2026-04-27: 기업설명회(IR)개최              ,5
지니너스,389030,0,OK,,,,2026-05-22: 전환청구권행사               | 2026-05-15: 분기보고서 (2026.03) | 2026-05-12: 주요사항보고서(제3자의전환사채매수선택권행사) | 2026-05-08: 주요사항보고서(전환사채매수선택권행사자지정) | 2026-04-27: 임원ㆍ주요주주특정증권등소유상황보고서,5
동화기업,025900,0,OK,,,,2026-05-26: [발행조건확정]증권신고서(채무증권) | 2026-05-26: [기재정정]증권신고서(채무증권) | 2026-05-19: 증권신고서(채무증권) | 2026-05-15: 분기보고서 (2026.03) | 2026-05-11: 중대재해관련형사처벌사실확인              ,5
DMS,068790,0,OK,,,,2026-05-18: [기재정정]자기주식취득결과보고서 | 2026-05-15: 분기보고서 (2026.03) | 2026-04-30: 소속부변경              ,3
한컴위드,054920,0,OK,,,,2026-05-15: 분기보고서 (2026.03) | 2026-04-30: 타법인주식및출자증권취득결정               | 2026-04-30: [기재정정]단기차입금증가결정               | 2026-04-30: 단기차입금증가결정              ,4
토비스,051360,0,OK,,,,2026-05-12: 투자설명서 | 2026-05-12: 효력발생안내( 2026.4.28. 제출 증권신고서(분할) ) | 2026-05-11: 주식등의대량보유상황보고서(약식) | 2026-05-08: [기재정정]의결권대리행사권유참고서류 | 2026-05-08: [기재정정]의결권대리행사권유참고서류,12
기가레인,049080,0,OK,,,,2026-05-27: 주식등의대량보유상황보고서(일반) | 2026-05-27: 임원ㆍ주요주주특정증권등소유상황보고서 | 2026-05-15: 분기보고서 (2026.03) | 2026-05-11: 임시주주총회결과               | 2026-05-08: [기재정정]주식병합결정              ,6
폴레드,487580,0,OK,,,,2026-05-20: [기재정정]주식등의대량보유상황보고서(약식) | 2026-05-20: 주식등의대량보유상황보고서(약식) | 2026-05-20: 임원ㆍ주요주주특정증권등소유상황보고서 | 2026-05-20: 임원ㆍ주요주주특정증권등소유상황보고서 | 2026-05-20: 임원ㆍ주요주주특정증권등소유상황보고서,14
서울옥션,063170,0,OK,,,,2026-05-21: 주식등의대량보유상황보고서(일반) | 2026-05-14: 임원ㆍ주요주주특정증권등소유상황보고서 | 2026-05-14: 분기보고서 (2026.03),3
지에프아이,493330,0,OK,,,,2026-05-14: 분기보고서 (2026.03) | 2026-05-08: 임원ㆍ주요주주특정증권등소유상황보고서 | 2026-05-08: 주식등의대량보유상황보고서(약식) | 2026-04-28: 임원ㆍ주요주주특정증권등소유상황보고서,4
동양생명,082640,0,OK,,,,2026-05-26: 정정명령부과( 2026.05.14. 제출 주요사항보고서(주식교환ㆍ이전 결정) ) | 2026-05-15: 분기보고서 (2026.03) | 2026-05-14: [정정명령부과][기재정정]주요사항보고서(주식교환ㆍ이전결정) | 2026-05-13: 최대주주등소유주식변동신고서               | 2026-04-29: [기재정정]주요사항보고서(주식교환ㆍ이전결정),6
녹십자홀딩스,005250,0,OK,,,,2026-05-27: [기재정정]타법인주식및출자증권처분결정(종속회사의주요경영사항)               | 2026-05-27: 타법인주식및출자증권처분결정(종속회사의주요경영사항)               | 2026-05-15: 분기보고서 (2026.03),3
제이오,418550,0,OK,,,,2026-05-18: 임원ㆍ주요주주특정증권등소유상황보고서 | 2026-05-15: 분기보고서 (2026.03) | 2026-04-28: 임원ㆍ주요주주특정증권등소유상황보고서,3
삼립,005610,0,OK,,,,2026-05-21: 임원ㆍ주요주주특정증권등소유상황보고서 | 2026-05-21: 임원ㆍ주요주주특정증권등소유상황보고서 | 2026-05-15: 분기보고서 (2026.03) | 2026-05-15: 최대주주등소유주식변동신고서              ,4
키움히어로제2호스팩,0131D0,0,OK,,,,2026-05-15: 분기보고서 (2026.03) | 2026-04-30: 주식등의대량보유상황보고서(약식) | 2026-04-28: 임원ㆍ주요주주특정증권등소유상황보고서 | 2026-04-28: 주식등의대량보유상황보고서(일반),4
시선AI,340810,0,OK,,,,2026-05-14: 분기보고서 (2026.03) | 2026-04-30: 전환사채(해외전환사채포함)발행후만기전사채취득              (제4회차) | 2026-04-29: 전환가액의조정              (제5회차),3
아이큐어,175250,0,OK,,,,2026-05-22: 투자판단관련주요경영사항(임상시험계획자진취하등)              (도네페질패취의 미국 FDA 제1상 임상시험계획 자진취하) | 2026-05-15: [기재정정]분기보고서 (2026.03) | 2026-05-15: 분기보고서 (2026.03) | 2026-05-07: [기재정정]사업보고서 (2025.12),4
KB스타리츠,432320,0,OK,,,,2026-05-18: [기재정정]부동산투자회사자금차입               | 2026-05-12: [기재정정]사업보고서 (2026.01) | 2026-05-12: [첨부정정]감사보고서제출               | 2026-05-11: 주식등의대량보유상황보고서(약식) | 2026-05-07: 주식등의대량보유상황보고서(약식),9
KC산업,112190,0,OK,,,,2026-05-21: 주주명부폐쇄기간또는기준일설정               | 2026-05-21: 주주총회소집결의               | 2026-05-14: 기업설명회(IR)개최결과              ,3
오픈놀,440320,0,OK,,,,2026-05-19: [기재정정]기업설명회(IR)개최               | 2026-05-18: 기업설명회(IR)개최               | 2026-05-13: 분기보고서 (2026.03),3
NH올원리츠,400760,0,OK,,,,2026-05-27: 기업설명회(IR)개최(안내공시)               | 2026-05-27: 부동산투자회사부동산임대               | 2026-05-15: 반기보고서 (2026.03) | 2026-05-11: 부동산투자회사자금차입               | 2026-05-11: [기재정정]부동산투자회사부동산임대              ,9
SYTS,002170,0,OK,,,,2026-05-22: 주주명부폐쇄기간또는기준일설정               | 2026-05-22: 주주총회소집결의               | 2026-05-15: 주식등의대량보유상황보고서(일반) | 2026-05-15: 최대주주등소유주식변동신고서               | 2026-05-15: 분기보고서 (2026.03),6
알엔투테크놀로지,148250,0,OK,,,,2026-05-27: [기재정정]주식등의대량보유상황보고서(일반) | 2026-05-22: [기재정정]사외이사의선임ㆍ해임또는중도퇴임에관한신고 | 2026-05-22: 사외이사의선임ㆍ해임또는중도퇴임에관한신고 | 2026-05-21: 주요사항보고서(자기전환사채매도결정) | 2026-05-15: 주요사항보고서(자기전환사채만기전취득결정),9
지엔씨에너지,119850,0,OK,,,,2026-05-21: 임원ㆍ주요주주특정증권등소유상황보고서 | 2026-05-15: 분기보고서 (2026.03) | 2026-05-15: 주식등의대량보유상황보고서(약식),3
엘엠에스,073110,0,OK,,,,2026-05-15: 분기보고서 (2026.03) | 2026-05-13: 단기차입금증가결정               | 2026-05-11: 주식등의대량보유상황보고서(일반),3
현대엘리베이터,017800,0,OK,,,,2026-05-26: [기재정정]주식등의대량보유상황보고서(일반) | 2026-05-22: 최대주주등소유주식변동신고서               | 2026-05-22: 주식등의대량보유상황보고서(일반) | 2026-05-15: 분기보고서 (2026.03) | 2026-05-15: 최대주주등소유주식변동신고서              ,9
YG PLUS,037270,0,OK,,,,2026-05-19: 투자판단관련주요경영사항               | 2026-05-15: 분기보고서 (2026.03) | 2026-05-11: [기재정정]주권관련사채권의취득결정               | 2026-04-30: [기재정정]주권관련사채권의취득결정              ,4
HS화성,002460,0,OK,,,,2026-05-15: 분기보고서 (2026.03) | 2026-04-30: [첨부정정]사업보고서 (2025.12) | 2026-04-30: [첨부정정]감사보고서제출              ,3
에이리츠,140910,0,OK,,,,2026-05-26: 기업지배구조보고서공시               | 2026-05-22: 기타시장안내              (상장폐지결정 효력정지 가처분 신청 기각결정에 따른 정리매매절차 재개) | 2026-05-15: 분기보고서 (2026.03) | 2026-05-07: 부동산투자회사자금차입              ,4
지에프씨생명과학,388610,0,OK,,,,2026-05-22: 주식등의대량보유상황보고서(일반) | 2026-05-22: 임원ㆍ주요주주특정증권등소유상황보고서 | 2026-05-20: 기업설명회(IR)개최               | 2026-05-13: 분기보고서 (2026.03),4
더네이쳐홀딩스,298540,0,OK,,,,2026-05-22: [기재정정]주권관련사채권의취득결정               | 2026-05-20: 주식등의대량보유상황보고서(일반) | 2026-05-19: 임원ㆍ주요주주특정증권등소유상황보고서 | 2026-05-15: 임원ㆍ주요주주특정증권등소유상황보고서 | 2026-05-15: [첨부추가]분기보고서 (2026.03),7
제이스로보틱스,090470,0,OK,,,,2026-05-22: 의결권대리행사권유참고서류 | 2026-05-22: 주주총회소집공고 | 2026-05-15: 분기보고서 (2026.03) | 2026-05-13: [기재정정]주주총회소집결의              (임시주주총회) | 2026-05-04: 불성실공시법인지정예고              (공시번복),6
에스테크엠,0070X0,0,OK,,,,2026-05-20: 임원ㆍ주요주주특정증권등소유상황보고서 | 2026-05-20: 주식등의대량보유상황보고서(약식) | 2026-05-20: 임원ㆍ주요주주특정증권등소유상황보고서 | 2026-05-20: 주식등의대량보유상황보고서(약식) | 2026-05-04: 사업보고서 (2025.12),13
아크솔루션스,203690,0,OK,,,,2026-05-15: 분기보고서 (2026.03) | 2026-05-06: 주주명부폐쇄기간또는기준일설정               | 2026-05-06: 주주총회소집결의              (임시주주총회),3
이노인스트루먼트,215790,0,OK,,,,2026-05-15: [기재정정]분기보고서 (2026.03) | 2026-05-15: 분기보고서 (2026.03) | 2026-04-30: 소속부변경              ,3
국전,307750,0,OK,,,,2026-05-27: 신주인수권행사가액의조정               | 2026-05-15: 분기보고서 (2026.03) | 2026-05-12: 주식등의대량보유상황보고서(일반) | 2026-05-07: 주식등의대량보유상황보고서(약식) | 2026-04-30: 소속부변경              ,5
한국선재,025550,0,OK,,,,2026-05-15: 분기보고서 (2026.03) | 2026-05-12: 주식등의대량보유상황보고서(약식) | 2026-04-30: 소속부변경              ,3
이수스페셜티케미컬,457190,0,OK,,,,2026-05-15: 분기보고서 (2026.03) | 2026-05-12: 기업설명회(IR)개최(안내공시)               | 2026-05-12: 기업설명회(IR)개최(안내공시)               | 2026-05-12: 기업설명회(IR)개최(안내공시)               | 2026-04-29: 주식등의대량보유상황보고서(일반),7
PKC,001340,0,OK,,,,2026-05-20: [기재정정]분기보고서 (2026.03) | 2026-05-15: 분기보고서 (2026.03) | 2026-05-06: 최대주주등소유주식변동신고서               | 2026-05-06: 주식등의대량보유상황보고서(일반) | 2026-05-06: 임원ㆍ주요주주특정증권등소유상황보고서,5
엔지켐생명과학,183490,0,OK,,,,2026-05-26: [기재정정]주요사항보고서(자기주식취득신탁계약체결결정) | 2026-05-13: 분기보고서 (2026.03) | 2026-05-08: 주식등의대량보유상황보고서(일반) | 2026-05-07: 주식등의대량보유상황보고서(약식),4
TP,007980,0,OK,,,,2026-05-14: 분기보고서 (2026.03) | 2026-05-12: 신탁계약해지결과보고서 | 2026-05-12: 주요사항보고서(자기주식취득신탁계약해지결정),3
남양유업,003920,0,OK,,,,2026-05-26: 임원ㆍ주요주주특정증권등소유상황보고서 | 2026-05-15: 분기보고서 (2026.03) | 2026-05-15: 임원ㆍ주요주주특정증권등소유상황보고서 | 2026-05-07: 임원ㆍ주요주주특정증권등소유상황보고서 | 2026-04-27: 임원ㆍ주요주주특정증권등소유상황보고서,5
LG디스플레이,034220,0,OK,,,,2026-05-15: 분기보고서 (2026.03) | 2026-05-12: 기업설명회(IR)개최(안내공시)               | 2026-04-29: 해외증권거래소등에신고한사업보고서등의국내신고               | 2026-04-27: 임원ㆍ주요주주특정증권등소유상황보고서,4
EG,037370,0,OK,,,,2026-05-26: 주식등의대량보유상황보고서(일반) | 2026-05-14: 분기보고서 (2026.03) | 2026-05-13: 의결권대리행사권유참고서류 | 2026-05-13: 주주총회소집공고 | 2026-04-30: [기재정정]금전대여결정              ,6
에이블씨엔씨,078520,0,OK,,,,2026-05-13: 현금ㆍ현물배당을위한주주명부폐쇄(기준일)결정               | 2026-05-13: 분기보고서 (2026.03) | 2026-05-12: 풍문또는보도에대한해명               | 2026-05-12: 신탁계약에의한취득상황보고서,4
삼지전자,037460,0,OK,,,,2026-05-18: 주식등의대량보유상황보고서(일반) | 2026-05-15: 분기보고서 (2026.03) | 2026-04-30: 소속부변경              ,3
INVENI,015360,0,OK,,,,2026-05-15: 임원ㆍ주요주주특정증권등소유상황보고서 | 2026-05-15: 주식등의대량보유상황보고서(일반) | 2026-05-15: 최대주주등소유주식변동신고서               | 2026-05-08: 분기보고서 (2026.03),4
케이씨피드,025880,0,OK,,,,2026-05-27: 신규시설투자등               | 2026-05-21: 임원ㆍ주요주주특정증권등소유상황보고서 | 2026-05-14: 분기보고서 (2026.03),3
피델릭스,032580,0,OK,,,,2026-05-11: 분기보고서 (2026.03) | 2026-04-30: 임원ㆍ주요주주특정증권등소유상황보고서 | 2026-04-29: 주식매수선택권부여에관한신고,3
효성티앤씨,298020,0,OK,,,,2026-05-14: [기재정정]분기보고서 (2026.03) | 2026-05-14: 분기보고서 (2026.03) | 2026-05-06: 임원ㆍ주요주주특정증권등소유상황보고서 | 2026-04-27: 타인에대한채무보증결정              ,4
뉴프렉스,085670,0,OK,,,,2026-05-15: 분기보고서 (2026.03) | 2026-05-14: 임시주주총회결과               | 2026-05-14: 대표이사변경              ,3
일월지엠엘,178780,0,OK,,,,2026-05-26: 주식등의대량보유상황보고서(일반) | 2026-05-26: 임원ㆍ주요주주특정증권등소유상황보고서 | 2026-05-14: 분기보고서 (2026.03) | 2026-05-12: 주식등의대량보유상황보고서(일반) | 2026-05-12: 임원ㆍ주요주주특정증권등소유상황보고서,6
엘브이엠씨,900140,0,OK,,,,2026-05-08: 주식등의대량보유상황보고서(일반) | 2026-04-28: 사업보고서 (2025.12) | 2026-04-28: [기재정정]감사보고서제출              ,3
리가켐바이오,141080,0,OK,,,,2026-05-15: 분기보고서 (2026.03) | 2026-05-14: [기재정정]기업설명회(IR)개최               | 2026-05-14: 기업설명회(IR)개최               | 2026-05-14: 투자판단관련주요경영사항(임상시험계획승인신청등결정)              (CLDN18.2 항체-약물 접합체 (ADC) LCB02A의 제 1/2상 임상시험의 미국 임상시험계획(IND) 승인) | 2026-04-29: 대표이사변경              ,6
광명전기,017040,0,OK,,,,2026-05-26: 소송등의제기ㆍ신청(경영권분쟁소송)               | 2026-05-18: [기재정정]주주총회소집공고 | 2026-05-15: [기재정정]주주총회소집결의               | 2026-05-15: 주주총회소집공고 | 2026-05-15: 소송등의제기ㆍ신청(경영권분쟁소송)              ,10
에이텍,045660,0,OK,,,,2026-05-15: 분기보고서 (2026.03) | 2026-05-15: 임원ㆍ주요주주특정증권등거래계획보고서 | 2026-05-15: 임원ㆍ주요주주특정증권등소유상황보고서 | 2026-05-11: 임원ㆍ주요주주특정증권등소유상황보고서 | 2026-04-30: 소속부변경              ,5
유니켐,011330,0,OK,,,,2026-05-26: 주식등의대량보유상황보고서(일반) | 2026-05-15: 분기보고서 (2026.03) | 2026-05-14: 임시주주총회결과               | 2026-05-08: 전환가액ㆍ신주인수권행사가액ㆍ교환가액의조정(안내공시)              ,4
디티씨,066670,0,OK,,,,2026-05-14: 분기보고서 (2026.03) | 2026-05-14: 주식등의대량보유상황보고서(일반) | 2026-05-14: 임원ㆍ주요주주특정증권등소유상황보고서,3
씨티알모빌리티,308170,0,OK,,,,2026-05-14: 분기보고서 (2026.03) | 2026-05-06: 주주명부폐쇄기간또는기준일설정               | 2026-05-06: 주주총회소집결의               | 2026-04-30: 대표이사(대표집행임원)변경(안내공시)              ,4
캐스텍코리아,071850,0,OK,,,,2026-05-27: 주식등의대량보유상황보고서(일반) | 2026-05-22: 소송등의판결ㆍ결정              (주주총회결의무효확인 등) | 2026-05-15: 분기보고서 (2026.03) | 2026-05-12: 기타경영사항(자율공시)              (주주총회결의취소 소송판결에 대한 상고제기) | 2026-04-30: 소송등의판결ㆍ결정              (주주총회결의취소),5
유니드,014830,0,OK,,,,2026-05-27: 주식등의대량보유상황보고서(일반) | 2026-05-22: 임원ㆍ주요주주특정증권등소유상황보고서 | 2026-05-22: 임원ㆍ주요주주특정증권등소유상황보고서 | 2026-05-22: 최대주주등소유주식변동신고서               | 2026-05-14: 분기보고서 (2026.03),6
이리츠코크렙,088260,0,OK,,,,2026-05-21: 임원ㆍ주요주주특정증권등소유상황보고서 | 2026-05-15: 반기보고서 (2026.03) | 2026-05-14: 임원ㆍ주요주주특정증권등소유상황보고서 | 2026-05-08: 임원ㆍ주요주주특정증권등소유상황보고서 | 2026-05-04: 주식등의대량보유상황보고서(약식),6
모나용평,070960,0,OK,,,,2026-05-26: 기타경영사항(자율공시)               | 2026-05-15: 분기보고서 (2026.03) | 2026-04-30: 임원ㆍ주요주주특정증권등거래계획보고서,3
JK리버스톤리츠,204210,0,OK,,,,2026-05-27: 기타시장안내              (상장폐지결정 효력정지 가처분 신청 기각결정에 따른 정리매매절차 재개) | 2026-05-07: 분기보고서 (2026.03) | 2026-04-30: 주주총회소집결의               | 2026-04-30: 주주명부폐쇄기간또는기준일설정              ,4
엔에이치기업인수목적30호,466910,0,OK,,,,2026-05-11: 주식등의대량보유상황보고서(약식) | 2026-05-08: 주식등의대량보유상황보고서(약식) | 2026-05-08: 임원ㆍ주요주주특정증권등소유상황보고서 | 2026-05-08: 주식등의대량보유상황보고서(일반) | 2026-05-07: 주식등의대량보유상황보고서(일반),5
케이피항공산업,288180,0,OK,,,,2026-05-26: 주식등의대량보유상황보고서(약식) | 2026-05-26: 주식등의대량보유상황보고서(일반) | 2026-05-26: 임원ㆍ주요주주특정증권등소유상황보고서 | 2026-05-26: 임원ㆍ주요주주특정증권등소유상황보고서 | 2026-05-26: 임원ㆍ주요주주특정증권등소유상황보고서,17
현우산업,092300,0,OK,,,,2026-05-21: 주식등의대량보유상황보고서(약식) | 2026-05-12: 분기보고서 (2026.03) | 2026-05-06: 임원ㆍ주요주주특정증권등소유상황보고서 | 2026-05-06: 전환청구권행사              ,4
인바이오,352940,0,OK,,,,2026-05-14: 분기보고서 (2026.03) | 2026-05-07: 주주명부폐쇄기간또는기준일설정               | 2026-05-07: 주주총회소집결의              (임시주주총회),3
이씨에스,067010,0,OK,,,,2026-05-21: [기재정정]주주총회소집결의               | 2026-05-21: 현금ㆍ현물배당결정               | 2026-05-21: 주주총회소집결의               | 2026-05-21: 매출액또는손익구조30%(대규모법인은15%)이상변동              ,4
루닛,328130,0,OK,,,,2026-05-12: 분기보고서 (2026.03) | 2026-05-08: 주식등의대량보유상황보고서(일반) | 2026-05-08: 임원ㆍ주요주주특정증권등소유상황보고서 | 2026-05-08: 임원ㆍ주요주주특정증권등소유상황보고서 | 2026-05-08: 임원ㆍ주요주주특정증권등소유상황보고서,39
나노,187790,0,OK,,,,2026-05-27: 단기차입금증가결정               | 2026-05-14: 분기보고서 (2026.03) | 2026-05-06: 기업설명회(IR)개최               | 2026-04-29: [기재정정]사업보고서 (2024.12) | 2026-04-29: [기재정정]감사보고서제출              (2024 사업연도),19
TJ미디어,032540,0,OK,,,,2026-05-26: 임원ㆍ주요주주특정증권등소유상황보고서 | 2026-05-26: 임원ㆍ주요주주특정증권등소유상황보고서 | 2026-05-26: 주식등의대량보유상황보고서(일반) | 2026-05-26: 주식등의대량보유상황보고서(일반) | 2026-05-15: 분기보고서 (2026.03),5
삼성출판사,068290,0,OK,,,,2026-05-15: 분기보고서 (2026.03) | 2026-05-14: 임원ㆍ주요주주특정증권등소유상황보고서 | 2026-05-14: 최대주주등소유주식변동신고서              ,3
카스,016920,0,OK,,,,2026-05-21: 임원ㆍ주요주주특정증권등소유상황보고서 | 2026-05-15: 주식등의대량보유상황보고서(일반) | 2026-05-15: 임원ㆍ주요주주특정증권등소유상황보고서 | 2026-05-15: 분기보고서 (2026.03),4
아이티아이즈,372800,0,OK,,,,2026-05-20: [기재정정]임원ㆍ주요주주특정증권등소유상황보고서 | 2026-05-18: 임원ㆍ주요주주특정증권등소유상황보고서 | 2026-05-18: 주식등의대량보유상황보고서(일반) | 2026-05-15: 분기보고서 (2026.03),4
신흥,004080,0,OK,,,,2026-05-22: 최대주주등소유주식변동신고서               | 2026-05-15: 분기보고서 (2026.03) | 2026-05-15: 최대주주등소유주식변동신고서               | 2026-05-08: 최대주주등소유주식변동신고서               | 2026-04-29: 임원ㆍ주요주주특정증권등소유상황보고서,10
DN오토모티브,007340,0,OK,,,,2026-05-27: 주식등의대량보유상황보고서(일반) | 2026-05-22: 타인에대한채무보증결정               | 2026-05-15: 기업설명회(IR)개최(안내공시)               | 2026-05-15: 분기보고서 (2026.03) | 2026-05-11: 타인에대한채무보증결정              ,6
SAMG엔터,419530,0,OK,,,,2026-05-27: 주식매수선택권행사               | 2026-05-15: 기업설명회(IR)개최               | 2026-05-15: 분기보고서 (2026.03),3
태양3C,052960,0,OK,,,,2026-05-14: 임원ㆍ주요주주특정증권등소유상황보고서 | 2026-04-30: [기재정정]사업보고서 (2025.12) | 2026-04-30: [기재정정]감사보고서제출              ,3
대동금속,020400,0,OK,,,,2026-05-15: 기업설명회(IR)개최               | 2026-05-15: 분기보고서 (2026.03) | 2026-05-07: 기업가치제고계획(자율공시)              ,3
씨티케이,260930,0,OK,,,,2026-05-21: 기업설명회(IR)개최               | 2026-05-15: 분기보고서 (2026.03) | 2026-05-15: 임원ㆍ주요주주특정증권등소유상황보고서 | 2026-05-15: 주식등의대량보유상황보고서(일반) | 2026-04-30: 타인에대한담보제공결정              ,5
다우기술,023590,0,OK,,,,2026-05-15: 분기보고서 (2026.03) | 2026-05-07: 주식등의대량보유상황보고서(일반) | 2026-04-30: 주식등의대량보유상황보고서(일반),3
엠케이전자,033160,0,OK,,,,2026-05-22: 교환청구권행사               | 2026-05-15: 주식등의대량보유상황보고서(일반) | 2026-05-15: 분기보고서 (2026.03) | 2026-05-08: [첨부정정]사업보고서 (2025.12) | 2026-05-08: [첨부정정]감사보고서제출              ,7
SK디앤디,210980,0,OK,,,,2026-05-20: [기재정정]타인에대한채무보증결정               | 2026-05-20: [기재정정]타인에대한채무보증결정               | 2026-05-20: 타인에대한채무보증결정               | 2026-05-14: 분기보고서 (2026.03) | 2026-04-29: [기재정정]투자판단관련주요경영사항              ,5
누리플랜,069140,0,OK,,,,2026-05-14: 주식등의대량보유상황보고서(일반) | 2026-05-08: 분기보고서 (2026.03) | 2026-04-30: 소속부변경              ,3
스톤브릿지벤처스,330730,0,OK,,,,2026-05-11: [기재정정]분기보고서 (2026.03) | 2026-05-11: 분기보고서 (2026.03) | 2026-04-30: 소속부변경              ,3
피앤에스로보틱스,460940,0,OK,,,,2026-05-15: 분기보고서 (2026.03) | 2026-04-30: 임원ㆍ주요주주특정증권등소유상황보고서 | 2026-04-30: 임원ㆍ주요주주특정증권등소유상황보고서 | 2026-04-30: 임원ㆍ주요주주특정증권등소유상황보고서 | 2026-04-30: 임원ㆍ주요주주특정증권등소유상황보고서,7
레뷰코퍼레이션,443250,0,OK,,,,2026-05-15: 분기보고서 (2026.03) | 2026-04-28: 대표이사변경               | 2026-04-28: 주요사항보고서(타법인주식및출자증권양수결정),3
채비,0011T0,0,OK,,,,2026-05-15: 분기보고서 (2026.03) | 2026-05-07: 임원ㆍ주요주주특정증권등소유상황보고서 | 2026-05-07: 임원ㆍ주요주주특정증권등소유상황보고서 | 2026-05-07: 임원ㆍ주요주주특정증권등소유상황보고서 | 2026-05-07: 임원ㆍ주요주주특정증권등소유상황보고서,17
이엘씨,041520,0,OK,,,,2026-05-22: [기재정정]주식등의대량보유상황보고서(일반) | 2026-05-22: 주식등의대량보유상황보고서(일반) | 2026-05-22: 임원ㆍ주요주주특정증권등소유상황보고서 | 2026-05-14: 분기보고서 (2026.03),4
이지트로닉스,377330,0,OK,,,,2026-05-15: 분기보고서 (2026.03) | 2026-05-11: 주주총회소집결의              (임시주주총회) | 2026-05-11: 주주명부폐쇄기간또는기준일설정               | 2026-04-30: 임원ㆍ주요주주특정증권등소유상황보고서,4
이수화학,005950,0,OK,,,,2026-05-27: [기재정정]주식등의대량보유상황보고서(일반) | 2026-05-27: 주식등의대량보유상황보고서(일반) | 2026-05-21: 임원ㆍ주요주주특정증권등소유상황보고서 | 2026-05-21: 최대주주등소유주식변동신고서               | 2026-05-15: 기업설명회(IR)개최(안내공시)              ,6
스마트레이더시스템,424960,0,OK,,,,2026-05-18: 전환사채(해외전환사채포함)발행후만기전사채취득              (제1회차) | 2026-05-14: 분기보고서 (2026.03) | 2026-05-13: 임원ㆍ주요주주특정증권등소유상황보고서 | 2026-05-13: 임원ㆍ주요주주특정증권등소유상황보고서 | 2026-05-13: 주식등의대량보유상황보고서(일반),6
퀄리타스반도체,432720,0,OK,,,,2026-05-15: 분기보고서 (2026.03) | 2026-05-08: 임원ㆍ주요주주특정증권등소유상황보고서 | 2026-05-08: 임원ㆍ주요주주특정증권등소유상황보고서 | 2026-05-08: 주식등의대량보유상황보고서(일반),4
코리아에프티,123410,0,OK,,,,2026-05-27: 기업설명회(IR)개최               | 2026-05-21: 주요사항보고서(자기주식취득신탁계약체결결정) | 2026-05-19: 임원ㆍ주요주주특정증권등소유상황보고서 | 2026-05-15: 분기보고서 (2026.03),4
미원에스씨,268280,0,OK,,,,2026-05-15: 분기보고서 (2026.03) | 2026-05-14: 최대주주등소유주식변동신고서               | 2026-05-14: 주식등의대량보유상황보고서(일반) | 2026-05-14: 임원ㆍ주요주주특정증권등소유상황보고서 | 2026-05-11: 최대주주등소유주식변동신고서              ,8
프로티나,468530,0,OK,,,,2026-05-15: 분기보고서 (2026.03) | 2026-05-06: 기업설명회(IR)개최               | 2026-04-30: 임원ㆍ주요주주특정증권등소유상황보고서 | 2026-04-30: 임원ㆍ주요주주특정증권등소유상황보고서 | 2026-04-30: 임원ㆍ주요주주특정증권등소유상황보고서,11
메이슨캐피탈,021880,0,OK,,,,2026-05-27: 매출액또는손익구조30%(대규모법인은15%)이상변동               | 2026-05-14: 임원ㆍ주요주주특정증권등소유상황보고서 | 2026-05-14: 임원ㆍ주요주주특정증권등소유상황보고서 | 2026-05-13: 임원ㆍ주요주주특정증권등소유상황보고서 | 2026-05-13: 임원ㆍ주요주주특정증권등소유상황보고서,6
이지스,261520,0,OK,,,,2026-05-15: [기재정정]분기보고서 (2026.03) | 2026-05-15: 기업설명회(IR)개최               | 2026-05-15: 분기보고서 (2026.03),3
E1,017940,0,OK,,,,2026-05-21: 최대주주등소유주식변동신고서               | 2026-05-21: 주식등의대량보유상황보고서(일반) | 2026-05-15: 분기보고서 (2026.03) | 2026-05-08: 주식등의대량보유상황보고서(일반) | 2026-05-08: 최대주주등소유주식변동신고서              ,6
CG인바이츠,083790,0,OK,,,,2026-05-18: 임원ㆍ주요주주특정증권등소유상황보고서 | 2026-05-14: 주주명부폐쇄기간또는기준일설정               | 2026-05-14: 분기보고서 (2026.03) | 2026-05-13: 임원ㆍ주요주주특정증권등소유상황보고서 | 2026-05-13: 임원ㆍ주요주주특정증권등소유상황보고서,6
삼익THK,004380,0,OK,,,,2026-05-26: 최대주주등소유주식변동신고서               | 2026-05-15: 최대주주등소유주식변동신고서               | 2026-05-15: 임원ㆍ주요주주특정증권등소유상황보고서 | 2026-05-15: 분기보고서 (2026.03) | 2026-05-08: 임원ㆍ주요주주특정증권등소유상황보고서,6
KBI메탈,024840,0,OK,,,,2026-05-22: 임원ㆍ주요주주특정증권등거래계획보고서 | 2026-05-21: 전환청구권행사               | 2026-05-21: 주식등의대량보유상황보고서(일반) | 2026-05-15: 분기보고서 (2026.03) | 2026-05-06: 전환청구권행사              ,15
압타머사이언스,291650,0,OK,,,,2026-05-21: 주주명부폐쇄기간또는기준일설정               | 2026-05-21: 주주총회소집결의              (임시주주총회) | 2026-05-15: 분기보고서 (2026.03),3
더핑크퐁컴퍼니,403850,0,OK,,,,2026-05-26: 임원ㆍ주요주주특정증권등소유상황보고서 | 2026-05-26: 주식등의대량보유상황보고서(일반) | 2026-05-15: 분기보고서 (2026.03) | 2026-04-28: [기재정정]주식등의대량보유상황보고서(일반),4
큐리오시스,494120,0,OK,,,,2026-05-15: 분기보고서 (2026.03) | 2026-05-14: 기업설명회(IR)개최               | 2026-05-12: 임원ㆍ주요주주특정증권등소유상황보고서 | 2026-05-12: 임원ㆍ주요주주특정증권등소유상황보고서 | 2026-05-12: 임원ㆍ주요주주특정증권등소유상황보고서,5
부산은행,005280,0,OK,,,,2026-05-26: 효력발생안내( 2026.5.15. 제출 일괄신고서 ) | 2026-05-15: 일괄신고서 | 2026-05-15: 분기보고서 (2026.03) | 2026-05-14: 증권발행실적보고서 | 2026-05-14: 투자설명서(일괄신고),15
일진홀딩스,015860,0,OK,,,,2026-05-18: 타인에대한담보제공결정               | 2026-05-15: [기재정정]타법인주식및출자증권처분결정               | 2026-05-15: 분기보고서 (2026.03) | 2026-05-12: 주식등의대량보유상황보고서(일반) | 2026-04-29: [기재정정]전환청구권ㆍ신주인수권ㆍ교환청구권행사              ,6
제일파마홀딩스,002620,0,OK,,,,2026-05-18: [기재정정]분기보고서 (2026.03) | 2026-05-15: 분기보고서 (2026.03) | 2026-04-30: 주식등의대량보유상황보고서(일반),3
팅크웨어,084730,0,OK,,,,2026-05-15: 분기보고서 (2026.03) | 2026-04-30: 소속부변경               | 2026-04-27: [기재정정]현금ㆍ현물배당결정              ,3
KB제33호스팩,0072Z0,0,OK,,,,2026-05-19: 임원ㆍ주요주주특정증권등소유상황보고서 | 2026-05-13: 분기보고서 (2026.03) | 2026-04-30: 임원ㆍ주요주주특정증권등소유상황보고서,3
효성화학,298000,0,OK,,,,2026-05-21: 주요사항보고서(자본으로인정되는채무증권발행결정) | 2026-05-21: 임원ㆍ주요주주특정증권등소유상황보고서 | 2026-05-21: 주식등의대량보유상황보고서(일반) | 2026-05-15: 동일인등출자계열회사와의상품ㆍ용역거래변경 | 2026-05-14: 분기보고서 (2026.03),8
DXVX,180400,0,OK,,,,2026-05-15: 분기보고서 (2026.03) | 2026-05-13: 임원ㆍ주요주주특정증권등소유상황보고서 | 2026-05-13: 주식등의대량보유상황보고서(일반),3
아이언디바이스,464500,0,OK,,,,2026-05-27: 기업설명회(IR)개최               | 2026-05-14: 분기보고서 (2026.03) | 2026-04-29: 합병등종료보고서(자산양수도),3
HB솔루션,297890,0,OK,,,,2026-05-21: 주주명부폐쇄기간또는기준일설정               | 2026-05-21: 주주총회소집결의              (임시주주총회) | 2026-05-15: 분기보고서 (2026.03),3
노바렉스,194700,0,OK,,,,2026-05-15: 주식등의대량보유상황보고서(일반) | 2026-05-15: 임원ㆍ주요주주특정증권등소유상황보고서 | 2026-05-15: 분기보고서 (2026.03),3
휴엠앤씨,263920,0,OK,,,,2026-05-14: 분기보고서 (2026.03) | 2026-04-30: 소속부변경               | 2026-04-30: 기업가치제고계획(자율공시)              (2026년 (주)휴엠앤씨 기업가치 제고 계획),3
엔비알모션,0004V0,0,OK,,,,2026-05-27: [기재정정]기업설명회(IR)개최               | 2026-05-26: 기업설명회(IR)개최               | 2026-05-14: 분기보고서 (2026.03) | 2026-05-14: [기재정정]사업보고서 (2025.12) | 2026-05-06: 기업설명회(IR)개최              ,5
이퓨쳐,134060,0,OK,,,,2026-05-27: 주식등의대량보유상황보고서(일반) | 2026-05-27: 임원ㆍ주요주주특정증권등소유상황보고서 | 2026-05-15: 분기보고서 (2026.03),3
BYC,001460,0,OK,,,,2026-05-26: 최대주주등소유주식변동신고서               | 2026-05-26: 임원ㆍ주요주주특정증권등소유상황보고서 | 2026-05-18: 임원ㆍ주요주주특정증권등소유상황보고서 | 2026-05-18: 최대주주등소유주식변동신고서               | 2026-05-15: 분기보고서 (2026.03),9
지엠비코리아,013870,0,OK,,,,2026-05-22: 최대주주등소유주식변동신고서               | 2026-05-22: 임원ㆍ주요주주특정증권등소유상황보고서 | 2026-05-15: 분기보고서 (2026.03),3
신한은행,000010,0,OK,,,,2026-05-26: 증권발행실적보고서 | 2026-05-22: 투자설명서(일괄신고) | 2026-05-22: 일괄신고추가서류 | 2026-05-22: 증권발행실적보고서 | 2026-05-21: 투자설명서(일괄신고),32
쏘닉스,088280,0,OK,,,,2026-05-15: 분기보고서 (2026.03) | 2026-04-30: 주식등의대량보유상황보고서(약식) | 2026-04-27: 기타경영사항(자율공시)              (국책과제 선정(과학기술정보통신부 주관 양자공정선도기술개발(R&D) 협약 체결),3
DH오토리드,290120,0,OK,,,,2026-05-15: 분기보고서 (2026.03) | 2026-05-08: 주식등의대량보유상황보고서(일반) | 2026-05-08: 주식등의대량보유상황보고서(약식) | 2026-04-30: 소속부변경               | 2026-04-29: [기재정정]기타시장안내              (DH오토리드 9WR 신주인수권 행사기간 만료 및 상장폐지 예고),5
라온피플,300120,0,OK,,,,2026-05-19: [첨부정정]주주총회소집결의              (임시주주총회) | 2026-05-19: [첨부정정]주식병합결정               | 2026-05-19: 주주총회소집결의              (임시주주총회) | 2026-05-19: 주식병합결정               | 2026-05-19: 주주명부폐쇄기간또는기준일설정              ,6
케이비아이동국실업,001620,0,OK,,,,2026-05-21: 임원ㆍ주요주주특정증권등소유상황보고서 | 2026-05-19: 최대주주등소유주식변동신고서               | 2026-05-19: 임원ㆍ주요주주특정증권등소유상황보고서 | 2026-05-19: 임원ㆍ주요주주특정증권등소유상황보고서 | 2026-05-19: 임원ㆍ주요주주특정증권등소유상황보고서,7
한솔아이원스,114810,0,OK,,,,2026-05-27: 대규모기업집단현황공시[연1회공시및1/4분기용(개별회사)] | 2026-05-13: 분기보고서 (2026.03) | 2026-05-12: 주식등의대량보유상황보고서(일반) | 2026-05-12: [기재정정]주식매수선택권부여에관한신고 | 2026-05-12: [기재정정]주식매수선택권부여에관한신고,10
차이커뮤니케이션,351870,0,OK,,,,2026-05-15: 분기보고서 (2026.03) | 2026-05-11: [기재정정]주식매수선택권부여에관한신고 | 2026-04-30: 주식등의대량보유상황보고서(약식) | 2026-04-30: 증권발행결과(자율공시)              (제3회차 CB),4
메리츠증권,008560,0,OK,,,,2026-05-27: 증권발행실적보고서 | 2026-05-27: 투자설명서(일괄신고) | 2026-05-27: 일괄신고추가서류(파생결합증권-주가연계증권) | 2026-05-27: 투자설명서(일괄신고) | 2026-05-27: 일괄신고추가서류(파생결합사채-주가연계파생결합사채),100
티디에스팜,464280,0,OK,,,,2026-05-14: 분기보고서 (2026.03) | 2026-04-30: 주주명부폐쇄기간또는기준일설정               | 2026-04-30: 주주총회소집결의              (임시주주총회),3
신성델타테크,065350,0,OK,,,,2026-05-20: 주식등의대량보유상황보고서(일반) | 2026-05-20: [기재정정]타인에대한채무보증결정               | 2026-05-15: 분기보고서 (2026.03),3
아이오바이오,447690,0,OK,,,,2026-05-04: [기재정정]사업보고서 (2025.12) | 2026-05-04: [기재정정]사업보고서 (2025.12) | 2026-04-30: [기재정정]감사보고서제출              ,3
만호제강,001080,0,OK,,,,2026-05-15: 타법인주식및출자증권취득결정(자율공시)               | 2026-05-14: 타법인주식및출자증권처분결정               | 2026-05-14: 분기보고서 (2026.03) | 2026-05-11: 전환청구권ㆍ신주인수권ㆍ교환청구권행사               | 2026-05-06: 전환청구권ㆍ신주인수권ㆍ교환청구권행사              ,5
뉴키즈온,462310,0,OK,,,,2026-05-27: 신탁계약해지결과보고서 | 2026-05-27: 주요사항보고서(자기주식취득신탁계약해지결정) | 2026-05-15: 분기보고서 (2026.03),3
딥노이드,315640,0,OK,,,,2026-05-21: 의결권대리행사권유참고서류 | 2026-05-21: 주주총회소집공고 | 2026-05-15: 분기보고서 (2026.03) | 2026-04-28: 주주총회소집결의              (임시주주총회) | 2026-04-28: 주주명부폐쇄기간또는기준일설정              ,5
대동,000490,0,OK,,,,2026-05-22: [기재정정]타법인주식및출자증권취득결정               | 2026-05-15: 기업설명회(IR)개최(안내공시)               | 2026-05-15: 분기보고서 (2026.03) | 2026-05-07: 기업가치제고계획(자율공시)              ,4
하이즈항공,221840,0,OK,,,,2026-05-14: 분기보고서 (2026.03) | 2026-05-13: 의결권대리행사권유참고서류 | 2026-05-13: 주주총회소집공고,3
SV인베스트먼트,289080,0,OK,,,,2026-05-20: 주식등의대량보유상황보고서(약식) | 2026-05-14: 현금ㆍ현물배당결정               | 2026-05-14: 매출액또는손익구조30%(대규모법인은15%)이상변동               | 2026-05-14: [기재정정]주식등의대량보유상황보고서(약식) | 2026-05-08: 주식등의대량보유상황보고서(일반),10
제이알글로벌리츠,348950,0,OK,,,,2026-05-19: 주주명부폐쇄기간또는기준일설정               | 2026-05-15: 반기검토의견부적정또는의견거절               | 2026-05-15: [기재정정]주요사항보고서(회생절차개시신청) | 2026-05-15: 반기보고서 (2026.03) | 2026-05-04: 기타경영사항(자율공시)(종속회사의주요경영사항)              ,13
라파스,214260,0,OK,,,,2026-05-22: 투자판단관련주요경영사항(임상시험계획승인신청)              (알레르기비염 면역치료제 DF19001의 임상 2b/3상 임상시험계획(IND) 승인 신청) | 2026-05-15: 분기보고서 (2026.03) | 2026-05-12: 주식등의대량보유상황보고서(일반) | 2026-05-12: 임원ㆍ주요주주특정증권등소유상황보고서,4
BGF리테일,282330,3,OK,,연결재무제표기준영업(잠정)실적(공정공시)              (+3),,2026-05-15: 분기보고서 (2026.03) | 2026-05-11: 기업설명회(IR)개최(안내공시)               | 2026-05-07: 연결재무제표기준영업(잠정)실적(공정공시)               | 2026-05-06: 기업설명회(IR)개최(안내공시)               | 2026-04-30: 기업가치제고계획(자율공시)              (2026년 이행현황),6
롯데쇼핑,023530,3,OK,,연결재무제표기준영업(잠정)실적(공정공시)              (+3),,2026-05-15: 분기보고서 (2026.03) | 2026-05-11: 연결재무제표기준영업(잠정)실적(공정공시)               | 2026-05-08: 주식등의대량보유상황보고서(일반) | 2026-05-08: 최대주주등소유주식변동신고서               | 2026-05-06: 기업설명회(IR)개최(안내공시)              ,5
피앤씨테크,237750,3,OK,,[기재정정]주요사항보고서(회사합병결정)(+3),,2026-05-27: 기타경영사항(자율공시)              (소규모합병 승인 이사회결의(주주총회 갈음)결과 보고) | 2026-05-21: 단기차입금증가결정               | 2026-05-15: 분기보고서 (2026.03) | 2026-04-29: [기재정정]주요사항보고서(회사합병결정),4
오로라,039830,3,OK,,연결재무제표기준영업(잠정)실적(공정공시)              (+3),,2026-05-21: 주식등의대량보유상황보고서(약식) | 2026-05-15: 분기보고서 (2026.03) | 2026-05-11: 주식등의대량보유상황보고서(약식) | 2026-04-29: 연결재무제표기준영업(잠정)실적(공정공시)              ,4
현대이지웰,090850,3,OK,,연결재무제표기준영업(잠정)실적(공정공시)              (+3),,2026-05-15: 분기보고서 (2026.03) | 2026-05-15: 기업설명회(IR)개최               | 2026-05-06: 특수관계인으로부터주식의취득 | 2026-05-06: 타법인주식및출자증권취득결정               | 2026-05-06: 기업가치제고계획(자율공시)              (2025년 이행현황),7
이녹스첨단소재,272290,3,OK,,연결재무제표기준영업(잠정)실적(공정공시)              (+3),,2026-05-15: 분기보고서 (2026.03) | 2026-05-06: 연결재무제표기준영업(잠정)실적(공정공시)              ,2
GS리테일,007070,3,OK,,연결재무제표기준영업(잠정)실적(공정공시)              (+3),,2026-05-15: 분기보고서 (2026.03) | 2026-05-11: 동일인등출자계열회사와의상품ㆍ용역거래변경 | 2026-05-07: 기업설명회(IR)개최(안내공시)               | 2026-05-07: 연결재무제표기준영업(잠정)실적(공정공시)               | 2026-04-30: 결산실적공시예고(안내공시)              ,5
아가방컴퍼니,013990,3,OK,,연결재무제표기준영업(잠정)실적(공정공시)              (+3),,2026-05-15: 분기보고서 (2026.03) | 2026-05-08: 주요사항보고서(자기주식취득신탁계약체결결정) | 2026-05-08: 신탁계약해지결과보고서 | 2026-05-08: 주요사항보고서(자기주식취득신탁계약해지결정) | 2026-04-29: 연결재무제표기준영업(잠정)실적(공정공시)              ,6
일동홀딩스,000230,3,OK,,연결재무제표기준영업(잠정)실적(공정공시)              (+3),,2026-05-21: 주식등의대량보유상황보고서(일반) | 2026-05-15: 분기보고서 (2026.03) | 2026-05-13: 연결재무제표기준영업(잠정)실적(공정공시)               | 2026-05-11: 결산실적공시예고(안내공시)              ,4
BGF,027410,3,OK,,연결재무제표기준영업(잠정)실적(공정공시)              (+3),,2026-05-15: 분기보고서 (2026.03) | 2026-05-07: 연결재무제표기준영업(잠정)실적(공정공시)               | 2026-05-06: 기업설명회(IR)개최(안내공시)               | 2026-04-30: 결산실적공시예고(안내공시)              ,4
BGF에코머티리얼즈,126600,3,OK,,연결재무제표기준영업(잠정)실적(공정공시)              (+3),,2026-05-15: 분기보고서 (2026.03) | 2026-05-07: 연결재무제표기준영업(잠정)실적(공정공시)              ,2
LG화학,051910,3,OK,,연결재무제표기준영업(잠정)실적(공정공시)              (+3),,2026-05-26: 기업설명회(IR)개최(안내공시)               | 2026-05-26: [기재정정]유형자산처분결정(종속회사의주요경영사항)               | 2026-05-14: 분기보고서 (2026.03) | 2026-05-14: 최대주주등소유주식변동신고서               | 2026-05-14: 임원ㆍ주요주주특정증권등소유상황보고서,9
제이브이엠,054950,3,OK,,연결재무제표기준영업(잠정)실적(공정공시)              (+3),,2026-05-15: 분기보고서 (2026.03) | 2026-04-29: 연결재무제표기준영업(잠정)실적(공정공시)              ,2
심텍홀딩스,036710,3,OK,,연결재무제표기준영업(잠정)실적(공정공시)              (+3),,2026-05-14: 분기보고서 (2026.03) | 2026-05-06: 연결재무제표기준영업(잠정)실적(공정공시)              ,2
코오롱인더,120110,3,OK,,연결재무제표기준영업(잠정)실적(공정공시)              (+3),,2026-05-18: 최대주주등소유주식변동신고서               | 2026-05-15: 분기보고서 (2026.03) | 2026-05-11: 조회공시요구(풍문또는보도)에대한답변(미확정)               | 2026-05-11: 조회공시요구(풍문또는보도)               | 2026-05-08: 동일인등출자계열회사와의상품ㆍ용역거래변경,11
KG이니시스,035600,3,OK,,연결재무제표기준영업(잠정)실적(공정공시)              (+3),,2026-05-14: 분기보고서 (2026.03) | 2026-05-07: 타인에대한채무보증결정               | 2026-05-07: 기업설명회(IR)개최               | 2026-05-07: 연결재무제표기준영업(잠정)실적(공정공시)               | 2026-04-30: 기업설명회(IR)개최              ,6
동아쏘시오홀딩스,000640,3,OK,,연결재무제표기준영업(잠정)실적(공정공시)              (+3),,2026-05-15: 분기보고서 (2026.03) | 2026-04-27: 기업설명회(IR)개최(안내공시)               | 2026-04-27: 연결재무제표기준영업(잠정)실적(공정공시)              ,3
SG세계물산,004060,3,OK,,연결재무제표기준영업(잠정)실적(공정공시)              (+3),,2026-05-15: 분기보고서 (2026.03) | 2026-05-08: 연결재무제표기준영업(잠정)실적(공정공시)              ,2
KT지니뮤직,043610,3,OK,,연결재무제표기준영업(잠정)실적(공정공시)              (+3),,2026-05-15: 분기보고서 (2026.03) | 2026-05-12: 연결재무제표기준영업(잠정)실적(공정공시)               | 2026-04-30: 소속부변경              ,3
한국공항,005430,3,OK,,연결재무제표기준영업(잠정)실적(공정공시)              (+3),,2026-05-15: 분기보고서 (2026.03) | 2026-05-14: 연결재무제표기준영업(잠정)실적(공정공시)              ,2
셀트리온제약,068760,3,OK,,영업(잠정)실적(공정공시)              (+3),,2026-05-15: 분기보고서 (2026.03) | 2026-05-06: 영업(잠정)실적(공정공시)              ,2
에스피지,058610,3,OK,,연결재무제표기준영업(잠정)실적(공정공시)              (+3),,2026-05-14: 분기보고서 (2026.03) | 2026-05-13: 연결재무제표기준영업(잠정)실적(공정공시)               | 2026-05-11: 기업설명회(IR)개최              ,3
SNT모티브,064960,3,OK,,연결재무제표기준영업(잠정)실적(공정공시)              (+3),,2026-05-12: 분기보고서 (2026.03) | 2026-05-12: 현금ㆍ현물배당결정               | 2026-04-30: 임시주주총회결과               | 2026-04-30: 연결재무제표기준영업(잠정)실적(공정공시)              ,4
롯데관광개발,032350,3,OK,,연결재무제표기준영업(잠정)실적(공정공시)              (+3),,2026-05-22: 임원ㆍ주요주주특정증권등소유상황보고서 | 2026-05-14: 임원ㆍ주요주주특정증권등소유상황보고서 | 2026-05-14: 분기보고서 (2026.03) | 2026-05-08: 주식등의대량보유상황보고서(일반) | 2026-05-04: 연결재무제표기준영업(잠정)실적(공정공시)              ,5
벽산,007210,3,OK,,영업(잠정)실적(공정공시)              (+3),,2026-05-22: 주식등의대량보유상황보고서(일반) | 2026-05-15: 분기보고서 (2026.03) | 2026-04-29: 영업(잠정)실적(공정공시)              ,3
DB손해보험,005830,3,OK,,영업(잠정)실적(공정공시)              (+3),,2026-05-27: 증권신고서(채무증권) | 2026-05-22: [기재정정]타법인주식및출자증권취득결정               | 2026-05-21: 최대주주등소유주식변동신고서               | 2026-05-21: 주식등의대량보유상황보고서(일반) | 2026-05-15: 분기보고서 (2026.03),10
원익머트리얼즈,104830,3,OK,,연결재무제표기준영업(잠정)실적(공정공시)              (+3),,2026-05-14: 분기보고서 (2026.03) | 2026-05-07: 연결재무제표기준영업(잠정)실적(공정공시)              ,2
대덕전자,353200,3,OK,,연결재무제표기준영업(잠정)실적(공정공시)              (+3),,2026-05-14: 분기보고서 (2026.03) | 2026-05-11: 신규시설투자등               | 2026-04-29: 연결재무제표기준영업(잠정)실적(공정공시)              ,3
HS애드,035000,3,OK,,연결재무제표기준영업(잠정)실적(공정공시)              (+3),,2026-05-26: 임원ㆍ주요주주특정증권등소유상황보고서 | 2026-05-14: 동일인등출자계열회사와의상품ㆍ용역거래변경 | 2026-05-14: 분기보고서 (2026.03) | 2026-05-13: 연결재무제표기준영업(잠정)실적(공정공시)              ,4
미투온,201490,3,OK,,연결재무제표기준영업(잠정)실적(공정공시)              (+3),,2026-05-22: 임원ㆍ주요주주특정증권등소유상황보고서 | 2026-05-22: 임원ㆍ주요주주특정증권등소유상황보고서 | 2026-05-22: 주식등의대량보유상황보고서(일반) | 2026-05-19: 주식등의대량보유상황보고서(약식) | 2026-05-18: 기타경영사항(자율공시)              (자기사채 (제3회 전환사채) 소각 결정의 건),12
원익IPS,240810,3,OK,,연결재무제표기준영업(잠정)실적(공정공시)              (+3),,2026-05-15: 주식등의대량보유상황보고서(일반) | 2026-05-15: 분기보고서 (2026.03) | 2026-05-08: 연결재무제표기준영업(잠정)실적(공정공시)               | 2026-04-29: 결산실적공시예고              ,4
화천기계,010660,3,OK,,영업(잠정)실적(공정공시)              (+3),,2026-05-15: 분기보고서 (2026.03) | 2026-05-08: 영업(잠정)실적(공정공시)              ,2
진에어,272450,3,OK,,영업(잠정)실적(공정공시)              (+3),,2026-05-15: 분기보고서 (2026.03) | 2026-05-12: 기업설명회(IR)개최(안내공시)               | 2026-05-12: 기업설명회(IR)개최(안내공시)               | 2026-05-12: 영업(잠정)실적(공정공시)              ,4
SK오션플랜트,100090,3,OK,,연결재무제표기준영업(잠정)실적(공정공시)              (+3),,2026-05-15: 분기보고서 (2026.03) | 2026-05-12: 주식등의대량보유상황보고서(일반) | 2026-05-12: 연결재무제표기준영업(잠정)실적(공정공시)               | 2026-05-12: 기업설명회(IR)개최(안내공시)               | 2026-05-07: 동일인등출자계열회사와의상품ㆍ용역거래변경,7
삼성화재해상보험,000810,3,OK,,연결재무제표기준영업(잠정)실적(공정공시)              (+3),,2026-05-15: 분기보고서 (2026.03) | 2026-05-14: 연결재무제표기준영업(잠정)실적(공정공시)               | 2026-05-06: 주식등의대량보유상황보고서(약식) | 2026-05-04: 기업설명회(IR)개최(안내공시)               | 2026-04-29: 특수관계인과의보험거래,5
현대차증권,001500,3,OK,,연결재무제표기준영업(잠정)실적(공정공시)              (+3),,2026-05-27: 투자설명서(일괄신고) | 2026-05-27: 일괄신고추가서류(기타파생결합사채) | 2026-05-26: 투자설명서(일괄신고) | 2026-05-26: 일괄신고추가서류(파생결합사채-주가연계파생결합사채) | 2026-05-22: 증권발행실적보고서,27
삼성생명,032830,3,OK,,연결재무제표기준영업(잠정)실적(공정공시)              (+3),,2026-05-22: 주식등의대량보유상황보고서(일반) | 2026-05-15: 분기보고서 (2026.03) | 2026-05-14: 연결재무제표기준영업(잠정)실적(공정공시)               | 2026-05-06: 특수관계인과의수익증권거래,4
네오위즈,095660,3,OK,,연결재무제표기준영업(잠정)실적(공정공시)              (+3),,2026-05-26: 기업설명회(IR)개최               | 2026-05-20: 주식등의대량보유상황보고서(일반) | 2026-05-15: 분기보고서 (2026.03) | 2026-05-11: 연결재무제표기준영업(잠정)실적(공정공시)              ,4
현대자동차,005380,3,OK,,영업(잠정)실적(공정공시)              (+3),,2026-05-21: [기재정정]타법인주식및출자증권취득결정(자율공시)               | 2026-05-20: 기업설명회(IR)개최(안내공시)               | 2026-05-18: 기업설명회(IR)개최(안내공시)               | 2026-05-15: 분기보고서 (2026.03) | 2026-05-11: 특수관계인으로부터기타유가증권매수,13
메디톡스,086900,3,OK,,연결재무제표기준영업(잠정)실적(공정공시)              (+3),,2026-05-15: 분기보고서 (2026.03) | 2026-05-12: 연결재무제표기준영업(잠정)실적(공정공시)               | 2026-04-28: 주식등의대량보유상황보고서(일반),3
KTis,058860,3,OK,,영업(잠정)실적(공정공시)              (+3),,2026-05-27: 최대주주등소유주식변동신고서               | 2026-05-27: 대표이사(대표집행임원)변경(안내공시)               | 2026-05-27: 임시주주총회결과               | 2026-05-15: 분기보고서 (2026.03) | 2026-05-12: 의결권대리행사권유참고서류,7
씨에스윈드,112610,3,OK,,연결재무제표기준영업(잠정)실적(공정공시)              (+3),,2026-05-22: 기업설명회(IR)개최(안내공시)               | 2026-05-22: 최대주주등소유주식변동신고서               | 2026-05-22: 주식등의대량보유상황보고서(일반) | 2026-05-18: 기업설명회(IR)개최(안내공시)               | 2026-05-15: 분기보고서 (2026.03),13
엠씨넥스,097520,3,OK,,연결재무제표기준영업(잠정)실적(공정공시)              (+3),,2026-05-20: 최대주주등소유주식변동신고서               | 2026-05-20: 주식등의대량보유상황보고서(일반) | 2026-05-20: 임원ㆍ주요주주특정증권등소유상황보고서 | 2026-05-15: 분기보고서 (2026.03) | 2026-05-14: 자기주식처분결과보고서,14
애니플러스,310200,3,OK,,[기재정정]주요사항보고서(회사합병결정)(+3),,2026-05-26: [기재정정]주요사항보고서(회사합병결정) | 2026-05-15: 분기보고서 (2026.03) | 2026-05-08: 임원ㆍ주요주주특정증권등소유상황보고서 | 2026-05-08: 임원ㆍ주요주주특정증권등소유상황보고서 | 2026-05-08: 임원ㆍ주요주주특정증권등소유상황보고서,7
LX인터내셔널,001120,3,OK,,연결재무제표기준영업(잠정)실적(공정공시)              (+3),,2026-05-15: 분기보고서 (2026.03) | 2026-04-29: 타인에대한채무보증결정               | 2026-04-29: 타인에대한채무보증결정               | 2026-04-29: 타인에대한채무보증결정               | 2026-04-29: 타인에대한채무보증결정              ,8
현대바이오랜드,052260,3,OK,,연결재무제표기준영업(잠정)실적(공정공시)              (+3),,2026-05-15: 분기보고서 (2026.03) | 2026-04-30: 연결재무제표기준영업(잠정)실적(공정공시)               | 2026-04-27: 결산실적공시예고              ,3
코텍,052330,3,OK,,연결재무제표기준영업(잠정)실적(공정공시)              (+3),,2026-05-15: 분기보고서 (2026.03) | 2026-05-12: 주식등의대량보유상황보고서(일반) | 2026-05-12: 임원ㆍ주요주주특정증권등소유상황보고서 | 2026-05-08: 연결재무제표기준영업(잠정)실적(공정공시)               | 2026-04-30: 임원ㆍ주요주주특정증권등소유상황보고서,6
원익QnC,074600,3,OK,,연결재무제표기준영업(잠정)실적(공정공시)              (+3),,2026-05-15: 분기보고서 (2026.03) | 2026-05-11: 연결재무제표기준영업(잠정)실적(공정공시)              ,2
CJ씨푸드,011150,3,OK,,연결재무제표기준영업(잠정)실적(공정공시)              (+3),,2026-05-15: 분기보고서 (2026.03) | 2026-05-12: 연결재무제표기준영업(잠정)실적(공정공시)               | 2026-04-29: 결산실적공시예고(안내공시)              ,3
웅진씽크빅,095720,3,OK,,연결재무제표기준영업(잠정)실적(공정공시)              (+3),,2026-05-15: 분기보고서 (2026.03) | 2026-05-13: 연결재무제표기준영업(잠정)실적(공정공시)              ,2
롯데이노베이트,286940,3,OK,,연결재무제표기준영업(잠정)실적(공정공시)              (+3),,2026-05-14: 분기보고서 (2026.03) | 2026-04-30: 최대주주등소유주식변동신고서               | 2026-04-30: 기업설명회(IR)개최(안내공시)               | 2026-04-30: 연결재무제표기준영업(잠정)실적(공정공시)              ,4
콜마비앤에이치,200130,3,OK,,연결재무제표기준영업(잠정)실적(공정공시)              (+3),,2026-05-21: 임원ㆍ주요주주특정증권등소유상황보고서 | 2026-05-14: 분기보고서 (2026.03) | 2026-05-12: 공정거래자율준수프로그램운영현황               | 2026-05-12: 연결재무제표기준영업(잠정)실적(공정공시)               | 2026-05-11: 주식등의대량보유상황보고서(일반),7
LG에너지솔루션,373220,3,OK,,[기재정정]연결재무제표기준영업(잠정)실적(공정공시)              (+3),,2026-05-26: [기재정정]유형자산처분결정(종속회사의주요경영사항)               | 2026-05-19: 임원ㆍ주요주주특정증권등소유상황보고서 | 2026-05-14: 분기보고서 (2026.03) | 2026-04-30: [기재정정]연결재무제표기준영업(잠정)실적(공정공시)               | 2026-04-29: [기재정정]유형자산처분결정(종속회사의주요경영사항)              ,7
HL D&I,014790,3,OK,,연결재무제표기준영업(잠정)실적(공정공시)              (+3),,2026-05-15: 분기보고서 (2026.03) | 2026-05-08: 기업설명회(IR)개최(안내공시)               | 2026-05-07: 연결재무제표기준영업(잠정)실적(공정공시)               | 2026-04-30: 결산실적공시예고(안내공시)               | 2026-04-28: 특수관계인에대한담보제공,5
NHN벅스,104200,3,OK,,영업(잠정)실적(공정공시)              (+3),,"2026-05-15: 분기보고서 (2026.03) | 2026-05-13: 불성실공시법인지정              (공시번복 1건, 공시불이행 1건) | 2026-05-12: 영업(잠정)실적(공정공시)              ",3
제주항공,089590,3,OK,,영업(잠정)실적(공정공시)              (+3),,2026-05-22: 최대주주등소유주식변동신고서               | 2026-05-21: 주식등의대량보유상황보고서(일반) | 2026-05-18: 기업설명회(IR)개최(안내공시)               | 2026-05-15: 분기보고서 (2026.03) | 2026-05-15: [첨부정정]사업보고서 (2025.12),9
인스피언,465480,3,OK,,영업(잠정)실적(공정공시)              (+3),,2026-05-15: 신탁계약에의한취득상황보고서 | 2026-05-14: 영업(잠정)실적(공정공시)               | 2026-05-14: 분기보고서 (2026.03),3
인터로조,119610,3,OK,,연결재무제표기준영업(잠정)실적(공정공시)              (+3),,2026-05-26: 신탁계약해지결과보고서 | 2026-05-22: 주요사항보고서(자기주식취득신탁계약해지결정) | 2026-05-20: 임원ㆍ주요주주특정증권등소유상황보고서 | 2026-05-15: 분기보고서 (2026.03) | 2026-05-07: 연결재무제표기준영업(잠정)실적(공정공시)              ,9
덴티움,145720,3,OK,,연결재무제표기준영업(잠정)실적(공정공시)              (+3),,2026-05-15: 분기보고서 (2026.03) | 2026-05-12: 연결재무제표기준영업(잠정)실적(공정공시)               | 2026-05-06: 기업설명회(IR)개최(안내공시)               | 2026-05-06: 결산실적공시예고(안내공시)               | 2026-04-29: 기업가치제고계획(자율공시)              ,6
지누스,013890,3,OK,,연결재무제표기준영업(잠정)실적(공정공시)              (+3),,2026-05-22: 유형자산처분결정(종속회사의주요경영사항)               | 2026-05-15: 분기보고서 (2026.03) | 2026-05-08: 타인에대한채무보증결정               | 2026-05-06: 연결재무제표기준영업(잠정)실적(공정공시)               | 2026-05-04: 주식등의대량보유상황보고서(약식),5
케이카,381970,3,OK,,영업(잠정)실적(공정공시)              (+3),,2026-05-15: 분기보고서 (2026.03) | 2026-05-14: 주주명부폐쇄기간또는기준일설정               | 2026-05-14: 현금ㆍ현물배당을위한주주명부폐쇄(기준일)결정               | 2026-05-14: 현금ㆍ현물배당결정               | 2026-05-14: 영업(잠정)실적(공정공시)              ,8
코람코라이프인프라리츠,357120,3,OK,,유형자산취득결정(종속회사의주요경영사항)              (+3),,2026-05-21: 임원ㆍ주요주주특정증권등소유상황보고서 | 2026-05-15: 부동산투자회사자금차입               | 2026-05-15: 부동산투자회사자금차입               | 2026-05-15: 주주명부폐쇄기간또는기준일설정               | 2026-05-15: 기타경영사항(자율공시)              ,15
세아베스틸지주,001430,3,OK,,연결재무제표기준영업(잠정)실적(공정공시)              (+3),,2026-05-15: 분기보고서 (2026.03) | 2026-04-29: 기업설명회(IR)개최(안내공시)               | 2026-04-29: 연결재무제표기준영업(잠정)실적(공정공시)              ,3
현대공업,170030,3,OK,,연결재무제표기준영업(잠정)실적(공정공시)              (+3),,2026-05-12: 분기보고서 (2026.03) | 2026-05-07: 연결재무제표기준영업(잠정)실적(공정공시)              ,2
HD현대에너지솔루션,322000,3,OK,,연결재무제표기준영업(잠정)실적(공정공시)              (+3),,2026-05-15: 분기보고서 (2026.03) | 2026-04-29: 연결재무제표기준영업(잠정)실적(공정공시)              ,2
GS피앤엘,499790,3,OK,,연결재무제표기준영업(잠정)실적(공정공시)              (+3),,2026-05-15: 분기보고서 (2026.03) | 2026-05-06: 연결재무제표기준영업(잠정)실적(공정공시)               | 2026-04-29: 결산실적공시예고(안내공시)              ,3
아비코전자,036010,3,OK,,연결재무제표기준영업(잠정)실적(공정공시)              (+3),,2026-05-20: 타법인주식및출자증권취득결정(자율공시)               | 2026-05-15: 분기보고서 (2026.03) | 2026-05-08: 연결재무제표기준영업(잠정)실적(공정공시)              ,3
종근당,185750,3,OK,,영업(잠정)실적(공정공시)              (+3),,2026-05-15: 분기보고서 (2026.03) | 2026-05-14: 투자판단관련주요경영사항              (고혈압 치료제로 개발중인 CKD339의 식약처(MFDS) 제3상 임상시험 계획 승인 신청) | 2026-04-30: 주식등의대량보유상황보고서(일반) | 2026-04-29: 영업(잠정)실적(공정공시)              ,4
칩스앤미디어,094360,3,OK,,연결재무제표기준영업(잠정)실적(공정공시)              (+3),,2026-05-15: 분기보고서 (2026.03) | 2026-04-28: 연결재무제표기준영업(잠정)실적(공정공시)              ,2
대한유화,006650,3,OK,,연결재무제표기준영업(잠정)실적(공정공시)              (+3),,2026-05-19: 최대주주등소유주식변동신고서               | 2026-05-15: 분기보고서 (2026.03) | 2026-04-29: 연결재무제표기준영업(잠정)실적(공정공시)              ,3
롯데케미칼,011170,3,OK,,연결재무제표기준영업(잠정)실적(공정공시)              (+3),,2026-05-26: [기재정정]생산중단               | 2026-05-15: 분기보고서 (2026.03) | 2026-05-11: 연결재무제표기준영업(잠정)실적(공정공시)               | 2026-04-30: 임시주주총회결과               | 2026-04-28: 증권발행실적보고서,7
키이스트,054780,3,OK,,영업(잠정)실적(공정공시)              (+3),,2026-05-15: 분기보고서 (2026.03) | 2026-05-04: 영업(잠정)실적(공정공시)              ,2
비에이치,090460,3,OK,,연결재무제표기준영업(잠정)실적(공정공시)              (+3),,2026-05-15: 분기보고서 (2026.03) | 2026-05-04: 연결재무제표기준영업(잠정)실적(공정공시)               | 2026-04-27: 임원ㆍ주요주주특정증권등소유상황보고서,3
주성엔지니어링,036930,3,OK,,연결재무제표기준영업(잠정)실적(공정공시)              (+3),,2026-05-14: 분기보고서 (2026.03) | 2026-04-28: 연결재무제표기준영업(잠정)실적(공정공시)              ,2
화인베스틸,133820,3,OK,,영업(잠정)실적(공정공시)              (+3),,2026-05-15: 분기보고서 (2026.03) | 2026-05-04: 영업(잠정)실적(공정공시)               | 2026-04-27: 신규시설투자등(자율공시)              ,3
에스티팜,237690,3,OK,,연결재무제표기준영업(잠정)실적(공정공시)              (+3),,2026-05-15: 분기보고서 (2026.03) | 2026-05-14: 기업설명회(IR)개최               | 2026-04-30: 임원ㆍ주요주주특정증권등소유상황보고서 | 2026-04-30: 임원ㆍ주요주주특정증권등소유상황보고서 | 2026-04-30: 주식등의대량보유상황보고서(일반),7
뷰웍스,100120,3,OK,,연결재무제표기준영업(잠정)실적(공정공시)              (+3),,2026-05-15: 분기보고서 (2026.03) | 2026-05-04: 연결재무제표기준영업(잠정)실적(공정공시)              ,2
서울반도체,046890,3,OK,,[기재정정]연결재무제표기준영업(잠정)실적(공정공시)              (+3),,2026-05-15: 분기보고서 (2026.03) | 2026-05-12: 주주총회소집결의              (임시주주총회) | 2026-05-12: 주주명부폐쇄기간또는기준일설정               | 2026-05-12: 연결재무제표기준영업실적등에대한전망(공정공시)               | 2026-05-12: [기재정정]연결재무제표기준영업(잠정)실적(공정공시)              ,6
포스코엠텍,009520,3,OK,,영업(잠정)실적(공정공시)              (+3),,2026-05-15: 분기보고서 (2026.03) | 2026-04-30: 소속부변경               | 2026-04-30: 영업(잠정)실적(공정공시)              ,3
HK이노엔,195940,3,OK,,영업(잠정)실적(공정공시)              (+3),,2026-05-21: 신규시설투자등               | 2026-05-14: 분기보고서 (2026.03) | 2026-05-13: 투자판단관련주요경영사항(임상시험계획승인신청등결정)              (경증에서 중등증 아토피 피부염 치료 후보물질 IN-115314 임상 1b상 임상시험계획(IND)  미국 식품의약국(FDA) 승인) | 2026-04-28: 기업설명회(IR)개최               | 2026-04-28: 기업설명회(IR)개최              ,6
금호석유화학,011780,3,OK,,연결재무제표기준영업(잠정)실적(공정공시)              (+3),,2026-05-22: 임원ㆍ주요주주특정증권등소유상황보고서 | 2026-05-22: 임원ㆍ주요주주특정증권등소유상황보고서 | 2026-05-15: 분기보고서 (2026.03) | 2026-05-13: 임원ㆍ주요주주특정증권등소유상황보고서 | 2026-05-07: 기업설명회(IR)개최(안내공시)              ,6
한섬,020000,3,OK,,연결재무제표기준영업(잠정)실적(공정공시)              (+3),,2026-05-15: 분기보고서 (2026.03) | 2026-05-13: 기업설명회(IR)개최(안내공시)               | 2026-05-07: 기업가치제고계획(자율공시)              (2025년 이행현황) | 2026-05-07: 연결재무제표기준영업(잠정)실적(공정공시)               | 2026-04-30: 결산실적공시예고(안내공시)              ,5
현대코퍼레이션,011760,3,OK,,연결재무제표기준영업(잠정)실적(공정공시)              (+3),,2026-05-15: 분기보고서 (2026.03) | 2026-04-29: 연결재무제표기준영업(잠정)실적(공정공시)              ,2
PI첨단소재,178920,3,OK,,영업(잠정)실적(공정공시)              (+3),,2026-05-14: 분기보고서 (2026.03) | 2026-04-28: 영업(잠정)실적(공정공시)               | 2026-04-27: 기업설명회(IR)개최(안내공시)               | 2026-04-27: 기업설명회(IR)개최(안내공시)              ,4
하이록코리아,013030,3,OK,,연결재무제표기준영업(잠정)실적(공정공시)              (+3),,2026-05-21: 기업설명회(IR)개최               | 2026-05-15: 분기보고서 (2026.03) | 2026-05-12: 주식등의대량보유상황보고서(일반) | 2026-05-08: 연결재무제표기준영업(잠정)실적(공정공시)               | 2026-04-29: 주식등의대량보유상황보고서(일반),6
카페24,042000,3,OK,,연결재무제표기준영업(잠정)실적(공정공시)              (+3),,2026-05-14: 분기보고서 (2026.03) | 2026-05-11: 주식등의대량보유상황보고서(일반) | 2026-05-07: 주요사항보고서(자기주식취득신탁계약체결결정) | 2026-05-07: 연결재무제표기준영업(잠정)실적(공정공시)               | 2026-04-30: 소속부변경              ,5
코스맥스엔비티,222040,3,OK,,연결재무제표기준영업(잠정)실적(공정공시)              (+3),,2026-05-15: 분기보고서 (2026.03) | 2026-05-12: 기타경영사항(자율공시)               | 2026-05-11: 임원ㆍ주요주주특정증권등소유상황보고서 | 2026-05-07: 연결재무제표기준영업(잠정)실적(공정공시)               | 2026-04-30: 임원ㆍ주요주주특정증권등소유상황보고서,9
네오팜,092730,3,OK,,영업(잠정)실적(공정공시)              (+3),,2026-05-14: 분기보고서 (2026.03) | 2026-05-08: 기업설명회(IR)개최               | 2026-05-08: 영업(잠정)실적(공정공시)               | 2026-05-06: 주식등의대량보유상황보고서(일반) | 2026-05-06: 임원ㆍ주요주주특정증권등소유상황보고서,6
포스코인터내셔널,047050,3,OK,,연결재무제표기준영업(잠정)실적(공정공시)              (+3),,2026-05-21: 기업설명회(IR)개최(안내공시)               | 2026-05-15: 분기보고서 (2026.03) | 2026-04-30: 공정거래자율준수프로그램운영현황(안내공시)               | 2026-04-30: 연결재무제표기준영업(잠정)실적(공정공시)              ,4
메가스터디교육,215200,3,OK,,연결재무제표기준영업(잠정)실적(공정공시)              (+3),,2026-05-15: 분기보고서 (2026.03) | 2026-05-08: 연결재무제표기준영업(잠정)실적(공정공시)               | 2026-04-30: 기업가치제고계획(자율공시)              (2025년 이행현황),3
환인제약,016580,3,OK,,연결재무제표기준영업(잠정)실적(공정공시)              (+3),,2026-05-13: 분기보고서 (2026.03) | 2026-05-11: 주식등의대량보유상황보고서(일반) | 2026-04-27: 연결재무제표기준영업(잠정)실적(공정공시)              ,3
한국석유공업,004090,3,OK,,연결재무제표기준영업(잠정)실적(공정공시)              (+3),,2026-05-15: 분기보고서 (2026.03) | 2026-05-11: 연결재무제표기준영업(잠정)실적(공정공시)               | 2026-04-30: 최대주주등소유주식변동신고서              ,3
디지털대성,068930,3,OK,,연결재무제표기준영업(잠정)실적(공정공시)              (+3),,2026-05-18: [기재정정]타법인주식및출자증권처분결정               | 2026-05-15: 분기보고서 (2026.03) | 2026-05-07: 연결재무제표기준영업(잠정)실적(공정공시)              ,3
에이치시티,072990,3,OK,,연결재무제표기준영업(잠정)실적(공정공시)              (+3),,2026-05-27: 임원ㆍ주요주주특정증권등소유상황보고서 | 2026-05-15: 분기보고서 (2026.03) | 2026-04-29: 연결재무제표기준영업(잠정)실적(공정공시)              ,3
동원수산,030720,3,OK,,연결재무제표기준영업(잠정)실적(공정공시)              (+3),,2026-05-19: 임원ㆍ주요주주특정증권등소유상황보고서 | 2026-05-14: 분기보고서 (2026.03) | 2026-05-12: 연결재무제표기준영업(잠정)실적(공정공시)               | 2026-05-07: 주식등의대량보유상황보고서(일반) | 2026-04-29: 최대주주등소유주식변동신고서              ,7
에스앤에스텍,101490,3,OK,,연결재무제표기준영업(잠정)실적(공정공시)              (+3),,2026-05-14: 분기보고서 (2026.03) | 2026-05-06: 기업설명회(IR)개최               | 2026-05-06: 연결재무제표기준영업(잠정)실적(공정공시)              ,3
위메이드,112040,3,OK,,연결재무제표기준영업(잠정)실적(공정공시)              (+3),,2026-05-15: 분기보고서 (2026.03) | 2026-05-12: [기재정정]주식매수선택권부여에관한신고 | 2026-05-12: 연결재무제표기준영업(잠정)실적(공정공시)              ,3
LG씨엔에스,064400,3,OK,,연결재무제표기준영업(잠정)실적(공정공시)              (+3),,2026-05-15: 분기보고서 (2026.03) | 2026-05-11: 동일인등출자계열회사와의상품ㆍ용역거래변경 | 2026-05-06: 기업설명회(IR)개최(안내공시)               | 2026-05-06: 기업설명회(IR)개최(안내공시)               | 2026-04-30: 기업설명회(IR)개최(안내공시)              ,6
키다리스튜디오,020120,3,OK,,연결재무제표기준영업(잠정)실적(공정공시)              (+3),,2026-05-15: 분기보고서 (2026.03) | 2026-05-13: 연결재무제표기준영업(잠정)실적(공정공시)               | 2026-04-30: 특수관계인으로부터받은담보,3
에이피알,278470,3,OK,,연결재무제표기준영업(잠정)실적(공정공시)              (+3),,2026-05-15: 분기보고서 (2026.03) | 2026-05-15: 최대주주등소유주식변동신고서               | 2026-05-15: 임원ㆍ주요주주특정증권등소유상황보고서 | 2026-05-07: 연결재무제표기준영업(잠정)실적(공정공시)               | 2026-04-27: 기업설명회(IR)개최(안내공시)              ,7
카카오게임즈,293490,3,OK,,연결재무제표기준영업(잠정)실적(공정공시)              (+3),,2026-05-20: 교환사채(해외교환사채포함)발행후만기전사채취득               | 2026-05-15: 분기보고서 (2026.03) | 2026-05-11: 주주명부폐쇄기간또는기준일설정               | 2026-04-30: 연결재무제표기준영업(잠정)실적(공정공시)              ,4
로젠,033290,3,OK,,[기재정정]주요사항보고서(회사합병결정)(+3),,2026-05-22: [기재정정]주주총회소집결의              (임시주주총회) | 2026-05-14: 분기보고서 (2026.03) | 2026-05-11: [기재정정]주요사항보고서(회사합병결정) | 2026-05-11: [기재정정]주주총회소집결의              (임시주주총회) | 2026-05-11: [기재정정]주주명부폐쇄기간또는기준일설정              ,9
한전KPS,051600,3,OK,,연결재무제표기준영업(잠정)실적(공정공시)              (+3),,2026-05-19: 기업설명회(IR)개최(안내공시)               | 2026-05-15: [기재정정]분기보고서 (2026.03) | 2026-05-15: 분기보고서 (2026.03) | 2026-05-11: 연결재무제표기준영업(잠정)실적(공정공시)               | 2026-05-06: 기업설명회(IR)개최(안내공시)              ,6
동진쎄미켐,005290,3,OK,,연결재무제표기준영업(잠정)실적(공정공시)              (+3),,2026-05-21: 기업설명회(IR)개최               | 2026-05-15: 분기보고서 (2026.03) | 2026-05-07: 연결재무제표기준영업(잠정)실적(공정공시)               | 2026-05-04: 주식등의대량보유상황보고서(약식),4
경보제약,214390,3,OK,,영업(잠정)실적(공정공시)              (+3),,2026-05-15: 분기보고서 (2026.03) | 2026-04-29: 영업(잠정)실적(공정공시)              ,2
클리오,237880,3,OK,,연결재무제표기준영업(잠정)실적(공정공시)              (+3),,2026-05-13: 분기보고서 (2026.03) | 2026-05-11: 연결재무제표기준영업(잠정)실적(공정공시)               | 2026-05-06: 결산실적공시예고              ,3
넥센타이어,002350,3,OK,,연결재무제표기준영업(잠정)실적(공정공시)              (+3),,2026-05-15: 분기보고서 (2026.03) | 2026-04-30: 기업설명회(IR)개최(안내공시)               | 2026-04-29: 연결재무제표기준영업(잠정)실적(공정공시)              ,3
티씨케이,064760,3,OK,,영업(잠정)실적(공정공시)              (+3),,2026-05-15: 기업설명회(IR)개최               | 2026-05-15: 분기보고서 (2026.03) | 2026-05-07: 주식등의대량보유상황보고서(약식) | 2026-05-04: 기업가치제고계획(자율공시)              (2025년 이행현황) | 2026-04-28: 영업(잠정)실적(공정공시)              ,5
쎌바이오텍,049960,3,OK,,연결재무제표기준영업(잠정)실적(공정공시)              (+3),,2026-05-15: 분기보고서 (2026.03) | 2026-05-08: 연결재무제표기준영업(잠정)실적(공정공시)              ,2
코스메카코리아,241710,3,OK,,연결재무제표기준영업(잠정)실적(공정공시)              (+3),,2026-05-15: 분기보고서 (2026.03) | 2026-05-15: [첨부정정]사업보고서 (2025.12) | 2026-05-08: 연결재무제표기준영업(잠정)실적(공정공시)               | 2026-05-08: 기업설명회(IR)개최               | 2026-04-30: 주식등의대량보유상황보고서(일반),6
롯데하이마트,071840,3,OK,,영업(잠정)실적(공정공시)              (+3),,2026-05-15: 분기보고서 (2026.03) | 2026-05-07: 기업설명회(IR)개최(안내공시)               | 2026-05-07: 영업(잠정)실적(공정공시)               | 2026-04-30: 결산실적공시예고(안내공시)               | 2026-04-28: 증권발행실적보고서,7
유나이티드,033270,3,OK,,영업(잠정)실적(공정공시)              (+3),,2026-05-14: 분기보고서 (2026.03) | 2026-04-30: 영업(잠정)실적(공정공시)              ,2
영진약품,003520,3,OK,,영업(잠정)실적(공정공시)              (+3),,2026-05-15: 분기보고서 (2026.03) | 2026-05-06: 영업(잠정)실적(공정공시)              ,2
한솔로지스틱스,009180,3,OK,,연결재무제표기준영업(잠정)실적(공정공시)              (+3),,2026-05-27: 대규모기업집단현황공시[연1회공시및1/4분기용(개별회사)] | 2026-05-14: 분기보고서 (2026.03) | 2026-05-06: 현금ㆍ현물배당결정               | 2026-05-06: 현금ㆍ현물배당을위한주주명부폐쇄(기준일)결정               | 2026-04-27: 연결재무제표기준영업(잠정)실적(공정공시)              ,5
와이지엔터테인먼트,122870,3,OK,,연결재무제표기준영업(잠정)실적(공정공시)              (+3),,2026-05-15: 분기보고서 (2026.03) | 2026-05-08: 연결재무제표기준영업(잠정)실적(공정공시)              ,2
현대백화점,069960,3,OK,,연결재무제표기준영업(잠정)실적(공정공시)              (+3),,2026-05-22: 기업설명회(IR)개최(안내공시)               | 2026-05-15: 분기보고서 (2026.03) | 2026-05-15: 기업설명회(IR)개최(안내공시)               | 2026-05-08: 증권발행실적보고서 | 2026-05-08: 임원ㆍ주요주주특정증권등거래계획보고서,15
메쎄이상,408920,3,OK,,연결재무제표기준영업(잠정)실적(공정공시)              (+3),,2026-05-15: 분기보고서 (2026.03) | 2026-05-11: 연결재무제표기준영업(잠정)실적(공정공시)               | 2026-05-06: 기업설명회(IR)개최               | 2026-05-06: 결산실적공시예고               | 2026-04-30: 소속부변경              ,5
현대퓨처넷,126560,3,OK,,연결재무제표기준영업(잠정)실적(공정공시)              (+3),,2026-05-15: 분기보고서 (2026.03) | 2026-05-06: 기업설명회(IR)개최(안내공시)               | 2026-05-06: 기업가치제고계획(자율공시)              (2025년 이행현황) | 2026-05-06: 연결재무제표기준영업(잠정)실적(공정공시)               | 2026-04-30: 자기주식취득결과보고서,6
옵티시스,109080,3,OK,,영업(잠정)실적(공정공시)              (+3),,2026-05-15: 분기보고서 (2026.03) | 2026-05-14: 영업(잠정)실적(공정공시)              ,2
지씨셀,144510,3,OK,,연결재무제표기준영업(잠정)실적(공정공시)              (+3),,2026-05-15: 분기보고서 (2026.03) | 2026-05-07: 연결재무제표기준영업(잠정)실적(공정공시)              ,2
케이씨씨,002380,3,OK,,연결재무제표기준영업(잠정)실적(공정공시)              (+3),,2026-05-22: 임원ㆍ주요주주특정증권등소유상황보고서 | 2026-05-15: 분기보고서 (2026.03) | 2026-05-15: 기업설명회(IR)개최(안내공시)               | 2026-05-08: 주식등의대량보유상황보고서(일반) | 2026-05-06: 연결재무제표기준영업(잠정)실적(공정공시)              ,7
이노션,214320,3,OK,,연결재무제표기준영업(잠정)실적(공정공시)              (+3),,2026-05-15: 분기보고서 (2026.03) | 2026-05-08: 연결재무제표기준영업(잠정)실적(공정공시)               | 2026-04-30: 결산실적공시예고(안내공시)              ,3
한화에어로스페이스,012450,3,OK,,연결재무제표기준영업(잠정)실적(공정공시)              (+3),,2026-05-27: [기재정정]신규시설투자등               | 2026-05-13: 분기보고서 (2026.03) | 2026-05-12: 기타안내사항(안내공시)               | 2026-05-07: 기업설명회(IR)개최(안내공시)               | 2026-05-07: 기업설명회(IR)개최(안내공시)              ,8
교촌에프앤비,339770,3,OK,,연결재무제표기준영업(잠정)실적(공정공시)              (+3),,2026-05-14: 현금ㆍ현물배당을위한주주명부폐쇄(기준일)결정               | 2026-05-14: 분기보고서 (2026.03) | 2026-05-14: 현금ㆍ현물배당결정               | 2026-05-12: 연결재무제표기준영업(잠정)실적(공정공시)              ,4
덕산네오룩스,213420,3,OK,,연결재무제표기준영업(잠정)실적(공정공시)              (+3),,2026-05-27: 타법인주식및출자증권취득결정(종속회사의주요경영사항)               | 2026-05-15: 분기보고서 (2026.03) | 2026-05-14: 기업설명회(IR)개최               | 2026-05-12: 연결재무제표기준영업(잠정)실적(공정공시)               | 2026-04-27: 주식등의대량보유상황보고서(일반),5
HS효성첨단소재,298050,3,OK,,연결재무제표기준영업(잠정)실적(공정공시)              (+3),,2026-05-26: 지속가능경영보고서등관련사항(자율공시)               | 2026-05-19: 타인에대한채무보증결정               | 2026-05-18: [기재정정]분기보고서 (2026.03) | 2026-05-15: 분기보고서 (2026.03) | 2026-05-15: 타인에대한채무보증결정              ,9
해성디에스,195870,3,OK,,연결재무제표기준영업(잠정)실적(공정공시)              (+3),,2026-05-27: 임원ㆍ주요주주특정증권등소유상황보고서 | 2026-05-18: 기업설명회(IR)개최(안내공시)               | 2026-05-15: 분기보고서 (2026.03) | 2026-04-30: 연결재무제표기준영업(잠정)실적(공정공시)              ,4
동아에스티,170900,3,OK,,영업(잠정)실적(공정공시)              (+3),,2026-05-15: 분기보고서 (2026.03) | 2026-04-27: 기업설명회(IR)개최(안내공시)               | 2026-04-27: 영업(잠정)실적(공정공시)              ,3
바이오노트,377740,3,OK,,연결재무제표기준영업(잠정)실적(공정공시)              (+3),,2026-05-14: 분기보고서 (2026.03) | 2026-05-13: 연결재무제표기준영업(잠정)실적(공정공시)              ,2
펌텍코리아,251970,3,OK,,연결재무제표기준영업(잠정)실적(공정공시)              (+3),,2026-05-15: 기업설명회(IR)개최               | 2026-05-15: 분기보고서 (2026.03) | 2026-05-08: 연결재무제표기준영업(잠정)실적(공정공시)               | 2026-05-06: 결산실적공시예고               | 2026-04-27: 주식등의대량보유상황보고서(약식),5
LG이노텍,011070,3,OK,,연결재무제표기준영업(잠정)실적(공정공시)              (+3),,2026-05-15: [기재정정]분기보고서 (2026.03) | 2026-05-14: 분기보고서 (2026.03) | 2026-05-11: 기업설명회(IR)개최(안내공시)               | 2026-04-27: 연결재무제표기준영업(잠정)실적(공정공시)               | 2026-04-27: 임원ㆍ주요주주특정증권등소유상황보고서,5
삼성증권,016360,3,OK,,연결재무제표기준영업(잠정)실적(공정공시)              (+3),,2026-05-27: 증권발행실적보고서 | 2026-05-27: 투자설명서(일괄신고) | 2026-05-27: 일괄신고추가서류(파생결합증권-상장지수증권) | 2026-05-22: 투자설명서(일괄신고) | 2026-05-22: 일괄신고추가서류(파생결합사채-주가연계파생결합사채),49
데브시스터즈,194480,3,OK,,연결재무제표기준영업(잠정)실적(공정공시)              (+3),,2026-05-15: 분기보고서 (2026.03) | 2026-05-11: 연결재무제표기준영업(잠정)실적(공정공시)               | 2026-04-27: 기업설명회(IR)개최               | 2026-04-27: 결산실적공시예고              ,4
제이에스코퍼레이션,194370,3,OK,,연결재무제표기준영업(잠정)실적(공정공시)              (+3),,2026-05-15: 분기보고서 (2026.03) | 2026-04-30: 연결재무제표기준영업(잠정)실적(공정공시)              ,2
흥국에프엔비,189980,3,OK,,연결재무제표기준영업(잠정)실적(공정공시)              (+3),,2026-05-15: 분기보고서 (2026.03) | 2026-05-08: 연결재무제표기준영업(잠정)실적(공정공시)              ,2
모델솔루션,417970,3,OK,,영업(잠정)실적(공정공시)              (+3),,2026-05-15: 분기보고서 (2026.03) | 2026-05-07: 영업(잠정)실적(공정공시)               | 2026-05-04: 결산실적공시예고               | 2026-04-30: 소속부변경              ,4
서울바이오시스,092190,3,OK,,[기재정정]연결재무제표기준영업(잠정)실적(공정공시)              (+3),,2026-05-15: 분기보고서 (2026.03) | 2026-05-11: 연결재무제표기준영업실적등에대한전망(공정공시)               | 2026-05-11: [기재정정]연결재무제표기준영업(잠정)실적(공정공시)               | 2026-05-08: 기업설명회(IR)개최              ,4
코스맥스,192820,3,OK,,연결재무제표기준영업(잠정)실적(공정공시)              (+3),,2026-05-20: [기재정정]타인에대한채무보증결정               | 2026-05-19: 신규시설투자등               | 2026-05-19: 타인에대한채무보증결정               | 2026-05-19: 기업설명회(IR)개최(안내공시)               | 2026-05-14: 분기보고서 (2026.03),7
LX세미콘,108320,3,OK,,연결재무제표기준영업(잠정)실적(공정공시)              (+3),,2026-05-15: 분기보고서 (2026.03) | 2026-04-30: 연결재무제표기준영업(잠정)실적(공정공시)              ,2
오리온,271560,3,OK,,연결재무제표기준영업(잠정)실적(공정공시)              (+3),,2026-05-19: 특수관계인으로부터부동산임차 | 2026-05-15: 연결재무제표기준영업(잠정)실적(공정공시)               | 2026-05-15: 분기보고서 (2026.03),3
한독,002390,3,OK,,영업(잠정)실적(공정공시)              (+3),,2026-05-19: 임원ㆍ주요주주특정증권등소유상황보고서 | 2026-05-14: 분기보고서 (2026.03) | 2026-05-14: [기재정정]주식매수선택권부여에관한신고 | 2026-05-14: [기재정정]주식매수선택권부여에관한신고 | 2026-05-14: [기재정정]주식매수선택권부여에관한신고,6
씨앤씨인터내셔널,352480,3,OK,,연결재무제표기준영업(잠정)실적(공정공시)              (+3),,2026-05-26: 주요사항보고서(자기주식취득신탁계약체결결정) | 2026-05-15: 분기보고서 (2026.03) | 2026-05-11: 연결재무제표기준영업(잠정)실적(공정공시)               | 2026-05-08: 기업설명회(IR)개최              ,4
현대오토에버,307950,3,OK,,연결재무제표기준영업(잠정)실적(공정공시)              (+3),,2026-05-18: 기업설명회(IR)개최(안내공시)               | 2026-05-15: 분기보고서 (2026.03) | 2026-04-30: 기업설명회(IR)개최(안내공시)               | 2026-04-30: 연결재무제표기준영업(잠정)실적(공정공시)              ,4
슈프리마,236200,3,OK,,연결재무제표기준영업(잠정)실적(공정공시)              (+3),,2026-05-13: 분기보고서 (2026.03) | 2026-04-30: 연결재무제표기준영업(잠정)실적(공정공시)               | 2026-04-27: 기업설명회(IR)개최              ,3
한라IMS,092460,3,OK,,연결재무제표기준영업(잠정)실적(공정공시)              (+3),,2026-05-18: 주식등의대량보유상황보고서(약식) | 2026-05-14: 분기보고서 (2026.03) | 2026-05-08: 연결재무제표기준영업(잠정)실적(공정공시)               | 2026-04-28: 주식등의대량보유상황보고서(일반),4
경동나비엔,009450,3,OK,,연결재무제표기준영업(잠정)실적(공정공시)              (+3),,2026-05-18: [기재정정]분기보고서 (2026.03) | 2026-05-15: 분기보고서 (2026.03) | 2026-05-13: 연결재무제표기준영업(잠정)실적(공정공시)              ,3
조이시티,067000,3,OK,,연결재무제표기준영업(잠정)실적(공정공시)              (+3),,2026-05-15: 분기보고서 (2026.03) | 2026-05-06: 연결재무제표기준영업(잠정)실적(공정공시)              ,2
하츠,066130,3,OK,,영업(잠정)실적(공정공시)              (+3),,2026-05-15: 분기보고서 (2026.03) | 2026-04-30: 영업(잠정)실적(공정공시)              ,2
케이씨씨글라스,344820,3,OK,,연결재무제표기준영업(잠정)실적(공정공시)              (+3),,2026-05-15: 분기보고서 (2026.03) | 2026-05-07: 연결재무제표기준영업(잠정)실적(공정공시)              ,2
HD건설기계,267270,3,OK,,연결재무제표기준영업(잠정)실적(공정공시)              (+3),,2026-05-15: 분기보고서 (2026.03) | 2026-05-15: 동일인등출자계열회사와의상품ㆍ용역거래변경 | 2026-05-11: 신탁계약에의한취득상황보고서 | 2026-05-06: 기업설명회(IR)개최(안내공시)               | 2026-04-27: 기업가치제고계획(자율공시)              ,7
HL만도,204320,3,OK,,연결재무제표기준영업(잠정)실적(공정공시)              (+3),,2026-05-15: 분기보고서 (2026.03) | 2026-04-29: 증권발행실적보고서 | 2026-04-29: 연결재무제표기준영업(잠정)실적(공정공시)               | 2026-04-29: 투자설명서 | 2026-04-28: [발행조건확정]증권신고서(채무증권),7
DB,012030,3,OK,,연결재무제표기준영업(잠정)실적(공정공시)              (+3),,2026-05-22: 최대주주등소유주식변동신고서               | 2026-05-22: 주식등의대량보유상황보고서(일반) | 2026-05-15: 분기보고서 (2026.03) | 2026-05-07: 연결재무제표기준영업(잠정)실적(공정공시)              ,4
CJ대한통운,000120,3,OK,,연결재무제표기준영업(잠정)실적(공정공시)              (+3),,2026-05-20: 기업설명회(IR)개최(안내공시)               | 2026-05-15: 분기보고서 (2026.03) | 2026-05-15: 기업설명회(IR)개최(안내공시)               | 2026-05-14: 임원ㆍ주요주주특정증권등소유상황보고서 | 2026-05-13: 연결재무제표기준영업(잠정)실적(공정공시)              ,11
셀바이오휴먼텍,318160,3,OK,,[기재정정]유형자산취득결정(자율공시)              (+3),,2026-05-20: 임원ㆍ주요주주특정증권등소유상황보고서 | 2026-05-20: [기재정정]임원ㆍ주요주주특정증권등소유상황보고서 | 2026-05-15: [기재정정]유형자산취득결정(자율공시)               | 2026-05-14: 분기보고서 (2026.03) | 2026-05-07: 감자완료              ,5
심텍,222800,3,OK,,연결재무제표기준영업(잠정)실적(공정공시)              (+3),,2026-05-14: 분기보고서 (2026.03) | 2026-05-06: 기업설명회(IR)개최               | 2026-05-06: 연결재무제표기준영업(잠정)실적(공정공시)               | 2026-04-30: 소속부변경               | 2026-04-29: [기재정정]타인에대한채무보증결정              ,5
RFHIC,218410,3,OK,,연결재무제표기준영업(잠정)실적(공정공시)              (+3),,2026-05-15: 분기보고서 (2026.03) | 2026-04-27: 연결재무제표기준영업(잠정)실적(공정공시)              ,2
한미반도체,042700,3,OK,,연결재무제표기준영업(잠정)실적(공정공시)              (+3),,2026-05-19: 임원ㆍ주요주주특정증권등거래계획보고서 | 2026-05-15: 분기보고서 (2026.03) | 2026-05-15: 기업설명회(IR)개최(안내공시)               | 2026-05-15: 연결재무제표기준영업(잠정)실적(공정공시)               | 2026-05-11: 기업설명회(IR)개최(안내공시)              ,6
피에스텍,002230,3,OK,,유형자산취득결정(종속회사의주요경영사항)              (+3),,2026-05-22: 유형자산취득결정(종속회사의주요경영사항)               | 2026-05-22: 타법인주식및출자증권취득결정(자율공시)               | 2026-05-15: 분기보고서 (2026.03) | 2026-04-30: 소속부변경               | 2026-04-27: 기업가치제고계획(자율공시)              (2026 피에스텍(주) 기업가치 제고 계획),5
일동제약,249420,3,OK,,연결재무제표기준영업(잠정)실적(공정공시)              (+3),,2026-05-15: 분기보고서 (2026.03) | 2026-05-13: 연결재무제표기준영업(잠정)실적(공정공시)               | 2026-05-11: 결산실적공시예고(안내공시)              ,3
클래시스,214150,3,OK,,연결재무제표기준영업(잠정)실적(공정공시)              (+3),,2026-05-26: 지속가능경영보고서등관련사항(자율공시)               | 2026-05-19: 기업설명회(IR)개최               | 2026-05-18: 기업설명회(IR)개최               | 2026-05-15: [기재정정]주식매수선택권부여에관한신고 | 2026-05-15: 타인에대한채무보증결정              ,8
녹십자엠에스,142280,3,OK,,연결재무제표기준영업(잠정)실적(공정공시)              (+3),,2026-05-21: 신주인수권행사               | 2026-05-20: 신주인수권행사               | 2026-05-15: 분기보고서 (2026.03) | 2026-05-07: 연결재무제표기준영업(잠정)실적(공정공시)               | 2026-05-06: 기타시장안내(약명및영문명)              (영문상호),5
세아메카닉스,396300,3,OK,,영업(잠정)실적(공정공시)              (+3),,2026-05-14: 분기보고서 (2026.03) | 2026-04-29: 임원ㆍ주요주주특정증권등소유상황보고서 | 2026-04-28: 영업(잠정)실적(공정공시)              ,3
코스모신소재,005070,3,OK,,영업(잠정)실적(공정공시)              (+3),,2026-05-22: 주식등의대량보유상황보고서(일반) | 2026-05-15: 분기보고서 (2026.03) | 2026-05-15: 주식등의대량보유상황보고서(일반) | 2026-04-30: 주식등의대량보유상황보고서(일반) | 2026-04-28: 영업(잠정)실적(공정공시)              ,5
CJ프레시웨이,051500,3,OK,,연결재무제표기준영업(잠정)실적(공정공시)              (+3),,2026-05-18: 임원ㆍ주요주주특정증권등소유상황보고서 | 2026-05-15: 분기보고서 (2026.03) | 2026-05-08: 기업설명회(IR)개최               | 2026-05-08: 특수관계인에대한자금대여 | 2026-05-08: 동일인등출자계열회사와의상품ㆍ용역거래,9
교보15호스팩,465320,3,OK,,[기재정정]주요사항보고서(회사합병결정)(+3),,2026-05-15: 분기보고서 (2026.03) | 2026-05-11: [기재정정]주요사항보고서(회사합병결정),2
에코프로에이치엔,383310,3,OK,,연결재무제표기준영업(잠정)실적(공정공시)              (+3),,2026-05-15: 분기보고서 (2026.03) | 2026-05-12: 기업설명회(IR)개최               | 2026-04-30: 기업가치제고계획(자율공시)               | 2026-04-29: 연결재무제표기준영업(잠정)실적(공정공시)              ,4
아이센스,099190,3,OK,,연결재무제표기준영업(잠정)실적(공정공시)              (+3),,2026-05-15: 분기보고서 (2026.03) | 2026-04-30: 소속부변경               | 2026-04-30: 전환사채(해외전환사채포함)발행후만기전사채취득               | 2026-04-27: 연결재무제표기준영업(잠정)실적(공정공시)              ,4
메쥬,0088M0,3,OK,,영업(잠정)실적(공정공시)              (+3),,2026-05-15: 분기보고서 (2026.03) | 2026-04-30: 영업(잠정)실적(공정공시)              ,2
RF시스템즈,474610,3,OK,,영업(잠정)실적(공정공시)              (+3),,2026-05-22: 주식매수선택권행사               | 2026-05-15: 분기보고서 (2026.03) | 2026-04-27: 영업(잠정)실적(공정공시)              ,3
샘씨엔에스,252990,3,OK,,영업(잠정)실적(공정공시)              (+3),,2026-05-21: 기업설명회(IR)개최               | 2026-05-15: 분기보고서 (2026.03) | 2026-05-06: 영업(잠정)실적(공정공시)               | 2026-04-30: 소속부변경              ,4
바디텍메드,206640,3,OK,,연결재무제표기준영업(잠정)실적(공정공시)              (+3),,2026-05-15: 분기보고서 (2026.03) | 2026-05-08: 연결재무제표기준영업(잠정)실적(공정공시)              ,2
케이뱅크,279570,3,OK,,영업(잠정)실적(공정공시)              (+3),,2026-05-15: 분기보고서 (2026.03) | 2026-04-30: 기업설명회(IR)개최(안내공시)               | 2026-04-30: 기업설명회(IR)개최(안내공시)               | 2026-04-30: 영업(잠정)실적(공정공시)              ,4
트리니티항공,091810,3,OK,,영업(잠정)실적(공정공시)              (+3),,2026-05-18: 불성실공시법인지정예고               | 2026-05-15: 단기차입금증가결정               | 2026-05-15: 분기보고서 (2026.03) | 2026-05-11: 영업(잠정)실적(공정공시)               | 2026-04-30: 특수관계인으로부터부동산임차,9
이수앱지스,086890,3,OK,,영업(잠정)실적(공정공시)              (+3),,2026-05-15: 분기보고서 (2026.03) | 2026-05-07: 영업(잠정)실적(공정공시)               | 2026-04-30: 소속부변경              ,3
JYP Ent.,035900,3,OK,,연결재무제표기준영업(잠정)실적(공정공시)              (+3),,2026-05-15: 분기보고서 (2026.03) | 2026-05-14: 연결재무제표기준영업(잠정)실적(공정공시)               | 2026-05-07: 기업설명회(IR)개최               | 2026-05-07: 결산실적공시예고              ,4
레이언스,228850,3,OK,,연결재무제표기준영업(잠정)실적(공정공시)              (+3),,2026-05-19: 기업설명회(IR)개최               | 2026-05-15: 분기보고서 (2026.03) | 2026-05-12: 연결재무제표기준영업(잠정)실적(공정공시)               | 2026-05-07: 결산실적공시예고              ,4
보락,002760,3,OK,,영업(잠정)실적(공정공시)              (+3),,2026-05-13: 분기보고서 (2026.03) | 2026-04-29: 영업(잠정)실적(공정공시)              ,2
비씨엔씨,146320,3,OK,,영업(잠정)실적(공정공시)              (+3),,2026-05-15: 분기보고서 (2026.03) | 2026-04-30: 단기차입금증가결정               | 2026-04-29: 영업(잠정)실적(공정공시)               | 2026-04-29: [기재정정]신규시설투자등              ,4
JW생명과학,234080,3,OK,,영업(잠정)실적(공정공시)              (+3),,2026-05-15: 분기보고서 (2026.03) | 2026-05-13: 영업(잠정)실적(공정공시)              ,2
바텍,043150,3,OK,,연결재무제표기준영업(잠정)실적(공정공시)              (+3),,2026-05-19: 기업설명회(IR)개최               | 2026-05-15: 분기보고서 (2026.03) | 2026-05-12: 연결재무제표기준영업(잠정)실적(공정공시)               | 2026-05-07: 결산실적공시예고              ,4
CJ CGV,079160,3,OK,,연결재무제표기준영업(잠정)실적(공정공시)              (+3),,2026-05-15: 분기보고서 (2026.03) | 2026-05-14: 기업설명회(IR)개최(안내공시)               | 2026-05-08: [기재정정]금전대여결정               | 2026-05-08: 연결재무제표기준영업(잠정)실적(공정공시)               | 2026-04-29: 기업설명회(IR)개최(안내공시)              ,6
롯데에너지머티리얼즈,020150,3,OK,,연결재무제표기준영업(잠정)실적(공정공시)              (+3),,2026-05-22: 타법인주식및출자증권처분결정               | 2026-05-22: 타인에대한채무보증결정               | 2026-05-15: 분기보고서 (2026.03) | 2026-05-11: 연결재무제표기준영업(잠정)실적(공정공시)               | 2026-04-30: 기업설명회(IR)개최(안내공시)              ,8
강원랜드,035250,3,OK,,연결재무제표기준영업(잠정)실적(공정공시)              (+3),,2026-05-15: 기업설명회(IR)개최(안내공시)               | 2026-05-15: 분기보고서 (2026.03) | 2026-04-30: 연결재무제표기준영업(잠정)실적(공정공시)               | 2026-04-27: 주주명부폐쇄기간또는기준일설정              ,4
LG전자,066570,3,OK,,[기재정정]연결재무제표기준영업(잠정)실적(공정공시)              (+3),,2026-05-27: [발행조건확정]증권신고서(채무증권) | 2026-05-21: [발행조건확정]증권신고서(채무증권) | 2026-05-21: [기재정정]증권신고서(채무증권) | 2026-05-15: 증권신고서(채무증권) | 2026-05-15: 분기보고서 (2026.03),11
미래에셋증권,006800,3,OK,,연결재무제표기준영업(잠정)실적(공정공시)              (+3),,2026-05-27: 투자설명서(일괄신고) | 2026-05-27: 일괄신고추가서류(파생결합사채-주가연계파생결합사채) | 2026-05-26: 증권발행실적보고서 | 2026-05-26: 투자설명서(일괄신고) | 2026-05-26: 일괄신고추가서류(파생결합증권-상장지수증권),100
DB하이텍,000990,3,OK,,연결재무제표기준영업(잠정)실적(공정공시)              (+3),,2026-05-22: 최대주주등소유주식변동신고서               | 2026-05-22: 주식등의대량보유상황보고서(일반) | 2026-05-21: 임원ㆍ주요주주특정증권등소유상황보고서 | 2026-05-15: 분기보고서 (2026.03) | 2026-05-14: 임원ㆍ주요주주특정증권등소유상황보고서,11
보령,003850,3,OK,,연결재무제표기준영업(잠정)실적(공정공시)              (+3),,2026-05-14: 분기보고서 (2026.03) | 2026-05-06: 임원ㆍ주요주주특정증권등소유상황보고서 | 2026-05-06: 임원ㆍ주요주주특정증권등소유상황보고서 | 2026-05-06: 주식등의대량보유상황보고서(일반) | 2026-04-30: 연결재무제표기준영업(잠정)실적(공정공시)              ,5
기아,000270,3,OK,,영업(잠정)실적(공정공시)              (+3),,2026-05-21: [기재정정]타법인주식및출자증권취득결정               | 2026-05-20: 주주명부폐쇄기간또는기준일설정               | 2026-05-20: 주주총회소집결의               | 2026-05-19: 기업설명회(IR)개최(안내공시)               | 2026-05-19: 기업설명회(IR)개최(안내공시)              ,60
코리안리,003690,3,OK,,영업(잠정)실적(공정공시)              (+3),,2026-05-15: 분기보고서 (2026.03) | 2026-05-15: 영업(잠정)실적(공정공시)              ,2
잉글우드랩,950140,3,OK,,연결재무제표기준영업(잠정)실적(공정공시)              (+3),,2026-05-11: 분기보고서 (2026.03) | 2026-05-08: 기업설명회(IR)개최               | 2026-05-08: 연결재무제표기준영업(잠정)실적(공정공시)               | 2026-04-29: 결산실적공시예고              ,4
녹십자웰빙,234690,3,OK,,연결재무제표기준영업(잠정)실적(공정공시)              (+3),,2026-05-15: 파생상품거래손실발생               | 2026-05-15: 분기보고서 (2026.03) | 2026-05-07: 연결재무제표기준영업(잠정)실적(공정공시)              ,3
코스모화학,005420,3,OK,,영업(잠정)실적(공정공시)              (+3),,2026-05-15: 주식등의대량보유상황보고서(일반) | 2026-05-15: 분기보고서 (2026.03) | 2026-05-06: 영업(잠정)실적(공정공시)               | 2026-04-27: 주식등의대량보유상황보고서(일반),4
휴젤,145020,3,OK,,연결재무제표기준영업(잠정)실적(공정공시)              (+3),,2026-05-15: 분기보고서 (2026.03) | 2026-05-13: 주식등의대량보유상황보고서(약식) | 2026-05-07: 주식매수선택권부여에관한신고 | 2026-05-07: 주주명부폐쇄기간또는기준일설정               | 2026-05-07: 주주총회소집결의              (임시주주총회),10
S-Oil,010950,3,OK,,연결재무제표기준영업(잠정)실적(공정공시)              (+3),,2026-05-26: 대규모기업집단현황공시[연1회공시및1/4분기용(대표회사)] | 2026-05-26: 대규모기업집단현황공시[연1회(동일인용)] | 2026-05-15: 분기보고서 (2026.03) | 2026-05-12: 기업지배구조보고서공시               | 2026-05-11: 연결재무제표기준영업(잠정)실적(공정공시)              ,6
JW홀딩스,096760,3,OK,,영업(잠정)실적(공정공시)              (+3),,2026-05-15: 분기보고서 (2026.03) | 2026-05-12: 영업(잠정)실적(공정공시)               | 2026-04-30: 주요사항보고서(영업정지)(자회사의 주요경영사항)              ,3
넷마블,251270,3,OK,,연결재무제표기준영업(잠정)실적(공정공시)              (+3),,2026-05-27: 효력발생안내( 2026.5.14. 제출 증권신고서(주식의포괄적교환ㆍ이전) ) | 2026-05-18: 최대주주등소유주식변동신고서               | 2026-05-15: [기재정정]투자설명서 | 2026-05-14: [첨부정정]증권신고서(주식의포괄적교환ㆍ이전) | 2026-05-14: [기재정정]증권신고서(주식의포괄적교환ㆍ이전),10
골프존,215000,3,OK,,연결재무제표기준영업(잠정)실적(공정공시)              (+3),,2026-05-15: 분기보고서 (2026.03) | 2026-04-30: 연결재무제표기준영업(잠정)실적(공정공시)              ,2
에코프로머티,450080,3,OK,,연결재무제표기준영업(잠정)실적(공정공시)              (+3),,2026-05-15: 분기보고서 (2026.03) | 2026-05-13: 기타안내사항(안내공시)               | 2026-05-08: 임원ㆍ주요주주특정증권등거래계획보고서 | 2026-05-08: [기재정정]주식등의대량보유상황보고서(일반) | 2026-05-08: [기재정정]주식등의대량보유상황보고서(일반),10
성광벤드,014620,3,OK,,연결재무제표기준영업(잠정)실적(공정공시)              (+3),,2026-05-18: 임원ㆍ주요주주특정증권등거래계획보고서 | 2026-05-18: 주식등의대량보유상황보고서(약식) | 2026-05-18: 기업설명회(IR)개최               | 2026-05-15: 분기보고서 (2026.03) | 2026-05-08: 기업설명회(IR)개최              ,6
달바글로벌,483650,3,OK,,연결재무제표기준영업(잠정)실적(공정공시)              (+3),,2026-05-19: 임원ㆍ주요주주특정증권등소유상황보고서 | 2026-05-19: 기타안내사항(안내공시)               | 2026-05-14: 주식등의대량보유상황보고서(일반) | 2026-05-13: 분기보고서 (2026.03) | 2026-05-12: 연결재무제표기준영업(잠정)실적(공정공시)              ,13
현대에버다임,041440,3,OK,,연결재무제표기준영업(잠정)실적(공정공시)              (+3),,2026-05-15: 분기보고서 (2026.03) | 2026-05-06: 연결재무제표기준영업(잠정)실적(공정공시)               | 2026-05-04: 기업설명회(IR)개최               | 2026-05-04: 결산실적공시예고              ,4
셀트리온,068270,3,🚨 YES,[기재정정]유상증자결정(종속회사의주요경영사항)              ,주요사항보고서(자기주식취득결정)(+5) | [기재정정]주식소각결정              (+5) | 주식소각결정              (+5) | 연결재무제표기준영업(잠정)실적(공정공시)              (+3),[기재정정]유상증자결정(종속회사의주요경영사항)              (-15),2026-05-21: 주요사항보고서(자기주식취득결정) | 2026-05-21: 주요사항보고서(무상증자결정) | 2026-05-21: 임원ㆍ주요주주특정증권등거래계획보고서 | 2026-05-15: 분기보고서 (2026.03) | 2026-05-12: 투자판단관련주요경영사항              (CTP55(코센틱스 바이오시밀러) 미국 임상 3상 시험계획 변경신청 승인 ),29
TYM,002900,3,OK,,연결재무제표기준영업(잠정)실적(공정공시)              (+3),,2026-05-19: 임원ㆍ주요주주특정증권등소유상황보고서 | 2026-05-14: 분기보고서 (2026.03) | 2026-05-12: 사외이사의선임ㆍ해임또는중도퇴임에관한신고 | 2026-05-11: 연결재무제표기준영업(잠정)실적(공정공시)               | 2026-04-28: 주식등의대량보유상황보고서(일반),5
아이마켓코리아,122900,3,OK,,연결재무제표기준영업(잠정)실적(공정공시)              (+3),,2026-05-27: 기업설명회(IR)개최(안내공시)               | 2026-05-15: 분기보고서 (2026.03) | 2026-05-06: [기재정정]금전대여결정              ((대여기간 연장)) | 2026-05-06: 연결재무제표기준영업(잠정)실적(공정공시)               | 2026-05-06: 현금ㆍ현물배당결정              ,5
SOOP,067160,3,OK,,연결재무제표기준영업(잠정)실적(공정공시)              (+3),,2026-05-15: 분기보고서 (2026.03) | 2026-05-12: 기업설명회(IR)개최               | 2026-05-08: 주식등의대량보유상황보고서(약식) | 2026-04-30: 임원ㆍ주요주주특정증권등소유상황보고서 | 2026-04-30: 연결재무제표기준영업(잠정)실적(공정공시)              ,5
LX홀딩스,383800,3,OK,,연결재무제표기준영업(잠정)실적(공정공시)              (+3),,2026-05-22: [기재정정]타인에대한채무보증결정(자회사의 주요경영사항)               | 2026-05-15: 분기보고서 (2026.03) | 2026-05-14: 연결재무제표기준영업(잠정)실적(공정공시)               | 2026-05-11: 결산실적공시예고(안내공시)               | 2026-04-30: 타인에대한채무보증결정(자회사의 주요경영사항)              ,11
SNT홀딩스,036530,3,OK,,연결재무제표기준영업(잠정)실적(공정공시)              (+3),,2026-05-12: [기재정정]현금ㆍ현물배당결정(자회사의 주요경영사항)               | 2026-05-12: 분기보고서 (2026.03) | 2026-05-12: 현금ㆍ현물배당결정(자회사의 주요경영사항)               | 2026-05-12: 현금ㆍ현물배당결정(자회사의 주요경영사항)               | 2026-05-12: 현금ㆍ현물배당결정(자회사의 주요경영사항)              ,8
NE능률,053290,3,OK,,영업(잠정)실적(공정공시)              (+3),,2026-05-15: 분기보고서 (2026.03) | 2026-05-13: 영업(잠정)실적(공정공시)              ,2
SM C&C,048550,3,OK,,연결재무제표기준영업(잠정)실적(공정공시)              (+3),,2026-05-14: 분기보고서 (2026.03) | 2026-05-04: 연결재무제표기준영업(잠정)실적(공정공시)              ,2
롯데칠성음료,005300,3,OK,,연결재무제표기준영업(잠정)실적(공정공시)              (+3),,2026-05-14: 분기보고서 (2026.03) | 2026-05-12: 기업설명회(IR)개최(안내공시)               | 2026-05-06: 기업설명회(IR)개최(안내공시)               | 2026-05-04: 연결재무제표기준영업(잠정)실적(공정공시)               | 2026-04-28: 최대주주등소유주식변동신고서              ,5
아이쓰리시스템,214430,3,OK,,영업(잠정)실적(공정공시)              (+3),,2026-05-13: [기재정정]분기보고서 (2026.03) | 2026-05-13: 분기보고서 (2026.03) | 2026-05-07: 영업(잠정)실적(공정공시)              ,3
NC,036570,3,OK,,연결재무제표기준영업(잠정)실적(공정공시)              (+3),,2026-05-15: 분기보고서 (2026.03) | 2026-05-14: 임원ㆍ주요주주특정증권등소유상황보고서 | 2026-05-13: 연결재무제표기준영업(잠정)실적(공정공시)               | 2026-05-08: 기업설명회(IR)개최(안내공시)               | 2026-04-28: 최대주주등소유주식변동신고서              ,6
한화시스템,272210,3,OK,,연결재무제표기준영업(잠정)실적(공정공시)              (+3),,2026-05-13: 분기보고서 (2026.03) | 2026-05-13: [기재정정]사업보고서 (2025.12) | 2026-05-08: 동일인등출자계열회사와의상품ㆍ용역거래변경 | 2026-05-07: 기업설명회(IR)개최(안내공시)               | 2026-04-27: 기업설명회(IR)개최(안내공시)              ,6
대한제강,084010,3,OK,,연결재무제표기준영업(잠정)실적(공정공시)              (+3),,2026-05-15: 분기보고서 (2026.03) | 2026-04-29: 연결재무제표기준영업(잠정)실적(공정공시)              ,2
SNT에너지,100840,3,OK,,연결재무제표기준영업(잠정)실적(공정공시)              (+3),,2026-05-14: 대표이사(대표집행임원)변경(안내공시)               | 2026-05-12: 분기보고서 (2026.03) | 2026-05-12: 현금ㆍ현물배당결정               | 2026-04-30: 연결재무제표기준영업(잠정)실적(공정공시)              ,4
아바코,083930,3,OK,,영업(잠정)실적(공정공시)              (+3),,2026-05-13: 분기보고서 (2026.03) | 2026-05-04: 영업(잠정)실적(공정공시)               | 2026-04-28: 신탁계약에의한취득상황보고서,3
두산,000150,3,OK,,연결재무제표기준영업(잠정)실적(공정공시)              (+3),,2026-05-15: 분기보고서 (2026.03) | 2026-05-14: 임원ㆍ주요주주특정증권등소유상황보고서 | 2026-05-07: 주식등의대량보유상황보고서(일반) | 2026-04-30: 특수관계인과의내부거래 | 2026-04-29: 연결재무제표기준영업(잠정)실적(공정공시)              ,9
아로마티카,0015N0,3,OK,,연결재무제표기준영업(잠정)실적(공정공시)              (+3),,2026-05-15: 분기보고서 (2026.03) | 2026-05-08: 연결재무제표기준영업(잠정)실적(공정공시)               | 2026-04-30: 결산실적공시예고              ,3
녹십자,006280,3,OK,,연결재무제표기준영업(잠정)실적(공정공시)              (+3),,2026-05-27: 주요사항보고서(타법인주식및출자증권양도결정) | 2026-05-15: 분기보고서 (2026.03) | 2026-05-11: 최대주주등소유주식변동신고서               | 2026-05-08: 연결재무제표기준영업(잠정)실적(공정공시)               | 2026-05-06: 투자판단관련주요경영사항              ,5
한국전력공사,015760,3,OK,,연결재무제표기준영업(잠정)실적(공정공시)              (+3),,2026-05-22: [기재정정]소송등의제기ㆍ신청(일정금액이상의청구)               | 2026-05-22: 소송등의제기ㆍ신청(일정금액이상의청구)               | 2026-05-21: 임시주주총회결과               | 2026-05-15: 분기보고서 (2026.03) | 2026-05-13: 연결재무제표기준영업(잠정)실적(공정공시)              ,13
교보16호스팩,482520,3,OK,,[기재정정]주요사항보고서(회사합병결정)(+3),,2026-05-15: 분기보고서 (2026.03) | 2026-05-11: [기재정정]주요사항보고서(회사합병결정),2
에이유브랜즈,481070,3,OK,,연결재무제표기준영업(잠정)실적(공정공시)              (+3),,2026-05-15: 분기보고서 (2026.03) | 2026-05-13: 연결재무제표기준영업실적등에대한전망(공정공시)               | 2026-05-13: 연결재무제표기준영업(잠정)실적(공정공시)               | 2026-05-12: 임원ㆍ주요주주특정증권등소유상황보고서 | 2026-05-12: 임원ㆍ주요주주특정증권등소유상황보고서,5
아진전자부품,009320,3,OK,,영업(잠정)실적(공정공시)              (+3),,2026-05-15: 분기보고서 (2026.03) | 2026-05-08: 영업(잠정)실적(공정공시)              ,2
시프트업,462870,3,OK,,연결재무제표기준영업(잠정)실적(공정공시)              (+3),,2026-05-14: 분기보고서 (2026.03) | 2026-05-11: 연결재무제표기준영업(잠정)실적(공정공시)              ,2
컴투스홀딩스,063080,3,OK,,연결재무제표기준영업(잠정)실적(공정공시)              (+3),,2026-05-21: 기업설명회(IR)개최               | 2026-05-15: 분기보고서 (2026.03) | 2026-05-13: 연결재무제표기준영업(잠정)실적(공정공시)              ,3
에이엘티,172670,3,OK,,유형자산취득결정(자율공시)              (+3),,2026-05-15: 분기보고서 (2026.03) | 2026-05-11: 유형자산취득결정(자율공시)               | 2026-05-04: 주식등의대량보유상황보고서(일반),3
에스원,012750,3,OK,,연결재무제표기준영업(잠정)실적(공정공시)              (+3),,2026-05-15: 분기보고서 (2026.03) | 2026-05-15: 동일인등출자계열회사와의상품ㆍ용역거래변경 | 2026-05-11: 기업설명회(IR)개최(안내공시)               | 2026-05-11: 최대주주등소유주식변동신고서               | 2026-05-11: 임원ㆍ주요주주특정증권등소유상황보고서,6
그래피,318060,3,OK,,연결재무제표기준영업(잠정)실적(공정공시)              (+3),,2026-05-20: 의결권대리행사권유참고서류 | 2026-05-20: 주주총회소집공고 | 2026-05-14: 분기보고서 (2026.03) | 2026-05-08: 조회공시요구(풍문또는보도)에대한답변(미확정)              (타법인 인수설에 대한 조회공시 답변) | 2026-05-07: 조회공시요구(풍문또는보도)              (타법인 인수설),6
애경산업,018250,3,OK,,연결재무제표기준영업(잠정)실적(공정공시)              (+3),,2026-05-20: [기재정정]주식등의대량보유상황보고서(일반) | 2026-05-15: 분기보고서 (2026.03) | 2026-05-11: 연결재무제표기준영업(잠정)실적(공정공시)               | 2026-05-06: 결산실적공시예고(안내공시)              ,4
GS글로벌,001250,3,OK,,연결재무제표기준영업(잠정)실적(공정공시)              (+3),,2026-05-14: 분기보고서 (2026.03) | 2026-05-12: 특수관계인에대한주식의처분 | 2026-05-12: 연결재무제표기준영업(잠정)실적(공정공시)               | 2026-04-30: 동일인등출자계열회사와의상품ㆍ용역거래변경 | 2026-04-30: 동일인등출자계열회사와의상품ㆍ용역거래변경,7
ISC,095340,3,OK,,연결재무제표기준영업(잠정)실적(공정공시)              (+3),,2026-05-18: [기재정정]지급수단별ㆍ지급기간별지급금액및분쟁조정기구에관한사항 | 2026-05-15: 분기보고서 (2026.03) | 2026-05-06: 기업설명회(IR)개최               | 2026-04-27: 연결재무제표기준영업(잠정)실적(공정공시)              ,4
실리콘투,257720,3,OK,,연결재무제표기준영업(잠정)실적(공정공시)              (+3),,2026-05-15: 기업설명회(IR)개최               | 2026-05-15: 분기보고서 (2026.03) | 2026-05-12: 연결재무제표기준영업(잠정)실적(공정공시)               | 2026-05-11: [기재정정]전환주식의전환청구권행사               | 2026-05-11: 결산실적공시예고              ,8
씨엠티엑스,388210,3,OK,,연결재무제표기준영업(잠정)실적(공정공시)              (+3),,2026-05-15: 분기보고서 (2026.03) | 2026-05-11: 연결재무제표기준영업(잠정)실적(공정공시)              ,2
비엠티,086670,3,OK,,연결재무제표기준영업(잠정)실적(공정공시)              (+3),,2026-05-18: 주식등의대량보유상황보고서(일반) | 2026-05-15: 분기보고서 (2026.03) | 2026-05-11: 연결재무제표기준영업(잠정)실적(공정공시)               | 2026-05-04: 기업설명회(IR)개최               | 2026-05-04: 기업설명회(IR)개최              ,6
LG헬로비전,037560,3,OK,,연결재무제표기준영업(잠정)실적(공정공시)              (+3),,2026-05-15: 분기보고서 (2026.03) | 2026-05-07: 연결재무제표기준영업(잠정)실적(공정공시)               | 2026-05-04: 증권발행실적보고서 | 2026-05-04: 투자설명서 | 2026-04-30: [발행조건확정]증권신고서(채무증권),8
한화손해보험,000370,3,OK,,영업(잠정)실적(공정공시)              (+3),,2026-05-21: 임원ㆍ주요주주특정증권등소유상황보고서 | 2026-05-21: 임원ㆍ주요주주특정증권등소유상황보고서 | 2026-05-21: 임원ㆍ주요주주특정증권등소유상황보고서 | 2026-05-14: 분기보고서 (2026.03) | 2026-05-12: 영업(잠정)실적(공정공시)              ,7
라온로보틱스,232680,3,OK,,영업(잠정)실적(공정공시)              (+3),,2026-05-27: 임원ㆍ주요주주특정증권등소유상황보고서 | 2026-05-22: 전환청구권행사               | 2026-05-19: 임원ㆍ주요주주특정증권등소유상황보고서 | 2026-05-14: 분기보고서 (2026.03) | 2026-04-30: 영업(잠정)실적(공정공시)              ,5
SNT다이내믹스,003570,3,OK,,연결재무제표기준영업(잠정)실적(공정공시)              (+3),,2026-05-12: 분기보고서 (2026.03) | 2026-05-12: [기재정정]현금ㆍ현물배당결정               | 2026-05-12: 현금ㆍ현물배당결정               | 2026-05-08: 주식등의대량보유상황보고서(약식) | 2026-04-30: 연결재무제표기준영업(잠정)실적(공정공시)              ,5
에코프로,086520,3,OK,,연결재무제표기준영업(잠정)실적(공정공시)              (+3),,2026-05-27: 주식등의대량보유상황보고서(일반) | 2026-05-19: 주식등의대량보유상황보고서(일반) | 2026-05-15: 분기보고서 (2026.03) | 2026-05-08: 주식등의대량보유상황보고서(일반) | 2026-05-07: 투자판단관련주요경영사항              (지주회사 적용예외),7
현대해상,001450,3,OK,,영업(잠정)실적(공정공시)              (+3),,2026-05-26: 특수관계인과의수익증권거래 | 2026-05-15: 분기보고서 (2026.03) | 2026-05-15: 영업(잠정)실적(공정공시)               | 2026-05-14: [첨부정정]기업지배구조보고서공시(연차보고서)               | 2026-05-04: 기업설명회(IR)개최(안내공시)              ,6
롯데정밀화학,004000,3,OK,,연결재무제표기준영업(잠정)실적(공정공시)              (+3),,2026-05-15: 분기보고서 (2026.03) | 2026-05-07: 최대주주등소유주식변동신고서               | 2026-04-28: 연결재무제표기준영업(잠정)실적(공정공시)              ,3
바이오니아,064550,3,OK,,연결재무제표기준영업(잠정)실적(공정공시)              (+3),,2026-05-15: 분기보고서 (2026.03) | 2026-04-30: 소속부변경               | 2026-04-30: 연결재무제표기준영업(잠정)실적(공정공시)              ,3
디어유,376300,3,OK,,연결재무제표기준영업(잠정)실적(공정공시)              (+3),,2026-05-15: 분기보고서 (2026.03) | 2026-05-06: 기업설명회(IR)개최               | 2026-05-06: 연결재무제표기준영업(잠정)실적(공정공시)               | 2026-04-29: 타법인주식및출자증권취득결정               | 2026-04-28: 주식등의대량보유상황보고서(일반),5
알테오젠,196170,3,OK,,연결재무제표기준영업(잠정)실적(공정공시)              (+3),,"2026-05-15: 분기보고서 (2026.03) | 2026-05-15: 투자판단관련주요경영사항              (아이젠피주(ALT-L9, 아일리아 바이오시밀러) 식약처 품목허가 승인) | 2026-05-08: 연결재무제표기준영업(잠정)실적(공정공시)              ",3
고스트스튜디오,950190,3,OK,,연결재무제표기준영업(잠정)실적(공정공시)              (+3),,2026-05-15: 분기보고서 (2026.03) | 2026-05-14: 연결재무제표기준영업(잠정)실적(공정공시)              ,2
신세계인터내셔날,031430,3,OK,,연결재무제표기준영업(잠정)실적(공정공시)              (+3),,2026-05-18: 기업설명회(IR)개최(안내공시)               | 2026-05-15: 분기보고서 (2026.03) | 2026-05-12: 연결재무제표기준영업(잠정)실적(공정공시)               | 2026-05-07: 결산실적공시예고(안내공시)              ,4
리노공업,058470,3,OK,,영업(잠정)실적(공정공시)              (+3),,2026-05-14: 분기보고서 (2026.03) | 2026-05-06: 영업(잠정)실적(공정공시)               | 2026-05-04: 주식등의대량보유상황보고서(약식),3
파트론,091700,3,OK,,연결재무제표기준영업(잠정)실적(공정공시)              (+3),,2026-05-15: 분기보고서 (2026.03) | 2026-04-30: 연결재무제표기준영업(잠정)실적(공정공시)               | 2026-04-29: 감자완료              ,3
NI스틸,008260,3,OK,,영업(잠정)실적(공정공시)              (+3),,2026-05-15: 분기보고서 (2026.03) | 2026-04-27: 영업(잠정)실적(공정공시)              ,2
세이브존I&C,067830,3,OK,,영업(잠정)실적(공정공시)              (+3),,2026-05-14: 분기보고서 (2026.03) | 2026-04-27: 영업(잠정)실적(공정공시)              ,2
엘앤에프,066970,3,OK,,연결재무제표기준영업(잠정)실적(공정공시)              (+3),,2026-05-27: 주식등의대량보유상황보고서(일반) | 2026-05-27: 금전대여결정               | 2026-05-15: 분기보고서 (2026.03) | 2026-05-14: 임원ㆍ주요주주특정증권등소유상황보고서 | 2026-05-11: 임원ㆍ주요주주특정증권등소유상황보고서,6
티케이지휴켐스,069260,3,OK,,연결재무제표기준영업(잠정)실적(공정공시)              (+3),,2026-05-15: 분기보고서 (2026.03) | 2026-05-08: 기업설명회(IR)개최(안내공시)               | 2026-05-08: 연결재무제표기준영업(잠정)실적(공정공시)               | 2026-04-27: 주식등의대량보유상황보고서(약식),4
케이티알파,036030,3,OK,,영업(잠정)실적(공정공시)              (+3),,2026-05-15: 분기보고서 (2026.03) | 2026-05-13: 의결권대리행사권유참고서류 | 2026-05-13: 주주총회소집공고 | 2026-05-08: 영업(잠정)실적(공정공시)               | 2026-05-07: 기업가치제고계획(자율공시)              ,5
티비에이치글로벌,084870,3,OK,,연결재무제표기준영업(잠정)실적(공정공시)              (+3),,2026-05-22: 신탁계약에의한취득상황보고서 | 2026-05-15: 임원ㆍ주요주주특정증권등소유상황보고서 | 2026-05-15: 주식등의대량보유상황보고서(일반) | 2026-05-15: 최대주주등소유주식변동신고서               | 2026-05-15: 분기보고서 (2026.03),8
코웨이,021240,3,OK,,연결재무제표기준영업(잠정)실적(공정공시)              (+3),,2026-05-27: 기업설명회(IR)개최(안내공시)               | 2026-05-20: 최대주주등소유주식변동신고서               | 2026-05-20: 임원ㆍ주요주주특정증권등소유상황보고서 | 2026-05-20: 임원ㆍ주요주주특정증권등소유상황보고서 | 2026-05-18: 주식등의대량보유상황보고서(일반),14
펄어비스,263750,3,OK,,연결재무제표기준영업(잠정)실적(공정공시)              (+3),,2026-05-26: 기업설명회(IR)개최               | 2026-05-15: 분기보고서 (2026.03) | 2026-05-12: [첨부정정]연결재무제표기준영업실적등에대한전망(공정공시)               | 2026-05-12: 연결재무제표기준영업실적등에대한전망(공정공시)               | 2026-05-12: 연결재무제표기준영업(잠정)실적(공정공시)              ,7
가온그룹,078890,3,OK,,연결재무제표기준영업(잠정)실적(공정공시)              (+3),,2026-05-15: 분기보고서 (2026.03) | 2026-05-12: 타인에대한채무보증결정               | 2026-05-07: 연결재무제표기준영업(잠정)실적(공정공시)               | 2026-04-30: 타인에대한채무보증결정              ,4
마녀공장,439090,3,OK,,연결재무제표기준영업(잠정)실적(공정공시)              (+3),,2026-05-15: 분기보고서 (2026.03) | 2026-05-08: 연결재무제표기준영업(잠정)실적(공정공시)               | 2026-04-30: 소속부변경              ,3
바이오포트,188040,3,OK,,연결재무제표기준영업(잠정)실적(공정공시)              (+3),,2026-05-15: 분기보고서 (2026.03) | 2026-04-28: 연결재무제표기준영업(잠정)실적(공정공시)              ,2
KG케미칼,001390,3,OK,,연결재무제표기준영업(잠정)실적(공정공시)              (+3),,2026-05-15: 분기보고서 (2026.03) | 2026-05-07: 연결재무제표기준영업(잠정)실적(공정공시)               | 2026-05-06: 자기주식취득결과보고서 | 2026-04-30: [기재정정]현금ㆍ현물배당결정               | 2026-04-27: 기업설명회(IR)개최(안내공시)              ,5
HS효성,487570,3,OK,,연결재무제표기준영업(잠정)실적(공정공시)              (+3),,2026-05-19: 타인에대한채무보증결정(자회사의 주요경영사항)               | 2026-05-15: 타인에대한채무보증결정(자회사의 주요경영사항)               | 2026-05-15: 분기보고서 (2026.03) | 2026-05-14: 타인에대한채무보증결정               | 2026-05-08: 타인에대한채무보증결정(자회사의 주요경영사항)              ,7
에코프로비엠,247540,3,OK,,연결재무제표기준영업(잠정)실적(공정공시)              (+3),,2026-05-26: 기업설명회(IR)개최               | 2026-05-21: 기업설명회(IR)개최               | 2026-05-20: 주식등의대량보유상황보고서(일반) | 2026-05-15: 분기보고서 (2026.03) | 2026-05-08: 주식등의대량보유상황보고서(일반),8
한솔홈데코,025750,3,OK,,연결재무제표기준영업(잠정)실적(공정공시)              (+3),,2026-05-27: 대규모기업집단현황공시[연1회공시및1/4분기용(개별회사)] | 2026-05-21: 주식등의대량보유상황보고서(일반) | 2026-05-19: [기재정정]지급수단별ㆍ지급기간별지급금액및분쟁조정기구에관한사항 | 2026-05-18: 최대주주등소유주식변동신고서               | 2026-05-18: 임원ㆍ주요주주특정증권등소유상황보고서,8
모다이노칩,080420,3,OK,,[기재정정]주요사항보고서(회사합병결정)(+3),,2026-05-15: 분기보고서 (2026.03) | 2026-05-11: [기재정정]주주총회소집결의               | 2026-05-11: [기재정정]주주명부폐쇄기간또는기준일설정               | 2026-05-11: [기재정정]주요사항보고서(회사합병결정) | 2026-05-07: [기재정정]주주총회소집결의              (임시주주총회),8
두산밥캣,241560,3,OK,,연결재무제표기준영업(잠정)실적(공정공시)              (+3),,2026-05-21: 해산사유발생(자회사의 주요경영사항)               | 2026-05-14: 분기보고서 (2026.03) | 2026-05-08: 주식등의대량보유상황보고서(약식) | 2026-04-29: 공정거래자율준수프로그램운영현황(안내공시)(자회사의 주요경영사항)               | 2026-04-28: 현금ㆍ현물배당을위한주주명부폐쇄(기준일)결정              ,7
KG모빌리티,003620,3,OK,,영업(잠정)실적(공정공시)              (+3),,2026-05-15: 분기보고서 (2026.03) | 2026-05-04: 영업(잠정)실적(공정공시)              ,2
헥토이노베이션,214180,3,OK,,연결재무제표기준영업(잠정)실적(공정공시)              (+3),,2026-05-15: 분기보고서 (2026.03) | 2026-05-08: 연결재무제표기준영업(잠정)실적(공정공시)               | 2026-04-30: 주식등의대량보유상황보고서(일반),3
텔레칩스,054450,3,OK,,연결재무제표기준영업(잠정)실적(공정공시)              (+3),,2026-05-22: 임원ㆍ주요주주특정증권등소유상황보고서 | 2026-05-15: 분기보고서 (2026.03) | 2026-05-12: 임원ㆍ주요주주특정증권등소유상황보고서 | 2026-05-12: 임원ㆍ주요주주특정증권등소유상황보고서 | 2026-05-12: 임원ㆍ주요주주특정증권등소유상황보고서,8
두산로보틱스,454910,3,OK,,연결재무제표기준영업(잠정)실적(공정공시)              (+3),,2026-05-15: 분기보고서 (2026.03) | 2026-05-11: 기업설명회(IR)개최(안내공시)               | 2026-05-06: 기업설명회(IR)개최(안내공시)               | 2026-04-28: 연결재무제표기준영업(잠정)실적(공정공시)              ,4
한전기술,052690,3,OK,,연결재무제표기준영업(잠정)실적(공정공시)              (+3),,2026-05-19: 임시주주총회결과               | 2026-05-15: 분기보고서 (2026.03) | 2026-05-15: 기업지배구조보고서공시               | 2026-05-13: 주주총회소집공고 | 2026-05-13: [기재정정]주주총회소집결의              ,9
엠앤씨솔루션,484870,3,OK,,영업(잠정)실적(공정공시)              (+3),,2026-05-15: 분기보고서 (2026.03) | 2026-05-12: 주주명부폐쇄기간또는기준일설정               | 2026-05-12: 주주총회소집결의               | 2026-05-12: 영업(잠정)실적(공정공시)               | 2026-05-07: 기업설명회(IR)개최(안내공시)              ,6
F&F,383220,3,OK,,연결재무제표기준영업(잠정)실적(공정공시)              (+3),,2026-05-15: 분기보고서 (2026.03) | 2026-04-30: 기업가치제고계획(자율공시)              ((2025년 이행현황 및 2026년 기업가치제고계획)) | 2026-04-30: 연결재무제표기준영업(잠정)실적(공정공시)              ,3
신세계I&C,035510,3,OK,,연결재무제표기준영업(잠정)실적(공정공시)              (+3),,2026-05-15: 분기보고서 (2026.03) | 2026-05-14: 동일인등출자계열회사와의상품ㆍ용역거래변경 | 2026-05-08: 연결재무제표기준영업(잠정)실적(공정공시)               | 2026-04-28: [기재정정]유형자산처분결정              ,4
SK리츠,395400,3,OK,,영업(잠정)실적(공정공시)              (+3),,2026-05-21: 임원ㆍ주요주주특정증권등소유상황보고서 | 2026-05-21: 부동산투자회사자금차입               | 2026-05-21: 부동산투자회사자금차입               | 2026-05-14: 임원ㆍ주요주주특정증권등소유상황보고서 | 2026-05-08: 임원ㆍ주요주주특정증권등소유상황보고서,10
케이티앤지,033780,3,OK,,연결재무제표기준영업(잠정)실적(공정공시)              (+3),,2026-05-27: 주식등의대량보유상황보고서(약식) | 2026-05-15: 분기보고서 (2026.03) | 2026-05-12: 영업정지(종속회사의주요경영사항)               | 2026-05-08: 주식등의대량보유상황보고서(약식) | 2026-05-07: 특수관계인에대한출자,7
송원산업,004430,3,OK,,연결재무제표기준영업(잠정)실적(공정공시)              (+3),,2026-05-13: 분기보고서 (2026.03) | 2026-04-28: 연결재무제표기준영업(잠정)실적(공정공시)              ,2
티쓰리,204610,3,OK,,연결재무제표기준영업(잠정)실적(공정공시)              (+3),,2026-05-22: [기재정정]현금ㆍ현물배당결정              (분기배당) | 2026-05-22: 자기주식취득결과보고서 | 2026-05-15: 분기보고서 (2026.03) | 2026-05-08: 연결재무제표기준영업(잠정)실적(공정공시)               | 2026-04-30: 중간(분기)배당을위한주주명부폐쇄(기준일)결정              ,6
시노펙스,025320,3,OK,,[첨부정정]주요사항보고서(회사합병결정)(+3),,2026-05-15: 분기보고서 (2026.03) | 2026-05-13: [첨부정정]주요사항보고서(회사합병결정) | 2026-05-08: 기업설명회(IR)개최              ,3
웹젠,069080,3,OK,,연결재무제표기준영업(잠정)실적(공정공시)              (+3),,2026-05-15: 분기보고서 (2026.03) | 2026-05-12: 연결재무제표기준영업(잠정)실적(공정공시)               | 2026-05-04: 감자완료               | 2026-04-30: [기재정정]주식매수선택권부여에관한신고 | 2026-04-30: [기재정정]주식매수선택권부여에관한신고,9
KZ정밀,036560,3,OK,,영업(잠정)실적(공정공시)              (+3),,2026-05-15: 분기보고서 (2026.03) | 2026-05-07: 영업(잠정)실적(공정공시)               | 2026-04-27: 임원ㆍ주요주주특정증권등소유상황보고서,3
케이엔더블유,105330,3,OK,,연결재무제표기준영업(잠정)실적(공정공시)              (+3),,2026-05-15: 분기보고서 (2026.03) | 2026-05-07: 연결재무제표기준영업(잠정)실적(공정공시)               | 2026-04-27: 감자완료              ,3
대웅제약,069620,3,OK,,영업(잠정)실적(공정공시)              (+3),,2026-05-26: 투자판단관련주요경영사항              (엔블로젬(Envlozem)의 국내 품목허가 신청) | 2026-05-26: 투자판단관련주요경영사항              (엔블로정(Envlo) 0.3mg 멕시코 품목허가 승인) | 2026-05-21: 투자판단관련주요경영사항              (비만치료용 세마글루타이드(4주 장기지속형 주사제) 기술도입 계약 체결) | 2026-05-20: [기재정정]투자판단관련주요경영사항              (mRNA 기반 Epigenetic Reprogramming of Aging (ERA) 기술이전 계약 지위 승계) | 2026-05-15: 분기보고서 (2026.03),9
코렌텍,104540,3,OK,,연결재무제표기준영업(잠정)실적(공정공시)              (+3),,2026-05-27: 주식등의대량보유상황보고서(일반) | 2026-05-26: 전환주식의전환청구권행사              (상환전환우선주) | 2026-05-15: 분기보고서 (2026.03) | 2026-05-08: 연결재무제표기준영업(잠정)실적(공정공시)              ,4
삼성SDI,006400,3,OK,,연결재무제표기준영업(잠정)실적(공정공시)              (+3),,2026-05-15: 분기보고서 (2026.03) | 2026-05-11: 최대주주등소유주식변동신고서               | 2026-04-28: 특수관계인에대한증여 | 2026-04-28: 연결재무제표기준영업(잠정)실적(공정공시)              ,4
하나투어,039130,3,OK,,연결재무제표기준영업(잠정)실적(공정공시)              (+3),,2026-05-20: 풍문또는보도에대한해명               | 2026-05-15: 임원ㆍ주요주주특정증권등소유상황보고서 | 2026-05-15: 분기보고서 (2026.03) | 2026-05-13: 연결재무제표기준영업(잠정)실적(공정공시)               | 2026-05-06: 결산실적공시예고(안내공시)              ,5
중앙백신,072020,3,OK,,영업(잠정)실적(공정공시)              (+3),,2026-05-15: 분기보고서 (2026.03) | 2026-05-06: 영업(잠정)실적(공정공시)               | 2026-04-29: 임원ㆍ주요주주특정증권등소유상황보고서 | 2026-04-28: 임원ㆍ주요주주특정증권등소유상황보고서,4
대신증권,003540,3,OK,,연결재무제표기준영업(잠정)실적(공정공시)              (+3),,2026-05-27: 대규모기업집단현황공시[연1회(동일인용)] | 2026-05-27: 대규모기업집단현황공시[연1회공시및1/4분기용(대표회사)] | 2026-05-26: 투자설명서(일괄신고) | 2026-05-26: 일괄신고추가서류(파생결합사채-주가연계파생결합사채) | 2026-05-26: 투자설명서(일괄신고),73
LX하우시스,108670,3,OK,,연결재무제표기준영업(잠정)실적(공정공시)              (+3),,2026-05-22: [기재정정]타인에대한채무보증결정               | 2026-05-14: 분기보고서 (2026.03) | 2026-04-30: 타인에대한채무보증결정               | 2026-04-30: 연결재무제표기준영업(잠정)실적(공정공시)               | 2026-04-27: 결산실적공시예고(안내공시)              ,5
CJ제일제당,097950,3,OK,,연결재무제표기준영업(잠정)실적(공정공시)              (+3),,2026-05-15: 분기보고서 (2026.03) | 2026-05-12: 연결재무제표기준영업(잠정)실적(공정공시)               | 2026-05-11: 동일인등출자계열회사와의상품ㆍ용역거래 | 2026-05-11: 동일인등출자계열회사와의상품ㆍ용역거래변경 | 2026-05-11: 동일인등출자계열회사와의상품ㆍ용역거래변경,8
위메이드맥스,101730,3,OK,,연결재무제표기준영업(잠정)실적(공정공시)              (+3),,2026-05-15: 분기보고서 (2026.03) | 2026-05-12: 연결재무제표기준영업(잠정)실적(공정공시)               | 2026-05-04: 주식등의대량보유상황보고서(일반) | 2026-04-30: 소속부변경              ,4
레드캡투어,038390,3,OK,,연결재무제표기준영업(잠정)실적(공정공시)              (+3),,2026-05-15: 분기보고서 (2026.03) | 2026-05-12: 기업설명회(IR)개최               | 2026-05-07: 연결재무제표기준영업(잠정)실적(공정공시)               | 2026-05-06: 기업설명회(IR)개최               | 2026-04-27: 결산실적공시예고              ,5
기산텔레콤,035460,3,OK,,[기재정정]유형자산취득결정              (+3),,2026-05-15: 임원ㆍ주요주주특정증권등소유상황보고서 | 2026-05-15: 임원ㆍ주요주주특정증권등소유상황보고서 | 2026-05-15: 임원ㆍ주요주주특정증권등소유상황보고서 | 2026-05-15: 임원ㆍ주요주주특정증권등소유상황보고서 | 2026-05-15: 임원ㆍ주요주주특정증권등소유상황보고서,11
파마리서치,214450,3,OK,,연결재무제표기준영업(잠정)실적(공정공시)              (+3),,2026-05-15: 분기보고서 (2026.03) | 2026-05-08: 연결재무제표기준영업(잠정)실적(공정공시)               | 2026-05-06: 기업설명회(IR)개최               | 2026-04-27: 결산실적공시예고              ,4
LIG디펜스앤에어로스페이스,079550,3,OK,,연결재무제표기준영업(잠정)실적(공정공시)              (+3),,2026-05-22: 기업설명회(IR)개최(안내공시)               | 2026-05-15: 분기보고서 (2026.03) | 2026-05-07: 연결재무제표기준영업(잠정)실적(공정공시)               | 2026-05-07: 동일인등출자계열회사와의상품ㆍ용역거래변경 | 2026-05-07: 동일인등출자계열회사와의상품ㆍ용역거래변경,9
KG파이낸셜,046440,3,OK,,연결재무제표기준영업(잠정)실적(공정공시)              (+3),,2026-05-14: 기업설명회(IR)개최               | 2026-05-14: 분기보고서 (2026.03) | 2026-05-14: 임원ㆍ주요주주특정증권등소유상황보고서 | 2026-05-06: 연결재무제표기준영업(잠정)실적(공정공시)               | 2026-04-28: 기업설명회(IR)개최              ,5
GC메디아이,032620,3,OK,,연결재무제표기준영업(잠정)실적(공정공시)              (+3),,2026-05-20: 임원ㆍ주요주주특정증권등소유상황보고서 | 2026-05-20: 주식등의대량보유상황보고서(일반) | 2026-05-19: 기업설명회(IR)개최               | 2026-05-15: 분기보고서 (2026.03) | 2026-05-11: 연결재무제표기준영업실적등에대한전망(공정공시)              ,8
KT나스미디어,089600,3,OK,,영업(잠정)실적(공정공시)              (+3),,2026-05-22: 임시주주총회결과               | 2026-05-15: 분기보고서 (2026.03) | 2026-05-13: 신탁계약에의한취득상황보고서 | 2026-05-07: 의결권대리행사권유참고서류 | 2026-05-07: 주주총회소집공고,7
폰드그룹,472850,3,OK,,연결재무제표기준영업(잠정)실적(공정공시)              (+3),,2026-05-15: 분기보고서 (2026.03) | 2026-04-29: 현금ㆍ현물배당결정              (분기배당) | 2026-04-29: 연결재무제표기준영업(잠정)실적(공정공시)               | 2026-04-28: 주식등의대량보유상황보고서(일반),4
카카오뱅크,323410,3,OK,,영업(잠정)실적(공정공시)              (+3),,2026-05-15: 분기보고서 (2026.03) | 2026-05-14: 기업설명회(IR)개최(안내공시)               | 2026-05-08: [기재정정]임원ㆍ주요주주특정증권등소유상황보고서 | 2026-05-06: 영업(잠정)실적(공정공시)               | 2026-05-04: 기업설명회(IR)개최(안내공시)              ,6
케어젠,214370,3,OK,,연결재무제표기준영업(잠정)실적(공정공시)              (+3),,2026-05-27: 임원ㆍ주요주주특정증권등소유상황보고서 | 2026-05-21: 주식등의대량보유상황보고서(일반) | 2026-05-13: 분기보고서 (2026.03) | 2026-04-30: 연결재무제표기준영업(잠정)실적(공정공시)               | 2026-04-28: 임원ㆍ주요주주특정증권등소유상황보고서,5
현대리바트,079430,3,OK,,연결재무제표기준영업(잠정)실적(공정공시)              (+3),,2026-05-15: 분기보고서 (2026.03) | 2026-05-11: 기업설명회(IR)개최(안내공시)               | 2026-05-08: 연결재무제표기준영업(잠정)실적(공정공시)               | 2026-04-29: 결산실적공시예고(안내공시)              ,4
이엠텍,091120,4,OK,,[첨부정정]주요사항보고서(회사합병결정)(+3) | [첨부정정]주요사항보고서(회사합병결정)(+3) | 주요사항보고서(회사합병결정)(+3),[기재정정]최대주주변경을수반하는주식담보제공계약체결              (-5),2026-05-27: [첨부정정]주요사항보고서(회사합병결정) | 2026-05-26: [첨부정정]주요사항보고서(회사합병결정) | 2026-05-22: 주주명부폐쇄기간또는기준일설정               | 2026-05-22: 주요사항보고서(회사합병결정) | 2026-05-15: 분기보고서 (2026.03),8
필에너지,378340,5,OK,,단일판매ㆍ공급계약체결              (+5),,2026-05-22: [기재정정]신규시설투자등               | 2026-05-14: 분기보고서 (2026.03) | 2026-05-13: 단일판매ㆍ공급계약체결               | 2026-05-11: 기업설명회(IR)개최               | 2026-05-08: 임원ㆍ주요주주특정증권등소유상황보고서,6
토마토시스템,393210,5,OK,,[기재정정]단일판매ㆍ공급계약체결              (+5),,2026-05-20: [기재정정]단일판매ㆍ공급계약체결               | 2026-05-13: 분기보고서 (2026.03),2
수산인더스트리,126720,5,OK,,[기재정정]단일판매ㆍ공급계약체결              (+5),,2026-05-15: 분기보고서 (2026.03) | 2026-04-28: [기재정정]단일판매ㆍ공급계약체결              ,2
엔알비,475230,5,OK,,[기재정정]단일판매ㆍ공급계약체결              (+5),,2026-05-18: [기재정정]분기보고서 (2026.03) | 2026-05-15: [기재정정]분기보고서 (2026.03) | 2026-05-15: 분기보고서 (2026.03) | 2026-04-27: [기재정정]단일판매ㆍ공급계약체결              ,4
에스프리즘,288620,5,OK,,단일판매ㆍ공급계약체결              (+5),,2026-05-15: 분기보고서 (2026.03) | 2026-05-14: 단일판매ㆍ공급계약체결              ,2
노타,486990,5,OK,,단일판매ㆍ공급계약체결              (+5),,2026-05-15: 분기보고서 (2026.03) | 2026-05-06: 단일판매ㆍ공급계약체결              ,2
노을,376930,5,OK,,[기재정정]단일판매ㆍ공급계약체결              (+5),,2026-05-22: 임원ㆍ주요주주특정증권등소유상황보고서 | 2026-05-18: 기업설명회(IR)개최               | 2026-05-15: 분기보고서 (2026.03) | 2026-05-15: 주식등의대량보유상황보고서(일반) | 2026-05-15: 임원ㆍ주요주주특정증권등소유상황보고서,11
제이티,089790,5,OK,,단일판매ㆍ공급계약체결              (+5),,2026-05-22: 주식매수선택권부여에관한신고 | 2026-05-19: 단일판매ㆍ공급계약체결               | 2026-05-15: 분기보고서 (2026.03) | 2026-05-04: 주식매수선택권부여에관한신고,4
케일럼,258610,5,OK,,[기재정정]단일판매ㆍ공급계약체결              (+5),,2026-05-27: [기재정정]단일판매ㆍ공급계약체결               | 2026-05-15: 분기보고서 (2026.03),2
산돌,419120,5,OK,,[기재정정]주식소각결정              (+5),,2026-05-18: [기재정정]주식소각결정               | 2026-05-15: 분기보고서 (2026.03) | 2026-05-13: [기재정정]현금ㆍ현물배당결정               | 2026-05-08: 자기주식취득결과보고서,4
이엘피,063760,5,OK,,단일판매ㆍ공급계약체결              (+5),,2026-05-15: 분기보고서 (2026.03) | 2026-05-15: 현금ㆍ현물배당결정              (분기배당) | 2026-05-08: 단일판매ㆍ공급계약체결              ,3
엠게임,058630,5,OK,,주요사항보고서(자기주식취득결정)(+5),,2026-05-15: 분기보고서 (2026.03) | 2026-05-14: 주요사항보고서(자기주식취득결정),2
백산,035150,5,OK,,주요사항보고서(자기주식취득결정)(+5),,2026-05-13: 주요사항보고서(자기주식취득결정) | 2026-05-12: 분기보고서 (2026.03),2
범한퓨얼셀,382900,5,OK,,단일판매ㆍ공급계약체결              (+5),,2026-05-20: 주식등의대량보유상황보고서(일반) | 2026-05-15: 분기보고서 (2026.03) | 2026-05-15: 임원ㆍ주요주주특정증권등소유상황보고서 | 2026-04-30: 단일판매ㆍ공급계약체결              ,4
비츠로셀,082920,5,OK,,단일판매ㆍ공급계약체결(자율공시)              (+5),,2026-05-26: 단일판매ㆍ공급계약체결(자율공시)               | 2026-05-14: 소송등의제기ㆍ신청(일정금액이상의청구)               | 2026-05-12: 분기보고서 (2026.03) | 2026-04-28: 주식등의대량보유상황보고서(약식),4
스튜디오미르,408900,5,OK,,단일판매ㆍ공급계약체결              (+5),,2026-05-15: 분기보고서 (2026.03) | 2026-04-29: 단일판매ㆍ공급계약체결              ,2
아모텍,052710,5,OK,,주식소각결정              (+5),,2026-05-22: 증권신고서(지분증권) | 2026-05-22: 주요사항보고서(유무상증자결정) | 2026-05-15: 분기보고서 (2026.03) | 2026-05-14: 의결권대리행사권유참고서류 | 2026-05-14: 주주총회소집공고,6
유비쿼스홀딩스,078070,5,OK,,주식소각결정              (+5),,2026-05-15: 분기보고서 (2026.03) | 2026-05-13: 주식소각결정              ,2
엑세스바이오,950130,5,OK,,[기재정정]주식소각결정              (+5),,2026-05-15: 분기보고서 (2026.03) | 2026-04-30: [기재정정]주식소각결정              ,2
세아제강지주,003030,5,OK,,[기재정정]단일판매ㆍ공급계약체결(자회사의 주요경영사항)              (+5),,2026-05-15: 분기보고서 (2026.03) | 2026-04-29: [기재정정]단일판매ㆍ공급계약체결(자회사의 주요경영사항)              ,2
더존비즈온,012510,5,OK,,[첨부추가]주식소각결정              (+5),,2026-05-22: 최대주주등소유주식변동신고서               | 2026-05-19: 기업설명회(IR)개최(안내공시)               | 2026-05-19: [기재정정]주요사항보고서(주식교환ㆍ이전결정) | 2026-05-15: 정정명령부과( 2026.05.11. 제출 주요사항보고서(주식교환ㆍ이전 결정) ) | 2026-05-15: 주식등의대량보유상황보고서(일반),17
아우토크립트,331740,5,OK,,단일판매ㆍ공급계약체결              (+5),,2026-05-20: 의결권대리행사권유참고서류 | 2026-05-20: 주주총회소집공고 | 2026-05-18: 단일판매ㆍ공급계약체결               | 2026-05-15: 분기보고서 (2026.03),4
코윈테크,282880,5,OK,,단일판매ㆍ공급계약체결(자율공시)              (+5),,2026-05-15: 분기보고서 (2026.03) | 2026-04-30: 단일판매ㆍ공급계약체결(자율공시)              ,2
와이랩,432430,5,OK,,단일판매ㆍ공급계약체결              (+5),,2026-05-20: 주주명부폐쇄기간또는기준일설정               | 2026-05-20: 주주총회소집결의              (임시주주총회) | 2026-05-15: 분기보고서 (2026.03) | 2026-05-15: 주식등의대량보유상황보고서(일반) | 2026-04-30: 주식등의대량보유상황보고서(일반),6
유바이오로직스,206650,5,OK,,단일판매ㆍ공급계약체결(자율공시)              (+5),,2026-05-19: 단일판매ㆍ공급계약체결(자율공시)               | 2026-05-14: 분기보고서 (2026.03) | 2026-04-30: 소속부변경               | 2026-04-30: 임원ㆍ주요주주특정증권등소유상황보고서,4
엠오티,413390,5,OK,,단일판매ㆍ공급계약체결              (+5),,2026-05-18: 단일판매ㆍ공급계약체결               | 2026-05-15: 분기보고서 (2026.03),2
탑머티리얼,360070,5,OK,,단일판매ㆍ공급계약체결              (+5),,2026-05-15: 단일판매ㆍ공급계약체결               | 2026-05-15: 분기보고서 (2026.03) | 2026-05-12: 임원ㆍ주요주주특정증권등소유상황보고서 | 2026-04-30: 소속부변경              ,4
액스비스,0011A0,5,OK,,단일판매ㆍ공급계약체결              (+5),,2026-05-26: 신규시설투자등               | 2026-05-21: 기타경영사항(자율공시)              (국책과제 선정(산업통상자원부 주관 Multi-junction 기반 고출력 표면발광 레이저(VCSEL)을 활용한 고효율 배터리 전극 건조 시스템 개발)) | 2026-05-20: 단일판매ㆍ공급계약체결               | 2026-05-14: 분기보고서 (2026.03),4
나노씨엠에스,247660,5,OK,,[기재정정]단일판매ㆍ공급계약체결              (+5),,2026-05-14: 분기보고서 (2026.03) | 2026-04-30: [기재정정]단일판매ㆍ공급계약체결              ,2
오스템,031510,5,OK,,주식소각결정              (+5),,2026-05-26: 주식소각결정               | 2026-05-15: 분기보고서 (2026.03),2
제이엔케이글로벌,126880,5,OK,,단일판매ㆍ공급계약체결              (+5),,2026-05-21: 단일판매ㆍ공급계약체결               | 2026-05-15: 분기보고서 (2026.03),2
태성,323280,5,OK,,단일판매ㆍ공급계약체결              (+5),,2026-05-19: 단일판매ㆍ공급계약체결               | 2026-05-15: 분기보고서 (2026.03),2
사피엔반도체,452430,5,OK,,[기재정정]단일판매ㆍ공급계약체결              (+5),,2026-05-27: [기재정정]단일판매ㆍ공급계약체결               | 2026-05-14: 분기보고서 (2026.03) | 2026-05-12: 임원ㆍ주요주주특정증권등소유상황보고서 | 2026-04-29: 임원ㆍ주요주주특정증권등소유상황보고서 | 2026-04-28: 임원ㆍ주요주주특정증권등소유상황보고서,10
야스,255440,5,OK,,단일판매ㆍ공급계약체결              (+5),,2026-05-26: 단일판매ㆍ공급계약체결               | 2026-05-22: 주식등의대량보유상황보고서(일반) | 2026-05-15: 분기보고서 (2026.03) | 2026-05-06: 주식등의대량보유상황보고서(일반),4
쎄크,081180,5,OK,,단일판매ㆍ공급계약체결              (+5),,2026-05-20: 기업설명회(IR)개최               | 2026-05-15: 분기보고서 (2026.03) | 2026-05-13: 단일판매ㆍ공급계약체결              ,3
한양증권,001750,5,OK,,주식소각결정              (+5),,2026-05-21: 임원ㆍ주요주주특정증권등소유상황보고서 | 2026-05-15: 분기보고서 (2026.03) | 2026-04-29: 주식소각결정               | 2026-04-27: 임원ㆍ주요주주특정증권등소유상황보고서,4
한솔케미칼,014680,5,OK,,[기재정정]주요사항보고서(자기주식취득결정)(+5) | 주식소각결정              (+5) | 주요사항보고서(자기주식취득결정)(+5),주요사항보고서(자기주식처분결정)(-10),2026-05-27: 자기주식처분결과보고서 | 2026-05-27: 대규모기업집단현황공시[연1회공시및1/4분기용(개별회사)] | 2026-05-22: 임원ㆍ주요주주특정증권등소유상황보고서 | 2026-05-19: 주식등의대량보유상황보고서(약식) | 2026-05-18: [기재정정]주요사항보고서(자기주식취득결정),11
매커스,093520,5,OK,,주식소각결정              (+5),,2026-05-14: 분기보고서 (2026.03) | 2026-04-27: 주식소각결정               | 2026-04-27: 자기주식취득결과보고서,3
한국내화,010040,5,OK,,[기재정정]단일판매ㆍ공급계약체결              (+5),,2026-05-20: 최대주주등소유주식변동신고서               | 2026-05-15: 분기보고서 (2026.03) | 2026-04-30: [기재정정]단일판매ㆍ공급계약체결              ,3
비트컴퓨터,032850,5,OK,,주요사항보고서(자기주식취득결정)(+5),,2026-05-22: 임원ㆍ주요주주특정증권등소유상황보고서 | 2026-05-22: 임원ㆍ주요주주특정증권등소유상황보고서 | 2026-05-15: 분기보고서 (2026.03) | 2026-05-14: 주요사항보고서(자기주식취득결정) | 2026-05-12: 임원ㆍ주요주주특정증권등소유상황보고서,6
피아이이,452450,5,OK,,단일판매ㆍ공급계약체결              (+5),,2026-05-14: 분기보고서 (2026.03) | 2026-05-06: 기업설명회(IR)개최               | 2026-04-29: 주식등의대량보유상황보고서(일반) | 2026-04-29: [기재정정]주식등의대량보유상황보고서(일반) | 2026-04-27: 단일판매ㆍ공급계약체결              ,5
도화엔지니어링,002150,5,OK,,[기재정정]단일판매ㆍ공급계약체결              (+5),,2026-05-26: 최대주주등소유주식변동신고서               | 2026-05-26: 임원ㆍ주요주주특정증권등소유상황보고서 | 2026-05-14: 분기보고서 (2026.03) | 2026-05-08: [기재정정]타인에대한채무보증결정               | 2026-05-08: 단일판매ㆍ공급계약해지              ,6
미스토홀딩스,081660,5,OK,,주요사항보고서(자기주식취득결정)(+5),,2026-05-27: 주식등의대량보유상황보고서(일반) | 2026-05-27: 기업지배구조보고서공시               | 2026-05-19: 최대주주등소유주식변동신고서               | 2026-05-15: 분기보고서 (2026.03) | 2026-05-13: 주요사항보고서(자기주식취득결정),8
트레스,102210,5,OK,,주요사항보고서(자기주식취득결정)(+5),,2026-05-15: 분기보고서 (2026.03) | 2026-05-06: 주요사항보고서(자기주식취득결정),2
오픈엣지테크놀로지,394280,5,OK,,[기재정정]단일판매ㆍ공급계약체결              (+5),,2026-05-27: [기재정정]단일판매ㆍ공급계약체결               | 2026-05-15: 기업설명회(IR)개최               | 2026-05-15: 기업설명회(IR)개최               | 2026-05-15: [기재정정]주식매수선택권부여에관한신고 | 2026-05-15: [기재정정]주식매수선택권부여에관한신고,7
베노티앤알,206400,5,OK,,단일판매ㆍ공급계약체결              (+5),,2026-05-20: 단일판매ㆍ공급계약체결               | 2026-05-15: 분기보고서 (2026.03) | 2026-05-06: 불성실공시법인미지정              (지정유예),3
금양,001570,5,OK,,[기재정정]단일판매ㆍ공급계약체결              (+5),,2026-05-21: 기타경영사항(자율공시)              (상장폐지결정 효력정지 가처분 신청) | 2026-05-20: 기타시장안내              (상장·공시위원회 결과) | 2026-05-15: 분기보고서 (2026.03) | 2026-04-30: [기재정정]단일판매ㆍ공급계약체결               | 2026-04-27: 소송등의판결ㆍ결정(일정금액이상의청구)              ,5
선도전기,007610,5,OK,,[기재정정]단일판매ㆍ공급계약체결              (+5),,2026-05-27: [기재정정]단일판매ㆍ공급계약체결               | 2026-05-15: 최대주주등소유주식변동신고서               | 2026-05-15: 주식등의대량보유상황보고서(일반) | 2026-05-13: 분기보고서 (2026.03) | 2026-04-28: 기타경영사항(자율공시)              ,6
이노진,344860,5,OK,,주요사항보고서(자기주식취득결정)(+5),,2026-05-19: 주요사항보고서(자기주식취득결정) | 2026-05-14: 분기보고서 (2026.03),2
세아홀딩스,058650,5,OK,,주요사항보고서(자기주식취득결정)(+5),,2026-05-20: 공개매수에관한의견표명서 | 2026-05-20: 공개매수설명서 | 2026-05-20: 공개매수신고서 | 2026-05-19: 주요사항보고서(자기주식취득결정) | 2026-05-15: 분기보고서 (2026.03),5
유안타증권,003470,5,OK,,주식소각결정              (+5),,2026-05-27: 임원ㆍ주요주주특정증권등소유상황보고서 | 2026-05-22: 투자설명서(일괄신고) | 2026-05-22: 일괄신고추가서류(파생결합증권-주가연계증권) | 2026-05-20: 투자설명서(일괄신고) | 2026-05-20: 일괄신고추가서류(파생결합증권-주가연계증권),28
제이엠아이,033050,5,OK,,주식소각결정              (+5),,2026-05-18: 주식소각결정               | 2026-05-14: 분기보고서 (2026.03) | 2026-05-08: 임원ㆍ주요주주특정증권등소유상황보고서 | 2026-04-30: 소속부변경               | 2026-04-29: 임원ㆍ주요주주특정증권등소유상황보고서,6
영원무역홀딩스,009970,5,OK,,주식소각결정              (+5),,2026-05-21: 투자판단관련주요경영사항               | 2026-05-15: 분기보고서 (2026.03) | 2026-05-12: 주식소각결정               | 2026-05-12: [기재정정]수시공시의무관련사항(공정공시)              ,4
아이빔테크놀로지,460470,5,OK,,단일판매ㆍ공급계약체결              (+5),,2026-05-26: 단일판매ㆍ공급계약체결               | 2026-05-14: 분기보고서 (2026.03),2
한국정밀기계,101680,5,OK,,단일판매ㆍ공급계약체결              (+5),,2026-05-15: 분기보고서 (2026.03) | 2026-05-12: 단일판매ㆍ공급계약체결              ,2
노루페인트,090350,5,OK,,단일판매ㆍ공급계약체결              (+5),,2026-05-15: 분기보고서 (2026.03) | 2026-05-15: 단일판매ㆍ공급계약체결              ,2
유니테스트,086390,5,OK,,단일판매ㆍ공급계약체결              (+5),,2026-05-15: 분기보고서 (2026.03) | 2026-05-12: 단일판매ㆍ공급계약체결              ,2
유니퀘스트,077500,5,OK,,단일판매ㆍ공급계약체결              (+5),,2026-05-15: 분기보고서 (2026.03) | 2026-05-04: 단일판매ㆍ공급계약체결              ,2
한국특강,007280,5,OK,,[기재정정]주식소각결정              (+5),,2026-05-21: [기재정정]주식소각결정               | 2026-05-15: 분기보고서 (2026.03) | 2026-04-29: 최대주주등소유주식변동신고서               | 2026-04-29: 임원ㆍ주요주주특정증권등소유상황보고서 | 2026-04-29: 임원ㆍ주요주주특정증권등소유상황보고서,12
서한,011370,5,OK,,단일판매ㆍ공급계약체결              (+5),,2026-05-26: 단일판매ㆍ공급계약체결               | 2026-05-15: 분기보고서 (2026.03) | 2026-04-30: [기재정정]사업보고서 (2025.12),3
라피치,403360,5,OK,,단일판매ㆍ공급계약체결(자율공시)              (+5),,2026-05-27: 단일판매ㆍ공급계약체결(자율공시)               | 2026-04-29: 합병등종료보고서(합병),2
CSA 코스믹,083660,5,OK,,[기재정정]단일판매ㆍ공급계약체결              (+5),,2026-05-15: 소송등의판결ㆍ결정               | 2026-05-15: 불성실공시법인지정예고              (공시변경) | 2026-05-15: 분기보고서 (2026.03) | 2026-05-06: [기재정정]단일판매ㆍ공급계약체결              ,4
피엔티,137400,5,OK,,[기재정정]단일판매ㆍ공급계약체결              (+5),,2026-05-13: 분기보고서 (2026.03) | 2026-04-30: [기재정정]단일판매ㆍ공급계약체결              ,2
테크윙,089030,5,OK,,단일판매ㆍ공급계약체결(자율공시)              (+5),,2026-05-21: 기업설명회(IR)개최               | 2026-05-19: 단일판매ㆍ공급계약체결(자율공시)               | 2026-05-15: 유형자산처분결정(자율공시)               | 2026-05-15: 분기보고서 (2026.03),4
하이스틸,071090,5,OK,,단일판매ㆍ공급계약체결              (+5),,2026-05-20: 단일판매ㆍ공급계약체결               | 2026-05-15: 분기보고서 (2026.03),2
에이치브이엠,295310,5,OK,,[기재정정]단일판매ㆍ공급계약체결              (+5),,2026-05-15: 분기보고서 (2026.03) | 2026-05-14: [기재정정]단일판매ㆍ공급계약체결              ,2
에스엔시스,0008Z0,5,OK,,단일판매ㆍ공급계약체결(자율공시)              (+5),,2026-05-19: 임원ㆍ주요주주특정증권등소유상황보고서 | 2026-05-19: 주식등의대량보유상황보고서(일반) | 2026-05-15: 분기보고서 (2026.03) | 2026-04-28: 단일판매ㆍ공급계약체결(자율공시)              ,4
레이저쎌,412350,5,OK,,단일판매ㆍ공급계약체결              (+5),,2026-05-27: 단일판매ㆍ공급계약체결               | 2026-05-22: 전환청구권행사               | 2026-05-15: 분기보고서 (2026.03) | 2026-05-08: 주식등의대량보유상황보고서(약식),4
다원넥스뷰,323350,5,OK,,단일판매ㆍ공급계약체결              (+5),,2026-05-15: 주식등의대량보유상황보고서(일반) | 2026-05-14: 분기보고서 (2026.03) | 2026-05-14: [기재정정]주식등의대량보유상황보고서(약식) | 2026-05-14: 주식등의대량보유상황보고서(약식) | 2026-05-13: [기재정정]주식등의대량보유상황보고서(일반),7
카이노스메드,284620,5,OK,,[기재정정]단일판매ㆍ공급계약체결              (+5),,2026-05-15: 분기보고서 (2026.03) | 2026-04-30: [기재정정]단일판매ㆍ공급계약체결              ,2
우진아이엔에스,010400,5,OK,,단일판매ㆍ공급계약체결              (+5) | [기재정정]단일판매ㆍ공급계약체결              (+5) | 단일판매ㆍ공급계약체결              (+5),주요사항보고서(자기주식처분결정)(-10),2026-05-27: 주주총회소집공고 | 2026-05-26: 단일판매ㆍ공급계약체결               | 2026-05-22: [기재정정]단일판매ㆍ공급계약체결               | 2026-05-15: 분기보고서 (2026.03) | 2026-04-29: [기재정정]주주총회소집결의              ,10
원익큐브,014190,5,OK,,주식소각결정              (+5),,2026-05-27: 임원ㆍ주요주주특정증권등소유상황보고서 | 2026-05-15: 분기보고서 (2026.03) | 2026-04-28: 주식소각결정              ,3
펨트론,168360,5,OK,,[기재정정]단일판매ㆍ공급계약체결              (+5),,2026-05-15: 분기보고서 (2026.03) | 2026-05-15: [기재정정]단일판매ㆍ공급계약체결               | 2026-05-14: 주주총회소집공고 | 2026-04-30: 소속부변경              ,4
일성건설,013360,5,OK,,[기재정정]단일판매ㆍ공급계약체결              (+5),,2026-05-26: 주요사항보고서(유형자산양도결정) | 2026-05-15: 분기보고서 (2026.03) | 2026-04-30: [기재정정]단일판매ㆍ공급계약체결              ,3
그린생명과학,114450,5,OK,,단일판매ㆍ공급계약체결              (+5),,2026-05-15: 분기보고서 (2026.03) | 2026-05-13: 단일판매ㆍ공급계약체결               | 2026-04-30: 소속부변경              ,3
나노실리칸첨단소재,286750,5,OK,,[기재정정]단일판매ㆍ공급계약체결              (+5),,2026-05-18: 주주명부폐쇄기간또는기준일설정               | 2026-05-18: 주식병합결정               | 2026-05-18: 주주총회소집결의              (임시주주총회) | 2026-05-15: 분기보고서 (2026.03) | 2026-05-15: [기재정정]단일판매ㆍ공급계약체결              ,5
아이에스동서,010780,5,OK,,단일판매ㆍ공급계약체결              (+5),,2026-05-15: 주식등의대량보유상황보고서(일반) | 2026-05-13: 기업설명회(IR)개최(안내공시)               | 2026-05-13: 기업설명회(IR)개최(안내공시)               | 2026-05-13: 분기보고서 (2026.03) | 2026-05-11: 단일판매ㆍ공급계약체결              ,6
테스,095610,5,OK,,단일판매ㆍ공급계약체결(자율공시)              (+5),,2026-05-21: 단일판매ㆍ공급계약체결(자율공시)               | 2026-05-18: 기업설명회(IR)개최               | 2026-05-13: 분기보고서 (2026.03),3
인터엠,017250,5,OK,,주요사항보고서(자기주식취득결정)(+5),,2026-05-18: 주요사항보고서(자기주식취득결정) | 2026-05-15: 반기보고서 (2026.03) | 2026-04-28: [기재정정]임원ㆍ주요주주특정증권등소유상황보고서 | 2026-04-28: [기재정정]임원ㆍ주요주주특정증권등소유상황보고서,4
에쓰씨엔지니어링,023960,5,OK,,단일판매ㆍ공급계약체결              (+5),,2026-05-15: 분기보고서 (2026.03) | 2026-05-07: 단일판매ㆍ공급계약체결               | 2026-04-30: 주식등의대량보유상황보고서(일반),3
인지소프트,100030,5,OK,,주요사항보고서(자기주식취득결정)(+5),,2026-05-14: 분기보고서 (2026.03) | 2026-05-06: 주요사항보고서(자기주식취득결정) | 2026-05-04: 신탁계약해지결과보고서 | 2026-04-30: 소속부변경              ,4
금양그린파워,282720,5,OK,,단일판매ㆍ공급계약체결              (+5),,2026-05-27: 임시주주총회결과               | 2026-05-15: 분기보고서 (2026.03) | 2026-05-12: 주주총회소집공고 | 2026-05-08: 임원ㆍ주요주주특정증권등소유상황보고서 | 2026-05-08: 주식등의대량보유상황보고서(약식),9
일진전기,103590,5,OK,,단일판매ㆍ공급계약체결              (+5),,2026-05-20: 최대주주등소유주식변동신고서               | 2026-05-20: 주식등의대량보유상황보고서(일반) | 2026-05-15: 분기보고서 (2026.03) | 2026-05-12: 단일판매ㆍ공급계약체결               | 2026-04-29: 최대주주등소유주식변동신고서              ,7
휴니드테크놀러지스,005870,5,OK,,단일판매ㆍ공급계약체결              (+5),,2026-05-19: 단일판매ㆍ공급계약체결               | 2026-05-15: 주주명부폐쇄기간또는기준일설정               | 2026-05-15: 주주총회소집결의               | 2026-05-15: 분기보고서 (2026.03) | 2026-04-28: 주식등의대량보유상황보고서(일반),5
차AI헬스케어,025620,5,OK,,[기재정정]단일판매ㆍ공급계약체결              (+5),,2026-05-15: [기재정정]단일판매ㆍ공급계약체결               | 2026-05-12: 분기보고서 (2026.03),2
글로본,019660,5,OK,,단일판매ㆍ공급계약체결              (+5),,2026-05-26: 단일판매ㆍ공급계약체결               | 2026-05-15: 분기보고서 (2026.03),2
와이즈버즈,273060,5,OK,,주식소각결정              (+5),,2026-05-14: 주식병합결정               | 2026-05-14: 주식소각결정               | 2026-05-14: 주요사항보고서(자기주식취득신탁계약체결결정) | 2026-05-13: 분기보고서 (2026.03),4
에스비비테크,389500,5,OK,,단일판매ㆍ공급계약체결              (+5),,2026-05-19: 단일판매ㆍ공급계약체결               | 2026-05-14: 분기보고서 (2026.03),2
제닉스로보틱스,381620,5,OK,,단일판매ㆍ공급계약체결              (+5),,2026-05-14: 분기보고서 (2026.03) | 2026-04-30: 단일판매ㆍ공급계약체결              ,2
솔디펜스,215090,5,OK,,[기재정정]단일판매ㆍ공급계약체결              (+5),,2026-05-15: 분기보고서 (2026.03) | 2026-05-12: [기재정정]단일판매ㆍ공급계약체결               | 2026-05-08: 주식등의대량보유상황보고서(약식) | 2026-04-30: 소속부변경              ,4
KBI동양철관,008970,5,OK,,단일판매ㆍ공급계약체결              (+5),,2026-05-19: 주식등의대량보유상황보고서(일반) | 2026-05-15: 분기보고서 (2026.03) | 2026-05-15: 단일판매ㆍ공급계약체결              ,3
서전기전,189860,5,OK,,[기재정정]단일판매ㆍ공급계약체결              (+5),,2026-05-15: 분기보고서 (2026.03) | 2026-04-30: 소속부변경               | 2026-04-28: [기재정정]단일판매ㆍ공급계약체결              ,3
푸른기술,094940,5,OK,,단일판매ㆍ공급계약체결              (+5),,2026-05-19: 단일판매ㆍ공급계약체결               | 2026-05-15: 분기보고서 (2026.03) | 2026-04-30: 사외이사의선임ㆍ해임또는중도퇴임에관한신고 | 2026-04-30: 상호변경안내               | 2026-04-30: [기재정정]임시주주총회결과              ,6
디와이피엔에프,104460,5,OK,,[기재정정]단일판매ㆍ공급계약체결              (+5),,2026-05-15: 분기보고서 (2026.03) | 2026-04-28: [기재정정]단일판매ㆍ공급계약체결              ,2
하이비젼시스템,126700,5,OK,,단일판매ㆍ공급계약체결              (+5),,2026-05-15: 분기보고서 (2026.03) | 2026-05-11: 단일판매ㆍ공급계약체결              ,2
삼현철강,017480,5,OK,,주식소각결정              (+5),,2026-05-21: 주식등의대량보유상황보고서(일반) | 2026-05-15: 분기보고서 (2026.03) | 2026-05-12: 주식소각결정              ,3
케이알엠,093640,5,OK,,[기재정정]단일판매ㆍ공급계약체결              (+5),,2026-05-15: 분기보고서 (2026.03) | 2026-04-30: 소속부변경               | 2026-04-30: [기재정정]단일판매ㆍ공급계약체결              ,3
엑시콘,092870,5,OK,,단일판매ㆍ공급계약체결              (+5),,2026-05-18: 기업설명회(IR)개최               | 2026-05-15: 분기보고서 (2026.03) | 2026-05-06: 단일판매ㆍ공급계약체결              ,3
신도기연,290520,5,OK,,[기재정정]단일판매ㆍ공급계약체결              (+5),,2026-05-15: 분기보고서 (2026.03) | 2026-04-30: 소속부변경               | 2026-04-30: [기재정정]단일판매ㆍ공급계약체결              ,3
제일엠앤에스,412540,5,OK,,[기재정정]단일판매ㆍ공급계약체결              (+5),,2026-05-15: 분기보고서 (2026.03) | 2026-05-07: 투자판단관련주요경영사항              (M&A 관련 최종인수예정자 확정 허가 결정) | 2026-05-04: 기타시장안내              (개선계획 이행내역서 제출에 따른 안내) | 2026-04-30: [기재정정]단일판매ㆍ공급계약체결               | 2026-04-30: 단일판매ㆍ공급계약해지              ,5
하림지주,003380,5,OK,,단일판매ㆍ공급계약체결(자회사의 주요경영사항)              (+5),,2026-05-27: 주식등의대량보유상황보고서(일반) | 2026-05-22: 임원ㆍ주요주주특정증권등소유상황보고서 | 2026-05-14: 신규시설투자등(자회사의 주요경영사항)               | 2026-05-14: 분기보고서 (2026.03) | 2026-05-04: 단일판매ㆍ공급계약체결(자회사의 주요경영사항)              ,5
코세스,089890,5,OK,,[첨부정정]단일판매ㆍ공급계약체결              (+5),,2026-05-15: 분기보고서 (2026.03) | 2026-04-30: [첨부정정]단일판매ㆍ공급계약체결              ,2
라온시큐어,042510,5,OK,,주식소각결정              (+5),,2026-05-15: 분기보고서 (2026.03) | 2026-04-29: 주식소각결정              ,2
포바이포,389140,5,OK,,[기재정정]단일판매ㆍ공급계약체결(자율공시)              (+5),,2026-05-13: 분기보고서 (2026.03) | 2026-04-30: [기재정정]단일판매ㆍ공급계약체결(자율공시)              ,2
HEM파마,376270,5,OK,,단일판매ㆍ공급계약체결              (+5),,2026-05-22: 기업설명회(IR)개최               | 2026-05-14: 단일판매ㆍ공급계약체결               | 2026-05-11: 분기보고서 (2026.03) | 2026-05-08: 기업설명회(IR)개최              ,4
에이직랜드,445090,5,OK,,[기재정정]단일판매ㆍ공급계약체결              (+5),,2026-05-26: 기업설명회(IR)개최               | 2026-05-15: 분기보고서 (2026.03) | 2026-05-14: [기재정정]단일판매ㆍ공급계약체결               | 2026-04-30: 임원ㆍ주요주주특정증권등소유상황보고서,4
앱클론,174900,5,OK,,단일판매ㆍ공급계약체결(자율공시)              (+5),,2026-05-21: 단일판매ㆍ공급계약체결(자율공시)               | 2026-05-15: 분기보고서 (2026.03) | 2026-05-07: 주식등의대량보유상황보고서(일반) | 2026-05-07: 임원ㆍ주요주주특정증권등소유상황보고서 | 2026-05-07: 임원ㆍ주요주주특정증권등소유상황보고서,6
PS일렉트로닉스,332570,5,OK,,단일판매ㆍ공급계약체결              (+5),,2026-05-15: 주식등의대량보유상황보고서(일반) | 2026-05-14: 분기보고서 (2026.03) | 2026-05-04: 증권발행결과(자율공시)               | 2026-05-04: 증권발행결과(자율공시)               | 2026-05-04: 증권발행결과(자율공시)              ,10
지아이이노베이션,358570,5,OK,,주식소각결정              (+5),,2026-05-15: 분기보고서 (2026.03) | 2026-05-13: 주식소각결정               | 2026-05-13: [기재정정]주식매수선택권부여에관한신고,3
티에스아이,277880,5,OK,,[기재정정]단일판매ㆍ공급계약체결              (+5),,2026-05-20: [기재정정]단일판매ㆍ공급계약체결               | 2026-05-19: 임원ㆍ주요주주특정증권등소유상황보고서 | 2026-05-14: 임원ㆍ주요주주특정증권등소유상황보고서 | 2026-05-14: 임원ㆍ주요주주특정증권등소유상황보고서 | 2026-05-12: 분기보고서 (2026.03),8
한양이엔지,045100,5,OK,,단일판매ㆍ공급계약체결              (+5),,2026-05-26: 단일판매ㆍ공급계약체결               | 2026-05-14: 분기보고서 (2026.03),2
일진파워,094820,5,OK,,[기재정정]단일판매ㆍ공급계약체결(자율공시)              (+5),,2026-05-20: [기재정정]단일판매ㆍ공급계약체결(자율공시)               | 2026-05-13: 분기보고서 (2026.03),2
엘케이켐,489500,5,OK,,단일판매ㆍ공급계약체결              (+5),,2026-05-19: 임원ㆍ주요주주특정증권등소유상황보고서 | 2026-05-15: 분기보고서 (2026.03) | 2026-05-14: 단일판매ㆍ공급계약체결               | 2026-04-29: 주식등의대량보유상황보고서(일반) | 2026-04-28: 임원ㆍ주요주주특정증권등소유상황보고서,8
엑사이엔씨,054940,5,OK,,[기재정정]단일판매ㆍ공급계약체결              (+5),,2026-05-14: 분기보고서 (2026.03) | 2026-04-27: [기재정정]단일판매ㆍ공급계약체결              ,2
씨아이에스,222080,5,OK,,[기재정정]단일판매ㆍ공급계약체결              (+5),,2026-05-22: 주주총회소집결의              (임시주주총회) | 2026-05-22: 주주총회소집공고 | 2026-05-19: [기재정정]단일판매ㆍ공급계약체결               | 2026-05-12: 분기보고서 (2026.03) | 2026-04-30: 주주명부폐쇄기간또는기준일설정              ,5
세미파이브,490470,5,OK,,단일판매ㆍ공급계약체결              (+5),,2026-05-20: 단일판매ㆍ공급계약체결               | 2026-05-15: 분기보고서 (2026.03) | 2026-05-14: 기업설명회(IR)개최               | 2026-05-13: 임원ㆍ주요주주특정증권등소유상황보고서,4
세아제강,306200,5,OK,,[기재정정]단일판매ㆍ공급계약체결              (+5),,2026-05-15: 동일인등출자계열회사와의상품ㆍ용역거래변경 | 2026-05-15: 분기보고서 (2026.03) | 2026-04-29: [기재정정]단일판매ㆍ공급계약체결              ,3
AP위성,211270,5,OK,,단일판매ㆍ공급계약체결              (+5),,2026-05-14: 분기보고서 (2026.03) | 2026-05-04: 단일판매ㆍ공급계약체결              ,2
한화엔진,082740,5,OK,,단일판매ㆍ공급계약체결              (+5),,2026-05-19: 임원ㆍ주요주주특정증권등소유상황보고서 | 2026-05-14: 분기보고서 (2026.03) | 2026-05-13: 단일판매ㆍ공급계약체결               | 2026-05-07: 기업설명회(IR)개최(안내공시)               | 2026-05-06: 임원ㆍ주요주주특정증권등소유상황보고서,6
비아트론,141000,5,OK,,단일판매ㆍ공급계약체결              (+5),,2026-05-19: 단일판매ㆍ공급계약체결               | 2026-05-15: 분기보고서 (2026.03),2
삼성E&A,028050,5,OK,,[기재정정]단일판매ㆍ공급계약체결              (+5),,2026-05-26: [기재정정]투자판단관련주요경영사항               | 2026-05-26: 기업설명회(IR)개최(안내공시)               | 2026-05-22: [기재정정]단일판매ㆍ공급계약체결               | 2026-05-15: 기업설명회(IR)개최(안내공시)               | 2026-05-15: 분기보고서 (2026.03),11
쿼드메디슨,464490,5,OK,,단일판매ㆍ공급계약체결              (+5),,2026-05-22: 기업설명회(IR)개최               | 2026-05-15: 분기보고서 (2026.03) | 2026-05-15: 단일판매ㆍ공급계약체결              ,3
파이버프로,368770,5,OK,,[기재정정]단일판매ㆍ공급계약체결              (+5),,2026-05-27: 주식등의대량보유상황보고서(일반) | 2026-05-15: [기재정정]단일판매ㆍ공급계약체결               | 2026-05-13: [기재정정]주식매수선택권부여에관한신고 | 2026-05-12: 주식매수선택권부여에관한신고 | 2026-05-12: 임시주주총회결과              ,7
오상헬스케어,036220,5,OK,,단일판매ㆍ공급계약체결(자율공시)              (+5),,2026-05-15: 분기보고서 (2026.03) | 2026-05-13: 단일판매ㆍ공급계약체결(자율공시)               | 2026-05-12: 임원ㆍ주요주주특정증권등소유상황보고서 | 2026-05-12: 임원ㆍ주요주주특정증권등소유상황보고서 | 2026-05-12: 자기주식처분결과보고서,6
한일홀딩스,003300,5,OK,,주식소각결정              (+5),,2026-05-15: 분기보고서 (2026.03) | 2026-05-13: 주식소각결정              ,2
SKAI,357880,5,OK,,[기재정정]단일판매ㆍ공급계약체결(자율공시)              (+5),,2026-05-22: [기재정정]분기보고서 (2026.03) | 2026-05-22: [기재정정]전환청구권행사               | 2026-05-20: 전환청구권행사               | 2026-05-15: 파생상품거래손실발생               | 2026-05-15: 분기보고서 (2026.03),6
에스지헬스케어,398120,5,OK,,[기재정정]단일판매ㆍ공급계약체결              (+5),,2026-05-26: [기재정정]단일판매ㆍ공급계약체결              ,1
대아티아이,045390,5,OK,,[기재정정]단일판매ㆍ공급계약체결              (+5),,2026-05-21: [기재정정]단일판매ㆍ공급계약체결               | 2026-05-15: 주요사항보고서(유형자산양도결정) | 2026-05-14: 분기보고서 (2026.03),3
주성코퍼레이션,109070,5,OK,,[기재정정]단일판매ㆍ공급계약체결              (+5),,2026-05-20: [기재정정]단일판매ㆍ공급계약체결               | 2026-05-14: 분기보고서 (2026.03),2
드림텍,192650,5,OK,,주식소각결정              (+5),,2026-05-19: 주식소각결정               | 2026-05-15: 분기보고서 (2026.03),2
케이엔솔,053080,5,OK,,[기재정정]단일판매ㆍ공급계약체결              (+5),,2026-05-15: 분기보고서 (2026.03) | 2026-05-06: [기재정정]단일판매ㆍ공급계약체결               | 2026-04-30: 소속부변경              ,3
알파칩스,117670,5,OK,,[기재정정]단일판매ㆍ공급계약체결              (+5),,2026-05-15: [기재정정]단일판매ㆍ공급계약체결               | 2026-05-13: 분기보고서 (2026.03) | 2026-05-13: [기재정정]주식매수선택권부여에관한신고 | 2026-04-30: 소속부변경              ,4
보성파워텍,006910,5,OK,,[기재정정]단일판매ㆍ공급계약체결              (+5),,2026-05-15: 분기보고서 (2026.03) | 2026-05-07: [기재정정]단일판매ㆍ공급계약체결               | 2026-04-30: 소속부변경              ,3
미래에셋벤처투자,100790,5,OK,,주식소각결정              (+5),,2026-05-27: 주식소각결정               | 2026-05-22: 임원ㆍ주요주주특정증권등소유상황보고서 | 2026-05-15: 분기보고서 (2026.03) | 2026-05-08: 특수관계인과의수익증권거래 | 2026-04-29: [기재정정]타법인주식및출자증권취득결정              ,5
에이프로,262260,5,OK,,[기재정정]단일판매ㆍ공급계약체결              (+5),,2026-05-15: 분기보고서 (2026.03) | 2026-05-08: 전환청구권행사               | 2026-04-30: [기재정정]단일판매ㆍ공급계약체결              ,3
다스코,058730,5,OK,,[기재정정]단일판매ㆍ공급계약체결              (+5),,2026-05-19: [기재정정]단일판매ㆍ공급계약체결               | 2026-05-18: 신탁계약해지결과보고서 | 2026-05-18: 주요사항보고서(자기주식취득신탁계약해지결정) | 2026-05-15: 분기보고서 (2026.03) | 2026-04-30: 주식등의대량보유상황보고서(일반),6
휴비츠,065510,5,OK,,주식소각결정              (+5),,2026-05-14: 주식소각결정               | 2026-05-14: 분기보고서 (2026.03),2
바이브컴퍼니,301300,5,OK,,단일판매ㆍ공급계약체결(자율공시)              (+5),,2026-05-20: 단일판매ㆍ공급계약체결(자율공시)               | 2026-05-13: 분기보고서 (2026.03),2
안랩,053800,6,OK,,연결재무제표기준영업(잠정)실적(공정공시)              (+3) | 영업(잠정)실적(공정공시)              (+3),,2026-05-14: 분기보고서 (2026.03) | 2026-04-27: 연결재무제표기준영업(잠정)실적(공정공시)               | 2026-04-27: 영업(잠정)실적(공정공시)              ,3
SK케미칼,285130,6,OK,,영업(잠정)실적(공정공시)              (+3) | 연결재무제표기준영업(잠정)실적(공정공시)              (+3),,2026-05-21: 임원ㆍ주요주주특정증권등소유상황보고서 | 2026-05-13: 분기보고서 (2026.03) | 2026-05-13: 임원ㆍ주요주주특정증권등소유상황보고서 | 2026-05-08: 영업(잠정)실적(공정공시)               | 2026-05-08: 연결재무제표기준영업(잠정)실적(공정공시)              ,6
KG스틸,016380,6,OK,,영업(잠정)실적(공정공시)              (+3) | 연결재무제표기준영업(잠정)실적(공정공시)              (+3),,2026-05-15: 분기보고서 (2026.03) | 2026-05-13: 타법인주식및출자증권취득결정               | 2026-04-29: 영업(잠정)실적(공정공시)               | 2026-04-29: 연결재무제표기준영업(잠정)실적(공정공시)              ,4
윈스테크넷,136540,6,OK,,영업(잠정)실적(공정공시)              (+3) | 연결재무제표기준영업(잠정)실적(공정공시)              (+3),,2026-05-15: 분기보고서 (2026.03) | 2026-04-30: 영업(잠정)실적(공정공시)               | 2026-04-30: 연결재무제표기준영업(잠정)실적(공정공시)              ,3
GKL,114090,6,OK,,연결재무제표기준영업(잠정)실적(공정공시)              (+3) | 영업(잠정)실적(공정공시)              (+3),,2026-05-15: 주주총회소집공고 | 2026-05-15: 분기보고서 (2026.03) | 2026-05-13: 주주명부폐쇄기간또는기준일설정               | 2026-05-13: 주주총회소집결의               | 2026-05-12: 연결재무제표기준영업(잠정)실적(공정공시)              ,7
카카오페이,377300,6,OK,,연결재무제표기준영업(잠정)실적(공정공시)              (+3) | 영업(잠정)실적(공정공시)              (+3),,2026-05-19: 기업설명회(IR)개최(안내공시)               | 2026-05-14: 분기보고서 (2026.03) | 2026-05-08: 임원ㆍ주요주주특정증권등소유상황보고서 | 2026-05-08: 임원ㆍ주요주주특정증권등소유상황보고서 | 2026-05-08: 임원ㆍ주요주주특정증권등소유상황보고서,9
케이티스카이라이프,053210,6,OK,,연결재무제표기준영업(잠정)실적(공정공시)              (+3) | 영업(잠정)실적(공정공시)              (+3),,2026-05-27: 대표이사(대표집행임원)변경(안내공시)               | 2026-05-27: 임시주주총회결과               | 2026-05-15: 분기보고서 (2026.03) | 2026-05-11: 의결권대리행사권유참고서류 | 2026-05-11: 주주총회소집공고,9
미코,059090,6,OK,,[첨부정정]주요사항보고서(회사합병결정)(+3) | 주요사항보고서(회사합병결정)(+3),,2026-05-15: 분기보고서 (2026.03) | 2026-05-07: 기업설명회(IR)개최               | 2026-05-06: 주식등의대량보유상황보고서(약식) | 2026-04-30: 소속부변경               | 2026-04-30: [첨부정정]주요사항보고서(회사합병결정),7
도이치모터스,067990,6,OK,,회사합병결정(종속회사의주요경영사항)              (+3) | 연결재무제표기준영업(잠정)실적(공정공시)              (+3),,2026-05-15: 분기보고서 (2026.03) | 2026-05-14: 회사합병결정(종속회사의주요경영사항)               | 2026-05-08: 주식등의대량보유상황보고서(일반) | 2026-04-30: 타인에대한채무보증결정               | 2026-04-30: [기재정정]타인에대한채무보증결정              ,6
케이아이엔엑스,093320,6,OK,,영업(잠정)실적(공정공시)              (+3) | 연결재무제표기준영업(잠정)실적(공정공시)              (+3),,2026-05-26: 임원ㆍ주요주주특정증권등소유상황보고서 | 2026-05-15: 분기보고서 (2026.03) | 2026-05-15: 임원ㆍ주요주주특정증권등소유상황보고서 | 2026-05-12: 영업(잠정)실적(공정공시)               | 2026-05-12: 연결재무제표기준영업(잠정)실적(공정공시)              ,7
가비아,079940,6,OK,,연결재무제표기준영업(잠정)실적(공정공시)              (+3) | 영업(잠정)실적(공정공시)              (+3),,2026-05-27: 기업설명회(IR)개최               | 2026-05-15: 분기보고서 (2026.03) | 2026-05-13: 연결재무제표기준영업(잠정)실적(공정공시)               | 2026-05-13: 영업(잠정)실적(공정공시)              ,4
카카오,035720,6,OK,,영업(잠정)실적(공정공시)              (+3) | 연결재무제표기준영업(잠정)실적(공정공시)              (+3),,2026-05-19: 임원ㆍ주요주주특정증권등소유상황보고서 | 2026-05-19: 임원ㆍ주요주주특정증권등소유상황보고서 | 2026-05-19: 임원ㆍ주요주주특정증권등소유상황보고서 | 2026-05-19: 임원ㆍ주요주주특정증권등소유상황보고서 | 2026-05-19: 임원ㆍ주요주주특정증권등소유상황보고서,70
헥토파이낸셜,234340,6,OK,,연결재무제표기준영업(잠정)실적(공정공시)              (+3) | 영업(잠정)실적(공정공시)              (+3),,2026-05-15: 분기보고서 (2026.03) | 2026-05-07: 기업설명회(IR)개최               | 2026-05-07: 연결재무제표기준영업(잠정)실적(공정공시)               | 2026-05-07: 영업(잠정)실적(공정공시)              ,4
광주신세계,037710,6,OK,,영업(잠정)실적(공정공시)              (+3) | 영업(잠정)실적(공정공시)              (+3),,2026-05-15: 분기보고서 (2026.03) | 2026-05-13: 현금ㆍ현물배당결정               | 2026-05-13: 현금ㆍ현물배당을위한주주명부폐쇄(기준일)결정               | 2026-05-12: 영업(잠정)실적(공정공시)               | 2026-05-12: 영업(잠정)실적(공정공시)              ,5
휴온스글로벌,084110,6,OK,,[기재정정]주요사항보고서(회사합병결정)(자회사의 주요경영사항)              (+3) | 주요사항보고서(회사합병결정)(자회사의 주요경영사항)              (+3),,2026-05-27: [기재정정]주요사항보고서(회사합병결정)(자회사의 주요경영사항)               | 2026-05-18: 주요사항보고서(회사합병결정)(자회사의 주요경영사항)               | 2026-05-15: 분기보고서 (2026.03) | 2026-05-13: 조회공시요구(풍문또는보도)에대한답변(미확정)               | 2026-05-12: 현금ㆍ현물배당결정(자회사의 주요경영사항)              ,12
POSCO홀딩스,005490,6,OK,,영업(잠정)실적(공정공시)(자회사의 주요경영사항)              (+3) | 연결재무제표기준영업(잠정)실적(공정공시)              (+3),,2026-05-27: 대규모기업집단현황공시[연1회공시및1/4분기용(대표회사)] | 2026-05-26: [기재정정]특수관계인에대한증여 | 2026-05-15: 분기보고서 (2026.03) | 2026-05-12: 현금ㆍ현물배당결정               | 2026-05-12: 현금ㆍ현물배당을위한주주명부폐쇄(기준일)결정              ,14
동일기연,032960,6,OK,,[기재정정]주식분할결정              (+3) | 주식분할결정              (+3),,2026-05-26: 주주총회소집공고 | 2026-05-14: 분기보고서 (2026.03) | 2026-04-28: [기재정정]주식분할결정               | 2026-04-27: 주식분할결정               | 2026-04-27: 주주명부폐쇄기간또는기준일설정              ,6
미래에셋생명,085620,6,OK,,연결재무제표기준영업(잠정)실적(공정공시)              (+3) | 영업(잠정)실적(공정공시)              (+3),,2026-05-15: 분기보고서 (2026.03) | 2026-05-15: 최대주주등소유주식변동신고서               | 2026-05-15: 연결재무제표기준영업(잠정)실적(공정공시)               | 2026-05-15: 영업(잠정)실적(공정공시)               | 2026-05-13: 기업설명회(IR)개최(안내공시)              ,12
케이티,030200,6,OK,,연결재무제표기준영업(잠정)실적(공정공시)              (+3) | 영업(잠정)실적(공정공시)              (+3),,2026-05-15: 분기보고서 (2026.03) | 2026-05-15: 임원ㆍ주요주주특정증권등소유상황보고서 | 2026-05-15: 임원ㆍ주요주주특정증권등소유상황보고서 | 2026-05-15: 임원ㆍ주요주주특정증권등소유상황보고서 | 2026-05-13: 임원ㆍ주요주주특정증권등소유상황보고서,56
NAVER,035420,6,OK,,영업(잠정)실적(공정공시)              (+3) | 연결재무제표기준영업(잠정)실적(공정공시)              (+3),,2026-05-21: 임원ㆍ주요주주특정증권등소유상황보고서 | 2026-05-21: 임원ㆍ주요주주특정증권등소유상황보고서 | 2026-05-21: 임원ㆍ주요주주특정증권등소유상황보고서 | 2026-05-19: 풍문또는보도에대한해명(미확정)               | 2026-05-15: 분기보고서 (2026.03),10
코맥스,036690,6,OK,,[첨부정정]주요사항보고서(회사합병결정)(+3) | 주요사항보고서(회사합병결정)(+3),,2026-05-15: 분기보고서 (2026.03) | 2026-04-29: [첨부정정]주요사항보고서(회사합병결정) | 2026-04-28: 주주명부폐쇄기간또는기준일설정               | 2026-04-28: 주요사항보고서(회사합병결정),4
한온시스템,018880,6,OK,,회사합병결정(종속회사의주요경영사항)              (+3) | 연결재무제표기준영업(잠정)실적(공정공시)              (+3),,2026-05-14: 분기보고서 (2026.03) | 2026-05-12: 회사합병결정(종속회사의주요경영사항)               | 2026-04-30: 연결재무제표기준영업(잠정)실적(공정공시)              ,3
KTcs,058850,6,OK,,영업(잠정)실적(공정공시)              (+3) | 연결재무제표기준영업(잠정)실적(공정공시)              (+3),,2026-05-27: 대표이사(대표집행임원)변경(안내공시)               | 2026-05-27: 임시주주총회결과               | 2026-05-27: 기업지배구조보고서공시               | 2026-05-19: [기재정정]분기보고서 (2026.03) | 2026-05-15: 분기보고서 (2026.03),9
신세계,004170,6,OK,,영업(잠정)실적(공정공시)              (+3) | 연결재무제표기준영업(잠정)실적(공정공시)              (+3),,2026-05-26: [발행조건확정]증권신고서(채무증권) | 2026-05-26: [기재정정]증권신고서(채무증권) | 2026-05-20: 기업설명회(IR)개최(안내공시)               | 2026-05-19: 증권신고서(채무증권) | 2026-05-15: 분기보고서 (2026.03),12
꿈비,407400,6,OK,,[첨부정정]주요사항보고서(회사합병결정)(+3) | 주요사항보고서(회사합병결정)(+3),,2026-05-19: [첨부정정]주요사항보고서(회사합병결정) | 2026-05-18: 주주명부폐쇄기간또는기준일설정               | 2026-05-18: 주요사항보고서(회사합병결정) | 2026-05-15: 분기보고서 (2026.03),4
한화생명,088350,6,OK,,연결재무제표기준영업(잠정)실적(공정공시)              (+3) | 영업(잠정)실적(공정공시)              (+3),,2026-05-14: 분기보고서 (2026.03) | 2026-05-12: 연결재무제표기준영업(잠정)실적(공정공시)               | 2026-05-12: 영업(잠정)실적(공정공시)               | 2026-04-28: 기업설명회(IR)개최(안내공시)              ,4
동원산업,006040,6,OK,,영업(잠정)실적(공정공시)              (+3) | 연결재무제표기준영업(잠정)실적(공정공시)              (+3),,2026-05-18: 풍문또는보도에대한해명(미확정)               | 2026-05-18: 최대주주등소유주식변동신고서               | 2026-05-18: 주식등의대량보유상황보고서(일반) | 2026-05-18: [기재정정]주식등의대량보유상황보고서(일반) | 2026-05-15: 분기보고서 (2026.03),9
하림,136480,6,OK,,영업(잠정)실적(공정공시)              (+3) | 연결재무제표기준영업(잠정)실적(공정공시)              (+3),,2026-05-13: 분기보고서 (2026.03) | 2026-05-07: 주식등의대량보유상황보고서(일반) | 2026-05-07: 영업(잠정)실적(공정공시)               | 2026-05-07: 연결재무제표기준영업(잠정)실적(공정공시)               | 2026-04-30: 소속부변경              ,5
파라다이스,034230,6,OK,,연결재무제표기준영업(잠정)실적(공정공시)              (+3) | 연결재무제표기준영업(잠정)실적(공정공시)              (+3),,2026-05-15: 분기보고서 (2026.03) | 2026-05-14: 기업설명회(IR)개최(안내공시)               | 2026-05-06: 연결재무제표기준영업(잠정)실적(공정공시)               | 2026-05-06: 연결재무제표기준영업(잠정)실적(공정공시)              ,4
성창기업지주,000180,6,OK,,[첨부정정]주요사항보고서(회사합병결정)(+3) | 주요사항보고서(회사합병결정)(+3),,2026-05-21: [첨부정정]주요사항보고서(회사합병결정) | 2026-05-20: 주주명부폐쇄기간또는기준일설정               | 2026-05-20: 주요사항보고서(회사합병결정) | 2026-05-15: 분기보고서 (2026.03),4
풍산홀딩스,005810,6,OK,,연결재무제표기준영업(잠정)실적(공정공시)              (+3) | 영업(잠정)실적(공정공시)              (+3),,2026-05-15: 분기보고서 (2026.03) | 2026-05-13: 임원ㆍ주요주주특정증권등소유상황보고서 | 2026-05-12: 최대주주등소유주식변동신고서               | 2026-04-30: 연결재무제표기준영업(잠정)실적(공정공시)               | 2026-04-30: 영업(잠정)실적(공정공시)              ,6
지역난방공사,071320,6,OK,,영업(잠정)실적(공정공시)              (+3) | 연결재무제표기준영업(잠정)실적(공정공시)              (+3),,2026-05-22: 영업(잠정)실적(공정공시)               | 2026-05-22: 사외이사의선임ㆍ해임또는중도퇴임에관한신고 | 2026-05-22: 임시주주총회결과               | 2026-05-13: [기재정정]분기보고서 (2026.03) | 2026-05-13: 분기보고서 (2026.03),12
한국가스공사,036460,6,OK,,영업(잠정)실적(공정공시)              (+3) | 연결재무제표기준영업(잠정)실적(공정공시)              (+3),,2026-05-27: 사외이사의선임ㆍ해임또는중도퇴임에관한신고 | 2026-05-26: 임시주주총회결과               | 2026-05-15: 분기보고서 (2026.03) | 2026-05-14: 영업(잠정)실적(공정공시)               | 2026-05-13: 연결재무제표기준영업(잠정)실적(공정공시)              ,12
태광,023160,6,OK,,연결재무제표기준영업(잠정)실적(공정공시)              (+3) | 영업(잠정)실적(공정공시)              (+3),,2026-05-22: 기업설명회(IR)개최               | 2026-05-22: 기업설명회(IR)개최               | 2026-05-15: 분기보고서 (2026.03) | 2026-05-13: 기업설명회(IR)개최               | 2026-05-08: 연결재무제표기준영업(잠정)실적(공정공시)              ,6
대한전선,001440,6,OK,,유형자산취득결정              (+3) | 연결재무제표기준영업(잠정)실적(공정공시)              (+3),,2026-05-15: 분기보고서 (2026.03) | 2026-05-13: 유형자산취득결정               | 2026-05-13: 주식등의대량보유상황보고서(약식) | 2026-04-29: 연결재무제표기준영업(잠정)실적(공정공시)              ,4
플레이디,237820,6,OK,,영업(잠정)실적(공정공시)              (+3) | 연결재무제표기준영업(잠정)실적(공정공시)              (+3),,2026-05-15: 분기보고서 (2026.03) | 2026-04-29: 영업(잠정)실적(공정공시)               | 2026-04-29: 연결재무제표기준영업(잠정)실적(공정공시)              ,3
엘앤씨바이오,290650,6,OK,,영업(잠정)실적(공정공시)              (+3) | 연결재무제표기준영업(잠정)실적(공정공시)              (+3),,2026-05-15: 분기보고서 (2026.03) | 2026-05-11: 영업(잠정)실적(공정공시)               | 2026-05-11: 연결재무제표기준영업(잠정)실적(공정공시)               | 2026-04-30: 주식등의대량보유상황보고서(일반),4
삼성전자,005930,6,OK,,[기재정정]연결재무제표기준영업(잠정)실적(공정공시)              (+3) | 연결재무제표기준영업(잠정)실적(공정공시)              (+3),,2026-05-26: [기재정정]임원ㆍ주요주주특정증권등소유상황보고서 | 2026-05-26: 임원ㆍ주요주주특정증권등소유상황보고서 | 2026-05-22: 주식등의대량보유상황보고서(일반) | 2026-05-22: 임원ㆍ주요주주특정증권등소유상황보고서 | 2026-05-22: [기재정정]임원ㆍ주요주주특정증권등소유상황보고서,21
위지윅스튜디오,299900,6,OK,,[기재정정]주요사항보고서(회사합병결정)(+3) | 회사합병결정(종속회사의주요경영사항)              (+3),,2026-05-14: [기재정정]주주명부폐쇄기간또는기준일설정               | 2026-05-14: [기재정정]주주총회소집결의              (임시주주총회) | 2026-05-14: [기재정정]주요사항보고서(회사합병결정) | 2026-05-08: 회사합병결정(종속회사의주요경영사항)               | 2026-05-06: 기업설명회(IR)개최              ,7
한진칼,180640,6,OK,,[첨부정정]주요사항보고서(회사합병결정)(자회사의 주요경영사항)              (+3) | 주요사항보고서(회사합병결정)(자회사의 주요경영사항)              (+3),,2026-05-15: 분기보고서 (2026.03) | 2026-05-14: [첨부정정]주요사항보고서(회사합병결정)(자회사의 주요경영사항)               | 2026-05-13: 주요사항보고서(회사합병결정)(자회사의 주요경영사항)               | 2026-05-13: [기재정정]신규시설투자등(자회사의 주요경영사항)              ,4
포스코스틸리온,058430,6,OK,,연결재무제표기준영업(잠정)실적(공정공시)              (+3) | 영업(잠정)실적(공정공시)              (+3),,2026-05-14: 분기보고서 (2026.03) | 2026-05-06: 최대주주등소유주식변동신고서               | 2026-05-06: 임원ㆍ주요주주특정증권등소유상황보고서 | 2026-05-06: 임원ㆍ주요주주특정증권등소유상황보고서 | 2026-05-06: 임원ㆍ주요주주특정증권등소유상황보고서,7
NHN KCP,060250,6,OK,,영업(잠정)실적(공정공시)              (+3) | 연결재무제표기준영업(잠정)실적(공정공시)              (+3),,2026-05-19: 기업설명회(IR)개최               | 2026-05-15: 분기보고서 (2026.03) | 2026-05-12: 영업(잠정)실적(공정공시)               | 2026-05-12: 연결재무제표기준영업(잠정)실적(공정공시)              ,4
포스코퓨처엠,003670,6,OK,,연결재무제표기준영업(잠정)실적(공정공시)              (+3) | 영업(잠정)실적(공정공시)              (+3),,2026-05-15: 분기보고서 (2026.03) | 2026-05-12: 최대주주등소유주식변동신고서               | 2026-04-30: 연결재무제표기준영업(잠정)실적(공정공시)               | 2026-04-30: 영업(잠정)실적(공정공시)               | 2026-04-27: [기재정정]타법인주식및출자증권취득결정              ,5
고려아연,010130,6,OK,,영업(잠정)실적(공정공시)              (+3) | 연결재무제표기준영업(잠정)실적(공정공시)              (+3),,2026-05-20: 주식등의대량보유상황보고서(일반) | 2026-05-20: 주식등의대량보유상황보고서(일반) | 2026-05-15: 분기보고서 (2026.03) | 2026-05-12: 주식등의대량보유상황보고서(일반) | 2026-05-12: [기재정정]타인에대한채무보증결정              ,11
한화투자증권,003530,6,OK,,영업(잠정)실적(공정공시)              (+3) | 연결재무제표기준영업(잠정)실적(공정공시)              (+3),,2026-05-27: [기재정정]특수관계인에대한자금대여 | 2026-05-27: 투자설명서(일괄신고) | 2026-05-27: 일괄신고추가서류(파생결합사채-주가연계파생결합사채) | 2026-05-26: 투자설명서(일괄신고) | 2026-05-26: 일괄신고추가서류(파생결합사채-주가연계파생결합사채),100
대창솔루션,096350,6,OK,,연결재무제표기준영업(잠정)실적(공정공시)              (+3) | 영업(잠정)실적(공정공시)              (+3),,2026-05-13: 분기보고서 (2026.03) | 2026-05-06: 연결재무제표기준영업(잠정)실적(공정공시)               | 2026-05-06: 영업(잠정)실적(공정공시)              ,3
풍산,103140,6,OK,,연결재무제표기준영업(잠정)실적(공정공시)              (+3) | 영업(잠정)실적(공정공시)              (+3),,2026-05-15: 분기보고서 (2026.03) | 2026-05-14: 풍문또는보도에대한해명               | 2026-05-12: 최대주주등소유주식변동신고서               | 2026-04-30: 연결재무제표기준영업(잠정)실적(공정공시)               | 2026-04-30: 영업(잠정)실적(공정공시)              ,6
한국콜마,161890,6,OK,,연결재무제표기준영업(잠정)실적(공정공시)              (+3) | 영업(잠정)실적(공정공시)              (+3),,2026-05-27: 기업설명회(IR)개최(안내공시)               | 2026-05-22: 투자판단관련주요경영사항               | 2026-05-21: 신규시설투자등(자회사의 주요경영사항)               | 2026-05-21: 기업설명회(IR)개최(안내공시)               | 2026-05-14: 분기보고서 (2026.03),15
모니터랩,434480,6,OK,,[첨부정정]주요사항보고서(회사합병결정)(+3) | 주요사항보고서(회사합병결정)(+3),,2026-05-19: [첨부정정]주요사항보고서(회사합병결정) | 2026-05-18: 주요사항보고서(회사합병결정) | 2026-05-13: 분기보고서 (2026.03),3
성호전자,043260,6,OK,,[첨부추가]주요사항보고서(회사합병결정)(+3) | [첨부정정]주요사항보고서(회사합병결정)(+3),,2026-05-26: 주식등의대량보유상황보고서(일반) | 2026-05-26: 임원ㆍ주요주주특정증권등소유상황보고서 | 2026-05-20: 주식등의대량보유상황보고서(일반) | 2026-05-15: 분기보고서 (2026.03) | 2026-05-07: 기업설명회(IR)개최              ,11
한국금융지주,071050,6,OK,,연결재무제표기준영업(잠정)실적(공정공시)(자회사의 주요경영사항)              (+3) | 연결재무제표기준영업(잠정)실적(공정공시)              (+3),,2026-05-20: [기재정정]타법인주식및출자증권취득결정(자회사의 주요경영사항)               | 2026-05-18: 기업설명회(IR)개최(안내공시)               | 2026-05-15: 분기보고서 (2026.03) | 2026-05-14: 기업설명회(IR)개최(안내공시)               | 2026-05-14: 연결재무제표기준영업(잠정)실적(공정공시)(자회사의 주요경영사항)              ,8
동원시스템즈,014820,6,OK,,영업(잠정)실적(공정공시)              (+3) | 연결재무제표기준영업(잠정)실적(공정공시)              (+3),,2026-05-14: 분기보고서 (2026.03) | 2026-05-14: [기재정정]사업보고서 (2025.12) | 2026-04-30: 영업(잠정)실적(공정공시)               | 2026-04-30: 연결재무제표기준영업(잠정)실적(공정공시)               | 2026-04-28: 기업가치제고계획(자율공시)              ,5
KG에코솔루션,151860,6,OK,,영업(잠정)실적(공정공시)              (+3) | 연결재무제표기준영업(잠정)실적(공정공시)              (+3),,2026-05-15: 분기보고서 (2026.03) | 2026-05-14: 임원ㆍ주요주주특정증권등소유상황보고서 | 2026-05-13: 타법인주식및출자증권취득결정(자회사의 주요경영사항)               | 2026-05-07: 영업(잠정)실적(공정공시)               | 2026-05-07: 연결재무제표기준영업(잠정)실적(공정공시)              ,6
더블유게임즈,192080,6,OK,,연결재무제표기준영업(잠정)실적(공정공시)              (+3) | 영업(잠정)실적(공정공시)              (+3),,2026-05-18: [기재정정]금전대여결정(자율공시)              (기존 대여금 만기 연장) | 2026-05-18: [기재정정]금전대여결정(자율공시)              (기존 대여금 만기 연장) | 2026-05-18: 기업설명회(IR)개최(안내공시)               | 2026-05-15: 분기보고서 (2026.03) | 2026-05-13: 연결재무제표기준영업(잠정)실적(공정공시)              ,9
에스엠,041510,6,OK,,연결재무제표기준영업(잠정)실적(공정공시)              (+3) | 영업(잠정)실적(공정공시)              (+3),,2026-05-15: 분기보고서 (2026.03) | 2026-05-06: 연결재무제표기준영업(잠정)실적(공정공시)               | 2026-05-06: 영업(잠정)실적(공정공시)               | 2026-05-06: 기업설명회(IR)개최               | 2026-05-04: 주식등의대량보유상황보고서(약식),5
콜마홀딩스,024720,6,OK,,연결재무제표기준영업(잠정)실적(공정공시)              (+3) | 영업(잠정)실적(공정공시)              (+3),,2026-05-22: 투자판단관련주요경영사항(자회사의 주요경영사항)               | 2026-05-14: 분기보고서 (2026.03) | 2026-05-12: 연결재무제표기준영업(잠정)실적(공정공시)               | 2026-05-12: 영업(잠정)실적(공정공시)               | 2026-05-11: 주식등의대량보유상황보고서(일반),7
인크로스,216050,6,OK,,연결재무제표기준영업(잠정)실적(공정공시)              (+3) | 영업(잠정)실적(공정공시)              (+3),,2026-05-15: 분기보고서 (2026.03) | 2026-05-12: 연결재무제표기준영업(잠정)실적(공정공시)               | 2026-05-12: 영업(잠정)실적(공정공시)              ,3
자이에스앤디,317400,8,OK,,[기재정정]단일판매ㆍ공급계약체결              (+5) | 연결재무제표기준영업(잠정)실적(공정공시)              (+3),,2026-05-15: 분기보고서 (2026.03) | 2026-05-07: [기재정정]단일판매ㆍ공급계약체결               | 2026-04-30: 연결재무제표기준영업(잠정)실적(공정공시)              ,3
HD현대일렉트릭,267260,8,OK,,단일판매ㆍ공급계약체결              (+5) | 연결재무제표기준영업(잠정)실적(공정공시)              (+3),,2026-05-15: 분기보고서 (2026.03) | 2026-05-15: [기재정정]지급수단별ㆍ지급기간별지급금액및분쟁조정기구에관한사항 | 2026-05-14: 임원ㆍ주요주주특정증권등소유상황보고서 | 2026-05-12: 최대주주등소유주식변동신고서               | 2026-05-11: 최대주주등소유주식변동신고서              ,15
IPARK현대산업개발,294870,8,OK,,[기재정정]단일판매ㆍ공급계약체결              (+5) | 연결재무제표기준영업(잠정)실적(공정공시)              (+3),,2026-05-26: 단일판매ㆍ공급계약해지               | 2026-05-26: 특수관계인으로부터부동산매수 | 2026-05-19: 임원ㆍ주요주주특정증권등소유상황보고서 | 2026-05-18: [기재정정]타인에대한채무보증결정               | 2026-05-15: 분기보고서 (2026.03),10
두산에너빌리티,034020,8,OK,,단일판매ㆍ공급계약체결              (+5) | 연결재무제표기준영업(잠정)실적(공정공시)              (+3),,2026-05-27: 주식등의대량보유상황보고서(일반) | 2026-05-22: 기업설명회(IR)개최(안내공시)               | 2026-05-14: 분기보고서 (2026.03) | 2026-05-14: 동일인등출자계열회사와의상품ㆍ용역거래변경 | 2026-05-12: 임원ㆍ주요주주특정증권등소유상황보고서,10
삼성전기,009150,8,OK,,단일판매ㆍ공급계약체결              (+5) | 연결재무제표기준영업(잠정)실적(공정공시)              (+3),,2026-05-20: 단일판매ㆍ공급계약체결               | 2026-05-15: 분기보고서 (2026.03) | 2026-05-04: 최대주주등소유주식변동신고서               | 2026-04-30: 연결재무제표기준영업(잠정)실적(공정공시)               | 2026-04-30: 특수관계인에대한출자,5
현대그린푸드,453340,8,OK,,주요사항보고서(자기주식취득결정)(+5) | 연결재무제표기준영업(잠정)실적(공정공시)              (+3),,2026-05-15: 분기보고서 (2026.03) | 2026-05-06: 주요사항보고서(자기주식취득결정) | 2026-05-06: 기업가치제고계획(자율공시)              (2025년 이행현황) | 2026-05-06: 연결재무제표기준영업(잠정)실적(공정공시)               | 2026-04-30: 결산실적공시예고(안내공시)              ,7
한미사이언스,008930,8,OK,,단일판매ㆍ공급계약체결(자회사의 주요경영사항)              (+5) | 연결재무제표기준영업(잠정)실적(공정공시)              (+3),,2026-05-21: 단일판매ㆍ공급계약체결(자회사의 주요경영사항)               | 2026-05-15: 분기보고서 (2026.03) | 2026-04-30: 연결재무제표기준영업(잠정)실적(공정공시)              ,3
에스케이바이오팜,326030,8,OK,,단일판매ㆍ공급계약체결              (+5) | 연결재무제표기준영업(잠정)실적(공정공시)              (+3),,2026-05-27: 단일판매ㆍ공급계약체결               | 2026-05-26: 기업설명회(IR)개최(안내공시)               | 2026-05-19: 기업설명회(IR)개최(안내공시)               | 2026-05-15: 분기보고서 (2026.03) | 2026-05-07: 연결재무제표기준영업(잠정)실적(공정공시)              ,6
한미약품,128940,8,OK,,단일판매ㆍ공급계약체결              (+5) | 연결재무제표기준영업(잠정)실적(공정공시)              (+3),,2026-05-22: 임원ㆍ주요주주특정증권등소유상황보고서 | 2026-05-21: 단일판매ㆍ공급계약체결               | 2026-05-15: 분기보고서 (2026.03) | 2026-04-30: [기재정정]사외이사의선임ㆍ해임또는중도퇴임에관한신고 | 2026-04-30: 기업설명회(IR)개최(안내공시)              ,7
빅텍,065450,8,OK,,[기재정정]단일판매ㆍ공급계약체결              (+5) | 연결재무제표기준영업(잠정)실적(공정공시)              (+3),,2026-05-26: [기재정정]단일판매ㆍ공급계약체결               | 2026-05-15: 분기보고서 (2026.03) | 2026-05-08: 연결재무제표기준영업(잠정)실적(공정공시)               | 2026-05-07: 주식등의대량보유상황보고서(약식) | 2026-04-28: [기재정정]전환청구권행사              ,5
위메이드플레이,123420,8,OK,,주식소각결정              (+5) | 연결재무제표기준영업(잠정)실적(공정공시)              (+3),,2026-05-20: [기재정정]주식매수선택권부여에관한신고 | 2026-05-20: [기재정정]주식매수선택권부여에관한신고 | 2026-05-20: [기재정정]주식매수선택권부여에관한신고 | 2026-05-15: 분기보고서 (2026.03) | 2026-05-13: [기재정정]주식매수선택권부여에관한신고,9
포스코DX,022100,8,OK,,[기재정정]단일판매ㆍ공급계약체결              (+5) | 연결재무제표기준영업(잠정)실적(공정공시)              (+3),,2026-05-15: 분기보고서 (2026.03) | 2026-05-11: [기재정정]단일판매ㆍ공급계약체결               | 2026-04-30: 연결재무제표기준영업(잠정)실적(공정공시)              ,3
AP시스템,265520,8,OK,,[기재정정]단일판매ㆍ공급계약체결              (+5) | 연결재무제표기준영업(잠정)실적(공정공시)              (+3),,2026-05-20: [기재정정]단일판매ㆍ공급계약체결               | 2026-05-15: 분기보고서 (2026.03) | 2026-05-08: 연결재무제표기준영업(잠정)실적(공정공시)               | 2026-04-30: 주식등의대량보유상황보고서(일반) | 2026-04-30: 임원ㆍ주요주주특정증권등소유상황보고서,22
영화금속,012280,8,OK,,영업(잠정)실적(공정공시)              (+3) | 주식소각결정              (+5),,2026-05-27: 주요사항보고서(자기전환사채만기전취득결정) | 2026-05-15: 분기보고서 (2026.03) | 2026-05-14: 신탁계약에의한취득상황보고서 | 2026-05-06: 영업(잠정)실적(공정공시)               | 2026-04-28: 주식소각결정              ,5
SK바이오사이언스,302440,8,OK,,연결재무제표기준영업(잠정)실적(공정공시)              (+3) | 주요사항보고서(자기주식취득결정)(+5),,2026-05-13: 분기보고서 (2026.03) | 2026-05-06: 기업설명회(IR)개최(안내공시)               | 2026-05-06: 연결재무제표기준영업(잠정)실적(공정공시)               | 2026-04-28: 주요사항보고서(자기주식취득결정),4
대한조선,439260,8,OK,,연결재무제표기준영업(잠정)실적(공정공시)              (+3) | 주식소각결정              (+5),,2026-05-15: 분기보고서 (2026.03) | 2026-05-06: 기업설명회(IR)개최(안내공시)               | 2026-04-29: 신탁계약해지결과보고서 | 2026-04-29: 신탁계약에의한취득상황보고서 | 2026-04-29: 연결재무제표기준영업(잠정)실적(공정공시)              ,8
LG생활건강,051900,8,OK,,주식소각결정              (+5) | 연결재무제표기준영업(잠정)실적(공정공시)              (+3),,2026-05-19: 풍문또는보도에대한해명               | 2026-05-15: 분기보고서 (2026.03) | 2026-04-30: 주식소각결정               | 2026-04-30: 연결재무제표기준영업(잠정)실적(공정공시)              ,4
GS,078930,8,OK,,연결재무제표기준영업(잠정)실적(공정공시)              (+3) | 주식소각결정              (+5),,2026-05-15: 분기보고서 (2026.03) | 2026-05-14: 주식등의대량보유상황보고서(일반) | 2026-05-13: 연결재무제표기준영업(잠정)실적(공정공시)               | 2026-05-08: 주식소각결정               | 2026-05-07: 임원ㆍ주요주주특정증권등거래계획보고서,8
HD현대마린엔진,071970,8,OK,,연결재무제표기준영업(잠정)실적(공정공시)              (+3) | 단일판매ㆍ공급계약체결              (+5),,2026-05-19: [기재정정]분기보고서 (2026.03) | 2026-05-15: 분기보고서 (2026.03) | 2026-05-07: 연결재무제표기준영업(잠정)실적(공정공시)               | 2026-04-29: 단일판매ㆍ공급계약체결              ,4
하이브,352820,8,OK,,주요사항보고서(자기주식취득결정)(+5) | 연결재무제표기준영업(잠정)실적(공정공시)              (+3),,2026-05-21: 특수관계인으로부터수증 | 2026-05-21: 임원ㆍ주요주주특정증권등소유상황보고서 | 2026-05-21: 주식등의대량보유상황보고서(일반) | 2026-05-21: [기재정정]주식등의대량보유상황보고서(일반) | 2026-05-21: [기재정정]주식등의대량보유상황보고서(일반),9
팬오션,028670,8,OK,,단일판매ㆍ공급계약체결              (+5) | 연결재무제표기준영업(잠정)실적(공정공시)              (+3),,2026-05-22: 최대주주등소유주식변동신고서               | 2026-05-21: 주식등의대량보유상황보고서(일반) | 2026-05-14: 신규시설투자등               | 2026-05-14: 분기보고서 (2026.03) | 2026-05-07: 주식등의대량보유상황보고서(일반),9
HDC,012630,8,OK,,연결재무제표기준영업(잠정)실적(공정공시)              (+3) | [기재정정]단일판매ㆍ공급계약체결(자회사의 주요경영사항)              (+5),,2026-05-27: 최대주주등소유주식변동신고서               | 2026-05-27: 주식등의대량보유상황보고서(일반) | 2026-05-26: 단일판매ㆍ공급계약해지(자회사의 주요경영사항)               | 2026-05-22: 최대주주등소유주식변동신고서               | 2026-05-22: 주식등의대량보유상황보고서(일반),14
한샘,009240,9,OK,,연결재무제표기준영업(잠정)실적(공정공시)              (+3) | [기재정정]주요사항보고서(회사합병결정)(+3) | 주요사항보고서(회사합병결정)(+3),,2026-05-21: 임원ㆍ주요주주특정증권등소유상황보고서 | 2026-05-14: 분기보고서 (2026.03) | 2026-05-11: 연결재무제표기준영업(잠정)실적(공정공시)               | 2026-05-11: [기재정정]주요사항보고서(회사합병결정) | 2026-05-07: 주주명부폐쇄기간또는기준일설정              ,6
스튜디오드래곤,253450,9,OK,,연결재무제표기준영업(잠정)실적(공정공시)              (+3) | [기재정정]주요사항보고서(회사합병결정)(+3) | 주요사항보고서(회사합병결정)(+3),,2026-05-15: 분기보고서 (2026.03) | 2026-05-07: 연결재무제표기준영업(잠정)실적(공정공시)               | 2026-05-06: 기업설명회(IR)개최               | 2026-05-04: [기재정정]주요사항보고서(회사합병결정) | 2026-04-30: 기업설명회(IR)개최              ,6
iM금융지주,139130,9,OK,,연결재무제표기준영업(잠정)실적(공정공시)(자회사의 주요경영사항)              (+3) | 연결재무제표기준영업(잠정)실적(공정공시)(자회사의 주요경영사항)              (+3) | 연결재무제표기준영업(잠정)실적(공정공시)              (+3),,2026-05-27: 신탁계약에의한취득상황보고서 | 2026-05-26: 기업설명회(IR)개최(안내공시)               | 2026-05-26: 기업설명회(IR)개최(안내공시)               | 2026-05-21: 임원ㆍ주요주주특정증권등소유상황보고서 | 2026-05-19: 임원ㆍ주요주주특정증권등소유상황보고서,14
대한항공,003490,9,OK,,[첨부정정]주요사항보고서(회사합병결정)(+3) | 회사합병결정(종속회사의주요경영사항)              (+3) | 주요사항보고서(회사합병결정)(+3),,2026-05-15: 분기보고서 (2026.03) | 2026-05-14: [첨부정정]주요사항보고서(회사합병결정) | 2026-05-13: 회사합병결정(종속회사의주요경영사항)               | 2026-05-13: 주주명부폐쇄기간또는기준일설정               | 2026-05-13: 주요사항보고서(회사합병결정),7
컴투스,078340,9,OK,,[기재정정]회사합병결정(종속회사의주요경영사항)              (+3) | 영업(잠정)실적(공정공시)              (+3) | 연결재무제표기준영업(잠정)실적(공정공시)              (+3),,2026-05-20: 임원ㆍ주요주주특정증권등소유상황보고서 | 2026-05-15: 분기보고서 (2026.03) | 2026-05-14: [기재정정]회사합병결정(종속회사의주요경영사항)               | 2026-05-13: 영업(잠정)실적(공정공시)               | 2026-05-13: 연결재무제표기준영업(잠정)실적(공정공시)              ,7
메리츠금융지주,138040,9,OK,,연결재무제표기준영업(잠정)실적(공정공시)              (+3) | 영업(잠정)실적(공정공시)(자회사의 주요경영사항)              (+3) | 연결재무제표기준영업(잠정)실적(공정공시)(자회사의 주요경영사항)              (+3),,2026-05-15: 분기보고서 (2026.03) | 2026-05-14: 기업가치제고계획(자율공시)              (2026년 1분기 이행현황) | 2026-05-14: 연결재무제표기준영업(잠정)실적(공정공시)               | 2026-05-14: 영업(잠정)실적(공정공시)(자회사의 주요경영사항)               | 2026-05-14: 연결재무제표기준영업(잠정)실적(공정공시)(자회사의 주요경영사항)              ,7
엘에스일렉트릭,010120,10,OK,,[기재정정]단일판매ㆍ공급계약체결              (+5) | 단일판매ㆍ공급계약체결              (+5),,2026-05-22: 지속가능경영보고서등관련사항(자율공시)               | 2026-05-22: 최대주주등소유주식변동신고서               | 2026-05-22: 임원ㆍ주요주주특정증권등소유상황보고서 | 2026-05-14: 약관에의한금융거래시계열금융회사의거래상대방의공시 | 2026-05-14: 단기차입금증가결정              ,13
에프엔에스테크,083500,10,OK,,주식소각결정              (+5) | 단일판매ㆍ공급계약체결(자율공시)              (+5),,2026-05-19: 주식소각결정               | 2026-05-18: 주식등의대량보유상황보고서(약식) | 2026-05-13: 분기보고서 (2026.03) | 2026-05-07: 단일판매ㆍ공급계약체결(자율공시)               | 2026-04-27: 교환청구권행사              ,5
메타바이오메드,059210,10,OK,,[기재정정]주요사항보고서(자기주식취득결정)(+5) | 주요사항보고서(자기주식취득결정)(+5),,2026-05-22: 임원ㆍ주요주주특정증권등소유상황보고서 | 2026-05-15: [기재정정]분기보고서 (2026.03) | 2026-05-15: 분기보고서 (2026.03) | 2026-05-14: [기재정정]주요사항보고서(자기주식취득결정) | 2026-05-14: 주요사항보고서(자기주식취득결정),8
참엔지니어링,009310,10,OK,,[첨부추가]단일판매ㆍ공급계약체결              (+5) | 단일판매ㆍ공급계약체결              (+5),,2026-05-15: 분기보고서 (2026.03) | 2026-04-27: [첨부추가]단일판매ㆍ공급계약체결               | 2026-05-08: 주주명부폐쇄기간또는기준일설정               | 2026-05-08: 주주총회소집결의               | 2026-04-29: 기타시장안내              (개선계획서 제출),6
에코아이,448280,10,OK,,단일판매ㆍ공급계약체결              (+5) | 단일판매ㆍ공급계약체결              (+5),,2026-05-27: 단일판매ㆍ공급계약체결               | 2026-05-14: 분기보고서 (2026.03) | 2026-05-06: 단일판매ㆍ공급계약체결              ,3
동신건설,025950,10,OK,,[기재정정]단일판매ㆍ공급계약체결              (+5) | [기재정정]단일판매ㆍ공급계약체결              (+5),,2026-05-15: 분기보고서 (2026.03) | 2026-05-06: [기재정정]단일판매ㆍ공급계약체결               | 2026-05-04: 기업가치제고계획(자율공시)              (2026년 동신건설(주) 기업가치 제고 계획) | 2026-05-04: [기재정정]단일판매ㆍ공급계약체결              ,4
LS,006260,10,OK,,[기재정정]단일판매ㆍ공급계약체결(자회사의 주요경영사항)              (+5) | 단일판매ㆍ공급계약체결(자회사의 주요경영사항)              (+5),,2026-05-27: [기재정정]분기보고서 (2026.03) | 2026-05-18: [기재정정]투자판단관련주요경영사항(자회사의 주요경영사항)               | 2026-05-18: 투자판단관련주요경영사항(자회사의 주요경영사항)               | 2026-05-15: 분기보고서 (2026.03) | 2026-05-14: 단기차입금증가결정(자회사의 주요경영사항)              ,11
예스티,122640,10,OK,,단일판매ㆍ공급계약체결(자율공시)              (+5) | [기재정정]단일판매ㆍ공급계약체결(자율공시)              (+5),,2026-05-26: 단일판매ㆍ공급계약체결(자율공시)               | 2026-05-14: 분기보고서 (2026.03) | 2026-04-27: [기재정정]단일판매ㆍ공급계약체결(자율공시)              ,3
제너셈,217190,10,OK,,[기재정정]단일판매ㆍ공급계약체결(자율공시)              (+5) | [기재정정]단일판매ㆍ공급계약체결(자율공시)              (+5),,2026-05-14: 분기보고서 (2026.03) | 2026-05-12: [기재정정]단일판매ㆍ공급계약체결(자율공시)               | 2026-05-12: [기재정정]단일판매ㆍ공급계약체결(자율공시)               | 2026-05-08: 임원ㆍ주요주주특정증권등소유상황보고서 | 2026-05-07: 주주총회소집결의              (임시주주총회),8
프레스티지바이오로직스,334970,10,OK,,단일판매ㆍ공급계약체결              (+5) | [기재정정]단일판매ㆍ공급계약체결              (+5),,2026-05-15: 분기보고서 (2026.03) | 2026-05-15: 단일판매ㆍ공급계약체결               | 2026-04-30: 단일판매ㆍ공급계약해지               | 2026-04-30: [기재정정]단일판매ㆍ공급계약체결              ,4
SG,255220,10,OK,,[기재정정]단일판매ㆍ공급계약체결              (+5) | [기재정정]단일판매ㆍ공급계약체결              (+5),,2026-05-22: [기재정정]단일판매ㆍ공급계약체결               | 2026-05-15: 분기보고서 (2026.03) | 2026-04-30: [기재정정]단일판매ㆍ공급계약체결               | 2026-04-29: 주식등의대량보유상황보고서(일반) | 2026-04-29: 전환가액의조정              ,5
선익시스템,171090,10,OK,,단일판매ㆍ공급계약체결              (+5) | [기재정정]단일판매ㆍ공급계약체결(자율공시)              (+5),,2026-05-26: 단일판매ㆍ공급계약체결               | 2026-05-18: 기업설명회(IR)개최               | 2026-05-15: 파생상품거래손실발생               | 2026-05-15: 분기보고서 (2026.03) | 2026-05-11: 기업설명회(IR)개최              ,7
위세아이텍,065370,10,OK,,[기재정정]단일판매ㆍ공급계약체결              (+5) | 단일판매ㆍ공급계약체결              (+5),,2026-05-15: 분기보고서 (2026.03) | 2026-05-13: 주식등의대량보유상황보고서(일반) | 2026-05-08: [기재정정]단일판매ㆍ공급계약체결               | 2026-05-04: 단일판매ㆍ공급계약체결              ,4
엔시스,333620,10,OK,,[기재정정]단일판매ㆍ공급계약체결(자율공시)              (+5) | 단일판매ㆍ공급계약체결              (+5),,2026-05-20: 주식등의대량보유상황보고서(일반) | 2026-05-20: 임원ㆍ주요주주특정증권등소유상황보고서 | 2026-05-18: 임시주주총회결과               | 2026-05-15: 분기보고서 (2026.03) | 2026-04-30: [기재정정]전환청구권행사              ,10
까뮤이앤씨,013700,10,OK,,[기재정정]단일판매ㆍ공급계약체결              (+5) | [기재정정]단일판매ㆍ공급계약체결              (+5),,2026-05-15: 최대주주등소유주식변동신고서               | 2026-05-15: 주식등의대량보유상황보고서(일반) | 2026-05-15: 임원ㆍ주요주주특정증권등소유상황보고서 | 2026-05-15: 분기보고서 (2026.03) | 2026-05-14: [기재정정]단일판매ㆍ공급계약체결              ,10
남광토건,001260,10,OK,,[기재정정]단일판매ㆍ공급계약체결              (+5) | [기재정정]단일판매ㆍ공급계약체결              (+5),,2026-05-20: 타인에대한채무보증결정               | 2026-05-15: 분기보고서 (2026.03) | 2026-05-13: [기재정정]단일판매ㆍ공급계약체결               | 2026-05-11: [기재정정]단일판매ㆍ공급계약체결              ,4
쎄노텍,222420,10,OK,,단일판매ㆍ공급계약체결              (+5) | 단일판매ㆍ공급계약체결              (+5),,2026-05-26: 단일판매ㆍ공급계약체결               | 2026-05-13: 단일판매ㆍ공급계약체결               | 2026-05-08: 분기보고서 (2026.03),3
동남합성,023450,10,OK,,[기재정정]주요사항보고서(자기주식취득결정)(+5) | 주요사항보고서(자기주식취득결정)(+5),,2026-05-22: 최대주주등소유주식변동신고서               | 2026-05-15: 분기보고서 (2026.03) | 2026-05-08: 최대주주등소유주식변동신고서               | 2026-05-04: [기재정정]주요사항보고서(자기주식취득결정) | 2026-05-04: 주요사항보고서(자기주식취득결정),5
우리기술,032820,10,OK,,단일판매ㆍ공급계약체결              (+5) | [기재정정]단일판매ㆍ공급계약체결              (+5),,2026-05-18: 단일판매ㆍ공급계약체결               | 2026-05-15: 분기보고서 (2026.03) | 2026-04-27: [기재정정]단일판매ㆍ공급계약체결              ,3
에코심플렉스,038870,10,OK,,[기재정정]단일판매ㆍ공급계약체결              (+5) | [기재정정]단일판매ㆍ공급계약체결              (+5),,2026-05-14: 분기보고서 (2026.03) | 2026-05-08: [기재정정]단일판매ㆍ공급계약체결               | 2026-05-07: 임시주주총회결과               | 2026-04-30: [기재정정]단일판매ㆍ공급계약체결              ,4
센코,347000,10,OK,,[기재정정]단일판매ㆍ공급계약체결(자율공시)              (+5) | [기재정정]단일판매ㆍ공급계약체결(자율공시)              (+5),,2026-05-19: [기재정정]단일판매ㆍ공급계약체결(자율공시)               | 2026-05-14: 분기보고서 (2026.03) | 2026-04-30: [기재정정]단일판매ㆍ공급계약체결(자율공시)              ,3
LS마린솔루션,060370,10,OK,,[기재정정]단일판매ㆍ공급계약체결              (+5) | [기재정정]단일판매ㆍ공급계약체결              (+5),,2026-05-19: [기재정정]단일판매ㆍ공급계약체결               | 2026-05-15: [기재정정]분기보고서 (2026.03) | 2026-05-15: 분기보고서 (2026.03) | 2026-05-11: [기재정정]단일판매ㆍ공급계약체결               | 2026-04-27: 단일판매ㆍ공급계약해지              ,5
힘스,238490,10,OK,,[기재정정]단일판매ㆍ공급계약체결              (+5) | 단일판매ㆍ공급계약체결(자율공시)              (+5),,2026-05-19: [기재정정]단일판매ㆍ공급계약체결               | 2026-05-18: 단일판매ㆍ공급계약체결(자율공시)               | 2026-05-14: 분기보고서 (2026.03),3
윤성에프앤씨,372170,10,OK,,[기재정정]단일판매ㆍ공급계약체결              (+5) | 단일판매ㆍ공급계약체결              (+5),,2026-05-15: 분기보고서 (2026.03) | 2026-05-15: [기재정정]단일판매ㆍ공급계약체결               | 2026-05-13: 단일판매ㆍ공급계약체결               | 2026-04-30: 소속부변경              ,4
금호건설,002990,10,OK,,[기재정정]단일판매ㆍ공급계약체결              (+5) | [기재정정]단일판매ㆍ공급계약체결              (+5),,2026-05-22: 투자판단관련주요경영사항               | 2026-05-21: [기재정정]단일판매ㆍ공급계약체결               | 2026-05-18: [기재정정]단일판매ㆍ공급계약체결               | 2026-05-15: 분기보고서 (2026.03) | 2026-05-12: 기업설명회(IR)개최(안내공시)              ,5
유니슨,018000,10,OK,,[기재정정]단일판매ㆍ공급계약체결              (+5) | [기재정정]단일판매ㆍ공급계약체결              (+5),,2026-05-27: [기재정정]단일판매ㆍ공급계약체결               | 2026-05-26: 전환가액의조정              (제17회차) | 2026-05-15: 분기보고서 (2026.03) | 2026-05-13: 신주인수권행사              (제15회차) | 2026-05-13: [기재정정]주식매수선택권부여에관한신고,10
한국정보공학,039740,10,OK,,단일판매ㆍ공급계약체결              (+5) | 단일판매ㆍ공급계약체결              (+5),,2026-05-26: 단일판매ㆍ공급계약체결               | 2026-05-26: 단일판매ㆍ공급계약체결               | 2026-05-15: 분기보고서 (2026.03),3
씨케이솔루션,480370,10,OK,,[기재정정]단일판매ㆍ공급계약체결              (+5) | 단일판매ㆍ공급계약체결              (+5),,2026-05-20: [기재정정]단일판매ㆍ공급계약체결               | 2026-05-15: 분기보고서 (2026.03) | 2026-05-06: 단일판매ㆍ공급계약체결              ,3
유니크,011320,10,OK,,[기재정정]주요사항보고서(자기주식취득결정)(+5) | 주요사항보고서(자기주식취득결정)(+5),,2026-05-22: 주주명부폐쇄기간또는기준일설정               | 2026-05-22: 임원ㆍ주요주주특정증권등소유상황보고서 | 2026-05-22: 임원ㆍ주요주주특정증권등소유상황보고서 | 2026-05-15: 분기보고서 (2026.03) | 2026-05-15: 임원ㆍ주요주주특정증권등소유상황보고서,13
씨메스로보틱스,475400,10,OK,,단일판매ㆍ공급계약체결              (+5) | 단일판매ㆍ공급계약체결              (+5),,2026-05-14: 분기보고서 (2026.03) | 2026-05-11: 단일판매ㆍ공급계약체결               | 2026-05-07: 단일판매ㆍ공급계약체결              ,3
JTC,950170,10,OK,,주식소각결정              (+5) | 주요사항보고서(자기주식취득결정)(+5),,2026-05-20: 감사보고서제출               | 2026-05-20: [기재정정]코스닥시장상장외국법인외부감사인선임ㆍ해임신고서               | 2026-05-20: 주식소각결정               | 2026-05-13: 주주총회소집공고 | 2026-04-30: 주요사항보고서(자기주식취득결정),6
파미셀,005690,10,OK,,단일판매ㆍ공급계약체결              (+5) | 단일판매ㆍ공급계약체결              (+5),,2026-05-27: 단일판매ㆍ공급계약체결               | 2026-05-12: 분기보고서 (2026.03) | 2026-05-12: [기재정정]주식매수선택권부여에관한신고 | 2026-05-08: 단일판매ㆍ공급계약체결              ,4
하나기술,299030,10,OK,,[기재정정]단일판매ㆍ공급계약체결              (+5) | [기재정정]단일판매ㆍ공급계약체결              (+5),,2026-05-15: 분기보고서 (2026.03) | 2026-05-12: [기재정정]단일판매ㆍ공급계약체결               | 2026-05-12: [기재정정]단일판매ㆍ공급계약체결               | 2026-05-07: 주식등의대량보유상황보고서(일반) | 2026-05-04: 단일판매ㆍ공급계약해지              ,6
현대로템,064350,10,OK,,[기재정정]단일판매ㆍ공급계약체결              (+5) | [기재정정]단일판매ㆍ공급계약체결              (+5),,2026-05-21: [기재정정]타법인주식및출자증권취득결정               | 2026-05-15: 분기보고서 (2026.03) | 2026-05-15: 기업설명회(IR)개최(안내공시)               | 2026-05-15: 풍문또는보도에대한해명(미확정)               | 2026-05-08: 기업설명회(IR)개최(안내공시)              ,9
대신정보통신,020180,10,OK,,[기재정정]단일판매ㆍ공급계약체결              (+5) | [기재정정]단일판매ㆍ공급계약체결              (+5),,2026-05-26: 임원ㆍ주요주주특정증권등소유상황보고서 | 2026-05-26: 임원ㆍ주요주주특정증권등소유상황보고서 | 2026-05-26: 임원ㆍ주요주주특정증권등소유상황보고서 | 2026-05-26: 임원ㆍ주요주주특정증권등소유상황보고서 | 2026-05-26: 주식등의대량보유상황보고서(일반),8
미원홀딩스,107590,10,OK,,[기재정정]주요사항보고서(자기주식취득결정)(자회사의 주요경영사항)              (+5) | 주요사항보고서(자기주식취득결정)(자회사의 주요경영사항)              (+5),,2026-05-21: 최대주주등소유주식변동신고서               | 2026-05-18: 최대주주등소유주식변동신고서               | 2026-05-18: 임원ㆍ주요주주특정증권등소유상황보고서 | 2026-05-18: 주식등의대량보유상황보고서(일반) | 2026-05-15: 분기보고서 (2026.03),7
LG유플러스,032640,11,OK,,연결재무제표기준영업(잠정)실적(공정공시)              (+3) | 영업(잠정)실적(공정공시)              (+3) | 주식소각결정              (+5),,2026-05-20: 기업설명회(IR)개최(안내공시)               | 2026-05-15: 분기보고서 (2026.03) | 2026-05-08: 기업설명회(IR)개최(안내공시)               | 2026-05-07: 기업설명회(IR)개최(안내공시)               | 2026-05-07: 연결재무제표기준영업(잠정)실적(공정공시)              ,8
디바이스,187870,11,OK,,단일판매ㆍ공급계약체결              (+5) | [첨부정정]주요사항보고서(회사합병결정)(+3) | 주요사항보고서(회사합병결정)(+3),,2026-05-27: 단일판매ㆍ공급계약체결               | 2026-05-22: 주식등의대량보유상황보고서(일반) | 2026-05-22: 임원ㆍ주요주주특정증권등소유상황보고서 | 2026-05-22: 임원ㆍ주요주주특정증권등소유상황보고서 | 2026-05-22: 임원ㆍ주요주주특정증권등소유상황보고서,17
더즌,462860,11,OK,,연결재무제표기준영업(잠정)실적(공정공시)              (+3) | 영업(잠정)실적(공정공시)              (+3) | 주식소각결정              (+5),,2026-05-18: 자기주식취득결과보고서 | 2026-05-15: 분기보고서 (2026.03) | 2026-05-08: 연결재무제표기준영업(잠정)실적(공정공시)               | 2026-05-08: 영업(잠정)실적(공정공시)               | 2026-05-04: 주식소각결정              ,6
산일전기,062040,11,OK,,연결재무제표기준영업(잠정)실적(공정공시)              (+3) | 영업(잠정)실적(공정공시)              (+3) | 단일판매ㆍ공급계약체결              (+5),,2026-05-15: 분기보고서 (2026.03) | 2026-05-12: 임원ㆍ주요주주특정증권등소유상황보고서 | 2026-04-30: 연결재무제표기준영업(잠정)실적(공정공시)               | 2026-04-30: 영업(잠정)실적(공정공시)               | 2026-04-30: 단일판매ㆍ공급계약체결              ,5
아이크래프트,052460,11,OK,,연결재무제표기준영업(잠정)실적(공정공시)              (+3) | 영업(잠정)실적(공정공시)              (+3) | [기재정정]단일판매ㆍ공급계약체결              (+5),,2026-05-15: 분기보고서 (2026.03) | 2026-05-11: 연결재무제표기준영업(잠정)실적(공정공시)               | 2026-05-11: 영업(잠정)실적(공정공시)               | 2026-04-30: [기재정정]단일판매ㆍ공급계약체결               | 2026-04-30: 소속부변경              ,5
CJ ENM,035760,12,OK,,연결재무제표기준영업(잠정)실적(공정공시)              (+3) | [기재정정]회사합병결정(종속회사의주요경영사항)              (+3) | [기재정정]회사합병결정(종속회사의주요경영사항)              (+3) | 회사합병결정(종속회사의주요경영사항)              (+3),,2026-05-15: 분기보고서 (2026.03) | 2026-05-07: 특수관계인에대한출자 | 2026-05-07: 기업설명회(IR)개최               | 2026-05-07: 기업설명회(IR)개최               | 2026-05-07: 연결재무제표기준영업(잠정)실적(공정공시)              ,8
LG,003550,13,OK,,주식소각결정              (+5) | 연결재무제표기준영업(잠정)실적(공정공시)              (+3) | 주식소각결정(자회사의 주요경영사항)              (+5),,2026-05-22: 주식소각결정               | 2026-05-15: 분기보고서 (2026.03) | 2026-05-07: 연결재무제표기준영업(잠정)실적(공정공시)               | 2026-04-30: 주식소각결정(자회사의 주요경영사항)              ,4
현대건설,000720,13,OK,,[기재정정]단일판매ㆍ공급계약체결              (+5) | [기재정정]단일판매ㆍ공급계약체결              (+5) | 연결재무제표기준영업(잠정)실적(공정공시)              (+3),,2026-05-26: 투자판단관련주요경영사항               | 2026-05-22: 임원ㆍ주요주주특정증권등소유상황보고서 | 2026-05-22: 임원ㆍ주요주주특정증권등소유상황보고서 | 2026-05-22: 임원ㆍ주요주주특정증권등소유상황보고서 | 2026-05-22: 임원ㆍ주요주주특정증권등소유상황보고서,26
한국항공우주,047810,13,OK,,[기재정정]단일판매ㆍ공급계약체결              (+5) | 연결재무제표기준영업(잠정)실적(공정공시)              (+3) | [기재정정]단일판매ㆍ공급계약체결              (+5),,2026-05-26: 주식등의대량보유상황보고서(일반) | 2026-05-15: 분기보고서 (2026.03) | 2026-05-14: [기재정정]단일판매ㆍ공급계약체결               | 2026-05-12: 기업설명회(IR)개최(안내공시)               | 2026-05-07: 연결재무제표기준영업(잠정)실적(공정공시)              ,8
쎄트렉아이,099320,13,OK,,[기재정정]단일판매ㆍ공급계약체결              (+5) | [기재정정]단일판매ㆍ공급계약체결              (+5) | 연결재무제표기준영업(잠정)실적(공정공시)              (+3),,2026-05-21: [기재정정]단일판매ㆍ공급계약체결               | 2026-05-14: [기재정정]단일판매ㆍ공급계약체결               | 2026-05-13: 분기보고서 (2026.03) | 2026-05-11: 임원ㆍ주요주주특정증권등소유상황보고서 | 2026-04-29: 연결재무제표기준영업(잠정)실적(공정공시)              ,5
키움증권,039490,13,OK,,주식소각결정              (+5) | 주요사항보고서(자기주식취득결정)(+5) | 연결재무제표기준영업(잠정)실적(공정공시)              (+3),,2026-05-27: 투자설명서(일괄신고) | 2026-05-27: 증권발행실적보고서 | 2026-05-27: 투자설명서(일괄신고) | 2026-05-27: 일괄신고추가서류(파생결합증권-주가연계증권) | 2026-05-27: 일괄신고추가서류(기타파생결합사채),92
케이피에프,024880,13,OK,,주식소각결정              (+5) | 주요사항보고서(자기주식취득결정)(+5) | 연결재무제표기준영업(잠정)실적(공정공시)              (+3),,2026-05-20: 주식소각결정               | 2026-05-20: 주요사항보고서(자기주식취득결정) | 2026-05-15: 타인에대한채무보증결정               | 2026-05-13: 분기보고서 (2026.03) | 2026-05-06: 연결재무제표기준영업(잠정)실적(공정공시)              ,6
웨이버스,336060,15,OK,,[기재정정]단일판매ㆍ공급계약체결              (+5) | 단일판매ㆍ공급계약체결              (+5) | 단일판매ㆍ공급계약체결(자율공시)              (+5),,2026-05-27: [기재정정]단일판매ㆍ공급계약체결               | 2026-05-27: 단일판매ㆍ공급계약체결               | 2026-05-26: 주식등의대량보유상황보고서(일반) | 2026-05-22: 단일판매ㆍ공급계약체결(자율공시)               | 2026-05-20: 주식등의대량보유상황보고서(일반),10
한신공영,004960,15,OK,,[기재정정]단일판매ㆍ공급계약체결              (+5) | [기재정정]단일판매ㆍ공급계약체결              (+5) | 단일판매ㆍ공급계약체결              (+5),,2026-05-15: 분기보고서 (2026.03) | 2026-05-08: [기재정정]단일판매ㆍ공급계약체결               | 2026-04-28: [기재정정]단일판매ㆍ공급계약체결               | 2026-04-28: 단일판매ㆍ공급계약체결              ,4
KSS해운,044450,15,OK,,단일판매ㆍ공급계약체결              (+5) | 단일판매ㆍ공급계약체결              (+5) | 단일판매ㆍ공급계약체결              (+5),,2026-05-21: 임원ㆍ주요주주특정증권등소유상황보고서 | 2026-05-15: 분기보고서 (2026.03) | 2026-05-06: 임원ㆍ주요주주특정증권등소유상황보고서 | 2026-04-30: 단일판매ㆍ공급계약체결               | 2026-04-30: 단일판매ㆍ공급계약체결              ,7
세보엠이씨,011560,15,OK,,단일판매ㆍ공급계약체결(자율공시)              (+5) | [기재정정]단일판매ㆍ공급계약체결(자율공시)              (+5) | 주식소각결정              (+5),,2026-05-15: 분기보고서 (2026.03) | 2026-05-14: 단일판매ㆍ공급계약체결(자율공시)               | 2026-05-07: [기재정정]단일판매ㆍ공급계약체결(자율공시)               | 2026-04-27: 주식소각결정               | 2026-04-27: 주요사항보고서(자기주식취득신탁계약체결결정),5
신원종합개발,017000,15,OK,,[기재정정]단일판매ㆍ공급계약체결              (+5) | [기재정정]단일판매ㆍ공급계약체결              (+5) | [기재정정]단일판매ㆍ공급계약체결              (+5),,2026-05-15: 분기보고서 (2026.03) | 2026-05-13: [기재정정]단일판매ㆍ공급계약체결               | 2026-05-13: [기재정정]단일판매ㆍ공급계약체결               | 2026-05-08: [기재정정]단일판매ㆍ공급계약체결              ,4
KCC건설,021320,15,OK,,[기재정정]단일판매ㆍ공급계약체결(자율공시)              (+5) | 단일판매ㆍ공급계약체결(자율공시)              (+5) | 단일판매ㆍ공급계약체결              (+5),,2026-05-15: 분기보고서 (2026.03) | 2026-05-13: [기재정정]단일판매ㆍ공급계약체결(자율공시)               | 2026-05-13: 단일판매ㆍ공급계약체결(자율공시)               | 2026-04-28: 단일판매ㆍ공급계약체결              ,4
네오셈,253590,15,OK,,단일판매ㆍ공급계약체결              (+5) | [기재정정]단일판매ㆍ공급계약체결(자율공시)              (+5) | 단일판매ㆍ공급계약체결              (+5),,2026-05-27: 단일판매ㆍ공급계약체결               | 2026-05-15: 분기보고서 (2026.03) | 2026-05-08: [기재정정]단일판매ㆍ공급계약체결(자율공시)               | 2026-05-06: 단일판매ㆍ공급계약체결              ,4
동부건설,005960,15,OK,,[기재정정]단일판매ㆍ공급계약체결              (+5) | 단일판매ㆍ공급계약체결              (+5) | 단일판매ㆍ공급계약체결              (+5),,2026-05-20: 주식등의대량보유상황보고서(일반) | 2026-05-19: [기재정정]단일판매ㆍ공급계약체결               | 2026-05-15: 분기보고서 (2026.03) | 2026-05-15: 소송등의제기ㆍ신청(일정금액이상의청구)               | 2026-04-30: 단일판매ㆍ공급계약체결              ,6
삼일기업공사,002290,15,OK,,[기재정정]단일판매ㆍ공급계약체결              (+5) | [기재정정]단일판매ㆍ공급계약체결              (+5) | [기재정정]단일판매ㆍ공급계약체결              (+5),,2026-05-20: [기재정정]단일판매ㆍ공급계약체결               | 2026-05-15: 분기보고서 (2026.03) | 2026-04-30: 소속부변경               | 2026-04-30: [기재정정]단일판매ㆍ공급계약체결               | 2026-04-29: [기재정정]단일판매ㆍ공급계약체결              ,5
비에이치아이,083650,15,OK,,[기재정정]단일판매ㆍ공급계약체결              (+5) | 단일판매ㆍ공급계약체결(자율공시)              (+5) | [기재정정]단일판매ㆍ공급계약체결              (+5),,2026-05-27: [기재정정]단일판매ㆍ공급계약체결               | 2026-05-26: 단일판매ㆍ공급계약체결(자율공시)               | 2026-05-15: 파생상품거래손실발생               | 2026-05-15: 분기보고서 (2026.03) | 2026-04-30: 소속부변경              ,6
한국종합기술,023350,15,OK,,[기재정정]단일판매ㆍ공급계약체결              (+5) | [기재정정]단일판매ㆍ공급계약체결              (+5) | [기재정정]단일판매ㆍ공급계약체결              (+5),,2026-05-21: [기재정정]단일판매ㆍ공급계약체결               | 2026-05-19: [기재정정]단일판매ㆍ공급계약체결               | 2026-05-15: 분기보고서 (2026.03) | 2026-05-08: [기재정정]단일판매ㆍ공급계약체결               | 2026-04-28: 선급금지급결정              ,5
진흥기업,002780,15,OK,,단일판매ㆍ공급계약체결              (+5) | 단일판매ㆍ공급계약체결              (+5) | 단일판매ㆍ공급계약체결              (+5),,2026-05-18: 단일판매ㆍ공급계약체결               | 2026-05-14: 분기보고서 (2026.03) | 2026-05-06: 단일판매ㆍ공급계약체결               | 2026-04-28: 단일판매ㆍ공급계약체결              ,4
NHN,181710,16,OK,,연결재무제표기준영업(잠정)실적(공정공시)              (+3) | 영업(잠정)실적(공정공시)              (+3) | 주식소각결정              (+5) | 주요사항보고서(자기주식취득결정)(+5),,2026-05-15: 분기보고서 (2026.03) | 2026-05-15: 기업설명회(IR)개최(안내공시)               | 2026-05-15: 기업설명회(IR)개최(안내공시)               | 2026-05-15: 기업설명회(IR)개최(안내공시)               | 2026-05-12: 연결재무제표기준영업(잠정)실적(공정공시)              ,10
HD현대,267250,16,OK,,단일판매ㆍ공급계약체결(자회사의 주요경영사항)              (+5) | 연결재무제표기준영업(잠정)실적(공정공시)              (+3) | 연결재무제표기준영업(잠정)실적(공정공시)(자회사의 주요경영사항)              (+3) | 단일판매ㆍ공급계약체결(자회사의 주요경영사항)              (+5),,2026-05-21: 단일판매ㆍ공급계약체결(자회사의 주요경영사항)               | 2026-05-15: 분기보고서 (2026.03) | 2026-05-13: 현금ㆍ현물배당을위한주주명부폐쇄(기준일)결정               | 2026-05-13: 현금ㆍ현물배당결정               | 2026-05-13: 연결재무제표기준영업(잠정)실적(공정공시)              ,8
BNK금융지주,138930,17,OK,,주식소각결정              (+5) | 연결재무제표기준영업(잠정)실적(공정공시)              (+3) | 연결재무제표기준영업(잠정)실적(공정공시)(자회사의 주요경영사항)              (+3) | 연결재무제표기준영업(잠정)실적(공정공시)(자회사의 주요경영사항)              (+3) | 연결재무제표기준영업(잠정)실적(공정공시)(자회사의 주요경영사항)              (+3),,2026-05-27: 투자설명서(일괄신고) | 2026-05-27: 일괄신고추가서류 | 2026-05-22: [기재정정]상각형조건부자본증권발행결정(자회사의 주요경영사항)               | 2026-05-19: 주식등의대량보유상황보고서(약식) | 2026-05-18: [기재정정]현금ㆍ현물배당결정              ,18
대우건설,047040,18,OK,,단일판매ㆍ공급계약체결              (+5) | [기재정정]단일판매ㆍ공급계약체결              (+5) | 단일판매ㆍ공급계약체결              (+5) | 연결재무제표기준영업(잠정)실적(공정공시)              (+3),,2026-05-22: 단일판매ㆍ공급계약체결               | 2026-05-18: 투자판단관련주요경영사항               | 2026-05-15: 분기보고서 (2026.03) | 2026-05-15: 임원ㆍ주요주주특정증권등소유상황보고서 | 2026-05-14: [기재정정]타인에대한채무보증결정              ,12
파두,440110,18,OK,,단일판매ㆍ공급계약체결              (+5) | 단일판매ㆍ공급계약체결              (+5) | [기재정정]단일판매ㆍ공급계약체결              (+5) | 연결재무제표기준영업(잠정)실적(공정공시)              (+3),,2026-05-22: 단일판매ㆍ공급계약체결               | 2026-05-15: 임원ㆍ주요주주특정증권등소유상황보고서 | 2026-05-12: 분기보고서 (2026.03) | 2026-05-11: 임원ㆍ주요주주특정증권등소유상황보고서 | 2026-05-08: 임원ㆍ주요주주특정증권등소유상황보고서,11
GS건설,006360,18,OK,,[기재정정]단일판매ㆍ공급계약체결              (+5) | 단일판매ㆍ공급계약체결              (+5) | [기재정정]단일판매ㆍ공급계약체결              (+5) | 연결재무제표기준영업(잠정)실적(공정공시)              (+3),,2026-05-27: 타인에대한채무보증결정               | 2026-05-21: [기재정정]단일판매ㆍ공급계약체결               | 2026-05-20: 단일판매ㆍ공급계약체결               | 2026-05-14: 분기보고서 (2026.03) | 2026-05-14: 공정거래자율준수프로그램운영현황(안내공시)              ,10
한화오션,042660,18,OK,,[기재정정]단일판매ㆍ공급계약체결              (+5) | 단일판매ㆍ공급계약체결              (+5) | 단일판매ㆍ공급계약체결              (+5) | 연결재무제표기준영업(잠정)실적(공정공시)              (+3),,2026-05-18: [기재정정]단일판매ㆍ공급계약체결               | 2026-05-14: 특수관계인과의내부거래 | 2026-05-13: 분기보고서 (2026.03) | 2026-05-11: 단일판매ㆍ공급계약체결               | 2026-05-07: 기업설명회(IR)개최(안내공시)              ,8
두산퓨얼셀,336260,18,OK,,[기재정정]단일판매ㆍ공급계약체결              (+5) | 연결재무제표기준영업(잠정)실적(공정공시)              (+3) | 단일판매ㆍ공급계약체결              (+5) | 단일판매ㆍ공급계약체결              (+5),,2026-05-21: [기재정정]단일판매ㆍ공급계약체결               | 2026-05-14: 분기보고서 (2026.03) | 2026-05-12: 자기주식처분결과보고서 | 2026-04-29: 연결재무제표기준영업(잠정)실적(공정공시)               | 2026-04-29: 단일판매ㆍ공급계약체결              ,6
신성이엔지,011930,18,OK,,주식소각결정              (+5) | [기재정정]주식소각결정              (+5) | 단일판매ㆍ공급계약체결(자율공시)              (+5) | 연결재무제표기준영업(잠정)실적(공정공시)              (+3),,2026-05-26: 주식등의대량보유상황보고서(약식) | 2026-05-19: 최대주주등소유주식변동신고서               | 2026-05-18: 주식소각결정               | 2026-05-18: [기재정정]주식소각결정               | 2026-05-14: 기업설명회(IR)개최(안내공시)              ,11
계룡건설산업,013580,20,OK,,단일판매ㆍ공급계약체결              (+5) | [기재정정]단일판매ㆍ공급계약체결              (+5) | 단일판매ㆍ공급계약체결              (+5) | [기재정정]단일판매ㆍ공급계약체결              (+5),,2026-05-26: 단일판매ㆍ공급계약체결               | 2026-05-22: 타법인주식및출자증권취득결정               | 2026-05-18: 투자판단관련주요경영사항               | 2026-05-15: 분기보고서 (2026.03) | 2026-05-08: [기재정정]단일판매ㆍ공급계약체결              ,7
동아지질,028100,20,OK,,[기재정정]단일판매ㆍ공급계약체결              (+5) | [기재정정]단일판매ㆍ공급계약체결              (+5) | [기재정정]단일판매ㆍ공급계약체결              (+5) | [기재정정]단일판매ㆍ공급계약체결(자율공시)              (+5),,2026-05-18: [기재정정]단일판매ㆍ공급계약체결               | 2026-05-15: 분기보고서 (2026.03) | 2026-05-08: [기재정정]단일판매ㆍ공급계약체결               | 2026-04-29: [기재정정]단일판매ㆍ공급계약체결               | 2026-04-27: [기재정정]단일판매ㆍ공급계약체결(자율공시)              ,5
나우로보틱스,459510,21,OK,,단일판매ㆍ공급계약체결(자율공시)              (+5) | [기재정정]단일판매ㆍ공급계약체결              (+5) | [기재정정]주요사항보고서(회사합병결정)(+3) | 주요사항보고서(회사합병결정)(+3) | [기재정정]단일판매ㆍ공급계약체결              (+5),,2026-05-21: 주식등의대량보유상황보고서(일반) | 2026-05-21: 임원ㆍ주요주주특정증권등소유상황보고서 | 2026-05-18: 단일판매ㆍ공급계약체결(자율공시)               | 2026-05-18: 임시주주총회결과               | 2026-05-15: 임원ㆍ주요주주특정증권등소유상황보고서,12
DL이앤씨,375500,23,OK,,단일판매ㆍ공급계약체결              (+5) | [기재정정]단일판매ㆍ공급계약체결              (+5) | [기재정정]단일판매ㆍ공급계약체결              (+5) | [기재정정]단일판매ㆍ공급계약체결              (+5) | 연결재무제표기준영업(잠정)실적(공정공시)              (+3),,2026-05-26: 중대재해발생               | 2026-05-22: 단일판매ㆍ공급계약체결               | 2026-05-20: [기재정정]단일판매ㆍ공급계약체결               | 2026-05-20: [기재정정]단일판매ㆍ공급계약체결               | 2026-05-19: [기재정정]단일판매ㆍ공급계약체결              ,12
DL,000210,23,OK,,단일판매ㆍ공급계약체결(자회사의 주요경영사항)              (+5) | [기재정정]단일판매ㆍ공급계약체결(자회사의 주요경영사항)              (+5) | [기재정정]단일판매ㆍ공급계약체결(자회사의 주요경영사항)              (+5) | [기재정정]단일판매ㆍ공급계약체결(자회사의 주요경영사항)              (+5) | 연결재무제표기준영업(잠정)실적(공정공시)              (+3),,2026-05-26: 중대재해발생(자회사의 주요경영사항)               | 2026-05-22: 단일판매ㆍ공급계약체결(자회사의 주요경영사항)               | 2026-05-20: [기재정정]단일판매ㆍ공급계약체결(자회사의 주요경영사항)               | 2026-05-20: [기재정정]단일판매ㆍ공급계약체결(자회사의 주요경영사항)               | 2026-05-19: [기재정정]단일판매ㆍ공급계약체결(자회사의 주요경영사항)              ,9
코오롱,002020,25,OK,,단일판매ㆍ공급계약체결(자회사의 주요경영사항)              (+5) | [기재정정]단일판매ㆍ공급계약체결(자회사의 주요경영사항)              (+5) | 단일판매ㆍ공급계약체결(자회사의 주요경영사항)              (+5) | [기재정정]단일판매ㆍ공급계약체결(자회사의 주요경영사항)              (+5) | 단일판매ㆍ공급계약체결(자회사의 주요경영사항)              (+5),,2026-05-22: 단일판매ㆍ공급계약체결(자회사의 주요경영사항)               | 2026-05-19: [기재정정]단일판매ㆍ공급계약체결(자회사의 주요경영사항)               | 2026-05-15: 분기보고서 (2026.03) | 2026-05-15: 단일판매ㆍ공급계약체결(자회사의 주요경영사항)               | 2026-05-12: 최대주주등소유주식변동신고서              ,11
HJ중공업,097230,25,OK,,단일판매ㆍ공급계약체결              (+5) | [기재정정]단일판매ㆍ공급계약체결              (+5) | [기재정정]단일판매ㆍ공급계약체결              (+5) | [기재정정]단일판매ㆍ공급계약체결              (+5) | 단일판매ㆍ공급계약체결              (+5),,2026-05-20: 단일판매ㆍ공급계약체결               | 2026-05-18: [기재정정]단일판매ㆍ공급계약체결               | 2026-05-15: 분기보고서 (2026.03) | 2026-05-06: [기재정정]단일판매ㆍ공급계약체결               | 2026-04-29: [기재정정]단일판매ㆍ공급계약체결              ,6
한성크린텍,066980,25,OK,,[기재정정]단일판매ㆍ공급계약체결(자율공시)              (+5) | 단일판매ㆍ공급계약체결(자율공시)              (+5) | 단일판매ㆍ공급계약체결(자율공시)              (+5) | [기재정정]단일판매ㆍ공급계약체결(자율공시)              (+5) | [기재정정]단일판매ㆍ공급계약체결(자율공시)              (+5),,2026-05-27: [기재정정]단일판매ㆍ공급계약체결(자율공시)               | 2026-05-18: 단일판매ㆍ공급계약체결(자율공시)               | 2026-05-18: 단일판매ㆍ공급계약체결(자율공시)               | 2026-05-15: 분기보고서 (2026.03) | 2026-05-13: [기재정정]단일판매ㆍ공급계약체결(자율공시)              ,7
삼호개발,010960,25,OK,,[기재정정]단일판매ㆍ공급계약체결              (+5) | [기재정정]단일판매ㆍ공급계약체결              (+5) | [기재정정]단일판매ㆍ공급계약체결              (+5) | 단일판매ㆍ공급계약체결              (+5) | [기재정정]단일판매ㆍ공급계약체결              (+5),,2026-05-15: 분기보고서 (2026.03) | 2026-05-06: [기재정정]단일판매ㆍ공급계약체결               | 2026-04-30: [기재정정]단일판매ㆍ공급계약체결               | 2026-04-30: [기재정정]단일판매ㆍ공급계약체결               | 2026-04-28: 단일판매ㆍ공급계약체결              ,6
미래산업,025560,28,OK,,단일판매ㆍ공급계약체결              (+5) | 단일판매ㆍ공급계약체결              (+5) | 단일판매ㆍ공급계약체결              (+5) | 단일판매ㆍ공급계약체결              (+5) | 주식분할결정              (+3),,2026-05-27: 단일판매ㆍ공급계약체결               | 2026-05-27: [기재정정]임원ㆍ주요주주특정증권등소유상황보고서 | 2026-05-26: 임원ㆍ주요주주특정증권등소유상황보고서 | 2026-05-20: 단일판매ㆍ공급계약체결               | 2026-05-20: 단일판매ㆍ공급계약체결              ,11
HD현대중공업,329180,29,OK,,영업(잠정)실적(공정공시)              (+3) | 단일판매ㆍ공급계약체결              (+5) | 단일판매ㆍ공급계약체결(자율공시)              (+5) | 단일판매ㆍ공급계약체결              (+5) | 영업(잠정)실적(공정공시)              (+3),,2026-05-22: 풍문또는보도에대한해명(미확정)               | 2026-05-20: 영업(잠정)실적(공정공시)               | 2026-05-15: 분기보고서 (2026.03) | 2026-05-15: 동일인등출자계열회사와의상품ㆍ용역거래변경 | 2026-05-14: 단일판매ㆍ공급계약체결              ,10
스피어,347700,35,🚨 YES,유상증자결정(종속회사의주요경영사항)              ,[기재정정]단일판매ㆍ공급계약체결              (+5) | [기재정정]단일판매ㆍ공급계약체결              (+5) | [기재정정]단일판매ㆍ공급계약체결              (+5) | [기재정정]단일판매ㆍ공급계약체결              (+5) | [기재정정]단일판매ㆍ공급계약체결              (+5),유상증자결정(종속회사의주요경영사항)              (-15),2026-05-26: [기재정정]단일판매ㆍ공급계약체결               | 2026-05-22: 전환청구권행사               | 2026-05-20: [기재정정]단일판매ㆍ공급계약체결               | 2026-05-19: 주요사항보고서(자기전환사채매도결정) | 2026-05-18: [기재정정]단일판매ㆍ공급계약체결              ,23
코오롱글로벌,003070,38,OK,,단일판매ㆍ공급계약체결              (+5) | [기재정정]단일판매ㆍ공급계약체결              (+5) | 단일판매ㆍ공급계약체결              (+5) | 연결재무제표기준영업(잠정)실적(공정공시)              (+3) | [기재정정]단일판매ㆍ공급계약체결              (+5),,2026-05-27: 풍문또는보도에대한해명(미확정)               | 2026-05-22: 단일판매ㆍ공급계약체결               | 2026-05-19: [기재정정]단일판매ㆍ공급계약체결               | 2026-05-15: 분기보고서 (2026.03) | 2026-05-15: 단일판매ㆍ공급계약체결              ,15
삼성중공업,010140,38,OK,,단일판매ㆍ공급계약체결              (+5) | 단일판매ㆍ공급계약체결              (+5) | 단일판매ㆍ공급계약체결              (+5) | 단일판매ㆍ공급계약체결              (+5) | 단일판매ㆍ공급계약체결              (+5),,2026-05-27: 단일판매ㆍ공급계약체결               | 2026-05-27: 단일판매ㆍ공급계약체결               | 2026-05-27: 단일판매ㆍ공급계약체결               | 2026-05-18: 단일판매ㆍ공급계약체결               | 2026-05-15: 분기보고서 (2026.03),12
HD한국조선해양,009540,40,OK,,단일판매ㆍ공급계약체결(자회사의 주요경영사항)              (+5) | 영업(잠정)실적(공정공시)              (+3) | 영업(잠정)실적(공정공시)(자회사의 주요경영사항)              (+3) | 단일판매ㆍ공급계약체결(자회사의 주요경영사항)              (+5) | 단일판매ㆍ공급계약체결(자회사의 주요경영사항)              (+5),,2026-05-21: 단일판매ㆍ공급계약체결(자회사의 주요경영사항)               | 2026-05-20: 영업(잠정)실적(공정공시)               | 2026-05-20: 영업(잠정)실적(공정공시)(자회사의 주요경영사항)               | 2026-05-15: 분기보고서 (2026.03) | 2026-05-14: 단일판매ㆍ공급계약체결(자회사의 주요경영사항)              ,12
우원개발,046940,40,OK,,[기재정정]단일판매ㆍ공급계약체결              (+5) | [기재정정]단일판매ㆍ공급계약체결              (+5) | [기재정정]단일판매ㆍ공급계약체결              (+5) | [기재정정]단일판매ㆍ공급계약체결              (+5) | 단일판매ㆍ공급계약체결              (+5),,2026-05-27: [기재정정]단일판매ㆍ공급계약체결               | 2026-05-27: [기재정정]단일판매ㆍ공급계약체결               | 2026-05-27: [기재정정]단일판매ㆍ공급계약체결               | 2026-05-21: [기재정정]단일판매ㆍ공급계약체결               | 2026-05-15: 주식등의대량보유상황보고서(일반),11
