종목명,종목코드,DART점수,Tier1발동,Tier1,호재내역,악재내역,최근공시,공시건수
더코디,224060,-315,🚨 YES,[기재정정]주요사항보고서(유상증자결정) | [기재정정]주요사항보고서(유상증자결정) | [기재정정]주요사항보고서(전환사채권발행결정),,[기재정정]주요사항보고서(유상증자결정)(-15) | [기재정정]주요사항보고서(유상증자결정)(-15) | [기재정정]주요사항보고서(전환사채권발행결정)(-15) | [기재정정]주요사항보고서(유상증자결정)(-15) | [기재정정]주요사항보고서(유상증자결정)(-15),2026-10-01: [기재정정]소액공모공시서류(지분증권) | 2026-10-01: [기재정정]소액공모공시서류(지분증권) | 2026-10-01: [기재정정]주요사항보고서(유상증자결정) | 2026-10-01: [기재정정]주요사항보고서(유상증자결정) | 2026-10-01: [기재정정]주요사항보고서(전환사채권발행결정),41
루멘스바이오스,038060,-230,🚨 YES,[기재정정]주요사항보고서(유상증자결정) | [기재정정]주요사항보고서(감자결정) | [기재정정]주요사항보고서(감자결정),,[기재정정]주요사항보고서(유상증자결정)(-15) | [기재정정]주요사항보고서(감자결정)(-20) | [기재정정]주요사항보고서(감자결정)(-20) | [기재정정]주요사항보고서(유상증자결정)(-15) | [첨부정정]주요사항보고서(감자결정)(-20),2026-09-23: [기재정정]주요사항보고서(유상증자결정) | 2026-09-22: 주식등의대량보유상황보고서(일반) | 2026-09-22: 임원ㆍ주요주주특정증권등소유상황보고서 | 2026-09-21: [기재정정]주요사항보고서(감자결정) | 2026-09-21: 증권발행결과(자율공시)              ,17
메디콕스,054180,-210,🚨 YES,주권매매거래정지              (투자자 보호) | 주권매매거래정지해제              (상장폐지에 따른 정리매매 개시) | 횡령ㆍ배임혐의진행사항              ,,주권매매거래정지              (투자자 보호)(-30) | 주권매매거래정지해제              (상장폐지에 따른 정리매매 개시)(-30) | 횡령ㆍ배임혐의진행사항              (-25) | 횡령ㆍ배임혐의진행사항              (-25) | [기재정정]횡령ㆍ배임혐의발생              (-25),2026-10-01: 주권매매거래정지              (투자자 보호) | 2026-10-01: 기타시장안내              (정리매매 보류 관련) | 2026-10-01: 기타경영사항(자율공시)              (상장폐지결정 등 효력정지 가처분 신청) | 2026-09-30: 주권매매거래정지해제              (상장폐지에 따른 정리매매 개시) | 2026-09-30: [기재정정]주주총회소집결의              (임시주주총회),14
이오플로우,294090,-160,🚨 YES,"[기재정정]주요사항보고서(유상증자결정) | [기재정정]기타시장안내              ('24사업연도 감사의견 관련 형식적 상장폐지 사유 해소, '25사업연도 감사의견거절 관련 및 매매거래정지 지속 안내) | [기재정정]기타시장안내              ('24사업연도 감사의견 관련 형식적 상장폐지 사유 해소, '25사업연도 감사의견거절 관련 및 매매거래정지 지속 안내)",,"[기재정정]주요사항보고서(유상증자결정)(-15) | [기재정정]기타시장안내              ('24사업연도 감사의견 관련 형식적 상장폐지 사유 해소, '25사업연도 감사의견거절 관련 및 매매거래정지 지속 안내)(-25) | [기재정정]기타시장안내              ('24사업연도 감사의견 관련 형식적 상장폐지 사유 해소, '25사업연도 감사의견거절 관련 및 매매거래정지 지속 안내)(-30) | 주권매매거래정지기간변경              (상장폐지 사유 일부해소 및 개선기간 부여)(-30) | 기타시장안내              ('24사업연도 감사의견 관련 형식적 상장폐지 사유 해소, '25사업연도 감사의견거절 관련 및 매매거래정지 지속 안내)(-25)","2026-09-30: [기재정정]주요사항보고서(유상증자결정) | 2026-09-30: [기재정정]사업보고서 (2024.12) | 2026-09-29: [기재정정]기타시장안내              ('24사업연도 감사의견 관련 형식적 상장폐지 사유 해소, '25사업연도 감사의견거절 관련 및 매매거래정지 지속 안내) | 2026-09-29: 주권매매거래정지기간변경              (상장폐지 사유 일부해소 및 개선기간 부여) | 2026-09-29: 기타시장안내              ('24사업연도 감사의견 관련 형식적 상장폐지 사유 해소, '25사업연도 감사의견거절 관련 및 매매거래정지 지속 안내)",17
파이온엑스,900100,-150,🚨 YES,주권매매거래정지기간변경              (풍문사유(채권자에 의한 파산신청설) 미해소) | 주권매매거래정지              (풍문 또는 보도 관련) | [기재정정]주요사항보고서(유상증자결정),,주권매매거래정지기간변경              (풍문사유(채권자에 의한 파산신청설) 미해소)(-30) | 주권매매거래정지              (풍문 또는 보도 관련)(-30) | [기재정정]주요사항보고서(유상증자결정)(-15) | [기재정정]주요사항보고서(유상증자결정)(-15) | [기재정정]주요사항보고서(유상증자결정)(-15),2026-09-29: 주권매매거래정지기간변경              (풍문사유(채권자에 의한 파산신청설) 미해소) | 2026-09-29: 조회공시요구(풍문또는보도)에대한답변(미확정)              (채권자에 의한 파산신청설) | 2026-09-28: 기타시장안내              (시가총액 미달에 따른 상장폐지 우려 관련 안내) | 2026-09-28: 조회공시요구(풍문또는보도)              (채권자에 의한 파산신청설) | 2026-09-28: 주권매매거래정지              (풍문 또는 보도 관련),15
엠젠솔루션,032790,-150,🚨 YES,[기재정정]주요사항보고서(유상증자결정) | 주권매매거래정지해제              (풍문 등 조회결과 공시) | 주권매매거래정지기간변경              (풍문사유(채권자에 의한 파산신청설) 미해소),,[기재정정]주요사항보고서(유상증자결정)(-15) | 주권매매거래정지해제              (풍문 등 조회결과 공시)(-30) | 주권매매거래정지기간변경              (풍문사유(채권자에 의한 파산신청설) 미해소)(-30) | 주권매매거래정지              (풍문 또는 보도 관련)(-30) | [기재정정]주요사항보고서(유상증자결정)(-15),2026-10-01: [기재정정]주요사항보고서(유상증자결정) | 2026-09-28: 의결권대리행사권유참고서류 | 2026-09-28: 주주총회소집공고 | 2026-09-28: [기재정정]주주총회소집결의              (임시주주총회) | 2026-09-28: 전환사채(해외전환사채포함)발행후만기전사채취득              ,25
프리티,006490,-140,🚨 YES,[기재정정]주요사항보고서(유상증자결정) | [기재정정]주요사항보고서(전환사채권발행결정) | [기재정정]주요사항보고서(전환사채권발행결정),,[기재정정]주요사항보고서(유상증자결정)(-15) | [기재정정]주요사항보고서(전환사채권발행결정)(-15) | [기재정정]주요사항보고서(전환사채권발행결정)(-15) | [기재정정]주요사항보고서(유상증자결정)(-15) | [기재정정]주요사항보고서(유상증자결정)(-15),2026-10-02: [기재정정]주요사항보고서(유상증자결정) | 2026-10-02: 임시주주총회결과               | 2026-10-01: [기재정정]주요사항보고서(전환사채권발행결정) | 2026-09-30: [기재정정]주요사항보고서(전환사채권발행결정) | 2026-09-30: [기재정정]주요사항보고서(유상증자결정),15
티엔엔터테인먼트,131100,-130,🚨 YES,횡령ㆍ배임혐의진행사항               | 횡령ㆍ배임혐의진행사항               | [기재정정]횡령ㆍ배임혐의발생              ,,횡령ㆍ배임혐의진행사항              (-25) | 횡령ㆍ배임혐의진행사항              (-25) | [기재정정]횡령ㆍ배임혐의발생              (-25) | [기재정정]횡령ㆍ배임혐의발생              (-25) | 기타시장안내(관리종목지정우려종목)              (시가총액 200억원 미달)(-30),2026-09-22: 임원ㆍ주요주주특정증권등거래계획보고서 | 2026-09-22: 횡령ㆍ배임혐의진행사항               | 2026-09-22: [기재정정]횡령ㆍ배임혐의발생               | 2026-09-21: 기타시장안내(관리종목지정우려종목)              (시가총액 200억원 미달) | 2026-09-09: 임원ㆍ주요주주특정증권등소유상황보고서,5
삼영이엔씨,065570,-130,🚨 YES,주요사항보고서(유상증자결정) | 주요사항보고서(감자결정) | 주요사항보고서(유상증자결정),,주요사항보고서(유상증자결정)(-15) | 주요사항보고서(감자결정)(-20) | 주요사항보고서(유상증자결정)(-15) | 주요사항보고서(감자결정)(-20) | 주권매매거래정지              (-30),2026-09-30: 주요사항보고서(유상증자결정) | 2026-09-30: 주요사항보고서(감자결정) | 2026-09-30: 주요사항보고서(유상증자결정) | 2026-09-30: 주요사항보고서(감자결정) | 2026-09-30: 회생계획인가              ,10
우성머티리얼스,011300,-120,🚨 YES,[기재정정]주요사항보고서(유상증자결정) | [기재정정]주요사항보고서(유상증자결정) | [기재정정]주요사항보고서(유상증자결정),,[기재정정]주요사항보고서(유상증자결정)(-15) | [기재정정]주요사항보고서(유상증자결정)(-15) | [기재정정]주요사항보고서(유상증자결정)(-15) | [기재정정]주요사항보고서(유상증자결정)(-15) | [기재정정]주요사항보고서(유상증자결정)(-15),2026-10-02: 주식등의대량보유상황보고서(일반) | 2026-10-01: 전환가액ㆍ신주인수권행사가액ㆍ교환가액의조정(안내공시)               | 2026-10-01: 전환가액ㆍ신주인수권행사가액ㆍ교환가액의조정(안내공시)               | 2026-10-01: 전환가액ㆍ신주인수권행사가액ㆍ교환가액의조정(안내공시)               | 2026-10-01: 전환가액ㆍ신주인수권행사가액ㆍ교환가액의조정(안내공시)              ,27
모아데이타,288980,-110,🚨 YES,[기재정정]주요사항보고서(유상증자결정) | [기재정정]주요사항보고서(유상증자결정) | 기타시장안내(관리종목지정우려종목)              (시가총액 200억원 미달),,[기재정정]주요사항보고서(유상증자결정)(-15) | [기재정정]주요사항보고서(유상증자결정)(-15) | 기타시장안내(관리종목지정우려종목)              (시가총액 200억원 미달)(-30) | [기재정정]주요사항보고서(유상증자결정)(-15) | [기재정정]주요사항보고서(유상증자결정)(-15),2026-09-30: 전환가액의조정              (제12회차) | 2026-09-29: [기재정정]소액공모공시서류(지분증권) | 2026-09-29: [기재정정]주요사항보고서(유상증자결정) | 2026-09-28: [기재정정]소액공모공시서류(지분증권) | 2026-09-28: [기재정정]주요사항보고서(유상증자결정),25
캔버스엔,210120,-105,🚨 YES,[기재정정]주요사항보고서(전환사채권발행결정) | [기재정정]주요사항보고서(전환사채권발행결정) | [기재정정]주요사항보고서(유상증자결정),,[기재정정]주요사항보고서(전환사채권발행결정)(-15) | [기재정정]주요사항보고서(전환사채권발행결정)(-15) | [기재정정]주요사항보고서(유상증자결정)(-15) | [기재정정]주요사항보고서(유상증자결정)(-15) | [기재정정]주요사항보고서(전환사채권발행결정)(-15),2026-09-30: 주식등의대량보유상황보고서(일반) | 2026-09-30: [기재정정]주요사항보고서(전환사채권발행결정) | 2026-09-30: [기재정정]주요사항보고서(전환사채권발행결정) | 2026-09-30: [기재정정]주요사항보고서(유상증자결정) | 2026-09-28: [기재정정]주요사항보고서(자기전환사채매도결정),18
아티스트컴퍼니,321820,-100,🚨 YES,[기재정정]횡령ㆍ배임혐의발생               | [기재정정]횡령ㆍ배임혐의발생               | 횡령ㆍ배임혐의발생              ,,[기재정정]횡령ㆍ배임혐의발생              (-25) | [기재정정]횡령ㆍ배임혐의발생              (-25) | 횡령ㆍ배임혐의발생              (-25) | 횡령ㆍ배임혐의발생              (-25),2026-09-29: 주식등의대량보유상황보고서(일반) | 2026-09-29: 임원ㆍ주요주주특정증권등소유상황보고서 | 2026-09-17: [기재정정]횡령ㆍ배임혐의발생               | 2026-09-17: 횡령ㆍ배임혐의발생               | 2026-09-16: [기재정정]주요사항보고서(영업양도결정),5
아리바이오LAB,261780,-95,🚨 YES,[기재정정]주요사항보고서(전환사채권발행결정) | [기재정정]주요사항보고서(전환사채권발행결정) | [기재정정]주요사항보고서(유상증자결정),,[기재정정]주요사항보고서(전환사채권발행결정)(-15) | [기재정정]주요사항보고서(전환사채권발행결정)(-15) | [기재정정]주요사항보고서(유상증자결정)(-15) | 주요사항보고서(유상증자결정)(-15) | 주요사항보고서(전환사채권발행결정)(-15),2026-09-29: 주권관련사채권의취득결정               | 2026-09-28: [기재정정]주요사항보고서(전환사채권발행결정) | 2026-09-22: [기재정정]주요사항보고서(전환사채권발행결정) | 2026-09-22: 증권발행결과(자율공시)               | 2026-09-16: [기재정정]주요사항보고서(유상증자결정),10
케이엠제약,225430,-90,🚨 YES,주권매매거래정지기간변경              (투자자 보호) | 주권매매거래정지기간변경              (투자자 보호) | 주권매매거래정지              (상장폐지 사유발생),,주권매매거래정지기간변경              (투자자 보호)(-30) | 주권매매거래정지기간변경              (투자자 보호)(-30) | 주권매매거래정지              (상장폐지 사유발생)(-30),2026-10-02: 주권매매거래정지기간변경              (투자자 보호) | 2026-10-02: 기타경영사항(자율공시)              (상장폐지결정 효력정지 가처분 인용 결정) | 2026-09-16: 주식등의대량보유상황보고서(일반) | 2026-09-16: 임원ㆍ주요주주특정증권등소유상황보고서 | 2026-09-16: 임원ㆍ주요주주특정증권등소유상황보고서,10
비케이홀딩스,050090,-90,🚨 YES,"[기재정정]주요사항보고서(유상증자결정) | 주권매매거래정지              (주식의 병합, 분할 등 전자등록 변경, 말소) | [기재정정]주요사항보고서(유상증자결정)",,"[기재정정]주요사항보고서(유상증자결정)(-15) | 주권매매거래정지              (주식의 병합, 분할 등 전자등록 변경, 말소)(-30) | [기재정정]주요사항보고서(유상증자결정)(-15) | [기재정정]주요사항보고서(유상증자결정)(-15) | 주요사항보고서(유상증자결정)(-15)","2026-09-30: [기재정정]주요사항보고서(유상증자결정) | 2026-09-30: [기재정정]주주총회소집결의              (임시주주총회) | 2026-09-30: [기재정정]주주명부폐쇄기간또는기준일설정               | 2026-09-29: 주권매매거래정지              (주식의 병합, 분할 등 전자등록 변경, 말소) | 2026-09-23: 기타시장안내              (시가총액 미달에 따른 상장폐지 우려 관련 안내)",17
KS인더스트리,101000,-80,🚨 YES,주요사항보고서(유상증자결정) | [기재정정]주요사항보고서(전환사채권발행결정) | [기재정정]주요사항보고서(유상증자결정),,주요사항보고서(유상증자결정)(-15) | 최대주주변경              (-5) | [기재정정]주요사항보고서(전환사채권발행결정)(-15) | [기재정정]주요사항보고서(유상증자결정)(-15) | 주요사항보고서(전환사채권발행결정)(-15),2026-10-02: 주요사항보고서(유상증자결정) | 2026-10-02: 주요사항보고서(소송등의제기) | 2026-10-01: 최대주주변경               | 2026-10-01: 증권발행결과(자율공시)              (제3자배정 유상증자) | 2026-10-01: [기재정정]주요사항보고서(소송등의제기),20
삼보산업,009620,-80,🚨 YES,기타시장안내(관리종목지정우려종목)              (시가총액 200억원 미달) | [기재정정]주요사항보고서(유상증자결정) | 주권매매거래정지해제              (액면병합 주권 변경상장),,기타시장안내(관리종목지정우려종목)              (시가총액 200억원 미달)(-30) | [기재정정]주요사항보고서(유상증자결정)(-15) | 주권매매거래정지해제              (액면병합 주권 변경상장)(-30) | [기재정정]최대주주변경을수반하는주식담보제공계약체결              (-5),2026-10-02: [기재정정]반기보고서 (2026.06) | 2026-09-28: 기타시장안내(관리종목지정우려종목)              (시가총액 200억원 미달) | 2026-09-18: [기재정정]주요사항보고서(유상증자결정) | 2026-09-16: 주권매매거래정지해제              (액면병합 주권 변경상장) | 2026-09-08: [기재정정]최대주주변경을수반하는주식담보제공계약체결              ,8
광진실업,026910,-80,🚨 YES,[기재정정]주요사항보고서(유상증자결정) | [기재정정]주요사항보고서(유상증자결정) | [기재정정]주요사항보고서(유상증자결정),,[기재정정]주요사항보고서(유상증자결정)(-15) | [기재정정]주요사항보고서(유상증자결정)(-15) | [기재정정]주요사항보고서(유상증자결정)(-15) | [기재정정]주요사항보고서(유상증자결정)(-15) | 주요사항보고서(유상증자결정)(-15),2026-09-29: [기재정정]소액공모공시서류(지분증권) | 2026-09-29: [기재정정]주요사항보고서(유상증자결정) | 2026-09-29: [기재정정]주요사항보고서(유상증자결정) | 2026-09-22: [기재정정]임시주주총회결과               | 2026-09-22: 독립이사의선임ㆍ해임또는중도퇴임에관한신고,14
디에이치엑스컴퍼니,031860,-80,🚨 YES,주권매매거래정지기간변경              (풍문사유(현직 임원의 횡령·배임혐의설) 미해소) | 주권매매거래정지기간변경              (풍문사유(현직 임원의 횡령·배임혐의설) 미해소) | 주권매매거래정지기간변경              (풍문사유(현직 임원의 횡령·배임혐의설) 미해소),,주권매매거래정지기간변경              (풍문사유(현직 임원의 횡령·배임혐의설) 미해소)(-25) | 주권매매거래정지기간변경              (풍문사유(현직 임원의 횡령·배임혐의설) 미해소)(-25) | 주권매매거래정지기간변경              (풍문사유(현직 임원의 횡령·배임혐의설) 미해소)(-30),2026-09-18: [기재정정]소송등의제기ㆍ신청(경영권분쟁소송)              (이사회결의 효력정지 및 직무집행정지등 가처분) | 2026-09-18: 소송등의제기ㆍ신청(경영권분쟁소송)              (이사회결의 효력정지 및 직무집행정지등 가처분) | 2026-09-14: 주주명부폐쇄기간또는기준일설정               | 2026-09-14: 주주총회소집결의              (임시주주총회) | 2026-09-07: 주권매매거래정지기간변경              (풍문사유(현직 임원의 횡령·배임혐의설) 미해소),7
모아라이프플러스,142760,-80,🚨 YES,[기재정정]주요사항보고서(유상증자결정) | 주요사항보고서(유상증자결정) | [기재정정]주요사항보고서(유상증자결정),,[기재정정]최대주주변경을수반하는주식담보제공계약체결              (-5) | [기재정정]주요사항보고서(유상증자결정)(-15) | 주요사항보고서(유상증자결정)(-15) | [기재정정]주요사항보고서(유상증자결정)(-15) | [기재정정]주요사항보고서(유상증자결정)(-15),2026-10-01: [기재정정]최대주주변경을수반하는주식담보제공계약체결               | 2026-10-01: 주식등의대량보유상황보고서(일반) | 2026-09-30: 전환사채(해외전환사채포함)발행후만기전사채취득              (제11회차) | 2026-09-29: [기재정정]의결권대리행사권유참고서류 | 2026-09-29: [기재정정]주주총회소집공고,20
핀텔,291810,-75,🚨 YES,주권매매거래정지기간변경              (투자자 보호) | 주권매매거래정지              (상장폐지 사유발생) | [기재정정]주요사항보고서(유상증자결정),,주권매매거래정지기간변경              (투자자 보호)(-30) | 주권매매거래정지              (상장폐지 사유발생)(-30) | [기재정정]주요사항보고서(유상증자결정)(-15),2026-10-01: 주권매매거래정지기간변경              (투자자 보호) | 2026-10-01: 기타시장안내              (정리매매 보류 관련) | 2026-10-01: 기타경영사항(자율공시)              (상장폐지결정 등 효력정지 가처분 신청) | 2026-09-30: 주권매매거래정지              (상장폐지 사유발생) | 2026-09-30: [기재정정]주주총회소집결의              (임시주주총회),14
베노티앤알,206400,-75,🚨 YES,"[기재정정]주요사항보고서(감자결정) | 기타시장안내(관리종목지정우려종목)              (주가 1,000원 미달) | [기재정정]주요사항보고서(감자결정)",단일판매ㆍ공급계약체결              (+5),"[기재정정]주요사항보고서(감자결정)(-20) | 최대주주변경              (-5) | 기타시장안내(관리종목지정우려종목)              (주가 1,000원 미달)(-30) | [기재정정]주요사항보고서(감자결정)(-20) | [기재정정]최대주주변경을수반하는주식양수도계약체결              (-5)",2026-09-30: 독립이사의선임ㆍ해임또는중도퇴임에관한신고 | 2026-09-30: 임원ㆍ주요주주특정증권등소유상황보고서 | 2026-09-30: 주식등의대량보유상황보고서(일반) | 2026-09-29: [기재정정]주요사항보고서(감자결정) | 2026-09-29: 상호변경안내              ,22
STX,011810,-75,🚨 YES,[기재정정]주요사항보고서(유상증자결정) | 주요사항보고서(유상증자결정) | 주요사항보고서(감자결정),,[기재정정]주요사항보고서(유상증자결정)(-15) | 최대주주변경              (-5) | 최대주주등소유주식변동신고서(최대주주변경시)              (-5) | 주요사항보고서(유상증자결정)(-15) | 주요사항보고서(감자결정)(-20),2026-09-30: [기재정정]주요사항보고서(유상증자결정) | 2026-09-29: 임원ㆍ주요주주특정증권등소유상황보고서 | 2026-09-29: 주식등의대량보유상황보고서(일반) | 2026-09-21: 최대주주변경               | 2026-09-21: 최대주주등소유주식변동신고서(최대주주변경시)              ,12
넥써쓰,205500,-75,🚨 YES,주권매매거래정지해제              (주요사항보고서 제출(우회상장 미해당 - 포괄적 주식교환)) | 주권매매거래정지              (우회상장여부 및 요건충족확인) | 주요사항보고서(유상증자결정),,주권매매거래정지해제              (주요사항보고서 제출(우회상장 미해당 - 포괄적 주식교환))(-30) | 주권매매거래정지              (우회상장여부 및 요건충족확인)(-30) | 주요사항보고서(유상증자결정)(-15),2026-09-30: [첨부정정]주요사항보고서(주식교환ㆍ이전결정) | 2026-09-29: 주권매매거래정지해제              (주요사항보고서 제출(우회상장 미해당 - 포괄적 주식교환)) | 2026-09-29: 주주명부폐쇄기간또는기준일설정               | 2026-09-29: 주주명부폐쇄기간또는기준일설정               | 2026-09-29: 주식교환ㆍ이전결정(종속회사의주요경영사항)              ,11
스코넥,276040,-75,🚨 YES,[기재정정]주요사항보고서(유상증자결정) | 주권매매거래정지기간변경              (회생절차 개시신청) | 주권매매거래정지기간변경              (상장적격성 실질심사 대상 결정),,[기재정정]주요사항보고서(유상증자결정)(-15) | 주권매매거래정지기간변경              (회생절차 개시신청)(-30) | 주권매매거래정지기간변경              (상장적격성 실질심사 대상 결정)(-30),2026-10-02: [기재정정]주요사항보고서(회생절차개시신청) | 2026-10-02: 기타주요경영사항              (주요사항보고서(유상증자)철회) | 2026-10-02: [기재정정]주요사항보고서(유상증자결정) | 2026-09-23: 주권매매거래정지기간변경              (회생절차 개시신청) | 2026-09-23: 주요사항보고서(회생절차개시신청),11
엔투텍,227950,-75,🚨 YES,[기재정정]주요사항보고서(전환사채권발행결정) | [기재정정]주요사항보고서(전환사채권발행결정) | [기재정정]주요사항보고서(전환사채권발행결정),,[기재정정]주요사항보고서(전환사채권발행결정)(-15) | [기재정정]주요사항보고서(전환사채권발행결정)(-15) | [기재정정]주요사항보고서(전환사채권발행결정)(-15) | [기재정정]주요사항보고서(전환사채권발행결정)(-15) | [기재정정]주요사항보고서(전환사채권발행결정)(-15),2026-09-28: 임시주주총회결과               | 2026-09-28: 전환가액의조정               | 2026-09-23: 주식등의대량보유상황보고서(약식) | 2026-09-22: [기재정정]주요사항보고서(전환사채권발행결정) | 2026-09-21: 증권발행결과(자율공시)              ,12
나우IB,293580,-70,🚨 YES,[기재정정]주요사항보고서(감자결정) | 주요사항보고서(감자결정) | 주권매매거래정지              (자본감소),,[기재정정]주요사항보고서(감자결정)(-20) | 주요사항보고서(감자결정)(-20) | 주권매매거래정지              (자본감소)(-30),2026-09-30: [기재정정]주요사항보고서(감자결정) | 2026-09-16: 임원ㆍ주요주주특정증권등소유상황보고서 | 2026-09-14: 주주총회소집결의              (임시주주총회) | 2026-09-14: 주주명부폐쇄기간또는기준일설정               | 2026-09-14: 주요사항보고서(감자결정),6
다보링크,340360,-65,🚨 YES,주요사항보고서(유상증자결정) | [기재정정]주요사항보고서(유상증자결정) | [기재정정]주요사항보고서(전환사채권발행결정),,주요사항보고서(유상증자결정)(-15) | [기재정정]주요사항보고서(유상증자결정)(-15) | [기재정정]최대주주변경을수반하는주식양수도계약체결              (-5) | [기재정정]주요사항보고서(전환사채권발행결정)(-15) | [기재정정]주요사항보고서(전환사채권발행결정)(-15),2026-10-02: [기재정정]주주총회소집공고 | 2026-10-01: 주요사항보고서(유상증자결정) | 2026-10-01: [기재정정]주요사항보고서(유상증자결정) | 2026-10-01: [기재정정]주주총회소집결의              (임시주주총회) | 2026-09-28: 전환가액의조정              (제3회차),15
사토시홀딩스,223310,-65,🚨 YES,[기재정정]주요사항보고서(유상증자결정) | 기타시장안내(관리종목지정우려종목)              (시가총액 200억원 미달) | [기재정정]주요사항보고서(유상증자결정),,[기재정정]주요사항보고서(유상증자결정)(-15) | 기타시장안내(관리종목지정우려종목)              (시가총액 200억원 미달)(-30) | [기재정정]주요사항보고서(유상증자결정)(-15) | 최대주주변경              (-5),2026-10-01: 주주총회소집결의              (임시주주총회) | 2026-10-01: 주주명부폐쇄기간또는기준일설정               | 2026-09-29: 임원ㆍ주요주주특정증권등소유상황보고서 | 2026-09-29: 주요사항보고서(자기전환사채만기전취득결정) | 2026-09-22: 기타시장안내(최대주주의의무보유관련)              ,36
케이쓰리아이,431190,-65,🚨 YES,[기재정정]주요사항보고서(유상증자결정) | [기재정정]주요사항보고서(유상증자결정) | 주요사항보고서(유상증자결정),,[기재정정]주요사항보고서(유상증자결정)(-15) | [기재정정]주요사항보고서(유상증자결정)(-15) | 주요사항보고서(유상증자결정)(-15) | 주요사항보고서(전환사채권발행결정)(-15) | 최대주주변경을수반하는주식양수도계약체결              (-5),2026-10-01: 주주명부폐쇄기간또는기준일설정               | 2026-10-01: 주주총회소집결의              (임시주주총회) | 2026-10-01: [기재정정]소액공모공시서류(지분증권) | 2026-10-01: [기재정정]주요사항보고서(유상증자결정) | 2026-09-29: 소액공모공시서류(지분증권),10
엔젠바이오,354200,-60,🚨 YES,기타시장안내(관리종목지정우려종목)              (시가총액 200억원 미달) | [기재정정]주요사항보고서(유상증자결정) | [기재정정]주요사항보고서(유상증자결정),,기타시장안내(관리종목지정우려종목)              (시가총액 200억원 미달)(-30) | [기재정정]주요사항보고서(유상증자결정)(-15) | [기재정정]주요사항보고서(유상증자결정)(-15),2026-09-22: 기타시장안내(관리종목지정우려종목)              (시가총액 200억원 미달) | 2026-09-22: [기재정정]증권발행실적보고서 | 2026-09-22: [기재정정]증권발행결과(자율공시)               | 2026-09-22: [기재정정]주요사항보고서(유상증자결정) | 2026-09-18: 전환사채(해외전환사채포함)발행후만기전사채취득              ,15
중앙첨단소재,051980,-60,🚨 YES,주권매매거래정지해제              (액면병합 주권 변경상장) | 주권매매거래정지              (주식병합),단일판매ㆍ공급계약체결              (+5),주권매매거래정지해제              (액면병합 주권 변경상장)(-30) | [기재정정]최대주주변경을수반하는주식담보제공계약체결              (-5) | 주권매매거래정지              (주식병합)(-30),2026-10-01: 주권매매거래정지해제              (액면병합 주권 변경상장) | 2026-09-21: 주식등의대량보유상황보고서(일반) | 2026-09-18: [기재정정]최대주주변경을수반하는주식담보제공계약체결               | 2026-09-10: 단일판매ㆍ공급계약체결               | 2026-09-08: 주권매매거래정지              (주식병합),5
비비안,002070,-60,🚨 YES,[기재정정]주요사항보고서(유상증자결정) | [기재정정]주요사항보고서(유상증자결정) | 투자유의안내              (관리종목지정 우려 예고),,[기재정정]주요사항보고서(유상증자결정)(-15) | [기재정정]주요사항보고서(유상증자결정)(-15) | 투자유의안내              (관리종목지정 우려 예고)(-30),2026-09-30: [기재정정]주요사항보고서(유상증자결정) | 2026-09-30: [기재정정]주요사항보고서(유상증자결정) | 2026-09-29: [기재정정]기업지배구조보고서공시               | 2026-09-23: 풍문또는보도에대한해명(미확정)               | 2026-09-18: 주주총회소집결의              ,8
에이에프더블류,312610,-60,🚨 YES,주권매매거래정지               | 주권매매거래정지              (상장폐지 사유발생),,주권매매거래정지              (-30) | 주권매매거래정지              (상장폐지 사유발생)(-30),2026-10-02: 기타시장안내              (상장폐지 절차 보류 안내) | 2026-10-02: 주권매매거래정지               | 2026-09-21: 주권매매거래정지              (상장폐지 사유발생) | 2026-09-14: 기타시장안내              (시가총액 미달에 따른 상장폐지 우려 관련 안내) | 2026-09-07: 기타시장안내              (시가총액 미달에 따른 상장폐지 우려 관련 안내),5
세진티에스,067770,-60,🚨 YES,주권매매거래정지               | 주권매매거래정지              (상장폐지 사유발생),,주권매매거래정지              (-30) | 주권매매거래정지              (상장폐지 사유발생)(-30),2026-10-02: 기타시장안내              (상장폐지 절차 보류 안내) | 2026-10-02: 주권매매거래정지               | 2026-09-23: 주권매매거래정지              (상장폐지 사유발생) | 2026-09-16: 기타시장안내              (시가총액 미달에 따른 상장폐지 우려 관련 안내) | 2026-09-09: 기타시장안내              (시가총액 미달에 따른 상장폐지 우려 관련 안내),5
에이프로젠,007460,-60,🚨 YES,[기재정정]주요사항보고서(유상증자결정)(자회사의 주요경영사항)               | [기재정정]주요사항보고서(전환사채권발행결정) | [기재정정]주요사항보고서(유상증자결정)(자회사의 주요경영사항)              ,,[기재정정]주요사항보고서(유상증자결정)(자회사의 주요경영사항)              (-15) | [기재정정]주요사항보고서(전환사채권발행결정)(-15) | [기재정정]주요사항보고서(유상증자결정)(자회사의 주요경영사항)              (-15) | [기재정정]주요사항보고서(전환사채권발행결정)(-15),2026-09-23: 금전대여결정(자회사의 주요경영사항)               | 2026-09-23: [기재정정]주요사항보고서(유상증자결정)(자회사의 주요경영사항)               | 2026-09-23: 주식등의대량보유상황보고서(일반) | 2026-09-23: 유상증자또는주식관련사채등의발행결과(자율공시)               | 2026-09-21: [기재정정]주요사항보고서(전환사채권발행결정),9
골드앤에스,035290,-60,🚨 YES,주권매매거래정지기간변경              (투자자 보호) | 주권매매거래정지              (상장폐지 사유발생),,주권매매거래정지기간변경              (투자자 보호)(-30) | 주권매매거래정지              (상장폐지 사유발생)(-30),2026-09-17: 주권매매거래정지기간변경              (투자자 보호) | 2026-09-17: 기타시장안내              (정리매매 보류 관련) | 2026-09-17: 기타경영사항(자율공시)              (상장폐지결정 효력정지 가처분 신청) | 2026-09-16: 주권매매거래정지              (상장폐지 사유발생) | 2026-09-09: 기타시장안내              (시가총액 미달에 따른 상장폐지 우려 관련 안내),5
인콘,083640,-60,🚨 YES,[기재정정]주요사항보고서(전환사채권발행결정) | 주권매매거래정지해제              (액면병합 주권 변경상장) | [기재정정]주요사항보고서(전환사채권발행결정),,[기재정정]주요사항보고서(전환사채권발행결정)(-15) | 주권매매거래정지해제              (액면병합 주권 변경상장)(-30) | [기재정정]주요사항보고서(전환사채권발행결정)(-15),2026-09-23: [기재정정]주요사항보고서(전환사채권발행결정) | 2026-09-11: 주권매매거래정지해제              (액면병합 주권 변경상장) | 2026-09-09: [기재정정]주요사항보고서(전환사채권발행결정),3
이브이첨단소재,131400,-60,🚨 YES,주권매매거래정지해제              (감자 주권 변경상장) | 주요사항보고서(유상증자결정) | 주요사항보고서(유상증자결정),,주권매매거래정지해제              (감자 주권 변경상장)(-30) | 주요사항보고서(유상증자결정)(-15) | 주요사항보고서(유상증자결정)(-15),2026-10-02: [기재정정]반기보고서 (2026.06) | 2026-10-01: 주권매매거래정지해제              (감자 주권 변경상장) | 2026-09-22: 소액공모공시서류(지분증권) | 2026-09-21: 감자완료               | 2026-09-14: 주요사항보고서(유상증자결정),7
다원시스,068240,-60,🚨 YES,주권매매거래정지              (투자자 보호) | 주권매매거래정지해제              (상장폐지에 따른 정리매매 개시),,주권매매거래정지              (투자자 보호)(-30) | 주권매매거래정지해제              (상장폐지에 따른 정리매매 개시)(-30),2026-09-30: [기재정정]금전대여결정              (대여기간 연장) | 2026-09-16: 기타시장안내              (정리매매 보류 관련) | 2026-09-16: 주권매매거래정지              (투자자 보호) | 2026-09-16: 기타경영사항(자율공시)              (상장폐지결정 효력정지 가처분 신청) | 2026-09-15: 주권매매거래정지해제              (상장폐지에 따른 정리매매 개시),6
크라우드웍스,355390,-60,🚨 YES,[기재정정]주요사항보고서(유상증자결정) | [기재정정]주요사항보고서(유상증자결정) | 주요사항보고서(유상증자결정),,[기재정정]주요사항보고서(유상증자결정)(-15) | [기재정정]주요사항보고서(유상증자결정)(-15) | 주요사항보고서(유상증자결정)(-15) | 주요사항보고서(유상증자결정)(-15),2026-10-02: 소액공모공시서류(지분증권) | 2026-10-02: 의결권대리행사권유참고서류 | 2026-10-02: 주주총회소집공고 | 2026-10-02: [기재정정]주주총회소집결의              (임시주주총회) | 2026-10-02: [기재정정]주요사항보고서(유상증자결정),14
대양금속,009190,-60,🚨 YES,매매거래정지및정지해제(풍문등조회공시)               | 매매거래정지및정지해제(풍문등조회공시)              ,,매매거래정지및정지해제(풍문등조회공시)              (-30) | 매매거래정지및정지해제(풍문등조회공시)              (-30),2026-09-30: [기재정정]전환가액ㆍ신주인수권행사가액ㆍ교환가액의조정(안내공시)               | 2026-09-23: 불성실공시법인지정예고               | 2026-09-23: 주주명부폐쇄기간또는기준일설정               | 2026-09-23: 주주총회소집결의               | 2026-09-22: 파산신청기각              ,17
서울전자통신,027040,-60,🚨 YES,[기재정정]주요사항보고서(유상증자결정) | [기재정정]주요사항보고서(유상증자결정) | [기재정정]주요사항보고서(유상증자결정),,[기재정정]주요사항보고서(유상증자결정)(-15) | [기재정정]주요사항보고서(유상증자결정)(-15) | [기재정정]주요사항보고서(유상증자결정)(-15) | [기재정정]주요사항보고서(유상증자결정)(-15),2026-10-02: [기재정정]소액공모공시서류(지분증권) | 2026-10-02: [기재정정]주요사항보고서(유상증자결정) | 2026-09-22: 경영권변경등에관한계약체결               | 2026-09-17: [기재정정]주요사항보고서(유상증자결정) | 2026-09-17: [기재정정]소액공모공시서류(지분증권),11
에이비온,203400,-60,🚨 YES,"주권매매거래정지기간변경              (상장적격성 실질심사 대상 결정) | 주권매매거래정지기간변경              (주식의 병합, 분할 등 전자등록 변경, 말소)",,"주권매매거래정지기간변경              (상장적격성 실질심사 대상 결정)(-30) | 주권매매거래정지기간변경              (주식의 병합, 분할 등 전자등록 변경, 말소)(-30)","2026-09-30: 주권매매거래정지기간변경              (상장적격성 실질심사 대상 결정) | 2026-09-30: 기타시장안내              (상장적격성 실질심사 대상 결정) | 2026-09-30: 투자판단관련주요경영사항              (iADC 플랫폼 공동연구 및 기술이전 계약 체결) | 2026-09-11: 불성실공시법인지정예고              (공시불이행) | 2026-09-08: 주권매매거래정지기간변경              (주식의 병합, 분할 등 전자등록 변경, 말소)",6
좋은사람들,033340,-60,🚨 YES,"주권매매거래정지기간변경              (주식의 병합, 분할 등 전자등록 변경, 말소) | 주권매매거래정지              (주식의 병합, 분할 등 전자등록 변경, 말소)",,"주권매매거래정지기간변경              (주식의 병합, 분할 등 전자등록 변경, 말소)(-30) | 주권매매거래정지              (주식의 병합, 분할 등 전자등록 변경, 말소)(-30)",2026-10-01: 임원ㆍ주요주주특정증권등거래계획보고서 | 2026-09-30: 감자완료               | 2026-09-23: 임원ㆍ주요주주특정증권등소유상황보고서 | 2026-09-23: 임원ㆍ주요주주특정증권등소유상황보고서 | 2026-09-23: 임원ㆍ주요주주특정증권등소유상황보고서,10
GMI벤처,019570,-60,🚨 YES,[기재정정]주요사항보고서(유상증자결정) | [기재정정]주요사항보고서(유상증자결정) | 주요사항보고서(유상증자결정),,[기재정정]주요사항보고서(유상증자결정)(-15) | [기재정정]주요사항보고서(유상증자결정)(-15) | 주요사항보고서(유상증자결정)(-15) | 주요사항보고서(유상증자결정)(-15),2026-09-30: 소액공모실적보고서 | 2026-09-30: 증권발행결과(자율공시)               | 2026-09-23: 소액공모공시서류(지분증권) | 2026-09-23: [기재정정]주요사항보고서(유상증자결정) | 2026-09-22: 소액공모실적보고서,12
셀리드,299660,-60,🚨 YES,[기재정정]주요사항보고서(유상증자결정) | 주요사항보고서(유상증자결정) | [기재정정]주요사항보고서(유상증자결정),,[기재정정]주요사항보고서(유상증자결정)(-15) | 주요사항보고서(유상증자결정)(-15) | [기재정정]주요사항보고서(유상증자결정)(-15) | 주요사항보고서(유상증자결정)(-15),2026-10-02: 소액공모공시서류(지분증권) | 2026-10-02: [기재정정]주요사항보고서(유상증자결정) | 2026-09-22: 주요사항보고서(유상증자결정) | 2026-09-22: [기재정정]주요사항보고서(유상증자결정) | 2026-09-21: 경영권변경등에관한계약체결              ,8
제일엠앤에스,412540,-60,🚨 YES,주권매매거래정지               | 주권매매거래정지해제              (상장폐지에 따른 정리매매 개시),,주권매매거래정지              (-30) | 주권매매거래정지해제              (상장폐지에 따른 정리매매 개시)(-30),2026-09-18: 주권매매거래정지               | 2026-09-18: 기타시장안내              (정리매매 보류 관련) | 2026-09-18: 기타경영사항(자율공시)              (상장폐지결정 등 효력정지 가처분 신청) | 2026-09-17: 주권매매거래정지해제              (상장폐지에 따른 정리매매 개시) | 2026-09-17: 기타시장안내              ((주)제일엠앤에스 기업심사위원회 심의·의결 결과 안내),6
주성코퍼레이션,109070,-60,🚨 YES,[기재정정]주요사항보고서(유상증자결정) | [기재정정]주요사항보고서(전환사채권발행결정) | [기재정정]주요사항보고서(유상증자결정),,[기재정정]주요사항보고서(유상증자결정)(-15) | [기재정정]주요사항보고서(전환사채권발행결정)(-15) | [기재정정]주요사항보고서(유상증자결정)(-15) | [기재정정]주요사항보고서(전환사채권발행결정)(-15),2026-09-21: 주식등의대량보유상황보고서(일반) | 2026-09-21: 임원ㆍ주요주주특정증권등소유상황보고서 | 2026-09-21: 최대주주등소유주식변동신고서               | 2026-09-18: 투자판단관련주요경영사항               | 2026-09-18: 유상증자또는주식관련사채등의발행결과(자율공시)              ,15
진영,285800,-60,🚨 YES,기타시장안내(관리종목지정우려종목)              (시가총액 200억원 미달) | 주권매매거래정지해제              (액면병합 주권 변경상장),,기타시장안내(관리종목지정우려종목)              (시가총액 200억원 미달)(-30) | 주권매매거래정지해제              (액면병합 주권 변경상장)(-30),2026-09-30: [기재정정]반기보고서 (2026.06) | 2026-09-15: 기타시장안내(관리종목지정우려종목)              (시가총액 200억원 미달) | 2026-09-10: 주권매매거래정지해제              (액면병합 주권 변경상장),3
젠큐릭스,229000,-57,🚨 YES,주권매매거래정지기간변경              (상장적격성 실질심사 대상(사유발생)) | 주권매매거래정지              (풍문 또는 보도 관련),[기재정정]주요사항보고서(회사합병결정)(+3),주권매매거래정지기간변경              (상장적격성 실질심사 대상(사유발생))(-30) | 주권매매거래정지              (풍문 또는 보도 관련)(-30),2026-09-30: 주요사항보고서(자기전환사채만기전취득결정) | 2026-09-23: [기재정정]주요사항보고서(회사합병결정) | 2026-09-18: 임원ㆍ주요주주특정증권등소유상황보고서 | 2026-09-18: 임원ㆍ주요주주특정증권등소유상황보고서 | 2026-09-18: [기재정정]주요사항보고서(영업정지),13
화일약품,061250,-50,🚨 YES,[기재정정]주요사항보고서(전환사채권발행결정) | 주요사항보고서(전환사채권발행결정) | 주요사항보고서(유상증자결정),,[기재정정]주요사항보고서(전환사채권발행결정)(-15) | 주요사항보고서(전환사채권발행결정)(-15) | 주요사항보고서(유상증자결정)(-15) | 최대주주변경을수반하는주식양수도계약체결              (-5),2026-10-02: [기재정정]주요사항보고서(전환사채권발행결정) | 2026-09-18: 주식등의대량보유상황보고서(일반) | 2026-09-18: 주식등의대량보유상황보고서(일반) | 2026-09-15: 주요사항보고서(전환사채권발행결정) | 2026-09-15: 주요사항보고서(유상증자결정),9
모바일어플라이언스,087260,-50,🚨 YES,횡령ㆍ배임혐의발생               | 횡령ㆍ배임혐의발생              ,,횡령ㆍ배임혐의발생              (-25) | 횡령ㆍ배임혐의발생              (-25),2026-09-30: [기재정정]주식병합결정               | 2026-09-30: [기재정정]주주총회소집결의               | 2026-09-29: 기타시장안내              (상장적격성 실질심사 사유추가 안내) | 2026-09-29: 횡령ㆍ배임혐의발생               | 2026-09-28: 소송등의제기ㆍ신청(경영권분쟁소송)              (주주명부열람등사가처분),11
로지스몬,223220,-50,🚨 YES,[기재정정]주요사항보고서(유상증자결정) | [기재정정]주요사항보고서(유상증자결정) | [기재정정]주요사항보고서(유상증자결정),,최대주주변경              (-5) | [기재정정]주요사항보고서(유상증자결정)(-15) | [기재정정]주요사항보고서(유상증자결정)(-15) | [기재정정]주요사항보고서(유상증자결정)(-15),2026-09-23: 주식등의대량보유상황보고서(약식) | 2026-09-23: 임원ㆍ주요주주특정증권등소유상황보고서 | 2026-09-17: 소송등의제기ㆍ신청(경영권분쟁소송)               | 2026-09-16: 소액공모실적보고서 | 2026-09-16: 최대주주변경              ,19
케스피온,079190,-50,🚨 YES,[기재정정]주요사항보고서(유상증자결정) | [기재정정]주요사항보고서(유상증자결정) | [기재정정]주요사항보고서(유상증자결정),,[기재정정]주요사항보고서(유상증자결정)(-15) | 최대주주변경              (-5) | [기재정정]주요사항보고서(유상증자결정)(-15) | [기재정정]주요사항보고서(유상증자결정)(-15),2026-10-01: [기재정정]타인에대한담보제공결정               | 2026-10-01: [기재정정]타인에대한채무보증결정               | 2026-09-22: 임원ㆍ주요주주특정증권등소유상황보고서 | 2026-09-22: 주식등의대량보유상황보고서(일반) | 2026-09-18: [기재정정]증권발행결과(자율공시)              ,12
본느,226340,-50,🚨 YES,[기재정정]주요사항보고서(유상증자결정) | [첨부정정]주요사항보고서(유상증자결정) | [기재정정]주요사항보고서(유상증자결정),,[기재정정]주요사항보고서(유상증자결정)(-15) | [첨부정정]주요사항보고서(유상증자결정)(-15) | [기재정정]주요사항보고서(유상증자결정)(-15) | [기재정정]최대주주변경을수반하는주식양수도계약체결              (-5),2026-09-17: [기재정정]주요사항보고서(유상증자결정) | 2026-09-17: 임원ㆍ주요주주특정증권등소유상황보고서 | 2026-09-17: 주식등의대량보유상황보고서(일반) | 2026-09-16: 주식등의대량보유상황보고서(일반) | 2026-09-10: 대표이사변경              ,10
한울반도체,320000,-50,🚨 YES,기타주요경영사항              (유상증자결정(주주배정후 실권주 일반공모) 철회) | [기재정정]주요사항보고서(유상증자결정) | [기재정정]주요사항보고서(유상증자결정),,기타주요경영사항              (유상증자결정(주주배정후 실권주 일반공모) 철회)(-15) | [기재정정]주요사항보고서(유상증자결정)(-15) | [기재정정]주요사항보고서(유상증자결정)(-15) | [기재정정]최대주주변경을수반하는주식담보제공계약체결              (-5),"2026-09-30: 임원ㆍ주요주주특정증권등소유상황보고서 | 2026-09-30: 주식등의대량보유상황보고서(일반) | 2026-09-30: 전환가액의조정              (제3회차,제4회차) | 2026-09-30: 임원ㆍ주요주주특정증권등거래계획철회보고서 | 2026-09-30: 철회신고서",13
남양유업,003920,-50,🚨 YES,[기재정정]횡령ㆍ배임혐의발생               | [기재정정]횡령ㆍ배임혐의발생              ,,[기재정정]횡령ㆍ배임혐의발생              (-25) | [기재정정]횡령ㆍ배임혐의발생              (-25),2026-09-15: [기재정정]소송등의제기ㆍ신청(자율공시:일정금액미만의청구)               | 2026-09-08: [기재정정]횡령ㆍ배임혐의발생              ,2
일진파워,094820,-50,🚨 YES,횡령ㆍ배임혐의진행사항               | 횡령ㆍ배임혐의진행사항              ,,횡령ㆍ배임혐의진행사항              (-25) | 횡령ㆍ배임혐의진행사항              (-25),2026-10-02: 횡령ㆍ배임혐의진행사항               | 2026-09-30: 타인에대한담보제공결정              ,2
아틀라스링크,297570,-45,🚨 YES,주요사항보고서(전환사채권발행결정) | 주권매매거래정지해제              (액면병합 주권 변경상장),,주요사항보고서(전환사채권발행결정)(-15) | 주권매매거래정지해제              (액면병합 주권 변경상장)(-30),2026-10-01: 주식등의대량보유상황보고서(약식) | 2026-09-29: 증권발행결과(자율공시)               | 2026-09-21: 주요사항보고서(전환사채권발행결정) | 2026-09-11: 주권매매거래정지해제              (액면병합 주권 변경상장) | 2026-09-07: 임원ㆍ주요주주특정증권등소유상황보고서,5
엑스플러스,373200,-45,🚨 YES,[기재정정]주요사항보고서(유상증자결정) | 주요사항보고서(유상증자결정) | 주요사항보고서(전환사채권발행결정),,[기재정정]주요사항보고서(유상증자결정)(-15) | 주요사항보고서(유상증자결정)(-15) | 주요사항보고서(전환사채권발행결정)(-15),2026-10-01: [기재정정]소액공모공시서류(지분증권) | 2026-10-01: [기재정정]주요사항보고서(유상증자결정) | 2026-10-01: 소액공모공시서류(지분증권) | 2026-09-30: 주요사항보고서(유상증자결정) | 2026-09-30: [기재정정]주요사항보고서(전환사채매수선택권행사자지정),12
이렘,009730,-45,🚨 YES,[기재정정]주요사항보고서(유상증자결정) | [기재정정]주요사항보고서(유상증자결정) | [기재정정]주요사항보고서(유상증자결정),,[기재정정]주요사항보고서(유상증자결정)(-15) | [기재정정]주요사항보고서(유상증자결정)(-15) | [기재정정]주요사항보고서(유상증자결정)(-15),2026-09-30: 전환사채(해외전환사채포함)발행후만기전사채취득              (제22회차) | 2026-09-23: 임원ㆍ주요주주특정증권등거래계획철회보고서 | 2026-09-23: [기재정정]증권신고서(지분증권) | 2026-09-23: [기재정정]주요사항보고서(유상증자결정) | 2026-09-18: 임원ㆍ주요주주특정증권등거래계획보고서,9
핑거,163730,-45,🚨 YES,유상증자결정(종속회사의주요경영사항)               | [첨부정정]주요사항보고서(전환사채권발행결정) | 주요사항보고서(전환사채권발행결정),,유상증자결정(종속회사의주요경영사항)              (-15) | [첨부정정]주요사항보고서(전환사채권발행결정)(-15) | 주요사항보고서(전환사채권발행결정)(-15),2026-10-01: 타법인주식및출자증권취득결정               | 2026-10-01: 타법인주식및출자증권취득결정(종속회사의주요경영사항)               | 2026-10-01: 유상증자결정(종속회사의주요경영사항)               | 2026-10-01: 증권발행결과(자율공시)               | 2026-09-30: 금전대여결정              ,13
MSDI,123010,-45,🚨 YES,[기재정정]주요사항보고서(유상증자결정) | 주요사항보고서(유상증자결정) | [기재정정]주요사항보고서(유상증자결정),,[기재정정]주요사항보고서(유상증자결정)(-15) | 주요사항보고서(유상증자결정)(-15) | [기재정정]주요사항보고서(유상증자결정)(-15),2026-10-02: [기재정정]주요사항보고서(유상증자결정) | 2026-10-01: [기재정정]반기보고서 (2026.06) | 2026-09-29: 주요사항보고서(유상증자결정) | 2026-09-18: [기재정정]주요사항보고서(유상증자결정) | 2026-09-11: 전환가액의조정              ,6
넥사다이내믹스,351320,-45,🚨 YES,[첨부정정]주요사항보고서(전환사채권발행결정) | [기재정정]주요사항보고서(유상증자결정) | 주요사항보고서(유상증자결정),단일판매ㆍ공급계약체결              (+5),[첨부정정]주요사항보고서(전환사채권발행결정)(-15) | 최대주주변경              (-5) | [기재정정]주요사항보고서(유상증자결정)(-15) | 주요사항보고서(유상증자결정)(-15),2026-10-01: 임원ㆍ주요주주특정증권등소유상황보고서 | 2026-10-01: 주식등의대량보유상황보고서(약식) | 2026-09-30: 기타경영사항(자율공시)              (자기전환사채(제3회차 전환사채) 소각 결정의 건) | 2026-09-22: 소송등의판결ㆍ결정               | 2026-09-22: 증권발행결과(자율공시)              ,27
아이오케이이엔엠,078860,-45,🚨 YES,[기재정정]주요사항보고서(유상증자결정) | 기타시장안내(관리종목지정우려종목)              (시가총액 200억원 미달),,[기재정정]주요사항보고서(유상증자결정)(-15) | 기타시장안내(관리종목지정우려종목)              (시가총액 200억원 미달)(-30),2026-10-02: [기재정정]주주명부폐쇄기간또는기준일설정               | 2026-10-02: [기재정정]주주총회소집결의               | 2026-09-30: [기재정정]주요사항보고서(유상증자결정) | 2026-09-29: 임원ㆍ주요주주특정증권등소유상황보고서 | 2026-09-15: 기타시장안내(관리종목지정우려종목)              (시가총액 200억원 미달),6
링크솔루션,474650,-40,🚨 YES,[기재정정]주요사항보고서(전환사채권발행결정) | [기재정정]주요사항보고서(전환사채권발행결정) | 주요사항보고서(전환사채권발행결정),단일판매ㆍ공급계약체결              (+5),[기재정정]주요사항보고서(전환사채권발행결정)(-15) | [기재정정]주요사항보고서(전환사채권발행결정)(-15) | 주요사항보고서(전환사채권발행결정)(-15),2026-09-30: 단일판매ㆍ공급계약체결               | 2026-09-22: 증권발행결과(자율공시)              (제2회차 CB) | 2026-09-17: [기재정정]주요사항보고서(전환사채권발행결정) | 2026-09-16: [기재정정]주요사항보고서(전환사채권발행결정) | 2026-09-14: 주요사항보고서(전환사채권발행결정),5
AK홀딩스,006840,-35,🚨 YES,[기재정정]유상증자결정(종속회사의주요경영사항)               | 감자결정(종속회사의주요경영사항)              ,,[기재정정]유상증자결정(종속회사의주요경영사항)              (-15) | 감자결정(종속회사의주요경영사항)              (-20),2026-09-30: [기재정정]신규시설투자등(자회사의 주요경영사항)               | 2026-09-16: 특수관계인에대한담보제공 | 2026-09-16: 특수관계인에대한부동산임대 | 2026-09-16: 특수관계인으로부터부동산매수 | 2026-09-16: 동일인등출자계열회사와의상품ㆍ용역거래,12
앤씨앤,092600,-35,🚨 YES,[기재정정]주요사항보고서(유상증자결정) | 주요사항보고서(유상증자결정),,최대주주변경              (-5) | [기재정정]주요사항보고서(유상증자결정)(-15) | 주요사항보고서(유상증자결정)(-15),2026-10-02: 임원ㆍ주요주주특정증권등소유상황보고서 | 2026-10-02: 주식등의대량보유상황보고서(일반) | 2026-09-30: 기타시장안내              (시가총액 미달에 따른 상장폐지 우려 관련 안내) | 2026-09-29: 투자판단관련주요경영사항              (경영지배인 선임) | 2026-09-28: 최대주주변경              ,12
듀오백,073190,-35,🚨 YES,주권매매거래정지기간변경              (상장적격성 실질심사 대상 결정),,주권매매거래정지기간변경              (상장적격성 실질심사 대상 결정)(-30) | [기재정정]최대주주변경              (-5),2026-10-02: 주권매매거래정지기간변경              (상장적격성 실질심사 대상 결정) | 2026-10-02: 주주총회소집공고 | 2026-10-02: 기타시장안내              (상장적격성 실질심사 대상 결정) | 2026-10-01: 주주총회소집결의               | 2026-09-28: 임원ㆍ주요주주특정증권등소유상황보고서,11
아즈텍WB,032080,-30,🚨 YES,"주권매매거래정지              (주식의 병합, 분할 등 전자등록 변경, 말소)",,"주권매매거래정지              (주식의 병합, 분할 등 전자등록 변경, 말소)(-30)","2026-10-02: [기재정정]주식병합결정               | 2026-09-10: 주권매매거래정지              (주식의 병합, 분할 등 전자등록 변경, 말소) | 2026-09-08: 임원ㆍ주요주주특정증권등소유상황보고서 | 2026-09-08: 임원ㆍ주요주주특정증권등소유상황보고서",4
퓨쳐메디신,341170,-30,🚨 YES,주권매매거래정지해제              (상장폐지에 따른 정리매매 개시),,주권매매거래정지해제              (상장폐지에 따른 정리매매 개시)(-30),2026-09-29: 주권매매거래정지해제              (상장폐지에 따른 정리매매 개시) | 2026-09-14: 대출원리금연체사실발생              ,2
E8,418620,-30,🚨 YES,[기재정정]주요사항보고서(유상증자결정) | 주요사항보고서(유상증자결정),[기재정정]단일판매ㆍ공급계약체결              (+5),최대주주변경              (-5) | [기재정정]주요사항보고서(유상증자결정)(-15) | 주요사항보고서(유상증자결정)(-15),2026-09-30: [기재정정]단일판매ㆍ공급계약체결               | 2026-09-30: [기재정정]주식병합결정               | 2026-09-29: 기타시장안내(최대주주의의무보유관련)              (최대주주의 의무보유 이행 관련) | 2026-09-28: 독립이사의선임ㆍ해임또는중도퇴임에관한신고 | 2026-09-28: 기술성장기업의정관변경을통한사업목적추가ㆍ변경              ,22
포커스에이아이,331380,-30,🚨 YES,[기재정정]주요사항보고서(유상증자결정) | [기재정정]주요사항보고서(전환사채권발행결정),,[기재정정]주요사항보고서(유상증자결정)(-15) | [기재정정]주요사항보고서(전환사채권발행결정)(-15),2026-10-02: [기재정정]주요사항보고서(유상증자결정) | 2026-10-02: [기재정정]주요사항보고서(전환사채권발행결정) | 2026-10-01: 주식등의대량보유상황보고서(약식) | 2026-09-08: 주식등의대량보유상황보고서(약식),4
에스에너지,095910,-30,🚨 YES,"주권매매거래정지              (주식의 병합, 분할 등 전자등록 변경, 말소)",,"주권매매거래정지              (주식의 병합, 분할 등 전자등록 변경, 말소)(-30)","2026-09-30: 주권매매거래정지              (주식의 병합, 분할 등 전자등록 변경, 말소) | 2026-09-23: 임시주주총회결과               | 2026-09-09: [기재정정]의결권대리행사권유참고서류 | 2026-09-08: 의결권대리행사권유참고서류 | 2026-09-08: 주주총회소집공고",6
휴맥스홀딩스,028080,-30,🚨 YES,"주권매매거래정지              (주식의 병합, 분할 등 전자등록 변경, 말소)",,"주권매매거래정지              (주식의 병합, 분할 등 전자등록 변경, 말소)(-30)","2026-09-22: 기타시장안내              (시가총액 미달에 따른 상장폐지 우려 관련 안내) | 2026-09-22: 주권매매거래정지              (주식의 병합, 분할 등 전자등록 변경, 말소)",2
랩지노믹스,084650,-30,🚨 YES,주권매매거래정지해제              (액면병합 주권 변경상장),,주권매매거래정지해제              (액면병합 주권 변경상장)(-30),2026-09-30: 임원ㆍ주요주주특정증권등소유상황보고서 | 2026-09-30: 임원ㆍ주요주주특정증권등소유상황보고서 | 2026-09-30: 임원ㆍ주요주주특정증권등소유상황보고서 | 2026-09-30: 임원ㆍ주요주주특정증권등소유상황보고서 | 2026-09-30: 주식등의대량보유상황보고서(일반),6
한국주강,025890,-30,🚨 YES,투자유의안내              (관리종목지정 우려 예고),,투자유의안내              (관리종목지정 우려 예고)(-30),2026-09-17: 투자유의안내              (관리종목지정 우려 예고) | 2026-09-15: 유형자산처분결정              ,2
케이바이오랩스,038530,-30,🚨 YES,주권매매거래정지해제              (액면병합 주권 변경상장),,주권매매거래정지해제              (액면병합 주권 변경상장)(-30),2026-09-18: 주권매매거래정지해제              (액면병합 주권 변경상장),1
멤레이비티,072770,-30,🚨 YES,"주권매매거래정지              (주식의 병합, 분할 등 전자등록 변경, 말소)",,"주권매매거래정지              (주식의 병합, 분할 등 전자등록 변경, 말소)(-30)","2026-10-01: 주권매매거래정지              (주식의 병합, 분할 등 전자등록 변경, 말소) | 2026-09-29: [기재정정]주식병합결정               | 2026-09-18: 독립이사의선임ㆍ해임또는중도퇴임에관한신고 | 2026-09-18: 대표이사변경               | 2026-09-18: 임시주주총회결과              ",5
벡트,457600,-30,🚨 YES,[기재정정]주요사항보고서(유상증자결정),,[기재정정]주요사항보고서(유상증자결정)(-15) | 최대주주변경              (-5) | [기재정정]최대주주변경을수반하는주식양수도계약체결              (-5) | [기재정정]최대주주변경을수반하는주식양수도계약체결              (-5),2026-10-02: [기재정정]주식등의대량보유상황보고서(약식) | 2026-10-02: [기재정정]주식등의대량보유상황보고서(약식) | 2026-10-01: 주식등의대량보유상황보고서(약식) | 2026-10-01: 임원ㆍ주요주주특정증권등소유상황보고서 | 2026-10-01: 주식등의대량보유상황보고서(약식),25
딥커머스,900110,-30,🚨 YES,주권매매거래정지해제              (주식병합(무액면주식) 주권 변경상장),,주권매매거래정지해제              (주식병합(무액면주식) 주권 변경상장)(-30),2026-09-29: 본점소재지변경               | 2026-09-17: 주권매매거래정지해제              (주식병합(무액면주식) 주권 변경상장),2
코다코,046070,-30,🚨 YES,주권매매거래정지해제              (상장폐지에 따른 정리매매 개시),,주권매매거래정지해제              (상장폐지에 따른 정리매매 개시)(-30),2026-09-23: 주식등의대량보유상황보고서(약식) | 2026-09-08: 주권매매거래정지해제              (상장폐지에 따른 정리매매 개시) | 2026-09-08: 기타시장안내              (상장폐지결정 등 효력정지 가처분 신청 기각에 따른 정리매매절차 재개),3
수성웹툰,084180,-30,🚨 YES,주권매매거래정지              (상장폐지 사유발생),,주권매매거래정지              (상장폐지 사유발생)(-30),2026-10-02: 주식등의대량보유상황보고서(일반) | 2026-10-02: 임원ㆍ주요주주특정증권등소유상황보고서 | 2026-10-01: 주식등의대량보유상황보고서(약식) | 2026-09-30: 주식등의대량보유상황보고서(약식) | 2026-09-30: 주식등의대량보유상황보고서(약식),10
하이딥,365590,-30,🚨 YES,주권매매거래정지해제              (액면병합 주권 변경상장),,주권매매거래정지해제              (액면병합 주권 변경상장)(-30),2026-09-15: 주권매매거래정지해제              (액면병합 주권 변경상장) | 2026-09-10: 주식등의대량보유상황보고서(일반) | 2026-09-10: 임원ㆍ주요주주특정증권등소유상황보고서 | 2026-09-10: 임원ㆍ주요주주특정증권등소유상황보고서 | 2026-09-10: 임원ㆍ주요주주특정증권등소유상황보고서,14
유니온머티리얼,047400,-30,🚨 YES,투자유의안내              (관리종목지정 우려 예고),,투자유의안내              (관리종목지정 우려 예고)(-30),2026-09-29: 투자유의안내              (관리종목지정 우려 예고) | 2026-09-28: 주주총회소집공고 | 2026-09-21: 금전대여결정               | 2026-09-16: 최대주주등소유주식변동신고서               | 2026-09-16: 주식등의대량보유상황보고서(일반),6
세원물산,024830,-30,🚨 YES,기타시장안내(관리종목지정우려종목)              (거래량 미달),,기타시장안내(관리종목지정우려종목)              (거래량 미달)(-30),2026-09-22: 유동성공급계약의체결               | 2026-09-21: 기타시장안내(관리종목지정우려종목)              (거래량 미달),2
아이에이,038880,-30,🚨 YES,[기재정정]주요사항보고서(유상증자결정) | [기재정정]주요사항보고서(유상증자결정),,[기재정정]주요사항보고서(유상증자결정)(-15) | [기재정정]주요사항보고서(유상증자결정)(-15),2026-10-02: 임원ㆍ주요주주특정증권등소유상황보고서 | 2026-09-29: [기재정정]주요사항보고서(유상증자결정) | 2026-09-28: 정정신고서제출요구( 2026.09.15. 제출 증권신고서(지분증권) ) | 2026-09-23: 임원ㆍ주요주주특정증권등소유상황보고서 | 2026-09-18: 임원ㆍ주요주주특정증권등소유상황보고서,8
프로티아,303360,-30,🚨 YES,주권매매거래정지              (무상증자),,주권매매거래정지              (무상증자)(-30),2026-09-29: 주주명부폐쇄기간또는기준일설정               | 2026-09-29: 주요사항보고서(무상증자결정) | 2026-09-29: 주권매매거래정지              (무상증자),3
파인디앤씨,049120,-30,🚨 YES,주요사항보고서(전환사채권발행결정) | 주요사항보고서(유상증자결정),,주요사항보고서(전환사채권발행결정)(-15) | 주요사항보고서(유상증자결정)(-15),2026-09-30: 타법인주식및출자증권취득결정               | 2026-09-30: 주요사항보고서(자기전환사채만기전취득결정) | 2026-09-29: 증권발행결과(자율공시)               | 2026-09-23: 주식등의대량보유상황보고서(약식) | 2026-09-21: 주요사항보고서(전환사채권발행결정),11
코아시아씨엠,196450,-30,🚨 YES,주권매매거래정지해제              (액면병합 주권 변경상장),,주권매매거래정지해제              (액면병합 주권 변경상장)(-30),2026-09-21: 주식등의대량보유상황보고서(일반) | 2026-09-21: 임원ㆍ주요주주특정증권등소유상황보고서 | 2026-09-14: 임원ㆍ주요주주특정증권등소유상황보고서 | 2026-09-14: 임원ㆍ주요주주특정증권등소유상황보고서 | 2026-09-14: 임원ㆍ주요주주특정증권등소유상황보고서,9
NH농우바이오,054050,-30,🚨 YES,주권매매거래정지              (영업양수도),,주권매매거래정지              (영업양수도)(-30),2026-10-01: [첨부정정]주요사항보고서(영업양수결정) | 2026-09-29: 약관에의한금융거래시계열금융회사의거래상대방의공시 | 2026-09-29: 주주총회소집결의               | 2026-09-29: 주주명부폐쇄기간또는기준일설정               | 2026-09-29: 주요사항보고서(영업양수결정),6
볼빅,206950,-30,🚨 YES,[첨부정정]주요사항보고서(유상증자결정) | [기재정정]주요사항보고서(유상증자결정),,[첨부정정]주요사항보고서(유상증자결정)(-15) | [기재정정]주요사항보고서(유상증자결정)(-15),2026-09-18: 주식등의대량보유상황보고서(약식) | 2026-09-11: 증권발행결과(자율공시)              (제3자배정_상환전환우선주) | 2026-09-10: [첨부정정]주요사항보고서(유상증자결정) | 2026-09-08: [기재정정]주요사항보고서(유상증자결정),4
에쎈테크,043340,-30,🚨 YES,"기타시장안내(관리종목지정우려종목)              (주가 1,000원 미달)",,"기타시장안내(관리종목지정우려종목)              (주가 1,000원 미달)(-30)","2026-10-02: [기재정정]반기보고서 (2026.06) | 2026-10-01: 임시주주총회결과               | 2026-09-16: 주주총회소집공고 | 2026-09-14: 기타시장안내(관리종목지정우려종목)              (주가 1,000원 미달)",4
옴니시스템,057540,-30,🚨 YES,"주권매매거래정지              (주식의 병합, 분할 등 전자등록 변경, 말소)",,"주권매매거래정지              (주식의 병합, 분할 등 전자등록 변경, 말소)(-30)","2026-09-18: 주권매매거래정지              (주식의 병합, 분할 등 전자등록 변경, 말소)",1
윙스풋,335870,-30,🚨 YES,기타시장안내(관리종목지정우려종목)              (시가총액 200억원 미달),,기타시장안내(관리종목지정우려종목)              (시가총액 200억원 미달)(-30),2026-10-02: 기타시장안내(관리종목지정우려종목)              (시가총액 200억원 미달) | 2026-09-28: 임원ㆍ주요주주특정증권등소유상황보고서 | 2026-09-08: 임원ㆍ주요주주특정증권등소유상황보고서,3
프롬바이오,377220,-30,🚨 YES,기타시장안내(관리종목지정우려종목)              (시가총액 200억원 미달),,기타시장안내(관리종목지정우려종목)              (시가총액 200억원 미달)(-30),2026-10-02: 주주명부폐쇄기간또는기준일설정               | 2026-10-02: 주주총회소집결의              (임시주주총회) | 2026-09-18: 주식등의대량보유상황보고서(일반) | 2026-09-18: 임원ㆍ주요주주특정증권등소유상황보고서 | 2026-09-16: 기타시장안내(관리종목지정우려종목)              (시가총액 200억원 미달),5
와이즈버즈,273060,-30,🚨 YES,주권매매거래정지해제              (액면병합 주권 변경상장),,주권매매거래정지해제              (액면병합 주권 변경상장)(-30),2026-09-09: 임원ㆍ주요주주특정증권등소유상황보고서 | 2026-09-09: 임원ㆍ주요주주특정증권등소유상황보고서 | 2026-09-09: 주식등의대량보유상황보고서(일반) | 2026-09-09: 임원ㆍ주요주주특정증권등소유상황보고서 | 2026-09-09: 임원ㆍ주요주주특정증권등소유상황보고서,10
SG글로벌,001380,-30,🚨 YES,투자유의안내              (관리종목지정 우려 예고),,투자유의안내              (관리종목지정 우려 예고)(-30),2026-09-28: 투자유의안내              (관리종목지정 우려 예고),1
코람코라이프인프라리츠,357120,-30,🚨 YES,주요사항보고서(전환사채권발행결정) | 주요사항보고서(전환사채권발행결정),,주요사항보고서(전환사채권발행결정)(-15) | 주요사항보고서(전환사채권발행결정)(-15),2026-10-01: 임원ㆍ주요주주특정증권등소유상황보고서 | 2026-09-23: 임원ㆍ주요주주특정증권등소유상황보고서 | 2026-09-22: 주요사항보고서(자기전환사채만기전취득결정) | 2026-09-22: 주요사항보고서(자기전환사채만기전취득결정) | 2026-09-22: 주요사항보고서(전환사채권발행결정),13
다산솔루에타,154040,-30,🚨 YES,주권매매거래정지해제              (액면병합 주권 변경상장),,주권매매거래정지해제              (액면병합 주권 변경상장)(-30),2026-09-30: 임원ㆍ주요주주특정증권등거래계획보고서 | 2026-09-30: 임원ㆍ주요주주특정증권등거래계획보고서 | 2026-09-23: 주권매매거래정지해제              (액면병합 주권 변경상장),3
이노인스트루먼트,215790,-30,🚨 YES,"주권매매거래정지              (주식의 병합, 분할 등 전자등록 변경, 말소)",,"주권매매거래정지              (주식의 병합, 분할 등 전자등록 변경, 말소)(-30)","2026-10-02: 주권매매거래정지              (주식의 병합, 분할 등 전자등록 변경, 말소) | 2026-09-10: 임시주주총회결과              ",2
큐에이드,377460,-30,🚨 YES,주권매매거래정지기간변경              (상장폐지 사유 발생),,주권매매거래정지기간변경              (상장폐지 사유 발생)(-30),2026-09-23: 거래처와의거래중단               | 2026-09-23: 소송등의제기ㆍ신청(일정금액이상의청구)               | 2026-09-18: 주권매매거래정지기간변경              (상장폐지 사유 발생) | 2026-09-18: 기타시장안내              (기업심사위원회 개최 결과 안내),4
시지메드텍,056090,-30,🚨 YES,"주권매매거래정지              (주식의 병합, 분할 등 전자등록 변경, 말소)",,"주권매매거래정지              (주식의 병합, 분할 등 전자등록 변경, 말소)(-30)","2026-09-11: 임원ㆍ주요주주특정증권등소유상황보고서 | 2026-09-11: 주식등의대량보유상황보고서(일반) | 2026-09-07: 주권매매거래정지              (주식의 병합, 분할 등 전자등록 변경, 말소)",3
대성창투,027830,-30,🚨 YES,"기타시장안내(관리종목지정우려종목)              (주가 1,000원 미달)",,"기타시장안내(관리종목지정우려종목)              (주가 1,000원 미달)(-30)","2026-09-21: 기타시장안내(관리종목지정우려종목)              (주가 1,000원 미달) | 2026-09-21: 주주총회소집공고",2
핑거스토리,417180,-30,🚨 YES,기타시장안내(관리종목지정우려종목)              (시가총액 200억원 미달),,기타시장안내(관리종목지정우려종목)              (시가총액 200억원 미달)(-30),2026-09-29: [기재정정]반기보고서 (2026.06) | 2026-09-10: 기타시장안내(관리종목지정우려종목)              (시가총액 200억원 미달),2
OCI,456040,-30,🚨 YES,매매거래정지및정지해제(중요내용공시)              (영업정지),,매매거래정지및정지해제(중요내용공시)              (영업정지)(-30),2026-10-02: 주식등의대량보유상황보고서(약식) | 2026-09-29: 동일인등출자계열회사와의상품ㆍ용역거래변경 | 2026-09-29: 동일인등출자계열회사와의상품ㆍ용역거래변경 | 2026-09-29: 동일인등출자계열회사와의상품ㆍ용역거래 | 2026-09-29: 주요사항보고서(영업정지),6
이스트에이드,239340,-30,🚨 YES,주권매매거래정지해제              (액면병합 주권 변경상장),,주권매매거래정지해제              (액면병합 주권 변경상장)(-30),2026-09-29: 임원ㆍ주요주주특정증권등소유상황보고서 | 2026-09-29: 임원ㆍ주요주주특정증권등소유상황보고서 | 2026-09-23: [기재정정]주주총회소집결의               | 2026-09-23: 주주총회소집공고 | 2026-09-23: [기재정정]주주총회소집결의              (임시주주총회),6
신라에스지,025870,-30,🚨 YES,주권매매거래정지              (상장폐지 사유발생),,주권매매거래정지              (상장폐지 사유발생)(-30),2026-09-14: 기타시장안내              (상장폐지 및 정리매매 절차 미진행) | 2026-09-14: 주권매매거래정지              (상장폐지 사유발생) | 2026-09-11: 기타경영사항(자율공시)              (코넥스시장 이전상장 결정) | 2026-09-07: 기타시장안내              (시가총액 미달에 따른 상장폐지 우려 관련 안내),4
인산가,277410,-30,🚨 YES,[기재정정]주요사항보고서(유상증자결정) | [기재정정]주요사항보고서(유상증자결정),,[기재정정]주요사항보고서(유상증자결정)(-15) | [기재정정]주요사항보고서(유상증자결정)(-15),2026-09-18: [기재정정]주요사항보고서(유상증자결정) | 2026-09-17: [기재정정]주요사항보고서(유상증자결정) | 2026-09-08: 신주인수권행사가액의조정              ,3
에이프로젠바이오로직스,003060,-30,🚨 YES,[기재정정]주요사항보고서(유상증자결정) | [기재정정]주요사항보고서(유상증자결정),,[기재정정]주요사항보고서(유상증자결정)(-15) | [기재정정]주요사항보고서(유상증자결정)(-15),2026-10-02: 임원ㆍ주요주주특정증권등소유상황보고서 | 2026-10-02: 주식등의대량보유상황보고서(일반) | 2026-10-02: 최대주주등소유주식변동신고서               | 2026-09-23: 유상증자또는주식관련사채등의발행결과(자율공시)               | 2026-09-23: 금전대여결정              ,8
MH에탄올,023150,-30,🚨 YES,매매거래정지및정지해제(중요내용공시)              ,,매매거래정지및정지해제(중요내용공시)              (-30),2026-10-01: 주요사항보고서(무상증자결정) | 2026-10-01: 매매거래정지및정지해제(중요내용공시)              ,2
KT지니뮤직,043610,-30,🚨 YES,"주권매매거래정지              (주식의 병합, 분할 등 전자등록 변경, 말소)",,"주권매매거래정지              (주식의 병합, 분할 등 전자등록 변경, 말소)(-30)","2026-09-29: 주권매매거래정지              (주식의 병합, 분할 등 전자등록 변경, 말소)",1
캐리,313760,-30,🚨 YES,주권매매거래정지기간변경              (상장적격성 실질심사 대상 결정),,주권매매거래정지기간변경              (상장적격성 실질심사 대상 결정)(-30),2026-09-30: 주권매매거래정지기간변경              (상장적격성 실질심사 대상 결정) | 2026-09-30: 기타시장안내              (상장적격성 실질심사 대상 결정) | 2026-09-15: 불성실공시법인지정예고              (공시번복) | 2026-09-07: 기타시장안내              (실질심사 대상여부 결정을 위한 조사기간 연장 안내),4
씨엑스아이,900120,-30,🚨 YES,주권매매거래정지해제              (액면병합 주권 변경상장),,주권매매거래정지해제              (액면병합 주권 변경상장)(-30),2026-10-02: 주권매매거래정지해제              (액면병합 주권 변경상장),1
해태제과식품,101530,-30,🚨 YES,매매거래정지및정지해제(풍문등조회공시)              ,,매매거래정지및정지해제(풍문등조회공시)              (-30),2026-10-02: 최대주주등소유주식변동신고서               | 2026-09-17: [기재정정]기타시장안내              (상장적격성 실질심사 사유 발생) | 2026-09-17: [기재정정]기타시장안내              (상장적격성 실질심사 사유 발생) | 2026-09-17: 기타시장안내              (상장적격성 실질심사 사유 발생) | 2026-09-17: 회계처리기준위반에따른검찰고발등조치              ,7
CSA 코스믹,083660,-30,🚨 YES,[기재정정]주요사항보고서(전환사채권발행결정) | 주요사항보고서(전환사채권발행결정),,[기재정정]주요사항보고서(전환사채권발행결정)(-15) | 주요사항보고서(전환사채권발행결정)(-15),2026-09-30: [기재정정]주요사항보고서(전환사채권발행결정) | 2026-09-29: [기재정정]주주총회소집결의              (임시주주총회) | 2026-09-29: 주식병합결정               | 2026-09-29: 의결권대리행사권유참고서류 | 2026-09-29: 주주총회소집공고,10
코스나인,082660,-30,🚨 YES,주권매매거래정지해제              (상장폐지에 따른 정리매매 개시),,주권매매거래정지해제              (상장폐지에 따른 정리매매 개시)(-30),2026-09-08: 주권매매거래정지해제              (상장폐지에 따른 정리매매 개시) | 2026-09-08: 기타시장안내              (상장폐지결정 등 효력정지 가처분 신청 기각에 따른 정리매매절차 재개),2
조이웍스앤코,309930,-30,🚨 YES,기타시장안내(관리종목지정우려종목)              (시가총액 200억원 미달),,기타시장안내(관리종목지정우려종목)              (시가총액 200억원 미달)(-30),2026-09-07: 기타시장안내(관리종목지정우려종목)              (시가총액 200억원 미달),1
헝셩그룹,900270,-30,🚨 YES,[첨부정정]주요사항보고서(유상증자결정) | 주요사항보고서(유상증자결정),,[첨부정정]주요사항보고서(유상증자결정)(-15) | 주요사항보고서(유상증자결정)(-15),2026-09-28: 임시주주총회결과               | 2026-09-21: [첨부정정]주요사항보고서(유상증자결정) | 2026-09-21: [기재정정]주주총회소집공고 | 2026-09-21: [첨부정정]주주총회소집결의               | 2026-09-15: 전환청구권행사              ,8
케이피티유,054410,-30,🚨 YES,기타시장안내(관리종목지정우려종목)              (시가총액 200억원 미달),,기타시장안내(관리종목지정우려종목)              (시가총액 200억원 미달)(-30),2026-09-29: 기타시장안내(관리종목지정우려종목)              (시가총액 200억원 미달),1
LK삼양,225190,-30,🚨 YES,주권매매거래정지해제              (액면병합 주권 변경상장),,주권매매거래정지해제              (액면병합 주권 변경상장)(-30),2026-09-29: 임원ㆍ주요주주특정증권등소유상황보고서 | 2026-09-23: 주권매매거래정지해제              (액면병합 주권 변경상장) | 2026-09-07: [기재정정]주식매수선택권부여에관한신고 | 2026-09-07: [기재정정]주식매수선택권부여에관한신고,4
모나미,005360,-30,🚨 YES,투자유의안내              (관리종목지정 우려 예고),,투자유의안내              (관리종목지정 우려 예고)(-30),2026-09-22: 투자유의안내              (관리종목지정 우려 예고),1
빌리언스,044480,-30,🚨 YES,주권매매거래정지해제              (액면병합 주권 변경상장),,주권매매거래정지해제              (액면병합 주권 변경상장)(-30),2026-09-14: 주주총회소집결의              (임시주주총회) | 2026-09-14: 대표이사변경               | 2026-09-14: 주주명부폐쇄기간또는기준일설정               | 2026-09-10: 주식등의대량보유상황보고서(약식) | 2026-09-07: 주권매매거래정지해제              (액면병합 주권 변경상장),5
이노벡스,279060,-30,🚨 YES,주권매매거래정지해제              (상장폐지에 따른 정리매매 개시),,주권매매거래정지해제              (상장폐지에 따른 정리매매 개시)(-30),2026-09-07: 주권매매거래정지해제              (상장폐지에 따른 정리매매 개시),1
원풍물산,008290,-30,🚨 YES,주권매매거래정지              (상장폐지사유 발생),,주권매매거래정지              (상장폐지사유 발생)(-30),2026-09-08: 주권매매거래정지              (상장폐지사유 발생),1
유비온,084440,-30,🚨 YES,주권매매거래정지해제              (액면병합 주권 변경상장),,주권매매거래정지해제              (액면병합 주권 변경상장)(-30),2026-09-23: 주식등의대량보유상황보고서(일반) | 2026-09-23: [기재정정]주식매수선택권부여에관한신고 | 2026-09-23: [기재정정]주식매수선택권부여에관한신고 | 2026-09-17: 주권매매거래정지해제              (액면병합 주권 변경상장) | 2026-09-16: 본점소재지변경              ,6
인지디스플레,037330,-30,🚨 YES,"주권매매거래정지              (주식의 병합, 분할 등 전자등록 변경, 말소)",,"주권매매거래정지              (주식의 병합, 분할 등 전자등록 변경, 말소)(-30)","2026-10-02: 주권매매거래정지              (주식의 병합, 분할 등 전자등록 변경, 말소) | 2026-09-09: 본점소재지변경               | 2026-09-09: 임시주주총회결과              ",3
경남제약,053950,-30,🚨 YES,[기재정정]주요사항보고서(유상증자결정) | [기재정정]주요사항보고서(유상증자결정),,[기재정정]주요사항보고서(유상증자결정)(-15) | [기재정정]주요사항보고서(유상증자결정)(-15),2026-09-18: [기재정정]주주명부폐쇄기간또는기준일설정               | 2026-09-18: [기재정정]주요사항보고서(유상증자결정) | 2026-09-16: 정정신고서제출요구( 2026.09.07. 제출 증권신고서(지분증권) ) | 2026-09-07: [정정제출요구][기재정정]증권신고서(지분증권) | 2026-09-07: [기재정정]주주명부폐쇄기간또는기준일설정              ,6
동일금속,109860,-30,🚨 YES,기타시장안내(관리종목지정우려종목)              (거래량 미달),,기타시장안내(관리종목지정우려종목)              (거래량 미달)(-30),2026-10-01: 주식등의대량보유상황보고서(약식) | 2026-09-23: 유동성공급계약의체결               | 2026-09-21: 기타시장안내(관리종목지정우려종목)              (거래량 미달) | 2026-09-18: 임원ㆍ주요주주특정증권등거래계획보고서,4
디에이테크놀로지,196490,-30,🚨 YES,주권매매거래정지해제              (상장폐지에 따른 정리매매 개시),,주권매매거래정지해제              (상장폐지에 따른 정리매매 개시)(-30),2026-09-21: 주권매매거래정지해제              (상장폐지에 따른 정리매매 개시) | 2026-09-21: 기타시장안내              (상장폐지결정무효확인의 소 기각에 따른 정리매매절차 재개),2
대림제지,017650,-30,🚨 YES,"주권매매거래정지              (주식의 병합, 분할 등 전자등록 변경, 말소)",,"주권매매거래정지              (주식의 병합, 분할 등 전자등록 변경, 말소)(-30)","2026-09-15: 주권매매거래정지              (주식의 병합, 분할 등 전자등록 변경, 말소)",1
CMG제약,058820,-30,🚨 YES,"주권매매거래정지              (주식의 병합, 분할 등 전자등록 변경, 말소)",,"주권매매거래정지              (주식의 병합, 분할 등 전자등록 변경, 말소)(-30)","2026-09-28: 주권매매거래정지              (주식의 병합, 분할 등 전자등록 변경, 말소)",1
다산디엠씨,208860,-30,🚨 YES,주권매매거래정지해제              (액면병합 주권 변경상장),,주권매매거래정지해제              (액면병합 주권 변경상장)(-30),2026-09-30: 임원ㆍ주요주주특정증권등소유상황보고서 | 2026-09-23: 주권매매거래정지해제              (액면병합 주권 변경상장) | 2026-09-23: 임원ㆍ주요주주특정증권등소유상황보고서 | 2026-09-23: 임원ㆍ주요주주특정증권등소유상황보고서 | 2026-09-09: 주식등의대량보유상황보고서(일반),6
신라섬유,001000,-30,🚨 YES,주권매매거래정지해제              (액면병합 주권 변경상장),,주권매매거래정지해제              (액면병합 주권 변경상장)(-30),2026-09-15: 기타시장안내              (관리종목 지정사유 추가우려)(시가총액 200억원 미달) | 2026-09-10: 주권매매거래정지해제              (액면병합 주권 변경상장) | 2026-09-09: 임원ㆍ주요주주특정증권등소유상황보고서 | 2026-09-09: 임원ㆍ주요주주특정증권등소유상황보고서 | 2026-09-09: 임원ㆍ주요주주특정증권등소유상황보고서,5
엔피케이,048830,-30,🚨 YES,기타시장안내(관리종목지정우려종목)              (시가총액 200억원 미달),,기타시장안내(관리종목지정우려종목)              (시가총액 200억원 미달)(-30),2026-09-29: 기타시장안내(관리종목지정우려종목)              (시가총액 200억원 미달),1
캠시스,050110,-30,🚨 YES,"주권매매거래정지              (주식의 병합, 분할 등 전자등록 변경, 말소)",,"주권매매거래정지              (주식의 병합, 분할 등 전자등록 변경, 말소)(-30)","2026-09-08: 주권매매거래정지              (주식의 병합, 분할 등 전자등록 변경, 말소)",1
유안타제15호스팩,473050,-30,🚨 YES,주권매매거래정지              (상장폐지 사유발생),,주권매매거래정지              (상장폐지 사유발생)(-30),2026-10-01: 주식등의대량보유상황보고서(약식) | 2026-09-29: 기타경영사항(자율공시)               | 2026-09-23: 주권매매거래정지              (상장폐지 사유발생) | 2026-09-16: 기타시장안내              (주권 상장폐지 우려 예고),4
하나32호스팩,475240,-30,🚨 YES,기타시장안내(관리종목지정우려종목)              ,,기타시장안내(관리종목지정우려종목)              (-30),2026-09-11: 기타시장안내(관리종목지정우려종목)              ,1
엑스페릭스,317770,-30,🚨 YES,[기재정정]주요사항보고서(전환사채권발행결정) | [기재정정]주요사항보고서(전환사채권발행결정),,[기재정정]주요사항보고서(전환사채권발행결정)(-15) | [기재정정]주요사항보고서(전환사채권발행결정)(-15),2026-09-30: [기재정정]주권관련사채권의처분결정               | 2026-09-30: [기재정정]타법인주식및출자증권처분결정               | 2026-09-21: 증권발행결과(자율공시)              (제7회차 CB) | 2026-09-21: 전환가액의조정              (제5회차) | 2026-09-21: 주식등의대량보유상황보고서(일반),7
SDN,099220,-30,🚨 YES,주권매매거래정지해제              (액면병합 주권 변경상장),,주권매매거래정지해제              (액면병합 주권 변경상장)(-30),2026-09-28: 임원ㆍ주요주주특정증권등소유상황보고서 | 2026-09-28: 임원ㆍ주요주주특정증권등소유상황보고서 | 2026-09-28: 임원ㆍ주요주주특정증권등소유상황보고서 | 2026-09-28: 임원ㆍ주요주주특정증권등소유상황보고서 | 2026-09-28: 임원ㆍ주요주주특정증권등소유상황보고서,7
바른손이앤에이,035620,-30,🚨 YES,[기재정정]주요사항보고서(유상증자결정) | 주요사항보고서(유상증자결정),,[기재정정]주요사항보고서(유상증자결정)(-15) | 주요사항보고서(유상증자결정)(-15),2026-09-29: 기타시장안내              (시가총액 미달에 따른 상장폐지 우려 관련 안내) | 2026-09-28: 주식등의대량보유상황보고서(일반) | 2026-09-28: [기재정정]주식등의대량보유상황보고서(일반) | 2026-09-15: 임원ㆍ주요주주특정증권등거래계획보고서 | 2026-09-15: [기재정정]주요사항보고서(유상증자결정),7
신한제12호스팩,474660,-30,🚨 YES,기타시장안내(관리종목지정우려종목)              ,,기타시장안내(관리종목지정우려종목)              (-30),2026-09-28: 기타시장안내(관리종목지정우려종목)              ,1
하나31호스팩,469900,-30,🚨 YES,주권매매거래정지              (상장폐지 사유발생),,주권매매거래정지              (상장폐지 사유발생)(-30),2026-10-02: 주식등의대량보유상황보고서(약식) | 2026-09-29: 기타경영사항(자율공시)              (하나31호기업인수목적(주) 청산 관련 주요사항 안내) | 2026-09-28: 주권매매거래정지              (상장폐지 사유발생) | 2026-09-17: 기타시장안내              (주권 상장폐지 우려 예고),4
SK증권제11호스팩,472230,-30,🚨 YES,주권매매거래정지              (상장폐지 사유발생),,주권매매거래정지              (상장폐지 사유발생)(-30),2026-10-01: 주식등의대량보유상황보고서(약식) | 2026-09-30: 기타경영사항(자율공시)              (청산관련 주요사항 안내) | 2026-09-23: 주권매매거래정지              (상장폐지 사유발생) | 2026-09-16: 기타시장안내              (주권 상장폐지 우려 예고),4
SKAI,357880,-30,🚨 YES,[기재정정]주요사항보고서(유상증자결정) | 주요사항보고서(유상증자결정),,[기재정정]주요사항보고서(유상증자결정)(-15) | 주요사항보고서(유상증자결정)(-15),2026-09-17: 소액공모실적보고서 | 2026-09-17: 증권발행결과(자율공시)               | 2026-09-15: [기재정정]주요사항보고서(유상증자결정) | 2026-09-15: [기재정정]소액공모공시서류(지분증권) | 2026-09-15: 유상증자최종발행가액확정              ,7
자이글,234920,-30,🚨 YES,주권매매거래정지기간변경              (상장폐지 사유 발생),,주권매매거래정지기간변경              (상장폐지 사유 발생)(-30),2026-09-18: 주권매매거래정지기간변경              (상장폐지 사유 발생) | 2026-09-18: 기타시장안내              (기업심사위원회 개최 결과 안내),2
우진엔텍,457550,-30,🚨 YES,주권매매거래정지              (상장적격성 실질심사 대상 (사유발생)),,주권매매거래정지              (상장적격성 실질심사 대상 (사유발생))(-30),2026-10-02: [기재정정]거래처와의거래중단               | 2026-10-01: 기타시장안내              (상장적격성 실질심사 대상결정 기한 안내) | 2026-10-01: 기타시장안내              (상장적격성 실질심사 관련 안내) | 2026-10-01: 거래처와의거래중단               | 2026-10-01: 주권매매거래정지              (상장적격성 실질심사 대상 (사유발생)),5
모비데이즈,363260,-30,🚨 YES,주권매매거래정지해제              (액면병합 주권 변경상장),,주권매매거래정지해제              (액면병합 주권 변경상장)(-30),2026-09-18: 주식등의대량보유상황보고서(일반) | 2026-09-18: 임원ㆍ주요주주특정증권등소유상황보고서 | 2026-09-10: 주식등의대량보유상황보고서(일반) | 2026-09-10: 임원ㆍ주요주주특정증권등소유상황보고서 | 2026-09-07: 주권매매거래정지해제              (액면병합 주권 변경상장),5
아이씨에이치,368600,-30,🚨 YES,"주권매매거래정지              (주식의 병합, 분할 등 전자등록 변경, 말소)",,"주권매매거래정지              (주식의 병합, 분할 등 전자등록 변경, 말소)(-30)","2026-09-30: [기재정정]주식병합결정               | 2026-09-16: [기재정정]주식매수선택권부여에관한신고 | 2026-09-16: 임원ㆍ주요주주특정증권등소유상황보고서 | 2026-09-16: 임원ㆍ주요주주특정증권등소유상황보고서 | 2026-09-09: 주권매매거래정지              (주식의 병합, 분할 등 전자등록 변경, 말소)",5
한화플러스제5호스팩,498390,-27,🚨 YES,주권매매거래정지해제              (상장예비심사결과 통지(승인)),[기재정정]주요사항보고서(회사합병결정)(+3),주권매매거래정지해제              (상장예비심사결과 통지(승인))(-30),2026-09-29: [기재정정]주요사항보고서(회사합병결정) | 2026-09-29: 주주명부폐쇄기간또는기준일설정               | 2026-09-29: 주주총회소집결의              (임시주주총회) | 2026-09-28: 주권매매거래정지해제              (상장예비심사결과 통지(승인)) | 2026-09-28: [기재정정]반기보고서 (2026.06),7
IBKS제24호스팩,469480,-27,🚨 YES,주권매매거래정지해제              (상장예비심사결과 통지(승인)),[기재정정]주요사항보고서(회사합병결정)(+3),주권매매거래정지해제              (상장예비심사결과 통지(승인))(-30),2026-10-02: [기재정정]주요사항보고서(회사합병결정) | 2026-10-02: 주주명부폐쇄기간또는기준일설정               | 2026-10-02: 주주총회소집결의              (임시주주총회) | 2026-09-28: 주권매매거래정지해제              (상장예비심사결과 통지(승인)),4
샤페론,378800,-27,🚨 YES,주권매매거래정지해제              (액면병합 주권 변경상장),연결재무제표기준영업(잠정)실적(공정공시)              (+3),주권매매거래정지해제              (액면병합 주권 변경상장)(-30),2026-10-01: 연결재무제표기준영업(잠정)실적(공정공시)               | 2026-09-30: 투자판단관련주요경영사항(임상시험결과)              (경증 또는 중등증 아토피 피부염 환자를 대상으로 HY209겔의 제2상 임상시험결과보고서(CSR) 수령) | 2026-09-28: 주권매매거래정지해제              (액면병합 주권 변경상장),3
키움제11호스팩,489480,-27,🚨 YES,주권매매거래정지              (SPAC 합병(예비심사청구대상)),주요사항보고서(회사합병결정)(+3),주권매매거래정지              (SPAC 합병(예비심사청구대상))(-30),2026-09-10: 주요사항보고서(회사합병결정) | 2026-09-10: 주권매매거래정지              (SPAC 합병(예비심사청구대상)),2
교보16호스팩,482520,-27,🚨 YES,주권매매거래정지              (SPAC 합병(예비심사청구대상)),주요사항보고서(회사합병결정)(+3),주권매매거래정지              (SPAC 합병(예비심사청구대상))(-30),2026-09-18: 주요사항보고서(회사합병결정) | 2026-09-18: 주권매매거래정지              (SPAC 합병(예비심사청구대상)),2
한중엔시에스,107640,-27,🚨 YES,[기재정정]유상증자결정(종속회사의주요경영사항)               | 유상증자결정(종속회사의주요경영사항)              ,유형자산취득결정(종속회사의주요경영사항)              (+3),[기재정정]유상증자결정(종속회사의주요경영사항)              (-15) | 유상증자결정(종속회사의주요경영사항)              (-15),2026-09-30: 합병등종료보고서(합병) | 2026-09-22: [기재정정]유상증자결정(종속회사의주요경영사항)               | 2026-09-22: 유형자산취득결정(종속회사의주요경영사항)               | 2026-09-17: 유상증자결정(종속회사의주요경영사항)               | 2026-09-16: 타법인주식및출자증권취득결정              ,5
코나아이,052400,-25,🚨 YES,주권매매거래정지              (무상증자),주식소각결정              (+5),주권매매거래정지              (무상증자)(-30),2026-10-01: [기재정정]타법인주식및출자증권취득결정               | 2026-09-14: 주주명부폐쇄기간또는기준일설정               | 2026-09-14: 주권매매거래정지              (무상증자) | 2026-09-14: 주요사항보고서(무상증자결정) | 2026-09-14: 주식소각결정              ,5
SNT다이내믹스,003570,-25,🚨 YES,매매거래정지및정지해제(중요내용공시)              ,주식소각결정              (+5),매매거래정지및정지해제(중요내용공시)              (-30),2026-09-29: 주식소각결정               | 2026-09-29: 매매거래정지및정지해제(중요내용공시)               | 2026-09-14: 주주명부폐쇄기간또는기준일설정              ,3
누보,332290,-25,🚨 YES,주권매매거래정지해제              (액면병합 주권 변경상장),[기재정정]단일판매ㆍ공급계약체결              (+5),주권매매거래정지해제              (액면병합 주권 변경상장)(-30),2026-09-30: [기재정정]단일판매ㆍ공급계약체결               | 2026-09-29: [기재정정]반기보고서 (2026.06) | 2026-09-11: 주권매매거래정지해제              (액면병합 주권 변경상장) | 2026-09-10: 임원ㆍ주요주주특정증권등소유상황보고서 | 2026-09-10: 임원ㆍ주요주주특정증권등소유상황보고서,13
디알텍,214680,-25,🚨 YES,주권매매거래정지해제              (액면병합 주권 변경상장),주식소각결정              (+5),주권매매거래정지해제              (액면병합 주권 변경상장)(-30),2026-09-10: 주식소각결정               | 2026-09-09: 주권매매거래정지해제              (액면병합 주권 변경상장),2
엑셈,205100,-25,🚨 YES,"주권매매거래정지              (주식의 병합, 분할 등 전자등록 변경, 말소)",주요사항보고서(자기주식취득결정)(+5),"주권매매거래정지              (주식의 병합, 분할 등 전자등록 변경, 말소)(-30)","2026-10-02: 주권매매거래정지              (주식의 병합, 분할 등 전자등록 변경, 말소) | 2026-09-18: 주요사항보고서(자기주식취득결정) | 2026-09-16: 임원ㆍ주요주주특정증권등소유상황보고서 | 2026-09-16: 주식등의대량보유상황보고서(일반) | 2026-09-11: 임시주주총회결과              ",7
두산,000150,-25,🚨 YES,매매거래정지및정지해제(중요내용공시)              ,주식소각결정              (+5),매매거래정지및정지해제(중요내용공시)              (-30),2026-09-23: 임원ㆍ주요주주특정증권등소유상황보고서 | 2026-09-23: 임원ㆍ주요주주특정증권등소유상황보고서 | 2026-09-18: 주식등의대량보유상황보고서(일반) | 2026-09-17: 투자판단관련주요경영사항              (채무보증 제공의 건) | 2026-09-17: 투자판단관련주요경영사항              (증설 투자의 건),8
티웨이홀딩스,004870,-25,🚨 YES,투자유의안내              (관리종목지정 우려 예고),단일판매ㆍ공급계약체결              (+5),투자유의안내              (관리종목지정 우려 예고)(-30),2026-09-29: 임원ㆍ주요주주특정증권등거래계획보고서 | 2026-09-18: 타인에대한채무보증결정               | 2026-09-10: 투자유의안내              (관리종목지정 우려 예고) | 2026-09-10: 단일판매ㆍ공급계약체결              ,4
에이전트AI,060900,-25,🚨 YES,[기재정정]주요사항보고서(전환사채권발행결정) | 주요사항보고서(전환사채권발행결정),단일판매ㆍ공급계약체결              (+5),[기재정정]주요사항보고서(전환사채권발행결정)(-15) | 주요사항보고서(전환사채권발행결정)(-15),2026-10-01: [기재정정]주요사항보고서(자기전환사채매도결정) | 2026-09-30: 불성실공시법인지정              (공시번복) | 2026-09-30: [기재정정]주요사항보고서(자기전환사채매도결정) | 2026-09-30: 주주총회소집공고 | 2026-09-30: 단일판매ㆍ공급계약체결              ,9
SNT모티브,064960,-25,🚨 YES,매매거래정지및정지해제(중요내용공시)              ,주식소각결정              (+5),매매거래정지및정지해제(중요내용공시)              (-30),2026-09-28: 주식소각결정               | 2026-09-28: 매매거래정지및정지해제(중요내용공시)               | 2026-09-14: 주주명부폐쇄기간또는기준일설정              ,3
일성아이에스,003120,-25,🚨 YES,매매거래정지및정지해제(중요내용공시)              ,주식소각결정              (+5),매매거래정지및정지해제(중요내용공시)              (-30),2026-09-30: 주식소각결정               | 2026-09-30: 매매거래정지및정지해제(중요내용공시)              ,2
케이아이이,009140,-25,🚨 YES,매매거래정지및정지해제(중요내용공시)              ,주식소각결정              (+5),매매거래정지및정지해제(중요내용공시)              (-30),2026-09-21: 주식소각결정               | 2026-09-21: 매매거래정지및정지해제(중요내용공시)              ,2
엠투엔,033310,-25,OK,,,[기재정정]최대주주변경을수반하는주식담보제공계약체결              (-5) | [기재정정]최대주주변경을수반하는주식담보제공계약체결              (-5) | [기재정정]최대주주변경을수반하는주식담보제공계약체결              (-5) | [기재정정]최대주주변경을수반하는주식담보제공계약체결              (-5) | [기재정정]최대주주변경을수반하는주식담보제공계약체결              (-5),2026-09-30: [기재정정]최대주주변경을수반하는주식담보제공계약체결               | 2026-09-22: 주식등의대량보유상황보고서(일반) | 2026-09-22: [기재정정]최대주주변경을수반하는주식담보제공계약체결               | 2026-09-16: [기재정정]최대주주변경을수반하는주식담보제공계약체결               | 2026-09-15: 본점소재지변경              ,8
자비스,254120,-25,🚨 YES,"주권매매거래정지              (주식의 병합, 분할 등 전자등록 변경, 말소)",단일판매ㆍ공급계약체결              (+5),"주권매매거래정지              (주식의 병합, 분할 등 전자등록 변경, 말소)(-30)","2026-09-29: 단일판매ㆍ공급계약체결               | 2026-09-18: 주권매매거래정지              (주식의 병합, 분할 등 전자등록 변경, 말소) | 2026-09-10: 주식등의대량보유상황보고서(일반) | 2026-09-10: 임원ㆍ주요주주특정증권등소유상황보고서 | 2026-09-10: 임시주주총회결과              ",5
코아스,071950,-25,🚨 YES,투자유의안내              (관리종목지정 우려 예고),단일판매ㆍ공급계약체결              (+5),투자유의안내              (관리종목지정 우려 예고)(-30),2026-09-29: [기재정정]거래처와의거래중단               | 2026-09-21: [기재정정]주요사항보고서(자기전환사채매도결정) | 2026-09-21: [기재정정]주요사항보고서(자기신주인수권부사채매도결정) | 2026-09-21: [기재정정]주요사항보고서(자기신주인수권부사채만기전취득결정) | 2026-09-21: [기재정정]주요사항보고서(자기전환사채만기전취득결정),11
아시아경제,127710,-25,🚨 YES,감자결정(종속회사의주요경영사항)              ,,감자결정(종속회사의주요경영사항)              (-20) | 최대주주변경을수반하는주식양수도계약체결              (-5),2026-09-30: 주식등의대량보유상황보고서(일반) | 2026-09-30: 주식등의대량보유상황보고서(일반) | 2026-09-23: 감자결정(종속회사의주요경영사항)               | 2026-09-21: 최대주주변경을수반하는주식양수도계약체결               | 2026-09-15: 임원ㆍ주요주주특정증권등소유상황보고서,6
국영지앤엠,006050,-25,🚨 YES,기타시장안내(관리종목지정우려종목)              (시가총액 200억원 미달),주요사항보고서(자기주식취득결정)(+5),기타시장안내(관리종목지정우려종목)              (시가총액 200억원 미달)(-30),2026-09-15: 기타시장안내(관리종목지정우려종목)              (시가총액 200억원 미달) | 2026-09-10: 주요사항보고서(자기주식취득결정),2
로아앤코,214310,-20,🚨 YES,주요사항보고서(감자결정),,주요사항보고서(감자결정)(-20),2026-09-29: 주요사항보고서(감자결정),1
파인테크닉스,106240,-20,🚨 YES,주요사항보고서(유상증자결정),,[기재정정]최대주주변경을수반하는주식양수도계약체결              (-5) | 주요사항보고서(유상증자결정)(-15),2026-09-30: 임원ㆍ주요주주특정증권등소유상황보고서 | 2026-09-30: 주식등의대량보유상황보고서(일반) | 2026-09-30: [기재정정]주식등의대량보유상황보고서(일반) | 2026-09-30: [기재정정]최대주주변경을수반하는주식양수도계약체결               | 2026-09-30: 주요사항보고서(유상증자결정),7
고영,098460,-20,OK,,,[기재정정]주요사항보고서(자기주식처분결정)(-10) | 주요사항보고서(자기주식처분결정)(-10),2026-10-01: 기업설명회(IR)개최               | 2026-09-30: [기재정정]주요사항보고서(자기주식처분결정) | 2026-09-29: 주요사항보고서(자기주식처분결정) | 2026-09-29: 주식등의대량보유상황보고서(약식) | 2026-09-14: 기업설명회(IR)개최              ,9
이엠앤아이,083470,-20,🚨 YES,[기재정정]주요사항보고서(유상증자결정),,[기재정정]주요사항보고서(유상증자결정)(-15) | [기재정정]최대주주변경을수반하는주식양수도계약체결              (-5),2026-09-29: [기재정정]주주총회소집공고 | 2026-09-22: 주식등의대량보유상황보고서(일반) | 2026-09-22: 주식등의대량보유상황보고서(일반) | 2026-09-18: 조회공시요구(현저한시황변동)에대한답변(미확정)               | 2026-09-16: [기재정정]주주총회소집결의              (임시주주총회),10
덱스터,206560,-20,🚨 YES,"기타시장안내(관리종목지정우려종목)              (주가 1,000원 미달)",단일판매ㆍ공급계약체결              (+5) | [기재정정]단일판매ㆍ공급계약체결              (+5),"기타시장안내(관리종목지정우려종목)              (주가 1,000원 미달)(-30)","2026-10-01: 임원ㆍ주요주주특정증권등소유상황보고서 | 2026-09-30: 임원ㆍ주요주주특정증권등소유상황보고서 | 2026-09-23: 기타시장안내(관리종목지정우려종목)              (주가 1,000원 미달) | 2026-09-21: 단일판매ㆍ공급계약체결               | 2026-09-18: [기재정정]단일판매ㆍ공급계약체결              ",8
CNT85,056730,-20,🚨 YES,기타시장안내(관리종목지정우려종목)              (시가총액 200억원 미달),[기재정정]단일판매ㆍ공급계약체결(자율공시)              (+5) | [기재정정]단일판매ㆍ공급계약체결(자율공시)              (+5),기타시장안내(관리종목지정우려종목)              (시가총액 200억원 미달)(-30),2026-09-30: 기타시장안내(관리종목지정우려종목)              (시가총액 200억원 미달) | 2026-09-15: [기재정정]단일판매ㆍ공급계약체결(자율공시)               | 2026-09-11: [기재정정]단일판매ㆍ공급계약체결(자율공시)              ,3
제일기획,030000,-20,🚨 YES,매매거래정지및정지해제(중요내용공시)              ,주요사항보고서(자기주식취득결정)(+5) | 주식소각결정              (+5),매매거래정지및정지해제(중요내용공시)              (-30),2026-10-02: 최대주주등소유주식변동신고서               | 2026-09-30: 수시공시의무관련사항(공정공시)               | 2026-09-30: 주요사항보고서(자기주식취득결정) | 2026-09-30: 주식소각결정               | 2026-09-30: 매매거래정지및정지해제(중요내용공시)              ,5
제주항공,089590,-20,🚨 YES,감자결정(종속회사의주요경영사항)              ,,감자결정(종속회사의주요경영사항)              (-20),2026-10-01: 출자법인부도ㆍ해산사유등발생(자율공시)               | 2026-09-29: 주식등의대량보유상황보고서(일반) | 2026-09-15: 신규시설투자등               | 2026-09-15: 주요사항보고서(자본으로인정되는채무증권발행결정) | 2026-09-15: 특수관계인으로부터부동산임차,8
미투온,201490,-20,🚨 YES,주요사항보고서(유상증자결정),,최대주주변경을수반하는주식양수도계약체결              (-5) | 주요사항보고서(유상증자결정)(-15),2026-09-15: 주식등의대량보유상황보고서(일반) | 2026-09-15: 최대주주변경을수반하는주식양수도계약체결               | 2026-09-15: 주식등의대량보유상황보고서(일반) | 2026-09-15: 주요사항보고서(유상증자결정) | 2026-09-11: 주식등의대량보유상황보고서(일반),5
아이비젼웍스,469750,-20,🚨 YES,주권매매거래정지해제              (액면병합 주권 변경상장),[기재정정]단일판매ㆍ공급계약체결              (+5) | 단일판매ㆍ공급계약체결              (+5),주권매매거래정지해제              (액면병합 주권 변경상장)(-30),2026-10-01: 주권매매거래정지해제              (액면병합 주권 변경상장) | 2026-09-29: [기재정정]단일판매ㆍ공급계약체결               | 2026-09-29: [기재정정]반기보고서 (2026.06) | 2026-09-16: 임원ㆍ주요주주특정증권등소유상황보고서 | 2026-09-14: 단일판매ㆍ공급계약체결              ,13
CJ CGV,079160,-20,🚨 YES,감자결정(종속회사의주요경영사항)              ,,감자결정(종속회사의주요경영사항)              (-20),2026-09-21: [기재정정]소송등의제기ㆍ신청(일정금액이상의청구)               | 2026-09-18: 감자결정(종속회사의주요경영사항)               | 2026-09-17: 타인에대한채무보증결정               | 2026-09-17: 타인에대한채무보증결정               | 2026-09-16: 동일인등출자계열회사와의상품ㆍ용역거래,7
샘표,007540,-20,🚨 YES,매매거래정지및정지해제(중요내용공시)              ,주식소각결정(자회사의 주요경영사항)              (+5) | 주식소각결정              (+5),매매거래정지및정지해제(중요내용공시)              (-30),2026-09-15: 주식소각결정(자회사의 주요경영사항)               | 2026-09-09: 주식소각결정               | 2026-09-09: 매매거래정지및정지해제(중요내용공시)              ,3
대성산업,128820,-20,🚨 YES,감자결정(종속회사의주요경영사항)              ,,감자결정(종속회사의주요경영사항)              (-20),2026-09-16: 감자결정(종속회사의주요경영사항)              ,1
IBKS제25호스팩,0099X0,-18,🚨 YES,주권매매거래정지해제              (상장예비심사결과 통지(승인)),[첨부정정]주요사항보고서(회사합병결정)(+3) | [첨부정정]주요사항보고서(회사합병결정)(+3) | [첨부정정]주요사항보고서(회사합병결정)(+3) | [기재정정]주요사항보고서(회사합병결정)(+3),주권매매거래정지해제              (상장예비심사결과 통지(승인))(-30),2026-09-29: [첨부정정]주요사항보고서(회사합병결정) | 2026-09-29: [첨부정정]주요사항보고서(회사합병결정) | 2026-09-29: [첨부정정]주요사항보고서(회사합병결정) | 2026-09-29: 주주명부폐쇄기간또는기준일설정               | 2026-09-29: 주주총회소집결의              (임시주주총회),7
이마트,139480,-17,🚨 YES,[기재정정]감자결정(종속회사의주요경영사항)              ,영업(잠정)실적(공정공시)              (+3),[기재정정]감자결정(종속회사의주요경영사항)              (-20),2026-09-22: [기재정정]감자결정(종속회사의주요경영사항)               | 2026-09-10: 영업(잠정)실적(공정공시)              ,2
나노씨엠에스,247660,-15,🚨 YES,[기재정정]주요사항보고서(유상증자결정),,[기재정정]주요사항보고서(유상증자결정)(-15),2026-09-30: 소송등의판결ㆍ결정              (직무대행자선임가처분 취하) | 2026-09-30: 소송등의판결ㆍ결정              (주주총회 결의 무효 확인의 소 취하) | 2026-09-29: 기타시장안내              (시가총액 미달에 따른 상장폐지 우려 관련 안내) | 2026-09-21: 대표이사변경               | 2026-09-21: 임시주주총회결과              ,21
특수건설,026150,-15,🚨 YES,[기재정정]주요사항보고서(전환사채권발행결정) | 주요사항보고서(전환사채권발행결정),[기재정정]단일판매ㆍ공급계약체결              (+5) | [기재정정]단일판매ㆍ공급계약체결              (+5) | [기재정정]단일판매ㆍ공급계약체결              (+5),[기재정정]주요사항보고서(전환사채권발행결정)(-15) | 주요사항보고서(전환사채권발행결정)(-15),2026-09-30: 주식등의대량보유상황보고서(약식) | 2026-09-30: 전환가액의조정               | 2026-09-29: 증권발행결과(자율공시)               | 2026-09-23: [기재정정]주요사항보고서(전환사채권발행결정) | 2026-09-21: 주요사항보고서(전환사채권발행결정),9
셀레믹스,331920,-15,🚨 YES,[기재정정]주요사항보고서(유상증자결정),,[기재정정]주요사항보고서(유상증자결정)(-15),2026-09-14: [기재정정]주요사항보고서(유상증자결정) | 2026-09-10: 주식등의대량보유상황보고서(일반) | 2026-09-10: 임원ㆍ주요주주특정증권등소유상황보고서,3
테라사이언스,073640,-15,🚨 YES,[기재정정]주요사항보고서(유상증자결정),,[기재정정]주요사항보고서(유상증자결정)(-15),2026-09-30: [기재정정]주요사항보고서(유상증자결정) | 2026-09-17: [기재정정]주요사항보고서(타법인주식및출자증권양도결정) | 2026-09-17: [기재정정]주주총회소집결의              (임시주주총회) | 2026-09-17: [기재정정]주주명부폐쇄기간또는기준일설정              ,4
포스코인터내셔널,047050,-15,🚨 YES,유상증자결정(종속회사의주요경영사항)              ,,유상증자결정(종속회사의주요경영사항)              (-15),2026-10-02: [기재정정]타인에대한채무보증결정               | 2026-09-14: 기업설명회(IR)개최(안내공시)               | 2026-09-14: 금전대여결정               | 2026-09-14: 타법인주식및출자증권취득결정               | 2026-09-14: 타인에대한채무보증결정              ,9
지어소프트,051160,-15,🚨 YES,유상증자결정(종속회사의주요경영사항)              ,,유상증자결정(종속회사의주요경영사항)              (-15),2026-09-28: 주식등의대량보유상황보고서(약식) | 2026-09-21: 임원ㆍ주요주주특정증권등소유상황보고서 | 2026-09-17: 유상증자결정(종속회사의주요경영사항)               | 2026-09-11: 임원ㆍ주요주주특정증권등소유상황보고서,4
삼진식품,0013V0,-15,🚨 YES,주요사항보고서(신주인수권부사채권발행결정),,주요사항보고서(신주인수권부사채권발행결정)(-15),2026-09-28: 증권발행결과(자율공시)              (제2회차 BW) | 2026-09-16: 주요사항보고서(신주인수권부사채권발행결정),2
바이오비쥬,489460,-15,🚨 YES,주요사항보고서(전환사채권발행결정),,주요사항보고서(전환사채권발행결정)(-15),2026-10-02: 주식등의대량보유상황보고서(약식) | 2026-09-18: 증권발행결과(자율공시)              (제1회차 CB) | 2026-09-10: 주요사항보고서(전환사채권발행결정),3
청보,013720,-15,🚨 YES,주요사항보고서(전환사채권발행결정),,주요사항보고서(전환사채권발행결정)(-15),2026-10-01: 주요사항보고서(전환사채권발행결정),1
에넥스,011090,-15,🚨 YES,[기재정정]주요사항보고서(유상증자결정),,[기재정정]주요사항보고서(유상증자결정)(-15),2026-09-22: 주식등의대량보유상황보고서(일반) | 2026-09-16: 주식등의대량보유상황보고서(일반) | 2026-09-15: 주주명부폐쇄기간또는기준일설정               | 2026-09-15: 주주총회소집결의               | 2026-09-15: 주식등의대량보유상황보고서(일반),11
휴림로봇,090710,-15,🚨 YES,주요사항보고서(유상증자결정),,주요사항보고서(유상증자결정)(-15),2026-10-02: 소액공모실적보고서 | 2026-10-02: 증권발행결과(자율공시)              (일반공모 유상증자) | 2026-09-30: 유상증자또는주식관련사채등의청약결과(자율공시)               | 2026-09-23: 소액공모공시서류(지분증권) | 2026-09-23: 유상증자최종발행가액확정              (일반공모증자-소액공모),6
젬백스,082270,-15,OK,,,[기재정정]최대주주변경을수반하는주식담보제공계약체결              (-5) | 주요사항보고서(자기주식처분결정)(-10),2026-10-01: [기재정정]최대주주변경을수반하는주식담보제공계약체결               | 2026-09-18: 임원ㆍ주요주주특정증권등소유상황보고서 | 2026-09-18: 임원ㆍ주요주주특정증권등소유상황보고서 | 2026-09-18: 임원ㆍ주요주주특정증권등소유상황보고서 | 2026-09-18: 임원ㆍ주요주주특정증권등소유상황보고서,13
아티스트스튜디오,200350,-15,🚨 YES,주요사항보고서(유상증자결정),,주요사항보고서(유상증자결정)(-15),2026-09-30: 임원ㆍ주요주주특정증권등소유상황보고서 | 2026-09-22: 주식등의대량보유상황보고서(일반) | 2026-09-21: 증권발행결과(자율공시)               | 2026-09-11: 주요사항보고서(유상증자결정) | 2026-09-11: 주주명부폐쇄기간또는기준일설정              ,6
인바이오,352940,-15,🚨 YES,주요사항보고서(전환사채권발행결정),,주요사항보고서(전환사채권발행결정)(-15),2026-10-02: 주요사항보고서(전환사채권발행결정) | 2026-10-01: 독립이사의선임ㆍ해임또는중도퇴임에관한신고 | 2026-09-21: 본점소재지변경               | 2026-09-21: 임시주주총회결과              ,4
휴림에이텍,078590,-15,🚨 YES,[기재정정]주요사항보고서(유상증자결정),,[기재정정]주요사항보고서(유상증자결정)(-15),2026-10-01: [기재정정]주주총회소집결의              (임시주주총회) | 2026-09-17: [기재정정]주주총회소집결의              (임시주주총회) | 2026-09-11: 주식등의대량보유상황보고서(약식) | 2026-09-07: [기재정정]주요사항보고서(유상증자결정),4
한화생명,088350,-15,🚨 YES,유상증자결정(종속회사의주요경영사항)              ,,유상증자결정(종속회사의주요경영사항)              (-15),2026-10-02: 주식등의대량보유상황보고서(약식) | 2026-09-30: 특수관계인에대한출자 | 2026-09-30: 유상증자결정(종속회사의주요경영사항)               | 2026-09-30: 타법인주식및출자증권취득결정               | 2026-09-23: 주식등의대량보유상황보고서(일반),7
레이,228670,-15,OK,,,[기재정정]최대주주변경              (-5) | 최대주주변경              (-5) | [기재정정]최대주주변경을수반하는주식양수도계약체결              (-5),2026-09-28: 전환사채(해외전환사채포함)발행후만기전사채취득               | 2026-09-22: 주식등의대량보유상황보고서(일반) | 2026-09-22: 임원ㆍ주요주주특정증권등소유상황보고서 | 2026-09-21: 주식등의대량보유상황보고서(일반) | 2026-09-21: 임원ㆍ주요주주특정증권등소유상황보고서,13
엔비알모션,0004V0,-15,🚨 YES,[기재정정]주요사항보고서(전환사채권발행결정),,[기재정정]주요사항보고서(전환사채권발행결정)(-15),2026-09-15: [기재정정]주요사항보고서(전환사채권발행결정) | 2026-09-15: 임원ㆍ주요주주특정증권등소유상황보고서 | 2026-09-15: 주식등의대량보유상황보고서(일반) | 2026-09-15: 주식등의대량보유상황보고서(약식) | 2026-09-15: 임원ㆍ주요주주특정증권등소유상황보고서,6
에코글로우,159910,-15,🚨 YES,[기재정정]주요사항보고서(유상증자결정),,[기재정정]주요사항보고서(유상증자결정)(-15),2026-09-22: [기재정정]주식등의대량보유상황보고서(일반) | 2026-09-22: 임원ㆍ주요주주특정증권등소유상황보고서 | 2026-09-21: [기재정정]주요사항보고서(자기전환사채매도결정) | 2026-09-17: 주식등의대량보유상황보고서(일반) | 2026-09-17: 임원ㆍ주요주주특정증권등소유상황보고서,7
블루산업개발,006740,-15,🚨 YES,[기재정정]주요사항보고서(전환사채권발행결정),,[기재정정]주요사항보고서(전환사채권발행결정)(-15),2026-09-16: 주식등의대량보유상황보고서(일반) | 2026-09-07: [기재정정]주요사항보고서(전환사채권발행결정),2
미코,059090,-15,OK,,,[기재정정]최대주주변경을수반하는주식담보제공계약체결              (-5) | [기재정정]최대주주변경을수반하는주식담보제공계약체결              (-5) | [기재정정]최대주주변경을수반하는주식담보제공계약체결              (-5),2026-10-01: 주식등의대량보유상황보고서(일반) | 2026-09-30: [기재정정]최대주주변경을수반하는주식담보제공계약체결               | 2026-09-22: 주식등의대량보유상황보고서(일반) | 2026-09-21: [기재정정]최대주주변경을수반하는주식담보제공계약체결               | 2026-09-15: [기재정정]최대주주변경을수반하는주식담보제공계약체결              ,8
큐리언트,115180,-15,🚨 YES,[기재정정]주요사항보고서(유상증자결정),,[기재정정]주요사항보고서(유상증자결정)(-15),2026-09-29: [기재정정]증권신고서(지분증권) | 2026-09-29: [기재정정]주요사항보고서(유상증자결정) | 2026-09-22: 기업설명회(IR)개최               | 2026-09-22: 기업설명회(IR)개최               | 2026-09-17: 정정신고서제출요구( 2026.09.04. 제출 증권신고서(지분증권) ),6
한주에이알티,058450,-15,🚨 YES,[기재정정]주요사항보고서(유상증자결정),,[기재정정]주요사항보고서(유상증자결정)(-15),2026-10-02: 주식등의대량보유상황보고서(약식) | 2026-09-29: [기재정정]주주총회소집결의              (임시주주총회) | 2026-09-29: [기재정정]주요사항보고서(유상증자결정) | 2026-09-17: 대표이사변경               | 2026-09-08: 주식등의대량보유상황보고서(약식),5
에프에스티,036810,-15,OK,,,최대주주변경              (-5) | 주요사항보고서(자기주식처분결정)(-10),2026-10-02: 임원ㆍ주요주주특정증권등소유상황보고서 | 2026-10-02: 임원ㆍ주요주주특정증권등소유상황보고서 | 2026-10-02: 임원ㆍ주요주주특정증권등소유상황보고서 | 2026-10-02: 주식등의대량보유상황보고서(일반) | 2026-10-02: 주식등의대량보유상황보고서(일반),9
삼성FN리츠,448730,-15,🚨 YES,[기재정정]주요사항보고서(유상증자결정),,[기재정정]주요사항보고서(유상증자결정)(-15),2026-10-02: 감사보고서제출               | 2026-10-01: 임원ㆍ주요주주특정증권등소유상황보고서 | 2026-09-30: 기업설명회(IR)개최(안내공시)               | 2026-09-30: 의결권대리행사권유참고서류 | 2026-09-30: 주주총회소집공고,26
케이이엠텍,106080,-15,🚨 YES,[기재정정]주요사항보고서(유상증자결정),,[기재정정]주요사항보고서(유상증자결정)(-15),2026-09-30: 기타주요경영사항              (주주배정 유상증자 결정 철회) | 2026-09-30: [기재정정]주요사항보고서(유상증자결정) | 2026-09-10: 주식등의대량보유상황보고서(약식),3
한화투자증권,003530,-15,🚨 YES,주요사항보고서(유상증자결정),,주요사항보고서(유상증자결정)(-15),2026-10-02: 증권발행실적보고서 | 2026-10-02: 증권발행실적보고서 | 2026-10-02: 증권발행실적보고서 | 2026-10-02: 증권발행실적보고서 | 2026-10-02: 투자설명서(일괄신고),100
리튬포어스,073570,-15,🚨 YES,주요사항보고서(유상증자결정),,주요사항보고서(유상증자결정)(-15),2026-10-02: 임시주주총회결과              (제29기) | 2026-10-01: [기재정정]반기보고서 (2026.06) | 2026-09-29: 주요사항보고서(유상증자결정) | 2026-09-18: 임원ㆍ주요주주특정증권등소유상황보고서 | 2026-09-17: 주주총회소집공고,6
삼부토건,001470,-15,🚨 YES,[기재정정]주요사항보고서(유상증자결정),,[기재정정]주요사항보고서(유상증자결정)(-15),2026-10-01: [기재정정]거래처와의거래중단               | 2026-09-29: 의결권대리행사권유참고서류 | 2026-09-29: 주주총회소집공고 | 2026-09-29: [기재정정]주주총회소집결의               | 2026-09-21: 기타시장안내              (기업심사위원회 심의대상 결정),12
툴젠,199800,-15,🚨 YES,[기재정정]주요사항보고서(유상증자결정),,[기재정정]주요사항보고서(유상증자결정)(-15),2026-10-02: 주식등의대량보유상황보고서(일반) | 2026-10-02: 임원ㆍ주요주주특정증권등소유상황보고서 | 2026-10-02: 임원ㆍ주요주주특정증권등소유상황보고서 | 2026-10-02: 임원ㆍ주요주주특정증권등소유상황보고서 | 2026-10-02: 임원ㆍ주요주주특정증권등소유상황보고서,13
아센디오,012170,-15,🚨 YES,[기재정정]주요사항보고서(유상증자결정),,[기재정정]주요사항보고서(유상증자결정)(-15),2026-09-29: 주요사항보고서(타법인주식및출자증권양수결정) | 2026-09-21: [기재정정]주요사항보고서(유상증자결정) | 2026-09-14: 주주명부폐쇄기간또는기준일설정               | 2026-09-14: 주주총회소집결의              ,4
와이씨켐,112290,-15,🚨 YES,주요사항보고서(전환사채권발행결정),,주요사항보고서(전환사채권발행결정)(-15),2026-10-02: 주요사항보고서(전환사채권발행결정),1
제이앤티씨,204270,-15,🚨 YES,유상증자결정(종속회사의주요경영사항)              ,,유상증자결정(종속회사의주요경영사항)              (-15),2026-09-30: 주식등의대량보유상황보고서(일반) | 2026-09-21: 신규시설투자등               | 2026-09-10: 타법인주식및출자증권취득결정               | 2026-09-10: 유상증자결정(종속회사의주요경영사항)              ,4
엣지파운드리,105550,-15,🚨 YES,[기재정정]주요사항보고서(유상증자결정),,[기재정정]주요사항보고서(유상증자결정)(-15),2026-10-02: 전환사채(해외전환사채포함)발행후만기전사채취득               | 2026-09-16: 전환가액의조정               | 2026-09-10: [기재정정]주요사항보고서(유상증자결정) | 2026-09-09: 정정신고서제출요구( 2026.08.27. 제출 증권신고서(지분증권) ),4
덕산하이메탈,077360,-15,🚨 YES,[기재정정]유상증자결정(종속회사의주요경영사항)              ,,[기재정정]유상증자결정(종속회사의주요경영사항)              (-15),2026-10-02: 주식등의대량보유상황보고서(약식) | 2026-09-15: [기재정정]유상증자결정(종속회사의주요경영사항)              ,2
해성에어로보틱스,059270,-15,OK,,,최대주주변경을수반하는주식담보제공계약체결              (-5) | 최대주주변경을수반하는주식담보제공계약해제ㆍ취소등              (-5) | [기재정정]최대주주변경을수반하는주식담보제공계약체결              (-5),2026-09-30: 최대주주변경을수반하는주식담보제공계약체결               | 2026-09-30: 최대주주변경을수반하는주식담보제공계약해제ㆍ취소등               | 2026-09-29: 주주명부폐쇄기간또는기준일설정               | 2026-09-29: 주주총회소집결의              (임시주주총회) | 2026-09-28: [기재정정]최대주주변경을수반하는주식담보제공계약체결              ,6
엔시스,333620,-15,🚨 YES,주요사항보고서(전환사채권발행결정),,주요사항보고서(전환사채권발행결정)(-15),2026-10-01: 주요사항보고서(전환사채권발행결정) | 2026-09-11: 전환가액의조정              ,2
덕성,004830,-15,🚨 YES,유상증자결정(종속회사의주요경영사항)              ,,유상증자결정(종속회사의주요경영사항)              (-15),2026-09-09: 타법인주식및출자증권취득결정               | 2026-09-09: 유상증자결정(종속회사의주요경영사항)              ,2
진원생명과학,011000,-15,🚨 YES,[기재정정]주요사항보고서(유상증자결정),,[기재정정]주요사항보고서(유상증자결정)(-15),2026-09-30: [기재정정]주요사항보고서(유상증자결정) | 2026-09-28: 기타시장안내              (기업심사위원회 개최기한 연장안내) | 2026-09-23: 기타경영사항(종속회사의주요경영사항)               | 2026-09-18: 주주명부폐쇄기간또는기준일설정               | 2026-09-18: 주주총회소집결의              ,5
금호전기,001210,-15,🚨 YES,[기재정정]주요사항보고서(전환사채권발행결정),,[기재정정]주요사항보고서(전환사채권발행결정)(-15),2026-09-23: 최대주주등소유주식변동신고서               | 2026-09-23: 주식등의대량보유상황보고서(일반) | 2026-09-23: 임원ㆍ주요주주특정증권등소유상황보고서 | 2026-09-23: 임원ㆍ주요주주특정증권등소유상황보고서 | 2026-09-23: 임원ㆍ주요주주특정증권등소유상황보고서,9
HLB제약,047920,-15,🚨 YES,[기재정정]주요사항보고서(유상증자결정),,[기재정정]주요사항보고서(유상증자결정)(-15),2026-10-01: 신규시설투자등               | 2026-09-28: 주식등의대량보유상황보고서(일반) | 2026-09-28: 임원ㆍ주요주주특정증권등소유상황보고서 | 2026-09-18: 증권발행실적보고서 | 2026-09-18: 증권발행결과(자율공시)              ,13
한화솔루션,009830,-15,🚨 YES,유상증자결정(종속회사의주요경영사항)              ,,유상증자결정(종속회사의주요경영사항)              (-15),2026-10-02: 주식등의대량보유상황보고서(약식) | 2026-09-30: 유상증자결정(종속회사의주요경영사항)               | 2026-09-16: [기재정정]타법인주식및출자증권처분결정(자율공시)               | 2026-09-11: 약관에의한금융거래시계열금융회사의거래상대방의공시 | 2026-09-10: 기업설명회(IR)개최(안내공시)              ,8
이노테나,333050,-15,🚨 YES,주요사항보고서(전환사채권발행결정),,주요사항보고서(전환사채권발행결정)(-15),2026-09-22: 증권발행결과(자율공시)               | 2026-09-14: 주요사항보고서(전환사채권발행결정) | 2026-09-09: [기재정정]주요사항보고서(자기주식취득신탁계약체결결정) | 2026-09-09: 주요사항보고서(자기주식취득신탁계약체결결정),4
다산네트웍스,039560,-15,🚨 YES,유상증자결정(종속회사의주요경영사항)              ,,유상증자결정(종속회사의주요경영사항)              (-15),2026-09-11: 유상증자결정(종속회사의주요경영사항)              ,1
크로넥스,215570,-15,🚨 YES,[기재정정]주요사항보고서(전환사채권발행결정),,[기재정정]주요사항보고서(전환사채권발행결정)(-15),2026-09-30: [기재정정]주요사항보고서(타법인주식및출자증권양수결정) | 2026-09-11: [기재정정]주요사항보고서(전환사채권발행결정),2
아이텍,119830,-15,🚨 YES,[기재정정]주요사항보고서(유상증자결정),,[기재정정]주요사항보고서(유상증자결정)(-15),2026-09-28: 전환가액의조정               | 2026-09-22: 주요사항보고서(자기전환사채매도결정) | 2026-09-18: 전환사채(해외전환사채포함)발행후만기전사채취득               | 2026-09-11: 기타주요경영사항              (제3자배정 유상증자 결정 철회) | 2026-09-11: [기재정정]주요사항보고서(유상증자결정),5
고려아연,010130,-15,🚨 YES,[기재정정]유상증자결정(종속회사의주요경영사항)              ,,[기재정정]유상증자결정(종속회사의주요경영사항)              (-15),2026-09-29: 증권신고서(채무증권) | 2026-09-22: [기재정정]유상증자결정(종속회사의주요경영사항)               | 2026-09-17: 주식등의대량보유상황보고서(일반) | 2026-09-17: 중대재해발생               | 2026-09-09: 독립이사의선임ㆍ해임또는중도퇴임에관한신고,7
SKC,011790,-15,🚨 YES,[기재정정]유상증자결정(종속회사의주요경영사항)              ,,[기재정정]유상증자결정(종속회사의주요경영사항)              (-15),2026-09-29: [기재정정]유상증자결정(종속회사의주요경영사항)               | 2026-09-28: 타법인주식및출자증권취득결정(자회사의 주요경영사항)               | 2026-09-22: 투자판단관련주요경영사항               | 2026-09-22: 기타경영사항(종속회사의주요경영사항)               | 2026-09-22: [기재정정]타법인주식및출자증권취득결정              ,7
금양,001570,-15,🚨 YES,[기재정정]주요사항보고서(유상증자결정),,[기재정정]주요사항보고서(유상증자결정)(-15),2026-10-02: [기재정정]주요사항보고서(회사분할결정) | 2026-10-02: 의결권대리행사권유참고서류 | 2026-10-02: 주주총회소집공고 | 2026-10-01: [기재정정]주요사항보고서(회사분할결정) | 2026-09-09: [첨부추가]주요사항보고서(회사분할결정),13
뷰노,338220,-15,🚨 YES,[기재정정]주요사항보고서(유상증자결정),,[기재정정]주요사항보고서(유상증자결정)(-15),2026-09-29: [기재정정]증권신고서(지분증권) | 2026-09-29: [기재정정]증권신고서(지분증권) | 2026-09-29: [기재정정]주요사항보고서(유상증자결정) | 2026-09-22: 임원ㆍ주요주주특정증권등거래계획보고서 | 2026-09-22: 임원ㆍ주요주주특정증권등소유상황보고서,6
애경케미칼,161000,-15,🚨 YES,[기재정정]유상증자결정(종속회사의주요경영사항)              ,,[기재정정]유상증자결정(종속회사의주요경영사항)              (-15),2026-09-30: [기재정정]신규시설투자등               | 2026-09-29: 주식등의대량보유상황보고서(일반) | 2026-09-16: [기재정정]타법인주식및출자증권취득결정               | 2026-09-16: [기재정정]유상증자결정(종속회사의주요경영사항)              ,4
시선AI,340810,-15,🚨 YES,주요사항보고서(전환사채권발행결정),,주요사항보고서(전환사채권발행결정)(-15),2026-10-02: [기재정정]전환청구권행사               | 2026-09-30: [기재정정]전환청구권행사               | 2026-09-30: 전환청구권행사               | 2026-09-21: 주요사항보고서(전환사채권발행결정) | 2026-09-17: [기재정정]주요사항보고서(자기전환사채만기전취득결정),6
오늘이엔엠,192410,-15,🚨 YES,주요사항보고서(유상증자결정),,주요사항보고서(유상증자결정)(-15),2026-10-02: 소액공모공시서류(지분증권) | 2026-09-22: 전환사채(해외전환사채포함)발행후만기전사채취득              (제5회차) | 2026-09-11: 주요사항보고서(유상증자결정),3
아이엘,307180,-15,🚨 YES,주요사항보고서(전환사채권발행결정),,주요사항보고서(전환사채권발행결정)(-15),2026-09-21: 주식등의대량보유상황보고서(일반) | 2026-09-21: 단기차입금증가결정               | 2026-09-21: [기재정정]타법인주식및출자증권취득결정               | 2026-09-18: 증권발행결과(자율공시)               | 2026-09-18: [기재정정]타법인주식및출자증권취득결정              ,7
진코스텍,250030,-15,🚨 YES,[기재정정]주요사항보고서(유상증자결정),,[기재정정]주요사항보고서(유상증자결정)(-15),2026-10-01: [기재정정]투자설명서 | 2026-10-01: [발행조건확정]증권신고서(지분증권) | 2026-09-29: [기재정정]투자설명서 | 2026-09-29: [기재정정]투자설명서 | 2026-09-28: [발행조건확정]증권신고서(지분증권),12
HLB글로벌,003580,-15,🚨 YES,주요사항보고서(전환사채권발행결정),,주요사항보고서(전환사채권발행결정)(-15),2026-10-01: 주식등의대량보유상황보고서(약식) | 2026-09-23: 유상증자또는주식관련사채등의발행결과(자율공시)               | 2026-09-18: 임원ㆍ주요주주특정증권등소유상황보고서 | 2026-09-18: 전환가액ㆍ신주인수권행사가액ㆍ교환가액의조정(안내공시)               | 2026-09-15: 전환가액ㆍ신주인수권행사가액ㆍ교환가액의조정(안내공시)              ,6
성호전자,043260,-15,🚨 YES,[기재정정]주요사항보고서(전환사채권발행결정),,[기재정정]주요사항보고서(전환사채권발행결정)(-15),2026-09-18: 주요사항보고서(전환사채매수선택권행사자지정) | 2026-09-08: 증권발행결과(자율공시)               | 2026-09-08: [기재정정]주요사항보고서(전환사채권발행결정),3
진시스템,363250,-12,🚨 YES,주요사항보고서(전환사채권발행결정),[기재정정]유형자산취득결정(종속회사의주요경영사항)              (+3),주요사항보고서(전환사채권발행결정)(-15),2026-09-30: [기재정정]유형자산취득결정(종속회사의주요경영사항)               | 2026-09-30: 주요사항보고서(전환사채권발행결정),2
에이치와이티씨,148930,-10,OK,,,주요사항보고서(자기주식처분결정)(-10),2026-09-29: 임원ㆍ주요주주특정증권등소유상황보고서 | 2026-09-22: 임원ㆍ주요주주특정증권등소유상황보고서 | 2026-09-18: 주요사항보고서(자기주식처분결정) | 2026-09-11: 신탁계약에의한취득상황보고서,4
GST,083450,-10,OK,,,주요사항보고서(자기주식처분결정)(-10),2026-10-01: 주요사항보고서(자기주식처분결정),1
코난테크놀로지,402030,-10,OK,,,[기재정정]최대주주변경을수반하는주식담보제공계약체결              (-5) | [기재정정]최대주주변경을수반하는주식담보제공계약체결              (-5),2026-09-30: [기재정정]최대주주변경을수반하는주식담보제공계약체결               | 2026-09-30: 주식등의대량보유상황보고서(일반) | 2026-09-29: 임시주주총회결과               | 2026-09-28: [기재정정]최대주주변경을수반하는주식담보제공계약체결               | 2026-09-14: 주주총회소집공고,5
한세엠케이,069640,-10,OK,,,주요사항보고서(자기주식처분결정)(-10),2026-10-02: 자기주식처분결과보고서 | 2026-10-02: 최대주주등소유주식변동신고서               | 2026-10-02: 임원ㆍ주요주주특정증권등소유상황보고서 | 2026-10-02: 임원ㆍ주요주주특정증권등소유상황보고서 | 2026-09-29: 최대주주등소유주식변동신고서              ,15
웰크론,065950,-10,OK,,,[기재정정]주요사항보고서(자기주식처분결정)(-10),2026-10-02: [기재정정]반기보고서 (2026.06) | 2026-09-29: [기재정정]주요사항보고서(자기주식처분결정) | 2026-09-29: [기재정정]자기주식처분결과보고서 | 2026-09-29: 자기교환사채만기전취득결정              (제11회차) | 2026-09-28: 주식등의대량보유상황보고서(일반),7
원익홀딩스,030530,-10,OK,,,주요사항보고서(자기주식처분결정)(자회사의 주요경영사항)              (-10),2026-09-23: [기재정정]사업보고서 (2025.12) | 2026-09-15: 주요사항보고서(자기주식처분결정)(자회사의 주요경영사항)              ,2
하나머티리얼즈,166090,-10,OK,,,[기재정정]최대주주변경을수반하는주식담보제공계약체결              (-5) | [기재정정]최대주주변경을수반하는주식담보제공계약체결              (-5),2026-09-30: 주식등의대량보유상황보고서(일반) | 2026-09-29: [기재정정]최대주주변경을수반하는주식담보제공계약체결               | 2026-09-29: 주식등의대량보유상황보고서(약식) | 2026-09-22: 주식등의대량보유상황보고서(일반) | 2026-09-21: [기재정정]최대주주변경을수반하는주식담보제공계약체결              ,9
SG,255220,-10,🚨 YES,주요사항보고서(전환사채권발행결정),[기재정정]단일판매ㆍ공급계약체결              (+5),주요사항보고서(전환사채권발행결정)(-15),2026-10-02: 주요사항보고서(전환사채권발행결정) | 2026-09-23: 주식등의대량보유상황보고서(일반) | 2026-09-16: [기재정정]주식매수선택권부여에관한신고 | 2026-09-11: 증권발행실적보고서 | 2026-09-11: 증권발행결과(자율공시)              ,8
나노신소재,121600,-10,OK,,,주요사항보고서(자기주식처분결정)(-10),2026-10-02: 임원ㆍ주요주주특정증권등소유상황보고서 | 2026-09-29: 임원ㆍ주요주주특정증권등소유상황보고서 | 2026-09-21: 신주인수권부사채(해외신주인수권부사채포함)발행후만기전사채취득               | 2026-09-21: 전환사채(해외전환사채포함)발행후만기전사채취득               | 2026-09-18: 주요사항보고서(자기주식처분결정),6
유니트론텍,142210,-10,OK,,,[기재정정]최대주주변경을수반하는주식담보제공계약체결              (-5) | [기재정정]최대주주변경을수반하는주식담보제공계약체결              (-5),2026-09-29: 주식등의대량보유상황보고서(일반) | 2026-09-29: [기재정정]최대주주변경을수반하는주식담보제공계약체결               | 2026-09-18: [기재정정]최대주주변경을수반하는주식담보제공계약체결              ,3
덴티스,261200,-10,OK,,,[기재정정]최대주주변경을수반하는주식담보제공계약체결              (-5) | [기재정정]최대주주변경을수반하는주식담보제공계약체결              (-5),2026-09-16: 불성실공시법인지정예고              (공시불이행 3건) | 2026-09-16: 주식등의대량보유상황보고서(일반) | 2026-09-16: [기재정정]최대주주변경을수반하는주식담보제공계약체결               | 2026-09-07: 주식등의대량보유상황보고서(일반) | 2026-09-07: [기재정정]최대주주변경을수반하는주식담보제공계약체결              ,5
씨싸이트,109670,-10,OK,,,[기재정정]최대주주변경을수반하는주식양수도계약체결              (-5) | 최대주주변경을수반하는주식양수도계약체결              (-5),2026-10-02: 주식등의대량보유상황보고서(약식) | 2026-10-02: 주식등의대량보유상황보고서(약식) | 2026-10-02: 주식등의대량보유상황보고서(약식) | 2026-10-02: 주식등의대량보유상황보고서(일반) | 2026-10-02: 주식등의대량보유상황보고서(일반),11
원익IPS,240810,-10,OK,,,주요사항보고서(자기주식처분결정)(-10),2026-09-17: 자기주식처분결과보고서 | 2026-09-15: 주요사항보고서(자기주식처분결정),2
상지건설,042940,-10,🚨 YES,[기재정정]주요사항보고서(유상증자결정),[기재정정]단일판매ㆍ공급계약체결              (+5),[기재정정]주요사항보고서(유상증자결정)(-15),2026-09-30: [기재정정]단일판매ㆍ공급계약체결               | 2026-09-28: 소송등의제기ㆍ신청(일정금액이상의청구)               | 2026-09-21: 권리락              (유상증자) | 2026-09-21: 투자설명서 | 2026-09-21: [발행조건확정]증권신고서(지분증권),8
인터로조,119610,-10,OK,,,[기재정정]최대주주변경을수반하는주식담보제공계약체결              (-5) | [기재정정]최대주주변경을수반하는주식담보제공계약체결              (-5),2026-09-22: [기재정정]최대주주변경을수반하는주식담보제공계약체결               | 2026-09-22: [기재정정]최대주주변경을수반하는주식담보제공계약체결              ,2
한세예스24홀딩스,016450,-10,OK,,,주요사항보고서(자기주식처분결정)(자회사의 주요경영사항)              (-10),2026-09-29: 단기차입금증가결정(자회사의 주요경영사항)               | 2026-09-28: 주식등의대량보유상황보고서(일반) | 2026-09-22: 주요사항보고서(자기주식처분결정)(자회사의 주요경영사항)              ,3
삼성물산,028260,-10,🚨 YES,[기재정정]유상증자결정(종속회사의주요경영사항)              ,[기재정정]단일판매ㆍ공급계약체결              (+5),[기재정정]유상증자결정(종속회사의주요경영사항)              (-15),2026-10-01: [기재정정]유상증자결정(종속회사의주요경영사항)               | 2026-09-28: 최대주주등소유주식변동신고서               | 2026-09-21: 투자판단관련주요경영사항               | 2026-09-18: [기재정정]단일판매ㆍ공급계약체결               | 2026-09-18: 기업설명회(IR)개최(안내공시)              ,6
비투엔,307870,-10,OK,,,[기재정정]최대주주변경을수반하는주식양수도계약체결              (-5) | [기재정정]최대주주변경을수반하는주식양수도계약체결              (-5),2026-09-30: 전환가액의조정              (제6회차) | 2026-09-16: 타법인주식및출자증권취득결정               | 2026-09-14: [기재정정]최대주주변경을수반하는주식양수도계약체결               | 2026-09-11: [기재정정]최대주주변경을수반하는주식양수도계약체결              ,4
디에스케이,109740,-10,OK,,,[기재정정]최대주주변경을수반하는주식양수도계약체결              (-5) | [기재정정]최대주주변경을수반하는주식양수도계약체결              (-5),2026-09-30: [기재정정]주주총회소집결의               | 2026-09-30: [기재정정]최대주주변경을수반하는주식양수도계약체결               | 2026-09-15: [기재정정]주주총회소집결의               | 2026-09-15: 주식등의대량보유상황보고서(일반) | 2026-09-09: [기재정정]최대주주변경을수반하는주식양수도계약체결              ,5
멕아이씨에스,058110,-10,🚨 YES,주요사항보고서(유상증자결정),주식소각결정              (+5),주요사항보고서(유상증자결정)(-15),2026-09-22: 증권발행결과(자율공시)               | 2026-09-14: 주식소각결정               | 2026-09-14: 주요사항보고서(유상증자결정) | 2026-09-14: 주주총회소집결의              (임시주주총회) | 2026-09-14: 주주명부폐쇄기간또는기준일설정              ,5
서진시스템,178320,-10,OK,,,[기재정정]최대주주변경을수반하는주식담보제공계약체결              (-5) | [기재정정]최대주주변경을수반하는주식담보제공계약체결              (-5),2026-10-02: [기재정정]타인에대한채무보증결정               | 2026-09-30: 기타경영사항(자율공시)(종속회사의주요경영사항)               | 2026-09-23: 주식등의대량보유상황보고서(일반) | 2026-09-22: [기재정정]최대주주변경을수반하는주식담보제공계약체결               | 2026-09-21: 주식등의대량보유상황보고서(일반),9
아스타,246720,-10,OK,,,[기재정정]최대주주변경을수반하는주식담보제공계약체결              (-5) | [기재정정]최대주주변경을수반하는주식양수도계약체결              (-5),2026-09-30: [기재정정]최대주주변경을수반하는주식담보제공계약체결               | 2026-09-30: [기재정정]최대주주변경을수반하는주식양수도계약체결              ,2
HPSP,403870,-10,OK,,,[기재정정]주요사항보고서(자기주식처분결정)(-10),2026-09-23: 임원ㆍ주요주주특정증권등소유상황보고서 | 2026-09-23: 임원ㆍ주요주주특정증권등소유상황보고서 | 2026-09-23: 임원ㆍ주요주주특정증권등소유상황보고서 | 2026-09-23: [기재정정]자기주식처분결과보고서 | 2026-09-22: 자기주식처분결과보고서,6
아나패스,123860,-5,OK,,,[기재정정]최대주주변경을수반하는주식담보제공계약체결              (-5),2026-09-15: 임원ㆍ주요주주특정증권등소유상황보고서 | 2026-09-15: 금전대여결정(자율공시)               | 2026-09-14: 주식등의대량보유상황보고서(일반) | 2026-09-14: [기재정정]최대주주변경을수반하는주식담보제공계약체결               | 2026-09-10: 금전대여결정              (대여기간 연장),6
S-Oil,010950,-5,OK,,단일판매ㆍ공급계약체결              (+5),최대주주등소유주식변동신고서(최대주주변경시)              (-5) | 최대주주변경              (-5),2026-10-02: 임원ㆍ주요주주특정증권등소유상황보고서 | 2026-10-02: 주식등의대량보유상황보고서(일반) | 2026-10-02: 임원ㆍ주요주주특정증권등소유상황보고서 | 2026-10-02: 주식등의대량보유상황보고서(일반) | 2026-10-01: 최대주주등소유주식변동신고서(최대주주변경시)              ,8
가비아,079940,-5,OK,,,최대주주변경을수반하는주식양수도계약해제ㆍ취소등              (-5),2026-10-01: [기재정정]의결권대리행사권유참고서류 | 2026-09-30: [기재정정]주주총회소집공고 | 2026-09-30: [기재정정]주주총회소집공고 | 2026-09-30: [기재정정]주주총회소집결의              (임시주주총회) | 2026-09-29: [기재정정]소송등의제기ㆍ신청(경영권분쟁소송)              (검사인 선임),19
제이스코홀딩스,023440,-5,OK,,,[기재정정]최대주주변경을수반하는주식담보제공계약체결              (-5),2026-09-14: 주식등의대량보유상황보고서(일반) | 2026-09-07: [기재정정]최대주주변경을수반하는주식담보제공계약체결              ,2
휴맥스,115160,-5,OK,,,최대주주변경              (-5),2026-10-01: 최대주주변경               | 2026-10-01: 증권발행실적보고서(합병등),2
위즈코프,038620,-5,OK,,,최대주주변경              (-5),2026-10-02: 주식등의대량보유상황보고서(일반) | 2026-10-02: 주식등의대량보유상황보고서(일반) | 2026-10-02: 임원ㆍ주요주주특정증권등소유상황보고서 | 2026-09-22: 최대주주변경              ,4
한국정보통신,025770,-5,OK,,,[기재정정]최대주주변경을수반하는주식담보제공계약체결              (-5),2026-10-02: 신탁계약에의한취득상황보고서 | 2026-09-11: 주식등의대량보유상황보고서(일반) | 2026-09-11: [기재정정]최대주주변경을수반하는주식담보제공계약체결              ,3
티와이홀딩스,363280,-5,🚨 YES,주요사항보고서(유상증자결정)(자회사의 주요경영사항)              ,단일판매ㆍ공급계약체결(자회사의 주요경영사항)              (+5) | [기재정정]단일판매ㆍ공급계약체결(자회사의 주요경영사항)              (+5),주요사항보고서(유상증자결정)(자회사의 주요경영사항)              (-15),2026-10-02: 단일판매ㆍ공급계약체결(자회사의 주요경영사항)               | 2026-09-30: 주요사항보고서(유상증자결정)(자회사의 주요경영사항)               | 2026-09-30: 타법인주식및출자증권취득결정(자회사의 주요경영사항)               | 2026-09-17: 해산사유발생(자회사의 주요경영사항)               | 2026-09-15: [기재정정]단일판매ㆍ공급계약체결(자회사의 주요경영사항)              ,5
서부T&D,006730,-5,OK,,,[기재정정]최대주주변경을수반하는주식담보제공계약체결              (-5),2026-10-02: 임원ㆍ주요주주특정증권등소유상황보고서 | 2026-10-02: 임원ㆍ주요주주특정증권등소유상황보고서 | 2026-10-01: 신규시설투자등               | 2026-09-18: 주식등의대량보유상황보고서(일반) | 2026-09-16: [기재정정]최대주주변경을수반하는주식담보제공계약체결              ,5
버킷스튜디오,066410,-5,OK,,,최대주주변경을수반하는주식양수도계약체결              (-5),2026-10-02: 기타시장안내              (상장적격성 실질심사 사유추가) | 2026-10-02: 최대주주변경을수반하는주식양수도계약체결              ,2
리파인,377450,-5,OK,,,[기재정정]최대주주변경을수반하는주식담보제공계약체결              (-5),2026-10-02: 주주명부폐쇄기간또는기준일설정               | 2026-10-02: 주주총회소집결의              (임시주주총회) | 2026-09-23: 임원ㆍ주요주주특정증권등소유상황보고서 | 2026-09-23: 임원ㆍ주요주주특정증권등소유상황보고서 | 2026-09-23: 임원ㆍ주요주주특정증권등소유상황보고서,10
푸드웰,005670,-5,OK,,주식소각결정              (+5),주요사항보고서(자기주식처분결정)(-10),2026-09-28: 자기주식처분결과보고서 | 2026-09-28: 주식등의대량보유상황보고서(일반) | 2026-09-22: 주요사항보고서(자기주식처분결정) | 2026-09-22: 주식소각결정               | 2026-09-22: 임시주주총회결과              ,6
삼표시멘트,038500,-5,OK,,,[기재정정]최대주주변경을수반하는주식담보제공계약체결              (-5),2026-09-21: [기재정정]최대주주변경을수반하는주식담보제공계약체결               | 2026-09-17: 동일인등출자계열회사와의상품ㆍ용역거래,2
창해에탄올,004650,-5,OK,,,최대주주변경              (-5),2026-10-02: 주식등의대량보유상황보고서(일반) | 2026-10-02: 주식등의대량보유상황보고서(일반) | 2026-10-02: 임원ㆍ주요주주특정증권등소유상황보고서 | 2026-10-02: 임원ㆍ주요주주특정증권등소유상황보고서 | 2026-09-30: 최대주주변경              ,5
와이지-원,019210,-5,OK,,,[기재정정]최대주주변경을수반하는주식담보제공계약체결              (-5),2026-09-08: 주식등의대량보유상황보고서(일반) | 2026-09-08: [기재정정]최대주주변경을수반하는주식담보제공계약체결              ,2
대동스틸,048470,-5,OK,,,[기재정정]최대주주변경              (-5),2026-09-18: 주식등의대량보유상황보고서(일반) | 2026-09-18: [기재정정]최대주주변경               | 2026-09-18: 임원ㆍ주요주주특정증권등소유상황보고서 | 2026-09-18: 임원ㆍ주요주주특정증권등소유상황보고서 | 2026-09-18: 임원ㆍ주요주주특정증권등소유상황보고서,5
오이솔루션,138080,-5,OK,,,[기재정정]최대주주변경을수반하는주식담보제공계약체결              (-5),2026-10-01: 주식등의대량보유상황보고서(일반) | 2026-10-01: 임원ㆍ주요주주특정증권등소유상황보고서 | 2026-10-01: [기재정정]최대주주변경을수반하는주식담보제공계약체결              ,3
마이크로디지탈,305090,-5,OK,,,[기재정정]최대주주변경              (-5),2026-09-29: 불성실공시법인지정예고              (공시불이행) | 2026-09-28: 기타시장안내              (실질심사 대상여부 결정을 위한 조사기간 연장 안내) | 2026-09-17: [기재정정]최대주주변경               | 2026-09-17: 투자판단관련주요경영사항              (경영지배인 선임) | 2026-09-10: 주식등의대량보유상황보고서(약식),5
보령,003850,-5,OK,,단일판매ㆍ공급계약체결              (+5),[기재정정]주요사항보고서(자기주식처분결정)(-10),2026-09-22: 단일판매ㆍ공급계약체결               | 2026-09-21: 주식등의대량보유상황보고서(일반) | 2026-09-16: [첨부정정]주요사항보고서(회사분할결정) | 2026-09-15: [기재정정]자기주식처분결과보고서 | 2026-09-15: [기재정정]주요사항보고서(자기주식처분결정),9
레뷰코퍼레이션,443250,-5,OK,,,최대주주변경              (-5),2026-09-23: 임원ㆍ주요주주특정증권등소유상황보고서 | 2026-09-23: 주식등의대량보유상황보고서(일반) | 2026-09-22: 주식등의대량보유상황보고서(일반) | 2026-09-22: 임원ㆍ주요주주특정증권등소유상황보고서 | 2026-09-22: 주식등의대량보유상황보고서(일반),6
KZ정밀,036560,-5,OK,,,[기재정정]최대주주변경을수반하는주식담보제공계약체결              (-5),2026-09-30: [기재정정]최대주주변경을수반하는주식담보제공계약체결              ,1
엔켐,348370,-5,OK,,,[기재정정]최대주주변경을수반하는주식담보제공계약체결              (-5),2026-09-29: [기재정정]타인에대한채무보증결정               | 2026-09-23: 임원ㆍ주요주주특정증권등소유상황보고서 | 2026-09-23: 주식등의대량보유상황보고서(일반) | 2026-09-21: [기재정정]최대주주변경을수반하는주식담보제공계약체결               | 2026-09-14: 임원ㆍ주요주주특정증권등소유상황보고서,7
크레오에스지,040350,-5,OK,,,[기재정정]최대주주변경을수반하는주식담보제공계약체결              (-5),2026-09-28: 주식등의대량보유상황보고서(일반) | 2026-09-17: [기재정정]최대주주변경을수반하는주식담보제공계약체결               | 2026-09-11: 주식등의대량보유상황보고서(일반),3
DB증권,016610,0,OK,,,,2026-10-02: 증권발행실적보고서 | 2026-10-02: 증권발행실적보고서 | 2026-10-02: 증권발행실적보고서 | 2026-10-02: 증권발행실적보고서 | 2026-10-01: 투자설명서(일괄신고),85
SK하이닉스,000660,0,OK,,,,2026-09-30: 임원ㆍ주요주주특정증권등소유상황보고서 | 2026-09-22: 임원ㆍ주요주주특정증권등소유상황보고서 | 2026-09-18: 조회공시요구(풍문또는보도)에대한답변(미확정)               | 2026-09-09: 조회공시요구(풍문또는보도)에대한답변(미확정)              ,4
한솔홀딩스,004150,0,OK,,,,2026-09-16: 최대주주등소유주식변동신고서               | 2026-09-16: 주식등의대량보유상황보고서(일반) | 2026-09-16: 임원ㆍ주요주주특정증권등소유상황보고서,3
신한알파리츠,293940,0,OK,,,,2026-10-01: 임원ㆍ주요주주특정증권등소유상황보고서 | 2026-09-23: 임원ㆍ주요주주특정증권등소유상황보고서 | 2026-09-18: [기재정정]부동산투자회사자금차입               | 2026-09-18: 부동산투자회사자금차입               | 2026-09-16: 임원ㆍ주요주주특정증권등소유상황보고서,8
시알홀딩스,000480,0,OK,,,,2026-09-30: 지주회사의자회사탈퇴               | 2026-09-21: 최대주주등소유주식변동신고서               | 2026-09-14: 임원ㆍ주요주주특정증권등소유상황보고서,3
프레스티지바이오파마,950210,0,OK,,,,2026-09-29: 유가증권시장상장외국법인외부감사인선임ㆍ해임ㆍ변경신고서               | 2026-09-29: 정기주주총회결과               | 2026-09-29: 독립이사의선임ㆍ해임또는중도퇴임에관한신고 | 2026-09-23: [기재정정]사업보고서 (2026.06) | 2026-09-22: 사업보고서 (2026.06),8
티디에스팜,464280,0,OK,,,,2026-09-30: 주주명부폐쇄기간또는기준일설정               | 2026-09-07: 임원ㆍ주요주주특정증권등거래계획보고서 | 2026-09-07: 임원ㆍ주요주주특정증권등거래계획보고서 | 2026-09-07: 임원ㆍ주요주주특정증권등거래계획보고서 | 2026-09-07: 임원ㆍ주요주주특정증권등거래계획보고서,5
아이로보틱스,066430,0,OK,,,,2026-09-30: 소송등의제기ㆍ신청(경영권분쟁소송)              (직무집행정지 등 가처분신청) | 2026-09-28: 소송등의판결ㆍ결정              (주주총회 개최금지 가처분) | 2026-09-15: 소송등의제기ㆍ신청(경영권분쟁소송)              (주주총회소집허가(재항고)) | 2026-09-07: 조회공시요구(현저한시황변동)에대한답변(중요정보없음)              ,4
APS이노베이션,079810,0,OK,,,,2026-09-14: 주식등의대량보유상황보고서(일반) | 2026-09-14: 임원ㆍ주요주주특정증권등소유상황보고서 | 2026-09-07: 주식등의대량보유상황보고서(일반) | 2026-09-07: 임원ㆍ주요주주특정증권등소유상황보고서,4
LIG디펜스앤에어로스페이스,079550,0,OK,,,,2026-10-02: 주식등의대량보유상황보고서(약식) | 2026-09-30: 임원ㆍ주요주주특정증권등소유상황보고서 | 2026-09-30: 임원ㆍ주요주주특정증권등소유상황보고서 | 2026-09-29: 선급금지급결정               | 2026-09-18: 동일인등출자계열회사와의상품ㆍ용역거래,6
에코프로비엠,247540,0,OK,,,,2026-10-01: 기업설명회(IR)개최               | 2026-10-01: 수시공시의무관련사항(공정공시)               | 2026-09-30: 주식등의대량보유상황보고서(일반) | 2026-09-21: 주식등의대량보유상황보고서(일반) | 2026-09-18: 임원ㆍ주요주주특정증권등소유상황보고서,24
한국캐피탈,023760,0,OK,,,,2026-09-22: 증권발행실적보고서 | 2026-09-21: 투자설명서(일괄신고) | 2026-09-21: 일괄신고추가서류 | 2026-09-21: [기재정정]주요사항보고서(자본으로인정되는채무증권발행결정) | 2026-09-08: 일괄신고서,8
퀀타매트릭스,317690,0,OK,,,,2026-09-15: 임시주주총회결과               | 2026-09-15: 상호변경안내               | 2026-09-08: 전환사채(해외전환사채포함)발행후만기전사채취득              ,3
베셀,177350,0,OK,,,,2026-09-09: 신탁계약해지결과보고서 | 2026-09-09: [기재정정]주요사항보고서(자기주식취득신탁계약해지결정) | 2026-09-09: 주요사항보고서(자기주식취득신탁계약해지결정),3
리가켐바이오,141080,0,OK,,,,2026-10-02: 주식등의대량보유상황보고서(약식) | 2026-09-30: 투자판단관련주요경영사항              (iADC 플랫폼 공동연구 및 기술도입 계약 체결) | 2026-09-08: 기업설명회(IR)개최              ,3
메리츠증권,008560,0,OK,,,,2026-10-02: 투자설명서(일괄신고) | 2026-10-02: 증권발행실적보고서 | 2026-10-02: 투자설명서(일괄신고) | 2026-10-02: 일괄신고추가서류(파생결합사채-주가연계파생결합사채) | 2026-10-02: 일괄신고추가서류(파생결합사채-주가연계파생결합사채),100
광주은행,192530,0,OK,,,,2026-09-30: 증권발행실적보고서 | 2026-09-29: 투자설명서(일괄신고) | 2026-09-29: 일괄신고추가서류,3
차바이오텍,085660,0,OK,,,,2026-09-30: [기재정정]타인에대한담보제공결정               | 2026-09-28: [기재정정]타인에대한담보제공결정               | 2026-09-17: 전환주식의전환가액조정              (상환전환우선주) | 2026-09-16: 신주인수권행사가액의조정               | 2026-09-14: 주식등의대량보유상황보고서(일반),6
퓨쳐켐,220100,0,OK,,,,2026-09-21: 주식등의대량보유상황보고서(일반) | 2026-09-21: 임원ㆍ주요주주특정증권등소유상황보고서 | 2026-09-21: 임원ㆍ주요주주특정증권등소유상황보고서 | 2026-09-21: 임원ㆍ주요주주특정증권등소유상황보고서 | 2026-09-21: 임원ㆍ주요주주특정증권등소유상황보고서,15
큐렉소,060280,0,OK,,,,2026-09-17: 독립이사의선임ㆍ해임또는중도퇴임에관한신고 | 2026-09-17: 임시주주총회결과               | 2026-09-14: [기재정정]주주총회소집공고,3
썸에이지,208640,0,OK,,,,"2026-09-30: 기타시장안내              (시가총액 미달에 따른 상장폐지 우려 관련 안내) | 2026-09-30: 불성실공시법인지정              (공시번복) | 2026-09-18: 임시주주총회결과               | 2026-09-14: 기타시장안내              (관리종목 지정사유 추가우려)(주가 1,000원 미달)",4
LG디스플레이,034220,0,OK,,,,2026-10-02: 주식등의대량보유상황보고서(약식) | 2026-10-01: 결산실적공시예고(안내공시)               | 2026-10-01: 기업설명회(IR)개최(안내공시)               | 2026-09-23: [기재정정]영업양도결정(종속회사의주요경영사항)               | 2026-09-07: 주식등의대량보유상황보고서(약식),5
네오오토,212560,0,OK,,,,2026-10-01: [기재정정]증권신고서(주식의포괄적교환ㆍ이전) | 2026-09-16: 정정신고서제출요구( 2026.09.07. 제출 증권신고서(주식의포괄적교환ㆍ이전) ) | 2026-09-14: 기업설명회(IR)개최               | 2026-09-07: [기재정정]기업설명회(IR)개최               | 2026-09-07: [기재정정]기업설명회(IR)개최              ,7
아이티센글로벌,124500,0,OK,,,,2026-09-23: [기재정정]타인에대한채무보증결정               | 2026-09-11: [기재정정]타인에대한채무보증결정               | 2026-09-10: [기재정정]타인에대한채무보증결정              ,3
신진에스엠,138070,0,OK,,,,2026-09-23: 임원ㆍ주요주주특정증권등소유상황보고서 | 2026-09-23: 주식등의대량보유상황보고서(일반) | 2026-09-18: 주식등의대량보유상황보고서(일반) | 2026-09-17: 임원ㆍ주요주주특정증권등소유상황보고서 | 2026-09-17: 임원ㆍ주요주주특정증권등소유상황보고서,7
현대모비스,012330,0,OK,,,,2026-09-30: 주주명부폐쇄기간또는기준일설정               | 2026-09-30: 주주총회소집결의               | 2026-09-30: 주요사항보고서(회사분할결정) | 2026-09-21: 기업설명회(IR)개최(안내공시)               | 2026-09-09: 기업설명회(IR)개최(안내공시)              ,5
형지엘리트,093240,0,OK,,,,2026-09-29: 정기주주총회결과               | 2026-09-21: 임원ㆍ주요주주특정증권등거래계획보고서 | 2026-09-21: 임원ㆍ주요주주특정증권등거래계획보고서 | 2026-09-21: 사업보고서 (2026.06) | 2026-09-18: 임원ㆍ주요주주특정증권등소유상황보고서,8
인바디,041830,0,OK,,,,2026-10-02: 주식등의대량보유상황보고서(약식) | 2026-09-30: 임원ㆍ주요주주특정증권등소유상황보고서 | 2026-09-21: 주식등의대량보유상황보고서(일반) | 2026-09-21: 임원ㆍ주요주주특정증권등소유상황보고서 | 2026-09-10: 주식등의대량보유상황보고서(약식),5
대선조선,031990,0,OK,,,,2026-09-14: [기재정정]주요사항보고서(소송등의제기) | 2026-09-09: 주요사항보고서(소송등의제기) | 2026-09-09: 주요사항보고서(소송등의제기),3
SH에너지화학,002360,0,OK,,,,2026-10-01: 주식등의대량보유상황보고서(일반) | 2026-09-28: 투자유의안내              (시가총액요건 미달로 인한 상장폐지 우려 예고) | 2026-09-28: 조회공시요구(현저한시황변동)에대한답변(미확정)               | 2026-09-23: 조회공시요구(현저한시황변동)               | 2026-09-11: 기타경영사항(자율공시)              ,5
본시스템즈,496320,0,OK,,,,2026-09-30: 주식매수선택권부여에관한신고 | 2026-09-30: 임시주주총회결과               | 2026-09-17: 기업설명회(IR)개최               | 2026-09-16: 임원ㆍ주요주주특정증권등소유상황보고서 | 2026-09-16: 임원ㆍ주요주주특정증권등소유상황보고서,7
롯데지주,004990,0,OK,,,,2026-09-30: [기재정정]타인에대한채무보증결정(자회사의 주요경영사항)               | 2026-09-28: 주요사항보고서(자본으로인정되는채무증권발행결정) | 2026-09-28: 주요사항보고서(자본으로인정되는채무증권발행결정) | 2026-09-17: 타법인주식및출자증권취득결정(자회사의 주요경영사항)               | 2026-09-17: 타인에대한채무보증결정(자회사의 주요경영사항)              ,5
엠디바이스,226590,0,OK,,,,2026-09-22: 주식등의대량보유상황보고서(약식) | 2026-09-09: 주요사항보고서(자기전환사채만기전취득결정) | 2026-09-08: [기재정정]반기보고서 (2026.06),3
대림통상,006570,0,OK,,,,2026-10-01: 타인에대한채무보증결정               | 2026-09-09: 주식등의대량보유상황보고서(일반) | 2026-09-09: 임원ㆍ주요주주특정증권등소유상황보고서 | 2026-09-09: 임원ㆍ주요주주특정증권등소유상황보고서 | 2026-09-09: 최대주주등소유주식변동신고서              ,5
서울식품공업,004410,0,OK,,,,2026-09-29: 임원ㆍ주요주주특정증권등소유상황보고서 | 2026-09-28: 투자유의안내              (우선주 시가총액요건 미달로 인한 상장폐지 우려 예고) | 2026-09-28: [기재정정]반기보고서 (2026.06) | 2026-09-22: 임원ㆍ주요주주특정증권등소유상황보고서 | 2026-09-15: 임원ㆍ주요주주특정증권등소유상황보고서,7
풍전약품,298060,0,OK,,,,2026-09-30: 주식등의대량보유상황보고서(약식) | 2026-09-30: 임시주주총회결과               | 2026-09-15: 주주총회소집공고 | 2026-09-15: [기재정정]주주총회소집결의              (임시주주총회),4
엘앤씨바이오,290650,0,OK,,,,2026-09-30: 임원ㆍ주요주주특정증권등소유상황보고서 | 2026-09-30: 주식등의대량보유상황보고서(일반) | 2026-09-23: 임원ㆍ주요주주특정증권등소유상황보고서 | 2026-09-23: 임원ㆍ주요주주특정증권등소유상황보고서 | 2026-09-23: 임원ㆍ주요주주특정증권등소유상황보고서,11
CJ ENM,035760,0,OK,,,,2026-09-29: [기재정정]투자판단관련주요경영사항               | 2026-09-17: 동일인등출자계열회사와의상품ㆍ용역거래 | 2026-09-17: 특수관계인에대한출자,3
오름테라퓨틱,475830,0,OK,,,,2026-09-17: 투자판단관련주요경영사항              (Bristol Myers Squibb(BMS)의 BMS-986497(ORM-6151) 임상 중단에 따른 자산양수도 계약 종료) | 2026-09-10: 주주명부폐쇄기간또는기준일설정               | 2026-09-10: 주주총회소집결의              (임시주주총회),3
HS효성,487570,0,OK,,,,2026-09-15: 의결권대리행사권유참고서류 | 2026-09-15: 주주총회소집공고 | 2026-09-15: 최대주주등소유주식변동신고서               | 2026-09-15: [기재정정]주식등의대량보유상황보고서(일반) | 2026-09-15: [기재정정]주식등의대량보유상황보고서(일반),10
에스에이티,060540,0,OK,,,,2026-09-30: 임원ㆍ주요주주특정증권등소유상황보고서 | 2026-09-22: 주식등의대량보유상황보고서(일반) | 2026-09-22: 임원ㆍ주요주주특정증권등소유상황보고서 | 2026-09-16: 주식등의대량보유상황보고서(일반) | 2026-09-15: 임원ㆍ주요주주특정증권등소유상황보고서,7
LB세미콘,061970,0,OK,,,,2026-09-29: 주식등의대량보유상황보고서(일반) | 2026-09-10: 주식등의대량보유상황보고서(약식) | 2026-09-10: 주식등의대량보유상황보고서(약식),3
꿈비,407400,0,OK,,,,2026-09-17: 주식등의대량보유상황보고서(일반) | 2026-09-16: 주주총회소집결의              (임시주주총회) | 2026-09-16: 주주명부폐쇄기간또는기준일설정              ,3
에이엘티,172670,0,OK,,,,2026-09-17: [기재정정]주식등의대량보유상황보고서(약식) | 2026-09-15: 주식등의대량보유상황보고서(약식) | 2026-09-14: 전환사채(해외전환사채포함)발행후만기전사채취득              (제7회차) | 2026-09-09: 임원ㆍ주요주주특정증권등소유상황보고서 | 2026-09-09: 주식등의대량보유상황보고서(일반),6
더블유씨피,393890,0,OK,,,,2026-09-30: 전환청구권행사               | 2026-09-09: 주식등의대량보유상황보고서(약식) | 2026-09-08: 기업설명회(IR)개최              ,3
세븐브로이맥주,267080,0,OK,,,,2026-10-02: [기재정정]기타주요경영사항(자율공시)              (인가전 M&A 중단에 따른 존속형 회생절차 추진) | 2026-09-18: [기재정정]회생절차개시결정               | 2026-09-18: 주주총회소집공고 | 2026-09-15: 주주명부폐쇄기간또는기준일설정               | 2026-09-15: 주주총회소집결의              ,5
SK아이이테크놀로지,361610,0,OK,,,,2026-09-10: [기재정정]타법인주식및출자증권처분결정               | 2026-09-09: 기업설명회(IR)개최(안내공시)               | 2026-09-09: [기재정정]기업설명회(IR)개최(안내공시)              ,3
탑코미디어,134580,0,OK,,,,2026-09-30: 임원ㆍ주요주주특정증권등거래계획보고서 | 2026-09-10: 임시주주총회결과               | 2026-09-10: 상호변경안내              ,3
제이케이시냅스,060230,0,OK,,,,2026-10-02: 임시주주총회결과               | 2026-09-29: [기재정정]주주총회소집공고 | 2026-09-17: 주주총회소집공고 | 2026-09-16: [기재정정]주주총회소집결의              (임시주주총회) | 2026-09-10: [기재정정]주요사항보고서(자기전환사채매도결정),7
상보,027580,0,OK,,,,2026-09-29: 주식등의대량보유상황보고서(일반) | 2026-09-29: 임원ㆍ주요주주특정증권등소유상황보고서 | 2026-09-22: 주식등의대량보유상황보고서(일반) | 2026-09-22: 임원ㆍ주요주주특정증권등소유상황보고서 | 2026-09-17: 임원ㆍ주요주주특정증권등소유상황보고서,5
이지스레지던스리츠,350520,0,OK,,,,2026-09-18: 정기주주총회결과               | 2026-09-11: [기재정정]사업보고서 (2026.06) | 2026-09-10: 사업보고서 (2026.06) | 2026-09-10: 감사보고서제출              ,4
지투지바이오,456160,0,OK,,,,2026-09-23: 전환가액의조정              (제6회차) | 2026-09-14: 전환주식의전환가액조정              (전환우선주) | 2026-09-14: 전환가액의조정              (제5회차),3
케이비증권,003450,0,OK,,,,2026-10-02: 투자설명서(일괄신고) | 2026-10-02: 일괄신고추가서류(파생결합증권-주가연계증권) | 2026-10-02: 증권발행실적보고서 | 2026-10-02: 투자설명서(일괄신고) | 2026-10-02: 일괄신고추가서류(파생결합증권-주가연계증권),82
삼성SDI,006400,0,OK,,,,2026-09-21: 특수관계인에대한출자 | 2026-09-09: 금전대여결정               | 2026-09-08: 최대주주등소유주식변동신고서              ,3
무학,033920,0,OK,,,,2026-10-02: [기재정정]반기보고서 (2026.06) | 2026-09-15: [기재정정]기업지배구조보고서공시               | 2026-09-15: [기재정정]기업지배구조보고서공시               | 2026-09-15: [기재정정]기업지배구조보고서공시               | 2026-09-15: 주주명부폐쇄기간또는기준일설정              ,5
명문제약,017180,0,OK,,,,2026-09-28: 임원ㆍ주요주주특정증권등소유상황보고서 | 2026-09-22: 임원ㆍ주요주주특정증권등소유상황보고서 | 2026-09-14: 임원ㆍ주요주주특정증권등소유상황보고서 | 2026-09-07: 임원ㆍ주요주주특정증권등소유상황보고서,4
케이씨씨,002380,0,OK,,,,2026-09-17: 특수관계인에대한자산양도 | 2026-09-17: 동일인등출자계열회사와의상품ㆍ용역거래 | 2026-09-08: 주식등의대량보유상황보고서(일반),3
한빛레이저,452190,0,OK,,,,2026-09-14: 임원ㆍ주요주주특정증권등소유상황보고서 | 2026-09-14: 임원ㆍ주요주주특정증권등소유상황보고서 | 2026-09-14: 임원ㆍ주요주주특정증권등소유상황보고서,3
비스토스,419540,0,OK,,,,2026-09-23: 의결권대리행사권유참고서류 | 2026-09-23: 주주총회소집공고 | 2026-09-23: [기재정정]주주총회소집결의              (임시주주총회),3
솔디펜스,215090,0,OK,,,,2026-10-02: [기재정정]주식매수선택권부여에관한신고 | 2026-09-16: 주주총회소집결의              (임시주주총회) | 2026-09-16: 주주명부폐쇄기간또는기준일설정              ,3
DB,012030,0,OK,,,,2026-09-29: 최대주주등소유주식변동신고서               | 2026-09-29: 임원ㆍ주요주주특정증권등소유상황보고서 | 2026-09-29: 주식등의대량보유상황보고서(일반),3
모나용평,070960,0,OK,,,,2026-09-30: 최대주주등소유주식변동신고서               | 2026-09-30: 임원ㆍ주요주주특정증권등소유상황보고서 | 2026-09-30: 임원ㆍ주요주주특정증권등소유상황보고서 | 2026-09-22: 최대주주등소유주식변동신고서               | 2026-09-22: 임원ㆍ주요주주특정증권등소유상황보고서,7
부산은행,005280,0,OK,,,,2026-09-14: 증권발행실적보고서 | 2026-09-11: 투자설명서(일괄신고) | 2026-09-11: 일괄신고추가서류,3
태광산업,003240,0,OK,,,,2026-09-30: [기재정정]신규시설투자등(자율공시)               | 2026-09-30: [기재정정]특수관계인과의수익증권거래 | 2026-09-11: 풍문또는보도에대한해명               | 2026-09-07: 풍문또는보도에대한해명(미확정)              ,4
달바글로벌,483650,0,OK,,,,2026-10-02: 주식등의대량보유상황보고서(약식) | 2026-09-28: 주요사항보고서(자기주식취득신탁계약체결결정) | 2026-09-17: 주식등의대량보유상황보고서(약식) | 2026-09-09: 임원ㆍ주요주주특정증권등소유상황보고서 | 2026-09-09: 임원ㆍ주요주주특정증권등소유상황보고서,5
캐스텍코리아,071850,0,OK,,,,2026-09-28: 주식등의대량보유상황보고서(일반) | 2026-09-23: [기재정정]주식등의대량보유상황보고서(일반) | 2026-09-23: [기재정정]주식등의대량보유상황보고서(일반) | 2026-09-23: [기재정정]주식등의대량보유상황보고서(일반) | 2026-09-23: [기재정정]주식등의대량보유상황보고서(일반),9
이리츠코크렙,088260,0,OK,,,,2026-09-16: 정기주주총회결과               | 2026-09-08: 사업보고서 (2026.06) | 2026-09-08: 감사보고서제출              ,3
미원에스씨,268280,0,OK,,,,2026-10-02: 자기주식취득결과보고서 | 2026-09-16: 주식등의대량보유상황보고서(일반) | 2026-09-16: 최대주주등소유주식변동신고서               | 2026-09-11: 최대주주등소유주식변동신고서               | 2026-09-09: 최대주주등소유주식변동신고서              ,7
미래에셋벤처투자,100790,0,OK,,,,2026-10-02: 임원ㆍ주요주주특정증권등소유상황보고서 | 2026-09-28: 주식등의대량보유상황보고서(일반) | 2026-09-18: 임원ㆍ주요주주특정증권등소유상황보고서 | 2026-09-08: 임원ㆍ주요주주특정증권등소유상황보고서,4
넷마블,251270,0,OK,,,,2026-10-02: 최대주주등소유주식변동신고서               | 2026-09-29: 임원ㆍ주요주주특정증권등소유상황보고서 | 2026-09-23: 최대주주등소유주식변동신고서               | 2026-09-23: 임원ㆍ주요주주특정증권등소유상황보고서 | 2026-09-23: 주식등의대량보유상황보고서(일반),5
대원강업,000430,0,OK,,,,2026-09-29: 최대주주등소유주식변동신고서               | 2026-09-29: 임원ㆍ주요주주특정증권등소유상황보고서 | 2026-09-29: 주식등의대량보유상황보고서(일반) | 2026-09-16: 최대주주등소유주식변동신고서               | 2026-09-16: 임원ㆍ주요주주특정증권등소유상황보고서,6
일양약품,007570,0,OK,,,,2026-09-23: 최대주주등소유주식변동신고서               | 2026-09-23: 주식등의대량보유상황보고서(일반) | 2026-09-23: 주식등의대량보유상황보고서(일반) | 2026-09-23: 임원ㆍ주요주주특정증권등소유상황보고서 | 2026-09-23: 임원ㆍ주요주주특정증권등소유상황보고서,9
NHN,181710,0,OK,,,,2026-10-01: 합병등종료보고서(합병) | 2026-09-22: 주식등의대량보유상황보고서(일반) | 2026-09-22: 최대주주등소유주식변동신고서               | 2026-09-08: 기업설명회(IR)개최(안내공시)              ,4
한주라이트메탈,198940,0,OK,,,,2026-09-30: [기재정정]신규시설투자등               | 2026-09-30: [기재정정]반기보고서 (2026.06) | 2026-09-23: 주주총회소집공고,3
DB하이텍,000990,0,OK,,,,2026-10-02: 주식등의대량보유상황보고서(약식) | 2026-09-29: 주식등의대량보유상황보고서(일반) | 2026-09-29: [기재정정]영업정지(종속회사의주요경영사항)              ,3
DB손해보험,005830,0,OK,,,,2026-10-02: 주식등의대량보유상황보고서(약식) | 2026-09-22: 최대주주등소유주식변동신고서               | 2026-09-22: 주식등의대량보유상황보고서(일반),3
한국콜마,161890,0,OK,,,,2026-10-02: 기업설명회(IR)개최(안내공시)               | 2026-10-01: 특수관계인에대한영업양도 | 2026-10-01: 타인에대한채무보증결정               | 2026-09-30: 풍문또는보도에대한해명(미확정)               | 2026-09-30: 기업설명회(IR)개최(안내공시)              ,10
현대코퍼레이션,011760,0,OK,,,,2026-09-30: 타인에대한채무보증결정               | 2026-09-16: [기재정정]타인에대한채무보증결정               | 2026-09-16: 타인에대한채무보증결정              ,3
로젠,033290,0,OK,,,,2026-09-30: 주주총회소집공고 | 2026-09-30: [기재정정]주주총회소집결의              (임시주주총회) | 2026-09-30: 주주총회소집결의              (임시주주총회) | 2026-09-30: 주주명부폐쇄기간또는기준일설정               | 2026-09-28: 주식등의대량보유상황보고서(일반),10
이스트소프트,047560,0,OK,,,,2026-09-30: [기재정정]주식매수선택권부여에관한신고 | 2026-09-30: [기재정정]주식매수선택권부여에관한신고 | 2026-09-28: 신탁계약에의한취득상황보고서,3
한국첨단소재,062970,0,OK,,,,2026-09-17: 주식등의대량보유상황보고서(약식) | 2026-09-17: 임원ㆍ주요주주특정증권등소유상황보고서 | 2026-09-17: 주식등의대량보유상황보고서(일반) | 2026-09-11: 타법인주식및출자증권취득결정               | 2026-09-11: [기재정정]전환가액의조정              ,9
플래티어,367000,0,OK,,,,2026-09-29: 임원ㆍ주요주주특정증권등소유상황보고서 | 2026-09-15: 기업설명회(IR)개최               | 2026-09-09: 임원ㆍ주요주주특정증권등소유상황보고서,3
알에프텍,061040,0,OK,,,,2026-10-02: 회생절차개시신청(종속회사의주요경영사항)               | 2026-09-23: 독립이사의선임ㆍ해임또는중도퇴임에관한신고 | 2026-09-23: 임시주주총회결과               | 2026-09-08: 의결권대리행사권유참고서류 | 2026-09-08: 주주총회소집공고,6
미원홀딩스,107590,0,OK,,,,2026-09-18: 최대주주등소유주식변동신고서               | 2026-09-18: 주식등의대량보유상황보고서(일반) | 2026-09-07: 최대주주등소유주식변동신고서              ,3
에코프로머티,450080,0,OK,,,,2026-09-30: [기재정정]신규시설투자등               | 2026-09-16: 최대주주등소유주식변동신고서               | 2026-09-16: 주식등의대량보유상황보고서(일반) | 2026-09-16: 임원ㆍ주요주주특정증권등소유상황보고서 | 2026-09-09: 주식등의대량보유상황보고서(일반),5
FSN,214270,0,OK,,,,2026-09-18: 임원ㆍ주요주주특정증권등소유상황보고서 | 2026-09-18: 주식등의대량보유상황보고서(일반) | 2026-09-14: 임원ㆍ주요주주특정증권등소유상황보고서 | 2026-09-14: 임원ㆍ주요주주특정증권등소유상황보고서 | 2026-09-14: 임원ㆍ주요주주특정증권등소유상황보고서,6
JW중외제약,001060,0,OK,,,,2026-09-29: 타법인주식및출자증권취득결정               | 2026-09-18: [기재정정]벌금등의부과               | 2026-09-17: 주식등의대량보유상황보고서(일반) | 2026-09-17: 임원ㆍ주요주주특정증권등소유상황보고서 | 2026-09-17: 최대주주등소유주식변동신고서              ,5
LX홀딩스,383800,0,OK,,,,2026-09-11: 최대주주등소유주식변동신고서               | 2026-09-11: 임원ㆍ주요주주특정증권등소유상황보고서 | 2026-09-11: 임원ㆍ주요주주특정증권등소유상황보고서 | 2026-09-11: 주식등의대량보유상황보고서(일반),4
지에프씨생명과학,388610,0,OK,,,,2026-10-02: [기재정정]자산재평가실시결정(자율공시)               | 2026-10-02: 임시주주총회결과               | 2026-09-28: 자산재평가실시결정(자율공시)               | 2026-09-21: 의결권대리행사권유참고서류 | 2026-09-17: 주주총회소집공고,10
아이큐어,175250,0,OK,,,,2026-09-30: 임원ㆍ주요주주특정증권등소유상황보고서 | 2026-09-18: [기재정정]반기보고서 (2026.06) | 2026-09-15: 임원ㆍ주요주주특정증권등소유상황보고서 | 2026-09-10: 임원ㆍ주요주주특정증권등소유상황보고서 | 2026-09-09: 임원ㆍ주요주주특정증권등소유상황보고서,6
루닛,328130,0,OK,,,,2026-10-02: 전환사채(해외전환사채포함)발행후만기전사채취득               | 2026-10-01: 전환가액의조정               | 2026-09-28: 전환사채(해외전환사채포함)발행후만기전사채취득               | 2026-09-23: 전환사채(해외전환사채포함)발행후만기전사채취득              ,4
TJ미디어,032540,0,OK,,,,2026-09-23: 임시주주총회결과               | 2026-09-10: 주식등의대량보유상황보고서(일반) | 2026-09-08: 주주총회소집공고,3
삼성출판사,068290,0,OK,,,,2026-09-14: 임원ㆍ주요주주특정증권등소유상황보고서 | 2026-09-14: 임원ㆍ주요주주특정증권등소유상황보고서 | 2026-09-14: 주식등의대량보유상황보고서(일반) | 2026-09-14: 임원ㆍ주요주주특정증권등소유상황보고서 | 2026-09-11: 최대주주등소유주식변동신고서              ,5
큐리옥스바이오시스템즈,445680,0,OK,,,,2026-10-02: 임원ㆍ주요주주특정증권등거래계획보고서 | 2026-10-01: [기재정정]사업보고서 (2025.12) | 2026-10-01: [기재정정]사업보고서 (2024.12) | 2026-10-01: [기재정정]사업보고서 (2023.12),4
에이원큐브텍,234070,0,OK,,,,2026-09-21: 주주명부폐쇄기간또는기준일설정               | 2026-09-21: 주주총회소집결의               | 2026-09-14: 독립이사의선임ㆍ해임또는중도퇴임에관한신고,3
소프트센,032680,0,OK,,,,2026-09-29: 기타시장안내              (소프트센 1우선주 시가총액 미달에 따른 상장폐지 우려 관련 안내) | 2026-09-15: 주주명부폐쇄기간또는기준일설정               | 2026-09-15: 주주총회소집결의              (임시주주총회),3
KISCO홀딩스,001940,0,OK,,,,2026-09-09: 신탁계약해지결과보고서 | 2026-09-09: 주요사항보고서(자기주식취득신탁계약해지결정) | 2026-09-09: 주요사항보고서(자기주식취득신탁계약해지결정)(자회사의 주요경영사항)               | 2026-09-09: 신탁계약에의한취득상황보고서,4
유진로봇,056080,0,OK,,,,2026-09-23: 임원ㆍ주요주주특정증권등소유상황보고서 | 2026-09-17: 주식등의대량보유상황보고서(일반) | 2026-09-10: 주식등의대량보유상황보고서(약식),3
하이퍼코퍼레이션,065650,0,OK,,,,2026-09-23: 주요사항보고서(자기전환사채만기전취득결정) | 2026-09-17: [기재정정]주주총회소집결의               | 2026-09-08: [기재정정]주주명부폐쇄기간또는기준일설정               | 2026-09-08: [기재정정]주주총회소집결의              ,4
유진테크,084370,0,OK,,,,2026-10-02: 임원ㆍ주요주주특정증권등소유상황보고서 | 2026-10-02: 임원ㆍ주요주주특정증권등소유상황보고서 | 2026-10-02: 임원ㆍ주요주주특정증권등소유상황보고서 | 2026-10-02: 임원ㆍ주요주주특정증권등소유상황보고서 | 2026-10-02: 임원ㆍ주요주주특정증권등소유상황보고서,7
한전KPS,051600,0,OK,,,,2026-10-02: 독립이사의선임ㆍ해임또는중도퇴임에관한신고 | 2026-10-02: 임시주주총회결과               | 2026-09-17: 주주총회소집공고 | 2026-09-16: 주주총회소집결의              ,4
옵티코어,380540,0,OK,,,,2026-09-11: [기재정정]주요사항보고서(자기전환사채만기전취득결정) | 2026-09-10: 독립이사의선임ㆍ해임또는중도퇴임에관한신고 | 2026-09-10: 임시주주총회결과              (제11기),3
더라미,032860,0,OK,,,,2026-10-01: [기재정정]반기보고서 (2026.06) | 2026-09-08: 주식등의대량보유상황보고서(일반) | 2026-09-08: 임원ㆍ주요주주특정증권등소유상황보고서 | 2026-09-08: 임원ㆍ주요주주특정증권등소유상황보고서,4
부방,014470,0,OK,,,,2026-09-30: 임원ㆍ주요주주특정증권등소유상황보고서 | 2026-09-30: 주식등의대량보유상황보고서(일반) | 2026-09-17: 임원ㆍ주요주주특정증권등소유상황보고서,3
신한은행,000010,0,OK,,,,2026-10-01: 일괄신고서 | 2026-09-28: 증권발행실적보고서 | 2026-09-23: 투자설명서(일괄신고) | 2026-09-23: 일괄신고추가서류 | 2026-09-23: 증권발행실적보고서,19
도이치모터스,067990,0,OK,,,,2026-09-30: [기재정정]타인에대한채무보증결정               | 2026-09-30: [기재정정]타인에대한채무보증결정               | 2026-09-29: [기재정정]타인에대한채무보증결정               | 2026-09-18: [기재정정]타인에대한채무보증결정              ,4
삼진엘앤디,054090,0,OK,,,,2026-09-21: 신탁계약해지결과보고서 | 2026-09-18: 주요사항보고서(자기주식취득신탁계약해지결정) | 2026-09-14: 신탁계약에의한취득상황보고서 | 2026-09-07: 임원ㆍ주요주주특정증권등소유상황보고서,4
엠케이전자,033160,0,OK,,,,2026-10-02: 교환청구권행사               | 2026-10-01: 주식등의대량보유상황보고서(일반) | 2026-09-23: [기재정정]타법인주식및출자증권처분결정               | 2026-09-16: 기업설명회(IR)개최               | 2026-09-09: 주식등의대량보유상황보고서(약식),6
휴젤,145020,0,OK,,,,2026-09-30: 임원ㆍ주요주주특정증권등소유상황보고서 | 2026-09-30: 기업설명회(IR)개최               | 2026-09-14: 기업설명회(IR)개최               | 2026-09-09: 임원ㆍ주요주주특정증권등소유상황보고서 | 2026-09-07: 기업설명회(IR)개최              ,5
토마토시스템,393210,0,OK,,,,2026-09-28: 주식등의대량보유상황보고서(약식) | 2026-09-22: 임원ㆍ주요주주특정증권등소유상황보고서 | 2026-09-15: 임원ㆍ주요주주특정증권등소유상황보고서,3
오리엔트바이오,002630,0,OK,,,,2026-09-17: 임원ㆍ주요주주특정증권등소유상황보고서 | 2026-09-17: 임원ㆍ주요주주특정증권등소유상황보고서 | 2026-09-17: 임원ㆍ주요주주특정증권등소유상황보고서,3
대한전선,001440,0,OK,,,,2026-09-22: 증권발행실적보고서 | 2026-09-22: 투자설명서 | 2026-09-21: [발행조건확정]증권신고서(채무증권) | 2026-09-16: [발행조건확정]증권신고서(채무증권) | 2026-09-16: [기재정정]증권신고서(채무증권),8
효성화학,298000,0,OK,,,,2026-09-29: 최대주주등소유주식변동신고서               | 2026-09-29: 임원ㆍ주요주주특정증권등소유상황보고서 | 2026-09-29: 주식등의대량보유상황보고서(일반) | 2026-09-29: 타인에대한채무보증결정               | 2026-09-11: 타인에대한채무보증결정              ,6
매드업,0039P0,0,OK,,,,2026-10-02: 수시공시의무관련사항(공정공시)              (지속적 주주환원 확대 및 주주가치 제고를 위한 2026년~ 2027년 현금 배당 계획) | 2026-10-02: 주식등의대량보유상황보고서(일반) | 2026-10-02: 임원ㆍ주요주주특정증권등소유상황보고서 | 2026-09-29: 임시주주총회결과               | 2026-09-14: 의결권대리행사권유참고서류,8
앱튼,270520,0,OK,,,,2026-09-18: [기재정정]타법인주식및출자증권취득결정               | 2026-09-14: 임시주주총회결과               | 2026-09-10: 주식등의대량보유상황보고서(약식) | 2026-09-10: 주식등의대량보유상황보고서(약식) | 2026-09-10: [기재정정]주식등의대량보유상황보고서(약식),5
대한항공,003490,0,OK,,,,2026-10-02: 주식등의대량보유상황보고서(약식) | 2026-09-30: 최대주주등소유주식변동신고서               | 2026-09-29: [기재정정]소송등의제기ㆍ신청(자율공시:일정금액미만의청구)               | 2026-09-29: [기재정정]타법인주식및출자증권취득결정               | 2026-09-16: 증권발행실적보고서,9
기업은행,024110,0,OK,,,,2026-10-02: 주요사항보고서(상각형조건부자본증권발행결정) | 2026-09-21: [기재정정]주요사항보고서(상각형조건부자본증권발행결정) | 2026-09-14: 기업설명회(IR)개최(안내공시)              ,3
삼성화재해상보험,000810,0,OK,,,,2026-10-02: 풍문또는보도에대한해명(미확정)               | 2026-09-18: 특수관계인에대한출자 | 2026-09-18: 특수관계인에대한출자 | 2026-09-18: 특수관계인과의수익증권거래 | 2026-09-10: 주식등의대량보유상황보고서(약식),5
미스토홀딩스,081660,0,OK,,,,2026-10-01: 현금ㆍ현물배당결정               | 2026-10-01: 현금ㆍ현물배당을위한주주명부폐쇄(기준일)결정               | 2026-09-22: [기재정정]타법인주식및출자증권처분결정(자회사의 주요경영사항)               | 2026-09-14: 기업설명회(IR)개최(안내공시)               | 2026-09-14: 주식등의대량보유상황보고서(일반),6
LSK아이로봇,091970,0,OK,,,,2026-09-23: 주식등의대량보유상황보고서(일반) | 2026-09-22: 주식등의대량보유상황보고서(약식) | 2026-09-15: 전환사채(해외전환사채포함)발행후만기전사채취득               | 2026-09-10: 주식등의대량보유상황보고서(약식),4
KB제34호스팩,0209J0,0,OK,,,,2026-10-01: 임원ㆍ주요주주특정증권등소유상황보고서 | 2026-10-01: 주식등의대량보유상황보고서(일반) | 2026-09-15: 증권발행실적보고서 | 2026-09-08: [기재정정]투자설명서 | 2026-09-08: [발행조건확정]증권신고서(지분증권),6
한국제17호스팩,0200G0,0,OK,,,,2026-09-15: 증권발행실적보고서 | 2026-09-09: [기재정정]투자설명서 | 2026-09-09: [발행조건확정]증권신고서(지분증권) | 2026-09-08: 투자설명서,4
디와이에이,002880,0,OK,,,,2026-09-30: [기재정정]반기보고서 (2026.06) | 2026-09-23: 주식등의대량보유상황보고서(일반) | 2026-09-23: 임원ㆍ주요주주특정증권등소유상황보고서 | 2026-09-23: 임원ㆍ주요주주특정증권등소유상황보고서 | 2026-09-22: 최대주주등소유주식변동신고서              ,12
에이치시티,072990,0,OK,,,,2026-10-02: 임원ㆍ주요주주특정증권등소유상황보고서 | 2026-10-02: 주식등의대량보유상황보고서(일반) | 2026-09-29: 임원ㆍ주요주주특정증권등소유상황보고서 | 2026-09-29: 주식등의대량보유상황보고서(일반) | 2026-09-21: 임원ㆍ주요주주특정증권등소유상황보고서,7
HLB이노베이션,024850,0,OK,,,,2026-10-02: 주식등의대량보유상황보고서(일반) | 2026-09-17: 주식등의대량보유상황보고서(일반) | 2026-09-08: 임원ㆍ주요주주특정증권등소유상황보고서 | 2026-09-08: 단기차입금감소결정(자율공시)               | 2026-09-07: 증권발행결과(자율공시)              ,5
알엔투테크놀로지,148250,0,OK,,,,2026-09-29: 의결권대리행사권유참고서류 | 2026-09-29: 주주총회소집공고 | 2026-09-29: [기재정정]주주총회소집결의              (임시주주총회) | 2026-09-22: 소송등의제기ㆍ신청(경영권분쟁소송)              (직무집행정지 등 가처분) | 2026-09-22: 임원ㆍ주요주주특정증권등소유상황보고서,9
NH투자증권,005940,0,OK,,,,2026-10-02: 투자설명서(일괄신고) | 2026-10-02: 투자설명서(일괄신고) | 2026-10-02: 일괄신고추가서류(파생결합증권-주가연계증권) | 2026-10-02: 일괄신고추가서류(파생결합증권-주가연계증권) | 2026-10-02: 투자설명서(일괄신고),100
만호제강,001080,0,OK,,,,2026-09-28: 임원ㆍ주요주주특정증권등소유상황보고서 | 2026-09-23: [기재정정]기업가치제고계획(자율공시) | 2026-09-18: 정기주주총회결과               | 2026-09-10: 사업보고서 (2026.06) | 2026-09-10: 감사보고서제출              ,5
티케이지애강,022220,0,OK,,,,2026-09-23: 임원ㆍ주요주주특정증권등소유상황보고서 | 2026-09-22: 임원ㆍ주요주주특정증권등소유상황보고서 | 2026-09-22: 주식등의대량보유상황보고서(일반) | 2026-09-22: 공개매수결과보고서 | 2026-09-15: 공개매수에관한의견표명서,5
아모레퍼시픽홀딩스,002790,0,OK,,,,2026-09-30: 최대주주등소유주식변동신고서               | 2026-09-30: 임원ㆍ주요주주특정증권등소유상황보고서 | 2026-09-23: 최대주주등소유주식변동신고서               | 2026-09-16: 최대주주등소유주식변동신고서               | 2026-09-16: 임원ㆍ주요주주특정증권등소유상황보고서,7
덕산테코피아,317330,0,OK,,,,2026-10-01: 의결권대리행사권유참고서류 | 2026-10-01: 주주총회소집공고 | 2026-09-11: 주주명부폐쇄기간또는기준일설정               | 2026-09-11: 주주총회소집결의              (임시주주총회) | 2026-09-07: 기업설명회(IR)개최              ,7
GS,078930,0,OK,,,,2026-10-02: 주식등의대량보유상황보고서(약식) | 2026-10-02: 최대주주등소유주식변동신고서               | 2026-10-02: 주식등의대량보유상황보고서(일반) | 2026-09-15: 기업설명회(IR)개최(안내공시)               | 2026-09-14: [기재정정]장래사업ㆍ경영계획(공정공시)              ,7
교보증권,030610,0,OK,,,,2026-10-02: 증권발행실적보고서 | 2026-10-02: 증권발행실적보고서 | 2026-10-02: 증권발행실적보고서 | 2026-10-02: 증권발행실적보고서 | 2026-10-02: 증권발행실적보고서,100
바이오프로테크,199290,0,OK,,,,2026-10-02: 주식등의대량보유상황보고서(약식) | 2026-09-30: 전환주식의전환청구권행사               | 2026-09-17: 기업설명회(IR)개최              ,3
옵트론텍,082210,0,OK,,,,2026-10-01: 주식등의대량보유상황보고서(약식) | 2026-09-30: 주식등의대량보유상황보고서(약식) | 2026-09-28: 주요사항보고서(제3자의전환사채매수선택권행사) | 2026-09-28: 주요사항보고서(전환사채매수선택권행사자지정) | 2026-09-28: 전환사채(해외전환사채포함)발행후만기전사채취득              ,6
페이퍼코리아,001020,0,OK,,,,2026-09-30: 임시주주총회결과               | 2026-09-15: 주주총회소집공고 | 2026-09-11: [기재정정]주주총회소집결의              ,3
지투파워,388050,0,OK,,,,2026-09-30: [기재정정]반기보고서 (2026.06) | 2026-09-30: 기업가치제고계획(자율공시)              (2026년) | 2026-09-10: 기업가치제고계획예고              ,3
삼성전자,005930,0,OK,,,,2026-10-02: 최대주주등소유주식변동신고서               | 2026-10-01: 임원ㆍ주요주주특정증권등소유상황보고서 | 2026-10-01: 임원ㆍ주요주주특정증권등소유상황보고서 | 2026-09-22: 임원ㆍ주요주주특정증권등소유상황보고서 | 2026-09-18: 최대주주등소유주식변동신고서              ,12
동일산업,004890,0,OK,,,,2026-09-18: 주식등의대량보유상황보고서(일반) | 2026-09-18: 최대주주등소유주식변동신고서               | 2026-09-11: 임원ㆍ주요주주특정증권등거래계획보고서 | 2026-09-11: 임원ㆍ주요주주특정증권등거래계획보고서,4
강동씨앤엘,198440,0,OK,,,,2026-09-30: [기재정정]반기보고서 (2026.06) | 2026-09-30: [기재정정]반기보고서 (2026.06) | 2026-09-30: [기재정정]반기보고서 (2026.06) | 2026-09-08: 주식등의대량보유상황보고서(일반),4
아이티센씨티에스,031820,0,OK,,,,2026-09-21: 타인에대한채무보증결정               | 2026-09-21: 타인에대한채무보증결정               | 2026-09-16: 유상증자또는주식관련사채등의발행결과(자율공시)              ,3
엔시트론,101400,0,OK,,,,2026-09-09: 주식등의대량보유상황보고서(일반) | 2026-09-09: 임원ㆍ주요주주특정증권등소유상황보고서 | 2026-09-09: 주식등의대량보유상황보고서(일반),3
현대제철,004020,0,OK,,,,2026-10-02: 주식등의대량보유상황보고서(약식) | 2026-10-02: 최대주주등소유주식변동신고서               | 2026-10-02: 주식등의대량보유상황보고서(일반) | 2026-10-02: 임원ㆍ주요주주특정증권등소유상황보고서 | 2026-09-07: 기업설명회(IR)개최(안내공시)              ,5
제노레이,122310,0,OK,,,,2026-10-01: 현금ㆍ현물배당결정              (분기배당) | 2026-09-28: 중간(분기)배당락               | 2026-09-16: 주식등의대량보유상황보고서(일반) | 2026-09-15: 중간(분기)배당을위한주주명부폐쇄(기준일)결정               | 2026-09-10: 임원ㆍ주요주주특정증권등소유상황보고서,5
글로벌테크놀로지,486510,0,OK,,,,2026-09-21: 증권발행실적보고서 | 2026-09-15: [기재정정]투자설명서 | 2026-09-15: [발행조건확정]증권신고서(지분증권) | 2026-09-10: 투자설명서 | 2026-09-08: [기재정정]증권신고서(지분증권),5
이삭엔지니어링,351330,0,OK,,,,2026-09-29: 주식등의대량보유상황보고서(일반) | 2026-09-29: [기재정정]주식등의대량보유상황보고서(일반) | 2026-09-11: 주식등의대량보유상황보고서(일반),3
현대백화점,069960,0,OK,,,,2026-10-02: 주식등의대량보유상황보고서(약식) | 2026-10-02: 기업설명회(IR)개최(안내공시)               | 2026-09-28: 기업설명회(IR)개최(안내공시)               | 2026-09-15: 기업설명회(IR)개최(안내공시)              ,4
제이알글로벌리츠,348950,0,OK,,,,2026-09-30: [기재정정]사업보고서 (2026.06) | 2026-09-30: 정기주주총회결과               | 2026-09-22: 투자유의안내              (상장폐지 기준 해당) | 2026-09-22: 사업보고서 (2026.06) | 2026-09-22: 감사보고서제출              ,14
세원정공,021820,0,OK,,,,2026-09-30: 정기주주총회결과               | 2026-09-22: 사업보고서 (2026.06) | 2026-09-22: 감사보고서제출               | 2026-09-15: 주주총회소집공고 | 2026-09-15: 주주총회소집결의              ,6
비씨엔씨,146320,0,OK,,,,2026-09-11: 주식등의대량보유상황보고서(일반) | 2026-09-11: 임원ㆍ주요주주특정증권등소유상황보고서 | 2026-09-11: 임원ㆍ주요주주특정증권등소유상황보고서,3
양지사,030960,0,OK,,,,2026-09-21: 독립이사의선임ㆍ해임또는중도퇴임에관한신고 | 2026-09-18: 정기주주총회결과               | 2026-09-10: 사업보고서 (2026.06),3
케이씨티시,009070,0,OK,,,,2026-09-14: 특수관계인에대한담보제공 | 2026-09-14: 임원ㆍ주요주주특정증권등소유상황보고서 | 2026-09-14: 주식등의대량보유상황보고서(일반) | 2026-09-14: 타인에대한담보제공결정               | 2026-09-14: 최대주주등소유주식변동신고서              ,5
방림,003610,0,OK,,,,2026-09-23: [기재정정]기업지배구조보고서공시               | 2026-09-17: [기재정정]주요사항보고서(유형자산양도결정) | 2026-09-14: 주주명부폐쇄기간또는기준일설정              ,3
엔에이치스팩34호,0197V0,0,OK,,,,2026-09-17: 주식등의대량보유상황보고서(약식) | 2026-09-14: 주식등의대량보유상황보고서(약식) | 2026-09-11: 주식등의대량보유상황보고서(약식) | 2026-09-10: 주식등의대량보유상황보고서(일반),4
오가닉티코스메틱,900300,0,OK,,,,2026-09-15: 주식등의대량보유상황보고서(약식) | 2026-09-15: 주식등의대량보유상황보고서(약식) | 2026-09-15: 주식등의대량보유상황보고서(약식) | 2026-09-15: 주식등의대량보유상황보고서(일반) | 2026-09-14: 증권발행결과(자율공시)              (제3자배정 유상증자),5
한미약품,128940,0,OK,,,,2026-10-02: 주식등의대량보유상황보고서(약식) | 2026-09-29: 투자판단관련주요경영사항               | 2026-09-29: 주식등의대량보유상황보고서(일반) | 2026-09-29: 임원ㆍ주요주주특정증권등소유상황보고서 | 2026-09-08: 기업설명회(IR)개최(안내공시)              ,7
에스엠벡셀,010580,0,OK,,,,2026-09-30: 임원ㆍ주요주주특정증권등소유상황보고서 | 2026-09-29: 최대주주등소유주식변동신고서               | 2026-09-29: 주식등의대량보유상황보고서(일반) | 2026-09-21: 임원ㆍ주요주주특정증권등소유상황보고서 | 2026-09-21: 최대주주등소유주식변동신고서              ,12
깨끗한나라,004540,0,OK,,,,2026-10-02: 주식등의대량보유상황보고서(약식) | 2026-09-29: 전환가액ㆍ신주인수권행사가액ㆍ교환가액의조정(안내공시)               | 2026-09-16: 주주총회소집결의               | 2026-09-16: 주주명부폐쇄기간또는기준일설정              ,4
딜리셔스,483350,0,OK,,,,2026-09-22: [기재정정]주주총회소집결의              (임시주주총회) | 2026-09-22: 주주명부폐쇄기간또는기준일설정               | 2026-09-22: 주주총회소집결의              (임시주주총회) | 2026-09-17: 주식등의대량보유상황보고서(일반) | 2026-09-17: 임원ㆍ주요주주특정증권등소유상황보고서,5
케이탑리츠,145270,0,OK,,,,2026-10-02: [기재정정]부동산투자회사자금차입               | 2026-10-02: 부동산투자회사자금차입               | 2026-09-28: 최대주주등소유주식변동신고서               | 2026-09-17: 주식등의대량보유상황보고서(일반) | 2026-09-17: 최대주주등소유주식변동신고서              ,6
바이오톡스텍,086040,0,OK,,,,2026-09-23: 임원ㆍ주요주주특정증권등소유상황보고서 | 2026-09-23: 주식등의대량보유상황보고서(일반) | 2026-09-07: 임원ㆍ주요주주특정증권등소유상황보고서 | 2026-09-07: 주식등의대량보유상황보고서(일반),4
CJ,001040,0,OK,,,,2026-10-02: 투자판단관련주요경영사항(자회사의 주요경영사항)               | 2026-10-02: 주식등의대량보유상황보고서(약식) | 2026-09-21: [기재정정]소송등의제기ㆍ신청(일정금액이상의청구)(자회사의 주요경영사항)               | 2026-09-17: 타인에대한채무보증결정(자회사의 주요경영사항)               | 2026-09-17: 타인에대한채무보증결정(자회사의 주요경영사항)              ,6
산은캐피탈,008270,0,OK,,,,2026-09-16: 증권발행실적보고서 | 2026-09-15: 투자설명서(일괄신고) | 2026-09-15: 일괄신고추가서류,3
풍산홀딩스,005810,0,OK,,,,2026-09-15: 임원ㆍ주요주주특정증권등소유상황보고서 | 2026-09-15: 임원ㆍ주요주주특정증권등소유상황보고서 | 2026-09-15: 임원ㆍ주요주주특정증권등소유상황보고서 | 2026-09-15: 최대주주등소유주식변동신고서               | 2026-09-11: 자기주식취득결과보고서,5
이엔플러스,074610,0,OK,,,,2026-09-21: [기재정정]주주총회소집결의               | 2026-09-07: 주주명부폐쇄기간또는기준일설정               | 2026-09-07: 주주총회소집결의              ,3
아이디스,143160,0,OK,,,,2026-10-01: 임원ㆍ주요주주특정증권등소유상황보고서 | 2026-09-22: 임원ㆍ주요주주특정증권등소유상황보고서 | 2026-09-14: 주식등의대량보유상황보고서(일반) | 2026-09-14: 임원ㆍ주요주주특정증권등소유상황보고서 | 2026-09-08: 임원ㆍ주요주주특정증권등소유상황보고서,5
안지오랩,251280,0,OK,,,,2026-09-22: 전환주식의전환청구권행사               | 2026-09-14: 임원ㆍ주요주주특정증권등소유상황보고서 | 2026-09-07: 임원ㆍ주요주주특정증권등소유상황보고서,3
우리금융캐피탈,033660,0,OK,,,,2026-09-23: [기재정정]일괄신고서 | 2026-09-23: [기재정정]반기보고서 (2026.06) | 2026-09-22: 증권발행실적보고서 | 2026-09-21: 투자설명서(일괄신고) | 2026-09-21: 일괄신고추가서류,8
한세실업,105630,0,OK,,,,2026-10-02: 주식등의대량보유상황보고서(약식) | 2026-09-28: 주식등의대량보유상황보고서(일반) | 2026-09-22: [기재정정]지속가능경영보고서등관련사항(자율공시)              ,3
디아이동일,001530,0,OK,,,,2026-09-15: 최대주주등소유주식변동신고서               | 2026-09-15: 주식등의대량보유상황보고서(일반) | 2026-09-15: 임원ㆍ주요주주특정증권등소유상황보고서,3
에스트래픽,234300,0,OK,,,,2026-09-29: [기재정정]반기보고서 (2026.06) | 2026-09-29: [기재정정]주요사항보고서(영업양수결정) | 2026-09-21: 임원ㆍ주요주주특정증권등소유상황보고서 | 2026-09-16: 임시주주총회결과               | 2026-09-10: 임원ㆍ주요주주특정증권등소유상황보고서,8
대원전선,006340,0,OK,,,,2026-09-22: 임원ㆍ주요주주특정증권등소유상황보고서 | 2026-09-22: 최대주주등소유주식변동신고서               | 2026-09-17: 임원ㆍ주요주주특정증권등소유상황보고서 | 2026-09-17: 최대주주등소유주식변동신고서               | 2026-09-11: 임원ㆍ주요주주특정증권등소유상황보고서,6
케이티,030200,0,OK,,,,2026-09-11: 자기주식취득결과보고서 | 2026-09-09: 신탁계약해지결과보고서 | 2026-09-09: 주요사항보고서(자기주식취득신탁계약해지결정),3
스모트로닉,066590,0,OK,,,,2026-10-01: 불성실공시법인지정예고              (공시불이행 5건) | 2026-09-28: [기재정정]타인에대한채무보증결정               | 2026-09-21: [기재정정]타법인주식및출자증권처분결정               | 2026-09-18: 의결권대리행사권유참고서류 | 2026-09-18: 주주총회소집공고,18
한양증권,001750,0,OK,,,,2026-09-21: 증권발행실적보고서 | 2026-09-21: 투자설명서 | 2026-09-15: [발행조건확정]증권신고서(채무증권) | 2026-09-15: [기재정정]증권신고서(채무증권) | 2026-09-09: 증권신고서(채무증권),5
하이트진로,000080,0,OK,,,,2026-09-29: 동일인등출자계열회사와의상품ㆍ용역거래 | 2026-09-29: 동일인등출자계열회사와의상품ㆍ용역거래 | 2026-09-29: 동일인등출자계열회사와의상품ㆍ용역거래 | 2026-09-09: 생산중단(자율공시)              ,4
글로벌텍스프리,204620,0,OK,,,,2026-10-02: [기재정정]반기보고서 (2026.06) | 2026-10-02: 주식등의대량보유상황보고서(약식) | 2026-09-08: 주식등의대량보유상황보고서(약식),3
코오롱인더,120110,0,OK,,,,2026-10-02: 주식등의대량보유상황보고서(약식) | 2026-10-01: 주식등의대량보유상황보고서(일반) | 2026-09-17: 주요사항보고서(자본으로인정되는채무증권발행결정) | 2026-09-07: 주식등의대량보유상황보고서(일반),4
프로젠,296160,0,OK,,,,2026-09-23: [기재정정]주식매수선택권부여에관한신고 | 2026-09-23: [기재정정]주식매수선택권부여에관한신고 | 2026-09-23: [기재정정]주식매수선택권부여에관한신고 | 2026-09-18: 기업설명회(IR)개최              ,4
금양그린파워,282720,0,OK,,[기재정정]단일판매ㆍ공급계약체결              (+5),[기재정정]최대주주변경을수반하는주식담보제공계약체결              (-5),2026-09-29: 주식등의대량보유상황보고서(일반) | 2026-09-22: [기재정정]최대주주변경을수반하는주식담보제공계약체결               | 2026-09-09: [기재정정]단일판매ㆍ공급계약체결               | 2026-09-08: 주식등의대량보유상황보고서(일반),4
와이엠,007530,0,OK,,,,2026-09-17: 주주총회소집결의               | 2026-09-17: 주주명부폐쇄기간또는기준일설정               | 2026-09-17: 주요사항보고서(자기주식취득신탁계약체결결정) | 2026-09-16: 임원ㆍ주요주주특정증권등소유상황보고서,4
마스턴프리미어리츠,357430,0,OK,,,,2026-09-30: [기재정정]기업지배구조보고서공시               | 2026-09-29: [기재정정]기업지배구조보고서공시               | 2026-09-11: 기타경영사항(자율공시)               | 2026-09-11: 주주명부폐쇄기간또는기준일설정              ,4
에이치브이엠,295310,0,OK,,,,2026-10-02: [기재정정]전환청구권행사              (제1회차) | 2026-09-21: 전환청구권행사              (제1회차) | 2026-09-15: 신규시설투자등              ,3
시지트로닉스,429270,0,OK,,,,2026-10-02: 주식등의대량보유상황보고서(일반) | 2026-09-30: 주식등의대량보유상황보고서(일반) | 2026-09-14: 소액공모실적보고서 | 2026-09-14: 증권발행결과(자율공시)              (일반공모증자-소액공모) | 2026-09-10: 유상증자또는주식관련사채등의청약결과(자율공시)              ,6
NH프라임리츠,338100,0,OK,,,,2026-10-01: 기업설명회(IR)개최(안내공시)               | 2026-10-01: 수시공시의무관련사항(공정공시)               | 2026-09-28: [기재정정]부동산투자회사증권취득               | 2026-09-28: 부동산투자회사증권취득               | 2026-09-08: 기타경영사항(자율공시)              ,5
브이엠,089970,0,OK,,,,2026-10-02: 주식등의대량보유상황보고서(약식) | 2026-09-28: 중간(분기)배당락               | 2026-09-08: 중간(분기)배당을위한주주명부폐쇄(기준일)결정               | 2026-09-08: 임원ㆍ주요주주특정증권등소유상황보고서 | 2026-09-08: 임원ㆍ주요주주특정증권등소유상황보고서,6
대신정보통신,020180,0,OK,,,,2026-09-16: 주식등의대량보유상황보고서(일반) | 2026-09-16: 임원ㆍ주요주주특정증권등소유상황보고서 | 2026-09-08: 임원ㆍ주요주주특정증권등소유상황보고서,3
노을,376930,0,OK,,,,2026-09-10: 주식등의대량보유상황보고서(일반) | 2026-09-10: 임원ㆍ주요주주특정증권등소유상황보고서 | 2026-09-10: 임원ㆍ주요주주특정증권등소유상황보고서 | 2026-09-10: 임원ㆍ주요주주특정증권등소유상황보고서 | 2026-09-10: 임원ㆍ주요주주특정증권등소유상황보고서,9
이노뎁,303530,0,OK,,,,2026-09-30: 주식등의대량보유상황보고서(일반) | 2026-09-17: 임원ㆍ주요주주특정증권등소유상황보고서 | 2026-09-17: 주식등의대량보유상황보고서(일반),3
BNK금융지주,138930,0,OK,,,,2026-10-02: 기업설명회(IR)개최(안내공시)               | 2026-09-14: 임원ㆍ주요주주특정증권등소유상황보고서 | 2026-09-09: 임원ㆍ주요주주특정증권등소유상황보고서,3
롯데케미칼,011170,0,OK,,,,2026-09-30: 풍문또는보도에대한해명(미확정)               | 2026-09-30: [기재정정]타인에대한채무보증결정               | 2026-09-17: 타법인주식및출자증권취득결정               | 2026-09-17: 타인에대한채무보증결정               | 2026-09-17: 특수관계인에대한출자,6
한국금융지주,071050,0,OK,,,,2026-10-02: 타법인주식및출자증권취득결정(자회사의 주요경영사항)               | 2026-09-29: 증권신고서(채무증권) | 2026-09-07: 기업설명회(IR)개최(안내공시)              ,3
동남합성,023450,0,OK,,,,2026-09-22: [기재정정]기업지배구조보고서공시               | 2026-09-21: 주식등의대량보유상황보고서(일반) | 2026-09-21: 최대주주등소유주식변동신고서              ,3
티움바이오,321550,0,OK,,,,2026-09-30: 타법인주식및출자증권처분결정               | 2026-09-30: 주식매수선택권부여에관한신고 | 2026-09-30: [기재정정]주식매수선택권부여에관한신고 | 2026-09-30: [기재정정]주식매수선택권부여에관한신고 | 2026-09-30: [기재정정]주식매수선택권부여에관한신고,7
현대지에프홀딩스,005440,0,OK,,,,2026-10-02: 주식등의대량보유상황보고서(약식) | 2026-10-02: 기업설명회(IR)개최(안내공시)               | 2026-09-29: [기재정정]현금ㆍ현물배당결정              (중간배당) | 2026-09-28: [기재정정]현금ㆍ현물배당결정(자회사의 주요경영사항)               | 2026-09-15: 기업설명회(IR)개최(안내공시)              ,5
코미코,183300,0,OK,,,,2026-10-02: 주식등의대량보유상황보고서(약식) | 2026-09-29: 주식등의대량보유상황보고서(약식) | 2026-09-14: 주식등의대량보유상황보고서(일반) | 2026-09-14: 주식등의대량보유상황보고서(약식),4
한국스탠다드차타드은행,000110,0,OK,,,,2026-10-02: 투자설명서(일괄신고) | 2026-10-02: 일괄신고추가서류 | 2026-09-14: 증권발행실적보고서 | 2026-09-11: 투자설명서(일괄신고) | 2026-09-11: 일괄신고추가서류,13
전북은행,006350,0,OK,,,,2026-10-01: 일괄신고서 | 2026-09-30: 증권발행실적보고서 | 2026-09-29: 투자설명서(일괄신고) | 2026-09-29: 일괄신고추가서류,4
제테마,216080,0,OK,,,,2026-09-30: 임원ㆍ주요주주특정증권등소유상황보고서 | 2026-09-30: 주식등의대량보유상황보고서(일반) | 2026-09-30: 임원ㆍ주요주주특정증권등소유상황보고서 | 2026-09-28: 임원ㆍ주요주주특정증권등소유상황보고서 | 2026-09-28: 임원ㆍ주요주주특정증권등소유상황보고서,7
우림피티에스,101170,0,OK,,,,2026-09-29: [기재정정]반기보고서 (2026.06) | 2026-09-29: 임시주주총회결과               | 2026-09-14: 의결권대리행사권유참고서류 | 2026-09-14: 주주총회소집공고,4
한솔케미칼,014680,0,OK,,,,2026-10-02: 주식등의대량보유상황보고서(약식) | 2026-09-29: 최대주주등소유주식변동신고서               | 2026-09-14: 주식등의대량보유상황보고서(약식) | 2026-09-09: 주식등의대량보유상황보고서(약식),4
에이프릴바이오,397030,0,OK,,,,2026-09-28: 주식등의대량보유상황보고서(일반) | 2026-09-22: 주식매수선택권부여에관한신고 | 2026-09-22: 독립이사의선임ㆍ해임또는중도퇴임에관한신고 | 2026-09-22: 임시주주총회결과               | 2026-09-18: 임원ㆍ주요주주특정증권등소유상황보고서,9
한샘,009240,0,OK,,,,2026-10-01: 주식등의대량보유상황보고서(일반) | 2026-09-10: 신탁계약에의한취득상황보고서 | 2026-09-10: 주식등의대량보유상황보고서(일반) | 2026-09-10: 최대주주등소유주식변동신고서              ,4
앤디포스,238090,0,OK,,,,2026-09-30: 주요사항보고서(자기전환사채만기전취득결정) | 2026-09-23: 본점소재지변경               | 2026-09-11: 주식등의대량보유상황보고서(약식),3
한국카본,017960,0,OK,,,,2026-10-02: 주식등의대량보유상황보고서(약식) | 2026-10-01: 현금ㆍ현물배당결정               | 2026-09-15: 현금ㆍ현물배당을위한주주명부폐쇄(기준일)결정               | 2026-09-07: 풍문또는보도에대한해명(미확정)              ,4
신한지주,055550,0,OK,,,,2026-10-02: 해외증권거래소등에신고한주요공시사항의국내신고(자회사의 주요경영사항)               | 2026-09-22: 기업설명회(IR)개최(안내공시)               | 2026-09-18: 증권발행실적보고서 | 2026-09-17: 투자설명서(일괄신고) | 2026-09-17: 일괄신고추가서류,11
엠플러스,259630,0,OK,,,,2026-09-21: 주식등의대량보유상황보고서(일반) | 2026-09-10: 주주명부폐쇄기간또는기준일설정               | 2026-09-10: 주주총회소집결의              (임시주주총회),3
농심,004370,0,OK,,,,2026-10-02: 주식등의대량보유상황보고서(약식) | 2026-09-30: 주식등의대량보유상황보고서(일반) | 2026-09-22: 동일인등출자계열회사와의상품ㆍ용역거래,3
롯데쇼핑,023530,0,OK,,,,2026-10-02: 주식등의대량보유상황보고서(약식) | 2026-09-17: 주주명부폐쇄기간또는기준일설정               | 2026-09-17: 주주총회소집결의               | 2026-09-15: 주식등의대량보유상황보고서(일반) | 2026-09-11: 최대주주등소유주식변동신고서              ,6
흥국에프엔비,189980,0,OK,,,,2026-10-02: 임원ㆍ주요주주특정증권등소유상황보고서 | 2026-09-23: 임원ㆍ주요주주특정증권등소유상황보고서 | 2026-09-09: 임원ㆍ주요주주특정증권등소유상황보고서,3
휴마시스,205470,0,OK,,,,2026-09-15: [기재정정]주주총회소집결의              (임시주주총회) | 2026-09-11: 임원ㆍ주요주주특정증권등소유상황보고서 | 2026-09-11: 주식등의대량보유상황보고서(일반),3
디티앤씨알오,383930,0,OK,,,,2026-09-30: 소송등의판결ㆍ결정(일정금액이상의청구)               | 2026-09-30: 소송등의판결ㆍ결정(일정금액이상의청구)               | 2026-09-30: [첨부정정]소송등의판결ㆍ결정(일정금액이상의청구)               | 2026-09-29: [기재정정]신주인수권행사가액의조정               | 2026-09-29: [기재정정]전환가액의조정              ,8
한독크린텍,256150,0,OK,,,,2026-09-23: 기타주요경영사항              (유형자산 양수결정 철회) | 2026-09-23: [기재정정]주요사항보고서(유형자산양수결정) | 2026-09-18: 기업설명회(IR)개최              ,3
케이엔더블유,105330,0,OK,,,,2026-09-22: 임원ㆍ주요주주특정증권등소유상황보고서 | 2026-09-22: 주식등의대량보유상황보고서(일반) | 2026-09-17: 전환가액의조정              ,3
아로마티카,0015N0,0,OK,,,,2026-09-29: 의결권대리행사권유참고서류 | 2026-09-28: 주주총회소집공고 | 2026-09-22: [기재정정]주주총회소집결의              (임시주주총회) | 2026-09-17: 기업설명회(IR)개최              ,4
경남은행,192520,0,OK,,,,2026-09-22: 증권발행실적보고서 | 2026-09-21: 투자설명서(일괄신고) | 2026-09-21: 일괄신고추가서류 | 2026-09-07: 증권발행실적보고서,4
KR모터스,000040,0,OK,,,,2026-09-30: 합병등종료보고서(합병) | 2026-09-10: 주식등의대량보유상황보고서(약식) | 2026-09-10: 주주명부폐쇄기간또는기준일설정               | 2026-09-10: 주주총회소집결의              ,4
태영건설,009410,0,🚨 YES,주요사항보고서(유상증자결정),단일판매ㆍ공급계약체결              (+5) | [기재정정]단일판매ㆍ공급계약체결              (+5) | [기재정정]단일판매ㆍ공급계약체결              (+5),주요사항보고서(유상증자결정)(-15),2026-10-02: 단일판매ㆍ공급계약체결               | 2026-09-30: 주요사항보고서(유상증자결정) | 2026-09-15: [기재정정]단일판매ㆍ공급계약체결               | 2026-09-15: 기타안내사항(안내공시)               | 2026-09-15: [기재정정]단일판매ㆍ공급계약체결              ,5
이엠텍,091120,0,OK,,,,2026-09-30: [기재정정]반기보고서 (2026.06) | 2026-09-15: 주식등의대량보유상황보고서(일반) | 2026-09-14: 기업설명회(IR)개최               | 2026-09-09: 임원ㆍ주요주주특정증권등소유상황보고서,4
코웨이,021240,0,OK,,,,2026-09-18: 기업설명회(IR)개최(안내공시)               | 2026-09-10: 증권발행실적보고서 | 2026-09-10: 투자설명서 | 2026-09-09: [발행조건확정]증권신고서(채무증권) | 2026-09-09: [기재정정]증권신고서(채무증권),7
미래에셋글로벌리츠,396690,0,OK,,,,2026-10-01: 임원ㆍ주요주주특정증권등소유상황보고서 | 2026-09-23: 임원ㆍ주요주주특정증권등소유상황보고서 | 2026-09-16: 임원ㆍ주요주주특정증권등소유상황보고서 | 2026-09-14: 주주명부폐쇄기간또는기준일설정               | 2026-09-09: 임원ㆍ주요주주특정증권등소유상황보고서,5
유진증권,001200,0,OK,,,,2026-10-02: 투자설명서(일괄신고) | 2026-10-02: 일괄신고추가서류(파생결합증권-주가연계증권) | 2026-09-30: 증권발행실적보고서 | 2026-09-30: 증권발행실적보고서 | 2026-09-29: 투자설명서(일괄신고),33
대한유화,006650,0,OK,,,,2026-10-02: 주식등의대량보유상황보고서(약식) | 2026-09-17: 임원ㆍ주요주주특정증권등소유상황보고서 | 2026-09-11: 최대주주등소유주식변동신고서              ,3
티에스넥스젠,043220,0,OK,,,,2026-09-30: [기재정정]반기보고서 (2026.06) | 2026-09-14: 기타시장안내              (회생절차 개시신청 기각 관련 시장안내) | 2026-09-14: 회생절차개시신청기각              ,3
제놀루션,225220,0,OK,,,,2026-10-02: 임원ㆍ주요주주특정증권등소유상황보고서 | 2026-09-18: 임원ㆍ주요주주특정증권등소유상황보고서 | 2026-09-18: 임원ㆍ주요주주특정증권등소유상황보고서 | 2026-09-08: 임원ㆍ주요주주특정증권등소유상황보고서,4
신영증권,001720,0,OK,,,,2026-10-01: 투자설명서(일괄신고) | 2026-10-01: 일괄신고추가서류(파생결합사채-주가연계파생결합사채) | 2026-10-01: [기재정정]투자설명서(일괄신고) | 2026-10-01: [기재정정]일괄신고추가서류(파생결합사채-주가연계파생결합사채) | 2026-09-30: 투자설명서(일괄신고),39
온코크로스,382150,0,OK,,,,2026-09-28: 전환가액의조정              (제1회차) | 2026-09-18: 주요사항보고서(자기전환사채만기전취득결정) | 2026-09-09: 전환가액의조정              (제2회차),3
한탑,002680,0,OK,,,,2026-10-02: 주식등의대량보유상황보고서(일반) | 2026-10-02: 임원ㆍ주요주주특정증권등소유상황보고서 | 2026-09-18: [기재정정]벌금등의부과               | 2026-09-10: 임원ㆍ주요주주특정증권등거래계획보고서 | 2026-09-09: [기재정정]벌금등의부과              ,7
씨아이테크,004920,0,OK,,,,2026-09-21: 주식등의대량보유상황보고서(일반) | 2026-09-11: 임원ㆍ주요주주특정증권등소유상황보고서 | 2026-09-11: 임원ㆍ주요주주특정증권등소유상황보고서 | 2026-09-11: 임원ㆍ주요주주특정증권등소유상황보고서 | 2026-09-11: 임원ㆍ주요주주특정증권등소유상황보고서,12
미원화학,134380,0,OK,,,,2026-10-01: 주식등의대량보유상황보고서(약식) | 2026-10-01: 임원ㆍ주요주주특정증권등소유상황보고서 | 2026-09-30: 임원ㆍ주요주주특정증권등소유상황보고서 | 2026-09-22: 임원ㆍ주요주주특정증권등소유상황보고서 | 2026-09-18: 주식등의대량보유상황보고서(일반),6
롯데리츠,330590,0,OK,,,,2026-10-01: 임원ㆍ주요주주특정증권등소유상황보고서 | 2026-10-01: [기재정정]부동산투자회사자금차입               | 2026-09-29: 부동산투자회사자금차입               | 2026-09-29: 부동산투자회사자금차입               | 2026-09-29: 정기주주총회결과              ,17
라온텍,418420,0,OK,,,,2026-10-02: 임원ㆍ주요주주특정증권등소유상황보고서 | 2026-10-02: 주식등의대량보유상황보고서(일반) | 2026-09-28: 주식등의대량보유상황보고서(일반),3
동국알앤에스,075970,0,OK,,,,2026-09-18: 임원ㆍ주요주주특정증권등소유상황보고서 | 2026-09-16: 임원ㆍ주요주주특정증권등소유상황보고서 | 2026-09-07: 임원ㆍ주요주주특정증권등소유상황보고서,3
한국알콜,017890,0,OK,,,,2026-10-01: 임원ㆍ주요주주특정증권등소유상황보고서 | 2026-09-30: 지속가능경영보고서등관련사항(자율공시)               | 2026-09-21: 임원ㆍ주요주주특정증권등소유상황보고서 | 2026-09-11: 임원ㆍ주요주주특정증권등소유상황보고서,4
메리츠금융지주,138040,0,OK,,,,2026-09-30: 임원ㆍ주요주주특정증권등소유상황보고서 | 2026-09-30: 임원ㆍ주요주주특정증권등소유상황보고서 | 2026-09-21: 주요사항보고서(자본으로인정되는채무증권발행결정),3
KH바텍,060720,0,OK,,,,2026-09-30: [기재정정]반기보고서 (2026.06) | 2026-09-28: 중간(분기)배당락               | 2026-09-15: 중간(분기)배당을위한주주명부폐쇄(기준일)결정              ,3
한국화장품제조,003350,0,OK,,,,2026-10-02: [기재정정]전환청구권ㆍ신주인수권ㆍ교환청구권행사               | 2026-10-02: 전환청구권ㆍ신주인수권ㆍ교환청구권행사               | 2026-09-18: 전환청구권ㆍ신주인수권ㆍ교환청구권행사               | 2026-09-14: 전환청구권ㆍ신주인수권ㆍ교환청구권행사               | 2026-09-10: 주식등의대량보유상황보고서(약식),5
아미노로직스,074430,0,OK,,,,2026-10-02: 임원ㆍ주요주주특정증권등소유상황보고서 | 2026-10-02: 임원ㆍ주요주주특정증권등소유상황보고서 | 2026-10-02: 임원ㆍ주요주주특정증권등소유상황보고서 | 2026-10-02: 주식등의대량보유상황보고서(일반) | 2026-09-16: 임원ㆍ주요주주특정증권등소유상황보고서,11
삼성카드,029780,0,OK,,,,2026-10-02: 증권발행실적보고서 | 2026-10-01: 투자설명서(일괄신고) | 2026-10-01: 일괄신고추가서류 | 2026-09-30: 증권발행실적보고서 | 2026-09-29: 투자설명서(일괄신고),17
사조동아원,008040,0,OK,,,,2026-09-30: [기재정정]반기보고서 (2026.06) | 2026-09-17: [기재정정]벌금등의부과               | 2026-09-09: [기재정정]벌금등의부과              ,3
HS효성첨단소재,298050,0,OK,,,,2026-09-11: 타인에대한채무보증결정               | 2026-09-11: 타인에대한채무보증결정               | 2026-09-07: 타인에대한채무보증결정               | 2026-09-07: 타인에대한채무보증결정              ,4
KB금융,105560,0,OK,,,,2026-10-02: 주주총회소집결의               | 2026-09-28: 기타안내사항(안내공시)               | 2026-09-15: 기업설명회(IR)개최(안내공시)               | 2026-09-15: 기업설명회(IR)개최(안내공시)               | 2026-09-14: 증권발행실적보고서,7
APS,054620,0,OK,,,,2026-10-02: 주식등의대량보유상황보고서(일반) | 2026-10-02: 임원ㆍ주요주주특정증권등거래계획보고서 | 2026-10-02: 주식등의대량보유상황보고서(약식),3
오리엔트정공,065500,0,OK,,,,2026-09-29: 주주총회소집결의              (임시주주총회) | 2026-09-29: 주주명부폐쇄기간또는기준일설정               | 2026-09-29: 주식병합결정              ,3
덴티움,145720,0,OK,,,,2026-09-30: [기재정정]분기보고서 (2025.09) | 2026-09-30: [기재정정]반기보고서 (2025.06) | 2026-09-30: [기재정정]분기보고서 (2025.03) | 2026-09-28: [기재정정]사업보고서 (2025.12) | 2026-09-28: [기재정정]사업보고서 (2024.12),5
클래시스,214150,0,OK,,,,2026-09-28: 기업설명회(IR)개최               | 2026-09-15: 기업설명회(IR)개최               | 2026-09-09: 기업설명회(IR)개최              ,3
코오롱티슈진,950160,0,OK,,,,2026-09-18: 주식등의대량보유상황보고서(일반) | 2026-09-18: 대표이사변경               | 2026-09-16: 소송등의제기ㆍ신청(일정금액이상의청구)               | 2026-09-15: [기재정정]소송등의제기ㆍ신청(일정금액이상의청구)              ,4
대동고려삼,178600,0,OK,,,,2026-09-30: 정기주주총회결과               | 2026-09-22: 사업보고서 (2026.06) | 2026-09-22: 감사보고서제출               | 2026-09-14: 주주총회소집공고,4
진도,088790,0,OK,,,,2026-10-01: [기재정정]반기보고서 (2026.06) | 2026-09-23: [기재정정]의결권대리행사권유참고서류 | 2026-09-23: 의결권대리행사권유참고서류 | 2026-09-23: [기재정정]의결권대리행사권유참고서류 | 2026-09-23: [기재정정]의결권대리행사권유참고서류,7
삼성제약,001360,0,OK,,,,2026-09-28: 투자판단관련주요경영사항              (진행성 핵상 마비 치료제 GV 1001의 국내 제2b/3상 임상시험계획서 변경승인 신청서 제출) | 2026-09-23: 투자판단관련주요경영사항               | 2026-09-11: 유상증자또는주식관련사채등의발행결과(자율공시)              ,3
한독,002390,0,OK,,,,2026-09-17: 주식매수선택권부여에관한신고 | 2026-09-17: [기재정정]주식매수선택권부여에관한신고 | 2026-09-10: [기재정정]주식등의대량보유상황보고서(일반) | 2026-09-10: [기재정정]주식등의대량보유상황보고서(일반) | 2026-09-10: 주식등의대량보유상황보고서(일반),5
형지글로벌,308100,0,OK,,,,2026-09-30: 전환사채(해외전환사채포함)발행후만기전사채취득              (제11회차) | 2026-09-30: [기재정정]반기보고서 (2026.06) | 2026-09-10: 주식등의대량보유상황보고서(약식),3
대화제약,067080,0,OK,,,,2026-09-22: 임원ㆍ주요주주특정증권등소유상황보고서 | 2026-09-22: 임원ㆍ주요주주특정증권등소유상황보고서 | 2026-09-18: [기재정정]단일판매ㆍ공급계약해지               | 2026-09-14: 단일판매ㆍ공급계약해지               | 2026-09-07: 단일판매ㆍ공급계약해지              ,5
에스에이엠티,031330,0,OK,,,,2026-09-29: [기재정정]금전대여결정              (대여기간 연장) | 2026-09-23: 타인에대한채무보증결정               | 2026-09-23: 타인에대한채무보증결정               | 2026-09-22: 타인에대한채무보증결정               | 2026-09-22: 타인에대한채무보증결정              ,9
한화리츠,451800,0,OK,,,,2026-10-01: 임원ㆍ주요주주특정증권등소유상황보고서 | 2026-09-23: 임원ㆍ주요주주특정증권등소유상황보고서 | 2026-09-16: 임원ㆍ주요주주특정증권등소유상황보고서 | 2026-09-14: 반기보고서 (2026.07) | 2026-09-09: 임원ㆍ주요주주특정증권등소유상황보고서,5
에쓰씨엔지니어링,023960,0,OK,,,,2026-10-02: 임원ㆍ주요주주특정증권등소유상황보고서 | 2026-09-28: 전환가액ㆍ신주인수권행사가액ㆍ교환가액의조정(안내공시)               | 2026-09-28: 전환가액ㆍ신주인수권행사가액ㆍ교환가액의조정(안내공시)              ,3
삼성생명,032830,0,OK,,,,2026-10-02: 풍문또는보도에대한해명(미확정)               | 2026-09-21: 특수관계인과의보험거래 | 2026-09-21: 특수관계인에대한출자 | 2026-09-21: 특수관계인과의수익증권거래 | 2026-09-07: 임원ㆍ주요주주특정증권등소유상황보고서,5
현대차증권,001500,0,OK,,,,2026-10-02: 투자설명서(일괄신고) | 2026-10-02: 일괄신고추가서류(파생결합사채-주가연계파생결합사채) | 2026-10-02: 증권발행실적보고서 | 2026-10-02: 증권발행실적보고서 | 2026-10-02: 증권발행실적보고서,83
신한서부티엔디리츠,404990,0,OK,,,,2026-10-02: [기재정정]부동산투자회사부동산임대               | 2026-10-01: 임원ㆍ주요주주특정증권등소유상황보고서 | 2026-09-23: 임원ㆍ주요주주특정증권등소유상황보고서 | 2026-09-21: [기재정정]부동산투자회사금전배당결정               | 2026-09-16: 임원ㆍ주요주주특정증권등소유상황보고서,8
유안타증권,003470,0,OK,,,,2026-10-02: 단기차입금증가결정               | 2026-10-02: 투자설명서(일괄신고) | 2026-10-02: 일괄신고추가서류(파생결합증권-주가연계증권) | 2026-10-02: 증권발행실적보고서 | 2026-10-02: [기재정정]투자설명서(일괄신고),40
포스코DX,022100,0,OK,,,,2026-09-07: 최대주주등소유주식변동신고서               | 2026-09-07: 임원ㆍ주요주주특정증권등소유상황보고서 | 2026-09-07: 주식등의대량보유상황보고서(일반),3
시너지이노베이션,048870,0,OK,,,,2026-09-30: [기재정정]주요사항보고서(타법인주식및출자증권양도결정) | 2026-09-22: 전환사채(해외전환사채포함)발행후만기전사채취득               | 2026-09-09: [기재정정]주요사항보고서(타법인주식및출자증권양도결정),3
이수스페셜티케미컬,457190,0,OK,,,,2026-09-28: 기업설명회(IR)개최(안내공시)               | 2026-09-23: 주식등의대량보유상황보고서(일반) | 2026-09-14: 기업설명회(IR)개최(안내공시)              ,3
코스맥스,192820,0,OK,,,,2026-09-30: 기업설명회(IR)개최(안내공시)               | 2026-09-18: 기업설명회(IR)개최(안내공시)               | 2026-09-16: 기업설명회(IR)개최(안내공시)               | 2026-09-09: 기업설명회(IR)개최(안내공시)               | 2026-09-07: 기업설명회(IR)개최(안내공시)              ,5
코람코더원리츠,417310,0,OK,,,,2026-10-01: 임원ㆍ주요주주특정증권등소유상황보고서 | 2026-09-30: 투자유의안내               | 2026-09-30: 주주총회소집결의               | 2026-09-30: 주주명부폐쇄기간또는기준일설정               | 2026-09-23: 임원ㆍ주요주주특정증권등소유상황보고서,9
대구백화점,006370,0,OK,,,,2026-10-01: [기재정정]주주총회소집결의               | 2026-09-29: [기재정정]기업지배구조보고서공시               | 2026-09-18: 주식등의대량보유상황보고서(일반),3
덕산넵코어스,266690,0,OK,,,,2026-09-21: 증권발행실적보고서 | 2026-09-15: [발행조건확정]증권신고서(지분증권) | 2026-09-15: [기재정정]투자설명서 | 2026-09-08: 투자설명서,4
에스아이리소스,065420,0,OK,,,,2026-09-29: 임시주주총회결과               | 2026-09-18: 기타시장안내              (실질심사 대상여부 결정을 위한 조사기간 연장 안내 ) | 2026-09-11: 의결권대리행사권유참고서류 | 2026-09-11: 주주총회소집공고 | 2026-09-10: [기재정정]주주총회소집결의              (임시주주총회),5
카카오,035720,0,OK,,,,2026-10-01: 기업설명회(IR)개최(안내공시)               | 2026-09-22: 조회공시요구(풍문또는보도)에대한답변(미확정)               | 2026-09-18: 임원ㆍ주요주주특정증권등소유상황보고서 | 2026-09-18: 임원ㆍ주요주주특정증권등소유상황보고서 | 2026-09-18: 조회공시요구(풍문또는보도)에대한답변(미확정)              ,6
삼성증권,016360,0,OK,,,,2026-10-02: 주식등의대량보유상황보고서(약식) | 2026-10-02: 투자설명서(일괄신고) | 2026-10-02: 투자설명서(일괄신고) | 2026-10-02: 투자설명서(일괄신고) | 2026-10-02: 투자설명서(일괄신고),46
LG이노텍,011070,0,OK,,,,2026-10-02: 결산실적공시예고(안내공시)               | 2026-10-02: 주식등의대량보유상황보고서(약식) | 2026-09-18: 기업설명회(IR)개최(안내공시)              ,3
미래에셋증권,006800,0,OK,,,,2026-10-02: 주식등의대량보유상황보고서(약식) | 2026-10-02: 증권발행실적보고서 | 2026-10-02: 증권발행실적보고서 | 2026-10-02: 증권발행실적보고서 | 2026-10-01: 투자설명서(일괄신고),99
아모레퍼시픽,090430,0,OK,,,,2026-10-02: 주식등의대량보유상황보고서(약식) | 2026-09-30: 최대주주등소유주식변동신고서               | 2026-09-30: 임원ㆍ주요주주특정증권등소유상황보고서 | 2026-09-30: 임원ㆍ주요주주특정증권등소유상황보고서 | 2026-09-30: 임원ㆍ주요주주특정증권등소유상황보고서,68
동화기업,025900,0,OK,,,,2026-10-01: 주식등의대량보유상황보고서(일반) | 2026-09-28: 타인에대한채무보증결정               | 2026-09-23: [기재정정]타인에대한채무보증결정              ,3
다날,064260,0,OK,,,,2026-09-29: 자기전환사채매도결정              (제8회차) | 2026-09-18: 전환사채(해외전환사채포함)발행후만기전사채취득               | 2026-09-18: 소송등의판결ㆍ결정(일정금액이상의청구)              ,3
우양피앤엘,002420,0,OK,,,,2026-10-01: 자산재평가결과(자율공시)               | 2026-10-01: [기재정정]자산재평가실시결정(자율공시)               | 2026-09-29: 임원ㆍ주요주주특정증권등소유상황보고서 | 2026-09-29: 최대주주등소유주식변동신고서               | 2026-09-18: 자산재평가실시결정(자율공시)              ,7
엑시온그룹,069920,0,OK,,,,2026-10-01: [기재정정]반기보고서 (2026.06) | 2026-09-30: [기재정정]주요사항보고서(유형자산양수결정) | 2026-09-29: [기재정정]타인에대한채무보증결정               | 2026-09-16: 주주명부폐쇄기간또는기준일설정               | 2026-09-16: 주주총회소집결의              (임시주주총회),12
덕신이피씨,090410,0,OK,,,,2026-09-29: [기재정정]반기보고서 (2026.06) | 2026-09-08: 임원ㆍ주요주주특정증권등소유상황보고서 | 2026-09-08: 주식등의대량보유상황보고서(일반),3
이월드,084680,0,OK,,,,2026-10-02: 임원ㆍ주요주주특정증권등소유상황보고서 | 2026-10-02: 임원ㆍ주요주주특정증권등소유상황보고서 | 2026-09-09: 최대주주등소유주식변동신고서               | 2026-09-09: [기재정정]임원ㆍ주요주주특정증권등소유상황보고서,4
알에프세미,096610,0,OK,,,,2026-09-14: 주식등의대량보유상황보고서(약식) | 2026-09-11: 주식등의대량보유상황보고서(약식) | 2026-09-11: 주식등의대량보유상황보고서(약식),3
오브젠,417860,0,OK,,,,2026-09-28: [기재정정]사업보고서 (2025.12) | 2026-09-28: [기재정정]감사보고서제출               | 2026-09-11: 주식등의대량보유상황보고서(일반) | 2026-09-11: 임원ㆍ주요주주특정증권등소유상황보고서 | 2026-09-11: 임원ㆍ주요주주특정증권등소유상황보고서,5
마니커,027740,0,OK,,,,2026-09-23: [기재정정]기업지배구조보고서공시               | 2026-09-15: 최대주주등소유주식변동신고서               | 2026-09-15: 임원ㆍ주요주주특정증권등거래계획철회보고서 | 2026-09-15: 임원ㆍ주요주주특정증권등소유상황보고서 | 2026-09-15: 주식등의대량보유상황보고서(일반),8
호텔신라,008770,0,OK,,,,2026-10-02: 주식등의대량보유상황보고서(약식) | 2026-10-02: 최대주주등소유주식변동신고서               | 2026-09-11: 기업설명회(IR)개최(안내공시)               | 2026-09-08: 주식등의대량보유상황보고서(약식),4
하나기술,299030,0,OK,,,,2026-09-29: 주식등의대량보유상황보고서(일반) | 2026-09-23: 전환가액의조정              (제4회차) | 2026-09-11: 임원ㆍ주요주주특정증권등소유상황보고서,3
조광피혁,004700,0,OK,,,,2026-09-14: 임원ㆍ주요주주특정증권등거래계획보고서 | 2026-09-14: 임원ㆍ주요주주특정증권등소유상황보고서 | 2026-09-14: [기재정정]주식등의대량보유상황보고서(약식) | 2026-09-14: [기재정정]주식등의대량보유상황보고서(약식),4
팅크웨어,084730,0,OK,,,,2026-09-28: 주식등의대량보유상황보고서(일반) | 2026-09-28: 임원ㆍ주요주주특정증권등소유상황보고서 | 2026-09-14: 주식등의대량보유상황보고서(일반) | 2026-09-14: 임원ㆍ주요주주특정증권등소유상황보고서,4
화승코퍼레이션,013520,0,OK,,,,2026-09-29: 최대주주등소유주식변동신고서               | 2026-09-22: 최대주주등소유주식변동신고서               | 2026-09-15: 최대주주등소유주식변동신고서              ,3
이지스밸류플러스리츠,334890,0,OK,,,,2026-10-02: 주식등의대량보유상황보고서(약식) | 2026-10-01: 임원ㆍ주요주주특정증권등소유상황보고서 | 2026-09-23: 임원ㆍ주요주주특정증권등소유상황보고서 | 2026-09-16: 임원ㆍ주요주주특정증권등소유상황보고서 | 2026-09-09: 임원ㆍ주요주주특정증권등소유상황보고서,5
원텍,336570,0,OK,,,,2026-09-16: 타법인주식및출자증권취득결정               | 2026-09-15: 타법인주식및출자증권취득결정               | 2026-09-09: 임원ㆍ주요주주특정증권등소유상황보고서,3
에코프로,086520,0,OK,,,,2026-10-01: 수시공시의무관련사항(공정공시)               | 2026-09-28: 주요사항보고서(자본으로인정되는채무증권발행결정) | 2026-09-28: 주식등의대량보유상황보고서(일반) | 2026-09-23: [기재정정]타법인주식및출자증권취득결정               | 2026-09-17: [기재정정]반기보고서 (2026.06),6
에스에스알,275630,0,OK,,,,2026-10-01: 합병등종료보고서(영업양수도) | 2026-09-30: 임시주주총회결과               | 2026-09-23: 신탁계약해지결과보고서 | 2026-09-23: 주요사항보고서(자기주식취득신탁계약해지결정) | 2026-09-15: 주주총회소집공고,6
SK증권,001510,0,OK,,,,2026-10-02: 증권발행실적보고서 | 2026-10-01: 투자설명서(일괄신고) | 2026-10-01: 투자설명서(일괄신고) | 2026-10-01: 일괄신고추가서류(파생결합사채-주가연계파생결합사채) | 2026-10-01: 일괄신고추가서류(파생결합사채-주가연계파생결합사채),25
브릴스,468670,0,OK,,,,2026-09-22: 증권발행실적보고서 | 2026-09-16: [기재정정]투자설명서 | 2026-09-16: [발행조건확정]증권신고서(지분증권) | 2026-09-16: 투자설명서,4
네오사피엔스,0161M0,0,OK,,,,2026-09-30: 주식등의대량보유상황보고서(일반) | 2026-09-30: 주식등의대량보유상황보고서(약식) | 2026-09-30: 임원ㆍ주요주주특정증권등소유상황보고서 | 2026-09-30: 임원ㆍ주요주주특정증권등소유상황보고서 | 2026-09-30: 임원ㆍ주요주주특정증권등소유상황보고서,12
미원상사,002840,0,OK,,,,2026-09-28: 임원ㆍ주요주주특정증권등소유상황보고서 | 2026-09-16: 주식등의대량보유상황보고서(일반) | 2026-09-16: 최대주주등소유주식변동신고서               | 2026-09-10: 임원ㆍ주요주주특정증권등소유상황보고서,4
와이바이오로직스,338840,0,OK,,,,2026-10-01: 주식등의대량보유상황보고서(일반) | 2026-10-01: 주식매수선택권부여에관한신고 | 2026-09-22: 임시주주총회결과              ,3
저스템,417840,0,OK,,,,2026-09-11: 임원ㆍ주요주주특정증권등소유상황보고서 | 2026-09-11: 임원ㆍ주요주주특정증권등소유상황보고서 | 2026-09-11: 임원ㆍ주요주주특정증권등소유상황보고서 | 2026-09-11: 임원ㆍ주요주주특정증권등소유상황보고서 | 2026-09-11: 주식등의대량보유상황보고서(일반),6
디앤디플랫폼리츠,377190,0,OK,,,,2026-10-01: 임원ㆍ주요주주특정증권등소유상황보고서 | 2026-09-30: 해산사유발생(종속회사의주요경영사항)               | 2026-09-28: [기재정정]부동산투자회사자금차입               | 2026-09-23: 임원ㆍ주요주주특정증권등소유상황보고서 | 2026-09-18: 주주총회소집결의              ,10
효성오앤비,097870,0,OK,,,,2026-09-30: 기업가치제고계획(자율공시)              (2026년 효성오앤비(주) 기업가치 제고 계획) | 2026-09-29: 정기주주총회결과               | 2026-09-18: 사업보고서 (2026.06) | 2026-09-15: 감사보고서제출               | 2026-09-11: 의결권대리행사권유참고서류,6
금비,008870,0,OK,,,,2026-09-22: 임원ㆍ주요주주특정증권등소유상황보고서 | 2026-09-22: 최대주주등소유주식변동신고서               | 2026-09-15: 주주명부폐쇄기간또는기준일설정               | 2026-09-14: 임원ㆍ주요주주특정증권등소유상황보고서 | 2026-09-14: 최대주주등소유주식변동신고서              ,5
코퍼스코리아,322780,0,OK,,,,2026-09-18: 타법인주식및출자증권취득결정               | 2026-09-17: [기재정정]전환청구권행사              (제4회차) | 2026-09-10: 전환청구권행사              (제4회차),3
인제니아테라퓨틱스,950260,0,OK,,,,2026-09-30: 독립이사의선임ㆍ해임또는중도퇴임에관한신고 | 2026-09-29: 주식등의대량보유상황보고서(일반) | 2026-09-28: 투자판단관련주요경영사항(임상시험계획승인신청)              (IGT303 미국 1/2a상 임상시험 신청) | 2026-09-28: 투자판단관련주요경영사항              (IGT427(MK8748) 마일스톤 수령 예정),4
씨씨에스,066790,0,OK,,,,2026-10-02: 투자판단관련주요경영사항              (소액주주에 의한 [일시 이사의 직무를 행할자의 선임에 관한 재판요청서] 즉시항고 기각결정에 대한 재항고장 접수) | 2026-09-29: 소송등의제기ㆍ신청(경영권분쟁소송)              (직무집행정지 가처분) | 2026-09-23: 소송등의판결ㆍ결정              (직무집행정지 등 가처분 신청서) | 2026-09-22: [기재정정]의결권대리행사권유참고서류 | 2026-09-22: [기재정정]주주총회소집공고,15
세화피앤씨,252500,0,OK,,,,2026-09-07: 독립이사의선임ㆍ해임또는중도퇴임에관한신고 | 2026-09-07: 임시주주총회결과               | 2026-09-07: 주식등의대량보유상황보고서(일반) | 2026-09-07: 임원ㆍ주요주주특정증권등소유상황보고서 | 2026-09-07: 임원ㆍ주요주주특정증권등소유상황보고서,5
GRT,900290,0,OK,,,,2026-10-01: [기재정정]주주총회소집공고 | 2026-10-01: 매출액또는손익구조30%(대규모법인은15%)이상변동(자회사의 주요경영사항)               | 2026-10-01: 매출액또는손익구조30%(대규모법인은15%)이상변동               | 2026-10-01: 주주총회소집결의               | 2026-10-01: 주주총회소집공고,6
대창솔루션,096350,0,OK,,,,2026-09-11: 임원ㆍ주요주주특정증권등소유상황보고서 | 2026-09-08: 투자판단관련주요경영사항              (특허권 취득(보론을 함유하는 스테인리스강 제조 방법)) | 2026-09-08: 종속회사등상장에관한찬성여부               | 2026-09-08: 종속회사등상장에대한주주영향평가등               | 2026-09-07: 임시주주총회결과              ,5
웰킵스하이텍,043590,0,OK,,,,2026-09-30: 주식등의대량보유상황보고서(일반) | 2026-09-29: 임원ㆍ주요주주특정증권등소유상황보고서 | 2026-09-18: 임원ㆍ주요주주특정증권등소유상황보고서 | 2026-09-11: 임원ㆍ주요주주특정증권등소유상황보고서,4
삼양컴텍,484590,0,OK,,,,2026-09-28: 중간(분기)배당락               | 2026-09-15: 기업설명회(IR)개최               | 2026-09-14: 임원ㆍ주요주주특정증권등소유상황보고서 | 2026-09-14: 임원ㆍ주요주주특정증권등소유상황보고서 | 2026-09-14: 임원ㆍ주요주주특정증권등소유상황보고서,27
KG케미칼,001390,0,OK,,,,2026-10-01: 임원ㆍ주요주주특정증권등소유상황보고서 | 2026-09-10: 자기주식처분결과보고서 | 2026-09-10: 최대주주등소유주식변동신고서               | 2026-09-10: 임원ㆍ주요주주특정증권등소유상황보고서 | 2026-09-10: 임원ㆍ주요주주특정증권등소유상황보고서,18
두올,016740,0,OK,,,,2026-09-23: 임원ㆍ주요주주특정증권등소유상황보고서 | 2026-09-23: 최대주주등소유주식변동신고서               | 2026-09-08: 주요사항보고서(자기주식취득신탁계약체결결정),3
SHD,001770,0,OK,,,,2026-10-02: 기타시장안내               | 2026-09-15: 투자유의안내              (시가총액요건 미달로 인한 상장폐지 우려 예고) | 2026-09-08: 투자유의안내              (시가총액요건 미달로 인한 상장폐지 우려 예고),3
POSCO홀딩스,005490,0,OK,,,,2026-09-30: 풍문또는보도에대한해명(미확정)               | 2026-09-21: 임원ㆍ주요주주특정증권등소유상황보고서 | 2026-09-21: 해외증권거래소등에신고한주요공시사항의국내신고              ,3
아세아텍,050860,0,OK,,,,2026-10-01: 주주총회소집결의              (임시주주총회) | 2026-10-01: 주주명부폐쇄기간또는기준일설정               | 2026-09-28: 정기주주총회결과               | 2026-09-11: 사업보고서 (2026.06) | 2026-09-11: 감사보고서제출              ,7
해성옵틱스,076610,0,OK,,,,2026-09-21: [기재정정]전환가액의조정               | 2026-09-21: 전환가액의조정               | 2026-09-07: 주주총회소집결의              (임시주주총회) | 2026-09-07: 주주명부폐쇄기간또는기준일설정              ,4
이연제약,102460,0,OK,,,,2026-09-28: 최대주주등소유주식변동신고서               | 2026-09-28: 주식등의대량보유상황보고서(일반) | 2026-09-28: 주요사항보고서(자기전환사채만기전취득결정),3
비트플래닛,049470,0,OK,,,,2026-09-23: 전환가액의조정              (제16회차) | 2026-09-11: [기재정정]합병등종료보고서(자산양수도) | 2026-09-09: 합병등종료보고서(자산양수도),3
소노스퀘어,007720,0,OK,,,,2026-10-02: 주주명부폐쇄기간또는기준일설정               | 2026-10-02: 주주총회소집결의              (임시주주총회) | 2026-10-01: 대표이사변경               | 2026-09-30: 동일인등출자계열회사와의상품ㆍ용역거래,4
크레버스,096240,0,OK,,,,2026-10-01: 대표이사변경               | 2026-09-21: 임원ㆍ주요주주특정증권등소유상황보고서 | 2026-09-14: 주식등의대량보유상황보고서(일반),3
드림텍,192650,0,OK,,,,2026-09-29: 기업설명회(IR)개최(안내공시)               | 2026-09-22: [기재정정]타인에대한채무보증결정               | 2026-09-21: 타인에대한채무보증결정              ,3
TS트릴리온,317240,0,OK,,,,2026-09-09: 전환가액의조정              (제4회차) | 2026-09-09: [기재정정]임원ㆍ주요주주특정증권등소유상황보고서 | 2026-09-09: 임원ㆍ주요주주특정증권등소유상황보고서,3
우리은행,000030,0,OK,,,,2026-10-02: 투자설명서(일괄신고) | 2026-10-02: 일괄신고추가서류 | 2026-10-02: 투자설명서(일괄신고) | 2026-10-02: 일괄신고추가서류 | 2026-10-01: 증권발행실적보고서,29
한국가구,004590,0,OK,,,,2026-09-28: 중간(분기)배당락               | 2026-09-14: 주요사항보고서(자기주식취득신탁계약체결결정) | 2026-09-14: 중간(분기)배당을위한주주명부폐쇄(기준일)결정              ,3
빅웨이브로보틱스,0035S0,0,OK,,,,2026-09-30: 임원ㆍ주요주주특정증권등소유상황보고서 | 2026-09-30: 임원ㆍ주요주주특정증권등소유상황보고서 | 2026-09-30: 임원ㆍ주요주주특정증권등소유상황보고서 | 2026-09-30: 임원ㆍ주요주주특정증권등소유상황보고서 | 2026-09-29: 주식등의대량보유상황보고서(일반),9
미래에셋맵스리츠,357250,0,OK,,,,2026-10-02: 주식등의대량보유상황보고서(약식) | 2026-09-23: 임원ㆍ주요주주특정증권등소유상황보고서 | 2026-09-16: 임원ㆍ주요주주특정증권등소유상황보고서 | 2026-09-09: 임원ㆍ주요주주특정증권등소유상황보고서,4
제주은행,006220,0,OK,,,,2026-09-22: 증권발행실적보고서 | 2026-09-22: 투자설명서 | 2026-09-16: [발행조건확정]증권신고서(채무증권) | 2026-09-16: [기재정정]증권신고서(채무증권) | 2026-09-16: [기재정정]주요사항보고서(상각형조건부자본증권발행결정),8
에스피지,058610,0,OK,,,,2026-09-18: 중간(분기)배당락               | 2026-09-07: 현금ㆍ현물배당결정              (중간배당) | 2026-09-07: 중간(분기)배당을위한주주명부폐쇄(기준일)결정              ,3
태웅,044490,0,OK,,,,2026-09-09: [기재정정]주식등의대량보유상황보고서(일반) | 2026-09-09: 주식등의대량보유상황보고서(일반) | 2026-09-09: 임원ㆍ주요주주특정증권등소유상황보고서 | 2026-09-09: 임원ㆍ주요주주특정증권등소유상황보고서,4
케이비캐피탈,021960,0,OK,,,,2026-09-16: 증권발행실적보고서 | 2026-09-15: 투자설명서(일괄신고) | 2026-09-15: 일괄신고추가서류,3
동국홀딩스,001230,0,OK,,,,2026-09-07: [기재정정]주식등의대량보유상황보고서(일반) | 2026-09-07: 최대주주등소유주식변동신고서               | 2026-09-07: 주식등의대량보유상황보고서(일반),3
신세계I&C,035510,0,OK,,,,2026-09-18: [기재정정]기업가치제고계획(자율공시)               | 2026-09-18: 수시공시의무관련사항(공정공시)               | 2026-09-18: 동일인등출자계열회사와의상품ㆍ용역거래,3
대호특수강,021040,0,OK,,,,2026-09-22: 주식병합결정               | 2026-09-22: 주주명부폐쇄기간또는기준일설정               | 2026-09-22: 주주총회소집결의              (임시주주총회) | 2026-09-22: 단기차입금증가결정               | 2026-09-22: 주식등의대량보유상황보고서(일반),6
신한투자증권,008670,0,OK,,,,2026-10-02: 증권발행실적보고서 | 2026-10-02: 증권발행실적보고서 | 2026-10-02: 투자설명서(일괄신고) | 2026-10-02: 일괄신고추가서류(파생결합사채-주가연계파생결합사채) | 2026-10-01: 투자설명서(일괄신고),100
이노스페이스,462350,0,OK,,,,2026-10-01: 전환주식의전환청구권행사              (전환우선주) | 2026-09-29: 기업설명회(IR)개최               | 2026-09-28: 전환주식의전환가액조정              (전환우선주),3
하나은행,004940,0,OK,,,,2026-10-02: 투자설명서(일괄신고) | 2026-10-02: 일괄신고추가서류 | 2026-10-02: 증권발행실적보고서 | 2026-10-01: 투자설명서(일괄신고) | 2026-10-01: 일괄신고추가서류,24
iM금융지주,139130,0,OK,,,,2026-09-30: 기업설명회(IR)개최(안내공시)               | 2026-09-11: 증권발행실적보고서 | 2026-09-11: 투자설명서 | 2026-09-09: 기업설명회(IR)개최(안내공시)               | 2026-09-07: [발행조건확정]증권신고서(채무증권),7
오스코텍,039200,0,OK,,,,2026-09-23: 소송등의제기ㆍ신청(경영권분쟁소송)               | 2026-09-18: [기재정정]주식등의대량보유상황보고서(일반) | 2026-09-17: 주식등의대량보유상황보고서(일반) | 2026-09-17: 주식등의대량보유상황보고서(약식),4
HLB제넥스,187420,0,OK,,,,2026-09-17: 주식등의대량보유상황보고서(일반) | 2026-09-17: 임원ㆍ주요주주특정증권등소유상황보고서 | 2026-09-14: 전환사채(해외전환사채포함)발행후만기전사채취득               | 2026-09-14: 전환가액의조정              ,4
카카오페이,377300,0,OK,,,,2026-09-29: 특수관계인에대한자금대여 | 2026-09-29: 특수관계인에대한출자 | 2026-09-18: 최대주주등소유주식변동신고서               | 2026-09-18: 임원ㆍ주요주주특정증권등소유상황보고서,4
씨앤투스,352700,0,OK,,,,2026-10-02: 주식등의대량보유상황보고서(일반) | 2026-09-22: 주식등의대량보유상황보고서(일반) | 2026-09-15: 주식등의대량보유상황보고서(일반) | 2026-09-08: 주식등의대량보유상황보고서(일반),4
보로노이,310210,0,OK,,,,2026-10-02: [기재정정]반기보고서 (2026.06) | 2026-09-18: [기재정정]투자판단관련주요경영사항(임상시험계획변경승인신청)              (VRN110755의 제 1/2상 임상시험) | 2026-09-17: 기업설명회(IR)개최               | 2026-09-14: [기재정정]투자판단관련주요경영사항(임상시험계획변경승인)              (VRN110755의 제 1/2상 임상시험) | 2026-09-10: [기재정정]주식매수선택권부여에관한신고,9
폰드그룹,472850,0,OK,,,,2026-10-02: 주식등의대량보유상황보고서(일반) | 2026-09-29: 동일인등출자계열회사와의상품ㆍ용역거래 | 2026-09-28: 중간(분기)배당락               | 2026-09-15: 현금ㆍ현물배당결정              (분기배당) | 2026-09-15: 중간(분기)배당을위한주주명부폐쇄(기준일)결정              ,6
트리니티항공,091810,0,OK,,,,2026-09-21: 동일인등출자계열회사와의상품ㆍ용역거래 | 2026-09-10: 기타안내사항(안내공시)               | 2026-09-09: 임원ㆍ주요주주특정증권등소유상황보고서 | 2026-09-09: 임원ㆍ주요주주특정증권등소유상황보고서 | 2026-09-09: 임원ㆍ주요주주특정증권등소유상황보고서,13
한국유니온제약,080720,0,OK,,,,2026-09-23: 의결권대리행사권유참고서류 | 2026-09-23: 주주총회소집공고 | 2026-09-16: [기재정정]주주총회소집결의              ,3
주연테크,044380,0,OK,,,,2026-10-02: 기타경영사항(자율공시)               | 2026-09-29: 기타경영사항(자율공시)              (상장폐지결정 효력정지 가처분 신청) | 2026-09-18: 최대주주등소유주식변동신고서               | 2026-09-18: 임원ㆍ주요주주특정증권등소유상황보고서 | 2026-09-18: 주식등의대량보유상황보고서(일반),10
아진전자부품,009320,0,OK,,,,2026-09-30: 최대주주등소유주식변동신고서               | 2026-09-30: 주식등의대량보유상황보고서(일반) | 2026-09-08: 최대주주등소유주식변동신고서               | 2026-09-08: 임원ㆍ주요주주특정증권등소유상황보고서,4
롯데렌탈,089860,0,OK,,,,2026-09-30: 기업설명회(IR)개최(안내공시)               | 2026-09-15: [기재정정]타인에대한채무보증결정               | 2026-09-07: 주주명부폐쇄기간또는기준일설정               | 2026-09-07: 주주총회소집결의              ,4
JB금융지주,175330,0,OK,,,,2026-09-29: 증권신고서(채무증권) | 2026-09-29: [기재정정]주요사항보고서(상각형조건부자본증권발행결정) | 2026-09-16: 증권발행실적보고서 | 2026-09-15: 투자설명서(일괄신고) | 2026-09-15: 일괄신고추가서류,6
미트박스,475460,0,OK,,,,2026-09-29: 임원ㆍ주요주주특정증권등소유상황보고서 | 2026-09-29: 임원ㆍ주요주주특정증권등소유상황보고서 | 2026-09-29: 임원ㆍ주요주주특정증권등소유상황보고서 | 2026-09-29: 임원ㆍ주요주주특정증권등소유상황보고서 | 2026-09-29: 임원ㆍ주요주주특정증권등소유상황보고서,12
KG모빌리티플랫폼,381970,0,OK,,,,2026-09-17: 임원ㆍ주요주주특정증권등소유상황보고서 | 2026-09-17: 임원ㆍ주요주주특정증권등소유상황보고서 | 2026-09-16: 주식등의대량보유상황보고서(일반) | 2026-09-15: 임원ㆍ주요주주특정증권등소유상황보고서 | 2026-09-15: 최대주주등소유주식변동신고서              ,9
뉴보텍,060260,0,OK,,,,2026-09-18: 주주총회소집공고 | 2026-09-17: [기재정정]신규시설투자등(자율공시)              (철회) | 2026-09-17: [기재정정]주주총회소집결의              (임시주주총회),3
부국증권,001270,0,OK,,,,2026-10-02: 임원ㆍ주요주주특정증권등소유상황보고서 | 2026-10-02: 주식등의대량보유상황보고서(일반) | 2026-09-30: 주식등의대량보유상황보고서(일반) | 2026-09-23: 임원ㆍ주요주주특정증권등소유상황보고서 | 2026-09-23: 주식등의대량보유상황보고서(일반),11
아이티엠반도체,084850,0,OK,,,,2026-09-22: 주주명부폐쇄기간또는기준일설정               | 2026-09-22: 주주총회소집결의              (임시주주총회) | 2026-09-17: 타인에대한채무보증결정              ,3
예선테크,250930,0,OK,,,,2026-09-30: 기타시장안내              (시가총액 미달에 따른 상장폐지 우려 관련 안내) | 2026-09-21: 기타시장안내              (시가총액 미달에 따른 상장폐지 우려 관련 안내) | 2026-09-14: 주식등의대량보유상황보고서(일반) | 2026-09-09: 임원ㆍ주요주주특정증권등소유상황보고서,4
사조산업,007160,0,OK,,,,2026-10-01: 최대주주등소유주식변동신고서               | 2026-10-01: 임원ㆍ주요주주특정증권등소유상황보고서 | 2026-09-28: 동일인등출자계열회사와의상품ㆍ용역거래,3
DKME,015590,0,OK,,,,2026-10-01: 주식등의대량보유상황보고서(약식) | 2026-09-29: 소송등의판결ㆍ결정               | 2026-09-23: 임원ㆍ주요주주특정증권등소유상황보고서 | 2026-09-16: 임원ㆍ주요주주특정증권등소유상황보고서,4
메드팩토,235980,0,OK,,,,"2026-10-02: 투자판단관련주요경영사항(임상시험계획승인신청등결정)              (MP2021 호주 임상1상 시험 계획 승인) | 2026-09-18: [기재정정]투자판단관련주요경영사항(임상시험계획변경승인)              (재발성, 불응성 또는 진행성 골육종 환자 대상 백토서팁 단독 요법 제1/2상 임상시험계획(IND) 한국 식약처(MFDS) 변경승인) | 2026-09-18: [기재정정]투자판단관련주요경영사항(임상시험계획변경승인신청)              (재발성, 불응성 또는 진행성 골육종 환자 대상 백토서팁 단독 요법 제1/2상 임상시험계획(IND) 한국 식약처(MFDS) 변경승인신청) | 2026-09-18: 투자판단관련주요경영사항(임상시험계획변경승인신청)              (재발성, 불응성 또는 진행성 골육종 환자 대상 백토서팁 단독 요법 제1/2상 임상시험계획(IND) 미국 식품의약국(FDA) 변경승인신청) | 2026-09-15: 투자판단관",5
알리코제약,260660,0,OK,,,,2026-09-11: [첨부추가]임시주주총회결과               | 2026-09-11: 독립이사의선임ㆍ해임또는중도퇴임에관한신고 | 2026-09-11: 대표이사변경              ,3
오에스피,368970,0,OK,,,,2026-09-29: 소속부변경               | 2026-09-21: 임원ㆍ주요주주특정증권등소유상황보고서 | 2026-09-21: 주식등의대량보유상황보고서(일반) | 2026-09-16: 임원ㆍ주요주주특정증권등소유상황보고서 | 2026-09-08: 기타시장안내              (시가총액 미달에 따른 상장폐지 우려 관련 안내),5
퀀텀레일,070300,0,OK,,,,2026-09-30: 대표이사변경               | 2026-09-30: 주주총회소집결의              (임시주주총회) | 2026-09-30: [기재정정]주요사항보고서(타법인주식및출자증권양도결정) | 2026-09-30: 주주명부폐쇄기간또는기준일설정               | 2026-09-30: [기재정정]반기보고서 (2026.06),7
티비에이치글로벌,084870,0,OK,,,,2026-09-15: 임원ㆍ주요주주특정증권등소유상황보고서 | 2026-09-15: 최대주주등소유주식변동신고서               | 2026-09-10: 기타경영사항(자율공시)               | 2026-09-07: 임원ㆍ주요주주특정증권등소유상황보고서 | 2026-09-07: 임원ㆍ주요주주특정증권등소유상황보고서,8
써니전자,004770,0,OK,,,,2026-10-01: 주식등의대량보유상황보고서(일반) | 2026-10-01: 주주총회소집결의               | 2026-10-01: 주식등의대량보유상황보고서(일반) | 2026-10-01: 주주명부폐쇄기간또는기준일설정               | 2026-10-01: 임원ㆍ주요주주특정증권등거래계획보고서,7
NAVER,035420,0,OK,,,,2026-10-02: 주식등의대량보유상황보고서(약식) | 2026-10-02: 임원ㆍ주요주주특정증권등소유상황보고서 | 2026-10-02: 임원ㆍ주요주주특정증권등소유상황보고서 | 2026-09-17: 임원ㆍ주요주주특정증권등소유상황보고서 | 2026-09-17: 임원ㆍ주요주주특정증권등소유상황보고서,8
범양건영,002410,0,OK,,,,2026-09-30: [기재정정]반기보고서 (2026.06) | 2026-09-30: 풍문또는보도에대한해명(미확정)               | 2026-09-22: 기타경영사항(자율공시)              (상장폐지결정 등 효력정지 가처분 신청) | 2026-09-21: 기타시장안내              (상장적격성 실질심사 절차 중단 안내) | 2026-09-21: 기타시장안내              (상장·공시위원회 결과),7
계양전기,012200,0,OK,,,,2026-09-18: 최대주주등소유주식변동신고서               | 2026-09-18: [기재정정]주요사항보고서(유형자산양도결정) | 2026-09-18: 주요사항보고서(유형자산양도결정) | 2026-09-18: 주식등의대량보유상황보고서(일반) | 2026-09-18: 임원ㆍ주요주주특정증권등소유상황보고서,12
현대바이오,048410,0,OK,,,,2026-10-02: [기재정정]반기보고서 (2026.06) | 2026-09-30: 주식등의대량보유상황보고서(일반) | 2026-09-16: 주식등의대량보유상황보고서(일반) | 2026-09-16: 임원ㆍ주요주주특정증권등소유상황보고서 | 2026-09-08: 주식등의대량보유상황보고서(일반),5
에스엠씨지,460870,0,OK,,,,2026-09-14: 임원ㆍ주요주주특정증권등소유상황보고서 | 2026-09-14: 주식등의대량보유상황보고서(일반) | 2026-09-09: 주식등의대량보유상황보고서(일반) | 2026-09-09: 임원ㆍ주요주주특정증권등소유상황보고서 | 2026-09-07: 임원ㆍ주요주주특정증권등소유상황보고서,5
삼양패키징,272550,0,OK,,,,2026-09-30: [기재정정]신규시설투자등               | 2026-09-29: 기업설명회(IR)개최(안내공시)               | 2026-09-29: 기업가치제고계획(자율공시)              ,3
NH올원리츠,400760,0,OK,,,,2026-10-01: 기업설명회(IR)개최(안내공시)               | 2026-10-01: 수시공시의무관련사항(공정공시)               | 2026-09-21: 정기주주총회결과               | 2026-09-14: 기타경영사항(자율공시)               | 2026-09-11: 사업보고서 (2026.06),8
키움증권,039490,0,OK,,,,2026-10-02: 주식등의대량보유상황보고서(약식) | 2026-10-02: 증권발행실적보고서 | 2026-10-02: 증권발행실적보고서 | 2026-10-02: 증권발행실적보고서 | 2026-10-02: 투자설명서(일괄신고),73
아이스크림에듀,289010,0,OK,,,,2026-10-02: [기재정정]주식등의대량보유상황보고서(일반) | 2026-10-02: 임원ㆍ주요주주특정증권등소유상황보고서 | 2026-10-02: 주식등의대량보유상황보고서(일반) | 2026-10-02: 공개매수결과보고서 | 2026-09-23: 기타시장안내              (시가총액 미달에 따른 상장폐지 우려 관련 안내),7
모티브링크,463480,0,OK,,,,2026-09-17: 타법인주식및출자증권취득결정               | 2026-09-17: 타법인주식및출자증권취득결정               | 2026-09-11: [기재정정]타법인주식및출자증권취득결정              ,3
KX하이텍,052900,0,OK,,,,2026-09-18: 임원ㆍ주요주주특정증권등소유상황보고서 | 2026-09-16: 주식등의대량보유상황보고서(일반) | 2026-09-08: 주식등의대량보유상황보고서(약식),3
신한카드,032710,0,OK,,,,2026-09-22: 증권발행실적보고서 | 2026-09-21: 투자설명서(일괄신고) | 2026-09-21: 일괄신고추가서류 | 2026-09-16: 증권발행실적보고서 | 2026-09-15: 투자설명서(일괄신고),13
HD현대일렉트릭,267260,0,OK,,,,2026-10-02: 임원ㆍ주요주주특정증권등소유상황보고서 | 2026-10-01: 최대주주등소유주식변동신고서               | 2026-09-30: 기업설명회(IR)개최(안내공시)               | 2026-09-08: 독립이사의선임ㆍ해임또는중도퇴임에관한신고 | 2026-09-08: 임시주주총회결과              ,5
SGC에너지,005090,0,OK,,,,2026-09-30: 동일인등출자계열회사와의상품ㆍ용역거래 | 2026-09-28: [기재정정]타법인주식및출자증권취득결정               | 2026-09-11: 타법인주식및출자증권취득결정               | 2026-09-09: 기업설명회(IR)개최(안내공시)              ,4
인카금융서비스,211050,0,OK,,,,2026-09-30: [기재정정]주식등의대량보유상황보고서(일반) | 2026-09-30: 주식등의대량보유상황보고서(일반) | 2026-09-23: 임원ㆍ주요주주특정증권등소유상황보고서 | 2026-09-23: 임원ㆍ주요주주특정증권등소유상황보고서 | 2026-09-21: 임원ㆍ주요주주특정증권등소유상황보고서,5
국민은행,060000,0,OK,,,,2026-09-30: 일괄신고서 | 2026-09-23: 발행사실보고서 | 2026-09-23: 증권발행실적보고서 | 2026-09-22: 투자설명서(일괄신고) | 2026-09-22: 일괄신고추가서류,32
삼성바이오로직스,207940,0,🚨 YES,[기재정정]주요사항보고서(유상증자결정),단일판매ㆍ공급계약체결(자율공시)              (+5) | [기재정정]단일판매ㆍ공급계약체결              (+5) | 단일판매ㆍ공급계약체결              (+5),[기재정정]주요사항보고서(유상증자결정)(-15),2026-10-02: 단일판매ㆍ공급계약체결(자율공시)               | 2026-10-01: [기재정정]투자설명서 | 2026-10-01: [발행조건확정]증권신고서(지분증권) | 2026-10-01: [기재정정]주요사항보고서(유상증자결정) | 2026-10-01: 유상증자신주발행가액(안내공시)              ,11
올릭스,226950,0,OK,,,,"2026-09-30: [기재정정]투자판단관련주요경영사항(임상시험계획승인신청)               | 2026-09-16: 투자판단관련주요경영사항(임상시험계획승인신청)               | 2026-09-08: [기재정정]투자판단관련주요경영사항(임상시험계획승인신청)              (안드로겐성 탈모가 있는 건강한 남성을 대상으로 OLX72021의 안전성과 유효성을 평가하기 위한 다기관, 무작위 배정, 이중 눈가림, 위약 대조, 다중 상승 용량 제1b/2a상 임상시험 계획 승인신청)",3
지엔코,065060,0,OK,,,,2026-09-30: [기재정정]반기보고서 (2026.06) | 2026-09-29: 특수관계인에대한자금대여 | 2026-09-28: 주식등의대량보유상황보고서(일반) | 2026-09-08: 특수관계인으로부터자금차입 | 2026-09-08: 주식등의대량보유상황보고서(일반),5
도우인시스,484120,0,OK,,,,2026-10-02: 임원ㆍ주요주주특정증권등소유상황보고서 | 2026-10-02: 임원ㆍ주요주주특정증권등소유상황보고서 | 2026-09-18: 주식등의대량보유상황보고서(일반),3
SYTS,002170,0,OK,,,,2026-09-30: 주식등의대량보유상황보고서(일반) | 2026-09-30: 최대주주등소유주식변동신고서               | 2026-09-15: 신탁계약해지결과보고서 | 2026-09-14: 주요사항보고서(자기주식취득신탁계약해지결정) | 2026-09-14: 신탁계약에의한취득상황보고서,5
케어랩스,263700,0,OK,,,,2026-10-02: 주식등의대량보유상황보고서(일반) | 2026-10-02: 임원ㆍ주요주주특정증권등소유상황보고서 | 2026-09-28: 임원ㆍ주요주주특정증권등소유상황보고서 | 2026-09-16: 임원ㆍ주요주주특정증권등소유상황보고서,4
컴투스엔,291230,0,OK,,,,2026-09-30: 주식등의대량보유상황보고서(일반) | 2026-09-30: 임원ㆍ주요주주특정증권등거래계획보고서 | 2026-09-10: 임원ㆍ주요주주특정증권등소유상황보고서,3
경동인베스트,012320,0,OK,,,,2026-09-17: 풍문또는보도에대한해명(미확정)               | 2026-09-14: 주주총회소집결의               | 2026-09-14: 주주명부폐쇄기간또는기준일설정              ,3
SK가스,018670,0,OK,,,,2026-10-02: 주식등의대량보유상황보고서(약식) | 2026-10-01: 사채권자집회소집               | 2026-09-22: 특수관계인과의내부거래 | 2026-09-18: [기재정정]신규시설투자등               | 2026-09-18: 동일인등출자계열회사와의상품ㆍ용역거래변경,6
와이솔,122990,0,OK,,,,2026-10-02: 임원ㆍ주요주주특정증권등소유상황보고서 | 2026-10-02: 주식등의대량보유상황보고서(일반) | 2026-09-18: 임원ㆍ주요주주특정증권등소유상황보고서 | 2026-09-18: 주식등의대량보유상황보고서(일반),4
유엑스엔,337840,0,OK,,,,2026-10-02: 특허권취득(자율공시)              (대향형 전극 구조를 가지는 전기 화학적 센서가 구비되는 연속식 분석물 측정기) | 2026-09-23: 특허권취득(자율공시)              (삽입이 용이한 전기 화학적 센서를 구비한 연속식 분석물 측정기) | 2026-09-14: 불성실공시법인지정              (공시번복),3
코메론,049430,0,OK,,,,2026-09-29: 주주명부폐쇄기간또는기준일설정               | 2026-09-29: 주주총회소집결의              (임시주주총회) | 2026-09-08: [기재정정]분기보고서 (2025.09) | 2026-09-08: [기재정정]반기보고서 (2025.06),4
한화,000880,0,OK,,,,2026-09-30: 임원ㆍ주요주주특정증권등소유상황보고서 | 2026-09-22: [기재정정]약관에의한금융거래시계열금융회사의거래상대방의공시 | 2026-09-10: 기업설명회(IR)개최(안내공시)               | 2026-09-09: [기재정정]중대재해발생(종속회사의주요경영사항)              ,4
키다리스튜디오,020120,0,OK,,,,2026-09-29: 신탁계약에의한취득상황보고서 | 2026-09-10: 주식등의대량보유상황보고서(일반) | 2026-09-08: 최대주주등소유주식변동신고서              ,3
한국철강,104700,0,OK,,,,2026-09-09: 신탁계약해지결과보고서 | 2026-09-09: 주요사항보고서(자기주식취득신탁계약해지결정) | 2026-09-09: 신탁계약에의한취득상황보고서,3
더네이쳐홀딩스,298540,0,OK,,,,2026-10-02: 주식등의대량보유상황보고서(일반) | 2026-10-02: 임원ㆍ주요주주특정증권등소유상황보고서 | 2026-10-02: 임원ㆍ주요주주특정증권등소유상황보고서 | 2026-10-02: 임원ㆍ주요주주특정증권등소유상황보고서 | 2026-10-02: 임원ㆍ주요주주특정증권등소유상황보고서,7
한미사이언스,008930,0,OK,,,,2026-10-02: 기업설명회(IR)개최(안내공시)               | 2026-09-30: 지주회사의자회사탈퇴               | 2026-09-29: 투자판단관련주요경영사항(자회사의 주요경영사항)               | 2026-09-29: 주식등의대량보유상황보고서(일반) | 2026-09-23: 주식등의대량보유상황보고서(일반),7
코어라인소프트,384470,0,OK,,,,2026-09-23: 주식등의대량보유상황보고서(일반) | 2026-09-23: 임원ㆍ주요주주특정증권등소유상황보고서 | 2026-09-23: [기재정정]주식매수선택권부여에관한신고 | 2026-09-23: [기재정정]주식매수선택권부여에관한신고,4
탑선,180060,0,OK,,,,2026-09-28: 타법인주식및출자증권취득결정               | 2026-09-28: 타법인주식및출자증권취득결정               | 2026-09-16: 기업설명회(IR)개최              ,3
인성정보,033230,0,OK,,,,2026-10-02: [기재정정]타인에대한채무보증결정               | 2026-09-23: 임원ㆍ주요주주특정증권등거래계획보고서 | 2026-09-08: [기재정정]타인에대한채무보증결정              ,3
포시에스,189690,0,OK,,,,2026-09-23: [기재정정]독립이사의선임ㆍ해임또는중도퇴임에관한신고 | 2026-09-22: 독립이사의선임ㆍ해임또는중도퇴임에관한신고 | 2026-09-22: 기업가치제고계획(자율공시)              (고배당기업 표시를 위한 재공시) | 2026-09-22: 정기주주총회결과               | 2026-09-14: 사업보고서 (2026.06),6
유티아이,179900,0,OK,,,,2026-09-22: 전환가액의조정              (제1회차) | 2026-09-08: 대표이사변경               | 2026-09-08: 금전대여결정               | 2026-09-07: [기재정정]주주총회소집결의              (임시주주총회) | 2026-09-07: 전환가액의조정              (제3회차),5
엠엑스로보틱스,007820,0,OK,,,,2026-09-30: 대표이사변경               | 2026-09-28: 임시주주총회결과               | 2026-09-10: [기재정정]주주총회소집결의              (임시주주총회) | 2026-09-10: 주주총회소집공고,4
유니크,011320,0,OK,,,,2026-10-02: 임원ㆍ주요주주특정증권등소유상황보고서 | 2026-10-02: 임원ㆍ주요주주특정증권등소유상황보고서 | 2026-10-02: 임원ㆍ주요주주특정증권등소유상황보고서 | 2026-09-30: 대표이사변경               | 2026-09-23: 임원ㆍ주요주주특정증권등소유상황보고서,8
시그네틱스,033170,0,OK,,,,2026-09-09: 임원ㆍ주요주주특정증권등소유상황보고서 | 2026-09-09: 임원ㆍ주요주주특정증권등소유상황보고서 | 2026-09-07: 임원ㆍ주요주주특정증권등소유상황보고서,3
베뉴지,019010,0,OK,,,,2026-10-01: 임원ㆍ주요주주특정증권등소유상황보고서 | 2026-09-28: [기재정정]반기보고서 (2026.06) | 2026-09-23: 주식등의대량보유상황보고서(일반) | 2026-09-22: 임원ㆍ주요주주특정증권등소유상황보고서 | 2026-09-15: 임원ㆍ주요주주특정증권등소유상황보고서,5
콘텐트리중앙,036420,0,OK,,,,2026-09-30: 풍문또는보도에대한해명(미확정)               | 2026-09-18: [기재정정]기타경영사항(자율공시)(종속회사의주요경영사항)               | 2026-09-17: [기재정정]기타경영사항(자율공시)(종속회사의주요경영사항)               | 2026-09-14: 기타경영사항(자율공시)(종속회사의주요경영사항)              ,4
에코볼트,097780,0,OK,,,,2026-09-23: 임시주주총회결과               | 2026-09-08: 의결권대리행사권유참고서류 | 2026-09-08: 주주총회소집공고,3
피플바이오,304840,0,OK,,,,2026-09-28: 타인에대한담보제공결정               | 2026-09-22: [기재정정]주식병합결정               | 2026-09-11: [기재정정]타인에대한담보제공결정               | 2026-09-11: 타인에대한담보제공결정              ,4
BGF리테일,282330,0,OK,,,,2026-10-02: 주식등의대량보유상황보고서(약식) | 2026-09-10: 최대주주등소유주식변동신고서               | 2026-09-10: 주식등의대량보유상황보고서(일반),3
에코캡,128540,0,OK,,,,2026-10-01: 주식등의대량보유상황보고서(일반) | 2026-10-01: [기재정정]반기보고서 (2026.06) | 2026-09-15: 주식등의대량보유상황보고서(일반),3
국일신동,060480,0,OK,,,,2026-09-30: 주식등의대량보유상황보고서(일반) | 2026-09-23: 주식등의대량보유상황보고서(일반) | 2026-09-21: [기재정정]임원ㆍ주요주주특정증권등소유상황보고서 | 2026-09-21: [기재정정]임원ㆍ주요주주특정증권등소유상황보고서 | 2026-09-18: 임원ㆍ주요주주특정증권등소유상황보고서,8
THE E&M,089230,0,OK,,,,2026-09-30: [기재정정]주요사항보고서(자기전환사채매도결정) | 2026-09-23: 의결권대리행사권유참고서류 | 2026-09-23: 주주총회소집공고 | 2026-09-23: [기재정정]주주총회소집결의              (임시주주총회),4
에스디생명공학,217480,0,OK,,,,2026-09-30: 주주총회소집공고 | 2026-09-23: [기재정정]주식병합결정               | 2026-09-23: [기재정정]주주총회소집결의              (임시주주총회),3
에스제이그룹,306040,0,OK,,,,2026-10-01: 주요사항보고서(자기주식취득신탁계약체결결정) | 2026-09-08: 임원ㆍ주요주주특정증권등소유상황보고서 | 2026-09-08: 주식등의대량보유상황보고서(일반),3
ESR켄달스퀘어리츠,365550,0,OK,,,,2026-10-01: 임원ㆍ주요주주특정증권등소유상황보고서 | 2026-10-01: [기재정정]부동산투자회사자금차입               | 2026-09-23: 임원ㆍ주요주주특정증권등소유상황보고서 | 2026-09-18: [기재정정]부동산투자회사자금차입               | 2026-09-18: [기재정정]부동산투자회사자금차입              ,8
모보,051810,0,OK,,,,2026-09-30: 동일인등출자계열회사와의상품ㆍ용역거래변경 | 2026-09-30: 동일인등출자계열회사와의상품ㆍ용역거래변경 | 2026-09-30: 동일인등출자계열회사와의상품ㆍ용역거래 | 2026-09-30: 동일인등출자계열회사와의상품ㆍ용역거래 | 2026-09-30: 동일인등출자계열회사와의상품ㆍ용역거래,5
코스맥스비티아이,044820,0,OK,,,,2026-10-01: 지주회사의자회사편입               | 2026-09-16: 주식등의대량보유상황보고서(일반) | 2026-09-10: 주식등의대량보유상황보고서(약식) | 2026-09-10: 대표이사(대표집행임원)변경(안내공시)              ,4
비트맥스,377030,0,OK,,,,2026-09-14: 주주명부폐쇄기간또는기준일설정               | 2026-09-14: 주주총회소집결의              (임시주주총회) | 2026-09-10: 주식등의대량보유상황보고서(약식) | 2026-09-10: 본점소재지변경              ,4
DXVX,180400,0,OK,,,,2026-10-01: 임원ㆍ주요주주특정증권등소유상황보고서 | 2026-09-28: 주식등의대량보유상황보고서(일반) | 2026-09-18: 의결권대리행사권유참고서류 | 2026-09-18: 주주총회소집공고 | 2026-09-17: 타인에대한채무보증결정              ,6
신테카바이오,226330,0,OK,,단일판매ㆍ공급계약체결              (+5),[기재정정]최대주주변경을수반하는주식담보제공계약체결              (-5),2026-09-30: [기재정정]의결권대리행사권유참고서류 | 2026-09-30: [기재정정]주주총회소집공고 | 2026-09-30: [기재정정]주주총회소집결의              (임시주주충회) | 2026-09-30: [기재정정]최대주주변경을수반하는주식담보제공계약체결               | 2026-09-14: 주요사항보고서(자기전환사채만기전취득결정),10
부산주공,005030,0,OK,,,,2026-10-02: 기타경영사항(자율공시)               | 2026-09-30: [기재정정]주요사항보고서(유형자산양도결정) | 2026-09-21: 기타시장안내              (상장폐지결정 효력정지 가처분 신청 기각결정에 따른 정리매매절차 재개),3
제노코,361390,0,OK,,,,2026-09-28: 임시주주총회결과               | 2026-09-09: 의결권대리행사권유참고서류 | 2026-09-09: 주주총회소집공고,3
SK리츠,395400,0,OK,,,,2026-10-02: 주식등의대량보유상황보고서(약식) | 2026-10-01: 임원ㆍ주요주주특정증권등소유상황보고서 | 2026-10-01: 부동산투자회사자금차입               | 2026-09-23: 임원ㆍ주요주주특정증권등소유상황보고서 | 2026-09-22: 증권발행실적보고서,19
LG유플러스,032640,0,OK,,,,2026-10-02: 주식등의대량보유상황보고서(약식) | 2026-09-21: [첨부정정]지속가능경영보고서등관련사항(자율공시)               | 2026-09-07: 기업설명회(IR)개최(안내공시)              ,3
와이즈플래닛컴퍼니,0010S0,0,OK,,,,2026-10-02: 임원ㆍ주요주주특정증권등소유상황보고서 | 2026-10-02: 임원ㆍ주요주주특정증권등소유상황보고서 | 2026-10-02: 임원ㆍ주요주주특정증권등소유상황보고서 | 2026-10-02: 임원ㆍ주요주주특정증권등소유상황보고서 | 2026-10-02: 임원ㆍ주요주주특정증권등소유상황보고서,14
동원산업,006040,0,OK,,,,2026-09-30: 풍문또는보도에대한해명(미확정)               | 2026-09-21: 타인에대한채무보증결정               | 2026-09-07: [기재정정]현금ㆍ현물배당결정              ,3
풍산,103140,0,OK,,,,2026-10-02: 주식등의대량보유상황보고서(약식) | 2026-09-10: 임원ㆍ주요주주특정증권등소유상황보고서 | 2026-09-10: 최대주주등소유주식변동신고서              ,3
유니켐,011330,0,OK,,,,2026-09-30: [기재정정]타법인주식및출자증권취득결정               | 2026-09-29: [기재정정]기업지배구조보고서공시               | 2026-09-28: [기재정정]의결권대리행사권유참고서류 | 2026-09-28: [기재정정]주주총회소집공고 | 2026-09-28: [기재정정]주주총회소집결의              ,8
세나테크놀로지,061090,0,OK,,,,2026-09-30: 결산실적공시예고               | 2026-09-29: 임원ㆍ주요주주특정증권등소유상황보고서 | 2026-09-29: 주식등의대량보유상황보고서(일반) | 2026-09-07: 기업설명회(IR)개최              ,4
삼성에피스홀딩스,0126Z0,0,OK,,,,2026-10-01: 투자판단관련주요경영사항(자회사의 주요경영사항)              (중증 호산구 천식 치료제 SB41(Fasenra 바이오시밀러) 및 유전성 재발열 증후군 치료제 SB44(Ilaris 바이오시밀러) 파트너십 계약 체결) | 2026-09-28: [기재정정]기업지배구조보고서공시               | 2026-09-07: 최대주주등소유주식변동신고서              ,3
애드바이오텍,179530,0,OK,,,,2026-09-23: 주식등의대량보유상황보고서(약식) | 2026-09-22: 주식등의대량보유상황보고서(약식) | 2026-09-08: 전환청구권행사              ,3
삼영에스앤씨,361670,0,OK,,,,2026-09-22: 임원ㆍ주요주주특정증권등소유상황보고서 | 2026-09-15: 임원ㆍ주요주주특정증권등소유상황보고서 | 2026-09-11: 임원ㆍ주요주주특정증권등소유상황보고서 | 2026-09-10: 임원ㆍ주요주주특정증권등소유상황보고서,4
케어젠,214370,0,OK,,,,2026-10-01: 임원ㆍ주요주주특정증권등소유상황보고서 | 2026-09-29: 주식등의대량보유상황보고서(일반) | 2026-09-28: 주식등의대량보유상황보고서(일반) | 2026-09-23: 주식등의대량보유상황보고서(일반),4
한화머시너리앤서비스홀딩스,0220W0,0,OK,,,,2026-10-02: 주식등의대량보유상황보고서(약식) | 2026-09-23: 독립이사의선임ㆍ해임또는중도퇴임에관한신고 | 2026-09-23: 임시주주총회결과               | 2026-09-23: 특수관계인에대한자금대여 | 2026-09-08: 의결권대리행사권유참고서류,6
아이엠뱅크,005270,0,OK,,,,2026-10-02: 투자설명서(일괄신고) | 2026-10-02: 일괄신고추가서류 | 2026-09-16: 증권발행실적보고서 | 2026-09-15: 투자설명서(일괄신고) | 2026-09-15: 일괄신고추가서류,5
에스엔시스,0008Z0,0,OK,,,,2026-09-17: 기업설명회(IR)개최               | 2026-09-08: 주주총회소집결의              (임시주주총회) | 2026-09-08: 주주명부폐쇄기간또는기준일설정              ,3
RFHIC,218410,0,OK,,,,2026-09-29: 주식등의대량보유상황보고서(약식) | 2026-09-28: 주식등의대량보유상황보고서(일반) | 2026-09-08: 주식등의대량보유상황보고서(약식),3
한화비전,489790,0,OK,,,,2026-10-02: 주식등의대량보유상황보고서(약식) | 2026-09-23: [기재정정]기업지배구조보고서공시               | 2026-09-09: 기업설명회(IR)개최(안내공시)              ,3
기아,000270,3,OK,,영업(잠정)실적(공정공시)              (+3),,2026-10-01: 영업(잠정)실적(공정공시)               | 2026-09-30: 기업설명회(IR)개최(안내공시)               | 2026-09-16: [기재정정]반기보고서 (2026.06) | 2026-09-14: 기업설명회(IR)개최(안내공시)               | 2026-09-11: 특수관계인으로부터기타유가증권매수,6
롯데관광개발,032350,3,OK,,연결재무제표기준영업(잠정)실적(공정공시)              (+3),,2026-10-02: 주식등의대량보유상황보고서(약식) | 2026-10-01: 연결재무제표기준영업(잠정)실적(공정공시)               | 2026-09-23: [기재정정]기업지배구조보고서공시               | 2026-09-18: 주식등의대량보유상황보고서(일반) | 2026-09-17: 독립이사의선임ㆍ해임또는중도퇴임에관한신고,6
광주신세계,037710,3,OK,,영업(잠정)실적(공정공시)              (+3),,2026-09-09: 영업(잠정)실적(공정공시)              ,1
동방,004140,3,OK,,[기재정정]유형자산취득결정              (+3),,2026-09-23: [기재정정]유형자산취득결정               | 2026-09-18: 임원ㆍ주요주주특정증권등소유상황보고서,2
OCI홀딩스,010060,3,OK,,[기재정정]유형자산취득결정(종속회사의주요경영사항)              (+3),,2026-09-30: [기재정정]유형자산취득결정(종속회사의주요경영사항)               | 2026-09-29: 주요사항보고서(영업정지)(자회사의 주요경영사항)              ,2
신세계,004170,3,OK,,영업(잠정)실적(공정공시)              (+3),,2026-10-02: 주식등의대량보유상황보고서(약식) | 2026-09-21: 동일인등출자계열회사와의상품ㆍ용역거래 | 2026-09-18: 기업설명회(IR)개최(안내공시)               | 2026-09-09: 영업(잠정)실적(공정공시)              ,4
아스플로,159010,3,OK,,유형자산취득결정(종속회사의주요경영사항)              (+3),,2026-10-01: 임시주주총회결과               | 2026-09-10: 단기차입금증가결정               | 2026-09-10: 주주총회소집공고 | 2026-09-08: 유형자산취득결정(종속회사의주요경영사항)              ,4
에이플러스에셋,244920,3,OK,,유형자산취득결정(종속회사의주요경영사항)              (+3),,2026-09-29: 최대주주등소유주식변동신고서               | 2026-09-08: 유형자산처분결정(종속회사의주요경영사항)               | 2026-09-08: 유형자산취득결정(종속회사의주요경영사항)              ,3
한국가스공사,036460,3,OK,,영업(잠정)실적(공정공시)              (+3),,2026-10-02: 풍문또는보도에대한해명(미확정)               | 2026-09-30: [기재정정]타법인주식및출자증권취득결정               | 2026-09-29: 금전대여결정               | 2026-09-29: 타법인주식및출자증권취득결정               | 2026-09-18: [기재정정]투자판단관련주요경영사항              ,9
S&K폴리텍,091340,3,OK,,[기재정정]주요사항보고서(회사합병결정)(+3),,2026-10-02: 합병등종료보고서(합병) | 2026-10-01: [기재정정]주요사항보고서(회사합병결정) | 2026-09-28: 대표이사변경               | 2026-09-28: 상호변경안내               | 2026-09-28: 임시주주총회결과              ,6
해성산업,034810,3,OK,,유형자산취득결정(자회사의 주요경영사항)              (+3),,2026-09-18: 신규시설투자등(자회사의 주요경영사항)               | 2026-09-18: 유형자산취득결정(자회사의 주요경영사항)               | 2026-09-17: [기재정정]벌금등의부과(자회사의 주요경영사항)              ,3
미래에셋비전스팩7호,482680,3,OK,,[기재정정]주요사항보고서(회사합병결정)(+3),,2026-09-30: [기재정정]주요사항보고서(회사합병결정) | 2026-09-08: 기업인수목적회사의예치ㆍ신탁계약내용변경              ,2
우성,006980,3,OK,,[첨부정정]주요사항보고서(회사합병결정)(+3),,2026-09-28: 타인에대한채무보증결정               | 2026-09-28: 타인에대한채무보증결정               | 2026-09-14: 주식등의대량보유상황보고서(약식) | 2026-09-09: [첨부정정]주요사항보고서(회사합병결정),4
현대자동차,005380,3,OK,,영업(잠정)실적(공정공시)              (+3),,2026-10-01: 영업(잠정)실적(공정공시)               | 2026-09-21: 임원ㆍ주요주주특정증권등소유상황보고서 | 2026-09-18: 기업설명회(IR)개최(안내공시)               | 2026-09-14: 특수관계인으로부터기타유가증권매수,4
해성디에스,195870,3,OK,,유형자산취득결정              (+3),,2026-10-02: 주식등의대량보유상황보고서(약식) | 2026-09-18: 신규시설투자등               | 2026-09-18: 유형자산취득결정              ,3
대진첨단소재,393970,3,OK,,[기재정정]주요사항보고서(회사합병결정)(+3),,2026-10-01: 기타주요경영사항              (회사 합병결정 철회) | 2026-10-01: [기재정정]주요사항보고서(회사합병결정),2
솔브레인홀딩스,036830,3,OK,,주요사항보고서(회사합병결정)(+3),,2026-10-01: 해산사유발생(자회사의 주요경영사항)               | 2026-10-01: 주주명부폐쇄기간또는기준일설정               | 2026-10-01: 주요사항보고서(회사합병결정) | 2026-09-22: 주식등의대량보유상황보고서(일반) | 2026-09-16: 지주회사의자회사편입ㆍ탈퇴              ,7
신영와코루,005800,3,OK,,유형자산취득결정              (+3),,2026-10-01: 임원ㆍ주요주주특정증권등소유상황보고서 | 2026-10-01: 주식등의대량보유상황보고서(일반) | 2026-10-01: 최대주주등소유주식변동신고서               | 2026-09-14: 불성실공시법인지정예고               | 2026-09-14: 유형자산취득결정              ,5
원포유,122830,3,OK,,[첨부정정]주요사항보고서(회사합병결정)(+3),,2026-09-28: 전환가액의조정              (제2회차) | 2026-09-10: 기타주요경영사항(자율공시)              (소규모합병 승인 이사회 결의(주주총회 갈음) 결과 보고) | 2026-09-10: [첨부정정]주요사항보고서(회사합병결정),3
BGF에코머티리얼즈,126600,3,OK,,[첨부정정]주요사항보고서(회사합병결정)(+3),,2026-09-08: [첨부정정]주요사항보고서(회사합병결정),1
지역난방공사,071320,3,OK,,영업(잠정)실적(공정공시)              (+3),,2026-09-30: 임시주주총회결과               | 2026-09-28: 영업(잠정)실적(공정공시)               | 2026-09-11: 의결권대리행사권유참고서류 | 2026-09-11: 주주총회소집공고 | 2026-09-10: 주주총회소집결의              ,5
모다이노칩,080420,3,OK,,[기재정정]주요사항보고서(회사합병결정)(+3),,2026-09-30: 주주총회소집공고 | 2026-09-14: [기재정정]주요사항보고서(회사합병결정),2
오리온,271560,3,OK,,연결재무제표기준영업(잠정)실적(공정공시)              (+3),,2026-10-01: 주식등의대량보유상황보고서(일반) | 2026-09-10: 연결재무제표기준영업(잠정)실적(공정공시)              ,2
KG모빌리티,003620,3,OK,,영업(잠정)실적(공정공시)              (+3),,2026-10-01: 영업(잠정)실적(공정공시)               | 2026-09-11: 유상증자또는주식관련사채등의발행결과(자율공시)              ,2
실리콘투,257720,3,OK,,유형자산취득결정(자율공시)              (+3),,2026-10-01: 임시주주총회결과               | 2026-09-18: 주식등의대량보유상황보고서(일반) | 2026-09-16: 주주총회소집공고 | 2026-09-15: 증권발행결과(자율공시)              (제3자배정-상환전환주식) | 2026-09-09: 유형자산취득결정(자율공시)              ,7
GKL,114090,3,OK,,영업(잠정)실적(공정공시)              (+3),,2026-10-02: 영업(잠정)실적(공정공시)               | 2026-09-16: [기재정정]주주명부폐쇄기간또는기준일설정              ,2
덕산네오룩스,213420,3,OK,,[기재정정]유형자산취득결정(자율공시)              (+3),,2026-09-29: 주식등의대량보유상황보고서(약식) | 2026-09-15: [기재정정]유형자산취득결정(자율공시)               | 2026-09-09: 주식등의대량보유상황보고서(약식),3
BGF,027410,3,OK,,[첨부정정]주요사항보고서(회사합병결정)(자회사의 주요경영사항)              (소규모합병)(+3),,2026-09-10: 주식등의대량보유상황보고서(일반) | 2026-09-08: [첨부정정]주요사항보고서(회사합병결정)(자회사의 주요경영사항)              (소규모합병),2
이비테크,208850,3,OK,,[기재정정]유형자산취득결정              (+3),,2026-09-30: [기재정정]유형자산취득결정              ,1
파라다이스,034230,3,OK,,연결재무제표기준영업(잠정)실적(공정공시)              (+3),,2026-10-02: 주식등의대량보유상황보고서(약식) | 2026-10-02: 연결재무제표기준영업(잠정)실적(공정공시)               | 2026-09-30: 증권신고서(채무증권) | 2026-09-29: [기재정정]기업지배구조보고서공시              ,4
액트로,290740,5,OK,,주식소각결정              (+5),,2026-10-01: 주식소각결정               | 2026-09-16: 기업설명회(IR)개최              ,2
스카이랩스,386380,5,OK,,단일판매ㆍ공급계약체결              (+5),,2026-10-01: 단일판매ㆍ공급계약체결               | 2026-09-11: 주식등의대량보유상황보고서(일반) | 2026-09-11: 주식등의대량보유상황보고서(약식) | 2026-09-11: 임원ㆍ주요주주특정증권등소유상황보고서 | 2026-09-11: 임원ㆍ주요주주특정증권등소유상황보고서,8
비츠로시스,054220,5,OK,,[기재정정]단일판매ㆍ공급계약체결              (+5),,2026-10-02: 주주명부폐쇄기간또는기준일설정               | 2026-10-02: 주주총회소집결의              (임시주주총회) | 2026-09-30: [기재정정]주요사항보고서(자기전환사채매도결정) | 2026-09-30: [기재정정]주요사항보고서(자기전환사채매도결정) | 2026-09-30: [기재정정]단일판매ㆍ공급계약체결              ,14
마크로젠,038290,5,OK,,[기재정정]단일판매ㆍ공급계약체결              (+5),,2026-10-01: 임원ㆍ주요주주특정증권등소유상황보고서 | 2026-09-10: [기재정정]단일판매ㆍ공급계약체결              ,2
나인테크,267320,5,OK,,[기재정정]단일판매ㆍ공급계약체결              (+5),,2026-09-29: [기재정정]단일판매ㆍ공급계약체결              ,1
바디텍메드,206640,5,OK,,주식소각결정              (+5),,2026-09-22: 주식소각결정               | 2026-09-22: 신탁계약해지결과보고서 | 2026-09-22: 주요사항보고서(자기주식취득신탁계약해지결정),3
액스비스,0011A0,5,OK,,단일판매ㆍ공급계약체결              (+5),,2026-09-30: 단일판매ㆍ공급계약체결               | 2026-09-14: 조회공시요구(현저한시황변동)에대한답변(미확정)               | 2026-09-11: 조회공시요구(현저한시황변동)              ,3
케이지에이,455180,5,OK,,[기재정정]단일판매ㆍ공급계약체결(자율공시)              (+5),,2026-09-16: [기재정정]단일판매ㆍ공급계약체결(자율공시)              ,1
HL홀딩스,060980,5,OK,,단일판매ㆍ공급계약체결(자회사의 주요경영사항)              (+5),,2026-10-02: 주식등의대량보유상황보고서(약식) | 2026-09-23: 단일판매ㆍ공급계약체결(자회사의 주요경영사항)               | 2026-09-18: [기재정정]타인에대한채무보증결정(자회사의 주요경영사항)              ,3
와이씨,232140,5,OK,,[기재정정]단일판매ㆍ공급계약체결              (+5),,2026-09-29: [기재정정]단일판매ㆍ공급계약체결               | 2026-09-08: 기업설명회(IR)개최              ,2
지엘팜텍,204840,5,OK,,[기재정정]단일판매ㆍ공급계약체결              (+5),,2026-09-21: [기재정정]단일판매ㆍ공급계약체결              ,1
스맥,099440,5,OK,,[기재정정]단일판매ㆍ공급계약체결              (+5),,2026-09-30: [기재정정]단일판매ㆍ공급계약체결               | 2026-09-14: 주식등의대량보유상황보고서(일반),2
마음AI,377480,5,OK,,단일판매ㆍ공급계약체결              (+5),,"2026-09-23: 투자판단관련주요경영사항              (국책과제 선정 (완전자율운항선박 전선(Ship-wide) 자율안전관리 통합 대응플랫폼 개발,  산업통상부)) | 2026-09-21: 독립이사의선임ㆍ해임또는중도퇴임에관한신고 | 2026-09-21: 임시주주총회결과               | 2026-09-11: 단일판매ㆍ공급계약체결               | 2026-09-11: 단기차입금증가결정              ",5
엘디티,096870,5,OK,,주식소각결정              (+5),,2026-10-02: 임원ㆍ주요주주특정증권등소유상황보고서 | 2026-09-23: 소송등의판결ㆍ결정               | 2026-09-22: 임시주주총회결과               | 2026-09-16: 주식소각결정               | 2026-09-14: 자기주식취득결과보고서,6
나래나노텍,137080,5,OK,,단일판매ㆍ공급계약체결              (+5),,2026-09-22: 단일판매ㆍ공급계약체결              ,1
웰크론한텍,076080,5,OK,,[기재정정]단일판매ㆍ공급계약체결              (+5),,2026-09-18: 소송등의판결ㆍ결정(일정금액이상의청구)               | 2026-09-08: [기재정정]단일판매ㆍ공급계약체결               | 2026-09-07: 임원ㆍ주요주주특정증권등소유상황보고서,3
우양에이치씨,101970,5,OK,,단일판매ㆍ공급계약체결(자율공시)              (+5),,2026-09-30: 단일판매ㆍ공급계약체결(자율공시)               | 2026-09-17: 신탁계약에의한취득상황보고서,2
한미반도체,042700,5,OK,,단일판매ㆍ공급계약체결(자율공시)              (+5),,2026-09-29: 단일판매ㆍ공급계약체결(자율공시)               | 2026-09-18: 기업설명회(IR)개최(안내공시)               | 2026-09-14: 기업설명회(IR)개최(안내공시)               | 2026-09-09: 임원ㆍ주요주주특정증권등거래계획보고서,4
세아제강지주,003030,5,OK,,[기재정정]단일판매ㆍ공급계약체결(자회사의 주요경영사항)              (+5),,2026-10-02: 주식등의대량보유상황보고서(약식) | 2026-09-30: 기업가치제고계획(자율공시)               | 2026-09-29: [기재정정]단일판매ㆍ공급계약체결(자회사의 주요경영사항)              ,3
씨에스윈드,112610,5,OK,,단일판매ㆍ공급계약체결              (+5),,2026-10-02: 주식등의대량보유상황보고서(약식) | 2026-09-14: 기업설명회(IR)개최(안내공시)               | 2026-09-07: 기업설명회(IR)개최(안내공시)               | 2026-09-07: 단일판매ㆍ공급계약체결              ,4
메디톡스,086900,5,OK,,[기재정정]주식소각결정              (상환전환우선주)(+5),,2026-09-30: [기재정정]주식소각결정              (상환전환우선주) | 2026-09-16: 임원ㆍ주요주주특정증권등소유상황보고서,2
이지케어텍,099750,5,OK,,[기재정정]단일판매ㆍ공급계약체결              (+5),,2026-09-30: [기재정정]단일판매ㆍ공급계약체결               | 2026-09-29: 투자판단관련주요경영사항              ([국책과제 선정]공공 병원정보시스템 AI 클라우드 서비스 개발·검증 지원사업) | 2026-09-14: 독립이사의선임ㆍ해임또는중도퇴임에관한신고 | 2026-09-11: 임시주주총회결과              ,4
SK,034730,5,OK,,단일판매ㆍ공급계약체결(자회사의 주요경영사항)              (+5),,2026-10-02: 임원ㆍ주요주주특정증권등거래계획보고서 | 2026-09-30: [발행조건확정]증권신고서(채무증권) | 2026-09-30: [기재정정]증권신고서(채무증권) | 2026-09-29: 금전대여결정(자회사의 주요경영사항)               | 2026-09-29: 금전대여결정(자회사의 주요경영사항)              ,9
효성 ITX,094280,5,OK,,[기재정정]단일판매ㆍ공급계약체결              (+5),,2026-09-18: [기재정정]단일판매ㆍ공급계약체결               | 2026-09-15: 주주명부폐쇄기간또는기준일설정              ,2
대명에너지,389260,5,OK,,단일판매ㆍ공급계약체결              (+5),,2026-10-02: 주식등의대량보유상황보고서(일반) | 2026-09-08: 단일판매ㆍ공급계약체결              ,2
HL D&I,014790,5,OK,,단일판매ㆍ공급계약체결              (+5),,2026-09-23: 단일판매ㆍ공급계약체결               | 2026-09-18: [기재정정]타인에대한채무보증결정              ,2
리메드,302550,5,OK,,[기재정정]단일판매ㆍ공급계약체결              (+5),,2026-09-29: [기재정정]단일판매ㆍ공급계약체결               | 2026-09-23: 주식등의대량보유상황보고서(일반) | 2026-09-18: 주식등의대량보유상황보고서(일반) | 2026-09-09: 주식등의대량보유상황보고서(일반),4
쎄크,081180,5,OK,,단일판매ㆍ공급계약체결              (+5),,2026-09-15: 단일판매ㆍ공급계약체결              ,1
인포바인,115310,5,OK,,주식소각결정              (+5),,2026-09-18: 주식소각결정              ,1
멀티캠퍼스,067280,5,OK,,주요사항보고서(자기주식취득결정)(+5),,2026-09-22: 주요사항보고서(자기주식취득결정),1
HD현대,267250,5,OK,,[기재정정]단일판매ㆍ공급계약체결(자회사의 주요경영사항)              (+5),,2026-10-02: 주식등의대량보유상황보고서(일반) | 2026-09-30: [기재정정]타인에대한채무보증결정(자회사의 주요경영사항)               | 2026-09-11: 주식등의대량보유상황보고서(일반) | 2026-09-11: [기재정정]벌금등의부과(자회사의 주요경영사항)               | 2026-09-10: 타법인주식및출자증권취득결정(자회사의 주요경영사항)              ,8
케이옥션,102370,5,OK,,주식소각결정              (+5),,2026-10-01: 임원ㆍ주요주주특정증권등소유상황보고서 | 2026-10-01: 주식등의대량보유상황보고서(일반) | 2026-09-29: 주식소각결정               | 2026-09-29: 임시주주총회결과               | 2026-09-29: 자기주식취득결과보고서,8
비나텍,126340,5,OK,,단일판매ㆍ공급계약체결              (+5),,2026-10-02: 주식등의대량보유상황보고서(약식) | 2026-09-07: 단일판매ㆍ공급계약체결              ,2
디지털대성,068930,5,OK,,주식소각결정              (+5),,2026-10-01: 주식등의대량보유상황보고서(일반) | 2026-09-21: 주식소각결정               | 2026-09-21: 주요사항보고서(자기주식취득신탁계약체결결정),3
신송홀딩스,006880,5,OK,,주요사항보고서(자기주식취득결정)(+5),,2026-09-17: 주요사항보고서(자기주식취득결정) | 2026-09-16: 자기주식취득결과보고서,2
PN풍년,024940,5,OK,,주요사항보고서(자기주식취득결정)(+5),,2026-09-21: 임원ㆍ주요주주특정증권등소유상황보고서 | 2026-09-14: 임원ㆍ주요주주특정증권등소유상황보고서 | 2026-09-11: 임원ㆍ주요주주특정증권등소유상황보고서 | 2026-09-10: 주요사항보고서(자기주식취득결정),4
칩스앤미디어,094360,5,OK,,주식소각결정              (+5),,2026-09-28: 주식소각결정               | 2026-09-28: 주요사항보고서(자기주식취득신탁계약체결결정),2
이노에이엑스,296640,5,OK,,[기재정정]단일판매ㆍ공급계약체결              (+5),,2026-10-01: 주주명부폐쇄기간또는기준일설정               | 2026-10-01: 주주총회소집결의               | 2026-10-01: 현금ㆍ현물배당결정              (분기배당) | 2026-09-28: 중간(분기)배당락               | 2026-09-16: [기재정정]단일판매ㆍ공급계약체결              ,6
코미팜,041960,5,OK,,[기재정정]단일판매ㆍ공급계약체결              (+5),,2026-09-10: [기재정정]단일판매ㆍ공급계약체결              ,1
신도기연,290520,5,OK,,단일판매ㆍ공급계약체결              (+5),,2026-09-30: 단일판매ㆍ공급계약체결              ,1
하림지주,003380,5,OK,,단일판매ㆍ공급계약체결(자회사의 주요경영사항)              (+5),,2026-09-30: [기재정정]신규시설투자등(자회사의 주요경영사항)               | 2026-09-28: 단일판매ㆍ공급계약체결(자회사의 주요경영사항)              ,2
아이쓰리시스템,214430,5,OK,,단일판매ㆍ공급계약체결              (+5),,2026-10-01: 단일판매ㆍ공급계약체결              ,1
엘앤에프,066970,5,OK,,단일판매ㆍ공급계약체결              (+5),,2026-10-02: 주식등의대량보유상황보고서(약식) | 2026-10-02: 주식등의대량보유상황보고서(일반) | 2026-09-17: 단일판매ㆍ공급계약체결               | 2026-09-08: 풍문또는보도에대한해명(미확정)               | 2026-09-07: 기업설명회(IR)개최(안내공시)              ,5
유니슨,018000,5,OK,,[기재정정]단일판매ㆍ공급계약체결              (+5),,2026-10-02: 임시주주총회결과               | 2026-09-29: [기재정정]단일판매ㆍ공급계약체결               | 2026-09-18: 의결권대리행사권유참고서류 | 2026-09-15: 주식등의대량보유상황보고서(약식) | 2026-09-08: 의결권대리행사권유참고서류,10
시공테크,020710,5,OK,,[기재정정]단일판매ㆍ공급계약체결(자율공시)              (+5),,2026-09-22: [기재정정]단일판매ㆍ공급계약체결(자율공시)              ,1
3S,060310,5,OK,,[기재정정]단일판매ㆍ공급계약체결(자율공시)              (+5),,2026-09-30: [기재정정]단일판매ㆍ공급계약체결(자율공시)               | 2026-09-17: 전환가액의조정               | 2026-09-14: 주주명부폐쇄기간또는기준일설정               | 2026-09-14: 주주총회소집결의              (임시주주총회) | 2026-09-14: 주식병합결정              ,5
텔콘RF제약,200230,5,OK,,단일판매ㆍ공급계약체결(자율공시)              (+5),,2026-10-02: 단일판매ㆍ공급계약체결(자율공시)               | 2026-09-29: 주요사항보고서(자기전환사채만기전취득결정),2
HMM,011200,5,OK,,단일판매ㆍ공급계약체결              (+5),,2026-09-08: 단일판매ㆍ공급계약체결              ,1
금호석유화학,011780,5,OK,,주식소각결정              (+5),,2026-09-29: [첨부정정]주요사항보고서(자기주식취득신탁계약해지결정) | 2026-09-15: 신탁계약해지결과보고서 | 2026-09-15: 주식소각결정               | 2026-09-15: 주요사항보고서(자기주식취득신탁계약해지결정) | 2026-09-08: 기업설명회(IR)개최(안내공시)              ,5
한전기술,052690,5,OK,,단일판매ㆍ공급계약체결              (+5),,2026-09-22: 독립이사의선임ㆍ해임또는중도퇴임에관한신고 | 2026-09-22: 임시주주총회결과               | 2026-09-15: 단일판매ㆍ공급계약체결               | 2026-09-07: 주주총회소집공고,4
케이엔알시스템,199430,5,OK,,[기재정정]단일판매ㆍ공급계약체결              (+5),,2026-09-30: [기재정정]단일판매ㆍ공급계약체결               | 2026-09-18: 임원ㆍ주요주주특정증권등소유상황보고서 | 2026-09-18: 임원ㆍ주요주주특정증권등소유상황보고서,3
비츠로테크,042370,5,OK,,단일판매ㆍ공급계약체결(자회사의 주요경영사항)              (+5),,2026-09-15: 단일판매ㆍ공급계약체결(자회사의 주요경영사항)              ,1
프럼파스트,035200,5,OK,,주식소각결정              (+5),,2026-09-28: 신탁계약에의한취득상황보고서 | 2026-09-11: 주식소각결정              ,2
나노실리칸첨단소재,286750,5,OK,,[기재정정]단일판매ㆍ공급계약체결              (+5),,2026-09-15: [기재정정]기타경영사항(자율공시)              (제1회차 CB 취득후 재매각) | 2026-09-15: [기재정정]단일판매ㆍ공급계약체결               | 2026-09-08: 주식등의대량보유상황보고서(약식) | 2026-09-08: 임원ㆍ주요주주특정증권등소유상황보고서 | 2026-09-08: 임원ㆍ주요주주특정증권등소유상황보고서,11
DH오토넥스,000300,5,OK,,단일판매ㆍ공급계약체결              (+5),,2026-09-18: 단일판매ㆍ공급계약체결              ,1
육일씨엔에쓰,191410,5,OK,,주요사항보고서(자기주식취득결정)(+5),,2026-10-02: [기재정정]대표이사변경               | 2026-10-01: 독립이사의선임ㆍ해임또는중도퇴임에관한신고 | 2026-10-01: 대표이사변경               | 2026-10-01: 임시주주총회결과               | 2026-09-30: 주요사항보고서(자기주식취득결정),16
크래프톤,259960,5,OK,,주식소각결정              (+5),,2026-09-30: 주식소각결정               | 2026-09-23: 최대주주등소유주식변동신고서               | 2026-09-23: 주식등의대량보유상황보고서(일반) | 2026-09-11: 최대주주등소유주식변동신고서               | 2026-09-11: 주식등의대량보유상황보고서(일반),7
싸이버원,356890,5,OK,,[기재정정]단일판매ㆍ공급계약체결(자율공시)              (+5),,2026-09-15: [기재정정]단일판매ㆍ공급계약체결(자율공시)              ,1
펨트론,168360,5,OK,,[기재정정]단일판매ㆍ공급계약체결(자율공시)              (+5),,2026-09-30: [기재정정]단일판매ㆍ공급계약체결(자율공시)               | 2026-09-08: 기업설명회(IR)개최              ,2
엘에스일렉트릭,010120,5,OK,,단일판매ㆍ공급계약체결              (+5),,2026-10-02: 계열금융회사를거래상대방으로한단기금융상품거래의분기별공시 | 2026-10-01: 단일판매ㆍ공급계약체결               | 2026-09-22: 유무상증자결정(종속회사의주요경영사항)              ,3
유신,054930,5,OK,,[기재정정]단일판매ㆍ공급계약체결              (+5),,2026-09-30: [기재정정]단일판매ㆍ공급계약체결              ,1
EG,037370,5,OK,,단일판매ㆍ공급계약체결(자율공시)              (+5),,2026-09-08: 단일판매ㆍ공급계약체결(자율공시)              ,1
비츠로넥스텍,488900,5,OK,,단일판매ㆍ공급계약체결              (+5),,2026-09-15: 단일판매ㆍ공급계약체결              ,1
한신공영,004960,5,OK,,단일판매ㆍ공급계약체결              (+5),,2026-09-30: 단일판매ㆍ공급계약체결               | 2026-09-14: 투자판단관련주요경영사항              ,2
에코앤드림,101360,5,OK,,단일판매ㆍ공급계약체결              (+5),,2026-09-23: 단일판매ㆍ공급계약체결               | 2026-09-11: 풍문또는보도에대한해명(미확정)              ,2
영화금속,012280,5,OK,,주식소각결정              (+5),,2026-09-28: 주식소각결정               | 2026-09-28: 신탁계약에의한취득상황보고서 | 2026-09-09: 임원ㆍ주요주주특정증권등거래계획보고서,3
인티큐브,070590,5,OK,,단일판매ㆍ공급계약체결              (+5),,2026-09-11: 단일판매ㆍ공급계약체결              ,1
프레스티지바이오로직스,334970,5,OK,,[기재정정]단일판매ㆍ공급계약체결              (+5),,2026-09-30: 기타주요경영사항              (주식병합결정 철회) | 2026-09-30: [기재정정]주식병합결정              (철회) | 2026-09-30: 정기주주총회결과               | 2026-09-28: [기재정정]사업보고서 (2026.06) | 2026-09-21: [기재정정]단일판매ㆍ공급계약체결              ,10
다스코,058730,5,OK,,[기재정정]단일판매ㆍ공급계약체결(자율공시)              (+5),,2026-09-17: 임시주주총회결과               | 2026-09-15: [기재정정]단일판매ㆍ공급계약체결(자율공시)               | 2026-09-07: 전환가액ㆍ신주인수권행사가액ㆍ교환가액의조정(안내공시)              ,3
에이텍모빌리티,224110,5,OK,,[기재정정]단일판매ㆍ공급계약체결              (+5),,2026-09-29: [기재정정]단일판매ㆍ공급계약체결               | 2026-09-11: 신탁계약해지결과보고서,2
다우기술,023590,5,OK,,단일판매ㆍ공급계약체결              (+5),,2026-09-18: 기타경영사항(종속회사의주요경영사항)               | 2026-09-10: 단일판매ㆍ공급계약체결              ,2
KSS해운,044450,5,OK,,주요사항보고서(자기주식취득결정)(+5),,2026-09-30: [기재정정]기업지배구조보고서공시               | 2026-09-22: 주요사항보고서(자기주식취득결정) | 2026-09-22: 임원ㆍ주요주주특정증권등소유상황보고서 | 2026-09-08: 임원ㆍ주요주주특정증권등소유상황보고서,4
쏘카,403550,5,OK,,주식소각결정              (+5),,2026-10-01: 주요사항보고서(자기주식취득신탁계약체결결정) | 2026-10-01: 주식소각결정               | 2026-10-01: 신탁계약해지결과보고서 | 2026-10-01: 주요사항보고서(자기주식취득신탁계약해지결정) | 2026-09-30: 최대주주등소유주식변동신고서              ,13
SK디앤디,210980,5,OK,,[기재정정]단일판매ㆍ공급계약체결              (+5),,2026-09-30: [기재정정]타법인주식및출자증권취득결정               | 2026-09-28: [기재정정]단일판매ㆍ공급계약체결               | 2026-09-18: 임원ㆍ주요주주특정증권등소유상황보고서 | 2026-09-18: 기타경영사항(자율공시)               | 2026-09-10: [기재정정]타인에대한채무보증결정              ,7
수산인더스트리,126720,5,OK,,[기재정정]단일판매ㆍ공급계약체결              (+5),,2026-10-02: 임원ㆍ주요주주특정증권등거래계획보고서 | 2026-10-02: 임원ㆍ주요주주특정증권등거래계획보고서 | 2026-09-17: [기재정정]단일판매ㆍ공급계약체결              ,3
원풍,008370,5,OK,,주요사항보고서(자기주식취득결정)(+5),,2026-10-02: 주요사항보고서(자기주식취득결정) | 2026-09-28: 중간(분기)배당락               | 2026-09-15: [기재정정]현금ㆍ현물배당결정              (분기배당) | 2026-09-14: 현금ㆍ현물배당결정              (분기배당) | 2026-09-14: 중간(분기)배당을위한주주명부폐쇄(기준일)결정              ,5
일진전기,103590,5,OK,,단일판매ㆍ공급계약체결              (+5),,2026-10-02: 단일판매ㆍ공급계약체결              ,1
에스원,012750,5,OK,,단일판매ㆍ공급계약체결              (+5),,2026-09-29: 단일판매ㆍ공급계약체결              ,1
LG에너지솔루션,373220,5,OK,,[기재정정]단일판매ㆍ공급계약체결              (+5),,2026-10-01: [기재정정]단일판매ㆍ공급계약체결              ,1
씨이랩,189330,5,OK,,단일판매ㆍ공급계약체결              (+5),,2026-10-02: 단일판매ㆍ공급계약체결              ,1
현대무벡스,319400,5,OK,,단일판매ㆍ공급계약체결              (+5),,2026-09-30: 단일판매ㆍ공급계약체결               | 2026-09-23: 자기주식처분결과보고서 | 2026-09-21: 임원ㆍ주요주주특정증권등소유상황보고서 | 2026-09-21: 주식등의대량보유상황보고서(약식),4
SCL사이언스,246960,5,OK,,[기재정정]단일판매ㆍ공급계약체결              (+5),,2026-09-30: [기재정정]단일판매ㆍ공급계약체결               | 2026-09-21: [기재정정]기업설명회(IR)개최               | 2026-09-17: 임원ㆍ주요주주특정증권등소유상황보고서 | 2026-09-14: 기업설명회(IR)개최              ,4
삼화네트웍스,046390,5,OK,,[기재정정]단일판매ㆍ공급계약체결              (+5),,2026-09-30: [기재정정]주식매수선택권부여에관한신고 | 2026-09-23: [기재정정]단일판매ㆍ공급계약체결               | 2026-09-21: 신탁계약에의한취득상황보고서,3
포스코퓨처엠,003670,5,OK,,단일판매ㆍ공급계약체결              (+5),,2026-09-22: 단일판매ㆍ공급계약체결               | 2026-09-21: 기업설명회(IR)개최(안내공시)               | 2026-09-07: 임원ㆍ주요주주특정증권등소유상황보고서,3
에이디테크놀로지,200710,5,OK,,[기재정정]단일판매ㆍ공급계약체결              (+5),,2026-10-02: 주식등의대량보유상황보고서(일반) | 2026-09-09: [기재정정]단일판매ㆍ공급계약체결              ,2
제너셈,217190,5,OK,,단일판매ㆍ공급계약체결              (+5),,2026-09-07: 단일판매ㆍ공급계약체결              ,1
에스티팜,237690,5,OK,,단일판매ㆍ공급계약체결              (+5),,2026-10-02: 주식등의대량보유상황보고서(약식) | 2026-09-18: 단일판매ㆍ공급계약체결               | 2026-09-09: 기업설명회(IR)개최              ,3
신일전자,002700,5,OK,,주요사항보고서(자기주식취득결정)(+5),,2026-09-29: 주요사항보고서(자기주식취득결정),1
엘브이엠씨,900140,5,OK,,주식소각결정              (+5),,2026-10-01: 주식소각결정               | 2026-10-01: 주주명부폐쇄기간또는기준일설정               | 2026-10-01: 주주총회소집결의               | 2026-10-01: 주식병합결정               | 2026-09-30: [기재정정]기업지배구조보고서공시              ,6
한양이엔지,045100,5,OK,,단일판매ㆍ공급계약체결              (+5),,2026-09-08: 주식등의대량보유상황보고서(약식) | 2026-09-07: 단일판매ㆍ공급계약체결              ,2
유디엠텍,389680,5,OK,,[기재정정]단일판매ㆍ공급계약체결              (+5),,2026-10-01: 기타시장안내              (시가총액 미달에 따른 상장폐지 우려 관련 안내) | 2026-09-29: [기재정정]대표이사변경               | 2026-09-29: 주식등의대량보유상황보고서(약식) | 2026-09-28: 독립이사의선임ㆍ해임또는중도퇴임에관한신고 | 2026-09-28: 대표이사변경              ,10
아이에스티이,212710,5,OK,,[기재정정]단일판매ㆍ공급계약체결              (+5),,2026-10-01: 임원ㆍ주요주주특정증권등소유상황보고서 | 2026-09-29: [기재정정]단일판매ㆍ공급계약체결              ,2
우리로,046970,5,OK,,단일판매ㆍ공급계약체결              (+5),,2026-09-14: 단일판매ㆍ공급계약체결              ,1
씨케이솔루션,480370,5,OK,,단일판매ㆍ공급계약체결              (+5),,2026-10-01: 단일판매ㆍ공급계약체결               | 2026-09-22: 최대주주등소유주식변동신고서               | 2026-09-22: 임원ㆍ주요주주특정증권등소유상황보고서 | 2026-09-14: 기타경영사항(자율공시)(종속회사의주요경영사항)               | 2026-09-14: 기타경영사항(자율공시)(종속회사의주요경영사항)              ,5
자이에스앤디,317400,5,OK,,[기재정정]단일판매ㆍ공급계약체결              (+5),,2026-10-02: 주식등의대량보유상황보고서(약식) | 2026-09-23: 주식등의대량보유상황보고서(약식) | 2026-09-22: 투자판단관련주요경영사항               | 2026-09-10: 투자판단관련주요경영사항               | 2026-09-08: [기재정정]단일판매ㆍ공급계약체결              ,5
지엔씨에너지,119850,5,OK,,단일판매ㆍ공급계약체결              (+5),,2026-09-11: 단일판매ㆍ공급계약체결               | 2026-09-10: 주식등의대량보유상황보고서(약식),2
HD현대마린엔진,071970,5,OK,,[기재정정]단일판매ㆍ공급계약체결              (+5),,2026-09-18: [기재정정]단일판매ㆍ공급계약체결              ,1
제이스로보틱스,090470,5,OK,,단일판매ㆍ공급계약체결              (+5),,2026-09-21: 단일판매ㆍ공급계약체결              ,1
브이씨,365900,5,OK,,주식소각결정              (+5),,2026-09-22: 주식등의대량보유상황보고서(일반) | 2026-09-22: 임원ㆍ주요주주특정증권등소유상황보고서 | 2026-09-14: 주식소각결정               | 2026-09-14: 주요사항보고서(자기주식취득신탁계약체결결정) | 2026-09-09: 주식등의대량보유상황보고서(일반),6
유비쿼스,264450,5,OK,,[기재정정]단일판매ㆍ공급계약체결              (+5),,2026-09-29: [기재정정]단일판매ㆍ공급계약체결              ,1
도화엔지니어링,002150,5,OK,,[기재정정]단일판매ㆍ공급계약체결              (+5),,2026-09-30: [기재정정]타인에대한채무보증결정               | 2026-09-30: [기재정정]타법인주식및출자증권처분결정(자율공시)(종속회사의주요경영사항)               | 2026-09-18: [기재정정]단일판매ㆍ공급계약체결               | 2026-09-08: 중대재해발생              ,4
스튜디오드래곤,253450,5,OK,,단일판매ㆍ공급계약체결              (+5),,2026-09-18: 단일판매ㆍ공급계약체결               | 2026-09-08: 기업설명회(IR)개최              ,2
샘표식품,248170,5,OK,,주식소각결정              (+5),,2026-10-01: [기재정정]반기보고서 (2026.06) | 2026-09-15: 주식소각결정              ,2
SK디스커버리,006120,5,OK,,[기재정정]단일판매ㆍ공급계약체결(자회사의 주요경영사항)              (+5),,2026-09-18: [기재정정]신규시설투자등(자회사의 주요경영사항)               | 2026-09-11: 지속가능경영보고서등관련사항(자율공시)               | 2026-09-11: [기재정정]단일판매ㆍ공급계약체결(자회사의 주요경영사항)               | 2026-09-07: 신탁계약해지결과보고서 | 2026-09-07: 주요사항보고서(자기주식취득신탁계약해지결정),7
씨유테크,376290,5,OK,,주식소각결정              (+5),,2026-09-18: 주식소각결정               | 2026-09-10: 신탁계약에의한취득상황보고서 | 2026-09-10: 신탁계약해지결과보고서 | 2026-09-07: 주요사항보고서(자기주식취득신탁계약해지결정),4
하나금융지주,086790,5,OK,,[기재정정]주식소각결정              (+5),,2026-10-01: [기재정정]주식소각결정               | 2026-10-01: 자기주식취득결과보고서 | 2026-09-21: 임원ㆍ주요주주특정증권등소유상황보고서 | 2026-09-17: 기업설명회(IR)개최(안내공시)               | 2026-09-11: 증권발행실적보고서,7
코닉오토메이션,391710,5,OK,,단일판매ㆍ공급계약체결              (+5),,2026-09-21: [첨부정정]주요사항보고서(유형자산양수결정) | 2026-09-18: 주요사항보고서(유형자산양수결정) | 2026-09-11: 단일판매ㆍ공급계약체결              ,3
한화에어로스페이스,012450,5,OK,,단일판매ㆍ공급계약체결(자율공시)              (+5),,2026-09-23: 주식등의대량보유상황보고서(일반) | 2026-09-22: 특수관계인과의수익증권거래 | 2026-09-18: 최대주주등소유주식변동신고서               | 2026-09-18: 대표이사(대표집행임원)변경(안내공시)               | 2026-09-18: 임시주주총회결과              ,9
휴메딕스,200670,5,OK,,주식소각결정              (+5),,2026-09-10: 주식소각결정               | 2026-09-09: 신탁계약해지결과보고서 | 2026-09-09: 신탁계약에의한취득상황보고서,3
세아제강,306200,5,OK,,[기재정정]단일판매ㆍ공급계약체결              (+5),,2026-10-02: 주식등의대량보유상황보고서(약식) | 2026-09-29: [기재정정]단일판매ㆍ공급계약체결              ,2
대신증권,003540,5,OK,,주식소각결정              (+5),,2026-10-02: 증권발행실적보고서 | 2026-10-02: 주식등의대량보유상황보고서(약식) | 2026-09-30: 증권발행실적보고서 | 2026-09-30: 증권발행실적보고서 | 2026-09-28: 증권발행실적보고서,52
LS마린솔루션,060370,5,OK,,단일판매ㆍ공급계약체결              (+5),,2026-10-02: 임원ㆍ주요주주특정증권등소유상황보고서 | 2026-10-01: 주식등의대량보유상황보고서(일반) | 2026-09-18: 단일판매ㆍ공급계약체결               | 2026-09-07: 기업설명회(IR)개최              ,4
티케이지휴켐스,069260,5,OK,,단일판매ㆍ공급계약체결              (+5),,2026-09-29: 단일판매ㆍ공급계약해지               | 2026-09-28: 단일판매ㆍ공급계약체결              ,2
파두,440110,5,OK,,[기재정정]단일판매ㆍ공급계약체결              (+5),,2026-09-14: 주식등의대량보유상황보고서(약식) | 2026-09-11: [기재정정]단일판매ㆍ공급계약체결              ,2
셀피글로벌,068940,5,OK,,[기재정정]단일판매ㆍ공급계약체결              (+5),,2026-09-11: 소송등의판결ㆍ결정              (직무집행정지 등 가처분) | 2026-09-10: [기재정정]단일판매ㆍ공급계약체결              ,2
피엔티엠에스,257370,5,OK,,[기재정정]단일판매ㆍ공급계약체결(자율공시)              (+5),,2026-09-16: [기재정정]단일판매ㆍ공급계약체결(자율공시)               | 2026-09-10: 주식등의대량보유상황보고서(약식) | 2026-09-10: 임원ㆍ주요주주특정증권등소유상황보고서 | 2026-09-08: 주식등의대량보유상황보고서(약식) | 2026-09-07: 전환가액의조정              (제3회차),5
파이버프로,368770,5,OK,,[기재정정]단일판매ㆍ공급계약체결              (+5),,2026-09-30: [기재정정]반기보고서 (2026.06) | 2026-09-29: [기재정정]단일판매ㆍ공급계약체결              ,2
기가비스,420770,5,OK,,단일판매ㆍ공급계약체결              (+5),,2026-09-15: 단일판매ㆍ공급계약체결              ,1
태원물산,001420,5,OK,,주식소각결정              (+5),,2026-09-29: 주식소각결정               | 2026-09-28: 임원ㆍ주요주주특정증권등소유상황보고서 | 2026-09-28: 주식등의대량보유상황보고서(일반),3
대성미생물,036480,5,OK,,[기재정정]단일판매ㆍ공급계약체결              (+5),,2026-09-30: [기재정정]단일판매ㆍ공급계약체결              ,1
아이씨디,040910,5,OK,,[기재정정]단일판매ㆍ공급계약체결(자율공시)              (+5),,2026-09-07: [기재정정]단일판매ㆍ공급계약체결(자율공시)              ,1
레이언스,228850,5,OK,,주식소각결정              (+5),,2026-09-30: 주식소각결정              ,1
신화프리텍,095190,5,OK,,단일판매ㆍ공급계약체결              (+5),,2026-09-15: 단일판매ㆍ공급계약체결               | 2026-09-14: 주식등의대량보유상황보고서(약식) | 2026-09-09: 증권발행결과(자율공시)              ,3
일성건설,013360,5,OK,,[기재정정]단일판매ㆍ공급계약체결              (+5),,2026-09-11: [기재정정]단일판매ㆍ공급계약체결              ,1
현대오토에버,307950,5,OK,,단일판매ㆍ공급계약체결              (+5),,2026-10-02: 주식등의대량보유상황보고서(약식) | 2026-09-29: 단일판매ㆍ공급계약체결              ,2
비큐AI,148780,5,OK,,단일판매ㆍ공급계약체결              (+5),,2026-09-22: 단일판매ㆍ공급계약체결               | 2026-09-11: 임원ㆍ주요주주특정증권등소유상황보고서 | 2026-09-11: 주식등의대량보유상황보고서(일반) | 2026-09-07: 기업설명회(IR)개최              ,4
두산에너빌리티,034020,5,OK,,단일판매ㆍ공급계약체결              (+5),,2026-10-01: 주식등의대량보유상황보고서(일반) | 2026-10-01: 단일판매ㆍ공급계약체결               | 2026-09-22: 기업설명회(IR)개최(안내공시)               | 2026-09-17: 풍문또는보도에대한해명               | 2026-09-08: 기업설명회(IR)개최(안내공시)              ,5
바이넥스,053030,5,OK,,[기재정정]단일판매ㆍ공급계약체결              (+5),,2026-09-30: [기재정정]단일판매ㆍ공급계약체결               | 2026-09-18: 주식등의대량보유상황보고서(일반),2
에코프로에이치엔,383310,5,OK,,단일판매ㆍ공급계약체결              (+5),,2026-10-01: 수시공시의무관련사항(공정공시)               | 2026-09-17: 주식등의대량보유상황보고서(일반) | 2026-09-16: 기업설명회(IR)개최               | 2026-09-11: 단일판매ㆍ공급계약체결               | 2026-09-09: 임원ㆍ주요주주특정증권등소유상황보고서,6
태광,023160,5,OK,,주식소각결정              (+5),,2026-10-02: 주식등의대량보유상황보고서(약식) | 2026-10-01: [기재정정]반기보고서 (2026.06) | 2026-09-10: 주식소각결정              ,3
테라젠이텍스,066700,5,OK,,주식소각결정              (+5),,2026-09-29: 주식소각결정              ,1
이건홀딩스,039020,5,OK,,[기재정정]단일판매ㆍ공급계약체결(자회사의 주요경영사항)              (+5),,2026-09-10: [기재정정]단일판매ㆍ공급계약체결(자회사의 주요경영사항)              ,1
에프앤가이드,064850,5,OK,,주식소각결정              (+5),,2026-09-28: 주식소각결정               | 2026-09-28: 주요사항보고서(자기주식취득신탁계약체결결정) | 2026-09-28: 기업가치제고계획(자율공시)              (2026년 (주)에프앤가이드 기업가치 제고 계획),3
케이알엠,093640,5,OK,,단일판매ㆍ공급계약체결              (+5),,2026-09-29: 단일판매ㆍ공급계약체결              ,1
동양,001520,5,OK,,[기재정정]단일판매ㆍ공급계약체결              (+5),,2026-10-01: 임원ㆍ주요주주특정증권등소유상황보고서 | 2026-10-01: 임원ㆍ주요주주특정증권등소유상황보고서 | 2026-09-30: [기재정정]단일판매ㆍ공급계약체결              ,3
HEM파마,376270,5,OK,,[기재정정]단일판매ㆍ공급계약체결              (+5),,2026-09-09: [기재정정]단일판매ㆍ공급계약체결              ,1
KTis,058860,5,OK,,주식소각결정              (+5),,2026-10-01: [기재정정]반기보고서 (2026.06) | 2026-09-23: [기재정정]반기보고서 (2026.06) | 2026-09-23: 수시공시의무관련사항(공정공시)               | 2026-09-23: 주식소각결정              ,4
네오크레마,311390,5,OK,,주식소각결정              (+5),,2026-09-28: 주식소각결정              ,1
판타지오,032800,5,OK,,단일판매ㆍ공급계약체결              (+5),,2026-09-29: [기재정정]결산기변경안내               | 2026-09-29: 결산기변경안내               | 2026-09-29: 정기주주총회결과              (제36기) | 2026-09-21: 단일판매ㆍ공급계약체결               | 2026-09-21: 사업보고서 (2026.06),8
오픈엣지테크놀로지,394280,5,OK,,단일판매ㆍ공급계약체결              (+5),,2026-10-02: 단일판매ㆍ공급계약체결               | 2026-09-10: 기업설명회(IR)개최              ,2
엔케이,085310,5,OK,,[기재정정]단일판매ㆍ공급계약체결              (+5),,2026-09-30: [기재정정]단일판매ㆍ공급계약체결              ,1
SK이노베이션,096770,5,OK,,단일판매ㆍ공급계약체결(자회사의 주요경영사항)              (+5),,2026-10-02: 주식등의대량보유상황보고서(약식) | 2026-09-29: 금전대여결정(자회사의 주요경영사항)               | 2026-09-29: 금전대여결정(자회사의 주요경영사항)               | 2026-09-29: 채무인수결정(자회사의 주요경영사항)               | 2026-09-28: 단일판매ㆍ공급계약체결(자회사의 주요경영사항)              ,8
우진아이엔에스,010400,5,OK,,[기재정정]단일판매ㆍ공급계약체결              (+5) | [기재정정]단일판매ㆍ공급계약체결              (+5),최대주주등소유주식변동신고서(최대주주변경시)              (-5),2026-10-02: [기재정정]주주총회소집공고 | 2026-10-01: [기재정정]단일판매ㆍ공급계약체결               | 2026-09-30: 최대주주등소유주식변동신고서(최대주주변경시)               | 2026-09-30: 주식등의대량보유상황보고서(일반) | 2026-09-30: 주식등의대량보유상황보고서(일반),15
인터엠,017250,5,OK,,주식소각결정              (+5),,2026-09-28: 배당락               | 2026-09-23: 주식소각결정               | 2026-09-18: 자기주식취득결과보고서,3
광명전기,017040,5,OK,,단일판매ㆍ공급계약체결              (+5),,2026-09-30: 기타시장안내              (개선계획서 제출) | 2026-09-22: 단일판매ㆍ공급계약체결               | 2026-09-07: 기타시장안내              (기업심사위원회 심의대상 결정),3
유한양행,000100,5,OK,,단일판매ㆍ공급계약체결              (+5),,2026-10-02: 임원ㆍ주요주주특정증권등소유상황보고서 | 2026-09-15: 단일판매ㆍ공급계약체결               | 2026-09-09: 임원ㆍ주요주주특정증권등소유상황보고서 | 2026-09-08: 기업설명회(IR)개최(안내공시)              ,4
가온칩스,399720,5,OK,,[기재정정]단일판매ㆍ공급계약체결              (+5),,2026-10-02: 신탁계약해지결과보고서 | 2026-10-02: 주요사항보고서(자기주식취득신탁계약해지결정) | 2026-10-01: [기재정정]단일판매ㆍ공급계약체결               | 2026-09-29: 주식등의대량보유상황보고서(약식) | 2026-09-14: 주식등의대량보유상황보고서(일반),5
한국정밀기계,101680,5,OK,,단일판매ㆍ공급계약체결(자율공시)              (+5),,2026-10-01: 임원ㆍ주요주주특정증권등소유상황보고서 | 2026-09-23: 임원ㆍ주요주주특정증권등소유상황보고서 | 2026-09-18: 주주총회소집결의              (임시주주총회) | 2026-09-18: 주주명부폐쇄기간또는기준일설정               | 2026-09-17: 주식등의대량보유상황보고서(일반),12
금화피에스시,036190,5,OK,,[기재정정]단일판매ㆍ공급계약체결              (+5),,2026-10-02: [기재정정]단일판매ㆍ공급계약체결              ,1
LF,093050,5,OK,,주요사항보고서(자기주식취득결정)(+5),,2026-09-30: 주요사항보고서(자기주식취득결정) | 2026-09-18: 주식등의대량보유상황보고서(일반),2
코윈로보틱스,282880,5,OK,,[기재정정]단일판매ㆍ공급계약체결              (+5),,2026-09-28: 신탁계약에의한취득상황보고서 | 2026-09-11: [기재정정]단일판매ㆍ공급계약체결              ,2
한국전자홀딩스,006200,5,OK,,주식소각결정              (+5),,2026-09-16: 주식소각결정              ,1
큐브엔터,182360,5,OK,,[기재정정]단일판매ㆍ공급계약체결              (+5),,2026-09-30: [기재정정]단일판매ㆍ공급계약체결               | 2026-09-22: 주식등의대량보유상황보고서(일반),2
아이에스동서,010780,5,OK,,단일판매ㆍ공급계약체결              (+5),,2026-10-02: 주식등의대량보유상황보고서(약식) | 2026-10-01: 단일판매ㆍ공급계약체결               | 2026-09-30: 주식등의대량보유상황보고서(일반) | 2026-09-16: 주식등의대량보유상황보고서(일반) | 2026-09-14: [기재정정]기업설명회(IR)개최(안내공시)              ,6
디아이,003160,5,OK,,단일판매ㆍ공급계약체결(자율공시)              (+5),,2026-10-01: 단일판매ㆍ공급계약체결(자율공시)               | 2026-09-07: 주식등의대량보유상황보고서(일반),2
테라뷰,950250,5,OK,,단일판매ㆍ공급계약체결              (+5),,2026-09-28: 단일판매ㆍ공급계약체결               | 2026-09-23: 분기보고서 (2026.07) | 2026-09-14: 기업설명회(IR)개최               | 2026-09-11: 조회공시요구(현저한시황변동)에대한답변(미확정)               | 2026-09-10: 조회공시요구(현저한시황변동)              ,5
테크윙,089030,5,OK,,[기재정정]단일판매ㆍ공급계약체결              (+5),,2026-09-29: [기재정정]단일판매ㆍ공급계약체결               | 2026-09-29: 주식등의대량보유상황보고서(약식) | 2026-09-07: 주식등의대량보유상황보고서(약식),3
영원무역홀딩스,009970,5,OK,,주식소각결정              (+5),,2026-10-02: 현금ㆍ현물배당결정               | 2026-10-02: 주식소각결정               | 2026-10-02: 현금ㆍ현물배당을위한주주명부폐쇄(기준일)결정              ,3
뉴로메카,348340,5,OK,,단일판매ㆍ공급계약체결              (+5),,2026-10-01: 단일판매ㆍ공급계약체결               | 2026-09-14: 임원ㆍ주요주주특정증권등소유상황보고서,2
비트컴퓨터,032850,5,OK,,주요사항보고서(자기주식취득결정)(+5),,2026-09-17: 주요사항보고서(자기주식취득결정),1
인텔리안테크,189300,5,OK,,단일판매ㆍ공급계약체결              (+5),,2026-09-11: 단일판매ㆍ공급계약체결              ,1
남화토건,091590,5,OK,,[기재정정]단일판매ㆍ공급계약체결              (+5),,2026-09-23: [기재정정]단일판매ㆍ공급계약체결              ,1
앱클론,174900,5,OK,,[기재정정]단일판매ㆍ공급계약체결(자율공시)              (+5),,2026-09-30: [기재정정]단일판매ㆍ공급계약체결(자율공시)              ,1
사조대림,003960,6,OK,,[첨부정정]주요사항보고서(회사합병결정)(+3) | 주요사항보고서(회사합병결정)(+3),,2026-09-30: [첨부정정]주요사항보고서(회사합병결정) | 2026-09-29: 주요사항보고서(회사합병결정) | 2026-09-29: 동일인등출자계열회사와의상품ㆍ용역거래,3
아리바이오홀딩스,290690,6,OK,,[기재정정]주요사항보고서(회사합병결정)(+3) | [기재정정]주요사항보고서(회사합병결정)(+3),,2026-10-02: 임원ㆍ주요주주특정증권등소유상황보고서 | 2026-09-30: [기재정정]반기보고서 (2026.06) | 2026-09-30: 주식등의대량보유상황보고서(일반) | 2026-09-29: [기재정정]주주총회소집결의              (임시주주총회) | 2026-09-29: 철회신고서,12
KX,122450,6,OK,,[기재정정]주요사항보고서(회사합병결정)(+3) | [기재정정]회사합병결정(종속회사의주요경영사항)              (+3),,2026-09-28: 합병등종료보고서(합병) | 2026-09-22: [기재정정]주요사항보고서(회사합병결정) | 2026-09-21: [기재정정]회사합병결정(종속회사의주요경영사항)              ,3
국일제지,078130,6,OK,,[첨부정정]주요사항보고서(회사합병결정)(+3) | 주요사항보고서(회사합병결정)(+3),,2026-09-22: [첨부정정]주요사항보고서(회사합병결정) | 2026-09-18: 주주총회소집결의              (임시주주총회) | 2026-09-18: 주주명부폐쇄기간또는기준일설정               | 2026-09-18: 주요사항보고서(회사합병결정),4
바이오인프라,199730,6,OK,,[첨부정정]주요사항보고서(회사합병결정)(+3) | 주요사항보고서(회사합병결정)(+3),,2026-09-30: 기타시장안내              (시가총액 미달에 따른 상장폐지 우려 관련 안내) | 2026-09-21: 기타시장안내              (시가총액 미달에 따른 상장폐지 우려 관련 안내) | 2026-09-15: [첨부정정]주요사항보고서(회사합병결정) | 2026-09-08: 주주명부폐쇄기간또는기준일설정               | 2026-09-08: 주요사항보고서(회사합병결정),5
까뮤이앤씨,013700,8,OK,,유형자산취득결정              (+3) | [기재정정]단일판매ㆍ공급계약체결              (+5),,2026-10-02: 주식등의대량보유상황보고서(일반) | 2026-09-22: 불성실공시법인지정               | 2026-09-18: 주식등의대량보유상황보고서(일반) | 2026-09-16: 유형자산취득결정               | 2026-09-09: [기재정정]단일판매ㆍ공급계약체결              ,5
삼성전기,009150,8,OK,,단일판매ㆍ공급계약체결              (+5) | 유형자산취득결정(종속회사의주요경영사항)              (+3),,2026-09-29: 단일판매ㆍ공급계약체결               | 2026-09-28: 유형자산취득결정(종속회사의주요경영사항)               | 2026-09-28: 신규시설투자등               | 2026-09-07: 최대주주등소유주식변동신고서              ,4
LG씨엔에스,064400,8,OK,,단일판매ㆍ공급계약체결              (+5) | 유형자산취득결정              (+3),,2026-10-02: 주식등의대량보유상황보고서(약식) | 2026-09-22: 단일판매ㆍ공급계약체결               | 2026-09-16: 기업설명회(IR)개최(안내공시)               | 2026-09-11: 유형자산취득결정              ,4
자연과환경,043910,8,OK,,주요사항보고서(회사합병결정)(+3) | 단일판매ㆍ공급계약체결              (+5),,2026-10-02: 주주명부폐쇄기간또는기준일설정               | 2026-10-02: 주요사항보고서(회사합병결정) | 2026-09-17: 주식등의대량보유상황보고서(일반) | 2026-09-10: 단일판매ㆍ공급계약체결              ,4
제이에스링크,127120,8,OK,,유형자산취득결정(종속회사의주요경영사항)              (+3) | [기재정정]단일판매ㆍ공급계약체결              (+5),,2026-10-01: 유형자산취득결정(종속회사의주요경영사항)               | 2026-09-30: 기업설명회(IR)개최               | 2026-09-10: [기재정정]단일판매ㆍ공급계약체결               | 2026-09-09: 대표이사변경              ,4
에이피알,278470,9,OK,,[첨부정정]주요사항보고서(회사합병결정)(+3) | 회사합병결정(종속회사의주요경영사항)              (+3) | 주요사항보고서(회사합병결정)(+3),,2026-09-16: [첨부정정]주요사항보고서(회사합병결정) | 2026-09-09: 주주명부폐쇄기간또는기준일설정               | 2026-09-09: 회사합병결정(종속회사의주요경영사항)               | 2026-09-09: 주요사항보고서(회사합병결정),4
코스메카코리아,241710,9,OK,,[첨부정정]주요사항보고서(회사합병결정)(+3) | [기재정정]주요사항보고서(회사합병결정)(+3) | 주요사항보고서(회사합병결정)(+3),,2026-10-02: 주식등의대량보유상황보고서(약식) | 2026-09-28: [첨부정정]주요사항보고서(회사합병결정) | 2026-09-18: [기재정정]주요사항보고서(회사합병결정) | 2026-09-16: 주식등의대량보유상황보고서(일반) | 2026-09-11: 주요사항보고서(회사합병결정),6
유진기업,023410,9,OK,,[첨부정정]주요사항보고서(회사합병결정)(+3) | [첨부정정]주요사항보고서(회사합병결정)(+3) | 주요사항보고서(회사합병결정)(+3),,2026-09-22: [첨부정정]주요사항보고서(회사합병결정) | 2026-09-22: [첨부정정]주요사항보고서(회사합병결정) | 2026-09-21: 주주명부폐쇄기간또는기준일설정               | 2026-09-21: 주요사항보고서(회사합병결정) | 2026-09-10: 해산사유발생(종속회사의주요경영사항)              ,6
한성크린텍,066980,10,OK,,[기재정정]단일판매ㆍ공급계약체결(자율공시)              (+5) | [기재정정]단일판매ㆍ공급계약체결              (+5),,2026-09-28: [기재정정]단일판매ㆍ공급계약체결(자율공시)               | 2026-09-22: [기재정정]단일판매ㆍ공급계약체결              ,2
크린앤사이언스,045520,10,OK,,주요사항보고서(자기주식취득결정)(+5) | 주요사항보고서(자기주식취득결정)(+5),,2026-10-02: 임원ㆍ주요주주특정증권등소유상황보고서 | 2026-10-01: 임원ㆍ주요주주특정증권등거래계획보고서 | 2026-09-30: 임원ㆍ주요주주특정증권등거래계획철회보고서 | 2026-09-30: 임원ㆍ주요주주특정증권등소유상황보고서 | 2026-09-28: 주요사항보고서(자기주식취득결정),15
성우테크론,045300,10,OK,,[기재정정]단일판매ㆍ공급계약체결              (+5) | 단일판매ㆍ공급계약체결              (+5),,2026-09-30: [기재정정]단일판매ㆍ공급계약체결               | 2026-09-29: [기재정정]반기보고서 (2026.06) | 2026-09-15: 독립이사의선임ㆍ해임또는중도퇴임에관한신고 | 2026-09-15: 임시주주총회결과               | 2026-09-10: 단일판매ㆍ공급계약체결              ,5
두산퓨얼셀,336260,10,OK,,단일판매ㆍ공급계약체결              (+5) | [기재정정]단일판매ㆍ공급계약체결              (+5),,2026-09-15: 단일판매ㆍ공급계약체결               | 2026-09-14: [기재정정]단일판매ㆍ공급계약체결               | 2026-09-08: 기업설명회(IR)개최(안내공시)              ,3
피엔티,137400,10,OK,,단일판매ㆍ공급계약체결(자율공시)              (+5) | [기재정정]단일판매ㆍ공급계약체결              (+5),,2026-09-29: 단일판매ㆍ공급계약체결(자율공시)               | 2026-09-09: [기재정정]단일판매ㆍ공급계약체결              ,2
에스케이바이오팜,326030,10,OK,,단일판매ㆍ공급계약체결              (+5) | 단일판매ㆍ공급계약체결              (+5),,2026-09-23: 단일판매ㆍ공급계약체결               | 2026-09-17: 투자판단관련주요경영사항               | 2026-09-15: 최대주주등소유주식변동신고서               | 2026-09-15: 임원ㆍ주요주주특정증권등소유상황보고서 | 2026-09-15: 임원ㆍ주요주주특정증권등소유상황보고서,8
네오셈,253590,10,OK,,[기재정정]단일판매ㆍ공급계약체결              (+5) | [기재정정]단일판매ㆍ공급계약체결(자율공시)              (+5),,2026-09-28: [기재정정]단일판매ㆍ공급계약체결               | 2026-09-28: [기재정정]단일판매ㆍ공급계약체결(자율공시)               | 2026-09-22: 주식등의대량보유상황보고서(일반) | 2026-09-22: 임원ㆍ주요주주특정증권등소유상황보고서,4
위드텍,348350,10,OK,,[기재정정]단일판매ㆍ공급계약체결              (+5) | 단일판매ㆍ공급계약체결(자율공시)              (+5),,2026-09-30: [기재정정]단일판매ㆍ공급계약체결               | 2026-09-30: 단일판매ㆍ공급계약체결(자율공시)              ,2
CG인바이츠,083790,10,OK,,[기재정정]단일판매ㆍ공급계약체결              (+5) | [기재정정]단일판매ㆍ공급계약체결              (+5),,2026-09-30: 임시주주총회결과               | 2026-09-28: [기재정정]타법인주식및출자증권취득결정               | 2026-09-18: 타법인주식및출자증권취득결정               | 2026-09-15: 주주총회소집결의              (임시주주총회) | 2026-09-15: 주주총회소집공고,7
아이빔테크놀로지,460470,10,OK,,단일판매ㆍ공급계약체결              (+5) | 단일판매ㆍ공급계약체결              (+5),,2026-09-28: 단일판매ㆍ공급계약체결               | 2026-09-28: 단일판매ㆍ공급계약체결              ,2
엠브레인,169330,10,OK,,주식소각결정              (+5) | 주요사항보고서(자기주식취득결정)(+5),,2026-10-02: 임원ㆍ주요주주특정증권등소유상황보고서 | 2026-10-02: 임원ㆍ주요주주특정증권등소유상황보고서 | 2026-09-30: 기업가치제고계획(자율공시)               | 2026-09-29: [기재정정]현금ㆍ현물배당결정               | 2026-09-29: [기재정정]사업보고서 (2026.06),12
이노메트리,302430,10,OK,,[기재정정]단일판매ㆍ공급계약체결              (+5) | [기재정정]단일판매ㆍ공급계약체결              (+5),,2026-09-29: [기재정정]단일판매ㆍ공급계약체결               | 2026-09-28: [기재정정]단일판매ㆍ공급계약체결              ,2
코오롱,002020,10,OK,,[기재정정]단일판매ㆍ공급계약체결(자회사의 주요경영사항)              (+5) | 단일판매ㆍ공급계약체결(자회사의 주요경영사항)              (+5),,2026-10-01: 주식등의대량보유상황보고서(일반) | 2026-09-21: 타인에대한담보제공결정(자회사의 주요경영사항)               | 2026-09-18: 주식등의대량보유상황보고서(일반) | 2026-09-18: [기재정정]소송등의제기ㆍ신청(일정금액이상의청구)(자회사의 주요경영사항)               | 2026-09-15: [기재정정]단일판매ㆍ공급계약체결(자회사의 주요경영사항)              ,8
한섬,020000,10,OK,,주식소각결정              (+5) | 주요사항보고서(자기주식취득결정)(+5),,2026-10-02: 최대주주등소유주식변동신고서               | 2026-10-02: 임원ㆍ주요주주특정증권등소유상황보고서 | 2026-10-02: 주식등의대량보유상황보고서(일반) | 2026-10-02: 주식등의대량보유상황보고서(약식) | 2026-09-18: 주식소각결정              ,9
한국종합기술,023350,10,OK,,[기재정정]단일판매ㆍ공급계약체결              (+5) | [기재정정]단일판매ㆍ공급계약체결              (+5),,2026-10-02: [기재정정]단일판매ㆍ공급계약체결               | 2026-09-11: [기재정정]단일판매ㆍ공급계약체결              ,2
피델릭스,032580,10,OK,,단일판매ㆍ공급계약체결              (+5) | 단일판매ㆍ공급계약체결              (+5),,2026-09-30: 단기차입금증가결정               | 2026-09-30: [기재정정]반기보고서 (2026.06) | 2026-09-29: 단일판매ㆍ공급계약체결               | 2026-09-21: 단기차입금증가결정               | 2026-09-10: 단일판매ㆍ공급계약체결              ,5
우리기술,032820,10,OK,,[기재정정]단일판매ㆍ공급계약체결              (+5) | [기재정정]단일판매ㆍ공급계약체결              (+5),,2026-09-30: 주요사항보고서(자기전환사채만기전취득결정) | 2026-09-22: 주주총회소집결의              (임시주주총회) | 2026-09-22: 주주명부폐쇄기간또는기준일설정               | 2026-09-21: [기재정정]단일판매ㆍ공급계약체결               | 2026-09-21: [기재정정]단일판매ㆍ공급계약체결              ,5
동아쏘시오홀딩스,000640,10,OK,,[기재정정]단일판매ㆍ공급계약체결(자회사의 주요경영사항)              (+5) | 단일판매ㆍ공급계약체결(자회사의 주요경영사항)              (+5),,2026-10-02: 지주회사의자회사편입               | 2026-10-02: 지주회사의자회사탈퇴               | 2026-10-02: 합병등종료보고서(합병) | 2026-10-02: 주식등의대량보유상황보고서(약식) | 2026-09-30: [기재정정]단일판매ㆍ공급계약체결(자회사의 주요경영사항)              ,9
아이퀘스트,262840,10,OK,,주요사항보고서(자기주식취득결정)(+5) | 주식소각결정              (+5),,2026-09-29: 주요사항보고서(자기주식취득결정) | 2026-09-09: 주식소각결정              ,2
한화시스템,272210,10,OK,,단일판매ㆍ공급계약체결              (+5) | 단일판매ㆍ공급계약체결              (+5),,2026-10-02: 주식등의대량보유상황보고서(약식) | 2026-09-23: 단일판매ㆍ공급계약체결               | 2026-09-18: 타인에대한채무보증결정               | 2026-09-18: 타법인주식및출자증권처분결정(종속회사의주요경영사항)               | 2026-09-18: 주식등의대량보유상황보고서(일반),13
모비스,250060,10,OK,,[기재정정]단일판매ㆍ공급계약체결              (+5) | 단일판매ㆍ공급계약체결              (+5),,2026-09-30: [기재정정]단일판매ㆍ공급계약체결               | 2026-09-29: 단일판매ㆍ공급계약체결              ,2
빅텍,065450,10,OK,,[기재정정]단일판매ㆍ공급계약체결              (+5) | [기재정정]단일판매ㆍ공급계약체결              (+5),,2026-09-16: [기재정정]단일판매ㆍ공급계약체결               | 2026-09-10: [기재정정]단일판매ㆍ공급계약체결              ,2
세보엠이씨,011560,10,OK,,[기재정정]단일판매ㆍ공급계약체결(자율공시)              (+5) | 단일판매ㆍ공급계약체결              (+5),,2026-09-30: [기재정정]단일판매ㆍ공급계약체결(자율공시)               | 2026-09-14: 단일판매ㆍ공급계약체결              ,2
우원개발,046940,10,OK,,[기재정정]단일판매ㆍ공급계약체결              (+5) | [기재정정]단일판매ㆍ공급계약체결              (+5),,2026-09-30: [기재정정]단일판매ㆍ공급계약체결               | 2026-09-23: 대표이사변경               | 2026-09-17: [기재정정]금전대여결정               | 2026-09-07: [기재정정]단일판매ㆍ공급계약체결              ,4
쎄노텍,222420,10,OK,,[기재정정]주요사항보고서(자기주식취득결정)(+5) | 주요사항보고서(자기주식취득결정)(+5),,2026-09-09: [기재정정]주요사항보고서(자기주식취득결정) | 2026-09-09: 주요사항보고서(자기주식취득결정),2
필에너지,378340,10,OK,,[기재정정]단일판매ㆍ공급계약체결              (+5) | [기재정정]단일판매ㆍ공급계약체결              (+5),,2026-10-02: 임원ㆍ주요주주특정증권등소유상황보고서 | 2026-10-02: 임원ㆍ주요주주특정증권등소유상황보고서 | 2026-10-02: 임원ㆍ주요주주특정증권등소유상황보고서 | 2026-09-30: [기재정정]단일판매ㆍ공급계약체결               | 2026-09-22: [기재정정]단일판매ㆍ공급계약체결              ,5
DL이앤씨,375500,10,OK,,[기재정정]단일판매ㆍ공급계약체결              (+5) | [기재정정]단일판매ㆍ공급계약체결              (+5),,2026-10-02: 주식등의대량보유상황보고서(약식) | 2026-10-02: [기재정정]단일판매ㆍ공급계약체결               | 2026-09-29: 기타경영사항(자율공시)               | 2026-09-22: 동일인등출자계열회사와의상품ㆍ용역거래 | 2026-09-17: 중대재해발생(종속회사의주요경영사항)              ,6
셀트리온,068270,10,OK,,주요사항보고서(자기주식취득결정)(+5) | 주식소각결정              (+5),,2026-09-29: 주요사항보고서(자기주식취득결정) | 2026-09-23: 주식등의대량보유상황보고서(일반) | 2026-09-23: 투자판단관련주요경영사항              (CTP13 SC(짐펜트라) 미국 임상 3상 시험계획 승인) | 2026-09-21: 투자판단관련주요경영사항              (CTP44(다잘렉스 바이오시밀러) 유럽 임상 3상 시험계획 변경신청 승인(Part1&2)) | 2026-09-16: 주식소각결정              ,8
엔알비,475230,10,OK,,단일판매ㆍ공급계약체결              (+5) | 단일판매ㆍ공급계약체결(자율공시)              (+5),,2026-09-28: 단일판매ㆍ공급계약체결               | 2026-09-28: 단일판매ㆍ공급계약체결(자율공시)              ,2
SFA넥셀,222080,10,OK,,[기재정정]단일판매ㆍ공급계약체결              (+5) | [기재정정]단일판매ㆍ공급계약체결              (+5),,2026-09-28: [기재정정]단일판매ㆍ공급계약체결               | 2026-09-14: [기재정정]단일판매ㆍ공급계약체결              ,2
동아지질,028100,10,OK,,[기재정정]단일판매ㆍ공급계약체결              (+5) | [기재정정]단일판매ㆍ공급계약체결              (+5),,2026-09-30: [기재정정]단일판매ㆍ공급계약체결               | 2026-09-30: [기재정정]단일판매ㆍ공급계약체결               | 2026-09-23: 풍문또는보도에대한해명(미확정)               | 2026-09-09: 소송등의제기ㆍ신청(일정금액이상의청구)              ,4
서한,011370,10,OK,,[기재정정]단일판매ㆍ공급계약체결(자율공시)              (+5) | 단일판매ㆍ공급계약체결              (+5),,2026-09-29: [기재정정]단일판매ㆍ공급계약체결(자율공시)               | 2026-09-08: 단일판매ㆍ공급계약체결              ,2
HS화성,002460,10,OK,,단일판매ㆍ공급계약체결              (+5) | 단일판매ㆍ공급계약체결              (+5),,2026-09-22: 단일판매ㆍ공급계약체결               | 2026-09-09: 단일판매ㆍ공급계약체결              ,2
신흥,004080,10,OK,,주요사항보고서(자기주식취득결정)(+5) | 주식소각결정              (+5),,2026-09-30: 최대주주등소유주식변동신고서               | 2026-09-29: [기재정정]기업지배구조보고서공시               | 2026-09-21: 최대주주등소유주식변동신고서               | 2026-09-18: 주요사항보고서(자기주식취득결정) | 2026-09-11: 주식소각결정              ,7
신원종합개발,017000,10,OK,,단일판매ㆍ공급계약체결              (+5) | 단일판매ㆍ공급계약체결              (+5),,2026-10-02: 단일판매ㆍ공급계약체결               | 2026-09-29: 단일판매ㆍ공급계약체결               | 2026-09-23: 금전대여결정              (대여기간 연장),3
대한해운,005880,10,OK,,단일판매ㆍ공급계약체결              (+5) | 단일판매ㆍ공급계약체결              (+5),,2026-10-01: 단일판매ㆍ공급계약체결               | 2026-09-11: 주식등의대량보유상황보고서(일반) | 2026-09-10: 단일판매ㆍ공급계약체결              ,3
DL,000210,10,OK,,[기재정정]단일판매ㆍ공급계약체결(자회사의 주요경영사항)              (+5) | [기재정정]단일판매ㆍ공급계약체결(자회사의 주요경영사항)              (+5),,2026-10-02: 주식등의대량보유상황보고서(약식) | 2026-10-02: [기재정정]단일판매ㆍ공급계약체결(자회사의 주요경영사항)               | 2026-09-07: [기재정정]단일판매ㆍ공급계약체결(자회사의 주요경영사항)              ,3
기가레인,049080,10,OK,,[기재정정]단일판매ㆍ공급계약체결(자율공시)              (+5) | [기재정정]단일판매ㆍ공급계약체결(자율공시)              (+5),,2026-09-30: [기재정정]단일판매ㆍ공급계약체결(자율공시)               | 2026-09-30: [기재정정]단일판매ㆍ공급계약체결(자율공시)               | 2026-09-18: 독립이사의선임ㆍ해임또는중도퇴임에관한신고 | 2026-09-18: 임시주주총회결과              ,4
RF머트리얼즈,327260,10,OK,,단일판매ㆍ공급계약체결              (+5) | 주식소각결정              (+5),,2026-10-02: 주식등의대량보유상황보고서(약식) | 2026-09-28: 단일판매ㆍ공급계약체결               | 2026-09-17: 임원ㆍ주요주주특정증권등소유상황보고서 | 2026-09-08: 주식소각결정              ,4
아시아나IDT,267850,10,OK,,단일판매ㆍ공급계약체결              (+5) | 단일판매ㆍ공급계약체결              (+5),,2026-09-16: 단일판매ㆍ공급계약체결               | 2026-09-15: 단일판매ㆍ공급계약체결              ,2
팬오션,028670,10,OK,,단일판매ㆍ공급계약체결(자율공시)              (+5) | 단일판매ㆍ공급계약체결              (+5),,2026-10-01: 단일판매ㆍ공급계약체결(자율공시)               | 2026-09-28: 동일인등출자계열회사와의상품ㆍ용역거래 | 2026-09-28: 단일판매ㆍ공급계약체결               | 2026-09-22: 주식등의대량보유상황보고서(일반),4
씨엔플러스,115530,10,OK,,[기재정정]단일판매ㆍ공급계약체결              (+5) | [기재정정]단일판매ㆍ공급계약체결              (+5),,2026-09-30: [기재정정]단일판매ㆍ공급계약체결               | 2026-09-14: [기재정정]단일판매ㆍ공급계약체결              ,2
케이티앤지,033780,10,OK,,주식소각결정              (+5) | 주요사항보고서(자기주식취득결정)(+5),,2026-09-22: 주식소각결정               | 2026-09-22: 주요사항보고서(자기주식취득결정) | 2026-09-18: 소송등의판결ㆍ결정(자율공시:일정금액미만의청구)               | 2026-09-07: 주식등의대량보유상황보고서(약식),4
일신바이오,068330,10,OK,,단일판매ㆍ공급계약체결(자율공시)              (+5) | [기재정정]단일판매ㆍ공급계약체결              (+5),,2026-10-02: 단일판매ㆍ공급계약체결(자율공시)               | 2026-09-30: [기재정정]단일판매ㆍ공급계약체결              ,2
인텍플러스,064290,10,OK,,[기재정정]단일판매ㆍ공급계약체결              (+5) | 단일판매ㆍ공급계약체결(자율공시)              (+5),,2026-10-02: 주식등의대량보유상황보고서(약식) | 2026-09-22: [기재정정]단일판매ㆍ공급계약체결               | 2026-09-16: 주식매수선택권부여에관한신고 | 2026-09-11: 주식등의대량보유상황보고서(약식) | 2026-09-09: 단일판매ㆍ공급계약체결(자율공시)              ,5
상상인,038540,10,OK,,[기재정정]주요사항보고서(자기주식취득결정)(+5) | 주요사항보고서(자기주식취득결정)(+5),,2026-10-02: [기재정정]주요사항보고서(자기주식취득결정) | 2026-10-02: 주요사항보고서(자기주식취득결정) | 2026-09-30: 신탁계약해지결과보고서 | 2026-09-30: 주요사항보고서(자기주식취득신탁계약해지결정) | 2026-09-21: 신탁계약에의한취득상황보고서,6
선익시스템,171090,10,OK,,[기재정정]단일판매ㆍ공급계약체결              (+5) | [기재정정]단일판매ㆍ공급계약체결              (+5),,2026-10-02: 주식등의대량보유상황보고서(약식) | 2026-09-30: [기재정정]단일판매ㆍ공급계약체결               | 2026-09-22: 기업설명회(IR)개최               | 2026-09-15: [기재정정]단일판매ㆍ공급계약체결               | 2026-09-14: 기업설명회(IR)개최              ,6
뷰티스킨,406820,10,OK,,단일판매ㆍ공급계약체결(자율공시)              (+5) | 단일판매ㆍ공급계약체결              (+5),,2026-10-01: 단일판매ㆍ공급계약체결(자율공시)               | 2026-09-16: 단일판매ㆍ공급계약체결              ,2
HD현대중공업,329180,13,OK,,[기재정정]단일판매ㆍ공급계약체결              (+5) | 단일판매ㆍ공급계약체결(자율공시)              (+5) | 영업(잠정)실적(공정공시)              (+3),,2026-09-30: 기업설명회(IR)개최(안내공시)               | 2026-09-30: [기재정정]단일판매ㆍ공급계약체결               | 2026-09-22: 단일판매ㆍ공급계약체결(자율공시)               | 2026-09-18: 조회공시요구(풍문또는보도)에대한답변(미확정)               | 2026-09-18: 풍문또는보도에대한해명(미확정)              ,9
선도전기,007610,15,OK,,단일판매ㆍ공급계약체결              (+5) | [기재정정]단일판매ㆍ공급계약체결              (+5) | [기재정정]단일판매ㆍ공급계약체결              (+5),,2026-10-01: 단일판매ㆍ공급계약체결               | 2026-09-30: [기재정정]단일판매ㆍ공급계약체결               | 2026-09-30: [기재정정]반기보고서 (2026.06) | 2026-09-22: [기재정정]기업지배구조보고서공시               | 2026-09-22: [기재정정]단일판매ㆍ공급계약체결              ,5
대아티아이,045390,15,OK,,[기재정정]단일판매ㆍ공급계약체결              (+5) | [기재정정]단일판매ㆍ공급계약체결              (+5) | [기재정정]단일판매ㆍ공급계약체결              (+5),,2026-09-30: [기재정정]단일판매ㆍ공급계약체결               | 2026-09-21: [기재정정]단일판매ㆍ공급계약체결               | 2026-09-14: [기재정정]단일판매ㆍ공급계약체결               | 2026-09-09: 대표이사변경              ,4
코오롱글로벌,003070,15,OK,,[기재정정]단일판매ㆍ공급계약체결              (+5) | [기재정정]단일판매ㆍ공급계약체결(자율공시)              (+5) | 단일판매ㆍ공급계약체결              (+5),,2026-09-23: 풍문또는보도에대한해명(미확정)               | 2026-09-18: [기재정정]소송등의제기ㆍ신청(일정금액이상의청구)               | 2026-09-15: [기재정정]단일판매ㆍ공급계약체결               | 2026-09-10: [기재정정]단일판매ㆍ공급계약체결(자율공시)               | 2026-09-08: 단일판매ㆍ공급계약체결              ,5
한화오션,042660,15,OK,,단일판매ㆍ공급계약체결              (+5) | 주요사항보고서(자기주식취득결정)(+5) | [기재정정]단일판매ㆍ공급계약체결              (+5),,2026-09-29: 특수관계인과의내부거래 | 2026-09-28: 단일판매ㆍ공급계약체결               | 2026-09-28: 주요사항보고서(자기주식취득결정) | 2026-09-28: 동일인등출자계열회사와의상품ㆍ용역거래 | 2026-09-28: 약관에의한금융거래시계열금융회사의거래상대방의공시,8
KCC건설,021320,15,OK,,[기재정정]단일판매ㆍ공급계약체결(자율공시)              (+5) | [기재정정]단일판매ㆍ공급계약체결(자율공시)              (+5) | [기재정정]단일판매ㆍ공급계약체결              (+5),,2026-09-29: [기재정정]단일판매ㆍ공급계약체결(자율공시)               | 2026-09-16: [기재정정]단일판매ㆍ공급계약체결(자율공시)               | 2026-09-15: [기재정정]단일판매ㆍ공급계약체결               | 2026-09-14: [기재정정]타인에대한채무보증결정              ,4
LS,006260,15,OK,,단일판매ㆍ공급계약체결(자회사의 주요경영사항)              (+5) | [기재정정]단일판매ㆍ공급계약체결(자회사의 주요경영사항)              (+5) | [기재정정]단일판매ㆍ공급계약체결(자회사의 주요경영사항)              (+5),,2026-10-01: 단일판매ㆍ공급계약체결(자회사의 주요경영사항)               | 2026-09-30: [기재정정]단일판매ㆍ공급계약체결(자회사의 주요경영사항)               | 2026-09-30: [기재정정]단일판매ㆍ공급계약체결(자회사의 주요경영사항)               | 2026-09-30: 풍문또는보도에대한해명(미확정)(자회사의 주요경영사항)               | 2026-09-30: 타법인주식및출자증권취득결정(자회사의 주요경영사항)              ,9
씨메스로보틱스,475400,15,OK,,[기재정정]단일판매ㆍ공급계약체결              (+5) | [기재정정]단일판매ㆍ공급계약체결              (+5) | [기재정정]단일판매ㆍ공급계약체결              (+5),,2026-09-30: [기재정정]단일판매ㆍ공급계약체결               | 2026-09-30: [기재정정]단일판매ㆍ공급계약체결               | 2026-09-23: [기재정정]단일판매ㆍ공급계약체결              ,3
에코심플렉스,038870,15,OK,,[기재정정]단일판매ㆍ공급계약체결              (+5) | [기재정정]단일판매ㆍ공급계약체결              (+5) | [기재정정]단일판매ㆍ공급계약체결              (+5),,2026-09-22: [기재정정]단일판매ㆍ공급계약체결               | 2026-09-18: [기재정정]단일판매ㆍ공급계약체결               | 2026-09-14: [기재정정]단일판매ㆍ공급계약체결              ,3
희림,037440,15,OK,,[기재정정]단일판매ㆍ공급계약체결              (+5) | [기재정정]단일판매ㆍ공급계약체결              (+5) | [기재정정]단일판매ㆍ공급계약체결(자율공시)              (+5),,2026-09-30: [기재정정]단일판매ㆍ공급계약체결               | 2026-09-30: [기재정정]단일판매ㆍ공급계약체결               | 2026-09-22: [기재정정]단일판매ㆍ공급계약체결(자율공시)              ,3
미래산업,025560,15,OK,,단일판매ㆍ공급계약체결              (+5) | [기재정정]단일판매ㆍ공급계약체결              (+5) | [기재정정]단일판매ㆍ공급계약체결              (+5),,2026-09-29: [기재정정]타법인주식및출자증권처분결정               | 2026-09-28: 단일판매ㆍ공급계약체결               | 2026-09-22: [기재정정]단일판매ㆍ공급계약체결               | 2026-09-11: [기재정정]단일판매ㆍ공급계약체결              ,4
삼일씨엔에스,004440,15,OK,,단일판매ㆍ공급계약체결              (+5) | [기재정정]단일판매ㆍ공급계약체결              (+5) | 단일판매ㆍ공급계약체결              (+5),,2026-09-23: 단일판매ㆍ공급계약체결               | 2026-09-22: [기재정정]단일판매ㆍ공급계약체결               | 2026-09-15: 단일판매ㆍ공급계약체결              ,3
강원에너지,114190,15,OK,,[기재정정]단일판매ㆍ공급계약체결              (+5) | [기재정정]단일판매ㆍ공급계약체결              (+5) | [기재정정]단일판매ㆍ공급계약체결              (+5),,2026-10-02: 주식등의대량보유상황보고서(일반) | 2026-09-30: [기재정정]단일판매ㆍ공급계약체결               | 2026-09-30: [기재정정]단일판매ㆍ공급계약체결               | 2026-09-23: 주주총회소집결의              (임시주주총회) | 2026-09-23: 주주명부폐쇄기간또는기준일설정              ,6
동부건설,005960,15,OK,,[기재정정]단일판매ㆍ공급계약체결              (+5) | 단일판매ㆍ공급계약체결              (+5) | 단일판매ㆍ공급계약체결              (+5),,2026-09-29: 투자판단관련주요경영사항               | 2026-09-21: 투자판단관련주요경영사항               | 2026-09-14: [기재정정]단일판매ㆍ공급계약체결               | 2026-09-11: 단일판매ㆍ공급계약체결               | 2026-09-09: 단일판매ㆍ공급계약체결              ,5
세미파이브,490470,15,OK,,단일판매ㆍ공급계약체결              (+5) | 단일판매ㆍ공급계약체결              (+5) | 단일판매ㆍ공급계약체결              (+5),,2026-10-01: 단일판매ㆍ공급계약체결               | 2026-09-29: 단일판매ㆍ공급계약체결               | 2026-09-09: 주식등의대량보유상황보고서(약식) | 2026-09-08: 단일판매ㆍ공급계약체결              ,4
계룡건설산업,013580,15,OK,,[기재정정]단일판매ㆍ공급계약체결              (+5) | 단일판매ㆍ공급계약체결              (+5) | 단일판매ㆍ공급계약체결              (+5),,2026-09-30: [기재정정]단일판매ㆍ공급계약체결               | 2026-09-30: 단일판매ㆍ공급계약체결               | 2026-09-29: 투자판단관련주요경영사항               | 2026-09-17: 단일판매ㆍ공급계약체결               | 2026-09-14: 투자판단관련주요경영사항              ,6
SNT홀딩스,036530,15,OK,,주식소각결정(자회사의 주요경영사항)              (+5) | 주식소각결정(자회사의 주요경영사항)              (+5) | 주식소각결정              (+5),,2026-09-30: 임원ㆍ주요주주특정증권등거래계획보고서 | 2026-09-29: 주식소각결정(자회사의 주요경영사항)               | 2026-09-28: 주식소각결정(자회사의 주요경영사항)               | 2026-09-28: 주식소각결정               | 2026-09-14: 주주명부폐쇄기간또는기준일설정              ,5
나우로보틱스,459510,15,OK,,[기재정정]단일판매ㆍ공급계약체결              (+5) | [기재정정]단일판매ㆍ공급계약체결(자율공시)              (+5) | 단일판매ㆍ공급계약체결              (+5),,2026-09-30: [기재정정]단일판매ㆍ공급계약체결               | 2026-09-28: 주주총회소집공고 | 2026-09-28: [기재정정]주주총회소집결의              (임시주주총회) | 2026-09-18: [기재정정]단일판매ㆍ공급계약체결(자율공시)               | 2026-09-14: 임원ㆍ주요주주특정증권등소유상황보고서,7
현대로템,064350,15,OK,,단일판매ㆍ공급계약체결              (+5) | 단일판매ㆍ공급계약체결              (+5) | [기재정정]단일판매ㆍ공급계약체결              (+5),,2026-10-01: 기업설명회(IR)개최(안내공시)               | 2026-10-01: 결산실적공시예고(안내공시)               | 2026-09-30: 단일판매ㆍ공급계약체결               | 2026-09-23: 단일판매ㆍ공급계약체결               | 2026-09-23: 약관에의한금융거래시계열금융회사의거래상대방의공시,8
퀄리타스반도체,432720,15,OK,,단일판매ㆍ공급계약체결              (+5) | [기재정정]단일판매ㆍ공급계약체결              (+5) | 단일판매ㆍ공급계약체결              (+5),,2026-10-01: 단일판매ㆍ공급계약체결               | 2026-09-29: 임원ㆍ주요주주특정증권등소유상황보고서 | 2026-09-28: 임원ㆍ주요주주특정증권등소유상황보고서 | 2026-09-15: [기재정정]단일판매ㆍ공급계약체결               | 2026-09-10: 단일판매ㆍ공급계약체결              ,5
HD한국조선해양,009540,16,OK,,[기재정정]단일판매ㆍ공급계약체결(자회사의 주요경영사항)              (+5) | 영업(잠정)실적(공정공시)              (+3) | 영업(잠정)실적(공정공시)(자회사의 주요경영사항)              (+3) | [기재정정]단일판매ㆍ공급계약체결(자회사의 주요경영사항)              (+5),,2026-09-30: [기재정정]단일판매ㆍ공급계약체결(자회사의 주요경영사항)               | 2026-09-17: 풍문또는보도에대한해명(미확정)               | 2026-09-14: 영업(잠정)실적(공정공시)               | 2026-09-14: 영업(잠정)실적(공정공시)(자회사의 주요경영사항)               | 2026-09-10: 신규시설투자등(자회사의 주요경영사항)              ,6
비에이치아이,083650,20,OK,,[기재정정]단일판매ㆍ공급계약체결              (+5) | [기재정정]단일판매ㆍ공급계약체결(자율공시)              (+5) | 단일판매ㆍ공급계약체결              (+5) | [기재정정]단일판매ㆍ공급계약체결(자율공시)              (+5),,2026-09-23: [기재정정]단일판매ㆍ공급계약체결               | 2026-09-21: [기재정정]단일판매ㆍ공급계약체결(자율공시)               | 2026-09-16: 단일판매ㆍ공급계약체결               | 2026-09-10: [기재정정]단일판매ㆍ공급계약체결(자율공시)              ,4
삼성중공업,010140,20,OK,,단일판매ㆍ공급계약체결              (+5) | 단일판매ㆍ공급계약체결              (+5) | 단일판매ㆍ공급계약체결              (+5) | [기재정정]단일판매ㆍ공급계약체결              (+5),,2026-10-02: 단일판매ㆍ공급계약체결               | 2026-09-30: 단일판매ㆍ공급계약체결               | 2026-09-14: 단일판매ㆍ공급계약체결               | 2026-09-11: [기재정정]단일판매ㆍ공급계약체결               | 2026-09-10: 최대주주등소유주식변동신고서              ,5
효성,004800,20,OK,,[기재정정]단일판매ㆍ공급계약체결(자회사의 주요경영사항)              (+5) | 단일판매ㆍ공급계약체결(자회사의 주요경영사항)              (+5) | 단일판매ㆍ공급계약체결(자회사의 주요경영사항)              (+5) | [기재정정]단일판매ㆍ공급계약체결(자회사의 주요경영사항)              (+5),,2026-09-30: [기재정정]단일판매ㆍ공급계약체결(자회사의 주요경영사항)               | 2026-09-29: 임원ㆍ주요주주특정증권등거래계획보고서 | 2026-09-15: 단일판매ㆍ공급계약체결(자회사의 주요경영사항)               | 2026-09-15: 단일판매ㆍ공급계약체결(자회사의 주요경영사항)               | 2026-09-14: [기재정정]단일판매ㆍ공급계약체결(자회사의 주요경영사항)              ,9
서희건설,035890,20,OK,,[기재정정]단일판매ㆍ공급계약체결              (+5) | [기재정정]단일판매ㆍ공급계약체결              (+5) | [기재정정]단일판매ㆍ공급계약체결              (+5) | 단일판매ㆍ공급계약체결              (+5),,2026-10-02: [기재정정]단일판매ㆍ공급계약체결               | 2026-09-22: [기재정정]단일판매ㆍ공급계약체결               | 2026-09-21: [기재정정]단일판매ㆍ공급계약체결               | 2026-09-21: 단일판매ㆍ공급계약체결               | 2026-09-11: 기타경영사항(자율공시)              (손해배상 청구의 소에 대한 항소제기),5
진흥기업,002780,20,OK,,[기재정정]단일판매ㆍ공급계약체결              (+5) | [기재정정]단일판매ㆍ공급계약체결              (+5) | 단일판매ㆍ공급계약체결              (+5) | [기재정정]단일판매ㆍ공급계약체결              (+5),,2026-10-02: 현금ㆍ현물배당결정               | 2026-09-22: [기재정정]단일판매ㆍ공급계약체결               | 2026-09-18: 풍문또는보도에대한해명(미확정)               | 2026-09-15: 종류주식의보통주식으로전환(안내공시)               | 2026-09-15: 종류주식의보통주식으로전환(안내공시)              ,9
삼성E&A,028050,20,OK,,[기재정정]단일판매ㆍ공급계약체결              (+5) | [기재정정]단일판매ㆍ공급계약체결              (+5) | [기재정정]단일판매ㆍ공급계약체결              (+5) | 단일판매ㆍ공급계약체결              (+5),,2026-10-02: 주식등의대량보유상황보고서(약식) | 2026-10-01: 최대주주등소유주식변동신고서               | 2026-09-30: [기재정정]단일판매ㆍ공급계약체결               | 2026-09-30: [기재정정]단일판매ㆍ공급계약체결               | 2026-09-21: 기업설명회(IR)개최(안내공시)              ,9
효성중공업,298040,20,OK,,[기재정정]단일판매ㆍ공급계약체결              (+5) | 단일판매ㆍ공급계약체결              (+5) | 단일판매ㆍ공급계약체결              (+5) | [기재정정]단일판매ㆍ공급계약체결              (+5),,2026-09-30: [기재정정]단일판매ㆍ공급계약체결               | 2026-09-29: 최대주주등소유주식변동신고서               | 2026-09-29: 임원ㆍ주요주주특정증권등소유상황보고서 | 2026-09-29: 주식등의대량보유상황보고서(일반) | 2026-09-18: 풍문또는보도에대한해명(미확정)              ,8
남광토건,001260,20,OK,,[기재정정]단일판매ㆍ공급계약체결              (+5) | [기재정정]단일판매ㆍ공급계약체결              (+5) | [기재정정]단일판매ㆍ공급계약체결              (+5) | [기재정정]단일판매ㆍ공급계약체결              (+5),,2026-09-30: [기재정정]단일판매ㆍ공급계약체결               | 2026-09-30: [기재정정]단일판매ㆍ공급계약체결               | 2026-09-28: 투자판단관련주요경영사항               | 2026-09-18: [기재정정]단일판매ㆍ공급계약체결               | 2026-09-08: 단기차입금증가결정              ,8
삼호개발,010960,20,OK,,[기재정정]단일판매ㆍ공급계약체결              (+5) | [기재정정]단일판매ㆍ공급계약체결              (+5) | [기재정정]단일판매ㆍ공급계약체결              (+5) | [기재정정]단일판매ㆍ공급계약체결              (+5),,2026-09-30: [기재정정]단일판매ㆍ공급계약체결               | 2026-09-29: [기재정정]단일판매ㆍ공급계약체결               | 2026-09-09: [기재정정]단일판매ㆍ공급계약체결               | 2026-09-08: [기재정정]단일판매ㆍ공급계약체결              ,4
현대건설,000720,20,OK,,단일판매ㆍ공급계약체결              (+5) | [기재정정]단일판매ㆍ공급계약체결              (+5) | [기재정정]단일판매ㆍ공급계약체결              (+5) | [기재정정]단일판매ㆍ공급계약체결              (+5),,2026-10-01: [기재정정]중대재해발생               | 2026-09-30: 기타경영사항(자율공시)               | 2026-09-30: 중대재해발생               | 2026-09-23: 기업설명회(IR)개최(안내공시)               | 2026-09-23: 단일판매ㆍ공급계약체결              ,13
HJ중공업,097230,20,OK,,[기재정정]단일판매ㆍ공급계약체결              (+5) | 단일판매ㆍ공급계약체결              (+5) | [기재정정]단일판매ㆍ공급계약체결              (+5) | [기재정정]단일판매ㆍ공급계약체결              (+5),,2026-09-30: [기재정정]단일판매ㆍ공급계약체결               | 2026-09-22: 단일판매ㆍ공급계약체결               | 2026-09-21: 투자판단관련주요경영사항               | 2026-09-18: [기재정정]단일판매ㆍ공급계약체결               | 2026-09-11: [기재정정]단일판매ㆍ공급계약체결              ,5
우진,105840,20,OK,,[기재정정]단일판매ㆍ공급계약체결              (+5) | [기재정정]단일판매ㆍ공급계약체결              (+5) | [기재정정]단일판매ㆍ공급계약체결(자율공시)              (+5) | 주식소각결정              (+5),,2026-09-30: 주식등의대량보유상황보고서(일반) | 2026-09-21: [기재정정]단일판매ㆍ공급계약체결               | 2026-09-17: [기재정정]단일판매ㆍ공급계약체결               | 2026-09-17: [기재정정]단일판매ㆍ공급계약체결(자율공시)               | 2026-09-17: 주식등의대량보유상황보고서(일반),6
금호건설,002990,30,OK,,[기재정정]단일판매ㆍ공급계약체결              (+5) | [기재정정]단일판매ㆍ공급계약체결              (+5) | [기재정정]단일판매ㆍ공급계약체결              (+5) | [기재정정]단일판매ㆍ공급계약체결              (+5) | [기재정정]단일판매ㆍ공급계약체결              (+5),,2026-10-02: [기재정정]단일판매ㆍ공급계약체결               | 2026-10-01: [기재정정]단일판매ㆍ공급계약체결               | 2026-09-21: [기재정정]단일판매ㆍ공급계약체결               | 2026-09-21: 소송등의제기ㆍ신청(일정금액이상의청구)               | 2026-09-18: 투자판단관련주요경영사항              ,8
스피어,347700,30,OK,,[기재정정]단일판매ㆍ공급계약체결              (+5) | 단일판매ㆍ공급계약체결              (+5) | [기재정정]단일판매ㆍ공급계약체결              (+5) | [기재정정]단일판매ㆍ공급계약체결              (+5) | [기재정정]단일판매ㆍ공급계약체결              (+5),,2026-09-30: 기업설명회(IR)개최               | 2026-09-29: [기재정정]단일판매ㆍ공급계약체결               | 2026-09-28: 기업설명회(IR)개최               | 2026-09-23: 단일판매ㆍ공급계약체결               | 2026-09-22: [기재정정]단일판매ㆍ공급계약체결              ,11
IPARK현대산업개발,294870,30,OK,,[기재정정]단일판매ㆍ공급계약체결              (+5) | 단일판매ㆍ공급계약체결              (+5) | 단일판매ㆍ공급계약체결              (+5) | 단일판매ㆍ공급계약체결              (+5) | 단일판매ㆍ공급계약체결              (+5),,2026-10-02: 주식등의대량보유상황보고서(약식) | 2026-09-30: [기재정정]단일판매ㆍ공급계약체결               | 2026-09-28: 단일판매ㆍ공급계약체결               | 2026-09-28: 타인에대한채무보증결정               | 2026-09-22: 단일판매ㆍ공급계약체결              ,11
GS건설,006360,30,OK,,[기재정정]단일판매ㆍ공급계약체결              (+5) | [기재정정]단일판매ㆍ공급계약체결              (+5) | [기재정정]단일판매ㆍ공급계약체결              (+5) | [기재정정]단일판매ㆍ공급계약체결              (+5) | 단일판매ㆍ공급계약체결              (+5),,2026-10-02: 주식등의대량보유상황보고서(약식) | 2026-10-02: [기재정정]단일판매ㆍ공급계약체결               | 2026-10-02: 기타경영사항(자율공시)               | 2026-09-22: [기재정정]주요사항보고서(영업정지) | 2026-09-18: [기재정정]단일판매ㆍ공급계약체결              ,10
한전산업,130660,30,OK,,[기재정정]단일판매ㆍ공급계약체결              (+5) | [기재정정]단일판매ㆍ공급계약체결              (+5) | [기재정정]단일판매ㆍ공급계약체결(자율공시)              (+5) | [기재정정]단일판매ㆍ공급계약체결              (+5) | [기재정정]단일판매ㆍ공급계약체결              (+5),,2026-09-30: [기재정정]단일판매ㆍ공급계약체결               | 2026-09-28: [기재정정]단일판매ㆍ공급계약체결               | 2026-09-22: [기재정정]단일판매ㆍ공급계약체결(자율공시)               | 2026-09-16: [기재정정]단일판매ㆍ공급계약체결               | 2026-09-16: [기재정정]단일판매ㆍ공급계약체결              ,6
티에스아이,277880,30,OK,,[기재정정]단일판매ㆍ공급계약체결              (+5) | [기재정정]단일판매ㆍ공급계약체결              (+5) | [기재정정]단일판매ㆍ공급계약체결              (+5) | [기재정정]단일판매ㆍ공급계약체결              (+5) | [기재정정]단일판매ㆍ공급계약체결              (+5),,2026-10-02: [기재정정]단일판매ㆍ공급계약체결               | 2026-09-30: [기재정정]단일판매ㆍ공급계약체결               | 2026-09-30: [기재정정]단일판매ㆍ공급계약체결               | 2026-09-29: [기재정정]단일판매ㆍ공급계약체결               | 2026-09-28: [기재정정]단일판매ㆍ공급계약체결              ,7
대우건설,047040,30,OK,,단일판매ㆍ공급계약체결              (+5) | 단일판매ㆍ공급계약체결              (+5) | 단일판매ㆍ공급계약체결              (+5) | 주식소각결정              (+5) | [기재정정]단일판매ㆍ공급계약체결              (+5),,2026-10-02: 대표이사(대표집행임원)변경(안내공시)               | 2026-10-02: 임시주주총회결과               | 2026-09-28: 투자판단관련주요경영사항               | 2026-09-21: 단일판매ㆍ공급계약체결               | 2026-09-18: 단일판매ㆍ공급계약체결              ,14
HDC,012630,30,OK,,[기재정정]단일판매ㆍ공급계약체결(자회사의 주요경영사항)              (+5) | 단일판매ㆍ공급계약체결(자회사의 주요경영사항)              (+5) | 단일판매ㆍ공급계약체결(자회사의 주요경영사항)              (+5) | 단일판매ㆍ공급계약체결(자회사의 주요경영사항)              (+5) | 단일판매ㆍ공급계약체결(자회사의 주요경영사항)              (+5),,2026-09-30: [기재정정]단일판매ㆍ공급계약체결(자회사의 주요경영사항)               | 2026-09-29: [기재정정]기업지배구조보고서공시               | 2026-09-28: 단일판매ㆍ공급계약체결(자회사의 주요경영사항)               | 2026-09-28: 타인에대한채무보증결정(자회사의 주요경영사항)               | 2026-09-22: 단일판매ㆍ공급계약체결(자회사의 주요경영사항)              ,10
