종목명,종목코드,DART점수,Tier1발동,Tier1,호재내역,악재내역,최근공시,공시건수
본느,226340,-170,🚨 YES,[기재정정]주요사항보고서(유상증자결정) | [기재정정]주요사항보고서(유상증자결정) | [첨부정정]주요사항보고서(전환사채권발행결정),,[기재정정]주요사항보고서(유상증자결정)(-15) | [기재정정]주요사항보고서(유상증자결정)(-15) | [첨부정정]주요사항보고서(전환사채권발행결정)(-15) | [첨부정정]주요사항보고서(전환사채권발행결정)(-15) | 횡령ㆍ배임혐의발생              (-25),2026-09-01: [기재정정]주요사항보고서(유상증자결정) | 2026-09-01: 소송등의판결ㆍ결정              (신주발행금지 등 가처분) | 2026-08-28: 증권발행결과(자율공시)              (제6회차 CB) | 2026-08-28: 증권발행결과(자율공시)              (제5회차 CB) | 2026-08-26: [기재정정]주주총회소집결의              ,25
모아라이프플러스,142760,-165,🚨 YES,주권매매거래정지해제              (액면병합 주권 변경상장) | [기재정정]주요사항보고서(전환사채권발행결정) | [첨부정정]주요사항보고서(전환사채권발행결정),,주권매매거래정지해제              (액면병합 주권 변경상장)(-30) | [기재정정]최대주주변경을수반하는주식담보제공계약체결              (-5) | [기재정정]주요사항보고서(전환사채권발행결정)(-15) | [첨부정정]주요사항보고서(전환사채권발행결정)(-15) | [기재정정]최대주주변경을수반하는주식담보제공계약체결              (-5),2026-08-28: 주권매매거래정지해제              (액면병합 주권 변경상장) | 2026-08-27: [기재정정]최대주주변경을수반하는주식담보제공계약체결               | 2026-08-27: 주식등의대량보유상황보고서(약식) | 2026-08-20: [기재정정]주요사항보고서(전환사채권발행결정) | 2026-08-18: [첨부정정]주요사항보고서(전환사채권발행결정),14
CSA 코스믹,083660,-150,🚨 YES,주권매매거래정지해제              (액면분할 주권 변경상장) | [기재정정]주요사항보고서(유상증자결정) | [기재정정]주요사항보고서(전환사채권발행결정),,주권매매거래정지해제              (액면분할 주권 변경상장)(-30) | [기재정정]주요사항보고서(유상증자결정)(-15) | [기재정정]주요사항보고서(전환사채권발행결정)(-15) | [기재정정]주요사항보고서(유상증자결정)(-15) | [기재정정]주요사항보고서(유상증자결정)(-15),2026-08-31: 증권발행결과(자율공시)              (제3자배정 유상증자) | 2026-08-27: [기재정정]주주총회소집결의              (임시주주총회) | 2026-08-27: 대표이사변경               | 2026-08-25: 주권매매거래정지해제              (액면분할 주권 변경상장) | 2026-08-21: [기재정정]주요사항보고서(유상증자결정),14
다보링크,340360,-135,🚨 YES,[기재정정]주요사항보고서(유상증자결정) | [기재정정]주요사항보고서(전환사채권발행결정) | [기재정정]주요사항보고서(전환사채권발행결정),단일판매ㆍ공급계약체결              (+5),[기재정정]주요사항보고서(유상증자결정)(-15) | [기재정정]주요사항보고서(전환사채권발행결정)(-15) | [기재정정]주요사항보고서(전환사채권발행결정)(-15) | [기재정정]주요사항보고서(유상증자결정)(-15) | [기재정정]주요사항보고서(전환사채권발행결정)(-15),2026-09-01: [기재정정]주주총회소집결의              (임시주주총회) | 2026-08-31: [기재정정]주주총회소집결의              (임시주주총회) | 2026-08-31: [기재정정]주요사항보고서(유상증자결정) | 2026-08-31: [기재정정]주요사항보고서(전환사채권발행결정) | 2026-08-28: [기재정정]주요사항보고서(전환사채권발행결정),20
한국첨단소재,062970,-130,🚨 YES,주권매매거래정지해제              (우회상장 미해당) | 주권매매거래정지              (우회상장여부 및 요건충족확인) | [기재정정]주요사항보고서(유상증자결정),,[기재정정]최대주주변경              (-5) | 주권매매거래정지해제              (우회상장 미해당)(-30) | 최대주주변경              (-5) | 주권매매거래정지              (우회상장여부 및 요건충족확인)(-30) | [기재정정]주요사항보고서(유상증자결정)(-15),2026-09-01: 임원ㆍ주요주주특정증권등소유상황보고서 | 2026-09-01: 주식등의대량보유상황보고서(일반) | 2026-08-31: 기타시장안내(최대주주의의무보유관련)              (최대주주의 의무보유 이행 관련) | 2026-08-31: [기재정정]최대주주변경               | 2026-08-28: 주권매매거래정지해제              (우회상장 미해당),20
애드바이오텍,179530,-120,🚨 YES,[기재정정]주요사항보고서(전환사채권발행결정) | [기재정정]주요사항보고서(전환사채권발행결정) | [기재정정]주요사항보고서(전환사채권발행결정),,[기재정정]주요사항보고서(전환사채권발행결정)(-15) | [기재정정]주요사항보고서(전환사채권발행결정)(-15) | [기재정정]주요사항보고서(전환사채권발행결정)(-15) | [기재정정]주요사항보고서(전환사채권발행결정)(-15) | [기재정정]주요사항보고서(전환사채권발행결정)(-15),2026-09-01: [기재정정]주요사항보고서(전환사채권발행결정) | 2026-09-01: [기재정정]주요사항보고서(전환사채권발행결정) | 2026-09-01: 전환청구권행사               | 2026-08-24: [첨부정정]주요사항보고서(타법인주식및출자증권양수결정) | 2026-08-21: [기재정정]주요사항보고서(전환사채권발행결정),14
한국유니온제약,080720,-115,🚨 YES,주권매매거래정지기간변경              (투자자 보호) | [기재정정]주요사항보고서(유상증자결정) | [기재정정]주요사항보고서(유상증자결정),,주권매매거래정지기간변경              (투자자 보호)(-30) | [기재정정]주요사항보고서(유상증자결정)(-15) | [기재정정]주요사항보고서(유상증자결정)(-15) | [기재정정]주요사항보고서(감자결정)(-20) | [기재정정]주요사항보고서(유상증자결정)(-15),2026-09-01: 주주총회소집결의              (임시주주총회) | 2026-09-01: 주주명부폐쇄기간또는기준일설정               | 2026-08-31: 기타시장안내              (관리종목 지정 사유 일부 해제 관련 시장조치 미진행) | 2026-08-31: 회생절차종결결정               | 2026-08-27: 주권매매거래정지기간변경              (투자자 보호),14
KS인더스트리,101000,-110,🚨 YES,"기타시장안내(관리종목지정우려종목)              (시가총액 200억원 미달) | 기타시장안내(관리종목지정우려종목)              (주가 1,000원 미달) | [기재정정]주요사항보고서(감자결정)",,"기타시장안내(관리종목지정우려종목)              (시가총액 200억원 미달)(-30) | 기타시장안내(관리종목지정우려종목)              (주가 1,000원 미달)(-30) | [기재정정]주요사항보고서(감자결정)(-20) | 주권매매거래정지해제              (감자 주권 변경상장)(-30)","2026-09-01: 기타경영사항(자율공시)              (자기사채(제18회차 무기명식 이권부 무보증 사모 전환사채) 소각 결정의 건) | 2026-08-28: 기타시장안내(관리종목지정우려종목)              (시가총액 200억원 미달) | 2026-08-28: 기타시장안내(관리종목지정우려종목)              (주가 1,000원 미달) | 2026-08-28: 주요사항보고서(자기전환사채만기전취득결정) | 2026-08-28: [기재정정]금전대여결정              ",16
아이큐어,175250,-105,🚨 YES,[기재정정]주요사항보고서(유상증자결정) | [기재정정]주요사항보고서(유상증자결정) | [기재정정]주요사항보고서(유상증자결정),,최대주주변경을수반하는주식담보제공계약해제ㆍ취소등              (-5) | [기재정정]최대주주변경              (-5) | 최대주주변경              (-5) | [기재정정]주요사항보고서(유상증자결정)(-15) | [기재정정]주요사항보고서(유상증자결정)(-15),2026-09-01: 최대주주변경을수반하는주식담보제공계약해제ㆍ취소등               | 2026-08-31: [기재정정]최대주주변경               | 2026-08-31: [기재정정]증권발행결과(자율공시)               | 2026-08-28: 기타시장안내(최대주주의의무보유관련)               | 2026-08-28: 최대주주변경              ,22
캔버스엔,210120,-105,🚨 YES,[기재정정]주요사항보고서(유상증자결정) | [기재정정]주요사항보고서(전환사채권발행결정) | [기재정정]주요사항보고서(전환사채권발행결정),,[기재정정]주요사항보고서(유상증자결정)(-15) | [기재정정]주요사항보고서(전환사채권발행결정)(-15) | [기재정정]주요사항보고서(전환사채권발행결정)(-15) | 주권매매거래정지해제              (액면병합 주권 변경상장)(-30) | [기재정정]주요사항보고서(유상증자결정)(-15),2026-08-27: [기재정정]주주총회소집결의              (임시주주총회) | 2026-08-27: 의결권대리행사권유참고서류 | 2026-08-27: 주주총회소집공고 | 2026-08-27: 의결권대리행사권유참고서류 | 2026-08-27: 주주총회소집공고,20
모아데이타,288980,-105,🚨 YES,[기재정정]주요사항보고서(유상증자결정) | [기재정정]주요사항보고서(유상증자결정) | 주요사항보고서(유상증자결정),,[기재정정]최대주주변경을수반하는주식담보제공계약체결              (-5) | [기재정정]최대주주변경을수반하는주식담보제공계약체결              (-5) | [기재정정]주요사항보고서(유상증자결정)(-15) | [기재정정]최대주주변경을수반하는주식담보제공계약체결              (-5) | [기재정정]최대주주변경을수반하는주식담보제공계약체결              (-5),2026-09-01: [기재정정]최대주주변경을수반하는주식담보제공계약체결               | 2026-08-31: 투자판단관련주요경영사항              (경영지배인 선임) | 2026-08-31: [기재정정]최대주주변경을수반하는주식담보제공계약체결               | 2026-08-28: 주식등의대량보유상황보고서(약식) | 2026-08-27: [기재정정]대출원리금연체사실발생              (대출원리금 연체사유 해소),36
서진시스템,178320,-100,🚨 YES,[기재정정]주요사항보고서(전환사채권발행결정) | [기재정정]주요사항보고서(전환사채권발행결정) | 주요사항보고서(전환사채권발행결정),[기재정정]단일판매ㆍ공급계약체결              (+5),[기재정정]주요사항보고서(전환사채권발행결정)(-15) | [기재정정]주요사항보고서(전환사채권발행결정)(-15) | [기재정정]최대주주변경을수반하는주식담보제공계약체결              (-5) | 주요사항보고서(전환사채권발행결정)(-15) | 주요사항보고서(전환사채권발행결정)(-15),2026-09-01: 증권발행결과(자율공시)              (제40회차 CB) | 2026-09-01: 증권발행결과(자율공시)              (제39회차 CB) | 2026-09-01: [기재정정]주요사항보고서(자본으로인정되는채무증권발행결정) | 2026-09-01: [기재정정]주요사항보고서(전환사채권발행결정) | 2026-09-01: [기재정정]주요사항보고서(자본으로인정되는채무증권발행결정),24
서한,011370,-100,🚨 YES,"주권매매거래정지해제              (액면병합 주권 변경상장) | [첨부정정]주요사항보고서(신주인수권부사채권발행결정) | 주권매매거래정지              (주식의 병합, 분할 등 전자등록 변경, 말소)",단일판매ㆍ공급계약체결              (+5),"주권매매거래정지해제              (액면병합 주권 변경상장)(-30) | [첨부정정]주요사항보고서(신주인수권부사채권발행결정)(-15) | 주권매매거래정지              (주식의 병합, 분할 등 전자등록 변경, 말소)(-30) | 기타시장안내(관리종목지정우려종목)              (주가 1,000원 미달)(-30)",2026-08-31: 주권매매거래정지해제              (액면병합 주권 변경상장) | 2026-08-31: 단일판매ㆍ공급계약체결               | 2026-08-14: 반기보고서 (2026.06) | 2026-08-11: 주식등의대량보유상황보고서(일반) | 2026-08-11: 임원ㆍ주요주주특정증권등소유상황보고서,8
제이케이시냅스,060230,-90,🚨 YES,[기재정정]주요사항보고서(전환사채권발행결정) | [기재정정]주요사항보고서(전환사채권발행결정) | [기재정정]주요사항보고서(전환사채권발행결정),,[기재정정]주요사항보고서(전환사채권발행결정)(-15) | [기재정정]주요사항보고서(전환사채권발행결정)(-15) | [기재정정]주요사항보고서(전환사채권발행결정)(-15) | [기재정정]주요사항보고서(전환사채권발행결정)(-15) | 기타시장안내(관리종목지정우려종목)              (시가총액 200억원 미달)(-30),2026-08-26: [기재정정]주요사항보고서(자기전환사채매도결정) | 2026-08-26: [기재정정]주주총회소집결의              (임시주주총회) | 2026-08-24: [기재정정]주요사항보고서(전환사채권발행결정) | 2026-08-24: [기재정정]주요사항보고서(전환사채권발행결정) | 2026-08-18: 임원ㆍ주요주주특정증권등소유상황보고서,18
우듬지팜,403490,-90,🚨 YES,"주권매매거래정지해제              (액면병합 주권 변경상장) | 기타시장안내(관리종목지정우려종목)              (주가 1,000원 미달) | 주권매매거래정지              (주식의 병합, 분할 등 전자등록 변경, 말소)",,"주권매매거래정지해제              (액면병합 주권 변경상장)(-30) | 기타시장안내(관리종목지정우려종목)              (주가 1,000원 미달)(-30) | 주권매매거래정지              (주식의 병합, 분할 등 전자등록 변경, 말소)(-30)","2026-08-28: 신탁계약에의한취득상황보고서 | 2026-08-26: 주권매매거래정지해제              (액면병합 주권 변경상장) | 2026-08-14: 반기보고서 (2026.06) | 2026-08-05: 기타시장안내(관리종목지정우려종목)              (주가 1,000원 미달) | 2026-08-03: 주권매매거래정지              (주식의 병합, 분할 등 전자등록 변경, 말소)",5
더라미,032860,-90,🚨 YES,"주권매매거래정지해제              (액면병합 주권 변경상장) | 기타시장안내(관리종목지정우려종목)              (주가 1,000원 미달) | 주권매매거래정지              (주식의 병합, 분할 등 전자등록 변경, 말소)",,"주권매매거래정지해제              (액면병합 주권 변경상장)(-30) | 기타시장안내(관리종목지정우려종목)              (주가 1,000원 미달)(-30) | 주권매매거래정지              (주식의 병합, 분할 등 전자등록 변경, 말소)(-30)","2026-08-28: 주권매매거래정지해제              (액면병합 주권 변경상장) | 2026-08-14: 반기보고서 (2026.06) | 2026-08-13: 주식등의대량보유상황보고서(일반) | 2026-08-05: 기타시장안내(관리종목지정우려종목)              (주가 1,000원 미달) | 2026-08-04: 주권매매거래정지              (주식의 병합, 분할 등 전자등록 변경, 말소)",5
더코디,224060,-90,🚨 YES,기타시장안내(관리종목지정우려종목)              (시가총액 200억원 미달) | [기재정정]주요사항보고서(유상증자결정) | [기재정정]주요사항보고서(유상증자결정),,기타시장안내(관리종목지정우려종목)              (시가총액 200억원 미달)(-30) | [기재정정]주요사항보고서(유상증자결정)(-15) | [기재정정]주요사항보고서(유상증자결정)(-15) | 주요사항보고서(유상증자결정)(-15) | 주요사항보고서(유상증자결정)(-15),2026-08-31: 전환가액의조정              (제9회차) | 2026-08-31: 기타시장안내(관리종목지정우려종목)              (시가총액 200억원 미달) | 2026-08-31: [기재정정]주요사항보고서(유상증자결정) | 2026-08-31: [기재정정]주요사항보고서(유상증자결정) | 2026-08-27: 주요사항보고서(유상증자결정),11
이오플로우,294090,-90,🚨 YES,[기재정정]주요사항보고서(유상증자결정) | [기재정정]주요사항보고서(전환사채권발행결정) | 주권매매거래정지기간변경              (상장폐지 사유 발생),,[기재정정]주요사항보고서(유상증자결정)(-15) | [기재정정]주요사항보고서(전환사채권발행결정)(-15) | 주권매매거래정지기간변경              (상장폐지 사유 발생)(-30) | 주요사항보고서(전환사채권발행결정)(-15) | [기재정정]주요사항보고서(유상증자결정)(-15),2026-09-01: [기재정정]주요사항보고서(유상증자결정) | 2026-09-01: [기재정정]주요사항보고서(전환사채권발행결정) | 2026-09-01: [기재정정]주요사항보고서(자본으로인정되는채무증권발행결정) | 2026-08-25: 주주명부폐쇄기간또는기준일설정               | 2026-08-25: 주주총회소집결의              (임시주주총회),15
우리엔터프라이즈,037400,-90,🚨 YES,"주권매매거래정지              (주식의 병합, 분할 등 전자등록 변경, 말소) | 기타시장안내(관리종목지정우려종목)              (시가총액 200억원 미달) | 기타시장안내(관리종목지정우려종목)              (주가 1,000원 미달)",,"주권매매거래정지              (주식의 병합, 분할 등 전자등록 변경, 말소)(-30) | 기타시장안내(관리종목지정우려종목)              (시가총액 200억원 미달)(-30) | 기타시장안내(관리종목지정우려종목)              (주가 1,000원 미달)(-30)","2026-08-20: 주식등의대량보유상황보고서(일반) | 2026-08-14: 반기보고서 (2026.06) | 2026-08-11: 주권매매거래정지              (주식의 병합, 분할 등 전자등록 변경, 말소) | 2026-08-05: 기타시장안내(관리종목지정우려종목)              (시가총액 200억원 미달) | 2026-08-05: 기타시장안내(관리종목지정우려종목)              (주가 1,000원 미달)",5
덕신이피씨,090410,-90,🚨 YES,"주권매매거래정지해제              (액면병합 주권 변경상장) | 기타시장안내(관리종목지정우려종목)              (주가 1,000원 미달) | 주권매매거래정지              (주식의 병합, 분할 등 전자등록 변경, 말소)",,"주권매매거래정지해제              (액면병합 주권 변경상장)(-30) | 기타시장안내(관리종목지정우려종목)              (주가 1,000원 미달)(-30) | 주권매매거래정지              (주식의 병합, 분할 등 전자등록 변경, 말소)(-30)","2026-08-31: 대표이사변경               | 2026-08-28: 주권매매거래정지해제              (액면병합 주권 변경상장) | 2026-08-14: 반기보고서 (2026.06) | 2026-08-07: 기타시장안내(관리종목지정우려종목)              (주가 1,000원 미달) | 2026-08-07: 주권매매거래정지              (주식의 병합, 분할 등 전자등록 변경, 말소)",5
블루산업개발,006740,-90,🚨 YES,[기재정정]주요사항보고서(유상증자결정) | [기재정정]주요사항보고서(전환사채권발행결정) | [기재정정]주요사항보고서(유상증자결정),,[기재정정]주요사항보고서(유상증자결정)(-15) | [기재정정]주요사항보고서(전환사채권발행결정)(-15) | [기재정정]주요사항보고서(유상증자결정)(-15) | [기재정정]주요사항보고서(유상증자결정)(-15) | [기재정정]주요사항보고서(유상증자결정)(-15),2026-08-28: 투자유의안내               | 2026-08-19: [기재정정]주요사항보고서(유상증자결정) | 2026-08-14: 반기보고서 (2026.06) | 2026-08-13: 주식등의대량보유상황보고서(일반) | 2026-08-13: 임원ㆍ주요주주특정증권등소유상황보고서,16
아스트,067390,-90,🚨 YES,"주권매매거래정지해제              (액면병합 주권 변경상장) | 기타시장안내(관리종목지정우려종목)              (주가 1,000원 미달) | 주권매매거래정지              (주식의 병합, 분할 등 전자등록 변경, 말소)",,"주권매매거래정지해제              (액면병합 주권 변경상장)(-30) | 기타시장안내(관리종목지정우려종목)              (주가 1,000원 미달)(-30) | 주권매매거래정지              (주식의 병합, 분할 등 전자등록 변경, 말소)(-30)","2026-08-27: 주권매매거래정지해제              (액면병합 주권 변경상장) | 2026-08-13: 반기보고서 (2026.06) | 2026-08-13: 임원ㆍ주요주주특정증권등소유상황보고서 | 2026-08-05: 기타시장안내(관리종목지정우려종목)              (주가 1,000원 미달) | 2026-08-04: 주권매매거래정지              (주식의 병합, 분할 등 전자등록 변경, 말소)",5
국영지앤엠,006050,-90,🚨 YES,"주권매매거래정지해제              (액면병합 주권 변경상장) | 기타시장안내(관리종목지정우려종목)              (주가 1,000원 미달) | 주권매매거래정지              (주식의 병합, 분할 등 전자등록 변경, 말소)",,"주권매매거래정지해제              (액면병합 주권 변경상장)(-30) | 기타시장안내(관리종목지정우려종목)              (주가 1,000원 미달)(-30) | 주권매매거래정지              (주식의 병합, 분할 등 전자등록 변경, 말소)(-30)",2026-08-28: 주식등의대량보유상황보고서(일반) | 2026-08-28: 임원ㆍ주요주주특정증권등소유상황보고서 | 2026-08-28: 임원ㆍ주요주주특정증권등소유상황보고서 | 2026-08-26: 주권매매거래정지해제              (액면병합 주권 변경상장) | 2026-08-14: 반기보고서 (2026.06),7
세화피앤씨,252500,-90,🚨 YES,"주권매매거래정지해제              (액면병합 주권 변경상장) | 기타시장안내(관리종목지정우려종목)              (주가 1,000원 미달) | 주권매매거래정지              (주식의 병합, 분할 등 전자등록 변경, 말소)",,"주권매매거래정지해제              (액면병합 주권 변경상장)(-30) | 기타시장안내(관리종목지정우려종목)              (주가 1,000원 미달)(-30) | 주권매매거래정지              (주식의 병합, 분할 등 전자등록 변경, 말소)(-30)",2026-08-31: 주권매매거래정지해제              (액면병합 주권 변경상장) | 2026-08-28: 반기보고서 (2026.06) | 2026-08-19: 의결권대리행사권유참고서류 | 2026-08-19: 주주총회소집공고 | 2026-08-13: 주식등의대량보유상황보고서(일반),7
체리부로,066360,-90,🚨 YES,"주권매매거래정지해제              (액면병합 주권 변경상장) | 기타시장안내(관리종목지정우려종목)              (주가 1,000원 미달) | 주권매매거래정지              (주식의 병합, 분할 등 전자등록 변경, 말소)",,"주권매매거래정지해제              (액면병합 주권 변경상장)(-30) | 기타시장안내(관리종목지정우려종목)              (주가 1,000원 미달)(-30) | 주권매매거래정지              (주식의 병합, 분할 등 전자등록 변경, 말소)(-30)",2026-09-01: [기재정정]주주총회소집결의              (임시주주총회) | 2026-09-01: [기재정정]주주명부폐쇄기간또는기준일설정               | 2026-08-28: 주주총회소집결의              (임시주주총회) | 2026-08-28: 주주명부폐쇄기간또는기준일설정               | 2026-08-27: 주권매매거래정지해제              (액면병합 주권 변경상장),11
E8,418620,-85,🚨 YES,[기재정정]주요사항보고서(유상증자결정) | 주요사항보고서(유상증자결정) | 기타시장안내(관리종목지정우려종목)              (시가총액 200억원 미달),[기재정정]단일판매ㆍ공급계약체결              (+5),"[기재정정]주요사항보고서(유상증자결정)(-15) | 주요사항보고서(유상증자결정)(-15) | 기타시장안내(관리종목지정우려종목)              (시가총액 200억원 미달)(-30) | 기타시장안내(관리종목지정우려종목)              (주가 1,000원 미달)(-30)",2026-08-31: [기재정정]단일판매ㆍ공급계약체결               | 2026-08-21: 임원ㆍ주요주주특정증권등소유상황보고서 | 2026-08-18: [기재정정]주요사항보고서(유상증자결정) | 2026-08-14: 주주명부폐쇄기간또는기준일설정               | 2026-08-14: 주주총회소집결의              ,12
HLB테라퓨틱스,115450,-85,🚨 YES,[기재정정]주요사항보고서(유상증자결정) | [기재정정]주요사항보고서(전환사채권발행결정) | [기재정정]주요사항보고서(전환사채권발행결정),[기재정정]단일판매ㆍ공급계약체결              (+5),[기재정정]주요사항보고서(유상증자결정)(-15) | [기재정정]주요사항보고서(전환사채권발행결정)(-15) | [기재정정]주요사항보고서(전환사채권발행결정)(-15) | 주요사항보고서(유상증자결정)(-15) | [기재정정]주요사항보고서(전환사채권발행결정)(-15),2026-08-31: [기재정정]단일판매ㆍ공급계약체결               | 2026-08-31: 증권발행결과(자율공시)               | 2026-08-21: [기재정정]전환사채(해외전환사채포함)발행후만기전사채취득               | 2026-08-21: [기재정정]주요사항보고서(자기전환사채만기전취득결정) | 2026-08-21: [기재정정]주요사항보고서(유상증자결정),13
성호전자,043260,-80,🚨 YES,주요사항보고서(전환사채권발행결정) | [기재정정]주요사항보고서(전환사채권발행결정) | [첨부정정]주요사항보고서(전환사채권발행결정),,[기재정정]최대주주변경을수반하는주식담보제공계약체결              (-5) | 주요사항보고서(전환사채권발행결정)(-15) | [기재정정]주요사항보고서(전환사채권발행결정)(-15) | [첨부정정]주요사항보고서(전환사채권발행결정)(-15) | [기재정정]주요사항보고서(전환사채권발행결정)(-15),2026-09-01: 임원ㆍ주요주주특정증권등소유상황보고서 | 2026-09-01: 주식등의대량보유상황보고서(일반) | 2026-09-01: 기타경영사항(자율공시)              (제14회차 무기명식 이권부 무보증 신주인수권부사채 소각 결정의 건) | 2026-09-01: [기재정정]최대주주변경을수반하는주식담보제공계약체결               | 2026-09-01: 주요사항보고서(전환사채권발행결정),23
모바일어플라이언스,087260,-80,🚨 YES,주권매매거래정지기간변경              (상장적격성 실질심사 대상 결정) | 횡령ㆍ배임혐의발생               | 횡령ㆍ배임혐의발생              ,,주권매매거래정지기간변경              (상장적격성 실질심사 대상 결정)(-30) | 횡령ㆍ배임혐의발생              (-25) | 횡령ㆍ배임혐의발생              (-25),2026-09-01: 주권매매거래정지기간변경              (상장적격성 실질심사 대상 결정) | 2026-09-01: 기타시장안내              ( 상장적격성 실질심사 대상 결정 ) | 2026-08-31: 소송등의제기ㆍ신청(경영권분쟁소송)               | 2026-08-20: 소송등의제기ㆍ신청(경영권분쟁소송)              (검사인 선임) | 2026-08-18: 독립이사의선임ㆍ해임또는중도퇴임에관한신고,19
넥스턴앤롤코리아,089140,-80,🚨 YES,[기재정정]주요사항보고서(유상증자결정) | [기재정정]주요사항보고서(유상증자결정) | 주요사항보고서(전환사채권발행결정),,[기재정정]주요사항보고서(유상증자결정)(-15) | [기재정정]최대주주변경을수반하는주식담보제공계약체결              (-5) | [기재정정]주요사항보고서(유상증자결정)(-15) | 주요사항보고서(전환사채권발행결정)(-15) | 주요사항보고서(전환사채권발행결정)(-15),2026-08-28: 증권발행결과(자율공시)               | 2026-08-28: 증권발행결과(자율공시)               | 2026-08-28: [기재정정]주요사항보고서(유상증자결정) | 2026-08-28: 타법인주식및출자증권처분결정               | 2026-08-28: [기재정정]주식등의대량보유상황보고서(일반),15
엑시온그룹,069920,-75,🚨 YES,주요사항보고서(유상증자결정) | [기재정정]주요사항보고서(유상증자결정) | [기재정정]주요사항보고서(유상증자결정),,주요사항보고서(유상증자결정)(-15) | [기재정정]주요사항보고서(유상증자결정)(-15) | [기재정정]주요사항보고서(유상증자결정)(-15) | [기재정정]주요사항보고서(유상증자결정)(-15) | 주요사항보고서(유상증자결정)(-15),2026-09-01: 주요사항보고서(유상증자결정) | 2026-08-31: 대표이사변경               | 2026-08-27: 소액공모실적보고서 | 2026-08-27: 증권발행결과(자율공시)              (일반공모-소액공모) | 2026-08-26: 유상증자또는주식관련사채등의청약결과(자율공시)              ,17
케스피온,079190,-75,🚨 YES,[기재정정]주요사항보고서(유상증자결정) | [기재정정]주요사항보고서(유상증자결정) | 주요사항보고서(유상증자결정),,[기재정정]주요사항보고서(유상증자결정)(-15) | [기재정정]주요사항보고서(유상증자결정)(-15) | 주요사항보고서(유상증자결정)(-15) | 기타시장안내(관리종목지정우려종목)              (시가총액 200억원 미달)(-30),2026-08-24: [기재정정]주요사항보고서(유상증자결정) | 2026-08-21: [기재정정]주요사항보고서(유상증자결정) | 2026-08-18: 주요사항보고서(유상증자결정) | 2026-08-14: 반기보고서 (2026.06) | 2026-08-11: 기타시장안내(관리종목지정우려종목)              (시가총액 200억원 미달),15
한울앤제주,276730,-72,🚨 YES,[기재정정]주요사항보고서(전환사채권발행결정) | 주권매매거래정지해제              (액면분할 주권 변경상장) | [기재정정]주요사항보고서(유상증자결정),[기재정정]주식분할결정              (+3),[기재정정]주요사항보고서(전환사채권발행결정)(-15) | 주권매매거래정지해제              (액면분할 주권 변경상장)(-30) | [기재정정]주요사항보고서(유상증자결정)(-15) | [기재정정]주요사항보고서(유상증자결정)(-15),2026-09-01: [기재정정]주요사항보고서(전환사채권발행결정) | 2026-08-20: 주권매매거래정지해제              (액면분할 주권 변경상장) | 2026-08-14: 반기보고서 (2026.06) | 2026-08-14: [기재정정]신주인수권행사              (제11회차) | 2026-08-14: [기재정정]주요사항보고서(유상증자결정),17
삼부토건,001470,-70,🚨 YES,[기재정정]주요사항보고서(유상증자결정) | [기재정정]주요사항보고서(감자결정) | [기재정정]주요사항보고서(유상증자결정),,[기재정정]주요사항보고서(유상증자결정)(-15) | [기재정정]주요사항보고서(감자결정)(-20) | [기재정정]주요사항보고서(유상증자결정)(-15) | [기재정정]주요사항보고서(감자결정)(-20),2026-09-01: [기재정정]사업보고서 (2025.12) | 2026-08-31: 기타시장안내               | 2026-08-31: 기타시장안내              (상장적격성 실질심사 사유 발생 안내) | 2026-08-31: 기타경영사항(자율공시)               | 2026-08-31: [기재정정]감사보고서제출              ,11
넥사다이내믹스,351320,-70,🚨 YES,[기재정정]주요사항보고서(유상증자결정) | [기재정정]주요사항보고서(유상증자결정) | 주요사항보고서(전환사채권발행결정),[기재정정]단일판매ㆍ공급계약체결              (+5),[기재정정]주요사항보고서(유상증자결정)(-15) | [기재정정]주요사항보고서(유상증자결정)(-15) | 주요사항보고서(전환사채권발행결정)(-15) | 주요사항보고서(유상증자결정)(-15) | 주요사항보고서(유상증자결정)(-15),2026-09-01: [기재정정]주주총회소집공고 | 2026-09-01: [기재정정]주주총회소집결의              (임시주주총회) | 2026-09-01: 소액공모실적보고서 | 2026-09-01: 증권발행결과(자율공시)               | 2026-09-01: 주주총회소집공고,23
광진실업,026910,-65,🚨 YES,[기재정정]주요사항보고서(전환사채권발행결정) | [기재정정]주요사항보고서(전환사채권발행결정) | [기재정정]주요사항보고서(유상증자결정),,[기재정정]주요사항보고서(전환사채권발행결정)(-15) | [기재정정]주요사항보고서(전환사채권발행결정)(-15) | [기재정정]최대주주변경              (-5) | 최대주주변경을수반하는주식담보제공계약체결              (-5) | 최대주주변경              (-5),2026-08-27: [기재정정]의결권대리행사권유참고서류 | 2026-08-27: [기재정정]주요사항보고서(전환사채권발행결정) | 2026-08-27: [기재정정]주주총회소집공고 | 2026-08-27: [기재정정]주요사항보고서(전환사채권발행결정) | 2026-08-27: [기재정정]주주총회소집결의              (임시주주총회),23
모비데이즈,363260,-60,🚨 YES,"주권매매거래정지              (주식의 병합, 분할 등 전자등록 변경, 말소) | 기타시장안내(관리종목지정우려종목)              (주가 1,000원 미달)",,"주권매매거래정지              (주식의 병합, 분할 등 전자등록 변경, 말소)(-30) | 기타시장안내(관리종목지정우려종목)              (주가 1,000원 미달)(-30)","2026-08-20: 주식등의대량보유상황보고서(일반) | 2026-08-20: 임원ㆍ주요주주특정증권등소유상황보고서 | 2026-08-18: 주권매매거래정지              (주식의 병합, 분할 등 전자등록 변경, 말소) | 2026-08-13: 임원ㆍ주요주주특정증권등소유상황보고서 | 2026-08-12: 반기보고서 (2026.06)",12
SDN,099220,-60,🚨 YES,"주권매매거래정지              (주식의 병합, 분할 등 전자등록 변경, 말소) | 기타시장안내(관리종목지정우려종목)              (주가 1,000원 미달)",,"주권매매거래정지              (주식의 병합, 분할 등 전자등록 변경, 말소)(-30) | 기타시장안내(관리종목지정우려종목)              (주가 1,000원 미달)(-30)","2026-08-18: 주권매매거래정지              (주식의 병합, 분할 등 전자등록 변경, 말소) | 2026-08-14: 반기보고서 (2026.06) | 2026-08-06: 임시주주총회결과               | 2026-08-05: 기타시장안내(관리종목지정우려종목)              (주가 1,000원 미달)",4
파라택시스코리아,288330,-60,🚨 YES,주권매매거래정지              (투자자 보호) | 주권매매거래정지해제              (상장폐지에 따른 정리매매 개시),,주권매매거래정지              (투자자 보호)(-30) | 주권매매거래정지해제              (상장폐지에 따른 정리매매 개시)(-30),2026-08-20: 주권매매거래정지              (투자자 보호) | 2026-08-20: 기타시장안내              (정리매매 보류 관련) | 2026-08-20: 기타경영사항(자율공시)              (상장폐지 결정 효력정지 가처분신청) | 2026-08-19: 주권매매거래정지해제              (상장폐지에 따른 정리매매 개시) | 2026-08-19: 기타시장안내              (코스닥시장위원회 개최 결과 및 상장폐지 결정 안내),9
샤페론,378800,-60,🚨 YES,"주권매매거래정지              (주식의 병합, 분할 등 전자등록 변경, 말소) | 기타시장안내(관리종목지정우려종목)              (주가 1,000원 미달)",,"주권매매거래정지              (주식의 병합, 분할 등 전자등록 변경, 말소)(-30) | 기타시장안내(관리종목지정우려종목)              (주가 1,000원 미달)(-30)","2026-09-01: 주권매매거래정지              (주식의 병합, 분할 등 전자등록 변경, 말소) | 2026-08-12: 반기보고서 (2026.06) | 2026-08-11: 주요사항보고서(자기전환사채만기전취득결정) | 2026-08-06: 임시주주총회결과               | 2026-08-05: 기타시장안내(관리종목지정우려종목)              (주가 1,000원 미달)",5
인콘,083640,-60,🚨 YES,"[기재정정]주요사항보고서(전환사채권발행결정) | 주권매매거래정지              (주식의 병합, 분할 등 전자등록 변경, 말소) | [기재정정]주요사항보고서(전환사채권발행결정)",,"[기재정정]주요사항보고서(전환사채권발행결정)(-15) | 주권매매거래정지              (주식의 병합, 분할 등 전자등록 변경, 말소)(-30) | [기재정정]주요사항보고서(전환사채권발행결정)(-15)","2026-08-25: [기재정정]주요사항보고서(전환사채권발행결정) | 2026-08-18: 주권매매거래정지              (주식의 병합, 분할 등 전자등록 변경, 말소) | 2026-08-14: 반기보고서 (2026.06) | 2026-08-07: 임시주주총회결과               | 2026-08-06: [기재정정]주요사항보고서(전환사채권발행결정)",5
육일씨엔에쓰,191410,-60,🚨 YES,[첨부정정]주요사항보고서(유상증자결정) | [기재정정]주요사항보고서(유상증자결정) | 주요사항보고서(유상증자결정),,[첨부정정]주요사항보고서(유상증자결정)(-15) | [기재정정]주요사항보고서(유상증자결정)(-15) | 주요사항보고서(유상증자결정)(-15) | 주요사항보고서(유상증자결정)(-15),2026-09-01: [기재정정]소액공모공시서류(지분증권) | 2026-09-01: [첨부정정]주요사항보고서(유상증자결정) | 2026-09-01: [기재정정]주요사항보고서(유상증자결정) | 2026-08-28: 소액공모공시서류(지분증권) | 2026-08-26: 주요사항보고서(유상증자결정),11
랩지노믹스,084650,-60,🚨 YES,"주권매매거래정지              (주식의 병합, 분할 등 전자등록 변경, 말소) | 기타시장안내(관리종목지정우려종목)              (주가 1,000원 미달)",,"주권매매거래정지              (주식의 병합, 분할 등 전자등록 변경, 말소)(-30) | 기타시장안내(관리종목지정우려종목)              (주가 1,000원 미달)(-30)","2026-08-27: 주권매매거래정지              (주식의 병합, 분할 등 전자등록 변경, 말소) | 2026-08-20: 전환가액의조정              (제5회차) | 2026-08-18: 독립이사의선임ㆍ해임또는중도퇴임에관한신고 | 2026-08-18: 임시주주총회결과               | 2026-08-14: 반기보고서 (2026.06)",8
베셀,177350,-60,🚨 YES,기타시장안내              ((관리종목지정우려종목)(시가총액 200억원 미달)) | 주권매매거래정지해제              (액면병합 주권 변경상장),,기타시장안내              ((관리종목지정우려종목)(시가총액 200억원 미달))(-30) | 주권매매거래정지해제              (액면병합 주권 변경상장)(-30),2026-08-31: 전환가액의조정              (제10회차) | 2026-08-28: 기타시장안내              ((관리종목지정우려종목)(시가총액 200억원 미달)) | 2026-08-14: 주권매매거래정지해제              (액면병합 주권 변경상장) | 2026-08-14: 반기보고서 (2026.06),4
대양금속,009190,-60,🚨 YES,[기재정정]주요사항보고서(유상증자결정) | 주요사항보고서(유상증자결정) | [기재정정]주요사항보고서(전환사채권발행결정),,[기재정정]주요사항보고서(유상증자결정)(-15) | 주요사항보고서(유상증자결정)(-15) | [기재정정]주요사항보고서(전환사채권발행결정)(-15) | [기재정정]주요사항보고서(전환사채권발행결정)(-15),2026-08-31: 전환가액ㆍ신주인수권행사가액ㆍ교환가액의조정(안내공시)               | 2026-08-31: [기재정정]주요사항보고서(유상증자결정) | 2026-08-28: 소액공모공시서류(지분증권) | 2026-08-28: 주요사항보고서(유상증자결정) | 2026-08-28: 임원ㆍ주요주주특정증권등소유상황보고서,21
윙스풋,335870,-60,🚨 YES,"주권매매거래정지해제              (액면병합 주권 변경상장) | 주권매매거래정지              (주식의 병합, 분할 등 전자등록 변경, 말소)",,"주권매매거래정지해제              (액면병합 주권 변경상장)(-30) | 주권매매거래정지              (주식의 병합, 분할 등 전자등록 변경, 말소)(-30)","2026-08-31: 임원ㆍ주요주주특정증권등거래계획보고서 | 2026-08-27: 주권매매거래정지해제              (액면병합 주권 변경상장) | 2026-08-14: 반기보고서 (2026.06) | 2026-08-04: 주권매매거래정지              (주식의 병합, 분할 등 전자등록 변경, 말소)",4
LK삼양,225190,-60,🚨 YES,"주권매매거래정지              (주식의 병합, 분할 등 전자등록 변경, 말소) | 기타시장안내(관리종목지정우려종목)              (주가 1,000원 미달)",,"주권매매거래정지              (주식의 병합, 분할 등 전자등록 변경, 말소)(-30) | 기타시장안내(관리종목지정우려종목)              (주가 1,000원 미달)(-30)","2026-08-31: 주권매매거래정지              (주식의 병합, 분할 등 전자등록 변경, 말소) | 2026-08-20: 임시주주총회결과               | 2026-08-14: 반기보고서 (2026.06) | 2026-08-05: 기타시장안내(관리종목지정우려종목)              (주가 1,000원 미달) | 2026-08-05: 주주총회소집공고",5
다산솔루에타,154040,-60,🚨 YES,"주권매매거래정지              (주식의 병합, 분할 등 전자등록 변경, 말소) | 기타시장안내(관리종목지정우려종목)              (주가 1,000원 미달)",,"주권매매거래정지              (주식의 병합, 분할 등 전자등록 변경, 말소)(-30) | 기타시장안내(관리종목지정우려종목)              (주가 1,000원 미달)(-30)","2026-08-28: 임원ㆍ주요주주특정증권등소유상황보고서 | 2026-08-28: 주식등의대량보유상황보고서(일반) | 2026-08-28: 임원ㆍ주요주주특정증권등소유상황보고서 | 2026-08-28: 주권매매거래정지              (주식의 병합, 분할 등 전자등록 변경, 말소) | 2026-08-24: 임원ㆍ주요주주특정증권등소유상황보고서",14
이스트에이드,239340,-60,🚨 YES,"주권매매거래정지              (주식의 병합, 분할 등 전자등록 변경, 말소) | 기타시장안내(관리종목지정우려종목)              (주가 1,000원 미달)",,"주권매매거래정지              (주식의 병합, 분할 등 전자등록 변경, 말소)(-30) | 기타시장안내(관리종목지정우려종목)              (주가 1,000원 미달)(-30)","2026-08-31: 주주명부폐쇄기간또는기준일설정               | 2026-08-31: 주주총회소집결의              (임시주주총회) | 2026-08-25: 주식등의대량보유상황보고서(일반) | 2026-08-25: 주권매매거래정지              (주식의 병합, 분할 등 전자등록 변경, 말소) | 2026-08-20: 임원ㆍ주요주주특정증권등거래계획철회보고서",9
형지글로벌,308100,-60,🚨 YES,"기타시장안내(관리종목지정우려종목)              (시가총액 200억원 미달) | 기타시장안내(관리종목지정우려종목)              (주가 1,000원 미달)",,"기타시장안내(관리종목지정우려종목)              (시가총액 200억원 미달)(-30) | 기타시장안내(관리종목지정우려종목)              (주가 1,000원 미달)(-30)","2026-08-24: [기재정정]사채원리금미지급발생(자율공시)               | 2026-08-18: 사채원리금미지급발생(자율공시)               | 2026-08-14: 반기보고서 (2026.06) | 2026-08-05: 기타시장안내(관리종목지정우려종목)              (시가총액 200억원 미달) | 2026-08-05: 기타시장안내(관리종목지정우려종목)              (주가 1,000원 미달)",5
엔투텍,227950,-60,🚨 YES,[기재정정]주요사항보고서(전환사채권발행결정) | [기재정정]주요사항보고서(전환사채권발행결정) | 주요사항보고서(전환사채권발행결정),,[기재정정]주요사항보고서(전환사채권발행결정)(-15) | [기재정정]주요사항보고서(전환사채권발행결정)(-15) | 주요사항보고서(전환사채권발행결정)(-15) | 주요사항보고서(전환사채권발행결정)(-15),2026-08-25: 주식등의대량보유상황보고서(일반) | 2026-08-25: [기재정정]주요사항보고서(전환사채권발행결정) | 2026-08-25: [기재정정]주요사항보고서(전환사채권발행결정) | 2026-08-21: 주요사항보고서(전환사채권발행결정) | 2026-08-21: 주요사항보고서(전환사채권발행결정),6
서울전자통신,027040,-60,🚨 YES,[기재정정]주요사항보고서(유상증자결정) | [기재정정]주요사항보고서(유상증자결정) | [기재정정]주요사항보고서(유상증자결정),,[기재정정]주요사항보고서(유상증자결정)(-15) | [기재정정]주요사항보고서(유상증자결정)(-15) | [기재정정]주요사항보고서(유상증자결정)(-15) | 주요사항보고서(유상증자결정)(-15),2026-08-28: [기재정정]주요사항보고서(유상증자결정) | 2026-08-21: [기재정정]주요사항보고서(유상증자결정) | 2026-08-21: [기재정정]소액공모공시서류(지분증권) | 2026-08-20: [기재정정]소액공모공시서류(지분증권) | 2026-08-19: [기재정정]주요사항보고서(유상증자결정),8
와이즈버즈,273060,-60,🚨 YES,"주권매매거래정지              (주식의 병합, 분할 등 전자등록 변경, 말소) | 기타시장안내(관리종목지정우려종목)              (주가 1,000원 미달)",,"주권매매거래정지              (주식의 병합, 분할 등 전자등록 변경, 말소)(-30) | 기타시장안내(관리종목지정우려종목)              (주가 1,000원 미달)(-30)","2026-08-31: 대규모기업집단현황공시[분기별공시(개별회사용)] | 2026-08-31: 전환사채(해외전환사채포함)발행후만기전사채취득               | 2026-08-14: 주권매매거래정지              (주식의 병합, 분할 등 전자등록 변경, 말소) | 2026-08-14: 임원ㆍ주요주주특정증권등소유상황보고서 | 2026-08-14: 임원ㆍ주요주주특정증권등소유상황보고서",10
헝셩그룹,900270,-60,🚨 YES,주권매매거래정지해제              (주식병합(무액면주식) 주권 변경상장) | 주요사항보고서(유상증자결정) | [기재정정]주요사항보고서(유상증자결정),,주권매매거래정지해제              (주식병합(무액면주식) 주권 변경상장)(-30) | 주요사항보고서(유상증자결정)(-15) | [기재정정]주요사항보고서(유상증자결정)(-15),2026-08-31: 외국지주회사의자회사편입ㆍ탈퇴               | 2026-08-31: 반기보고서 (2026.06) | 2026-08-27: 증권발행결과(자율공시)              (제3자배정 유상증자) | 2026-08-24: 주권매매거래정지해제              (주식병합(무액면주식) 주권 변경상장) | 2026-08-24: [기재정정]주식병합결정              ,13
신라섬유,001000,-60,🚨 YES,"주권매매거래정지              (주식의 병합, 분할 등 전자등록 변경, 말소) | 기타시장안내(관리종목지정우려종목)              (주가 1,000원 미달)",,"주권매매거래정지              (주식의 병합, 분할 등 전자등록 변경, 말소)(-30) | 기타시장안내(관리종목지정우려종목)              (주가 1,000원 미달)(-30)","2026-08-18: 주권매매거래정지              (주식의 병합, 분할 등 전자등록 변경, 말소) | 2026-08-14: 반기보고서 (2026.06) | 2026-08-11: 기타시장안내(관리종목지정우려종목)              (주가 1,000원 미달) | 2026-08-10: 주식등의대량보유상황보고서(약식) | 2026-08-07: 임시주주총회결과              ",5
에이비온,203400,-60,🚨 YES,"주권매매거래정지              (상장적격성 실질심사 대상 (사유발생)) | 기타시장안내(관리종목지정우려종목)              (주가 1,000원 미달)",,"주권매매거래정지              (상장적격성 실질심사 대상 (사유발생))(-30) | 기타시장안내(관리종목지정우려종목)              (주가 1,000원 미달)(-30)",2026-08-18: 임원ㆍ주요주주특정증권등소유상황보고서 | 2026-08-14: 기타시장안내              (상장적격성 실질심사 대상결정 기한 안내) | 2026-08-14: 기타시장안내              (상장적격성 실질심사 관련) | 2026-08-14: 반기또는분기매출액미달사실발생               | 2026-08-14: 주권매매거래정지              (상장적격성 실질심사 대상 (사유발생)),12
누보,332290,-60,🚨 YES,"주권매매거래정지              (주식의 병합, 분할 등 전자등록 변경, 말소) | 기타시장안내(관리종목지정우려종목)              (주가 1,000원 미달)",,"주권매매거래정지              (주식의 병합, 분할 등 전자등록 변경, 말소)(-30) | 기타시장안내(관리종목지정우려종목)              (주가 1,000원 미달)(-30)","2026-08-21: 주식등의대량보유상황보고서(일반) | 2026-08-18: 주권매매거래정지              (주식의 병합, 분할 등 전자등록 변경, 말소) | 2026-08-18: [기재정정]주식병합결정               | 2026-08-14: 반기보고서 (2026.06) | 2026-08-12: 기업설명회(IR)개최              ",16
노을,376930,-60,🚨 YES,"주권매매거래정지              (주식의 병합, 분할 등 전자등록 변경, 말소) | 기타시장안내(관리종목지정우려종목)              (주가 1,000원 미달)",,"주권매매거래정지              (주식의 병합, 분할 등 전자등록 변경, 말소)(-30) | 기타시장안내(관리종목지정우려종목)              (주가 1,000원 미달)(-30)","2026-08-19: 주식등의대량보유상황보고서(일반) | 2026-08-14: 주권매매거래정지              (주식의 병합, 분할 등 전자등록 변경, 말소) | 2026-08-13: 반기보고서 (2026.06) | 2026-08-05: 기타시장안내(관리종목지정우려종목)              (주가 1,000원 미달)",4
엣지파운드리,105550,-60,🚨 YES,[기재정정]주요사항보고서(전환사채권발행결정) | [기재정정]주요사항보고서(유상증자결정) | 주권매매거래정지해제              (액면병합 주권 변경상장),,[기재정정]주요사항보고서(전환사채권발행결정)(-15) | [기재정정]주요사항보고서(유상증자결정)(-15) | 주권매매거래정지해제              (액면병합 주권 변경상장)(-30),2026-08-28: [기재정정]주요사항보고서(전환사채권발행결정) | 2026-08-28: 전환사채(해외전환사채포함)발행후만기전사채취득               | 2026-08-27: [기재정정]증권신고서(지분증권) | 2026-08-27: [기재정정]주요사항보고서(유상증자결정) | 2026-08-14: 반기보고서 (2026.06),9
뉴인텍,012340,-57,🚨 YES,"기타시장안내(관리종목지정우려종목)              (주가 1,000원 미달) | 기타시장안내(관리종목지정우려종목)              (시가총액 200억원 미달)",연결재무제표기준영업(잠정)실적(공정공시)              (+3),"기타시장안내(관리종목지정우려종목)              (주가 1,000원 미달)(-30) | 기타시장안내(관리종목지정우려종목)              (시가총액 200억원 미달)(-30)","2026-08-18: 반기보고서 (2026.06) | 2026-08-10: 주식등의대량보유상황보고서(일반) | 2026-08-10: 임원ㆍ주요주주특정증권등소유상황보고서 | 2026-08-05: 기타시장안내(관리종목지정우려종목)              (주가 1,000원 미달) | 2026-08-05: 연결재무제표기준영업(잠정)실적(공정공시)              ",6
에이전트AI,060900,-55,🚨 YES,[기재정정]주요사항보고서(유상증자결정) | [기재정정]주요사항보고서(유상증자결정) | 기타시장안내(관리종목지정우려종목)              (시가총액 200억원 미달),[기재정정]단일판매ㆍ공급계약체결              (+5) | 단일판매ㆍ공급계약체결              (+5),[기재정정]주요사항보고서(유상증자결정)(-15) | [기재정정]주요사항보고서(유상증자결정)(-15) | 최대주주변경              (-5) | 기타시장안내(관리종목지정우려종목)              (시가총액 200억원 미달)(-30),2026-09-01: 기타시장안내(최대주주의의무보유관련)              (최대주주의 의무보유 이행 관련) | 2026-08-31: 철회신고서 | 2026-08-31: 기타주요경영사항              (유상증자 결정(주주배정후 실권주 일반공모) 철회) | 2026-08-31: [기재정정]주요사항보고서(유상증자결정) | 2026-08-31: [기재정정]단일판매ㆍ공급계약체결              ,23
에스아이리소스,065420,-55,🚨 YES,주권매매거래정지기간변경              (액면병합 주권 변경상장) | 주권매매거래정지기간변경              (상장적격성 실질심사 대상(사유발생)),[기재정정]단일판매ㆍ공급계약체결              (+5),주권매매거래정지기간변경              (액면병합 주권 변경상장)(-30) | 주권매매거래정지기간변경              (상장적격성 실질심사 대상(사유발생))(-30),2026-08-31: 주권매매거래정지기간변경              (액면병합 주권 변경상장) | 2026-08-31: 기타시장안내              (상장적격성 실질심사 대상결정 기한 안내) | 2026-08-28: 기타시장안내              (상장적격성 실질심사 관련안내) | 2026-08-28: 주권매매거래정지기간변경              (상장적격성 실질심사 대상(사유발생)) | 2026-08-28: 불성실공시법인지정              (공시불이행 5건),13
유니슨,018000,-50,🚨 YES,"주권매매거래정지              (단일판매공급계약) | 기타시장안내(관리종목지정우려종목)              (주가 1,000원 미달)",단일판매ㆍ공급계약체결              (+5) | 단일판매ㆍ공급계약체결              (+5),"주권매매거래정지              (단일판매공급계약)(-30) | 기타시장안내(관리종목지정우려종목)              (주가 1,000원 미달)(-30)",2026-08-31: 전환청구권행사              (제17회차) | 2026-08-27: 단일판매ㆍ공급계약체결               | 2026-08-27: 주권매매거래정지              (단일판매공급계약) | 2026-08-26: 주식등의대량보유상황보고서(약식) | 2026-08-18: 주식등의대량보유상황보고서(일반),14
참좋은여행,094850,-50,🚨 YES,횡령ㆍ배임혐의진행사항               | 횡령ㆍ배임혐의진행사항              ,,횡령ㆍ배임혐의진행사항              (-25) | 횡령ㆍ배임혐의진행사항              (-25),2026-08-27: 횡령ㆍ배임혐의진행사항               | 2026-08-14: 반기보고서 (2026.06),2
퓨릿,445180,-50,🚨 YES,횡령ㆍ배임혐의진행사항               | 횡령ㆍ배임혐의진행사항              ,,횡령ㆍ배임혐의진행사항              (-25) | 횡령ㆍ배임혐의진행사항              (-25),2026-09-01: 주식등의대량보유상황보고서(약식) | 2026-08-31: 횡령ㆍ배임혐의진행사항               | 2026-08-26: 임원ㆍ주요주주특정증권등소유상황보고서 | 2026-08-13: 기업설명회(IR)개최               | 2026-08-13: 반기보고서 (2026.06),5
코퍼스코리아,322780,-50,🚨 YES,기타시장안내(관리종목지정우려종목)              (시가총액 200억원 미달) | [기재정정]주요사항보고서(유상증자결정),,기타시장안내(관리종목지정우려종목)              (시가총액 200억원 미달)(-30) | 최대주주변경              (-5) | [기재정정]주요사항보고서(유상증자결정)(-15),2026-08-26: 기타시장안내(관리종목지정우려종목)              (시가총액 200억원 미달) | 2026-08-25: 임원ㆍ주요주주특정증권등소유상황보고서 | 2026-08-25: 임원ㆍ주요주주특정증권등소유상황보고서 | 2026-08-25: 주식등의대량보유상황보고서(일반) | 2026-08-25: 전환사채(해외전환사채포함)발행후만기전사채취득              (제4회차),23
한전기술,052690,-47,🚨 YES,횡령ㆍ배임사실확인               | 횡령ㆍ배임사실확인              ,연결재무제표기준영업(잠정)실적(공정공시)              (+3),횡령ㆍ배임사실확인              (-25) | 횡령ㆍ배임사실확인              (-25),2026-08-31: 주주총회소집결의               | 2026-08-20: 횡령ㆍ배임사실확인               | 2026-08-14: 반기보고서 (2026.06) | 2026-08-07: 연결재무제표기준영업(잠정)실적(공정공시)               | 2026-08-07: 풍문또는보도에대한해명(미확정)              ,5
버킷스튜디오,066410,-45,🚨 YES,[기재정정]주요사항보고서(유상증자결정) | 주권매매거래정지기간변경              (개선기간 부여),,[기재정정]주요사항보고서(유상증자결정)(-15) | 주권매매거래정지기간변경              (개선기간 부여)(-30),2026-08-26: [기재정정]주요사항보고서(유상증자결정) | 2026-08-26: 기타주요경영사항              (제3자 배정 유상증자 결정 철회) | 2026-08-25: 상장적격성실질심사관련주요개선계획(자율공시)               | 2026-08-24: 주권매매거래정지기간변경              (개선기간 부여) | 2026-08-24: 기타시장안내              (코스닥시장위원회 심의·의결 결과 및 개선기간 부여 안내),6
하이퍼코퍼레이션,065650,-45,🚨 YES,[기재정정]주요사항보고서(유상증자결정) | 기타주요경영사항              (유상증자결정(주주배정후 실권주 일반공모)철회) | [기재정정]주요사항보고서(유상증자결정),,[기재정정]주요사항보고서(유상증자결정)(-15) | 기타주요경영사항              (유상증자결정(주주배정후 실권주 일반공모)철회)(-15) | [기재정정]주요사항보고서(유상증자결정)(-15),2026-08-27: 주요사항보고서(자기전환사채만기전취득결정) | 2026-08-27: [기재정정]주요사항보고서(유상증자결정) | 2026-08-27: 기타주요경영사항              (유상증자결정(주주배정후 실권주 일반공모)철회) | 2026-08-27: 철회신고서 | 2026-08-14: 반기보고서 (2026.06),8
MSDI,123010,-45,🚨 YES,[기재정정]주요사항보고서(전환사채권발행결정) | [기재정정]주요사항보고서(유상증자결정) | [기재정정]주요사항보고서(전환사채권발행결정),,[기재정정]주요사항보고서(전환사채권발행결정)(-15) | [기재정정]주요사항보고서(유상증자결정)(-15) | [기재정정]주요사항보고서(전환사채권발행결정)(-15),2026-08-28: [기재정정]주요사항보고서(전환사채권발행결정) | 2026-08-24: [기재정정]주요사항보고서(유상증자결정) | 2026-08-14: 반기보고서 (2026.06) | 2026-08-11: [기재정정]주요사항보고서(전환사채권발행결정) | 2026-08-07: [기재정정]주식매수선택권부여에관한신고,9
삼보산업,009620,-45,🚨 YES,"주권매매거래정지              (주식의 병합, 분할 등 전자등록 변경, 말소) | [기재정정]주요사항보고서(유상증자결정)",,"주권매매거래정지              (주식의 병합, 분할 등 전자등록 변경, 말소)(-30) | [기재정정]주요사항보고서(유상증자결정)(-15)","2026-08-25: 주권매매거래정지              (주식의 병합, 분할 등 전자등록 변경, 말소) | 2026-08-14: 반기보고서 (2026.06) | 2026-08-10: [기재정정]주요사항보고서(유상증자결정)",3
유엑스엔,337840,-45,🚨 YES,[기재정정]주요사항보고서(유상증자결정) | [기재정정]주요사항보고서(전환사채권발행결정) | 주요사항보고서(유상증자결정),,[기재정정]주요사항보고서(유상증자결정)(-15) | [기재정정]주요사항보고서(전환사채권발행결정)(-15) | 주요사항보고서(유상증자결정)(-15),2026-08-27: [기재정정]주요사항보고서(유상증자결정) | 2026-08-21: [기재정정]주요사항보고서(전환사채권발행결정) | 2026-08-20: 임원ㆍ주요주주특정증권등소유상황보고서 | 2026-08-20: 주식등의대량보유상황보고서(약식) | 2026-08-14: 특허권취득(자율공시)              ,7
비투엔,307870,-45,🚨 YES,"기타시장안내(관리종목지정우려종목)              (주가 1,000원 미달)",,"[기재정정]최대주주변경을수반하는주식양수도계약체결              (-5) | [기재정정]최대주주변경을수반하는주식양수도계약체결              (-5) | [기재정정]최대주주변경을수반하는주식양수도계약체결              (-5) | 기타시장안내(관리종목지정우려종목)              (주가 1,000원 미달)(-30)","2026-08-28: [기재정정]주식병합결정              (철회) | 2026-08-28: 임시주주총회결과               | 2026-08-26: 전환가액의조정              (제3회차,제4회차) | 2026-08-26: [기재정정]전환가액의조정              (제3회차,제4회차) | 2026-08-21: [기재정정]최대주주변경을수반하는주식양수도계약체결              ",17
판타지오,032800,-45,🚨 YES,[기재정정]주요사항보고서(유상증자결정) | [기재정정]주요사항보고서(유상증자결정) | [기재정정]주요사항보고서(유상증자결정),,[기재정정]주요사항보고서(유상증자결정)(-15) | [기재정정]주요사항보고서(유상증자결정)(-15) | [기재정정]주요사항보고서(유상증자결정)(-15),2026-08-28: [기재정정]주요사항보고서(유상증자결정) | 2026-08-27: 정정신고서제출요구( 2026.08.12. 제출 증권신고서(지분증권) ) | 2026-08-12: [정정제출요구][기재정정]증권신고서(지분증권) | 2026-08-11: [기재정정]주요사항보고서(유상증자결정) | 2026-08-07: 임원ㆍ주요주주특정증권등소유상황보고서,8
썸에이지,208640,-45,🚨 YES,[기재정정]주요사항보고서(유상증자결정) | 기타주요경영사항              (유상증자결정(주주배정 후 실권주 일반공모) 철회) | [기재정정]주요사항보고서(유상증자결정),,[기재정정]주요사항보고서(유상증자결정)(-15) | 기타주요경영사항              (유상증자결정(주주배정 후 실권주 일반공모) 철회)(-15) | [기재정정]주요사항보고서(유상증자결정)(-15),2026-08-14: 반기보고서 (2026.06) | 2026-08-12: 주주명부폐쇄기간또는기준일설정               | 2026-08-12: 주주총회소집결의              (임시주주총회) | 2026-08-10: 주식등의대량보유상황보고서(일반) | 2026-08-10: 임원ㆍ주요주주특정증권등소유상황보고서,12
한탑,002680,-45,🚨 YES,주요사항보고서(유상증자결정) | 기타시장안내(관리종목지정우려종목)              (시가총액 200억원 미달),,주요사항보고서(유상증자결정)(-15) | 기타시장안내(관리종목지정우려종목)              (시가총액 200억원 미달)(-30),2026-08-31: 증권발행결과(자율공시)              (제3자배정 유상증자) | 2026-08-20: 주요사항보고서(유상증자결정) | 2026-08-14: [기재정정]벌금등의부과               | 2026-08-14: 반기보고서 (2026.06) | 2026-08-11: 임원ㆍ주요주주특정증권등거래계획보고서,9
진원생명과학,011000,-45,🚨 YES,[기재정정]주요사항보고서(유상증자결정) | [기재정정]주요사항보고서(유상증자결정) | 주요사항보고서(유상증자결정),,[기재정정]주요사항보고서(유상증자결정)(-15) | [기재정정]주요사항보고서(유상증자결정)(-15) | 주요사항보고서(유상증자결정)(-15),"2026-08-31: 기타시장안내              (개선계획서 제출) | 2026-08-24: [기재정정]주요사항보고서(유상증자결정) | 2026-08-14: 반기보고서 (2026.06) | 2026-08-14: 반기검토의견부적정,의견거절또는완전자본잠식사실발생               | 2026-08-10: [기재정정]주요사항보고서(유상증자결정)",12
성원에너텍,340930,-45,🚨 YES,[기재정정]주요사항보고서(유상증자결정) | [기재정정]주요사항보고서(유상증자결정) | [기재정정]주요사항보고서(유상증자결정),,[기재정정]주요사항보고서(유상증자결정)(-15) | [기재정정]주요사항보고서(유상증자결정)(-15) | [기재정정]주요사항보고서(유상증자결정)(-15),2026-08-21: [기재정정]회생절차개시결정               | 2026-08-14: 반기보고서 (2026.06) | 2026-08-14: 반기검토(감사)의견부적정등사실확인(자본잠식률100분의50이상또는자기자본10억원미만포함)               | 2026-08-14: [기재정정]주식등의대량보유상황보고서(일반) | 2026-08-14: [기재정정]주식등의대량보유상황보고서(일반),14
오르비텍,046120,-45,🚨 YES,[기재정정]주요사항보고서(전환사채권발행결정) | [기재정정]주요사항보고서(전환사채권발행결정) | 주요사항보고서(전환사채권발행결정),,[기재정정]주요사항보고서(전환사채권발행결정)(-15) | [기재정정]주요사항보고서(전환사채권발행결정)(-15) | 주요사항보고서(전환사채권발행결정)(-15),2026-09-01: 증권발행결과(자율공시)               | 2026-08-27: [기재정정]주요사항보고서(전환사채권발행결정) | 2026-08-26: [기재정정]주요사항보고서(전환사채권발행결정) | 2026-08-24: 주요사항보고서(전환사채권발행결정) | 2026-08-14: 반기보고서 (2026.06),5
캐리,313760,-45,🚨 YES,[기재정정]주요사항보고서(유상증자결정) | 주권매매거래정지기간변경              (상장적격성 실질심사 대상(사유발생)),,[기재정정]주요사항보고서(유상증자결정)(-15) | 주권매매거래정지기간변경              (상장적격성 실질심사 대상(사유발생))(-30),2026-08-27: [기재정정]주요사항보고서(유상증자결정) | 2026-08-27: 기타주요경영사항              (제3자배정 유상증자 결정 철회) | 2026-08-18: 기타시장안내              (상장적격성 실질심사 대상결정 기한 안내) | 2026-08-14: 기타시장안내              (상장적격성 실질심사 관련) | 2026-08-14: 주권매매거래정지기간변경              (상장적격성 실질심사 대상(사유발생)),8
삼천리자전거,024950,-45,🚨 YES,횡령ㆍ배임혐의진행사항               | 횡령ㆍ배임혐의진행사항              ,주요사항보고서(자기주식취득결정)(+5),횡령ㆍ배임혐의진행사항              (-25) | 횡령ㆍ배임혐의진행사항              (-25),2026-08-27: 횡령ㆍ배임혐의진행사항               | 2026-08-18: 공개매수설명서 | 2026-08-18: 공개매수신고서 | 2026-08-14: 주요사항보고서(자기주식취득결정) | 2026-08-14: 반기보고서 (2026.06),5
이렘,009730,-45,🚨 YES,[기재정정]주요사항보고서(유상증자결정) | [기재정정]주요사항보고서(유상증자결정) | 주요사항보고서(전환사채권발행결정),,[기재정정]주요사항보고서(유상증자결정)(-15) | [기재정정]주요사항보고서(유상증자결정)(-15) | 주요사항보고서(전환사채권발행결정)(-15),2026-09-01: [첨부정정]증권신고서(지분증권) | 2026-08-31: [기재정정]증권신고서(지분증권) | 2026-08-28: [기재정정]주요사항보고서(유상증자결정) | 2026-08-26: 전환가액의조정              (제22회차) | 2026-08-25: 주식등의대량보유상황보고서(약식),10
대동금속,020400,-45,🚨 YES,기타시장안내              (관리종목지정우려종목)(시가총액 200억원 미달) | 주요사항보고서(유상증자결정),,기타시장안내              (관리종목지정우려종목)(시가총액 200억원 미달)(-30) | 주요사항보고서(유상증자결정)(-15),2026-09-01: 주식등의대량보유상황보고서(일반) | 2026-09-01: 임원ㆍ주요주주특정증권등소유상황보고서 | 2026-08-26: [기재정정]타법인주식및출자증권취득결정               | 2026-08-26: 증권발행결과(자율공시)               | 2026-08-14: 반기보고서 (2026.06),8
딥커머스,900110,-45,🚨 YES,"[기재정정]주요사항보고서(유상증자결정) | 주권매매거래정지              (주식의 병합, 분할 등 전자등록 변경, 말소)",,"[기재정정]주요사항보고서(유상증자결정)(-15) | 주권매매거래정지              (주식의 병합, 분할 등 전자등록 변경, 말소)(-30)",2026-08-31: 반기보고서 (2026.06) | 2026-08-31: 증권발행결과(자율공시)               | 2026-08-28: [기재정정]주요사항보고서(유상증자결정) | 2026-08-28: [기재정정]주식매수선택권부여에관한신고 | 2026-08-25: [기재정정]주식병합결정              ,8
아이오케이이엔엠,078860,-45,🚨 YES,[기재정정]주요사항보고서(유상증자결정) | 기타시장안내(관리종목지정우려종목)              (시가총액 200억원 미달),,[기재정정]주요사항보고서(유상증자결정)(-15) | 기타시장안내(관리종목지정우려종목)              (시가총액 200억원 미달)(-30),2026-08-31: [기재정정]주요사항보고서(유상증자결정) | 2026-08-14: 반기보고서 (2026.06) | 2026-08-07: 전환가액의조정              (제21회차) | 2026-08-06: [기재정정]주주총회소집결의               | 2026-08-05: 기타시장안내(관리종목지정우려종목)              (시가총액 200억원 미달),5
아이에스동서,010780,-40,🚨 YES,매매거래정지및정지해제(풍문등조회공시)               | 매매거래정지및정지해제(풍문등조회공시)              ,[기재정정]단일판매ㆍ공급계약체결              (+5) | 주식소각결정              (+5) | [기재정정]단일판매ㆍ공급계약체결              (+5) | 단일판매ㆍ공급계약체결              (+5),매매거래정지및정지해제(풍문등조회공시)              (-30) | 매매거래정지및정지해제(풍문등조회공시)              (-30),2026-08-31: [기재정정]단일판매ㆍ공급계약체결               | 2026-08-28: 주식등의대량보유상황보고서(일반) | 2026-08-26: 대규모기업집단현황공시[분기별공시(개별회사용)] | 2026-08-24: 기업설명회(IR)개최(안내공시)               | 2026-08-20: 주요사항보고서(자기주식취득신탁계약체결결정),20
젬백스,082270,-40,🚨 YES,[기재정정]주요사항보고서(유상증자결정) | [기재정정]주요사항보고서(유상증자결정),,[기재정정]주요사항보고서(유상증자결정)(-15) | [기재정정]최대주주변경을수반하는주식담보제공계약체결              (-5) | [기재정정]주요사항보고서(유상증자결정)(-15) | [기재정정]최대주주변경을수반하는주식담보제공계약체결              (-5),2026-09-01: 주식등의대량보유상황보고서(일반) | 2026-08-31: 임원ㆍ주요주주특정증권등소유상황보고서 | 2026-08-28: 임원ㆍ주요주주특정증권등소유상황보고서 | 2026-08-20: [기재정정]주요사항보고서(유상증자결정) | 2026-08-20: 증권발행결과(자율공시)              ,12
유티아이,179900,-40,🚨 YES,[기재정정]주요사항보고서(전환사채권발행결정) | [기재정정]주요사항보고서(유상증자결정) | 주요사항보고서(유상증자결정),[기재정정]주요사항보고서(자기주식취득결정)(+5),[기재정정]주요사항보고서(전환사채권발행결정)(-15) | [기재정정]주요사항보고서(유상증자결정)(-15) | 주요사항보고서(유상증자결정)(-15),2026-08-24: [기재정정]주주총회소집결의              (임시주주총회) | 2026-08-18: 임원ㆍ주요주주특정증권등소유상황보고서 | 2026-08-14: 반기보고서 (2026.06) | 2026-08-13: [기재정정]주요사항보고서(전환사채권발행결정) | 2026-08-13: 소액공모실적보고서,17
상보,027580,-40,🚨 YES,기타시장안내(관리종목지정우려종목)              (시가총액 200억원 미달),,최대주주변경              (-5) | 기타시장안내(관리종목지정우려종목)              (시가총액 200억원 미달)(-30) | 최대주주변경을수반하는주식양수도계약체결              (-5),2026-08-14: 반기보고서 (2026.06) | 2026-08-11: 임원ㆍ주요주주특정증권등거래계획보고서 | 2026-08-07: 임원ㆍ주요주주특정증권등소유상황보고서 | 2026-08-07: 주식등의대량보유상황보고서(일반) | 2026-08-07: 임원ㆍ주요주주특정증권등소유상황보고서,11
파라텍,033540,-40,🚨 YES,주권매매거래정지해제              (액면병합 주권 변경상장) | [첨부정정]주요사항보고서(전환사채권발행결정),[기재정정]단일판매ㆍ공급계약체결              (+5),주권매매거래정지해제              (액면병합 주권 변경상장)(-30) | [첨부정정]주요사항보고서(전환사채권발행결정)(-15),2026-09-01: 임원ㆍ주요주주특정증권등소유상황보고서 | 2026-09-01: 임원ㆍ주요주주특정증권등소유상황보고서 | 2026-08-28: [기재정정]단일판매ㆍ공급계약체결               | 2026-08-25: 주식등의대량보유상황보고서(약식) | 2026-08-18: 증권발행결과(자율공시)              (제4회차 CB),8
이노진,344860,-40,🚨 YES,주요사항보고서(유상증자결정) | 기타시장안내(관리종목지정우려종목)              (시가총액 200억원 미달),주요사항보고서(자기주식취득결정)(+5),주요사항보고서(유상증자결정)(-15) | 기타시장안내(관리종목지정우려종목)              (시가총액 200억원 미달)(-30),2026-08-25: 임원ㆍ주요주주특정증권등소유상황보고서 | 2026-08-24: 임원ㆍ주요주주특정증권등소유상황보고서 | 2026-08-24: 주식등의대량보유상황보고서(일반) | 2026-08-18: 증권발행결과(자율공시)               | 2026-08-14: 반기보고서 (2026.06),16
주성코퍼레이션,109070,-35,🚨 YES,[기재정정]주요사항보고서(유상증자결정) | [기재정정]주요사항보고서(전환사채권발행결정),,최대주주등소유주식변동신고서(최대주주변경시)              (-5) | [기재정정]주요사항보고서(유상증자결정)(-15) | [기재정정]주요사항보고서(전환사채권발행결정)(-15),2026-08-31: 기타경영사항(자율공시)               | 2026-08-27: 최대주주등소유주식변동신고서               | 2026-08-27: 임원ㆍ주요주주특정증권등소유상황보고서 | 2026-08-20: 최대주주등소유주식변동신고서               | 2026-08-20: 임원ㆍ주요주주특정증권등소유상황보고서,16
나노씨엠에스,247660,-35,🚨 YES,[기재정정]주요사항보고서(유상증자결정) | 주요사항보고서(유상증자결정),,[기재정정]주요사항보고서(유상증자결정)(-15) | 최대주주변경              (-5) | 주요사항보고서(유상증자결정)(-15),2026-09-01: 주식등의대량보유상황보고서(일반) | 2026-09-01: 임원ㆍ주요주주특정증권등소유상황보고서 | 2026-08-28: [기재정정]주요사항보고서(유상증자결정) | 2026-08-27: 기타시장안내(최대주주의의무보유관련)               | 2026-08-27: 최대주주변경              ,15
듀오백,073190,-35,🚨 YES,주권매매거래정지              (상장적격성 실질심사 대상(사유발생)),,주권매매거래정지              (상장적격성 실질심사 대상(사유발생))(-30) | 최대주주변경              (-5),2026-08-20: 기타시장안내              (상장적격성 실질심사 대상결정 기한 안내) | 2026-08-19: 주권매매거래정지              (상장적격성 실질심사 대상(사유발생)) | 2026-08-19: 기타시장안내              (상장적격성 실질심사 관련) | 2026-08-19: 최대주주변경               | 2026-08-19: 대표이사변경              ,8
스코넥,276040,-35,🚨 YES,주권매매거래정지기간변경              (상장적격성 실질심사 대상(사유발생)),,주권매매거래정지기간변경              (상장적격성 실질심사 대상(사유발생))(-30) | 최대주주변경              (-5),2026-08-27: 기타시장안내              (실질심사 대상여부 결정을 위한 조사기간 연장 안내) | 2026-08-26: [기재정정]금전대여결정               | 2026-08-14: 반기보고서 (2026.06) | 2026-08-14: 반기검토(감사)의견부적정등사실확인(자본잠식률100분의50이상또는자기자본10억원미만포함)               | 2026-08-12: 불성실공시법인지정              (공시번복),9
드림어스컴퍼니,060570,-35,🚨 YES,주권매매거래정지해제              (액면병합 주권 변경상장),,[기재정정]최대주주변경을수반하는주식담보제공계약체결              (-5) | 주권매매거래정지해제              (액면병합 주권 변경상장)(-30),2026-09-01: 주식등의대량보유상황보고서(일반) | 2026-08-25: [기재정정]최대주주변경을수반하는주식담보제공계약체결               | 2026-08-24: 주권매매거래정지해제              (액면병합 주권 변경상장) | 2026-08-14: 반기보고서 (2026.06) | 2026-08-11: 임원ㆍ주요주주특정증권등소유상황보고서,12
루멘스,038060,-35,🚨 YES,"기타시장안내(관리종목지정우려종목)              (주가 1,000원 미달)",,"최대주주변경을수반하는주식양수도계약체결              (-5) | 기타시장안내(관리종목지정우려종목)              (주가 1,000원 미달)(-30)",2026-08-18: 의결권대리행사권유참고서류 | 2026-08-18: 주주총회소집공고 | 2026-08-18: [기재정정]주식병합결정               | 2026-08-18: [기재정정]주주총회소집결의              (임시주주총회) | 2026-08-13: 주식등의대량보유상황보고서(일반),10
베노티앤알,206400,-35,🚨 YES,기타시장안내(관리종목지정우려종목)              (주가 1000원 미달),,[기재정정]최대주주변경을수반하는주식양수도계약체결              (-5) | 기타시장안내(관리종목지정우려종목)              (주가 1000원 미달)(-30),2026-09-01: [기재정정]주주총회소집결의              (임시주주총회) | 2026-08-31: [기재정정]주주총회소집결의              (임시주주총회) | 2026-08-27: [기재정정]최대주주변경을수반하는주식양수도계약체결               | 2026-08-27: [기재정정]주주총회소집결의              (임시주주총회) | 2026-08-14: [기재정정]주주총회소집결의              (임시주주총회),7
한울반도체,320000,-35,🚨 YES,[기재정정]주요사항보고서(유상증자결정) | [기재정정]주요사항보고서(유상증자결정),,[기재정정]주요사항보고서(유상증자결정)(-15) | [기재정정]최대주주변경을수반하는주식담보제공계약체결              (-5) | [기재정정]주요사항보고서(유상증자결정)(-15),"2026-09-01: [기재정정]주요사항보고서(유상증자결정) | 2026-08-31: 전환가액의조정              (제3회차,제4회차) | 2026-08-21: 임원ㆍ주요주주특정증권등거래계획철회보고서 | 2026-08-14: 반기보고서 (2026.06) | 2026-08-14: 파생상품거래손실발생              ",11
프리티,006490,-30,🚨 YES,[기재정정]주요사항보고서(전환사채권발행결정) | [기재정정]주요사항보고서(유상증자결정),,[기재정정]주요사항보고서(전환사채권발행결정)(-15) | [기재정정]주요사항보고서(유상증자결정)(-15),2026-08-28: [기재정정]주요사항보고서(전환사채권발행결정) | 2026-08-28: [기재정정]주요사항보고서(유상증자결정) | 2026-08-14: [첨부추가]반기보고서 (2026.06) | 2026-08-11: 주주명부폐쇄기간또는기준일설정               | 2026-08-11: 주주총회소집결의              ,5
다산디엠씨,208860,-30,🚨 YES,"주권매매거래정지              (주식의 병합, 분할 등 전자등록 변경, 말소)",,"주권매매거래정지              (주식의 병합, 분할 등 전자등록 변경, 말소)(-30)","2026-09-01: 임원ㆍ주요주주특정증권등소유상황보고서 | 2026-08-28: 주식등의대량보유상황보고서(일반) | 2026-08-28: 주권매매거래정지              (주식의 병합, 분할 등 전자등록 변경, 말소) | 2026-08-24: 임원ㆍ주요주주특정증권등소유상황보고서 | 2026-08-19: 임시주주총회결과              ",9
코아시아씨엠,196450,-30,🚨 YES,"주권매매거래정지              (주식의 병합, 분할 등 전자등록 변경, 말소)",,"주권매매거래정지              (주식의 병합, 분할 등 전자등록 변경, 말소)(-30)","2026-08-18: 주권매매거래정지              (주식의 병합, 분할 등 전자등록 변경, 말소) | 2026-08-12: 반기보고서 (2026.06) | 2026-08-06: 임시주주총회결과              ",3
드림라인,035430,-30,🚨 YES,[기재정정]주요사항보고서(유상증자결정) | [기재정정]주요사항보고서(유상증자결정),,[기재정정]주요사항보고서(유상증자결정)(-15) | [기재정정]주요사항보고서(유상증자결정)(-15),2026-08-14: 반기보고서 (2026.06) | 2026-08-06: [기재정정]주요사항보고서(유상증자결정) | 2026-08-06: [기재정정]주요사항보고서(유상증자결정),3
유안타제15호스팩,473050,-30,🚨 YES,기타시장안내(관리종목지정우려종목)              ,,기타시장안내(관리종목지정우려종목)              (-30),2026-08-14: 기타시장안내(관리종목지정우려종목)               | 2026-08-10: 반기보고서 (2026.06),2
덱스터,206560,-30,🚨 YES,주권매매거래정지해제              (상장적격성 실질심사 대상 제외 결정),,주권매매거래정지해제              (상장적격성 실질심사 대상 제외 결정)(-30),2026-08-20: [첨부정정]반기보고서 (2026.06) | 2026-08-14: 반기보고서 (2026.06) | 2026-08-13: 주권매매거래정지해제              (상장적격성 실질심사 대상 제외 결정) | 2026-08-13: 기타시장안내              (상장적격성 실질심사 대상 제외 결정),4
하이딥,365590,-30,🚨 YES,"주권매매거래정지              (주식의 병합, 분할 등 전자등록 변경, 말소)",,"주권매매거래정지              (주식의 병합, 분할 등 전자등록 변경, 말소)(-30)","2026-08-14: 주권매매거래정지              (주식의 병합, 분할 등 전자등록 변경, 말소) | 2026-08-14: 반기보고서 (2026.06) | 2026-08-07: 임시주주총회결과              ",3
츌립앤사이언스,291650,-30,🚨 YES,주권매매거래정지해제              (액면병합 주권 변경상장),,주권매매거래정지해제              (액면병합 주권 변경상장)(-30),2026-08-20: 주식등의대량보유상황보고서(약식) | 2026-08-20: 임원ㆍ주요주주특정증권등소유상황보고서 | 2026-08-20: 주식등의대량보유상황보고서(약식) | 2026-08-20: 임원ㆍ주요주주특정증권등소유상황보고서 | 2026-08-20: 임원ㆍ주요주주특정증권등소유상황보고서,8
상지건설,042940,-30,🚨 YES,[기재정정]주요사항보고서(유상증자결정) | [첨부정정]주요사항보고서(유상증자결정),,[기재정정]주요사항보고서(유상증자결정)(-15) | [첨부정정]주요사항보고서(유상증자결정)(-15),2026-08-14: [첨부추가]반기보고서 (2026.06) | 2026-08-18: [기재정정]반기보고서 (2026.06) | 2026-08-14: [기재정정]반기보고서 (2026.06) | 2026-08-07: [기재정정]주요사항보고서(유상증자결정) | 2026-08-07: [첨부정정]주요사항보고서(유상증자결정),5
이브이첨단소재,131400,-30,🚨 YES,"기타시장안내(관리종목지정우려종목)              (주가 1,000원 미달)",,"기타시장안내(관리종목지정우려종목)              (주가 1,000원 미달)(-30)","2026-08-26: 임시주주총회결과               | 2026-08-18: 기타시장안내(관리종목지정우려종목)              (주가 1,000원 미달) | 2026-08-18: 전환사채(해외전환사채포함)발행후만기전사채취득               | 2026-08-14: 반기보고서 (2026.06) | 2026-08-07: 의결권대리행사권유참고서류",6
지니틱스,303030,-30,🚨 YES,기타시장안내(관리종목지정우려종목)              (시가총액 200억원 미달),,기타시장안내(관리종목지정우려종목)              (시가총액 200억원 미달)(-30),2026-08-26: 기타시장안내(관리종목지정우려종목)              (시가총액 200억원 미달) | 2026-08-25: 타법인주식및출자증권취득결정(자율공시)               | 2026-08-14: 반기보고서 (2026.06) | 2026-08-10: 임시주주총회결과              ,4
파루,043200,-30,🚨 YES,주권매매거래정지해제              (액면병합 주권 변경상장),,주권매매거래정지해제              (액면병합 주권 변경상장)(-30),2026-08-26: 주권매매거래정지해제              (액면병합 주권 변경상장) | 2026-08-25: 임원ㆍ주요주주특정증권등거래계획보고서 | 2026-08-14: 반기보고서 (2026.06) | 2026-08-14: 임원ㆍ주요주주특정증권등소유상황보고서,4
알에프세미,096610,-30,🚨 YES,주권매매거래정지해제              (상장폐지에 따른 정리매매 개시),,주권매매거래정지해제              (상장폐지에 따른 정리매매 개시)(-30),2026-08-26: 주주총회소집공고 | 2026-08-24: [기재정정]주주총회소집결의              (임시주주총회) | 2026-08-21: 주권매매거래정지해제              (상장폐지에 따른 정리매매 개시) | 2026-08-21: 기타시장안내              (상장폐지결정 등 효력정지 가처분 신청 기각에 따른 정리매매절차 재개) | 2026-08-14: [기재정정]반기검토(감사)의견부적정등사실확인(자본잠식률100분의50이상또는자기자본10억원미만포함)              ,7
디알텍,214680,-30,🚨 YES,"주권매매거래정지              (주식의 병합, 분할 등 전자등록 변경, 말소)",,"주권매매거래정지              (주식의 병합, 분할 등 전자등록 변경, 말소)(-30)","2026-08-14: 주권매매거래정지              (주식의 병합, 분할 등 전자등록 변경, 말소) | 2026-08-13: 반기보고서 (2026.06) | 2026-08-06: 임시주주총회결과               | 2026-08-04: 주식등의대량보유상황보고서(일반)",4
퓨쳐메디신,341170,-30,🚨 YES,주권매매거래정지              (지정자문인 선임계약 해지),,주권매매거래정지              (지정자문인 선임계약 해지)(-30),2026-08-12: 기타시장안내              (지정자문인 선임계약 해지에 따른 상장폐지절차 안내) | 2026-08-12: 주권매매거래정지              (지정자문인 선임계약 해지) | 2026-08-12: 지정자문인선임계약의해지              ,3
뉴보텍,060260,-30,🚨 YES,기타시장안내(관리종목지정우려종목)              (시가총액 200억원 미달),,기타시장안내(관리종목지정우려종목)              (시가총액 200억원 미달)(-30),2026-08-24: 신탁계약에의한취득상황보고서 | 2026-08-24: 신탁계약해지결과보고서 | 2026-08-20: 주요사항보고서(자기주식취득신탁계약해지결정) | 2026-08-19: 주주총회소집결의              (임시주주총회) | 2026-08-19: 주주명부폐쇄기간또는기준일설정              ,7
코이즈,121850,-30,🚨 YES,주권매매거래정지              (상장폐지 사유발생),,주권매매거래정지              (상장폐지 사유발생)(-30),2026-09-01: 주권매매거래정지              (상장폐지 사유발생) | 2026-08-25: 기타시장안내              (시가총액 미달에 따른 상장폐지 우려 관련 안내) | 2026-08-18: 기타시장안내              (시가총액 미달에 따른 상장폐지 우려 관련 안내) | 2026-08-14: 반기보고서 (2026.06) | 2026-08-04: [기재정정]주주명부폐쇄기간또는기준일설정              ,6
에스앤더블류,103230,-30,🚨 YES,기타시장안내(관리종목지정우려종목)              (시가총액 200억원 미달),,기타시장안내(관리종목지정우려종목)              (시가총액 200억원 미달)(-30),2026-08-14: 반기보고서 (2026.06) | 2026-08-05: 기타시장안내(관리종목지정우려종목)              (시가총액 200억원 미달),2
웰킵스하이텍,043590,-30,🚨 YES,기타시장안내(관리종목지정우려종목)              (시가총액 200억원 미달),,기타시장안내(관리종목지정우려종목)              (시가총액 200억원 미달)(-30),2026-08-26: 주식등의대량보유상황보고서(일반) | 2026-08-18: 기타시장안내(관리종목지정우려종목)              (시가총액 200억원 미달) | 2026-08-14: 반기보고서 (2026.06) | 2026-08-05: 임원ㆍ주요주주특정증권등거래계획보고서,4
프롬바이오,377220,-30,🚨 YES,주권매매거래정지해제              (액면병합 주권 변경상장),,주권매매거래정지해제              (액면병합 주권 변경상장)(-30),2026-08-19: 주식등의대량보유상황보고서(일반) | 2026-08-19: 임원ㆍ주요주주특정증권등소유상황보고서 | 2026-08-14: 반기보고서 (2026.06) | 2026-08-07: 주권매매거래정지해제              (액면병합 주권 변경상장),4
시스웍,269620,-30,🚨 YES,주권매매거래정지해제              (상장폐지에 따른 정리매매 개시),,주권매매거래정지해제              (상장폐지에 따른 정리매매 개시)(-30),2026-08-24: 주식등의대량보유상황보고서(약식) | 2026-08-14: 기타시장안내              (상장적격성 실질심사 사유 추가 관련 절차 미진행) | 2026-08-14: 반기보고서 (2026.06) | 2026-08-14: 반기검토(감사)의견부적정등사실확인(자본잠식률100분의50이상또는자기자본10억원미만포함)               | 2026-08-11: 주권매매거래정지해제              (상장폐지에 따른 정리매매 개시),7
펨토바이오메드,327610,-30,🚨 YES,주권매매거래정지해제              (상장폐지에 따른 정리매매 개시),,주권매매거래정지해제              (상장폐지에 따른 정리매매 개시)(-30),2026-08-11: 주권매매거래정지해제              (상장폐지에 따른 정리매매 개시),1
코맥스,036690,-30,🚨 YES,주권매매거래정지기간변경              (개선기간 부여),,주권매매거래정지기간변경              (개선기간 부여)(-30),2026-08-28: 단기차입금증가결정(자율공시)               | 2026-08-28: 타법인주식및출자증권취득결정               | 2026-08-25: 상장적격성실질심사관련주요개선계획(자율공시)               | 2026-08-24: 주권매매거래정지기간변경              (개선기간 부여) | 2026-08-24: 기타시장안내              (코스닥시장위원회 심의·의결 결과 및 개선기간 부여 안내),7
대신밸런스제17호기업인수목적,471050,-30,🚨 YES,주권매매거래정지              (상장폐지 사유발생),,주권매매거래정지              (상장폐지 사유발생)(-30),2026-09-01: 주식등의대량보유상황보고서(약식) | 2026-09-01: 주요사항보고서(해산사유발생) | 2026-08-27: 주식등의대량보유상황보고서(약식) | 2026-08-21: 기타경영사항(자율공시)              (청산 관련 주요사항 안내) | 2026-08-19: 주권매매거래정지              (상장폐지 사유발생),8
나노실리칸첨단소재,286750,-30,🚨 YES,주권매매거래정지해제              (액면병합 주권 변경상장),,주권매매거래정지해제              (액면병합 주권 변경상장)(-30),2026-08-28: 주권매매거래정지해제              (액면병합 주권 변경상장) | 2026-08-25: [기재정정]기타경영사항(자율공시)              (제1회차 CB 취득후 재매각) | 2026-08-14: 반기보고서 (2026.06) | 2026-08-11: 주식등의대량보유상황보고서(약식),4
티케이지애강,022220,-30,🚨 YES,"기타시장안내(관리종목지정우려종목)              (주가 1,000원 미달)",,"기타시장안내(관리종목지정우려종목)              (주가 1,000원 미달)(-30)","2026-08-31: 공개매수설명서 | 2026-08-31: 공개매수신고서 | 2026-08-14: 반기보고서 (2026.06) | 2026-08-05: 기타시장안내(관리종목지정우려종목)              (주가 1,000원 미달)",4
에쎈테크,043340,-30,🚨 YES,"기타시장안내(관리종목지정우려종목)              (주가 1,000원 미달)",,"기타시장안내(관리종목지정우려종목)              (주가 1,000원 미달)(-30)",2026-08-25: 주주명부폐쇄기간또는기준일설정               | 2026-08-25: 주주총회소집결의              (임시주주총회) | 2026-08-25: 주식병합결정               | 2026-08-13: 반기보고서 (2026.06) | 2026-08-10: 주식등의대량보유상황보고서(일반),6
코미코,183300,-30,🚨 YES,주권매매거래정지해제              (액면분할 주권 변경상장),,주권매매거래정지해제              (액면분할 주권 변경상장)(-30),2026-08-28: 임원ㆍ주요주주특정증권등소유상황보고서 | 2026-08-28: 임원ㆍ주요주주특정증권등소유상황보고서 | 2026-08-25: 주식등의대량보유상황보고서(일반) | 2026-08-20: 주권매매거래정지해제              (액면분할 주권 변경상장) | 2026-08-14: 반기보고서 (2026.06),7
한중엔시에스,107640,-30,🚨 YES,[기재정정]주요사항보고서(전환사채권발행결정) | 주요사항보고서(전환사채권발행결정),,[기재정정]주요사항보고서(전환사채권발행결정)(-15) | 주요사항보고서(전환사채권발행결정)(-15),2026-08-28: 기타경영사항(자율공시)              (소규모합병 승인 이사회 결의(주주총회 갈음) 결과 보고) | 2026-08-21: 증권발행결과(자율공시)              (제2회차 CB) | 2026-08-19: 주식등의대량보유상황보고서(일반) | 2026-08-14: 반기보고서 (2026.06) | 2026-08-13: [기재정정]주요사항보고서(전환사채권발행결정),9
알파AI,043100,-30,🚨 YES,[기재정정]주요사항보고서(전환사채권발행결정) | [기재정정]주요사항보고서(전환사채권발행결정),,[기재정정]주요사항보고서(전환사채권발행결정)(-15) | [기재정정]주요사항보고서(전환사채권발행결정)(-15),"2026-08-20: 기타주요경영사항              (전환사채(18,19회차)및 타법인주식 취득결정 철회의 건) | 2026-08-20: [기재정정]타법인주식및출자증권취득결정              (철회) | 2026-08-20: [기재정정]주요사항보고서(전환사채권발행결정) | 2026-08-20: [기재정정]주요사항보고서(전환사채권발행결정) | 2026-08-14: 반기보고서 (2026.06)",6
LG생활건강,051900,-30,🚨 YES,[기재정정]유상증자결정(종속회사의주요경영사항)               | 유상증자결정(종속회사의주요경영사항)              ,,[기재정정]유상증자결정(종속회사의주요경영사항)              (-15) | 유상증자결정(종속회사의주요경영사항)              (-15),2026-09-01: [기재정정]유상증자결정(종속회사의주요경영사항)               | 2026-09-01: [기재정정]타법인주식및출자증권취득결정(종속회사의주요경영사항)               | 2026-09-01: [기재정정]타법인주식및출자증권처분결정(자율공시)(종속회사의주요경영사항)               | 2026-08-28: 대규모기업집단현황공시[분기별공시(개별회사용)] | 2026-08-24: 기업설명회(IR)개최(안내공시)              ,11
크라우드웍스,355390,-30,🚨 YES,기타주요경영사항              (제3자배정 유상증자결정 철회) | [기재정정]주요사항보고서(유상증자결정),,기타주요경영사항              (제3자배정 유상증자결정 철회)(-15) | [기재정정]주요사항보고서(유상증자결정)(-15),2026-09-01: 주식등의대량보유상황보고서(일반) | 2026-08-24: [기재정정]주주총회소집결의               | 2026-08-21: 기타주요경영사항              (제3자배정 유상증자결정 철회) | 2026-08-21: [기재정정]주요사항보고서(유상증자결정) | 2026-08-14: 반기보고서 (2026.06),10
인지디스플레,037330,-30,🚨 YES,"기타시장안내(관리종목지정우려종목)              (주가 1,000원 미달)",,"기타시장안내(관리종목지정우려종목)              (주가 1,000원 미달)(-30)",2026-08-25: [기재정정]주주총회소집공고 | 2026-08-25: [기재정정]주주총회소집결의              (임시주주총회) | 2026-08-25: [기재정정]주식병합결정               | 2026-08-21: 타법인주식및출자증권취득결정               | 2026-08-20: 주주총회소집공고,10
이노인스트루먼트,215790,-30,🚨 YES,"기타시장안내(관리종목지정우려종목)              (주가 1,000원 미달)",,"기타시장안내(관리종목지정우려종목)              (주가 1,000원 미달)(-30)",2026-08-27: [기재정정]주주총회소집공고 | 2026-08-27: 의결권대리행사권유참고서류 | 2026-08-26: 주주총회소집공고 | 2026-08-26: [기재정정]주식병합결정               | 2026-08-14: 반기보고서 (2026.06),6
일신바이오,068330,-30,🚨 YES,"기타시장안내(관리종목지정우려종목)              (주가 1,000원 미달)",,"기타시장안내(관리종목지정우려종목)              (주가 1,000원 미달)(-30)","2026-08-14: 반기보고서 (2026.06) | 2026-08-11: 기타시장안내(관리종목지정우려종목)              (주가 1,000원 미달)",2
크린앤사이언스,045520,-30,🚨 YES,기타시장안내(관리종목지정우려종목)              (시가총액 200억원 미달),,기타시장안내(관리종목지정우려종목)              (시가총액 200억원 미달)(-30),2026-08-19: 임원ㆍ주요주주특정증권등거래계획보고서 | 2026-08-14: 주식등의대량보유상황보고서(일반) | 2026-08-14: 임원ㆍ주요주주특정증권등소유상황보고서 | 2026-08-14: 임원ㆍ주요주주특정증권등소유상황보고서 | 2026-08-12: 반기보고서 (2026.06),10
멤레이비티,072770,-30,🚨 YES,"기타시장안내(관리종목지정우려종목)              (주가 1,000원 미달)",,"기타시장안내(관리종목지정우려종목)              (주가 1,000원 미달)(-30)","2026-08-24: 기타시장안내(관리종목지정우려종목)              (주가 1,000원 미달) | 2026-08-14: [첨부정정]반기보고서 (2026.06) | 2026-08-14: [첨부추가]반기보고서 (2026.06) | 2026-08-11: [기재정정]주주총회소집결의              (임시주주총회) | 2026-08-11: 투자판단관련주요경영사항              (경영지배인 사임)",5
티엔엔터테인먼트,131100,-30,🚨 YES,주권매매거래정지해제              (액면병합 주권 변경상장),,주권매매거래정지해제              (액면병합 주권 변경상장)(-30),2026-08-28: 대규모기업집단현황공시[분기별공시(개별회사용)] | 2026-08-20: 주권매매거래정지해제              (액면병합 주권 변경상장) | 2026-08-14: 반기보고서 (2026.06) | 2026-08-14: 지급수단별ㆍ지급기간별지급금액및분쟁조정기구에관한사항 | 2026-08-04: 대표이사변경              ,5
세림B&G,340440,-30,🚨 YES,"기타시장안내(관리종목지정우려종목)              (주가 1,000원 미달)",,"기타시장안내(관리종목지정우려종목)              (주가 1,000원 미달)(-30)","2026-08-25: 기타시장안내(관리종목지정우려종목)              (주가 1,000원 미달) | 2026-08-14: 반기보고서 (2026.06) | 2026-08-10: 임시주주총회결과              ",3
국일신동,060480,-30,🚨 YES,기타시장안내(관리종목지정우려종목)              (시가총액 200억원 미달),,기타시장안내(관리종목지정우려종목)              (시가총액 200억원 미달)(-30),2026-08-20: 임원ㆍ주요주주특정증권등거래계획보고서 | 2026-08-13: 반기보고서 (2026.06) | 2026-08-11: 임원ㆍ주요주주특정증권등거래계획보고서 | 2026-08-05: 기타시장안내(관리종목지정우려종목)              (시가총액 200억원 미달),4
비비안,002070,-30,🚨 YES,[기재정정]주요사항보고서(유상증자결정) | [기재정정]주요사항보고서(유상증자결정),,[기재정정]주요사항보고서(유상증자결정)(-15) | [기재정정]주요사항보고서(유상증자결정)(-15),2026-08-31: [기재정정]주요사항보고서(유상증자결정) | 2026-08-31: [기재정정]주요사항보고서(유상증자결정) | 2026-08-27: 풍문또는보도에대한해명(미확정)               | 2026-08-27: 투자유의안내              (시가총액 미달 계속 일수 변경 안내) | 2026-08-24: 투자유의안내              ,12
웨이버스,336060,-30,🚨 YES,주권매매거래정지해제              (액면병합 주권 변경상장),,주권매매거래정지해제              (액면병합 주권 변경상장)(-30),2026-08-14: 반기보고서 (2026.06) | 2026-08-07: 임원ㆍ주요주주특정증권등소유상황보고서 | 2026-08-07: 임원ㆍ주요주주특정증권등소유상황보고서 | 2026-08-07: 임원ㆍ주요주주특정증권등소유상황보고서 | 2026-08-07: 임원ㆍ주요주주특정증권등소유상황보고서,10
원풍물산,008290,-30,🚨 YES,"기타시장안내              (관리종목지정사유 추가우려)(주가 1,000원 미달)",,"기타시장안내              (관리종목지정사유 추가우려)(주가 1,000원 미달)(-30)",2026-09-01: 기타시장안내              (시가총액 미달에 따른 상장폐지 우려 관련 안내) | 2026-08-25: 기타시장안내              (시가총액 미달에 따른 상장폐지 우려 관련 안내) | 2026-08-24: 임원ㆍ주요주주특정증권등소유상황보고서 | 2026-08-24: 주식등의대량보유상황보고서(일반) | 2026-08-24: 조회공시요구(현저한시황변동)에대한답변(중요정보없음)              ,8
조아제약,034940,-30,🚨 YES,주권매매거래정지해제              (액면병합 주권 변경상장),,주권매매거래정지해제              (액면병합 주권 변경상장)(-30),2026-08-26: 주권매매거래정지해제              (액면병합 주권 변경상장) | 2026-08-14: 반기보고서 (2026.06),2
윙입푸드,900340,-30,🚨 YES,기타시장안내(관리종목지정우려종목)              (시가총액 200억원 미달),,기타시장안내(관리종목지정우려종목)              (시가총액 200억원 미달)(-30),2026-08-31: 반기보고서 (2026.06) | 2026-08-13: 임원ㆍ주요주주특정증권등소유상황보고서 | 2026-08-13: 주식등의대량보유상황보고서(약식) | 2026-08-13: 임원ㆍ주요주주특정증권등소유상황보고서 | 2026-08-13: 주식등의대량보유상황보고서(약식),13
패션플랫폼,225590,-30,🚨 YES,기타시장안내(관리종목지정우려종목)              (시가총액 200억원 미달),,기타시장안내(관리종목지정우려종목)              (시가총액 200억원 미달)(-30),2026-08-28: 주식등의대량보유상황보고서(일반) | 2026-08-14: 반기보고서 (2026.06) | 2026-08-05: 기타시장안내(관리종목지정우려종목)              (시가총액 200억원 미달),3
옴니시스템,057540,-30,🚨 YES,"기타시장안내(관리종목지정우려종목)              (주가 1,000원 미달)",,"기타시장안내(관리종목지정우려종목)              (주가 1,000원 미달)(-30)",2026-08-28: 임시주주총회결과               | 2026-08-21: 자기주식취득결과보고서 | 2026-08-18: 주식등의대량보유상황보고서(일반) | 2026-08-18: 임원ㆍ주요주주특정증권등소유상황보고서 | 2026-08-14: [첨부추가]반기보고서 (2026.06),7
시그네틱스,033170,-30,🚨 YES,주권매매거래정지해제              (액면병합 주권 변경상장),,주권매매거래정지해제              (액면병합 주권 변경상장)(-30),2026-08-31: 대규모기업집단현황공시[분기별공시(개별회사용)] | 2026-08-25: 주권매매거래정지해제              (액면병합 주권 변경상장) | 2026-08-19: [기재정정]주식병합결정               | 2026-08-14: 반기보고서 (2026.06) | 2026-08-13: 지급수단별ㆍ지급기간별지급금액및분쟁조정기구에관한사항,5
에이루트,096690,-30,🚨 YES,[기재정정]주요사항보고서(유상증자결정) | [기재정정]주요사항보고서(유상증자결정),,[기재정정]주요사항보고서(유상증자결정)(-15) | [기재정정]주요사항보고서(유상증자결정)(-15),2026-08-27: [기재정정]주요사항보고서(유상증자결정) | 2026-08-27: [기재정정]주요사항보고서(유상증자결정) | 2026-08-14: 반기보고서 (2026.06) | 2026-08-10: 임원ㆍ주요주주특정증권등소유상황보고서 | 2026-08-05: 임원ㆍ주요주주특정증권등소유상황보고서,6
핑거,163730,-30,🚨 YES,주요사항보고서(전환사채권발행결정) | 주요사항보고서(유상증자결정),,주요사항보고서(전환사채권발행결정)(-15) | 주요사항보고서(유상증자결정)(-15),2026-08-31: 타법인주식및출자증권취득결정(종속회사의주요경영사항)               | 2026-08-31: 증권발행결과(자율공시)               | 2026-08-28: 주식등의대량보유상황보고서(약식) | 2026-08-24: [기재정정]주요사항보고서(타법인주식및출자증권양수결정) | 2026-08-21: 주요사항보고서(전환사채권발행결정),11
에넥스,011090,-30,🚨 YES,[기재정정]주요사항보고서(유상증자결정) | [기재정정]주요사항보고서(유상증자결정),,[기재정정]주요사항보고서(유상증자결정)(-15) | [기재정정]주요사항보고서(유상증자결정)(-15),2026-08-31: 주식등의대량보유상황보고서(일반) | 2026-08-31: 임원ㆍ주요주주특정증권등소유상황보고서 | 2026-08-31: 최대주주등소유주식변동신고서               | 2026-08-26: [기재정정]투자판단관련주요경영사항               | 2026-08-26: [기재정정]주요사항보고서(유상증자결정),16
탑선,180060,-30,🚨 YES,[첨부정정]주요사항보고서(전환사채권발행결정) | [기재정정]주요사항보고서(전환사채권발행결정),,[첨부정정]주요사항보고서(전환사채권발행결정)(-15) | [기재정정]주요사항보고서(전환사채권발행결정)(-15),2026-08-26: [첨부정정]주요사항보고서(전환사채권발행결정) | 2026-08-26: [기재정정]주요사항보고서(전환사채권발행결정) | 2026-08-21: 주식등의대량보유상황보고서(일반) | 2026-08-21: 주식등의대량보유상황보고서(일반) | 2026-08-10: 주식등의대량보유상황보고서(일반),10
디젠스,113810,-30,🚨 YES,기타시장안내              ((관리종목지정우려종목)(시가총액 200억원 미달)),,기타시장안내              ((관리종목지정우려종목)(시가총액 200억원 미달))(-30),2026-08-28: 기타시장안내              ((관리종목지정우려종목)(시가총액 200억원 미달)) | 2026-08-14: 반기보고서 (2026.06) | 2026-08-06: 임원ㆍ주요주주특정증권등거래계획보고서 | 2026-08-05: 임원ㆍ주요주주특정증권등소유상황보고서,4
그리드위즈,453450,-30,🚨 YES,주요사항보고서(전환사채권발행결정) | 주요사항보고서(전환사채권발행결정),,주요사항보고서(전환사채권발행결정)(-15) | 주요사항보고서(전환사채권발행결정)(-15),2026-09-01: 증권발행결과(자율공시)              (제2회차 CB) | 2026-09-01: 증권발행결과(자율공시)              (제1회차 CB) | 2026-08-24: 주요사항보고서(전환사채권발행결정) | 2026-08-24: 주요사항보고서(전환사채권발행결정) | 2026-08-14: 반기보고서 (2026.06),7
아이톡시,052770,-30,🚨 YES,주권매매거래정지기간변경              (상장적격성 실질심사 대상결정),,주권매매거래정지기간변경              (상장적격성 실질심사 대상결정)(-30),2026-09-01: 주권매매거래정지기간변경              (상장적격성 실질심사 대상결정) | 2026-09-01: 기타시장안내              (상장적격성 실질심사 대상 결정) | 2026-08-31: 기타시장안내              (공시위반제재금 미납에 따른 가중벌점 부과) | 2026-08-14: 기타시장안내              (상장적격성 실질심사 사유추가) | 2026-08-14: 반기또는분기매출액미달사실발생              ,8
대호특수강,021040,-30,🚨 YES,"기타시장안내(관리종목지정우려종목)              (주가 1,000원 미달)",,"기타시장안내(관리종목지정우려종목)              (주가 1,000원 미달)(-30)","2026-08-14: 반기보고서 (2026.06) | 2026-08-13: 주식등의대량보유상황보고서(일반) | 2026-08-13: 임원ㆍ주요주주특정증권등소유상황보고서 | 2026-08-05: 기타시장안내(관리종목지정우려종목)              (주가 1,000원 미달)",4
에스에스알,275630,-30,🚨 YES,[기재정정]주요사항보고서(유상증자결정) | 주요사항보고서(유상증자결정),,[기재정정]주요사항보고서(유상증자결정)(-15) | 주요사항보고서(유상증자결정)(-15),2026-08-19: [기재정정]주요사항보고서(유상증자결정) | 2026-08-18: 주주총회소집결의              (임시주주총회) | 2026-08-18: 주주명부폐쇄기간또는기준일설정               | 2026-08-19: 주요사항보고서(유상증자결정) | 2026-08-19: 주요사항보고서(영업양수결정),10
좋은사람들,033340,-30,🚨 YES,"기타시장안내(관리종목지정우려종목)              (주가 1,000원 미달)",,"기타시장안내(관리종목지정우려종목)              (주가 1,000원 미달)(-30)","2026-08-20: 독립이사의선임ㆍ해임또는중도퇴임에관한신고 | 2026-08-20: 대표이사변경               | 2026-08-20: 임시주주총회결과               | 2026-08-14: 반기보고서 (2026.06) | 2026-08-05: 기타시장안내(관리종목지정우려종목)              (주가 1,000원 미달)",7
디에이치엑스컴퍼니,031860,-30,🚨 YES,주권매매거래정지기간변경              (액면병합 주권 변경상장),,주권매매거래정지기간변경              (액면병합 주권 변경상장)(-30),2026-08-20: 대표이사변경               | 2026-08-14: 반기보고서 (2026.06) | 2026-08-14: 반기검토(감사)의견부적정등사실확인(자본잠식률100분의50이상또는자기자본10억원미만포함)               | 2026-08-13: 주권매매거래정지기간변경              (액면병합 주권 변경상장) | 2026-08-07: 조회공시요구(현저한시황변동)에대한답변(미확정)              ,8
아틀라스링크,297570,-30,🚨 YES,"주권매매거래정지              (주식의 병합, 분할 등 전자등록 변경, 말소)",,"주권매매거래정지              (주식의 병합, 분할 등 전자등록 변경, 말소)(-30)","2026-08-31: 임원ㆍ주요주주특정증권등소유상황보고서 | 2026-08-20: 합병등종료보고서(자산양수도) | 2026-08-18: 주권매매거래정지              (주식의 병합, 분할 등 전자등록 변경, 말소) | 2026-08-14: 반기보고서 (2026.06) | 2026-08-11: 주요사항보고서(유형자산양수결정)",8
신영스팩10호,472220,-30,🚨 YES,주권매매거래정지              (상장폐지 사유발생),,주권매매거래정지              (상장폐지 사유발생)(-30),2026-09-01: 기타경영사항(자율공시)              ((청산관련 주요사항 안내)) | 2026-08-31: 주권매매거래정지              (상장폐지 사유발생) | 2026-08-24: 기타시장안내              (주권 상장폐지 우려 예고) | 2026-08-10: 반기보고서 (2026.06),4
진영,285800,-30,🚨 YES,"주권매매거래정지              (주식의 병합, 분할 등 전자등록 변경, 말소)",,"주권매매거래정지              (주식의 병합, 분할 등 전자등록 변경, 말소)(-30)","2026-08-18: 주권매매거래정지              (주식의 병합, 분할 등 전자등록 변경, 말소) | 2026-08-13: 기업가치제고계획(자율공시)               | 2026-08-13: 반기보고서 (2026.06) | 2026-08-07: 임시주주총회결과               | 2026-08-04: [기재정정]주식병합결정              ",6
씨엑스아이,900120,-30,🚨 YES,"주권매매거래정지              (주식의 병합, 분할 등 전자등록 변경, 말소)",,"주권매매거래정지              (주식의 병합, 분할 등 전자등록 변경, 말소)(-30)",2026-08-31: 임원ㆍ주요주주특정증권등소유상황보고서 | 2026-08-31: 주식등의대량보유상황보고서(약식) | 2026-08-31: 임원ㆍ주요주주특정증권등소유상황보고서 | 2026-08-31: 주식등의대량보유상황보고서(약식) | 2026-08-31: 임원ㆍ주요주주특정증권등소유상황보고서,16
한국캐피탈,023760,-30,🚨 YES,주권매매거래정지해제              (액면병합 주권 변경상장),,주권매매거래정지해제              (액면병합 주권 변경상장)(-30),2026-09-01: 임원ㆍ주요주주특정증권등소유상황보고서 | 2026-08-26: 주권매매거래정지해제              (액면병합 주권 변경상장) | 2026-08-24: 증권발행실적보고서 | 2026-08-21: 투자설명서(일괄신고) | 2026-08-21: 일괄신고추가서류,11
지엘팜텍,204840,-30,🚨 YES,주권매매거래정지해제              (액면병합 주권 변경상장),,주권매매거래정지해제              (액면병합 주권 변경상장)(-30),2026-08-21: 투자판단관련주요경영사항(임상시험계획승인신청등결정)              (W2505 경구제 제 3상 임상시험계획(IND) 승인) | 2026-08-13: 반기보고서 (2026.06) | 2026-08-10: 주권매매거래정지해제              (액면병합 주권 변경상장) | 2026-08-06: 주식등의대량보유상황보고서(일반) | 2026-08-06: 임원ㆍ주요주주특정증권등소유상황보고서,5
시선AI,340810,-30,🚨 YES,[기재정정]주요사항보고서(유상증자결정) | [기재정정]주요사항보고서(유상증자결정),,[기재정정]주요사항보고서(유상증자결정)(-15) | [기재정정]주요사항보고서(유상증자결정)(-15),2026-09-01: 주요사항보고서(자기전환사채만기전취득결정) | 2026-08-31: 전환가액의조정               | 2026-08-18: [기재정정]소액공모실적보고서 | 2026-08-18: [기재정정]소액공모공시서류(지분증권) | 2026-08-18: [기재정정]증권발행결과(자율공시)              ,13
케이바이오랩스,038530,-30,🚨 YES,"주권매매거래정지              (주식의 병합, 분할 등 전자등록 변경, 말소)",,"주권매매거래정지              (주식의 병합, 분할 등 전자등록 변경, 말소)(-30)","2026-08-28: 임원ㆍ주요주주특정증권등소유상황보고서 | 2026-08-28: 주식등의대량보유상황보고서(일반) | 2026-08-24: 주권매매거래정지              (주식의 병합, 분할 등 전자등록 변경, 말소) | 2026-08-21: 임원ㆍ주요주주특정증권등소유상황보고서 | 2026-08-21: 주식등의대량보유상황보고서(일반)",11
컴투스엔,291230,-30,🚨 YES,주권매매거래정지해제              (액면병합 주권 변경상장),,주권매매거래정지해제              (액면병합 주권 변경상장)(-30),2026-08-31: [기재정정]투자판단관련주요경영사항              (전환사채 인수계약 조건 일부 변경) | 2026-08-24: 투자판단관련주요경영사항              (전환사채 인수계약 조건 일부 변경) | 2026-08-12: 반기보고서 (2026.06) | 2026-08-12: [기재정정]주식병합결정               | 2026-08-11: 주권매매거래정지해제              (액면병합 주권 변경상장),6
대신정보통신,020180,-30,🚨 YES,주권매매거래정지해제              (액면병합 주권 변경상장),,주권매매거래정지해제              (액면병합 주권 변경상장)(-30),2026-08-27: 임원ㆍ주요주주특정증권등소유상황보고서 | 2026-08-18: 주권매매거래정지해제              (액면병합 주권 변경상장) | 2026-08-14: 분기보고서 (2026.06) | 2026-08-14: [기재정정]사업보고서 (2026.03) | 2026-08-11: 임원ㆍ주요주주특정증권등소유상황보고서,10
우리바이오,082850,-30,🚨 YES,"주권매매거래정지              (주식의 병합, 분할 등 전자등록 변경, 말소)",,"주권매매거래정지              (주식의 병합, 분할 등 전자등록 변경, 말소)(-30)","2026-08-14: 반기보고서 (2026.06) | 2026-08-11: 주권매매거래정지              (주식의 병합, 분할 등 전자등록 변경, 말소)",2
나이스정보통신,036800,-30,🚨 YES,주권매매거래정지해제              (액면분할 주권 변경상장),,주권매매거래정지해제              (액면분할 주권 변경상장)(-30),2026-08-14: 기업설명회(IR)개최               | 2026-08-14: 반기보고서 (2026.06) | 2026-08-14: 주권매매거래정지해제              (액면분할 주권 변경상장) | 2026-08-07: 임원ㆍ주요주주특정증권등소유상황보고서 | 2026-08-07: 임원ㆍ주요주주특정증권등소유상황보고서,9
CMG제약,058820,-30,🚨 YES,"기타시장안내(관리종목지정우려종목)              (주가 1,000원 미달)",,"기타시장안내(관리종목지정우려종목)              (주가 1,000원 미달)(-30)","2026-08-14: 반기보고서 (2026.06) | 2026-08-13: 의결권대리행사권유참고서류 | 2026-08-13: 주주총회소집공고 | 2026-08-07: [기재정정]주식등의대량보유상황보고서(약식) | 2026-08-05: 기타시장안내(관리종목지정우려종목)              (주가 1,000원 미달)",5
아이윈,090150,-30,🚨 YES,주권매매거래정지해제              (액면병합 주권 변경상장),,주권매매거래정지해제              (액면병합 주권 변경상장)(-30),2026-08-14: 반기보고서 (2026.06) | 2026-08-14: 주권매매거래정지해제              (액면병합 주권 변경상장) | 2026-08-10: 임원ㆍ주요주주특정증권등소유상황보고서 | 2026-08-10: 임원ㆍ주요주주특정증권등소유상황보고서,4
하나31호스팩,469900,-30,🚨 YES,기타시장안내(관리종목지정우려종목)              ,,기타시장안내(관리종목지정우려종목)              (-30),2026-08-27: 주식등의대량보유상황보고서(약식) | 2026-08-19: 기타시장안내(관리종목지정우려종목)               | 2026-08-12: 반기보고서 (2026.06),3
제일엠앤에스,412540,-30,🚨 YES,주권매매거래정지기간변경              (상장적격성 실질심사 대상(사유발생)),,주권매매거래정지기간변경              (상장적격성 실질심사 대상(사유발생))(-30),2026-08-27: [기재정정]기타경영사항(자율공시)              (관계인집회 기일 결정) | 2026-08-14: 기타시장안내              (상장적격성 실질심사 대상결정 기한 안내) | 2026-08-14: [기재정정]반기보고서 (2026.06) | 2026-08-14: 반기보고서 (2026.06) | 2026-08-13: [첨부정정]반기검토(감사)의견부적정등사실확인(자본잠식률100분의50이상또는자기자본10억원미만포함)              ,8
쎄노텍,222420,-30,🚨 YES,"기타시장안내(관리종목지정우려종목)              (주가 1,000원 미달)",,"기타시장안내(관리종목지정우려종목)              (주가 1,000원 미달)(-30)","2026-08-28: 전환사채(해외전환사채포함)발행후만기전사채취득               | 2026-08-18: 임원ㆍ주요주주특정증권등소유상황보고서 | 2026-08-18: 임원ㆍ주요주주특정증권등소유상황보고서 | 2026-08-18: 임원ㆍ주요주주특정증권등소유상황보고서 | 2026-08-06: 기타시장안내(관리종목지정우려종목)              (주가 1,000원 미달)",5
에스에너지,095910,-30,🚨 YES,"기타시장안내(관리종목지정우려종목)              (주가 1,000원 미달)",,"기타시장안내(관리종목지정우려종목)              (주가 1,000원 미달)(-30)",2026-08-14: 주주명부폐쇄기간또는기준일설정               | 2026-08-14: 주주총회소집결의              (임시주주총회) | 2026-08-14: 주식병합결정               | 2026-08-14: 임원ㆍ주요주주특정증권등소유상황보고서 | 2026-08-14: 반기보고서 (2026.06),6
우리이앤엘하루틴,153490,-30,🚨 YES,주권매매거래정지해제              (액면병합 주권 변경상장),,주권매매거래정지해제              (액면병합 주권 변경상장)(-30),2026-09-01: 조회공시요구(현저한시황변동)에대한답변(중요정보없음)               | 2026-08-31: 조회공시요구(현저한시황변동)               | 2026-08-19: 주권매매거래정지해제              (액면병합 주권 변경상장) | 2026-08-14: 반기보고서 (2026.06),4
에스제이그룹,306040,-30,🚨 YES,기타시장안내(관리종목지정우려종목)              (시가총액 200억원 미달),,기타시장안내(관리종목지정우려종목)              (시가총액 200억원 미달)(-30),2026-08-27: 기타시장안내(관리종목지정우려종목)              (시가총액 200억원 미달) | 2026-08-27: 임원ㆍ주요주주특정증권등소유상황보고서 | 2026-08-27: 주식등의대량보유상황보고서(일반) | 2026-08-20: 임원ㆍ주요주주특정증권등소유상황보고서 | 2026-08-20: 주식등의대량보유상황보고서(일반),6
미스터블루,207760,-30,🚨 YES,주권매매거래정지해제              (액면병합 주권 변경상장),,주권매매거래정지해제              (액면병합 주권 변경상장)(-30),2026-09-01: 주권매매거래정지해제              (액면병합 주권 변경상장) | 2026-08-14: 반기보고서 (2026.06) | 2026-08-13: 전환사채(해외전환사채포함)발행후만기전사채취득               | 2026-08-05: 주식등의대량보유상황보고서(일반) | 2026-08-05: 임원ㆍ주요주주특정증권등소유상황보고서,7
SK증권제11호스팩,472230,-30,🚨 YES,기타시장안내(관리종목지정우려종목)              ,,기타시장안내(관리종목지정우려종목)              (-30),2026-08-14: 기타시장안내(관리종목지정우려종목)               | 2026-08-10: 반기보고서 (2026.06),2
블리츠웨이엔터테인먼트,369370,-30,🚨 YES,주권매매거래정지해제              (액면병합 주권 변경상장),,주권매매거래정지해제              (액면병합 주권 변경상장)(-30),2026-08-14: 반기보고서 (2026.06) | 2026-08-06: 주권매매거래정지해제              (액면병합 주권 변경상장),2
에이프로젠,007460,-30,🚨 YES,주요사항보고서(전환사채권발행결정) | 주요사항보고서(전환사채권발행결정),,주요사항보고서(전환사채권발행결정)(-15) | 주요사항보고서(전환사채권발행결정)(-15),2026-08-28: 주식등의대량보유상황보고서(일반) | 2026-08-21: 주식등의대량보유상황보고서(일반) | 2026-08-21: 유상증자또는주식관련사채등의발행결과(자율공시)               | 2026-08-21: 유상증자또는주식관련사채등의발행결과(자율공시)               | 2026-08-14: 반기보고서 (2026.06),9
하이드로리튬,101670,-30,🚨 YES,"기타시장안내(관리종목지정우려종목)              (주가 1,000원 미달)",,"기타시장안내(관리종목지정우려종목)              (주가 1,000원 미달)(-30)","2026-08-21: 기타시장안내(관리종목지정우려종목)              (주가 1,000원 미달) | 2026-08-14: 반기보고서 (2026.06)",2
빌리언스,044480,-30,🚨 YES,"주권매매거래정지              (주식의 병합, 분할 등 전자등록 변경, 말소)",,"주권매매거래정지              (주식의 병합, 분할 등 전자등록 변경, 말소)(-30)","2026-08-14: 파생상품거래손실발생               | 2026-08-14: 반기보고서 (2026.06) | 2026-08-11: 주권매매거래정지              (주식의 병합, 분할 등 전자등록 변경, 말소)",3
파인텍,131760,-30,🚨 YES,기타시장안내(관리종목지정우려종목)              (시가총액 200억원 미달),,기타시장안내(관리종목지정우려종목)              (시가총액 200억원 미달)(-30),2026-08-31: 기타시장안내(관리종목지정우려종목)              (시가총액 200억원 미달) | 2026-08-14: 반기보고서 (2026.06) | 2026-08-04: 주식등의대량보유상황보고서(일반) | 2026-08-04: 임원ㆍ주요주주특정증권등소유상황보고서,4
유비온,084440,-30,🚨 YES,"주권매매거래정지              (주식의 병합, 분할 등 전자등록 변경, 말소)",,"주권매매거래정지              (주식의 병합, 분할 등 전자등록 변경, 말소)(-30)","2026-08-25: 주권매매거래정지              (주식의 병합, 분할 등 전자등록 변경, 말소) | 2026-08-21: 기업설명회(IR)개최               | 2026-08-14: 기업설명회(IR)개최               | 2026-08-14: 분기보고서 (2026.06)",4
SK,034730,-29,🚨 YES,주요사항보고서(전환사채권발행결정),[기재정정]주요사항보고서(회사합병결정)(자회사의 주요경영사항)              (+3) | 주요사항보고서(회사합병결정)(자회사의 주요경영사항)              (+3),주요사항보고서(자기주식처분결정)(자회사의 주요경영사항)              (-10) | 주요사항보고서(자기주식처분결정)(-10) | 주요사항보고서(전환사채권발행결정)(-15),2026-08-28: 임원ㆍ주요주주특정증권등소유상황보고서 | 2026-08-28: 임원ㆍ주요주주특정증권등소유상황보고서 | 2026-08-28: 임원ㆍ주요주주특정증권등소유상황보고서 | 2026-08-28: 임원ㆍ주요주주특정증권등소유상황보고서 | 2026-08-28: 임원ㆍ주요주주특정증권등소유상황보고서,24
라온피플,300120,-27,🚨 YES,주권매매거래정지해제              (액면병합 주권 변경상장),연결재무제표기준영업(잠정)실적(공정공시)              (+3),주권매매거래정지해제              (액면병합 주권 변경상장)(-30),2026-08-19: 주권매매거래정지해제              (액면병합 주권 변경상장) | 2026-08-14: 반기보고서 (2026.06) | 2026-08-13: 연결재무제표기준영업(잠정)실적(공정공시)               | 2026-08-06: 임원ㆍ주요주주특정증권등소유상황보고서 | 2026-08-06: 임원ㆍ주요주주특정증권등소유상황보고서,6
에어부산,298690,-27,🚨 YES,매매거래정지및정지해제(중요내용공시)              ,주요사항보고서(회사합병결정)(+3),매매거래정지및정지해제(중요내용공시)              (-30),2026-08-28: 대규모기업집단현황공시[분기별공시(개별회사용)] | 2026-08-21: 주주명부폐쇄기간또는기준일설정               | 2026-08-21: 주주총회소집결의               | 2026-08-21: 주요사항보고서(회사합병결정) | 2026-08-21: 매매거래정지및정지해제(중요내용공시)              ,7
제이엠아이,033050,-27,🚨 YES,"기타시장안내(관리종목지정우려종목)              (주가 1,000원 미달)",연결재무제표기준영업(잠정)실적(공정공시)              (+3),"기타시장안내(관리종목지정우려종목)              (주가 1,000원 미달)(-30)",2026-08-14: 주주총회소집공고 | 2026-08-14: 반기보고서 (2026.06) | 2026-08-12: 주주총회소집결의              (임시주주총회) | 2026-08-12: 주식병합결정               | 2026-08-12: 주주명부폐쇄기간또는기준일설정              ,10
MH에탄올,023150,-25,🚨 YES,매매거래정지및정지해제(중요내용공시)              ,주식소각결정              (+5),매매거래정지및정지해제(중요내용공시)              (-30),2026-08-25: 주식소각결정               | 2026-08-25: 매매거래정지및정지해제(중요내용공시)               | 2026-08-14: 반기보고서 (2026.06),3
아센디오,012170,-25,🚨 YES,주요사항보고서(유상증자결정),,주요사항보고서(유상증자결정)(-15) | 최대주주등소유주식변동신고서(최대주주변경시)              (-5) | 최대주주변경              (-5),2026-08-25: 독립이사의선임ㆍ해임또는중도퇴임에관한신고 | 2026-08-25: 임시주주총회결과               | 2026-08-25: 대표이사(대표집행임원)변경(안내공시)               | 2026-08-24: 소송등의제기ㆍ신청(경영권분쟁소송)               | 2026-08-21: 합병등종료보고서(자산양수도),19
미디어젠,279600,-25,🚨 YES,기타시장안내(관리종목지정우려종목)              (시가총액 200억원 미달),[기재정정]단일판매ㆍ공급계약체결              (+5),기타시장안내(관리종목지정우려종목)              (시가총액 200억원 미달)(-30),2026-08-31: [기재정정]단일판매ㆍ공급계약체결               | 2026-08-28: 기타시장안내(관리종목지정우려종목)              (시가총액 200억원 미달) | 2026-08-13: [기재정정]반기보고서 (2026.06) | 2026-08-13: 반기보고서 (2026.06),4
이엠앤아이,083470,-25,🚨 YES,주요사항보고서(유상증자결정),,[기재정정]최대주주변경을수반하는주식양수도계약체결              (-5) | 주요사항보고서(유상증자결정)(-15) | 최대주주변경을수반하는주식양수도계약체결              (-5),2026-09-01: [기재정정]최대주주변경을수반하는주식양수도계약체결               | 2026-09-01: [기재정정]주주총회소집결의              (임시주주총회) | 2026-08-21: 조회공시요구(현저한시황변동)에대한답변(미확정)               | 2026-08-20: [기재정정]주주총회소집결의              (임시주주총회) | 2026-08-20: 주요사항보고서(유상증자결정),10
휴림에이텍,078590,-25,🚨 YES,[기재정정]주요사항보고서(유상증자결정) | [기재정정]주요사항보고서(유상증자결정),주식소각결정              (+5),[기재정정]주요사항보고서(유상증자결정)(-15) | [기재정정]주요사항보고서(유상증자결정)(-15),2026-08-27: [기재정정]주주총회소집결의              (임시주주총회) | 2026-08-26: 임원ㆍ주요주주특정증권등거래계획보고서 | 2026-08-21: [기재정정]증권신고서(지분증권) | 2026-08-21: [기재정정]주요사항보고서(유상증자결정) | 2026-08-14: 반기보고서 (2026.06),7
에스트래픽,234300,-25,🚨 YES,주권매매거래정지              (영업양수도),[기재정정]단일판매ㆍ공급계약체결(자율공시)              (+5),주권매매거래정지              (영업양수도)(-30),2026-08-25: 주주총회소집공고 | 2026-08-25: [기재정정]단일판매ㆍ공급계약체결(자율공시)               | 2026-08-14: 반기보고서 (2026.06) | 2026-08-06: 주주명부폐쇄기간또는기준일설정               | 2026-08-06: 주주총회소집결의              (임시주주총회),7
엑사이엔씨,054940,-25,🚨 YES,주권매매거래정지해제              (액면병합 주권 변경상장),단일판매ㆍ공급계약체결              (+5),주권매매거래정지해제              (액면병합 주권 변경상장)(-30),2026-08-14: 단일판매ㆍ공급계약체결               | 2026-08-13: 반기보고서 (2026.06) | 2026-08-11: 주권매매거래정지해제              (액면병합 주권 변경상장) | 2026-08-10: 임원ㆍ주요주주특정증권등소유상황보고서 | 2026-08-10: 임원ㆍ주요주주특정증권등소유상황보고서,10
대창솔루션,096350,-25,🚨 YES,주권매매거래정지              (단일판매공급계약),단일판매ㆍ공급계약체결              (+5),주권매매거래정지              (단일판매공급계약)(-30),2026-08-21: 단일판매ㆍ공급계약체결               | 2026-08-21: 주권매매거래정지              (단일판매공급계약) | 2026-08-14: 반기보고서 (2026.06) | 2026-08-11: [기재정정]의결권대리행사권유참고서류 | 2026-08-11: [기재정정]주주총회소집공고,9
CS,065770,-25,🚨 YES,기타시장안내(관리종목지정우려종목)              (시가총액 200억원 미달),단일판매ㆍ공급계약체결(자율공시)              (+5),기타시장안내(관리종목지정우려종목)              (시가총액 200억원 미달)(-30),2026-08-28: 주요사항보고서(자기전환사채만기전취득결정) | 2026-08-21: 단일판매ㆍ공급계약체결(자율공시)               | 2026-08-20: 기타시장안내(관리종목지정우려종목)              (시가총액 200억원 미달) | 2026-08-14: 반기보고서 (2026.06),4
제이엔케이글로벌,126880,-25,🚨 YES,주권매매거래정지              (단일판매공급계약),단일판매ㆍ공급계약체결              (+5),주권매매거래정지              (단일판매공급계약)(-30),2026-08-14: 반기보고서 (2026.06) | 2026-08-11: 단일판매ㆍ공급계약체결               | 2026-08-11: 주권매매거래정지              (단일판매공급계약),3
케이피항공산업,288180,-25,🚨 YES,주권매매거래정지              (단일판매공급계약),단일판매ㆍ공급계약체결              (+5),주권매매거래정지              (단일판매공급계약)(-30),2026-08-18: 단일판매ㆍ공급계약체결               | 2026-08-18: 주권매매거래정지              (단일판매공급계약) | 2026-08-14: 반기보고서 (2026.06),3
진에어,272450,-24,🚨 YES,매매거래정지및정지해제(중요내용공시)              ,주요사항보고서(회사합병결정)(+3) | 영업(잠정)실적(공정공시)              (+3),매매거래정지및정지해제(중요내용공시)              (-30),2026-08-28: 대규모기업집단현황공시[분기별공시(개별회사용)] | 2026-08-21: 주주명부폐쇄기간또는기준일설정               | 2026-08-21: 주주총회소집결의               | 2026-08-21: 주요사항보고서(회사합병결정) | 2026-08-21: 매매거래정지및정지해제(중요내용공시)              ,12
KG모빌리티,003620,-24,🚨 YES,주요사항보고서(전환사채권발행결정) | 주요사항보고서(전환사채권발행결정),영업(잠정)실적(공정공시)              (+3) | 영업(잠정)실적(공정공시)              (+3),주요사항보고서(전환사채권발행결정)(-15) | 주요사항보고서(전환사채권발행결정)(-15),2026-09-01: 영업(잠정)실적(공정공시)               | 2026-08-27: 주요사항보고서(전환사채권발행결정) | 2026-08-26: 대규모기업집단현황공시[분기별공시(개별회사용)] | 2026-08-14: 반기보고서 (2026.06) | 2026-08-14: 지급수단별ㆍ지급기간별지급금액및분쟁조정기구에관한사항,8
SK아이이테크놀로지,361610,-24,🚨 YES,매매거래정지및정지해제(중요내용공시)              ,[첨부정정]주요사항보고서(회사합병결정)(+3) | 주요사항보고서(회사합병결정)(+3),매매거래정지및정지해제(중요내용공시)              (-30),2026-08-28: 대규모기업집단현황공시[분기별공시(개별회사용)] | 2026-08-26: [첨부정정]주요사항보고서(회사합병결정) | 2026-08-25: [첨부추가]기업설명회(IR)개최(안내공시)               | 2026-08-25: 기타안내사항(안내공시)               | 2026-08-25: 주주명부폐쇄기간또는기준일설정              ,11
KG에코솔루션,151860,-24,🚨 YES,주요사항보고서(전환사채권발행결정)(자회사의 주요경영사항)               | 주요사항보고서(전환사채권발행결정)(자회사의 주요경영사항)              ,연결재무제표기준영업(잠정)실적(공정공시)              (+3) | 영업(잠정)실적(공정공시)              (+3),주요사항보고서(전환사채권발행결정)(자회사의 주요경영사항)              (-15) | 주요사항보고서(전환사채권발행결정)(자회사의 주요경영사항)              (-15),2026-08-27: [기재정정]주요사항보고서(타법인주식및출자증권양수결정)(자회사의 주요경영사항)               | 2026-08-27: 주요사항보고서(전환사채권발행결정)(자회사의 주요경영사항)               | 2026-08-27: [기재정정]타법인주식및출자증권취득결정(자회사의 주요경영사항)               | 2026-08-26: 대규모기업집단현황공시[분기별공시(개별회사용)] | 2026-08-14: 반기보고서 (2026.06),10
덴티스,261200,-22,🚨 YES,주요사항보고서(전환사채권발행결정),연결재무제표기준영업(잠정)실적(공정공시)              (+3),[기재정정]최대주주변경을수반하는주식담보제공계약체결              (-5) | 최대주주변경을수반하는주식담보제공계약체결              (-5) | 주요사항보고서(전환사채권발행결정)(-15),2026-08-28: 주식등의대량보유상황보고서(약식) | 2026-08-27: 주식등의대량보유상황보고서(일반) | 2026-08-27: [기재정정]최대주주변경을수반하는주식담보제공계약체결               | 2026-08-25: 주식등의대량보유상황보고서(일반) | 2026-08-25: 임원ㆍ주요주주특정증권등소유상황보고서,16
키이스트,054780,-22,🚨 YES,주권매매거래정지              (단일판매공급계약),단일판매ㆍ공급계약체결              (+5) | 영업(잠정)실적(공정공시)              (+3),주권매매거래정지              (단일판매공급계약)(-30),2026-08-28: 대규모기업집단현황공시[분기별공시(개별회사용)] | 2026-08-26: 단일판매ㆍ공급계약체결               | 2026-08-26: 주권매매거래정지              (단일판매공급계약) | 2026-08-14: 반기보고서 (2026.06) | 2026-08-14: 지급수단별ㆍ지급기간별지급금액및분쟁조정기구에관한사항,6
코다코,046070,-20,🚨 YES,[기재정정]주요사항보고서(감자결정),,[기재정정]주요사항보고서(감자결정)(-20),2026-08-26: [기재정정]감자완료               | 2026-08-26: [기재정정]주요사항보고서(감자결정) | 2026-08-14: 반기보고서 (2026.06) | 2026-08-14: 반기검토(감사)의견부적정등사실확인(자본잠식률100분의50이상또는자기자본10억원미만포함)              ,4
리파인,377450,-20,OK,,,최대주주변경을수반하는주식담보제공계약체결              (-5) | 최대주주변경을수반하는주식담보제공계약해제ㆍ취소등              (-5) | [기재정정]최대주주변경을수반하는주식담보제공계약체결              (-5) | 최대주주변경을수반하는주식담보제공계약체결              (-5),2026-09-01: 주식등의대량보유상황보고서(일반) | 2026-08-27: 최대주주변경을수반하는주식담보제공계약체결               | 2026-08-27: 최대주주변경을수반하는주식담보제공계약해제ㆍ취소등               | 2026-08-25: [기재정정]최대주주변경을수반하는주식담보제공계약체결               | 2026-08-25: 최대주주변경을수반하는주식담보제공계약체결              ,8
대교,019680,-20,OK,,,[기재정정]주요사항보고서(자기주식처분결정)(-10) | 주요사항보고서(자기주식처분결정)(-10),2026-08-27: 최대주주등소유주식변동신고서               | 2026-08-27: 임원ㆍ주요주주특정증권등소유상황보고서 | 2026-08-27: 임원ㆍ주요주주특정증권등소유상황보고서 | 2026-08-27: 임원ㆍ주요주주특정증권등소유상황보고서 | 2026-08-27: 임원ㆍ주요주주특정증권등소유상황보고서,25
신한글로벌액티브리츠,481850,-20,🚨 YES,감자결정(종속회사의주요경영사항)              ,,감자결정(종속회사의주요경영사항)              (-20),2026-09-01: 기타경영사항(자율공시)               | 2026-09-01: [기재정정]부동산투자회사자금차입               | 2026-08-13: 주주명부폐쇄기간또는기준일설정               | 2026-08-07: 기타경영사항(자율공시)               | 2026-08-03: 타법인주식및출자증권처분결정              ,6
벡트,457600,-20,🚨 YES,[기재정정]주요사항보고서(유상증자결정),,[기재정정]주요사항보고서(유상증자결정)(-15) | 최대주주변경을수반하는주식양수도계약체결              (-5),2026-08-14: 반기보고서 (2026.06) | 2026-08-13: 주식등의대량보유상황보고서(일반) | 2026-08-07: [기재정정]주요사항보고서(유상증자결정) | 2026-08-06: 주주명부폐쇄기간또는기준일설정               | 2026-08-06: 최대주주변경을수반하는주식양수도계약체결              ,5
원익홀딩스,030530,-20,🚨 YES,유상증자결정(종속회사의주요경영사항)              ,,[기재정정]최대주주변경을수반하는주식담보제공계약체결              (-5) | 유상증자결정(종속회사의주요경영사항)              (-15),2026-08-31: 특수관계인에대한자금대여 | 2026-08-28: [기재정정]최대주주변경을수반하는주식담보제공계약체결               | 2026-08-28: 주요사항보고서(풋백옵션등계약체결결정) | 2026-08-28: 유상증자결정(종속회사의주요경영사항)               | 2026-08-28: 대규모기업집단현황공시[분기별공시(대표회사용)],8
신테카바이오,226330,-20,🚨 YES,주요사항보고서(유상증자결정),,주요사항보고서(유상증자결정)(-15) | [기재정정]최대주주변경을수반하는주식담보제공계약체결              (-5),"2026-08-31: 주요사항보고서(유상증자결정) | 2026-08-31: 소액공모공시서류(지분증권) | 2026-08-31: 주주총회소집공고 | 2026-08-31: [기재정정]주주총회소집결의              (임시주주총회) | 2026-08-28: [기재정정]기타경영사항(자율공시)              (자기사채(제1,2회차 무기명식 이권부 무보증 사모 전환사채) 소각 결정의 건)",13
디앤디플랫폼리츠,377190,-20,🚨 YES,감자결정(종속회사의주요경영사항)              ,,감자결정(종속회사의주요경영사항)              (-20),2026-08-27: 임원ㆍ주요주주특정증권등소유상황보고서 | 2026-08-24: 의결권대리행사권유참고서류 | 2026-08-24: 주주총회소집공고 | 2026-08-20: 임원ㆍ주요주주특정증권등소유상황보고서 | 2026-08-18: 타법인주식및출자증권취득결정              ,10
NH올원리츠,400760,-20,🚨 YES,감자결정(종속회사의주요경영사항)              ,,감자결정(종속회사의주요경영사항)              (-20),2026-08-21: 매출액또는손익구조30%(대규모법인은15%)이상변경               | 2026-08-21: 부동산투자회사금전배당결정               | 2026-08-21: 주주총회소집결의               | 2026-08-14: 타법인주식및출자증권처분결정               | 2026-08-14: 감자결정(종속회사의주요경영사항)              ,9
카카오,035720,-18,🚨 YES,매매거래정지및정지해제(중요내용공시)              ,[첨부정정]주요사항보고서(회사합병결정)(+3) | 주요사항보고서(회사합병결정)(+3) | 연결재무제표기준영업(잠정)실적(공정공시)              (+3) | 영업(잠정)실적(공정공시)              (+3),매매거래정지및정지해제(중요내용공시)              (-30),2026-08-26: 대규모기업집단현황공시[분기별공시(대표회사용)] | 2026-08-26: 기업설명회(IR)개최(안내공시)               | 2026-08-24: [첨부정정]주요사항보고서(회사합병결정) | 2026-08-21: 기업가치제고계획(자율공시)               | 2026-08-21: 주주명부폐쇄기간또는기준일설정              ,22
인바디,041830,-17,OK,,연결재무제표기준영업(잠정)실적(공정공시)              (+3),[기재정정]주요사항보고서(자기주식처분결정)(-10) | 주요사항보고서(자기주식처분결정)(-10),2026-08-14: 자기주식처분결과보고서 | 2026-08-14: 반기보고서 (2026.06) | 2026-08-12: 주식등의대량보유상황보고서(약식) | 2026-08-06: [기재정정]주요사항보고서(자기주식처분결정) | 2026-08-06: 주요사항보고서(자기주식처분결정),7
엔시트론,101400,-15,🚨 YES,주요사항보고서(유상증자결정),,주요사항보고서(유상증자결정)(-15),2026-08-28: 독립이사의선임ㆍ해임또는중도퇴임에관한신고 | 2026-08-28: 임시주주총회결과               | 2026-08-14: 반기보고서 (2026.06) | 2026-08-13: 의결권대리행사권유참고서류 | 2026-08-13: 주주총회소집공고,9
셀피글로벌,068940,-15,🚨 YES,[기재정정]주요사항보고서(유상증자결정),,[기재정정]주요사항보고서(유상증자결정)(-15),2026-08-14: 반기보고서 (2026.06) | 2026-08-07: [기재정정]주요사항보고서(유상증자결정),2
아이텍,119830,-15,🚨 YES,[기재정정]주요사항보고서(유상증자결정),,[기재정정]주요사항보고서(유상증자결정)(-15),2026-08-31: [기재정정]주요사항보고서(유상증자결정) | 2026-08-14: 반기보고서 (2026.06) | 2026-08-11: 전환가액의조정              ,3
아이티센씨티에스,031820,-15,🚨 YES,주요사항보고서(전환사채권발행결정),,주요사항보고서(전환사채권발행결정)(-15),2026-08-31: 주요사항보고서(전환사채권발행결정) | 2026-08-13: 반기보고서 (2026.06),2
MDS스피어,009810,-15,🚨 YES,[기재정정]주요사항보고서(유상증자결정),,[기재정정]주요사항보고서(유상증자결정)(-15),2026-08-27: 유상증자또는주식관련사채등의발행결과(자율공시)               | 2026-08-26: 임원ㆍ주요주주특정증권등소유상황보고서 | 2026-08-19: [기재정정]주요사항보고서(유상증자결정) | 2026-08-14: 반기보고서 (2026.06),4
사토시홀딩스,223310,-15,🚨 YES,주요사항보고서(유상증자결정),,주요사항보고서(유상증자결정)(-15),2026-09-01: 주식등의대량보유상황보고서(약식) | 2026-08-28: 주요사항보고서(유상증자결정) | 2026-08-26: 주요사항보고서(자기전환사채만기전취득결정) | 2026-08-26: 주요사항보고서(자기전환사채만기전취득결정) | 2026-08-26: 주요사항보고서(타법인주식및출자증권양도결정),17
일월지엠엘,178780,-15,🚨 YES,주요사항보고서(유상증자결정),,주요사항보고서(유상증자결정)(-15),2026-09-01: 주식등의대량보유상황보고서(일반) | 2026-08-28: 주요사항보고서(유상증자결정) | 2026-08-20: 임시주주총회결과               | 2026-08-19: 주식등의대량보유상황보고서(일반) | 2026-08-13: 반기보고서 (2026.06),8
HD건설기계,267270,-15,🚨 YES,유상증자결정(종속회사의주요경영사항)              ,,유상증자결정(종속회사의주요경영사항)              (-15),2026-08-31: 유상증자결정(종속회사의주요경영사항)               | 2026-08-28: 대규모기업집단현황공시[분기별공시(개별회사용)] | 2026-08-14: 반기보고서 (2026.06) | 2026-08-13: 동일인등출자계열회사와의상품ㆍ용역거래변경 | 2026-08-13: 지급수단별ㆍ지급기간별지급금액및분쟁조정기구에관한사항,7
툴젠,199800,-15,🚨 YES,[기재정정]주요사항보고서(유상증자결정),,[기재정정]주요사항보고서(유상증자결정)(-15),2026-09-01: 임원ㆍ주요주주특정증권등소유상황보고서 | 2026-08-28: 임원ㆍ주요주주특정증권등소유상황보고서 | 2026-08-28: 임원ㆍ주요주주특정증권등소유상황보고서 | 2026-08-28: 임원ㆍ주요주주특정증권등소유상황보고서 | 2026-08-20: [기재정정]투자설명서,14
코아시아,045970,-15,🚨 YES,유상증자결정(종속회사의주요경영사항)              ,,유상증자결정(종속회사의주요경영사항)              (-15),2026-08-28: 주식등의대량보유상황보고서(일반) | 2026-08-14: 반기보고서 (2026.06) | 2026-08-13: 유상증자결정(종속회사의주요경영사항)               | 2026-08-06: 임원ㆍ주요주주특정증권등소유상황보고서,4
쌍방울,102280,-15,🚨 YES,[기재정정]주요사항보고서(전환사채권발행결정),,[기재정정]주요사항보고서(전환사채권발행결정)(-15),2026-08-14: 반기보고서 (2026.06) | 2026-08-14: [기재정정]주요사항보고서(전환사채권발행결정),2
큐브엔터,182360,-15,🚨 YES,[기재정정]주요사항보고서(유상증자결정),,[기재정정]주요사항보고서(유상증자결정)(-15),2026-08-31: [기재정정]주요사항보고서(유상증자결정) | 2026-08-13: 반기보고서 (2026.06) | 2026-08-13: 전환사채(해외전환사채포함)발행후만기전사채취득               | 2026-08-07: 주식등의대량보유상황보고서(일반),4
에이럭스,475580,-15,🚨 YES,[기재정정]유상증자결정(종속회사의주요경영사항)              ,,[기재정정]유상증자결정(종속회사의주요경영사항)              (-15),2026-08-18: [기재정정]유상증자결정(종속회사의주요경영사항)               | 2026-08-18: [기재정정]타법인주식및출자증권취득결정               | 2026-08-18: [기재정정]타법인주식및출자증권처분결정               | 2026-08-14: [기재정정]반기보고서 (2026.06) | 2026-08-14: 반기보고서 (2026.06),5
피노,033790,-15,🚨 YES,주요사항보고서(유상증자결정),,주요사항보고서(유상증자결정)(-15),2026-08-28: 주요사항보고서(유상증자결정) | 2026-08-14: 반기보고서 (2026.06),2
아이엠티,451220,-15,🚨 YES,주요사항보고서(전환사채권발행결정),,주요사항보고서(전환사채권발행결정)(-15),2026-08-31: 신주인수권부사채(해외신주인수권부사채포함)발행후만기전사채취득              (제4회차) | 2026-08-28: 증권발행결과(자율공시)              (제6회차 CB) | 2026-08-20: 주요사항보고서(전환사채권발행결정) | 2026-08-14: 반기보고서 (2026.06),4
핀텔,291810,-15,🚨 YES,주요사항보고서(유상증자결정),,주요사항보고서(유상증자결정)(-15),2026-09-01: 주주명부폐쇄기간또는기준일설정               | 2026-09-01: 주주총회소집결의              (임시주주총회) | 2026-09-01: 주요사항보고서(유상증자결정) | 2026-08-14: 임원ㆍ주요주주특정증권등거래계획보고서 | 2026-08-12: 반기보고서 (2026.06),5
KX하이텍,052900,-15,🚨 YES,주요사항보고서(전환사채권발행결정),,주요사항보고서(전환사채권발행결정)(-15),2026-08-27: 증권발행결과(자율공시)               | 2026-08-19: 금전대여결정(자율공시)               | 2026-08-19: 주요사항보고서(전환사채권발행결정) | 2026-08-14: 반기보고서 (2026.06),4
뷰노,338220,-15,🚨 YES,주요사항보고서(유상증자결정),,주요사항보고서(유상증자결정)(-15),2026-08-28: 증권신고서(지분증권) | 2026-08-28: 주요사항보고서(유상증자결정) | 2026-08-26: 전환사채(해외전환사채포함)발행후만기전사채취득               | 2026-08-14: 반기보고서 (2026.06),4
크로넥스,215570,-15,🚨 YES,[기재정정]주요사항보고서(유상증자결정),,[기재정정]주요사항보고서(유상증자결정)(-15),2026-08-31: [기재정정]주식매수선택권부여에관한신고 | 2026-08-31: 전환가액의조정              (제5회차) | 2026-08-27: 임원ㆍ주요주주특정증권등소유상황보고서 | 2026-08-26: 임원ㆍ주요주주특정증권등소유상황보고서 | 2026-08-20: 임원ㆍ주요주주특정증권등소유상황보고서,7
테라사이언스,073640,-15,🚨 YES,[기재정정]주요사항보고서(유상증자결정),,[기재정정]주요사항보고서(유상증자결정)(-15),2026-09-01: 합병등종료보고서(자산양수도) | 2026-08-31: [기재정정]주요사항보고서(유형자산양도결정) | 2026-08-27: [기재정정]주요사항보고서(유상증자결정) | 2026-08-14: 반기검토(감사)의견부적정등사실확인(자본잠식률100분의50이상또는자기자본10억원미만포함)               | 2026-08-14: 반기보고서 (2026.06),11
롯데지주,004990,-15,🚨 YES,[기재정정]유상증자결정(종속회사의주요경영사항)              ,,[기재정정]유상증자결정(종속회사의주요경영사항)              (-15),2026-09-01: [기재정정]타인에대한채무보증결정(자회사의 주요경영사항)               | 2026-08-28: [발행조건확정]증권신고서(채무증권) | 2026-08-28: [기재정정]증권신고서(채무증권) | 2026-08-28: 기업설명회(IR)개최(안내공시)               | 2026-08-27: 대규모기업집단현황공시[분기별공시(대표회사용)],14
동방,004140,-15,🚨 YES,주요사항보고서(전환사채권발행결정),,주요사항보고서(전환사채권발행결정)(-15),2026-08-28: 유상증자또는주식관련사채등의발행결과(자율공시)               | 2026-08-20: 주요사항보고서(전환사채권발행결정) | 2026-08-14: 반기보고서 (2026.06),3
오에스피,368970,-15,🚨 YES,[기재정정]주요사항보고서(유상증자결정),,[기재정정]주요사항보고서(유상증자결정)(-15),2026-09-01: 기타시장안내              (시가총액 미달에 따른 상장폐지 우려 관련 안내) | 2026-09-01: 임원ㆍ주요주주특정증권등소유상황보고서 | 2026-09-01: 주식등의대량보유상황보고서(일반) | 2026-08-20: 주식등의대량보유상황보고서(약식) | 2026-08-14: 반기보고서 (2026.06),10
삼성바이오로직스,207940,-15,🚨 YES,주요사항보고서(유상증자결정),,주요사항보고서(유상증자결정)(-15),2026-08-31: 타법인주식및출자증권취득결정(종속회사의주요경영사항)               | 2026-08-31: 대규모기업집단현황공시[분기별공시(개별회사용)] | 2026-08-28: 주주명부폐쇄기간또는기준일설정               | 2026-08-28: 증권신고서(지분증권) | 2026-08-28: 기업설명회(IR)개최(안내공시)              ,11
큐로홀딩스,051780,-15,🚨 YES,주요사항보고서(유상증자결정),,주요사항보고서(유상증자결정)(-15),2026-08-28: 대규모기업집단현황공시[분기별공시(개별회사용)] | 2026-08-24: 임원ㆍ주요주주특정증권등소유상황보고서 | 2026-08-24: 주식등의대량보유상황보고서(일반) | 2026-08-18: 주식등의대량보유상황보고서(일반) | 2026-08-18: 임원ㆍ주요주주특정증권등소유상황보고서,10
파이온엑스,900100,-15,🚨 YES,주요사항보고서(유상증자결정),,주요사항보고서(유상증자결정)(-15),2026-08-31: 주요사항보고서(유상증자결정) | 2026-08-28: 조회공시요구(현저한시황변동)에대한답변(미확정)               | 2026-08-27: 반기보고서 (2026.06) | 2026-08-12: [기재정정]주주명부폐쇄기간또는기준일설정               | 2026-08-12: [기재정정]주주총회소집결의              (임시주주총회),5
HEM파마,376270,-15,🚨 YES,주요사항보고서(전환사채권발행결정),,주요사항보고서(전환사채권발행결정)(-15),2026-08-21: 반기보고서 (2026.06) | 2026-08-20: 임원ㆍ주요주주특정증권등소유상황보고서 | 2026-08-20: 주식등의대량보유상황보고서(일반) | 2026-08-19: 기업설명회(IR)개최               | 2026-08-14: 증권발행결과(자율공시)              ,6
비나텍,126340,-15,🚨 YES,주요사항보고서(전환사채권발행결정),,주요사항보고서(전환사채권발행결정)(-15),2026-08-26: 주식등의대량보유상황보고서(일반) | 2026-08-25: 기업설명회(IR)개최               | 2026-08-24: 증권발행결과(자율공시)               | 2026-08-14: 반기보고서 (2026.06) | 2026-08-14: 주요사항보고서(전환사채권발행결정),7
SKC,011790,-15,🚨 YES,유상증자결정(종속회사의주요경영사항)              ,,유상증자결정(종속회사의주요경영사항)              (-15),2026-08-27: 대규모기업집단현황공시[분기별공시(개별회사용)] | 2026-08-27: 임원ㆍ주요주주특정증권등소유상황보고서 | 2026-08-21: 유상증자결정(종속회사의주요경영사항)               | 2026-08-14: 반기보고서 (2026.06) | 2026-08-14: 지급수단별ㆍ지급기간별지급금액및분쟁조정기구에관한사항,6
바이오솔루션,086820,-15,🚨 YES,[기재정정]주요사항보고서(전환사채권발행결정),,[기재정정]주요사항보고서(전환사채권발행결정)(-15),2026-08-14: 반기보고서 (2026.06) | 2026-08-06: [기재정정]주요사항보고서(전환사채권발행결정),2
알엔투테크놀로지,148250,-15,🚨 YES,[기재정정]주요사항보고서(유상증자결정),,[기재정정]주요사항보고서(유상증자결정)(-15),2026-09-01: 소송등의판결ㆍ결정              (경영권 분쟁 소송)(임시총회소집허가) | 2026-08-31: 임시주주총회결과               | 2026-08-28: [기재정정]주요사항보고서(유상증자결정) | 2026-08-19: 불성실공시법인지정              (공시불이행) | 2026-08-18: 주주명부폐쇄기간또는기준일설정              ,13
페니트리움바이오,187660,-15,🚨 YES,[기재정정]주요사항보고서(유상증자결정),,[기재정정]주요사항보고서(유상증자결정)(-15),2026-08-27: 임원ㆍ주요주주특정증권등소유상황보고서 | 2026-08-14: 반기보고서 (2026.06) | 2026-08-13: 증권발행결과(자율공시)               | 2026-08-13: 증권발행실적보고서 | 2026-08-12: [기재정정]유상증자또는주식관련사채등의청약결과(자율공시)              ,13
계양전기,012200,-15,🚨 YES,[기재정정]주요사항보고서(유상증자결정),,[기재정정]주요사항보고서(유상증자결정)(-15),2026-09-01: [기재정정]투자설명서 | 2026-09-01: [발행조건확정]증권신고서(지분증권) | 2026-09-01: [기재정정]주요사항보고서(유상증자결정) | 2026-09-01: 유상증자신주발행가액(안내공시)               | 2026-09-01: 효력발생안내( 2026.8.14. 제출 증권신고서(지분증권) ),10
APS,054620,-15,🚨 YES,주요사항보고서(전환사채권발행결정),,주요사항보고서(전환사채권발행결정)(-15),2026-08-24: 주식등의대량보유상황보고서(약식) | 2026-08-18: [기재정정]반기보고서 (2026.06) | 2026-08-14: 증권발행결과(자율공시)               | 2026-08-14: 반기보고서 (2026.06) | 2026-08-05: 주요사항보고서(전환사채권발행결정),8
아미코젠,092040,-15,🚨 YES,[기재정정]주요사항보고서(유상증자결정),,[기재정정]주요사항보고서(유상증자결정)(-15),2026-08-31: [기재정정]주주명부폐쇄기간또는기준일설정               | 2026-08-31: [기재정정]주주총회소집결의              (임시주주총회) | 2026-08-18: [기재정정]반기보고서 (2026.06) | 2026-08-14: [기재정정]반기보고서 (2026.06) | 2026-08-14: 반기보고서 (2026.06),10
아이에이,038880,-15,🚨 YES,주요사항보고서(유상증자결정),,주요사항보고서(유상증자결정)(-15),2026-08-28: 임원ㆍ주요주주특정증권등소유상황보고서 | 2026-08-27: 정정신고서제출요구( 2026.08.18. 제출 증권신고서(지분증권) ) | 2026-08-21: 임원ㆍ주요주주특정증권등소유상황보고서 | 2026-08-18: 주주명부폐쇄기간또는기준일설정               | 2026-08-18: [정정제출요구]증권신고서(지분증권),10
핑거스토리,417180,-15,🚨 YES,주요사항보고서(유상증자결정),,주요사항보고서(유상증자결정)(-15),2026-08-31: 임원ㆍ주요주주특정증권등소유상황보고서 | 2026-08-31: 주식등의대량보유상황보고서(일반) | 2026-08-25: 증권발행결과(자율공시)               | 2026-08-14: 주요사항보고서(유상증자결정) | 2026-08-13: 반기보고서 (2026.06),8
제이아이테크,417500,-15,🚨 YES,주요사항보고서(유상증자결정),,주요사항보고서(유상증자결정)(-15),2026-08-14: 주요사항보고서(유상증자결정) | 2026-08-10: 반기보고서 (2026.06),2
씨이랩,189330,-15,🚨 YES,주권매매거래정지              (단일판매공급계약),단일판매ㆍ공급계약체결              (+5) | 단일판매ㆍ공급계약체결              (+5) | 단일판매ㆍ공급계약체결              (+5),주권매매거래정지              (단일판매공급계약)(-30),2026-08-26: 단일판매ㆍ공급계약체결               | 2026-08-20: 단일판매ㆍ공급계약체결               | 2026-08-13: 기업설명회(IR)개최               | 2026-08-13: 반기보고서 (2026.06) | 2026-08-04: 단일판매ㆍ공급계약체결              ,6
클로봇,466100,-15,🚨 YES,[기재정정]주요사항보고서(유상증자결정),,[기재정정]주요사항보고서(유상증자결정)(-15),2026-08-31: [기재정정]주요사항보고서(타법인주식및출자증권양수결정) | 2026-08-28: 주식등의대량보유상황보고서(일반) | 2026-08-28: 임원ㆍ주요주주특정증권등소유상황보고서 | 2026-08-28: 임원ㆍ주요주주특정증권등소유상황보고서 | 2026-08-28: 임원ㆍ주요주주특정증권등소유상황보고서,25
삼성FN리츠,448730,-15,🚨 YES,주요사항보고서(유상증자결정),,주요사항보고서(유상증자결정)(-15),2026-08-31: 특수관계인의유상증자참여 | 2026-08-31: 대규모기업집단현황공시[분기별공시(개별회사용)] | 2026-08-27: 임원ㆍ주요주주특정증권등소유상황보고서 | 2026-08-26: 주주명부폐쇄기간또는기준일설정               | 2026-08-26: 주주총회소집결의              ,17
HLB이노베이션,024850,-15,🚨 YES,주요사항보고서(유상증자결정),,주요사항보고서(유상증자결정)(-15),2026-08-28: 주요사항보고서(유상증자결정) | 2026-08-27: 임원ㆍ주요주주특정증권등소유상황보고서 | 2026-08-27: [기재정정]주요사항보고서(타법인주식및출자증권양수결정) | 2026-08-27: [기재정정]단기차입금증가결정               | 2026-08-27: 임원ㆍ주요주주특정증권등소유상황보고서,12
로지스몬,223220,-15,🚨 YES,주요사항보고서(유상증자결정),,주요사항보고서(유상증자결정)(-15),2026-09-01: 본점소재지변경               | 2026-09-01: 주요사항보고서(유상증자결정) | 2026-08-24: 소송등의판결ㆍ결정              (직무집행정지가처분) | 2026-08-18: 주식등의대량보유상황보고서(약식) | 2026-08-14: 주식등의대량보유상황보고서(약식),13
엠투엔,033310,-15,OK,,,[기재정정]최대주주변경을수반하는주식담보제공계약체결              (-5) | [기재정정]최대주주변경을수반하는주식담보제공계약체결              (-5) | [기재정정]최대주주변경을수반하는주식담보제공계약체결              (-5),2026-08-25: 주식등의대량보유상황보고서(일반) | 2026-08-18: [기재정정]최대주주변경을수반하는주식담보제공계약체결               | 2026-08-14: 주식등의대량보유상황보고서(일반) | 2026-08-14: 반기보고서 (2026.06) | 2026-08-10: [기재정정]최대주주변경을수반하는주식담보제공계약체결              ,7
풍원정밀,371950,-15,🚨 YES,주요사항보고서(유상증자결정),,주요사항보고서(유상증자결정)(-15),2026-09-01: 주식등의대량보유상황보고서(일반) | 2026-08-31: 단기차입금감소결정(자율공시)               | 2026-08-24: [기재정정]반기보고서 (2026.06) | 2026-08-24: 소액공모실적보고서 | 2026-08-24: 증권발행결과(자율공시)              ,10
엠엑스로보틱스,007820,-15,🚨 YES,주요사항보고서(유상증자결정),,주요사항보고서(유상증자결정)(-15),2026-08-27: 임원ㆍ주요주주특정증권등소유상황보고서 | 2026-08-27: 주식등의대량보유상황보고서(일반) | 2026-08-24: 증권발행결과(자율공시)               | 2026-08-13: 반기보고서 (2026.06) | 2026-08-07: 주주총회소집결의              (임시주주총회),7
엠엑스온,347890,-15,🚨 YES,유상증자결정(자율공시)(종속회사의주요경영사항)              ,,유상증자결정(자율공시)(종속회사의주요경영사항)              (-15),2026-08-14: 반기보고서 (2026.06) | 2026-08-10: 타법인주식및출자증권취득결정(자율공시)               | 2026-08-10: 유상증자결정(자율공시)(종속회사의주요경영사항)              ,3
푸드나무,290720,-15,🚨 YES,[기재정정]주요사항보고서(유상증자결정),,[기재정정]주요사항보고서(유상증자결정)(-15),2026-08-14: 반기보고서 (2026.06) | 2026-08-04: [기재정정]주요사항보고서(유상증자결정),2
스타코링크,060240,-15,🚨 YES,[기재정정]주요사항보고서(유상증자결정),,[기재정정]주요사항보고서(유상증자결정)(-15),2026-08-26: [기재정정]주요사항보고서(유상증자결정) | 2026-08-14: 반기보고서 (2026.06),2
HLB제약,047920,-15,🚨 YES,[기재정정]주요사항보고서(유상증자결정),,[기재정정]주요사항보고서(유상증자결정)(-15),2026-09-01: [기재정정]투자설명서 | 2026-09-01: 효력발생안내( 2026.8.14. 제출 증권신고서(지분증권) ) | 2026-08-31: [기재정정]증권신고서(지분증권) | 2026-08-31: 주식등의대량보유상황보고서(일반) | 2026-08-27: 임원ㆍ주요주주특정증권등소유상황보고서,17
솔루엠,248070,-15,🚨 YES,유상증자결정(종속회사의주요경영사항)              ,,유상증자결정(종속회사의주요경영사항)              (-15),2026-08-28: 최대주주등소유주식변동신고서               | 2026-08-28: 주식등의대량보유상황보고서(일반) | 2026-08-28: 임원ㆍ주요주주특정증권등소유상황보고서 | 2026-08-14: [기재정정]타법인주식및출자증권취득결정(자율공시)(종속회사의주요경영사항)               | 2026-08-14: 기업설명회(IR)개최(안내공시)              ,14
레이,228670,-15,OK,,,최대주주변경을수반하는주식담보제공계약해제ㆍ취소등              (-5) | [기재정정]최대주주변경을수반하는주식양수도계약체결              (-5) | 최대주주변경을수반하는주식양수도계약체결              (-5),2026-09-01: 주주총회소집공고 | 2026-09-01: [기재정정]주주총회소집결의              (임시주주총회) | 2026-08-18: 주식등의대량보유상황보고서(일반) | 2026-08-14: 반기보고서 (2026.06) | 2026-08-13: [기재정정]주식등의대량보유상황보고서(일반),12
오가닉티코스메틱,900300,-15,🚨 YES,주요사항보고서(유상증자결정),,주요사항보고서(유상증자결정)(-15),2026-08-31: 반기보고서 (2026.06) | 2026-08-20: 주주총회소집공고 | 2026-08-20: 주요사항보고서(유상증자결정) | 2026-08-20: [기재정정]주주총회소집결의              ,4
네이처셀,007390,-15,🚨 YES,유상증자결정(종속회사의주요경영사항)              ,,유상증자결정(종속회사의주요경영사항)              (-15),2026-08-26: 타법인주식및출자증권취득결정               | 2026-08-26: 유상증자결정(종속회사의주요경영사항)               | 2026-08-14: 반기보고서 (2026.06) | 2026-08-07: 증권발행결과(자율공시)               | 2026-08-03: 주식매수선택권부여에관한신고,5
HLB,028300,-15,🚨 YES,주요사항보고서(전환사채권발행결정),,주요사항보고서(전환사채권발행결정)(-15),2026-08-28: 전환가액의조정               | 2026-08-20: 주식등의대량보유상황보고서(일반) | 2026-08-20: 임원ㆍ주요주주특정증권등소유상황보고서 | 2026-08-19: 증권발행결과(자율공시)               | 2026-08-14: 파생상품거래손실발생              ,8
AK홀딩스,006840,-15,🚨 YES,[기재정정]유상증자결정(종속회사의주요경영사항)              ,,[기재정정]유상증자결정(종속회사의주요경영사항)              (-15),2026-08-31: [기재정정]타법인주식및출자증권취득결정(자회사의 주요경영사항)               | 2026-08-31: [기재정정]유상증자결정(종속회사의주요경영사항)               | 2026-08-31: [기재정정]유형자산처분결정(자회사의 주요경영사항)               | 2026-08-26: 특수관계인에대한출자 | 2026-08-26: 특수관계인으로부터자금차입,11
애경케미칼,161000,-15,🚨 YES,[기재정정]유상증자결정(종속회사의주요경영사항)              ,,[기재정정]유상증자결정(종속회사의주요경영사항)              (-15),2026-08-31: 대규모기업집단현황공시[분기별공시(개별회사용)] | 2026-08-31: [기재정정]타법인주식및출자증권취득결정               | 2026-08-31: [기재정정]유상증자결정(종속회사의주요경영사항)               | 2026-08-14: 대표이사(대표집행임원)변경(안내공시)               | 2026-08-14: 임시주주총회결과              ,8
신화프리텍,095190,-15,🚨 YES,주요사항보고서(전환사채권발행결정),,주요사항보고서(전환사채권발행결정)(-15),2026-09-01: 주요사항보고서(전환사채권발행결정) | 2026-08-14: 반기보고서 (2026.06),2
진코스텍,250030,-15,🚨 YES,주요사항보고서(유상증자결정),,주요사항보고서(유상증자결정)(-15),2026-08-27: 주요사항보고서(유상증자결정) | 2026-08-27: 증권신고서(지분증권) | 2026-08-14: 반기보고서 (2026.06) | 2026-08-12: [첨부추가]기타주요경영사항(자율공시)              ,4
퀀텀레일,070300,-15,🚨 YES,[기재정정]주요사항보고서(전환사채권발행결정),,[기재정정]주요사항보고서(전환사채권발행결정)(-15),2026-08-27: [기재정정]주요사항보고서(전환사채권발행결정) | 2026-08-14: 파생상품거래손실발생               | 2026-08-14: 반기보고서 (2026.06),3
씨피시스템,413630,-15,🚨 YES,주요사항보고서(전환사채권발행결정),,주요사항보고서(전환사채권발행결정)(-15),2026-08-26: 주요사항보고서(전환사채권발행결정) | 2026-08-24: 주요사항보고서(유형자산양수결정) | 2026-08-13: 반기보고서 (2026.06),3
에코글로우,159910,-15,🚨 YES,주요사항보고서(유상증자결정),,주요사항보고서(유상증자결정)(-15),2026-08-26: 주요사항보고서(유상증자결정) | 2026-08-21: 주요사항보고서(자기전환사채매도결정) | 2026-08-14: 반기보고서 (2026.06),3
노드메이슨,317860,-15,🚨 YES,[기재정정]주요사항보고서(전환사채권발행결정),,[기재정정]주요사항보고서(전환사채권발행결정)(-15),2026-08-26: [기재정정]주요사항보고서(전환사채권발행결정),1
엑스페릭스,317770,-15,🚨 YES,[기재정정]주요사항보고서(전환사채권발행결정),,[기재정정]주요사항보고서(전환사채권발행결정)(-15),2026-08-24: 전환가액의조정              (제4회차) | 2026-08-18: [기재정정]주요사항보고서(전환사채권발행결정) | 2026-08-14: 반기보고서 (2026.06) | 2026-08-07: 주식등의대량보유상황보고서(일반) | 2026-08-03: 임원ㆍ주요주주특정증권등소유상황보고서,7
이마트,139480,-14,🚨 YES,감자결정(종속회사의주요경영사항)              ,영업(잠정)실적(공정공시)              (+3) | 연결재무제표기준영업(잠정)실적(공정공시)              (+3),감자결정(종속회사의주요경영사항)              (-20),2026-08-31: 대규모기업집단현황공시[분기별공시(개별회사용)] | 2026-08-28: 감자결정(종속회사의주요경영사항)               | 2026-08-14: 반기보고서 (2026.06) | 2026-08-14: 지급수단별ㆍ지급기간별지급금액및분쟁조정기구에관한사항 | 2026-08-13: 기업설명회(IR)개최(안내공시)              ,8
실리콘투,257720,-12,🚨 YES,주요사항보고서(유상증자결정),연결재무제표기준영업(잠정)실적(공정공시)              (+3),주요사항보고서(유상증자결정)(-15),2026-08-27: 주식등의대량보유상황보고서(약식) | 2026-08-18: 주주명부폐쇄기간또는기준일설정               | 2026-08-18: 주요사항보고서(유상증자결정) | 2026-08-18: 주주총회소집결의              (임시주주총회) | 2026-08-14: 반기보고서 (2026.06),9
코칩,126730,-10,OK,,,주요사항보고서(자기주식처분결정)(-10),2026-08-25: 임원ㆍ주요주주특정증권등소유상황보고서 | 2026-08-24: 자기주식처분결과보고서 | 2026-08-14: 주요사항보고서(자기주식처분결정) | 2026-08-13: 반기보고서 (2026.06) | 2026-08-04: [기재정정]자기주식처분결과보고서,6
한화비전,489790,-10,OK,,,최대주주등소유주식변동신고서(최대주주변경시)              (-5) | 최대주주변경              (-5),2026-09-01: [기재정정]대규모기업집단현황공시[분기별공시(개별회사용)] | 2026-08-31: 대규모기업집단현황공시[분기별공시(개별회사용)] | 2026-08-31: 임원ㆍ주요주주특정증권등소유상황보고서 | 2026-08-14: 지급수단별ㆍ지급기간별지급금액및분쟁조정기구에관한사항 | 2026-08-13: 반기보고서 (2026.06),11
한국전자홀딩스,006200,-10,OK,,,[기재정정]주요사항보고서(자기주식처분결정)(-10),2026-08-18: [기재정정]주요사항보고서(자기주식처분결정) | 2026-08-18: [기재정정]자기주식처분결과보고서 | 2026-08-18: 자기교환사채만기전취득결정               | 2026-08-14: 반기보고서 (2026.06) | 2026-08-05: 투자유의안내              ,5
나인앤컴퍼니,366030,-10,OK,,,최대주주변경을수반하는주식담보제공계약체결              (-5) | 최대주주변경을수반하는주식담보제공계약해제ㆍ취소등              (-5),2026-08-20: 최대주주변경을수반하는주식담보제공계약체결               | 2026-08-20: 최대주주변경을수반하는주식담보제공계약해제ㆍ취소등               | 2026-08-14: 반기보고서 (2026.06) | 2026-08-12: 주식등의대량보유상황보고서(약식) | 2026-08-11: 주식등의대량보유상황보고서(약식),5
SG,255220,-10,🚨 YES,[기재정정]주요사항보고서(유상증자결정),단일판매ㆍ공급계약체결              (+5),[기재정정]주요사항보고서(유상증자결정)(-15),2026-09-01: [기재정정]투자설명서 | 2026-09-01: [발행조건확정]증권신고서(지분증권) | 2026-09-01: [첨부정정]증권신고서(지분증권) | 2026-09-01: [기재정정]주요사항보고서(유상증자결정) | 2026-09-01: 유상증자최종발행가액확정              ,13
원텍,336570,-10,OK,,,주요사항보고서(자기주식처분결정)(-10),2026-08-14: 임원ㆍ주요주주특정증권등소유상황보고서 | 2026-08-14: 임원ㆍ주요주주특정증권등소유상황보고서 | 2026-08-14: 임원ㆍ주요주주특정증권등소유상황보고서 | 2026-08-14: 임원ㆍ주요주주특정증권등소유상황보고서 | 2026-08-14: 임원ㆍ주요주주특정증권등소유상황보고서,10
SK이터닉스,475150,-10,OK,,,최대주주등소유주식변동신고서(최대주주변경시)              (-5) | 최대주주변경              (-5),2026-09-01: 금전대여결정               | 2026-09-01: [기재정정]주요사항보고서(유형자산양도결정) | 2026-08-27: 대규모기업집단현황공시[분기별공시(개별회사용)] | 2026-08-14: 임원ㆍ주요주주특정증권등소유상황보고서 | 2026-08-14: 주식등의대량보유상황보고서(일반),16
우양피앤엘,002420,-10,OK,,,최대주주변경              (-5) | 최대주주등소유주식변동신고서(최대주주변경시)              (-5),2026-08-18: 최대주주등소유주식변동신고서               | 2026-08-18: [기재정정]주식등의대량보유상황보고서(일반) | 2026-08-18: 임원ㆍ주요주주특정증권등소유상황보고서 | 2026-08-18: 임원ㆍ주요주주특정증권등소유상황보고서 | 2026-08-18: 주식등의대량보유상황보고서(일반),9
오이솔루션,138080,-10,OK,,,[기재정정]최대주주변경을수반하는주식담보제공계약체결              (-5) | [기재정정]최대주주변경을수반하는주식담보제공계약체결              (-5),2026-08-31: [기재정정]최대주주변경을수반하는주식담보제공계약체결               | 2026-08-31: 독립이사의선임ㆍ해임또는중도퇴임에관한신고 | 2026-08-21: 주식등의대량보유상황보고서(일반) | 2026-08-21: [기재정정]최대주주변경을수반하는주식담보제공계약체결               | 2026-08-14: 반기보고서 (2026.06),5
유나이티드,033270,-10,OK,,,최대주주변경              (-5) | 최대주주등소유주식변동신고서(최대주주변경시)              (-5),2026-08-14: 반기보고서 (2026.06) | 2026-08-11: 최대주주변경               | 2026-08-11: 주식등의대량보유상황보고서(일반) | 2026-08-11: 임원ㆍ주요주주특정증권등소유상황보고서 | 2026-08-11: 임원ㆍ주요주주특정증권등소유상황보고서,6
어보브반도체,102120,-10,OK,,,주요사항보고서(자기주식처분결정)(-10),2026-08-25: 임원ㆍ주요주주특정증권등소유상황보고서 | 2026-08-25: 임원ㆍ주요주주특정증권등소유상황보고서 | 2026-08-25: 임원ㆍ주요주주특정증권등소유상황보고서 | 2026-08-25: 임원ㆍ주요주주특정증권등소유상황보고서 | 2026-08-25: 임원ㆍ주요주주특정증권등소유상황보고서,14
HPSP,403870,-10,OK,,,주요사항보고서(자기주식처분결정)(-10),2026-08-31: 주주명부폐쇄기간또는기준일설정               | 2026-08-31: 주주총회소집결의              (임시주주총회) | 2026-08-14: 반기보고서 (2026.06) | 2026-08-07: 주요사항보고서(자기주식처분결정) | 2026-08-07: [기재정정]주식매수선택권부여에관한신고,7
케이카,381970,-10,OK,,,최대주주등소유주식변동신고서(최대주주변경시)              (-5) | 최대주주변경              (-5),2026-09-01: 대표이사(대표집행임원)변경(안내공시)               | 2026-09-01: 독립이사의선임ㆍ해임또는중도퇴임에관한신고 | 2026-09-01: 최대주주등소유주식변동신고서(최대주주변경시)               | 2026-09-01: 최대주주변경               | 2026-08-27: [기재정정]투자판단관련주요경영사항              ,10
하이브,352820,-10,OK,,,주요사항보고서(자기주식처분결정)(-10),2026-08-27: 대규모기업집단현황공시[분기별공시(대표회사용)] | 2026-08-25: 주요사항보고서(자기주식처분결정) | 2026-08-14: 반기보고서 (2026.06) | 2026-08-12: 지급수단별ㆍ지급기간별지급금액및분쟁조정기구에관한사항,4
RFHIC,218410,-10,OK,,,주요사항보고서(자기주식처분결정)(-10),2026-08-18: 자기주식처분결과보고서 | 2026-08-14: 반기보고서 (2026.06) | 2026-08-11: 주요사항보고서(자기주식처분결정) | 2026-08-11: 임시주주총회결과              ,4
에프에스티,036810,-10,OK,,,주요사항보고서(자기주식처분결정)(-10),2026-08-31: 임원ㆍ주요주주특정증권등거래계획보고서 | 2026-08-31: 임원ㆍ주요주주특정증권등거래계획보고서 | 2026-08-31: 임원ㆍ주요주주특정증권등거래계획보고서 | 2026-08-27: 자기주식처분결과보고서 | 2026-08-26: 주요사항보고서(자기주식처분결정),9
유니크,011320,-10,OK,,,주요사항보고서(자기주식처분결정)(-10),2026-08-28: 임원ㆍ주요주주특정증권등소유상황보고서 | 2026-08-18: 자기주식처분결과보고서 | 2026-08-14: 반기보고서 (2026.06) | 2026-08-14: 임원ㆍ주요주주특정증권등거래계획보고서 | 2026-08-14: 임원ㆍ주요주주특정증권등거래계획보고서,9
노브랜드,145170,-10,OK,,,주요사항보고서(자기주식처분결정)(-10),2026-09-01: 임원ㆍ주요주주특정증권등소유상황보고서 | 2026-08-28: 자기주식처분결과보고서 | 2026-08-21: 주요사항보고서(자기주식처분결정) | 2026-08-14: 반기보고서 (2026.06) | 2026-08-10: [기재정정]임시주주총회결과              ,5
현대무벡스,319400,-10,OK,,,주요사항보고서(자기주식처분결정)(-10),2026-08-20: 임원ㆍ주요주주특정증권등거래계획보고서 | 2026-08-14: 반기보고서 (2026.06) | 2026-08-06: 주요사항보고서(자기주식처분결정),3
티와이홀딩스,363280,-10,🚨 YES,주요사항보고서(유상증자결정)(자회사의 주요경영사항)              ,[기재정정]단일판매ㆍ공급계약체결(자회사의 주요경영사항)              (+5),주요사항보고서(유상증자결정)(자회사의 주요경영사항)              (-15),2026-08-28: 대규모기업집단현황공시[분기별공시(대표회사용)] | 2026-08-27: 주요사항보고서(유상증자결정)(자회사의 주요경영사항)               | 2026-08-18: [기재정정]단일판매ㆍ공급계약체결(자회사의 주요경영사항)               | 2026-08-14: 반기보고서 (2026.06) | 2026-08-10: 지급수단별ㆍ지급기간별지급금액및분쟁조정기구에관한사항,5
파버나인,177830,-10,OK,,,[기재정정]최대주주변경을수반하는주식담보제공계약체결              (-5) | [기재정정]최대주주변경을수반하는주식담보제공계약체결              (-5),2026-09-01: 주식등의대량보유상황보고서(일반) | 2026-09-01: [기재정정]최대주주변경을수반하는주식담보제공계약체결               | 2026-08-24: 신탁계약해지결과보고서 | 2026-08-14: 주식등의대량보유상황보고서(약식) | 2026-08-14: 전환사채(해외전환사채포함)발행후만기전사채취득              ,8
SK디앤디,210980,-10,🚨 YES,[기재정정]주요사항보고서(유상증자결정),[기재정정]단일판매ㆍ공급계약체결              (+5),[기재정정]주요사항보고서(유상증자결정)(-15),2026-08-31: [기재정정]투자설명서 | 2026-08-31: [발행조건확정]증권신고서(지분증권) | 2026-08-31: [기재정정]주요사항보고서(유상증자결정) | 2026-08-31: 유상증자신주발행가액(안내공시)               | 2026-08-28: [기재정정]단일판매ㆍ공급계약체결              ,21
제놀루션,225220,-10,OK,,,주요사항보고서(자기주식처분결정)(-10),2026-09-01: 주식등의대량보유상황보고서(일반) | 2026-08-27: 임원ㆍ주요주주특정증권등소유상황보고서 | 2026-08-27: 임원ㆍ주요주주특정증권등소유상황보고서 | 2026-08-27: 임원ㆍ주요주주특정증권등소유상황보고서 | 2026-08-27: 임원ㆍ주요주주특정증권등소유상황보고서,13
HLB글로벌,003580,-9,🚨 YES,주요사항보고서(전환사채권발행결정),[첨부정정]주요사항보고서(회사합병결정)(+3) | 주요사항보고서(회사합병결정)(+3),주요사항보고서(전환사채권발행결정)(-15),2026-08-20: 주식등의대량보유상황보고서(일반) | 2026-08-20: 임원ㆍ주요주주특정증권등소유상황보고서 | 2026-08-18: 유상증자또는주식관련사채등의발행결과(자율공시)               | 2026-08-13: 반기보고서 (2026.06) | 2026-08-10: [첨부정정]주요사항보고서(회사합병결정),10
남성,004270,-7,OK,,연결재무제표기준영업(잠정)실적(공정공시)              (+3),[기재정정]주요사항보고서(자기주식처분결정)(-10),2026-08-19: [기재정정]자기주식처분결과보고서 | 2026-08-19: [기재정정]주요사항보고서(자기주식처분결정) | 2026-08-19: 자기교환사채만기전취득결정               | 2026-08-13: 반기보고서 (2026.06) | 2026-08-05: 투자유의안내              ,6
휴젤,145020,-7,OK,,연결재무제표기준영업(잠정)실적(공정공시)              (+3),주요사항보고서(자기주식처분결정)(-10),2026-08-31: 대규모기업집단현황공시[분기별공시(개별회사용)] | 2026-08-24: [기재정정]임시주주총회결과               | 2026-08-21: 임원ㆍ주요주주특정증권등소유상황보고서 | 2026-08-21: 독립이사의선임ㆍ해임또는중도퇴임에관한신고 | 2026-08-21: 임시주주총회결과              ,21
KG케미칼,001390,-7,OK,,연결재무제표기준영업(잠정)실적(공정공시)              (+3),주요사항보고서(자기주식처분결정)(-10),2026-08-28: [기재정정]타법인주식및출자증권취득결정(종속회사의주요경영사항)               | 2026-08-26: 대규모기업집단현황공시[분기별공시(대표회사용)] | 2026-08-14: [첨부추가]반기보고서 (2026.06) | 2026-08-14: 주요사항보고서(자기주식처분결정) | 2026-08-14: 최대주주등소유주식변동신고서              ,13
교촌에프앤비,339770,-7,OK,,연결재무제표기준영업(잠정)실적(공정공시)              (+3),주요사항보고서(자기주식처분결정)(-10),2026-08-14: 반기보고서 (2026.06) | 2026-08-10: 주요사항보고서(자기주식처분결정) | 2026-08-10: 현금ㆍ현물배당을위한주주명부폐쇄(기준일)결정               | 2026-08-10: 현금ㆍ현물배당결정               | 2026-08-07: 연결재무제표기준영업(잠정)실적(공정공시)              ,5
SK네트웍스,001740,-7,OK,,연결재무제표기준영업(잠정)실적(공정공시)              (+3),주요사항보고서(자기주식처분결정)(-10),2026-09-01: 최대주주등소유주식변동신고서               | 2026-09-01: 임원ㆍ주요주주특정증권등소유상황보고서 | 2026-08-28: 대규모기업집단현황공시[분기별공시(개별회사용)] | 2026-08-18: 최대주주등소유주식변동신고서               | 2026-08-18: 자기주식처분결과보고서,16
한화갤러리아,452260,-7,OK,,유형자산취득결정(종속회사의주요경영사항)              (+3),최대주주등소유주식변동신고서(최대주주변경시)              (-5) | 최대주주변경              (-5),2026-08-31: 대규모기업집단현황공시[분기별공시(개별회사용)] | 2026-08-27: 유형자산취득결정(종속회사의주요경영사항)               | 2026-08-21: [기재정정]주요사항보고서(유형자산양수결정) | 2026-08-21: 특수관계인에대한자금대여 | 2026-08-21: 금전대여결정              ,14
LX홀딩스,383800,-7,OK,,연결재무제표기준영업(잠정)실적(공정공시)              (+3),최대주주변경              (-5) | 최대주주등소유주식변동신고서(최대주주변경시)              (-5),2026-08-28: 대규모기업집단현황공시[분기별공시(대표회사용)] | 2026-08-14: 반기보고서 (2026.06) | 2026-08-14: 지급수단별ㆍ지급기간별지급금액및분쟁조정기구에관한사항 | 2026-08-12: 임원ㆍ주요주주특정증권등거래계획보고서 | 2026-08-12: 임원ㆍ주요주주특정증권등거래계획보고서,16
티플랙스,081150,-7,OK,,영업(잠정)실적(공정공시)              (+3),주요사항보고서(자기주식처분결정)(-10),2026-08-31: 자기주식처분결과보고서 | 2026-08-28: 주요사항보고서(자기주식처분결정) | 2026-08-14: 반기보고서 (2026.06) | 2026-08-05: 영업(잠정)실적(공정공시)              ,4
서부T&D,006730,-5,OK,,,[기재정정]최대주주변경을수반하는주식담보제공계약체결              (-5),2026-08-28: 주식등의대량보유상황보고서(일반) | 2026-08-28: 임원ㆍ주요주주특정증권등소유상황보고서 | 2026-08-26: 임원ㆍ주요주주특정증권등소유상황보고서 | 2026-08-26: 임원ㆍ주요주주특정증권등소유상황보고서 | 2026-08-21: [기재정정]최대주주변경을수반하는주식담보제공계약체결              ,7
수성웹툰,084180,-5,OK,,,[기재정정]최대주주변경을수반하는주식담보제공계약체결              (-5),2026-08-14: 반기보고서 (2026.06) | 2026-08-13: 주식등의대량보유상황보고서(일반) | 2026-08-12: 불성실공시법인지정예고              (공시번복) | 2026-08-10: 주식등의대량보유상황보고서(약식) | 2026-08-06: [기재정정]최대주주변경을수반하는주식담보제공계약체결              ,6
태영건설,009410,-5,🚨 YES,주요사항보고서(유상증자결정),[기재정정]단일판매ㆍ공급계약체결              (+5) | [기재정정]단일판매ㆍ공급계약체결              (+5),주요사항보고서(유상증자결정)(-15),2026-08-28: [기재정정]단일판매ㆍ공급계약체결               | 2026-08-28: 대규모기업집단현황공시[분기별공시(개별회사용)] | 2026-08-27: 주요사항보고서(유상증자결정) | 2026-08-18: [기재정정]단일판매ㆍ공급계약체결               | 2026-08-14: 반기보고서 (2026.06),6
경동제약,011040,-5,OK,,,[기재정정]최대주주변경을수반하는주식담보제공계약체결              (-5),2026-08-31: 주식등의대량보유상황보고서(일반) | 2026-08-27: [기재정정]최대주주변경을수반하는주식담보제공계약체결               | 2026-08-18: 임원ㆍ주요주주특정증권등소유상황보고서 | 2026-08-14: 반기보고서 (2026.06),4
디티앤씨,187220,-5,OK,,,[기재정정]최대주주변경을수반하는주식담보제공계약체결              (-5),2026-08-27: 임원ㆍ주요주주특정증권등소유상황보고서 | 2026-08-27: 주식등의대량보유상황보고서(일반) | 2026-08-27: [기재정정]최대주주변경을수반하는주식담보제공계약체결               | 2026-08-14: [기재정정]기업가치제고계획(자율공시)               | 2026-08-14: 반기보고서 (2026.06),5
케이엔제이,272110,-5,OK,,,최대주주변경을수반하는주식담보제공계약해제ㆍ취소등              (-5),2026-08-25: 기업설명회(IR)개최               | 2026-08-13: [기재정정]반기보고서 (2026.06) | 2026-08-13: 반기보고서 (2026.06) | 2026-08-11: 최대주주변경을수반하는주식담보제공계약해제ㆍ취소등               | 2026-08-11: 주식등의대량보유상황보고서(일반),6
우리기술,032820,-5,🚨 YES,주요사항보고서(전환사채권발행결정),[기재정정]단일판매ㆍ공급계약체결              (+5) | 단일판매ㆍ공급계약체결(자율공시)              (+5),주요사항보고서(전환사채권발행결정)(-15),2026-08-21: [기재정정]단일판매ㆍ공급계약체결               | 2026-08-20: 단일판매ㆍ공급계약체결(자율공시)               | 2026-08-14: 반기보고서 (2026.06) | 2026-08-13: 증권발행결과(자율공시)               | 2026-08-11: 주식등의대량보유상황보고서(약식),6
에이프릴바이오,397030,-5,OK,,,[기재정정]최대주주변경              (-5),2026-08-28: 임원ㆍ주요주주특정증권등소유상황보고서 | 2026-08-26: 주식등의대량보유상황보고서(일반) | 2026-08-21: 투자판단관련주요경영사항              (MCB 물질이전 계약 체결 건) | 2026-08-19: [기재정정]최대주주변경               | 2026-08-19: 임원ㆍ주요주주특정증권등소유상황보고서,10
오픈베이스,049480,-5,OK,,,최대주주변경              (-5),2026-09-01: 최대주주변경               | 2026-08-14: 반기보고서 (2026.06) | 2026-08-14: [기재정정]사업보고서 (2025.12),3
아나패스,123860,-5,OK,,,[기재정정]최대주주변경을수반하는주식담보제공계약체결              (-5),2026-08-28: 임원ㆍ주요주주특정증권등소유상황보고서 | 2026-08-20: 주식등의대량보유상황보고서(일반) | 2026-08-20: 임원ㆍ주요주주특정증권등소유상황보고서 | 2026-08-14: 반기보고서 (2026.06) | 2026-08-12: [기재정정]최대주주변경을수반하는주식담보제공계약체결              ,7
제이스코홀딩스,023440,-5,OK,,,[기재정정]최대주주변경을수반하는주식담보제공계약체결              (-5),2026-08-26: 임시주주총회결과               | 2026-08-14: 주식등의대량보유상황보고서(일반) | 2026-08-14: 반기보고서 (2026.06) | 2026-08-14: 반기검토(감사)의견부적정등사실확인(자본잠식률100분의50이상또는자기자본10억원미만포함)               | 2026-08-11: 주주총회소집공고,7
써니전자,004770,-5,OK,,,최대주주변경              (-5),2026-09-01: 주식등의대량보유상황보고서(일반) | 2026-09-01: 최대주주변경               | 2026-08-13: 반기보고서 (2026.06),3
아우딘퓨쳐스,227610,-5,OK,,,[기재정정]최대주주변경을수반하는주식담보제공계약체결              (-5),2026-08-28: 주식등의대량보유상황보고서(일반) | 2026-08-28: [기재정정]최대주주변경을수반하는주식담보제공계약체결               | 2026-08-14: 반기보고서 (2026.06) | 2026-08-11: 타인에대한담보제공결정              (연장 2026년) | 2026-08-03: 전환사채(해외전환사채포함)발행후만기전사채취득              (제3회차),5
엔켐,348370,-5,OK,,,[기재정정]최대주주변경을수반하는주식담보제공계약체결              (-5),2026-08-31: [기재정정]타인에대한담보제공결정               | 2026-08-31: [기재정정]타인에대한채무보증결정               | 2026-08-31: 전환가액의조정              (제17회차) | 2026-08-31: 전환가액의조정              (제16회차) | 2026-08-27: 사채권자집회결의              ,12
하나머티리얼즈,166090,-5,OK,,,[기재정정]최대주주변경을수반하는주식담보제공계약체결              (-5),2026-08-13: 반기보고서 (2026.06) | 2026-08-12: 신규시설투자등               | 2026-08-05: 주식등의대량보유상황보고서(일반) | 2026-08-04: [기재정정]최대주주변경을수반하는주식담보제공계약체결               | 2026-08-04: 주요사항보고서(교환사채권발행결정),6
키스트론,475430,-5,OK,,,최대주주변경              (-5),2026-08-14: 주식등의대량보유상황보고서(일반) | 2026-08-14: 임원ㆍ주요주주특정증권등소유상황보고서 | 2026-08-14: 임원ㆍ주요주주특정증권등소유상황보고서 | 2026-08-14: 임원ㆍ주요주주특정증권등소유상황보고서 | 2026-08-14: 반기보고서 (2026.06),13
디에스케이,109740,-5,OK,,,[기재정정]최대주주변경을수반하는주식양수도계약체결              (-5),2026-08-14: 반기보고서 (2026.06) | 2026-08-11: 주식등의대량보유상황보고서(일반) | 2026-08-04: [기재정정]최대주주변경을수반하는주식양수도계약체결               | 2026-08-04: 주식등의대량보유상황보고서(일반),4
SK텔레콤,017670,-4,OK,,연결재무제표기준영업(잠정)실적(공정공시)              (+3) | 영업(잠정)실적(공정공시)              (+3),주요사항보고서(자기주식처분결정)(-10),2026-09-01: 최대주주등소유주식변동신고서               | 2026-09-01: 자기주식처분결과보고서 | 2026-09-01: 임원ㆍ주요주주특정증권등소유상황보고서 | 2026-09-01: 임원ㆍ주요주주특정증권등소유상황보고서 | 2026-09-01: 임원ㆍ주요주주특정증권등소유상황보고서,18
씨젠,096530,-2,OK,,주식소각결정              (+5) | 연결재무제표기준영업(잠정)실적(공정공시)              (+3),주요사항보고서(자기주식처분결정)(-10),2026-08-26: 주식등의대량보유상황보고서(일반) | 2026-08-21: 자기주식처분결과보고서 | 2026-08-14: 반기보고서 (2026.06) | 2026-08-12: 주식소각결정               | 2026-08-12: 현금ㆍ현물배당결정              (분기배당),8
아바코,083930,-2,OK,,영업(잠정)실적(공정공시)              (+3),최대주주변경              (-5),2026-08-27: 임원ㆍ주요주주특정증권등소유상황보고서 | 2026-08-27: 임원ㆍ주요주주특정증권등소유상황보고서 | 2026-08-26: 주식등의대량보유상황보고서(일반) | 2026-08-26: 주식등의대량보유상황보고서(일반) | 2026-08-21: 최대주주변경              ,7
씨어스,458870,0,OK,,,,2026-08-14: 임원ㆍ주요주주특정증권등소유상황보고서 | 2026-08-14: 임원ㆍ주요주주특정증권등소유상황보고서 | 2026-08-14: 임원ㆍ주요주주특정증권등소유상황보고서 | 2026-08-14: 임원ㆍ주요주주특정증권등소유상황보고서 | 2026-08-14: 임원ㆍ주요주주특정증권등소유상황보고서,9
엠로,058970,0,OK,,,,2026-08-28: [기재정정]반기보고서 (2026.06) | 2026-08-14: 기업설명회(IR)개최               | 2026-08-14: 반기보고서 (2026.06),3
네오뷰,0218L0,0,OK,,,,2026-08-14: 타인에대한채무보증결정               | 2026-08-03: 주식등의대량보유상황보고서(일반) | 2026-08-03: [기재정정]임원ㆍ주요주주특정증권등소유상황보고서 | 2026-08-03: 임원ㆍ주요주주특정증권등소유상황보고서 | 2026-08-03: 임원ㆍ주요주주특정증권등소유상황보고서,12
아리바이오홀딩스,290690,0,OK,,,,2026-08-26: 전환가액의조정              (제7회차) | 2026-08-14: 반기보고서 (2026.06) | 2026-08-10: 주식등의대량보유상황보고서(일반),3
디모아,016670,0,OK,,,,2026-08-20: 임시주주총회결과               | 2026-08-13: 반기보고서 (2026.06) | 2026-08-07: 전환가액의조정               | 2026-08-05: 주주총회소집공고 | 2026-08-05: [기재정정]주주총회소집결의              (임시주주총회),5
경남제약,053950,0,OK,,,,2026-08-20: 주식등의대량보유상황보고서(일반) | 2026-08-14: 반기보고서 (2026.06) | 2026-08-10: [기재정정]타법인주식및출자증권취득결정              ,3
효성오앤비,097870,0,OK,,,,2026-08-14: 주주총회소집결의               | 2026-08-14: 현금ㆍ현물배당결정               | 2026-08-14: 매출액또는손익구조30%(대규모법인은15%)이상변동              ,3
이지스밸류플러스리츠,334890,0,OK,,,,2026-09-01: 임원ㆍ주요주주특정증권등소유상황보고서 | 2026-08-27: 임원ㆍ주요주주특정증권등소유상황보고서 | 2026-08-26: 임원ㆍ주요주주특정증권등소유상황보고서 | 2026-08-20: 임원ㆍ주요주주특정증권등소유상황보고서 | 2026-08-19: 임원ㆍ주요주주특정증권등소유상황보고서,9
웰크론,065950,0,OK,,,,2026-08-28: 임원ㆍ주요주주특정증권등소유상황보고서 | 2026-08-14: 임원ㆍ주요주주특정증권등소유상황보고서 | 2026-08-14: 반기보고서 (2026.06) | 2026-08-10: 임원ㆍ주요주주특정증권등소유상황보고서 | 2026-08-07: 임원ㆍ주요주주특정증권등소유상황보고서,8
원림,005820,0,OK,,,,2026-08-24: 주식등의대량보유상황보고서(일반) | 2026-08-24: 임원ㆍ주요주주특정증권등소유상황보고서 | 2026-08-24: 최대주주등소유주식변동신고서               | 2026-08-14: 반기보고서 (2026.06),4
NEW,160550,0,OK,,,,2026-08-27: 임시주주총회결과               | 2026-08-14: 반기보고서 (2026.06) | 2026-08-12: 의결권대리행사권유참고서류 | 2026-08-12: 주주총회소집공고,4
유성기업,002920,0,OK,,,,2026-08-28: 임원ㆍ주요주주특정증권등소유상황보고서 | 2026-08-28: 임원ㆍ주요주주특정증권등소유상황보고서 | 2026-08-28: 주식등의대량보유상황보고서(일반) | 2026-08-28: 최대주주등소유주식변동신고서               | 2026-08-14: 반기보고서 (2026.06),5
경방,000050,0,OK,,,,2026-08-31: 주식등의대량보유상황보고서(일반) | 2026-08-31: 최대주주등소유주식변동신고서               | 2026-08-14: 반기보고서 (2026.06),3
전방,000950,0,OK,,,,2026-08-31: 최대주주등소유주식변동신고서               | 2026-08-31: 임원ㆍ주요주주특정증권등소유상황보고서 | 2026-08-25: 최대주주등소유주식변동신고서               | 2026-08-25: 주식등의대량보유상황보고서(일반) | 2026-08-25: 임원ㆍ주요주주특정증권등소유상황보고서,12
케이씨티시,009070,0,OK,,,,2026-08-26: 대규모기업집단현황공시[분기별공시(개별회사용)] | 2026-08-14: 반기보고서 (2026.06) | 2026-08-13: 지급수단별ㆍ지급기간별지급금액및분쟁조정기구에관한사항 | 2026-08-12: 임원ㆍ주요주주특정증권등거래계획보고서,4
대영포장,014160,0,OK,,,,2026-08-24: 최대주주등소유주식변동신고서               | 2026-08-24: 주식등의대량보유상황보고서(일반) | 2026-08-24: 임원ㆍ주요주주특정증권등소유상황보고서 | 2026-08-19: 주주총회소집공고 | 2026-08-14: 반기보고서 (2026.06),6
제이알글로벌리츠,348950,0,OK,,,,2026-08-24: 기타경영사항(자율공시)               | 2026-08-14: [기재정정]주요사항보고서(회생절차개시신청) | 2026-08-13: 매출액또는손익구조30%(대규모법인은15%)이상변경               | 2026-08-13: 주주총회소집결의               | 2026-08-12: 임원ㆍ주요주주특정증권등소유상황보고서,7
금비,008870,0,OK,,,,2026-08-27: 임원ㆍ주요주주특정증권등소유상황보고서 | 2026-08-27: 최대주주등소유주식변동신고서               | 2026-08-14: 분기보고서 (2026.06) | 2026-08-14: 임원ㆍ주요주주특정증권등소유상황보고서 | 2026-08-14: 최대주주등소유주식변동신고서              ,7
전진바이오팜,110020,0,OK,,,,2026-08-21: 임원ㆍ주요주주특정증권등소유상황보고서 | 2026-08-21: 주식등의대량보유상황보고서(일반) | 2026-08-14: 반기보고서 (2026.06) | 2026-08-11: 임원ㆍ주요주주특정증권등소유상황보고서 | 2026-08-11: 주식등의대량보유상황보고서(일반),5
팅크웨어,084730,0,OK,,,,2026-08-31: 주식등의대량보유상황보고서(일반) | 2026-08-14: 반기보고서 (2026.06) | 2026-08-03: 임원ㆍ주요주주특정증권등거래계획보고서,3
하나기술,299030,0,OK,,,,2026-08-14: [기재정정]사업보고서 (2025.12) | 2026-08-14: 반기보고서 (2026.06) | 2026-08-04: 주식등의대량보유상황보고서(일반),3
제이에스링크,127120,0,OK,,,,2026-08-31: 임원ㆍ주요주주특정증권등소유상황보고서 | 2026-08-31: [기재정정]타법인주식및출자증권취득결정               | 2026-08-25: 주식매수선택권행사               | 2026-08-24: 주요사항보고서(자기전환사채만기전취득결정) | 2026-08-14: 반기보고서 (2026.06),7
갤럭시아에스엠,011420,0,OK,,,,2026-08-31: 대규모기업집단현황공시[분기별공시(개별회사용)] | 2026-08-20: 최대주주등소유주식변동신고서               | 2026-08-14: 지급수단별ㆍ지급기간별지급금액및분쟁조정기구에관한사항 | 2026-08-14: 반기보고서 (2026.06) | 2026-08-13: 최대주주등소유주식변동신고서              ,7
알루코,001780,0,OK,,,,2026-08-27: 타인에대한채무보증결정(자율공시)               | 2026-08-27: 타인에대한채무보증결정               | 2026-08-14: 반기보고서 (2026.06),3
시지트로닉스,429270,0,OK,,,,2026-08-14: 주식등의대량보유상황보고서(일반) | 2026-08-13: 반기보고서 (2026.06) | 2026-08-07: 주식등의대량보유상황보고서(일반) | 2026-08-04: 주식등의대량보유상황보고서(일반),4
ES큐브,050120,0,OK,,,,2026-08-27: 주식등의대량보유상황보고서(일반) | 2026-08-25: 임원ㆍ주요주주특정증권등소유상황보고서 | 2026-08-25: 임원ㆍ주요주주특정증권등소유상황보고서 | 2026-08-19: 임원ㆍ주요주주특정증권등소유상황보고서 | 2026-08-14: 반기보고서 (2026.06),5
동일기연,032960,0,OK,,,,2026-08-28: 임시주주총회결과               | 2026-08-12: 주주총회소집공고 | 2026-08-10: 반기보고서 (2026.06) | 2026-08-07: 기타시장안내              (단기과열종목 지정 해제) | 2026-08-07: 소속부변경              ,9
비츠로시스,054220,0,OK,,[기재정정]단일판매ㆍ공급계약체결              (+5),최대주주변경을수반하는주식담보제공계약체결              (-5),2026-08-31: [기재정정]주주총회소집결의               | 2026-08-31: [기재정정]주요사항보고서(자기전환사채매도결정) | 2026-08-31: [기재정정]주요사항보고서(자기전환사채매도결정) | 2026-08-31: [기재정정]단일판매ㆍ공급계약체결               | 2026-08-28: 주식등의대량보유상황보고서(일반),11
미래에셋벤처투자,100790,0,OK,,,,2026-08-31: 대규모기업집단현황공시[분기별공시(개별회사용)] | 2026-08-26: 임원ㆍ주요주주특정증권등소유상황보고서 | 2026-08-25: 임원ㆍ주요주주특정증권등소유상황보고서 | 2026-08-25: [기재정정]임원ㆍ주요주주특정증권등소유상황보고서 | 2026-08-12: 반기보고서 (2026.06),6
우진비앤지,018620,0,OK,,,,2026-08-25: 임원ㆍ주요주주특정증권등소유상황보고서 | 2026-08-25: 주식등의대량보유상황보고서(일반) | 2026-08-14: 반기보고서 (2026.06),3
플레이위드,023770,0,OK,,,,2026-08-27: 주식등의대량보유상황보고서(일반) | 2026-08-27: 임원ㆍ주요주주특정증권등소유상황보고서 | 2026-08-18: 주식등의대량보유상황보고서(일반) | 2026-08-18: 임원ㆍ주요주주특정증권등소유상황보고서 | 2026-08-18: 임원ㆍ주요주주특정증권등소유상황보고서,9
LG씨엔에스,064400,0,OK,,,,2026-08-28: 대규모기업집단현황공시[분기별공시(개별회사용)] | 2026-08-14: 반기보고서 (2026.06) | 2026-08-12: 동일인등출자계열회사와의상품ㆍ용역거래변경 | 2026-08-12: 지급수단별ㆍ지급기간별지급금액및분쟁조정기구에관한사항 | 2026-08-10: 투자판단관련주요경영사항              ,7
에스프리즘,288620,0,OK,,,,2026-08-26: 기타경영사항(자율공시)              (특허권 등 실시료 청구 소송 판결에 대한 항소제기) | 2026-08-25: 소송등의판결ㆍ결정(일정금액이상의청구)               | 2026-08-14: 반기보고서 (2026.06) | 2026-08-12: 타인에대한담보제공결정               | 2026-08-05: 주식등의대량보유상황보고서(약식),5
새빗켐,107600,0,OK,,,,2026-09-01: 주식등의대량보유상황보고서(일반) | 2026-09-01: 임원ㆍ주요주주특정증권등소유상황보고서 | 2026-09-01: [기재정정]주식등의대량보유상황보고서(일반) | 2026-09-01: [기재정정]주식등의대량보유상황보고서(일반) | 2026-09-01: [기재정정]주식등의대량보유상황보고서(일반),11
디에이테크놀로지,196490,0,OK,,,,2026-08-14: 기타시장안내              (자본전액잠식 관련 시장조치 미진행) | 2026-08-14: 반기검토(감사)의견부적정등사실확인(자본잠식률100분의50이상또는자기자본10억원미만포함)               | 2026-08-14: 반기보고서 (2026.06),3
사람인,143240,0,OK,,,,2026-08-31: 대규모기업집단현황공시[분기별공시(개별회사용)] | 2026-08-13: 지급수단별ㆍ지급기간별지급금액및분쟁조정기구에관한사항 | 2026-08-13: 반기보고서 (2026.06) | 2026-08-11: [기재정정]타법인주식및출자증권취득결정              ,4
디오,039840,0,OK,,,,2026-08-27: 임시주주총회결과               | 2026-08-14: 의결권대리행사권유참고서류 | 2026-08-13: 반기보고서 (2026.06) | 2026-08-11: 주주총회소집공고,4
신한알파리츠,293940,0,OK,,,,2026-08-27: 임원ㆍ주요주주특정증권등소유상황보고서 | 2026-08-20: 임원ㆍ주요주주특정증권등소유상황보고서 | 2026-08-14: 반기보고서 (2026.06) | 2026-08-13: 임원ㆍ주요주주특정증권등소유상황보고서 | 2026-08-12: 기타경영사항(자율공시)              ,7
효성 ITX,094280,0,OK,,,,2026-08-28: 대규모기업집단현황공시[분기별공시(개별회사용)] | 2026-08-14: 반기보고서 (2026.06) | 2026-08-14: 지급수단별ㆍ지급기간별지급금액및분쟁조정기구에관한사항,3
한솔홀딩스,004150,0,OK,,,,2026-08-31: [기재정정]대규모기업집단현황공시[분기별공시(대표회사용)] | 2026-08-26: 대규모기업집단현황공시[분기별공시(대표회사용)] | 2026-08-13: 반기보고서 (2026.06) | 2026-08-13: 최대주주등소유주식변동신고서               | 2026-08-13: 주식등의대량보유상황보고서(일반),9
SK하이닉스,000660,0,OK,,주식소각결정              (+5) | 주요사항보고서(자기주식취득결정)(+5),주요사항보고서(자기주식처분결정)(-10),2026-08-28: 대규모기업집단현황공시[분기별공시(개별회사용)] | 2026-08-21: [기재정정]임원ㆍ주요주주특정증권등소유상황보고서 | 2026-08-21: 최대주주등소유주식변동신고서               | 2026-08-21: 임원ㆍ주요주주특정증권등소유상황보고서 | 2026-08-21: 임원ㆍ주요주주특정증권등소유상황보고서,28
교보16호스팩,482520,0,OK,,,,2026-09-01: 대표이사변경               | 2026-09-01: 기업인수목적회사의임원사임               | 2026-09-01: 임시주주총회결과               | 2026-08-13: 의결권대리행사권유참고서류 | 2026-08-13: 주주총회소집공고,7
메리츠증권,008560,0,OK,,,,2026-09-01: 증권발행실적보고서 | 2026-09-01: 증권발행실적보고서 | 2026-08-31: 증권발행실적보고서 | 2026-08-31: 증권발행실적보고서 | 2026-08-31: [기재정정]투자설명서(일괄신고),65
동국제강,460860,0,OK,,,,2026-08-28: 대규모기업집단현황공시[분기별공시(개별회사용)] | 2026-08-14: 반기보고서 (2026.06) | 2026-08-13: 지급수단별ㆍ지급기간별지급금액및분쟁조정기구에관한사항 | 2026-08-06: 현금ㆍ현물배당결정              ,4
한솔아이원스,114810,0,OK,,,,2026-08-26: 대규모기업집단현황공시[분기별공시(개별회사용)] | 2026-08-14: 지급수단별ㆍ지급기간별지급금액및분쟁조정기구에관한사항 | 2026-08-13: 반기보고서 (2026.06) | 2026-08-10: 신규시설투자등              ,4
에이치브이엠,295310,0,OK,,,,2026-09-01: 주식등의대량보유상황보고서(일반) | 2026-08-31: 주식매수선택권부여에관한신고 | 2026-08-31: [기재정정]주식매수선택권부여에관한신고 | 2026-08-14: 반기보고서 (2026.06) | 2026-08-13: 임원ㆍ주요주주특정증권등소유상황보고서,8
신영와코루,005800,0,OK,,,,2026-09-01: 임원ㆍ주요주주특정증권등거래계획보고서 | 2026-08-14: 반기보고서 (2026.06) | 2026-08-07: 주요사항보고서(유형자산양도결정),3
교보15호스팩,465320,0,OK,,,,2026-08-27: 주식등의대량보유상황보고서(약식) | 2026-08-26: 기타시장안내              (주권 상장폐지 우려 예고) | 2026-08-14: 반기보고서 (2026.06),3
와이엠,007530,0,OK,,,,2026-08-25: 임원ㆍ주요주주특정증권등소유상황보고서 | 2026-08-14: 반기보고서 (2026.06) | 2026-08-04: 임원ㆍ주요주주특정증권등소유상황보고서,3
아이센스,099190,0,OK,,,,2026-08-31: 전환가액의조정               | 2026-08-24: 전환청구권행사               | 2026-08-14: 반기보고서 (2026.06),3
영원무역,111770,0,OK,,,,2026-08-14: 반기보고서 (2026.06) | 2026-08-11: [기재정정]수시공시의무관련사항(공정공시)               | 2026-08-11: 기업가치제고계획(자율공시)              (2025년 이행현황) | 2026-08-11: 현금ㆍ현물배당을위한주주명부폐쇄(기준일)결정               | 2026-08-11: 현금ㆍ현물배당결정              ,5
케이탑리츠,145270,0,OK,,,,2026-08-26: 최대주주등소유주식변동신고서               | 2026-08-12: 반기보고서 (2026.06) | 2026-08-07: 최대주주등소유주식변동신고서               | 2026-08-04: 부동산투자회사자금차입               | 2026-08-04: 부동산투자회사자금차입              ,5
평화산업,090080,0,OK,,,,2026-09-01: 임원ㆍ주요주주특정증권등소유상황보고서 | 2026-09-01: 주식등의대량보유상황보고서(일반) | 2026-09-01: 최대주주등소유주식변동신고서               | 2026-08-25: 임원ㆍ주요주주특정증권등소유상황보고서 | 2026-08-25: 주식등의대량보유상황보고서(일반),13
삼화왕관,004450,0,OK,,,,2026-08-14: [기재정정]반기보고서 (2026.06) | 2026-08-14: 반기보고서 (2026.06) | 2026-08-03: 현금ㆍ현물배당결정              ,3
에스엠씨지,460870,0,OK,,,,2026-09-01: 주식등의대량보유상황보고서(일반) | 2026-08-28: [기재정정]주식등의대량보유상황보고서(일반) | 2026-08-28: [기재정정]주식등의대량보유상황보고서(일반) | 2026-08-28: [기재정정]주식등의대량보유상황보고서(일반) | 2026-08-18: 기업설명회(IR)개최              ,6
올릭스,226950,0,OK,,,,2026-09-01: 전환주식의전환청구권행사              (전환우선주) | 2026-09-01: 주식등의대량보유상황보고서(약식) | 2026-08-31: 전환주식의전환청구권행사              (전환우선주) | 2026-08-28: 임원ㆍ주요주주특정증권등소유상황보고서 | 2026-08-21: 투자판단관련주요경영사항              (Hansoh와의 공동연구 및 염기서열 이전 계약 체결),12
금호전기,001210,0,OK,,,,2026-08-26: 임원ㆍ주요주주특정증권등소유상황보고서 | 2026-08-14: 반기보고서 (2026.06) | 2026-08-14: 조회공시요구(현저한시황변동)에대한답변(중요공시대상없음)               | 2026-08-13: 조회공시요구(현저한시황변동)              ,4
로젠,033290,0,OK,,,,2026-08-31: 대규모기업집단현황공시[분기별공시(개별회사용)] | 2026-08-20: 주식등의대량보유상황보고서(일반) | 2026-08-14: 반기보고서 (2026.06) | 2026-08-12: 주식등의대량보유상황보고서(일반) | 2026-08-11: 지급수단별ㆍ지급기간별지급금액및분쟁조정기구에관한사항,5
인트로메딕,150840,0,OK,,,,2026-08-21: 주식등의대량보유상황보고서(일반) | 2026-08-18: [기재정정]반기보고서 (2026.06) | 2026-08-18: [기재정정]사업보고서 (2025.12) | 2026-08-14: 반기보고서 (2026.06),4
SFA넥셀,222080,0,OK,,,,2026-08-20: 주식등의대량보유상황보고서(약식) | 2026-08-18: [기재정정]반기보고서 (2026.06) | 2026-08-11: 반기보고서 (2026.06),3
이스트소프트,047560,0,OK,,,,2026-08-20: 자기교환사채만기전취득결정              (제4회차) | 2026-08-19: 임원ㆍ주요주주특정증권등소유상황보고서 | 2026-08-14: [첨부추가]반기보고서 (2026.06) | 2026-08-11: 독립이사의선임ㆍ해임또는중도퇴임에관한신고 | 2026-08-11: 임시주주총회결과              ,5
옵티코어,380540,0,OK,,,,2026-08-31: [기재정정]주요사항보고서(자기전환사채만기전취득결정) | 2026-08-26: 의결권대리행사권유참고서류 | 2026-08-26: 주주총회소집공고 | 2026-08-26: [기재정정]주주총회소집결의               | 2026-08-19: 주식등의대량보유상황보고서(약식),9
오름테라퓨틱,475830,0,OK,,,,2026-08-31: 기업설명회(IR)개최               | 2026-08-18: 전환주식의전환가액조정              (전환우선주) | 2026-08-14: 반기보고서 (2026.06) | 2026-08-14: 전환주식의전환가액조정              (전환우선주),4
이지케어텍,099750,0,OK,,,,2026-08-27: 의결권대리행사권유참고서류 | 2026-08-27: 주주총회소집공고 | 2026-08-20: [기재정정]주주총회소집결의              (임시주주총회) | 2026-08-14: 임원ㆍ주요주주특정증권등소유상황보고서 | 2026-08-07: 분기보고서 (2026.06),5
투비소프트,079970,0,OK,,,,2026-09-01: 임원ㆍ주요주주특정증권등소유상황보고서 | 2026-08-14: 반기검토(감사)의견부적정등사실확인(자본잠식률100분의50이상또는자기자본10억원미만포함)               | 2026-08-14: 반기보고서 (2026.06) | 2026-08-03: 임원ㆍ주요주주특정증권등소유상황보고서,4
한온시스템,018880,0,OK,,,,2026-08-31: 대규모기업집단현황공시[분기별공시(개별회사용)] | 2026-08-20: 기업설명회(IR)개최(안내공시)               | 2026-08-14: 지급수단별ㆍ지급기간별지급금액및분쟁조정기구에관한사항 | 2026-08-13: 반기보고서 (2026.06) | 2026-08-12: 풍문또는보도에대한해명(미확정)              ,6
형지엘리트,093240,0,OK,,,,2026-08-26: 투자유의안내               | 2026-08-25: 임시주주총회결과               | 2026-08-24: 주주총회소집결의               | 2026-08-24: 매출액또는손익구조30%(대규모법인은15%)이상변경               | 2026-08-05: 투자유의안내              ,5
포스코인터내셔널,047050,0,OK,,,,2026-08-27: 대규모기업집단현황공시[분기별공시(개별회사용)] | 2026-08-21: 자원개발진행사항공시(자율공시)               | 2026-08-14: 반기보고서 (2026.06) | 2026-08-14: 주식등의대량보유상황보고서(일반) | 2026-08-07: 임원ㆍ주요주주특정증권등거래계획보고서,6
캠시스,050110,0,OK,,,,2026-08-25: 전환가액의조정               | 2026-08-18: 임원ㆍ주요주주특정증권등소유상황보고서 | 2026-08-14: 반기보고서 (2026.06) | 2026-08-13: 임시주주총회결과              ,4
현대모비스,012330,0,OK,,,,2026-08-31: 기업설명회(IR)개최(안내공시)               | 2026-08-28: 기업설명회(IR)개최(안내공시)               | 2026-08-28: 대규모기업집단현황공시[분기별공시(개별회사용)] | 2026-08-27: 기업설명회(IR)개최(안내공시)               | 2026-08-21: 기업설명회(IR)개최(안내공시)              ,8
SKAI,357880,0,OK,,,,2026-08-14: 임원ㆍ주요주주특정증권등소유상황보고서 | 2026-08-14: 주식등의대량보유상황보고서(일반) | 2026-08-14: 반기보고서 (2026.06),3
트윔,290090,0,OK,,,,2026-08-31: 임시주주총회결과               | 2026-08-14: 반기보고서 (2026.06) | 2026-08-14: 주주총회소집공고,3
신진에스엠,138070,0,OK,,,,2026-08-28: 주식등의대량보유상황보고서(일반) | 2026-08-20: 임원ㆍ주요주주특정증권등소유상황보고서 | 2026-08-20: 주식등의대량보유상황보고서(일반) | 2026-08-12: 반기보고서 (2026.06) | 2026-08-11: 임원ㆍ주요주주특정증권등소유상황보고서,9
세아베스틸지주,001430,0,OK,,,,2026-08-28: 대규모기업집단현황공시[분기별공시(개별회사용)] | 2026-08-14: 반기보고서 (2026.06) | 2026-08-14: 지급수단별ㆍ지급기간별지급금액및분쟁조정기구에관한사항,3
오텍,067170,0,OK,,,,2026-09-01: 주식등의대량보유상황보고서(일반) | 2026-09-01: 임원ㆍ주요주주특정증권등소유상황보고서 | 2026-08-31: 타인에대한채무보증결정               | 2026-08-18: 임원ㆍ주요주주특정증권등소유상황보고서 | 2026-08-14: 반기보고서 (2026.06),9
셀리드,299660,0,OK,,,,2026-08-14: 반기보고서 (2026.06) | 2026-08-14: 소송등의판결ㆍ결정(일정금액이상의청구)               | 2026-08-13: [기재정정]투자판단관련주요경영사항              (사업반환청구의 소 제기의 건) | 2026-08-06: [기재정정]소송등의제기ㆍ신청(일정금액이상의청구)               | 2026-08-05: 소송등의판결ㆍ결정(일정금액이상의청구)              ,5
KBG,318000,0,OK,,,,2026-09-01: 임원ㆍ주요주주특정증권등소유상황보고서 | 2026-08-18: 임원ㆍ주요주주특정증권등소유상황보고서 | 2026-08-14: 반기보고서 (2026.06),3
CJ 바이오사이언스,311690,0,OK,,,,2026-08-28: 대규모기업집단현황공시[분기별공시(개별회사용)] | 2026-08-14: 반기보고서 (2026.06) | 2026-08-14: 지급수단별ㆍ지급기간별지급금액및분쟁조정기구에관한사항,3
대원강업,000430,0,OK,,,,2026-08-28: 대규모기업집단현황공시[분기별공시(개별회사용)] | 2026-08-25: 기업설명회(IR)개최(안내공시)               | 2026-08-14: 반기보고서 (2026.06) | 2026-08-14: 지급수단별ㆍ지급기간별지급금액및분쟁조정기구에관한사항 | 2026-08-07: 임원ㆍ주요주주특정증권등거래계획보고서,7
HD현대에너지솔루션,322000,0,OK,,,,2026-08-28: 대규모기업집단현황공시[분기별공시(개별회사용)] | 2026-08-14: 반기보고서 (2026.06) | 2026-08-14: 지급수단별ㆍ지급기간별지급금액및분쟁조정기구에관한사항,3
뉴로메카,348340,0,OK,,,,2026-09-01: 주식등의대량보유상황보고서(약식) | 2026-08-14: 반기보고서 (2026.06) | 2026-08-10: 임원ㆍ주요주주특정증권등소유상황보고서 | 2026-08-10: 임원ㆍ주요주주특정증권등소유상황보고서 | 2026-08-10: 임원ㆍ주요주주특정증권등소유상황보고서,18
스튜디오삼익,415380,0,OK,,,,2026-09-01: 임원ㆍ주요주주특정증권등소유상황보고서 | 2026-08-24: [기재정정]현금ㆍ현물배당결정              (분기배당) | 2026-08-13: 반기보고서 (2026.06),3
신한카드,032710,0,OK,,,,2026-08-26: 증권발행실적보고서 | 2026-08-25: 투자설명서(일괄신고) | 2026-08-25: 일괄신고추가서류 | 2026-08-24: 증권발행실적보고서 | 2026-08-21: 투자설명서(일괄신고),11
세아제강지주,003030,0,OK,,,,2026-08-28: 최대주주등소유주식변동신고서               | 2026-08-28: 임원ㆍ주요주주특정증권등소유상황보고서 | 2026-08-28: 대규모기업집단현황공시[분기별공시(개별회사용)] | 2026-08-14: 반기보고서 (2026.06) | 2026-08-14: [기재정정]기업지배구조보고서공시              ,6
명문제약,017180,0,OK,,,,2026-08-14: 반기보고서 (2026.06) | 2026-08-12: 임원ㆍ주요주주특정증권등소유상황보고서 | 2026-08-05: 임원ㆍ주요주주특정증권등소유상황보고서 | 2026-08-05: 임원ㆍ주요주주특정증권등소유상황보고서,4
하나34호스팩,484130,0,OK,,,,2026-08-25: 임시주주총회결과               | 2026-08-14: 반기보고서 (2026.06) | 2026-08-07: 의결권대리행사권유참고서류 | 2026-08-07: 주주총회소집공고,4
딥노이드,315640,0,OK,,,,2026-08-14: 반기보고서 (2026.06) | 2026-08-10: 주식등의대량보유상황보고서(약식) | 2026-08-10: 주식등의대량보유상황보고서(약식),3
뉴키즈온,462310,0,OK,,,,2026-08-14: 반기보고서 (2026.06) | 2026-08-07: 주요사항보고서(자기주식취득신탁계약체결결정) | 2026-08-06: 주요사항보고서(자기주식취득신탁계약해지결정) | 2026-08-06: 신탁계약해지결과보고서,4
SFA,056190,0,OK,,,,2026-08-19: 임원ㆍ주요주주특정증권등소유상황보고서 | 2026-08-19: 임원ㆍ주요주주특정증권등소유상황보고서 | 2026-08-14: 임원ㆍ주요주주특정증권등소유상황보고서 | 2026-08-12: 현금ㆍ현물배당결정              (분기배당) | 2026-08-12: 반기보고서 (2026.06),8
FSN,214270,0,OK,,,,2026-08-31: 기업설명회(IR)개최               | 2026-08-19: 임원ㆍ주요주주특정증권등소유상황보고서 | 2026-08-19: 주식등의대량보유상황보고서(일반) | 2026-08-18: 파생상품거래손실발생               | 2026-08-14: 반기보고서 (2026.06),9
차AI헬스케어,025620,0,OK,,,,2026-08-14: 임원ㆍ주요주주특정증권등소유상황보고서 | 2026-08-14: 임원ㆍ주요주주특정증권등소유상황보고서 | 2026-08-14: 주식등의대량보유상황보고서(일반) | 2026-08-12: 반기보고서 (2026.06),4
코나아이,052400,0,OK,,,,2026-08-31: 타법인주식및출자증권취득결정               | 2026-08-13: 반기보고서 (2026.06) | 2026-08-10: 임원ㆍ주요주주특정증권등소유상황보고서 | 2026-08-05: 임원ㆍ주요주주특정증권등소유상황보고서 | 2026-08-04: 임원ㆍ주요주주특정증권등소유상황보고서,6
세아특수강,019440,0,OK,,,,2026-08-31: 대규모기업집단현황공시[분기별공시(개별회사용)] | 2026-08-14: 반기보고서 (2026.06) | 2026-08-14: 지급수단별ㆍ지급기간별지급금액및분쟁조정기구에관한사항,3
신한제15호스팩,487830,0,OK,,,,2026-08-13: 반기보고서 (2026.06) | 2026-08-03: 기업인수목적회사의임원선임결정               | 2026-08-03: 주주명부폐쇄기간또는기준일설정               | 2026-08-03: 주주총회소집결의              (임시주주총회),4
국민은행,060000,0,OK,,,,2026-09-01: 투자설명서(일괄신고) | 2026-09-01: 일괄신고추가서류 | 2026-08-27: 증권발행실적보고서 | 2026-08-26: 투자설명서(일괄신고) | 2026-08-26: 일괄신고추가서류,16
인카금융서비스,211050,0,OK,,,,2026-08-31: 주식등의대량보유상황보고서(일반) | 2026-08-31: 임원ㆍ주요주주특정증권등소유상황보고서 | 2026-08-24: 임원ㆍ주요주주특정증권등소유상황보고서 | 2026-08-18: 임원ㆍ주요주주특정증권등소유상황보고서 | 2026-08-14: 반기보고서 (2026.06),11
SGC에너지,005090,0,OK,,,,2026-08-28: 대규모기업집단현황공시[분기별공시(개별회사용)] | 2026-08-20: 타인에대한채무보증결정               | 2026-08-20: [기재정정]타인에대한채무보증결정               | 2026-08-20: 주요사항보고서(자본으로인정되는채무증권발행결정) | 2026-08-14: 반기보고서 (2026.06),5
팬스타엔터프라이즈,054300,0,OK,,,,2026-09-01: 임원ㆍ주요주주특정증권등소유상황보고서 | 2026-09-01: 주식등의대량보유상황보고서(일반) | 2026-08-31: 타인에대한채무보증결정(자율공시)               | 2026-08-14: 반기보고서 (2026.06) | 2026-08-10: 임원ㆍ주요주주특정증권등소유상황보고서,5
LG에너지솔루션,373220,0,OK,,,,2026-08-28: 대규모기업집단현황공시[분기별공시(개별회사용)] | 2026-08-13: 지급수단별ㆍ지급기간별지급금액및분쟁조정기구에관한사항 | 2026-08-13: 반기보고서 (2026.06) | 2026-08-12: 풍문또는보도에대한해명(미확정)              ,4
에이텍모빌리티,224110,0,OK,,,,2026-08-25: 주식등의대량보유상황보고서(일반) | 2026-08-25: 임원ㆍ주요주주특정증권등소유상황보고서 | 2026-08-14: 반기보고서 (2026.06) | 2026-08-05: 임원ㆍ주요주주특정증권등소유상황보고서,4
소프트센,032680,0,OK,,,,2026-09-01: 전환사채(해외전환사채포함)발행후만기전사채취득              (제11회차) | 2026-08-14: 주식등의대량보유상황보고서(일반) | 2026-08-14: 임원ㆍ주요주주특정증권등소유상황보고서 | 2026-08-14: 반기보고서 (2026.06) | 2026-08-10: 주식등의대량보유상황보고서(약식),6
신세계톰보이,012580,0,OK,,,,2026-08-31: 대규모기업집단현황공시[분기별공시(개별회사용)] | 2026-08-14: 반기보고서 (2026.06) | 2026-08-14: 지급수단별ㆍ지급기간별지급금액및분쟁조정기구에관한사항,3
판도라티비,202960,0,OK,,,,2026-08-31: 임원ㆍ주요주주특정증권등소유상황보고서 | 2026-08-18: 임원ㆍ주요주주특정증권등소유상황보고서 | 2026-08-07: 임원ㆍ주요주주특정증권등소유상황보고서 | 2026-08-04: 임원ㆍ주요주주특정증권등소유상황보고서,4
에스투더블유,488280,0,OK,,,,2026-08-19: 임시주주총회결과               | 2026-08-14: [기재정정]기업설명회(IR)개최               | 2026-08-13: 기업설명회(IR)개최               | 2026-08-13: 반기보고서 (2026.06) | 2026-08-04: 임원ㆍ주요주주특정증권등소유상황보고서,6
웅진,016880,0,OK,,,,2026-08-27: 대규모기업집단현황공시[분기별공시(대표회사용)] | 2026-08-14: 반기보고서 (2026.06) | 2026-08-14: 지급수단별ㆍ지급기간별지급금액및분쟁조정기구에관한사항 | 2026-08-10: 주식등의대량보유상황보고서(약식),4
케이씨티,089150,0,OK,,,,2026-08-25: 주주총회소집결의               | 2026-08-25: 주주명부폐쇄기간또는기준일설정               | 2026-08-14: 반기보고서 (2026.06),3
팜스코,036580,0,OK,,,,2026-08-28: 대규모기업집단현황공시[분기별공시(개별회사용)] | 2026-08-20: 주식등의대량보유상황보고서(일반) | 2026-08-13: 지급수단별ㆍ지급기간별지급금액및분쟁조정기구에관한사항 | 2026-08-12: 반기보고서 (2026.06),4
큐라티스,348080,0,OK,,,,2026-08-14: 반기보고서 (2026.06) | 2026-08-10: 임원ㆍ주요주주특정증권등소유상황보고서 | 2026-08-10: 주식등의대량보유상황보고서(일반) | 2026-08-10: 임원ㆍ주요주주특정증권등소유상황보고서 | 2026-08-10: 임원ㆍ주요주주특정증권등소유상황보고서,7
현대글로비스,086280,0,OK,,,,2026-08-28: 대규모기업집단현황공시[분기별공시(개별회사용)] | 2026-08-24: 기업설명회(IR)개최(안내공시)               | 2026-08-14: 반기보고서 (2026.06) | 2026-08-14: 지급수단별ㆍ지급기간별지급금액및분쟁조정기구에관한사항,4
비트컴퓨터,032850,0,OK,,,,2026-09-01: 주식등의대량보유상황보고서(일반) | 2026-08-28: 자기주식취득결과보고서 | 2026-08-14: 반기보고서 (2026.06) | 2026-08-05: 임원ㆍ주요주주특정증권등소유상황보고서,4
광전자,017900,0,OK,,,,2026-08-14: 반기보고서 (2026.06) | 2026-08-10: 조회공시요구(현저한시황변동)에대한답변(중요공시대상없음)               | 2026-08-07: 조회공시요구(현저한시황변동)              ,3
인바이츠바이오코아,216400,0,OK,,,,2026-08-28: 주식등의대량보유상황보고서(약식) | 2026-08-28: 주식등의대량보유상황보고서(약식) | 2026-08-25: 대표이사변경               | 2026-08-25: 불성실공시법인지정              (공시불이행) | 2026-08-24: 임시주주총회결과              ,9
대호에이엘,069460,0,OK,,,,2026-09-01: [기재정정]독립이사의선임ㆍ해임또는중도퇴임에관한신고 | 2026-08-31: 소송등의판결ㆍ결정               | 2026-08-14: [첨부추가]반기보고서 (2026.06) | 2026-08-25: 독립이사의선임ㆍ해임또는중도퇴임에관한신고 | 2026-08-25: 대표이사(대표집행임원)변경(안내공시)              ,21
케어랩스,263700,0,OK,,,,2026-08-31: 대규모기업집단현황공시[분기별공시(개별회사용)] | 2026-08-14: 반기보고서 (2026.06) | 2026-08-14: 지급수단별ㆍ지급기간별지급금액및분쟁조정기구에관한사항 | 2026-08-07: 임원ㆍ주요주주특정증권등거래계획보고서,4
삼양케이씨아이,036670,0,OK,,,,2026-08-31: 대규모기업집단현황공시[분기별공시(개별회사용)] | 2026-08-12: 반기보고서 (2026.06) | 2026-08-07: 지급수단별ㆍ지급기간별지급금액및분쟁조정기구에관한사항,3
지엔코,065060,0,OK,,,,2026-08-31: 주식등의대량보유상황보고서(일반) | 2026-08-28: 대규모기업집단현황공시[분기별공시(개별회사용)] | 2026-08-25: 특수관계인으로부터자금차입 | 2026-08-21: 주식등의대량보유상황보고서(일반) | 2026-08-14: 지급수단별ㆍ지급기간별지급금액및분쟁조정기구에관한사항,8
주성엔지니어링,036930,0,OK,,,,2026-08-24: 기업설명회(IR)개최               | 2026-08-24: 기업설명회(IR)개최               | 2026-08-14: 반기보고서 (2026.06) | 2026-08-03: 주식등의대량보유상황보고서(약식),4
대한조선,439260,0,OK,,,,2026-08-14: 반기보고서 (2026.06) | 2026-08-11: 임원ㆍ주요주주특정증권등소유상황보고서 | 2026-08-11: 임원ㆍ주요주주특정증권등소유상황보고서 | 2026-08-11: 임원ㆍ주요주주특정증권등소유상황보고서 | 2026-08-11: 임원ㆍ주요주주특정증권등소유상황보고서,5
디에스엠,104040,0,OK,,,,2026-08-25: 임원ㆍ주요주주특정증권등소유상황보고서 | 2026-08-14: 반기보고서 (2026.06) | 2026-08-12: 주식등의대량보유상황보고서(약식) | 2026-08-11: [기재정정]주식등의대량보유상황보고서(약식) | 2026-08-11: 주식등의대량보유상황보고서(약식),6
우성머티리얼스,011300,0,OK,,,,2026-08-14: 반기보고서 (2026.06) | 2026-08-05: 전환가액ㆍ신주인수권행사가액ㆍ교환가액의조정(안내공시)               | 2026-08-05: 전환가액ㆍ신주인수권행사가액ㆍ교환가액의조정(안내공시)               | 2026-08-05: 전환가액ㆍ신주인수권행사가액ㆍ교환가액의조정(안내공시)              ,4
선진뷰티사이언스,086710,0,OK,,,,2026-08-27: [기재정정]반기보고서 (2026.06) | 2026-08-14: 반기보고서 (2026.06) | 2026-08-06: [기재정정]주식매수선택권부여에관한신고,3
지란지교시큐리티,208350,0,OK,,,,2026-08-14: 반기보고서 (2026.06) | 2026-08-14: [기재정정]임원ㆍ주요주주특정증권등소유상황보고서 | 2026-08-14: [기재정정]주식등의대량보유상황보고서(일반),3
삼영이엔씨,065570,0,OK,,,,2026-09-01: 기타시장안내              (개선기간 종료에 따른 상장폐지 여부 결정 안내) | 2026-08-31: 기타경영사항(자율공시)              (관계인집회 기일 결정) | 2026-08-14: 반기검토(감사)의견부적정등사실확인(자본잠식률100분의50이상또는자기자본10억원미만포함)               | 2026-08-14: 반기보고서 (2026.06),4
초록뱀미디어,047820,0,OK,,,,2026-08-28: 대규모기업집단현황공시[분기별공시(개별회사용)] | 2026-08-14: 반기보고서 (2026.06) | 2026-08-14: 지급수단별ㆍ지급기간별지급금액및분쟁조정기구에관한사항,3
엘앤케이바이오,156100,0,OK,,,,2026-08-24: 타인에대한채무보증결정               | 2026-08-20: 임원ㆍ주요주주특정증권등소유상황보고서 | 2026-08-19: 전환가액의조정               | 2026-08-14: 반기보고서 (2026.06) | 2026-08-11: 주식등의대량보유상황보고서(일반),7
삼표시멘트,038500,0,OK,,,,2026-08-28: 대규모기업집단현황공시[분기별공시(개별회사용)] | 2026-08-14: 반기보고서 (2026.06) | 2026-08-13: 지급수단별ㆍ지급기간별지급금액및분쟁조정기구에관한사항 | 2026-08-05: [기재정정]주식등의대량보유상황보고서(일반),4
효성중공업,298040,0,OK,,,,2026-08-28: 대규모기업집단현황공시[분기별공시(개별회사용)] | 2026-08-27: 기업설명회(IR)개최(안내공시)               | 2026-08-13: 반기보고서 (2026.06) | 2026-08-13: 지급수단별ㆍ지급기간별지급금액및분쟁조정기구에관한사항 | 2026-08-13: 동일인등출자계열회사와의상품ㆍ용역거래변경,6
세아메카닉스,396300,0,OK,,,,2026-08-19: 임시주주총회결과               | 2026-08-19: 상호변경안내               | 2026-08-13: 반기보고서 (2026.06) | 2026-08-05: 주주총회소집공고,4
아이에스티이,212710,0,OK,,,,2026-09-01: 임원ㆍ주요주주특정증권등소유상황보고서 | 2026-08-27: 임원ㆍ주요주주특정증권등소유상황보고서 | 2026-08-21: 기업설명회(IR)개최               | 2026-08-13: 반기보고서 (2026.06),4
로보스타,090360,0,OK,,,,2026-08-28: 대규모기업집단현황공시[분기별공시(개별회사용)] | 2026-08-14: 반기보고서 (2026.06) | 2026-08-13: 지급수단별ㆍ지급기간별지급금액및분쟁조정기구에관한사항 | 2026-08-03: 주식등의대량보유상황보고서(약식),4
SK증권,001510,0,OK,,,,2026-08-31: 증권발행실적보고서 | 2026-08-28: 증권발행실적보고서 | 2026-08-27: 투자설명서(일괄신고) | 2026-08-27: 일괄신고추가서류(파생결합사채-주가연계파생결합사채) | 2026-08-21: 투자설명서(일괄신고),17
이엔셀,456070,0,OK,,,,2026-08-27: 주식등의대량보유상황보고서(일반) | 2026-08-24: 주식등의대량보유상황보고서(일반) | 2026-08-14: 반기보고서 (2026.06),3
에스텍,069510,0,OK,,,,2026-08-14: [기재정정]반기보고서 (2026.06) | 2026-08-14: [기재정정]반기보고서 (2026.06) | 2026-08-14: 반기보고서 (2026.06),3
삼양바이오팜,0120G0,0,OK,,,,2026-08-31: 대규모기업집단현황공시[분기별공시(개별회사용)] | 2026-08-14: 반기보고서 (2026.06) | 2026-08-14: 지급수단별ㆍ지급기간별지급금액및분쟁조정기구에관한사항 | 2026-08-10: 최대주주등소유주식변동신고서               | 2026-08-10: 주식등의대량보유상황보고서(일반),5
엑셈,205100,0,OK,,,,2026-08-26: 의결권대리행사권유참고서류 | 2026-08-26: 주주총회소집공고 | 2026-08-25: [기재정정]주식병합결정               | 2026-08-14: 반기보고서 (2026.06) | 2026-08-03: 주식병합결정              ,7
제이피아이헬스케어,0010V0,0,OK,,,,2026-08-31: 신탁계약해지결과보고서 | 2026-08-31: 주요사항보고서(자기주식취득신탁계약해지결정) | 2026-08-14: 반기보고서 (2026.06),3
케이앤에스아이앤씨,487400,0,OK,,,,2026-08-21: 주식등의대량보유상황보고서(약식) | 2026-08-21: 주식등의대량보유상황보고서(일반) | 2026-08-21: 임원ㆍ주요주주특정증권등소유상황보고서 | 2026-08-21: 임원ㆍ주요주주특정증권등소유상황보고서 | 2026-08-21: 임원ㆍ주요주주특정증권등소유상황보고서,12
PI첨단소재,178920,0,OK,,,,2026-08-28: 임시주주총회결과               | 2026-08-14: 반기보고서 (2026.06) | 2026-08-13: 의결권대리행사권유참고서류 | 2026-08-13: 주주총회소집공고,4
이루온,065440,0,OK,,,,2026-08-14: 반기보고서 (2026.06) | 2026-08-06: 임원ㆍ주요주주특정증권등소유상황보고서 | 2026-08-06: 주식등의대량보유상황보고서(일반),3
LS머트리얼즈,417200,0,OK,,,,2026-08-27: 대규모기업집단현황공시[분기별공시(개별회사용)] | 2026-08-14: 반기보고서 (2026.06) | 2026-08-14: 지급수단별ㆍ지급기간별지급금액및분쟁조정기구에관한사항,3
흥아해운,003280,0,OK,,,,2026-08-31: 대규모기업집단현황공시[분기별공시(개별회사용)] | 2026-08-20: 임시주주총회결과               | 2026-08-14: 반기보고서 (2026.06) | 2026-08-05: 의결권대리행사권유참고서류 | 2026-08-05: 주주총회소집공고,5
가온전선,000500,0,OK,,,,2026-08-31: 기업설명회(IR)개최(안내공시)               | 2026-08-31: 대규모기업집단현황공시[분기별공시(개별회사용)] | 2026-08-14: 동일인등출자계열회사와의상품ㆍ용역거래변경 | 2026-08-14: 지급수단별ㆍ지급기간별지급금액및분쟁조정기구에관한사항 | 2026-08-14: 반기보고서 (2026.06),11
자람테크놀로지,389020,0,OK,,,,2026-08-31: 주식등의대량보유상황보고서(일반) | 2026-08-14: 반기보고서 (2026.06) | 2026-08-03: 기타경영사항(자율공시)              (자기사채(제1회 무기명식 이권부 무보증 사모 전환사채)소각 결정의 건),3
푸드웰,005670,0,OK,,,,2026-08-26: 주식등의대량보유상황보고서(일반) | 2026-08-13: 반기보고서 (2026.06) | 2026-08-11: 주주명부폐쇄기간또는기준일설정               | 2026-08-11: 주주총회소집결의              (임시주주총회),4
사조씨푸드,014710,0,OK,,,,2026-08-28: 대규모기업집단현황공시[분기별공시(개별회사용)] | 2026-08-14: 지급수단별ㆍ지급기간별지급금액및분쟁조정기구에관한사항 | 2026-08-14: 반기보고서 (2026.06) | 2026-08-13: [첨부정정]주요사항보고서(유형자산양수결정) | 2026-08-12: 주요사항보고서(유형자산양수결정),5
BNK금융지주,138930,0,OK,,,,2026-08-31: 증권발행실적보고서 | 2026-08-28: 투자설명서(일괄신고) | 2026-08-28: 일괄신고추가서류 | 2026-08-14: [기재정정]일괄신고서 | 2026-08-14: 반기보고서 (2026.06),7
범양건영,002410,0,OK,,,,2026-08-31: 기타시장안내              (개선계획 이행여부 심의요청서 접수) | 2026-08-24: [기재정정]회생절차개시결정               | 2026-08-20: 기타시장안내              (개선기간 종료 관련 안내) | 2026-08-14: 기타시장안내              (상장적격성 실질심사 사유 발생) | 2026-08-14: 반기보고서 (2026.06),6
대웅제약,069620,0,OK,,,,2026-08-25: 의결권대리행사권유참고서류 | 2026-08-25: 주주총회소집공고 | 2026-08-21: 임원ㆍ주요주주특정증권등소유상황보고서 | 2026-08-14: 반기보고서 (2026.06),4
이랜텍,054210,0,OK,,,,2026-08-21: 기업설명회(IR)개최               | 2026-08-14: [기재정정]반기보고서 (2026.06) | 2026-08-14: 반기보고서 (2026.06),3
삼환기업,000360,0,OK,,,,2026-08-27: 특수관계인에대한담보제공 | 2026-08-27: 대규모기업집단현황공시[분기별공시(개별회사용)] | 2026-08-12: 지급수단별ㆍ지급기간별지급금액및분쟁조정기구에관한사항 | 2026-08-04: 특수관계인으로부터받은담보 | 2026-08-04: 특수관계인으로부터자금차입,5
태림페이퍼,019300,0,OK,,,,2026-08-31: 대규모기업집단현황공시[분기별공시(개별회사용)] | 2026-08-31: 특수관계인에대한자금대여 | 2026-08-13: 지급수단별ㆍ지급기간별지급금액및분쟁조정기구에관한사항,3
롯데이노베이트,286940,0,OK,,,,2026-08-28: 대규모기업집단현황공시[분기별공시(개별회사용)] | 2026-08-13: 지급수단별ㆍ지급기간별지급금액및분쟁조정기구에관한사항 | 2026-08-13: 반기보고서 (2026.06),3
LSK아이로봇,091970,0,OK,,,,2026-08-13: 반기보고서 (2026.06) | 2026-08-10: 주식등의대량보유상황보고서(약식) | 2026-08-06: 주식등의대량보유상황보고서(일반),3
동성제약,002210,0,OK,,,,2026-08-27: 대규모기업집단현황공시[분기별공시(개별회사용)] | 2026-08-18: [기재정정]반기보고서 (2026.06) | 2026-08-14: 반기보고서 (2026.06) | 2026-08-14: 지급수단별ㆍ지급기간별지급금액및분쟁조정기구에관한사항,4
HLB파나진,046210,0,OK,,,,2026-08-27: 임원ㆍ주요주주특정증권등소유상황보고서 | 2026-08-27: 주식등의대량보유상황보고서(일반) | 2026-08-14: 반기보고서 (2026.06) | 2026-08-13: 주식등의대량보유상황보고서(일반),4
모다이노칩,080420,0,OK,,,,2026-08-31: 대규모기업집단현황공시[분기별공시(개별회사용)] | 2026-08-21: 주식등의대량보유상황보고서(일반) | 2026-08-14: [첨부추가]반기보고서 (2026.06) | 2026-08-11: 지급수단별ㆍ지급기간별지급금액및분쟁조정기구에관한사항 | 2026-08-07: 주식등의대량보유상황보고서(일반),6
미래나노텍,095500,0,OK,,,,2026-08-14: 반기보고서 (2026.06) | 2026-08-14: 파생상품거래손실발생               | 2026-08-05: 주식등의대량보유상황보고서(일반),3
이원컴포텍,088290,0,OK,,,,2026-08-14: 반기보고서 (2026.06) | 2026-08-14: 반기검토(감사)의견부적정등사실확인(자본잠식률100분의50이상또는자기자본10억원미만포함)               | 2026-08-12: 불성실공시법인지정              (공시불이행),3
경남기업,000800,0,OK,,,,2026-08-26: 대규모기업집단현황공시[분기별공시(개별회사용)] | 2026-08-14: 반기보고서 (2026.06) | 2026-08-14: 지급수단별ㆍ지급기간별지급금액및분쟁조정기구에관한사항,3
한세엠케이,069640,0,OK,,,,2026-08-31: 최대주주등소유주식변동신고서               | 2026-08-31: 임원ㆍ주요주주특정증권등소유상황보고서 | 2026-08-31: 임원ㆍ주요주주특정증권등소유상황보고서 | 2026-08-24: 최대주주등소유주식변동신고서               | 2026-08-24: 임원ㆍ주요주주특정증권등소유상황보고서,23
셀루메드,049180,0,OK,,,,2026-08-27: [기재정정]주주총회소집결의              (임시주주총회) | 2026-08-14: 반기검토(감사)의견부적정등사실확인(자본잠식률100분의50이상또는자기자본10억원미만포함)               | 2026-08-14: 반기보고서 (2026.06),3
웨이비스,289930,0,OK,,,,2026-08-13: 반기보고서 (2026.06) | 2026-08-03: 임원ㆍ주요주주특정증권등소유상황보고서 | 2026-08-03: 주식등의대량보유상황보고서(일반),3
지놈앤컴퍼니,314130,0,OK,,,,2026-08-21: 주식등의대량보유상황보고서(일반) | 2026-08-21: 주식매수선택권부여에관한신고 | 2026-08-21: 임시주주총회결과               | 2026-08-18: 파생상품거래손실발생               | 2026-08-14: 반기보고서 (2026.06),8
아이비젼웍스,469750,0,OK,,,,2026-08-14: 반기보고서 (2026.06) | 2026-08-13: [기재정정]임시주주총회결과               | 2026-08-12: 임원ㆍ주요주주특정증권등소유상황보고서 | 2026-08-07: 주식등의대량보유상황보고서(일반) | 2026-08-07: 임원ㆍ주요주주특정증권등소유상황보고서,9
동국씨엠,460850,0,OK,,,,2026-08-28: 대규모기업집단현황공시[분기별공시(개별회사용)] | 2026-08-14: 반기보고서 (2026.06) | 2026-08-14: 지급수단별ㆍ지급기간별지급금액및분쟁조정기구에관한사항,3
대한뉴팜,054670,0,OK,,,,2026-08-28: [기재정정]사업보고서 (2025.12) | 2026-08-28: [기재정정]감사보고서제출               | 2026-08-14: 반기보고서 (2026.06) | 2026-08-07: 주식등의대량보유상황보고서(일반),4
넥스트바이오메디컬,389650,0,OK,,,,2026-09-01: 기업설명회(IR)개최               | 2026-08-19: [기재정정]분기보고서 (2026.03) | 2026-08-10: 반기보고서 (2026.06),3
에이플러스에셋,244920,0,OK,,,,2026-08-14: 반기보고서 (2026.06) | 2026-08-05: 임원ㆍ주요주주특정증권등소유상황보고서 | 2026-08-05: 최대주주등소유주식변동신고서              ,3
롯데정밀화학,004000,0,OK,,,,2026-08-27: 대규모기업집단현황공시[분기별공시(개별회사용)] | 2026-08-14: 반기보고서 (2026.06) | 2026-08-14: [기재정정]사업보고서 (2025.12) | 2026-08-14: 지급수단별ㆍ지급기간별지급금액및분쟁조정기구에관한사항,4
POSCO홀딩스,005490,0,OK,,,,2026-08-26: 대규모기업집단현황공시[분기별공시(대표회사용)] | 2026-08-18: 현금ㆍ현물배당결정(자회사의 주요경영사항)               | 2026-08-14: 반기보고서 (2026.06) | 2026-08-07: 타법인주식및출자증권처분결정(자율공시)               | 2026-08-07: 타법인주식및출자증권처분결정              ,9
아이씨에이치,368600,0,OK,,,,2026-09-01: 임원ㆍ주요주주특정증권등소유상황보고서 | 2026-08-31: 임시주주총회결과               | 2026-08-27: [기재정정]주주총회소집공고 | 2026-08-14: 반기보고서 (2026.06) | 2026-08-14: 주주총회소집공고,10
하나마이크론,067310,0,OK,,,,2026-09-01: 기업설명회(IR)개최               | 2026-08-27: 임원ㆍ주요주주특정증권등소유상황보고서 | 2026-08-27: 임원ㆍ주요주주특정증권등소유상황보고서 | 2026-08-25: 기업설명회(IR)개최               | 2026-08-14: 반기보고서 (2026.06),7
테이팩스,055490,0,OK,,,,2026-08-26: 대규모기업집단현황공시[분기별공시(개별회사용)] | 2026-08-14: 지급수단별ㆍ지급기간별지급금액및분쟁조정기구에관한사항 | 2026-08-13: 반기보고서 (2026.06),3
HLB제넥스,187420,0,OK,,,,2026-08-14: 전환사채(해외전환사채포함)발행후만기전사채취득               | 2026-08-13: 반기보고서 (2026.06) | 2026-08-06: 주식등의대량보유상황보고서(일반) | 2026-08-06: 임원ㆍ주요주주특정증권등소유상황보고서,4
오스코텍,039200,0,OK,,,,2026-09-01: 주식등의대량보유상황보고서(일반) | 2026-08-20: 기업설명회(IR)개최               | 2026-08-14: 주식등의대량보유상황보고서(일반) | 2026-08-14: 반기보고서 (2026.06),4
iM금융지주,139130,0,OK,,,,2026-09-01: 증권신고서(채무증권) | 2026-09-01: [기재정정]주요사항보고서(상각형조건부자본증권발행결정) | 2026-08-28: 일괄신고서 | 2026-08-14: 반기보고서 (2026.06) | 2026-08-12: 금전대여결정(자회사의 주요경영사항)              (iM뱅크),7
뉴파워프라즈마,144960,0,OK,,,,2026-08-14: 반기보고서 (2026.06) | 2026-08-10: 주식등의대량보유상황보고서(약식) | 2026-08-06: 임원ㆍ주요주주특정증권등소유상황보고서,3
하나은행,004940,0,OK,,,,2026-09-01: 투자설명서(일괄신고) | 2026-09-01: 일괄신고추가서류 | 2026-08-27: 증권발행실적보고서 | 2026-08-27: 증권발행실적보고서 | 2026-08-26: 투자설명서(일괄신고),17
솔브레인홀딩스,036830,0,OK,,,,2026-09-01: 임원ㆍ주요주주특정증권등소유상황보고서 | 2026-09-01: 주식등의대량보유상황보고서(일반) | 2026-08-20: 임원ㆍ주요주주특정증권등소유상황보고서 | 2026-08-14: 반기보고서 (2026.06) | 2026-08-10: 주식등의대량보유상황보고서(일반),5
STX그린로지스,465770,0,OK,,,,2026-08-31: 투자유의안내               | 2026-08-27: 소송등의제기ㆍ신청(일정금액이상의청구)               | 2026-08-14: 반기보고서 (2026.06) | 2026-08-07: 타인에대한채무보증결정               | 2026-08-07: 타인에대한담보제공결정              ,5
나이벡,138610,0,OK,,,,2026-08-24: 전환사채(해외전환사채포함)발행후만기전사채취득               | 2026-08-14: 반기보고서 (2026.06) | 2026-08-05: 임원ㆍ주요주주특정증권등소유상황보고서,3
티앤엘,340570,0,OK,,,,2026-08-21: [기재정정]반기보고서 (2026.06) | 2026-08-14: 반기보고서 (2026.06) | 2026-08-10: 임원ㆍ주요주주특정증권등소유상황보고서 | 2026-08-10: 임원ㆍ주요주주특정증권등소유상황보고서 | 2026-08-10: 임원ㆍ주요주주특정증권등소유상황보고서,11
알리코제약,260660,0,OK,,,,2026-08-27: 의결권대리행사권유참고서류 | 2026-08-27: 주주총회소집공고 | 2026-08-14: 반기보고서 (2026.06) | 2026-08-07: 주식등의대량보유상황보고서(약식) | 2026-08-07: 전환가액의조정              ,7
한스바이오메드,042520,0,OK,,,,2026-08-13: 분기보고서 (2026.06) | 2026-08-10: 기업설명회(IR)개최               | 2026-08-05: 주식등의대량보유상황보고서(약식),3
무림페이퍼,009200,0,OK,,,,2026-08-31: 지속가능경영보고서등관련사항(자율공시)               | 2026-08-28: [기재정정]벌금등의부과               | 2026-08-14: 반기보고서 (2026.06),3
아이씨티케이,456010,0,OK,,,,2026-08-24: 주주명부폐쇄기간또는기준일설정               | 2026-08-24: 주주총회소집결의              (임시주주총회) | 2026-08-14: 반기보고서 (2026.06),3
무림P&P,009580,0,OK,,,,2026-08-31: 지속가능경영보고서등관련사항(자율공시)               | 2026-08-28: [기재정정]벌금등의부과               | 2026-08-14: 반기보고서 (2026.06),3
신한투자증권,008670,0,OK,,,,2026-09-01: 투자설명서(일괄신고) | 2026-09-01: 일괄신고추가서류(파생결합사채-주가연계파생결합사채) | 2026-09-01: 증권발행실적보고서 | 2026-09-01: 투자설명서(일괄신고) | 2026-09-01: 투자설명서(일괄신고),100
플리토,300080,0,OK,,,,2026-08-28: 임원ㆍ주요주주특정증권등소유상황보고서 | 2026-08-28: 임원ㆍ주요주주특정증권등소유상황보고서 | 2026-08-28: [기재정정]주식매수선택권부여에관한신고 | 2026-08-28: [기재정정]주식매수선택권부여에관한신고 | 2026-08-11: 반기보고서 (2026.06),5
비보존 제약,082800,0,OK,,,,2026-08-21: 임원ㆍ주요주주특정증권등소유상황보고서 | 2026-08-19: 임원ㆍ주요주주특정증권등거래계획보고서 | 2026-08-14: 반기보고서 (2026.06) | 2026-08-12: [기재정정]사업보고서 (2025.12) | 2026-08-07: 주식등의대량보유상황보고서(일반),6
피코그램,376180,0,OK,,,,2026-08-14: 반기보고서 (2026.06) | 2026-08-11: 주식등의대량보유상황보고서(일반) | 2026-08-11: 임원ㆍ주요주주특정증권등소유상황보고서 | 2026-08-04: 전환사채(해외전환사채포함)발행후만기전사채취득              ,4
아이패밀리에스씨,114840,0,OK,,,,2026-08-13: 반기보고서 (2026.06) | 2026-08-13: 중간(분기)배당을위한주주명부폐쇄(기준일)결정               | 2026-08-13: 현금ㆍ현물배당결정              (분기배당),3
아모그린텍,125210,0,OK,,,,2026-08-14: 반기보고서 (2026.06) | 2026-08-11: 임원ㆍ주요주주특정증권등거래계획철회보고서 | 2026-08-10: 주식등의대량보유상황보고서(일반),3
KC그린홀딩스,009440,0,OK,,,,"2026-08-21: [기재정정]주요사항보고서(채권은행등의관리절차개시) | 2026-08-14: 반기보고서 (2026.06) | 2026-08-14: 반기검토의견부적정,의견거절또는완전자본잠식사실발생              ",3
이상네트웍스,080010,0,OK,,,,2026-08-19: 임원ㆍ주요주주특정증권등소유상황보고서 | 2026-08-19: 주식등의대량보유상황보고서(약식) | 2026-08-14: 반기보고서 (2026.06),3
자연과환경,043910,0,OK,,,,2026-08-27: 전환가액의조정               | 2026-08-19: 주식등의대량보유상황보고서(일반) | 2026-08-19: 임원ㆍ주요주주특정증권등소유상황보고서 | 2026-08-14: 반기보고서 (2026.06),4
HLB펩,196300,0,OK,,,,2026-08-20: 임원ㆍ주요주주특정증권등소유상황보고서 | 2026-08-20: 주식등의대량보유상황보고서(일반) | 2026-08-13: 반기보고서 (2026.06) | 2026-08-12: 전환청구권행사              (제3회차),4
에스케이브로드밴드,033630,0,OK,,,,2026-08-27: 대규모기업집단현황공시[분기별공시(개별회사용)] | 2026-08-27: 주요사항보고서(회사분할결정) | 2026-08-13: 지급수단별ㆍ지급기간별지급금액및분쟁조정기구에관한사항 | 2026-08-13: 반기보고서 (2026.06),4
삼양식품,003230,0,OK,,,,2026-09-01: 임원ㆍ주요주주특정증권등소유상황보고서 | 2026-08-18: 기업설명회(IR)개최(안내공시)               | 2026-08-14: 반기보고서 (2026.06) | 2026-08-12: 현금ㆍ현물배당을위한주주명부폐쇄(기준일)결정               | 2026-08-12: 현금ㆍ현물배당결정              ,6
KT밀리의서재,418470,0,OK,,,,2026-08-12: 반기보고서 (2026.06) | 2026-08-10: 주식등의대량보유상황보고서(일반) | 2026-08-10: 임원ㆍ주요주주특정증권등소유상황보고서 | 2026-08-04: 기업설명회(IR)개최              ,4
엔바이오니아,317870,0,OK,,,,2026-08-31: 주식매수선택권부여에관한신고 | 2026-08-31: 임시주주총회결과               | 2026-08-14: 반기보고서 (2026.06) | 2026-08-13: 주주총회소집공고 | 2026-08-13: [기재정정]주주총회소집결의              (임시주주총회),5
HMM,011200,0,OK,,,,2026-08-26: 대규모기업집단현황공시[분기별공시(대표회사용)] | 2026-08-13: 반기보고서 (2026.06) | 2026-08-11: 지급수단별ㆍ지급기간별지급금액및분쟁조정기구에관한사항 | 2026-08-07: 풍문또는보도에대한해명(미확정)              ,4
온타이드,005320,0,OK,,,,2026-09-01: 임원ㆍ주요주주특정증권등거래계획보고서 | 2026-08-14: 반기보고서 (2026.06) | 2026-08-05: 투자유의안내               | 2026-08-05: 투자유의안내              ,4
다원시스,068240,0,OK,,,,2026-08-28: 거래처와의거래중단               | 2026-08-18: 기타시장안내              (상장폐지 관련 이의신청서 접수 ) | 2026-08-14: 기타시장안내              (상장적격성 실질심사 사유 추가) | 2026-08-14: 반기검토(감사)의견부적정등사실확인(자본잠식률100분의50이상또는자기자본10억원미만포함)               | 2026-08-14: 반기또는분기매출액미달사실발생              ,8
꿈비,407400,0,OK,,,,2026-08-14: 반기보고서 (2026.06) | 2026-08-13: 소송등의판결ㆍ결정               | 2026-08-05: 합병등종료보고서(합병) | 2026-08-04: 주식등의대량보유상황보고서(일반) | 2026-08-04: 임원ㆍ주요주주특정증권등소유상황보고서,6
LB세미콘,061970,0,OK,,,,2026-08-19: 주식등의대량보유상황보고서(일반) | 2026-08-19: 임원ㆍ주요주주특정증권등소유상황보고서 | 2026-08-19: [기재정정]임원ㆍ주요주주특정증권등소유상황보고서 | 2026-08-19: 임원ㆍ주요주주특정증권등소유상황보고서 | 2026-08-14: 반기보고서 (2026.06),10
HS효성,487570,0,OK,,,,2026-08-31: [기재정정]타법인주식및출자증권취득결정(자회사의 주요경영사항)               | 2026-08-28: 대규모기업집단현황공시[분기별공시(개별회사용)] | 2026-08-14: 주주명부폐쇄기간또는기준일설정               | 2026-08-14: 주주총회소집결의               | 2026-08-14: 반기보고서 (2026.06),8
스튜디오에스,046140,0,OK,,,,2026-08-28: 대규모기업집단현황공시[분기별공시(개별회사용)] | 2026-08-24: [기재정정]지급수단별ㆍ지급기간별지급금액및분쟁조정기구에관한사항 | 2026-08-18: 지급수단별ㆍ지급기간별지급금액및분쟁조정기구에관한사항,3
삼진제약,005500,0,OK,,,,2026-08-25: 임원ㆍ주요주주특정증권등소유상황보고서 | 2026-08-25: 임원ㆍ주요주주특정증권등소유상황보고서 | 2026-08-25: 임원ㆍ주요주주특정증권등소유상황보고서 | 2026-08-25: 주식등의대량보유상황보고서(일반) | 2026-08-25: 주식등의대량보유상황보고서(일반),11
삼양엔씨켐,482630,0,OK,,,,2026-08-31: 대규모기업집단현황공시[분기별공시(개별회사용)] | 2026-08-21: 기업설명회(IR)개최               | 2026-08-13: 지급수단별ㆍ지급기간별지급금액및분쟁조정기구에관한사항 | 2026-08-13: 반기보고서 (2026.06),4
남해화학,025860,0,OK,,,,2026-08-28: 대규모기업집단현황공시[분기별공시(개별회사용)] | 2026-08-20: [기재정정]기업지배구조보고서공시               | 2026-08-14: 반기보고서 (2026.06) | 2026-08-12: 지급수단별ㆍ지급기간별지급금액및분쟁조정기구에관한사항,4
삼성에스디에스,018260,0,OK,,,,2026-09-01: 기업설명회(IR)개최(안내공시)               | 2026-09-01: 기업설명회(IR)개최(안내공시)               | 2026-08-31: 대규모기업집단현황공시[분기별공시(개별회사용)] | 2026-08-26: 임원ㆍ주요주주특정증권등소유상황보고서 | 2026-08-14: 반기보고서 (2026.06),7
티엑스알로보틱스,484810,0,OK,,,,2026-08-20: 주식등의대량보유상황보고서(일반) | 2026-08-20: 임원ㆍ주요주주특정증권등소유상황보고서 | 2026-08-11: 반기보고서 (2026.06),3
동국홀딩스,001230,0,OK,,,,2026-08-28: 대규모기업집단현황공시[분기별공시(대표회사용)] | 2026-08-14: 반기보고서 (2026.06) | 2026-08-06: 현금ㆍ현물배당결정(자회사의 주요경영사항)              ,3
케이비캐피탈,021960,0,OK,,,,2026-08-31: 증권발행실적보고서 | 2026-08-28: 투자설명서(일괄신고) | 2026-08-28: 일괄신고추가서류 | 2026-08-14: [기재정정]일괄신고서 | 2026-08-14: 반기보고서 (2026.06),5
아주스틸,139990,0,OK,,,,2026-08-31: 대규모기업집단현황공시[분기별공시(개별회사용)] | 2026-08-14: 반기보고서 (2026.06) | 2026-08-14: 지급수단별ㆍ지급기간별지급금액및분쟁조정기구에관한사항,3
제이앤티씨,204270,0,OK,,,,2026-08-14: [기재정정]반기보고서 (2026.06) | 2026-08-14: 반기보고서 (2026.06) | 2026-08-06: 주식등의대량보유상황보고서(일반),3
두산로보틱스,454910,0,OK,,,,2026-08-31: 대규모기업집단현황공시[분기별공시(개별회사용)] | 2026-08-18: 기업설명회(IR)개최(안내공시)               | 2026-08-14: 반기보고서 (2026.06) | 2026-08-14: 지급수단별ㆍ지급기간별지급금액및분쟁조정기구에관한사항,4
진양산업,003780,0,OK,,,,2026-08-27: 임원ㆍ주요주주특정증권등소유상황보고서 | 2026-08-27: 최대주주등소유주식변동신고서               | 2026-08-14: 반기보고서 (2026.06) | 2026-08-14: 기업설명회(IR)개최(안내공시)              ,4
풀무원,017810,0,OK,,,,2026-08-28: [기재정정]주요사항보고서(자본으로인정되는채무증권발행결정) | 2026-08-26: 주요사항보고서(자본으로인정되는채무증권발행결정) | 2026-08-26: 주요사항보고서(자본으로인정되는채무증권발행결정) | 2026-08-14: 반기보고서 (2026.06) | 2026-08-13: 주식등의대량보유상황보고서(약식),9
KB금융,105560,0,OK,,,,2026-08-31: 증권발행실적보고서 | 2026-08-31: 투자설명서 | 2026-08-26: [첨부정정]증권신고서(채무증권) | 2026-08-25: [발행조건확정]증권신고서(채무증권) | 2026-08-25: [기재정정]증권신고서(채무증권),15
젠큐릭스,229000,0,OK,,,,2026-09-01: 합병등종료보고서(합병) | 2026-08-25: 주식매수선택권부여에관한신고 | 2026-08-25: 주주총회소집공고 | 2026-08-25: [기재정정]주주총회소집결의              (임시주주총회) | 2026-08-13: 반기보고서 (2026.06),5
한화머시너리앤서비스홀딩스,0220W0,0,OK,,,,2026-09-01: [기재정정]주식등의대량보유상황보고서(일반) | 2026-08-28: 임원ㆍ주요주주특정증권등소유상황보고서 | 2026-08-28: 임원ㆍ주요주주특정증권등소유상황보고서 | 2026-08-28: 임원ㆍ주요주주특정증권등소유상황보고서 | 2026-08-28: 임원ㆍ주요주주특정증권등소유상황보고서,9
기도산업,282620,0,OK,,,,2026-08-28: [기재정정]반기보고서 (2026.06) | 2026-08-26: 반기보고서 (2026.06) | 2026-08-25: 임원ㆍ주요주주특정증권등소유상황보고서 | 2026-08-25: 주식등의대량보유상황보고서(일반) | 2026-08-14: 증권발행실적보고서,7
희림,037440,0,OK,,,,2026-08-14: 반기보고서 (2026.06) | 2026-08-03: 임원ㆍ주요주주특정증권등소유상황보고서 | 2026-08-03: 주식등의대량보유상황보고서(일반),3
올리패스,244460,0,OK,,,,2026-08-14: [첨부추가]반기검토(감사)의견부적정등사실확인(자본잠식률100분의50이상또는자기자본10억원미만포함)               | 2026-08-14: 기타시장안내              (상장적격성 실질심사 사유 추가 관련 절차 미진행) | 2026-08-14: 반기보고서 (2026.06) | 2026-08-14: [기재정정]회생절차개시결정              ,4
세나테크놀로지,061090,0,OK,,,,2026-08-13: 반기보고서 (2026.06) | 2026-08-12: 소속부변경               | 2026-08-11: [기재정정]연결재무제표기준영업실적등에대한전망(공정공시)              ,3
나노솔루션,238540,0,OK,,,,2026-08-03: 주식등의대량보유상황보고서(일반) | 2026-08-03: 주식등의대량보유상황보고서(일반) | 2026-08-03: 임원ㆍ주요주주특정증권등소유상황보고서 | 2026-08-03: 임원ㆍ주요주주특정증권등소유상황보고서,4
인팩,023810,0,OK,,,,2026-08-28: 타인에대한채무보증결정               | 2026-08-20: 타인에대한채무보증결정               | 2026-08-14: 반기보고서 (2026.06),3
제노레이,122310,0,OK,,,,2026-08-28: 임원ㆍ주요주주특정증권등소유상황보고서 | 2026-08-14: 반기보고서 (2026.06) | 2026-08-12: 기업설명회(IR)개최              ,3
아시아경제,127710,0,OK,,,,2026-09-01: [기재정정]타법인주식및출자증권취득결정               | 2026-08-25: [기재정정]타법인주식및출자증권취득결정               | 2026-08-14: 반기보고서 (2026.06) | 2026-08-10: 주식등의대량보유상황보고서(약식) | 2026-08-06: 주식등의대량보유상황보고서(약식),6
사조동아원,008040,0,OK,,,,2026-08-28: 대규모기업집단현황공시[분기별공시(개별회사용)] | 2026-08-14: 반기보고서 (2026.06) | 2026-08-14: 지급수단별ㆍ지급기간별지급금액및분쟁조정기구에관한사항 | 2026-08-05: 투자유의안내              ,4
삼성카드,029780,0,OK,,,,2026-08-31: 대규모기업집단현황공시[분기별공시(개별회사용)] | 2026-08-26: 증권발행실적보고서 | 2026-08-26: 특수관계인과의수익증권거래 | 2026-08-25: 투자설명서(일괄신고) | 2026-08-25: 일괄신고추가서류,7
탑엔지니어링,065130,0,OK,,,,2026-08-25: 주식등의대량보유상황보고서(일반) | 2026-08-24: 임원ㆍ주요주주특정증권등소유상황보고서 | 2026-08-14: 반기보고서 (2026.06) | 2026-08-06: 주식등의대량보유상황보고서(일반) | 2026-08-06: 임원ㆍ주요주주특정증권등소유상황보고서,5
한익스프레스,014130,0,OK,,,,2026-08-25: 기업설명회(IR)개최(안내공시)               | 2026-08-14: 기업가치제고계획(자율공시)               | 2026-08-14: 반기보고서 (2026.06),3
종근당홀딩스,001630,0,OK,,,,2026-08-31: [기재정정]주요사항보고서(영업정지)(자회사의 주요경영사항)               | 2026-08-14: 투자판단관련주요경영사항(자회사의 주요경영사항)               | 2026-08-14: 반기보고서 (2026.06),3
오리콤,010470,0,OK,,,,2026-08-31: 대규모기업집단현황공시[분기별공시(개별회사용)] | 2026-08-14: 반기보고서 (2026.06) | 2026-08-14: 지급수단별ㆍ지급기간별지급금액및분쟁조정기구에관한사항,3
크레오에스지,040350,0,OK,,,,2026-08-31: 조회공시요구(현저한시황변동)에대한답변(중요정보없음)               | 2026-08-28: 대규모기업집단현황공시[분기별공시(개별회사용)] | 2026-08-25: 주식등의대량보유상황보고서(일반) | 2026-08-14: 반기보고서 (2026.06) | 2026-08-13: 주식등의대량보유상황보고서(일반),7
마니커,027740,0,OK,,,,2026-09-01: 최대주주등소유주식변동신고서               | 2026-09-01: 임원ㆍ주요주주특정증권등소유상황보고서 | 2026-09-01: 주식등의대량보유상황보고서(일반) | 2026-08-14: 반기보고서 (2026.06),4
포스코퓨처엠,003670,0,OK,,,,2026-08-27: 대규모기업집단현황공시[분기별공시(개별회사용)] | 2026-08-25: [기재정정]타인에대한채무보증결정               | 2026-08-21: [기재정정]단일판매ㆍ공급계약해지               | 2026-08-19: 임원ㆍ주요주주특정증권등소유상황보고서 | 2026-08-14: 반기보고서 (2026.06),6
팬오션,028670,0,OK,,,,2026-08-28: 대규모기업집단현황공시[분기별공시(개별회사용)] | 2026-08-20: 주식등의대량보유상황보고서(일반) | 2026-08-12: 반기보고서 (2026.06),3
져스텍,153890,0,OK,,,,2026-08-14: 반기보고서 (2026.06) | 2026-08-04: 임원ㆍ주요주주특정증권등소유상황보고서 | 2026-08-04: 임원ㆍ주요주주특정증권등소유상황보고서 | 2026-08-04: 임원ㆍ주요주주특정증권등소유상황보고서 | 2026-08-04: 임원ㆍ주요주주특정증권등소유상황보고서,9
청보,013720,0,OK,,,,2026-08-24: 기타주요경영사항              (타법인 주식 및 출자증권 처분결정 철회) | 2026-08-24: [기재정정]타법인주식및출자증권처분결정              (철회) | 2026-08-12: 반기보고서 (2026.06),3
메이슨캐피탈,021880,0,OK,,,,2026-08-20: 임원ㆍ주요주주특정증권등소유상황보고서 | 2026-08-10: 임원ㆍ주요주주특정증권등소유상황보고서 | 2026-08-10: 분기보고서 (2026.06),3
퀀타매트릭스,317690,0,OK,,,,2026-08-31: 주주총회소집공고 | 2026-08-28: [기재정정]주주총회소집결의              (임시주주총회) | 2026-08-14: 반기보고서 (2026.06) | 2026-08-06: 주주총회소집결의              (임시주주총회) | 2026-08-06: 주주명부폐쇄기간또는기준일설정              ,5
에코프로비엠,247540,0,OK,,,,2026-08-28: 대규모기업집단현황공시[분기별공시(개별회사용)] | 2026-08-24: 전환가액의조정               | 2026-08-21: 주식등의대량보유상황보고서(일반) | 2026-08-18: [기재정정]증권신고서(지분증권) | 2026-08-14: 기업설명회(IR)개최              ,10
서울제약,018680,0,OK,,,,2026-08-28: 대규모기업집단현황공시[분기별공시(개별회사용)] | 2026-08-21: 임시주주총회결과               | 2026-08-14: 지급수단별ㆍ지급기간별지급금액및분쟁조정기구에관한사항 | 2026-08-14: 반기보고서 (2026.06) | 2026-08-06: 주주총회소집공고,5
한솔홈데코,025750,0,OK,,,,2026-08-26: 대규모기업집단현황공시[분기별공시(개별회사용)] | 2026-08-14: 지급수단별ㆍ지급기간별지급금액및분쟁조정기구에관한사항 | 2026-08-13: 반기보고서 (2026.06),3
동일제강,002690,0,OK,,,,2026-08-18: [기재정정]중대재해관련형사처벌사실확인               | 2026-08-18: 중대재해관련형사처벌사실확인               | 2026-08-14: 반기보고서 (2026.06),3
동양,001520,0,OK,,,,2026-08-31: 대규모기업집단현황공시[분기별공시(개별회사용)] | 2026-08-20: 임원ㆍ주요주주특정증권등소유상황보고서 | 2026-08-19: 투자유의안내               | 2026-08-14: [기재정정]타인에대한채무보증결정               | 2026-08-14: 지급수단별ㆍ지급기간별지급금액및분쟁조정기구에관한사항,19
토탈소프트,045340,0,OK,,,,2026-08-13: 반기보고서 (2026.06) | 2026-08-07: 주요사항보고서(자기주식취득신탁계약체결결정) | 2026-08-03: 신탁계약해지결과보고서 | 2026-08-03: 주요사항보고서(자기주식취득신탁계약해지결정),4
우리금융지주,316140,0,OK,,,,2026-08-26: 기업설명회(IR)개최(안내공시)               | 2026-08-19: 기업설명회(IR)개최(안내공시)               | 2026-08-14: [기재정정]일괄신고서 | 2026-08-14: 반기보고서 (2026.06) | 2026-08-13: 증권발행실적보고서,12
우진엔텍,457550,0,OK,,,,2026-09-01: 주식등의대량보유상황보고서(일반) | 2026-08-14: 반기보고서 (2026.06) | 2026-08-04: 주식등의대량보유상황보고서(일반),3
해성옵틱스,076610,0,OK,,,,2026-09-01: [기재정정]타인에대한채무보증결정               | 2026-08-28: 전환청구권행사               | 2026-08-18: 파생상품거래손실발생               | 2026-08-14: 반기보고서 (2026.06),4
아세아텍,050860,0,OK,,,,2026-08-28: 현금ㆍ현물배당결정               | 2026-08-28: 주주총회소집결의               | 2026-08-28: 매출액또는손익구조30%(대규모법인은15%)이상변동               | 2026-08-21: [기재정정]주주총회소집공고 | 2026-08-20: 주주총회소집공고,5
도화엔지니어링,002150,0,OK,,,,2026-08-13: 반기보고서 (2026.06) | 2026-08-11: 타법인주식및출자증권처분결정(자율공시)(종속회사의주요경영사항)               | 2026-08-11: 타법인주식및출자증권처분결정(자율공시)(종속회사의주요경영사항)              ,3
삼영,003720,0,OK,,,,2026-08-13: 반기보고서 (2026.06) | 2026-08-10: 주요사항보고서(유형자산양수결정) | 2026-08-03: 최대주주등소유주식변동신고서               | 2026-08-03: 주식등의대량보유상황보고서(일반),4
동국알앤에스,075970,0,OK,,,,2026-09-01: 임원ㆍ주요주주특정증권등소유상황보고서 | 2026-08-28: 임원ㆍ주요주주특정증권등소유상황보고서 | 2026-08-27: 임원ㆍ주요주주특정증권등소유상황보고서 | 2026-08-27: 임원ㆍ주요주주특정증권등소유상황보고서 | 2026-08-14: 반기보고서 (2026.06),5
가온그룹,078890,0,OK,,,,2026-08-27: 타인에대한채무보증결정               | 2026-08-24: 기업설명회(IR)개최               | 2026-08-14: 반기보고서 (2026.06),3
롯데리츠,330590,0,OK,,,,2026-08-27: 대규모기업집단현황공시[분기별공시(개별회사용)] | 2026-08-27: 임원ㆍ주요주주특정증권등소유상황보고서 | 2026-08-20: 임원ㆍ주요주주특정증권등소유상황보고서 | 2026-08-14: 증권발행실적보고서 | 2026-08-14: 투자설명서,15
체시스,033250,0,OK,,,,2026-08-14: 반기보고서 (2026.06) | 2026-08-11: 주식등의대량보유상황보고서(일반) | 2026-08-07: 최대주주등소유주식변동신고서              ,3
대성산업,128820,0,OK,,,,2026-08-20: 임원ㆍ주요주주특정증권등소유상황보고서 | 2026-08-14: 반기보고서 (2026.06) | 2026-08-05: 임원ㆍ주요주주특정증권등소유상황보고서,3
제이엔비,452160,0,OK,,,,2026-08-24: 임원ㆍ주요주주특정증권등소유상황보고서 | 2026-08-24: 주식등의대량보유상황보고서(일반) | 2026-08-24: 임원ㆍ주요주주특정증권등소유상황보고서 | 2026-08-14: 반기보고서 (2026.06),4
한컴위드,054920,0,OK,,,,2026-08-14: 반기보고서 (2026.06) | 2026-08-14: [기재정정]사업보고서 (2025.12) | 2026-08-05: 주식등의대량보유상황보고서(일반),3
라온시큐어,042510,0,OK,,,,2026-08-14: 반기보고서 (2026.06) | 2026-08-05: 신탁계약해지결과보고서 | 2026-08-04: 주요사항보고서(자기주식취득신탁계약해지결정),3
우리은행,000030,0,OK,,,,2026-08-14: [기재정정]일괄신고서(파생결합증권-금적립계좌) | 2026-08-14: [기재정정]투자설명서(일괄신고) | 2026-08-14: [기재정정]투자설명서(일괄신고) | 2026-08-14: [기재정정]일괄신고서(파생결합증권-금적립계좌) | 2026-08-14: [기재정정]일괄신고서,12
인피니트헬스케어,071200,0,OK,,,,2026-09-01: 주식등의대량보유상황보고서(약식) | 2026-08-31: [기재정정]소송등의제기ㆍ신청(경영권분쟁소송)              (주주총회결의무효확인 등(항소)) | 2026-08-31: 소송등의제기ㆍ신청(경영권분쟁소송)              (임시주주총회소집허가신청) | 2026-08-21: 중간(분기)배당을위한주주명부폐쇄(기준일)결정               | 2026-08-14: 반기보고서 (2026.06),5
쎄트렉아이,099320,0,OK,,,,2026-08-26: 주주명부폐쇄기간또는기준일설정               | 2026-08-26: 주주총회소집결의              (임시주주총회) | 2026-08-13: 반기보고서 (2026.06),3
드림인사이트,362990,0,OK,,,,2026-08-21: 주식등의대량보유상황보고서(일반) | 2026-08-21: 임원ㆍ주요주주특정증권등소유상황보고서 | 2026-08-14: 반기보고서 (2026.06),3
아모텍,052710,0,OK,,,,2026-08-19: 임원ㆍ주요주주특정증권등소유상황보고서 | 2026-08-19: 임원ㆍ주요주주특정증권등소유상황보고서 | 2026-08-19: 임원ㆍ주요주주특정증권등소유상황보고서 | 2026-08-18: 임원ㆍ주요주주특정증권등소유상황보고서 | 2026-08-18: 주식등의대량보유상황보고서(일반),11
한국쉘석유,002960,0,OK,,,,2026-08-27: 주식등의대량보유상황보고서(약식) | 2026-08-27: 주식등의대량보유상황보고서(약식) | 2026-08-14: 반기보고서 (2026.06),3
HS효성첨단소재,298050,0,OK,,,,2026-09-01: 주식등의대량보유상황보고서(약식) | 2026-08-31: [기재정정]타법인주식및출자증권취득결정               | 2026-08-31: 대규모기업집단현황공시[분기별공시(개별회사용)] | 2026-08-14: 반기보고서 (2026.06) | 2026-08-14: 지급수단별ㆍ지급기간별지급금액및분쟁조정기구에관한사항,7
해성디에스,195870,0,OK,,,,2026-09-01: 기업설명회(IR)개최(안내공시)               | 2026-08-14: 반기보고서 (2026.06) | 2026-08-06: 주식등의대량보유상황보고서(약식) | 2026-08-03: 기업설명회(IR)개최(안내공시)              ,4
아이즈비전,031310,0,OK,,,,2026-08-18: 유형자산처분결정(종속회사의주요경영사항)               | 2026-08-14: 반기보고서 (2026.06) | 2026-08-07: 임원ㆍ주요주주특정증권등소유상황보고서 | 2026-08-07: 주식등의대량보유상황보고서(일반),4
유진기업,023410,0,OK,,,,2026-08-28: 대규모기업집단현황공시[분기별공시(대표회사용)] | 2026-08-14: 반기보고서 (2026.06) | 2026-08-07: 지급수단별ㆍ지급기간별지급금액및분쟁조정기구에관한사항,3
한국알콜,017890,0,OK,,,,2026-08-26: 주식등의대량보유상황보고서(약식) | 2026-08-20: 임원ㆍ주요주주특정증권등소유상황보고서 | 2026-08-13: 기업설명회(IR)개최               | 2026-08-13: 반기보고서 (2026.06) | 2026-08-11: 임원ㆍ주요주주특정증권등소유상황보고서,6
팜스빌,318010,0,OK,,,,2026-08-20: [기재정정]반기보고서 (2026.06) | 2026-08-20: [기재정정]분기보고서 (2026.03) | 2026-08-13: 반기보고서 (2026.06),3
KR모터스,000040,0,OK,,,,2026-08-28: 투자유의안내               | 2026-08-28: 전환청구권ㆍ신주인수권ㆍ교환청구권행사               | 2026-08-24: 타인에대한담보제공결정               | 2026-08-24: 단기차입금증가결정               | 2026-08-21: 주요사항보고서(자기전환사채만기전취득결정),7
국제약품,002720,0,OK,,,,2026-08-24: 신규시설투자등               | 2026-08-14: 반기보고서 (2026.06) | 2026-08-11: 주식등의대량보유상황보고서(일반),3
두산,000150,0,OK,,,,2026-08-31: 대규모기업집단현황공시[분기별공시(대표회사용)] | 2026-08-14: 반기보고서 (2026.06) | 2026-08-14: [기재정정]지급수단별ㆍ지급기간별지급금액및분쟁조정기구에관한사항 | 2026-08-14: 지급수단별ㆍ지급기간별지급금액및분쟁조정기구에관한사항 | 2026-08-03: [첨부정정]주요사항보고서(타법인주식및출자증권양수결정),5
삼천당제약,000250,0,OK,,,,"2026-08-14: 주식등의대량보유상황보고서(일반) | 2026-08-14: 반기보고서 (2026.06) | 2026-08-05: [기재정정]투자판단관련주요경영사항(임상시험계획승인신청등결정)              (제1형 당뇨병 환자를 대상으로 정상혈당 클램프 조건 및 식이 섭취 후, 경구용 인슐린 SCD0503과 피하 투여 인슐린 간의 상대적 생체이용률, 상대적 생물학적 효력 및 음식 영향 평가를 위한 임상시험) | 2026-08-05: [기재정정]투자판단관련주요경영사항(임상시험계획승인신청)              (제1형 당뇨병 환자를 대상으로 정상혈당 클램프 조건 및 식이 섭취 후, 경구용 인슐린 SCD0503과 피하 투여 인슐린 간의 상대적 생체이용률, 상대적 생물학적 효력 및 음식 영향 평가를 위한 임상시험)",4
대원화성,024890,0,OK,,,,2026-08-20: 유형자산처분결정               | 2026-08-14: 반기보고서 (2026.06) | 2026-08-05: 투자유의안내              ,3
RF시스템즈,474610,0,OK,,,,2026-08-28: 임원ㆍ주요주주특정증권등소유상황보고서 | 2026-08-20: 임원ㆍ주요주주특정증권등소유상황보고서 | 2026-08-14: 반기보고서 (2026.06) | 2026-08-11: 임원ㆍ주요주주특정증권등소유상황보고서 | 2026-08-03: 임원ㆍ주요주주특정증권등소유상황보고서,5
에코아이,448280,0,OK,,,,2026-08-28: 주식등의대량보유상황보고서(일반) | 2026-08-28: 임원ㆍ주요주주특정증권등소유상황보고서 | 2026-08-14: 반기보고서 (2026.06),3
선진,136490,0,OK,,,,2026-08-28: 대규모기업집단현황공시[분기별공시(개별회사용)] | 2026-08-13: [기재정정]반기보고서 (2026.06) | 2026-08-13: 지급수단별ㆍ지급기간별지급금액및분쟁조정기구에관한사항 | 2026-08-13: 반기보고서 (2026.06),4
한국맥널티,222980,0,OK,,,,2026-08-24: 임원ㆍ주요주주특정증권등소유상황보고서 | 2026-08-14: 반기보고서 (2026.06) | 2026-08-03: 임원ㆍ주요주주특정증권등소유상황보고서 | 2026-08-03: 임원ㆍ주요주주특정증권등소유상황보고서,4
하이젠알앤엠,160190,0,OK,,,,2026-08-14: 반기보고서 (2026.06) | 2026-08-07: [기재정정]분기보고서 (2026.03) | 2026-08-04: 소속부변경               | 2026-08-04: [기재정정]감사보고서제출               | 2026-08-04: [기재정정]사업보고서 (2025.12),5
삼성제약,001360,0,OK,,,,2026-08-25: 주식등의대량보유상황보고서(약식) | 2026-08-14: 반기보고서 (2026.06) | 2026-08-12: 주요사항보고서(자기전환사채만기전취득결정),3
수산아이앤티,050960,0,OK,,,,2026-08-19: 주식등의대량보유상황보고서(일반) | 2026-08-14: 반기보고서 (2026.06) | 2026-08-14: 임원ㆍ주요주주특정증권등소유상황보고서 | 2026-08-05: 임원ㆍ주요주주특정증권등소유상황보고서,4
한솔로지스틱스,009180,0,OK,,,,2026-08-26: 대규모기업집단현황공시[분기별공시(개별회사용)] | 2026-08-13: 반기보고서 (2026.06) | 2026-08-13: 지급수단별ㆍ지급기간별지급금액및분쟁조정기구에관한사항,3
백산,035150,0,OK,,,,2026-08-31: 현금ㆍ현물배당을위한주주명부폐쇄(기준일)결정               | 2026-08-13: 반기보고서 (2026.06) | 2026-08-12: 최대주주등소유주식변동신고서               | 2026-08-12: 주식등의대량보유상황보고서(일반) | 2026-08-12: 임원ㆍ주요주주특정증권등소유상황보고서,5
진도,088790,0,OK,,,,2026-09-01: 투자유의안내               | 2026-09-01: 주요사항보고서(자기주식취득신탁계약체결결정) | 2026-09-01: 임원ㆍ주요주주특정증권등거래계획보고서 | 2026-08-31: 주주총회소집공고 | 2026-08-31: 의결권대리행사권유참고서류,12
한창제지,009460,0,OK,,,,2026-08-28: 자기주식취득결과보고서 | 2026-08-21: 전환청구권ㆍ신주인수권ㆍ교환청구권행사               | 2026-08-18: [기재정정]소송등의제기ㆍ신청(경영권분쟁소송)               | 2026-08-14: 반기보고서 (2026.06) | 2026-08-12: [기재정정]소송등의제기ㆍ신청(경영권분쟁소송)              ,10
휴메딕스,200670,0,OK,,,,2026-08-14: 기업설명회(IR)개최               | 2026-08-14: 반기보고서 (2026.06) | 2026-08-11: 중간(분기)배당을위한주주명부폐쇄(기준일)결정               | 2026-08-11: 현금ㆍ현물배당결정              (분기배당),4
휴스틸,005010,0,OK,,,,2026-08-25: 임원ㆍ주요주주특정증권등소유상황보고서 | 2026-08-25: 최대주주등소유주식변동신고서               | 2026-08-14: 반기보고서 (2026.06),3
GST,083450,0,OK,,,,2026-08-24: 임원ㆍ주요주주특정증권등소유상황보고서 | 2026-08-24: 임원ㆍ주요주주특정증권등소유상황보고서 | 2026-08-24: 임원ㆍ주요주주특정증권등소유상황보고서 | 2026-08-24: 임원ㆍ주요주주특정증권등소유상황보고서 | 2026-08-24: 임원ㆍ주요주주특정증권등소유상황보고서,7
동구바이오제약,006620,0,OK,,,,2026-08-18: [기재정정]주요사항보고서(영업정지) | 2026-08-18: [기재정정]주요사항보고서(영업정지) | 2026-08-12: 반기보고서 (2026.06) | 2026-08-04: 주식등의대량보유상황보고서(일반),4
대한약품,023910,0,OK,,,,2026-08-31: 임원ㆍ주요주주특정증권등소유상황보고서 | 2026-08-14: 반기보고서 (2026.06) | 2026-08-07: 임원ㆍ주요주주특정증권등소유상황보고서 | 2026-08-06: 주식등의대량보유상황보고서(약식),4
휴럼,353190,0,OK,,,,2026-09-01: 주식등의대량보유상황보고서(일반) | 2026-08-31: 자기주식취득결과보고서 | 2026-08-26: 주주명부폐쇄기간또는기준일설정               | 2026-08-26: 주주총회소집결의              (임시주주총회) | 2026-08-14: 반기보고서 (2026.06),5
엠젠솔루션,032790,0,OK,,,,2026-08-28: 주주총회소집결의              (임시주주총회) | 2026-08-28: 주주명부폐쇄기간또는기준일설정               | 2026-08-14: 반기보고서 (2026.06) | 2026-08-14: 전환사채(해외전환사채포함)발행후만기전사채취득               | 2026-08-13: [기재정정]주식매수선택권부여에관한신고,7
NH농우바이오,054050,0,OK,,,,2026-08-28: 대규모기업집단현황공시[분기별공시(개별회사용)] | 2026-08-14: 반기보고서 (2026.06) | 2026-08-05: 지급수단별ㆍ지급기간별지급금액및분쟁조정기구에관한사항,3
우리금융캐피탈,033660,0,OK,,,,2026-08-26: 증권발행실적보고서 | 2026-08-25: 투자설명서(일괄신고) | 2026-08-25: 일괄신고추가서류 | 2026-08-18: [기재정정]증권발행실적보고서 | 2026-08-18: [기재정정]증권발행실적보고서,13
코스맥스비티아이,044820,0,OK,,,,2026-09-01: 금전대여결정(자회사의 주요경영사항)               | 2026-09-01: 단기차입금증가결정(자회사의 주요경영사항)               | 2026-09-01: 타인에대한채무보증결정(자회사의 주요경영사항)               | 2026-09-01: 타인에대한채무보증결정(자회사의 주요경영사항)               | 2026-08-14: 반기보고서 (2026.06),5
HK이노엔,195940,0,OK,,,,2026-08-28: 대규모기업집단현황공시[분기별공시(개별회사용)] | 2026-08-14: 지급수단별ㆍ지급기간별지급금액및분쟁조정기구에관한사항 | 2026-08-14: 반기보고서 (2026.06) | 2026-08-12: 독립이사의선임ㆍ해임또는중도퇴임에관한신고 | 2026-08-12: 임시주주총회결과              ,5
종근당,185750,0,OK,,,,2026-08-31: 주식등의대량보유상황보고서(일반) | 2026-08-28: 임원ㆍ주요주주특정증권등거래계획보고서 | 2026-08-28: 임원ㆍ주요주주특정증권등거래계획보고서 | 2026-08-14: 반기보고서 (2026.06) | 2026-08-13: 주식등의대량보유상황보고서(약식),5
코오롱티슈진,950160,0,OK,,,,2026-08-14: 반기보고서 (2026.06) | 2026-08-07: 주식등의대량보유상황보고서(일반) | 2026-08-06: 임원ㆍ주요주주특정증권등소유상황보고서,3
대화제약,067080,0,OK,,,,2026-08-20: 주식등의대량보유상황보고서(일반) | 2026-08-07: 반기보고서 (2026.06) | 2026-08-05: 현금ㆍ현물배당결정              (분기배당),3
닷밀,464580,0,OK,,,,2026-08-27: 임원ㆍ주요주주특정증권등소유상황보고서 | 2026-08-27: 주식등의대량보유상황보고서(일반) | 2026-08-20: 임원ㆍ주요주주특정증권등소유상황보고서 | 2026-08-20: 주식등의대량보유상황보고서(일반) | 2026-08-14: 반기보고서 (2026.06),13
한솔테크닉스,004710,0,OK,,,,2026-08-26: 대규모기업집단현황공시[분기별공시(개별회사용)] | 2026-08-14: 지급수단별ㆍ지급기간별지급금액및분쟁조정기구에관한사항 | 2026-08-13: 반기보고서 (2026.06) | 2026-08-06: 주식등의대량보유상황보고서(약식),4
에스디바이오센서,137310,0,OK,,,,2026-08-20: 주식등의대량보유상황보고서(일반) | 2026-08-14: 반기보고서 (2026.06) | 2026-08-12: 임원ㆍ주요주주특정증권등소유상황보고서 | 2026-08-04: 기업설명회(IR)개최(안내공시)              ,4
한독,002390,0,OK,,,,2026-08-20: 주식등의대량보유상황보고서(일반) | 2026-08-14: 반기보고서 (2026.06) | 2026-08-13: 전환가액ㆍ신주인수권행사가액ㆍ교환가액의조정(안내공시)              ,3
신화인터텍,056700,0,OK,,,,2026-08-28: 대규모기업집단현황공시[분기별공시(개별회사용)] | 2026-08-13: 반기보고서 (2026.06) | 2026-08-04: 지급수단별ㆍ지급기간별지급금액및분쟁조정기구에관한사항,3
아모레퍼시픽,090430,0,OK,,,,2026-08-28: 대규모기업집단현황공시[분기별공시(개별회사용)] | 2026-08-27: 최대주주등소유주식변동신고서               | 2026-08-27: 임원ㆍ주요주주특정증권등소유상황보고서 | 2026-08-27: 임원ㆍ주요주주특정증권등소유상황보고서 | 2026-08-27: 임원ㆍ주요주주특정증권등소유상황보고서,15
케이엔에스,432470,0,OK,,,,2026-08-12: 반기보고서 (2026.06) | 2026-08-07: 주식등의대량보유상황보고서(일반) | 2026-08-07: 임원ㆍ주요주주특정증권등소유상황보고서,3
크레버스,096240,0,OK,,,,2026-08-28: 주요사항보고서(유형자산양도결정) | 2026-08-24: 임원ㆍ주요주주특정증권등소유상황보고서 | 2026-08-14: 반기보고서 (2026.06) | 2026-08-07: 임원ㆍ주요주주특정증권등소유상황보고서,4
인베니아,079950,0,OK,,,,2026-08-28: 불성실공시법인지정              (공시불이행) | 2026-08-14: 반기보고서 (2026.06) | 2026-08-06: [기재정정]불성실공시법인지정예고              (공시불이행) | 2026-08-06: 주식등의대량보유상황보고서(약식),4
KSS해운,044450,0,OK,,,,2026-08-25: 기업설명회(IR)개최(안내공시)               | 2026-08-24: 주식등의대량보유상황보고서(약식) | 2026-08-21: 임원ㆍ주요주주특정증권등소유상황보고서 | 2026-08-14: 반기보고서 (2026.06) | 2026-08-07: 임원ㆍ주요주주특정증권등소유상황보고서,5
엠케이전자,033160,0,OK,,,,2026-08-21: 주식등의대량보유상황보고서(약식) | 2026-08-18: 주식등의대량보유상황보고서(약식) | 2026-08-14: 주식등의대량보유상황보고서(일반) | 2026-08-13: 전환청구권행사               | 2026-08-13: 기업설명회(IR)개최              ,7
다우기술,023590,0,OK,,,,2026-08-28: 대규모기업집단현황공시[분기별공시(개별회사용)] | 2026-08-19: 주식등의대량보유상황보고서(일반) | 2026-08-14: 반기보고서 (2026.06) | 2026-08-12: 지급수단별ㆍ지급기간별지급금액및분쟁조정기구에관한사항 | 2026-08-12: [기재정정]특수관계인과의수익증권거래,6
삼진엘앤디,054090,0,OK,,,,2026-09-01: 임원ㆍ주요주주특정증권등소유상황보고서 | 2026-08-13: [첨부추가]반기보고서 (2026.06) | 2026-08-31: [기재정정]반기보고서 (2026.06) | 2026-08-20: 임원ㆍ주요주주특정증권등소유상황보고서 | 2026-08-19: 임원ㆍ주요주주특정증권등소유상황보고서,9
DN오토모티브,007340,0,OK,,,,2026-08-28: 대규모기업집단현황공시[분기별공시(대표회사용)] | 2026-08-14: [첨부추가]반기보고서 (2026.06) | 2026-08-14: [기재정정]기업설명회(IR)개최(안내공시)               | 2026-08-14: 주식등의대량보유상황보고서(일반) | 2026-08-13: 지급수단별ㆍ지급기간별지급금액및분쟁조정기구에관한사항,7
도이치모터스,067990,0,OK,,,,2026-08-28: [기재정정]타인에대한채무보증결정               | 2026-08-24: 주식등의대량보유상황보고서(일반) | 2026-08-14: 반기보고서 (2026.06) | 2026-08-10: 주식등의대량보유상황보고서(일반),4
세니젠,188260,0,OK,,,,2026-08-27: 기업설명회(IR)개최               | 2026-08-21: 주식등의대량보유상황보고서(일반) | 2026-08-20: 기타경영사항(자율공시)              ([국책과제 선정]2026년 K-HERO 육성·지원사업(글로벌 선도를 위한 AI기반 항생제 내성균 타켓 엔도라이신 패혈증 치료제 개발)) | 2026-08-13: 반기보고서 (2026.06),4
현대차증권,001500,0,OK,,,,2026-09-01: 증권발행실적보고서 | 2026-09-01: 임원ㆍ주요주주특정증권등소유상황보고서 | 2026-09-01: 증권발행실적보고서 | 2026-08-31: 증권발행실적보고서 | 2026-08-31: 증권발행실적보고서,62
LG이노텍,011070,0,OK,,,,2026-08-28: 대규모기업집단현황공시[분기별공시(개별회사용)] | 2026-08-14: 반기보고서 (2026.06) | 2026-08-13: 지급수단별ㆍ지급기간별지급금액및분쟁조정기구에관한사항 | 2026-08-06: 중대재해발생              ,4
콘텐트리중앙,036420,0,OK,,,,"2026-08-28: 대규모기업집단현황공시[분기별공시(개별회사용)] | 2026-08-26: 풍문또는보도에대한해명(미확정)               | 2026-08-14: 반기보고서 (2026.06) | 2026-08-14: 반기검토의견부적정,의견거절또는완전자본잠식사실발생               | 2026-08-13: 지급수단별ㆍ지급기간별지급금액및분쟁조정기구에관한사항",5
베뉴지,019010,0,OK,,,,2026-08-28: 신규시설투자등               | 2026-08-18: 주식등의대량보유상황보고서(약식) | 2026-08-14: 반기보고서 (2026.06) | 2026-08-05: 임원ㆍ주요주주특정증권등거래계획보고서 | 2026-08-03: 주식등의대량보유상황보고서(일반),5
영풍,000670,0,OK,,,,2026-08-31: 대규모기업집단현황공시[분기별공시(대표회사용)] | 2026-08-21: 특수관계인에대한채권매도 | 2026-08-14: 반기보고서 (2026.06) | 2026-08-14: 지급수단별ㆍ지급기간별지급금액및분쟁조정기구에관한사항 | 2026-08-05: [기재정정]회계처리기준위반에따른임원의해임권고조치              ,5
이건홀딩스,039020,0,OK,,,,2026-08-24: 투자판단관련주요경영사항(자회사의 주요경영사항)               | 2026-08-24: 주요사항보고서(자기주식취득신탁계약체결결정)(자회사의 주요경영사항)               | 2026-08-14: 반기보고서 (2026.06),3
카이노스메드,284620,0,OK,,,,2026-08-14: 기타시장안내              (투자주의 환기종목 지정 사유 추가 관련 시장조치 미진행 및 상장적격성 실질심사 사유 추가 관련 절차 미진행) | 2026-08-14: 반기검토(감사)의견부적정등사실확인(자본잠식률100분의50이상또는자기자본10억원미만포함)               | 2026-08-14: 반기보고서 (2026.06),3
특수건설,026150,0,OK,,,,2026-08-31: 전환사채(해외전환사채포함)발행후만기전사채취득               | 2026-08-25: [기재정정]기타경영사항(자율공시)              (제5회 무기명식 이권부 무보증 사모 전환사채 소각 결정의 건) | 2026-08-21: 기타경영사항(자율공시)              (제5회 무기명식 이권부 무보증 사모 전환사채 소각 결정의 건) | 2026-08-14: 반기보고서 (2026.06),4
신영증권,001720,0,OK,,,,2026-08-28: 증권발행실적보고서 | 2026-08-28: 증권발행실적보고서 | 2026-08-28: 증권발행실적보고서 | 2026-08-28: 증권발행실적보고서 | 2026-08-28: 증권발행실적보고서,55
오비고,352910,0,OK,,,,2026-08-31: 주식등의대량보유상황보고서(약식) | 2026-08-28: 임원ㆍ주요주주특정증권등소유상황보고서 | 2026-08-28: 주식등의대량보유상황보고서(일반) | 2026-08-14: 반기보고서 (2026.06),4
지에스엔텍,037640,0,OK,,,,2026-08-28: 대규모기업집단현황공시[분기별공시(개별회사용)] | 2026-08-13: 반기보고서 (2026.06) | 2026-08-12: 지급수단별ㆍ지급기간별지급금액및분쟁조정기구에관한사항,3
세종텔레콤,036630,0,OK,,,,2026-08-31: 주식등의대량보유상황보고서(일반) | 2026-08-31: 임원ㆍ주요주주특정증권등소유상황보고서 | 2026-08-14: 반기보고서 (2026.06),3
율촌,146060,0,OK,,,,2026-08-14: 반기보고서 (2026.06) | 2026-08-13: 신탁계약해지결과보고서 | 2026-08-13: 주요사항보고서(자기주식취득신탁계약해지결정) | 2026-08-13: 신탁계약에의한취득상황보고서,4
시지메드텍,056090,0,OK,,,,2026-08-14: 반기보고서 (2026.06) | 2026-08-11: 임시주주총회결과               | 2026-08-04: 임원ㆍ주요주주특정증권등거래계획보고서,3
LX세미콘,108320,0,OK,,,,2026-08-28: 대규모기업집단현황공시[분기별공시(개별회사용)] | 2026-08-14: 반기보고서 (2026.06) | 2026-08-14: 지급수단별ㆍ지급기간별지급금액및분쟁조정기구에관한사항,3
대현,016090,0,OK,,,,2026-08-31: 최대주주등소유주식변동신고서               | 2026-08-31: 임원ㆍ주요주주특정증권등소유상황보고서 | 2026-08-31: 임원ㆍ주요주주특정증권등소유상황보고서 | 2026-08-31: 주식등의대량보유상황보고서(일반) | 2026-08-14: 반기보고서 (2026.06),5
대성창투,027830,0,OK,,,,2026-08-28: 주주총회소집결의              (임시주주총회) | 2026-08-28: 주식병합결정               | 2026-08-28: 주주명부폐쇄기간또는기준일설정               | 2026-08-14: 반기보고서 (2026.06) | 2026-08-03: 주식등의대량보유상황보고서(일반),7
신한서부티엔디리츠,404990,0,OK,,,,2026-09-01: [기재정정]타법인주식및출자증권취득결정               | 2026-08-31: 감사보고서제출               | 2026-08-31: 사업보고서 (2026.06) | 2026-08-27: [기재정정]부동산투자회사부동산임대               | 2026-08-27: 임원ㆍ주요주주특정증권등소유상황보고서,14
유아이디,069330,0,OK,,,,2026-08-27: 주주총회소집공고 | 2026-08-26: 주식등의대량보유상황보고서(일반) | 2026-08-14: 반기보고서 (2026.06) | 2026-08-03: 주주명부폐쇄기간또는기준일설정              ,4
에어레인,163280,0,OK,,,,2026-08-31: 주주총회소집공고 | 2026-08-13: 반기보고서 (2026.06) | 2026-08-07: 주식등의대량보유상황보고서(일반) | 2026-08-07: 임원ㆍ주요주주특정증권등소유상황보고서 | 2026-08-03: 주식등의대량보유상황보고서(일반),6
파라택시스이더리움,290560,0,OK,,,,2026-08-14: 반기보고서 (2026.06) | 2026-08-13: 주식병합결정               | 2026-08-13: 주주명부폐쇄기간또는기준일설정               | 2026-08-13: 주주총회소집결의              (임시주주총회) | 2026-08-05: 독립이사의선임ㆍ해임또는중도퇴임에관한신고,6
NH프라임리츠,338100,0,OK,,,,2026-08-27: 기타경영사항(자율공시)               | 2026-08-20: 정기주주총회결과               | 2026-08-19: 정기주주총회결과               | 2026-08-14: 부동산투자회사증권취득               | 2026-08-12: [기재정정]사업보고서 (2026.05),12
한일시멘트,300720,0,OK,,,,2026-08-31: 주식등의대량보유상황보고서(일반) | 2026-08-14: 기업설명회(IR)개최(안내공시)               | 2026-08-14: 반기보고서 (2026.06) | 2026-08-07: [기재정정]유형자산처분결정              ,4
고영,098460,0,OK,,,,2026-08-21: 기업설명회(IR)개최               | 2026-08-18: 자기주식처분결과보고서 | 2026-08-14: 반기보고서 (2026.06) | 2026-08-14: 주식등의대량보유상황보고서(약식) | 2026-08-06: 신규시설투자등(자율공시)              ,6
지아이이노베이션,358570,0,OK,,,,2026-08-21: 투자판단관련주요경영사항(임상시험계획변경승인신청)              (GI102 제1/2상 임상시험계획 호주 인체연구윤리위원회 (HREC) 변경승인 신청) | 2026-08-20: 주식등의대량보유상황보고서(약식) | 2026-08-14: 반기보고서 (2026.06) | 2026-08-10: 임원ㆍ주요주주특정증권등소유상황보고서 | 2026-08-10: 임원ㆍ주요주주특정증권등소유상황보고서,10
삼양홀딩스,000070,0,OK,,,,2026-08-31: [기재정정]벌금등의부과(자회사의 주요경영사항)               | 2026-08-31: 대규모기업집단현황공시[분기별공시(대표회사용)] | 2026-08-28: 주식등의대량보유상황보고서(일반) | 2026-08-14: 반기보고서 (2026.06) | 2026-08-14: 지급수단별ㆍ지급기간별지급금액및분쟁조정기구에관한사항,5
메리츠제1호스팩,0088D0,0,OK,,,,2026-08-14: [기재정정]반기보고서 (2026.06) | 2026-08-14: [기재정정]반기보고서 (2026.06) | 2026-08-14: 반기보고서 (2026.06),3
뉴로핏,380550,0,OK,,,,2026-08-14: 반기보고서 (2026.06) | 2026-08-04: [기재정정]주식매수선택권부여에관한신고 | 2026-08-04: 주식매수선택권부여에관한신고,3
라피치,403360,0,OK,,,,2026-08-31: 주식등의대량보유상황보고서(약식) | 2026-08-14: 반기보고서 (2026.06) | 2026-08-13: 주식등의대량보유상황보고서(약식),3
피플바이오,304840,0,OK,,,,2026-08-25: [기재정정]타인에대한담보제공결정               | 2026-08-25: [기재정정]타인에대한담보제공결정               | 2026-08-24: [기재정정]주식병합결정               | 2026-08-18: [첨부정정]주요사항보고서(유형자산양수결정) | 2026-08-14: 합병등종료보고서(자산양수도),10
플래스크,041590,0,OK,,,,2026-08-27: [기재정정]주주총회소집결의              (임시주주총회) | 2026-08-14: 반기보고서 (2026.06) | 2026-08-06: [기재정정]주주총회소집결의              (임시주주총회),3
아비코전자,036010,0,OK,,,,2026-08-25: 금전대여결정(자율공시)               | 2026-08-14: 반기보고서 (2026.06) | 2026-08-06: [기재정정]주식등의대량보유상황보고서(일반) | 2026-08-05: 임원ㆍ주요주주특정증권등소유상황보고서 | 2026-08-05: 임원ㆍ주요주주특정증권등소유상황보고서,6
포스코DX,022100,0,OK,,,,2026-08-28: 대규모기업집단현황공시[분기별공시(개별회사용)] | 2026-08-14: 반기보고서 (2026.06) | 2026-08-14: 주식등의대량보유상황보고서(일반) | 2026-08-07: 임원ㆍ주요주주특정증권등거래계획보고서 | 2026-08-06: 임원ㆍ주요주주특정증권등소유상황보고서,5
SM Life Design,063440,0,OK,,,,2026-08-27: 대규모기업집단현황공시[분기별공시(개별회사용)] | 2026-08-14: [기재정정]반기보고서 (2026.06) | 2026-08-13: 지급수단별ㆍ지급기간별지급금액및분쟁조정기구에관한사항 | 2026-08-04: 반기보고서 (2026.06),4
엠에프씨,432980,0,OK,,,,2026-08-14: 반기보고서 (2026.06) | 2026-08-06: 자기주식취득결과보고서 | 2026-08-05: 임원ㆍ주요주주특정증권등소유상황보고서,3
한국주철관공업,000970,0,OK,,,,2026-08-14: 반기보고서 (2026.06) | 2026-08-14: [기재정정]사업보고서 (2025.12) | 2026-08-06: 중대재해발생              ,3
에너토크,019990,0,OK,,,,2026-08-24: [기재정정]주식매수선택권부여에관한신고 | 2026-08-20: 임원ㆍ주요주주특정증권등소유상황보고서 | 2026-08-14: 반기보고서 (2026.06) | 2026-08-14: 기업설명회(IR)개최              ,4
유안타증권,003470,0,OK,,,,2026-09-01: 임원ㆍ주요주주특정증권등소유상황보고서 | 2026-09-01: 최대주주등소유주식변동신고서               | 2026-09-01: 투자설명서(일괄신고) | 2026-09-01: 일괄신고추가서류(파생결합사채-주가연계파생결합사채) | 2026-08-31: 최대주주등소유주식변동신고서              ,55
효성,004800,0,OK,,,,2026-08-31: [기재정정]대규모기업집단현황공시[분기별공시(대표회사용)] | 2026-08-27: 대규모기업집단현황공시[분기별공시(대표회사용)] | 2026-08-19: [기재정정]반기보고서 (2026.06) | 2026-08-14: 지급수단별ㆍ지급기간별지급금액및분쟁조정기구에관한사항 | 2026-08-13: 반기보고서 (2026.06),7
OCI,456040,0,OK,,,,2026-08-28: 대규모기업집단현황공시[분기별공시(개별회사용)] | 2026-08-13: 지급수단별ㆍ지급기간별지급금액및분쟁조정기구에관한사항 | 2026-08-13: 반기보고서 (2026.06) | 2026-08-11: 신탁계약해지결과보고서 | 2026-08-10: 주요사항보고서(자기주식취득신탁계약해지결정),5
한미사이언스,008930,0,OK,,,,2026-09-01: 최대주주등소유주식변동신고서               | 2026-09-01: 임원ㆍ주요주주특정증권등소유상황보고서 | 2026-09-01: 주식등의대량보유상황보고서(일반) | 2026-08-26: [기재정정]투자판단관련주요경영사항(자회사의 주요경영사항)              (급성골수성백혈병(AML) 치료 항암신약 HM43239 기술이전 계약 체결) | 2026-08-24: 투자판단관련주요경영사항(자회사의 주요경영사항)              ,32
넥슨게임즈,225570,0,OK,,,,2026-08-31: 대규모기업집단현황공시[분기별공시(개별회사용)] | 2026-08-13: 반기보고서 (2026.06) | 2026-08-13: 지급수단별ㆍ지급기간별지급금액및분쟁조정기구에관한사항,3
엑시콘,092870,0,OK,,,,2026-08-14: 반기보고서 (2026.06) | 2026-08-04: 임원ㆍ주요주주특정증권등소유상황보고서 | 2026-08-04: 주식등의대량보유상황보고서(일반),3
ISC,095340,0,OK,,,,2026-08-27: 대규모기업집단현황공시[분기별공시(개별회사용)] | 2026-08-18: 기업설명회(IR)개최               | 2026-08-18: 기업설명회(IR)개최               | 2026-08-14: 지급수단별ㆍ지급기간별지급금액및분쟁조정기구에관한사항 | 2026-08-14: 반기보고서 (2026.06),6
이엠텍,091120,0,OK,,,,2026-08-26: 주식등의대량보유상황보고서(일반) | 2026-08-26: 임원ㆍ주요주주특정증권등소유상황보고서 | 2026-08-19: 임원ㆍ주요주주특정증권등소유상황보고서 | 2026-08-14: 반기보고서 (2026.06),4
엘디티,096870,0,OK,,,,2026-09-01: 기업설명회(IR)개최               | 2026-08-14: 반기보고서 (2026.06) | 2026-08-12: 소송등의제기ㆍ신청(경영권분쟁소송)              (주주명부열람등사가처분),3
OCI홀딩스,010060,0,OK,,,,2026-08-28: 대규모기업집단현황공시[분기별공시(대표회사용)] | 2026-08-13: 반기보고서 (2026.06) | 2026-08-11: 신탁계약해지결과보고서 | 2026-08-10: 주요사항보고서(자기주식취득신탁계약해지결정)(자회사의 주요경영사항)               | 2026-08-10: 주요사항보고서(자기주식취득신탁계약해지결정),5
코오롱생명과학,102940,0,OK,,,,2026-08-31: [기재정정]반기보고서 (2026.06) | 2026-08-31: 대규모기업집단현황공시[분기별공시(개별회사용)] | 2026-08-14: 반기보고서 (2026.06) | 2026-08-13: 지급수단별ㆍ지급기간별지급금액및분쟁조정기구에관한사항,4
아티스트스튜디오,200350,0,OK,,,,2026-09-01: 임원ㆍ주요주주특정증권등소유상황보고서 | 2026-09-01: 주식등의대량보유상황보고서(일반) | 2026-08-26: 임원ㆍ주요주주특정증권등거래계획보고서 | 2026-08-26: 임원ㆍ주요주주특정증권등거래계획철회보고서 | 2026-08-26: 주식등의대량보유상황보고서(일반),10
중앙첨단소재,051980,0,OK,,,,2026-08-14: 반기보고서 (2026.06) | 2026-08-12: 임시주주총회결과               | 2026-08-04: [기재정정]의결권대리행사권유참고서류,3
디바이스,187870,0,OK,,,,2026-08-14: 반기보고서 (2026.06) | 2026-08-05: 임원ㆍ주요주주특정증권등소유상황보고서 | 2026-08-05: 임원ㆍ주요주주특정증권등소유상황보고서 | 2026-08-05: 임원ㆍ주요주주특정증권등소유상황보고서 | 2026-08-05: 임원ㆍ주요주주특정증권등소유상황보고서,12
아모레퍼시픽홀딩스,002790,0,OK,,,,2026-08-28: 대규모기업집단현황공시[분기별공시(대표회사용)] | 2026-08-14: 반기보고서 (2026.06) | 2026-08-03: 자기주식처분결과보고서,3
푸른저축은행,007330,0,OK,,,,2026-09-01: 임원ㆍ주요주주특정증권등소유상황보고서 | 2026-08-28: 대규모기업집단현황공시[분기별공시(개별회사용)] | 2026-08-20: 임원ㆍ주요주주특정증권등소유상황보고서 | 2026-08-14: 반기보고서 (2026.06),4
신한은행,000010,0,OK,,,,2026-08-31: 증권발행실적보고서 | 2026-08-28: 투자설명서(일괄신고) | 2026-08-28: 일괄신고추가서류 | 2026-08-27: 증권발행실적보고서 | 2026-08-26: 투자설명서(일괄신고),42
케이피티유,054410,0,OK,,,,2026-08-14: 반기보고서 (2026.06) | 2026-08-07: 임원ㆍ주요주주특정증권등소유상황보고서 | 2026-08-07: 주식등의대량보유상황보고서(일반) | 2026-08-06: 공개매수결과보고서,4
EDGC,245620,0,OK,,,,2026-08-28: 대표이사변경               | 2026-08-26: 회생절차종결신청               | 2026-08-26: [기재정정]회생계획인가               | 2026-08-14: 기타시장안내              (투자주의 환기종목 지정 사유 일부 해제 관련 시장조치 미진행) | 2026-08-14: 반기보고서 (2026.06),5
유틸렉스,263050,0,OK,,,,2026-08-31: [기재정정]대표이사변경               | 2026-08-28: 독립이사의선임ㆍ해임또는중도퇴임에관한신고 | 2026-08-28: 임시주주총회결과               | 2026-08-28: 대표이사변경               | 2026-08-19: 소송등의판결ㆍ결정              ,10
동양생명보험,082640,0,OK,,,,2026-08-31: [기재정정]반기보고서 (2026.06) | 2026-08-18: 임원ㆍ주요주주특정증권등소유상황보고서 | 2026-08-18: 주식등의대량보유상황보고서(일반) | 2026-08-14: 반기보고서 (2026.06) | 2026-08-14: 임원ㆍ주요주주특정증권등소유상황보고서,11
동방메디컬,240550,0,OK,,,,2026-08-28: 대표이사변경               | 2026-08-28: 임시주주총회결과               | 2026-08-14: [기재정정]분기보고서 (2026.03) | 2026-08-14: 반기보고서 (2026.06) | 2026-08-11: 주주총회소집공고,5
아톤,158430,0,OK,,,,2026-08-28: [기재정정]주식매수선택권부여에관한신고 | 2026-08-28: 본점소재지변경               | 2026-08-14: 반기보고서 (2026.06),3
주연테크,044380,0,OK,,,,2026-08-28: 대표이사(대표집행임원)변경(안내공시)               | 2026-08-28: 최대주주등소유주식변동신고서               | 2026-08-28: 투자유의안내               | 2026-08-28: 임원ㆍ주요주주특정증권등소유상황보고서 | 2026-08-28: 주식등의대량보유상황보고서(일반),6
GMI벤처,019570,0,OK,,,,2026-09-01: [기재정정]전환가액의조정               | 2026-08-31: 전환가액의조정               | 2026-08-14: 주식등의대량보유상황보고서(약식) | 2026-08-14: 반기보고서 (2026.06) | 2026-08-14: 주식등의대량보유상황보고서(일반),5
풍산,103140,0,OK,,,,2026-08-14: 반기보고서 (2026.06) | 2026-08-12: 임원ㆍ주요주주특정증권등소유상황보고서 | 2026-08-12: 최대주주등소유주식변동신고서              ,3
유니테크노,241690,0,OK,,,,2026-08-14: 현금ㆍ현물배당결정              (중간배당) | 2026-08-14: 반기보고서 (2026.06) | 2026-08-03: 주식등의대량보유상황보고서(일반),3
BYC,001460,0,OK,,,,2026-08-21: 최대주주등소유주식변동신고서               | 2026-08-14: 반기보고서 (2026.06) | 2026-08-05: 주요사항보고서(자기주식취득신탁계약체결결정),3
두산건설,011160,0,OK,,,,2026-08-28: 대규모기업집단현황공시[분기별공시(개별회사용)] | 2026-08-14: 반기보고서 (2026.06) | 2026-08-14: 지급수단별ㆍ지급기간별지급금액및분쟁조정기구에관한사항,3
영화금속,012280,0,OK,,,,2026-08-19: 주식등의대량보유상황보고서(일반) | 2026-08-19: 최대주주등소유주식변동신고서               | 2026-08-19: 임원ㆍ주요주주특정증권등소유상황보고서 | 2026-08-19: 임원ㆍ주요주주특정증권등소유상황보고서 | 2026-08-14: 반기보고서 (2026.06),8
리튬포어스,073570,0,OK,,,,2026-08-14: 반기보고서 (2026.06) | 2026-08-05: 주주명부폐쇄기간또는기준일설정               | 2026-08-05: 주주총회소집결의              (임시주주총회),3
에이팩트,200470,0,OK,,,,2026-08-26: 독립이사의선임ㆍ해임또는중도퇴임에관한신고 | 2026-08-25: 임시주주총회결과               | 2026-08-18: 영업실적등에대한전망(공정공시)               | 2026-08-14: 반기보고서 (2026.06) | 2026-08-12: [기재정정]전환청구권행사              ,8
에스디생명공학,217480,0,OK,,,,2026-08-27: 주주총회소집결의              (임시주주총회) | 2026-08-27: 주식병합결정               | 2026-08-27: 주주명부폐쇄기간또는기준일설정               | 2026-08-12: 기타시장안내              (개선기간 종료에 따른 상장폐지 여부 결정 안내) | 2026-08-07: 반기보고서 (2026.06),5
KNN,058400,0,OK,,,,2026-08-10: 반기보고서 (2026.06) | 2026-08-07: 임원ㆍ주요주주특정증권등소유상황보고서 | 2026-08-07: 임원ㆍ주요주주특정증권등소유상황보고서 | 2026-08-07: 임원ㆍ주요주주특정증권등소유상황보고서 | 2026-08-07: 임원ㆍ주요주주특정증권등소유상황보고서,5
THE E&M,089230,0,OK,,,,2026-08-31: 주주명부폐쇄기간또는기준일설정               | 2026-08-31: 주주총회소집결의              (임시주주총회) | 2026-08-18: [기재정정]주요사항보고서(자기전환사채매도결정) | 2026-08-14: 반기보고서 (2026.06),4
엔젠바이오,354200,0,OK,,,,2026-08-20: [기재정정]투자설명서 | 2026-08-20: [기재정정]증권신고서(지분증권) | 2026-08-14: 주식등의대량보유상황보고서(일반) | 2026-08-14: 임원ㆍ주요주주특정증권등소유상황보고서 | 2026-08-14: 파생상품거래손실발생              ,7
인선이엔티,060150,0,OK,,,,2026-08-26: 대규모기업집단현황공시[분기별공시(개별회사용)] | 2026-08-21: 주식등의대량보유상황보고서(일반) | 2026-08-12: 반기보고서 (2026.06) | 2026-08-12: 지급수단별ㆍ지급기간별지급금액및분쟁조정기구에관한사항 | 2026-08-05: 본점소재지변경              ,5
소노스퀘어,007720,0,OK,,,,2026-08-28: 대규모기업집단현황공시[분기별공시(개별회사용)] | 2026-08-13: 반기보고서 (2026.06) | 2026-08-13: 지급수단별ㆍ지급기간별지급금액및분쟁조정기구에관한사항,3
현대위아,011210,0,OK,,,,2026-08-28: 대규모기업집단현황공시[분기별공시(개별회사용)] | 2026-08-14: 반기보고서 (2026.06) | 2026-08-14: 풍문또는보도에대한해명(미확정)               | 2026-08-14: 지급수단별ㆍ지급기간별지급금액및분쟁조정기구에관한사항,4
동화약품,000020,0,OK,,,,2026-08-14: [기재정정]반기보고서 (2026.06) | 2026-08-14: 반기보고서 (2026.06) | 2026-08-11: 주식등의대량보유상황보고서(일반),3
마이크로디지탈,305090,0,OK,,,,2026-09-01: 반기보고서 (2026.06) | 2026-08-31: 반기검토(감사)의견부적정등사실확인(자본잠식률100분의50이상또는자기자본10억원미만포함)               | 2026-08-20: 전환사채(해외전환사채포함)발행후만기전사채취득              (제2회차),3
대신밸류리츠,0030R0,0,OK,,,,2026-08-18: 임원ㆍ주요주주특정증권등소유상황보고서 | 2026-08-14: 주주명부폐쇄기간또는기준일설정               | 2026-08-13: 정기주주총회결과               | 2026-08-10: 임원ㆍ주요주주특정증권등소유상황보고서 | 2026-08-05: 사업보고서 (2026.05),6
오픈엣지테크놀로지,394280,0,OK,,,,2026-08-28: 주식등의대량보유상황보고서(일반) | 2026-08-14: 주식매수선택권부여에관한신고 | 2026-08-14: 반기보고서 (2026.06) | 2026-08-14: 해산사유발생(종속회사의주요경영사항)               | 2026-08-05: 주식등의대량보유상황보고서(일반),7
티엘아이,062860,0,OK,,,,2026-08-28: 대규모기업집단현황공시[분기별공시(개별회사용)] | 2026-08-14: 반기보고서 (2026.06) | 2026-08-14: 지급수단별ㆍ지급기간별지급금액및분쟁조정기구에관한사항,3
이건산업,008250,0,OK,,,,2026-08-24: 투자판단관련주요경영사항               | 2026-08-24: 주요사항보고서(자기주식취득신탁계약체결결정) | 2026-08-14: 반기보고서 (2026.06),3
HRS,036640,0,OK,,,,2026-08-13: 반기보고서 (2026.06) | 2026-08-10: [기재정정]타인에대한담보제공결정               | 2026-08-10: 합병등종료보고서(자산양수도) | 2026-08-10: 주요사항보고서(유형자산양도결정) | 2026-08-10: [기재정정]주요사항보고서(유형자산양수결정),5
동원시스템즈,014820,0,OK,,,,2026-08-28: 대규모기업집단현황공시[분기별공시(개별회사용)] | 2026-08-13: 반기보고서 (2026.06) | 2026-08-12: 지급수단별ㆍ지급기간별지급금액및분쟁조정기구에관한사항 | 2026-08-12: 현금ㆍ현물배당을위한주주명부폐쇄(기준일)결정               | 2026-08-12: 현금ㆍ현물배당결정              ,5
우양,103840,0,OK,,,,2026-08-31: 전환사채(해외전환사채포함)발행후만기전사채취득               | 2026-08-14: 반기보고서 (2026.06) | 2026-08-04: 주식등의대량보유상황보고서(약식),3
삼성출판사,068290,0,OK,,,,2026-08-14: [기재정정]반기보고서 (2026.06) | 2026-08-14: 반기보고서 (2026.06) | 2026-08-11: 임원ㆍ주요주주특정증권등거래계획보고서 | 2026-08-11: 임원ㆍ주요주주특정증권등거래계획보고서,4
영우디에스피,143540,0,OK,,,,2026-08-21: 주식등의대량보유상황보고서(일반) | 2026-08-21: 임원ㆍ주요주주특정증권등소유상황보고서 | 2026-08-21: 임원ㆍ주요주주특정증권등소유상황보고서 | 2026-08-14: 주식등의대량보유상황보고서(일반) | 2026-08-14: 임원ㆍ주요주주특정증권등소유상황보고서,11
TJ미디어,032540,0,OK,,,,2026-08-21: 주식등의대량보유상황보고서(일반) | 2026-08-14: 반기보고서 (2026.06) | 2026-08-14: 주주총회소집결의              (임시주주총회) | 2026-08-14: 주주명부폐쇄기간또는기준일설정               | 2026-08-13: 주식등의대량보유상황보고서(일반),5
사조대림,003960,0,OK,,,,2026-08-28: 대규모기업집단현황공시[분기별공시(개별회사용)] | 2026-08-25: 최대주주등소유주식변동신고서               | 2026-08-25: 주식등의대량보유상황보고서(일반) | 2026-08-14: 반기보고서 (2026.06) | 2026-08-14: 지급수단별ㆍ지급기간별지급금액및분쟁조정기구에관한사항,5
한일철강,002220,0,OK,,,,2026-08-14: [첨부추가]반기보고서 (2026.06) | 2026-08-31: [기재정정]반기보고서 (2026.06) | 2026-08-06: [첨부정정]사업보고서 (2025.12) | 2026-08-06: [기재정정]사업보고서 (2025.12),4
아진산업,013310,0,OK,,,,2026-08-26: 주식등의대량보유상황보고서(일반) | 2026-08-14: 반기보고서 (2026.06) | 2026-08-10: 주식등의대량보유상황보고서(일반),3
루닛,328130,0,OK,,,,2026-08-31: 전환사채(해외전환사채포함)발행후만기전사채취득               | 2026-08-20: 주식매수선택권부여에관한신고 | 2026-08-11: 반기보고서 (2026.06) | 2026-08-06: [기재정정]주식매수선택권부여에관한신고 | 2026-08-06: [기재정정]주식매수선택권부여에관한신고,8
금호에이치티,214330,0,OK,,,,2026-08-28: 최대주주등소유주식변동신고서               | 2026-08-28: 임원ㆍ주요주주특정증권등소유상황보고서 | 2026-08-28: 주식등의대량보유상황보고서(일반) | 2026-08-21: 최대주주등소유주식변동신고서               | 2026-08-21: 임원ㆍ주요주주특정증권등소유상황보고서,7
하림지주,003380,0,OK,,,,2026-08-28: 주식등의대량보유상황보고서(일반) | 2026-08-27: 대규모기업집단현황공시[분기별공시(대표회사용)] | 2026-08-20: 주식등의대량보유상황보고서(일반) | 2026-08-13: 반기보고서 (2026.06) | 2026-08-04: 주식등의대량보유상황보고서(일반),5
디지틀조선,033130,0,OK,,,,2026-08-18: [기재정정]반기보고서 (2026.06) | 2026-08-13: 반기보고서 (2026.06) | 2026-08-04: 주식등의대량보유상황보고서(일반),3
현대엘리베이터,017800,0,OK,,,,2026-08-14: 반기보고서 (2026.06) | 2026-08-13: 현금ㆍ현물배당결정               | 2026-08-13: 현금ㆍ현물배당을위한주주명부폐쇄(기준일)결정               | 2026-08-06: 생산재개(자율공시)               | 2026-08-03: 생산중단              ,5
아리바이오LAB,261780,0,OK,,,,2026-08-14: 반기보고서 (2026.06) | 2026-08-07: 주식등의대량보유상황보고서(일반) | 2026-08-05: 임시주주총회결과              ,3
인크레더블버즈,064090,0,OK,,,,2026-08-14: 기타시장안내              (투자주의 환기종목 지정 사유 추가 관련 시장조치 미진행) | 2026-08-14: 반기보고서 (2026.06) | 2026-08-14: 반기검토(감사)의견부적정등사실확인(자본잠식률100분의50이상또는자기자본10억원미만포함)              ,3
삼성에피스홀딩스,0126Z0,0,OK,,,,2026-08-31: 대규모기업집단현황공시[분기별공시(개별회사용)] | 2026-08-14: 반기보고서 (2026.06) | 2026-08-14: 지급수단별ㆍ지급기간별지급금액및분쟁조정기구에관한사항 | 2026-08-10: 투자판단관련주요경영사항(자회사의 주요경영사항)              (SB27주(펨브롤리주맙 바이오시밀러) 한국 품목허가 신청) | 2026-08-04: 최대주주등소유주식변동신고서              ,7
디와이덕양,024900,0,OK,,,,2026-08-31: 주식등의대량보유상황보고서(일반) | 2026-08-31: 최대주주등소유주식변동신고서               | 2026-08-14: 반기보고서 (2026.06),3
청담글로벌,362320,0,OK,,,,2026-08-14: 반기보고서 (2026.06) | 2026-08-03: 주식등의대량보유상황보고서(일반) | 2026-08-03: 주식등의대량보유상황보고서(일반),3
아이엘,307180,0,OK,,,,2026-09-01: 주식매수선택권부여에관한신고 | 2026-08-25: 임원ㆍ주요주주특정증권등소유상황보고서 | 2026-08-19: 주식매수선택권부여에관한신고 | 2026-08-19: 임시주주총회결과               | 2026-08-19: 주식등의대량보유상황보고서(일반),8
일신석재,007110,0,OK,,,,2026-08-26: 임원ㆍ주요주주특정증권등소유상황보고서 | 2026-08-25: 임원ㆍ주요주주특정증권등소유상황보고서 | 2026-08-25: 임원ㆍ주요주주특정증권등소유상황보고서 | 2026-08-20: 임시주주총회결과               | 2026-08-12: 반기보고서 (2026.06),8
인성정보,033230,0,OK,,,,2026-08-26: 주식등의대량보유상황보고서(일반) | 2026-08-26: 임원ㆍ주요주주특정증권등소유상황보고서 | 2026-08-24: [기재정정]타인에대한채무보증결정               | 2026-08-14: 반기보고서 (2026.06) | 2026-08-13: [기재정정]주식매수선택권부여에관한신고,9
페스카로,0015S0,0,OK,,,,2026-08-18: [기재정정]반기보고서 (2026.06) | 2026-08-14: 반기보고서 (2026.06) | 2026-08-06: 임시주주총회결과              ,3
메디콕스,054180,0,OK,,,,2026-09-01: 기타시장안내              (개선계획 이행내역서 제출) | 2026-08-27: 주주총회소집결의              (임시주주총회) | 2026-08-26: 단기차입금증가결정               | 2026-08-19: 타인에대한채무보증결정               | 2026-08-19: 타인에대한담보제공결정              ,8
졸스,018700,0,OK,,,,2026-08-26: 주주총회소집공고 | 2026-08-26: 주주총회소집결의              (임시주주총회) | 2026-08-14: 반기보고서 (2026.06) | 2026-08-04: 임원ㆍ주요주주특정증권등소유상황보고서 | 2026-08-04: 주식등의대량보유상황보고서(일반),6
케이티스카이라이프,053210,0,OK,,,,2026-08-31: 대규모기업집단현황공시[분기별공시(개별회사용)] | 2026-08-14: 반기보고서 (2026.06) | 2026-08-14: 지급수단별ㆍ지급기간별지급금액및분쟁조정기구에관한사항,3
티케이케미칼,104480,0,OK,,,,2026-08-26: 대규모기업집단현황공시[분기별공시(개별회사용)] | 2026-08-13: 반기보고서 (2026.06) | 2026-08-13: 지급수단별ㆍ지급기간별지급금액및분쟁조정기구에관한사항 | 2026-08-11: 주식등의대량보유상황보고서(일반) | 2026-08-06: 주식등의대량보유상황보고서(일반),5
해치텍,0155E0,0,OK,,,,2026-09-01: 주식등의대량보유상황보고서(약식) | 2026-08-28: 반기보고서 (2026.06) | 2026-08-28: 임원ㆍ주요주주특정증권등소유상황보고서 | 2026-08-28: 임원ㆍ주요주주특정증권등소유상황보고서 | 2026-08-28: 주식등의대량보유상황보고서(일반),14
아크솔루션스,203690,0,OK,,,,2026-08-24: 반기보고서 (2026.06) | 2026-08-07: 반기보고서제출기한연장신고서 (2026.06) | 2026-08-04: 주주총회소집공고,3
신세계푸드,031440,0,OK,,,,2026-08-31: 대규모기업집단현황공시[분기별공시(개별회사용)] | 2026-08-14: 반기보고서 (2026.06) | 2026-08-14: 지급수단별ㆍ지급기간별지급금액및분쟁조정기구에관한사항,3
윌비스,008600,0,OK,,,,"2026-08-31: 대출원리금연체사실발생               | 2026-08-31: 사채원리금미지급발생               | 2026-08-31: 주요사항보고서(채권은행등의관리절차중단) | 2026-08-14: 반기보고서 (2026.06) | 2026-08-13: 반기검토의견부적정,의견거절또는완전자본잠식사실발생              ",8
코닉오토메이션,391710,0,OK,,,,2026-08-18: 파생상품거래손실발생               | 2026-08-14: 반기보고서 (2026.06) | 2026-08-05: 주식등의대량보유상황보고서(일반) | 2026-08-05: 임원ㆍ주요주주특정증권등소유상황보고서 | 2026-08-03: 임원ㆍ주요주주특정증권등소유상황보고서,6
아고스,175140,0,OK,,,,2026-09-01: 합병등종료보고서(합병) | 2026-08-31: 대표이사변경               | 2026-08-31: 독립이사의선임ㆍ해임또는중도퇴임에관한신고 | 2026-08-31: 임시주주총회결과              (제25기) | 2026-08-14: 의결권대리행사권유참고서류,8
SIMPAC,009160,0,OK,,,,2026-08-14: 반기보고서 (2026.06) | 2026-08-13: 투자판단관련주요경영사항               | 2026-08-11: 자기주식취득결과보고서,3
에스켐,475660,0,OK,,,,2026-08-14: 반기보고서 (2026.06) | 2026-08-07: 주주총회소집결의              (임시주주총회) | 2026-08-07: 주주명부폐쇄기간또는기준일설정              ,3
앱튼,270520,0,OK,,,,"2026-08-28: 주주총회소집공고 | 2026-08-28: [기재정정]주주총회소집결의              (임시주주총회) | 2026-08-28: 주식등의대량보유상황보고서(일반) | 2026-08-27: 전환청구권행사              (제6,7회차) | 2026-08-25: 투자판단관련주요경영사항              (독점적 라이선스 취득(기술도입 계약))",10
다올투자증권,030210,0,OK,,,,2026-09-01: 소송등의제기ㆍ신청(일정금액이상의청구)               | 2026-08-21: 소송등의판결ㆍ결정(일정금액이상의청구)               | 2026-08-13: 반기보고서 (2026.06),3
상상인증권,001290,0,OK,,,,2026-08-27: 임원ㆍ주요주주특정증권등소유상황보고서 | 2026-08-27: 임원ㆍ주요주주특정증권등소유상황보고서 | 2026-08-27: 주식등의대량보유상황보고서(일반) | 2026-08-27: 임원ㆍ주요주주특정증권등소유상황보고서 | 2026-08-25: 최대주주등소유주식변동신고서              ,10
원익큐브,014190,0,OK,,,,2026-08-28: 대규모기업집단현황공시[분기별공시(개별회사용)] | 2026-08-14: 반기보고서 (2026.06) | 2026-08-14: 지급수단별ㆍ지급기간별지급금액및분쟁조정기구에관한사항,3
LS네트웍스,000680,0,OK,,,,2026-08-27: 대규모기업집단현황공시[분기별공시(개별회사용)] | 2026-08-14: 반기보고서 (2026.06) | 2026-08-14: 소송등의제기ㆍ신청(일정금액이상의청구)               | 2026-08-14: 지급수단별ㆍ지급기간별지급금액및분쟁조정기구에관한사항,4
한세실업,105630,0,OK,,,,2026-08-26: 주식등의대량보유상황보고서(일반) | 2026-08-20: 주식등의대량보유상황보고서(일반) | 2026-08-14: 반기보고서 (2026.06),3
화승인더스트리,006060,0,OK,,,,2026-08-13: 반기보고서 (2026.06) | 2026-08-11: [기재정정]투자판단관련주요경영사항               | 2026-08-03: 임원ㆍ주요주주특정증권등소유상황보고서 | 2026-08-03: 임원ㆍ주요주주특정증권등소유상황보고서 | 2026-08-03: 주식등의대량보유상황보고서(일반),6
대동스틸,048470,0,OK,,,,2026-08-28: 주식등의대량보유상황보고서(일반) | 2026-08-28: 임원ㆍ주요주주특정증권등소유상황보고서 | 2026-08-28: 임원ㆍ주요주주특정증권등소유상황보고서 | 2026-08-28: 임원ㆍ주요주주특정증권등소유상황보고서 | 2026-08-14: 반기보고서 (2026.06),5
월덱스,101160,0,OK,,,,2026-08-25: 의결권대리행사권유참고서류 | 2026-08-25: 주주총회소집공고 | 2026-08-14: 반기보고서 (2026.06),3
오토앤,353590,0,OK,,,,2026-08-26: 임원ㆍ주요주주특정증권등소유상황보고서 | 2026-08-14: 반기보고서 (2026.06) | 2026-08-12: 임원ㆍ주요주주특정증권등소유상황보고서 | 2026-08-04: 임원ㆍ주요주주특정증권등소유상황보고서,4
케이뱅크,279570,0,OK,,,,2026-09-01: 기타안내사항(안내공시)               | 2026-08-31: 기업설명회(IR)개최(안내공시)               | 2026-08-28: 대규모기업집단현황공시[분기별공시(개별회사용)] | 2026-08-14: 반기보고서 (2026.06) | 2026-08-14: 지급수단별ㆍ지급기간별지급금액및분쟁조정기구에관한사항,5
아이스크림에듀,289010,0,OK,,,,"2026-08-13: 반기보고서 (2026.06) | 2026-08-05: 기타시장안내              (관리종목 지정사유 추가우려)(주가 1,000원 미달) | 2026-08-05: 주요사항보고서(자기전환사채만기전취득결정) | 2026-08-04: 주식등의대량보유상황보고서(약식)",4
모비릭스,348030,0,OK,,,,2026-08-14: 반기보고서 (2026.06) | 2026-08-13: [기재정정]주식매수선택권부여에관한신고 | 2026-08-13: [기재정정]주식매수선택권부여에관한신고,3
키움증권,039490,0,OK,,,,2026-08-31: 증권발행실적보고서 | 2026-08-31: 증권발행실적보고서 | 2026-08-31: 증권발행실적보고서 | 2026-08-31: 증권발행실적보고서 | 2026-08-28: 증권발행실적보고서,100
대진첨단소재,393970,0,OK,,,,2026-08-14: 기타시장안내              (투자주의 환기종목 지정 사유 추가 관련 시장조치 미진행) | 2026-08-14: 반기검토(감사)의견부적정등사실확인(자본잠식률100분의50이상또는자기자본10억원미만포함)               | 2026-08-14: 반기보고서 (2026.06) | 2026-08-14: 임시주주총회결과              ,4
태림포장,011280,0,OK,,,,2026-08-31: 대규모기업집단현황공시[분기별공시(개별회사용)] | 2026-08-14: 반기보고서 (2026.06) | 2026-08-13: [기재정정]지급수단별ㆍ지급기간별지급금액및분쟁조정기구에관한사항 | 2026-08-11: 지급수단별ㆍ지급기간별지급금액및분쟁조정기구에관한사항,4
소프트캠프,258790,0,OK,,,,2026-08-28: 타법인주식및출자증권취득결정(자율공시)               | 2026-08-28: 타법인주식및출자증권취득결정               | 2026-08-14: 반기보고서 (2026.06) | 2026-08-12: 주식등의대량보유상황보고서(일반) | 2026-08-12: 임원ㆍ주요주주특정증권등소유상황보고서,10
바이오포트,188040,0,OK,,,,2026-08-31: 주식등의대량보유상황보고서(일반) | 2026-08-31: 임원ㆍ주요주주특정증권등소유상황보고서 | 2026-08-24: 임원ㆍ주요주주특정증권등소유상황보고서 | 2026-08-24: 기업설명회(IR)개최               | 2026-08-14: 반기보고서 (2026.06),5
상상인,038540,0,OK,,,,2026-08-31: [기재정정]타법인주식및출자증권처분결정               | 2026-08-27: 주식등의대량보유상황보고서(일반) | 2026-08-14: 반기보고서 (2026.06),3
리노공업,058470,0,OK,,,,2026-08-21: 기업설명회(IR)개최               | 2026-08-14: 반기보고서 (2026.06) | 2026-08-03: 주식등의대량보유상황보고서(약식),3
한일단조,024740,0,OK,,,,2026-08-18: 주식등의대량보유상황보고서(일반) | 2026-08-14: 반기보고서 (2026.06) | 2026-08-14: [기재정정]분기보고서 (2026.03),3
이오테크닉스,039030,0,OK,,,,2026-09-01: 주식등의대량보유상황보고서(약식) | 2026-08-14: 반기보고서 (2026.06) | 2026-08-03: 주식등의대량보유상황보고서(약식),3
바이오톡스텍,086040,0,OK,,,,2026-09-01: 임원ㆍ주요주주특정증권등소유상황보고서 | 2026-09-01: 주식등의대량보유상황보고서(일반) | 2026-08-31: 임원ㆍ주요주주특정증권등소유상황보고서 | 2026-08-31: 주식등의대량보유상황보고서(일반) | 2026-08-26: 임원ㆍ주요주주특정증권등소유상황보고서,11
한세예스24홀딩스,016450,0,OK,,,,2026-08-26: 주식등의대량보유상황보고서(일반) | 2026-08-20: 주식등의대량보유상황보고서(일반) | 2026-08-14: 반기보고서 (2026.06),3
대륙제관,004780,0,OK,,,,2026-08-14: 반기보고서 (2026.06) | 2026-08-11: 신탁계약해지결과보고서 | 2026-08-11: 주요사항보고서(자기주식취득신탁계약해지결정) | 2026-08-11: 신탁계약에의한취득상황보고서,4
대주전자재료,078600,0,OK,,,,2026-08-14: 반기보고서 (2026.06) | 2026-08-11: 임원ㆍ주요주주특정증권등소유상황보고서 | 2026-08-07: 주식등의대량보유상황보고서(약식),3
교보증권,030610,0,OK,,,,2026-08-31: 증권발행실적보고서 | 2026-08-31: 증권발행실적보고서 | 2026-08-31: 증권발행실적보고서 | 2026-08-31: 증권발행실적보고서 | 2026-08-31: 대규모기업집단현황공시[분기별공시(개별회사용)],100
영흥,012160,0,OK,,,,2026-08-28: [기재정정]유형자산처분결정               | 2026-08-28: [기재정정]주요사항보고서(유형자산양도결정) | 2026-08-28: [기재정정]타인에대한담보제공결정               | 2026-08-28: [기재정정]타인에대한채무보증결정               | 2026-08-19: [기재정정]타인에대한채무보증결정              ,16
세아제강,306200,0,OK,,,,2026-08-28: 대규모기업집단현황공시[분기별공시(개별회사용)] | 2026-08-14: 반기보고서 (2026.06) | 2026-08-14: 동일인등출자계열회사와의상품ㆍ용역거래변경 | 2026-08-06: 최대주주등소유주식변동신고서               | 2026-08-06: 임원ㆍ주요주주특정증권등소유상황보고서,6
보로노이,310210,0,OK,,,,2026-08-31: 주식등의대량보유상황보고서(일반) | 2026-08-28: 주식등의대량보유상황보고서(일반) | 2026-08-21: 기업설명회(IR)개최               | 2026-08-18: [기재정정]투자판단관련주요경영사항(임상시험계획변경승인)              (VRN110755의 제 1/2상 임상시험) | 2026-08-14: 반기보고서 (2026.06),6
쿠콘,294570,0,OK,,,,2026-08-14: 반기보고서 (2026.06) | 2026-08-12: 기업설명회(IR)개최               | 2026-08-05: 주요사항보고서(자기주식취득신탁계약체결결정),3
아이티엠반도체,084850,0,OK,,,,2026-08-25: 주식등의대량보유상황보고서(일반) | 2026-08-14: 반기보고서 (2026.06) | 2026-08-11: [기재정정]타인에대한채무보증결정               | 2026-08-10: 임원ㆍ주요주주특정증권등소유상황보고서 | 2026-08-05: 타인에대한채무보증결정              ,5
삼영에스앤씨,361670,0,OK,,,,2026-08-26: 임원ㆍ주요주주특정증권등거래계획보고서 | 2026-08-25: 임원ㆍ주요주주특정증권등소유상황보고서 | 2026-08-14: 임원ㆍ주요주주특정증권등소유상황보고서 | 2026-08-14: 반기보고서 (2026.06) | 2026-08-10: 주식등의대량보유상황보고서(일반),10
유라클,088340,0,OK,,,,2026-08-20: 임원ㆍ주요주주특정증권등소유상황보고서 | 2026-08-20: 주식등의대량보유상황보고서(일반) | 2026-08-14: 반기보고서 (2026.06) | 2026-08-03: 주식등의대량보유상황보고서(일반) | 2026-08-03: 임원ㆍ주요주주특정증권등소유상황보고서,8
하이로닉,149980,0,OK,,,,2026-08-14: 반기보고서 (2026.06) | 2026-08-11: 주식매수선택권부여에관한신고 | 2026-08-04: 임원ㆍ주요주주특정증권등소유상황보고서,3
노랑풍선,104620,0,OK,,,,2026-08-31: 주식등의대량보유상황보고서(약식) | 2026-08-31: 전환가액의조정               | 2026-08-20: 임원ㆍ주요주주특정증권등소유상황보고서 | 2026-08-14: 반기보고서 (2026.06),4
솔루스첨단소재,336370,0,OK,,,,2026-08-24: 주식등의대량보유상황보고서(일반) | 2026-08-14: 반기보고서 (2026.06) | 2026-08-07: 타인에대한채무보증결정              ,3
부국증권,001270,0,OK,,,,2026-08-28: 임원ㆍ주요주주특정증권등소유상황보고서 | 2026-08-26: 주식등의대량보유상황보고서(일반) | 2026-08-21: 임원ㆍ주요주주특정증권등소유상황보고서 | 2026-08-21: 주식등의대량보유상황보고서(일반) | 2026-08-14: [첨부정정]반기보고서 (2026.06),9
대한화섬,003830,0,OK,,,,2026-08-27: 대규모기업집단현황공시[분기별공시(개별회사용)] | 2026-08-14: 반기보고서 (2026.06) | 2026-08-14: 동일인등출자계열회사와의상품ㆍ용역거래 | 2026-08-14: 동일인등출자계열회사와의상품ㆍ용역거래변경 | 2026-08-12: 지급수단별ㆍ지급기간별지급금액및분쟁조정기구에관한사항,5
노머스,473980,0,OK,,,,2026-08-14: 반기보고서 (2026.06) | 2026-08-10: 주식등의대량보유상황보고서(약식) | 2026-08-03: 신탁계약해지결과보고서 | 2026-08-03: 증권발행결과(자율공시)              (제3회차CB),4
이엔에프테크놀로지,102710,0,OK,,,,2026-08-13: 기업설명회(IR)개최               | 2026-08-13: 반기보고서 (2026.06) | 2026-08-07: 주식등의대량보유상황보고서(약식),3
해성에어로보틱스,059270,0,OK,,,,2026-08-19: 파산신청기각              (취하) | 2026-08-14: 반기보고서 (2026.06) | 2026-08-05: 임원ㆍ주요주주특정증권등소유상황보고서,3
삼원강재,023000,0,OK,,,,2026-08-28: 대규모기업집단현황공시[분기별공시(개별회사용)] | 2026-08-14: 반기보고서 (2026.06) | 2026-08-14: 지급수단별ㆍ지급기간별지급금액및분쟁조정기구에관한사항,3
LS증권,078020,0,OK,,,,2026-08-28: 대규모기업집단현황공시[분기별공시(개별회사용)] | 2026-08-24: 소송등의판결ㆍ결정(자율공시:일정금액미만의청구)               | 2026-08-14: 지급수단별ㆍ지급기간별지급금액및분쟁조정기구에관한사항 | 2026-08-13: 반기보고서 (2026.06),4
삼천리,004690,0,OK,,,,2026-08-27: 대규모기업집단현황공시[분기별공시(대표회사용)] | 2026-08-13: 반기보고서 (2026.06) | 2026-08-12: 지급수단별ㆍ지급기간별지급금액및분쟁조정기구에관한사항 | 2026-08-10: 특수관계인에대한출자,4
남화산업,111710,0,OK,,,,2026-08-14: 반기보고서 (2026.06) | 2026-08-03: 주식등의대량보유상황보고서(일반) | 2026-08-03: 임원ㆍ주요주주특정증권등소유상황보고서,3
KG스틸,016380,0,OK,,,,2026-08-31: 합병등종료보고서(자산양수도) | 2026-08-27: [기재정정]주요사항보고서(타법인주식및출자증권양수결정) | 2026-08-27: [기재정정]타법인주식및출자증권취득결정               | 2026-08-27: 대규모기업집단현황공시[분기별공시(개별회사용)] | 2026-08-14: 반기보고서 (2026.06),6
파크시스템스,140860,0,OK,,,,2026-09-01: 기업설명회(IR)개최               | 2026-08-18: 기업설명회(IR)개최               | 2026-08-14: 반기보고서 (2026.06) | 2026-08-07: 주식등의대량보유상황보고서(약식),4
이엔플러스,074610,0,OK,,,,2026-08-25: 소송등의판결ㆍ결정               | 2026-08-20: [기재정정]소송등의판결ㆍ결정(일정금액이상의청구)               | 2026-08-19: 소송등의판결ㆍ결정(일정금액이상의청구)               | 2026-08-18: 소송등의판결ㆍ결정               | 2026-08-14: 반기보고서 (2026.06),6
SK스퀘어,402340,0,OK,,주식소각결정(자회사의 주요경영사항)              (+5) | 주요사항보고서(자기주식취득결정)(자회사의 주요경영사항)              (+5),주요사항보고서(자기주식처분결정)(자회사의 주요경영사항)              (-10),2026-08-27: 대규모기업집단현황공시[분기별공시(개별회사용)] | 2026-08-19: 주식소각결정(자회사의 주요경영사항)               | 2026-08-19: 주요사항보고서(자기주식취득결정)(자회사의 주요경영사항)               | 2026-08-14: 파생상품거래손실발생(자회사의 주요경영사항)               | 2026-08-14: [기재정정]반기보고서 (2026.06),14
삼양컴텍,484590,0,OK,,,,2026-08-27: 중간(분기)배당을위한주주명부폐쇄(기준일)결정               | 2026-08-25: 기업설명회(IR)개최               | 2026-08-13: 반기보고서 (2026.06) | 2026-08-03: 임원ㆍ주요주주특정증권등소유상황보고서,4
세중,039310,0,OK,,,,2026-08-14: 반기보고서 (2026.06) | 2026-08-05: 주식등의대량보유상황보고서(일반) | 2026-08-05: 임원ㆍ주요주주특정증권등소유상황보고서 | 2026-08-05: 임원ㆍ주요주주특정증권등소유상황보고서,4
서울옥션,063170,0,OK,,,,2026-08-28: 임원ㆍ주요주주특정증권등소유상황보고서 | 2026-08-25: 주식등의대량보유상황보고서(일반) | 2026-08-21: 임원ㆍ주요주주특정증권등소유상황보고서 | 2026-08-13: 반기보고서 (2026.06) | 2026-08-13: 임원ㆍ주요주주특정증권등소유상황보고서,6
한켐,457370,0,OK,,,,2026-08-20: 조회공시요구(현저한시황변동)에대한답변(중요정보없음)               | 2026-08-19: 조회공시요구(현저한시황변동)               | 2026-08-14: 반기보고서 (2026.06),3
쿼드메디슨,464490,0,OK,,,,2026-08-31: [기재정정]임원ㆍ주요주주특정증권등소유상황보고서 | 2026-08-31: 임원ㆍ주요주주특정증권등소유상황보고서 | 2026-08-31: 임원ㆍ주요주주특정증권등소유상황보고서 | 2026-08-13: 반기보고서 (2026.06),4
트리니티항공,091810,0,OK,,,,2026-08-28: 대규모기업집단현황공시[분기별공시(개별회사용)] | 2026-08-13: 반기보고서 (2026.06) | 2026-08-11: 전환가액ㆍ신주인수권행사가액ㆍ교환가액의조정(안내공시)               | 2026-08-11: 전환가액ㆍ신주인수권행사가액ㆍ교환가액의조정(안내공시)               | 2026-08-10: 지급수단별ㆍ지급기간별지급금액및분쟁조정기구에관한사항,6
기가레인,049080,0,OK,,,,2026-09-01: 주주총회소집공고 | 2026-08-27: 의결권대리행사권유참고서류 | 2026-08-14: 반기보고서 (2026.06),3
한국특강,007280,0,OK,,,,2026-09-01: 최대주주등소유주식변동신고서               | 2026-09-01: 주식등의대량보유상황보고서(일반) | 2026-08-14: 반기보고서 (2026.06),3
핸즈코퍼레이션,143210,0,OK,,,,2026-08-24: 주주명부폐쇄기간또는기준일설정               | 2026-08-24: 주주총회소집결의               | 2026-08-14: 반기보고서 (2026.06) | 2026-08-03: 상장적격성실질심사관련주요개선계획(자율공시)               | 2026-08-03: 기타시장안내              (개선기간 부여 결정),5
페이퍼코리아,001020,0,OK,,,,2026-08-14: 반기보고서 (2026.06) | 2026-08-13: 주주총회소집결의               | 2026-08-13: 주주명부폐쇄기간또는기준일설정              ,3
밸로프,331520,0,OK,,,,2026-09-01: 임원ㆍ주요주주특정증권등소유상황보고서 | 2026-08-25: 임원ㆍ주요주주특정증권등소유상황보고서 | 2026-08-20: 임원ㆍ주요주주특정증권등소유상황보고서 | 2026-08-20: 임원ㆍ주요주주특정증권등소유상황보고서 | 2026-08-20: 임원ㆍ주요주주특정증권등소유상황보고서,9
원익,032940,0,OK,,,,2026-08-28: 대규모기업집단현황공시[분기별공시(개별회사용)] | 2026-08-14: 반기보고서 (2026.06) | 2026-08-14: 지급수단별ㆍ지급기간별지급금액및분쟁조정기구에관한사항,3
JB금융지주,175330,0,OK,,,,2026-08-14: [기재정정]일괄신고서 | 2026-08-14: 반기보고서 (2026.06) | 2026-08-13: 증권발행실적보고서 | 2026-08-12: 투자설명서(일괄신고) | 2026-08-12: 일괄신고추가서류,6
디에이피,066900,0,OK,,,,2026-08-31: 대규모기업집단현황공시[분기별공시(개별회사용)] | 2026-08-14: 반기보고서 (2026.06) | 2026-08-14: 지급수단별ㆍ지급기간별지급금액및분쟁조정기구에관한사항 | 2026-08-14: [기재정정]사업보고서 (2025.12),4
한주에이알티,058450,0,OK,,,,2026-08-27: 임원ㆍ주요주주특정증권등거래계획보고서 | 2026-08-19: 조회공시요구(현저한시황변동)에대한답변(중요정보없음)               | 2026-08-18: 조회공시요구(현저한시황변동)               | 2026-08-13: 임시주주총회결과               | 2026-08-10: 반기보고서 (2026.06),10
조이웍스앤코,309930,0,OK,,,,2026-08-14: 반기보고서 (2026.06) | 2026-08-10: 주식등의대량보유상황보고서(약식) | 2026-08-10: 주요사항보고서(자기전환사채만기전취득결정) | 2026-08-07: 임원ㆍ주요주주특정증권등소유상황보고서 | 2026-08-03: 주주명부폐쇄기간또는기준일설정              ,6
와이바이오로직스,338840,0,OK,,,,2026-08-14: 주주총회소집결의              (임시주주총회) | 2026-08-14: 주주명부폐쇄기간또는기준일설정               | 2026-08-14: 반기보고서 (2026.06) | 2026-08-14: 파생상품거래손실발생               | 2026-08-05: 주식등의대량보유상황보고서(일반),7
미원상사,002840,0,OK,,,,2026-09-01: 자기주식취득결과보고서 | 2026-08-25: 임원ㆍ주요주주특정증권등소유상황보고서 | 2026-08-14: 반기보고서 (2026.06) | 2026-08-06: 임원ㆍ주요주주특정증권등소유상황보고서,4
콜마바이오텍,215380,0,OK,,,,2026-08-31: 전환가액의조정               | 2026-08-28: 대규모기업집단현황공시[분기별공시(개별회사용)] | 2026-08-19: 기타경영사항(자율공시)              (소규모합병 승인 이사회 결의(주주총회 갈음) 결과 보고) | 2026-08-14: 소속부변경               | 2026-08-14: 반기보고서 (2026.06),6
인바이오,352940,0,OK,,,,2026-08-26: 임원ㆍ주요주주특정증권등소유상황보고서 | 2026-08-19: 불성실공시법인미지정              (지정유예) | 2026-08-18: 임원ㆍ주요주주특정증권등소유상황보고서 | 2026-08-14: 임원ㆍ주요주주특정증권등소유상황보고서 | 2026-08-13: 반기보고서 (2026.06),8
코디,080530,0,OK,,,,2026-08-14: 반기보고서 (2026.06) | 2026-08-10: 신주인수권부사채(해외신주인수권부사채포함)발행후만기전사채취득               | 2026-08-10: 신주인수권부사채(해외신주인수권부사채포함)발행후만기전사채취득              ,3
한화리츠,451800,0,OK,,,,2026-08-31: [기재정정]부동산투자회사자금차입               | 2026-08-31: [기재정정]부동산투자회사자금차입               | 2026-08-31: [발행조건확정]증권신고서(채무증권) | 2026-08-31: [기재정정]증권신고서(채무증권) | 2026-08-31: 대규모기업집단현황공시[분기별공시(개별회사용)],20
아티스트컴퍼니,321820,0,OK,,,,2026-08-26: [첨부정정]주요사항보고서(타법인주식및출자증권양도결정) | 2026-08-26: [첨부정정]주요사항보고서(타법인주식및출자증권양도결정) | 2026-08-26: [첨부정정]주요사항보고서(타법인주식및출자증권양도결정) | 2026-08-26: [기재정정]주요사항보고서(타법인주식및출자증권양도결정) | 2026-08-18: 의결권대리행사권유참고서류,8
에스티오,098660,0,OK,,,,2026-08-14: 반기보고서 (2026.06) | 2026-08-12: 수시공시의무관련사항(공정공시)              (주주가치 제고를 위한 배당 등 주주환원 정책 안내) | 2026-08-05: 주요사항보고서(자기주식취득신탁계약체결결정),3
우신시스템,017370,0,OK,,,,2026-09-01: 주식등의대량보유상황보고서(일반) | 2026-08-20: 타인에대한채무보증결정               | 2026-08-14: 반기보고서 (2026.06),3
안지오랩,251280,0,OK,,,,2026-08-31: 임원ㆍ주요주주특정증권등소유상황보고서 | 2026-08-24: 임원ㆍ주요주주특정증권등소유상황보고서 | 2026-08-12: 주식등의대량보유상황보고서(일반) | 2026-08-12: 임원ㆍ주요주주특정증권등소유상황보고서,4
CJ,001040,0,OK,,,,2026-08-28: 대규모기업집단현황공시[분기별공시(대표회사용)] | 2026-08-14: [기재정정]소송등의판결ㆍ결정(일정금액이상의청구)(자회사의 주요경영사항)               | 2026-08-14: 반기보고서 (2026.06) | 2026-08-14: 지급수단별ㆍ지급기간별지급금액및분쟁조정기구에관한사항 | 2026-08-13: 소송등의판결ㆍ결정(일정금액이상의청구)(자회사의 주요경영사항)              ,7
더네이쳐홀딩스,298540,0,OK,,,,2026-09-01: 주식등의대량보유상황보고서(일반) | 2026-08-27: [기재정정]임원ㆍ주요주주특정증권등소유상황보고서 | 2026-08-24: 임원ㆍ주요주주특정증권등소유상황보고서 | 2026-08-24: 임원ㆍ주요주주특정증권등소유상황보고서 | 2026-08-14: 반기보고서 (2026.06),6
애드포러스,397810,0,OK,,,,2026-08-14: 반기보고서 (2026.06) | 2026-08-07: 주요사항보고서(자기주식취득신탁계약체결결정) | 2026-08-04: 임원ㆍ주요주주특정증권등소유상황보고서 | 2026-08-04: 임원ㆍ주요주주특정증권등소유상황보고서 | 2026-08-04: 임원ㆍ주요주주특정증권등소유상황보고서,7
한주라이트메탈,198940,0,OK,,,,2026-08-28: 주주총회소집결의              (임시주주총회) | 2026-08-28: 주주명부폐쇄기간또는기준일설정               | 2026-08-27: 전환가액의조정               | 2026-08-18: [기재정정]반기보고서 (2026.06) | 2026-08-13: 반기보고서 (2026.06),5
HLB바이오스텝,278650,0,OK,,,,2026-08-28: 주식등의대량보유상황보고서(일반) | 2026-08-27: 임원ㆍ주요주주특정증권등소유상황보고서 | 2026-08-14: 반기보고서 (2026.06),3
현대에이치티,039010,0,OK,,,,2026-08-24: 주식등의대량보유상황보고서(일반) | 2026-08-14: 반기보고서 (2026.06) | 2026-08-07: 임원ㆍ주요주주특정증권등소유상황보고서,3
SYTS,002170,0,OK,,,,2026-08-31: 대규모기업집단현황공시[분기별공시(개별회사용)] | 2026-08-14: 지급수단별ㆍ지급기간별지급금액및분쟁조정기구에관한사항 | 2026-08-14: 반기보고서 (2026.06),3
SK케미칼,285130,0,OK,,,,2026-08-28: 대규모기업집단현황공시[분기별공시(개별회사용)] | 2026-08-14: 지급수단별ㆍ지급기간별지급금액및분쟁조정기구에관한사항 | 2026-08-13: 기업설명회(IR)개최(안내공시)               | 2026-08-13: 반기보고서 (2026.06),4
HD현대마린솔루션,443060,0,OK,,,,2026-08-28: 대규모기업집단현황공시[분기별공시(개별회사용)] | 2026-08-14: 동일인등출자계열회사와의상품ㆍ용역거래변경 | 2026-08-14: 지급수단별ㆍ지급기간별지급금액및분쟁조정기구에관한사항 | 2026-08-14: 반기보고서 (2026.06) | 2026-08-13: [첨부정정]지속가능경영보고서등관련사항(자율공시)              ,9
LX하우시스,108670,0,OK,,,,2026-08-28: 대규모기업집단현황공시[분기별공시(개별회사용)] | 2026-08-14: 반기보고서 (2026.06) | 2026-08-14: 지급수단별ㆍ지급기간별지급금액및분쟁조정기구에관한사항,3
PKC,001340,0,OK,,,,2026-08-20: [기재정정]주요사항보고서(유형자산양수결정) | 2026-08-14: 반기보고서 (2026.06) | 2026-08-13: 최대주주등소유주식변동신고서               | 2026-08-13: 주식등의대량보유상황보고서(일반),4
나우로보틱스,459510,0,OK,,,,2026-08-31: 파생상품거래손실발생               | 2026-08-31: 주주명부폐쇄기간또는기준일설정               | 2026-08-31: 주주총회소집결의              (임시주주총회) | 2026-08-31: [기재정정]주식매수선택권부여에관한신고 | 2026-08-31: 반기보고서 (2026.06),6
국전,307750,0,OK,,,,2026-08-27: 신주인수권부사채(해외신주인수권부사채포함)발행후만기전사채취득               | 2026-08-24: 주식등의대량보유상황보고서(일반) | 2026-08-13: 반기보고서 (2026.06) | 2026-08-13: 주식등의대량보유상황보고서(일반),4
큐에이드,377460,0,OK,,,,2026-08-25: 기타시장안내              (개선계획 이행내역서 제출) | 2026-08-25: [기재정정]반기보고서 (2026.06) | 2026-08-21: [기재정정]타법인주식및출자증권취득결정               | 2026-08-14: 반기보고서 (2026.06) | 2026-08-14: [기재정정]타법인주식및출자증권취득결정              ,6
산은캐피탈,008270,0,OK,,,,2026-08-24: 증권발행실적보고서 | 2026-08-21: 투자설명서(일괄신고) | 2026-08-21: 일괄신고추가서류 | 2026-08-14: [기재정정]일괄신고서 | 2026-08-14: 반기보고서 (2026.06),8
피아이이,452450,0,OK,,,,2026-08-14: 파생상품거래손실발생               | 2026-08-13: 반기보고서 (2026.06) | 2026-08-12: 금전대여결정              ,3
한국파마,032300,0,OK,,,,2026-08-28: 전환사채(해외전환사채포함)발행후만기전사채취득               | 2026-08-13: 반기보고서 (2026.06) | 2026-08-04: 주식등의대량보유상황보고서(일반),3
이수페타시스,007660,0,OK,,,,2026-09-01: 주식등의대량보유상황보고서(약식) | 2026-08-14: 반기보고서 (2026.06) | 2026-08-10: 기업설명회(IR)개최(안내공시)               | 2026-08-06: 주식등의대량보유상황보고서(일반),4
아이티센엔텍,010280,0,OK,,,,2026-08-13: 반기보고서 (2026.06) | 2026-08-07: 금전대여결정               | 2026-08-07: [기재정정]타인에대한채무보증결정              ,3
파인테크닉스,106240,0,OK,,,,2026-08-31: 전환사채(해외전환사채포함)발행후만기전사채취득               | 2026-08-21: [기재정정]주요사항보고서(자기전환사채매도결정) | 2026-08-20: 임시주주총회결과               | 2026-08-14: 반기보고서 (2026.06) | 2026-08-05: 의결권대리행사권유참고서류,8
슈피겐코리아,192440,0,OK,,,,2026-08-21: 임원ㆍ주요주주특정증권등소유상황보고서 | 2026-08-21: 주식등의대량보유상황보고서(일반) | 2026-08-14: 반기보고서 (2026.06) | 2026-08-10: 임원ㆍ주요주주특정증권등소유상황보고서 | 2026-08-04: 자기주식처분결과보고서,5
삼익악기,002450,0,OK,,,,2026-08-14: 반기보고서 (2026.06) | 2026-08-14: [첨부정정]사업보고서 (2025.12) | 2026-08-14: [기재정정]사업보고서 (2025.12),3
엘티씨,170920,0,OK,,,,2026-08-13: 반기보고서 (2026.06) | 2026-08-13: [기재정정]사업보고서 (2025.12) | 2026-08-03: 주식등의대량보유상황보고서(약식),3
엘리비젼,276240,0,OK,,,,2026-08-26: 임원ㆍ주요주주특정증권등소유상황보고서 | 2026-08-26: 임원ㆍ주요주주특정증권등소유상황보고서 | 2026-08-26: 주식등의대량보유상황보고서(일반) | 2026-08-12: 주주명부폐쇄기간또는기준일설정               | 2026-08-12: 주주총회소집결의              ,6
아즈텍WB,032080,0,OK,,,,2026-08-31: 주식등의대량보유상황보고서(일반) | 2026-08-14: 반기보고서 (2026.06) | 2026-08-14: 임시주주총회결과               | 2026-08-12: 임원ㆍ주요주주특정증권등소유상황보고서 | 2026-08-12: 임원ㆍ주요주주특정증권등소유상황보고서,6
아이디스,143160,0,OK,,,,2026-08-31: 임원ㆍ주요주주특정증권등소유상황보고서 | 2026-08-20: 임원ㆍ주요주주특정증권등소유상황보고서 | 2026-08-14: 반기보고서 (2026.06),3
대한유화,006650,0,OK,,,,2026-08-14: 최대주주등소유주식변동신고서               | 2026-08-14: 반기보고서 (2026.06) | 2026-08-10: 임원ㆍ주요주주특정증권등소유상황보고서,3
유진증권,001200,0,OK,,,,2026-09-01: 증권발행실적보고서 | 2026-08-31: 대규모기업집단현황공시[분기별공시(개별회사용)] | 2026-08-28: 증권발행실적보고서 | 2026-08-25: 투자설명서(일괄신고) | 2026-08-25: 일괄신고추가서류(파생결합증권-주가연계증권),21
성창기업지주,000180,0,OK,,,,2026-08-28: 최대주주등소유주식변동신고서               | 2026-08-14: 반기보고서 (2026.06) | 2026-08-03: 주식등의대량보유상황보고서(일반) | 2026-08-03: 최대주주등소유주식변동신고서              ,4
현대사료,016790,0,OK,,,,2026-09-01: [기재정정]주주총회소집결의              (임시주주총회) | 2026-08-14: 반기보고서 (2026.06) | 2026-08-06: 소송등의제기ㆍ신청(경영권분쟁소송)               | 2026-08-05: 주주명부폐쇄기간또는기준일설정               | 2026-08-05: 주주총회소집결의              (임시주주총회),5
신세계건설,034300,0,OK,,,,2026-08-31: 대규모기업집단현황공시[분기별공시(개별회사용)] | 2026-08-14: 동일인등출자계열회사와의상품ㆍ용역거래변경 | 2026-08-14: 지급수단별ㆍ지급기간별지급금액및분쟁조정기구에관한사항,3
크래프톤,259960,0,OK,,,,2026-08-31: 기업설명회(IR)개최(안내공시)               | 2026-08-28: 대규모기업집단현황공시[분기별공시(대표회사용)] | 2026-08-14: 반기보고서 (2026.06) | 2026-08-14: 지급수단별ㆍ지급기간별지급금액및분쟁조정기구에관한사항 | 2026-08-10: 최대주주등소유주식변동신고서              ,6
한화시스템,272210,0,OK,,,,2026-08-31: 대규모기업집단현황공시[분기별공시(개별회사용)] | 2026-08-20: 의결권대리행사권유참고서류 | 2026-08-20: 주주총회소집공고 | 2026-08-20: [기재정정]반기보고서 (2026.06) | 2026-08-13: 반기보고서 (2026.06),10
제넥신,095700,0,OK,,,,2026-08-24: 주식매수선택권부여에관한신고 | 2026-08-21: 투자판단관련주요경영사항              (GXI7 관련 마일스톤 기술료 청구) | 2026-08-13: 반기보고서 (2026.06),3
대한제강,084010,0,OK,,,,2026-08-18: 현금ㆍ현물배당결정               | 2026-08-18: 현금ㆍ현물배당을위한주주명부폐쇄(기준일)결정               | 2026-08-14: 반기보고서 (2026.06),3
티웨이홀딩스,004870,0,OK,,,,2026-08-31: 대규모기업집단현황공시[분기별공시(개별회사용)] | 2026-08-28: 대규모기업집단현황공시[분기별공시(개별회사용)] | 2026-08-13: [첨부추가]반기보고서 (2026.06) | 2026-08-28: [기재정정]반기보고서 (2026.06) | 2026-08-07: 임원ㆍ주요주주특정증권등소유상황보고서,5
SNT에너지,100840,0,OK,,,,2026-08-21: 기타경영사항(자율공시)(종속회사의주요경영사항)               | 2026-08-12: 반기보고서 (2026.06) | 2026-08-12: 현금ㆍ현물배당결정               | 2026-08-04: 최대주주등소유주식변동신고서               | 2026-08-04: 임원ㆍ주요주주특정증권등소유상황보고서,6
제이엘케이,322510,0,OK,,,,2026-08-14: 독립이사의선임ㆍ해임또는중도퇴임에관한신고 | 2026-08-14: 임시주주총회결과               | 2026-08-14: 반기보고서 (2026.06),3
비스토스,419540,0,OK,,,,2026-08-27: 주주총회소집결의              (임시주주총회) | 2026-08-27: 주주명부폐쇄기간또는기준일설정               | 2026-08-20: 임원ㆍ주요주주특정증권등소유상황보고서 | 2026-08-20: 주식등의대량보유상황보고서(일반) | 2026-08-14: 반기보고서 (2026.06),10
효성티앤씨,298020,0,OK,,,,2026-09-01: 임원ㆍ주요주주특정증권등소유상황보고서 | 2026-08-31: 대규모기업집단현황공시[분기별공시(개별회사용)] | 2026-08-13: 반기보고서 (2026.06) | 2026-08-13: 지급수단별ㆍ지급기간별지급금액및분쟁조정기구에관한사항 | 2026-08-03: 임원ㆍ주요주주특정증권등소유상황보고서,5
한솔제지,213500,0,OK,,,,2026-08-26: 대규모기업집단현황공시[분기별공시(개별회사용)] | 2026-08-13: 반기보고서 (2026.06) | 2026-08-13: 지급수단별ㆍ지급기간별지급금액및분쟁조정기구에관한사항 | 2026-08-05: 현금ㆍ현물배당결정               | 2026-08-05: 현금ㆍ현물배당을위한주주명부폐쇄(기준일)결정              ,5
LG전자,066570,0,OK,,,,2026-08-31: 대규모기업집단현황공시[분기별공시(개별회사용)] | 2026-08-14: 반기보고서 (2026.06) | 2026-08-13: 지급수단별ㆍ지급기간별지급금액및분쟁조정기구에관한사항 | 2026-08-06: 중대재해발생(종속회사의주요경영사항)              ,4
오픈놀,440320,0,OK,,,,2026-08-12: 반기보고서 (2026.06) | 2026-08-12: [기재정정]분기보고서 (2026.03) | 2026-08-12: [기재정정]사업보고서 (2025.12) | 2026-08-12: [기재정정]분기보고서 (2025.09) | 2026-08-12: [기재정정]의결권대리행사권유참고서류,7
TP,007980,0,OK,,,,2026-08-13: 반기보고서 (2026.06) | 2026-08-06: 주요사항보고서(자기주식취득신탁계약체결결정) | 2026-08-05: 주식등의대량보유상황보고서(일반),3
코람코라이프인프라리츠,357120,0,OK,,,,2026-08-27: [기재정정]부동산투자회사자금차입               | 2026-08-27: 임원ㆍ주요주주특정증권등소유상황보고서 | 2026-08-26: 기타경영사항(자율공시)               | 2026-08-25: 정기주주총회결과               | 2026-08-20: 임원ㆍ주요주주특정증권등소유상황보고서,14
삼양사,145990,0,OK,,,,2026-08-31: [기재정정]벌금등의부과               | 2026-08-31: 대규모기업집단현황공시[분기별공시(개별회사용)] | 2026-08-14: 반기보고서 (2026.06) | 2026-08-14: 지급수단별ㆍ지급기간별지급금액및분쟁조정기구에관한사항,4
농심홀딩스,072710,0,OK,,,,2026-08-24: 대규모기업집단현황공시[분기별공시(개별회사용)] | 2026-08-14: 반기보고서 (2026.06) | 2026-08-14: 지급수단별ㆍ지급기간별지급금액및분쟁조정기구에관한사항,3
아시아나IDT,267850,0,OK,,,,2026-08-28: 대규모기업집단현황공시[분기별공시(개별회사용)] | 2026-08-12: 반기보고서 (2026.06) | 2026-08-12: 지급수단별ㆍ지급기간별지급금액및분쟁조정기구에관한사항,3
자이언트스텝,289220,0,OK,,,,2026-09-01: 주주명부폐쇄기간또는기준일설정               | 2026-09-01: 주주총회소집결의              (임시주주총회) | 2026-08-14: [기재정정]주식매수선택권부여에관한신고 | 2026-08-14: [기재정정]주식매수선택권부여에관한신고 | 2026-08-14: 반기보고서 (2026.06),5
유니온머티리얼,047400,0,OK,,,,2026-08-26: 주주명부폐쇄기간또는기준일설정               | 2026-08-26: 주주총회소집결의               | 2026-08-26: 주식병합결정               | 2026-08-26: 최대주주등소유주식변동신고서               | 2026-08-26: 임원ㆍ주요주주특정증권등소유상황보고서,10
AJ네트웍스,095570,0,OK,,,,2026-08-28: 최대주주등소유주식변동신고서               | 2026-08-28: 주식등의대량보유상황보고서(일반) | 2026-08-14: 반기보고서 (2026.06) | 2026-08-14: 주식등의대량보유상황보고서(일반),4
HDC현대EP,089470,0,OK,,,,2026-08-31: 대규모기업집단현황공시[분기별공시(개별회사용)] | 2026-08-14: 반기보고서 (2026.06) | 2026-08-14: [기재정정]사업보고서 (2025.12) | 2026-08-14: [첨부정정]사업보고서 (2025.12) | 2026-08-14: 지급수단별ㆍ지급기간별지급금액및분쟁조정기구에관한사항,6
에임드바이오,0009K0,0,OK,,,,2026-08-21: [기재정정]투자판단관련주요경영사항(임상시험계획승인신청등결정)              (BI 4060107 (ODS025)의 제 1상 임상시험계획 승인) | 2026-08-18: [기재정정]투자판단관련주요경영사항(임상시험계획승인신청등결정)              (BI 4060107 (ODS025)의 제 1상 임상시험계획 승인) | 2026-08-12: 반기보고서 (2026.06) | 2026-08-10: [기재정정]투자판단관련주요경영사항(임상시험계획승인신청)              (BI 4060107 (ODS025)의 제 1상 임상시험계획 승인 신청),4
우림피티에스,101170,0,OK,,,,2026-08-27: 주식등의대량보유상황보고서(일반) | 2026-08-19: 주주명부폐쇄기간또는기준일설정               | 2026-08-19: 주주총회소집결의              (임시주주총회) | 2026-08-14: 반기보고서 (2026.06) | 2026-08-03: 주식등의대량보유상황보고서(일반),5
에스엠벡셀,010580,0,OK,,,,2026-09-01: 최대주주등소유주식변동신고서               | 2026-09-01: 주식등의대량보유상황보고서(일반) | 2026-09-01: 임원ㆍ주요주주특정증권등소유상황보고서 | 2026-08-27: 대규모기업집단현황공시[분기별공시(개별회사용)] | 2026-08-26: 최대주주등소유주식변동신고서              ,18
모나용평,070960,0,OK,,,,2026-08-20: 타인에대한담보제공결정               | 2026-08-20: 타인에대한채무보증결정               | 2026-08-14: 반기보고서 (2026.06),3
제일기획,030000,0,OK,,,,2026-08-31: 대규모기업집단현황공시[분기별공시(개별회사용)] | 2026-08-28: 최대주주등소유주식변동신고서               | 2026-08-21: 기업설명회(IR)개최(안내공시)               | 2026-08-14: 반기보고서 (2026.06) | 2026-08-13: 지급수단별ㆍ지급기간별지급금액및분쟁조정기구에관한사항,5
티앤알바이오팹,246710,0,OK,,,,2026-08-31: 반기보고서 (2026.06) | 2026-08-27: [첨부정정]사업보고서 (2025.12) | 2026-08-25: [기재정정]분기보고서 (2026.03) | 2026-08-25: [기재정정]파생상품거래손실발생               | 2026-08-25: [기재정정]사업보고서 (2025.12),11
E1,017940,0,OK,,,,2026-08-27: 주식등의대량보유상황보고서(일반) | 2026-08-27: 대규모기업집단현황공시[분기별공시(개별회사용)] | 2026-08-14: 반기보고서 (2026.06) | 2026-08-12: 지급수단별ㆍ지급기간별지급금액및분쟁조정기구에관한사항,4
피씨디렉트,051380,0,OK,,,,2026-08-28: 자기주식취득결과보고서 | 2026-08-14: 반기보고서 (2026.06) | 2026-08-05: 임원ㆍ주요주주특정증권등소유상황보고서 | 2026-08-05: 임원ㆍ주요주주특정증권등소유상황보고서 | 2026-08-05: 임원ㆍ주요주주특정증권등소유상황보고서,7
이지스,261520,0,OK,,,,2026-08-31: 주요사항보고서(자기주식취득신탁계약체결결정) | 2026-08-31: 임시주주총회결과               | 2026-08-14: 반기보고서 (2026.06) | 2026-08-14: 주주총회소집공고,4
현대에버다임,041440,0,OK,,,,2026-08-28: 대규모기업집단현황공시[분기별공시(개별회사용)] | 2026-08-26: 기업설명회(IR)개최               | 2026-08-14: 반기보고서 (2026.06) | 2026-08-14: 지급수단별ㆍ지급기간별지급금액및분쟁조정기구에관한사항,4
플래티어,367000,0,OK,,,,2026-08-31: 임원ㆍ주요주주특정증권등소유상황보고서 | 2026-08-24: 기업설명회(IR)개최               | 2026-08-20: 임원ㆍ주요주주특정증권등소유상황보고서 | 2026-08-14: 반기보고서 (2026.06) | 2026-08-05: 임원ㆍ주요주주특정증권등소유상황보고서,5
프로티나,468530,0,OK,,,,2026-08-25: 임원ㆍ주요주주특정증권등소유상황보고서 | 2026-08-25: 임원ㆍ주요주주특정증권등소유상황보고서 | 2026-08-25: 임원ㆍ주요주주특정증권등소유상황보고서 | 2026-08-25: 임원ㆍ주요주주특정증권등소유상황보고서 | 2026-08-25: 임원ㆍ주요주주특정증권등소유상황보고서,8
YTN,040300,0,OK,,,,2026-08-31: [기재정정]반기보고서 (2026.06) | 2026-08-28: 대규모기업집단현황공시[분기별공시(개별회사용)] | 2026-08-14: 반기보고서 (2026.06) | 2026-08-14: 지급수단별ㆍ지급기간별지급금액및분쟁조정기구에관한사항,4
미원에스씨,268280,0,OK,,,,2026-09-01: 최대주주등소유주식변동신고서               | 2026-08-31: 최대주주등소유주식변동신고서               | 2026-08-28: 최대주주등소유주식변동신고서               | 2026-08-27: 최대주주등소유주식변동신고서               | 2026-08-26: 최대주주등소유주식변동신고서              ,6
이리츠코크렙,088260,0,OK,,,,2026-09-01: 의결권대리행사권유참고서류 | 2026-09-01: 주주총회소집공고 | 2026-08-28: 부동산투자회사금전배당결정               | 2026-08-28: 주주총회소집결의               | 2026-08-27: 대규모기업집단현황공시[분기별공시(개별회사용)],7
유니드,014830,0,OK,,,,2026-08-28: 대규모기업집단현황공시[분기별공시(개별회사용)] | 2026-08-25: 주식등의대량보유상황보고서(일반) | 2026-08-13: 반기보고서 (2026.06) | 2026-08-12: 지급수단별ㆍ지급기간별지급금액및분쟁조정기구에관한사항,4
에스원,012750,0,OK,,,,2026-08-31: 대규모기업집단현황공시[분기별공시(개별회사용)] | 2026-08-18: 주식등의대량보유상황보고서(약식) | 2026-08-14: 반기보고서 (2026.06) | 2026-08-14: 지급수단별ㆍ지급기간별지급금액및분쟁조정기구에관한사항 | 2026-08-03: 기업설명회(IR)개최(안내공시)              ,5
다이나믹솔루션,290660,0,OK,,,,2026-08-19: 주주총회소집공고 | 2026-08-19: [기재정정]주주총회소집결의              (임시주주총회) | 2026-08-14: 반기보고서 (2026.06),3
한화솔루션,009830,0,OK,,,,2026-08-31: 대규모기업집단현황공시[분기별공시(개별회사용)] | 2026-08-28: 임원ㆍ주요주주특정증권등소유상황보고서 | 2026-08-21: 풍문또는보도에대한해명(미확정)               | 2026-08-21: 특수관계인에대한출자 | 2026-08-14: 반기보고서 (2026.06),74
성우,458650,0,OK,,,,2026-09-01: 주주명부폐쇄기간또는기준일설정               | 2026-09-01: 주주총회소집결의              (임시주주총회) | 2026-08-14: 반기보고서 (2026.06),3
골프존홀딩스,121440,0,OK,,,,2026-08-31: [기재정정]불성실공시법인지정예고              (공시불이행) | 2026-08-25: 공개매수에관한의견표명서 | 2026-08-24: [기재정정]불성실공시법인지정예고              (공시불이행) | 2026-08-20: [기재정정]공개매수설명서 | 2026-08-20: [기재정정]공개매수신고서,13
DSR,155660,0,OK,,,,2026-08-14: 반기보고서 (2026.06) | 2026-08-12: 최대주주등소유주식변동신고서               | 2026-08-12: 임원ㆍ주요주주특정증권등소유상황보고서 | 2026-08-07: 최대주주등소유주식변동신고서              ,4
솔본,035610,0,OK,,,,2026-08-24: 주식등의대량보유상황보고서(일반) | 2026-08-14: 반기보고서 (2026.06) | 2026-08-04: 주식등의대량보유상황보고서(일반),3
파인디앤씨,049120,0,OK,,,,2026-08-24: 주식등의대량보유상황보고서(일반) | 2026-08-19: 공개매수결과보고서 | 2026-08-14: 반기보고서 (2026.06),3
현대코퍼레이션,011760,0,OK,,,,2026-08-26: 타인에대한채무보증결정               | 2026-08-26: 타인에대한채무보증결정               | 2026-08-26: 타인에대한채무보증결정               | 2026-08-25: 타인에대한채무보증결정               | 2026-08-20: 타인에대한채무보증결정              ,6
메지온,140410,0,OK,,,,2026-08-14: 반기보고서 (2026.06) | 2026-08-06: 임원ㆍ주요주주특정증권등소유상황보고서 | 2026-08-06: 임원ㆍ주요주주특정증권등소유상황보고서 | 2026-08-06: 임원ㆍ주요주주특정증권등소유상황보고서,4
금강공업,014280,0,OK,,,,2026-08-14: 반기보고서 (2026.06) | 2026-08-12: 주식등의대량보유상황보고서(일반) | 2026-08-03: 주식등의대량보유상황보고서(약식),3
성우테크론,045300,0,OK,,,,2026-08-31: 주주총회소집공고 | 2026-08-14: 반기보고서 (2026.06) | 2026-08-06: 주주총회소집결의              (임시주주총회) | 2026-08-06: 주주명부폐쇄기간또는기준일설정              ,4
SK시그넷,260870,0,OK,,,,2026-09-01: 임원ㆍ주요주주특정증권등소유상황보고서 | 2026-09-01: 주식등의대량보유상황보고서(약식) | 2026-08-28: 임원ㆍ주요주주특정증권등소유상황보고서 | 2026-08-28: 주식등의대량보유상황보고서(일반) | 2026-08-28: 공개매수설명서,10
벨로크,424760,0,OK,,,,2026-08-19: 주주총회소집공고 | 2026-08-14: 조회공시요구(현저한시황변동)에대한답변(미확정)               | 2026-08-14: 반기보고서 (2026.06),3
애니메디솔루션,390110,0,OK,,,,2026-08-06: [기재정정]임원ㆍ주요주주특정증권등소유상황보고서 | 2026-08-05: 주식등의대량보유상황보고서(약식) | 2026-08-04: 임원ㆍ주요주주특정증권등소유상황보고서 | 2026-08-03: 임원ㆍ주요주주특정증권등소유상황보고서,4
HDC랩스,039570,0,OK,,,,2026-08-28: 대규모기업집단현황공시[분기별공시(개별회사용)] | 2026-08-14: 반기보고서 (2026.06) | 2026-08-14: 지급수단별ㆍ지급기간별지급금액및분쟁조정기구에관한사항,3
한국토지신탁,034830,0,OK,,,,2026-08-24: 기업설명회(IR)개최(안내공시)               | 2026-08-14: 주식등의대량보유상황보고서(일반) | 2026-08-13: 반기보고서 (2026.06),3
넥센타이어,002350,0,OK,,,,2026-08-20: 타인에대한채무보증결정               | 2026-08-20: 최대주주등소유주식변동신고서               | 2026-08-20: 주식등의대량보유상황보고서(일반) | 2026-08-20: 임원ㆍ주요주주특정증권등소유상황보고서 | 2026-08-14: 반기보고서 (2026.06),5
지투파워,388050,0,OK,,,,2026-08-25: 기업설명회(IR)개최               | 2026-08-21: [기재정정]거래처와의거래중단               | 2026-08-14: 반기보고서 (2026.06),3
미원홀딩스,107590,0,OK,,,,2026-08-27: 최대주주등소유주식변동신고서               | 2026-08-27: 임원ㆍ주요주주특정증권등소유상황보고서 | 2026-08-14: 반기보고서 (2026.06) | 2026-08-07: 최대주주등소유주식변동신고서               | 2026-08-07: 임원ㆍ주요주주특정증권등소유상황보고서,5
한국자산신탁,123890,0,OK,,,,2026-08-28: 대규모기업집단현황공시[분기별공시(개별회사용)] | 2026-08-14: 반기보고서 (2026.06) | 2026-08-12: 지급수단별ㆍ지급기간별지급금액및분쟁조정기구에관한사항,3
CG인바이츠,083790,0,OK,,,,2026-09-01: 주식등의대량보유상황보고서(일반) | 2026-08-14: 주주명부폐쇄기간또는기준일설정               | 2026-08-14: 반기보고서 (2026.06),3
코아스,071950,0,OK,,,,2026-08-21: [기재정정]의결권대리행사권유참고서류 | 2026-08-21: [기재정정]주주총회소집공고 | 2026-08-19: 주요사항보고서(자기전환사채만기전취득결정) | 2026-08-14: 의결권대리행사권유참고서류 | 2026-08-14: 주주총회소집공고,11
현대로템,064350,0,OK,,,,2026-08-28: 특수관계인으로부터기타유가증권매수 | 2026-08-28: 대규모기업집단현황공시[분기별공시(개별회사용)] | 2026-08-14: 반기보고서 (2026.06) | 2026-08-14: 투자판단관련주요경영사항               | 2026-08-14: 풍문또는보도에대한해명(미확정)              ,7
일양약품,007570,0,OK,,,,2026-08-21: 임원ㆍ주요주주특정증권등거래계획보고서 | 2026-08-21: 임원ㆍ주요주주특정증권등거래계획보고서 | 2026-08-14: 반기보고서 (2026.06),3
정원엔시스,045510,0,OK,,,,2026-08-24: 임원ㆍ주요주주특정증권등소유상황보고서 | 2026-08-19: 임원ㆍ주요주주특정증권등소유상황보고서 | 2026-08-13: 반기보고서 (2026.06) | 2026-08-10: 임원ㆍ주요주주특정증권등소유상황보고서 | 2026-08-03: [기재정정]임원ㆍ주요주주특정증권등소유상황보고서,8
S&K폴리텍,091340,0,OK,,,,2026-08-18: 주주명부폐쇄기간또는기준일설정               | 2026-08-18: 주주총회소집결의              (임시주주총회) | 2026-08-14: 반기보고서 (2026.06) | 2026-08-14: [기재정정]사업보고서 (2025.12),4
효성화학,298000,0,OK,,,,2026-08-28: 대규모기업집단현황공시[분기별공시(개별회사용)] | 2026-08-20: 타인에대한채무보증결정               | 2026-08-14: 동일인등출자계열회사와의상품ㆍ용역거래변경 | 2026-08-14: 지급수단별ㆍ지급기간별지급금액및분쟁조정기구에관한사항 | 2026-08-13: 반기보고서 (2026.06),8
셀레스트라,352770,0,OK,,,,2026-08-24: 기타시장안내              (회생절차 폐지결정 관련 시장조치 미진행) | 2026-08-24: 회생절차폐지결정               | 2026-08-14: 기타시장안내              (상장적격성 실질심사 사유 추가 관련 절차 미진행) | 2026-08-14: 반기보고서 (2026.06) | 2026-08-14: 반기검토(감사)의견부적정등사실확인(자본잠식률100분의50이상또는자기자본10억원미만포함)              ,6
대한전선,001440,0,OK,,,,2026-08-28: 대규모기업집단현황공시[분기별공시(개별회사용)] | 2026-08-14: 반기보고서 (2026.06) | 2026-08-14: [기재정정]동일인등출자계열회사와의상품ㆍ용역거래변경 | 2026-08-13: 지급수단별ㆍ지급기간별지급금액및분쟁조정기구에관한사항 | 2026-08-05: 동일인등출자계열회사와의상품ㆍ용역거래변경,5
스마트레이더시스템,424960,0,OK,,,,2026-08-25: 주식등의대량보유상황보고서(일반) | 2026-08-18: 전환사채(해외전환사채포함)발행후만기전사채취득              (제1회차) | 2026-08-18: 파생상품거래손실발생               | 2026-08-14: 반기보고서 (2026.06) | 2026-08-13: 주식등의대량보유상황보고서(일반),5
네오이뮨텍,950220,0,OK,,,,"2026-08-19: 기업설명회(IR)개최               | 2026-08-19: 투자판단관련주요경영사항              (NT­I7 흉선 기능 관련 적응증에 대한 독점적 기술이전 계약 체결) | 2026-08-18: 투자판단관련주요경영사항(임상시험결과)              (NIT110(재발성·불응성 진행성 고형암, NTI7 및 키트루다 병용요법) 임상 1b/2a상 임상시험결과보고서(CSR) 수령) | 2026-08-12: 반기보고서 (2026.06)",4
동원F&B,049770,0,OK,,,,2026-08-28: 대규모기업집단현황공시[분기별공시(개별회사용)] | 2026-08-13: 지급수단별ㆍ지급기간별지급금액및분쟁조정기구에관한사항 | 2026-08-13: 반기보고서 (2026.06),3
코리아에프티,123410,0,OK,,,,2026-08-28: 신탁계약에의한취득상황보고서 | 2026-08-21: 기업설명회(IR)개최               | 2026-08-14: 반기보고서 (2026.06),3
휴엠앤씨,263920,0,OK,,,,2026-08-14: 반기보고서 (2026.06) | 2026-08-12: 신탁계약해지결과보고서 | 2026-08-11: 주요사항보고서(자기주식취득신탁계약해지결정),3
드림시큐리티,203650,0,OK,,,,2026-08-25: 타법인주식및출자증권취득결정               | 2026-08-19: 주식등의대량보유상황보고서(일반) | 2026-08-14: 반기보고서 (2026.06),3
싸이토젠,217330,0,OK,,,,2026-08-31: 기타경영사항(자율공시)              (소규모합병 승인 이사회 결의(주주총회 갈음) 결과 보고) | 2026-08-27: 임원ㆍ주요주주특정증권등거래계획보고서 | 2026-08-13: 주식등의대량보유상황보고서(일반) | 2026-08-13: 반기보고서 (2026.06) | 2026-08-10: 주식매수선택권부여에관한신고,6
SOOP,067160,0,OK,,,,2026-08-24: 기업설명회(IR)개최               | 2026-08-14: 반기보고서 (2026.06) | 2026-08-13: 주식등의대량보유상황보고서(일반),3
아이티아이즈,372800,0,OK,,,,2026-08-28: 주식등의대량보유상황보고서(일반) | 2026-08-14: 반기보고서 (2026.06) | 2026-08-04: 임원ㆍ주요주주특정증권등소유상황보고서,3
아이티센글로벌,124500,0,OK,,,,2026-08-28: [기재정정]타인에대한채무보증결정               | 2026-08-24: 기업설명회(IR)개최               | 2026-08-13: 반기보고서 (2026.06) | 2026-08-10: 전환가액의조정              (제16회차) | 2026-08-06: [기재정정]타인에대한채무보증결정              ,5
씨유메디칼,115480,0,OK,,,,2026-08-31: 전환가액의조정               | 2026-08-14: 반기보고서 (2026.06) | 2026-08-10: 주식등의대량보유상황보고서(약식),3
신흥,004080,0,OK,,,,2026-08-21: 최대주주등소유주식변동신고서               | 2026-08-14: 반기보고서 (2026.06) | 2026-08-10: 임원ㆍ주요주주특정증권등소유상황보고서 | 2026-08-10: 임원ㆍ주요주주특정증권등소유상황보고서,4
비케이홀딩스,050090,0,OK,,,,"2026-08-14: 반기보고서 (2026.06) | 2026-08-12: 주주명부폐쇄기간또는기준일설정               | 2026-08-12: 주주총회소집결의              (임시주주총회) | 2026-08-12: 주식병합결정               | 2026-08-05: 기타시장안내              (관리종목 지정사유 추가우려)(주가 1,000원 미달)",5
미코,059090,0,OK,,,,2026-09-01: 타인에대한담보제공결정               | 2026-09-01: 타인에대한채무보증결정               | 2026-08-26: [기재정정]타인에대한채무보증결정               | 2026-08-26: [기재정정]타인에대한담보제공결정               | 2026-08-24: 임원ㆍ주요주주특정증권등소유상황보고서,10
태광산업,003240,0,OK,,,,2026-09-01: 풍문또는보도에대한해명(미확정)               | 2026-08-27: 대규모기업집단현황공시[분기별공시(대표회사용)] | 2026-08-24: 기업설명회(IR)개최(안내공시)               | 2026-08-14: 반기보고서 (2026.06) | 2026-08-14: 약관에의한금융거래시계열금융회사의거래상대방의공시,10
부산은행,005280,0,OK,,,,2026-08-26: 증권발행실적보고서 | 2026-08-25: 투자설명서(일괄신고) | 2026-08-25: 일괄신고추가서류 | 2026-08-14: [기재정정]일괄신고서 | 2026-08-14: 반기보고서 (2026.06),11
큐리오시스,494120,0,OK,,,,2026-08-28: 임원ㆍ주요주주특정증권등소유상황보고서 | 2026-08-20: 임원ㆍ주요주주특정증권등소유상황보고서 | 2026-08-18: 임원ㆍ주요주주특정증권등소유상황보고서 | 2026-08-10: 임원ㆍ주요주주특정증권등소유상황보고서 | 2026-08-10: 임원ㆍ주요주주특정증권등소유상황보고서,6
포니링크,064800,0,OK,,,,2026-08-31: [기재정정]주식매수선택권부여에관한신고 | 2026-08-14: 반기보고서 (2026.06) | 2026-08-06: 소송등의제기ㆍ신청(경영권분쟁소송)              (주주명부열람등사 가처분신청),3
SBS,034120,0,OK,,,,2026-08-28: 대규모기업집단현황공시[분기별공시(개별회사용)] | 2026-08-14: 반기보고서 (2026.06) | 2026-08-14: 지급수단별ㆍ지급기간별지급금액및분쟁조정기구에관한사항,3
아이파크영창,001890,0,OK,,,,2026-08-31: [기재정정]회생절차개시결정 | 2026-08-27: 대규모기업집단현황공시[분기별공시(개별회사용)] | 2026-08-14: 반기보고서 (2026.06) | 2026-08-11: 지급수단별ㆍ지급기간별지급금액및분쟁조정기구에관한사항,4
파워로직스,047310,0,OK,,,,2026-08-26: 주식등의대량보유상황보고서(일반) | 2026-08-26: 임원ㆍ주요주주특정증권등소유상황보고서 | 2026-08-14: 반기보고서 (2026.06),3
노바렉스,194700,0,OK,,,,2026-08-27: 주식등의대량보유상황보고서(일반) | 2026-08-14: 반기보고서 (2026.06) | 2026-08-10: 주식등의대량보유상황보고서(약식) | 2026-08-04: 임원ㆍ주요주주특정증권등소유상황보고서,4
더테크놀로지,043090,0,OK,,,,2026-08-19: 주요사항보고서(회사분할결정) | 2026-08-14: 반기보고서 (2026.06) | 2026-08-13: 주식등의대량보유상황보고서(일반) | 2026-08-07: 임원ㆍ주요주주특정증권등소유상황보고서 | 2026-08-07: 주식등의대량보유상황보고서(약식),7
비트플래닛,049470,0,OK,,,,2026-08-28: [기재정정]주요사항보고서(유형자산양수결정) | 2026-08-14: 반기보고서 (2026.06) | 2026-08-07: [기재정정]주요사항보고서(유형자산양수결정),3
금호타이어,073240,0,OK,,,,2026-08-19: 주주총회소집공고 | 2026-08-13: 반기보고서 (2026.06) | 2026-08-13: 타인에대한담보제공결정               | 2026-08-13: 타인에대한채무보증결정               | 2026-08-13: 주식등의대량보유상황보고서(일반),5
매드업,0039P0,0,OK,,,,2026-08-20: [기재정정]현금ㆍ현물배당결정              (분기배당) | 2026-08-14: 주식등의대량보유상황보고서(약식) | 2026-08-13: 반기보고서 (2026.06) | 2026-08-13: 주주명부폐쇄기간또는기준일설정               | 2026-08-13: 주주총회소집결의              (임시주주총회),6
세종메디칼,258830,0,OK,,,,2026-09-01: [기재정정]주주총회소집결의              (임시주주총회) | 2026-08-14: [기재정정]타인에대한담보제공결정               | 2026-08-14: 반기보고서 (2026.06) | 2026-08-05: 주주명부폐쇄기간또는기준일설정               | 2026-08-05: 주주총회소집결의              (임시주주총회),5
피앤씨테크,237750,0,OK,,,,2026-08-28: [기재정정]주요사항보고서(타법인주식및출자증권양수결정) | 2026-08-24: 소송등의판결ㆍ결정               | 2026-08-14: 반기보고서 (2026.06),3
만호제강,001080,0,OK,,,,2026-08-31: 현금ㆍ현물배당결정               | 2026-08-31: 현금ㆍ현물배당을위한주주명부폐쇄(기준일)결정               | 2026-08-24: 주식등의대량보유상황보고서(일반) | 2026-08-21: 기업설명회(IR)개최(안내공시)               | 2026-08-21: 임원ㆍ주요주주특정증권등소유상황보고서,9
NH투자증권,005940,0,OK,,,,2026-08-31: [기재정정]투자설명서(일괄신고) | 2026-08-31: [기재정정]일괄신고추가서류(파생결합증권-주가연계증권) | 2026-08-31: 투자설명서(일괄신고) | 2026-08-31: 투자설명서(일괄신고) | 2026-08-31: 투자설명서(일괄신고),81
아가방컴퍼니,013990,0,OK,,,,2026-08-31: 임원ㆍ주요주주특정증권등거래계획보고서 | 2026-08-21: 의결권대리행사권유참고서류 | 2026-08-21: 주주총회소집공고 | 2026-08-18: 주식등의대량보유상황보고서(일반) | 2026-08-18: 임원ㆍ주요주주특정증권등소유상황보고서,9
디티씨,066670,0,OK,,,,2026-08-14: 반기보고서 (2026.06) | 2026-08-12: 타법인주식및출자증권처분결정               | 2026-08-05: [기재정정]사업보고서 (2025.12),3
코스리거글로벌,043710,0,OK,,,,2026-08-14: 반기보고서 (2026.06) | 2026-08-05: 임원ㆍ주요주주특정증권등소유상황보고서 | 2026-08-05: 주식등의대량보유상황보고서(일반) | 2026-08-04: 주요사항보고서(자기전환사채만기전취득결정),4
지아이텍,382480,0,OK,,,,2026-09-01: 임원ㆍ주요주주특정증권등소유상황보고서 | 2026-09-01: 임원ㆍ주요주주특정증권등소유상황보고서 | 2026-08-14: 반기보고서 (2026.06) | 2026-08-03: 임원ㆍ주요주주특정증권등소유상황보고서,4
엔비티,236810,0,OK,,,,2026-08-28: 임시주주총회결과               | 2026-08-26: 임원ㆍ주요주주특정증권등소유상황보고서 | 2026-08-20: 주주총회소집결의              (임시주주총회) | 2026-08-20: 주주명부폐쇄기간또는기준일설정               | 2026-08-19: 임원ㆍ주요주주특정증권등소유상황보고서,11
코스나인,082660,0,OK,,,,2026-08-25: [기재정정]주주총회소집결의               | 2026-08-25: [기재정정]주주명부폐쇄기간또는기준일설정               | 2026-08-14: 기타시장안내              (관리종목 지정사유 추가 관련 시장조치사항 안내),3
마음AI,377480,0,OK,,,,2026-08-27: 전환가액의조정               | 2026-08-14: 반기보고서 (2026.06) | 2026-08-10: 주주명부폐쇄기간또는기준일설정               | 2026-08-10: 주주총회소집결의              (임시주주총회),4
포커스에이아이,331380,0,OK,,,,2026-08-21: [기재정정]임원ㆍ주요주주특정증권등소유상황보고서 | 2026-08-21: [기재정정]유형자산처분결정(자율공시)               | 2026-08-20: 증권발행결과(자율공시)              (제3자배정 유상증자) | 2026-08-14: 반기보고서 (2026.06) | 2026-08-14: [기재정정]분기보고서 (2026.03),6
에스바이오메딕스,304360,0,OK,,,,2026-08-31: 임원ㆍ주요주주특정증권등소유상황보고서 | 2026-08-25: 주식등의대량보유상황보고서(일반) | 2026-08-14: 반기보고서 (2026.06) | 2026-08-13: 전환가액의조정              (제5회차) | 2026-08-13: 전환사채(해외전환사채포함)발행후만기전사채취득              (제5회차),5
케이엠제약,225430,0,OK,,,,2026-08-31: 기타시장안내              (시가총액 미달에 따른 상장폐지 우려 관련 안내) | 2026-08-28: 자기주식취득결과보고서 | 2026-08-14: 반기보고서 (2026.06),3
디와이디,219550,0,OK,,,,2026-08-31: 전환사채(해외전환사채포함)발행후만기전사채취득              (제7회차) | 2026-08-31: 전환가액의조정              (제7회차) | 2026-08-14: 반기보고서 (2026.06) | 2026-08-11: 신주인수권부사채(해외신주인수권부사채포함)발행후만기전사채취득               | 2026-08-07: 임원ㆍ주요주주특정증권등소유상황보고서,6
더콘텐츠온,302920,0,OK,,,,2026-08-28: 주식등의대량보유상황보고서(약식) | 2026-08-28: 임원ㆍ주요주주특정증권등소유상황보고서 | 2026-08-28: 임원ㆍ주요주주특정증권등소유상황보고서,3
디티앤씨알오,383930,0,OK,,,,2026-08-20: [기재정정]전환가액의조정               | 2026-08-20: 신주인수권행사가액의조정               | 2026-08-20: 신주인수권행사가액의조정               | 2026-08-20: 전환가액의조정               | 2026-08-14: 반기보고서 (2026.06),5
인디에프,014990,0,OK,,,,2026-08-31: 대규모기업집단현황공시[분기별공시(개별회사용)] | 2026-08-24: 주식등의대량보유상황보고서(일반) | 2026-08-24: 최대주주등소유주식변동신고서               | 2026-08-24: 임원ㆍ주요주주특정증권등소유상황보고서 | 2026-08-14: 반기보고서 (2026.06),6
휴마시스,205470,0,OK,,,,2026-08-28: 주식등의대량보유상황보고서(일반) | 2026-08-28: 임원ㆍ주요주주특정증권등소유상황보고서 | 2026-08-24: 주식등의대량보유상황보고서(일반) | 2026-08-24: 임원ㆍ주요주주특정증권등소유상황보고서 | 2026-08-14: 주식등의대량보유상황보고서(일반),10
피엠티,147760,0,OK,,,,2026-08-13: [기재정정]반기보고서 (2026.06) | 2026-08-13: [기재정정]반기보고서 (2026.06) | 2026-08-13: 반기보고서 (2026.06),3
매커스,093520,0,OK,,,,2026-08-14: 주식등의대량보유상황보고서(약식) | 2026-08-13: 반기보고서 (2026.06) | 2026-08-11: 임원ㆍ주요주주특정증권등소유상황보고서,3
스맥,099440,0,OK,,,,2026-08-28: [기재정정]기타경영사항(자율공시)              (회계장부 등 열람등사 가처분 이의신청에 대한 원결정 인가 결정에 대한 즉시항고) | 2026-08-24: 기타경영사항(자율공시)              (회계장부 등 열람등사 가처분 이의신청에 대한 원결정 인가 결정에 대한 즉시항고) | 2026-08-14: [첨부추가]반기보고서 (2026.06) | 2026-08-14: 기타경영사항(자율공시)              (회계장부 등 열람등사 가처분 이의신청에 대한 결정),4
두산테스나,131970,0,OK,,,,2026-08-31: 대규모기업집단현황공시[분기별공시(개별회사용)] | 2026-08-14: [기재정정]지급수단별ㆍ지급기간별지급금액및분쟁조정기구에관한사항 | 2026-08-14: 반기보고서 (2026.06) | 2026-08-14: 지급수단별ㆍ지급기간별지급금액및분쟁조정기구에관한사항,4
한솔케미칼,014680,0,OK,,,,2026-08-26: 대규모기업집단현황공시[분기별공시(개별회사용)] | 2026-08-14: 지급수단별ㆍ지급기간별지급금액및분쟁조정기구에관한사항 | 2026-08-13: 반기보고서 (2026.06) | 2026-08-04: 주식등의대량보유상황보고서(일반),4
라메디텍,462510,0,OK,,,,2026-08-14: [기재정정]사업보고서 (2025.12) | 2026-08-14: [기재정정]분기보고서 (2026.03) | 2026-08-14: 반기보고서 (2026.06),3
남선알미늄,008350,0,OK,,,,2026-09-01: 주식등의대량보유상황보고서(일반) | 2026-08-28: 대규모기업집단현황공시[분기별공시(개별회사용)] | 2026-08-26: 주식등의대량보유상황보고서(일반) | 2026-08-14: 반기보고서 (2026.06) | 2026-08-14: 지급수단별ㆍ지급기간별지급금액및분쟁조정기구에관한사항,6
하이텍팜,106190,0,OK,,,,2026-08-14: [기재정정]반기보고서 (2026.06) | 2026-08-14: 반기보고서 (2026.06) | 2026-08-12: 주식등의대량보유상황보고서(일반) | 2026-08-12: 임원ㆍ주요주주특정증권등소유상황보고서 | 2026-08-12: 임원ㆍ주요주주특정증권등소유상황보고서,5
안랩,053800,0,OK,,,,2026-08-13: 반기보고서 (2026.06) | 2026-08-07: 주식등의대량보유상황보고서(일반) | 2026-08-07: 임원ㆍ주요주주특정증권등소유상황보고서 | 2026-08-05: 주식등의대량보유상황보고서(약식),4
남양유업,003920,0,OK,,,,2026-09-01: [기재정정]소송등의판결ㆍ결정(일정금액이상의청구)               | 2026-09-01: 소송등의제기ㆍ신청(자율공시:일정금액미만의청구)               | 2026-08-28: 소송등의판결ㆍ결정(일정금액이상의청구)               | 2026-08-14: 반기보고서 (2026.06),4
링크드,193250,0,OK,,,,2026-08-28: 임원ㆍ주요주주특정증권등소유상황보고서 | 2026-08-28: 임원ㆍ주요주주특정증권등소유상황보고서 | 2026-08-28: 주식등의대량보유상황보고서(일반) | 2026-08-25: 주요사항보고서(전환사채매수선택권행사자지정) | 2026-08-14: 자기교환사채만기전취득결정              (제2회차),6
큐렉소,060280,0,OK,,,,2026-09-01: 기업설명회(IR)개최               | 2026-09-01: [기재정정]주주총회소집공고 | 2026-09-01: 주주총회소집공고 | 2026-08-13: 반기보고서 (2026.06),4
퓨쳐켐,220100,0,OK,,,,2026-09-01: [기재정정]투자설명서 | 2026-09-01: [발행조건확정]증권신고서(지분증권) | 2026-09-01: 유상증자최종발행가액확정               | 2026-09-01: [기재정정]주요사항보고서(유무상증자결정) | 2026-08-24: 주식등의대량보유상황보고서(일반),18
차바이오텍,085660,0,OK,,,,2026-08-18: 타법인주식및출자증권취득결정               | 2026-08-18: 전환사채(해외전환사채포함)발행후만기전사채취득               | 2026-08-13: 반기보고서 (2026.06),3
DB증권,016610,0,OK,,,,2026-09-01: 증권발행실적보고서 | 2026-08-31: 최대주주등소유주식변동신고서               | 2026-08-31: 증권신고서(채무증권) | 2026-08-31: 임원ㆍ주요주주특정증권등소유상황보고서 | 2026-08-31: 증권발행실적보고서,93
리가켐바이오,141080,0,OK,,,,2026-08-31: 대규모기업집단현황공시[분기별공시(개별회사용)] | 2026-08-14: 반기보고서 (2026.06) | 2026-08-14: 지급수단별ㆍ지급기간별지급금액및분쟁조정기구에관한사항 | 2026-08-07: 투자판단관련주요경영사항              (LNCB74(B7H4-ADC) 단독 개발 및 기술이전 권리 확보) | 2026-08-04: 주식등의대량보유상황보고서(일반),7
에코앤드림,101360,0,OK,,,,2026-08-20: 임원ㆍ주요주주특정증권등소유상황보고서 | 2026-08-18: 주식등의대량보유상황보고서(일반) | 2026-08-18: 임원ㆍ주요주주특정증권등소유상황보고서 | 2026-08-18: 임원ㆍ주요주주특정증권등소유상황보고서 | 2026-08-18: 임원ㆍ주요주주특정증권등소유상황보고서,6
KB스타리츠,432320,0,OK,,,,2026-08-11: [기재정정]부동산투자회사자금차입               | 2026-08-11: 부동산투자회사자금차입               | 2026-08-11: 부동산투자회사자금차입              ,3
부스타,008470,0,OK,,,,2026-08-21: 주식등의대량보유상황보고서(약식) | 2026-08-19: 임원ㆍ주요주주특정증권등소유상황보고서 | 2026-08-19: 임원ㆍ주요주주특정증권등소유상황보고서 | 2026-08-19: 임원ㆍ주요주주특정증권등소유상황보고서 | 2026-08-19: 임원ㆍ주요주주특정증권등소유상황보고서,21
갤럭시아머니트리,094480,0,OK,,,,2026-08-28: 대규모기업집단현황공시[분기별공시(개별회사용)] | 2026-08-27: 기업설명회(IR)개최               | 2026-08-14: 반기보고서 (2026.06) | 2026-08-14: 지급수단별ㆍ지급기간별지급금액및분쟁조정기구에관한사항,4
에스씨디,042110,0,OK,,,,2026-08-27: 임원ㆍ주요주주특정증권등소유상황보고서 | 2026-08-27: 임원ㆍ주요주주특정증권등소유상황보고서 | 2026-08-14: 반기보고서 (2026.06),3
경인전자,009140,0,OK,,,,2026-08-27: 임시주주총회결과               | 2026-08-14: 반기보고서 (2026.06) | 2026-08-11: 주주총회소집공고 | 2026-08-10: [기재정정]주주총회소집결의              ,4
파인엠텍,441270,0,OK,,,,2026-08-18: 주식등의대량보유상황보고서(일반) | 2026-08-14: 반기보고서 (2026.06) | 2026-08-12: [기재정정]주식매수선택권부여에관한신고 | 2026-08-12: [기재정정]주식매수선택권부여에관한신고,4
가온칩스,399720,0,OK,,,,2026-08-26: 주식등의대량보유상황보고서(일반) | 2026-08-14: 반기보고서 (2026.06) | 2026-08-07: 주식등의대량보유상황보고서(일반) | 2026-08-07: 임원ㆍ주요주주특정증권등소유상황보고서,4
상아프론테크,089980,0,OK,,,,2026-09-01: 주식등의대량보유상황보고서(일반) | 2026-08-13: 반기보고서 (2026.06) | 2026-08-10: 전환사채(해외전환사채포함)발행후만기전사채취득              ,3
덕성,004830,0,OK,,,,2026-08-28: [기재정정]타법인주식및출자증권취득결정               | 2026-08-14: 반기보고서 (2026.06) | 2026-08-10: 최대주주등소유주식변동신고서              ,3
진성티이씨,036890,0,OK,,,,2026-08-27: [기재정정]타인에대한채무보증결정               | 2026-08-26: 임원ㆍ주요주주특정증권등소유상황보고서 | 2026-08-14: 반기보고서 (2026.06),3
ESR켄달스퀘어리츠,365550,0,OK,,,,2026-09-01: 주식등의대량보유상황보고서(약식) | 2026-08-27: 임원ㆍ주요주주특정증권등소유상황보고서 | 2026-08-25: 정기주주총회결과               | 2026-08-20: 임원ㆍ주요주주특정증권등소유상황보고서 | 2026-08-14: 사업보고서 (2026.05),11
대성하이텍,129920,0,OK,,,,2026-08-31: 주식등의대량보유상황보고서(일반) | 2026-08-20: [기재정정]임원ㆍ주요주주특정증권등소유상황보고서 | 2026-08-20: [기재정정]주식등의대량보유상황보고서(일반) | 2026-08-20: [기재정정]주식등의대량보유상황보고서(일반) | 2026-08-18: 임원ㆍ주요주주특정증권등소유상황보고서,8
두산밥캣,241560,0,OK,,,,2026-08-31: 대규모기업집단현황공시[분기별공시(개별회사용)] | 2026-08-14: 지급수단별ㆍ지급기간별지급금액및분쟁조정기구에관한사항 | 2026-08-14: [기재정정]반기보고서 (2026.06) | 2026-08-14: 공정거래자율준수프로그램운영현황(안내공시)(자회사의 주요경영사항)               | 2026-08-13: 반기보고서 (2026.06),7
브이씨,365900,0,OK,,,,2026-08-13: 반기보고서 (2026.06) | 2026-08-10: 주식등의대량보유상황보고서(일반) | 2026-08-10: 임원ㆍ주요주주특정증권등소유상황보고서 | 2026-08-03: 주식등의대량보유상황보고서(일반) | 2026-08-03: 임원ㆍ주요주주특정증권등소유상황보고서,5
힘스,238490,0,OK,,,,2026-08-20: 주식등의대량보유상황보고서(일반) | 2026-08-20: 임원ㆍ주요주주특정증권등소유상황보고서 | 2026-08-13: 반기보고서 (2026.06) | 2026-08-07: 주식등의대량보유상황보고서(일반) | 2026-08-07: 임원ㆍ주요주주특정증권등소유상황보고서,5
무학,033920,0,OK,,,,2026-08-28: 임원ㆍ주요주주특정증권등소유상황보고서 | 2026-08-28: 최대주주등소유주식변동신고서               | 2026-08-25: 임원ㆍ주요주주특정증권등소유상황보고서 | 2026-08-25: 최대주주등소유주식변동신고서               | 2026-08-14: 반기보고서 (2026.06),5
원익피앤이,217820,0,OK,,,,2026-08-28: 대규모기업집단현황공시[분기별공시(개별회사용)] | 2026-08-14: 반기보고서 (2026.06) | 2026-08-14: 지급수단별ㆍ지급기간별지급금액및분쟁조정기구에관한사항,3
신한제16호스팩,496070,0,OK,,,,2026-08-13: 반기보고서 (2026.06) | 2026-08-03: 주주명부폐쇄기간또는기준일설정               | 2026-08-03: 기업인수목적회사의임원선임결정               | 2026-08-03: 주주총회소집결의              (임시주주총회),4
삼성SDI,006400,0,OK,,,,2026-08-31: 대규모기업집단현황공시[분기별공시(개별회사용)] | 2026-08-26: 임원ㆍ주요주주특정증권등소유상황보고서 | 2026-08-21: [첨부추가]주요사항보고서(타법인주식및출자증권양도결정) | 2026-08-21: 특수관계인에대한주식의처분 | 2026-08-14: 반기보고서 (2026.06),8
큐리언트,115180,0,OK,,,,2026-08-18: [기재정정]투자판단관련주요경영사항(임상시험계획승인신청등결정)              (만성 이식편대숙주질환 환자 대상 Q702 단독치료요법의 스페인 임상 제1b상 임상시험계획 승인) | 2026-08-14: 반기보고서 (2026.06) | 2026-08-05: 주식등의대량보유상황보고서(일반) | 2026-08-04: 주식등의대량보유상황보고서(일반),4
KD,044180,0,OK,,,,2026-08-31: [기재정정]타인에대한담보제공결정               | 2026-08-14: 반기검토(감사)의견부적정등사실확인(자본잠식률100분의50이상또는자기자본10억원미만포함)               | 2026-08-14: 반기보고서 (2026.06),3
케이비증권,003450,0,OK,,,,2026-09-01: 투자설명서(일괄신고) | 2026-09-01: 일괄신고추가서류(파생결합사채-주가연계파생결합사채) | 2026-08-31: 증권발행실적보고서 | 2026-08-31: 증권발행실적보고서 | 2026-08-31: 증권발행실적보고서,89
유니드비티플러스,446070,0,OK,,,,2026-08-28: 대규모기업집단현황공시[분기별공시(개별회사용)] | 2026-08-25: 주식등의대량보유상황보고서(일반) | 2026-08-14: 반기보고서 (2026.06) | 2026-08-14: 지급수단별ㆍ지급기간별지급금액및분쟁조정기구에관한사항 | 2026-08-12: [기재정정]타법인주식및출자증권취득결정              ,8
빛과전자,069540,0,OK,,,,2026-08-26: 전환가액의조정              (제17회차) | 2026-08-14: 반기보고서 (2026.06) | 2026-08-11: 주식등의대량보유상황보고서(약식) | 2026-08-11: [기재정정]주주총회소집결의               | 2026-08-05: 증권발행결과(자율공시)              (제18회차 CB),6
LG디스플레이,034220,0,OK,,,,2026-08-31: 대규모기업집단현황공시[분기별공시(개별회사용)] | 2026-08-20: 기업설명회(IR)개최(안내공시)               | 2026-08-14: 반기보고서 (2026.06) | 2026-08-13: 동일인등출자계열회사와의상품ㆍ용역거래변경 | 2026-08-13: 지급수단별ㆍ지급기간별지급금액및분쟁조정기구에관한사항,6
탑코미디어,134580,0,OK,,,,2026-09-01: 교환청구권행사               | 2026-08-28: 교환청구권행사               | 2026-08-26: 주주총회소집공고 | 2026-08-26: 교환청구권행사               | 2026-08-25: 주식등의대량보유상황보고서(일반),12
라온로보틱스,232680,0,OK,,,,2026-09-01: [기재정정]신규시설투자등               | 2026-08-21: 신규시설투자등               | 2026-08-13: 반기보고서 (2026.06),3
그래피,318060,0,OK,,,,2026-08-14: 반기보고서 (2026.06) | 2026-08-11: [첨부정정]주요사항보고서(타법인주식및출자증권양수결정) | 2026-08-10: 주요사항보고서(타법인주식및출자증권양수결정),3
제우스,079370,0,OK,,,,2026-08-14: 반기보고서 (2026.06) | 2026-08-13: 임원ㆍ주요주주특정증권등소유상황보고서 | 2026-08-06: 임원ㆍ주요주주특정증권등소유상황보고서 | 2026-08-06: 임원ㆍ주요주주특정증권등소유상황보고서,4
DSR제강,069730,0,OK,,,,2026-09-01: 최대주주등소유주식변동신고서               | 2026-08-25: 최대주주등소유주식변동신고서               | 2026-08-14: 반기보고서 (2026.06) | 2026-08-13: 최대주주등소유주식변동신고서               | 2026-08-12: 최대주주등소유주식변동신고서              ,6
LIG아큐버,073490,0,OK,,,,2026-08-28: 대규모기업집단현황공시[분기별공시(개별회사용)] | 2026-08-14: 반기보고서 (2026.06) | 2026-08-13: 지급수단별ㆍ지급기간별지급금액및분쟁조정기구에관한사항,3
APS이노베이션,079810,0,OK,,,,2026-08-18: [기재정정]주요사항보고서(타법인주식및출자증권양수결정) | 2026-08-13: [기재정정]반기보고서 (2026.06) | 2026-08-12: 반기보고서 (2026.06) | 2026-08-05: 주요사항보고서(타법인주식및출자증권양수결정),4
아이로보틱스,066430,0,OK,,,,2026-09-01: 소송등의판결ㆍ결정              (주주총회소집허가) | 2026-08-14: 반기보고서 (2026.06) | 2026-08-07: 조회공시요구(현저한시황변동)에대한답변(미확정)              ,3
인터지스,129260,0,OK,,,,2026-08-28: 대규모기업집단현황공시[분기별공시(개별회사용)] | 2026-08-14: 반기보고서 (2026.06) | 2026-08-14: 지급수단별ㆍ지급기간별지급금액및분쟁조정기구에관한사항,3
SUN&L,002820,0,OK,,,,2026-08-14: 반기보고서 (2026.06) | 2026-08-13: 임원ㆍ주요주주특정증권등소유상황보고서 | 2026-08-07: 최대주주등소유주식변동신고서               | 2026-08-07: 주식등의대량보유상황보고서(일반) | 2026-08-07: 임원ㆍ주요주주특정증권등소유상황보고서,6
비트맥스,377030,0,OK,,,,2026-08-14: 반기보고서 (2026.06) | 2026-08-14: 반기검토(감사)의견부적정등사실확인(자본잠식률100분의50이상또는자기자본10억원미만포함)               | 2026-08-11: 주요사항보고서(자기전환사채만기전취득결정) | 2026-08-10: 주식등의대량보유상황보고서(약식),4
한국단자공업,025540,0,OK,,,,2026-08-14: 반기보고서 (2026.06) | 2026-08-12: 현금ㆍ현물배당결정               | 2026-08-12: 현금ㆍ현물배당을위한주주명부폐쇄(기준일)결정              ,3
대구백화점,006370,0,OK,,,,2026-08-31: [기재정정]주주총회소집결의               | 2026-08-26: 주식등의대량보유상황보고서(일반) | 2026-08-26: [기재정정]투자판단관련주요경영사항               | 2026-08-26: [기재정정]투자판단관련주요경영사항               | 2026-08-24: [기재정정]주주총회소집결의              ,10
자비스,254120,0,OK,,,,2026-08-26: 임원ㆍ주요주주특정증권등소유상황보고서 | 2026-08-26: 의결권대리행사권유참고서류 | 2026-08-26: 주주총회소집공고 | 2026-08-14: [첨부추가]반기보고서 (2026.06) | 2026-08-11: 주식등의대량보유상황보고서(일반),6
이미지스,115610,0,OK,,,,2026-08-26: 주주명부폐쇄기간또는기준일설정               | 2026-08-26: 주주총회소집결의              (임시주주총회) | 2026-08-14: 반기보고서 (2026.06),3
금강철강,053260,0,OK,,,,2026-08-24: 소송등의제기ㆍ신청(경영권분쟁소송)              (회사에 관한 소송) | 2026-08-14: 반기보고서 (2026.06) | 2026-08-07: 소송등의제기ㆍ신청(경영권분쟁소송)              (직무집행정지가처분),3
니어스랩,417030,0,OK,,,,2026-08-28: [기재정정]주식등의대량보유상황보고서(일반) | 2026-08-28: [기재정정]임원ㆍ주요주주특정증권등소유상황보고서 | 2026-08-28: [기재정정]주식등의대량보유상황보고서(일반) | 2026-08-28: 임원ㆍ주요주주특정증권등소유상황보고서 | 2026-08-28: 임원ㆍ주요주주특정증권등소유상황보고서,13
에이텀,355690,0,OK,,,,2026-08-27: 주요사항보고서(자기전환사채만기전취득결정) | 2026-08-19: 기술성장기업의정관변경을통한사업목적추가ㆍ변경               | 2026-08-19: 임시주주총회결과               | 2026-08-14: 반기보고서 (2026.06) | 2026-08-04: 주주총회소집공고,7
아이스크림미디어,461300,0,OK,,,,2026-08-27: 주식등의대량보유상황보고서(일반) | 2026-08-14: 반기보고서 (2026.06) | 2026-08-07: 주요사항보고서(자기주식취득신탁계약체결결정) | 2026-08-07: 현금ㆍ현물배당결정              (중간 배당),4
경동도시가스,267290,0,OK,,,,2026-08-21: 대표이사(대표집행임원)변경(안내공시)               | 2026-08-21: 임시주주총회결과               | 2026-08-14: 반기보고서 (2026.06) | 2026-08-05: 의결권대리행사권유참고서류 | 2026-08-05: 주주총회소집공고,5
동양건설산업,005900,0,OK,,,,2026-08-28: 대규모기업집단현황공시[분기별공시(개별회사용)] | 2026-08-14: 반기보고서 (2026.06) | 2026-08-13: 지급수단별ㆍ지급기간별지급금액및분쟁조정기구에관한사항,3
링네트,042500,0,OK,,,,2026-08-14: 반기보고서 (2026.06) | 2026-08-03: 주식등의대량보유상황보고서(일반) | 2026-08-03: 임원ㆍ주요주주특정증권등소유상황보고서 | 2026-08-03: 주식등의대량보유상황보고서(일반),4
현대홈쇼핑,057050,0,OK,,,,2026-08-28: 대규모기업집단현황공시[분기별공시(개별회사용)] | 2026-08-14: 반기보고서 (2026.06) | 2026-08-13: 지급수단별ㆍ지급기간별지급금액및분쟁조정기구에관한사항 | 2026-08-05: 회사분할결정 | 2026-08-05: 주요사항보고서(회사분할결정),5
서울평가정보,036120,0,OK,,,,2026-08-20: 주주총회소집공고 | 2026-08-14: 반기보고서 (2026.06) | 2026-08-06: 금전대여결정              ,3
지투지바이오,456160,0,OK,,,,2026-08-27: 투자판단관련주요경영사항(임상시험결과)               | 2026-08-21: 주식등의대량보유상황보고서(일반) | 2026-08-14: 반기보고서 (2026.06) | 2026-08-05: 임원ㆍ주요주주특정증권등소유상황보고서,4
손오공,066910,0,OK,,,,2026-08-19: 주주총회소집공고 | 2026-08-19: [기재정정]주주총회소집결의              (임시주주총회) | 2026-08-14: 반기보고서 (2026.06) | 2026-08-10: 주식등의대량보유상황보고서(약식) | 2026-08-05: 합병등종료보고서(합병),5
컴퍼니케이,307930,0,OK,,,,2026-08-28: 독립이사의선임ㆍ해임또는중도퇴임에관한신고 | 2026-08-28: 임시주주총회결과               | 2026-08-13: 반기보고서 (2026.06) | 2026-08-13: 주주총회소집공고,4
멕아이씨에스,058110,0,OK,,,,2026-08-21: 임시주주총회결과               | 2026-08-18: 기업설명회(IR)개최               | 2026-08-11: 반기보고서 (2026.06) | 2026-08-04: 주식등의대량보유상황보고서(일반),4
한울소재과학,091440,0,OK,,,,2026-08-25: 전환청구권행사               | 2026-08-24: 전환청구권행사              (제7회차) | 2026-08-14: 반기보고서 (2026.06) | 2026-08-12: 독립이사의선임ㆍ해임또는중도퇴임에관한신고 | 2026-08-12: 임시주주총회결과              ,8
한미약품,128940,0,OK,,,,2026-08-28: 최대주주등소유주식변동신고서               | 2026-08-26: [기재정정]투자판단관련주요경영사항              (급성골수성백혈병(AML) 치료 항암신약 HM43239 기술이전 계약 체결) | 2026-08-24: 투자판단관련주요경영사항               | 2026-08-21: [기재정정]투자판단관련주요경영사항               | 2026-08-21: [기재정정]투자판단관련주요경영사항              ,33
멀티캠퍼스,067280,0,OK,,,,2026-08-31: 대규모기업집단현황공시[분기별공시(개별회사용)] | 2026-08-14: 반기보고서 (2026.06) | 2026-08-14: 지급수단별ㆍ지급기간별지급금액및분쟁조정기구에관한사항,3
토니모리,214420,0,OK,,,,2026-08-14: 반기보고서 (2026.06) | 2026-08-03: 임원ㆍ주요주주특정증권등거래계획보고서 | 2026-08-03: 임원ㆍ주요주주특정증권등거래계획보고서,3
글로벌텍스프리,204620,0,OK,,,,2026-08-14: 반기보고서 (2026.06) | 2026-08-10: 주식등의대량보유상황보고서(약식) | 2026-08-07: 주식등의대량보유상황보고서(약식),3
DRB동일,004840,0,OK,,,,2026-08-14: 반기보고서 (2026.06) | 2026-08-13: 주식등의대량보유상황보고서(약식) | 2026-08-12: 공정거래자율준수프로그램운영현황(안내공시)              ,3
흥국화재,000540,0,OK,,,,2026-08-31: [기재정정]반기보고서 (2026.06) | 2026-08-28: 대규모기업집단현황공시[분기별공시(개별회사용)] | 2026-08-18: [기재정정]반기보고서 (2026.06) | 2026-08-14: 반기보고서 (2026.06) | 2026-08-14: 지급수단별ㆍ지급기간별지급금액및분쟁조정기구에관한사항,5
국일제지,078130,0,OK,,,,2026-08-28: 대규모기업집단현황공시[분기별공시(개별회사용)] | 2026-08-18: 주주총회소집공고 | 2026-08-14: 반기보고서 (2026.06) | 2026-08-12: 지급수단별ㆍ지급기간별지급금액및분쟁조정기구에관한사항,4
에이비엘바이오,298380,0,OK,,,,2026-08-31: [기재정정]주식매수선택권부여에관한신고 | 2026-08-26: 주식매수선택권부여에관한신고 | 2026-08-11: 반기보고서 (2026.06) | 2026-08-04: 주식등의대량보유상황보고서(일반),4
타스컴,336040,0,OK,,,,2026-08-27: 임원ㆍ주요주주특정증권등소유상황보고서 | 2026-08-25: 임원ㆍ주요주주특정증권등소유상황보고서 | 2026-08-25: 주식등의대량보유상황보고서(일반) | 2026-08-24: 주식등의대량보유상황보고서(일반),4
본시스템즈,496320,0,OK,,,,2026-08-20: 주주명부폐쇄기간또는기준일설정               | 2026-08-20: 주주총회소집결의               | 2026-08-04: [기재정정]사업보고서 (2025.12),3
유진테크,084370,0,OK,,,,2026-08-27: 임원ㆍ주요주주특정증권등소유상황보고서 | 2026-08-27: 임원ㆍ주요주주특정증권등소유상황보고서 | 2026-08-20: 임원ㆍ주요주주특정증권등소유상황보고서 | 2026-08-14: 반기보고서 (2026.06) | 2026-08-07: 임원ㆍ주요주주특정증권등소유상황보고서,8
전북은행,006350,0,OK,,,,2026-08-14: [기재정정]일괄신고서 | 2026-08-14: 반기보고서 (2026.06) | 2026-08-06: 증권발행실적보고서 | 2026-08-05: 투자설명서(일괄신고) | 2026-08-05: 일괄신고추가서류,5
이월드,084680,0,OK,,,,2026-08-27: 임시주주총회결과               | 2026-08-27: 대규모기업집단현황공시[분기별공시(개별회사용)] | 2026-08-19: 주식등의대량보유상황보고서(일반) | 2026-08-14: 반기보고서 (2026.06) | 2026-08-14: 지급수단별ㆍ지급기간별지급금액및분쟁조정기구에관한사항,7
스틱인베스트먼트,026890,0,OK,,,,2026-08-21: 기타경영사항(자율공시)               | 2026-08-14: 반기보고서 (2026.06) | 2026-08-07: 주식등의대량보유상황보고서(일반),3
하이트진로,000080,0,OK,,,,2026-08-28: 대규모기업집단현황공시[분기별공시(개별회사용)] | 2026-08-13: 반기보고서 (2026.06) | 2026-08-13: 지급수단별ㆍ지급기간별지급금액및분쟁조정기구에관한사항,3
리메드,302550,0,OK,,,,2026-08-26: 주식등의대량보유상황보고서(일반) | 2026-08-20: 주식등의대량보유상황보고서(일반) | 2026-08-12: [첨부추가]반기보고서 (2026.06) | 2026-08-04: 주요사항보고서(자기주식취득신탁계약체결결정) | 2026-08-03: 주요사항보고서(자기주식취득신탁계약해지결정),6
HLB생명과학,067630,0,OK,,,,2026-08-31: 전환사채(해외전환사채포함)발행후만기전사채취득              (제13회차) | 2026-08-28: 타법인주식및출자증권취득결정               | 2026-08-26: 타법인주식및출자증권처분결정               | 2026-08-20: 교환가액의조정              (제16회차) | 2026-08-14: 전환사채(해외전환사채포함)발행후만기전사채취득              (제13회차),6
LG화학,051910,0,OK,,,,2026-08-31: 대규모기업집단현황공시[분기별공시(개별회사용)] | 2026-08-24: 풍문또는보도에대한해명(미확정)               | 2026-08-24: 조회공시요구(풍문또는보도)에대한답변(미확정)               | 2026-08-24: 기타안내사항(안내공시)               | 2026-08-14: 반기보고서 (2026.06),12
일진디스플,020760,0,OK,,,,2026-08-14: 반기보고서 (2026.06) | 2026-08-05: 임원ㆍ주요주주특정증권등소유상황보고서 | 2026-08-04: 주식등의대량보유상황보고서(일반),3
스모트로닉,066590,0,OK,,,,2026-09-01: [기재정정]타인에대한채무보증결정               | 2026-09-01: 타인에대한채무보증결정               | 2026-09-01: 타인에대한채무보증결정               | 2026-09-01: 타인에대한채무보증결정               | 2026-09-01: 타인에대한채무보증결정              ,10
대원전선,006340,0,OK,,,,2026-08-31: 임원ㆍ주요주주특정증권등소유상황보고서 | 2026-08-31: 최대주주등소유주식변동신고서               | 2026-08-27: 최대주주등소유주식변동신고서               | 2026-08-27: 임원ㆍ주요주주특정증권등소유상황보고서 | 2026-08-24: 임원ㆍ주요주주특정증권등소유상황보고서,7
한진,002320,0,OK,,,,2026-08-28: 대규모기업집단현황공시[분기별공시(개별회사용)] | 2026-08-25: [기재정정]반기보고서 (2026.06) | 2026-08-14: 반기보고서 (2026.06) | 2026-08-14: 지급수단별ㆍ지급기간별지급금액및분쟁조정기구에관한사항,4
에이프로젠바이오로직스,003060,0,OK,,,,2026-08-21: 주식등의대량보유상황보고서(일반) | 2026-08-13: 반기보고서 (2026.06) | 2026-08-11: 주식등의대량보유상황보고서(일반) | 2026-08-07: 주식등의대량보유상황보고서(일반),4
에치에프알,230240,0,OK,,,,2026-08-14: 반기보고서 (2026.06) | 2026-08-05: 임원ㆍ주요주주특정증권등소유상황보고서 | 2026-08-05: 임원ㆍ주요주주특정증권등소유상황보고서 | 2026-08-05: 주식등의대량보유상황보고서(일반) | 2026-08-03: 자기주식처분결과보고서,5
인산가,277410,0,OK,,,,2026-08-14: 반기보고서 (2026.06) | 2026-08-14: 독립이사의선임ㆍ해임또는중도퇴임에관한신고 | 2026-08-10: 신주인수권부사채(해외신주인수권부사채포함)발행후만기전사채취득              ,3
M83,476080,0,OK,,,,2026-08-28: 주식등의대량보유상황보고서(일반) | 2026-08-24: 주식등의대량보유상황보고서(일반) | 2026-08-13: 반기보고서 (2026.06),3
케이옥션,102370,0,OK,,,,2026-08-31: [기재정정]반기보고서 (2026.06) | 2026-08-26: 임원ㆍ주요주주특정증권등거래계획보고서 | 2026-08-21: 임원ㆍ주요주주특정증권등소유상황보고서 | 2026-08-20: 주주명부폐쇄기간또는기준일설정               | 2026-08-20: 주주총회소집결의              (임시주주총회),6
서울식품공업,004410,0,OK,,,,2026-08-31: 전환가액ㆍ신주인수권행사가액ㆍ교환가액의조정(안내공시)               | 2026-08-26: 임원ㆍ주요주주특정증권등소유상황보고서 | 2026-08-21: 최대주주등소유주식변동신고서               | 2026-08-14: 반기보고서 (2026.06) | 2026-08-13: 주식등의대량보유상황보고서(일반),5
티쓰리,204610,0,OK,,,,2026-08-31: [기재정정]현금ㆍ현물배당결정              (분기배당) | 2026-08-14: 반기보고서 (2026.06) | 2026-08-10: 주식등의대량보유상황보고서(약식),3
원티드랩,376980,0,OK,,,,2026-08-14: 반기보고서 (2026.06) | 2026-08-12: [기재정정]주식등의대량보유상황보고서(일반) | 2026-08-12: 주식등의대량보유상황보고서(일반),3
코람코더원리츠,417310,0,OK,,,,2026-08-27: 임원ㆍ주요주주특정증권등소유상황보고서 | 2026-08-27: 부동산투자회사금전배당결정               | 2026-08-26: 기타경영사항(자율공시)               | 2026-08-21: 정기주주총회결과               | 2026-08-20: 임원ㆍ주요주주특정증권등소유상황보고서,15
한국화장품제조,003350,0,OK,,,,2026-08-28: 주식등의대량보유상황보고서(약식) | 2026-08-13: 반기보고서 (2026.06) | 2026-08-13: [기재정정]사업보고서 (2025.12) | 2026-08-13: [기재정정]사업보고서 (2024.12),4
천보,278280,0,OK,,,,2026-08-31: [기재정정]주식등의대량보유상황보고서(일반) | 2026-08-31: [기재정정]주식등의대량보유상황보고서(일반) | 2026-08-14: 반기보고서 (2026.06) | 2026-08-13: 타인에대한담보제공결정               | 2026-08-05: 주식등의대량보유상황보고서(일반),5
STX,011810,0,OK,,,,"2026-08-20: 기타시장안내              (상장폐지 이의신청서 제출) | 2026-08-14: [첨부추가]반기보고서 (2026.06) | 2026-08-14: 기타시장안내              (상장적격성 실질심사 사유 추가 관련 안내) | 2026-08-14: 반기검토의견부적정,의견거절또는완전자본잠식사실발생               | 2026-08-13: [기재정정]투자판단관련주요경영사항              ",6
인터플렉스,051370,0,OK,,,,2026-08-31: 대규모기업집단현황공시[분기별공시(개별회사용)] | 2026-08-14: 반기보고서 (2026.06) | 2026-08-14: 지급수단별ㆍ지급기간별지급금액및분쟁조정기구에관한사항,3
아세아제지,002310,0,OK,,,,2026-08-14: 반기보고서 (2026.06) | 2026-08-14: 신탁계약해지결과보고서 | 2026-08-14: 주요사항보고서(자기주식취득신탁계약해지결정) | 2026-08-14: 신탁계약에의한취득상황보고서,4
신원,009270,0,OK,,,,2026-08-21: 주식등의대량보유상황보고서(일반) | 2026-08-14: 반기보고서 (2026.06) | 2026-08-14: [기재정정]사업보고서 (2025.12),3
미래에셋맵스리츠,357250,0,OK,,,,2026-08-27: 정기주주총회결과               | 2026-08-19: 사업보고서 (2026.05) | 2026-08-07: 감사보고서제출               | 2026-08-07: 의결권대리행사권유참고서류 | 2026-08-07: 주주총회소집공고,6
네오위즈홀딩스,042420,0,OK,,,,2026-08-18: 신탁계약에의한취득상황보고서 | 2026-08-14: 반기보고서 (2026.06) | 2026-08-12: 주요사항보고서(자기주식취득신탁계약체결결정)(자회사의 주요경영사항)               | 2026-08-12: 대표이사변경(자회사의 주요경영사항)              ,4
슈프리마,236200,0,OK,,,,2026-08-28: 기업설명회(IR)개최               | 2026-08-25: 임원ㆍ주요주주특정증권등소유상황보고서 | 2026-08-25: 임원ㆍ주요주주특정증권등소유상황보고서 | 2026-08-13: 반기보고서 (2026.06) | 2026-08-11: 독립이사의선임ㆍ해임또는중도퇴임에관한신고,7
한일홀딩스,003300,0,OK,,,,2026-08-27: 최대주주등소유주식변동신고서               | 2026-08-27: 주식등의대량보유상황보고서(일반) | 2026-08-14: 반기보고서 (2026.06) | 2026-08-07: [기재정정]유형자산처분결정(자회사의 주요경영사항)              ,4
로보티즈,108490,0,OK,,,,2026-08-14: 반기보고서 (2026.06) | 2026-08-10: 임원ㆍ주요주주특정증권등소유상황보고서 | 2026-08-06: 임원ㆍ주요주주특정증권등거래계획보고서,3
화승코퍼레이션,013520,0,OK,,,,2026-09-01: 주식등의대량보유상황보고서(일반) | 2026-09-01: 최대주주등소유주식변동신고서               | 2026-08-25: 최대주주등소유주식변동신고서               | 2026-08-14: 반기보고서 (2026.06) | 2026-08-04: 주식등의대량보유상황보고서(일반),6
동서,026960,0,OK,,,,2026-09-01: 최대주주등소유주식변동신고서               | 2026-09-01: 임원ㆍ주요주주특정증권등거래계획보고서 | 2026-08-13: 반기보고서 (2026.06),3
농심,004370,0,OK,,,,2026-08-24: 대규모기업집단현황공시[분기별공시(대표회사용)] | 2026-08-14: 반기보고서 (2026.06) | 2026-08-13: 지급수단별ㆍ지급기간별지급금액및분쟁조정기구에관한사항,3
바이오다인,314930,0,OK,,,,2026-08-14: 주식등의대량보유상황보고서(일반) | 2026-08-14: 반기보고서 (2026.06) | 2026-08-03: 금전대여결정(자율공시)              ,3
율촌화학,008730,0,OK,,,,2026-08-28: 대규모기업집단현황공시[분기별공시(개별회사용)] | 2026-08-14: 반기보고서 (2026.06) | 2026-08-14: 지급수단별ㆍ지급기간별지급금액및분쟁조정기구에관한사항,3
신한지주,055550,0,OK,,,,2026-08-26: 기업설명회(IR)개최(안내공시)               | 2026-08-26: 기업설명회(IR)개최(안내공시)               | 2026-08-26: 기업설명회(IR)개최(안내공시)               | 2026-08-19: 기업설명회(IR)개최(안내공시)               | 2026-08-19: 기업설명회(IR)개최(안내공시)              ,14
지슨,446840,0,OK,,,,2026-08-12: 반기보고서 (2026.06) | 2026-08-10: 임원ㆍ주요주주특정증권등소유상황보고서 | 2026-08-07: 독립이사의선임ㆍ해임또는중도퇴임에관한신고 | 2026-08-04: 임원ㆍ주요주주특정증권등소유상황보고서 | 2026-08-04: 임원ㆍ주요주주특정증권등소유상황보고서,5
코리아써키트,007810,0,OK,,,,2026-08-31: [기재정정]대규모기업집단현황공시[분기별공시(개별회사용)] | 2026-08-31: 대규모기업집단현황공시[분기별공시(개별회사용)] | 2026-08-14: 반기보고서 (2026.06) | 2026-08-14: 지급수단별ㆍ지급기간별지급금액및분쟁조정기구에관한사항,4
케이이엠텍,106080,0,OK,,,,2026-08-26: [기재정정]주주총회소집결의              (임시주주총회) | 2026-08-14: 반기검토(감사)의견부적정등사실확인(자본잠식률100분의50이상또는자기자본10억원미만포함)               | 2026-08-14: 반기보고서 (2026.06),3
씨씨에스,066790,0,OK,,,,2026-08-07: 투자판단관련주요경영사항              (소액주주들에 의한 [일시 이사의 직무를 행할자의 선임에 관한 재판요청서] 즉시항고에 대한 결정) | 2026-08-07: 기타경영사항(자율공시)              (방송미디어통신위원회의 최대주주 등에 대한 시정명령 처분관련 시정명령 취소 상고장 제출) | 2026-08-07: 반기보고서 (2026.06),3
광명전기,017040,0,OK,,,,"2026-08-28: [기재정정]투자판단관련주요경영사항              (최대주주 변경을 수반하는 주식양수도계약 체결) | 2026-08-14: 기타시장안내              (상장적격성 실질심사 사유 발생) | 2026-08-14: 반기보고서 (2026.06) | 2026-08-14: 반기검토의견부적정,의견거절또는완전자본잠식사실발생              ",4
인제니아테라퓨틱스,950260,0,OK,,,,2026-08-25: [기재정정]임원ㆍ주요주주특정증권등소유상황보고서 | 2026-08-25: 임원ㆍ주요주주특정증권등소유상황보고서 | 2026-08-25: 임원ㆍ주요주주특정증권등소유상황보고서 | 2026-08-25: 임원ㆍ주요주주특정증권등소유상황보고서 | 2026-08-25: 임원ㆍ주요주주특정증권등소유상황보고서,10
디와이에이,002880,0,OK,,,,2026-08-31: 전환가액ㆍ신주인수권행사가액ㆍ교환가액의조정(안내공시)               | 2026-08-21: 임원ㆍ주요주주특정증권등거래계획보고서 | 2026-08-21: 임원ㆍ주요주주특정증권등거래계획보고서 | 2026-08-18: 투자유의안내               | 2026-08-14: 반기보고서 (2026.06),8
혜인,003010,0,OK,,,,2026-08-24: 임원ㆍ주요주주특정증권등소유상황보고서 | 2026-08-24: 주식등의대량보유상황보고서(일반) | 2026-08-24: 최대주주등소유주식변동신고서               | 2026-08-14: 반기보고서 (2026.06) | 2026-08-14: [기재정정]사업보고서 (2025.12),7
깨끗한나라,004540,0,OK,,,,2026-08-24: 투자유의안내               | 2026-08-14: 반기보고서 (2026.06) | 2026-08-11: 대표이사(대표집행임원)변경(안내공시)              ,3
우진플라임,049800,0,OK,,,,2026-08-27: 최대주주등소유주식변동신고서               | 2026-08-27: 임원ㆍ주요주주특정증권등소유상황보고서 | 2026-08-18: 최대주주등소유주식변동신고서               | 2026-08-18: 임원ㆍ주요주주특정증권등소유상황보고서 | 2026-08-14: 반기보고서 (2026.06),5
딜리셔스,483350,0,OK,,,,2026-08-20: 주식등의대량보유상황보고서(약식) | 2026-08-19: 임원ㆍ주요주주특정증권등소유상황보고서 | 2026-08-19: 주식등의대량보유상황보고서(약식) | 2026-08-19: 주식등의대량보유상황보고서(약식) | 2026-08-19: 임원ㆍ주요주주특정증권등소유상황보고서,13
호텔신라,008770,0,OK,,,,2026-08-31: 대규모기업집단현황공시[분기별공시(개별회사용)] | 2026-08-20: 기업설명회(IR)개최(안내공시)               | 2026-08-20: 기업설명회(IR)개최(안내공시)               | 2026-08-14: 반기보고서 (2026.06) | 2026-08-14: 지급수단별ㆍ지급기간별지급금액및분쟁조정기구에관한사항,7
GRT,900290,0,OK,,,,2026-09-01: 타인에대한담보제공결정(자회사의 주요경영사항)               | 2026-09-01: 타인에대한채무보증결정(자회사의 주요경영사항)               | 2026-09-01: 타인에대한채무보증결정(자회사의 주요경영사항)               | 2026-09-01: 타인에대한채무보증결정(자회사의 주요경영사항)               | 2026-08-04: 증권발행결과(자율공시)              (제3자배정 유상증자),5
롯데쇼핑,023530,3,OK,,연결재무제표기준영업(잠정)실적(공정공시)              (+3),,2026-09-01: 최대주주등소유주식변동신고서               | 2026-09-01: 임원ㆍ주요주주특정증권등소유상황보고서 | 2026-08-27: 대규모기업집단현황공시[분기별공시(개별회사용)] | 2026-08-21: 기업설명회(IR)개최(안내공시)               | 2026-08-14: 반기보고서 (2026.06),10
엘앤에프,066970,3,OK,,연결재무제표기준영업(잠정)실적(공정공시)              (+3),,2026-08-26: 주식등의대량보유상황보고서(일반) | 2026-08-14: 반기보고서 (2026.06) | 2026-08-14: [기재정정]사업보고서 (2025.12) | 2026-08-06: 연결재무제표기준영업(잠정)실적(공정공시)               | 2026-08-05: 주식등의대량보유상황보고서(일반),5
LIG디펜스앤에어로스페이스,079550,3,OK,,연결재무제표기준영업(잠정)실적(공정공시)              (+3),,2026-09-01: 임원ㆍ주요주주특정증권등소유상황보고서 | 2026-08-28: 주식등의대량보유상황보고서(일반) | 2026-08-28: 대규모기업집단현황공시[분기별공시(개별회사용)] | 2026-08-14: [첨부추가]반기보고서 (2026.06) | 2026-08-25: [기재정정]반기보고서 (2026.06),8
강원랜드,035250,3,OK,,연결재무제표기준영업(잠정)실적(공정공시)              (+3),,2026-08-26: 임시주주총회결과               | 2026-08-14: 기업설명회(IR)개최(안내공시)               | 2026-08-14: 기업설명회(IR)개최(안내공시)               | 2026-08-14: 반기보고서 (2026.06) | 2026-08-11: 의결권대리행사권유참고서류,10
케이티앤지,033780,3,OK,,연결재무제표기준영업(잠정)실적(공정공시)              (+3),,2026-08-27: 대규모기업집단현황공시[분기별공시(대표회사용)] | 2026-08-14: 반기보고서 (2026.06) | 2026-08-14: 지급수단별ㆍ지급기간별지급금액및분쟁조정기구에관한사항 | 2026-08-06: 현금ㆍ현물배당결정               | 2026-08-06: 연결재무제표기준영업(잠정)실적(공정공시)              ,7
휴맥스,115160,3,OK,,[기재정정]주요사항보고서(회사합병결정)(+3),,2026-08-28: 임시주주총회결과               | 2026-08-27: 투자설명서 | 2026-08-27: 효력발생안내( 2026.8.14. 제출 증권신고서(합병) ) | 2026-08-25: [기재정정]타인에대한채무보증결정               | 2026-08-14: 파생상품거래손실발생              ,16
동원수산,030720,3,OK,,연결재무제표기준영업(잠정)실적(공정공시)              (+3),,2026-08-28: 주식등의대량보유상황보고서(일반) | 2026-08-28: 임원ㆍ주요주주특정증권등소유상황보고서 | 2026-08-28: 최대주주등소유주식변동신고서               | 2026-08-27: 기업가치제고계획(자율공시)               | 2026-08-21: 투자유의안내              ,11
클리오,237880,3,OK,,연결재무제표기준영업(잠정)실적(공정공시)              (+3),,2026-08-14: [기재정정]반기보고서 (2026.06) | 2026-08-14: 반기보고서 (2026.06) | 2026-08-13: 연결재무제표기준영업(잠정)실적(공정공시)               | 2026-08-07: 결산실적공시예고              ,4
윈팩,097800,3,OK,,영업(잠정)실적(공정공시)              (+3),,2026-08-21: 주식등의대량보유상황보고서(일반) | 2026-08-14: 반기보고서 (2026.06) | 2026-08-13: 영업(잠정)실적(공정공시)              ,3
뷰웍스,100120,3,OK,,연결재무제표기준영업(잠정)실적(공정공시)              (+3),,2026-08-14: 반기보고서 (2026.06) | 2026-08-03: 연결재무제표기준영업(잠정)실적(공정공시)              ,2
코스메카코리아,241710,3,OK,,연결재무제표기준영업(잠정)실적(공정공시)              (+3),,2026-09-01: 기업설명회(IR)개최               | 2026-08-28: 임원ㆍ주요주주특정증권등소유상황보고서 | 2026-08-21: 임원ㆍ주요주주특정증권등소유상황보고서 | 2026-08-14: 반기보고서 (2026.06) | 2026-08-11: 기업설명회(IR)개최              ,8
레이크머티리얼즈,281740,3,OK,,연결재무제표기준영업(잠정)실적(공정공시)              (+3),,2026-08-14: 반기보고서 (2026.06) | 2026-08-11: 연결재무제표기준영업(잠정)실적(공정공시)              ,2
롯데케미칼,011170,3,OK,,연결재무제표기준영업(잠정)실적(공정공시)              (+3),,2026-09-01: [기재정정]타인에대한채무보증결정               | 2026-08-28: 대규모기업집단현황공시[분기별공시(개별회사용)] | 2026-08-24: 풍문또는보도에대한해명(미확정)               | 2026-08-21: 풍문또는보도에대한해명(미확정)               | 2026-08-20: 현금ㆍ현물배당을위한주주명부폐쇄(기준일)결정              ,12
LX인터내셔널,001120,3,OK,,연결재무제표기준영업(잠정)실적(공정공시)              (+3),,2026-08-28: 대규모기업집단현황공시[분기별공시(개별회사용)] | 2026-08-14: 반기보고서 (2026.06) | 2026-08-14: 지급수단별ㆍ지급기간별지급금액및분쟁조정기구에관한사항 | 2026-08-12: 특수관계인에대한담보제공 | 2026-08-12: 특수관계인에대한자금대여,12
SG세계물산,004060,3,OK,,연결재무제표기준영업(잠정)실적(공정공시)              (+3),,2026-08-14: 반기보고서 (2026.06) | 2026-08-07: 연결재무제표기준영업(잠정)실적(공정공시)              ,2
대동,000490,3,OK,,연결재무제표기준영업(잠정)실적(공정공시)              (+3),,2026-08-26: 타법인주식및출자증권취득결정               | 2026-08-25: 최대주주등소유주식변동신고서               | 2026-08-25: 주식등의대량보유상황보고서(일반) | 2026-08-25: 타법인주식및출자증권취득결정               | 2026-08-25: 임원ㆍ주요주주특정증권등소유상황보고서,7
CJ ENM,035760,3,OK,,연결재무제표기준영업(잠정)실적(공정공시)              (+3),,2026-08-31: [기재정정]투자판단관련주요경영사항               | 2026-08-28: 대규모기업집단현황공시[분기별공시(개별회사용)] | 2026-08-21: 기업설명회(IR)개최               | 2026-08-14: 지급수단별ㆍ지급기간별지급금액및분쟁조정기구에관한사항 | 2026-08-14: 동일인등출자계열회사와의상품ㆍ용역거래변경,10
케이씨,029460,3,OK,,연결재무제표기준영업(잠정)실적(공정공시)              (+3),,2026-08-31: 임원ㆍ주요주주특정증권등소유상황보고서 | 2026-08-31: 임원ㆍ주요주주특정증권등소유상황보고서 | 2026-08-31: 주식등의대량보유상황보고서(일반) | 2026-08-31: 주식등의대량보유상황보고서(일반) | 2026-08-31: 주식등의대량보유상황보고서(일반),8
케이티알파,036030,3,OK,,영업(잠정)실적(공정공시)              (+3),,2026-08-27: 대규모기업집단현황공시[분기별공시(개별회사용)] | 2026-08-21: 임원ㆍ주요주주특정증권등소유상황보고서 | 2026-08-14: 반기보고서 (2026.06) | 2026-08-14: 지급수단별ㆍ지급기간별지급금액및분쟁조정기구에관한사항 | 2026-08-12: 영업(잠정)실적(공정공시)              ,5
인스피언,465480,3,OK,,영업(잠정)실적(공정공시)              (+3),,2026-09-01: 신탁계약해지결과보고서 | 2026-09-01: 주요사항보고서(자기주식취득신탁계약해지결정) | 2026-08-13: 반기보고서 (2026.06) | 2026-08-13: 영업(잠정)실적(공정공시)              ,4
지니언스,263860,3,OK,,연결재무제표기준영업(잠정)실적(공정공시)              (+3),,2026-08-14: 반기보고서 (2026.06) | 2026-08-13: 기업설명회(IR)개최               | 2026-08-04: 연결재무제표기준영업(잠정)실적(공정공시)              ,3
코오롱인더,120110,3,OK,,연결재무제표기준영업(잠정)실적(공정공시)              (+3),,2026-08-31: 주식등의대량보유상황보고서(일반) | 2026-08-31: 최대주주등소유주식변동신고서               | 2026-08-26: 대규모기업집단현황공시[분기별공시(개별회사용)] | 2026-08-14: 반기보고서 (2026.06) | 2026-08-07: 지급수단별ㆍ지급기간별지급금액및분쟁조정기구에관한사항,11
GC메디아이,032620,3,OK,,연결재무제표기준영업(잠정)실적(공정공시)              (+3),,2026-08-14: 반기보고서 (2026.06) | 2026-08-10: 연결재무제표기준영업(잠정)실적(공정공시)               | 2026-08-05: 주식등의대량보유상황보고서(일반),3
SK리츠,395400,3,OK,,영업(잠정)실적(공정공시)              (+3),,2026-08-27: 대규모기업집단현황공시[분기별공시(개별회사용)] | 2026-08-27: 임원ㆍ주요주주특정증권등소유상황보고서 | 2026-08-20: 부동산투자회사자금차입               | 2026-08-20: 임원ㆍ주요주주특정증권등소유상황보고서 | 2026-08-13: 지급수단별ㆍ지급기간별지급금액및분쟁조정기구에관한사항,12
와이엠씨,155650,3,OK,,연결재무제표기준영업(잠정)실적(공정공시)              (+3),,2026-08-14: 반기보고서 (2026.06) | 2026-08-05: 연결재무제표기준영업(잠정)실적(공정공시)              ,2
씨앤씨인터내셔널,352480,3,OK,,연결재무제표기준영업(잠정)실적(공정공시)              (+3),,2026-08-28: 신탁계약에의한취득상황보고서 | 2026-08-14: 반기보고서 (2026.06) | 2026-08-12: 주요사항보고서(자기주식취득신탁계약체결결정) | 2026-08-10: 연결재무제표기준영업(잠정)실적(공정공시)               | 2026-08-07: 기업설명회(IR)개최              ,7
JW중외제약,001060,3,OK,,영업(잠정)실적(공정공시)              (+3),,2026-08-28: 투자판단관련주요경영사항               | 2026-08-14: 투자판단관련주요경영사항               | 2026-08-14: 반기보고서 (2026.06) | 2026-08-11: 투자판단관련주요경영사항               | 2026-08-11: 공정거래자율준수프로그램운영현황(안내공시)              ,7
컴투스홀딩스,063080,3,OK,,연결재무제표기준영업(잠정)실적(공정공시)              (+3),,2026-08-14: 반기보고서 (2026.06) | 2026-08-12: 연결재무제표기준영업(잠정)실적(공정공시)              ,2
TYM,002900,3,OK,,연결재무제표기준영업(잠정)실적(공정공시)              (+3),,2026-08-21: 임원ㆍ주요주주특정증권등소유상황보고서 | 2026-08-14: 임원ㆍ주요주주특정증권등소유상황보고서 | 2026-08-14: 주식등의대량보유상황보고서(일반) | 2026-08-14: 최대주주등소유주식변동신고서               | 2026-08-13: [기재정정]현금ㆍ현물배당결정              ,10
쏘카,403550,3,OK,,연결재무제표기준영업(잠정)실적(공정공시)              (+3),,2026-08-13: 반기보고서 (2026.06) | 2026-08-11: 연결재무제표기준영업(잠정)실적(공정공시)               | 2026-08-11: [기재정정]주식매수선택권부여에관한신고 | 2026-08-11: [기재정정]주식매수선택권부여에관한신고 | 2026-08-11: [기재정정]주식매수선택권부여에관한신고,9
아이마켓코리아,122900,3,OK,,연결재무제표기준영업(잠정)실적(공정공시)              (+3),,2026-08-14: 반기보고서 (2026.06) | 2026-08-06: 현금ㆍ현물배당결정               | 2026-08-06: 연결재무제표기준영업(잠정)실적(공정공시)              ,3
에코프로머티,450080,3,OK,,연결재무제표기준영업(잠정)실적(공정공시)              (+3),,2026-08-31: 대규모기업집단현황공시[분기별공시(개별회사용)] | 2026-08-14: 반기보고서 (2026.06) | 2026-08-14: 지급수단별ㆍ지급기간별지급금액및분쟁조정기구에관한사항 | 2026-08-13: 최대주주등소유주식변동신고서               | 2026-08-13: 주식등의대량보유상황보고서(일반),6
파마리서치,214450,3,OK,,연결재무제표기준영업(잠정)실적(공정공시)              (+3),,2026-09-01: 기업설명회(IR)개최               | 2026-08-14: 반기보고서 (2026.06) | 2026-08-07: 연결재무제표기준영업(잠정)실적(공정공시)               | 2026-08-06: 기업설명회(IR)개최              ,4
한국전력공사,015760,3,OK,,연결재무제표기준영업(잠정)실적(공정공시)              (+3),,2026-08-27: 주주명부폐쇄기간또는기준일설정               | 2026-08-14: 반기보고서 (2026.06) | 2026-08-12: 연결재무제표기준영업(잠정)실적(공정공시)               | 2026-08-07: 기업설명회(IR)개최(안내공시)               | 2026-08-07: 결산실적공시예고(안내공시)              ,5
한전KPS,051600,3,OK,,연결재무제표기준영업(잠정)실적(공정공시)              (+3),,2026-08-25: 기업설명회(IR)개최(안내공시)               | 2026-08-14: 반기보고서 (2026.06) | 2026-08-12: 주주명부폐쇄기간또는기준일설정               | 2026-08-10: 연결재무제표기준영업(잠정)실적(공정공시)               | 2026-08-07: 풍문또는보도에대한해명(미확정)              ,7
아시아나항공,020560,3,OK,,회사합병결정(종속회사의주요경영사항)              (+3),,2026-08-31: 대규모기업집단현황공시[분기별공시(개별회사용)] | 2026-08-21: 기타경영사항(자율공시)               | 2026-08-21: 회사합병결정(종속회사의주요경영사항)               | 2026-08-19: 소송등의제기ㆍ신청(일정금액이상의청구)               | 2026-08-13: 반기보고서 (2026.06),7
JW생명과학,234080,3,OK,,영업(잠정)실적(공정공시)              (+3),,2026-08-14: 반기보고서 (2026.06) | 2026-08-12: 영업(잠정)실적(공정공시)              ,2
바텍,043150,3,OK,,연결재무제표기준영업(잠정)실적(공정공시)              (+3),,2026-08-20: 기업설명회(IR)개최               | 2026-08-14: 반기보고서 (2026.06) | 2026-08-13: 기업설명회(IR)개최               | 2026-08-11: 연결재무제표기준영업(잠정)실적(공정공시)               | 2026-08-06: 결산실적공시예고              ,5
메가스터디교육,215200,3,OK,,연결재무제표기준영업(잠정)실적(공정공시)              (+3),,2026-08-14: 반기보고서 (2026.06) | 2026-08-10: 임원ㆍ주요주주특정증권등소유상황보고서 | 2026-08-07: 연결재무제표기준영업(잠정)실적(공정공시)              ,3
에이유브랜즈,481070,3,OK,,연결재무제표기준영업(잠정)실적(공정공시)              (+3),,2026-08-18: 기업설명회(IR)개최               | 2026-08-14: 반기보고서 (2026.06) | 2026-08-13: 연결재무제표기준영업(잠정)실적(공정공시)              ,3
덕산하이메탈,077360,3,OK,,연결재무제표기준영업(잠정)실적(공정공시)              (+3),,2026-08-13: 반기보고서 (2026.06) | 2026-08-06: 기업설명회(IR)개최               | 2026-08-06: 연결재무제표기준영업(잠정)실적(공정공시)              ,3
한화,000880,3,OK,,영업(잠정)실적(공정공시)              (+3),,2026-08-31: [기재정정]반기보고서 (2026.06) | 2026-08-31: 대규모기업집단현황공시[분기별공시(대표회사용)] | 2026-08-14: 반기보고서 (2026.06) | 2026-08-14: 지급수단별ㆍ지급기간별지급금액및분쟁조정기구에관한사항 | 2026-08-04: 특수관계인에대한담보제공,31
큐리옥스바이오시스템즈,445680,3,OK,,연결재무제표기준영업(잠정)실적(공정공시)              (+3),,2026-08-14: 반기보고서 (2026.06) | 2026-08-12: [기재정정]주식매수선택권부여에관한신고 | 2026-08-11: 주식매수선택권부여에관한신고 | 2026-08-10: 임원ㆍ주요주주특정증권등소유상황보고서 | 2026-08-10: 주식등의대량보유상황보고서(일반),7
시프트업,462870,3,OK,,연결재무제표기준영업(잠정)실적(공정공시)              (+3),,2026-08-14: 반기보고서 (2026.06) | 2026-08-11: 연결재무제표기준영업(잠정)실적(공정공시)              ,2
동진쎄미켐,005290,3,OK,,연결재무제표기준영업(잠정)실적(공정공시)              (+3),,2026-08-31: 주요사항보고서(자기주식취득신탁계약해지결정) | 2026-08-24: 기업설명회(IR)개최               | 2026-08-14: 반기보고서 (2026.06) | 2026-08-06: 연결재무제표기준영업(잠정)실적(공정공시)              ,4
제이씨케미칼,137950,3,OK,,연결재무제표기준영업(잠정)실적(공정공시)              (+3),,2026-08-19: [기재정정]타인에대한채무보증결정               | 2026-08-14: 반기보고서 (2026.06) | 2026-08-06: [기재정정]신규시설투자등               | 2026-08-06: 연결재무제표기준영업(잠정)실적(공정공시)              ,4
진시스템,363250,3,OK,,유형자산취득결정(종속회사의주요경영사항)              (+3),,2026-08-27: 타인에대한채무보증결정               | 2026-08-14: 반기보고서 (2026.06) | 2026-08-07: 유형자산취득결정(종속회사의주요경영사항)              ,3
모델솔루션,417970,3,OK,,영업(잠정)실적(공정공시)              (+3),,2026-08-28: 대규모기업집단현황공시[분기별공시(개별회사용)] | 2026-08-14: 반기보고서 (2026.06) | 2026-08-14: 지급수단별ㆍ지급기간별지급금액및분쟁조정기구에관한사항 | 2026-08-06: 영업(잠정)실적(공정공시)               | 2026-08-03: 결산실적공시예고              ,5
인터로조,119610,3,OK,,연결재무제표기준영업(잠정)실적(공정공시)              (+3),,2026-08-14: 반기보고서 (2026.06) | 2026-08-07: 연결재무제표기준영업(잠정)실적(공정공시)              ,2
나노신소재,121600,3,OK,,연결재무제표기준영업(잠정)실적(공정공시)              (+3),,2026-08-14: 반기보고서 (2026.06) | 2026-08-10: 주식등의대량보유상황보고서(일반) | 2026-08-07: 연결재무제표기준영업(잠정)실적(공정공시)               | 2026-08-05: 임원ㆍ주요주주특정증권등소유상황보고서 | 2026-08-05: 임원ㆍ주요주주특정증권등소유상황보고서,6
피제이메탈,128660,3,OK,,연결재무제표기준영업(잠정)실적(공정공시)              (+3),,2026-08-14: 반기보고서 (2026.06) | 2026-08-11: 연결재무제표기준영업(잠정)실적(공정공시)              ,2
에이치시티,072990,3,OK,,연결재무제표기준영업(잠정)실적(공정공시)              (+3),,2026-08-31: 주식등의대량보유상황보고서(일반) | 2026-08-31: 임원ㆍ주요주주특정증권등소유상황보고서 | 2026-08-14: 반기보고서 (2026.06) | 2026-08-14: 연결재무제표기준영업(잠정)실적(공정공시)               | 2026-08-04: 대표이사변경              ,5
기산텔레콤,035460,3,OK,,[기재정정]유형자산취득결정              (+3),,2026-08-25: 본점소재지변경               | 2026-08-21: [기재정정]유형자산취득결정               | 2026-08-14: 반기보고서 (2026.06),3
한화손해보험,000370,3,OK,,영업(잠정)실적(공정공시)              (+3),,2026-08-31: [기재정정]반기보고서 (2026.06) | 2026-08-31: 대규모기업집단현황공시[분기별공시(개별회사용)] | 2026-08-13: 반기보고서 (2026.06) | 2026-08-12: 영업(잠정)실적(공정공시)               | 2026-08-10: [기재정정]수시공시의무관련사항(공정공시)              ,7
바이오노트,377740,3,OK,,연결재무제표기준영업(잠정)실적(공정공시)              (+3),,2026-08-13: 반기보고서 (2026.06) | 2026-08-06: 연결재무제표기준영업(잠정)실적(공정공시)              ,2
펌텍코리아,251970,3,OK,,연결재무제표기준영업(잠정)실적(공정공시)              (+3),,2026-08-14: 반기보고서 (2026.06) | 2026-08-14: 기업설명회(IR)개최               | 2026-08-11: 연결재무제표기준영업(잠정)실적(공정공시)               | 2026-08-06: 결산실적공시예고              ,4
디지털대성,068930,3,OK,,연결재무제표기준영업(잠정)실적(공정공시)              (+3),,2026-08-14: 반기보고서 (2026.06) | 2026-08-03: 연결재무제표기준영업(잠정)실적(공정공시)              ,2
더블유씨피,393890,3,OK,,연결재무제표기준영업(잠정)실적(공정공시)              (+3),,2026-08-14: 반기보고서 (2026.06) | 2026-08-07: 기업설명회(IR)개최               | 2026-08-07: 연결재무제표기준영업(잠정)실적(공정공시)               | 2026-08-03: 결산실적공시예고              ,4
한섬,020000,3,OK,,연결재무제표기준영업(잠정)실적(공정공시)              (+3),,2026-08-28: 대규모기업집단현황공시[분기별공시(개별회사용)] | 2026-08-25: 기업설명회(IR)개최(안내공시)               | 2026-08-14: 반기보고서 (2026.06) | 2026-08-14: 지급수단별ㆍ지급기간별지급금액및분쟁조정기구에관한사항 | 2026-08-13: 임원ㆍ주요주주특정증권등소유상황보고서,7
SNT홀딩스,036530,3,OK,,주요사항보고서(회사합병결정)(자회사의 주요경영사항)              (+3),,2026-09-01: 주요사항보고서(회사합병결정)(자회사의 주요경영사항)               | 2026-08-12: 반기보고서 (2026.06) | 2026-08-12: 현금ㆍ현물배당결정(자회사의 주요경영사항)               | 2026-08-12: 현금ㆍ현물배당결정(자회사의 주요경영사항)               | 2026-08-12: 현금ㆍ현물배당결정(자회사의 주요경영사항)              ,6
알에프텍,061040,3,OK,,[기재정정]주요사항보고서(회사합병결정)(+3),,2026-08-27: 효력발생안내( 2026.8.14. 제출 증권신고서(합병) ) | 2026-08-25: [기재정정]투자설명서 | 2026-08-21: [첨부정정]증권신고서(합병) | 2026-08-21: [기재정정]증권신고서(합병) | 2026-08-18: [기재정정]투자설명서,15
달바글로벌,483650,3,OK,,연결재무제표기준영업(잠정)실적(공정공시)              (+3),,2026-08-28: 기업설명회(IR)개최(안내공시)               | 2026-08-26: 주식등의대량보유상황보고서(일반) | 2026-08-25: 임원ㆍ주요주주특정증권등소유상황보고서 | 2026-08-24: 임원ㆍ주요주주특정증권등소유상황보고서 | 2026-08-21: [기재정정]기업지배구조보고서공시              ,12
헥토파이낸셜,234340,3,OK,,연결재무제표기준영업(잠정)실적(공정공시)              (+3),,2026-08-25: 기업설명회(IR)개최               | 2026-08-14: 반기보고서 (2026.06) | 2026-08-07: 주식등의대량보유상황보고서(일반) | 2026-08-06: 연결재무제표기준영업(잠정)실적(공정공시)              ,4
배럴,267790,3,OK,,연결재무제표기준영업(잠정)실적(공정공시)              (+3),,2026-08-13: 반기보고서 (2026.06) | 2026-08-07: 연결재무제표기준영업(잠정)실적(공정공시)              ,2
티씨케이,064760,3,OK,,영업(잠정)실적(공정공시)              (+3),,2026-08-14: 반기보고서 (2026.06) | 2026-08-07: 영업(잠정)실적(공정공시)              ,2
HL만도,204320,3,OK,,[기재정정]연결재무제표기준영업(잠정)실적(공정공시)              (+3),,2026-08-28: 대규모기업집단현황공시[분기별공시(개별회사용)] | 2026-08-14: [기재정정]연결재무제표기준영업(잠정)실적(공정공시)               | 2026-08-14: 반기보고서 (2026.06) | 2026-08-13: 지급수단별ㆍ지급기간별지급금액및분쟁조정기구에관한사항,4
에스앤에스텍,101490,3,OK,,연결재무제표기준영업(잠정)실적(공정공시)              (+3),,2026-08-13: 반기보고서 (2026.06) | 2026-08-11: 기업설명회(IR)개최               | 2026-08-03: 연결재무제표기준영업(잠정)실적(공정공시)              ,3
DB,012030,3,OK,,연결재무제표기준영업(잠정)실적(공정공시)              (+3),,2026-08-28: 주식등의대량보유상황보고서(일반) | 2026-08-28: 임원ㆍ주요주주특정증권등거래계획보고서 | 2026-08-27: 대규모기업집단현황공시[분기별공시(대표회사용)] | 2026-08-14: 반기보고서 (2026.06) | 2026-08-14: 지급수단별ㆍ지급기간별지급금액및분쟁조정기구에관한사항,6
오리온,271560,3,OK,,연결재무제표기준영업(잠정)실적(공정공시)              (+3),,2026-09-01: 주식등의대량보유상황보고서(약식) | 2026-08-31: 대규모기업집단현황공시[분기별공시(개별회사용)] | 2026-08-18: [기재정정]반기보고서 (2026.06) | 2026-08-14: 지급수단별ㆍ지급기간별지급금액및분쟁조정기구에관한사항 | 2026-08-14: 반기보고서 (2026.06),6
넷마블,251270,3,OK,,연결재무제표기준영업(잠정)실적(공정공시)              (+3),,2026-08-28: 주식등의대량보유상황보고서(일반) | 2026-08-28: 대규모기업집단현황공시[분기별공시(대표회사용)] | 2026-08-21: 임원ㆍ주요주주특정증권등거래계획보고서 | 2026-08-21: 임원ㆍ주요주주특정증권등거래계획보고서 | 2026-08-14: 지급수단별ㆍ지급기간별지급금액및분쟁조정기구에관한사항,10
비에이치,090460,3,OK,,연결재무제표기준영업(잠정)실적(공정공시)              (+3),,2026-08-14: 반기보고서 (2026.06) | 2026-08-11: 주식등의대량보유상황보고서(약식) | 2026-08-04: 연결재무제표기준영업(잠정)실적(공정공시)              ,3
SM C&C,048550,3,OK,,연결재무제표기준영업(잠정)실적(공정공시)              (+3),,2026-08-28: 대규모기업집단현황공시[분기별공시(개별회사용)] | 2026-08-14: 반기보고서 (2026.06) | 2026-08-14: 지급수단별ㆍ지급기간별지급금액및분쟁조정기구에관한사항 | 2026-08-04: 연결재무제표기준영업(잠정)실적(공정공시)              ,4
메디톡스,086900,3,OK,,연결재무제표기준영업(잠정)실적(공정공시)              (+3),,2026-08-28: 주식등의대량보유상황보고서(일반) | 2026-08-13: 반기보고서 (2026.06) | 2026-08-10: 연결재무제표기준영업(잠정)실적(공정공시)               | 2026-08-03: 임원ㆍ주요주주특정증권등소유상황보고서,4
씨에스윈드,112610,3,OK,,연결재무제표기준영업(잠정)실적(공정공시)              (+3),,2026-08-21: 주식등의대량보유상황보고서(일반) | 2026-08-18: 기업설명회(IR)개최(안내공시)               | 2026-08-18: 기업설명회(IR)개최(안내공시)               | 2026-08-14: 반기보고서 (2026.06) | 2026-08-10: 타인에대한채무보증결정              ,13
카카오게임즈,293490,3,OK,,연결재무제표기준영업(잠정)실적(공정공시)              (+3),,2026-08-25: 주식등의대량보유상황보고서(일반) | 2026-08-25: 임원ㆍ주요주주특정증권등소유상황보고서 | 2026-08-25: [기재정정]임원ㆍ주요주주특정증권등소유상황보고서 | 2026-08-24: 임원ㆍ주요주주특정증권등소유상황보고서 | 2026-08-24: 임원ㆍ주요주주특정증권등소유상황보고서,12
컴투스,078340,3,OK,,연결재무제표기준영업(잠정)실적(공정공시)              (+3),,2026-08-28: 주식등의대량보유상황보고서(일반) | 2026-08-14: 반기보고서 (2026.06) | 2026-08-12: 기업설명회(IR)개최               | 2026-08-12: 연결재무제표기준영업(잠정)실적(공정공시)               | 2026-08-06: 주식등의대량보유상황보고서(일반),5
위메이드플레이,123420,3,OK,,연결재무제표기준영업(잠정)실적(공정공시)              (+3),,2026-08-14: 반기보고서 (2026.06) | 2026-08-12: 연결재무제표기준영업(잠정)실적(공정공시)              ,2
이수앱지스,086890,3,OK,,영업(잠정)실적(공정공시)              (+3),,2026-08-14: 반기보고서 (2026.06) | 2026-08-10: 기업설명회(IR)개최               | 2026-08-06: 영업(잠정)실적(공정공시)              ,3
SK바이오사이언스,302440,3,OK,,연결재무제표기준영업(잠정)실적(공정공시)              (+3),,2026-08-28: 대규모기업집단현황공시[분기별공시(개별회사용)] | 2026-08-14: 지급수단별ㆍ지급기간별지급금액및분쟁조정기구에관한사항 | 2026-08-13: 반기보고서 (2026.06) | 2026-08-10: 기업설명회(IR)개최(안내공시)               | 2026-08-10: 연결재무제표기준영업(잠정)실적(공정공시)              ,5
케이씨씨,002380,3,OK,,연결재무제표기준영업(잠정)실적(공정공시)              (+3),,2026-08-31: 대규모기업집단현황공시[분기별공시(대표회사용)] | 2026-08-20: 주식등의대량보유상황보고서(일반) | 2026-08-20: 기업가치제고계획(자율공시)              (2026년) | 2026-08-18: 기업설명회(IR)개최(안내공시)               | 2026-08-14: 지급수단별ㆍ지급기간별지급금액및분쟁조정기구에관한사항,7
삼양패키징,272550,3,OK,,연결재무제표기준영업(잠정)실적(공정공시)              (+3),,2026-08-31: [발행조건확정]증권신고서(채무증권) | 2026-08-31: [기재정정]증권신고서(채무증권) | 2026-08-31: 대규모기업집단현황공시[분기별공시(개별회사용)] | 2026-08-25: 증권신고서(채무증권) | 2026-08-14: 반기보고서 (2026.06),7
이노션,214320,3,OK,,연결재무제표기준영업(잠정)실적(공정공시)              (+3),,2026-09-01: 주식등의대량보유상황보고서(약식) | 2026-08-28: 대규모기업집단현황공시[분기별공시(개별회사용)] | 2026-08-14: 반기보고서 (2026.06) | 2026-08-13: 지급수단별ㆍ지급기간별지급금액및분쟁조정기구에관한사항 | 2026-08-05: 연결재무제표기준영업(잠정)실적(공정공시)              ,5
케이씨씨글라스,344820,3,OK,,연결재무제표기준영업(잠정)실적(공정공시)              (+3),,2026-08-31: 대규모기업집단현황공시[분기별공시(개별회사용)] | 2026-08-21: 풍문또는보도에대한해명(미확정)               | 2026-08-20: 기타경영사항(자율공시)               | 2026-08-20: [기재정정]반기보고서 (2026.06) | 2026-08-14: [첨부추가]반기보고서 (2026.06),7
DB하이텍,000990,3,OK,,연결재무제표기준영업(잠정)실적(공정공시)              (+3),,2026-08-28: 대규모기업집단현황공시[분기별공시(개별회사용)] | 2026-08-14: 반기보고서 (2026.06) | 2026-08-14: 지급수단별ㆍ지급기간별지급금액및분쟁조정기구에관한사항 | 2026-08-05: 연결재무제표기준영업(잠정)실적(공정공시)               | 2026-08-03: 주식등의대량보유상황보고서(약식),5
보령,003850,3,OK,,연결재무제표기준영업(잠정)실적(공정공시)              (+3),,2026-08-26: 공정거래자율준수프로그램운영현황(안내공시)               | 2026-08-19: 기업설명회(IR)개최(안내공시)               | 2026-08-14: 반기보고서 (2026.06) | 2026-08-06: 연결재무제표기준영업(잠정)실적(공정공시)              ,4
CJ제일제당,097950,3,OK,,연결재무제표기준영업(잠정)실적(공정공시)              (+3),,2026-08-28: 대규모기업집단현황공시[분기별공시(개별회사용)] | 2026-08-24: 기업설명회(IR)개최(안내공시)               | 2026-08-14: 반기보고서 (2026.06) | 2026-08-14: 지급수단별ㆍ지급기간별지급금액및분쟁조정기구에관한사항 | 2026-08-11: 연결재무제표기준영업(잠정)실적(공정공시)              ,10
위메이드맥스,101730,3,OK,,연결재무제표기준영업(잠정)실적(공정공시)              (+3),,2026-08-14: 반기보고서 (2026.06) | 2026-08-12: 연결재무제표기준영업(잠정)실적(공정공시)               | 2026-08-12: 기업설명회(IR)개최              ,3
롯데웰푸드,280360,3,OK,,연결재무제표기준영업(잠정)실적(공정공시)              (+3),,2026-08-28: 대규모기업집단현황공시[분기별공시(개별회사용)] | 2026-08-13: 반기보고서 (2026.06) | 2026-08-13: 지급수단별ㆍ지급기간별지급금액및분쟁조정기구에관한사항 | 2026-08-07: 기업설명회(IR)개최(안내공시)               | 2026-08-07: 연결재무제표기준영업(잠정)실적(공정공시)              ,5
현대리바트,079430,3,OK,,연결재무제표기준영업(잠정)실적(공정공시)              (+3),,2026-08-28: 대규모기업집단현황공시[분기별공시(개별회사용)] | 2026-08-25: 기업설명회(IR)개최(안내공시)               | 2026-08-14: 반기보고서 (2026.06) | 2026-08-13: 지급수단별ㆍ지급기간별지급금액및분쟁조정기구에관한사항 | 2026-08-10: 기업설명회(IR)개최(안내공시)              ,7
비엠티,086670,3,OK,,연결재무제표기준영업(잠정)실적(공정공시)              (+3),,2026-08-14: 반기보고서 (2026.06) | 2026-08-10: 연결재무제표기준영업(잠정)실적(공정공시)              ,2
LG헬로비전,037560,3,OK,,연결재무제표기준영업(잠정)실적(공정공시)              (+3),,2026-08-31: 대규모기업집단현황공시[분기별공시(개별회사용)] | 2026-08-14: 반기보고서 (2026.06) | 2026-08-13: 지급수단별ㆍ지급기간별지급금액및분쟁조정기구에관한사항 | 2026-08-06: 연결재무제표기준영업(잠정)실적(공정공시)              ,4
중앙백신,072020,3,OK,,영업(잠정)실적(공정공시)              (+3),,2026-08-18: 유동성공급계약의체결               | 2026-08-14: 반기보고서 (2026.06) | 2026-08-06: 임원ㆍ주요주주특정증권등소유상황보고서 | 2026-08-05: 영업(잠정)실적(공정공시)              ,4
LG,003550,3,OK,,연결재무제표기준영업(잠정)실적(공정공시)              (+3),,2026-08-28: 대규모기업집단현황공시[분기별공시(대표회사용)] | 2026-08-27: 현금ㆍ현물배당결정               | 2026-08-27: 현금ㆍ현물배당을위한주주명부폐쇄(기준일)결정               | 2026-08-14: 반기보고서 (2026.06) | 2026-08-13: 지속가능경영보고서등관련사항(자율공시)              ,9
제주항공,089590,3,OK,,영업(잠정)실적(공정공시)              (+3),,2026-08-31: 대규모기업집단현황공시[분기별공시(개별회사용)] | 2026-08-31: [기재정정]유형자산처분결정               | 2026-08-20: 기업설명회(IR)개최(안내공시)               | 2026-08-20: [기재정정]영업양도결정(자율공시)(종속회사의주요경영사항)               | 2026-08-20: 특수관계인으로부터자산양수,10
현대바이오랜드,052260,3,OK,,연결재무제표기준영업(잠정)실적(공정공시)              (+3),,2026-08-28: 대규모기업집단현황공시[분기별공시(개별회사용)] | 2026-08-26: 기업설명회(IR)개최               | 2026-08-14: 반기보고서 (2026.06) | 2026-08-14: 지급수단별ㆍ지급기간별지급금액및분쟁조정기구에관한사항 | 2026-08-03: 연결재무제표기준영업(잠정)실적(공정공시)              ,5
GS,078930,3,OK,,연결재무제표기준영업(잠정)실적(공정공시)              (+3),,2026-09-01: 임원ㆍ주요주주특정증권등거래계획보고서 | 2026-08-28: 대규모기업집단현황공시[분기별공시(대표회사용)] | 2026-08-26: 최대주주등소유주식변동신고서               | 2026-08-26: 주식등의대량보유상황보고서(일반) | 2026-08-20: 최대주주등소유주식변동신고서              ,16
디아이,003160,3,OK,,연결재무제표기준영업(잠정)실적(공정공시)              (+3),,2026-08-20: 기업설명회(IR)개최(안내공시)               | 2026-08-14: 반기보고서 (2026.06) | 2026-08-07: 기타경영사항(자율공시)(종속회사의주요경영사항)               | 2026-08-03: 연결재무제표기준영업(잠정)실적(공정공시)              ,4
클래시스,214150,3,OK,,연결재무제표기준영업(잠정)실적(공정공시)              (+3),,2026-09-01: 기업설명회(IR)개최               | 2026-08-26: 기업설명회(IR)개최               | 2026-08-19: 기업설명회(IR)개최               | 2026-08-14: 반기보고서 (2026.06) | 2026-08-14: 기업설명회(IR)개최              ,11
코텍,052330,3,OK,,연결재무제표기준영업(잠정)실적(공정공시)              (+3),,2026-08-14: 반기보고서 (2026.06) | 2026-08-07: 연결재무제표기준영업(잠정)실적(공정공시)              ,2
한미반도체,042700,3,OK,,유형자산취득결정              (+3),,2026-08-28: 기업설명회(IR)개최(안내공시)               | 2026-08-19: 기업설명회(IR)개최(안내공시)               | 2026-08-19: 기업설명회(IR)개최(안내공시)               | 2026-08-19: 기업설명회(IR)개최(안내공시)               | 2026-08-18: 유형자산취득결정              ,7
CJ CGV,079160,3,OK,,연결재무제표기준영업(잠정)실적(공정공시)              (+3),,2026-08-28: 대규모기업집단현황공시[분기별공시(개별회사용)] | 2026-08-28: 조회공시요구(풍문또는보도)에대한답변(미확정)               | 2026-08-14: 반기보고서 (2026.06) | 2026-08-14: 지급수단별ㆍ지급기간별지급금액및분쟁조정기구에관한사항 | 2026-08-14: [기재정정]소송등의판결ㆍ결정(일정금액이상의청구)              ,8
롯데칠성음료,005300,3,OK,,연결재무제표기준영업(잠정)실적(공정공시)              (+3),,2026-08-28: 대규모기업집단현황공시[분기별공시(개별회사용)] | 2026-08-13: 반기보고서 (2026.06) | 2026-08-12: 지급수단별ㆍ지급기간별지급금액및분쟁조정기구에관한사항 | 2026-08-05: 연결재무제표기준영업(잠정)실적(공정공시)               | 2026-08-04: 기업설명회(IR)개최(안내공시)              ,5
이스타코,015020,3,OK,,유형자산취득결정              (+3),,"2026-08-14: 유형자산취득결정               | 2026-08-14: 반기보고서 (2026.06) | 2026-08-14: 반기검토의견부적정,의견거절또는완전자본잠식사실발생              ",3
대림제지,017650,3,OK,,주식분할결정              (+3),,2026-08-18: 의결권대리행사권유참고서류 | 2026-08-14: 의결권대리행사권유참고서류 | 2026-08-14: 주주총회소집공고 | 2026-08-14: 반기보고서 (2026.06) | 2026-08-13: 수시공시의무관련사항(공정공시)              (주주가치 제고를 위한 주주환원 정책 안내),7
네오위즈,095660,3,OK,,연결재무제표기준영업(잠정)실적(공정공시)              (+3),,2026-08-31: 합병등종료보고서(합병) | 2026-08-14: 반기보고서 (2026.06) | 2026-08-12: 주요사항보고서(자기주식취득신탁계약체결결정) | 2026-08-12: 대표이사변경               | 2026-08-12: 연결재무제표기준영업(잠정)실적(공정공시)              ,5
광동제약,009290,3,OK,,연결재무제표기준영업(잠정)실적(공정공시)              (+3),,2026-08-28: 최대주주등소유주식변동신고서               | 2026-08-14: 반기보고서 (2026.06) | 2026-08-12: 연결재무제표기준영업(잠정)실적(공정공시)              ,3
케이피에프,024880,3,OK,,연결재무제표기준영업(잠정)실적(공정공시)              (+3),,2026-08-24: 주식등의대량보유상황보고서(일반) | 2026-08-13: 반기보고서 (2026.06) | 2026-08-06: 연결재무제표기준영업(잠정)실적(공정공시)              ,3
골드앤에스,035290,3,OK,,영업(잠정)실적(공정공시)              (+3),,2026-08-14: 반기보고서 (2026.06) | 2026-08-05: 영업(잠정)실적(공정공시)              ,2
대신증권,003540,3,OK,,연결재무제표기준영업(잠정)실적(공정공시)              (+3),,2026-09-01: 증권발행실적보고서 | 2026-08-31: 증권신고서(채무증권) | 2026-08-31: 증권발행실적보고서 | 2026-08-31: 증권발행실적보고서 | 2026-08-31: 주식등의대량보유상황보고서(일반),62
폰드그룹,472850,3,OK,,연결재무제표기준영업(잠정)실적(공정공시)              (+3),,2026-08-31: 대규모기업집단현황공시[분기별공시(개별회사용)] | 2026-08-25: 주식등의대량보유상황보고서(일반) | 2026-08-19: 주식등의대량보유상황보고서(일반) | 2026-08-19: [기재정정]반기보고서 (2026.06) | 2026-08-14: 반기보고서 (2026.06),7
카카오뱅크,323410,3,OK,,영업(잠정)실적(공정공시)              (+3),,2026-08-31: 대규모기업집단현황공시[분기별공시(개별회사용)] | 2026-08-18: 기업설명회(IR)개최(안내공시)               | 2026-08-14: 반기보고서 (2026.06) | 2026-08-14: 임원ㆍ주요주주특정증권등소유상황보고서 | 2026-08-14: 임원ㆍ주요주주특정증권등소유상황보고서,18
에스케이렌터카,068400,3,OK,,주요사항보고서(회사합병결정)(+3),,2026-08-14: 반기보고서 (2026.06) | 2026-08-14: 주요사항보고서(회사합병결정),2
사조산업,007160,3,OK,,유형자산취득결정(종속회사의주요경영사항)              (+3),,2026-08-28: 대규모기업집단현황공시[분기별공시(대표회사용)] | 2026-08-14: 지급수단별ㆍ지급기간별지급금액및분쟁조정기구에관한사항 | 2026-08-14: 반기보고서 (2026.06) | 2026-08-12: 유형자산취득결정(종속회사의주요경영사항)               | 2026-08-06: 임원ㆍ주요주주특정증권등소유상황보고서,5
JW신약,067290,3,OK,,영업(잠정)실적(공정공시)              (+3),,2026-08-14: 반기보고서 (2026.06) | 2026-08-12: 영업(잠정)실적(공정공시)              ,2
마녀공장,439090,3,OK,,연결재무제표기준영업(잠정)실적(공정공시)              (+3),,2026-08-14: 반기보고서 (2026.06) | 2026-08-12: 연결재무제표기준영업(잠정)실적(공정공시)               | 2026-08-12: 신탁계약해지결과보고서 | 2026-08-12: 주요사항보고서(자기주식취득신탁계약해지결정),4
NHN벅스,104200,3,OK,,영업(잠정)실적(공정공시)              (+3),,2026-08-14: 반기보고서 (2026.06) | 2026-08-14: [기재정정]사업보고서 (2025.12) | 2026-08-11: 영업(잠정)실적(공정공시)              ,3
신세계I&C,035510,3,OK,,연결재무제표기준영업(잠정)실적(공정공시)              (+3),,2026-08-31: [기재정정]유형자산처분결정               | 2026-08-31: 대규모기업집단현황공시[분기별공시(개별회사용)] | 2026-08-14: 반기보고서 (2026.06) | 2026-08-14: 동일인등출자계열회사와의상품ㆍ용역거래변경 | 2026-08-14: 지급수단별ㆍ지급기간별지급금액및분쟁조정기구에관한사항,6
KZ정밀,036560,3,OK,,영업(잠정)실적(공정공시)              (+3),,2026-08-31: 대규모기업집단현황공시[분기별공시(개별회사용)] | 2026-08-14: 지급수단별ㆍ지급기간별지급금액및분쟁조정기구에관한사항 | 2026-08-14: 반기보고서 (2026.06) | 2026-08-06: 영업(잠정)실적(공정공시)              ,4
코리안리,003690,3,OK,,영업(잠정)실적(공정공시)              (+3),,2026-08-28: [기재정정]반기보고서 (2026.06) | 2026-08-14: 반기보고서 (2026.06) | 2026-08-14: 영업(잠정)실적(공정공시)              ,3
웅진씽크빅,095720,3,OK,,연결재무제표기준영업(잠정)실적(공정공시)              (+3),,2026-08-27: 대규모기업집단현황공시[분기별공시(개별회사용)] | 2026-08-14: 반기보고서 (2026.06) | 2026-08-14: 지급수단별ㆍ지급기간별지급금액및분쟁조정기구에관한사항 | 2026-08-10: 연결재무제표기준영업(잠정)실적(공정공시)              ,4
CJ대한통운,000120,3,OK,,연결재무제표기준영업(잠정)실적(공정공시)              (+3),,2026-09-01: 임원ㆍ주요주주특정증권등소유상황보고서 | 2026-08-31: 대규모기업집단현황공시[분기별공시(개별회사용)] | 2026-08-14: 반기보고서 (2026.06) | 2026-08-14: 지급수단별ㆍ지급기간별지급금액및분쟁조정기구에관한사항 | 2026-08-11: 연결재무제표기준영업(잠정)실적(공정공시)              ,5
씨엠티엑스,388210,3,OK,,연결재무제표기준영업(잠정)실적(공정공시)              (+3),,2026-08-14: [기재정정]반기보고서 (2026.06) | 2026-08-14: 반기보고서 (2026.06) | 2026-08-03: 연결재무제표기준영업(잠정)실적(공정공시)              ,3
심텍,222800,3,OK,,연결재무제표기준영업(잠정)실적(공정공시)              (+3),,2026-09-01: 주식등의대량보유상황보고서(약식) | 2026-08-25: 신규시설투자등               | 2026-08-13: 반기보고서 (2026.06) | 2026-08-11: 전환청구권행사               | 2026-08-05: 기업설명회(IR)개최              ,7
레이언스,228850,3,OK,,연결재무제표기준영업(잠정)실적(공정공시)              (+3),,2026-08-20: 기업설명회(IR)개최               | 2026-08-14: 반기보고서 (2026.06) | 2026-08-13: 기업설명회(IR)개최               | 2026-08-11: 연결재무제표기준영업(잠정)실적(공정공시)               | 2026-08-06: 결산실적공시예고              ,5
네오팜,092730,3,OK,,영업(잠정)실적(공정공시)              (+3),,2026-08-24: 기업설명회(IR)개최               | 2026-08-14: 반기보고서 (2026.06) | 2026-08-07: 영업(잠정)실적(공정공시)              ,3
잉글우드랩,950140,3,OK,,연결재무제표기준영업(잠정)실적(공정공시)              (+3),,2026-08-11: 반기보고서 (2026.06) | 2026-08-11: 기업설명회(IR)개최               | 2026-08-10: 연결재무제표기준영업(잠정)실적(공정공시)               | 2026-08-03: 결산실적공시예고              ,4
텔레칩스,054450,3,OK,,연결재무제표기준영업(잠정)실적(공정공시)              (+3),,2026-08-14: 반기보고서 (2026.06) | 2026-08-06: 연결재무제표기준영업(잠정)실적(공정공시)              ,2
레드캡투어,038390,3,OK,,연결재무제표기준영업(잠정)실적(공정공시)              (+3),,2026-08-14: 반기보고서 (2026.06) | 2026-08-12: 기업설명회(IR)개최               | 2026-08-06: 연결재무제표기준영업(잠정)실적(공정공시)               | 2026-08-03: 기업설명회(IR)개최              ,4
코웨이,021240,3,OK,,연결재무제표기준영업(잠정)실적(공정공시)              (+3),,2026-08-31: 증권신고서(채무증권) | 2026-08-28: 대규모기업집단현황공시[분기별공시(개별회사용)] | 2026-08-26: 최대주주등소유주식변동신고서               | 2026-08-26: 임원ㆍ주요주주특정증권등소유상황보고서 | 2026-08-21: 기업설명회(IR)개최(안내공시)              ,13
티케이지휴켐스,069260,3,OK,,연결재무제표기준영업(잠정)실적(공정공시)              (+3),,2026-08-14: 반기보고서 (2026.06) | 2026-08-07: 기업설명회(IR)개최(안내공시)               | 2026-08-07: 연결재무제표기준영업(잠정)실적(공정공시)              ,3
유니켐,011330,3,OK,,회사합병결정(자율공시)(종속회사의주요경영사항)              (+3),,2026-08-31: 주주명부폐쇄기간또는기준일설정               | 2026-08-31: 주주총회소집결의               | 2026-08-18: [기재정정]반기보고서 (2026.06) | 2026-08-13: 반기보고서 (2026.06) | 2026-08-06: [기재정정]타법인주식및출자증권취득결정              ,8
에코볼트,097780,3,OK,,[기재정정]주요사항보고서(회사합병결정)(+3),,2026-08-14: 반기보고서 (2026.06) | 2026-08-04: [기재정정]주요사항보고서(회사합병결정) | 2026-08-04: [기재정정]주주총회소집결의              (임시주주총회),3
KTis,058860,3,OK,,영업(잠정)실적(공정공시)              (+3),,2026-08-31: 대규모기업집단현황공시[분기별공시(개별회사용)] | 2026-08-14: 반기보고서 (2026.06) | 2026-08-14: 지급수단별ㆍ지급기간별지급금액및분쟁조정기구에관한사항 | 2026-08-12: 영업(잠정)실적(공정공시)              ,4
세이브존I&C,067830,3,OK,,영업(잠정)실적(공정공시)              (+3),,2026-08-14: 반기보고서 (2026.06) | 2026-08-12: 영업(잠정)실적(공정공시)              ,2
GS리테일,007070,3,OK,,연결재무제표기준영업(잠정)실적(공정공시)              (+3),,2026-08-28: 대규모기업집단현황공시[분기별공시(개별회사용)] | 2026-08-14: 반기보고서 (2026.06) | 2026-08-14: 지급수단별ㆍ지급기간별지급금액및분쟁조정기구에관한사항 | 2026-08-13: 임원ㆍ주요주주특정증권등소유상황보고서 | 2026-08-10: 임원ㆍ주요주주특정증권등소유상황보고서,8
KT지니뮤직,043610,3,OK,,연결재무제표기준영업(잠정)실적(공정공시)              (+3),,2026-08-27: 대규모기업집단현황공시[분기별공시(개별회사용)] | 2026-08-20: 의결권대리행사권유참고서류 | 2026-08-20: 주주총회소집공고 | 2026-08-14: 지급수단별ㆍ지급기간별지급금액및분쟁조정기구에관한사항 | 2026-08-14: 반기보고서 (2026.06),6
엑셀세라퓨틱스,373110,3,OK,,연결재무제표기준영업(잠정)실적(공정공시)              (+3),,2026-08-14: 반기보고서 (2026.06) | 2026-08-06: 연결재무제표기준영업(잠정)실적(공정공시)              ,2
미투온,201490,3,OK,,연결재무제표기준영업(잠정)실적(공정공시)              (+3),,2026-08-14: 반기보고서 (2026.06) | 2026-08-13: 연결재무제표기준영업(잠정)실적(공정공시)              ,2
덴티움,145720,3,OK,,연결재무제표기준영업(잠정)실적(공정공시)              (+3),,2026-08-14: [기재정정]소송등의판결ㆍ결정               | 2026-08-14: 반기보고서 (2026.06) | 2026-08-12: 소송등의판결ㆍ결정               | 2026-08-11: 연결재무제표기준영업(잠정)실적(공정공시)              ,4
서울보증보험,031210,3,OK,,영업(잠정)실적(공정공시)              (+3),,2026-08-25: 최대주주등소유주식변동신고서               | 2026-08-25: 임원ㆍ주요주주특정증권등소유상황보고서 | 2026-08-14: 반기보고서 (2026.06) | 2026-08-14: 영업(잠정)실적(공정공시)               | 2026-08-11: 현금ㆍ현물배당을위한주주명부폐쇄(기준일)결정              ,8
SH에너지화학,002360,3,OK,,연결재무제표기준영업(잠정)실적(공정공시)              (+3),,2026-08-28: 최대주주등소유주식변동신고서               | 2026-08-28: 임원ㆍ주요주주특정증권등소유상황보고서 | 2026-08-14: 반기보고서 (2026.06) | 2026-08-12: 최대주주등소유주식변동신고서               | 2026-08-12: 임원ㆍ주요주주특정증권등소유상황보고서,8
디케이락,105740,3,OK,,연결재무제표기준영업(잠정)실적(공정공시)              (+3),,2026-08-14: 반기보고서 (2026.06) | 2026-08-12: 임원ㆍ주요주주특정증권등소유상황보고서 | 2026-08-12: 임원ㆍ주요주주특정증권등소유상황보고서 | 2026-08-12: 주식등의대량보유상황보고서(일반) | 2026-08-12: 연결재무제표기준영업(잠정)실적(공정공시)              ,5
에코프로,086520,3,OK,,연결재무제표기준영업(잠정)실적(공정공시)              (+3),,2026-08-27: 특수관계인에대한자금대여 | 2026-08-27: 대규모기업집단현황공시[분기별공시(대표회사용)] | 2026-08-21: 주식등의대량보유상황보고서(일반) | 2026-08-14: 반기보고서 (2026.06) | 2026-08-13: 지급수단별ㆍ지급기간별지급금액및분쟁조정기구에관한사항,8
현대해상,001450,3,OK,,영업(잠정)실적(공정공시)              (+3),,2026-09-01: 주식등의대량보유상황보고서(일반) | 2026-08-27: 대규모기업집단현황공시[분기별공시(대표회사용)] | 2026-08-14: 반기보고서 (2026.06) | 2026-08-14: 영업(잠정)실적(공정공시)              ,4
펄어비스,263750,3,OK,,연결재무제표기준영업(잠정)실적(공정공시)              (+3),,2026-08-14: 반기보고서 (2026.06) | 2026-08-11: 연결재무제표기준영업실적등에대한전망(공정공시)               | 2026-08-11: 연결재무제표기준영업(잠정)실적(공정공시)              ,3
세방전지,004490,3,OK,,영업(잠정)실적(공정공시)              (+3),,2026-08-28: 타인에대한채무보증결정               | 2026-08-14: 반기보고서 (2026.06) | 2026-08-04: 영업(잠정)실적(공정공시)               | 2026-08-04: 기업설명회(IR)개최(안내공시)              ,4
애경산업,018250,3,OK,,연결재무제표기준영업(잠정)실적(공정공시)              (+3),,2026-08-28: 대규모기업집단현황공시[분기별공시(개별회사용)] | 2026-08-14: [기재정정]반기보고서 (2026.06) | 2026-08-14: 반기보고서 (2026.06) | 2026-08-14: 지급수단별ㆍ지급기간별지급금액및분쟁조정기구에관한사항 | 2026-08-14: 최대주주등소유주식변동신고서              ,7
GS글로벌,001250,3,OK,,연결재무제표기준영업(잠정)실적(공정공시)              (+3),,2026-08-28: 대규모기업집단현황공시[분기별공시(개별회사용)] | 2026-08-19: 타인에대한채무보증결정               | 2026-08-13: 반기보고서 (2026.06) | 2026-08-12: 타인에대한채무보증결정               | 2026-08-12: 타인에대한채무보증결정              ,9
롯데에너지머티리얼즈,020150,3,OK,,연결재무제표기준영업(잠정)실적(공정공시)              (+3),,2026-08-28: 기업설명회(IR)개최(안내공시)               | 2026-08-27: 대규모기업집단현황공시[분기별공시(개별회사용)] | 2026-08-21: 기업설명회(IR)개최(안내공시)               | 2026-08-21: 기업설명회(IR)개최(안내공시)               | 2026-08-21: 기업설명회(IR)개최(안내공시)              ,11
미래에셋증권,006800,3,OK,,연결재무제표기준영업(잠정)실적(공정공시)              (+3),,2026-09-01: 투자설명서(일괄신고) | 2026-09-01: 일괄신고추가서류(파생결합증권-주가연계증권) | 2026-09-01: 투자설명서(일괄신고) | 2026-09-01: 일괄신고추가서류(파생결합사채-주가연계파생결합사채) | 2026-08-31: 대규모기업집단현황공시[분기별공시(개별회사용)],95
씨티케이,260930,3,OK,,연결재무제표기준영업(잠정)실적(공정공시)              (+3),,2026-08-14: 반기보고서 (2026.06) | 2026-08-10: 연결재무제표기준영업(잠정)실적(공정공시)              ,2
S-Oil,010950,3,OK,,연결재무제표기준영업(잠정)실적(공정공시)              (+3),,2026-08-28: 대규모기업집단현황공시[분기별공시(대표회사용)] | 2026-08-26: 임원ㆍ주요주주특정증권등소유상황보고서 | 2026-08-26: 임원ㆍ주요주주특정증권등소유상황보고서 | 2026-08-14: 반기보고서 (2026.06) | 2026-08-13: 지급수단별ㆍ지급기간별지급금액및분쟁조정기구에관한사항,9
아진전자부품,009320,3,OK,,영업(잠정)실적(공정공시)              (+3),,2026-08-31: 대표이사(대표집행임원)변경(안내공시)               | 2026-08-27: 기타경영사항(자율공시)               | 2026-08-26: 최대주주등소유주식변동신고서               | 2026-08-26: 주식등의대량보유상황보고서(일반) | 2026-08-14: 반기보고서 (2026.06),13
하나투어,039130,3,OK,,연결재무제표기준영업(잠정)실적(공정공시)              (+3),,2026-09-01: 주식등의대량보유상황보고서(일반) | 2026-08-18: 주식매수선택권부여에관한신고 | 2026-08-18: 대표이사(대표집행임원)변경(안내공시)               | 2026-08-18: 임시주주총회결과               | 2026-08-14: 반기보고서 (2026.06),8
빅텍,065450,3,OK,,연결재무제표기준영업(잠정)실적(공정공시)              (+3),,2026-08-14: 반기보고서 (2026.06) | 2026-08-07: 연결재무제표기준영업(잠정)실적(공정공시)               | 2026-08-04: 주식등의대량보유상황보고서(약식),3
BGF리테일,282330,3,OK,,연결재무제표기준영업(잠정)실적(공정공시)              (+3),,2026-08-27: 대규모기업집단현황공시[분기별공시(개별회사용)] | 2026-08-18: 기업설명회(IR)개최(안내공시)               | 2026-08-14: [기재정정]반기보고서 (2026.06) | 2026-08-14: 반기보고서 (2026.06) | 2026-08-13: 지급수단별ㆍ지급기간별지급금액및분쟁조정기구에관한사항,9
GS피앤엘,499790,3,OK,,연결재무제표기준영업(잠정)실적(공정공시)              (+3),,2026-08-28: 대규모기업집단현황공시[분기별공시(개별회사용)] | 2026-08-14: 반기보고서 (2026.06) | 2026-08-13: 지급수단별ㆍ지급기간별지급금액및분쟁조정기구에관한사항 | 2026-08-04: 연결재무제표기준영업(잠정)실적(공정공시)              ,4
현대이지웰,090850,3,OK,,연결재무제표기준영업(잠정)실적(공정공시)              (+3),,2026-08-28: 대규모기업집단현황공시[분기별공시(개별회사용)] | 2026-08-25: 기업설명회(IR)개최               | 2026-08-14: 반기보고서 (2026.06) | 2026-08-14: 지급수단별ㆍ지급기간별지급금액및분쟁조정기구에관한사항 | 2026-08-13: 주식등의대량보유상황보고서(약식),6
현대비앤지스틸,004560,3,OK,,연결재무제표기준영업(잠정)실적(공정공시)              (+3),,2026-08-28: 대규모기업집단현황공시[분기별공시(개별회사용)] | 2026-08-14: 반기보고서 (2026.06) | 2026-08-14: 지급수단별ㆍ지급기간별지급금액및분쟁조정기구에관한사항 | 2026-08-03: 연결재무제표기준영업(잠정)실적(공정공시)              ,4
이녹스첨단소재,272290,3,OK,,연결재무제표기준영업(잠정)실적(공정공시)              (+3),,2026-08-21: 주식등의대량보유상황보고서(일반) | 2026-08-14: 반기보고서 (2026.06) | 2026-08-13: 타인에대한채무보증결정               | 2026-08-07: 임원ㆍ주요주주특정증권등소유상황보고서 | 2026-08-04: 연결재무제표기준영업(잠정)실적(공정공시)              ,5
디어유,376300,3,OK,,연결재무제표기준영업(잠정)실적(공정공시)              (+3),,2026-08-31: 대규모기업집단현황공시[분기별공시(개별회사용)] | 2026-08-14: 지급수단별ㆍ지급기간별지급금액및분쟁조정기구에관한사항 | 2026-08-14: 반기보고서 (2026.06) | 2026-08-04: 연결재무제표기준영업(잠정)실적(공정공시)               | 2026-08-04: 기업설명회(IR)개최              ,8
알테오젠,196170,3,OK,,연결재무제표기준영업(잠정)실적(공정공시)              (+3),,2026-08-31: 투자판단관련주요경영사항              (ALT-B4 라이선스 계약 파트너사 MSD로부터 판매 마일스톤 수령 예정) | 2026-08-14: [첨부추가]반기보고서 (2026.06) | 2026-08-21: 신규시설투자등               | 2026-08-13: 임원ㆍ주요주주특정증권등소유상황보고서 | 2026-08-13: 임원ㆍ주요주주특정증권등소유상황보고서,11
새론오토모티브,075180,3,OK,,[기재정정]회사합병결정(종속회사의주요경영사항)              (+3),,2026-08-31: [기재정정]해산사유발생(종속회사의주요경영사항)               | 2026-08-31: [기재정정]회사합병결정(종속회사의주요경영사항)               | 2026-08-14: [기재정정]반기보고서 (2026.06) | 2026-08-13: 반기보고서 (2026.06),4
한국앤컴퍼니,000240,3,OK,,연결재무제표기준영업(잠정)실적(공정공시)              (+3),,2026-08-31: 대규모기업집단현황공시[분기별공시(대표회사용)] | 2026-08-25: 생산중단               | 2026-08-14: 반기보고서 (2026.06) | 2026-08-14: 지급수단별ㆍ지급기간별지급금액및분쟁조정기구에관한사항 | 2026-08-12: 연결재무제표기준영업(잠정)실적(공정공시)              ,10
AP시스템,265520,3,OK,,연결재무제표기준영업(잠정)실적(공정공시)              (+3),,2026-08-20: 기업설명회(IR)개최               | 2026-08-14: 반기보고서 (2026.06) | 2026-08-07: 연결재무제표기준영업(잠정)실적(공정공시)              ,3
HS애드,035000,3,OK,,연결재무제표기준영업(잠정)실적(공정공시)              (+3),,2026-08-31: 대규모기업집단현황공시[분기별공시(개별회사용)] | 2026-08-13: 동일인등출자계열회사와의상품ㆍ용역거래변경 | 2026-08-13: 지급수단별ㆍ지급기간별지급금액및분쟁조정기구에관한사항 | 2026-08-13: 반기보고서 (2026.06) | 2026-08-12: 연결재무제표기준영업(잠정)실적(공정공시)              ,8
현대백화점,069960,3,OK,,연결재무제표기준영업(잠정)실적(공정공시)              (+3),,2026-08-31: 주식등의대량보유상황보고서(일반) | 2026-08-31: 기업설명회(IR)개최(안내공시)               | 2026-08-28: 대규모기업집단현황공시[분기별공시(개별회사용)] | 2026-08-25: 기업설명회(IR)개최(안내공시)               | 2026-08-20: 기업설명회(IR)개최(안내공시)              ,11
메쎄이상,408920,3,OK,,연결재무제표기준영업(잠정)실적(공정공시)              (+3),,2026-08-14: 반기보고서 (2026.06) | 2026-08-07: 연결재무제표기준영업(잠정)실적(공정공시)              ,2
티엘비,356860,3,OK,,연결재무제표기준영업(잠정)실적(공정공시)              (+3),,2026-08-27: 임원ㆍ주요주주특정증권등소유상황보고서 | 2026-08-14: 반기보고서 (2026.06) | 2026-08-12: 기업설명회(IR)개최               | 2026-08-06: 현금ㆍ현물배당결정              (중간배당) | 2026-08-06: 주요사항보고서(자기주식취득신탁계약체결결정),20
앤씨앤,092600,3,OK,,[기재정정]연결재무제표기준영업(잠정)실적(공정공시)              (+3),,2026-08-14: 반기보고서 (2026.06) | 2026-08-12: [기재정정]연결재무제표기준영업(잠정)실적(공정공시)              ,2
롯데렌탈,089860,3,OK,,연결재무제표기준영업(잠정)실적(공정공시)              (+3),,2026-09-01: 대표이사(대표집행임원)변경(안내공시)               | 2026-08-28: 대규모기업집단현황공시[분기별공시(개별회사용)] | 2026-08-18: 주식등의대량보유상황보고서(일반) | 2026-08-14: 반기보고서 (2026.06) | 2026-08-14: 지급수단별ㆍ지급기간별지급금액및분쟁조정기구에관한사항,9
하이록코리아,013030,3,OK,,연결재무제표기준영업(잠정)실적(공정공시)              (+3),,2026-08-18: 주식등의대량보유상황보고서(약식) | 2026-08-14: 반기보고서 (2026.06) | 2026-08-12: 주식등의대량보유상황보고서(약식) | 2026-08-10: 연결재무제표기준영업(잠정)실적(공정공시)              ,4
KG이니시스,035600,3,OK,,연결재무제표기준영업(잠정)실적(공정공시)              (+3),,2026-08-28: 대규모기업집단현황공시[분기별공시(개별회사용)] | 2026-08-28: [기재정정]특수관계인에대한출자 | 2026-08-28: [기재정정]타법인주식및출자증권취득결정(종속회사의주요경영사항)               | 2026-08-28: [첨부정정]기업가치제고계획(자율공시)               | 2026-08-27: [기재정정]타인에대한채무보증결정              ,13
신성이엔지,011930,3,OK,,연결재무제표기준영업(잠정)실적(공정공시)              (+3),,2026-08-21: [기재정정]반기보고서 (2026.06) | 2026-08-19: 기업설명회(IR)개최(안내공시)               | 2026-08-14: 반기보고서 (2026.06) | 2026-08-07: 연결재무제표기준영업(잠정)실적(공정공시)               | 2026-08-07: 기업가치제고계획(자율공시)              (기업가치 제고 계획(자율공시)(2026년)),10
지누스,013890,3,OK,,연결재무제표기준영업(잠정)실적(공정공시)              (+3),,2026-08-28: 대규모기업집단현황공시[분기별공시(개별회사용)] | 2026-08-28: [기재정정]유형자산처분결정(종속회사의주요경영사항)               | 2026-08-25: 기업설명회(IR)개최(안내공시)               | 2026-08-21: [기재정정]유형자산처분결정(종속회사의주요경영사항)               | 2026-08-18: 타인에대한채무보증결정              ,9
신세계인터내셔날,031430,3,OK,,연결재무제표기준영업(잠정)실적(공정공시)              (+3),,2026-08-31: 대규모기업집단현황공시[분기별공시(개별회사용)] | 2026-08-21: 기업설명회(IR)개최(안내공시)               | 2026-08-14: 반기보고서 (2026.06) | 2026-08-14: 동일인등출자계열회사와의상품ㆍ용역거래변경 | 2026-08-13: 지급수단별ㆍ지급기간별지급금액및분쟁조정기구에관한사항,7
삼성생명,032830,3,OK,,연결재무제표기준영업(잠정)실적(공정공시)              (+3),,2026-08-31: 특수관계인과의수익증권거래 | 2026-08-31: 대규모기업집단현황공시[분기별공시(개별회사용)] | 2026-08-14: 반기보고서 (2026.06) | 2026-08-13: 연결재무제표기준영업(잠정)실적(공정공시)              ,4
삼성증권,016360,3,OK,,연결재무제표기준영업(잠정)실적(공정공시)              (+3),,2026-09-01: 증권발행실적보고서 | 2026-09-01: 증권발행실적보고서 | 2026-08-31: 특수관계인에대한출자 | 2026-08-31: 대규모기업집단현황공시[분기별공시(개별회사용)] | 2026-08-28: 투자설명서(일괄신고),42
원익IPS,240810,3,OK,,연결재무제표기준영업(잠정)실적(공정공시)              (+3),,2026-08-28: 대규모기업집단현황공시[분기별공시(개별회사용)] | 2026-08-20: 의결권대리행사권유참고서류 | 2026-08-20: 주주총회소집공고 | 2026-08-14: 반기보고서 (2026.06) | 2026-08-14: 지급수단별ㆍ지급기간별지급금액및분쟁조정기구에관한사항,7
화천기계,010660,3,OK,,영업(잠정)실적(공정공시)              (+3),,2026-08-14: 반기보고서 (2026.06) | 2026-08-11: 영업(잠정)실적(공정공시)              ,2
삼성화재해상보험,000810,3,OK,,연결재무제표기준영업(잠정)실적(공정공시)              (+3),,2026-08-31: 대규모기업집단현황공시[분기별공시(개별회사용)] | 2026-08-31: 특수관계인과의수익증권거래 | 2026-08-19: 주식등의대량보유상황보고서(약식) | 2026-08-14: 반기보고서 (2026.06) | 2026-08-13: 연결재무제표기준영업(잠정)실적(공정공시)              ,5
한샘,009240,3,OK,,연결재무제표기준영업(잠정)실적(공정공시)              (+3),,2026-08-24: 임원ㆍ주요주주특정증권등소유상황보고서 | 2026-08-13: 반기보고서 (2026.06) | 2026-08-10: 연결재무제표기준영업(잠정)실적(공정공시)               | 2026-08-03: 합병등종료보고서(합병),4
원익QnC,074600,3,OK,,연결재무제표기준영업(잠정)실적(공정공시)              (+3),,2026-08-28: 대규모기업집단현황공시[분기별공시(개별회사용)] | 2026-08-14: 반기보고서 (2026.06) | 2026-08-14: 지급수단별ㆍ지급기간별지급금액및분쟁조정기구에관한사항 | 2026-08-12: 연결재무제표기준영업(잠정)실적(공정공시)              ,4
티비에이치글로벌,084870,3,OK,,연결재무제표기준영업(잠정)실적(공정공시)              (+3),,2026-08-21: 임원ㆍ주요주주특정증권등소유상황보고서 | 2026-08-21: 최대주주등소유주식변동신고서               | 2026-08-13: 반기보고서 (2026.06) | 2026-08-07: 연결재무제표기준영업(잠정)실적(공정공시)              ,4
포스뱅크,105760,3,OK,,연결재무제표기준영업(잠정)실적(공정공시)              (+3),,2026-08-13: 반기보고서 (2026.06) | 2026-08-10: 연결재무제표기준영업(잠정)실적(공정공시)              ,2
넥써쓰,205500,3,OK,,연결재무제표기준영업(잠정)실적(공정공시)              (+3),,2026-08-21: 주식등의대량보유상황보고서(일반) | 2026-08-21: 임원ㆍ주요주주특정증권등소유상황보고서 | 2026-08-19: [기재정정]주식매수선택권부여에관한신고 | 2026-08-19: 증권발행결과(자율공시)               | 2026-08-14: 반기보고서 (2026.06),14
케이프,064820,3,OK,,[첨부정정]주요사항보고서(회사합병결정)(+3),,2026-08-14: [첨부정정]주요사항보고서(회사합병결정) | 2026-08-14: 반기보고서 (2026.06) | 2026-08-10: [기재정정]사업보고서 (2025.12),3
데브시스터즈,194480,3,OK,,연결재무제표기준영업(잠정)실적(공정공시)              (+3),,2026-08-26: 임원ㆍ주요주주특정증권등소유상황보고서 | 2026-08-26: 기업설명회(IR)개최               | 2026-08-14: 반기보고서 (2026.06) | 2026-08-10: 임원ㆍ주요주주특정증권등소유상황보고서 | 2026-08-07: 연결재무제표기준영업(잠정)실적(공정공시)              ,5
서울바이오시스,092190,3,OK,,[기재정정]연결재무제표기준영업(잠정)실적(공정공시)              (+3),,2026-08-14: 반기보고서 (2026.06) | 2026-08-10: 연결재무제표기준영업실적등에대한전망(공정공시)               | 2026-08-10: [기재정정]연결재무제표기준영업(잠정)실적(공정공시)               | 2026-08-07: 기업설명회(IR)개최              ,4
샘씨엔에스,252990,3,OK,,영업(잠정)실적(공정공시)              (+3),,2026-08-14: 반기보고서 (2026.06) | 2026-08-05: 영업(잠정)실적(공정공시)               | 2026-08-03: 임원ㆍ주요주주특정증권등소유상황보고서,3
코스맥스,192820,3,OK,,연결재무제표기준영업(잠정)실적(공정공시)              (+3),,2026-09-01: 금전대여결정               | 2026-09-01: 단기차입금증가결정               | 2026-09-01: 타인에대한채무보증결정               | 2026-09-01: 타인에대한채무보증결정               | 2026-08-26: 기업설명회(IR)개최(안내공시)              ,12
태광,023160,3,OK,,연결재무제표기준영업(잠정)실적(공정공시)              (+3),,2026-09-01: 기업설명회(IR)개최               | 2026-09-01: 기업설명회(IR)개최               | 2026-08-14: 반기보고서 (2026.06) | 2026-08-12: 기업설명회(IR)개최               | 2026-08-12: 기업설명회(IR)개최              ,8
서울반도체,046890,3,OK,,[기재정정]연결재무제표기준영업(잠정)실적(공정공시)              (+3),,2026-08-14: 반기보고서 (2026.06) | 2026-08-11: 연결재무제표기준영업실적등에대한전망(공정공시)               | 2026-08-11: [기재정정]연결재무제표기준영업(잠정)실적(공정공시)               | 2026-08-07: 기업설명회(IR)개최              ,4
대동기어,008830,3,OK,,영업(잠정)실적(공정공시)              (+3),,2026-08-14: 반기보고서 (2026.06) | 2026-08-10: 영업(잠정)실적(공정공시)               | 2026-08-05: 주식등의대량보유상황보고서(일반) | 2026-08-05: 임원ㆍ주요주주특정증권등소유상황보고서,4
한국타이어앤테크놀로지,161390,3,OK,,연결재무제표기준영업(잠정)실적(공정공시)              (+3),,2026-08-31: 대규모기업집단현황공시[분기별공시(개별회사용)] | 2026-08-14: [기재정정]반기보고서 (2026.06) | 2026-08-14: 반기보고서 (2026.06) | 2026-08-14: 지급수단별ㆍ지급기간별지급금액및분쟁조정기구에관한사항 | 2026-08-11: 연결재무제표기준영업(잠정)실적(공정공시)              ,7
셀트리온제약,068760,3,OK,,영업(잠정)실적(공정공시)              (+3),,2026-08-27: 대규모기업집단현황공시[분기별공시(개별회사용)] | 2026-08-14: 반기보고서 (2026.06) | 2026-08-14: 지급수단별ㆍ지급기간별지급금액및분쟁조정기구에관한사항 | 2026-08-04: 영업(잠정)실적(공정공시)              ,4
부광약품,003000,3,OK,,유형자산취득결정              (+3),,2026-08-31: 출자법인회생절차및파산관련결정               | 2026-08-28: 대규모기업집단현황공시[분기별공시(개별회사용)] | 2026-08-26: 유형자산취득결정               | 2026-08-14: 출자법인회생절차및파산관련신청               | 2026-08-13: 지급수단별ㆍ지급기간별지급금액및분쟁조정기구에관한사항,6
코스맥스엔비티,222040,3,OK,,연결재무제표기준영업(잠정)실적(공정공시)              (+3),,2026-08-13: 반기보고서 (2026.06) | 2026-08-07: 연결재무제표기준영업(잠정)실적(공정공시)              ,2
경동나비엔,009450,3,OK,,연결재무제표기준영업(잠정)실적(공정공시)              (+3),,2026-08-14: 반기보고서 (2026.06) | 2026-08-11: 연결재무제표기준영업(잠정)실적(공정공시)              ,2
쎌바이오텍,049960,3,OK,,연결재무제표기준영업(잠정)실적(공정공시)              (+3),,2026-08-14: 반기보고서 (2026.06) | 2026-08-07: 연결재무제표기준영업(잠정)실적(공정공시)              ,2
아로마티카,0015N0,3,OK,,연결재무제표기준영업(잠정)실적(공정공시)              (+3),,2026-09-01: 주주명부폐쇄기간또는기준일설정               | 2026-08-31: 주주총회소집결의              (임시주주총회) | 2026-08-18: [기재정정]반기보고서 (2026.06) | 2026-08-14: 반기보고서 (2026.06) | 2026-08-06: 기업설명회(IR)개최              ,6
다우데이타,032190,3,OK,,[기재정정]회사합병결정(종속회사의주요경영사항)              (+3),,2026-08-31: 대규모기업집단현황공시[분기별공시(개별회사용)] | 2026-08-14: 반기보고서 (2026.06) | 2026-08-11: [기재정정]회사합병결정(종속회사의주요경영사항)               | 2026-08-10: 지급수단별ㆍ지급기간별지급금액및분쟁조정기구에관한사항,4
케이엔더블유,105330,3,OK,,연결재무제표기준영업(잠정)실적(공정공시)              (+3),,2026-08-27: 대규모기업집단현황공시[분기별공시(개별회사용)] | 2026-08-20: 임원ㆍ주요주주특정증권등소유상황보고서 | 2026-08-20: 주식등의대량보유상황보고서(일반) | 2026-08-18: 전환가액의조정               | 2026-08-14: 반기보고서 (2026.06),7
스튜디오드래곤,253450,3,OK,,연결재무제표기준영업(잠정)실적(공정공시)              (+3),,2026-08-31: 기업설명회(IR)개최               | 2026-08-31: 대규모기업집단현황공시[분기별공시(개별회사용)] | 2026-08-25: 기업설명회(IR)개최               | 2026-08-14: 반기보고서 (2026.06) | 2026-08-14: 지급수단별ㆍ지급기간별지급금액및분쟁조정기구에관한사항,7
조이시티,067000,3,OK,,연결재무제표기준영업(잠정)실적(공정공시)              (+3),,2026-08-19: 임원ㆍ주요주주특정증권등거래계획보고서 | 2026-08-18: 임원ㆍ주요주주특정증권등소유상황보고서 | 2026-08-14: 반기보고서 (2026.06) | 2026-08-07: 임원ㆍ주요주주특정증권등소유상황보고서 | 2026-08-04: 연결재무제표기준영업(잠정)실적(공정공시)              ,5
쇼박스,086980,3,OK,,연결재무제표기준영업(잠정)실적(공정공시)              (+3),,2026-08-31: 대규모기업집단현황공시[분기별공시(개별회사용)] | 2026-08-18: 기업설명회(IR)개최               | 2026-08-14: 지급수단별ㆍ지급기간별지급금액및분쟁조정기구에관한사항 | 2026-08-14: 반기보고서 (2026.06) | 2026-08-06: 연결재무제표기준영업(잠정)실적(공정공시)              ,5
한국공항,005430,3,OK,,연결재무제표기준영업(잠정)실적(공정공시)              (+3),,2026-08-31: 대규모기업집단현황공시[분기별공시(개별회사용)] | 2026-08-14: 반기보고서 (2026.06) | 2026-08-14: 지급수단별ㆍ지급기간별지급금액및분쟁조정기구에관한사항 | 2026-08-10: 연결재무제표기준영업(잠정)실적(공정공시)              ,4
와이지엔터테인먼트,122870,3,OK,,연결재무제표기준영업(잠정)실적(공정공시)              (+3),,2026-08-31: [첨부정정]지속가능경영보고서등관련사항(자율공시)               | 2026-08-14: 반기보고서 (2026.06) | 2026-08-07: [기재정정]주식매수선택권부여에관한신고 | 2026-08-07: 연결재무제표기준영업(잠정)실적(공정공시)              ,4
디와이씨,310870,3,OK,,연결재무제표기준영업(잠정)실적(공정공시)              (+3),,2026-08-14: [첨부추가]반기보고서 (2026.06) | 2026-08-04: 연결재무제표기준영업(잠정)실적(공정공시)              ,2
흥국에프엔비,189980,3,OK,,연결재무제표기준영업(잠정)실적(공정공시)              (+3),,2026-08-26: 임원ㆍ주요주주특정증권등소유상황보고서 | 2026-08-19: 주식등의대량보유상황보고서(일반) | 2026-08-19: 임원ㆍ주요주주특정증권등소유상황보고서 | 2026-08-14: 반기보고서 (2026.06) | 2026-08-11: 임원ㆍ주요주주특정증권등소유상황보고서,7
DB손해보험,005830,3,OK,,영업(잠정)실적(공정공시)              (+3),,2026-09-01: 동일인등출자계열회사와의상품ㆍ용역거래 | 2026-09-01: 특수관계인과의수익증권거래 | 2026-09-01: 특수관계인과의수익증권거래 | 2026-09-01: 특수관계인에대한자금대여 | 2026-08-31: 대규모기업집단현황공시[분기별공시(개별회사용)],11
원익머트리얼즈,104830,3,OK,,연결재무제표기준영업(잠정)실적(공정공시)              (+3),,2026-08-28: 대규모기업집단현황공시[분기별공시(개별회사용)] | 2026-08-14: 반기보고서 (2026.06) | 2026-08-14: 지급수단별ㆍ지급기간별지급금액및분쟁조정기구에관한사항 | 2026-08-07: 연결재무제표기준영업(잠정)실적(공정공시)              ,4
코메론,049430,3,OK,,연결재무제표기준영업(잠정)실적(공정공시)              (+3),,2026-08-25: 신탁계약해지결과보고서 | 2026-08-25: 신탁계약에의한취득상황보고서 | 2026-08-25: 주요사항보고서(자기주식취득신탁계약해지결정) | 2026-08-14: 반기보고서 (2026.06) | 2026-08-13: 연결재무제표기준영업(잠정)실적(공정공시)              ,5
JW홀딩스,096760,3,OK,,영업(잠정)실적(공정공시)              (+3),,2026-08-14: 반기보고서 (2026.06) | 2026-08-11: 영업(잠정)실적(공정공시)              ,2
키다리스튜디오,020120,3,OK,,연결재무제표기준영업(잠정)실적(공정공시)              (+3),,2026-08-28: 대규모기업집단현황공시[분기별공시(개별회사용)] | 2026-08-14: 반기보고서 (2026.06) | 2026-08-14: 지급수단별ㆍ지급기간별지급금액및분쟁조정기구에관한사항 | 2026-08-11: 연결재무제표기준영업(잠정)실적(공정공시)              ,4
위메이드,112040,3,OK,,연결재무제표기준영업(잠정)실적(공정공시)              (+3),,2026-08-18: 주식등의대량보유상황보고서(일반) | 2026-08-14: 반기보고서 (2026.06) | 2026-08-12: [기재정정]주식매수선택권부여에관한신고 | 2026-08-12: 연결재무제표기준영업(잠정)실적(공정공시)              ,4
에이피알,278470,3,OK,,연결재무제표기준영업(잠정)실적(공정공시)              (+3),,2026-08-27: 기업설명회(IR)개최(안내공시)               | 2026-08-14: 반기보고서 (2026.06) | 2026-08-06: 주식등의대량보유상황보고서(약식) | 2026-08-05: 연결재무제표기준영업(잠정)실적(공정공시)              ,4
원포유,122830,3,OK,,[첨부추가]주요사항보고서(회사합병결정)(+3),,2026-09-01: 타법인주식및출자증권취득결정               | 2026-08-14: 반기보고서 (2026.06) | 2026-08-06: [첨부추가]주요사항보고서(회사합병결정) | 2026-08-06: 주주명부폐쇄기간또는기준일설정              ,4
CJ프레시웨이,051500,3,OK,,연결재무제표기준영업(잠정)실적(공정공시)              (+3),,2026-08-28: 대규모기업집단현황공시[분기별공시(개별회사용)] | 2026-08-14: 반기보고서 (2026.06) | 2026-08-14: 지급수단별ㆍ지급기간별지급금액및분쟁조정기구에관한사항 | 2026-08-06: 기업설명회(IR)개최               | 2026-08-06: 동일인등출자계열회사와의상품ㆍ용역거래,9
카페24,042000,3,OK,,연결재무제표기준영업(잠정)실적(공정공시)              (+3),,2026-08-13: 반기보고서 (2026.06) | 2026-08-13: 신탁계약에의한취득상황보고서 | 2026-08-06: 주식등의대량보유상황보고서(일반) | 2026-08-06: 연결재무제표기준영업(잠정)실적(공정공시)              ,4
롯데하이마트,071840,3,OK,,영업(잠정)실적(공정공시)              (+3),,2026-08-28: 대규모기업집단현황공시[분기별공시(개별회사용)] | 2026-08-14: 반기보고서 (2026.06) | 2026-08-14: 지급수단별ㆍ지급기간별지급금액및분쟁조정기구에관한사항 | 2026-08-04: 기업설명회(IR)개최(안내공시)               | 2026-08-04: 영업(잠정)실적(공정공시)              ,5
CJ씨푸드,011150,3,OK,,영업(잠정)실적(공정공시)              (+3),,2026-08-28: 대규모기업집단현황공시[분기별공시(개별회사용)] | 2026-08-21: 대표이사(대표집행임원)변경(안내공시)               | 2026-08-21: 임시주주총회결과               | 2026-08-14: 반기보고서 (2026.06) | 2026-08-12: 지급수단별ㆍ지급기간별지급금액및분쟁조정기구에관한사항,7
웹젠,069080,3,OK,,연결재무제표기준영업(잠정)실적(공정공시)              (+3),,2026-08-28: 임원ㆍ주요주주특정증권등거래계획보고서 | 2026-08-13: 반기보고서 (2026.06) | 2026-08-06: 연결재무제표기준영업(잠정)실적(공정공시)               | 2026-08-06: 현금ㆍ현물배당결정              (분기배당) | 2026-08-06: 중간(분기)배당을위한주주명부폐쇄(기준일)결정              ,5
하림,136480,3,OK,,연결재무제표기준영업(잠정)실적(공정공시)              (+3),,2026-08-28: 대규모기업집단현황공시[분기별공시(개별회사용)] | 2026-08-13: [기재정정]지급수단별ㆍ지급기간별지급금액및분쟁조정기구에관한사항 | 2026-08-13: 지급수단별ㆍ지급기간별지급금액및분쟁조정기구에관한사항 | 2026-08-12: 반기보고서 (2026.06) | 2026-08-07: 연결재무제표기준영업(잠정)실적(공정공시)              ,5
에스피지,058610,3,OK,,연결재무제표기준영업(잠정)실적(공정공시)              (+3),,2026-08-14: 반기보고서 (2026.06) | 2026-08-12: 연결재무제표기준영업(잠정)실적(공정공시)              ,2
SNT모티브,064960,3,OK,,주요사항보고서(회사합병결정)(+3),,2026-09-01: 주주명부폐쇄기간또는기준일설정               | 2026-09-01: 주요사항보고서(회사합병결정) | 2026-08-18: [기재정정]반기보고서 (2026.06) | 2026-08-12: 반기보고서 (2026.06) | 2026-08-12: 현금ㆍ현물배당결정              ,5
제이에스코퍼레이션,194370,3,OK,,연결재무제표기준영업(잠정)실적(공정공시)              (+3),,2026-08-14: 반기보고서 (2026.06) | 2026-08-03: 연결재무제표기준영업(잠정)실적(공정공시)              ,2
옵티시스,109080,3,OK,,영업(잠정)실적(공정공시)              (+3),,2026-08-14: 반기보고서 (2026.06) | 2026-08-13: 영업(잠정)실적(공정공시)              ,2
토박스코리아,215480,3,OK,,연결재무제표기준영업(잠정)실적(공정공시)              (+3),,2026-08-14: 독립이사의선임ㆍ해임또는중도퇴임에관한신고 | 2026-08-14: 임시주주총회결과               | 2026-08-14: 대표이사변경               | 2026-08-13: 소송등의판결ㆍ결정               | 2026-08-13: 소송등의판결ㆍ결정              ,10
지구홀딩스,221800,3,OK,,연결재무제표기준영업(잠정)실적(공정공시)              (+3),,2026-08-28: 반기보고서 (2026.06) | 2026-08-27: 대표이사변경               | 2026-08-19: 연결재무제표기준영업(잠정)실적(공정공시)               | 2026-08-13: 기업설명회(IR)개최              ,4
JYP Ent.,035900,3,OK,,연결재무제표기준영업(잠정)실적(공정공시)              (+3),,2026-08-14: 반기보고서 (2026.06) | 2026-08-12: 연결재무제표기준영업(잠정)실적(공정공시)               | 2026-08-05: 기업설명회(IR)개최               | 2026-08-05: 결산실적공시예고              ,4
나인테크,267320,5,OK,,[기재정정]단일판매ㆍ공급계약체결              (+5),,2026-08-28: [기재정정]단일판매ㆍ공급계약체결               | 2026-08-14: 반기보고서 (2026.06),2
야스,255440,5,OK,,[기재정정]단일판매ㆍ공급계약체결              (+5),,2026-08-21: 대표이사변경               | 2026-08-19: [기재정정]단일판매ㆍ공급계약체결               | 2026-08-14: 반기보고서 (2026.06) | 2026-08-11: 임원ㆍ주요주주특정증권등소유상황보고서 | 2026-08-11: 주식등의대량보유상황보고서(일반),7
한국씨티은행,016830,5,OK,,주요사항보고서(자기주식취득결정)(+5),,2026-08-28: 주요사항보고서(자기주식취득결정) | 2026-08-14: 반기보고서 (2026.06),2
데이터스트림즈,199150,5,OK,,단일판매ㆍ공급계약체결(자율공시)              (+5),,2026-08-11: 단일판매ㆍ공급계약체결(자율공시)              ,1
제노코,361390,5,OK,,[기재정정]단일판매ㆍ공급계약체결(자율공시)              (+5),,2026-08-26: [기재정정]단일판매ㆍ공급계약체결(자율공시)               | 2026-08-14: 반기보고서 (2026.06) | 2026-08-13: 주주총회소집결의              (임시주주총회) | 2026-08-13: 주주명부폐쇄기간또는기준일설정              ,4
아스플로,159010,5,OK,,단일판매ㆍ공급계약체결              (+5),,2026-08-25: 단일판매ㆍ공급계약체결               | 2026-08-24: [첨부정정]주주총회소집결의              (임시주주총회) | 2026-08-24: 주식등의대량보유상황보고서(일반) | 2026-08-21: 주주총회소집결의              (임시주주총회) | 2026-08-21: 주주명부폐쇄기간또는기준일설정              ,11
진흥기업,002780,5,OK,,[기재정정]단일판매ㆍ공급계약체결              (+5),,2026-08-28: 대규모기업집단현황공시[분기별공시(개별회사용)] | 2026-08-28: [기재정정]단일판매ㆍ공급계약체결               | 2026-08-26: 임원ㆍ주요주주특정증권등소유상황보고서 | 2026-08-26: 주식등의대량보유상황보고서(일반) | 2026-08-26: 최대주주등소유주식변동신고서              ,10
이엘피,063760,5,OK,,[기재정정]단일판매ㆍ공급계약체결              (+5),,2026-08-25: 임원ㆍ주요주주특정증권등소유상황보고서 | 2026-08-25: 주식등의대량보유상황보고서(일반) | 2026-08-14: 반기보고서 (2026.06) | 2026-08-14: 현금ㆍ현물배당결정              (분기배당) | 2026-08-13: [기재정정]단일판매ㆍ공급계약체결              ,7
지에프씨생명과학,388610,5,OK,,주식소각결정              (+5),,2026-08-27: 임원ㆍ주요주주특정증권등소유상황보고서 | 2026-08-27: 주식등의대량보유상황보고서(일반) | 2026-08-24: 주주명부폐쇄기간또는기준일설정               | 2026-08-24: 주주총회소집결의              (임시주주총회) | 2026-08-24: 주식소각결정              ,12
워트,396470,5,OK,,단일판매ㆍ공급계약체결(자율공시)              (+5),,2026-08-19: 단일판매ㆍ공급계약체결(자율공시)               | 2026-08-07: 반기보고서 (2026.06),2
세아홀딩스,058650,5,OK,,주식소각결정              (+5),,2026-08-28: 대규모기업집단현황공시[분기별공시(대표회사용)] | 2026-08-18: 주식소각결정               | 2026-08-14: 반기보고서 (2026.06) | 2026-08-14: 지급수단별ㆍ지급기간별지급금액및분쟁조정기구에관한사항,4
유바이오로직스,206650,5,OK,,주식소각결정              (+5),,2026-08-26: [기재정정]타법인주식및출자증권취득결정               | 2026-08-24: 신탁계약해지결과보고서 | 2026-08-21: 주식소각결정               | 2026-08-21: 주요사항보고서(자기주식취득신탁계약해지결정) | 2026-08-18: 투자판단관련주요경영사항(임상시험계획승인신청)              (알츠하이머병 대응 백신 PADIVAX의 제1상 임상시험계획승인 신청(IND)),6
서호전기,065710,5,OK,,단일판매ㆍ공급계약체결              (+5),,2026-08-28: 단일판매ㆍ공급계약체결               | 2026-08-14: 반기보고서 (2026.06) | 2026-08-12: 현금ㆍ현물배당결정              (분기배당),3
동아쏘시오홀딩스,000640,5,OK,,단일판매ㆍ공급계약체결(자회사의 주요경영사항)              (+5),,2026-08-28: 단일판매ㆍ공급계약체결(자회사의 주요경영사항)               | 2026-08-27: 주식등의대량보유상황보고서(일반) | 2026-08-14: 반기보고서 (2026.06) | 2026-08-13: 주주명부폐쇄기간또는기준일설정               | 2026-08-13: 주주총회소집결의              ,7
알체라,347860,5,OK,,[기재정정]단일판매ㆍ공급계약체결              (+5),,2026-08-14: 반기보고서 (2026.06) | 2026-08-05: [기재정정]단일판매ㆍ공급계약체결              ,2
센서뷰,321370,5,🚨 YES,[기재정정]주요사항보고서(유상증자결정),[기재정정]단일판매ㆍ공급계약체결              (+5) | 단일판매ㆍ공급계약체결              (+5) | 단일판매ㆍ공급계약체결(자율공시)              (+5) | 단일판매ㆍ공급계약체결(자율공시)              (+5),[기재정정]주요사항보고서(유상증자결정)(-15),2026-09-01: [기재정정]단일판매ㆍ공급계약체결               | 2026-08-31: 단기차입금감소결정(자율공시)               | 2026-08-28: 주식등의대량보유상황보고서(일반) | 2026-08-28: 임원ㆍ주요주주특정증권등소유상황보고서 | 2026-08-28: 임원ㆍ주요주주특정증권등소유상황보고서,28
SCL사이언스,246960,5,OK,,단일판매ㆍ공급계약체결              (+5),,2026-08-18: 주식등의대량보유상황보고서(일반) | 2026-08-14: 반기보고서 (2026.06) | 2026-08-10: 단일판매ㆍ공급계약체결               | 2026-08-06: 임원ㆍ주요주주특정증권등소유상황보고서 | 2026-08-06: [기재정정]임원ㆍ주요주주특정증권등소유상황보고서,5
영진약품,003520,5,OK,,[기재정정]단일판매ㆍ공급계약체결              (+5),,2026-09-01: 소송등의제기ㆍ신청(일정금액이상의청구)               | 2026-09-01: 소송등의제기ㆍ신청(일정금액이상의청구)               | 2026-08-28: 대규모기업집단현황공시[분기별공시(개별회사용)] | 2026-08-14: 반기보고서 (2026.06) | 2026-08-13: 지급수단별ㆍ지급기간별지급금액및분쟁조정기구에관한사항,6
SBI인베스트먼트,019550,5,OK,,주식소각결정              (+5),,2026-08-20: 주식소각결정               | 2026-08-14: 반기보고서 (2026.06),2
동신건설,025950,5,OK,,[기재정정]단일판매ㆍ공급계약체결              (+5),,2026-08-21: [기재정정]단일판매ㆍ공급계약체결               | 2026-08-14: 반기보고서 (2026.06) | 2026-08-12: [기재정정]사업보고서 (2024.12) | 2026-08-12: [기재정정]사업보고서 (2025.12) | 2026-08-12: [기재정정]분기보고서 (2026.03),5
이노에이엑스,296640,5,OK,,[기재정정]단일판매ㆍ공급계약체결              (+5),,2026-08-25: 임원ㆍ주요주주특정증권등소유상황보고서 | 2026-08-25: 임원ㆍ주요주주특정증권등소유상황보고서 | 2026-08-25: 임원ㆍ주요주주특정증권등소유상황보고서 | 2026-08-25: 임원ㆍ주요주주특정증권등소유상황보고서 | 2026-08-14: 반기보고서 (2026.06),6
모비스,250060,5,OK,,단일판매ㆍ공급계약체결(자율공시)              (+5),,2026-08-13: 반기보고서 (2026.06) | 2026-08-07: 단일판매ㆍ공급계약체결(자율공시)              ,2
사피엔반도체,452430,5,OK,,단일판매ㆍ공급계약체결              (+5),,2026-08-12: 반기보고서 (2026.06) | 2026-08-04: 단일판매ㆍ공급계약체결              ,2
KPX케미칼,025000,5,OK,,주식소각결정              (+5),,2026-08-28: 주식소각결정               | 2026-08-19: 최대주주등소유주식변동신고서               | 2026-08-14: 반기보고서 (2026.06),3
브이티,018290,5,OK,,주요사항보고서(자기주식취득결정)(+5),,2026-08-28: 주식등의대량보유상황보고서(일반) | 2026-08-13: 주요사항보고서(자기주식취득결정) | 2026-08-13: 반기보고서 (2026.06) | 2026-08-11: 기업설명회(IR)개최              ,4
저스템,417840,5,OK,,주요사항보고서(자기주식취득결정)(+5),,2026-08-27: 주요사항보고서(자기주식취득결정) | 2026-08-12: 반기보고서 (2026.06) | 2026-08-06: 주식등의대량보유상황보고서(일반),3
부방,014470,5,OK,,주식소각결정              (+5),,2026-08-31: 타인에대한담보제공결정               | 2026-08-26: 임원ㆍ주요주주특정증권등소유상황보고서 | 2026-08-18: 임원ㆍ주요주주특정증권등소유상황보고서 | 2026-08-14: [기재정정]사업보고서 (2024.12) | 2026-08-14: [기재정정]사업보고서 (2025.12),11
세미파이브,490470,5,OK,,[기재정정]단일판매ㆍ공급계약체결              (+5),,2026-08-25: 임원ㆍ주요주주특정증권등소유상황보고서 | 2026-08-24: [기재정정]단일판매ㆍ공급계약체결               | 2026-08-14: 반기보고서 (2026.06),3
삼미금속,012210,5,OK,,[기재정정]단일판매ㆍ공급계약체결              (+5),,2026-09-01: [기재정정]단일판매ㆍ공급계약체결               | 2026-08-13: 반기보고서 (2026.06),2
대덕,008060,5,OK,,[기재정정]주식소각결정(자회사의 주요경영사항)              (+5),,2026-08-14: 반기보고서 (2026.06) | 2026-08-12: 임원ㆍ주요주주특정증권등소유상황보고서 | 2026-08-11: [기재정정]주식소각결정(자회사의 주요경영사항)               | 2026-08-11: 주요사항보고서(자기주식취득신탁계약해지결정)(자회사의 주요경영사항)              ,4
이녹스,088390,5,OK,,[기재정정]단일판매ㆍ공급계약체결(자회사의 주요경영사항)              (+5),,2026-08-28: [기재정정]단일판매ㆍ공급계약체결(자회사의 주요경영사항)               | 2026-08-14: 반기보고서 (2026.06) | 2026-08-13: 타인에대한채무보증결정(자회사의 주요경영사항)              ,3
선도전기,007610,5,OK,,[기재정정]단일판매ㆍ공급계약체결              (+5),,2026-08-31: [기재정정]단일판매ㆍ공급계약체결               | 2026-08-13: [첨부정정]사업보고서 (2024.12) | 2026-08-13: 반기보고서 (2026.06) | 2026-08-13: [첨부정정]사업보고서 (2025.12) | 2026-08-13: [첨부정정]사업보고서 (2024.12),5
마키나락스,477850,5,OK,,단일판매ㆍ공급계약체결              (+5),,2026-08-26: 기업설명회(IR)개최               | 2026-08-26: 단일판매ㆍ공급계약체결               | 2026-08-14: 반기보고서 (2026.06) | 2026-08-07: 조회공시요구(현저한시황변동)에대한답변(미확정)              ,4
세미티에스,0017J0,5,OK,,단일판매ㆍ공급계약체결              (+5),,2026-08-12: 단일판매ㆍ공급계약체결               | 2026-08-11: 반기보고서 (2026.06),2
필에너지,378340,5,OK,,[기재정정]단일판매ㆍ공급계약체결              (+5),,2026-08-31: [기재정정]단일판매ㆍ공급계약체결               | 2026-08-14: 반기보고서 (2026.06),2
DXVX,180400,5,OK,,[기재정정]단일판매ㆍ공급계약체결              (+5),,2026-08-24: 주주명부폐쇄기간또는기준일설정               | 2026-08-24: 주주총회소집결의              (임시주주총회) | 2026-08-21: 주식등의대량보유상황보고서(일반) | 2026-08-21: 임원ㆍ주요주주특정증권등소유상황보고서 | 2026-08-21: [기재정정]임원ㆍ주요주주특정증권등소유상황보고서,11
DMS,068790,5,OK,,주식소각결정              (+5),,2026-08-31: 주식등의대량보유상황보고서(일반) | 2026-08-31: 자기주식취득결과보고서 | 2026-08-31: 임원ㆍ주요주주특정증권등소유상황보고서 | 2026-08-28: [기재정정]대표이사변경               | 2026-08-28: 임시주주총회결과              ,11
STX엔진,077970,5,OK,,[기재정정]단일판매ㆍ공급계약체결              (+5),,2026-09-01: 주주명부폐쇄기간또는기준일설정               | 2026-08-14: 반기보고서 (2026.06) | 2026-08-10: [기재정정]단일판매ㆍ공급계약체결              ,3
코세스,089890,5,OK,,[기재정정]단일판매ㆍ공급계약체결              (+5),,2026-08-14: 반기보고서 (2026.06) | 2026-08-06: [기재정정]단일판매ㆍ공급계약체결              ,2
라온텍,418420,5,OK,,단일판매ㆍ공급계약체결              (+5),,2026-09-01: 단일판매ㆍ공급계약체결               | 2026-08-27: 임원ㆍ주요주주특정증권등거래계획보고서 | 2026-08-21: 임원ㆍ주요주주특정증권등소유상황보고서 | 2026-08-21: 주식등의대량보유상황보고서(일반) | 2026-08-14: 반기보고서 (2026.06),5
까뮤이앤씨,013700,5,OK,,단일판매ㆍ공급계약체결              (+5),,2026-09-01: 최대주주등소유주식변동신고서               | 2026-09-01: 주식등의대량보유상황보고서(일반) | 2026-09-01: 단일판매ㆍ공급계약체결               | 2026-08-31: 불성실공시법인지정예고               | 2026-08-28: [기재정정]중대재해발생              ,12
사조오양,006090,5,OK,,주식소각결정              (+5),,2026-08-28: 대규모기업집단현황공시[분기별공시(개별회사용)] | 2026-08-19: 주식소각결정               | 2026-08-14: 반기보고서 (2026.06) | 2026-08-14: 지급수단별ㆍ지급기간별지급금액및분쟁조정기구에관한사항,4
유진테크놀로지,240600,5,OK,,단일판매ㆍ공급계약체결              (+5),,2026-08-26: 단일판매ㆍ공급계약체결               | 2026-08-14: [첨부추가]반기보고서 (2026.06) | 2026-08-05: 임원ㆍ주요주주특정증권등소유상황보고서 | 2026-08-04: 임원ㆍ주요주주특정증권등소유상황보고서 | 2026-08-04: 임원ㆍ주요주주특정증권등소유상황보고서,5
디앤씨미디어,263720,5,OK,,주식소각결정              (+5),,2026-08-18: 주식소각결정               | 2026-08-14: [기재정정]수시공시의무관련사항(공정공시)              (주주가치 제고를 위한 주주환원정책 안내) | 2026-08-14: 반기보고서 (2026.06) | 2026-08-14: 신탁계약해지결과보고서 | 2026-08-14: 주요사항보고서(자기주식취득신탁계약해지결정),5
위세아이텍,065370,5,OK,,[기재정정]단일판매ㆍ공급계약체결              (+5),,2026-08-28: 임원ㆍ주요주주특정증권등소유상황보고서 | 2026-08-27: 임원ㆍ주요주주특정증권등소유상황보고서 | 2026-08-24: 임원ㆍ주요주주특정증권등소유상황보고서 | 2026-08-14: 반기보고서 (2026.06) | 2026-08-06: [기재정정]단일판매ㆍ공급계약체결              ,5
에스오에스랩,464080,5,OK,,단일판매ㆍ공급계약체결              (+5),,2026-09-01: 단일판매ㆍ공급계약체결               | 2026-08-14: 반기보고서 (2026.06),2
유디엠텍,389680,5,OK,,[기재정정]단일판매ㆍ공급계약체결              (+5),,2026-08-31: [기재정정]주주총회소집결의              (임시주주총회) | 2026-08-28: [기재정정]단일판매ㆍ공급계약체결               | 2026-08-19: 불성실공시법인지정예고              (공시번복) | 2026-08-18: 주주명부폐쇄기간또는기준일설정               | 2026-08-18: 주주총회소집결의              ,6
코어라인소프트,384470,5,OK,,주식소각결정              (+5),,2026-08-21: 주식소각결정               | 2026-08-14: 반기보고서 (2026.06) | 2026-08-04: 임원ㆍ주요주주특정증권등소유상황보고서,3
우리기술투자,041190,5,OK,,주식소각결정              (+5),,2026-09-01: 주식등의대량보유상황보고서(일반) | 2026-08-14: 반기보고서 (2026.06) | 2026-08-14: 주식소각결정               | 2026-08-04: 주식등의대량보유상황보고서(일반),4
일진파워,094820,5,OK,,단일판매ㆍ공급계약체결(자율공시)              (+5),,2026-08-26: 단일판매ㆍ공급계약체결(자율공시)               | 2026-08-21: [기재정정]타법인주식및출자증권취득결정               | 2026-08-18: 타법인주식및출자증권취득결정               | 2026-08-14: 반기보고서 (2026.06),4
신도기연,290520,5,OK,,단일판매ㆍ공급계약체결              (+5),,2026-08-24: 단일판매ㆍ공급계약체결               | 2026-08-14: 반기보고서 (2026.06),2
에스폴리텍,050760,5,OK,,주요사항보고서(자기주식취득결정)(+5),,2026-08-14: 반기보고서 (2026.06) | 2026-08-13: 주요사항보고서(자기주식취득결정),2
뱅크웨어글로벌,199480,5,OK,,단일판매ㆍ공급계약체결              (+5),,2026-08-28: [기재정정]사업보고서 (2025.12) | 2026-08-14: 반기보고서 (2026.06) | 2026-08-13: 주식등의대량보유상황보고서(일반) | 2026-08-11: 단일판매ㆍ공급계약체결               | 2026-08-05: 임원ㆍ주요주주특정증권등소유상황보고서,5
와이엠티,251370,5,OK,,주요사항보고서(자기주식취득결정)(+5),,2026-09-01: 소송등의제기ㆍ신청(일정금액이상의청구)               | 2026-08-31: 자기주식취득결과보고서 | 2026-08-27: 주식등의대량보유상황보고서(일반) | 2026-08-27: 임원ㆍ주요주주특정증권등소유상황보고서 | 2026-08-14: 주요사항보고서(자기주식취득결정),7
그린광학,0015G0,5,OK,,단일판매ㆍ공급계약체결              (+5),,2026-08-14: 반기보고서 (2026.06) | 2026-08-06: 단일판매ㆍ공급계약체결              ,2
알톤,123750,5,OK,,[기재정정]단일판매ㆍ공급계약체결              (+5),,2026-08-28: [기재정정]단일판매ㆍ공급계약체결               | 2026-08-14: 반기보고서 (2026.06),2
지어소프트,051160,5,OK,,주요사항보고서(자기주식취득결정)(+5),,2026-08-24: 자기주식취득결과보고서 | 2026-08-19: 주식등의대량보유상황보고서(약식) | 2026-08-13: 반기보고서 (2026.06) | 2026-08-12: 임원ㆍ주요주주특정증권등소유상황보고서 | 2026-08-04: 주요사항보고서(자기주식취득결정),6
콜마비앤에이치,200130,5,OK,,주식소각결정              (+5),,2026-08-28: 대규모기업집단현황공시[분기별공시(개별회사용)] | 2026-08-19: [첨부정정]지속가능경영보고서등관련사항(자율공시)               | 2026-08-14: [기재정정]현금ㆍ현물배당결정               | 2026-08-14: [기재정정]현금ㆍ현물배당을위한주주명부폐쇄(기준일)결정               | 2026-08-14: 반기보고서 (2026.06),10
서희건설,035890,5,OK,,[기재정정]단일판매ㆍ공급계약체결              (+5),,2026-08-26: [기재정정]단일판매ㆍ공급계약체결               | 2026-08-14: 반기보고서 (2026.06),2
비츠로테크,042370,5,OK,,단일판매ㆍ공급계약체결(자회사의 주요경영사항)              (+5),,2026-08-14: 반기보고서 (2026.06) | 2026-08-06: 단일판매ㆍ공급계약체결(자회사의 주요경영사항)              ,2
오늘이엔엠,192410,5,OK,,단일판매ㆍ공급계약체결              (+5),,2026-08-31: [기재정정]벌금등의부과               | 2026-08-24: 기업설명회(IR)개최               | 2026-08-21: [기재정정]벌금등의부과               | 2026-08-14: 반기보고서 (2026.06) | 2026-08-10: 단일판매ㆍ공급계약체결              ,5
에코심플렉스,038870,5,OK,,[기재정정]단일판매ㆍ공급계약체결              (+5),,2026-08-27: 주식등의대량보유상황보고서(일반) | 2026-08-26: 주식등의대량보유상황보고서(일반) | 2026-08-26: 임원ㆍ주요주주특정증권등소유상황보고서 | 2026-08-26: 임원ㆍ주요주주특정증권등소유상황보고서 | 2026-08-14: 반기보고서 (2026.06),6
테라뷰,950250,5,OK,,단일판매ㆍ공급계약체결              (+5),,2026-09-01: 임원ㆍ주요주주특정증권등소유상황보고서 | 2026-09-01: 주식등의대량보유상황보고서(일반) | 2026-08-27: 독립이사의선임ㆍ해임또는중도퇴임에관한신고 | 2026-08-27: 정기주주총회결과               | 2026-08-27: [기재정정]주주총회소집결의              ,11
대한항공,003490,5,OK,,주식소각결정              (+5),,2026-08-28: 대규모기업집단현황공시[분기별공시(개별회사용)] | 2026-08-28: [기재정정]타법인주식및출자증권취득결정               | 2026-08-21: 소송등의판결ㆍ결정(자율공시:일정금액미만의청구)               | 2026-08-21: 기타경영사항(자율공시)               | 2026-08-14: 지급수단별ㆍ지급기간별지급금액및분쟁조정기구에관한사항,10
아이씨디,040910,5,OK,,[기재정정]단일판매ㆍ공급계약체결(자율공시)              (+5),,2026-08-25: [기재정정]단일판매ㆍ공급계약체결(자율공시)               | 2026-08-14: 반기보고서 (2026.06) | 2026-08-13: 임원ㆍ주요주주특정증권등소유상황보고서 | 2026-08-11: 주식등의대량보유상황보고서(약식),4
예선테크,250930,5,OK,,주식소각결정              (+5),,2026-08-31: 주식소각결정               | 2026-08-25: 기업설명회(IR)개최               | 2026-08-25: 기업설명회(IR)개최               | 2026-08-21: 임원ㆍ주요주주특정증권등소유상황보고서 | 2026-08-21: 임원ㆍ주요주주특정증권등소유상황보고서,6
한화엔진,082740,5,OK,,단일판매ㆍ공급계약체결              (+5),,2026-08-31: 대규모기업집단현황공시[분기별공시(개별회사용)] | 2026-08-28: 단일판매ㆍ공급계약체결               | 2026-08-14: 반기보고서 (2026.06) | 2026-08-14: 지급수단별ㆍ지급기간별지급금액및분쟁조정기구에관한사항 | 2026-08-10: 임원ㆍ주요주주특정증권등소유상황보고서,7
비큐AI,148780,5,OK,,단일판매ㆍ공급계약체결(자율공시)              (+5),,2026-08-25: [기재정정]주식등의대량보유상황보고서(일반) | 2026-08-25: 임원ㆍ주요주주특정증권등소유상황보고서 | 2026-08-25: 주식등의대량보유상황보고서(일반) | 2026-08-21: [기재정정]타법인주식및출자증권취득결정               | 2026-08-20: [기재정정]타법인주식및출자증권취득결정              ,9
티엠씨,217590,5,OK,,단일판매ㆍ공급계약체결              (+5),,2026-08-24: 주식등의대량보유상황보고서(약식) | 2026-08-14: 반기보고서 (2026.06) | 2026-08-06: 단일판매ㆍ공급계약체결              ,3
코난테크놀로지,402030,5,OK,,[기재정정]단일판매ㆍ공급계약체결              (+5),,2026-09-01: 임원ㆍ주요주주특정증권등소유상황보고서 | 2026-08-31: [기재정정]단일판매ㆍ공급계약체결               | 2026-08-14: 반기보고서 (2026.06) | 2026-08-12: 주주명부폐쇄기간또는기준일설정               | 2026-08-12: 주주총회소집결의              (임시주주총회),5
윈하이텍,192390,5,OK,,단일판매ㆍ공급계약체결              (+5),,2026-08-18: 단일판매ㆍ공급계약체결               | 2026-08-14: 반기보고서 (2026.06),2
위드텍,348350,5,OK,,단일판매ㆍ공급계약체결              (+5),,2026-08-14: 자기주식취득결과보고서 | 2026-08-14: 반기보고서 (2026.06) | 2026-08-12: 단일판매ㆍ공급계약체결              ,3
네이블,153460,5,OK,,[기재정정]단일판매ㆍ공급계약체결              (+5),,2026-08-31: [기재정정]단일판매ㆍ공급계약체결               | 2026-08-13: 반기보고서 (2026.06),2
유신,054930,5,OK,,[기재정정]단일판매ㆍ공급계약체결              (+5),,2026-08-31: [기재정정]단일판매ㆍ공급계약체결               | 2026-08-14: 반기보고서 (2026.06),2
웰크론한텍,076080,5,OK,,단일판매ㆍ공급계약체결              (+5),,2026-08-26: 주식등의대량보유상황보고서(일반) | 2026-08-26: 임원ㆍ주요주주특정증권등소유상황보고서 | 2026-08-26: 임원ㆍ주요주주특정증권등소유상황보고서 | 2026-08-24: 임원ㆍ주요주주특정증권등거래계획철회보고서 | 2026-08-21: 임원ㆍ주요주주특정증권등소유상황보고서,10
우양에이치씨,101970,5,OK,,단일판매ㆍ공급계약체결              (+5),,2026-08-31: 단일판매ㆍ공급계약체결               | 2026-08-18: 기업설명회(IR)개최               | 2026-08-14: 반기보고서 (2026.06),3
넵튠,217270,5,OK,,주식소각결정              (+5),,2026-08-28: 대규모기업집단현황공시[분기별공시(개별회사용)] | 2026-08-14: 반기보고서 (2026.06) | 2026-08-13: 지급수단별ㆍ지급기간별지급금액및분쟁조정기구에관한사항 | 2026-08-13: [기재정정]주식매수선택권부여에관한신고 | 2026-08-13: 주식매수선택권부여에관한신고,6
GS건설,006360,5,OK,,단일판매ㆍ공급계약체결              (+5),,2026-08-31: 대규모기업집단현황공시[분기별공시(개별회사용)] | 2026-08-28: 기업설명회(IR)개최(안내공시)               | 2026-08-27: [기재정정]타인에대한채무보증결정               | 2026-08-20: 특수관계인에대한출자 | 2026-08-14: 반기보고서 (2026.06),9
유한양행,000100,5,OK,,단일판매ㆍ공급계약체결              (+5),,2026-09-01: 단일판매ㆍ공급계약체결               | 2026-08-25: 중대재해발생(종속회사의주요경영사항)               | 2026-08-24: 공정거래자율준수프로그램운영현황(안내공시)               | 2026-08-18: 기업설명회(IR)개최(안내공시)               | 2026-08-14: 반기보고서 (2026.06),6
송우인포텍,0203K0,5,OK,,단일판매ㆍ공급계약체결(자율공시)              (+5),,2026-08-10: 주요사항보고서(유형자산양수결정) | 2026-08-05: 단일판매ㆍ공급계약체결(자율공시)              ,2
젝시믹스,337930,5,OK,,주식소각결정              (+5),,2026-08-27: 신탁계약해지결과보고서 | 2026-08-27: 주식소각결정               | 2026-08-27: 주요사항보고서(자기주식취득신탁계약해지결정) | 2026-08-20: [기재정정]현금ㆍ현물배당결정              (분기배당) | 2026-08-14: 반기보고서 (2026.06),5
스트라드비젼,475040,5,OK,,단일판매ㆍ공급계약체결              (+5),,2026-08-26: 기업설명회(IR)개최               | 2026-08-25: 기업설명회(IR)개최               | 2026-08-25: 주주명부폐쇄기간또는기준일설정               | 2026-08-25: 주주총회소집결의              (임시주주총회) | 2026-08-25: 임원ㆍ주요주주특정증권등소유상황보고서,9
이노시뮬레이션,274400,5,OK,,단일판매ㆍ공급계약체결(자율공시)              (+5),,2026-08-14: 반기보고서 (2026.06) | 2026-08-03: 단일판매ㆍ공급계약체결(자율공시)              ,2
드림씨아이에스,223250,5,OK,,[기재정정]단일판매ㆍ공급계약체결              (+5),,2026-08-13: 반기보고서 (2026.06) | 2026-08-11: [기재정정]단일판매ㆍ공급계약체결              ,2
웨이브일렉트로,095270,5,OK,,[기재정정]단일판매ㆍ공급계약체결              (+5),,2026-08-20: 주식등의대량보유상황보고서(일반) | 2026-08-18: [기재정정]단일판매ㆍ공급계약체결               | 2026-08-14: 반기보고서 (2026.06) | 2026-08-14: [기재정정]사업보고서 (2025.12),4
그래디언트,035080,5,OK,,주식소각결정              (+5),,2026-08-14: 반기보고서 (2026.06) | 2026-08-10: 주식소각결정               | 2026-08-10: 주요사항보고서(자기주식취득신탁계약체결결정),3
씨메스로보틱스,475400,5,OK,,단일판매ㆍ공급계약체결              (+5),,2026-08-13: 반기보고서 (2026.06) | 2026-08-12: 단일판매ㆍ공급계약체결               | 2026-08-07: 주식매수선택권부여에관한신고,3
한화에어로스페이스,012450,5,OK,,단일판매ㆍ공급계약체결              (+5),,2026-08-31: 대규모기업집단현황공시[분기별공시(개별회사용)] | 2026-08-31: 단일판매ㆍ공급계약체결               | 2026-08-28: [기재정정]기업설명회(IR)개최(안내공시)               | 2026-08-28: 기업설명회(IR)개최(안내공시)               | 2026-08-28: 동일인등출자계열회사와의상품ㆍ용역거래,17
한국정보인증,053300,5,OK,,주식소각결정              (+5),,2026-08-31: 대규모기업집단현황공시[분기별공시(개별회사용)] | 2026-08-20: 주요사항보고서(자기주식취득신탁계약체결결정) | 2026-08-14: 지급수단별ㆍ지급기간별지급금액및분쟁조정기구에관한사항 | 2026-08-13: 반기보고서 (2026.06) | 2026-08-12: 주식소각결정              ,7
HD현대일렉트릭,267260,5,OK,,[기재정정]단일판매ㆍ공급계약체결              (+5),,2026-08-27: 대규모기업집단현황공시[분기별공시(개별회사용)] | 2026-08-27: [기재정정]단일판매ㆍ공급계약체결               | 2026-08-14: 반기보고서 (2026.06) | 2026-08-14: 동일인등출자계열회사와의상품ㆍ용역거래변경 | 2026-08-13: 지급수단별ㆍ지급기간별지급금액및분쟁조정기구에관한사항,8
에스비비테크,389500,5,OK,,단일판매ㆍ공급계약체결              (+5),,2026-08-24: 단일판매ㆍ공급계약체결               | 2026-08-14: 반기보고서 (2026.06),2
엔시스,333620,5,OK,,[기재정정]단일판매ㆍ공급계약체결              (+5),,2026-08-24: [기재정정]단일판매ㆍ공급계약체결               | 2026-08-14: 반기보고서 (2026.06),2
SGC E&C,016250,5,OK,,[기재정정]단일판매ㆍ공급계약체결(자율공시)              (+5),,2026-08-28: 대규모기업집단현황공시[분기별공시(개별회사용)] | 2026-08-28: [기재정정]타인에대한채무보증결정               | 2026-08-20: 타인에대한채무보증결정               | 2026-08-14: [기재정정]단일판매ㆍ공급계약체결(자율공시)               | 2026-08-14: 반기보고서 (2026.06),6
엘에스일렉트릭,010120,5,OK,,단일판매ㆍ공급계약체결              (+5),,2026-08-27: 약관에의한금융거래시계열금융회사의거래상대방의공시 | 2026-08-27: 특수관계인에대한출자 | 2026-08-27: 대규모기업집단현황공시[분기별공시(개별회사용)] | 2026-08-24: 단일판매ㆍ공급계약체결               | 2026-08-14: 지급수단별ㆍ지급기간별지급금액및분쟁조정기구에관한사항,9
와이씨,232140,5,OK,,단일판매ㆍ공급계약체결              (+5),,2026-08-27: 단일판매ㆍ공급계약체결               | 2026-08-14: 반기보고서 (2026.06),2
INVENI,015360,5,OK,,주식소각결정              (+5),,2026-09-01: 임원ㆍ주요주주특정증권등소유상황보고서 | 2026-09-01: 주식등의대량보유상황보고서(일반) | 2026-09-01: 최대주주등소유주식변동신고서               | 2026-08-27: 대규모기업집단현황공시[분기별공시(개별회사용)] | 2026-08-26: 임원ㆍ주요주주특정증권등소유상황보고서,13
한국항공우주,047810,5,OK,,[기재정정]단일판매ㆍ공급계약체결              (+5),,2026-08-31: [기재정정]단일판매ㆍ공급계약체결               | 2026-08-28: 대규모기업집단현황공시[분기별공시(대표회사용)] | 2026-08-26: 임원ㆍ주요주주특정증권등소유상황보고서 | 2026-08-14: 지급수단별ㆍ지급기간별지급금액및분쟁조정기구에관한사항 | 2026-08-14: 반기보고서 (2026.06),6
셀트리온,068270,5,OK,,주요사항보고서(자기주식취득결정)(+5),,2026-08-31: 주요사항보고서(자기주식취득결정) | 2026-08-31: 수시공시의무관련사항(공정공시)               | 2026-08-28: 주식등의대량보유상황보고서(일반) | 2026-08-28: 대규모기업집단현황공시[분기별공시(개별회사용)] | 2026-08-25: 풍문또는보도에대한해명(미확정)              ,11
와이투솔루션,011690,5,OK,,주식소각결정              (+5),,2026-08-19: 임원ㆍ주요주주특정증권등소유상황보고서 | 2026-08-19: 주식등의대량보유상황보고서(약식) | 2026-08-14: 반기보고서 (2026.06) | 2026-08-10: 주식소각결정              ,4
유진로봇,056080,5,OK,,단일판매ㆍ공급계약체결              (+5),,2026-08-21: 임원ㆍ주요주주특정증권등거래계획보고서 | 2026-08-14: 반기보고서 (2026.06) | 2026-08-11: 단일판매ㆍ공급계약체결              ,3
토비스,051360,5,OK,,[기재정정]주식소각결정              (+5),,2026-08-20: [기재정정]주식소각결정               | 2026-08-20: 자기주식취득결과보고서 | 2026-08-14: 반기보고서 (2026.06),3
삼성전자,005930,5,OK,,주요사항보고서(자기주식취득결정)(+5),,2026-08-31: 대규모기업집단현황공시[분기별공시(대표회사용)] | 2026-08-31: 임원ㆍ주요주주특정증권등소유상황보고서 | 2026-08-28: 주식등의대량보유상황보고서(일반) | 2026-08-28: 임원ㆍ주요주주특정증권등소유상황보고서 | 2026-08-26: 임원ㆍ주요주주특정증권등소유상황보고서,50
진양폴리우레탄,010640,5,OK,,주요사항보고서(자기주식취득결정)(+5),,2026-08-31: [기재정정]주요사항보고서(유형자산양수결정) | 2026-08-27: 임원ㆍ주요주주특정증권등소유상황보고서 | 2026-08-27: 임원ㆍ주요주주특정증권등소유상황보고서 | 2026-08-27: 임원ㆍ주요주주특정증권등소유상황보고서 | 2026-08-27: 주식등의대량보유상황보고서(일반),17
우주일렉트로,065680,5,OK,,주식소각결정              (+5),,2026-08-14: 반기보고서 (2026.06) | 2026-08-14: [기재정정]사업보고서 (2025.12) | 2026-08-07: 주식소각결정              ,3
심플랫폼,444530,5,OK,,단일판매ㆍ공급계약체결              (+5),,2026-08-14: 반기보고서 (2026.06) | 2026-08-03: 단일판매ㆍ공급계약체결              ,2
진양화학,051630,5,OK,,주요사항보고서(자기주식취득결정)(+5),,2026-08-26: 투자유의안내               | 2026-08-25: 주요사항보고서(자기주식취득결정) | 2026-08-25: 임원ㆍ주요주주특정증권등소유상황보고서 | 2026-08-25: 최대주주등소유주식변동신고서               | 2026-08-24: 임원ㆍ주요주주특정증권등소유상황보고서,14
퀄리타스반도체,432720,5,OK,,단일판매ㆍ공급계약체결              (+5),,2026-08-20: 단일판매ㆍ공급계약체결               | 2026-08-13: 반기보고서 (2026.06),2
토마토시스템,393210,5,OK,,[기재정정]단일판매ㆍ공급계약체결              (+5),,2026-08-26: [기재정정]단일판매ㆍ공급계약체결               | 2026-08-24: 주식등의대량보유상황보고서(일반) | 2026-08-18: 주식매수선택권부여에관한신고 | 2026-08-12: 반기보고서 (2026.06) | 2026-08-04: 임원ㆍ주요주주특정증권등소유상황보고서,5
CNT85,056730,5,OK,,[기재정정]단일판매ㆍ공급계약체결(자율공시)              (+5),,2026-08-31: [기재정정]단일판매ㆍ공급계약체결(자율공시)               | 2026-08-20: 단기차입금증가결정               | 2026-08-14: 반기보고서 (2026.06),3
에이블씨엔씨,078520,5,OK,,주식소각결정              (+5),,2026-08-13: 반기보고서 (2026.06) | 2026-08-13: 주식소각결정               | 2026-08-13: 현금ㆍ현물배당을위한주주명부폐쇄(기준일)결정               | 2026-08-11: 신탁계약해지결과보고서 | 2026-08-11: 주요사항보고서(자기주식취득신탁계약해지결정),5
비츠로넥스텍,488900,5,OK,,단일판매ㆍ공급계약체결              (+5),,2026-08-14: 반기보고서 (2026.06) | 2026-08-06: 단일판매ㆍ공급계약체결              ,2
에이치피오,357230,5,OK,,주식소각결정              (+5),,2026-08-24: 주식소각결정               | 2026-08-14: 반기보고서 (2026.06),2
제테마,216080,5,OK,,단일판매ㆍ공급계약체결              (+5),,2026-09-01: 임원ㆍ주요주주특정증권등소유상황보고서 | 2026-09-01: 임원ㆍ주요주주특정증권등소유상황보고서 | 2026-08-27: 주식등의대량보유상황보고서(일반) | 2026-08-25: 주식등의대량보유상황보고서(일반) | 2026-08-18: 주식등의대량보유상황보고서(일반),15
에이텍,045660,5,OK,,단일판매ㆍ공급계약체결              (+5),,2026-09-01: 단일판매ㆍ공급계약체결               | 2026-08-27: 임원ㆍ주요주주특정증권등소유상황보고서 | 2026-08-14: 반기보고서 (2026.06) | 2026-08-05: 주식등의대량보유상황보고서(일반) | 2026-08-03: 임원ㆍ주요주주특정증권등소유상황보고서,5
빙그레,005180,5,OK,,주식소각결정              (+5),,2026-08-14: 반기보고서 (2026.06) | 2026-08-11: 주식소각결정               | 2026-08-11: 공정거래자율준수프로그램운영현황(안내공시)              ,3
미스토홀딩스,081660,5,OK,,주요사항보고서(자기주식취득결정)(+5),,2026-08-14: 반기보고서 (2026.06) | 2026-08-12: 주요사항보고서(자기주식취득결정) | 2026-08-11: 기업설명회(IR)개최(안내공시)               | 2026-08-11: 자기주식취득결과보고서,4
SGA솔루션즈,184230,5,OK,,주식소각결정              (+5),,2026-08-14: 반기보고서 (2026.06) | 2026-08-12: 주식소각결정               | 2026-08-05: 주식등의대량보유상황보고서(일반),3
프레스티지바이오파마,950210,5,OK,,[기재정정]단일판매ㆍ공급계약체결              (+5),,2026-09-01: 최대주주등소유주식변동신고서               | 2026-09-01: 임원ㆍ주요주주특정증권등소유상황보고서 | 2026-09-01: 주식등의대량보유상황보고서(일반) | 2026-08-25: [기재정정]단일판매ㆍ공급계약체결               | 2026-08-19: 최대주주등소유주식변동신고서              ,15
태웅로직스,124560,5,OK,,주식소각결정              (상환전환우선주)(+5),,2026-08-21: 타인에대한채무보증결정               | 2026-08-21: 타법인주식및출자증권취득결정(종속회사의주요경영사항)               | 2026-08-21: [기재정정]투자판단관련주요경영사항              ((주)이투마스 지분인수를 위한 양해각서(MOU)체결) | 2026-08-14: 반기보고서 (2026.06) | 2026-08-13: 주식등의대량보유상황보고서(일반),8
바이브컴퍼니,301300,5,OK,,단일판매ㆍ공급계약체결(자율공시)              (+5),,2026-08-14: 반기보고서 (2026.06) | 2026-08-14: [기재정정]분기보고서 (2026.03) | 2026-08-14: 단일판매ㆍ공급계약체결(자율공시)               | 2026-08-06: 임시주주총회결과              ,4
파미셀,005690,5,OK,,단일판매ㆍ공급계약체결              (+5),,2026-08-12: 반기보고서 (2026.06) | 2026-08-07: 단일판매ㆍ공급계약체결              ,2
JTC,950170,5,OK,,주식소각결정              (+5),,2026-08-19: 주식소각결정              ,1
한국정밀기계,101680,5,OK,,단일판매ㆍ공급계약체결              (+5),,2026-08-31: 임원ㆍ주요주주특정증권등소유상황보고서 | 2026-08-31: 임원ㆍ주요주주특정증권등소유상황보고서 | 2026-08-26: 단일판매ㆍ공급계약체결               | 2026-08-25: 주식등의대량보유상황보고서(일반) | 2026-08-25: 임원ㆍ주요주주특정증권등소유상황보고서,10
삼성전기,009150,5,OK,,단일판매ㆍ공급계약체결              (+5),,2026-09-01: 단일판매ㆍ공급계약체결               | 2026-08-31: 대규모기업집단현황공시[분기별공시(개별회사용)] | 2026-08-14: 반기보고서 (2026.06) | 2026-08-14: 지급수단별ㆍ지급기간별지급금액및분쟁조정기구에관한사항 | 2026-08-12: 임원ㆍ주요주주특정증권등소유상황보고서,6
대한해운,005880,5,OK,,단일판매ㆍ공급계약체결              (+5),,2026-09-01: 단일판매ㆍ공급계약체결               | 2026-08-31: 지속가능경영보고서등관련사항(자율공시)               | 2026-08-26: 기업설명회(IR)개최(안내공시)               | 2026-08-26: 대규모기업집단현황공시[분기별공시(대표회사용)] | 2026-08-25: 주식등의대량보유상황보고서(약식),7
태원물산,001420,5,OK,,주요사항보고서(자기주식취득결정)(+5),,2026-09-01: 주요사항보고서(자기주식취득결정) | 2026-08-31: 자기주식취득결과보고서 | 2026-08-14: 반기보고서 (2026.06) | 2026-08-05: 투자유의안내              ,4
한국주강,025890,5,OK,,단일판매ㆍ공급계약체결              (+5),,2026-08-20: 임원ㆍ주요주주특정증권등소유상황보고서 | 2026-08-14: 반기보고서 (2026.06) | 2026-08-12: 최대주주등소유주식변동신고서               | 2026-08-12: 임원ㆍ주요주주특정증권등소유상황보고서 | 2026-08-12: 주식등의대량보유상황보고서(일반),13
와이솔,122990,5,OK,,[기재정정]주식소각결정              (+5),,2026-08-13: 반기보고서 (2026.06) | 2026-08-12: 신탁계약해지결과보고서 | 2026-08-11: 임원ㆍ주요주주특정증권등거래계획보고서 | 2026-08-11: [기재정정]주식소각결정               | 2026-08-11: 주요사항보고서(자기주식취득신탁계약해지결정),5
삼성물산,028260,5,🚨 YES,유상증자결정(종속회사의주요경영사항)              ,단일판매ㆍ공급계약체결              (+5) | [기재정정]단일판매ㆍ공급계약체결              (+5) | [기재정정]단일판매ㆍ공급계약체결              (+5) | [기재정정]단일판매ㆍ공급계약체결              (+5),유상증자결정(종속회사의주요경영사항)              (-15),2026-08-31: 단일판매ㆍ공급계약체결               | 2026-08-31: [기재정정]단일판매ㆍ공급계약체결               | 2026-08-31: 대규모기업집단현황공시[분기별공시(개별회사용)] | 2026-08-28: [기재정정]타법인주식및출자증권취득결정(종속회사의주요경영사항)               | 2026-08-28: 유상증자결정(종속회사의주요경영사항)              ,12
인텔리안테크,189300,5,OK,,[기재정정]단일판매ㆍ공급계약체결              (+5),,2026-08-31: [기재정정]단일판매ㆍ공급계약체결               | 2026-08-14: 반기보고서 (2026.06),2
지에프아이,493330,5,OK,,단일판매ㆍ공급계약체결              (+5),,2026-09-01: 단일판매ㆍ공급계약체결               | 2026-08-13: 반기보고서 (2026.06) | 2026-08-10: 주식등의대량보유상황보고서(약식) | 2026-08-10: 임원ㆍ주요주주특정증권등소유상황보고서,4
인지소프트,100030,5,OK,,주요사항보고서(자기주식취득결정)(+5),,2026-08-14: 반기보고서 (2026.06) | 2026-08-14: [기재정정]사업보고서 (2025.12) | 2026-08-03: 주요사항보고서(자기주식취득결정),3
광주신세계,037710,6,OK,,영업(잠정)실적(공정공시)              (+3) | 영업(잠정)실적(공정공시)              (+3),,2026-08-31: 대규모기업집단현황공시[분기별공시(개별회사용)] | 2026-08-14: 반기보고서 (2026.06) | 2026-08-14: 현금ㆍ현물배당결정               | 2026-08-14: 현금ㆍ현물배당을위한주주명부폐쇄(기준일)결정               | 2026-08-11: 영업(잠정)실적(공정공시)              ,6
현대제철,004020,6,OK,,연결재무제표기준영업(잠정)실적(공정공시)              (+3) | 영업(잠정)실적(공정공시)              (+3),,2026-08-28: 대규모기업집단현황공시[분기별공시(개별회사용)] | 2026-08-14: 반기보고서 (2026.06) | 2026-08-14: 지급수단별ㆍ지급기간별지급금액및분쟁조정기구에관한사항 | 2026-08-03: 연결재무제표기준영업(잠정)실적(공정공시)               | 2026-08-03: 영업(잠정)실적(공정공시)              ,5
케이티,030200,6,OK,,연결재무제표기준영업(잠정)실적(공정공시)              (+3) | 영업(잠정)실적(공정공시)              (+3),,2026-08-26: 대규모기업집단현황공시[분기별공시(대표회사용)] | 2026-08-14: 반기보고서 (2026.06) | 2026-08-13: 지급수단별ㆍ지급기간별지급금액및분쟁조정기구에관한사항 | 2026-08-12: 기업가치제고계획(자율공시)               | 2026-08-12: 연결재무제표기준영업(잠정)실적(공정공시)              ,6
심텍홀딩스,036710,6,OK,,[기재정정]회사합병결정(종속회사의주요경영사항)              (+3) | 연결재무제표기준영업(잠정)실적(공정공시)              (+3),,2026-08-31: [기재정정]회사합병결정(종속회사의주요경영사항)               | 2026-08-14: 반기보고서 (2026.06) | 2026-08-07: 연결재무제표기준영업(잠정)실적(공정공시)              ,3
GKL,114090,6,OK,,연결재무제표기준영업(잠정)실적(공정공시)              (+3) | 영업(잠정)실적(공정공시)              (+3),,2026-08-14: 반기보고서 (2026.06) | 2026-08-11: 신규시설투자등               | 2026-08-11: 연결재무제표기준영업(잠정)실적(공정공시)               | 2026-08-11: 현금ㆍ현물배당을위한주주명부폐쇄(기준일)결정               | 2026-08-11: 현금ㆍ현물배당결정              ,7
케이아이엔엑스,093320,6,OK,,영업(잠정)실적(공정공시)              (+3) | 연결재무제표기준영업(잠정)실적(공정공시)              (+3),,2026-08-21: 영업실적등에대한전망(공정공시)               | 2026-08-14: 반기보고서 (2026.06) | 2026-08-12: 영업(잠정)실적(공정공시)               | 2026-08-12: 연결재무제표기준영업(잠정)실적(공정공시)              ,4
엘앤씨바이오,290650,6,OK,,연결재무제표기준영업(잠정)실적(공정공시)              (+3) | 영업(잠정)실적(공정공시)              (+3),,2026-08-31: [기재정정]증권신고서(지분증권) | 2026-08-18: [기재정정]증권신고서(지분증권) | 2026-08-14: 반기보고서 (2026.06) | 2026-08-12: 임원ㆍ주요주주특정증권등소유상황보고서 | 2026-08-11: 임원ㆍ주요주주특정증권등거래계획보고서,9
에스엠,041510,6,OK,,연결재무제표기준영업(잠정)실적(공정공시)              (+3) | 영업(잠정)실적(공정공시)              (+3),,2026-08-28: 대규모기업집단현황공시[분기별공시(개별회사용)] | 2026-08-19: 주식등의대량보유상황보고서(약식) | 2026-08-14: 반기보고서 (2026.06) | 2026-08-13: 지급수단별ㆍ지급기간별지급금액및분쟁조정기구에관한사항 | 2026-08-05: 연결재무제표기준영업(잠정)실적(공정공시)              ,6
NHN,181710,6,OK,,연결재무제표기준영업(잠정)실적(공정공시)              (+3) | 영업(잠정)실적(공정공시)              (+3),,2026-09-01: 임원ㆍ주요주주특정증권등소유상황보고서 | 2026-08-28: 투자판단관련주요경영사항               | 2026-08-28: 타인에대한채무보증결정               | 2026-08-28: 타인에대한채무보증결정               | 2026-08-20: 풍문또는보도에대한해명(미확정)              ,12
더블유게임즈,192080,6,OK,,연결재무제표기준영업(잠정)실적(공정공시)              (+3) | 영업(잠정)실적(공정공시)              (+3),,2026-08-14: 반기보고서 (2026.06) | 2026-08-14: 기업설명회(IR)개최(안내공시)               | 2026-08-12: 연결재무제표기준영업(잠정)실적(공정공시)               | 2026-08-12: 영업(잠정)실적(공정공시)              ,4
LS에코에너지,229640,6,OK,,[기재정정]연결재무제표기준영업(잠정)실적(공정공시)              (+3) | 연결재무제표기준영업(잠정)실적(공정공시)              (+3),,2026-08-28: 대규모기업집단현황공시[분기별공시(개별회사용)] | 2026-08-14: 반기보고서 (2026.06) | 2026-08-14: 지급수단별ㆍ지급기간별지급금액및분쟁조정기구에관한사항 | 2026-08-05: [기재정정]연결재무제표기준영업(잠정)실적(공정공시)               | 2026-08-05: 연결재무제표기준영업(잠정)실적(공정공시)              ,6
TS트릴리온,317240,6,OK,,연결재무제표기준영업(잠정)실적(공정공시)              (+3) | 영업(잠정)실적(공정공시)              (+3),,2026-09-01: 주식등의대량보유상황보고서(약식) | 2026-08-14: 반기보고서 (2026.06) | 2026-08-12: [기재정정]주주총회소집결의               | 2026-08-12: 연결재무제표기준영업(잠정)실적(공정공시)               | 2026-08-04: 영업(잠정)실적(공정공시)              ,5
휴온스글로벌,084110,6,OK,,[기재정정]주요사항보고서(회사합병결정)(자회사의 주요경영사항)              (철회)(+3) | [기재정정]주요사항보고서(회사합병결정)(자회사의 주요경영사항)              (+3),,2026-08-26: 기타주요경영사항              (임시주주총회 소집결의 철회) | 2026-08-26: [기재정정]수시공시의무관련사항(공정공시)              (주주가치 제고를 위한 현물배당 계획 안내-철회) | 2026-08-26: [기재정정]주주총회소집결의              (임시주주총회-철회) | 2026-08-26: [기재정정]주주총회소집공고 | 2026-08-26: 기타주요경영사항(자회사의 주요경영사항)              (회사합병 결정 및 임시주주총회 소집결의 철회),13
NHN KCP,060250,6,OK,,영업(잠정)실적(공정공시)              (+3) | 연결재무제표기준영업(잠정)실적(공정공시)              (+3),,2026-08-31: 타인에대한채무보증결정               | 2026-08-14: 반기보고서 (2026.06) | 2026-08-11: 영업(잠정)실적(공정공시)               | 2026-08-11: 연결재무제표기준영업(잠정)실적(공정공시)              ,4
LG유플러스,032640,6,OK,,연결재무제표기준영업(잠정)실적(공정공시)              (+3) | 영업(잠정)실적(공정공시)              (+3),,2026-08-28: 대규모기업집단현황공시[분기별공시(개별회사용)] | 2026-08-28: 기업설명회(IR)개최(안내공시)               | 2026-08-14: 반기보고서 (2026.06) | 2026-08-14: 지급수단별ㆍ지급기간별지급금액및분쟁조정기구에관한사항 | 2026-08-06: 연결재무제표기준영업(잠정)실적(공정공시)              ,7
더즌,462860,6,OK,,연결재무제표기준영업(잠정)실적(공정공시)              (+3) | 영업(잠정)실적(공정공시)              (+3),,2026-08-13: 반기보고서 (2026.06) | 2026-08-07: 연결재무제표기준영업(잠정)실적(공정공시)               | 2026-08-07: 영업(잠정)실적(공정공시)              ,3
동원산업,006040,6,OK,,영업(잠정)실적(공정공시)              (+3) | 연결재무제표기준영업(잠정)실적(공정공시)              (+3),,2026-08-28: 대규모기업집단현황공시[분기별공시(대표회사용)] | 2026-08-24: [기재정정]타인에대한채무보증결정               | 2026-08-18: [기재정정]현금ㆍ현물배당을위한주주명부폐쇄(기준일)결정               | 2026-08-14: 반기보고서 (2026.06) | 2026-08-12: 타인에대한채무보증결정              ,15
BGF에코머티리얼즈,126600,6,OK,,주요사항보고서(회사합병결정)(+3) | 연결재무제표기준영업(잠정)실적(공정공시)              (+3),,2026-09-01: 주요사항보고서(회사합병결정) | 2026-08-27: 대규모기업집단현황공시[분기별공시(개별회사용)] | 2026-08-19: 타법인주식및출자증권취득결정               | 2026-08-14: 반기보고서 (2026.06) | 2026-08-14: 지급수단별ㆍ지급기간별지급금액및분쟁조정기구에관한사항,7
아이크래프트,052460,6,OK,,연결재무제표기준영업(잠정)실적(공정공시)              (+3) | 영업(잠정)실적(공정공시)              (+3),,2026-08-14: 반기보고서 (2026.06) | 2026-08-14: [기재정정]사업보고서 (2025.12) | 2026-08-10: 수시공시의무관련사항(공정공시)              (주주가치 제고를 위한 주주환원정책 안내) | 2026-08-10: 연결재무제표기준영업(잠정)실적(공정공시)               | 2026-08-10: 영업(잠정)실적(공정공시)              ,5
NAVER,035420,6,OK,,영업(잠정)실적(공정공시)              (+3) | 연결재무제표기준영업(잠정)실적(공정공시)              (+3),,2026-09-01: 기업설명회(IR)개최(안내공시)               | 2026-08-26: 대규모기업집단현황공시[분기별공시(대표회사용)] | 2026-08-14: 임원ㆍ주요주주특정증권등소유상황보고서 | 2026-08-14: 임원ㆍ주요주주특정증권등소유상황보고서 | 2026-08-14: 임원ㆍ주요주주특정증권등소유상황보고서,16
SJG세종,033530,6,OK,,[첨부정정]주요사항보고서(회사합병결정)(+3) | 주요사항보고서(회사합병결정)(+3),,2026-08-24: [첨부정정]주요사항보고서(회사합병결정) | 2026-08-19: 주주명부폐쇄기간또는기준일설정               | 2026-08-19: 주요사항보고서(회사합병결정) | 2026-08-14: 반기보고서 (2026.06),4
파라다이스,034230,6,OK,,연결재무제표기준영업(잠정)실적(공정공시)              (+3) | 연결재무제표기준영업(잠정)실적(공정공시)              (+3),,2026-08-28: 대규모기업집단현황공시[분기별공시(개별회사용)] | 2026-08-25: 주식등의대량보유상황보고서(일반) | 2026-08-14: 반기보고서 (2026.06) | 2026-08-13: 지급수단별ㆍ지급기간별지급금액및분쟁조정기구에관한사항 | 2026-08-07: 연결재무제표기준영업(잠정)실적(공정공시)              ,6
콜마홀딩스,024720,6,OK,,연결재무제표기준영업(잠정)실적(공정공시)              (+3) | 영업(잠정)실적(공정공시)              (+3),,2026-08-28: 대규모기업집단현황공시[분기별공시(대표회사용)] | 2026-08-26: 주식등의대량보유상황보고서(일반) | 2026-08-18: 기업가치제고계획(자율공시)               | 2026-08-14: [기재정정]현금ㆍ현물배당을위한주주명부폐쇄(기준일)결정(자회사의 주요경영사항)               | 2026-08-14: 반기보고서 (2026.06),9
인크로스,216050,6,OK,,연결재무제표기준영업(잠정)실적(공정공시)              (+3) | 영업(잠정)실적(공정공시)              (+3),,2026-08-28: 대규모기업집단현황공시[분기별공시(개별회사용)] | 2026-08-13: 지급수단별ㆍ지급기간별지급금액및분쟁조정기구에관한사항 | 2026-08-13: 반기보고서 (2026.06) | 2026-08-07: 연결재무제표기준영업(잠정)실적(공정공시)               | 2026-08-07: 영업(잠정)실적(공정공시)              ,5
KTcs,058850,6,OK,,영업(잠정)실적(공정공시)              (+3) | 연결재무제표기준영업(잠정)실적(공정공시)              (+3),,2026-08-27: 대규모기업집단현황공시[분기별공시(개별회사용)] | 2026-08-14: 반기보고서 (2026.06) | 2026-08-12: 지급수단별ㆍ지급기간별지급금액및분쟁조정기구에관한사항 | 2026-08-07: 영업(잠정)실적(공정공시)               | 2026-08-07: 연결재무제표기준영업(잠정)실적(공정공시)              ,5
아하,102950,6,OK,,[기재정정]주요사항보고서(회사합병결정)(+3) | [첨부추가]주요사항보고서(회사합병결정)(+3),,2026-08-21: [기재정정]주요사항보고서(회사합병결정) | 2026-08-13: [첨부추가]주요사항보고서(회사합병결정) | 2026-08-13: [첨부추가]주주명부폐쇄기간또는기준일설정              ,3
휴비츠,065510,6,OK,,[첨부정정]주요사항보고서(회사합병결정)(+3) | 주요사항보고서(회사합병결정)(+3),,2026-08-26: [첨부정정]주요사항보고서(회사합병결정) | 2026-08-24: 주주명부폐쇄기간또는기준일설정               | 2026-08-24: 주요사항보고서(회사합병결정) | 2026-08-14: 반기보고서 (2026.06),4
헥토이노베이션,214180,6,OK,,[기재정정]연결재무제표기준영업(잠정)실적(공정공시)              (+3) | 연결재무제표기준영업(잠정)실적(공정공시)              (+3),,2026-08-21: 기업설명회(IR)개최               | 2026-08-14: 반기보고서 (2026.06) | 2026-08-07: [기재정정]연결재무제표기준영업(잠정)실적(공정공시)               | 2026-08-07: 연결재무제표기준영업(잠정)실적(공정공시)              ,4
BGF,027410,6,OK,,주요사항보고서(회사합병결정)(자회사의 주요경영사항)              (소규모합병)(+3) | 연결재무제표기준영업(잠정)실적(공정공시)              (+3),,2026-09-01: 주요사항보고서(회사합병결정)(자회사의 주요경영사항)              (소규모합병) | 2026-08-28: 주식등의대량보유상황보고서(일반) | 2026-08-26: 대규모기업집단현황공시[분기별공시(대표회사용)] | 2026-08-19: 타법인주식및출자증권취득결정(자회사의 주요경영사항)               | 2026-08-18: 기업설명회(IR)개최(안내공시)              ,10
SK이노베이션,096770,6,OK,,[기재정정]주요사항보고서(회사합병결정)(+3) | 주요사항보고서(회사합병결정)(+3),,2026-08-27: 대규모기업집단현황공시[분기별공시(개별회사용)] | 2026-08-26: 지주회사의자회사탈퇴               | 2026-08-26: [기재정정]주요사항보고서(회사합병결정) | 2026-08-26: 장래사업ㆍ경영계획(공정공시)               | 2026-08-26: 증권신고서(합병),18
KX,122450,6,OK,,[기재정정]주요사항보고서(회사합병결정)(+3) | [기재정정]회사합병결정(종속회사의주요경영사항)              (+3),,2026-08-21: [기재정정]주요사항보고서(회사합병결정) | 2026-08-21: [기재정정]회사합병결정(종속회사의주요경영사항)               | 2026-08-14: 반기보고서 (2026.06),3
신세계,004170,6,OK,,영업(잠정)실적(공정공시)              (+3) | 연결재무제표기준영업(잠정)실적(공정공시)              (+3),,2026-08-31: 주식등의대량보유상황보고서(일반) | 2026-08-31: 대규모기업집단현황공시[분기별공시(대표회사용)] | 2026-08-26: 기업설명회(IR)개최(안내공시)               | 2026-08-21: 기업설명회(IR)개최(안내공시)               | 2026-08-14: [첨부추가]반기보고서 (2026.06),13
카카오페이,377300,6,OK,,연결재무제표기준영업(잠정)실적(공정공시)              (+3) | 영업(잠정)실적(공정공시)              (+3),,2026-08-26: 대규모기업집단현황공시[분기별공시(개별회사용)] | 2026-08-21: 최대주주등소유주식변동신고서               | 2026-08-21: 임원ㆍ주요주주특정증권등소유상황보고서 | 2026-08-20: 기업설명회(IR)개최(안내공시)               | 2026-08-14: 반기보고서 (2026.06),10
한국금융지주,071050,6,OK,,연결재무제표기준영업(잠정)실적(공정공시)              (+3) | 연결재무제표기준영업(잠정)실적(공정공시)(자회사의 주요경영사항)              (+3),,2026-08-27: 기타경영사항(자율공시)               | 2026-08-14: 반기보고서 (2026.06) | 2026-08-14: 기업설명회(IR)개최(안내공시)               | 2026-08-13: 투자판단관련주요경영사항               | 2026-08-06: 연결재무제표기준영업(잠정)실적(공정공시)              ,7
고려아연,010130,6,OK,,연결재무제표기준영업(잠정)실적(공정공시)              (+3) | 영업(잠정)실적(공정공시)              (+3),,2026-08-31: 소송등의판결ㆍ결정               | 2026-08-31: 대규모기업집단현황공시[분기별공시(개별회사용)] | 2026-08-26: 소송등의제기ㆍ신청(경영권분쟁소송)               | 2026-08-25: 소송등의판결ㆍ결정               | 2026-08-21: [기재정정]소송등의제기ㆍ신청(경영권분쟁소송)              ,36
한화투자증권,003530,6,OK,,영업(잠정)실적(공정공시)              (+3) | 연결재무제표기준영업(잠정)실적(공정공시)              (+3),,2026-09-01: 증권발행실적보고서 | 2026-08-31: 증권발행실적보고서 | 2026-08-31: 증권발행실적보고서 | 2026-08-31: 증권발행실적보고서 | 2026-08-31: 대규모기업집단현황공시[분기별공시(개별회사용)],100
한화생명,088350,6,OK,,연결재무제표기준영업(잠정)실적(공정공시)              (+3) | 영업(잠정)실적(공정공시)              (+3),,2026-08-31: [기재정정]반기보고서 (2026.06) | 2026-08-31: 대규모기업집단현황공시[분기별공시(개별회사용)] | 2026-08-13: 반기보고서 (2026.06) | 2026-08-12: 연결재무제표기준영업(잠정)실적(공정공시)               | 2026-08-12: 영업(잠정)실적(공정공시)              ,5
지역난방공사,071320,6,OK,,영업(잠정)실적(공정공시)              (+3) | 연결재무제표기준영업(잠정)실적(공정공시)              (+3),,2026-08-26: 영업(잠정)실적(공정공시)               | 2026-08-13: [기재정정]주주명부폐쇄기간또는기준일설정               | 2026-08-13: [기재정정]일괄신고서 | 2026-08-13: 반기보고서 (2026.06) | 2026-08-10: 연결재무제표기준영업(잠정)실적(공정공시)              ,7
덕산네오룩스,213420,6,OK,,[기재정정]유형자산취득결정(자율공시)              (+3) | 연결재무제표기준영업(잠정)실적(공정공시)              (+3),,2026-08-27: [기재정정]타법인주식및출자증권취득결정(종속회사의주요경영사항)               | 2026-08-14: [기재정정]유형자산취득결정(자율공시)               | 2026-08-13: 반기보고서 (2026.06) | 2026-08-06: 기업설명회(IR)개최               | 2026-08-06: 연결재무제표기준영업(잠정)실적(공정공시)              ,5
동원모빌리티,018500,6,OK,,영업(잠정)실적(공정공시)              (+3) | 연결재무제표기준영업(잠정)실적(공정공시)              (+3),,2026-08-14: 분기보고서 (2026.06) | 2026-08-11: 영업(잠정)실적(공정공시)               | 2026-08-11: 연결재무제표기준영업(잠정)실적(공정공시)              ,3
기아,000270,6,OK,,영업(잠정)실적(공정공시)              (+3) | 영업(잠정)실적(공정공시)              (+3),,2026-09-01: 영업(잠정)실적(공정공시)               | 2026-08-31: 기업설명회(IR)개최(안내공시)               | 2026-08-28: 대규모기업집단현황공시[분기별공시(개별회사용)] | 2026-08-24: 기업설명회(IR)개최(안내공시)               | 2026-08-21: 기업설명회(IR)개최(안내공시)              ,11
한국가스공사,036460,6,OK,,영업(잠정)실적(공정공시)              (+3) | 연결재무제표기준영업(잠정)실적(공정공시)              (+3),,2026-08-31: 독립이사의선임ㆍ해임또는중도퇴임에관한신고 | 2026-08-31: 지속가능경영보고서등관련사항(자율공시)               | 2026-08-27: 임시주주총회결과               | 2026-08-25: 기업설명회(IR)개최(안내공시)               | 2026-08-20: 자원개발진행사항공시(자율공시)              ,15
롯데관광개발,032350,6,OK,,연결재무제표기준영업(잠정)실적(공정공시)              (+3) | 연결재무제표기준영업(잠정)실적(공정공시)              (+3),,2026-09-01: 연결재무제표기준영업(잠정)실적(공정공시)               | 2026-08-31: 전환가액ㆍ신주인수권행사가액ㆍ교환가액의조정(안내공시)               | 2026-08-28: 임원ㆍ주요주주특정증권등소유상황보고서 | 2026-08-28: 주식등의대량보유상황보고서(일반) | 2026-08-28: 최대주주등소유주식변동신고서              ,10
미래에셋생명,085620,6,OK,,연결재무제표기준영업(잠정)실적(공정공시)              (+3) | 영업(잠정)실적(공정공시)              (+3),,2026-08-31: 대규모기업집단현황공시[분기별공시(개별회사용)] | 2026-08-31: [기재정정]반기보고서 (2026.06) | 2026-08-27: 최대주주등소유주식변동신고서               | 2026-08-14: 반기보고서 (2026.06) | 2026-08-14: 최대주주등소유주식변동신고서              ,11
한국콜마,161890,6,OK,,연결재무제표기준영업(잠정)실적(공정공시)              (+3) | 영업(잠정)실적(공정공시)              (+3),,2026-09-01: 기업설명회(IR)개최(안내공시)               | 2026-08-28: 최대주주등소유주식변동신고서               | 2026-08-28: 대규모기업집단현황공시[분기별공시(개별회사용)] | 2026-08-26: 기업설명회(IR)개최(안내공시)               | 2026-08-25: 주식등의대량보유상황보고서(일반),15
가비아,079940,6,OK,,연결재무제표기준영업(잠정)실적(공정공시)              (+3) | 영업(잠정)실적(공정공시)              (+3),,2026-08-28: 주주명부폐쇄기간또는기준일설정               | 2026-08-28: 주주총회소집결의              (임시주주총회) | 2026-08-25: 소송등의제기ㆍ신청(경영권분쟁소송)              (회계장부등열람및등사가처분) | 2026-08-25: 소송등의제기ㆍ신청(경영권분쟁소송)              (이사회의사록열람등사허가신청) | 2026-08-24: [기재정정]공개매수설명서,13
현대퓨처넷,126560,8,OK,,주요사항보고서(자기주식취득결정)(+5) | 연결재무제표기준영업(잠정)실적(공정공시)              (+3),,2026-08-28: 대규모기업집단현황공시[분기별공시(개별회사용)] | 2026-08-25: 기업설명회(IR)개최(안내공시)               | 2026-08-14: 반기보고서 (2026.06) | 2026-08-14: 지급수단별ㆍ지급기간별지급금액및분쟁조정기구에관한사항 | 2026-08-03: 주요사항보고서(자기주식취득결정),6
아이쓰리시스템,214430,8,OK,,[기재정정]단일판매ㆍ공급계약체결              (+5) | 영업(잠정)실적(공정공시)              (+3),,2026-08-28: [기재정정]단일판매ㆍ공급계약체결               | 2026-08-13: 반기보고서 (2026.06) | 2026-08-04: 영업(잠정)실적(공정공시)              ,3
에스케이바이오팜,326030,8,OK,,단일판매ㆍ공급계약체결              (+5) | 연결재무제표기준영업(잠정)실적(공정공시)              (+3),,2026-08-31: 최대주주등소유주식변동신고서               | 2026-08-31: 임원ㆍ주요주주특정증권등소유상황보고서 | 2026-08-31: 임원ㆍ주요주주특정증권등소유상황보고서 | 2026-08-27: 대규모기업집단현황공시[분기별공시(개별회사용)] | 2026-08-26: [첨부추가]주요사항보고서(중요한자산양수도결정(기타)),12
LS마린솔루션,060370,8,OK,,[기재정정]단일판매ㆍ공급계약체결              (+5) | 연결재무제표기준영업(잠정)실적(공정공시)              (+3),,2026-08-31: [기재정정]단일판매ㆍ공급계약체결               | 2026-08-31: 대규모기업집단현황공시[분기별공시(개별회사용)] | 2026-08-26: 임원ㆍ주요주주특정증권등거래계획보고서 | 2026-08-14: 반기보고서 (2026.06) | 2026-08-14: 지급수단별ㆍ지급기간별지급금액및분쟁조정기구에관한사항,6
DS단석,017860,8,OK,,[기재정정]연결재무제표기준영업(잠정)실적(공정공시)              (+3) | 주식소각결정              (+5),,2026-08-31: 기업설명회(IR)개최(안내공시)               | 2026-08-14: 반기보고서 (2026.06) | 2026-08-14: [기재정정]연결재무제표기준영업(잠정)실적(공정공시)               | 2026-08-12: 주식소각결정              ,4
NC,036570,8,OK,,[기재정정]단일판매ㆍ공급계약체결              (+5) | 연결재무제표기준영업(잠정)실적(공정공시)              (+3),,2026-08-14: 반기보고서 (2026.06) | 2026-08-12: [기재정정]단일판매ㆍ공급계약체결               | 2026-08-11: 금전대여결정               | 2026-08-11: 연결재무제표기준영업(잠정)실적(공정공시)               | 2026-08-06: 기업설명회(IR)개최(안내공시)              ,5
KT나스미디어,089600,8,OK,,주식소각결정              (+5) | 영업(잠정)실적(공정공시)              (+3),,2026-08-27: 대규모기업집단현황공시[분기별공시(개별회사용)] | 2026-08-14: 반기보고서 (2026.06) | 2026-08-14: 지급수단별ㆍ지급기간별지급금액및분쟁조정기구에관한사항 | 2026-08-07: 신탁계약해지결과보고서 | 2026-08-06: 주식소각결정              ,7
케이씨텍,281820,8,OK,,단일판매ㆍ공급계약체결              (+5) | 연결재무제표기준영업(잠정)실적(공정공시)              (+3),,2026-08-13: 반기보고서 (2026.06) | 2026-08-12: 단일판매ㆍ공급계약체결               | 2026-08-05: 연결재무제표기준영업(잠정)실적(공정공시)              ,3
SK오션플랜트,100090,8,OK,,단일판매ㆍ공급계약체결              (+5) | 연결재무제표기준영업(잠정)실적(공정공시)              (+3),,2026-08-31: 주식등의대량보유상황보고서(일반) | 2026-08-31: [기재정정]투자판단관련주요경영사항               | 2026-08-31: 단일판매ㆍ공급계약체결               | 2026-08-28: 대규모기업집단현황공시[분기별공시(개별회사용)] | 2026-08-25: 기업설명회(IR)개최(안내공시)              ,10
KG파이낸셜,046440,8,OK,,주식소각결정              (+5) | 연결재무제표기준영업(잠정)실적(공정공시)              (+3),,2026-08-26: 대규모기업집단현황공시[분기별공시(개별회사용)] | 2026-08-14: 반기보고서 (2026.06) | 2026-08-05: 주식소각결정               | 2026-08-05: 기업가치제고계획(자율공시)              (2026년 KG파이낸셜 기업가치제고계획 ) | 2026-08-05: 연결재무제표기준영업(잠정)실적(공정공시)              ,5
휴온스,243070,9,OK,,[기재정정]주요사항보고서(회사합병결정)(+3) | 연결재무제표기준영업(잠정)실적(공정공시)              (+3) | [기재정정]주요사항보고서(회사합병결정)(+3),,2026-08-26: 기타주요경영사항              (회사합병 결정 및 임시주주총회 소집결의 철회) | 2026-08-26: [기재정정]주주총회소집결의              (임시주주총회-철회) | 2026-08-26: [기재정정]주요사항보고서(회사합병결정) | 2026-08-24: 기업설명회(IR)개최               | 2026-08-14: 반기보고서 (2026.06),10
SK가스,018670,9,OK,,[첨부정정]주요사항보고서(회사합병결정)(+3) | 회사합병결정(종속회사의주요경영사항)              (+3) | 주요사항보고서(회사합병결정)(+3),,2026-08-27: 대규모기업집단현황공시[분기별공시(개별회사용)] | 2026-08-27: [첨부정정]주요사항보고서(회사합병결정) | 2026-08-26: 투자판단관련주요경영사항               | 2026-08-26: 주주명부폐쇄기간또는기준일설정               | 2026-08-26: 회사합병결정(종속회사의주요경영사항)              ,15
메리츠금융지주,138040,9,OK,,연결재무제표기준영업(잠정)실적(공정공시)              (+3) | 영업(잠정)실적(공정공시)(자회사의 주요경영사항)              (+3) | 연결재무제표기준영업(잠정)실적(공정공시)(자회사의 주요경영사항)              (+3),,2026-08-28: 임원ㆍ주요주주특정증권등소유상황보고서 | 2026-08-28: 임원ㆍ주요주주특정증권등소유상황보고서 | 2026-08-28: 주요사항보고서(자기주식취득신탁계약체결결정) | 2026-08-28: 신탁계약해지결과보고서 | 2026-08-28: 주요사항보고서(자기주식취득신탁계약해지결정),16
금호석유화학,011780,9,OK,,[첨부정정]주요사항보고서(회사합병결정)(+3) | 주요사항보고서(회사합병결정)(+3) | 연결재무제표기준영업(잠정)실적(공정공시)              (+3),,2026-08-31: 대규모기업집단현황공시[분기별공시(대표회사용)] | 2026-08-14: 반기보고서 (2026.06) | 2026-08-14: 지급수단별ㆍ지급기간별지급금액및분쟁조정기구에관한사항 | 2026-08-12: [첨부정정]주요사항보고서(회사합병결정) | 2026-08-10: 주요사항보고서(회사합병결정),11
톱텍,108230,10,OK,,단일판매ㆍ공급계약체결              (+5) | 단일판매ㆍ공급계약체결              (+5),,2026-08-27: 단일판매ㆍ공급계약체결               | 2026-08-24: 단일판매ㆍ공급계약체결               | 2026-08-14: 반기보고서 (2026.06),3
한진칼,180640,10,OK,,주식소각결정              (+5) | 주식소각결정(자회사의 주요경영사항)              (+5),,2026-08-28: [기재정정]타법인주식및출자증권취득결정(자회사의 주요경영사항)               | 2026-08-28: 대규모기업집단현황공시[분기별공시(대표회사용)] | 2026-08-21: 기타경영사항(자율공시)               | 2026-08-14: 반기보고서 (2026.06) | 2026-08-13: 주식소각결정              ,10
금양그린파워,282720,10,OK,,[기재정정]단일판매ㆍ공급계약체결              (+5) | [기재정정]단일판매ㆍ공급계약체결              (+5),,2026-09-01: 자기주식처분결과보고서 | 2026-08-31: [기재정정]단일판매ㆍ공급계약체결               | 2026-08-13: 반기보고서 (2026.06) | 2026-08-07: 임원ㆍ주요주주특정증권등소유상황보고서 | 2026-08-07: 주식등의대량보유상황보고서(일반),6
디와이피엔에프,104460,10,OK,,[기재정정]단일판매ㆍ공급계약체결              (+5) | [기재정정]단일판매ㆍ공급계약체결              (+5),,2026-08-20: [기재정정]단일판매ㆍ공급계약체결               | 2026-08-19: [기재정정]단일판매ㆍ공급계약체결               | 2026-08-14: 반기보고서 (2026.06),3
씨케이솔루션,480370,10,OK,,[기재정정]단일판매ㆍ공급계약체결              (+5) | 단일판매ㆍ공급계약체결              (+5),,2026-08-31: [기재정정]단일판매ㆍ공급계약체결               | 2026-08-14: 반기보고서 (2026.06) | 2026-08-13: 단일판매ㆍ공급계약체결              ,3
피델릭스,032580,10,OK,,단일판매ㆍ공급계약체결              (+5) | 단일판매ㆍ공급계약체결              (+5),,2026-08-27: 단일판매ㆍ공급계약체결               | 2026-08-12: 반기보고서 (2026.06) | 2026-08-03: 단일판매ㆍ공급계약체결              ,3
엑시큐어하이트론,019490,10,OK,,[기재정정]단일판매ㆍ공급계약체결              (+5) | [기재정정]단일판매ㆍ공급계약체결              (+5),,"2026-08-24: [기재정정]단일판매ㆍ공급계약체결               | 2026-08-14: 반기보고서 (2026.06) | 2026-08-14: 반기검토의견부적정,의견거절또는완전자본잠식사실발생               | 2026-08-11: [기재정정]단일판매ㆍ공급계약체결              ",4
버넥트,438700,10,OK,,단일판매ㆍ공급계약체결              (+5) | 단일판매ㆍ공급계약체결              (+5),,2026-08-31: 단일판매ㆍ공급계약체결               | 2026-08-21: 단일판매ㆍ공급계약체결               | 2026-08-21: 주식등의대량보유상황보고서(약식) | 2026-08-14: 반기보고서 (2026.06),4
파두,440110,10,OK,,단일판매ㆍ공급계약체결              (+5) | [기재정정]단일판매ㆍ공급계약체결              (+5),,2026-08-26: 주식등의대량보유상황보고서(약식) | 2026-08-26: 주식등의대량보유상황보고서(일반) | 2026-08-14: 기업설명회(IR)개최               | 2026-08-14: 기업설명회(IR)개최               | 2026-08-13: 반기보고서 (2026.06),8
PS일렉트로닉스,332570,10,OK,,주식소각결정              (+5) | [기재정정]단일판매ㆍ공급계약체결              (+5),,2026-08-18: 주식등의대량보유상황보고서(일반) | 2026-08-18: 주식소각결정               | 2026-08-18: 파생상품거래손실발생               | 2026-08-18: [기재정정]반기보고서 (2026.06) | 2026-08-14: 반기보고서 (2026.06),8
한진중공업홀딩스,003480,10,OK,,단일판매ㆍ공급계약체결(자회사의 주요경영사항)              (+5) | 단일판매ㆍ공급계약체결(자회사의 주요경영사항)              (+5),,2026-08-20: 단일판매ㆍ공급계약체결(자회사의 주요경영사항)               | 2026-08-20: 단일판매ㆍ공급계약체결(자회사의 주요경영사항)               | 2026-08-14: 반기보고서 (2026.06),3
일성건설,013360,10,OK,,단일판매ㆍ공급계약체결              (+5) | 단일판매ㆍ공급계약체결              (+5),,2026-09-01: 단일판매ㆍ공급계약체결               | 2026-08-28: 합병등종료보고서(자산양수도) | 2026-08-14: 반기보고서 (2026.06) | 2026-08-10: 단일판매ㆍ공급계약체결              ,4
현대오토에버,307950,10,OK,,[기재정정]단일판매ㆍ공급계약체결              (+5) | [기재정정]단일판매ㆍ공급계약체결              (+5),,2026-08-28: 대규모기업집단현황공시[분기별공시(개별회사용)] | 2026-08-14: 반기보고서 (2026.06) | 2026-08-13: 지급수단별ㆍ지급기간별지급금액및분쟁조정기구에관한사항 | 2026-08-05: [기재정정]단일판매ㆍ공급계약체결               | 2026-08-05: [기재정정]단일판매ㆍ공급계약체결              ,5
파이버프로,368770,10,OK,,[기재정정]단일판매ㆍ공급계약체결              (+5) | 단일판매ㆍ공급계약체결              (+5),,2026-09-01: [기재정정]단일판매ㆍ공급계약체결               | 2026-08-31: 단일판매ㆍ공급계약체결               | 2026-08-13: 반기보고서 (2026.06),3
비에이치아이,083650,10,OK,,[기재정정]단일판매ㆍ공급계약체결              (+5) | [기재정정]단일판매ㆍ공급계약체결              (+5),,2026-08-19: [기재정정]단일판매ㆍ공급계약체결               | 2026-08-14: 파생상품거래손실발생               | 2026-08-14: 반기보고서 (2026.06) | 2026-08-07: [기재정정]단일판매ㆍ공급계약체결              ,4
대아티아이,045390,10,OK,,[기재정정]단일판매ㆍ공급계약체결              (+5) | [기재정정]단일판매ㆍ공급계약체결              (+5),,2026-08-28: [기재정정]단일판매ㆍ공급계약체결               | 2026-08-27: [기재정정]단일판매ㆍ공급계약체결               | 2026-08-14: [기재정정]반기보고서 (2026.06) | 2026-08-14: 반기보고서 (2026.06),4
세명전기,017510,10,OK,,[기재정정]단일판매ㆍ공급계약체결              (+5) | [기재정정]단일판매ㆍ공급계약체결              (+5),,2026-08-27: [기재정정]단일판매ㆍ공급계약체결               | 2026-08-25: [기재정정]단일판매ㆍ공급계약체결               | 2026-08-12: 반기보고서 (2026.06),3
강원에너지,114190,10,OK,,[기재정정]단일판매ㆍ공급계약체결              (+5) | [기재정정]단일판매ㆍ공급계약체결              (+5),,2026-08-28: [기재정정]단일판매ㆍ공급계약체결               | 2026-08-28: [기재정정]단일판매ㆍ공급계약체결               | 2026-08-21: [기재정정]금전대여결정              (대여기간 연장) | 2026-08-14: 타인에대한채무보증결정               | 2026-08-14: 주식등의대량보유상황보고서(일반),6
에쓰씨엔지니어링,023960,10,OK,,주식소각결정              (+5) | [기재정정]단일판매ㆍ공급계약체결              (+5),,2026-08-28: 대규모기업집단현황공시[분기별공시(개별회사용)] | 2026-08-26: 임원ㆍ주요주주특정증권등소유상황보고서 | 2026-08-14: 최대주주등소유주식변동신고서               | 2026-08-14: 반기보고서 (2026.06) | 2026-08-13: 지급수단별ㆍ지급기간별지급금액및분쟁조정기구에관한사항,11
엠아이큐브솔루션,373170,10,OK,,단일판매ㆍ공급계약체결(자율공시)              (+5) | 단일판매ㆍ공급계약체결              (+5),,2026-08-14: 반기보고서 (2026.06) | 2026-08-03: 단일판매ㆍ공급계약체결(자율공시)               | 2026-08-03: 단일판매ㆍ공급계약체결              ,3
카스,016920,10,OK,,주요사항보고서(자기주식취득결정)(+5) | 주요사항보고서(자기주식취득결정)(+5),,2026-09-01: 주요사항보고서(자기주식취득결정) | 2026-08-26: 임원ㆍ주요주주특정증권등소유상황보고서 | 2026-08-19: 자기주식취득결과보고서 | 2026-08-14: 반기보고서 (2026.06) | 2026-08-03: 주요사항보고서(자기주식취득결정),6
KPX홀딩스,092230,10,OK,,주식소각결정(자회사의 주요경영사항)              (+5) | 주식소각결정              (+5),,2026-08-28: 주식소각결정(자회사의 주요경영사항)               | 2026-08-28: 주식소각결정               | 2026-08-19: 최대주주등소유주식변동신고서               | 2026-08-14: 반기보고서 (2026.06),4
동부건설,005960,10,OK,,[기재정정]단일판매ㆍ공급계약체결              (+5) | [기재정정]단일판매ㆍ공급계약체결              (+5),,2026-08-24: [기재정정]단일판매ㆍ공급계약체결               | 2026-08-24: [기재정정]단일판매ㆍ공급계약체결               | 2026-08-14: 주식등의대량보유상황보고서(일반) | 2026-08-13: 반기보고서 (2026.06) | 2026-08-07: 투자판단관련주요경영사항              ,5
인지컨트롤스,023800,10,OK,,단일판매ㆍ공급계약체결              (+5) | 단일판매ㆍ공급계약체결              (+5),,2026-08-25: [기재정정]타인에대한채무보증결정               | 2026-08-25: [기재정정]타인에대한채무보증결정               | 2026-08-21: 단일판매ㆍ공급계약체결               | 2026-08-21: 타법인주식및출자증권취득결정               | 2026-08-21: 금전대여결정              ,8
기가비스,420770,10,OK,,단일판매ㆍ공급계약체결              (+5) | 단일판매ㆍ공급계약체결              (+5),,2026-08-19: 단일판매ㆍ공급계약체결               | 2026-08-14: 반기보고서 (2026.06) | 2026-08-13: 본점소재지변경               | 2026-08-11: 단일판매ㆍ공급계약체결              ,4
이노메트리,302430,10,OK,,단일판매ㆍ공급계약체결              (+5) | 주식소각결정              (+5),,2026-08-27: 단일판매ㆍ공급계약체결               | 2026-08-24: 기업설명회(IR)개최               | 2026-08-14: 반기보고서 (2026.06) | 2026-08-13: 신탁계약해지결과보고서 | 2026-08-13: 주식소각결정              ,6
에스지헬스케어,398120,10,OK,,[기재정정]단일판매ㆍ공급계약체결              (+5) | [기재정정]단일판매ㆍ공급계약체결              (+5),,2026-08-31: 반기보고서 (2026.06) | 2026-08-26: [기재정정]단일판매ㆍ공급계약체결               | 2026-08-26: [기재정정]단일판매ㆍ공급계약체결              ,3
남화토건,091590,10,OK,,[기재정정]단일판매ㆍ공급계약체결              (+5) | [기재정정]단일판매ㆍ공급계약체결              (+5),,2026-08-24: [기재정정]단일판매ㆍ공급계약체결               | 2026-08-14: 반기보고서 (2026.06) | 2026-08-06: 주식등의대량보유상황보고서(일반) | 2026-08-04: [기재정정]단일판매ㆍ공급계약체결              ,4
글로본,019660,10,OK,,[기재정정]단일판매ㆍ공급계약체결              (+5) | 단일판매ㆍ공급계약체결              (+5),,2026-08-25: [기재정정]단일판매ㆍ공급계약체결               | 2026-08-24: 단일판매ㆍ공급계약체결               | 2026-08-14: 반기보고서 (2026.06) | 2026-08-04: 주식등의대량보유상황보고서(약식),4
노타,486990,10,OK,,단일판매ㆍ공급계약체결              (+5) | 단일판매ㆍ공급계약체결              (+5),,2026-08-25: 단일판매ㆍ공급계약체결               | 2026-08-14: 반기보고서 (2026.06) | 2026-08-13: 단일판매ㆍ공급계약체결              ,3
KC코트렐,119650,10,OK,,[기재정정]단일판매ㆍ공급계약체결(자율공시)              (+5) | [기재정정]단일판매ㆍ공급계약체결(자율공시)              (+5),,2026-08-21: [기재정정]단일판매ㆍ공급계약체결(자율공시)               | 2026-08-14: 반기보고서 (2026.06) | 2026-08-07: [기재정정]단일판매ㆍ공급계약체결(자율공시)              ,3
하나금융지주,086790,10,OK,,[기재정정]주식소각결정              (+5) | [기재정정]주식소각결정              (+5),,2026-08-26: [기재정정]주식소각결정               | 2026-08-26: [기재정정]주식소각결정               | 2026-08-25: 최대주주등소유주식변동신고서               | 2026-08-25: 임원ㆍ주요주주특정증권등소유상황보고서 | 2026-08-19: 기업설명회(IR)개최(안내공시)              ,10
예스티,122640,10,OK,,단일판매ㆍ공급계약체결              (+5) | [기재정정]단일판매ㆍ공급계약체결              (+5),,2026-08-25: 단일판매ㆍ공급계약체결               | 2026-08-14: 반기보고서 (2026.06) | 2026-08-12: [기재정정]단일판매ㆍ공급계약체결               | 2026-08-03: 임원ㆍ주요주주특정증권등소유상황보고서 | 2026-08-03: 임원ㆍ주요주주특정증권등소유상황보고서,9
앱클론,174900,10,OK,,[기재정정]단일판매ㆍ공급계약체결(자율공시)              (+5) | 단일판매ㆍ공급계약체결              (+5),,2026-08-31: [기재정정]단일판매ㆍ공급계약체결(자율공시)               | 2026-08-13: 반기보고서 (2026.06) | 2026-08-07: 임원ㆍ주요주주특정증권등소유상황보고서 | 2026-08-04: 단일판매ㆍ공급계약체결              ,4
네오셈,253590,10,OK,,[기재정정]단일판매ㆍ공급계약체결(자율공시)              (+5) | [기재정정]단일판매ㆍ공급계약체결              (+5),,2026-08-31: 주식등의대량보유상황보고서(일반) | 2026-08-28: [기재정정]단일판매ㆍ공급계약체결(자율공시)               | 2026-08-28: [기재정정]단일판매ㆍ공급계약체결               | 2026-08-14: 반기보고서 (2026.06),4
SHD,001770,10,OK,,[기재정정]주요사항보고서(자기주식취득결정)(+5) | 주요사항보고서(자기주식취득결정)(+5),,2026-08-14: 반기보고서 (2026.06) | 2026-08-13: [기재정정]주요사항보고서(자기주식취득결정) | 2026-08-13: 주요사항보고서(자기주식취득결정),3
HS화성,002460,10,OK,,[기재정정]단일판매ㆍ공급계약체결              (+5) | [기재정정]단일판매ㆍ공급계약체결              (+5),,2026-08-31: 투자판단관련주요경영사항               | 2026-08-31: [기재정정]단일판매ㆍ공급계약체결               | 2026-08-24: [기재정정]단일판매ㆍ공급계약체결               | 2026-08-14: 반기보고서 (2026.06),4
에프알텍,073540,10,OK,,단일판매ㆍ공급계약체결              (+5) | 단일판매ㆍ공급계약체결              (+5),,2026-08-14: 반기보고서 (2026.06) | 2026-08-14: 단일판매ㆍ공급계약체결               | 2026-08-14: 임원ㆍ주요주주특정증권등소유상황보고서 | 2026-08-06: 단일판매ㆍ공급계약체결              ,4
코윈테크,282880,10,OK,,단일판매ㆍ공급계약체결(자율공시)              (+5) | [기재정정]단일판매ㆍ공급계약체결              (+5),,2026-09-01: 상호변경안내               | 2026-09-01: 임시주주총회결과               | 2026-08-27: 단일판매ㆍ공급계약체결(자율공시)               | 2026-08-20: [기재정정]단일판매ㆍ공급계약체결               | 2026-08-14: 반기보고서 (2026.06),7
삼화네트웍스,046390,10,OK,,단일판매ㆍ공급계약체결              (+5) | [기재정정]단일판매ㆍ공급계약체결              (+5),,2026-09-01: 단일판매ㆍ공급계약체결               | 2026-08-19: 주식등의대량보유상황보고서(일반) | 2026-08-14: 반기보고서 (2026.06) | 2026-08-04: [기재정정]단일판매ㆍ공급계약체결               | 2026-08-03: 주식등의대량보유상황보고서(일반),5
엠앤씨솔루션,484870,10,OK,,단일판매ㆍ공급계약체결(자율공시)              (+5) | [기재정정]단일판매ㆍ공급계약체결              (+5),,2026-09-01: [기재정정]수시공시의무관련사항(공정공시)               | 2026-09-01: [기재정정]주요사항보고서(자기주식취득신탁계약체결결정) | 2026-08-31: 수시공시의무관련사항(공정공시)              (주주가치 제고를 위한 주주환원정책 안내) | 2026-08-28: 주요사항보고서(자기주식취득신탁계약체결결정) | 2026-08-21: 단일판매ㆍ공급계약체결(자율공시)              ,10
피엔티,137400,10,OK,,[기재정정]주요사항보고서(자기주식취득결정)(+5) | 주요사항보고서(자기주식취득결정)(+5),,2026-09-01: 주식등의대량보유상황보고서(일반) | 2026-08-25: 기업설명회(IR)개최               | 2026-08-21: 자기주식취득결과보고서 | 2026-08-14: [기재정정]주요사항보고서(자기주식취득결정) | 2026-08-14: 주요사항보고서(자기주식취득결정),7
HD현대,267250,10,OK,,[기재정정]단일판매ㆍ공급계약체결(자회사의 주요경영사항)              (+5) | [기재정정]단일판매ㆍ공급계약체결(자회사의 주요경영사항)              (+5),,2026-08-31: 중대재해발생(종속회사의주요경영사항)               | 2026-08-27: 대규모기업집단현황공시[분기별공시(개별회사용)] | 2026-08-25: [기재정정]단일판매ㆍ공급계약체결(자회사의 주요경영사항)               | 2026-08-24: [기재정정]단일판매ㆍ공급계약체결(자회사의 주요경영사항)               | 2026-08-24: 풍문또는보도에대한해명(미확정)(자회사의 주요경영사항)              ,10
핌스,347770,10,OK,,[기재정정]주요사항보고서(자기주식취득결정)(+5) | 주요사항보고서(자기주식취득결정)(+5),,2026-08-31: 주식등의대량보유상황보고서(일반) | 2026-08-31: [기재정정]임원ㆍ주요주주특정증권등소유상황보고서 | 2026-08-31: 임원ㆍ주요주주특정증권등소유상황보고서 | 2026-08-14: 반기보고서 (2026.06) | 2026-08-13: [기재정정]주요사항보고서(자기주식취득결정),6
한텍,098070,10,OK,,[기재정정]단일판매ㆍ공급계약체결              (+5) | 단일판매ㆍ공급계약체결              (+5),,2026-08-21: [기재정정]단일판매ㆍ공급계약체결               | 2026-08-20: 임원ㆍ주요주주특정증권등소유상황보고서 | 2026-08-14: 반기보고서 (2026.06) | 2026-08-04: 단일판매ㆍ공급계약체결              ,4
시공테크,020710,10,OK,,단일판매ㆍ공급계약체결              (+5) | [기재정정]단일판매ㆍ공급계약체결(자율공시)              (+5),,2026-08-24: 단일판매ㆍ공급계약체결               | 2026-08-20: [기재정정]단일판매ㆍ공급계약체결(자율공시)               | 2026-08-14: [첨부추가]반기보고서 (2026.06),3
인텍플러스,064290,10,OK,,[기재정정]단일판매ㆍ공급계약체결              (+5) | 단일판매ㆍ공급계약체결(자율공시)              (+5),,2026-09-01: [기재정정]단일판매ㆍ공급계약체결               | 2026-08-24: 주식등의대량보유상황보고서(일반) | 2026-08-24: 단일판매ㆍ공급계약체결(자율공시)               | 2026-08-14: 반기보고서 (2026.06),4
삼일씨엔에스,004440,10,OK,,[기재정정]단일판매ㆍ공급계약체결              (+5) | [기재정정]단일판매ㆍ공급계약체결              (+5),,2026-08-28: [기재정정]단일판매ㆍ공급계약체결               | 2026-08-13: 반기보고서 (2026.06) | 2026-08-12: [기재정정]단일판매ㆍ공급계약체결               | 2026-08-07: 최대주주등소유주식변동신고서               | 2026-08-04: 대표이사(대표집행임원)변경(안내공시)              ,6
씨엔플러스,115530,10,OK,,[기재정정]단일판매ㆍ공급계약체결              (+5) | 단일판매ㆍ공급계약체결(자율공시)              (+5),,2026-08-31: [기재정정]단일판매ㆍ공급계약체결               | 2026-08-21: [기재정정]사업보고서 (2025.12) | 2026-08-14: 반기보고서 (2026.06) | 2026-08-11: 단일판매ㆍ공급계약체결(자율공시)               | 2026-08-07: 주식등의대량보유상황보고서(일반),9
LS,006260,10,OK,,단일판매ㆍ공급계약체결(자회사의 주요경영사항)              (+5) | [기재정정]단일판매ㆍ공급계약체결              (+5),,2026-08-28: 지속가능경영보고서등관련사항(자율공시)               | 2026-08-26: 대규모기업집단현황공시[분기별공시(대표회사용)] | 2026-08-25: 주식등의대량보유상황보고서(일반) | 2026-08-25: 최대주주등소유주식변동신고서               | 2026-08-24: 단일판매ㆍ공급계약체결(자회사의 주요경영사항)              ,11
산일전기,062040,11,OK,,단일판매ㆍ공급계약체결              (+5) | 연결재무제표기준영업(잠정)실적(공정공시)              (+3) | 영업(잠정)실적(공정공시)              (+3),,2026-08-26: 주요사항보고서(유형자산양수결정) | 2026-08-20: 단일판매ㆍ공급계약체결               | 2026-08-14: 반기보고서 (2026.06) | 2026-08-13: 최대주주등소유주식변동신고서               | 2026-08-13: 주식등의대량보유상황보고서(일반),8
휴맥스홀딩스,028080,11,OK,,[기재정정]주요사항보고서(회사합병결정)(+3) | 주식소각결정              (+5) | [기재정정]주요사항보고서(회사합병결정)(+3),,2026-08-28: 임시주주총회결과               | 2026-08-14: 파생상품거래손실발생               | 2026-08-14: 반기보고서 (2026.06) | 2026-08-11: [기재정정]의결권대리행사권유참고서류 | 2026-08-11: [기재정정]주주총회소집공고,13
현대자동차,005380,11,OK,,영업(잠정)실적(공정공시)              (+3) | 주식소각결정              (+5) | 영업(잠정)실적(공정공시)              (+3),,2026-09-01: 영업(잠정)실적(공정공시)               | 2026-08-28: 대규모기업집단현황공시[분기별공시(대표회사용)] | 2026-08-28: 기업설명회(IR)개최(안내공시)               | 2026-08-28: 기업설명회(IR)개최(안내공시)               | 2026-08-26: 장래사업ㆍ경영계획(공정공시)              ,18
SK디스커버리,006120,11,OK,,[기재정정]단일판매ㆍ공급계약체결(자회사의 주요경영사항)              (+5) | [첨부정정]주요사항보고서(회사합병결정)(자회사의 주요경영사항)              (+3) | 주요사항보고서(회사합병결정)(자회사의 주요경영사항)              (+3),,2026-08-28: 대규모기업집단현황공시[분기별공시(개별회사용)] | 2026-08-28: [기재정정]단일판매ㆍ공급계약체결(자회사의 주요경영사항)               | 2026-08-27: [첨부정정]주요사항보고서(회사합병결정)(자회사의 주요경영사항)               | 2026-08-26: 투자판단관련주요경영사항(자회사의 주요경영사항)               | 2026-08-26: 주요사항보고서(회사합병결정)(자회사의 주요경영사항)              ,16
엠씨넥스,097520,13,OK,,[기재정정]주요사항보고서(자기주식취득결정)(+5) | 주요사항보고서(자기주식취득결정)(+5) | 연결재무제표기준영업(잠정)실적(공정공시)              (+3),,2026-08-14: 반기보고서 (2026.06) | 2026-08-07: [기재정정]주요사항보고서(자기주식취득결정) | 2026-08-07: 주요사항보고서(자기주식취득결정) | 2026-08-07: 연결재무제표기준영업(잠정)실적(공정공시)              ,4
성광벤드,014620,13,OK,,[기재정정]단일판매ㆍ공급계약체결              (+5) | 단일판매ㆍ공급계약체결              (+5) | 연결재무제표기준영업(잠정)실적(공정공시)              (+3),,2026-08-24: [기재정정]단일판매ㆍ공급계약체결               | 2026-08-21: 단일판매ㆍ공급계약체결               | 2026-08-14: 반기보고서 (2026.06) | 2026-08-14: 기업설명회(IR)개최               | 2026-08-14: 기업설명회(IR)개최              ,6
고스트스튜디오,950190,13,OK,,[기재정정]주요사항보고서(자기주식취득결정)(+5) | 주요사항보고서(자기주식취득결정)(+5) | 연결재무제표기준영업(잠정)실적(공정공시)              (+3),,2026-09-01: [기재정정]주요사항보고서(자기주식취득결정) | 2026-08-28: 주요사항보고서(자기주식취득결정) | 2026-08-14: 반기보고서 (2026.06) | 2026-08-14: 자기주식취득결과보고서 | 2026-08-13: 연결재무제표기준영업(잠정)실적(공정공시)              ,5
에코프로에이치엔,383310,13,OK,,단일판매ㆍ공급계약체결              (+5) | 단일판매ㆍ공급계약체결              (+5) | 연결재무제표기준영업(잠정)실적(공정공시)              (+3),,2026-09-01: 기업설명회(IR)개최               | 2026-09-01: 단일판매ㆍ공급계약체결               | 2026-08-28: 대규모기업집단현황공시[분기별공시(개별회사용)] | 2026-08-24: 단일판매ㆍ공급계약체결               | 2026-08-14: 반기보고서 (2026.06),7
HD현대중공업,329180,13,OK,,영업(잠정)실적(공정공시)              (+3) | 단일판매ㆍ공급계약체결              (+5) | 단일판매ㆍ공급계약체결              (+5),,2026-08-31: 중대재해발생               | 2026-08-28: 대규모기업집단현황공시[분기별공시(개별회사용)] | 2026-08-27: 영업(잠정)실적(공정공시)               | 2026-08-24: 단일판매ㆍ공급계약체결               | 2026-08-21: 조회공시요구(풍문또는보도)에대한답변(미확정)              ,9
현대그린푸드,453340,13,OK,,연결재무제표기준영업(잠정)실적(공정공시)              (+3) | 주식소각결정              (+5) | 주요사항보고서(자기주식취득결정)(+5),,2026-08-31: 주식등의대량보유상황보고서(일반) | 2026-08-28: 대규모기업집단현황공시[분기별공시(개별회사용)] | 2026-08-25: 기업설명회(IR)개최(안내공시)               | 2026-08-18: 기업설명회(IR)개최(안내공시)               | 2026-08-14: 반기보고서 (2026.06),11
한화오션,042660,15,OK,,단일판매ㆍ공급계약체결              (+5) | [기재정정]단일판매ㆍ공급계약체결              (+5) | 단일판매ㆍ공급계약체결              (+5),,2026-09-01: 단일판매ㆍ공급계약체결               | 2026-08-31: 기업설명회(IR)개최(안내공시)               | 2026-08-31: 대규모기업집단현황공시[분기별공시(개별회사용)] | 2026-08-25: [기재정정]단일판매ㆍ공급계약체결               | 2026-08-25: 특수관계인과의내부거래,10
HD현대마린엔진,071970,15,OK,,단일판매ㆍ공급계약체결              (+5) | 단일판매ㆍ공급계약체결              (+5) | 단일판매ㆍ공급계약체결              (+5),,2026-08-31: 단일판매ㆍ공급계약체결               | 2026-08-31: 단일판매ㆍ공급계약체결               | 2026-08-27: 대규모기업집단현황공시[분기별공시(개별회사용)] | 2026-08-21: 단일판매ㆍ공급계약체결               | 2026-08-14: 반기보고서 (2026.06),6
지엔씨에너지,119850,15,OK,,[기재정정]단일판매ㆍ공급계약체결              (+5) | 단일판매ㆍ공급계약체결              (+5) | 단일판매ㆍ공급계약체결              (+5),,2026-08-31: [기재정정]단일판매ㆍ공급계약체결               | 2026-08-13: 반기보고서 (2026.06) | 2026-08-05: [기재정정]자기주식처분결과보고서 | 2026-08-04: 주식등의대량보유상황보고서(약식) | 2026-08-04: 단일판매ㆍ공급계약체결              ,7
세보엠이씨,011560,15,OK,,[기재정정]단일판매ㆍ공급계약체결(자율공시)              (+5) | 단일판매ㆍ공급계약체결(자율공시)              (+5) | [기재정정]단일판매ㆍ공급계약체결(자율공시)              (+5),,2026-08-27: [기재정정]단일판매ㆍ공급계약체결(자율공시)               | 2026-08-18: 단일판매ㆍ공급계약체결(자율공시)               | 2026-08-14: 반기보고서 (2026.06) | 2026-08-14: [기재정정]사업보고서 (2025.12) | 2026-08-10: [기재정정]단일판매ㆍ공급계약체결(자율공시)              ,5
두산에너빌리티,034020,15,OK,,[기재정정]단일판매ㆍ공급계약체결              (+5) | 단일판매ㆍ공급계약체결              (+5) | 단일판매ㆍ공급계약체결              (+5),,2026-09-01: [기재정정]단일판매ㆍ공급계약체결               | 2026-09-01: 단일판매ㆍ공급계약체결               | 2026-08-31: [기재정정]대규모기업집단현황공시[분기별공시(개별회사용)] | 2026-08-31: 기업설명회(IR)개최(안내공시)               | 2026-08-31: 대규모기업집단현황공시[분기별공시(개별회사용)],10
KCC건설,021320,15,OK,,[기재정정]단일판매ㆍ공급계약체결(자율공시)              (+5) | [기재정정]단일판매ㆍ공급계약체결(자율공시)              (+5) | [기재정정]단일판매ㆍ공급계약체결              (+5),,2026-09-01: [기재정정]단일판매ㆍ공급계약체결(자율공시)               | 2026-08-31: 대규모기업집단현황공시[분기별공시(개별회사용)] | 2026-08-28: [기재정정]중대재해발생               | 2026-08-13: 반기보고서 (2026.06) | 2026-08-12: [기재정정]중대재해발생              ,8
티에스아이,277880,15,OK,,[기재정정]단일판매ㆍ공급계약체결              (+5) | [기재정정]단일판매ㆍ공급계약체결              (+5) | [기재정정]단일판매ㆍ공급계약체결              (+5),,2026-08-21: [기재정정]단일판매ㆍ공급계약체결               | 2026-08-19: [기재정정]단일판매ㆍ공급계약체결               | 2026-08-14: [기재정정]단일판매ㆍ공급계약체결               | 2026-08-14: 반기보고서 (2026.06),4
남광토건,001260,15,OK,,[기재정정]단일판매ㆍ공급계약체결              (+5) | [기재정정]단일판매ㆍ공급계약체결              (+5) | [기재정정]단일판매ㆍ공급계약체결              (+5),,2026-09-01: 채무인수결정               | 2026-09-01: [기재정정]타인에대한채무보증결정               | 2026-08-31: [기재정정]타인에대한채무보증결정               | 2026-08-31: [기재정정]단일판매ㆍ공급계약체결               | 2026-08-19: 소송등의제기ㆍ신청(일정금액이상의청구)              ,12
미래산업,025560,15,OK,,[기재정정]단일판매ㆍ공급계약체결              (+5) | [기재정정]단일판매ㆍ공급계약체결              (+5) | 단일판매ㆍ공급계약체결              (+5),,2026-08-28: 주식등의대량보유상황보고서(일반) | 2026-08-28: [기재정정]단일판매ㆍ공급계약체결               | 2026-08-28: 타법인주식및출자증권처분결정               | 2026-08-21: 주식등의대량보유상황보고서(일반) | 2026-08-20: [기재정정]단일판매ㆍ공급계약체결              ,9
다스코,058730,15,OK,,[기재정정]단일판매ㆍ공급계약체결(자율공시)              (+5) | [기재정정]단일판매ㆍ공급계약체결(자율공시)              (+5) | 단일판매ㆍ공급계약체결              (+5),,2026-08-28: [기재정정]단일판매ㆍ공급계약체결(자율공시)               | 2026-08-28: [기재정정]단일판매ㆍ공급계약체결(자율공시)               | 2026-08-26: 투자판단관련주요경영사항               | 2026-08-19: 주주총회소집공고 | 2026-08-14: 반기보고서 (2026.06),7
우원개발,046940,15,OK,,[기재정정]단일판매ㆍ공급계약체결              (+5) | 단일판매ㆍ공급계약체결              (+5) | [기재정정]단일판매ㆍ공급계약체결              (+5),,2026-08-25: [기재정정]단일판매ㆍ공급계약체결               | 2026-08-25: 단일판매ㆍ공급계약체결               | 2026-08-20: [기재정정]단일판매ㆍ공급계약체결               | 2026-08-14: 반기보고서 (2026.06),4
한성크린텍,066980,15,OK,,[기재정정]단일판매ㆍ공급계약체결(자율공시)              (+5) | [기재정정]단일판매ㆍ공급계약체결              (+5) | [기재정정]단일판매ㆍ공급계약체결(자율공시)              (+5),,2026-09-01: [기재정정]단일판매ㆍ공급계약체결(자율공시)               | 2026-08-28: [기재정정]단일판매ㆍ공급계약체결               | 2026-08-27: [기재정정]단일판매ㆍ공급계약체결(자율공시)               | 2026-08-18: 투자판단관련주요경영사항              (P&T7 PJT WWT System 기계(2공구) 공사 우선협상 구매의향서(LOI) 수령) | 2026-08-14: 반기보고서 (2026.06),7
에이직랜드,445090,15,OK,,[기재정정]단일판매ㆍ공급계약체결              (+5) | [기재정정]단일판매ㆍ공급계약체결              (+5) | [기재정정]단일판매ㆍ공급계약체결              (+5),,2026-08-25: 주식등의대량보유상황보고서(일반) | 2026-08-20: [기재정정]단일판매ㆍ공급계약체결               | 2026-08-19: [기재정정]단일판매ㆍ공급계약체결               | 2026-08-18: [기재정정]단일판매ㆍ공급계약체결               | 2026-08-14: 반기보고서 (2026.06),5
테크윙,089030,15,OK,,[기재정정]단일판매ㆍ공급계약체결(자율공시)              (+5) | 단일판매ㆍ공급계약체결(자율공시)              (+5) | [기재정정]단일판매ㆍ공급계약체결(자율공시)              (+5),,2026-08-31: [첨부정정]유형자산처분결정(자율공시)               | 2026-08-24: 주식등의대량보유상황보고서(일반) | 2026-08-14: 반기보고서 (2026.06) | 2026-08-13: [기재정정]단일판매ㆍ공급계약체결(자율공시)               | 2026-08-10: 단일판매ㆍ공급계약체결(자율공시)              ,6
삼성중공업,010140,15,OK,,[기재정정]단일판매ㆍ공급계약체결              (+5) | 단일판매ㆍ공급계약체결              (+5) | 단일판매ㆍ공급계약체결              (+5),,2026-08-31: [기재정정]단일판매ㆍ공급계약체결               | 2026-08-31: 대규모기업집단현황공시[분기별공시(개별회사용)] | 2026-08-31: 단일판매ㆍ공급계약체결               | 2026-08-28: 기타경영사항(자율공시)               | 2026-08-14: 반기보고서 (2026.06),11
메타랩스,090370,15,OK,,[기재정정]회사합병결정(종속회사의주요경영사항)              (+3) | [기재정정]주요사항보고서(회사합병결정)(+3) | [첨부정정]주요사항보고서(회사합병결정)(+3) | 회사합병결정(종속회사의주요경영사항)              (+3) | 주요사항보고서(회사합병결정)(+3),,2026-08-28: [기재정정]회사합병결정(종속회사의주요경영사항)               | 2026-08-28: [기재정정]주요사항보고서(회사합병결정) | 2026-08-13: 반기보고서 (2026.06) | 2026-08-07: 임원ㆍ주요주주특정증권등소유상황보고서 | 2026-08-04: [첨부정정]주요사항보고서(회사합병결정),8
링크솔루션,474650,15,OK,,단일판매ㆍ공급계약체결              (+5) | [기재정정]단일판매ㆍ공급계약체결(자율공시)              (+5) | 단일판매ㆍ공급계약체결(자율공시)              (+5),,2026-08-31: 단일판매ㆍ공급계약체결               | 2026-08-25: [기재정정]단일판매ㆍ공급계약체결(자율공시)               | 2026-08-25: 단일판매ㆍ공급계약체결(자율공시)               | 2026-08-14: 반기보고서 (2026.06),4
삼성E&A,028050,15,OK,,[기재정정]단일판매ㆍ공급계약체결              (+5) | [기재정정]단일판매ㆍ공급계약체결              (+5) | [기재정정]단일판매ㆍ공급계약체결              (+5),,2026-09-01: 최대주주등소유주식변동신고서               | 2026-08-31: [기재정정]단일판매ㆍ공급계약체결               | 2026-08-31: 대규모기업집단현황공시[분기별공시(개별회사용)] | 2026-08-28: 기업설명회(IR)개최(안내공시)               | 2026-08-19: [기재정정]단일판매ㆍ공급계약체결              ,10
금화피에스시,036190,15,OK,,[기재정정]단일판매ㆍ공급계약체결              (+5) | 단일판매ㆍ공급계약체결(자율공시)              (+5) | [기재정정]단일판매ㆍ공급계약체결              (+5),,2026-08-31: [기재정정]단일판매ㆍ공급계약체결               | 2026-08-26: 단일판매ㆍ공급계약체결(자율공시)               | 2026-08-13: 반기보고서 (2026.06) | 2026-08-07: [기재정정]단일판매ㆍ공급계약체결              ,4
수산인더스트리,126720,15,OK,,[기재정정]단일판매ㆍ공급계약체결              (+5) | [기재정정]단일판매ㆍ공급계약체결              (+5) | [기재정정]단일판매ㆍ공급계약체결              (+5),,2026-09-01: [기재정정]단일판매ㆍ공급계약체결               | 2026-09-01: [기재정정]단일판매ㆍ공급계약체결               | 2026-08-14: 반기보고서 (2026.06) | 2026-08-07: [기재정정]단일판매ㆍ공급계약체결              ,4
현대건설,000720,18,OK,,[기재정정]단일판매ㆍ공급계약체결              (+5) | 회사합병결정(종속회사의주요경영사항)              (+3) | [기재정정]단일판매ㆍ공급계약체결              (+5) | [기재정정]단일판매ㆍ공급계약체결              (+5),,2026-09-01: 임원ㆍ주요주주특정증권등소유상황보고서 | 2026-08-31: 기업설명회(IR)개최(안내공시)               | 2026-08-31: 기업설명회(IR)개최(안내공시)               | 2026-08-31: 기업설명회(IR)개최(안내공시)               | 2026-08-31: [기재정정]단일판매ㆍ공급계약체결              ,23
현대지에프홀딩스,005440,18,OK,,연결재무제표기준영업(잠정)실적(공정공시)              (+3) | 주요사항보고서(자기주식취득결정)(+5) | 주식소각결정(자회사의 주요경영사항)              (+5) | 주요사항보고서(자기주식취득결정)(자회사의 주요경영사항)              (+5),,2026-08-28: 대규모기업집단현황공시[분기별공시(대표회사용)] | 2026-08-25: 기업설명회(IR)개최(안내공시)               | 2026-08-20: 기업설명회(IR)개최(안내공시)               | 2026-08-14: 반기보고서 (2026.06) | 2026-08-14: [기재정정]사업보고서 (2025.12),18
원일티엔아이,136150,20,OK,,[기재정정]단일판매ㆍ공급계약체결              (+5) | 단일판매ㆍ공급계약체결              (+5) | [기재정정]단일판매ㆍ공급계약체결              (+5) | 단일판매ㆍ공급계약체결              (+5),,2026-08-28: [기재정정]단일판매ㆍ공급계약체결               | 2026-08-24: 단일판매ㆍ공급계약체결               | 2026-08-19: [기재정정]단일판매ㆍ공급계약체결               | 2026-08-18: 단일판매ㆍ공급계약체결               | 2026-08-14: 반기보고서 (2026.06),5
계룡건설산업,013580,20,OK,,단일판매ㆍ공급계약체결              (+5) | [기재정정]단일판매ㆍ공급계약체결              (+5) | [기재정정]단일판매ㆍ공급계약체결              (+5) | [기재정정]단일판매ㆍ공급계약체결              (+5),,2026-08-14: 반기보고서 (2026.06) | 2026-08-12: 단일판매ㆍ공급계약체결               | 2026-08-10: [기재정정]단일판매ㆍ공급계약체결               | 2026-08-05: [기재정정]단일판매ㆍ공급계약체결               | 2026-08-04: [기재정정]단일판매ㆍ공급계약체결              ,5
자이에스앤디,317400,20,OK,,[기재정정]단일판매ㆍ공급계약체결              (+5) | 단일판매ㆍ공급계약체결              (+5) | [기재정정]단일판매ㆍ공급계약체결              (+5) | 단일판매ㆍ공급계약체결              (+5),,2026-08-28: 대규모기업집단현황공시[분기별공시(개별회사용)] | 2026-08-28: 기업설명회(IR)개최(안내공시)               | 2026-08-28: [기재정정]단일판매ㆍ공급계약체결               | 2026-08-28: 단일판매ㆍ공급계약체결               | 2026-08-14: 반기보고서 (2026.06),8
우진아이엔에스,010400,20,OK,,[기재정정]단일판매ㆍ공급계약체결              (+5) | [기재정정]단일판매ㆍ공급계약체결              (+5) | 단일판매ㆍ공급계약체결              (+5) | 단일판매ㆍ공급계약체결              (+5),,2026-09-01: 타법인주식및출자증권처분결정               | 2026-08-31: 임원ㆍ주요주주특정증권등거래계획보고서 | 2026-08-31: 임원ㆍ주요주주특정증권등거래계획보고서 | 2026-08-27: [기재정정]단일판매ㆍ공급계약체결               | 2026-08-21: [기재정정]단일판매ㆍ공급계약체결              ,10
세진티에스,067770,20,OK,,[기재정정]주요사항보고서(자기주식취득결정)(+5) | 주요사항보고서(자기주식취득결정)(+5) | [기재정정]주요사항보고서(자기주식취득결정)(+5) | 주요사항보고서(자기주식취득결정)(+5),,2026-08-31: [기재정정]주요사항보고서(자기주식취득결정) | 2026-08-31: 주요사항보고서(자기주식취득결정) | 2026-08-28: [기재정정]자기주식취득결과보고서 | 2026-08-27: [기재정정]주요사항보고서(자기주식취득결정) | 2026-08-25: 주요사항보고서(자기주식취득결정),8
HL홀딩스,060980,20,OK,,[기재정정]단일판매ㆍ공급계약체결(자회사의 주요경영사항)              (+5) | [기재정정]단일판매ㆍ공급계약체결(자회사의 주요경영사항)              (+5) | 주식소각결정              (+5) | [기재정정]단일판매ㆍ공급계약체결(자회사의 주요경영사항)              (+5),,2026-08-28: 대규모기업집단현황공시[분기별공시(대표회사용)] | 2026-08-27: [기재정정]단일판매ㆍ공급계약체결(자회사의 주요경영사항)               | 2026-08-24: [기재정정]단일판매ㆍ공급계약체결(자회사의 주요경영사항)               | 2026-08-19: 특수관계인에대한출자 | 2026-08-14: 반기보고서 (2026.06),14
HL D&I,014790,23,OK,,[기재정정]단일판매ㆍ공급계약체결              (+5) | [기재정정]단일판매ㆍ공급계약체결(자율공시)              (+5) | [기재정정]단일판매ㆍ공급계약체결              (+5) | 연결재무제표기준영업(잠정)실적(공정공시)              (+3) | [기재정정]단일판매ㆍ공급계약체결              (+5),,2026-08-31: 대규모기업집단현황공시[분기별공시(개별회사용)] | 2026-08-27: [기재정정]단일판매ㆍ공급계약체결               | 2026-08-25: [기재정정]단일판매ㆍ공급계약체결(자율공시)               | 2026-08-24: [기재정정]단일판매ㆍ공급계약체결               | 2026-08-13: 기업설명회(IR)개최(안내공시)              ,10
한국카본,017960,24,OK,,[첨부정정]주요사항보고서(회사합병결정)(+3) | [첨부정정]주요사항보고서(회사합병결정)(+3) | [첨부정정]주요사항보고서(회사합병결정)(+3) | [첨부정정]주요사항보고서(회사합병결정)(+3) | 주요사항보고서(회사합병결정)(+3),,2026-08-18: [첨부정정]주요사항보고서(회사합병결정) | 2026-08-18: [첨부정정]주요사항보고서(회사합병결정) | 2026-08-18: [첨부정정]주요사항보고서(회사합병결정) | 2026-08-18: [첨부정정]주요사항보고서(회사합병결정) | 2026-08-14: 주주명부폐쇄기간또는기준일설정              ,10
한신공영,004960,25,OK,,단일판매ㆍ공급계약체결              (+5) | [기재정정]단일판매ㆍ공급계약체결              (+5) | [기재정정]단일판매ㆍ공급계약체결              (+5) | [기재정정]단일판매ㆍ공급계약체결              (+5) | [기재정정]단일판매ㆍ공급계약체결              (+5),,2026-08-31: 단일판매ㆍ공급계약체결               | 2026-08-28: [기재정정]단일판매ㆍ공급계약체결               | 2026-08-28: [기재정정]단일판매ㆍ공급계약체결               | 2026-08-25: [기재정정]단일판매ㆍ공급계약체결               | 2026-08-14: 반기보고서 (2026.06),7
스피어,347700,25,🚨 YES,유상증자결정(종속회사의주요경영사항)              ,[기재정정]단일판매ㆍ공급계약체결              (+5) | [기재정정]단일판매ㆍ공급계약체결              (+5) | [기재정정]단일판매ㆍ공급계약체결              (+5) | [기재정정]단일판매ㆍ공급계약체결              (+5) | [기재정정]단일판매ㆍ공급계약체결              (+5),유상증자결정(종속회사의주요경영사항)              (-15),2026-09-01: [기재정정]단일판매ㆍ공급계약체결               | 2026-09-01: [기재정정]단일판매ㆍ공급계약체결               | 2026-08-31: 기업설명회(IR)개최               | 2026-08-25: 기업설명회(IR)개최               | 2026-08-20: 기업설명회(IR)개최              ,15
DL이앤씨,375500,25,OK,,[기재정정]단일판매ㆍ공급계약체결              (+5) | [기재정정]단일판매ㆍ공급계약체결              (+5) | [기재정정]단일판매ㆍ공급계약체결              (+5) | 단일판매ㆍ공급계약체결              (+5) | [기재정정]단일판매ㆍ공급계약체결              (+5),,2026-09-01: 기업설명회(IR)개최(안내공시)               | 2026-08-31: 대규모기업집단현황공시[분기별공시(개별회사용)] | 2026-08-27: [기재정정]단일판매ㆍ공급계약체결               | 2026-08-27: [기재정정]단일판매ㆍ공급계약체결               | 2026-08-25: [기재정정]단일판매ㆍ공급계약체결              ,11
두산퓨얼셀,336260,25,OK,,단일판매ㆍ공급계약체결              (+5) | 단일판매ㆍ공급계약체결              (+5) | 단일판매ㆍ공급계약체결              (+5) | 단일판매ㆍ공급계약체결              (+5) | 단일판매ㆍ공급계약체결              (+5),,2026-08-31: 대규모기업집단현황공시[분기별공시(개별회사용)] | 2026-08-14: 지급수단별ㆍ지급기간별지급금액및분쟁조정기구에관한사항 | 2026-08-13: 반기보고서 (2026.06) | 2026-08-12: 단일판매ㆍ공급계약체결               | 2026-08-12: 단일판매ㆍ공급계약체결              ,8
HD한국조선해양,009540,26,OK,,영업(잠정)실적(공정공시)              (+3) | 영업(잠정)실적(공정공시)(자회사의 주요경영사항)              (+3) | [기재정정]단일판매ㆍ공급계약체결(자회사의 주요경영사항)              (+5) | [기재정정]단일판매ㆍ공급계약체결(자회사의 주요경영사항)              (+5) | 단일판매ㆍ공급계약체결(자회사의 주요경영사항)              (+5),,2026-08-31: [기재정정]대규모기업집단현황공시[분기별공시(대표회사용)] | 2026-08-31: 중대재해발생(자회사의 주요경영사항)               | 2026-08-27: 영업(잠정)실적(공정공시)               | 2026-08-27: 영업(잠정)실적(공정공시)(자회사의 주요경영사항)               | 2026-08-27: 대규모기업집단현황공시[분기별공시(대표회사용)],13
DL,000210,28,OK,,[기재정정]단일판매ㆍ공급계약체결(자회사의 주요경영사항)              (+5) | [기재정정]단일판매ㆍ공급계약체결(자회사의 주요경영사항)              (+5) | [기재정정]단일판매ㆍ공급계약체결(자회사의 주요경영사항)              (+5) | 단일판매ㆍ공급계약체결(자회사의 주요경영사항)              (+5) | [기재정정]단일판매ㆍ공급계약체결(자회사의 주요경영사항)              (+5),,2026-09-01: 주식등의대량보유상황보고서(약식) | 2026-09-01: 임원ㆍ주요주주특정증권등소유상황보고서 | 2026-08-31: 대규모기업집단현황공시[분기별공시(대표회사용)] | 2026-08-27: [기재정정]단일판매ㆍ공급계약체결(자회사의 주요경영사항)               | 2026-08-27: [기재정정]단일판매ㆍ공급계약체결(자회사의 주요경영사항)              ,11
한전산업,130660,30,OK,,단일판매ㆍ공급계약체결              (+5) | [기재정정]단일판매ㆍ공급계약체결              (+5) | [기재정정]단일판매ㆍ공급계약체결              (+5) | [기재정정]단일판매ㆍ공급계약체결(자율공시)              (+5) | [기재정정]단일판매ㆍ공급계약체결(자율공시)              (+5),,2026-08-26: 단일판매ㆍ공급계약체결               | 2026-08-24: [기재정정]단일판매ㆍ공급계약체결               | 2026-08-21: [기재정정]단일판매ㆍ공급계약체결               | 2026-08-14: 반기보고서 (2026.06) | 2026-08-13: [기재정정]단일판매ㆍ공급계약체결(자율공시)              ,7
HJ중공업,097230,30,OK,,[기재정정]단일판매ㆍ공급계약체결              (+5) | [기재정정]단일판매ㆍ공급계약체결              (+5) | 단일판매ㆍ공급계약체결              (+5) | [기재정정]단일판매ㆍ공급계약체결              (+5) | [기재정정]단일판매ㆍ공급계약체결              (+5),,2026-09-01: [기재정정]단일판매ㆍ공급계약체결               | 2026-08-20: [기재정정]단일판매ㆍ공급계약체결               | 2026-08-18: 단일판매ㆍ공급계약체결               | 2026-08-12: 반기보고서 (2026.06) | 2026-08-12: 투자판단관련주요경영사항              ,10
삼호개발,010960,30,OK,,[기재정정]단일판매ㆍ공급계약체결(자율공시)              (+5) | [기재정정]단일판매ㆍ공급계약체결              (+5) | [기재정정]단일판매ㆍ공급계약체결              (+5) | [기재정정]단일판매ㆍ공급계약체결              (+5) | [기재정정]단일판매ㆍ공급계약체결              (+5),,2026-08-31: [기재정정]단일판매ㆍ공급계약체결(자율공시)               | 2026-08-31: [기재정정]단일판매ㆍ공급계약체결               | 2026-08-27: [기재정정]단일판매ㆍ공급계약체결               | 2026-08-21: [기재정정]단일판매ㆍ공급계약체결               | 2026-08-18: [기재정정]단일판매ㆍ공급계약체결              ,7
금호건설,002990,35,OK,,[기재정정]단일판매ㆍ공급계약체결              (+5) | [기재정정]단일판매ㆍ공급계약체결              (+5) | [기재정정]단일판매ㆍ공급계약체결              (+5) | [기재정정]단일판매ㆍ공급계약체결              (+5) | [기재정정]단일판매ㆍ공급계약체결              (+5),,2026-09-01: [기재정정]단일판매ㆍ공급계약체결               | 2026-08-26: [기재정정]단일판매ㆍ공급계약체결               | 2026-08-25: 타인에대한채무보증결정               | 2026-08-21: [기재정정]단일판매ㆍ공급계약체결               | 2026-08-14: [기재정정]단일판매ㆍ공급계약체결              ,10
코오롱,002020,35,OK,,[기재정정]단일판매ㆍ공급계약체결(자회사의 주요경영사항)              (+5) | [기재정정]단일판매ㆍ공급계약체결(자회사의 주요경영사항)              (+5) | [기재정정]단일판매ㆍ공급계약체결(자회사의 주요경영사항)              (+5) | [기재정정]단일판매ㆍ공급계약체결(자회사의 주요경영사항)              (+5) | [기재정정]단일판매ㆍ공급계약체결(자회사의 주요경영사항)              (+5),[기재정정]주요사항보고서(자기주식처분결정)(자회사의 주요경영사항)              (-10),2026-08-31: [기재정정]단일판매ㆍ공급계약체결(자회사의 주요경영사항)               | 2026-08-31: [기재정정]단일판매ㆍ공급계약체결(자회사의 주요경영사항)               | 2026-08-31: [기재정정]주요사항보고서(자기주식처분결정)(자회사의 주요경영사항)               | 2026-08-31: 중대재해발생(자회사의 주요경영사항)               | 2026-08-26: 대규모기업집단현황공시[분기별공시(대표회사용)],22
코오롱글로벌,003070,38,OK,,[기재정정]단일판매ㆍ공급계약체결              (+5) | [기재정정]단일판매ㆍ공급계약체결              (+5) | [기재정정]단일판매ㆍ공급계약체결              (+5) | [기재정정]단일판매ㆍ공급계약체결              (+5) | [기재정정]단일판매ㆍ공급계약체결              (+5),[기재정정]주요사항보고서(자기주식처분결정)(-10),2026-08-31: [기재정정]단일판매ㆍ공급계약체결               | 2026-08-31: [기재정정]단일판매ㆍ공급계약체결               | 2026-08-31: [기재정정]주요사항보고서(자기주식처분결정) | 2026-08-31: 중대재해발생               | 2026-08-28: 최대주주등소유주식변동신고서              ,25
IPARK현대산업개발,294870,40,OK,,[기재정정]단일판매ㆍ공급계약체결              (+5) | [기재정정]단일판매ㆍ공급계약체결              (+5) | [기재정정]단일판매ㆍ공급계약체결              (+5) | [기재정정]단일판매ㆍ공급계약체결              (+5) | 단일판매ㆍ공급계약체결              (+5),,2026-09-01: [기재정정]단일판매ㆍ공급계약체결               | 2026-08-31: 투자판단관련주요경영사항               | 2026-08-28: 대규모기업집단현황공시[분기별공시(개별회사용)] | 2026-08-21: [기재정정]단일판매ㆍ공급계약체결               | 2026-08-21: [기재정정]단일판매ㆍ공급계약체결              ,18
대우건설,047040,43,OK,,단일판매ㆍ공급계약체결              (+5) | [기재정정]단일판매ㆍ공급계약체결              (+5) | 단일판매ㆍ공급계약체결              (+5) | [기재정정]단일판매ㆍ공급계약체결              (+5) | [기재정정]단일판매ㆍ공급계약체결              (+5),,2026-09-01: 단일판매ㆍ공급계약체결               | 2026-08-31: [기재정정]단일판매ㆍ공급계약체결               | 2026-08-28: 단일판매ㆍ공급계약체결               | 2026-08-27: 대규모기업집단현황공시[분기별공시(개별회사용)] | 2026-08-26: [기재정정]단일판매ㆍ공급계약체결              ,22
HDC,012630,43,OK,,[기재정정]단일판매ㆍ공급계약체결(자회사의 주요경영사항)              (+5) | [기재정정]단일판매ㆍ공급계약체결(자회사의 주요경영사항)              (+5) | [기재정정]단일판매ㆍ공급계약체결(자회사의 주요경영사항)              (+5) | [기재정정]단일판매ㆍ공급계약체결(자회사의 주요경영사항)              (+5) | 단일판매ㆍ공급계약체결(자회사의 주요경영사항)              (+5),,2026-09-01: [기재정정]단일판매ㆍ공급계약체결(자회사의 주요경영사항)               | 2026-08-31: 투자판단관련주요경영사항(자회사의 주요경영사항)               | 2026-08-28: [기재정정]회생절차개시결정               | 2026-08-27: 대규모기업집단현황공시[분기별공시(대표회사용)] | 2026-08-26: 주식등의대량보유상황보고서(약식),21
동아지질,028100,50,OK,,[기재정정]단일판매ㆍ공급계약체결              (+5) | [기재정정]단일판매ㆍ공급계약체결              (+5) | [기재정정]단일판매ㆍ공급계약체결              (+5) | [기재정정]단일판매ㆍ공급계약체결              (+5) | [기재정정]단일판매ㆍ공급계약체결              (+5),,2026-09-01: [기재정정]단일판매ㆍ공급계약체결               | 2026-08-31: [기재정정]단일판매ㆍ공급계약체결               | 2026-08-31: [기재정정]단일판매ㆍ공급계약체결               | 2026-08-28: [기재정정]단일판매ㆍ공급계약체결               | 2026-08-28: [기재정정]단일판매ㆍ공급계약체결              ,11
